run_0,run_1,run_2,run_3,run_4,run_5,run_6,run_7,run_8,run_9,run_10,run_11,run_12,run_13,run_14,run_15,run_16,run_17,run_18,run_19,run_20,run_21,run_22,run_23,run_24
1242.0,3683.0,2316.0,2188.0,2378.0,2882.0,3036.0,109.0,2299.0,2526.0,648.0,1867.0,3101.0,1714.0,1496.0,8.0,627.0,2543.0,1403.0,3355.0,447.0,2732.0,798.0,3282.0,1277.0
1581.0,2576.0,2444.0,1151.0,772.0,2992.0,2604.0,2940.0,2099.0,580.0,2921.0,1204.0,1870.0,18.0,137.0,1279.0,2686.0,3835.0,2802.0,1645.0,2428.0,1843.0,425.0,932.0,3078.0
2487.0,1584.0,2303.0,719.0,476.0,3390.0,3488.0,603.0,1274.0,3272.0,2064.0,1364.0,362.0,1827.0,1223.0,3442.0,2304.0,2591.0,2739.0,2696.0,1346.0,351.0,196.0,1423.0,3368.0
3035.0,3772.0,1739.0,2704.0,1421.0,2791.0,313.0,1275.0,124.0,2325.0,3452.0,985.0,1881.0,230.0,2441.0,1065.0,1470.0,2905.0,3207.0,3410.0,3212.0,258.0,912.0,786.0,2220.0
2628.0,2776.0,1732.0,173.0,1229.0,2835.0,2198.0,3163.0,3084.0,104.0,912.0,162.0,2448.0,3092.0,2614.0,1093.0,3416.0,805.0,1421.0,2537.0,2995.0,1362.0,2940.0,152.0,641.0
502.0,3201.0,964.0,3566.0,1725.0,3361.0,1700.0,2954.0,557.0,863.0,2603.0,2658.0,2922.0,3610.0,2812.0,1217.0,1085.0,3702.0,1196.0,1099.0,1676.0,715.0,711.0,2616.0,1133.0
2600.0,3020.0,3485.0,1756.0,491.0,1071.0,102.0,1942.0,790.0,663.0,1156.0,3209.0,2347.0,1022.0,2351.0,2824.0,3334.0,3794.0,3619.0,1560.0,644.0,3208.0,3225.0,1120.0,1621.0
88.0,2744.0,3656.0,1958.0,2343.0,3771.0,739.0,653.0,1853.0,1953.0,2728.0,2798.0,433.0,2385.0,511.0,3091.0,3207.0,1004.0,1159.0,274.0,2683.0,2613.0,3357.0,631.0,131.0
2367.0,994.0,294.0,2553.0,1490.0,3488.0,2566.0,668.0,1377.0,225.0,1003.0,1278.0,791.0,3464.0,2610.0,3590.0,1472.0,1805.0,1694.0,2325.0,1907.0,1070.0,1357.0,183.0,302.0
2992.0,3054.0,1873.0,1992.0,1171.0,1271.0,3638.0,2905.0,3463.0,1074.0,2683.0,1391.0,231.0,3130.0,3817.0,804.0,2401.0,3074.0,949.0,1527.0,989.0,430.0,3785.0,1305.0,3432.0
2904.0,2278.0,673.0,2660.0,292.0,2551.0,1554.0,3074.0,1639.0,3751.0,673.0,83.0,2970.0,120.0,29.0,807.0,3365.0,666.0,121.0,1096.0,2505.0,964.0,306.0,1888.0,3099.0
2025.0,3715.0,3093.0,717.0,315.0,2420.0,2859.0,2540.0,3031.0,3586.0,2472.0,826.0,1596.0,2584.0,,1806.0,1627.0,3466.0,2012.0,1710.0,807.0,866.0,1776.0,2858.0,118.0
3613.0,1397.0,1095.0,1531.0,1850.0,676.0,3341.0,2249.0,1483.0,3636.0,221.0,1663.0,767.0,3341.0,,2505.0,838.0,3543.0,3239.0,229.0,3231.0,2242.0,1640.0,3265.0,2542.0
1954.0,3581.0,1041.0,2132.0,738.0,2498.0,238.0,3106.0,3332.0,1955.0,429.0,2618.0,2401.0,2859.0,,60.0,2808.0,752.0,2077.0,2316.0,2811.0,1399.0,2931.0,392.0,3143.0
3548.0,306.0,1771.0,2747.0,2550.0,961.0,1419.0,3220.0,3457.0,2884.0,2451.0,664.0,211.0,3263.0,,3477.0,3501.0,3523.0,1766.0,2509.0,3477.0,781.0,2050.0,1887.0,1832.0
3699.0,1776.0,2695.0,3794.0,2581.0,437.0,120.0,172.0,2853.0,3120.0,2591.0,1207.0,264.0,2109.0,,3555.0,1190.0,1158.0,833.0,2542.0,1279.0,1597.0,2564.0,2200.0,474.0
274.0,798.0,3300.0,691.0,3596.0,601.0,2584.0,791.0,1045.0,2221.0,1731.0,1261.0,467.0,2760.0,,1317.0,986.0,757.0,3580.0,3143.0,1019.0,2606.0,598.0,2201.0,1710.0
756.0,1640.0,107.0,2740.0,2837.0,3226.0,230.0,790.0,3451.0,1727.0,1732.0,1635.0,750.0,1403.0,,3098.0,594.0,2235.0,961.0,2684.0,,2724.0,741.0,237.0,1824.0
1370.0,2931.0,219.0,2936.0,3626.0,3254.0,3263.0,2308.0,742.0,670.0,1041.0,1823.0,2846.0,2164.0,,451.0,1756.0,1200.0,1918.0,3524.0,,3612.0,1743.0,238.0,605.0
3150.0,2050.0,3576.0,578.0,304.0,0.0,2109.0,1767.0,45.0,3281.0,3066.0,1847.0,31.0,2500.0,,339.0,184.0,1269.0,1212.0,3099.0,,3313.0,2562.0,395.0,1099.0
1948.0,2564.0,2718.0,932.0,2442.0,1229.0,2760.0,1796.0,1402.0,715.0,3308.0,2134.0,751.0,428.0,,3020.0,2382.0,2545.0,198.0,1824.0,,2243.0,3481.0,1419.0,1096.0
2020.0,598.0,252.0,1854.0,3076.0,2760.0,1403.0,1933.0,1418.0,1770.0,2773.0,1515.0,2465.0,1666.0,,907.0,1337.0,800.0,1388.0,605.0,,249.0,1272.0,46.0,2509.0
1406.0,741.0,1069.0,623.0,3627.0,3100.0,2164.0,126.0,1887.0,671.0,169.0,1589.0,3168.0,3226.0,,1019.0,87.0,120.0,2157.0,118.0,,3566.0,591.0,1005.0,1093.0
3185.0,1743.0,1144.0,2402.0,317.0,304.0,2500.0,219.0,238.0,1934.0,1846.0,2486.0,1829.0,1554.0,,,1403.0,3324.0,2766.0,1832.0,,543.0,2953.0,1885.0,1852.0
3473.0,2562.0,2534.0,3417.0,2412.0,3076.0,428.0,724.0,1419.0,2194.0,3531.0,3245.0,2952.0,455.0,,,131.0,3623.0,3040.0,474.0,,1618.0,3287.0,1554.0,3510.0
647.0,3481.0,2573.0,1516.0,1620.0,1097.0,1666.0,789.0,46.0,3812.0,973.0,3599.0,798.0,1831.0,,,443.0,1886.0,3491.0,1093.0,,2701.0,2850.0,1402.0,2806.0
1744.0,1272.0,3181.0,1598.0,1974.0,2550.0,3226.0,3576.0,1005.0,993.0,1643.0,38.0,1397.0,3467.0,,,2246.0,1403.0,3589.0,641.0,,584.0,879.0,1418.0,229.0
2051.0,591.0,3541.0,122.0,2463.0,292.0,455.0,2169.0,1885.0,1051.0,1841.0,276.0,2842.0,2032.0,,,3485.0,1534.0,629.0,1852.0,,2546.0,802.0,2165.0,1790.0
2068.0,2953.0,1311.0,2087.0,565.0,315.0,1831.0,3538.0,631.0,2556.0,3602.0,964.0,1730.0,3270.0,,,3664.0,2014.0,1555.0,3510.0,,3571.0,2043.0,2585.0,2316.0
3151.0,3287.0,193.0,3548.0,1097.0,1850.0,3467.0,2354.0,1888.0,2609.0,73.0,2724.0,306.0,3466.0,,,2919.0,2278.0,3306.0,2806.0,,654.0,742.0,2859.0,3062.0
776.0,2850.0,973.0,547.0,729.0,738.0,2032.0,1276.0,2858.0,2882.0,1704.0,1305.0,1906.0,1273.0,,,187.0,2315.0,3585.0,1790.0,,1786.0,562.0,45.0,3525.0
971.0,879.0,3602.0,2928.0,809.0,2581.0,3270.0,2248.0,3265.0,2850.0,1987.0,2008.0,3482.0,1804.0,,,361.0,2511.0,3338.0,3062.0,,3073.0,563.0,959.0,2513.0
1371.0,802.0,2772.0,2282.0,1724.0,3596.0,3466.0,350.0,392.0,1148.0,2369.0,3073.0,3287.0,2575.0,,,140.0,2623.0,3475.0,3525.0,,2373.0,799.0,3341.0,2684.0
1257.0,2043.0,214.0,366.0,2038.0,2837.0,1273.0,788.0,2200.0,2425.0,2680.0,59.0,831.0,2677.0,,,1740.0,2925.0,29.0,2513.0,,3127.0,1404.0,3457.0,2733.0
394.0,742.0,353.0,393.0,2084.0,3626.0,1804.0,3221.0,2201.0,2855.0,2772.0,726.0,1776.0,3256.0,,,1742.0,3316.0,341.0,2733.0,,2189.0,2919.0,2199.0,3524.0
1829.0,562.0,1938.0,1025.0,2093.0,2442.0,2575.0,1042.0,2616.0,446.0,3004.0,716.0,488.0,3479.0,,,2517.0,1405.0,1425.0,3743.0,,3132.0,1248.0,1248.0,3743.0
2952.0,563.0,63.0,2068.0,2479.0,3627.0,2677.0,201.0,237.0,1510.0,3398.0,1334.0,2015.0,2165.0,,,2656.0,2139.0,1547.0,10.0,,868.0,2044.0,2044.0,10.0
798.0,799.0,65.0,2290.0,2503.0,317.0,3256.0,1155.0,395.0,2407.0,76.0,1687.0,2843.0,2585.0,,,2702.0,722.0,2160.0,90.0,,869.0,3175.0,1045.0,90.0
1397.0,1404.0,169.0,2429.0,739.0,2412.0,3479.0,3096.0,1554.0,2679.0,434.0,3171.0,1272.0,959.0,,,156.0,2298.0,3478.0,830.0,,877.0,3467.0,1160.0,830.0
2842.0,2919.0,256.0,2757.0,1494.0,1620.0,2165.0,996.0,2165.0,3208.0,995.0,3233.0,2850.0,392.0,,,1265.0,2414.0,882.0,1092.0,,1629.0,128.0,1405.0,1092.0
1730.0,1248.0,715.0,3196.0,1637.0,1974.0,2585.0,2170.0,2585.0,63.0,1210.0,1928.0,2919.0,2200.0,,,3354.0,3540.0,227.0,2243.0,,1772.0,282.0,2164.0,2243.0
306.0,2044.0,1360.0,3412.0,1791.0,2463.0,959.0,3505.0,2859.0,214.0,3520.0,2373.0,487.0,1888.0,,,571.0,484.0,1103.0,2343.0,,2174.0,1906.0,2202.0,2343.0
1906.0,3175.0,2428.0,3613.0,2419.0,565.0,392.0,507.0,959.0,252.0,3397.0,525.0,571.0,2858.0,,,763.0,700.0,1194.0,2784.0,,3774.0,1958.0,2564.0,2784.0
3482.0,3467.0,2726.0,3795.0,2526.0,729.0,2200.0,2718.0,3341.0,3541.0,3600.0,1845.0,2544.0,3265.0,,,983.0,1359.0,2813.0,2815.0,,2515.0,2021.0,2583.0,2815.0
3287.0,128.0,3397.0,143.0,3181.0,809.0,1888.0,3426.0,2199.0,1311.0,2676.0,2266.0,2955.0,731.0,,,1097.0,2033.0,3554.0,3049.0,,26.0,3080.0,598.0,3049.0
831.0,282.0,671.0,466.0,561.0,1724.0,2858.0,211.0,1248.0,193.0,405.0,2431.0,3709.0,1118.0,,,1105.0,2198.0,1316.0,3065.0,,153.0,3482.0,741.0,3065.0
1776.0,1906.0,1600.0,1176.0,1459.0,2038.0,3265.0,577.0,2044.0,973.0,1938.0,877.0,591.0,1006.0,,,2041.0,2264.0,2812.0,3280.0,,3599.0,708.0,1483.0,3280.0
488.0,1958.0,2873.0,1909.0,1842.0,2084.0,731.0,632.0,1160.0,3602.0,65.0,1398.0,879.0,631.0,,,2231.0,2312.0,,3514.0,,1107.0,695.0,2562.0,3514.0
2015.0,2021.0,3292.0,2253.0,1568.0,2093.0,1118.0,1044.0,1405.0,2772.0,2726.0,1486.0,2953.0,1887.0,,,2690.0,2677.0,,526.0,,2080.0,831.0,365.0,526.0
2843.0,3080.0,534.0,2331.0,2531.0,2479.0,1006.0,151.0,2164.0,353.0,3289.0,1629.0,2965.0,2201.0,,,3614.0,3715.0,,1673.0,,2955.0,1273.0,1293.0,1673.0
1272.0,3482.0,2851.0,3.0,3256.0,2503.0,631.0,684.0,2202.0,1938.0,1562.0,1818.0,210.0,2616.0,,,3705.0,3333.0,,1711.0,,3047.0,1935.0,1814.0,1711.0
2850.0,708.0,2471.0,285.0,3465.0,739.0,1887.0,1523.0,2564.0,65.0,3292.0,2102.0,800.0,237.0,,,213.0,2015.0,,2049.0,,276.0,3057.0,3128.0,2049.0
2919.0,695.0,1083.0,663.0,3595.0,1494.0,2201.0,199.0,2583.0,169.0,2707.0,2522.0,802.0,238.0,,,1091.0,230.0,,3020.0,,664.0,3203.0,636.0,3020.0
487.0,831.0,1511.0,674.0,3679.0,1637.0,2616.0,1075.0,598.0,256.0,742.0,3159.0,3501.0,395.0,,,210.0,1178.0,,3073.0,,956.0,680.0,917.0,3073.0
571.0,1273.0,1611.0,733.0,2611.0,1791.0,237.0,769.0,741.0,1360.0,193.0,3246.0,3275.0,1419.0,,,306.0,2918.0,,962.0,,2064.0,428.0,1159.0,962.0
2544.0,1935.0,1826.0,934.0,925.0,2419.0,395.0,1583.0,2562.0,2428.0,695.0,3512.0,1403.0,46.0,,,3242.0,3460.0,,1971.0,,2173.0,1382.0,2690.0,1971.0
2955.0,3057.0,2194.0,1243.0,961.0,2526.0,46.0,2507.0,365.0,2726.0,2863.0,3583.0,1846.0,1005.0,,,3467.0,699.0,,2413.0,,2378.0,1397.0,2109.0,2413.0
3709.0,3203.0,2720.0,1246.0,1077.0,3181.0,1005.0,3470.0,1293.0,3397.0,921.0,999.0,2472.0,1885.0,,,134.0,3487.0,,3495.0,,2460.0,2556.0,3003.0,3495.0
591.0,680.0,2945.0,1290.0,1198.0,561.0,1885.0,3086.0,1814.0,1600.0,1705.0,2711.0,429.0,1402.0,,,593.0,2279.0,,1073.0,,2502.0,775.0,344.0,1073.0
879.0,428.0,3318.0,1440.0,488.0,1459.0,1402.0,34.0,3128.0,2873.0,2915.0,2874.0,643.0,1418.0,,,748.0,5.0,,1129.0,,2718.0,571.0,2613.0,1129.0
2953.0,1382.0,3418.0,1625.0,1041.0,1842.0,1418.0,146.0,636.0,3292.0,682.0,21.0,734.0,45.0,,,1427.0,1287.0,,2080.0,,3379.0,763.0,120.0,2080.0
2965.0,2556.0,64.0,1954.0,2549.0,1568.0,45.0,573.0,917.0,534.0,2185.0,500.0,1804.0,3457.0,,,2336.0,1445.0,,3108.0,,1102.0,1829.0,2372.0,3108.0
210.0,775.0,117.0,2114.0,0.0,2531.0,3457.0,669.0,1159.0,2851.0,2842.0,1471.0,2769.0,2199.0,,,2635.0,412.0,,827.0,,1261.0,2952.0,2751.0,827.0
800.0,571.0,367.0,2910.0,996.0,3256.0,2199.0,930.0,2690.0,2471.0,3447.0,3206.0,3132.0,1248.0,,,1886.0,72.0,,2174.0,,2008.0,2842.0,3285.0,2174.0
802.0,763.0,2118.0,3104.0,1667.0,3465.0,1248.0,945.0,2109.0,1083.0,536.0,2036.0,1640.0,2044.0,,,3017.0,654.0,,3553.0,,2116.0,1730.0,3461.0,3553.0
3501.0,1829.0,2224.0,3343.0,1874.0,3595.0,2044.0,1094.0,3003.0,1511.0,1017.0,2233.0,1841.0,1045.0,,,128.0,892.0,,3413.0,,2823.0,488.0,1886.0,3413.0
3275.0,2952.0,3304.0,3586.0,2326.0,3679.0,1045.0,1095.0,344.0,1611.0,2608.0,2944.0,305.0,1160.0,,,320.0,1172.0,,2580.0,,201.0,2015.0,1957.0,2580.0
1403.0,2842.0,152.0,3636.0,2443.0,2611.0,1160.0,1106.0,2613.0,1826.0,3075.0,49.0,801.0,1405.0,,,780.0,1871.0,,139.0,,516.0,2843.0,731.0,139.0
1846.0,1730.0,648.0,3701.0,2578.0,925.0,1405.0,1130.0,120.0,2720.0,729.0,1976.0,2517.0,2202.0,,,1160.0,2644.0,,3338.0,,1260.0,487.0,1118.0,3338.0
2472.0,488.0,670.0,1194.0,3447.0,1077.0,2202.0,1139.0,2372.0,2945.0,252.0,55.0,2849.0,2564.0,,,1573.0,3073.0,,3552.0,,1751.0,2544.0,3185.0,3552.0
429.0,2015.0,993.0,1685.0,71.0,1198.0,2564.0,1375.0,2751.0,3318.0,344.0,224.0,3667.0,2583.0,,,1863.0,3259.0,,,,1988.0,2955.0,82.0,
643.0,2843.0,1704.0,2820.0,3453.0,488.0,2583.0,1849.0,3285.0,3418.0,1360.0,1673.0,3844.0,598.0,,,1906.0,3468.0,,,,218.0,3709.0,430.0,
734.0,487.0,2369.0,3277.0,3497.0,1041.0,598.0,1875.0,3461.0,64.0,2885.0,662.0,563.0,741.0,,,2043.0,3656.0,,,,556.0,2965.0,679.0,
1804.0,2544.0,2609.0,3410.0,897.0,2549.0,741.0,1911.0,1886.0,117.0,2990.0,3290.0,1061.0,1483.0,,,2117.0,138.0,,,,823.0,210.0,1296.0,
2769.0,2955.0,2676.0,244.0,965.0,996.0,1483.0,1956.0,1957.0,367.0,3328.0,2306.0,3066.0,2562.0,,,2452.0,3118.0,,,,1878.0,800.0,2021.0,
3132.0,3709.0,3004.0,606.0,1218.0,1667.0,2562.0,2440.0,731.0,2118.0,3522.0,1507.0,3308.0,365.0,,,2565.0,74.0,,,,3019.0,3501.0,2043.0,
1640.0,2965.0,3066.0,756.0,1621.0,1874.0,365.0,2515.0,1118.0,2224.0,3541.0,234.0,2773.0,1293.0,,,3378.0,585.0,,,,3325.0,3275.0,2452.0,
1841.0,210.0,3308.0,759.0,1709.0,2326.0,1293.0,2522.0,3185.0,3300.0,2471.0,1501.0,169.0,1814.0,,,322.0,846.0,,,,3559.0,1403.0,2844.0,
305.0,800.0,2773.0,914.0,1870.0,2443.0,1814.0,381.0,82.0,3304.0,159.0,1414.0,3531.0,3128.0,,,628.0,1250.0,,,,79.0,1846.0,3286.0,
801.0,3501.0,1846.0,1046.0,2024.0,2578.0,3128.0,565.0,430.0,152.0,165.0,1843.0,973.0,636.0,,,750.0,1390.0,,,,278.0,2472.0,3332.0,
2517.0,3275.0,3531.0,1253.0,2364.0,3447.0,636.0,621.0,679.0,648.0,291.0,870.0,1643.0,917.0,,,1444.0,2892.0,,,,414.0,429.0,587.0,
2849.0,1403.0,1643.0,1630.0,63.0,71.0,917.0,1148.0,1296.0,1041.0,672.0,1765.0,3602.0,1159.0,,,2406.0,3295.0,,,,1230.0,643.0,1729.0,
3667.0,1846.0,1841.0,1907.0,445.0,3453.0,1159.0,1191.0,2021.0,1095.0,1639.0,364.0,73.0,2690.0,,,2774.0,3657.0,,,,1334.0,734.0,2999.0,
3844.0,2472.0,73.0,2215.0,946.0,3497.0,2690.0,1216.0,2043.0,1704.0,1906.0,1891.0,1704.0,3003.0,,,3071.0,413.0,,,,2308.0,1804.0,3466.0,
563.0,429.0,1987.0,2462.0,2612.0,897.0,3003.0,1429.0,2452.0,2369.0,2023.0,2728.0,1987.0,344.0,,,1640.0,440.0,,,,1377.0,2769.0,3579.0,
1061.0,643.0,2680.0,3036.0,159.0,965.0,344.0,1874.0,2844.0,2676.0,3332.0,314.0,2369.0,2613.0,,,1776.0,573.0,,,,1767.0,3132.0,3825.0,
3066.0,734.0,3398.0,3222.0,211.0,1218.0,2613.0,2425.0,3286.0,3004.0,3451.0,1474.0,2680.0,2372.0,,,3158.0,863.0,,,,1787.0,1841.0,96.0,
3308.0,1804.0,76.0,3297.0,282.0,1621.0,2372.0,2578.0,587.0,3066.0,3482.0,1619.0,2772.0,2751.0,,,80.0,1155.0,,,,2395.0,305.0,1104.0,
2773.0,2769.0,434.0,3492.0,294.0,1709.0,2751.0,2855.0,1729.0,3308.0,1083.0,2049.0,3004.0,3285.0,,,251.0,1235.0,,,,2682.0,801.0,1454.0,
169.0,3132.0,995.0,3655.0,359.0,1870.0,3285.0,2495.0,2999.0,2773.0,2931.0,2599.0,3398.0,3461.0,,,337.0,1545.0,,,,152.0,2517.0,1804.0,
3531.0,1841.0,1210.0,3747.0,499.0,2024.0,3461.0,2622.0,3466.0,1846.0,2945.0,3112.0,76.0,1886.0,,,415.0,1991.0,,,,267.0,2849.0,2063.0,
973.0,305.0,3520.0,3751.0,515.0,2364.0,1886.0,416.0,3579.0,3531.0,3318.0,3402.0,434.0,1957.0,,,661.0,2102.0,,,,380.0,3667.0,2198.0,
1643.0,801.0,3600.0,3768.0,577.0,63.0,1957.0,1771.0,3825.0,1643.0,3418.0,3718.0,995.0,3185.0,,,1272.0,3000.0,,,,399.0,3844.0,1006.0,
3602.0,2517.0,405.0,44.0,581.0,445.0,3185.0,2124.0,96.0,1841.0,2252.0,2375.0,1210.0,82.0,,,1498.0,3169.0,,,,789.0,1061.0,562.0,
73.0,2849.0,3289.0,293.0,635.0,946.0,82.0,2693.0,1104.0,73.0,2297.0,127.0,3520.0,430.0,,,1550.0,3371.0,,,,922.0,3066.0,563.0,
1704.0,3667.0,1562.0,727.0,988.0,2612.0,430.0,3016.0,1454.0,1987.0,2725.0,540.0,3397.0,679.0,,,2252.0,3637.0,,,,999.0,3308.0,1158.0,
1987.0,3844.0,2472.0,852.0,1379.0,159.0,679.0,3376.0,1804.0,2680.0,117.0,1040.0,3600.0,1296.0,,,2725.0,3692.0,,,,1142.0,2773.0,1332.0,
2369.0,1061.0,2451.0,1135.0,1403.0,211.0,1296.0,33.0,2063.0,3398.0,831.0,1650.0,2676.0,2021.0,,,3118.0,477.0,,,,1234.0,169.0,1382.0,
2680.0,3066.0,2707.0,2119.0,1460.0,282.0,2021.0,1310.0,2198.0,76.0,1007.0,1865.0,405.0,2043.0,,,3465.0,576.0,,,,1486.0,3531.0,1404.0,
2772.0,3308.0,742.0,2122.0,1609.0,294.0,2043.0,1800.0,1006.0,434.0,2564.0,2793.0,1938.0,2452.0,,,25.0,761.0,,,,1503.0,973.0,1743.0,
3004.0,2773.0,695.0,2133.0,1723.0,359.0,2452.0,1992.0,562.0,995.0,3057.0,3156.0,65.0,2844.0,,,428.0,1173.0,,,,1572.0,1643.0,2825.0,
3398.0,169.0,2863.0,3377.0,2032.0,499.0,2844.0,2064.0,563.0,1210.0,3203.0,1043.0,2726.0,3286.0,,,562.0,2629.0,,,,1794.0,3602.0,3031.0,
76.0,3531.0,921.0,1620.0,2319.0,515.0,3286.0,2349.0,1158.0,3520.0,589.0,3723.0,3289.0,3332.0,,,563.0,2410.0,,,,2015.0,73.0,3273.0,
434.0,973.0,1705.0,2890.0,2614.0,577.0,3332.0,2817.0,1332.0,3600.0,711.0,917.0,1562.0,587.0,,,798.0,3705.0,,,,2102.0,1704.0,1688.0,
995.0,1643.0,2915.0,842.0,2810.0,581.0,587.0,2877.0,1382.0,405.0,1495.0,419.0,3292.0,1729.0,,,1023.0,649.0,,,,2522.0,1987.0,2089.0,
1210.0,3602.0,682.0,857.0,2873.0,635.0,1729.0,3330.0,1404.0,3289.0,48.0,2559.0,2451.0,2999.0,,,1158.0,1289.0,,,,2687.0,2369.0,2275.0,
3520.0,73.0,2185.0,1300.0,3039.0,988.0,2999.0,3659.0,1743.0,1562.0,152.0,349.0,2707.0,3579.0,,,1344.0,1348.0,,,,2696.0,2680.0,1265.0,
3397.0,1704.0,2842.0,1544.0,3372.0,1379.0,3579.0,133.0,2825.0,2472.0,598.0,402.0,742.0,3825.0,,,1404.0,1380.0,,,,2887.0,2772.0,182.0,
3600.0,1987.0,3447.0,2480.0,253.0,1403.0,3825.0,2561.0,3273.0,2451.0,741.0,407.0,193.0,96.0,,,1496.0,1455.0,,,,3068.0,3004.0,1413.0,
2676.0,2369.0,536.0,2569.0,1643.0,1460.0,96.0,3608.0,1688.0,2707.0,798.0,689.0,695.0,1104.0,,,1743.0,1549.0,,,,3159.0,3398.0,1566.0,
405.0,2680.0,1017.0,2593.0,3046.0,1609.0,1104.0,515.0,2089.0,742.0,799.0,832.0,2863.0,1454.0,,,2556.0,1634.0,,,,3246.0,76.0,3210.0,
1938.0,2772.0,2608.0,3443.0,3203.0,1723.0,1454.0,561.0,2275.0,695.0,993.0,1039.0,921.0,2063.0,,,2798.0,1692.0,,,,3583.0,434.0,3263.0,
65.0,3004.0,3075.0,3500.0,131.0,2032.0,2063.0,818.0,1265.0,2863.0,1023.0,1289.0,1705.0,2198.0,,,3273.0,1851.0,,,,83.0,995.0,6.0,
2726.0,3398.0,729.0,3687.0,221.0,2319.0,562.0,1459.0,182.0,921.0,1071.0,1292.0,2915.0,562.0,,,3398.0,2529.0,,,,381.0,1210.0,245.0,
3289.0,76.0,344.0,2145.0,337.0,2614.0,563.0,1609.0,1413.0,1705.0,1136.0,1381.0,682.0,563.0,,,3404.0,2555.0,,,,426.0,3520.0,1105.0,
1562.0,434.0,2885.0,161.0,534.0,2810.0,1158.0,1717.0,1566.0,2915.0,1309.0,1513.0,2185.0,1158.0,,,3481.0,2621.0,,,,736.0,3397.0,1303.0,
3292.0,995.0,2990.0,199.0,643.0,2873.0,1332.0,1990.0,3210.0,682.0,1332.0,1699.0,3447.0,1332.0,,,3821.0,2664.0,,,,1264.0,3600.0,1570.0,
2451.0,1210.0,3328.0,1276.0,902.0,3039.0,1382.0,2210.0,3263.0,2185.0,1344.0,1852.0,536.0,1382.0,,,1224.0,3245.0,,,,1429.0,2676.0,2394.0,
2707.0,3520.0,3522.0,2248.0,1804.0,3372.0,1404.0,2345.0,6.0,2842.0,1382.0,2255.0,1017.0,1404.0,,,2085.0,3782.0,,,,1529.0,405.0,2461.0,
742.0,3397.0,1156.0,350.0,2252.0,253.0,1743.0,2433.0,245.0,3447.0,1483.0,241.0,2608.0,1743.0,,,2300.0,15.0,,,,2425.0,1938.0,2464.0,
193.0,3600.0,159.0,788.0,2357.0,1643.0,2825.0,2444.0,1105.0,536.0,1743.0,385.0,3075.0,2825.0,,,2763.0,160.0,,,,2446.0,65.0,2544.0,
695.0,2676.0,165.0,3538.0,2451.0,3046.0,3031.0,2614.0,1303.0,1017.0,2562.0,1133.0,729.0,3031.0,,,50.0,382.0,,,,2618.0,2726.0,2620.0,
2863.0,405.0,291.0,3221.0,2514.0,3203.0,3273.0,2906.0,1570.0,2608.0,2609.0,1394.0,252.0,3273.0,,,409.0,762.0,,,,2715.0,3289.0,2760.0,
921.0,1938.0,672.0,1042.0,2579.0,131.0,1688.0,3279.0,2394.0,3075.0,3031.0,1457.0,344.0,1688.0,,,591.0,864.0,,,,2814.0,1562.0,3182.0,
1705.0,65.0,1639.0,2354.0,2591.0,221.0,2089.0,3660.0,2461.0,729.0,3273.0,1868.0,1360.0,2089.0,,,1447.0,1165.0,,,,3108.0,3292.0,2219.0,
2915.0,2726.0,1906.0,201.0,2603.0,337.0,2275.0,294.0,2464.0,344.0,3481.0,1869.0,2885.0,2275.0,,,1716.0,1422.0,,,,3441.0,2451.0,742.0,
682.0,3289.0,2023.0,1155.0,2607.0,476.0,1265.0,1329.0,2544.0,2885.0,3507.0,2460.0,2990.0,1265.0,,,2953.0,1437.0,,,,3824.0,2707.0,1983.0,
2185.0,1562.0,3332.0,3096.0,2677.0,534.0,182.0,1460.0,2620.0,2990.0,307.0,2567.0,3328.0,182.0,,,3532.0,2458.0,,,,5.0,193.0,2137.0,
3447.0,3292.0,3451.0,3576.0,3105.0,643.0,1413.0,1494.0,2760.0,3328.0,353.0,2797.0,3522.0,1413.0,,,357.0,2639.0,,,,402.0,2863.0,2931.0,
536.0,2451.0,3482.0,996.0,865.0,902.0,1566.0,2419.0,3182.0,3522.0,487.0,3506.0,3541.0,1566.0,,,991.0,3309.0,,,,1200.0,921.0,3264.0,
1017.0,2707.0,2931.0,2170.0,2082.0,1804.0,3210.0,2526.0,2219.0,1156.0,688.0,3643.0,1156.0,3210.0,,,1029.0,3454.0,,,,1289.0,1705.0,1211.0,
2608.0,193.0,221.0,3505.0,2551.0,2252.0,6.0,2823.0,1983.0,159.0,763.0,2571.0,2471.0,6.0,,,1235.0,3708.0,,,,1783.0,2915.0,1699.0,
3075.0,2863.0,429.0,507.0,107.0,2357.0,245.0,3372.0,2137.0,165.0,1117.0,3286.0,159.0,245.0,,,1239.0,1045.0,,,,2112.0,682.0,1977.0,
729.0,921.0,2252.0,2718.0,152.0,2451.0,1105.0,3540.0,2931.0,291.0,1311.0,3674.0,165.0,1105.0,,,1814.0,2212.0,,,,2401.0,2185.0,2035.0,
252.0,1705.0,2297.0,3426.0,173.0,2514.0,1303.0,3542.0,3264.0,672.0,1447.0,876.0,291.0,1303.0,,,1821.0,35.0,,,,2486.0,3447.0,2631.0,
344.0,2915.0,2591.0,211.0,1071.0,2579.0,1570.0,3780.0,1211.0,1639.0,1529.0,3312.0,672.0,1570.0,,,2846.0,378.0,,,,2529.0,536.0,268.0,
1360.0,682.0,2725.0,577.0,1095.0,2591.0,2394.0,64.0,1699.0,1906.0,1570.0,1894.0,1639.0,2394.0,,,3303.0,492.0,,,,2602.0,1017.0,1352.0,
2885.0,2185.0,831.0,632.0,1496.0,2603.0,2461.0,248.0,1977.0,2023.0,2016.0,1689.0,2023.0,2461.0,,,3371.0,883.0,,,,2985.0,2608.0,1409.0,
2990.0,3447.0,1007.0,1044.0,1666.0,2607.0,2464.0,1242.0,2035.0,3332.0,2171.0,433.0,3332.0,2464.0,,,599.0,1164.0,,,,3206.0,3075.0,1831.0,
3328.0,536.0,2564.0,151.0,2356.0,2677.0,2544.0,2151.0,2631.0,3451.0,2401.0,1308.0,3451.0,2544.0,,,2050.0,1469.0,,,,3245.0,729.0,2584.0,
3522.0,1017.0,3057.0,684.0,2556.0,3105.0,2620.0,2395.0,268.0,3482.0,2767.0,1352.0,1083.0,2620.0,,,3030.0,1736.0,,,,210.0,252.0,2681.0,
3541.0,2608.0,3203.0,1523.0,3273.0,865.0,3182.0,3097.0,1352.0,2931.0,2770.0,1409.0,2931.0,3182.0,,,388.0,2113.0,,,,620.0,344.0,2986.0,
1156.0,3075.0,589.0,2169.0,3321.0,2082.0,2219.0,3300.0,1409.0,221.0,27.0,1895.0,2945.0,2219.0,,,487.0,2225.0,,,,800.0,1360.0,3350.0,
2471.0,729.0,711.0,1075.0,3507.0,107.0,742.0,3317.0,1831.0,429.0,215.0,2681.0,3318.0,742.0,,,968.0,2359.0,,,,804.0,2885.0,3469.0,
159.0,252.0,1495.0,769.0,669.0,152.0,1983.0,138.0,2584.0,2252.0,256.0,2986.0,3418.0,1983.0,,,1159.0,2388.0,,,,1771.0,2990.0,530.0,
165.0,344.0,48.0,1583.0,991.0,173.0,2137.0,443.0,2681.0,2297.0,306.0,3496.0,221.0,2137.0,,,1351.0,3024.0,,,,262.0,3328.0,1247.0,
291.0,1360.0,598.0,2308.0,1197.0,1095.0,2931.0,902.0,2986.0,2591.0,445.0,3528.0,2252.0,2931.0,,,1570.0,3505.0,,,,271.0,3522.0,1403.0,
672.0,2885.0,741.0,2507.0,1262.0,1496.0,3264.0,1230.0,3350.0,2725.0,537.0,3538.0,2297.0,3264.0,,,1829.0,3608.0,,,,630.0,3541.0,1639.0,
1639.0,2990.0,798.0,3470.0,1911.0,1666.0,1211.0,1233.0,3469.0,831.0,715.0,3576.0,2591.0,1211.0,,,2952.0,3738.0,,,,1310.0,1156.0,1720.0,
2023.0,3328.0,799.0,172.0,2597.0,2356.0,1699.0,1463.0,530.0,1007.0,1069.0,2354.0,2725.0,1699.0,,,1397.0,3773.0,,,,1394.0,2471.0,2511.0,
3332.0,3522.0,1023.0,791.0,2638.0,2556.0,1977.0,1718.0,1247.0,2564.0,1248.0,1276.0,117.0,1977.0,,,2842.0,3754.0,,,,1433.0,159.0,2565.0,
3451.0,3541.0,1071.0,1796.0,2722.0,3273.0,2035.0,2427.0,1403.0,3057.0,1335.0,2248.0,1007.0,2035.0,,,1730.0,7.0,,,,1475.0,165.0,3080.0,
1083.0,1156.0,1136.0,3086.0,2838.0,3321.0,2631.0,2523.0,1720.0,3203.0,2044.0,350.0,2564.0,2631.0,,,3482.0,322.0,,,,1868.0,291.0,3301.0,
2931.0,2471.0,1309.0,34.0,2849.0,3507.0,268.0,3105.0,2511.0,589.0,2428.0,788.0,3057.0,268.0,,,3287.0,511.0,,,,1992.0,672.0,710.0,
2945.0,159.0,1332.0,146.0,3221.0,669.0,1352.0,3107.0,2565.0,711.0,2612.0,3221.0,3203.0,1352.0,,,831.0,528.0,,,,2324.0,1639.0,831.0,
3318.0,165.0,1344.0,219.0,3303.0,991.0,1409.0,3673.0,3080.0,1495.0,2762.0,1042.0,589.0,1409.0,,,488.0,705.0,,,,2327.0,2023.0,1377.0,
3418.0,291.0,1382.0,573.0,3667.0,1197.0,2681.0,3764.0,3301.0,48.0,3175.0,201.0,711.0,2681.0,,,2015.0,904.0,,,,2437.0,3332.0,2646.0,
221.0,672.0,1483.0,668.0,2478.0,1262.0,2986.0,97.0,710.0,598.0,3181.0,1155.0,1495.0,2986.0,,,2843.0,1261.0,,,,2817.0,3451.0,2666.0,
2252.0,1639.0,1743.0,669.0,3419.0,1911.0,3350.0,107.0,831.0,741.0,3219.0,3096.0,48.0,3350.0,,,2850.0,1329.0,,,,3330.0,1083.0,3283.0,
2297.0,2023.0,2562.0,724.0,214.0,2597.0,3469.0,435.0,2646.0,798.0,222.0,996.0,152.0,3469.0,,,2544.0,1697.0,,,,3845.0,2945.0,1272.0,
2591.0,3332.0,3031.0,789.0,1447.0,2638.0,530.0,913.0,2666.0,799.0,616.0,2170.0,598.0,530.0,,,2955.0,1789.0,,,,38.0,3318.0,2853.0,
2725.0,3451.0,3273.0,930.0,3075.0,2722.0,1247.0,993.0,3283.0,1023.0,1510.0,3505.0,648.0,1247.0,,,3709.0,2130.0,,,,1199.0,3418.0,2919.0,
117.0,1083.0,3481.0,945.0,260.0,2838.0,1639.0,1041.0,1272.0,1071.0,1862.0,507.0,741.0,1639.0,,,879.0,2183.0,,,,1985.0,221.0,2012.0,
1007.0,2945.0,3507.0,1094.0,307.0,2849.0,1720.0,1492.0,2919.0,1136.0,2007.0,2718.0,799.0,1720.0,,,2965.0,2768.0,,,,2576.0,2252.0,2013.0,
2564.0,3318.0,307.0,1095.0,381.0,3221.0,2511.0,1595.0,2012.0,1309.0,2024.0,3426.0,993.0,2511.0,,,800.0,3227.0,,,,2720.0,2297.0,2014.0,
3057.0,3418.0,487.0,1106.0,487.0,3303.0,2565.0,1807.0,2013.0,1332.0,2392.0,211.0,1023.0,2565.0,,,802.0,3387.0,,,,1083.0,2591.0,341.0,
3203.0,221.0,688.0,1130.0,652.0,3667.0,3080.0,1857.0,2014.0,1344.0,2479.0,577.0,1041.0,3080.0,,,3275.0,3629.0,,,,3318.0,2725.0,499.0,
589.0,2252.0,763.0,1139.0,677.0,2478.0,3301.0,1927.0,341.0,1382.0,2667.0,632.0,1071.0,3301.0,,,1846.0,3638.0,,,,1590.0,117.0,1407.0,
711.0,2297.0,1117.0,1375.0,763.0,3419.0,710.0,2328.0,499.0,1483.0,2679.0,1044.0,1136.0,710.0,,,2472.0,3666.0,,,,353.0,1007.0,1608.0,
1495.0,2591.0,1447.0,1849.0,783.0,214.0,831.0,2450.0,1407.0,1743.0,3208.0,151.0,1309.0,831.0,,,429.0,3671.0,,,,2471.0,589.0,1637.0,
48.0,2725.0,1529.0,1875.0,927.0,1447.0,1377.0,2463.0,1608.0,2562.0,3285.0,684.0,1332.0,1377.0,,,643.0,3780.0,,,,1611.0,1495.0,2032.0,
152.0,117.0,1570.0,1911.0,1159.0,3075.0,2646.0,1842.0,1637.0,3031.0,3461.0,1523.0,1344.0,2646.0,,,734.0,4.0,,,,1007.0,48.0,2040.0,
598.0,1007.0,2016.0,1956.0,1191.0,260.0,2666.0,0.0,2032.0,3273.0,612.0,2169.0,1382.0,2666.0,,,1804.0,96.0,,,,2118.0,152.0,2203.0,
648.0,589.0,2171.0,2249.0,1299.0,307.0,3283.0,1667.0,2040.0,3481.0,1081.0,199.0,1483.0,3283.0,,,2769.0,278.0,,,,3304.0,648.0,2457.0,
741.0,711.0,2401.0,2440.0,1529.0,381.0,1272.0,1666.0,2203.0,3507.0,1511.0,1075.0,1743.0,1272.0,,,3132.0,978.0,,,,3004.0,993.0,2888.0,
799.0,1495.0,2767.0,2515.0,1617.0,487.0,2853.0,2442.0,2457.0,307.0,1611.0,769.0,2562.0,2853.0,,,1841.0,1072.0,,,,214.0,1023.0,3071.0,
993.0,48.0,2770.0,2522.0,2016.0,652.0,2919.0,3626.0,2888.0,487.0,1826.0,1583.0,2609.0,2919.0,,,305.0,1318.0,,,,536.0,1041.0,3695.0,
1023.0,152.0,27.0,3074.0,2185.0,677.0,2012.0,738.0,3071.0,688.0,2194.0,2308.0,3031.0,2012.0,,,801.0,1568.0,,,,1311.0,1071.0,3753.0,
1041.0,648.0,215.0,381.0,2425.0,763.0,2013.0,2581.0,3695.0,763.0,2695.0,2507.0,3273.0,2013.0,,,2849.0,2189.0,,,,1938.0,1136.0,131.0,
1071.0,993.0,306.0,565.0,2590.0,783.0,2014.0,3596.0,3753.0,1117.0,2720.0,3470.0,3481.0,2014.0,,,3667.0,3340.0,,,,2171.0,1309.0,531.0,
1136.0,1023.0,445.0,621.0,2734.0,927.0,341.0,292.0,131.0,1447.0,3287.0,172.0,3507.0,341.0,,,3844.0,3787.0,,,,3075.0,1332.0,579.0,
1309.0,1041.0,537.0,1148.0,2736.0,1159.0,499.0,315.0,531.0,1529.0,23.0,791.0,307.0,499.0,,,1061.0,1756.0,,,,65.0,1344.0,708.0,
1332.0,1071.0,1248.0,1191.0,2760.0,1191.0,1407.0,1850.0,579.0,1570.0,261.0,1796.0,353.0,1407.0,,,3066.0,3821.0,,,,252.0,1483.0,957.0,
1344.0,1136.0,1335.0,1216.0,2777.0,1299.0,1608.0,2837.0,708.0,2016.0,263.0,3086.0,688.0,1608.0,,,3308.0,14.0,,,,1360.0,2609.0,1333.0,
1382.0,1309.0,2044.0,1429.0,2842.0,1529.0,1637.0,2550.0,957.0,2171.0,282.0,34.0,763.0,1637.0,,,2773.0,109.0,,,,2726.0,3031.0,1498.0,
1483.0,1332.0,2612.0,1874.0,2962.0,1617.0,2040.0,304.0,1333.0,2401.0,359.0,146.0,1117.0,2040.0,,,169.0,191.0,,,,3328.0,3273.0,2138.0,
1743.0,1344.0,2762.0,2425.0,3091.0,2016.0,2203.0,3076.0,1498.0,2767.0,530.0,219.0,1311.0,2203.0,,,3531.0,1347.0,,,,3541.0,3507.0,2220.0,
2562.0,1483.0,3175.0,2578.0,3121.0,2185.0,2457.0,3627.0,2138.0,2770.0,671.0,573.0,1447.0,2457.0,,,973.0,2329.0,,,,193.0,307.0,2470.0,
2609.0,2609.0,3219.0,2855.0,3520.0,2425.0,2888.0,317.0,2220.0,27.0,780.0,668.0,1529.0,2888.0,,,1643.0,2361.0,,,,973.0,353.0,2512.0,
3031.0,3031.0,222.0,2495.0,3705.0,2590.0,3071.0,2412.0,2470.0,215.0,1160.0,669.0,1570.0,3071.0,,,3602.0,2765.0,,,,3602.0,688.0,2575.0,
3273.0,3273.0,616.0,2622.0,3709.0,2734.0,3695.0,1620.0,2512.0,306.0,1642.0,724.0,2016.0,3695.0,,,73.0,2866.0,,,,2772.0,1117.0,2707.0,
3481.0,3507.0,1510.0,416.0,3777.0,2736.0,3753.0,1974.0,2575.0,445.0,1720.0,789.0,2171.0,3753.0,,,1704.0,2996.0,,,,63.0,1311.0,2725.0,
3507.0,307.0,1862.0,1771.0,437.0,2777.0,131.0,1097.0,2707.0,537.0,1934.0,930.0,2767.0,131.0,,,1987.0,3689.0,,,,169.0,1447.0,2879.0,
307.0,353.0,2007.0,2124.0,1091.0,2842.0,531.0,1229.0,2725.0,1069.0,2021.0,945.0,2770.0,531.0,,,2369.0,161.0,,,,256.0,1529.0,3207.0,
353.0,688.0,2024.0,2693.0,1387.0,2962.0,579.0,729.0,2879.0,1248.0,2452.0,1094.0,27.0,579.0,,,2680.0,330.0,,,,2428.0,1570.0,3479.0,
688.0,1117.0,2392.0,3016.0,1700.0,3091.0,708.0,809.0,3207.0,1335.0,2518.0,1095.0,215.0,708.0,,,2772.0,374.0,,,,3397.0,2016.0,73.0,
763.0,1311.0,2479.0,3376.0,2393.0,3121.0,957.0,1724.0,3479.0,2044.0,2565.0,1106.0,256.0,957.0,,,3004.0,644.0,,,,671.0,2171.0,1108.0,
1117.0,1447.0,2667.0,33.0,3254.0,3520.0,1333.0,2038.0,73.0,2612.0,2844.0,1130.0,445.0,1333.0,,,76.0,712.0,,,,1600.0,2401.0,1210.0,
1311.0,1529.0,2679.0,1310.0,3311.0,3705.0,1498.0,2084.0,1108.0,2762.0,2873.0,1139.0,537.0,1498.0,,,434.0,1047.0,,,,2873.0,2767.0,1987.0,
1447.0,1570.0,3208.0,1800.0,145.0,3709.0,2138.0,2093.0,1210.0,3175.0,3286.0,1375.0,715.0,2138.0,,,995.0,1691.0,,,,3292.0,2770.0,2680.0,
1529.0,2016.0,3285.0,2064.0,215.0,3777.0,2220.0,2479.0,1987.0,3181.0,499.0,1849.0,1069.0,2220.0,,,1210.0,1755.0,,,,534.0,27.0,76.0,
1570.0,2171.0,3461.0,2349.0,252.0,1091.0,2470.0,2503.0,2680.0,3219.0,1723.0,1875.0,1248.0,2470.0,,,3520.0,1788.0,,,,2851.0,215.0,434.0,
2016.0,2401.0,612.0,2817.0,256.0,1387.0,2512.0,739.0,76.0,222.0,3252.0,1911.0,1335.0,2512.0,,,3397.0,2065.0,,,,1511.0,256.0,995.0,
2171.0,2767.0,1081.0,2877.0,273.0,1700.0,2707.0,1637.0,434.0,616.0,3718.0,1956.0,2044.0,2707.0,,,3600.0,2082.0,,,,1826.0,445.0,2773.0,
2401.0,2770.0,3287.0,3330.0,537.0,2393.0,2725.0,1791.0,995.0,1862.0,367.0,2249.0,2428.0,2725.0,,,2676.0,2115.0,,,,2194.0,537.0,3520.0,
2767.0,27.0,23.0,3659.0,1069.0,3311.0,2879.0,3181.0,2773.0,2007.0,1169.0,2440.0,2612.0,2879.0,,,405.0,2373.0,,,,2945.0,715.0,169.0,
2770.0,215.0,261.0,133.0,1771.0,145.0,3207.0,1568.0,3520.0,2024.0,1273.0,2515.0,2762.0,3207.0,,,1938.0,2386.0,,,,3418.0,1069.0,3397.0,
27.0,256.0,263.0,2561.0,2693.0,215.0,73.0,2531.0,169.0,2392.0,1377.0,3074.0,3175.0,73.0,,,65.0,2450.0,,,,64.0,1335.0,3531.0,
215.0,445.0,282.0,3608.0,2726.0,252.0,1108.0,3256.0,3397.0,2479.0,1640.0,381.0,3181.0,1108.0,,,2726.0,2536.0,,,,117.0,2428.0,3600.0,
256.0,537.0,359.0,2540.0,3219.0,256.0,1210.0,3465.0,3531.0,2667.0,1776.0,565.0,3219.0,1210.0,,,3289.0,2759.0,,,,367.0,2612.0,1841.0,
445.0,715.0,530.0,3106.0,3328.0,273.0,1987.0,3595.0,3600.0,3285.0,1935.0,621.0,222.0,1987.0,,,1562.0,3399.0,,,,2224.0,2762.0,3602.0,
537.0,1069.0,780.0,3220.0,3467.0,537.0,2680.0,3679.0,1841.0,3461.0,2118.0,1148.0,616.0,2680.0,,,3292.0,3539.0,,,,3300.0,3181.0,1704.0,
715.0,1335.0,1160.0,515.0,3541.0,1069.0,76.0,2611.0,3602.0,612.0,2224.0,1191.0,1510.0,76.0,,,2451.0,17.0,,,,648.0,3219.0,2369.0,
1069.0,2428.0,1642.0,561.0,20.0,1771.0,434.0,925.0,1704.0,1081.0,3304.0,1216.0,1862.0,434.0,,,2707.0,140.0,,,,670.0,222.0,2676.0,
1248.0,2612.0,1720.0,818.0,160.0,2693.0,995.0,961.0,2369.0,2695.0,4.0,1429.0,2007.0,995.0,,,742.0,439.0,,,,993.0,616.0,2772.0,
1335.0,2762.0,1934.0,1459.0,350.0,2726.0,2773.0,1077.0,2676.0,3287.0,47.0,1874.0,2024.0,2773.0,,,193.0,613.0,,,,1041.0,1510.0,3066.0,
2044.0,3181.0,2021.0,1609.0,405.0,3219.0,3520.0,1198.0,2772.0,23.0,94.0,2425.0,2392.0,3520.0,,,695.0,669.0,,,,1095.0,1862.0,3308.0,
2428.0,3219.0,2452.0,1717.0,533.0,3328.0,169.0,488.0,3066.0,261.0,131.0,2578.0,2479.0,169.0,,,2863.0,825.0,,,,1704.0,2007.0,405.0,
2612.0,222.0,2518.0,1990.0,812.0,3467.0,3397.0,2549.0,3308.0,263.0,337.0,2855.0,2667.0,3397.0,,,921.0,838.0,,,,2369.0,2024.0,1938.0,
2762.0,616.0,2565.0,2210.0,1374.0,3541.0,3531.0,2326.0,405.0,282.0,592.0,2495.0,2679.0,3531.0,,,1705.0,1262.0,,,,2609.0,2392.0,65.0,
3175.0,1510.0,2844.0,2345.0,1733.0,20.0,3600.0,2443.0,1938.0,359.0,643.0,2622.0,3208.0,3600.0,,,2915.0,1293.0,,,,2676.0,2479.0,2726.0,
3181.0,1862.0,3286.0,2433.0,2324.0,160.0,1841.0,3447.0,65.0,530.0,708.0,416.0,3285.0,1841.0,,,682.0,1416.0,,,,3066.0,2667.0,3289.0,
3219.0,2007.0,499.0,2444.0,2453.0,350.0,3602.0,71.0,2726.0,780.0,1060.0,1771.0,3461.0,3602.0,,,2185.0,1434.0,,,,3308.0,2679.0,1562.0,
222.0,2024.0,1723.0,2614.0,2697.0,405.0,1704.0,3453.0,3289.0,1160.0,1498.0,2124.0,612.0,1704.0,,,3447.0,1629.0,,,,2773.0,3208.0,1846.0,
616.0,2392.0,3252.0,2906.0,2718.0,533.0,2369.0,3497.0,1562.0,1642.0,1568.0,2693.0,1081.0,2369.0,,,536.0,1647.0,,,,1846.0,3285.0,2472.0,
1510.0,2479.0,3718.0,3279.0,2761.0,812.0,2676.0,897.0,1846.0,1720.0,1624.0,3016.0,1511.0,2676.0,,,1017.0,1818.0,,,,3531.0,3461.0,3292.0,
1862.0,2667.0,1169.0,3660.0,2835.0,1374.0,2772.0,965.0,2472.0,2021.0,1995.0,3376.0,1611.0,2772.0,,,2608.0,1926.0,,,,1643.0,612.0,2451.0,
2007.0,2679.0,1273.0,294.0,3167.0,1733.0,3066.0,1218.0,3292.0,2452.0,2138.0,33.0,1826.0,3066.0,,,3075.0,2504.0,,,,1841.0,1081.0,193.0,
2024.0,3208.0,1377.0,1329.0,3426.0,2324.0,3308.0,1621.0,2451.0,2518.0,2607.0,1310.0,2194.0,3308.0,,,729.0,2517.0,,,,73.0,1511.0,695.0,
2392.0,3285.0,1640.0,1460.0,3461.0,2453.0,405.0,1709.0,193.0,2565.0,2703.0,1800.0,2695.0,405.0,,,252.0,2522.0,,,,1987.0,1611.0,973.0,
2479.0,3461.0,1776.0,1494.0,3469.0,2697.0,1938.0,1870.0,695.0,2844.0,2851.0,1992.0,2720.0,1938.0,,,344.0,2849.0,,,,2680.0,1826.0,2863.0,
2667.0,612.0,1935.0,2419.0,3563.0,2718.0,65.0,2024.0,973.0,3286.0,2861.0,2064.0,23.0,65.0,,,1360.0,2926.0,,,,3398.0,2194.0,921.0,
2679.0,1081.0,4.0,2526.0,3757.0,2761.0,2726.0,2364.0,2863.0,499.0,3043.0,2349.0,261.0,2726.0,,,2885.0,3068.0,,,,76.0,2695.0,1705.0,
3208.0,1511.0,47.0,2823.0,3819.0,3167.0,3289.0,63.0,921.0,673.0,3105.0,2817.0,263.0,3289.0,,,2990.0,3159.0,,,,434.0,2720.0,2915.0,
3285.0,1611.0,94.0,3372.0,1511.0,3426.0,1562.0,445.0,1705.0,1723.0,1272.0,2877.0,282.0,1562.0,,,3328.0,3246.0,,,,995.0,23.0,3004.0,
3461.0,1826.0,131.0,3540.0,1611.0,3461.0,1846.0,946.0,2915.0,3252.0,1590.0,3330.0,359.0,1846.0,,,3522.0,3303.0,,,,1210.0,261.0,3398.0,
612.0,2194.0,337.0,3542.0,1826.0,3469.0,2472.0,2612.0,3004.0,3718.0,1936.0,3659.0,530.0,2472.0,,,3541.0,3361.0,,,,3520.0,263.0,682.0,
1081.0,2695.0,592.0,3780.0,2194.0,3563.0,3292.0,159.0,3398.0,1169.0,2850.0,133.0,671.0,3292.0,,,1156.0,3373.0,,,,3600.0,359.0,2185.0,
1511.0,2720.0,643.0,64.0,2695.0,3757.0,2451.0,282.0,682.0,1273.0,2853.0,2561.0,780.0,2451.0,,,2471.0,3583.0,,,,405.0,530.0,2842.0,
1611.0,23.0,708.0,248.0,3418.0,3819.0,193.0,359.0,2185.0,1377.0,2919.0,3608.0,1160.0,193.0,,,159.0,3667.0,,,,3289.0,671.0,3447.0,
1826.0,261.0,1060.0,1242.0,128.0,1511.0,695.0,499.0,2842.0,1640.0,1688.0,2540.0,1642.0,695.0,,,165.0,3844.0,,,,1562.0,780.0,536.0,
2194.0,263.0,1498.0,1767.0,164.0,1611.0,973.0,581.0,3447.0,1776.0,107.0,3106.0,1720.0,973.0,,,291.0,0.0,,,,2472.0,1160.0,1017.0,
2695.0,359.0,1568.0,2151.0,165.0,1826.0,2863.0,635.0,536.0,1935.0,219.0,3220.0,1934.0,2863.0,,,672.0,209.0,,,,2451.0,1642.0,2608.0,
2720.0,530.0,1624.0,2395.0,406.0,2194.0,921.0,988.0,1017.0,4.0,488.0,515.0,2021.0,921.0,,,1639.0,381.0,,,,2707.0,1720.0,3075.0,
23.0,671.0,1995.0,3097.0,629.0,2695.0,1705.0,1379.0,2608.0,47.0,563.0,561.0,2452.0,1705.0,,,2023.0,924.0,,,,742.0,1934.0,729.0,
261.0,780.0,2138.0,3300.0,672.0,3418.0,2915.0,1403.0,3075.0,94.0,670.0,818.0,2518.0,2915.0,,,3332.0,1042.0,,,,695.0,2452.0,252.0,
263.0,1160.0,2607.0,3317.0,680.0,128.0,3004.0,1723.0,729.0,131.0,1095.0,1459.0,2565.0,3004.0,,,3451.0,1105.0,,,,2863.0,2518.0,1360.0,
282.0,1642.0,2703.0,138.0,780.0,164.0,3398.0,2032.0,252.0,337.0,1130.0,1609.0,2844.0,3398.0,,,1083.0,1299.0,,,,921.0,2565.0,2885.0,
359.0,1720.0,2861.0,443.0,1045.0,165.0,682.0,2319.0,1360.0,592.0,1328.0,1717.0,2873.0,682.0,,,2931.0,1537.0,,,,1705.0,2844.0,2990.0,
530.0,1934.0,3043.0,902.0,1174.0,406.0,2185.0,2810.0,2885.0,643.0,1397.0,1990.0,3286.0,2185.0,,,2945.0,2041.0,,,,2915.0,2873.0,3328.0,
671.0,2452.0,3105.0,1230.0,1504.0,629.0,2842.0,2873.0,2990.0,708.0,1496.0,2210.0,499.0,2842.0,,,3318.0,2385.0,,,,682.0,3286.0,3522.0,
780.0,2518.0,1272.0,1233.0,1562.0,672.0,3447.0,3039.0,3328.0,1060.0,1807.0,2345.0,673.0,3447.0,,,3418.0,2416.0,,,,2185.0,499.0,3541.0,
1160.0,2565.0,1590.0,1463.0,1600.0,680.0,536.0,253.0,3522.0,1498.0,1857.0,2433.0,1723.0,536.0,,,221.0,2544.0,,,,2842.0,673.0,1156.0,
1642.0,2844.0,1936.0,1718.0,1639.0,780.0,1017.0,1643.0,3541.0,1568.0,2305.0,2444.0,3252.0,1017.0,,,2297.0,2546.0,,,,3447.0,1723.0,2471.0,
1720.0,2873.0,2850.0,2427.0,1713.0,1045.0,2608.0,3046.0,1156.0,1624.0,2882.0,2614.0,3718.0,2608.0,,,2591.0,2618.0,,,,1017.0,3252.0,159.0,
1934.0,3286.0,2853.0,2523.0,1720.0,1174.0,3075.0,3203.0,2471.0,1995.0,3404.0,2906.0,367.0,3075.0,,,117.0,2715.0,,,,2608.0,3718.0,165.0,
2021.0,499.0,2919.0,3105.0,1846.0,1504.0,729.0,131.0,159.0,2138.0,3668.0,3279.0,1169.0,729.0,,,1007.0,2737.0,,,,729.0,367.0,291.0,
2452.0,673.0,1688.0,3107.0,1906.0,1562.0,252.0,221.0,165.0,2607.0,365.0,3660.0,1273.0,252.0,,,2564.0,3337.0,,,,344.0,1169.0,672.0,
2518.0,1723.0,488.0,3673.0,1958.0,1600.0,1360.0,337.0,291.0,2703.0,461.0,294.0,1377.0,1360.0,,,3057.0,3457.0,,,,2885.0,1377.0,1906.0,
2565.0,3252.0,563.0,3764.0,2073.0,1639.0,2885.0,476.0,672.0,2861.0,925.0,1329.0,1935.0,2885.0,,,3203.0,3533.0,,,,2990.0,2118.0,2023.0,
2844.0,3718.0,1130.0,97.0,2205.0,1713.0,2990.0,534.0,1906.0,3043.0,991.0,1460.0,2118.0,2990.0,,,589.0,3614.0,,,,3522.0,2224.0,3451.0,
2873.0,367.0,1328.0,107.0,2323.0,1720.0,3328.0,643.0,2023.0,3105.0,1077.0,1494.0,2224.0,3328.0,,,711.0,1793.0,,,,1156.0,3304.0,3482.0,
3286.0,1169.0,1397.0,435.0,2345.0,1846.0,3522.0,1804.0,3482.0,1272.0,1198.0,2419.0,3304.0,3522.0,,,1495.0,2619.0,,,,159.0,4.0,1083.0,
499.0,1377.0,1496.0,913.0,2444.0,1906.0,3541.0,2252.0,1083.0,1590.0,1217.0,2526.0,4.0,3541.0,,,48.0,2120.0,,,,165.0,47.0,2945.0,
673.0,2118.0,1807.0,993.0,2472.0,1958.0,1156.0,2357.0,2945.0,1936.0,1362.0,2823.0,47.0,1156.0,,,152.0,3267.0,,,,291.0,94.0,3318.0,
1723.0,2224.0,1857.0,1041.0,2488.0,2073.0,2471.0,2451.0,3318.0,2853.0,1814.0,3372.0,94.0,2471.0,,,598.0,3268.0,,,,672.0,131.0,3418.0,
3252.0,3304.0,2305.0,1492.0,2518.0,2205.0,159.0,2514.0,3418.0,2919.0,2638.0,3540.0,131.0,159.0,,,648.0,3377.0,,,,1639.0,337.0,221.0,
3718.0,4.0,2882.0,1595.0,2565.0,2323.0,165.0,2579.0,221.0,1688.0,2665.0,3542.0,337.0,165.0,,,741.0,3778.0,,,,1906.0,592.0,429.0,
367.0,47.0,3404.0,1807.0,2952.0,2345.0,291.0,2591.0,429.0,107.0,214.0,3780.0,592.0,291.0,,,799.0,34.0,,,,2023.0,1060.0,2252.0,
1169.0,94.0,3668.0,1857.0,3038.0,2444.0,672.0,2603.0,2252.0,219.0,591.0,64.0,708.0,672.0,,,993.0,110.0,,,,3332.0,1498.0,2297.0,
1273.0,131.0,365.0,1927.0,3056.0,2472.0,1906.0,2607.0,2297.0,488.0,879.0,248.0,1060.0,1906.0,,,1041.0,146.0,,,,3451.0,1568.0,2591.0,
1377.0,337.0,461.0,2328.0,3100.0,2488.0,2023.0,2677.0,2591.0,563.0,1265.0,1242.0,1498.0,2023.0,,,1071.0,177.0,,,,3482.0,1624.0,117.0,
1935.0,592.0,925.0,2450.0,3244.0,2518.0,3451.0,865.0,117.0,1130.0,2953.0,1767.0,1568.0,3451.0,,,1136.0,432.0,,,,2931.0,1995.0,1007.0,
2118.0,1060.0,991.0,2463.0,3292.0,2565.0,3482.0,2082.0,1007.0,1328.0,119.0,2151.0,1624.0,3482.0,,,1309.0,806.0,,,,221.0,2138.0,1643.0,
2224.0,1498.0,1077.0,1842.0,3482.0,2952.0,1083.0,2551.0,1643.0,1397.0,381.0,2395.0,1995.0,1083.0,,,1332.0,814.0,,,,429.0,2607.0,3057.0,
3304.0,1568.0,1198.0,0.0,3505.0,3038.0,2945.0,152.0,3057.0,1496.0,621.0,3097.0,2138.0,2945.0,,,1382.0,1054.0,,,,2252.0,2703.0,3203.0,
4.0,1624.0,1217.0,1667.0,3585.0,3056.0,3318.0,173.0,3203.0,1807.0,783.0,3300.0,2607.0,3318.0,,,1483.0,1171.0,,,,2297.0,2851.0,589.0,
47.0,1995.0,1362.0,1666.0,3594.0,3244.0,3418.0,1071.0,589.0,1857.0,858.0,3317.0,2703.0,3418.0,,,2562.0,1232.0,,,,2591.0,2861.0,711.0,
94.0,2138.0,1731.0,2442.0,3608.0,3292.0,221.0,1496.0,711.0,2305.0,917.0,138.0,2851.0,221.0,,,2609.0,1477.0,,,,2725.0,3043.0,1495.0,
131.0,2607.0,1814.0,3626.0,64.0,3482.0,429.0,2356.0,1495.0,3404.0,968.0,443.0,2861.0,429.0,,,3031.0,1820.0,,,,831.0,3105.0,48.0,
337.0,2703.0,2638.0,738.0,193.0,3505.0,2252.0,2556.0,48.0,3668.0,1148.0,902.0,3043.0,2252.0,,,3507.0,2114.0,,,,2564.0,1590.0,648.0,
592.0,2851.0,2665.0,2581.0,367.0,3585.0,2297.0,3273.0,152.0,365.0,1159.0,1230.0,3105.0,2297.0,,,307.0,2303.0,,,,3057.0,1936.0,798.0,
708.0,2861.0,591.0,3596.0,831.0,3594.0,2591.0,3321.0,648.0,461.0,1216.0,1233.0,1590.0,2591.0,,,353.0,2330.0,,,,3203.0,2853.0,799.0,
1060.0,3043.0,879.0,292.0,1841.0,3608.0,117.0,3507.0,798.0,925.0,1728.0,1463.0,1936.0,117.0,,,688.0,2533.0,,,,589.0,1688.0,993.0,
1498.0,3105.0,1265.0,315.0,2074.0,64.0,1007.0,991.0,799.0,991.0,1822.0,1718.0,2853.0,1007.0,,,1117.0,2648.0,,,,711.0,107.0,1023.0,
1568.0,1590.0,2953.0,1850.0,2224.0,193.0,1643.0,1197.0,993.0,1077.0,1829.0,2427.0,1688.0,1643.0,,,1311.0,2860.0,,,,1495.0,219.0,1041.0,
1624.0,1936.0,119.0,2837.0,3057.0,367.0,3057.0,1262.0,1023.0,1198.0,2050.0,2523.0,107.0,3057.0,,,1529.0,2908.0,,,,48.0,670.0,1071.0,
1995.0,2853.0,381.0,2550.0,136.0,831.0,3203.0,2597.0,1041.0,1217.0,2425.0,3105.0,219.0,3203.0,,,2016.0,3090.0,,,,598.0,1095.0,1136.0,
2138.0,1688.0,621.0,304.0,312.0,1841.0,589.0,2638.0,1071.0,1362.0,2544.0,3107.0,670.0,589.0,,,2171.0,3243.0,,,,741.0,1130.0,1309.0,
2607.0,107.0,783.0,3076.0,618.0,2074.0,711.0,2722.0,1136.0,1731.0,2690.0,3673.0,1095.0,711.0,,,2767.0,3385.0,,,,798.0,1328.0,1344.0,
2703.0,219.0,858.0,3627.0,1283.0,2224.0,1495.0,2838.0,1309.0,1814.0,2777.0,3764.0,1130.0,1495.0,,,2770.0,3504.0,,,,799.0,1496.0,2609.0,
2851.0,670.0,917.0,317.0,1770.0,3057.0,48.0,2849.0,1344.0,2638.0,2955.0,97.0,1328.0,48.0,,,27.0,12.0,,,,1023.0,1807.0,3481.0,
2861.0,1095.0,968.0,2412.0,1789.0,136.0,152.0,3303.0,2609.0,2665.0,3047.0,107.0,1496.0,152.0,,,215.0,26.0,,,,1071.0,1857.0,3507.0,
3043.0,1130.0,1148.0,1974.0,1960.0,312.0,648.0,3667.0,3481.0,591.0,3281.0,435.0,1807.0,648.0,,,256.0,69.0,,,,1136.0,2305.0,307.0,
3105.0,1328.0,1159.0,1097.0,2399.0,618.0,798.0,2478.0,3507.0,879.0,3709.0,913.0,1857.0,798.0,,,445.0,114.0,,,,1309.0,2882.0,353.0,
1590.0,1496.0,1216.0,1229.0,2497.0,1283.0,799.0,3419.0,307.0,1265.0,63.0,993.0,2305.0,799.0,,,537.0,116.0,,,,1332.0,3404.0,487.0,
1936.0,1807.0,1728.0,729.0,2847.0,1770.0,993.0,214.0,353.0,2953.0,416.0,1041.0,2882.0,993.0,,,715.0,186.0,,,,1344.0,3668.0,688.0,
2853.0,1857.0,1822.0,809.0,3015.0,1789.0,1023.0,1447.0,487.0,119.0,620.0,1492.0,3404.0,1023.0,,,1069.0,213.0,,,,1382.0,365.0,763.0,
1688.0,2305.0,1829.0,1724.0,3109.0,1960.0,1041.0,3075.0,688.0,381.0,800.0,1595.0,3668.0,1041.0,,,1248.0,379.0,,,,1483.0,461.0,1117.0,
107.0,2882.0,2050.0,2038.0,3270.0,2399.0,1071.0,260.0,763.0,621.0,946.0,1807.0,365.0,1071.0,,,1335.0,402.0,,,,1743.0,925.0,1311.0,
219.0,3404.0,2425.0,2084.0,3542.0,2497.0,1136.0,307.0,1117.0,783.0,1170.0,1857.0,461.0,1136.0,,,2044.0,458.0,,,,2562.0,991.0,1447.0,
670.0,3668.0,2544.0,2093.0,3666.0,2847.0,1309.0,487.0,1311.0,858.0,1356.0,1927.0,925.0,1309.0,,,2428.0,466.0,,,,3031.0,1077.0,1529.0,
1095.0,365.0,2690.0,2479.0,3780.0,3015.0,1344.0,652.0,1447.0,917.0,1793.0,2328.0,991.0,1344.0,,,2612.0,557.0,,,,3273.0,1198.0,2016.0,
1130.0,461.0,2777.0,2503.0,1590.0,3109.0,2609.0,677.0,1529.0,968.0,1994.0,2450.0,1077.0,2609.0,,,2762.0,595.0,,,,3481.0,1217.0,2171.0,
1328.0,925.0,2955.0,739.0,2850.0,3270.0,3481.0,763.0,2016.0,1159.0,2534.0,2463.0,1198.0,3481.0,,,3175.0,624.0,,,,3507.0,1362.0,2401.0,
1496.0,991.0,3047.0,1637.0,4.0,3542.0,3507.0,783.0,2171.0,1216.0,2573.0,1842.0,1217.0,3507.0,,,3181.0,816.0,,,,307.0,1731.0,2767.0,
1807.0,1077.0,3281.0,1791.0,94.0,3666.0,307.0,927.0,2401.0,1728.0,2613.0,0.0,1362.0,307.0,,,3219.0,1059.0,,,,487.0,1814.0,2770.0,
1857.0,1198.0,3709.0,3181.0,255.0,3780.0,353.0,1159.0,2767.0,1822.0,2829.0,1667.0,1731.0,353.0,,,222.0,1176.0,,,,688.0,2638.0,27.0,
2305.0,1217.0,416.0,1568.0,348.0,1590.0,487.0,1299.0,2770.0,1829.0,3467.0,1666.0,1814.0,487.0,,,616.0,1325.0,,,,763.0,2665.0,215.0,
2882.0,1362.0,620.0,2531.0,429.0,2850.0,688.0,1529.0,27.0,2050.0,3658.0,2442.0,2638.0,688.0,,,1510.0,1327.0,,,,1117.0,214.0,256.0,
3404.0,1731.0,800.0,3256.0,441.0,4.0,763.0,1617.0,215.0,2544.0,689.0,3626.0,2665.0,763.0,,,1862.0,1381.0,,,,1447.0,1265.0,306.0,
3668.0,1814.0,946.0,3465.0,490.0,94.0,1117.0,2016.0,256.0,2690.0,936.0,738.0,214.0,1117.0,,,2007.0,1431.0,,,,1570.0,119.0,445.0,
365.0,2638.0,1170.0,3595.0,597.0,255.0,1311.0,2185.0,306.0,2777.0,166.0,2581.0,1265.0,1311.0,,,2024.0,1607.0,,,,2016.0,381.0,537.0,
461.0,2665.0,1356.0,3679.0,728.0,348.0,1447.0,2590.0,445.0,2955.0,3400.0,3596.0,119.0,1447.0,,,2392.0,1659.0,,,,2767.0,621.0,715.0,
925.0,214.0,1793.0,2611.0,1072.0,429.0,1529.0,2734.0,537.0,3047.0,20.0,292.0,381.0,1529.0,,,2479.0,1700.0,,,,2770.0,783.0,1069.0,
991.0,1265.0,1994.0,925.0,1090.0,441.0,2016.0,2736.0,715.0,3709.0,220.0,315.0,621.0,2016.0,,,2667.0,1765.0,,,,27.0,858.0,1335.0,
1077.0,119.0,2613.0,961.0,1439.0,490.0,2171.0,2760.0,1069.0,416.0,271.0,1850.0,783.0,2171.0,,,2679.0,1811.0,,,,215.0,917.0,2428.0,
1198.0,381.0,2829.0,1077.0,1463.0,597.0,2401.0,2777.0,1335.0,620.0,446.0,2837.0,858.0,2401.0,,,3208.0,2105.0,,,,306.0,968.0,2612.0,
1217.0,621.0,3467.0,1198.0,1532.0,728.0,2767.0,2842.0,2428.0,800.0,812.0,2550.0,917.0,2767.0,,,3285.0,2128.0,,,,445.0,1148.0,2762.0,
1362.0,783.0,3658.0,488.0,1718.0,1072.0,2770.0,2962.0,2612.0,946.0,1394.0,304.0,968.0,2770.0,,,3461.0,2197.0,,,,537.0,1159.0,3175.0,
1731.0,858.0,689.0,2549.0,1902.0,1090.0,27.0,3091.0,2762.0,1170.0,1724.0,3076.0,1148.0,27.0,,,612.0,2241.0,,,,1069.0,1216.0,3181.0,
1814.0,917.0,936.0,2326.0,1947.0,1439.0,215.0,3121.0,3175.0,1356.0,1730.0,3627.0,1159.0,215.0,,,1081.0,2280.0,,,,1248.0,1728.0,3219.0,
2638.0,968.0,166.0,2443.0,2575.0,1463.0,256.0,3520.0,3181.0,1793.0,2038.0,317.0,1216.0,256.0,,,1511.0,2353.0,,,,1335.0,1822.0,222.0,
2665.0,1148.0,3400.0,3447.0,2725.0,1532.0,306.0,3705.0,3219.0,1994.0,2324.0,2412.0,1728.0,306.0,,,1611.0,2486.0,,,,2044.0,2425.0,616.0,
214.0,1159.0,20.0,71.0,2848.0,1718.0,445.0,3709.0,222.0,2534.0,2364.0,1620.0,1822.0,445.0,,,1826.0,2495.0,,,,2612.0,2690.0,1510.0,
1265.0,1216.0,220.0,3453.0,2851.0,1902.0,537.0,3777.0,616.0,2573.0,2442.0,1974.0,2050.0,537.0,,,2194.0,2589.0,,,,2762.0,2777.0,1862.0,
119.0,1728.0,271.0,3497.0,3479.0,1947.0,715.0,437.0,1510.0,2613.0,2502.0,1097.0,2425.0,715.0,,,2695.0,2622.0,,,,3175.0,3047.0,2007.0,
381.0,1822.0,446.0,897.0,3617.0,2575.0,1069.0,1091.0,1862.0,2829.0,2503.0,1229.0,2690.0,1069.0,,,2720.0,2742.0,,,,3181.0,3281.0,2024.0,
621.0,2425.0,812.0,965.0,3640.0,2725.0,1335.0,1387.0,2007.0,3467.0,2697.0,729.0,2777.0,1335.0,,,23.0,2893.0,,,,3219.0,63.0,2392.0,
783.0,2690.0,1394.0,1218.0,3664.0,2848.0,2428.0,1700.0,2024.0,3658.0,2718.0,809.0,3047.0,2428.0,,,261.0,3394.0,,,,222.0,416.0,2479.0,
858.0,2777.0,1724.0,1621.0,3791.0,2851.0,2612.0,2393.0,2392.0,689.0,2751.0,1724.0,3281.0,2612.0,,,263.0,3560.0,,,,616.0,620.0,2667.0,
917.0,3047.0,1730.0,1709.0,22.0,3479.0,2762.0,3254.0,2479.0,936.0,2876.0,2038.0,63.0,2762.0,,,282.0,3599.0,,,,1510.0,946.0,2679.0,
968.0,3281.0,2038.0,1870.0,428.0,3617.0,3175.0,3311.0,2667.0,166.0,2965.0,2084.0,416.0,3175.0,,,359.0,3609.0,,,,1862.0,1170.0,3208.0,
1148.0,63.0,2324.0,2024.0,435.0,3640.0,3181.0,145.0,2679.0,3400.0,3011.0,2093.0,620.0,3181.0,,,530.0,3647.0,,,,2007.0,1356.0,612.0,
1159.0,416.0,2364.0,2364.0,563.0,3664.0,3219.0,215.0,3208.0,20.0,3330.0,2479.0,946.0,3219.0,,,671.0,3726.0,,,,2024.0,1793.0,1081.0,
1216.0,620.0,2442.0,63.0,648.0,3791.0,222.0,252.0,612.0,220.0,3469.0,2503.0,1170.0,222.0,,,1642.0,3772.0,,,,2392.0,1994.0,1511.0,
1728.0,946.0,2502.0,445.0,799.0,22.0,616.0,256.0,1081.0,271.0,680.0,739.0,1356.0,616.0,,,1720.0,3775.0,,,,2479.0,2534.0,1611.0,
1822.0,1170.0,2503.0,946.0,921.0,428.0,1510.0,273.0,1511.0,812.0,2272.0,1637.0,1793.0,1510.0,,,1934.0,20.0,,,,2667.0,2573.0,1826.0,
2050.0,1356.0,2697.0,2612.0,1023.0,435.0,1862.0,537.0,1611.0,1394.0,128.0,1791.0,1994.0,1862.0,,,2021.0,220.0,,,,2679.0,2613.0,2194.0,
2425.0,1793.0,2751.0,159.0,1051.0,563.0,2007.0,1069.0,1826.0,1724.0,163.0,3181.0,2534.0,2007.0,,,2518.0,271.0,,,,3285.0,2829.0,2695.0,
2690.0,1994.0,2876.0,282.0,1106.0,648.0,2024.0,2726.0,2194.0,1730.0,164.0,1568.0,2573.0,2024.0,,,2844.0,355.0,,,,3461.0,3658.0,2720.0,
2777.0,2534.0,2965.0,359.0,1130.0,799.0,2392.0,3219.0,2695.0,2038.0,406.0,2531.0,2613.0,2392.0,,,2873.0,358.0,,,,612.0,689.0,3287.0,
3047.0,2573.0,3011.0,499.0,1136.0,921.0,2479.0,3328.0,2720.0,2324.0,430.0,3256.0,2829.0,2479.0,,,3286.0,664.0,,,,1081.0,936.0,23.0,
3281.0,2613.0,3330.0,581.0,1139.0,1023.0,2667.0,3467.0,3287.0,2364.0,561.0,3465.0,3467.0,2667.0,,,499.0,788.0,,,,2695.0,166.0,261.0,
63.0,2829.0,3469.0,635.0,1328.0,1051.0,2679.0,3541.0,23.0,2442.0,650.0,3595.0,3658.0,2679.0,,,673.0,923.0,,,,3287.0,3400.0,263.0,
416.0,3658.0,680.0,988.0,1340.0,1106.0,3208.0,20.0,261.0,2502.0,1045.0,3679.0,689.0,3208.0,,,1723.0,1236.0,,,,23.0,20.0,282.0,
620.0,689.0,2272.0,1379.0,1344.0,1130.0,612.0,160.0,263.0,2503.0,1186.0,2611.0,936.0,612.0,,,3252.0,1394.0,,,,261.0,220.0,359.0,
946.0,936.0,128.0,1403.0,1430.0,1136.0,1081.0,405.0,282.0,2697.0,1459.0,925.0,166.0,1081.0,,,3718.0,1427.0,,,,263.0,271.0,671.0,
1170.0,166.0,163.0,1723.0,1483.0,1139.0,1511.0,533.0,359.0,2718.0,1600.0,961.0,3400.0,1511.0,,,367.0,1470.0,,,,282.0,446.0,780.0,
1356.0,3400.0,164.0,2032.0,1743.0,1328.0,1611.0,812.0,671.0,2751.0,1706.0,1077.0,20.0,1611.0,,,1169.0,1478.0,,,,359.0,812.0,1642.0,
1793.0,20.0,406.0,2319.0,1875.0,1340.0,1826.0,1374.0,780.0,2876.0,1863.0,1198.0,220.0,1826.0,,,1273.0,1479.0,,,,530.0,1394.0,1934.0,
1994.0,220.0,430.0,2810.0,2015.0,1344.0,2194.0,1733.0,1642.0,2965.0,1930.0,488.0,271.0,2194.0,,,1377.0,1645.0,,,,780.0,1724.0,2518.0,
2534.0,271.0,561.0,2873.0,2149.0,1430.0,2695.0,2324.0,1934.0,3011.0,1949.0,2549.0,446.0,2695.0,,,1935.0,1709.0,,,,1160.0,2038.0,2873.0,
2573.0,446.0,650.0,3039.0,2369.0,1483.0,2720.0,2453.0,2518.0,3330.0,2005.0,2326.0,812.0,2720.0,,,2118.0,1758.0,,,,1642.0,2324.0,673.0,
2613.0,812.0,1045.0,253.0,2440.0,1743.0,3287.0,2697.0,2873.0,3469.0,2043.0,2443.0,1394.0,3287.0,,,2224.0,2084.0,,,,1720.0,2364.0,1723.0,
2829.0,1394.0,1186.0,1643.0,2483.0,1875.0,23.0,2761.0,673.0,680.0,2169.0,3447.0,1724.0,23.0,,,3304.0,2093.0,,,,1934.0,2442.0,3252.0,
3467.0,1724.0,1459.0,3046.0,2609.0,2015.0,261.0,2835.0,1723.0,2272.0,2283.0,71.0,2038.0,261.0,,,4.0,2173.0,,,,2021.0,2502.0,3718.0,
3658.0,2038.0,1706.0,3203.0,2676.0,2149.0,263.0,3167.0,3252.0,128.0,2345.0,3453.0,2324.0,263.0,,,47.0,2223.0,,,,2452.0,2503.0,367.0,
689.0,2324.0,1863.0,131.0,2772.0,2369.0,282.0,3461.0,3718.0,163.0,3056.0,3497.0,2364.0,282.0,,,94.0,2243.0,,,,2518.0,2697.0,1169.0,
936.0,2364.0,1930.0,221.0,2843.0,2440.0,359.0,3469.0,367.0,164.0,3080.0,897.0,2442.0,359.0,,,592.0,2327.0,,,,2565.0,2718.0,1273.0,
166.0,2442.0,1949.0,337.0,2915.0,2483.0,671.0,3563.0,1169.0,406.0,3279.0,965.0,2502.0,671.0,,,708.0,2460.0,,,,2844.0,2751.0,1640.0,
3400.0,2502.0,2005.0,476.0,3031.0,2609.0,780.0,3757.0,1273.0,430.0,64.0,1218.0,2503.0,780.0,,,1060.0,2502.0,,,,3286.0,2876.0,1776.0,
20.0,2503.0,2043.0,534.0,3063.0,2676.0,1642.0,3819.0,1640.0,561.0,370.0,1621.0,2697.0,1642.0,,,1568.0,2606.0,,,,499.0,3011.0,1935.0,
220.0,2697.0,2169.0,643.0,3066.0,2772.0,1934.0,1511.0,1776.0,650.0,587.0,1709.0,2718.0,1934.0,,,1624.0,2697.0,,,,673.0,3330.0,2118.0,
271.0,2718.0,2283.0,1804.0,43.0,2843.0,2518.0,1611.0,1935.0,1045.0,710.0,1870.0,2751.0,2518.0,,,1995.0,2943.0,,,,1723.0,3469.0,2224.0,
446.0,2751.0,2345.0,2252.0,308.0,2915.0,2873.0,1826.0,2118.0,1186.0,774.0,2024.0,2876.0,2873.0,,,2138.0,3078.0,,,,3252.0,2272.0,3304.0,
812.0,2876.0,3056.0,2357.0,327.0,3031.0,673.0,2194.0,2224.0,1459.0,1174.0,2364.0,3011.0,673.0,,,2607.0,3085.0,,,,3718.0,163.0,4.0,
1394.0,3011.0,3080.0,2451.0,353.0,3063.0,1723.0,2695.0,3304.0,1706.0,1405.0,63.0,3330.0,1723.0,,,2703.0,3469.0,,,,1169.0,164.0,47.0,
1724.0,3330.0,3279.0,2514.0,536.0,3066.0,3252.0,3418.0,4.0,1863.0,1729.0,445.0,3469.0,3252.0,,,2851.0,3517.0,,,,1273.0,406.0,94.0,
2038.0,3469.0,370.0,2579.0,603.0,43.0,3718.0,128.0,47.0,1930.0,1767.0,946.0,680.0,3718.0,,,2861.0,3612.0,,,,1640.0,430.0,337.0,
2324.0,2272.0,587.0,2591.0,833.0,308.0,367.0,164.0,94.0,1949.0,3046.0,2612.0,2272.0,367.0,,,3043.0,3659.0,,,,1776.0,561.0,592.0,
2364.0,163.0,710.0,2603.0,1053.0,327.0,1169.0,165.0,337.0,2005.0,3300.0,159.0,128.0,1169.0,,,3105.0,3687.0,,,,1935.0,650.0,643.0,
2442.0,164.0,774.0,2607.0,1224.0,353.0,1640.0,406.0,592.0,2043.0,3453.0,282.0,163.0,1640.0,,,1590.0,406.0,,,,4.0,1045.0,1060.0,
2502.0,406.0,1174.0,2677.0,1265.0,536.0,1776.0,629.0,643.0,2169.0,3497.0,359.0,164.0,1776.0,,,1936.0,1639.0,,,,47.0,1186.0,1568.0,
2503.0,430.0,1405.0,865.0,1311.0,603.0,1935.0,672.0,1060.0,2283.0,775.0,499.0,406.0,1935.0,,,2853.0,1717.0,,,,94.0,1459.0,1624.0,
2697.0,561.0,1729.0,2082.0,1923.0,833.0,2118.0,680.0,1568.0,2345.0,41.0,581.0,430.0,2118.0,,,1688.0,1842.0,,,,131.0,1600.0,1995.0,
2718.0,650.0,1767.0,2551.0,2083.0,1053.0,2224.0,780.0,1624.0,3056.0,136.0,635.0,561.0,2224.0,,,107.0,1988.0,,,,337.0,1706.0,2607.0,
2751.0,1045.0,3046.0,152.0,2085.0,1224.0,3304.0,1045.0,1995.0,3080.0,611.0,988.0,650.0,3304.0,,,219.0,2332.0,,,,592.0,1863.0,2703.0,
2876.0,1186.0,3453.0,1071.0,2094.0,1265.0,4.0,1174.0,2607.0,3279.0,618.0,1379.0,1045.0,4.0,,,670.0,2565.0,,,,643.0,1930.0,2851.0,
3011.0,1459.0,3497.0,1496.0,2115.0,1311.0,47.0,1504.0,2703.0,370.0,1240.0,1403.0,1186.0,47.0,,,1095.0,3451.0,,,,708.0,1949.0,2861.0,
3330.0,1600.0,775.0,2356.0,2608.0,1923.0,94.0,1562.0,2851.0,587.0,1494.0,1723.0,1459.0,94.0,,,1130.0,3527.0,,,,1060.0,2005.0,3043.0,
3469.0,1706.0,41.0,2556.0,2763.0,2083.0,337.0,1600.0,2861.0,710.0,1637.0,2032.0,1600.0,337.0,,,1328.0,3660.0,,,,1498.0,2169.0,3105.0,
680.0,1863.0,136.0,3273.0,2821.0,2085.0,592.0,1639.0,3043.0,774.0,1960.0,2319.0,1706.0,592.0,,,1807.0,59.0,,,,1568.0,2283.0,1590.0,
2272.0,1930.0,611.0,3321.0,3002.0,2094.0,643.0,1713.0,3105.0,1174.0,2526.0,2810.0,1863.0,643.0,,,1857.0,253.0,,,,1624.0,2345.0,1936.0,
128.0,1949.0,618.0,3507.0,3295.0,2115.0,1060.0,1720.0,1590.0,1405.0,278.0,2873.0,1930.0,1060.0,,,2305.0,1784.0,,,,1995.0,3056.0,2850.0,
163.0,2005.0,1240.0,991.0,3399.0,2608.0,1568.0,1846.0,1936.0,1729.0,534.0,3039.0,1949.0,1568.0,,,2882.0,2395.0,,,,2138.0,3279.0,107.0,
164.0,2169.0,1494.0,1197.0,3618.0,2763.0,1624.0,1906.0,2850.0,1767.0,1090.0,253.0,2005.0,1624.0,,,3668.0,28.0,,,,2607.0,64.0,219.0,
406.0,2283.0,1637.0,1262.0,3619.0,2821.0,1995.0,1958.0,107.0,3046.0,1230.0,1643.0,2043.0,1995.0,,,365.0,47.0,,,,2703.0,370.0,488.0,
430.0,2345.0,1960.0,2597.0,2050.0,3002.0,2607.0,2073.0,219.0,3453.0,1233.0,3046.0,2169.0,2607.0,,,461.0,91.0,,,,2861.0,587.0,670.0,
561.0,3056.0,2526.0,2638.0,2770.0,3295.0,2703.0,2205.0,488.0,3497.0,2063.0,3203.0,2283.0,2703.0,,,925.0,136.0,,,,3043.0,710.0,1095.0,
650.0,3279.0,278.0,2722.0,17.0,3399.0,2851.0,2323.0,670.0,775.0,2189.0,131.0,2345.0,2851.0,,,1077.0,183.0,,,,3105.0,774.0,1130.0,
1045.0,64.0,1090.0,2838.0,53.0,3618.0,2861.0,2472.0,1095.0,41.0,2202.0,221.0,3056.0,2861.0,,,1198.0,187.0,,,,1272.0,1174.0,1328.0,
1186.0,370.0,1230.0,2849.0,140.0,3619.0,3043.0,2488.0,1130.0,136.0,2308.0,337.0,3080.0,3043.0,,,1217.0,202.0,,,,1936.0,1405.0,1397.0,
1459.0,587.0,1233.0,3303.0,452.0,2050.0,3105.0,2518.0,1328.0,611.0,2470.0,476.0,3279.0,3105.0,,,1362.0,203.0,,,,2850.0,1729.0,1496.0,
1600.0,710.0,2063.0,3667.0,573.0,2770.0,1590.0,2565.0,1397.0,618.0,2514.0,534.0,64.0,1590.0,,,1731.0,205.0,,,,2853.0,1767.0,1807.0,
1706.0,774.0,2189.0,2478.0,589.0,17.0,1936.0,2952.0,1496.0,1240.0,2531.0,643.0,370.0,1936.0,,,2638.0,207.0,,,,2919.0,3046.0,1857.0,
1863.0,1174.0,2202.0,3419.0,808.0,53.0,2850.0,3038.0,1807.0,1494.0,2553.0,1804.0,587.0,2850.0,,,2665.0,217.0,,,,1688.0,3300.0,2305.0,
1930.0,1405.0,2308.0,214.0,863.0,140.0,107.0,3056.0,1857.0,1637.0,2575.0,2252.0,710.0,107.0,,,214.0,249.0,,,,107.0,3453.0,2882.0,
1949.0,1729.0,2470.0,1447.0,945.0,452.0,219.0,3100.0,2305.0,1960.0,2677.0,2357.0,774.0,219.0,,,119.0,264.0,,,,219.0,3497.0,3404.0,
2005.0,1767.0,2514.0,3075.0,1235.0,573.0,488.0,3244.0,2882.0,278.0,2769.0,2451.0,1174.0,488.0,,,381.0,272.0,,,,488.0,41.0,3668.0,
2043.0,3046.0,2531.0,260.0,1362.0,589.0,670.0,3292.0,3404.0,1090.0,2837.0,2514.0,1405.0,670.0,,,621.0,276.0,,,,563.0,136.0,461.0,
2169.0,3300.0,2553.0,307.0,1416.0,808.0,1095.0,3482.0,3668.0,1230.0,3107.0,2579.0,1729.0,1095.0,,,783.0,294.0,,,,1130.0,611.0,925.0,
2283.0,3453.0,2575.0,487.0,1545.0,863.0,1130.0,3585.0,461.0,1233.0,3132.0,2591.0,1767.0,1130.0,,,858.0,339.0,,,,1328.0,618.0,991.0,
2345.0,3497.0,2603.0,652.0,1606.0,945.0,1328.0,3594.0,925.0,2063.0,3207.0,2603.0,3046.0,1328.0,,,917.0,3603.0,,,,1397.0,1240.0,1077.0,
3056.0,41.0,2677.0,677.0,1731.0,1235.0,1397.0,193.0,991.0,2189.0,3256.0,2607.0,3300.0,1397.0,,,1148.0,1249.0,,,,1496.0,1494.0,1198.0,
3080.0,136.0,2769.0,763.0,1918.0,1362.0,1496.0,367.0,1077.0,2202.0,3465.0,2677.0,3453.0,1496.0,,,1216.0,2127.0,,,,1807.0,1637.0,1217.0,
3279.0,611.0,2837.0,783.0,1926.0,1416.0,1807.0,831.0,1198.0,2308.0,3578.0,865.0,3497.0,1807.0,,,1728.0,1739.0,,,,1857.0,1960.0,1362.0,
64.0,618.0,3107.0,927.0,1989.0,1545.0,1857.0,1841.0,1217.0,2470.0,3617.0,2082.0,775.0,1857.0,,,1822.0,514.0,,,,2305.0,2526.0,1731.0,
370.0,1240.0,3132.0,1159.0,2180.0,1606.0,2305.0,2074.0,1362.0,2514.0,3626.0,2551.0,41.0,2305.0,,,2425.0,2675.0,,,,2882.0,278.0,2638.0,
587.0,1494.0,3207.0,1299.0,2248.0,1731.0,2882.0,2224.0,1731.0,2531.0,738.0,152.0,136.0,2882.0,,,2777.0,168.0,,,,3404.0,534.0,2665.0,
710.0,1637.0,3256.0,1529.0,2311.0,1918.0,3404.0,3057.0,2638.0,2553.0,2581.0,173.0,611.0,3404.0,,,3047.0,2447.0,,,,3668.0,1090.0,214.0,
774.0,1960.0,3465.0,1617.0,2500.0,1926.0,3668.0,136.0,2665.0,2575.0,3596.0,1071.0,618.0,3668.0,,,3281.0,2528.0,,,,365.0,1230.0,591.0,
1174.0,2526.0,3578.0,2016.0,2517.0,1989.0,461.0,312.0,214.0,2603.0,292.0,1496.0,1240.0,461.0,,,63.0,2894.0,,,,461.0,1233.0,879.0,
1405.0,278.0,3617.0,2185.0,2637.0,2180.0,925.0,618.0,591.0,2677.0,315.0,2356.0,1494.0,925.0,,,416.0,1279.0,,,,925.0,2063.0,2953.0,
1729.0,534.0,3626.0,2590.0,2665.0,2248.0,991.0,1283.0,879.0,2769.0,1850.0,2556.0,1637.0,991.0,,,620.0,1750.0,,,,991.0,2189.0,119.0,
1767.0,1090.0,738.0,2734.0,2669.0,2311.0,1077.0,1770.0,2953.0,2837.0,2550.0,3273.0,1960.0,1077.0,,,946.0,1680.0,,,,1077.0,2202.0,381.0,
3046.0,1230.0,2581.0,2736.0,3013.0,2500.0,1198.0,1789.0,119.0,3107.0,304.0,3321.0,2526.0,1198.0,,,1170.0,1910.0,,,,1198.0,2308.0,621.0,
3300.0,1233.0,3596.0,2760.0,3096.0,2517.0,1217.0,1960.0,381.0,3132.0,3076.0,3507.0,278.0,1217.0,,,1356.0,2993.0,,,,1217.0,2470.0,783.0,
3453.0,2063.0,292.0,2777.0,3362.0,2637.0,1362.0,2399.0,621.0,3207.0,3627.0,991.0,534.0,1362.0,,,1793.0,3433.0,,,,1731.0,2514.0,858.0,
3497.0,2189.0,315.0,2842.0,3369.0,2665.0,1731.0,2497.0,783.0,3256.0,317.0,1197.0,1090.0,1731.0,,,1994.0,1128.0,,,,1814.0,2531.0,968.0,
775.0,2202.0,1850.0,2962.0,3812.0,2669.0,2638.0,2847.0,858.0,3465.0,2412.0,1262.0,1230.0,2638.0,,,2534.0,2000.0,,,,2638.0,2553.0,1148.0,
41.0,2308.0,2550.0,3091.0,3844.0,3013.0,2665.0,3015.0,968.0,3578.0,1620.0,2597.0,1233.0,2665.0,,,2573.0,3818.0,,,,2665.0,2575.0,1216.0,
136.0,2470.0,304.0,3121.0,76.0,3096.0,214.0,3109.0,1148.0,3617.0,1974.0,2638.0,2063.0,214.0,,,2613.0,1456.0,,,,591.0,2603.0,1728.0,
611.0,2514.0,3076.0,3520.0,119.0,3362.0,591.0,3270.0,1216.0,3626.0,2463.0,2722.0,2189.0,591.0,,,2829.0,3010.0,,,,879.0,2677.0,1822.0,
618.0,2531.0,3627.0,3705.0,426.0,3369.0,879.0,3666.0,1728.0,738.0,565.0,2838.0,2202.0,879.0,,,3658.0,916.0,,,,1265.0,2837.0,1829.0,
1240.0,2553.0,317.0,3709.0,434.0,3812.0,2953.0,1590.0,1822.0,2581.0,1097.0,2849.0,2308.0,2953.0,,,689.0,2457.0,,,,2953.0,3107.0,2050.0,
1494.0,2575.0,2412.0,3777.0,509.0,3844.0,119.0,2850.0,1829.0,3596.0,1229.0,3303.0,2470.0,119.0,,,936.0,3020.0,,,,119.0,3207.0,2425.0,
1637.0,2603.0,1620.0,437.0,621.0,76.0,381.0,4.0,2050.0,292.0,809.0,3667.0,2514.0,381.0,,,166.0,3825.0,,,,621.0,3256.0,2777.0,
1960.0,2677.0,1974.0,1091.0,968.0,119.0,621.0,94.0,2425.0,315.0,2084.0,2478.0,2531.0,621.0,,,3400.0,544.0,,,,783.0,3465.0,2955.0,
2526.0,2837.0,2463.0,1387.0,995.0,426.0,783.0,255.0,2777.0,1850.0,2093.0,3419.0,2553.0,783.0,,,20.0,651.0,,,,858.0,3578.0,3047.0,
278.0,3107.0,565.0,1700.0,1032.0,434.0,858.0,348.0,2955.0,2550.0,739.0,214.0,2575.0,858.0,,,220.0,1280.0,,,,917.0,3617.0,3281.0,
534.0,3207.0,1097.0,2393.0,1042.0,509.0,968.0,429.0,3047.0,304.0,1791.0,1447.0,2603.0,968.0,,,271.0,3770.0,,,,968.0,3626.0,3709.0,
1090.0,3256.0,1229.0,3254.0,1105.0,621.0,1148.0,441.0,3281.0,3076.0,2419.0,3075.0,2677.0,1148.0,,,446.0,723.0,,,,1148.0,738.0,63.0,
1230.0,3465.0,809.0,3311.0,1201.0,968.0,1216.0,490.0,3709.0,3627.0,1842.0,260.0,2837.0,1216.0,,,812.0,1773.0,,,,1159.0,2581.0,416.0,
1233.0,3578.0,2084.0,145.0,1297.0,995.0,1728.0,597.0,63.0,317.0,3595.0,307.0,3107.0,1728.0,,,1394.0,1395.0,,,,1216.0,3596.0,620.0,
2063.0,3617.0,2093.0,215.0,1491.0,1032.0,1822.0,728.0,416.0,2412.0,3679.0,487.0,3207.0,1822.0,,,1724.0,200.0,,,,1728.0,292.0,800.0,
2189.0,3626.0,739.0,252.0,1520.0,1042.0,1829.0,1072.0,620.0,1620.0,2611.0,652.0,3256.0,1829.0,,,2038.0,228.0,,,,1822.0,315.0,946.0,
2202.0,738.0,1791.0,256.0,1570.0,1105.0,2050.0,1090.0,800.0,1974.0,961.0,677.0,3465.0,2050.0,,,2324.0,540.0,,,,1829.0,1850.0,1170.0,
2308.0,2581.0,2419.0,273.0,1675.0,1201.0,2425.0,1439.0,946.0,2463.0,2549.0,763.0,3578.0,2425.0,,,2364.0,560.0,,,,2050.0,2550.0,1356.0,
2470.0,3596.0,1842.0,537.0,1728.0,1297.0,2777.0,1532.0,1170.0,565.0,0.0,783.0,3617.0,2777.0,,,2442.0,1043.0,,,,2544.0,304.0,1793.0,
2514.0,292.0,3595.0,1069.0,1819.0,1491.0,2955.0,1902.0,1356.0,1097.0,996.0,927.0,3626.0,2955.0,,,2502.0,1084.0,,,,2690.0,3076.0,1994.0,
2531.0,315.0,3679.0,2726.0,1829.0,1520.0,3047.0,1947.0,1793.0,1229.0,1667.0,1159.0,738.0,3047.0,,,2503.0,1234.0,,,,2777.0,3627.0,2534.0,
2553.0,1850.0,2611.0,3219.0,1908.0,1570.0,3281.0,2575.0,1994.0,809.0,1874.0,1299.0,2581.0,3281.0,,,2697.0,1354.0,,,,3281.0,317.0,2573.0,
2575.0,2550.0,961.0,3328.0,2041.0,1675.0,3709.0,2725.0,2534.0,2084.0,2326.0,1529.0,3596.0,3709.0,,,2718.0,1503.0,,,,3709.0,2412.0,2829.0,
2603.0,304.0,2549.0,3467.0,2222.0,1728.0,63.0,2848.0,2573.0,2093.0,2443.0,1617.0,292.0,63.0,,,2751.0,1578.0,,,,416.0,1620.0,3467.0,
2677.0,3076.0,0.0,3541.0,2385.0,1819.0,416.0,2851.0,2829.0,739.0,2578.0,2016.0,315.0,416.0,,,2876.0,1682.0,,,,946.0,1974.0,3658.0,
2837.0,3627.0,996.0,20.0,2544.0,1829.0,620.0,3479.0,3467.0,1791.0,71.0,2185.0,1850.0,620.0,,,3011.0,1843.0,,,,1170.0,2463.0,689.0,
3107.0,317.0,1667.0,160.0,2767.0,1908.0,800.0,3617.0,3658.0,2419.0,897.0,2590.0,2550.0,800.0,,,3330.0,1940.0,,,,1356.0,565.0,936.0,
3207.0,2412.0,1874.0,405.0,2773.0,2041.0,946.0,3640.0,689.0,1842.0,965.0,2734.0,304.0,946.0,,,3469.0,2095.0,,,,1793.0,1097.0,166.0,
3256.0,1620.0,2326.0,533.0,2955.0,2222.0,1170.0,3664.0,936.0,3595.0,1218.0,2736.0,3076.0,1170.0,,,680.0,2493.0,,,,1994.0,1229.0,3400.0,
3465.0,1974.0,2443.0,812.0,2964.0,2385.0,1356.0,3791.0,166.0,3679.0,1621.0,2760.0,3627.0,1356.0,,,2272.0,2500.0,,,,2534.0,809.0,20.0,
3578.0,2463.0,2578.0,1374.0,3047.0,2544.0,1793.0,22.0,3400.0,2611.0,1709.0,2777.0,317.0,1793.0,,,163.0,2532.0,,,,2573.0,2084.0,220.0,
3617.0,565.0,71.0,1733.0,3161.0,2767.0,1994.0,428.0,20.0,961.0,1870.0,2842.0,2412.0,1994.0,,,164.0,2785.0,,,,2829.0,2093.0,271.0,
3626.0,1097.0,897.0,2324.0,3178.0,2773.0,2534.0,563.0,220.0,2549.0,211.0,2962.0,1620.0,2534.0,,,406.0,2811.0,,,,3467.0,739.0,446.0,
738.0,1229.0,965.0,2453.0,3182.0,2955.0,2573.0,648.0,271.0,0.0,294.0,3091.0,1974.0,2573.0,,,430.0,2969.0,,,,3658.0,1791.0,812.0,
2581.0,809.0,1218.0,2697.0,3281.0,2964.0,2829.0,799.0,446.0,996.0,515.0,3121.0,2463.0,2829.0,,,561.0,3116.0,,,,689.0,2419.0,1394.0,
3596.0,2084.0,1621.0,2761.0,3457.0,3047.0,3658.0,921.0,812.0,1667.0,577.0,3520.0,565.0,3658.0,,,650.0,3235.0,,,,936.0,1842.0,1724.0,
292.0,2093.0,1709.0,2835.0,3614.0,3161.0,689.0,1023.0,1394.0,1874.0,581.0,3705.0,1097.0,689.0,,,1045.0,3319.0,,,,166.0,3595.0,1730.0,
315.0,739.0,1870.0,3167.0,65.0,3178.0,936.0,1051.0,1724.0,2326.0,635.0,3709.0,1229.0,936.0,,,1186.0,3388.0,,,,3400.0,3679.0,2038.0,
1850.0,1791.0,211.0,3461.0,169.0,3182.0,166.0,1136.0,1730.0,2443.0,988.0,3777.0,809.0,166.0,,,1459.0,3477.0,,,,20.0,2611.0,2324.0,
2550.0,2419.0,515.0,3469.0,377.0,3281.0,3400.0,1328.0,2038.0,2578.0,1379.0,437.0,2084.0,3400.0,,,1600.0,3555.0,,,,220.0,961.0,2364.0,
304.0,1842.0,577.0,3563.0,416.0,3457.0,20.0,1340.0,2324.0,71.0,1403.0,1091.0,2093.0,20.0,,,1706.0,3742.0,,,,446.0,2549.0,2442.0,
3076.0,3595.0,581.0,3757.0,427.0,3614.0,220.0,1344.0,2364.0,897.0,1460.0,1387.0,739.0,220.0,,,1930.0,3194.0,,,,812.0,0.0,2502.0,
3627.0,3679.0,635.0,3819.0,715.0,65.0,271.0,1430.0,2442.0,965.0,1609.0,1700.0,1791.0,271.0,,,1949.0,84.0,,,,1724.0,996.0,2503.0,
317.0,2611.0,988.0,1511.0,800.0,169.0,446.0,1483.0,2502.0,1218.0,2032.0,2393.0,2419.0,446.0,,,2005.0,1792.0,,,,1730.0,1667.0,2697.0,
2412.0,961.0,1379.0,1611.0,1144.0,377.0,812.0,1743.0,2503.0,1621.0,2319.0,3254.0,1842.0,812.0,,,2169.0,2646.0,,,,2038.0,1874.0,2718.0,
1620.0,2549.0,1403.0,1826.0,1170.0,416.0,1394.0,2015.0,2697.0,1709.0,2614.0,3311.0,3595.0,1394.0,,,2283.0,516.0,,,,2364.0,2326.0,2876.0,
1974.0,0.0,1460.0,2194.0,1335.0,427.0,1724.0,2149.0,2718.0,1870.0,2810.0,145.0,3679.0,1724.0,,,2345.0,1101.0,,,,2442.0,2443.0,2965.0,
2463.0,996.0,1609.0,2695.0,1360.0,715.0,1730.0,2369.0,2876.0,211.0,3039.0,215.0,2611.0,1730.0,,,3056.0,2950.0,,,,2503.0,2578.0,3011.0,
565.0,1667.0,2032.0,3418.0,1601.0,800.0,2038.0,2483.0,2965.0,294.0,3372.0,252.0,961.0,2038.0,,,3080.0,385.0,,,,2697.0,71.0,3330.0,
1097.0,1874.0,2319.0,128.0,2428.0,1144.0,2324.0,2609.0,3011.0,515.0,253.0,256.0,2549.0,2324.0,,,3279.0,786.0,,,,2751.0,897.0,680.0,
1229.0,2326.0,2614.0,164.0,2534.0,1170.0,2364.0,2676.0,3330.0,577.0,476.0,273.0,0.0,2364.0,,,64.0,1167.0,,,,2876.0,965.0,2272.0,
809.0,2443.0,2810.0,165.0,2573.0,1335.0,2442.0,2772.0,680.0,581.0,902.0,537.0,996.0,2442.0,,,370.0,1475.0,,,,2965.0,1218.0,128.0,
2084.0,2578.0,3039.0,406.0,2613.0,1360.0,2502.0,2843.0,2272.0,635.0,1804.0,1069.0,1667.0,2502.0,,,587.0,1707.0,,,,3011.0,1621.0,163.0,
2093.0,71.0,3372.0,629.0,2762.0,1601.0,2503.0,2915.0,128.0,988.0,2357.0,2726.0,1874.0,2503.0,,,710.0,1972.0,,,,3469.0,1709.0,164.0,
739.0,897.0,253.0,672.0,2829.0,2428.0,2697.0,3031.0,163.0,1379.0,2579.0,3219.0,2326.0,2697.0,,,774.0,3037.0,,,,680.0,1870.0,406.0,
1791.0,965.0,476.0,680.0,2990.0,2534.0,2718.0,3063.0,164.0,1403.0,865.0,3328.0,2443.0,2718.0,,,1174.0,3218.0,,,,2272.0,211.0,561.0,
2419.0,1218.0,902.0,780.0,3016.0,2573.0,2876.0,3066.0,406.0,1460.0,2082.0,3467.0,2578.0,2876.0,,,1405.0,3347.0,,,,128.0,294.0,650.0,
1842.0,1621.0,1804.0,1045.0,3175.0,2613.0,2965.0,43.0,561.0,1609.0,2551.0,3541.0,71.0,2965.0,,,1729.0,3374.0,,,,163.0,515.0,1186.0,
3595.0,1709.0,2357.0,1174.0,3289.0,2762.0,3011.0,308.0,650.0,2032.0,173.0,20.0,897.0,3011.0,,,1767.0,3682.0,,,,164.0,577.0,1459.0,
3679.0,1870.0,2579.0,1504.0,3397.0,2829.0,3330.0,327.0,1186.0,2319.0,1666.0,160.0,965.0,3330.0,,,3046.0,3693.0,,,,406.0,581.0,1600.0,
2611.0,211.0,865.0,1562.0,3501.0,2990.0,680.0,353.0,1459.0,2614.0,2356.0,405.0,1218.0,680.0,,,3300.0,3845.0,,,,561.0,635.0,1706.0,
961.0,294.0,2082.0,1600.0,3522.0,3016.0,2272.0,536.0,1600.0,2810.0,2556.0,533.0,1621.0,2272.0,,,3453.0,30.0,,,,650.0,988.0,1863.0,
2549.0,515.0,2551.0,1639.0,496.0,3175.0,128.0,833.0,1706.0,3039.0,3321.0,812.0,1709.0,128.0,,,3497.0,1317.0,,,,1045.0,1379.0,1930.0,
0.0,577.0,173.0,1713.0,742.0,3289.0,163.0,1053.0,1863.0,3372.0,669.0,1374.0,294.0,163.0,,,775.0,1686.0,,,,1186.0,1460.0,1949.0,
996.0,581.0,1666.0,1720.0,1081.0,3397.0,164.0,1224.0,1930.0,253.0,1197.0,1733.0,515.0,164.0,,,41.0,1852.0,,,,1459.0,1609.0,2005.0,
1667.0,635.0,2356.0,1846.0,1083.0,3501.0,406.0,1265.0,1949.0,476.0,1262.0,2324.0,577.0,406.0,,,136.0,1959.0,,,,1706.0,2032.0,2169.0,
1874.0,988.0,2556.0,1906.0,1291.0,3522.0,561.0,1311.0,2005.0,902.0,1911.0,2453.0,581.0,561.0,,,611.0,3018.0,,,,1863.0,2319.0,2283.0,
2326.0,1379.0,3321.0,2073.0,2720.0,496.0,650.0,1923.0,2169.0,1804.0,2597.0,2697.0,635.0,650.0,,,618.0,3206.0,,,,1930.0,2614.0,2345.0,
2443.0,1460.0,669.0,2205.0,2945.0,742.0,1186.0,2083.0,2283.0,2357.0,2722.0,2761.0,988.0,1186.0,,,1240.0,3472.0,,,,1949.0,2810.0,3056.0,
2578.0,1609.0,1197.0,2323.0,3287.0,1081.0,1459.0,2085.0,2345.0,2579.0,2838.0,2835.0,1379.0,1459.0,,,1494.0,68.0,,,,2005.0,3039.0,3279.0,
71.0,2032.0,1262.0,2472.0,3318.0,1083.0,1600.0,2094.0,3056.0,865.0,2849.0,3167.0,1460.0,1600.0,,,1637.0,807.0,,,,2043.0,3372.0,64.0,
897.0,2319.0,1911.0,2488.0,3400.0,1291.0,1706.0,2115.0,3279.0,2082.0,3221.0,3461.0,1609.0,1706.0,,,1960.0,2034.0,,,,2169.0,253.0,370.0,
965.0,2614.0,2597.0,2518.0,34.0,2720.0,1863.0,2608.0,64.0,2551.0,3303.0,3469.0,2032.0,1863.0,,,2526.0,2402.0,,,,2283.0,476.0,774.0,
1218.0,2810.0,2722.0,2565.0,146.0,2945.0,1930.0,2763.0,370.0,173.0,3667.0,3563.0,2319.0,1930.0,,,278.0,2469.0,,,,2345.0,902.0,1174.0,
1621.0,3039.0,2838.0,2952.0,311.0,3287.0,1949.0,2821.0,774.0,1666.0,2478.0,3757.0,2614.0,1949.0,,,534.0,3231.0,,,,3056.0,2357.0,1767.0,
1709.0,3372.0,2849.0,3038.0,761.0,3318.0,2005.0,3002.0,1174.0,2356.0,3419.0,3819.0,2810.0,2005.0,,,1090.0,3575.0,,,,3080.0,2579.0,3046.0,
1870.0,253.0,3221.0,3056.0,2648.0,3400.0,2169.0,3295.0,1767.0,3321.0,260.0,1511.0,3039.0,2169.0,,,1230.0,451.0,,,,3279.0,865.0,3300.0,
211.0,476.0,3303.0,3100.0,3339.0,34.0,2283.0,3399.0,3046.0,669.0,652.0,1611.0,3372.0,2283.0,,,1233.0,242.0,,,,370.0,2082.0,3453.0,
294.0,902.0,3667.0,3244.0,12.0,146.0,2345.0,3618.0,3300.0,1197.0,677.0,1826.0,253.0,2345.0,,,2063.0,836.0,,,,587.0,2551.0,3497.0,
515.0,2357.0,2478.0,3292.0,198.0,311.0,3056.0,3619.0,3453.0,1262.0,927.0,2194.0,476.0,3056.0,,,2189.0,1472.0,,,,710.0,173.0,775.0,
577.0,2579.0,3419.0,3482.0,326.0,761.0,3279.0,2050.0,3497.0,1911.0,1191.0,2695.0,902.0,3279.0,,,2202.0,2184.0,,,,774.0,1666.0,41.0,
581.0,865.0,260.0,3585.0,379.0,1171.0,64.0,2770.0,775.0,2597.0,1299.0,3418.0,2357.0,64.0,,,2308.0,940.0,,,,1174.0,2356.0,136.0,
635.0,2082.0,652.0,3594.0,557.0,2648.0,370.0,17.0,41.0,2722.0,1617.0,128.0,2579.0,370.0,,,2470.0,1487.0,,,,1405.0,3321.0,611.0,
988.0,2551.0,677.0,193.0,601.0,3339.0,774.0,53.0,136.0,2838.0,2590.0,164.0,865.0,774.0,,,2514.0,3672.0,,,,1729.0,669.0,618.0,
1379.0,173.0,927.0,367.0,649.0,12.0,1174.0,140.0,611.0,2849.0,2734.0,165.0,2082.0,1174.0,,,2531.0,1122.0,,,,3046.0,1197.0,1240.0,
1460.0,1666.0,1191.0,831.0,707.0,198.0,1767.0,452.0,618.0,3221.0,2736.0,406.0,2551.0,1767.0,,,2553.0,1322.0,,,,3453.0,1262.0,1494.0,
1609.0,2356.0,1299.0,1841.0,898.0,326.0,3046.0,589.0,1240.0,3303.0,2760.0,629.0,173.0,3046.0,,,2575.0,1781.0,,,,3497.0,1911.0,1960.0,
2032.0,3321.0,1617.0,2074.0,1200.0,379.0,3300.0,808.0,1494.0,3667.0,2962.0,672.0,1666.0,3300.0,,,2603.0,1953.0,,,,775.0,2597.0,2526.0,
2319.0,669.0,2590.0,2224.0,1294.0,557.0,3453.0,863.0,1960.0,2478.0,3091.0,680.0,2356.0,3453.0,,,2677.0,3634.0,,,,41.0,2722.0,278.0,
2614.0,1197.0,2734.0,3057.0,1380.0,649.0,3497.0,1235.0,2526.0,3419.0,3121.0,780.0,2556.0,3497.0,,,2837.0,449.0,,,,136.0,2838.0,534.0,
2810.0,1262.0,2736.0,136.0,1388.0,707.0,775.0,1362.0,278.0,260.0,3705.0,1045.0,3321.0,775.0,,,3107.0,1102.0,,,,611.0,3221.0,1090.0,
3039.0,1911.0,2760.0,312.0,1455.0,898.0,41.0,1416.0,534.0,652.0,3777.0,1174.0,669.0,41.0,,,3256.0,1237.0,,,,618.0,3303.0,1230.0,
3372.0,2597.0,2962.0,618.0,1535.0,1200.0,136.0,1545.0,1090.0,677.0,437.0,1504.0,1197.0,136.0,,,3578.0,1418.0,,,,1240.0,2478.0,1233.0,
253.0,2722.0,3091.0,1283.0,1549.0,1294.0,611.0,1606.0,1230.0,927.0,1091.0,1562.0,1262.0,611.0,,,3617.0,2812.0,,,,1494.0,3419.0,2189.0,
476.0,2838.0,3121.0,1770.0,1808.0,1380.0,618.0,1731.0,1233.0,1191.0,1387.0,1600.0,1911.0,618.0,,,3626.0,,,,,1637.0,260.0,2308.0,
902.0,3221.0,3705.0,1789.0,1811.0,1388.0,1240.0,1918.0,2189.0,1299.0,1700.0,1639.0,2597.0,1240.0,,,738.0,,,,,1960.0,652.0,2514.0,
2357.0,3303.0,3777.0,1960.0,1851.0,1455.0,1494.0,1926.0,2308.0,1617.0,2393.0,1713.0,2722.0,1494.0,,,2581.0,,,,,2526.0,677.0,2531.0,
2579.0,2478.0,437.0,2399.0,2046.0,1535.0,1960.0,1989.0,2514.0,2590.0,3254.0,1720.0,2838.0,1960.0,,,3596.0,,,,,1090.0,927.0,2553.0,
865.0,3419.0,1091.0,2497.0,2157.0,1549.0,2526.0,2180.0,2531.0,2734.0,3311.0,1846.0,3221.0,2526.0,,,292.0,,,,,1233.0,1191.0,2603.0,
2082.0,260.0,1387.0,2847.0,2218.0,1808.0,278.0,2311.0,2553.0,2736.0,145.0,1906.0,3303.0,278.0,,,315.0,,,,,2063.0,1299.0,2677.0,
2551.0,652.0,1700.0,3015.0,2401.0,1811.0,534.0,2500.0,2603.0,2760.0,273.0,1958.0,2478.0,534.0,,,1850.0,,,,,2202.0,1617.0,2769.0,
173.0,677.0,2393.0,3109.0,2495.0,1851.0,1090.0,2517.0,2677.0,2962.0,1771.0,2073.0,3419.0,1090.0,,,2550.0,,,,,2470.0,2590.0,2837.0,
1666.0,927.0,3254.0,3270.0,2621.0,2046.0,1230.0,2637.0,2769.0,3091.0,2693.0,2205.0,260.0,1230.0,,,304.0,,,,,2514.0,2734.0,3107.0,
2356.0,1191.0,3311.0,3666.0,2622.0,2157.0,1233.0,2665.0,2837.0,3121.0,160.0,2323.0,652.0,1233.0,,,3076.0,,,,,2531.0,2736.0,3132.0,
2556.0,1299.0,145.0,1590.0,3040.0,2218.0,2189.0,2669.0,3107.0,3705.0,350.0,2472.0,677.0,2189.0,,,3627.0,,,,,2553.0,2760.0,3256.0,
3321.0,1617.0,273.0,2850.0,3375.0,2401.0,2308.0,3013.0,3132.0,3777.0,533.0,2488.0,927.0,2308.0,,,317.0,,,,,2575.0,2962.0,3465.0,
669.0,2590.0,2693.0,4.0,3464.0,2495.0,2514.0,3362.0,3256.0,437.0,1374.0,2518.0,1191.0,2514.0,,,2412.0,,,,,2603.0,3091.0,3578.0,
1197.0,2734.0,160.0,94.0,3491.0,2621.0,2531.0,3369.0,3465.0,1091.0,1733.0,2565.0,1299.0,2531.0,,,1620.0,,,,,2677.0,3121.0,3617.0,
1262.0,2736.0,350.0,255.0,3556.0,2622.0,2553.0,3812.0,3578.0,1387.0,2453.0,2952.0,1617.0,2553.0,,,1974.0,,,,,2769.0,3705.0,3626.0,
1911.0,2760.0,533.0,348.0,3589.0,3040.0,2603.0,3844.0,3617.0,1700.0,2761.0,3038.0,2590.0,2603.0,,,2463.0,,,,,2837.0,3777.0,738.0,
2597.0,2962.0,1374.0,429.0,3702.0,3375.0,2769.0,76.0,3626.0,2393.0,2835.0,3056.0,2734.0,2769.0,,,565.0,,,,,3107.0,437.0,2581.0,
2722.0,3091.0,1733.0,441.0,3769.0,3464.0,2837.0,119.0,738.0,3254.0,3167.0,3100.0,2736.0,2837.0,,,1229.0,,,,,3207.0,1091.0,3596.0,
2838.0,3121.0,2453.0,490.0,3782.0,3491.0,3107.0,426.0,2581.0,3311.0,3426.0,3244.0,2760.0,3107.0,,,809.0,,,,,3256.0,1387.0,292.0,
3221.0,3705.0,2761.0,597.0,33.0,3556.0,3132.0,434.0,3596.0,145.0,3563.0,3292.0,2962.0,3132.0,,,2084.0,,,,,3465.0,1700.0,315.0,
3303.0,3777.0,2835.0,728.0,134.0,3589.0,3465.0,509.0,292.0,273.0,3757.0,3482.0,3091.0,3465.0,,,2093.0,,,,,3578.0,2393.0,1850.0,
2478.0,437.0,3167.0,1072.0,220.0,3702.0,3578.0,968.0,315.0,1771.0,3819.0,3585.0,3121.0,3578.0,,,739.0,,,,,3617.0,3254.0,2550.0,
3419.0,1091.0,3426.0,1090.0,271.0,3769.0,3617.0,995.0,1850.0,2693.0,629.0,3594.0,3705.0,3617.0,,,1791.0,,,,,3626.0,3311.0,304.0,
260.0,1387.0,3563.0,1439.0,355.0,3782.0,3626.0,1032.0,2550.0,160.0,1504.0,193.0,3777.0,3626.0,,,2419.0,,,,,738.0,145.0,3076.0,
652.0,1700.0,3757.0,1532.0,446.0,33.0,738.0,1105.0,304.0,350.0,1713.0,367.0,437.0,738.0,,,1842.0,,,,,2581.0,273.0,3627.0,
677.0,2393.0,3819.0,1902.0,507.0,134.0,2581.0,1201.0,3076.0,533.0,1958.0,831.0,1091.0,2581.0,,,3595.0,,,,,3596.0,1771.0,317.0,
927.0,3254.0,629.0,1947.0,542.0,220.0,3596.0,1297.0,3627.0,1374.0,2073.0,1841.0,1387.0,3596.0,,,3679.0,,,,,292.0,2693.0,2412.0,
1191.0,3311.0,1504.0,2575.0,616.0,271.0,292.0,1491.0,317.0,1733.0,2205.0,2074.0,1700.0,292.0,,,2611.0,,,,,315.0,160.0,1620.0,
1299.0,145.0,1713.0,2725.0,678.0,355.0,315.0,1520.0,2412.0,2453.0,2323.0,2224.0,2393.0,315.0,,,961.0,,,,,1850.0,350.0,1974.0,
1617.0,273.0,1958.0,2848.0,788.0,446.0,1850.0,1570.0,1620.0,2761.0,2444.0,3057.0,3254.0,1850.0,,,2549.0,,,,,2550.0,533.0,2463.0,
2590.0,1771.0,2073.0,2851.0,901.0,507.0,2550.0,1675.0,1974.0,2835.0,2488.0,136.0,3311.0,2550.0,,,0.0,,,,,304.0,1374.0,565.0,
2734.0,2693.0,2205.0,3479.0,903.0,542.0,304.0,1728.0,2463.0,3167.0,2952.0,312.0,145.0,304.0,,,996.0,,,,,3076.0,1733.0,1097.0,
2736.0,160.0,2323.0,3617.0,958.0,616.0,3076.0,1819.0,565.0,3426.0,3038.0,618.0,273.0,3076.0,,,1667.0,,,,,3627.0,2453.0,1229.0,
2760.0,350.0,2488.0,3640.0,1276.0,678.0,3627.0,1829.0,1097.0,3563.0,3100.0,1283.0,1771.0,3627.0,,,1874.0,,,,,317.0,2761.0,809.0,
2962.0,533.0,2952.0,3664.0,1479.0,788.0,317.0,1908.0,1229.0,3757.0,3244.0,1770.0,2693.0,317.0,,,2326.0,,,,,2412.0,2835.0,2084.0,
3091.0,1374.0,3038.0,3791.0,1730.0,901.0,2412.0,2041.0,809.0,3819.0,3505.0,1789.0,160.0,2412.0,,,2443.0,,,,,1620.0,3167.0,2093.0,
3121.0,1733.0,3100.0,22.0,1758.0,903.0,1620.0,2222.0,2084.0,629.0,3585.0,1960.0,350.0,1620.0,,,2578.0,,,,,1974.0,3426.0,739.0,
3705.0,2453.0,3244.0,428.0,1800.0,958.0,1974.0,2385.0,2093.0,1504.0,3594.0,2399.0,533.0,1974.0,,,71.0,,,,,2463.0,3563.0,1791.0,
3777.0,2761.0,3505.0,563.0,1831.0,1276.0,2463.0,2544.0,739.0,1713.0,3608.0,2497.0,1374.0,2463.0,,,897.0,,,,,565.0,3757.0,2419.0,
437.0,2835.0,3585.0,648.0,1862.0,1479.0,565.0,2767.0,1791.0,1958.0,2074.0,2847.0,1733.0,565.0,,,965.0,,,,,1097.0,3819.0,1842.0,
1091.0,3167.0,3594.0,799.0,1992.0,1730.0,1097.0,2773.0,2419.0,2073.0,312.0,3015.0,2453.0,1097.0,,,1218.0,,,,,1229.0,629.0,3595.0,
1387.0,3426.0,3608.0,921.0,2007.0,1758.0,1229.0,2955.0,1842.0,2205.0,1283.0,3109.0,2761.0,1229.0,,,1621.0,,,,,809.0,1504.0,3679.0,
1700.0,3563.0,2074.0,1023.0,2392.0,1800.0,809.0,2964.0,3595.0,2323.0,1770.0,3270.0,2835.0,809.0,,,1709.0,,,,,2084.0,1713.0,2611.0,
2393.0,3757.0,312.0,1051.0,2437.0,1831.0,2084.0,3047.0,3679.0,2444.0,1789.0,3666.0,3167.0,2084.0,,,1870.0,,,,,2093.0,2073.0,961.0,
3254.0,3819.0,1283.0,1136.0,2458.0,1862.0,2093.0,3161.0,2611.0,2488.0,2399.0,1590.0,3426.0,2093.0,,,211.0,,,,,739.0,2205.0,2549.0,
3311.0,629.0,1770.0,1328.0,2502.0,1992.0,1791.0,3178.0,961.0,2952.0,2497.0,2850.0,3563.0,739.0,,,294.0,,,,,1791.0,2323.0,0.0,
145.0,1504.0,1789.0,1340.0,2667.0,2007.0,2419.0,3182.0,2549.0,3038.0,2847.0,4.0,3757.0,1791.0,,,515.0,,,,,2419.0,2444.0,996.0,
273.0,1713.0,2399.0,1344.0,2876.0,2392.0,1842.0,3281.0,0.0,3100.0,3015.0,94.0,3819.0,2419.0,,,577.0,,,,,1842.0,2488.0,1667.0,
1771.0,2073.0,2497.0,1430.0,2877.0,2437.0,3595.0,3457.0,996.0,3244.0,3109.0,255.0,629.0,1842.0,,,581.0,,,,,3595.0,3038.0,1874.0,
2693.0,2205.0,2847.0,1483.0,2965.0,2458.0,3679.0,3614.0,1667.0,3505.0,3270.0,348.0,1504.0,3595.0,,,635.0,,,,,3679.0,3100.0,2326.0,
160.0,2323.0,3015.0,1743.0,3011.0,2502.0,2611.0,65.0,1874.0,3585.0,3542.0,429.0,1713.0,3679.0,,,988.0,,,,,2611.0,3244.0,2443.0,
350.0,2444.0,3109.0,2015.0,3146.0,2667.0,961.0,169.0,2326.0,3594.0,3666.0,441.0,1958.0,2611.0,,,1379.0,,,,,961.0,3505.0,2578.0,
533.0,2488.0,3270.0,2149.0,3225.0,2876.0,2549.0,377.0,2443.0,3608.0,3780.0,490.0,2073.0,961.0,,,1460.0,,,,,2549.0,3585.0,71.0,
1374.0,3038.0,3542.0,2369.0,3251.0,2877.0,0.0,427.0,2578.0,2074.0,255.0,597.0,2205.0,2549.0,,,1609.0,,,,,0.0,3594.0,897.0,
1733.0,3100.0,3666.0,2483.0,3309.0,2965.0,996.0,715.0,71.0,312.0,348.0,728.0,2323.0,0.0,,,2032.0,,,,,996.0,3608.0,965.0,
2453.0,3244.0,3780.0,2609.0,3330.0,3011.0,1667.0,800.0,897.0,1283.0,441.0,1072.0,2444.0,996.0,,,2319.0,,,,,1667.0,2074.0,1218.0,
2761.0,3505.0,255.0,2676.0,3338.0,3146.0,1874.0,1144.0,965.0,1789.0,490.0,1090.0,2488.0,1667.0,,,2614.0,,,,,1874.0,312.0,1621.0,
2835.0,3585.0,348.0,2772.0,3348.0,3225.0,2326.0,1170.0,1218.0,2399.0,597.0,1439.0,3038.0,1874.0,,,2810.0,,,,,2326.0,1283.0,1709.0,
3167.0,3594.0,441.0,2843.0,3380.0,3251.0,2443.0,1335.0,1621.0,2497.0,728.0,1532.0,3100.0,2326.0,,,3039.0,,,,,2443.0,1770.0,1870.0,
3426.0,3608.0,490.0,2915.0,3475.0,3309.0,2578.0,1360.0,1709.0,2847.0,1072.0,1902.0,3244.0,2443.0,,,3372.0,,,,,2578.0,1789.0,211.0,
3563.0,2074.0,597.0,3031.0,3500.0,3330.0,71.0,1601.0,1870.0,3015.0,1439.0,1947.0,3505.0,2578.0,,,253.0,,,,,71.0,2399.0,294.0,
3757.0,312.0,728.0,3063.0,3565.0,3338.0,897.0,2428.0,211.0,3109.0,1463.0,2575.0,3585.0,71.0,,,476.0,,,,,897.0,2497.0,515.0,
3819.0,1283.0,1072.0,3066.0,3680.0,3348.0,965.0,2534.0,294.0,3270.0,1532.0,2725.0,3594.0,897.0,,,902.0,,,,,965.0,2847.0,577.0,
629.0,1770.0,1439.0,43.0,3687.0,3380.0,1218.0,2573.0,515.0,3542.0,1718.0,2848.0,3608.0,965.0,,,2357.0,,,,,1218.0,3015.0,581.0,
1504.0,1789.0,1463.0,308.0,23.0,3475.0,1621.0,2613.0,577.0,3666.0,1902.0,2851.0,2074.0,1218.0,,,2579.0,,,,,1621.0,3109.0,635.0,
1713.0,2399.0,1532.0,327.0,151.0,3500.0,1709.0,2762.0,581.0,3780.0,1947.0,3479.0,312.0,1621.0,,,865.0,,,,,1709.0,3270.0,988.0,
1958.0,2497.0,1718.0,353.0,291.0,3565.0,1870.0,2829.0,635.0,255.0,2848.0,3617.0,1283.0,1709.0,,,2082.0,,,,,1870.0,3542.0,1379.0,
2073.0,2847.0,1902.0,536.0,421.0,3680.0,211.0,2990.0,988.0,348.0,3479.0,3640.0,1770.0,1870.0,,,2551.0,,,,,211.0,3666.0,1460.0,
2205.0,3015.0,1947.0,603.0,530.0,3687.0,294.0,3175.0,1379.0,441.0,3640.0,3664.0,1789.0,211.0,,,173.0,,,,,294.0,3780.0,1609.0,
2323.0,3109.0,2848.0,833.0,650.0,23.0,515.0,3289.0,1460.0,490.0,3664.0,3791.0,2399.0,294.0,,,1666.0,,,,,515.0,255.0,2319.0,
2444.0,3270.0,3479.0,1053.0,671.0,151.0,577.0,3397.0,1609.0,597.0,3791.0,22.0,2497.0,515.0,,,2356.0,,,,,577.0,348.0,2614.0,
2488.0,3542.0,3640.0,1224.0,684.0,291.0,581.0,3501.0,2319.0,728.0,22.0,428.0,2847.0,577.0,,,3321.0,,,,,581.0,441.0,2810.0,
3038.0,3666.0,3664.0,1265.0,818.0,421.0,635.0,3522.0,2614.0,1072.0,428.0,563.0,3015.0,581.0,,,669.0,,,,,635.0,490.0,3039.0,
3100.0,3780.0,3791.0,1311.0,970.0,530.0,988.0,496.0,2810.0,1439.0,435.0,648.0,3109.0,635.0,,,1197.0,,,,,988.0,597.0,3372.0,
3244.0,255.0,22.0,1923.0,990.0,650.0,1379.0,742.0,3039.0,1463.0,1051.0,799.0,3270.0,988.0,,,1262.0,,,,,1379.0,728.0,253.0,
3505.0,348.0,428.0,2083.0,1160.0,671.0,1460.0,1081.0,3372.0,1532.0,1106.0,921.0,3542.0,1379.0,,,1911.0,,,,,1403.0,1072.0,476.0,
3585.0,441.0,435.0,2085.0,1247.0,684.0,1609.0,1083.0,253.0,1718.0,1139.0,1023.0,3666.0,1460.0,,,2597.0,,,,,1460.0,1439.0,902.0,
3594.0,490.0,1051.0,2094.0,1523.0,818.0,2319.0,1291.0,476.0,1902.0,1340.0,1051.0,3780.0,1609.0,,,2722.0,,,,,1609.0,1463.0,2357.0,
3608.0,597.0,1106.0,2115.0,1665.0,970.0,2614.0,2720.0,902.0,1947.0,1430.0,1136.0,255.0,2319.0,,,2838.0,,,,,2032.0,1532.0,2579.0,
2074.0,728.0,1139.0,2608.0,1706.0,990.0,2810.0,2945.0,2357.0,2848.0,1875.0,1328.0,348.0,2614.0,,,3221.0,,,,,2319.0,1718.0,865.0,
312.0,1072.0,1340.0,2763.0,1719.0,1160.0,3039.0,3287.0,2579.0,3479.0,2015.0,1340.0,441.0,2810.0,,,2478.0,,,,,2614.0,1902.0,2082.0,
1283.0,1439.0,1430.0,2821.0,1934.0,1247.0,3372.0,3318.0,865.0,3640.0,2149.0,1344.0,490.0,3039.0,,,3419.0,,,,,2810.0,1947.0,2551.0,
1770.0,1463.0,1875.0,3002.0,1949.0,1523.0,253.0,3400.0,2082.0,3664.0,2440.0,1430.0,597.0,3372.0,,,260.0,,,,,3039.0,2848.0,173.0,
1789.0,1532.0,2015.0,3295.0,2004.0,1665.0,476.0,311.0,2551.0,3791.0,2483.0,1483.0,728.0,253.0,,,652.0,,,,,3372.0,3479.0,1666.0,
2399.0,1718.0,2149.0,3399.0,2005.0,1706.0,902.0,761.0,173.0,22.0,2843.0,1743.0,1072.0,476.0,,,677.0,,,,,253.0,3640.0,2356.0,
2497.0,1902.0,2440.0,3618.0,2021.0,1719.0,2357.0,1171.0,1666.0,428.0,3063.0,2015.0,1439.0,902.0,,,927.0,,,,,476.0,3664.0,2556.0,
2847.0,1947.0,2483.0,3619.0,2023.0,1934.0,2579.0,2648.0,2356.0,435.0,43.0,2149.0,1463.0,2357.0,,,1191.0,,,,,902.0,3791.0,3321.0,
3015.0,2848.0,2843.0,2050.0,2169.0,1949.0,865.0,3339.0,2556.0,1106.0,308.0,2369.0,1532.0,2579.0,,,1299.0,,,,,1804.0,22.0,669.0,
3109.0,3479.0,3063.0,2770.0,2452.0,2004.0,2082.0,12.0,3321.0,1139.0,327.0,2483.0,1718.0,865.0,,,1617.0,,,,,2357.0,435.0,1197.0,
3270.0,3640.0,43.0,17.0,2598.0,2005.0,2551.0,198.0,669.0,1340.0,603.0,2609.0,1902.0,2082.0,,,2590.0,,,,,2579.0,1051.0,1262.0,
3542.0,3664.0,308.0,53.0,2625.0,2021.0,173.0,326.0,1197.0,1430.0,833.0,2676.0,1947.0,2551.0,,,2734.0,,,,,865.0,1106.0,1911.0,
3666.0,3791.0,327.0,140.0,2875.0,2023.0,2356.0,379.0,1262.0,1875.0,1053.0,2772.0,2848.0,173.0,,,2736.0,,,,,2082.0,1139.0,2597.0,
3780.0,22.0,603.0,452.0,3080.0,2169.0,2556.0,557.0,1911.0,2015.0,1224.0,2843.0,3479.0,2356.0,,,2760.0,,,,,2551.0,1340.0,2722.0,
255.0,435.0,833.0,589.0,3332.0,2452.0,3321.0,601.0,2597.0,2149.0,1923.0,2915.0,3640.0,2556.0,,,2962.0,,,,,173.0,1430.0,2838.0,
348.0,1051.0,1053.0,808.0,3378.0,2598.0,669.0,649.0,2722.0,2440.0,2083.0,3031.0,3664.0,3321.0,,,3091.0,,,,,1666.0,1875.0,2849.0,
441.0,1106.0,1224.0,863.0,3451.0,2625.0,1197.0,707.0,2838.0,2483.0,2085.0,3063.0,3791.0,669.0,,,3121.0,,,,,2356.0,2149.0,3221.0,
490.0,1139.0,1923.0,1235.0,3531.0,2875.0,1262.0,898.0,2849.0,2843.0,2094.0,3066.0,22.0,1197.0,,,3777.0,,,,,2556.0,2440.0,3303.0,
597.0,1340.0,2083.0,1362.0,3600.0,3080.0,1911.0,1200.0,3221.0,3063.0,2115.0,43.0,428.0,1262.0,,,437.0,,,,,3321.0,2483.0,3667.0,
728.0,1430.0,2085.0,1416.0,117.0,3332.0,2597.0,1294.0,3303.0,43.0,2763.0,308.0,435.0,1911.0,,,1387.0,,,,,669.0,3063.0,2478.0,
1072.0,1875.0,2094.0,1545.0,248.0,3378.0,2722.0,1380.0,3667.0,308.0,2821.0,327.0,1051.0,2597.0,,,1700.0,,,,,1197.0,43.0,3419.0,
1439.0,2149.0,2115.0,1606.0,587.0,3451.0,2838.0,1388.0,2478.0,327.0,3002.0,353.0,1106.0,2722.0,,,2393.0,,,,,1262.0,308.0,260.0,
1463.0,2440.0,2763.0,1731.0,710.0,3531.0,2849.0,1455.0,3419.0,603.0,3295.0,536.0,1139.0,2838.0,,,3254.0,,,,,1911.0,327.0,652.0,
1532.0,2483.0,2821.0,1918.0,774.0,3600.0,3221.0,1535.0,260.0,833.0,3399.0,603.0,1340.0,2849.0,,,3311.0,,,,,2597.0,603.0,677.0,
1718.0,3063.0,3002.0,1926.0,817.0,117.0,3303.0,1549.0,652.0,1053.0,3618.0,833.0,1430.0,3221.0,,,145.0,,,,,2722.0,833.0,927.0,
1902.0,43.0,3295.0,1989.0,973.0,248.0,3667.0,1808.0,677.0,1224.0,3619.0,1053.0,1875.0,3303.0,,,273.0,,,,,2838.0,1053.0,1191.0,
1947.0,308.0,3399.0,2180.0,1007.0,587.0,2478.0,1811.0,927.0,1923.0,17.0,1224.0,2149.0,3667.0,,,1771.0,,,,,2849.0,1224.0,1299.0,
2848.0,327.0,3618.0,2311.0,1169.0,710.0,3419.0,1851.0,1191.0,2083.0,53.0,1265.0,2440.0,2478.0,,,2693.0,,,,,3221.0,1923.0,1617.0,
3479.0,603.0,3619.0,2500.0,1273.0,774.0,260.0,2046.0,1299.0,2085.0,140.0,1311.0,2483.0,3419.0,,,160.0,,,,,3303.0,2083.0,2590.0,
3640.0,833.0,17.0,2517.0,1377.0,817.0,652.0,2157.0,1617.0,2094.0,452.0,1923.0,3063.0,260.0,,,350.0,,,,,3667.0,2085.0,2734.0,
3664.0,1053.0,53.0,2637.0,1405.0,973.0,677.0,2218.0,2590.0,2115.0,573.0,2083.0,43.0,652.0,,,533.0,,,,,2478.0,2094.0,2736.0,
3791.0,1224.0,140.0,2665.0,1767.0,1007.0,927.0,2401.0,2734.0,2763.0,808.0,2085.0,308.0,677.0,,,1374.0,,,,,3419.0,2115.0,2962.0,
22.0,1923.0,452.0,2669.0,1776.0,1169.0,1191.0,2621.0,2736.0,2821.0,863.0,2094.0,327.0,927.0,,,1733.0,,,,,260.0,2763.0,3091.0,
428.0,2083.0,573.0,3013.0,1784.0,1273.0,1299.0,3040.0,2962.0,3002.0,945.0,2115.0,603.0,1191.0,,,2453.0,,,,,652.0,2821.0,3121.0,
435.0,2085.0,808.0,3362.0,1935.0,1377.0,1617.0,3375.0,3091.0,3295.0,1235.0,2608.0,833.0,1299.0,,,2761.0,,,,,677.0,3002.0,3705.0,
1051.0,2094.0,863.0,3369.0,2118.0,1405.0,2590.0,3464.0,3121.0,3399.0,1416.0,2763.0,1053.0,1617.0,,,2835.0,,,,,927.0,3295.0,3777.0,
1106.0,2115.0,945.0,3812.0,2395.0,1767.0,2734.0,3491.0,3705.0,3618.0,1545.0,2821.0,1224.0,2590.0,,,3167.0,,,,,1191.0,3399.0,437.0,
1139.0,2763.0,1235.0,3844.0,2863.0,1776.0,2736.0,3556.0,3777.0,3619.0,1606.0,3002.0,1923.0,2734.0,,,3426.0,,,,,1299.0,3618.0,1091.0,
1340.0,2821.0,1416.0,76.0,3300.0,1784.0,2962.0,3589.0,437.0,17.0,1918.0,3295.0,2083.0,2736.0,,,3563.0,,,,,1617.0,3619.0,1387.0,
1430.0,3002.0,1545.0,119.0,3304.0,1935.0,3091.0,3702.0,1091.0,53.0,1926.0,3399.0,2085.0,2962.0,,,3757.0,,,,,2590.0,17.0,1700.0,
1875.0,3295.0,1606.0,426.0,3569.0,2118.0,3121.0,3769.0,1387.0,140.0,1989.0,3618.0,2094.0,3091.0,,,3819.0,,,,,2734.0,53.0,2393.0,
2149.0,3399.0,1918.0,434.0,3570.0,2395.0,3705.0,3782.0,1700.0,452.0,2180.0,3619.0,2115.0,3121.0,,,629.0,,,,,2736.0,140.0,3254.0,
2440.0,3618.0,1926.0,509.0,3602.0,2863.0,3777.0,134.0,2393.0,573.0,2248.0,2050.0,2763.0,3705.0,,,1504.0,,,,,2760.0,452.0,3311.0,
2483.0,3619.0,1989.0,968.0,3754.0,3300.0,437.0,220.0,3254.0,808.0,2311.0,2770.0,2821.0,3777.0,,,1713.0,,,,,2962.0,573.0,145.0,
3063.0,17.0,2180.0,995.0,1272.0,3304.0,1091.0,271.0,3311.0,945.0,2500.0,17.0,3002.0,437.0,,,1958.0,,,,,3091.0,808.0,273.0,
43.0,53.0,2248.0,1032.0,1936.0,3569.0,1387.0,355.0,145.0,1235.0,2517.0,53.0,3295.0,1091.0,,,2073.0,,,,,3121.0,863.0,1771.0,
308.0,140.0,2311.0,1105.0,2853.0,3570.0,2393.0,446.0,273.0,1416.0,2637.0,140.0,3399.0,1387.0,,,2205.0,,,,,3705.0,945.0,2693.0,
327.0,452.0,2500.0,1201.0,2919.0,3602.0,3254.0,542.0,1771.0,1545.0,2669.0,452.0,3618.0,1700.0,,,2323.0,,,,,3777.0,1235.0,160.0,
603.0,573.0,2517.0,1297.0,2989.0,3754.0,3311.0,616.0,2693.0,1606.0,3013.0,589.0,3619.0,2393.0,,,2444.0,,,,,437.0,1416.0,350.0,
833.0,808.0,2637.0,1491.0,3427.0,1272.0,145.0,678.0,160.0,1918.0,3096.0,808.0,17.0,3254.0,,,2488.0,,,,,1091.0,1545.0,533.0,
1053.0,863.0,2669.0,1520.0,3536.0,1936.0,273.0,901.0,350.0,1926.0,3362.0,863.0,53.0,3311.0,,,3038.0,,,,,1387.0,1606.0,1374.0,
1224.0,945.0,3013.0,1570.0,35.0,2853.0,1771.0,903.0,533.0,1989.0,3369.0,1235.0,140.0,145.0,,,3100.0,,,,,1700.0,1918.0,1733.0,
1923.0,1235.0,3096.0,1675.0,133.0,2919.0,2693.0,958.0,1374.0,2180.0,3812.0,1362.0,452.0,273.0,,,3244.0,,,,,2393.0,1926.0,2453.0,
2083.0,1416.0,3362.0,1728.0,378.0,2989.0,160.0,1479.0,1733.0,2248.0,3844.0,1416.0,573.0,1771.0,,,3505.0,,,,,3254.0,1989.0,2761.0,
2085.0,1545.0,3369.0,1819.0,492.0,3427.0,350.0,1730.0,2453.0,2311.0,426.0,1545.0,808.0,2693.0,,,3585.0,,,,,3311.0,2180.0,2835.0,
2094.0,1606.0,3812.0,1829.0,588.0,3536.0,533.0,1758.0,2761.0,2500.0,509.0,1606.0,863.0,160.0,,,3594.0,,,,,145.0,2248.0,3167.0,
2115.0,1918.0,3844.0,1908.0,1253.0,35.0,1374.0,1831.0,2835.0,2517.0,1032.0,1731.0,945.0,350.0,,,3608.0,,,,,273.0,2311.0,3426.0,
2763.0,1926.0,426.0,2041.0,1555.0,133.0,1733.0,1862.0,3167.0,2637.0,1042.0,1918.0,1235.0,533.0,,,2074.0,,,,,2693.0,2500.0,3563.0,
2821.0,1989.0,509.0,2222.0,1775.0,378.0,2453.0,2007.0,3426.0,2669.0,1105.0,1926.0,1416.0,1374.0,,,312.0,,,,,160.0,2637.0,3757.0,
3002.0,2180.0,1032.0,2385.0,2113.0,492.0,2761.0,2392.0,3563.0,3013.0,1201.0,1989.0,1545.0,1733.0,,,1283.0,,,,,350.0,2669.0,3819.0,
3295.0,2248.0,1042.0,2544.0,2315.0,588.0,2835.0,2437.0,3757.0,3096.0,1297.0,2180.0,1606.0,2453.0,,,1770.0,,,,,533.0,3013.0,629.0,
3399.0,2311.0,1105.0,2767.0,2420.0,1253.0,3167.0,2458.0,3819.0,3362.0,1491.0,2311.0,1918.0,2761.0,,,1789.0,,,,,1374.0,3096.0,1504.0,
3618.0,2500.0,1201.0,2773.0,2561.0,1555.0,3426.0,2502.0,629.0,3369.0,1520.0,2500.0,1926.0,2835.0,,,2399.0,,,,,1733.0,3362.0,1713.0,
3619.0,2637.0,1297.0,2955.0,2574.0,1775.0,3563.0,2667.0,1504.0,3844.0,1675.0,2517.0,1989.0,3167.0,,,2497.0,,,,,2453.0,3369.0,1958.0,
17.0,2669.0,1491.0,2964.0,2662.0,2113.0,3757.0,2876.0,1713.0,426.0,1819.0,2637.0,2180.0,3426.0,,,2847.0,,,,,2761.0,3812.0,2073.0,
53.0,3013.0,1520.0,3047.0,3306.0,2315.0,3819.0,2965.0,1958.0,509.0,1908.0,2665.0,2248.0,3563.0,,,3015.0,,,,,2835.0,426.0,2205.0,
140.0,3096.0,1675.0,3161.0,3486.0,2561.0,629.0,3011.0,2073.0,1032.0,2041.0,2669.0,2311.0,3757.0,,,3109.0,,,,,3167.0,509.0,2323.0,
452.0,3362.0,1819.0,3178.0,3760.0,2574.0,1504.0,3146.0,2205.0,1042.0,2222.0,3013.0,2500.0,3819.0,,,3270.0,,,,,3426.0,1032.0,2444.0,
573.0,3369.0,1908.0,3182.0,3773.0,2662.0,1713.0,3225.0,2323.0,1105.0,2385.0,3362.0,2637.0,629.0,,,3542.0,,,,,3563.0,1042.0,2488.0,
808.0,3812.0,2041.0,3281.0,29.0,3306.0,1958.0,3251.0,2444.0,1201.0,2964.0,3369.0,2669.0,1504.0,,,3666.0,,,,,3757.0,1105.0,2952.0,
863.0,426.0,2222.0,3457.0,341.0,3486.0,2073.0,3309.0,2488.0,1297.0,3161.0,3812.0,3013.0,1713.0,,,3780.0,,,,,3819.0,1201.0,3038.0,
945.0,509.0,2385.0,3614.0,673.0,3760.0,2205.0,3338.0,2952.0,1491.0,3178.0,3844.0,3096.0,1958.0,,,255.0,,,,,629.0,1297.0,3100.0,
1235.0,1032.0,2964.0,65.0,703.0,3773.0,2323.0,3348.0,3038.0,1520.0,3182.0,76.0,3362.0,2073.0,,,348.0,,,,,1504.0,1491.0,3244.0,
1416.0,1042.0,3161.0,169.0,887.0,29.0,2444.0,3380.0,3100.0,1675.0,3457.0,119.0,3369.0,2205.0,,,441.0,,,,,1713.0,1520.0,3505.0,
1545.0,1105.0,3178.0,377.0,1044.0,341.0,2488.0,3475.0,3244.0,1819.0,3614.0,426.0,3812.0,2323.0,,,490.0,,,,,1958.0,1675.0,3585.0,
1606.0,1201.0,3182.0,427.0,1143.0,673.0,2952.0,3500.0,3505.0,1908.0,377.0,434.0,426.0,2444.0,,,597.0,,,,,2073.0,1819.0,3594.0,
1918.0,1297.0,3457.0,715.0,1147.0,703.0,3038.0,3565.0,3585.0,2041.0,427.0,509.0,509.0,2488.0,,,728.0,,,,,2205.0,1908.0,3608.0,
1926.0,1491.0,3614.0,800.0,1156.0,887.0,3100.0,3680.0,3594.0,2222.0,1144.0,968.0,1032.0,2952.0,,,1072.0,,,,,2323.0,2041.0,2074.0,
1989.0,1520.0,377.0,1144.0,1172.0,1044.0,3244.0,3687.0,3608.0,2385.0,1601.0,995.0,1042.0,3038.0,,,1439.0,,,,,2444.0,2222.0,312.0,
2180.0,1675.0,427.0,1170.0,1329.0,1143.0,3505.0,23.0,2074.0,2964.0,3016.0,1032.0,1105.0,3100.0,,,1463.0,,,,,2488.0,2385.0,1283.0,
2248.0,1819.0,1601.0,1335.0,1337.0,1147.0,3585.0,291.0,312.0,3161.0,3501.0,1105.0,1201.0,3244.0,,,1532.0,,,,,2952.0,2964.0,1770.0,
2311.0,1908.0,3016.0,1360.0,1547.0,1156.0,3594.0,421.0,1283.0,3178.0,496.0,1201.0,1297.0,3505.0,,,1718.0,,,,,3038.0,3161.0,1789.0,
2500.0,2041.0,3501.0,1601.0,1786.0,1172.0,3608.0,530.0,1770.0,3182.0,1291.0,1297.0,1491.0,3585.0,,,1902.0,,,,,3100.0,3178.0,2399.0,
2637.0,2222.0,496.0,2428.0,1881.0,1329.0,2074.0,650.0,1789.0,3457.0,34.0,1491.0,1520.0,3594.0,,,1947.0,,,,,3244.0,3182.0,2497.0,
2669.0,2385.0,1291.0,2534.0,2160.0,1337.0,312.0,671.0,2399.0,3614.0,146.0,1520.0,1675.0,3608.0,,,2848.0,,,,,3505.0,3457.0,2847.0,
3013.0,2964.0,34.0,2573.0,2161.0,1547.0,1283.0,970.0,2497.0,377.0,311.0,1570.0,1819.0,2074.0,,,3479.0,,,,,3585.0,3614.0,3015.0,
3096.0,3161.0,146.0,2613.0,2298.0,1786.0,1770.0,990.0,2847.0,427.0,761.0,1675.0,1908.0,312.0,,,3640.0,,,,,3594.0,377.0,3109.0,
3362.0,3178.0,311.0,2762.0,2406.0,1881.0,1789.0,1160.0,3015.0,1144.0,1171.0,1728.0,2041.0,1283.0,,,3791.0,,,,,3608.0,427.0,3270.0,
3369.0,3182.0,761.0,2829.0,2414.0,2160.0,2399.0,1247.0,3109.0,1601.0,2648.0,1819.0,2222.0,1770.0,,,22.0,,,,,2074.0,1144.0,3542.0,
3812.0,3457.0,1171.0,2990.0,2563.0,2161.0,2497.0,1665.0,3270.0,3016.0,3339.0,1829.0,2385.0,1789.0,,,435.0,,,,,312.0,1601.0,3666.0,
426.0,3614.0,2648.0,3175.0,2730.0,2298.0,2847.0,1706.0,3542.0,3501.0,12.0,1908.0,2964.0,2399.0,,,1051.0,,,,,1283.0,3016.0,3780.0,
509.0,377.0,3339.0,3289.0,2857.0,2406.0,3015.0,1719.0,3666.0,496.0,198.0,2041.0,3161.0,2497.0,,,1106.0,,,,,1770.0,496.0,255.0,
1032.0,427.0,12.0,3397.0,2888.0,2414.0,3109.0,1934.0,3780.0,1291.0,326.0,2222.0,3178.0,2847.0,,,1139.0,,,,,1789.0,1291.0,348.0,
1042.0,1144.0,198.0,3501.0,2911.0,2563.0,3542.0,1949.0,255.0,34.0,379.0,2385.0,3182.0,3015.0,,,1340.0,,,,,2399.0,34.0,441.0,
1105.0,1601.0,326.0,3522.0,2940.0,2730.0,3666.0,2004.0,348.0,146.0,557.0,2544.0,3457.0,3109.0,,,1430.0,,,,,2497.0,146.0,490.0,
1201.0,3016.0,379.0,496.0,3071.0,2857.0,3780.0,2005.0,441.0,311.0,601.0,2767.0,3614.0,3542.0,,,1875.0,,,,,2847.0,311.0,597.0,
1297.0,496.0,557.0,742.0,3177.0,2888.0,255.0,2021.0,490.0,761.0,649.0,2773.0,377.0,3666.0,,,2149.0,,,,,3015.0,761.0,728.0,
1491.0,1291.0,601.0,1081.0,3227.0,2911.0,348.0,2023.0,597.0,1171.0,707.0,2955.0,427.0,3780.0,,,2440.0,,,,,3109.0,1171.0,1072.0,
1520.0,34.0,649.0,1083.0,3252.0,2940.0,441.0,2452.0,728.0,2648.0,898.0,2964.0,1144.0,255.0,,,2483.0,,,,,3270.0,2648.0,1439.0,
1675.0,146.0,707.0,1291.0,3258.0,3071.0,490.0,2598.0,1072.0,3339.0,1200.0,3047.0,1601.0,348.0,,,3063.0,,,,,3542.0,3339.0,1463.0,
1819.0,311.0,898.0,2720.0,3276.0,3177.0,597.0,2625.0,1439.0,12.0,1294.0,3161.0,3016.0,441.0,,,43.0,,,,,3666.0,12.0,1532.0,
1908.0,761.0,1200.0,2945.0,3468.0,3227.0,728.0,2875.0,1463.0,198.0,1380.0,3178.0,496.0,490.0,,,308.0,,,,,3780.0,198.0,1718.0,
2041.0,1171.0,1294.0,3287.0,3551.0,3252.0,1072.0,3080.0,1532.0,326.0,1388.0,3182.0,1291.0,597.0,,,327.0,,,,,255.0,326.0,1902.0,
2222.0,2648.0,1380.0,3318.0,3707.0,3258.0,1439.0,3332.0,1718.0,379.0,1455.0,3281.0,34.0,728.0,,,603.0,,,,,348.0,379.0,1947.0,
2385.0,3339.0,1388.0,3400.0,138.0,3276.0,1463.0,3378.0,1902.0,557.0,1535.0,3457.0,146.0,1072.0,,,833.0,,,,,441.0,557.0,2848.0,
2964.0,12.0,1455.0,311.0,278.0,3468.0,1532.0,3451.0,1947.0,601.0,1549.0,3614.0,311.0,1439.0,,,1053.0,,,,,490.0,601.0,3640.0,
3161.0,198.0,1535.0,761.0,415.0,3551.0,1718.0,3531.0,2848.0,649.0,1808.0,65.0,761.0,1463.0,,,1923.0,,,,,597.0,649.0,3664.0,
3178.0,326.0,1549.0,1171.0,443.0,3707.0,1902.0,3600.0,3640.0,707.0,1811.0,169.0,1171.0,1532.0,,,2083.0,,,,,728.0,707.0,3791.0,
3182.0,379.0,1808.0,2648.0,460.0,138.0,1947.0,117.0,3664.0,898.0,1851.0,377.0,2648.0,1718.0,,,2094.0,,,,,1072.0,898.0,22.0,
3457.0,557.0,1811.0,3339.0,538.0,278.0,2848.0,587.0,3791.0,1200.0,2046.0,427.0,3339.0,1902.0,,,2115.0,,,,,1439.0,1200.0,428.0,
3614.0,601.0,1851.0,12.0,592.0,415.0,3640.0,710.0,22.0,1294.0,2157.0,715.0,12.0,1947.0,,,2821.0,,,,,1463.0,1294.0,435.0,
377.0,649.0,2046.0,198.0,661.0,443.0,3664.0,774.0,428.0,1380.0,2218.0,800.0,198.0,2848.0,,,3002.0,,,,,1532.0,1380.0,1051.0,
427.0,707.0,2157.0,326.0,708.0,460.0,3791.0,817.0,435.0,1388.0,2495.0,1144.0,326.0,3640.0,,,3295.0,,,,,1718.0,1388.0,1106.0,
1144.0,898.0,2218.0,379.0,734.0,538.0,22.0,973.0,1051.0,1455.0,2621.0,1170.0,379.0,3664.0,,,3399.0,,,,,1902.0,1455.0,1139.0,
1601.0,1200.0,2495.0,557.0,1060.0,592.0,435.0,1007.0,1106.0,1535.0,2622.0,1335.0,557.0,3791.0,,,3618.0,,,,,1947.0,1535.0,1340.0,
3016.0,1294.0,2621.0,601.0,1122.0,661.0,1051.0,1169.0,1139.0,1549.0,3040.0,1360.0,601.0,22.0,,,3619.0,,,,,2848.0,1549.0,1430.0,
496.0,1380.0,2622.0,649.0,1123.0,708.0,1106.0,1273.0,1340.0,1808.0,3375.0,1601.0,649.0,435.0,,,17.0,,,,,3479.0,1808.0,1875.0,
1291.0,1388.0,3040.0,707.0,1205.0,734.0,1139.0,1377.0,1430.0,1811.0,3464.0,2428.0,707.0,1051.0,,,53.0,,,,,3640.0,1811.0,2015.0,
34.0,1455.0,3375.0,898.0,1230.0,1060.0,1340.0,1405.0,1875.0,1851.0,3491.0,2534.0,898.0,1106.0,,,452.0,,,,,3664.0,1851.0,2149.0,
146.0,1535.0,3464.0,1200.0,1233.0,1122.0,1430.0,1776.0,2015.0,2046.0,3556.0,2573.0,1200.0,1139.0,,,573.0,,,,,3791.0,2046.0,2440.0,
311.0,1549.0,3491.0,1294.0,1359.0,1123.0,1875.0,1784.0,2149.0,2157.0,3589.0,2613.0,1294.0,1340.0,,,808.0,,,,,22.0,2157.0,2483.0,
761.0,1808.0,3556.0,1380.0,1363.0,1205.0,2015.0,1935.0,2440.0,2218.0,3702.0,2762.0,1380.0,1430.0,,,863.0,,,,,428.0,2218.0,2843.0,
1171.0,1811.0,3589.0,1388.0,1453.0,1230.0,2149.0,2118.0,2483.0,2495.0,3769.0,2829.0,1388.0,1875.0,,,945.0,,,,,435.0,2495.0,3063.0,
2648.0,1851.0,3702.0,1455.0,1476.0,1233.0,2440.0,2863.0,2843.0,2621.0,3782.0,2990.0,1455.0,2015.0,,,1416.0,,,,,1051.0,2621.0,43.0,
3339.0,2046.0,3769.0,1535.0,1498.0,1359.0,2483.0,3304.0,3063.0,2622.0,33.0,3175.0,1535.0,2149.0,,,1545.0,,,,,1106.0,2622.0,308.0,
12.0,2157.0,3782.0,1549.0,1583.0,1363.0,2843.0,3569.0,43.0,3040.0,134.0,3289.0,1549.0,2440.0,,,1606.0,,,,,1139.0,3040.0,327.0,
198.0,2218.0,33.0,1808.0,1624.0,1453.0,3063.0,3570.0,308.0,3375.0,355.0,3397.0,1808.0,2483.0,,,1918.0,,,,,1340.0,3375.0,603.0,
326.0,2495.0,134.0,1811.0,1969.0,1476.0,43.0,3602.0,327.0,3464.0,507.0,3501.0,1811.0,2843.0,,,1926.0,,,,,1430.0,3464.0,833.0,
379.0,2621.0,355.0,1851.0,1995.0,1498.0,308.0,3754.0,603.0,3491.0,542.0,3522.0,1851.0,3063.0,,,1989.0,,,,,1875.0,3491.0,1053.0,
557.0,2622.0,507.0,2046.0,2138.0,1583.0,327.0,1272.0,833.0,3556.0,678.0,496.0,2046.0,43.0,,,2180.0,,,,,2149.0,3556.0,1224.0,
601.0,3040.0,542.0,2157.0,2189.0,1624.0,603.0,1936.0,1053.0,3589.0,788.0,742.0,2157.0,308.0,,,2248.0,,,,,2440.0,3589.0,1923.0,
649.0,3375.0,678.0,2218.0,2246.0,1969.0,833.0,2853.0,1224.0,3702.0,901.0,1081.0,2218.0,327.0,,,2311.0,,,,,2483.0,3702.0,2083.0,
707.0,3464.0,788.0,2401.0,2297.0,1995.0,1053.0,2919.0,1923.0,3769.0,903.0,1083.0,2495.0,603.0,,,2500.0,,,,,2843.0,3769.0,2085.0,
898.0,3491.0,901.0,2621.0,2308.0,2138.0,1224.0,2989.0,2083.0,3782.0,958.0,1291.0,2621.0,833.0,,,2637.0,,,,,3063.0,3782.0,2094.0,
1200.0,3556.0,903.0,3040.0,2470.0,2189.0,1923.0,3427.0,2085.0,33.0,1276.0,2720.0,2622.0,1053.0,,,2669.0,,,,,43.0,33.0,2115.0,
1294.0,3589.0,958.0,3375.0,2475.0,2246.0,2083.0,3536.0,2094.0,134.0,1479.0,2945.0,3040.0,1224.0,,,3013.0,,,,,308.0,134.0,2763.0,
1380.0,3702.0,1276.0,3464.0,2507.0,2297.0,2085.0,35.0,2115.0,355.0,1758.0,3287.0,3375.0,1923.0,,,3096.0,,,,,327.0,355.0,2821.0,
1388.0,3769.0,1479.0,3491.0,2652.0,2308.0,2094.0,378.0,2763.0,507.0,1800.0,3318.0,3464.0,2083.0,,,3362.0,,,,,603.0,507.0,3002.0,
1455.0,3782.0,1758.0,3556.0,2707.0,2470.0,2115.0,492.0,2821.0,542.0,1831.0,3400.0,3491.0,2085.0,,,3369.0,,,,,833.0,542.0,3295.0,
1535.0,33.0,1800.0,3589.0,2716.0,2475.0,2763.0,588.0,3002.0,678.0,1992.0,311.0,3556.0,2094.0,,,3812.0,,,,,1053.0,678.0,3399.0,
1549.0,134.0,1831.0,3702.0,2769.0,2507.0,2821.0,1253.0,3295.0,788.0,2437.0,761.0,3589.0,2115.0,,,426.0,,,,,1224.0,788.0,3618.0,
1808.0,355.0,1992.0,3769.0,2826.0,2652.0,3002.0,1555.0,3399.0,901.0,2458.0,1171.0,3702.0,2763.0,,,509.0,,,,,1923.0,901.0,3619.0,
1811.0,507.0,2437.0,3782.0,2831.0,2707.0,3295.0,1775.0,3618.0,903.0,2877.0,2648.0,3769.0,2821.0,,,1032.0,,,,,2083.0,903.0,17.0,
1851.0,542.0,2458.0,134.0,2861.0,2716.0,3399.0,2113.0,3619.0,958.0,3146.0,3339.0,3782.0,3002.0,,,1042.0,,,,,2085.0,958.0,53.0,
2046.0,678.0,2877.0,220.0,2947.0,2769.0,3618.0,2315.0,17.0,1276.0,3225.0,12.0,33.0,3295.0,,,1201.0,,,,,2094.0,1276.0,140.0,
2157.0,788.0,3146.0,271.0,3029.0,2826.0,3619.0,2420.0,53.0,1479.0,3251.0,198.0,134.0,3399.0,,,1297.0,,,,,2115.0,1479.0,452.0,
2218.0,901.0,3225.0,355.0,3043.0,2831.0,17.0,2574.0,140.0,1758.0,3309.0,326.0,355.0,3618.0,,,1491.0,,,,,2763.0,1758.0,573.0,
2495.0,903.0,3251.0,446.0,3107.0,2861.0,53.0,2662.0,452.0,1800.0,3338.0,379.0,507.0,3619.0,,,1520.0,,,,,2821.0,1800.0,808.0,
2621.0,958.0,3309.0,542.0,3118.0,2947.0,140.0,3306.0,573.0,1831.0,3348.0,557.0,542.0,17.0,,,1675.0,,,,,3002.0,1831.0,863.0,
2622.0,1276.0,3338.0,616.0,3132.0,3029.0,452.0,3486.0,808.0,1992.0,3380.0,601.0,678.0,53.0,,,1819.0,,,,,3295.0,1992.0,945.0,
3040.0,1479.0,3348.0,678.0,3207.0,3043.0,573.0,3760.0,863.0,2437.0,3475.0,649.0,788.0,140.0,,,1908.0,,,,,3399.0,2437.0,1235.0,
3375.0,1758.0,3380.0,901.0,3253.0,3107.0,808.0,3773.0,945.0,2458.0,3500.0,707.0,901.0,452.0,,,2222.0,,,,,3618.0,2458.0,1416.0,
3464.0,1800.0,3475.0,903.0,3340.0,3118.0,863.0,29.0,1235.0,2877.0,3565.0,898.0,903.0,573.0,,,2385.0,,,,,3619.0,2877.0,1545.0,
3491.0,1831.0,3500.0,958.0,3470.0,3132.0,945.0,341.0,1416.0,3146.0,3680.0,1200.0,958.0,808.0,,,2964.0,,,,,17.0,3146.0,1606.0,
3556.0,1992.0,3565.0,1479.0,3578.0,3207.0,1235.0,673.0,1545.0,3225.0,3687.0,1294.0,1276.0,863.0,,,3161.0,,,,,53.0,3251.0,1918.0,
3589.0,2437.0,3680.0,1730.0,3673.0,3253.0,1416.0,703.0,1606.0,3251.0,151.0,1380.0,1479.0,945.0,,,3178.0,,,,,140.0,3309.0,1926.0,
3702.0,2458.0,3687.0,1758.0,3766.0,3340.0,1545.0,887.0,1918.0,3309.0,421.0,1388.0,1758.0,1235.0,,,3182.0,,,,,452.0,3338.0,1989.0,
3769.0,2877.0,151.0,1831.0,73.0,3470.0,1606.0,1143.0,1926.0,3338.0,684.0,1455.0,1800.0,1416.0,,,3457.0,,,,,573.0,3348.0,2180.0,
3782.0,3146.0,421.0,1862.0,219.0,3578.0,1918.0,1147.0,1989.0,3348.0,818.0,1535.0,1831.0,1545.0,,,377.0,,,,,808.0,3380.0,2248.0,
33.0,3225.0,684.0,2007.0,333.0,3673.0,1926.0,1156.0,2180.0,3380.0,970.0,1549.0,1992.0,1606.0,,,427.0,,,,,863.0,3475.0,2311.0,
134.0,3251.0,818.0,2392.0,501.0,3766.0,1989.0,1172.0,2248.0,3475.0,990.0,1808.0,2437.0,1918.0,,,1144.0,,,,,945.0,3500.0,2500.0,
355.0,3309.0,970.0,2437.0,598.0,73.0,2180.0,1337.0,2311.0,3500.0,1247.0,1811.0,2458.0,1926.0,,,1601.0,,,,,1235.0,3565.0,2517.0,
507.0,3338.0,990.0,2458.0,670.0,219.0,2248.0,1547.0,2500.0,3565.0,1523.0,1851.0,2877.0,1989.0,,,3016.0,,,,,1416.0,3680.0,2637.0,
542.0,3348.0,1247.0,2502.0,741.0,333.0,2311.0,1786.0,2517.0,3680.0,1665.0,2046.0,3146.0,2180.0,,,496.0,,,,,1545.0,3687.0,2669.0,
678.0,3380.0,1523.0,2667.0,798.0,501.0,2517.0,1881.0,2637.0,3687.0,1719.0,2157.0,3225.0,2248.0,,,1291.0,,,,,1606.0,151.0,3013.0,
788.0,3475.0,1665.0,2876.0,993.0,598.0,2637.0,2160.0,2669.0,151.0,2004.0,2218.0,3251.0,2311.0,,,34.0,,,,,1918.0,421.0,3096.0,
901.0,3500.0,1719.0,2965.0,1064.0,670.0,2669.0,2161.0,3013.0,421.0,2598.0,2401.0,3309.0,2517.0,,,146.0,,,,,1926.0,684.0,3362.0,
903.0,3565.0,2004.0,3011.0,1094.0,741.0,3013.0,2298.0,3096.0,684.0,2625.0,2621.0,3338.0,2637.0,,,311.0,,,,,1989.0,818.0,3369.0,
958.0,3680.0,2598.0,3146.0,1158.0,798.0,3096.0,2406.0,3362.0,818.0,2875.0,3040.0,3348.0,2669.0,,,761.0,,,,,2180.0,970.0,3812.0,
1276.0,3687.0,2625.0,3225.0,1210.0,993.0,3362.0,2414.0,3369.0,970.0,3378.0,3375.0,3380.0,3013.0,,,1171.0,,,,,2248.0,990.0,3844.0,
1479.0,151.0,2875.0,3251.0,1309.0,1064.0,3369.0,2563.0,3812.0,990.0,248.0,3464.0,3475.0,3096.0,,,2648.0,,,,,2311.0,1247.0,426.0,
1758.0,421.0,3378.0,3309.0,1332.0,1094.0,3812.0,2730.0,3844.0,1247.0,817.0,3491.0,3500.0,3362.0,,,3339.0,,,,,2500.0,1523.0,509.0,
1800.0,684.0,248.0,3338.0,1382.0,1158.0,3844.0,2857.0,426.0,1523.0,1784.0,3556.0,3565.0,3369.0,,,12.0,,,,,2517.0,1665.0,1032.0,
1831.0,818.0,817.0,3348.0,1397.0,1210.0,426.0,2888.0,509.0,1665.0,2395.0,3589.0,3680.0,3812.0,,,198.0,,,,,2637.0,1719.0,1042.0,
1992.0,970.0,1784.0,3380.0,1404.0,1309.0,509.0,2911.0,1032.0,1719.0,3569.0,3702.0,3687.0,3844.0,,,326.0,,,,,2669.0,2004.0,1201.0,
2437.0,990.0,2395.0,3475.0,1438.0,1332.0,1032.0,3071.0,1042.0,2004.0,3570.0,3769.0,151.0,426.0,,,379.0,,,,,3013.0,2598.0,1297.0,
2458.0,1247.0,3569.0,3565.0,1589.0,1382.0,1042.0,3177.0,1201.0,2598.0,3754.0,3782.0,421.0,509.0,,,557.0,,,,,3096.0,2625.0,1491.0,
2877.0,1523.0,3570.0,3680.0,1628.0,1397.0,1201.0,3227.0,1297.0,2625.0,2989.0,134.0,684.0,1032.0,,,601.0,,,,,3362.0,2875.0,1520.0,
3146.0,1665.0,3754.0,23.0,1704.0,1404.0,1297.0,3252.0,1491.0,2875.0,3427.0,220.0,818.0,1042.0,,,649.0,,,,,3369.0,3378.0,1675.0,
3225.0,1719.0,2989.0,291.0,1705.0,1438.0,1491.0,3258.0,1520.0,3378.0,3536.0,271.0,970.0,1201.0,,,707.0,,,,,3812.0,248.0,1819.0,
3251.0,2004.0,3427.0,421.0,1756.0,1589.0,1520.0,3276.0,1675.0,248.0,35.0,355.0,990.0,1297.0,,,898.0,,,,,3844.0,817.0,1908.0,
3309.0,2598.0,3536.0,530.0,1807.0,1628.0,1675.0,3468.0,1819.0,817.0,133.0,446.0,1247.0,1491.0,,,1200.0,,,,,509.0,1784.0,2041.0,
3338.0,2625.0,35.0,650.0,1849.0,1704.0,1819.0,3551.0,1908.0,1784.0,378.0,542.0,1523.0,1520.0,,,1294.0,,,,,1032.0,2395.0,2222.0,
3348.0,2875.0,133.0,671.0,1857.0,1705.0,1908.0,3707.0,2041.0,2395.0,492.0,616.0,1665.0,1675.0,,,1380.0,,,,,1042.0,3569.0,2385.0,
3380.0,3378.0,378.0,970.0,1956.0,1756.0,2041.0,278.0,2222.0,3569.0,588.0,678.0,1719.0,1819.0,,,1388.0,,,,,1105.0,3570.0,2964.0,
3475.0,248.0,492.0,990.0,1987.0,1807.0,2222.0,415.0,2385.0,3570.0,1253.0,901.0,2004.0,1908.0,,,1455.0,,,,,1201.0,3754.0,3161.0,
3500.0,817.0,588.0,1160.0,2265.0,1849.0,2385.0,460.0,2964.0,3754.0,1555.0,903.0,2598.0,2041.0,,,1535.0,,,,,1297.0,2989.0,3178.0,
3565.0,1784.0,1253.0,1247.0,2473.0,1857.0,2964.0,538.0,3161.0,2989.0,1775.0,958.0,2625.0,2222.0,,,1549.0,,,,,1491.0,3427.0,3614.0,
3680.0,2395.0,1555.0,1665.0,2562.0,1956.0,3161.0,592.0,3178.0,3427.0,2113.0,1479.0,2875.0,2964.0,,,1808.0,,,,,1520.0,3536.0,377.0,
3687.0,3569.0,1775.0,1706.0,2680.0,1987.0,3178.0,661.0,3614.0,3536.0,2315.0,1730.0,3378.0,3161.0,,,1811.0,,,,,1675.0,35.0,427.0,
151.0,3570.0,2113.0,1719.0,2819.0,2265.0,3614.0,708.0,377.0,35.0,2420.0,1758.0,248.0,3178.0,,,1851.0,,,,,1819.0,133.0,1144.0,
421.0,3754.0,2315.0,1934.0,2898.0,2473.0,377.0,734.0,427.0,133.0,2561.0,1831.0,817.0,3614.0,,,2046.0,,,,,1908.0,378.0,1601.0,
684.0,2989.0,2420.0,1949.0,2900.0,2562.0,427.0,1060.0,1144.0,378.0,2574.0,1862.0,1784.0,377.0,,,2157.0,,,,,2041.0,492.0,3016.0,
818.0,3427.0,2561.0,2004.0,3004.0,2680.0,1144.0,1122.0,1601.0,492.0,2662.0,2007.0,2395.0,427.0,,,2218.0,,,,,2222.0,588.0,3501.0,
970.0,3536.0,2574.0,2005.0,3308.0,2819.0,1601.0,1123.0,3016.0,588.0,3306.0,2392.0,3569.0,1144.0,,,2495.0,,,,,2385.0,1253.0,496.0,
990.0,35.0,2662.0,2021.0,3398.0,2898.0,3016.0,1205.0,3501.0,1253.0,3486.0,2437.0,3570.0,1601.0,,,2621.0,,,,,2964.0,1555.0,1291.0,
1247.0,133.0,3306.0,2023.0,3404.0,2900.0,3501.0,1359.0,496.0,1555.0,3760.0,2458.0,3754.0,3016.0,,,2622.0,,,,,3161.0,1775.0,34.0,
1523.0,378.0,3486.0,2452.0,3576.0,3004.0,496.0,1363.0,1291.0,1775.0,3773.0,2502.0,2989.0,3501.0,,,3040.0,,,,,3178.0,2113.0,146.0,
1665.0,492.0,3760.0,2598.0,3668.0,3308.0,1291.0,1453.0,34.0,2113.0,29.0,2667.0,3427.0,496.0,,,3375.0,,,,,3182.0,2315.0,311.0,
1719.0,588.0,3773.0,2625.0,3669.0,3398.0,34.0,1476.0,146.0,2315.0,341.0,2876.0,3536.0,1291.0,,,3464.0,,,,,3457.0,2420.0,761.0,
2004.0,1253.0,29.0,2875.0,50.0,3404.0,146.0,1498.0,311.0,2420.0,703.0,2965.0,35.0,34.0,,,3491.0,,,,,3614.0,2561.0,1171.0,
2598.0,1555.0,341.0,3080.0,174.0,3576.0,311.0,1624.0,761.0,2561.0,887.0,3011.0,133.0,146.0,,,3556.0,,,,,377.0,2574.0,2648.0,
2625.0,1775.0,703.0,3332.0,409.0,3668.0,761.0,1969.0,1171.0,2574.0,1044.0,3146.0,378.0,311.0,,,3589.0,,,,,427.0,2662.0,3339.0,
2875.0,2113.0,887.0,3378.0,591.0,3669.0,1171.0,1995.0,2648.0,2662.0,1143.0,3225.0,492.0,761.0,,,3702.0,,,,,1144.0,3306.0,12.0,
3378.0,2315.0,1044.0,3451.0,879.0,50.0,2648.0,2138.0,3339.0,3306.0,1147.0,3251.0,588.0,1171.0,,,3769.0,,,,,1601.0,3486.0,198.0,
248.0,2420.0,1143.0,3531.0,1017.0,174.0,3339.0,2189.0,12.0,3486.0,1172.0,3309.0,1253.0,2648.0,,,3782.0,,,,,3016.0,3760.0,326.0,
817.0,2561.0,1147.0,3600.0,1321.0,409.0,12.0,2246.0,198.0,3760.0,1329.0,3338.0,1555.0,3339.0,,,33.0,,,,,3501.0,3773.0,379.0,
1784.0,2574.0,1172.0,117.0,1938.0,591.0,198.0,2297.0,326.0,3773.0,1337.0,3348.0,1775.0,12.0,,,355.0,,,,,496.0,29.0,557.0,
2395.0,2662.0,1329.0,587.0,2171.0,879.0,326.0,2470.0,379.0,29.0,1547.0,3380.0,2113.0,198.0,,,507.0,,,,,1291.0,341.0,601.0,
3569.0,3306.0,1337.0,710.0,2586.0,1017.0,379.0,2475.0,601.0,341.0,1786.0,3475.0,2315.0,326.0,,,542.0,,,,,34.0,703.0,649.0,
3570.0,3486.0,1547.0,774.0,2953.0,1321.0,557.0,2652.0,649.0,703.0,1881.0,3500.0,2420.0,379.0,,,678.0,,,,,146.0,887.0,707.0,
3754.0,3760.0,1786.0,817.0,3128.0,1938.0,601.0,2707.0,707.0,887.0,2160.0,3565.0,2561.0,557.0,,,788.0,,,,,311.0,1044.0,898.0,
2989.0,3773.0,1881.0,973.0,3428.0,2171.0,649.0,2716.0,898.0,1044.0,2161.0,3680.0,2574.0,601.0,,,901.0,,,,,761.0,1143.0,1200.0,
3427.0,29.0,2160.0,1007.0,3532.0,2586.0,707.0,2769.0,1200.0,1143.0,2298.0,3687.0,2662.0,649.0,,,903.0,,,,,1171.0,1147.0,1294.0,
3536.0,341.0,2161.0,1169.0,417.0,2953.0,898.0,2826.0,1294.0,1147.0,2406.0,23.0,3306.0,707.0,,,958.0,,,,,2648.0,1172.0,1380.0,
35.0,703.0,2298.0,1273.0,1658.0,3128.0,1200.0,2831.0,1380.0,1172.0,2414.0,291.0,3486.0,898.0,,,1276.0,,,,,3339.0,1329.0,1388.0,
133.0,887.0,2406.0,1377.0,2471.0,3428.0,1294.0,2861.0,1388.0,1329.0,2563.0,421.0,3760.0,1200.0,,,1479.0,,,,,12.0,1337.0,1455.0,
378.0,1044.0,2414.0,1405.0,13.0,3532.0,1380.0,2947.0,1455.0,1337.0,2730.0,530.0,3773.0,1294.0,,,1758.0,,,,,198.0,1547.0,1535.0,
492.0,1143.0,2563.0,1776.0,27.0,417.0,1388.0,3029.0,1535.0,1547.0,2857.0,650.0,29.0,1380.0,,,1800.0,,,,,326.0,1786.0,1549.0,
588.0,1147.0,2730.0,1784.0,45.0,1658.0,1455.0,3043.0,1549.0,1786.0,2888.0,671.0,341.0,1388.0,,,1831.0,,,,,379.0,1881.0,1808.0,
1253.0,1172.0,2857.0,1935.0,51.0,2471.0,1535.0,3118.0,1808.0,1881.0,2911.0,970.0,703.0,1455.0,,,1992.0,,,,,557.0,2160.0,1811.0,
1555.0,1329.0,2888.0,2118.0,57.0,13.0,1549.0,3132.0,1811.0,2160.0,2940.0,990.0,887.0,1535.0,,,2437.0,,,,,601.0,2161.0,1851.0,
1775.0,1337.0,2911.0,2863.0,74.0,27.0,1808.0,3207.0,1851.0,2161.0,3071.0,1160.0,1044.0,1549.0,,,2458.0,,,,,649.0,2298.0,2046.0,
2113.0,1547.0,2940.0,3304.0,77.0,45.0,1811.0,3253.0,2046.0,2298.0,3177.0,1247.0,1143.0,1808.0,,,2877.0,,,,,707.0,2406.0,2157.0,
2315.0,1786.0,3071.0,3569.0,97.0,51.0,1851.0,3340.0,2157.0,2406.0,3227.0,1665.0,1147.0,1811.0,,,3146.0,,,,,898.0,2414.0,2218.0,
2420.0,1881.0,3177.0,3570.0,109.0,57.0,2046.0,3578.0,2218.0,2414.0,3258.0,1706.0,1172.0,1851.0,,,3225.0,,,,,1294.0,2563.0,2495.0,
2561.0,2160.0,3227.0,3602.0,144.0,74.0,2157.0,3766.0,2495.0,2563.0,3276.0,1719.0,1329.0,2046.0,,,3251.0,,,,,1380.0,2730.0,2621.0,
2574.0,2161.0,3258.0,3754.0,154.0,77.0,2218.0,73.0,2621.0,2730.0,3468.0,1934.0,1337.0,2157.0,,,3309.0,,,,,1388.0,2857.0,2622.0,
2662.0,2298.0,3276.0,1272.0,161.0,97.0,2495.0,333.0,2622.0,2857.0,3551.0,1949.0,1547.0,2218.0,,,3338.0,,,,,1455.0,2888.0,3040.0,
3306.0,2406.0,3468.0,1936.0,166.0,109.0,2621.0,501.0,3040.0,2888.0,3707.0,2004.0,1786.0,2495.0,,,3348.0,,,,,1535.0,2911.0,3375.0,
3486.0,2414.0,3551.0,2853.0,171.0,144.0,2622.0,598.0,3375.0,2911.0,138.0,2005.0,2160.0,2621.0,,,3380.0,,,,,1549.0,3071.0,3464.0,
3760.0,2563.0,3707.0,2919.0,210.0,154.0,3040.0,670.0,3464.0,2940.0,415.0,2021.0,2161.0,2622.0,,,3475.0,,,,,1808.0,3177.0,3491.0,
3773.0,2730.0,138.0,2989.0,227.0,161.0,3375.0,741.0,3491.0,3071.0,443.0,2023.0,2298.0,3040.0,,,3500.0,,,,,1811.0,3227.0,3556.0,
29.0,2857.0,415.0,3427.0,296.0,166.0,3464.0,798.0,3556.0,3177.0,460.0,2452.0,2406.0,3375.0,,,3565.0,,,,,1851.0,3258.0,3589.0,
341.0,2888.0,443.0,3536.0,303.0,171.0,3491.0,1064.0,3589.0,3227.0,538.0,2598.0,2414.0,3491.0,,,3680.0,,,,,2046.0,3276.0,3702.0,
703.0,2911.0,460.0,35.0,306.0,210.0,3556.0,1158.0,3702.0,3258.0,661.0,2625.0,2563.0,3556.0,,,3687.0,,,,,2157.0,3468.0,3769.0,
887.0,2940.0,538.0,378.0,344.0,227.0,3589.0,1210.0,3769.0,3276.0,734.0,2875.0,2730.0,3589.0,,,151.0,,,,,2218.0,3551.0,3782.0,
1044.0,3071.0,661.0,492.0,371.0,296.0,3702.0,1309.0,3782.0,3468.0,1122.0,3080.0,2857.0,3702.0,,,421.0,,,,,2495.0,3707.0,33.0,
1143.0,3177.0,734.0,588.0,372.0,303.0,3769.0,1332.0,33.0,3551.0,1123.0,3332.0,2888.0,3769.0,,,684.0,,,,,2621.0,138.0,134.0,
1147.0,3227.0,1122.0,1555.0,413.0,306.0,3782.0,1382.0,134.0,3707.0,1205.0,3378.0,2911.0,3782.0,,,818.0,,,,,2622.0,415.0,355.0,
1172.0,3258.0,1123.0,1775.0,419.0,344.0,33.0,1397.0,355.0,138.0,1359.0,3451.0,2940.0,33.0,,,970.0,,,,,3040.0,443.0,507.0,
1329.0,3276.0,1205.0,2113.0,448.0,371.0,134.0,1404.0,507.0,415.0,1363.0,3531.0,3071.0,134.0,,,990.0,,,,,3375.0,460.0,542.0,
1337.0,3468.0,1359.0,2315.0,457.0,372.0,355.0,1438.0,542.0,443.0,1453.0,3600.0,3177.0,355.0,,,1247.0,,,,,3464.0,538.0,678.0,
1547.0,3551.0,1363.0,2420.0,513.0,413.0,507.0,1589.0,678.0,460.0,1476.0,117.0,3227.0,507.0,,,1523.0,,,,,3491.0,661.0,788.0,
1786.0,3707.0,1453.0,2574.0,552.0,419.0,542.0,1628.0,788.0,538.0,1583.0,587.0,3258.0,542.0,,,1665.0,,,,,3556.0,1122.0,901.0,
1881.0,138.0,1476.0,2662.0,564.0,448.0,678.0,1704.0,901.0,661.0,1969.0,710.0,3276.0,678.0,,,1719.0,,,,,3589.0,1123.0,903.0,
2160.0,415.0,1583.0,3306.0,586.0,457.0,788.0,1705.0,903.0,734.0,2246.0,774.0,3468.0,788.0,,,2004.0,,,,,3702.0,1205.0,958.0,
2161.0,443.0,1969.0,3486.0,612.0,513.0,901.0,1756.0,958.0,1122.0,2475.0,817.0,3551.0,901.0,,,2598.0,,,,,3769.0,1359.0,1276.0,
2298.0,460.0,2246.0,3760.0,620.0,552.0,903.0,1987.0,1276.0,1123.0,2507.0,973.0,3707.0,903.0,,,2625.0,,,,,3782.0,1363.0,1479.0,
2406.0,538.0,2475.0,3773.0,638.0,564.0,958.0,2265.0,1479.0,1205.0,2652.0,1007.0,138.0,958.0,,,2875.0,,,,,33.0,1453.0,1758.0,
2414.0,661.0,2507.0,29.0,656.0,586.0,1276.0,2473.0,1758.0,1359.0,2716.0,1169.0,415.0,1276.0,,,248.0,,,,,134.0,1476.0,1800.0,
2563.0,1122.0,2652.0,341.0,676.0,612.0,1479.0,2562.0,1800.0,1363.0,2826.0,1273.0,443.0,1479.0,,,817.0,,,,,355.0,1583.0,1992.0,
2730.0,1123.0,2716.0,673.0,704.0,620.0,1758.0,2680.0,1992.0,1453.0,2831.0,1377.0,460.0,1758.0,,,1784.0,,,,,507.0,1969.0,2437.0,
2857.0,1205.0,2826.0,703.0,711.0,638.0,1800.0,2819.0,2437.0,1476.0,2947.0,1405.0,538.0,1800.0,,,2395.0,,,,,542.0,2246.0,2458.0,
2888.0,1359.0,2831.0,887.0,744.0,656.0,1992.0,2898.0,2458.0,1583.0,3029.0,1776.0,661.0,1992.0,,,3569.0,,,,,678.0,2475.0,2877.0,
2911.0,1363.0,2947.0,1143.0,752.0,704.0,2437.0,2900.0,2877.0,1969.0,3118.0,1784.0,1122.0,2437.0,,,3570.0,,,,,788.0,2507.0,3146.0,
2940.0,1453.0,3029.0,1147.0,757.0,711.0,2458.0,3004.0,3146.0,2246.0,3253.0,1935.0,1123.0,2458.0,,,3754.0,,,,,901.0,2652.0,3225.0,
3071.0,1476.0,3118.0,1156.0,797.0,744.0,2877.0,3308.0,3225.0,2475.0,3340.0,2118.0,1205.0,2877.0,,,2989.0,,,,,903.0,2716.0,3251.0,
3177.0,1583.0,3253.0,1172.0,801.0,752.0,3146.0,3398.0,3251.0,2507.0,3470.0,2863.0,1359.0,3146.0,,,3427.0,,,,,958.0,2826.0,3309.0,
3227.0,1969.0,3340.0,1337.0,802.0,757.0,3225.0,3404.0,3309.0,2652.0,3673.0,3304.0,1363.0,3225.0,,,3536.0,,,,,1276.0,2831.0,3338.0,
3258.0,2246.0,3470.0,1547.0,840.0,797.0,3251.0,3668.0,3338.0,2716.0,3766.0,3569.0,1453.0,3251.0,,,35.0,,,,,1479.0,2947.0,3348.0,
3276.0,2475.0,3673.0,1786.0,922.0,801.0,3309.0,3669.0,3348.0,2826.0,333.0,3570.0,1476.0,3309.0,,,133.0,,,,,1758.0,3029.0,3380.0,
3468.0,2507.0,3766.0,1881.0,924.0,802.0,3338.0,50.0,3380.0,2831.0,501.0,3602.0,1583.0,3338.0,,,378.0,,,,,1800.0,3118.0,3475.0,
3551.0,2652.0,333.0,2160.0,994.0,840.0,3348.0,174.0,3475.0,2947.0,1064.0,3754.0,1969.0,3348.0,,,492.0,,,,,1831.0,3253.0,3500.0,
3707.0,2716.0,501.0,2161.0,1000.0,922.0,3380.0,409.0,3500.0,3029.0,1094.0,1272.0,2246.0,3380.0,,,588.0,,,,,2458.0,3340.0,3565.0,
138.0,2826.0,1064.0,2298.0,1010.0,924.0,3475.0,591.0,3565.0,3118.0,1158.0,1936.0,2475.0,3475.0,,,1253.0,,,,,2877.0,3470.0,3680.0,
415.0,2831.0,1094.0,2406.0,1029.0,994.0,3500.0,879.0,3680.0,3253.0,1404.0,2853.0,2507.0,3500.0,,,1555.0,,,,,3146.0,3673.0,3687.0,
443.0,2947.0,1158.0,2414.0,1047.0,1000.0,3565.0,1017.0,3687.0,3340.0,1438.0,2919.0,2652.0,3565.0,,,1775.0,,,,,3225.0,3766.0,151.0,
460.0,3029.0,1404.0,2563.0,1075.0,1010.0,3680.0,1321.0,151.0,3470.0,1589.0,2989.0,2716.0,3680.0,,,2113.0,,,,,3251.0,333.0,421.0,
538.0,3118.0,1438.0,2730.0,1103.0,1029.0,3687.0,1938.0,421.0,3673.0,1628.0,3427.0,2826.0,3687.0,,,2315.0,,,,,3309.0,501.0,684.0,
661.0,3253.0,1589.0,2857.0,1119.0,1047.0,151.0,2171.0,684.0,3766.0,1756.0,3536.0,2831.0,151.0,,,2420.0,,,,,3338.0,1064.0,818.0,
1122.0,3340.0,1628.0,2888.0,1129.0,1075.0,421.0,2586.0,818.0,333.0,1849.0,35.0,2947.0,421.0,,,2561.0,,,,,3348.0,1094.0,970.0,
1123.0,3470.0,1756.0,2911.0,1142.0,1103.0,684.0,2953.0,970.0,501.0,1956.0,378.0,3029.0,684.0,,,2574.0,,,,,3380.0,1158.0,990.0,
1205.0,3673.0,1849.0,2940.0,1148.0,1119.0,818.0,3128.0,990.0,1064.0,2265.0,492.0,3118.0,818.0,,,2662.0,,,,,3475.0,1438.0,1523.0,
1359.0,3766.0,1956.0,3071.0,1179.0,1129.0,970.0,3428.0,1523.0,1094.0,2473.0,588.0,3253.0,970.0,,,3306.0,,,,,3500.0,1589.0,1665.0,
1363.0,333.0,2265.0,3177.0,1181.0,1142.0,990.0,3532.0,1665.0,1158.0,2819.0,1253.0,3340.0,990.0,,,3486.0,,,,,3565.0,1628.0,1719.0,
1453.0,501.0,2473.0,3227.0,1194.0,1148.0,1523.0,417.0,1719.0,1404.0,2898.0,1555.0,3470.0,1523.0,,,3760.0,,,,,3680.0,1756.0,2004.0,
1476.0,1064.0,2819.0,3252.0,1216.0,1179.0,1665.0,1658.0,2004.0,1438.0,2900.0,1775.0,3673.0,1665.0,,,3773.0,,,,,3687.0,1849.0,2598.0,
1583.0,1094.0,2898.0,3258.0,1239.0,1181.0,1719.0,2471.0,2598.0,1589.0,3576.0,2113.0,3766.0,1719.0,,,29.0,,,,,151.0,1956.0,2625.0,
1969.0,1158.0,2900.0,3276.0,1241.0,1194.0,2004.0,13.0,2625.0,1628.0,3669.0,2315.0,333.0,2004.0,,,341.0,,,,,421.0,2265.0,2875.0,
2246.0,1438.0,3669.0,3468.0,1248.0,1216.0,2598.0,27.0,2875.0,1756.0,50.0,2420.0,501.0,2598.0,,,703.0,,,,,684.0,2473.0,3378.0,
2475.0,1589.0,50.0,3551.0,1263.0,1239.0,2625.0,45.0,3378.0,1849.0,174.0,2574.0,1064.0,2625.0,,,887.0,,,,,818.0,2819.0,248.0,
2507.0,1628.0,174.0,3707.0,1266.0,1241.0,2875.0,51.0,248.0,1956.0,409.0,2662.0,1094.0,2875.0,,,1044.0,,,,,970.0,2898.0,817.0,
2652.0,1756.0,409.0,278.0,1295.0,1248.0,3378.0,57.0,817.0,2265.0,1321.0,3306.0,1158.0,3378.0,,,1143.0,,,,,990.0,2900.0,1784.0,
2716.0,1849.0,1321.0,415.0,1356.0,1263.0,248.0,74.0,1784.0,2473.0,2586.0,3486.0,1404.0,248.0,,,1147.0,,,,,1247.0,3576.0,2395.0,
2826.0,1956.0,2586.0,460.0,1364.0,1266.0,817.0,77.0,2395.0,2819.0,3128.0,3760.0,1438.0,817.0,,,1172.0,,,,,1523.0,3669.0,3569.0,
2831.0,2265.0,3128.0,538.0,1376.0,1295.0,1784.0,144.0,3569.0,2898.0,3428.0,3773.0,1589.0,1784.0,,,1329.0,,,,,1665.0,50.0,3570.0,
2947.0,2473.0,3428.0,592.0,1385.0,1356.0,2395.0,154.0,3570.0,2900.0,3532.0,29.0,1628.0,2395.0,,,1547.0,,,,,1719.0,174.0,3754.0,
3029.0,2819.0,3532.0,661.0,1411.0,1364.0,3569.0,161.0,3754.0,3576.0,417.0,341.0,1756.0,3569.0,,,1786.0,,,,,2004.0,409.0,2989.0,
3118.0,2898.0,417.0,708.0,1481.0,1376.0,3570.0,166.0,2989.0,3669.0,1658.0,673.0,1849.0,3570.0,,,1881.0,,,,,2598.0,1321.0,3427.0,
3253.0,2900.0,1658.0,734.0,1492.0,1385.0,3754.0,171.0,3427.0,50.0,13.0,703.0,1956.0,3754.0,,,2160.0,,,,,2625.0,2586.0,3536.0,
3340.0,3576.0,13.0,1060.0,1495.0,1411.0,2989.0,210.0,3536.0,174.0,45.0,887.0,2265.0,2989.0,,,2161.0,,,,,2875.0,3128.0,35.0,
3470.0,3669.0,45.0,1122.0,1537.0,1481.0,3427.0,227.0,35.0,409.0,51.0,1143.0,2473.0,3427.0,,,2298.0,,,,,3378.0,3428.0,133.0,
3673.0,50.0,51.0,1123.0,1540.0,1492.0,3536.0,296.0,133.0,1321.0,57.0,1147.0,2819.0,3536.0,,,2414.0,,,,,248.0,3532.0,378.0,
3766.0,174.0,57.0,1205.0,1566.0,1495.0,35.0,303.0,378.0,2586.0,74.0,1156.0,2898.0,35.0,,,2563.0,,,,,817.0,417.0,492.0,
333.0,409.0,74.0,1359.0,1574.0,1537.0,133.0,306.0,492.0,3128.0,77.0,1172.0,2900.0,133.0,,,2730.0,,,,,1784.0,1658.0,588.0,
501.0,1321.0,77.0,1363.0,1578.0,1540.0,378.0,344.0,588.0,3428.0,97.0,1337.0,3576.0,378.0,,,2857.0,,,,,3569.0,13.0,1253.0,
1064.0,2586.0,97.0,1453.0,1674.0,1566.0,492.0,371.0,1253.0,3532.0,109.0,1547.0,3669.0,492.0,,,2888.0,,,,,3570.0,45.0,1555.0,
1094.0,3128.0,109.0,1476.0,1676.0,1574.0,588.0,372.0,1555.0,417.0,144.0,1786.0,50.0,588.0,,,2911.0,,,,,3754.0,51.0,1775.0,
1158.0,3428.0,144.0,1498.0,1742.0,1578.0,1253.0,413.0,1775.0,1658.0,154.0,1881.0,174.0,1253.0,,,2940.0,,,,,2989.0,57.0,2113.0,
1404.0,3532.0,154.0,1624.0,1749.0,1674.0,1555.0,419.0,2113.0,13.0,161.0,2160.0,409.0,1555.0,,,3177.0,,,,,3427.0,74.0,2315.0,
1438.0,417.0,161.0,1969.0,1755.0,1676.0,1775.0,448.0,2315.0,45.0,171.0,2161.0,1321.0,1775.0,,,3227.0,,,,,3536.0,77.0,2420.0,
1589.0,1658.0,171.0,1995.0,1788.0,1742.0,2113.0,457.0,2420.0,51.0,210.0,2298.0,2586.0,2113.0,,,3258.0,,,,,35.0,97.0,2561.0,
1628.0,13.0,210.0,2138.0,1797.0,1749.0,2315.0,513.0,2561.0,57.0,227.0,2406.0,3128.0,2315.0,,,3276.0,,,,,133.0,109.0,2574.0,
1756.0,45.0,227.0,2189.0,1814.0,1755.0,2420.0,552.0,2574.0,74.0,296.0,2414.0,3428.0,2420.0,,,3468.0,,,,,378.0,144.0,2662.0,
1849.0,51.0,296.0,2246.0,1822.0,1788.0,2561.0,564.0,2662.0,77.0,303.0,2563.0,3532.0,2561.0,,,3551.0,,,,,492.0,154.0,3306.0,
1956.0,57.0,303.0,2297.0,1828.0,1797.0,2574.0,586.0,3306.0,97.0,371.0,2730.0,417.0,2574.0,,,3707.0,,,,,588.0,161.0,3486.0,
2265.0,74.0,371.0,2470.0,1861.0,1814.0,2662.0,612.0,3486.0,109.0,372.0,2857.0,1658.0,2662.0,,,138.0,,,,,1253.0,171.0,3760.0,
2473.0,77.0,372.0,2475.0,1886.0,1822.0,3306.0,620.0,3760.0,144.0,413.0,2888.0,13.0,3306.0,,,460.0,,,,,1555.0,227.0,3773.0,
2819.0,97.0,413.0,2652.0,1957.0,1828.0,3486.0,638.0,3773.0,154.0,419.0,2911.0,45.0,3486.0,,,538.0,,,,,1775.0,296.0,29.0,
2898.0,109.0,419.0,2707.0,1975.0,1861.0,3760.0,656.0,29.0,161.0,448.0,2940.0,51.0,3760.0,,,1122.0,,,,,2113.0,303.0,703.0,
2900.0,144.0,448.0,2716.0,1994.0,1886.0,3773.0,676.0,703.0,171.0,457.0,3071.0,57.0,3773.0,,,1123.0,,,,,2315.0,371.0,887.0,
3576.0,154.0,457.0,2769.0,2010.0,1957.0,29.0,704.0,887.0,210.0,513.0,3177.0,74.0,29.0,,,1205.0,,,,,2420.0,372.0,1044.0,
3669.0,161.0,513.0,2826.0,2044.0,1975.0,703.0,711.0,1044.0,227.0,552.0,3227.0,77.0,703.0,,,1359.0,,,,,2561.0,413.0,1143.0,
50.0,171.0,552.0,2831.0,2102.0,1994.0,887.0,744.0,1143.0,296.0,564.0,3252.0,97.0,887.0,,,1363.0,,,,,2574.0,419.0,1147.0,
174.0,227.0,564.0,2861.0,2103.0,2010.0,1044.0,752.0,1147.0,303.0,586.0,3258.0,109.0,1044.0,,,1453.0,,,,,2662.0,448.0,1172.0,
409.0,296.0,586.0,2947.0,2124.0,2044.0,1143.0,757.0,1172.0,371.0,638.0,3276.0,144.0,1143.0,,,1476.0,,,,,3306.0,457.0,1329.0,
1321.0,303.0,638.0,3029.0,2140.0,2102.0,1147.0,797.0,1329.0,372.0,656.0,3468.0,154.0,1147.0,,,1583.0,,,,,3486.0,513.0,1337.0,
2586.0,371.0,656.0,3043.0,2150.0,2103.0,1172.0,801.0,1337.0,413.0,676.0,3551.0,161.0,1172.0,,,1969.0,,,,,3760.0,552.0,1547.0,
3128.0,372.0,676.0,3118.0,2162.0,2124.0,1329.0,802.0,1547.0,419.0,704.0,3707.0,171.0,1329.0,,,2475.0,,,,,3773.0,564.0,1786.0,
3428.0,413.0,704.0,3132.0,2164.0,2140.0,1337.0,840.0,1786.0,448.0,744.0,278.0,227.0,1337.0,,,2507.0,,,,,29.0,586.0,1881.0,
3532.0,419.0,744.0,3207.0,2170.0,2150.0,1547.0,922.0,1881.0,457.0,752.0,415.0,296.0,1547.0,,,2652.0,,,,,341.0,638.0,2160.0,
417.0,448.0,752.0,3253.0,2231.0,2162.0,1786.0,924.0,2160.0,513.0,757.0,460.0,303.0,1786.0,,,2716.0,,,,,703.0,656.0,2161.0,
1658.0,457.0,757.0,3340.0,2245.0,2164.0,1881.0,994.0,2161.0,552.0,797.0,538.0,371.0,1881.0,,,2826.0,,,,,887.0,676.0,2298.0,
13.0,513.0,797.0,3578.0,2275.0,2170.0,2160.0,1000.0,2298.0,564.0,801.0,592.0,372.0,2160.0,,,2831.0,,,,,1044.0,704.0,2406.0,
45.0,552.0,801.0,3766.0,2328.0,2231.0,2161.0,1010.0,2406.0,586.0,802.0,661.0,413.0,2161.0,,,2947.0,,,,,1143.0,744.0,2414.0,
51.0,564.0,802.0,73.0,2354.0,2245.0,2298.0,1029.0,2414.0,638.0,840.0,708.0,419.0,2298.0,,,3029.0,,,,,1147.0,752.0,2563.0,
57.0,586.0,840.0,333.0,2361.0,2275.0,2406.0,1047.0,2563.0,656.0,922.0,734.0,448.0,2406.0,,,3253.0,,,,,1172.0,757.0,2730.0,
74.0,638.0,922.0,501.0,2396.0,2328.0,2414.0,1103.0,2730.0,676.0,924.0,1060.0,457.0,2414.0,,,3340.0,,,,,1329.0,797.0,2857.0,
77.0,656.0,924.0,598.0,2426.0,2354.0,2563.0,1119.0,2857.0,704.0,994.0,1122.0,513.0,2563.0,,,3470.0,,,,,1337.0,840.0,2911.0,
97.0,676.0,994.0,670.0,2450.0,2361.0,2730.0,1129.0,2911.0,744.0,1000.0,1123.0,552.0,2730.0,,,3673.0,,,,,1547.0,922.0,2940.0,
109.0,704.0,1000.0,741.0,2485.0,2396.0,2857.0,1142.0,2940.0,752.0,1010.0,1205.0,564.0,2857.0,,,3766.0,,,,,1881.0,924.0,3177.0,
144.0,744.0,1010.0,798.0,2498.0,2426.0,2911.0,1179.0,3177.0,757.0,1029.0,1359.0,586.0,2911.0,,,333.0,,,,,2160.0,994.0,3227.0,
154.0,752.0,1029.0,1064.0,2535.0,2450.0,2940.0,1181.0,3227.0,797.0,1047.0,1363.0,638.0,2940.0,,,501.0,,,,,2161.0,1000.0,3258.0,
161.0,757.0,1047.0,1158.0,2540.0,2485.0,3177.0,1194.0,3258.0,801.0,1075.0,1453.0,656.0,3177.0,,,1064.0,,,,,2298.0,1010.0,3276.0,
171.0,797.0,1075.0,1210.0,2580.0,2535.0,3227.0,1239.0,3276.0,802.0,1103.0,1476.0,676.0,3227.0,,,1094.0,,,,,2406.0,1029.0,3468.0,
227.0,840.0,1103.0,1309.0,2643.0,2540.0,3258.0,1241.0,3468.0,840.0,1119.0,1498.0,704.0,3258.0,,,1438.0,,,,,2414.0,1047.0,3551.0,
296.0,922.0,1119.0,1332.0,2654.0,2580.0,3276.0,1248.0,3551.0,922.0,1129.0,1624.0,744.0,3276.0,,,1589.0,,,,,2563.0,1075.0,3707.0,
303.0,924.0,1129.0,1382.0,2656.0,2643.0,3468.0,1263.0,3707.0,924.0,1142.0,1969.0,752.0,3468.0,,,1628.0,,,,,2730.0,1103.0,138.0,
371.0,1000.0,1142.0,1397.0,2690.0,2654.0,3551.0,1266.0,138.0,994.0,1179.0,1995.0,757.0,3551.0,,,1849.0,,,,,2857.0,1119.0,415.0,
372.0,1010.0,1179.0,1404.0,2696.0,2656.0,3707.0,1295.0,415.0,1000.0,1181.0,2138.0,797.0,3707.0,,,1956.0,,,,,2888.0,1129.0,443.0,
413.0,1029.0,1181.0,1438.0,2706.0,2690.0,138.0,1356.0,443.0,1010.0,1194.0,2189.0,840.0,138.0,,,2265.0,,,,,2911.0,1142.0,460.0,
419.0,1047.0,1194.0,1589.0,2714.0,2696.0,415.0,1364.0,460.0,1029.0,1239.0,2246.0,922.0,415.0,,,2473.0,,,,,2940.0,1179.0,538.0,
448.0,1075.0,1239.0,1628.0,2808.0,2706.0,443.0,1376.0,538.0,1047.0,1241.0,2297.0,924.0,443.0,,,2819.0,,,,,3071.0,1181.0,661.0,
457.0,1103.0,1241.0,1704.0,2855.0,2714.0,460.0,1385.0,661.0,1075.0,1263.0,2470.0,994.0,460.0,,,2898.0,,,,,3177.0,1194.0,734.0,
513.0,1119.0,1263.0,1705.0,2885.0,2808.0,538.0,1411.0,734.0,1103.0,1266.0,2475.0,1000.0,538.0,,,2900.0,,,,,3227.0,1239.0,1122.0,
552.0,1129.0,1266.0,1987.0,2926.0,2855.0,661.0,1481.0,1122.0,1119.0,1295.0,2652.0,1010.0,661.0,,,3576.0,,,,,3258.0,1241.0,1123.0,
564.0,1142.0,1295.0,2265.0,2931.0,2885.0,734.0,1495.0,1123.0,1129.0,1364.0,2707.0,1029.0,734.0,,,3669.0,,,,,3276.0,1263.0,1205.0,
586.0,1179.0,1364.0,2473.0,2972.0,2926.0,1122.0,1537.0,1205.0,1142.0,1376.0,2716.0,1047.0,1122.0,,,174.0,,,,,3468.0,1266.0,1359.0,
638.0,1181.0,1376.0,2562.0,2979.0,2931.0,1123.0,1540.0,1359.0,1179.0,1385.0,2769.0,1075.0,1123.0,,,1321.0,,,,,3551.0,1295.0,1363.0,
656.0,1194.0,1385.0,2680.0,3108.0,2972.0,1205.0,1566.0,1363.0,1181.0,1411.0,2826.0,1103.0,1205.0,,,2586.0,,,,,3707.0,1364.0,1453.0,
676.0,1239.0,1411.0,2819.0,3116.0,2979.0,1359.0,1574.0,1453.0,1194.0,1481.0,2831.0,1119.0,1359.0,,,3128.0,,,,,138.0,1376.0,1476.0,
704.0,1241.0,1481.0,2898.0,3133.0,3108.0,1363.0,1578.0,1476.0,1239.0,1492.0,2861.0,1129.0,1363.0,,,3428.0,,,,,415.0,1385.0,1583.0,
744.0,1263.0,1492.0,2900.0,3169.0,3116.0,1453.0,1674.0,1583.0,1241.0,1537.0,2947.0,1142.0,1453.0,,,417.0,,,,,443.0,1411.0,1969.0,
752.0,1266.0,1537.0,3004.0,3235.0,3133.0,1476.0,1676.0,1969.0,1263.0,1540.0,3029.0,1179.0,1476.0,,,1658.0,,,,,460.0,1481.0,2246.0,
757.0,1295.0,1540.0,3308.0,3240.0,3169.0,1583.0,1742.0,2246.0,1266.0,1566.0,3043.0,1181.0,1583.0,,,13.0,,,,,538.0,1492.0,2475.0,
797.0,1364.0,1566.0,3398.0,3263.0,3235.0,1969.0,1749.0,2475.0,1295.0,1574.0,3118.0,1194.0,1969.0,,,45.0,,,,,661.0,1537.0,2507.0,
840.0,1376.0,1574.0,3404.0,3325.0,3240.0,2246.0,1755.0,2507.0,1364.0,1578.0,3132.0,1239.0,2246.0,,,51.0,,,,,734.0,1540.0,2652.0,
922.0,1385.0,1578.0,3668.0,3371.0,3263.0,2475.0,1788.0,2652.0,1376.0,1674.0,3207.0,1241.0,2475.0,,,57.0,,,,,1122.0,1566.0,2716.0,
924.0,1411.0,1674.0,3669.0,3408.0,3325.0,2507.0,1797.0,2716.0,1385.0,1676.0,3253.0,1263.0,2507.0,,,74.0,,,,,1123.0,1574.0,2826.0,
994.0,1481.0,1676.0,50.0,3424.0,3371.0,2652.0,1814.0,2826.0,1411.0,1742.0,3340.0,1266.0,2652.0,,,77.0,,,,,1205.0,1578.0,2831.0,
1000.0,1492.0,1742.0,174.0,3509.0,3408.0,2716.0,1822.0,2831.0,1481.0,1749.0,3578.0,1295.0,2716.0,,,97.0,,,,,1359.0,1674.0,2947.0,
1010.0,1537.0,1749.0,409.0,3533.0,3424.0,2826.0,1828.0,2947.0,1492.0,1755.0,3766.0,1364.0,2826.0,,,109.0,,,,,1363.0,1676.0,3029.0,
1029.0,1540.0,1755.0,591.0,3539.0,3509.0,2831.0,1861.0,3029.0,1537.0,1788.0,73.0,1376.0,2831.0,,,144.0,,,,,1453.0,1742.0,3118.0,
1047.0,1566.0,1788.0,879.0,3580.0,3533.0,2947.0,1886.0,3118.0,1540.0,1797.0,333.0,1385.0,2947.0,,,154.0,,,,,1476.0,1749.0,3253.0,
1075.0,1574.0,1797.0,1017.0,3590.0,3539.0,3029.0,1957.0,3253.0,1566.0,1828.0,501.0,1411.0,3029.0,,,161.0,,,,,1583.0,1755.0,3340.0,
1103.0,1578.0,1828.0,1321.0,3610.0,3580.0,3118.0,1975.0,3340.0,1574.0,1861.0,598.0,1481.0,3118.0,,,171.0,,,,,1969.0,1788.0,3470.0,
1119.0,1674.0,1861.0,1938.0,3637.0,3590.0,3253.0,1994.0,3470.0,1578.0,1886.0,670.0,1492.0,3253.0,,,227.0,,,,,2246.0,1797.0,3673.0,
1129.0,1676.0,1886.0,2171.0,3658.0,3610.0,3340.0,2010.0,3673.0,1674.0,1957.0,741.0,1537.0,3340.0,,,296.0,,,,,2475.0,1828.0,3766.0,
1142.0,1742.0,1957.0,2586.0,3665.0,3637.0,3470.0,2044.0,3766.0,1676.0,1975.0,798.0,1540.0,3470.0,,,303.0,,,,,2507.0,1861.0,333.0,
1179.0,1749.0,1975.0,2953.0,3691.0,3658.0,3673.0,2102.0,333.0,1742.0,2010.0,1064.0,1566.0,3673.0,,,371.0,,,,,2652.0,1886.0,501.0,
1181.0,1755.0,2010.0,3128.0,3704.0,3665.0,3766.0,2103.0,501.0,1749.0,2102.0,1158.0,1574.0,3766.0,,,372.0,,,,,2716.0,1957.0,1064.0,
1194.0,1788.0,2102.0,3428.0,3759.0,3691.0,333.0,2140.0,1064.0,1755.0,2103.0,1210.0,1578.0,333.0,,,413.0,,,,,2826.0,1975.0,1094.0,
1239.0,1797.0,2103.0,3532.0,3774.0,3704.0,501.0,2150.0,1094.0,1788.0,2124.0,1309.0,1674.0,501.0,,,419.0,,,,,2831.0,2010.0,1438.0,
1241.0,1828.0,2124.0,417.0,3824.0,3759.0,1064.0,2162.0,1438.0,1797.0,2140.0,1332.0,1676.0,1064.0,,,448.0,,,,,2947.0,2102.0,1589.0,
1263.0,1861.0,2140.0,1658.0,668.0,3774.0,1094.0,2164.0,1589.0,1828.0,2150.0,1382.0,1742.0,1094.0,,,457.0,,,,,3029.0,2103.0,1628.0,
1266.0,1886.0,2150.0,2471.0,682.0,3824.0,1438.0,2231.0,1628.0,1861.0,2162.0,1397.0,1749.0,1438.0,,,513.0,,,,,3118.0,2124.0,1756.0,
1295.0,1957.0,2162.0,13.0,775.0,668.0,1589.0,2245.0,1756.0,1886.0,2164.0,1404.0,1755.0,1589.0,,,552.0,,,,,3253.0,2140.0,1849.0,
1364.0,1975.0,2164.0,27.0,3074.0,682.0,1628.0,2275.0,1849.0,1957.0,2170.0,1438.0,1788.0,1628.0,,,564.0,,,,,3340.0,2150.0,1956.0,
1376.0,2010.0,2170.0,45.0,172.0,775.0,1756.0,2361.0,1956.0,1975.0,2231.0,1628.0,1797.0,1756.0,,,586.0,,,,,3470.0,2162.0,2265.0,
1385.0,2102.0,2231.0,51.0,695.0,3074.0,1849.0,2396.0,2265.0,2010.0,2245.0,1704.0,1828.0,1849.0,,,638.0,,,,,3673.0,2164.0,2473.0,
1411.0,2103.0,2245.0,57.0,1141.0,172.0,1956.0,2426.0,2473.0,2102.0,2275.0,1705.0,1861.0,1956.0,,,656.0,,,,,3766.0,2170.0,2819.0,
1481.0,2124.0,2275.0,74.0,1323.0,695.0,2265.0,2485.0,2819.0,2103.0,2328.0,1756.0,1886.0,2265.0,,,676.0,,,,,333.0,2231.0,2898.0,
1492.0,2140.0,2328.0,77.0,1640.0,1141.0,2473.0,2498.0,2898.0,2124.0,2354.0,1987.0,1957.0,2473.0,,,704.0,,,,,501.0,2245.0,2900.0,
1537.0,2150.0,2354.0,109.0,1679.0,1323.0,2819.0,2535.0,2900.0,2140.0,2361.0,2265.0,1975.0,2819.0,,,744.0,,,,,1064.0,2275.0,3576.0,
1540.0,2162.0,2361.0,144.0,1796.0,1640.0,2898.0,2580.0,3576.0,2150.0,2396.0,2473.0,2010.0,2898.0,,,752.0,,,,,1094.0,2328.0,3669.0,
1566.0,2164.0,2396.0,154.0,2151.0,1679.0,2900.0,2643.0,3669.0,2162.0,2426.0,2562.0,2102.0,2900.0,,,757.0,,,,,1158.0,2354.0,50.0,
1574.0,2170.0,2426.0,166.0,2363.0,1796.0,3576.0,2654.0,50.0,2164.0,2450.0,2680.0,2103.0,3576.0,,,797.0,,,,,1404.0,2361.0,174.0,
1578.0,2231.0,2450.0,171.0,2564.0,2151.0,3669.0,2656.0,174.0,2170.0,2485.0,2819.0,2124.0,3669.0,,,840.0,,,,,1438.0,2396.0,409.0,
1674.0,2245.0,2485.0,210.0,2682.0,2363.0,50.0,2690.0,409.0,2231.0,2498.0,2898.0,2140.0,50.0,,,922.0,,,,,1589.0,2426.0,1321.0,
1676.0,2275.0,2498.0,227.0,2937.0,2564.0,174.0,2696.0,1321.0,2245.0,2535.0,2900.0,2150.0,174.0,,,924.0,,,,,1628.0,2450.0,2586.0,
1742.0,2328.0,2535.0,296.0,3086.0,2682.0,409.0,2706.0,2586.0,2275.0,2540.0,3004.0,2162.0,409.0,,,994.0,,,,,1756.0,2485.0,3428.0,
1749.0,2354.0,2540.0,303.0,3097.0,2937.0,1321.0,2714.0,3428.0,2328.0,2580.0,3308.0,2164.0,1321.0,,,1000.0,,,,,1849.0,2498.0,3532.0,
1755.0,2361.0,2580.0,306.0,3158.0,3086.0,2586.0,2808.0,3532.0,2354.0,2643.0,3398.0,2170.0,2586.0,,,1010.0,,,,,1956.0,2535.0,417.0,
1788.0,2396.0,2643.0,344.0,3317.0,3097.0,3428.0,2885.0,417.0,2361.0,2654.0,3404.0,2231.0,3428.0,,,1047.0,,,,,2265.0,2540.0,1658.0,
1797.0,2426.0,2654.0,371.0,3577.0,3158.0,3532.0,2926.0,1658.0,2396.0,2656.0,3668.0,2245.0,3532.0,,,1075.0,,,,,2473.0,2580.0,13.0,
1828.0,2450.0,2656.0,372.0,87.0,3317.0,417.0,2931.0,13.0,2426.0,2696.0,3669.0,2275.0,417.0,,,1103.0,,,,,2819.0,2643.0,51.0,
1861.0,2485.0,2696.0,413.0,163.0,3577.0,1658.0,2972.0,51.0,2450.0,2706.0,50.0,2328.0,1658.0,,,1119.0,,,,,2898.0,2654.0,57.0,
1886.0,2498.0,2706.0,419.0,201.0,87.0,13.0,2979.0,57.0,2485.0,2714.0,174.0,2354.0,13.0,,,1129.0,,,,,2900.0,2656.0,74.0,
1957.0,2535.0,2714.0,448.0,261.0,163.0,51.0,3108.0,74.0,2498.0,2808.0,409.0,2361.0,51.0,,,1142.0,,,,,3576.0,2696.0,77.0,
1975.0,2540.0,2808.0,457.0,263.0,201.0,57.0,3116.0,77.0,2535.0,2855.0,591.0,2396.0,57.0,,,1179.0,,,,,3669.0,2706.0,97.0,
2010.0,2580.0,2855.0,513.0,301.0,261.0,74.0,3133.0,97.0,2540.0,2926.0,879.0,2426.0,74.0,,,1181.0,,,,,50.0,2714.0,109.0,
2102.0,2643.0,2926.0,552.0,430.0,263.0,77.0,3169.0,109.0,2580.0,2972.0,1017.0,2450.0,77.0,,,1194.0,,,,,174.0,2808.0,144.0,
2103.0,2654.0,2972.0,564.0,553.0,301.0,97.0,3235.0,144.0,2643.0,2979.0,1321.0,2485.0,97.0,,,1241.0,,,,,409.0,2855.0,154.0,
2124.0,2656.0,2979.0,586.0,572.0,430.0,109.0,3240.0,154.0,2654.0,3108.0,1938.0,2498.0,109.0,,,1263.0,,,,,1321.0,2926.0,161.0,
2140.0,2696.0,3108.0,612.0,740.0,553.0,144.0,3263.0,161.0,2656.0,3116.0,2171.0,2535.0,144.0,,,1266.0,,,,,2586.0,2972.0,171.0,
2150.0,2706.0,3116.0,620.0,848.0,572.0,154.0,3325.0,171.0,2696.0,3133.0,2586.0,2540.0,154.0,,,1295.0,,,,,3128.0,2979.0,210.0,
2162.0,2714.0,3133.0,638.0,986.0,740.0,161.0,3371.0,210.0,2706.0,3169.0,2953.0,2580.0,161.0,,,1364.0,,,,,3428.0,3108.0,227.0,
2164.0,2808.0,3169.0,656.0,1186.0,848.0,171.0,3408.0,227.0,2714.0,3235.0,3128.0,2643.0,171.0,,,1376.0,,,,,3532.0,3116.0,296.0,
2170.0,2855.0,3235.0,676.0,1378.0,986.0,210.0,3424.0,296.0,2808.0,3240.0,3428.0,2654.0,210.0,,,1385.0,,,,,417.0,3133.0,303.0,
2231.0,2926.0,3240.0,704.0,1642.0,1186.0,227.0,3509.0,303.0,2926.0,3263.0,3532.0,2656.0,227.0,,,1411.0,,,,,1658.0,3169.0,371.0,
2245.0,2972.0,3263.0,711.0,1717.0,1378.0,296.0,3533.0,371.0,2972.0,3325.0,417.0,2696.0,296.0,,,1481.0,,,,,13.0,3235.0,372.0,
2275.0,2979.0,3325.0,744.0,1847.0,1642.0,303.0,3539.0,372.0,2979.0,3371.0,1658.0,2706.0,303.0,,,1492.0,,,,,45.0,3240.0,413.0,
2328.0,3108.0,3371.0,752.0,1863.0,1717.0,371.0,3580.0,413.0,3108.0,3408.0,2471.0,2714.0,371.0,,,1537.0,,,,,51.0,3263.0,419.0,
2354.0,3116.0,3408.0,757.0,1990.0,1847.0,372.0,3590.0,419.0,3116.0,3424.0,13.0,2808.0,372.0,,,1540.0,,,,,57.0,3325.0,448.0,
2361.0,3133.0,3424.0,797.0,2043.0,1863.0,413.0,3610.0,448.0,3133.0,3509.0,27.0,2855.0,413.0,,,1566.0,,,,,74.0,3371.0,457.0,
2396.0,3169.0,3509.0,801.0,2106.0,1990.0,419.0,3637.0,457.0,3169.0,3533.0,45.0,2926.0,419.0,,,1574.0,,,,,77.0,3408.0,513.0,
2426.0,3235.0,3533.0,802.0,2516.0,2043.0,448.0,3658.0,513.0,3235.0,3539.0,51.0,2972.0,448.0,,,1578.0,,,,,97.0,3424.0,552.0,
2450.0,3240.0,3539.0,840.0,2906.0,2106.0,457.0,3665.0,552.0,3240.0,3580.0,57.0,2979.0,457.0,,,1674.0,,,,,109.0,3509.0,564.0,
2485.0,3263.0,3580.0,922.0,3279.0,2516.0,513.0,3691.0,564.0,3263.0,3590.0,74.0,3108.0,513.0,,,1676.0,,,,,144.0,3533.0,586.0,
2498.0,3325.0,3590.0,924.0,3298.0,2906.0,552.0,3704.0,586.0,3325.0,3610.0,77.0,3116.0,552.0,,,1749.0,,,,,154.0,3539.0,638.0,
2535.0,3371.0,3610.0,994.0,3322.0,3279.0,564.0,3759.0,638.0,3371.0,3637.0,109.0,3133.0,564.0,,,1755.0,,,,,161.0,3580.0,656.0,
2540.0,3408.0,3637.0,1000.0,3459.0,3298.0,586.0,3774.0,656.0,3408.0,3665.0,144.0,3169.0,586.0,,,1788.0,,,,,171.0,3590.0,676.0,
2580.0,3424.0,3665.0,1010.0,3537.0,3322.0,638.0,3824.0,676.0,3424.0,3691.0,154.0,3235.0,638.0,,,1797.0,,,,,227.0,3610.0,704.0,
2643.0,3509.0,3691.0,1029.0,3538.0,3459.0,656.0,682.0,704.0,3509.0,3704.0,161.0,3240.0,656.0,,,1828.0,,,,,296.0,3637.0,744.0,
2654.0,3533.0,3704.0,1047.0,3660.0,3537.0,676.0,775.0,744.0,3533.0,3759.0,166.0,3263.0,676.0,,,1861.0,,,,,303.0,3665.0,752.0,
2656.0,3539.0,3759.0,1103.0,3684.0,3538.0,704.0,695.0,752.0,3539.0,3774.0,171.0,3325.0,704.0,,,1957.0,,,,,371.0,3691.0,757.0,
2696.0,3580.0,3774.0,1119.0,18.0,3660.0,744.0,1141.0,757.0,3580.0,3824.0,210.0,3371.0,744.0,,,1975.0,,,,,372.0,3704.0,797.0,
2706.0,3590.0,3824.0,1129.0,70.0,3684.0,752.0,1323.0,797.0,3590.0,668.0,227.0,3408.0,752.0,,,2010.0,,,,,413.0,3759.0,801.0,
2714.0,3610.0,668.0,1142.0,222.0,18.0,757.0,1640.0,801.0,3610.0,3074.0,296.0,3424.0,757.0,,,2102.0,,,,,419.0,3774.0,802.0,
2808.0,3637.0,3074.0,1179.0,262.0,70.0,797.0,1679.0,802.0,3637.0,172.0,303.0,3509.0,797.0,,,2103.0,,,,,448.0,3824.0,840.0,
2855.0,3665.0,172.0,1181.0,412.0,222.0,801.0,2363.0,840.0,3665.0,1141.0,306.0,3533.0,801.0,,,2124.0,,,,,457.0,668.0,922.0,
2926.0,3691.0,1141.0,1239.0,444.0,262.0,802.0,2564.0,922.0,3691.0,1323.0,344.0,3539.0,802.0,,,2140.0,,,,,513.0,3074.0,924.0,
2972.0,3704.0,1323.0,1241.0,455.0,412.0,840.0,2682.0,924.0,3704.0,1679.0,371.0,3580.0,840.0,,,2150.0,,,,,552.0,172.0,994.0,
2979.0,3759.0,1679.0,1248.0,532.0,444.0,922.0,2937.0,994.0,3759.0,1796.0,372.0,3590.0,922.0,,,2162.0,,,,,564.0,1141.0,1000.0,
3108.0,3774.0,1796.0,1263.0,593.0,455.0,924.0,3158.0,1000.0,3774.0,2151.0,413.0,3610.0,924.0,,,2164.0,,,,,586.0,1323.0,1010.0,
3116.0,3824.0,2151.0,1266.0,829.0,532.0,994.0,3577.0,1010.0,3824.0,2363.0,448.0,3637.0,994.0,,,2170.0,,,,,638.0,1679.0,1029.0,
3133.0,668.0,2363.0,1295.0,857.0,593.0,1000.0,87.0,1029.0,668.0,2682.0,457.0,3665.0,1000.0,,,2245.0,,,,,656.0,1796.0,1047.0,
3169.0,3074.0,2682.0,1356.0,864.0,772.0,1010.0,163.0,1047.0,3074.0,2937.0,513.0,3691.0,1010.0,,,2275.0,,,,,676.0,2151.0,1075.0,
3235.0,172.0,2937.0,1364.0,1021.0,829.0,1029.0,261.0,1075.0,172.0,3086.0,552.0,3704.0,1029.0,,,2328.0,,,,,704.0,2363.0,1103.0,
3240.0,1141.0,3086.0,1376.0,1028.0,857.0,1047.0,263.0,1103.0,1141.0,3097.0,564.0,3759.0,1047.0,,,2354.0,,,,,744.0,2682.0,1119.0,
3263.0,1323.0,3097.0,1385.0,1165.0,864.0,1075.0,301.0,1119.0,1323.0,3158.0,586.0,3774.0,1075.0,,,2361.0,,,,,752.0,2937.0,1129.0,
3325.0,1679.0,3158.0,1411.0,1236.0,1021.0,1103.0,430.0,1129.0,1679.0,3317.0,612.0,3824.0,1103.0,,,2396.0,,,,,757.0,3086.0,1142.0,
3371.0,1796.0,3317.0,1481.0,1238.0,1028.0,1119.0,553.0,1142.0,1796.0,3577.0,620.0,668.0,1119.0,,,2426.0,,,,,797.0,3097.0,1179.0,
3408.0,2151.0,3577.0,1495.0,1310.0,1165.0,1129.0,572.0,1179.0,2151.0,87.0,638.0,3074.0,1129.0,,,2450.0,,,,,801.0,3158.0,1181.0,
3424.0,2363.0,87.0,1537.0,1394.0,1236.0,1142.0,740.0,1181.0,2363.0,201.0,656.0,172.0,1142.0,,,2485.0,,,,,802.0,3317.0,1194.0,
3509.0,2682.0,201.0,1540.0,1427.0,1238.0,1179.0,848.0,1194.0,2682.0,301.0,676.0,1141.0,1179.0,,,2498.0,,,,,840.0,3577.0,1239.0,
3533.0,2937.0,301.0,1566.0,1510.0,1310.0,1181.0,986.0,1239.0,2937.0,553.0,704.0,1323.0,1181.0,,,2535.0,,,,,924.0,87.0,1241.0,
3539.0,3086.0,553.0,1574.0,1631.0,1394.0,1194.0,1186.0,1241.0,3086.0,572.0,711.0,1679.0,1194.0,,,2540.0,,,,,994.0,201.0,1263.0,
3580.0,3097.0,572.0,1578.0,1641.0,1427.0,1239.0,1378.0,1263.0,3097.0,740.0,744.0,1796.0,1239.0,,,2580.0,,,,,1000.0,301.0,1266.0,
3590.0,3158.0,740.0,1674.0,1690.0,1510.0,1241.0,1642.0,1266.0,3158.0,848.0,752.0,2151.0,1241.0,,,2643.0,,,,,1010.0,553.0,1295.0,
3610.0,3317.0,848.0,1676.0,1805.0,1631.0,1263.0,1847.0,1295.0,3317.0,986.0,757.0,2363.0,1263.0,,,2654.0,,,,,1029.0,572.0,1364.0,
3637.0,3577.0,986.0,1742.0,1868.0,1641.0,1266.0,1863.0,1364.0,3577.0,1378.0,797.0,2682.0,1266.0,,,2696.0,,,,,1047.0,740.0,1376.0,
3665.0,87.0,1378.0,1749.0,2047.0,1690.0,1295.0,2043.0,1376.0,87.0,1717.0,801.0,2937.0,1295.0,,,2706.0,,,,,1075.0,848.0,1385.0,
3691.0,201.0,1717.0,1755.0,2064.0,1805.0,1364.0,2106.0,1385.0,201.0,1847.0,802.0,3086.0,1364.0,,,2714.0,,,,,1103.0,986.0,1411.0,
3704.0,301.0,1847.0,1788.0,2078.0,1868.0,1376.0,2516.0,1411.0,301.0,1990.0,840.0,3097.0,1376.0,,,2855.0,,,,,1119.0,1378.0,1481.0,
3759.0,553.0,1990.0,1797.0,2108.0,2047.0,1385.0,3298.0,1481.0,553.0,2106.0,922.0,3158.0,1385.0,,,2926.0,,,,,1129.0,1717.0,1492.0,
3774.0,572.0,2106.0,1814.0,2173.0,2064.0,1411.0,3322.0,1492.0,572.0,2516.0,924.0,3317.0,1411.0,,,2972.0,,,,,1179.0,1847.0,1537.0,
3824.0,740.0,2516.0,1822.0,2177.0,2078.0,1481.0,3459.0,1537.0,740.0,2906.0,994.0,3577.0,1481.0,,,2979.0,,,,,1181.0,1990.0,1540.0,
668.0,848.0,2906.0,1828.0,2217.0,2108.0,1492.0,3537.0,1540.0,848.0,3298.0,1000.0,87.0,1492.0,,,3108.0,,,,,1194.0,2106.0,1574.0,
3074.0,986.0,3298.0,1861.0,2239.0,2173.0,1537.0,3684.0,1574.0,986.0,3322.0,1010.0,201.0,1537.0,,,3116.0,,,,,1239.0,2516.0,1578.0,
172.0,1378.0,3322.0,1886.0,2243.0,2177.0,1540.0,18.0,1578.0,1378.0,3459.0,1029.0,301.0,1540.0,,,3133.0,,,,,1241.0,2906.0,1674.0,
1141.0,1717.0,3459.0,1957.0,2282.0,2217.0,1574.0,70.0,1674.0,1717.0,3537.0,1047.0,553.0,1574.0,,,3169.0,,,,,1263.0,3298.0,1676.0,
1323.0,1847.0,3537.0,1975.0,2327.0,2239.0,1578.0,222.0,1676.0,1847.0,3538.0,1103.0,572.0,1578.0,,,3235.0,,,,,1266.0,3322.0,1742.0,
1679.0,1990.0,3538.0,1994.0,2336.0,2243.0,1674.0,262.0,1742.0,1990.0,3660.0,1119.0,740.0,1674.0,,,3240.0,,,,,1295.0,3459.0,1749.0,
1796.0,2106.0,3660.0,2010.0,2341.0,2282.0,1676.0,412.0,1749.0,2106.0,3684.0,1129.0,848.0,1676.0,,,3263.0,,,,,1364.0,3537.0,1755.0,
2151.0,2516.0,3684.0,2044.0,2349.0,2327.0,1742.0,444.0,1755.0,2516.0,18.0,1142.0,986.0,1742.0,,,3325.0,,,,,1376.0,3538.0,1788.0,
2363.0,2906.0,18.0,2102.0,2407.0,2336.0,1749.0,455.0,1788.0,2906.0,70.0,1179.0,1378.0,1749.0,,,3408.0,,,,,1385.0,3660.0,1797.0,
2682.0,3298.0,70.0,2103.0,2460.0,2341.0,1755.0,532.0,1797.0,3298.0,262.0,1181.0,1717.0,1755.0,,,3424.0,,,,,1411.0,3684.0,1828.0,
2937.0,3322.0,262.0,2140.0,2487.0,2349.0,1788.0,593.0,1828.0,3322.0,412.0,1194.0,1847.0,1788.0,,,3509.0,,,,,1481.0,18.0,1861.0,
3086.0,3459.0,412.0,2150.0,2539.0,2407.0,1797.0,772.0,1861.0,3459.0,444.0,1239.0,1990.0,1797.0,,,3533.0,,,,,1492.0,70.0,1975.0,
3097.0,3537.0,444.0,2162.0,2635.0,2460.0,1828.0,829.0,1975.0,3537.0,455.0,1241.0,2106.0,1828.0,,,3539.0,,,,,1537.0,262.0,2010.0,
3158.0,3538.0,455.0,2164.0,2679.0,2487.0,1861.0,857.0,2010.0,3538.0,532.0,1248.0,2516.0,1861.0,,,3580.0,,,,,1540.0,412.0,2102.0,
3317.0,3660.0,532.0,2231.0,2778.0,2539.0,1975.0,864.0,2102.0,3660.0,593.0,1263.0,2906.0,1975.0,,,3590.0,,,,,1566.0,444.0,2103.0,
3577.0,3684.0,593.0,2245.0,2792.0,2635.0,2010.0,1021.0,2103.0,3684.0,772.0,1266.0,3298.0,2010.0,,,3610.0,,,,,1574.0,455.0,2124.0,
87.0,18.0,772.0,2275.0,2817.0,2679.0,2102.0,1028.0,2124.0,18.0,829.0,1295.0,3322.0,2102.0,,,3637.0,,,,,1578.0,532.0,2140.0,
201.0,70.0,829.0,2361.0,2832.0,2778.0,2103.0,1165.0,2140.0,70.0,857.0,1356.0,3459.0,2103.0,,,3665.0,,,,,1674.0,593.0,2150.0,
301.0,262.0,857.0,2396.0,2881.0,2792.0,2124.0,1236.0,2150.0,262.0,864.0,1376.0,3537.0,2124.0,,,3691.0,,,,,1676.0,772.0,2162.0,
553.0,412.0,864.0,2426.0,2883.0,2817.0,2140.0,1238.0,2162.0,412.0,1021.0,1385.0,3538.0,2140.0,,,3704.0,,,,,1742.0,829.0,2170.0,
572.0,444.0,1021.0,2485.0,2993.0,2832.0,2150.0,1394.0,2170.0,444.0,1028.0,1411.0,3660.0,2150.0,,,3759.0,,,,,1749.0,857.0,2231.0,
740.0,455.0,1028.0,2498.0,3085.0,2881.0,2162.0,1427.0,2231.0,455.0,1165.0,1481.0,3684.0,2162.0,,,3774.0,,,,,1755.0,864.0,2245.0,
848.0,532.0,1165.0,2535.0,3208.0,2883.0,2170.0,1510.0,2245.0,532.0,1236.0,1495.0,18.0,2170.0,,,3824.0,,,,,1788.0,1021.0,2328.0,
986.0,593.0,1236.0,2580.0,3379.0,2993.0,2231.0,1631.0,2328.0,593.0,1238.0,1537.0,70.0,2231.0,,,668.0,,,,,1797.0,1028.0,2354.0,
1378.0,772.0,1238.0,2643.0,3443.0,3085.0,2245.0,1641.0,2354.0,772.0,1310.0,1540.0,262.0,2245.0,,,3074.0,,,,,1828.0,1165.0,2361.0,
1717.0,829.0,1310.0,2654.0,3493.0,3208.0,2328.0,1690.0,2361.0,829.0,1427.0,1566.0,412.0,2328.0,,,172.0,,,,,1861.0,1236.0,2396.0,
1847.0,857.0,1427.0,2656.0,3552.0,3379.0,2354.0,1805.0,2396.0,857.0,1631.0,1574.0,444.0,2354.0,,,1141.0,,,,,1886.0,1238.0,2426.0,
1990.0,864.0,1631.0,2690.0,,3443.0,2361.0,1868.0,2426.0,864.0,1641.0,1578.0,455.0,2361.0,,,1323.0,,,,,1957.0,1310.0,2450.0,
2106.0,1021.0,1641.0,2696.0,,3493.0,2396.0,2047.0,2450.0,1021.0,1690.0,1674.0,532.0,2396.0,,,1679.0,,,,,1975.0,1427.0,2485.0,
2516.0,1028.0,1690.0,2706.0,,3552.0,2426.0,2078.0,2485.0,1028.0,1805.0,1676.0,593.0,2426.0,,,1796.0,,,,,2010.0,1631.0,2498.0,
2906.0,1165.0,1805.0,2714.0,,,2450.0,2108.0,2498.0,1165.0,1868.0,1742.0,772.0,2450.0,,,2151.0,,,,,2103.0,1641.0,2535.0,
3298.0,1236.0,1868.0,2808.0,,,2485.0,2173.0,2535.0,1236.0,2047.0,1749.0,829.0,2485.0,,,2363.0,,,,,2124.0,1690.0,2540.0,
3322.0,1238.0,2047.0,2885.0,,,2498.0,2177.0,2540.0,1238.0,2078.0,1755.0,857.0,2498.0,,,2682.0,,,,,2140.0,1805.0,2580.0,
3459.0,1310.0,2064.0,2926.0,,,2535.0,2217.0,2580.0,1310.0,2108.0,1788.0,864.0,2535.0,,,2937.0,,,,,2150.0,1868.0,2643.0,
3537.0,1427.0,2078.0,2931.0,,,2540.0,2239.0,2643.0,1427.0,2173.0,1797.0,1021.0,2540.0,,,3086.0,,,,,2162.0,2047.0,2654.0,
3538.0,1631.0,2108.0,2972.0,,,2580.0,2243.0,2654.0,1631.0,2177.0,1814.0,1028.0,2580.0,,,3097.0,,,,,2164.0,2064.0,2656.0,
3660.0,1641.0,2173.0,2979.0,,,2643.0,2282.0,2656.0,1641.0,2217.0,1822.0,1165.0,2643.0,,,3317.0,,,,,2170.0,2078.0,2696.0,
3684.0,1690.0,2177.0,3108.0,,,2654.0,2327.0,2696.0,1690.0,2239.0,1828.0,1236.0,2654.0,,,3577.0,,,,,2231.0,2108.0,2706.0,
18.0,1805.0,2217.0,3116.0,,,2656.0,2336.0,2706.0,1805.0,2243.0,1861.0,1238.0,2656.0,,,201.0,,,,,2245.0,2173.0,2714.0,
70.0,1868.0,2239.0,3133.0,,,2696.0,2341.0,2714.0,1868.0,2282.0,1886.0,1310.0,2696.0,,,301.0,,,,,2275.0,2177.0,2808.0,
262.0,2047.0,2243.0,3169.0,,,2706.0,2407.0,2808.0,2047.0,2327.0,1957.0,1427.0,2706.0,,,553.0,,,,,2328.0,2217.0,2855.0,
412.0,2064.0,2282.0,3235.0,,,2714.0,2460.0,2855.0,2064.0,2336.0,1975.0,1631.0,2714.0,,,572.0,,,,,2354.0,2239.0,2926.0,
444.0,2078.0,2327.0,3240.0,,,2808.0,2487.0,2926.0,2078.0,2341.0,1994.0,1641.0,2808.0,,,740.0,,,,,2361.0,2243.0,2972.0,
455.0,2108.0,2336.0,3263.0,,,2855.0,2539.0,2972.0,2108.0,2349.0,2010.0,1690.0,2855.0,,,848.0,,,,,2396.0,2282.0,2979.0,
532.0,2173.0,2341.0,3325.0,,,2926.0,2635.0,2979.0,2173.0,2407.0,2044.0,1805.0,2926.0,,,1378.0,,,,,2426.0,2327.0,3108.0,
593.0,2177.0,2349.0,3371.0,,,2972.0,2679.0,3108.0,2177.0,2460.0,2103.0,1868.0,2972.0,,,1717.0,,,,,2450.0,2336.0,3116.0,
772.0,2217.0,2407.0,3408.0,,,2979.0,2778.0,3116.0,2217.0,2487.0,2140.0,2047.0,2979.0,,,1847.0,,,,,2485.0,2341.0,3133.0,
829.0,2239.0,2460.0,3424.0,,,3108.0,2792.0,3133.0,2239.0,2539.0,2150.0,2064.0,3108.0,,,1990.0,,,,,2498.0,2349.0,3169.0,
857.0,2243.0,2487.0,3509.0,,,3116.0,2832.0,3169.0,2243.0,2635.0,2162.0,2078.0,3116.0,,,2106.0,,,,,2535.0,2407.0,3235.0,
864.0,2282.0,2539.0,3533.0,,,3133.0,2881.0,3235.0,2282.0,2778.0,2164.0,2108.0,3133.0,,,2516.0,,,,,2540.0,2460.0,3240.0,
1021.0,2327.0,2635.0,3539.0,,,3169.0,2883.0,3240.0,2327.0,2792.0,2231.0,2173.0,3169.0,,,2906.0,,,,,2580.0,2487.0,3325.0,
1028.0,2336.0,2778.0,3580.0,,,3235.0,2993.0,3325.0,2336.0,2817.0,2245.0,2177.0,3235.0,,,3298.0,,,,,2643.0,2539.0,3371.0,
1165.0,2341.0,2792.0,3590.0,,,3240.0,3085.0,3371.0,2341.0,2832.0,2275.0,2217.0,3240.0,,,3322.0,,,,,2654.0,2635.0,3408.0,
1236.0,2349.0,2817.0,3610.0,,,3325.0,3208.0,3408.0,2349.0,2881.0,2361.0,2239.0,3325.0,,,3459.0,,,,,2656.0,2778.0,3424.0,
1238.0,2407.0,2832.0,3637.0,,,3371.0,3379.0,3424.0,2460.0,2883.0,2396.0,2243.0,3371.0,,,3537.0,,,,,2706.0,2792.0,3509.0,
1310.0,2460.0,2881.0,3658.0,,,3408.0,3443.0,3509.0,2487.0,2993.0,2426.0,2282.0,3408.0,,,3538.0,,,,,2714.0,2817.0,3533.0,
1427.0,2487.0,2883.0,3665.0,,,3424.0,3493.0,3533.0,2539.0,3085.0,2485.0,2327.0,3424.0,,,3660.0,,,,,2808.0,2832.0,3539.0,
1631.0,2539.0,2993.0,3691.0,,,3509.0,3552.0,3539.0,2635.0,3379.0,2498.0,2336.0,3509.0,,,3684.0,,,,,2855.0,2881.0,3580.0,
1641.0,2635.0,3085.0,3704.0,,,3533.0,,3580.0,2778.0,3443.0,2535.0,2341.0,3533.0,,,18.0,,,,,2926.0,2883.0,3590.0,
1690.0,2778.0,3379.0,3759.0,,,3539.0,,3590.0,2792.0,3493.0,2580.0,2349.0,3539.0,,,70.0,,,,,2972.0,2993.0,3610.0,
1805.0,2792.0,3443.0,3774.0,,,3580.0,,3610.0,2817.0,3552.0,2643.0,2407.0,3580.0,,,262.0,,,,,2979.0,3085.0,3637.0,
1868.0,2817.0,3493.0,3824.0,,,3590.0,,3637.0,2832.0,,2654.0,2460.0,3590.0,,,412.0,,,,,3116.0,3379.0,3665.0,
2047.0,2832.0,3552.0,682.0,,,3610.0,,3665.0,2881.0,,2656.0,2487.0,3637.0,,,444.0,,,,,3133.0,3443.0,3691.0,
2064.0,2881.0,,775.0,,,3637.0,,3691.0,2883.0,,2690.0,2539.0,3665.0,,,455.0,,,,,3169.0,3493.0,3704.0,
2078.0,2883.0,,695.0,,,3665.0,,3704.0,2993.0,,2696.0,2635.0,3691.0,,,532.0,,,,,3235.0,3552.0,3759.0,
2108.0,2993.0,,1141.0,,,3691.0,,3759.0,3085.0,,2706.0,2778.0,3704.0,,,772.0,,,,,3240.0,,3774.0,
2173.0,3085.0,,1323.0,,,3704.0,,3774.0,3379.0,,2714.0,2792.0,3759.0,,,829.0,,,,,3263.0,,3824.0,
2177.0,3379.0,,1640.0,,,3759.0,,3824.0,3443.0,,2808.0,2817.0,3774.0,,,857.0,,,,,3371.0,,668.0,
2217.0,3443.0,,1679.0,,,3774.0,,668.0,3493.0,,2885.0,2832.0,3824.0,,,864.0,,,,,3408.0,,3074.0,
2239.0,3493.0,,2363.0,,,3824.0,,3074.0,3552.0,,2926.0,2881.0,668.0,,,1021.0,,,,,3424.0,,172.0,
2243.0,3552.0,,2564.0,,,668.0,,172.0,,,2931.0,2883.0,3074.0,,,1028.0,,,,,3509.0,,1141.0,
2282.0,,,2682.0,,,3074.0,,1141.0,,,2972.0,2993.0,172.0,,,1165.0,,,,,3533.0,,1323.0,
2327.0,,,2937.0,,,172.0,,1323.0,,,2979.0,3085.0,1141.0,,,1236.0,,,,,3539.0,,1679.0,
2336.0,,,3158.0,,,1141.0,,1679.0,,,3108.0,3379.0,1323.0,,,1238.0,,,,,3580.0,,1796.0,
2341.0,,,3577.0,,,1323.0,,1796.0,,,3116.0,3443.0,1679.0,,,1310.0,,,,,3590.0,,2151.0,
2349.0,,,87.0,,,1679.0,,2151.0,,,3133.0,3493.0,1796.0,,,1631.0,,,,,3610.0,,2363.0,
2407.0,,,163.0,,,1796.0,,2363.0,,,3169.0,3552.0,2151.0,,,1641.0,,,,,3637.0,,2682.0,
2460.0,,,261.0,,,2151.0,,2682.0,,,3235.0,,2363.0,,,1690.0,,,,,3665.0,,2937.0,
2539.0,,,263.0,,,2363.0,,2937.0,,,3240.0,,2682.0,,,1805.0,,,,,3691.0,,3086.0,
2635.0,,,301.0,,,2682.0,,3086.0,,,3263.0,,2937.0,,,1868.0,,,,,3704.0,,3097.0,
2778.0,,,430.0,,,2937.0,,3097.0,,,3325.0,,3086.0,,,2047.0,,,,,3759.0,,3158.0,
2792.0,,,553.0,,,3086.0,,3158.0,,,3371.0,,3097.0,,,2064.0,,,,,668.0,,3317.0,
2817.0,,,572.0,,,3097.0,,3317.0,,,3408.0,,3158.0,,,2078.0,,,,,3074.0,,3577.0,
2832.0,,,740.0,,,3158.0,,3577.0,,,3424.0,,3317.0,,,2108.0,,,,,172.0,,87.0,
2881.0,,,848.0,,,3317.0,,87.0,,,3509.0,,3577.0,,,2173.0,,,,,1141.0,,201.0,
2883.0,,,986.0,,,3577.0,,201.0,,,3533.0,,87.0,,,2177.0,,,,,1323.0,,301.0,
2993.0,,,1186.0,,,87.0,,301.0,,,3539.0,,201.0,,,2217.0,,,,,1679.0,,553.0,
3085.0,,,1378.0,,,201.0,,553.0,,,3580.0,,301.0,,,2239.0,,,,,1796.0,,572.0,
3379.0,,,1642.0,,,301.0,,572.0,,,3590.0,,553.0,,,2243.0,,,,,2151.0,,740.0,
3443.0,,,1847.0,,,553.0,,740.0,,,3610.0,,572.0,,,2282.0,,,,,2363.0,,848.0,
3493.0,,,1863.0,,,572.0,,848.0,,,3637.0,,740.0,,,2327.0,,,,,2937.0,,986.0,
3552.0,,,2043.0,,,740.0,,986.0,,,3658.0,,848.0,,,2341.0,,,,,3086.0,,1378.0,
,,,2106.0,,,848.0,,1378.0,,,3665.0,,986.0,,,2349.0,,,,,3097.0,,1717.0,
,,,2516.0,,,986.0,,1717.0,,,3691.0,,1378.0,,,2407.0,,,,,3158.0,,1847.0,
,,,3298.0,,,1378.0,,1847.0,,,3704.0,,1717.0,,,2460.0,,,,,3317.0,,1990.0,
,,,3322.0,,,1717.0,,1990.0,,,3759.0,,1847.0,,,2487.0,,,,,3577.0,,2106.0,
,,,3459.0,,,1847.0,,2106.0,,,3774.0,,1990.0,,,2539.0,,,,,87.0,,2516.0,
,,,3537.0,,,1990.0,,2516.0,,,3824.0,,2106.0,,,2778.0,,,,,301.0,,2906.0,
,,,3684.0,,,2106.0,,2906.0,,,682.0,,2516.0,,,2792.0,,,,,553.0,,3298.0,
,,,18.0,,,2516.0,,3298.0,,,775.0,,2906.0,,,2817.0,,,,,572.0,,3322.0,
,,,70.0,,,2906.0,,3322.0,,,695.0,,3298.0,,,2832.0,,,,,740.0,,3459.0,
,,,222.0,,,3298.0,,3459.0,,,1141.0,,3322.0,,,2881.0,,,,,848.0,,3537.0,
,,,262.0,,,3322.0,,3537.0,,,1323.0,,3459.0,,,2883.0,,,,,986.0,,3538.0,
,,,412.0,,,3459.0,,3538.0,,,1640.0,,3537.0,,,2993.0,,,,,1378.0,,3660.0,
,,,444.0,,,3537.0,,3660.0,,,1679.0,,3538.0,,,3085.0,,,,,1717.0,,3684.0,
,,,455.0,,,3538.0,,3684.0,,,2363.0,,3660.0,,,3379.0,,,,,1847.0,,18.0,
,,,532.0,,,3660.0,,18.0,,,2564.0,,3684.0,,,3443.0,,,,,1990.0,,70.0,
,,,593.0,,,3684.0,,70.0,,,2682.0,,70.0,,,3493.0,,,,,2106.0,,262.0,
,,,772.0,,,18.0,,262.0,,,2937.0,,262.0,,,3552.0,,,,,2516.0,,412.0,
,,,829.0,,,70.0,,412.0,,,3158.0,,412.0,,,,,,,,2906.0,,444.0,
,,,864.0,,,262.0,,444.0,,,3577.0,,444.0,,,,,,,,3298.0,,455.0,
,,,1021.0,,,412.0,,455.0,,,87.0,,532.0,,,,,,,,3322.0,,532.0,
,,,1028.0,,,444.0,,532.0,,,163.0,,593.0,,,,,,,,3459.0,,593.0,
,,,1165.0,,,532.0,,593.0,,,261.0,,772.0,,,,,,,,3537.0,,772.0,
,,,1236.0,,,593.0,,772.0,,,263.0,,829.0,,,,,,,,3538.0,,829.0,
,,,1238.0,,,772.0,,829.0,,,301.0,,857.0,,,,,,,,3660.0,,857.0,
,,,1394.0,,,829.0,,857.0,,,430.0,,864.0,,,,,,,,3684.0,,864.0,
,,,1427.0,,,857.0,,864.0,,,553.0,,1021.0,,,,,,,,18.0,,1021.0,
,,,1510.0,,,864.0,,1021.0,,,572.0,,1028.0,,,,,,,,70.0,,1028.0,
,,,1631.0,,,1021.0,,1028.0,,,740.0,,1165.0,,,,,,,,412.0,,1165.0,
,,,1641.0,,,1028.0,,1165.0,,,848.0,,1236.0,,,,,,,,444.0,,1236.0,
,,,1690.0,,,1165.0,,1236.0,,,986.0,,1238.0,,,,,,,,455.0,,1238.0,
,,,1805.0,,,1236.0,,1238.0,,,1186.0,,1310.0,,,,,,,,532.0,,1310.0,
,,,1868.0,,,1238.0,,1310.0,,,1378.0,,1427.0,,,,,,,,593.0,,1427.0,
,,,2047.0,,,1310.0,,1427.0,,,1642.0,,1631.0,,,,,,,,772.0,,1631.0,
,,,2078.0,,,1427.0,,1631.0,,,1863.0,,1641.0,,,,,,,,829.0,,1641.0,
,,,2108.0,,,1631.0,,1641.0,,,2043.0,,1690.0,,,,,,,,857.0,,1690.0,
,,,2173.0,,,1641.0,,1690.0,,,2106.0,,1805.0,,,,,,,,864.0,,1805.0,
,,,2177.0,,,1690.0,,1805.0,,,2516.0,,1868.0,,,,,,,,1021.0,,1868.0,
,,,2217.0,,,1805.0,,1868.0,,,3298.0,,2047.0,,,,,,,,1028.0,,2047.0,
,,,2239.0,,,1868.0,,2047.0,,,3322.0,,2064.0,,,,,,,,1165.0,,2064.0,
,,,2243.0,,,2047.0,,2064.0,,,3459.0,,2078.0,,,,,,,,1236.0,,2078.0,
,,,2327.0,,,2064.0,,2078.0,,,3537.0,,2108.0,,,,,,,,1238.0,,2108.0,
,,,2336.0,,,2078.0,,2108.0,,,3684.0,,2173.0,,,,,,,,1427.0,,2173.0,
,,,2341.0,,,2108.0,,2173.0,,,18.0,,2177.0,,,,,,,,1631.0,,2177.0,
,,,2407.0,,,2173.0,,2177.0,,,70.0,,2217.0,,,,,,,,1641.0,,2217.0,
,,,2460.0,,,2177.0,,2217.0,,,222.0,,2239.0,,,,,,,,1690.0,,2239.0,
,,,2487.0,,,2217.0,,2239.0,,,262.0,,2243.0,,,,,,,,1805.0,,2243.0,
,,,2539.0,,,2239.0,,2243.0,,,412.0,,2282.0,,,,,,,,2047.0,,2282.0,
,,,2635.0,,,2243.0,,2282.0,,,444.0,,2327.0,,,,,,,,2078.0,,2327.0,
,,,2679.0,,,2282.0,,2327.0,,,455.0,,2336.0,,,,,,,,2108.0,,2336.0,
,,,2778.0,,,2327.0,,2336.0,,,532.0,,2341.0,,,,,,,,2177.0,,2341.0,
,,,2792.0,,,2336.0,,2341.0,,,593.0,,2349.0,,,,,,,,2217.0,,2349.0,
,,,2832.0,,,2341.0,,2349.0,,,772.0,,2407.0,,,,,,,,2239.0,,2407.0,
,,,2881.0,,,2349.0,,2407.0,,,829.0,,2460.0,,,,,,,,2282.0,,2460.0,
,,,2883.0,,,2407.0,,2460.0,,,857.0,,2487.0,,,,,,,,2336.0,,2487.0,
,,,2993.0,,,2460.0,,2487.0,,,864.0,,2539.0,,,,,,,,2341.0,,2539.0,
,,,3085.0,,,2487.0,,2539.0,,,1021.0,,2635.0,,,,,,,,2349.0,,2635.0,
,,,3208.0,,,2539.0,,2635.0,,,1028.0,,2778.0,,,,,,,,2407.0,,2778.0,
,,,3379.0,,,2635.0,,2778.0,,,1165.0,,2792.0,,,,,,,,2487.0,,2792.0,
,,,3493.0,,,2778.0,,2792.0,,,1236.0,,2817.0,,,,,,,,2539.0,,2817.0,
,,,3552.0,,,2792.0,,2817.0,,,1238.0,,2832.0,,,,,,,,2635.0,,2832.0,
,,,,,,2817.0,,2832.0,,,1427.0,,2881.0,,,,,,,,2778.0,,2881.0,
,,,,,,2832.0,,2881.0,,,1510.0,,2883.0,,,,,,,,2792.0,,2883.0,
,,,,,,2881.0,,2883.0,,,1631.0,,2993.0,,,,,,,,2832.0,,2993.0,
,,,,,,2883.0,,2993.0,,,1641.0,,3085.0,,,,,,,,2881.0,,3085.0,
,,,,,,2993.0,,3085.0,,,1690.0,,3379.0,,,,,,,,2883.0,,3379.0,
,,,,,,3085.0,,3379.0,,,1805.0,,3443.0,,,,,,,,2993.0,,3443.0,
,,,,,,3379.0,,3443.0,,,2047.0,,3493.0,,,,,,,,3085.0,,3493.0,
,,,,,,3443.0,,3493.0,,,2078.0,,3552.0,,,,,,,,3443.0,,3552.0,
,,,,,,3493.0,,3552.0,,,2108.0,,,,,,,,,,3493.0,,,
,,,,,,3552.0,,,,,2173.0,,,,,,,,,,3552.0,,,
,,,,,,,,,,,2177.0,,,,,,,,,,,,,
,,,,,,,,,,,2217.0,,,,,,,,,,,,,
,,,,,,,,,,,2239.0,,,,,,,,,,,,,
,,,,,,,,,,,2243.0,,,,,,,,,,,,,
,,,,,,,,,,,2282.0,,,,,,,,,,,,,
,,,,,,,,,,,2327.0,,,,,,,,,,,,,
,,,,,,,,,,,2336.0,,,,,,,,,,,,,
,,,,,,,,,,,2341.0,,,,,,,,,,,,,
,,,,,,,,,,,2407.0,,,,,,,,,,,,,
,,,,,,,,,,,2487.0,,,,,,,,,,,,,
,,,,,,,,,,,2539.0,,,,,,,,,,,,,
,,,,,,,,,,,2635.0,,,,,,,,,,,,,
,,,,,,,,,,,2679.0,,,,,,,,,,,,,
,,,,,,,,,,,2778.0,,,,,,,,,,,,,
,,,,,,,,,,,2792.0,,,,,,,,,,,,,
,,,,,,,,,,,2832.0,,,,,,,,,,,,,
,,,,,,,,,,,2881.0,,,,,,,,,,,,,
,,,,,,,,,,,2883.0,,,,,,,,,,,,,
,,,,,,,,,,,2993.0,,,,,,,,,,,,,
,,,,,,,,,,,3085.0,,,,,,,,,,,,,
,,,,,,,,,,,3208.0,,,,,,,,,,,,,
,,,,,,,,,,,3379.0,,,,,,,,,,,,,
,,,,,,,,,,,3443.0,,,,,,,,,,,,,
,,,,,,,,,,,3493.0,,,,,,,,,,,,,
,,,,,,,,,,,3552.0,,,,,,,,,,,,,
