run_0,run_1,run_2,run_3,run_4,run_5,run_6,run_7,run_8,run_9,run_10,run_11,run_12,run_13,run_14,run_15,run_16,run_17,run_18,run_19,run_20,run_21,run_22,run_23,run_24
461.0,572.0,1486.0,485.0,158.0,591.0,24.0,474.0,1245.0,1478.0,810.0,70.0,1137.0,1322.0,148.0,683.0,1235.0,1156.0,726.0,1414.0,1106.0,1419.0,329.0,810.0,821.0
1126.0,983.0,1396.0,16.0,661.0,1103.0,892.0,185.0,978.0,346.0,722.0,647.0,314.0,1355.0,659.0,920.0,90.0,839.0,417.0,759.0,698.0,890.0,1438.0,87.0,143.0
34.0,782.0,1497.0,578.0,880.0,1310.0,1394.0,43.0,1294.0,160.0,1235.0,616.0,922.0,1178.0,199.0,103.0,58.0,878.0,316.0,1350.0,669.0,230.0,750.0,1328.0,936.0
491.0,536.0,387.0,140.0,534.0,1415.0,436.0,1044.0,529.0,281.0,97.0,1038.0,1220.0,1384.0,1019.0,350.0,588.0,734.0,1049.0,1173.0,631.0,41.0,338.0,1483.0,292.0
9.0,1143.0,457.0,854.0,649.0,269.0,754.0,60.0,243.0,557.0,1445.0,363.0,897.0,5.0,3.0,497.0,1267.0,1403.0,926.0,1460.0,1114.0,1193.0,95.0,25.0,1468.0
982.0,309.0,1137.0,1370.0,406.0,805.0,1458.0,915.0,117.0,970.0,143.0,751.0,610.0,656.0,869.0,218.0,1075.0,865.0,129.0,299.0,496.0,542.0,120.0,1137.0,627.0
425.0,1364.0,653.0,1187.0,759.0,663.0,988.0,530.0,337.0,289.0,668.0,430.0,1390.0,501.0,754.0,1085.0,1394.0,216.0,1206.0,851.0,1175.0,944.0,623.0,559.0,727.0
1379.0,248.0,1216.0,194.0,571.0,988.0,1139.0,409.0,1063.0,669.0,348.0,773.0,639.0,435.0,1364.0,504.0,873.0,1199.0,1292.0,1205.0,1255.0,1015.0,250.0,1345.0,1431.0
315.0,181.0,1344.0,1451.0,1200.0,857.0,847.0,707.0,421.0,1432.0,1339.0,1117.0,1229.0,877.0,1126.0,44.0,106.0,358.0,1468.0,466.0,877.0,131.0,1384.0,686.0,937.0
303.0,91.0,14.0,1385.0,401.0,978.0,571.0,363.0,427.0,1397.0,1472.0,828.0,10.0,306.0,1276.0,735.0,890.0,958.0,832.0,1250.0,130.0,1199.0,882.0,736.0,307.0
1309.0,936.0,197.0,1465.0,726.0,925.0,1280.0,489.0,1000.0,1127.0,949.0,7.0,856.0,1324.0,564.0,1457.0,1089.0,956.0,1031.0,405.0,942.0,1501.0,1312.0,1473.0,1143.0
265.0,1433.0,189.0,22.0,1364.0,310.0,1345.0,492.0,868.0,1483.0,447.0,906.0,855.0,711.0,1228.0,1318.0,335.0,515.0,19.0,265.0,1097.0,128.0,989.0,1376.0,475.0
245.0,1108.0,392.0,662.0,1101.0,1118.0,1110.0,1473.0,1233.0,138.0,1451.0,784.0,1103.0,786.0,402.0,51.0,656.0,1391.0,508.0,1138.0,1150.0,806.0,669.0,1411.0,1263.0
865.0,532.0,1073.0,1020.0,1299.0,888.0,1013.0,281.0,1324.0,254.0,1257.0,657.0,1353.0,1300.0,1034.0,482.0,1123.0,825.0,1219.0,1318.0,1040.0,272.0,219.0,1132.0,876.0
819.0,397.0,1443.0,95.0,518.0,574.0,851.0,206.0,1276.0,1502.0,1368.0,586.0,1491.0,235.0,419.0,1364.0,1169.0,794.0,555.0,1094.0,102.0,79.0,1346.0,440.0,710.0
1366.0,679.0,587.0,331.0,230.0,228.0,279.0,846.0,922.0,622.0,940.0,1405.0,1087.0,552.0,463.0,923.0,892.0,341.0,1059.0,956.0,540.0,994.0,640.0,980.0,665.0
622.0,459.0,1166.0,355.0,269.0,1477.0,615.0,1451.0,1209.0,108.0,698.0,494.0,663.0,536.0,1434.0,796.0,107.0,565.0,1410.0,941.0,860.0,604.0,253.0,102.0,1150.0
1448.0,431.0,33.0,1507.0,545.0,1397.0,1131.0,1325.0,1247.0,1263.0,1019.0,753.0,944.0,694.0,1163.0,176.0,1396.0,476.0,1293.0,1249.0,1233.0,972.0,1486.0,834.0,1101.0
1054.0,7.0,436.0,561.0,1221.0,427.0,189.0,744.0,245.0,296.0,919.0,362.0,695.0,1403.0,361.0,435.0,5.0,846.0,1298.0,1227.0,736.0,1144.0,322.0,1030.0,1223.0
824.0,45.0,559.0,540.0,1256.0,47.0,1258.0,942.0,406.0,152.0,1249.0,331.0,531.0,1444.0,357.0,1034.0,437.0,438.0,752.0,835.0,250.0,1307.0,1376.0,205.0,1146.0
949.0,839.0,318.0,997.0,410.0,1042.0,1137.0,475.0,999.0,1276.0,71.0,1247.0,1274.0,246.0,573.0,789.0,1117.0,276.0,810.0,496.0,1286.0,878.0,,581.0,1264.0
1391.0,166.0,901.0,59.0,889.0,1289.0,453.0,617.0,1162.0,1440.0,1074.0,278.0,407.0,413.0,1300.0,964.0,1181.0,109.0,1021.0,915.0,242.0,73.0,,286.0,71.0
61.0,1007.0,120.0,1341.0,94.0,1466.0,122.0,1285.0,80.0,598.0,172.0,532.0,69.0,179.0,915.0,205.0,882.0,429.0,809.0,820.0,682.0,413.0,,378.0,54.0
594.0,1026.0,1313.0,1129.0,11.0,1054.0,1234.0,1350.0,1169.0,1329.0,817.0,1016.0,0.0,25.0,359.0,1335.0,1023.0,205.0,85.0,642.0,67.0,37.0,,1387.0,1366.0
172.0,1061.0,975.0,1304.0,421.0,1491.0,254.0,1299.0,876.0,1488.0,663.0,1180.0,528.0,1343.0,220.0,882.0,826.0,780.0,782.0,716.0,642.0,348.0,,430.0,1289.0
1248.0,1453.0,947.0,330.0,936.0,532.0,611.0,1208.0,1471.0,560.0,844.0,809.0,1468.0,1423.0,366.0,918.0,557.0,507.0,454.0,186.0,1496.0,968.0,,225.0,1093.0
121.0,1113.0,459.0,94.0,164.0,1186.0,1092.0,784.0,1370.0,530.0,1182.0,1174.0,815.0,1305.0,701.0,1141.0,700.0,257.0,1226.0,698.0,1433.0,165.0,,596.0,464.0
540.0,1119.0,809.0,834.0,42.0,531.0,84.0,1022.0,514.0,226.0,543.0,700.0,97.0,240.0,303.0,1164.0,723.0,1236.0,1057.0,540.0,1253.0,114.0,,1312.0,1498.0
591.0,653.0,601.0,1386.0,1334.0,111.0,602.0,1424.0,1485.0,311.0,534.0,588.0,22.0,1103.0,23.0,186.0,1131.0,65.0,1195.0,993.0,1484.0,866.0,,1332.0,1117.0
933.0,1215.0,1211.0,1308.0,548.0,1025.0,531.0,853.0,846.0,902.0,627.0,195.0,778.0,307.0,1461.0,1150.0,975.0,245.0,1218.0,773.0,1395.0,1411.0,,1258.0,1374.0
836.0,1129.0,323.0,181.0,305.0,89.0,384.0,1129.0,1438.0,632.0,1419.0,1446.0,996.0,1317.0,365.0,1195.0,1110.0,1437.0,4.0,1378.0,729.0,88.0,,357.0,456.0
237.0,637.0,959.0,1248.0,470.0,667.0,698.0,560.0,995.0,1201.0,1006.0,941.0,1197.0,264.0,1135.0,297.0,1194.0,826.0,666.0,750.0,1323.0,988.0,,454.0,440.0
325.0,479.0,1399.0,26.0,505.0,1066.0,415.0,1397.0,1360.0,1425.0,42.0,237.0,791.0,777.0,829.0,1341.0,1282.0,708.0,296.0,938.0,1364.0,1232.0,,23.0,295.0
563.0,596.0,538.0,173.0,243.0,729.0,489.0,1287.0,788.0,479.0,1098.0,1478.0,437.0,1208.0,1375.0,1440.0,836.0,584.0,1491.0,1156.0,974.0,610.0,,381.0,1016.0
1102.0,1427.0,827.0,817.0,1096.0,118.0,1348.0,1440.0,1297.0,508.0,1372.0,808.0,692.0,557.0,265.0,960.0,1325.0,91.0,591.0,363.0,1238.0,532.0,,1224.0,1299.0
1411.0,1196.0,698.0,118.0,386.0,828.0,635.0,406.0,61.0,1277.0,235.0,1059.0,1218.0,1117.0,907.0,238.0,2.0,886.0,385.0,211.0,360.0,928.0,,1454.0,1317.0
1272.0,239.0,212.0,338.0,1340.0,1095.0,455.0,417.0,22.0,676.0,131.0,635.0,350.0,979.0,464.0,1391.0,717.0,481.0,559.0,1373.0,802.0,1413.0,,1415.0,539.0
1490.0,147.0,17.0,123.0,228.0,1323.0,1467.0,861.0,1481.0,1019.0,684.0,1217.0,281.0,633.0,705.0,57.0,739.0,89.0,1385.0,719.0,1375.0,1410.0,,951.0,1237.0
946.0,832.0,1455.0,206.0,558.0,126.0,212.0,870.0,991.0,378.0,956.0,688.0,597.0,1034.0,189.0,272.0,596.0,1272.0,873.0,470.0,864.0,911.0,,728.0,309.0
207.0,499.0,844.0,61.0,1262.0,18.0,34.0,583.0,759.0,336.0,1426.0,776.0,539.0,580.0,531.0,1245.0,1305.0,466.0,957.0,1491.0,600.0,1405.0,,706.0,153.0
1051.0,1031.0,908.0,848.0,285.0,106.0,680.0,548.0,1256.0,518.0,1142.0,93.0,1503.0,194.0,613.0,1427.0,1261.0,1155.0,495.0,350.0,339.0,63.0,,129.0,698.0
451.0,476.0,1090.0,978.0,875.0,1177.0,1357.0,340.0,67.0,1202.0,759.0,1311.0,1225.0,1143.0,231.0,871.0,264.0,327.0,902.0,179.0,1000.0,291.0,,649.0,474.0
1355.0,416.0,316.0,1212.0,619.0,611.0,1050.0,566.0,1291.0,98.0,198.0,721.0,471.0,388.0,443.0,1298.0,1347.0,1266.0,1362.0,887.0,1390.0,838.0,,1198.0,38.0
971.0,872.0,1353.0,950.0,716.0,728.0,620.0,321.0,481.0,81.0,1181.0,938.0,421.0,874.0,1483.0,130.0,499.0,1390.0,1244.0,1505.0,749.0,1066.0,,1021.0,86.0
46.0,240.0,241.0,339.0,816.0,1176.0,197.0,983.0,1399.0,500.0,861.0,1003.0,463.0,930.0,1088.0,457.0,760.0,1149.0,696.0,473.0,426.0,31.0,,229.0,1008.0
367.0,1006.0,1331.0,649.0,1339.0,809.0,288.0,357.0,1286.0,1392.0,429.0,50.0,879.0,1357.0,232.0,248.0,1027.0,821.0,1414.0,239.0,78.0,417.0,,306.0,910.0
1274.0,364.0,570.0,332.0,1240.0,829.0,1263.0,248.0,136.0,908.0,1488.0,1384.0,352.0,1146.0,899.0,1501.0,348.0,1069.0,899.0,1159.0,781.0,1086.0,,19.0,695.0
270.0,360.0,1041.0,356.0,1248.0,1366.0,1259.0,869.0,1310.0,1142.0,234.0,189.0,1335.0,881.0,611.0,638.0,628.0,10.0,914.0,99.0,1268.0,66.0,,628.0,404.0
962.0,1237.0,1104.0,627.0,1254.0,472.0,763.0,524.0,737.0,337.0,622.0,523.0,1405.0,1312.0,301.0,1138.0,1152.0,1287.0,1124.0,4.0,648.0,742.0,,326.0,1394.0
1395.0,902.0,1148.0,291.0,25.0,572.0,1026.0,1399.0,882.0,831.0,532.0,1362.0,27.0,344.0,166.0,1010.0,1197.0,1416.0,1328.0,160.0,35.0,1356.0,,282.0,109.0
1211.0,754.0,478.0,509.0,840.0,1242.0,1010.0,97.0,843.0,984.0,5.0,577.0,561.0,584.0,1044.0,82.0,422.0,1373.0,680.0,1302.0,128.0,759.0,,511.0,1370.0
737.0,1310.0,981.0,883.0,849.0,884.0,736.0,1377.0,1132.0,1264.0,262.0,771.0,1345.0,762.0,1486.0,1260.0,1022.0,812.0,291.0,975.0,105.0,597.0,,1426.0,1246.0
875.0,150.0,1165.0,471.0,1408.0,309.0,735.0,1282.0,1111.0,457.0,604.0,1040.0,970.0,215.0,698.0,578.0,377.0,33.0,1371.0,506.0,602.0,550.0,,71.0,63.0
550.0,470.0,716.0,931.0,930.0,445.0,1470.0,95.0,1463.0,1071.0,857.0,232.0,799.0,1056.0,316.0,358.0,982.0,1320.0,440.0,207.0,747.0,101.0,,1463.0,1459.0
846.0,1192.0,943.0,697.0,1.0,761.0,368.0,1175.0,64.0,1503.0,86.0,373.0,143.0,880.0,1241.0,862.0,245.0,740.0,1317.0,1029.0,576.0,551.0,,753.0,989.0
75.0,225.0,1020.0,730.0,954.0,119.0,499.0,1468.0,1358.0,576.0,1031.0,1000.0,1449.0,865.0,876.0,798.0,360.0,318.0,1230.0,489.0,525.0,786.0,,1079.0,261.0
703.0,1278.0,1266.0,1056.0,664.0,2.0,1118.0,711.0,539.0,256.0,138.0,427.0,899.0,982.0,596.0,1505.0,1502.0,1275.0,284.0,1326.0,502.0,122.0,,42.0,266.0
794.0,36.0,1125.0,81.0,298.0,1480.0,1284.0,1108.0,565.0,474.0,124.0,1251.0,1048.0,1462.0,1302.0,7.0,674.0,601.0,249.0,931.0,920.0,713.0,,541.0,1104.0
115.0,95.0,910.0,994.0,839.0,96.0,169.0,1335.0,375.0,5.0,41.0,1118.0,1347.0,1287.0,1410.0,87.0,276.0,1252.0,985.0,724.0,1335.0,1113.0,,719.0,1441.0
1441.0,603.0,760.0,386.0,1236.0,967.0,1352.0,929.0,1140.0,956.0,1486.0,561.0,1140.0,312.0,842.0,296.0,483.0,1016.0,1012.0,1236.0,276.0,1105.0,,395.0,814.0
105.0,1149.0,905.0,500.0,26.0,623.0,981.0,829.0,522.0,100.0,639.0,628.0,1004.0,974.0,1081.0,772.0,994.0,1288.0,86.0,1124.0,362.0,839.0,,41.0,1315.0
486.0,112.0,467.0,976.0,88.0,168.0,238.0,1313.0,36.0,1323.0,953.0,1303.0,1475.0,1174.0,171.0,393.0,862.0,1169.0,1143.0,622.0,294.0,70.0,,741.0,184.0
166.0,1409.0,571.0,1106.0,1207.0,1006.0,521.0,1168.0,1479.0,814.0,1043.0,1402.0,387.0,621.0,353.0,339.0,413.0,1154.0,373.0,1322.0,45.0,1045.0,,717.0,771.0
144.0,1057.0,1200.0,689.0,934.0,821.0,682.0,112.0,1144.0,76.0,1417.0,900.0,1478.0,1039.0,72.0,731.0,434.0,743.0,117.0,1265.0,842.0,381.0,,930.0,583.0
1105.0,881.0,1105.0,1059.0,79.0,1057.0,684.0,187.0,520.0,374.0,298.0,470.0,1376.0,828.0,1477.0,704.0,385.0,139.0,71.0,2.0,1272.0,682.0,,936.0,834.0
42.0,967.0,325.0,1009.0,938.0,424.0,1428.0,500.0,1488.0,41.0,1076.0,67.0,772.0,1113.0,1080.0,576.0,1248.0,608.0,1085.0,818.0,784.0,59.0,,1338.0,114.0
1342.0,803.0,420.0,455.0,168.0,1161.0,234.0,545.0,1328.0,435.0,648.0,1363.0,59.0,949.0,399.0,1221.0,506.0,1182.0,8.0,221.0,1164.0,1327.0,,1109.0,422.0
239.0,629.0,381.0,548.0,200.0,1374.0,150.0,91.0,1113.0,940.0,1275.0,280.0,1056.0,988.0,739.0,721.0,736.0,1445.0,255.0,746.0,283.0,1114.0,,477.0,1417.0
1459.0,868.0,955.0,470.0,530.0,593.0,1202.0,920.0,710.0,121.0,1055.0,1241.0,111.0,34.0,487.0,1301.0,815.0,895.0,53.0,1449.0,821.0,1153.0,,443.0,457.0
1406.0,137.0,303.0,496.0,549.0,289.0,1231.0,1206.0,1069.0,409.0,986.0,324.0,985.0,455.0,732.0,955.0,746.0,38.0,62.0,1436.0,1124.0,462.0,,981.0,670.0
685.0,482.0,830.0,1375.0,1010.0,446.0,1005.0,699.0,94.0,998.0,786.0,1503.0,741.0,827.0,1259.0,309.0,558.0,140.0,992.0,1364.0,917.0,1507.0,,1007.0,1268.0
1017.0,12.0,973.0,490.0,1374.0,102.0,1211.0,1048.0,118.0,1043.0,767.0,666.0,891.0,351.0,1474.0,431.0,921.0,7.0,1019.0,790.0,931.0,1009.0,,111.0,609.0
1157.0,717.0,609.0,285.0,252.0,966.0,69.0,388.0,491.0,524.0,657.0,394.0,476.0,876.0,73.0,864.0,115.0,101.0,637.0,125.0,744.0,421.0,,331.0,1138.0
1330.0,645.0,974.0,638.0,350.0,580.0,98.0,366.0,956.0,1032.0,1125.0,405.0,76.0,365.0,1119.0,598.0,366.0,1091.0,968.0,292.0,737.0,1131.0,,1389.0,378.0
1081.0,267.0,620.0,872.0,605.0,50.0,693.0,257.0,1192.0,993.0,260.0,1431.0,979.0,564.0,192.0,774.0,1401.0,1051.0,378.0,210.0,1451.0,1492.0,,48.0,130.0
613.0,1333.0,264.0,833.0,1089.0,1447.0,513.0,1437.0,1090.0,128.0,1159.0,525.0,824.0,1111.0,410.0,748.0,1321.0,840.0,1350.0,704.0,140.0,386.0,,1381.0,6.0
1409.0,865.0,179.0,838.0,468.0,545.0,990.0,86.0,1135.0,235.0,232.0,1240.0,90.0,591.0,651.0,618.0,958.0,1035.0,906.0,430.0,644.0,541.0,,1235.0,265.0
1015.0,329.0,1144.0,537.0,893.0,475.0,575.0,17.0,1010.0,1005.0,1350.0,277.0,997.0,1137.0,1061.0,1500.0,345.0,157.0,10.0,1069.0,277.0,289.0,,602.0,959.0
152.0,1408.0,235.0,268.0,132.0,1221.0,119.0,171.0,777.0,663.0,1431.0,1062.0,1215.0,1442.0,941.0,1400.0,1457.0,184.0,133.0,131.0,232.0,1478.0,,588.0,1506.0
602.0,1370.0,216.0,646.0,1407.0,1198.0,595.0,1465.0,363.0,147.0,306.0,467.0,455.0,987.0,1290.0,353.0,1400.0,576.0,1358.0,36.0,1091.0,886.0,,1492.0,1005.0
280.0,38.0,1261.0,1480.0,713.0,162.0,1336.0,693.0,581.0,559.0,1106.0,1281.0,1041.0,341.0,1018.0,1291.0,1328.0,1363.0,668.0,53.0,969.0,121.0,,1190.0,1290.0
1000.0,944.0,903.0,777.0,1099.0,9.0,993.0,1109.0,745.0,1210.0,164.0,717.0,762.0,70.0,384.0,388.0,176.0,1473.0,1269.0,1479.0,706.0,420.0,,1096.0,175.0
1333.0,441.0,801.0,144.0,1204.0,327.0,38.0,734.0,605.0,1462.0,1083.0,1065.0,673.0,826.0,1408.0,311.0,323.0,360.0,688.0,1082.0,288.0,1471.0,,259.0,1217.0
1283.0,117.0,941.0,691.0,160.0,346.0,618.0,519.0,1051.0,1311.0,1401.0,1221.0,916.0,868.0,755.0,1104.0,446.0,522.0,623.0,1447.0,1296.0,539.0,,1174.0,1110.0
1501.0,1010.0,1375.0,179.0,340.0,1502.0,87.0,375.0,1257.0,204.0,754.0,28.0,432.0,1463.0,863.0,1436.0,828.0,995.0,41.0,1432.0,1244.0,745.0,,1019.0,1022.0
841.0,489.0,1045.0,771.0,75.0,443.0,994.0,700.0,799.0,1257.0,825.0,1473.0,1283.0,482.0,1146.0,312.0,1033.0,1304.0,732.0,597.0,792.0,984.0,,1234.0,972.0
812.0,892.0,1320.0,1473.0,465.0,170.0,1060.0,42.0,88.0,269.0,390.0,131.0,554.0,1395.0,1496.0,66.0,699.0,456.0,596.0,385.0,251.0,341.0,,1229.0,1075.0
406.0,801.0,1227.0,38.0,1448.0,291.0,663.0,1020.0,1359.0,425.0,784.0,124.0,304.0,310.0,219.0,381.0,999.0,574.0,1146.0,946.0,705.0,469.0,,911.0,1382.0
353.0,863.0,117.0,876.0,282.0,1009.0,910.0,467.0,1418.0,1065.0,155.0,979.0,745.0,568.0,749.0,1481.0,902.0,848.0,853.0,338.0,466.0,1386.0,,403.0,793.0
22.0,246.0,842.0,342.0,630.0,1071.0,86.0,698.0,471.0,333.0,724.0,1285.0,224.0,543.0,230.0,458.0,201.0,877.0,734.0,807.0,1487.0,238.0,,105.0,379.0
159.0,811.0,468.0,1459.0,943.0,843.0,879.0,824.0,1420.0,1337.0,33.0,1367.0,367.0,911.0,,406.0,984.0,906.0,1400.0,181.0,490.0,176.0,,607.0,1376.0
1070.0,1285.0,966.0,1280.0,898.0,61.0,830.0,730.0,58.0,729.0,1282.0,63.0,1195.0,213.0,,1434.0,1015.0,131.0,70.0,970.0,1075.0,1269.0,,246.0,582.0
392.0,473.0,988.0,472.0,1179.0,1102.0,1403.0,538.0,803.0,539.0,395.0,1085.0,1221.0,315.0,,428.0,832.0,24.0,323.0,585.0,645.0,133.0,,1124.0,1068.0
781.0,1104.0,995.0,228.0,172.0,208.0,1412.0,1443.0,823.0,702.0,467.0,385.0,1281.0,1450.0,,306.0,701.0,1433.0,531.0,1235.0,161.0,1073.0,,247.0,1011.0
442.0,924.0,277.0,1319.0,1309.0,643.0,26.0,653.0,79.0,1086.0,1015.0,233.0,677.0,590.0,,886.0,473.0,356.0,1052.0,1507.0,478.0,1491.0,,1314.0,89.0
774.0,1169.0,77.0,542.0,336.0,1067.0,112.0,759.0,1351.0,827.0,1198.0,568.0,1006.0,255.0,,275.0,161.0,968.0,1090.0,132.0,455.0,1393.0,,749.0,1442.0
466.0,244.0,394.0,621.0,826.0,1082.0,92.0,517.0,816.0,1145.0,1430.0,1258.0,885.0,1229.0,,139.0,328.0,1421.0,346.0,606.0,1411.0,619.0,,320.0,1127.0
241.0,630.0,658.0,83.0,194.0,538.0,257.0,960.0,1427.0,727.0,1288.0,1336.0,369.0,617.0,,948.0,1385.0,872.0,110.0,643.0,40.0,297.0,,1177.0,1267.0
352.0,1489.0,1154.0,1013.0,1498.0,1100.0,239.0,875.0,1374.0,90.0,1457.0,1090.0,527.0,749.0,,781.0,1327.0,1322.0,1296.0,1196.0,915.0,193.0,,970.0,922.0
1171.0,1289.0,401.0,574.0,346.0,200.0,801.0,40.0,1017.0,1299.0,610.0,246.0,292.0,1405.0,,756.0,662.0,538.0,572.0,1157.0,1273.0,480.0,,384.0,1069.0
202.0,648.0,949.0,1312.0,1282.0,388.0,995.0,978.0,33.0,737.0,892.0,841.0,1161.0,546.0,,564.0,382.0,1481.0,888.0,480.0,672.0,319.0,,459.0,420.0
749.0,330.0,1091.0,698.0,595.0,926.0,321.0,1007.0,972.0,413.0,1007.0,166.0,103.0,40.0,,646.0,421.0,445.0,140.0,722.0,1351.0,18.0,,1479.0,783.0
1233.0,786.0,403.0,68.0,767.0,1034.0,1299.0,1174.0,931.0,22.0,755.0,1082.0,7.0,1110.0,,597.0,550.0,1124.0,1258.0,564.0,1171.0,1373.0,,1264.0,341.0
628.0,723.0,1134.0,315.0,222.0,947.0,582.0,67.0,644.0,106.0,1053.0,585.0,1172.0,756.0,,717.0,381.0,1501.0,1325.0,943.0,732.0,1187.0,,522.0,860.0
1152.0,440.0,906.0,447.0,939.0,239.0,1091.0,967.0,590.0,173.0,1334.0,535.0,615.0,1382.0,,1464.0,1039.0,724.0,111.0,1248.0,1109.0,168.0,,349.0,757.0
969.0,1505.0,1336.0,786.0,1378.0,786.0,182.0,689.0,683.0,509.0,994.0,11.0,285.0,811.0,,1136.0,211.0,918.0,337.0,1101.0,83.0,428.0,,203.0,1111.0
341.0,1221.0,721.0,900.0,1208.0,508.0,1117.0,104.0,836.0,1349.0,78.0,193.0,77.0,908.0,,916.0,380.0,633.0,167.0,661.0,1303.0,117.0,,777.0,494.0
1082.0,567.0,237.0,364.0,451.0,1451.0,925.0,779.0,73.0,355.0,383.0,1089.0,522.0,119.0,,24.0,734.0,212.0,1215.0,1004.0,437.0,1329.0,,1095.0,97.0
1375.0,370.0,385.0,1320.0,50.0,304.0,1507.0,472.0,246.0,1342.0,660.0,1470.0,720.0,1247.0,,442.0,1186.0,594.0,691.0,143.0,176.0,130.0,,1006.0,1470.0
961.0,706.0,853.0,1249.0,484.0,15.0,842.0,1004.0,39.0,536.0,667.0,656.0,790.0,167.0,,687.0,778.0,892.0,773.0,401.0,1474.0,138.0,,1155.0,898.0
1169.0,696.0,938.0,603.0,1293.0,414.0,194.0,485.0,389.0,599.0,477.0,1152.0,1024.0,1502.0,,1438.0,469.0,461.0,817.0,518.0,1355.0,337.0,,422.0,299.0
363.0,1423.0,1298.0,1300.0,910.0,287.0,281.0,1019.0,368.0,104.0,1187.0,669.0,1445.0,1477.0,,1128.0,410.0,630.0,310.0,571.0,1507.0,1488.0,,947.0,668.0
1465.0,92.0,284.0,779.0,387.0,980.0,1220.0,1367.0,89.0,735.0,1379.0,230.0,57.0,268.0,,290.0,326.0,666.0,577.0,1280.0,402.0,218.0,,178.0,339.0
1345.0,1166.0,191.0,666.0,768.0,596.0,1019.0,767.0,232.0,1158.0,21.0,1352.0,17.0,493.0,,166.0,1209.0,1442.0,1361.0,333.0,416.0,1472.0,,1402.0,1265.0
840.0,52.0,108.0,507.0,635.0,98.0,1339.0,131.0,1214.0,239.0,835.0,220.0,334.0,8.0,,586.0,33.0,900.0,783.0,449.0,833.0,1116.0,,1005.0,734.0
185.0,1107.0,279.0,153.0,1031.0,1458.0,78.0,1094.0,690.0,1301.0,508.0,35.0,60.0,502.0,,906.0,108.0,459.0,557.0,925.0,1258.0,127.0,,251.0,708.0
1478.0,1136.0,598.0,738.0,1185.0,491.0,1377.0,584.0,84.0,745.0,299.0,1170.0,67.0,147.0,,49.0,218.0,1449.0,328.0,1452.0,991.0,1395.0,,772.0,402.0
66.0,293.0,904.0,1330.0,1330.0,438.0,1095.0,633.0,703.0,726.0,110.0,964.0,1217.0,976.0,,425.0,591.0,1220.0,1138.0,529.0,748.0,1456.0,,1357.0,180.0
528.0,1251.0,1378.0,1267.0,976.0,986.0,448.0,93.0,1036.0,395.0,1168.0,671.0,35.0,1380.0,,599.0,866.0,240.0,593.0,359.0,1023.0,1182.0,,809.0,635.0
1260.0,494.0,98.0,594.0,264.0,77.0,804.0,1059.0,1403.0,714.0,942.0,1198.0,725.0,1016.0,,1328.0,706.0,961.0,1014.0,1367.0,501.0,920.0,,975.0,450.0
536.0,47.0,991.0,72.0,790.0,236.0,1360.0,404.0,348.0,1193.0,118.0,1159.0,939.0,158.0,,161.0,1367.0,1360.0,767.0,699.0,881.0,493.0,,10.0,335.0
618.0,540.0,1265.0,29.0,1188.0,196.0,769.0,1016.0,765.0,1006.0,17.0,1425.0,1115.0,808.0,,537.0,454.0,1175.0,1380.0,834.0,571.0,344.0,,122.0,842.0
818.0,850.0,53.0,207.0,57.0,503.0,578.0,1438.0,579.0,788.0,280.0,651.0,989.0,767.0,,1006.0,1387.0,502.0,356.0,710.0,612.0,149.0,,406.0,1084.0
723.0,918.0,625.0,636.0,905.0,12.0,9.0,502.0,1019.0,448.0,1377.0,823.0,177.0,698.0,,1110.0,105.0,680.0,79.0,713.0,513.0,917.0,,1457.0,1145.0
889.0,695.0,1409.0,1272.0,566.0,768.0,121.0,790.0,576.0,149.0,216.0,423.0,1059.0,575.0,,579.0,1040.0,197.0,1308.0,16.0,1220.0,38.0,,193.0,768.0
1219.0,1172.0,446.0,87.0,46.0,585.0,266.0,445.0,653.0,1270.0,476.0,496.0,954.0,950.0,,1092.0,1357.0,220.0,900.0,360.0,887.0,11.0,,729.0,455.0
419.0,750.0,1288.0,40.0,1437.0,325.0,744.0,327.0,1029.0,834.0,320.0,1234.0,106.0,58.0,,959.0,462.0,1122.0,184.0,456.0,1096.0,1112.0,,208.0,736.0
617.0,1349.0,1398.0,18.0,1376.0,977.0,1392.0,497.0,763.0,63.0,176.0,264.0,883.0,239.0,,710.0,1218.0,1267.0,98.0,731.0,558.0,817.0,,946.0,815.0
1425.0,764.0,758.0,592.0,37.0,626.0,163.0,482.0,372.0,870.0,112.0,981.0,906.0,1479.0,,255.0,486.0,952.0,628.0,200.0,494.0,1057.0,,264.0,807.0
1374.0,78.0,645.0,1012.0,456.0,1213.0,79.0,1493.0,344.0,221.0,1027.0,315.0,500.0,774.0,,856.0,78.0,1414.0,1324.0,880.0,1399.0,16.0,,233.0,264.0
742.0,1208.0,93.0,506.0,1500.0,498.0,637.0,1214.0,658.0,1371.0,827.0,726.0,1088.0,152.0,,261.0,36.0,1046.0,1479.0,369.0,370.0,401.0,,467.0,618.0
575.0,1379.0,1158.0,911.0,1130.0,1139.0,165.0,331.0,551.0,47.0,1322.0,42.0,1179.0,275.0,,1226.0,1133.0,1259.0,635.0,79.0,1505.0,447.0,,232.0,87.0
171.0,591.0,104.0,758.0,10.0,737.0,774.0,1040.0,309.0,693.0,808.0,930.0,295.0,847.0,,1352.0,214.0,843.0,643.0,406.0,1292.0,1103.0,,161.0,429.0
1413.0,245.0,376.0,1181.0,133.0,410.0,1450.0,732.0,953.0,1481.0,609.0,705.0,479.0,574.0,,22.0,737.0,555.0,1102.0,615.0,740.0,1298.0,,1453.0,743.0
855.0,830.0,1157.0,746.0,623.0,1150.0,950.0,1056.0,845.0,1195.0,289.0,996.0,636.0,932.0,,291.0,213.0,673.0,597.0,757.0,995.0,1142.0,,359.0,833.0
581.0,884.0,1084.0,888.0,1022.0,103.0,1204.0,1067.0,1334.0,1082.0,998.0,521.0,1152.0,944.0,,70.0,1054.0,614.0,1118.0,906.0,884.0,430.0,,893.0,112.0
226.0,269.0,290.0,1491.0,123.0,934.0,120.0,183.0,720.0,482.0,56.0,1490.0,1319.0,484.0,,421.0,1269.0,1011.0,1306.0,801.0,689.0,735.0,,311.0,1497.0
572.0,1282.0,614.0,1412.0,1506.0,267.0,102.0,134.0,676.0,429.0,512.0,19.0,1307.0,657.0,,841.0,443.0,1.0,1015.0,889.0,1152.0,156.0,,583.0,518.0
921.0,625.0,512.0,260.0,250.0,865.0,567.0,168.0,643.0,489.0,717.0,791.0,1282.0,75.0,,775.0,1180.0,355.0,1343.0,302.0,1428.0,717.0,,886.0,9.0
1356.0,772.0,305.0,357.0,35.0,678.0,1490.0,1107.0,254.0,249.0,761.0,1094.0,619.0,1043.0,,104.0,273.0,1192.0,1003.0,177.0,203.0,492.0,,33.0,1505.0
851.0,1398.0,799.0,1035.0,385.0,752.0,505.0,33.0,458.0,1183.0,779.0,428.0,1214.0,76.0,,699.0,865.0,122.0,580.0,532.0,843.0,186.0,,481.0,217.0
98.0,1112.0,1359.0,249.0,121.0,625.0,809.0,1327.0,589.0,190.0,360.0,764.0,207.0,1359.0,,571.0,680.0,851.0,1093.0,1490.0,238.0,1486.0,,1320.0,1386.0
1398.0,1351.0,153.0,1477.0,257.0,1419.0,176.0,873.0,623.0,842.0,619.0,44.0,1079.0,819.0,,2.0,1366.0,176.0,523.0,634.0,217.0,214.0,,476.0,1387.0
588.0,524.0,36.0,1154.0,1432.0,1062.0,568.0,249.0,807.0,1217.0,749.0,466.0,1051.0,398.0,,966.0,475.0,83.0,1496.0,1296.0,234.0,169.0,,963.0,415.0
657.0,525.0,865.0,146.0,671.0,745.0,1129.0,563.0,1048.0,592.0,402.0,22.0,920.0,171.0,,448.0,1498.0,1230.0,1318.0,1198.0,824.0,723.0,,575.0,1301.0
77.0,434.0,1053.0,1111.0,834.0,916.0,146.0,1003.0,1465.0,307.0,551.0,1310.0,368.0,521.0,,112.0,1002.0,747.0,934.0,697.0,633.0,496.0,,994.0,427.0
977.0,120.0,20.0,1498.0,1211.0,1202.0,1123.0,1347.0,412.0,1457.0,925.0,1175.0,649.0,920.0,,982.0,702.0,151.0,931.0,256.0,229.0,178.0,,67.0,801.0
1045.0,40.0,899.0,1205.0,293.0,1022.0,651.0,598.0,1314.0,690.0,457.0,25.0,804.0,458.0,,55.0,1191.0,678.0,1071.0,112.0,1409.0,605.0,,1135.0,1321.0
1337.0,184.0,1095.0,46.0,1288.0,1276.0,964.0,470.0,646.0,197.0,1020.0,71.0,543.0,1118.0,,1163.0,1483.0,732.0,201.0,1459.0,770.0,933.0,,780.0,13.0
1069.0,292.0,413.0,965.0,962.0,902.0,1362.0,599.0,1096.0,1094.0,938.0,340.0,888.0,532.0,,664.0,125.0,171.0,874.0,772.0,956.0,180.0,,86.0,383.0
47.0,83.0,800.0,440.0,1193.0,1270.0,1462.0,1296.0,892.0,219.0,1489.0,1133.0,1157.0,1261.0,,611.0,3.0,940.0,915.0,1295.0,949.0,1273.0,,1200.0,52.0
41.0,272.0,744.0,962.0,241.0,1043.0,1170.0,246.0,689.0,605.0,661.0,186.0,1010.0,1010.0,,501.0,1446.0,972.0,1103.0,538.0,1156.0,110.0,,943.0,484.0
1380.0,661.0,196.0,1490.0,1120.0,981.0,1501.0,639.0,1216.0,1341.0,730.0,376.0,805.0,1334.0,,1105.0,504.0,111.0,1432.0,729.0,47.0,1299.0,,845.0,809.0
600.0,962.0,1467.0,1263.0,53.0,441.0,628.0,1496.0,1175.0,708.0,256.0,1452.0,109.0,724.0,,32.0,1399.0,768.0,750.0,126.0,122.0,399.0,,84.0,49.0
902.0,584.0,66.0,825.0,347.0,1411.0,795.0,648.0,945.0,554.0,805.0,1096.0,717.0,143.0,,422.0,1043.0,1458.0,112.0,760.0,939.0,290.0,,1440.0,1161.0
1020.0,1128.0,1356.0,947.0,335.0,122.0,1476.0,234.0,199.0,351.0,1245.0,229.0,978.0,324.0,,489.0,1372.0,1168.0,191.0,935.0,556.0,1450.0,,299.0,241.0
1052.0,1270.0,1108.0,405.0,988.0,584.0,1282.0,1404.0,100.0,547.0,77.0,180.0,1333.0,1323.0,,754.0,573.0,499.0,73.0,814.0,1178.0,870.0,,68.0,1025.0
1132.0,369.0,1006.0,668.0,1227.0,1498.0,48.0,37.0,1499.0,339.0,163.0,1025.0,843.0,917.0,,502.0,1153.0,560.0,189.0,569.0,1480.0,1184.0,,529.0,711.0
788.0,574.0,1009.0,236.0,1453.0,1251.0,97.0,1406.0,523.0,102.0,1343.0,113.0,88.0,1047.0,,392.0,1031.0,1128.0,1367.0,1203.0,617.0,1454.0,,1212.0,1355.0
1389.0,1127.0,1435.0,842.0,850.0,1230.0,573.0,1409.0,728.0,543.0,1277.0,1063.0,134.0,98.0,,1059.0,121.0,698.0,443.0,378.0,1470.0,346.0,,1257.0,1437.0
201.0,627.0,1260.0,737.0,166.0,936.0,402.0,1266.0,1405.0,,1477.0,214.0,410.0,1320.0,,475.0,318.0,1420.0,652.0,1485.0,962.0,950.0,,1186.0,250.0
116.0,732.0,308.0,368.0,1141.0,1087.0,563.0,420.0,825.0,,1199.0,855.0,932.0,160.0,,975.0,126.0,936.0,7.0,849.0,1450.0,224.0,,85.0,1236.0
86.0,1337.0,832.0,926.0,1413.0,830.0,850.0,1167.0,455.0,,26.0,854.0,547.0,35.0,,1157.0,753.0,1339.0,185.0,353.0,988.0,1224.0,,879.0,775.0
1062.0,1299.0,224.0,1048.0,41.0,30.0,249.0,1502.0,1504.0,,347.0,450.0,416.0,16.0,,108.0,150.0,119.0,1121.0,778.0,1432.0,410.0,,633.0,374.0
459.0,327.0,710.0,1306.0,1373.0,59.0,1327.0,208.0,993.0,,181.0,261.0,670.0,230.0,,619.0,1141.0,142.0,700.0,1204.0,80.0,979.0,,215.0,850.0
1426.0,846.0,807.0,503.0,864.0,135.0,1269.0,973.0,937.0,,16.0,969.0,227.0,1024.0,,1388.0,695.0,472.0,1422.0,364.0,771.0,800.0,,782.0,911.0
313.0,761.0,483.0,1419.0,467.0,847.0,1160.0,832.0,740.0,,1026.0,455.0,459.0,197.0,,907.0,1086.0,1176.0,240.0,679.0,739.0,242.0,,624.0,366.0
119.0,562.0,1362.0,446.0,833.0,495.0,487.0,1505.0,1419.0,,917.0,766.0,679.0,952.0,,1166.0,50.0,1003.0,1072.0,219.0,1508.0,212.0,,551.0,361.0
1200.0,133.0,1010.0,703.0,106.0,384.0,1249.0,392.0,938.0,,182.0,290.0,1260.0,570.0,,1049.0,951.0,1291.0,278.0,96.0,106.0,295.0,,759.0,839.0
514.0,275.0,996.0,1398.0,322.0,342.0,357.0,677.0,586.0,,1409.0,1453.0,402.0,945.0,,260.0,484.0,1365.0,23.0,741.0,57.0,113.0,,287.0,373.0
1472.0,1428.0,1382.0,1284.0,1161.0,1453.0,326.0,922.0,614.0,,980.0,1155.0,243.0,447.0,,74.0,910.0,416.0,1207.0,,1383.0,159.0,,1024.0,166.0
1190.0,691.0,1384.0,134.0,1327.0,1069.0,1014.0,1379.0,361.0,,358.0,1305.0,1060.0,589.0,,110.0,1404.0,1396.0,169.0,,34.0,320.0,,585.0,1302.0
211.0,1508.0,917.0,1258.0,762.0,271.0,230.0,794.0,947.0,,1090.0,1207.0,1272.0,871.0,,329.0,1074.0,6.0,553.0,,312.0,235.0,,1136.0,1028.0
939.0,1331.0,986.0,1448.0,811.0,707.0,51.0,793.0,1382.0,,678.0,1450.0,259.0,1404.0,,778.0,1444.0,880.0,1319.0,,151.0,860.0,,191.0,1418.0
967.0,60.0,518.0,27.0,64.0,1413.0,240.0,429.0,971.0,,696.0,1249.0,1086.0,368.0,,1204.0,776.0,27.0,374.0,,687.0,1170.0,,1233.0,1017.0
733.0,710.0,1012.0,532.0,1457.0,1044.0,649.0,344.0,212.0,,829.0,627.0,433.0,201.0,,292.0,1037.0,1002.0,962.0,,719.0,924.0,,1433.0,720.0
571.0,885.0,511.0,676.0,800.0,338.0,1070.0,604.0,1004.0,,588.0,1200.0,841.0,111.0,,396.0,513.0,279.0,1500.0,,1140.0,893.0,,1425.0,452.0
1022.0,192.0,187.0,12.0,1435.0,280.0,1287.0,238.0,887.0,,1317.0,772.0,1305.0,623.0,,644.0,556.0,1247.0,720.0,,1309.0,358.0,,245.0,154.0
790.0,1384.0,328.0,984.0,832.0,1400.0,549.0,184.0,969.0,,514.0,1091.0,1505.0,38.0,,1409.0,66.0,1037.0,135.0,,616.0,216.0,,1371.0,1228.0
8.0,1163.0,1017.0,136.0,100.0,1490.0,1437.0,1173.0,897.0,,328.0,119.0,874.0,1189.0,,992.0,1375.0,526.0,1096.0,,309.0,213.0,,1506.0,1504.0
1338.0,1182.0,711.0,1000.0,824.0,1175.0,1011.0,1318.0,463.0,,370.0,24.0,279.0,394.0,,974.0,972.0,424.0,492.0,,1019.0,923.0,,875.0,1196.0
1444.0,934.0,391.0,514.0,776.0,129.0,1452.0,1340.0,560.0,,141.0,1182.0,1036.0,82.0,,19.0,1480.0,1447.0,50.0,,1435.0,1222.0,,708.0,650.0
298.0,714.0,91.0,453.0,1201.0,806.0,1441.0,247.0,319.0,,837.0,975.0,45.0,426.0,,1000.0,1361.0,545.0,699.0,,1129.0,98.0,,1031.0,214.0
5.0,774.0,604.0,1206.0,926.0,425.0,564.0,347.0,1177.0,,1508.0,438.0,13.0,286.0,,549.0,727.0,262.0,654.0,,1263.0,167.0,,899.0,1477.0
76.0,888.0,258.0,956.0,688.0,998.0,1273.0,1071.0,156.0,,675.0,242.0,847.0,581.0,,927.0,1343.0,896.0,1144.0,,1183.0,700.0,,72.0,1284.0
744.0,791.0,373.0,1444.0,865.0,1199.0,897.0,712.0,1080.0,,1207.0,68.0,1341.0,209.0,,751.0,482.0,294.0,869.0,,839.0,498.0,,1294.0,558.0
806.0,348.0,885.0,1124.0,740.0,726.0,250.0,1001.0,633.0,,48.0,951.0,927.0,659.0,,465.0,1060.0,764.0,1403.0,,1299.0,1266.0,,872.0,18.0
1357.0,587.0,347.0,529.0,1474.0,38.0,718.0,771.0,388.0,,37.0,359.0,603.0,1301.0,,1262.0,786.0,242.0,332.0,,1276.0,1027.0,,609.0,904.0
1362.0,1032.0,1429.0,1102.0,1250.0,573.0,1296.0,1469.0,813.0,,1272.0,224.0,1427.0,664.0,,469.0,456.0,703.0,84.0,,1418.0,450.0,,272.0,152.0
587.0,1144.0,54.0,1229.0,56.0,719.0,576.0,1226.0,95.0,,971.0,885.0,423.0,186.0,,520.0,925.0,495.0,216.0,,19.0,986.0,,1078.0,1024.0
1500.0,405.0,590.0,459.0,1410.0,991.0,762.0,49.0,482.0,,1196.0,1041.0,121.0,424.0,,147.0,1199.0,1381.0,389.0,,1108.0,111.0,,347.0,606.0
1227.0,1435.0,449.0,1455.0,1107.0,285.0,41.0,680.0,154.0,,613.0,660.0,1166.0,639.0,,1503.0,1132.0,864.0,1152.0,,519.0,1048.0,,137.0,737.0
167.0,207.0,13.0,163.0,1337.0,699.0,623.0,552.0,651.0,,860.0,1495.0,625.0,329.0,,627.0,1182.0,1207.0,48.0,,271.0,802.0,,1089.0,1142.0
503.0,306.0,6.0,88.0,174.0,1295.0,1326.0,1291.0,1092.0,,1139.0,61.0,1156.0,1416.0,,1424.0,713.0,1223.0,970.0,,1111.0,398.0,,302.0,205.0
1208.0,350.0,246.0,385.0,792.0,1334.0,1206.0,678.0,310.0,,874.0,148.0,859.0,837.0,,391.0,742.0,935.0,125.0,,557.0,257.0,,1062.0,84.0
1319.0,1008.0,527.0,115.0,1087.0,448.0,645.0,233.0,879.0,,165.0,1201.0,1342.0,1221.0,,815.0,8.0,1244.0,27.0,,857.0,593.0,,386.0,965.0
1067.0,24.0,73.0,880.0,521.0,720.0,208.0,1309.0,1049.0,,1320.0,187.0,1498.0,1033.0,,463.0,1293.0,1099.0,833.0,,847.0,288.0,,90.0,724.0
1482.0,957.0,626.0,647.0,1289.0,782.0,1165.0,1506.0,959.0,,1054.0,509.0,1078.0,1440.0,,528.0,1445.0,270.0,942.0,,200.0,853.0,,0.0,1065.0
620.0,617.0,195.0,308.0,998.0,749.0,1425.0,1386.0,387.0,,135.0,1004.0,1255.0,87.0,,73.0,1466.0,1382.0,132.0,,957.0,304.0,,1252.0,1253.0
1308.0,1371.0,458.0,644.0,1263.0,307.0,734.0,369.0,635.0,,368.0,273.0,1506.0,1345.0,,105.0,654.0,380.0,830.0,,252.0,1241.0,,986.0,385.0
213.0,785.0,1434.0,726.0,1187.0,731.0,936.0,286.0,251.0,,6.0,307.0,157.0,1198.0,,21.0,1107.0,910.0,1460.0,,1392.0,408.0,,533.0,1026.0
271.0,33.0,1223.0,1360.0,1455.0,1375.0,156.0,380.0,470.0,,1294.0,500.0,1365.0,1175.0,,1038.0,1162.0,921.0,1395.0,,768.0,109.0,,520.0,1291.0
675.0,421.0,517.0,907.0,502.0,1470.0,1097.0,1349.0,828.0,,887.0,630.0,604.0,475.0,,1159.0,841.0,105.0,930.0,,352.0,750.0,,1279.0,1457.0
79.0,1046.0,240.0,577.0,424.0,753.0,872.0,1275.0,91.0,,253.0,1475.0,1233.0,769.0,,429.0,1471.0,620.0,362.0,,131.0,582.0,,1461.0,992.0
1184.0,1117.0,377.0,66.0,9.0,933.0,1359.0,943.0,290.0,,67.0,691.0,1458.0,217.0,,728.0,478.0,198.0,670.0,,403.0,998.0,,1275.0,223.0
91.0,1402.0,1284.0,374.0,842.0,859.0,244.0,35.0,1131.0,,776.0,411.0,1267.0,320.0,,236.0,810.0,912.0,1125.0,,1121.0,501.0,,29.0,931.0
418.0,448.0,940.0,637.0,803.0,730.0,1040.0,422.0,1250.0,,962.0,266.0,502.0,605.0,,989.0,1124.0,1068.0,482.0,,727.0,1056.0,,4.0,644.0
1316.0,575.0,4.0,1234.0,592.0,1222.0,608.0,622.0,723.0,,1448.0,15.0,196.0,556.0,,168.0,136.0,629.0,115.0,,958.0,171.0,,1423.0,104.0
644.0,26.0,582.0,1195.0,1088.0,1408.0,158.0,111.0,431.0,,204.0,171.0,162.0,396.0,,942.0,1507.0,605.0,1209.0,,889.0,632.0,,1266.0,145.0
607.0,359.0,1420.0,1342.0,1283.0,184.0,688.0,244.0,1253.0,,848.0,1078.0,626.0,675.0,,403.0,769.0,937.0,1065.0,,724.0,256.0,,1351.0,128.0
1461.0,188.0,440.0,1073.0,1074.0,1065.0,1069.0,292.0,1074.0,,1461.0,415.0,498.0,915.0,,824.0,463.0,672.0,1185.0,,1016.0,1490.0,,1330.0,507.0
1437.0,196.0,1321.0,1281.0,1426.0,337.0,1221.0,1088.0,38.0,,772.0,537.0,303.0,1038.0,,96.0,1.0,1426.0,506.0,,399.0,479.0,,1191.0,944.0
796.0,694.0,65.0,57.0,1081.0,1093.0,776.0,658.0,974.0,,1040.0,358.0,994.0,1050.0,,332.0,876.0,128.0,1453.0,,63.0,1267.0,,1507.0,1090.0
1207.0,507.0,2.0,170.0,197.0,218.0,253.0,141.0,1133.0,,1381.0,434.0,781.0,1478.0,,363.0,1298.0,190.0,1035.0,,926.0,379.0,,659.0,208.0
771.0,1175.0,946.0,1183.0,31.0,1016.0,264.0,1435.0,841.0,,326.0,801.0,533.0,612.0,,233.0,1318.0,933.0,1346.0,,114.0,536.0,,343.0,1345.0
31.0,685.0,432.0,1078.0,476.0,159.0,296.0,626.0,90.0,,126.0,314.0,307.0,142.0,,127.0,1263.0,686.0,872.0,,538.0,1141.0,,937.0,1274.0
328.0,474.0,3.0,306.0,866.0,1031.0,1205.0,123.0,1325.0,,571.0,746.0,1484.0,560.0,,990.0,98.0,789.0,755.0,,1001.0,451.0,,662.0,1325.0
524.0,715.0,892.0,912.0,370.0,637.0,1292.0,1178.0,55.0,,899.0,1209.0,605.0,1408.0,,1174.0,1333.0,123.0,229.0,,239.0,874.0,,988.0,797.0
869.0,1116.0,1433.0,836.0,1322.0,272.0,1361.0,41.0,758.0,,354.0,138.0,783.0,658.0,,167.0,733.0,311.0,1029.0,,308.0,554.0,,337.0,766.0
881.0,412.0,454.0,1028.0,997.0,142.0,761.0,785.0,318.0,,1388.0,559.0,923.0,1068.0,,433.0,693.0,1388.0,342.0,,867.0,834.0,,277.0,994.0
460.0,439.0,200.0,1502.0,969.0,1448.0,273.0,581.0,596.0,,15.0,1148.0,1049.0,788.0,,1490.0,881.0,561.0,672.0,,1013.0,317.0,,847.0,1010.0
954.0,1330.0,1389.0,1139.0,1489.0,1167.0,132.0,1444.0,639.0,,1189.0,1023.0,739.0,1353.0,,450.0,14.0,364.0,1404.0,,951.0,234.0,,12.0,211.0
770.0,1101.0,1071.0,167.0,795.0,579.0,888.0,63.0,1122.0,,1374.0,379.0,570.0,592.0,,904.0,869.0,17.0,1320.0,,21.0,836.0,,1222.0,412.0
501.0,609.0,554.0,570.0,320.0,329.0,107.0,251.0,265.0,,184.0,285.0,253.0,96.0,,1178.0,494.0,374.0,455.0,,391.0,431.0,,924.0,1278.0
1258.0,1068.0,1456.0,278.0,287.0,314.0,836.0,1272.0,960.0,,816.0,399.0,74.0,42.0,,736.0,186.0,1299.0,586.0,,950.0,299.0,,961.0,560.0
710.0,1138.0,919.0,465.0,585.0,298.0,70.0,1311.0,186.0,,636.0,750.0,624.0,1292.0,,696.0,46.0,1028.0,445.0,,1464.0,949.0,,305.0,1443.0
558.0,621.0,21.0,196.0,362.0,1232.0,834.0,904.0,1303.0,,790.0,1066.0,186.0,1469.0,,1417.0,1341.0,1324.0,659.0,,1503.0,491.0,,846.0,399.0
488.0,1488.0,828.0,450.0,260.0,265.0,985.0,866.0,1105.0,,934.0,1070.0,612.0,440.0,,301.0,6.0,1462.0,738.0,,197.0,846.0,,26.0,370.0
208.0,553.0,1279.0,1339.0,862.0,1076.0,1150.0,1237.0,609.0,,96.0,1277.0,1339.0,593.0,,833.0,765.0,404.0,194.0,,158.0,855.0,,1164.0,756.0
557.0,736.0,681.0,985.0,697.0,1015.0,1321.0,918.0,858.0,,220.0,672.0,757.0,180.0,,1345.0,935.0,63.0,464.0,,1149.0,589.0,,897.0,488.0
941.0,1315.0,390.0,555.0,991.0,201.0,1371.0,240.0,313.0,,1306.0,508.0,52.0,51.0,,1248.0,576.0,5.0,163.0,,1449.0,829.0,,1464.0,98.0
778.0,132.0,1230.0,1109.0,1226.0,1240.0,523.0,315.0,297.0,,1217.0,578.0,908.0,1006.0,,574.0,1255.0,1294.0,1069.0,,71.0,1497.0,,1050.0,124.0
915.0,0.0,866.0,421.0,1155.0,395.0,1158.0,225.0,682.0,,752.0,1344.0,648.0,211.0,,325.0,1201.0,998.0,828.0,,1437.0,487.0,,948.0,267.0
994.0,659.0,1202.0,554.0,360.0,177.0,318.0,1369.0,37.0,,1390.0,342.0,1208.0,203.0,,1264.0,234.0,890.0,565.0,,780.0,1036.0,,1333.0,653.0
219.0,110.0,1452.0,102.0,326.0,963.0,603.0,1057.0,1065.0,,750.0,243.0,616.0,1400.0,,957.0,503.0,473.0,510.0,,15.0,1043.0,,63.0,1447.0
885.0,297.0,227.0,875.0,717.0,1078.0,168.0,554.0,1492.0,,997.0,1018.0,823.0,29.0,,1350.0,520.0,1483.0,524.0,,241.0,789.0,,43.0,588.0
970.0,1336.0,1445.0,353.0,1485.0,1122.0,569.0,228.0,176.0,,384.0,80.0,288.0,902.0,,691.0,812.0,79.0,1406.0,,20.0,1211.0,,164.0,918.0
1206.0,1188.0,399.0,378.0,1147.0,950.0,572.0,704.0,1508.0,,495.0,145.0,1007.0,359.0,,1152.0,824.0,820.0,24.0,,1081.0,1505.0,,1437.0,1169.0
1492.0,589.0,576.0,443.0,881.0,16.0,339.0,282.0,755.0,,132.0,857.0,508.0,978.0,,1238.0,523.0,188.0,141.0,,484.0,1260.0,,1347.0,1363.0
519.0,428.0,359.0,925.0,516.0,1425.0,94.0,596.0,1395.0,,442.0,1430.0,92.0,237.0,,588.0,80.0,1049.0,334.0,,1334.0,1487.0,,805.0,835.0
,371.0,606.0,930.0,382.0,1180.0,210.0,721.0,1318.0,,834.0,225.0,1337.0,433.0,,97.0,821.0,1422.0,290.0,,396.0,1100.0,,1450.0,895.0
,109.0,589.0,1492.0,1441.0,67.0,517.0,213.0,827.0,,1021.0,259.0,462.0,1028.0,,1304.0,12.0,850.0,1286.0,,261.0,864.0,,694.0,300.0
,548.0,417.0,1036.0,1423.0,852.0,23.0,1453.0,802.0,,1157.0,646.0,1314.0,825.0,,264.0,441.0,334.0,322.0,,395.0,347.0,,266.0,889.0
,1259.0,1209.0,595.0,555.0,151.0,791.0,1049.0,23.0,,646.0,1160.0,181.0,806.0,,1378.0,517.0,1315.0,754.0,,424.0,1068.0,,542.0,34.0
,1171.0,628.0,299.0,531.0,971.0,1323.0,1482.0,663.0,,1218.0,543.0,190.0,366.0,,630.0,1346.0,1204.0,43.0,,1020.0,888.0,,1297.0,1294.0
,429.0,275.0,886.0,193.0,1116.0,1375.0,666.0,400.0,,1025.0,73.0,1100.0,1389.0,,337.0,232.0,1085.0,438.0,,690.0,751.0,,110.0,837.0
,860.0,994.0,804.0,504.0,1032.0,401.0,743.0,1003.0,,1114.0,1194.0,481.0,712.0,,1423.0,858.0,1027.0,315.0,,586.0,1328.0,,543.0,1134.0
,502.0,171.0,254.0,1444.0,1051.0,741.0,1422.0,93.0,,424.0,1317.0,724.0,377.0,,1225.0,1035.0,1017.0,465.0,,204.0,941.0,,100.0,1226.0
,104.0,1028.0,660.0,1084.0,1359.0,915.0,1370.0,773.0,,53.0,573.0,1251.0,1398.0,,1355.0,1412.0,1165.0,2.0,,88.0,699.0,,941.0,1308.0
,1050.0,1254.0,201.0,90.0,544.0,1390.0,848.0,306.0,,7.0,1457.0,108.0,1284.0,,1470.0,1493.0,390.0,1299.0,,1086.0,366.0,,1.0,1048.0
,449.0,1268.0,1379.0,1165.0,912.0,829.0,578.0,1038.0,,19.0,1250.0,1012.0,1233.0,,1135.0,1178.0,665.0,702.0,,444.0,1180.0,,682.0,1156.0
,511.0,448.0,1204.0,1360.0,1119.0,730.0,576.0,987.0,,1170.0,1300.0,926.0,133.0,,513.0,605.0,530.0,831.0,,1143.0,814.0,,1445.0,703.0
,1248.0,563.0,1399.0,932.0,1391.0,5.0,1160.0,1129.0,,747.0,769.0,694.0,1484.0,,1472.0,560.0,1019.0,1107.0,,1166.0,1150.0,,1099.0,988.0
,274.0,1066.0,449.0,570.0,890.0,284.0,378.0,1243.0,,1262.0,1235.0,902.0,1497.0,,1022.0,1084.0,417.0,568.0,,717.0,749.0,,1352.0,388.0
,530.0,124.0,678.0,1308.0,1450.0,35.0,346.0,204.0,,1000.0,739.0,1099.0,1309.0,,1019.0,1349.0,997.0,1250.0,,1161.0,392.0,,107.0,405.0
,61.0,352.0,10.0,296.0,739.0,20.0,640.0,256.0,,128.0,276.0,183.0,138.0,,628.0,331.0,115.0,489.0,,145.0,124.0,,183.0,263.0
,753.0,1187.0,1337.0,884.0,58.0,1483.0,57.0,672.0,,1250.0,718.0,1474.0,1064.0,,1041.0,1453.0,859.0,1149.0,,1347.0,154.0,,676.0,286.0
,1492.0,779.0,990.0,225.0,1386.0,1056.0,1284.0,32.0,,1094.0,956.0,992.0,836.0,,1130.0,200.0,22.0,689.0,,282.0,606.0,,154.0,1496.0
,1321.0,858.0,1384.0,1242.0,156.0,1007.0,1407.0,1441.0,,623.0,1079.0,743.0,1295.0,,414.0,1220.0,378.0,419.0,,639.0,61.0,,1029.0,531.0
,1201.0,146.0,709.0,652.0,609.0,742.0,471.0,250.0,,901.0,953.0,1076.0,1298.0,,860.0,1048.0,46.0,1497.0,,1194.0,48.0,,567.0,414.0
,174.0,369.0,1413.0,1341.0,317.0,1003.0,318.0,1187.0,,1478.0,720.0,559.0,172.0,,1504.0,877.0,241.0,1418.0,,692.0,1063.0,,1495.0,350.0
,600.0,1394.0,423.0,999.0,691.0,583.0,610.0,1424.0,,567.0,123.0,580.0,279.0,,1001.0,1198.0,124.0,1016.0,,193.0,956.0,,952.0,1435.0
,578.0,930.0,519.0,699.0,1390.0,462.0,419.0,72.0,,1120.0,1225.0,1070.0,1386.0,,439.0,1167.0,307.0,1263.0,,267.0,1408.0,,487.0,538.0
,387.0,751.0,1314.0,1469.0,420.0,1332.0,193.0,958.0,,1176.0,163.0,667.0,470.0,,410.0,359.0,1406.0,1364.0,,357.0,1278.0,,1203.0,940.0
,1181.0,342.0,433.0,1431.0,798.0,905.0,1232.0,178.0,,1.0,1474.0,1128.0,888.0,,1115.0,618.0,685.0,923.0,,1225.0,1355.0,,116.0,1286.0
,229.0,1465.0,489.0,812.0,1454.0,178.0,192.0,483.0,,391.0,1008.0,286.0,1356.0,,153.0,258.0,14.0,1202.0,,776.0,207.0,,603.0,369.0
,193.0,1391.0,547.0,689.0,386.0,1113.0,988.0,201.0,,1005.0,1429.0,1066.0,350.0,,733.0,1319.0,1144.0,662.0,,18.0,1346.0,,791.0,706.0
,1125.0,1234.0,773.0,772.0,703.0,95.0,370.0,1082.0,,674.0,757.0,1488.0,744.0,,802.0,1193.0,1295.0,1233.0,,505.0,732.0,,296.0,12.0
,555.0,934.0,903.0,706.0,344.0,142.0,818.0,374.0,,1225.0,541.0,1316.0,409.0,,441.0,470.0,1197.0,771.0,,572.0,1167.0,,104.0,308.0
,580.0,1376.0,762.0,626.0,1208.0,91.0,138.0,808.0,,219.0,256.0,302.0,432.0,,33.0,320.0,286.0,728.0,,1261.0,27.0,,1250.0,840.0
,664.0,812.0,486.0,86.0,401.0,1106.0,1072.0,1130.0,,,713.0,652.0,653.0,,258.0,838.0,1075.0,685.0,,1397.0,20.0,,1447.0,778.0
,301.0,112.0,143.0,643.0,1462.0,890.0,1348.0,536.0,,,697.0,150.0,21.0,,494.0,227.0,916.0,311.0,,77.0,715.0,,316.0,209.0
,590.0,94.0,915.0,483.0,28.0,270.0,488.0,101.0,,,558.0,1055.0,884.0,,398.0,1192.0,13.0,394.0,,1388.0,1078.0,,301.0,110.0
,1150.0,736.0,124.0,1004.0,1108.0,1049.0,930.0,1313.0,,,893.0,867.0,483.0,,1326.0,1381.0,735.0,233.0,,1297.0,1236.0,,1504.0,1097.0
,1444.0,660.0,106.0,1035.0,209.0,838.0,851.0,1060.0,,,366.0,248.0,302.0,,81.0,337.0,1358.0,1265.0,,150.0,1377.0,,752.0,1214.0
,1400.0,581.0,1470.0,1153.0,1399.0,588.0,1314.0,678.0,,,904.0,1452.0,1077.0,,158.0,373.0,729.0,501.0,,1155.0,927.0,,174.0,596.0
,604.0,393.0,1017.0,1347.0,155.0,717.0,1219.0,630.0,,,821.0,298.0,234.0,,1283.0,423.0,546.0,195.0,,419.0,609.0,,325.0,360.0
,127.0,274.0,719.0,1045.0,1500.0,738.0,374.0,302.0,,,437.0,47.0,1480.0,,1366.0,1126.0,699.0,435.0,,1329.0,86.0,,267.0,173.0
,294.0,315.0,893.0,1195.0,1253.0,372.0,1487.0,218.0,,,634.0,875.0,1244.0,,703.0,89.0,1082.0,1044.0,,936.0,765.0,,1256.0,1172.0
,900.0,764.0,774.0,44.0,1265.0,1087.0,764.0,545.0,,,987.0,112.0,1279.0,,976.0,104.0,517.0,401.0,,566.0,12.0,,774.0,1359.0
,367.0,74.0,510.0,187.0,558.0,1408.0,808.0,909.0,,,735.0,819.0,408.0,,237.0,1406.0,19.0,467.0,,292.0,841.0,,45.0,526.0
,1236.0,823.0,731.0,524.0,894.0,1481.0,1189.0,285.0,,,545.0,346.0,1397.0,,1224.0,333.0,1289.0,864.0,,486.0,85.0,,367.0,1171.0
,861.0,574.0,60.0,1313.0,1035.0,1430.0,1434.0,1368.0,,,837.0,15.0,1183.0,,1215.0,1230.0,1436.0,130.0,,218.0,540.0,,710.0,1055.0
,43.0,1149.0,1415.0,780.0,321.0,833.0,1200.0,454.0,,,879.0,322.0,1252.0,,399.0,83.0,1146.0,602.0,,955.0,987.0,,1240.0,336.0
,338.0,636.0,1193.0,437.0,1443.0,1388.0,683.0,1478.0,,,174.0,1105.0,311.0,,1480.0,1258.0,566.0,706.0,,1076.0,938.0,,486.0,935.0
,495.0,1314.0,580.0,1428.0,222.0,260.0,4.0,456.0,,,1086.0,165.0,585.0,,193.0,1047.0,435.0,1239.0,,603.0,656.0,,1172.0,201.0
,859.0,863.0,936.0,245.0,1437.0,794.0,1113.0,1084.0,,,976.0,126.0,604.0,,1053.0,722.0,783.0,618.0,,1488.0,150.0,,1353.0,1102.0
,90.0,16.0,162.0,528.0,204.0,1396.0,1455.0,1034.0,,,452.0,684.0,32.0,,590.0,1136.0,116.0,1275.0,,388.0,148.0,,365.0,64.0
,438.0,1339.0,1321.0,755.0,519.0,312.0,719.0,831.0,,,1341.0,513.0,1081.0,,293.0,116.0,1457.0,139.0,,900.0,1201.0,,510.0,1137.0
,765.0,18.0,1380.0,407.0,654.0,1404.0,496.0,863.0,,,1444.0,635.0,1259.0,,844.0,390.0,1233.0,477.0,,654.0,1370.0,,1260.0,633.0
,1056.0,1124.0,657.0,846.0,1370.0,632.0,105.0,20.0,,,236.0,1101.0,738.0,,338.0,636.0,769.0,165.0,,1048.0,925.0,,678.0,408.0
,549.0,644.0,722.0,896.0,1445.0,772.0,459.0,149.0,,,602.0,115.0,779.0,,194.0,565.0,493.0,757.0,,1080.0,1129.0,,1382.0,481.0
,959.0,1072.0,552.0,714.0,727.0,1.0,1338.0,965.0,,,1046.0,1230.0,573.0,,106.0,1423.0,907.0,1025.0,,1218.0,719.0,,290.0,120.0
,1048.0,470.0,1270.0,1369.0,500.0,846.0,1305.0,907.0,,,991.0,68.0,1420.0,,123.0,394.0,1255.0,1470.0,,1240.0,197.0,,556.0,1422.0
,22.0,882.0,1430.0,61.0,793.0,214.0,316.0,1367.0,,,599.0,18.0,1325.0,,156.0,1200.0,1098.0,745.0,,986.0,548.0,,271.0,1404.0
,605.0,25.0,655.0,611.0,492.0,1185.0,766.0,303.0,,,1270.0,40.0,1447.0,,917.0,132.0,1495.0,1191.0,,434.0,367.0,,468.0,433.0
,21.0,890.0,191.0,1404.0,104.0,226.0,12.0,1400.0,,,153.0,1002.0,697.0,,434.0,1348.0,1257.0,786.0,,1404.0,963.0,,707.0,1307.0
,32.0,765.0,728.0,1080.0,543.0,1502.0,100.0,864.0,,,1339.0,71.0,1242.0,,1247.0,535.0,413.0,101.0,,1215.0,476.0,,1188.0,551.0
,1179.0,382.0,307.0,423.0,627.0,556.0,125.0,1058.0,,,1179.0,441.0,281.0,,356.0,235.0,795.0,463.0,,859.0,561.0,,54.0,497.0
,756.0,1024.0,127.0,665.0,979.0,222.0,1326.0,429.0,,,1185.0,489.0,578.0,,1035.0,525.0,418.0,358.0,,899.0,467.0,,1231.0,928.0
,1255.0,131.0,1151.0,1237.0,31.0,1162.0,1464.0,889.0,,,32.0,408.0,490.0,,334.0,69.0,104.0,585.0,,1242.0,71.0,,1503.0,411.0
,835.0,1078.0,373.0,831.0,426.0,1267.0,0.0,34.0,,,653.0,1472.0,986.0,,361.0,634.0,1307.0,1203.0,,1236.0,1093.0,,291.0,939.0
,1430.0,958.0,747.0,494.0,675.0,1227.0,415.0,353.0,,,346.0,1504.0,714.0,,342.0,790.0,32.0,627.0,,400.0,1498.0,,69.0,1130.0
,152.0,273.0,861.0,134.0,1331.0,137.0,1462.0,1202.0,,,1141.0,118.0,290.0,,225.0,1320.0,1370.0,513.0,,1469.0,1330.0,,639.0,155.0
,927.0,337.0,1262.0,764.0,825.0,1288.0,209.0,608.0,,,1043.0,936.0,1492.0,,1449.0,880.0,1106.0,222.0,,1430.0,1268.0,,58.0,789.0
,1411.0,289.0,1298.0,1325.0,183.0,812.0,701.0,681.0,,,397.0,482.0,1458.0,,1121.0,507.0,1061.0,969.0,,1187.0,564.0,,1399.0,247.0
,834.0,267.0,1199.0,1326.0,169.0,770.0,302.0,1220.0,,,530.0,633.0,1089.0,,771.0,322.0,712.0,418.0,,53.0,594.0,,14.0,810.0
,1209.0,632.0,663.0,1224.0,1352.0,1493.0,874.0,1350.0,,,534.0,1382.0,141.0,,35.0,68.0,1083.0,1123.0,,1200.0,1301.0,,310.0,262.0
,422.0,535.0,1071.0,777.0,336.0,344.0,1374.0,1225.0,,,1029.0,495.0,1388.0,,753.0,389.0,23.0,908.0,,368.0,19.0,,801.0,725.0
,1043.0,490.0,1311.0,209.0,114.0,610.0,837.0,534.0,,,1032.0,845.0,859.0,,18.0,754.0,587.0,56.0,,180.0,767.0,,744.0,997.0
,733.0,1379.0,1365.0,1105.0,1257.0,999.0,1145.0,517.0,,,1131.0,198.0,541.0,,462.0,1076.0,1112.0,632.0,,1139.0,537.0,,793.0,428.0
,1180.0,1431.0,21.0,1033.0,1029.0,258.0,1002.0,668.0,,,151.0,1042.0,1430.0,,1187.0,547.0,1269.0,306.0,,1012.0,1134.0,,1213.0,1179.0
,1485.0,856.0,591.0,80.0,1058.0,1080.0,1319.0,312.0,,,811.0,450.0,7.0,,838.0,278.0,713.0,288.0,,1237.0,489.0,,244.0,532.0
,171.0,409.0,1469.0,339.0,695.0,1383.0,85.0,1500.0,,,1028.0,1425.0,363.0,,692.0,515.0,146.0,331.0,,1369.0,1074.0,,1147.0,51.0
,344.0,1461.0,1091.0,181.0,1097.0,1477.0,561.0,1028.0,,,667.0,785.0,1391.0,,195.0,123.0,409.0,1354.0,,945.0,798.0,,309.0,1275.0
,1388.0,1415.0,1080.0,428.0,477.0,1411.0,1176.0,832.0,,,489.0,1303.0,54.0,,1468.0,212.0,4.0,845.0,,976.0,1303.0,,873.0,46.0
,190.0,331.0,73.0,629.0,68.0,970.0,359.0,1434.0,,,1013.0,571.0,1383.0,,500.0,1149.0,823.0,427.0,,5.0,245.0,,119.0,1309.0
,1312.0,920.0,1251.0,1077.0,1483.0,37.0,94.0,1227.0,,,1261.0,958.0,336.0,,1254.0,209.0,800.0,1315.0,,192.0,578.0,,1014.0,869.0
,770.0,107.0,765.0,1170.0,399.0,650.0,393.0,865.0,,,538.0,589.0,918.0,,794.0,435.0,2.0,61.0,,236.0,1412.0,,1369.0,563.0
,257.0,551.0,412.0,922.0,436.0,85.0,550.0,44.0,,,76.0,1422.0,373.0,,1126.0,1155.0,100.0,948.0,,1185.0,720.0,,340.0,1454.0
,1342.0,340.0,1026.0,694.0,601.0,236.0,917.0,890.0,,,1092.0,260.0,1441.0,,1120.0,988.0,767.0,67.0,,515.0,1177.0,,1498.0,569.0
,599.0,330.0,156.0,1059.0,1019.0,1351.0,948.0,1167.0,,,1416.0,863.0,170.0,,1194.0,498.0,563.0,575.0,,36.0,328.0,,1395.0,1197.0
,875.0,1161.0,1296.0,1055.0,283.0,806.0,735.0,191.0,,,920.0,269.0,1216.0,,887.0,1059.0,256.0,502.0,,93.0,1383.0,,985.0,628.0
,1332.0,897.0,197.0,1018.0,792.0,780.0,926.0,964.0,,,1326.0,1083.0,1147.0,,1384.0,1486.0,263.0,1038.0,,934.0,268.0,,568.0,745.0
,1222.0,599.0,1503.0,885.0,1492.0,44.0,1244.0,444.0,,,410.0,23.0,553.0,,1273.0,537.0,1034.0,1313.0,,858.0,535.0,,470.0,535.0
,86.0,1333.0,1189.0,655.0,455.0,29.0,222.0,1232.0,,,1403.0,1447.0,1496.0,,59.0,141.0,617.0,1431.0,,1203.0,177.0,,611.0,523.0
,157.0,1406.0,846.0,783.0,875.0,215.0,549.0,472.0,,,1125.0,379.0,500.0,,269.0,631.0,486.0,9.0,,1101.0,390.0,,297.0,95.0
,701.0,565.0,899.0,730.0,722.0,191.0,1255.0,817.0,,,1324.0,491.0,931.0,,804.0,1322.0,484.0,228.0,,1352.0,957.0,,179.0,974.0
,809.0,911.0,921.0,981.0,690.0,627.0,974.0,385.0,,,1505.0,901.0,1288.0,,795.0,989.0,1305.0,260.0,,297.0,200.0,,737.0,1133.0
,247.0,60.0,3.0,334.0,697.0,785.0,955.0,193.0,,,1477.0,1191.0,1378.0,,56.0,914.0,1273.0,797.0,,123.0,1031.0,,465.0,1383.0
,905.0,825.0,1347.0,138.0,848.0,912.0,1195.0,1120.0,,,632.0,342.0,1432.0,,805.0,249.0,183.0,564.0,,1168.0,1042.0,,80.0,1035.0
,941.0,312.0,1383.0,725.0,192.0,719.0,291.0,381.0,,,283.0,1112.0,752.0,,1036.0,1364.0,141.0,766.0,,1494.0,1061.0,,1494.0,1219.0
,1133.0,1160.0,154.0,855.0,224.0,666.0,463.0,1224.0,,,1307.0,1096.0,1454.0,,642.0,342.0,278.0,370.0,,983.0,1282.0,,1300.0,908.0
,948.0,482.0,1057.0,1400.0,1396.0,690.0,842.0,1016.0,,,549.0,1453.0,1439.0,,690.0,1001.0,543.0,1352.0,,117.0,181.0,,243.0,1349.0
,1450.0,1224.0,69.0,603.0,185.0,873.0,1390.0,1100.0,,,513.0,125.0,1205.0,,714.0,911.0,776.0,253.0,,569.0,1138.0,,871.0,1165.0
,634.0,1340.0,1008.0,996.0,403.0,445.0,1241.0,1275.0,,,999.0,1210.0,1209.0,,1387.0,361.0,310.0,1277.0,,378.0,424.0,,824.0,999.0
,1491.0,121.0,1232.0,1318.0,94.0,1415.0,1013.0,1248.0,,,1269.0,1460.0,797.0,,217.0,310.0,195.0,1442.0,,611.0,528.0,,572.0,22.0
,432.0,714.0,64.0,902.0,1312.0,1270.0,1179.0,910.0,,,1318.0,779.0,77.0,,667.0,164.0,791.0,721.0,,345.0,1020.0,,1140.0,199.0
,698.0,661.0,1460.0,1351.0,175.0,153.0,1389.0,735.0,,,683.0,435.0,1504.0,,190.0,196.0,683.0,811.0,,355.0,1288.0,,1416.0,1004.0
,458.0,1176.0,1279.0,1345.0,197.0,464.0,534.0,878.0,,,621.0,644.0,1025.0,,251.0,287.0,748.0,1360.0,,1008.0,81.0,,812.0,1128.0
,1092.0,629.0,225.0,1123.0,351.0,553.0,695.0,1396.0,,,475.0,687.0,691.0,,709.0,898.0,465.0,74.0,,840.0,739.0,,192.0,60.0
,1291.0,428.0,1177.0,955.0,154.0,1094.0,71.0,886.0,,,1492.0,488.0,742.0,,459.0,943.0,288.0,927.0,,1094.0,819.0,,750.0,1139.0
,1357.0,114.0,238.0,1281.0,189.0,1198.0,1283.0,736.0,,,308.0,1201.0,795.0,,201.0,519.0,117.0,937.0,,1288.0,867.0,,473.0,655.0
,529.0,105.0,1135.0,1478.0,504.0,947.0,413.0,28.0,,,1009.0,332.0,684.0,,498.0,941.0,544.0,1204.0,,1260.0,241.0,,1326.0,1235.0
,444.0,1065.0,813.0,234.0,40.0,1128.0,23.0,1093.0,,,1171.0,1253.0,1425.0,,77.0,34.0,827.0,795.0,,259.0,444.0,,451.0,545.0
,1218.0,548.0,204.0,1414.0,1369.0,154.0,312.0,592.0,,,639.0,1362.0,372.0,,1469.0,630.0,836.0,775.0,,465.0,1034.0,,260.0,213.0
,53.0,788.0,905.0,449.0,539.0,1308.0,320.0,844.0,,,1222.0,1003.0,1445.0,,184.0,752.0,696.0,884.0,,3.0,359.0,,1237.0,352.0
,1418.0,1402.0,633.0,1160.0,370.0,1405.0,435.0,1158.0,,,576.0,3.0,157.0,,535.0,1069.0,1121.0,439.0,,135.0,1359.0,,478.0,470.0
,740.0,1250.0,112.0,1449.0,868.0,1436.0,919.0,875.0,,,1428.0,1200.0,60.0,,558.0,931.0,1350.0,1257.0,,885.0,24.0,,864.0,301.0
,1292.0,501.0,616.0,1371.0,486.0,957.0,252.0,1279.0,,,685.0,264.0,1011.0,,984.0,779.0,838.0,645.0,,247.0,741.0,,895.0,674.0
,796.0,292.0,1374.0,414.0,389.0,175.0,1030.0,900.0,,,1075.0,87.0,1005.0,,1146.0,909.0,26.0,966.0,,907.0,533.0,,783.0,541.0
,108.0,578.0,416.0,553.0,7.0,269.0,1459.0,920.0,,,1103.0,1344.0,445.0,,1476.0,724.0,797.0,444.0,,188.0,32.0,,933.0,1409.0
,1504.0,718.0,954.0,972.0,442.0,640.0,1432.0,624.0,,,1164.0,351.0,776.0,,235.0,426.0,578.0,718.0,,919.0,403.0,,1394.0,1163.0
,977.0,1120.0,914.0,459.0,297.0,758.0,13.0,1110.0,,,1388.0,786.0,137.0,,615.0,40.0,512.0,287.0,,685.0,1429.0,,944.0,900.0
,213.0,32.0,569.0,874.0,353.0,1242.0,643.0,308.0,,,1306.0,896.0,642.0,,941.0,1115.0,1448.0,792.0,,1033.0,1477.0,,139.0,1298.0
,276.0,1272.0,302.0,1085.0,1194.0,907.0,190.0,661.0,,,90.0,813.0,1470.0,,761.0,97.0,690.0,630.0,,453.0,1012.0,,153.0,203.0
,1074.0,933.0,135.0,1379.0,765.0,954.0,1414.0,1319.0,,,1313.0,606.0,1149.0,,1088.0,672.0,169.0,561.0,,882.0,587.0,,1378.0,1216.0
,904.0,1253.0,250.0,1395.0,1508.0,1305.0,115.0,1480.0,,,263.0,173.0,1042.0,,677.0,131.0,654.0,1444.0,,433.0,624.0,,702.0,1272.0
,140.0,130.0,392.0,1252.0,811.0,1285.0,1037.0,442.0,,,715.0,715.0,539.0,,622.0,369.0,815.0,75.0,,1115.0,4.0,,957.0,25.0
,763.0,1239.0,1436.0,1508.0,1493.0,160.0,451.0,1139.0,,,1377.0,442.0,202.0,,371.0,383.0,308.0,1390.0,,1173.0,1435.0,,150.0,591.0
,1103.0,774.0,1378.0,627.0,1412.0,1251.0,1503.0,1301.0,,,967.0,116.0,489.0,,192.0,306.0,744.0,1142.0,,343.0,475.0,,348.0,1148.0
,831.0,443.0,619.0,513.0,1188.0,1289.0,1066.0,1348.0,,,1439.0,344.0,646.0,,1140.0,663.0,121.0,433.0,,793.0,795.0,,82.0,1463.0
,906.0,852.0,549.0,632.0,823.0,528.0,1149.0,1288.0,,,12.0,999.0,1.0,,276.0,1344.0,412.0,594.0,,1211.0,788.0,,698.0,984.0
,795.0,1357.0,1038.0,1239.0,1264.0,814.0,1288.0,1287.0,,,502.0,930.0,257.0,,1137.0,1363.0,999.0,735.0,,1151.0,204.0,,804.0,202.0
,1212.0,477.0,575.0,68.0,322.0,1505.0,38.0,283.0,,,736.0,1451.0,603.0,,986.0,755.0,59.0,212.0,,1362.0,1215.0,,1215.0,570.0
,197.0,971.0,934.0,289.0,1080.0,1491.0,204.0,1332.0,,,129.0,595.0,1045.0,,1018.0,912.0,214.0,429.0,,1486.0,1362.0,,1189.0,1297.0
,450.0,101.0,422.0,606.0,903.0,255.0,50.0,124.0,,,795.0,1261.0,176.0,,1453.0,465.0,1243.0,507.0,,1144.0,1117.0,,146.0,430.0
,802.0,615.0,1019.0,497.0,1460.0,1121.0,616.0,979.0,,,698.0,100.0,1202.0,,516.0,1234.0,1440.0,1383.0,,1467.0,1461.0,,313.0,282.0
,1303.0,125.0,1265.0,1436.0,435.0,1482.0,109.0,1411.0,,,1257.0,1246.0,1049.0,,1342.0,425.0,163.0,843.0,,383.0,982.0,,574.0,562.0
,1345.0,531.0,445.0,1020.0,81.0,542.0,993.0,392.0,,,49.0,1005.0,382.0,,198.0,1449.0,1503.0,270.0,,778.0,600.0,,1295.0,1105.0
,46.0,1111.0,51.0,771.0,891.0,1244.0,66.0,1390.0,,,754.0,79.0,162.0,,468.0,11.0,736.0,913.0,,555.0,372.0,,50.0,805.0
,130.0,646.0,768.0,1075.0,831.0,314.0,194.0,797.0,,,1387.0,1035.0,223.0,,155.0,251.0,305.0,453.0,,475.0,1077.0,,996.0,354.0
,134.0,427.0,1395.0,462.0,1452.0,1222.0,1172.0,1476.0,,,595.0,436.0,379.0,,374.0,262.0,504.0,747.0,,1201.0,1340.0,,97.0,566.0
,336.0,871.0,482.0,1479.0,212.0,347.0,867.0,1061.0,,,384.0,1127.0,966.0,,740.0,667.0,969.0,1131.0,,849.0,361.0,,95.0,21.0
,144.0,1442.0,824.0,743.0,1250.0,4.0,1322.0,1.0,,,928.0,275.0,340.0,,1083.0,1099.0,784.0,202.0,,664.0,776.0,,604.0,482.0
,1211.0,539.0,576.0,199.0,1151.0,590.0,1127.0,164.0,,,517.0,982.0,912.0,,1414.0,594.0,702.0,436.0,,1208.0,681.0,,969.0,1210.0
,829.0,128.0,457.0,1106.0,25.0,1253.0,510.0,188.0,,,118.0,1336.0,451.0,,900.0,280.0,536.0,744.0,,95.0,686.0,,390.0,29.0
,707.0,236.0,598.0,272.0,261.0,968.0,280.0,742.0,,,471.0,657.0,36.0,,1420.0,476.0,381.0,1154.0,,1382.0,222.0,,621.0,11.0
,1049.0,998.0,1098.0,435.0,311.0,503.0,253.0,278.0,,,884.0,1022.0,1341.0,,461.0,1477.0,1319.0,173.0,,1298.0,1348.0,,1088.0,564.0
,880.0,789.0,257.0,987.0,20.0,606.0,151.0,568.0,,,770.0,391.0,830.0,,1422.0,1494.0,208.0,22.0,,1371.0,1371.0,,718.0,1293.0
,386.0,243.0,1438.0,249.0,605.0,352.0,214.0,1361.0,,,756.0,852.0,686.0,,946.0,1416.0,1029.0,369.0,,422.0,865.0,,1225.0,1103.0
,437.0,1388.0,1338.0,515.0,1327.0,382.0,986.0,729.0,,,429.0,61.0,792.0,,983.0,1417.0,1224.0,1196.0,,667.0,892.0,,1239.0,1109.0
,853.0,1507.0,1136.0,475.0,784.0,1038.0,686.0,296.0,,,1481.0,1443.0,1053.0,,994.0,1082.0,697.0,548.0,,155.0,1190.0,,553.0,396.0
,556.0,676.0,977.0,509.0,300.0,421.0,1378.0,321.0,,,1260.0,708.0,499.0,,1148.0,1052.0,1050.0,866.0,,166.0,1255.0,,112.0,16.0
,375.0,322.0,1215.0,542.0,225.0,1368.0,290.0,1426.0,,,1026.0,200.0,1054.0,,1077.0,268.0,347.0,213.0,,142.0,1132.0,,1161.0,1385.0
,354.0,968.0,1435.0,415.0,512.0,639.0,101.0,1148.0,,,926.0,371.0,41.0,,1498.0,1160.0,510.0,1465.0,,97.0,396.0,,398.0,390.0
,345.0,1480.0,345.0,561.0,900.0,265.0,565.0,739.0,,,1357.0,1432.0,602.0,,1376.0,991.0,1185.0,371.0,,1376.0,362.0,,1105.0,777.0
,1272.0,474.0,923.0,847.0,1008.0,755.0,136.0,1180.0,,,1386.0,1320.0,422.0,,432.0,1459.0,905.0,423.0,,1011.0,185.0,,1093.0,1066.0
,373.0,225.0,972.0,383.0,958.0,490.0,34.0,1221.0,,,662.0,1131.0,78.0,,189.0,1243.0,61.0,1088.0,,194.0,1265.0,,364.0,983.0
,311.0,1416.0,288.0,204.0,913.0,36.0,1091.0,479.0,,,1205.0,579.0,444.0,,372.0,1061.0,34.0,193.0,,1266.0,1084.0,,635.0,454.0
,581.0,1318.0,337.0,569.0,83.0,429.0,669.0,465.0,,,1395.0,1168.0,1074.0,,604.0,1497.0,1469.0,838.0,,1307.0,146.0,,211.0,1204.0
,322.0,648.0,1318.0,1243.0,233.0,1187.0,80.0,241.0,,,1047.0,721.0,1413.0,,1213.0,1221.0,420.0,1254.0,,595.0,219.0,,241.0,113.0
,929.0,1297.0,122.0,69.0,1215.0,333.0,1336.0,114.0,,,1454.0,82.0,796.0,,1502.0,878.0,1006.0,256.0,,1207.0,731.0,,327.0,885.0
,817.0,783.0,1241.0,678.0,266.0,882.0,725.0,1246.0,,,1101.0,1189.0,1129.0,,712.0,932.0,573.0,924.0,,323.0,189.0,,1108.0,129.0
,539.0,294.0,55.0,568.0,711.0,346.0,142.0,183.0,,,480.0,4.0,1027.0,,323.0,673.0,110.0,1409.0,,1042.0,740.0,,1226.0,1288.0
,1382.0,641.0,1062.0,1291.0,717.0,1504.0,1442.0,2.0,,,440.0,306.0,1340.0,,1208.0,22.0,1024.0,227.0,,1380.0,691.0,,1067.0,79.0
,1424.0,23.0,1015.0,741.0,501.0,931.0,61.0,1330.0,,,604.0,849.0,597.0,,443.0,540.0,669.0,494.0,,529.0,330.0,,322.0,118.0
,30.0,83.0,1431.0,1370.0,564.0,1455.0,1234.0,1338.0,,,1149.0,197.0,1474.0,,1488.0,1323.0,399.0,1006.0,,704.0,668.0,,1372.0,971.0
,544.0,190.0,377.0,117.0,1144.0,1376.0,1395.0,571.0,,,473.0,666.0,1290.0,,5.0,983.0,589.0,686.0,,1416.0,901.0,,6.0,979.0
,1015.0,824.0,214.0,604.0,592.0,1012.0,1485.0,122.0,,,155.0,628.0,297.0,,635.0,431.0,1084.0,1321.0,,1213.0,794.0,,1434.0,580.0
,781.0,231.0,1202.0,1148.0,1281.0,1039.0,1135.0,266.0,,,1396.0,959.0,27.0,,1089.0,321.0,1246.0,1256.0,,1478.0,,,802.0,1207.0
,1353.0,321.0,1222.0,746.0,137.0,1067.0,1454.0,386.0,,,1097.0,925.0,1297.0,,1139.0,1419.0,662.0,1458.0,,1026.0,,,977.0,1311.0
,810.0,1210.0,1188.0,329.0,117.0,1025.0,923.0,41.0,,,1441.0,1113.0,860.0,,792.0,1304.0,317.0,576.0,,435.0,,,1247.0,1203.0
,62.0,487.0,951.0,1054.0,1236.0,927.0,427.0,488.0,,,1212.0,641.0,1337.0,,1271.0,874.0,547.0,29.0,,1072.0,,,1465.0,1462.0
,403.0,150.0,1126.0,578.0,49.0,1453.0,1105.0,880.0,,,1297.0,651.0,1084.0,,829.0,539.0,527.0,590.0,,866.0,,,673.0,1438.0
,658.0,27.0,49.0,229.0,1081.0,1183.0,657.0,123.0,,,349.0,1277.0,177.0,,547.0,971.0,1020.0,178.0,,1439.0,,,691.0,346.0
,1354.0,366.0,1349.0,923.0,723.0,0.0,892.0,732.0,,,498.0,287.0,846.0,,1347.0,620.0,523.0,37.0,,468.0,,,537.0,1243.0
,119.0,505.0,5.0,278.0,301.0,1473.0,962.0,1033.0,,,860.0,245.0,1465.0,,93.0,48.0,626.0,251.0,,1043.0,,,1324.0,1494.0
,464.0,304.0,1174.0,1083.0,1001.0,206.0,765.0,855.0,,,843.0,136.0,793.0,,390.0,1073.0,598.0,780.0,,1138.0,,,907.0,249.0
,394.0,1240.0,1024.0,1419.0,1149.0,885.0,894.0,516.0,,,779.0,1471.0,1482.0,,649.0,292.0,1205.0,121.0,,346.0,,,1246.0,930.0
,136.0,575.0,906.0,330.0,294.0,334.0,516.0,419.0,,,208.0,623.0,558.0,,581.0,772.0,1163.0,1473.0,,794.0,,,1497.0,510.0
,457.0,72.0,1247.0,1335.0,502.0,862.0,619.0,1260.0,,,1459.0,674.0,529.0,,171.0,10.0,312.0,1451.0,,107.0,,,1010.0,846.0
,1242.0,1252.0,687.0,128.0,1388.0,875.0,952.0,1213.0,,,196.0,484.0,461.0,,440.0,854.0,739.0,105.0,,0.0,,,190.0,100.0
,969.0,655.0,1153.0,1480.0,368.0,1027.0,1392.0,1416.0,,,1304.0,1315.0,820.0,,1354.0,458.0,1239.0,11.0,,975.0,,,263.0,691.0
,709.0,398.0,407.0,704.0,405.0,375.0,636.0,988.0,,,281.0,414.0,94.0,,115.0,296.0,677.0,262.0,,1205.0,,,700.0,548.0
,467.0,822.0,967.0,894.0,1426.0,793.0,612.0,696.0,,,1119.0,1071.0,961.0,,536.0,944.0,888.0,181.0,,174.0,,,1307.0,716.0
,874.0,819.0,1366.0,1095.0,1218.0,1144.0,649.0,1391.0,,,221.0,675.0,778.0,,531.0,1397.0,40.0,1128.0,,1423.0,,,147.0,1283.0
,328.0,472.0,943.0,242.0,412.0,390.0,958.0,1433.0,,,968.0,1489.0,225.0,,214.0,621.0,588.0,1454.0,,16.0,,,714.0,818.0
,528.0,1190.0,543.0,883.0,75.0,681.0,1268.0,106.0,,,501.0,1457.0,293.0,,1129.0,101.0,645.0,711.0,,671.0,,,108.0,543.0
,352.0,283.0,551.0,372.0,1023.0,53.0,673.0,252.0,,,1315.0,86.0,129.0,,46.0,393.0,1364.0,203.0,,124.0,,,894.0,453.0
,1220.0,41.0,451.0,591.0,136.0,1260.0,1345.0,821.0,,,253.0,305.0,1170.0,,1101.0,1407.0,1453.0,162.0,,167.0,,,1008.0,955.0
,968.0,909.0,101.0,1477.0,807.0,389.0,614.0,105.0,,,1052.0,1102.0,1354.0,,1235.0,541.0,845.0,1399.0,,1085.0,,,55.0,1058.0
,203.0,1153.0,522.0,238.0,1414.0,520.0,1497.0,835.0,,,262.0,1170.0,1466.0,,288.0,1295.0,349.0,961.0,,279.0,,,1151.0,1045.0
,951.0,451.0,220.0,1212.0,520.0,1103.0,224.0,279.0,,,406.0,1065.0,662.0,,762.0,847.0,382.0,1066.0,,438.0,,,352.0,469.0
,1442.0,129.0,750.0,1386.0,1201.0,515.0,898.0,327.0,,,665.0,887.0,1052.0,,43.0,1470.0,528.0,1483.0,,1440.0,,,528.0,687.0
,351.0,766.0,805.0,944.0,984.0,978.0,611.0,255.0,,,867.0,928.0,81.0,,616.0,1000.0,755.0,1475.0,,1356.0,,,1216.0,555.0
,505.0,349.0,618.0,498.0,240.0,405.0,1310.0,165.0,,,447.0,945.0,296.0,,321.0,774.0,593.0,1186.0,,1434.0,,,414.0,996.0
,1447.0,1047.0,1488.0,872.0,1446.0,866.0,602.0,820.0,,,1392.0,399.0,1338.0,,842.0,84.0,658.0,777.0,,712.0,,,502.0,1476.0
,783.0,977.0,1165.0,220.0,1482.0,217.0,324.0,1482.0,,,312.0,529.0,1207.0,,98.0,60.0,323.0,1295.0,,87.0,,,733.0,849.0
,126.0,960.0,564.0,231.0,1158.0,6.0,823.0,1040.0,,,742.0,1198.0,1009.0,,359.0,199.0,1274.0,437.0,,169.0,,,552.0,288.0
,1030.0,514.0,25.0,154.0,408.0,943.0,365.0,405.0,,,141.0,1089.0,206.0,,1331.0,1121.0,855.0,698.0,,1131.0,,,667.0,1340.0
,519.0,278.0,1322.0,120.0,1024.0,723.0,156.0,594.0,,,910.0,192.0,1203.0,,1219.0,1433.0,760.0,834.0,,618.0,,,1262.0,926.0
,376.0,438.0,924.0,1450.0,1273.0,361.0,906.0,944.0,,,162.0,1408.0,191.0,,1046.0,67.0,1279.0,692.0,,474.0,,,892.0,1426.0
,1394.0,336.0,1454.0,1028.0,450.0,27.0,590.0,611.0,,,792.0,1500.0,1013.0,,242.0,1279.0,891.0,421.0,,1407.0,,,1287.0,913.0
,1225.0,568.0,1310.0,1388.0,674.0,1207.0,778.0,130.0,,,706.0,380.0,799.0,,526.0,1442.0,664.0,1073.0,,1377.0,,,615.0,438.0
,527.0,560.0,468.0,1493.0,481.0,1093.0,1031.0,546.0,,,1409.0,1435.0,337.0,,303.0,229.0,881.0,998.0,,344.0,,,1493.0,1030.0
,1027.0,1097.0,1074.0,78.0,1033.0,43.0,547.0,588.0,,,248.0,210.0,530.0,,1060.0,1290.0,1298.0,993.0,,429.0,,,1309.0,851.0
,563.0,442.0,1125.0,1068.0,1145.0,579.0,672.0,298.0,,,1076.0,831.0,15.0,,1021.0,1350.0,1047.0,1159.0,,714.0,,,775.0,312.0
,1229.0,1244.0,630.0,328.0,213.0,726.0,959.0,607.0,,,1423.0,820.0,218.0,,813.0,1340.0,1506.0,854.0,,1363.0,,,508.0,844.0
,1047.0,355.0,1286.0,1246.0,258.0,101.0,505.0,634.0,,,1487.0,697.0,385.0,,839.0,1166.0,756.0,1327.0,,565.0,,,418.0,744.0
,808.0,1174.0,881.0,1111.0,33.0,25.0,231.0,934.0,,,109.0,912.0,1142.0,,1455.0,1335.0,1485.0,219.0,,646.0,,,627.0,303.0
,1260.0,855.0,789.0,445.0,439.0,30.0,1450.0,932.0,,,622.0,740.0,1037.0,,62.0,350.0,1137.0,541.0,,978.0,,,121.0,584.0
,818.0,550.0,129.0,579.0,141.0,878.0,559.0,741.0,,,1323.0,1346.0,118.0,,294.0,761.0,920.0,1030.0,,1210.0,,,353.0,122.0
,708.0,280.0,772.0,482.0,1256.0,125.0,595.0,1237.0,,,1095.0,327.0,1494.0,,417.0,1222.0,1411.0,458.0,,638.0,,,652.0,945.0
,1170.0,780.0,1278.0,1270.0,166.0,1440.0,1157.0,473.0,,,269.0,54.0,954.0,,1170.0,538.0,857.0,1374.0,,773.0,,,1409.0,567.0
,705.0,1179.0,366.0,1127.0,179.0,733.0,965.0,1502.0,,,587.0,736.0,598.0,,1397.0,521.0,60.0,200.0,,1453.0,,,1181.0,976.0
,1126.0,79.0,391.0,1323.0,332.0,797.0,1489.0,31.0,,,813.0,512.0,1446.0,,1113.0,615.0,781.0,361.0,,39.0,,,494.0,1356.0
,497.0,997.0,957.0,1353.0,921.0,363.0,464.0,259.0,,,572.0,46.0,1483.0,,793.0,25.0,251.0,1119.0,,59.0,,,1290.0,643.0
,558.0,839.0,650.0,1361.0,1501.0,787.0,620.0,359.0,,,644.0,145.0,962.0,,257.0,1492.0,1181.0,581.0,,1141.0,,,833.0,417.0
,531.0,1504.0,1344.0,615.0,1326.0,1325.0,21.0,509.0,,,84.0,1480.0,492.0,,928.0,148.0,1055.0,765.0,,570.0,,,1472.0,1344.0
,827.0,1133.0,1328.0,43.0,570.0,1434.0,98.0,1380.0,,,1190.0,1044.0,106.0,,83.0,404.0,810.0,,,634.0,,,1152.0,1343.0
,520.0,201.0,1018.0,1056.0,262.0,687.0,562.0,685.0,,,39.0,31.0,651.0,,682.0,349.0,714.0,,,835.0,,,1073.0,1432.0
,1375.0,529.0,454.0,1434.0,557.0,237.0,1008.0,885.0,,,1192.0,1150.0,1217.0,,84.0,139.0,1238.0,,,1353.0,,,742.0,689.0
,1385.0,1103.0,611.0,70.0,1377.0,935.0,776.0,205.0,,,320.0,1264.0,479.0,,1334.0,1157.0,977.0,,,763.0,,,905.0,1007.0
,646.0,521.0,30.0,1050.0,797.0,949.0,1281.0,957.0,,,295.0,929.0,93.0,,661.0,27.0,983.0,,,321.0,,,1420.0,240.0
,401.0,734.0,369.0,829.0,944.0,497.0,1198.0,857.0,,,603.0,1355.0,1099.0,,767.0,1085.0,440.0,,,1412.0,,,709.0,460.0
,1323.0,742.0,999.0,1363.0,150.0,695.0,377.0,197.0,,,747.0,806.0,187.0,,1385.0,1016.0,1171.0,,,1230.0,,,423.0,1135.0
,395.0,745.0,289.0,403.0,79.0,1028.0,1371.0,593.0,,,303.0,812.0,1348.0,,931.0,1389.0,1088.0,,,1338.0,,,1157.0,88.0
,220.0,170.0,200.0,1061.0,814.0,1386.0,1074.0,213.0,,,291.0,56.0,156.0,,903.0,809.0,746.0,,,623.0,,,1480.0,704.0
,744.0,43.0,125.0,466.0,754.0,792.0,970.0,398.0,,,250.0,1375.0,1270.0,,621.0,1425.0,1372.0,,,1463.0,,,117.0,887.0
,281.0,884.0,1065.0,378.0,145.0,813.0,975.0,336.0,,,333.0,178.0,1424.0,,652.0,509.0,928.0,,,1394.0,,,1390.0,1427.0
,1318.0,573.0,1291.0,980.0,899.0,1310.0,697.0,351.0,,,18.0,729.0,1250.0,,129.0,1224.0,75.0,,,141.0,,,1468.0,780.0
,57.0,790.0,778.0,81.0,382.0,383.0,1054.0,1222.0,,,528.0,252.0,465.0,,1269.0,566.0,145.0,,,1493.0,,,908.0,731.0
,826.0,433.0,174.0,1257.0,1347.0,580.0,242.0,1035.0,,,840.0,1259.0,561.0,,758.0,384.0,799.0,,,546.0,,,18.0,527.0
,366.0,411.0,340.0,1112.0,1324.0,486.0,376.0,883.0,,,132.0,647.0,977.0,,1256.0,260.0,692.0,,,1123.0,,,626.0,975.0
,382.0,288.0,469.0,159.0,710.0,479.0,1277.0,1199.0,,,932.0,1313.0,1272.0,,1065.0,1402.0,432.0,,,76.0,,,1430.0,740.0
,1004.0,397.0,1467.0,964.0,1436.0,231.0,533.0,667.0,,,1115.0,42.0,1210.0,,1253.0,415.0,483.0,,,1232.0,,,447.0,322.0
,979.0,1273.0,628.0,857.0,606.0,821.0,110.0,1212.0,,,1361.0,564.0,1352.0,,102.0,120.0,206.0,,,783.0,,,524.0,637.0
,1380.0,1030.0,224.0,157.0,747.0,315.0,1203.0,1200.0,,,426.0,1487.0,66.0,,1071.0,1219.0,383.0,,,1031.0,,,92.0,521.0
,903.0,1453.0,1356.0,913.0,524.0,434.0,879.0,612.0,,,348.0,235.0,1280.0,,1452.0,1297.0,1174.0,,,938.0,,,925.0,661.0
,1245.0,750.0,33.0,508.0,587.0,633.0,963.0,1171.0,,,190.0,933.0,355.0,,418.0,44.0,67.0,,,711.0,,,1274.0,923.0
,820.0,1338.0,1505.0,587.0,92.0,638.0,1263.0,1190.0,,,1195.0,1046.0,1376.0,,937.0,1184.0,1191.0,,,170.0,,,796.0,1249.0
,205.0,1335.0,1397.0,246.0,1357.0,1173.0,553.0,190.0,,,557.0,704.0,734.0,,655.0,1102.0,93.0,,,8.0,,,1110.0,629.0
,822.0,429.0,183.0,399.0,1320.0,641.0,1433.0,1157.0,,,768.0,844.0,563.0,,284.0,1253.0,904.0,,,1304.0,,,442.0,587.0
,895.0,1487.0,1032.0,1078.0,996.0,617.0,1024.0,981.0,,,869.0,244.0,514.0,,810.0,1081.0,1160.0,,,1417.0,,,1131.0,891.0
,1352.0,956.0,700.0,67.0,850.0,727.0,1366.0,1067.0,,,583.0,403.0,655.0,,247.0,1088.0,277.0,,,1153.0,,,601.0,275.0
,547.0,552.0,171.0,979.0,992.0,819.0,329.0,304.0,,,301.0,686.0,1168.0,,1294.0,143.0,1117.0,,,952.0,,,1129.0,200.0
,42.0,1319.0,301.0,925.0,319.0,1466.0,1181.0,459.0,,,1256.0,1424.0,569.0,,784.0,1094.0,147.0,,,1069.0,,,844.0,216.0
,926.0,1310.0,1147.0,1192.0,1416.0,473.0,691.0,1052.0,,,909.0,1426.0,1455.0,,1191.0,1226.0,750.0,,,1165.0,,,701.0,682.0
,1244.0,89.0,781.0,1009.0,315.0,1252.0,670.0,1393.0,,,1243.0,494.0,716.0,,219.0,485.0,1262.0,,,1212.0,,,240.0,1451.0
,945.0,1170.0,1002.0,146.0,1379.0,998.0,1079.0,82.0,,,199.0,184.0,1475.0,,,182.0,15.0,,,1379.0,,,651.0,1458.0
,610.0,96.0,989.0,634.0,1214.0,1480.0,1363.0,1497.0,,,882.0,1499.0,800.0,,,282.0,879.0,,,924.0,,,695.0,1212.0
,48.0,296.0,597.0,1206.0,635.0,1266.0,513.0,1126.0,,,575.0,609.0,815.0,,,1481.0,106.0,,,677.0,,,1169.0,431.0
,711.0,1004.0,754.0,1171.0,45.0,854.0,1153.0,1429.0,,,300.0,1466.0,1181.0,,,168.0,1345.0,,,809.0,,,103.0,409.0
,836.0,498.0,1235.0,1507.0,1101.0,1264.0,397.0,943.0,,,1394.0,473.0,1260.0,,,442.0,209.0,,,303.0,,,1074.0,1162.0
,1287.0,878.0,1118.0,1149.0,127.0,14.0,798.0,1163.0,,,1483.0,1399.0,813.0,,,895.0,291.0,,,1029.0,,,1020.0,970.0
,812.0,749.0,525.0,1412.0,1384.0,712.0,1315.0,185.0,,,889.0,1114.0,679.0,,,316.0,1113.0,,,1378.0,,,492.0,273.0
,849.0,139.0,343.0,355.0,676.0,658.0,903.0,1154.0,,,704.0,521.0,850.0,,,1499.0,37.0,,,1022.0,,,363.0,183.0
,1230.0,895.0,409.0,1241.0,466.0,148.0,1247.0,1453.0,,,1389.0,562.0,1436.0,,,688.0,770.0,,,1209.0,,,1334.0,23.0
,1158.0,147.0,894.0,1372.0,1464.0,481.0,235.0,743.0,,,1312.0,66.0,412.0,,,1011.0,357.0,,,808.0,,,1438.0,1096.0
,305.0,1039.0,1225.0,625.0,783.0,1190.0,737.0,147.0,,,690.0,935.0,772.0,,,609.0,902.0,,,871.0,,,640.0,1266.0
,1139.0,1022.0,910.0,395.0,1196.0,1301.0,802.0,822.0,,,1448.0,671.0,566.0,,,88.0,297.0,,,354.0,,,483.0,1170.0
,404.0,950.0,796.0,900.0,1229.0,170.0,907.0,809.0,,,592.0,445.0,9.0,,,241.0,757.0,,,989.0,,,1045.0,8.0
,1029.0,1114.0,823.0,1232.0,88.0,673.0,414.0,1149.0,,,330.0,291.0,785.0,,,811.0,579.0,,,119.0,,,554.0,392.0
,1238.0,896.0,1051.0,781.0,413.0,1044.0,507.0,129.0,,,102.0,93.0,1418.0,,,1476.0,152.0,,,1024.0,,,853.0,641.0
,271.0,181.0,1233.0,1110.0,1047.0,42.0,511.0,453.0,,,179.0,742.0,835.0,,,1151.0,392.0,,,552.0,,,549.0,565.0
,1502.0,142.0,829.0,1049.0,632.0,525.0,1445.0,746.0,,,505.0,534.0,891.0,,,1478.0,1038.0,,,111.0,,,1502.0,239.0
,114.0,723.0,516.0,189.0,199.0,1043.0,781.0,505.0,,,156.0,1142.0,616.0,,,370.0,1012.0,,,1170.0,,,416.0,461.0
,1271.0,833.0,749.0,380.0,1468.0,1041.0,154.0,1454.0,,,899.0,1497.0,703.0,,,534.0,1337.0,,,787.0,,,820.0,1013.0
,282.0,717.0,1381.0,371.0,255.0,1214.0,1257.0,680.0,,,144.0,1351.0,1256.0,,,1491.0,1250.0,,,269.0,,,74.0,866.0
,1396.0,1390.0,1196.0,1173.0,563.0,1188.0,146.0,905.0,,,664.0,750.0,542.0,,,190.0,1336.0,,,223.0,,,814.0,763.0
,183.0,671.0,1099.0,1399.0,85.0,824.0,31.0,110.0,,,566.0,1486.0,910.0,,,424.0,492.0,,,1172.0,,,1304.0,189.0
,1265.0,1404.0,849.0,425.0,516.0,1286.0,1270.0,659.0,,,37.0,452.0,13.0,,,1383.0,1201.0,,,1313.0,,,380.0,647.0
,828.0,30.0,677.0,1380.0,864.0,710.0,996.0,503.0,,,1073.0,1031.0,614.0,,,54.0,1060.0,,,1191.0,,,128.0,1335.0
,1328.0,301.0,682.0,628.0,1402.0,707.0,518.0,1203.0,,,518.0,1490.0,1159.0,,,567.0,939.0,,,351.0,,,507.0,1448.0
,938.0,287.0,90.0,1132.0,1099.0,114.0,78.0,896.0,,,925.0,225.0,219.0,,,1250.0,758.0,,,582.0,,,213.0,255.0
,1300.0,1079.0,675.0,1174.0,463.0,703.0,1290.0,1239.0,,,1507.0,464.0,23.0,,,1450.0,1302.0,,,253.0,,,61.0,550.0
,1296.0,1255.0,735.0,1429.0,70.0,737.0,739.0,1073.0,,,1017.0,1167.0,1385.0,,,1331.0,1009.0,,,74.0,,,795.0,679.0
,914.0,1366.0,944.0,196.0,97.0,381.0,261.0,1189.0,,,778.0,276.0,1464.0,,,823.0,898.0,,,222.0,,,351.0,1073.0
,980.0,202.0,452.0,1294.0,791.0,304.0,1076.0,1422.0,,,370.0,1496.0,699.0,,,402.0,863.0,,,1269.0,,,725.0,43.0
,1463.0,215.0,261.0,201.0,1318.0,1161.0,296.0,334.0,,,1275.0,1039.0,,,,28.0,1115.0,,,851.0,,,818.0,907.0
,5.0,1203.0,1085.0,692.0,1333.0,665.0,19.0,805.0,,,827.0,1332.0,,,,1111.0,135.0,,,1104.0,,,591.0,356.0
,483.0,918.0,544.0,680.0,1389.0,1385.0,1388.0,1491.0,,,675.0,1279.0,,,,9.0,1231.0,,,522.0,,,1391.0,605.0
,170.0,1087.0,764.0,77.0,826.0,19.0,935.0,671.0,,,614.0,726.0,,,,1475.0,172.0,,,1113.0,,,860.0,358.0
,204.0,1346.0,645.0,1264.0,952.0,634.0,102.0,908.0,,,921.0,578.0,,,,145.0,539.0,,,126.0,,,64.0,280.0
,1106.0,444.0,484.0,239.0,725.0,560.0,1028.0,1456.0,,,441.0,1169.0,,,,1038.0,1188.0,,,1035.0,,,493.0,416.0
,231.0,488.0,946.0,279.0,957.0,391.0,1472.0,294.0,,,87.0,1256.0,,,,314.0,655.0,,,769.0,,,469.0,813.0
,290.0,285.0,1207.0,974.0,17.0,1052.0,1441.0,768.0,,,201.0,104.0,,,,400.0,1043.0,,,807.0,,,1405.0,534.0
,85.0,1270.0,844.0,952.0,919.0,1199.0,949.0,898.0,,,1482.0,206.0,,,,0.0,35.0,,,152.0,,,437.0,1361.0
,135.0,683.0,1209.0,1356.0,1049.0,1247.0,803.0,1436.0,,,504.0,558.0,,,,1277.0,1404.0,,,428.0,,,1183.0,1400.0
,997.0,52.0,991.0,577.0,1309.0,127.0,350.0,769.0,,,317.0,754.0,,,,1472.0,1412.0,,,994.0,,,595.0,1305.0
,514.0,15.0,387.0,813.0,99.0,891.0,841.0,1234.0,,,716.0,532.0,,,,481.0,1317.0,,,245.0,,,439.0,843.0
,1436.0,502.0,117.0,49.0,1137.0,179.0,52.0,341.0,,,1335.0,131.0,,,,641.0,871.0,,,699.0,,,888.0,1114.0
,1240.0,777.0,1506.0,897.0,468.0,660.0,1194.0,859.0,,,919.0,53.0,,,,1120.0,948.0,,,1017.0,,,62.0,663.0
,1140.0,345.0,1439.0,1086.0,417.0,1166.0,840.0,315.0,,,629.0,1329.0,,,,1083.0,1494.0,,,46.0,,,1206.0,829.0
,908.0,416.0,1005.0,261.0,1395.0,454.0,1447.0,559.0,,,963.0,1461.0,,,,1413.0,1187.0,,,310.0,,,333.0,138.0
,1034.0,12.0,1327.0,420.0,190.0,621.0,1132.0,332.0,,,1178.0,913.0,,,,37.0,1001.0,,,317.0,,,671.0,525.0
,1493.0,891.0,1403.0,1038.0,771.0,80.0,1317.0,660.0,,,880.0,95.0,,,,868.0,1216.0,,,369.0,,,452.0,1352.0
,243.0,569.0,259.0,352.0,757.0,557.0,729.0,711.0,,,1107.0,424.0,,,,1168.0,1301.0,,,594.0,,,1223.0,1350.0
,882.0,1418.0,732.0,63.0,1461.0,592.0,457.0,77.0,,,1027.0,873.0,,,,1079.0,130.0,,,754.0,,,1071.0,230.0
,688.0,591.0,1457.0,227.0,968.0,162.0,1148.0,376.0,,,1153.0,617.0,,,,295.0,718.0,,,1039.0,,,730.0,680.0
,1499.0,678.0,86.0,244.0,777.0,235.0,852.0,1407.0,,,886.0,166.0,,,,225.0,835.0,,,880.0,,,704.0,3.0
,954.0,204.0,235.0,48.0,615.0,585.0,833.0,214.0,,,851.0,1331.0,,,,1092.0,253.0,,,718.0,,,674.0,1429.0
,1017.0,1001.0,975.0,492.0,1026.0,1175.0,1341.0,52.0,,,446.0,613.0,,,,378.0,300.0,,,284.0,,,1375.0,920.0
,1387.0,495.0,788.0,192.0,920.0,50.0,1295.0,1379.0,,,209.0,475.0,,,,789.0,451.0,,,287.0,,,811.0,362.0
,813.0,791.0,1149.0,47.0,214.0,1133.0,664.0,786.0,,,1486.0,320.0,,,,578.0,733.0,,,1103.0,,,1063.0,952.0
,433.0,465.0,922.0,917.0,146.0,307.0,660.0,223.0,,,356.0,834.0,,,,492.0,709.0,,,1005.0,,,546.0,127.0
,677.0,1457.0,610.0,1425.0,713.0,709.0,1075.0,9.0,,,216.0,1050.0,,,,224.0,73.0,,,1384.0,,,427.0,1332.0
,862.0,1135.0,596.0,151.0,1438.0,403.0,355.0,489.0,,,111.0,520.0,,,,840.0,302.0,,,675.0,,,1238.0,784.0
,1200.0,297.0,830.0,217.0,133.0,720.0,349.0,48.0,,,313.0,1254.0,,,,155.0,941.0,,,1154.0,,,1403.0,423.0
,1024.0,1438.0,756.0,297.0,530.0,1465.0,433.0,1363.0,,,1331.0,1199.0,,,,1247.0,71.0,,,1293.0,,,1069.0,269.0
,693.0,1162.0,432.0,543.0,1115.0,1033.0,1304.0,502.0,,,115.0,1068.0,,,,178.0,599.0,,,1226.0,,,1343.0,963.0
,595.0,1428.0,1287.0,1145.0,65.0,1307.0,1274.0,806.0,,,390.0,1145.0,,,,127.0,1402.0,,,302.0,,,896.0,106.0
,1429.0,656.0,335.0,353.0,1456.0,1009.0,175.0,436.0,,,661.0,1463.0,,,,1345.0,397.0,,,700.0,,,642.0,924.0
,1086.0,491.0,1211.0,1333.0,120.0,1195.0,990.0,42.0,,,1373.0,63.0,,,,655.0,1377.0,,,201.0,,,70.0,932.0
,704.0,726.0,1128.0,1169.0,367.0,488.0,1123.0,1097.0,,,378.0,1311.0,,,,1393.0,316.0,,,1239.0,,,724.0,222.0
,131.0,252.0,806.0,1062.0,858.0,692.0,608.0,274.0,,,336.0,94.0,,,,996.0,1435.0,,,30.0,,,1220.0,754.0
,775.0,1191.0,1271.0,796.0,624.0,1439.0,810.0,812.0,,,1246.0,577.0,,,,1173.0,693.0,,,1243.0,,,40.0,1193.0
,425.0,912.0,814.0,1496.0,1148.0,514.0,48.0,985.0,,,136.0,988.0,,,,270.0,1380.0,,,1350.0,,,182.0,586.0
,1109.0,1055.0,251.0,737.0,767.0,1016.0,1090.0,727.0,,,1006.0,1027.0,,,,1259.0,618.0,,,407.0,,,1162.0,516.0
,392.0,383.0,297.0,1315.0,423.0,12.0,77.0,85.0,,,298.0,1394.0,,,,555.0,439.0,,,761.0,,,345.0,1089.0
,512.0,1477.0,864.0,769.0,1442.0,386.0,971.0,70.0,,,1368.0,70.0,,,,303.0,1327.0,,,1477.0,,,874.0,1041.0
,1420.0,63.0,590.0,1398.0,965.0,686.0,528.0,418.0,,,398.0,882.0,,,,401.0,372.0,,,221.0,,,608.0,17.0
,728.0,239.0,352.0,185.0,429.0,609.0,685.0,1196.0,,,615.0,542.0,,,,536.0,613.0,,,875.0,,,889.0,471.0
,1347.0,602.0,45.0,526.0,21.0,1186.0,1306.0,1296.0,,,767.0,1030.0,,,,21.0,1341.0,,,609.0,,,1428.0,654.0
,638.0,184.0,344.0,550.0,257.0,144.0,1387.0,13.0,,,1084.0,1132.0,,,,1447.0,656.0,,,1159.0,,,1126.0,658.0
,1422.0,1013.0,78.0,807.0,661.0,952.0,494.0,1270.0,,,1440.0,447.0,,,,35.0,443.0,,,615.0,,,373.0,786.0
,1474.0,927.0,884.0,1036.0,355.0,544.0,742.0,1011.0,,,786.0,1028.0,,,,238.0,1461.0,,,1400.0,,,355.0,590.0
,289.0,1293.0,807.0,1047.0,909.0,1500.0,143.0,1385.0,,,997.0,356.0,,,,922.0,167.0,,,325.0,,,735.0,234.0
,379.0,1080.0,1061.0,971.0,394.0,597.0,72.0,1486.0,,,86.0,1118.0,,,,256.0,856.0,,,214.0,,,431.0,681.0
,324.0,1074.0,863.0,447.0,433.0,1306.0,1294.0,287.0,,,112.0,710.0,,,,750.0,691.0,,,329.0,,,1037.0,1182.0
,1152.0,434.0,1060.0,213.0,685.0,909.0,6.0,269.0,,,1193.0,417.0,,,,274.0,1425.0,,,129.0,,,5.0,1406.0
,475.0,388.0,815.0,91.0,802.0,1203.0,308.0,83.0,,,1150.0,761.0,,,,1128.0,947.0,,,932.0,,,1167.0,68.0
,560.0,1063.0,981.0,949.0,628.0,278.0,976.0,706.0,,,1067.0,691.0,,,,327.0,1245.0,,,733.0,,,356.0,1256.0
,37.0,1089.0,505.0,161.0,219.0,135.0,487.0,127.0,,,1022.0,261.0,,,,1488.0,562.0,,,314.0,,,1298.0,274.0
,84.0,469.0,266.0,961.0,1002.0,644.0,1089.0,1037.0,,,1432.0,865.0,,,,800.0,640.0,,,1289.0,,,448.0,1419.0
,1298.0,594.0,1203.0,658.0,230.0,867.0,1227.0,838.0,,,710.0,1216.0,,,,638.0,363.0,,,1332.0,,,789.0,1238.0
,230.0,133.0,1458.0,92.0,345.0,1089.0,570.0,362.0,,,765.0,1483.0,,,,1188.0,1064.0,,,1271.0,,,341.0,517.0
,789.0,659.0,763.0,873.0,571.0,1239.0,1209.0,873.0,,,1321.0,998.0,,,,344.0,419.0,,,1277.0,,,278.0,880.0
,226.0,259.0,82.0,1470.0,762.0,1218.0,96.0,468.0,,,942.0,349.0,,,,1306.0,475.0,,,742.0,,,866.0,977.0
,252.0,1027.0,1303.0,876.0,,705.0,1211.0,1181.0,,,1233.0,226.0,,,,1134.0,582.0,,,1249.0,,,1184.0,384.0
,1019.0,642.0,165.0,657.0,,1423.0,1382.0,1304.0,,,182.0,766.0,,,,1229.0,43.0,,,764.0,,,666.0,508.0
,1083.0,664.0,327.0,342.0,,1134.0,364.0,1076.0,,,668.0,637.0,,,,376.0,1048.0,,,464.0,,,655.0,256.0
,471.0,365.0,1107.0,511.0,,1293.0,1159.0,982.0,,,389.0,142.0,,,,585.0,304.0,,,845.0,,,1368.0,1233.0
,1293.0,223.0,1343.0,109.0,,929.0,1213.0,1161.0,,,1187.0,483.0,,,,831.0,1454.0,,,1181.0,,,27.0,909.0
,288.0,1300.0,376.0,1311.0,,417.0,92.0,767.0,,,1424.0,544.0,,,,510.0,775.0,,,775.0,,,1251.0,613.0
,1241.0,1014.0,495.0,1196.0,,152.0,1490.0,1211.0,,,1181.0,1395.0,,,,436.0,181.0,,,1117.0,,,867.0,176.0
,224.0,702.0,753.0,1124.0,,457.0,325.0,1121.0,,,8.0,864.0,,,,31.0,909.0,,,120.0,,,226.0,520.0
,93.0,1311.0,293.0,1043.0,,108.0,1224.0,577.0,,,1484.0,798.0,,,,399.0,1479.0,,,517.0,,,589.0,42.0
,1279.0,630.0,798.0,674.0,,1399.0,305.0,69.0,,,1426.0,1148.0,,,,1098.0,602.0,,,753.0,,,566.0,406.0
,1479.0,1258.0,324.0,968.0,,354.0,431.0,182.0,,,714.0,789.0,,,,496.0,272.0,,,693.0,,,269.0,1403.0
,716.0,293.0,734.0,127.0,,1219.0,481.0,784.0,,,1464.0,469.0,,,,990.0,411.0,,,636.0,,,1003.0,1122.0
,730.0,1178.0,1424.0,1381.0,,172.0,373.0,236.0,,,1057.0,1278.0,,,,1403.0,1340.0,,,826.0,,,371.0,502.0
,116.0,1401.0,396.0,457.0,,509.0,258.0,1101.0,,,350.0,1037.0,,,,309.0,1361.0,,,786.0,,,445.0,1358.0
,743.0,992.0,276.0,137.0,,808.0,89.0,888.0,,,785.0,682.0,,,,595.0,76.0,,,593.0,,,1379.0,1070.0
,129.0,233.0,424.0,1365.0,,1105.0,16.0,895.0,,,210.0,940.0,,,,1041.0,596.0,,,674.0,,,187.0,512.0
,876.0,813.0,1168.0,804.0,,944.0,858.0,804.0,,,993.0,175.0,,,,459.0,1329.0,,,1448.0,,,133.0,125.0
,163.0,208.0,1351.0,417.0,,1232.0,710.0,984.0,,,1278.0,1302.0,,,,358.0,96.0,,,1082.0,,,1249.0,915.0
,686.0,957.0,160.0,806.0,,1037.0,1099.0,288.0,,,409.0,358.0,,,,351.0,431.0,,,804.0,,,78.0,1368.0
,16.0,1496.0,1466.0,1015.0,,317.0,1448.0,1455.0,,,933.0,1469.0,,,,1204.0,1196.0,,,622.0,,,1443.0,540.0
,418.0,62.0,809.0,877.0,,1184.0,1093.0,74.0,,,1230.0,1177.0,,,,625.0,1138.0,,,657.0,,,461.0,1115.0
,878.0,530.0,319.0,546.0,,74.0,1500.0,744.0,,,4.0,948.0,,,,1212.0,51.0,,,462.0,,,294.0,1245.0
,1471.0,592.0,546.0,1191.0,,18.0,945.0,347.0,,,352.0,803.0,,,,406.0,1136.0,,,1279.0,,,641.0,1244.0
,1360.0,1021.0,791.0,1027.0,,519.0,203.0,1008.0,,,139.0,809.0,,,,64.0,689.0,,,803.0,,,982.0,1106.0
,619.0,1169.0,65.0,396.0,,1082.0,741.0,68.0,,,1417.0,1080.0,,,,1122.0,186.0,,,1051.0,,,221.0,1487.0
,940.0,1367.0,334.0,101.0,,1313.0,1352.0,941.0,,,1239.0,124.0,,,,237.0,1241.0,,,427.0,,,1365.0,714.0
,139.0,493.0,794.0,856.0,,613.0,1012.0,1123.0,,,1061.0,182.0,,,,1080.0,1413.0,,,31.0,,,89.0,498.0
,268.0,753.0,208.0,1118.0,,167.0,1134.0,116.0,,,1293.0,825.0,,,,627.0,315.0,,,1234.0,,,400.0,1488.0
,546.0,214.0,847.0,1473.0,,480.0,748.0,795.0,,,873.0,144.0,,,,165.0,1312.0,,,1445.0,,,281.0,1257.0
,1283.0,970.0,816.0,1126.0,,732.0,1140.0,654.0,,,998.0,551.0,,,,1177.0,403.0,,,549.0,,,822.0,1042.0
,1060.0,543.0,494.0,74.0,,287.0,54.0,391.0,,,408.0,1063.0,,,,659.0,25.0,,,1481.0,,,196.0,1492.0
,1324.0,1424.0,1315.0,1357.0,,1398.0,133.0,1079.0,,,806.0,422.0,,,,1208.0,1159.0,,,341.0,,,1306.0,1482.0
,515.0,504.0,589.0,1058.0,,554.0,692.0,789.0,,,1443.0,1240.0,,,,1422.0,710.0,,,1245.0,,,931.0,329.0
,1039.0,520.0,715.0,537.0,,1370.0,1095.0,800.0,,,477.0,1094.0,,,,1046.0,1395.0,,,1424.0,,,560.0,435.0
,607.0,739.0,1446.0,957.0,,504.0,951.0,447.0,,,1411.0,1493.0,,,,1237.0,204.0,,,1282.0,,,545.0,393.0
,1194.0,276.0,1030.0,337.0,,1142.0,888.0,1117.0,,,1126.0,413.0,,,,559.0,125.0,,,1287.0,,,968.0,468.0
,923.0,1386.0,62.0,1286.0,,1047.0,371.0,1070.0,,,448.0,575.0,,,,647.0,490.0,,,43.0,,,1491.0,1262.0
,265.0,1462.0,243.0,1402.0,,530.0,1218.0,238.0,,,75.0,1421.0,,,,236.0,978.0,,,1278.0,,,1068.0,1480.0
,858.0,1463.0,150.0,837.0,,1427.0,1428.0,1321.0,,,14.0,141.0,,,,142.0,1306.0,,,1030.0,,,900.0,177.0
,1130.0,682.0,382.0,562.0,,93.0,579.0,569.0,,,1372.0,398.0,,,,639.0,301.0,,,998.0,,,839.0,781.0
,1054.0,1002.0,1179.0,507.0,,1506.0,402.0,224.0,,,1359.0,1090.0,,,,160.0,1087.0,,,64.0,,,148.0,231.0
,647.0,88.0,17.0,928.0,,601.0,1302.0,289.0,,,876.0,861.0,,,,334.0,330.0,,,497.0,,,1489.0,1316.0
,1091.0,1352.0,242.0,820.0,,161.0,421.0,466.0,,,177.0,591.0,,,,1438.0,1334.0,,,1357.0,,,761.0,401.0
,175.0,704.0,4.0,580.0,,387.0,226.0,1369.0,,,883.0,1268.0,,,,1029.0,506.0,,,121.0,,,835.0,277.0
,663.0,1427.0,298.0,7.0,,1315.0,169.0,872.0,,,459.0,1357.0,,,,41.0,1316.0,,,953.0,,,1194.0,376.0
,1037.0,219.0,53.0,1273.0,,449.0,956.0,448.0,,,344.0,179.0,,,,966.0,1210.0,,,56.0,,,28.0,197.0
,398.0,1421.0,512.0,986.0,,1168.0,961.0,75.0,,,443.0,1176.0,,,,1436.0,873.0,,,581.0,,,1080.0,1375.0
,1268.0,814.0,1471.0,1503.0,,702.0,968.0,561.0,,,323.0,376.0,,,,73.0,611.0,,,811.0,,,731.0,547.0
,365.0,732.0,877.0,878.0,,887.0,573.0,826.0,,,612.0,693.0,,,,1376.0,548.0,,,220.0,,,197.0,1319.0
,65.0,426.0,1276.0,1349.0,,1330.0,328.0,511.0,,,1099.0,159.0,,,,72.0,1140.0,,,1050.0,,,1444.0,1054.0
,727.0,,316.0,1122.0,,746.0,1062.0,862.0,,,1113.0,114.0,,,,568.0,352.0,,,738.0,,,922.0,53.0
,729.0,,1112.0,389.0,,1181.0,1323.0,914.0,,,215.0,461.0,,,,644.0,1379.0,,,1053.0,,,1413.0,925.0
,1434.0,,475.0,666.0,,227.0,1084.0,1241.0,,,1034.0,1323.0,,,,961.0,1148.0,,,163.0,,,429.0,883.0
,68.0,,155.0,1467.0,,1127.0,394.0,81.0,,,442.0,1419.0,,,,623.0,213.0,,,662.0,,,1004.0,260.0
,1167.0,,14.0,977.0,,987.0,1083.0,97.0,,,126.0,519.0,,,,1223.0,480.0,,,1192.0,,,938.0,561.0
,149.0,,231.0,441.0,,1389.0,630.0,340.0,,,633.0,878.0,,,,916.0,354.0,,,626.0,,,275.0,683.0
,666.0,,437.0,303.0,,467.0,694.0,408.0,,,135.0,668.0,,,,449.0,328.0,,,935.0,,,56.0,284.0
,821.0,,479.0,1251.0,,756.0,127.0,688.0,,,638.0,1330.0,,,,768.0,387.0,,,925.0,,,130.0,1314.0
,986.0,,565.0,270.0,,293.0,1405.0,486.0,,,425.0,1410.0,,,,1482.0,1026.0,,,1073.0,,,165.0,1388.0
,501.0,,1016.0,110.0,,1002.0,285.0,747.0,,,108.0,1043.0,,,,1025.0,1285.0,,,977.0,,,1427.0,513.0
,63.0,,751.0,1342.0,,951.0,503.0,1503.0,,,693.0,1123.0,,,,1354.0,752.0,,,272.0,,,523.0,1433.0
,158.0,,234.0,1461.0,,782.0,645.0,4.0,,,835.0,846.0,,,,529.0,957.0,,,1483.0,,,321.0,546.0
,1079.0,,248.0,116.0,,452.0,1418.0,976.0,,,1294.0,377.0,,,,192.0,266.0,,,507.0,,,668.0,600.0
,1374.0,,212.0,1026.0,,188.0,294.0,584.0,,,985.0,472.0,,,,447.0,875.0,,,1180.0,,,329.0,1351.0
,258.0,,669.0,1393.0,,232.0,1339.0,1254.0,,,515.0,1276.0,,,,1071.0,644.0,,,534.0,,,231.0,1003.0
,1297.0,,1392.0,1215.0,,893.0,1139.0,135.0,,,1186.0,1397.0,,,,172.0,1072.0,,,1403.0,,,965.0,634.0
,1076.0,,706.0,1446.0,,559.0,1115.0,899.0,,,21.0,62.0,,,,997.0,1387.0,,,1167.0,,,501.0,961.0
,526.0,,417.0,963.0,,1381.0,1484.0,1507.0,,,682.0,390.0,,,,408.0,28.0,,,524.0,,,821.0,1215.0
,185.0,,1340.0,324.0,,1488.0,724.0,208.0,,,1106.0,85.0,,,,1452.0,1170.0,,,189.0,,,1033.0,1051.0
,538.0,,707.0,1046.0,,62.0,936.0,342.0,,,814.0,1327.0,,,,1145.0,985.0,,,1038.0,,,920.0,700.0
,1065.0,,182.0,608.0,,938.0,947.0,1352.0,,,1136.0,1436.0,,,,1210.0,663.0,,,1136.0,,,500.0,477.0
,745.0,,968.0,667.0,,956.0,844.0,452.0,,,1134.0,1392.0,,,,1359.0,284.0,,,825.0,,,1242.0,1159.0
,211.0,,317.0,419.0,,139.0,1401.0,714.0,,,343.0,808.0,,,,301.0,1419.0,,,398.0,,,769.0,1195.0
,1294.0,,381.0,914.0,,285.0,1248.0,261.0,,,92.0,209.0,,,,741.0,107.0,,,823.0,,,1115.0,191.0
,234.0,,1393.0,327.0,,393.0,219.0,1138.0,,,57.0,836.0,,,,291.0,717.0,,,52.0,,,11.0,1173.0
,746.0,,607.0,599.0,,668.0,130.0,339.0,,,1460.0,50.0,,,,119.0,45.0,,,1459.0,,,525.0,896.0
,953.0,,620.0,318.0,,1438.0,1184.0,395.0,,,294.0,1381.0,,,,1378.0,1240.0,,,795.0,,,953.0,929.0
,6.0,,223.0,809.0,,868.0,135.0,382.0,,,817.0,2.0,,,,1231.0,828.0,,,695.0,,,217.0,556.0
,673.0,,874.0,474.0,,1085.0,826.0,293.0,,,1163.0,583.0,,,,156.0,1212.0,,,533.0,,,79.0,1154.0
,156.0,,152.0,843.0,,7.0,1009.0,1240.0,,,562.0,1507.0,,,,124.0,616.0,,,420.0,,,881.0,1466.0
,585.0,,1346.0,191.0,,221.0,,1404.0,,,436.0,840.0,,,,1294.0,994.0,,,544.0,,,1418.0,1049.0
,1267.0,,1120.0,744.0,,1498.0,,1053.0,,,1397.0,110.0,,,,842.0,143.0,,,489.0,,,645.0,77.0
,601.0,,632.0,365.0,,295.0,,99.0,,,98.0,401.0,,,,430.0,1107.0,,,828.0,,,288.0,1060.0
,300.0,,420.0,232.0,,1223.0,,724.0,,,1284.0,1062.0,,,,1112.0,754.0,,,661.0,,,1476.0,553.0
,251.0,,1411.0,463.0,,280.0,,787.0,,,983.0,160.0,,,,43.0,336.0,,,1502.0,,,428.0,533.0
,500.0,,938.0,1002.0,,1018.0,,1204.0,,,607.0,14.0,,,,85.0,1438.0,,,1501.0,,,634.0,678.0
,1070.0,,534.0,310.0,,1178.0,,528.0,,,176.0,216.0,,,,1009.0,1089.0,,,933.0,,,836.0,1129.0
,96.0,,98.0,404.0,,349.0,,401.0,,,1436.0,266.0,,,,650.0,876.0,,,635.0,,,521.0,1038.0
,1191.0,,1176.0,429.0,,974.0,,1095.0,,,1184.0,80.0,,,,1214.0,989.0,,,1396.0,,,114.0,794.0
,1013.0,,93.0,827.0,,849.0,,942.0,,,1288.0,1401.0,,,,1238.0,622.0,,,1250.0,,,253.0,134.0
,105.0,,253.0,904.0,,898.0,,1315.0,,,725.0,611.0,,,,293.0,1041.0,,,37.0,,,1199.0,324.0
,1142.0,,1185.0,1158.0,,310.0,,782.0,,,848.0,49.0,,,,846.0,806.0,,,1425.0,,,934.0,1475.0
,1305.0,,533.0,793.0,,788.0,,1388.0,,,820.0,326.0,,,,917.0,1431.0,,,49.0,,,307.0,557.0
,1213.0,,1453.0,975.0,,857.0,,451.0,,,663.0,240.0,,,,63.0,340.0,,,386.0,,,1018.0,1174.0
,533.0,,476.0,95.0,,1064.0,,220.0,,,46.0,474.0,,,,918.0,1097.0,,,212.0,,,1081.0,1397.0
,633.0,,130.0,104.0,,918.0,,335.0,,,353.0,535.0,,,,1392.0,721.0,,,1202.0,,,1241.0,439.0
,238.0,,295.0,711.0,,1015.0,,791.0,,,1328.0,1069.0,,,,202.0,991.0,,,1059.0,,,206.0,1296.0
,146.0,,523.0,662.0,,1420.0,,500.0,,,642.0,576.0,,,,289.0,136.0,,,364.0,,,657.0,372.0
,1466.0,,701.0,1071.0,,380.0,,1397.0,,,91.0,8.0,,,,530.0,930.0,,,330.0,,,159.0,919.0
,712.0,,1039.0,650.0,,778.0,,233.0,,,946.0,354.0,,,,298.0,379.0,,,655.0,,,747.0,1485.0
,1383.0,,371.0,1194.0,,1454.0,,798.0,,,3.0,48.0,,,,355.0,1260.0,,,910.0,,,884.0,229.0
,990.0,,265.0,448.0,,348.0,,108.0,,,47.0,274.0,,,,157.0,87.0,,,493.0,,,1090.0,799.0
,122.0,,1083.0,263.0,,722.0,,669.0,,,302.0,33.0,,,,1365.0,1371.0,,,620.0,,,300.0,1082.0
,910.0,,6.0,1292.0,,1163.0,,604.0,,,1054.0,170.0,,,,908.0,42.0,,,1160.0,,,276.0,56.0
,640.0,,587.0,1290.0,,1449.0,,247.0,,,571.0,1398.0,,,,1339.0,653.0,,,1179.0,,,854.0,462.0
,749.0,,658.0,1222.0,,966.0,,1056.0,,,1081.0,152.0,,,,738.0,482.0,,,1389.0,,,172.0,610.0
,1155.0,,1160.0,1152.0,,911.0,,620.0,,,492.0,1368.0,,,,1395.0,1203.0,,,1204.0,,,743.0,1491.0
,692.0,,255.0,343.0,,1151.0,,510.0,,,712.0,1250.0,,,,284.0,882.0,,,779.0,,,1066.0,702.0
,517.0,,159.0,719.0,,1209.0,,184.0,,,395.0,1186.0,,,,317.0,428.0,,,895.0,,,230.0,1062.0
,771.0,,1090.0,1213.0,,1179.0,,776.0,,,819.0,119.0,,,,1435.0,453.0,,,210.0,,,1227.0,707.0
,1417.0,,780.0,112.0,,1444.0,,1425.0,,,584.0,330.0,,,,472.0,1157.0,,,488.0,,,1116.0,830.0
,233.0,,1068.0,651.0,,103.0,,926.0,,,1348.0,382.0,,,,677.0,289.0,,,551.0,,,563.0,779.0
,341.0,,427.0,582.0,,299.0,,1356.0,,,110.0,497.0,,,,427.0,203.0,,,1071.0,,,1102.0,1032.0
,13.0,,1329.0,22.0,,1083.0,,86.0,,,1376.0,1181.0,,,,140.0,175.0,,,970.0,,,1236.0,1444.0
,1401.0,,1475.0,1168.0,,1311.0,,824.0,,,1259.0,1321.0,,,,1252.0,1443.0,,,543.0,,,466.0,78.0
,955.0,,1363.0,731.0,,1098.0,,467.0,,,859.0,763.0,,,,1351.0,643.0,,,285.0,,,59.0,1034.0
,407.0,,1400.0,286.0,,1042.0,,1354.0,,,1215.0,386.0,,,,15.0,979.0,,,530.0,,,222.0,186.0
,922.0,,1113.0,1415.0,,192.0,,1320.0,,,1322.0,941.0,,,,206.0,634.0,,,909.0,,,815.0,317.0
,886.0,,1086.0,1464.0,,143.0,,49.0,,,188.0,1106.0,,,,1467.0,762.0,,,293.0,,,308.0,444.0
,669.0,,1137.0,940.0,,275.0,,542.0,,,1105.0,1438.0,,,,777.0,1418.0,,,1055.0,,,570.0,32.0
,1381.0,,1348.0,1427.0,,923.0,,240.0,,,822.0,1266.0,,,,189.0,1135.0,,,1235.0,,,346.0,537.0
,1392.0,,581.0,838.0,,1045.0,,829.0,,,1398.0,1008.0,,,,954.0,1130.0,,,313.0,,,194.0,1251.0
,228.0,,1076.0,1418.0,,22.0,,901.0,,,984.0,355.0,,,,933.0,914.0,,,1007.0,,,1356.0,1076.0
,2.0,,1240.0,1316.0,,362.0,,1159.0,,,804.0,215.0,,,,1012.0,1313.0,,,23.0,,,1111.0,117.0
,419.0,,20.0,281.0,,1451.0,,46.0,,,173.0,208.0,,,,181.0,1478.0,,,278.0,,,1466.0,479.0
,498.0,,831.0,206.0,,133.0,,642.0,,,1412.0,971.0,,,,386.0,869.0,,,981.0,,,157.0,1327.0
,569.0,,1006.0,797.0,,1318.0,,1327.0,,,1413.0,96.0,,,,1408.0,494.0,,,1134.0,,,1342.0,380.0
,1338.0,,275.0,782.0,,1397.0,,138.0,,,9.0,1371.0,,,,599.0,557.0,,,1461.0,,,1456.0,26.0
,221.0,,518.0,344.0,,1021.0,,134.0,,,807.0,1207.0,,,,1119.0,945.0,,,813.0,,,1011.0,608.0
,427.0,,1063.0,268.0,,331.0,,1295.0,,,589.0,556.0,,,,1090.0,1455.0,,,1079.0,,,1076.0,325.0
,361.0,,515.0,458.0,,977.0,,1375.0,,,244.0,1173.0,,,,748.0,230.0,,,185.0,,,720.0,332.0
,128.0,,47.0,1494.0,,1135.0,,435.0,,,531.0,1352.0,,,,894.0,1459.0,,,1452.0,,,411.0,1040.0
,776.0,,1376.0,960.0,,243.0,,751.0,,,799.0,1187.0,,,,1448.0,359.0,,,1358.0,,,1261.0,1360.0
,805.0,,56.0,1067.0,,345.0,,103.0,,,937.0,735.0,,,,228.0,1270.0,,,418.0,,,646.0,196.0
,1437.0,,426.0,319.0,,425.0,,423.0,,,43.0,487.0,,,,757.0,597.0,,,359.0,,,1277.0,1402.0
,768.0,,651.0,859.0,,460.0,,1484.0,,,1274.0,722.0,,,,577.0,1499.0,,,1410.0,,,176.0,99.0
,869.0,,932.0,1133.0,,1152.0,,585.0,,,1451.0,993.0,,,,102.0,847.0,,,448.0,,,495.0,441.0
,468.0,,1497.0,942.0,,622.0,,428.0,,,744.0,690.0,,,,1434.0,314.0,,,1087.0,,,1259.0,1064.0
,893.0,,1105.0,1021.0,,1074.0,,748.0,,,722.0,1054.0,,,,1087.0,345.0,,,1265.0,,,1263.0,1158.0
,1319.0,,639.0,273.0,,971.0,,519.0,,,708.0,214.0,,,,929.0,338.0,,,1367.0,,,781.0,1194.0
,1059.0,,1423.0,681.0,,353.0,,770.0,,,800.0,546.0,,,,375.0,1132.0,,,1137.0,,,280.0,1218.0
,1197.0,,1479.0,89.0,,60.0,,1462.0,,,1219.0,1482.0,,,,562.0,391.0,,,536.0,,,1117.0,1181.0
,1273.0,,1230.0,993.0,,992.0,,1150.0,,,574.0,28.0,,,,163.0,1389.0,,,613.0,,,991.0,1168.0
,51.0,,1434.0,32.0,,343.0,,1184.0,,,1138.0,492.0,,,,396.0,1484.0,,,554.0,,,623.0,163.0
,1307.0,,1416.0,1348.0,,1065.0,,513.0,,,1053.0,983.0,,,,294.0,458.0,,,972.0,,,807.0,738.0
,1044.0,,80.0,675.0,,1146.0,,1262.0,,,529.0,499.0,,,,451.0,922.0,,,10.0,,,653.0,872.0
,1393.0,,1004.0,644.0,,1461.0,,716.0,,,590.0,1139.0,,,,744.0,303.0,,,914.0,,,1471.0,1254.0
,1217.0,,1482.0,33.0,,301.0,,390.0,,,1380.0,239.0,,,,1456.0,1076.0,,,967.0,,,1424.0,37.0
,1095.0,,560.0,945.0,,630.0,,356.0,,,481.0,800.0,,,,660.0,946.0,,,686.0,,,415.0,245.0
,1425.0,,1054.0,1338.0,,180.0,,526.0,,,952.0,277.0,,,,1473.0,260.0,,,1126.0,,,1436.0,33.0
,1363.0,,1133.0,115.0,,916.0,,524.0,,,1104.0,1236.0,,,,957.0,694.0,,,51.0,,,199.0,1357.0
,994.0,,1214.0,1279.0,,1421.0,,267.0,,,1116.0,1464.0,,,,711.0,1456.0,,,461.0,,,984.0,853.0
,644.0,,137.0,1468.0,,883.0,,794.0,,,1366.0,249.0,,,,1386.0,674.0,,,476.0,,,1173.0,1425.0
,719.0,,401.0,1136.0,,895.0,,738.0,,,1137.0,1025.0,,,,403.0,534.0,,,791.0,,,630.0,251.0
,142.0,,1307.0,639.0,,407.0,,1055.0,,,1228.0,385.0,,,,598.0,319.0,,,1301.0,,,404.0,1346.0
,597.0,,2.0,1199.0,,1366.0,,1188.0,,,875.0,333.0,,,,17.0,16.0,,,1090.0,,,1373.0,36.0
,1295.0,,865.0,653.0,,1492.0,,380.0,,,1108.0,895.0,,,,1020.0,580.0,,,1197.0,,,558.0,436.0
,79.0,,725.0,1377.0,,1081.0,,1305.0,,,775.0,1237.0,,,,979.0,829.0,,,384.0,,,255.0,782.0
,613.0,,1192.0,345.0,,689.0,,275.0,,,1173.0,388.0,,,,1138.0,558.0,,,541.0,,,680.0,1242.0
,561.0,,138.0,584.0,,1475.0,,169.0,,,1458.0,759.0,,,,675.0,222.0,,,801.0,,,163.0,448.0
,676.0,,100.0,1203.0,,1322.0,,625.0,,,1203.0,552.0,,,,1244.0,1129.0,,,1491.0,,,399.0,1495.0
,1252.0,,463.0,525.0,,1210.0,,1043.0,,,38.0,273.0,,,,149.0,271.0,,,442.0,,,518.0,311.0
,1306.0,,1216.0,1217.0,,404.0,,1505.0,,,297.0,1126.0,,,,1313.0,1355.0,,,381.0,,,550.0,1184.0
,399.0,,294.0,500.0,,1354.0,,1309.0,,,172.0,1155.0,,,,1496.0,361.0,,,1314.0,,,120.0,156.0
,1350.0,,1486.0,496.0,,926.0,,492.0,,,1419.0,1322.0,,,,670.0,1208.0,,,270.0,,,1214.0,359.0
,1226.0,,769.0,818.0,,398.0,,461.0,,,1183.0,707.0,,,,493.0,1507.0,,,930.0,,,786.0,1053.0
,89.0,,247.0,921.0,,195.0,,574.0,,,567.0,1045.0,,,,151.0,1376.0,,,668.0,,,679.0,198.0
,992.0,,840.0,208.0,,166.0,,562.0,,,381.0,158.0,,,,252.0,514.0,,,869.0,,,132.0,795.0
,1320.0,,1100.0,1143.0,,841.0,,1377.0,,,1206.0,655.0,,,,963.0,819.0,,,940.0,,,370.0,967.0
,840.0,,615.0,514.0,,1122.0,,1413.0,,,674.0,1084.0,,,,936.0,1475.0,,,1322.0,,,482.0,119.0
,1487.0,,176.0,349.0,,471.0,,1050.0,,,1286.0,629.0,,,,267.0,371.0,,,340.0,,,1355.0,642.0
,921.0,,131.0,984.0,,184.0,,78.0,,,856.0,654.0,,,,622.0,1290.0,,,730.0,,,1486.0,1373.0
,206.0,,418.0,411.0,,1382.0,,754.0,,,798.0,1073.0,,,,708.0,8.0,,,1431.0,,,37.0,1006.0
,877.0,,1010.0,478.0,,461.0,,299.0,,,1418.0,545.0,,,,103.0,362.0,,,678.0,,,1384.0,856.0
,970.0,,995.0,559.0,,1157.0,,839.0,,,309.0,780.0,,,,1285.0,113.0,,,790.0,,,1414.0,1113.0
,583.0,,274.0,118.0,,198.0,,652.0,,,1279.0,1431.0,,,,977.0,377.0,,,854.0,,,279.0,41.0
,1355.0,,918.0,686.0,,752.0,,1493.0,,,1093.0,769.0,,,,1055.0,56.0,,,1385.0,,,726.0,914.0
,643.0,,1217.0,1220.0,,662.0,,1098.0,,,463.0,607.0,,,,637.0,766.0,,,1009.0,,,449.0,758.0
,88.0,,23.0,1190.0,,129.0,,531.0,,,692.0,1325.0,,,,433.0,228.0,,,650.0,,,1002.0,1240.0
,11.0,,99.0,727.0,,552.0,,317.0,,,78.0,990.0,,,,1270.0,759.0,,,844.0,,,1451.0,1331.0
,919.0,,643.0,292.0,,537.0,,946.0,,,267.0,569.0,,,,607.0,1008.0,,,230.0,,,1170.0,800.0
,124.0,,151.0,1063.0,,877.0,,364.0,,,122.0,1441.0,,,,1246.0,817.0,,,50.0,,,654.0,888.0
,1460.0,,723.0,828.0,,1241.0,,226.0,,,939.0,833.0,,,,626.0,723.0,,,471.0,,,862.0,1421.0
,973.0,,464.0,363.0,,1309.0,,120.0,,,1345.0,1248.0,,,,920.0,679.0,,,959.0,,,1051.0,732.0
,866.0,,1227.0,438.0,,11.0,,1156.0,,,1337.0,1465.0,,,,992.0,1500.0,,,412.0,,,91.0,761.0
,242.0,,395.0,698.0,,451.0,,1384.0,,,82.0,566.0,,,,1159.0,687.0,,,1025.0,,,827.0,467.0
,845.0,,1003.0,1491.0,,1406.0,,847.0,,,1421.0,931.0,,,,718.0,973.0,,,1110.0,,,1305.0,511.0
,291.0,,606.0,538.0,,1088.0,,1277.0,,,396.0,758.0,,,,1506.0,342.0,,,318.0,,,605.0,773.0
,326.0,,812.0,1129.0,,1275.0,,1108.0,,,1042.0,395.0,,,,1185.0,199.0,,,472.0,,,1044.0,10.0
,115.0,,157.0,1465.0,,1243.0,,7.0,,,451.0,1481.0,,,,100.0,1333.0,,,673.0,,,1049.0,35.0
,823.0,,1108.0,1278.0,,1499.0,,842.0,,,1370.0,525.0,,,,271.0,901.0,,,1280.0,,,1149.0,387.0
,626.0,,1388.0,1093.0,,969.0,,537.0,,,560.0,669.0,,,,889.0,325.0,,,1349.0,,,36.0,1465.0
,989.0,,142.0,941.0,,587.0,,50.0,,,474.0,1386.0,,,,953.0,1394.0,,,1032.0,,,606.0,986.0
,1335.0,,193.0,1300.0,,39.0,,1127.0,,,598.0,1437.0,,,,247.0,771.0,,,1034.0,,,1056.0,1247.0
,655.0,,553.0,540.0,,422.0,,757.0,,,838.0,1038.0,,,,286.0,20.0,,,1408.0,,,1085.0,248.0
,173.0,,1409.0,29.0,,604.0,,1197.0,,,1414.0,903.0,,,,632.0,264.0,,,389.0,,,703.0,1334.0
,722.0,,704.0,1442.0,,647.0,,343.0,,,371.0,1287.0,,,,1127.0,414.0,,,812.0,,,561.0,573.0
,1376.0,,802.0,427.0,,963.0,,352.0,,,1447.0,1258.0,,,,219.0,1352.0,,,831.0,,,1380.0,182.0
,930.0,,850.0,624.0,,432.0,,733.0,,,161.0,601.0,,,,697.0,70.0,,,82.0,,,350.0,645.0
,1021.0,,674.0,52.0,,1101.0,,992.0,,,1319.0,247.0,,,,497.0,631.0,,,758.0,,,590.0,142.0
,148.0,,653.0,757.0,,765.0,,814.0,,,1325.0,195.0,,,,,236.0,,,1295.0,,,377.0,841.0
,672.0,,1463.0,30.0,,751.0,,282.0,,,338.0,1296.0,,,,,1235.0,,,832.0,,,372.0,395.0
,1498.0,,9.0,554.0,,441.0,,143.0,,,372.0,870.0,,,,,178.0,,,562.0,,,1146.0,1395.0
,807.0,,1323.0,638.0,,1290.0,,779.0,,,1031.0,592.0,,,,,457.0,,,1147.0,,,34.0,693.0
,751.0,,929.0,867.0,,1478.0,,314.0,,,787.0,58.0,,,,,749.0,,,725.0,,,317.0,505.0
,260.0,,1007.0,1175.0,,884.0,,713.0,,,227.0,1502.0,,,,,1139.0,,,430.0,,,444.0,1119.0
,302.0,,1429.0,152.0,,1353.0,,291.0,,,1374.0,744.0,,,,,782.0,,,304.0,,,149.0,1313.0
,1341.0,,217.0,1235.0,,1297.0,,575.0,,,311.0,709.0,,,,,1335.0,,,290.0,,,787.0,1287.0
,665.0,,897.0,1011.0,,1316.0,,1183.0,,,449.0,1158.0,,,,,452.0,,,162.0,,,237.0,485.0
,1080.0,,673.0,413.0,,940.0,,189.0,,,435.0,618.0,,,,,92.0,,,1343.0,,,788.0,315.0
,819.0,,1052.0,1296.0,,1078.0,,904.0,,,235.0,509.0,,,,,1249.0,,,709.0,,,1484.0,506.0
,1410.0,,1172.0,532.0,,329.0,,1344.0,,,609.0,1193.0,,,,,1474.0,,,1246.0,,,863.0,344.0
,283.0,,1427.0,951.0,,463.0,,975.0,,,79.0,310.0,,,,,777.0,,,1027.0,,,388.0,1078.0
,1361.0,,559.0,317.0,,1294.0,,131.0,,,1098.0,598.0,,,,,44.0,,,1223.0,,,335.0,1493.0
,481.0,,538.0,1324.0,,699.0,,704.0,,,989.0,706.0,,,,,949.0,,,861.0,,,785.0,577.0
,1193.0,,760.0,1490.0,,574.0,,1308.0,,,453.0,621.0,,,,,1077.0,,,1003.0,,,966.0,168.0
,718.0,,1428.0,612.0,,1213.0,,1459.0,,,1434.0,835.0,,,,,971.0,,,870.0,,,1323.0,1152.0
,381.0,,141.0,1253.0,,939.0,,686.0,,,271.0,857.0,,,,,625.0,,,1381.0,,,763.0,426.0
,804.0,,536.0,589.0,,1471.0,,450.0,,,1491.0,957.0,,,,,1477.0,,,441.0,,,1009.0,622.0
,798.0,,948.0,2.0,,292.0,,195.0,,,1128.0,1222.0,,,,,1351.0,,,1217.0,,,407.0,70.0
,1311.0,,15.0,758.0,,268.0,,1075.0,,,1012.0,909.0,,,,,607.0,,,103.0,,,66.0,496.0
,286.0,,1495.0,388.0,,1250.0,,760.0,,,183.0,507.0,,,,,1417.0,,,187.0,,,660.0,1269.0
,735.0,,52.0,1245.0,,433.0,,393.0,,,608.0,456.0,,,,,1311.0,,,990.0,,,1285.0,279.0
,1369.0,,108.0,1344.0,,1057.0,,281.0,,,304.0,1354.0,,,,,1141.0,,,1145.0,,,748.0,873.0
,462.0,,461.0,1466.0,,31.0,,973.0,,,412.0,756.0,,,,,255.0,,,836.0,,,393.0,1484.0
,307.0,,1500.0,947.0,,204.0,,1439.0,,,1493.0,199.0,,,,,1348.0,,,1004.0,,,289.0,500.0
,1438.0,,75.0,1459.0,,1304.0,,181.0,,,1014.0,573.0,,,,,1323.0,,,1311.0,,,723.0,1490.0
,848.0,,360.0,119.0,,657.0,,1442.0,,,870.0,315.0,,,,,591.0,,,156.0,,,1038.0,1199.0
,799.0,,126.0,211.0,,614.0,,371.0,,,872.0,43.0,,,,,624.0,,,579.0,,,576.0,219.0
,346.0,,742.0,810.0,,374.0,,54.0,,,147.0,348.0,,,,,751.0,,,660.0,,,1366.0,328.0
,542.0,,1031.0,1154.0,,924.0,,433.0,,,1299.0,457.0,,,,,423.0,,,1219.0,,,98.0,
,263.0,,624.0,756.0,,233.0,,1336.0,,,1280.0,1136.0,,,,,984.0,,,1443.0,,,265.0,
,408.0,,105.0,408.0,,798.0,,543.0,,,836.0,155.0,,,,,870.0,,,528.0,,,1103.0,
,17.0,,952.0,418.0,,1236.0,,231.0,,,842.0,987.0,,,,,651.0,,,941.0,,,902.0,
,1120.0,,1417.0,1040.0,,1023.0,,346.0,,,1030.0,1245.0,,,,,81.0,,,580.0,,,479.0,
,1461.0,,935.0,775.0,,1303.0,,155.0,,,154.0,664.0,,,,,535.0,,,322.0,,,1383.0,
,14.0,,1266.0,59.0,,289.0,,219.0,,,417.0,282.0,,,,,1332.0,,,894.0,,,1363.0,
,513.0,,187.0,311.0,,1125.0,,1020.0,,,626.0,526.0,,,,,841.0,,,153.0,,,1176.0,
,901.0,,1452.0,1391.0,,1197.0,,1428.0,,,1467.0,553.0,,,,,1471.0,,,125.0,,,1046.0,
,1084.0,,843.0,186.0,,322.0,,1282.0,,,516.0,1110.0,,,,,421.0,,,1122.0,,,138.0,
,1078.0,,178.0,1157.0,,207.0,,,,,234.0,140.0,,,,,49.0,,,334.0,,,270.0,
,793.0,,502.0,1501.0,,1496.0,,,,,1058.0,357.0,,,,,1228.0,,,1083.0,,,1475.0,
,522.0,,120.0,1277.0,,1277.0,,,,,101.0,1234.0,,,,,647.0,,,1066.0,,,1091.0,
,106.0,,1022.0,851.0,,1079.0,,,,,936.0,919.0,,,,,1424.0,,,542.0,,,1106.0,
,1264.0,,370.0,1350.0,,213.0,,,,,522.0,397.0,,,,,1326.0,,,1132.0,,,1248.0,
,635.0,,213.0,405.0,,1200.0,,,,,1.0,1285.0,,,,,860.0,,,12.0,,,917.0,
,800.0,,1050.0,673.0,,468.0,,,,,1462.0,751.0,,,,,1296.0,,,498.0,,,539.0,
,76.0,,1245.0,202.0,,941.0,,,,,648.0,188.0,,,,,532.0,,,883.0,,,1500.0,
,72.0,,1131.0,294.0,,921.0,,,,,601.0,660.0,,,,,581.0,,,280.0,,,136.0,
,355.0,,716.0,693.0,,1194.0,,,,,1496.0,538.0,,,,,295.0,,,1221.0,,,599.0,
,430.0,,241.0,1051.0,,75.0,,,,,231.0,788.0,,,,,1152.0,,,307.0,,,258.0,
,1313.0,,792.0,1359.0,,435.0,,,,,200.0,842.0,,,,,606.0,,,243.0,,,843.0,
,141.0,,435.0,1079.0,,781.0,,,,,1080.0,1367.0,,,,,108.0,,,328.0,,,705.0,
,879.0,,119.0,618.0,,959.0,,,,,1379.0,771.0,,,,,595.0,,,1058.0,,,212.0,
,1176.0,,362.0,1385.0,,745.0,,,,,407.0,1.0,,,,,1062.0,,,108.0,,,434.0,
,460.0,,359.0,950.0,,1006.0,,,,,1296.0,797.0,,,,,269.0,,,459.0,,,261.0,
,232.0,,1353.0,600.0,,1054.0,,,,,401.0,338.0,,,,,773.0,,,585.0,,,891.0,
,996.0,,508.0,97.0,,414.0,,,,,790.0,55.0,,,,,785.0,,,73.0,,,464.0,
,50.0,,1326.0,622.0,,360.0,,,,,707.0,826.0,,,,,1362.0,,,1262.0,,,1321.0,
,1023.0,,219.0,1090.0,,539.0,,,,,48.0,167.0,,,,,52.0,,,521.0,,,687.0,
,1348.0,,,38.0,,800.0,,,,,944.0,1227.0,,,,,219.0,,,213.0,,,1012.0,
,1228.0,,,583.0,,502.0,,,,,391.0,1501.0,,,,,889.0,,,918.0,,,755.0,
,1190.0,,,1007.0,,853.0,,,,,97.0,1204.0,,,,,1042.0,,,822.0,,,1070.0,
,762.0,,,1064.0,,46.0,,,,,1469.0,765.0,,,,,1346.0,,,1259.0,,,619.0,
,1094.0,,,763.0,,327.0,,,,,319.0,323.0,,,,,134.0,,,1283.0,,,1001.0,
,842.0,,,464.0,,459.0,,,,,241.0,205.0,,,,,41.0,,,411.0,,,997.0,
,1304.0,,,129.0,,832.0,,,,,380.0,881.0,,,,,221.0,,,72.0,,,1101.0,
,1253.0,,,1012.0,,416.0,,,,,1382.0,1052.0,,,,,210.0,,,179.0,,,1100.0,
,25.0,,,333.0,,848.0,,,,,392.0,1212.0,,,,,1253.0,,,1088.0,,,959.0,
,628.0,,,136.0,,1407.0,,,,,847.0,448.0,,,,,1393.0,,,665.0,,,99.0,
,682.0,,,1044.0,,378.0,,,,,556.0,1391.0,,,,,,,,1061.0,,,360.0,
,615.0,,,1030.0,,1463.0,,,,,1208.0,793.0,,,,,,,,1251.0,,,1477.0,
,357.0,,,915.0,,123.0,,,,,903.0,296.0,,,,,,,,619.0,,,1205.0,
,939.0,,,1405.0,,825.0,,,,,260.0,409.0,,,,,,,,28.0,,,803.0,
,1055.0,,,255.0,,586.0,,,,,631.0,869.0,,,,,,,,659.0,,,663.0,
,767.0,,,393.0,,986.0,,,,,54.0,599.0,,,,,,,,452.0,,,491.0,
,160.0,,,989.0,,653.0,,,,,678.0,975.0,,,,,,,,878.0,,,926.0,
,180.0,,,237.0,,599.0,,,,,982.0,146.0,,,,,,,,1067.0,,,1296.0,
,310.0,,,1186.0,,1391.0,,,,,1231.0,918.0,,,,,,,,961.0,,,754.0,
,472.0,,,368.0,,109.0,,,,,203.0,868.0,,,,,,,,997.0,,,453.0,
,541.0,,,23.0,,922.0,,,,,652.0,1192.0,,,,,,,,331.0,,,547.0,
,335.0,,,377.0,,565.0,,,,,679.0,1085.0,,,,,,,,265.0,,,578.0,
,883.0,,,99.0,,679.0,,,,,1220.0,415.0,,,,,,,,492.0,,,1283.0,
,1317.0,,,1346.0,,224.0,,,,,898.0,313.0,,,,,,,,231.0,,,732.0,
,915.0,,,301.0,,1073.0,,,,,34.0,37.0,,,,,,,,246.0,,,140.0,
,1301.0,,,1178.0,,643.0,,,,,128.0,964.0,,,,,,,,255.0,,,385.0,
,55.0,,,240.0,,248.0,,,,,871.0,934.0,,,,,,,,1471.0,,,1337.0,
,838.0,,,1276.0,,446.0,,,,,2.0,738.0,,,,,,,,818.0,,,1410.0,
,1025.0,,,495.0,,982.0,,,,,703.0,703.0,,,,,,,,697.0,,,106.0,
,510.0,,,728.0,,21.0,,,,,986.0,238.0,,,,,,,,260.0,,,389.0,
,1062.0,,,1072.0,,324.0,,,,,605.0,700.0,,,,,,,,69.0,,,880.0,
,71.0,,,1362.0,,917.0,,,,,1393.0,329.0,,,,,,,,630.0,,,1165.0,
,1131.0,,,1445.0,,676.0,,,,,83.0,1023.0,,,,,,,,1405.0,,,1201.0,
,1053.0,,,316.0,,616.0,,,,,1123.0,1058.0,,,,,,,,767.0,,,180.0,
,942.0,,,114.0,,1387.0,,,,,815.0,645.0,,,,,,,,365.0,,,1490.0,
,624.0,,,15.0,,187.0,,,,,569.0,1485.0,,,,,,,,439.0,,,1160.0,
,1232.0,,,848.0,,89.0,,,,,550.0,1294.0,,,,,,,,720.0,,,75.0,
,435.0,,,397.0,,715.0,,,,,1333.0,12.0,,,,,,,,929.0,,,441.0,
,1067.0,,,145.0,,672.0,,,,,1504.0,1171.0,,,,,,,,1420.0,,,1047.0,
,611.0,,,1025.0,,1414.0,,,,,335.0,451.0,,,,,,,,1169.0,,,1441.0,
,343.0,,,739.0,,205.0,,,,,1263.0,596.0,,,,,,,,349.0,,,162.0,
,362.0,,,440.0,,1312.0,,,,,711.0,787.0,,,,,,,,237.0,,,734.0,
,1028.0,,,412.0,,216.0,,,,,268.0,1373.0,,,,,,,,721.0,,,890.0,
,890.0,,,682.0,,1334.0,,,,,194.0,1428.0,,,,,,,,598.0,,,484.0,
,413.0,,,258.0,,223.0,,,,,658.0,1147.0,,,,,,,,710.0,,,828.0,
,218.0,,,1139.0,,896.0,,,,,643.0,1377.0,,,,,,,,906.0,,,412.0,
,933.0,,,1024.0,,777.0,,,,,761.0,1262.0,,,,,,,,315.0,,,587.0,
,889.0,,,1134.0,,297.0,,,,,351.0,748.0,,,,,,,,691.0,,,485.0,
,1184.0,,,770.0,,379.0,,,,,970.0,1077.0,,,,,,,,22.0,,,990.0,
,1443.0,,,179.0,,844.0,,,,,618.0,25.0,,,,,,,,1107.0,,,1276.0,
,1183.0,,,431.0,,1474.0,,,,,524.0,1029.0,,,,,,,,1497.0,,,46.0,
,1277.0,,,1481.0,,316.0,,,,,902.0,1298.0,,,,,,,,852.0,,,49.0,
,396.0,,,594.0,,419.0,,,,,274.0,1270.0,,,,,,,,605.0,,,1133.0,
,856.0,,,8.0,,991.0,,,,,923.0,924.0,,,,,,,,713.0,,,1467.0,
,254.0,,,253.0,,901.0,,,,,1147.0,1297.0,,,,,,,,421.0,,,532.0,
,1258.0,,,684.0,,889.0,,,,,170.0,89.0,,,,,,,,482.0,,,250.0,
,426.0,,,1167.0,,1226.0,,,,,1083.0,977.0,,,,,,,,149.0,,,1144.0,
,987.0,,,214.0,,648.0,,,,,1010.0,1286.0,,,,,,,,788.0,,,195.0,
,896.0,,,888.0,,1246.0,,,,,874.0,511.0,,,,,,,,966.0,,,1122.0,
,155.0,,,1109.0,,864.0,,,,,1420.0,1383.0,,,,,,,,1460.0,,,1364.0,
,794.0,,,54.0,,764.0,,,,,945.0,858.0,,,,,,,,606.0,,,88.0,
,303.0,,,766.0,,783.0,,,,,777.0,1301.0,,,,,,,,1036.0,,,858.0,
,1001.0,,,364.0,,1191.0,,,,,468.0,1130.0,,,,,,,,249.0,,,207.0,
,952.0,,,798.0,,183.0,,,,,329.0,773.0,,,,,,,,1345.0,,,323.0,
,523.0,,,995.0,,928.0,,,,,1204.0,659.0,,,,,,,,480.0,,,186.0,
,1205.0,,,454.0,,1145.0,,,,,1146.0,942.0,,,,,,,,879.0,,,228.0,
,946.0,,,1472.0,,466.0,,,,,816.0,446.0,,,,,,,,888.0,,,332.0,
,690.0,,,433.0,,1374.0,,,,,433.0,404.0,,,,,,,,190.0,,,675.0,
,960.0,,,366.0,,426.0,,,,,596.0,1000.0,,,,,,,,601.0,,,842.0,
,1105.0,,,290.0,,906.0,,,,,1358.0,689.0,,,,,,,,348.0,,,460.0,
,44.0,,,1100.0,,340.0,,,,,117.0,223.0,,,,,,,,1056.0,,,1284.0,
,1036.0,,,1210.0,,186.0,,,,,5.0,299.0,,,,,,,,431.0,,,593.0,
,1206.0,,,882.0,,1055.0,,,,,681.0,1243.0,,,,,,,,1500.0,,,779.0,
,1097.0,,,610.0,,1485.0,,,,,485.0,1356.0,,,,,,,,25.0,,,1107.0,
,1.0,,,341.0,,159.0,,,,,912.0,1213.0,,,,,,,,863.0,,,177.0,
,285.0,,,853.0,,271.0,,,,,479.0,586.0,,,,,,,,548.0,,,927.0,
,1288.0,,,480.0,,534.0,,,,,1316.0,828.0,,,,,,,,184.0,,,1354.0,
,151.0,,,527.0,,874.0,,,,,1463.0,271.0,,,,,,,,614.0,,,1432.0,
,186.0,,,598.0,,900.0,,,,,165.0,938.0,,,,,,,,904.0,,,1086.0,
,1391.0,,,679.0,,704.0,,,,,382.0,1476.0,,,,,,,,1366.0,,,1209.0,
,1082.0,,,565.0,,251.0,,,,,1289.0,980.0,,,,,,,,1391.0,,,1496.0,
,1269.0,,,742.0,,61.0,,,,,495.0,496.0,,,,,,,,394.0,,,919.0,
,465.0,,,1142.0,,1237.0,,,,,896.0,1219.0,,,,,,,,506.0,,,499.0,
,1362.0,,,1320.0,,493.0,,,,,743.0,381.0,,,,,,,,1057.0,,,515.0,
,1494.0,,,1041.0,,1169.0,,,,,355.0,1119.0,,,,,,,,1336.0,,,597.0,
,898.0,,,703.0,,913.0,,,,,226.0,915.0,,,,,,,,511.0,,,1065.0,
,250.0,,,879.0,,1331.0,,,,,191.0,396.0,,,,,,,,1112.0,,,921.0,
,1484.0,,,455.0,,510.0,,,,,0.0,1429.0,,,,,,,,715.0,,,185.0,
,931.0,,,156.0,,1212.0,,,,,1051.0,662.0,,,,,,,,722.0,,,1153.0,
,461.0,,,1272.0,,1051.0,,,,,1102.0,1247.0,,,,,,,,1436.0,,,656.0,
,411.0,,,1014.0,,396.0,,,,,536.0,485.0,,,,,,,,11.0,,,1026.0,
,551.0,,,836.0,,56.0,,,,,723.0,962.0,,,,,,,,1190.0,,,1142.0,
,534.0,,,1492.0,,1066.0,,,,,55.0,169.0,,,,,,,,1386.0,,,1255.0,
,456.0,,,765.0,,1140.0,,,,,205.0,1442.0,,,,,,,,432.0,,,711.0,
,1035.0,,,1463.0,,1048.0,,,,,1438.0,362.0,,,,,,,,55.0,,,1293.0,
,1231.0,,,1424.0,,52.0,,,,,673.0,892.0,,,,,,,,390.0,,,1134.0,
,1445.0,,,1383.0,,1148.0,,,,,106.0,312.0,,,,,,,,694.0,,,1292.0,
,1263.0,,,147.0,,1401.0,,,,,782.0,1467.0,,,,,,,,146.0,,,375.0,
,1448.0,,,71.0,,1114.0,,,,,299.0,966.0,,,,,,,,7.0,,,573.0,
,963.0,,,107.0,,1319.0,,,,,1308.0,967.0,,,,,,,,316.0,,,1482.0,
,1462.0,,,581.0,,305.0,,,,,1349.0,258.0,,,,,,,,1214.0,,,979.0,
,975.0,,,1065.0,,272.0,,,,,272.0,373.0,,,,,,,,518.0,,,1361.0,
,241.0,,,814.0,,677.0,,,,,553.0,268.0,,,,,,,,805.0,,,83.0,
,1052.0,,,422.0,,1358.0,,,,,1472.0,257.0,,,,,,,,1466.0,,,950.0,
,667.0,,,1151.0,,364.0,,,,,332.0,212.0,,,,,,,,115.0,,,745.0,
,671.0,,,188.0,,930.0,,,,,687.0,728.0,,,,,,,,577.0,,,912.0,
,261.0,,,1189.0,,818.0,,,,,911.0,501.0,,,,,,,,688.0,,,198.0,
,577.0,,,908.0,,450.0,,,,,367.0,1117.0,,,,,,,,1120.0,,,127.0,
,1090.0,,,1352.0,,54.0,,,,,206.0,894.0,,,,,,,,723.0,,,1082.0,
,453.0,,,1403.0,,385.0,,,,,45.0,1211.0,,,,,,,,143.0,,,171.0,
,59.0,,,967.0,,282.0,,,,,948.0,1205.0,,,,,,,,676.0,,,319.0,
,972.0,,,409.0,,724.0,,,,,929.0,536.0,,,,,,,,1229.0,,,1398.0,
,586.0,,,597.0,,1084.0,,,,,684.0,324.0,,,,,,,,457.0,,,1268.0,
,616.0,,,1475.0,,1335.0,,,,,863.0,123.0,,,,,,,,663.0,,,1148.0,
,222.0,,,1328.0,,1395.0,,,,,1238.0,434.0,,,,,,,,1419.0,,,1034.0,
,1432.0,,,901.0,,1024.0,,,,,887.0,1081.0,,,,,,,,817.0,,,1053.0,
,1327.0,,,845.0,,1413.0,,,,,1437.0,1317.0,,,,,,,,1084.0,,,993.0,
,58.0,,,224.0,,962.0,,,,,905.0,524.0,,,,,,,,937.0,,,81.0,
,1373.0,,,163.0,,562.0,,,,,1176.0,1470.0,,,,,,,,827.0,,,236.0,
,20.0,,,325.0,,786.0,,,,,924.0,265.0,,,,,,,,94.0,,,861.0,
,236.0,,,150.0,,1443.0,,,,,134.0,796.0,,,,,,,,829.0,,,612.0,
,1506.0,,,574.0,,1355.0,,,,,64.0,827.0,,,,,,,,363.0,,,978.0,
,806.0,,,640.0,,164.0,,,,,1400.0,914.0,,,,,,,,408.0,,,402.0,
,388.0,,,1332.0,,1172.0,,,,,1216.0,837.0,,,,,,,,91.0,,,760.0,
,333.0,,,1504.0,,1464.0,,,,,591.0,890.0,,,,,,,,495.0,,,239.0,
,342.0,,,1138.0,,548.0,,,,,507.0,1203.0,,,,,,,,684.0,,,1059.0,
,1189.0,,,140.0,,655.0,,,,,1298.0,904.0,,,,,,,,1370.0,,,816.0,
,1358.0,,,1505.0,,1442.0,,,,,810.0,614.0,,,,,,,,113.0,,,1348.0,
,1203.0,,,143.0,,803.0,,,,,862.0,444.0,,,,,,,,86.0,,,1127.0,
,1456.0,,,416.0,,1109.0,,,,,1072.0,1414.0,,,,,,,,257.0,,,1302.0,
,15.0,,,3.0,,1022.0,,,,,1199.0,937.0,,,,,,,,319.0,,,1359.0,
,1153.0,,,167.0,,1328.0,,,,,488.0,321.0,,,,,,,,1198.0,,,1022.0,
,724.0,,,1411.0,,294.0,,,,,727.0,632.0,,,,,,,,862.0,,,1180.0,
,976.0,,,1255.0,,290.0,,,,,659.0,217.0,,,,,,,,1342.0,,,303.0,
,741.0,,,868.0,,1176.0,,,,,732.0,230.0,,,,,,,,58.0,,,1154.0,
,680.0,,,357.0,,336.0,,,,,1245.0,1387.0,,,,,,,,333.0,,,1322.0,
,145.0,,,1298.0,,863.0,,,,,1327.0,1328.0,,,,,,,,591.0,,,124.0,
,1202.0,,,620.0,,1302.0,,,,,1476.0,810.0,,,,,,,,820.0,,,1221.0,
,64.0,,,1137.0,,691.0,,,,,990.0,486.0,,,,,,,,98.0,,,438.0,
,1261.0,,,1483.0,,1320.0,,,,,514.0,1459.0,,,,,,,,485.0,,,1130.0,
,31.0,,,696.0,,201.0,,,,,202.0,420.0,,,,,,,,1254.0,,,613.0,
,384.0,,,732.0,,980.0,,,,,65.0,608.0,,,,,,,,1089.0,,,167.0,
,982.0,,,1214.0,,424.0,,,,,23.0,301.0,,,,,,,,147.0,,,616.0,
,852.0,,,1066.0,,669.0,,,,,802.0,308.0,,,,,,,,32.0,,,643.0,
,1439.0,,,373.0,,1001.0,,,,,1264.0,189.0,,,,,,,,980.0,,,175.0,
,1457.0,,,1285.0,,276.0,,,,,107.0,653.0,,,,,,,,943.0,,,1401.0,
,39.0,,,773.0,,1182.0,,,,,1268.0,711.0,,,,,,,,206.0,,,1308.0,
,623.0,,,1421.0,,972.0,,,,,694.0,627.0,,,,,,,,583.0,,,51.0,
,1223.0,,,1218.0,,550.0,,,,,978.0,490.0,,,,,,,,1316.0,,,857.0,
,1372.0,,,131.0,,1136.0,,,,,175.0,821.0,,,,,,,,414.0,,,972.0,
,559.0,,,701.0,,1291.0,,,,,620.0,370.0,,,,,,,,841.0,,,945.0,
,1475.0,,,394.0,,511.0,,,,,218.0,1160.0,,,,,,,,905.0,,,868.0,
,73.0,,,276.0,,914.0,,,,,212.0,187.0,,,,,,,,136.0,,,38.0,
,1246.0,,,384.0,,47.0,,,,,197.0,1185.0,,,,,,,,235.0,,,1228.0,
,287.0,,,544.0,,796.0,,,,,29.0,412.0,,,,,,,,423.0,,,766.0,
,757.0,,,695.0,,1159.0,,,,,789.0,898.0,,,,,,,,182.0,,,973.0,
,841.0,,,1029.0,,242.0,,,,,1480.0,1312.0,,,,,,,,1047.0,,,918.0,
,1406.0,,,51.0,,10.0,,,,,157.0,1384.0,,,,,,,,1077.0,,,672.0,
,565.0,,,1162.0,,870.0,,,,,383.0,584.0,,,,,,,,301.0,,,648.0,
,1458.0,,,55.0,,581.0,,,,,774.0,986.0,,,,,,,,680.0,,,631.0,
,1102.0,,,1140.0,,138.0,,,,,1282.0,795.0,,,,,,,,982.0,,,1288.0,
,571.0,,,539.0,,105.0,,,,,731.0,1232.0,,,,,,,,856.0,,,538.0,
,304.0,,,1303.0,,1008.0,,,,,955.0,5.0,,,,,,,,305.0,,,31.0,
,566.0,,,1269.0,,100.0,,,,,1122.0,1015.0,,,,,,,,968.0,,,792.0,
,652.0,,,13.0,,68.0,,,,,1158.0,1318.0,,,,,,,,353.0,,,394.0,
,455.0,,,274.0,,1153.0,,,,,1213.0,9.0,,,,,,,,588.0,,,636.0,
,837.0,,,985.0,,536.0,,,,,988.0,325.0,,,,,,,,1228.0,,,368.0,
,1378.0,,,1205.0,,817.0,,,,,121.0,1334.0,,,,,,,,537.0,,,188.0,
,790.0,,,1034.0,,1281.0,,,,,33.0,889.0,,,,,,,,734.0,,,1179.0,
,1016.0,,,1069.0,,759.0,,,,,239.0,153.0,,,,,,,,796.0,,,914.0,
,1503.0,,,1310.0,,815.0,,,,,1124.0,480.0,,,,,,,,670.0,,,362.0,
,339.0,,,501.0,,1372.0,,,,,60.0,438.0,,,,,,,,286.0,,,1185.0,
,508.0,,,933.0,,1130.0,,,,,158.0,172.0,,,,,,,,514.0,,,93.0,
,49.0,,,280.0,,1495.0,,,,,1197.0,1231.0,,,,,,,,500.0,,,1393.0,
,1340.0,,,1060.0,,899.0,,,,,1039.0,1416.0,,,,,,,,374.0,,,1487.0,
,779.0,,,1223.0,,1261.0,,,,,914.0,419.0,,,,,,,,1317.0,,,1325.0,
,1465.0,,,519.0,,1077.0,,,,,611.0,1455.0,,,,,,,,263.0,,,1027.0,
,1071.0,,,541.0,,96.0,,,,,288.0,1273.0,,,,,,,,640.0,,,716.0,
,1247.0,,,736.0,,837.0,,,,,844.0,202.0,,,,,,,,244.0,,,94.0,
,1000.0,,,323.0,,750.0,,,,,1375.0,117.0,,,,,,,,61.0,,,152.0,
,66.0,,,660.0,,211.0,,,,,650.0,1238.0,,,,,,,,110.0,,,684.0,
,503.0,,,946.0,,625.0,,,,,1048.0,278.0,,,,,,,,873.0,,,600.0,
,1286.0,,,1486.0,,1104.0,,,,,793.0,701.0,,,,,,,,649.0,,,571.0,
,991.0,,,1216.0,,262.0,,,,,1033.0,702.0,,,,,,,,1105.0,,,650.0,
,1281.0,,,499.0,,1384.0,,,,,77.0,343.0,,,,,,,,1456.0,,,1404.0,
,1322.0,,,858.0,,674.0,,,,,580.0,749.0,,,,,,,,1142.0,,,1370.0,
,325.0,,,854.0,,475.0,,,,,6.0,1393.0,,,,,,,,1348.0,,,155.0,
,620.0,,,1103.0,,474.0,,,,,1143.0,1196.0,,,,,,,,751.0,,,610.0,
,1451.0,,,205.0,,696.0,,,,,1166.0,1032.0,,,,,,,,527.0,,,344.0,
,409.0,,,1104.0,,274.0,,,,,1338.0,39.0,,,,,,,,756.0,,,450.0,
,1334.0,,,636.0,,65.0,,,,,1087.0,347.0,,,,,,,,855.0,,,1119.0,
,1207.0,,,774.0,,342.0,,,,,1489.0,514.0,,,,,,,,703.0,,,885.0,
,700.0,,,1163.0,,1149.0,,,,,1055.0,383.0,,,,,,,,1346.0,,,995.0,
,1454.0,,,760.0,,330.0,,,,,143.0,1360.0,,,,,,,,927.0,,,898.0,
,445.0,,,73.0,,228.0,,,,,361.0,72.0,,,,,,,,379.0,,,1362.0,
,199.0,,,522.0,,1126.0,,,,,490.0,1271.0,,,,,,,,1063.0,,,366.0,
,94.0,,,493.0,,356.0,,,,,641.0,893.0,,,,,,,,338.0,,,1269.0,
,237.0,,,348.0,,155.0,,,,,971.0,630.0,,,,,,,,443.0,,,219.0,
,932.0,,,677.0,,1431.0,,,,,1044.0,1072.0,,,,,,,,1462.0,,,158.0,
,1404.0,,,966.0,,598.0,,,,,282.0,1120.0,,,,,,,,1308.0,,,379.0,
,650.0,,,1438.0,,337.0,,,,,1130.0,814.0,,,,,,,,1415.0,,,,
,423.0,,,275.0,,1076.0,,,,,850.0,872.0,,,,,,,,1018.0,,,,
,1178.0,,,637.0,,67.0,,,,,1501.0,193.0,,,,,,,,228.0,,,,
,1490.0,,,402.0,,1036.0,,,,,788.0,360.0,,,,,,,,68.0,,,,
,358.0,,,685.0,,437.0,,,,,1037.0,204.0,,,,,,,,1275.0,,,,
,1114.0,,,1092.0,,388.0,,,,,962.0,515.0,,,,,,,,268.0,,,,
,1164.0,,,481.0,,350.0,,,,,287.0,620.0,,,,,,,,1270.0,,,,
,176.0,,,1260.0,,713.0,,,,,1314.0,587.0,,,,,,,,376.0,,,,
,720.0,,,1135.0,,716.0,,,,,1135.0,270.0,,,,,,,,298.0,,,,
,614.0,,,613.0,,484.0,,,,,966.0,1257.0,,,,,,,,216.0,,,,
,278.0,,,444.0,,1435.0,,,,,72.0,361.0,,,,,,,,696.0,,,,
,1040.0,,,1234.0,,516.0,,,,,676.0,1061.0,,,,,,,,806.0,,,,
,1431.0,,,392.0,,106.0,,,,,419.0,1033.0,,,,,,,,467.0,,,,
,191.0,,,259.0,,328.0,,,,,96.0,83.0,,,,,,,,458.0,,,,
,1250.0,,,1488.0,,507.0,,,,,1036.0,794.0,,,,,,,,116.0,,,,
,999.0,,,472.0,,591.0,,,,,831.0,582.0,,,,,,,,865.0,,,,
,172.0,,,443.0,,469.0,,,,,164.0,1404.0,,,,,,,,233.0,,,,
,1473.0,,,920.0,,524.0,,,,,377.0,1235.0,,,,,,,,1321.0,,,,
,683.0,,,670.0,,740.0,,,,,762.0,137.0,,,,,,,,563.0,,,,
,739.0,,,1268.0,,1072.0,,,,,1378.0,29.0,,,,,,,,1045.0,,,,
,1122.0,,,1462.0,,117.0,,,,,125.0,768.0,,,,,,,,814.0,,,,
,1141.0,,,1417.0,,1268.0,,,,,1390.0,1359.0,,,,,,,,892.0,,,,
,1063.0,,,1430.0,,984.0,,,,,845.0,640.0,,,,,,,,1310.0,,,,
,490.0,,,982.0,,1229.0,,,,,1283.0,340.0,,,,,,,,24.0,,,,
,943.0,,,1181.0,,1053.0,,,,,360.0,254.0,,,,,,,,837.0,,,,
,1073.0,,,1375.0,,256.0,,,,,689.0,1153.0,,,,,,,,1148.0,,,,
,374.0,,,1183.0,,1298.0,,,,,1157.0,105.0,,,,,,,,41.0,,,,
,1045.0,,,178.0,,958.0,,,,,1461.0,1439.0,,,,,,,,1455.0,,,,
,1227.0,,,14.0,,820.0,,,,,503.0,161.0,,,,,,,,1157.0,,,,
,323.0,,,1497.0,,869.0,,,,,1111.0,1178.0,,,,,,,,479.0,,,,
,1449.0,,,247.0,,1124.0,,,,,1351.0,1479.0,,,,,,,,499.0,,,,
,424.0,,,1098.0,,1031.0,,,,,483.0,345.0,,,,,,,,653.0,,,,
,414.0,,,931.0,,77.0,,,,,839.0,1361.0,,,,,,,,578.0,,,,
,97.0,,,512.0,,1193.0,,,,,1291.0,676.0,,,,,,,,816.0,,,,
,1280.0,,,646.0,,1147.0,,,,,142.0,211.0,,,,,,,,1046.0,,,,
,363.0,,,265.0,,871.0,,,,,296.0,139.0,,,,,,,,903.0,,,,
,833.0,,,436.0,,678.0,,,,,1266.0,1144.0,,,,,,,,1125.0,,,,
,1151.0,,,6.0,,252.0,,,,,422.0,267.0,,,,,,,,165.0,,,,
,598.0,,,1247.0,,659.0,,,,,915.0,319.0,,,,,,,,373.0,,,,
,1111.0,,,182.0,,1107.0,,,,,1210.0,101.0,,,,,,,,891.0,,,,
,668.0,,,752.0,,246.0,,,,,1056.0,1075.0,,,,,,,,1163.0,,,,
,201.0,,,903.0,,16.0,,,,,404.0,838.0,,,,,,,,996.0,,,,
,194.0,,,300.0,,561.0,,,,,733.0,550.0,,,,,,,,1468.0,,,,
,80.0,,,1202.0,,71.0,,,,,950.0,1326.0,,,,,,,,29.0,,,,
,202.0,,,654.0,,1410.0,,,,,137.0,947.0,,,,,,,,1506.0,,,,
,75.0,,,753.0,,975.0,,,,,1172.0,801.0,,,,,,,,923.0,,,,
,168.0,,,190.0,,418.0,,,,,1242.0,1184.0,,,,,,,,584.0,,,,
,253.0,,,460.0,,1071.0,,,,,1154.0,1420.0,,,,,,,,173.0,,,,
,766.0,,,1305.0,,706.0,,,,,834.0,1146.0,,,,,,,,1060.0,,,,
,825.0,,,863.0,,1215.0,,,,,617.0,1448.0,,,,,,,,84.0,,,,
,1476.0,,,590.0,,325.0,,,,,178.0,300.0,,,,,,,,656.0,,,,
,780.0,,,21.0,,177.0,,,,,565.0,194.0,,,,,,,,1130.0,,,,
,1284.0,,,992.0,,1100.0,,,,,217.0,293.0,,,,,,,,1312.0,,,,
,612.0,,,919.0,,667.0,,,,,1254.0,1430.0,,,,,,,,785.0,,,,
,713.0,,,184.0,,1419.0,,,,,825.0,113.0,,,,,,,,382.0,,,,
,993.0,,,1284.0,,955.0,,,,,255.0,102.0,,,,,,,,610.0,,,,
,123.0,,,560.0,,1132.0,,,,,103.0,774.0,,,,,,,,590.0,,,,
,56.0,,,924.0,,199.0,,,,,763.0,1284.0,,,,,,,,264.0,,,,
,703.0,,,215.0,,478.0,,,,,116.0,78.0,,,,,,,,789.0,,,,
,372.0,,,1042.0,,859.0,,,,,861.0,467.0,,,,,,,,1052.0,,,,
,552.0,,,210.0,,371.0,,,,,1253.0,1241.0,,,,,,,,625.0,,,,
,296.0,,,490.0,,535.0,,,,,56.0,1293.0,,,,,,,,451.0,,,,
,618.0,,,1331.0,,757.0,,,,,26.0,921.0,,,,,,,,469.0,,,,
,1482.0,,,1057.0,,1254.0,,,,,444.0,860.0,,,,,,,,1195.0,,,,
,259.0,,,953.0,,229.0,,,,,1218.0,1402.0,,,,,,,,154.0,,,,
,1134.0,,,552.0,,937.0,,,,,1301.0,405.0,,,,,,,,196.0,,,,
,1033.0,,,1458.0,,551.0,,,,,610.0,951.0,,,,,,,,1465.0,,,,
,1464.0,,,1304.0,,225.0,,,,,238.0,1454.0,,,,,,,,262.0,,,,
,788.0,,,1016.0,,456.0,,,,,1347.0,1456.0,,,,,,,,347.0,,,,
,1481.0,,,642.0,,831.0,,,,,403.0,11.0,,,,,,,,460.0,,,,
,748.0,,,1013.0,,605.0,,,,,1140.0,1310.0,,,,,,,,607.0,,,,
,280.0,,,1319.0,,427.0,,,,,27.0,656.0,,,,,,,,1092.0,,,,
,824.0,,,1008.0,,983.0,,,,,249.0,250.0,,,,,,,,281.0,,,,
,264.0,,,990.0,,147.0,,,,,853.0,1249.0,,,,,,,,1325.0,,,,
,485.0,,,1146.0,,656.0,,,,,1121.0,1122.0,,,,,,,,1414.0,,,,
,1115.0,,,142.0,,420.0,,,,,636.0,631.0,,,,,,,,1328.0,,,,
,313.0,,,823.0,,508.0,,,,,564.0,811.0,,,,,,,,1184.0,,,,
,463.0,,,1131.0,,1346.0,,,,,865.0,880.0,,,,,,,,168.0,,,,
,102.0,,,351.0,,700.0,,,,,1168.0,1013.0,,,,,,,,138.0,,,,
,214.0,,,1229.0,,136.0,,,,,152.0,952.0,,,,,,,,1284.0,,,,
,1274.0,,,912.0,,1224.0,,,,,1343.0,1434.0,,,,,,,,1398.0,,,,
,195.0,,,723.0,,140.0,,,,,600.0,156.0,,,,,,,,144.0,,,,
,721.0,,,1172.0,,286.0,,,,,1445.0,458.0,,,,,,,,89.0,,,,
,1412.0,,,821.0,,760.0,,,,,959.0,862.0,,,,,,,,385.0,,,,
,913.0,,,66.0,,477.0,,,,,1169.0,777.0,,,,,,,,567.0,,,,
,99.0,,,125.0,,472.0,,,,,1494.0,712.0,,,,,,,,993.0,,,,
,189.0,,,144.0,,373.0,,,,,738.0,1450.0,,,,,,,,510.0,,,,
,1199.0,,,175.0,,858.0,,,,,1371.0,1175.0,,,,,,,,508.0,,,,
,1002.0,,,799.0,,860.0,,,,,326.0,364.0,,,,,,,,1441.0,,,,
,518.0,,,1343.0,,303.0,,,,,730.0,784.0,,,,,,,,516.0,,,,
,27.0,,,1017.0,,58.0,,,,,62.0,1098.0,,,,,,,,890.0,,,,
,1441.0,,,687.0,,942.0,,,,,542.0,222.0,,,,,,,,799.0,,,,
,1099.0,,,784.0,,408.0,,,,,245.0,905.0,,,,,,,,335.0,,,,
,1356.0,,,819.0,,526.0,,,,,1177.0,147.0,,,,,,,,1472.0,,,,
,162.0,,,1301.0,,128.0,,,,,1188.0,363.0,,,,,,,,1116.0,,,,
,487.0,,,1261.0,,1409.0,,,,,555.0,1338.0,,,,,,,,1429.0,,,,
,731.0,,,28.0,,856.0,,,,,328.0,1180.0,,,,,,,,1037.0,,,,
,1308.0,,,87.0,,768.0,,,,,1232.0,460.0,,,,,,,,735.0,,,,
,670.0,,,113.0,,1090.0,,,,,88.0,51.0,,,,,,,,1093.0,,,,
,867.0,,,1451.0,,767.0,,,,,922.0,1385.0,,,,,,,,531.0,,,,
,279.0,,,1048.0,,412.0,,,,,1455.0,548.0,,,,,,,,226.0,,,,
,684.0,,,607.0,,823.0,,,,,1365.0,1174.0,,,,,,,,1402.0,,,,
,4.0,,,787.0,,708.0,,,,,526.0,465.0,,,,,,,,178.0,,,,
,210.0,,,358.0,,63.0,,,,,265.0,394.0,,,,,,,,85.0,,,,
,1309.0,,,1265.0,,332.0,,,,,99.0,678.0,,,,,,,,109.0,,,,
,1085.0,,,669.0,,220.0,,,,,270.0,1082.0,,,,,,,,175.0,,,,
,54.0,,,267.0,,855.0,,,,,888.0,1091.0,,,,,,,,60.0,,,,
,1161.0,,,1499.0,,711.0,,,,,890.0,963.0,,,,,,,,207.0,,,,
,535.0,,,1302.0,,495.0,,,,,168.0,470.0,,,,,,,,913.0,,,,
,177.0,,,461.0,,219.0,,,,,1068.0,1309.0,,,,,,,,258.0,,,,
,332.0,,,84.0,,,,,,,677.0,19.0,,,,,,,,1360.0,,,,
,1455.0,,,786.0,,,,,,,1295.0,1009.0,,,,,,,,104.0,,,,
,935.0,,,1456.0,,,,,,,637.0,1494.0,,,,,,,,1365.0,,,,
,1156.0,,,808.0,,,,,,,185.0,1369.0,,,,,,,,1387.0,,,,
,138.0,,,721.0,,,,,,,416.0,714.0,,,,,,,,470.0,,,,
,1386.0,,,927.0,,,,,,,387.0,283.0,,,,,,,,211.0,,,,
,1486.0,,,734.0,,,,,,,954.0,135.0,,,,,,,,628.0,,,,
,1254.0,,,1091.0,,,,,,,935.0,590.0,,,,,,,,681.0,,,,
,1266.0,,,564.0,,,,,,,211.0,251.0,,,,,,,,332.0,,,,
,1121.0,,,822.0,,,,,,,204.0,133.0,,,,,,,,1199.0,,,,
,3.0,,,956.0,,,,,,,849.0,718.0,,,,,,,,1372.0,,,,
,383.0,,,1121.0,,,,,,,1309.0,1016.0,,,,,,,,1257.0,,,,
,894.0,,,887.0,,,,,,,895.0,453.0,,,,,,,,387.0,,,,
,420.0,,,102.0,,,,,,,1255.0,705.0,,,,,,,,772.0,,,,
,537.0,,,1108.0,,,,,,,974.0,1411.0,,,,,,,,641.0,,,,
,23.0,,,1039.0,,,,,,,1145.0,953.0,,,,,,,,1070.0,,,,
,769.0,,,815.0,,,,,,,133.0,658.0,,,,,,,,1339.0,,,,
,235.0,,,471.0,,,,,,,1364.0,574.0,,,,,,,,487.0,,,,
,576.0,,,135.0,,,,,,,625.0,1202.0,,,,,,,,947.0,,,,
,632.0,,,1113.0,,,,,,,445.0,995.0,,,,,,,,254.0,,,,
,1256.0,,,1166.0,,,,,,,1071.0,1495.0,,,,,,,,410.0,,,,
,34.0,,,1390.0,,,,,,,1262.0,665.0,,,,,,,,897.0,,,,
,118.0,,,76.0,,,,,,,413.0,32.0,,,,,,,,746.0,,,,
,639.0,,,1460.0,,,,,,,579.0,1462.0,,,,,,,,874.0,,,,
,331.0,,,656.0,,,,,,,293.0,1138.0,,,,,,,,195.0,,,,
,675.0,,,1482.0,,,,,,,149.0,1129.0,,,,,,,,872.0,,,,
,402.0,,,720.0,,,,,,,755.0,1265.0,,,,,,,,209.0,,,,
,353.0,,,1233.0,,,,,,,493.0,316.0,,,,,,,,392.0,,,,
,1210.0,,,750.0,,,,,,,305.0,1163.0,,,,,,,,1446.0,,,,
,1249.0,,,36.0,,,,,,,832.0,848.0,,,,,,,,1373.0,,,,
,899.0,,,315.0,,,,,,,181.0,517.0,,,,,,,,1344.0,,,,
,504.0,,,288.0,,,,,,,1156.0,174.0,,,,,,,,766.0,,,,
,1066.0,,,722.0,,,,,,,160.0,359.0,,,,,,,,838.0,,,,
,602.0,,,1115.0,,,,,,,464.0,1306.0,,,,,,,,560.0,,,,
,1419.0,,,601.0,,,,,,,533.0,541.0,,,,,,,,1216.0,,,,
,316.0,,,825.0,,,,,,,1227.0,503.0,,,,,,,,999.0,,,,
,1075.0,,,331.0,,,,,,,322.0,1372.0,,,,,,,,1176.0,,,,
,907.0,,,312.0,,,,,,,570.0,594.0,,,,,,,,44.0,,,,
,182.0,,,738.0,,,,,,,1050.0,1190.0,,,,,,,,1021.0,,,,
,1346.0,,,58.0,,,,,,,1340.0,232.0,,,,,,,,75.0,,,,
,410.0,,,367.0,,,,,,,247.0,943.0,,,,,,,,1324.0,,,,
,1088.0,,,235.0,,,,,,,931.0,877.0,,,,,,,,658.0,,,,
,1224.0,,,221.0,,,,,,,830.0,1403.0,,,,,,,,1127.0,,,,
,797.0,,,130.0,,,,,,,917.0,976.0,,,,,,,,454.0,,,,
,1440.0,,,794.0,,,,,,,894.0,1364.0,,,,,,,,1247.0,,,,
,1467.0,,,748.0,,,,,,,1435.0,375.0,,,,,,,,523.0,,,,
,998.0,,,488.0,,,,,,,420.0,1289.0,,,,,,,,1274.0,,,,
,447.0,,,710.0,,,,,,,1369.0,802.0,,,,,,,,1100.0,,,,
,974.0,,,870.0,,,,,,,30.0,968.0,,,,,,,,311.0,,,,
,1148.0,,,1177.0,,,,,,,1244.0,760.0,,,,,,,,973.0,,,,
,223.0,,,871.0,,,,,,,316.0,969.0,,,,,,,,99.0,,,,
,143.0,,,1406.0,,,,,,,961.0,572.0,,,,,,,,1359.0,,,,
,521.0,,,1306.0,,,,,,,478.0,946.0,,,,,,,,559.0,,,,
,909.0,,,1019.0,,,,,,,462.0,1473.0,,,,,,,,539.0,,,,
,622.0,,,973.0,,,,,,,17.0,661.0,,,,,,,,1442.0,,,,
,493.0,,,895.0,,,,,,,104.0,1446.0,,,,,,,,440.0,,,,
,1495.0,,,60.0,,,,,,,40.0,335.0,,,,,,,,1489.0,,,,
,284.0,,,529.0,,,,,,,783.0,752.0,,,,,,,,463.0,,,,
,496.0,,,375.0,,,,,,,114.0,466.0,,,,,,,,1049.0,,,,
,1472.0,,,1006.0,,,,,,,680.0,719.0,,,,,,,,164.0,,,,
,681.0,,,434.0,,,,,,,506.0,683.0,,,,,,,,503.0,,,,
,844.0,,,861.0,,,,,,,833.0,560.0,,,,,,,,575.0,,,,
,1147.0,,,761.0,,,,,,,597.0,1340.0,,,,,,,,912.0,,,,
,1276.0,,,1443.0,,,,,,,1144.0,1151.0,,,,,,,,708.0,,,,
,1413.0,,,1219.0,,,,,,,120.0,365.0,,,,,,,,755.0,,,,
,1426.0,,,489.0,,,,,,,1381.0,128.0,,,,,,,,406.0,,,,
,9.0,,,155.0,,,,,,,286.0,1111.0,,,,,,,,627.0,,,,
,1477.0,,,659.0,,,,,,,527.0,280.0,,,,,,,,1444.0,,,,
,1051.0,,,745.0,,,,,,,89.0,1026.0,,,,,,,,139.0,,,,
,480.0,,,432.0,,,,,,,552.0,688.0,,,,,,,,954.0,,,,
,1160.0,,,306.0,,,,,,,85.0,681.0,,,,,,,,14.0,,,,
,509.0,,,835.0,,,,,,,1406.0,122.0,,,,,,,,666.0,,,,
,484.0,,,82.0,,,,,,,400.0,634.0,,,,,,,,225.0,,,,
,125.0,,,1440.0,,,,,,,127.0,1263.0,,,,,,,,898.0,,,,
,689.0,,,39.0,,,,,,,1252.0,1125.0,,,,,,,,299.0,,,,
,209.0,,,1076.0,,,,,,,257.0,1288.0,,,,,,,,356.0,,,,
,737.0,,,641.0,,,,,,,1292.0,716.0,,,,,,,,26.0,,,,
,298.0,,,369.0,,,,,,,781.0,81.0,,,,,,,,741.0,,,,
,215.0,,,309.0,,,,,,,1114.0,98.0,,,,,,,,979.0,,,,
,554.0,,,283.0,,,,,,,965.0,696.0,,,,,,,,54.0,,,,
,1343.0,,,45.0,,,,,,,374.0,284.0,,,,,,,,1256.0,,,,
,1367.0,,,171.0,,,,,,,192.0,132.0,,,,,,,,629.0,,,,
,1011.0,,,479.0,,,,,,,1456.0,1370.0,,,,,,,,1498.0,,,,
,1174.0,,,754.0,,,,,,,803.0,246.0,,,,,,,,1193.0,,,,
,406.0,,,16.0,,,,,,,1271.0,148.0,,,,,,,,306.0,,,,
,784.0,,,547.0,,,,,,,81.0,1020.0,,,,,,,,777.0,,,,
,995.0,,,1367.0,,,,,,,1237.0,622.0,,,,,,,,757.0,,,,
,1089.0,,,735.0,,,,,,,460.0,1194.0,,,,,,,,409.0,,,,
,964.0,,,785.0,,,,,,,797.0,138.0,,,,,,,,48.0,,,,
,1344.0,,,1180.0,,,,,,,649.0,430.0,,,,,,,,1315.0,,,,
,1145.0,,,359.0,,,,,,,709.0,1097.0,,,,,,,,256.0,,,,
,266.0,,,533.0,,,,,,,1129.0,16.0,,,,,,,,545.0,,,,
,545.0,,,1287.0,,,,,,,858.0,1209.0,,,,,,,,1248.0,,,,
,1110.0,,,256.0,,,,,,,393.0,478.0,,,,,,,,946.0,,,,
,1452.0,,,1001.0,,,,,,,1064.0,164.0,,,,,,,,762.0,,,,
,725.0,,,705.0,,,,,,,891.0,581.0,,,,,,,,1476.0,,,,
,1421.0,,,707.0,,,,,,,1112.0,1092.0,,,,,,,,1291.0,,,,
,557.0,,,712.0,,,,,,,593.0,510.0,,,,,,,,1454.0,,,,
,208.0,,,1005.0,,,,,,,347.0,231.0,,,,,,,,1186.0,,,,
,734.0,,,1073.0,,,,,,,1167.0,297.0,,,,,,,,1158.0,,,,
,697.0,,,1321.0,,,,,,,702.0,1183.0,,,,,,,,198.0,,,,
,857.0,,,841.0,,,,,,,222.0,294.0,,,,,,,,1189.0,,,,
,641.0,,,909.0,,,,,,,184.0,900.0,,,,,,,,752.0,,,,
,1468.0,,,1125.0,,,,,,,36.0,64.0,,,,,,,,731.0,,,,
,506.0,,,891.0,,,,,,,868.0,585.0,,,,,,,,632.0,,,,
,391.0,,,24.0,,,,,,,719.0,374.0,,,,,,,,160.0,,,,
,1262.0,,,747.0,,,,,,,1273.0,317.0,,,,,,,,512.0,,,,
,1012.0,,,788.0,,,,,,,51.0,816.0,,,,,,,,774.0,,,,
,814.0,,,779.0,,,,,,,1226.0,1343.0,,,,,,,,1095.0,,,,
,212.0,,,1097.0,,,,,,,339.0,36.0,,,,,,,,327.0,,,,
,1497.0,,,733.0,,,,,,,275.0,1074.0,,,,,,,,405.0,,,,
,1077.0,,,176.0,,,,,,,375.0,221.0,,,,,,,,916.0,,,,
,1041.0,,,860.0,,,,,,,1497.0,960.0,,,,,,,,886.0,,,,
,1154.0,,,633.0,,,,,,,31.0,73.0,,,,,,,,643.0,,,,
,169.0,,,223.0,,,,,,,613.0,972.0,,,,,,,,798.0,,,,
,1470.0,,,523.0,,,,,,,829.0,588.0,,,,,,,,449.0,,,,
,1132.0,,,844.0,,,,,,,519.0,731.0,,,,,,,,417.0,,,,
,1064.0,,,1266.0,,,,,,,1189.0,1389.0,,,,,,,,1014.0,,,,
,573.0,,,173.0,,,,,,,973.0,1149.0,,,,,,,,1475.0,,,,
,891.0,,,1484.0,,,,,,,1202.0,242.0,,,,,,,,800.0,,,,
,77.0,,,1366.0,,,,,,,1449.0,1299.0,,,,,,,,568.0,,,,
,978.0,,,648.0,,,,,,,1404.0,263.0,,,,,,,,1133.0,,,,
,928.0,,,1275.0,,,,,,,695.0,518.0,,,,,,,,186.0,,,,
,1157.0,,,617.0,,,,,,,1320.0,234.0,,,,,,,,326.0,,,,
,1329.0,,,645.0,,,,,,,1330.0,1412.0,,,,,,,,834.0,,,,
,1168.0,,,911.0,,,,,,,418.0,431.0,,,,,,,,372.0,,,,
,81.0,,,1452.0,,,,,,,699.0,1378.0,,,,,,,,1041.0,,,,
,1005.0,,,277.0,,,,,,,510.0,1358.0,,,,,,,,902.0,,,,
,249.0,,,1495.0,,,,,,,357.0,75.0,,,,,,,,1054.0,,,,
,1377.0,,,149.0,,,,,,,957.0,1001.0,,,,,,,,1102.0,,,,
,299.0,,,1336.0,,,,,,,760.0,1162.0,,,,,,,,964.0,,,,
,319.0,,,1259.0,,,,,,,13.0,427.0,,,,,,,,1305.0,,,,
,925.0,,,937.0,,,,,,,1334.0,733.0,,,,,,,,1294.0,,,,
,642.0,,,1184.0,,,,,,,995.0,602.0,,,,,,,,1490.0,,,,
,1216.0,,,1271.0,,,,,,,219.0,454.0,,,,,,,,911.0,,,,
,738.0,,,299.0,,,,,,,918.0,1133.0,,,,,,,,1393.0,,,,
,469.0,,,1392.0,,,,,,,240.0,311.0,,,,,,,,526.0,,,,
,255.0,,,169.0,,,,,,,130.0,228.0,,,,,,,,520.0,,,,
,19.0,,,356.0,,,,,,,484.0,185.0,,,,,,,,726.0,,,,
,1187.0,,,17.0,,,,,,,1142.0,727.0,,,,,,,,1285.0,,,,
,1478.0,,,1314.0,,,,,,,,1107.0,,,,,,,,1267.0,,,,
,442.0,,,916.0,,,,,,,,149.0,,,,,,,,868.0,,,,
,1314.0,,,1238.0,,,,,,,,1224.0,,,,,,,,1340.0,,,,
,295.0,,,918.0,,,,,,,,443.0,,,,,,,,336.0,,,,
,1243.0,,,596.0,,,,,,,,318.0,,,,,,,,1341.0,,,,
,1162.0,,,207.0,,,,,,,,41.0,,,,,,,,96.0,,,,
,393.0,,,248.0,,,,,,,,568.0,,,,,,,,760.0,,,,
,550.0,,,218.0,,,,,,,,851.0,,,,,,,,1330.0,,,,
,1185.0,,,1433.0,,,,,,,,650.0,,,,,,,,1290.0,,,,
,486.0,,,183.0,,,,,,,,1228.0,,,,,,,,1065.0,,,,
,41.0,,,139.0,,,,,,,,218.0,,,,,,,,848.0,,,,
,1339.0,,,477.0,,,,,,,,127.0,,,,,,,,1015.0,,,,
,657.0,,,749.0,,,,,,,,737.0,,,,,,,,1482.0,,,,
,579.0,,,381.0,,,,,,,,680.0,,,,,,,,683.0,,,,
,687.0,,,105.0,,,,,,,,949.0,,,,,,,,274.0,,,,
,1186.0,,,219.0,,,,,,,,1143.0,,,,,,,,1264.0,,,,
,747.0,,,400.0,,,,,,,,468.0,,,,,,,,815.0,,,,
,981.0,,,487.0,,,,,,,,732.0,,,,,,,,1368.0,,,,
,606.0,,,0.0,,,,,,,,440.0,,,,,,,,587.0,,,,
,984.0,,,1397.0,,,,,,,,120.0,,,,,,,,191.0,,,,
,699.0,,,,,,,,,,,961.0,,,,,,,,132.0,,,,
,773.0,,,,,,,,,,,180.0,,,,,,,,750.0,,,,
,18.0,,,,,,,,,,,1280.0,,,,,,,,765.0,,,,
,1173.0,,,,,,,,,,,792.0,,,,,,,,624.0,,,,
,417.0,,,,,,,,,,,646.0,,,,,,,,446.0,,,,
,477.0,,,,,,,,,,,1304.0,,,,,,,,342.0,,,,
,1135.0,,,,,,,,,,,1508.0,,,,,,,,202.0,,,,
,1459.0,,,,,,,,,,,406.0,,,,,,,,1318.0,,,,
,1395.0,,,,,,,,,,,1067.0,,,,,,,,1182.0,,,,
,651.0,,,,,,,,,,,99.0,,,,,,,,1306.0,,,,
,436.0,,,,,,,,,,,328.0,,,,,,,,491.0,,,,
,1407.0,,,,,,,,,,,1433.0,,,,,,,,797.0,,,,
,792.0,,,,,,,,,,,154.0,,,,,,,,1457.0,,,,
,1416.0,,,,,,,,,,,425.0,,,,,,,,1354.0,,,,
,656.0,,,,,,,,,,,907.0,,,,,,,,367.0,,,,
,165.0,,,,,,,,,,,289.0,,,,,,,,100.0,,,,
,777.0,,,,,,,,,,,233.0,,,,,,,,1458.0,,,,
,1058.0,,,,,,,,,,,555.0,,,,,,,,960.0,,,,
,1042.0,,,,,,,,,,,389.0,,,,,,,,481.0,,,,
,216.0,,,,,,,,,,,839.0,,,,,,,,1118.0,,,,
,82.0,,,,,,,,,,,1141.0,,,,,,,,224.0,,,,
,1239.0,,,,,,,,,,,1400.0,,,,,,,,782.0,,,,
,971.0,,,,,,,,,,,336.0,,,,,,,,876.0,,,,
,87.0,,,,,,,,,,,1290.0,,,,,,,,759.0,,,,
,864.0,,,,,,,,,,,698.0,,,,,,,,1222.0,,,,
,1414.0,,,,,,,,,,,1292.0,,,,,,,,65.0,,,,
,164.0,,,,,,,,,,,974.0,,,,,,,,181.0,,,,
,270.0,,,,,,,,,,,638.0,,,,,,,,289.0,,,,
,1118.0,,,,,,,,,,,685.0,,,,,,,,743.0,,,,
,1405.0,,,,,,,,,,,201.0,,,,,,,,199.0,,,,
,98.0,,,,,,,,,,,393.0,,,,,,,,1337.0,,,,
,478.0,,,,,,,,,,,1040.0,,,,,,,,1128.0,,,,
,851.0,,,,,,,,,,,516.0,,,,,,,,42.0,,,,
,153.0,,,,,,,,,,,1188.0,,,,,,,,1252.0,,,,
,1233.0,,,,,,,,,,,699.0,,,,,,,,445.0,,,,
,347.0,,,,,,,,,,,950.0,,,,,,,,850.0,,,,
,1415.0,,,,,,,,,,,723.0,,,,,,,,1479.0,,,,
,1022.0,,,,,,,,,,,866.0,,,,,,,,1074.0,,,,
,1403.0,,,,,,,,,,,672.0,,,,,,,,358.0,,,,
,390.0,,,,,,,,,,,505.0,,,,,,,,101.0,,,,
,1198.0,,,,,,,,,,,1324.0,,,,,,,,550.0,,,,
,454.0,,,,,,,,,,,767.0,,,,,,,,1064.0,,,,
,318.0,,,,,,,,,,,331.0,,,,,,,,1361.0,,,,
,758.0,,,,,,,,,,,1349.0,,,,,,,,716.0,,,,
,159.0,,,,,,,,,,,84.0,,,,,,,,401.0,,,,
,273.0,,,,,,,,,,,1413.0,,,,,,,,295.0,,,,
,1123.0,,,,,,,,,,,1116.0,,,,,,,,6.0,,,,
,702.0,,,,,,,,,,,236.0,,,,,,,,377.0,,,,
,8.0,,,,,,,,,,,886.0,,,,,,,,1.0,,,,
,887.0,,,,,,,,,,,764.0,,,,,,,,300.0,,,,
,1081.0,,,,,,,,,,,530.0,,,,,,,,1010.0,,,,
,1219.0,,,,,,,,,,,557.0,,,,,,,,901.0,,,,
,314.0,,,,,,,,,,,219.0,,,,,,,,928.0,,,,
,1325.0,,,,,,,,,,,241.0,,,,,,,,38.0,,,,
,466.0,,,,,,,,,,,1057.0,,,,,,,,679.0,,,,
,349.0,,,,,,,,,,,643.0,,,,,,,,1044.0,,,,
,337.0,,,,,,,,,,,1226.0,,,,,,,,1320.0,,,,
,1496.0,,,,,,,,,,,339.0,,,,,,,,547.0,,,,
,662.0,,,,,,,,,,,775.0,,,,,,,,337.0,,,,
,256.0,,,,,,,,,,,290.0,,,,,,,,1401.0,,,,
,871.0,,,,,,,,,,,,,,,,,,,1099.0,,,,
,1316.0,,,,,,,,,,,,,,,,,,,1188.0,,,,
,113.0,,,,,,,,,,,,,,,,,,,846.0,,,,
,179.0,,,,,,,,,,,,,,,,,,,1331.0,,,,
,492.0,,,,,,,,,,,,,,,,,,,473.0,,,,
,1020.0,,,,,,,,,,,,,,,,,,,177.0,,,,
,759.0,,,,,,,,,,,,,,,,,,,1177.0,,,,
,178.0,,,,,,,,,,,,,,,,,,,592.0,,,,
,277.0,,,,,,,,,,,,,,,,,,,415.0,,,,
,847.0,,,,,,,,,,,,,,,,,,,227.0,,,,
,897.0,,,,,,,,,,,,,,,,,,,985.0,,,,
,1326.0,,,,,,,,,,,,,,,,,,,157.0,,,,
,568.0,,,,,,,,,,,,,,,,,,,948.0,,,,
,70.0,,,,,,,,,,,,,,,,,,,1302.0,,,,
,1257.0,,,,,,,,,,,,,,,,,,,963.0,,,,
,961.0,,,,,,,,,,,,,,,,,,,1098.0,,,,
,965.0,,,,,,,,,,,,,,,,,,,366.0,,,,
,385.0,,,,,,,,,,,,,,,,,,,728.0,,,,
,592.0,,,,,,,,,,,,,,,,,,,1206.0,,,,
,1389.0,,,,,,,,,,,,,,,,,,,1162.0,,,,
,1100.0,,,,,,,,,,,,,,,,,,,112.0,,,,
,956.0,,,,,,,,,,,,,,,,,,,266.0,,,,
,400.0,,,,,,,,,,,,,,,,,,,573.0,,,,
,340.0,,,,,,,,,,,,,,,,,,,702.0,,,,
,1290.0,,,,,,,,,,,,,,,,,,,599.0,,,,
,855.0,,,,,,,,,,,,,,,,,,,1062.0,,,,
,74.0,,,,,,,,,,,,,,,,,,,1327.0,,,,
,103.0,,,,,,,,,,,,,,,,,,,33.0,,,,
,451.0,,,,,,,,,,,,,,,,,,,1135.0,,,,
,1365.0,,,,,,,,,,,,,,,,,,,324.0,,,,
,1399.0,,,,,,,,,,,,,,,,,,,296.0,,,,
,446.0,,,,,,,,,,,,,,,,,,,1006.0,,,,
,674.0,,,,,,,,,,,,,,,,,,,134.0,,,,
,570.0,,,,,,,,,,,,,,,,,,,483.0,,,,
,594.0,,,,,,,,,,,,,,,,,,,159.0,,,,
,28.0,,,,,,,,,,,,,,,,,,,90.0,,,,
,726.0,,,,,,,,,,,,,,,,,,,183.0,,,,
,334.0,,,,,,,,,,,,,,,,,,,701.0,,,,
,111.0,,,,,,,,,,,,,,,,,,,504.0,,,,
,1483.0,,,,,,,,,,,,,,,,,,,896.0,,,,
,816.0,,,,,,,,,,,,,,,,,,,1504.0,,,,
,1072.0,,,,,,,,,,,,,,,,,,,350.0,,,,
,949.0,,,,,,,,,,,,,,,,,,,27.0,,,,
,950.0,,,,,,,,,,,,,,,,,,,893.0,,,,
,121.0,,,,,,,,,,,,,,,,,,,1421.0,,,,
,854.0,,,,,,,,,,,,,,,,,,,436.0,,,,
,1507.0,,,,,,,,,,,,,,,,,,,564.0,,,,
,378.0,,,,,,,,,,,,,,,,,,,9.0,,,,
,317.0,,,,,,,,,,,,,,,,,,,375.0,,,,
,308.0,,,,,,,,,,,,,,,,,,,1374.0,,,,
,29.0,,,,,,,,,,,,,,,,,,,561.0,,,,
,1009.0,,,,,,,,,,,,,,,,,,,447.0,,,,
,917.0,,,,,,,,,,,,,,,,,,,1406.0,,,,
,760.0,,,,,,,,,,,,,,,,,,,172.0,,,,
,1204.0,,,,,,,,,,,,,,,,,,,1495.0,,,,
,35.0,,,,,,,,,,,,,,,,,,,604.0,,,,
,916.0,,,,,,,,,,,,,,,,,,,1499.0,,,,
,920.0,,,,,,,,,,,,,,,,,,,1068.0,,,,
,187.0,,,,,,,,,,,,,,,,,,,66.0,,,,
,415.0,,,,,,,,,,,,,,,,,,,984.0,,,,
,389.0,,,,,,,,,,,,,,,,,,,992.0,,,,
,443.0,,,,,,,,,,,,,,,,,,,371.0,,,,
,1159.0,,,,,,,,,,,,,,,,,,,1333.0,,,,
,678.0,,,,,,,,,,,,,,,,,,,651.0,,,,
,488.0,,,,,,,,,,,,,,,,,,,380.0,,,,
,321.0,,,,,,,,,,,,,,,,,,,819.0,,,,
,588.0,,,,,,,,,,,,,,,,,,,830.0,,,,
,69.0,,,,,,,,,,,,,,,,,,,908.0,,,,
,985.0,,,,,,,,,,,,,,,,,,,1485.0,,,,
,1177.0,,,,,,,,,,,,,,,,,,,1078.0,,,,
,1368.0,,,,,,,,,,,,,,,,,,,509.0,,,,
,912.0,,,,,,,,,,,,,,,,,,,1227.0,,,,
,377.0,,,,,,,,,,,,,,,,,,,535.0,,,,
,491.0,,,,,,,,,,,,,,,,,,,853.0,,,,
,543.0,,,,,,,,,,,,,,,,,,,608.0,,,,
,1146.0,,,,,,,,,,,,,,,,,,,532.0,,,,
,452.0,,,,,,,,,,,,,,,,,,,944.0,,,,
,1366.0,,,,,,,,,,,,,,,,,,,137.0,,,,
,67.0,,,,,,,,,,,,,,,,,,,1422.0,,,,
,100.0,,,,,,,,,,,,,,,,,,,208.0,,,,
,1195.0,,,,,,,,,,,,,,,,,,,133.0,,,,
,937.0,,,,,,,,,,,,,,,,,,,205.0,,,,
,154.0,,,,,,,,,,,,,,,,,,,1426.0,,,,
,312.0,,,,,,,,,,,,,,,,,,,361.0,,,,
,593.0,,,,,,,,,,,,,,,,,,,707.0,,,,
,636.0,,,,,,,,,,,,,,,,,,,1231.0,,,,
,219.0,,,,,,,,,,,,,,,,,,,1326.0,,,,
,1014.0,,,,,,,,,,,,,,,,,,,291.0,,,,
,1137.0,,,,,,,,,,,,,,,,,,,922.0,,,,
,1018.0,,,,,,,,,,,,,,,,,,,1492.0,,,,
,,,,,,,,,,,,,,,,,,,,1002.0,,,,
,,,,,,,,,,,,,,,,,,,,171.0,,,,
,,,,,,,,,,,,,,,,,,,,553.0,,,,
,,,,,,,,,,,,,,,,,,,,248.0,,,,
,,,,,,,,,,,,,,,,,,,,425.0,,,,
,,,,,,,,,,,,,,,,,,,,397.0,,,,
,,,,,,,,,,,,,,,,,,,,275.0,,,,
,,,,,,,,,,,,,,,,,,,,987.0,,,,
,,,,,,,,,,,,,,,,,,,,404.0,,,,
,,,,,,,,,,,,,,,,,,,,1438.0,,,,
,,,,,,,,,,,,,,,,,,,,1427.0,,,,
,,,,,,,,,,,,,,,,,,,,127.0,,,,
,,,,,,,,,,,,,,,,,,,,1146.0,,,,
,,,,,,,,,,,,,,,,,,,,62.0,,,,
,,,,,,,,,,,,,,,,,,,,477.0,,,,
,,,,,,,,,,,,,,,,,,,,70.0,,,,
,,,,,,,,,,,,,,,,,,,,1196.0,,,,
,,,,,,,,,,,,,,,,,,,,215.0,,,,
,,,,,,,,,,,,,,,,,,,,413.0,,,,
,,,,,,,,,,,,,,,,,,,,393.0,,,,
,,,,,,,,,,,,,,,,,,,,148.0,,,,
,,,,,,,,,,,,,,,,,,,,1281.0,,,,
,,,,,,,,,,,,,,,,,,,,1473.0,,,,
,,,,,,,,,,,,,,,,,,,,1413.0,,,,
,,,,,,,,,,,,,,,,,,,,92.0,,,,
,,,,,,,,,,,,,,,,,,,,597.0,,,,
,,,,,,,,,,,,,,,,,,,,219.0,,,,
,,,,,,,,,,,,,,,,,,,,810.0,,,,
,,,,,,,,,,,,,,,,,,,,574.0,,,,
,,,,,,,,,,,,,,,,,,,,118.0,,,,
