run_0,run_1,run_2,run_3,run_4,run_5,run_6,run_7,run_8,run_9,run_10,run_11,run_12,run_13,run_14,run_15,run_16,run_17,run_18,run_19,run_20,run_21,run_22,run_23,run_24
1295.0,1262.0,945.0,386.0,163.0,592.0,910.0,546.0,589.0,777.0,633.0,515.0,170.0,681.0,672.0,1108.0,943.0,1062.0,314.0,966.0,121.0,574.0,420.0,25.0,1288.0
406.0,571.0,1181.0,516.0,92.0,564.0,514.0,964.0,836.0,148.0,1192.0,662.0,247.0,723.0,705.0,1218.0,61.0,293.0,656.0,1219.0,643.0,806.0,910.0,1082.0,1272.0
1062.0,65.0,707.0,239.0,139.0,664.0,14.0,509.0,557.0,852.0,789.0,123.0,616.0,474.0,1205.0,595.0,1161.0,169.0,1203.0,307.0,1312.0,71.0,379.0,1312.0,792.0
202.0,115.0,1058.0,1027.0,961.0,742.0,263.0,1322.0,379.0,57.0,922.0,604.0,356.0,1156.0,584.0,1307.0,1093.0,590.0,655.0,60.0,1240.0,376.0,690.0,359.0,61.0
1192.0,1176.0,909.0,962.0,1204.0,625.0,1184.0,571.0,606.0,822.0,212.0,757.0,484.0,955.0,1130.0,926.0,291.0,104.0,1178.0,624.0,1076.0,1013.0,1035.0,571.0,332.0
186.0,446.0,556.0,820.0,1101.0,286.0,720.0,51.0,495.0,450.0,1109.0,632.0,1311.0,950.0,726.0,211.0,81.0,602.0,463.0,1132.0,730.0,803.0,607.0,1096.0,515.0
45.0,641.0,1031.0,160.0,871.0,720.0,1259.0,478.0,812.0,506.0,939.0,925.0,996.0,1181.0,1226.0,8.0,1181.0,742.0,14.0,18.0,506.0,232.0,706.0,422.0,915.0
487.0,852.0,677.0,1098.0,829.0,1291.0,1011.0,467.0,1164.0,679.0,450.0,1245.0,846.0,662.0,1120.0,504.0,294.0,692.0,281.0,1006.0,727.0,1274.0,1196.0,1200.0,1161.0
1193.0,903.0,1166.0,954.0,1234.0,492.0,256.0,1253.0,818.0,259.0,273.0,365.0,894.0,1149.0,812.0,870.0,1301.0,326.0,272.0,573.0,414.0,632.0,104.0,535.0,965.0
1178.0,857.0,532.0,588.0,13.0,166.0,512.0,522.0,540.0,702.0,756.0,128.0,667.0,293.0,959.0,1322.0,93.0,548.0,337.0,80.0,214.0,903.0,1141.0,1078.0,90.0
1085.0,267.0,713.0,6.0,164.0,609.0,816.0,1159.0,1072.0,36.0,1229.0,1280.0,201.0,148.0,391.0,377.0,1256.0,1113.0,1200.0,613.0,1251.0,542.0,604.0,746.0,1070.0
1194.0,599.0,1054.0,968.0,309.0,355.0,421.0,260.0,460.0,1106.0,628.0,233.0,1020.0,947.0,1104.0,40.0,469.0,1044.0,803.0,67.0,56.0,1064.0,863.0,209.0,634.0
774.0,889.0,395.0,1005.0,650.0,651.0,770.0,936.0,593.0,106.0,474.0,931.0,605.0,819.0,315.0,848.0,768.0,619.0,1312.0,177.0,1036.0,754.0,1172.0,316.0,268.0
743.0,1107.0,79.0,1288.0,305.0,587.0,338.0,1000.0,269.0,1011.0,1281.0,776.0,788.0,155.0,1274.0,521.0,995.0,582.0,674.0,556.0,471.0,1004.0,1190.0,88.0,147.0
1159.0,1141.0,667.0,597.0,1273.0,1116.0,1125.0,698.0,423.0,942.0,1261.0,27.0,500.0,1265.0,976.0,169.0,1323.0,863.0,42.0,1044.0,628.0,98.0,612.0,1296.0,9.0
512.0,1136.0,363.0,618.0,1301.0,954.0,822.0,271.0,890.0,512.0,1274.0,1154.0,1240.0,810.0,472.0,1147.0,928.0,370.0,1060.0,1210.0,1318.0,1170.0,1241.0,581.0,773.0
1187.0,708.0,62.0,59.0,62.0,382.0,977.0,566.0,545.0,1001.0,88.0,185.0,759.0,263.0,836.0,1263.0,230.0,685.0,483.0,225.0,986.0,479.0,1276.0,311.0,39.0
423.0,87.0,140.0,493.0,515.0,319.0,1034.0,531.0,885.0,231.0,1252.0,465.0,214.0,439.0,358.0,124.0,50.0,142.0,1001.0,238.0,934.0,146.0,786.0,976.0,610.0
829.0,542.0,1176.0,133.0,233.0,645.0,1262.0,164.0,1304.0,212.0,525.0,43.0,278.0,1151.0,1008.0,119.0,458.0,820.0,752.0,1027.0,154.0,753.0,70.0,637.0,457.0
1182.0,1299.0,1175.0,700.0,607.0,704.0,240.0,1218.0,362.0,1292.0,692.0,1306.0,1215.0,1100.0,794.0,780.0,85.0,1094.0,936.0,383.0,803.0,370.0,1087.0,387.0,737.0
724.0,1171.0,662.0,1177.0,556.0,1148.0,788.0,1234.0,271.0,379.0,527.0,205.0,983.0,596.0,904.0,1088.0,1255.0,835.0,943.0,,292.0,1125.0,1186.0,236.0,1005.0
46.0,666.0,1213.0,438.0,510.0,747.0,329.0,459.0,783.0,1060.0,1135.0,593.0,358.0,404.0,1053.0,312.0,162.0,785.0,123.0,,290.0,246.0,140.0,852.0,455.0
1041.0,1006.0,771.0,323.0,500.0,322.0,1213.0,148.0,470.0,197.0,903.0,1222.0,4.0,512.0,1172.0,615.0,655.0,916.0,1058.0,,1264.0,337.0,569.0,1153.0,795.0
1186.0,788.0,709.0,1006.0,1038.0,256.0,628.0,328.0,453.0,732.0,1305.0,623.0,1317.0,729.0,370.0,235.0,739.0,844.0,526.0,,500.0,453.0,771.0,274.0,118.0
351.0,239.0,1.0,997.0,995.0,1046.0,1289.0,54.0,544.0,695.0,4.0,1019.0,970.0,1259.0,583.0,1156.0,1192.0,1242.0,79.0,,33.0,421.0,310.0,34.0,1027.0
1096.0,1112.0,283.0,165.0,1263.0,1298.0,178.0,838.0,420.0,110.0,115.0,135.0,817.0,1243.0,568.0,563.0,91.0,584.0,1159.0,,378.0,277.0,1201.0,663.0,179.0
628.0,96.0,282.0,791.0,276.0,590.0,976.0,332.0,560.0,1105.0,660.0,402.0,659.0,1112.0,619.0,78.0,582.0,399.0,1135.0,,25.0,1127.0,785.0,834.0,1248.0
1316.0,977.0,967.0,924.0,387.0,239.0,981.0,689.0,448.0,1260.0,1007.0,654.0,1241.0,1306.0,44.0,889.0,948.0,1088.0,848.0,,544.0,587.0,926.0,760.0,806.0
1307.0,1206.0,1258.0,563.0,489.0,119.0,61.0,1192.0,1320.0,724.0,916.0,1301.0,893.0,1247.0,405.0,1139.0,1246.0,563.0,604.0,,36.0,1080.0,338.0,622.0,224.0
1007.0,451.0,1263.0,643.0,1232.0,806.0,204.0,909.0,526.0,923.0,654.0,166.0,1254.0,107.0,89.0,653.0,47.0,455.0,188.0,,330.0,487.0,322.0,265.0,666.0
118.0,393.0,950.0,827.0,664.0,1132.0,961.0,80.0,520.0,726.0,1324.0,533.0,14.0,1089.0,580.0,568.0,743.0,244.0,1204.0,,921.0,252.0,660.0,177.0,1011.0
1012.0,512.0,142.0,629.0,1226.0,471.0,1059.0,106.0,605.0,1177.0,1181.0,622.0,656.0,39.0,471.0,786.0,295.0,444.0,537.0,,93.0,19.0,514.0,1215.0,173.0
782.0,331.0,955.0,407.0,883.0,883.0,569.0,114.0,972.0,330.0,1189.0,437.0,805.0,49.0,354.0,1035.0,748.0,238.0,279.0,,1275.0,1294.0,623.0,373.0,919.0
411.0,291.0,1133.0,370.0,0.0,1163.0,1210.0,874.0,80.0,31.0,59.0,227.0,1101.0,1058.0,137.0,669.0,525.0,1015.0,156.0,,447.0,838.0,979.0,1182.0,357.0
1002.0,1084.0,1110.0,1234.0,1147.0,856.0,507.0,712.0,795.0,1300.0,1236.0,828.0,27.0,1257.0,348.0,625.0,532.0,253.0,959.0,,293.0,451.0,198.0,621.0,83.0
1109.0,979.0,1320.0,108.0,122.0,580.0,350.0,934.0,1155.0,209.0,1201.0,728.0,1290.0,643.0,343.0,100.0,841.0,798.0,1300.0,,361.0,591.0,693.0,449.0,1282.0
609.0,1235.0,645.0,1139.0,236.0,584.0,355.0,1193.0,677.0,437.0,608.0,754.0,273.0,1277.0,338.0,800.0,1263.0,907.0,887.0,,856.0,982.0,894.0,1081.0,1284.0
82.0,1161.0,10.0,471.0,213.0,943.0,166.0,983.0,1127.0,0.0,1303.0,566.0,689.0,33.0,1046.0,611.0,152.0,587.0,1092.0,,954.0,860.0,1231.0,98.0,1168.0
812.0,353.0,157.0,437.0,336.0,131.0,1093.0,227.0,1252.0,746.0,764.0,724.0,771.0,766.0,1007.0,551.0,338.0,695.0,155.0,,1008.0,1248.0,1008.0,74.0,1250.0
381.0,319.0,162.0,353.0,709.0,641.0,686.0,1140.0,1278.0,519.0,809.0,412.0,134.0,157.0,423.0,166.0,1008.0,864.0,1093.0,,65.0,683.0,473.0,474.0,631.0
52.0,761.0,1160.0,780.0,916.0,1032.0,821.0,421.0,958.0,60.0,967.0,95.0,1121.0,784.0,854.0,1212.0,793.0,43.0,398.0,,42.0,1305.0,62.0,471.0,1198.0
938.0,882.0,156.0,375.0,1153.0,846.0,848.0,898.0,666.0,768.0,336.0,836.0,641.0,139.0,439.0,1060.0,1.0,47.0,481.0,,456.0,714.0,219.0,935.0,78.0
301.0,1130.0,304.0,876.0,22.0,634.0,1031.0,957.0,1093.0,880.0,1015.0,794.0,300.0,1023.0,486.0,688.0,127.0,493.0,9.0,,158.0,1068.0,1247.0,882.0,444.0
841.0,461.0,182.0,1242.0,1011.0,234.0,1067.0,1231.0,1095.0,905.0,1069.0,55.0,678.0,785.0,868.0,651.0,826.0,300.0,812.0,,335.0,570.0,340.0,603.0,1140.0
1312.0,373.0,625.0,853.0,923.0,124.0,548.0,308.0,1036.0,1085.0,1278.0,1115.0,1226.0,538.0,0.0,623.0,1066.0,554.0,1040.0,,1319.0,910.0,781.0,693.0,158.0
449.0,288.0,1216.0,582.0,766.0,502.0,858.0,896.0,642.0,561.0,387.0,1117.0,1224.0,458.0,595.0,917.0,492.0,788.0,136.0,,1221.0,424.0,713.0,890.0,265.0
571.0,217.0,256.0,510.0,203.0,1263.0,395.0,293.0,1246.0,399.0,47.0,839.0,964.0,1269.0,669.0,152.0,64.0,905.0,1024.0,,493.0,790.0,1095.0,179.0,807.0
485.0,736.0,128.0,105.0,524.0,598.0,187.0,564.0,328.0,224.0,1029.0,397.0,31.0,1317.0,1237.0,349.0,1215.0,112.0,292.0,,502.0,392.0,1097.0,930.0,1270.0
1134.0,419.0,345.0,983.0,1305.0,242.0,1138.0,663.0,1211.0,502.0,195.0,703.0,653.0,1107.0,227.0,788.0,818.0,264.0,1056.0,,1115.0,1180.0,1104.0,377.0,747.0
818.0,188.0,925.0,1289.0,1225.0,282.0,411.0,415.0,877.0,443.0,508.0,252.0,786.0,606.0,139.0,932.0,688.0,539.0,461.0,,788.0,387.0,769.0,1083.0,891.0
1315.0,1038.0,1245.0,339.0,735.0,661.0,538.0,102.0,1257.0,452.0,1230.0,1178.0,258.0,387.0,765.0,1324.0,202.0,575.0,589.0,,201.0,325.0,565.0,389.0,775.0
773.0,109.0,797.0,312.0,663.0,929.0,137.0,169.0,839.0,1134.0,580.0,505.0,1230.0,863.0,970.0,731.0,698.0,1311.0,715.0,,445.0,661.0,759.0,605.0,843.0
1.0,1307.0,299.0,1163.0,795.0,837.0,226.0,915.0,309.0,144.0,546.0,792.0,1203.0,687.0,930.0,132.0,813.0,850.0,504.0,,1005.0,502.0,1128.0,959.0,333.0
733.0,1081.0,610.0,321.0,107.0,132.0,1286.0,725.0,1049.0,851.0,952.0,920.0,148.0,735.0,557.0,730.0,704.0,1016.0,465.0,,1088.0,1132.0,615.0,1174.0,922.0
284.0,412.0,456.0,670.0,1133.0,662.0,833.0,117.0,65.0,903.0,1276.0,139.0,752.0,1155.0,646.0,583.0,1038.0,1299.0,491.0,,371.0,101.0,73.0,597.0,1121.0
897.0,330.0,721.0,807.0,321.0,324.0,732.0,662.0,1209.0,770.0,1224.0,249.0,921.0,215.0,1058.0,843.0,207.0,338.0,523.0,,449.0,505.0,113.0,716.0,149.0
11.0,652.0,1219.0,569.0,1293.0,235.0,540.0,197.0,1272.0,706.0,1292.0,1164.0,263.0,416.0,687.0,706.0,1106.0,936.0,616.0,,918.0,109.0,705.0,734.0,435.0
331.0,909.0,599.0,917.0,466.0,1278.0,841.0,561.0,433.0,814.0,647.0,119.0,360.0,440.0,134.0,648.0,877.0,127.0,17.0,,596.0,925.0,380.0,889.0,437.0
1091.0,865.0,981.0,164.0,562.0,318.0,903.0,388.0,825.0,1148.0,847.0,87.0,1123.0,450.0,800.0,1278.0,82.0,1064.0,1121.0,,280.0,422.0,348.0,795.0,903.0
220.0,14.0,235.0,809.0,770.0,529.0,619.0,262.0,623.0,74.0,491.0,269.0,1049.0,262.0,721.0,1230.0,1150.0,1199.0,607.0,,387.0,46.0,751.0,747.0,533.0
63.0,1062.0,1001.0,185.0,231.0,919.0,633.0,625.0,1221.0,1192.0,274.0,373.0,197.0,266.0,933.0,1166.0,304.0,621.0,424.0,,909.0,700.0,426.0,1100.0,570.0
1309.0,207.0,397.0,495.0,478.0,456.0,475.0,695.0,753.0,173.0,262.0,1152.0,1315.0,1264.0,1118.0,378.0,520.0,272.0,622.0,,908.0,1270.0,1147.0,499.0,1050.0
1259.0,161.0,1180.0,1115.0,1207.0,416.0,1212.0,205.0,614.0,413.0,31.0,0.0,1015.0,206.0,1299.0,204.0,507.0,794.0,479.0,,763.0,601.0,141.0,158.0,761.0
313.0,402.0,850.0,100.0,208.0,1166.0,1035.0,35.0,575.0,223.0,1279.0,1168.0,861.0,253.0,85.0,937.0,699.0,41.0,484.0,,705.0,819.0,205.0,437.0,1156.0
1046.0,0.0,152.0,1302.0,737.0,101.0,531.0,1104.0,21.0,783.0,853.0,98.0,698.0,149.0,671.0,408.0,673.0,96.0,303.0,,8.0,1090.0,1132.0,294.0,1026.0
444.0,856.0,551.0,878.0,327.0,385.0,1078.0,1209.0,313.0,538.0,826.0,466.0,932.0,364.0,276.0,561.0,559.0,1260.0,611.0,,1309.0,907.0,761.0,351.0,1020.0
569.0,147.0,1007.0,1220.0,273.0,438.0,660.0,697.0,930.0,1137.0,42.0,1289.0,1063.0,1126.0,166.0,1158.0,465.0,13.0,469.0,,713.0,104.0,636.0,295.0,753.0
450.0,227.0,1060.0,596.0,149.0,989.0,320.0,553.0,1084.0,862.0,558.0,1048.0,1238.0,1169.0,442.0,768.0,766.0,934.0,578.0,,726.0,317.0,254.0,1011.0,1102.0
815.0,1220.0,1141.0,78.0,1170.0,203.0,625.0,628.0,350.0,821.0,512.0,569.0,1157.0,770.0,347.0,145.0,1240.0,143.0,430.0,,1098.0,258.0,466.0,607.0,367.0
308.0,1301.0,1238.0,1110.0,856.0,572.0,1204.0,719.0,316.0,219.0,328.0,341.0,923.0,619.0,871.0,342.0,542.0,414.0,660.0,,796.0,1118.0,344.0,1154.0,1264.0
526.0,349.0,527.0,529.0,113.0,578.0,1063.0,287.0,1059.0,1030.0,97.0,309.0,1127.0,1084.0,1063.0,658.0,549.0,1215.0,71.0,,235.0,1129.0,1308.0,333.0,715.0
393.0,24.0,868.0,410.0,385.0,746.0,96.0,155.0,553.0,171.0,876.0,69.0,335.0,692.0,926.0,25.0,1321.0,1231.0,1240.0,,671.0,1183.0,52.0,346.0,617.0
1138.0,1041.0,410.0,384.0,825.0,13.0,1320.0,218.0,231.0,281.0,431.0,611.0,664.0,319.0,919.0,135.0,359.0,118.0,413.0,,12.0,539.0,469.0,508.0,739.0
320.0,970.0,325.0,1193.0,1071.0,401.0,736.0,1302.0,197.0,1320.0,550.0,126.0,41.0,1049.0,29.0,840.0,160.0,642.0,478.0,,929.0,296.0,1073.0,958.0,226.0
167.0,871.0,895.0,87.0,143.0,269.0,111.0,1202.0,859.0,521.0,808.0,916.0,434.0,1069.0,777.0,427.0,315.0,215.0,1229.0,,120.0,725.0,1038.0,249.0,1096.0
592.0,619.0,139.0,620.0,956.0,673.0,1268.0,1024.0,1165.0,652.0,78.0,66.0,1302.0,1027.0,1227.0,491.0,1014.0,811.0,682.0,,807.0,741.0,102.0,800.0,1300.0
669.0,69.0,1287.0,990.0,590.0,556.0,267.0,1029.0,1280.0,654.0,417.0,995.0,566.0,470.0,251.0,240.0,801.0,454.0,901.0,,1260.0,593.0,1214.0,829.0,1081.0
225.0,1054.0,1045.0,421.0,821.0,1233.0,467.0,846.0,1137.0,332.0,773.0,981.0,357.0,0.0,963.0,482.0,416.0,296.0,733.0,,995.0,855.0,249.0,1151.0,213.0
132.0,283.0,718.0,494.0,1239.0,566.0,1113.0,908.0,36.0,227.0,960.0,371.0,512.0,510.0,198.0,315.0,196.0,391.0,1269.0,,738.0,596.0,624.0,1014.0,1110.0
711.0,1300.0,648.0,21.0,680.0,134.0,809.0,633.0,830.0,1224.0,1143.0,398.0,995.0,222.0,95.0,1290.0,792.0,585.0,147.0,,614.0,1101.0,596.0,563.0,987.0
445.0,1138.0,394.0,866.0,1116.0,277.0,717.0,255.0,1082.0,129.0,384.0,1286.0,1211.0,1097.0,112.0,844.0,678.0,688.0,1184.0,,0.0,989.0,401.0,624.0,746.0
268.0,837.0,1224.0,217.0,1043.0,1322.0,606.0,914.0,985.0,478.0,231.0,1277.0,0.0,1241.0,679.0,416.0,1122.0,1301.0,140.0,,678.0,480.0,1124.0,106.0,95.0
467.0,516.0,344.0,371.0,166.0,791.0,523.0,1324.0,1053.0,580.0,1038.0,1049.0,555.0,70.0,1168.0,106.0,919.0,248.0,1255.0,,1136.0,942.0,1150.0,434.0,971.0
653.0,279.0,1044.0,381.0,378.0,289.0,363.0,889.0,539.0,44.0,393.0,767.0,1073.0,1064.0,942.0,1270.0,1077.0,48.0,587.0,,324.0,445.0,101.0,554.0,968.0
893.0,959.0,561.0,526.0,530.0,749.0,435.0,724.0,100.0,354.0,219.0,765.0,77.0,946.0,666.0,752.0,328.0,1173.0,339.0,,427.0,471.0,934.0,954.0,1111.0
962.0,1170.0,829.0,801.0,1267.0,733.0,817.0,748.0,469.0,84.0,1211.0,951.0,591.0,941.0,53.0,1319.0,728.0,1186.0,610.0,,944.0,94.0,1138.0,737.0,302.0
879.0,112.0,1299.0,1024.0,90.0,398.0,105.0,145.0,1200.0,662.0,46.0,186.0,162.0,86.0,969.0,1039.0,1170.0,1171.0,390.0,,64.0,623.0,1252.0,329.0,1209.0
648.0,114.0,389.0,1208.0,1169.0,1071.0,207.0,394.0,1286.0,1127.0,1174.0,1046.0,1074.0,507.0,320.0,560.0,1059.0,599.0,828.0,,159.0,1292.0,637.0,306.0,371.0
1065.0,215.0,782.0,600.0,554.0,138.0,1167.0,161.0,1122.0,419.0,570.0,1122.0,668.0,1136.0,673.0,224.0,736.0,1278.0,360.0,,411.0,48.0,1129.0,465.0,336.0
589.0,835.0,37.0,1274.0,326.0,1023.0,759.0,1100.0,924.0,868.0,698.0,270.0,812.0,1226.0,949.0,1317.0,1265.0,311.0,489.0,,248.0,306.0,176.0,817.0,650.0
178.0,1238.0,743.0,606.0,54.0,1194.0,104.0,792.0,1199.0,872.0,769.0,896.0,362.0,84.0,1140.0,27.0,880.0,527.0,811.0,,307.0,1175.0,955.0,248.0,955.0
233.0,1194.0,441.0,511.0,915.0,726.0,651.0,681.0,334.0,334.0,815.0,557.0,1067.0,4.0,1245.0,1180.0,932.0,1080.0,756.0,,153.0,1269.0,235.0,822.0,765.0
420.0,777.0,762.0,776.0,72.0,226.0,1069.0,1128.0,692.0,517.0,1071.0,540.0,860.0,102.0,725.0,1146.0,212.0,12.0,1170.0,,1027.0,525.0,354.0,1055.0,823.0
945.0,285.0,539.0,489.0,918.0,1042.0,351.0,731.0,1167.0,1173.0,395.0,1028.0,693.0,19.0,1052.0,434.0,605.0,490.0,896.0,,357.0,633.0,243.0,805.0,316.0
372.0,48.0,763.0,759.0,813.0,1000.0,386.0,1092.0,1311.0,211.0,691.0,474.0,164.0,278.0,939.0,325.0,545.0,1135.0,723.0,,610.0,970.0,1105.0,684.0,1018.0
28.0,816.0,453.0,1023.0,1161.0,534.0,881.0,1108.0,288.0,274.0,383.0,470.0,57.0,242.0,821.0,1243.0,920.0,1304.0,941.0,,826.0,776.0,1114.0,646.0,107.0
946.0,877.0,484.0,359.0,1172.0,1072.0,229.0,337.0,1215.0,255.0,240.0,1181.0,230.0,413.0,94.0,743.0,848.0,717.0,416.0,,917.0,213.0,2.0,711.0,1106.0
823.0,783.0,314.0,741.0,105.0,1321.0,825.0,463.0,827.0,808.0,129.0,1247.0,513.0,605.0,103.0,784.0,1318.0,1195.0,201.0,,1177.0,949.0,563.0,257.0,38.0
401.0,939.0,992.0,694.0,1137.0,840.0,574.0,630.0,1235.0,114.0,941.0,641.0,457.0,238.0,333.0,826.0,68.0,766.0,37.0,,846.0,1299.0,1258.0,652.0,148.0
371.0,463.0,982.0,507.0,1151.0,470.0,908.0,48.0,939.0,593.0,483.0,178.0,1136.0,621.0,41.0,771.0,1003.0,450.0,659.0,,141.0,538.0,446.0,175.0,809.0
942.0,646.0,606.0,548.0,1208.0,689.0,1002.0,204.0,284.0,406.0,54.0,1223.0,1111.0,1024.0,398.0,481.0,389.0,64.0,570.0,,,668.0,182.0,472.0,502.0
502.0,912.0,487.0,937.0,575.0,773.0,987.0,147.0,834.0,369.0,307.0,1293.0,1135.0,598.0,1206.0,785.0,187.0,97.0,1222.0,,,73.0,388.0,479.0,1213.0
918.0,1090.0,55.0,963.0,1184.0,1093.0,982.0,586.0,161.0,96.0,652.0,228.0,491.0,280.0,1054.0,440.0,289.0,583.0,1120.0,,,303.0,908.0,154.0,614.0
388.0,1255.0,795.0,916.0,243.0,1289.0,231.0,596.0,1133.0,699.0,1220.0,639.0,9.0,730.0,808.0,1068.0,754.0,768.0,326.0,,,1201.0,1006.0,1072.0,1076.0
329.0,592.0,611.0,1063.0,1247.0,778.0,650.0,602.0,174.0,820.0,821.0,545.0,952.0,971.0,613.0,445.0,536.0,546.0,1181.0,,,145.0,1270.0,84.0,719.0
574.0,1043.0,566.0,264.0,367.0,273.0,172.0,61.0,300.0,1151.0,595.0,585.0,1182.0,166.0,989.0,935.0,795.0,829.0,843.0,,,55.0,529.0,160.0,237.0
1030.0,93.0,1221.0,259.0,691.0,707.0,860.0,595.0,1143.0,1302.0,958.0,844.0,202.0,640.0,406.0,1134.0,592.0,1154.0,775.0,,,481.0,606.0,27.0,909.0
950.0,809.0,144.0,1012.0,324.0,670.0,282.0,1179.0,1174.0,1264.0,729.0,455.0,1097.0,779.0,517.0,1105.0,865.0,949.0,954.0,,,530.0,1257.0,1064.0,1233.0
1273.0,459.0,715.0,677.0,968.0,481.0,458.0,99.0,989.0,1163.0,1212.0,682.0,922.0,966.0,737.0,1280.0,1033.0,181.0,1271.0,,,520.0,889.0,1063.0,938.0
442.0,12.0,1088.0,60.0,836.0,1268.0,335.0,109.0,477.0,107.0,1282.0,1201.0,560.0,56.0,479.0,199.0,53.0,1040.0,939.0,,,407.0,788.0,526.0,758.0
1280.0,763.0,19.0,174.0,702.0,1016.0,54.0,619.0,931.0,204.0,,969.0,811.0,1281.0,569.0,849.0,1135.0,1019.0,450.0,,,300.0,355.0,476.0,838.0
992.0,200.0,146.0,1159.0,833.0,941.0,1207.0,1169.0,141.0,205.0,,1024.0,833.0,680.0,549.0,681.0,300.0,532.0,378.0,,,588.0,1281.0,791.0,539.0
576.0,880.0,986.0,1076.0,1090.0,1169.0,426.0,1028.0,471.0,560.0,,318.0,974.0,794.0,1308.0,317.0,1010.0,476.0,137.0,,,732.0,248.0,831.0,613.0
1071.0,888.0,1319.0,213.0,765.0,1124.0,402.0,763.0,378.0,147.0,,972.0,20.0,369.0,971.0,192.0,415.0,782.0,814.0,,,1102.0,1303.0,598.0,1241.0
115.0,730.0,519.0,411.0,483.0,1058.0,346.0,1038.0,1207.0,530.0,,447.0,437.0,565.0,32.0,633.0,629.0,996.0,743.0,,,947.0,516.0,960.0,207.0
582.0,251.0,680.0,313.0,355.0,1305.0,1133.0,93.0,468.0,73.0,,1196.0,666.0,1219.0,1127.0,890.0,630.0,508.0,254.0,,,1018.0,36.0,566.0,755.0
1264.0,998.0,655.0,1282.0,695.0,788.0,450.0,907.0,365.0,53.0,,149.0,367.0,378.0,548.0,524.0,1298.0,251.0,96.0,,,833.0,764.0,102.0,476.0
106.0,177.0,640.0,598.0,1016.0,288.0,423.0,372.0,875.0,1039.0,,690.0,467.0,1310.0,709.0,266.0,1282.0,91.0,1220.0,,,1032.0,1195.0,141.0,195.0
888.0,1102.0,822.0,455.0,1130.0,782.0,1071.0,816.0,335.0,714.0,,294.0,1086.0,1119.0,11.0,569.0,150.0,611.0,962.0,,,130.0,1047.0,1023.0,626.0
99.0,1234.0,485.0,768.0,222.0,1172.0,1079.0,477.0,821.0,584.0,,1106.0,766.0,1298.0,444.0,428.0,1097.0,670.0,186.0,,,1167.0,734.0,1238.0,951.0
120.0,861.0,422.0,360.0,732.0,439.0,121.0,404.0,4.0,1190.0,,356.0,511.0,232.0,142.0,51.0,530.0,629.0,1152.0,,,182.0,716.0,568.0,609.0
29.0,680.0,908.0,1266.0,570.0,610.0,145.0,639.0,1216.0,1066.0,,1015.0,756.0,1180.0,291.0,809.0,904.0,231.0,721.0,,,826.0,382.0,1098.0,1179.0
746.0,1147.0,481.0,1136.0,1255.0,543.0,474.0,853.0,1204.0,994.0,,19.0,101.0,1216.0,796.0,69.0,112.0,526.0,1247.0,,,278.0,574.0,1123.0,1000.0
1066.0,1213.0,830.0,302.0,431.0,1137.0,1048.0,1053.0,567.0,460.0,,905.0,1277.0,400.0,802.0,828.0,1218.0,1115.0,993.0,,,143.0,775.0,303.0,1317.0
1291.0,1254.0,508.0,650.0,444.0,1089.0,1010.0,317.0,732.0,412.0,,646.0,61.0,1283.0,1257.0,374.0,1175.0,952.0,1132.0,,,1162.0,128.0,660.0,1104.0
265.0,1124.0,949.0,722.0,565.0,54.0,1073.0,565.0,33.0,362.0,,145.0,604.0,55.0,487.0,1193.0,720.0,424.0,1308.0,,,11.0,519.0,296.0,68.0
218.0,292.0,811.0,710.0,1319.0,1221.0,564.0,524.0,638.0,1290.0,,305.0,1206.0,849.0,515.0,782.0,144.0,693.0,20.0,,,90.0,1243.0,768.0,159.0
1082.0,760.0,657.0,669.0,485.0,337.0,969.0,1141.0,180.0,50.0,,1129.0,346.0,34.0,1019.0,287.0,440.0,237.0,1167.0,,,100.0,639.0,995.0,1127.0
1205.0,964.0,1201.0,707.0,284.0,676.0,1261.0,980.0,377.0,739.0,,864.0,796.0,811.0,740.0,1110.0,170.0,1143.0,694.0,,,27.0,984.0,1107.0,1098.0
778.0,245.0,681.0,402.0,560.0,448.0,1081.0,410.0,401.0,609.0,,497.0,353.0,41.0,856.0,478.0,715.0,1312.0,333.0,,,8.0,0.0,13.0,352.0
107.0,1027.0,1032.0,351.0,472.0,490.0,959.0,883.0,349.0,237.0,,744.0,897.0,273.0,68.0,61.0,191.0,259.0,380.0,,,943.0,732.0,939.0,491.0
124.0,313.0,1236.0,84.0,1201.0,899.0,1146.0,295.0,394.0,1276.0,,15.0,23.0,309.0,433.0,994.0,639.0,761.0,29.0,,,1231.0,663.0,244.0,203.0
1292.0,238.0,578.0,461.0,1202.0,640.0,51.0,180.0,403.0,111.0,,894.0,1263.0,519.0,344.0,733.0,306.0,697.0,944.0,,,946.0,178.0,108.0,198.0
716.0,780.0,805.0,242.0,1166.0,60.0,1202.0,88.0,95.0,1274.0,,612.0,553.0,631.0,625.0,677.0,349.0,900.0,793.0,,,1255.0,739.0,454.0,453.0
664.0,105.0,941.0,655.0,343.0,1301.0,676.0,443.0,186.0,673.0,,494.0,1308.0,285.0,805.0,644.0,1004.0,1306.0,217.0,,,1308.0,888.0,1017.0,547.0
780.0,840.0,1000.0,1068.0,415.0,167.0,406.0,1157.0,868.0,850.0,,1290.0,743.0,1235.0,1143.0,150.0,1238.0,234.0,125.0,,,320.0,144.0,979.0,376.0
1045.0,228.0,719.0,644.0,1248.0,868.0,369.0,1312.0,800.0,621.0,,1248.0,782.0,1198.0,175.0,586.0,336.0,440.0,207.0,,,747.0,952.0,313.0,861.0
956.0,40.0,720.0,848.0,116.0,870.0,875.0,844.0,779.0,570.0,,259.0,1314.0,274.0,929.0,1163.0,951.0,990.0,332.0,,,552.0,1154.0,1232.0,1243.0
791.0,1051.0,1283.0,549.0,174.0,1154.0,533.0,1161.0,1104.0,864.0,,993.0,533.0,1228.0,937.0,82.0,751.0,23.0,436.0,,,606.0,512.0,23.0,401.0
767.0,976.0,1022.0,1100.0,950.0,477.0,1291.0,1269.0,474.0,1201.0,,591.0,62.0,1165.0,1324.0,1005.0,1280.0,42.0,488.0,,,332.0,106.0,1124.0,1287.0
704.0,1229.0,621.0,324.0,214.0,860.0,937.0,1119.0,370.0,914.0,,912.0,581.0,656.0,906.0,1029.0,140.0,1058.0,1317.0,,,456.0,1306.0,1075.0,20.0
508.0,922.0,321.0,215.0,396.0,1285.0,972.0,921.0,1051.0,883.0,,363.0,11.0,183.0,380.0,316.0,1207.0,1032.0,880.0,,,255.0,247.0,873.0,30.0
722.0,681.0,102.0,1157.0,1322.0,1271.0,81.0,501.0,77.0,575.0,,52.0,312.0,1227.0,170.0,31.0,505.0,772.0,195.0,,,952.0,1123.0,1263.0,877.0
137.0,483.0,240.0,951.0,849.0,913.0,742.0,805.0,1030.0,32.0,,1036.0,807.0,57.0,1270.0,1295.0,1247.0,650.0,1223.0,,,394.0,779.0,100.0,1294.0
322.0,1.0,290.0,547.0,379.0,631.0,953.0,799.0,643.0,297.0,,1252.0,76.0,520.0,546.0,1271.0,1269.0,608.0,318.0,,,314.0,517.0,73.0,1100.0
392.0,25.0,872.0,119.0,684.0,452.0,1123.0,448.0,852.0,277.0,,852.0,857.0,1311.0,1281.0,1151.0,1075.0,630.0,623.0,,,409.0,945.0,549.0,106.0
1268.0,132.0,1313.0,686.0,847.0,377.0,39.0,972.0,299.0,818.0,,85.0,634.0,323.0,716.0,802.0,420.0,106.0,1283.0,,,822.0,881.0,162.0,353.0
1018.0,308.0,16.0,357.0,290.0,41.0,831.0,1056.0,991.0,819.0,,1212.0,1148.0,899.0,814.0,1008.0,1262.0,1011.0,1003.0,,,845.0,847.0,277.0,916.0
1072.0,1015.0,880.0,875.0,1315.0,287.0,609.0,1155.0,386.0,1113.0,,1221.0,1316.0,666.0,21.0,965.0,543.0,302.0,540.0,,,1217.0,155.0,710.0,682.0
872.0,225.0,1244.0,1105.0,204.0,244.0,1115.0,429.0,602.0,18.0,,183.0,911.0,1249.0,167.0,1140.0,347.0,711.0,338.0,,,458.0,87.0,50.0,952.0
213.0,834.0,979.0,111.0,439.0,969.0,1290.0,678.0,466.0,397.0,,551.0,1091.0,336.0,1071.0,1187.0,1309.0,73.0,409.0,,,622.0,726.0,369.0,880.0
1281.0,573.0,1261.0,88.0,622.0,1109.0,508.0,1142.0,489.0,1101.0,,1043.0,1028.0,284.0,1096.0,1201.0,424.0,1111.0,1307.0,,,718.0,1226.0,1089.0,673.0
192.0,242.0,176.0,14.0,1311.0,1202.0,855.0,850.0,252.0,749.0,,75.0,489.0,919.0,1208.0,289.0,312.0,1.0,1213.0,,,144.0,112.0,398.0,540.0
772.0,659.0,65.0,234.0,398.0,1096.0,947.0,1251.0,653.0,911.0,,103.0,229.0,1030.0,514.0,629.0,608.0,289.0,323.0,,,403.0,547.0,564.0,144.0
248.0,38.0,999.0,841.0,123.0,850.0,1009.0,1177.0,182.0,693.0,,355.0,205.0,59.0,14.0,1002.0,256.0,1216.0,180.0,,,103.0,938.0,584.0,662.0
1123.0,711.0,901.0,204.0,593.0,565.0,40.0,1074.0,701.0,469.0,,620.0,502.0,773.0,120.0,88.0,266.0,808.0,1272.0,,,934.0,1037.0,615.0,4.0
398.0,849.0,659.0,684.0,914.0,852.0,1247.0,275.0,1052.0,269.0,,463.0,1268.0,508.0,397.0,313.0,791.0,925.0,1010.0,,,816.0,28.0,374.0,929.0
830.0,754.0,1255.0,247.0,189.0,560.0,414.0,274.0,926.0,870.0,,1278.0,15.0,1028.0,915.0,1262.0,1168.0,691.0,467.0,,,426.0,1157.0,344.0,1268.0
1139.0,799.0,332.0,1116.0,527.0,230.0,358.0,55.0,943.0,1179.0,,377.0,328.0,414.0,430.0,1221.0,526.0,1027.0,309.0,,,349.0,126.0,459.0,1208.0
1114.0,547.0,1273.0,847.0,823.0,1171.0,851.0,240.0,1058.0,335.0,,351.0,276.0,462.0,701.0,671.0,261.0,100.0,253.0,,,1247.0,579.0,1118.0,1036.0
23.0,321.0,149.0,1292.0,1281.0,1272.0,482.0,351.0,600.0,1125.0,,358.0,1231.0,673.0,1059.0,896.0,884.0,141.0,61.0,,,779.0,451.0,980.0,1131.0
175.0,608.0,265.0,794.0,886.0,34.0,1282.0,1064.0,111.0,1044.0,,105.0,982.0,609.0,520.0,1044.0,1076.0,312.0,247.0,,,418.0,815.0,192.0,953.0
160.0,368.0,591.0,896.0,8.0,991.0,23.0,241.0,615.0,1128.0,,124.0,113.0,182.0,881.0,689.0,368.0,1230.0,342.0,,,1019.0,267.0,931.0,472.0
1201.0,340.0,1193.0,1130.0,42.0,1101.0,1014.0,779.0,844.0,137.0,,1093.0,504.0,548.0,500.0,33.0,788.0,1289.0,978.0,,,974.0,253.0,686.0,907.0
159.0,764.0,1212.0,821.0,380.0,904.0,1272.0,14.0,731.0,177.0,,1027.0,990.0,417.0,1086.0,38.0,1242.0,667.0,857.0,,,567.0,341.0,317.0,1267.0
1017.0,1115.0,459.0,43.0,617.0,745.0,951.0,1303.0,463.0,715.0,,101.0,250.0,141.0,1006.0,1037.0,620.0,1321.0,1261.0,,,818.0,1233.0,527.0,1251.0
974.0,1324.0,547.0,718.0,185.0,1304.0,673.0,42.0,1181.0,1021.0,,627.0,144.0,6.0,960.0,1255.0,397.0,398.0,1301.0,,,442.0,510.0,674.0,973.0
1067.0,920.0,1020.0,1133.0,662.0,706.0,442.0,1165.0,1298.0,387.0,,279.0,1142.0,585.0,1258.0,1078.0,740.0,177.0,376.0,,,755.0,1322.0,809.0,291.0
428.0,1167.0,812.0,819.0,63.0,679.0,1128.0,209.0,1267.0,1045.0,,406.0,394.0,534.0,723.0,487.0,1286.0,1219.0,426.0,,,824.0,346.0,161.0,670.0
1010.0,568.0,1228.0,948.0,1079.0,1131.0,991.0,902.0,1319.0,607.0,,919.0,933.0,1007.0,719.0,1142.0,197.0,434.0,615.0,,,115.0,1089.0,659.0,802.0
997.0,844.0,696.0,952.0,869.0,308.0,1066.0,461.0,804.0,988.0,,1033.0,86.0,1068.0,810.0,1197.0,625.0,931.0,744.0,,,1066.0,1204.0,717.0,717.0
973.0,1065.0,722.0,1131.0,410.0,170.0,496.0,539.0,570.0,1204.0,,20.0,1035.0,761.0,736.0,1313.0,210.0,257.0,1142.0,,,959.0,566.0,657.0,1237.0
27.0,894.0,848.0,1119.0,427.0,1303.0,484.0,373.0,371.0,425.0,,1094.0,928.0,239.0,1123.0,1207.0,989.0,1167.0,700.0,,,807.0,515.0,131.0,347.0
581.0,43.0,161.0,73.0,881.0,970.0,630.0,607.0,838.0,594.0,,932.0,66.0,629.0,964.0,194.0,1147.0,558.0,240.0,,,665.0,245.0,851.0,1037.0
54.0,962.0,575.0,981.0,109.0,629.0,897.0,177.0,452.0,272.0,,812.0,299.0,1263.0,207.0,1174.0,1268.0,776.0,902.0,,,80.0,924.0,991.0,1188.0
497.0,661.0,1034.0,800.0,187.0,1152.0,998.0,369.0,133.0,507.0,,1235.0,682.0,932.0,694.0,960.0,874.0,810.0,847.0,,,112.0,1221.0,837.0,1189.0
154.0,699.0,1232.0,482.0,996.0,6.0,470.0,193.0,294.0,17.0,,13.0,1216.0,1125.0,1157.0,1089.0,102.0,418.0,249.0,,,656.0,1158.0,1013.0,928.0
685.0,953.0,433.0,601.0,1008.0,1314.0,149.0,1107.0,118.0,251.0,,285.0,330.0,1015.0,1310.0,483.0,965.0,678.0,1183.0,,,1184.0,695.0,1156.0,1319.0
452.0,233.0,1028.0,607.0,1262.0,994.0,749.0,1120.0,1191.0,1237.0,,338.0,836.0,990.0,385.0,146.0,1148.0,462.0,683.0,,,749.0,1265.0,766.0,777.0
770.0,772.0,887.0,1261.0,975.0,353.0,417.0,1301.0,815.0,385.0,,142.0,1193.0,600.0,285.0,1264.0,5.0,184.0,519.0,,,997.0,72.0,820.0,898.0
988.0,593.0,1259.0,346.0,491.0,709.0,200.0,682.0,1054.0,1297.0,,1003.0,917.0,246.0,1107.0,83.0,110.0,427.0,448.0,,,1314.0,997.0,46.0,1160.0
505.0,867.0,890.0,901.0,310.0,43.0,923.0,764.0,229.0,499.0,,749.0,141.0,838.0,1067.0,219.0,285.0,24.0,1036.0,,,226.0,933.0,639.0,308.0
1174.0,185.0,541.0,1249.0,454.0,723.0,902.0,110.0,1092.0,891.0,,151.0,91.0,138.0,914.0,647.0,1275.0,1116.0,1288.0,,,1100.0,197.0,213.0,1118.0
357.0,1078.0,571.0,408.0,356.0,137.0,580.0,282.0,580.0,1169.0,,786.0,929.0,588.0,37.0,373.0,456.0,591.0,1274.0,,,1312.0,907.0,1015.0,935.0
1158.0,1026.0,851.0,546.0,842.0,803.0,60.0,701.0,978.0,207.0,,1148.0,526.0,447.0,1150.0,999.0,1056.0,1284.0,65.0,,,291.0,846.0,1003.0,286.0
270.0,479.0,206.0,1211.0,212.0,563.0,235.0,506.0,154.0,135.0,,1249.0,724.0,994.0,816.0,822.0,246.0,871.0,1134.0,,,163.0,1024.0,1043.0,82.0
1112.0,1149.0,104.0,1218.0,363.0,403.0,733.0,877.0,123.0,826.0,,71.0,118.0,613.0,925.0,210.0,276.0,1269.0,367.0,,,1267.0,960.0,1280.0,309.0
1044.0,186.0,1189.0,785.0,794.0,1156.0,838.0,814.0,1034.0,320.0,,747.0,573.0,479.0,1114.0,1136.0,560.0,862.0,440.0,,,1303.0,225.0,1087.0,1149.0
865.0,1240.0,531.0,1104.0,329.0,513.0,687.0,696.0,310.0,893.0,,1124.0,286.0,151.0,727.0,151.0,117.0,739.0,875.0,,,1007.0,331.0,811.0,260.0
1014.0,151.0,594.0,1183.0,1285.0,1262.0,568.0,1247.0,1001.0,338.0,,1009.0,232.0,1190.0,308.0,1261.0,597.0,958.0,661.0,,,691.0,1028.0,812.0,667.0
438.0,1247.0,592.0,61.0,59.0,880.0,53.0,1137.0,670.0,464.0,,1192.0,251.0,348.0,1108.0,1072.0,151.0,81.0,243.0,,,113.0,988.0,723.0,258.0
501.0,352.0,47.0,123.0,179.0,917.0,222.0,385.0,1067.0,1064.0,,161.0,402.0,172.0,197.0,920.0,129.0,580.0,508.0,,,990.0,513.0,531.0,1295.0
193.0,1122.0,882.0,562.0,835.0,352.0,672.0,280.0,1132.0,830.0,,353.0,578.0,860.0,1304.0,383.0,1284.0,430.0,1163.0,,,311.0,714.0,940.0,1028.0
68.0,82.0,168.0,883.0,129.0,303.0,354.0,89.0,1024.0,333.0,,120.0,478.0,487.0,581.0,244.0,1113.0,562.0,1064.0,,,1196.0,629.0,341.0,389.0
314.0,453.0,1164.0,388.0,111.0,28.0,595.0,760.0,1243.0,966.0,,387.0,421.0,1032.0,281.0,58.0,546.0,707.0,745.0,,,319.0,1290.0,926.0,751.0
978.0,590.0,650.0,1223.0,25.0,1064.0,310.0,1153.0,662.0,734.0,,1268.0,595.0,397.0,512.0,1079.0,136.0,268.0,881.0,,,1148.0,1118.0,130.0,937.0
1151.0,83.0,759.0,1216.0,1321.0,390.0,893.0,159.0,999.0,155.0,,766.0,593.0,216.0,436.0,1250.0,48.0,719.0,935.0,,,1164.0,1218.0,670.0,381.0
885.0,1068.0,52.0,965.0,786.0,1117.0,272.0,377.0,1123.0,1146.0,,53.0,647.0,328.0,1214.0,495.0,647.0,270.0,374.0,,,532.0,299.0,168.0,375.0
390.0,952.0,1131.0,918.0,1029.0,57.0,1203.0,613.0,1322.0,939.0,,1110.0,1084.0,355.0,259.0,298.0,606.0,922.0,748.0,,,637.0,890.0,537.0,655.0
515.0,347.0,1122.0,1224.0,1271.0,1066.0,248.0,683.0,479.0,424.0,,1271.0,90.0,1070.0,1189.0,393.0,668.0,126.0,357.0,,,477.0,1046.0,495.0,388.0
1069.0,37.0,712.0,478.0,946.0,889.0,64.0,1023.0,1184.0,1261.0,,1275.0,1130.0,401.0,699.0,574.0,215.0,701.0,787.0,,,568.0,665.0,55.0,646.0
729.0,277.0,167.0,967.0,1303.0,925.0,925.0,327.0,304.0,156.0,,435.0,744.0,517.0,298.0,179.0,97.0,793.0,447.0,,,70.0,995.0,1175.0,896.0
111.0,46.0,587.0,94.0,719.0,1231.0,700.0,918.0,1146.0,1254.0,,1206.0,477.0,897.0,754.0,375.0,875.0,22.0,118.0,,,218.0,790.0,715.0,923.0
168.0,814.0,584.0,1039.0,1121.0,768.0,52.0,320.0,1248.0,766.0,,1095.0,18.0,366.0,1128.0,1025.0,241.0,26.0,116.0,,,920.0,906.0,429.0,172.0
1086.0,1322.0,171.0,715.0,479.0,924.0,161.0,360.0,959.0,300.0,,9.0,685.0,13.0,1178.0,927.0,663.0,620.0,653.0,,,1058.0,1058.0,421.0,1290.0
1027.0,6.0,413.0,933.0,156.0,825.0,617.0,313.0,997.0,1082.0,,325.0,571.0,1009.0,1034.0,1242.0,301.0,1285.0,920.0,,,839.0,1224.0,185.0,608.0
1248.0,609.0,530.0,815.0,228.0,174.0,184.0,285.0,368.0,415.0,,674.0,850.0,983.0,1306.0,281.0,77.0,335.0,105.0,,,641.0,1198.0,997.0,373.0
1146.0,845.0,1098.0,858.0,613.0,1308.0,889.0,656.0,637.0,163.0,,140.0,480.0,1316.0,474.0,389.0,293.0,569.0,1215.0,,,998.0,935.0,254.0,1023.0
1211.0,1204.0,271.0,1121.0,289.0,589.0,44.0,178.0,430.0,206.0,,192.0,40.0,969.0,1248.0,344.0,724.0,1002.0,998.0,,,865.0,970.0,694.0,351.0
463.0,675.0,1157.0,152.0,535.0,1313.0,158.0,475.0,1110.0,48.0,,168.0,1282.0,117.0,782.0,452.0,0.0,28.0,128.0,,,1012.0,633.0,1048.0,488.0
895.0,577.0,511.0,894.0,389.0,1197.0,1118.0,976.0,596.0,847.0,,388.0,1.0,825.0,608.0,319.0,1223.0,1310.0,923.0,,,121.0,320.0,664.0,431.0
1204.0,104.0,997.0,317.0,1214.0,339.0,321.0,120.0,192.0,15.0,,560.0,936.0,554.0,875.0,461.0,430.0,1050.0,564.0,,,313.0,772.0,984.0,509.0
161.0,1075.0,153.0,220.0,1013.0,1187.0,1180.0,1087.0,101.0,184.0,,876.0,95.0,453.0,920.0,550.0,765.0,36.0,1210.0,,,904.0,4.0,806.0,1015.0
755.0,723.0,291.0,959.0,980.0,859.0,1110.0,344.0,879.0,778.0,,1157.0,136.0,1153.0,749.0,614.0,270.0,1033.0,460.0,,,1150.0,468.0,950.0,1080.0
611.0,441.0,568.0,366.0,1009.0,758.0,1229.0,1298.0,588.0,1107.0,,858.0,879.0,1142.0,1234.0,1036.0,1129.0,1297.0,131.0,,,1178.0,430.0,706.0,216.0
1049.0,320.0,638.0,147.0,1140.0,33.0,6.0,259.0,1148.0,1217.0,,1303.0,1219.0,830.0,81.0,1153.0,796.0,1041.0,530.0,,,951.0,749.0,543.0,582.0
579.0,911.0,694.0,444.0,1300.0,858.0,224.0,1257.0,925.0,1086.0,,644.0,169.0,1094.0,586.0,516.0,393.0,967.0,1095.0,,,82.0,255.0,560.0,1167.0
907.0,175.0,58.0,2.0,1026.0,210.0,102.0,941.0,199.0,421.0,,1224.0,445.0,170.0,866.0,1021.0,934.0,1136.0,823.0,,,1181.0,8.0,596.0,1195.0
212.0,961.0,323.0,592.0,93.0,1067.0,455.0,711.0,1291.0,563.0,,903.0,189.0,786.0,284.0,386.0,1306.0,751.0,6.0,,,1207.0,1271.0,826.0,1214.0
548.0,398.0,843.0,200.0,76.0,841.0,216.0,246.0,144.0,1288.0,,868.0,1266.0,584.0,745.0,698.0,773.0,617.0,260.0,,,791.0,1181.0,553.0,1123.0
40.0,1226.0,169.0,765.0,774.0,1165.0,989.0,545.0,613.0,6.0,,518.0,891.0,228.0,130.0,696.0,562.0,616.0,851.0,,,240.0,250.0,379.0,396.0
317.0,986.0,1188.0,656.0,428.0,549.0,815.0,7.0,1152.0,562.0,,570.0,813.0,1167.0,734.0,813.0,94.0,1149.0,494.0,,,573.0,903.0,281.0,961.0
717.0,450.0,1231.0,240.0,932.0,1043.0,35.0,1250.0,405.0,736.0,,214.0,82.0,675.0,1020.0,327.0,1210.0,339.0,1111.0,,,1198.0,996.0,1019.0,99.0
419.0,1302.0,682.0,573.0,866.0,280.0,698.0,655.0,116.0,77.0,,1032.0,662.0,852.0,1255.0,1289.0,500.0,919.0,235.0,,,1216.0,1312.0,656.0,93.0
658.0,1267.0,205.0,44.0,286.0,1077.0,765.0,750.0,107.0,536.0,,306.0,146.0,351.0,1101.0,887.0,615.0,428.0,86.0,,,1246.0,282.0,500.0,1122.0
348.0,946.0,1069.0,1192.0,1167.0,364.0,542.0,759.0,160.0,324.0,,1270.0,433.0,429.0,1320.0,359.0,89.0,426.0,161.0,,,751.0,1297.0,1271.0,1031.0
1310.0,1103.0,1242.0,608.0,391.0,253.0,1148.0,788.0,532.0,953.0,,687.0,439.0,327.0,1312.0,182.0,1279.0,357.0,1118.0,,,1168.0,932.0,292.0,771.0
278.0,26.0,393.0,973.0,1291.0,577.0,967.0,19.0,524.0,811.0,,110.0,907.0,1292.0,484.0,1260.0,539.0,62.0,657.0,,,556.0,725.0,397.0,1004.0
333.0,1260.0,1210.0,244.0,1295.0,973.0,883.0,807.0,712.0,1222.0,,567.0,713.0,390.0,289.0,985.0,111.0,30.0,1248.0,,,1048.0,1194.0,191.0,50.0
144.0,1037.0,794.0,104.0,843.0,872.0,1132.0,436.0,12.0,993.0,,282.0,129.0,536.0,735.0,529.0,1288.0,93.0,977.0,,,352.0,828.0,1.0,363.0
404.0,310.0,821.0,425.0,291.0,1087.0,1199.0,1052.0,345.0,1012.0,,746.0,444.0,1152.0,336.0,618.0,903.0,564.0,695.0,,,383.0,408.0,395.0,566.0
211.0,673.0,1103.0,1322.0,449.0,1249.0,793.0,519.0,325.0,1208.0,,330.0,1117.0,1300.0,748.0,290.0,963.0,727.0,328.0,,,853.0,1165.0,1226.0,162.0
328.0,295.0,1169.0,468.0,542.0,1223.0,217.0,20.0,517.0,216.0,,117.0,947.0,1017.0,179.0,670.0,1114.0,728.0,618.0,,,886.0,47.0,1293.0,293.0
210.0,990.0,892.0,399.0,1286.0,847.0,133.0,801.0,484.0,235.0,,290.0,690.0,1134.0,111.0,89.0,1082.0,762.0,193.0,,,603.0,399.0,1261.0,380.0
624.0,1296.0,589.0,1247.0,767.0,284.0,658.0,25.0,1086.0,946.0,,933.0,1297.0,203.0,839.0,1300.0,346.0,722.0,690.0,,,316.0,882.0,1177.0,542.0
1303.0,752.0,1290.0,812.0,820.0,130.0,191.0,1213.0,581.0,475.0,,881.0,417.0,502.0,392.0,914.0,531.0,1023.0,586.0,,,744.0,497.0,297.0,672.0
1163.0,1289.0,900.0,197.0,95.0,823.0,1134.0,17.0,869.0,1293.0,,89.0,700.0,302.0,1097.0,577.0,382.0,1129.0,98.0,,,126.0,836.0,971.0,382.0
1054.0,701.0,1091.0,708.0,1063.0,751.0,667.0,453.0,331.0,239.0,,874.0,409.0,43.0,952.0,133.0,219.0,196.0,52.0,,,757.0,837.0,1319.0,624.0
1156.0,70.0,1310.0,344.0,226.0,272.0,1241.0,224.0,674.0,676.0,,344.0,1128.0,661.0,363.0,734.0,550.0,813.0,1209.0,,,913.0,895.0,376.0,98.0
600.0,634.0,1268.0,80.0,887.0,1174.0,674.0,525.0,1106.0,1210.0,,173.0,43.0,778.0,662.0,435.0,324.0,1150.0,1315.0,,,1250.0,1250.0,1155.0,1129.0
1004.0,1151.0,284.0,285.0,790.0,176.0,527.0,414.0,255.0,67.0,,964.0,68.0,879.0,414.0,865.0,149.0,1122.0,1139.0,,,28.0,816.0,522.0,555.0
680.0,271.0,918.0,310.0,418.0,1107.0,896.0,1088.0,505.0,1100.0,,316.0,704.0,1138.0,325.0,909.0,457.0,543.0,124.0,,,241.0,323.0,35.0,695.0
745.0,710.0,442.0,758.0,936.0,1074.0,1127.0,1305.0,850.0,56.0,,230.0,236.0,1050.0,542.0,1065.0,845.0,524.0,5.0,,,262.0,976.0,1199.0,439.0
1059.0,384.0,670.0,594.0,177.0,143.0,80.0,258.0,85.0,1042.0,,652.0,25.0,850.0,340.0,968.0,737.0,275.0,144.0,,,175.0,675.0,270.0,637.0
618.0,140.0,457.0,660.0,1135.0,215.0,425.0,920.0,298.0,671.0,,479.0,375.0,93.0,247.0,1268.0,1163.0,895.0,45.0,,,1318.0,264.0,1079.0,969.0
1047.0,1249.0,526.0,1142.0,206.0,1293.0,588.0,40.0,1190.0,1212.0,,361.0,1113.0,444.0,953.0,138.0,802.0,993.0,525.0,,,1302.0,166.0,26.0,227.0
101.0,31.0,567.0,906.0,320.0,304.0,1178.0,977.0,1324.0,278.0,,17.0,800.0,633.0,1235.0,1165.0,238.0,464.0,768.0,,,1020.0,304.0,89.0,225.0
877.0,756.0,359.0,733.0,37.0,632.0,888.0,352.0,766.0,617.0,,882.0,530.0,198.0,455.0,754.0,15.0,607.0,651.0,,,1025.0,220.0,58.0,7.0
1238.0,391.0,448.0,986.0,1128.0,309.0,644.0,636.0,456.0,299.0,,939.0,853.0,792.0,297.0,957.0,723.0,85.0,664.0,,,1237.0,1151.0,1209.0,679.0
201.0,1074.0,1317.0,599.0,1259.0,334.0,1269.0,324.0,1135.0,1116.0,,788.0,963.0,111.0,1087.0,104.0,888.0,282.0,769.0,,,639.0,1134.0,641.0,417.0
1099.0,569.0,987.0,717.0,910.0,1176.0,164.0,298.0,863.0,921.0,,1057.0,819.0,571.0,226.0,52.0,596.0,1072.0,547.0,,,271.0,280.0,722.0,577.0
983.0,468.0,852.0,140.0,1257.0,766.0,768.0,1212.0,424.0,112.0,,247.0,359.0,579.0,628.0,567.0,378.0,523.0,819.0,,,783.0,1069.0,330.0,8.0
69.0,854.0,1279.0,334.0,628.0,703.0,57.0,184.0,1266.0,22.0,,113.0,322.0,1304.0,1199.0,769.0,591.0,352.0,996.0,,,141.0,570.0,355.0,379.0
693.0,1008.0,769.0,463.0,978.0,562.0,1015.0,830.0,817.0,143.0,,33.0,133.0,454.0,815.0,770.0,298.0,1022.0,1311.0,,,466.0,236.0,181.0,829.0
1083.0,67.0,641.0,697.0,505.0,949.0,683.0,294.0,927.0,802.0,,226.0,518.0,672.0,332.0,589.0,1153.0,577.0,283.0,,,1030.0,1096.0,983.0,541.0
173.0,346.0,164.0,1204.0,1131.0,211.0,1301.0,503.0,52.0,618.0,,986.0,1065.0,241.0,954.0,442.0,960.0,1233.0,1107.0,,,901.0,549.0,865.0,163.0
131.0,1243.0,534.0,615.0,577.0,1051.0,1103.0,367.0,1294.0,733.0,,324.0,680.0,145.0,1216.0,847.0,1204.0,117.0,1028.0,,,125.0,170.0,349.0,766.0
254.0,1306.0,31.0,275.0,1149.0,1104.0,993.0,1296.0,177.0,1176.0,,1107.0,671.0,660.0,1176.0,144.0,1131.0,284.0,890.0,,,1139.0,754.0,783.0,105.0
1145.0,526.0,598.0,306.0,605.0,149.0,448.0,1070.0,841.0,681.0,,1007.0,699.0,650.0,189.0,42.0,1000.0,555.0,232.0,,,759.0,1145.0,235.0,1180.0
200.0,64.0,1085.0,1176.0,1073.0,291.0,839.0,899.0,1283.0,61.0,,599.0,572.0,733.0,138.0,938.0,1303.0,610.0,1030.0,,,189.0,819.0,875.0,303.0
209.0,588.0,656.0,1025.0,992.0,603.0,952.0,1285.0,916.0,256.0,,879.0,552.0,567.0,462.0,66.0,957.0,865.0,454.0,,,15.0,748.0,1225.0,579.0
1261.0,417.0,1099.0,527.0,39.0,1033.0,957.0,6.0,990.0,446.0,,671.0,1080.0,2.0,990.0,1056.0,846.0,796.0,113.0,,,1276.0,21.0,1000.0,257.0
533.0,232.0,1318.0,1093.0,937.0,330.0,994.0,83.0,814.0,626.0,,1324.0,867.0,350.0,1230.0,832.0,158.0,783.0,728.0,,,1194.0,667.0,1235.0,1013.0
991.0,642.0,832.0,761.0,912.0,189.0,251.0,913.0,641.0,992.0,,1063.0,829.0,386.0,204.0,898.0,991.0,456.0,569.0,,,1096.0,215.0,989.0,345.0
417.0,825.0,899.0,1092.0,169.0,813.0,541.0,955.0,592.0,948.0,,1150.0,1252.0,405.0,845.0,470.0,915.0,371.0,698.0,,,154.0,56.0,165.0,1285.0
198.0,519.0,809.0,1227.0,114.0,1112.0,867.0,150.0,629.0,967.0,,1075.0,339.0,403.0,225.0,241.0,123.0,696.0,874.0,,,852.0,568.0,582.0,1236.0
923.0,1323.0,816.0,816.0,476.0,1105.0,885.0,621.0,185.0,357.0,,854.0,716.0,765.0,966.0,807.0,868.0,1182.0,1084.0,,,26.0,14.0,634.0,304.0
610.0,414.0,998.0,490.0,1231.0,1119.0,8.0,968.0,1201.0,875.0,,1312.0,474.0,73.0,424.0,824.0,1020.0,211.0,231.0,,,954.0,91.0,546.0,458.0
856.0,914.0,192.0,913.0,533.0,165.0,573.0,1316.0,716.0,368.0,,345.0,432.0,951.0,1016.0,1048.0,1273.0,21.0,199.0,,,1219.0,1175.0,200.0,926.0
21.0,895.0,391.0,689.0,1246.0,435.0,1058.0,476.0,1318.0,1321.0,,835.0,567.0,300.0,292.0,387.0,569.0,676.0,352.0,,,1035.0,595.0,356.0,102.0
498.0,1304.0,75.0,186.0,1030.0,49.0,78.0,768.0,1217.0,729.0,,60.0,452.0,997.0,842.0,284.0,339.0,802.0,788.0,,,439.0,973.0,169.0,725.0
883.0,847.0,21.0,565.0,170.0,61.0,1248.0,251.0,120.0,427.0,,716.0,586.0,1146.0,125.0,818.0,217.0,767.0,724.0,,,734.0,1079.0,855.0,392.0
1266.0,1312.0,745.0,1167.0,1035.0,232.0,978.0,215.0,810.0,436.0,,962.0,1195.0,636.0,108.0,645.0,231.0,553.0,1277.0,,,888.0,1236.0,43.0,244.0
1231.0,421.0,421.0,744.0,338.0,815.0,215.0,472.0,568.0,661.0,,1119.0,1318.0,933.0,585.0,885.0,426.0,1145.0,38.0,,,711.0,143.0,1253.0,190.0
781.0,559.0,727.0,338.0,260.0,432.0,41.0,600.0,1064.0,76.0,,68.0,770.0,110.0,491.0,302.0,130.0,632.0,933.0,,,1128.0,1005.0,1148.0,426.0
941.0,442.0,1217.0,921.0,469.0,830.0,432.0,1236.0,886.0,983.0,,464.0,287.0,853.0,395.0,539.0,265.0,514.0,561.0,,,1245.0,149.0,1268.0,278.0
149.0,281.0,846.0,1296.0,124.0,357.0,95.0,1075.0,813.0,21.0,,769.0,669.0,906.0,261.0,1179.0,262.0,134.0,1015.0,,,513.0,767.0,721.0,493.0
150.0,1031.0,886.0,27.0,3.0,1139.0,367.0,645.0,330.0,1170.0,,374.0,320.0,956.0,979.0,1244.0,268.0,79.0,1054.0,,,679.0,440.0,558.0,956.0
24.0,477.0,1076.0,1215.0,549.0,19.0,177.0,79.0,1205.0,649.0,,206.0,431.0,670.0,1073.0,966.0,275.0,114.0,44.0,,,43.0,324.0,391.0,545.0
242.0,873.0,685.0,580.0,384.0,623.0,280.0,331.0,172.0,545.0,,523.0,612.0,1014.0,1035.0,1200.0,124.0,183.0,270.0,,,1026.0,959.0,132.0,849.0
207.0,684.0,1132.0,139.0,540.0,22.0,502.0,734.0,487.0,552.0,,875.0,1188.0,1185.0,497.0,254.0,747.0,174.0,158.0,,,1286.0,1017.0,29.0,1163.0
726.0,540.0,792.0,672.0,875.0,1068.0,536.0,638.0,710.0,1172.0,,1295.0,1214.0,880.0,712.0,636.0,412.0,991.0,22.0,,,253.0,522.0,1184.0,1144.0
1080.0,556.0,85.0,192.0,1162.0,126.0,1097.0,871.0,811.0,747.0,,469.0,618.0,840.0,788.0,846.0,761.0,1302.0,583.0,,,808.0,814.0,328.0,280.0
481.0,1117.0,229.0,774.0,647.0,184.0,259.0,1042.0,994.0,435.0,,1298.0,78.0,448.0,456.0,355.0,1133.0,346.0,471.0,,,93.0,1177.0,1251.0,1010.0
954.0,1029.0,186.0,886.0,1082.0,139.0,186.0,612.0,496.0,405.0,,672.0,714.0,188.0,874.0,877.0,1178.0,790.0,740.0,,,60.0,409.0,1005.0,794.0
92.0,664.0,387.0,957.0,1053.0,1275.0,269.0,1135.0,351.0,876.0,,203.0,950.0,764.0,550.0,693.0,1062.0,331.0,59.0,,,117.0,256.0,1288.0,1182.0
18.0,580.0,952.0,296.0,1104.0,1195.0,1189.0,615.0,746.0,980.0,,265.0,93.0,489.0,1251.0,41.0,159.0,968.0,764.0,,,522.0,696.0,1143.0,1219.0
1132.0,73.0,48.0,51.0,484.0,1041.0,999.0,408.0,601.0,504.0,,1209.0,895.0,972.0,8.0,1137.0,157.0,1067.0,928.0,,,941.0,472.0,794.0,483.0
286.0,565.0,380.0,449.0,656.0,255.0,183.0,207.0,1075.0,936.0,,236.0,1319.0,537.0,1264.0,1122.0,364.0,120.0,1103.0,,,81.0,244.0,832.0,834.0
306.0,10.0,858.0,24.0,564.0,68.0,487.0,195.0,576.0,220.0,,1099.0,676.0,954.0,311.0,214.0,584.0,874.0,711.0,,,283.0,26.0,1040.0,660.0
136.0,640.0,1302.0,1095.0,448.0,395.0,806.0,677.0,938.0,498.0,,112.0,742.0,896.0,1014.0,1182.0,342.0,817.0,829.0,,,1114.0,801.0,424.0,1079.0
737.0,35.0,69.0,1147.0,733.0,463.0,1124.0,1310.0,728.0,95.0,,997.0,1295.0,1239.0,1084.0,1041.0,455.0,368.0,473.0,,,41.0,874.0,473.0,139.0
179.0,766.0,407.0,395.0,498.0,397.0,1298.0,1174.0,346.0,63.0,,310.0,285.0,200.0,892.0,1173.0,1104.0,834.0,224.0,,,435.0,25.0,187.0,1197.0
344.0,325.0,579.0,971.0,196.0,328.0,837.0,869.0,164.0,797.0,,457.0,179.0,1191.0,64.0,1245.0,838.0,655.0,404.0,,,231.0,353.0,1036.0,221.0
117.0,406.0,619.0,284.0,433.0,1063.0,735.0,326.0,358.0,157.0,,1296.0,280.0,1043.0,620.0,714.0,775.0,35.0,1211.0,,,1223.0,69.0,290.0,1277.0
1162.0,1180.0,864.0,992.0,720.0,106.0,974.0,53.0,529.0,546.0,,947.0,670.0,1199.0,858.0,340.0,392.0,561.0,761.0,,,1092.0,964.0,864.0,231.0
924.0,339.0,1233.0,557.0,1105.0,523.0,556.0,253.0,612.0,1014.0,,1214.0,1278.0,1270.0,861.0,1170.0,209.0,1177.0,922.0,,,205.0,257.0,118.0,349.0
1299.0,727.0,405.0,325.0,193.0,888.0,1042.0,1184.0,207.0,720.0,,1059.0,400.0,126.0,193.0,564.0,696.0,179.0,472.0,,,1014.0,774.0,487.0,984.0
414.0,790.0,9.0,1112.0,434.0,259.0,444.0,912.0,119.0,1241.0,,90.0,1134.0,575.0,936.0,232.0,835.0,945.0,119.0,,,533.0,883.0,579.0,322.0
727.0,1140.0,175.0,865.0,147.0,381.0,914.0,593.0,645.0,526.0,,963.0,1275.0,83.0,1316.0,63.0,206.0,682.0,48.0,,,357.0,674.0,894.0,814.0
22.0,230.0,570.0,850.0,247.0,504.0,1105.0,418.0,749.0,554.0,,900.0,610.0,594.0,518.0,30.0,132.0,740.0,558.0,,,906.0,804.0,211.0,161.0
464.0,1128.0,520.0,725.0,631.0,1260.0,233.0,1106.0,1262.0,398.0,,631.0,1324.0,542.0,151.0,21.0,476.0,574.0,1175.0,,,372.0,912.0,12.0,334.0
601.0,62.0,427.0,525.0,112.0,281.0,884.0,985.0,718.0,717.0,,959.0,1118.0,299.0,1309.0,1097.0,825.0,1106.0,375.0,,,765.0,1033.0,99.0,1245.0
859.0,338.0,620.0,631.0,1068.0,843.0,1166.0,154.0,1057.0,1195.0,,512.0,149.0,691.0,1111.0,348.0,685.0,452.0,88.0,,,10.0,1295.0,367.0,876.0
551.0,596.0,734.0,426.0,1197.0,774.0,940.0,442.0,887.0,1130.0,,299.0,1106.0,874.0,26.0,285.0,139.0,1089.0,827.0,,,404.0,345.0,1179.0,708.0
369.0,462.0,974.0,738.0,426.0,407.0,669.0,496.0,53.0,974.0,,976.0,1194.0,980.0,1113.0,1287.0,406.0,132.0,429.0,,,110.0,474.0,1147.0,366.0
38.0,74.0,653.0,255.0,965.0,900.0,1245.0,389.0,153.0,1074.0,,1294.0,619.0,973.0,1121.0,455.0,1183.0,951.0,1043.0,,,835.0,834.0,1092.0,378.0
214.0,1242.0,735.0,163.0,738.0,14.0,220.0,485.0,412.0,837.0,,45.0,348.0,105.0,361.0,1259.0,1042.0,19.0,527.0,,,859.0,1084.0,867.0,663.0
436.0,625.0,803.0,347.0,1074.0,102.0,636.0,450.0,11.0,34.0,,385.0,1042.0,349.0,1291.0,1027.0,220.0,406.0,1076.0,,,1097.0,722.0,662.0,1271.0
342.0,1119.0,1197.0,1075.0,512.0,669.0,388.0,281.0,326.0,1228.0,,553.0,517.0,152.0,760.0,943.0,12.0,53.0,1304.0,,,730.0,656.0,735.0,1257.0
245.0,1175.0,312.0,641.0,904.0,671.0,124.0,97.0,796.0,718.0,,1282.0,1213.0,279.0,893.0,60.0,432.0,1077.0,428.0,,,239.0,681.0,1233.0,518.0
341.0,102.0,919.0,934.0,745.0,553.0,317.0,440.0,94.0,636.0,,462.0,248.0,308.0,574.0,18.0,1295.0,243.0,1241.0,,,1036.0,130.0,975.0,683.0
934.0,533.0,831.0,764.0,1299.0,626.0,436.0,173.0,491.0,789.0,,229.0,1167.0,909.0,626.0,912.0,609.0,249.0,179.0,,,171.0,350.0,409.0,784.0
458.0,252.0,327.0,637.0,270.0,864.0,371.0,511.0,805.0,396.0,,580.0,316.0,250.0,506.0,396.0,926.0,1204.0,324.0,,,1298.0,1269.0,457.0,750.0
1239.0,978.0,554.0,66.0,789.0,845.0,771.0,1143.0,569.0,737.0,,522.0,269.0,399.0,1003.0,448.0,908.0,287.0,904.0,,,919.0,1127.0,59.0,180.0
1009.0,1216.0,499.0,908.0,525.0,87.0,43.0,268.0,275.0,1324.0,,638.0,973.0,411.0,907.0,664.0,667.0,1307.0,74.0,,,1156.0,1126.0,547.0,1266.0
952.0,426.0,1126.0,498.0,1173.0,772.0,887.0,864.0,566.0,998.0,,807.0,919.0,1052.0,1010.0,1006.0,581.0,937.0,779.0,,,559.0,1263.0,87.0,1043.0
889.0,1169.0,740.0,1143.0,552.0,248.0,209.0,1188.0,702.0,877.0,,867.0,175.0,10.0,744.0,1190.0,1110.0,68.0,12.0,,,785.0,987.0,148.0,642.0
123.0,317.0,780.0,1001.0,853.0,956.0,464.0,555.0,296.0,623.0,,93.0,1251.0,1019.0,154.0,217.0,644.0,449.0,799.0,,,249.0,117.0,727.0,241.0
1053.0,1105.0,865.0,225.0,669.0,665.0,221.0,635.0,1289.0,1119.0,,538.0,405.0,1008.0,558.0,322.0,14.0,84.0,101.0,,,1258.0,471.0,1145.0,103.0
1020.0,848.0,20.0,430.0,808.0,937.0,192.0,599.0,317.0,1258.0,,1254.0,1303.0,36.0,428.0,238.0,640.0,823.0,753.0,,,493.0,85.0,899.0,620.0
590.0,517.0,94.0,458.0,1061.0,247.0,169.0,952.0,1213.0,834.0,,667.0,60.0,260.0,1068.0,545.0,749.0,960.0,673.0,,,6.0,86.0,861.0,778.0
59.0,1272.0,652.0,854.0,908.0,1192.0,694.0,948.0,981.0,265.0,,946.0,1267.0,912.0,458.0,1202.0,829.0,859.0,1295.0,,,1208.0,1246.0,604.0,1162.0
368.0,1241.0,514.0,153.0,488.0,561.0,4.0,777.0,630.0,66.0,,1258.0,290.0,716.0,986.0,1254.0,1230.0,839.0,780.0,,,4.0,68.0,54.0,1225.0
518.0,1264.0,228.0,851.0,451.0,1307.0,870.0,723.0,792.0,1077.0,,685.0,207.0,701.0,696.0,866.0,319.0,868.0,798.0,,,685.0,687.0,731.0,532.0
466.0,21.0,503.0,595.0,1155.0,177.0,156.0,809.0,858.0,373.0,,558.0,731.0,20.0,82.0,1125.0,1127.0,1208.0,1171.0,,,1206.0,294.0,1190.0,538.0
1033.0,842.0,996.0,897.0,787.0,1129.0,252.0,771.0,826.0,1322.0,,7.0,46.0,202.0,36.0,1121.0,1024.0,157.0,544.0,,,797.0,441.0,1004.0,1153.0
1075.0,933.0,463.0,235.0,1317.0,936.0,1255.0,214.0,866.0,817.0,,588.0,1061.0,905.0,1200.0,139.0,820.0,805.0,1136.0,,,1241.0,349.0,1001.0,263.0
765.0,474.0,931.0,581.0,993.0,1290.0,928.0,290.0,829.0,836.0,,621.0,650.0,35.0,1136.0,604.0,1092.0,355.0,776.0,,,1187.0,986.0,923.0,594.0
440.0,883.0,6.0,1318.0,218.0,208.0,757.0,256.0,268.0,1047.0,,268.0,1010.0,674.0,203.0,763.0,1071.0,604.0,781.0,,,1193.0,387.0,620.0,841.0
67.0,194.0,129.0,214.0,1094.0,152.0,260.0,694.0,953.0,540.0,,785.0,1088.0,742.0,480.0,682.0,651.0,7.0,385.0,,,923.0,554.0,206.0,1246.0
763.0,965.0,1185.0,258.0,906.0,107.0,68.0,514.0,905.0,179.0,,582.0,1223.0,283.0,407.0,1168.0,566.0,804.0,1072.0,,,452.0,509.0,577.0,1249.0
510.0,197.0,411.0,1168.0,879.0,783.0,283.0,507.0,352.0,1144.0,,956.0,381.0,491.0,1197.0,172.0,649.0,1001.0,1156.0,,,897.0,645.0,1166.0,839.0
1055.0,1082.0,510.0,1219.0,919.0,528.0,654.0,924.0,1018.0,835.0,,51.0,968.0,511.0,797.0,746.0,583.0,567.0,869.0,,,1300.0,975.0,17.0,37.0
538.0,497.0,553.0,938.0,477.0,770.0,230.0,543.0,1297.0,331.0,,499.0,264.0,1196.0,1261.0,395.0,316.0,1300.0,911.0,,,549.0,553.0,182.0,154.0
98.0,178.0,248.0,70.0,44.0,430.0,950.0,1118.0,1016.0,486.0,,297.0,227.0,603.0,368.0,128.0,571.0,435.0,668.0,,,1307.0,1274.0,36.0,804.0
435.0,881.0,342.0,141.0,1159.0,100.0,744.0,1270.0,660.0,758.0,,822.0,869.0,254.0,934.0,23.0,273.0,1166.0,277.0,,,868.0,876.0,593.0,622.0
587.0,785.0,210.0,517.0,87.0,191.0,685.0,990.0,92.0,1147.0,,1226.0,620.0,63.0,359.0,384.0,1107.0,821.0,311.0,,,415.0,587.0,96.0,3.0
454.0,870.0,671.0,257.0,841.0,790.0,1100.0,1046.0,235.0,451.0,,1062.0,223.0,1060.0,319.0,566.0,470.0,4.0,446.0,,,183.0,969.0,669.0,1230.0
35.0,250.0,748.0,999.0,618.0,886.0,1218.0,800.0,1276.0,1285.0,,116.0,224.0,634.0,160.0,934.0,641.0,1210.0,237.0,,,945.0,584.0,133.0,709.0
155.0,189.0,403.0,647.0,1256.0,476.0,342.0,900.0,109.0,589.0,,481.0,866.0,1127.0,1277.0,1285.0,554.0,390.0,545.0,,,1221.0,613.0,345.0,1092.0
1197.0,137.0,112.0,329.0,1106.0,928.0,1253.0,1112.0,1223.0,468.0,,608.0,373.0,31.0,1109.0,381.0,677.0,261.0,157.0,,,830.0,210.0,1273.0,882.0
905.0,1071.0,678.0,236.0,402.0,521.0,1129.0,589.0,5.0,1249.0,,1006.0,1320.0,1056.0,1241.0,971.0,931.0,32.0,971.0,,,440.0,920.0,913.0,16.0
358.0,86.0,1265.0,379.0,891.0,638.0,285.0,343.0,461.0,1308.0,,1266.0,745.0,189.0,54.0,838.0,961.0,981.0,90.0,,,1315.0,125.0,836.0,1186.0
305.0,729.0,770.0,1317.0,1188.0,427.0,1114.0,167.0,1076.0,805.0,,548.0,577.0,1072.0,918.0,1191.0,734.0,178.0,878.0,,,890.0,1015.0,489.0,1003.0
799.0,1212.0,322.0,995.0,1198.0,1159.0,662.0,121.0,899.0,1280.0,,636.0,841.0,1256.0,992.0,168.0,713.0,549.0,480.0,,,1226.0,295.0,150.0,212.0
975.0,39.0,1184.0,542.0,615.0,599.0,753.0,183.0,546.0,635.0,,706.0,940.0,310.0,927.0,184.0,1251.0,779.0,403.0,,,120.0,817.0,197.0,995.0
6.0,1048.0,307.0,328.0,1044.0,571.0,1092.0,1264.0,389.0,637.0,,850.0,1119.0,337.0,1204.0,514.0,449.0,409.0,1242.0,,,1037.0,540.0,778.0,1210.0
1250.0,984.0,285.0,295.0,688.0,109.0,557.0,1321.0,225.0,1218.0,,1080.0,734.0,219.0,597.0,1001.0,683.0,1099.0,146.0,,,464.0,1131.0,1260.0,404.0
768.0,492.0,501.0,861.0,1302.0,744.0,308.0,1290.0,70.0,537.0,,758.0,210.0,981.0,1287.0,205.0,381.0,933.0,833.0,,,1088.0,494.0,467.0,146.0
710.0,1004.0,,1083.0,682.0,1003.0,677.0,300.0,1041.0,474.0,,1077.0,584.0,834.0,780.0,716.0,172.0,99.0,358.0,,,377.0,756.0,838.0,243.0
421.0,693.0,,651.0,948.0,1141.0,561.0,153.0,923.0,612.0,,401.0,1145.0,570.0,136.0,111.0,1048.0,1238.0,772.0,,,165.0,1048.0,692.0,214.0
903.0,456.0,,443.0,1003.0,762.0,255.0,646.0,397.0,902.0,,1016.0,1138.0,1220.0,995.0,1220.0,1086.0,803.0,1148.0,,,956.0,55.0,228.0,933.0
605.0,784.0,,8.0,33.0,867.0,278.0,893.0,17.0,134.0,,366.0,130.0,146.0,1321.0,1160.0,1136.0,1131.0,1127.0,,,612.0,11.0,103.0,1244.0
236.0,256.0,,1221.0,335.0,622.0,1151.0,65.0,1005.0,68.0,,1265.0,1078.0,1048.0,287.0,306.0,952.0,534.0,831.0,,,1288.0,1042.0,1095.0,48.0
486.0,60.0,,3.0,221.0,7.0,162.0,1130.0,1307.0,1248.0,,1051.0,1321.0,359.0,1305.0,900.0,153.0,598.0,1100.0,,,1278.0,487.0,332.0,677.0
706.0,678.0,,509.0,255.0,611.0,1258.0,425.0,82.0,509.0,,170.0,107.0,938.0,798.0,663.0,1253.0,325.0,1246.0,,,688.0,573.0,336.0,296.0
483.0,579.0,,20.0,352.0,271.0,1266.0,1260.0,67.0,488.0,,32.0,1166.0,518.0,1182.0,126.0,442.0,354.0,453.0,,,926.0,791.0,430.0,572.0
662.0,601.0,,1089.0,141.0,160.0,194.0,236.0,347.0,1065.0,,1035.0,1280.0,864.0,741.0,1050.0,968.0,131.0,634.0,,,344.0,237.0,868.0,87.0
900.0,740.0,,203.0,757.0,700.0,356.0,156.0,676.0,1305.0,,281.0,246.0,449.0,242.0,67.0,979.0,882.0,1025.0,,,1251.0,1004.0,673.0,1022.0
1081.0,966.0,,560.0,1290.0,952.0,116.0,318.0,984.0,1059.0,,131.0,270.0,95.0,211.0,116.0,296.0,1141.0,676.0,,,671.0,407.0,1183.0,121.0
599.0,798.0,,42.0,971.0,1177.0,868.0,668.0,548.0,101.0,,730.0,1143.0,1313.0,1215.0,740.0,171.0,482.0,886.0,,,1266.0,868.0,753.0,1061.0
125.0,988.0,,681.0,762.0,654.0,297.0,859.0,563.0,597.0,,731.0,943.0,676.0,941.0,202.0,812.0,1092.0,966.0,,,279.0,941.0,758.0,114.0
990.0,8.0,,802.0,1022.0,1015.0,965.0,987.0,149.0,1273.0,,244.0,301.0,959.0,1163.0,308.0,1305.0,49.0,1191.0,,,1317.0,5.0,1007.0,447.0
701.0,1196.0,,1252.0,470.0,48.0,1260.0,1263.0,195.0,1234.0,,35.0,1003.0,92.0,476.0,105.0,1278.0,765.0,557.0,,,720.0,393.0,792.0,5.0
787.0,1314.0,,1086.0,126.0,21.0,1284.0,284.0,1124.0,796.0,,5.0,411.0,960.0,616.0,503.0,738.0,158.0,522.0,,,589.0,755.0,666.0,1240.0
1304.0,364.0,,1196.0,51.0,216.0,302.0,216.0,873.0,202.0,,428.0,900.0,737.0,943.0,201.0,361.0,233.0,924.0,,,399.0,488.0,41.0,974.0
1262.0,1077.0,,577.0,573.0,299.0,288.0,917.0,418.0,832.0,,1064.0,1192.0,1288.0,962.0,17.0,758.0,500.0,885.0,,,1134.0,861.0,645.0,56.0
455.0,509.0,,941.0,315.0,27.0,176.0,1181.0,705.0,1294.0,,609.0,783.0,380.0,437.0,417.0,22.0,37.0,675.0,,,880.0,150.0,1217.0,647.0
1050.0,30.0,,836.0,884.0,78.0,1279.0,1040.0,552.0,1259.0,,56.0,843.0,169.0,163.0,925.0,484.0,971.0,765.0,,,1055.0,947.0,1283.0,641.0
707.0,728.0,,145.0,736.0,981.0,352.0,651.0,726.0,1102.0,,212.0,686.0,720.0,300.0,70.0,602.0,486.0,1217.0,,,695.0,396.0,498.0,1164.0
630.0,306.0,,1.0,637.0,533.0,422.0,1115.0,892.0,619.0,,699.0,426.0,557.0,1124.0,11.0,716.0,831.0,1051.0,,,973.0,929.0,83.0,686.0
462.0,328.0,,117.0,1265.0,711.0,77.0,85.0,390.0,997.0,,978.0,516.0,530.0,864.0,506.0,638.0,643.0,226.0,,,363.0,317.0,877.0,678.0
750.0,145.0,,1231.0,328.0,648.0,1077.0,0.0,565.0,314.0,,444.0,237.0,48.0,1233.0,1219.0,1222.0,737.0,280.0,,,66.0,45.0,216.0,869.0
1147.0,403.0,,946.0,519.0,467.0,140.0,1059.0,380.0,85.0,,114.0,44.0,60.0,222.0,80.0,1313.0,799.0,445.0,,,340.0,1032.0,484.0,285.0
971.0,925.0,,309.0,947.0,861.0,501.0,206.0,490.0,516.0,,846.0,293.0,101.0,346.0,148.0,927.0,1059.0,605.0,,,618.0,276.0,1116.0,1146.0
105.0,1288.0,,1151.0,791.0,144.0,1106.0,729.0,515.0,938.0,,220.0,1272.0,501.0,998.0,176.0,179.0,1160.0,1018.0,,,610.0,854.0,767.0,944.0
894.0,57.0,,161.0,362.0,1209.0,119.0,132.0,776.0,130.0,,102.0,1250.0,597.0,216.0,257.0,466.0,1225.0,252.0,,,350.0,429.0,977.0,264.0
748.0,906.0,,953.0,639.0,604.0,372.0,928.0,222.0,230.0,,763.0,365.0,5.0,378.0,532.0,689.0,31.0,165.0,,,1041.0,273.0,502.0,391.0
25.0,868.0,,804.0,690.0,367.0,5.0,1252.0,1288.0,1126.0,,315.0,655.0,831.0,1115.0,264.0,1308.0,1316.0,567.0,,,674.0,422.0,1266.0,74.0
140.0,134.0,,551.0,1278.0,394.0,1215.0,938.0,1224.0,750.0,,732.0,410.0,1087.0,753.0,812.0,681.0,609.0,24.0,,,1195.0,809.0,901.0,621.0
415.0,647.0,,383.0,1114.0,537.0,201.0,1287.0,273.0,954.0,,562.0,505.0,37.0,528.0,167.0,444.0,1249.0,95.0,,,811.0,534.0,816.0,630.0
39.0,341.0,,293.0,194.0,1099.0,665.0,1031.0,1099.0,663.0,,762.0,939.0,1294.0,758.0,1216.0,578.0,59.0,751.0,,,809.0,872.0,586.0,1001.0
325.0,779.0,,194.0,300.0,223.0,1237.0,640.0,510.0,957.0,,541.0,376.0,118.0,454.0,1014.0,842.0,480.0,588.0,,,301.0,232.0,4.0,1024.0
598.0,1155.0,,1203.0,727.0,198.0,237.0,1025.0,621.0,884.0,,1163.0,815.0,192.0,501.0,608.0,816.0,1082.0,1044.0,,,900.0,1294.0,238.0,687.0
208.0,181.0,,266.0,548.0,738.0,434.0,78.0,979.0,1202.0,,1323.0,1169.0,114.0,1056.0,426.0,999.0,613.0,1259.0,,,1047.0,548.0,20.0,462.0
634.0,318.0,,1037.0,103.0,821.0,1183.0,685.0,633.0,295.0,,141.0,772.0,892.0,948.0,538.0,658.0,1185.0,70.0,,,75.0,195.0,771.0,576.0
1284.0,401.0,,927.0,1127.0,97.0,262.0,1078.0,1287.0,1199.0,,1169.0,679.0,1314.0,288.0,875.0,1121.0,988.0,371.0,,,944.0,328.0,587.0,589.0
637.0,133.0,,1124.0,306.0,854.0,1181.0,622.0,969.0,602.0,,883.0,413.0,394.0,1164.0,1109.0,1177.0,663.0,860.0,,,1284.0,173.0,149.0,1305.0
261.0,513.0,,226.0,960.0,1029.0,1285.0,741.0,126.0,403.0,,369.0,406.0,923.0,169.0,748.0,589.0,356.0,215.0,,,79.0,435.0,91.0,318.0
1060.0,742.0,,1004.0,670.0,1226.0,515.0,403.0,604.0,581.0,,1076.0,147.0,807.0,7.0,262.0,778.0,402.0,1020.0,,,569.0,1051.0,573.0,615.0
100.0,1131.0,,301.0,587.0,25.0,1089.0,431.0,1265.0,126.0,,838.0,531.0,1013.0,296.0,750.0,379.0,1152.0,132.0,,,1003.0,360.0,714.0,1273.0
1252.0,94.0,,380.0,924.0,300.0,747.0,654.0,1233.0,1207.0,,502.0,446.0,646.0,253.0,635.0,707.0,1096.0,234.0,,,709.0,315.0,433.0,1297.0
969.0,700.0,,895.0,711.0,1170.0,746.0,670.0,1131.0,304.0,,276.0,1126.0,1128.0,267.0,1120.0,521.0,107.0,951.0,,,243.0,638.0,872.0,805.0
556.0,689.0,,287.0,619.0,1269.0,549.0,500.0,744.0,150.0,,722.0,220.0,466.0,590.0,1256.0,666.0,645.0,434.0,,,862.0,482.0,1188.0,109.0
998.0,656.0,,584.0,441.0,628.0,629.0,820.0,554.0,987.0,,552.0,63.0,1183.0,91.0,62.0,201.0,826.0,80.0,,,31.0,358.0,578.0,104.0
473.0,741.0,,661.0,954.0,1086.0,210.0,454.0,14.0,229.0,,692.0,1255.0,1261.0,1015.0,1189.0,717.0,61.0,35.0,,,673.0,1318.0,365.0,676.0
994.0,118.0,,330.0,585.0,278.0,324.0,348.0,243.0,503.0,,914.0,1243.0,258.0,1263.0,55.0,1044.0,425.0,1258.0,,,474.0,830.0,507.0,728.0
666.0,343.0,,1018.0,432.0,869.0,377.0,1113.0,1000.0,1109.0,,806.0,654.0,886.0,1039.0,862.0,722.0,885.0,335.0,,,128.0,823.0,509.0,321.0
1022.0,107.0,,41.0,739.0,201.0,1315.0,533.0,752.0,1091.0,,720.0,1312.0,363.0,290.0,908.0,1310.0,743.0,760.0,,,788.0,1152.0,1073.0,279.0
810.0,1095.0,,91.0,1115.0,1257.0,175.0,568.0,671.0,321.0,,221.0,873.0,1289.0,1142.0,1129.0,1123.0,1262.0,1179.0,,,1116.0,159.0,824.0,718.0
197.0,859.0,,1153.0,197.0,839.0,1307.0,1082.0,1258.0,20.0,,420.0,288.0,1211.0,313.0,485.0,972.0,1203.0,222.0,,,605.0,521.0,918.0,248.0
705.0,170.0,,535.0,210.0,423.0,721.0,1026.0,3.0,489.0,,805.0,723.0,1129.0,306.0,554.0,937.0,160.0,992.0,,,482.0,364.0,93.0,25.0
800.0,813.0,,893.0,464.0,1019.0,258.0,1109.0,996.0,1289.0,,529.0,435.0,88.0,214.0,112.0,488.0,503.0,194.0,,,1022.0,175.0,1108.0,639.0
646.0,125.0,,770.0,902.0,148.0,1243.0,795.0,152.0,1180.0,,772.0,580.0,1114.0,1187.0,956.0,650.0,623.0,1284.0,,,938.0,848.0,1163.0,181.0
1117.0,106.0,,496.0,1250.0,105.0,331.0,517.0,50.0,1225.0,,144.0,274.0,1092.0,280.0,805.0,548.0,1151.0,1266.0,,,419.0,1317.0,946.0,364.0
655.0,120.0,,705.0,125.0,346.0,479.0,848.0,494.0,1317.0,,1101.0,906.0,385.0,1190.0,1225.0,561.0,708.0,40.0,,,795.0,214.0,15.0,732.0
1076.0,658.0,,556.0,1212.0,1049.0,602.0,487.0,847.0,1314.0,,579.0,408.0,1163.0,865.0,542.0,744.0,185.0,1155.0,,,636.0,1043.0,879.0,740.0
762.0,717.0,,926.0,99.0,162.0,1240.0,991.0,1158.0,1236.0,,830.0,1018.0,732.0,262.0,903.0,1324.0,544.0,1290.0,,,297.0,287.0,245.0,705.0
1199.0,811.0,,988.0,1124.0,3.0,537.0,401.0,1242.0,109.0,,81.0,540.0,1207.0,168.0,612.0,1159.0,1247.0,216.0,,,985.0,856.0,702.0,546.0
1025.0,51.0,,363.0,303.0,1121.0,203.0,858.0,78.0,159.0,,375.0,986.0,477.0,33.0,1177.0,553.0,565.0,686.0,,,47.0,362.0,1125.0,348.0
453.0,738.0,,1241.0,638.0,558.0,1231.0,1281.0,528.0,99.0,,801.0,1200.0,755.0,1171.0,494.0,1154.0,904.0,56.0,,,1140.0,1323.0,696.0,697.0
728.0,748.0,,424.0,567.0,1258.0,600.0,570.0,759.0,857.0,,380.0,282.0,592.0,191.0,996.0,1189.0,939.0,839.0,,,1002.0,1320.0,0.0,1166.0
532.0,638.0,,1127.0,997.0,368.0,938.0,937.0,321.0,1088.0,,334.0,455.0,212.0,1275.0,552.0,233.0,1184.0,114.0,,,181.0,9.0,1070.0,136.0
20.0,480.0,,435.0,388.0,655.0,445.0,427.0,1231.0,952.0,,1291.0,631.0,62.0,271.0,799.0,353.0,683.0,175.0,,,993.0,275.0,1170.0,840.0
1148.0,416.0,,394.0,1067.0,829.0,490.0,208.0,585.0,1188.0,,6.0,684.0,407.0,945.0,661.0,357.0,443.0,703.0,,,375.0,859.0,334.0,860.0
0.0,860.0,,925.0,463.0,50.0,1143.0,105.0,768.0,447.0,,215.0,1076.0,1040.0,277.0,701.0,451.0,731.0,10.0,,,666.0,108.0,8.0,596.0
437.0,735.0,,81.0,314.0,333.0,1188.0,288.0,1234.0,846.0,,109.0,1001.0,586.0,702.0,414.0,133.0,298.0,410.0,,,984.0,1293.0,1020.0,123.0
714.0,1209.0,,877.0,625.0,1184.0,1176.0,386.0,1302.0,440.0,,246.0,177.0,221.0,353.0,1304.0,473.0,1074.0,1233.0,,,905.0,1023.0,501.0,331.0
307.0,381.0,,561.0,468.0,212.0,126.0,735.0,895.0,395.0,,362.0,126.0,722.0,1243.0,695.0,941.0,278.0,457.0,,,408.0,148.0,80.0,1041.0
,712.0,,980.0,966.0,800.0,958.0,364.0,527.0,449.0,,248.0,157.0,824.0,302.0,350.0,929.0,781.0,834.0,,,724.0,217.0,925.0,320.0
,525.0,,806.0,446.0,157.0,1174.0,554.0,323.0,228.0,,940.0,622.0,72.0,1247.0,463.0,684.0,1308.0,512.0,,,1054.0,209.0,95.0,374.0
,400.0,,731.0,541.0,1140.0,879.0,906.0,212.0,81.0,,486.0,961.0,1280.0,1167.0,215.0,867.0,918.0,415.0,,,1254.0,71.0,1136.0,485.0
,482.0,,67.0,951.0,1090.0,69.0,1150.0,1118.0,45.0,,1145.0,92.0,384.0,876.0,1067.0,188.0,518.0,1068.0,,,939.0,944.0,393.0,315.0
,917.0,,890.0,1146.0,992.0,1319.0,248.0,884.0,1282.0,,628.0,55.0,1135.0,13.0,869.0,107.0,147.0,832.0,,,535.0,1053.0,39.0,592.0
,144.0,,49.0,1027.0,809.0,1263.0,1254.0,348.0,270.0,,572.0,544.0,325.0,1253.0,115.0,1151.0,489.0,679.0,,,1169.0,238.0,907.0,862.0
,762.0,,693.0,935.0,1028.0,918.0,446.0,472.0,1022.0,,568.0,1172.0,29.0,435.0,1047.0,1261.0,1139.0,631.0,,,745.0,559.0,544.0,680.0
,1036.0,,135.0,1007.0,763.0,294.0,292.0,32.0,1277.0,,427.0,302.0,958.0,961.0,1038.0,239.0,221.0,810.0,,,168.0,377.0,1086.0,494.0
,201.0,,723.0,34.0,541.0,368.0,392.0,388.0,33.0,,194.0,407.0,1209.0,916.0,213.0,325.0,214.0,808.0,,,527.0,862.0,1201.0,32.0
,452.0,,914.0,905.0,111.0,842.0,252.0,102.0,735.0,,280.0,5.0,637.0,886.0,1232.0,742.0,615.0,514.0,,,328.0,899.0,1104.0,736.0
,54.0,,1103.0,763.0,485.0,919.0,733.0,13.0,382.0,,756.0,305.0,276.0,984.0,736.0,648.0,52.0,203.0,,,315.0,1259.0,580.0,238.0
,1040.0,,29.0,509.0,557.0,79.0,5.0,1079.0,587.0,,1186.0,574.0,797.0,119.0,803.0,1098.0,566.0,230.0,,,158.0,745.0,1053.0,1298.0
,563.0,,881.0,1158.0,1021.0,488.0,1017.0,534.0,839.0,,645.0,735.0,463.0,829.0,1240.0,527.0,943.0,91.0,,,1079.0,1264.0,7.0,848.0
,1099.0,,263.0,48.0,431.0,944.0,1071.0,31.0,1160.0,,160.0,441.0,130.0,381.0,1303.0,966.0,1261.0,862.0,,,1063.0,635.0,884.0,182.0
,396.0,,462.0,474.0,379.0,469.0,967.0,137.0,759.0,,800.0,140.0,77.0,609.0,735.0,192.0,115.0,552.0,,,293.0,731.0,143.0,681.0
,502.0,,233.0,176.0,646.0,212.0,652.0,986.0,1152.0,,511.0,1120.0,1145.0,1102.0,1223.0,414.0,385.0,820.0,,,563.0,646.0,1157.0,1315.0
,49.0,,1239.0,913.0,1206.0,343.0,1279.0,183.0,1075.0,,209.0,306.0,1305.0,686.0,825.0,824.0,124.0,912.0,,,817.0,715.0,451.0,983.0
,160.0,,409.0,693.0,550.0,141.0,1049.0,1129.0,1026.0,,223.0,403.0,547.0,504.0,158.0,391.0,216.0,313.0,,,660.0,296.0,390.0,1279.0
,503.0,,83.0,279.0,1027.0,550.0,671.0,1229.0,1251.0,,86.0,810.0,564.0,107.0,6.0,403.0,1255.0,1257.0,,,649.0,670.0,323.0,1212.0
,1179.0,,22.0,717.0,542.0,634.0,43.0,648.0,691.0,,694.0,123.0,382.0,239.0,665.0,938.0,963.0,662.0,,,516.0,805.0,147.0,63.0
,314.0,,748.0,344.0,637.0,266.0,704.0,806.0,539.0,,531.0,395.0,1031.0,531.0,193.0,1304.0,365.0,1265.0,,,96.0,937.0,859.0,659.0
,611.0,,771.0,144.0,639.0,954.0,41.0,857.0,742.0,,863.0,193.0,1074.0,70.0,1321.0,1228.0,755.0,1000.0,,,966.0,94.0,51.0,921.0
,971.0,,1306.0,154.0,12.0,314.0,721.0,607.0,429.0,,1311.0,760.0,269.0,200.0,147.0,607.0,1063.0,853.0,,,873.0,904.0,1218.0,151.0
,1211.0,,1140.0,579.0,833.0,1001.0,1226.0,99.0,752.0,,54.0,235.0,191.0,676.0,713.0,79.0,684.0,1236.0,,,1301.0,551.0,86.0,150.0
,466.0,,810.0,1182.0,196.0,87.0,350.0,1187.0,955.0,,438.0,559.0,1105.0,527.0,221.0,356.0,225.0,641.0,,,237.0,74.0,49.0,967.0
,947.0,,920.0,828.0,1008.0,181.0,1034.0,771.0,1140.0,,152.0,1104.0,1234.0,150.0,541.0,223.0,947.0,236.0,,,928.0,664.0,1097.0,603.0
,1094.0,,1160.0,597.0,250.0,242.0,1114.0,949.0,1253.0,,1215.0,393.0,1318.0,582.0,1034.0,634.0,329.0,934.0,,,1291.0,956.0,420.0,219.0
,506.0,,680.0,10.0,81.0,379.0,492.0,508.0,161.0,,422.0,226.0,1144.0,56.0,668.0,955.0,226.0,408.0,,,1319.0,461.0,251.0,1017.0
,84.0,,1312.0,1238.0,940.0,715.0,1292.0,1308.0,853.0,,222.0,391.0,131.0,554.0,533.0,128.0,10.0,1021.0,,,463.0,930.0,57.0,1095.0
,843.0,,48.0,546.0,810.0,438.0,585.0,312.0,341.0,,189.0,458.0,1095.0,427.0,1091.0,125.0,475.0,1113.0,,,454.0,526.0,380.0,508.0
,490.0,,283.0,925.0,532.0,818.0,1011.0,878.0,660.0,,1031.0,399.0,1290.0,228.0,95.0,9.0,308.0,1305.0,,,67.0,314.0,368.0,469.0
,1186.0,,1243.0,755.0,796.0,144.0,273.0,416.0,596.0,,218.0,804.0,657.0,851.0,1023.0,490.0,344.0,178.0,,,1153.0,1070.0,1077.0,1048.0
,924.0,,1069.0,594.0,559.0,738.0,223.0,246.0,784.0,,379.0,167.0,316.0,232.0,974.0,408.0,382.0,1291.0,,,981.0,376.0,406.0,132.0
,1023.0,,199.0,654.0,600.0,900.0,60.0,1089.0,494.0,,755.0,1014.0,80.0,1254.0,1227.0,628.0,910.0,139.0,,,1009.0,10.0,456.0,276.0
,476.0,,365.0,982.0,240.0,480.0,1102.0,34.0,193.0,,941.0,428.0,142.0,629.0,711.0,1297.0,206.0,120.0,,,111.0,129.0,53.0,575.0
,1126.0,,515.0,811.0,834.0,776.0,949.0,983.0,1171.0,,873.0,1285.0,1252.0,678.0,628.0,1292.0,156.0,502.0,,,828.0,600.0,749.0,942.0
,1156.0,,251.0,940.0,824.0,730.0,254.0,711.0,9.0,,59.0,1237.0,335.0,1065.0,622.0,918.0,1318.0,73.0,,,1322.0,400.0,648.0,1286.0
,929.0,,256.0,1205.0,206.0,971.0,296.0,1011.0,1111.0,,1236.0,1208.0,1258.0,293.0,638.0,482.0,656.0,687.0,,,285.0,1020.0,712.0,434.0
,1199.0,,343.0,1306.0,701.0,828.0,451.0,293.0,381.0,,195.0,47.0,185.0,511.0,1062.0,208.0,0.0,87.0,,,960.0,1202.0,47.0,714.0
,146.0,,698.0,135.0,682.0,1314.0,1297.0,340.0,558.0,,376.0,835.0,787.0,1017.0,1273.0,96.0,57.0,685.0,,,1095.0,962.0,1137.0,1171.0
,639.0,,1074.0,644.0,32.0,1278.0,970.0,944.0,723.0,,1151.0,1036.0,1108.0,246.0,307.0,461.0,1252.0,1202.0,,,827.0,447.0,697.0,927.0
,290.0,,62.0,53.0,920.0,843.0,1044.0,1271.0,145.0,,1091.0,613.0,599.0,51.0,1103.0,939.0,1174.0,592.0,,,494.0,886.0,970.0,418.0
,345.0,,19.0,807.0,82.0,1170.0,781.0,1.0,69.0,,700.0,317.0,1323.0,140.0,443.0,1206.0,190.0,838.0,,,891.0,507.0,955.0,638.0
,158.0,,572.0,939.0,1252.0,322.0,1058.0,691.0,786.0,,735.0,231.0,136.0,738.0,1274.0,860.0,51.0,543.0,,,1141.0,1125.0,521.0,24.0
,1311.0,,756.0,56.0,1200.0,803.0,783.0,784.0,1304.0,,1315.0,1100.0,759.0,848.0,1055.0,380.0,314.0,78.0,,,874.0,642.0,1115.0,536.0
,247.0,,336.0,1060.0,461.0,1072.0,87.0,1003.0,136.0,,414.0,750.0,210.0,980.0,1042.0,501.0,1158.0,628.0,,,842.0,199.0,998.0,1262.0
,164.0,,286.0,45.0,1214.0,420.0,887.0,1208.0,1118.0,,833.0,64.0,66.0,732.0,1092.0,705.0,1083.0,1017.0,,,65.0,915.0,105.0,33.0
,55.0,,162.0,104.0,151.0,791.0,24.0,341.0,803.0,,1199.0,642.0,1286.0,711.0,314.0,119.0,735.0,106.0,,,1262.0,921.0,689.0,15.0
,344.0,,544.0,342.0,879.0,309.0,811.0,720.0,141.0,,207.0,757.0,44.0,922.0,1246.0,1049.0,1070.0,988.0,,,742.0,1115.0,494.0,635.0
,129.0,,996.0,145.0,440.0,223.0,1096.0,917.0,376.0,,855.0,366.0,620.0,770.0,1051.0,60.0,1119.0,1080.0,,,735.0,1088.0,304.0,486.0
,504.0,,1044.0,633.0,1053.0,1052.0,409.0,1077.0,641.0,,277.0,206.0,393.0,909.0,,759.0,1163.0,895.0,,,1304.0,49.0,426.0,1077.0
,581.0,,34.0,529.0,1031.0,94.0,470.0,367.0,1323.0,,1255.0,307.0,583.0,432.0,,40.0,191.0,534.0,,,261.0,63.0,440.0,1083.0
,616.0,,513.0,411.0,627.0,430.0,163.0,773.0,1112.0,,488.0,392.0,706.0,131.0,,344.0,109.0,181.0,,,318.0,797.0,506.0,700.0
,434.0,,1054.0,1318.0,1130.0,847.0,1171.0,1285.0,279.0,,78.0,624.0,249.0,985.0,,1144.0,358.0,858.0,,,1143.0,527.0,921.0,62.0
,311.0,,930.0,1081.0,686.0,943.0,1041.0,1306.0,668.0,,251.0,1175.0,132.0,1088.0,,675.0,1165.0,1302.0,,,937.0,871.0,1101.0,1034.0
,163.0,,396.0,784.0,263.0,1102.0,993.0,832.0,1310.0,,1074.0,1103.0,914.0,1271.0,,1239.0,171.0,84.0,,,1172.0,187.0,275.0,734.0
,297.0,,699.0,621.0,910.0,125.0,856.0,583.0,958.0,,1138.0,379.0,845.0,72.0,,454.0,1286.0,49.0,,,1220.0,843.0,460.0,563.0
,1022.0,,58.0,1215.0,405.0,378.0,47.0,1074.0,1122.0,,350.0,218.0,346.0,988.0,,263.0,1279.0,877.0,,,1152.0,1161.0,924.0,842.0
,891.0,,754.0,277.0,453.0,63.0,1164.0,465.0,378.0,,407.0,159.0,176.0,1322.0,,757.0,1061.0,531.0,,,701.0,1029.0,1224.0,996.0
,124.0,,1070.0,660.0,63.0,979.0,468.0,392.0,696.0,,416.0,497.0,47.0,147.0,,1186.0,1005.0,1085.0,,,657.0,532.0,436.0,365.0
,126.0,,227.0,96.0,963.0,3.0,199.0,1256.0,293.0,,798.0,,883.0,819.0,,1034.0,317.0,1198.0,,,287.0,1166.0,384.0,1206.0
,955.0,,1096.0,1052.0,814.0,748.0,152.0,442.0,682.0,,660.0,,252.0,416.0,,302.0,1043.0,763.0,,,84.0,51.0,119.0,543.0
,846.0,,610.0,425.0,693.0,28.0,999.0,16.0,1185.0,,132.0,,686.0,492.0,,975.0,870.0,926.0,,,333.0,735.0,1202.0,757.0
,487.0,,1272.0,551.0,1190.0,973.0,520.0,230.0,620.0,,382.0,,1036.0,188.0,,174.0,102.0,76.0,,,38.0,849.0,18.0,850.0
,13.0,,844.0,890.0,724.0,641.0,1145.0,788.0,780.0,,1089.0,,388.0,1218.0,,819.0,883.0,1199.0,,,590.0,822.0,616.0,436.0
,812.0,,1128.0,229.0,569.0,622.0,831.0,619.0,1231.0,,573.0,,158.0,973.0,,387.0,411.0,882.0,,,737.0,180.0,1298.0,445.0
,518.0,,1026.0,626.0,294.0,734.0,1207.0,190.0,1205.0,,1128.0,,725.0,303.0,,616.0,978.0,349.0,,,616.0,266.0,33.0,769.0
,511.0,,1029.0,1004.0,436.0,926.0,705.0,741.0,1133.0,,477.0,,1003.0,636.0,,398.0,1060.0,579.0,,,849.0,168.0,1033.0,776.0
,234.0,,404.0,775.0,784.0,299.0,192.0,1139.0,27.0,,709.0,,710.0,1005.0,,896.0,167.0,417.0,,,877.0,490.0,757.0,274.0
,982.0,,628.0,219.0,551.0,845.0,1216.0,920.0,667.0,,130.0,,409.0,323.0,,1311.0,989.0,1126.0,,,761.0,61.0,915.0,479.0
,1070.0,,245.0,701.0,40.0,246.0,225.0,627.0,241.0,,970.0,,1194.0,464.0,,996.0,774.0,630.0,,,1165.0,721.0,773.0,424.0
,190.0,,773.0,452.0,496.0,1076.0,605.0,357.0,922.0,,984.0,,342.0,598.0,,797.0,851.0,981.0,,,1177.0,1173.0,781.0,684.0
,688.0,,230.0,1050.0,1014.0,500.0,557.0,1065.0,51.0,,1246.0,,422.0,77.0,,1134.0,662.0,344.0,,,485.0,6.0,744.0,1226.0
,1042.0,,966.0,536.0,906.0,472.0,1288.0,743.0,261.0,,1239.0,,772.0,334.0,,155.0,853.0,1012.0,,,988.0,431.0,986.0,252.0
,273.0,,688.0,1143.0,753.0,443.0,142.0,1192.0,1024.0,,1259.0,,788.0,74.0,,858.0,730.0,666.0,,,20.0,37.0,503.0,958.0
,1150.0,,499.0,698.0,710.0,1051.0,629.0,216.0,418.0,,1274.0,,446.0,373.0,,657.0,542.0,746.0,,,771.0,96.0,730.0,1170.0
,488.0,,188.0,118.0,734.0,693.0,113.0,234.0,1067.0,,1242.0,,903.0,195.0,,746.0,1198.0,582.0,,,801.0,372.0,774.0,824.0
,447.0,,1000.0,532.0,958.0,1182.0,769.0,734.0,1035.0,,198.0,,865.0,1029.0,,181.0,1164.0,969.0,,,547.0,898.0,1222.0,1274.0
,1273.0,,1033.0,234.0,429.0,964.0,699.0,1172.0,972.0,,949.0,,1182.0,66.0,,76.0,1280.0,1276.0,,,354.0,459.0,844.0,853.0
,833.0,,585.0,345.0,1264.0,1018.0,1081.0,1142.0,858.0,,72.0,,243.0,241.0,,1319.0,852.0,200.0,,,195.0,649.0,1317.0,135.0
,552.0,,134.0,1316.0,44.0,547.0,455.0,586.0,1129.0,,906.0,,340.0,1061.0,,1031.0,529.0,735.0,,,1091.0,1283.0,804.0,874.0
,212.0,,1295.0,520.0,164.0,499.0,1006.0,1029.0,1121.0,,663.0,,715.0,1085.0,,1172.0,923.0,1322.0,,,1211.0,321.0,1321.0,1125.0
,2.0,,229.0,1086.0,293.0,899.0,1079.0,849.0,309.0,,329.0,,1076.0,708.0,,702.0,600.0,595.0,,,1006.0,305.0,385.0,1117.0
,1231.0,,385.0,1179.0,110.0,362.0,1163.0,129.0,841.0,,684.0,,551.0,843.0,,911.0,752.0,305.0,,,635.0,679.0,649.0,1320.0
,1317.0,,1041.0,1294.0,866.0,1287.0,1134.0,25.0,608.0,,859.0,,587.0,322.0,,891.0,778.0,223.0,,,896.0,971.0,75.0,1183.0
,1142.0,,158.0,742.0,11.0,56.0,842.0,1141.0,445.0,,391.0,,578.0,538.0,,1212.0,330.0,41.0,,,979.0,858.0,232.0,985.0
,274.0,,1156.0,953.0,570.0,1281.0,692.0,1175.0,472.0,,14.0,,15.0,1144.0,,1264.0,45.0,379.0,,,1306.0,188.0,268.0,314.0
,78.0,,961.0,73.0,1245.0,373.0,821.0,774.0,215.0,,1012.0,,940.0,421.0,,468.0,861.0,1083.0,,,870.0,544.0,109.0,487.0
,253.0,,1275.0,153.0,1118.0,473.0,1243.0,618.0,375.0,,1038.0,,1308.0,999.0,,1217.0,715.0,269.0,,,32.0,351.0,114.0,813.0
,159.0,,130.0,26.0,514.0,836.0,732.0,797.0,1010.0,,1194.0,,17.0,339.0,,1277.0,908.0,1161.0,,,54.0,999.0,776.0,406.0
,1044.0,,668.0,1129.0,16.0,1144.0,737.0,1240.0,728.0,,354.0,,374.0,328.0,,418.0,741.0,321.0,,,958.0,22.0,196.0,69.0
,1024.0,,86.0,872.0,1097.0,1283.0,556.0,1292.0,1038.0,,817.0,,208.0,184.0,,373.0,1201.0,900.0,,,358.0,778.0,1242.0,1222.0
,304.0,,915.0,972.0,306.0,234.0,580.0,1022.0,307.0,,1078.0,,872.0,1066.0,,881.0,827.0,844.0,,,599.0,192.0,748.0,1304.0
,686.0,,146.0,1085.0,574.0,10.0,303.0,908.0,122.0,,577.0,,1293.0,1145.0,,272.0,653.0,1285.0,,,1084.0,504.0,787.0,820.0
,897.0,,555.0,81.0,420.0,130.0,1225.0,150.0,527.0,,262.0,,161.0,818.0,,504.0,1091.0,563.0,,,1059.0,1210.0,90.0,885.0
,1318.0,,1178.0,1036.0,1318.0,526.0,412.0,530.0,1167.0,,506.0,,513.0,1000.0,,1224.0,1274.0,248.0,,,140.0,29.0,392.0,544.0
,193.0,,779.0,136.0,967.0,927.0,1061.0,169.0,937.0,,542.0,,265.0,187.0,,126.0,122.0,356.0,,,894.0,417.0,1140.0,96.0
,603.0,,817.0,490.0,1073.0,1130.0,1237.0,170.0,1255.0,,656.0,,9.0,846.0,,519.0,333.0,931.0,,,1115.0,909.0,224.0,514.0
,850.0,,479.0,298.0,1147.0,71.0,10.0,906.0,302.0,,1135.0,,193.0,860.0,,1219.0,1047.0,1162.0,,,781.0,19.0,112.0,1302.0
,557.0,,828.0,292.0,1054.0,1206.0,923.0,478.0,248.0,,21.0,,1063.0,660.0,,222.0,288.0,149.0,,,219.0,1040.0,883.0,459.0
,1092.0,,261.0,526.0,1157.0,592.0,765.0,550.0,,,847.0,,395.0,1179.0,,7.0,291.0,1321.0,,,245.0,88.0,1067.0,912.0
,996.0,,491.0,91.0,1122.0,1162.0,1124.0,1180.0,,,853.0,,762.0,707.0,,823.0,1271.0,331.0,,,360.0,12.0,115.0,949.0
,458.0,,1164.0,32.0,712.0,1317.0,1194.0,673.0,,,1109.0,,771.0,767.0,,946.0,15.0,142.0,,,238.0,59.0,556.0,171.0
,876.0,,1323.0,1065.0,739.0,1085.0,135.0,238.0,,,683.0,,707.0,314.0,,134.0,375.0,529.0,,,534.0,844.0,419.0,305.0
,530.0,,1310.0,528.0,1230.0,1321.0,481.0,681.0,,,961.0,,461.0,419.0,,585.0,1110.0,842.0,,,915.0,1022.0,1270.0,355.0
,1218.0,,691.0,1134.0,1250.0,1251.0,249.0,512.0,,,1182.0,,361.0,364.0,,330.0,1200.0,1070.0,,,895.0,833.0,827.0,454.0
,627.0,,902.0,349.0,1100.0,1111.0,417.0,267.0,,,1211.0,,415.0,67.0,,32.0,948.0,572.0,,,887.0,555.0,606.0,1101.0
,578.0,,25.0,1056.0,261.0,1017.0,94.0,1114.0,,,1261.0,,1116.0,466.0,,318.0,547.0,190.0,,,555.0,438.0,123.0,801.0
,694.0,,198.0,278.0,18.0,84.0,785.0,757.0,,,600.0,,678.0,264.0,,1198.0,347.0,574.0,,,1283.0,1021.0,45.0,636.0
,19.0,,175.0,991.0,30.0,334.0,749.0,438.0,,,643.0,,820.0,1048.0,,95.0,723.0,742.0,,,492.0,1209.0,375.0,473.0
,1185.0,,127.0,844.0,948.0,1171.0,433.0,667.0,,,510.0,,445.0,146.0,,1317.0,1140.0,712.0,,,562.0,486.0,486.0,671.0
,231.0,,1108.0,977.0,530.0,798.0,847.0,60.0,,,1156.0,,789.0,245.0,,953.0,956.0,566.0,,,169.0,1140.0,1234.0,513.0
,570.0,,110.0,269.0,596.0,123.0,247.0,722.0,,,1112.0,,934.0,764.0,,281.0,72.0,187.0,,,260.0,421.0,1265.0,72.0
,1224.0,,567.0,130.0,531.0,513.0,1215.0,876.0,,,157.0,,330.0,675.0,,830.0,488.0,1166.0,,,1159.0,589.0,912.0,797.0
,655.0,,157.0,1266.0,635.0,359.0,363.0,1260.0,,,550.0,,524.0,231.0,,856.0,920.0,937.0,,,1161.0,39.0,810.0,84.0
,404.0,,743.0,224.0,1127.0,296.0,18.0,458.0,,,1011.0,,1085.0,1040.0,,453.0,1051.0,1022.0,,,488.0,581.0,321.0,571.0
,989.0,,9.0,1091.0,849.0,566.0,1291.0,663.0,,,982.0,,952.0,4.0,,912.0,1084.0,914.0,,,118.0,293.0,3.0,902.0
,374.0,,989.0,592.0,540.0,22.0,340.0,675.0,,,665.0,,979.0,768.0,,499.0,589.0,474.0,,,223.0,309.0,619.0,1192.0
,505.0,,1050.0,504.0,1047.0,1217.0,684.0,48.0,,,423.0,,431.0,223.0,,439.0,706.0,299.0,,,503.0,710.0,193.0,1072.0
,745.0,,393.0,307.0,802.0,349.0,649.0,727.0,,,426.0,,943.0,410.0,,354.0,408.0,511.0,,,266.0,97.0,785.0,879.0
,360.0,,13.0,,573.0,85.0,1117.0,203.0,,,210.0,,334.0,946.0,,441.0,1294.0,524.0,,,1142.0,741.0,269.0,1152.0
,221.0,,852.0,,314.0,980.0,134.0,819.0,,,1083.0,,251.0,1198.0,,973.0,714.0,405.0,,,823.0,990.0,1127.0,1235.0
,270.0,,382.0,,1017.0,648.0,1232.0,595.0,,,1285.0,,948.0,692.0,,661.0,290.0,1252.0,,,393.0,1254.0,1027.0,768.0
,1160.0,,1134.0,,159.0,1.0,547.0,1138.0,,,158.0,,827.0,519.0,,1245.0,461.0,138.0,,,746.0,222.0,170.0,897.0
,878.0,,476.0,,1161.0,1053.0,435.0,408.0,,,996.0,,194.0,468.0,,1057.0,55.0,27.0,,,789.0,261.0,588.0,361.0
,332.0,,1300.0,,966.0,47.0,1103.0,202.0,,,527.0,,891.0,1244.0,,1160.0,1239.0,1094.0,,,395.0,936.0,6.0,981.0
,498.0,,1265.0,,417.0,794.0,532.0,98.0,,,97.0,,420.0,1232.0,,1196.0,535.0,189.0,,,662.0,458.0,835.0,561.0
,1110.0,,591.0,,171.0,396.0,1187.0,672.0,,,1256.0,,1110.0,149.0,,1108.0,209.0,435.0,,,793.0,1050.0,570.0,76.0
,1217.0,,129.0,,1038.0,1250.0,1068.0,542.0,,,634.0,,1301.0,827.0,,1119.0,121.0,600.0,,,575.0,723.0,1028.0,738.0
,631.0,,1316.0,,827.0,360.0,1219.0,426.0,,,24.0,,568.0,1307.0,,237.0,1324.0,1133.0,,,630.0,1083.0,40.0,733.0
,1203.0,,17.0,,780.0,612.0,419.0,514.0,,,122.0,,333.0,785.0,,322.0,467.0,278.0,,,1309.0,1261.0,542.0,427.0
,726.0,,39.0,,615.0,567.0,1149.0,258.0,,,779.0,,546.0,375.0,,23.0,983.0,1061.0,,,740.0,1062.0,348.0,1185.0
,1060.0,,1238.0,,1234.0,0.0,334.0,762.0,,,452.0,,574.0,761.0,,1257.0,504.0,294.0,,,212.0,839.0,1316.0,661.0
,671.0,,15.0,,188.0,1098.0,104.0,1120.0,,,723.0,,1001.0,833.0,,1078.0,1075.0,1153.0,,,869.0,397.0,904.0,1155.0
,531.0,,32.0,,1081.0,534.0,1045.0,780.0,,,869.0,,746.0,556.0,,299.0,1243.0,541.0,,,727.0,1103.0,338.0,1032.0
,900.0,,811.0,,326.0,522.0,873.0,329.0,,,219.0,,975.0,174.0,,1143.0,806.0,778.0,,,689.0,313.0,784.0,887.0
,141.0,,692.0,,1006.0,1242.0,752.0,295.0,,,1055.0,,343.0,589.0,,806.0,139.0,624.0,,,523.0,1193.0,1173.0,799.0
,1236.0,,65.0,,36.0,89.0,708.0,1189.0,,,187.0,,1121.0,637.0,,969.0,819.0,546.0,,,935.0,887.0,288.0,1291.0
,901.0,,984.0,,1005.0,74.0,1051.0,1219.0,,,559.0,,1082.0,652.0,,1030.0,679.0,806.0,,,1123.0,481.0,830.0,250.0
,841.0,,1273.0,,1059.0,415.0,1076.0,1171.0,,,300.0,,837.0,434.0,,910.0,1179.0,983.0,,,682.0,77.0,908.0,763.0
,3.0,,112.0,,1070.0,861.0,743.0,882.0,,,1111.0,,982.0,326.0,,719.0,961.0,632.0,,,448.0,152.0,751.0,884.0
,1058.0,,418.0,,826.0,984.0,577.0,245.0,,,938.0,,103.0,910.0,,1291.0,491.0,636.0,,,1228.0,1034.0,1094.0,625.0
,1012.0,,1161.0,,290.0,787.0,107.0,699.0,,,253.0,,887.0,752.0,,557.0,601.0,32.0,,,211.0,511.0,1134.0,994.0
,630.0,,1217.0,,1092.0,1232.0,266.0,659.0,,,498.0,,808.0,409.0,,772.0,568.0,284.0,,,88.0,318.0,860.0,233.0
,1066.0,,474.0,,74.0,509.0,590.0,516.0,,,1068.0,,214.0,923.0,,180.0,154.0,1123.0,,,369.0,676.0,944.0,234.0
,617.0,,54.0,,86.0,1208.0,840.0,945.0,,,65.0,,582.0,1153.0,,974.0,789.0,503.0,,,295.0,727.0,1090.0,217.0
,489.0,,604.0,,225.0,1038.0,1098.0,260.0,,,818.0,,24.0,603.0,,56.0,46.0,383.0,,,187.0,83.0,704.0,537.0
,687.0,,955.0,,916.0,159.0,905.0,86.0,,,1174.0,,1122.0,153.0,,1216.0,1102.0,677.0,,,787.0,1313.0,906.0,17.0
,433.0,,993.0,,732.0,1156.0,499.0,1305.0,,,675.0,,354.0,425.0,,637.0,1046.0,871.0,,,299.0,873.0,1131.0,53.0
,213.0,,216.0,,428.0,1044.0,878.0,87.0,,,134.0,,1248.0,1131.0,,621.0,351.0,115.0,,,977.0,857.0,415.0,908.0
,350.0,,487.0,,988.0,265.0,46.0,1293.0,,,431.0,,1029.0,43.0,,676.0,218.0,536.0,,,531.0,1302.0,278.0,175.0
,130.0,,1324.0,,1022.0,228.0,220.0,1125.0,,,254.0,,22.0,1137.0,,25.0,128.0,1029.0,,,936.0,1010.0,728.0,394.0
,196.0,,502.0,,939.0,301.0,919.0,998.0,,,408.0,,1254.0,1273.0,,516.0,644.0,341.0,,,1131.0,259.0,159.0,560.0
,690.0,,169.0,,702.0,199.0,4.0,912.0,,,734.0,,1187.0,1181.0,,1070.0,980.0,762.0,,,50.0,683.0,1272.0,980.0
,1011.0,,412.0,,153.0,419.0,330.0,483.0,,,74.0,,1291.0,555.0,,980.0,517.0,773.0,,,402.0,369.0,1047.0,120.0
,254.0,,398.0,,1036.0,196.0,567.0,634.0,,,459.0,,1079.0,526.0,,831.0,297.0,466.0,,,417.0,142.0,845.0,451.0
,523.0,,168.0,,10.0,710.0,526.0,381.0,,,670.0,,780.0,602.0,,879.0,828.0,995.0,,,1073.0,1216.0,658.0,142.0
,1193.0,,666.0,,694.0,437.0,62.0,1071.0,,,335.0,,120.0,1050.0,,541.0,1159.0,1287.0,,,1173.0,703.0,414.0,1116.0
,499.0,,342.0,,122.0,494.0,1136.0,708.0,,,47.0,,803.0,1036.0,,274.0,673.0,868.0,,,651.0,386.0,136.0,1119.0
,614.0,,267.0,,373.0,143.0,997.0,156.0,,,121.0,,626.0,330.0,,422.0,784.0,36.0,,,137.0,20.0,76.0,1075.0
,362.0,,18.0,,127.0,268.0,1227.0,1044.0,,,648.0,,623.0,530.0,,914.0,760.0,807.0,,,883.0,981.0,938.0,791.0
,902.0,,570.0,,1185.0,774.0,1007.0,74.0,,,1104.0,,740.0,1231.0,,198.0,484.0,103.0,,,581.0,258.0,1324.0,1046.0
,22.0,,1207.0,,218.0,449.0,358.0,76.0,,,34.0,,1188.0,611.0,,692.0,374.0,626.0,,,289.0,630.0,937.0,633.0
,872.0,,118.0,,714.0,1297.0,445.0,856.0,,,1021.0,,478.0,295.0,,116.0,505.0,1282.0,,,1029.0,336.0,1085.0,218.0
,1305.0,,701.0,,193.0,559.0,235.0,283.0,,,167.0,,1303.0,1161.0,,1300.0,383.0,174.0,,,1297.0,156.0,493.0,764.0
,824.0,,1197.0,,1239.0,755.0,1191.0,305.0,,,1037.0,,1302.0,1089.0,,271.0,928.0,325.0,,,1273.0,452.0,609.0,395.0
,1061.0,,1240.0,,186.0,1149.0,353.0,237.0,,,3.0,,137.0,593.0,,1029.0,423.0,412.0,,,416.0,455.0,853.0,1172.0
,510.0,,318.0,,24.0,311.0,979.0,1062.0,,,901.0,,426.0,126.0,,809.0,593.0,1112.0,,,227.0,1307.0,1305.0,527.0
,1233.0,,559.0,,331.0,277.0,700.0,751.0,,,1022.0,,134.0,229.0,,1155.0,1010.0,1109.0,,,397.0,84.0,897.0,372.0
,52.0,,268.0,,92.0,243.0,541.0,880.0,,,320.0,,295.0,722.0,,438.0,818.0,160.0,,,1242.0,1068.0,195.0,654.0
,585.0,,180.0,,522.0,225.0,278.0,1112.0,,,1127.0,,846.0,379.0,,58.0,446.0,1275.0,,,537.0,483.0,167.0,691.0
,1189.0,,1066.0,,1088.0,563.0,449.0,598.0,,,1210.0,,1168.0,1001.0,,1227.0,520.0,1218.0,,,1282.0,1064.0,1117.0,932.0
,302.0,,639.0,,172.0,718.0,1262.0,790.0,,,974.0,,496.0,717.0,,483.0,217.0,891.0,,,675.0,651.0,308.0,1173.0
,284.0,,1042.0,,183.0,1273.0,1105.0,1046.0,,,556.0,,432.0,417.0,,1099.0,83.0,197.0,,,667.0,1076.0,31.0,894.0
,367.0,,524.0,,361.0,832.0,766.0,375.0,,,952.0,,698.0,234.0,,309.0,1104.0,1160.0,,,1106.0,1234.0,234.0,1221.0
,486.0,,413.0,,494.0,339.0,479.0,476.0,,,1086.0,,1088.0,46.0,,367.0,869.0,917.0,,,1067.0,1144.0,602.0,812.0
,117.0,,822.0,,509.0,1265.0,131.0,1159.0,,,156.0,,1047.0,1146.0,,1128.0,795.0,399.0,,,1204.0,79.0,386.0,467.0
,874.0,,1258.0,,750.0,608.0,393.0,1226.0,,,524.0,,486.0,775.0,,1074.0,1241.0,1105.0,,,794.0,698.0,488.0,433.0
,600.0,,1087.0,,653.0,236.0,954.0,40.0,,,1191.0,,974.0,663.0,,142.0,1134.0,30.0,,,469.0,1039.0,1180.0,138.0
,744.0,,219.0,,715.0,745.0,1267.0,1103.0,,,1088.0,,267.0,350.0,,1124.0,1264.0,692.0,,,44.0,1183.0,212.0,506.0
,936.0,,497.0,,73.0,134.0,301.0,740.0,,,425.0,,999.0,327.0,,63.0,11.0,293.0,,,254.0,27.0,643.0,186.0
,806.0,,1255.0,,283.0,1155.0,897.0,1239.0,,,1208.0,,201.0,321.0,,1111.0,1244.0,327.0,,,1056.0,1319.0,335.0,1228.0
,449.0,,274.0,,415.0,655.0,49.0,561.0,,,1300.0,,428.0,645.0,,445.0,144.0,109.0,,,1212.0,186.0,120.0,827.0
,954.0,,193.0,,1098.0,1140.0,338.0,206.0,,,1305.0,,352.0,272.0,,400.0,403.0,1187.0,,,772.0,1100.0,1046.0,1066.0
,392.0,,281.0,,505.0,1026.0,458.0,136.0,,,467.0,,1143.0,742.0,,729.0,1315.0,719.0,,,566.0,1019.0,541.0,669.0
,773.0,,575.0,,1320.0,874.0,213.0,1185.0,,,704.0,,1266.0,17.0,,787.0,912.0,919.0,,,2.0,1184.0,559.0,474.0
,1279.0,,280.0,,26.0,403.0,245.0,1249.0,,,99.0,,545.0,316.0,,166.0,890.0,533.0,,,390.0,1133.0,1111.0,826.0
,1266.0,,377.0,,1276.0,381.0,601.0,1134.0,,,1200.0,,398.0,759.0,,114.0,39.0,58.0,,,356.0,1167.0,1310.0,524.0
,223.0,,868.0,,961.0,463.0,855.0,622.0,,,29.0,,480.0,928.0,,80.0,239.0,1031.0,,,1113.0,123.0,1282.0,383.0
,236.0,,674.0,,902.0,797.0,1132.0,976.0,,,789.0,,1322.0,1051.0,,586.0,1193.0,246.0,,,153.0,464.0,720.0,1073.0
,831.0,,1053.0,,115.0,668.0,558.0,122.0,,,929.0,,288.0,192.0,,893.0,65.0,258.0,,,750.0,803.0,1121.0,58.0
,155.0,,96.0,,1315.0,725.0,84.0,1301.0,,,802.0,,255.0,667.0,,902.0,429.0,909.0,,,1052.0,598.0,1307.0,704.0
,584.0,,735.0,,343.0,697.0,611.0,336.0,,,899.0,,314.0,879.0,,601.0,1229.0,864.0,,,355.0,798.0,72.0,342.0
,537.0,,846.0,,445.0,562.0,1211.0,1247.0,,,988.0,,702.0,1095.0,,1081.0,721.0,720.0,,,366.0,139.0,1302.0,1135.0
,797.0,,682.0,,996.0,195.0,818.0,439.0,,,884.0,,14.0,181.0,,452.0,1170.0,1293.0,,,441.0,614.0,1211.0,729.0
,795.0,,766.0,,59.0,1064.0,103.0,501.0,,,1041.0,,1005.0,145.0,,1296.0,373.0,69.0,,,1182.0,855.0,37.0,550.0
,734.0,,322.0,,345.0,890.0,22.0,337.0,,,288.0,,1157.0,1117.0,,350.0,957.0,879.0,,,1233.0,1031.0,631.0,512.0
,636.0,,1182.0,,120.0,597.0,922.0,900.0,,,811.0,,1086.0,1060.0,,1019.0,1222.0,475.0,,,30.0,1171.0,403.0,397.0
,1256.0,,1304.0,,1265.0,462.0,1201.0,1060.0,,,208.0,,162.0,1042.0,,59.0,472.0,304.0,,,72.0,444.0,985.0,612.0
,821.0,,1229.0,,158.0,1065.0,1166.0,435.0,,,519.0,,224.0,809.0,,517.0,666.0,658.0,,,1157.0,648.0,1038.0,1252.0
,174.0,,987.0,,754.0,492.0,185.0,143.0,,,478.0,,1250.0,902.0,,1244.0,33.0,271.0,,,663.0,54.0,354.0,1147.0
,169.0,,107.0,,1324.0,784.0,126.0,652.0,,,63.0,,1065.0,42.0,,240.0,633.0,1208.0,,,770.0,98.0,5.0,341.0
,448.0,,942.0,,292.0,491.0,702.0,932.0,,,733.0,,259.0,997.0,,1120.0,1253.0,590.0,,,17.0,116.0,19.0,422.0
,1010.0,,935.0,,426.0,664.0,244.0,1281.0,,,649.0,,841.0,1278.0,,1190.0,998.0,3.0,,,955.0,157.0,65.0,49.0
,855.0,,532.0,,659.0,767.0,379.0,1078.0,,,918.0,,1159.0,1037.0,,435.0,58.0,2.0,,,3.0,777.0,425.0,414.0
,443.0,,829.0,,142.0,30.0,133.0,1255.0,,,1155.0,,814.0,967.0,,429.0,856.0,1226.0,,,265.0,342.0,988.0,1057.0
,496.0,,976.0,,190.0,1147.0,237.0,387.0,,,717.0,,527.0,265.0,,670.0,997.0,384.0,,,302.0,884.0,400.0,1016.0
,564.0,,813.0,,822.0,293.0,1286.0,1259.0,,,1017.0,,781.0,1280.0,,611.0,1323.0,496.0,,,1321.0,518.0,1256.0,1085.0
,111.0,,678.0,,737.0,275.0,710.0,1040.0,,,640.0,,494.0,677.0,,1142.0,1194.0,1292.0,,,1154.0,493.0,1320.0,1159.0
,183.0,,222.0,,1144.0,805.0,756.0,290.0,,,346.0,,602.0,1169.0,,1180.0,1220.0,46.0,,,312.0,1203.0,92.0,567.0
,677.0,,35.0,,323.0,1252.0,608.0,698.0,,,264.0,,46.0,618.0,,410.0,634.0,1138.0,,,911.0,917.0,545.0,1038.0
,1202.0,,652.0,,857.0,966.0,861.0,572.0,,,760.0,,1111.0,822.0,,1023.0,522.0,821.0,,,160.0,434.0,990.0,742.0
,1157.0,,241.0,,77.0,213.0,882.0,597.0,,,707.0,,244.0,565.0,,659.0,130.0,1254.0,,,932.0,260.0,947.0,1058.0
,541.0,,1046.0,,979.0,627.0,528.0,571.0,,,348.0,,472.0,1250.0,,1145.0,200.0,515.0,,,91.0,586.0,612.0,787.0
,904.0,,1175.0,,547.0,785.0,790.0,1063.0,,,1044.0,,1057.0,573.0,,20.0,935.0,1116.0,,,815.0,64.0,823.0,236.0
,1205.0,,533.0,,113.0,171.0,1131.0,955.0,,,1307.0,,1232.0,1286.0,,375.0,267.0,1129.0,,,288.0,419.0,533.0,119.0
,1183.0,,514.0,,968.0,1190.0,365.0,292.0,,,1170.0,,663.0,830.0,,371.0,1153.0,312.0,,,560.0,370.0,600.0,1120.0
,691.0,,278.0,,1229.0,590.0,1013.0,608.0,,,973.0,,671.0,924.0,,869.0,1196.0,282.0,,,1051.0,845.0,1207.0,294.0
,262.0,,922.0,,129.0,75.0,1097.0,43.0,,,1188.0,,1251.0,294.0,,49.0,1176.0,11.0,,,909.0,151.0,1113.0,745.0
,670.0,,1201.0,,881.0,607.0,888.0,159.0,,,111.0,,1236.0,888.0,,985.0,1181.0,818.0,,,24.0,989.0,302.0,1254.0
,560.0,,376.0,,602.0,238.0,175.0,703.0,,,799.0,,106.0,1049.0,,257.0,105.0,717.0,,,1130.0,1121.0,530.0,911.0
,445.0,,1135.0,,116.0,517.0,1154.0,1061.0,,,1085.0,,341.0,371.0,,39.0,277.0,1296.0,,,1021.0,268.0,435.0,963.0
,289.0,,335.0,,238.0,560.0,297.0,1203.0,,,440.0,,1319.0,587.0,,1139.0,924.0,148.0,,,68.0,776.0,736.0,1044.0
,1144.0,,838.0,,855.0,1126.0,9.0,840.0,,,336.0,,916.0,1315.0,,386.0,576.0,262.0,,,438.0,1162.0,796.0,1056.0
,136.0,,1262.0,,450.0,92.0,149.0,227.0,,,50.0,,1245.0,525.0,,600.0,38.0,1087.0,,,1166.0,808.0,801.0,247.0
,435.0,,712.0,,624.0,800.0,1086.0,446.0,,,910.0,,639.0,190.0,,84.0,417.0,1186.0,,,1243.0,860.0,1275.0,54.0
,1275.0,,767.0,,489.0,1062.0,233.0,582.0,,,429.0,,69.0,828.0,,987.0,594.0,795.0,,,1313.0,40.0,786.0,1165.0
,149.0,,1155.0,,1013.0,942.0,111.0,236.0,,,745.0,,144.0,1284.0,,976.0,361.0,980.0,,,139.0,708.0,561.0,1008.0
,1165.0,,899.0,,371.0,1119.0,1019.0,1323.0,,,16.0,,207.0,254.0,,419.0,262.0,129.0,,,1077.0,795.0,520.0,623.0
,422.0,,977.0,,912.0,316.0,168.0,913.0,,,814.0,,936.0,877.0,,1185.0,860.0,242.0,,,972.0,15.0,512.0,817.0
,1313.0,,45.0,,275.0,412.0,867.0,242.0,,,378.0,,913.0,883.0,,173.0,680.0,212.0,,,766.0,99.0,952.0,847.0
,522.0,,778.0,,17.0,1216.0,1012.0,680.0,,,966.0,,392.0,513.0,,799.0,161.0,406.0,,,178.0,864.0,178.0,611.0
,410.0,,1297.0,,980.0,1084.0,1077.0,232.0,,,1284.0,,112.0,224.0,,27.0,1006.0,559.0,,,792.0,692.0,725.0,1082.0
,224.0,,4.0,,1218.0,1095.0,868.0,861.0,,,508.0,,173.0,22.0,,421.0,133.0,441.0,,,634.0,718.0,1210.0,534.0
,411.0,,1195.0,,1286.0,427.0,432.0,1069.0,,,642.0,,174.0,642.0,,1274.0,876.0,1251.0,,,22.0,158.0,1216.0,141.0
,257.0,,432.0,,696.0,24.0,1195.0,27.0,,,893.0,,747.0,98.0,,248.0,718.0,1232.0,,,305.0,528.0,1276.0,1253.0
,1190.0,,28.0,,998.0,613.0,903.0,503.0,,,840.0,,848.0,1098.0,,1027.0,704.0,315.0,,,51.0,228.0,517.0,964.0
,1014.0,,136.0,,741.0,578.0,1244.0,590.0,,,664.0,,690.0,157.0,,1109.0,665.0,594.0,,,1031.0,1044.0,878.0,10.0
,826.0,,221.0,,1056.0,1274.0,422.0,431.0,,,216.0,,856.0,158.0,,769.0,832.0,33.0,,,29.0,105.0,948.0,774.0
,1207.0,,362.0,,94.0,856.0,1266.0,117.0,,,614.0,,815.0,638.0,,844.0,531.0,696.0,,,1230.0,1018.0,198.0,327.0
,930.0,,97.0,,85.0,866.0,474.0,131.0,,,777.0,,495.0,97.0,,674.0,1014.0,443.0,,,881.0,161.0,1109.0,562.0
,440.0,,888.0,,1150.0,711.0,101.0,383.0,,,653.0,,1309.0,607.0,,645.0,1272.0,89.0,,,879.0,252.0,104.0,934.0
,390.0,,1020.0,,685.0,518.0,998.0,822.0,,,554.0,,67.0,837.0,,1164.0,506.0,736.0,,,367.0,506.0,523.0,1218.0
,635.0,,623.0,,926.0,292.0,510.0,364.0,,,908.0,,774.0,65.0,,1053.0,1212.0,166.0,,,1126.0,1026.0,1144.0,208.0
,1127.0,,447.0,,88.0,128.0,182.0,1081.0,,,975.0,,94.0,390.0,,917.0,477.0,13.0,,,1053.0,948.0,790.0,1169.0
,176.0,,1225.0,,1215.0,93.0,658.0,1196.0,,,1244.0,,738.0,1259.0,,631.0,92.0,713.0,,,992.0,954.0,632.0,311.0
,1321.0,,423.0,,56.0,948.0,1271.0,482.0,,,1029.0,,54.0,982.0,,1299.0,342.0,317.0,,,9.0,1093.0,1091.0,35.0
,1129.0,,417.0,,915.0,1088.0,862.0,1083.0,,,1039.0,,514.0,196.0,,224.0,899.0,826.0,,,457.0,1222.0,153.0,1103.0
,645.0,,781.0,,911.0,1032.0,1238.0,425.0,,,676.0,,456.0,182.0,,242.0,1287.0,211.0,,,1109.0,60.0,765.0,1019.0
,1057.0,,170.0,,1009.0,345.0,263.0,248.0,,,1269.0,,318.0,1295.0,,45.0,401.0,1009.0,,,1024.0,316.0,394.0,239.0
,154.0,,1169.0,,588.0,1136.0,504.0,1149.0,,,258.0,,484.0,1075.0,,423.0,681.0,1201.0,,,210.0,1182.0,343.0,465.0
,173.0,,448.0,,71.0,337.0,527.0,654.0,,,1069.0,,1285.0,1318.0,,78.0,299.0,1157.0,,,1238.0,1007.0,589.0,117.0
,743.0,,1254.0,,79.0,20.0,714.0,871.0,,,535.0,,1279.0,1110.0,,774.0,511.0,437.0,,,536.0,286.0,505.0,1184.0
,769.0,,1125.0,,667.0,1239.0,940.0,285.0,,,681.0,,1066.0,1240.0,,933.0,204.0,1214.0,,,713.0,897.0,1292.0,81.0
,205.0,,1321.0,,180.0,802.0,1091.0,434.0,,,461.0,,282.0,1249.0,,1156.0,186.0,693.0,,,820.0,1278.0,982.0,1307.0
,265.0,,211.0,,370.0,754.0,1162.0,1162.0,,,12.0,,804.0,762.0,,1036.0,29.0,329.0,,,856.0,616.0,1132.0,598.0
,1245.0,,746.0,,808.0,330.0,793.0,449.0,,,710.0,,915.0,657.0,,1112.0,376.0,704.0,,,917.0,207.0,675.0,1211.0
,1118.0,,745.0,,893.0,862.0,1245.0,228.0,,,445.0,,873.0,932.0,,671.0,512.0,1278.0,,,95.0,1090.0,450.0,694.0
,751.0,,1150.0,,1052.0,397.0,383.0,678.0,,,686.0,,977.0,1041.0,,1201.0,1137.0,915.0,,,631.0,605.0,339.0,893.0
,123.0,,539.0,,389.0,1209.0,2.0,400.0,,,1167.0,,922.0,1173.0,,98.0,1319.0,1303.0,,,1016.0,1292.0,214.0,495.0
,322.0,,1259.0,,195.0,1304.0,1067.0,697.0,,,441.0,,87.0,273.0,,372.0,1157.0,238.0,,,514.0,916.0,262.0,169.0
,554.0,,823.0,,756.0,904.0,460.0,1321.0,,,603.0,,128.0,235.0,,427.0,1283.0,334.0,,,912.0,456.0,172.0,386.0
,605.0,,1148.0,,307.0,783.0,76.0,145.0,,,501.0,,832.0,490.0,,1045.0,137.0,134.0,,,758.0,103.0,754.0,18.0
,1154.0,,467.0,,1207.0,476.0,73.0,1232.0,,,417.0,,798.0,1300.0,,1320.0,651.0,967.0,,,878.0,303.0,552.0,674.0
,1250.0,,182.0,,252.0,591.0,1204.0,274.0,,,22.0,,1189.0,123.0,,837.0,400.0,1324.0,,,884.0,498.0,246.0,400.0
,910.0,,422.0,,987.0,1141.0,473.0,574.0,,,1233.0,,995.0,496.0,,52.0,987.0,1286.0,,,216.0,277.0,538.0,1293.0
,1215.0,,1017.0,,412.0,98.0,1062.0,820.0,,,307.0,,1224.0,1292.0,,1088.0,363.0,295.0,,,16.0,495.0,840.0,402.0
,241.0,,1088.0,,525.0,1192.0,1200.0,1279.0,,,333.0,,227.0,278.0,,1211.0,6.0,204.0,,,976.0,169.0,869.0,591.0
,991.0,,1271.0,,1057.0,830.0,1.0,1296.0,,,532.0,,719.0,177.0,,588.0,970.0,1180.0,,,1094.0,538.0,572.0,828.0
,180.0,,1058.0,,1256.0,45.0,544.0,264.0,,,857.0,,345.0,579.0,,942.0,901.0,1227.0,,,1244.0,832.0,1165.0,416.0
,485.0,,1064.0,,,878.0,518.0,679.0,,,,,121.0,219.0,,317.0,201.0,575.0,,,731.0,1314.0,122.0,167.0
,1261.0,,237.0,,,1235.0,950.0,344.0,,,,,1.0,1134.0,,178.0,384.0,77.0,,,40.0,567.0,891.0,409.0
,484.0,,354.0,,,521.0,257.0,639.0,,,,,1225.0,994.0,,254.0,686.0,500.0,,,738.0,1149.0,1228.0,564.0
,382.0,,1305.0,,,305.0,63.0,854.0,,,,,1176.0,1070.0,,460.0,638.0,1270.0,,,74.0,626.0,475.0,26.0
,365.0,,416.0,,,769.0,347.0,173.0,,,,,493.0,867.0,,887.0,101.0,419.0,,,1285.0,492.0,1198.0,720.0
,1219.0,,1078.0,,,859.0,1022.0,541.0,,,,,468.0,274.0,,822.0,816.0,351.0,,,135.0,224.0,961.0,782.0
,1174.0,,271.0,,,544.0,644.0,636.0,,,,,1033.0,129.0,,764.0,258.0,813.0,,,498.0,977.0,565.0,808.0
,191.0,,77.0,,,1305.0,1084.0,1314.0,,,,,1312.0,429.0,,784.0,250.0,153.0,,,1065.0,242.0,964.0,413.0
,934.0,,576.0,,,886.0,969.0,689.0,,,,,541.0,776.0,,756.0,349.0,202.0,,,908.0,918.0,519.0,716.0
,757.0,,187.0,,,1214.0,38.0,382.0,,,,,247.0,1025.0,,1073.0,902.0,285.0,,,371.0,627.0,410.0,629.0
,1187.0,,93.0,,,1225.0,770.0,995.0,,,,,74.0,895.0,,779.0,377.0,797.0,,,334.0,1287.0,443.0,517.0
,1033.0,,99.0,,,1236.0,647.0,798.0,,,,,758.0,237.0,,228.0,222.0,758.0,,,930.0,172.0,468.0,836.0
,1032.0,,784.0,,,218.0,325.0,549.0,,,,,566.0,49.0,,252.0,941.0,1125.0,,,284.0,479.0,534.0,432.0
,555.0,,1281.0,,,1194.0,1152.0,457.0,,,,,659.0,955.0,,407.0,263.0,255.0,,,843.0,1227.0,1169.0,522.0
,1079.0,,459.0,,,336.0,784.0,287.0,,,,,644.0,647.0,,506.0,364.0,300.0,,,1072.0,413.0,1244.0,1200.0
,626.0,,176.0,,,804.0,588.0,450.0,,,,,3.0,69.0,,1047.0,668.0,135.0,,,978.0,1116.0,934.0,194.0
,1310.0,,151.0,,,963.0,242.0,894.0,,,,,1120.0,896.0,,587.0,815.0,1195.0,,,658.0,82.0,548.0,693.0
,472.0,,207.0,,,924.0,1072.0,498.0,,,,,1273.0,935.0,,1032.0,838.0,1037.0,,,428.0,183.0,1130.0,1107.0
,293.0,,1311.0,,,289.0,384.0,748.0,,,,,357.0,743.0,,878.0,182.0,159.0,,,813.0,631.0,309.0,816.0
,750.0,,429.0,,,151.0,971.0,209.0,,,,,712.0,559.0,,535.0,266.0,946.0,,,580.0,628.0,207.0,185.0
,980.0,,814.0,,,576.0,1196.0,360.0,,,,,195.0,1192.0,,1293.0,447.0,244.0,,,222.0,654.0,350.0,407.0
,1278.0,,676.0,,,312.0,243.0,966.0,,,,,900.0,208.0,,383.0,942.0,64.0,,,45.0,878.0,363.0,197.0
,1013.0,,341.0,,,882.0,399.0,956.0,,,,,1208.0,863.0,,1001.0,125.0,391.0,,,1265.0,525.0,401.0,770.0
,539.0,,940.0,,,894.0,339.0,253.0,,,,,1002.0,746.0,,227.0,203.0,809.0,,,273.0,491.0,1030.0,310.0
,1039.0,,113.0,,,340.0,395.0,1166.0,,,,,237.0,1267.0,,329.0,8.0,1168.0,,,519.0,789.0,1303.0,1151.0
,993.0,,772.0,,,907.0,67.0,104.0,,,,,339.0,1011.0,,18.0,295.0,581.0,,,799.0,289.0,1129.0,442.0
,1121.0,,486.0,,,17.0,90.0,384.0,,,,,962.0,1175.0,,790.0,664.0,1033.0,,,204.0,1324.0,1281.0,1194.0
,275.0,,101.0,,,59.0,336.0,39.0,,,,,898.0,763.0,,1158.0,379.0,348.0,,,172.0,343.0,627.0,722.0
,987.0,,132.0,,,150.0,1085.0,1068.0,,,,,167.0,838.0,,524.0,98.0,766.0,,,762.0,640.0,1006.0,864.0
,576.0,,1126.0,,,261.0,1121.0,54.0,,,,,434.0,870.0,,1054.0,140.0,974.0,,,975.0,127.0,1035.0,1278.0
,431.0,,936.0,,,657.0,1039.0,84.0,,,,,521.0,1159.0,,711.0,1108.0,597.0,,,35.0,283.0,515.0,1035.0
,171.0,,1246.0,,,1055.0,560.0,742.0,,,,,488.0,1013.0,,1276.0,809.0,308.0,,,967.0,1248.0,1262.0,460.0
,928.0,,1171.0,,,173.0,951.0,974.0,,,,,425.0,104.0,,547.0,903.0,57.0,,,225.0,1112.0,407.0,507.0
,385.0,,436.0,,,110.0,767.0,883.0,,,,,857.0,83.0,,604.0,113.0,970.0,,,1197.0,402.0,138.0,145.0
,654.0,,300.0,,,1037.0,1235.0,88.0,,,,,942.0,885.0,,905.0,138.0,286.0,,,122.0,389.0,532.0,312.0
,56.0,,7.0,,,163.0,720.0,324.0,,,,,127.0,485.0,,258.0,1052.0,267.0,,,579.0,1086.0,267.0,1078.0
,633.0,,106.0,,,366.0,857.0,89.0,,,,,627.0,143.0,,491.0,1069.0,706.0,,,286.0,44.0,1240.0,688.0
,669.0,,57.0,,,688.0,188.0,901.0,,,,,750.0,899.0,,1220.0,1187.0,395.0,,,61.0,610.0,135.0,779.0
,529.0,,1057.0,,,552.0,932.0,396.0,,,,,821.0,201.0,,798.0,442.0,170.0,,,193.0,390.0,623.0,73.0
,307.0,,387.0,,,1131.0,411.0,1014.0,,,,,645.0,1262.0,,895.0,733.0,638.0,,,1120.0,165.0,431.0,464.0
,,,1008.0,,,1003.0,186.0,1225.0,,,,,197.0,651.0,,280.0,639.0,688.0,,,1214.0,485.0,1264.0,202.0
,,,90.0,,,935.0,891.0,184.0,,,,,1192.0,1055.0,,1085.0,773.0,1062.0,,,1192.0,33.0,576.0,565.0
,,,662.0,,,1080.0,637.0,55.0,,,,,1054.0,1135.0,,540.0,453.0,637.0,,,889.0,994.0,1074.0,71.0
,,,752.0,,,239.0,1242.0,8.0,,,,,365.0,841.0,,901.0,887.0,714.0,,,615.0,558.0,1300.0,1134.0
,,,1198.0,,,107.0,680.0,946.0,,,,,717.0,606.0,,282.0,824.0,1049.0,,,412.0,271.0,965.0,851.0
,,,724.0,,,114.0,203.0,775.0,,,,,8.0,465.0,,843.0,791.0,1280.0,,,276.0,398.0,144.0,692.0
,,,1315.0,,,778.0,181.0,1031.0,,,,,1062.0,431.0,,1294.0,1000.0,1046.0,,,1232.0,1119.0,218.0,1224.0
,,,663.0,,,782.0,508.0,853.0,,,,,591.0,164.0,,776.0,1078.0,718.0,,,25.0,879.0,360.0,1039.0
,,,397.0,,,1168.0,648.0,363.0,,,,,1195.0,283.0,,1203.0,359.0,1268.0,,,177.0,818.0,996.0,1196.0
,,,1091.0,,,643.0,989.0,428.0,,,,,851.0,335.0,,1005.0,764.0,1004.0,,,192.0,290.0,1141.0,168.0
,,,826.0,,,553.0,876.0,928.0,,,,,1000.0,789.0,,267.0,763.0,777.0,,,983.0,609.0,957.0,1158.0
,,,648.0,,,986.0,653.0,213.0,,,,,163.0,823.0,,509.0,1148.0,1086.0,,,681.0,265.0,85.0,846.0
,,,541.0,,,327.0,1309.0,443.0,,,,,908.0,393.0,,1209.0,176.0,999.0,,,347.0,1244.0,127.0,604.0
,,,621.0,,,88.0,23.0,793.0,,,,,581.0,215.0,,31.0,1028.0,50.0,,,1155.0,1110.0,1049.0,1150.0
,,,683.0,,,722.0,127.0,1274.0,,,,,709.0,1100.0,,610.0,286.0,963.0,,,343.0,31.0,691.0,752.0
,,,428.0,,,997.0,841.0,447.0,,,,,99.0,700.0,,949.0,1292.0,127.0,,,1062.0,1091.0,978.0,1227.0
,,,30.0,,,850.0,713.0,140.0,,,,,843.0,275.0,,314.0,595.0,273.0,,,391.0,164.0,610.0,1312.0
,,,1036.0,,,1198.0,402.0,1154.0,,,,,1137.0,307.0,,807.0,807.0,1299.0,,,1213.0,191.0,240.0,748.0
,,,1188.0,,,1109.0,1160.0,745.0,,,,,85.0,451.0,,37.0,797.0,985.0,,,1200.0,592.0,307.0,1049.0
,,,616.0,,,109.0,1273.0,277.0,,,,,1253.0,940.0,,686.0,223.0,276.0,,,696.0,1208.0,101.0,22.0
,,,1014.0,,,584.0,1268.0,993.0,,,,,264.0,,,687.0,75.0,15.0,,,1145.0,902.0,,1306.0
,,,793.0,,,920.0,1224.0,1009.0,,,,,589.0,,,44.0,470.0,397.0,,,64.0,617.0,,741.0
,,,1200.0,,,190.0,965.0,398.0,,,,,1210.0,,,1105.0,979.0,800.0,,,872.0,221.0,,731.0
,,,352.0,,,375.0,1314.0,864.0,,,,,700.0,,,721.0,1081.0,261.0,,,483.0,201.0,,188.0
,,,401.0,,,290.0,1190.0,75.0,,,,,1131.0,,,1083.0,669.0,67.0,,,174.0,1107.0,,313.0
,,,1107.0,,,257.0,1156.0,410.0,,,,,881.0,,,73.0,709.0,493.0,,,322.0,1256.0,,408.0
,,,675.0,,,1159.0,772.0,276.0,,,,,485.0,,,218.0,499.0,948.0,,,571.0,1057.0,,1014.0
,,,427.0,,,276.0,1094.0,713.0,,,,,235.0,,,1102.0,20.0,669.0,,,729.0,1253.0,,1259.0
,,,392.0,,,506.0,378.0,121.0,,,,,1307.0,,,1202.0,953.0,151.0,,,250.0,185.0,,101.0
,,,1002.0,,,829.0,100.0,1144.0,,,,,1268.0,,,1017.0,801.0,883.0,,,321.0,50.0,,976.0
,,,1117.0,,,157.0,810.0,915.0,,,,,143.0,,,727.0,419.0,598.0,,,233.0,196.0,,658.0
,,,142.0,,,34.0,407.0,842.0,,,,,516.0,,,1166.0,1282.0,1228.0,,,1070.0,171.0,,319.0
,,,1113.0,,,546.0,931.0,1176.0,,,,,543.0,,,24.0,492.0,476.0,,,1033.0,611.0,,42.0
,,,1319.0,,,620.0,92.0,406.0,,,,,1174.0,,,87.0,1120.0,368.0,,,1010.0,239.0,,1256.0
,,,53.0,,,932.0,439.0,1115.0,,,,,1271.0,,,1035.0,265.0,1114.0,,,582.0,644.0,,793.0
,,,1222.0,,,766.0,1065.0,1188.0,,,,,1148.0,,,182.0,891.0,75.0,,,784.0,1111.0,,549.0
,,,522.0,,,1061.0,312.0,1108.0,,,,,1038.0,,,1187.0,657.0,152.0,,,645.0,1212.0,,1052.0
,,,635.0,,,939.0,886.0,1027.0,,,,,1035.0,,,1089.0,1213.0,1078.0,,,1264.0,122.0,,338.0
,,,1235.0,,,589.0,572.0,973.0,,,,,1010.0,,,646.0,487.0,1053.0,,,378.0,762.0,,306.0
,,,208.0,,,1187.0,832.0,132.0,,,,,418.0,,,900.0,867.0,485.0,,,927.0,392.0,,1033.0
,,,928.0,,,393.0,707.0,1214.0,,,,,604.0,,,390.0,976.0,377.0,,,540.0,385.0,,936.0
,,,480.0,,,777.0,1066.0,79.0,,,,,396.0,,,226.0,1227.0,612.0,,,309.0,1122.0,,857.0
,,,713.0,,,1169.0,773.0,1033.0,,,,,245.0,,,176.0,1109.0,1243.0,,,373.0,443.0,,403.0
,,,144.0,,,626.0,39.0,723.0,,,,,272.0,,,1125.0,153.0,1059.0,,,1234.0,410.0,,710.0
,,,835.0,,,571.0,798.0,947.0,,,,,648.0,,,1061.0,605.0,362.0,,,858.0,700.0,,1068.0
,,,260.0,,,695.0,1069.0,1035.0,,,,,801.0,,,433.0,188.0,565.0,,,1099.0,991.0,,696.0
,,,76.0,,,1116.0,371.0,704.0,,,,,233.0,,,703.0,1218.0,549.0,,,669.0,34.0,,484.0
,,,500.0,,,328.0,1018.0,163.0,,,,,614.0,,,358.0,230.0,389.0,,,1210.0,437.0,,505.0
,,,534.0,,,1193.0,994.0,306.0,,,,,751.0,,,1041.0,236.0,320.0,,,626.0,325.0,,253.0
,,,109.0,,,756.0,538.0,181.0,,,,,371.0,,,464.0,388.0,1002.0,,,1249.0,467.0,,888.0
,,,1123.0,,,762.0,812.0,803.0,,,,,945.0,,,146.0,845.0,755.0,,,129.0,100.0,,492.0
,,,840.0,,,741.0,594.0,893.0,,,,,1162.0,,,446.0,756.0,1289.0,,,664.0,1025.0,,284.0
,,,552.0,,,956.0,1055.0,262.0,,,,,297.0,,,872.0,150.0,1077.0,,,450.0,939.0,,411.0
,,,464.0,,,504.0,988.0,1263.0,,,,,1164.0,,,815.0,485.0,856.0,,,1045.0,361.0,,425.0
,,,613.0,,,618.0,139.0,846.0,,,,,383.0,,,603.0,1192.0,705.0,,,864.0,308.0,,601.0
,,,415.0,,,86.0,1185.0,747.0,,,,,45.0,,,1188.0,894.0,1224.0,,,203.0,957.0,,855.0
,,,523.0,,,167.0,598.0,171.0,,,,,1147.0,,,1141.0,343.0,1253.0,,,290.0,591.0,,706.0
,,,143.0,,,1172.0,552.0,112.0,,,,,38.0,,,288.0,893.0,1320.0,,,107.0,412.0,,559.0
,,,911.0,,,400.0,1004.0,138.0,,,,,736.0,,,493.0,350.0,402.0,,,304.0,840.0,,583.0
,,,1079.0,,,1020.0,939.0,1073.0,,,,,1041.0,,,1254.0,825.0,4.0,,,131.0,41.0,,997.0
,,,530.0,,,995.0,961.0,1032.0,,,,,734.0,,,471.0,1035.0,987.0,,,780.0,405.0,,489.0
,,,469.0,,,1323.0,375.0,444.0,,,,,870.0,,,718.0,787.0,836.0,,,805.0,1298.0,,1181.0
,,,508.0,,,703.0,166.0,475.0,,,,,52.0,,,475.0,588.0,1007.0,,,385.0,1206.0,,586.0
,,,649.0,,,931.0,376.0,72.0,,,,,651.0,,,255.0,720.0,1052.0,,,420.0,963.0,,1310.0
,,,931.0,,,498.0,1176.0,1088.0,,,,,926.0,,,443.0,1086.0,986.0,,,1320.0,326.0,,448.0
,,,1145.0,,,1029.0,441.0,162.0,,,,,869.0,,,232.0,812.0,850.0,,,814.0,465.0,,1324.0
,,,114.0,,,936.0,95.0,125.0,,,,,866.0,,,1094.0,1288.0,701.0,,,185.0,181.0,,1232.0
,,,434.0,,,983.0,405.0,1007.0,,,,,178.0,,,833.0,541.0,168.0,,,274.0,806.0,,950.0
,,,898.0,,,1221.0,716.0,73.0,,,,,1026.0,,,200.0,88.0,571.0,,,380.0,312.0,,501.0
,,,1244.0,,,511.0,143.0,1295.0,,,,,344.0,,,184.0,1162.0,1090.0,,,969.0,684.0,,115.0
,,,1062.0,,,799.0,709.0,247.0,,,,,555.0,,,447.0,50.0,1319.0,,,478.0,448.0,,760.0
,,,518.0,,,598.0,575.0,881.0,,,,,782.0,,,71.0,1024.0,947.0,,,861.0,3.0,,229.0
,,,1015.0,,,808.0,1199.0,148.0,,,,,1276.0,,,925.0,833.0,580.0,,,173.0,462.0,,988.0
,,,1298.0,,,585.0,1180.0,1202.0,,,,,939.0,,,122.0,1090.0,185.0,,,345.0,281.0,,40.0
,,,667.0,,,416.0,3.0,91.0,,,,,156.0,,,2.0,1025.0,866.0,,,607.0,329.0,,272.0
,,,279.0,,,905.0,68.0,257.0,,,,,226.0,,,1039.0,1123.0,707.0,,,710.0,914.0,,362.0
,,,998.0,,,50.0,1278.0,1048.0,,,,,483.0,,,1236.0,649.0,72.0,,,620.0,560.0,,129.0
,,,830.0,,,656.0,996.0,1237.0,,,,,1021.0,,,1232.0,892.0,266.0,,,544.0,1014.0,,721.0
,,,1141.0,,,1288.0,212.0,1179.0,,,,,910.0,,,690.0,227.0,1067.0,,,1293.0,89.0,,904.0
,,,1032.0,,,66.0,356.0,730.0,,,,,937.0,,,907.0,836.0,681.0,,,34.0,931.0,,535.0
,,,1137.0,,,962.0,1057.0,422.0,,,,,443.0,,,785.0,471.0,229.0,,,497.0,330.0,,962.0
,,,1308.0,,,7.0,277.0,108.0,,,,,1016.0,,,177.0,328.0,347.0,,,1171.0,1301.0,,339.0
,,,702.0,,,820.0,123.0,179.0,,,,,1132.0,,,183.0,1003.0,1205.0,,,831.0,652.0,,346.0
,,,1009.0,,,684.0,45.0,402.0,,,,,1044.0,,,576.0,536.0,289.0,,,484.0,524.0,,412.0
,,,863.0,,,666.0,1116.0,551.0,,,,,1139.0,,,1011.0,1205.0,562.0,,,572.0,662.0,,192.0
,,,862.0,,,409.0,112.0,205.0,,,,,26.0,,,214.0,76.0,306.0,,,1281.0,782.0,,1205.0
,,,1268.0,,,934.0,776.0,492.0,,,,,211.0,,,635.0,1095.0,1098.0,,,796.0,658.0,,52.0
,,,1038.0,,,751.0,70.0,1163.0,,,,,204.0,,,251.0,412.0,183.0,,,871.0,620.0,,526.0
,,,1280.0,,,702.0,1230.0,941.0,,,,,82.0,,,1012.0,652.0,1131.0,,,957.0,752.0,,222.0
,,,845.0,,,933.0,30.0,511.0,,,,,338.0,,,352.0,557.0,927.0,,,699.0,1207.0,,398.0
,,,1011.0,,,524.0,174.0,625.0,,,,,935.0,,,303.0,212.0,535.0,,,1040.0,424.0,,818.0
,,,348.0,,,709.0,319.0,459.0,,,,,669.0,,,355.0,495.0,573.0,,,965.0,1260.0,,1255.0
,,,587.0,,,70.0,307.0,194.0,,,,,1004.0,,,653.0,592.0,585.0,,,472.0,750.0,,1074.0
,,,1129.0,,,99.0,1047.0,980.0,,,,,616.0,,,54.0,323.0,1193.0,,,825.0,300.0,,756.0
,,,98.0,,,1041.0,50.0,429.0,,,,,467.0,,,1221.0,1257.0,497.0,,,270.0,66.0,,126.0
,,,871.0,,,1295.0,28.0,157.0,,,,,51.0,,,725.0,305.0,102.0,,,1136.0,669.0,,1247.0
,,,521.0,,,205.0,1015.0,113.0,,,,,442.0,,,510.0,729.0,609.0,,,1071.0,978.0,,344.0
,,,593.0,,,106.0,115.0,719.0,,,,,21.0,,,205.0,103.0,1297.0,,,132.0,246.0,,1234.0
,,,832.0,,,313.0,1050.0,684.0,,,,,745.0,,,1235.0,260.0,1069.0,,,1160.0,686.0,,607.0
,,,695.0,,,1222.0,239.0,261.0,,,,,287.0,,,515.0,1251.0,1177.0,,,76.0,724.0,,113.0
,,,201.0,,,813.0,,1091.0,,,,,957.0,,,906.0,509.0,307.0,,,517.0,733.0,,749.0
,,,1213.0,,,621.0,,765.0,,,,,531.0,,,551.0,570.0,918.0,,,726.0,702.0,,901.0
,,,1073.0,,,117.0,,22.0,,,,,855.0,,,4.0,34.0,1047.0,,,721.0,480.0,,1229.0
,,,69.0,,,270.0,,214.0,,,,,622.0,,,436.0,1049.0,133.0,,,1082.0,1185.0,,86.0
,,,603.0,,,332.0,,414.0,,,,,844.0,,,679.0,271.0,1185.0,,,200.0,770.0,,529.0
,,,276.0,,,1047.0,,146.0,,,,,116.0,,,508.0,74.0,568.0,,,1151.0,384.0,,510.0
,,,696.0,,,795.0,,1157.0,,,,,907.0,,,988.0,677.0,859.0,,,368.0,78.0,,326.0
,,,737.0,,,1299.0,,786.0,,,,,859.0,,,331.0,1214.0,1101.0,,,400.0,335.0,,475.0
,,,40.0,,,1074.0,,562.0,,,,,240.0,,,29.0,1130.0,66.0,,,5.0,1228.0,,201.0
,,,355.0,,,1186.0,,535.0,,,,,920.0,,,1130.0,420.0,556.0,,,777.0,193.0,,1071.0
,,,907.0,,,148.0,,935.0,,,,,147.0,,,30.0,1275.0,,,,899.0,1268.0,,324.0
,,,171.0,,,1157.0,,724.0,,,,,809.0,,,811.0,1147.0,,,,1144.0,241.0,,528.0
,,,1263.0,,,1135.0,,1161.0,,,,,460.0,,,782.0,198.0,,,,775.0,24.0,,871.0
,,,624.0,,,877.0,,415.0,,,,,805.0,,,1285.0,316.0,,,,1163.0,585.0,,368.0
,,,1090.0,,,1302.0,,1019.0,,,,,500.0,,,808.0,946.0,,,,1050.0,272.0,,1012.0
,,,190.0,,,846.0,,278.0,,,,,492.0,,,234.0,367.0,,,,800.0,1215.0,,46.0
,,,1056.0,,,1121.0,,1008.0,,,,,257.0,,,120.0,875.0,,,,986.0,363.0,,288.0
,,,612.0,,,930.0,,1244.0,,,,,301.0,,,229.0,269.0,,,,1225.0,1117.0,,998.0
,,,298.0,,,624.0,,1264.0,,,,,1123.0,,,1101.0,857.0,,,,508.0,838.0,,1136.0
,,,451.0,,,481.0,,907.0,,,,,100.0,,,1157.0,716.0,,,,147.0,784.0,,152.0
,,,1186.0,,,661.0,,1010.0,,,,,885.0,,,459.0,556.0,,,,676.0,891.0,,762.0
,,,950.0,,,728.0,,778.0,,,,,703.0,,,321.0,309.0,,,,23.0,743.0,,1021.0
,,,288.0,,,871.0,,24.0,,,,,1141.0,,,1007.0,381.0,,,,558.0,233.0,,307.0
,,,414.0,,,495.0,,249.0,,,,,799.0,,,921.0,1114.0,,,,576.0,163.0,,170.0
,,,1276.0,,,880.0,,522.0,,,,,1093.0,,,682.0,753.0,,,,1105.0,597.0,,785.0
,,,442.0,,,160.0,,1277.0,,,,,324.0,,,168.0,255.0,,,,929.0,200.0,,1126.0
,,,74.0,,,599.0,,968.0,,,,,181.0,,,964.0,843.0,,,,625.0,395.0,,1276.0
,,,910.0,,,689.0,,96.0,,,,,1193.0,,,137.0,438.0,,,,1257.0,270.0,,605.0
,,,131.0,,,1004.0,,640.0,,,,,277.0,,,370.0,481.0,,,,829.0,773.0,,1258.0
,,,183.0,,,446.0,,942.0,,,,,1018.0,,,83.0,1036.0,,,,774.0,564.0,,743.0
,,,1122.0,,,1152.0,,769.0,,,,,356.0,,,1237.0,612.0,,,,1222.0,501.0,,
,,,148.0,,,708.0,,965.0,,,,,525.0,,,850.0,1191.0,,,,230.0,1036.0,,
,,,1101.0,,,1294.0,,888.0,,,,,1045.0,,,514.0,1293.0,,,,1008.0,1016.0,,
,,,659.0,,,136.0,,809.0,,,,,109.0,,,245.0,694.0,,,,921.0,1305.0,,
,,,307.0,,,760.0,,1230.0,,,,,884.0,,,57.0,938.0,,,,59.0,927.0,,
,,,124.0,,,315.0,,1023.0,,,,,868.0,,,693.0,1013.0,,,,994.0,203.0,,
,,,566.0,,,1050.0,,359.0,,,,,1240.0,,,731.0,1188.0,,,,653.0,562.0,,
,,,887.0,,,1303.0,,982.0,,,,,190.0,,,204.0,1008.0,,,,83.0,1098.0,,
,,,95.0,,,306.0,,631.0,,,,,515.0,,,618.0,913.0,,,,157.0,572.0,,
,,,0.0,,,319.0,,628.0,,,,,275.0,,,710.0,1156.0,,,,1000.0,307.0,,
,,,,,,615.0,,898.0,,,,,1034.0,,,538.0,280.0,,,,619.0,,,
,,,,,,1175.0,,10.0,,,,,749.0,,,67.0,458.0,,,,1253.0,,,
,,,,,,1160.0,,507.0,,,,,505.0,,,958.0,1076.0,,,,554.0,,,
,,,,,,405.0,,224.0,,,,,286.0,,,385.0,540.0,,,,188.0,,,
,,,,,,447.0,,1160.0,,,,,304.0,,,714.0,1117.0,,,,176.0,,,
,,,,,,48.0,,1145.0,,,,,375.0,,,185.0,1097.0,,,,594.0,,,
,,,,,,835.0,,302.0,,,,,79.0,,,1231.0,16.0,,,,876.0,,,
,,,,,,253.0,,694.0,,,,,668.0,,,945.0,254.0,,,,1043.0,,,
,,,,,,497.0,,454.0,,,,,427.0,,,753.0,769.0,,,,1001.0,,,
,,,,,,1012.0,,787.0,,,,,929.0,,,916.0,528.0,,,,105.0,,,
,,,,,,637.0,,1107.0,,,,,23.0,,,909.0,195.0,,,,991.0,,,
,,,,,,245.0,,1168.0,,,,,471.0,,,502.0,466.0,,,,1027.0,,,
,,,,,,1000.0,,1102.0,,,,,806.0,,,1068.0,1037.0,,,,987.0,,,
,,,,,,906.0,,208.0,,,,,430.0,,,990.0,194.0,,,,1280.0,,,
,,,,,,1211.0,,867.0,,,,,306.0,,,199.0,202.0,,,,413.0,,,
,,,,,,1090.0,,127.0,,,,,1022.0,,,730.0,232.0,,,,362.0,,,
,,,,,,520.0,,374.0,,,,,315.0,,,735.0,40.0,,,,719.0,,,
,,,,,,1270.0,,696.0,,,,,653.0,,,477.0,18.0,,,,963.0,,,
,,,,,,452.0,,219.0,,,,,882.0,,,409.0,637.0,,,,613.0,,,
,,,,,,1013.0,,1178.0,,,,,171.0,,,448.0,292.0,,,,546.0,,,
,,,,,,73.0,,791.0,,,,,205.0,,,863.0,572.0,,,,914.0,,,
,,,,,,975.0,,404.0,,,,,1321.0,,,335.0,1263.0,,,,433.0,,,
,,,,,,601.0,,952.0,,,,,1073.0,,,654.0,855.0,,,,948.0,,,
,,,,,,364.0,,256.0,,,,,1213.0,,,552.0,830.0,,,,690.0,,,
,,,,,,1271.0,,417.0,,,,,332.0,,,853.0,2.0,,,,327.0,,,
,,,,,,714.0,,37.0,,,,,408.0,,,287.0,659.0,,,,42.0,,,
,,,,,,1227.0,,327.0,,,,,776.0,,,1087.0,394.0,,,,151.0,,,
,,,,,,365.0,,279.0,,,,,842.0,,,935.0,725.0,,,,341.0,,,
,,,,,,154.0,,739.0,,,,,465.0,,,115.0,87.0,,,,648.0,,,
,,,,,,198.0,,837.0,,,,,481.0,,,141.0,614.0,,,,1271.0,,,
,,,,,,682.0,,308.0,,,,,539.0,,,642.0,1313.0,,,,1227.0,,,
,,,,,,1310.0,,897.0,,,,,16.0,,,805.0,973.0,,,,680.0,,,
,,,,,,1024.0,,646.0,,,,,984.0,,,100.0,348.0,,,,687.0,,,
,,,,,,72.0,,729.0,,,,,78.0,,,404.0,703.0,,,,495.0,,,
,,,,,,413.0,,1012.0,,,,,526.0,,,462.0,687.0,,,,1324.0,,,
,,,,,,189.0,,948.0,,,,,476.0,,,1173.0,1045.0,,,,33.0,,,
,,,,,,67.0,,1282.0,,,,,435.0,,,498.0,1055.0,,,,1310.0,,,
,,,,,,49.0,,165.0,,,,,1101.0,,,75.0,702.0,,,,133.0,,,
,,,,,,645.0,,355.0,,,,,213.0,,,1272.0,306.0,,,,1075.0,,,
,,,,,,921.0,,211.0,,,,,970.0,,,1241.0,360.0,,,,447.0,,,
,,,,,,132.0,,282.0,,,,,410.0,,,700.0,437.0,,,,268.0,,,
,,,,,,15.0,,611.0,,,,,1177.0,,,827.0,1138.0,,,,414.0,,,
,,,,,,1043.0,,1261.0,,,,,1096.0,,,873.0,551.0,,,,1174.0,,,
,,,,,,101.0,,961.0,,,,,992.0,,,1072.0,241.0,,,,1189.0,,,
,,,,,,1161.0,,437.0,,,,,630.0,,,612.0,1103.0,,,,7.0,,,
,,,,,,775.0,,9.0,,,,,317.0,,,467.0,279.0,,,,449.0,,,
,,,,,,211.0,,687.0,,,,,556.0,,,726.0,914.0,,,,329.0,,,
,,,,,,857.0,,193.0,,,,,184.0,,,680.0,1004.0,,,,686.0,,,
,,,,,,127.0,,761.0,,,,,652.0,,,810.0,618.0,,,,518.0,,,
,,,,,,441.0,,1299.0,,,,,372.0,,,1009.0,758.0,,,,220.0,,,
,,,,,,781.0,,1066.0,,,,,533.0,,,752.0,1127.0,,,,844.0,,,
,,,,,,1022.0,,525.0,,,,,1020.0,,,169.0,603.0,,,,670.0,,,
,,,,,,1318.0,,1212.0,,,,,261.0,,,633.0,459.0,,,,510.0,,,
,,,,,,614.0,,502.0,,,,,944.0,,,1287.0,441.0,,,,443.0,,,
,,,,,,680.0,,46.0,,,,,743.0,,,836.0,1118.0,,,,585.0,,,
,,,,,,1195.0,,860.0,,,,,75.0,,,1115.0,898.0,,,,1044.0,,,
,,,,,,814.0,,1317.0,,,,,625.0,,,672.0,1250.0,,,,526.0,,,
,,,,,,112.0,,369.0,,,,,360.0,,,326.0,129.0,,,,411.0,,,
,,,,,,616.0,,929.0,,,,,1324.0,,,260.0,777.0,,,,1149.0,,,
,,,,,,25.0,,891.0,,,,,367.0,,,131.0,1017.0,,,,545.0,,,
,,,,,,390.0,,738.0,,,,,818.0,,,580.0,1209.0,,,,1138.0,,,
,,,,,,696.0,,971.0,,,,,391.0,,,1250.0,746.0,,,,642.0,,,
,,,,,,917.0,,26.0,,,,,1166.0,,,614.0,515.0,,,,248.0,,,
,,,,,,90.0,,651.0,,,,,104.0,,,882.0,944.0,,,,1089.0,,,
,,,,,,503.0,,519.0,,,,,1061.0,,,10.0,1169.0,,,,1277.0,,,
,,,,,,610.0,,609.0,,,,,544.0,,,348.0,625.0,,,,150.0,,,
,,,,,,990.0,,1227.0,,,,,1221.0,,,1194.0,1259.0,,,,247.0,,,
,,,,,,21.0,,632.0,,,,,813.0,,,1084.0,606.0,,,,694.0,,,
,,,,,,170.0,,244.0,,,,,81.0,,,1015.0,392.0,,,,548.0,,,
,,,,,,761.0,,579.0,,,,,529.0,,,431.0,332.0,,,,348.0,,,
,,,,,,353.0,,311.0,,,,,289.0,,,889.0,627.0,,,,764.0,,,
,,,,,,478.0,,1002.0,,,,,1206.0,,,555.0,1235.0,,,,1098.0,,,
,,,,,,678.0,,318.0,,,,,455.0,,,544.0,906.0,,,,867.0,,,
,,,,,,135.0,,650.0,,,,,993.0,,,463.0,336.0,,,,1185.0,,,
,,,,,,1158.0,,198.0,,,,,1274.0,,,563.0,187.0,,,,561.0,,,
,,,,,,554.0,,301.0,,,,,358.0,,,474.0,597.0,,,,134.0,,,
,,,,,,811.0,,1130.0,,,,,423.0,,,186.0,837.0,,,,1046.0,,,
,,,,,,174.0,,657.0,,,,,867.0,,,762.0,463.0,,,,1176.0,,,
,,,,,,1224.0,,910.0,,,,,817.0,,,190.0,69.0,,,,885.0,,,
,,,,,,1008.0,,845.0,,,,,159.0,,,1006.0,917.0,,,,1121.0,,,
,,,,,,519.0,,655.0,,,,,705.0,,,247.0,405.0,,,,705.0,,,
,,,,,,565.0,,486.0,,,,,150.0,,,636.0,571.0,,,,92.0,,,
,,,,,,713.0,,66.0,,,,,165.0,,,669.0,54.0,,,,643.0,,,
,,,,,,1045.0,,343.0,,,,,320.0,,,1016.0,1309.0,,,,475.0,,,
,,,,,,1306.0,,151.0,,,,,298.0,,,1259.0,473.0,,,,1011.0,,,
,,,,,,1293.0,,1218.0,,,,,1246.0,,,598.0,281.0,,,,893.0,,,
,,,,,,1039.0,,975.0,,,,,964.0,,,86.0,1246.0,,,,652.0,,,
,,,,,,131.0,,289.0,,,,,1297.0,,,1248.0,451.0,,,,1199.0,,,
,,,,,,1040.0,,750.0,,,,,577.0,,,660.0,660.0,,,,207.0,,,
,,,,,,824.0,,874.0,,,,,802.0,,,203.0,378.0,,,,221.0,,,
,,,,,,985.0,,564.0,,,,,1158.0,,,283.0,111.0,,,,739.0,,,
,,,,,,581.0,,1316.0,,,,,196.0,,,434.0,70.0,,,,950.0,,,
,,,,,,37.0,,717.0,,,,,1230.0,,,899.0,878.0,,,,180.0,,,
,,,,,,55.0,,506.0,,,,,271.0,,,574.0,840.0,,,,608.0,,,
,,,,,,1179.0,,62.0,,,,,234.0,,,279.0,1267.0,,,,292.0,,,
,,,,,,1233.0,,1313.0,,,,,763.0,,,892.0,1087.0,,,,875.0,,,
,,,,,,840.0,,196.0,,,,,812.0,,,497.0,415.0,,,,698.0,,,
,,,,,,719.0,,372.0,,,,,321.0,,,401.0,586.0,,,,406.0,,,
,,,,,,118.0,,56.0,,,,,901.0,,,1132.0,926.0,,,,459.0,,,
,,,,,,635.0,,987.0,,,,,967.0,,,1063.0,689.0,,,,1111.0,,,
,,,,,,649.0,,168.0,,,,,50.0,,,573.0,220.0,,,,1179.0,,,
,,,,,,727.0,,754.0,,,,,685.0,,,1046.0,872.0,,,,446.0,,,
,,,,,,1200.0,,361.0,,,,,381.0,,,1096.0,525.0,,,,351.0,,,
,,,,,,451.0,,707.0,,,,,1170.0,,,43.0,252.0,,,,1112.0,,,
,,,,,,1256.0,,220.0,,,,,768.0,,,3.0,313.0,,,,1039.0,,,
,,,,,,865.0,,189.0,,,,,757.0,,,313.0,1266.0,,,,346.0,,,
,,,,,,1007.0,,1228.0,,,,,890.0,,,101.0,1268.0,,,,854.0,,,
,,,,,,705.0,,485.0,,,,,1039.0,,,1302.0,1270.0,,,,214.0,,,
,,,,,,790.0,,63.0,,,,,124.0,,,983.0,67.0,,,,968.0,,,
,,,,,,525.0,,158.0,,,,,986.0,,,1037.0,545.0,,,,430.0,,,
,,,,,,827.0,,616.0,,,,,322.0,,,388.0,410.0,,,,364.0,,,
,,,,,,273.0,,656.0,,,,,1320.0,,,1226.0,955.0,,,,598.0,,,
,,,,,,912.0,,81.0,,,,,1103.0,,,656.0,193.0,,,,736.0,,,
,,,,,,789.0,,480.0,,,,,292.0,,,1069.0,513.0,,,,434.0,,,
,,,,,,29.0,,715.0,,,,,953.0,,,1018.0,986.0,,,,980.0,,,
,,,,,,32.0,,139.0,,,,,1244.0,,,1243.0,1146.0,,,,621.0,,,
,,,,,,646.0,,683.0,,,,,122.0,,,36.0,372.0,,,,565.0,,,
,,,,,,103.0,,919.0,,,,,839.0,,,34.0,1029.0,,,,382.0,,,
,,,,,,431.0,,59.0,,,,,617.0,,,885.0,1121.0,,,,752.0,,,
,,,,,,374.0,,251.0,,,,,783.0,,,834.0,1012.0,,,,142.0,,,
,,,,,,410.0,,1126.0,,,,,665.0,,,437.0,199.0,,,,198.0,,,
,,,,,,1238.0,,1173.0,,,,,895.0,,,567.0,465.0,,,,778.0,,,
,,,,,,486.0,,254.0,,,,,1011.0,,,1225.0,726.0,,,,37.0,,,
,,,,,,712.0,,599.0,,,,,528.0,,,1055.0,984.0,,,,962.0,,,
,,,,,,1086.0,,441.0,,,,,377.0,,,794.0,240.0,,,,798.0,,,
,,,,,,901.0,,19.0,,,,,748.0,,,1067.0,1178.0,,,,782.0,,,
,,,,,,264.0,,42.0,,,,,1242.0,,,486.0,661.0,,,,902.0,,,
,,,,,,139.0,,970.0,,,,,1217.0,,,1322.0,1240.0,,,,401.0,,,
,,,,,,792.0,,395.0,,,,,1282.0,,,1260.0,448.0,,,,702.0,,,
,,,,,,535.0,,142.0,,,,,218.0,,,978.0,1007.0,,,,1279.0,,,
,,,,,,398.0,,281.0,,,,,985.0,,,17.0,479.0,,,,763.0,,,
,,,,,,168.0,,1177.0,,,,,1212.0,,,145.0,1009.0,,,,491.0,,,
,,,,,,1005.0,,668.0,,,,,133.0,,,855.0,1093.0,,,,1229.0,,,
,,,,,,1087.0,,777.0,,,,,268.0,,,852.0,197.0,,,,12.0,,,
,,,,,,1308.0,,794.0,,,,,1130.0,,,613.0,712.0,,,,170.0,,,
,,,,,,152.0,,1147.0,,,,,25.0,,,1267.0,896.0,,,,995.0,,,
,,,,,,716.0,,709.0,,,,,714.0,,,859.0,1107.0,,,,1057.0,,,
,,,,,,404.0,,1017.0,,,,,823.0,,,572.0,205.0,,,,388.0,,,
,,,,,,146.0,,332.0,,,,,998.0,,,377.0,1030.0,,,,832.0,,,
,,,,,,407.0,,440.0,,,,,1115.0,,,1002.0,1223.0,,,,511.0,,,
,,,,,,483.0,,1250.0,,,,,1262.0,,,1100.0,1018.0,,,,87.0,,,
,,,,,,1264.0,,518.0,,,,,256.0,,,74.0,3.0,,,,384.0,,,
,,,,,,1108.0,,1153.0,,,,,1053.0,,,750.0,90.0,,,,1147.0,,,
,,,,,,1021.0,,240.0,,,,,436.0,,,135.0,256.0,,,,361.0,,,
,,,,,,545.0,,90.0,,,,,187.0,,,1052.0,674.0,,,,1289.0,,,
,,,,,,872.0,,918.0,,,,,28.0,,,311.0,1039.0,,,,882.0,,,
,,,,,,249.0,,1310.0,,,,,847.0,,,883.0,964.0,,,,489.0,,,
,,,,,,440.0,,617.0,,,,,119.0,,,694.0,1068.0,,,,1224.0,,,
,,,,,,284.0,,828.0,,,,,767.0,,,1152.0,671.0,,,,748.0,,,
,,,,,,913.0,,690.0,,,,,1098.0,,,411.0,734.0,,,,215.0,,,
,,,,,,460.0,,735.0,,,,,741.0,,,944.0,219.0,,,,617.0,,,
,,,,,,1254.0,,47.0,,,,,1078.0,,,105.0,393.0,,,,161.0,,,
,,,,,,1099.0,,51.0,,,,,795.0,,,861.0,1112.0,,,,267.0,,,
,,,,,,347.0,,1055.0,,,,,469.0,,,1258.0,285.0,,,,837.0,,,
,,,,,,988.0,,509.0,,,,,728.0,,,814.0,1320.0,,,,202.0,,,
,,,,,,471.0,,896.0,,,,,154.0,,,286.0,307.0,,,,602.0,,,
,,,,,,623.0,,432.0,,,,,115.0,,,1197.0,89.0,,,,13.0,,,
,,,,,,188.0,,1098.0,,,,,727.0,,,1080.0,927.0,,,,1119.0,,,
,,,,,,898.0,,68.0,,,,,1161.0,,,1064.0,994.0,,,,0.0,,,
,,,,,,433.0,,1105.0,,,,,641.0,,,164.0,170.0,,,,389.0,,,
,,,,,,652.0,,191.0,,,,,576.0,,,1058.0,,,,,1190.0,,,
,,,,,,383.0,,1194.0,,,,,441.0,,,1176.0,,,,,235.0,,,
,,,,,,895.0,,223.0,,,,,607.0,,,69.0,,,,,524.0,,,
,,,,,,153.0,,1241.0,,,,,186.0,,,643.0,,,,,365.0,,,
,,,,,,62.0,,407.0,,,,,553.0,,,307.0,,,,,114.0,,,
,,,,,,76.0,,865.0,,,,,562.0,,,88.0,,,,,1236.0,,,
,,,,,,632.0,,620.0,,,,,573.0,,,1126.0,,,,,162.0,,,
,,,,,,1107.0,,843.0,,,,,129.0,,,417.0,,,,,186.0,,,
,,,,,,1163.0,,559.0,,,,,27.0,,,28.0,,,,,961.0,,,
,,,,,,1101.0,,356.0,,,,,925.0,,,595.0,,,,,684.0,,,
,,,,,,671.0,,297.0,,,,,1124.0,,,,,,,,339.0,,,
,,,,,,376.0,,531.0,,,,,225.0,,,,,,,,423.0,,,
,,,,,,853.0,,250.0,,,,,353.0,,,,,,,,1263.0,,,
,,,,,,1033.0,,789.0,,,,,572.0,,,,,,,,465.0,,,
,,,,,,579.0,,266.0,,,,,376.0,,,,,,,,769.0,,,
,,,,,,307.0,,393.0,,,,,40.0,,,,,,,,224.0,,,
,,,,,,180.0,,376.0,,,,,523.0,,,,,,,,551.0,,,
,,,,,,97.0,,802.0,,,,,1037.0,,,,,,,,971.0,,,
,,,,,,1030.0,,200.0,,,,,290.0,,,,,,,,611.0,,,
,,,,,,424.0,,573.0,,,,,693.0,,,,,,,,49.0,,,
,,,,,,,,962.0,,,,,1267.0,,,,,,,,1085.0,,,
,,,,,,,,816.0,,,,,642.0,,,,,,,,1323.0,,,
,,,,,,,,23.0,,,,,1160.0,,,,,,,,627.0,,,
,,,,,,,,770.0,,,,,230.0,,,,,,,,272.0,,,
,,,,,,,,862.0,,,,,140.0,,,,,,,,1086.0,,,
,,,,,,,,69.0,,,,,683.0,,,,,,,,102.0,,,
,,,,,,,,29.0,,,,,179.0,,,,,,,,501.0,,,
,,,,,,,,951.0,,,,,61.0,,,,,,,,1290.0,,,
,,,,,,,,831.0,,,,,1080.0,,,,,,,,728.0,,,
,,,,,,,,83.0,,,,,498.0,,,,,,,,1034.0,,,
,,,,,,,,807.0,,,,,540.0,,,,,,,,381.0,,,
,,,,,,,,736.0,,,,,1059.0,,,,,,,,1107.0,,,
,,,,,,,,1090.0,,,,,1197.0,,,,,,,,640.0,,,
,,,,,,,,354.0,,,,,930.0,,,,,,,,431.0,,,
,,,,,,,,1136.0,,,,,800.0,,,,,,,,298.0,,,
,,,,,,,,473.0,,,,,424.0,,,,,,,,529.0,,,
,,,,,,,,1273.0,,,,,199.0,,,,,,,,624.0,,,
,,,,,,,,1210.0,,,,,593.0,,,,,,,,898.0,,,
,,,,,,,,409.0,,,,,535.0,,,,,,,,614.0,,,
,,,,,,,,97.0,,,,,1042.0,,,,,,,,672.0,,,
,,,,,,,,1116.0,,,,,313.0,,,,,,,,53.0,,,
,,,,,,,,909.0,,,,,790.0,,,,,,,,89.0,,,
,,,,,,,,977.0,,,,,904.0,,,,,,,,850.0,,,
,,,,,,,,504.0,,,,,164.0,,,,,,,,281.0,,,
,,,,,,,,176.0,,,,,113.0,,,,,,,,717.0,,,
,,,,,,,,20.0,,,,,878.0,,,,,,,,834.0,,,
,,,,,,,,626.0,,,,,552.0,,,,,,,,152.0,,,
,,,,,,,,322.0,,,,,1071.0,,,,,,,,467.0,,,
,,,,,,,,493.0,,,,,412.0,,,,,,,,650.0,,,
,,,,,,,,270.0,,,,,451.0,,,,,,,,257.0,,,
,,,,,,,,851.0,,,,,721.0,,,,,,,,280.0,,,
,,,,,,,,624.0,,,,,978.0,,,,,,,,460.0,,,
,,,,,,,,110.0,,,,,503.0,,,,,,,,1218.0,,,
,,,,,,,,584.0,,,,,649.0,,,,,,,,294.0,,,
,,,,,,,,954.0,,,,,231.0,,,,,,,,1.0,,,
,,,,,,,,523.0,,,,,696.0,,,,,,,,509.0,,,
,,,,,,,,1094.0,,,,,595.0,,,,,,,,251.0,,,
,,,,,,,,241.0,,,,,389.0,,,,,,,,462.0,,,
,,,,,,,,1195.0,,,,,1106.0,,,,,,,,512.0,,,
,,,,,,,,124.0,,,,,1205.0,,,,,,,,1202.0,,,
,,,,,,,,688.0,,,,,708.0,,,,,,,,1110.0,,,
,,,,,,,,451.0,,,,,506.0,,,,,,,,199.0,,,
,,,,,,,,1268.0,,,,,175.0,,,,,,,,263.0,,,
,,,,,,,,664.0,,,,,829.0,,,,,,,,236.0,,,
,,,,,,,,1186.0,,,,,522.0,,,,,,,,1078.0,,,
,,,,,,,,1080.0,,,,,504.0,,,,,,,,335.0,,,
,,,,,,,,721.0,,,,,549.0,,,,,,,,1074.0,,,
,,,,,,,,413.0,,,,,153.0,,,,,,,,1203.0,,,
,,,,,,,,71.0,,,,,861.0,,,,,,,,999.0,,,
,,,,,,,,467.0,,,,,654.0,,,,,,,,583.0,,,
,,,,,,,,28.0,,,,,1214.0,,,,,,,,264.0,,,
,,,,,,,,808.0,,,,,1067.0,,,,,,,,931.0,,,
,,,,,,,,764.0,,,,,731.0,,,,,,,,597.0,,,
,,,,,,,,339.0,,,,,89.0,,,,,,,,697.0,,,
,,,,,,,,1085.0,,,,,688.0,,,,,,,,553.0,,,
,,,,,,,,280.0,,,,,561.0,,,,,,,,1311.0,,,
,,,,,,,,226.0,,,,,482.0,,,,,,,,398.0,,,
,,,,,,,,1043.0,,,,,108.0,,,,,,,,63.0,,,
,,,,,,,,1270.0,,,,,362.0,,,,,,,,197.0,,,
,,,,,,,,556.0,,,,,833.0,,,,,,,,1260.0,,,
,,,,,,,,1047.0,,,,,1051.0,,,,,,,,405.0,,,
,,,,,,,,204.0,,,,,610.0,,,,,,,,425.0,,,
,,,,,,,,391.0,,,,,1083.0,,,,,,,,692.0,,,
,,,,,,,,914.0,,,,,1237.0,,,,,,,,39.0,,,
,,,,,,,,291.0,,,,,497.0,,,,,,,,307.0,,,
,,,,,,,,686.0,,,,,281.0,,,,,,,,1093.0,,,
,,,,,,,,61.0,,,,,1201.0,,,,,,,,654.0,,,
,,,,,,,,950.0,,,,,875.0,,,,,,,,486.0,,,
,,,,,,,,427.0,,,,,697.0,,,,,,,,996.0,,,
,,,,,,,,755.0,,,,,220.0,,,,,,,,821.0,,,
,,,,,,,,128.0,,,,,664.0,,,,,,,,,,,
,,,,,,,,635.0,,,,,177.0,,,,,,,,,,,
,,,,,,,,35.0,,,,,694.0,,,,,,,,,,,
,,,,,,,,578.0,,,,,168.0,,,,,,,,,,,
,,,,,,,,1028.0,,,,,658.0,,,,,,,,,,,
,,,,,,,,835.0,,,,,632.0,,,,,,,,,,,
,,,,,,,,693.0,,,,,1202.0,,,,,,,,,,,
,,,,,,,,307.0,,,,,667.0,,,,,,,,,,,
,,,,,,,,1026.0,,,,,1113.0,,,,,,,,,,,
,,,,,,,,342.0,,,,,1229.0,,,,,,,,,,,
,,,,,,,,,,,,,826.0,,,,,,,,,,,
,,,,,,,,,,,,,558.0,,,,,,,,,,,
,,,,,,,,,,,,,928.0,,,,,,,,,,,
,,,,,,,,,,,,,291.0,,,,,,,,,,,
,,,,,,,,,,,,,1231.0,,,,,,,,,,,
,,,,,,,,,,,,,217.0,,,,,,,,,,,
,,,,,,,,,,,,,611.0,,,,,,,,,,,
,,,,,,,,,,,,,475.0,,,,,,,,,,,
,,,,,,,,,,,,,1275.0,,,,,,,,,,,
,,,,,,,,,,,,,499.0,,,,,,,,,,,
,,,,,,,,,,,,,931.0,,,,,,,,,,,
,,,,,,,,,,,,,1278.0,,,,,,,,,,,
,,,,,,,,,,,,,889.0,,,,,,,,,,,
,,,,,,,,,,,,,1296.0,,,,,,,,,,,
,,,,,,,,,,,,,1215.0,,,,,,,,,,,
,,,,,,,,,,,,,1109.0,,,,,,,,,,,
,,,,,,,,,,,,,718.0,,,,,,,,,,,
,,,,,,,,,,,,,30.0,,,,,,,,,,,
,,,,,,,,,,,,,90.0,,,,,,,,,,,
,,,,,,,,,,,,,756.0,,,,,,,,,,,
,,,,,,,,,,,,,1178.0,,,,,,,,,,,
,,,,,,,,,,,,,438.0,,,,,,,,,,,
,,,,,,,,,,,,,724.0,,,,,,,,,,,
,,,,,,,,,,,,,459.0,,,,,,,,,,,
,,,,,,,,,,,,,569.0,,,,,,,,,,,
,,,,,,,,,,,,,96.0,,,,,,,,,,,
,,,,,,,,,,,,,1006.0,,,,,,,,,,,
,,,,,,,,,,,,,1104.0,,,,,,,,,,,
,,,,,,,,,,,,,452.0,,,,,,,,,,,
,,,,,,,,,,,,,1203.0,,,,,,,,,,,
,,,,,,,,,,,,,638.0,,,,,,,,,,,
,,,,,,,,,,,,,312.0,,,,,,,,,,,
,,,,,,,,,,,,,1118.0,,,,,,,,,,,
,,,,,,,,,,,,,612.0,,,,,,,,,,,
,,,,,,,,,,,,,1075.0,,,,,,,,,,,
,,,,,,,,,,,,,618.0,,,,,,,,,,,
,,,,,,,,,,,,,32.0,,,,,,,,,,,
,,,,,,,,,,,,,76.0,,,,,,,,,,,
,,,,,,,,,,,,,968.0,,,,,,,,,,,
,,,,,,,,,,,,,876.0,,,,,,,,,,,
,,,,,,,,,,,,,775.0,,,,,,,,,,,
,,,,,,,,,,,,,473.0,,,,,,,,,,,
,,,,,,,,,,,,,18.0,,,,,,,,,,,
,,,,,,,,,,,,,160.0,,,,,,,,,,,
,,,,,,,,,,,,,753.0,,,,,,,,,,,
,,,,,,,,,,,,,647.0,,,,,,,,,,,
,,,,,,,,,,,,,180.0,,,,,,,,,,,
,,,,,,,,,,,,,754.0,,,,,,,,,,,
,,,,,,,,,,,,,347.0,,,,,,,,,,,
,,,,,,,,,,,,,379.0,,,,,,,,,,,
,,,,,,,,,,,,,457.0,,,,,,,,,,,
,,,,,,,,,,,,,7.0,,,,,,,,,,,
,,,,,,,,,,,,,53.0,,,,,,,,,,,
,,,,,,,,,,,,,624.0,,,,,,,,,,,
,,,,,,,,,,,,,1186.0,,,,,,,,,,,
,,,,,,,,,,,,,209.0,,,,,,,,,,,
,,,,,,,,,,,,,987.0,,,,,,,,,,,
,,,,,,,,,,,,,608.0,,,,,,,,,,,
,,,,,,,,,,,,,924.0,,,,,,,,,,,
,,,,,,,,,,,,,368.0,,,,,,,,,,,
,,,,,,,,,,,,,894.0,,,,,,,,,,,
,,,,,,,,,,,,,1055.0,,,,,,,,,,,
,,,,,,,,,,,,,1284.0,,,,,,,,,,,
,,,,,,,,,,,,,996.0,,,,,,,,,,,
,,,,,,,,,,,,,1222.0,,,,,,,,,,,
,,,,,,,,,,,,,437.0,,,,,,,,,,,
,,,,,,,,,,,,,1077.0,,,,,,,,,,,
,,,,,,,,,,,,,1102.0,,,,,,,,,,,
,,,,,,,,,,,,,628.0,,,,,,,,,,,
,,,,,,,,,,,,,71.0,,,,,,,,,,,
,,,,,,,,,,,,,961.0,,,,,,,,,,,
,,,,,,,,,,,,,402.0,,,,,,,,,,,
,,,,,,,,,,,,,615.0,,,,,,,,,,,
,,,,,,,,,,,,,1091.0,,,,,,,,,,,
,,,,,,,,,,,,,91.0,,,,,,,,,,,
,,,,,,,,,,,,,635.0,,,,,,,,,,,
,,,,,,,,,,,,,1204.0,,,,,,,,,,,
,,,,,,,,,,,,,877.0,,,,,,,,,,,
,,,,,,,,,,,,,464.0,,,,,,,,,,,
,,,,,,,,,,,,,965.0,,,,,,,,,,,
,,,,,,,,,,,,,370.0,,,,,,,,,,,
,,,,,,,,,,,,,229.0,,,,,,,,,,,
,,,,,,,,,,,,,419.0,,,,,,,,,,,
,,,,,,,,,,,,,550.0,,,,,,,,,,,
,,,,,,,,,,,,,1025.0,,,,,,,,,,,
,,,,,,,,,,,,,123.0,,,,,,,,,,,
,,,,,,,,,,,,,490.0,,,,,,,,,,,
,,,,,,,,,,,,,270.0,,,,,,,,,,,
,,,,,,,,,,,,,296.0,,,,,,,,,,,
,,,,,,,,,,,,,991.0,,,,,,,,,,,
,,,,,,,,,,,,,1255.0,,,,,,,,,,,
,,,,,,,,,,,,,11.0,,,,,,,,,,,
,,,,,,,,,,,,,744.0,,,,,,,,,,,
,,,,,,,,,,,,,711.0,,,,,,,,,,,
,,,,,,,,,,,,,989.0,,,,,,,,,,,
,,,,,,,,,,,,,580.0,,,,,,,,,,,
,,,,,,,,,,,,,1272.0,,,,,,,,,,,
,,,,,,,,,,,,,406.0,,,,,,,,,,,
,,,,,,,,,,,,,695.0,,,,,,,,,,,
,,,,,,,,,,,,,560.0,,,,,,,,,,,
,,,,,,,,,,,,,777.0,,,,,,,,,,,
,,,,,,,,,,,,,1287.0,,,,,,,,,,,
,,,,,,,,,,,,,888.0,,,,,,,,,,,
,,,,,,,,,,,,,65.0,,,,,,,,,,,
,,,,,,,,,,,,,1315.0,,,,,,,,,,,
,,,,,,,,,,,,,1150.0,,,,,,,,,,,
,,,,,,,,,,,,,1238.0,,,,,,,,,,,
,,,,,,,,,,,,,509.0,,,,,,,,,,,
,,,,,,,,,,,,,1140.0,,,,,,,,,,,
,,,,,,,,,,,,,1173.0,,,,,,,,,,,
,,,,,,,,,,,,,816.0,,,,,,,,,,,
,,,,,,,,,,,,,1090.0,,,,,,,,,,,
,,,,,,,,,,,,,699.0,,,,,,,,,,,
,,,,,,,,,,,,,532.0,,,,,,,,,,,
,,,,,,,,,,,,,704.0,,,,,,,,,,,
,,,,,,,,,,,,,601.0,,,,,,,,,,,
,,,,,,,,,,,,,682.0,,,,,,,,,,,
,,,,,,,,,,,,,1223.0,,,,,,,,,,,
,,,,,,,,,,,,,760.0,,,,,,,,,,,
,,,,,,,,,,,,,329.0,,,,,,,,,,,
,,,,,,,,,,,,,791.0,,,,,,,,,,,
,,,,,,,,,,,,,1154.0,,,,,,,,,,,
,,,,,,,,,,,,,858.0,,,,,,,,,,,
,,,,,,,,,,,,,679.0,,,,,,,,,,,
,,,,,,,,,,,,,854.0,,,,,,,,,,,
,,,,,,,,,,,,,331.0,,,,,,,,,,,
,,,,,,,,,,,,,1172.0,,,,,,,,,,,
,,,,,,,,,,,,,713.0,,,,,,,,,,,
,,,,,,,,,,,,,684.0,,,,,,,,,,,
,,,,,,,,,,,,,223.0,,,,,,,,,,,
,,,,,,,,,,,,,911.0,,,,,,,,,,,
,,,,,,,,,,,,,1133.0,,,,,,,,,,,
,,,,,,,,,,,,,793.0,,,,,,,,,,,
,,,,,,,,,,,,,1200.0,,,,,,,,,,,
,,,,,,,,,,,,,918.0,,,,,,,,,,,
,,,,,,,,,,,,,836.0,,,,,,,,,,,
,,,,,,,,,,,,,1184.0,,,,,,,,,,,
,,,,,,,,,,,,,1260.0,,,,,,,,,,,
,,,,,,,,,,,,,949.0,,,,,,,,,,,
,,,,,,,,,,,,,433.0,,,,,,,,,,,
,,,,,,,,,,,,,689.0,,,,,,,,,,,
,,,,,,,,,,,,,373.0,,,,,,,,,,,
,,,,,,,,,,,,,248.0,,,,,,,,,,,
,,,,,,,,,,,,,58.0,,,,,,,,,,,
,,,,,,,,,,,,,1171.0,,,,,,,,,,,
,,,,,,,,,,,,,125.0,,,,,,,,,,,
,,,,,,,,,,,,,311.0,,,,,,,,,,,
,,,,,,,,,,,,,739.0,,,,,,,,,,,
,,,,,,,,,,,,,326.0,,,,,,,,,,,
,,,,,,,,,,,,,1081.0,,,,,,,,,,,
,,,,,,,,,,,,,1117.0,,,,,,,,,,,
,,,,,,,,,,,,,559.0,,,,,,,,,,,
,,,,,,,,,,,,,655.0,,,,,,,,,,,
,,,,,,,,,,,,,1295.0,,,,,,,,,,,
,,,,,,,,,,,,,828.0,,,,,,,,,,,
,,,,,,,,,,,,,976.0,,,,,,,,,,,
,,,,,,,,,,,,,726.0,,,,,,,,,,,
,,,,,,,,,,,,,590.0,,,,,,,,,,,
,,,,,,,,,,,,,68.0,,,,,,,,,,,
,,,,,,,,,,,,,963.0,,,,,,,,,,,
,,,,,,,,,,,,,893.0,,,,,,,,,,,
,,,,,,,,,,,,,1099.0,,,,,,,,,,,
,,,,,,,,,,,,,236.0,,,,,,,,,,,
,,,,,,,,,,,,,12.0,,,,,,,,,,,
,,,,,,,,,,,,,303.0,,,,,,,,,,,
,,,,,,,,,,,,,921.0,,,,,,,,,,,
,,,,,,,,,,,,,421.0,,,,,,,,,,,
,,,,,,,,,,,,,1218.0,,,,,,,,,,,
,,,,,,,,,,,,,752.0,,,,,,,,,,,
,,,,,,,,,,,,,563.0,,,,,,,,,,,
,,,,,,,,,,,,,97.0,,,,,,,,,,,
,,,,,,,,,,,,,769.0,,,,,,,,,,,
,,,,,,,,,,,,,64.0,,,,,,,,,,,
,,,,,,,,,,,,,294.0,,,,,,,,,,,
,,,,,,,,,,,,,1299.0,,,,,,,,,,,
,,,,,,,,,,,,,917.0,,,,,,,,,,,
,,,,,,,,,,,,,305.0,,,,,,,,,,,
,,,,,,,,,,,,,1012.0,,,,,,,,,,,
,,,,,,,,,,,,,796.0,,,,,,,,,,,
,,,,,,,,,,,,,135.0,,,,,,,,,,,
,,,,,,,,,,,,,307.0,,,,,,,,,,,
,,,,,,,,,,,,,988.0,,,,,,,,,,,
,,,,,,,,,,,,,1046.0,,,,,,,,,,,
,,,,,,,,,,,,,1233.0,,,,,,,,,,,
,,,,,,,,,,,,,1179.0,,,,,,,,,,,
,,,,,,,,,,,,,677.0,,,,,,,,,,,
,,,,,,,,,,,,,871.0,,,,,,,,,,,
,,,,,,,,,,,,,98.0,,,,,,,,,,,
,,,,,,,,,,,,,42.0,,,,,,,,,,,
,,,,,,,,,,,,,835.0,,,,,,,,,,,
