run_0,run_1,run_2,run_3,run_4,run_5,run_6,run_7,run_8,run_9,run_10,run_11,run_12,run_13,run_14,run_15,run_16,run_17,run_18,run_19,run_20,run_21,run_22,run_23,run_24
1242.0,3683.0,2316.0,2188.0,2378.0,2882.0,3036.0,109.0,2299.0,2526.0,648.0,1867.0,3101.0,1714.0,1496.0,8.0,627.0,2543.0,1403.0,3355.0,447.0,2732.0,798.0,3282.0,1277.0
1581.0,2576.0,2444.0,1151.0,772.0,2992.0,2604.0,2940.0,2099.0,580.0,2921.0,1204.0,1870.0,18.0,137.0,1279.0,2686.0,3835.0,2802.0,1645.0,2428.0,1843.0,425.0,932.0,3078.0
2487.0,1584.0,2303.0,719.0,476.0,3390.0,3488.0,603.0,1274.0,3272.0,2064.0,1364.0,362.0,1827.0,1223.0,3442.0,2304.0,2591.0,2739.0,2696.0,1346.0,351.0,196.0,1423.0,3368.0
3035.0,3772.0,1739.0,2704.0,1421.0,2791.0,313.0,1275.0,124.0,2325.0,3452.0,985.0,1881.0,230.0,2441.0,1065.0,1470.0,2905.0,3207.0,3410.0,3212.0,258.0,912.0,786.0,2220.0
2628.0,2776.0,1732.0,173.0,1229.0,2835.0,2198.0,3163.0,3084.0,104.0,912.0,162.0,2448.0,3092.0,2614.0,1093.0,3416.0,805.0,1421.0,2537.0,2995.0,1362.0,2940.0,152.0,641.0
502.0,3201.0,964.0,3566.0,1725.0,3361.0,1700.0,2954.0,557.0,863.0,2603.0,2658.0,2922.0,3610.0,2812.0,1217.0,1085.0,3702.0,1196.0,1099.0,1676.0,715.0,711.0,2616.0,1133.0
2600.0,3020.0,3485.0,1756.0,491.0,1071.0,102.0,1942.0,790.0,663.0,1156.0,3209.0,2347.0,1022.0,2351.0,2824.0,3334.0,3794.0,3619.0,1560.0,644.0,3208.0,3225.0,1120.0,1621.0
88.0,2744.0,3656.0,1958.0,2343.0,3771.0,739.0,653.0,1853.0,1953.0,2728.0,2798.0,433.0,2385.0,511.0,3091.0,3207.0,1004.0,1159.0,274.0,2683.0,2613.0,3357.0,631.0,131.0
2367.0,994.0,294.0,2553.0,1490.0,3488.0,2566.0,668.0,1377.0,225.0,1003.0,1278.0,791.0,3464.0,2610.0,3590.0,1472.0,1805.0,1694.0,2325.0,1907.0,1070.0,1357.0,183.0,302.0
2992.0,3054.0,1873.0,1992.0,1171.0,1271.0,3638.0,2905.0,3463.0,1074.0,2683.0,1391.0,231.0,3130.0,3817.0,804.0,2401.0,3074.0,949.0,1527.0,989.0,430.0,3785.0,1305.0,3432.0
895.0,128.0,1731.0,2740.0,3076.0,2551.0,46.0,3016.0,345.0,1954.0,3541.0,3082.0,1596.0,1421.0,2833.0,340.0,475.0,2616.0,230.0,1832.0,2813.0,1597.0,772.0,1419.0,242.0
1756.0,52.0,2823.0,692.0,1667.0,139.0,1885.0,3074.0,343.0,2852.0,2369.0,1847.0,3313.0,1088.0,2927.0,1317.0,770.0,2858.0,1887.0,2513.0,1426.0,3082.0,3481.0,3186.0,3065.0
98.0,1252.0,3578.0,2133.0,833.0,2579.0,3261.0,3220.0,1272.0,2882.0,2248.0,1683.0,3715.0,2014.0,3556.0,2832.0,855.0,391.0,3262.0,2684.0,1316.0,1692.0,2931.0,3261.0,605.0
2610.0,1251.0,2269.0,2132.0,1974.0,2580.0,1419.0,790.0,2953.0,3279.0,3221.0,1663.0,286.0,2203.0,1280.0,3240.0,3027.0,1554.0,2203.0,1710.0,3231.0,1364.0,3482.0,3466.0,2791.0
1336.0,1959.0,812.0,3417.0,1850.0,2420.0,3263.0,2540.0,2955.0,163.0,1276.0,3649.0,2278.0,3265.0,881.0,448.0,874.0,3264.0,2201.0,3065.0,3553.0,1683.0,1643.0,46.0,2513.0
1222.0,3465.0,1136.0,3416.0,1297.0,768.0,2859.0,3108.0,305.0,758.0,350.0,1070.0,2970.0,1552.0,3232.0,880.0,3099.0,2204.0,1552.0,605.0,1317.0,3216.0,306.0,1885.0,3143.0
1220.0,2561.0,2518.0,718.0,2319.0,1996.0,3341.0,172.0,3482.0,335.0,3531.0,2570.0,3670.0,3262.0,3552.0,339.0,2784.0,3184.0,2616.0,79.0,3414.0,1663.0,305.0,120.0,1710.0
1219.0,588.0,673.0,2747.0,1343.0,2836.0,1088.0,3086.0,1641.0,1807.0,3538.0,3194.0,2942.0,2198.0,2810.0,1021.0,3635.0,2164.0,3265.0,1824.0,1021.0,1847.0,1640.0,3263.0,2542.0
2991.0,3464.0,2863.0,972.0,1476.0,315.0,3186.0,3106.0,344.0,2884.0,199.0,1450.0,1233.0,1004.0,3551.0,3555.0,1664.0,2013.0,2014.0,1096.0,2832.0,3168.0,3031.0,2198.0,79.0
3407.0,1404.0,119.0,3804.0,1791.0,2549.0,3466.0,791.0,1640.0,1955.0,1095.0,1692.0,2337.0,1887.0,2831.0,1806.0,1016.0,238.0,394.0,1849.0,339.0,2478.0,1642.0,1088.0,1099.0
1369.0,53.0,1332.0,625.0,629.0,292.0,1086.0,2249.0,1776.0,2883.0,1532.0,1638.0,606.0,391.0,,882.0,1163.0,3238.0,631.0,3062.0,2811.0,3064.0,802.0,1005.0,1096.0
893.0,1045.0,3093.0,1909.0,581.0,3626.0,2583.0,621.0,2564.0,3280.0,434.0,524.0,3252.0,2164.0,,1020.0,1313.0,852.0,1418.0,2509.0,3240.0,1530.0,801.0,2109.0,2509.0
3668.0,1405.0,672.0,2634.0,961.0,304.0,631.0,1796.0,772.0,1728.0,3066.0,1755.0,314.0,1418.0,,1019.0,3429.0,3263.0,2585.0,474.0,2111.0,2439.0,1935.0,1087.0,3062.0
3667.0,3129.0,2607.0,1625.0,2894.0,2837.0,121.0,724.0,3031.0,2853.0,2885.0,2801.0,2602.0,1087.0,,341.0,3053.0,3265.0,391.0,3525.0,1535.0,1320.0,800.0,3341.0,3525.0
1221.0,3739.0,3121.0,624.0,601.0,1097.0,120.0,1139.0,1642.0,487.0,1210.0,3288.0,1124.0,392.0,,3554.0,928.0,2860.0,2164.0,229.0,1425.0,489.0,1639.0,1086.0,1824.0
3542.0,2562.0,853.0,3833.0,1012.0,3594.0,2012.0,3330.0,1643.0,22.0,2695.0,980.0,3581.0,2585.0,,3556.0,1734.0,3239.0,3184.0,242.0,1019.0,1929.0,3175.0,2859.0,1832.0
161.0,391.0,48.0,3435.0,3388.0,3556.0,1293.0,3107.0,2952.0,1733.0,538.0,3698.0,3566.0,3184.0,,3232.0,1508.0,1888.0,1087.0,641.0,3413.0,136.0,2049.0,2585.0,1849.0
2849.0,1637.0,3615.0,3344.0,815.0,1620.0,1005.0,836.0,2759.0,1956.0,73.0,525.0,657.0,631.0,,2111.0,1790.0,1766.0,392.0,2542.0,880.0,3325.0,2842.0,45.0,80.0
557.0,2235.0,1071.0,3854.0,3063.0,2581.0,2585.0,639.0,598.0,3281.0,682.0,2127.0,1591.0,1554.0,,1535.0,354.0,2981.0,45.0,3143.0,340.0,3179.0,1776.0,121.0,2684.0
1330.0,2981.0,670.0,3830.0,292.0,3595.0,959.0,789.0,2565.0,21.0,2471.0,2651.0,1362.0,45.0,,1425.0,3070.0,2872.0,1554.0,80.0,1279.0,686.0,2050.0,2583.0,474.0
1060.0,2869.0,2609.0,3831.0,3029.0,3232.0,2109.0,1767.0,1793.0,488.0,2720.0,3382.0,3127.0,46.0,,,1258.0,3466.0,1419.0,10.0,,1302.0,1051.0,2201.0,229.0
3628.0,3238.0,2023.0,691.0,2580.0,341.0,2201.0,3221.0,3501.0,1447.0,1311.0,3359.0,460.0,1419.0,,,431.0,2583.0,3466.0,2733.0,,2163.0,845.0,395.0,1456.0
2318.0,2872.0,2038.0,2822.0,1617.0,1317.0,125.0,3109.0,157.0,3398.0,3520.0,726.0,1325.0,3466.0,,,90.0,1086.0,1885.0,2791.0,,3440.0,2777.0,2165.0,3510.0
3275.0,3239.0,2016.0,3841.0,1842.0,1021.0,3185.0,3577.0,3532.0,499.0,1704.0,904.0,1061.0,3186.0,,,813.0,3186.0,120.0,1313.0,,2310.0,2020.0,1293.0,10.0
162.0,1766.0,1995.0,3842.0,2054.0,449.0,45.0,472.0,495.0,2253.0,2514.0,1904.0,3395.0,1885.0,,,368.0,46.0,3263.0,3360.0,,3211.0,3094.0,1553.0,1313.0
570.0,3733.0,1069.0,1152.0,3133.0,1078.0,1118.0,667.0,428.0,1846.0,152.0,1984.0,288.0,120.0,,,1092.0,1885.0,3186.0,2316.0,,1168.0,775.0,2857.0,3360.0
2902.0,2659.0,3120.0,351.0,112.0,880.0,395.0,2354.0,496.0,2762.0,3075.0,3714.0,1960.0,3263.0,,,435.0,3261.0,46.0,3510.0,,3072.0,500.0,2166.0,3524.0
2557.0,899.0,63.0,3816.0,1666.0,2810.0,1087.0,669.0,599.0,1744.0,2773.0,617.0,374.0,2859.0,,,2733.0,2198.0,2198.0,1456.0,,2071.0,1641.0,237.0,2733.0
549.0,3732.0,2024.0,3834.0,2463.0,3551.0,2165.0,690.0,1273.0,500.0,3328.0,67.0,2589.0,3261.0,,,516.0,959.0,3261.0,3524.0,,1880.0,742.0,1884.0,2316.0
2904.0,3731.0,1934.0,622.0,2897.0,2927.0,2219.0,2405.0,2020.0,1136.0,2990.0,2363.0,178.0,2583.0,,,962.0,121.0,1088.0,347.0,,220.0,1272.0,959.0,347.0
571.0,1554.0,2777.0,3434.0,304.0,2833.0,1006.0,2248.0,1615.0,1732.0,1453.0,2654.0,1719.0,1086.0,,,2413.0,2859.0,2583.0,118.0,,3656.0,2953.0,1118.0,2001.0
1798.0,2288.0,1829.0,3222.0,0.0,1280.0,394.0,1041.0,2050.0,2518.0,728.0,2753.0,1485.0,3341.0,,,1944.0,1005.0,121.0,1092.0,,1963.0,1615.0,125.0,928.0
569.0,2013.0,2608.0,3807.0,2412.0,3240.0,393.0,350.0,2843.0,2269.0,252.0,3381.0,1399.0,121.0,,,2184.0,120.0,3341.0,1508.0,,3649.0,300.0,1818.0,1508.0
3614.0,2204.0,64.0,717.0,2579.0,340.0,1818.0,1155.0,2930.0,3093.0,76.0,3765.0,402.0,2165.0,,,1835.0,1088.0,1005.0,1944.0,,2570.0,2015.0,1006.0,435.0
1950.0,852.0,3175.0,3343.0,768.0,2832.0,237.0,788.0,2015.0,2863.0,3362.0,3815.0,265.0,395.0,,,347.0,1419.0,2859.0,1787.0,,2370.0,427.0,394.0,118.0
2521.0,2616.0,715.0,623.0,2836.0,3555.0,1553.0,1042.0,3481.0,2823.0,2534.0,1823.0,2709.0,1293.0,,,118.0,1293.0,1086.0,435.0,,3253.0,2955.0,2584.0,1944.0
1329.0,2860.0,1935.0,1446.0,3033.0,1279.0,2615.0,787.0,591.0,1742.0,542.0,3250.0,550.0,1005.0,,,2001.0,631.0,2109.0,928.0,,3170.0,2218.0,3185.0,1092.0
464.0,3264.0,1051.0,3055.0,1620.0,2978.0,2857.0,936.0,798.0,853.0,927.0,290.0,484.0,2201.0,,,242.0,2012.0,1293.0,2001.0,,1541.0,1294.0,2012.0,1787.0
463.0,1004.0,2851.0,3795.0,1996.0,505.0,2584.0,201.0,1886.0,119.0,3039.0,3537.0,3441.0,2109.0,,,2316.0,2585.0,395.0,2496.0,,1191.0,343.0,731.0,2496.0
3660.0,2858.0,1936.0,3015.0,3594.0,2831.0,2694.0,3538.0,3467.0,1071.0,1344.0,1291.0,781.0,1553.0,,,2592.0,2201.0,2165.0,2184.0,,2933.0,1069.0,2615.0,2184.0
465.0,3184.0,2426.0,578.0,2420.0,2812.0,806.0,434.0,742.0,673.0,995.0,2151.0,2217.0,2857.0,,,694.0,2165.0,1553.0,2685.0,,524.0,2565.0,238.0,2874.0
1797.0,3265.0,671.0,3014.0,1097.0,3013.0,2167.0,1095.0,1956.0,48.0,1705.0,901.0,1597.0,394.0,,,2791.0,125.0,2166.0,2416.0,,3288.0,344.0,2167.0,418.0
548.0,2164.0,1956.0,1140.0,2032.0,1889.0,1420.0,3541.0,2016.0,2016.0,1439.0,2362.0,375.0,1818.0,,,2752.0,3185.0,237.0,1322.0,,1638.0,2564.0,3546.0,1971.0
17.0,238.0,3398.0,1608.0,139.0,881.0,2166.0,1156.0,1294.0,3121.0,515.0,3536.0,735.0,1884.0,,,1082.0,395.0,3185.0,2874.0,,2127.0,2952.0,2694.0,2416.0
1799.0,1888.0,488.0,3611.0,2551.0,339.0,2202.0,3096.0,488.0,2607.0,988.0,2632.0,1234.0,2584.0,,,228.0,3341.0,2857.0,1711.0,,3698.0,1377.0,2219.0,2685.0
476.0,3263.0,1447.0,3832.0,315.0,448.0,1884.0,1276.0,2562.0,670.0,3709.0,3115.0,1178.0,237.0,,,641.0,1087.0,1884.0,1575.0,,1755.0,2759.0,393.0,941.0
2558.0,2583.0,500.0,3796.0,2549.0,1806.0,2077.0,2369.0,2218.0,1069.0,353.0,370.0,179.0,959.0,,,1255.0,1118.0,1818.0,418.0,,980.0,598.0,2077.0,1575.0
1120.0,1804.0,1733.0,2809.0,2837.0,898.0,2168.0,3531.0,2850.0,3578.0,1359.0,38.0,664.0,2166.0,,,3579.0,2219.0,959.0,1971.0,,2651.0,345.0,2202.0,1322.0
573.0,2859.0,3203.0,3847.0,2160.0,565.0,3342.0,199.0,890.0,3203.0,1857.0,2011.0,3081.0,125.0,,,2509.0,2109.0,2584.0,941.0,,2801.0,3532.0,1420.0,1711.0
2568.0,1086.0,1609.0,1361.0,3338.0,1019.0,731.0,3097.0,1955.0,1731.0,1609.0,1378.0,3560.0,3185.0,,,605.0,45.0,1006.0,3078.0,,525.0,428.0,3545.0,1941.0
572.0,3186.0,1600.0,2936.0,3544.0,,3260.0,2885.0,2842.0,3057.0,2707.0,1674.0,1232.0,2012.0,,,3065.0,237.0,2012.0,683.0,,904.0,1793.0,2168.0,1306.0
759.0,3466.0,1218.0,1769.0,3339.0,,1402.0,1210.0,2931.0,2609.0,530.0,2693.0,235.0,1118.0,,,1710.0,393.0,125.0,1852.0,,1904.0,495.0,2014.0,1852.0
462.0,46.0,2425.0,1531.0,1759.0,,1883.0,3066.0,306.0,3615.0,780.0,2009.0,381.0,731.0,,,1096.0,1818.0,2615.0,1739.0,,726.0,3501.0,1402.0,1739.0
3460.0,3261.0,3447.0,2569.0,810.0,,3546.0,1532.0,2049.0,1906.0,1218.0,37.0,3681.0,2615.0,,,1099.0,394.0,1118.0,97.0,,3382.0,496.0,3342.0,683.0
3274.0,959.0,445.0,3610.0,3478.0,,3545.0,73.0,802.0,812.0,1382.0,3742.0,906.0,2219.0,,,2513.0,1006.0,2077.0,1306.0,,1450.0,157.0,432.0,516.0
2967.0,2198.0,1709.0,2910.0,3100.0,,432.0,2695.0,799.0,1995.0,968.0,2074.0,2600.0,1006.0,,,79.0,2857.0,2694.0,3021.0,,3359.0,1273.0,806.0,855.0
2827.0,1885.0,1846.0,3794.0,3479.0,,598.0,682.0,427.0,672.0,2397.0,3697.0,210.0,3546.0,,,3525.0,2584.0,2219.0,1941.0,,1984.0,599.0,3260.0,3070.0
2613.0,121.0,22.0,2780.0,1621.0,,1886.0,538.0,155.0,2851.0,695.0,2532.0,2861.0,2694.0,,,1824.0,1553.0,3546.0,855.0,,617.0,2843.0,1883.0,97.0
96.0,1419.0,1728.0,2048.0,2835.0,,3265.0,2471.0,1265.0,2426.0,533.0,1264.0,832.0,2077.0,,,1832.0,2615.0,731.0,2058.0,,3714.0,2930.0,391.0,2058.0
2964.0,1088.0,2762.0,2047.0,807.0,,155.0,2514.0,1146.0,445.0,2722.0,2668.0,1475.0,393.0,,,1849.0,2694.0,393.0,516.0,,67.0,591.0,155.0,3021.0
3161.0,2585.0,542.0,784.0,808.0,,2858.0,1704.0,3263.0,3120.0,348.0,2125.0,266.0,2168.0,,,80.0,2167.0,2167.0,2413.0,,2363.0,2562.0,598.0,3049.0
466.0,631.0,1906.0,1748.0,3232.0,,1554.0,2720.0,1639.0,64.0,2597.0,3528.0,2701.0,2202.0,,,3062.0,806.0,238.0,3070.0,,3381.0,1886.0,3467.0,714.0
2543.0,120.0,3057.0,3180.0,2497.0,,1004.0,152.0,1804.0,2425.0,2725.0,88.0,2242.0,806.0,,,2542.0,1884.0,1420.0,986.0,,1823.0,488.0,2218.0,2413.0
635.0,1293.0,134.0,2788.0,317.0,,2218.0,2990.0,500.0,1332.0,670.0,2126.0,249.0,1402.0,,,2684.0,2202.0,2202.0,3049.0,,3250.0,2016.0,1887.0,1093.0
3629.0,2201.0,77.0,846.0,453.0,,3262.0,3328.0,156.0,63.0,1570.0,3779.0,1363.0,238.0,,,3143.0,2166.0,3545.0,714.0,,2654.0,890.0,1294.0,986.0
3461.0,1118.0,3362.0,3103.0,881.0,,3264.0,2773.0,1076.0,2024.0,1081.0,1127.0,974.0,1420.0,,,229.0,1420.0,2168.0,1093.0,,2753.0,1956.0,1554.0,1384.0
3160.0,2109.0,1800.0,2866.0,678.0,,1294.0,3520.0,1637.0,2023.0,2677.0,1518.0,2434.0,432.0,,,474.0,2077.0,1402.0,1384.0,,1291.0,1955.0,1886.0,858.0
585.0,2012.0,2427.0,2802.0,3476.0,,230.0,3075.0,2219.0,3175.0,2221.0,1577.0,3695.0,3545.0,,,3510.0,731.0,432.0,3099.0,,290.0,3467.0,3264.0,436.0
1908.0,1005.0,534.0,2244.0,2505.0,,2014.0,1311.0,154.0,1935.0,3680.0,902.0,3204.0,2167.0,,,1456.0,2168.0,806.0,858.0,,3815.0,2850.0,1004.0,3099.0
148.0,125.0,1453.0,1153.0,2581.0,,3467.0,728.0,1818.0,2038.0,1023.0,994.0,1655.0,3342.0,,,10.0,3342.0,3342.0,436.0,,3765.0,799.0,2858.0,3053.0
2965.0,395.0,21.0,1154.0,3226.0,,238.0,3362.0,3466.0,2608.0,3105.0,1754.0,47.0,3467.0,,,1971.0,1883.0,3467.0,2467.0,,2632.0,1146.0,2164.0,1073.0
1106.0,1087.0,3281.0,2741.0,3626.0,,391.0,1453.0,3186.0,1709.0,3318.0,1576.0,2606.0,2218.0,,,1575.0,3260.0,2218.0,1242.0,,3536.0,155.0,3262.0,1790.0
632.0,3341.0,2222.0,2320.0,316.0,,2203.0,252.0,1086.0,2777.0,1430.0,3205.0,142.0,1294.0,,,3524.0,3545.0,3260.0,1073.0,,2151.0,1265.0,3265.0,2402.0
3272.0,2219.0,1727.0,785.0,738.0,,1887.0,76.0,2583.0,1934.0,2479.0,2821.0,543.0,1886.0,,,2496.0,598.0,1883.0,813.0,,3537.0,1076.0,230.0,813.0
288.0,3185.0,2853.0,2803.0,1280.0,,1552.0,542.0,46.0,715.0,965.0,1589.0,868.0,3260.0,,,941.0,3546.0,598.0,2402.0,,2362.0,156.0,3184.0,2467.0
1449.0,2165.0,487.0,2314.0,2761.0,,2013.0,2603.0,2198.0,1051.0,1438.0,226.0,3716.0,1883.0,,,3360.0,1402.0,1886.0,354.0,,38.0,3263.0,1418.0,2815.0
565.0,45.0,344.0,3084.0,3477.0,,3184.0,2534.0,1885.0,2427.0,256.0,54.0,3612.0,3264.0,,,3078.0,432.0,155.0,90.0,,901.0,1637.0,2204.0,354.0
566.0,237.0,1430.0,3083.0,452.0,,392.0,927.0,3261.0,1829.0,2503.0,3625.0,2374.0,598.0,,,2685.0,1886.0,1294.0,2815.0,,3115.0,2219.0,2013.0,90.0
2326.0,393.0,3056.0,469.0,3556.0,,2759.0,995.0,959.0,134.0,534.0,2724.0,1858.0,155.0,,,1787.0,155.0,3264.0,1790.0,,2011.0,1804.0,392.0,1242.0
1606.0,1818.0,3481.0,1066.0,1803.0,,2860.0,3039.0,121.0,77.0,2676.0,2950.0,1057.0,2858.0,,,2874.0,3467.0,1004.0,3053.0,,370.0,154.0,1552.0,2139.0
1720.0,2584.0,2843.0,3345.0,1317.0,,1766.0,1439.0,1293.0,671.0,1511.0,1202.0,1503.0,2013.0,,,2416.0,3262.0,2200.0,874.0,,1264.0,2583.0,2659.0,1258.0
1636.0,394.0,2952.0,1034.0,341.0,,2616.0,3709.0,631.0,1936.0,3167.0,2787.0,3134.0,2659.0,,,1711.0,230.0,3739.0,2139.0,,2074.0,3466.0,3739.0,770.0
2440.0,2615.0,561.0,932.0,1021.0,,3238.0,1705.0,1419.0,1600.0,2851.0,3228.0,2587.0,3739.0,,,418.0,2218.0,2659.0,3579.0,,2668.0,1885.0,2200.0,874.0
3679.0,1006.0,2253.0,470.0,449.0,,1421.0,353.0,120.0,1609.0,3256.0,333.0,2243.0,2860.0,,,1322.0,1294.0,2013.0,2359.0,,1378.0,3186.0,2203.0,2359.0
3504.0,1553.0,2231.0,32.0,2810.0,,2164.0,988.0,1088.0,542.0,65.0,298.0,1474.0,2200.0,,,1941.0,2014.0,2204.0,3635.0,,2693.0,1086.0,1421.0,3579.0
1889.0,2857.0,1641.0,31.0,1078.0,,1418.0,1359.0,2859.0,3447.0,193.0,2653.0,3718.0,2204.0,,,1306.0,1887.0,2858.0,770.0,,2532.0,46.0,2860.0,2039.0
3704.0,2694.0,1273.0,3843.0,880.0,,3110.0,515.0,1005.0,1218.0,2222.0,3399.0,793.0,2616.0,,,3021.0,2203.0,2860.0,2039.0,,3742.0,2198.0,1766.0,3635.0
1873.0,1420.0,2850.0,2088.0,3551.0,,2204.0,1857.0,2012.0,3362.0,2224.0,1408.0,3183.0,1766.0,,,1739.0,1552.0,1766.0,1258.0,,2009.0,3261.0,2759.0,3597.0
3307.0,2167.0,2842.0,3829.0,2927.0,,2200.0,1609.0,2585.0,534.0,652.0,987.0,1572.0,2759.0,,,683.0,392.0,2759.0,1133.0,,1674.0,959.0,2981.0,475.0
506.0,2202.0,348.0,296.0,2832.0,,3239.0,780.0,2201.0,1800.0,3563.0,1682.0,267.0,2981.0,,,1852.0,2759.0,2981.0,475.0,,37.0,121.0,3733.0,1664.0
1462.0,1884.0,3378.0,3800.0,2978.0,,2981.0,2707.0,3341.0,3056.0,1496.0,851.0,153.0,3051.0,,,1093.0,1418.0,3051.0,3060.0,,2126.0,631.0,3051.0,3060.0
1708.0,2166.0,1511.0,3838.0,2833.0,,2564.0,1382.0,1118.0,1430.0,561.0,2775.0,3717.0,1404.0,,,97.0,2200.0,3239.0,3597.0,,3697.0,2859.0,1888.0,1016.0
1078.0,806.0,1955.0,3848.0,3240.0,,1888.0,2722.0,125.0,1453.0,2665.0,1837.0,3132.0,3733.0,,,3049.0,1421.0,3238.0,1664.0,,902.0,1419.0,2869.0,2523.0
2612.0,2077.0,1744.0,3122.0,1279.0,,2565.0,1218.0,2165.0,3481.0,3096.0,2715.0,414.0,3238.0,,,986.0,3110.0,2872.0,1016.0,,994.0,1088.0,3238.0,2925.0
1875.0,731.0,1340.0,3483.0,3555.0,,852.0,968.0,395.0,2222.0,1328.0,1868.0,2266.0,3239.0,,,714.0,2564.0,1888.0,2925.0,,1518.0,120.0,3239.0,3027.0
2911.0,3342.0,1642.0,2862.0,340.0,,3051.0,533.0,2109.0,344.0,3447.0,2385.0,3380.0,2872.0,,,2058.0,428.0,2869.0,3027.0,,1127.0,1293.0,2872.0,2686.0
3271.0,2168.0,2020.0,3827.0,505.0,,428.0,2397.0,1087.0,1727.0,164.0,2005.0,3571.0,2869.0,,,1384.0,2565.0,3733.0,2523.0,,3528.0,1005.0,1404.0,2784.0
1105.0,3260.0,2953.0,3828.0,2831.0,,2288.0,695.0,3185.0,2952.0,3056.0,658.0,866.0,1888.0,,,2467.0,3051.0,1404.0,2784.0,,88.0,2012.0,2288.0,1163.0
3702.0,432.0,2590.0,3054.0,448.0,,3733.0,530.0,45.0,2843.0,2231.0,2386.0,2553.0,2288.0,,,858.0,3733.0,2288.0,834.0,,1577.0,2201.0,3731.0,834.0
2614.0,3546.0,1615.0,3840.0,2812.0,,2872.0,1570.0,237.0,561.0,1042.0,903.0,3315.0,852.0,,,436.0,2288.0,852.0,2686.0,,3779.0,2585.0,852.0,1269.0
1665.0,1883.0,306.0,2087.0,,,495.0,670.0,1553.0,1641.0,3617.0,3059.0,1618.0,890.0,,,2402.0,1793.0,3731.0,1163.0,,1754.0,395.0,3732.0,3324.0
3505.0,3467.0,345.0,3846.0,,,157.0,348.0,2694.0,2842.0,1938.0,2946.0,584.0,1640.0,,,2815.0,2869.0,3110.0,1269.0,,1576.0,3185.0,3110.0,2105.0
1460.0,598.0,2930.0,2144.0,,,2562.0,2725.0,2615.0,2231.0,3378.0,2490.0,3111.0,3731.0,,,1073.0,2562.0,3732.0,962.0,,3205.0,2109.0,154.0,414.0
2442.0,155.0,2884.0,3355.0,,,3731.0,2597.0,2857.0,1273.0,3181.0,1310.0,301.0,3732.0,,,1242.0,3731.0,2076.0,1029.0,,2125.0,1087.0,899.0,2918.0
1459.0,3545.0,679.0,297.0,,,1793.0,3680.0,394.0,2850.0,1041.0,1864.0,1184.0,2564.0,,,2039.0,157.0,154.0,2592.0,,54.0,45.0,2564.0,2592.0
3303.0,1402.0,343.0,3835.0,,,2076.0,2221.0,393.0,1340.0,787.0,3079.0,2506.0,3110.0,,,2359.0,495.0,899.0,2918.0,,3625.0,2165.0,1640.0,1029.0
2441.0,1886.0,305.0,3836.0,,,1076.0,2677.0,2584.0,1511.0,2590.0,2475.0,2571.0,154.0,,,2139.0,2076.0,890.0,843.0,,1589.0,1118.0,2076.0,843.0
503.0,230.0,772.0,1442.0,,,3739.0,1081.0,1006.0,348.0,2726.0,3432.0,3208.0,2076.0,,,1133.0,1076.0,1640.0,414.0,,226.0,3341.0,3237.0,3695.0
2978.0,2218.0,2955.0,3820.0,,,2869.0,1023.0,2167.0,3378.0,936.0,3229.0,940.0,899.0,,,3597.0,2659.0,2564.0,3324.0,,2821.0,237.0,890.0,962.0
2544.0,3262.0,2049.0,2660.0,,,2659.0,534.0,1420.0,1642.0,788.0,1947.0,2004.0,1405.0,,,3060.0,3739.0,1405.0,2105.0,,1202.0,125.0,1405.0,3818.0
2977.0,1294.0,798.0,2099.0,,,154.0,3105.0,1884.0,305.0,1083.0,1137.0,1788.0,2565.0,,,1029.0,3237.0,2565.0,2606.0,,2950.0,1818.0,1637.0,3567.0
996.0,2014.0,3031.0,3356.0,,,2953.0,256.0,2077.0,2953.0,201.0,1567.0,3017.0,2235.0,,,2523.0,3501.0,428.0,3695.0,,3399.0,393.0,2235.0,47.0
1077.0,1887.0,2503.0,2161.0,,,3501.0,1430.0,806.0,306.0,2772.0,2776.0,2511.0,3237.0,,,834.0,597.0,597.0,3818.0,,298.0,394.0,157.0,1301.0
1104.0,2203.0,1776.0,2477.0,,,597.0,2676.0,3342.0,679.0,1568.0,729.0,1466.0,597.0,,,2925.0,2953.0,2235.0,3567.0,,2724.0,1006.0,428.0,2606.0
1874.0,1552.0,2665.0,189.0,,,496.0,1438.0,2166.0,343.0,650.0,2459.0,81.0,428.0,,,843.0,1405.0,3237.0,47.0,,3228.0,2857.0,495.0,3612.0
507.0,392.0,2931.0,2426.0,,,599.0,3318.0,731.0,772.0,1340.0,2974.0,2324.0,2562.0,,,1269.0,2235.0,2562.0,3612.0,,333.0,1553.0,2565.0,868.0
2214.0,2759.0,2050.0,2321.0,,,1405.0,965.0,2168.0,2020.0,1584.0,1707.0,284.0,1637.0,,,2918.0,599.0,1637.0,868.0,,2653.0,2584.0,597.0,1164.0
505.0,1418.0,1643.0,3720.0,,,3237.0,2503.0,2202.0,1615.0,3421.0,1014.0,3614.0,1793.0,,,414.0,3732.0,157.0,1301.0,,2787.0,2615.0,2562.0,1190.0
997.0,1421.0,1640.0,3224.0,,,3732.0,2479.0,3260.0,2930.0,1155.0,1015.0,106.0,495.0,,,2105.0,496.0,495.0,1164.0,,1408.0,2202.0,1793.0,793.0
2213.0,2200.0,3221.0,2841.0,,,2235.0,2224.0,3546.0,2590.0,1770.0,1054.0,3301.0,157.0,,,3324.0,154.0,1793.0,1190.0,,987.0,2694.0,1804.0,1503.0
1407.0,3051.0,2159.0,396.0,,,2575.0,193.0,432.0,2665.0,3321.0,665.0,2988.0,1804.0,,,47.0,899.0,742.0,974.0,,1868.0,2167.0,1076.0,2525.0
2966.0,2565.0,802.0,77.0,,,3532.0,2851.0,1402.0,2955.0,2578.0,3850.0,245.0,1045.0,,,3567.0,1804.0,1146.0,2525.0,,1682.0,1420.0,3129.0,2192.0
1461.0,2564.0,1377.0,2425.0,,,343.0,3256.0,3545.0,2049.0,671.0,3438.0,2982.0,2575.0,,,3695.0,2575.0,1045.0,793.0,,2005.0,806.0,1146.0,974.0
2976.0,3110.0,801.0,2427.0,,,1641.0,652.0,1883.0,345.0,421.0,1927.0,1940.0,1076.0,,,3818.0,343.0,2575.0,1503.0,,2385.0,2166.0,1045.0,153.0
2611.0,428.0,3482.0,2748.0,,,1146.0,2222.0,3262.0,2931.0,2461.0,3734.0,1231.0,3129.0,,,2606.0,1637.0,1776.0,3442.0,,851.0,1884.0,2575.0,1622.0
504.0,495.0,800.0,134.0,,,1637.0,65.0,3264.0,798.0,651.0,1010.0,82.0,1776.0,,,3612.0,1146.0,1804.0,153.0,,2775.0,2077.0,1776.0,1835.0
2063.0,157.0,3096.0,635.0,,,1404.0,1511.0,3265.0,2050.0,2680.0,1895.0,486.0,3501.0,,,1301.0,1641.0,3501.0,2192.0,,1837.0,731.0,742.0,3442.0
1742.0,2076.0,300.0,3104.0,,,899.0,3167.0,230.0,1640.0,2734.0,3116.0,2002.0,742.0,,,1164.0,3532.0,3129.0,1622.0,,658.0,2168.0,1641.0,3717.0
1920.0,1793.0,515.0,1709.0,,,1804.0,3563.0,1554.0,2503.0,2536.0,25.0,2864.0,2953.0,,,868.0,1404.0,1076.0,1835.0,,2715.0,3342.0,2953.0,2752.0
2443.0,1076.0,788.0,53.0,,,1265.0,2665.0,2014.0,1776.0,1138.0,287.0,2508.0,1146.0,,,1190.0,1265.0,2953.0,2752.0,,2386.0,3260.0,3501.0,2806.0
3626.0,599.0,774.0,2916.0,,,757.0,1496.0,2203.0,1377.0,1600.0,1696.0,109.0,757.0,,,2192.0,742.0,282.0,1566.0,,2946.0,3546.0,1265.0,301.0
144.0,154.0,1272.0,311.0,,,1248.0,1328.0,391.0,3482.0,356.0,930.0,336.0,1641.0,,,793.0,757.0,1265.0,3429.0,,3432.0,1402.0,2626.0,3132.0
3270.0,597.0,1807.0,2690.0,,,742.0,561.0,1887.0,3221.0,1578.0,1052.0,2906.0,343.0,,,1622.0,282.0,757.0,301.0,,3079.0,432.0,282.0,1363.0
2639.0,496.0,1276.0,51.0,,,282.0,3056.0,1004.0,3031.0,1117.0,2873.0,1354.0,1643.0,,,3442.0,1248.0,1641.0,2806.0,,1864.0,3545.0,1643.0,249.0
577.0,2953.0,1639.0,1224.0,,,156.0,2231.0,238.0,800.0,3258.0,1379.0,102.0,1403.0,,,1503.0,3457.0,2626.0,1363.0,,3059.0,1883.0,757.0,2266.0
160.0,3501.0,2015.0,2462.0,,,3457.0,164.0,1552.0,801.0,1841.0,1541.0,1740.0,1265.0,,,153.0,156.0,587.0,3132.0,,1310.0,3265.0,343.0,1566.0
3516.0,3237.0,775.0,760.0,,,2626.0,3447.0,2013.0,1643.0,2472.0,385.0,2683.0,3457.0,,,3717.0,2626.0,1643.0,3717.0,,903.0,3262.0,1403.0,3429.0
499.0,2575.0,591.0,3160.0,,,1776.0,2590.0,2858.0,2159.0,3304.0,2312.0,1978.0,2626.0,,,974.0,1776.0,343.0,2266.0,,985.0,3264.0,3457.0,2701.0
3658.0,1641.0,936.0,2880.0,,,1643.0,3617.0,3184.0,802.0,169.0,1964.0,145.0,282.0,,,2525.0,1643.0,3457.0,2701.0,,2475.0,230.0,587.0,1840.0
3408.0,343.0,1496.0,1299.0,,,1640.0,2726.0,392.0,3096.0,3368.0,1903.0,2948.0,587.0,,,2806.0,1640.0,772.0,249.0,,2490.0,1554.0,772.0,2636.0
2837.0,1248.0,1439.0,3504.0,,,3129.0,3421.0,2860.0,1272.0,2607.0,1112.0,1782.0,1642.0,,,2636.0,3129.0,496.0,2337.0,,1707.0,238.0,2556.0,2217.0
2549.0,1265.0,3094.0,3458.0,,,772.0,650.0,2204.0,788.0,151.0,924.0,2510.0,50.0,,,1363.0,890.0,1248.0,179.0,,3229.0,1552.0,599.0,1399.0
315.0,757.0,927.0,133.0,,,587.0,1938.0,1418.0,775.0,3600.0,1792.0,2512.0,1248.0,,,1566.0,1403.0,50.0,2944.0,,2974.0,1887.0,496.0,2944.0
139.0,3532.0,1041.0,1075.0,,,1642.0,1083.0,1421.0,774.0,1987.0,1209.0,1942.0,599.0,,,2701.0,1045.0,1642.0,1840.0,,729.0,2203.0,50.0,179.0
3232.0,1146.0,574.0,2152.0,,,1045.0,3378.0,2200.0,515.0,3602.0,811.0,2192.0,156.0,,,249.0,1642.0,156.0,2636.0,,1947.0,2858.0,1642.0,2506.0
1021.0,742.0,1042.0,2162.0,,,890.0,3181.0,2164.0,300.0,1498.0,2980.0,3165.0,496.0,,,2266.0,2556.0,599.0,1399.0,,2776.0,3184.0,1247.0,2337.0
341.0,3457.0,787.0,823.0,,,1403.0,1340.0,2616.0,1276.0,1529.0,1946.0,116.0,772.0,,,3132.0,2955.0,1247.0,2217.0,,1015.0,391.0,1248.0,211.0
3556.0,156.0,2883.0,3333.0,,,1247.0,2772.0,3238.0,1639.0,1071.0,83.0,12.0,1247.0,,,301.0,587.0,2556.0,940.0,,1014.0,2014.0,156.0,940.0
449.0,282.0,1095.0,148.0,,,2556.0,1584.0,3110.0,2015.0,3121.0,942.0,3092.0,2556.0,,,1840.0,1247.0,1816.0,2506.0,,2459.0,2013.0,327.0,1853.0
1317.0,2626.0,3709.0,1870.0,,,2955.0,1770.0,1766.0,591.0,1520.0,2143.0,89.0,1816.0,,,2217.0,772.0,327.0,211.0,,1567.0,1004.0,1816.0,2782.0
880.0,1643.0,2720.0,3618.0,,,2199.0,1568.0,852.0,936.0,763.0,2180.0,9.0,327.0,,,2506.0,3543.0,3031.0,2782.0,,665.0,2164.0,3532.0,3566.0
1280.0,1640.0,353.0,511.0,,,1957.0,2578.0,3051.0,1041.0,2016.0,1558.0,269.0,3543.0,,,2944.0,50.0,1273.0,284.0,,1137.0,392.0,1957.0,1232.0
3555.0,890.0,995.0,2799.0,,,427.0,421.0,2872.0,1496.0,3207.0,937.0,1977.0,3153.0,,,179.0,1957.0,2574.0,3452.0,,3850.0,2860.0,427.0,3452.0
3551.0,1776.0,3039.0,35.0,,,3031.0,3321.0,1888.0,927.0,2488.0,1619.0,2003.0,2574.0,,,2337.0,3128.0,2744.0,1853.0,,1054.0,1421.0,3031.0,284.0
2832.0,1403.0,988.0,3453.0,,,3543.0,2461.0,3733.0,1439.0,3397.0,1933.0,3599.0,427.0,,,1399.0,427.0,1957.0,1232.0,,3438.0,1418.0,3543.0,3315.0
2810.0,1642.0,1210.0,3679.0,,,1816.0,651.0,3239.0,574.0,2877.0,1945.0,3202.0,1957.0,,,211.0,2199.0,3153.0,3315.0,,1927.0,2200.0,3153.0,2062.0
2927.0,772.0,1705.0,1175.0,,,327.0,671.0,2981.0,3094.0,1198.0,3230.0,3213.0,3031.0,,,940.0,3031.0,3543.0,2909.0,,3734.0,2616.0,2574.0,657.0
292.0,587.0,1359.0,1176.0,,,50.0,1344.0,2288.0,787.0,2516.0,1779.0,3480.0,3532.0,,,1853.0,2574.0,3532.0,657.0,,3194.0,3110.0,2744.0,2758.0
304.0,1247.0,3075.0,1606.0,,,2574.0,2734.0,3731.0,1042.0,3292.0,3112.0,494.0,3128.0,,,2782.0,1816.0,427.0,2758.0,,1010.0,2204.0,3128.0,2909.0
340.0,2556.0,3066.0,3072.0,,,3128.0,2680.0,2869.0,1095.0,214.0,3090.0,85.0,2744.0,,,3452.0,327.0,3128.0,3566.0,,3116.0,3238.0,1273.0,103.0
1279.0,327.0,1857.0,3141.0,,,293.0,1600.0,2235.0,2720.0,2609.0,2889.0,322.0,293.0,,,657.0,2561.0,344.0,543.0,,25.0,2288.0,2955.0,2571.0
448.0,2955.0,152.0,1814.0,,,3465.0,2536.0,2659.0,3039.0,367.0,1125.0,1270.0,907.0,,,2909.0,344.0,1003.0,2374.0,,2312.0,3239.0,293.0,543.0
2833.0,3031.0,3520.0,2640.0,,,344.0,1138.0,597.0,353.0,2345.0,2336.0,2525.0,2955.0,,,3315.0,3153.0,2199.0,2571.0,,1379.0,2981.0,907.0,3134.0
3240.0,1816.0,780.0,2061.0,,,1003.0,2472.0,1405.0,988.0,3308.0,1988.0,1132.0,344.0,,,3566.0,128.0,907.0,1148.0,,1052.0,1888.0,1003.0,2374.0
2831.0,2199.0,3541.0,1173.0,,,1252.0,356.0,3237.0,3066.0,1130.0,2256.0,1467.0,1003.0,,,2062.0,1003.0,1252.0,1572.0,,1895.0,2872.0,128.0,1572.0
2812.0,50.0,2369.0,2101.0,,,3153.0,3304.0,3739.0,995.0,3004.0,3530.0,1789.0,128.0,,,284.0,293.0,2955.0,103.0,,287.0,3733.0,1252.0,1148.0
339.0,427.0,434.0,1056.0,,,128.0,3258.0,2076.0,1359.0,3120.0,3393.0,1305.0,1252.0,,,3134.0,3465.0,128.0,3134.0,,385.0,3051.0,2199.0,1788.0
881.0,1957.0,682.0,632.0,,,2561.0,1117.0,3732.0,1210.0,921.0,2719.0,2989.0,2199.0,,,2758.0,1252.0,293.0,2062.0,,930.0,3731.0,344.0,2552.0
1097.0,3543.0,73.0,3036.0,,,51.0,1578.0,899.0,1705.0,63.0,1085.0,3673.0,1273.0,,,103.0,51.0,53.0,2552.0,,1964.0,1766.0,53.0,3645.0
3013.0,2574.0,76.0,754.0,,,1251.0,169.0,2575.0,3709.0,1069.0,3092.0,856.0,53.0,,,1232.0,1251.0,3464.0,1788.0,,2873.0,852.0,3464.0,3141.0
,3128.0,2397.0,1174.0,,,1273.0,3368.0,1404.0,3075.0,1160.0,1989.0,2257.0,52.0,,,1572.0,3481.0,3481.0,3204.0,,1946.0,2869.0,588.0,1700.0
,344.0,533.0,3471.0,,,588.0,1987.0,2626.0,2369.0,710.0,225.0,3194.0,2561.0,,,1788.0,1273.0,3465.0,3645.0,,924.0,3739.0,3465.0,1385.0
,293.0,2773.0,141.0,,,3464.0,151.0,282.0,3541.0,586.0,2410.0,493.0,588.0,,,2552.0,588.0,1251.0,3141.0,,1696.0,2076.0,52.0,3204.0
,1003.0,2471.0,3148.0,,,2952.0,1498.0,1045.0,3520.0,3404.0,2491.0,3020.0,1272.0,,,1148.0,3464.0,52.0,1734.0,,1112.0,2659.0,1251.0,866.0
,3153.0,968.0,585.0,,,3481.0,2607.0,3457.0,152.0,429.0,1777.0,1694.0,1251.0,,,2571.0,2952.0,588.0,866.0,,2980.0,597.0,3481.0,234.0
,2952.0,530.0,1723.0,,,2744.0,1841.0,757.0,780.0,2078.0,915.0,1526.0,3465.0,,,2374.0,2744.0,3365.0,1700.0,,1903.0,1405.0,2561.0,1734.0
,51.0,695.0,3557.0,,,1959.0,3602.0,1248.0,1857.0,3113.0,3392.0,1831.0,3481.0,,,543.0,1377.0,1272.0,817.0,,811.0,3732.0,1272.0,2553.0
,1273.0,2707.0,3218.0,,,907.0,1529.0,3129.0,434.0,165.0,2287.0,450.0,3365.0,,,3645.0,52.0,2561.0,234.0,,1792.0,3237.0,3365.0,817.0
,3481.0,1382.0,2271.0,,,52.0,3600.0,1403.0,682.0,2038.0,1334.0,2256.0,1959.0,,,3141.0,907.0,1959.0,2553.0,,1209.0,2235.0,1959.0,81.0
,907.0,2722.0,2137.0,,,1377.0,1071.0,587.0,73.0,1829.0,1486.0,778.0,2343.0,,,866.0,1959.0,2343.0,1385.0,,83.0,899.0,2343.0,2230.0
,3258.0,3531.0,762.0,,,53.0,1198.0,1247.0,533.0,1033.0,1395.0,1390.0,1157.0,,,234.0,3077.0,2952.0,2230.0,,2143.0,3457.0,2043.0,1737.0
,1377.0,1570.0,3294.0,,,133.0,2016.0,2556.0,2707.0,3203.0,2335.0,2491.0,51.0,,,1700.0,53.0,2043.0,820.0,,1933.0,282.0,2952.0,2228.0
,3077.0,2597.0,1724.0,,,3077.0,1520.0,1816.0,2773.0,910.0,2781.0,2415.0,3482.0,,,3204.0,133.0,1157.0,2228.0,,1779.0,2575.0,1157.0,820.0
,499.0,2725.0,3035.0,,,3258.0,2516.0,327.0,76.0,117.0,1064.0,3337.0,2021.0,,,1385.0,3258.0,2021.0,1557.0,,3112.0,1404.0,709.0,2243.0
,133.0,1704.0,1808.0,,,741.0,2488.0,2199.0,968.0,2945.0,3316.0,2459.0,708.0,,,2553.0,563.0,51.0,81.0,,3230.0,1248.0,51.0,2604.0
,1958.0,1081.0,3505.0,,,563.0,3397.0,3128.0,2397.0,170.0,905.0,174.0,2043.0,,,817.0,499.0,3077.0,2604.0,,2180.0,757.0,2021.0,844.0
,741.0,2677.0,308.0,,,499.0,2877.0,1957.0,1382.0,173.0,1697.0,321.0,709.0,,,2604.0,741.0,709.0,1737.0,,1945.0,2626.0,3077.0,3007.0
,1743.0,2221.0,310.0,,,1958.0,3207.0,50.0,530.0,993.0,2124.0,318.0,2952.0,,,820.0,1958.0,708.0,844.0,,942.0,3129.0,3482.0,1557.0
,563.0,3680.0,3463.0,,,1743.0,3121.0,3543.0,2471.0,2452.0,3439.0,325.0,3077.0,,,2230.0,1743.0,3482.0,1231.0,,937.0,1045.0,708.0,1231.0
,3365.0,1023.0,733.0,,,1272.0,763.0,2574.0,695.0,2573.0,1635.0,3485.0,1958.0,,,81.0,1272.0,1958.0,3007.0,,1619.0,1403.0,1958.0,3826.0
,2252.0,3318.0,3161.0,,,3482.0,63.0,128.0,1081.0,3123.0,3326.0,535.0,2252.0,,,1231.0,3365.0,562.0,3826.0,,3530.0,327.0,133.0,3190.0
,3482.0,256.0,1610.0,,,2514.0,2609.0,51.0,3531.0,2185.0,498.0,320.0,2138.0,,,844.0,2252.0,1743.0,3190.0,,3090.0,50.0,3258.0,3373.0
,2514.0,965.0,3704.0,,,3365.0,921.0,293.0,2722.0,2325.0,135.0,277.0,133.0,,,3826.0,345.0,499.0,1184.0,,3393.0,587.0,1377.0,3095.0
,345.0,3105.0,1692.0,,,2252.0,2345.0,2561.0,1704.0,711.0,2839.0,324.0,562.0,,,2243.0,3482.0,3258.0,3095.0,,2256.0,1247.0,499.0,2950.0
,1218.0,1438.0,1731.0,,,2343.0,3292.0,3465.0,2221.0,2023.0,1778.0,197.0,1377.0,,,1737.0,2514.0,133.0,3706.0,,1558.0,2199.0,562.0,1184.0
,305.0,2479.0,2091.0,,,305.0,214.0,1003.0,2597.0,2177.0,1142.0,196.0,1743.0,,,3007.0,2343.0,2138.0,3373.0,,1125.0,1816.0,1743.0,235.0
,534.0,2224.0,3216.0,,,345.0,3308.0,1252.0,2725.0,715.0,276.0,2042.0,3080.0,,,3095.0,305.0,3080.0,2950.0,,2889.0,2556.0,3080.0,3706.0
,763.0,3328.0,2643.0,,,763.0,3004.0,3153.0,1570.0,1784.0,2870.0,2041.0,499.0,,,1557.0,534.0,2252.0,1475.0,,2336.0,1957.0,2138.0,106.0
,2343.0,2676.0,3462.0,,,1218.0,367.0,1251.0,2677.0,1826.0,3511.0,689.0,3258.0,,,2228.0,763.0,1377.0,2243.0,,1988.0,3543.0,2514.0,2242.0
,1272.0,3256.0,647.0,,,534.0,1130.0,3464.0,3680.0,1706.0,3423.0,1778.0,2514.0,,,3190.0,1218.0,2514.0,235.0,,3092.0,3128.0,2252.0,871.0
,1058.0,65.0,1558.0,,,798.0,710.0,52.0,3328.0,725.0,1002.0,84.0,1742.0,,,1475.0,1742.0,1158.0,1416.0,,2491.0,1252.0,534.0,1147.0
,1157.0,2990.0,3217.0,,,2221.0,3120.0,2744.0,1023.0,261.0,1480.0,2102.0,763.0,,,3706.0,2043.0,798.0,2242.0,,2410.0,2561.0,1218.0,1504.0
,709.0,3167.0,2317.0,,,1058.0,586.0,907.0,2479.0,3289.0,3496.0,323.0,2221.0,,,2950.0,2221.0,1218.0,106.0,,915.0,2574.0,1742.0,1178.0
,2043.0,193.0,3459.0,,,1742.0,1069.0,133.0,256.0,1447.0,104.0,194.0,534.0,,,3373.0,1157.0,534.0,2768.0,,1777.0,3153.0,763.0,1416.0
,2221.0,652.0,3455.0,,,2043.0,1160.0,3077.0,3318.0,23.0,2890.0,1539.0,2044.0,,,871.0,798.0,1742.0,871.0,,1085.0,293.0,2221.0,349.0
,798.0,3563.0,1320.0,,,2044.0,165.0,1959.0,3105.0,222.0,1848.0,2625.0,1218.0,,,2768.0,2021.0,2221.0,1147.0,,2719.0,128.0,1158.0,3044.0
,1742.0,1311.0,3503.0,,,1157.0,3113.0,53.0,1438.0,27.0,8.0,3002.0,1158.0,,,1184.0,1058.0,763.0,1504.0,,225.0,3465.0,2044.0,2768.0
,2021.0,1328.0,3502.0,,,2021.0,3404.0,588.0,2676.0,1510.0,1189.0,3821.0,798.0,,,1416.0,709.0,305.0,1178.0,,1989.0,51.0,798.0,1475.0
,2044.0,2534.0,1469.0,,,709.0,429.0,3258.0,965.0,1312.0,1011.0,2025.0,305.0,,,2242.0,2044.0,2044.0,3044.0,,3392.0,1003.0,305.0,664.0
,2843.0,164.0,2689.0,,,2843.0,2078.0,499.0,2224.0,973.0,200.0,2258.0,345.0,,,106.0,2843.0,345.0,349.0,,2287.0,1251.0,345.0,3081.0
,1358.0,350.0,1172.0,,,708.0,1829.0,1958.0,65.0,2024.0,1296.0,908.0,1729.0,,,235.0,562.0,741.0,431.0,,1334.0,907.0,1729.0,431.0
,2100.0,2726.0,3645.0,,,562.0,2945.0,563.0,2990.0,107.0,523.0,3672.0,1439.0,,,2587.0,1158.0,1439.0,735.0,,1395.0,3464.0,741.0,2587.0
,1159.0,1938.0,3278.0,,,2100.0,3203.0,741.0,3256.0,1934.0,3193.0,3643.0,3450.0,,,1504.0,708.0,1729.0,664.0,,2781.0,1959.0,3331.0,2434.0
,562.0,2248.0,568.0,,,1158.0,910.0,1743.0,652.0,2608.0,2871.0,1357.0,1058.0,,,349.0,2100.0,2677.0,2587.0,,2335.0,133.0,2100.0,3718.0
,708.0,3181.0,2763.0,,,2835.0,170.0,3365.0,3167.0,3570.0,786.0,3613.0,563.0,,,3081.0,1633.0,563.0,3081.0,,1486.0,52.0,2677.0,2861.0
,1158.0,650.0,1256.0,,,1439.0,993.0,2343.0,193.0,64.0,970.0,3335.0,2100.0,,,3044.0,2835.0,3331.0,3208.0,,1064.0,53.0,563.0,735.0
,1633.0,1155.0,78.0,,,1633.0,2038.0,2514.0,3563.0,1995.0,1187.0,319.0,2677.0,,,1147.0,1159.0,2100.0,3718.0,,905.0,588.0,1439.0,3208.0
,2835.0,3617.0,2428.0,,,1770.0,1033.0,2252.0,1328.0,3046.0,2354.0,188.0,741.0,,,664.0,1770.0,3450.0,2861.0,,3439.0,2744.0,3450.0,228.0
,1770.0,1083.0,1926.0,,,1159.0,117.0,1218.0,1311.0,3507.0,426.0,3844.0,3331.0,,,735.0,1358.0,1058.0,2434.0,,3316.0,3077.0,1159.0,355.0
,1439.0,3421.0,884.0,,,1358.0,2452.0,534.0,2534.0,3418.0,2957.0,3118.0,1159.0,,,1178.0,1439.0,1633.0,355.0,,1635.0,3258.0,1058.0,1701.0
,2677.0,201.0,1530.0,,,1161.0,2023.0,1742.0,3181.0,1335.0,2096.0,313.0,1358.0,,,55.0,910.0,1160.0,1701.0,,135.0,1958.0,1633.0,1474.0
,1160.0,421.0,3361.0,,,1160.0,2185.0,1058.0,2248.0,1935.0,1270.0,1538.0,2844.0,,,2861.0,3080.0,2844.0,228.0,,1697.0,2252.0,1358.0,1428.0
,845.0,1770.0,2439.0,,,2677.0,173.0,2044.0,3617.0,1072.0,1712.0,3592.0,149.0,,,1428.0,1161.0,1358.0,1428.0,,2124.0,3365.0,3241.0,55.0
,910.0,2695.0,3297.0,,,845.0,3123.0,2043.0,164.0,2194.0,639.0,442.0,1633.0,,,2434.0,2930.0,149.0,55.0,,2839.0,499.0,2842.0,1433.0
,1161.0,1568.0,1523.0,,,910.0,2325.0,2021.0,2726.0,1217.0,2223.0,1877.0,1160.0,,,3718.0,2677.0,910.0,819.0,,3326.0,2343.0,1160.0,819.0
,3080.0,1584.0,142.0,,,3080.0,2573.0,1157.0,1155.0,1595.0,2938.0,3782.0,2842.0,,,355.0,1160.0,2842.0,1474.0,,1778.0,2514.0,2253.0,856.0
,2138.0,2772.0,1492.0,,,2138.0,715.0,2221.0,350.0,3175.0,3420.0,2212.0,910.0,,,1701.0,845.0,2253.0,856.0,,498.0,741.0,2844.0,375.0
,2930.0,3321.0,3620.0,,,2930.0,1784.0,763.0,1083.0,536.0,1771.0,3822.0,2253.0,,,1433.0,2138.0,3241.0,1433.0,,2870.0,563.0,910.0,2306.0
,2020.0,2461.0,685.0,,,2020.0,711.0,709.0,650.0,537.0,1751.0,681.0,3241.0,,,3208.0,2020.0,3286.0,375.0,,276.0,1743.0,149.0,1526.0
,3540.0,2578.0,1925.0,,,3540.0,2177.0,1158.0,1938.0,416.0,3098.0,185.0,3286.0,,,856.0,3540.0,1770.0,1526.0,,1142.0,534.0,3286.0,82.0
,3275.0,651.0,1686.0,,,3331.0,222.0,1358.0,201.0,3043.0,2437.0,2987.0,1317.0,,,819.0,2842.0,448.0,82.0,,1848.0,2221.0,882.0,1305.0
,1729.0,2734.0,2652.0,,,2842.0,1447.0,1770.0,1770.0,1051.0,2171.0,593.0,880.0,,,1526.0,2050.0,2832.0,2306.0,,1002.0,2043.0,1317.0,2511.0
,3331.0,1344.0,2071.0,,,2050.0,1706.0,2100.0,2772.0,2777.0,3855.0,328.0,3555.0,,,375.0,2280.0,882.0,952.0,,200.0,1157.0,339.0,1618.0
,3450.0,2680.0,2965.0,,,2253.0,3289.0,708.0,2695.0,2275.0,2633.0,2729.0,882.0,,,1474.0,3331.0,1317.0,2080.0,,3496.0,763.0,340.0,1740.0
,2842.0,2536.0,3168.0,,,2425.0,261.0,562.0,3421.0,2919.0,4.0,3849.0,340.0,,,2306.0,3450.0,339.0,2511.0,,3423.0,1742.0,2832.0,403.0
,2280.0,1138.0,686.0,,,2318.0,1510.0,1439.0,1584.0,2323.0,2324.0,330.0,339.0,,,82.0,2425.0,1280.0,1412.0,,3511.0,1218.0,1279.0,2508.0
,2425.0,1117.0,3296.0,,,3450.0,1826.0,1159.0,1568.0,3569.0,1902.0,2998.0,1280.0,,,952.0,2253.0,3555.0,403.0,,1189.0,2021.0,3555.0,2080.0
,2318.0,3304.0,190.0,,,2280.0,27.0,2835.0,421.0,3097.0,2186.0,1983.0,2832.0,,,2080.0,3275.0,1279.0,1305.0,,2890.0,2044.0,1280.0,1412.0
,2253.0,356.0,3578.0,,,3275.0,23.0,1633.0,3321.0,2444.0,2951.0,1428.0,1279.0,,,403.0,1729.0,340.0,1740.0,,104.0,709.0,448.0,952.0
,2050.0,2472.0,1619.0,,,1729.0,725.0,1160.0,2461.0,337.0,596.0,3582.0,448.0,,,1412.0,2318.0,3240.0,2508.0,,1480.0,1058.0,3240.0,3312.0
,1197.0,3258.0,20.0,,,443.0,1312.0,2677.0,651.0,1936.0,964.0,3684.0,3556.0,,,1618.0,1332.0,1806.0,3312.0,,8.0,562.0,1019.0,267.0
,1332.0,1578.0,3090.0,,,734.0,2024.0,3080.0,2578.0,405.0,254.0,3512.0,1021.0,,,3312.0,443.0,1019.0,2709.0,,1011.0,2100.0,1806.0,3165.0
,2603.0,2514.0,3112.0,,,1615.0,1995.0,1161.0,1344.0,2451.0,2994.0,42.0,3240.0,,,1305.0,1197.0,1021.0,3020.0,,3193.0,1633.0,2927.0,2988.0
,3286.0,169.0,883.0,,,1332.0,973.0,2138.0,2734.0,3091.0,2865.0,558.0,3413.0,,,1877.0,1744.0,880.0,2988.0,,786.0,1158.0,1425.0,1877.0
,3183.0,151.0,2911.0,,,3183.0,1934.0,845.0,2536.0,3576.0,1700.0,1278.0,3232.0,,,2508.0,3183.0,1425.0,267.0,,523.0,708.0,1021.0,2709.0
,1744.0,1841.0,2547.0,,,1744.0,64.0,910.0,2680.0,2252.0,406.0,909.0,1019.0,,,2511.0,1615.0,2927.0,1877.0,,1296.0,2835.0,880.0,102.0
,443.0,3368.0,2035.0,,,1197.0,2608.0,3540.0,1138.0,1186.0,2538.0,1472.0,2927.0,,,1740.0,734.0,2111.0,1618.0,,2871.0,1159.0,3556.0,3020.0
,1615.0,1987.0,3703.0,,,3286.0,107.0,3331.0,2472.0,672.0,713.0,3141.0,1425.0,,,1304.0,3286.0,3232.0,3165.0,,970.0,1770.0,2111.0,1304.0
,734.0,3602.0,1924.0,,,2603.0,3046.0,2253.0,356.0,2118.0,2502.0,331.0,2111.0,,,2988.0,2603.0,3556.0,1304.0,,2354.0,1358.0,3232.0,2403.0
,538.0,1529.0,2543.0,,,538.0,3570.0,2280.0,1117.0,1658.0,2577.0,594.0,1806.0,,,2709.0,538.0,3413.0,102.0,,426.0,1439.0,3553.0,2540.0
,1956.0,2488.0,3064.0,,,119.0,1072.0,1729.0,3258.0,1094.0,2003.0,2855.0,,,,3020.0,2426.0,,1940.0,,2957.0,2677.0,,36.0
,2426.0,2516.0,149.0,,,2426.0,536.0,1197.0,2514.0,2170.0,3712.0,1022.0,,,,2540.0,119.0,,326.0,,2096.0,2138.0,,2381.0
,571.0,3207.0,1914.0,,,2337.0,1595.0,3450.0,169.0,279.0,243.0,2274.0,,,,3165.0,1398.0,,2193.0,,1712.0,1161.0,,326.0
,2337.0,763.0,860.0,,,571.0,1335.0,2318.0,1841.0,1562.0,486.0,1559.0,,,,36.0,139.0,,2381.0,,1270.0,3080.0,,1940.0
,139.0,2877.0,3179.0,,,139.0,3418.0,2425.0,3368.0,2169.0,295.0,2949.0,,,,1940.0,1956.0,,3380.0,,1187.0,1160.0,,3380.0
,1398.0,3600.0,1225.0,,,1956.0,1935.0,3183.0,1578.0,1321.0,704.0,554.0,,,,267.0,571.0,,2540.0,,639.0,3540.0,,2193.0
,119.0,1498.0,374.0,,,1398.0,3507.0,3275.0,3304.0,215.0,724.0,1385.0,,,,2403.0,2337.0,,36.0,,2223.0,910.0,,2309.0
,1399.0,1520.0,2896.0,,,1399.0,1217.0,443.0,151.0,620.0,2181.0,1286.0,,,,326.0,2844.0,,2309.0,,3420.0,3331.0,,2948.0
,2844.0,3397.0,2526.0,,,2844.0,416.0,1744.0,1987.0,2364.0,1396.0,1220.0,,,,3380.0,1399.0,,2403.0,,1751.0,2280.0,,3401.0
,2543.0,1156.0,1371.0,,,348.0,3175.0,1332.0,3602.0,1861.0,2173.0,3488.0,,,,102.0,348.0,,3401.0,,3098.0,2253.0,,1290.0
,3271.0,3308.0,2208.0,,,2543.0,2777.0,2603.0,1498.0,1728.0,1497.0,1537.0,,,,2381.0,3608.0,,2948.0,,2437.0,1197.0,,129.0
,348.0,214.0,3175.0,,,3608.0,1051.0,538.0,3600.0,2808.0,2674.0,1695.0,,,,2309.0,1797.0,,3032.0,,2324.0,3275.0,,3131.0
,2571.0,1130.0,2978.0,,,2661.0,3569.0,734.0,1529.0,94.0,1982.0,2322.0,,,,3782.0,2590.0,,3782.0,,2171.0,3450.0,,1910.0
,1397.0,367.0,2163.0,,,1397.0,2275.0,3286.0,1520.0,3057.0,630.0,2377.0,,,,1290.0,2931.0,,1290.0,,1771.0,1729.0,,3037.0
,2590.0,3292.0,1935.0,,,1797.0,3043.0,2426.0,3207.0,1676.0,2617.0,923.0,,,,2948.0,2571.0,,42.0,,3855.0,3183.0,,1827.0
,2931.0,3004.0,1851.0,,,2590.0,537.0,571.0,2488.0,574.0,3140.0,3336.0,,,,3401.0,1397.0,,2970.0,,2938.0,2318.0,,3782.0
,2661.0,3538.0,2310.0,,,2931.0,2194.0,139.0,2877.0,1197.0,2484.0,553.0,,,,2193.0,2661.0,,3131.0,,1902.0,2425.0,,2970.0
,1797.0,921.0,3211.0,,,2571.0,2323.0,1398.0,763.0,2667.0,166.0,3095.0,,,,3032.0,3271.0,,3037.0,,4.0,443.0,,42.0
,3608.0,1198.0,1373.0,,,3271.0,2444.0,119.0,1198.0,925.0,3018.0,3693.0,,,,2970.0,802.0,,1827.0,,2633.0,1744.0,,3032.0
,306.0,2345.0,3440.0,,,802.0,2919.0,1399.0,3397.0,1862.0,1521.0,191.0,,,,42.0,306.0,,129.0,,2186.0,1332.0,,277.0
,679.0,586.0,1122.0,,,574.0,2118.0,2844.0,1156.0,1675.0,1836.0,1299.0,,,,1827.0,301.0,,558.0,,254.0,3286.0,,3809.0
,2966.0,728.0,646.0,,,306.0,1186.0,2543.0,2516.0,3398.0,876.0,1950.0,,,,3131.0,2769.0,,1689.0,,596.0,734.0,,823.0
,802.0,1160.0,1462.0,,,679.0,672.0,2337.0,3292.0,2767.0,1773.0,2197.0,,,,3037.0,574.0,,3370.0,,2951.0,2603.0,,1689.0
,574.0,710.0,3607.0,,,3458.0,3091.0,348.0,367.0,2762.0,2924.0,1603.0,,,,1910.0,679.0,,1910.0,,2994.0,538.0,,1243.0
,301.0,3404.0,3173.0,,,301.0,405.0,3608.0,214.0,1323.0,3373.0,3394.0,,,,277.0,2966.0,,1694.0,,964.0,2426.0,,558.0
,3458.0,2603.0,1070.0,,,2966.0,337.0,1797.0,3004.0,445.0,2414.0,1825.0,,,,1694.0,3458.0,,823.0,,406.0,1398.0,,1234.0
,3272.0,3113.0,1168.0,,,2769.0,2252.0,2590.0,2345.0,667.0,3087.0,1893.0,,,,129.0,144.0,,277.0,,2865.0,571.0,,3370.0
,2769.0,165.0,220.0,,,3307.0,2451.0,2661.0,3308.0,679.0,1126.0,3269.0,,,,3809.0,3272.0,,3809.0,,1700.0,139.0,,1694.0
,144.0,2078.0,3325.0,,,3272.0,1936.0,2571.0,3538.0,592.0,703.0,2533.0,,,,1689.0,2967.0,,1243.0,,2538.0,119.0,,265.0
,2967.0,429.0,1135.0,,,144.0,3576.0,1397.0,1130.0,291.0,1745.0,1336.0,,,,3370.0,3307.0,,1234.0,,2502.0,1399.0,,288.0
,3773.0,170.0,3454.0,,,1123.0,1658.0,3271.0,2603.0,159.0,1782.0,1222.0,,,,265.0,3773.0,,1413.0,,2577.0,2844.0,,528.0
,463.0,2945.0,1683.0,,,464.0,2364.0,2966.0,586.0,2853.0,3235.0,1701.0,,,,558.0,463.0,,265.0,,704.0,2337.0,,2956.0
,2017.0,1033.0,14.0,,,3718.0,1562.0,301.0,710.0,1624.0,1394.0,1756.0,,,,1234.0,3718.0,,288.0,,2003.0,2543.0,,554.0
,3204.0,910.0,3223.0,,,2587.0,620.0,3458.0,728.0,2972.0,1443.0,2464.0,,,,1413.0,1123.0,,821.0,,3712.0,348.0,,484.0
,3718.0,993.0,3005.0,,,2967.0,2169.0,574.0,1160.0,991.0,2080.0,1303.0,,,,823.0,2587.0,,2998.0,,486.0,1397.0,,3561.0
,3307.0,199.0,1533.0,,,2017.0,1321.0,679.0,3404.0,1633.0,951.0,1329.0,,,,288.0,3204.0,,2982.0,,713.0,3608.0,,821.0
,1123.0,117.0,1055.0,,,3204.0,2170.0,2769.0,921.0,1822.0,3191.0,2610.0,,,,1243.0,2017.0,,528.0,,724.0,2661.0,,2982.0
,2587.0,173.0,640.0,,,3773.0,1861.0,144.0,3113.0,1358.0,546.0,1900.0,,,,821.0,464.0,,3561.0,,1396.0,1797.0,,3560.0
,464.0,2185.0,1810.0,,,463.0,279.0,3272.0,2078.0,1091.0,1688.0,2778.0,,,,528.0,2016.0,,3560.0,,243.0,2590.0,,2998.0
,1449.0,2452.0,2786.0,,,2427.0,1094.0,3307.0,165.0,2692.0,3002.0,1221.0,,,,2998.0,1449.0,,1487.0,,295.0,2571.0,,1413.0
,548.0,3123.0,87.0,,,1799.0,2808.0,2967.0,910.0,2265.0,514.0,2230.0,,,,2476.0,548.0,,7.0,,1497.0,3271.0,,7.0
,3628.0,2325.0,3759.0,,,476.0,215.0,2587.0,1033.0,3077.0,2681.0,1412.0,,,,554.0,17.0,,554.0,,166.0,2966.0,,1960.0
,573.0,2573.0,482.0,,,2558.0,1728.0,3204.0,117.0,2392.0,1308.0,658.0,,,,1487.0,1120.0,,3127.0,,2173.0,144.0,,3313.0
,465.0,2885.0,489.0,,,17.0,94.0,3718.0,429.0,1159.0,690.0,2675.0,,,,3313.0,2558.0,,2476.0,,630.0,574.0,,3127.0
,2558.0,711.0,3300.0,,,465.0,1676.0,1123.0,2945.0,958.0,1107.0,1369.0,,,,1960.0,1799.0,,3313.0,,1982.0,679.0,,2476.0
,2568.0,2177.0,1162.0,,,3628.0,925.0,2017.0,993.0,40.0,1721.0,819.0,,,,3561.0,3628.0,,484.0,,2181.0,3458.0,,1487.0
,17.0,1784.0,3270.0,,,1120.0,3057.0,3773.0,170.0,2829.0,580.0,1372.0,,,,2982.0,476.0,,1960.0,,2674.0,301.0,,1898.0
,476.0,1706.0,114.0,,,548.0,1197.0,464.0,2185.0,2297.0,769.0,3242.0,,,,2956.0,465.0,,2956.0,,3140.0,2769.0,,584.0
,1799.0,23.0,3079.0,,,573.0,574.0,463.0,2452.0,1732.0,1694.0,1256.0,,,,3127.0,573.0,,584.0,,2484.0,3272.0,,2464.0
,1120.0,1826.0,2700.0,,,2568.0,2667.0,2427.0,173.0,1360.0,2989.0,2403.0,,,,7.0,2568.0,,1211.0,,2617.0,2967.0,,1211.0
,2613.0,725.0,1613.0,,,3460.0,2762.0,548.0,3123.0,2805.0,1451.0,773.0,,,,484.0,759.0,,3183.0,,1126.0,2427.0,,371.0
,462.0,261.0,2302.0,,,759.0,2767.0,17.0,199.0,589.0,1998.0,1304.0,,,,3560.0,2827.0,,371.0,,2924.0,463.0,,3017.0
,759.0,27.0,997.0,,,569.0,1862.0,465.0,2885.0,616.0,655.0,3407.0,,,,584.0,3274.0,,1898.0,,2414.0,1123.0,,240.0
,569.0,222.0,3268.0,,,2827.0,3398.0,3628.0,711.0,2669.0,1147.0,3375.0,,,,1898.0,462.0,,3017.0,,1521.0,3204.0,,3480.0
,3274.0,1510.0,2697.0,,,462.0,1323.0,2558.0,2573.0,3251.0,2396.0,1690.0,,,,3017.0,3460.0,,1977.0,,1745.0,2587.0,,3183.0
,572.0,973.0,2736.0,,,3274.0,445.0,1799.0,2177.0,3615.0,2906.0,1148.0,,,,371.0,572.0,,2464.0,,3373.0,3773.0,,1977.0
,2827.0,1312.0,673.0,,,572.0,1675.0,1120.0,1784.0,2007.0,1362.0,2735.0,,,,3480.0,569.0,,3480.0,,876.0,2017.0,,3202.0
,3460.0,3289.0,2023.0,,,2964.0,679.0,476.0,1706.0,255.0,836.0,228.0,,,,1211.0,2613.0,,3202.0,,3018.0,3718.0,,1466.0
,2964.0,3046.0,1069.0,,,2613.0,592.0,573.0,23.0,2876.0,3726.0,1952.0,,,,1977.0,96.0,,240.0,,3087.0,3307.0,,397.0
,96.0,107.0,3147.0,,,1908.0,1633.0,2568.0,1826.0,1090.0,2679.0,942.0,,,,2464.0,2964.0,,1466.0,,703.0,464.0,,3488.0
,3629.0,3507.0,1929.0,,,3461.0,2853.0,3274.0,261.0,1819.0,2959.0,1835.0,,,,3183.0,466.0,,397.0,,1773.0,3628.0,,85.0
,635.0,3570.0,2417.0,,,96.0,291.0,96.0,27.0,618.0,1894.0,1792.0,,,,240.0,3161.0,,1522.0,,3235.0,548.0,,1522.0
,3160.0,1335.0,48.0,,,585.0,159.0,572.0,107.0,3707.0,2179.0,1471.0,,,,1466.0,1908.0,,3488.0,,2080.0,465.0,,2009.0
,585.0,3418.0,1051.0,,,3160.0,991.0,569.0,3046.0,3124.0,2596.0,3037.0,,,,3488.0,1798.0,,2366.0,,1443.0,17.0,,2675.0
,3161.0,416.0,3271.0,,,1798.0,1624.0,462.0,3289.0,501.0,3322.0,895.0,,,,3202.0,3629.0,,2009.0,,951.0,476.0,,873.0
,3461.0,536.0,184.0,,,3629.0,2972.0,759.0,1312.0,1169.0,667.0,2991.0,,,,397.0,635.0,,2675.0,,1836.0,1120.0,,3837.0
,466.0,1072.0,460.0,,,635.0,1358.0,2613.0,222.0,1058.0,1031.0,3667.0,,,,2366.0,148.0,,873.0,,1394.0,1799.0,,2401.0
,1908.0,1217.0,2777.0,,,466.0,1091.0,3460.0,973.0,2915.0,3108.0,1144.0,,,,2675.0,585.0,,85.0,,1782.0,2558.0,,2366.0
,1798.0,1595.0,775.0,,,3161.0,1822.0,2827.0,1510.0,541.0,3107.0,268.0,,,,873.0,3160.0,,2401.0,,1688.0,573.0,,2729.0
,148.0,537.0,3149.0,,,148.0,2297.0,2964.0,725.0,3011.0,3144.0,1416.0,,,,1522.0,3461.0,,3837.0,,546.0,2568.0,,1687.0
,288.0,2194.0,3547.0,,,288.0,2265.0,1798.0,3507.0,737.0,2334.0,3032.0,,,,1687.0,2965.0,,3681.0,,3002.0,3274.0,,3246.0
,1106.0,2275.0,1591.0,,,1106.0,2392.0,1908.0,1335.0,22.0,2421.0,557.0,,,,3837.0,2326.0,,3394.0,,1107.0,462.0,,3394.0
,2965.0,3043.0,147.0,,,2965.0,2829.0,3461.0,3570.0,1599.0,1429.0,2577.0,,,,2009.0,1106.0,,1687.0,,1694.0,2827.0,,3681.0
,632.0,3569.0,1484.0,,,632.0,3077.0,585.0,416.0,208.0,1325.0,243.0,,,,85.0,632.0,,2002.0,,2681.0,3460.0,,2002.0
,2326.0,2323.0,1597.0,,,565.0,1159.0,3160.0,3418.0,119.0,1855.0,872.0,,,,2002.0,288.0,,1275.0,,514.0,572.0,,2057.0
,566.0,337.0,1.0,,,2326.0,958.0,466.0,1595.0,2863.0,3189.0,3376.0,,,,3394.0,566.0,,2057.0,,1721.0,759.0,,1275.0
,565.0,3097.0,3293.0,,,1449.0,2692.0,3629.0,536.0,3300.0,1856.0,3135.0,,,,2729.0,1636.0,,1101.0,,769.0,569.0,,1101.0
,1606.0,3091.0,861.0,,,1636.0,40.0,3161.0,1072.0,2531.0,2004.0,2398.0,,,,2057.0,565.0,,2729.0,,1308.0,2613.0,,116.0
,1636.0,2919.0,3171.0,,,1606.0,1732.0,635.0,1217.0,1136.0,3683.0,373.0,,,,1275.0,1606.0,,3246.0,,3191.0,1908.0,,1270.0
,2440.0,405.0,1401.0,,,566.0,1360.0,148.0,537.0,2826.0,1305.0,1604.0,,,,1101.0,2440.0,,1270.0,,690.0,2964.0,,283.0
,3704.0,3576.0,3172.0,,,3679.0,2007.0,288.0,2275.0,2823.0,2072.0,1.0,,,,1062.0,1889.0,,283.0,,1147.0,96.0,,3571.0
,3679.0,2252.0,2356.0,,,3504.0,3251.0,1106.0,3043.0,480.0,113.0,3668.0,,,,891.0,3504.0,,1647.0,,1451.0,585.0,,3599.0
,3504.0,2451.0,595.0,,,1873.0,2805.0,2965.0,2194.0,2010.0,425.0,1506.0,,,,1270.0,3704.0,,891.0,,836.0,3629.0,,3376.0
,1873.0,2118.0,1548.0,,,1889.0,2876.0,632.0,2919.0,2875.0,3109.0,2950.0,,,,3523.0,3679.0,,3599.0,,2906.0,1798.0,,1062.0
,1889.0,252.0,146.0,,,3704.0,589.0,1449.0,2323.0,853.0,84.0,3102.0,,,,3571.0,1720.0,,116.0,,580.0,3461.0,,2517.0
,1720.0,1658.0,2544.0,,,2440.0,616.0,2326.0,3569.0,990.0,906.0,1722.0,,,,116.0,1873.0,,3571.0,,1998.0,3160.0,,3512.0
,2612.0,620.0,2966.0,,,1720.0,255.0,565.0,3097.0,2100.0,615.0,7.0,,,,283.0,2911.0,,3523.0,,655.0,466.0,,3523.0
,2911.0,279.0,2527.0,,,506.0,2669.0,566.0,337.0,3660.0,472.0,817.0,,,,3681.0,2612.0,,1062.0,,2989.0,3161.0,,1144.0
,506.0,1186.0,2480.0,,,2612.0,3615.0,1606.0,2444.0,2269.0,697.0,98.0,,,,3599.0,506.0,,3512.0,,2396.0,635.0,,1647.0
,1875.0,2169.0,755.0,,,2911.0,1090.0,1636.0,3091.0,1444.0,2211.0,641.0,,,,3246.0,1875.0,,2517.0,,3726.0,148.0,,891.0
,1078.0,1321.0,3042.0,,,1708.0,1169.0,3504.0,2451.0,1611.0,1368.0,272.0,,,,3376.0,1078.0,,3245.0,,2959.0,2326.0,,2229.0
,1708.0,1861.0,2765.0,,,1078.0,3011.0,2440.0,1658.0,21.0,795.0,2418.0,,,,1299.0,2614.0,,2679.0,,667.0,566.0,,3245.0
,3505.0,2808.0,136.0,,,1462.0,1058.0,3704.0,252.0,1807.0,1831.0,1700.0,,,,1647.0,2442.0,,1299.0,,2179.0,1106.0,,1299.0
,1665.0,2170.0,1560.0,,,1875.0,2915.0,1889.0,2118.0,253.0,460.0,2971.0,,,,2229.0,1708.0,,1144.0,,2596.0,632.0,,1001.0
,1462.0,1094.0,750.0,,,1105.0,3124.0,1873.0,1186.0,1170.0,1170.0,1244.0,,,,2517.0,1665.0,,2923.0,,1894.0,288.0,,2679.0
,2614.0,215.0,881.0,,,1460.0,3707.0,3679.0,405.0,1800.0,1367.0,248.0,,,,3512.0,570.0,,2229.0,,2679.0,1449.0,,3301.0
,1105.0,1197.0,1631.0,,,2614.0,501.0,1720.0,3576.0,2453.0,1013.0,3797.0,,,,3245.0,3505.0,,3376.0,,1031.0,2965.0,,2923.0
,3702.0,94.0,2043.0,,,3505.0,1819.0,2911.0,2252.0,127.0,2934.0,1533.0,,,,1144.0,1462.0,,1001.0,,3322.0,565.0,,2292.0
,570.0,1562.0,3023.0,,,3702.0,618.0,506.0,620.0,1846.0,2666.0,36.0,,,,3301.0,1460.0,,3301.0,,3108.0,1606.0,,402.0
,1460.0,2364.0,110.0,,,1665.0,541.0,2612.0,2169.0,2428.0,2546.0,2193.0,,,,2923.0,1105.0,,402.0,,3107.0,1636.0,,1560.0
,2441.0,1532.0,2401.0,,,2442.0,737.0,1105.0,1321.0,3063.0,3283.0,1241.0,,,,2292.0,503.0,,1036.0,,3144.0,2440.0,,2415.0
,1104.0,1862.0,3461.0,,,3303.0,2531.0,2614.0,279.0,1007.0,3451.0,355.0,,,,402.0,2978.0,,2292.0,,1429.0,3504.0,,1036.0
,2442.0,2667.0,2380.0,,,1459.0,2863.0,1875.0,1562.0,78.0,1559.0,3837.0,,,,3102.0,1459.0,,1098.0,,2421.0,3704.0,,1098.0
,503.0,1676.0,841.0,,,503.0,1599.0,3702.0,2364.0,2518.0,2189.0,2983.0,,,,1098.0,3303.0,,3102.0,,1325.0,1873.0,,368.0
,1459.0,667.0,3852.0,,,2978.0,22.0,1078.0,1861.0,1906.0,2933.0,2951.0,,,,2679.0,2441.0,,2415.0,,1855.0,1889.0,,3102.0
,3303.0,1323.0,1941.0,,,2544.0,3300.0,1462.0,2170.0,221.0,1623.0,1966.0,,,,1036.0,1104.0,,1858.0,,1856.0,3679.0,,3194.0
,2978.0,925.0,2796.0,,,2441.0,208.0,1708.0,1094.0,3210.0,2602.0,3130.0,,,,1001.0,2544.0,,3199.0,,3189.0,1720.0,,3199.0
,2544.0,2767.0,1607.0,,,570.0,119.0,3505.0,215.0,250.0,2391.0,2156.0,,,,2415.0,2214.0,,2625.0,,2334.0,506.0,,2625.0
,2214.0,538.0,1943.0,,,1104.0,1136.0,1665.0,2808.0,2778.0,2988.0,2928.0,,,,1560.0,1874.0,,1792.0,,1305.0,2911.0,,245.0
,549.0,1675.0,2834.0,,,2214.0,853.0,1460.0,94.0,1161.0,3490.0,2380.0,,,,2625.0,549.0,,368.0,,3683.0,2612.0,,1362.0
,1874.0,291.0,3488.0,,,2977.0,2826.0,1459.0,1676.0,3281.0,1452.0,3373.0,,,,1858.0,507.0,,842.0,,615.0,1708.0,,3188.0
,2977.0,592.0,2018.0,,,1077.0,990.0,3303.0,1197.0,1590.0,2371.0,2992.0,,,,3194.0,2977.0,,2989.0,,3109.0,1078.0,,1440.0
,507.0,1633.0,1416.0,,,549.0,2823.0,2442.0,925.0,3038.0,2958.0,2465.0,,,,1792.0,505.0,,1540.0,,2004.0,1462.0,,2989.0
,502.0,159.0,3120.0,,,996.0,2010.0,570.0,2767.0,2624.0,2926.0,3275.0,,,,1362.0,996.0,,1894.0,,906.0,1875.0,,1792.0
,2976.0,991.0,34.0,,,507.0,480.0,2978.0,1862.0,263.0,3102.0,1122.0,,,,1894.0,1077.0,,1440.0,,425.0,1105.0,,1540.0
,1077.0,2972.0,801.0,,,997.0,2100.0,2441.0,2667.0,3671.0,366.0,3675.0,,,,3199.0,997.0,,3188.0,,2072.0,1460.0,,2987.0
,2213.0,1624.0,2365.0,,,505.0,2875.0,503.0,667.0,260.0,1053.0,2318.0,,,,245.0,2213.0,,3194.0,,472.0,2614.0,,1858.0
,505.0,1822.0,206.0,,,1874.0,2269.0,2544.0,1532.0,2500.0,2415.0,1927.0,,,,2989.0,502.0,,1362.0,,84.0,3505.0,,1894.0
,996.0,1091.0,2764.0,,,2213.0,3660.0,1104.0,1323.0,3177.0,1940.0,2414.0,,,,1540.0,2976.0,,245.0,,113.0,3702.0,,842.0
,997.0,1358.0,1540.0,,,502.0,1444.0,2214.0,538.0,612.0,3379.0,58.0,,,,3188.0,1461.0,,2987.0,,697.0,1665.0,,2450.0
,557.0,3077.0,1629.0,,,2611.0,1170.0,549.0,1633.0,3470.0,891.0,3523.0,,,,2987.0,2611.0,,1796.0,,1013.0,1459.0,,1517.0
,1461.0,2692.0,3131.0,,,2976.0,1611.0,2977.0,291.0,2883.0,781.0,162.0,,,,2450.0,504.0,,2450.0,,2211.0,2442.0,,3005.0
,1407.0,2297.0,2970.0,,,557.0,21.0,2213.0,1675.0,1601.0,654.0,3628.0,,,,842.0,557.0,,2942.0,,795.0,570.0,,2942.0
,2611.0,958.0,3702.0,,,504.0,127.0,1874.0,592.0,2770.0,2708.0,158.0,,,,920.0,2063.0,,3005.0,,2934.0,3303.0,,582.0
,504.0,40.0,1732.0,,,1461.0,2453.0,505.0,159.0,2529.0,1715.0,1330.0,,,,1796.0,1407.0,,1256.0,,1368.0,2441.0,,109.0
,3270.0,2392.0,1936.0,,,1407.0,1800.0,507.0,991.0,3522.0,1796.0,1473.0,,,,1440.0,1920.0,,582.0,,1367.0,2978.0,,248.0
,1920.0,2265.0,2038.0,,,2063.0,253.0,996.0,1624.0,2962.0,3591.0,2997.0,,,,3005.0,2443.0,,920.0,,2546.0,503.0,,1256.0
,2063.0,2829.0,2024.0,,,1920.0,1807.0,997.0,2972.0,1347.0,1540.0,820.0,,,,2942.0,3270.0,,109.0,,1831.0,2544.0,,1796.0
,2443.0,1159.0,2042.0,,,2443.0,1846.0,1077.0,1822.0,48.0,223.0,821.0,,,,109.0,3658.0,,2394.0,,1170.0,2214.0,,920.0
,3658.0,1360.0,2019.0,,,3270.0,78.0,502.0,1091.0,1121.0,2937.0,2751.0,,,,582.0,577.0,,248.0,,460.0,1104.0,,2394.0
,3516.0,1090.0,822.0,,,577.0,221.0,2976.0,2692.0,688.0,402.0,570.0,,,,365.0,3516.0,,2533.0,,3451.0,502.0,,698.0
,1223.0,2007.0,1201.0,,,3658.0,2428.0,1461.0,958.0,1727.0,3050.0,2662.0,,,,1678.0,2639.0,,1678.0,,2666.0,2977.0,,1678.0
,2639.0,616.0,1701.0,,,2639.0,1906.0,1407.0,2297.0,2482.0,1478.0,1523.0,,,,1256.0,1444.0,,89.0,,1559.0,549.0,,3821.0
,160.0,2805.0,2673.0,,,160.0,1007.0,3270.0,2392.0,382.0,1441.0,2336.0,,,,698.0,3408.0,,1517.0,,3283.0,2213.0,,2254.0
,3408.0,589.0,2678.0,,,3626.0,2778.0,2443.0,1358.0,602.0,522.0,3542.0,,,,2220.0,1223.0,,2254.0,,2602.0,1874.0,,365.0
,3626.0,2876.0,288.0,,,3516.0,3210.0,2063.0,40.0,3598.0,1240.0,1684.0,,,,2254.0,160.0,,2220.0,,1623.0,996.0,,89.0
,577.0,3251.0,1665.0,,,1444.0,250.0,2611.0,3077.0,2174.0,1488.0,161.0,,,,1517.0,2557.0,,365.0,,2189.0,507.0,,2986.0
,1444.0,255.0,357.0,,,477.0,2518.0,1920.0,2829.0,1230.0,1061.0,2901.0,,,,248.0,3626.0,,698.0,,2391.0,997.0,,2533.0
,2557.0,2669.0,3267.0,,,3408.0,3063.0,504.0,2265.0,3512.0,2942.0,931.0,,,,2394.0,477.0,,3821.0,,2988.0,505.0,,2600.0
,477.0,1819.0,2954.0,,,2557.0,3281.0,3658.0,1159.0,3400.0,286.0,1263.0,,,,3821.0,2849.0,,2600.0,,1452.0,1077.0,,3415.0
,3556.0,618.0,1996.0,,,2837.0,3671.0,3516.0,2007.0,459.0,1977.0,1219.0,,,,89.0,2549.0,,818.0,,2371.0,1461.0,,1497.0
,2837.0,501.0,2292.0,,,3232.0,3038.0,577.0,1360.0,2793.0,3016.0,1049.0,,,,2533.0,3556.0,,1990.0,,2926.0,2976.0,,1690.0
,3232.0,3124.0,3431.0,,,3556.0,2624.0,3626.0,616.0,3539.0,1141.0,3354.0,,,,2600.0,3232.0,,2986.0,,781.0,1407.0,,1655.0
,2549.0,1058.0,2157.0,,,2549.0,1161.0,2639.0,3251.0,378.0,1182.0,166.0,,,,2986.0,449.0,,1655.0,,366.0,557.0,,1990.0
,315.0,1169.0,1720.0,,,315.0,263.0,160.0,2876.0,1695.0,92.0,1098.0,,,,3117.0,2837.0,,3415.0,,2958.0,2611.0,,3117.0
,341.0,2915.0,2225.0,,,341.0,1590.0,3408.0,2805.0,3659.0,2993.0,2755.0,,,,3415.0,1021.0,,3117.0,,1053.0,504.0,,818.0
,449.0,3707.0,1302.0,,,1317.0,260.0,2557.0,2669.0,661.0,2954.0,1721.0,,,,818.0,341.0,,1497.0,,1940.0,2443.0,,2751.0
,1317.0,3011.0,2063.0,,,1021.0,3177.0,1444.0,589.0,3458.0,171.0,1741.0,,,,1690.0,315.0,,1690.0,,3490.0,2063.0,,1271.0
,1021.0,208.0,2478.0,,,449.0,2500.0,1223.0,255.0,2302.0,1356.0,1243.0,,,,1655.0,1317.0,,2751.0,,3102.0,1920.0,,1154.0
,292.0,541.0,1061.0,,,292.0,612.0,477.0,1090.0,1263.0,404.0,3511.0,,,,1497.0,292.0,,1271.0,,2415.0,3270.0,,3201.0
,880.0,480.0,3436.0,,,2927.0,2770.0,315.0,618.0,2411.0,819.0,1775.0,,,,1154.0,2832.0,,872.0,,891.0,577.0,,2896.0
,2810.0,3300.0,1795.0,,,2810.0,1347.0,2549.0,2915.0,1717.0,1866.0,1290.0,,,,2751.0,304.0,,1129.0,,654.0,160.0,,3290.0
,3551.0,2531.0,3715.0,,,880.0,3522.0,449.0,1058.0,783.0,1960.0,1209.0,,,,872.0,880.0,,1154.0,,1715.0,3658.0,,3445.0
,2927.0,1599.0,3460.0,,,3551.0,2962.0,3556.0,3124.0,131.0,2028.0,24.0,,,,3201.0,3551.0,,3445.0,,3379.0,2639.0,,2398.0
,304.0,2826.0,1057.0,,,1279.0,2883.0,1021.0,501.0,609.0,736.0,2351.0,,,,1990.0,2810.0,,3201.0,,2708.0,3626.0,,2864.0
,2832.0,990.0,1612.0,,,3555.0,1601.0,2837.0,1819.0,2351.0,62.0,3824.0,,,,2864.0,3555.0,,2896.0,,1796.0,3516.0,,3348.0
,3555.0,737.0,3154.0,,,304.0,3470.0,3232.0,1169.0,1411.0,2804.0,1534.0,,,,2398.0,1280.0,,2098.0,,1540.0,1223.0,,872.0
,1280.0,2010.0,1898.0,,,2832.0,2529.0,341.0,3707.0,2344.0,1863.0,3188.0,,,,1271.0,1279.0,,3348.0,,3591.0,3408.0,,1129.0
,340.0,2875.0,3377.0,,,1280.0,48.0,1317.0,3011.0,1303.0,2522.0,3647.0,,,,3445.0,2927.0,,2864.0,,223.0,477.0,,2098.0
,1279.0,2100.0,74.0,,,2833.0,1121.0,292.0,541.0,2548.0,2533.0,480.0,,,,2896.0,2833.0,,2398.0,,2937.0,1444.0,,2969.0
,3240.0,1444.0,759.0,,,2831.0,1727.0,2927.0,1599.0,999.0,219.0,2557.0,,,,3330.0,2812.0,,2969.0,,1240.0,2837.0,,2825.0
,339.0,1170.0,2827.0,,,881.0,602.0,2810.0,3300.0,1716.0,3061.0,3809.0,,,,3290.0,2831.0,,2825.0,,522.0,3232.0,,3441.0
,2812.0,127.0,1120.0,,,2812.0,3598.0,880.0,2531.0,527.0,3357.0,3191.0,,,,2098.0,340.0,,3290.0,,92.0,341.0,,3330.0
,448.0,1611.0,548.0,,,448.0,382.0,2832.0,737.0,3658.0,2394.0,1774.0,,,,2825.0,448.0,,3330.0,,1488.0,2549.0,,3285.0
,2831.0,3660.0,569.0,,,1806.0,2482.0,3551.0,990.0,3219.0,1693.0,1177.0,,,,3348.0,3240.0,,3441.0,,1478.0,1317.0,,2705.0
,2833.0,253.0,462.0,,,3013.0,1230.0,3555.0,208.0,3374.0,126.0,3003.0,,,,2969.0,881.0,,3111.0,,1441.0,449.0,,145.0
,881.0,221.0,464.0,,,339.0,2174.0,1280.0,2826.0,3086.0,536.0,3449.0,,,,1129.0,339.0,,145.0,,402.0,315.0,,3111.0
,1806.0,2453.0,463.0,,,1097.0,688.0,304.0,480.0,1522.0,1231.0,2394.0,,,,3441.0,1097.0,,2064.0,,286.0,1021.0,,2064.0
,3013.0,78.0,2558.0,,,3240.0,3512.0,2833.0,2010.0,359.0,1972.0,559.0,,,,3111.0,3013.0,,3285.0,,3050.0,3556.0,,478.0
,1097.0,2428.0,465.0,,,340.0,3400.0,340.0,2875.0,2372.0,2567.0,3235.0,,,,145.0,1806.0,,2705.0,,1061.0,292.0,,689.0
,,3210.0,3628.0,,,,2793.0,2812.0,2100.0,916.0,3441.0,999.0,,,,2705.0,,,3008.0,,3016.0,304.0,,782.0
,,3038.0,1797.0,,,,3539.0,448.0,3660.0,1089.0,999.0,1914.0,,,,2064.0,,,3425.0,,2942.0,1280.0,,1980.0
,,2778.0,17.0,,,,1695.0,881.0,1444.0,2521.0,550.0,3326.0,,,,3285.0,,,689.0,,171.0,3551.0,,3425.0
,,250.0,2568.0,,,,3659.0,2831.0,1170.0,2664.0,2272.0,893.0,,,,478.0,,,478.0,,1141.0,2833.0,,3568.0
,,3063.0,476.0,,,,378.0,1279.0,2453.0,2649.0,1169.0,1773.0,,,,1980.0,,,782.0,,1356.0,3555.0,,3101.0
,,1007.0,3274.0,,,,459.0,339.0,1611.0,555.0,2864.0,91.0,,,,3568.0,,,1132.0,,404.0,2832.0,,1132.0
,,1161.0,571.0,,,,3458.0,3240.0,253.0,1679.0,2286.0,3374.0,,,,689.0,,,1980.0,,2993.0,880.0,,1722.0
,,2624.0,573.0,,,,2302.0,1097.0,127.0,1181.0,3469.0,3432.0,,,,3101.0,,,3101.0,,1182.0,2927.0,,1523.0
,,263.0,1799.0,,,,661.0,3013.0,221.0,967.0,3068.0,3199.0,,,,3425.0,,,3568.0,,1977.0,2810.0,,1738.0
,,1590.0,2967.0,,,,1263.0,1806.0,78.0,1348.0,1695.0,2178.0,,,,782.0,,,1722.0,,2954.0,340.0,,2589.0
,,2500.0,2318.0,,,,1411.0,,250.0,597.0,2330.0,2097.0,,,,1132.0,,,12.0,,62.0,1279.0,,3008.0
,,3671.0,572.0,,,,2344.0,,3063.0,814.0,3384.0,1415.0,,,,1523.0,,,1738.0,,819.0,339.0,,1139.0
,,260.0,3275.0,,,,2411.0,,3210.0,2711.0,2002.0,3201.0,,,,2589.0,,,1523.0,,2028.0,2812.0,,1831.0
,,3177.0,3629.0,,,,1717.0,,2778.0,1043.0,2493.0,3189.0,,,,1722.0,,,1773.0,,1960.0,3240.0,,1780.0
,,612.0,2964.0,,,,783.0,,2428.0,3657.0,1207.0,2501.0,,,,1738.0,,,1831.0,,736.0,2831.0,,3235.0
,,1601.0,1798.0,,,,131.0,,1007.0,577.0,2182.0,3138.0,,,,1139.0,,,3235.0,,2533.0,881.0,,553.0
,,2770.0,2613.0,,,,609.0,,3038.0,812.0,2589.0,3372.0,,,,1831.0,,,1780.0,,2804.0,448.0,,12.0
,,3470.0,1908.0,,,,2351.0,,2624.0,2535.0,779.0,2430.0,,,,1773.0,,,1139.0,,1866.0,1097.0,,1773.0
,,2529.0,96.0,,,,1522.0,,1161.0,1825.0,2508.0,1271.0,,,,3235.0,,,2589.0,,2522.0,3013.0,,2512.0
,,1347.0,466.0,,,,1303.0,,263.0,1265.0,847.0,218.0,,,,3008.0,,,553.0,,1863.0,1806.0,,442.0
,,3522.0,1106.0,,,,2548.0,,1590.0,1966.0,823.0,2699.0,,,,178.0,,,627.0,,2394.0,,,627.0
,,382.0,3272.0,,,,1716.0,,3671.0,3540.0,3145.0,2786.0,,,,2512.0,,,2212.0,,1693.0,,,3291.0
,,688.0,566.0,,,,999.0,,3177.0,3067.0,2431.0,549.0,,,,1780.0,,,3812.0,,3061.0,,,178.0
,,2962.0,565.0,,,,3658.0,,260.0,2279.0,1249.0,2849.0,,,,12.0,,,3291.0,,3357.0,,,2212.0
,,2482.0,2326.0,,,,527.0,,2500.0,2378.0,2650.0,2754.0,,,,553.0,,,2512.0,,219.0,,,3812.0
,,1121.0,1449.0,,,,3219.0,,612.0,3675.0,1335.0,1102.0,,,,3291.0,,,178.0,,536.0,,,1264.0
,,2174.0,1636.0,,,,359.0,,2529.0,6.0,2448.0,2902.0,,,,3812.0,,,442.0,,126.0,,,3047.0
,,3598.0,1889.0,,,,3374.0,,2770.0,1352.0,2630.0,132.0,,,,442.0,,,1264.0,,1231.0,,,1691.0
,,602.0,2440.0,,,,2372.0,,1601.0,3326.0,1789.0,602.0,,,,2212.0,,,1691.0,,3441.0,,,1127.0
,,1230.0,1873.0,,,,2649.0,,3470.0,943.0,1994.0,556.0,,,,1264.0,,,3047.0,,999.0,,,781.0
,,378.0,2612.0,,,,1348.0,,3522.0,662.0,106.0,219.0,,,,1750.0,,,1750.0,,550.0,,,3069.0
,,3512.0,1708.0,,,,555.0,,2174.0,210.0,3073.0,3784.0,,,,1691.0,,,781.0,,2567.0,,,3002.0
,,3659.0,1078.0,,,,1181.0,,2962.0,1865.0,3074.0,1707.0,,,,3047.0,,,3069.0,,1972.0,,,1593.0
,,3400.0,506.0,,,,967.0,,1347.0,3716.0,1652.0,885.0,,,,781.0,,,2905.0,,2272.0,,,1596.0
,,1695.0,2614.0,,,,916.0,,1121.0,3469.0,668.0,835.0,,,,1127.0,,,1127.0,,3068.0,,,2156.0
,,3539.0,3307.0,,,,2521.0,,3598.0,7.0,2517.0,571.0,,,,3069.0,,,3002.0,,2864.0,,,1750.0
,,2793.0,1875.0,,,,2664.0,,688.0,1445.0,2825.0,3163.0,,,,2905.0,,,2834.0,,2286.0,,,1942.0
,,459.0,570.0,,,,1679.0,,382.0,1216.0,3523.0,275.0,,,,3002.0,,,2156.0,,1169.0,,,27.0
,,661.0,1105.0,,,,1089.0,,1230.0,1691.0,3043.0,3257.0,,,,2156.0,,,27.0,,3469.0,,,3088.0
,,2302.0,1460.0,,,,597.0,,2482.0,2315.0,3220.0,2929.0,,,,1942.0,,,1596.0,,2182.0,,,2905.0
,,3458.0,1459.0,,,,577.0,,602.0,1559.0,3198.0,2794.0,,,,1596.0,,,1274.0,,779.0,,,3369.0
,,609.0,3303.0,,,,814.0,,3512.0,168.0,2142.0,528.0,,,,2834.0,,,3849.0,,3384.0,,,1261.0
,,1411.0,2441.0,,,,3657.0,,3400.0,1466.0,178.0,2446.0,,,,1261.0,,,1593.0,,2589.0,,,2834.0
,,2344.0,2442.0,,,,2535.0,,1695.0,1017.0,2194.0,1288.0,,,,27.0,,,3088.0,,2493.0,,,1721.0
,,1263.0,503.0,,,,812.0,,378.0,3676.0,684.0,1259.0,,,,3369.0,,,2774.0,,1695.0,,,2451.0
,,2411.0,1104.0,,,,1043.0,,2793.0,264.0,12.0,240.0,,,,1274.0,,,1942.0,,2330.0,,,1878.0
,,131.0,2214.0,,,,2711.0,,3659.0,1241.0,2372.0,2681.0,,,,2774.0,,,3369.0,,847.0,,,3849.0
,,783.0,549.0,,,,1825.0,,3539.0,1911.0,3749.0,2537.0,,,,1593.0,,,1261.0,,2002.0,,,1489.0
,,1717.0,1874.0,,,,1265.0,,459.0,792.0,336.0,2687.0,,,,3088.0,,,1489.0,,1207.0,,,1274.0
,,2351.0,996.0,,,,2378.0,,661.0,154.0,2512.0,3810.0,,,,3849.0,,,1721.0,,2508.0,,,2774.0
,,527.0,2977.0,,,,1352.0,,3458.0,156.0,1966.0,3851.0,,,,2171.0,,,2390.0,,3145.0,,,2171.0
,,3219.0,1077.0,,,,2279.0,,1263.0,268.0,2755.0,3674.0,,,,2390.0,,,1878.0,,2431.0,,,2390.0
,,1303.0,505.0,,,,943.0,,2302.0,545.0,2899.0,1487.0,,,,3671.0,,,3671.0,,823.0,,,3694.0
,,1716.0,507.0,,,,3675.0,,2344.0,3138.0,2129.0,3445.0,,,,1721.0,,,3694.0,,2650.0,,,336.0
,,2548.0,2213.0,,,,1966.0,,1411.0,2988.0,1098.0,3540.0,,,,2451.0,,,2171.0,,1335.0,,,3671.0
,,1522.0,502.0,,,,3540.0,,1717.0,816.0,3577.0,3799.0,,,,1489.0,,,2451.0,,1249.0,,,1548.0
,,3374.0,1461.0,,,,6.0,,609.0,1145.0,1560.0,937.0,,,,1878.0,,,1548.0,,1994.0,,,1778.0
,,999.0,2976.0,,,,3326.0,,2411.0,1549.0,1303.0,1798.0,,,,336.0,,,1778.0,,2448.0,,,3086.0
,,3658.0,1407.0,,,,3067.0,,131.0,796.0,2778.0,3783.0,,,,3694.0,,,336.0,,2630.0,,,2906.0
,,3086.0,2611.0,,,,3469.0,,783.0,3578.0,2227.0,2582.0,,,,1548.0,,,3086.0,,1789.0,,,1519.0
,,1089.0,504.0,,,,7.0,,3658.0,419.0,938.0,1828.0,,,,1707.0,,,479.0,,3073.0,,,1707.0
,,359.0,1742.0,,,,662.0,,3219.0,2591.0,2792.0,1060.0,,,,479.0,,,1707.0,,3043.0,,,2293.0
,,2372.0,557.0,,,,210.0,,1522.0,3487.0,1942.0,1668.0,,,,1778.0,,,1519.0,,1652.0,,,1533.0
,,2521.0,3658.0,,,,1865.0,,2351.0,3411.0,3045.0,1994.0,,,,1519.0,,,3631.0,,2517.0,,,1786.0
,,555.0,144.0,,,,1445.0,,2548.0,243.0,1579.0,2845.0,,,,1533.0,,,3432.0,,3523.0,,,479.0
,,916.0,1920.0,,,,3716.0,,1303.0,2661.0,299.0,1411.0,,,,3631.0,,,1533.0,,106.0,,,3631.0
,,2649.0,2443.0,,,,1691.0,,1716.0,3163.0,3349.0,1048.0,,,,2293.0,,,1786.0,,3074.0,,,1246.0
,,2664.0,577.0,,,,2315.0,,527.0,251.0,3593.0,3808.0,,,,2906.0,,,2906.0,,668.0,,,3684.0
,,1679.0,160.0,,,,1241.0,,3374.0,3673.0,2274.0,2490.0,,,,3432.0,,,2293.0,,3220.0,,,269.0
,,1181.0,2639.0,,,,1216.0,,999.0,2674.0,957.0,425.0,,,,3086.0,,,3684.0,,2825.0,,,1135.0
,,814.0,1444.0,,,,1559.0,,2372.0,239.0,1768.0,818.0,,,,9.0,,,1246.0,,2372.0,,,2704.0
,,577.0,3408.0,,,,1911.0,,2664.0,1940.0,3188.0,2184.0,,,,3684.0,,,468.0,,178.0,,,468.0
,,967.0,499.0,,,,1017.0,,2649.0,1146.0,3682.0,873.0,,,,1786.0,,,3430.0,,684.0,,,3669.0
,,1348.0,3516.0,,,,792.0,,3086.0,3656.0,3638.0,1484.0,,,,1246.0,,,9.0,,2512.0,,,3.0
,,597.0,3626.0,,,,264.0,,1089.0,2735.0,3770.0,1522.0,,,,269.0,,,552.0,,2142.0,,,1784.0
,,3657.0,2215.0,,,,168.0,,359.0,144.0,2069.0,3425.0,,,,3430.0,,,269.0,,3198.0,,,1973.0
,,2535.0,2557.0,,,,1466.0,,555.0,2929.0,2618.0,2548.0,,,,1135.0,,,1135.0,,12.0,,,3430.0
,,1043.0,2849.0,,,,3138.0,,916.0,1288.0,3509.0,3293.0,,,,552.0,,,3.0,,3749.0,,,1768.0
,,1825.0,477.0,,,,3676.0,,2521.0,1494.0,3669.0,3099.0,,,,468.0,,,1768.0,,2194.0,,,9.0
,,2711.0,1223.0,,,,154.0,,1181.0,1235.0,1504.0,2624.0,,,,3.0,,,3669.0,,1966.0,,,552.0
,,3067.0,3232.0,,,,648.0,,814.0,3511.0,1307.0,3845.0,,,,1768.0,,,2598.0,,1303.0,,,1472.0
,,1265.0,2837.0,,,,545.0,,597.0,1722.0,9.0,2691.0,,,,3669.0,,,1973.0,,2899.0,,,251.0
,,2378.0,449.0,,,,2988.0,,1043.0,2987.0,42.0,2839.0,,,,1784.0,,,1784.0,,336.0,,,2598.0
,,3540.0,139.0,,,,268.0,,3657.0,582.0,3247.0,1410.0,,,,24.0,,,251.0,,1560.0,,,24.0
,,1352.0,2549.0,,,,3578.0,,577.0,160.0,14.0,3192.0,,,,2704.0,,,2704.0,,2755.0,,,2687.0
,,2279.0,3556.0,,,,1145.0,,1348.0,3468.0,269.0,3139.0,,,,2598.0,,,2116.0,,1098.0,,,602.0
,,6.0,315.0,,,,796.0,,967.0,2438.0,3032.0,3353.0,,,,1973.0,,,1472.0,,2129.0,,,2116.0
,,3675.0,1317.0,,,,156.0,,1679.0,2276.0,1454.0,3550.0,,,,2116.0,,,24.0,,2778.0,,,290.0
,,3326.0,341.0,,,,1549.0,,2711.0,1259.0,2389.0,2247.0,,,,251.0,,,290.0,,3577.0,,,2207.0
,,1966.0,1021.0,,,,816.0,,2535.0,3102.0,1237.0,1183.0,,,,290.0,,,2687.0,,2227.0,,,2438.0
,,210.0,2927.0,,,,243.0,,1825.0,3290.0,2624.0,2316.0,,,,602.0,,,2438.0,,3045.0,,,2206.0
,,3469.0,880.0,,,,2591.0,,1265.0,2415.0,1774.0,2542.0,,,,2687.0,,,602.0,,299.0,,,3130.0
,,943.0,292.0,,,,419.0,,2378.0,366.0,89.0,1967.0,,,,2786.0,,,2206.0,,3593.0,,,1654.0
,,1865.0,3551.0,,,,3411.0,,3540.0,2703.0,2790.0,2904.0,,,,2206.0,,,2207.0,,1579.0,,,2855.0
,,662.0,2810.0,,,,3487.0,,3067.0,2129.0,1241.0,498.0,,,,2438.0,,,3130.0,,2069.0,,,2683.0
,,1445.0,1280.0,,,,251.0,,3675.0,1828.0,2112.0,2877.0,,,,3130.0,,,2786.0,,938.0,,,931.0
,,3716.0,304.0,,,,2674.0,,6.0,3672.0,2891.0,242.0,,,,2855.0,,,2683.0,,2792.0,,,2786.0
,,7.0,2832.0,,,,2661.0,,2279.0,1346.0,2433.0,527.0,,,,2207.0,,,2855.0,,1942.0,,,1684.0
,,1691.0,3555.0,,,,3673.0,,1352.0,2040.0,2735.0,2372.0,,,,1684.0,,,931.0,,3349.0,,,2662.0
,,2315.0,1279.0,,,,3656.0,,1966.0,3298.0,2373.0,3136.0,,,,2683.0,,,1354.0,,957.0,,,583.0
,,1216.0,3240.0,,,,144.0,,3469.0,1863.0,3401.0,2649.0,,,,583.0,,,1488.0,,3770.0,,,1354.0
,,1559.0,2833.0,,,,1940.0,,210.0,346.0,1529.0,239.0,,,,1354.0,,,2662.0,,3188.0,,,2210.0
,,264.0,340.0,,,,2735.0,,3326.0,2533.0,3790.0,3291.0,,,,931.0,,,1901.0,,269.0,,,1488.0
,,792.0,2831.0,,,,239.0,,943.0,58.0,2750.0,3246.0,,,,1654.0,,,3784.0,,2618.0,,,3784.0
,,168.0,448.0,,,,1146.0,,662.0,2998.0,2675.0,1868.0,,,,2662.0,,,1684.0,,3682.0,,,3003.0
,,1241.0,2812.0,,,,1494.0,,1865.0,3708.0,2712.0,871.0,,,,3003.0,,,1654.0,,1768.0,,,1901.0
,,1911.0,3013.0,,,,1288.0,,1445.0,1573.0,109.0,3798.0,,,,3784.0,,,3003.0,,3669.0,,,3108.0
,,1017.0,339.0,,,,2929.0,,3716.0,109.0,3358.0,3631.0,,,,1901.0,,,3108.0,,3247.0,,,3797.0
,,3676.0,1097.0,,,,1235.0,,7.0,931.0,2683.0,3352.0,,,,1488.0,,,583.0,,2274.0,,,177.0
,,1466.0,1806.0,,,,3468.0,,1691.0,1720.0,3533.0,3195.0,,,,3247.0,,,3247.0,,2389.0,,,3247.0
,,545.0,,,,,160.0,,2315.0,2625.0,3350.0,2229.0,,,,3797.0,,,1244.0,,14.0,,,91.0
,,648.0,,,,,2438.0,,1241.0,2490.0,2282.0,3676.0,,,,3643.0,,,2210.0,,3638.0,,,1244.0
,,154.0,,,,,2987.0,,792.0,209.0,2445.0,3426.0,,,,2210.0,,,3797.0,,1307.0,,,3643.0
,,796.0,,,,,3511.0,,264.0,1209.0,3372.0,2854.0,,,,3108.0,,,177.0,,42.0,,,1348.0
,,3138.0,,,,,1722.0,,1216.0,2721.0,2682.0,2210.0,,,,1914.0,,,3643.0,,1504.0,,,1914.0
,,1145.0,,,,,1259.0,,1911.0,3844.0,3737.0,1579.0,,,,177.0,,,91.0,,3032.0,,,26.0
,,268.0,,,,,2276.0,,1017.0,3782.0,3601.0,3812.0,,,,91.0,,,1914.0,,3509.0,,,983.0
,,2988.0,,,,,2415.0,,168.0,1793.0,3202.0,326.0,,,,1348.0,,,1348.0,,2891.0,,,2446.0
,,156.0,,,,,582.0,,3676.0,3823.0,1100.0,1261.0,,,,2804.0,,,26.0,,9.0,,,663.0
,,1549.0,,,,,366.0,,1559.0,2559.0,2987.0,3200.0,,,,1244.0,,,1830.0,,1454.0,,,653.0
,,816.0,,,,,3290.0,,1145.0,2414.0,2494.0,2181.0,,,,1719.0,,,1325.0,,2112.0,,,58.0
,,243.0,,,,,2703.0,,545.0,1327.0,2898.0,1901.0,,,,983.0,,,2804.0,,2624.0,,,1830.0
,,419.0,,,,,3298.0,,154.0,3711.0,3127.0,3.0,,,,2446.0,,,2446.0,,1774.0,,,2663.0
,,3487.0,,,,,1828.0,,796.0,3073.0,273.0,1147.0,,,,58.0,,,653.0,,1237.0,,,1719.0
,,3411.0,,,,,2129.0,,2988.0,1796.0,81.0,1246.0,,,,1830.0,,,663.0,,1241.0,,,2804.0
,,2591.0,,,,,3102.0,,3138.0,2864.0,2277.0,468.0,,,,26.0,,,58.0,,89.0,,,3716.0
,,3163.0,,,,,3672.0,,1466.0,614.0,1390.0,3137.0,,,,663.0,,,3716.0,,2433.0,,,3647.0
,,2661.0,,,,,2040.0,,648.0,1309.0,2351.0,659.0,,,,653.0,,,1719.0,,2373.0,,,1325.0
,,251.0,,,,,1346.0,,268.0,3647.0,7.0,2302.0,,,,1325.0,,,1556.0,,2735.0,,,1556.0
,,3673.0,,,,,346.0,,1549.0,680.0,44.0,3633.0,,,,2663.0,,,983.0,,2790.0,,,425.0
,,144.0,,,,,2533.0,,243.0,1432.0,2997.0,2484.0,,,,3716.0,,,3372.0,,1529.0,,,3673.0
,,1940.0,,,,,3708.0,,816.0,461.0,1825.0,3193.0,,,,3647.0,,,603.0,,2750.0,,,603.0
,,2674.0,,,,,931.0,,156.0,388.0,3769.0,2283.0,,,,425.0,,,425.0,,2658.0,,,2360.0
,,1235.0,,,,,1720.0,,419.0,2303.0,3069.0,2750.0,,,,2097.0,,,2663.0,,2712.0,,,172.0
,,1146.0,,,,,1863.0,,3487.0,216.0,145.0,1685.0,,,,3372.0,,,3647.0,,3790.0,,,2097.0
,,239.0,,,,,1573.0,,3411.0,3385.0,1238.0,1182.0,,,,1556.0,,,2097.0,,2675.0,,,3386.0
,,2929.0,,,,,58.0,,3163.0,3189.0,2511.0,837.0,,,,2360.0,,,3386.0,,3401.0,,,3372.0
,,2735.0,,,,,2998.0,,251.0,3136.0,3823.0,435.0,,,,603.0,,,172.0,,3533.0,,,3644.0
,,1494.0,,,,,1209.0,,2591.0,873.0,58.0,2096.0,,,,3386.0,,,2360.0,,3358.0,,,3106.0
,,1288.0,,,,,2721.0,,2661.0,1415.0,1841.0,3682.0,,,,172.0,,,3673.0,,2683.0,,,3697.0
,,1722.0,,,,,1793.0,,3656.0,666.0,527.0,1698.0,,,,3673.0,,,3802.0,,109.0,,,224.0
,,160.0,,,,,3782.0,,2674.0,1454.0,2814.0,3164.0,,,,3106.0,,,224.0,,2282.0,,,1573.0
,,2987.0,,,,,2625.0,,3673.0,3402.0,497.0,1654.0,,,,3697.0,,,906.0,,2682.0,,,1699.0
,,3468.0,,,,,2559.0,,239.0,3214.0,2998.0,3490.0,,,,3644.0,,,3697.0,,3350.0,,,2004.0
,,2276.0,,,,,3844.0,,2735.0,2296.0,1973.0,6.0,,,,1699.0,,,2004.0,,2445.0,,,906.0
,,582.0,,,,,2490.0,,1146.0,1878.0,3136.0,2382.0,,,,1573.0,,,1573.0,,3372.0,,,2696.0
,,3511.0,,,,,3823.0,,144.0,2507.0,747.0,516.0,,,,2004.0,,,210.0,,3202.0,,,278.0
,,2438.0,,,,,209.0,,1940.0,3376.0,470.0,1771.0,,,,2696.0,,,3644.0,,3601.0,,,1760.0
,,1259.0,,,,,3073.0,,1235.0,1771.0,1466.0,3852.0,,,,224.0,,,1699.0,,2898.0,,,210.0
,,366.0,,,,,2414.0,,1288.0,2390.0,1424.0,1540.0,,,,210.0,,,3106.0,,3737.0,,,1594.0
,,3298.0,,,,,3711.0,,3511.0,1740.0,3395.0,2546.0,,,,906.0,,,1594.0,,273.0,,,550.0
,,2040.0,,,,,2864.0,,1722.0,2308.0,3044.0,1836.0,,,,1760.0,,,2322.0,,1100.0,,,999.0
,,2129.0,,,,,614.0,,2276.0,2983.0,636.0,1866.0,,,,2322.0,,,3282.0,,2494.0,,,3395.0
,,1828.0,,,,,1327.0,,160.0,1763.0,896.0,1878.0,,,,550.0,,,1760.0,,2351.0,,,285.0
,,2415.0,,,,,1309.0,,3468.0,2460.0,2278.0,481.0,,,,527.0,,,550.0,,3127.0,,,559.0
,,3672.0,,,,,3647.0,,2929.0,2512.0,116.0,3644.0,,,,1594.0,,,278.0,,2987.0,,,3802.0
,,2703.0,,,,,680.0,,582.0,12.0,1718.0,2432.0,,,,559.0,,,527.0,,2277.0,,,470.0
,,3102.0,,,,,216.0,,2987.0,3394.0,2912.0,168.0,,,,3802.0,,,285.0,,81.0,,,3374.0
,,1346.0,,,,,2303.0,,1494.0,1777.0,1309.0,654.0,,,,285.0,,,559.0,,1390.0,,,2322.0
,,3290.0,,,,,1432.0,,2438.0,219.0,913.0,1750.0,,,,278.0,,,270.0,,7.0,,,3282.0
,,346.0,,,,,873.0,,3298.0,488.0,3195.0,1527.0,,,,3282.0,,,3374.0,,1238.0,,,2814.0
,,2533.0,,,,,388.0,,3102.0,3799.0,375.0,285.0,,,,270.0,,,3395.0,,44.0,,,270.0
,,2998.0,,,,,461.0,,366.0,3666.0,1794.0,270.0,,,,3395.0,,,2814.0,,2997.0,,,527.0
,,1863.0,,,,,3136.0,,1828.0,166.0,278.0,3630.0,,,,2491.0,,,1978.0,,3823.0,,,1978.0
,,3708.0,,,,,3385.0,,1259.0,3140.0,1987.0,2431.0,,,,2814.0,,,999.0,,2511.0,,,219.0
,,931.0,,,,,1415.0,,2703.0,790.0,3394.0,823.0,,,,999.0,,,470.0,,145.0,,,126.0
,,1573.0,,,,,3189.0,,2129.0,106.0,361.0,1145.0,,,,470.0,,,219.0,,3069.0,,,2491.0
,,58.0,,,,,1454.0,,2415.0,1185.0,268.0,3042.0,,,,3374.0,,,126.0,,2998.0,,,1409.0
,,1720.0,,,,,3402.0,,3672.0,1353.0,2887.0,875.0,,,,1978.0,,,2491.0,,1825.0,,,3675.0
,,109.0,,,,,666.0,,2040.0,673.0,1740.0,3034.0,,,,219.0,,,1409.0,,1841.0,,,3783.0
,,2490.0,,,,,1878.0,,3708.0,2920.0,3767.0,3634.0,,,,126.0,,,2187.0,,3136.0,,,1843.0
,,1209.0,,,,,3214.0,,2533.0,1262.0,3411.0,1786.0,,,,2125.0,,,3798.0,,527.0,,,2187.0
,,1793.0,,,,,3376.0,,58.0,387.0,2582.0,100.0,,,,3783.0,,,2125.0,,1973.0,,,3798.0
,,2721.0,,,,,2390.0,,3290.0,129.0,480.0,603.0,,,,1409.0,,,3783.0,,58.0,,,2125.0
,,209.0,,,,,2460.0,,1863.0,2928.0,1290.0,3823.0,,,,3675.0,,,2040.0,,1466.0,,,2040.0
,,2625.0,,,,,2296.0,,346.0,2768.0,3086.0,143.0,,,,3798.0,,,1843.0,,747.0,,,3126.0
,,2559.0,,,,,1771.0,,1346.0,1751.0,3808.0,167.0,,,,2187.0,,,3675.0,,497.0,,,2537.0
,,3823.0,,,,,2308.0,,2998.0,539.0,2845.0,3549.0,,,,2040.0,,,579.0,,3769.0,,,383.0
,,3782.0,,,,,2507.0,,1573.0,1786.0,1411.0,1150.0,,,,1843.0,,,984.0,,2278.0,,,922.0
,,3844.0,,,,,1763.0,,109.0,1942.0,2854.0,3247.0,,,,579.0,,,3126.0,,470.0,,,3648.0
,,2414.0,,,,,2512.0,,2490.0,2582.0,3091.0,858.0,,,,383.0,,,383.0,,1424.0,,,2730.0
,,3073.0,,,,,2983.0,,2721.0,42.0,2424.0,1777.0,,,,3126.0,,,922.0,,1309.0,,,1484.0
,,3711.0,,,,,3394.0,,931.0,3550.0,2191.0,1096.0,,,,984.0,,,2730.0,,2814.0,,,649.0
,,614.0,,,,,12.0,,1720.0,742.0,3135.0,3489.0,,,,2730.0,,,3648.0,,116.0,,,984.0
,,1327.0,,,,,1740.0,,1209.0,1721.0,1481.0,3143.0,,,,3648.0,,,660.0,,3044.0,,,579.0
,,1309.0,,,,,1777.0,,209.0,576.0,888.0,928.0,,,,2537.0,,,2548.0,,913.0,,,1775.0
,,2864.0,,,,,219.0,,1793.0,3235.0,1775.0,3525.0,,,,168.0,,,1775.0,,636.0,,,1534.0
,,3647.0,,,,,3666.0,,2625.0,1741.0,3026.0,3053.0,,,,922.0,,,649.0,,3395.0,,,372.0
,,1796.0,,,,,3140.0,,3844.0,2558.0,102.0,3583.0,,,,1775.0,,,1534.0,,896.0,,,2548.0
,,680.0,,,,,3799.0,,3782.0,17.0,2033.0,1417.0,,,,1484.0,,,168.0,,1718.0,,,660.0
,,216.0,,,,,129.0,,1327.0,2455.0,1583.0,2509.0,,,,372.0,,,2096.0,,375.0,,,3845.0
,,3189.0,,,,,166.0,,3711.0,158.0,3257.0,1765.0,,,,1534.0,,,1603.0,,278.0,,,1836.0
,,461.0,,,,,1353.0,,3647.0,1256.0,1591.0,605.0,,,,1207.0,,,3293.0,,1740.0,,,3576.0
,,3136.0,,,,,106.0,,3073.0,424.0,1502.0,2696.0,,,,2096.0,,,372.0,,1987.0,,,1207.0
,,388.0,,,,,488.0,,2414.0,486.0,2929.0,552.0,,,,1603.0,,,1207.0,,2912.0,,,1603.0
,,1432.0,,,,,673.0,,614.0,2003.0,1008.0,1307.0,,,,1685.0,,,3576.0,,361.0,,,1685.0
,,3385.0,,,,,1751.0,,2864.0,3044.0,3512.0,1313.0,,,,3293.0,,,1685.0,,3195.0,,,3293.0
,,873.0,,,,,1185.0,,3823.0,1150.0,2281.0,1571.0,,,,2548.0,,,1484.0,,268.0,,,168.0
,,1415.0,,,,,2768.0,,1309.0,540.0,3137.0,3140.0,,,,649.0,,,3845.0,,1794.0,,,2096.0
,,1454.0,,,,,539.0,,2559.0,2394.0,1183.0,1863.0,,,,660.0,,,3672.0,,3394.0,,,3672.0
,,3402.0,,,,,1262.0,,2303.0,2986.0,3582.0,1710.0,,,,3845.0,,,3822.0,,3808.0,,,3549.0
,,1771.0,,,,,1786.0,,388.0,823.0,1410.0,1824.0,,,,1836.0,,,1836.0,,3767.0,,,3822.0
,,2390.0,,,,,2558.0,,1796.0,3353.0,3199.0,1099.0,,,,3576.0,,,3549.0,,480.0,,,2779.0
,,2507.0,,,,,2920.0,,1432.0,1699.0,3192.0,79.0,,,,3822.0,,,2779.0,,3411.0,,,1084.0
,,2296.0,,,,,3550.0,,680.0,1243.0,1983.0,1832.0,,,,1084.0,,,2886.0,,2887.0,,,3009.0
,,666.0,,,,,2928.0,,3385.0,558.0,3139.0,1849.0,,,,3549.0,,,1084.0,,2582.0,,,3529.0
,,3214.0,,,,,387.0,,216.0,1731.0,2247.0,2513.0,,,,3672.0,,,3529.0,,2845.0,,,1930.0
,,1878.0,,,,,3235.0,,461.0,2418.0,245.0,3065.0,,,,2779.0,,,3009.0,,1290.0,,,3506.0
,,2460.0,,,,,742.0,,873.0,277.0,3648.0,3062.0,,,,2886.0,,,1930.0,,1411.0,,,2886.0
,,3376.0,,,,,17.0,,3136.0,1540.0,887.0,80.0,,,,1930.0,,,3506.0,,3086.0,,,2227.0
,,3394.0,,,,,1721.0,,3214.0,877.0,246.0,2733.0,,,,3375.0,,,3092.0,,2854.0,,,3490.0
,,2983.0,,,,,2582.0,,2296.0,1654.0,2249.0,3524.0,,,,3506.0,,,2227.0,,3135.0,,,3092.0
,,1763.0,,,,,1741.0,,3402.0,2446.0,1319.0,3510.0,,,,2227.0,,,3146.0,,2191.0,,,3375.0
,,3666.0,,,,,2394.0,,1415.0,1974.0,1304.0,3360.0,,,,3092.0,,,1979.0,,2424.0,,,2378.0
,,2512.0,,,,,158.0,,666.0,3633.0,3810.0,229.0,,,,2378.0,,,2378.0,,888.0,,,3146.0
,,2308.0,,,,,42.0,,1454.0,2794.0,2983.0,10.0,,,,3009.0,,,3490.0,,3026.0,,,266.0
,,1740.0,,,,,576.0,,2390.0,265.0,1345.0,1456.0,,,,3529.0,,,3375.0,,3091.0,,,259.0
,,12.0,,,,,2003.0,,3189.0,2588.0,2948.0,2684.0,,,,3490.0,,,3630.0,,1775.0,,,3630.0
,,219.0,,,,,1256.0,,3376.0,1719.0,93.0,2791.0,,,,3146.0,,,2649.0,,1591.0,,,3034.0
,,1777.0,,,,,486.0,,1771.0,2313.0,1741.0,474.0,,,,266.0,,,266.0,,1481.0,,,1782.0
,,2768.0,,,,,424.0,,2460.0,389.0,1472.0,2001.0,,,,1782.0,,,1782.0,,102.0,,,2649.0
,,2920.0,,,,,2455.0,,2507.0,658.0,1049.0,1944.0,,,,3034.0,,,1145.0,,1583.0,,,1979.0
,,2928.0,,,,,1150.0,,1763.0,2004.0,365.0,347.0,,,,1979.0,,,875.0,,1502.0,,,1145.0
,,1262.0,,,,,3044.0,,1878.0,262.0,2982.0,118.0,,,,259.0,,,3042.0,,3137.0,,,2983.0
,,1751.0,,,,,540.0,,12.0,554.0,1489.0,1508.0,,,,3042.0,,,3034.0,,3512.0,,,875.0
,,166.0,,,,,823.0,,2308.0,1701.0,2752.0,1092.0,,,,2649.0,,,2983.0,,3257.0,,,3808.0
,,790.0,,,,,1243.0,,2983.0,1385.0,3622.0,1787.0,,,,1145.0,,,259.0,,2929.0,,,1288.0
,,1942.0,,,,,1699.0,,1740.0,3506.0,3164.0,2496.0,,,,3630.0,,,2929.0,,2033.0,,,2929.0
,,3140.0,,,,,558.0,,2512.0,1688.0,3852.0,2685.0,,,,875.0,,,1411.0,,1008.0,,,3042.0
,,3799.0,,,,,2986.0,,3394.0,3052.0,2401.0,3078.0,,,,2983.0,,,1288.0,,1410.0,,,1994.0
,,129.0,,,,,1654.0,,219.0,668.0,3245.0,941.0,,,,1789.0,,,1994.0,,3199.0,,,1411.0
,,2558.0,,,,,2418.0,,106.0,3849.0,2105.0,1971.0,,,,3808.0,,,2240.0,,3192.0,,,480.0
,,539.0,,,,,265.0,,790.0,2854.0,1485.0,1575.0,,,,1288.0,,,480.0,,2281.0,,,3824.0
,,387.0,,,,,1731.0,,129.0,3220.0,1510.0,2416.0,,,,480.0,,,1789.0,,3139.0,,,2524.0
,,106.0,,,,,1974.0,,3799.0,1122.0,2928.0,2874.0,,,,2929.0,,,2524.0,,245.0,,,1828.0
,,17.0,,,,,877.0,,2768.0,3074.0,2380.0,418.0,,,,1828.0,,,1828.0,,1983.0,,,1789.0
,,1185.0,,,,,1540.0,,1777.0,134.0,940.0,1322.0,,,,3824.0,,,3824.0,,1183.0,,,3844.0
,,1353.0,,,,,277.0,,3666.0,1472.0,2418.0,1711.0,,,,1994.0,,,3808.0,,3582.0,,,2240.0
,,1786.0,,,,,3353.0,,3140.0,477.0,82.0,1941.0,,,,2240.0,,,338.0,,2247.0,,,338.0
,,3235.0,,,,,2683.0,,166.0,1579.0,2510.0,1306.0,,,,1411.0,,,3844.0,,887.0,,,132.0
,,158.0,,,,,2588.0,,1185.0,818.0,1355.0,1852.0,,,,2524.0,,,1485.0,,246.0,,,2792.0
,,42.0,,,,,2794.0,,1942.0,1177.0,3571.0,1739.0,,,,1485.0,,,498.0,,1319.0,,,1485.0
,,1256.0,,,,,1719.0,,539.0,1866.0,886.0,683.0,,,,1308.0,,,1983.0,,2249.0,,,2658.0
,,3550.0,,,,,3633.0,,2920.0,2435.0,623.0,3021.0,,,,1879.0,,,438.0,,3810.0,,,2712.0
,,2582.0,,,,,262.0,,2928.0,240.0,1724.0,3070.0,,,,3844.0,,,461.0,,2983.0,,,2755.0
,,742.0,,,,,2446.0,,1353.0,3445.0,481.0,855.0,,,,1037.0,,,2535.0,,3648.0,,,621.0
,,1721.0,,,,,2004.0,,1262.0,278.0,2751.0,97.0,,,,461.0,,,2712.0,,1345.0,,,3582.0
,,1741.0,,,,,389.0,,1786.0,81.0,545.0,2058.0,,,,338.0,,,621.0,,1304.0,,,1037.0
,,576.0,,,,,2313.0,,387.0,2537.0,3654.0,2413.0,,,,1943.0,,,2380.0,,2948.0,,,498.0
,,2003.0,,,,,1385.0,,1751.0,1467.0,3114.0,986.0,,,,1043.0,,,2658.0,,93.0,,,2796.0
,,540.0,,,,,3506.0,,742.0,1526.0,2294.0,3049.0,,,,3152.0,,,1043.0,,365.0,,,1043.0
,,486.0,,,,,658.0,,2582.0,3568.0,2295.0,1093.0,,,,2755.0,,,2755.0,,1741.0,,,1943.0
,,1150.0,,,,,1701.0,,2558.0,86.0,1467.0,436.0,,,,2796.0,,,1966.0,,2982.0,,,3152.0
,,424.0,,,,,1688.0,,3550.0,3375.0,1762.0,2402.0,,,,2380.0,,,1308.0,,1489.0,,,461.0
,,2986.0,,,,,554.0,,42.0,1820.0,1961.0,2467.0,,,,2960.0,,,1037.0,,1049.0,,,1308.0
,,3044.0,,,,,3052.0,,1741.0,3126.0,3562.0,813.0,,,,438.0,,,2960.0,,2752.0,,,438.0
,,2455.0,,,,,3849.0,,576.0,1879.0,3003.0,1384.0,,,,1966.0,,,3152.0,,1472.0,,,2535.0
,,823.0,,,,,2854.0,,1721.0,627.0,1124.0,714.0,,,,1349.0,,,3582.0,,3164.0,,,1966.0
,,2394.0,,,,,1579.0,,17.0,870.0,956.0,1790.0,,,,2792.0,,,2796.0,,3622.0,,,1349.0
,,1243.0,,,,,2435.0,,3235.0,3821.0,3785.0,1073.0,,,,1983.0,,,1943.0,,3852.0,,,1983.0
,,877.0,,,,,1472.0,,158.0,1.0,2691.0,3579.0,,,,621.0,,,1879.0,,1510.0,,,1122.0
,,1540.0,,,,,134.0,,1150.0,2210.0,1701.0,770.0,,,,2658.0,,,2928.0,,2380.0,,,1516.0
,,3353.0,,,,,477.0,,540.0,3784.0,3809.0,90.0,,,,2535.0,,,2792.0,,3245.0,,,2928.0
,,1699.0,,,,,1122.0,,424.0,1775.0,3851.0,2039.0,,,,498.0,,,1349.0,,2401.0,,,2960.0
,,2418.0,,,,,1177.0,,2394.0,1507.0,1211.0,1242.0,,,,2928.0,,,132.0,,2928.0,,,1417.0
,,558.0,,,,,1467.0,,2003.0,2650.0,1976.0,354.0,,,,2712.0,,,1417.0,,940.0,,,1879.0
,,277.0,,,,,81.0,,3044.0,3018.0,2464.0,2139.0,,,,3582.0,,,1516.0,,1485.0,,,2380.0
,,265.0,,,,,1866.0,,486.0,3247.0,3285.0,2815.0,,,,132.0,,,1673.0,,2418.0,,,1579.0
,,1974.0,,,,,818.0,,2455.0,3282.0,380.0,874.0,,,,1516.0,,,1122.0,,2105.0,,,1673.0
,,1654.0,,,,,3445.0,,1256.0,2256.0,1656.0,2359.0,,,,1417.0,,,1579.0,,2510.0,,,3382.0
,,2313.0,,,,,3375.0,,1699.0,1229.0,969.0,3635.0,,,,2418.0,,,604.0,,82.0,,,2177.0
,,1719.0,,,,,3126.0,,558.0,3451.0,1974.0,1258.0,,,,1259.0,,,2177.0,,623.0,,,1259.0
,,3633.0,,,,,1526.0,,823.0,3092.0,931.0,475.0,,,,2011.0,,,2011.0,,2751.0,,,2011.0
,,2446.0,,,,,240.0,,2986.0,241.0,1109.0,1133.0,,,,1122.0,,,2209.0,,481.0,,,2418.0
,,2588.0,,,,,278.0,,277.0,1292.0,3456.0,1664.0,,,,1579.0,,,2418.0,,1355.0,,,2670.0
,,2794.0,,,,,2537.0,,1243.0,3490.0,2670.0,3060.0,,,,604.0,,,3382.0,,886.0,,,1180.0
,,2683.0,,,,,86.0,,3353.0,2706.0,1786.0,3597.0,,,,3382.0,,,158.0,,1724.0,,,2209.0
,,262.0,,,,,1879.0,,1540.0,1349.0,1130.0,3027.0,,,,1673.0,,,1259.0,,3571.0,,,158.0
,,2004.0,,,,,3568.0,,2418.0,1308.0,1900.0,2925.0,,,,2177.0,,,1478.0,,545.0,,,604.0
,,389.0,,,,,870.0,,1654.0,2681.0,3304.0,1016.0,,,,2209.0,,,2670.0,,3654.0,,,1772.0
,,1385.0,,,,,3784.0,,1719.0,885.0,2097.0,1163.0,,,,2670.0,,,3634.0,,1762.0,,,1478.0
,,1688.0,,,,,3247.0,,265.0,1412.0,2754.0,2686.0,,,,2682.0,,,1965.0,,3785.0,,,3634.0
,,1701.0,,,,,1507.0,,2683.0,729.0,2430.0,962.0,,,,1478.0,,,1180.0,,956.0,,,2682.0
,,3052.0,,,,,1820.0,,3633.0,1473.0,265.0,1269.0,,,,1772.0,,,3498.0,,1467.0,,,2507.0
,,3506.0,,,,,3821.0,,2588.0,2675.0,218.0,834.0,,,,3498.0,,,2507.0,,3003.0,,,3498.0
,,658.0,,,,,627.0,,877.0,3643.0,1233.0,2523.0,,,,1180.0,,,1998.0,,1124.0,,,1998.0
,,554.0,,,,,2210.0,,2446.0,3164.0,1713.0,2784.0,,,,3634.0,,,1772.0,,2295.0,,,1821.0
,,3849.0,,,,,3282.0,,1974.0,3852.0,2155.0,1029.0,,,,158.0,,,2682.0,,3114.0,,,3383.0
,,3074.0,,,,,3018.0,,2794.0,2997.0,1415.0,2918.0,,,,1998.0,,,30.0,,2294.0,,,1965.0
,,3220.0,,,,,1229.0,,262.0,2912.0,3480.0,843.0,,,,2507.0,,,1821.0,,1961.0,,,30.0
,,2854.0,,,,,3092.0,,3506.0,3696.0,1271.0,2105.0,,,,1821.0,,,662.0,,3562.0,,,1970.0
,,668.0,,,,,1.0,,1701.0,433.0,3549.0,3324.0,,,,555.0,,,3164.0,,3285.0,,,379.0
,,1122.0,,,,,3490.0,,658.0,266.0,1115.0,3567.0,,,,1024.0,,,3200.0,,3809.0,,,662.0
,,1579.0,,,,,2256.0,,554.0,3246.0,3138.0,1164.0,,,,662.0,,,3383.0,,380.0,,,1024.0
,,477.0,,,,,1775.0,,2004.0,848.0,3017.0,2592.0,,,,3383.0,,,379.0,,3851.0,,,555.0
,,1472.0,,,,,2650.0,,2313.0,178.0,3812.0,1301.0,,,,1970.0,,,1970.0,,1976.0,,,3852.0
,,2435.0,,,,,3451.0,,1385.0,1304.0,408.0,3818.0,,,,1965.0,,,555.0,,1701.0,,,3164.0
,,1177.0,,,,,1292.0,,389.0,553.0,1844.0,1190.0,,,,379.0,,,3852.0,,2464.0,,,3682.0
,,1467.0,,,,,2706.0,,1688.0,259.0,471.0,3442.0,,,,30.0,,,3682.0,,2691.0,,,3107.0
,,1866.0,,,,,241.0,,3052.0,2545.0,2296.0,1622.0,,,,3852.0,,,1024.0,,1211.0,,,2510.0
,,240.0,,,,,1308.0,,3220.0,3016.0,3583.0,1566.0,,,,3682.0,,,2510.0,,969.0,,,3200.0
,,2537.0,,,,,3164.0,,2854.0,781.0,2486.0,3429.0,,,,724.0,,,2126.0,,1109.0,,,724.0
,,3126.0,,,,,3643.0,,668.0,2792.0,1827.0,1840.0,,,,3107.0,,,3107.0,,1656.0,,,2126.0
,,81.0,,,,,729.0,,3074.0,1463.0,3053.0,2806.0,,,,3164.0,,,1040.0,,3456.0,,,286.0
,,278.0,,,,,2681.0,,477.0,3644.0,3409.0,2752.0,,,,3200.0,,,724.0,,1786.0,,,1040.0
,,3445.0,,,,,1412.0,,2435.0,1416.0,3647.0,2636.0,,,,2510.0,,,1383.0,,1900.0,,,1467.0
,,818.0,,,,,1349.0,,3849.0,699.0,484.0,1853.0,,,,1967.0,,,1467.0,,2670.0,,,1201.0
,,3568.0,,,,,3852.0,,1122.0,3783.0,2619.0,2944.0,,,,1040.0,,,1967.0,,1233.0,,,1527.0
,,86.0,,,,,2675.0,,1472.0,2848.0,889.0,2782.0,,,,2126.0,,,286.0,,1130.0,,,1967.0
,,1526.0,,,,,885.0,,1579.0,3498.0,1978.0,211.0,,,,1467.0,,,1201.0,,265.0,,,1383.0
,,870.0,,,,,266.0,,1467.0,116.0,85.0,103.0,,,,1061.0,,,3252.0,,2097.0,,,3252.0
,,3375.0,,,,,3246.0,,1177.0,837.0,3163.0,2062.0,,,,1383.0,,,3176.0,,2155.0,,,2486.0
,,1879.0,,,,,848.0,,81.0,174.0,3550.0,3452.0,,,,1233.0,,,1233.0,,3304.0,,,1233.0
,,627.0,,,,,3696.0,,1866.0,2096.0,885.0,2909.0,,,,3252.0,,,1061.0,,1974.0,,,3176.0
,,1820.0,,,,,433.0,,240.0,3354.0,1473.0,2758.0,,,,1201.0,,,2486.0,,931.0,,,1061.0
,,3247.0,,,,,1473.0,,3445.0,3257.0,2108.0,2552.0,,,,3176.0,,,2502.0,,3480.0,,,2502.0
,,3784.0,,,,,2912.0,,2537.0,1261.0,2900.0,3645.0,,,,1527.0,,,3426.0,,3017.0,,,556.0
,,3821.0,,,,,2997.0,,3126.0,2403.0,2516.0,234.0,,,,286.0,,,2008.0,,2754.0,,,1102.0
,,2210.0,,,,,178.0,,818.0,3137.0,3740.0,1734.0,,,,2008.0,,,1102.0,,3138.0,,,3583.0
,,1507.0,,,,,259.0,,278.0,2380.0,398.0,2604.0,,,,2486.0,,,556.0,,1415.0,,,2008.0
,,1.0,,,,,553.0,,3821.0,3245.0,1968.0,3826.0,,,,1635.0,,,3214.0,,3549.0,,,1580.0
,,3282.0,,,,,781.0,,3568.0,3631.0,2118.0,1737.0,,,,3583.0,,,497.0,,2296.0,,,917.0
,,3018.0,,,,,2792.0,,870.0,1533.0,3684.0,2228.0,,,,2502.0,,,2688.0,,471.0,,,497.0
,,1229.0,,,,,2545.0,,1879.0,132.0,381.0,1557.0,,,,1102.0,,,171.0,,1713.0,,,1635.0
,,3451.0,,,,,1463.0,,1526.0,2427.0,3208.0,844.0,,,,556.0,,,1580.0,,408.0,,,3426.0
,,2650.0,,,,,1416.0,,1820.0,3845.0,374.0,3007.0,,,,3426.0,,,3583.0,,1271.0,,,2688.0
,,1775.0,,,,,1304.0,,3375.0,2906.0,3095.0,3190.0,,,,1580.0,,,1635.0,,3812.0,,,171.0
,,2256.0,,,,,3644.0,,627.0,1773.0,1605.0,2768.0,,,,171.0,,,1542.0,,218.0,,,3214.0
,,3490.0,,,,,3783.0,,86.0,1141.0,3354.0,3706.0,,,,917.0,,,917.0,,2430.0,,,1542.0
,,3092.0,,,,,699.0,,3784.0,24.0,3048.0,1504.0,,,,3214.0,,,1352.0,,1115.0,,,1352.0
,,2681.0,,,,,3354.0,,1507.0,2524.0,1366.0,431.0,,,,1352.0,,,1507.0,,3583.0,,,1507.0
,,1308.0,,,,,174.0,,3247.0,1994.0,3670.0,349.0,,,,2059.0,,,3016.0,,3053.0,,,2059.0
,,2706.0,,,,,2848.0,,2210.0,3808.0,3789.0,3044.0,,,,497.0,,,2793.0,,3409.0,,,3851.0
,,241.0,,,,,3498.0,,3282.0,2076.0,3497.0,55.0,,,,209.0,,,209.0,,2619.0,,,2624.0
,,1292.0,,,,,2096.0,,3018.0,3824.0,174.0,1433.0,,,,1542.0,,,2624.0,,1827.0,,,209.0
,,1349.0,,,,,837.0,,3451.0,157.0,1788.0,2306.0,,,,2793.0,,,2059.0,,1844.0,,,3674.0
,,3852.0,,,,,116.0,,1.0,2755.0,1722.0,952.0,,,,2688.0,,,166.0,,2486.0,,,3016.0
,,3643.0,,,,,2403.0,,1229.0,1049.0,1719.0,2080.0,,,,1507.0,,,3674.0,,484.0,,,1182.0
,,3164.0,,,,,3137.0,,2256.0,918.0,1524.0,403.0,,,,3016.0,,,3799.0,,889.0,,,2793.0
,,729.0,,,,,3257.0,,1775.0,2948.0,3844.0,3312.0,,,,2624.0,,,1182.0,,3647.0,,,3799.0
,,2675.0,,,,,2906.0,,1349.0,468.0,837.0,2540.0,,,,3851.0,,,1746.0,,885.0,,,1866.0
,,1412.0,,,,,2380.0,,3490.0,177.0,960.0,2381.0,,,,2383.0,,,3381.0,,85.0,,,218.0
,,2997.0,,,,,1261.0,,3092.0,1147.0,2183.0,3401.0,,,,3799.0,,,1866.0,,3740.0,,,143.0
,,1473.0,,,,,132.0,,241.0,2999.0,746.0,1827.0,,,,3189.0,,,1415.0,,3163.0,,,3381.0
,,885.0,,,,,3245.0,,2706.0,2212.0,983.0,3131.0,,,,1182.0,,,2383.0,,2900.0,,,1746.0
,,2912.0,,,,,3631.0,,1292.0,133.0,1035.0,2309.0,,,,3674.0,,,143.0,,1978.0,,,166.0
,,259.0,,,,,1533.0,,2650.0,3822.0,864.0,1910.0,,,,166.0,,,3189.0,,3550.0,,,2383.0
,,433.0,,,,,3845.0,,2681.0,1560.0,773.0,129.0,,,,218.0,,,3851.0,,983.0,,,3189.0
,,3696.0,,,,,1773.0,,1308.0,1135.0,3352.0,1689.0,,,,143.0,,,736.0,,1473.0,,,1415.0
,,178.0,,,,,2427.0,,3852.0,3.0,791.0,3370.0,,,,1746.0,,,218.0,,2108.0,,,2277.0
,,781.0,,,,,3824.0,,1412.0,2502.0,3301.0,1413.0,,,,1415.0,,,2794.0,,3684.0,,,2794.0
,,3246.0,,,,,2524.0,,2675.0,2431.0,790.0,3561.0,,,,2351.0,,,634.0,,837.0,,,2351.0
,,553.0,,,,,1141.0,,3643.0,2486.0,3606.0,2956.0,,,,2277.0,,,2.0,,3844.0,,,2.0
,,848.0,,,,,24.0,,1473.0,3130.0,2855.0,2476.0,,,,3381.0,,,2127.0,,2516.0,,,634.0
,,1304.0,,,,,3808.0,,885.0,2786.0,2524.0,1211.0,,,,1866.0,,,2173.0,,1605.0,,,1825.0
,,266.0,,,,,157.0,,3164.0,9.0,1828.0,371.0,,,,1825.0,,,2277.0,,864.0,,,2173.0
,,2792.0,,,,,1994.0,,729.0,3195.0,1687.0,1898.0,,,,2.0,,,2302.0,,3354.0,,,736.0
,,1463.0,,,,,2755.0,,2912.0,269.0,167.0,397.0,,,,2127.0,,,2351.0,,3352.0,,,381.0
,,2545.0,,,,,1049.0,,2997.0,1102.0,3824.0,2366.0,,,,736.0,,,381.0,,3048.0,,,2302.0
,,3644.0,,,,,2948.0,,433.0,3426.0,1668.0,2009.0,,,,2173.0,,,1825.0,,791.0,,,2127.0
,,3498.0,,,,,2076.0,,3696.0,1048.0,3197.0,2401.0,,,,1142.0,,,540.0,,1788.0,,,2003.0
,,3016.0,,,,,2999.0,,1304.0,1778.0,2117.0,1101.0,,,,634.0,,,2003.0,,3670.0,,,2485.0
,,3783.0,,,,,3822.0,,3246.0,91.0,584.0,2057.0,,,,381.0,,,2672.0,,960.0,,,486.0
,,1416.0,,,,,1560.0,,266.0,3583.0,314.0,1275.0,,,,540.0,,,2485.0,,174.0,,,1142.0
,,2848.0,,,,,177.0,,848.0,1142.0,3696.0,1062.0,,,,2302.0,,,1142.0,,3497.0,,,3061.0
,,699.0,,,,,918.0,,178.0,556.0,1260.0,2517.0,,,,2794.0,,,3357.0,,2118.0,,,3357.0
,,837.0,,,,,2212.0,,259.0,1783.0,1760.0,891.0,,,,2485.0,,,1693.0,,2183.0,,,540.0
,,2096.0,,,,,3.0,,553.0,3188.0,1063.0,283.0,,,,2672.0,,,486.0,,3095.0,,,1693.0
,,3354.0,,,,,269.0,,2545.0,604.0,863.0,1687.0,,,,2003.0,,,3061.0,,1035.0,,,2672.0
,,116.0,,,,,1135.0,,1463.0,940.0,384.0,1647.0,,,,486.0,,,18.0,,1524.0,,,2702.0
,,3137.0,,,,,3426.0,,3016.0,3076.0,2485.0,1894.0,,,,2702.0,,,3347.0,,1366.0,,,3347.0
,,174.0,,,,,3583.0,,699.0,1900.0,1256.0,2292.0,,,,1693.0,,,84.0,,374.0,,,918.0
,,3257.0,,,,,2431.0,,3644.0,3669.0,827.0,368.0,,,,3061.0,,,183.0,,746.0,,,18.0
,,2403.0,,,,,2502.0,,837.0,3459.0,2455.0,3245.0,,,,3210.0,,,3433.0,,3789.0,,,3433.0
,,2380.0,,,,,468.0,,2848.0,1698.0,1150.0,1036.0,,,,84.0,,,918.0,,1719.0,,,84.0
,,3245.0,,,,,9.0,,3783.0,929.0,377.0,1560.0,,,,918.0,,,2702.0,,773.0,,,3210.0
,,132.0,,,,,3195.0,,2792.0,821.0,349.0,1001.0,,,,18.0,,,666.0,,381.0,,,666.0
,,1261.0,,,,,1147.0,,781.0,381.0,740.0,2679.0,,,,3347.0,,,3210.0,,398.0,,,183.0
,,2906.0,,,,,2786.0,,3498.0,611.0,1545.0,2923.0,,,,3357.0,,,669.0,,1968.0,,,669.0
,,3631.0,,,,,133.0,,1416.0,26.0,1001.0,1440.0,,,,183.0,,,1065.0,,1722.0,,,1065.0
,,1773.0,,,,,1783.0,,3354.0,2487.0,277.0,582.0,,,,666.0,,,3317.0,,3301.0,,,3317.0
,,1141.0,,,,,1048.0,,3137.0,3019.0,3353.0,920.0,,,,1065.0,,,3163.0,,3606.0,,,885.0
,,3845.0,,,,,3130.0,,116.0,2178.0,869.0,1796.0,,,,669.0,,,1473.0,,2855.0,,,1473.0
,,1533.0,,,,,2486.0,,174.0,1967.0,865.0,842.0,,,,3433.0,,,885.0,,1668.0,,,3163.0
,,24.0,,,,,1142.0,,2096.0,3003.0,3495.0,2450.0,,,,3317.0,,,2877.0,,790.0,,,1706.0
,,157.0,,,,,556.0,,3257.0,2696.0,2923.0,1517.0,,,,1473.0,,,23.0,,167.0,,,23.0
,,3808.0,,,,,1778.0,,2380.0,1240.0,3741.0,3005.0,,,,3163.0,,,374.0,,3824.0,,,1826.0
,,3824.0,,,,,3669.0,,2403.0,1690.0,2052.0,1678.0,,,,885.0,,,1706.0,,2524.0,,,472.0
,,1994.0,,,,,91.0,,3245.0,942.0,3400.0,365.0,,,,472.0,,,472.0,,1828.0,,,2877.0
,,2524.0,,,,,1102.0,,132.0,1774.0,3212.0,2254.0,,,,2877.0,,,1826.0,,314.0,,,374.0
,,2755.0,,,,,940.0,,1533.0,417.0,13.0,1154.0,,,,1706.0,,,1309.0,,1760.0,,,32.0
,,2212.0,,,,,821.0,,1261.0,3684.0,1938.0,3415.0,,,,262.0,,,32.0,,2117.0,,,989.0
,,3822.0,,,,,1900.0,,3631.0,2086.0,3518.0,3117.0,,,,1695.0,,,989.0,,584.0,,,3068.0
,,2999.0,,,,,3188.0,,2906.0,496.0,170.0,2220.0,,,,1309.0,,,3068.0,,1687.0,,,1309.0
,,918.0,,,,,26.0,,1773.0,1556.0,660.0,3348.0,,,,374.0,,,1695.0,,1545.0,,,1695.0
,,1049.0,,,,,604.0,,3845.0,727.0,1.0,2098.0,,,,32.0,,,3550.0,,3696.0,,,262.0
,,2076.0,,,,,1698.0,,24.0,3206.0,1522.0,1990.0,,,,989.0,,,233.0,,740.0,,,1347.0
,,1560.0,,,,,3459.0,,1141.0,2181.0,342.0,698.0,,,,23.0,,,262.0,,384.0,,,3550.0
,,2948.0,,,,,3076.0,,3808.0,906.0,228.0,2986.0,,,,1826.0,,,1347.0,,827.0,,,916.0
,,177.0,,,,,929.0,,2524.0,1129.0,1781.0,1497.0,,,,3068.0,,,916.0,,863.0,,,837.0
,,468.0,,,,,2696.0,,177.0,3068.0,3499.0,2705.0,,,,837.0,,,174.0,,2485.0,,,992.0
,,9.0,,,,,2178.0,,2948.0,411.0,2768.0,1129.0,,,,1347.0,,,2448.0,,1256.0,,,960.0
,,1147.0,,,,,942.0,,2076.0,2464.0,18.0,3330.0,,,,916.0,,,992.0,,1260.0,,,2448.0
,,1135.0,,,,,3019.0,,2999.0,2855.0,2702.0,2825.0,,,,174.0,,,837.0,,377.0,,,174.0
,,269.0,,,,,381.0,,1049.0,2097.0,3797.0,3285.0,,,,992.0,,,960.0,,1063.0,,,1368.0
,,3195.0,,,,,2487.0,,3824.0,2430.0,3643.0,2896.0,,,,3550.0,,,2934.0,,3197.0,,,1170.0
,,133.0,,,,,611.0,,2755.0,218.0,3811.0,2969.0,,,,233.0,,,1650.0,,349.0,,,233.0
,,3.0,,,,,1690.0,,157.0,1271.0,2895.0,3290.0,,,,960.0,,,3233.0,,1150.0,,,314.0
,,2431.0,,,,,1240.0,,1994.0,2754.0,3692.0,2064.0,,,,2448.0,,,1013.0,,2455.0,,,1367.0
,,2786.0,,,,,3003.0,,1560.0,3017.0,2178.0,478.0,,,,1368.0,,,1170.0,,3495.0,,,2647.0
,,1783.0,,,,,3684.0,,468.0,1850.0,2102.0,1780.0,,,,803.0,,,433.0,,2923.0,,,803.0
,,3583.0,,,,,417.0,,133.0,3209.0,2435.0,1691.0,,,,2647.0,,,460.0,,1001.0,,,2934.0
,,1102.0,,,,,1556.0,,3.0,3579.0,213.0,1139.0,,,,314.0,,,1745.0,,3741.0,,,1745.0
,,3130.0,,,,,496.0,,269.0,3202.0,3513.0,3008.0,,,,1170.0,,,268.0,,3353.0,,,3696.0
,,3426.0,,,,,1967.0,,918.0,922.0,2325.0,1738.0,,,,460.0,,,2647.0,,2052.0,,,3233.0
,,2486.0,,,,,1774.0,,2212.0,603.0,3717.0,1264.0,,,,1650.0,,,803.0,,277.0,,,268.0
,,2502.0,,,,,3206.0,,9.0,1927.0,3246.0,1980.0,,,,433.0,,,1368.0,,869.0,,,1650.0
,,556.0,,,,,727.0,,1147.0,2189.0,1611.0,3568.0,,,,2934.0,,,3696.0,,865.0,,,433.0
,,1778.0,,,,,2086.0,,1135.0,476.0,2680.0,782.0,,,,268.0,,,314.0,,3400.0,,,460.0
,,1142.0,,,,,2181.0,,3822.0,3797.0,3165.0,627.0,,,,1013.0,,,1367.0,,1938.0,,,1013.0
,,940.0,,,,,1129.0,,2502.0,2814.0,2709.0,1127.0,,,,3233.0,,,1.0,,228.0,,,2945.0
,,1698.0,,,,,3068.0,,2486.0,3093.0,1134.0,3047.0,,,,1367.0,,,1208.0,,3212.0,,,2666.0
,,3188.0,,,,,906.0,,2431.0,446.0,1520.0,1593.0,,,,2666.0,,,1559.0,,342.0,,,2256.0
,,3459.0,,,,,218.0,,3130.0,285.0,984.0,2834.0,,,,1745.0,,,117.0,,1522.0,,,117.0
,,91.0,,,,,2097.0,,3195.0,3095.0,2353.0,2905.0,,,,3696.0,,,2666.0,,1.0,,,2650.0
,,604.0,,,,,2855.0,,1783.0,1231.0,1179.0,27.0,,,,2945.0,,,2650.0,,660.0,,,1559.0
,,3669.0,,,,,411.0,,556.0,2159.0,3106.0,3069.0,,,,2256.0,,,2945.0,,3518.0,,,1208.0
,,1900.0,,,,,2464.0,,1102.0,1414.0,1993.0,3088.0,,,,2650.0,,,2256.0,,170.0,,,3145.0
,,1048.0,,,,,2754.0,,3583.0,2322.0,1416.0,3369.0,,,,3145.0,,,3145.0,,13.0,,,1.0
,,3076.0,,,,,3017.0,,3426.0,3488.0,3725.0,1274.0,,,,117.0,,,2189.0,,3499.0,,,2189.0
,,821.0,,,,,922.0,,2786.0,3674.0,2940.0,1489.0,,,,1.0,,,382.0,,1781.0,,,3209.0
,,2487.0,,,,,1850.0,,1778.0,696.0,3784.0,2774.0,,,,2189.0,,,2431.0,,2895.0,,,2431.0
,,26.0,,,,,2189.0,,1142.0,1592.0,2403.0,2451.0,,,,1208.0,,,3209.0,,2702.0,,,382.0
,,929.0,,,,,3797.0,,91.0,3293.0,275.0,2171.0,,,,1559.0,,,876.0,,2768.0,,,3195.0
,,611.0,,,,,3579.0,,3188.0,1536.0,2652.0,2390.0,,,,3209.0,,,3195.0,,18.0,,,876.0
,,381.0,,,,,2430.0,,940.0,3851.0,1901.0,3694.0,,,,3195.0,,,3603.0,,3811.0,,,3603.0
,,3019.0,,,,,3209.0,,604.0,2021.0,2576.0,1548.0,,,,2431.0,,,727.0,,3643.0,,,2170.0
,,2178.0,,,,,1271.0,,1048.0,1484.0,6.0,3086.0,,,,3603.0,,,3155.0,,3797.0,,,727.0
,,1690.0,,,,,3202.0,,3076.0,2546.0,2210.0,3671.0,,,,382.0,,,2170.0,,3692.0,,,3155.0
,,942.0,,,,,1927.0,,3669.0,1534.0,3200.0,2293.0,,,,876.0,,,5.0,,3513.0,,,3257.0
,,1967.0,,,,,2159.0,,929.0,660.0,1048.0,3430.0,,,,727.0,,,2913.0,,2435.0,,,3833.0
,,2696.0,,,,,476.0,,3019.0,2511.0,2699.0,479.0,,,,2170.0,,,2348.0,,2680.0,,,1597.0
,,3003.0,,,,,446.0,,821.0,2599.0,3428.0,3669.0,,,,3155.0,,,1597.0,,2102.0,,,5.0
,,1240.0,,,,,285.0,,3459.0,3317.0,1767.0,2598.0,,,,3833.0,,,1763.0,,2178.0,,,1823.0
,,1774.0,,,,,2322.0,,611.0,2568.0,1261.0,1784.0,,,,3257.0,,,3833.0,,2325.0,,,2372.0
,,3684.0,,,,,3095.0,,1698.0,2491.0,371.0,1519.0,,,,5.0,,,869.0,,3717.0,,,2913.0
,,727.0,,,,,3093.0,,1900.0,649.0,3369.0,1768.0,,,,2913.0,,,3257.0,,1520.0,,,2348.0
,,496.0,,,,,2814.0,,381.0,1523.0,2422.0,1135.0,,,,2348.0,,,101.0,,2353.0,,,869.0
,,2086.0,,,,,1231.0,,26.0,145.0,1144.0,2704.0,,,,1597.0,,,1823.0,,3165.0,,,684.0
,,1556.0,,,,,696.0,,2487.0,385.0,1333.0,1973.0,,,,869.0,,,2372.0,,2709.0,,,101.0
,,2430.0,,,,,3488.0,,2178.0,1669.0,767.0,2116.0,,,,684.0,,,2532.0,,3246.0,,,668.0
,,906.0,,,,,3851.0,,2696.0,3683.0,619.0,251.0,,,,1823.0,,,684.0,,1134.0,,,2572.0
,,2464.0,,,,,1414.0,,942.0,2371.0,2474.0,2207.0,,,,2532.0,,,3220.0,,1179.0,,,2532.0
,,411.0,,,,,1592.0,,1774.0,2312.0,3798.0,290.0,,,,101.0,,,3135.0,,1611.0,,,1763.0
,,2855.0,,,,,3674.0,,1690.0,3058.0,1702.0,2438.0,,,,1763.0,,,3074.0,,213.0,,,3220.0
,,3068.0,,,,,2021.0,,3003.0,2336.0,3675.0,2206.0,,,,2372.0,,,2854.0,,984.0,,,3676.0
,,417.0,,,,,3293.0,,1240.0,481.0,2732.0,583.0,,,,2572.0,,,2572.0,,3106.0,,,2854.0
,,1129.0,,,,,1484.0,,496.0,1574.0,1458.0,1488.0,,,,3074.0,,,668.0,,1993.0,,,3135.0
,,2181.0,,,,,1536.0,,3684.0,2508.0,389.0,3108.0,,,,3676.0,,,3676.0,,1416.0,,,3074.0
,,3206.0,,,,,1534.0,,1967.0,3837.0,3290.0,177.0,,,,668.0,,,1510.0,,2940.0,,,1303.0
,,1271.0,,,,,2546.0,,3206.0,3373.0,1843.0,1348.0,,,,2854.0,,,1028.0,,275.0,,,3213.0
,,1927.0,,,,,649.0,,906.0,2002.0,3799.0,26.0,,,,3220.0,,,661.0,,2403.0,,,696.0
,,1850.0,,,,,660.0,,2181.0,2306.0,1232.0,983.0,,,,1510.0,,,3690.0,,2652.0,,,1028.0
,,218.0,,,,,2568.0,,727.0,379.0,2187.0,2804.0,,,,3135.0,,,3402.0,,2576.0,,,700.0
,,3202.0,,,,,145.0,,1129.0,3494.0,3674.0,663.0,,,,1303.0,,,3192.0,,3200.0,,,3690.0
,,603.0,,,,,3317.0,,1556.0,2971.0,3673.0,2663.0,,,,1028.0,,,3213.0,,2210.0,,,1510.0
,,2097.0,,,,,2491.0,,417.0,2850.0,1412.0,653.0,,,,3402.0,,,1303.0,,3784.0,,,3402.0
,,922.0,,,,,2511.0,,3068.0,272.0,3484.0,1830.0,,,,3213.0,,,696.0,,3725.0,,,3192.0
,,3017.0,,,,,3683.0,,2086.0,3047.0,1177.0,1556.0,,,,3192.0,,,1049.0,,1901.0,,,661.0
,,2754.0,,,,,2336.0,,411.0,2540.0,2333.0,3386.0,,,,3690.0,,,700.0,,1767.0,,,2347.0
,,285.0,,,,,1669.0,,3202.0,442.0,1952.0,172.0,,,,1741.0,,,2347.0,,1048.0,,,1049.0
,,3579.0,,,,,2599.0,,2464.0,945.0,1928.0,3697.0,,,,1049.0,,,790.0,,2474.0,,,547.0
,,476.0,,,,,385.0,,1271.0,2459.0,1312.0,1594.0,,,,661.0,,,2778.0,,3369.0,,,3489.0
,,1231.0,,,,,1523.0,,2097.0,155.0,1967.0,1573.0,,,,366.0,,,1741.0,,1261.0,,,366.0
,,446.0,,,,,2312.0,,2754.0,1877.0,1962.0,224.0,,,,696.0,,,3349.0,,6.0,,,2778.0
,,2189.0,,,,,481.0,,2855.0,1782.0,1050.0,2360.0,,,,700.0,,,547.0,,371.0,,,790.0
,,2814.0,,,,,3058.0,,603.0,3630.0,15.0,3106.0,,,,2347.0,,,366.0,,2699.0,,,1741.0
,,3209.0,,,,,3837.0,,218.0,2379.0,2728.0,3802.0,,,,3349.0,,,3489.0,,619.0,,,3349.0
,,3797.0,,,,,2371.0,,2430.0,875.0,1845.0,1699.0,,,,2778.0,,,3105.0,,1144.0,,,3105.0
,,2322.0,,,,,2508.0,,3017.0,2346.0,1178.0,278.0,,,,790.0,,,3810.0,,3428.0,,,3396.0
,,3674.0,,,,,1574.0,,3209.0,1956.0,367.0,2187.0,,,,3105.0,,,386.0,,1702.0,,,3810.0
,,3488.0,,,,,3494.0,,1927.0,3798.0,3141.0,2125.0,,,,547.0,,,3320.0,,2422.0,,,3320.0
,,1414.0,,,,,2306.0,,476.0,2817.0,1227.0,1760.0,,,,3489.0,,,2817.0,,1333.0,,,545.0
,,1592.0,,,,,2002.0,,2189.0,1062.0,1007.0,126.0,,,,3396.0,,,3396.0,,767.0,,,2308.0
,,696.0,,,,,3373.0,,922.0,1895.0,1662.0,2814.0,,,,545.0,,,1749.0,,1458.0,,,1749.0
,,3095.0,,,,,379.0,,3579.0,1750.0,3430.0,3282.0,,,,2817.0,,,2274.0,,3675.0,,,386.0
,,2021.0,,,,,272.0,,2814.0,1616.0,2970.0,470.0,,,,1749.0,,,1034.0,,3798.0,,,617.0
,,3851.0,,,,,3047.0,,1850.0,1788.0,797.0,1409.0,,,,3320.0,,,617.0,,2187.0,,,1034.0
,,2546.0,,,,,2850.0,,3797.0,3571.0,214.0,2040.0,,,,3810.0,,,545.0,,389.0,,,2817.0
,,649.0,,,,,2971.0,,446.0,41.0,3782.0,1843.0,,,,2274.0,,,2308.0,,3290.0,,,2274.0
,,2568.0,,,,,1782.0,,3095.0,3523.0,2176.0,383.0,,,,1034.0,,,2801.0,,3673.0,,,2178.0
,,3293.0,,,,,1877.0,,1592.0,654.0,1506.0,579.0,,,,386.0,,,1432.0,,3674.0,,,836.0
,,660.0,,,,,945.0,,1231.0,102.0,3599.0,660.0,,,,617.0,,,836.0,,1412.0,,,722.0
,,1536.0,,,,,3630.0,,2322.0,3050.0,3346.0,922.0,,,,2308.0,,,2178.0,,2333.0,,,1048.0
,,1534.0,,,,,442.0,,1414.0,2682.0,1195.0,3648.0,,,,836.0,,,1209.0,,1967.0,,,1209.0
,,1484.0,,,,,155.0,,285.0,3489.0,1110.0,372.0,,,,2178.0,,,1767.0,,3799.0,,,2618.0
,,3317.0,,,,,1616.0,,3488.0,1297.0,2631.0,3126.0,,,,1761.0,,,2249.0,,1312.0,,,2801.0
,,145.0,,,,,2379.0,,696.0,1080.0,3835.0,2730.0,,,,1767.0,,,1048.0,,2728.0,,,2249.0
,,2511.0,,,,,875.0,,2021.0,1299.0,2261.0,984.0,,,,2920.0,,,1656.0,,1962.0,,,2920.0
,,2491.0,,,,,2459.0,,3674.0,1485.0,669.0,649.0,,,,2249.0,,,1761.0,,3484.0,,,1656.0
,,2599.0,,,,,2346.0,,1534.0,3301.0,272.0,1084.0,,,,2801.0,,,2618.0,,1952.0,,,1767.0
,,385.0,,,,,1788.0,,3851.0,1332.0,2971.0,3576.0,,,,722.0,,,2731.0,,1177.0,,,1761.0
,,481.0,,,,,654.0,,1484.0,495.0,3783.0,2779.0,,,,1432.0,,,1307.0,,1928.0,,,1432.0
,,3837.0,,,,,1750.0,,2546.0,3812.0,459.0,3009.0,,,,1656.0,,,2559.0,,1178.0,,,2731.0
,,2371.0,,,,,1956.0,,649.0,2845.0,744.0,1930.0,,,,1048.0,,,722.0,,1662.0,,,2711.0
,,1523.0,,,,,3798.0,,2568.0,1668.0,696.0,2886.0,,,,1209.0,,,2920.0,,3141.0,,,1307.0
,,3058.0,,,,,1895.0,,3293.0,2943.0,3375.0,1207.0,,,,2618.0,,,2711.0,,15.0,,,2559.0
,,2336.0,,,,,1062.0,,660.0,1593.0,3020.0,3529.0,,,,1307.0,,,2181.0,,1050.0,,,275.0
,,3683.0,,,,,41.0,,1536.0,2211.0,3201.0,3506.0,,,,2731.0,,,275.0,,1845.0,,,2181.0
,,2312.0,,,,,2817.0,,2491.0,3549.0,3807.0,2378.0,,,,2711.0,,,3698.0,,1232.0,,,3025.0
,,2002.0,,,,,1485.0,,2336.0,3629.0,2224.0,2524.0,,,,275.0,,,2339.0,,797.0,,,239.0
,,1574.0,,,,,1080.0,,2371.0,3634.0,1498.0,259.0,,,,2735.0,,,3025.0,,1227.0,,,1868.0
,,1669.0,,,,,3050.0,,2599.0,1772.0,1234.0,1979.0,,,,3698.0,,,239.0,,2970.0,,,2735.0
,,2508.0,,,,,2682.0,,145.0,1180.0,3363.0,3146.0,,,,2181.0,,,850.0,,367.0,,,3310.0
,,272.0,,,,,102.0,,2511.0,2873.0,414.0,2227.0,,,,3310.0,,,3310.0,,214.0,,,3698.0
,,379.0,,,,,3523.0,,385.0,402.0,3030.0,2240.0,,,,1868.0,,,1868.0,,3430.0,,,862.0
,,2306.0,,,,,3571.0,,2312.0,4.0,963.0,338.0,,,,239.0,,,2735.0,,1007.0,,,850.0
,,3373.0,,,,,1297.0,,3317.0,2433.0,821.0,3152.0,,,,2559.0,,,862.0,,3782.0,,,2586.0
,,2971.0,,,,,1593.0,,1669.0,621.0,735.0,1308.0,,,,3025.0,,,1031.0,,1506.0,,,2339.0
,,3494.0,,,,,1299.0,,3683.0,1489.0,3176.0,2535.0,,,,2339.0,,,1774.0,,2176.0,,,1241.0
,,2379.0,,,,,2943.0,,481.0,3352.0,3252.0,2792.0,,,,1762.0,,,2324.0,,272.0,,,2112.0
,,3047.0,,,,,3301.0,,1523.0,3139.0,583.0,2712.0,,,,1031.0,,,2586.0,,3835.0,,,1952.0
,,2459.0,,,,,495.0,,3837.0,498.0,829.0,438.0,,,,295.0,,,295.0,,3346.0,,,1031.0
,,945.0,,,,,2845.0,,3058.0,2309.0,288.0,461.0,,,,850.0,,,1952.0,,1195.0,,,295.0
,,442.0,,,,,3489.0,,2002.0,2701.0,1533.0,1943.0,,,,862.0,,,212.0,,1110.0,,,1774.0
,,2540.0,,,,,3629.0,,2508.0,171.0,813.0,1879.0,,,,1952.0,,,1771.0,,2261.0,,,1762.0
,,1877.0,,,,,2211.0,,3373.0,1410.0,3634.0,1043.0,,,,2112.0,,,2112.0,,2631.0,,,212.0
,,155.0,,,,,1668.0,,1574.0,854.0,2154.0,1349.0,,,,2586.0,,,1241.0,,3599.0,,,2324.0
,,1782.0,,,,,1332.0,,379.0,1183.0,1519.0,2796.0,,,,1241.0,,,1762.0,,3783.0,,,2938.0
,,875.0,,,,,3549.0,,3494.0,410.0,253.0,2960.0,,,,1774.0,,,2938.0,,3020.0,,,1771.0
,,1788.0,,,,,3812.0,,442.0,3192.0,1544.0,3382.0,,,,212.0,,,1900.0,,744.0,,,1900.0
,,1895.0,,,,,2433.0,,2971.0,2247.0,494.0,1673.0,,,,1771.0,,,481.0,,669.0,,,3714.0
,,2346.0,,,,,4.0,,155.0,1894.0,2432.0,604.0,,,,2938.0,,,3714.0,,414.0,,,1895.0
,,1062.0,,,,,3634.0,,1877.0,3574.0,955.0,2658.0,,,,2324.0,,,1895.0,,3375.0,,,481.0
,,3798.0,,,,,1772.0,,272.0,249.0,3845.0,1516.0,,,,1698.0,,,2645.0,,459.0,,,2645.0
,,1750.0,,,,,402.0,,2540.0,2989.0,3672.0,1037.0,,,,1900.0,,,930.0,,696.0,,,930.0
,,3630.0,,,,,1180.0,,3047.0,3135.0,3152.0,2011.0,,,,481.0,,,1783.0,,2971.0,,,1783.0
,,1616.0,,,,,2873.0,,2306.0,3037.0,399.0,2209.0,,,,930.0,,,1698.0,,3030.0,,,1698.0
,,41.0,,,,,1489.0,,2379.0,3141.0,1217.0,2177.0,,,,1895.0,,,1543.0,,3807.0,,,1543.0
,,2817.0,,,,,3352.0,,2459.0,2008.0,360.0,621.0,,,,1543.0,,,363.0,,3201.0,,,363.0
,,1485.0,,,,,498.0,,875.0,1667.0,3716.0,1478.0,,,,1783.0,,,2754.0,,1498.0,,,2430.0
,,3489.0,,,,,3141.0,,1616.0,2783.0,3642.0,2507.0,,,,3714.0,,,1289.0,,963.0,,,1289.0
,,3523.0,,,,,1410.0,,1782.0,1733.0,284.0,2670.0,,,,2645.0,,,2430.0,,583.0,,,3166.0
,,2682.0,,,,,854.0,,945.0,2982.0,2452.0,1772.0,,,,2754.0,,,544.0,,3252.0,,,3350.0
,,3571.0,,,,,171.0,,3630.0,572.0,2031.0,1180.0,,,,363.0,,,3350.0,,3363.0,,,2754.0
,,3050.0,,,,,3192.0,,1788.0,551.0,1590.0,2682.0,,,,2454.0,,,3166.0,,813.0,,,3494.0
,,102.0,,,,,2701.0,,3798.0,2450.0,3560.0,1998.0,,,,3350.0,,,2454.0,,821.0,,,2454.0
,,1297.0,,,,,1183.0,,2346.0,3575.0,818.0,3498.0,,,,2430.0,,,3302.0,,3176.0,,,3302.0
,,654.0,,,,,1894.0,,1895.0,1684.0,1655.0,1821.0,,,,1289.0,,,3494.0,,829.0,,,544.0
,,1299.0,,,,,2247.0,,1062.0,248.0,2230.0,30.0,,,,3302.0,,,2481.0,,735.0,,,3022.0
,,2943.0,,,,,2309.0,,102.0,1149.0,804.0,1970.0,,,,3166.0,,,2664.0,,288.0,,,2664.0
,,1593.0,,,,,3574.0,,1750.0,1244.0,407.0,1024.0,,,,3022.0,,,2745.0,,1234.0,,,539.0
,,1080.0,,,,,3139.0,,654.0,3371.0,1428.0,379.0,,,,3707.0,,,3022.0,,2224.0,,,3538.0
,,1668.0,,,,,3135.0,,3571.0,1193.0,765.0,3383.0,,,,3494.0,,,539.0,,253.0,,,3707.0
,,2845.0,,,,,249.0,,41.0,1914.0,3009.0,1965.0,,,,2481.0,,,3707.0,,1544.0,,,1089.0
,,3301.0,,,,,1667.0,,2817.0,377.0,2625.0,662.0,,,,539.0,,,1089.0,,3634.0,,,2481.0
,,495.0,,,,,551.0,,3523.0,2687.0,105.0,555.0,,,,544.0,,,3538.0,,1519.0,,,3801.0
,,2211.0,,,,,410.0,,3050.0,1417.0,2645.0,3107.0,,,,2664.0,,,2619.0,,2154.0,,,2619.0
,,3629.0,,,,,2989.0,,2682.0,3810.0,2786.0,724.0,,,,1089.0,,,62.0,,1533.0,,,62.0
,,3549.0,,,,,2008.0,,1297.0,1383.0,334.0,2126.0,,,,3653.0,,,3652.0,,955.0,,,2745.0
,,2433.0,,,,,1733.0,,495.0,2515.0,1114.0,3176.0,,,,1291.0,,,3206.0,,360.0,,,3652.0
,,3634.0,,,,,3037.0,,1668.0,89.0,2341.0,1383.0,,,,3538.0,,,3801.0,,1217.0,,,1072.0
,,2873.0,,,,,572.0,,1080.0,1488.0,1646.0,1201.0,,,,2619.0,,,1291.0,,2432.0,,,1291.0
,,3812.0,,,,,2783.0,,1299.0,1571.0,2554.0,2502.0,,,,3801.0,,,3653.0,,3672.0,,,3206.0
,,402.0,,,,,2450.0,,1485.0,2594.0,1020.0,2008.0,,,,3652.0,,,1072.0,,494.0,,,3653.0
,,1772.0,,,,,2982.0,,3489.0,2861.0,1714.0,2486.0,,,,3206.0,,,2354.0,,3152.0,,,1128.0
,,1180.0,,,,,3575.0,,1593.0,2804.0,1878.0,1635.0,,,,2745.0,,,1128.0,,3845.0,,,2354.0
,,621.0,,,,,1684.0,,2845.0,653.0,2053.0,1040.0,,,,62.0,,,250.0,,399.0,,,250.0
,,4.0,,,,,1244.0,,3301.0,2600.0,2507.0,1580.0,,,,1072.0,,,2959.0,,2031.0,,,675.0
,,1489.0,,,,,377.0,,2943.0,1524.0,1284.0,171.0,,,,2354.0,,,675.0,,2452.0,,,2000.0
,,1183.0,,,,,3810.0,,1772.0,2173.0,3676.0,497.0,,,,2000.0,,,1571.0,,3560.0,,,376.0
,,3141.0,,,,,3371.0,,2873.0,1429.0,929.0,2793.0,,,,2959.0,,,1863.0,,2230.0,,,1571.0
,,3574.0,,,,,1149.0,,1180.0,275.0,3581.0,3214.0,,,,675.0,,,1429.0,,3009.0,,,2588.0
,,2247.0,,,,,1193.0,,3549.0,1008.0,2423.0,1352.0,,,,1128.0,,,2594.0,,3642.0,,,3305.0
,,3352.0,,,,,248.0,,3629.0,82.0,3111.0,1542.0,,,,3305.0,,,3633.0,,284.0,,,2959.0
,,410.0,,,,,1417.0,,3812.0,1799.0,1703.0,2059.0,,,,250.0,,,376.0,,1655.0,,,2594.0
,,171.0,,,,,1914.0,,2211.0,3403.0,217.0,917.0,,,,1429.0,,,1524.0,,3716.0,,,659.0
,,3192.0,,,,,2687.0,,3634.0,2612.0,3376.0,2688.0,,,,1524.0,,,771.0,,818.0,,,771.0
,,854.0,,,,,1383.0,,2433.0,1499.0,643.0,1507.0,,,,2588.0,,,3305.0,,1590.0,,,1863.0
,,3139.0,,,,,1488.0,,4.0,1672.0,3361.0,209.0,,,,1863.0,,,2000.0,,407.0,,,1429.0
,,2309.0,,,,,1429.0,,249.0,1990.0,2588.0,3016.0,,,,659.0,,,1777.0,,765.0,,,1777.0
,,1410.0,,,,,2173.0,,621.0,355.0,2711.0,2.0,,,,2267.0,,,2267.0,,105.0,,,1932.0
,,498.0,,,,,89.0,,3352.0,228.0,2941.0,2383.0,,,,1571.0,,,2588.0,,804.0,,,2267.0
,,1894.0,,,,,2515.0,,402.0,3464.0,2922.0,2277.0,,,,376.0,,,611.0,,1428.0,,,3159.0
,,249.0,,,,,2861.0,,1489.0,1655.0,231.0,2127.0,,,,771.0,,,2146.0,,2625.0,,,3633.0
,,2701.0,,,,,1524.0,,1410.0,817.0,2861.0,3381.0,,,,3633.0,,,659.0,,2645.0,,,2997.0
,,2989.0,,,,,2594.0,,2701.0,1497.0,3351.0,1746.0,,,,1658.0,,,2997.0,,1020.0,,,1658.0
,,3135.0,,,,,2600.0,,410.0,3384.0,26.0,736.0,,,,611.0,,,1932.0,,334.0,,,611.0
,,2008.0,,,,,2804.0,,2309.0,779.0,701.0,2173.0,,,,2594.0,,,3159.0,,2786.0,,,1524.0
,,1667.0,,,,,1571.0,,2247.0,3682.0,2600.0,634.0,,,,2146.0,,,1658.0,,1646.0,,,2146.0
,,2982.0,,,,,3403.0,,1183.0,3480.0,1580.0,1693.0,,,,3159.0,,,1753.0,,1284.0,,,1947.0
,,2783.0,,,,,1008.0,,1894.0,2241.0,2267.0,2672.0,,,,3823.0,,,3823.0,,2341.0,,,127.0
,,3037.0,,,,,1499.0,,3141.0,5.0,261.0,3357.0,,,,1947.0,,,378.0,,1714.0,,,3823.0
,,3575.0,,,,,2612.0,,171.0,1977.0,519.0,540.0,,,,1777.0,,,2303.0,,3376.0,,,2303.0
,,572.0,,,,,275.0,,3192.0,1955.0,2646.0,1142.0,,,,1932.0,,,1947.0,,1114.0,,,1753.0
,,2450.0,,,,,1672.0,,498.0,3201.0,2644.0,3061.0,,,,2997.0,,,2935.0,,2507.0,,,2935.0
,,551.0,,,,,1799.0,,3139.0,2751.0,24.0,2485.0,,,,1753.0,,,1150.0,,2554.0,,,378.0
,,1684.0,,,,,3464.0,,3574.0,3372.0,2116.0,18.0,,,,127.0,,,424.0,,2053.0,,,1150.0
,,377.0,,,,,82.0,,3135.0,143.0,3706.0,918.0,,,,2303.0,,,127.0,,217.0,,,1149.0
,,1914.0,,,,,1655.0,,854.0,1594.0,1602.0,2702.0,,,,378.0,,,1149.0,,1878.0,,,424.0
,,1417.0,,,,,228.0,,3037.0,2272.0,2687.0,3433.0,,,,1035.0,,,1035.0,,643.0,,,3670.0
,,89.0,,,,,817.0,,551.0,740.0,3821.0,183.0,,,,1150.0,,,3670.0,,3351.0,,,1972.0
,,3371.0,,,,,1497.0,,2450.0,872.0,1417.0,3347.0,,,,424.0,,,773.0,,3111.0,,,773.0
,,3810.0,,,,,3384.0,,1667.0,913.0,301.0,666.0,,,,1149.0,,,1972.0,,3581.0,,,1094.0
,,1149.0,,,,,355.0,,2982.0,937.0,1295.0,3210.0,,,,2935.0,,,2999.0,,929.0,,,2577.0
,,1193.0,,,,,779.0,,572.0,989.0,2774.0,669.0,,,,3670.0,,,2182.0,,1703.0,,,200.0
,,2687.0,,,,,1955.0,,2783.0,1082.0,1923.0,1065.0,,,,773.0,,,419.0,,3361.0,,,1035.0
,,1244.0,,,,,1990.0,,2989.0,1255.0,1821.0,3317.0,,,,878.0,,,2169.0,,2423.0,,,913.0
,,248.0,,,,,3682.0,,2008.0,3370.0,1985.0,472.0,,,,2914.0,,,2914.0,,231.0,,,2272.0
,,1488.0,,,,,5.0,,3575.0,694.0,1129.0,1706.0,,,,1972.0,,,816.0,,2941.0,,,95.0
,,2515.0,,,,,143.0,,1149.0,2398.0,252.0,1309.0,,,,49.0,,,1094.0,,2646.0,,,384.0
,,653.0,,,,,2751.0,,3371.0,1689.0,2342.0,1826.0,,,,2272.0,,,49.0,,2600.0,,,2387.0
,,2173.0,,,,,1977.0,,1244.0,1760.0,2984.0,23.0,,,,95.0,,,2577.0,,3676.0,,,49.0
,,2861.0,,,,,3372.0,,1193.0,3144.0,2472.0,3068.0,,,,1094.0,,,3487.0,,2267.0,,,2182.0
,,1383.0,,,,,2241.0,,1684.0,1182.0,210.0,989.0,,,,913.0,,,384.0,,701.0,,,878.0
,,2600.0,,,,,3201.0,,377.0,2750.0,1785.0,916.0,,,,419.0,,,200.0,,2711.0,,,3843.0
,,2804.0,,,,,1689.0,,1914.0,1305.0,1111.0,32.0,,,,3411.0,,,2272.0,,26.0,,,2999.0
,,1571.0,,,,,3480.0,,1417.0,8.0,3046.0,262.0,,,,3487.0,,,95.0,,2861.0,,,2914.0
,,1524.0,,,,,1255.0,,248.0,2484.0,1854.0,1347.0,,,,816.0,,,2387.0,,2922.0,,,816.0
,,1429.0,,,,,913.0,,3810.0,1010.0,2139.0,233.0,,,,384.0,,,878.0,,2588.0,,,2169.0
,,2594.0,,,,,2398.0,,2515.0,773.0,1914.0,3696.0,,,,200.0,,,3843.0,,261.0,,,361.0
,,3403.0,,,,,2272.0,,2594.0,559.0,2963.0,1745.0,,,,2169.0,,,3411.0,,3706.0,,,2887.0
,,1799.0,,,,,989.0,,1524.0,1843.0,2395.0,992.0,,,,2387.0,,,913.0,,1580.0,,,3234.0
,,1008.0,,,,,1760.0,,2687.0,2187.0,1149.0,2934.0,,,,3843.0,,,791.0,,519.0,,,419.0
,,1672.0,,,,,872.0,,1488.0,3441.0,663.0,803.0,,,,2577.0,,,2263.0,,2116.0,,,1431.0
,,1655.0,,,,,740.0,,1383.0,1458.0,3181.0,960.0,,,,2999.0,,,3352.0,,2644.0,,,1027.0
,,82.0,,,,,3144.0,,2804.0,876.0,248.0,3233.0,,,,2182.0,,,1027.0,,24.0,,,3352.0
,,275.0,,,,,3370.0,,89.0,629.0,2404.0,1013.0,,,,3352.0,,,3234.0,,1602.0,,,3411.0
,,1499.0,,,,,694.0,,2173.0,85.0,107.0,1650.0,,,,2263.0,,,2887.0,,301.0,,,3487.0
,,2612.0,,,,,937.0,,2861.0,2842.0,235.0,1170.0,,,,791.0,,,361.0,,3821.0,,,791.0
,,817.0,,,,,1082.0,,1429.0,2319.0,3645.0,1367.0,,,,789.0,,,789.0,,1417.0,,,2263.0
,,3464.0,,,,,2484.0,,1571.0,380.0,1587.0,1368.0,,,,2887.0,,,1431.0,,1295.0,,,789.0
,,228.0,,,,,8.0,,1008.0,2343.0,850.0,117.0,,,,1427.0,,,2957.0,,1821.0,,,2090.0
,,355.0,,,,,876.0,,2600.0,2384.0,91.0,1208.0,,,,2957.0,,,1427.0,,1923.0,,,1427.0
,,1990.0,,,,,1305.0,,653.0,466.0,1244.0,2647.0,,,,1794.0,,,2090.0,,2687.0,,,3384.0
,,3384.0,,,,,1182.0,,1799.0,1106.0,911.0,2650.0,,,,1431.0,,,3006.0,,2774.0,,,2957.0
,,1497.0,,,,,2750.0,,275.0,3450.0,76.0,3145.0,,,,2090.0,,,3384.0,,2984.0,,,1794.0
,,779.0,,,,,1594.0,,82.0,3425.0,1738.0,2666.0,,,,1027.0,,,1794.0,,252.0,,,3006.0
,,3682.0,,,,,1843.0,,1672.0,2376.0,2367.0,2945.0,,,,361.0,,,779.0,,2342.0,,,779.0
,,5.0,,,,,1010.0,,3403.0,460.0,2627.0,2189.0,,,,3234.0,,,346.0,,2472.0,,,104.0
,,143.0,,,,,1458.0,,2612.0,1791.0,2450.0,382.0,,,,3384.0,,,1668.0,,1785.0,,,2313.0
,,2751.0,,,,,2187.0,,1655.0,1685.0,1534.0,3209.0,,,,2280.0,,,2280.0,,1129.0,,,2797.0
,,1977.0,,,,,773.0,,355.0,2401.0,2945.0,876.0,,,,779.0,,,2797.0,,1985.0,,,346.0
,,3201.0,,,,,3441.0,,1990.0,2080.0,1338.0,727.0,,,,104.0,,,3765.0,,210.0,,,2280.0
,,3480.0,,,,,559.0,,1499.0,789.0,1122.0,3603.0,,,,2795.0,,,2795.0,,1854.0,,,2795.0
,,3372.0,,,,,85.0,,1497.0,2894.0,11.0,2170.0,,,,2797.0,,,609.0,,1111.0,,,3765.0
,,913.0,,,,,629.0,,3464.0,426.0,117.0,5.0,,,,2313.0,,,2845.0,,1244.0,,,1648.0
,,2241.0,,,,,466.0,,817.0,2445.0,100.0,869.0,,,,3006.0,,,2313.0,,3046.0,,,609.0
,,937.0,,,,,2842.0,,228.0,1702.0,620.0,3155.0,,,,346.0,,,104.0,,107.0,,,2845.0
,,694.0,,,,,380.0,,3384.0,1270.0,2501.0,3833.0,,,,609.0,,,1648.0,,2139.0,,,3191.0
,,1689.0,,,,,3425.0,,2751.0,1831.0,3644.0,101.0,,,,2845.0,,,3451.0,,235.0,,,1335.0
,,3144.0,,,,,1106.0,,779.0,1326.0,2548.0,1763.0,,,,3191.0,,,2362.0,,2367.0,,,1668.0
,,1255.0,,,,,2319.0,,5.0,3034.0,1484.0,1823.0,,,,2582.0,,,2582.0,,1738.0,,,1192.0
,,1760.0,,,,,3450.0,,1977.0,2709.0,1980.0,2348.0,,,,1335.0,,,1192.0,,2963.0,,,2582.0
,,3370.0,,,,,2343.0,,2241.0,2432.0,3293.0,2913.0,,,,1536.0,,,2408.0,,2404.0,,,2352.0
,,1594.0,,,,,2384.0,,3372.0,267.0,3348.0,684.0,,,,3451.0,,,3191.0,,663.0,,,2362.0
,,2272.0,,,,,2376.0,,3682.0,3291.0,3305.0,2572.0,,,,1648.0,,,1335.0,,2395.0,,,297.0
,,872.0,,,,,1791.0,,3201.0,423.0,3837.0,668.0,,,,1668.0,,,645.0,,3645.0,,,2408.0
,,740.0,,,,,2401.0,,3480.0,427.0,2819.0,2532.0,,,,3765.0,,,993.0,,1149.0,,,993.0
,,989.0,,,,,460.0,,143.0,1836.0,2458.0,3220.0,,,,993.0,,,2546.0,,850.0,,,645.0
,,1182.0,,,,,2080.0,,913.0,3042.0,1561.0,3074.0,,,,2408.0,,,1536.0,,76.0,,,2391.0
,,1305.0,,,,,2445.0,,1594.0,684.0,621.0,1510.0,,,,297.0,,,2352.0,,1914.0,,,2075.0
,,8.0,,,,,1702.0,,2272.0,43.0,2696.0,3402.0,,,,2352.0,,,1997.0,,2627.0,,,2546.0
,,1082.0,,,,,1685.0,,872.0,2884.0,1530.0,3690.0,,,,2362.0,,,297.0,,3181.0,,,929.0
,,2398.0,,,,,426.0,,694.0,835.0,1690.0,1028.0,,,,1192.0,,,1981.0,,91.0,,,1536.0
,,2484.0,,,,,1836.0,,1760.0,974.0,1990.0,696.0,,,,645.0,,,929.0,,911.0,,,167.0
,,2187.0,,,,,1270.0,,1082.0,1597.0,3624.0,700.0,,,,1981.0,,,2391.0,,248.0,,,3451.0
,,1010.0,,,,,2894.0,,989.0,235.0,1116.0,366.0,,,,1997.0,,,1817.0,,1587.0,,,1817.0
,,2750.0,,,,,1326.0,,2398.0,1591.0,258.0,661.0,,,,2075.0,,,167.0,,2501.0,,,1997.0
,,876.0,,,,,2432.0,,3370.0,2305.0,2149.0,790.0,,,,2546.0,,,2075.0,,2450.0,,,1981.0
,,773.0,,,,,427.0,,937.0,1999.0,848.0,3349.0,,,,929.0,,,3283.0,,100.0,,,3283.0
,,559.0,,,,,1831.0,,3144.0,2630.0,3034.0,3105.0,,,,2395.0,,,3073.0,,1122.0,,,2395.0
,,1843.0,,,,,684.0,,1689.0,1144.0,423.0,547.0,,,,3073.0,,,2395.0,,2945.0,,,3472.0
,,1458.0,,,,,3034.0,,740.0,573.0,267.0,3396.0,,,,3472.0,,,3472.0,,1338.0,,,3073.0
,,3441.0,,,,,423.0,,1255.0,326.0,2726.0,617.0,,,,167.0,,,985.0,,1534.0,,,985.0
,,629.0,,,,,2709.0,,2484.0,2290.0,2289.0,3320.0,,,,2391.0,,,3156.0,,11.0,,,1353.0
,,85.0,,,,,3291.0,,8.0,3809.0,921.0,386.0,,,,1817.0,,,1410.0,,117.0,,,3574.0
,,466.0,,,,,2884.0,,1182.0,1789.0,1145.0,1034.0,,,,3283.0,,,1353.0,,3293.0,,,1410.0
,,380.0,,,,,3042.0,,1305.0,1581.0,266.0,1749.0,,,,985.0,,,2839.0,,620.0,,,3139.0
,,3450.0,,,,,267.0,,2750.0,1889.0,2065.0,545.0,,,,1353.0,,,580.0,,1980.0,,,3326.0
,,2319.0,,,,,974.0,,1843.0,2324.0,3630.0,1432.0,,,,3326.0,,,2951.0,,3305.0,,,2839.0
,,1106.0,,,,,235.0,,1458.0,2156.0,1780.0,2249.0,,,,2839.0,,,3326.0,,2548.0,,,580.0
,,2384.0,,,,,43.0,,559.0,1098.0,101.0,2308.0,,,,2951.0,,,3574.0,,3348.0,,,2951.0
,,2343.0,,,,,1597.0,,629.0,1844.0,1763.0,836.0,,,,580.0,,,3139.0,,1484.0,,,2142.0
,,3425.0,,,,,1591.0,,773.0,3380.0,490.0,1761.0,,,,3574.0,,,2142.0,,3837.0,,,3156.0
,,2376.0,,,,,835.0,,3441.0,2171.0,3558.0,1767.0,,,,3139.0,,,3749.0,,3644.0,,,2379.0
,,1791.0,,,,,573.0,,876.0,1792.0,3347.0,2920.0,,,,3156.0,,,2379.0,,2819.0,,,1907.0
,,789.0,,,,,2630.0,,1010.0,1310.0,2960.0,2817.0,,,,1410.0,,,423.0,,1561.0,,,2459.0
,,460.0,,,,,3809.0,,2187.0,1028.0,2700.0,2801.0,,,,2142.0,,,1907.0,,2458.0,,,1394.0
,,1702.0,,,,,2305.0,,85.0,336.0,826.0,722.0,,,,2459.0,,,1394.0,,621.0,,,3749.0
,,2401.0,,,,,2156.0,,1106.0,3194.0,604.0,2731.0,,,,3749.0,,,1891.0,,1116.0,,,423.0
,,1270.0,,,,,1789.0,,380.0,2951.0,1514.0,1656.0,,,,423.0,,,1010.0,,2149.0,,,1346.0
,,2080.0,,,,,3380.0,,3425.0,1694.0,2152.0,2711.0,,,,1907.0,,,389.0,,1990.0,,,389.0
,,2894.0,,,,,1889.0,,466.0,245.0,526.0,2618.0,,,,2379.0,,,1346.0,,2289.0,,,1458.0
,,1326.0,,,,,1999.0,,2319.0,3199.0,2259.0,2559.0,,,,1394.0,,,1458.0,,1690.0,,,1010.0
,,2445.0,,,,,326.0,,3450.0,3327.0,240.0,3025.0,,,,389.0,,,2459.0,,2696.0,,,3803.0
,,1831.0,,,,,1581.0,,2343.0,1707.0,2537.0,3698.0,,,,1458.0,,,3803.0,,101.0,,,2129.0
,,426.0,,,,,2290.0,,2376.0,2839.0,2283.0,2339.0,,,,1010.0,,,2783.0,,3624.0,,,1891.0
,,1685.0,,,,,1144.0,,2384.0,167.0,922.0,850.0,,,,1346.0,,,2129.0,,1145.0,,,2783.0
,,2432.0,,,,,1098.0,,1791.0,871.0,1453.0,862.0,,,,2129.0,,,2312.0,,2065.0,,,2706.0
,,3034.0,,,,,336.0,,789.0,1519.0,3637.0,2112.0,,,,3803.0,,,2307.0,,423.0,,,3058.0
,,1836.0,,,,,2951.0,,460.0,1917.0,172.0,3310.0,,,,2974.0,,,3058.0,,2726.0,,,2307.0
,,684.0,,,,,2171.0,,1685.0,552.0,3380.0,2586.0,,,,2312.0,,,2706.0,,3034.0,,,385.0
,,427.0,,,,,1792.0,,1326.0,946.0,2113.0,1762.0,,,,3058.0,,,385.0,,1780.0,,,2974.0
,,3291.0,,,,,1310.0,,1702.0,2326.0,3397.0,1031.0,,,,1891.0,,,2974.0,,1763.0,,,2312.0
,,2709.0,,,,,1844.0,,2894.0,1845.0,3829.0,2938.0,,,,2783.0,,,1702.0,,3630.0,,,1702.0
,,3042.0,,,,,1028.0,,426.0,1178.0,1475.0,212.0,,,,385.0,,,787.0,,267.0,,,100.0
,,423.0,,,,,245.0,,2080.0,1227.0,1299.0,295.0,,,,1702.0,,,100.0,,921.0,,,787.0
,,267.0,,,,,3194.0,,2401.0,1729.0,531.0,1543.0,,,,2307.0,,,963.0,,266.0,,,963.0
,,974.0,,,,,2324.0,,2445.0,1246.0,1596.0,930.0,,,,2706.0,,,2746.0,,848.0,,,2474.0
,,1597.0,,,,,3199.0,,2432.0,1700.0,939.0,3714.0,,,,130.0,,,1627.0,,3558.0,,,769.0
,,835.0,,,,,1707.0,,1270.0,2679.0,1495.0,2645.0,,,,100.0,,,1080.0,,490.0,,,459.0
,,2305.0,,,,,2839.0,,3291.0,2359.0,558.0,1895.0,,,,963.0,,,769.0,,826.0,,,2746.0
,,235.0,,,,,1519.0,,1836.0,2959.0,892.0,1783.0,,,,2474.0,,,2474.0,,604.0,,,130.0
,,573.0,,,,,3327.0,,1831.0,3702.0,2212.0,1289.0,,,,769.0,,,3098.0,,526.0,,,1627.0
,,1591.0,,,,,167.0,,2709.0,1767.0,3292.0,3350.0,,,,3098.0,,,1414.0,,1514.0,,,3098.0
,,43.0,,,,,1694.0,,684.0,2022.0,3822.0,3494.0,,,,1627.0,,,130.0,,3347.0,,,1080.0
,,3809.0,,,,,1917.0,,427.0,497.0,2071.0,363.0,,,,2746.0,,,6.0,,2152.0,,,1414.0
,,1789.0,,,,,871.0,,3034.0,2186.0,2586.0,544.0,,,,1080.0,,,459.0,,2960.0,,,1651.0
,,2630.0,,,,,3702.0,,423.0,100.0,191.0,2454.0,,,,787.0,,,2490.0,,2700.0,,,6.0
,,3380.0,,,,,1227.0,,1597.0,390.0,2307.0,539.0,,,,1651.0,,,1651.0,,3637.0,,,2593.0
,,1144.0,,,,,946.0,,267.0,1673.0,1992.0,2664.0,,,,1414.0,,,826.0,,1453.0,,,826.0
,,1581.0,,,,,1729.0,,3042.0,1356.0,973.0,3302.0,,,,459.0,,,1999.0,,922.0,,,2490.0
,,2156.0,,,,,2326.0,,43.0,1968.0,3724.0,3166.0,,,,2490.0,,,3288.0,,531.0,,,796.0
,,1999.0,,,,,1845.0,,1591.0,406.0,3422.0,3707.0,,,,826.0,,,41.0,,172.0,,,1454.0
,,1889.0,,,,,1246.0,,235.0,708.0,3493.0,3022.0,,,,6.0,,,2149.0,,2259.0,,,3288.0
,,2290.0,,,,,1178.0,,835.0,1827.0,1564.0,1089.0,,,,41.0,,,3757.0,,240.0,,,1999.0
,,1310.0,,,,,552.0,,573.0,2898.0,3240.0,3652.0,,,,3757.0,,,2593.0,,1299.0,,,41.0
,,326.0,,,,,2022.0,,974.0,2581.0,3849.0,2481.0,,,,1454.0,,,2460.0,,2537.0,,,2149.0
,,1098.0,,,,,2359.0,,2305.0,3204.0,158.0,2745.0,,,,2088.0,,,796.0,,2283.0,,,2460.0
,,2324.0,,,,,1700.0,,326.0,829.0,880.0,1072.0,,,,2593.0,,,623.0,,1596.0,,,2088.0
,,245.0,,,,,2186.0,,2630.0,1234.0,2605.0,3801.0,,,,654.0,,,654.0,,3380.0,,,3683.0
,,1694.0,,,,,497.0,,1581.0,1201.0,2070.0,1291.0,,,,3288.0,,,1454.0,,2113.0,,,654.0
,,1844.0,,,,,2679.0,,1789.0,3695.0,249.0,2619.0,,,,2460.0,,,3683.0,,3829.0,,,3757.0
,,2839.0,,,,,2959.0,,2156.0,1061.0,1357.0,3206.0,,,,1999.0,,,2088.0,,3397.0,,,623.0
,,336.0,,,,,100.0,,1889.0,565.0,2175.0,3653.0,,,,796.0,,,3605.0,,3822.0,,,1629.0
,,3194.0,,,,,1673.0,,3380.0,2662.0,518.0,3538.0,,,,2149.0,,,135.0,,1475.0,,,3605.0
,,1028.0,,,,,406.0,,1999.0,1665.0,1289.0,62.0,,,,3683.0,,,2632.0,,558.0,,,2632.0
,,2171.0,,,,,390.0,,3809.0,1762.0,3800.0,2354.0,,,,623.0,,,1629.0,,1495.0,,,135.0
,,3199.0,,,,,1356.0,,1144.0,735.0,2701.0,250.0,,,,135.0,,,765.0,,2212.0,,,3519.0
,,167.0,,,,,2581.0,,1694.0,1232.0,603.0,3305.0,,,,1177.0,,,2691.0,,892.0,,,2681.0
,,3327.0,,,,,1061.0,,1310.0,3200.0,2678.0,611.0,,,,3605.0,,,1000.0,,191.0,,,3764.0
,,1519.0,,,,,1827.0,,2171.0,2510.0,409.0,2959.0,,,,1629.0,,,3519.0,,939.0,,,765.0
,,1792.0,,,,,3204.0,,3327.0,1901.0,866.0,376.0,,,,3519.0,,,2629.0,,2586.0,,,1177.0
,,2951.0,,,,,2662.0,,3199.0,3357.0,1535.0,2000.0,,,,2148.0,,,1240.0,,973.0,,,1000.0
,,1917.0,,,,,1234.0,,1844.0,3061.0,554.0,2588.0,,,,1000.0,,,2148.0,,3422.0,,,2148.0
,,871.0,,,,,1968.0,,2324.0,1693.0,3436.0,1128.0,,,,2632.0,,,2484.0,,3292.0,,,1240.0
,,1707.0,,,,,2898.0,,1098.0,2311.0,3570.0,675.0,,,,765.0,,,1177.0,,3724.0,,,2691.0
,,2326.0,,,,,708.0,,2290.0,2522.0,2308.0,2267.0,,,,2691.0,,,3764.0,,1992.0,,,2484.0
,,1246.0,,,,,1201.0,,2839.0,659.0,2073.0,2594.0,,,,1240.0,,,2681.0,,2307.0,,,2629.0
,,1178.0,,,,,1665.0,,3194.0,856.0,1750.0,1429.0,,,,2484.0,,,3193.0,,2605.0,,,3773.0
,,2022.0,,,,,829.0,,1792.0,484.0,2817.0,771.0,,,,3193.0,,,2750.0,,158.0,,,3456.0
,,946.0,,,,,735.0,,245.0,3560.0,386.0,1932.0,,,,2750.0,,,4.0,,1564.0,,,2750.0
,,1845.0,,,,,565.0,,2951.0,1325.0,2593.0,1753.0,,,,2681.0,,,2433.0,,518.0,,,2643.0
,,552.0,,,,,3695.0,,1028.0,3208.0,1698.0,1524.0,,,,2643.0,,,3773.0,,2701.0,,,980.0
,,3702.0,,,,,3200.0,,336.0,284.0,1201.0,3159.0,,,,4.0,,,1185.0,,249.0,,,1546.0
,,1767.0,,,,,1762.0,,1917.0,2.0,2662.0,378.0,,,,3764.0,,,980.0,,3493.0,,,2433.0
,,1227.0,,,,,1232.0,,167.0,3127.0,2656.0,1658.0,,,,2154.0,,,3456.0,,3240.0,,,3193.0
,,1729.0,,,,,2510.0,,871.0,819.0,420.0,2935.0,,,,1546.0,,,1546.0,,880.0,,,1185.0
,,1700.0,,,,,1901.0,,1707.0,1960.0,877.0,2146.0,,,,2629.0,,,2643.0,,3849.0,,,2154.0
,,2959.0,,,,,1693.0,,552.0,2525.0,1595.0,2303.0,,,,3456.0,,,3575.0,,409.0,,,778.0
,,1673.0,,,,,3357.0,,1178.0,930.0,1684.0,127.0,,,,3773.0,,,2299.0,,2175.0,,,2405.0
,,2679.0,,,,,3208.0,,1729.0,1620.0,1932.0,1947.0,,,,1185.0,,,3715.0,,2070.0,,,2299.0
,,2359.0,,,,,2311.0,,1246.0,2366.0,416.0,424.0,,,,2433.0,,,2154.0,,1535.0,,,4.0
,,497.0,,,,,3061.0,,2326.0,3193.0,3317.0,1149.0,,,,980.0,,,2405.0,,3800.0,,,3575.0
,,2186.0,,,,,2522.0,,1519.0,344.0,702.0,1035.0,,,,2405.0,,,778.0,,603.0,,,1604.0
,,100.0,,,,,659.0,,1227.0,3106.0,2297.0,1972.0,,,,2299.0,,,208.0,,3436.0,,,1820.0
,,406.0,,,,,3560.0,,3702.0,698.0,2573.0,384.0,,,,3575.0,,,870.0,,1357.0,,,814.0
,,390.0,,,,,2.0,,1845.0,1835.0,1113.0,2387.0,,,,3715.0,,,1604.0,,1289.0,,,3715.0
,,1968.0,,,,,484.0,,946.0,1899.0,1835.0,3843.0,,,,778.0,,,610.0,,2678.0,,,610.0
,,708.0,,,,,819.0,,1700.0,550.0,3064.0,913.0,,,,1820.0,,,1969.0,,866.0,,,208.0
,,1356.0,,,,,3193.0,,2022.0,1875.0,2067.0,3411.0,,,,208.0,,,814.0,,2308.0,,,3221.0
,,1827.0,,,,,2525.0,,2186.0,375.0,2553.0,2272.0,,,,1969.0,,,3221.0,,2073.0,,,2155.0
,,2898.0,,,,,1620.0,,2359.0,470.0,2193.0,878.0,,,,1604.0,,,3138.0,,2593.0,,,1969.0
,,1201.0,,,,,1960.0,,1767.0,112.0,1546.0,2182.0,,,,870.0,,,2155.0,,554.0,,,870.0
,,2581.0,,,,,3127.0,,497.0,3330.0,36.0,95.0,,,,814.0,,,1820.0,,3570.0,,,978.0
,,565.0,,,,,856.0,,2959.0,304.0,3488.0,2914.0,,,,610.0,,,3097.0,,1750.0,,,3097.0
,,829.0,,,,,284.0,,2679.0,584.0,405.0,419.0,,,,2155.0,,,978.0,,386.0,,,3138.0
,,1665.0,,,,,1325.0,,1673.0,47.0,2376.0,2999.0,,,,3138.0,,,2971.0,,2817.0,,,3109.0
,,735.0,,,,,930.0,,100.0,3612.0,3631.0,49.0,,,,978.0,,,2296.0,,1698.0,,,1844.0
,,1061.0,,,,,344.0,,1827.0,3642.0,2292.0,1094.0,,,,3221.0,,,2880.0,,2656.0,,,272.0
,,3204.0,,,,,1899.0,,390.0,500.0,2530.0,1794.0,,,,3109.0,,,3050.0,,2662.0,,,2898.0
,,1234.0,,,,,698.0,,1356.0,1978.0,2085.0,3487.0,,,,272.0,,,3109.0,,1201.0,,,2296.0
,,3200.0,,,,,1835.0,,708.0,84.0,3025.0,2169.0,,,,1310.0,,,2898.0,,1684.0,,,1310.0
,,2662.0,,,,,2366.0,,1968.0,3020.0,828.0,816.0,,,,2880.0,,,1844.0,,877.0,,,2880.0
,,3695.0,,,,,375.0,,406.0,2907.0,2293.0,361.0,,,,3050.0,,,2211.0,,420.0,,,3050.0
,,1762.0,,,,,584.0,,2898.0,507.0,482.0,200.0,,,,1844.0,,,1986.0,,2297.0,,,2971.0
,,1232.0,,,,,304.0,,2581.0,2220.0,1556.0,1427.0,,,,3097.0,,,272.0,,1595.0,,,1986.0
,,1901.0,,,,,47.0,,735.0,126.0,3207.0,1027.0,,,,2296.0,,,1310.0,,1932.0,,,2211.0
,,2510.0,,,,,470.0,,3695.0,2606.0,817.0,789.0,,,,2971.0,,,1255.0,,1113.0,,,1255.0
,,3357.0,,,,,550.0,,1665.0,919.0,90.0,104.0,,,,972.0,,,1082.0,,3317.0,,,694.0
,,1693.0,,,,,2606.0,,1061.0,2978.0,1072.0,2887.0,,,,2211.0,,,694.0,,2573.0,,,2566.0
,,3061.0,,,,,112.0,,2662.0,372.0,1139.0,2090.0,,,,2898.0,,,2566.0,,1835.0,,,3646.0
,,3208.0,,,,,3612.0,,565.0,3283.0,1286.0,2957.0,,,,3646.0,,,3646.0,,2553.0,,,2048.0
,,2311.0,,,,,3642.0,,3204.0,963.0,1423.0,1431.0,,,,1986.0,,,3650.0,,416.0,,,1082.0
,,2522.0,,,,,126.0,,829.0,2899.0,2128.0,3234.0,,,,2048.0,,,443.0,,702.0,,,443.0
,,659.0,,,,,1875.0,,1232.0,2039.0,2473.0,2797.0,,,,3650.0,,,1239.0,,405.0,,,3650.0
,,484.0,,,,,2907.0,,1762.0,3234.0,1569.0,2263.0,,,,2566.0,,,2048.0,,2376.0,,,972.0
,,1620.0,,,,,507.0,,1234.0,2283.0,2830.0,3384.0,,,,443.0,,,972.0,,3488.0,,,1239.0
,,1325.0,,,,,1978.0,,1201.0,1207.0,485.0,779.0,,,,1239.0,,,1688.0,,2067.0,,,2445.0
,,3560.0,,,,,2899.0,,3200.0,2564.0,1131.0,3006.0,,,,399.0,,,360.0,,36.0,,,2145.0
,,3127.0,,,,,963.0,,2510.0,2263.0,722.0,2795.0,,,,2445.0,,,399.0,,2193.0,,,1688.0
,,2525.0,,,,,84.0,,1901.0,1027.0,3312.0,609.0,,,,2528.0,,,2961.0,,1546.0,,,2961.0
,,284.0,,,,,2220.0,,1693.0,1666.0,280.0,2280.0,,,,2349.0,,,2445.0,,3025.0,,,2528.0
,,2.0,,,,,3020.0,,659.0,960.0,1039.0,346.0,,,,2145.0,,,3157.0,,2085.0,,,2349.0
,,1960.0,,,,,500.0,,3357.0,795.0,3453.0,2313.0,,,,1865.0,,,2349.0,,2292.0,,,360.0
,,819.0,,,,,919.0,,3061.0,68.0,1711.0,3765.0,,,,2961.0,,,2145.0,,2293.0,,,399.0
,,856.0,,,,,3283.0,,3208.0,2412.0,2305.0,1648.0,,,,1688.0,,,1865.0,,3631.0,,,3157.0
,,3193.0,,,,,2283.0,,2311.0,2589.0,2008.0,297.0,,,,3157.0,,,2528.0,,2530.0,,,1865.0
,,930.0,,,,,372.0,,2522.0,1718.0,3037.0,1536.0,,,,360.0,,,2432.0,,3207.0,,,2432.0
,,1835.0,,,,,1027.0,,1960.0,3009.0,281.0,1981.0,,,,1682.0,,,1682.0,,1556.0,,,690.0
,,3106.0,,,,,1207.0,,2.0,3348.0,3130.0,2075.0,,,,1968.0,,,1968.0,,482.0,,,2298.0
,,698.0,,,,,2589.0,,3127.0,1946.0,3446.0,1335.0,,,,2298.0,,,1638.0,,90.0,,,1968.0
,,2366.0,,,,,1666.0,,1325.0,2691.0,1173.0,3451.0,,,,1638.0,,,1586.0,,1072.0,,,1682.0
,,1899.0,,,,,2978.0,,3560.0,2950.0,3426.0,1192.0,,,,690.0,,,690.0,,828.0,,,1586.0
,,584.0,,,,,3234.0,,819.0,1839.0,1102.0,2362.0,,,,387.0,,,387.0,,817.0,,,2865.0
,,375.0,,,,,2564.0,,284.0,2952.0,556.0,2408.0,,,,1586.0,,,2298.0,,2128.0,,,1638.0
,,304.0,,,,,2263.0,,856.0,1428.0,602.0,645.0,,,,2865.0,,,2865.0,,1131.0,,,387.0
,,550.0,,,,,2039.0,,1620.0,3349.0,3330.0,993.0,,,,2432.0,,,2522.0,,1039.0,,,532.0
,,112.0,,,,,1718.0,,484.0,566.0,3826.0,2352.0,,,,1025.0,,,1025.0,,3312.0,,,1025.0
,,3330.0,,,,,795.0,,2525.0,3681.0,270.0,2395.0,,,,2368.0,,,1039.0,,485.0,,,3581.0
,,3612.0,,,,,2952.0,,698.0,1842.0,1826.0,2391.0,,,,2473.0,,,2368.0,,2473.0,,,2473.0
,,1875.0,,,,,2412.0,,3193.0,2440.0,23.0,3472.0,,,,532.0,,,532.0,,1139.0,,,726.0
,,47.0,,,,,2950.0,,2366.0,770.0,2322.0,929.0,,,,615.0,,,615.0,,1286.0,,,2628.0
,,2606.0,,,,,68.0,,930.0,3165.0,3337.0,1997.0,,,,2628.0,,,3581.0,,1423.0,,,2522.0
,,507.0,,,,,960.0,,3106.0,2353.0,2918.0,1817.0,,,,726.0,,,726.0,,1569.0,,,2278.0
,,470.0,,,,,1946.0,,1899.0,1541.0,2243.0,3073.0,,,,2522.0,,,2628.0,,2830.0,,,615.0
,,126.0,,,,,3348.0,,1835.0,2391.0,340.0,3283.0,,,,3581.0,,,2147.0,,1711.0,,,2147.0
,,3642.0,,,,,1839.0,,304.0,1583.0,1706.0,985.0,,,,2278.0,,,2183.0,,280.0,,,2368.0
,,1978.0,,,,,1428.0,,584.0,2395.0,2877.0,1353.0,,,,1039.0,,,2278.0,,722.0,,,1039.0
,,963.0,,,,,2440.0,,112.0,1290.0,3289.0,1394.0,,,,2147.0,,,1512.0,,3453.0,,,3354.0
,,84.0,,,,,3009.0,,2606.0,2658.0,725.0,3574.0,,,,3354.0,,,3354.0,,3037.0,,,1646.0
,,3020.0,,,,,770.0,,1875.0,3002.0,2240.0,2379.0,,,,2183.0,,,1193.0,,1102.0,,,1912.0
,,2220.0,,,,,3349.0,,550.0,1273.0,2943.0,3156.0,,,,1646.0,,,1646.0,,3446.0,,,2183.0
,,2907.0,,,,,566.0,,470.0,820.0,2217.0,580.0,,,,1912.0,,,2447.0,,2305.0,,,1193.0
,,2899.0,,,,,2691.0,,375.0,2708.0,179.0,423.0,,,,1512.0,,,2995.0,,556.0,,,2447.0
,,919.0,,,,,3165.0,,3330.0,3191.0,976.0,2142.0,,,,2447.0,,,2473.0,,602.0,,,1512.0
,,2978.0,,,,,2353.0,,3612.0,2843.0,222.0,3749.0,,,,276.0,,,1912.0,,3426.0,,,276.0
,,3283.0,,,,,3681.0,,47.0,2712.0,3573.0,1907.0,,,,2455.0,,,276.0,,2008.0,,,2995.0
,,2283.0,,,,,1541.0,,507.0,3310.0,2262.0,1458.0,,,,1193.0,,,2455.0,,1173.0,,,2455.0
,,1027.0,,,,,2391.0,,3020.0,1983.0,954.0,1346.0,,,,943.0,,,740.0,,2322.0,,,3772.0
,,372.0,,,,,3002.0,,2899.0,1475.0,1000.0,1010.0,,,,2995.0,,,2286.0,,2918.0,,,8.0
,,1666.0,,,,,1290.0,,1978.0,1363.0,2390.0,389.0,,,,2879.0,,,8.0,,1826.0,,,740.0
,,3234.0,,,,,1842.0,,126.0,2631.0,2300.0,3803.0,,,,2286.0,,,3772.0,,3130.0,,,2286.0
,,2564.0,,,,,3191.0,,919.0,531.0,2794.0,2129.0,,,,8.0,,,943.0,,3330.0,,,943.0
,,2263.0,,,,,1583.0,,3642.0,1656.0,2301.0,1891.0,,,,1063.0,,,2984.0,,3337.0,,,411.0
,,2039.0,,,,,2395.0,,2220.0,2242.0,1228.0,2974.0,,,,2984.0,,,2879.0,,23.0,,,2879.0
,,1207.0,,,,,1273.0,,84.0,3428.0,2302.0,2783.0,,,,3772.0,,,1063.0,,3826.0,,,1063.0
,,68.0,,,,,2843.0,,2907.0,831.0,3597.0,385.0,,,,740.0,,,411.0,,1706.0,,,2984.0
,,960.0,,,,,531.0,,963.0,2463.0,532.0,1702.0,,,,411.0,,,1252.0,,2877.0,,,1574.0
,,1718.0,,,,,831.0,,2978.0,979.0,2594.0,2307.0,,,,2943.0,,,936.0,,340.0,,,936.0
,,2950.0,,,,,2782.0,,2283.0,3582.0,3633.0,787.0,,,,2022.0,,,287.0,,281.0,,,2718.0
,,2412.0,,,,,3428.0,,2039.0,2782.0,1571.0,2474.0,,,,2718.0,,,2718.0,,222.0,,,713.0
,,795.0,,,,,3152.0,,3283.0,1164.0,169.0,1627.0,,,,1252.0,,,2022.0,,179.0,,,1252.0
,,2589.0,,,,,1164.0,,372.0,3152.0,659.0,963.0,,,,936.0,,,1574.0,,2943.0,,,2022.0
,,1946.0,,,,,2708.0,,2564.0,292.0,2446.0,3058.0,,,,1574.0,,,2943.0,,2243.0,,,287.0
,,3348.0,,,,,2658.0,,1027.0,1487.0,3233.0,1080.0,,,,287.0,,,924.0,,270.0,,,924.0
,,3349.0,,,,,2463.0,,3234.0,2752.0,2739.0,2706.0,,,,1112.0,,,713.0,,2240.0,,,1112.0
,,1839.0,,,,,2242.0,,1207.0,2396.0,1184.0,2312.0,,,,713.0,,,1112.0,,725.0,,,2943.0
,,1428.0,,,,,1363.0,,1666.0,2614.0,1618.0,3098.0,,,,924.0,,,2668.0,,2217.0,,,2668.0
,,2691.0,,,,,2712.0,,795.0,2437.0,2756.0,1414.0,,,,2668.0,,,3518.0,,2262.0,,,1591.0
,,3009.0,,,,,1656.0,,2263.0,1200.0,2647.0,2746.0,,,,1591.0,,,3353.0,,3289.0,,,3518.0
,,770.0,,,,,979.0,,960.0,805.0,1806.0,3757.0,,,,1712.0,,,2602.0,,976.0,,,3393.0
,,3165.0,,,,,3310.0,,68.0,1873.0,1603.0,1651.0,,,,3518.0,,,3393.0,,3573.0,,,2602.0
,,2353.0,,,,,3582.0,,2950.0,2937.0,3794.0,796.0,,,,351.0,,,2005.0,,1000.0,,,351.0
,,566.0,,,,,820.0,,2412.0,2774.0,1132.0,1999.0,,,,3393.0,,,1591.0,,2300.0,,,1712.0
,,3681.0,,,,,292.0,,2589.0,3401.0,2519.0,826.0,,,,2602.0,,,351.0,,1228.0,,,2005.0
,,2395.0,,,,,1475.0,,1718.0,1557.0,3213.0,769.0,,,,2005.0,,,1183.0,,954.0,,,1183.0
,,1541.0,,,,,1983.0,,1946.0,1923.0,2356.0,130.0,,,,2247.0,,,1712.0,,2390.0,,,2247.0
,,2440.0,,,,,2631.0,,3348.0,1821.0,1028.0,459.0,,,,3353.0,,,2247.0,,2301.0,,,3353.0
,,1842.0,,,,,2752.0,,770.0,3365.0,2535.0,1454.0,,,,976.0,,,2283.0,,2302.0,,,3577.0
,,2391.0,,,,,1487.0,,566.0,1527.0,129.0,2460.0,,,,3144.0,,,3577.0,,3633.0,,,3573.0
,,1583.0,,,,,2396.0,,3165.0,371.0,1138.0,2149.0,,,,3573.0,,,665.0,,1571.0,,,976.0
,,1290.0,,,,,1873.0,,3009.0,1314.0,473.0,3288.0,,,,3577.0,,,3144.0,,2594.0,,,3144.0
,,3191.0,,,,,3401.0,,1839.0,3768.0,1607.0,2593.0,,,,1183.0,,,3573.0,,3597.0,,,3492.0
,,831.0,,,,,2614.0,,1428.0,3166.0,1043.0,2088.0,,,,2276.0,,,2276.0,,659.0,,,665.0
,,3582.0,,,,,805.0,,2440.0,3322.0,2492.0,41.0,,,,3711.0,,,976.0,,532.0,,,2276.0
,,3002.0,,,,,2937.0,,3349.0,1500.0,2888.0,3683.0,,,,665.0,,,1927.0,,169.0,,,2283.0
,,3428.0,,,,,1200.0,,2691.0,2784.0,1969.0,623.0,,,,1726.0,,,2279.0,,2446.0,,,2279.0
,,1475.0,,,,,2437.0,,3681.0,2629.0,1586.0,1629.0,,,,1327.0,,,2414.0,,2794.0,,,3711.0
,,2712.0,,,,,1557.0,,2353.0,2586.0,2773.0,3605.0,,,,2279.0,,,2757.0,,2519.0,,,2414.0
,,2782.0,,,,,2774.0,,1541.0,3053.0,2578.0,135.0,,,,3492.0,,,848.0,,1132.0,,,246.0
,,2631.0,,,,,1821.0,,2391.0,2704.0,2398.0,3519.0,,,,2757.0,,,1726.0,,3233.0,,,830.0
,,2658.0,,,,,3166.0,,1842.0,1605.0,2417.0,2632.0,,,,2414.0,,,951.0,,2756.0,,,1927.0
,,2708.0,,,,,1314.0,,2395.0,3419.0,1594.0,1000.0,,,,2283.0,,,3711.0,,2647.0,,,848.0
,,1164.0,,,,,1500.0,,3002.0,2688.0,1570.0,765.0,,,,246.0,,,1327.0,,1806.0,,,1726.0
,,3152.0,,,,,1923.0,,1290.0,244.0,2541.0,2148.0,,,,1927.0,,,830.0,,2739.0,,,1327.0
,,820.0,,,,,371.0,,1583.0,2298.0,1881.0,2629.0,,,,3752.0,,,3492.0,,1184.0,,,2757.0
,,2463.0,,,,,3365.0,,3191.0,3305.0,3707.0,1240.0,,,,848.0,,,246.0,,3794.0,,,3752.0
,,979.0,,,,,3322.0,,1656.0,1973.0,2328.0,3764.0,,,,830.0,,,3752.0,,1603.0,,,951.0
,,2752.0,,,,,2784.0,,2782.0,2935.0,908.0,1185.0,,,,3435.0,,,2822.0,,1028.0,,,2466.0
,,3310.0,,,,,2586.0,,820.0,1025.0,3843.0,1546.0,,,,3587.0,,,2466.0,,3213.0,,,3587.0
,,292.0,,,,,1527.0,,2658.0,3597.0,872.0,2643.0,,,,1520.0,,,3587.0,,1607.0,,,1520.0
,,2242.0,,,,,3768.0,,2708.0,3303.0,835.0,2154.0,,,,2742.0,,,2742.0,,1618.0,,,2822.0
,,1983.0,,,,,2629.0,,2712.0,1670.0,1765.0,3456.0,,,,951.0,,,1520.0,,2356.0,,,2742.0
,,531.0,,,,,3053.0,,979.0,3811.0,3445.0,3773.0,,,,2822.0,,,3435.0,,1138.0,,,3435.0
,,1487.0,,,,,2298.0,,2463.0,997.0,793.0,2433.0,,,,2466.0,,,362.0,,129.0,,,3125.0
,,2396.0,,,,,1605.0,,831.0,771.0,3308.0,980.0,,,,3116.0,,,3125.0,,473.0,,,3116.0
,,1363.0,,,,,244.0,,3428.0,2702.0,1597.0,4.0,,,,2627.0,,,2627.0,,1043.0,,,2627.0
,,1656.0,,,,,3305.0,,531.0,2291.0,1503.0,2405.0,,,,3125.0,,,3116.0,,2888.0,,,362.0
,,2614.0,,,,,3419.0,,2242.0,2405.0,78.0,3575.0,,,,1988.0,,,3530.0,,1969.0,,,264.0
,,2937.0,,,,,2935.0,,1983.0,2075.0,2428.0,1820.0,,,,3530.0,,,1988.0,,1586.0,,,3530.0
,,2774.0,,,,,3811.0,,1475.0,3312.0,2163.0,1969.0,,,,2599.0,,,1125.0,,3707.0,,,2699.0
,,3401.0,,,,,1670.0,,292.0,3329.0,1288.0,610.0,,,,2576.0,,,2576.0,,1570.0,,,3385.0
,,2437.0,,,,,2704.0,,2631.0,2145.0,974.0,3097.0,,,,264.0,,,628.0,,2492.0,,,1988.0
,,805.0,,,,,3597.0,,1363.0,428.0,1477.0,208.0,,,,362.0,,,241.0,,2535.0,,,3693.0
,,1557.0,,,,,3303.0,,1164.0,283.0,3170.0,2299.0,,,,1423.0,,,1890.0,,1881.0,,,1125.0
,,1821.0,,,,,2688.0,,3310.0,374.0,16.0,814.0,,,,1125.0,,,2599.0,,872.0,,,2576.0
,,1200.0,,,,,1973.0,,3582.0,2628.0,1565.0,870.0,,,,658.0,,,3385.0,,2328.0,,,1751.0
,,1923.0,,,,,771.0,,3152.0,2908.0,421.0,2155.0,,,,794.0,,,658.0,,3445.0,,,2753.0
,,2629.0,,,,,2291.0,,2614.0,234.0,1909.0,3109.0,,,,2830.0,,,2787.0,,3843.0,,,658.0
,,1314.0,,,,,2702.0,,1487.0,3734.0,435.0,2296.0,,,,3385.0,,,3693.0,,908.0,,,3428.0
,,3166.0,,,,,1025.0,,1873.0,317.0,1323.0,978.0,,,,628.0,,,485.0,,2417.0,,,2830.0
,,3322.0,,,,,283.0,,2752.0,342.0,2331.0,2211.0,,,,388.0,,,3428.0,,2398.0,,,1423.0
,,3365.0,,,,,3312.0,,805.0,3481.0,926.0,3221.0,,,,3693.0,,,388.0,,2578.0,,,794.0
,,3768.0,,,,,997.0,,2937.0,1781.0,3507.0,2880.0,,,,2086.0,,,2753.0,,1594.0,,,1669.0
,,1500.0,,,,,2075.0,,2396.0,2182.0,2451.0,1844.0,,,,241.0,,,1669.0,,2773.0,,,388.0
,,371.0,,,,,428.0,,3401.0,1139.0,843.0,3050.0,,,,485.0,,,2830.0,,2541.0,,,485.0
,,1527.0,,,,,2145.0,,2437.0,3133.0,3004.0,1310.0,,,,2699.0,,,88.0,,3308.0,,,241.0
,,2586.0,,,,,2628.0,,1200.0,0.0,3458.0,2898.0,,,,2753.0,,,1751.0,,1503.0,,,628.0
,,2298.0,,,,,3734.0,,371.0,1184.0,764.0,1082.0,,,,2787.0,,,2699.0,,1765.0,,,2086.0
,,2784.0,,,,,317.0,,3322.0,2787.0,2039.0,694.0,,,,88.0,,,2086.0,,2428.0,,,2787.0
,,244.0,,,,,2908.0,,1500.0,2957.0,1117.0,2048.0,,,,1751.0,,,794.0,,793.0,,,2599.0
,,3053.0,,,,,3133.0,,3166.0,1794.0,3321.0,1986.0,,,,3428.0,,,264.0,,835.0,,,88.0
,,1605.0,,,,,3329.0,,1821.0,2887.0,2772.0,972.0,,,,1752.0,,,3140.0,,974.0,,,3140.0
,,3419.0,,,,,3481.0,,2774.0,1208.0,2405.0,3646.0,,,,3158.0,,,3158.0,,78.0,,,1752.0
,,2688.0,,,,,1781.0,,1923.0,3233.0,1066.0,1255.0,,,,3140.0,,,3096.0,,1477.0,,,1890.0
,,2704.0,,,,,374.0,,1557.0,3518.0,1517.0,1239.0,,,,1408.0,,,1423.0,,1288.0,,,3158.0
,,3305.0,,,,,342.0,,1314.0,425.0,256.0,443.0,,,,1669.0,,,1752.0,,16.0,,,1050.0
,,1973.0,,,,,234.0,,3365.0,738.0,537.0,2566.0,,,,1890.0,,,2744.0,,1565.0,,,1928.0
,,2935.0,,,,,2182.0,,2586.0,1709.0,2299.0,2145.0,,,,3096.0,,,1408.0,,1909.0,,,1515.0
,,771.0,,,,,2787.0,,1527.0,1179.0,372.0,3157.0,,,,1928.0,,,1928.0,,2331.0,,,1962.0
,,3303.0,,,,,2957.0,,2629.0,1319.0,3602.0,3650.0,,,,2728.0,,,1050.0,,966.0,,,3114.0
,,997.0,,,,,1184.0,,3768.0,383.0,2345.0,2349.0,,,,1050.0,,,1962.0,,3507.0,,,2728.0
,,1025.0,,,,,3518.0,,3053.0,2825.0,854.0,1865.0,,,,2130.0,,,2130.0,,926.0,,,3096.0
,,1670.0,,,,,1794.0,,1605.0,3332.0,1677.0,1688.0,,,,1962.0,,,2728.0,,421.0,,,1408.0
,,3811.0,,,,,2887.0,,2784.0,2969.0,3816.0,2961.0,,,,2744.0,,,1515.0,,372.0,,,2130.0
,,3597.0,,,,,3233.0,,244.0,1026.0,993.0,399.0,,,,1845.0,,,1961.0,,537.0,,,3438.0
,,2291.0,,,,,0.0,,2298.0,2506.0,613.0,2445.0,,,,1961.0,,,3621.0,,2451.0,,,2744.0
,,2702.0,,,,,1208.0,,1973.0,2622.0,3803.0,360.0,,,,2294.0,,,1845.0,,1117.0,,,2295.0
,,283.0,,,,,425.0,,2688.0,2602.0,3569.0,2528.0,,,,1515.0,,,3705.0,,1323.0,,,3621.0
,,3312.0,,,,,383.0,,3419.0,1269.0,3771.0,1586.0,,,,3438.0,,,1592.0,,256.0,,,1845.0
,,2145.0,,,,,738.0,,3305.0,2214.0,2066.0,2298.0,,,,3705.0,,,2690.0,,993.0,,,1961.0
,,2405.0,,,,,1319.0,,1670.0,2005.0,1599.0,690.0,,,,2295.0,,,3114.0,,3458.0,,,2294.0
,,374.0,,,,,1179.0,,2935.0,1780.0,966.0,1968.0,,,,3621.0,,,3392.0,,3803.0,,,2690.0
,,428.0,,,,,3332.0,,2704.0,633.0,3418.0,2865.0,,,,2690.0,,,2295.0,,1066.0,,,3705.0
,,2075.0,,,,,2825.0,,3811.0,2307.0,2471.0,532.0,,,,3114.0,,,2294.0,,2039.0,,,3392.0
,,3329.0,,,,,1709.0,,1025.0,1933.0,195.0,726.0,,,,3392.0,,,3438.0,,1517.0,,,1355.0
,,2628.0,,,,,2969.0,,3303.0,2572.0,1208.0,1682.0,,,,1355.0,,,1355.0,,2471.0,,,86.0
,,2908.0,,,,,2506.0,,3597.0,1343.0,2234.0,387.0,,,,1592.0,,,86.0,,2405.0,,,1592.0
,,1781.0,,,,,1269.0,,2702.0,2227.0,2338.0,615.0,,,,19.0,,,517.0,,1208.0,,,19.0
,,234.0,,,,,2005.0,,2291.0,53.0,263.0,2522.0,,,,86.0,,,2153.0,,3418.0,,,637.0
,,3133.0,,,,,2602.0,,771.0,782.0,1426.0,1638.0,,,,2153.0,,,1946.0,,3816.0,,,2449.0
,,317.0,,,,,2622.0,,997.0,1471.0,2366.0,1025.0,,,,637.0,,,3750.0,,764.0,,,517.0
,,342.0,,,,,1026.0,,2405.0,407.0,1787.0,2628.0,,,,2449.0,,,637.0,,854.0,,,2917.0
,,3734.0,,,,,633.0,,283.0,3285.0,682.0,1646.0,,,,517.0,,,2449.0,,843.0,,,2153.0
,,2182.0,,,,,2214.0,,2075.0,3690.0,2721.0,2368.0,,,,2917.0,,,2917.0,,613.0,,,3750.0
,,0.0,,,,,1780.0,,3312.0,833.0,1784.0,2473.0,,,,1501.0,,,19.0,,3321.0,,,2241.0
,,2787.0,,,,,2572.0,,2145.0,3314.0,1704.0,1039.0,,,,1946.0,,,786.0,,2299.0,,,743.0
,,1139.0,,,,,1933.0,,428.0,804.0,1761.0,2183.0,,,,3750.0,,,743.0,,3004.0,,,1946.0
,,1794.0,,,,,1471.0,,3329.0,3379.0,1021.0,2995.0,,,,494.0,,,1501.0,,2345.0,,,3651.0
,,2957.0,,,,,2227.0,,2628.0,1898.0,2379.0,2147.0,,,,743.0,,,92.0,,1677.0,,,83.0
,,2887.0,,,,,3690.0,,374.0,2593.0,1311.0,1512.0,,,,83.0,,,2241.0,,2772.0,,,92.0
,,1184.0,,,,,2307.0,,317.0,891.0,259.0,2447.0,,,,92.0,,,3651.0,,435.0,,,786.0
,,3233.0,,,,,1343.0,,1781.0,1708.0,875.0,2455.0,,,,3651.0,,,877.0,,3602.0,,,877.0
,,3518.0,,,,,782.0,,3133.0,1078.0,2734.0,1912.0,,,,2241.0,,,1814.0,,1599.0,,,1814.0
,,1319.0,,,,,833.0,,2908.0,301.0,3291.0,1193.0,,,,877.0,,,83.0,,3771.0,,,1501.0
,,1208.0,,,,,53.0,,342.0,3369.0,442.0,276.0,,,,786.0,,,1657.0,,195.0,,,494.0
,,425.0,,,,,804.0,,234.0,858.0,3042.0,8.0,,,,1814.0,,,2790.0,,2066.0,,,2790.0
,,738.0,,,,,3285.0,,3734.0,3088.0,1877.0,3772.0,,,,1657.0,,,494.0,,2234.0,,,1657.0
,,1179.0,,,,,3314.0,,1139.0,211.0,912.0,740.0,,,,2790.0,,,514.0,,3569.0,,,1237.0
,,2602.0,,,,,3369.0,,2182.0,438.0,2598.0,2286.0,,,,723.0,,,1237.0,,2338.0,,,3734.0
,,1026.0,,,,,1898.0,,0.0,3125.0,3681.0,943.0,,,,2305.0,,,723.0,,2366.0,,,514.0
,,3332.0,,,,,407.0,,1184.0,1749.0,2000.0,2984.0,,,,2315.0,,,2315.0,,1426.0,,,723.0
,,2005.0,,,,,3088.0,,2887.0,3654.0,2803.0,1574.0,,,,514.0,,,2305.0,,2721.0,,,2315.0
,,2825.0,,,,,1708.0,,2787.0,3182.0,1083.0,1063.0,,,,1237.0,,,380.0,,263.0,,,3314.0
,,383.0,,,,,858.0,,3233.0,3717.0,355.0,411.0,,,,1672.0,,,3734.0,,682.0,,,2305.0
,,2969.0,,,,,1078.0,,2957.0,3599.0,553.0,2879.0,,,,3734.0,,,1672.0,,1784.0,,,1672.0
,,2506.0,,,,,301.0,,1794.0,3764.0,2688.0,1252.0,,,,3314.0,,,3314.0,,1787.0,,,380.0
,,2622.0,,,,,2593.0,,3518.0,1101.0,862.0,2718.0,,,,380.0,,,3087.0,,1761.0,,,232.0
,,1780.0,,,,,891.0,,738.0,1012.0,3763.0,287.0,,,,3087.0,,,232.0,,3291.0,,,2907.0
,,633.0,,,,,3654.0,,425.0,3032.0,3554.0,2943.0,,,,1505.0,,,3774.0,,1083.0,,,3087.0
,,1269.0,,,,,1749.0,,383.0,1362.0,3750.0,2668.0,,,,3526.0,,,2907.0,,553.0,,,3526.0
,,1933.0,,,,,438.0,,1179.0,2249.0,1123.0,936.0,,,,232.0,,,3526.0,,259.0,,,2131.0
,,2214.0,,,,,3125.0,,1208.0,2970.0,1340.0,2022.0,,,,2907.0,,,1230.0,,1704.0,,,3774.0
,,1343.0,,,,,3599.0,,1319.0,3530.0,165.0,3393.0,,,,3083.0,,,3083.0,,2803.0,,,1505.0
,,2572.0,,,,,3379.0,,2825.0,3311.0,2919.0,713.0,,,,2131.0,,,1505.0,,1311.0,,,3083.0
,,2307.0,,,,,3717.0,,3332.0,471.0,2629.0,1112.0,,,,3850.0,,,2131.0,,1021.0,,,3737.0
,,3690.0,,,,,3182.0,,2969.0,1969.0,2323.0,924.0,,,,3737.0,,,3850.0,,2734.0,,,1230.0
,,1471.0,,,,,211.0,,1026.0,2426.0,3623.0,3518.0,,,,3774.0,,,3737.0,,442.0,,,3850.0
,,782.0,,,,,1101.0,,2622.0,3501.0,27.0,2005.0,,,,699.0,,,1200.0,,3042.0,,,1095.0
,,53.0,,,,,3764.0,,2005.0,2149.0,194.0,976.0,,,,1587.0,,,699.0,,3681.0,,,1764.0
,,2227.0,,,,,3530.0,,2506.0,822.0,2156.0,3144.0,,,,1764.0,,,1587.0,,2379.0,,,1587.0
,,833.0,,,,,2970.0,,1269.0,1408.0,151.0,665.0,,,,1095.0,,,1764.0,,1877.0,,,1747.0
,,1898.0,,,,,3032.0,,2214.0,599.0,3168.0,351.0,,,,1747.0,,,1361.0,,875.0,,,1200.0
,,3285.0,,,,,1012.0,,2602.0,217.0,2242.0,3573.0,,,,1200.0,,,1095.0,,355.0,,,699.0
,,407.0,,,,,3311.0,,1780.0,2700.0,132.0,1712.0,,,,1230.0,,,2350.0,,2688.0,,,2350.0
,,3314.0,,,,,1362.0,,633.0,1998.0,429.0,3577.0,,,,2350.0,,,1747.0,,912.0,,,1361.0
,,804.0,,,,,1969.0,,2572.0,3604.0,1363.0,2276.0,,,,1939.0,,,1939.0,,2598.0,,,3018.0
,,3369.0,,,,,471.0,,1933.0,583.0,3840.0,1726.0,,,,3329.0,,,3136.0,,2000.0,,,1939.0
,,1708.0,,,,,2149.0,,1471.0,3383.0,3126.0,246.0,,,,1042.0,,,1042.0,,3750.0,,,2248.0
,,1078.0,,,,,2426.0,,1343.0,2942.0,1080.0,2279.0,,,,1276.0,,,2248.0,,3623.0,,,1041.0
,,3088.0,,,,,822.0,,782.0,2235.0,3066.0,3711.0,,,,350.0,,,350.0,,3763.0,,,350.0
,,858.0,,,,,3501.0,,2227.0,288.0,3489.0,3492.0,,,,2248.0,,,788.0,,862.0,,,788.0
,,301.0,,,,,599.0,,2307.0,30.0,2730.0,951.0,,,,1041.0,,,1041.0,,2919.0,,,201.0
,,3599.0,,,,,1408.0,,3690.0,172.0,579.0,1520.0,,,,788.0,,,1155.0,,2323.0,,,1042.0
,,2593.0,,,,,1998.0,,833.0,505.0,1661.0,1327.0,,,,1155.0,,,1276.0,,165.0,,,3541.0
,,438.0,,,,,217.0,,53.0,996.0,3492.0,830.0,,,,201.0,,,201.0,,1123.0,,,1155.0
,,3654.0,,,,,2700.0,,3314.0,2565.0,1568.0,2757.0,,,,1156.0,,,1156.0,,1340.0,,,1156.0
,,3379.0,,,,,3604.0,,804.0,1501.0,419.0,3752.0,,,,3541.0,,,3541.0,,429.0,,,1276.0
,,1749.0,,,,,30.0,,3088.0,1743.0,2720.0,2466.0,,,,1705.0,,,1210.0,,3554.0,,,2369.0
,,891.0,,,,,978.0,,438.0,588.0,3520.0,848.0,,,,434.0,,,1705.0,,2629.0,,,995.0
,,3717.0,,,,,288.0,,301.0,2905.0,1210.0,3587.0,,,,2369.0,,,927.0,,194.0,,,1705.0
,,211.0,,,,,996.0,,3369.0,978.0,3075.0,2822.0,,,,3531.0,,,995.0,,132.0,,,3531.0
,,3125.0,,,,,583.0,,1078.0,2993.0,3531.0,3435.0,,,,1210.0,,,3531.0,,3840.0,,,434.0
,,2249.0,,,,,414.0,,407.0,3069.0,73.0,2627.0,,,,3039.0,,,2369.0,,3066.0,,,1210.0
,,3764.0,,,,,2235.0,,1898.0,414.0,152.0,1125.0,,,,927.0,,,3039.0,,1080.0,,,927.0
,,3182.0,,,,,2942.0,,3285.0,506.0,995.0,2742.0,,,,995.0,,,434.0,,1363.0,,,3039.0
,,1101.0,,,,,3383.0,,858.0,2443.0,1344.0,3116.0,,,,988.0,,,988.0,,2156.0,,,988.0
,,3530.0,,,,,505.0,,1708.0,2911.0,2707.0,3125.0,,,,2695.0,,,2695.0,,2242.0,,,3258.0
,,3032.0,,,,,1743.0,,1749.0,3641.0,988.0,3385.0,,,,2720.0,,,515.0,,73.0,,,1359.0
,,1012.0,,,,,1501.0,,3379.0,1542.0,927.0,1988.0,,,,1439.0,,,2720.0,,3075.0,,,152.0
,,1362.0,,,,,2565.0,,3654.0,528.0,2221.0,1669.0,,,,515.0,,,1439.0,,3531.0,,,353.0
,,2970.0,,,,,3069.0,,3599.0,917.0,434.0,1423.0,,,,3709.0,,,353.0,,152.0,,,515.0
,,3311.0,,,,,588.0,,2593.0,3750.0,3039.0,2599.0,,,,3075.0,,,1359.0,,3520.0,,,3709.0
,,471.0,,,,,2443.0,,891.0,2923.0,1705.0,485.0,,,,353.0,,,3709.0,,2720.0,,,1439.0
,,1969.0,,,,,2993.0,,2249.0,2598.0,1023.0,2086.0,,,,3066.0,,,3066.0,,1210.0,,,2720.0
,,3501.0,,,,,506.0,,3717.0,532.0,1857.0,264.0,,,,1359.0,,,3075.0,,995.0,,,3075.0
,,2149.0,,,,,3750.0,,3125.0,376.0,3541.0,3530.0,,,,152.0,,,152.0,,530.0,,,3066.0
,,822.0,,,,,2911.0,,1101.0,983.0,1382.0,794.0,,,,1857.0,,,1857.0,,1344.0,,,1857.0
,,599.0,,,,,3641.0,,3032.0,2278.0,2369.0,3428.0,,,,3520.0,,,73.0,,1705.0,,,1609.0
,,217.0,,,,,2923.0,,1362.0,1932.0,780.0,1890.0,,,,1609.0,,,682.0,,434.0,,,3520.0
,,1998.0,,,,,1542.0,,3764.0,1202.0,1359.0,1752.0,,,,780.0,,,76.0,,3039.0,,,1218.0
,,3604.0,,,,,917.0,,211.0,370.0,1439.0,88.0,,,,1218.0,,,1218.0,,927.0,,,780.0
,,1408.0,,,,,528.0,,3182.0,3388.0,353.0,2830.0,,,,682.0,,,3520.0,,988.0,,,682.0
,,2700.0,,,,,2598.0,,3530.0,3645.0,1609.0,2753.0,,,,2707.0,,,780.0,,2221.0,,,1382.0
,,2942.0,,,,,532.0,,2970.0,3132.0,515.0,241.0,,,,76.0,,,1609.0,,1023.0,,,76.0
,,2235.0,,,,,1202.0,,1012.0,2961.0,3709.0,628.0,,,,530.0,,,1382.0,,1857.0,,,2707.0
,,288.0,,,,,376.0,,471.0,2059.0,1218.0,2787.0,,,,73.0,,,2707.0,,3541.0,,,73.0
,,583.0,,,,,3388.0,,3311.0,3395.0,530.0,2576.0,,,,1382.0,,,530.0,,1382.0,,,530.0
,,3383.0,,,,,1932.0,,1408.0,1104.0,2722.0,2728.0,,,,2471.0,,,2397.0,,3709.0,,,695.0
,,30.0,,,,,2059.0,,822.0,3287.0,670.0,1751.0,,,,2397.0,,,2722.0,,1359.0,,,2773.0
,,172.0,,,,,3132.0,,2149.0,2918.0,2397.0,3158.0,,,,2773.0,,,533.0,,353.0,,,2397.0
,,996.0,,,,,983.0,,3501.0,977.0,695.0,3096.0,,,,533.0,,,695.0,,1439.0,,,2471.0
,,505.0,,,,,370.0,,599.0,1742.0,533.0,1408.0,,,,968.0,,,2773.0,,515.0,,,968.0
,,1743.0,,,,,2278.0,,1969.0,384.0,968.0,388.0,,,,695.0,,,968.0,,1609.0,,,533.0
,,1501.0,,,,,1104.0,,217.0,890.0,348.0,2744.0,,,,1570.0,,,2471.0,,780.0,,,2722.0
,,414.0,,,,,3645.0,,1998.0,2266.0,3362.0,1050.0,,,,2722.0,,,1570.0,,2369.0,,,1570.0
,,2565.0,,,,,2961.0,,3604.0,1063.0,2597.0,1962.0,,,,670.0,,,670.0,,1218.0,,,670.0
,,978.0,,,,,3395.0,,2700.0,1459.0,2725.0,2130.0,,,,348.0,,,348.0,,2707.0,,,348.0
,,3069.0,,,,,890.0,,30.0,1105.0,3105.0,1845.0,,,,1453.0,,,542.0,,533.0,,,2725.0
,,2443.0,,,,,2895.0,,583.0,2425.0,2677.0,3438.0,,,,2597.0,,,1081.0,,2397.0,,,3362.0
,,2911.0,,,,,2918.0,,2235.0,2442.0,3680.0,3621.0,,,,2725.0,,,2597.0,,695.0,,,2597.0
,,506.0,,,,,977.0,,288.0,2925.0,534.0,1928.0,,,,542.0,,,2725.0,,968.0,,,1453.0
,,2905.0,,,,,2925.0,,3383.0,1483.0,542.0,2294.0,,,,1704.0,,,1453.0,,2722.0,,,542.0
,,2993.0,,,,,3287.0,,2942.0,791.0,1081.0,2295.0,,,,3362.0,,,3362.0,,670.0,,,2221.0
,,3750.0,,,,,1742.0,,172.0,2896.0,3328.0,3114.0,,,,1081.0,,,1704.0,,2597.0,,,1081.0
,,588.0,,,,,2896.0,,978.0,2895.0,2479.0,1961.0,,,,2221.0,,,2221.0,,3362.0,,,1704.0
,,3641.0,,,,,1459.0,,996.0,3347.0,3318.0,1515.0,,,,2677.0,,,2677.0,,348.0,,,2677.0
,,917.0,,,,,384.0,,505.0,1576.0,1438.0,3705.0,,,,3680.0,,,3680.0,,2725.0,,,3680.0
,,3388.0,,,,,2266.0,,1501.0,3777.0,1430.0,1592.0,,,,1023.0,,,534.0,,1081.0,,,2479.0
,,983.0,,,,,2442.0,,1743.0,1951.0,965.0,2690.0,,,,2479.0,,,1023.0,,542.0,,,3318.0
,,1542.0,,,,,3347.0,,2905.0,1404.0,3256.0,3392.0,,,,3328.0,,,2479.0,,2677.0,,,256.0
,,2598.0,,,,,1063.0,,414.0,1301.0,2503.0,1355.0,,,,534.0,,,3318.0,,2479.0,,,534.0
,,1202.0,,,,,2425.0,,2565.0,1874.0,2676.0,86.0,,,,3318.0,,,3328.0,,3328.0,,,1023.0
,,2923.0,,,,,1483.0,,3069.0,590.0,2990.0,2153.0,,,,1438.0,,,256.0,,3680.0,,,3328.0
,,376.0,,,,,1951.0,,2993.0,3499.0,2851.0,19.0,,,,256.0,,,1438.0,,534.0,,,1438.0
,,532.0,,,,,3777.0,,2443.0,3006.0,1511.0,517.0,,,,2503.0,,,2503.0,,3318.0,,,2503.0
,,1932.0,,,,,1576.0,,506.0,224.0,193.0,637.0,,,,1430.0,,,1430.0,,1438.0,,,1430.0
,,528.0,,,,,1404.0,,2911.0,2648.0,2222.0,2449.0,,,,965.0,,,2676.0,,3105.0,,,2676.0
,,2961.0,,,,,2261.0,,3641.0,2240.0,3167.0,786.0,,,,2990.0,,,2222.0,,2990.0,,,1511.0
,,2918.0,,,,,1105.0,,2923.0,519.0,2665.0,2917.0,,,,2224.0,,,1511.0,,1511.0,,,2990.0
,,3645.0,,,,,3006.0,,3750.0,2049.0,3563.0,1946.0,,,,2851.0,,,193.0,,2503.0,,,3167.0
,,2059.0,,,,,1874.0,,588.0,1606.0,65.0,2241.0,,,,2676.0,,,3256.0,,1430.0,,,3256.0
,,1104.0,,,,,224.0,,1542.0,2352.0,652.0,3750.0,,,,2222.0,,,2990.0,,3256.0,,,965.0
,,3132.0,,,,,590.0,,528.0,2261.0,1095.0,1501.0,,,,3256.0,,,965.0,,2222.0,,,2851.0
,,2278.0,,,,,1301.0,,532.0,503.0,1496.0,92.0,,,,1511.0,,,2851.0,,2676.0,,,2222.0
,,890.0,,,,,3499.0,,2598.0,478.0,3096.0,3651.0,,,,65.0,,,2224.0,,193.0,,,2224.0
,,3395.0,,,,,2648.0,,917.0,639.0,1328.0,743.0,,,,3167.0,,,65.0,,2851.0,,,193.0
,,370.0,,,,,2049.0,,3388.0,2362.0,2534.0,877.0,,,,193.0,,,3167.0,,965.0,,,65.0
,,2266.0,,,,,1606.0,,3645.0,1405.0,164.0,514.0,,,,1311.0,,,3563.0,,2665.0,,,1328.0
,,977.0,,,,,519.0,,2961.0,1585.0,3221.0,2305.0,,,,1328.0,,,652.0,,3563.0,,,2665.0
,,2442.0,,,,,1405.0,,1202.0,689.0,2231.0,83.0,,,,652.0,,,2665.0,,3096.0,,,1496.0
,,384.0,,,,,478.0,,3132.0,2441.0,1042.0,1814.0,,,,1496.0,,,1328.0,,1328.0,,,3563.0
,,1063.0,,,,,689.0,,1932.0,665.0,1276.0,2790.0,,,,2534.0,,,1496.0,,3167.0,,,652.0
,,3287.0,,,,,2240.0,,376.0,1192.0,3447.0,1657.0,,,,2665.0,,,1311.0,,652.0,,,1311.0
,,2896.0,,,,,2441.0,,983.0,3405.0,561.0,1237.0,,,,3563.0,,,2534.0,,1496.0,,,2534.0
,,3347.0,,,,,843.0,,2059.0,2818.0,3056.0,723.0,,,,3447.0,,,3447.0,,65.0,,,3447.0
,,2895.0,,,,,2352.0,,2278.0,479.0,2590.0,2315.0,,,,561.0,,,164.0,,1095.0,,,561.0
,,1742.0,,,,,1192.0,,3395.0,843.0,936.0,380.0,,,,164.0,,,561.0,,2534.0,,,164.0
,,791.0,,,,,3405.0,,2918.0,2264.0,1041.0,3526.0,,,,2231.0,,,3056.0,,2590.0,,,3617.0
,,1874.0,,,,,665.0,,1104.0,3315.0,3378.0,3734.0,,,,2590.0,,,2231.0,,3447.0,,,1083.0
,,1576.0,,,,,2362.0,,370.0,879.0,3617.0,232.0,,,,3056.0,,,2590.0,,164.0,,,1938.0
,,2925.0,,,,,503.0,,2266.0,2383.0,787.0,1672.0,,,,2726.0,,,2726.0,,3221.0,,,2590.0
,,1105.0,,,,,879.0,,977.0,1765.0,1155.0,3087.0,,,,3378.0,,,650.0,,936.0,,,3181.0
,,1483.0,,,,,2264.0,,890.0,1712.0,2248.0,3314.0,,,,3181.0,,,1938.0,,2231.0,,,650.0
,,1459.0,,,,,1585.0,,2896.0,2348.0,350.0,2907.0,,,,3617.0,,,3378.0,,1042.0,,,2231.0
,,1301.0,,,,,2818.0,,3287.0,793.0,788.0,2131.0,,,,1938.0,,,3181.0,,561.0,,,3378.0
,,3777.0,,,,,3315.0,,1459.0,3679.0,3421.0,3083.0,,,,650.0,,,3617.0,,1276.0,,,3056.0
,,1404.0,,,,,479.0,,2925.0,1503.0,650.0,1505.0,,,,1083.0,,,1083.0,,3056.0,,,2726.0
,,590.0,,,,,1503.0,,2895.0,3648.0,2695.0,1095.0,,,,3321.0,,,1770.0,,1155.0,,,3421.0
,,1951.0,,,,,3679.0,,3347.0,2730.0,1770.0,1764.0,,,,1584.0,,,3421.0,,3617.0,,,1770.0
,,224.0,,,,,793.0,,791.0,1516.0,1584.0,3850.0,,,,1340.0,,,2772.0,,2248.0,,,1340.0
,,3499.0,,,,,2348.0,,2442.0,775.0,651.0,1587.0,,,,1568.0,,,3321.0,,3378.0,,,2695.0
,,2261.0,,,,,3648.0,,384.0,316.0,201.0,1230.0,,,,3421.0,,,421.0,,787.0,,,2772.0
,,3006.0,,,,,1264.0,,1063.0,1587.0,1600.0,1200.0,,,,2578.0,,,2578.0,,1041.0,,,1584.0
,,2648.0,,,,,1712.0,,1483.0,1264.0,671.0,3774.0,,,,2461.0,,,2461.0,,350.0,,,1568.0
,,1606.0,,,,,2383.0,,1301.0,365.0,2461.0,699.0,,,,2772.0,,,1340.0,,3421.0,,,421.0
,,2240.0,,,,,1765.0,,1576.0,1375.0,2536.0,3737.0,,,,421.0,,,1568.0,,650.0,,,3321.0
,,639.0,,,,,1587.0,,1874.0,1588.0,356.0,1747.0,,,,1770.0,,,1584.0,,788.0,,,2461.0
,,1192.0,,,,,2730.0,,1951.0,3396.0,1578.0,1276.0,,,,1117.0,,,2734.0,,2461.0,,,651.0
,,843.0,,,,,775.0,,224.0,998.0,1071.0,1042.0,,,,671.0,,,651.0,,1770.0,,,2578.0
,,519.0,,,,,365.0,,1404.0,101.0,3368.0,350.0,,,,651.0,,,671.0,,1584.0,,,671.0
,,503.0,,,,,1375.0,,3777.0,2065.0,3121.0,788.0,,,,1600.0,,,2536.0,,201.0,,,1344.0
,,2441.0,,,,,998.0,,1105.0,2890.0,2607.0,1155.0,,,,2536.0,,,1344.0,,1568.0,,,2680.0
,,478.0,,,,,101.0,,3006.0,3577.0,2514.0,2248.0,,,,2734.0,,,1600.0,,2695.0,,,2734.0
,,2352.0,,,,,316.0,,590.0,1907.0,3600.0,1041.0,,,,2680.0,,,2680.0,,651.0,,,2536.0
,,1405.0,,,,,1516.0,,3499.0,3573.0,3258.0,1156.0,,,,1138.0,,,1138.0,,671.0,,,1138.0
,,2362.0,,,,,1907.0,,2648.0,976.0,763.0,201.0,,,,1344.0,,,2472.0,,2536.0,,,1600.0
,,689.0,,,,,2065.0,,2261.0,300.0,2016.0,434.0,,,,2472.0,,,356.0,,1600.0,,,2472.0
,,2264.0,,,,,3324.0,,639.0,502.0,2488.0,3258.0,,,,3258.0,,,1117.0,,1578.0,,,1578.0
,,479.0,,,,,3587.0,,2240.0,3587.0,2609.0,2369.0,,,,2514.0,,,2514.0,,3258.0,,,151.0
,,665.0,,,,,976.0,,519.0,3324.0,1156.0,995.0,,,,356.0,,,3368.0,,356.0,,,1117.0
,,3405.0,,,,,2742.0,,1606.0,2742.0,1198.0,3541.0,,,,3304.0,,,3304.0,,2514.0,,,1987.0
,,2818.0,,,,,3573.0,,1192.0,2360.0,3538.0,3531.0,,,,1578.0,,,169.0,,3368.0,,,2514.0
,,1585.0,,,,,1588.0,,2441.0,3286.0,710.0,2695.0,,,,1841.0,,,151.0,,1071.0,,,1841.0
,,879.0,,,,,300.0,,478.0,3704.0,586.0,1210.0,,,,151.0,,,1841.0,,2607.0,,,2607.0
,,3315.0,,,,,2890.0,,503.0,836.0,63.0,1705.0,,,,169.0,,,3258.0,,3600.0,,,169.0
,,2383.0,,,,,3396.0,,2362.0,774.0,1069.0,927.0,,,,3368.0,,,1578.0,,151.0,,,356.0
,,1712.0,,,,,2360.0,,689.0,2930.0,3120.0,3039.0,,,,1987.0,,,1987.0,,3121.0,,,3304.0
,,1264.0,,,,,774.0,,1585.0,2699.0,2603.0,152.0,,,,3602.0,,,3121.0,,2016.0,,,1498.0
,,1765.0,,,,,3286.0,,665.0,3594.0,1160.0,3066.0,,,,1498.0,,,2607.0,,2488.0,,,3602.0
,,2348.0,,,,,2930.0,,2352.0,2913.0,728.0,353.0,,,,2607.0,,,3602.0,,1198.0,,,3600.0
,,3648.0,,,,,502.0,,1405.0,628.0,3404.0,1439.0,,,,1529.0,,,3600.0,,763.0,,,1529.0
,,1503.0,,,,,3704.0,,843.0,1623.0,1829.0,2720.0,,,,3600.0,,,1529.0,,1156.0,,,3121.0
,,3679.0,,,,,1623.0,,3405.0,730.0,3113.0,1359.0,,,,1071.0,,,1071.0,,2609.0,,,1071.0
,,1587.0,,,,,2913.0,,479.0,2105.0,2078.0,3075.0,,,,2016.0,,,1498.0,,3538.0,,,763.0
,,793.0,,,,,3594.0,,2818.0,547.0,2038.0,515.0,,,,763.0,,,763.0,,63.0,,,3207.0
,,2730.0,,,,,547.0,,879.0,1577.0,3203.0,988.0,,,,3121.0,,,3207.0,,3120.0,,,2016.0
,,316.0,,,,,730.0,,2264.0,581.0,1033.0,3709.0,,,,2488.0,,,2016.0,,1069.0,,,2488.0
,,1516.0,,,,,1157.0,,1503.0,3625.0,173.0,780.0,,,,2609.0,,,1198.0,,586.0,,,2516.0
,,101.0,,,,,2105.0,,2383.0,3591.0,2885.0,3520.0,,,,3292.0,,,214.0,,1160.0,,,1198.0
,,998.0,,,,,581.0,,3679.0,1157.0,910.0,1218.0,,,,367.0,,,3292.0,,710.0,,,3397.0
,,1375.0,,,,,628.0,,1587.0,1029.0,2185.0,1609.0,,,,3397.0,,,367.0,,2603.0,,,214.0
,,365.0,,,,,2699.0,,793.0,1355.0,199.0,1857.0,,,,214.0,,,3397.0,,3113.0,,,3292.0
,,1907.0,,,,,3591.0,,3315.0,473.0,3123.0,682.0,,,,2516.0,,,2488.0,,3404.0,,,367.0
,,2065.0,,,,,153.0,,1264.0,1521.0,2023.0,73.0,,,,1198.0,,,2516.0,,728.0,,,2609.0
,,1588.0,,,,,1577.0,,2348.0,153.0,715.0,76.0,,,,3308.0,,,2609.0,,2078.0,,,3308.0
,,3577.0,,,,,1029.0,,1765.0,1641.0,711.0,530.0,,,,1130.0,,,3308.0,,1829.0,,,1130.0
,,2890.0,,,,,1521.0,,1712.0,3107.0,2177.0,1382.0,,,,2345.0,,,1130.0,,2038.0,,,3004.0
,,3396.0,,,,,3099.0,,2730.0,3415.0,1447.0,2707.0,,,,3004.0,,,63.0,,910.0,,,63.0
,,3324.0,,,,,473.0,,316.0,1272.0,2024.0,2471.0,,,,921.0,,,2345.0,,2023.0,,,2345.0
,,3587.0,,,,,1355.0,,1516.0,3099.0,1995.0,2397.0,,,,1069.0,,,3004.0,,1033.0,,,921.0
,,3573.0,,,,,1641.0,,365.0,3346.0,64.0,968.0,,,,586.0,,,921.0,,199.0,,,3120.0
,,976.0,,,,,1272.0,,3648.0,77.0,2608.0,2773.0,,,,3120.0,,,3120.0,,2185.0,,,586.0
,,2742.0,,,,,3625.0,,1375.0,2632.0,1934.0,533.0,,,,63.0,,,586.0,,3123.0,,,2603.0
,,2360.0,,,,,3415.0,,1588.0,724.0,3175.0,695.0,,,,710.0,,,1069.0,,173.0,,,710.0
,,3286.0,,,,,77.0,,1907.0,3605.0,1935.0,2722.0,,,,2603.0,,,710.0,,3203.0,,,1069.0
,,502.0,,,,,3346.0,,101.0,1077.0,1051.0,1570.0,,,,1160.0,,,2603.0,,2885.0,,,1160.0
,,836.0,,,,,2632.0,,998.0,1211.0,2777.0,670.0,,,,3404.0,,,1160.0,,711.0,,,3404.0
,,1623.0,,,,,1077.0,,2890.0,1461.0,2252.0,2597.0,,,,429.0,,,2078.0,,1934.0,,,1829.0
,,2699.0,,,,,487.0,,3577.0,956.0,2444.0,1453.0,,,,3113.0,,,3203.0,,2177.0,,,429.0
,,3594.0,,,,,1211.0,,3396.0,723.0,3576.0,2221.0,,,,2078.0,,,3404.0,,1995.0,,,2038.0
,,547.0,,,,,3605.0,,976.0,2262.0,1936.0,3362.0,,,,165.0,,,1829.0,,1447.0,,,3113.0
,,2913.0,,,,,2026.0,,2065.0,1126.0,3097.0,1704.0,,,,3203.0,,,429.0,,2024.0,,,728.0
,,730.0,,,,,723.0,,3573.0,2026.0,2275.0,1081.0,,,,728.0,,,165.0,,27.0,,,165.0
,,3704.0,,,,,1461.0,,3587.0,1476.0,337.0,2725.0,,,,2038.0,,,3113.0,,2608.0,,,2078.0
,,2105.0,,,,,1000.0,,2742.0,815.0,1186.0,542.0,,,,1829.0,,,2038.0,,64.0,,,3203.0
,,628.0,,,,,1126.0,,3324.0,1000.0,672.0,348.0,,,,910.0,,,728.0,,3175.0,,,1033.0
,,581.0,,,,,2262.0,,2360.0,487.0,1658.0,2677.0,,,,1033.0,,,1033.0,,1935.0,,,910.0
,,1157.0,,,,,956.0,,3704.0,1038.0,1094.0,1438.0,,,,2573.0,,,2573.0,,2777.0,,,2573.0
,,3591.0,,,,,1476.0,,2913.0,305.0,279.0,534.0,,,,170.0,,,910.0,,1051.0,,,2452.0
,,1577.0,,,,,815.0,,502.0,980.0,2169.0,1023.0,,,,173.0,,,199.0,,2275.0,,,170.0
,,153.0,,,,,305.0,,1623.0,1398.0,2170.0,3318.0,,,,199.0,,,2452.0,,2444.0,,,173.0
,,1355.0,,,,,1038.0,,3286.0,1657.0,1321.0,3328.0,,,,2452.0,,,173.0,,1936.0,,,199.0
,,1521.0,,,,,2193.0,,836.0,36.0,1861.0,2503.0,,,,2185.0,,,170.0,,3576.0,,,2185.0
,,1029.0,,,,,1398.0,,3594.0,2032.0,2364.0,1430.0,,,,2325.0,,,2185.0,,337.0,,,3123.0
,,3415.0,,,,,980.0,,730.0,2193.0,1562.0,2479.0,,,,3123.0,,,2023.0,,2252.0,,,2325.0
,,3346.0,,,,,1657.0,,547.0,3320.0,215.0,3680.0,,,,2023.0,,,3123.0,,3097.0,,,2023.0
,,3107.0,,,,,36.0,,2105.0,1460.0,2808.0,256.0,,,,715.0,,,715.0,,1186.0,,,715.0
,,3099.0,,,,,1746.0,,1029.0,1746.0,3057.0,3256.0,,,,725.0,,,2885.0,,672.0,,,2885.0
,,473.0,,,,,1460.0,,628.0,1759.0,94.0,2990.0,,,,3289.0,,,711.0,,1321.0,,,711.0
,,724.0,,,,,3626.0,,581.0,799.0,1728.0,2676.0,,,,261.0,,,3289.0,,1094.0,,,973.0
,,3625.0,,,,,1289.0,,2699.0,3626.0,574.0,965.0,,,,1447.0,,,222.0,,2169.0,,,3289.0
,,1077.0,,,,,3320.0,,3591.0,2050.0,1197.0,2224.0,,,,222.0,,,1447.0,,2170.0,,,725.0
,,2632.0,,,,,610.0,,153.0,610.0,1676.0,2851.0,,,,711.0,,,261.0,,1658.0,,,1447.0
,,3605.0,,,,,2562.0,,1577.0,2388.0,925.0,2222.0,,,,2885.0,,,725.0,,279.0,,,222.0
,,1211.0,,,,,2032.0,,1157.0,1289.0,1862.0,1511.0,,,,1312.0,,,2024.0,,1861.0,,,1312.0
,,1000.0,,,,,2388.0,,1521.0,2562.0,2762.0,65.0,,,,973.0,,,973.0,,2364.0,,,261.0
,,2262.0,,,,,3724.0,,3346.0,669.0,2667.0,3167.0,,,,2024.0,,,1312.0,,1562.0,,,1995.0
,,723.0,,,,,2050.0,,3625.0,212.0,2767.0,3563.0,,,,107.0,,,2608.0,,2808.0,,,3418.0
,,1461.0,,,,,1759.0,,3415.0,994.0,679.0,652.0,,,,2608.0,,,64.0,,94.0,,,64.0
,,1126.0,,,,,2743.0,,724.0,400.0,538.0,193.0,,,,1934.0,,,1934.0,,1728.0,,,107.0
,,1476.0,,,,,212.0,,473.0,2743.0,445.0,2665.0,,,,64.0,,,107.0,,215.0,,,3046.0
,,2026.0,,,,,3714.0,,1355.0,3724.0,1532.0,1496.0,,,,3507.0,,,1995.0,,3057.0,,,3507.0
,,815.0,,,,,799.0,,3107.0,2206.0,3398.0,1328.0,,,,1995.0,,,3046.0,,1197.0,,,3570.0
,,1398.0,,,,,400.0,,3099.0,2844.0,592.0,2534.0,,,,3418.0,,,3570.0,,574.0,,,1934.0
,,956.0,,,,,994.0,,1077.0,2354.0,1675.0,1311.0,,,,3570.0,,,3507.0,,1676.0,,,2024.0
,,1038.0,,,,,2844.0,,3605.0,3714.0,1633.0,561.0,,,,3046.0,,,3175.0,,925.0,,,2608.0
,,36.0,,,,,2206.0,,2632.0,766.0,291.0,3447.0,,,,3175.0,,,3418.0,,1862.0,,,3175.0
,,2388.0,,,,,2339.0,,2262.0,2184.0,991.0,3056.0,,,,1935.0,,,1217.0,,679.0,,,536.0
,,3626.0,,,,,2184.0,,1000.0,1738.0,1624.0,164.0,,,,1217.0,,,1935.0,,445.0,,,1935.0
,,1657.0,,,,,62.0,,1476.0,2230.0,2853.0,2231.0,,,,416.0,,,1595.0,,538.0,,,1595.0
,,2562.0,,,,,874.0,,1211.0,2339.0,2972.0,3617.0,,,,536.0,,,416.0,,592.0,,,416.0
,,2193.0,,,,,436.0,,1126.0,436.0,159.0,2726.0,,,,1595.0,,,536.0,,1675.0,,,1217.0
,,610.0,,,,,2230.0,,815.0,62.0,1822.0,2590.0,,,,2194.0,,,537.0,,2767.0,,,537.0
,,2032.0,,,,,51.0,,723.0,874.0,958.0,3378.0,,,,537.0,,,2194.0,,3398.0,,,2194.0
,,3320.0,,,,,2686.0,,1461.0,51.0,2692.0,1938.0,,,,1051.0,,,1051.0,,2667.0,,,2777.0
,,980.0,,,,,2093.0,,2026.0,2093.0,1358.0,3181.0,,,,2777.0,,,2777.0,,1532.0,,,1051.0
,,1460.0,,,,,766.0,,956.0,2686.0,1091.0,650.0,,,,3043.0,,,3043.0,,2762.0,,,3043.0
,,1289.0,,,,,1738.0,,36.0,1295.0,2829.0,1083.0,,,,2275.0,,,2444.0,,2972.0,,,337.0
,,2354.0,,,,,1965.0,,1038.0,1958.0,40.0,1584.0,,,,3569.0,,,2275.0,,291.0,,,1936.0
,,1746.0,,,,,2528.0,,980.0,2865.0,2392.0,1340.0,,,,2323.0,,,2919.0,,1633.0,,,2275.0
,,994.0,,,,,1295.0,,1657.0,866.0,1159.0,3421.0,,,,2919.0,,,3569.0,,159.0,,,2323.0
,,3724.0,,,,,1958.0,,2032.0,3742.0,3077.0,1770.0,,,,337.0,,,2323.0,,2853.0,,,3091.0
,,799.0,,,,,3094.0,,1398.0,3094.0,2265.0,2772.0,,,,2444.0,,,337.0,,991.0,,,2919.0
,,1759.0,,,,,3742.0,,2193.0,1965.0,1360.0,1568.0,,,,3091.0,,,3091.0,,1624.0,,,3569.0
,,2743.0,,,,,866.0,,3320.0,2528.0,1732.0,421.0,,,,1936.0,,,1936.0,,1358.0,,,2444.0
,,669.0,,,,,2865.0,,1460.0,3439.0,2007.0,3321.0,,,,2252.0,,,405.0,,1091.0,,,405.0
,,212.0,,,,,3306.0,,2562.0,3306.0,3251.0,2461.0,,,,405.0,,,2252.0,,1822.0,,,2252.0
,,2184.0,,,,,290.0,,610.0,1586.0,1090.0,2680.0,,,,620.0,,,2118.0,,2692.0,,,672.0
,,3714.0,,,,,2399.0,,2388.0,2399.0,2669.0,2536.0,,,,1186.0,,,1321.0,,40.0,,,1321.0
,,2844.0,,,,,3439.0,,1746.0,1388.0,616.0,1344.0,,,,2118.0,,,1861.0,,3077.0,,,1186.0
,,62.0,,,,,1586.0,,3626.0,2481.0,1819.0,651.0,,,,672.0,,,672.0,,2829.0,,,2118.0
,,2206.0,,,,,1635.0,,212.0,1194.0,589.0,671.0,,,,252.0,,,1562.0,,958.0,,,279.0
,,766.0,,,,,1194.0,,1759.0,1635.0,2876.0,2734.0,,,,279.0,,,620.0,,2392.0,,,620.0
,,400.0,,,,,3448.0,,1289.0,290.0,2805.0,2578.0,,,,2364.0,,,1186.0,,1159.0,,,252.0
,,874.0,,,,,2481.0,,799.0,3448.0,3615.0,1138.0,,,,1562.0,,,252.0,,2265.0,,,1861.0
,,51.0,,,,,1388.0,,400.0,690.0,618.0,1600.0,,,,1861.0,,,279.0,,1732.0,,,1562.0
,,2686.0,,,,,1384.0,,2743.0,1384.0,255.0,2472.0,,,,1321.0,,,2364.0,,1360.0,,,2364.0
,,2339.0,,,,,657.0,,2354.0,475.0,541.0,3304.0,,,,1197.0,,,2808.0,,2805.0,,,1728.0
,,2230.0,,,,,1464.0,,3724.0,1646.0,2915.0,169.0,,,,1676.0,,,215.0,,2876.0,,,1862.0
,,1738.0,,,,,3111.0,,669.0,3566.0,3124.0,1578.0,,,,2808.0,,,1728.0,,255.0,,,215.0
,,2528.0,,,,,3826.0,,994.0,202.0,3011.0,151.0,,,,215.0,,,94.0,,616.0,,,3057.0
,,1295.0,,,,,475.0,,3714.0,3160.0,501.0,2514.0,,,,3057.0,,,3057.0,,2007.0,,,925.0
,,1965.0,,,,,2341.0,,2206.0,1464.0,1058.0,3368.0,,,,1728.0,,,574.0,,589.0,,,574.0
,,2093.0,,,,,3566.0,,766.0,657.0,208.0,1117.0,,,,574.0,,,1676.0,,1090.0,,,94.0
,,1958.0,,,,,2960.0,,2184.0,3826.0,737.0,1841.0,,,,94.0,,,925.0,,3615.0,,,1676.0
,,436.0,,,,,3160.0,,2844.0,3111.0,2531.0,356.0,,,,925.0,,,1197.0,,2669.0,,,1197.0
,,3742.0,,,,,1377.0,,62.0,2960.0,2863.0,1987.0,,,,1862.0,,,2667.0,,3251.0,,,2808.0
,,3439.0,,,,,1646.0,,874.0,1377.0,22.0,3121.0,,,,1323.0,,,1862.0,,1058.0,,,1323.0
,,3448.0,,,,,1039.0,,2686.0,2454.0,2010.0,2607.0,,,,2762.0,,,2762.0,,2915.0,,,445.0
,,1388.0,,,,,1747.0,,2093.0,2553.0,2826.0,3602.0,,,,667.0,,,667.0,,618.0,,,2667.0
,,690.0,,,,,202.0,,51.0,1039.0,853.0,1071.0,,,,1532.0,,,2767.0,,3124.0,,,2762.0
,,2481.0,,,,,1512.0,,2230.0,2057.0,1136.0,3600.0,,,,2667.0,,,1532.0,,1819.0,,,2767.0
,,2865.0,,,,,2124.0,,436.0,1747.0,2823.0,763.0,,,,2767.0,,,3398.0,,3011.0,,,667.0
,,866.0,,,,,2553.0,,2339.0,2341.0,990.0,1529.0,,,,445.0,,,445.0,,501.0,,,1532.0
,,1194.0,,,,,2057.0,,1738.0,1970.0,119.0,1498.0,,,,3398.0,,,1323.0,,541.0,,,3398.0
,,2399.0,,,,,1970.0,,1958.0,2124.0,3300.0,3207.0,,,,538.0,,,679.0,,208.0,,,679.0
,,290.0,,,,,1163.0,,1295.0,1163.0,2875.0,2016.0,,,,679.0,,,538.0,,2863.0,,,538.0
,,1464.0,,,,,1128.0,,690.0,857.0,2100.0,3397.0,,,,991.0,,,592.0,,1136.0,,,592.0
,,1635.0,,,,,1001.0,,3742.0,1128.0,2269.0,2516.0,,,,159.0,,,1675.0,,3300.0,,,1675.0
,,657.0,,,,,2454.0,,2865.0,3590.0,1807.0,1198.0,,,,2972.0,,,1633.0,,119.0,,,1633.0
,,3826.0,,,,,3818.0,,1194.0,2139.0,1800.0,2609.0,,,,1822.0,,,291.0,,22.0,,,291.0
,,3306.0,,,,,3590.0,,290.0,2995.0,1444.0,2488.0,,,,291.0,,,2853.0,,737.0,,,2853.0
,,3111.0,,,,,560.0,,2399.0,3818.0,3660.0,3292.0,,,,1675.0,,,991.0,,2531.0,,,991.0
,,1384.0,,,,,1517.0,,2528.0,1517.0,21.0,214.0,,,,1633.0,,,159.0,,2826.0,,,159.0
,,1586.0,,,,,2139.0,,1965.0,1001.0,2453.0,367.0,,,,592.0,,,1624.0,,853.0,,,1624.0
,,475.0,,,,,857.0,,866.0,1512.0,1846.0,3308.0,,,,1624.0,,,2972.0,,2010.0,,,2972.0
,,3566.0,,,,,2995.0,,1586.0,560.0,127.0,1130.0,,,,2853.0,,,1822.0,,2823.0,,,1822.0
,,2057.0,,,,,1687.0,,1635.0,635.0,3063.0,2345.0,,,,40.0,,,40.0,,2100.0,,,2265.0
,,2341.0,,,,,2836.0,,3448.0,499.0,1906.0,921.0,,,,2692.0,,,1358.0,,2269.0,,,2297.0
,,1646.0,,,,,635.0,,1388.0,1687.0,2518.0,3004.0,,,,958.0,,,2297.0,,1444.0,,,2392.0
,,2960.0,,,,,499.0,,1384.0,1637.0,3210.0,3120.0,,,,2829.0,,,2392.0,,990.0,,,2829.0
,,1970.0,,,,,2611.0,,3306.0,2098.0,221.0,1069.0,,,,1091.0,,,1091.0,,2875.0,,,3077.0
,,202.0,,,,,2098.0,,2481.0,2611.0,250.0,586.0,,,,3077.0,,,958.0,,3660.0,,,40.0
,,2553.0,,,,,1637.0,,3439.0,1650.0,1161.0,63.0,,,,2297.0,,,2692.0,,1800.0,,,958.0
,,1747.0,,,,,591.0,,1464.0,2836.0,3038.0,710.0,,,,1358.0,,,3077.0,,21.0,,,2692.0
,,1039.0,,,,,1650.0,,3111.0,3635.0,3281.0,1160.0,,,,2392.0,,,2829.0,,1807.0,,,1358.0
,,3160.0,,,,,3635.0,,657.0,1127.0,3671.0,2603.0,,,,1159.0,,,1159.0,,2453.0,,,1091.0
,,1512.0,,,,,2015.0,,1039.0,1024.0,260.0,3113.0,,,,2265.0,,,2007.0,,1846.0,,,2007.0
,,1128.0,,,,,1127.0,,1646.0,2577.0,2529.0,3404.0,,,,1732.0,,,1732.0,,2518.0,,,1732.0
,,1001.0,,,,,1064.0,,3566.0,1064.0,2500.0,429.0,,,,2669.0,,,1360.0,,127.0,,,1360.0
,,1517.0,,,,,1024.0,,3160.0,1060.0,3470.0,2078.0,,,,3251.0,,,2265.0,,3063.0,,,3251.0
,,1163.0,,,,,2933.0,,475.0,2933.0,2770.0,2038.0,,,,2007.0,,,3251.0,,1906.0,,,1159.0
,,2995.0,,,,,306.0,,3826.0,591.0,2883.0,165.0,,,,616.0,,,616.0,,221.0,,,2876.0
,,2454.0,,,,,1060.0,,2960.0,2015.0,612.0,728.0,,,,2805.0,,,2876.0,,3210.0,,,616.0
,,3590.0,,,,,1396.0,,202.0,1396.0,3177.0,1829.0,,,,1360.0,,,2669.0,,250.0,,,589.0
,,2124.0,,,,,1838.0,,2341.0,306.0,1601.0,3203.0,,,,2876.0,,,2805.0,,3038.0,,,255.0
,,3818.0,,,,,2577.0,,1747.0,1838.0,1347.0,910.0,,,,589.0,,,255.0,,1161.0,,,2669.0
,,857.0,,,,,3561.0,,2124.0,2838.0,48.0,1033.0,,,,3615.0,,,1819.0,,260.0,,,1090.0
,,2139.0,,,,,2497.0,,1163.0,3561.0,2962.0,170.0,,,,1090.0,,,3615.0,,3671.0,,,618.0
,,560.0,,,,,104.0,,1970.0,2009.0,3522.0,173.0,,,,1058.0,,,589.0,,2500.0,,,2805.0
,,2098.0,,,,,2838.0,,2057.0,104.0,3598.0,199.0,,,,1819.0,,,618.0,,3281.0,,,3615.0
,,499.0,,,,,1916.0,,2553.0,2497.0,2174.0,2573.0,,,,3124.0,,,1090.0,,3177.0,,,1819.0
,,635.0,,,,,888.0,,2454.0,3041.0,1121.0,3123.0,,,,501.0,,,501.0,,612.0,,,501.0
,,2836.0,,,,,18.0,,1001.0,18.0,688.0,2185.0,,,,618.0,,,1169.0,,1601.0,,,3124.0
,,1687.0,,,,,2666.0,,1128.0,1916.0,1727.0,2452.0,,,,1169.0,,,3124.0,,2883.0,,,1058.0
,,2611.0,,,,,3041.0,,1512.0,2666.0,2482.0,2325.0,,,,2915.0,,,1058.0,,3470.0,,,2915.0
,,1637.0,,,,,3196.0,,3818.0,3196.0,382.0,2023.0,,,,255.0,,,2915.0,,2770.0,,,1169.0
,,1650.0,,,,,2009.0,,2836.0,2976.0,3539.0,222.0,,,,3011.0,,,2863.0,,1347.0,,,541.0
,,1396.0,,,,,2976.0,,2995.0,2104.0,1230.0,711.0,,,,541.0,,,1136.0,,2529.0,,,3011.0
,,2933.0,,,,,3527.0,,2098.0,888.0,378.0,725.0,,,,2863.0,,,3300.0,,2962.0,,,2863.0
,,3635.0,,,,,3027.0,,560.0,3027.0,2793.0,715.0,,,,737.0,,,1599.0,,48.0,,,2531.0
,,1060.0,,,,,2104.0,,2139.0,3505.0,3659.0,3289.0,,,,2531.0,,,541.0,,3522.0,,,1599.0
,,1064.0,,,,,3505.0,,1517.0,3527.0,661.0,1447.0,,,,1599.0,,,737.0,,3598.0,,,737.0
,,1024.0,,,,,3161.0,,635.0,3161.0,2344.0,973.0,,,,3300.0,,,3011.0,,1121.0,,,3300.0
,,1127.0,,,,,580.0,,1650.0,580.0,1263.0,261.0,,,,22.0,,,119.0,,688.0,,,22.0
,,2577.0,,,,,3229.0,,857.0,3229.0,1717.0,2885.0,,,,119.0,,,2531.0,,2174.0,,,119.0
,,18.0,,,,,3685.0,,3590.0,3685.0,131.0,1312.0,,,,1136.0,,,22.0,,1727.0,,,1136.0
,,3561.0,,,,,1945.0,,3635.0,1982.0,609.0,1934.0,,,,853.0,,,3660.0,,2482.0,,,990.0
,,2497.0,,,,,3616.0,,1127.0,3482.0,783.0,3046.0,,,,2010.0,,,1444.0,,382.0,,,2826.0
,,2838.0,,,,,1016.0,,2611.0,1945.0,3219.0,2608.0,,,,2826.0,,,2100.0,,1230.0,,,2010.0
,,3041.0,,,,,3482.0,,1064.0,1016.0,3374.0,2024.0,,,,2823.0,,,2823.0,,3659.0,,,853.0
,,1838.0,,,,,2914.0,,1637.0,3616.0,2411.0,64.0,,,,990.0,,,990.0,,378.0,,,2823.0
,,888.0,,,,,3230.0,,1687.0,3230.0,1716.0,1995.0,,,,2875.0,,,853.0,,3539.0,,,2100.0
,,104.0,,,,,1982.0,,2933.0,2914.0,3658.0,107.0,,,,2100.0,,,2010.0,,2793.0,,,3660.0
,,2976.0,,,,,2617.0,,1060.0,2617.0,359.0,3570.0,,,,2269.0,,,2875.0,,661.0,,,2269.0
,,3196.0,,,,,1393.0,,1396.0,1393.0,2649.0,3418.0,,,,1444.0,,,2269.0,,1263.0,,,2875.0
,,2666.0,,,,,422.0,,1024.0,1097.0,1089.0,3507.0,,,,3660.0,,,2826.0,,2344.0,,,1444.0
,,3505.0,,,,,1097.0,,18.0,422.0,555.0,3175.0,,,,21.0,,,21.0,,131.0,,,253.0
,,1916.0,,,,,2480.0,,2577.0,579.0,2664.0,1935.0,,,,78.0,,,1807.0,,1717.0,,,1800.0
,,2009.0,,,,,579.0,,3561.0,961.0,916.0,536.0,,,,1800.0,,,1611.0,,2411.0,,,1807.0
,,3027.0,,,,,3492.0,,1838.0,1134.0,2521.0,1217.0,,,,2453.0,,,1800.0,,609.0,,,21.0
,,2104.0,,,,,961.0,,2497.0,2480.0,967.0,416.0,,,,1611.0,,,2428.0,,3658.0,,,1611.0
,,3527.0,,,,,1134.0,,2838.0,3492.0,1679.0,1595.0,,,,253.0,,,253.0,,3374.0,,,2453.0
,,3161.0,,,,,2579.0,,3041.0,1823.0,1181.0,2194.0,,,,1846.0,,,1846.0,,3219.0,,,1846.0
,,3685.0,,,,,2532.0,,2666.0,315.0,1348.0,2777.0,,,,1807.0,,,2453.0,,783.0,,,2428.0
,,580.0,,,,,1823.0,,2009.0,2579.0,3657.0,537.0,,,,2428.0,,,221.0,,1716.0,,,78.0
,,3229.0,,,,,315.0,,888.0,2532.0,812.0,1051.0,,,,221.0,,,78.0,,359.0,,,221.0
,,1945.0,,,,,11.0,,2976.0,1036.0,597.0,3043.0,,,,3063.0,,,2518.0,,2664.0,,,3281.0
,,2914.0,,,,,2501.0,,1916.0,2501.0,577.0,3569.0,,,,1906.0,,,1007.0,,916.0,,,3063.0
,,3616.0,,,,,3116.0,,3196.0,335.0,814.0,2919.0,,,,1161.0,,,3281.0,,555.0,,,1161.0
,,3230.0,,,,,3665.0,,3527.0,435.0,2378.0,2275.0,,,,1007.0,,,1590.0,,1089.0,,,260.0
,,1016.0,,,,,1804.0,,3505.0,3665.0,2279.0,2323.0,,,,2518.0,,,3038.0,,2649.0,,,263.0
,,1982.0,,,,,435.0,,3229.0,11.0,1265.0,2444.0,,,,263.0,,,263.0,,2521.0,,,2518.0
,,2617.0,,,,,1125.0,,3027.0,3116.0,3540.0,1936.0,,,,3281.0,,,1906.0,,1679.0,,,1906.0
,,1393.0,,,,,1036.0,,3161.0,1804.0,3067.0,3091.0,,,,3038.0,,,1161.0,,1181.0,,,3038.0
,,422.0,,,,,335.0,,2104.0,1988.0,1352.0,337.0,,,,1590.0,,,3063.0,,967.0,,,1590.0
,,1134.0,,,,,1988.0,,3685.0,1125.0,943.0,405.0,,,,260.0,,,260.0,,1348.0,,,1007.0
,,961.0,,,,,2304.0,,1945.0,1651.0,1445.0,2118.0,,,,2500.0,,,1601.0,,577.0,,,3177.0
,,2480.0,,,,,2719.0,,1016.0,3108.0,662.0,252.0,,,,3177.0,,,2770.0,,3657.0,,,2500.0
,,3492.0,,,,,1085.0,,1982.0,118.0,1865.0,2252.0,,,,3470.0,,,2500.0,,597.0,,,2529.0
,,579.0,,,,,2410.0,,3230.0,2410.0,2315.0,672.0,,,,612.0,,,2529.0,,2378.0,,,1601.0
,,1097.0,,,,,1054.0,,3616.0,704.0,1691.0,1186.0,,,,2883.0,,,3470.0,,1265.0,,,2883.0
,,1823.0,,,,,2618.0,,2914.0,1054.0,792.0,1321.0,,,,1601.0,,,3177.0,,814.0,,,612.0
,,2532.0,,,,,704.0,,1393.0,2719.0,1216.0,620.0,,,,2529.0,,,2883.0,,812.0,,,3470.0
,,315.0,,,,,2273.0,,2617.0,1462.0,264.0,279.0,,,,2770.0,,,612.0,,3540.0,,,2770.0
,,2579.0,,,,,118.0,,3492.0,1931.0,1017.0,2364.0,,,,2962.0,,,2962.0,,3067.0,,,3522.0
,,1804.0,,,,,2448.0,,1134.0,3624.0,1911.0,1861.0,,,,3522.0,,,3522.0,,2279.0,,,2962.0
,,3665.0,,,,,2422.0,,1097.0,504.0,648.0,3057.0,,,,1121.0,,,1727.0,,1352.0,,,3400.0
,,1036.0,,,,,801.0,,579.0,2273.0,168.0,574.0,,,,48.0,,,3598.0,,943.0,,,1121.0
,,1988.0,,,,,1137.0,,2480.0,2304.0,154.0,1562.0,,,,2174.0,,,1121.0,,1865.0,,,48.0
,,3116.0,,,,,2020.0,,422.0,1761.0,3578.0,94.0,,,,3598.0,,,48.0,,1445.0,,,2482.0
,,435.0,,,,,1434.0,,2579.0,1434.0,796.0,2808.0,,,,688.0,,,2482.0,,662.0,,,3659.0
,,2501.0,,,,,1752.0,,961.0,1079.0,1549.0,215.0,,,,2482.0,,,3539.0,,1691.0,,,688.0
,,11.0,,,,,800.0,,1823.0,801.0,3487.0,1728.0,,,,1727.0,,,2174.0,,1216.0,,,2174.0
,,1125.0,,,,,1931.0,,315.0,2020.0,816.0,1197.0,,,,3400.0,,,688.0,,792.0,,,1727.0
,,335.0,,,,,3639.0,,2532.0,1085.0,156.0,1676.0,,,,3659.0,,,3400.0,,2315.0,,,3539.0
,,3108.0,,,,,1761.0,,435.0,3639.0,2591.0,925.0,,,,3539.0,,,3659.0,,264.0,,,3598.0
,,2448.0,,,,,2753.0,,1125.0,516.0,239.0,2762.0,,,,2344.0,,,131.0,,1911.0,,,3458.0
,,1761.0,,,,,2953.0,,2448.0,526.0,1146.0,3398.0,,,,1717.0,,,1716.0,,3578.0,,,1263.0
,,490.0,,,,,526.0,,3116.0,1678.0,1235.0,1862.0,,,,1263.0,,,1717.0,,168.0,,,2344.0
,,1752.0,,,,,504.0,,3624.0,2618.0,144.0,667.0,,,,131.0,,,3658.0,,1017.0,,,1717.0
,,704.0,,,,,1678.0,,2501.0,2448.0,251.0,2767.0,,,,2411.0,,,3219.0,,648.0,,,1716.0
,,3624.0,,,,,1079.0,,1036.0,2422.0,3656.0,2667.0,,,,783.0,,,2344.0,,154.0,,,783.0
,,2753.0,,,,,1651.0,,3665.0,2753.0,2661.0,1532.0,,,,3458.0,,,2411.0,,796.0,,,2411.0
,,1137.0,,,,,233.0,,11.0,800.0,1494.0,1323.0,,,,1716.0,,,1263.0,,1549.0,,,3219.0
,,2719.0,,,,,1462.0,,1988.0,233.0,3468.0,445.0,,,,3219.0,,,783.0,,156.0,,,3658.0
,,2410.0,,,,,3624.0,,1804.0,1752.0,160.0,679.0,,,,3658.0,,,3458.0,,3487.0,,,359.0
,,1054.0,,,,,632.0,,1651.0,490.0,3298.0,592.0,,,,1679.0,,,1679.0,,419.0,,,3657.0
,,3639.0,,,,,1395.0,,2753.0,1395.0,2040.0,1675.0,,,,1181.0,,,359.0,,2591.0,,,2521.0
,,1085.0,,,,,490.0,,516.0,1137.0,2703.0,291.0,,,,359.0,,,2521.0,,816.0,,,1265.0
,,233.0,,,,,516.0,,2618.0,2953.0,1573.0,538.0,,,,967.0,,,1181.0,,251.0,,,577.0
,,1079.0,,,,,1649.0,,1054.0,3158.0,1346.0,1633.0,,,,2521.0,,,3657.0,,2661.0,,,597.0
,,2273.0,,,,,3158.0,,3108.0,2413.0,1259.0,2972.0,,,,812.0,,,812.0,,1494.0,,,812.0
,,1931.0,,,,,2413.0,,1678.0,1649.0,346.0,2853.0,,,,597.0,,,967.0,,144.0,,,1679.0
,,2304.0,,,,,1480.0,,490.0,1480.0,2276.0,159.0,,,,1265.0,,,597.0,,239.0,,,1181.0
,,118.0,,,,,1040.0,,704.0,1040.0,2438.0,991.0,,,,3657.0,,,577.0,,1146.0,,,967.0
,,526.0,,,,,3430.0,,526.0,632.0,582.0,1624.0,,,,577.0,,,1265.0,,1235.0,,,3067.0
,,2422.0,,,,,2891.0,,1137.0,2897.0,1327.0,40.0,,,,1017.0,,,1445.0,,2276.0,,,1017.0
,,1434.0,,,,,2274.0,,118.0,2891.0,1793.0,2297.0,,,,3469.0,,,3578.0,,160.0,,,1445.0
,,1462.0,,,,,2897.0,,1434.0,135.0,2559.0,3077.0,,,,1445.0,,,1017.0,,3468.0,,,1216.0
,,516.0,,,,,3392.0,,1079.0,3430.0,3708.0,1091.0,,,,3540.0,,,3540.0,,582.0,,,648.0
,,1678.0,,,,,1195.0,,1931.0,2274.0,209.0,2392.0,,,,3067.0,,,154.0,,2438.0,,,1911.0
,,504.0,,,,,135.0,,233.0,1195.0,1720.0,1358.0,,,,1216.0,,,1911.0,,1259.0,,,154.0
,,1395.0,,,,,617.0,,1085.0,617.0,3711.0,958.0,,,,792.0,,,3469.0,,3298.0,,,792.0
,,1651.0,,,,,2160.0,,2422.0,3392.0,614.0,2692.0,,,,3578.0,,,3067.0,,2703.0,,,3540.0
,,2618.0,,,,,2698.0,,3639.0,2160.0,680.0,2829.0,,,,648.0,,,1216.0,,2040.0,,,3469.0
,,1649.0,,,,,700.0,,504.0,700.0,2303.0,1822.0,,,,1911.0,,,792.0,,1346.0,,,3578.0
,,3158.0,,,,,286.0,,2273.0,1354.0,3385.0,1159.0,,,,154.0,,,2661.0,,2559.0,,,1146.0
,,135.0,,,,,1158.0,,1752.0,575.0,461.0,2007.0,,,,1549.0,,,3656.0,,346.0,,,2674.0
,,2891.0,,,,,1989.0,,1462.0,2698.0,216.0,1360.0,,,,156.0,,,2591.0,,3708.0,,,2661.0
,,1040.0,,,,,3431.0,,1649.0,607.0,1432.0,1732.0,,,,2591.0,,,648.0,,1720.0,,,243.0
,,2413.0,,,,,2213.0,,1395.0,3339.0,388.0,2265.0,,,,243.0,,,1549.0,,3711.0,,,2591.0
,,632.0,,,,,2054.0,,2410.0,3431.0,873.0,3251.0,,,,2661.0,,,243.0,,1573.0,,,144.0
,,1480.0,,,,,2337.0,,2719.0,1989.0,666.0,2876.0,,,,1146.0,,,2674.0,,209.0,,,156.0
,,2897.0,,,,,575.0,,2304.0,1399.0,3214.0,2669.0,,,,2674.0,,,156.0,,1793.0,,,1549.0
,,3430.0,,,,,607.0,,1761.0,3176.0,3402.0,2805.0,,,,3656.0,,,144.0,,1327.0,,,3656.0
,,3392.0,,,,,3339.0,,3158.0,1158.0,2460.0,616.0,,,,144.0,,,1146.0,,614.0,,,1235.0
,,2274.0,,,,,1337.0,,2897.0,286.0,2920.0,255.0,,,,3708.0,,,1494.0,,3385.0,,,3511.0
,,700.0,,,,,1354.0,,1480.0,2054.0,3666.0,589.0,,,,3511.0,,,160.0,,680.0,,,3468.0
,,617.0,,,,,2292.0,,2413.0,2633.0,1185.0,3615.0,,,,3468.0,,,1235.0,,216.0,,,1494.0
,,2698.0,,,,,2759.0,,632.0,2293.0,488.0,1090.0,,,,3298.0,,,3468.0,,873.0,,,160.0
,,575.0,,,,,2293.0,,1040.0,2213.0,1262.0,1819.0,,,,160.0,,,2703.0,,388.0,,,3298.0
,,1195.0,,,,,3595.0,,2891.0,1148.0,1353.0,618.0,,,,2703.0,,,3298.0,,461.0,,,3708.0
,,2160.0,,,,,494.0,,135.0,2337.0,539.0,3124.0,,,,1494.0,,,3511.0,,2303.0,,,2703.0
,,3339.0,,,,,1399.0,,3430.0,2759.0,673.0,1169.0,,,,1235.0,,,3708.0,,1432.0,,,1720.0
,,607.0,,,,,3176.0,,617.0,969.0,387.0,501.0,,,,1720.0,,,2721.0,,3402.0,,,1793.0
,,1989.0,,,,,825.0,,1195.0,3698.0,2558.0,2915.0,,,,2721.0,,,1720.0,,666.0,,,2721.0
,,3431.0,,,,,3178.0,,607.0,494.0,576.0,22.0,,,,3136.0,,,216.0,,488.0,,,3666.0
,,1399.0,,,,,1148.0,,3392.0,3432.0,1654.0,1058.0,,,,1793.0,,,614.0,,3214.0,,,3136.0
,,2759.0,,,,,3432.0,,2274.0,3178.0,1731.0,541.0,,,,216.0,,,680.0,,1353.0,,,216.0
,,2213.0,,,,,1868.0,,1989.0,834.0,1243.0,3300.0,,,,680.0,,,1793.0,,3666.0,,,614.0
,,2337.0,,,,,2670.0,,2160.0,2292.0,742.0,3011.0,,,,614.0,,,1262.0,,2460.0,,,680.0
,,1354.0,,,,,2560.0,,3339.0,825.0,17.0,737.0,,,,3666.0,,,3666.0,,2920.0,,,488.0
,,1158.0,,,,,834.0,,2698.0,955.0,424.0,1599.0,,,,488.0,,,488.0,,1262.0,,,673.0
,,2054.0,,,,,2215.0,,700.0,1478.0,540.0,2863.0,,,,673.0,,,673.0,,539.0,,,2558.0
,,286.0,,,,,3698.0,,575.0,1868.0,1699.0,2531.0,,,,1262.0,,,2558.0,,1185.0,,,1262.0
,,3176.0,,,,,3025.0,,1399.0,3595.0,2986.0,119.0,,,,2558.0,,,742.0,,673.0,,,17.0
,,2670.0,,,,,3596.0,,955.0,678.0,262.0,2826.0,,,,576.0,,,17.0,,387.0,,,1731.0
,,494.0,,,,,2633.0,,1354.0,1337.0,3506.0,2010.0,,,,17.0,,,3052.0,,2558.0,,,2435.0
,,3025.0,,,,,955.0,,286.0,2670.0,1385.0,1136.0,,,,742.0,,,576.0,,742.0,,,134.0
,,3178.0,,,,,969.0,,2213.0,2215.0,2313.0,2823.0,,,,1731.0,,,2435.0,,17.0,,,576.0
,,2293.0,,,,,514.0,,3176.0,2560.0,3052.0,853.0,,,,1974.0,,,1974.0,,576.0,,,1974.0
,,2292.0,,,,,678.0,,3431.0,3025.0,134.0,990.0,,,,3052.0,,,1731.0,,540.0,,,3052.0
,,2633.0,,,,,2801.0,,2337.0,514.0,477.0,2100.0,,,,2435.0,,,477.0,,1699.0,,,742.0
,,1148.0,,,,,1478.0,,2759.0,3596.0,1526.0,2269.0,,,,477.0,,,134.0,,424.0,,,477.0
,,834.0,,,,,1930.0,,2054.0,3100.0,3568.0,2875.0,,,,134.0,,,3018.0,,2986.0,,,1229.0
,,3595.0,,,,,3100.0,,1158.0,2801.0,86.0,3660.0,,,,3018.0,,,1229.0,,1243.0,,,1292.0
,,3698.0,,,,,1640.0,,2292.0,1910.0,870.0,1807.0,,,,2545.0,,,2545.0,,262.0,,,1463.0
,,955.0,,,,,343.0,,969.0,1930.0,627.0,1611.0,,,,1229.0,,,1292.0,,2313.0,,,729.0
,,1337.0,,,,,3157.0,,3698.0,3519.0,1507.0,1444.0,,,,2912.0,,,2912.0,,1385.0,,,2912.0
,,1868.0,,,,,2685.0,,494.0,2685.0,3282.0,21.0,,,,1292.0,,,1463.0,,1654.0,,,2545.0
,,2215.0,,,,,399.0,,678.0,343.0,1879.0,253.0,,,,1463.0,,,2848.0,,1731.0,,,2848.0
,,969.0,,,,,3526.0,,3595.0,1640.0,1820.0,1800.0,,,,729.0,,,729.0,,3506.0,,,3137.0
,,825.0,,,,,3519.0,,825.0,3157.0,1229.0,2453.0,,,,2848.0,,,3137.0,,477.0,,,2427.0
,,678.0,,,,,1910.0,,834.0,1614.0,1292.0,1846.0,,,,3137.0,,,2427.0,,3052.0,,,1141.0
,,2560.0,,,,,1614.0,,2293.0,399.0,2706.0,221.0,,,,2427.0,,,1141.0,,134.0,,,157.0
,,1478.0,,,,,3129.0,,2560.0,3129.0,241.0,78.0,,,,1141.0,,,157.0,,3126.0,,,2076.0
,,2801.0,,,,,3737.0,,1478.0,3526.0,433.0,1906.0,,,,2076.0,,,2076.0,,1820.0,,,3019.0
,,3100.0,,,,,3159.0,,3178.0,1045.0,1349.0,3038.0,,,,157.0,,,2487.0,,3568.0,,,3459.0
,,3596.0,,,,,2580.0,,1337.0,3159.0,1463.0,1007.0,,,,3076.0,,,133.0,,870.0,,,3076.0
,,3432.0,,,,,3338.0,,2670.0,2277.0,2545.0,3063.0,,,,3459.0,,,3076.0,,86.0,,,133.0
,,1930.0,,,,,2277.0,,1868.0,2494.0,2076.0,2428.0,,,,133.0,,,3459.0,,1526.0,,,2487.0
,,1910.0,,,,,2494.0,,1148.0,889.0,699.0,2518.0,,,,2487.0,,,3019.0,,1879.0,,,1850.0
,,3519.0,,,,,3801.0,,2215.0,3653.0,3498.0,263.0,,,,3019.0,,,496.0,,627.0,,,476.0
,,514.0,,,,,1045.0,,3025.0,3801.0,2427.0,3281.0,,,,942.0,,,417.0,,1507.0,,,417.0
,,2685.0,,,,,3653.0,,3432.0,2207.0,2848.0,1161.0,,,,496.0,,,1850.0,,3282.0,,,496.0
,,3157.0,,,,,889.0,,2633.0,3737.0,157.0,1590.0,,,,417.0,,,942.0,,1229.0,,,942.0
,,1045.0,,,,,2207.0,,2801.0,739.0,918.0,2500.0,,,,2159.0,,,2159.0,,1349.0,,,2159.0
,,3526.0,,,,,69.0,,3596.0,69.0,177.0,260.0,,,,2336.0,,,476.0,,1292.0,,,3093.0
,,3129.0,,,,,2938.0,,514.0,3338.0,133.0,3177.0,,,,3093.0,,,446.0,,2706.0,,,446.0
,,1614.0,,,,,1919.0,,1930.0,3254.0,2999.0,2883.0,,,,2568.0,,,2021.0,,241.0,,,2021.0
,,3653.0,,,,,3254.0,,3100.0,2580.0,468.0,612.0,,,,1850.0,,,3093.0,,433.0,,,2568.0
,,2494.0,,,,,2640.0,,3519.0,1919.0,3.0,1601.0,,,,476.0,,,2568.0,,1463.0,,,2336.0
,,399.0,,,,,3444.0,,1910.0,2640.0,1783.0,3470.0,,,,2371.0,,,2371.0,,2545.0,,,2850.0
,,3159.0,,,,,739.0,,2685.0,2287.0,1135.0,2529.0,,,,446.0,,,2336.0,,699.0,,,2371.0
,,3801.0,,,,,1555.0,,3129.0,2938.0,3459.0,2770.0,,,,2021.0,,,2850.0,,3498.0,,,155.0
,,889.0,,,,,1920.0,,1614.0,1555.0,3076.0,2962.0,,,,2850.0,,,155.0,,2848.0,,,945.0
,,3737.0,,,,,2287.0,,1045.0,2955.0,2487.0,3522.0,,,,155.0,,,2346.0,,2999.0,,,1956.0
,,69.0,,,,,798.0,,3157.0,1920.0,2086.0,1121.0,,,,1616.0,,,945.0,,177.0,,,1297.0
,,2277.0,,,,,2393.0,,3159.0,798.0,496.0,3598.0,,,,2346.0,,,1616.0,,2076.0,,,410.0
,,2207.0,,,,,408.0,,3801.0,2393.0,3019.0,2174.0,,,,945.0,,,1956.0,,1135.0,,,2346.0
,,1919.0,,,,,2888.0,,3653.0,2888.0,611.0,48.0,,,,1956.0,,,1297.0,,918.0,,,495.0
,,3338.0,,,,,345.0,,2277.0,3444.0,3206.0,688.0,,,,1332.0,,,495.0,,2427.0,,,3629.0
,,3254.0,,,,,2955.0,,3526.0,408.0,727.0,1727.0,,,,3629.0,,,1332.0,,157.0,,,2873.0
,,739.0,,,,,1306.0,,399.0,1764.0,417.0,2482.0,,,,1297.0,,,3629.0,,468.0,,,1332.0
,,2580.0,,,,,1764.0,,889.0,345.0,411.0,3400.0,,,,495.0,,,2873.0,,133.0,,,1616.0
,,1920.0,,,,,1084.0,,2494.0,1306.0,1850.0,3539.0,,,,2873.0,,,410.0,,3.0,,,854.0
,,2938.0,,,,,1677.0,,1555.0,3509.0,285.0,2344.0,,,,410.0,,,1667.0,,3019.0,,,377.0
,,408.0,,,,,2886.0,,1920.0,2886.0,3093.0,783.0,,,,854.0,,,572.0,,611.0,,,3371.0
,,1555.0,,,,,3279.0,,3737.0,2779.0,3579.0,3659.0,,,,1667.0,,,377.0,,3459.0,,,551.0
,,3444.0,,,,,2183.0,,2938.0,1084.0,2159.0,1717.0,,,,551.0,,,3371.0,,2487.0,,,1733.0
,,2287.0,,,,,2779.0,,1919.0,1744.0,476.0,1716.0,,,,1733.0,,,854.0,,496.0,,,1008.0
,,1306.0,,,,,3509.0,,2207.0,1677.0,446.0,3458.0,,,,3371.0,,,551.0,,1783.0,,,1667.0
,,2640.0,,,,,1744.0,,3338.0,3279.0,1592.0,131.0,,,,572.0,,,1733.0,,3076.0,,,2515.0
,,2393.0,,,,,2368.0,,69.0,2183.0,1414.0,2411.0,,,,377.0,,,2515.0,,417.0,,,572.0
,,2888.0,,,,,3581.0,,2580.0,2368.0,1536.0,3219.0,,,,2515.0,,,1008.0,,3206.0,,,1799.0
,,1764.0,,,,,3007.0,,3254.0,3581.0,2021.0,3658.0,,,,1008.0,,,1799.0,,727.0,,,1499.0
,,2779.0,,,,,630.0,,2287.0,3007.0,2568.0,577.0,,,,3464.0,,,1955.0,,3209.0,,,3464.0
,,1084.0,,,,,663.0,,739.0,1366.0,2599.0,597.0,,,,1799.0,,,2612.0,,2086.0,,,3403.0
,,1677.0,,,,,2946.0,,3444.0,2127.0,3058.0,812.0,,,,3403.0,,,3464.0,,1850.0,,,2612.0
,,2886.0,,,,,810.0,,2640.0,630.0,649.0,967.0,,,,1499.0,,,937.0,,476.0,,,1955.0
,,3509.0,,,,,726.0,,408.0,3268.0,1523.0,1181.0,,,,2612.0,,,3403.0,,2159.0,,,937.0
,,3279.0,,,,,3268.0,,2393.0,2946.0,1574.0,3657.0,,,,1955.0,,,1499.0,,411.0,,,629.0
,,2183.0,,,,,701.0,,2888.0,810.0,379.0,1679.0,,,,937.0,,,629.0,,285.0,,,466.0
,,2368.0,,,,,1638.0,,1306.0,701.0,2306.0,359.0,,,,629.0,,,2842.0,,3579.0,,,2842.0
,,3581.0,,,,,1366.0,,1677.0,726.0,1669.0,2521.0,,,,2842.0,,,466.0,,446.0,,,1106.0
,,2946.0,,,,,3437.0,,1764.0,663.0,3494.0,1265.0,,,,466.0,,,3450.0,,3093.0,,,3450.0
,,810.0,,,,,1580.0,,2779.0,3345.0,945.0,3067.0,,,,2343.0,,,2384.0,,2021.0,,,426.0
,,1638.0,,,,,2127.0,,2183.0,1913.0,155.0,3578.0,,,,2384.0,,,2376.0,,1414.0,,,2319.0
,,3007.0,,,,,451.0,,3509.0,452.0,3047.0,1911.0,,,,3450.0,,,2319.0,,1536.0,,,1791.0
,,452.0,,,,,452.0,,1084.0,1638.0,2850.0,792.0,,,,2376.0,,,2894.0,,1592.0,,,2384.0
,,2127.0,,,,,1196.0,,3581.0,44.0,2540.0,1216.0,,,,426.0,,,2343.0,,649.0,,,2343.0
,,3345.0,,,,,3345.0,,2886.0,3437.0,1062.0,1445.0,,,,1791.0,,,1791.0,,2568.0,,,2376.0
,,1366.0,,,,,2644.0,,2368.0,451.0,2346.0,3469.0,,,,2319.0,,,1106.0,,3058.0,,,2894.0
,,663.0,,,,,44.0,,3007.0,1580.0,1616.0,1017.0,,,,1106.0,,,426.0,,1669.0,,,427.0
,,726.0,,,,,1913.0,,2946.0,2644.0,41.0,648.0,,,,2894.0,,,1326.0,,2599.0,,,1326.0
,,701.0,,,,,2143.0,,3345.0,1196.0,1956.0,154.0,,,,1326.0,,,427.0,,1523.0,,,2884.0
,,630.0,,,,,1441.0,,726.0,1441.0,1297.0,1494.0,,,,1581.0,,,1889.0,,1574.0,,,835.0
,,1913.0,,,,,2223.0,,452.0,2143.0,1332.0,2591.0,,,,2290.0,,,573.0,,3494.0,,,2630.0
,,1196.0,,,,,2044.0,,701.0,3048.0,1593.0,1549.0,,,,1889.0,,,2884.0,,2306.0,,,43.0
,,2644.0,,,,,3271.0,,3268.0,2044.0,495.0,156.0,,,,427.0,,,835.0,,3047.0,,,573.0
,,3437.0,,,,,3048.0,,3437.0,3271.0,3629.0,144.0,,,,2630.0,,,2630.0,,2850.0,,,1581.0
,,44.0,,,,,179.0,,630.0,3155.0,1180.0,2661.0,,,,573.0,,,2290.0,,379.0,,,1889.0
,,3268.0,,,,,2217.0,,1638.0,709.0,1772.0,3656.0,,,,2884.0,,,1581.0,,2540.0,,,2290.0
,,1580.0,,,,,3155.0,,810.0,2223.0,3574.0,1146.0,,,,835.0,,,43.0,,155.0,,,3327.0
,,451.0,,,,,3228.0,,1366.0,179.0,410.0,2674.0,,,,43.0,,,3327.0,,945.0,,,1917.0
,,2143.0,,,,,3316.0,,2127.0,1615.0,2309.0,1235.0,,,,3327.0,,,1917.0,,1616.0,,,1729.0
,,3316.0,,,,,709.0,,1913.0,2374.0,572.0,1720.0,,,,1917.0,,,2186.0,,41.0,,,3702.0
,,2217.0,,,,,1376.0,,44.0,3316.0,1667.0,3468.0,,,,2326.0,,,946.0,,2346.0,,,2186.0
,,3155.0,,,,,2647.0,,1196.0,364.0,1733.0,3298.0,,,,1227.0,,,3702.0,,1593.0,,,1227.0
,,179.0,,,,,862.0,,2644.0,1572.0,3371.0,160.0,,,,3702.0,,,1729.0,,1956.0,,,2326.0
,,2044.0,,,,,364.0,,3048.0,3228.0,1193.0,3708.0,,,,406.0,,,390.0,,3489.0,,,1356.0
,,1441.0,,,,,850.0,,1580.0,1014.0,3575.0,2721.0,,,,2186.0,,,2326.0,,1062.0,,,390.0
,,3048.0,,,,,2134.0,,2143.0,862.0,551.0,2703.0,,,,390.0,,,1227.0,,1332.0,,,406.0
,,3228.0,,,,,1615.0,,451.0,2217.0,2783.0,1793.0,,,,1356.0,,,1356.0,,1297.0,,,946.0
,,3271.0,,,,,2374.0,,1441.0,850.0,2515.0,614.0,,,,1729.0,,,406.0,,495.0,,,708.0
,,709.0,,,,,3134.0,,709.0,1015.0,1383.0,680.0,,,,946.0,,,708.0,,3629.0,,,2581.0
,,361.0,,,,,543.0,,2223.0,1567.0,653.0,216.0,,,,1899.0,,,2311.0,,410.0,,,565.0
,,850.0,,,,,1572.0,,3316.0,2134.0,1499.0,3666.0,,,,1620.0,,,1665.0,,1180.0,,,1899.0
,,862.0,,,,,1014.0,,3228.0,1802.0,5.0,673.0,,,,2581.0,,,829.0,,2309.0,,,112.0
,,2647.0,,,,,1015.0,,3271.0,314.0,3403.0,17.0,,,,708.0,,,2581.0,,2783.0,,,829.0
,,2223.0,,,,,1802.0,,2044.0,1376.0,3464.0,488.0,,,,2311.0,,,565.0,,3574.0,,,1665.0
,,364.0,,,,,314.0,,2217.0,2647.0,1955.0,1262.0,,,,1665.0,,,1620.0,,551.0,,,2311.0
,,1567.0,,,,,1567.0,,179.0,361.0,2612.0,2558.0,,,,829.0,,,112.0,,1772.0,,,304.0
,,1802.0,,,,,361.0,,3155.0,3134.0,1672.0,742.0,,,,565.0,,,1899.0,,1667.0,,,1620.0
,,1376.0,,,,,1803.0,,364.0,543.0,1799.0,576.0,,,,344.0,,,304.0,,1733.0,,,344.0
,,314.0,,,,,2984.0,,862.0,66.0,143.0,1731.0,,,,304.0,,,344.0,,572.0,,,1875.0
,,66.0,,,,,827.0,,3134.0,3802.0,1255.0,477.0,,,,500.0,,,507.0,,1193.0,,,500.0
,,3134.0,,,,,3802.0,,1567.0,2984.0,1082.0,3052.0,,,,3642.0,,,3642.0,,653.0,,,507.0
,,2134.0,,,,,3029.0,,1015.0,1582.0,989.0,134.0,,,,112.0,,,2978.0,,1499.0,,,3642.0
,,1014.0,,,,,1582.0,,314.0,3029.0,2241.0,1974.0,,,,2899.0,,,2564.0,,3371.0,,,2899.0
,,543.0,,,,,66.0,,850.0,827.0,559.0,2435.0,,,,1875.0,,,1666.0,,1799.0,,,919.0
,,1015.0,,,,,49.0,,361.0,878.0,1689.0,1292.0,,,,507.0,,,2899.0,,3575.0,,,1666.0
,,878.0,,,,,2470.0,,1376.0,1803.0,694.0,1229.0,,,,919.0,,,919.0,,2515.0,,,2978.0
,,827.0,,,,,878.0,,2374.0,49.0,3370.0,3018.0,,,,2978.0,,,500.0,,1383.0,,,2564.0
,,1572.0,,,,,50.0,,2134.0,734.0,629.0,729.0,,,,1666.0,,,68.0,,3403.0,,,68.0
,,2374.0,,,,,734.0,,1014.0,2470.0,466.0,2912.0,,,,2564.0,,,1875.0,,1672.0,,,2412.0
,,1582.0,,,,,29.0,,2647.0,3424.0,2842.0,157.0,,,,1839.0,,,2412.0,,2612.0,,,566.0
,,3802.0,,,,,601.0,,1572.0,50.0,3450.0,2545.0,,,,68.0,,,2440.0,,3464.0,,,1718.0
,,49.0,,,,,2419.0,,1802.0,2419.0,1106.0,2848.0,,,,2952.0,,,2952.0,,5.0,,,1839.0
,,3029.0,,,,,642.0,,543.0,601.0,3425.0,1141.0,,,,795.0,,,1541.0,,2241.0,,,2952.0
,,2984.0,,,,,294.0,,3029.0,31.0,2343.0,2427.0,,,,2412.0,,,1842.0,,1955.0,,,795.0
,,1803.0,,,,,3424.0,,878.0,29.0,2319.0,1463.0,,,,1718.0,,,1718.0,,143.0,,,2440.0
,,734.0,,,,,349.0,,2984.0,294.0,2384.0,2076.0,,,,566.0,,,566.0,,1689.0,,,2353.0
,,2470.0,,,,,31.0,,66.0,1437.0,789.0,133.0,,,,1541.0,,,795.0,,989.0,,,1842.0
,,50.0,,,,,1437.0,,1582.0,642.0,1791.0,3076.0,,,,2440.0,,,1839.0,,694.0,,,1583.0
,,601.0,,,,,664.0,,49.0,349.0,1685.0,3459.0,,,,2353.0,,,2353.0,,1082.0,,,1541.0
,,29.0,,,,,1854.0,,349.0,3504.0,2884.0,417.0,,,,531.0,,,2463.0,,559.0,,,2614.0
,,2419.0,,,,,37.0,,2419.0,1854.0,2894.0,496.0,,,,2843.0,,,2843.0,,3425.0,,,2708.0
,,31.0,,,,,675.0,,3424.0,664.0,43.0,3019.0,,,,292.0,,,1583.0,,629.0,,,1273.0
,,349.0,,,,,2496.0,,2470.0,1247.0,573.0,2487.0,,,,831.0,,,2631.0,,1106.0,,,2631.0
,,642.0,,,,,3585.0,,3802.0,37.0,427.0,1850.0,,,,1583.0,,,1273.0,,3450.0,,,292.0
,,3504.0,,,,,3504.0,,734.0,3156.0,1999.0,476.0,,,,1273.0,,,2708.0,,2842.0,,,831.0
,,3424.0,,,,,3081.0,,827.0,3081.0,1326.0,446.0,,,,1842.0,,,531.0,,3370.0,,,2843.0
,,1247.0,,,,,1247.0,,1803.0,3585.0,1581.0,3093.0,,,,2463.0,,,831.0,,1255.0,,,2463.0
,,1437.0,,,,,3156.0,,50.0,2496.0,2290.0,2159.0,,,,979.0,,,292.0,,466.0,,,979.0
,,37.0,,,,,907.0,,294.0,675.0,1889.0,2021.0,,,,2708.0,,,979.0,,2319.0,,,531.0
,,2496.0,,,,,354.0,,601.0,1647.0,3327.0,155.0,,,,1873.0,,,2614.0,,789.0,,,1873.0
,,1854.0,,,,,2977.0,,31.0,2517.0,871.0,2568.0,,,,2937.0,,,2937.0,,1791.0,,,2396.0
,,664.0,,,,,1502.0,,29.0,354.0,326.0,1956.0,,,,805.0,,,2396.0,,2384.0,,,2437.0
,,3081.0,,,,,2517.0,,2496.0,907.0,1917.0,2850.0,,,,2396.0,,,805.0,,2343.0,,,1923.0
,,675.0,,,,,1647.0,,642.0,2977.0,552.0,2371.0,,,,2614.0,,,1873.0,,1326.0,,,2937.0
,,3156.0,,,,,2636.0,,37.0,1502.0,2326.0,945.0,,,,2631.0,,,2437.0,,1685.0,,,805.0
,,3585.0,,,,,645.0,,3081.0,3393.0,1246.0,1297.0,,,,2437.0,,,1923.0,,427.0,,,1500.0
,,354.0,,,,,1242.0,,1854.0,2636.0,1729.0,1616.0,,,,1923.0,,,1314.0,,2894.0,,,1314.0
,,2977.0,,,,,1617.0,,3156.0,1617.0,3702.0,1332.0,,,,1500.0,,,1500.0,,2884.0,,,3322.0
,,2517.0,,,,,2150.0,,664.0,2150.0,946.0,2346.0,,,,1314.0,,,3365.0,,43.0,,,3365.0
,,1242.0,,,,,2889.0,,1437.0,3026.0,2022.0,2873.0,,,,3365.0,,,3419.0,,573.0,,,3768.0
,,2636.0,,,,,1980.0,,1247.0,1338.0,708.0,410.0,,,,3322.0,,,1605.0,,1581.0,,,1605.0
,,907.0,,,,,1338.0,,3504.0,764.0,2581.0,3629.0,,,,3768.0,,,244.0,,1999.0,,,244.0
,,1502.0,,,,,3393.0,,675.0,1242.0,565.0,854.0,,,,3811.0,,,3322.0,,1889.0,,,3419.0
,,3026.0,,,,,1776.0,,3585.0,1980.0,390.0,495.0,,,,3419.0,,,3768.0,,326.0,,,997.0
,,1647.0,,,,,2408.0,,2977.0,2889.0,3695.0,1667.0,,,,1670.0,,,1670.0,,3327.0,,,3303.0
,,3393.0,,,,,764.0,,907.0,1776.0,1673.0,551.0,,,,1605.0,,,3811.0,,2290.0,,,3811.0
,,1617.0,,,,,3026.0,,1502.0,2408.0,2359.0,1733.0,,,,244.0,,,3303.0,,871.0,,,1670.0
,,2150.0,,,,,2816.0,,1647.0,645.0,3204.0,572.0,,,,3303.0,,,997.0,,1917.0,,,2291.0
,,1980.0,,,,,2668.0,,2517.0,2816.0,1665.0,3371.0,,,,997.0,,,2291.0,,552.0,,,428.0
,,2889.0,,,,,368.0,,1338.0,362.0,1620.0,2612.0,,,,2908.0,,,428.0,,1673.0,,,317.0
,,2408.0,,,,,1268.0,,764.0,3278.0,344.0,1799.0,,,,317.0,,,3329.0,,2359.0,,,3481.0
,,764.0,,,,,298.0,,1980.0,2668.0,2.0,1008.0,,,,3133.0,,,3133.0,,1729.0,,,1781.0
,,3442.0,,,,,3442.0,,2636.0,1268.0,698.0,3403.0,,,,2291.0,,,2908.0,,2326.0,,,0.0
,,2668.0,,,,,1941.0,,3026.0,3442.0,2311.0,1499.0,,,,428.0,,,3481.0,,3702.0,,,2908.0
,,1338.0,,,,,3668.0,,1617.0,1941.0,2525.0,2515.0,,,,3481.0,,,317.0,,946.0,,,3133.0
,,645.0,,,,,362.0,,2408.0,3668.0,856.0,377.0,,,,342.0,,,1781.0,,390.0,,,3329.0
,,2816.0,,,,,1891.0,,354.0,368.0,1899.0,3464.0,,,,1781.0,,,342.0,,1246.0,,,342.0
,,3278.0,,,,,3278.0,,645.0,1891.0,304.0,1955.0,,,,0.0,,,0.0,,2022.0,,,1319.0
,,1268.0,,,,,915.0,,2150.0,298.0,2606.0,629.0,,,,1179.0,,,1179.0,,708.0,,,1179.0
,,3668.0,,,,,941.0,,3393.0,1852.0,1875.0,466.0,,,,738.0,,,738.0,,3695.0,,,1026.0
,,368.0,,,,,1852.0,,2816.0,1753.0,507.0,1106.0,,,,1319.0,,,1319.0,,2525.0,,,738.0
,,2837.0,,,,,1890.0,,1242.0,2576.0,47.0,3450.0,,,,1026.0,,,3332.0,,3204.0,,,2214.0
,,1941.0,,,,,2837.0,,2889.0,868.0,3612.0,2842.0,,,,3332.0,,,1709.0,,2311.0,,,2622.0
,,1891.0,,,,,1345.0,,2668.0,1979.0,2907.0,2319.0,,,,1709.0,,,2622.0,,2581.0,,,1709.0
,,298.0,,,,,868.0,,1268.0,1345.0,112.0,2384.0,,,,2622.0,,,1026.0,,1665.0,,,633.0
,,915.0,,,,,1753.0,,3278.0,2837.0,500.0,1791.0,,,,2214.0,,,633.0,,565.0,,,3332.0
,,362.0,,,,,1979.0,,3442.0,915.0,2220.0,2376.0,,,,633.0,,,2214.0,,856.0,,,1933.0
,,868.0,,,,,1052.0,,362.0,1394.0,2978.0,2343.0,,,,1933.0,,,1933.0,,1620.0,,,1343.0
,,1394.0,,,,,1394.0,,1941.0,941.0,919.0,1326.0,,,,1343.0,,,1343.0,,2.0,,,1471.0
,,941.0,,,,,1661.0,,3668.0,1052.0,2564.0,43.0,,,,1471.0,,,833.0,,304.0,,,53.0
,,1979.0,,,,,3443.0,,368.0,1890.0,1027.0,573.0,,,,833.0,,,1471.0,,1899.0,,,833.0
,,1345.0,,,,,2087.0,,1891.0,2087.0,2412.0,2894.0,,,,1078.0,,,53.0,,47.0,,,1708.0
,,1753.0,,,,,2576.0,,1345.0,1528.0,2263.0,427.0,,,,53.0,,,407.0,,344.0,,,804.0
,,2576.0,,,,,887.0,,298.0,1518.0,68.0,426.0,,,,407.0,,,804.0,,3612.0,,,407.0
,,1052.0,,,,,1518.0,,1394.0,887.0,3234.0,2884.0,,,,804.0,,,1708.0,,698.0,,,1078.0
,,1890.0,,,,,2639.0,,1979.0,3443.0,1666.0,2630.0,,,,1708.0,,,1078.0,,1875.0,,,3654.0
,,1852.0,,,,,1018.0,,915.0,2639.0,2952.0,1889.0,,,,3654.0,,,3379.0,,112.0,,,3379.0
,,2087.0,,,,,1528.0,,2837.0,1661.0,1839.0,1581.0,,,,3182.0,,,3654.0,,2606.0,,,3182.0
,,3443.0,,,,,2152.0,,868.0,1018.0,566.0,2290.0,,,,3379.0,,,3182.0,,507.0,,,1012.0
,,1661.0,,,,,1639.0,,2576.0,2209.0,2782.0,3702.0,,,,2426.0,,,3311.0,,2263.0,,,471.0
,,1518.0,,,,,772.0,,1753.0,772.0,1842.0,2326.0,,,,3604.0,,,2426.0,,919.0,,,3501.0
,,2639.0,,,,,3693.0,,941.0,2985.0,1273.0,1917.0,,,,2700.0,,,599.0,,2978.0,,,3311.0
,,3693.0,,,,,2781.0,,1852.0,2152.0,2440.0,946.0,,,,599.0,,,217.0,,2907.0,,,822.0
,,1528.0,,,,,1837.0,,1890.0,3693.0,770.0,1227.0,,,,3501.0,,,471.0,,1027.0,,,599.0
,,1018.0,,,,,3382.0,,1052.0,3382.0,2843.0,1729.0,,,,217.0,,,822.0,,500.0,,,2426.0
,,887.0,,,,,1596.0,,1661.0,1639.0,820.0,2186.0,,,,1012.0,,,1012.0,,2220.0,,,217.0
,,2209.0,,,,,2209.0,,3443.0,3031.0,979.0,3327.0,,,,3311.0,,,3501.0,,1666.0,,,3604.0
,,3382.0,,,,,2985.0,,2639.0,2781.0,292.0,390.0,,,,471.0,,,3604.0,,2564.0,,,2700.0
,,2152.0,,,,,3031.0,,1518.0,3667.0,1164.0,1356.0,,,,822.0,,,2700.0,,3234.0,,,2235.0
,,3667.0,,,,,1944.0,,1018.0,1468.0,831.0,406.0,,,,2235.0,,,505.0,,566.0,,,996.0
,,769.0,,,,,769.0,,1528.0,183.0,2614.0,708.0,,,,996.0,,,2235.0,,68.0,,,505.0
,,2985.0,,,,,183.0,,887.0,1596.0,1487.0,2581.0,,,,505.0,,,996.0,,1839.0,,,2565.0
,,2781.0,,,,,2974.0,,3382.0,769.0,2463.0,1665.0,,,,1743.0,,,2565.0,,2952.0,,,506.0
,,1596.0,,,,,3667.0,,2209.0,3080.0,3310.0,829.0,,,,2565.0,,,1743.0,,2412.0,,,2911.0
,,1837.0,,,,,1187.0,,3693.0,1837.0,1873.0,565.0,,,,2993.0,,,2911.0,,770.0,,,2993.0
,,1944.0,,,,,3080.0,,2087.0,1944.0,3166.0,2311.0,,,,506.0,,,2993.0,,1842.0,,,2443.0
,,3080.0,,,,,1468.0,,2152.0,1187.0,805.0,1620.0,,,,2911.0,,,588.0,,2440.0,,,588.0
,,1468.0,,,,,767.0,,2985.0,767.0,1200.0,344.0,,,,588.0,,,506.0,,1273.0,,,1743.0
,,183.0,,,,,2130.0,,769.0,2974.0,1557.0,1899.0,,,,2443.0,,,2443.0,,2843.0,,,3641.0
,,2974.0,,,,,1504.0,,2781.0,2112.0,1500.0,3642.0,,,,3287.0,,,1104.0,,1164.0,,,977.0
,,1123.0,,,,,2070.0,,1596.0,3603.0,1314.0,919.0,,,,1742.0,,,3388.0,,831.0,,,1104.0
,,767.0,,,,,1662.0,,1468.0,2476.0,2298.0,1875.0,,,,3388.0,,,3641.0,,820.0,,,370.0
,,1187.0,,,,,1307.0,,1944.0,3621.0,3365.0,112.0,,,,1202.0,,,1202.0,,3310.0,,,1202.0
,,2112.0,,,,,3621.0,,1837.0,2130.0,3768.0,2899.0,,,,977.0,,,370.0,,2463.0,,,3388.0
,,2130.0,,,,,3603.0,,3667.0,1123.0,1527.0,500.0,,,,1104.0,,,890.0,,979.0,,,3287.0
,,3603.0,,,,,2112.0,,3080.0,3475.0,3419.0,304.0,,,,3641.0,,,3287.0,,2782.0,,,890.0
,,2476.0,,,,,1123.0,,183.0,1629.0,244.0,507.0,,,,890.0,,,977.0,,1873.0,,,2442.0
,,3621.0,,,,,2476.0,,1187.0,1662.0,2784.0,2978.0,,,,370.0,,,2442.0,,292.0,,,1459.0
,,1662.0,,,,,3475.0,,767.0,1307.0,2704.0,1666.0,,,,2442.0,,,1742.0,,1487.0,,,2895.0
,,3475.0,,,,,2254.0,,2476.0,2070.0,771.0,2412.0,,,,1459.0,,,2895.0,,1200.0,,,1742.0
,,3109.0,,,,,2123.0,,2112.0,1504.0,1025.0,68.0,,,,1874.0,,,1483.0,,3365.0,,,1874.0
,,1504.0,,,,,1848.0,,2974.0,3623.0,997.0,2564.0,,,,2425.0,,,1459.0,,1500.0,,,3777.0
,,1307.0,,,,,1629.0,,3603.0,2547.0,2935.0,1718.0,,,,1483.0,,,3777.0,,3166.0,,,1105.0
,,1629.0,,,,,2758.0,,2070.0,1848.0,2291.0,795.0,,,,2895.0,,,2425.0,,2784.0,,,1404.0
,,2070.0,,,,,2547.0,,1123.0,3109.0,1670.0,2952.0,,,,1404.0,,,1404.0,,2614.0,,,3499.0
,,2547.0,,,,,3623.0,,1504.0,108.0,3303.0,1839.0,,,,1951.0,,,1874.0,,1314.0,,,1483.0
,,3623.0,,,,,2017.0,,2130.0,2254.0,283.0,566.0,,,,1105.0,,,1105.0,,805.0,,,1576.0
,,1848.0,,,,,2062.0,,1629.0,386.0,428.0,2353.0,,,,3777.0,,,1576.0,,1557.0,,,2425.0
,,2254.0,,,,,3288.0,,3621.0,103.0,2075.0,2440.0,,,,1576.0,,,1951.0,,3768.0,,,1951.0
,,1110.0,,,,,2909.0,,3623.0,2123.0,2145.0,1583.0,,,,639.0,,,3499.0,,2704.0,,,2261.0
,,1964.0,,,,,1964.0,,1307.0,3288.0,2628.0,1273.0,,,,590.0,,,590.0,,1527.0,,,590.0
,,3463.0,,,,,1110.0,,3109.0,2062.0,3329.0,1541.0,,,,2049.0,,,1606.0,,244.0,,,2049.0
,,103.0,,,,,386.0,,3475.0,1110.0,2908.0,1842.0,,,,2261.0,,,2049.0,,2298.0,,,639.0
,,386.0,,,,,3463.0,,1662.0,1964.0,3133.0,292.0,,,,3499.0,,,2261.0,,3419.0,,,2648.0
,,2123.0,,,,,108.0,,2547.0,2017.0,317.0,2463.0,,,,2648.0,,,2648.0,,1670.0,,,519.0
,,2017.0,,,,,103.0,,386.0,3463.0,3481.0,831.0,,,,1606.0,,,639.0,,2935.0,,,1606.0
,,2909.0,,,,,520.0,,1848.0,2909.0,234.0,2843.0,,,,519.0,,,503.0,,3303.0,,,1405.0
,,108.0,,,,,363.0,,2254.0,2758.0,0.0,2631.0,,,,503.0,,,1405.0,,771.0,,,503.0
,,2062.0,,,,,3350.0,,3288.0,1619.0,383.0,979.0,,,,1405.0,,,519.0,,997.0,,,2441.0
,,2758.0,,,,,3381.0,,2017.0,3350.0,738.0,2708.0,,,,3405.0,,,1585.0,,283.0,,,2818.0
,,2155.0,,,,,3090.0,,103.0,520.0,3332.0,2614.0,,,,2818.0,,,2818.0,,2075.0,,,1585.0
,,3288.0,,,,,3112.0,,2909.0,3381.0,1709.0,2396.0,,,,1585.0,,,2441.0,,2291.0,,,3405.0
,,520.0,,,,,1619.0,,1964.0,2155.0,2969.0,531.0,,,,2264.0,,,3405.0,,1025.0,,,879.0
,,3350.0,,,,,2155.0,,3463.0,363.0,1026.0,2937.0,,,,1765.0,,,879.0,,428.0,,,1765.0
,,3090.0,,,,,1724.0,,1110.0,3090.0,2622.0,1873.0,,,,2441.0,,,2264.0,,2145.0,,,1375.0
,,363.0,,,,,1981.0,,108.0,3112.0,1269.0,805.0,,,,3679.0,,,1765.0,,2628.0,,,3679.0
,,3112.0,,,,,1817.0,,2758.0,1397.0,2506.0,2437.0,,,,316.0,,,3679.0,,3329.0,,,2264.0
,,1619.0,,,,,1397.0,,2123.0,2980.0,633.0,1923.0,,,,879.0,,,316.0,,3133.0,,,775.0
,,3381.0,,,,,2791.0,,2062.0,92.0,2214.0,1500.0,,,,775.0,,,775.0,,2908.0,,,316.0
,,92.0,,,,,485.0,,3112.0,2830.0,3690.0,3322.0,,,,1588.0,,,300.0,,738.0,,,502.0
,,1981.0,,,,,2498.0,,3090.0,2656.0,2572.0,3365.0,,,,2890.0,,,1588.0,,3481.0,,,1588.0
,,3715.0,,,,,3252.0,,520.0,3607.0,1343.0,1314.0,,,,2065.0,,,2890.0,,383.0,,,3286.0
,,3607.0,,,,,2434.0,,2155.0,1886.0,782.0,3768.0,,,,1375.0,,,1375.0,,1709.0,,,774.0
,,1423.0,,,,,2830.0,,3350.0,1981.0,1471.0,3303.0,,,,998.0,,,2065.0,,0.0,,,3704.0
,,2656.0,,,,,1886.0,,363.0,3691.0,833.0,3419.0,,,,300.0,,,998.0,,2506.0,,,2065.0
,,703.0,,,,,397.0,,1619.0,1233.0,3314.0,1670.0,,,,502.0,,,502.0,,317.0,,,998.0
,,3542.0,,,,,886.0,,3381.0,397.0,1898.0,1605.0,,,,3286.0,,,774.0,,3332.0,,,300.0
,,397.0,,,,,92.0,,2656.0,1817.0,53.0,3811.0,,,,3704.0,,,3286.0,,234.0,,,2890.0
,,1997.0,,,,,3715.0,,2498.0,485.0,1078.0,244.0,,,,2930.0,,,2930.0,,2969.0,,,2930.0
,,3691.0,,,,,3542.0,,1817.0,703.0,1749.0,3329.0,,,,774.0,,,1623.0,,2622.0,,,1623.0
,,2434.0,,,,,3691.0,,1397.0,2498.0,1708.0,3481.0,,,,3591.0,,,3704.0,,633.0,,,3591.0
,,1233.0,,,,,1997.0,,3252.0,2791.0,438.0,2291.0,,,,1623.0,,,581.0,,1269.0,,,3594.0
,,2498.0,,,,,1233.0,,1233.0,1997.0,3182.0,3133.0,,,,581.0,,,3594.0,,1026.0,,,730.0
,,485.0,,,,,2882.0,,1886.0,3715.0,858.0,997.0,,,,1577.0,,,730.0,,2214.0,,,1577.0
,,886.0,,,,,1423.0,,92.0,2882.0,211.0,2908.0,,,,730.0,,,1577.0,,2572.0,,,1157.0
,,2882.0,,,,,2980.0,,2434.0,3252.0,3088.0,428.0,,,,3594.0,,,1157.0,,1343.0,,,581.0
,,1397.0,,,,,3607.0,,1423.0,1724.0,3764.0,1781.0,,,,1157.0,,,3591.0,,3690.0,,,1521.0
,,3252.0,,,,,703.0,,3715.0,886.0,3125.0,342.0,,,,1521.0,,,1521.0,,1471.0,,,3346.0
,,1724.0,,,,,2656.0,,1724.0,2434.0,1101.0,317.0,,,,3625.0,,,3625.0,,782.0,,,1641.0
,,1817.0,,,,,232.0,,886.0,360.0,1012.0,3332.0,,,,1461.0,,,473.0,,833.0,,,1272.0
,,2980.0,,,,,369.0,,3607.0,3364.0,3604.0,0.0,,,,1126.0,,,3346.0,,1898.0,,,3625.0
,,2791.0,,,,,2146.0,,1997.0,1971.0,822.0,1319.0,,,,77.0,,,1641.0,,53.0,,,473.0
,,2830.0,,,,,1971.0,,703.0,970.0,3501.0,1709.0,,,,3346.0,,,1272.0,,3314.0,,,77.0
,,1886.0,,,,,3364.0,,2791.0,232.0,3311.0,1179.0,,,,1077.0,,,77.0,,1708.0,,,1077.0
,,2146.0,,,,,970.0,,3691.0,1403.0,2426.0,738.0,,,,473.0,,,2262.0,,858.0,,,2262.0
,,369.0,,,,,2561.0,,397.0,1423.0,599.0,1026.0,,,,2262.0,,,1077.0,,3088.0,,,1126.0
,,970.0,,,,,360.0,,3542.0,3542.0,2235.0,2622.0,,,,1641.0,,,1126.0,,1078.0,,,487.0
,,1403.0,,,,,1403.0,,2830.0,2561.0,30.0,633.0,,,,1272.0,,,487.0,,438.0,,,1461.0
,,2561.0,,,,,1546.0,,485.0,369.0,3383.0,2214.0,,,,487.0,,,1461.0,,1749.0,,,2026.0
,,1621.0,,,,,2084.0,,232.0,2084.0,1501.0,53.0,,,,1398.0,,,956.0,,211.0,,,815.0
,,360.0,,,,,1621.0,,2561.0,3588.0,505.0,804.0,,,,1038.0,,,1398.0,,3764.0,,,1398.0
,,232.0,,,,,1686.0,,2980.0,2146.0,996.0,833.0,,,,2026.0,,,2026.0,,3182.0,,,956.0
,,1971.0,,,,,3225.0,,1403.0,3456.0,1743.0,1343.0,,,,2032.0,,,1460.0,,1101.0,,,305.0
,,1686.0,,,,,3588.0,,1981.0,1686.0,2565.0,1708.0,,,,815.0,,,2032.0,,3125.0,,,1476.0
,,3364.0,,,,,3456.0,,369.0,1387.0,978.0,407.0,,,,956.0,,,305.0,,1012.0,,,1038.0
,,2084.0,,,,,1387.0,,970.0,3225.0,588.0,1078.0,,,,1476.0,,,1476.0,,822.0,,,1460.0
,,1387.0,,,,,3743.0,,2146.0,1621.0,2905.0,3379.0,,,,1460.0,,,2562.0,,2426.0,,,2032.0
,,3456.0,,,,,2745.0,,1971.0,3743.0,2911.0,1933.0,,,,305.0,,,1038.0,,3311.0,,,3626.0
,,3588.0,,,,,2025.0,,360.0,1546.0,2443.0,3654.0,,,,2562.0,,,815.0,,3501.0,,,2562.0
,,1546.0,,,,,2192.0,,3588.0,90.0,917.0,3311.0,,,,2050.0,,,1759.0,,3604.0,,,994.0
,,736.0,,,,,563.0,,1387.0,828.0,3388.0,3182.0,,,,994.0,,,994.0,,30.0,,,1759.0
,,828.0,,,,,736.0,,1546.0,2192.0,528.0,1012.0,,,,3626.0,,,2388.0,,599.0,,,2050.0
,,3743.0,,,,,3313.0,,1621.0,2566.0,506.0,471.0,,,,2388.0,,,3626.0,,2235.0,,,2388.0
,,3313.0,,,,,828.0,,1686.0,2025.0,1542.0,217.0,,,,799.0,,,799.0,,3383.0,,,400.0
,,2192.0,,,,,2566.0,,3364.0,563.0,3641.0,3501.0,,,,1759.0,,,2050.0,,2565.0,,,2743.0
,,2566.0,,,,,90.0,,3456.0,3313.0,376.0,599.0,,,,3724.0,,,400.0,,505.0,,,3724.0
,,3225.0,,,,,2157.0,,3225.0,736.0,2961.0,2426.0,,,,400.0,,,3724.0,,996.0,,,799.0
,,2025.0,,,,,3457.0,,2084.0,2745.0,3132.0,822.0,,,,2743.0,,,766.0,,1743.0,,,766.0
,,563.0,,,,,992.0,,3743.0,2157.0,2059.0,3604.0,,,,2844.0,,,2743.0,,978.0,,,2844.0
,,2745.0,,,,,1173.0,,736.0,1730.0,890.0,2565.0,,,,766.0,,,2093.0,,2911.0,,,51.0
,,90.0,,,,,3552.0,,2192.0,3457.0,1104.0,505.0,,,,51.0,,,51.0,,588.0,,,3094.0
,,2157.0,,,,,1224.0,,563.0,587.0,3287.0,2993.0,,,,1958.0,,,2844.0,,506.0,,,3448.0
,,587.0,,,,,2858.0,,2566.0,3478.0,2925.0,2235.0,,,,2093.0,,,1958.0,,1542.0,,,1194.0
,,1730.0,,,,,808.0,,2745.0,2420.0,977.0,1743.0,,,,1295.0,,,1295.0,,1501.0,,,1295.0
,,1300.0,,,,,587.0,,2025.0,3552.0,1459.0,2700.0,,,,3742.0,,,3742.0,,2905.0,,,3742.0
,,992.0,,,,,1730.0,,828.0,992.0,2266.0,2443.0,,,,3306.0,,,3306.0,,3641.0,,,1958.0
,,3457.0,,,,,2400.0,,3313.0,1224.0,2896.0,996.0,,,,1194.0,,,1194.0,,917.0,,,2093.0
,,3552.0,,,,,1300.0,,90.0,1300.0,2442.0,506.0,,,,3094.0,,,3448.0,,2443.0,,,3306.0
,,2645.0,,,,,3478.0,,2157.0,1757.0,1742.0,588.0,,,,2399.0,,,3094.0,,528.0,,,3439.0
,,,,,,,,,1300.0,,1951.0,3641.0,,,,3448.0,,,202.0,,2961.0,,,1464.0
,,,,,,,,,3552.0,,1874.0,2911.0,,,,1388.0,,,1377.0,,376.0,,,1388.0
,,,,,,,,,1730.0,,2425.0,1202.0,,,,3439.0,,,3160.0,,3388.0,,,2399.0
,,,,,,,,,992.0,,1404.0,3388.0,,,,1464.0,,,2399.0,,3132.0,,,2341.0
,,,,,,,,,587.0,,1301.0,1104.0,,,,202.0,,,1388.0,,3287.0,,,1377.0
,,,,,,,,,3457.0,,3777.0,890.0,,,,1377.0,,,1464.0,,890.0,,,202.0
,,,,,,,,,455.0,,1105.0,370.0,,,,3160.0,,,2341.0,,2059.0,,,3160.0
,,,,,,,,,1224.0,,1483.0,977.0,,,,2341.0,,,3439.0,,1104.0,,,2124.0
,,,,,,,,,2550.0,,3006.0,3287.0,,,,2124.0,,,2124.0,,977.0,,,560.0
,,,,,,,,,2645.0,,590.0,2895.0,,,,3590.0,,,560.0,,1459.0,,,3590.0
,,,,,,,,,,,2441.0,2442.0,,,,635.0,,,2611.0,,2896.0,,,2836.0
,,,,,,,,,,,1606.0,1459.0,,,,2611.0,,,3590.0,,2425.0,,,635.0
,,,,,,,,,,,478.0,1483.0,,,,499.0,,,499.0,,1105.0,,,499.0
,,,,,,,,,,,224.0,1105.0,,,,560.0,,,1060.0,,1951.0,,,857.0
,,,,,,,,,,,2648.0,1742.0,,,,857.0,,,1637.0,,1742.0,,,1637.0
,,,,,,,,,,,2049.0,1874.0,,,,2933.0,,,635.0,,2925.0,,,2611.0
,,,,,,,,,,,503.0,1951.0,,,,2836.0,,,2836.0,,2266.0,,,2015.0
,,,,,,,,,,,689.0,1404.0,,,,1637.0,,,857.0,,1483.0,,,2933.0
,,,,,,,,,,,2352.0,2425.0,,,,1060.0,,,2015.0,,2442.0,,,1064.0
,,,,,,,,,,,1405.0,1576.0,,,,591.0,,,1064.0,,1874.0,,,591.0
,,,,,,,,,,,3405.0,2261.0,,,,1396.0,,,591.0,,1404.0,,,888.0
,,,,,,,,,,,2383.0,2049.0,,,,1838.0,,,2838.0,,590.0,,,2838.0
,,,,,,,,,,,1585.0,3499.0,,,,2497.0,,,888.0,,224.0,,,306.0
,,,,,,,,,,,879.0,2648.0,,,,2838.0,,,3041.0,,3777.0,,,1396.0
,,,,,,,,,,,3315.0,639.0,,,,2015.0,,,1838.0,,1301.0,,,3041.0
,,,,,,,,,,,2264.0,590.0,,,,3041.0,,,2497.0,,3006.0,,,1838.0
,,,,,,,,,,,2818.0,1606.0,,,,306.0,,,2933.0,,1606.0,,,1060.0
,,,,,,,,,,,3679.0,3777.0,,,,1916.0,,,1396.0,,2049.0,,,2497.0
,,,,,,,,,,,479.0,519.0,,,,1064.0,,,306.0,,2648.0,,,2976.0
,,,,,,,,,,,1192.0,503.0,,,,3196.0,,,1916.0,,478.0,,,3196.0
,,,,,,,,,,,2348.0,1585.0,,,,888.0,,,3505.0,,2352.0,,,1916.0
,,,,,,,,,,,316.0,3405.0,,,,2976.0,,,2976.0,,689.0,,,2104.0
,,,,,,,,,,,1516.0,1405.0,,,,3505.0,,,3196.0,,503.0,,,3505.0
,,,,,,,,,,,1907.0,2441.0,,,,2104.0,,,3229.0,,1192.0,,,3685.0
,,,,,,,,,,,1375.0,2818.0,,,,3685.0,,,2104.0,,2441.0,,,3229.0
,,,,,,,,,,,775.0,2264.0,,,,3229.0,,,3161.0,,1585.0,,,3161.0
,,,,,,,,,,,1588.0,3679.0,,,,3161.0,,,3685.0,,1405.0,,,3527.0
,,,,,,,,,,,998.0,879.0,,,,3527.0,,,3527.0,,2818.0,,,1945.0
,,,,,,,,,,,3396.0,316.0,,,,3230.0,,,3482.0,,3405.0,,,3230.0
,,,,,,,,,,,300.0,775.0,,,,3616.0,,,3230.0,,3315.0,,,3616.0
,,,,,,,,,,,3286.0,502.0,,,,1982.0,,,1982.0,,3679.0,,,3482.0
,,,,,,,,,,,502.0,3286.0,,,,1393.0,,,1945.0,,775.0,,,1982.0
,,,,,,,,,,,2742.0,1375.0,,,,1097.0,,,1134.0,,2383.0,,,2480.0
,,,,,,,,,,,3704.0,3704.0,,,,2617.0,,,1393.0,,479.0,,,1393.0
,,,,,,,,,,,2360.0,1588.0,,,,422.0,,,3616.0,,2264.0,,,2617.0
,,,,,,,,,,,3324.0,2065.0,,,,2480.0,,,961.0,,1516.0,,,961.0
,,,,,,,,,,,3587.0,774.0,,,,3482.0,,,1097.0,,2730.0,,,1097.0
,,,,,,,,,,,774.0,998.0,,,,1134.0,,,2480.0,,879.0,,,422.0
,,,,,,,,,,,2930.0,2890.0,,,,1945.0,,,2617.0,,2348.0,,,1134.0
,,,,,,,,,,,2913.0,300.0,,,,961.0,,,422.0,,316.0,,,2579.0
,,,,,,,,,,,730.0,730.0,,,,315.0,,,2579.0,,3396.0,,,315.0
,,,,,,,,,,,1029.0,1623.0,,,,3665.0,,,315.0,,1907.0,,,11.0
,,,,,,,,,,,547.0,3594.0,,,,11.0,,,3665.0,,2742.0,,,335.0
,,,,,,,,,,,581.0,3591.0,,,,2579.0,,,1804.0,,3324.0,,,3665.0
,,,,,,,,,,,628.0,581.0,,,,1804.0,,,2501.0,,1375.0,,,3624.0
,,,,,,,,,,,3594.0,2930.0,,,,2501.0,,,335.0,,998.0,,,2501.0
,,,,,,,,,,,1157.0,1157.0,,,,335.0,,,2719.0,,1588.0,,,1804.0
,,,,,,,,,,,153.0,1577.0,,,,490.0,,,2304.0,,300.0,,,1931.0
,,,,,,,,,,,1272.0,1521.0,,,,2273.0,,,11.0,,3587.0,,,704.0
,,,,,,,,,,,3415.0,473.0,,,,2719.0,,,2953.0,,2360.0,,,2273.0
,,,,,,,,,,,3099.0,1077.0,,,,3639.0,,,526.0,,3704.0,,,1085.0
,,,,,,,,,,,77.0,3625.0,,,,1079.0,,,1434.0,,3286.0,,,801.0
,,,,,,,,,,,3605.0,1272.0,,,,1462.0,,,1085.0,,2930.0,,,2422.0
,,,,,,,,,,,1641.0,3346.0,,,,2422.0,,,3624.0,,502.0,,,1434.0
,,,,,,,,,,,1077.0,77.0,,,,2953.0,,,704.0,,774.0,,,2020.0
,,,,,,,,,,,2026.0,1641.0,,,,1434.0,,,2410.0,,628.0,,,3639.0
,,,,,,,,,,,1461.0,2262.0,,,,3624.0,,,3639.0,,730.0,,,526.0
,,,,,,,,,,,1476.0,1126.0,,,,801.0,,,2422.0,,2913.0,,,1079.0
,,,,,,,,,,,487.0,487.0,,,,1054.0,,,1462.0,,3594.0,,,2953.0
,,,,,,,,,,,723.0,1461.0,,,,800.0,,,2273.0,,547.0,,,800.0
,,,,,,,,,,,815.0,305.0,,,,2410.0,,,800.0,,1157.0,,,1054.0
,,,,,,,,,,,305.0,956.0,,,,504.0,,,801.0,,1029.0,,,2304.0
,,,,,,,,,,,1398.0,2562.0,,,,526.0,,,2020.0,,1272.0,,,2719.0
,,,,,,,,,,,1038.0,1398.0,,,,704.0,,,1079.0,,153.0,,,2410.0
,,,,,,,,,,,2032.0,2032.0,,,,2020.0,,,1137.0,,3099.0,,,490.0
,,,,,,,,,,,3320.0,815.0,,,,1931.0,,,1931.0,,3415.0,,,1137.0
,,,,,,,,,,,1657.0,1038.0,,,,1137.0,,,490.0,,581.0,,,1462.0
,,,,,,,,,,,2562.0,2026.0,,,,1395.0,,,504.0,,1641.0,,,504.0
,,,,,,,,,,,3626.0,1476.0,,,,1649.0,,,1054.0,,77.0,,,1395.0
,,,,,,,,,,,1460.0,3626.0,,,,632.0,,,1395.0,,1077.0,,,1649.0
,,,,,,,,,,,1746.0,1759.0,,,,2897.0,,,2698.0,,1461.0,,,575.0
,,,,,,,,,,,2388.0,400.0,,,,2698.0,,,2897.0,,723.0,,,632.0
,,,,,,,,,,,610.0,2743.0,,,,1195.0,,,1480.0,,815.0,,,1480.0
,,,,,,,,,,,212.0,1460.0,,,,1480.0,,,2160.0,,3605.0,,,1195.0
,,,,,,,,,,,2743.0,2388.0,,,,575.0,,,1649.0,,2026.0,,,2698.0
,,,,,,,,,,,2050.0,994.0,,,,2891.0,,,575.0,,487.0,,,2891.0
,,,,,,,,,,,400.0,3724.0,,,,2160.0,,,632.0,,1476.0,,,2897.0
,,,,,,,,,,,1759.0,2050.0,,,,3339.0,,,2891.0,,305.0,,,2160.0
,,,,,,,,,,,799.0,799.0,,,,607.0,,,1195.0,,1038.0,,,3339.0
,,,,,,,,,,,2844.0,2844.0,,,,1989.0,,,3339.0,,1398.0,,,607.0
,,,,,,,,,,,766.0,766.0,,,,2215.0,,,2054.0,,2562.0,,,2054.0
,,,,,,,,,,,2206.0,1958.0,,,,2213.0,,,1158.0,,3320.0,,,1989.0
,,,,,,,,,,,874.0,1295.0,,,,2759.0,,,1989.0,,2032.0,,,2213.0
,,,,,,,,,,,2184.0,3742.0,,,,3178.0,,,2213.0,,1460.0,,,2759.0
,,,,,,,,,,,436.0,51.0,,,,1158.0,,,2759.0,,1657.0,,,3431.0
,,,,,,,,,,,2093.0,2093.0,,,,2054.0,,,3431.0,,3626.0,,,3595.0
,,,,,,,,,,,2686.0,3094.0,,,,2560.0,,,607.0,,2388.0,,,1158.0
,,,,,,,,,,,2339.0,3448.0,,,,678.0,,,3178.0,,610.0,,,2633.0
,,,,,,,,,,,51.0,1194.0,,,,3431.0,,,678.0,,1746.0,,,2560.0
,,,,,,,,,,,1958.0,3439.0,,,,1337.0,,,2633.0,,400.0,,,2215.0
,,,,,,,,,,,2481.0,3590.0,,,,825.0,,,2215.0,,2844.0,,,678.0
,,,,,,,,,,,2399.0,3306.0,,,,3595.0,,,969.0,,1759.0,,,969.0
,,,,,,,,,,,1965.0,2124.0,,,,969.0,,,3595.0,,2743.0,,,955.0
,,,,,,,,,,,1388.0,202.0,,,,955.0,,,825.0,,212.0,,,1337.0
,,,,,,,,,,,2528.0,3160.0,,,,2633.0,,,1337.0,,799.0,,,825.0
,,,,,,,,,,,3094.0,1464.0,,,,343.0,,,2560.0,,766.0,,,3178.0
,,,,,,,,,,,3448.0,2341.0,,,,1640.0,,,955.0,,2050.0,,,3100.0
,,,,,,,,,,,1194.0,2399.0,,,,1614.0,,,3596.0,,2206.0,,,3596.0
,,,,,,,,,,,3306.0,1388.0,,,,3596.0,,,343.0,,51.0,,,1640.0
,,,,,,,,,,,1464.0,1377.0,,,,3100.0,,,3100.0,,2686.0,,,343.0
,,,,,,,,,,,1377.0,1637.0,,,,2494.0,,,889.0,,436.0,,,2580.0
,,,,,,,,,,,3566.0,2611.0,,,,3129.0,,,1614.0,,2184.0,,,1919.0
,,,,,,,,,,,2454.0,2836.0,,,,1919.0,,,1045.0,,2093.0,,,3129.0
,,,,,,,,,,,1747.0,857.0,,,,1045.0,,,3338.0,,874.0,,,2494.0
,,,,,,,,,,,657.0,499.0,,,,889.0,,,1919.0,,2339.0,,,69.0
,,,,,,,,,,,3160.0,560.0,,,,69.0,,,1640.0,,1965.0,,,1614.0
,,,,,,,,,,,202.0,635.0,,,,2580.0,,,3129.0,,3094.0,,,889.0
,,,,,,,,,,,1384.0,2933.0,,,,3338.0,,,2494.0,,1958.0,,,1045.0
,,,,,,,,,,,1512.0,2015.0,,,,2287.0,,,69.0,,2528.0,,,3338.0
,,,,,,,,,,,475.0,591.0,,,,3444.0,,,2580.0,,2481.0,,,739.0
,,,,,,,,,,,560.0,1396.0,,,,2640.0,,,1920.0,,3448.0,,,1555.0
,,,,,,,,,,,1970.0,1064.0,,,,1555.0,,,2640.0,,2399.0,,,2287.0
,,,,,,,,,,,3818.0,306.0,,,,739.0,,,1555.0,,3306.0,,,798.0
,,,,,,,,,,,1163.0,2497.0,,,,1920.0,,,3444.0,,1194.0,,,3444.0
,,,,,,,,,,,857.0,1838.0,,,,798.0,,,739.0,,1388.0,,,1920.0
,,,,,,,,,,,2995.0,3041.0,,,,3254.0,,,2287.0,,3566.0,,,2888.0
,,,,,,,,,,,2057.0,2838.0,,,,2888.0,,,3254.0,,1384.0,,,3254.0
,,,,,,,,,,,1128.0,2976.0,,,,408.0,,,2888.0,,1464.0,,,2640.0
,,,,,,,,,,,3590.0,888.0,,,,2393.0,,,798.0,,657.0,,,2393.0
,,,,,,,,,,,2098.0,3196.0,,,,345.0,,,2393.0,,475.0,,,408.0
,,,,,,,,,,,1637.0,2104.0,,,,1677.0,,,408.0,,1377.0,,,630.0
,,,,,,,,,,,2611.0,3229.0,,,,1744.0,,,1677.0,,3160.0,,,2955.0
,,,,,,,,,,,499.0,1916.0,,,,3509.0,,,2955.0,,1747.0,,,3509.0
,,,,,,,,,,,2836.0,3505.0,,,,2955.0,,,345.0,,1512.0,,,3279.0
,,,,,,,,,,,635.0,3527.0,,,,2946.0,,,3509.0,,202.0,,,1744.0
,,,,,,,,,,,1650.0,3161.0,,,,3279.0,,,3279.0,,1970.0,,,2946.0
,,,,,,,,,,,2015.0,3685.0,,,,630.0,,,2946.0,,2454.0,,,1677.0
,,,,,,,,,,,591.0,3482.0,,,,452.0,,,1744.0,,1163.0,,,345.0
,,,,,,,,,,,3635.0,3230.0,,,,3345.0,,,3345.0,,3818.0,,,3345.0
,,,,,,,,,,,1060.0,1945.0,,,,701.0,,,452.0,,2057.0,,,3268.0
,,,,,,,,,,,1024.0,1393.0,,,,3268.0,,,3268.0,,857.0,,,3437.0
,,,,,,,,,,,2976.0,1982.0,,,,1366.0,,,630.0,,560.0,,,451.0
,,,,,,,,,,,1838.0,3616.0,,,,2644.0,,,810.0,,635.0,,,2644.0
,,,,,,,,,,,2497.0,2617.0,,,,1913.0,,,701.0,,2098.0,,,1196.0
,,,,,,,,,,,3561.0,2480.0,,,,451.0,,,1366.0,,3590.0,,,701.0
,,,,,,,,,,,2838.0,1134.0,,,,810.0,,,44.0,,499.0,,,452.0
,,,,,,,,,,,306.0,961.0,,,,1196.0,,,451.0,,2995.0,,,44.0
,,,,,,,,,,,3041.0,1097.0,,,,44.0,,,3437.0,,1128.0,,,810.0
,,,,,,,,,,,3196.0,422.0,,,,3437.0,,,2644.0,,2836.0,,,1913.0
,,,,,,,,,,,1916.0,315.0,,,,2143.0,,,1196.0,,2611.0,,,1366.0
,,,,,,,,,,,3027.0,3665.0,,,,2223.0,,,2143.0,,1637.0,,,3048.0
,,,,,,,,,,,3616.0,1804.0,,,,3316.0,,,709.0,,1650.0,,,2143.0
,,,,,,,,,,,3482.0,11.0,,,,3048.0,,,1913.0,,1060.0,,,2044.0
,,,,,,,,,,,3685.0,335.0,,,,709.0,,,3228.0,,591.0,,,1615.0
,,,,,,,,,,,3527.0,526.0,,,,1615.0,,,364.0,,2015.0,,,3228.0
,,,,,,,,,,,3161.0,2579.0,,,,1441.0,,,1441.0,,3635.0,,,3271.0
,,,,,,,,,,,2104.0,800.0,,,,3228.0,,,3048.0,,306.0,,,2223.0
,,,,,,,,,,,1016.0,801.0,,,,3271.0,,,2044.0,,1024.0,,,1441.0
,,,,,,,,,,,3505.0,2304.0,,,,2044.0,,,2223.0,,1838.0,,,364.0
,,,,,,,,,,,2914.0,1931.0,,,,364.0,,,3271.0,,2497.0,,,3316.0
,,,,,,,,,,,1097.0,504.0,,,,1802.0,,,3316.0,,1916.0,,,1802.0
,,,,,,,,,,,961.0,3624.0,,,,1376.0,,,1615.0,,3041.0,,,1567.0
,,,,,,,,,,,1393.0,2422.0,,,,1567.0,,,1567.0,,2976.0,,,3029.0
,,,,,,,,,,,422.0,2410.0,,,,827.0,,,1802.0,,2838.0,,,1015.0
,,,,,,,,,,,315.0,1085.0,,,,2134.0,,,1376.0,,3561.0,,,1014.0
,,,,,,,,,,,1804.0,490.0,,,,1014.0,,,2134.0,,3196.0,,,709.0
,,,,,,,,,,,2579.0,1434.0,,,,1803.0,,,1014.0,,2104.0,,,66.0
,,,,,,,,,,,2480.0,1079.0,,,,1015.0,,,1015.0,,3027.0,,,1376.0
,,,,,,,,,,,1036.0,2020.0,,,,66.0,,,66.0,,3505.0,,,2134.0
,,,,,,,,,,,3665.0,1137.0,,,,3029.0,,,1803.0,,3527.0,,,1582.0
,,,,,,,,,,,1752.0,704.0,,,,50.0,,,31.0,,3482.0,,,50.0
,,,,,,,,,,,335.0,1462.0,,,,1582.0,,,50.0,,1016.0,,,2419.0
,,,,,,,,,,,1079.0,3639.0,,,,2470.0,,,3029.0,,3616.0,,,827.0
,,,,,,,,,,,1931.0,2953.0,,,,31.0,,,2470.0,,1097.0,,,642.0
,,,,,,,,,,,233.0,2719.0,,,,734.0,,,827.0,,3685.0,,,1803.0
,,,,,,,,,,,2304.0,2273.0,,,,2419.0,,,1582.0,,2914.0,,,2470.0
,,,,,,,,,,,1651.0,1054.0,,,,3424.0,,,734.0,,1393.0,,,734.0
,,,,,,,,,,,118.0,1395.0,,,,29.0,,,2419.0,,3161.0,,,601.0
,,,,,,,,,,,2020.0,1649.0,,,,294.0,,,642.0,,961.0,,,3424.0
,,,,,,,,,,,1462.0,1480.0,,,,601.0,,,3424.0,,3492.0,,,294.0
,,,,,,,,,,,3639.0,2897.0,,,,907.0,,,294.0,,579.0,,,1437.0
,,,,,,,,,,,1678.0,632.0,,,,37.0,,,37.0,,1036.0,,,1247.0
,,,,,,,,,,,1434.0,2891.0,,,,3585.0,,,1247.0,,3665.0,,,37.0
,,,,,,,,,,,800.0,2698.0,,,,1437.0,,,601.0,,315.0,,,31.0
,,,,,,,,,,,801.0,1195.0,,,,642.0,,,29.0,,1804.0,,,29.0
,,,,,,,,,,,516.0,575.0,,,,1854.0,,,1854.0,,2480.0,,,1854.0
,,,,,,,,,,,2953.0,2160.0,,,,3504.0,,,3504.0,,2579.0,,,3504.0
,,,,,,,,,,,1649.0,607.0,,,,1502.0,,,1437.0,,422.0,,,3585.0
,,,,,,,,,,,504.0,1989.0,,,,1247.0,,,2977.0,,335.0,,,907.0
,,,,,,,,,,,2273.0,3339.0,,,,2977.0,,,3585.0,,2304.0,,,1502.0
,,,,,,,,,,,3158.0,3431.0,,,,1338.0,,,3026.0,,1651.0,,,2150.0
,,,,,,,,,,,2160.0,3178.0,,,,3026.0,,,1502.0,,1434.0,,,1338.0
,,,,,,,,,,,632.0,2759.0,,,,764.0,,,907.0,,118.0,,,764.0
,,,,,,,,,,,2413.0,1158.0,,,,2889.0,,,1617.0,,1752.0,,,2889.0
,,,,,,,,,,,1040.0,2560.0,,,,1776.0,,,1338.0,,1678.0,,,2977.0
,,,,,,,,,,,2897.0,955.0,,,,1617.0,,,764.0,,504.0,,,1776.0
,,,,,,,,,,,700.0,2213.0,,,,2150.0,,,2150.0,,2953.0,,,3026.0
,,,,,,,,,,,2698.0,2054.0,,,,2816.0,,,2816.0,,233.0,,,1617.0
,,,,,,,,,,,3339.0,2215.0,,,,3278.0,,,1776.0,,1931.0,,,2816.0
,,,,,,,,,,,575.0,3595.0,,,,1268.0,,,2889.0,,516.0,,,3278.0
,,,,,,,,,,,607.0,825.0,,,,1345.0,,,3668.0,,2020.0,,,1052.0
,,,,,,,,,,,1399.0,678.0,,,,298.0,,,2639.0,,800.0,,,2837.0
,,,,,,,,,,,3431.0,969.0,,,,1052.0,,,915.0,,2273.0,,,3668.0
,,,,,,,,,,,2054.0,2633.0,,,,3668.0,,,3278.0,,3639.0,,,3443.0
,,,,,,,,,,,2759.0,1337.0,,,,2837.0,,,1345.0,,1462.0,,,1268.0
,,,,,,,,,,,2213.0,3596.0,,,,1528.0,,,298.0,,1079.0,,,1345.0
,,,,,,,,,,,1158.0,1640.0,,,,3443.0,,,2837.0,,801.0,,,298.0
,,,,,,,,,,,2337.0,3100.0,,,,915.0,,,1268.0,,1649.0,,,915.0
,,,,,,,,,,,1354.0,343.0,,,,2087.0,,,1052.0,,3158.0,,,2087.0
,,,,,,,,,,,678.0,1614.0,,,,1661.0,,,2087.0,,632.0,,,1661.0
,,,,,,,,,,,825.0,1045.0,,,,887.0,,,3443.0,,2698.0,,,2985.0
,,,,,,,,,,,3595.0,3129.0,,,,2639.0,,,1518.0,,2413.0,,,887.0
,,,,,,,,,,,2560.0,2494.0,,,,1518.0,,,2152.0,,2160.0,,,1518.0
,,,,,,,,,,,3178.0,889.0,,,,1018.0,,,887.0,,2897.0,,,2152.0
,,,,,,,,,,,834.0,1920.0,,,,2152.0,,,2985.0,,575.0,,,1528.0
,,,,,,,,,,,1148.0,69.0,,,,2985.0,,,1018.0,,607.0,,,1018.0
,,,,,,,,,,,1337.0,2580.0,,,,1639.0,,,1661.0,,1040.0,,,772.0
,,,,,,,,,,,2215.0,1919.0,,,,3031.0,,,1528.0,,700.0,,,3031.0
,,,,,,,,,,,3596.0,3338.0,,,,772.0,,,1639.0,,3339.0,,,2639.0
,,,,,,,,,,,3100.0,739.0,,,,2781.0,,,3031.0,,2759.0,,,1639.0
,,,,,,,,,,,1045.0,1555.0,,,,3080.0,,,1123.0,,2337.0,,,2781.0
,,,,,,,,,,,3519.0,2287.0,,,,1468.0,,,3080.0,,1158.0,,,1123.0
,,,,,,,,,,,3159.0,3254.0,,,,3667.0,,,1837.0,,1399.0,,,1837.0
,,,,,,,,,,,1614.0,2640.0,,,,1837.0,,,3667.0,,3431.0,,,1468.0
,,,,,,,,,,,1910.0,408.0,,,,767.0,,,1468.0,,2054.0,,,2070.0
,,,,,,,,,,,2685.0,2393.0,,,,1187.0,,,767.0,,2213.0,,,3667.0
,,,,,,,,,,,343.0,3444.0,,,,1662.0,,,772.0,,1354.0,,,3080.0
,,,,,,,,,,,1640.0,798.0,,,,1123.0,,,2781.0,,1148.0,,,1187.0
,,,,,,,,,,,3526.0,2888.0,,,,3475.0,,,1187.0,,678.0,,,767.0
,,,,,,,,,,,1930.0,345.0,,,,2070.0,,,1662.0,,3595.0,,,3475.0
,,,,,,,,,,,2207.0,1677.0,,,,1964.0,,,2070.0,,825.0,,,1848.0
,,,,,,,,,,,3129.0,3279.0,,,,1110.0,,,3623.0,,2215.0,,,3623.0
,,,,,,,,,,,69.0,2955.0,,,,108.0,,,2547.0,,1930.0,,,2547.0
,,,,,,,,,,,3653.0,3509.0,,,,1848.0,,,3475.0,,3100.0,,,1662.0
,,,,,,,,,,,3338.0,1744.0,,,,3463.0,,,1848.0,,3596.0,,,2123.0
,,,,,,,,,,,3801.0,2946.0,,,,1619.0,,,108.0,,3178.0,,,1110.0
,,,,,,,,,,,3157.0,3437.0,,,,3623.0,,,1964.0,,2560.0,,,3463.0
,,,,,,,,,,,1919.0,630.0,,,,2123.0,,,3463.0,,1337.0,,,2017.0
,,,,,,,,,,,2580.0,3345.0,,,,2547.0,,,1110.0,,834.0,,,1964.0
,,,,,,,,,,,739.0,810.0,,,,2017.0,,,2017.0,,3519.0,,,108.0
,,,,,,,,,,,1555.0,2644.0,,,,1886.0,,,2123.0,,1640.0,,,520.0
,,,,,,,,,,,2640.0,1366.0,,,,3112.0,,,2980.0,,3526.0,,,3112.0
,,,,,,,,,,,1920.0,701.0,,,,1397.0,,,1886.0,,343.0,,,1619.0
,,,,,,,,,,,3444.0,452.0,,,,703.0,,,1397.0,,1910.0,,,3090.0
,,,,,,,,,,,3254.0,44.0,,,,1724.0,,,3090.0,,3129.0,,,886.0
,,,,,,,,,,,2955.0,451.0,,,,520.0,,,3112.0,,2685.0,,,2980.0
,,,,,,,,,,,345.0,3268.0,,,,3607.0,,,1619.0,,3159.0,,,3542.0
,,,,,,,,,,,798.0,1913.0,,,,3090.0,,,520.0,,3157.0,,,1724.0
,,,,,,,,,,,2393.0,1196.0,,,,3691.0,,,2656.0,,1045.0,,,3607.0
,,,,,,,,,,,1306.0,2143.0,,,,2980.0,,,3691.0,,1614.0,,,2498.0
,,,,,,,,,,,2779.0,3048.0,,,,2882.0,,,2498.0,,3801.0,,,1397.0
,,,,,,,,,,,1084.0,3316.0,,,,2498.0,,,3607.0,,2207.0,,,1886.0
,,,,,,,,,,,2368.0,3228.0,,,,2656.0,,,1724.0,,2640.0,,,2882.0
,,,,,,,,,,,1764.0,709.0,,,,1403.0,,,703.0,,1555.0,,,2656.0
,,,,,,,,,,,2886.0,1441.0,,,,970.0,,,2882.0,,1919.0,,,1403.0
,,,,,,,,,,,1744.0,2223.0,,,,3542.0,,,886.0,,3338.0,,,3691.0
,,,,,,,,,,,3279.0,3271.0,,,,886.0,,,3542.0,,2580.0,,,703.0
,,,,,,,,,,,3007.0,1615.0,,,,3364.0,,,970.0,,69.0,,,970.0
,,,,,,,,,,,810.0,2044.0,,,,2561.0,,,369.0,,3653.0,,,2561.0
,,,,,,,,,,,3345.0,364.0,,,,369.0,,,2561.0,,3254.0,,,369.0
,,,,,,,,,,,3268.0,1015.0,,,,828.0,,,3225.0,,345.0,,,3364.0
,,,,,,,,,,,452.0,1802.0,,,,3225.0,,,1621.0,,2779.0,,,3588.0
,,,,,,,,,,,3437.0,1567.0,,,,563.0,,,1387.0,,739.0,,,1686.0
,,,,,,,,,,,451.0,2134.0,,,,3588.0,,,1403.0,,2955.0,,,2084.0
,,,,,,,,,,,1196.0,1376.0,,,,3743.0,,,1686.0,,1920.0,,,3225.0
,,,,,,,,,,,3271.0,1014.0,,,,1387.0,,,3588.0,,1306.0,,,828.0
,,,,,,,,,,,1615.0,1803.0,,,,1621.0,,,2084.0,,798.0,,,2025.0
,,,,,,,,,,,3155.0,66.0,,,,2084.0,,,3364.0,,1764.0,,,3743.0
,,,,,,,,,,,1913.0,1582.0,,,,1686.0,,,3743.0,,2393.0,,,1387.0
,,,,,,,,,,,364.0,827.0,,,,2025.0,,,828.0,,3444.0,,,563.0
,,,,,,,,,,,2044.0,2470.0,,,,3457.0,,,2157.0,,2886.0,,,587.0
,,,,,,,,,,,3134.0,3029.0,,,,1300.0,,,1730.0,,1084.0,,,2157.0
,,,,,,,,,,,1572.0,50.0,,,,2157.0,,,2025.0,,3279.0,,,3552.0
,,,,,,,,,,,1376.0,734.0,,,,1730.0,,,587.0,,3007.0,,,1300.0
,,,,,,,,,,,2374.0,29.0,,,,3552.0,,,563.0,,2368.0,,,1730.0
,,,,,,,,,,,709.0,642.0,,,,587.0,,,1300.0,,3268.0,,,3457.0
,,,,,,,,,,,2134.0,601.0,,,,3478.0,,,2550.0,,1744.0,,,2420.0
,,,,,,,,,,,1802.0,31.0,,,,808.0,,,3457.0,,810.0,,,1173.0
,,,,,,,,,,,1582.0,294.0,,,,1224.0,,,3552.0,,3437.0,,,2550.0
,,,,,,,,,,,543.0,2419.0,,,,2420.0,,,2420.0,,3345.0,,,1224.0
,,,,,,,,,,,878.0,3424.0,,,,,,,,,709.0,,,
,,,,,,,,,,,3029.0,1247.0,,,,,,,,,452.0,,,
,,,,,,,,,,,3802.0,1854.0,,,,,,,,,451.0,,,
,,,,,,,,,,,66.0,3504.0,,,,,,,,,1196.0,,,
,,,,,,,,,,,734.0,37.0,,,,,,,,,1913.0,,,
,,,,,,,,,,,1803.0,1437.0,,,,,,,,,364.0,,,
,,,,,,,,,,,49.0,3585.0,,,,,,,,,1615.0,,,
,,,,,,,,,,,2470.0,907.0,,,,,,,,,3271.0,,,
,,,,,,,,,,,50.0,1502.0,,,,,,,,,3155.0,,,
,,,,,,,,,,,601.0,2977.0,,,,,,,,,2044.0,,,
,,,,,,,,,,,31.0,2150.0,,,,,,,,,1376.0,,,
,,,,,,,,,,,3424.0,2816.0,,,,,,,,,1572.0,,,
,,,,,,,,,,,2419.0,1338.0,,,,,,,,,2374.0,,,
,,,,,,,,,,,642.0,1617.0,,,,,,,,,1802.0,,,
,,,,,,,,,,,294.0,3278.0,,,,,,,,,543.0,,,
,,,,,,,,,,,29.0,764.0,,,,,,,,,3134.0,,,
,,,,,,,,,,,3504.0,1268.0,,,,,,,,,2134.0,,,
,,,,,,,,,,,664.0,2889.0,,,,,,,,,49.0,,,
,,,,,,,,,,,1247.0,1776.0,,,,,,,,,3802.0,,,
,,,,,,,,,,,3081.0,3026.0,,,,,,,,,1803.0,,,
,,,,,,,,,,,675.0,1052.0,,,,,,,,,66.0,,,
,,,,,,,,,,,2977.0,3443.0,,,,,,,,,878.0,,,
,,,,,,,,,,,1437.0,915.0,,,,,,,,,601.0,,,
,,,,,,,,,,,3585.0,298.0,,,,,,,,,734.0,,,
,,,,,,,,,,,3156.0,1345.0,,,,,,,,,642.0,,,
,,,,,,,,,,,2496.0,2837.0,,,,,,,,,2470.0,,,
,,,,,,,,,,,354.0,2087.0,,,,,,,,,1582.0,,,
,,,,,,,,,,,907.0,1661.0,,,,,,,,,3029.0,,,
,,,,,,,,,,,1647.0,1518.0,,,,,,,,,50.0,,,
,,,,,,,,,,,2636.0,2639.0,,,,,,,,,294.0,,,
,,,,,,,,,,,1242.0,1018.0,,,,,,,,,2419.0,,,
,,,,,,,,,,,2408.0,887.0,,,,,,,,,3156.0,,,
,,,,,,,,,,,1617.0,2152.0,,,,,,,,,3504.0,,,
,,,,,,,,,,,2150.0,2985.0,,,,,,,,,3424.0,,,
,,,,,,,,,,,645.0,1639.0,,,,,,,,,29.0,,,
,,,,,,,,,,,1776.0,1528.0,,,,,,,,,31.0,,,
,,,,,,,,,,,2816.0,3031.0,,,,,,,,,1437.0,,,
,,,,,,,,,,,3442.0,772.0,,,,,,,,,664.0,,,
,,,,,,,,,,,1268.0,2781.0,,,,,,,,,3081.0,,,
,,,,,,,,,,,3278.0,1837.0,,,,,,,,,2496.0,,,
,,,,,,,,,,,368.0,1468.0,,,,,,,,,675.0,,,
,,,,,,,,,,,1941.0,767.0,,,,,,,,,1247.0,,,
,,,,,,,,,,,2837.0,1123.0,,,,,,,,,3585.0,,,
,,,,,,,,,,,1891.0,2070.0,,,,,,,,,2977.0,,,
,,,,,,,,,,,1979.0,1187.0,,,,,,,,,2636.0,,,
,,,,,,,,,,,868.0,3080.0,,,,,,,,,354.0,,,
,,,,,,,,,,,3668.0,3475.0,,,,,,,,,1647.0,,,
,,,,,,,,,,,362.0,1662.0,,,,,,,,,907.0,,,
,,,,,,,,,,,1753.0,3623.0,,,,,,,,,1242.0,,,
,,,,,,,,,,,1890.0,2547.0,,,,,,,,,1617.0,,,
,,,,,,,,,,,3443.0,1110.0,,,,,,,,,2150.0,,,
,,,,,,,,,,,1852.0,3090.0,,,,,,,,,1776.0,,,
,,,,,,,,,,,941.0,520.0,,,,,,,,,1268.0,,,
,,,,,,,,,,,2639.0,108.0,,,,,,,,,3442.0,,,
,,,,,,,,,,,2087.0,2123.0,,,,,,,,,2408.0,,,
,,,,,,,,,,,1528.0,3112.0,,,,,,,,,645.0,,,
,,,,,,,,,,,1018.0,1964.0,,,,,,,,,2816.0,,,
,,,,,,,,,,,2985.0,1848.0,,,,,,,,,3278.0,,,
,,,,,,,,,,,3693.0,2017.0,,,,,,,,,362.0,,,
,,,,,,,,,,,2209.0,3463.0,,,,,,,,,1941.0,,,
,,,,,,,,,,,1944.0,703.0,,,,,,,,,3668.0,,,
,,,,,,,,,,,772.0,3607.0,,,,,,,,,868.0,,,
,,,,,,,,,,,1639.0,1619.0,,,,,,,,,1890.0,,,
,,,,,,,,,,,3667.0,1886.0,,,,,,,,,1891.0,,,
,,,,,,,,,,,1468.0,1397.0,,,,,,,,,1852.0,,,
,,,,,,,,,,,183.0,2498.0,,,,,,,,,368.0,,,
,,,,,,,,,,,3031.0,3691.0,,,,,,,,,2837.0,,,
,,,,,,,,,,,3080.0,886.0,,,,,,,,,1753.0,,,
,,,,,,,,,,,2130.0,2882.0,,,,,,,,,1979.0,,,
,,,,,,,,,,,3603.0,2980.0,,,,,,,,,941.0,,,
,,,,,,,,,,,2254.0,2561.0,,,,,,,,,1661.0,,,
,,,,,,,,,,,2547.0,2656.0,,,,,,,,,1528.0,,,
,,,,,,,,,,,2017.0,1724.0,,,,,,,,,2087.0,,,
,,,,,,,,,,,1629.0,3364.0,,,,,,,,,3443.0,,,
,,,,,,,,,,,3475.0,970.0,,,,,,,,,3693.0,,,
,,,,,,,,,,,3621.0,1403.0,,,,,,,,,2985.0,,,
,,,,,,,,,,,2476.0,1621.0,,,,,,,,,1018.0,,,
,,,,,,,,,,,108.0,1686.0,,,,,,,,,1639.0,,,
,,,,,,,,,,,2062.0,369.0,,,,,,,,,2209.0,,,
,,,,,,,,,,,3463.0,1387.0,,,,,,,,,2639.0,,,
,,,,,,,,,,,103.0,2084.0,,,,,,,,,3667.0,,,
,,,,,,,,,,,2791.0,3588.0,,,,,,,,,1944.0,,,
,,,,,,,,,,,520.0,3225.0,,,,,,,,,1468.0,,,
,,,,,,,,,,,2758.0,563.0,,,,,,,,,3031.0,,,
,,,,,,,,,,,363.0,3743.0,,,,,,,,,3080.0,,,
,,,,,,,,,,,3691.0,828.0,,,,,,,,,772.0,,,
,,,,,,,,,,,2123.0,1300.0,,,,,,,,,183.0,,,
,,,,,,,,,,,2909.0,2157.0,,,,,,,,,2130.0,,,
,,,,,,,,,,,3542.0,3457.0,,,,,,,,,3603.0,,,
,,,,,,,,,,,1817.0,3552.0,,,,,,,,,2476.0,,,
,,,,,,,,,,,2882.0,,,,,,,,,,2017.0,,,
,,,,,,,,,,,397.0,,,,,,,,,,108.0,,,
,,,,,,,,,,,1981.0,,,,,,,,,,103.0,,,
,,,,,,,,,,,2434.0,,,,,,,,,,2254.0,,,
,,,,,,,,,,,1886.0,,,,,,,,,,3475.0,,,
,,,,,,,,,,,1997.0,,,,,,,,,,2758.0,,,
,,,,,,,,,,,3715.0,,,,,,,,,,3621.0,,,
,,,,,,,,,,,2498.0,,,,,,,,,,1629.0,,,
,,,,,,,,,,,1397.0,,,,,,,,,,2547.0,,,
,,,,,,,,,,,3607.0,,,,,,,,,,2062.0,,,
,,,,,,,,,,,369.0,,,,,,,,,,2123.0,,,
,,,,,,,,,,,2146.0,,,,,,,,,,3463.0,,,
,,,,,,,,,,,1971.0,,,,,,,,,,2909.0,,,
,,,,,,,,,,,1621.0,,,,,,,,,,363.0,,,
,,,,,,,,,,,2561.0,,,,,,,,,,1997.0,,,
,,,,,,,,,,,1403.0,,,,,,,,,,2882.0,,,
,,,,,,,,,,,232.0,,,,,,,,,,2791.0,,,
,,,,,,,,,,,3364.0,,,,,,,,,,520.0,,,
,,,,,,,,,,,1387.0,,,,,,,,,,3542.0,,,
,,,,,,,,,,,2084.0,,,,,,,,,,1397.0,,,
,,,,,,,,,,,1686.0,,,,,,,,,,2498.0,,,
,,,,,,,,,,,3225.0,,,,,,,,,,3607.0,,,
,,,,,,,,,,,2192.0,,,,,,,,,,3715.0,,,
,,,,,,,,,,,3588.0,,,,,,,,,,3691.0,,,
,,,,,,,,,,,3313.0,,,,,,,,,,2434.0,,,
,,,,,,,,,,,3743.0,,,,,,,,,,1886.0,,,
,,,,,,,,,,,2025.0,,,,,,,,,,1981.0,,,
,,,,,,,,,,,2566.0,,,,,,,,,,2561.0,,,
,,,,,,,,,,,563.0,,,,,,,,,,397.0,,,
,,,,,,,,,,,2745.0,,,,,,,,,,1817.0,,,
,,,,,,,,,,,587.0,,,,,,,,,,1971.0,,,
,,,,,,,,,,,2157.0,,,,,,,,,,232.0,,,
,,,,,,,,,,,3457.0,,,,,,,,,,3588.0,,,
,,,,,,,,,,,1300.0,,,,,,,,,,3364.0,,,
,,,,,,,,,,,992.0,,,,,,,,,,2084.0,,,
,,,,,,,,,,,3552.0,,,,,,,,,,2146.0,,,
,,,,,,,,,,,1730.0,,,,,,,,,,369.0,,,
,,,,,,,,,,,3478.0,,,,,,,,,,1387.0,,,
,,,,,,,,,,,808.0,,,,,,,,,,1403.0,,,
,,,,,,,,,,,1757.0,,,,,,,,,,1621.0,,,
,,,,,,,,,,,,,,,,,,,,,1686.0,,,
,,,,,,,,,,,,,,,,,,,,,3743.0,,,
,,,,,,,,,,,,,,,,,,,,,2192.0,,,
,,,,,,,,,,,,,,,,,,,,,2566.0,,,
,,,,,,,,,,,,,,,,,,,,,3225.0,,,
,,,,,,,,,,,,,,,,,,,,,3313.0,,,
,,,,,,,,,,,,,,,,,,,,,2025.0,,,
,,,,,,,,,,,,,,,,,,,,,2745.0,,,
,,,,,,,,,,,,,,,,,,,,,563.0,,,
,,,,,,,,,,,,,,,,,,,,,2157.0,,,
,,,,,,,,,,,,,,,,,,,,,1757.0,,,
,,,,,,,,,,,,,,,,,,,,,992.0,,,
,,,,,,,,,,,,,,,,,,,,,3552.0,,,
,,,,,,,,,,,,,,,,,,,,,587.0,,,
,,,,,,,,,,,,,,,,,,,,,3457.0,,,
,,,,,,,,,,,,,,,,,,,,,1300.0,,,
,,,,,,,,,,,,,,,,,,,,,1730.0,,,
,,,,,,,,,,,,,,,,,,,,,808.0,,,
,,,,,,,,,,,,,,,,,,,,,2550.0,,,
,,,,,,,,,,,,,,,,,,,,,455.0,,,
