run_0,run_1,run_2,run_3,run_4,run_5,run_6,run_7,run_8,run_9,run_10,run_11,run_12,run_13,run_14,run_15,run_16,run_17,run_18,run_19,run_20,run_21,run_22,run_23,run_24
1480.0,1703.0,241.0,168.0,1379.0,1065.0,1120.0,882.0,849.0,1446.0,1126.0,952.0,1486.0,227.0,1123.0,897.0,1167.0,947.0,675.0,1312.0,250.0,1246.0,1044.0,1514.0,1594.0
1342.0,1584.0,1238.0,957.0,916.0,386.0,338.0,1710.0,926.0,745.0,963.0,188.0,1289.0,167.0,637.0,1560.0,1549.0,1123.0,484.0,1647.0,1494.0,1224.0,1099.0,946.0,604.0
881.0,47.0,1521.0,1221.0,362.0,1283.0,1307.0,756.0,720.0,478.0,1386.0,93.0,1402.0,578.0,105.0,42.0,1025.0,1734.0,598.0,466.0,694.0,142.0,1366.0,368.0,320.0
1748.0,304.0,1220.0,1449.0,88.0,141.0,571.0,1236.0,718.0,1715.0,1272.0,632.0,465.0,1305.0,644.0,1612.0,1349.0,280.0,371.0,1044.0,115.0,717.0,558.0,25.0,903.0
1128.0,534.0,1536.0,1157.0,333.0,236.0,60.0,1077.0,1091.0,510.0,903.0,246.0,668.0,1297.0,727.0,1080.0,142.0,1321.0,896.0,1187.0,1470.0,714.0,1507.0,783.0,469.0
217.0,1045.0,541.0,1653.0,544.0,661.0,1064.0,739.0,1374.0,486.0,230.0,82.0,593.0,330.0,451.0,1500.0,284.0,979.0,1517.0,1158.0,1645.0,966.0,739.0,745.0,1262.0
914.0,48.0,922.0,371.0,1596.0,1581.0,224.0,1098.0,393.0,1073.0,379.0,835.0,1320.0,201.0,453.0,632.0,1044.0,1205.0,360.0,1496.0,1652.0,1385.0,1510.0,2.0,285.0
141.0,1586.0,1366.0,533.0,1614.0,992.0,867.0,1249.0,312.0,426.0,1608.0,42.0,1609.0,295.0,594.0,1414.0,1593.0,58.0,957.0,120.0,454.0,1066.0,1460.0,1687.0,1470.0
1662.0,302.0,1008.0,1547.0,518.0,388.0,758.0,71.0,1289.0,166.0,1737.0,1377.0,1051.0,731.0,1653.0,1571.0,242.0,441.0,707.0,1708.0,1698.0,711.0,1027.0,331.0,1502.0
175.0,1229.0,508.0,833.0,1098.0,1280.0,1699.0,888.0,1279.0,1213.0,1195.0,336.0,425.0,883.0,410.0,1663.0,1095.0,1438.0,712.0,123.0,257.0,336.0,1052.0,95.0,1182.0
707.0,808.0,1412.0,52.0,235.0,1035.0,1672.0,251.0,1367.0,1434.0,1190.0,665.0,128.0,896.0,1417.0,724.0,17.0,989.0,646.0,1526.0,1425.0,378.0,550.0,14.0,1446.0
681.0,1034.0,1060.0,407.0,900.0,810.0,960.0,1593.0,1482.0,1242.0,1594.0,1456.0,1380.0,980.0,911.0,584.0,126.0,544.0,209.0,269.0,377.0,337.0,182.0,636.0,1560.0
984.0,138.0,1744.0,865.0,1200.0,1562.0,1268.0,737.0,1062.0,635.0,1280.0,742.0,799.0,805.0,578.0,407.0,262.0,1004.0,1281.0,576.0,860.0,739.0,304.0,186.0,319.0
1574.0,368.0,525.0,211.0,234.0,641.0,791.0,940.0,70.0,108.0,845.0,1684.0,765.0,655.0,321.0,113.0,1337.0,255.0,1666.0,1197.0,872.0,1251.0,226.0,586.0,1316.0
766.0,372.0,115.0,1673.0,1454.0,625.0,380.0,1235.0,705.0,494.0,1058.0,14.0,1476.0,1173.0,1602.0,479.0,982.0,969.0,561.0,1501.0,1313.0,1353.0,163.0,1613.0,131.0
184.0,147.0,190.0,1145.0,249.0,1440.0,1211.0,993.0,1234.0,238.0,334.0,1578.0,1454.0,947.0,247.0,1409.0,1355.0,910.0,223.0,587.0,851.0,169.0,247.0,428.0,612.0
698.0,1320.0,262.0,310.0,475.0,176.0,502.0,499.0,20.0,241.0,619.0,46.0,1046.0,771.0,836.0,1570.0,874.0,846.0,1370.0,1024.0,1569.0,102.0,1160.0,1272.0,332.0
638.0,40.0,1634.0,1573.0,1662.0,243.0,981.0,787.0,758.0,1195.0,172.0,672.0,1288.0,1735.0,739.0,117.0,144.0,1173.0,3.0,1203.0,1719.0,770.0,836.0,1063.0,1635.0
925.0,533.0,177.0,730.0,383.0,255.0,1302.0,643.0,46.0,1492.0,1607.0,1656.0,209.0,524.0,1082.0,434.0,602.0,1008.0,1720.0,842.0,1341.0,1014.0,679.0,302.0,3.0
859.0,517.0,213.0,1466.0,519.0,20.0,716.0,1005.0,1291.0,258.0,1638.0,740.0,967.0,250.0,1484.0,769.0,1585.0,1631.0,714.0,1523.0,312.0,1618.0,1311.0,1215.0,154.0
893.0,740.0,9.0,107.0,1357.0,1142.0,785.0,1016.0,359.0,168.0,1392.0,783.0,1371.0,858.0,1545.0,1733.0,492.0,1607.0,536.0,959.0,1189.0,1651.0,1423.0,710.0,353.0
503.0,1005.0,1142.0,954.0,257.0,537.0,1660.0,1037.0,1260.0,1040.0,116.0,306.0,1039.0,462.0,882.0,780.0,1612.0,642.0,337.0,1742.0,221.0,456.0,465.0,1441.0,1226.0
417.0,359.0,16.0,364.0,1311.0,619.0,1575.0,1719.0,1561.0,1350.0,833.0,549.0,1116.0,1349.0,973.0,631.0,1538.0,1585.0,229.0,1408.0,778.0,837.0,999.0,329.0,148.0
961.0,127.0,1372.0,884.0,1440.0,853.0,1422.0,1544.0,1391.0,520.0,1423.0,327.0,1680.0,631.0,1174.0,405.0,33.0,352.0,916.0,1597.0,1448.0,1510.0,1087.0,101.0,698.0
1125.0,1264.0,346.0,405.0,325.0,338.0,696.0,1533.0,1078.0,1223.0,1274.0,704.0,102.0,1512.0,361.0,1587.0,466.0,714.0,1553.0,933.0,620.0,442.0,1715.0,452.0,954.0
431.0,1384.0,972.0,379.0,1421.0,1438.0,171.0,1021.0,221.0,126.0,143.0,613.0,166.0,445.0,927.0,1673.0,527.0,353.0,1301.0,1004.0,17.0,322.0,715.0,1728.0,1211.0
468.0,1439.0,690.0,517.0,377.0,1721.0,567.0,1258.0,1338.0,982.0,402.0,1257.0,427.0,1731.0,364.0,141.0,378.0,1525.0,1521.0,679.0,129.0,1490.0,303.0,1432.0,128.0
302.0,1312.0,1544.0,685.0,9.0,1114.0,490.0,1354.0,1138.0,961.0,778.0,1526.0,1112.0,362.0,70.0,358.0,410.0,1482.0,580.0,1589.0,763.0,1633.0,901.0,161.0,1154.0
308.0,288.0,395.0,859.0,174.0,1640.0,330.0,1604.0,765.0,1515.0,758.0,730.0,281.0,1701.0,79.0,1631.0,1691.0,635.0,391.0,1636.0,676.0,18.0,786.0,613.0,1496.0
467.0,1487.0,546.0,909.0,787.0,670.0,1740.0,811.0,605.0,85.0,285.0,1450.0,1253.0,1523.0,1355.0,1351.0,1169.0,16.0,778.0,1402.0,1071.0,1171.0,289.0,844.0,476.0
1019.0,1128.0,597.0,1162.0,1369.0,1553.0,511.0,93.0,959.0,36.0,531.0,663.0,1310.0,1526.0,861.0,210.0,411.0,1449.0,1212.0,1720.0,1582.0,1134.0,65.0,1509.0,1567.0
1518.0,1123.0,1257.0,636.0,717.0,584.0,456.0,628.0,1187.0,879.0,780.0,661.0,1500.0,1445.0,254.0,157.0,605.0,498.0,1061.0,1646.0,1501.0,606.0,953.0,1003.0,629.0
794.0,330.0,1271.0,1636.0,1608.0,851.0,1349.0,1341.0,582.0,555.0,1586.0,1308.0,976.0,1465.0,218.0,882.0,1099.0,74.0,1653.0,1586.0,248.0,87.0,1347.0,648.0,203.0
94.0,237.0,915.0,1305.0,358.0,1133.0,678.0,1583.0,509.0,1039.0,422.0,773.0,908.0,299.0,1630.0,994.0,271.0,1664.0,490.0,134.0,575.0,224.0,1176.0,1058.0,261.0
577.0,1416.0,1747.0,192.0,113.0,250.0,197.0,1145.0,1474.0,867.0,1227.0,856.0,28.0,986.0,1475.0,1629.0,777.0,1486.0,38.0,1025.0,768.0,781.0,412.0,1743.0,1306.0
1373.0,1268.0,757.0,1194.0,678.0,1204.0,659.0,88.0,1339.0,579.0,1249.0,1474.0,402.0,42.0,61.0,666.0,1105.0,1115.0,106.0,3.0,1235.0,1267.0,197.0,1131.0,1746.0
839.0,798.0,572.0,347.0,894.0,1121.0,589.0,1288.0,135.0,194.0,816.0,162.0,869.0,467.0,1747.0,1675.0,182.0,1120.0,960.0,962.0,725.0,1315.0,1644.0,1631.0,495.0
501.0,281.0,1666.0,1160.0,734.0,1266.0,1471.0,1700.0,168.0,312.0,1743.0,1457.0,1661.0,385.0,1350.0,1242.0,372.0,872.0,630.0,1622.0,744.0,555.0,927.0,1593.0,1269.0
38.0,1524.0,1410.0,1714.0,1567.0,1002.0,1446.0,910.0,552.0,522.0,890.0,1044.0,156.0,811.0,635.0,961.0,1543.0,1448.0,1.0,1716.0,1222.0,1738.0,1357.0,1605.0,694.0
527.0,215.0,532.0,648.0,1030.0,545.0,310.0,496.0,903.0,632.0,363.0,1548.0,237.0,1390.0,1093.0,142.0,784.0,763.0,1319.0,268.0,1282.0,663.0,944.0,1162.0,1653.0
997.0,1445.0,359.0,1076.0,430.0,808.0,664.0,279.0,986.0,455.0,1236.0,1508.0,144.0,198.0,662.0,1700.0,1728.0,869.0,1080.0,1075.0,1032.0,836.0,782.0,1348.0,185.0
1294.0,1700.0,1227.0,1378.0,213.0,94.0,722.0,1416.0,1686.0,1037.0,1262.0,1460.0,1631.0,1309.0,730.0,945.0,199.0,181.0,1040.0,1140.0,787.0,1006.0,407.0,981.0,1582.0
1033.0,340.0,924.0,202.0,1368.0,897.0,466.0,1670.0,1497.0,544.0,703.0,725.0,1728.0,246.0,178.0,134.0,104.0,1345.0,62.0,461.0,118.0,1130.0,126.0,726.0,306.0
1728.0,1281.0,1495.0,699.0,1155.0,58.0,885.0,129.0,1492.0,438.0,16.0,140.0,1496.0,305.0,604.0,61.0,1077.0,946.0,853.0,1547.0,1523.0,1525.0,1472.0,776.0,1104.0
256.0,1107.0,217.0,834.0,1360.0,445.0,1058.0,1695.0,863.0,33.0,205.0,495.0,896.0,889.0,629.0,553.0,598.0,301.0,5.0,1610.0,457.0,1333.0,73.0,616.0,1185.0
483.0,1091.0,1097.0,759.0,1376.0,703.0,315.0,135.0,896.0,1093.0,1138.0,231.0,1466.0,1503.0,1343.0,1316.0,589.0,717.0,1561.0,443.0,605.0,653.0,425.0,40.0,494.0
697.0,227.0,155.0,306.0,30.0,203.0,29.0,563.0,1597.0,559.0,1158.0,997.0,1492.0,1432.0,544.0,938.0,1316.0,556.0,1697.0,1142.0,1258.0,632.0,819.0,1093.0,426.0
1709.0,1058.0,470.0,178.0,327.0,179.0,1043.0,829.0,421.0,40.0,1455.0,688.0,349.0,1492.0,646.0,790.0,705.0,1203.0,321.0,643.0,792.0,1323.0,616.0,968.0,633.0
813.0,926.0,1709.0,552.0,1729.0,1482.0,792.0,1722.0,1499.0,1407.0,794.0,897.0,1271.0,1425.0,100.0,1740.0,1716.0,586.0,880.0,635.0,661.0,615.0,228.0,1282.0,1457.0
283.0,139.0,399.0,701.0,660.0,555.0,1274.0,1731.0,1663.0,1117.0,1112.0,827.0,871.0,903.0,328.0,1244.0,1446.0,826.0,1708.0,777.0,1104.0,432.0,1184.0,1182.0,1327.0
120.0,742.0,814.0,140.0,1089.0,466.0,641.0,936.0,1115.0,483.0,1687.0,869.0,759.0,1621.0,1001.0,1132.0,1234.0,622.0,1133.0,909.0,1169.0,276.0,77.0,1206.0,497.0
471.0,1104.0,599.0,1332.0,529.0,1364.0,233.0,48.0,435.0,577.0,234.0,68.0,577.0,1553.0,939.0,1711.0,493.0,873.0,724.0,659.0,1253.0,542.0,589.0,1342.0,1075.0
481.0,162.0,245.0,1698.0,1436.0,758.0,698.0,1276.0,434.0,91.0,797.0,1385.0,1314.0,1606.0,1194.0,856.0,442.0,1587.0,1051.0,499.0,1350.0,1716.0,676.0,902.0,685.0
1511.0,958.0,1724.0,806.0,1033.0,1066.0,1402.0,1232.0,967.0,1541.0,1731.0,122.0,178.0,31.0,1108.0,1000.0,530.0,668.0,139.0,294.0,1530.0,744.0,707.0,609.0,1355.0
1472.0,1608.0,193.0,354.0,1473.0,1450.0,293.0,128.0,120.0,1103.0,223.0,257.0,155.0,484.0,32.0,1694.0,562.0,1049.0,351.0,1576.0,114.0,928.0,143.0,1110.0,1361.0
1333.0,1402.0,1051.0,1242.0,317.0,512.0,1538.0,254.0,685.0,1070.0,666.0,1720.0,494.0,32.0,20.0,1543.0,1147.0,170.0,394.0,990.0,1743.0,422.0,1722.0,765.0,473.0
91.0,1148.0,380.0,639.0,1054.0,1673.0,207.0,424.0,222.0,794.0,950.0,729.0,731.0,1355.0,1193.0,1343.0,1076.0,1490.0,654.0,711.0,1199.0,138.0,1422.0,728.0,646.0
1299.0,881.0,587.0,578.0,930.0,1269.0,1093.0,1163.0,1345.0,1542.0,1597.0,746.0,849.0,1171.0,852.0,1291.0,294.0,796.0,1238.0,1164.0,251.0,1324.0,1171.0,651.0,1563.0
1254.0,737.0,442.0,1358.0,1412.0,1642.0,1421.0,712.0,76.0,1200.0,1475.0,1452.0,392.0,827.0,1404.0,1686.0,439.0,1663.0,1626.0,878.0,1472.0,402.0,1409.0,1437.0,249.0
130.0,914.0,157.0,20.0,1109.0,457.0,1033.0,891.0,360.0,846.0,654.0,1122.0,1699.0,217.0,541.0,944.0,279.0,1000.0,973.0,241.0,469.0,985.0,771.0,1659.0,71.0
295.0,163.0,770.0,1675.0,1502.0,1582.0,544.0,616.0,1636.0,1625.0,1193.0,141.0,767.0,610.0,1232.0,328.0,1434.0,558.0,452.0,717.0,43.0,857.0,1328.0,837.0,18.0
166.0,1695.0,937.0,259.0,1024.0,496.0,965.0,1691.0,100.0,1031.0,712.0,635.0,484.0,454.0,1459.0,1072.0,558.0,900.0,151.0,359.0,2.0,1428.0,1595.0,1070.0,895.0
855.0,1324.0,1607.0,396.0,1127.0,387.0,403.0,792.0,54.0,515.0,822.0,381.0,1540.0,1299.0,74.0,6.0,1068.0,715.0,271.0,420.0,1218.0,637.0,33.0,602.0,657.0
557.0,11.0,483.0,1052.0,1048.0,848.0,1633.0,745.0,857.0,1020.0,1079.0,1675.0,985.0,763.0,1748.0,292.0,841.0,698.0,1072.0,128.0,1590.0,1148.0,222.0,640.0,1612.0
477.0,416.0,996.0,1626.0,307.0,1716.0,1496.0,86.0,879.0,981.0,1639.0,1133.0,1376.0,647.0,193.0,1684.0,1545.0,460.0,779.0,429.0,1337.0,737.0,1669.0,18.0,1200.0
1388.0,119.0,818.0,1569.0,1619.0,529.0,599.0,1694.0,472.0,127.0,1564.0,1203.0,1202.0,269.0,402.0,373.0,996.0,1540.0,33.0,1089.0,1075.0,547.0,661.0,667.0,1244.0
324.0,1360.0,782.0,904.0,1661.0,130.0,20.0,1075.0,319.0,233.0,111.0,26.0,1573.0,643.0,643.0,1451.0,1127.0,224.0,1375.0,657.0,594.0,1409.0,1401.0,324.0,683.0
488.0,730.0,72.0,1224.0,1578.0,1652.0,259.0,780.0,218.0,1126.0,742.0,851.0,1312.0,470.0,1661.0,952.0,1361.0,381.0,1304.0,350.0,439.0,550.0,1183.0,713.0,172.0
754.0,175.0,935.0,262.0,1716.0,665.0,1137.0,1444.0,176.0,656.0,258.0,320.0,400.0,907.0,931.0,1708.0,918.0,1295.0,11.0,1246.0,1035.0,1300.0,689.0,526.0,1031.0
1266.0,1080.0,1192.0,503.0,1117.0,654.0,326.0,198.0,111.0,145.0,867.0,631.0,1434.0,1121.0,1101.0,1475.0,315.0,1183.0,249.0,1487.0,351.0,1469.0,1537.0,1169.0,950.0
182.0,459.0,672.0,1565.0,859.0,415.0,405.0,76.0,1172.0,872.0,689.0,478.0,837.0,794.0,220.0,1438.0,929.0,1184.0,1492.0,687.0,885.0,1407.0,432.0,1035.0,553.0
393.0,771.0,1198.0,968.0,1038.0,1060.0,648.0,427.0,999.0,72.0,1200.0,1547.0,818.0,1745.0,595.0,1138.0,1516.0,311.0,878.0,252.0,390.0,68.0,452.0,182.0,399.0
757.0,844.0,1016.0,116.0,1107.0,1237.0,1306.0,1690.0,782.0,1071.0,49.0,1074.0,649.0,235.0,638.0,1429.0,894.0,881.0,1539.0,1337.0,1492.0,1721.0,1136.0,1174.0,41.0
1482.0,242.0,36.0,490.0,35.0,950.0,986.0,1218.0,689.0,1270.0,479.0,103.0,0.0,1607.0,1240.0,1272.0,1185.0,164.0,1415.0,707.0,254.0,376.0,307.0,1250.0,1452.0
860.0,1579.0,227.0,1285.0,591.0,1499.0,104.0,1605.0,43.0,441.0,602.0,1397.0,810.0,363.0,1237.0,1070.0,844.0,1621.0,1507.0,319.0,734.0,52.0,1223.0,635.0,1602.0
160.0,1500.0,1427.0,495.0,305.0,847.0,1135.0,776.0,1386.0,400.0,368.0,1005.0,1463.0,1316.0,1540.0,1652.0,819.0,571.0,1118.0,149.0,1138.0,872.0,1566.0,1703.0,1092.0
100.0,981.0,54.0,1088.0,1556.0,396.0,96.0,1383.0,1543.0,583.0,1603.0,34.0,1106.0,573.0,455.0,714.0,487.0,591.0,914.0,1735.0,953.0,285.0,670.0,655.0,1377.0
1648.0,57.0,110.0,1416.0,1223.0,1222.0,1200.0,30.0,26.0,420.0,1080.0,955.0,1069.0,1310.0,1480.0,241.0,63.0,1605.0,2.0,1021.0,714.0,335.0,852.0,656.0,840.0
21.0,1014.0,1135.0,1244.0,700.0,1120.0,738.0,396.0,1333.0,1087.0,453.0,1018.0,697.0,1366.0,1567.0,690.0,659.0,1074.0,1332.0,1194.0,1716.0,692.0,241.0,99.0,191.0
49.0,1709.0,1285.0,1687.0,1528.0,406.0,585.0,11.0,1329.0,1053.0,343.0,990.0,1621.0,1639.0,1019.0,544.0,174.0,506.0,1567.0,683.0,1318.0,607.0,563.0,1483.0,1009.0
358.0,1435.0,19.0,1734.0,138.0,523.0,411.0,225.0,1022.0,545.0,127.0,136.0,304.0,831.0,10.0,133.0,652.0,841.0,376.0,1280.0,1367.0,91.0,93.0,35.0,167.0
969.0,260.0,1263.0,894.0,1468.0,721.0,983.0,63.0,1225.0,52.0,802.0,721.0,100.0,96.0,56.0,310.0,343.0,1601.0,63.0,492.0,1015.0,751.0,1048.0,1466.0,1679.0
245.0,1531.0,296.0,987.0,1192.0,825.0,1207.0,1463.0,793.0,76.0,561.0,271.0,979.0,347.0,865.0,935.0,51.0,297.0,739.0,297.0,165.0,400.0,34.0,377.0,1553.0
536.0,15.0,1728.0,1233.0,221.0,680.0,260.0,512.0,1719.0,1214.0,158.0,927.0,1109.0,101.0,1189.0,3.0,1426.0,1642.0,1381.0,314.0,540.0,80.0,390.0,603.0,535.0
1285.0,691.0,1389.0,497.0,708.0,268.0,630.0,16.0,355.0,1290.0,56.0,1679.0,1712.0,1518.0,1360.0,156.0,1162.0,48.0,365.0,1243.0,811.0,1706.0,1377.0,29.0,268.0
1091.0,633.0,921.0,229.0,420.0,360.0,1741.0,407.0,1394.0,571.0,83.0,296.0,191.0,1041.0,1157.0,611.0,1100.0,764.0,443.0,550.0,33.0,835.0,1093.0,867.0,404.0
1236.0,1030.0,800.0,1465.0,645.0,1321.0,419.0,288.0,272.0,1657.0,787.0,717.0,1613.0,548.0,986.0,1158.0,955.0,106.0,1019.0,1392.0,608.0,247.0,838.0,1680.0,1665.0
1127.0,997.0,1005.0,278.0,1143.0,275.0,1651.0,1518.0,881.0,198.0,330.0,1117.0,596.0,108.0,793.0,1382.0,1517.0,1023.0,421.0,1518.0,361.0,73.0,416.0,427.0,202.0
117.0,704.0,289.0,1667.0,934.0,1591.0,309.0,381.0,366.0,1414.0,40.0,1092.0,553.0,557.0,1144.0,915.0,563.0,1279.0,1576.0,1615.0,1456.0,1581.0,1390.0,1061.0,434.0
1676.0,1559.0,797.0,163.0,456.0,1183.0,1334.0,626.0,1404.0,1291.0,1013.0,1051.0,430.0,358.0,1139.0,1046.0,582.0,430.0,1424.0,83.0,766.0,236.0,1589.0,977.0,329.0
1382.0,1070.0,1742.0,307.0,586.0,110.0,1723.0,1181.0,868.0,1514.0,209.0,1466.0,409.0,890.0,1055.0,1279.0,197.0,1340.0,447.0,481.0,200.0,66.0,997.0,1092.0,1432.0
864.0,1626.0,504.0,500.0,1401.0,155.0,429.0,1641.0,1180.0,1497.0,978.0,1439.0,761.0,1191.0,404.0,1709.0,1473.0,1638.0,519.0,464.0,455.0,1012.0,523.0,483.0,1186.0
1419.0,1317.0,1087.0,406.0,510.0,1257.0,601.0,266.0,115.0,467.0,761.0,676.0,1462.0,1188.0,1632.0,878.0,1608.0,1608.0,96.0,882.0,567.0,1487.0,1179.0,1001.0,1488.0
561.0,1555.0,100.0,595.0,1114.0,1645.0,597.0,1462.0,1261.0,1359.0,1499.0,964.0,456.0,1061.0,1113.0,825.0,1087.0,1237.0,776.0,282.0,402.0,1030.0,1201.0,1385.0,420.0
361.0,635.0,1736.0,773.0,1641.0,1417.0,1084.0,656.0,1118.0,1062.0,693.0,178.0,1524.0,1670.0,977.0,1317.0,369.0,1128.0,16.0,675.0,658.0,1196.0,1009.0,801.0,16.0
981.0,750.0,876.0,805.0,1156.0,1178.0,636.0,1215.0,941.0,1007.0,789.0,167.0,978.0,1421.0,762.0,172.0,71.0,109.0,1223.0,948.0,278.0,307.0,730.0,307.0,1678.0
338.0,54.0,1259.0,932.0,124.0,1286.0,1115.0,655.0,30.0,1695.0,982.0,686.0,468.0,1200.0,1289.0,777.0,362.0,314.0,395.0,890.0,392.0,793.0,1725.0,315.0,607.0
339.0,245.0,1610.0,1585.0,410.0,979.0,1632.0,173.0,1072.0,1012.0,427.0,1489.0,1026.0,13.0,576.0,1227.0,1262.0,780.0,373.0,573.0,965.0,286.0,1146.0,818.0,159.0
586.0,1624.0,311.0,1609.0,1513.0,571.0,1555.0,1682.0,399.0,1048.0,568.0,889.0,838.0,353.0,495.0,1361.0,1433.0,1545.0,1384.0,869.0,105.0,834.0,1512.0,1140.0,422.0
1231.0,1463.0,1113.0,394.0,1044.0,899.0,1439.0,1262.0,958.0,196.0,270.0,447.0,181.0,1097.0,1542.0,1586.0,404.0,138.0,1191.0,1457.0,1001.0,1041.0,1471.0,1180.0,377.0
734.0,1102.0,1072.0,112.0,1657.0,663.0,1020.0,1733.0,337.0,1078.0,1165.0,567.0,1381.0,1103.0,823.0,27.0,1611.0,1575.0,1723.0,1736.0,1461.0,1624.0,1661.0,371.0,818.0
1583.0,664.0,209.0,1189.0,250.0,1669.0,834.0,170.0,1517.0,308.0,262.0,71.0,969.0,1533.0,342.0,1219.0,238.0,1092.0,113.0,1346.0,1398.0,729.0,187.0,293.0,525.0
384.0,1230.0,1606.0,1048.0,679.0,148.0,110.0,1147.0,1307.0,903.0,393.0,135.0,1107.0,29.0,1026.0,1378.0,1500.0,1356.0,934.0,565.0,1284.0,172.0,841.0,1394.0,1383.0
1160.0,847.0,1422.0,526.0,1658.0,348.0,1040.0,1326.0,283.0,770.0,33.0,1312.0,67.0,1081.0,94.0,647.0,577.0,726.0,342.0,1052.0,143.0,950.0,415.0,9.0,1557.0
1036.0,176.0,1520.0,850.0,748.0,1594.0,654.0,1420.0,31.0,1621.0,518.0,1565.0,1067.0,231.0,540.0,922.0,146.0,416.0,1338.0,1374.0,1477.0,283.0,986.0,363.0,1448.0
708.0,955.0,455.0,179.0,1586.0,1373.0,1075.0,142.0,1585.0,1398.0,1344.0,307.0,511.0,1721.0,814.0,501.0,910.0,325.0,736.0,26.0,1375.0,1681.0,1559.0,825.0,1246.0
13.0,1532.0,0.0,786.0,1591.0,1270.0,283.0,600.0,550.0,553.0,1131.0,1495.0,1600.0,795.0,365.0,1591.0,329.0,1501.0,132.0,1730.0,845.0,1055.0,1437.0,1465.0,107.0
6.0,1434.0,446.0,1660.0,496.0,343.0,873.0,145.0,259.0,414.0,791.0,388.0,750.0,774.0,1134.0,730.0,1395.0,132.0,423.0,715.0,8.0,1467.0,854.0,1512.0,364.0
264.0,184.0,1239.0,318.0,957.0,1481.0,1289.0,550.0,255.0,1685.0,1478.0,1422.0,218.0,1393.0,1236.0,54.0,985.0,1707.0,542.0,139.0,210.0,560.0,1546.0,351.0,1445.0
887.0,1326.0,464.0,887.0,903.0,617.0,945.0,122.0,442.0,418.0,1335.0,1289.0,358.0,434.0,972.0,1085.0,879.0,209.0,620.0,375.0,1674.0,1004.0,155.0,1403.0,968.0
1126.0,1671.0,95.0,275.0,1686.0,1656.0,736.0,73.0,1594.0,887.0,1083.0,777.0,785.0,9.0,630.0,1389.0,444.0,1043.0,1636.0,283.0,494.0,441.0,498.0,344.0,270.0
33.0,357.0,748.0,1612.0,2.0,249.0,336.0,1547.0,1650.0,535.0,182.0,1253.0,1292.0,1461.0,1311.0,577.0,70.0,1.0,979.0,428.0,352.0,489.0,1440.0,259.0,1240.0
1227.0,190.0,106.0,1543.0,1707.0,261.0,313.0,420.0,742.0,488.0,1674.0,481.0,1224.0,84.0,1333.0,1626.0,1103.0,739.0,1221.0,920.0,1722.0,40.0,256.0,1083.0,810.0
1421.0,1641.0,1590.0,244.0,341.0,1607.0,1323.0,278.0,1269.0,1153.0,348.0,1505.0,35.0,1196.0,1496.0,191.0,1490.0,770.0,549.0,1022.0,224.0,1039.0,1071.0,1312.0,580.0
1123.0,694.0,551.0,1020.0,409.0,1494.0,1143.0,1267.0,268.0,1172.0,1605.0,389.0,244.0,715.0,765.0,748.0,1331.0,644.0,1079.0,1106.0,1290.0,568.0,1070.0,1193.0,1040.0
1575.0,606.0,1055.0,903.0,940.0,797.0,959.0,1343.0,621.0,705.0,221.0,180.0,311.0,1085.0,160.0,605.0,1662.0,1076.0,377.0,1437.0,797.0,1660.0,1693.0,714.0,1362.0
234.0,1739.0,291.0,912.0,1194.0,559.0,1151.0,369.0,1277.0,1124.0,694.0,245.0,1467.0,832.0,332.0,955.0,1028.0,110.0,552.0,336.0,225.0,1577.0,169.0,716.0,14.0
445.0,725.0,1476.0,456.0,558.0,1724.0,51.0,147.0,446.0,1173.0,747.0,940.0,1040.0,1245.0,703.0,1553.0,1708.0,1354.0,1531.0,1638.0,1136.0,1420.0,934.0,1470.0,460.0
188.0,898.0,507.0,1015.0,444.0,40.0,112.0,56.0,1588.0,580.0,669.0,1491.0,1033.0,1676.0,1461.0,322.0,34.0,1176.0,69.0,326.0,1052.0,1036.0,487.0,1522.0,601.0
353.0,1314.0,306.0,969.0,1069.0,432.0,969.0,1595.0,1311.0,193.0,871.0,1590.0,550.0,1474.0,1635.0,1735.0,235.0,548.0,1645.0,530.0,987.0,365.0,890.0,577.0,1334.0
1228.0,1180.0,855.0,713.0,32.0,754.0,440.0,1217.0,247.0,1739.0,894.0,1724.0,1146.0,291.0,1115.0,19.0,1441.0,413.0,877.0,804.0,1365.0,1486.0,833.0,578.0,390.0
1039.0,234.0,1262.0,508.0,1266.0,1544.0,62.0,1657.0,1571.0,1671.0,1613.0,770.0,1172.0,1033.0,36.0,65.0,1618.0,867.0,943.0,441.0,640.0,1729.0,801.0,742.0,548.0
1679.0,452.0,743.0,516.0,63.0,308.0,463.0,55.0,53.0,599.0,167.0,1454.0,722.0,1138.0,490.0,561.0,1215.0,1167.0,786.0,1273.0,1577.0,264.0,1627.0,288.0,776.0
1402.0,853.0,1543.0,1454.0,1236.0,1531.0,230.0,150.0,814.0,713.0,367.0,1673.0,1194.0,184.0,597.0,702.0,1499.0,1219.0,977.0,115.0,15.0,671.0,427.0,456.0,1198.0
1279.0,1563.0,1661.0,1423.0,1446.0,943.0,1420.0,1261.0,1188.0,658.0,1461.0,350.0,442.0,192.0,1689.0,1197.0,1318.0,1132.0,576.0,1746.0,293.0,1405.0,585.0,251.0,1107.0
1252.0,949.0,1451.0,822.0,1442.0,1705.0,70.0,1090.0,533.0,1544.0,106.0,883.0,274.0,663.0,1255.0,1169.0,728.0,1034.0,1684.0,397.0,1018.0,1289.0,384.0,248.0,284.0
1143.0,1394.0,137.0,375.0,186.0,1433.0,246.0,402.0,424.0,1575.0,1054.0,20.0,370.0,1012.0,26.0,728.0,612.0,208.0,314.0,694.0,1309.0,343.0,673.0,503.0,23.0
932.0,1561.0,734.0,867.0,741.0,82.0,453.0,192.0,1320.0,1068.0,1062.0,650.0,236.0,617.0,258.0,1525.0,352.0,1133.0,333.0,1236.0,1000.0,1715.0,260.0,777.0,471.0
1015.0,408.0,1003.0,1254.0,332.0,272.0,1198.0,314.0,362.0,1648.0,250.0,961.0,1504.0,649.0,1267.0,1598.0,521.0,540.0,560.0,257.0,770.0,1095.0,238.0,784.0,1122.0
1412.0,1552.0,735.0,791.0,1051.0,954.0,593.0,1504.0,1703.0,1192.0,598.0,423.0,1558.0,365.0,966.0,488.0,1485.0,732.0,206.0,727.0,1118.0,873.0,1041.0,1079.0,1725.0
936.0,1271.0,1568.0,1522.0,351.0,1232.0,277.0,543.0,987.0,358.0,113.0,368.0,77.0,1630.0,99.0,1235.0,1531.0,879.0,412.0,544.0,753.0,666.0,31.0,1148.0,1427.0
475.0,952.0,202.0,1274.0,1149.0,1397.0,368.0,1433.0,1335.0,1383.0,362.0,1442.0,1090.0,1469.0,1247.0,1538.0,1532.0,516.0,83.0,1031.0,69.0,116.0,761.0,300.0,551.0
1009.0,887.0,1146.0,1708.0,577.0,1394.0,295.0,1377.0,1624.0,113.0,1217.0,978.0,115.0,785.0,343.0,357.0,285.0,791.0,881.0,1068.0,459.0,1677.0,191.0,306.0,156.0
341.0,318.0,1177.0,464.0,1676.0,1343.0,527.0,1628.0,981.0,213.0,37.0,36.0,126.0,118.0,1745.0,958.0,387.0,418.0,255.0,1098.0,1008.0,523.0,1174.0,1217.0,1408.0
950.0,1453.0,912.0,1555.0,1617.0,310.0,1494.0,1096.0,1077.0,1138.0,454.0,182.0,7.0,1025.0,33.0,595.0,636.0,617.0,438.0,1731.0,552.0,590.0,356.0,414.0,518.0
254.0,433.0,653.0,1260.0,902.0,827.0,1416.0,1104.0,436.0,160.0,633.0,925.0,965.0,475.0,1629.0,1136.0,541.0,1016.0,1735.0,1415.0,92.0,1443.0,1463.0,805.0,98.0
801.0,298.0,1399.0,824.0,777.0,1488.0,1497.0,690.0,181.0,63.0,1245.0,507.0,1447.0,1376.0,859.0,70.0,871.0,1002.0,1587.0,950.0,1480.0,1411.0,1218.0,473.0,192.0
632.0,1015.0,1347.0,1143.0,905.0,1584.0,1663.0,27.0,622.0,1549.0,401.0,999.0,764.0,554.0,1457.0,1217.0,847.0,35.0,1257.0,720.0,1297.0,1632.0,184.0,702.0,1533.0
740.0,91.0,998.0,1046.0,315.0,568.0,1357.0,1398.0,1285.0,507.0,256.0,1207.0,51.0,967.0,622.0,772.0,1299.0,1440.0,566.0,1519.0,1327.0,181.0,25.0,953.0,407.0
956.0,552.0,753.0,1053.0,1585.0,1697.0,1658.0,726.0,1113.0,991.0,1404.0,43.0,609.0,1164.0,144.0,339.0,789.0,1524.0,1486.0,1377.0,1622.0,960.0,1049.0,78.0,1222.0
1269.0,457.0,709.0,695.0,880.0,450.0,1194.0,609.0,381.0,1461.0,1431.0,428.0,79.0,1603.0,1660.0,482.0,1638.0,594.0,1744.0,424.0,873.0,531.0,1736.0,543.0,1165.0
1372.0,1668.0,308.0,1699.0,509.0,582.0,157.0,1316.0,520.0,448.0,1316.0,1575.0,740.0,16.0,1643.0,707.0,916.0,174.0,1070.0,1002.0,171.0,654.0,199.0,1136.0,1276.0
1117.0,378.0,1187.0,1200.0,1298.0,347.0,814.0,1447.0,984.0,1307.0,1308.0,1702.0,1488.0,872.0,1675.0,528.0,1231.0,1589.0,826.0,1107.0,1735.0,1061.0,1386.0,319.0,1305.0
508.0,1386.0,517.0,1.0,1364.0,1602.0,1418.0,1525.0,944.0,248.0,102.0,198.0,73.0,442.0,510.0,197.0,945.0,1178.0,1710.0,1560.0,1746.0,1557.0,19.0,788.0,1207.0
1201.0,445.0,1500.0,1171.0,445.0,1420.0,730.0,298.0,1327.0,1732.0,1222.0,1593.0,254.0,495.0,1593.0,540.0,524.0,618.0,1585.0,620.0,1060.0,1312.0,641.0,200.0,489.0
1598.0,1176.0,907.0,1278.0,45.0,756.0,990.0,169.0,204.0,1237.0,956.0,532.0,481.0,790.0,391.0,1400.0,189.0,801.0,817.0,857.0,491.0,816.0,891.0,1711.0,963.0
280.0,1074.0,292.0,950.0,393.0,985.0,15.0,664.0,707.0,387.0,790.0,1106.0,1154.0,360.0,132.0,1108.0,837.0,1099.0,1266.0,306.0,555.0,1137.0,964.0,1251.0,965.0
739.0,1302.0,1266.0,691.0,1645.0,818.0,1145.0,1545.0,721.0,1491.0,1590.0,1260.0,70.0,987.0,618.0,22.0,572.0,1081.0,140.0,1323.0,945.0,803.0,1684.0,424.0,204.0
948.0,1560.0,187.0,1173.0,816.0,1549.0,1278.0,795.0,1355.0,1026.0,1496.0,1248.0,1176.0,1199.0,1207.0,1483.0,1709.0,805.0,768.0,378.0,891.0,1453.0,295.0,76.0,252.0
1693.0,78.0,13.0,1179.0,1189.0,1162.0,8.0,1337.0,114.0,1029.0,192.0,666.0,769.0,690.0,165.0,1460.0,856.0,809.0,1087.0,493.0,419.0,869.0,977.0,461.0,837.0
1028.0,1396.0,441.0,1263.0,1353.0,1526.0,0.0,890.0,1147.0,18.0,1682.0,593.0,828.0,1150.0,549.0,1547.0,1467.0,50.0,327.0,817.0,1508.0,1519.0,1520.0,1570.0,1006.0
11.0,1497.0,1249.0,182.0,1417.0,868.0,1351.0,1599.0,300.0,712.0,1111.0,202.0,954.0,908.0,550.0,710.0,1279.0,474.0,1077.0,952.0,1544.0,949.0,908.0,1635.0,176.0
436.0,354.0,1579.0,1662.0,515.0,1650.0,178.0,1245.0,922.0,1530.0,644.0,735.0,194.0,816.0,1296.0,758.0,390.0,561.0,1034.0,69.0,158.0,955.0,1142.0,1558.0,1379.0
510.0,1581.0,787.0,176.0,49.0,1390.0,693.0,321.0,336.0,670.0,1740.0,194.0,338.0,542.0,441.0,71.0,1742.0,465.0,64.0,799.0,900.0,1011.0,1283.0,698.0,563.0
1685.0,956.0,195.0,929.0,1642.0,67.0,298.0,1494.0,1518.0,1252.0,162.0,490.0,1234.0,1546.0,1379.0,390.0,1003.0,1348.0,965.0,1313.0,353.0,646.0,318.0,1423.0,852.0
598.0,1666.0,1322.0,1634.0,394.0,1660.0,1476.0,247.0,1326.0,372.0,1030.0,1243.0,1393.0,565.0,975.0,1285.0,1321.0,623.0,404.0,1058.0,437.0,1587.0,1302.0,1693.0,635.0
590.0,1710.0,264.0,1587.0,381.0,446.0,872.0,1685.0,1688.0,188.0,1494.0,1506.0,506.0,241.0,537.0,1630.0,1739.0,434.0,95.0,1220.0,110.0,1736.0,533.0,928.0,298.0
1378.0,1664.0,860.0,428.0,804.0,516.0,966.0,1440.0,57.0,1176.0,1513.0,84.0,1175.0,1524.0,480.0,519.0,1018.0,1344.0,1230.0,1209.0,1620.0,860.0,1429.0,1471.0,1701.0
1138.0,90.0,1012.0,413.0,271.0,533.0,291.0,1397.0,1684.0,1159.0,1654.0,830.0,1731.0,862.0,665.0,83.0,569.0,1046.0,927.0,800.0,1101.0,1560.0,1395.0,374.0,112.0
251.0,193.0,1539.0,12.0,806.0,254.0,802.0,235.0,320.0,617.0,199.0,844.0,1484.0,1307.0,434.0,1078.0,290.0,950.0,862.0,256.0,1623.0,827.0,14.0,736.0,1659.0
905.0,38.0,981.0,186.0,1629.0,1315.0,1673.0,156.0,519.0,1600.0,1443.0,1190.0,1200.0,405.0,,810.0,1048.0,315.0,1176.0,150.0,914.0,313.0,1352.0,1719.0,1210.0
1645.0,553.0,79.0,1014.0,813.0,267.0,427.0,1118.0,177.0,135.0,1057.0,1413.0,789.0,882.0,,858.0,920.0,585.0,27.0,847.0,576.0,123.0,68.0,247.0,531.0
231.0,1263.0,12.0,727.0,1263.0,600.0,525.0,974.0,777.0,397.0,30.0,1231.0,1129.0,1064.0,,1467.0,54.0,1041.0,964.0,71.0,477.0,106.0,1678.0,400.0,1395.0
966.0,142.0,237.0,1485.0,705.0,561.0,1645.0,138.0,832.0,934.0,1271.0,258.0,1705.0,710.0,,330.0,1159.0,1526.0,811.0,404.0,1330.0,1149.0,112.0,70.0,398.0
499.0,497.0,1327.0,1549.0,512.0,947.0,1509.0,1113.0,753.0,539.0,1284.0,1480.0,1334.0,977.0,,64.0,1137.0,784.0,1644.0,1544.0,262.0,1552.0,1613.0,1377.0,859.0
1506.0,336.0,1493.0,468.0,94.0,646.0,1008.0,648.0,544.0,1735.0,355.0,562.0,1612.0,1070.0,,1449.0,1000.0,1418.0,448.0,726.0,1423.0,520.0,264.0,663.0,1194.0
821.0,836.0,1173.0,1712.0,1182.0,424.0,972.0,462.0,1270.0,1476.0,392.0,888.0,220.0,842.0,,687.0,961.0,43.0,92.0,1208.0,1726.0,506.0,731.0,84.0,588.0
40.0,1738.0,1658.0,628.0,43.0,1586.0,402.0,452.0,539.0,1559.0,1565.0,1165.0,1212.0,1327.0,,1245.0,735.0,930.0,1497.0,1134.0,1694.0,1173.0,1057.0,387.0,729.0
672.0,1412.0,267.0,1472.0,1605.0,728.0,1054.0,766.0,547.0,888.0,1224.0,1056.0,475.0,1543.0,,1579.0,714.0,17.0,638.0,860.0,626.0,354.0,1148.0,313.0,564.0
1371.0,637.0,467.0,857.0,1361.0,793.0,513.0,1240.0,90.0,282.0,713.0,1239.0,675.0,1296.0,,484.0,1298.0,1020.0,1460.0,54.0,255.0,1717.0,1379.0,774.0,1017.0
1597.0,1098.0,1353.0,1315.0,278.0,1524.0,1635.0,430.0,405.0,1215.0,1501.0,455.0,497.0,820.0,,128.0,975.0,688.0,1404.0,1019.0,1609.0,319.0,338.0,766.0,1352.0
1530.0,594.0,152.0,370.0,263.0,1258.0,1629.0,1559.0,1487.0,1013.0,1723.0,761.0,1066.0,12.0,,259.0,1296.0,766.0,1272.0,1032.0,1535.0,149.0,53.0,1033.0,1465.0
1256.0,495.0,1031.0,1281.0,1706.0,1103.0,1472.0,706.0,1056.0,1622.0,298.0,436.0,723.0,998.0,,270.0,1353.0,565.0,757.0,579.0,836.0,630.0,1287.0,154.0,206.0
1407.0,386.0,943.0,481.0,1405.0,832.0,428.0,1356.0,298.0,8.0,462.0,644.0,1373.0,860.0,,1234.0,632.0,265.0,1164.0,1063.0,227.0,884.0,322.0,790.0,75.0
480.0,164.0,931.0,1142.0,431.0,1646.0,352.0,535.0,637.0,296.0,141.0,458.0,1721.0,898.0,,67.0,1160.0,632.0,137.0,1670.0,1665.0,761.0,983.0,1186.0,106.0
1632.0,1550.0,1093.0,305.0,637.0,1274.0,492.0,1409.0,1687.0,1254.0,919.0,1617.0,136.0,857.0,,565.0,1192.0,905.0,1046.0,67.0,288.0,1733.0,1586.0,430.0,1271.0
982.0,97.0,94.0,1151.0,47.0,444.0,495.0,1381.0,358.0,901.0,491.0,975.0,1004.0,413.0,,1051.0,113.0,148.0,844.0,531.0,449.0,1471.0,451.0,30.0,1035.0
1612.0,220.0,397.0,918.0,1083.0,1189.0,723.0,1389.0,307.0,819.0,698.0,220.0,1695.0,707.0,,1001.0,178.0,569.0,1134.0,1423.0,641.0,807.0,606.0,976.0,443.0
856.0,546.0,369.0,1196.0,770.0,177.0,799.0,1123.0,1697.0,860.0,1140.0,1344.0,1279.0,1237.0,,299.0,1498.0,112.0,525.0,601.0,108.0,675.0,1694.0,1578.0,836.0
26.0,618.0,1089.0,1601.0,1627.0,199.0,604.0,1679.0,846.0,443.0,101.0,313.0,9.0,491.0,,207.0,130.0,1252.0,579.0,621.0,258.0,1135.0,1077.0,280.0,614.0
,580.0,638.0,1268.0,308.0,1543.0,541.0,1549.0,945.0,1427.0,819.0,946.0,909.0,721.0,,639.0,205.0,886.0,275.0,708.0,417.0,927.0,1556.0,779.0,731.0
,593.0,574.0,1581.0,57.0,1563.0,761.0,1129.0,852.0,329.0,659.0,836.0,1331.0,398.0,,439.0,13.0,153.0,608.0,1532.0,539.0,193.0,685.0,1479.0,1189.0
,1240.0,568.0,984.0,670.0,21.0,1392.0,1445.0,1206.0,506.0,1512.0,319.0,590.0,1056.0,,1243.0,1.0,312.0,41.0,593.0,1683.0,72.0,684.0,1410.0,1614.0
,548.0,1171.0,123.0,1715.0,604.0,911.0,820.0,1200.0,909.0,591.0,1685.0,1213.0,441.0,,1508.0,1144.0,1212.0,1364.0,60.0,698.0,1114.0,1275.0,857.0,934.0
,1149.0,1312.0,1259.0,1726.0,1248.0,616.0,540.0,478.0,965.0,420.0,204.0,620.0,303.0,,370.0,1487.0,1668.0,710.0,967.0,403.0,943.0,1007.0,1022.0,1024.0
,1009.0,1068.0,1639.0,1057.0,1383.0,276.0,697.0,1079.0,696.0,1091.0,1002.0,903.0,1028.0,,1333.0,827.0,530.0,543.0,405.0,155.0,1742.0,79.0,1407.0,1156.0
,155.0,1442.0,947.0,380.0,251.0,1669.0,1208.0,1470.0,796.0,968.0,589.0,927.0,1683.0,,1143.0,1170.0,134.0,1308.0,1274.0,318.0,1424.0,755.0,437.0,991.0
,238.0,1296.0,692.0,1264.0,298.0,225.0,1404.0,19.0,1088.0,344.0,153.0,496.0,613.0,,161.0,744.0,320.0,702.0,988.0,930.0,541.0,1383.0,0.0,1650.0
,941.0,1197.0,612.0,1631.0,325.0,895.0,1568.0,1681.0,1628.0,189.0,1713.0,22.0,1332.0,,734.0,555.0,1447.0,1463.0,1395.0,1051.0,1391.0,161.0,1201.0,175.0
,1224.0,1354.0,75.0,139.0,706.0,58.0,1134.0,1144.0,254.0,1593.0,898.0,1581.0,1039.0,,799.0,1061.0,525.0,742.0,431.0,1158.0,1547.0,716.0,389.0,1350.0
,1504.0,1711.0,717.0,1252.0,45.0,1118.0,1622.0,220.0,1216.0,1043.0,1061.0,1319.0,684.0,,705.0,866.0,1158.0,915.0,146.0,133.0,362.0,51.0,829.0,1112.0
,158.0,1704.0,1261.0,860.0,54.0,270.0,1613.0,1408.0,938.0,1656.0,1361.0,299.0,1139.0,,609.0,947.0,964.0,790.0,130.0,798.0,581.0,749.0,513.0,121.0
,1322.0,1348.0,1542.0,1433.0,1308.0,612.0,168.0,343.0,1696.0,657.0,1481.0,986.0,335.0,,1082.0,1037.0,613.0,1611.0,1390.0,801.0,471.0,151.0,1585.0,619.0
,94.0,176.0,747.0,520.0,998.0,1573.0,32.0,1041.0,19.0,875.0,662.0,1311.0,1388.0,,1081.0,230.0,778.0,950.0,1554.0,858.0,390.0,361.0,338.0,891.0
,1315.0,949.0,1395.0,209.0,1615.0,222.0,1642.0,1730.0,335.0,1400.0,27.0,82.0,1034.0,,524.0,1410.0,114.0,265.0,746.0,1709.0,133.0,634.0,1400.0,1622.0
,406.0,447.0,1091.0,689.0,1701.0,1223.0,1650.0,708.0,1.0,1397.0,605.0,1640.0,969.0,,1425.0,299.0,131.0,363.0,1150.0,601.0,51.0,460.0,617.0,387.0
,1095.0,364.0,160.0,1456.0,666.0,699.0,1089.0,299.0,339.0,743.0,1099.0,841.0,1614.0,,1385.0,1216.0,1187.0,502.0,895.0,931.0,899.0,1600.0,132.0,1736.0
,1053.0,1191.0,1676.0,915.0,1128.0,702.0,1280.0,726.0,119.0,1721.0,1620.0,1073.0,1722.0,,1478.0,587.0,1160.0,1583.0,449.0,550.0,1474.0,82.0,1458.0,1663.0
,8.0,1361.0,980.0,110.0,1453.0,480.0,800.0,776.0,77.0,842.0,1605.0,1070.0,1387.0,,1225.0,1175.0,1426.0,987.0,853.0,1293.0,1564.0,713.0,350.0,1527.0
,1389.0,1657.0,1457.0,199.0,522.0,921.0,183.0,748.0,1463.0,1330.0,362.0,528.0,1538.0,,401.0,1187.0,499.0,364.0,832.0,277.0,165.0,224.0,923.0,503.0
,334.0,934.0,602.0,1701.0,264.0,,406.0,270.0,187.0,121.0,724.0,642.0,648.0,,1596.0,1570.0,681.0,1095.0,942.0,1287.0,759.0,355.0,108.0,1400.0
,1424.0,808.0,1719.0,720.0,821.0,,95.0,1732.0,1309.0,1172.0,452.0,974.0,422.0,,1156.0,1672.0,1360.0,1739.0,1169.0,1150.0,1719.0,573.0,379.0,690.0
,1025.0,1679.0,592.0,961.0,698.0,,213.0,1406.0,1162.0,645.0,1146.0,1678.0,662.0,,1190.0,616.0,1527.0,1004.0,1001.0,442.0,868.0,49.0,1246.0,732.0
,1291.0,1116.0,148.0,6.0,484.0,,1482.0,308.0,278.0,1358.0,1580.0,1062.0,1364.0,,306.0,195.0,966.0,1334.0,1270.0,334.0,1285.0,1542.0,943.0,232.0
,425.0,1248.0,1716.0,219.0,807.0,,546.0,1071.0,1707.0,79.0,795.0,1582.0,532.0,,1308.0,603.0,658.0,1219.0,430.0,1597.0,910.0,1188.0,570.0,1335.0
,1512.0,821.0,1598.0,956.0,470.0,,758.0,970.0,1635.0,492.0,207.0,1163.0,661.0,,823.0,1239.0,514.0,664.0,307.0,1647.0,1283.0,402.0,548.0,838.0
,589.0,900.0,587.0,1569.0,1278.0,,1391.0,913.0,581.0,271.0,1337.0,854.0,95.0,,10.0,1734.0,507.0,31.0,1076.0,383.0,1265.0,1553.0,510.0,948.0
,1538.0,1714.0,477.0,896.0,863.0,,831.0,1148.0,384.0,1243.0,945.0,38.0,1365.0,,443.0,1654.0,178.0,601.0,1285.0,1007.0,904.0,1514.0,922.0,1119.0
,783.0,704.0,1197.0,840.0,730.0,,765.0,1275.0,1591.0,157.0,970.0,1421.0,1736.0,,1309.0,288.0,1299.0,67.0,103.0,473.0,333.0,1164.0,1101.0,1581.0
,1150.0,865.0,1328.0,541.0,1272.0,,673.0,376.0,882.0,370.0,722.0,293.0,508.0,,258.0,886.0,647.0,1534.0,16.0,1437.0,589.0,1329.0,436.0,679.0
,1541.0,1286.0,766.0,649.0,75.0,,853.0,543.0,1251.0,95.0,1664.0,637.0,741.0,,1076.0,1377.0,850.0,874.0,1542.0,87.0,1058.0,811.0,816.0,81.0
,1594.0,529.0,762.0,1161.0,874.0,,1117.0,261.0,815.0,1302.0,820.0,1229.0,1031.0,,352.0,446.0,730.0,1081.0,960.0,162.0,140.0,933.0,1275.0,1326.0
,869.0,1025.0,1584.0,469.0,1122.0,,1512.0,195.0,1409.0,184.0,785.0,611.0,1294.0,,312.0,251.0,339.0,516.0,1525.0,863.0,179.0,554.0,1457.0,1081.0
,274.0,940.0,1003.0,825.0,913.0,,137.0,711.0,289.0,1001.0,528.0,1209.0,1480.0,,706.0,156.0,1079.0,875.0,549.0,819.0,1325.0,1004.0,1104.0,294.0
,317.0,116.0,836.0,1480.0,551.0,,861.0,943.0,214.0,432.0,494.0,883.0,637.0,,1613.0,1687.0,1546.0,1054.0,321.0,1265.0,1449.0,914.0,547.0,1007.0
,597.0,642.0,1169.0,226.0,817.0,,18.0,841.0,1424.0,911.0,1574.0,1650.0,714.0,,192.0,1129.0,901.0,296.0,182.0,35.0,1688.0,1273.0,1291.0,1359.0
,1655.0,1581.0,1298.0,654.0,430.0,,1373.0,781.0,1539.0,673.0,83.0,1662.0,1080.0,,909.0,92.0,1600.0,202.0,1347.0,1131.0,396.0,1373.0,584.0,640.0
,678.0,571.0,1357.0,572.0,316.0,,652.0,278.0,176.0,12.0,1057.0,1085.0,755.0,,1396.0,805.0,1117.0,701.0,1137.0,45.0,765.0,263.0,1497.0,611.0
,612.0,1349.0,440.0,1308.0,188.0,,806.0,525.0,300.0,13.0,465.0,977.0,17.0,,1298.0,846.0,19.0,666.0,276.0,708.0,509.0,663.0,1683.0,139.0
,355.0,139.0,782.0,462.0,284.0,,1617.0,756.0,1018.0,1016.0,247.0,786.0,56.0,,377.0,414.0,970.0,1131.0,394.0,378.0,1048.0,1081.0,1476.0,1745.0
,1663.0,415.0,1737.0,1728.0,129.0,,1294.0,180.0,1741.0,1232.0,1536.0,1617.0,521.0,,283.0,435.0,1535.0,699.0,1013.0,1098.0,357.0,1533.0,533.0,1538.0
,475.0,947.0,1425.0,289.0,1009.0,,221.0,508.0,1662.0,1015.0,1273.0,1392.0,667.0,,746.0,1547.0,1730.0,1275.0,65.0,1303.0,1000.0,331.0,495.0,1613.0
,1547.0,806.0,818.0,1483.0,1137.0,,1459.0,485.0,1443.0,545.0,1353.0,298.0,936.0,,1163.0,1040.0,1285.0,1349.0,328.0,1376.0,746.0,1431.0,906.0,597.0
,541.0,815.0,851.0,179.0,1510.0,,865.0,912.0,667.0,1020.0,349.0,1226.0,1531.0,,786.0,83.0,1288.0,1289.0,124.0,1541.0,1117.0,1739.0,1489.0,179.0
,1272.0,812.0,1113.0,1153.0,1456.0,,13.0,1658.0,1637.0,1703.0,1513.0,461.0,126.0,,1717.0,1139.0,1378.0,143.0,807.0,705.0,1339.0,1309.0,1574.0,911.0
,1254.0,1519.0,1436.0,696.0,329.0,,1430.0,191.0,1620.0,1488.0,806.0,1018.0,869.0,,966.0,1135.0,913.0,831.0,1506.0,1529.0,1256.0,166.0,1537.0,406.0
,1037.0,1617.0,331.0,1666.0,1500.0,,1506.0,990.0,1301.0,621.0,1498.0,1481.0,1315.0,,56.0,1091.0,1122.0,667.0,1744.0,161.0,1576.0,1528.0,1490.0,668.0
,954.0,1319.0,449.0,86.0,780.0,,1.0,74.0,1266.0,905.0,333.0,541.0,143.0,,507.0,1161.0,1124.0,1107.0,588.0,613.0,55.0,128.0,1472.0,929.0
,928.0,767.0,1627.0,701.0,301.0,,1048.0,822.0,592.0,757.0,420.0,817.0,1043.0,,1470.0,1035.0,895.0,1570.0,247.0,121.0,497.0,961.0,459.0,754.0
,95.0,169.0,681.0,1251.0,1212.0,,941.0,162.0,1609.0,67.0,379.0,998.0,991.0,,171.0,1029.0,1289.0,695.0,1039.0,1572.0,295.0,421.0,297.0,1484.0
,377.0,201.0,870.0,694.0,279.0,,1108.0,1498.0,129.0,458.0,1039.0,988.0,424.0,,301.0,165.0,665.0,406.0,1499.0,85.0,394.0,30.0,1650.0,402.0
,117.0,1143.0,1266.0,980.0,442.0,,1443.0,907.0,120.0,164.0,1376.0,1419.0,1228.0,,115.0,592.0,1710.0,755.0,114.0,1174.0,693.0,1626.0,193.0,715.0
,1334.0,685.0,226.0,151.0,505.0,,28.0,1207.0,446.0,1599.0,709.0,1341.0,1633.0,,791.0,1347.0,1254.0,1284.0,147.0,452.0,77.0,1003.0,781.0,1373.0
,821.0,1214.0,511.0,277.0,133.0,,1107.0,2.0,1460.0,681.0,75.0,1656.0,997.0,,1521.0,351.0,815.0,731.0,935.0,556.0,174.0,1140.0,1121.0,1261.0
,156.0,1103.0,426.0,1225.0,1731.0,,1303.0,657.0,134.0,562.0,839.0,280.0,697.0,,231.0,1731.0,1182.0,1408.0,1559.0,305.0,1025.0,492.0,1621.0,1233.0
,264.0,159.0,882.0,620.0,1344.0,,902.0,284.0,869.0,170.0,1599.0,1499.0,1405.0,,1102.0,1024.0,321.0,309.0,1481.0,1176.0,777.0,1250.0,1056.0,1313.0
,979.0,1049.0,1338.0,1497.0,1508.0,,408.0,276.0,1682.0,1053.0,570.0,1449.0,127.0,,1277.0,1518.0,443.0,771.0,1254.0,679.0,1090.0,436.0,606.0,4.0
,1289.0,243.0,108.0,1366.0,1455.0,,1071.0,1301.0,1276.0,61.0,775.0,404.0,922.0,,371.0,1267.0,125.0,1245.0,623.0,304.0,219.0,1663.0,984.0,26.0
,774.0,248.0,1057.0,998.0,1421.0,,421.0,60.0,1747.0,1468.0,1150.0,592.0,1186.0,,520.0,1713.0,23.0,1725.0,1074.0,607.0,722.0,1150.0,1029.0,879.0
,1186.0,144.0,164.0,34.0,1527.0,,1488.0,600.0,1379.0,76.0,459.0,1490.0,1661.0,,346.0,1625.0,817.0,782.0,1266.0,828.0,1398.0,1069.0,583.0,1654.0
,1194.0,959.0,1718.0,601.0,569.0,,332.0,123.0,895.0,1146.0,25.0,568.0,728.0,,954.0,135.0,985.0,1326.0,594.0,308.0,384.0,74.0,525.0,799.0
,1488.0,499.0,1649.0,1678.0,839.0,,651.0,249.0,1086.0,873.0,1134.0,1608.0,420.0,,116.0,1289.0,590.0,1182.0,983.0,1744.0,806.0,709.0,566.0,1620.0
,550.0,434.0,96.0,1604.0,485.0,,948.0,231.0,496.0,1143.0,989.0,36.0,968.0,,939.0,1448.0,577.0,304.0,230.0,486.0,303.0,1704.0,271.0,76.0
,52.0,457.0,1741.0,800.0,205.0,,1566.0,1121.0,1730.0,313.0,713.0,1567.0,992.0,,983.0,1421.0,1629.0,767.0,1296.0,367.0,1491.0,1622.0,1139.0,1135.0
,1378.0,1660.0,1136.0,279.0,1062.0,,1376.0,917.0,591.0,69.0,240.0,1668.0,1021.0,,227.0,82.0,1487.0,392.0,691.0,1725.0,339.0,95.0,210.0,1713.0
,1375.0,575.0,1291.0,338.0,652.0,,23.0,1401.0,802.0,108.0,1459.0,516.0,1123.0,,1584.0,629.0,1044.0,1329.0,76.0,349.0,1630.0,506.0,838.0,734.0
,1505.0,175.0,265.0,483.0,722.0,,1619.0,1303.0,644.0,1251.0,1634.0,1626.0,682.0,,1712.0,471.0,1678.0,1554.0,921.0,1355.0,1163.0,1408.0,1328.0,1012.0
,1296.0,691.0,19.0,1402.0,556.0,,1693.0,427.0,625.0,857.0,134.0,619.0,1010.0,,1632.0,183.0,1667.0,119.0,776.0,563.0,474.0,686.0,277.0,1397.0
,1217.0,283.0,920.0,1021.0,422.0,,1560.0,324.0,829.0,1389.0,530.0,377.0,1141.0,,1625.0,536.0,1071.0,433.0,1582.0,440.0,1600.0,1549.0,199.0,946.0
,1335.0,162.0,667.0,1664.0,1675.0,,1532.0,1104.0,1720.0,376.0,902.0,835.0,45.0,,1330.0,1181.0,894.0,287.0,1366.0,1707.0,70.0,1246.0,979.0,1513.0
,189.0,117.0,1201.0,760.0,550.0,,291.0,1066.0,1429.0,178.0,841.0,1315.0,1210.0,,1611.0,366.0,811.0,1293.0,1331.0,1117.0,117.0,1082.0,933.0,446.0
,696.0,719.0,1202.0,1692.0,200.0,,741.0,947.0,1120.0,1089.0,92.0,1264.0,1172.0,,445.0,16.0,1633.0,624.0,1572.0,954.0,823.0,829.0,732.0,1067.0
,1443.0,1739.0,1012.0,1365.0,1216.0,,794.0,44.0,1482.0,1033.0,60.0,797.0,1548.0,,88.0,1121.0,611.0,821.0,1256.0,197.0,740.0,1301.0,257.0,1329.0
,1520.0,93.0,580.0,396.0,607.0,,317.0,1222.0,1722.0,760.0,881.0,1135.0,1646.0,,350.0,840.0,11.0,1394.0,560.0,1436.0,2.0,135.0,1144.0,716.0
,505.0,425.0,451.0,1630.0,506.0,,216.0,616.0,1361.0,699.0,1736.0,1318.0,1398.0,,695.0,342.0,1040.0,393.0,1051.0,1006.0,377.0,1073.0,739.0,556.0
,61.0,1250.0,1369.0,690.0,658.0,,1372.0,613.0,821.0,1528.0,1046.0,989.0,868.0,,667.0,1604.0,814.0,662.0,366.0,665.0,1334.0,1691.0,1209.0,693.0
,218.0,514.0,1744.0,753.0,902.0,,182.0,282.0,463.0,728.0,399.0,1061.0,234.0,,378.0,316.0,1403.0,541.0,1207.0,1016.0,597.0,1416.0,515.0,2.0
,484.0,742.0,469.0,1422.0,64.0,,1292.0,1313.0,1235.0,1716.0,126.0,279.0,878.0,,302.0,93.0,661.0,571.0,1224.0,942.0,527.0,975.0,1511.0,1220.0
,1006.0,978.0,733.0,555.0,25.0,,813.0,940.0,1433.0,11.0,1198.0,1166.0,185.0,,752.0,453.0,878.0,1067.0,660.0,436.0,753.0,341.0,212.0,1512.0
,1711.0,560.0,1407.0,1458.0,1600.0,,1283.0,341.0,1313.0,2.0,788.0,440.0,1157.0,,1604.0,808.0,650.0,144.0,453.0,1334.0,840.0,1106.0,1730.0,97.0
,1399.0,716.0,381.0,471.0,925.0,,241.0,223.0,1097.0,1566.0,486.0,666.0,1747.0,,1008.0,1341.0,829.0,1549.0,614.0,776.0,1697.0,1014.0,1273.0,30.0
,540.0,997.0,1702.0,423.0,749.0,,1138.0,545.0,466.0,1261.0,920.0,643.0,937.0,,1668.0,1258.0,249.0,1231.0,630.0,1228.0,574.0,1393.0,96.0,1131.0
,882.0,1002.0,152.0,1091.0,695.0,,772.0,133.0,669.0,1541.0,98.0,1697.0,511.0,,24.0,949.0,1091.0,1179.0,681.0,208.0,818.0,1499.0,973.0,260.0
,906.0,1274.0,1161.0,429.0,1585.0,,102.0,1433.0,385.0,357.0,715.0,240.0,1052.0,,1152.0,1693.0,1385.0,1023.0,395.0,1438.0,229.0,1339.0,1560.0,48.0
,1698.0,1546.0,529.0,1249.0,1612.0,,356.0,400.0,1196.0,261.0,1441.0,579.0,1077.0,,1456.0,1717.0,1200.0,1336.0,692.0,333.0,942.0,1308.0,1559.0,1303.0
,1145.0,689.0,204.0,81.0,238.0,,1023.0,28.0,715.0,597.0,707.0,581.0,817.0,,80.0,884.0,1057.0,860.0,127.0,790.0,1225.0,1326.0,97.0,197.0
,448.0,627.0,23.0,904.0,642.0,,625.0,40.0,604.0,384.0,1218.0,498.0,19.0,,146.0,1507.0,2.0,1601.0,1539.0,184.0,47.0,1079.0,703.0,1280.0
,196.0,720.0,558.0,812.0,355.0,,1202.0,505.0,1659.0,188.0,100.0,1357.0,540.0,,277.0,201.0,401.0,1568.0,1327.0,40.0,979.0,332.0,1298.0,1293.0
,723.0,1357.0,206.0,1046.0,1507.0,,532.0,257.0,1472.0,1704.0,144.0,1433.0,48.0,,250.0,245.0,773.0,872.0,966.0,669.0,1199.0,389.0,797.0,555.0
,1223.0,875.0,1570.0,1736.0,1422.0,,551.0,1230.0,675.0,193.0,685.0,1409.0,798.0,,567.0,1204.0,247.0,345.0,1348.0,984.0,963.0,1115.0,410.0,717.0
,1259.0,945.0,941.0,1574.0,443.0,,390.0,798.0,1505.0,407.0,96.0,652.0,1673.0,,181.0,217.0,657.0,451.0,1530.0,803.0,741.0,434.0,994.0,1469.0
,902.0,1059.0,1030.0,1323.0,77.0,,315.0,666.0,314.0,622.0,1598.0,1669.0,99.0,,21.0,1269.0,1650.0,1309.0,1609.0,799.0,122.0,918.0,555.0,1494.0
,871.0,1518.0,330.0,807.0,1423.0,,1368.0,1625.0,1083.0,366.0,1623.0,141.0,1704.0,,1212.0,1118.0,912.0,1181.0,1585.0,846.0,1691.0,696.0,858.0,985.0
,560.0,445.0,256.0,681.0,675.0,,1149.0,701.0,1349.0,955.0,648.0,94.0,90.0,,735.0,684.0,1104.0,700.0,422.0,393.0,166.0,1591.0,938.0,394.0
,651.0,1323.0,1443.0,1654.0,208.0,,1281.0,29.0,1705.0,418.0,638.0,276.0,1473.0,,1193.0,1463.0,1196.0,1007.0,912.0,854.0,284.0,1447.0,1592.0,1170.0
,116.0,1075.0,402.0,492.0,732.0,,74.0,1140.0,538.0,1115.0,614.0,1453.0,1490.0,,1376.0,76.0,369.0,1250.0,1694.0,1096.0,1266.0,741.0,188.0,214.0
,799.0,244.0,698.0,1244.0,305.0,,1141.0,1702.0,884.0,874.0,483.0,242.0,799.0,,1286.0,309.0,928.0,891.0,415.0,1308.0,933.0,656.0,1679.0,1008.0
,1284.0,665.0,679.0,876.0,198.0,,1527.0,1075.0,346.0,406.0,1281.0,1508.0,1161.0,,1126.0,964.0,123.0,251.0,934.0,1083.0,1360.0,193.0,1620.0,554.0
,79.0,523.0,1219.0,729.0,270.0,,844.0,1214.0,1178.0,784.0,249.0,1230.0,1472.0,,188.0,1150.0,1235.0,1236.0,480.0,94.0,790.0,118.0,649.0,681.0
,1007.0,186.0,1185.0,355.0,1264.0,,1272.0,1058.0,1587.0,448.0,957.0,1455.0,220.0,,1387.0,1112.0,1234.0,686.0,1154.0,488.0,1559.0,408.0,1649.0,1330.0
,991.0,61.0,1252.0,1140.0,1730.0,,386.0,1706.0,1471.0,5.0,1174.0,1574.0,1187.0,,623.0,1701.0,342.0,1110.0,,1663.0,109.0,968.0,1656.0,1041.0
,870.0,1578.0,1356.0,248.0,1391.0,,1478.0,855.0,1719.0,435.0,855.0,332.0,480.0,,1036.0,1115.0,9.0,1651.0,,754.0,1344.0,380.0,1154.0,53.0
,894.0,799.0,811.0,373.0,972.0,,1127.0,1508.0,1119.0,32.0,1584.0,822.0,702.0,,950.0,1587.0,1230.0,1525.0,,1395.0,1460.0,1345.0,520.0,257.0
,569.0,352.0,367.0,169.0,62.0,,714.0,411.0,237.0,1748.0,367.0,678.0,1723.0,,457.0,1109.0,1381.0,685.0,,951.0,1020.0,1726.0,1709.0,265.0
,776.0,57.0,739.0,316.0,613.0,,1707.0,1500.0,1558.0,1329.0,508.0,1102.0,1578.0,,413.0,751.0,952.0,1487.0,,804.0,735.0,38.0,608.0,972.0
,801.0,1697.0,525.0,391.0,598.0,,1050.0,342.0,623.0,549.0,852.0,172.0,660.0,,1.0,1481.0,1466.0,413.0,,1370.0,1493.0,1123.0,855.0,56.0
,990.0,1569.0,1107.0,789.0,676.0,,858.0,1305.0,1744.0,523.0,365.0,1677.0,323.0,,1048.0,1605.0,1068.0,827.0,,62.0,1382.0,885.0,1100.0,926.0
,980.0,1428.0,1372.0,123.0,1468.0,,1538.0,688.0,1596.0,1398.0,913.0,747.0,1429.0,,1221.0,1423.0,1745.0,1427.0,,1732.0,100.0,1399.0,1017.0,1140.0
,1611.0,619.0,753.0,1180.0,1197.0,,607.0,209.0,1543.0,459.0,1494.0,1190.0,1632.0,,1231.0,1584.0,967.0,1496.0,,511.0,774.0,11.0,167.0,919.0
,402.0,772.0,737.0,53.0,1288.0,,677.0,1035.0,1529.0,1724.0,1651.0,1399.0,627.0,,845.0,786.0,92.0,793.0,,358.0,1671.0,1170.0,850.0,1733.0
,1135.0,1153.0,1664.0,728.0,227.0,,595.0,9.0,232.0,1449.0,831.0,1354.0,,,365.0,869.0,1244.0,1211.0,,1267.0,992.0,1312.0,1160.0,501.0
,1539.0,1030.0,1513.0,870.0,96.0,,760.0,470.0,157.0,541.0,1160.0,980.0,,,533.0,952.0,206.0,398.0,,1193.0,925.0,1072.0,767.0,765.0
,417.0,830.0,1097.0,525.0,1529.0,,753.0,1468.0,1411.0,970.0,917.0,408.0,,,387.0,648.0,212.0,658.0,,199.0,1005.0,176.0,1586.0,725.0
,1298.0,1172.0,166.0,245.0,789.0,,667.0,1377.0,169.0,237.0,559.0,282.0,,,1578.0,658.0,1015.0,1029.0,,1413.0,1439.0,348.0,1395.0,1726.0
,1427.0,1685.0,888.0,70.0,1039.0,,5.0,1515.0,654.0,28.0,1512.0,243.0,,,1213.0,1113.0,39.0,318.0,,1693.0,1705.0,1149.0,1141.0,1208.0
,1585.0,409.0,355.0,79.0,1476.0,,1646.0,515.0,220.0,1416.0,1156.0,1424.0,,,85.0,124.0,1632.0,221.0,,141.0,156.0,1053.0,754.0,243.0
,153.0,143.0,977.0,1099.0,1155.0,,631.0,228.0,874.0,993.0,1467.0,783.0,,,1485.0,1205.0,1637.0,416.0,,921.0,679.0,221.0,1637.0,412.0
,76.0,1695.0,7.0,1568.0,1533.0,,734.0,1527.0,73.0,716.0,747.0,694.0,,,1651.0,179.0,146.0,256.0,,213.0,199.0,571.0,1176.0,58.0
,272.0,489.0,1258.0,1392.0,788.0,,1716.0,648.0,439.0,1088.0,802.0,302.0,,,1732.0,817.0,248.0,980.0,,130.0,640.0,1040.0,1508.0,1630.0
,590.0,853.0,1568.0,69.0,43.0,,1286.0,219.0,1672.0,45.0,1352.0,290.0,,,697.0,1235.0,685.0,1322.0,,1585.0,1667.0,284.0,165.0,814.0
,430.0,1512.0,1452.0,1303.0,428.0,,1302.0,1203.0,761.0,133.0,733.0,134.0,,,281.0,1051.0,62.0,460.0,,178.0,316.0,1655.0,488.0,736.0
,1460.0,119.0,1681.0,838.0,259.0,,83.0,1708.0,80.0,1317.0,678.0,33.0,,,771.0,373.0,1024.0,1279.0,,688.0,1322.0,423.0,177.0,379.0
,855.0,388.0,1367.0,370.0,1664.0,,200.0,891.0,971.0,934.0,431.0,545.0,,,1166.0,1735.0,241.0,320.0,,1152.0,428.0,337.0,1168.0,691.0
,268.0,684.0,455.0,1260.0,91.0,,502.0,1191.0,1454.0,310.0,531.0,502.0,,,522.0,1527.0,341.0,1500.0,,1441.0,110.0,843.0,868.0,994.0
,1484.0,1127.0,502.0,1342.0,1190.0,,705.0,288.0,1423.0,1275.0,145.0,1121.0,,,759.0,1614.0,197.0,1180.0,,1055.0,1492.0,1091.0,931.0,488.0
,1169.0,48.0,1083.0,26.0,248.0,,801.0,828.0,1198.0,356.0,583.0,898.0,,,459.0,1730.0,1248.0,1350.0,,421.0,1139.0,1327.0,1714.0,1661.0
,313.0,1281.0,58.0,772.0,98.0,,477.0,116.0,287.0,1098.0,675.0,706.0,,,354.0,385.0,36.0,1559.0,,988.0,1728.0,1378.0,1239.0,287.0
,1.0,426.0,1424.0,805.0,1284.0,,892.0,1682.0,1568.0,1234.0,992.0,331.0,,,991.0,263.0,472.0,145.0,,691.0,852.0,1226.0,272.0,1490.0
,676.0,1335.0,927.0,1302.0,1651.0,,897.0,1308.0,516.0,1156.0,1164.0,1427.0,,,1706.0,1712.0,329.0,925.0,,998.0,1115.0,430.0,1382.0,101.0
,1306.0,1362.0,1384.0,91.0,1412.0,,958.0,391.0,65.0,1285.0,1607.0,570.0,,,1685.0,1582.0,1318.0,1746.0,,1204.0,1169.0,1646.0,618.0,346.0
,333.0,970.0,1240.0,1634.0,1044.0,,911.0,1255.0,1100.0,54.0,1178.0,1418.0,,,1643.0,1575.0,777.0,334.0,,867.0,1247.0,1286.0,1053.0,1436.0
,114.0,598.0,476.0,1451.0,448.0,,647.0,437.0,342.0,516.0,265.0,1517.0,,,1020.0,1650.0,1259.0,441.0,,1203.0,12.0,586.0,91.0,1101.0
,1084.0,1526.0,1665.0,415.0,806.0,,521.0,451.0,1651.0,104.0,1311.0,931.0,,,327.0,742.0,71.0,352.0,,0.0,1145.0,721.0,36.0,205.0
,294.0,1176.0,820.0,397.0,169.0,,1073.0,1233.0,1345.0,1003.0,527.0,766.0,,,1519.0,296.0,1652.0,1139.0,,466.0,1100.0,653.0,1087.0,1363.0
,1029.0,1254.0,543.0,627.0,1320.0,,1078.0,558.0,1686.0,1403.0,58.0,1298.0,,,985.0,1574.0,832.0,797.0,,405.0,726.0,1172.0,279.0,1108.0
,1151.0,1494.0,1253.0,968.0,226.0,,1166.0,332.0,1495.0,1585.0,796.0,583.0,,,671.0,1561.0,234.0,978.0,,1086.0,1743.0,1291.0,542.0,1657.0
,487.0,1121.0,56.0,127.0,688.0,,1289.0,978.0,343.0,763.0,1670.0,1119.0,,,440.0,913.0,909.0,228.0,,1094.0,1665.0,1522.0,1074.0,1292.0
,1426.0,1291.0,554.0,238.0,1707.0,,1629.0,429.0,497.0,47.0,56.0,1665.0,,,1049.0,1143.0,500.0,1465.0,,604.0,61.0,178.0,1604.0,410.0
,840.0,1542.0,688.0,740.0,1502.0,,403.0,909.0,694.0,456.0,137.0,348.0,,,664.0,15.0,1207.0,939.0,,1498.0,89.0,590.0,170.0,821.0
,204.0,203.0,514.0,1481.0,614.0,,172.0,759.0,398.0,91.0,1518.0,1610.0,,,1134.0,1189.0,609.0,104.0,,1339.0,913.0,1441.0,1583.0,696.0
,1536.0,521.0,233.0,1504.0,1430.0,,431.0,363.0,526.0,1467.0,130.0,676.0,,,1406.0,402.0,1508.0,429.0,,977.0,515.0,250.0,1748.0,170.0
,154.0,803.0,1044.0,499.0,1534.0,,700.0,453.0,1371.0,48.0,1572.0,802.0,,,326.0,715.0,1089.0,907.0,,1655.0,273.0,1067.0,1132.0,1083.0
,647.0,779.0,1644.0,1078.0,800.0,,352.0,774.0,1507.0,1240.0,1322.0,834.0,,,198.0,25.0,1391.0,610.0,,1319.0,700.0,379.0,1013.0,1449.0
,713.0,200.0,1217.0,897.0,1398.0,,1052.0,1534.0,917.0,735.0,24.0,223.0,,,1068.0,465.0,621.0,28.0,,834.0,1179.0,327.0,140.0,677.0
,331.0,569.0,1551.0,617.0,1297.0,,1260.0,1520.0,1611.0,711.0,1132.0,110.0,,,480.0,723.0,1396.0,1718.0,,266.0,1284.0,16.0,12.0,581.0
,9.0,1039.0,301.0,901.0,1304.0,,1677.0,723.0,175.0,1066.0,896.0,641.0,,,744.0,992.0,1101.0,518.0,,1312.0,1458.0,867.0,878.0,187.0
,1157.0,1429.0,908.0,562.0,331.0,,898.0,1722.0,394.0,180.0,437.0,1718.0,,,1512.0,1535.0,124.0,78.0,,1422.0,1113.0,357.0,138.0,1284.0
,1187.0,1345.0,1723.0,399.0,86.0,,935.0,840.0,156.0,937.0,711.0,994.0,,,809.0,147.0,783.0,554.0,,13.0,719.0,1102.0,507.0,900.0
,455.0,1232.0,215.0,1719.0,566.0,,416.0,1532.0,247.0,883.0,798.0,1367.0,,,969.0,81.0,435.0,1269.0,,420.0,420.0,449.0,381.0,1297.0
,850.0,1705.0,559.0,1553.0,1711.0,,301.0,1734.0,192.0,1533.0,603.0,1136.0,,,1501.0,703.0,1371.0,65.0,,1078.0,695.0,971.0,265.0,788.0
,1329.0,1133.0,1380.0,1572.0,1348.0,,1594.0,370.0,470.0,744.0,1348.0,227.0,,,,1504.0,1662.0,1333.0,,1140.0,187.0,1111.0,1145.0,706.0
,482.0,271.0,1514.0,1712.0,544.0,,875.0,816.0,315.0,862.0,1367.0,610.0,,,,839.0,956.0,166.0,,479.0,1261.0,1239.0,572.0,1453.0
,1648.0,350.0,985.0,792.0,700.0,,730.0,37.0,1336.0,940.0,797.0,283.0,,,,1307.0,1121.0,1502.0,,964.0,594.0,583.0,66.0,864.0
,1213.0,128.0,1102.0,1549.0,374.0,,889.0,623.0,1154.0,1363.0,1561.0,1702.0,,,,1733.0,1606.0,335.0,,1476.0,537.0,10.0,559.0,455.0
,1558.0,281.0,694.0,1142.0,701.0,,212.0,1089.0,1222.0,853.0,1731.0,1210.0,,,,194.0,1464.0,1631.0,,81.0,997.0,1017.0,1390.0,1747.0
,100.0,519.0,757.0,731.0,93.0,,868.0,108.0,353.0,1214.0,234.0,1583.0,,,,26.0,614.0,261.0,,1430.0,1359.0,1104.0,1240.0,1447.0
,1483.0,1374.0,49.0,1175.0,1093.0,,909.0,735.0,201.0,1598.0,1036.0,1088.0,,,,779.0,692.0,233.0,,864.0,865.0,185.0,347.0,673.0
,1144.0,647.0,5.0,1464.0,190.0,,1020.0,1109.0,1680.0,729.0,538.0,1618.0,,,,382.0,1400.0,492.0,,375.0,1450.0,974.0,530.0,1143.0
,661.0,889.0,340.0,253.0,1024.0,,1188.0,802.0,1703.0,677.0,8.0,1352.0,,,,1111.0,648.0,1452.0,,703.0,948.0,878.0,311.0,216.0
,1432.0,332.0,1019.0,1282.0,423.0,,1171.0,452.0,350.0,467.0,286.0,558.0,,,,998.0,1275.0,1484.0,,503.0,1252.0,630.0,413.0,1102.0
,1507.0,1136.0,657.0,424.0,855.0,,1150.0,507.0,1277.0,15.0,1157.0,323.0,,,,771.0,528.0,1591.0,,348.0,1694.0,1268.0,1371.0,742.0
,152.0,1471.0,540.0,1487.0,1384.0,,419.0,311.0,485.0,1045.0,1625.0,1035.0,,,,824.0,868.0,493.0,,528.0,969.0,22.0,1106.0,1428.0
,789.0,88.0,1704.0,303.0,1186.0,,1419.0,414.0,444.0,144.0,1395.0,1029.0,,,,5.0,936.0,1163.0,,943.0,993.0,108.0,183.0,1583.0
,693.0,678.0,678.0,965.0,1547.0,,1393.0,462.0,1490.0,632.0,983.0,307.0,,,,701.0,1112.0,1047.0,,1653.0,36.0,1710.0,1623.0,1382.0
,1207.0,1505.0,492.0,52.0,993.0,,1172.0,1360.0,762.0,85.0,876.0,621.0,,,,1227.0,384.0,558.0,,1020.0,31.0,472.0,241.0,331.0
,849.0,423.0,1632.0,240.0,1519.0,,830.0,885.0,487.0,239.0,1059.0,63.0,,,,1312.0,57.0,807.0,,827.0,477.0,1677.0,1681.0,1561.0
,1086.0,1100.0,863.0,228.0,84.0,,1194.0,906.0,59.0,1727.0,1071.0,318.0,,,,1218.0,771.0,487.0,,752.0,235.0,832.0,1705.0,1508.0
,1361.0,334.0,1239.0,223.0,1168.0,,140.0,1495.0,989.0,688.0,197.0,559.0,,,,1253.0,691.0,961.0,,346.0,779.0,1338.0,1299.0,1236.0
,413.0,1479.0,1578.0,115.0,220.0,,1334.0,1256.0,562.0,1252.0,7.0,729.0,,,,1628.0,570.0,312.0,,584.0,1272.0,1034.0,81.0,761.0
,1436.0,887.0,795.0,882.0,16.0,,727.0,1445.0,653.0,664.0,1654.0,1010.0,,,,526.0,575.0,153.0,,890.0,612.0,578.0,1516.0,435.0
,631.0,1532.0,1410.0,1518.0,1491.0,,501.0,1276.0,1009.0,3.0,1719.0,1497.0,,,,1445.0,1047.0,499.0,,302.0,173.0,18.0,752.0,1307.0
,570.0,1473.0,1635.0,947.0,1636.0,,100.0,252.0,1656.0,408.0,1644.0,1506.0,,,,454.0,1229.0,845.0,,1342.0,1241.0,148.0,1021.0,1321.0
,1388.0,1226.0,66.0,1626.0,1151.0,,508.0,323.0,1400.0,671.0,1739.0,1351.0,,,,1580.0,916.0,1083.0,,246.0,1105.0,394.0,1401.0,893.0
,477.0,791.0,1228.0,1375.0,1353.0,,1315.0,1033.0,406.0,1102.0,525.0,1611.0,,,,1442.0,787.0,1481.0,,1202.0,1202.0,1238.0,90.0,953.0
,1159.0,192.0,157.0,181.0,662.0,,1311.0,1092.0,952.0,35.0,1304.0,1438.0,,,,1637.0,788.0,305.0,,1565.0,162.0,1303.0,1173.0,196.0
,665.0,911.0,712.0,1723.0,33.0,,294.0,444.0,942.0,305.0,509.0,1236.0,,,,53.0,597.0,198.0,,966.0,728.0,531.0,451.0,1288.0
,1730.0,261.0,793.0,1210.0,1180.0,,1507.0,1462.0,100.0,538.0,981.0,1603.0,,,,1558.0,704.0,642.0,,74.0,1741.0,1723.0,1460.0,438.0
,325.0,1497.0,1309.0,692.0,196.0,,1618.0,760.0,1603.0,412.0,76.0,1344.0,,,,906.0,656.0,111.0,,1666.0,599.0,513.0,1238.0,1450.0
,1359.0,91.0,1271.0,873.0,1537.0,,747.0,1278.0,35.0,858.0,398.0,1747.0,,,,966.0,1586.0,1000.0,,1205.0,461.0,643.0,1019.0,1241.0
,219.0,1370.0,1631.0,265.0,1515.0,,839.0,1105.0,81.0,996.0,1131.0,1256.0,,,,1491.0,296.0,417.0,,281.0,58.0,456.0,419.0,653.0
,51.0,1466.0,467.0,699.0,1336.0,,1135.0,1400.0,1206.0,768.0,439.0,309.0,,,,926.0,599.0,683.0,,1505.0,1357.0,1230.0,1740.0,1038.0
,468.0,1464.0,133.0,1409.0,71.0,,503.0,1603.0,1403.0,39.0,356.0,745.0,,,,50.0,629.0,1731.0,,720.0,557.0,871.0,318.0,1250.0
,364.0,360.0,672.0,1273.0,671.0,,1744.0,1262.0,1483.0,1212.0,15.0,1247.0,,,,781.0,1673.0,1627.0,,859.0,1682.0,794.0,992.0,1739.0
,1415.0,600.0,1072.0,1554.0,37.0,,1205.0,1117.0,37.0,732.0,1401.0,1489.0,,,,80.0,519.0,308.0,,1579.0,348.0,574.0,997.0,1599.0
,1090.0,1623.0,1074.0,90.0,277.0,,1111.0,850.0,1436.0,1123.0,1504.0,1221.0,,,,117.0,1559.0,730.0,,765.0,595.0,1295.0,1271.0,1710.0
,1602.0,1619.0,1273.0,852.0,710.0,,855.0,1615.0,320.0,620.0,493.0,192.0,,,,204.0,1651.0,81.0,,344.0,431.0,290.0,443.0,616.0
,292.0,265.0,1689.0,392.0,1129.0,,226.0,1582.0,1617.0,71.0,1034.0,813.0,,,,1157.0,1355.0,847.0,,810.0,387.0,510.0,390.0,1516.0
,1392.0,439.0,146.0,709.0,327.0,,1053.0,237.0,462.0,1047.0,793.0,1461.0,,,,984.0,923.0,1259.0,,499.0,1472.0,445.0,1700.0,169.0
,1706.0,487.0,1411.0,237.0,1426.0,,410.0,448.0,633.0,1673.0,706.0,1147.0,,,,1365.0,1392.0,1691.0,,1390.0,1159.0,1344.0,295.0,960.0
,422.0,179.0,374.0,490.0,1625.0,,554.0,490.0,721.0,1365.0,222.0,1411.0,,,,40.0,1150.0,491.0,,72.0,347.0,736.0,1032.0,764.0
,64.0,58.0,43.0,11.0,1052.0,,1062.0,235.0,283.0,332.0,1121.0,248.0,,,,1544.0,442.0,672.0,,1040.0,1528.0,296.0,117.0,789.0
,1067.0,121.0,1134.0,266.0,69.0,,1615.0,4.0,1023.0,1376.0,453.0,1637.0,,,,1224.0,982.0,300.0,,1526.0,1654.0,1609.0,847.0,77.0
,900.0,939.0,1079.0,1171.0,713.0,,78.0,493.0,1510.0,1264.0,829.0,1619.0,,,,1666.0,69.0,446.0,,969.0,1555.0,1744.0,557.0,1464.0
,111.0,1562.0,537.0,1498.0,346.0,,711.0,1120.0,1028.0,236.0,499.0,1408.0,,,,375.0,1010.0,1679.0,,90.0,114.0,275.0,1735.0,1647.0
,202.0,1577.0,1080.0,842.0,1367.0,,1076.0,1273.0,115.0,1712.0,1357.0,1432.0,,,,741.0,1324.0,1431.0,,875.0,723.0,581.0,1696.0,594.0
,639.0,66.0,87.0,1690.0,507.0,,1513.0,1639.0,112.0,1315.0,443.0,1365.0,,,,1260.0,172.0,1357.0,,1093.0,1364.0,499.0,1672.0,738.0
,0.0,324.0,973.0,780.0,1454.0,,20.0,184.0,407.0,924.0,441.0,446.0,,,,136.0,309.0,848.0,,844.0,1745.0,1513.0,960.0,314.0
,82.0,938.0,1345.0,16.0,651.0,,1221.0,1460.0,265.0,528.0,39.0,757.0,,,,21.0,1339.0,780.0,,198.0,1635.0,1316.0,254.0,1386.0
,1466.0,1091.0,1447.0,1348.0,562.0,,297.0,246.0,514.0,399.0,81.0,1742.0,,,,338.0,415.0,317.0,,664.0,704.0,1161.0,1335.0,275.0
,1715.0,764.0,622.0,449.0,538.0,,1348.0,1442.0,1473.0,1032.0,681.0,1387.0,,,,821.0,15.0,258.0,,1571.0,311.0,723.0,1387.0,449.0
,760.0,1148.0,661.0,1187.0,753.0,,1584.0,1630.0,1725.0,394.0,800.0,320.0,,,,107.0,1544.0,1359.0,,1103.0,451.0,1376.0,1528.0,1343.0
,1747.0,1279.0,453.0,130.0,5.0,,224.0,141.0,57.0,1432.0,213.0,168.0,,,,1266.0,1747.0,967.0,,1137.0,1640.0,1552.0,1555.0,591.0
,1172.0,1175.0,1050.0,1544.0,1215.0,,895.0,1306.0,93.0,1267.0,37.0,1549.0,,,,653.0,1461.0,988.0,,1519.0,858.0,285.0,623.0,626.0
,753.0,1371.0,1007.0,1514.0,286.0,,143.0,1.0,1627.0,1354.0,853.0,34.0,,,,693.0,914.0,1519.0,,38.0,496.0,1668.0,633.0,1015.0
,1714.0,82.0,1035.0,1118.0,768.0,,1557.0,1183.0,1638.0,213.0,1282.0,204.0,,,,1332.0,712.0,1264.0,,1556.0,996.0,1209.0,1658.0,1180.0
,322.0,475.0,1515.0,275.0,1064.0,,1406.0,1202.0,775.0,279.0,705.0,1227.0,,,,584.0,1063.0,602.0,,779.0,404.0,1256.0,19.0,1295.0
,1530.0,501.0,1051.0,408.0,498.0,,1347.0,1622.0,1362.0,1525.0,468.0,1431.0,,,,1123.0,1086.0,656.0,,509.0,618.0,712.0,1571.0,1062.0
,157.0,1741.0,721.0,256.0,1744.0,,1572.0,512.0,61.0,1352.0,1461.0,74.0,,,,84.0,1051.0,1632.0,,1516.0,1647.0,217.0,136.0,1179.0
,1419.0,634.0,1563.0,438.0,610.0,,96.0,1736.0,1284.0,638.0,943.0,1092.0,,,,644.0,876.0,90.0,,595.0,480.0,119.0,734.0,1239.0
,1592.0,1080.0,55.0,1691.0,1226.0,,1675.0,644.0,933.0,1241.0,558.0,521.0,,,,353.0,605.0,1729.0,,1450.0,1662.0,17.0,211.0,728.0
,172.0,1221.0,1355.0,1029.0,1357.0,,997.0,95.0,758.0,1491.0,695.0,1601.0,,,,1045.0,1618.0,1616.0,,1172.0,,37.0,1334.0,858.0
,1231.0,717.0,1071.0,8.0,280.0,,204.0,1568.0,21.0,570.0,523.0,1325.0,,,,1714.0,1056.0,319.0,,515.0,,604.0,1351.0,1230.0
,1228.0,1011.0,1724.0,932.0,1040.0,,947.0,50.0,1503.0,135.0,1006.0,1258.0,,,,1680.0,694.0,1052.0,,1692.0,,1318.0,1109.0,1057.0
,559.0,533.0,61.0,1387.0,1087.0,,798.0,1695.0,1654.0,929.0,814.0,1142.0,,,,1494.0,1641.0,1175.0,,1112.0,,1467.0,1642.0,533.0
,1321.0,1678.0,780.0,313.0,739.0,,1435.0,1530.0,1496.0,609.0,1085.0,1494.0,,,,1323.0,1005.0,1648.0,,936.0,,881.0,512.0,1433.0
,733.0,862.0,895.0,847.0,894.0,,749.0,993.0,1104.0,824.0,1531.0,1673.0,,,,972.0,4.0,23.0,,1687.0,,309.0,433.0,1584.0
,629.0,471.0,484.0,983.0,1246.0,,1556.0,1563.0,1300.0,1290.0,512.0,1510.0,,,,1196.0,580.0,474.0,,544.0,,1043.0,431.0,1674.0
,994.0,1424.0,1537.0,1190.0,232.0,,1589.0,1257.0,392.0,1444.0,513.0,405.0,,,,87.0,965.0,299.0,,1021.0,,1122.0,985.0,381.0
,1625.0,1336.0,357.0,207.0,1475.0,,387.0,1295.0,603.0,762.0,1328.0,1502.0,,,,919.0,1334.0,1114.0,,1246.0,,877.0,26.0,599.0
,1286.0,1321.0,901.0,320.0,539.0,,489.0,1240.0,1337.0,1260.0,1365.0,640.0,,,,213.0,574.0,722.0,,1551.0,,700.0,49.0,1422.0
,22.0,768.0,1606.0,1732.0,1564.0,,498.0,1623.0,682.0,795.0,1448.0,180.0,,,,441.0,409.0,954.0,,856.0,,1180.0,1492.0,1171.0
,1198.0,492.0,149.0,142.0,1159.0,,149.0,572.0,1745.0,329.0,1742.0,693.0,,,,1652.0,317.0,1449.0,,1013.0,,141.0,962.0,862.0
,1682.0,1126.0,1419.0,754.0,838.0,,295.0,1365.0,417.0,206.0,1399.0,118.0,,,,18.0,387.0,1654.0,,1135.0,,1248.0,1020.0,863.0
,989.0,1021.0,286.0,1047.0,1552.0,,205.0,331.0,234.0,473.0,3.0,41.0,,,,1420.0,1718.0,348.0,,795.0,,925.0,1496.0,823.0
,1021.0,1710.0,677.0,755.0,1395.0,,1502.0,1372.0,1694.0,616.0,936.0,746.0,,,,222.0,1220.0,1220.0,,471.0,,1068.0,364.0,1507.0
,1647.0,903.0,964.0,41.0,1572.0,,1004.0,1748.0,650.0,864.0,1193.0,653.0,,,,1251.0,184.0,1442.0,,1054.0,,644.0,1231.0,1537.0
,480.0,846.0,714.0,521.0,6.0,,68.0,1611.0,197.0,84.0,1359.0,867.0,,,,804.0,997.0,913.0,,1421.0,,799.0,1374.0,431.0
,1557.0,552.0,338.0,215.0,229.0,,1264.0,1478.0,1610.0,605.0,1502.0,561.0,,,,739.0,335.0,975.0,,1027.0,,1508.0,1525.0,370.0
,1485.0,1712.0,26.0,24.0,530.0,,470.0,296.0,1125.0,626.0,40.0,555.0,,,,2.0,1405.0,1153.0,,260.0,,1714.0,1467.0,910.0
,513.0,1467.0,368.0,995.0,1580.0,,1011.0,256.0,1155.0,1681.0,885.0,1080.0,,,,1411.0,736.0,450.0,,1389.0,,1633.0,1540.0,1491.0
,,1488.0,1599.0,550.0,1028.0,,310.0,694.0,755.0,801.0,1200.0,1564.0,,,,799.0,579.0,1429.0,,1555.0,,1730.0,1551.0,38.0
,,1414.0,725.0,1017.0,4.0,,1350.0,661.0,724.0,159.0,1715.0,1363.0,,,,1489.0,1026.0,1172.0,,202.0,,23.0,77.0,1675.0
,,1179.0,736.0,1747.0,1220.0,,927.0,1710.0,1076.0,1068.0,1185.0,784.0,,,,1283.0,163.0,627.0,,1178.0,,902.0,340.0,1412.0
,,1252.0,1170.0,202.0,643.0,,686.0,1659.0,411.0,494.0,445.0,1356.0,,,,962.0,21.0,1674.0,,1184.0,,527.0,1178.0,839.0
,,960.0,1679.0,1265.0,1202.0,,478.0,856.0,1385.0,1436.0,28.0,1044.0,,,,833.0,1201.0,87.0,,1536.0,,335.0,250.0,524.0
,,336.0,1680.0,1705.0,1487.0,,1344.0,302.0,1516.0,719.0,255.0,444.0,,,,218.0,1367.0,204.0,,1278.0,,406.0,148.0,292.0
,,1396.0,1002.0,871.0,586.0,,1570.0,665.0,348.0,349.0,1535.0,1270.0,,,,239.0,639.0,803.0,,1570.0,,998.0,1402.0,1742.0
,,118.0,1415.0,1077.0,1560.0,,302.0,692.0,518.0,1657.0,1497.0,848.0,,,,1457.0,1243.0,815.0,,793.0,,561.0,660.0,450.0
,,1529.0,960.0,1637.0,1700.0,,738.0,537.0,771.0,1349.0,1016.0,1326.0,,,,1378.0,957.0,1082.0,,635.0,,795.0,735.0,1402.0
,,419.0,741.0,891.0,1012.0,,1185.0,1711.0,1201.0,1019.0,968.0,826.0,,,,899.0,596.0,1578.0,,721.0,,1186.0,42.0,117.0
,,1406.0,1408.0,530.0,941.0,,115.0,1302.0,1168.0,264.0,1643.0,504.0,,,,1356.0,1494.0,301.0,,762.0,,286.0,1502.0,1489.0
,,418.0,1105.0,1097.0,633.0,,1394.0,528.0,683.0,1522.0,242.0,459.0,,,,417.0,1283.0,1705.0,,321.0,,1225.0,1200.0,180.0
,,677.0,1559.0,54.0,1037.0,,640.0,962.0,118.0,1563.0,912.0,1155.0,,,,421.0,303.0,1469.0,,585.0,,886.0,67.0,1093.0
,,301.0,1243.0,1064.0,402.0,,605.0,71.0,1123.0,77.0,1100.0,1595.0,,,,861.0,1510.0,912.0,,1080.0,,560.0,571.0,817.0
,,1726.0,542.0,966.0,876.0,,1298.0,91.0,477.0,772.0,370.0,1126.0,,,,803.0,1552.0,1722.0,,1568.0,,244.0,268.0,1345.0
,,927.0,1220.0,230.0,38.0,,1467.0,186.0,482.0,1551.0,1318.0,563.0,,,,548.0,1298.0,80.0,,1363.0,,1599.0,74.0,1420.0
,,129.0,170.0,1345.0,767.0,,842.0,92.0,1297.0,1448.0,473.0,1244.0,,,,29.0,424.0,1676.0,,1356.0,,1699.0,328.0,735.0
,,520.0,217.0,1484.0,1568.0,,255.0,1063.0,412.0,383.0,1523.0,53.0,,,,747.0,1675.0,1551.0,,1537.0,,695.0,358.0,558.0
,,326.0,966.0,1694.0,968.0,,1643.0,1707.0,855.0,925.0,353.0,1296.0,,,,932.0,486.0,949.0,,1034.0,,1254.0,1197.0,1209.0
,,1115.0,126.0,1724.0,216.0,,1427.0,16.0,1295.0,233.0,872.0,698.0,,,,934.0,708.0,1063.0,,912.0,,1394.0,897.0,439.0
,,1452.0,991.0,723.0,702.0,,1361.0,1215.0,432.0,430.0,555.0,595.0,,,,1437.0,595.0,116.0,,1294.0,,949.0,1392.0,273.0
,,660.0,1508.0,1517.0,28.0,,665.0,964.0,679.0,125.0,334.0,360.0,,,,1425.0,1428.0,1002.0,,283.0,,846.0,1159.0,582.0
,,450.0,1379.0,388.0,1181.0,,1664.0,1209.0,801.0,63.0,1571.0,839.0,,,,145.0,1268.0,1216.0,,1307.0,,1368.0,768.0,1394.0
,,1045.0,1746.0,1733.0,1712.0,,520.0,1051.0,725.0,1196.0,1115.0,145.0,,,,1339.0,1614.0,1246.0,,1593.0,,242.0,545.0,898.0
,,605.0,579.0,791.0,1154.0,,265.0,1427.0,1253.0,1379.0,843.0,1303.0,,,,1326.0,355.0,692.0,,535.0,,966.0,56.0,42.0
,,928.0,1251.0,835.0,324.0,,683.0,1007.0,950.0,361.0,127.0,1436.0,,,,231.0,1350.0,709.0,,622.0,,980.0,620.0,354.0
,,1431.0,614.0,1489.0,1081.0,,31.0,1300.0,69.0,1446.0,266.0,925.0,,,,1084.0,813.0,1405.0,,335.0,,815.0,1057.0,606.0
,,1159.0,1622.0,1284.0,717.0,,728.0,365.0,1346.0,147.0,915.0,270.0,,,,237.0,1278.0,1318.0,,1567.0,,1405.0,39.0,828.0
,,1496.0,254.0,639.0,534.0,,661.0,1179.0,1545.0,207.0,1517.0,879.0,,,,578.0,1322.0,1400.0,,188.0,,1037.0,1515.0,1475.0
,,682.0,931.0,1343.0,974.0,,1333.0,189.0,1372.0,1734.0,1316.0,537.0,,,,72.0,880.0,1093.0,,589.0,,692.0,1007.0,427.0
,,527.0,1516.0,1250.0,934.0,,275.0,937.0,792.0,898.0,1488.0,846.0,,,,1090.0,1018.0,734.0,,1017.0,,1.0,775.0,1314.0
,,1404.0,165.0,1564.0,1206.0,,1519.0,1029.0,374.0,1553.0,505.0,1165.0,,,,1514.0,1380.0,467.0,,1741.0,,760.0,845.0,775.0
,,1425.0,597.0,1032.0,1385.0,,803.0,827.0,954.0,1331.0,1546.0,305.0,,,,1212.0,1290.0,616.0,,1488.0,,1348.0,1044.0,49.0
,,266.0,1081.0,46.0,1307.0,,59.0,1493.0,634.0,241.0,1653.0,607.0,,,,1006.0,1503.0,1625.0,,1212.0,,1247.0,741.0,711.0
,,553.0,1742.0,1075.0,1723.0,,703.0,1381.0,1552.0,1700.0,858.0,614.0,,,,1667.0,958.0,289.0,,815.0,,21.0,1590.0,27.0
,,918.0,127.0,1466.0,1026.0,,1092.0,1097.0,1032.0,311.0,996.0,946.0,,,,275.0,1515.0,1471.0,,513.0,,1676.0,1306.0,220.0
,,1580.0,317.0,180.0,425.0,,245.0,1013.0,657.0,876.0,949.0,1445.0,,,,1116.0,526.0,1726.0,,1684.0,,1096.0,474.0,981.0
,,1553.0,1094.0,328.0,994.0,,866.0,727.0,750.0,1203.0,529.0,1113.0,,,,973.0,1241.0,1057.0,,347.0,,990.0,388.0,1569.0
,,845.0,1646.0,405.0,1732.0,,1220.0,83.0,327.0,1180.0,1732.0,1710.0,,,,621.0,942.0,1312.0,,592.0,,54.0,782.0,1145.0
,,21.0,1497.0,171.0,1589.0,,159.0,702.0,260.0,469.0,1530.0,1473.0,,,,1369.0,552.0,253.0,,1300.0,,652.0,562.0,527.0
,,239.0,198.0,1151.0,1073.0,,1256.0,514.0,1509.0,466.0,1382.0,1422.0,,,,0.0,1382.0,846.0,,1513.0,,277.0,880.0,719.0
,,1676.0,1476.0,1737.0,527.0,,1442.0,1680.0,227.0,1191.0,557.0,1369.0,,,,1324.0,1186.0,1657.0,,593.0,,1207.0,747.0,484.0
,,866.0,1391.0,344.0,639.0,,339.0,1504.0,968.0,1312.0,280.0,1145.0,,,,1540.0,1149.0,1421.0,,1600.0,,213.0,690.0,627.0
,,549.0,86.0,1494.0,1458.0,,230.0,566.0,190.0,1351.0,278.0,1559.0,,,,681.0,756.0,1745.0,,643.0,,1711.0,1114.0,724.0
,,1650.0,989.0,910.0,1683.0,,118.0,482.0,240.0,543.0,1067.0,1401.0,,,,622.0,347.0,1113.0,,484.0,,1192.0,628.0,659.0
,,433.0,1363.0,461.0,320.0,,79.0,654.0,578.0,1503.0,1610.0,158.0,,,,1271.0,882.0,613.0,,1147.0,,1630.0,1481.0,274.0
,,1044.0,1127.0,574.0,1484.0,,1121.0,1023.0,763.0,942.0,1229.0,1150.0,,,,1554.0,118.0,158.0,,320.0,,516.0,1009.0,91.0
,,679.0,1728.0,744.0,1019.0,,157.0,1741.0,1005.0,727.0,947.0,651.0,,,,531.0,331.0,1099.0,,1143.0,,865.0,518.0,241.0
,,1378.0,135.0,1145.0,150.0,,1728.0,354.0,803.0,1531.0,114.0,1580.0,,,,503.0,925.0,1297.0,,1196.0,,1369.0,1028.0,959.0
,,1.0,138.0,1096.0,1355.0,,451.0,372.0,626.0,1555.0,1342.0,1579.0,,,,173.0,631.0,715.0,,587.0,,1690.0,1228.0,100.0
,,661.0,69.0,229.0,1439.0,,358.0,1539.0,739.0,1650.0,1545.0,936.0,,,,1183.0,222.0,1479.0,,1102.0,,1088.0,325.0,418.0
,,1157.0,1517.0,1132.0,1169.0,,8.0,407.0,1144.0,684.0,1608.0,721.0,,,,877.0,807.0,184.0,,1124.0,,302.0,365.0,1485.0
,,5.0,1154.0,618.0,416.0,,171.0,842.0,996.0,1399.0,1668.0,1329.0,,,,1564.0,564.0,894.0,,957.0,,180.0,1484.0,168.0
,,368.0,214.0,1709.0,1571.0,,1709.0,1589.0,916.0,1182.0,1559.0,1692.0,,,,800.0,489.0,1292.0,,1475.0,,994.0,1184.0,1137.0
,,1242.0,1487.0,924.0,1746.0,,1024.0,163.0,180.0,1071.0,728.0,536.0,,,,286.0,972.0,663.0,,451.0,,804.0,1276.0,1285.0
,,923.0,1089.0,375.0,831.0,,1384.0,826.0,1089.0,1114.0,848.0,888.0,,,,692.0,1110.0,1688.0,,1070.0,,1414.0,707.0,215.0
,,1438.0,94.0,1594.0,154.0,,1010.0,640.0,295.0,1204.0,310.0,803.0,,,,796.0,160.0,868.0,,1194.0,,149.0,1607.0,1564.0
,,402.0,309.0,1621.0,1083.0,,62.0,564.0,95.0,200.0,779.0,990.0,,,,561.0,1293.0,19.0,,1255.0,,1198.0,590.0,819.0
,,1480.0,1063.0,603.0,1666.0,,1165.0,833.0,894.0,1038.0,1709.0,1277.0,,,,754.0,63.0,1043.0,,1427.0,,419.0,1446.0,429.0
,,1124.0,1277.0,1547.0,276.0,,1588.0,1593.0,79.0,155.0,131.0,330.0,,,,656.0,1454.0,1447.0,,1393.0,,1002.0,1146.0,1542.0
,,165.0,905.0,1665.0,1013.0,,1461.0,1713.0,364.0,589.0,497.0,1577.0,,,,266.0,1075.0,1579.0,,1298.0,,512.0,1096.0,43.0
,,231.0,1707.0,808.0,1405.0,,1099.0,1458.0,977.0,892.0,1202.0,193.0,,,,1059.0,192.0,539.0,,1216.0,,1011.0,1331.0,986.0
,,454.0,1055.0,1055.0,1057.0,,1396.0,1336.0,1061.0,1004.0,1716.0,1225.0,,,,529.0,284.0,1607.0,,1511.0,,542.0,1426.0,451.0
,,497.0,546.0,846.0,962.0,,685.0,1511.0,799.0,515.0,659.0,490.0,,,,432.0,1022.0,243.0,,1486.0,,1557.0,1151.0,1336.0
,,1063.0,104.0,671.0,1187.0,,1421.0,160.0,1326.0,1171.0,1621.0,306.0,,,,988.0,858.0,1584.0,,145.0,,344.0,1223.0,1525.0
,,1043.0,1062.0,366.0,1217.0,,1125.0,844.0,1228.0,635.0,1171.0,760.0,,,,252.0,794.0,1146.0,,222.0,,535.0,762.0,613.0
,,544.0,1034.0,1693.0,939.0,,1160.0,258.0,1044.0,161.0,1366.0,393.0,,,,436.0,136.0,1422.0,,1415.0,,1289.0,919.0,1360.0
,,149.0,221.0,1577.0,1726.0,,805.0,10.0,151.0,923.0,1077.0,1606.0,,,,983.0,101.0,386.0,,1343.0,,1623.0,864.0,1001.0
,,919.0,1350.0,477.0,828.0,,1395.0,513.0,548.0,202.0,880.0,1696.0,,,,836.0,129.0,1288.0,,234.0,,378.0,771.0,680.0
,,34.0,1359.0,1563.0,883.0,,370.0,66.0,246.0,1477.0,1510.0,886.0,,,,445.0,1599.0,1598.0,,1740.0,,229.0,1045.0,993.0
,,993.0,544.0,1025.0,1127.0,,175.0,1704.0,316.0,263.0,1390.0,1458.0,,,,1083.0,346.0,1126.0,,363.0,,759.0,1330.0,778.0
,,1207.0,1615.0,1431.0,946.0,,1551.0,128.0,1667.0,788.0,1534.0,915.0,,,,646.0,1672.0,746.0,,1506.0,,215.0,1572.0,1696.0
,,295.0,363.0,1731.0,573.0,,248.0,610.0,569.0,932.0,355.0,1160.0,,,,1136.0,1636.0,1544.0,,519.0,,413.0,278.0,1690.0
,,1715.0,1199.0,241.0,518.0,,856.0,861.0,1375.0,174.0,818.0,517.0,,,,782.0,1060.0,698.0,,1606.0,,381.0,1741.0,1398.0
,,218.0,1503.0,1437.0,1132.0,,644.0,1112.0,25.0,1185.0,1124.0,415.0,,,,281.0,1078.0,418.0,,169.0,,1279.0,1256.0,1294.0
,,1301.0,28.0,293.0,930.0,,534.0,82.0,1004.0,1548.0,809.0,162.0,,,,1619.0,874.0,1106.0,,1691.0,,687.0,228.0,1568.0
,,1108.0,684.0,157.0,76.0,,1191.0,971.0,1673.0,1504.0,1323.0,61.0,,,,1461.0,612.0,264.0,,1381.0,,1203.0,796.0,592.0
,,460.0,248.0,1601.0,1588.0,,1449.0,606.0,805.0,346.0,342.0,111.0,,,,1523.0,219.0,477.0,,1727.0,,401.0,1727.0,1668.0
,,1554.0,1605.0,3.0,186.0,,1621.0,949.0,563.0,1296.0,1252.0,1548.0,,,,22.0,1444.0,86.0,,771.0,,767.0,1080.0,741.0
,,710.0,1590.0,488.0,237.0,,1541.0,1461.0,1175.0,1742.0,328.0,219.0,,,,481.0,1179.0,1673.0,,100.0,,453.0,516.0,1385.0
,,982.0,1101.0,417.0,433.0,,752.0,614.0,1115.0,572.0,5.0,1446.0,,,,400.0,955.0,156.0,,1362.0,,1605.0,612.0,913.0
,,252.0,1722.0,514.0,647.0,,1413.0,1004.0,699.0,920.0,78.0,399.0,,,,550.0,1146.0,523.0,,1540.0,,870.0,453.0,603.0
,,1517.0,643.0,1388.0,1579.0,,1475.0,966.0,1560.0,1388.0,503.0,801.0,,,,1232.0,986.0,753.0,,1003.0,,1197.0,891.0,114.0
,,686.0,858.0,125.0,620.0,,904.0,890.0,736.0,1643.0,741.0,1512.0,,,,1482.0,182.0,390.0,,1546.0,,864.0,144.0,1195.0
,,1706.0,1009.0,262.0,131.0,,729.0,148.0,159.0,1076.0,1615.0,1536.0,,,,940.0,827.0,716.0,,170.0,,1306.0,166.0,1164.0
,,86.0,230.0,1546.0,274.0,,77.0,306.0,92.0,1688.0,907.0,1532.0,,,,405.0,52.0,1283.0,,1175.0,,471.0,1220.0,281.0
,,1038.0,799.0,811.0,1085.0,,276.0,289.0,1034.0,994.0,1519.0,353.0,,,,1276.0,1744.0,201.0,,48.0,,36.0,1701.0,906.0
,,839.0,494.0,580.0,982.0,,1088.0,865.0,613.0,559.0,422.0,1456.0,,,,8.0,522.0,855.0,,780.0,,1314.0,1632.0,290.0
,,1456.0,1001.0,644.0,725.0,,457.0,951.0,1513.0,1258.0,449.0,343.0,,,,380.0,1731.0,1011.0,,1711.0,,265.0,1673.0,643.0
,,145.0,181.0,839.0,745.0,,1237.0,1254.0,199.0,168.0,107.0,893.0,,,,1138.0,1107.0,101.0,,316.0,,1558.0,214.0,87.0
,,1443.0,97.0,1616.0,547.0,,548.0,174.0,566.0,1534.0,682.0,495.0,,,,122.0,1697.0,193.0,,748.0,,1307.0,1006.0,360.0
,,788.0,576.0,398.0,1358.0,,678.0,34.0,892.0,1321.0,980.0,500.0,,,,539.0,149.0,1305.0,,739.0,,754.0,33.0,1088.0
,,909.0,583.0,19.0,682.0,,721.0,1507.0,1702.0,260.0,738.0,1064.0,,,,1661.0,1163.0,1401.0,,71.0,,62.0,589.0,1667.0
,,428.0,606.0,29.0,1022.0,,1154.0,679.0,403.0,1263.0,229.0,725.0,,,,627.0,877.0,1005.0,,871.0,,76.0,420.0,150.0
,,172.0,470.0,1720.0,864.0,,1065.0,710.0,1624.0,1604.0,904.0,1468.0,,,,1630.0,1623.0,1296.0,,264.0,,1491.0,1461.0,1188.0
,,136.0,1187.0,348.0,872.0,,930.0,918.0,870.0,1610.0,769.0,40.0,,,,1397.0,1251.0,879.0,,1139.0,,906.0,1380.0,802.0
,,242.0,1147.0,1738.0,799.0,,1047.0,419.0,1273.0,319.0,1145.0,686.0,,,,1412.0,521.0,1677.0,,1412.0,,1516.0,940.0,1499.0
,,1155.0,320.0,1471.0,576.0,,1400.0,484.0,585.0,414.0,331.0,1589.0,,,,355.0,1714.0,766.0,,959.0,,377.0,1039.0,1504.0
,,323.0,427.0,886.0,1670.0,,1173.0,647.0,437.0,416.0,1560.0,42.0,,,,1394.0,1445.0,1476.0,,1469.0,,391.0,1589.0,967.0
,,1041.0,234.0,1610.0,932.0,,114.0,1435.0,1738.0,696.0,348.0,390.0,,,,1370.0,1209.0,981.0,,1549.0,,872.0,1640.0,1248.0
,,531.0,443.0,851.0,536.0,,1168.0,573.0,728.0,1049.0,1350.0,1038.0,,,,1396.0,205.0,984.0,,997.0,,24.0,1438.0,1645.0
,,1309.0,781.0,189.0,1051.0,,1669.0,540.0,1531.0,1194.0,754.0,622.0,,,,1152.0,305.0,989.0,,67.0,,87.0,472.0,905.0
,,985.0,789.0,676.0,1504.0,,1233.0,672.0,1442.0,808.0,216.0,897.0,,,,981.0,322.0,1022.0,,704.0,,850.0,1506.0,1501.0
,,1491.0,9.0,607.0,140.0,,1638.0,575.0,1328.0,267.0,1637.0,1716.0,,,,968.0,1500.0,693.0,,956.0,,917.0,791.0,793.0
,,1707.0,433.0,301.0,1459.0,,808.0,134.0,979.0,646.0,311.0,295.0,,,,229.0,357.0,864.0,,1672.0,,494.0,185.0,988.0
,,505.0,236.0,1309.0,364.0,,559.0,667.0,593.0,1614.0,105.0,450.0,,,,1533.0,1407.0,29.0,,518.0,,979.0,275.0,369.0
,,1448.0,897.0,768.0,711.0,,1296.0,1579.0,1278.0,752.0,488.0,470.0,,,,1301.0,701.0,1532.0,,1596.0,,1167.0,1336.0,1095.0
,,1205.0,325.0,40.0,519.0,,1230.0,1705.0,993.0,1660.0,816.0,1133.0,,,,1011.0,1726.0,1122.0,,1224.0,,1152.0,647.0,453.0
,,1364.0,401.0,1742.0,775.0,,1379.0,897.0,336.0,1710.0,1567.0,337.0,,,,1398.0,113.0,195.0,,700.0,,28.0,482.0,886.0
,,809.0,569.0,1463.0,404.0,,649.0,985.0,279.0,1144.0,884.0,133.0,,,,264.0,1723.0,676.0,,64.0,,9.0,112.0,971.0
,,1305.0,686.0,742.0,884.0,,1539.0,1429.0,972.0,1498.0,363.0,99.0,,,,228.0,448.0,358.0,,1116.0,,1216.0,688.0,1016.0
,,1023.0,734.0,926.0,738.0,,1732.0,965.0,87.0,1307.0,937.0,411.0,,,,121.0,126.0,636.0,,683.0,,395.0,866.0,419.0
,,393.0,1177.0,1203.0,1001.0,,1054.0,1088.0,1353.0,1178.0,1288.0,1219.0,,,,1384.0,1169.0,1274.0,,883.0,,1372.0,219.0,834.0
,,1692.0,1313.0,969.0,1134.0,,828.0,1093.0,517.0,805.0,1423.0,807.0,,,,1432.0,772.0,1202.0,,1091.0,,1084.0,204.0,83.0
,,1084.0,1583.0,831.0,759.0,,222.0,598.0,1293.0,395.0,1425.0,1317.0,,,,1255.0,944.0,475.0,,1432.0,,1452.0,669.0,1384.0
,,585.0,1301.0,1394.0,833.0,,1043.0,1387.0,709.0,501.0,693.0,433.0,,,,434.0,267.0,1646.0,,1316.0,,159.0,125.0,445.0
,,1237.0,596.0,1477.0,1469.0,,999.0,338.0,798.0,975.0,1305.0,600.0,,,,1559.0,513.0,647.0,,750.0,,617.0,567.0,283.0
,,1308.0,916.0,400.0,447.0,,7.0,1344.0,772.0,403.0,1542.0,1378.0,,,,1640.0,550.0,196.0,,1092.0,,1030.0,849.0,201.0
,,396.0,1691.0,589.0,915.0,,1049.0,154.0,1261.0,596.0,1295.0,1216.0,,,,1515.0,1724.0,668.0,,1165.0,,1158.0,171.0,237.0
,,1265.0,321.0,1067.0,777.0,,618.0,1550.0,434.0,315.0,1140.0,149.0,,,,52.0,195.0,112.0,,992.0,,768.0,970.0,282.0
,,349.0,821.0,952.0,924.0,,659.0,590.0,1197.0,50.0,47.0,1682.0,,,,1649.0,1498.0,54.0,,961.0,,1688.0,1372.0,1540.0
,,914.0,1111.0,1520.0,856.0,,1144.0,1523.0,1444.0,1044.0,133.0,247.0,,,,274.0,1741.0,1033.0,,772.0,,299.0,1187.0,1168.0
,,365.0,425.0,453.0,798.0,,1329.0,232.0,890.0,678.0,1415.0,453.0,,,,1174.0,458.0,1316.0,,1566.0,,1624.0,965.0,1086.0
,,898.0,454.0,1259.0,1608.0,,662.0,871.0,1150.0,1487.0,1671.0,836.0,,,,1379.0,971.0,1418.0,,445.0,,1484.0,93.0,382.0
,,1131.0,187.0,1598.0,912.0,,456.0,152.0,235.0,1625.0,1029.0,75.0,,,,1285.0,408.0,1667.0,,1473.0,,800.0,406.0,147.0
,,246.0,1437.0,161.0,34.0,,934.0,668.0,435.0,1127.0,1251.0,1168.0,,,,801.0,1375.0,326.0,,534.0,,985.0,966.0,512.0
,,373.0,285.0,1607.0,880.0,,593.0,671.0,1377.0,1481.0,192.0,709.0,,,,748.0,344.0,1345.0,,1315.0,,396.0,1685.0,335.0
,,1267.0,350.0,1688.0,786.0,,821.0,973.0,986.0,235.0,1087.0,1565.0,,,,546.0,931.0,1556.0,,985.0,,1620.0,861.0,171.0
,,1381.0,47.0,201.0,182.0,,405.0,1350.0,1388.0,1012.0,670.0,597.0,,,,970.0,753.0,1430.0,,974.0,,468.0,1665.0,1216.0
,,620.0,796.0,887.0,1006.0,,293.0,1503.0,512.0,1244.0,482.0,763.0,,,,1745.0,437.0,785.0,,1607.0,,1085.0,1504.0,307.0
,,1576.0,1642.0,971.0,1025.0,,789.0,1337.0,1548.0,220.0,674.0,1299.0,,,,725.0,1185.0,1555.0,,656.0,,552.0,1462.0,1151.0
,,62.0,353.0,44.0,85.0,,1231.0,769.0,222.0,372.0,1300.0,602.0,,,,1534.0,97.0,932.0,,56.0,,1000.0,373.0,233.0
,,1574.0,387.0,1241.0,784.0,,177.0,502.0,141.0,1540.0,834.0,208.0,,,,477.0,1361.0,1006.0,,1659.0,,769.0,349.0,958.0
,,127.0,190.0,1682.0,499.0,,354.0,1677.0,842.0,629.0,391.0,146.0,,,,260.0,327.0,745.0,,1580.0,,1234.0,1628.0,1543.0
,,697.0,800.0,551.0,32.0,,1087.0,930.0,1420.0,587.0,10.0,1475.0,,,,889.0,1025.0,117.0,,96.0,,1191.0,1414.0,1193.0
,,956.0,1024.0,596.0,1271.0,,446.0,1450.0,557.0,1051.0,882.0,474.0,,,,873.0,1261.0,234.0,,774.0,,1539.0,914.0,520.0
,,1556.0,1566.0,495.0,1179.0,,952.0,797.0,1156.0,1579.0,1453.0,823.0,,,,959.0,935.0,247.0,,431.0,,958.0,1520.0,1071.0
,,405.0,1396.0,1472.0,500.0,,454.0,1030.0,277.0,1725.0,842.0,1403.0,,,,1063.0,1347.0,159.0,,650.0,,522.0,842.0,349.0
,,1703.0,150.0,570.0,623.0,,764.0,1428.0,1299.0,792.0,1478.0,259.0,,,,55.0,616.0,781.0,,756.0,,252.0,1562.0,1036.0
,,1555.0,849.0,1185.0,105.0,,956.0,147.0,1247.0,364.0,1707.0,843.0,,,,607.0,402.0,1317.0,,1718.0,,943.0,1023.0,665.0
,,867.0,1249.0,1522.0,719.0,,1046.0,215.0,1342.0,653.0,1123.0,560.0,,,,447.0,810.0,126.0,,1481.0,,950.0,851.0,1278.0
,,1426.0,336.0,1020.0,597.0,,1285.0,690.0,39.0,413.0,1372.0,1526.0,,,,939.0,199.0,192.0,,947.0,,245.0,875.0,664.0
,,1629.0,1564.0,726.0,68.0,,1536.0,33.0,1462.0,22.0,1458.0,840.0,,,,690.0,1483.0,1239.0,,23.0,,1501.0,1404.0,1693.0
,,725.0,1087.0,749.0,309.0,,44.0,1742.0,445.0,148.0,1558.0,1306.0,,,,517.0,370.0,1195.0,,549.0,,323.0,421.0,969.0
,,1035.0,1148.0,594.0,394.0,,653.0,554.0,1285.0,292.0,1555.0,1587.0,,,,753.0,1721.0,751.0,,718.0,,223.0,1670.0,869.0
,,1019.0,1532.0,1070.0,1277.0,,105.0,1472.0,475.0,708.0,985.0,1041.0,,,,733.0,1102.0,32.0,,203.0,,538.0,264.0,65.0
,,274.0,1694.0,421.0,1647.0,,1662.0,766.0,132.0,1665.0,1681.0,633.0,,,,1179.0,1584.0,1101.0,,1190.0,,455.0,153.0,253.0
,,1478.0,1574.0,1209.0,1101.0,,1143.0,1735.0,1701.0,1300.0,1111.0,1714.0,,,,47.0,158.0,1730.0,,328.0,,639.0,552.0,1719.0
,,1748.0,136.0,268.0,959.0,,433.0,1177.0,1249.0,1701.0,892.0,1049.0,,,,595.0,473.0,524.0,,505.0,,1642.0,418.0,194.0
,,385.0,68.0,1465.0,492.0,,901.0,1061.0,742.0,901.0,424.0,226.0,,,,1705.0,466.0,1313.0,,231.0,,1737.0,1651.0,272.0
,,1608.0,1279.0,1382.0,49.0,,702.0,551.0,988.0,1060.0,1047.0,874.0,,,,848.0,491.0,432.0,,566.0,,987.0,1218.0,74.0
,,879.0,509.0,1681.0,903.0,,475.0,754.0,359.0,1417.0,1094.0,101.0,,,,77.0,683.0,758.0,,599.0,,417.0,1682.0,1735.0
,,1597.0,986.0,667.0,878.0,,637.0,1351.0,114.0,1652.0,1627.0,1667.0,,,,1222.0,1113.0,905.0,,438.0,,631.0,942.0,1341.0
,,216.0,740.0,1000.0,315.0,,1738.0,975.0,298.0,770.0,1683.0,1674.0,,,,1454.0,492.0,482.0,,468.0,,996.0,1478.0,830.0
,,1270.0,1324.0,50.0,1653.0,,942.0,697.0,1565.0,610.0,454.0,1528.0,,,,1371.0,411.0,129.0,,84.0,,138.0,607.0,773.0
,,1092.0,845.0,583.0,514.0,,69.0,1397.0,205.0,487.0,1604.0,473.0,,,,278.0,1119.0,293.0,,1633.0,,1035.0,1435.0,1283.0
,,133.0,141.0,1174.0,908.0,,271.0,1314.0,1666.0,1086.0,933.0,3.0,,,,1032.0,200.0,123.0,,389.0,,212.0,519.0,1700.0
,,614.0,952.0,1537.0,805.0,,1575.0,394.0,53.0,1362.0,774.0,45.0,,,,610.0,741.0,972.0,,1353.0,,1026.0,1320.0,1147.0
,,1698.0,34.0,818.0,132.0,,833.0,1119.0,567.0,171.0,620.0,1478.0,,,,448.0,1553.0,681.0,,715.0,,1442.0,1267.0,517.0
,,1436.0,1602.0,1359.0,1472.0,,583.0,1469.0,2.0,948.0,822.0,326.0,,,,1597.0,488.0,1453.0,,397.0,,717.0,549.0,598.0
,,596.0,574.0,135.0,1431.0,,1124.0,536.0,1324.0,1078.0,514.0,1470.0,,,,293.0,1698.0,220.0,,400.0,,1271.0,127.0,11.0
,,1713.0,956.0,629.0,1069.0,,627.0,1213.0,990.0,1276.0,928.0,615.0,,,,324.0,721.0,497.0,,868.0,,1384.0,991.0,1090.0
,,4.0,92.0,1597.0,692.0,,283.0,1297.0,9.0,211.0,1475.0,1204.0,,,,707.0,975.0,1663.0,,450.0,,674.0,1337.0,0.0
,,28.0,16.0,326.0,1096.0,,57.0,1425.0,1618.0,866.0,419.0,1398.0,,,,1551.0,291.0,1342.0,,77.0,,823.0,121.0,1493.0
,,942.0,114.0,1333.0,1126.0,,260.0,521.0,334.0,341.0,1576.0,1355.0,,,,665.0,354.0,1686.0,,1521.0,,791.0,366.0,915.0
,,329.0,815.0,1080.0,333.0,,35.0,210.0,155.0,498.0,621.0,1372.0,,,,1120.0,1103.0,653.0,,1458.0,,756.0,798.0,1136.0
,,1303.0,1571.0,1240.0,1706.0,,413.0,755.0,941.0,529.0,1170.0,1348.0,,,,176.0,853.0,262.0,,345.0,,1173.0,1309.0,1224.0
,,313.0,613.0,1111.0,161.0,,1553.0,1721.0,930.0,1022.0,1658.0,885.0,,,,216.0,865.0,909.0,,1385.0,,1047.0,839.0,1039.0
,,197.0,1096.0,427.0,51.0,,1714.0,815.0,1111.0,390.0,1381.0,945.0,,,,552.0,1141.0,871.0,,1206.0,,834.0,1333.0,1212.0
,,650.0,1748.0,386.0,1691.0,,933.0,1263.0,1303.0,1372.0,274.0,1307.0,,,,593.0,716.0,849.0,,401.0,,1665.0,102.0,325.0
,,637.0,1658.0,1432.0,440.0,,674.0,1632.0,1380.0,961.0,1556.0,1480.0,,,,1563.0,1450.0,71.0,,962.0,,1075.0,348.0,519.0
,,375.0,191.0,602.0,494.0,,1169.0,1476.0,896.0,782.0,642.0,32.0,,,,1602.0,713.0,1385.0,,1107.0,,618.0,1618.0,831.0
,,342.0,167.0,1157.0,2.0,,565.0,1085.0,1149.0,766.0,146.0,1448.0,,,,289.0,253.0,1249.0,,204.0,,1281.0,71.0,1597.0
,,1643.0,1155.0,1139.0,1678.0,,1725.0,574.0,344.0,799.0,1733.0,1575.0,,,,576.0,61.0,133.0,,569.0,,788.0,68.0,1378.0
,,1295.0,483.0,1299.0,113.0,,1157.0,853.0,1378.0,796.0,716.0,372.0,,,,870.0,795.0,1416.0,,1036.0,,1538.0,615.0,1079.0
,,221.0,1498.0,1253.0,1111.0,,1273.0,872.0,1418.0,1543.0,1176.0,376.0,,,,809.0,1370.0,1619.0,,1561.0,,1360.0,1241.0,104.0
,,564.0,473.0,1562.0,74.0,,843.0,175.0,273.0,124.0,277.0,1360.0,,,,1706.0,684.0,1377.0,,32.0,,459.0,298.0,726.0
,,1624.0,1700.0,244.0,1734.0,,1197.0,185.0,484.0,1026.0,501.0,791.0,,,,1275.0,289.0,1613.0,,1002.0,,1380.0,521.0,722.0
,,288.0,743.0,1147.0,60.0,,1352.0,1583.0,576.0,1074.0,1214.0,1471.0,,,,1381.0,543.0,1155.0,,241.0,,803.0,1143.0,498.0
,,305.0,276.0,1455.0,418.0,,165.0,1181.0,839.0,507.0,421.0,811.0,,,,1335.0,1296.0,1035.0,,387.0,,1443.0,1284.0,924.0
,,1350.0,1092.0,892.0,142.0,,990.0,290.0,931.0,601.0,1109.0,1245.0,,,,697.0,673.0,921.0,,1371.0,,1706.0,1210.0,632.0
,,765.0,1528.0,1331.0,862.0,,1336.0,1059.0,1437.0,1002.0,1706.0,670.0,,,,691.0,270.0,547.0,,574.0,,816.0,658.0,454.0
,,623.0,1284.0,345.0,1299.0,,65.0,269.0,1619.0,1255.0,1180.0,238.0,,,,956.0,107.0,290.0,,259.0,,1713.0,83.0,219.0
,,1600.0,650.0,1363.0,1681.0,,912.0,217.0,1331.0,1438.0,840.0,1203.0,,,,1596.0,1516.0,138.0,,330.0,,505.0,563.0,1586.0
,,1463.0,637.0,1656.0,194.0,,1139.0,1714.0,740.0,1277.0,1562.0,1322.0,,,,1002.0,949.0,1276.0,,1211.0,,1470.0,913.0,323.0
,,64.0,1122.0,1411.0,1008.0,,334.0,373.0,768.0,444.0,1199.0,739.0,,,,495.0,1311.0,331.0,,1111.0,,1367.0,746.0,1655.0
,,1028.0,144.0,576.0,1110.0,,1528.0,1122.0,130.0,1035.0,1155.0,1043.0,,,,1537.0,1148.0,1123.0,,276.0,,706.0,917.0,530.0
,,763.0,1558.0,450.0,1146.0,,461.0,317.0,261.0,896.0,582.0,1413.0,,,,292.0,1374.0,1733.0,,474.0,,399.0,873.0,908.0
,,56.0,304.0,404.0,1174.0,,581.0,1238.0,957.0,477.0,1529.0,508.0,,,,1146.0,1511.0,671.0,,1167.0,,667.0,1662.0,78.0
,,548.0,726.0,297.0,1478.0,,696.0,736.0,868.0,1226.0,699.0,262.0,,,,788.0,939.0,645.0,,314.0,,1125.0,479.0,458.0
,,1062.0,817.0,1500.0,1279.0,,1155.0,1464.0,1374.0,915.0,158.0,369.0,,,,416.0,1694.0,1397.0,,925.0,,1090.0,1254.0,970.0
,,1066.0,128.0,1179.0,244.0,,438.0,497.0,533.0,665.0,572.0,1443.0,,,,1334.0,768.0,288.0,,684.0,,693.0,1444.0,1692.0
,,29.0,1739.0,1160.0,1597.0,,1426.0,1069.0,912.0,1647.0,1345.0,1059.0,,,,520.0,1725.0,725.0,,212.0,,1743.0,1445.0,378.0
,,633.0,1103.0,363.0,1590.0,,181.0,153.0,806.0,773.0,1710.0,297.0,,,,241.0,1713.0,532.0,,536.0,,1168.0,155.0,978.0
,,343.0,1058.0,505.0,299.0,,465.0,1282.0,1410.0,560.0,903.0,904.0,,,,778.0,213.0,1662.0,,416.0,,319.0,336.0,873.0
,,1344.0,412.0,1063.0,1038.0,,589.0,321.0,873.0,1155.0,387.0,359.0,,,,773.0,1639.0,177.0,,1518.0,,549.0,1429.0,509.0
,,122.0,1351.0,756.0,1445.0,,1663.0,1638.0,123.0,1279.0,243.0,671.0,,,,758.0,395.0,161.0,,55.0,,1474.0,700.0,286.0
,,1527.0,1403.0,797.0,1388.0,,125.0,1516.0,897.0,308.0,170.0,734.0,,,,1016.0,397.0,798.0,,773.0,,745.0,1179.0,1368.0
,,277.0,662.0,1427.0,408.0,,1385.0,5.0,28.0,1490.0,942.0,1576.0,,,,1049.0,938.0,1369.0,,696.0,,314.0,1365.0,1615.0
,,933.0,1738.0,532.0,729.0,,311.0,347.0,586.0,1381.0,763.0,917.0,,,,990.0,1709.0,1458.0,,591.0,,1166.0,475.0,1349.0
,,1337.0,247.0,413.0,1100.0,,185.0,1424.0,648.0,289.0,886.0,598.0,,,,6.0,610.0,75.0,,1186.0,,330.0,729.0,1013.0
,,498.0,422.0,418.0,1324.0,,487.0,479.0,1526.0,540.0,176.0,257.0,,,,745.0,1655.0,1652.0,,177.0,,153.0,43.0,1274.0
,,882.0,1511.0,673.0,1147.0,,1741.0,503.0,323.0,1387.0,723.0,953.0,,,,1577.0,294.0,178.0,,740.0,,1636.0,1428.0,593.0
,,873.0,776.0,379.0,1105.0,,131.0,117.0,1645.0,524.0,1055.0,717.0,,,,921.0,119.0,537.0,,274.0,,1614.0,1049.0,278.0
,,603.0,1618.0,322.0,1442.0,,258.0,1411.0,1599.0,1545.0,1268.0,256.0,,,,1199.0,1441.0,508.0,,1710.0,,1741.0,936.0,933.0
,,1589.0,1460.0,118.0,1326.0,,1212.0,579.0,1177.0,1557.0,1726.0,239.0,,,,1128.0,758.0,717.0,,1159.0,,1475.0,1599.0,212.0
,,798.0,1241.0,1611.0,1323.0,,231.0,557.0,1118.0,722.0,1369.0,207.0,,,,461.0,407.0,1031.0,,226.0,,114.0,1324.0,1069.0
,,793.0,829.0,1079.0,1243.0,,564.0,1496.0,425.0,1063.0,803.0,655.0,,,,811.0,1703.0,1073.0,,835.0,,225.0,59.0,218.0
,,458.0,999.0,1362.0,1605.0,,654.0,886.0,1449.0,1620.0,1700.0,942.0,,,,1031.0,1634.0,1637.0,,1545.0,,1579.0,1363.0,697.0
,,870.0,891.0,1697.0,1242.0,,1003.0,609.0,1646.0,495.0,826.0,1097.0,,,,542.0,122.0,1142.0,,1275.0,,802.0,109.0,1301.0
,,1352.0,452.0,879.0,215.0,,238.0,876.0,1267.0,1502.0,113.0,487.0,,,,641.0,1556.0,485.0,,1022.0,,86.0,799.0,505.0
,,953.0,615.0,1447.0,434.0,,1207.0,1347.0,1099.0,714.0,979.0,1551.0,,,,313.0,1105.0,428.0,,554.0,,172.0,1266.0,608.0
,,885.0,1703.0,765.0,843.0,,1103.0,1364.0,408.0,1390.0,86.0,357.0,,,,61.0,1327.0,1185.0,,1644.0,,368.0,412.0,1148.0
,,41.0,1468.0,913.0,590.0,,959.0,634.0,1640.0,1345.0,654.0,1423.0,,,,1350.0,1329.0,1149.0,,1404.0,,91.0,1112.0,585.0
,,503.0,90.0,604.0,841.0,,943.0,1457.0,997.0,225.0,1525.0,1546.0,,,,911.0,567.0,222.0,,991.0,,817.0,772.0,930.0
,,1156.0,1562.0,84.0,772.0,,851.0,805.0,1527.0,480.0,506.0,829.0,,,,74.0,1432.0,669.0,,59.0,,545.0,1643.0,1302.0
,,1605.0,876.0,1373.0,372.0,,1200.0,1701.0,1724.0,198.0,1110.0,1560.0,,,,304.0,292.0,575.0,,164.0,,796.0,181.0,213.0
,,1402.0,919.0,463.0,813.0,,774.0,1156.0,1094.0,1602.0,1632.0,80.0,,,,415.0,1116.0,1224.0,,525.0,,269.0,532.0,12.0
,,18.0,553.0,560.0,870.0,,693.0,1126.0,204.0,583.0,994.0,612.0,,,,1663.0,1388.0,1348.0,,560.0,,1175.0,1546.0,61.0
,,759.0,1070.0,1506.0,1511.0,,4.0,254.0,871.0,1256.0,252.0,246.0,,,,978.0,177.0,1399.0,,102.0,,511.0,1192.0,317.0
,,168.0,1292.0,1582.0,170.0,,1603.0,511.0,919.0,,1054.0,911.0,,,,599.0,220.0,887.0,,1210.0,,863.0,470.0,1115.0
,,878.0,1331.0,1347.0,1173.0,,1128.0,182.0,780.0,,890.0,401.0,,,,451.0,1463.0,530.0,,27.0,,192.0,1707.0,561.0
,,1013.0,711.0,1337.0,1432.0,,246.0,934.0,103.0,,1153.0,1347.0,,,,10.0,469.0,349.0,,1680.0,,1658.0,1069.0,1215.0
,,570.0,251.0,105.0,1292.0,,84.0,888.0,1676.0,,1549.0,724.0,,,,1443.0,242.0,1290.0,,167.0,,1738.0,924.0,623.0
,,1524.0,959.0,441.0,172.0,,864.0,1679.0,596.0,,944.0,1543.0,,,,1673.0,1656.0,911.0,,1105.0,,457.0,834.0,116.0
,,1293.0,787.0,216.0,497.0,,1251.0,1361.0,726.0,,757.0,1375.0,,,,1223.0,842.0,1346.0,,453.0,,146.0,380.0,69.0
,,1421.0,384.0,1340.0,914.0,,398.0,14.0,1573.0,,607.0,1321.0,,,,1248.0,261.0,1489.0,,1242.0,,627.0,260.0,918.0
,,1457.0,1316.0,844.0,664.0,,374.0,643.0,1550.0,,446.0,113.0,,,,749.0,1429.0,259.0,,716.0,,201.0,63.0,1699.0
,,1395.0,519.0,236.0,80.0,,296.0,166.0,928.0,,426.0,228.0,,,,818.0,414.0,1066.0,,472.0,,937.0,896.0,874.0
,,1222.0,1579.0,1276.0,1144.0,,907.0,1137.0,340.0,,792.0,1235.0,,,,1363.0,731.0,578.0,,1452.0,,664.0,1347.0,1061.0
,,1655.0,1093.0,437.0,594.0,,784.0,1090.0,179.0,,680.0,1276.0,,,,533.0,640.0,1135.0,,242.0,,1241.0,1081.0,221.0
,,1583.0,1595.0,1426.0,285.0,,401.0,1266.0,848.0,,649.0,790.0,,,,166.0,1555.0,512.0,,1503.0,,1240.0,1359.0,899.0
,,513.0,281.0,1162.0,342.0,,571.0,1649.0,174.0,,1307.0,1505.0,,,,327.0,167.0,631.0,,354.0,,515.0,901.0,184.0
,,1659.0,761.0,168.0,187.0,,1324.0,458.0,678.0,,1269.0,732.0,,,,1047.0,1031.0,1485.0,,979.0,,1683.0,1163.0,1333.0
,,794.0,225.0,513.0,1041.0,,823.0,980.0,309.0,,690.0,1694.0,,,,1089.0,1349.0,1170.0,,61.0,,179.0,386.0,1311.0
,,1331.0,4.0,1349.0,1714.0,,458.0,305.0,1271.0,,120.0,944.0,,,,1240.0,313.0,464.0,,463.0,,1430.0,705.0,854.0
,,247.0,99.0,1449.0,1546.0,,228.0,1100.0,1333.0,,1112.0,1452.0,,,,1556.0,1363.0,1503.0,,1658.0,,1477.0,1138.0,1407.0
,,1563.0,1237.0,675.0,1604.0,,1655.0,1544.0,471.0,,1383.0,737.0,,,,62.0,1742.0,1098.0,,1675.0,,1001.0,355.0,89.0
,,462.0,946.0,854.0,577.0,,1441.0,589.0,756.0,,1114.0,272.0,,,,1093.0,169.0,1694.0,,918.0,,156.0,854.0,514.0
,,902.0,835.0,1136.0,427.0,,817.0,1572.0,655.0,,1189.0,161.0,,,,1086.0,428.0,1586.0,,1180.0,,1534.0,151.0,813.0
,,1053.0,1159.0,258.0,1551.0,,1184.0,722.0,1660.0,,696.0,952.0,,,,830.0,83.0,267.0,,1394.0,,735.0,1413.0,1266.0
,,1107.0,1027.0,573.0,65.0,,1238.0,1538.0,1382.0,,636.0,124.0,,,,95.0,871.0,740.0,,631.0,,1156.0,554.0,1434.0
,,1415.0,666.0,906.0,681.0,,592.0,1631.0,582.0,,731.0,1394.0,,,,573.0,1224.0,313.0,,1005.0,,473.0,941.0,720.0
,,1195.0,630.0,442.0,1296.0,,1080.0,762.0,1002.0,,13.0,1103.0,,,,625.0,188.0,270.0,,1548.0,,845.0,224.0,1082.0
,,730.0,893.0,242.0,421.0,,80.0,628.0,1281.0,,451.0,1.0,,,,1107.0,1561.0,1280.0,,1388.0,,814.0,1166.0,1734.0
,,1654.0,292.0,1488.0,1068.0,,791.0,1729.0,1127.0,,801.0,313.0,,,,938.0,860.0,1227.0,,489.0,,372.0,751.0,57.0
,,1151.0,1671.0,1739.0,1074.0,,441.0,1718.0,1184.0,,1544.0,164.0,,,,724.0,669.0,585.0,,1527.0,,1584.0,972.0,1576.0
,,1743.0,1353.0,254.0,0.0,,1332.0,887.0,250.0,,152.0,587.0,,,,1641.0,892.0,325.0,,1429.0,,1476.0,1354.0,1637.0
,,1511.0,1067.0,1208.0,1273.0,,348.0,179.0,1165.0,,552.0,667.0,,,,1165.0,659.0,1700.0,,545.0,,1720.0,840.0,1633.0
,,1311.0,1229.0,48.0,1331.0,,1574.0,1420.0,693.0,,619.0,940.0,,,,23.0,598.0,806.0,,1146.0,,346.0,407.0,1196.0
,,752.0,299.0,312.0,1241.0,,1248.0,1384.0,783.0,,1086.0,1138.0,,,,600.0,624.0,110.0,,1208.0,,312.0,1388.0,145.0
,,1407.0,57.0,834.0,1448.0,,467.0,630.0,356.0,,1718.0,1340.0,,,,123.0,825.0,1638.0,,1682.0,,1660.0,719.0,687.0
,,23.0,572.0,1434.0,1479.0,,1503.0,145.0,673.0,,1703.0,820.0,,,,1168.0,1470.0,122.0,,1025.0,,1602.0,1048.0,1728.0
,,146.0,1270.0,939.0,907.0,,938.0,916.0,210.0,,541.0,634.0,,,,246.0,1485.0,125.0,,190.0,,1350.0,392.0,648.0
,,1061.0,1211.0,103.0,1610.0,,1446.0,1043.0,1090.0,,1052.0,366.0,,,,914.0,288.0,121.0,,1099.0,,1231.0,1523.0,1033.0
,,893.0,1390.0,78.0,1018.0,,1369.0,313.0,1320.0,,951.0,1628.0,,,,737.0,699.0,1443.0,,1349.0,,1342.0,1724.0,452.0
,,1224.0,1334.0,1005.0,685.0,,621.0,586.0,200.0,,189.0,1313.0,,,,268.0,117.0,511.0,,617.0,,1700.0,763.0,639.0
,,479.0,73.0,1668.0,1559.0,,1112.0,631.0,681.0,,344.0,169.0,,,,928.0,1626.0,1493.0,,1734.0,,1010.0,679.0,827.0
,,1342.0,246.0,203.0,1603.0,,1746.0,784.0,818.0,,372.0,457.0,,,,7.0,1232.0,583.0,,1581.0,,830.0,1252.0,825.0
,,511.0,825.0,1234.0,835.0,,1653.0,961.0,1054.0,,1245.0,62.0,,,,547.0,1164.0,1278.0,,1654.0,,1358.0,600.0,658.0
,,263.0,827.0,1536.0,7.0,,123.0,151.0,1718.0,,592.0,39.0,,,,1104.0,1399.0,1633.0,,138.0,,1018.0,341.0,803.0
,,977.0,651.0,1248.0,752.0,,163.0,480.0,978.0,,412.0,210.0,,,,1042.0,888.0,12.0,,670.0,,1604.0,826.0,1064.0
,,877.0,608.0,1288.0,1498.0,,878.0,653.0,716.0,,1521.0,292.0,,,,462.0,660.0,824.0,,881.0,,1305.0,885.0,1299.0
,,1284.0,410.0,680.0,160.0,,1530.0,1484.0,1035.0,,1714.0,937.0,,,,571.0,76.0,1382.0,,1487.0,,1129.0,786.0,1702.0
,,1138.0,35.0,1008.0,1268.0,,363.0,1192.0,546.0,,611.0,573.0,,,,882.0,1197.0,1541.0,,343.0,,94.0,105.0,1471.0
,,628.0,593.0,1413.0,1587.0,,196.0,851.0,926.0,,73.0,964.0,,,,1548.0,1029.0,1683.0,,847.0,,718.0,1294.0,833.0
,,362.0,1222.0,633.0,1427.0,,840.0,983.0,5.0,,378.0,421.0,,,,1429.0,1258.0,283.0,,149.0,,1353.0,947.0,1580.0
,,1343.0,1747.0,342.0,23.0,,368.0,130.0,1161.0,,183.0,1162.0,,,,770.0,1704.0,1344.0,,553.0,,1293.0,1629.0,115.0
,,1745.0,1616.0,1262.0,612.0,,1534.0,1151.0,1339.0,,871.0,1388.0,,,,560.0,593.0,56.0,,1601.0,,1696.0,785.0,1286.0
,,833.0,1257.0,1420.0,1029.0,,579.0,1388.0,1288.0,,288.0,591.0,,,,510.0,601.0,1701.0,,396.0,,105.0,1439.0,1705.0
,,957.0,1519.0,233.0,214.0,,1268.0,,1533.0,,700.0,224.0,,,,1405.0,88.0,609.0,,271.0,,592.0,701.0,1323.0
,,973.0,279.0,1219.0,1211.0,,307.0,,637.0,,1378.0,119.0,,,,711.0,1264.0,1352.0,,148.0,,726.0,385.0,132.0
,,1668.0,118.0,1406.0,690.0,,491.0,,646.0,,1432.0,185.0,,,,1520.0,439.0,496.0,,337.0,,1526.0,925.0,338.0
,,897.0,942.0,1014.0,1369.0,,209.0,,178.0,,1183.0,170.0,,,,219.0,911.0,107.0,,1640.0,,536.0,1498.0,96.0
,,964.0,808.0,60.0,138.0,,1063.0,,1595.0,,59.0,585.0,,,,872.0,1054.0,784.0,,1457.0,,818.0,1733.0,843.0
,,539.0,938.0,648.0,762.0,,1392.0,,1553.0,,435.0,396.0,,,,1383.0,527.0,1513.0,,323.0,,1458.0,916.0,1595.0
,,1620.0,878.0,523.0,953.0,,1454.0,,58.0,,1667.0,138.0,,,,403.0,1565.0,503.0,,263.0,,443.0,1668.0,615.0
,,890.0,1383.0,826.0,1328.0,,859.0,,711.0,,173.0,646.0,,,,383.0,168.0,1574.0,,572.0,,541.0,290.0,1089.0
,,1501.0,60.0,300.0,1573.0,,1740.0,,1555.0,,534.0,1078.0,,,,347.0,1240.0,1119.0,,428.0,,1504.0,1548.0,1129.0
,,644.0,1685.0,1039.0,1376.0,,1174.0,,797.0,,647.0,608.0,,,,559.0,1301.0,1018.0,,1201.0,,1615.0,1475.0,1221.0
,,96.0,1533.0,376.0,1300.0,,723.0,,904.0,,155.0,1184.0,,,,1552.0,171.0,1137.0,,139.0,,1008.0,1369.0,920.0
,,1541.0,998.0,1172.0,1561.0,,1423.0,,322.0,,524.0,878.0,,,,306.0,1154.0,172.0,,628.0,,1032.0,824.0,34.0
,,249.0,1347.0,1166.0,1414.0,,1204.0,,490.0,,215.0,1444.0,,,,486.0,1265.0,607.0,,1678.0,,1466.0,47.0,311.0
,,1363.0,366.0,659.0,1461.0,,300.0,,124.0,,780.0,899.0,,,,431.0,1188.0,618.0,,1704.0,,90.0,111.0,562.0
,,1584.0,715.0,144.0,411.0,,883.0,,504.0,,1003.0,659.0,,,,1696.0,365.0,1205.0,,220.0,,440.0,113.0,1353.0
,,701.0,933.0,850.0,940.0,,1287.0,,787.0,,200.0,1131.0,,,,1261.0,456.0,1366.0,,470.0,,734.0,6.0,809.0
,,482.0,749.0,98.0,1240.0,,852.0,,1003.0,,1246.0,1002.0,,,,698.0,539.0,1060.0,,944.0,,293.0,501.0,676.0
,,659.0,1371.0,921.0,1150.0,,229.0,,1145.0,,1238.0,1598.0,,,,1725.0,235.0,213.0,,1346.0,,1597.0,995.0,671.0
,,602.0,983.0,1535.0,971.0,,449.0,,702.0,,1616.0,1642.0,,,,470.0,1155.0,134.0,,1079.0,,1145.0,1095.0,1237.0
,,456.0,731.0,1115.0,70.0,,482.0,,677.0,,1528.0,60.0,,,,855.0,454.0,130.0,,1657.0,,305.0,780.0,1687.0
,,158.0,1174.0,494.0,901.0,,553.0,,1708.0,,312.0,1281.0,,,,1387.0,896.0,1287.0,,1039.0,,1322.0,481.0,1178.0
,,97.0,910.0,1579.0,541.0,,346.0,,217.0,,1728.0,1407.0,,,,979.0,179.0,1565.0,,1187.0,,1438.0,426.0,768.0
,,617.0,1540.0,17.0,163.0,,788.0,,668.0,,1216.0,887.0,,,,1305.0,450.0,1177.0,,394.0,,1418.0,1731.0,610.0
,,270.0,124.0,385.0,1516.0,,437.0,,468.0,,1428.0,1740.0,,,,588.0,60.0,396.0,,546.0,,1635.0,709.0,622.0
,,370.0,232.0,460.0,1541.0,,1340.0,,532.0,,1601.0,589.0,,,,1295.0,723.0,292.0,,1066.0,,246.0,227.0,1392.0
,,624.0,1112.0,1103.0,1334.0,,979.0,,804.0,,203.0,1430.0,,,,155.0,1591.0,1582.0,,1305.0,,1643.0,664.0,952.0
,,828.0,1287.0,1205.0,520.0,,777.0,,399.0,,900.0,95.0,,,,689.0,1325.0,1244.0,,1063.0,,1572.0,610.0,951.0
,,783.0,351.0,1718.0,715.0,,187.0,,527.0,,594.0,1342.0,,,,667.0,1053.0,1719.0,,588.0,,778.0,246.0,1536.0
,,722.0,1226.0,329.0,1112.0,,47.0,,51.0,,1407.0,1501.0,,,,1233.0,1223.0,1389.0,,1029.0,,387.0,531.0,210.0
,,150.0,296.0,1435.0,595.0,,244.0,,1376.0,,762.0,202.0,,,,1141.0,252.0,1111.0,,223.0,,1548.0,599.0,1372.0
,,1446.0,159.0,232.0,648.0,,601.0,,508.0,,517.0,1178.0,,,,795.0,546.0,149.0,,180.0,,1585.0,819.0,1192.0
,,392.0,134.0,439.0,124.0,,61.0,,686.0,,125.0,873.0,,,,1284.0,59.0,170.0,,736.0,,496.0,164.0,1389.0
,,363.0,1504.0,1012.0,1627.0,,176.0,,1057.0,,522.0,1515.0,,,,1328.0,80.0,1647.0,,923.0,,839.0,411.0,1732.0
,,591.0,635.0,1545.0,1380.0,,1041.0,,877.0,,201.0,205.0,,,,14.0,1712.0,1255.0,,117.0,,752.0,1591.0,1441.0
,,1671.0,183.0,457.0,716.0,,1378.0,,1466.0,,151.0,334.0,,,,511.0,1484.0,1620.0,,642.0,,61.0,243.0,703.0
,,630.0,975.0,227.0,271.0,,527.0,,1481.0,,177.0,1554.0,,,,1237.0,1674.0,899.0,,1097.0,,44.0,1137.0,1080.0
,,477.0,85.0,1532.0,1619.0,,725.0,,521.0,,326.0,1208.0,,,,1390.0,1226.0,1573.0,,1214.0,,470.0,27.0,1565.0
,,394.0,1593.0,771.0,709.0,,1537.0,,42.0,,254.0,177.0,,,,634.0,183.0,1563.0,,1238.0,,1568.0,1657.0,60.0
,,1591.0,641.0,1474.0,1164.0,,112.0,,573.0,,575.0,680.0,,,,476.0,8.0,1078.0,,1369.0,,621.0,684.0,1190.0
,,905.0,708.0,1655.0,1596.0,,160.0,,1107.0,,1182.0,1604.0,,,,942.0,1270.0,632.0,,1542.0,,1055.0,54.0,441.0
,,667.0,1235.0,339.0,961.0,,899.0,,1413.0,,1696.0,552.0,,,,1073.0,1645.0,1173.0,,1646.0,,306.0,958.0,468.0
,,105.0,785.0,1304.0,1078.0,,807.0,,835.0,,825.0,315.0,,,,585.0,745.0,1589.0,,186.0,,1321.0,1691.0,1044.0
,,280.0,74.0,1663.0,1374.0,,1451.0,,717.0,,1416.0,1566.0,,,,1403.0,26.0,1409.0,,800.0,,174.0,150.0,363.0
,,831.0,1429.0,810.0,369.0,,1345.0,,110.0,,1143.0,176.0,,,,1519.0,156.0,329.0,,1348.0,,903.0,156.0,25.0
,,1567.0,1290.0,1006.0,87.0,,320.0,,749.0,,187.0,538.0,,,,1085.0,1271.0,1515.0,,1490.0,,609.0,954.0,1187.0
,,1076.0,1039.0,1215.0,888.0,,1390.0,,1234.0,,1329.0,793.0,,,,1072.0,538.0,1604.0,,252.0,,632.0,634.0,111.0
,,1595.0,450.0,917.0,1406.0,,1636.0,,6.0,,1226.0,195.0,,,,317.0,251.0,718.0,,388.0,,655.0,558.0,262.0
,,1432.0,568.0,1677.0,1042.0,,1318.0,,4.0,,1330.0,1469.0,,,,716.0,175.0,136.0,,205.0,,742.0,883.0,1060.0
,,256.0,173.0,1501.0,1359.0,,1497.0,,1556.0,,1449.0,235.0,,,,832.0,12.0,1569.0,,196.0,,1205.0,1609.0,1546.0
,,841.0,1343.0,609.0,1346.0,,1002.0,,1321.0,,44.0,1632.0,,,,98.0,1458.0,1594.0,,1243.0,,1425.0,1397.0,118.0
,,880.0,1004.0,281.0,1289.0,,195.0,,1401.0,,1237.0,1518.0,,,,730.0,1412.0,199.0,,1122.0,,358.0,490.0,173.0
,,1298.0,1613.0,665.0,686.0,,1064.0,,1700.0,,214.0,575.0,,,,1208.0,494.0,885.0,,1141.0,,1469.0,704.0,385.0
,,738.0,530.0,1592.0,184.0,,707.0,,1419.0,,1405.0,1021.0,,,,75.0,671.0,1425.0,,290.0,,1532.0,1529.0,1042.0
,,664.0,373.0,1283.0,490.0,,1039.0,,594.0,,354.0,1429.0,,,,249.0,824.0,1117.0,,527.0,,1062.0,1416.0,684.0
,,126.0,432.0,347.0,1070.0,,1093.0,,523.0,,1687.0,1246.0,,,,1578.0,417.0,1624.0,,1662.0,,703.0,1547.0,1723.0
,,837.0,359.0,217.0,102.0,,1658.0,,1174.0,,1089.0,342.0,,,,1557.0,1351.0,612.0,,1050.0,,274.0,65.0,1518.0
,,1498.0,1432.0,1593.0,906.0,,67.0,,138.0,,1130.0,1605.0,,,,1362.0,334.0,1682.0,,1185.0,,29.0,1122.0,386.0
,,1048.0,1451.0,200.0,242.0,,1382.0,,1665.0,,625.0,1703.0,,,,1344.0,919.0,9.0,,906.0,,710.0,239.0,246.0
,,1247.0,1295.0,615.0,1352.0,,1706.0,,864.0,,1090.0,586.0,,,,1606.0,1052.0,867.0,,189.0,,398.0,1510.0,110.0
,,449.0,156.0,1624.0,1045.0,,360.0,,1248.0,,154.0,1507.0,,,,1732.0,1476.0,1116.0,,376.0,,1083.0,898.0,928.0
,,688.0,38.0,975.0,294.0,,1689.0,,998.0,,1314.0,1743.0,,,,153.0,572.0,1268.0,,1403.0,,1033.0,1617.0,1478.0
,,1256.0,1256.0,1061.0,1715.0,,1456.0,,24.0,,269.0,603.0,,,,1329.0,920.0,307.0,,1733.0,,957.0,75.0,973.0
,,1201.0,760.0,1227.0,1400.0,,939.0,,1287.0,,1462.0,995.0,,,,673.0,1195.0,179.0,,292.0,,1519.0,1443.0,797.0
,,1708.0,1413.0,433.0,1091.0,,624.0,,1465.0,,1063.0,30.0,,,,265.0,1564.0,573.0,,1062.0,,26.0,1661.0,1059.0
,,1469.0,1218.0,526.0,262.0,,957.0,,375.0,,374.0,261.0,,,,863.0,1439.0,559.0,,1076.0,,1561.0,1384.0,1724.0
,,299.0,1677.0,697.0,785.0,,1692.0,,628.0,,1406.0,534.0,,,,131.0,173.0,478.0,,1286.0,,1583.0,1004.0,755.0
,,658.0,1672.0,893.0,118.0,,391.0,,765.0,,400.0,24.0,,,,957.0,870.0,1282.0,,788.0,,900.0,217.0,1004.0
,,1082.0,1118.0,938.0,399.0,,188.0,,1608.0,,239.0,601.0,,,,1592.0,1716.0,505.0,,606.0,,1220.0,1713.0,1714.0
,,1379.0,287.0,1042.0,481.0,,1106.0,,0.0,,1263.0,1630.0,,,,1422.0,819.0,1265.0,,600.0,,547.0,245.0,350.0
,,892.0,1061.0,422.0,207.0,,468.0,,1394.0,,1393.0,1717.0,,,,303.0,1171.0,1232.0,,1149.0,,973.0,1563.0,231.0
,,1001.0,1495.0,803.0,761.0,,199.0,,363.0,,664.0,1008.0,,,,312.0,1676.0,282.0,,1340.0,,651.0,1698.0,1651.0
,,219.0,314.0,1643.0,976.0,,1704.0,,451.0,,1723.0,1144.0,,,,545.0,1152.0,1439.0,,781.0,,637.0,1155.0,1160.0
,,403.0,1661.0,479.0,659.0,,525.0,,612.0,,1629.0,1048.0,,,,1154.0,960.0,459.0,,632.0,,569.0,894.0,770.0
,,344.0,1138.0,861.0,1152.0,,1645.0,,226.0,,1014.0,1359.0,,,,1736.0,915.0,1045.0,,1256.0,,232.0,1308.0,1267.0
,,963.0,175.0,1741.0,79.0,,184.0,,985.0,,1147.0,1238.0,,,,1440.0,468.0,1247.0,,1113.0,,210.0,1126.0,544.0
,,1725.0,489.0,908.0,72.0,,1701.0,,154.0,,1205.0,700.0,,,,336.0,337.0,1016.0,,1586.0,,1444.0,1452.0,574.0
,,1359.0,1041.0,619.0,674.0,,1158.0,,368.0,,973.0,147.0,,,,1388.0,1596.0,531.0,,1161.0,,948.0,740.0,923.0
,,148.0,1195.0,1479.0,1031.0,,846.0,,209.0,,637.0,1533.0,,,,930.0,203.0,214.0,,1332.0,,144.0,621.0,805.0
,,1551.0,151.0,996.0,677.0,,141.0,,98.0,,235.0,1001.0,,,,240.0,588.0,596.0,,1559.0,,1404.0,1319.0,444.0
,,85.0,323.0,733.0,1138.0,,1223.0,,994.0,,124.0,1050.0,,,,1452.0,1491.0,935.0,,179.0,,1016.0,1317.0,10.0
,,333.0,1729.0,1043.0,1109.0,,1578.0,,767.0,,516.0,955.0,,,,413.0,541.0,996.0,,1589.0,,46.0,5.0,1227.0
,,1652.0,647.0,782.0,1229.0,,1524.0,,1236.0,,291.0,455.0,,,,115.0,502.0,795.0,,633.0,,601.0,1669.0,85.0
,,670.0,1588.0,65.0,1005.0,,1666.0,,924.0,,1404.0,278.0,,,,885.0,1411.0,1596.0,,820.0,,614.0,892.0,686.0
,,99.0,457.0,766.0,458.0,,1717.0,,854.0,,1187.0,1633.0,,,,367.0,542.0,34.0,,229.0,,150.0,1135.0,155.0
,,1418.0,598.0,210.0,363.0,,1698.0,,627.0,,95.0,1302.0,,,,1704.0,1661.0,1608.0,,298.0,,489.0,404.0,1727.0
,,1033.0,565.0,1383.0,59.0,,926.0,,377.0,,751.0,388.0,,,,663.0,1317.0,1121.0,,1468.0,,1541.0,502.0,199.0
,,156.0,283.0,177.0,407.0,,944.0,,1229.0,,1641.0,1441.0,,,,1631.0,742.0,248.0,,1100.0,,548.0,1699.0,321.0
,,813.0,1085.0,608.0,1234.0,,1067.0,,920.0,,285.0,770.0,,,,463.0,1394.0,929.0,,1426.0,,147.0,303.0,244.0
,,1391.0,588.0,1450.0,175.0,,1631.0,,195.0,,248.0,1723.0,,,,1110.0,144.0,471.0,,1431.0,,514.0,1226.0,82.0
,,125.0,260.0,111.0,1285.0,,1401.0,,109.0,,276.0,57.0,,,,160.0,690.0,565.0,,1610.0,,1050.0,276.0,867.0
,,1333.0,1213.0,251.0,1265.0,,1431.0,,221.0,,1645.0,1738.0,,,,944.0,797.0,1609.0,,1361.0,,27.0,582.0,733.0
,,1575.0,72.0,195.0,1337.0,,1323.0,,243.0,,357.0,1350.0,,,,825.0,1315.0,99.0,,1560.0,,1509.0,568.0,714.0
,,183.0,1494.0,1516.0,491.0,,1085.0,,674.0,,1704.0,1153.0,,,,1476.0,1681.0,1174.0,,322.0,,1485.0,417.0,572.0
,,538.0,1209.0,830.0,197.0,,1558.0,,1049.0,,1473.0,23.0,,,,1182.0,399.0,1379.0,,903.0,,1456.0,1219.0,396.0
,,1052.0,1232.0,702.0,464.0,,1718.0,,253.0,,1175.0,253.0,,,,1294.0,1680.0,1641.0,,614.0,,208.0,493.0,570.0
,,784.0,1146.0,1018.0,351.0,,25.0,,910.0,,518.0,1620.0,,,,1509.0,839.0,419.0,,1552.0,,1488.0,1726.0,669.0
,,1356.0,404.0,1137.0,178.0,,1521.0,,1317.0,,1443.0,1440.0,,,,361.0,1138.0,1165.0,,1219.0,,334.0,425.0,1020.0
,,1701.0,1732.0,372.0,1194.0,,264.0,,723.0,,1233.0,1118.0,,,,797.0,1683.0,1537.0,,512.0,,486.0,434.0,1132.0
,,210.0,395.0,775.0,120.0,,1601.0,,572.0,,9.0,566.0,,,,760.0,1222.0,385.0,,1322.0,,234.0,1165.0,982.0
,,1548.0,1561.0,997.0,1259.0,,388.0,,1182.0,,1339.0,1032.0,,,,161.0,1287.0,1660.0,,306.0,,1462.0,1125.0,355.0
,,680.0,1361.0,175.0,1693.0,,90.0,,1245.0,,16.0,97.0,,,,9.0,755.0,684.0,,915.0,,1159.0,466.0,1056.0
,,1719.0,154.0,1673.0,1492.0,,1295.0,,588.0,,0.0,308.0,,,,297.0,1088.0,966.0,,153.0,,798.0,759.0,1737.0
,,357.0,1441.0,1258.0,1623.0,,435.0,,738.0,,542.0,1104.0,,,,467.0,1595.0,1477.0,,1004.0,,1412.0,865.0,1572.0
,,991.0,571.0,1126.0,1115.0,,240.0,,1571.0,,736.0,661.0,,,,798.0,885.0,1664.0,,1244.0,,1251.0,1199.0,479.0
,,1313.0,22.0,411.0,493.0,,343.0,,889.0,,756.0,628.0,,,,401.0,211.0,362.0,,1440.0,,1631.0,1082.0,400.0
,,272.0,1214.0,448.0,1626.0,,906.0,,785.0,,764.0,1099.0,,,,1512.0,1653.0,1398.0,,132.0,,1139.0,887.0,1025.0
,,1486.0,1245.0,1305.0,525.0,,485.0,,1522.0,,1657.0,547.0,,,,187.0,1389.0,883.0,,1115.0,,1356.0,1718.0,1235.0
,,592.0,1645.0,798.0,714.0,,455.0,,41.0,,41.0,1520.0,,,,993.0,143.0,1704.0,,1502.0,,1521.0,115.0,1479.0
,,512.0,1445.0,801.0,997.0,,1493.0,,90.0,,1060.0,483.0,,,,1274.0,295.0,904.0,,97.0,,104.0,1260.0,1487.0
,,540.0,896.0,843.0,1379.0,,1453.0,,1038.0,,578.0,907.0,,,,1108.0,1669.0,586.0,,902.0,,764.0,1120.0,389.0
,,1528.0,1047.0,296.0,451.0,,537.0,,913.0,,232.0,327.0,,,,700.0,1364.0,919.0,,1595.0,,831.0,1409.0,1672.0
,,1490.0,1131.0,196.0,741.0,,509.0,,480.0,,457.0,1036.0,,,,469.0,240.0,466.0,,1400.0,,952.0,514.0,296.0
,,874.0,1666.0,1041.0,634.0,,1014.0,,54.0,,576.0,1435.0,,,,164.0,589.0,227.0,,559.0,,258.0,1010.0,1593.0
,,668.0,1655.0,21.0,30.0,,1069.0,,936.0,,924.0,707.0,,,,604.0,751.0,1520.0,,1088.0,,75.0,1625.0,702.0
,,89.0,673.0,746.0,290.0,,1428.0,,1580.0,,1744.0,627.0,,,,515.0,792.0,1655.0,,853.0,,1080.0,926.0,1640.0
,,1586.0,924.0,4.0,1327.0,,827.0,,906.0,,1682.0,285.0,,,,1056.0,857.0,1193.0,,711.0,,810.0,963.0,1005.0
,,486.0,1078.0,1319.0,1747.0,,1531.0,,476.0,,32.0,636.0,,,,1562.0,889.0,160.0,,671.0,,207.0,446.0,1290.0
,,1130.0,14.0,389.0,306.0,,350.0,,1272.0,,1031.0,1139.0,,,,506.0,446.0,442.0,,1453.0,,297.0,884.0,279.0
,,1338.0,961.0,5.0,515.0,,1724.0,,1693.0,,1433.0,1149.0,,,,1622.0,462.0,1696.0,,1483.0,,216.0,843.0,1371.0
,,1174.0,963.0,588.0,240.0,,1161.0,,219.0,,584.0,479.0,,,,868.0,87.0,225.0,,1402.0,,469.0,1616.0,37.0
,,795.0,1652.0,1110.0,389.0,,193.0,,,,172.0,431.0,,,,1065.0,1001.0,1130.0,,865.0,,840.0,1597.0,705.0
,,1691.0,1373.0,107.0,592.0,,980.0,,,,1420.0,1410.0,,,,1462.0,921.0,528.0,,841.0,,519.0,1517.0,655.0
,,792.0,1510.0,1503.0,553.0,,1639.0,,,,1661.0,752.0,,,,544.0,1266.0,357.0,,982.0,,88.0,708.0,227.0
,,1168.0,1501.0,378.0,824.0,,151.0,,,,1083.0,1285.0,,,,69.0,581.0,854.0,,1056.0,,646.0,207.0,1163.0
,,1470.0,1402.0,1191.0,938.0,,51.0,,,,720.0,1672.0,,,,473.0,348.0,1092.0,,128.0,,1544.0,929.0,1588.0
,,1702.0,1428.0,1183.0,336.0,,1612.0,,,,1007.0,1412.0,,,,1064.0,1398.0,154.0,,1232.0,,107.0,905.0,935.0
,,955.0,231.0,1727.0,1416.0,,1424.0,,,,1499.0,1676.0,,,,112.0,831.0,550.0,,19.0,,461.0,694.0,1744.0
,,1261.0,1530.0,1106.0,73.0,,759.0,,,,1158.0,684.0,,,,1536.0,1231.0,458.0,,653.0,,63.0,1630.0,135.0
,,1152.0,80.0,137.0,747.0,,599.0,,,,1213.0,105.0,,,,148.0,196.0,1331.0,,596.0,,383.0,1355.0,699.0
,,555.0,970.0,67.0,1655.0,,1654.0,,,,1127.0,341.0,,,,666.0,230.0,959.0,,1474.0,,1489.0,1454.0,478.0
,,1202.0,372.0,1093.0,392.0,,1374.0,,,,1053.0,1081.0,,,,1600.0,993.0,1020.0,,1664.0,,1478.0,1167.0,1722.0
,,1231.0,864.0,1623.0,1061.0,,881.0,,,,1197.0,961.0,,,,1678.0,908.0,302.0,,58.0,,1054.0,1232.0,1694.0
,,1506.0,1433.0,1386.0,923.0,,687.0,,,,1244.0,104.0,,,,640.0,1037.0,857.0,,697.0,,847.0,639.0,860.0
,,1158.0,264.0,1352.0,1298.0,,699.0,,,,653.0,1597.0,,,,619.0,583.0,445.0,,176.0,,501.0,733.0,1603.0
,,386.0,162.0,622.0,1418.0,,72.0,,,,195.0,439.0,,,,1207.0,1715.0,801.0,,1254.0,,824.0,480.0,447.0
,,1564.0,466.0,664.0,426.0,,1244.0,,,,1507.0,8.0,,,,759.0,406.0,200.0,,1304.0,,98.0,712.0,303.0
,,944.0,1011.0,1670.0,1221.0,,257.0,,,,1409.0,1362.0,,,,1036.0,1415.0,591.0,,399.0,,1046.0,176.0,397.0
,,322.0,582.0,863.0,1349.0,,1473.0,,,,1622.0,1545.0,,,,1243.0,891.0,339.0,,1592.0,,789.0,1451.0,1643.0
,,87.0,1246.0,1648.0,1566.0,,689.0,,,,314.0,1544.0,,,,567.0,1475.0,420.0,,687.0,,266.0,1322.0,326.0
,,1377.0,710.0,556.0,726.0,,965.0,,,,375.0,842.0,,,,1573.0,1368.0,237.0,,1690.0,,39.0,1627.0,122.0
,,345.0,417.0,1218.0,1386.0,,75.0,,,,656.0,1745.0,,,,1310.0,425.0,983.0,,183.0,,600.0,,1111.0
,,1213.0,392.0,1056.0,1509.0,,964.0,,,,1276.0,727.0,,,,708.0,6.0,1048.0,,1266.0,,1098.0,,583.0
,,801.0,1509.0,1638.0,687.0,,876.0,,,,191.0,1346.0,,,,489.0,1341.0,990.0,,809.0,,705.0,,5.0
,,861.0,1726.0,1507.0,100.0,,1225.0,,,,585.0,910.0,,,,575.0,1013.0,800.0,,1408.0,,772.0,,523.0
,,67.0,435.0,493.0,1470.0,,557.0,,,,1609.0,265.0,,,,1492.0,359.0,906.0,,898.0,,559.0,,1356.0
,,776.0,705.0,695.0,1621.0,,1274.0,,,,539.0,17.0,,,,118.0,94.0,1120.0,,1120.0,,1264.0,,342.0
,,320.0,391.0,784.0,1294.0,,104.0,,,,1058.0,435.0,,,,1404.0,180.0,68.0,,144.0,,129.0,,1468.0
,,1209.0,599.0,387.0,1295.0,,1241.0,,,,804.0,930.0,,,,1444.0,630.0,311.0,,299.0,,874.0,,347.0
,,300.0,1329.0,1334.0,192.0,,978.0,,,,1493.0,1071.0,,,,762.0,105.0,553.0,,695.0,,1261.0,,409.0
,,1557.0,1464.0,703.0,606.0,,658.0,,,,1208.0,451.0,,,,322.0,995.0,277.0,,837.0,,262.0,,1051.0
,,47.0,754.0,1344.0,1477.0,,1529.0,,,,1484.0,519.0,,,,1008.0,746.0,1386.0,,565.0,,1392.0,,921.0
,,1537.0,312.0,264.0,1372.0,,1414.0,,,,401.0,1242.0,,,,1270.0,189.0,6.0,,4.0,,1728.0,,880.0
,,1368.0,71.0,156.0,1638.0,,880.0,,,,1008.0,1055.0,,,,501.0,159.0,752.0,,313.0,,259.0,,1666.0
,,459.0,339.0,1034.0,1554.0,,1466.0,,,,1424.0,554.0,,,,1670.0,487.0,1540.0,,423.0,,1656.0,,1591.0
,,163.0,1311.0,1550.0,893.0,,962.0,,,,347.0,31.0,,,,702.0,1039.0,315.0,,857.0,,1154.0,,848.0
,,1596.0,797.0,722.0,269.0,,1555.0,,,,396.0,914.0,,,,987.0,366.0,366.0,,1520.0,,912.0,,1159.0
,,120.0,1406.0,1015.0,1020.0,,92.0,,,,860.0,594.0,,,,1610.0,29.0,372.0,,623.0,,671.0,,1396.0
,,723.0,769.0,945.0,265.0,,954.0,,,,1431.0,163.0,,,,516.0,328.0,1530.0,,586.0,,1719.0,,1483.0
,,420.0,1567.0,288.0,865.0,,1366.0,,,,332.0,18.0,,,,94.0,823.0,379.0,,1157.0,,591.0,,339.0
,,1029.0,1386.0,1667.0,153.0,,1170.0,,,,926.0,25.0,,,,785.0,394.0,1480.0,,1028.0,,1212.0,,740.0
,,726.0,866.0,104.0,849.0,,111.0,,,,166.0,1383.0,,,,755.0,1198.0,73.0,,1455.0,,1547.0,,1547.0
,,1413.0,76.0,598.0,183.0,,1590.0,,,,984.0,1098.0,,,,1007.0,1648.0,1303.0,,824.0,,733.0,,1077.0
,,1216.0,631.0,1231.0,964.0,,785.0,,,,935.0,314.0,,,,960.0,150.0,556.0,,668.0,,463.0,,567.0
,,297.0,790.0,508.0,927.0,,545.0,,,,1336.0,654.0,,,,1710.0,504.0,659.0,,52.0,,747.0,,1721.0
,,705.0,297.0,1269.0,1309.0,,342.0,,,,1500.0,1105.0,,,,196.0,1377.0,176.0,,412.0,,1371.0,,766.0
,,625.0,996.0,214.0,17.0,,1192.0,,,,1091.0,544.0,,,,100.0,385.0,1014.0,,1737.0,,281.0,,1176.0
,,1306.0,1323.0,37.0,213.0,,1162.0,,,,487.0,251.0,,,,763.0,1579.0,687.0,,1573.0,,599.0,,1429.0
,,838.0,32.0,632.0,39.0,,1257.0,,,,765.0,1459.0,,,,1539.0,1316.0,604.0,,269.0,,1337.0,,651.0
,,310.0,420.0,503.0,773.0,,1501.0,,,,972.0,1368.0,,,,1553.0,1130.0,1353.0,,1384.0,,367.0,,1259.0
,,1365.0,611.0,1482.0,707.0,,323.0,,,,1541.0,428.0,,,,671.0,724.0,991.0,,1681.0,,719.0,,947.0
,,1720.0,423.0,152.0,14.0,,668.0,,,,643.0,316.0,,,,1607.0,959.0,1428.0,,338.0,,120.0,,936.0
,,712.0,1387.0,1315.0,724.0,,304.0,,,,669.0,771.0,,,,1020.0,67.0,1387.0,,1695.0,,737.0,,1459.0
,,580.0,1362.0,1222.0,473.0,,263.0,,,,671.0,720.0,,,,1503.0,1569.0,1127.0,,904.0,,1598.0,,596.0
,,138.0,50.0,55.0,960.0,,367.0,,,,658.0,857.0,,,,127.0,207.0,173.0,,1331.0,,893.0,,917.0
,,774.0,356.0,1216.0,273.0,,24.0,,,,1179.0,755.0,,,,668.0,1262.0,665.0,,404.0,,125.0,,1191.0
,,354.0,409.0,616.0,29.0,,812.0,,,,1095.0,215.0,,,,1286.0,1538.0,923.0,,1563.0,,243.0,,1348.0
,,232.0,521.0,1087.0,1306.0,,552.0,,,,965.0,584.0,,,,39.0,1493.0,405.0,,909.0,,1582.0,,240.0
,,1236.0,1342.0,23.0,461.0,,117.0,,,,164.0,1197.0,,,,806.0,680.0,938.0,,655.0,,1565.0,,1423.0
,,1515.0,1135.0,857.0,1214.0,,1277.0,,,,1349.0,382.0,,,,184.0,1622.0,203.0,,1399.0,,1625.0,,1142.0
,,1572.0,15.0,1116.0,1648.0,,337.0,,,,430.0,217.0,,,,1293.0,686.0,424.0,,391.0,,1319.0,,1320.0
,,1165.0,764.0,600.0,1249.0,,480.0,,,,993.0,300.0,,,,1465.0,1127.0,1241.0,,1409.0,,300.0,,1055.0
,,609.0,311.0,360.0,1330.0,,232.0,,,,1340.0,273.0,,,,46.0,1420.0,1036.0,,1588.0,,115.0,,727.0
,,222.0,1521.0,166.0,1532.0,,1045.0,,,,758.0,778.0,,,,106.0,1453.0,470.0,,573.0,,588.0,,475.0
,,1067.0,1576.0,1711.0,995.0,,969.0,,,,293.0,748.0,,,,743.0,932.0,584.0,,371.0,,898.0,,1548.0
,,1079.0,709.0,1128.0,1698.0,,718.0,,,,786.0,929.0,,,,1416.0,1722.0,455.0,,1613.0,,393.0,,1482.0
,,229.0,930.0,1049.0,241.0,,863.0,,,,1319.0,1513.0,,,,482.0,862.0,818.0,,1528.0,,1529.0,,143.0
,,692.0,64.0,666.0,1316.0,,1164.0,,,,91.0,4.0,,,,626.0,1131.0,625.0,,232.0,,959.0,,847.0
,,366.0,1421.0,1390.0,1408.0,,1644.0,,,,329.0,478.0,,,,428.0,422.0,72.0,,1676.0,,1397.0,,1435.0
,,1282.0,935.0,1164.0,1641.0,,1224.0,,,,794.0,1645.0,,,,1439.0,202.0,1639.0,,303.0,,777.0,,1609.0
,,563.0,945.0,1495.0,744.0,,1632.0,,,,977.0,1189.0,,,,1311.0,1507.0,691.0,,759.0,,375.0,,251.0
,,994.0,65.0,651.0,1256.0,,,,,,1346.0,1077.0,,,,1496.0,73.0,1690.0,,1048.0,,142.0,,1703.0
,,400.0,852.0,77.0,452.0,,,,,,1298.0,20.0,,,,159.0,1504.0,1461.0,,331.0,,1494.0,,1730.0
,,1119.0,1388.0,946.0,211.0,,,,,,521.0,1274.0,,,,1382.0,65.0,1706.0,,25.0,,1133.0,,324.0
,,161.0,875.0,1152.0,218.0,,,,,,464.0,1082.0,,,,110.0,1406.0,999.0,,1061.0,,1535.0,,1205.0
,,1375.0,344.0,1491.0,330.0,,,,,,1254.0,476.0,,,,272.0,1647.0,1380.0,,862.0,,1687.0,,1203.0
,,936.0,1129.0,948.0,1210.0,,,,,,218.0,1223.0,,,,437.0,757.0,1242.0,,1686.0,,1036.0,,482.0
,,766.0,1000.0,922.0,239.0,,,,,,462.0,1031.0,,,,880.0,1221.0,1466.0,,182.0,,15.0,,855.0
,,321.0,389.0,535.0,760.0,,,,,,1356.0,881.0,,,,90.0,1144.0,152.0,,971.0,,672.0,,1296.0
,,90.0,518.0,1561.0,1667.0,,,,,,899.0,754.0,,,,1198.0,44.0,94.0,,160.0,,1387.0,,513.0
,,1602.0,1488.0,1602.0,689.0,,,,,,967.0,1485.0,,,,1468.0,835.0,236.0,,1125.0,,145.0,,1300.0
,,946.0,1276.0,1649.0,18.0,,,,,,1735.0,1086.0,,,,1149.0,689.0,1027.0,,207.0,,720.0,,226.0
,,1653.0,719.0,1620.0,168.0,,,,,,1680.0,1521.0,,,,49.0,1145.0,501.0,,685.0,,1349.0,,745.0
,,1455.0,1381.0,661.0,521.0,,,,,,338.0,539.0,,,,273.0,1717.0,297.0,,645.0,,612.0,,1566.0
,,932.0,263.0,36.0,401.0,,,,,,660.0,1693.0,,,,143.0,1523.0,66.0,,1464.0,,1594.0,,1410.0
,,1081.0,327.0,1339.0,382.0,,,,,,1073.0,1013.0,,,,791.0,722.0,1086.0,,1612.0,,1177.0,,174.0
,,1070.0,778.0,352.0,1086.0,,,,,,1325.0,1649.0,,,,430.0,449.0,572.0,,1525.0,,1313.0,,876.0
,,1385.0,1500.0,1314.0,57.0,,,,,,395.0,1215.0,,,,1230.0,330.0,1277.0,,1126.0,,1616.0,,477.0
,,1211.0,803.0,988.0,1393.0,,,,,,346.0,1205.0,,,,388.0,1735.0,1511.0,,710.0,,298.0,,1312.0
,,615.0,626.0,682.0,746.0,,,,,,1080.0,1709.0,,,,709.0,1533.0,551.0,,1248.0,,984.0,,1272.0
,,1276.0,45.0,295.0,449.0,,,,,,1426.0,523.0,,,,672.0,427.0,1056.0,,1629.0,,899.0,,1254.0
,,337.0,1267.0,100.0,359.0,,,,,,623.0,718.0,,,,171.0,190.0,1337.0,,579.0,,1064.0,,901.0
,,899.0,1526.0,68.0,844.0,,,,,,1479.0,618.0,,,,675.0,95.0,834.0,,78.0,,447.0,,618.0
,,312.0,921.0,13.0,282.0,,,,,,1384.0,1240.0,,,,1156.0,707.0,882.0,,1584.0,,227.0,,961.0
,,906.0,570.0,1659.0,783.0,,,,,,1341.0,715.0,,,,1720.0,1431.0,1736.0,,583.0,,194.0,,887.0
,,1561.0,329.0,774.0,1702.0,,,,,,1172.0,663.0,,,,792.0,1693.0,1335.0,,1407.0,,1550.0,,195.0
,,1351.0,1422.0,1588.0,201.0,,,,,,1118.0,1218.0,,,,1125.0,304.0,1478.0,,963.0,,897.0,,437.0
,,1027.0,1461.0,1084.0,22.0,,,,,,301.0,1748.0,,,,1470.0,42.0,1188.0,,955.0,,12.0,,937.0
,,25.0,474.0,402.0,609.0,,,,,,1379.0,795.0,,,,680.0,283.0,733.0,,1272.0,,1740.0,,255.0
,,22.0,1524.0,862.0,986.0,,,,,,1588.0,420.0,,,,597.0,1590.0,1457.0,,1335.0,,131.0,,1636.0
,,1682.0,341.0,747.0,980.0,,,,,,407.0,1262.0,,,,1281.0,374.0,761.0,,702.0,,1745.0,,1528.0
,,715.0,1023.0,83.0,755.0,,,,,,104.0,301.0,,,,1070.0,929.0,285.0,,41.0,,171.0,,1344.0
,,1730.0,1090.0,833.0,898.0,,,,,,1520.0,1735.0,,,,1173.0,1695.0,944.0,,1273.0,,1006.0,,545.0
,,547.0,1150.0,710.0,645.0,,,,,,1697.0,1167.0,,,,1148.0,719.0,898.0,,907.0,,116.0,,463.0
,,147.0,944.0,1730.0,699.0,,,,,,502.0,792.0,,,,565.0,157.0,114.0,,1209.0,,1424.0,,309.0
,,1099.0,101.0,1735.0,139.0,,,,,,1698.0,689.0,,,,706.0,1267.0,57.0,,1512.0,,479.0,,1263.0
,,228.0,1398.0,1235.0,532.0,,,,,,1583.0,1725.0,,,,537.0,7.0,383.0,,461.0,,1310.0,,642.0
,,635.0,680.0,85.0,181.0,,,,,,1015.0,175.0,,,,1724.0,326.0,1089.0,,1621.0,,894.0,,1454.0
,,1430.0,994.0,122.0,1043.0,,,,,,1215.0,1343.0,,,,823.0,933.0,49.0,,53.0,,454.0,,1610.0
,,1649.0,1289.0,974.0,1301.0,,,,,,687.0,824.0,,,,354.0,711.0,473.0,,733.0,,1199.0,,1685.0
,,1618.0,328.0,148.0,334.0,,,,,,550.0,503.0,,,,1247.0,1260.0,103.0,,1671.0,,173.0,,266.0
,,773.0,949.0,1002.0,887.0,,,,,,1128.0,744.0,,,,761.0,223.0,723.0,,1460.0,,270.0,,1506.0
,,1102.0,1121.0,1013.0,1228.0,,,,,,1677.0,1555.0,,,,1624.0,471.0,1267.0,,385.0,,1450.0,,367.0
,,1193.0,1104.0,28.0,1671.0,,,,,,1296.0,1015.0,,,,320.0,843.0,1514.0,,1288.0,,993.0,,1084.0
,,1405.0,729.0,395.0,1622.0,,,,,,914.0,1602.0,,,,1748.0,332.0,8.0,,1128.0,,766.0,,1370.0
,,859.0,130.0,865.0,637.0,,,,,,281.0,949.0,,,,1054.0,1202.0,374.0,,311.0,,858.0,,264.0
,,883.0,1204.0,146.0,926.0,,,,,,101.0,1572.0,,,,1599.0,1691.0,1434.0,,1260.0,,1113.0,,1291.0
,,1398.0,1084.0,1221.0,354.0,,,,,,1570.0,1607.0,,,,1409.0,1246.0,1147.0,,101.0,,291.0,,787.0
,,1290.0,702.0,612.0,1699.0,,,,,,544.0,1174.0,,,,1306.0,451.0,677.0,,1333.0,,1698.0,,652.0
,,1627.0,841.0,22.0,1219.0,,,,,,90.0,509.0,,,,202.0,412.0,1462.0,,1154.0,,133.0,,782.0
,,496.0,557.0,246.0,368.0,,,,,,673.0,1493.0,,,,395.0,250.0,414.0,,1072.0,,524.0,,481.0
,,103.0,1482.0,1660.0,1674.0,,,,,,325.0,1588.0,,,,1180.0,1189.0,1595.0,,44.0,,1263.0,,1366.0
,,500.0,1144.0,1496.0,504.0,,,,,,193.0,858.0,,,,1471.0,116.0,1612.0,,1689.0,,253.0,,222.0
,,948.0,2.0,1121.0,1657.0,,,,,,1206.0,830.0,,,,1001.0,300.0,903.0,,195.0,,495.0,,1238.0
,,251.0,145.0,1133.0,704.0,,,,,,934.0,957.0,,,,111.0,573.0,1721.0,,1630.0,,1593.0,,1638.0
,,1411.0,1238.0,1650.0,371.0,,,,,,485.0,214.0,,,,449.0,379.0,840.0,,743.0,,659.0,,230.0
,,745.0,505.0,193.0,1632.0,,,,,,1602.0,386.0,,,,282.0,81.0,1161.0,,464.0,,1659.0,,807.0
,,387.0,109.0,724.0,796.0,,,,,,298.0,1269.0,,,,345.0,1630.0,1712.0,,192.0,,1562.0,,984.0
,,1088.0,844.0,832.0,776.0,,,,,,718.0,374.0,,,,348.0,754.0,486.0,,532.0,,102.0,,707.0
,,1611.0,524.0,1159.0,910.0,,,,,,652.0,54.0,,,,943.0,750.0,1669.0,,729.0,,1211.0,,152.0
,,1663.0,142.0,823.0,53.0,,,,,,1374.0,562.0,,,,908.0,1114.0,1376.0,,1351.0,,1359.0,,1247.0
,,1015.0,693.0,447.0,866.0,,,,,,77.0,1390.0,,,,139.0,582.0,1204.0,,986.0,,962.0,,448.0
,,1106.0,1205.0,243.0,881.0,,,,,,111.0,639.0,,,,810.0,1743.0,353.0,,1562.0,,807.0,,157.0
,,896.0,1308.0,653.0,1485.0,,,,,,622.0,1206.0,,,,464.0,674.0,1360.0,,365.0,,932.0,,1265.0
,,204.0,1294.0,1708.0,41.0,,,,,,941.0,182.0,,,,335.0,20.0,931.0,,1507.0,,1039.0,,1712.0
,,1090.0,777.0,1356.0,1201.0,,,,,,273.0,1638.0,,,,1019.0,13.0,829.0,,329.0,,160.0,,72.0
,,778.0,378.0,1683.0,684.0,,,,,,1551.0,1641.0,,,,1698.0,1513.0,1343.0,,1130.0,,1259.0,,229.0
,,1648.0,1453.0,663.0,638.0,,,,,,341.0,1720.0,,,,581.0,918.0,605.0,,240.0,,1178.0,,1417.0
,,1547.0,1262.0,1539.0,1291.0,,,,,,119.0,1569.0,,,,35.0,254.0,814.0,,1038.0,,484.0,,987.0
,,1032.0,584.0,455.0,1409.0,,,,,,1746.0,1391.0,,,,311.0,266.0,1426.0,,884.0,,746.0,,417.0
,,645.0,1208.0,1195.0,66.0,,,,,,279.0,889.0,,,,813.0,697.0,861.0,,663.0,,928.0,,678.0
,,413.0,926.0,414.0,743.0,,,,,,1631.0,1428.0,,,,508.0,1505.0,1206.0,,1446.0,,1296.0,,1201.0
,,694.0,205.0,779.0,247.0,,,,,,752.0,383.0,,,,1522.0,403.0,1315.0,,1366.0,,1194.0,,1644.0
,,279.0,656.0,222.0,819.0,,,,,,472.0,1263.0,,,,699.0,53.0,1599.0,,1345.0,,134.0,,1414.0
,,1382.0,1360.0,140.0,1649.0,,,,,,870.0,645.0,,,,522.0,1032.0,1192.0,,1667.0,,879.0,,93.0
,,104.0,1065.0,883.0,669.0,,,,,,184.0,505.0,,,,497.0,1401.0,859.0,,737.0,,342.0,,846.0
,,556.0,1397.0,1644.0,1436.0,,,,,,1705.0,1127.0,,,,425.0,1548.0,1392.0,,1747.0,,254.0,,277.0
,,1317.0,545.0,1441.0,769.0,,,,,,776.0,515.0,,,,528.0,851.0,1373.0,,1064.0,,992.0,,1255.0
,,971.0,900.0,837.0,502.0,,,,,,624.0,1124.0,,,,1436.0,37.0,350.0,,1011.0,,1505.0,,1085.0
,,38.0,44.0,1170.0,297.0,,,,,,259.0,1625.0,,,,883.0,1332.0,15.0,,568.0,,1407.0,,340.0
,,1738.0,42.0,1695.0,1429.0,,,,,,48.0,1708.0,,,,424.0,738.0,14.0,,106.0,,1564.0,,54.0
,,1472.0,1066.0,1639.0,557.0,,,,,,1587.0,699.0,,,,1052.0,40.0,971.0,,1077.0,,240.0,,628.0
,,282.0,82.0,1026.0,385.0,,,,,,1476.0,354.0,,,,1220.0,70.0,324.0,,12.0,,1354.0,,774.0
,,414.0,577.0,1636.0,246.0,,,,,,1692.0,1537.0,,,,232.0,1570.0,1069.0,,882.0,,528.0,,1596.0
,,17.0,654.0,590.0,81.0,,,,,,916.0,920.0,,,,319.0,162.0,599.0,,1697.0,,1406.0,,1480.0
,,1516.0,892.0,1280.0,377.0,,,,,,160.0,1503.0,,,,120.0,1571.0,1640.0,,1447.0,,837.0,,1228.0
,,1538.0,770.0,964.0,1381.0,,,,,,701.0,1014.0,,,,736.0,1373.0,340.0,,1463.0,,675.0,,391.0
,,141.0,1394.0,451.0,1558.0,,,,,,1649.0,973.0,,,,267.0,924.0,865.0,,1708.0,,1260.0,,1070.0
,,1696.0,1125.0,183.0,802.0,,,,,,849.0,1652.0,,,,583.0,419.0,1642.0,,82.0,,1143.0,,7.0
,,671.0,807.0,1095.0,1106.0,,,,,,1191.0,1464.0,,,,512.0,749.0,1068.0,,1699.0,,1667.0,,73.0
,,188.0,1619.0,642.0,891.0,,,,,,358.0,1301.0,,,,549.0,948.0,563.0,,76.0,,1419.0,,1709.0
,,1118.0,1117.0,848.0,779.0,,,,,,587.0,1272.0,,,,420.0,1409.0,1606.0,,1377.0,,935.0,,661.0
,,1388.0,768.0,1609.0,180.0,,,,,,755.0,941.0,,,,392.0,638.0,1041.0,,507.0,,1138.0,,662.0
,,257.0,400.0,1372.0,483.0,,,,,,411.0,123.0,,,,389.0,664.0,1564.0,,497.0,,497.0,,39.0
,,389.0,823.0,319.0,15.0,,,,,,1032.0,1643.0,,,,393.0,1481.0,1689.0,,1616.0,,1282.0,,1340.0
,,71.0,646.0,605.0,90.0,,,,,,1591.0,395.0,,,,191.0,363.0,328.0,,919.0,,668.0,,1282.0
,,1390.0,424.0,1748.0,352.0,,,,,,87.0,277.0,,,,843.0,1165.0,476.0,,722.0,,475.0,,605.0
,,68.0,1430.0,829.0,1611.0,,,,,,533.0,926.0,,,,525.0,1627.0,1656.0,,1155.0,,152.0,,1174.0
,,1684.0,627.0,1256.0,1244.0,,,,,,526.0,1333.0,,,,685.0,1386.0,515.0,,561.0,,915.0,,1492.0
,,810.0,1638.0,96.0,1224.0,,,,,,861.0,44.0,,,,722.0,1239.0,1355.0,,1627.0,,1435.0,,949.0
,,214.0,382.0,878.0,563.0,,,,,,958.0,617.0,,,,757.0,77.0,1183.0,,1163.0,,967.0,,507.0
,,1397.0,29.0,1237.0,720.0,,,,,,1162.0,677.0,,,,564.0,907.0,89.0,,1347.0,,580.0,,1439.0
,,81.0,783.0,1380.0,1467.0,,,,,,500.0,1304.0,,,,1699.0,1313.0,1438.0,,1374.0,,1648.0,,1245.0
,,1465.0,1405.0,1113.0,1021.0,,,,,,174.0,1482.0,,,,586.0,1649.0,1112.0,,731.0,,1346.0,,866.0
,,1315.0,1302.0,584.0,548.0,,,,,,1469.0,664.0,,,,190.0,627.0,574.0,,1372.0,,628.0,,1463.0
,,1125.0,209.0,669.0,616.0,,,,,,1647.0,92.0,,,,408.0,147.0,1136.0,,46.0,,42.0,,1535.0
,,676.0,219.0,162.0,1444.0,,,,,,1386.0,514.0,,,,357.0,536.0,174.0,,1045.0,,1118.0,,763.0
,,285.0,634.0,367.0,603.0,,,,,,1188.0,1561.0,,,,1348.0,1297.0,1649.0,,755.0,,1193.0,,1740.0
,,1235.0,293.0,1699.0,1613.0,,,,,,1093.0,819.0,,,,1164.0,1038.0,241.0,,414.0,,1721.0,,1425.0
,,212.0,240.0,725.0,1184.0,,,,,,1640.0,1651.0,,,,1658.0,1077.0,147.0,,916.0,,873.0,,674.0
,,315.0,750.0,164.0,471.0,,,,,,702.0,234.0,,,,1236.0,479.0,187.0,,1497.0,,1277.0,,248.0
,,1006.0,1327.0,1543.0,984.0,,,,,,1301.0,1736.0,,,,1511.0,666.0,762.0,,70.0,,682.0,,631.0
,,804.0,1022.0,1571.0,1329.0,,,,,,1403.0,1479.0,,,,1664.0,557.0,533.0,,1046.0,,1132.0,,1124.0
,,1560.0,962.0,1565.0,339.0,,,,,,868.0,512.0,,,,967.0,1151.0,1340.0,,825.0,,988.0,,1048.0
,,1639.0,847.0,1743.0,990.0,,,,,,597.0,880.0,,,,1417.0,1181.0,298.0,,315.0,,1114.0,,160.0
,,73.0,1647.0,1163.0,1620.0,,,,,,1626.0,1571.0,,,,370.0,1070.0,1214.0,,1392.0,,474.0,,540.0
,,1628.0,493.0,1201.0,503.0,,,,,,1021.0,662.0,,,,965.0,191.0,1472.0,,791.0,,409.0,,474.0
,,1642.0,982.0,452.0,1167.0,,,,,,444.0,960.0,,,,677.0,1457.0,892.0,,735.0,,1015.0,,666.0
,,238.0,898.0,582.0,495.0,,,,,,1465.0,1266.0,,,,1681.0,987.0,1716.0,,116.0,,190.0,,1741.0
,,255.0,1060.0,1575.0,611.0,,,,,,1290.0,710.0,,,,1217.0,1161.0,1468.0,,978.0,,103.0,,29.0
,,206.0,132.0,656.0,116.0,,,,,,1463.0,669.0,,,,1659.0,378.0,21.0,,216.0,,525.0,,804.0
,,1065.0,752.0,785.0,791.0,,,,,,948.0,1627.0,,,,499.0,137.0,272.0,,866.0,,237.0,,1592.0
,,1367.0,541.0,1112.0,1514.0,,,,,,1148.0,59.0,,,,1497.0,545.0,869.0,,1285.0,,784.0,,1444.0
,,63.0,1156.0,197.0,1003.0,,,,,,1398.0,132.0,,,,1679.0,1413.0,729.0,,1510.0,,711.0,,777.0
,,1640.0,302.0,349.0,757.0,,,,,,74.0,491.0,,,,1530.0,702.0,833.0,,1531.0,,110.0,,301.0
,,1740.0,228.0,350.0,1014.0,,,,,,323.0,756.0,,,,28.0,998.0,538.0,,1619.0,,313.0,,70.0
,,53.0,239.0,489.0,1158.0,,,,,,1105.0,493.0,,,,365.0,1610.0,1506.0,,1301.0,,649.0,,557.0
,,1206.0,948.0,331.0,935.0,,,,,,491.0,1239.0,,,,1567.0,161.0,838.0,,580.0,,177.0,,1628.0
,,275.0,1450.0,1286.0,1143.0,,,,,,1241.0,116.0,,,,99.0,744.0,808.0,,751.0,,1245.0,,709.0
,,594.0,1492.0,1317.0,1694.0,,,,,,969.0,1192.0,,,,1474.0,884.0,587.0,,598.0,,546.0,,190.0
,,478.0,1008.0,1130.0,437.0,,,,,,1600.0,1689.0,,,,85.0,1028.0,356.0,,926.0,,347.0,,28.0
,,1154.0,1546.0,270.0,1713.0,,,,,,976.0,19.0,,,,356.0,511.0,955.0,,508.0,,218.0,,1604.0
,,1549.0,139.0,888.0,328.0,,,,,,954.0,742.0,,,,1373.0,645.0,109.0,,11.0,,929.0,,1149.0
,,567.0,496.0,436.0,540.0,,,,,,316.0,381.0,,,,150.0,287.0,1698.0,,913.0,,1074.0,,472.0
,,1468.0,853.0,1371.0,1717.0,,,,,,45.0,605.0,,,,994.0,883.0,936.0,,814.0,,722.0,,125.0
,,276.0,1210.0,778.0,1679.0,,,,,,496.0,1739.0,,,,169.0,1030.0,928.0,,802.0,,418.0,,1424.0
,,1474.0,1033.0,698.0,1238.0,,,,,,62.0,1282.0,,,,307.0,804.0,1320.0,,355.0,,1493.0,,992.0
,,740.0,567.0,646.0,1233.0,,,,,,698.0,183.0,,,,1302.0,421.0,1132.0,,1617.0,,1454.0,,459.0
,,1729.0,1715.0,1341.0,546.0,,,,,,734.0,5.0,,,,695.0,1746.0,660.0,,289.0,,1252.0,,1648.0
,,916.0,1392.0,1523.0,578.0,,,,,,463.0,540.0,,,,1747.0,963.0,1600.0,,20.0,,57.0,,1631.0
,,494.0,195.0,154.0,1658.0,,,,,,456.0,437.0,,,,1660.0,1509.0,131.0,,209.0,,288.0,,15.0
,,207.0,515.0,730.0,1342.0,,,,,,1662.0,691.0,,,,1066.0,85.0,1560.0,,426.0,,310.0,,120.0
,,1326.0,224.0,311.0,1639.0,,,,,,359.0,794.0,,,,669.0,820.0,1228.0,,1252.0,,1128.0,,1281.0
,,834.0,889.0,1204.0,736.0,,,,,,1072.0,624.0,,,,1385.0,515.0,1433.0,,142.0,,775.0,,1173.0
,,727.0,282.0,1378.0,106.0,,,,,,94.0,1134.0,,,,717.0,1522.0,98.0,,10.0,,195.0,,1289.0
,,452.0,1409.0,273.0,42.0,,,,,,132.0,1207.0,,,,875.0,333.0,244.0,,648.0,,910.0,,375.0
,,1552.0,458.0,967.0,846.0,,,,,,813.0,1711.0,,,,368.0,1671.0,595.0,,728.0,,1732.0,,405.0
,,338.0,1695.0,987.0,185.0,,,,,,225.0,735.0,,,,1340.0,1190.0,155.0,,1742.0,,537.0,,1204.0
,,1255.0,758.0,1242.0,1030.0,,,,,,1628.0,1072.0,,,,1579.0,98.0,25.0,,1198.0,,1187.0,,945.0
,,1656.0,1550.0,1647.0,378.0,,,,,,520.0,647.0,,,,1639.0,563.0,1103.0,,1730.0,,611.0,,942.0
,,781.0,419.0,762.0,1088.0,,,,,,824.0,1522.0,,,,1722.0,475.0,1300.0,,398.0,,1285.0,,105.0
,,325.0,243.0,39.0,1659.0,,,,,,404.0,855.0,,,,1402.0,1192.0,498.0,,674.0,,1716.0,,1037.0
,,980.0,1269.0,1131.0,1630.0,,,,,,1320.0,198.0,,,,1375.0,1336.0,1590.0,,1240.0,,458.0,,547.0
,,1487.0,249.0,662.0,830.0,,,,,,1579.0,1100.0,,,,1386.0,115.0,1100.0,,1391.0,,371.0,,177.0
,,1054.0,1544.0,353.0,1661.0,,,,,,1470.0,106.0,,,,1453.0,68.0,690.0,,381.0,,530.0,,730.0
,,1672.0,1727.0,1551.0,1209.0,,,,,,1062.0,171.0,,,,1280.0,461.0,1575.0,,1628.0,,1266.0,,976.0
,,823.0,1446.0,1555.0,969.0,,,,,,960.0,174.0,,,,394.0,1684.0,330.0,,42.0,,209.0,,6.0
,,1094.0,1180.0,1281.0,1063.0,,,,,,275.0,780.0,,,,878.0,1306.0,926.0,,1166.0,,20.0,,368.0
,,411.0,988.0,147.0,1545.0,,,,,,414.0,287.0,,,,643.0,806.0,1523.0,,446.0,,1708.0,,1695.0
,,8.0,250.0,531.0,317.0,,,,,,627.0,673.0,,,,710.0,485.0,1396.0,,219.0,,708.0,,1223.0
,,566.0,1577.0,274.0,1684.0,,,,,,64.0,1584.0,,,,631.0,176.0,1199.0,,630.0,,220.0,,1514.0
,,1141.0,169.0,1246.0,468.0,,,,,,1327.0,1260.0,,,,1400.0,410.0,384.0,,1444.0,,1457.0,,414.0
,,1632.0,235.0,117.0,476.0,,,,,,217.0,363.0,,,,483.0,215.0,941.0,,1424.0,,813.0,,587.0
,,124.0,703.0,890.0,1686.0,,,,,,966.0,831.0,,,,1718.0,728.0,380.0,,34.0,,1689.0,,1642.0
,,44.0,220.0,1590.0,143.0,,,,,,1144.0,1622.0,,,,1646.0,47.0,1209.0,,524.0,,509.0,,871.0
,,1570.0,441.0,1519.0,1703.0,,,,,,263.0,635.0,,,,1287.0,198.0,1740.0,,905.0,,236.0,,1277.0
,,739.0,1640.0,567.0,390.0,,,,,,668.0,1370.0,,,,1038.0,390.0,1446.0,,151.0,,1717.0,,1322.0
,,198.0,1312.0,324.0,414.0,,,,,,1023.0,1323.0,,,,181.0,371.0,1152.0,,1471.0,,790.0,,1715.0
,,851.0,1340.0,1625.0,1378.0,,,,,,1666.0,1732.0,,,,423.0,1346.0,765.0,,465.0,,175.0,,721.0
,,290.0,1175.0,1389.0,1161.0,,,,,,850.0,72.0,,,,954.0,1499.0,1248.0,,1237.0,,868.0,,236.0
,,253.0,1641.0,1511.0,1463.0,,,,,,778.0,741.0,,,,350.0,1072.0,1225.0,,181.0,,598.0,,667.0
,,989.0,0.0,1193.0,708.0,,,,,,561.0,1688.0,,,,618.0,667.0,577.0,,812.0,,1632.0,,1106.0
,,641.0,1307.0,821.0,1387.0,,,,,,573.0,86.0,,,,1142.0,1434.0,968.0,,478.0,,1640.0,,1249.0
,,1492.0,915.0,106.0,803.0,,,,,,1261.0,65.0,,,,224.0,398.0,507.0,,886.0,,913.0,,999.0
,,1204.0,1553.0,20.0,1251.0,,,,,,1468.0,970.0,,,,66.0,260.0,634.0,,185.0,,1237.0,,974.0
,,559.0,386.0,920.0,608.0,,,,,,1665.0,1198.0,,,,1023.0,1443.0,1365.0,,924.0,,483.0,,916.0
,,612.0,1420.0,1444.0,1.0,,,,,,823.0,460.0,,,,1449.0,121.0,775.0,,831.0,,1124.0,,907.0
,,2.0,1167.0,942.0,1583.0,,,,,,667.0,1550.0,,,,334.0,389.0,764.0,,1311.0,,1257.0,,1052.0
,,590.0,1382.0,284.0,1609.0,,,,,,57.0,380.0,,,,1097.0,864.0,218.0,,111.0,,557.0,,1656.0
,,868.0,1366.0,1019.0,1449.0,,,,,,1711.0,422.0,,,,1588.0,509.0,942.0,,413.0,,1702.0,,393.0
,,557.0,1648.0,506.0,12.0,,,,,,181.0,950.0,,,,793.0,382.0,1388.0,,500.0,,1058.0,,1181.0
,,1014.0,1743.0,1001.0,1690.0,,,,,,1438.0,728.0,,,,337.0,139.0,167.0,,1245.0,,485.0,,1551.0
,,910.0,501.0,1566.0,295.0,,,,,,1152.0,657.0,,,,79.0,734.0,622.0,,125.0,,1332.0,,79.0
,,506.0,472.0,1320.0,917.0,,,,,,1358.0,1511.0,,,,1114.0,1097.0,1714.0,,706.0,,1498.0,,113.0
,,10.0,271.0,568.0,1048.0,,,,,,1125.0,245.0,,,,1525.0,1300.0,1258.0,,829.0,,364.0,,1556.0
,,130.0,1188.0,1230.0,366.0,,,,,,1740.0,582.0,,,,59.0,1247.0,1323.0,,1082.0,,774.0,,334.0
,,1129.0,131.0,769.0,52.0,,,,,,118.0,1498.0,,,,1242.0,1214.0,704.0,,1151.0,,1163.0,,1376.0
,,1403.0,1434.0,1214.0,1517.0,,,,,,753.0,1017.0,,,,30.0,1562.0,1547.0,,1641.0,,1496.0,,1416.0
,,374.0,1710.0,585.0,1617.0,,,,,,1427.0,905.0,,,,1484.0,86.0,1615.0,,681.0,,567.0,,925.0
,,417.0,308.0,875.0,1728.0,,,,,,998.0,1148.0,,,,349.0,781.0,1141.0,,267.0,,124.0,,997.0
,,1482.0,771.0,470.0,217.0,,,,,,821.0,1297.0,,,,1315.0,483.0,810.0,,1442.0,,539.0,,940.0
,,673.0,528.0,224.0,1743.0,,,,,,1389.0,317.0,,,,1741.0,438.0,1198.0,,237.0,,1502.0,,1126.0
,,1185.0,1248.0,1461.0,640.0,,,,,,52.0,107.0,,,,1257.0,1210.0,648.0,,1127.0,,1560.0,,579.0
,,528.0,1650.0,1512.0,822.0,,,,,,1501.0,486.0,,,,1591.0,822.0,1526.0,,1637.0,,576.0,,1045.0
,,1746.0,431.0,899.0,1027.0,,,,,,49.0,557.0,,,,1067.0,1701.0,1440.0,,1043.0,,359.0,,704.0
,,522.0,1064.0,549.0,650.0,,,,,,712.0,702.0,,,,1684.0,1465.0,1271.0,,941.0,,1236.0,,1110.0
,,1169.0,1025.0,564.0,1742.0,,,,,,1552.0,762.0,,,,900.0,268.0,397.0,,636.0,,1165.0,,1279.0
,,84.0,24.0,963.0,1092.0,,,,,,480.0,1624.0,,,,1645.0,1199.0,1273.0,,678.0,,1515.0,,1214.0
,,954.0,210.0,1529.0,429.0,,,,,,392.0,1655.0,,,,924.0,991.0,1178.0,,434.0,,887.0,,750.0
,,536.0,1082.0,1173.0,975.0,,,,,,448.0,656.0,,,,1632.0,1708.0,1402.0,,1085.0,,329.0,,1114.0
,,424.0,1075.0,1045.0,475.0,,,,,,790.0,1083.0,,,,775.0,531.0,1419.0,,760.0,,158.0,,1570.0
,,1160.0,40.0,889.0,922.0,,,,,,,1442.0,,,,718.0,1583.0,1314.0,,922.0,,467.0,,983.0
,,480.0,755.0,1226.0,644.0,,,,,,,758.0,,,,1191.0,625.0,748.0,,1144.0,,1060.0,,1252.0
,,1040.0,1306.0,1327.0,1235.0,,,,,,,851.0,,,,923.0,1215.0,706.0,,206.0,,47.0,,1419.0
,,1294.0,563.0,1492.0,737.0,,,,,,,683.0,,,,291.0,66.0,1065.0,,920.0,,1370.0,,584.0
,,1228.0,621.0,87.0,1108.0,,,,,,,1047.0,,,,1330.0,1720.0,1618.0,,218.0,,1361.0,,877.0
,,1737.0,674.0,814.0,1047.0,,,,,,,296.0,,,,215.0,1733.0,1354.0,,1336.0,,1426.0,,1652.0
,,1042.0,951.0,951.0,587.0,,,,,,,379.0,,,,1505.0,861.0,1088.0,,104.0,,895.0,,1626.0
,,1184.0,39.0,986.0,302.0,,,,,,,894.0,,,,433.0,1430.0,1351.0,,1396.0,,386.0,,1440.0
,,114.0,1404.0,1088.0,535.0,,,,,,,872.0,,,,1026.0,1216.0,804.0,,1226.0,,500.0,,1573.0
,,817.0,1149.0,929.0,1672.0,,,,,,,275.0,,,,523.0,1100.0,993.0,,275.0,,1650.0,,158.0
,,,79.0,158.0,1486.0,,,,,,,1395.0,,,,209.0,286.0,359.0,,1181.0,,521.0,,546.0
,,,335.0,1740.0,115.0,,,,,,,1294.0,,,,1041.0,1459.0,1286.0,,949.0,,1575.0,,1324.0
,,,1028.0,131.0,395.0,,,,,,,1093.0,,,,1264.0,672.0,805.0,,777.0,,1045.0,,1388.0
,,,1643.0,849.0,1368.0,,,,,,,938.0,,,,167.0,1414.0,1445.0,,1386.0,,482.0,,359.0
,,,1119.0,66.0,1465.0,,,,,,,626.0,,,,1626.0,1281.0,1010.0,,1397.0,,851.0,,1099.0
,,,1611.0,1499.0,361.0,,,,,,,1535.0,,,,1171.0,844.0,1263.0,,1661.0,,490.0,,796.0
,,,1010.0,1613.0,1231.0,,,,,,,211.0,,,,340.0,1456.0,1270.0,,523.0,,624.0,,800.0
,,,1326.0,1338.0,911.0,,,,,,,139.0,,,,97.0,293.0,1524.0,,646.0,,853.0,,9.0
,,,1506.0,56.0,489.0,,,,,,,464.0,,,,1291.0,926.0,1097.0,,1328.0,,428.0,,149.0
,,,788.0,1336.0,210.0,,,,,,,1117.0,,,,553.0,990.0,100.0,,783.0,,81.0,,1028.0
,,,906.0,621.0,589.0,,,,,,,1156.0,,,,963.0,1728.0,1021.0,,1270.0,,491.0,,757.0
,,,349.0,173.0,293.0,,,,,,,375.0,,,,1354.0,299.0,837.0,,300.0,,136.0,,896.0
,,,1193.0,473.0,1682.0,,,,,,,535.0,,,,149.0,360.0,175.0,,467.0,,271.0,,496.0
,,,300.0,1470.0,1575.0,,,,,,,1003.0,,,,1727.0,767.0,819.0,,268.0,,349.0,,1532.0
,,,1352.0,1403.0,916.0,,,,,,,674.0,,,,1414.0,1521.0,260.0,,410.0,,1019.0,,902.0
,,,436.0,299.0,1310.0,,,,,,,1132.0,,,,1636.0,436.0,828.0,,1269.0,,1525.0,,211.0
,,,846.0,1306.0,987.0,,,,,,,1400.0,,,,192.0,1310.0,568.0,,1618.0,,835.0,,1716.0
,,,1098.0,595.0,1317.0,,,,,,,1534.0,,,,1250.0,75.0,945.0,,1276.0,,544.0,,1268.0
,,,1512.0,1324.0,114.0,,,,,,,959.0,,,,765.0,983.0,994.0,,265.0,,941.0,,67.0
,,,1557.0,1355.0,591.0,,,,,,,291.0,,,,496.0,1514.0,1372.0,,336.0,,1202.0,,1498.0
,,,871.0,1407.0,1441.0,,,,,,,112.0,,,,363.0,529.0,18.0,,693.0,,648.0,,1544.0
,,,527.0,1232.0,552.0,,,,,,,1660.0,,,,1743.0,1422.0,946.0,,28.0,,1284.0,,1229.0
,,,955.0,252.0,517.0,,,,,,,1110.0,,,,1297.0,833.0,1374.0,,855.0,,308.0,,288.0
,,,1470.0,743.0,1267.0,,,,,,,27.0,,,,566.0,710.0,1435.0,,616.0,,41.0,,1403.0
,,,1225.0,704.0,693.0,,,,,,,81.0,,,,687.0,232.0,970.0,,1177.0,,1531.0,,182.0
,,,194.0,1515.0,996.0,,,,,,,148.0,,,,1004.0,974.0,737.0,,1207.0,,1331.0,,1500.0
,,,1401.0,990.0,1198.0,,,,,,,983.0,,,,488.0,351.0,629.0,,1268.0,,1214.0,,1554.0
,,,1049.0,114.0,375.0,,,,,,,1547.0,,,,1278.0,1233.0,368.0,,1030.0,,422.0,,305.0
,,,1341.0,337.0,1569.0,,,,,,,196.0,,,,1177.0,1657.0,649.0,,287.0,,884.0,,624.0
,,,177.0,1158.0,1356.0,,,,,,,1181.0,,,,780.0,1328.0,1222.0,,1635.0,,1325.0,,1153.0
,,,1227.0,634.0,123.0,,,,,,,1278.0,,,,1478.0,677.0,963.0,,911.0,,1731.0,,316.0
,,,1486.0,745.0,1497.0,,,,,,,1130.0,,,,409.0,1748.0,570.0,,1591.0,,1601.0,,1529.0
,,,295.0,547.0,145.0,,,,,,,37.0,,,,726.0,517.0,1711.0,,578.0,,783.0,,336.0
,,,1059.0,683.0,300.0,,,,,,,131.0,,,,1327.0,368.0,468.0,,21.0,,2.0,,541.0
,,,1693.0,25.0,991.0,,,,,,,449.0,,,,950.0,276.0,1610.0,,1233.0,,1109.0,,634.0
,,,1296.0,1393.0,1402.0,,,,,,,987.0,,,,443.0,1603.0,841.0,,1081.0,,477.0,,872.0
,,,1462.0,1416.0,605.0,,,,,,,90.0,,,,227.0,285.0,76.0,,79.0,,1042.0,,820.0
,,,1668.0,1478.0,162.0,,,,,,,1328.0,,,,1245.0,497.0,842.0,,758.0,,1563.0,,1050.0
,,,280.0,1301.0,1375.0,,,,,,,1122.0,,,,1493.0,904.0,1448.0,,1522.0,,562.0,,576.0
,,,1017.0,1606.0,956.0,,,,,,,875.0,,,,1005.0,1574.0,338.0,,119.0,,626.0,,1578.0
,,,1137.0,1714.0,1464.0,,,,,,,916.0,,,,624.0,1539.0,115.0,,1213.0,,370.0,,88.0
,,,934.0,1580.0,526.0,,,,,,,255.0,,,,768.0,1479.0,637.0,,380.0,,566.0,,269.0
,,,361.0,468.0,631.0,,,,,,,485.0,,,,1483.0,1225.0,998.0,,47.0,,1670.0,,1162.0
,,,1336.0,1245.0,456.0,,,,,,,1087.0,,,,649.0,725.0,250.0,,373.0,,1336.0,,312.0
,,,1275.0,817.0,314.0,,,,,,,151.0,,,,276.0,1492.0,1630.0,,425.0,,978.0,,1545.0
,,,1474.0,188.0,937.0,,,,,,,1316.0,,,,1407.0,480.0,435.0,,538.0,,1217.0,,430.0
,,,1489.0,371.0,624.0,,,,,,,1068.0,,,,1477.0,748.0,506.0,,1364.0,,1497.0,,1406.0
,,,1297.0,1419.0,26.0,,,,,,,779.0,,,,997.0,1249.0,603.0,,1259.0,,1701.0,,1357.0
,,,1525.0,1589.0,886.0,,,,,,,1623.0,,,,73.0,273.0,870.0,,1019.0,,615.0,,589.0
,,,1320.0,1505.0,353.0,,,,,,,1152.0,,,,261.0,1549.0,36.0,,166.0,,662.0,,209.0
,,,303.0,545.0,436.0,,,,,,,948.0,,,,1268.0,,215.0,,296.0,,1524.0,,1606.0
,,,408.0,1247.0,723.0,,,,,,,863.0,,,,1244.0,,150.0,,1179.0,,645.0,,50.0
,,,1348.0,1445.0,683.0,,,,,,,266.0,,,,1021.0,,44.0,,448.0,,1446.0,,559.0
,,,1314.0,597.0,46.0,,,,,,,629.0,,,,1200.0,,1717.0,,1728.0,,1637.0,,710.0
,,,687.0,1581.0,1474.0,,,,,,,912.0,,,,1057.0,,472.0,,6.0,,938.0,,1404.0
,,,21.0,406.0,951.0,,,,,,,1614.0,,,,881.0,,50.0,,1306.0,,1540.0,,625.0
,,,1469.0,361.0,763.0,,,,,,,394.0,,,,596.0,,1509.0,,1170.0,,1232.0,,1521.0
,,,465.0,62.0,288.0,,,,,,,890.0,,,,459.0,,97.0,,498.0,,1718.0,,892.0
,,,1717.0,944.0,24.0,,,,,,,1120.0,,,,1665.0,,494.0,,1089.0,,911.0,,537.0
,,,504.0,635.0,1413.0,,,,,,,1241.0,,,,1228.0,,402.0,,1745.0,,1545.0,,1161.0
,,,965.0,1702.0,287.0,,,,,,,480.0,,,,1656.0,,85.0,,193.0,,1517.0,,383.0
,,,315.0,368.0,164.0,,,,,,,1045.0,,,,1201.0,,1536.0,,191.0,,1270.0,,343.0
,,,1286.0,827.0,1123.0,,,,,,,1128.0,,,,853.0,,1490.0,,709.0,,1445.0,,1684.0
,,,566.0,936.0,1616.0,,,,,,,68.0,,,,556.0,,1229.0,,939.0,,1705.0,,153.0
,,,663.0,357.0,1550.0,,,,,,,1457.0,,,,1126.0,,958.0,,937.0,,1137.0,,224.0
,,,1617.0,1278.0,787.0,,,,,,,507.0,,,,518.0,,310.0,,757.0,,613.0,,522.0
,,,551.0,1186.0,936.0,,,,,,,775.0,,,,438.0,,832.0,,1702.0,,433.0,,493.0
,,,1706.0,853.0,410.0,,,,,,,1483.0,,,,1277.0,,588.0,,1129.0,,84.0,,380.0
,,,10.0,121.0,88.0,,,,,,,845.0,,,,24.0,,697.0,,741.0,,168.0,,1144.0
,,,928.0,143.0,409.0,,,,,,,233.0,,,,321.0,,794.0,,406.0,,183.0,,1074.0
,,,1475.0,1439.0,581.0,,,,,,,,,,,484.0,,163.0,,533.0,,869.0,,1072.0
,,,1325.0,364.0,931.0,,,,,,,,,,,500.0,,1713.0,,603.0,,1089.0,,1087.0
,,,3.0,845.0,1382.0,,,,,,,,,,,1252.0,,1535.0,,637.0,,72.0,,571.0
,,,103.0,323.0,1644.0,,,,,,,,,,,89.0,,61.0,,564.0,,7.0,,1598.0
,,,548.0,1141.0,840.0,,,,,,,,,,,377.0,,148.0,,840.0,,694.0,,1748.0
,,,1481.0,1224.0,92.0,,,,,,,,,,,270.0,,436.0,,1197.0,,738.0,,45.0
,,,971.0,1490.0,281.0,,,,,,,,,,,1210.0,,796.0,,522.0,,848.0,,1076.0
,,,1417.0,220.0,572.0,,,,,,,,,,,125.0,,232.0,,194.0,,577.0,,1671.0
,,,289.0,935.0,104.0,,,,,,,,,,,1106.0,,581.0,,374.0,,1385.0,,1270.0
,,,812.0,1510.0,1629.0,,,,,,,,,,,1282.0,,367.0,,124.0,,268.0,,689.0
,,,1545.0,1700.0,1624.0,,,,,,,,,,,44.0,,489.0,,309.0,,1290.0,,931.0
,,,772.0,561.0,376.0,,,,,,,,,,,538.0,,750.0,,1379.0,,1299.0,,1531.0
,,,463.0,1558.0,278.0,,,,,,,,,,,283.0,,279.0,,1420.0,,1735.0,,40.0
,,,153.0,1217.0,781.0,,,,,,,,,,,1406.0,,1050.0,,1638.0,,1398.0,,826.0
,,,376.0,269.0,1668.0,,,,,,,,,,,969.0,,105.0,,1195.0,,476.0,,1704.0
,,,499.0,610.0,1254.0,,,,,,,,,,,1677.0,,1665.0,,983.0,,1300.0,,351.0
,,,1172.0,419.0,1004.0,,,,,,,,,,,256.0,,1064.0,,3.0,,1608.0,,138.0
,,,1651.0,1632.0,1282.0,,,,,,,,,,,1158.0,,1505.0,,1564.0,,1267.0,,421.0
,,,1455.0,119.0,1072.0,,,,,,,,,,,12.0,,705.0,,1738.0,,32.0,,217.0
,,,507.0,1.0,474.0,,,,,,,,,,,1343.0,,1748.0,,432.0,,1078.0,,857.0
,,,555.0,1443.0,618.0,,,,,,,,,,,1119.0,,449.0,,1660.0,,605.0,,870.0
,,,1637.0,655.0,811.0,,,,,,,,,,,719.0,,409.0,,609.0,,1645.0,,889.0
,,,1140.0,486.0,1165.0,,,,,,,,,,,491.0,,181.0,,1044.0,,744.0,,654.0
,,,1678.0,919.0,1166.0,,,,,,,,,,,45.0,,1522.0,,68.0,,1402.0,,1460.0
,,,704.0,552.0,1576.0,,,,,,,,,,,734.0,,1628.0,,1504.0,,83.0,,64.0
,,,255.0,1300.0,636.0,,,,,,,,,,,301.0,,1084.0,,301.0,,404.0,,433.0
,,,1713.0,1524.0,628.0,,,,,,,,,,,1203.0,,1201.0,,1262.0,,732.0,,258.0
,,,1502.0,1404.0,531.0,,,,,,,,,,,1372.0,,411.0,,1739.0,,972.0,,688.0
,,,188.0,343.0,340.0,,,,,,,,,,,1134.0,,969.0,,621.0,,1434.0,,1619.0
,,,362.0,1254.0,593.0,,,,,,,,,,,1259.0,,1108.0,,1281.0,,5.0,,1571.0
,,,706.0,869.0,1084.0,,,,,,,,,,,1746.0,,830.0,,1514.0,,50.0,,234.0
,,,1236.0,108.0,245.0,,,,,,,,,,,140.0,,51.0,,1712.0,,1574.0,,328.0
,,,1686.0,1277.0,1182.0,,,,,,,,,,,633.0,,856.0,,1279.0,,488.0,,467.0
,,,1288.0,707.0,1555.0,,,,,,,,,,,941.0,,521.0,,422.0,,1612.0,,938.0
,,,990.0,909.0,1425.0,,,,,,,,,,,888.0,,1186.0,,833.0,,410.0,,672.0
,,,117.0,1188.0,1635.0,,,,,,,,,,,1450.0,,1678.0,,634.0,,1596.0,,300.0
,,,1520.0,1335.0,1365.0,,,,,,,,,,,1502.0,,1026.0,,411.0,,1439.0,,1027.0
,,,100.0,641.0,1628.0,,,,,,,,,,,859.0,,534.0,,1736.0,,1061.0,,1157.0
,,,1527.0,781.0,1606.0,,,,,,,,,,,300.0,,39.0,,99.0,,1021.0,,760.0
,,,290.0,501.0,419.0,,,,,,,,,,,1053.0,,940.0,,109.0,,954.0,,922.0
,,,1731.0,1199.0,469.0,,,,,,,,,,,379.0,,42.0,,547.0,,1038.0,,1258.0
,,,291.0,1746.0,1446.0,,,,,,,,,,,620.0,,529.0,,990.0,,251.0,,470.0
,,,1473.0,1370.0,149.0,,,,,,,,,,,1695.0,,858.0,,673.0,,625.0,,645.0
,,,462.0,923.0,1034.0,,,,,,,,,,,398.0,,1235.0,,122.0,,844.0,,511.0
,,,549.0,815.0,1548.0,,,,,,,,,,,1616.0,,1643.0,,952.0,,429.0,,1743.0
,,,155.0,554.0,565.0,,,,,,,,,,,946.0,,639.0,,456.0,,13.0,,1310.0
,,,445.0,71.0,585.0,,,,,,,,,,,679.0,,1588.0,,806.0,,1028.0,,432.0
,,,1272.0,984.0,815.0,,,,,,,,,,,937.0,,1151.0,,369.0,,1233.0,,914.0
,,,1230.0,480.0,697.0,,,,,,,,,,,233.0,,843.0,,1411.0,,1647.0,,1010.0
,,,1607.0,1633.0,1276.0,,,,,,,,,,,188.0,,1159.0,,26.0,,1554.0,,428.0
,,,89.0,,10.0,,,,,,,,,,,172.0,,590.0,,960.0,,753.0,,1047.0
,,,534.0,,560.0,,,,,,,,,,,103.0,,59.0,,135.0,,677.0,,1443.0
,,,1206.0,,1223.0,,,,,,,,,,,1034.0,,1634.0,,172.0,,92.0,,878.0
,,,1597.0,,1725.0,,,,,,,,,,,1456.0,,1218.0,,1114.0,,189.0,,256.0
,,,8.0,,221.0,,,,,,,,,,,790.0,,52.0,,680.0,,350.0,,1206.0
,,,1683.0,,1437.0,,,,,,,,,,,740.0,,1363.0,,1599.0,,89.0,,744.0
,,,810.0,,1599.0,,,,,,,,,,,688.0,,79.0,,103.0,,623.0,,1054.0
,,,84.0,,344.0,,,,,,,,,,,456.0,,1059.0,,1603.0,,1244.0,,313.0
,,,742.0,,921.0,,,,,,,,,,,1190.0,,323.0,,660.0,,1169.0,,1096.0
,,,819.0,,1341.0,,,,,,,,,,,1480.0,,759.0,,1731.0,,1748.0,,392.0
,,,1132.0,,909.0,,,,,,,,,,,917.0,,951.0,,107.0,,765.0,,1011.0
,,,245.0,,1313.0,,,,,,,,,,,344.0,,1495.0,,1162.0,,956.0,,510.0
,,,322.0,,1125.0,,,,,,,,,,,1501.0,,917.0,,934.0,,219.0,,376.0
,,,581.0,,1530.0,,,,,,,,,,,1078.0,,1659.0,,1642.0,,596.0,,357.0
,,,1043.0,,1203.0,,,,,,,,,,,1669.0,,93.0,,821.0,,842.0,,124.0
,,,756.0,,837.0,,,,,,,,,,,1374.0,,792.0,,1624.0,,1365.0,,365.0
,,,105.0,,928.0,,,,,,,,,,,1155.0,,1210.0,,319.0,,1103.0,,1618.0
,,,1620.0,,146.0,,,,,,,,,,,594.0,,43.0,,7.0,,272.0,,884.0
,,,779.0,,1745.0,,,,,,,,,,,1186.0,,316.0,,767.0,,1213.0,,308.0
,,,561.0,,889.0,,,,,,,,,,,1338.0,,273.0,,1352.0,,1086.0,,302.0
,,,652.0,,167.0,,,,,,,,,,,915.0,,210.0,,816.0,,1227.0,,464.0
,,,605.0,,1140.0,,,,,,,,,,,1671.0,,479.0,,476.0,,101.0,,1337.0
,,,1541.0,,694.0,,,,,,,,,,,287.0,,246.0,,123.0,,186.0,,549.0
,,,1108.0,,850.0,,,,,,,,,,,381.0,,1001.0,,1047.0,,1181.0,,299.0
,,,840.0,,873.0,,,,,,,,,,,1351.0,,1341.0,,1323.0,,1703.0,,1133.0
,,,442.0,,1080.0,,,,,,,,,,,1459.0,,1580.0,,1295.0,,1487.0,,975.0
,,,1548.0,,1704.0,,,,,,,,,,,732.0,,1467.0,,577.0,,1746.0,,850.0
,,,438.0,,1557.0,,,,,,,,,,,865.0,,1254.0,,1443.0,,640.0,,1232.0
,,,585.0,,575.0,,,,,,,,,,,129.0,,440.0,,627.0,,564.0,,536.0
,,,1330.0,,135.0,,,,,,,,,,,1102.0,,1028.0,,236.0,,1023.0,,1634.0
,,,696.0,,1148.0,,,,,,,,,,,1211.0,,962.0,,822.0,,1110.0,,1109.0
,,,358.0,,1618.0,,,,,,,,,,,1322.0,,850.0,,933.0,,785.0,,795.0
,,,223.0,,321.0,,,,,,,,,,,1195.0,,1622.0,,1533.0,,876.0,,322.0
,,,520.0,,1312.0,,,,,,,,,,,543.0,,1693.0,,666.0,,67.0,,542.0
,,,196.0,,1263.0,,,,,,,,,,,1229.0,,180.0,,1724.0,,58.0,,1708.0
,,,197.0,,712.0,,,,,,,,,,,427.0,,463.0,,1648.0,,1151.0,,485.0
,,,345.0,,1737.0,,,,,,,,,,,1013.0,,1658.0,,1188.0,,683.0,,1155.0
,,,1036.0,,1036.0,,,,,,,,,,,892.0,,1347.0,,615.0,,945.0,,304.0
,,,914.0,,1149.0,,,,,,,,,,,386.0,,504.0,,618.0,,442.0,,327.0
,,,486.0,,174.0,,,,,,,,,,,407.0,,540.0,,832.0,,435.0,,780.0
,,,953.0,,1692.0,,,,,,,,,,,1359.0,,689.0,,366.0,,437.0,,1399.0
,,,208.0,,510.0,,,,,,,,,,,953.0,,643.0,,869.0,,1127.0,,1601.0
,,,1730.0,,1403.0,,,,,,,,,,,1583.0,,777.0,,1557.0,,1024.0,,824.0
,,,1354.0,,1075.0,,,,,,,,,,,852.0,,1557.0,,408.0,,526.0,,1146.0
,,,429.0,,778.0,,,,,,,,,,,3.0,,787.0,,1171.0,,1427.0,,966.0
,,,1006.0,,1424.0,,,,,,,,,,,1015.0,,194.0,,1496.0,,828.0,,909.0
,,,399.0,,125.0,,,,,,,,,,,1424.0,,902.0,,1378.0,,301.0,,1065.0
,,,974.0,,1239.0,,,,,,,,,,,615.0,,889.0,,504.0,,1272.0,,109.0
,,,609.0,,1119.0,,,,,,,,,,,974.0,,1197.0,,1416.0,,1076.0,,955.0
,,,826.0,,108.0,,,,,,,,,,,509.0,,589.0,,1106.0,,1724.0,,569.0
,,,268.0,,1340.0,,,,,,,,,,,429.0,,644.0,,888.0,,657.0,,644.0
,,,848.0,,877.0,,,,,,,,,,,912.0,,381.0,,228.0,,1206.0,,1026.0
,,,237.0,,234.0,,,,,,,,,,,210.0,,640.0,,1324.0,,1031.0,,941.0
,,,510.0,,948.0,,,,,,,,,,,951.0,,835.0,,1649.0,,748.0,,395.0
,,,1164.0,,580.0,,,,,,,,,,,611.0,,720.0,,932.0,,424.0,,108.0
,,,837.0,,869.0,,,,,,,,,,,458.0,,48.0,,724.0,,507.0,,650.0
,,,880.0,,337.0,,,,,,,,,,,1576.0,,545.0,,823.0,,540.0,,1251.0
,,,1538.0,,44.0,,,,,,,,,,,1472.0,,770.0,,1543.0,,1618.0,,200.0
,,,1426.0,,896.0,,,,,,,,,,,1193.0,,1635.0,,1594.0,,1107.0,,747.0
,,,816.0,,1338.0,,,,,,,,,,,890.0,,1650.0,,530.0,,321.0,,66.0
,,,1705.0,,1435.0,,,,,,,,,,,1226.0,,711.0,,1713.0,,1747.0,,812.0
,,,78.0,,1011.0,,,,,,,,,,,1703.0,,1039.0,,667.0,,532.0,,1391.0
,,,1483.0,,1318.0,,,,,,,,,,,862.0,,462.0,,230.0,,1420.0,,620.0
,,,506.0,,1322.0,,,,,,,,,,,1475.0,,141.0,,1614.0,,203.0,,20.0
,,,1399.0,,1095.0,,,,,,,,,,,570.0,,480.0,,1668.0,,1092.0,,875.0
,,,62.0,,1360.0,,,,,,,,,,,269.0,,1423.0,,256.0,,1324.0,,1476.0
,,,184.0,,1371.0,,,,,,,,,,,1590.0,,1105.0,,1264.0,,1100.0,,1304.0
,,,1711.0,,431.0,,,,,,,,,,,948.0,,1545.0,,435.0,,1262.0,,1625.0
,,,723.0,,1193.0,,,,,,,,,,,206.0,,1593.0,,818.0,,376.0,,790.0
,,,193.0,,1275.0,,,,,,,,,,,613.0,,1403.0,,233.0,,593.0,,550.0
,,,1018.0,,335.0,,,,,,,,,,,490.0,,,,1067.0,,704.0,,1134.0
,,,856.0,,653.0,,,,,,,,,,,154.0,,,,1153.0,,157.0,,1607.0
,,,346.0,,11.0,,,,,,,,,,,48.0,,,,1605.0,,555.0,,943.0
,,,252.0,,748.0,,,,,,,,,,,234.0,,,,996.0,,200.0,,1256.0
,,,575.0,,256.0,,,,,,,,,,,1451.0,,,,175.0,,324.0,,1375.0
,,,437.0,,1213.0,,,,,,,,,,,440.0,,,,1515.0,,164.0,,1113.0
,,,13.0,,942.0,,,,,,,,,,,1617.0,,,,1247.0,,113.0,,94.0
,,,1116.0,,627.0,,,,,,,,,,,1238.0,,,,1073.0,,1465.0,,1123.0
,,,1591.0,,955.0,,,,,,,,,,,860.0,,,,368.0,,904.0,,1539.0
,,,718.0,,1172.0,,,,,,,,,,,931.0,,,,1428.0,,1681.0,,844.0
,,,377.0,,165.0,,,,,,,,,,,1668.0,,,,146.0,,392.0,,534.0
,,,1365.0,,1016.0,,,,,,,,,,,854.0,,,,789.0,,1215.0,,1456.0
,,,831.0,,1104.0,,,,,,,,,,,1707.0,,,,761.0,,1555.0,,1387.0
,,,1459.0,,1490.0,,,,,,,,,,,163.0,,,,526.0,,480.0,,1585.0
,,,172.0,,655.0,,,,,,,,,,,504.0,,,,235.0,,1134.0,,1023.0
,,,1029.0,,1513.0,,,,,,,,,,,849.0,,,,140.0,,181.0,,1627.0
,,,430.0,,1392.0,,,,,,,,,,,302.0,,,,726.0,,859.0,,762.0
,,,513.0,,1370.0,,,,,,,,,,,617.0,,,,1358.0,,420.0,,33.0
,,,498.0,,879.0,,,,,,,,,,,1427.0,,,,531.0,,1580.0,,701.0
,,,1040.0,,809.0,,,,,,,,,,,670.0,,,,112.0,,8.0,,772.0
,,,1600.0,,705.0,,,,,,,,,,,1642.0,,,,1310.0,,,,1034.0
,,,1016.0,,1471.0,,,,,,,,,,,151.0,,,,1182.0,,,,1461.0
,,,352.0,,1443.0,,,,,,,,,,,606.0,,,,1227.0,,,,521.0
,,,1255.0,,1302.0,,,,,,,,,,,1688.0,,,,273.0,,,,1116.0
,,,1182.0,,602.0,,,,,,,,,,,1062.0,,,,120.0,,,,1455.0
,,,1393.0,,657.0,,,,,,,,,,,1380.0,,,,1049.0,,,,411.0
,,,448.0,,233.0,,,,,,,,,,,895.0,,,,1274.0,,,,1524.0
,,,1216.0,,1466.0,,,,,,,,,,,831.0,,,,1320.0,,,,1253.0
,,,660.0,,1363.0,,,,,,,,,,,814.0,,,,1257.0,,,,1639.0
,,,30.0,,1415.0,,,,,,,,,,,212.0,,,,1291.0,,,,32.0
,,,1670.0,,1685.0,,,,,,,,,,,1615.0,,,,1532.0,,,,816.0
,,,1490.0,,1314.0,,,,,,,,,,,200.0,,,,1611.0,,,,1318.0
,,,1592.0,,453.0,,,,,,,,,,,346.0,,,,51.0,,,,882.0
,,,814.0,,900.0,,,,,,,,,,,1634.0,,,,769.0,,,,743.0
,,,536.0,,158.0,,,,,,,,,,,628.0,,,,95.0,,,,595.0
,,,886.0,,486.0,,,,,,,,,,,1225.0,,,,929.0,,,,461.0
,,,1203.0,,963.0,,,,,,,,,,,1300.0,,,,395.0,,,,55.0
,,,1128.0,,672.0,,,,,,,,,,,102.0,,,,1439.0,,,,1315.0
,,,1682.0,,487.0,,,,,,,,,,,86.0,,,,282.0,,,,577.0
,,,907.0,,860.0,,,,,,,,,,,828.0,,,,325.0,,,,832.0
,,,1073.0,,1113.0,,,,,,,,,,,1521.0,,,,1220.0,,,,1523.0
,,,842.0,,1145.0,,,,,,,,,,,479.0,,,,638.0,,,,1430.0
,,,1335.0,,1247.0,,,,,,,,,,,208.0,,,,1478.0,,,,186.0
,,,1037.0,,1225.0,,,,,,,,,,,514.0,,,,1239.0,,,,1257.0
,,,1418.0,,349.0,,,,,,,,,,,78.0,,,,1338.0,,,,1522.0
,,,380.0,,1473.0,,,,,,,,,,,769.0,,,,444.0,,,,130.0
,,,120.0,,332.0,,,,,,,,,,,904.0,,,,1042.0,,,,753.0
,,,110.0,,357.0,,,,,,,,,,,133.0,,,,427.0,,,,1559.0
,,,619.0,,3.0,,,,,,,,,,,1079.0,,,,1714.0,,,,990.0
,,,1265.0,,398.0,,,,,,,,,,,1689.0,,,,297.0,,,,1175.0
,,,981.0,,622.0,,,,,,,,,,,193.0,,,,1148.0,,,,1242.0
,,,1190.0,,1708.0,,,,,,,,,,,1357.0,,,,652.0,,,,636.0
,,,1299.0,,228.0,,,,,,,,,,,1737.0,,,,1173.0,,,,784.0
,,,316.0,,1718.0,,,,,,,,,,,478.0,,,,647.0,,,,771.0
,,,1556.0,,1633.0,,,,,,,,,,,185.0,,,,286.0,,,,1347.0
,,,1176.0,,742.0,,,,,,,,,,,1571.0,,,,738.0,,,,786.0
,,,1337.0,,61.0,,,,,,,,,,,989.0,,,,253.0,,,,944.0
,,,1168.0,,304.0,,,,,,,,,,,986.0,,,,562.0,,,,1184.0
,,,1026.0,,820.0,,,,,,,,,,,591.0,,,,1465.0,,,,508.0
,,,1166.0,,1521.0,,,,,,,,,,,1675.0,,,,1192.0,,,,904.0
,,,670.0,,147.0,,,,,,,,,,,727.0,,,,1215.0,,,,1167.0
,,,1120.0,,27.0,,,,,,,,,,,1694.0,,,,813.0,,,,939.0
,,,649.0,,770.0,,,,,,,,,,,794.0,,,,1119.0,,,,1621.0
,,,1181.0,,1023.0,,,,,,,,,,,1012.0,,,,137.0,,,,352.0
,,,784.0,,467.0,,,,,,,,,,,1555.0,,,,1454.0,,,,566.0
,,,479.0,,231.0,,,,,,,,,,,1304.0,,,,1024.0,,,,500.0
,,,616.0,,885.0,,,,,,,,,,,310.0,,,,975.0,,,,1662.0
,,,591.0,,350.0,,,,,,,,,,,1528.0,,,,211.0,,,,1579.0
,,,671.0,,812.0,,,,,,,,,,,1368.0,,,,340.0,,,,1380.0
,,,1736.0,,459.0,,,,,,,,,,,418.0,,,,1037.0,,,,1617.0
,,,1414.0,,412.0,,,,,,,,,,,323.0,,,,1231.0,,,,24.0
,,,1623.0,,439.0,,,,,,,,,,,254.0,,,,1449.0,,,,21.0
,,,1412.0,,1720.0,,,,,,,,,,,325.0,,,,1344.0,,,,1555.0
,,,414.0,,1255.0,,,,,,,,,,,686.0,,,,551.0,,,,90.0
,,,369.0,,9.0,,,,,,,,,,,1249.0,,,,502.0,,,,861.0
,,,446.0,,667.0,,,,,,,,,,,812.0,,,,657.0,,,,1413.0
,,,1745.0,,958.0,,,,,,,,,,,371.0,,,,1200.0,,,,483.0
,,,1231.0,,1643.0,,,,,,,,,,,1122.0,,,,745.0,,,,1590.0
,,,77.0,,1434.0,,,,,,,,,,,683.0,,,,677.0,,,,1462.0
,,,1317.0,,95.0,,,,,,,,,,,826.0,,,,447.0,,,,276.0
,,,241.0,,266.0,,,,,,,,,,,250.0,,,,940.0,,,,456.0
,,,877.0,,564.0,,,,,,,,,,,57.0,,,,1435.0,,,,1091.0
,,,238.0,,206.0,,,,,,,,,,,1598.0,,,,1263.0,,,,538.0
,,,33.0,,318.0,,,,,,,,,,,1188.0,,,,785.0,,,,1002.0
,,,655.0,,1689.0,,,,,,,,,,,359.0,,,,976.0,,,,462.0
,,,700.0,,122.0,,,,,,,,,,,905.0,,,,689.0,,,,1130.0
,,,629.0,,313.0,,,,,,,,,,,1333.0,,,,659.0,,,,242.0
,,,1701.0,,1556.0,,,,,,,,,,,67.0,,,,1164.0,,,,280.0
,,,1535.0,,463.0,,,,,,,,,,,1263.0,,,,1283.0,,,,413.0
,,,125.0,,381.0,,,,,,,,,,,1273.0,,,,1445.0,,,,1481.0
,,,560.0,,1252.0,,,,,,,,,,,1460.0,,,,294.0,,,,366.0
,,,697.0,,1089.0,,,,,,,,,,,220.0,,,,1383.0,,,,373.0
,,,1310.0,,554.0,,,,,,,,,,,1074.0,,,,1223.0,,,,962.0
,,,668.0,,861.0,,,,,,,,,,,1022.0,,,,57.0,,,,408.0
,,,562.0,,1503.0,,,,,,,,,,,867.0,,,,1108.0,,,,1711.0
,,,53.0,,983.0,,,,,,,,,,,1399.0,,,,75.0,,,,415.0
,,,1491.0,,202.0,,,,,,,,,,,37.0,,,,1299.0,,,,1351.0
,,,590.0,,1631.0,,,,,,,,,,,903.0,,,,727.0,,,,1720.0
,,,1099.0,,1741.0,,,,,,,,,,,1081.0,,,,843.0,,,,1549.0
,,,70.0,,1195.0,,,,,,,,,,,1288.0,,,,1009.0,,,,136.0
,,,83.0,,1245.0,,,,,,,,,,,101.0,,,,386.0,,,,1421.0
,,,1183.0,,112.0,,,,,,,,,,,1697.0,,,,356.0,,,,504.0
,,,36.0,,1518.0,,,,,,,,,,,1336.0,,,,807.0,,,,1308.0
,,,1123.0,,1260.0,,,,,,,,,,,468.0,,,,543.0,,,,637.0
,,,883.0,,1389.0,,,,,,,,,,,783.0,,,,1700.0,,,,1682.0
,,,1215.0,,1493.0,,,,,,,,,,,134.0,,,,458.0,,,,1139.0
,,,995.0,,1135.0,,,,,,,,,,,450.0,,,,1575.0,,,,358.0
,,,332.0,,1332.0,,,,,,,,,,,203.0,,,,1705.0,,,,63.0
,,,832.0,,1082.0,,,,,,,,,,,11.0,,,,889.0,,,,1120.0
,,,1529.0,,823.0,,,,,,,,,,,328.0,,,,1059.0,,,,1418.0
,,,623.0,,101.0,,,,,,,,,,,1435.0,,,,487.0,,,,1029.0
,,,940.0,,1305.0,,,,,,,,,,,295.0,,,,1217.0,,,,490.0
,,,1448.0,,1160.0,,,,,,,,,,,472.0,,,,1721.0,,,,1706.0
,,,444.0,,173.0,,,,,,,,,,,1367.0,,,,326.0,,,,801.0
,,,535.0,,322.0,,,,,,,,,,,838.0,,,,1639.0,,,,165.0
,,,1303.0,,734.0,,,,,,,,,,,579.0,,,,581.0,,,,297.0
,,,1212.0,,1740.0,,,,,,,,,,,1740.0,,,,482.0,,,,267.0
,,,603.0,,97.0,,,,,,,,,,,1130.0,,,,98.0,,,,1472.0
,,,1539.0,,159.0,,,,,,,,,,,936.0,,,,350.0,,,,1409.0
,,,261.0,,1361.0,,,,,,,,,,,236.0,,,,775.0,,,,1520.0
,,,1370.0,,1483.0,,,,,,,,,,,1508.0,,,,1615.0,,,,1298.0
,,,161.0,,1411.0,,,,,,,,,,,114.0,,,,214.0,,,,995.0
,,,732.0,,1345.0,,,,,,,,,,,412.0,,,,65.0,,,,630.0
,,,1554.0,,1528.0,,,,,,,,,,,601.0,,,,794.0,,,,621.0
,,,447.0,,212.0,,,,,,,,,,,1265.0,,,,83.0,,,,183.0
,,,342.0,,1090.0,,,,,,,,,,,64.0,,,,1033.0,,,,1697.0
,,,1657.0,,549.0,,,,,,,,,,,1629.0,,,,1156.0,,,,436.0
,,,751.0,,1130.0,,,,,,,,,,,1033.0,,,,1160.0,,,,1577.0
,,,532.0,,858.0,,,,,,,,,,,1568.0,,,,1142.0,,,,1073.0
,,,1038.0,,1136.0,,,,,,,,,,,991.0,,,,483.0,,,,225.0
,,,774.0,,1709.0,,,,,,,,,,,1458.0,,,,1191.0,,,,1331.0
,,,1322.0,,929.0,,,,,,,,,,,1447.0,,,,850.0,,,,649.0
,,,95.0,,973.0,,,,,,,,,,,535.0,,,,520.0,,,,746.0
,,,91.0,,1663.0,,,,,,,,,,,834.0,,,,1479.0,,,,35.0
,,,658.0,,1010.0,,,,,,,,,,,1711.0,,,,1632.0,,,,1562.0
,,,1178.0,,1447.0,,,,,,,,,,,1117.0,,,,127.0,,,,1530.0
,,,46.0,,1574.0,,,,,,,,,,,36.0,,,,1236.0,,,,1731.0
,,,360.0,,365.0,,,,,,,,,,,1096.0,,,,174.0,,,,956.0
,,,212.0,,567.0,,,,,,,,,,,474.0,,,,1168.0,,,,1611.0
,,,288.0,,1049.0,,,,,,,,,,,898.0,,,,839.0,,,,259.0
,,,1110.0,,1153.0,,,,,,,,,,,455.0,,,,892.0,,,,1466.0
,,,216.0,,656.0,,,,,,,,,,,116.0,,,,910.0,,,,142.0
,,,266.0,,905.0,,,,,,,,,,,1094.0,,,,261.0,,,,897.0
,,,976.0,,829.0,,,,,,,,,,,19.0,,,,501.0,,,,822.0
,,,620.0,,735.0,,,,,,,,,,,664.0,,,,1296.0,,,,487.0
,,,1572.0,,957.0,,,,,,,,,,,1272.0,,,,1554.0,,,,84.0
,,,106.0,,253.0,,,,,,,,,,,1364.0,,,,989.0,,,,1169.0
,,,54.0,,55.0,,,,,,,,,,,1055.0,,,,163.0,,,,883.0
,,,775.0,,455.0,,,,,,,,,,,901.0,,,,168.0,,,,806.0
,,,1629.0,,1131.0,,,,,,,,,,,816.0,,,,1014.0,,,,1053.0
,,,222.0,,307.0,,,,,,,,,,,88.0,,,,1234.0,,,,647.0
,,,1478.0,,1253.0,,,,,,,,,,,1542.0,,,,1538.0,,,,543.0
,,,199.0,,260.0,,,,,,,,,,,712.0,,,,896.0,,,,102.0
,,,298.0,,795.0,,,,,,,,,,,457.0,,,,63.0,,,,1401.0
,,,121.0,,918.0,,,,,,,,,,,1058.0,,,,1326.0,,,,119.0
,,,1247.0,,892.0,,,,,,,,,,,119.0,,,,662.0,,,,103.0
,,,885.0,,1722.0,,,,,,,,,,,406.0,,,,1359.0,,,,22.0
,,,143.0,,1506.0,,,,,,,,,,,105.0,,,,1271.0,,,,1673.0
,,,459.0,,303.0,,,,,,,,,,,96.0,,,,826.0,,,,17.0
,,,1439.0,,1512.0,,,,,,,,,,,676.0,,,,624.0,,,,1426.0
,,,868.0,,137.0,,,,,,,,,,,452.0,,,,1010.0,,,,146.0
,,,738.0,,845.0,,,,,,,,,,,772.0,,,,1302.0,,,,162.0
,,,642.0,,1175.0,,,,,,,,,,,422.0,,,,1715.0,,,,1415.0
,,,1463.0,,977.0,,,,,,,,,,,1495.0,,,,1626.0,,,,996.0
,,,728.0,,291.0,,,,,,,,,,,128.0,,,,782.0,,,,134.0
,,,273.0,,472.0,,,,,,,,,,,958.0,,,,1500.0,,,,491.0
,,,828.0,,345.0,,,,,,,,,,,1197.0,,,,279.0,,,,1225.0
,,,1688.0,,1676.0,,,,,,,,,,,223.0,,,,1065.0,,,,1587.0
,,,1364.0,,1077.0,,,,,,,,,,,177.0,,,,379.0,,,,1689.0
,,,201.0,,1696.0,,,,,,,,,,,1366.0,,,,1057.0,,,,193.0
,,,1389.0,,1570.0,,,,,,,,,,,909.0,,,,1329.0,,,,164.0
,,,1333.0,,1117.0,,,,,,,,,,,1413.0,,,,1451.0,,,,1325.0
,,,1458.0,,1163.0,,,,,,,,,,,1256.0,,,,1241.0,,,,126.0
,,,617.0,,1350.0,,,,,,,,,,,897.0,,,,874.0,,,,1718.0
,,,925.0,,1428.0,,,,,,,,,,,109.0,,,,1417.0,,,,1172.0
,,,1733.0,,989.0,,,,,,,,,,,971.0,,,,510.0,,,,1629.0
,,,943.0,,1729.0,,,,,,,,,,,657.0,,,,1277.0,,,,792.0
,,,607.0,,1262.0,,,,,,,,,,,1151.0,,,,1012.0,,,,600.0
,,,763.0,,1097.0,,,,,,,,,,,480.0,,,,746.0,,,,749.0
,,,1740.0,,1419.0,,,,,,,,,,,475.0,,,,958.0,,,,1019.0
,,,1400.0,,488.0,,,,,,,,,,,,,,,1598.0,,,,239.0
,,,1444.0,,981.0,,,,,,,,,,,,,,,672.0,,,,1339.0
,,,638.0,,696.0,,,,,,,,,,,,,,,9.0,,,,1664.0
,,,129.0,,136.0,,,,,,,,,,,,,,,639.0,,,,1589.0
,,,1319.0,,438.0,,,,,,,,,,,,,,,541.0,,,,528.0
,,,51.0,,764.0,,,,,,,,,,,,,,,30.0,,,,151.0
,,,1184.0,,397.0,,,,,,,,,,,,,,,93.0,,,,1680.0
,,,913.0,,859.0,,,,,,,,,,,,,,,935.0,,,,851.0
,,,471.0,,1614.0,,,,,,,,,,,,,,,243.0,,,,466.0
,,,675.0,,19.0,,,,,,,,,,,,,,,723.0,,,,1217.0
,,,1523.0,,1480.0,,,,,,,,,,,,,,,37.0,,,,295.0
,,,794.0,,774.0,,,,,,,,,,,,,,,1701.0,,,,835.0
,,,1032.0,,379.0,,,,,,,,,,,,,,,441.0,,,,989.0
,,,1165.0,,673.0,,,,,,,,,,,,,,,730.0,,,,133.0
,,,1435.0,,1462.0,,,,,,,,,,,,,,,995.0,,,,223.0
,,,1621.0,,1460.0,,,,,,,,,,,,,,,749.0,,,,247.0
,,,411.0,,1335.0,,,,,,,,,,,,,,,1090.0,,,,465.0
,,,1163.0,,601.0,,,,,,,,,,,,,,,557.0,,,,348.0
,,,1480.0,,1333.0,,,,,,,,,,,,,,,625.0,,,,1519.0
,,,1005.0,,751.0,,,,,,,,,,,,,,,1031.0,,,,330.0
,,,488.0,,189.0,,,,,,,,,,,,,,,357.0,,,,1063.0
,,,337.0,,35.0,,,,,,,,,,,,,,,699.0,,,,480.0
,,,1596.0,,111.0,,,,,,,,,,,,,,,877.0,,,,198.0
,,,1582.0,,1495.0,,,,,,,,,,,,,,,981.0,,,,1534.0
,,,879.0,,462.0,,,,,,,,,,,,,,,1462.0,,,,208.0
,,,1021.0,,312.0,,,,,,,,,,,,,,,897.0,,,,565.0
,,,1663.0,,1592.0,,,,,,,,,,,,,,,968.0,,,,374.0
,,,365.0,,1451.0,,,,,,,,,,,,,,,324.0,,,,1405.0
,,,1124.0,,358.0,,,,,,,,,,,,,,,675.0,,,,1032.0
,,,385.0,,1053.0,,,,,,,,,,,,,,,980.0,,,,1125.0
,,,967.0,,1733.0,,,,,,,,,,,,,,,1717.0,,,,
,,,1735.0,,1404.0,,,,,,,,,,,,,,,1289.0,,,,
,,,586.0,,400.0,,,,,,,,,,,,,,,1547.0,,,,
,,,746.0,,373.0,,,,,,,,,,,,,,,948.0,,,,
,,,398.0,,50.0,,,,,,,,,,,,,,,619.0,,,,
,,,813.0,,219.0,,,,,,,,,,,,,,,852.0,,,,
,,,1283.0,,417.0,,,,,,,,,,,,,,,1368.0,,,,
,,,523.0,,970.0,,,,,,,,,,,,,,,424.0,,,,
,,,1659.0,,1688.0,,,,,,,,,,,,,,,1509.0,,,,
,,,745.0,,1176.0,,,,,,,,,,,,,,,542.0,,,,
,,,81.0,,1054.0,,,,,,,,,,,,,,,364.0,,,,
,,,1198.0,,413.0,,,,,,,,,,,,,,,1225.0,,,,
,,,1304.0,,1191.0,,,,,,,,,,,,,,,66.0,,,,
,,,258.0,,731.0,,,,,,,,,,,,,,,548.0,,,,
,,,1141.0,,367.0,,,,,,,,,,,,,,,1651.0,,,,
,,,958.0,,771.0,,,,,,,,,,,,,,,1553.0,,,,
,,,11.0,,1188.0,,,,,,,,,,,,,,,784.0,,,,
,,,17.0,,1748.0,,,,,,,,,,,,,,,173.0,,,,
,,,1376.0,,1218.0,,,,,,,,,,,,,,,1631.0,,,,
,,,1594.0,,126.0,,,,,,,,,,,,,,,1132.0,,,,
,,,1013.0,,482.0,,,,,,,,,,,,,,,972.0,,,,
,,,491.0,,1665.0,,,,,,,,,,,,,,,1578.0,,,,
,,,993.0,,1177.0,,,,,,,,,,,,,,,280.0,,,,
,,,1725.0,,1601.0,,,,,,,,,,,,,,,878.0,,,,
,,,1720.0,,209.0,,,,,,,,,,,,,,,1058.0,,,,
,,,227.0,,479.0,,,,,,,,,,,,,,,415.0,,,,
,,,119.0,,477.0,,,,,,,,,,,,,,,654.0,,,,
,,,665.0,,579.0,,,,,,,,,,,,,,,602.0,,,,
,,,334.0,,1170.0,,,,,,,,,,,,,,,39.0,,,,
,,,388.0,,1739.0,,,,,,,,,,,,,,,713.0,,,,
,,,1077.0,,1595.0,,,,,,,,,,,,,,,1068.0,,,,
,,,997.0,,1007.0,,,,,,,,,,,,,,,747.0,,,,
,,,98.0,,195.0,,,,,,,,,,,,,,,1251.0,,,,
,,,531.0,,1598.0,,,,,,,,,,,,,,,60.0,,,,
,,,1186.0,,403.0,,,,,,,,,,,,,,,1134.0,,,,
,,,1575.0,,836.0,,,,,,,,,,,,,,,967.0,,,,
,,,645.0,,1076.0,,,,,,,,,,,,,,,1405.0,,,,
,,,478.0,,1377.0,,,,,,,,,,,,,,,610.0,,,,
,,,512.0,,1578.0,,,,,,,,,,,,,,,887.0,,,,
,,,1191.0,,8.0,,,,,,,,,,,,,,,339.0,,,,
,,,881.0,,543.0,,,,,,,,,,,,,,,970.0,,,,
,,,1493.0,,151.0,,,,,,,,,,,,,,,742.0,,,,
,,,1531.0,,857.0,,,,,,,,,,,,,,,999.0,,,,
,,,735.0,,435.0,,,,,,,,,,,,,,,154.0,,,,
,,,122.0,,792.0,,,,,,,,,,,,,,,644.0,,,,
,,,1625.0,,1505.0,,,,,,,,,,,,,,,732.0,,,,
,,,861.0,,1261.0,,,,,,,,,,,,,,,946.0,,,,
,,,439.0,,1677.0,,,,,,,,,,,,,,,1459.0,,,,
,,,1440.0,,1141.0,,,,,,,,,,,,,,,284.0,,,,
,,,284.0,,1351.0,,,,,,,,,,,,,,,1729.0,,,,
,,,1056.0,,478.0,,,,,,,,,,,,,,,612.0,,,,
,,,664.0,,1407.0,,,,,,,,,,,,,,,1685.0,,,,
,,,902.0,,326.0,,,,,,,,,,,,,,,1041.0,,,,
,,,403.0,,766.0,,,,,,,,,,,,,,,1576.0,,,,
,,,102.0,,1366.0,,,,,,,,,,,,,,,1250.0,,,,
,,,1115.0,,895.0,,,,,,,,,,,,,,,861.0,,,,
,,,722.0,,718.0,,,,,,,,,,,,,,,1.0,,,,
,,,1153.0,,1303.0,,,,,,,,,,,,,,,307.0,,,,
,,,253.0,,380.0,,,,,,,,,,,,,,,490.0,,,,
,,,63.0,,1071.0,,,,,,,,,,,,,,,1625.0,,,,
,,,978.0,,119.0,,,,,,,,,,,,,,,310.0,,,,
,,,600.0,,1687.0,,,,,,,,,,,,,,,89.0,,,,
,,,1477.0,,121.0,,,,,,,,,,,,,,,1499.0,,,,
,,,862.0,,632.0,,,,,,,,,,,,,,,1467.0,,,,
,,,1471.0,,1205.0,,,,,,,,,,,,,,,136.0,,,,
,,,1684.0,,765.0,,,,,,,,,,,,,,,717.0,,,,
,,,1586.0,,524.0,,,,,,,,,,,,,,,418.0,,,,
,,,1633.0,,1457.0,,,,,,,,,,,,,,,50.0,,,,
,,,855.0,,1525.0,,,,,,,,,,,,,,,719.0,,,,
,,,1349.0,,1171.0,,,,,,,,,,,,,,,150.0,,,,
,,,1479.0,,230.0,,,,,,,,,,,,,,,272.0,,,,
,,,1152.0,,513.0,,,,,,,,,,,,,,,327.0,,,,
,,,1293.0,,1396.0,,,,,,,,,,,,,,,429.0,,,,
,,,798.0,,166.0,,,,,,,,,,,,,,,239.0,,,,
,,,1630.0,,1452.0,,,,,,,,,,,,,,,1145.0,,,,
,,,632.0,,794.0,,,,,,,,,,,,,,,1026.0,,,,
,,,802.0,,1593.0,,,,,,,,,,,,,,,1550.0,,,,
,,,415.0,,1067.0,,,,,,,,,,,,,,,49.0,,,,
,,,393.0,,1050.0,,,,,,,,,,,,,,,285.0,,,,
,,,93.0,,292.0,,,,,,,,,,,,,,,901.0,,,,
,,,137.0,,944.0,,,,,,,,,,,,,,,157.0,,,,
,,,765.0,,223.0,,,,,,,,,,,,,,,1706.0,,,,
,,,475.0,,952.0,,,,,,,,,,,,,,,521.0,,,,
,,,1068.0,,890.0,,,,,,,,,,,,,,,1280.0,,,,
,,,1339.0,,134.0,,,,,,,,,,,,,,,1650.0,,,,
,,,272.0,,1538.0,,,,,,,,,,,,,,,1696.0,,,,
,,,830.0,,1520.0,,,,,,,,,,,,,,,993.0,,,,
,,,1624.0,,1287.0,,,,,,,,,,,,,,,88.0,,,,
,,,37.0,,1200.0,,,,,,,,,,,,,,,1321.0,,,,
,,,1614.0,,1319.0,,,,,,,,,,,,,,,159.0,,,,
,,,1100.0,,1680.0,,,,,,,,,,,,,,,407.0,,,,
,,,716.0,,635.0,,,,,,,,,,,,,,,1495.0,,,,
,,,203.0,,750.0,,,,,,,,,,,,,,,849.0,,,,
,,,874.0,,127.0,,,,,,,,,,,,,,,927.0,,,,
,,,274.0,,1059.0,,,,,,,,,,,,,,,1656.0,,,,
,,,1709.0,,1736.0,,,,,,,,,,,,,,,1703.0,,,,
,,,31.0,,660.0,,,,,,,,,,,,,,,817.0,,,,
,,,185.0,,1139.0,,,,,,,,,,,,,,,1373.0,,,,
,,,482.0,,978.0,,,,,,,,,,,,,,,362.0,,,,
,,,267.0,,103.0,,,,,,,,,,,,,,,842.0,,,,
,,,669.0,,630.0,,,,,,,,,,,,,,,245.0,,,,
,,,922.0,,814.0,,,,,,,,,,,,,,,517.0,,,,
,,,461.0,,615.0,,,,,,,,,,,,,,,1669.0,,,,
,,,1264.0,,460.0,,,,,,,,,,,,,,,506.0,,,,
,,,189.0,,362.0,,,,,,,,,,,,,,,582.0,,,,
,,,1385.0,,393.0,,,,,,,,,,,,,,,876.0,,,,
,,,839.0,,1410.0,,,,,,,,,,,,,,,1539.0,,,,
,,,115.0,,1347.0,,,,,,,,,,,,,,,950.0,,,,
,,,326.0,,1281.0,,,,,,,,,,,,,,,1677.0,,,,
,,,1552.0,,621.0,,,,,,,,,,,,,,,808.0,,,,
,,,416.0,,596.0,,,,,,,,,,,,,,,496.0,,,,
,,,689.0,,391.0,,,,,,,,,,,,,,,1084.0,,,,
,,,1126.0,,733.0,,,,,,,,,,,,,,,36.0,,,,
,,,890.0,,252.0,,,,,,,,,,,,,,,830.0,,,,
,,,1505.0,,1118.0,,,,,,,,,,,,,,,1317.0,,,,
,,,979.0,,1227.0,,,,,,,,,,,,,,,1604.0,,,,
,,,67.0,,117.0,,,,,,,,,,,,,,,384.0,,,,
,,,418.0,,1185.0,,,,,,,,,,,,,,,1433.0,,,,
,,,1496.0,,875.0,,,,,,,,,,,,,,,1121.0,,,,
,,,6.0,,509.0,,,,,,,,,,,,,,,1418.0,,,,
,,,1697.0,,31.0,,,,,,,,,,,,,,,443.0,,,,
,,,573.0,,36.0,,,,,,,,,,,,,,,973.0,,,,
,,,873.0,,63.0,,,,,,,,,,,,,,,1183.0,,,,
,,,538.0,,157.0,,,,,,,,,,,,,,,712.0,,,,
,,,1346.0,,171.0,,,,,,,,,,,,,,,73.0,,,,
,,,1656.0,,919.0,,,,,,,,,,,,,,,1673.0,,,,
,,,899.0,,1236.0,,,,,,,,,,,,,,,1491.0,,,,
,,,180.0,,156.0,,,,,,,,,,,,,,,1524.0,,,,
,,,1518.0,,441.0,,,,,,,,,,,,,,,244.0,,,,
,,,324.0,,882.0,,,,,,,,,,,,,,,113.0,,,,
,,,333.0,,511.0,,,,,,,,,,,,,,,764.0,,,,
,,,218.0,,193.0,,,,,,,,,,,,,,,692.0,,,,
,,,59.0,,867.0,,,,,,,,,,,,,,,1643.0,,,,
,,,872.0,,420.0,,,,,,,,,,,,,,,1688.0,,,,
,,,854.0,,1199.0,,,,,,,,,,,,,,,1053.0,,,,
,,,1192.0,,854.0,,,,,,,,,,,,,,,359.0,,,,
,,,547.0,,501.0,,,,,,,,,,,,,,,480.0,,,,
,,,1442.0,,1032.0,,,,,,,,,,,,,,,682.0,,,,
,,,1456.0,,1662.0,,,,,,,,,,,,,,,1583.0,,,,
,,,644.0,,1325.0,,,,,,,,,,,,,,,1249.0,,,,
,,,1045.0,,1192.0,,,,,,,,,,,,,,,,,,,
,,,1608.0,,558.0,,,,,,,,,,,,,,,,,,,
,,,682.0,,574.0,,,,,,,,,,,,,,,,,,,
,,,1534.0,,629.0,,,,,,,,,,,,,,,,,,,
,,,18.0,,834.0,,,,,,,,,,,,,,,,,,,
,,,640.0,,1536.0,,,,,,,,,,,,,,,,,,,
,,,972.0,,933.0,,,,,,,,,,,,,,,,,,,
,,,480.0,,826.0,,,,,,,,,,,,,,,,,,,
,,,319.0,,679.0,,,,,,,,,,,,,,,,,,,
,,,171.0,,1535.0,,,,,,,,,,,,,,,,,,,
,,,,,1710.0,,,,,,,,,,,,,,,,,,,
,,,,,47.0,,,,,,,,,,,,,,,,,,,
,,,,,144.0,,,,,,,,,,,,,,,,,,,
,,,,,1196.0,,,,,,,,,,,,,,,,,,,
,,,,,1094.0,,,,,,,,,,,,,,,,,,,
,,,,,1107.0,,,,,,,,,,,,,,,,,,,
,,,,,1489.0,,,,,,,,,,,,,,,,,,,
,,,,,258.0,,,,,,,,,,,,,,,,,,,
,,,,,588.0,,,,,,,,,,,,,,,,,,,
,,,,,1523.0,,,,,,,,,,,,,,,,,,,
,,,,,235.0,,,,,,,,,,,,,,,,,,,
,,,,,1540.0,,,,,,,,,,,,,,,,,,,
,,,,,480.0,,,,,,,,,,,,,,,,,,,
,,,,,999.0,,,,,,,,,,,,,,,,,,,
,,,,,204.0,,,,,,,,,,,,,,,,,,,
,,,,,649.0,,,,,,,,,,,,,,,,,,,
,,,,,920.0,,,,,,,,,,,,,,,,,,,
,,,,,570.0,,,,,,,,,,,,,,,,,,,
,,,,,356.0,,,,,,,,,,,,,,,,,,,
,,,,,691.0,,,,,,,,,,,,,,,,,,,
