run_0,run_1,run_2,run_3,run_4,run_5,run_6,run_7,run_8,run_9,run_10,run_11,run_12,run_13,run_14,run_15,run_16,run_17,run_18,run_19,run_20,run_21,run_22,run_23,run_24
5891.0,7855.0,5442.0,3153.0,1603.0,5401.0,2876.0,3644.0,2448.0,3644.0,937.0,8687.0,5668.0,9827.0,3328.0,522.0,7518.0,5191.0,2379.0,3744.0,9278.0,2146.0,961.0,8052.0,3753.0
898.0,881.0,5687.0,6549.0,8711.0,442.0,3605.0,2539.0,8084.0,9181.0,9352.0,2634.0,8797.0,5364.0,6728.0,5925.0,4446.0,4949.0,8991.0,4993.0,7247.0,3744.0,2211.0,5184.0,491.0
6148.0,9755.0,5990.0,4706.0,7195.0,4164.0,2891.0,9223.0,8824.0,520.0,5336.0,3009.0,3205.0,4474.0,8371.0,4029.0,6111.0,9288.0,9614.0,8323.0,5430.0,3895.0,5419.0,2495.0,3399.0
5325.0,6528.0,3035.0,4369.0,7843.0,6636.0,1913.0,3111.0,8772.0,5454.0,192.0,4786.0,8728.0,145.0,6609.0,3198.0,5396.0,7010.0,958.0,673.0,2780.0,9864.0,8885.0,2765.0,2082.0
7978.0,6707.0,6808.0,231.0,2558.0,2170.0,8946.0,2301.0,770.0,2401.0,8049.0,2905.0,6794.0,7794.0,8198.0,2902.0,6154.0,9872.0,1588.0,2994.0,1053.0,8416.0,6067.0,9300.0,5773.0
4615.0,5211.0,4894.0,2674.0,7963.0,4429.0,5834.0,4910.0,3617.0,6150.0,53.0,7591.0,9397.0,6242.0,2554.0,3357.0,5963.0,7620.0,5043.0,3235.0,9254.0,9765.0,1659.0,322.0,7863.0
4252.0,7816.0,4369.0,798.0,5098.0,2052.0,7642.0,5470.0,4449.0,9850.0,3793.0,7291.0,9449.0,7499.0,1030.0,4355.0,5845.0,8702.0,5888.0,980.0,2663.0,11.0,6684.0,4164.0,7389.0
6450.0,9917.0,8610.0,7755.0,7654.0,5593.0,2985.0,1846.0,2793.0,5602.0,265.0,6557.0,8482.0,1761.0,1651.0,3105.0,9345.0,6644.0,4037.0,7903.0,4216.0,608.0,7579.0,7197.0,8080.0
2669.0,278.0,9197.0,8192.0,9038.0,6502.0,9863.0,6725.0,1334.0,9025.0,984.0,3890.0,4643.0,904.0,673.0,14.0,9092.0,3774.0,6809.0,7597.0,2435.0,9413.0,7837.0,2626.0,405.0
9524.0,913.0,6978.0,6113.0,1366.0,413.0,4198.0,7454.0,3825.0,49.0,6058.0,1691.0,1844.0,303.0,4942.0,6831.0,9299.0,5565.0,7410.0,9443.0,4824.0,6812.0,3961.0,4492.0,7600.0
7884.0,8675.0,7327.0,8234.0,4816.0,6997.0,5463.0,7502.0,1772.0,5988.0,5124.0,7087.0,8417.0,2271.0,2540.0,1989.0,9368.0,1637.0,7834.0,8734.0,9599.0,6878.0,4542.0,587.0,173.0
6478.0,7770.0,9686.0,9315.0,6789.0,9190.0,9184.0,9191.0,4134.0,5469.0,2344.0,5692.0,7123.0,1764.0,2900.0,3224.0,5799.0,1881.0,5259.0,5049.0,6781.0,8690.0,2240.0,713.0,179.0
7879.0,6320.0,2707.0,9352.0,8950.0,8251.0,9183.0,7512.0,4164.0,9002.0,2676.0,5066.0,7195.0,2480.0,4766.0,2222.0,6819.0,1843.0,7307.0,8569.0,9606.0,9957.0,3502.0,704.0,260.0
9861.0,5903.0,9704.0,6538.0,9719.0,5515.0,8562.0,9439.0,3165.0,7259.0,2652.0,7490.0,7278.0,1773.0,5715.0,4410.0,6671.0,3981.0,7757.0,9192.0,8688.0,8791.0,5264.0,721.0,764.0
5036.0,8616.0,6779.0,3983.0,5810.0,6069.0,5497.0,2722.0,6357.0,2408.0,2665.0,8056.0,6752.0,5005.0,5725.0,3248.0,7986.0,5511.0,7126.0,8666.0,5912.0,8658.0,6182.0,1909.0,414.0
5034.0,7956.0,5571.0,3995.0,7899.0,5577.0,9192.0,9945.0,4376.0,8411.0,5053.0,4660.0,6717.0,7917.0,3901.0,4429.0,3818.0,1840.0,4933.0,6080.0,5910.0,6410.0,7143.0,2658.0,687.0
2697.0,9293.0,7996.0,5522.0,9283.0,3282.0,7509.0,2193.0,8579.0,3376.0,7114.0,7509.0,9019.0,1025.0,4819.0,4366.0,7941.0,4118.0,5765.0,5130.0,7474.0,5902.0,6766.0,2711.0,815.0
7878.0,7934.0,6870.0,854.0,6674.0,3286.0,4322.0,9739.0,8713.0,9743.0,7106.0,6483.0,7213.0,5403.0,5607.0,9058.0,8524.0,4658.0,6195.0,9183.0,7939.0,7468.0,5811.0,1624.0,3702.0
6914.0,4098.0,8716.0,5131.0,8616.0,7093.0,4735.0,5038.0,5070.0,3377.0,3064.0,9408.0,6166.0,2032.0,4882.0,4342.0,9255.0,3356.0,7081.0,8076.0,7587.0,7464.0,6574.0,1623.0,810.0
5954.0,8686.0,9930.0,7642.0,6711.0,4307.0,5544.0,7940.0,5130.0,8967.0,5073.0,8291.0,2452.0,3578.0,4935.0,3578.0,3090.0,6008.0,3505.0,7002.0,3409.0,8879.0,7339.0,1657.0,1800.0
2838.0,9209.0,7944.0,994.0,9259.0,9960.0,9408.0,8292.0,3913.0,9764.0,6050.0,5225.0,7280.0,2296.0,4027.0,2264.0,6888.0,5487.0,5614.0,3376.0,4565.0,8677.0,6729.0,2719.0,914.0
2517.0,9347.0,6357.0,9316.0,6685.0,616.0,4636.0,4604.0,4687.0,3706.0,4260.0,8746.0,7670.0,2537.0,4875.0,3200.0,9302.0,4639.0,5731.0,3165.0,5426.0,9209.0,7818.0,3898.0,3732.0
1857.0,9217.0,7626.0,1007.0,9269.0,8598.0,8054.0,5998.0,4727.0,9962.0,7523.0,5463.0,1901.0,2283.0,4768.0,1549.0,9361.0,4258.0,6145.0,4164.0,8806.0,9544.0,4978.0,902.0,39.0
3598.0,9912.0,3165.0,6502.0,3813.0,3629.0,3538.0,8275.0,8550.0,7327.0,7004.0,3903.0,5310.0,4994.0,4859.0,1279.0,6666.0,4091.0,2482.0,5071.0,3096.0,9628.0,3442.0,1113.0,2069.0
3287.0,7322.0,7467.0,6997.0,3624.0,763.0,9185.0,6816.0,5056.0,8420.0,4184.0,9184.0,8988.0,2900.0,5666.0,1146.0,9338.0,3725.0,3284.0,3882.0,6394.0,4533.0,2457.0,2391.0,28.0
9854.0,8003.0,8713.0,9190.0,5392.0,2315.0,9897.0,7935.0,8532.0,9908.0,7498.0,4451.0,4807.0,2511.0,5723.0,2368.0,5877.0,5483.0,4417.0,4376.0,6967.0,7443.0,5345.0,2400.0,154.0
6419.0,8086.0,4531.0,8251.0,9332.0,3552.0,8076.0,9427.0,9185.0,6357.0,5487.0,5301.0,4459.0,3273.0,2493.0,834.0,7374.0,6898.0,7756.0,5070.0,8702.0,6360.0,1544.0,4442.0,3363.0
9784.0,5649.0,6853.0,5515.0,6698.0,7705.0,3937.0,6468.0,5071.0,5488.0,4870.0,9183.0,3435.0,6893.0,8285.0,1824.0,7388.0,4605.0,7775.0,9449.0,6376.0,8154.0,6877.0,1159.0,35.0
2408.0,9314.0,5362.0,6069.0,6821.0,749.0,6016.0,5799.0,6983.0,9947.0,8551.0,9863.0,6337.0,5398.0,4894.0,1862.0,8581.0,4260.0,4496.0,8746.0,9557.0,6372.0,5905.0,2744.0,252.0
3631.0,3601.0,5338.0,5577.0,8695.0,4671.0,6417.0,8524.0,9446.0,8397.0,7641.0,8562.0,6707.0,6371.0,6148.0,1265.0,6821.0,3052.0,1664.0,4687.0,9633.0,8537.0,7809.0,6589.0,563.0
3855.0,9556.0,6356.0,3282.0,4557.0,4626.0,5545.0,961.0,8076.0,4214.0,1495.0,5497.0,8439.0,5890.0,4456.0,5871.0,7933.0,3300.0,3993.0,3913.0,7363.0,6967.0,4965.0,4471.0,917.0
3374.0,9378.0,8579.0,3286.0,3094.0,6538.0,2561.0,3782.0,9438.0,5455.0,5219.0,9192.0,5825.0,4981.0,4929.0,7292.0,6817.0,1785.0,4881.0,2707.0,5317.0,3409.0,5383.0,3035.0,171.0
5990.0,8004.0,5352.0,7093.0,7273.0,1681.0,2609.0,4140.0,2707.0,6598.0,5994.0,4322.0,7757.0,6327.0,2355.0,4570.0,6842.0,3032.0,6158.0,3277.0,8169.0,8599.0,5306.0,8852.0,346.0
6416.0,8431.0,6359.0,4307.0,8568.0,1683.0,3290.0,7000.0,3760.0,5035.0,9194.0,4735.0,3493.0,6358.0,3147.0,2418.0,7457.0,3019.0,7831.0,8550.0,8178.0,9202.0,5364.0,503.0,849.0
3760.0,4998.0,6408.0,9960.0,9393.0,1690.0,3878.0,115.0,1689.0,7701.0,7350.0,5544.0,4440.0,6237.0,6216.0,39.0,4279.0,3790.0,7788.0,6084.0,7375.0,8859.0,7854.0,1165.0,856.0
6417.0,6393.0,8984.0,616.0,3831.0,2758.0,4754.0,3090.0,9034.0,5471.0,7493.0,4636.0,4505.0,7263.0,5598.0,7283.0,5848.0,4595.0,4946.0,5116.0,9459.0,9366.0,4985.0,4655.0,369.0
3165.0,9645.0,7407.0,8598.0,6372.0,3563.0,3882.0,7426.0,6416.0,5200.0,7664.0,8054.0,5830.0,4571.0,2675.0,4969.0,8639.0,4184.0,5244.0,3760.0,9498.0,7375.0,5327.0,1631.0,410.0
4164.0,7367.0,2782.0,3629.0,4533.0,4427.0,9764.0,9345.0,6419.0,6900.0,4594.0,3538.0,7311.0,7914.0,5655.0,541.0,8670.0,1202.0,6176.0,5588.0,6365.0,3169.0,6362.0,9595.0,997.0
4687.0,5926.0,4112.0,763.0,7928.0,9212.0,3376.0,9368.0,6417.0,3708.0,8250.0,9185.0,8419.0,5800.0,3556.0,28.0,9039.0,3064.0,8982.0,2873.0,9177.0,7565.0,4153.0,9615.0,1109.0
4376.0,7908.0,8672.0,2315.0,8599.0,9324.0,5130.0,8985.0,5036.0,4837.0,7516.0,9897.0,7199.0,6235.0,5746.0,5865.0,2195.0,1374.0,4067.0,2887.0,5889.0,9216.0,9397.0,3834.0,356.0
2707.0,5814.0,4089.0,3552.0,9202.0,9924.0,5459.0,5955.0,7878.0,5489.0,2124.0,8076.0,6645.0,5343.0,1542.0,7147.0,3831.0,3793.0,5685.0,3511.0,6393.0,9992.0,7785.0,5600.0,3798.0
6906.0,9266.0,5003.0,7705.0,9267.0,9965.0,6080.0,6470.0,9861.0,4211.0,6475.0,3937.0,4852.0,5788.0,120.0,725.0,4154.0,3056.0,3226.0,4276.0,8721.0,7456.0,9909.0,6151.0,1593.0
1689.0,5883.0,6257.0,749.0,7974.0,765.0,4164.0,9698.0,7884.0,5601.0,7877.0,6016.0,3203.0,7907.0,4494.0,1581.0,6765.0,1375.0,4837.0,5463.0,9577.0,8588.0,9913.0,3563.0,858.0
5070.0,3399.0,6824.0,4671.0,6360.0,4054.0,8666.0,137.0,6906.0,8722.0,3069.0,6417.0,8991.0,9379.0,1011.0,35.0,9372.0,4207.0,5200.0,6071.0,8796.0,8618.0,6820.0,4427.0,1446.0
5130.0,7936.0,8651.0,4626.0,8537.0,1560.0,5049.0,903.0,6914.0,6990.0,4265.0,5545.0,5726.0,5387.0,3001.0,1607.0,6883.0,5450.0,5232.0,3567.0,9469.0,8695.0,6827.0,7093.0,3645.0
9034.0,6874.0,9922.0,1681.0,9366.0,2705.0,8569.0,4135.0,3785.0,7660.0,5048.0,2561.0,7758.0,6715.0,162.0,1635.0,5810.0,4205.0,5536.0,5115.0,8815.0,5426.0,2319.0,7145.0,1124.0
3785.0,8000.0,7471.0,1683.0,9216.0,2754.0,7002.0,6046.0,6080.0,6994.0,3738.0,2609.0,6726.0,6794.0,3622.0,1461.0,4153.0,1262.0,3857.0,1777.0,8422.0,8806.0,9928.0,4307.0,1495.0
5071.0,9026.0,6897.0,1690.0,9992.0,7145.0,3165.0,1671.0,3376.0,8644.0,6463.0,3290.0,7801.0,7980.0,1006.0,939.0,3094.0,779.0,7850.0,6416.0,8607.0,8622.0,4551.0,8251.0,807.0
3913.0,8589.0,5148.0,2758.0,6410.0,9294.0,5071.0,5993.0,6478.0,8601.0,2103.0,3878.0,8941.0,8852.0,527.0,1143.0,6773.0,2383.0,3189.0,6419.0,9539.0,9557.0,5852.0,2315.0,1236.0
6080.0,3403.0,6855.0,3563.0,7985.0,9358.0,4376.0,6902.0,7879.0,9586.0,6028.0,4754.0,8430.0,6886.0,3221.0,5358.0,7358.0,1638.0,4144.0,6417.0,6963.0,5393.0,4549.0,4138.0,1626.0
3376.0,8503.0,8694.0,4427.0,6868.0,5254.0,5070.0,7343.0,9854.0,9423.0,1875.0,3882.0,3110.0,5815.0,7110.0,6791.0,7910.0,1253.0,7787.0,5036.0,8863.0,5317.0,5323.0,4772.0,2691.0
4179.0,5897.0,4279.0,9212.0,5411.0,4773.0,9443.0,4609.0,4179.0,7456.0,4317.0,9764.0,4543.0,8708.0,8085.0,980.0,3414.0,4187.0,1469.0,7878.0,8116.0,5912.0,2587.0,7688.0,3755.0
3882.0,6360.0,2313.0,9324.0,8154.0,4883.0,9449.0,139.0,3882.0,7446.0,2135.0,3376.0,6146.0,7813.0,160.0,4160.0,3863.0,6913.0,2181.0,9861.0,8657.0,5910.0,9020.0,7705.0,3963.0
8550.0,8595.0,4669.0,9924.0,8879.0,2713.0,8746.0,6819.0,9784.0,7468.0,4200.0,5130.0,5698.0,7905.0,467.0,2052.0,7991.0,886.0,2313.0,7884.0,2809.0,8688.0,112.0,4370.0,64.0
8076.0,9366.0,4736.0,9965.0,6812.0,3514.0,4687.0,7432.0,2282.0,8683.0,7351.0,5459.0,7792.0,9595.0,629.0,2083.0,9955.0,8284.0,4669.0,6906.0,4065.0,7474.0,4535.0,4671.0,211.0
2282.0,7958.0,5139.0,765.0,6878.0,5600.0,3913.0,8527.0,5115.0,8806.0,4148.0,6080.0,8425.0,9615.0,953.0,1185.0,4535.0,8246.0,4279.0,6914.0,5404.0,7939.0,6229.0,5767.0,1597.0
5115.0,8537.0,5560.0,4054.0,8690.0,7157.0,2707.0,5486.0,5034.0,5317.0,2379.0,4164.0,8436.0,9404.0,4844.0,2633.0,7423.0,2402.0,4736.0,1689.0,8852.0,7587.0,6233.0,6623.0,1454.0
2873.0,9676.0,4287.0,1560.0,9957.0,2597.0,3277.0,8697.0,2873.0,5549.0,4254.0,8666.0,5367.0,9456.0,649.0,2648.0,9985.0,8764.0,5139.0,9034.0,5846.0,9254.0,6279.0,3572.0,309.0
3511.0,4827.0,6013.0,2705.0,8791.0,4914.0,8550.0,8989.0,3511.0,7375.0,6025.0,5049.0,4489.0,9571.0,959.0,2126.0,4557.0,4647.0,5560.0,3785.0,6261.0,4565.0,9980.0,5716.0,434.0
9183.0,5289.0,4270.0,2754.0,8658.0,5716.0,6084.0,9273.0,9183.0,9594.0,6065.0,8569.0,6321.0,4964.0,1233.0,7090.0,5392.0,4653.0,4287.0,6478.0,6947.0,3096.0,4223.0,3282.0,939.0
1777.0,9229.0,4419.0,7145.0,5902.0,7558.0,5116.0,3818.0,1777.0,8878.0,6054.0,7002.0,5683.0,6963.0,9530.0,1437.0,5882.0,2151.0,6013.0,7879.0,6831.0,6394.0,135.0,4773.0,1010.0
8666.0,4951.0,5253.0,9294.0,7468.0,4370.0,3760.0,3902.0,8666.0,9557.0,6547.0,3165.0,7285.0,4537.0,7600.0,1821.0,8602.0,1603.0,8694.0,9854.0,4557.0,8702.0,5334.0,4883.0,1123.0
3277.0,4533.0,3195.0,9358.0,7464.0,5562.0,5588.0,4565.0,3277.0,7494.0,6059.0,5071.0,5614.0,587.0,165.0,3915.0,7422.0,3013.0,4270.0,4179.0,9595.0,6376.0,5826.0,8743.0,4066.0
2887.0,8541.0,6145.0,5254.0,8677.0,2777.0,2873.0,5006.0,2887.0,8600.0,3787.0,4376.0,7214.0,3834.0,4387.0,1281.0,5411.0,4716.0,4419.0,9784.0,9615.0,9633.0,6246.0,3514.0,1860.0
2890.0,8543.0,1777.0,4773.0,9209.0,7785.0,2887.0,5893.0,2890.0,7443.0,8680.0,5070.0,4800.0,6118.0,4778.0,2050.0,6698.0,2367.0,5253.0,2282.0,6822.0,7363.0,6294.0,9456.0,2736.0
2955.0,8256.0,3277.0,4883.0,9544.0,5767.0,3511.0,6414.0,2955.0,9582.0,3063.0,9443.0,5845.0,713.0,6673.0,171.0,4549.0,3738.0,3195.0,5034.0,7194.0,8169.0,9001.0,9571.0,3022.0
2301.0,7510.0,1120.0,2713.0,9628.0,7160.0,4276.0,4182.0,2301.0,3409.0,3073.0,9449.0,6119.0,1624.0,922.0,173.0,4978.0,4265.0,1777.0,2890.0,7994.0,8178.0,136.0,3286.0,2216.0
4276.0,7511.0,7831.0,3514.0,7443.0,1407.0,6071.0,7349.0,4276.0,5426.0,3386.0,4687.0,3411.0,5376.0,2589.0,179.0,5323.0,5048.0,3277.0,2955.0,8016.0,9459.0,508.0,2597.0,2264.0
4287.0,6082.0,2871.0,5600.0,6967.0,9801.0,3567.0,8961.0,4287.0,9633.0,5983.0,3913.0,5710.0,1623.0,2269.0,3482.0,3813.0,1693.0,1120.0,2301.0,9456.0,9498.0,513.0,5515.0,3278.0
5588.0,8639.0,5233.0,7157.0,3409.0,3389.0,5115.0,4999.0,5588.0,6812.0,8626.0,2707.0,6743.0,1657.0,2275.0,2216.0,7985.0,6463.0,2871.0,4287.0,9571.0,6365.0,634.0,6069.0,555.0
4353.0,7457.0,2282.0,2597.0,8859.0,7646.0,1777.0,6680.0,4353.0,5393.0,9189.0,3277.0,7839.0,2744.0,2557.0,3278.0,7193.0,6475.0,5233.0,4353.0,7790.0,9177.0,874.0,5577.0,811.0
8404.0,9372.0,2873.0,4914.0,7375.0,5566.0,6416.0,6851.0,8404.0,5912.0,1082.0,8550.0,8412.0,704.0,1943.0,252.0,7863.0,7877.0,2282.0,8404.0,9104.0,5889.0,966.0,6502.0,2757.0
1482.0,8670.0,3511.0,5716.0,3169.0,7098.0,6419.0,7941.0,1482.0,5902.0,3634.0,6084.0,8964.0,1909.0,3313.0,369.0,6082.0,3069.0,2873.0,1482.0,6798.0,6393.0,2195.0,9960.0,814.0
1289.0,9985.0,6139.0,7558.0,7565.0,9073.0,5036.0,9255.0,1289.0,9459.0,1708.0,5116.0,6756.0,2626.0,667.0,410.0,7901.0,2103.0,3511.0,1289.0,8026.0,8721.0,5855.0,616.0,949.0
6357.0,6046.0,3505.0,4370.0,7456.0,2771.0,7878.0,3599.0,3567.0,8618.0,4176.0,3760.0,2009.0,2719.0,2019.0,414.0,6240.0,6028.0,6139.0,6357.0,8572.0,9577.0,905.0,8598.0,1146.0
3567.0,6994.0,3567.0,5562.0,8588.0,2926.0,9861.0,4053.0,2697.0,8677.0,5995.0,5588.0,3124.0,5600.0,1775.0,6692.0,6868.0,1875.0,3165.0,2697.0,587.0,8796.0,963.0,3629.0,1264.0
1678.0,9955.0,3851.0,2777.0,8618.0,4015.0,7884.0,5991.0,1678.0,9350.0,6010.0,2873.0,4967.0,6151.0,2015.0,6608.0,7312.0,4317.0,3567.0,1678.0,6411.0,9469.0,2977.0,763.0,1242.0
1956.0,8244.0,4353.0,7785.0,5426.0,5561.0,6906.0,7881.0,1956.0,3096.0,9429.0,2887.0,5781.0,3563.0,931.0,4559.0,7462.0,5994.0,3851.0,1956.0,6746.0,8815.0,3863.0,3552.0,3762.0
4263.0,9418.0,5608.0,5767.0,8806.0,5743.0,6914.0,4226.0,4263.0,8070.0,6534.0,3511.0,7228.0,4427.0,460.0,2975.0,7928.0,2135.0,4353.0,4263.0,3834.0,8422.0,4989.0,749.0,3781.0
4270.0,8263.0,6209.0,7160.0,8622.0,5586.0,1689.0,1868.0,4270.0,6967.0,6073.0,4276.0,7855.0,7093.0,1472.0,4011.0,9907.0,4200.0,5608.0,4270.0,713.0,8607.0,4154.0,6997.0,2984.0
8713.0,7504.0,6609.0,1407.0,9557.0,8145.0,9034.0,6410.0,3950.0,7565.0,5555.0,6071.0,4846.0,7145.0,2575.0,2005.0,5334.0,7351.0,6209.0,8713.0,1624.0,9539.0,3414.0,4626.0,520.0
3950.0,,8747.0,9801.0,5393.0,8802.0,3785.0,8686.0,4332.0,8702.0,6525.0,3567.0,9004.0,4307.0,2207.0,8184.0,5364.0,4148.0,6609.0,3950.0,6623.0,6963.0,5877.0,6538.0,1692.0
4332.0,,9361.0,3389.0,5317.0,4138.0,6478.0,5401.0,5091.0,5248.0,6536.0,5115.0,7754.0,8251.0,2594.0,9534.0,5826.0,2379.0,8747.0,4332.0,1623.0,8863.0,576.0,1681.0,2116.0
5091.0,,6666.0,7646.0,5912.0,4246.0,7879.0,6850.0,1983.0,8622.0,8233.0,1777.0,6561.0,2315.0,1949.0,3965.0,9247.0,7350.0,9361.0,5091.0,1657.0,8116.0,4537.0,1683.0,2028.0
1983.0,,9302.0,5566.0,5910.0,4772.0,9854.0,6888.0,3230.0,8690.0,7674.0,6416.0,7254.0,4138.0,801.0,2588.0,4551.0,4254.0,6666.0,1983.0,2744.0,8657.0,1884.0,1690.0,1427.0
3230.0,,9338.0,7098.0,8688.0,8284.0,4179.0,7424.0,2852.0,9249.0,7353.0,6419.0,8983.0,4772.0,669.0,2972.0,5852.0,6025.0,9302.0,3230.0,7796.0,2809.0,4557.0,2758.0,3063.0
2852.0,,5877.0,9073.0,7474.0,1635.0,9784.0,7428.0,2912.0,9411.0,3970.0,5036.0,8939.0,7688.0,671.0,1755.0,6674.0,6065.0,9338.0,2852.0,704.0,4065.0,5882.0,9212.0,1437.0
2912.0,,7374.0,2771.0,7939.0,2319.0,2282.0,7986.0,3524.0,3282.0,7639.0,7878.0,9692.0,7705.0,201.0,3999.0,8583.0,6054.0,5877.0,2912.0,1909.0,5404.0,1565.0,9324.0,419.0
3524.0,,9368.0,2926.0,7587.0,9495.0,5034.0,8023.0,5530.0,7953.0,2366.0,9861.0,9716.0,4370.0,279.0,8171.0,9267.0,6547.0,7374.0,3524.0,2626.0,8852.0,1478.0,9924.0,678.0
5530.0,,7388.0,4015.0,9254.0,7688.0,2890.0,2315.0,5116.0,9957.0,2404.0,7884.0,4403.0,4671.0,2246.0,4092.0,5855.0,7493.0,9368.0,5530.0,2719.0,5846.0,3094.0,9965.0,804.0
5116.0,,8581.0,5561.0,4565.0,8248.0,2955.0,7011.0,6071.0,9765.0,5474.0,6906.0,6771.0,5767.0,2547.0,2007.0,8552.0,7516.0,7388.0,2219.0,5600.0,6261.0,947.0,765.0,2368.0
6071.0,,6821.0,5743.0,3096.0,3572.0,2301.0,7290.0,2219.0,8695.0,5516.0,6914.0,8273.0,4655.0,2854.0,2295.0,9282.0,6059.0,8581.0,3195.0,4018.0,6947.0,1075.0,4054.0,3877.0
2219.0,,7933.0,5586.0,6394.0,4728.0,4287.0,5853.0,3195.0,9209.0,6476.0,1689.0,7191.0,6623.0,2909.0,8078.0,6372.0,3787.0,6821.0,4279.0,5000.0,6831.0,1084.0,1560.0,1279.0
3195.0,,6817.0,8145.0,8702.0,5157.0,4353.0,5856.0,4279.0,9349.0,7700.0,9034.0,7252.0,3572.0,936.0,4312.0,8616.0,8680.0,7933.0,2885.0,2658.0,4557.0,3144.0,2705.0,473.0
4279.0,,6842.0,8802.0,6376.0,5257.0,8404.0,8641.0,2885.0,5408.0,2443.0,3785.0,7298.0,5716.0,2828.0,4346.0,6711.0,4594.0,6817.0,3595.0,7393.0,9595.0,6842.0,2754.0,808.0
2885.0,,7457.0,4138.0,9633.0,4005.0,1482.0,2959.0,3595.0,187.0,3233.0,6478.0,5699.0,721.0,2831.0,3602.0,7477.0,3063.0,6842.0,3641.0,7927.0,9615.0,7991.0,9294.0,2106.0
3595.0,,5848.0,4246.0,7363.0,6151.0,1289.0,3804.0,3641.0,1296.0,3887.0,7879.0,6117.0,3282.0,4357.0,5119.0,9910.0,3073.0,7457.0,4132.0,721.0,6822.0,7189.0,9358.0,3372.0
3641.0,,8639.0,4772.0,8169.0,6327.0,6357.0,6693.0,4132.0,4943.0,627.0,9854.0,7146.0,4773.0,256.0,3579.0,7504.0,3386.0,5848.0,8579.0,6151.0,7194.0,5392.0,5254.0,4215.0
4132.0,,8670.0,8284.0,8178.0,8449.0,2697.0,6691.0,4367.0,3629.0,1075.0,4179.0,8986.0,4883.0,663.0,5171.0,,5983.0,8639.0,4367.0,4986.0,7994.0,5810.0,2713.0,729.0
8579.0,,9039.0,1635.0,9459.0,9850.0,1678.0,7233.0,6052.0,8658.0,1486.0,9784.0,4754.0,8743.0,1068.0,3885.0,,7004.0,8670.0,6052.0,6945.0,8016.0,548.0,7157.0,926.0
4367.0,,2195.0,2319.0,9498.0,8743.0,1956.0,3971.0,9697.0,231.0,1677.0,2282.0,5987.0,3514.0,548.0,7534.0,,7498.0,9039.0,9697.0,8308.0,9456.0,3534.0,4914.0,3972.0
6052.0,,3831.0,9495.0,6365.0,3510.0,4263.0,6687.0,3921.0,8821.0,4069.0,5034.0,7170.0,3286.0,700.0,3577.0,,8626.0,2195.0,3921.0,8708.0,9571.0,5433.0,7558.0,342.0
9697.0,,4154.0,7688.0,9177.0,5305.0,4270.0,9362.0,2288.0,8697.0,4029.0,2890.0,7190.0,2658.0,1062.0,2562.0,,9189.0,3831.0,2288.0,5927.0,7790.0,3831.0,5562.0,382.0
3921.0,,6765.0,8248.0,5889.0,3659.0,8713.0,2597.0,3180.0,780.0,1672.0,2955.0,7659.0,2597.0,1063.0,1066.0,,1082.0,4154.0,3180.0,7040.0,9104.0,6817.0,2777.0,1294.0
2288.0,,9372.0,3572.0,6393.0,4234.0,3950.0,495.0,4105.0,4995.0,1693.0,2301.0,4362.0,5515.0,1070.0,7540.0,,3634.0,6765.0,4105.0,3898.0,6798.0,7374.0,7785.0,2075.0
3180.0,,6883.0,4728.0,8721.0,9611.0,4332.0,503.0,4713.0,6046.0,2155.0,4287.0,7805.0,6069.0,5952.0,2289.0,,1708.0,9372.0,4713.0,7907.0,8026.0,9302.0,7160.0,3248.0
4105.0,,5810.0,5157.0,9577.0,6456.0,5091.0,509.0,5135.0,237.0,2771.0,4353.0,7095.0,5577.0,2051.0,2610.0,,4176.0,6883.0,4727.0,3396.0,8572.0,6671.0,1407.0,3537.0
4713.0,,4153.0,5257.0,8796.0,6929.0,1983.0,608.0,9722.0,1302.0,3075.0,8404.0,6221.0,6502.0,0.0,9466.0,,9194.0,5810.0,5135.0,6873.0,587.0,9361.0,9801.0,3578.0
4727.0,,3094.0,4005.0,9469.0,8351.0,3230.0,943.0,6553.0,2040.0,3768.0,1482.0,5302.0,9960.0,1211.0,2275.0,,5995.0,4153.0,9722.0,4578.0,6411.0,6666.0,3389.0,2768.0
5135.0,,6773.0,6151.0,8815.0,7655.0,2852.0,4529.0,7504.0,6402.0,5209.0,1289.0,5756.0,616.0,63.0,1775.0,,6010.0,3094.0,6553.0,6928.0,6746.0,9338.0,7646.0,3379.0
9722.0,,7358.0,6327.0,8422.0,3640.0,2912.0,4097.0,,7817.0,7066.0,6357.0,6103.0,8598.0,54.0,1348.0,,9429.0,6773.0,7504.0,9343.0,3834.0,9368.0,5566.0,3769.0
6553.0,,7910.0,8449.0,8607.0,4640.0,3524.0,6990.0,,7986.0,6070.0,2697.0,7868.0,3629.0,1177.0,2308.0,,6534.0,7358.0,,8646.0,713.0,7388.0,7098.0,3780.0
7504.0,,3414.0,9850.0,9539.0,5095.0,5530.0,9364.0,,9410.0,2203.0,1678.0,4932.0,763.0,1061.0,667.0,,8250.0,7910.0,,2711.0,1624.0,8581.0,9073.0,118.0
,,3863.0,8743.0,6963.0,5100.0,2219.0,6231.0,,7526.0,4409.0,1956.0,6586.0,3552.0,1067.0,2019.0,,6073.0,3414.0,,4655.0,6623.0,6821.0,2771.0,600.0
,,7991.0,3510.0,8863.0,3326.0,3195.0,6814.0,,5478.0,1701.0,4263.0,7102.0,749.0,1066.0,2015.0,,5219.0,3863.0,,3090.0,1623.0,7933.0,2926.0,602.0
,,9955.0,5305.0,8116.0,5152.0,4279.0,7923.0,,9200.0,3255.0,4270.0,4287.0,6997.0,53.0,922.0,,5555.0,7991.0,,6857.0,1657.0,7457.0,4015.0,1611.0
,,4535.0,3659.0,8657.0,6097.0,2885.0,7984.0,,7504.0,6594.0,8713.0,1777.0,4626.0,7.0,931.0,,6525.0,9955.0,,7402.0,2744.0,4279.0,5561.0,2329.0
,,7423.0,4234.0,2809.0,4712.0,3595.0,877.0,,,3079.0,3950.0,4308.0,6538.0,26.0,460.0,,6536.0,4535.0,,4554.0,7796.0,5848.0,5743.0,3200.0
,,9985.0,9611.0,4065.0,6022.0,3641.0,942.0,,,3536.0,4332.0,3165.0,1681.0,45.0,1472.0,,7664.0,7423.0,,6385.0,704.0,8639.0,5586.0,3072.0
,,4557.0,6456.0,5404.0,6443.0,4132.0,8070.0,,,4500.0,5091.0,4279.0,1683.0,18.0,2575.0,,8233.0,9985.0,,6846.0,1909.0,8670.0,8145.0,3783.0
,,5392.0,6929.0,8852.0,8194.0,8579.0,4538.0,,,1853.0,1983.0,2313.0,1690.0,43.0,2207.0,,4870.0,4557.0,,7601.0,2626.0,9039.0,8802.0,417.0
,,5882.0,8351.0,5846.0,4694.0,4367.0,4563.0,,,1750.0,3230.0,4669.0,2758.0,2904.0,2594.0,,7674.0,5392.0,,7900.0,2719.0,6765.0,4246.0,1185.0
,,8602.0,7655.0,6261.0,5556.0,6052.0,4980.0,,,4599.0,2852.0,4736.0,9212.0,24.0,1949.0,,7353.0,5882.0,,9562.0,5600.0,9372.0,8284.0,2381.0
,,7422.0,3640.0,6947.0,6218.0,9697.0,5384.0,,,2441.0,2912.0,5139.0,9324.0,325.0,801.0,,3970.0,8602.0,,9583.0,4018.0,6883.0,9190.0,3028.0
,,5411.0,4640.0,6831.0,7669.0,3921.0,5805.0,,,1327.0,3524.0,5560.0,9924.0,4545.0,669.0,,7639.0,7422.0,,8142.0,5000.0,6773.0,1635.0,1417.0
,,6698.0,5095.0,9595.0,8336.0,2288.0,6685.0,,,744.0,5530.0,6013.0,9965.0,8808.0,671.0,,7641.0,5411.0,,9881.0,2658.0,7358.0,2319.0,85.0
,,4549.0,5100.0,9615.0,1590.0,3180.0,6790.0,,,2666.0,2219.0,8694.0,765.0,7041.0,201.0,,1495.0,6698.0,,9303.0,7393.0,7910.0,9495.0,290.0
,,4978.0,3326.0,6822.0,7410.0,4105.0,6823.0,,,621.0,3195.0,4270.0,4054.0,8151.0,279.0,,2366.0,4549.0,,9305.0,7927.0,9955.0,8248.0,292.0
,,5323.0,5152.0,7194.0,8700.0,4713.0,7256.0,,,2759.0,4279.0,4419.0,1560.0,8770.0,2246.0,,2404.0,4978.0,,5887.0,721.0,7423.0,4728.0,217.0
,,3813.0,6097.0,7994.0,7006.0,4727.0,7793.0,,,5457.0,2885.0,5253.0,2705.0,21.0,2547.0,,5474.0,5323.0,,6713.0,6151.0,9985.0,5157.0,428.0
,,7985.0,4712.0,8016.0,7695.0,5135.0,8591.0,,,768.0,3595.0,3195.0,2754.0,1387.0,2854.0,,5516.0,3813.0,,7929.0,4986.0,8602.0,5257.0,1055.0
,,7193.0,6022.0,9456.0,7628.0,9722.0,5355.0,,,1743.0,3641.0,6145.0,9294.0,1346.0,2909.0,,6476.0,7985.0,,9572.0,6945.0,7422.0,4005.0,1102.0
,,7863.0,6443.0,9571.0,5776.0,6553.0,5779.0,,,3858.0,4132.0,3277.0,9358.0,665.0,936.0,,7700.0,7193.0,,9393.0,8308.0,5411.0,6327.0,1651.0
,,6082.0,8194.0,7790.0,8899.0,7504.0,3912.0,,,4127.0,8579.0,1120.0,5254.0,146.0,2828.0,,2443.0,7863.0,,7904.0,8708.0,6698.0,8449.0,2751.0
,,7901.0,4694.0,9104.0,9834.0,,9758.0,,,1925.0,4367.0,7831.0,2713.0,315.0,2831.0,,3233.0,6082.0,,8044.0,5927.0,3813.0,9850.0,216.0
,,6240.0,5556.0,6798.0,4221.0,,4546.0,,,2171.0,6052.0,2871.0,7157.0,596.0,4357.0,,3887.0,7901.0,,9566.0,7040.0,7985.0,3510.0,330.0
,,6868.0,6218.0,8026.0,6120.0,,7526.0,,,2453.0,9697.0,5233.0,4914.0,1223.0,256.0,,627.0,6240.0,,9637.0,3898.0,7193.0,5305.0,615.0
,,7312.0,7669.0,8572.0,6029.0,,7372.0,,,2776.0,3921.0,2282.0,7558.0,8630.0,663.0,,1075.0,6868.0,,4992.0,7907.0,7863.0,3659.0,731.0
,,7462.0,8336.0,587.0,3219.0,,9321.0,,,4045.0,2288.0,2873.0,5562.0,52.0,673.0,,1486.0,7312.0,,4999.0,3396.0,6082.0,4234.0,1858.0
,,7928.0,1590.0,6411.0,4467.0,,7494.0,,,4717.0,3180.0,3511.0,2777.0,64.0,1068.0,,1677.0,7462.0,,4135.0,6873.0,7901.0,9611.0,2114.0
,,9907.0,7410.0,6746.0,6926.0,,5371.0,,,1675.0,4105.0,6139.0,7785.0,387.0,548.0,,2124.0,7928.0,,5909.0,4578.0,6240.0,6456.0,3888.0
,,5334.0,8700.0,3834.0,6291.0,,8667.0,,,2170.0,4713.0,3505.0,7160.0,4932.0,700.0,,4069.0,9907.0,,6969.0,6928.0,6868.0,6929.0,178.0
,,5364.0,7006.0,713.0,8831.0,,9927.0,,,2718.0,4727.0,3567.0,1407.0,2009.0,1062.0,,4029.0,5334.0,,9344.0,9343.0,7312.0,8351.0,681.0
,,5826.0,7695.0,1624.0,9613.0,,9935.0,,,2495.0,5135.0,3851.0,9801.0,2598.0,1063.0,,1672.0,5364.0,,5653.0,8646.0,7462.0,7655.0,1410.0
,,9247.0,7628.0,6623.0,4628.0,,9964.0,,,2117.0,9722.0,4353.0,3389.0,7970.0,1070.0,,2155.0,5826.0,,6682.0,2711.0,7928.0,3640.0,2084.0
,,4551.0,5776.0,1623.0,5057.0,,572.0,,,3302.0,6553.0,5608.0,7646.0,176.0,5952.0,,2771.0,9247.0,,6367.0,4655.0,9907.0,4640.0,2641.0
,,5852.0,8899.0,1657.0,8764.0,,8062.0,,,4316.0,7504.0,6209.0,5566.0,1767.0,2051.0,,3075.0,4551.0,,8023.0,3090.0,9247.0,5095.0,3284.0
,,6674.0,9834.0,2744.0,9651.0,,9693.0,,,4251.0,,6609.0,7098.0,3448.0,0.0,,3768.0,5852.0,,9307.0,6857.0,6674.0,5100.0,477.0
,,8583.0,4221.0,7796.0,1862.0,,6281.0,,,5044.0,,8747.0,9073.0,183.0,1211.0,,5209.0,6674.0,,9325.0,7402.0,8583.0,3326.0,556.0
,,9267.0,6120.0,704.0,2587.0,,6664.0,,,3512.0,,9361.0,2771.0,1352.0,63.0,,7066.0,8583.0,,4098.0,4554.0,9267.0,5152.0,1101.0
,,5855.0,6029.0,1909.0,8426.0,,7906.0,,,2003.0,,6666.0,2926.0,3485.0,54.0,,6070.0,9267.0,,6819.0,6385.0,8552.0,6097.0,1764.0
,,8552.0,3219.0,2626.0,8688.0,,8563.0,,,4118.0,,9302.0,4015.0,3991.0,1177.0,,2203.0,5855.0,,9461.0,6846.0,9282.0,4712.0,2110.0
,,9282.0,4467.0,2719.0,8257.0,,8643.0,,,4658.0,,9338.0,5561.0,2076.0,1061.0,,4409.0,8552.0,,8406.0,7601.0,6372.0,6022.0,921.0
,,6372.0,6926.0,5600.0,8761.0,,9902.0,,,3725.0,,5877.0,5743.0,2304.0,1067.0,,1701.0,9282.0,,8673.0,7900.0,8616.0,6443.0,2181.0
,,8616.0,6291.0,4018.0,3952.0,,9952.0,,,5491.0,,7374.0,5586.0,2308.0,53.0,,3255.0,6372.0,,8951.0,9562.0,6711.0,8194.0,412.0
,,6711.0,8831.0,5000.0,5064.0,,1562.0,,,6462.0,,9368.0,8145.0,2596.0,7.0,,6594.0,8616.0,,9279.0,9583.0,7477.0,4694.0,2078.0
,,7477.0,9613.0,2658.0,9499.0,,4221.0,,,6496.0,,7388.0,8802.0,1543.0,26.0,,3079.0,6711.0,,6836.0,8142.0,9910.0,5556.0,913.0
,,6671.0,4628.0,7393.0,8674.0,,5349.0,,,1257.0,,8581.0,4246.0,516.0,45.0,,3536.0,7477.0,,9553.0,9881.0,7504.0,6218.0,2007.0
,,9910.0,5057.0,7927.0,624.0,,7999.0,,,1280.0,,6821.0,8284.0,739.0,18.0,,4500.0,6671.0,,6844.0,9303.0,,7669.0,4799.0
,,7504.0,8764.0,721.0,3835.0,,1081.0,,,3251.0,,7933.0,9190.0,1191.0,43.0,,1853.0,9910.0,,6642.0,9305.0,,8336.0,1664.0
,,,9651.0,6151.0,3936.0,,1082.0,,,3356.0,,6817.0,1635.0,3565.0,2904.0,,1750.0,7504.0,,7464.0,5887.0,,1590.0,1594.0
,,,1862.0,4986.0,5839.0,,4571.0,,,5546.0,,6842.0,2319.0,930.0,24.0,,4599.0,,,8791.0,6713.0,,7410.0,492.0
,,,2587.0,6945.0,4035.0,,5804.0,,,4605.0,,7457.0,9495.0,1182.0,325.0,,2441.0,,,9977.0,7929.0,,8700.0,694.0
,,,8426.0,8308.0,4629.0,,6243.0,,,6480.0,,5848.0,8248.0,1183.0,4545.0,,1327.0,,,6941.0,9572.0,,7006.0,813.0
,,,8688.0,8708.0,6088.0,,6332.0,,,2258.0,,8639.0,4728.0,1188.0,8808.0,,744.0,,,6974.0,9393.0,,7695.0,908.0
,,,8257.0,5927.0,7099.0,,6338.0,,,2579.0,,8670.0,5157.0,1339.0,7041.0,,2666.0,,,8014.0,7904.0,,7628.0,2241.0
,,,8761.0,7040.0,6402.0,,9688.0,,,4302.0,,9039.0,5257.0,1546.0,8151.0,,621.0,,,9675.0,8044.0,,5776.0,3361.0
,,,3952.0,3898.0,6944.0,,2473.0,,,6008.0,,2195.0,4005.0,3293.0,8770.0,,2759.0,,,6680.0,9566.0,,8899.0,4150.0
,,,5064.0,7907.0,7539.0,,4983.0,,,7883.0,,3831.0,8449.0,1337.0,21.0,,5457.0,,,7941.0,9637.0,,9834.0,2482.0
,,,9499.0,3396.0,9175.0,,6782.0,,,1785.0,,4154.0,9850.0,1348.0,1387.0,,768.0,,,2193.0,4992.0,,4221.0,1621.0
,,,8674.0,6873.0,9208.0,,6963.0,,,2923.0,,6765.0,3510.0,1536.0,1346.0,,1743.0,,,3964.0,4999.0,,6120.0,2646.0
,,,624.0,4578.0,9335.0,,3442.0,,,3364.0,,9372.0,5305.0,1945.0,665.0,,3858.0,,,9220.0,4135.0,,6029.0,1916.0
,,,3835.0,6928.0,5054.0,,6925.0,,,4724.0,,6883.0,3659.0,862.0,146.0,,4127.0,,,9320.0,5909.0,,3219.0,2975.0
,,,3936.0,9343.0,5526.0,,6244.0,,,6064.0,,5810.0,4234.0,1527.0,315.0,,1925.0,,,5401.0,6969.0,,4467.0,2762.0
,,,5839.0,8646.0,5572.0,,9626.0,,,7348.0,,4153.0,9611.0,2313.0,596.0,,2171.0,,,5911.0,9344.0,,6926.0,844.0
,,,4035.0,2711.0,3667.0,,7240.0,,,2770.0,,3094.0,6456.0,4669.0,1223.0,,2453.0,,,5923.0,5653.0,,6291.0,1469.0
,,,4629.0,4655.0,9284.0,,1749.0,,,5465.0,,6773.0,6929.0,4279.0,8630.0,,2776.0,,,6377.0,6682.0,,8831.0,3122.0
,,,6088.0,3090.0,6916.0,,3413.0,,,2414.0,,7358.0,8351.0,4736.0,52.0,,4045.0,,,6427.0,6367.0,,9613.0,1691.0
,,,7099.0,6857.0,6063.0,,4578.0,,,3774.0,,7910.0,7655.0,5139.0,64.0,,4717.0,,,6850.0,8023.0,,4628.0,1054.0
,,,6402.0,7402.0,7638.0,,7410.0,,,5078.0,,3414.0,3640.0,5560.0,387.0,,1675.0,,,7382.0,9307.0,,5057.0,5539.0
,,,6944.0,4554.0,7652.0,,8942.0,,,6081.0,,3863.0,4640.0,4287.0,4932.0,,2170.0,,,7424.0,9325.0,,8764.0,61.0
,,,7539.0,6385.0,6076.0,,9907.0,,,4136.0,,7991.0,5095.0,6013.0,2009.0,,2718.0,,,7428.0,4098.0,,9651.0,1136.0
,,,9175.0,6846.0,7128.0,,4567.0,,,5105.0,,9955.0,5100.0,8694.0,4819.0,,2495.0,,,9531.0,6819.0,,1862.0,2047.0
,,,9208.0,7601.0,5408.0,,5380.0,,,6087.0,,4535.0,3326.0,4270.0,2589.0,,2117.0,,,5395.0,9461.0,,2587.0,2671.0
,,,9335.0,7900.0,187.0,,5410.0,,,4046.0,,7423.0,5152.0,4419.0,2598.0,,3302.0,,,5412.0,8406.0,,8426.0,2796.0
,,,5054.0,9562.0,9101.0,,5889.0,,,4678.0,,9985.0,6097.0,5253.0,7970.0,,4316.0,,,9556.0,8673.0,,8688.0,3993.0
,,,5526.0,9583.0,7492.0,,7206.0,,,7459.0,,4557.0,4712.0,3195.0,176.0,,4251.0,,,9626.0,8951.0,,8257.0,4145.0
,,,5572.0,8142.0,186.0,,3396.0,,,4621.0,,5392.0,6022.0,6145.0,1767.0,,5044.0,,,6083.0,9279.0,,8761.0,7072.0
,,,3667.0,9881.0,7957.0,,7892.0,,,6091.0,,5882.0,6443.0,1777.0,3448.0,,3512.0,,,7108.0,6836.0,,3952.0,1243.0
,,,9284.0,9303.0,8216.0,,7997.0,,,1453.0,,8602.0,8194.0,3277.0,183.0,,2003.0,,,4567.0,9553.0,,5064.0,9.0
,,,6916.0,9305.0,758.0,,9224.0,,,2732.0,,7422.0,4694.0,1120.0,1352.0,,5491.0,,,5853.0,6844.0,,9499.0,79.0
,,,6063.0,5887.0,7645.0,,1865.0,,,4235.0,,5411.0,5556.0,7831.0,3485.0,,6462.0,,,6818.0,6642.0,,8674.0,1065.0
,,,7638.0,6713.0,4622.0,,9591.0,,,3271.0,,6698.0,6218.0,2871.0,3991.0,,6496.0,,,7631.0,9977.0,,624.0,4417.0
,,,7652.0,7929.0,8617.0,,1503.0,,,4358.0,,4549.0,7669.0,5233.0,2076.0,,1257.0,,,2807.0,6941.0,,3835.0,2112.0
,,,6076.0,9572.0,231.0,,5000.0,,,5077.0,,4978.0,8336.0,2282.0,2269.0,,1280.0,,,3398.0,6974.0,,3936.0,2734.0
,,,7128.0,7904.0,854.0,,6857.0,,,5110.0,,5323.0,1590.0,2873.0,2304.0,,3251.0,,,3818.0,8014.0,,5839.0,4212.0
,,,5408.0,8044.0,946.0,,7402.0,,,5540.0,,3813.0,7410.0,3511.0,2557.0,,5546.0,,,5410.0,9675.0,,4035.0,4.0
,,,187.0,9566.0,5468.0,,7602.0,,,5587.0,,7985.0,8700.0,6139.0,2596.0,,6480.0,,,5893.0,6680.0,,4629.0,42.0
,,,9101.0,9637.0,5522.0,,9572.0,,,6506.0,,7193.0,7006.0,3505.0,1543.0,,2258.0,,,9762.0,7941.0,,6088.0,58.0
,,,7492.0,4992.0,6825.0,,9326.0,,,6526.0,,7863.0,7695.0,3165.0,516.0,,2579.0,,,9912.0,2193.0,,7099.0,80.0
,,,186.0,4999.0,6862.0,,2711.0,,,3300.0,,6082.0,7628.0,3567.0,739.0,,4302.0,,,6247.0,3964.0,,6402.0,96.0
,,,7957.0,4135.0,7577.0,,4992.0,,,8011.0,,7901.0,5776.0,3851.0,1191.0,,7883.0,,,6891.0,9220.0,,6944.0,1384.0
,,,8216.0,5909.0,8727.0,,8318.0,,,6980.0,,6240.0,8899.0,4353.0,3565.0,,2923.0,,,7627.0,9320.0,,7539.0,1825.0
,,,758.0,6969.0,1706.0,,3096.0,,,3072.0,,6868.0,9834.0,5608.0,930.0,,3364.0,,,9227.0,5401.0,,9175.0,3250.0
,,,7645.0,9344.0,3010.0,,6969.0,,,8053.0,,7312.0,4221.0,6209.0,1182.0,,4724.0,,,9362.0,5911.0,,9208.0,4067.0
,,,4622.0,5653.0,235.0,,9401.0,,,3023.0,,7462.0,6120.0,8747.0,1183.0,,6064.0,,,9933.0,5923.0,,9335.0,4496.0
,,,8617.0,6682.0,368.0,,1920.0,,,3052.0,,7928.0,6029.0,9361.0,1188.0,,7348.0,,,3413.0,6377.0,,5054.0,4817.0
,,,946.0,6367.0,6834.0,,2763.0,,,3797.0,,9907.0,3219.0,6666.0,1339.0,,2770.0,,,5351.0,6427.0,,5526.0,4840.0
,,,5468.0,8023.0,6875.0,,3568.0,,,1494.0,,5334.0,4467.0,9302.0,1546.0,,5465.0,,,5814.0,6850.0,,5572.0,5614.0
,,,6825.0,9307.0,2565.0,,5923.0,,,2373.0,,5364.0,6926.0,9338.0,3293.0,,2414.0,,,5886.0,7382.0,,3667.0,4489.0
,,,6862.0,9325.0,6894.0,,6365.0,,,2409.0,,5826.0,6291.0,5877.0,3313.0,,5078.0,,,6291.0,7424.0,,9284.0,6645.0
,,,7577.0,4098.0,8074.0,,8244.0,,,2602.0,,9247.0,8831.0,7374.0,1337.0,,6081.0,,,9165.0,7428.0,,6916.0,8419.0
,,,8727.0,6819.0,2678.0,,8732.0,,,3655.0,,4551.0,9613.0,9368.0,1536.0,,4136.0,,,9347.0,9531.0,,6063.0,7199.0
,,,1706.0,9461.0,5169.0,,9418.0,,,4647.0,,5852.0,4628.0,7388.0,1945.0,,5105.0,,,9859.0,5395.0,,7638.0,7311.0
,,,3010.0,8406.0,994.0,,1500.0,,,4653.0,,6674.0,5057.0,8581.0,862.0,,6087.0,,,3403.0,5412.0,,7652.0,4852.0
,,,235.0,8673.0,1987.0,,2784.0,,,6521.0,,8583.0,8764.0,6821.0,1527.0,,4046.0,,,5799.0,9556.0,,6076.0,3203.0
,,,368.0,8951.0,237.0,,5880.0,,,6544.0,,9267.0,9651.0,7933.0,2313.0,,4678.0,,,5926.0,9626.0,,7128.0,8991.0
,,,6834.0,9279.0,1097.0,,3875.0,,,7525.0,,5855.0,1862.0,6817.0,4669.0,,7459.0,,,9297.0,6083.0,,5408.0,5726.0
,,,6875.0,6836.0,2630.0,,5887.0,,,942.0,,8552.0,2587.0,6842.0,4279.0,,4621.0,,,9677.0,7108.0,,187.0,7758.0
,,,2565.0,9553.0,438.0,,6818.0,,,1814.0,,9282.0,8426.0,7457.0,4736.0,,6091.0,,,6733.0,4567.0,,9101.0,6717.0
,,,6894.0,6844.0,3983.0,,322.0,,,2475.0,,6372.0,8688.0,5848.0,5139.0,,1453.0,,,6814.0,5853.0,,7492.0,6726.0
,,,8074.0,6642.0,3995.0,,3784.0,,,3951.0,,8616.0,8257.0,8639.0,5560.0,,2732.0,,,9639.0,6818.0,,186.0,7801.0
,,,2678.0,9977.0,5081.0,,3803.0,,,4267.0,,6711.0,8761.0,8670.0,4287.0,,4235.0,,,5851.0,7631.0,,7957.0,8941.0
,,,5169.0,6941.0,6556.0,,1818.0,,,7341.0,,7477.0,3952.0,9039.0,6013.0,,3271.0,,,6950.0,2807.0,,8216.0,8430.0
,,,1987.0,6974.0,8642.0,,4018.0,,,3796.0,,6671.0,5064.0,2195.0,8694.0,,4358.0,,,8182.0,3398.0,,758.0,3110.0
,,,237.0,8014.0,7376.0,,4996.0,,,6507.0,,9910.0,9499.0,3831.0,4270.0,,5077.0,,,8529.0,3818.0,,7645.0,4543.0
,,,1097.0,9675.0,8423.0,,5776.0,,,6986.0,,7504.0,8674.0,4154.0,4419.0,,5110.0,,,9070.0,5410.0,,4622.0,6146.0
,,,2630.0,6680.0,8703.0,,6440.0,,,7010.0,,,624.0,6765.0,5253.0,,5540.0,,,9549.0,5893.0,,8617.0,5698.0
,,,438.0,7941.0,7439.0,,7040.0,,,8058.0,,,3835.0,9372.0,3195.0,,5587.0,,,7718.0,9762.0,,231.0,7792.0
,,,5081.0,2193.0,8698.0,,7929.0,,,8065.0,,,3936.0,6883.0,6145.0,,6506.0,,,7751.0,9912.0,,854.0,8425.0
,,,6556.0,3964.0,9353.0,,8796.0,,,1614.0,,,5839.0,5810.0,1777.0,,6526.0,,,8523.0,6247.0,,946.0,8436.0
,,,8642.0,9220.0,9270.0,,9765.0,,,1628.0,,,4035.0,4153.0,3277.0,,8011.0,,,2182.0,6891.0,,5468.0,5367.0
,,,7376.0,9320.0,7405.0,,5553.0,,,1688.0,,,4629.0,3094.0,1120.0,,6980.0,,,4140.0,7627.0,,5522.0,6321.0
,,,8423.0,5401.0,7421.0,,6974.0,,,1698.0,,,6088.0,6773.0,7831.0,,3072.0,,,6685.0,9227.0,,6825.0,5683.0
,,,8703.0,5911.0,8564.0,,7904.0,,,1709.0,,,7099.0,7358.0,2871.0,,8053.0,,,6790.0,9362.0,,6862.0,7285.0
,,,7439.0,5923.0,9954.0,,8156.0,,,2136.0,,,6402.0,7910.0,5233.0,,3023.0,,,6840.0,9933.0,,7577.0,7214.0
,,,8698.0,6377.0,2994.0,,9289.0,,,2151.0,,,6944.0,3414.0,2282.0,,3797.0,,,7256.0,3413.0,,8727.0,4800.0
,,,9353.0,6427.0,5349.0,,9322.0,,,2154.0,,,7539.0,3863.0,2873.0,,1494.0,,,7951.0,5351.0,,1706.0,5845.0
,,,9270.0,6850.0,8574.0,,228.0,,,2162.0,,,9175.0,7991.0,3511.0,,2373.0,,,9656.0,5814.0,,3010.0,6119.0
,,,7405.0,7382.0,1911.0,,4998.0,,,2172.0,,,9208.0,9955.0,6139.0,,2409.0,,,9672.0,5886.0,,235.0,3411.0
,,,7421.0,7424.0,9245.0,,297.0,,,2761.0,,,9335.0,4535.0,3505.0,,2602.0,,,5856.0,6291.0,,368.0,5710.0
,,,8564.0,7428.0,1937.0,,1458.0,,,4244.0,,,5054.0,7423.0,3165.0,,3655.0,,,5864.0,9165.0,,6834.0,6743.0
,,,9954.0,9531.0,7431.0,,4554.0,,,4250.0,,,5526.0,9985.0,3567.0,,6521.0,,,6293.0,9347.0,,6875.0,7839.0
,,,2994.0,5395.0,5131.0,,6839.0,,,5047.0,,,5572.0,4557.0,3851.0,,6544.0,,,8003.0,9859.0,,2565.0,8412.0
,,,5349.0,5412.0,7389.0,,7387.0,,,5060.0,,,3667.0,5392.0,4353.0,,7525.0,,,8135.0,3403.0,,6894.0,8964.0
,,,8574.0,9556.0,8886.0,,7393.0,,,5087.0,,,9284.0,5882.0,5608.0,,942.0,,,5436.0,5799.0,,8074.0,6756.0
,,,1911.0,9626.0,1159.0,,7927.0,,,5127.0,,,6916.0,8602.0,6209.0,,1814.0,,,6437.0,5926.0,,2678.0,2009.0
,,,9245.0,6083.0,1169.0,,2770.0,,,5477.0,,,6063.0,7422.0,6609.0,,2475.0,,,8899.0,9297.0,,5169.0,3124.0
,,,1937.0,7108.0,1170.0,,1313.0,,,5514.0,,,7638.0,5411.0,8747.0,,3951.0,,,9345.0,9677.0,,994.0,4967.0
,,,7431.0,4567.0,9306.0,,4335.0,,,6030.0,,,7652.0,6698.0,9361.0,,4267.0,,,2189.0,6733.0,,1987.0,5781.0
,,,7389.0,5853.0,7473.0,,9607.0,,,6501.0,,,6076.0,4549.0,6666.0,,7341.0,,,3093.0,6814.0,,237.0,7228.0
,,,8886.0,6818.0,9487.0,,391.0,,,6996.0,,,7128.0,4978.0,9302.0,,3796.0,,,4564.0,9639.0,,1097.0,7855.0
,,,1159.0,7631.0,9527.0,,587.0,,,7508.0,,,5408.0,5323.0,9338.0,,6507.0,,,5367.0,5851.0,,2630.0,4846.0
,,,1169.0,2807.0,451.0,,5909.0,,,8050.0,,,187.0,3813.0,5877.0,,6986.0,,,6691.0,6950.0,,438.0,9004.0
,,,1170.0,3398.0,1378.0,,704.0,,,3657.0,,,9101.0,7985.0,7374.0,,8058.0,,,3971.0,8182.0,,3983.0,7754.0
,,,9306.0,3818.0,1841.0,,2626.0,,,4230.0,,,7492.0,7193.0,9368.0,,8065.0,,,5319.0,8529.0,,3995.0,6561.0
,,,7473.0,5410.0,9605.0,,6376.0,,,8573.0,,,186.0,7863.0,7388.0,,1614.0,,,5831.0,9070.0,,5081.0,6752.0
,,,9487.0,5893.0,6786.0,,6427.0,,,1057.0,,,7957.0,6082.0,8581.0,,1628.0,,,8106.0,9549.0,,6556.0,7254.0
,,,9527.0,9762.0,3468.0,,7435.0,,,1572.0,,,8216.0,7901.0,6821.0,,1688.0,,,8156.0,7718.0,,8642.0,8983.0
,,,451.0,9912.0,1880.0,,8182.0,,,3213.0,,,758.0,6240.0,7933.0,,1698.0,,,9056.0,7751.0,,7376.0,8939.0
,,,1378.0,6247.0,3084.0,,9177.0,,,8928.0,,,7645.0,6868.0,6817.0,,1709.0,,,9289.0,8523.0,,8423.0,9692.0
,,,1841.0,6891.0,6750.0,,9531.0,,,6898.0,,,4622.0,7312.0,6842.0,,2136.0,,,9326.0,2182.0,,8703.0,9716.0
,,,9605.0,7627.0,454.0,,9549.0,,,811.0,,,8617.0,7462.0,7457.0,,2154.0,,,5891.0,4140.0,,7439.0,4403.0
,,,6786.0,9227.0,9251.0,,9881.0,,,4597.0,,,231.0,7928.0,5848.0,,2162.0,,,6976.0,6685.0,,8698.0,6771.0
,,,3468.0,9362.0,6149.0,,1295.0,,,4183.0,,,854.0,9907.0,8639.0,,2172.0,,,9610.0,6790.0,,9353.0,8273.0
,,,1880.0,9933.0,6237.0,,6840.0,,,5525.0,,,946.0,5334.0,8670.0,,2761.0,,,4972.0,6840.0,,9270.0,7191.0
,,,3084.0,3413.0,5306.0,,9672.0,,,5573.0,,,5468.0,5364.0,9039.0,,4244.0,,,5394.0,7256.0,,7405.0,7252.0
,,,6750.0,5351.0,9724.0,,295.0,,,5586.0,,,5522.0,5826.0,2195.0,,4250.0,,,6725.0,7951.0,,7421.0,7298.0
,,,454.0,5814.0,9289.0,,373.0,,,8663.0,,,6825.0,9247.0,3831.0,,5047.0,,,6839.0,9656.0,,8564.0,5699.0
,,,9251.0,5886.0,3224.0,,403.0,,,1676.0,,,6862.0,4551.0,4154.0,,5060.0,,,6848.0,9672.0,,9954.0,6117.0
,,,6149.0,6291.0,7260.0,,635.0,,,3013.0,,,7577.0,5852.0,6765.0,,5073.0,,,6851.0,5856.0,,2994.0,7146.0
,,,6237.0,9165.0,9307.0,,3409.0,,,3017.0,,,8727.0,6674.0,9372.0,,5087.0,,,7448.0,5864.0,,5349.0,8986.0
,,,5306.0,9347.0,6396.0,,7456.0,,,3019.0,,,1706.0,8583.0,6883.0,,5127.0,,,8086.0,6293.0,,8574.0,4754.0
,,,9724.0,9859.0,8126.0,,9461.0,,,3032.0,,,3010.0,9267.0,5810.0,,5477.0,,,9255.0,8003.0,,1911.0,5987.0
,,,9289.0,3403.0,1915.0,,6092.0,,,3035.0,,,235.0,5855.0,4153.0,,5514.0,,,8714.0,8135.0,,9245.0,8417.0
,,,3224.0,5799.0,3742.0,,465.0,,,3713.0,,,368.0,8552.0,3094.0,,6030.0,,,8733.0,5436.0,,1937.0,7170.0
,,,7260.0,5926.0,5410.0,,769.0,,,3734.0,,,6834.0,9282.0,6773.0,,6050.0,,,9765.0,6437.0,,7431.0,7190.0
,,,9307.0,9297.0,6844.0,,1861.0,,,3772.0,,,6875.0,6372.0,7358.0,,6501.0,,,4574.0,8899.0,,5131.0,7659.0
,,,6396.0,9677.0,7295.0,,2700.0,,,3790.0,,,2565.0,8616.0,7910.0,,6996.0,,,5008.0,9345.0,,7389.0,4362.0
,,,8126.0,6733.0,6713.0,,5784.0,,,4252.0,,,6894.0,6711.0,3414.0,,7508.0,,,8667.0,2189.0,,8886.0,7805.0
,,,1915.0,6814.0,8043.0,,5864.0,,,4258.0,,,8074.0,7477.0,3863.0,,8050.0,,,9388.0,3093.0,,1169.0,7095.0
,,,3742.0,9639.0,7458.0,,5898.0,,,5485.0,,,2678.0,6671.0,7991.0,,3657.0,,,2452.0,4564.0,,1170.0,6221.0
,,,5410.0,5851.0,4554.0,,5901.0,,,6003.0,,,5169.0,9910.0,9955.0,,4230.0,,,6231.0,5367.0,,9306.0,5302.0
,,,6844.0,6950.0,7220.0,,798.0,,,6488.0,,,994.0,7504.0,4535.0,,8573.0,,,6410.0,6691.0,,7473.0,5756.0
,,,7295.0,8182.0,4986.0,,2091.0,,,6985.0,,,1987.0,,7423.0,,1057.0,,,6894.0,3971.0,,9487.0,6103.0
,,,6713.0,8529.0,6928.0,,2777.0,,,7507.0,,,237.0,,9985.0,,1572.0,,,4556.0,5319.0,,9527.0,7868.0
,,,8043.0,9070.0,9220.0,,8791.0,,,889.0,,,1097.0,,4557.0,,3213.0,,,6888.0,5831.0,,451.0,4932.0
,,,7458.0,9549.0,7781.0,,8879.0,,,906.0,,,2630.0,,5392.0,,8928.0,,,7986.0,8106.0,,1378.0,6586.0
,,,4554.0,7718.0,8570.0,,232.0,,,1804.0,,,438.0,,5882.0,,811.0,,,7997.0,8156.0,,1841.0,9019.0
,,,7220.0,7751.0,8604.0,,934.0,,,1846.0,,,3983.0,,8602.0,,4597.0,,,8098.0,9056.0,,9605.0,7102.0
,,,4986.0,8523.0,6836.0,,1287.0,,,1881.0,,,3995.0,,7422.0,,4183.0,,,8554.0,9289.0,,6786.0,4287.0
,,,6928.0,2182.0,7474.0,,3470.0,,,4299.0,,,5081.0,,5411.0,,5525.0,,,9662.0,9326.0,,3468.0,1777.0
,,,9220.0,4140.0,8135.0,,4181.0,,,7926.0,,,6556.0,,6698.0,,5573.0,,,2784.0,5891.0,,1880.0,4308.0
,,,7781.0,6790.0,9279.0,,713.0,,,7930.0,,,8642.0,,4549.0,,5586.0,,,4550.0,6976.0,,3084.0,3165.0
,,,8570.0,6840.0,9303.0,,1455.0,,,7955.0,,,7376.0,,4978.0,,7523.0,,,5299.0,9610.0,,6750.0,4279.0
,,,8604.0,7256.0,7990.0,,3398.0,,,7961.0,,,8423.0,,5323.0,,8663.0,,,5328.0,4972.0,,454.0,2313.0
,,,6836.0,7951.0,9276.0,,5009.0,,,9275.0,,,8703.0,,3813.0,,1676.0,,,5880.0,5394.0,,9251.0,4669.0
,,,7474.0,9656.0,6891.0,,5927.0,,,495.0,,,7439.0,,7985.0,,3017.0,,,6285.0,6725.0,,6149.0,4736.0
,,,8135.0,9672.0,8437.0,,7460.0,,,503.0,,,8698.0,,7193.0,,3035.0,,,6605.0,6839.0,,6237.0,5139.0
,,,9279.0,5856.0,9637.0,,8821.0,,,2872.0,,,9353.0,,7863.0,,3713.0,,,8563.0,6848.0,,5306.0,5560.0
,,,9303.0,5864.0,6642.0,,6310.0,,,3925.0,,,9270.0,,6082.0,,3734.0,,,9269.0,6851.0,,9724.0,6013.0
,,,7990.0,6293.0,8852.0,,6941.0,,,920.0,,,7405.0,,7901.0,,3772.0,,,9359.0,7448.0,,9289.0,8694.0
,,,9276.0,8003.0,9381.0,,7601.0,,,8074.0,,,7421.0,,6240.0,,4252.0,,,9479.0,8086.0,,3224.0,4270.0
,,,6891.0,8135.0,8523.0,,7627.0,,,3065.0,,,8564.0,,6868.0,,5485.0,,,9952.0,9255.0,,7260.0,4419.0
,,,8437.0,5436.0,8612.0,,8106.0,,,3387.0,,,9954.0,,7312.0,,6003.0,,,7290.0,9599.0,,9307.0,5253.0
,,,9637.0,6437.0,6668.0,,8815.0,,,3809.0,,,2994.0,,7462.0,,6488.0,,,8033.0,8714.0,,6396.0,3195.0
,,,6642.0,8899.0,7837.0,,8863.0,,,3862.0,,,5349.0,,7928.0,,6985.0,,,8418.0,8733.0,,8126.0,6145.0
,,,8852.0,9345.0,5884.0,,9227.0,,,6467.0,,,8574.0,,9907.0,,7507.0,,,8591.0,4574.0,,1915.0,3277.0
,,,9381.0,2189.0,9571.0,,9481.0,,,6479.0,,,1911.0,,5334.0,,889.0,,,8635.0,5008.0,,3742.0,1120.0
,,,8523.0,3093.0,9411.0,,9675.0,,,7521.0,,,9245.0,,5364.0,,906.0,,,9265.0,8667.0,,5410.0,7831.0
,,,8612.0,4564.0,7660.0,,9933.0,,,7527.0,,,1937.0,,5826.0,,1804.0,,,9314.0,9388.0,,6844.0,2871.0
,,,6668.0,5367.0,6046.0,,5881.0,,,9195.0,,,7431.0,,9247.0,,1846.0,,,1897.0,2452.0,,7295.0,5233.0
,,,7837.0,6691.0,8244.0,,5888.0,,,9785.0,,,5131.0,,4551.0,,4299.0,,,9411.0,6231.0,,6713.0,2282.0
,,,5884.0,3971.0,9418.0,,1915.0,,,2087.0,,,7389.0,,5852.0,,7926.0,,,7660.0,6781.0,,8043.0,2873.0
,,,9571.0,5319.0,9765.0,,2773.0,,,4202.0,,,8886.0,,6674.0,,7930.0,,,6046.0,6894.0,,7458.0,3511.0
,,,9411.0,5831.0,8256.0,,2988.0,,,4709.0,,,1159.0,,8583.0,,7955.0,,,8244.0,4556.0,,4554.0,6139.0
,,,7660.0,8106.0,7510.0,,5529.0,,,5483.0,,,1169.0,,9267.0,,7961.0,,,9418.0,6888.0,,7220.0,3505.0
,,,6046.0,8156.0,6082.0,,946.0,,,6989.0,,,1170.0,,5855.0,,9275.0,,,8256.0,7986.0,,4986.0,3567.0
,,,8244.0,9056.0,7511.0,,967.0,,,2716.0,,,9306.0,,8552.0,,495.0,,,7510.0,7997.0,,6928.0,3851.0
,,,9418.0,9289.0,8639.0,,5393.0,,,5065.0,,,7473.0,,9282.0,,503.0,,,6082.0,8098.0,,9220.0,4353.0
,,,9765.0,9326.0,7457.0,,7108.0,,,5099.0,,,9487.0,,6372.0,,2872.0,,,7511.0,8554.0,,7781.0,5608.0
,,,8256.0,5891.0,9372.0,,446.0,,,514.0,,,9527.0,,8616.0,,3925.0,,,8639.0,9662.0,,8570.0,6209.0
,,,7510.0,6976.0,8670.0,,767.0,,,1069.0,,,451.0,,6711.0,,920.0,,,7457.0,2784.0,,8604.0,6609.0
,,,6082.0,9610.0,9985.0,,1078.0,,,1400.0,,,1378.0,,7477.0,,8074.0,,,9372.0,4550.0,,6836.0,8747.0
,,,7511.0,4972.0,6994.0,,1100.0,,,1637.0,,,1841.0,,6671.0,,3065.0,,,8670.0,5299.0,,7474.0,9361.0
,,,8639.0,5394.0,9955.0,,3705.0,,,2300.0,,,9605.0,,9910.0,,3387.0,,,9985.0,5328.0,,8135.0,6666.0
,,,7457.0,6725.0,8263.0,,3726.0,,,2976.0,,,6786.0,,7504.0,,3809.0,,,6994.0,5880.0,,9279.0,9302.0
,,,9372.0,6839.0,7504.0,,5886.0,,,3605.0,,,3468.0,,,,3862.0,,,9955.0,6285.0,,9303.0,9338.0
,,,8670.0,6848.0,,,6291.0,,,4677.0,,,1880.0,,,,6467.0,,,8263.0,6605.0,,7990.0,5877.0
,,,9985.0,6851.0,,,6846.0,,,1978.0,,,3084.0,,,,6479.0,,,7504.0,8563.0,,9276.0,7374.0
,,,6994.0,7448.0,,,7587.0,,,4591.0,,,6750.0,,,,7521.0,,,,9269.0,,6891.0,9368.0
,,,9955.0,8086.0,,,8073.0,,,4595.0,,,454.0,,,,7527.0,,,,9359.0,,8437.0,7388.0
,,,8263.0,9255.0,,,6733.0,,,6029.0,,,9251.0,,,,9195.0,,,,9479.0,,9637.0,8581.0
,,,7504.0,9599.0,,,6838.0,,,9198.0,,,6149.0,,,,9785.0,,,,9952.0,,6642.0,6821.0
,,,,8714.0,,,7363.0,,,2430.0,,,5306.0,,,,2087.0,,,,7290.0,,9381.0,7933.0
,,,,8733.0,,,8607.0,,,3020.0,,,9724.0,,,,4202.0,,,,8033.0,,8523.0,6817.0
,,,,9765.0,,,8646.0,,,5453.0,,,9289.0,,,,4709.0,,,,8418.0,,8612.0,6842.0
,,,,4574.0,,,9639.0,,,5589.0,,,3224.0,,,,6989.0,,,,8591.0,,6668.0,7457.0
,,,,5008.0,,,3776.0,,,6987.0,,,7260.0,,,,2716.0,,,,8635.0,,7837.0,5848.0
,,,,8667.0,,,5482.0,,,1163.0,,,9307.0,,,,5065.0,,,,9265.0,,5884.0,8639.0
,,,,9388.0,,,9996.0,,,1165.0,,,6396.0,,,,5099.0,,,,9314.0,,9411.0,8670.0
,,,,2452.0,,,924.0,,,1562.0,,,8126.0,,,,514.0,,,,1897.0,,7660.0,9039.0
,,,,6231.0,,,1587.0,,,1799.0,,,1915.0,,,,1069.0,,,,9411.0,,6046.0,2195.0
,,,,6781.0,,,7417.0,,,1843.0,,,3742.0,,,,1400.0,,,,7660.0,,8244.0,3831.0
,,,,6894.0,,,294.0,,,3981.0,,,5410.0,,,,2300.0,,,,6046.0,,9418.0,4154.0
,,,,4556.0,,,1831.0,,,5043.0,,,6844.0,,,,2976.0,,,,8244.0,,9765.0,6765.0
,,,,6888.0,,,4574.0,,,5542.0,,,7295.0,,,,3605.0,,,,9418.0,,8256.0,9372.0
,,,,7986.0,,,5008.0,,,9243.0,,,6713.0,,,,4677.0,,,,8256.0,,7510.0,6883.0
,,,,7997.0,,,5399.0,,,2129.0,,,8043.0,,,,1978.0,,,,7510.0,,6082.0,5810.0
,,,,8098.0,,,5707.0,,,4663.0,,,7458.0,,,,4591.0,,,,6082.0,,7511.0,4153.0
,,,,8554.0,,,5820.0,,,4689.0,,,4554.0,,,,6029.0,,,,7511.0,,8639.0,3094.0
,,,,9662.0,,,6873.0,,,6183.0,,,7220.0,,,,9198.0,,,,8639.0,,7457.0,6773.0
,,,,2784.0,,,8522.0,,,395.0,,,4986.0,,,,2430.0,,,,7457.0,,9372.0,7358.0
,,,,4550.0,,,621.0,,,1220.0,,,6928.0,,,,3020.0,,,,9372.0,,8670.0,7910.0
,,,,5299.0,,,3514.0,,,4802.0,,,9220.0,,,,5453.0,,,,8670.0,,9985.0,3414.0
,,,,5328.0,,,4373.0,,,5564.0,,,7781.0,,,,5589.0,,,,9985.0,,6994.0,3863.0
,,,,5880.0,,,4986.0,,,924.0,,,8570.0,,,,6987.0,,,,6994.0,,9955.0,7991.0
,,,,6285.0,,,5851.0,,,1524.0,,,8604.0,,,,1163.0,,,,9955.0,,8263.0,9955.0
,,,,6605.0,,,5911.0,,,2143.0,,,6836.0,,,,1165.0,,,,8263.0,,7504.0,4535.0
,,,,8563.0,,,8142.0,,,2736.0,,,7474.0,,,,1562.0,,,,7504.0,,,7423.0
,,,,9359.0,,,8308.0,,,1081.0,,,8135.0,,,,1799.0,,,,,,,9985.0
,,,,9479.0,,,9307.0,,,4225.0,,,9279.0,,,,5043.0,,,,,,,4557.0
,,,,9952.0,,,9325.0,,,5041.0,,,9303.0,,,,5542.0,,,,,,,5392.0
,,,,7290.0,,,768.0,,,6472.0,,,7990.0,,,,9243.0,,,,,,,5882.0
,,,,8033.0,,,2718.0,,,8615.0,,,9276.0,,,,2129.0,,,,,,,8602.0
,,,,8418.0,,,3654.0,,,9251.0,,,6891.0,,,,4663.0,,,,,,,7422.0
,,,,8591.0,,,7951.0,,,9261.0,,,8437.0,,,,4689.0,,,,,,,5411.0
,,,,8635.0,,,8033.0,,,9336.0,,,9637.0,,,,6183.0,,,,,,,6698.0
,,,,9265.0,,,9265.0,,,502.0,,,6642.0,,,,395.0,,,,,,,4549.0
,,,,9314.0,,,9290.0,,,1071.0,,,9381.0,,,,1220.0,,,,,,,4978.0
,,,,1897.0,,,9656.0,,,1396.0,,,8523.0,,,,4802.0,,,,,,,5323.0
,,,,9411.0,,,6976.0,,,1507.0,,,8612.0,,,,5564.0,,,,,,,3813.0
,,,,7660.0,,,2695.0,,,3668.0,,,6668.0,,,,924.0,,,,,,,7985.0
,,,,6046.0,,,3391.0,,,4639.0,,,7837.0,,,,1524.0,,,,,,,7193.0
,,,,8244.0,,,3720.0,,,5713.0,,,5884.0,,,,2143.0,,,,,,,6082.0
,,,,9418.0,,,4614.0,,,3272.0,,,9411.0,,,,2736.0,,,,,,,7901.0
,,,,8256.0,,,7660.0,,,4389.0,,,7660.0,,,,1081.0,,,,,,,6240.0
,,,,7510.0,,,9232.0,,,4723.0,,,6046.0,,,,4225.0,,,,,,,6868.0
,,,,6082.0,,,187.0,,,4750.0,,,8244.0,,,,5041.0,,,,,,,7312.0
,,,,7511.0,,,1059.0,,,5236.0,,,9418.0,,,,6472.0,,,,,,,7462.0
,,,,8639.0,,,6835.0,,,5752.0,,,9765.0,,,,8615.0,,,,,,,7928.0
,,,,7457.0,,,237.0,,,6651.0,,,8256.0,,,,9251.0,,,,,,,9907.0
,,,,9372.0,,,1094.0,,,7636.0,,,7510.0,,,,9261.0,,,,,,,5334.0
,,,,8670.0,,,1097.0,,,3588.0,,,6082.0,,,,9336.0,,,,,,,5364.0
,,,,9985.0,,,1212.0,,,798.0,,,7511.0,,,,502.0,,,,,,,5826.0
,,,,6994.0,,,1274.0,,,2772.0,,,8639.0,,,,1071.0,,,,,,,9247.0
,,,,9955.0,,,2195.0,,,3041.0,,,7457.0,,,,1396.0,,,,,,,4551.0
,,,,8263.0,,,4516.0,,,3070.0,,,9372.0,,,,1507.0,,,,,,,5852.0
,,,,7504.0,,,5426.0,,,5050.0,,,8670.0,,,,3668.0,,,,,,,6674.0
,,,,,,,6285.0,,,5493.0,,,9985.0,,,,5713.0,,,,,,,8583.0
,,,,,,,7452.0,,,6982.0,,,6994.0,,,,3272.0,,,,,,,9267.0
,,,,,,,8700.0,,,1045.0,,,9955.0,,,,4389.0,,,,,,,5855.0
,,,,,,,6603.0,,,1626.0,,,8263.0,,,,4723.0,,,,,,,8552.0
,,,,,,,8721.0,,,1840.0,,,7504.0,,,,4750.0,,,,,,,9282.0
,,,,,,,9206.0,,,5466.0,,,,,,,5236.0,,,,,,,6372.0
,,,,,,,9498.0,,,6039.0,,,,,,,5752.0,,,,,,,8616.0
,,,,,,,9553.0,,,6477.0,,,,,,,6651.0,,,,,,,6711.0
,,,,,,,5740.0,,,8628.0,,,,,,,7636.0,,,,,,,7477.0
,,,,,,,7219.0,,,572.0,,,,,,,3588.0,,,,,,,6671.0
,,,,,,,7464.0,,,1937.0,,,,,,,798.0,,,,,,,9910.0
,,,,,,,9230.0,,,2622.0,,,,,,,2772.0,,,,,,,7504.0
,,,,,,,9912.0,,,4091.0,,,,,,,3041.0,,,,,,,
,,,,,,,8714.0,,,5618.0,,,,,,,3070.0,,,,,,,
,,,,,,,8733.0,,,6560.0,,,,,,,5050.0,,,,,,,
,,,,,,,186.0,,,7692.0,,,,,,,5493.0,,,,,,,
,,,,,,,1835.0,,,3805.0,,,,,,,6982.0,,,,,,,
,,,,,,,6403.0,,,1302.0,,,,,,,1045.0,,,,,,,
,,,,,,,1249.0,,,2090.0,,,,,,,1626.0,,,,,,,
,,,,,,,1307.0,,,2137.0,,,,,,,5466.0,,,,,,,
,,,,,,,4427.0,,,3517.0,,,,,,,6039.0,,,,,,,
,,,,,,,4961.0,,,4086.0,,,,,,,6477.0,,,,,,,
,,,,,,,5354.0,,,4104.0,,,,,,,8628.0,,,,,,,
,,,,,,,5436.0,,,4282.0,,,,,,,572.0,,,,,,,
,,,,,,,6437.0,,,4337.0,,,,,,,1937.0,,,,,,,
,,,,,,,6844.0,,,4471.0,,,,,,,2622.0,,,,,,,
,,,,,,,7380.0,,,4716.0,,,,,,,5618.0,,,,,,,
,,,,,,,7790.0,,,5062.0,,,,,,,6560.0,,,,,,,
,,,,,,,7988.0,,,5063.0,,,,,,,7692.0,,,,,,,
,,,,,,,7991.0,,,5097.0,,,,,,,3805.0,,,,,,,
,,,,,,,8899.0,,,5182.0,,,,,,,1302.0,,,,,,,
,,,,,,,9120.0,,,5201.0,,,,,,,2090.0,,,,,,,
,,,,,,,9586.0,,,5620.0,,,,,,,2137.0,,,,,,,
,,,,,,,721.0,,,6185.0,,,,,,,3517.0,,,,,,,
,,,,,,,744.0,,,6219.0,,,,,,,4086.0,,,,,,,
,,,,,,,4005.0,,,6571.0,,,,,,,4104.0,,,,,,,
,,,,,,,4370.0,,,6632.0,,,,,,,4282.0,,,,,,,
,,,,,,,5562.0,,,7100.0,,,,,,,4337.0,,,,,,,
,,,,,,,6385.0,,,7634.0,,,,,,,4471.0,,,,,,,
,,,,,,,8013.0,,,7488.0,,,,,,,5062.0,,,,,,,
,,,,,,,8014.0,,,7515.0,,,,,,,5063.0,,,,,,,
,,,,,,,9363.0,,,9187.0,,,,,,,5097.0,,,,,,,
,,,,,,,9562.0,,,934.0,,,,,,,5182.0,,,,,,,
,,,,,,,9566.0,,,1835.0,,,,,,,5201.0,,,,,,,
,,,,,,,9583.0,,,2580.0,,,,,,,5620.0,,,,,,,
,,,,,,,1747.0,,,3148.0,,,,,,,6185.0,,,,,,,
,,,,,,,2726.0,,,3606.0,,,,,,,6219.0,,,,,,,
,,,,,,,4655.0,,,4280.0,,,,,,,6571.0,,,,,,,
,,,,,,,6075.0,,,3897.0,,,,,,,6632.0,,,,,,,
,,,,,,,8657.0,,,1567.0,,,,,,,7100.0,,,,,,,
,,,,,,,8718.0,,,1568.0,,,,,,,7634.0,,,,,,,
,,,,,,,9297.0,,,1977.0,,,,,,,7488.0,,,,,,,
,,,,,,,9388.0,,,4607.0,,,,,,,7515.0,,,,,,,
,,,,,,,9546.0,,,6036.0,,,,,,,9187.0,,,,,,,
,,,,,,,9677.0,,,6988.0,,,,,,,934.0,,,,,,,
,,,,,,,6083.0,,,7496.0,,,,,,,1835.0,,,,,,,
,,,,,,,8852.0,,,1413.0,,,,,,,2580.0,,,,,,,
,,,,,,,231.0,,,5511.0,,,,,,,3148.0,,,,,,,
,,,,,,,395.0,,,5513.0,,,,,,,3606.0,,,,,,,
,,,,,,,616.0,,,7012.0,,,,,,,4280.0,,,,,,,
,,,,,,,1213.0,,,8738.0,,,,,,,3897.0,,,,,,,
,,,,,,,3946.0,,,5452.0,,,,,,,1567.0,,,,,,,
,,,,,,,7459.0,,,963.0,,,,,,,1568.0,,,,,,,
,,,,,,,502.0,,,1303.0,,,,,,,1977.0,,,,,,,
,,,,,,,749.0,,,1398.0,,,,,,,4607.0,,,,,,,
,,,,,,,889.0,,,1497.0,,,,,,,6036.0,,,,,,,
,,,,,,,906.0,,,1869.0,,,,,,,6988.0,,,,,,,
,,,,,,,1072.0,,,2064.0,,,,,,,7496.0,,,,,,,
,,,,,,,1201.0,,,2323.0,,,,,,,1413.0,,,,,,,
,,,,,,,1501.0,,,2367.0,,,,,,,5513.0,,,,,,,
,,,,,,,1833.0,,,2391.0,,,,,,,7012.0,,,,,,,
,,,,,,,2082.0,,,2619.0,,,,,,,8738.0,,,,,,,
,,,,,,,2705.0,,,2983.0,,,,,,,5452.0,,,,,,,
,,,,,,,3501.0,,,3006.0,,,,,,,963.0,,,,,,,
,,,,,,,4128.0,,,3051.0,,,,,,,1303.0,,,,,,,
,,,,,,,4157.0,,,3253.0,,,,,,,1398.0,,,,,,,
,,,,,,,4995.0,,,3632.0,,,,,,,1497.0,,,,,,,
,,,,,,,5239.0,,,3681.0,,,,,,,1869.0,,,,,,,
,,,,,,,5394.0,,,4146.0,,,,,,,2064.0,,,,,,,
,,,,,,,6394.0,,,4345.0,,,,,,,2323.0,,,,,,,
,,,,,,,6848.0,,,4688.0,,,,,,,2391.0,,,,,,,
,,,,,,,7565.0,,,5243.0,,,,,,,2619.0,,,,,,,
,,,,,,,7745.0,,,5252.0,,,,,,,2983.0,,,,,,,
,,,,,,,8600.0,,,5523.0,,,,,,,3006.0,,,,,,,
,,,,,,,9201.0,,,6121.0,,,,,,,3051.0,,,,,,,
,,,,,,,9561.0,,,6156.0,,,,,,,3253.0,,,,,,,
,,,,,,,439.0,,,7682.0,,,,,,,3632.0,,,,,,,
,,,,,,,1365.0,,,8753.0,,,,,,,3681.0,,,,,,,
,,,,,,,2093.0,,,2767.0,,,,,,,4146.0,,,,,,,
,,,,,,,2128.0,,,6901.0,,,,,,,4345.0,,,,,,,
,,,,,,,4100.0,,,529.0,,,,,,,4688.0,,,,,,,
,,,,,,,4195.0,,,2260.0,,,,,,,5243.0,,,,,,,
,,,,,,,4738.0,,,2539.0,,,,,,,5252.0,,,,,,,
,,,,,,,5509.0,,,2808.0,,,,,,,5523.0,,,,,,,
,,,,,,,6682.0,,,2947.0,,,,,,,6121.0,,,,,,,
,,,,,,,6781.0,,,3519.0,,,,,,,6156.0,,,,,,,
,,,,,,,6812.0,,,3939.0,,,,,,,7682.0,,,,,,,
,,,,,,,6605.0,,,5728.0,,,,,,,8753.0,,,,,,,
,,,,,,,6658.0,,,1749.0,,,,,,,2767.0,,,,,,,
,,,,,,,9269.0,,,2757.0,,,,,,,6901.0,,,,,,,
,,,,,,,9359.0,,,7886.0,,,,,,,8551.0,,,,,,,
,,,,,,,9479.0,,,858.0,,,,,,,529.0,,,,,,,
,,,,,,,9914.0,,,1587.0,,,,,,,2260.0,,,,,,,
,,,,,,,4621.0,,,2856.0,,,,,,,2539.0,,,,,,,
,,,,,,,9411.0,,,5533.0,,,,,,,2808.0,,,,,,,
,,,,,,,235.0,,,7503.0,,,,,,,2947.0,,,,,,,
,,,,,,,368.0,,,1364.0,,,,,,,3519.0,,,,,,,
,,,,,,,624.0,,,2634.0,,,,,,,3939.0,,,,,,,
,,,,,,,928.0,,,5484.0,,,,,,,5728.0,,,,,,,
,,,,,,,1592.0,,,5565.0,,,,,,,1749.0,,,,,,,
,,,,,,,3403.0,,,6539.0,,,,,,,2757.0,,,,,,,
,,,,,,,4568.0,,,7015.0,,,,,,,7886.0,,,,,,,
,,,,,,,7403.0,,,8249.0,,,,,,,858.0,,,,,,,
,,,,,,,7561.0,,,8265.0,,,,,,,1587.0,,,,,,,
,,,,,,,7969.0,,,8729.0,,,,,,,2856.0,,,,,,,
,,,,,,,7981.0,,,8749.0,,,,,,,5533.0,,,,,,,
,,,,,,,8803.0,,,9428.0,,,,,,,7503.0,,,,,,,
,,,,,,,451.0,,,3810.0,,,,,,,1364.0,,,,,,,
,,,,,,,536.0,,,4169.0,,,,,,,2634.0,,,,,,,
,,,,,,,758.0,,,7346.0,,,,,,,5484.0,,,,,,,
,,,,,,,1463.0,,,767.0,,,,,,,6539.0,,,,,,,
,,,,,,,1489.0,,,1080.0,,,,,,,7015.0,,,,,,,
,,,,,,,1494.0,,,1159.0,,,,,,,8249.0,,,,,,,
,,,,,,,1841.0,,,1169.0,,,,,,,8265.0,,,,,,,
,,,,,,,1909.0,,,1706.0,,,,,,,8729.0,,,,,,,
,,,,,,,2153.0,,,2038.0,,,,,,,8749.0,,,,,,,
,,,,,,,3143.0,,,2082.0,,,,,,,9428.0,,,,,,,
,,,,,,,4772.0,,,2369.0,,,,,,,3810.0,,,,,,,
,,,,,,,5407.0,,,2376.0,,,,,,,4169.0,,,,,,,
,,,,,,,5600.0,,,2402.0,,,,,,,7346.0,,,,,,,
,,,,,,,5766.0,,,2640.0,,,,,,,767.0,,,,,,,
,,,,,,,6230.0,,,2754.0,,,,,,,1080.0,,,,,,,
,,,,,,,6367.0,,,3043.0,,,,,,,1159.0,,,,,,,
,,,,,,,6392.0,,,3752.0,,,,,,,1169.0,,,,,,,
,,,,,,,6744.0,,,3779.0,,,,,,,1706.0,,,,,,,
,,,,,,,6928.0,,,3824.0,,,,,,,2038.0,,,,,,,
,,,,,,,6945.0,,,4277.0,,,,,,,2082.0,,,,,,,
,,,,,,,7532.0,,,4351.0,,,,,,,2369.0,,,,,,,
,,,,,,,7910.0,,,4666.0,,,,,,,2376.0,,,,,,,
,,,,,,,8098.0,,,4904.0,,,,,,,2640.0,,,,,,,
,,,,,,,8671.0,,,5218.0,,,,,,,2754.0,,,,,,,
,,,,,,,8711.0,,,6062.0,,,,,,,3043.0,,,,,,,
,,,,,,,8878.0,,,6509.0,,,,,,,3752.0,,,,,,,
,,,,,,,9337.0,,,6572.0,,,,,,,3779.0,,,,,,,
,,,,,,,9343.0,,,6580.0,,,,,,,3824.0,,,,,,,
,,,,,,,9662.0,,,6589.0,,,,,,,4277.0,,,,,,,
,,,,,,,9929.0,,,7120.0,,,,,,,4351.0,,,,,,,
,,,,,,,2995.0,,,7643.0,,,,,,,4666.0,,,,,,,
,,,,,,,4712.0,,,8287.0,,,,,,,4904.0,,,,,,,
,,,,,,,6022.0,,,9434.0,,,,,,,5218.0,,,,,,,
,,,,,,,6041.0,,,2780.0,,,,,,,6062.0,,,,,,,
,,,,,,,9209.0,,,780.0,,,,,,,6509.0,,,,,,,
,,,,,,,9993.0,,,786.0,,,,,,,6572.0,,,,,,,
,,,,,,,5891.0,,,928.0,,,,,,,6580.0,,,,,,,
,,,,,,,9610.0,,,1222.0,,,,,,,6589.0,,,,,,,
,,,,,,,7533.0,,,1253.0,,,,,,,7120.0,,,,,,,
,,,,,,,514.0,,,1262.0,,,,,,,7643.0,,,,,,,
,,,,,,,763.0,,,1267.0,,,,,,,8287.0,,,,,,,
,,,,,,,956.0,,,1269.0,,,,,,,9434.0,,,,,,,
,,,,,,,1113.0,,,1822.0,,,,,,,2780.0,,,,,,,
,,,,,,,1145.0,,,1831.0,,,,,,,780.0,,,,,,,
,,,,,,,1637.0,,,2042.0,,,,,,,786.0,,,,,,,
,,,,,,,1889.0,,,2230.0,,,,,,,928.0,,,,,,,
,,,,,,,3834.0,,,2635.0,,,,,,,1222.0,,,,,,,
,,,,,,,5299.0,,,2644.0,,,,,,,1267.0,,,,,,,
,,,,,,,5328.0,,,3173.0,,,,,,,1269.0,,,,,,,
,,,,,,,5395.0,,,3612.0,,,,,,,1822.0,,,,,,,
,,,,,,,5412.0,,,4142.0,,,,,,,1831.0,,,,,,,
,,,,,,,6666.0,,,4259.0,,,,,,,2042.0,,,,,,,
,,,,,,,7371.0,,,4442.0,,,,,,,2230.0,,,,,,,
,,,,,,,8806.0,,,4702.0,,,,,,,2635.0,,,,,,,
,,,,,,,8874.0,,,5773.0,,,,,,,2644.0,,,,,,,
,,,,,,,9510.0,,,3781.0,,,,,,,3173.0,,,,,,,
,,,,,,,9594.0,,,2214.0,,,,,,,3612.0,,,,,,,
,,,,,,,1076.0,,,4752.0,,,,,,,4142.0,,,,,,,
,,,,,,,1088.0,,,9660.0,,,,,,,4259.0,,,,,,,
,,,,,,,1152.0,,,1367.0,,,,,,,4442.0,,,,,,,
,,,,,,,1163.0,,,4171.0,,,,,,,4702.0,,,,,,,
,,,,,,,1165.0,,,5093.0,,,,,,,5773.0,,,,,,,
,,,,,,,1362.0,,,8274.0,,,,,,,3781.0,,,,,,,
,,,,,,,1370.0,,,8276.0,,,,,,,2214.0,,,,,,,
,,,,,,,1688.0,,,5450.0,,,,,,,4752.0,,,,,,,
,,,,,,,1698.0,,,5451.0,,,,,,,9660.0,,,,,,,
,,,,,,,1843.0,,,709.0,,,,,,,1367.0,,,,,,,
,,,,,,,1934.0,,,994.0,,,,,,,4171.0,,,,,,,
,,,,,,,1940.0,,,1196.0,,,,,,,5093.0,,,,,,,
,,,,,,,2154.0,,,1392.0,,,,,,,8274.0,,,,,,,
,,,,,,,2658.0,,,1446.0,,,,,,,8276.0,,,,,,,
,,,,,,,3719.0,,,2045.0,,,,,,,5451.0,,,,,,,
,,,,,,,4418.0,,,2073.0,,,,,,,709.0,,,,,,,
,,,,,,,5511.0,,,2094.0,,,,,,,994.0,,,,,,,
,,,,,,,5902.0,,,2118.0,,,,,,,1196.0,,,,,,,
,,,,,,,6623.0,,,2382.0,,,,,,,1392.0,,,,,,,
,,,,,,,6836.0,,,2383.0,,,,,,,1446.0,,,,,,,
,,,,,,,7468.0,,,2394.0,,,,,,,2045.0,,,,,,,
,,,,,,,7486.0,,,2674.0,,,,,,,2073.0,,,,,,,
,,,,,,,7631.0,,,2719.0,,,,,,,2094.0,,,,,,,
,,,,,,,8661.0,,,2991.0,,,,,,,2118.0,,,,,,,
,,,,,,,8662.0,,,2996.0,,,,,,,2382.0,,,,,,,
,,,,,,,8674.0,,,3015.0,,,,,,,2394.0,,,,,,,
,,,,,,,8857.0,,,3695.0,,,,,,,2674.0,,,,,,,
,,,,,,,9317.0,,,3722.0,,,,,,,2676.0,,,,,,,
,,,,,,,9459.0,,,3788.0,,,,,,,2719.0,,,,,,,
,,,,,,,2701.0,,,3871.0,,,,,,,2991.0,,,,,,,
,,,,,,,4706.0,,,4645.0,,,,,,,2996.0,,,,,,,
,,,,,,,5525.0,,,4656.0,,,,,,,3015.0,,,,,,,
,,,,,,,5576.0,,,4683.0,,,,,,,3695.0,,,,,,,
,,,,,,,5586.0,,,4862.0,,,,,,,3722.0,,,,,,,
,,,,,,,5997.0,,,5472.0,,,,,,,3788.0,,,,,,,
,,,,,,,6001.0,,,5481.0,,,,,,,3871.0,,,,,,,
,,,,,,,6878.0,,,5535.0,,,,,,,4645.0,,,,,,,
,,,,,,,8422.0,,,5570.0,,,,,,,4656.0,,,,,,,
,,,,,,,8690.0,,,6089.0,,,,,,,4683.0,,,,,,,
,,,,,,,9217.0,,,6143.0,,,,,,,4862.0,,,,,,,
,,,,,,,9977.0,,,6202.0,,,,,,,5472.0,,,,,,,
,,,,,,,5549.0,,,7003.0,,,,,,,5481.0,,,,,,,
,,,,,,,3992.0,,,7088.0,,,,,,,5535.0,,,,,,,
,,,,,,,1785.0,,,7092.0,,,,,,,5570.0,,,,,,,
,,,,,,,1897.0,,,7127.0,,,,,,,6089.0,,,,,,,
,,,,,,,2580.0,,,8740.0,,,,,,,6143.0,,,,,,,
,,,,,,,4219.0,,,8763.0,,,,,,,6202.0,,,,,,,
,,,,,,,6361.0,,,295.0,,,,,,,7003.0,,,,,,,
,,,,,,,6401.0,,,508.0,,,,,,,7088.0,,,,,,,
,,,,,,,6849.0,,,513.0,,,,,,,7092.0,,,,,,,
,,,,,,,6861.0,,,635.0,,,,,,,7127.0,,,,,,,
,,,,,,,7449.0,,,779.0,,,,,,,8740.0,,,,,,,
,,,,,,,7478.0,,,793.0,,,,,,,8763.0,,,,,,,
,,,,,,,7530.0,,,886.0,,,,,,,295.0,,,,,,,
,,,,,,,7558.0,,,902.0,,,,,,,508.0,,,,,,,
,,,,,,,7902.0,,,956.0,,,,,,,513.0,,,,,,,
,,,,,,,7989.0,,,1113.0,,,,,,,635.0,,,,,,,
,,,,,,,9615.0,,,1145.0,,,,,,,793.0,,,,,,,
,,,,,,,438.0,,,2331.0,,,,,,,902.0,,,,,,,
,,,,,,,575.0,,,2939.0,,,,,,,956.0,,,,,,,
,,,,,,,854.0,,,3258.0,,,,,,,1113.0,,,,,,,
,,,,,,,1085.0,,,3337.0,,,,,,,1145.0,,,,,,,
,,,,,,,1624.0,,,3541.0,,,,,,,2331.0,,,,,,,
,,,,,,,1797.0,,,4753.0,,,,,,,2939.0,,,,,,,
,,,,,,,1838.0,,,6015.0,,,,,,,3258.0,,,,,,,
,,,,,,,1869.0,,,6068.0,,,,,,,3337.0,,,,,,,
,,,,,,,3416.0,,,139.0,,,,,,,3541.0,,,,,,,
,,,,,,,3563.0,,,233.0,,,,,,,4753.0,,,,,,,
,,,,,,,4569.0,,,234.0,,,,,,,6015.0,,,,,,,
,,,,,,,5317.0,,,1810.0,,,,,,,6068.0,,,,,,,
,,,,,,,5877.0,,,3470.0,,,,,,,139.0,,,,,,,
,,,,,,,5912.0,,,3592.0,,,,,,,233.0,,,,,,,
,,,,,,,6842.0,,,4924.0,,,,,,,234.0,,,,,,,
,,,,,,,7178.0,,,5229.0,,,,,,,1810.0,,,,,,,
,,,,,,,8477.0,,,2682.0,,,,,,,3470.0,,,,,,,
,,,,,,,8559.0,,,3080.0,,,,,,,3592.0,,,,,,,
,,,,,,,8868.0,,,3084.0,,,,,,,4924.0,,,,,,,
,,,,,,,9500.0,,,3392.0,,,,,,,5229.0,,,,,,,
,,,,,,,9715.0,,,4175.0,,,,,,,2682.0,,,,,,,
,,,,,,,708.0,,,9442.0,,,,,,,3080.0,,,,,,,
,,,,,,,1007.0,,,1717.0,,,,,,,3084.0,,,,,,,
,,,,,,,1676.0,,,769.0,,,,,,,3392.0,,,,,,,
,,,,,,,1872.0,,,1088.0,,,,,,,4175.0,,,,,,,
,,,,,,,2629.0,,,1370.0,,,,,,,9442.0,,,,,,,
,,,,,,,2741.0,,,1374.0,,,,,,,1717.0,,,,,,,
,,,,,,,3371.0,,,1940.0,,,,,,,769.0,,,,,,,
,,,,,,,4931.0,,,2157.0,,,,,,,1088.0,,,,,,,
,,,,,,,5914.0,,,2178.0,,,,,,,1370.0,,,,,,,
,,,,,,,6151.0,,,2372.0,,,,,,,1940.0,,,,,,,
,,,,,,,6358.0,,,2625.0,,,,,,,2157.0,,,,,,,
,,,,,,,6891.0,,,2642.0,,,,,,,2178.0,,,,,,,
,,,,,,,7396.0,,,2723.0,,,,,,,2372.0,,,,,,,
,,,,,,,7900.0,,,3012.0,,,,,,,2625.0,,,,,,,
,,,,,,,8044.0,,,3366.0,,,,,,,2642.0,,,,,,,
,,,,,,,8709.0,,,3380.0,,,,,,,2723.0,,,,,,,
,,,,,,,9000.0,,,3714.0,,,,,,,3012.0,,,,,,,
,,,,,,,9056.0,,,3717.0,,,,,,,3366.0,,,,,,,
,,,,,,,9261.0,,,4746.0,,,,,,,3380.0,,,,,,,
,,,,,,,9336.0,,,4919.0,,,,,,,3714.0,,,,,,,
,,,,,,,9351.0,,,5737.0,,,,,,,3717.0,,,,,,,
,,,,,,,9592.0,,,5982.0,,,,,,,4746.0,,,,,,,
,,,,,,,9606.0,,,6056.0,,,,,,,4919.0,,,,,,,
,,,,,,,9637.0,,,6100.0,,,,,,,5737.0,,,,,,,
,,,,,,,3759.0,,,6495.0,,,,,,,5982.0,,,,,,,
,,,,,,,4725.0,,,8282.0,,,,,,,6056.0,,,,,,,
,,,,,,,6033.0,,,575.0,,,,,,,6100.0,,,,,,,
,,,,,,,6037.0,,,854.0,,,,,,,6495.0,,,,,,,
,,,,,,,8588.0,,,1515.0,,,,,,,8282.0,,,,,,,
,,,,,,,9344.0,,,1633.0,,,,,,,575.0,,,,,,,
,,,,,,,4173.0,,,1638.0,,,,,,,854.0,,,,,,,
,,,,,,,5558.0,,,1673.0,,,,,,,1515.0,,,,,,,
,,,,,,,6611.0,,,1683.0,,,,,,,1633.0,,,,,,,
,,,,,,,6662.0,,,1690.0,,,,,,,1673.0,,,,,,,
,,,,,,,8925.0,,,1699.0,,,,,,,1683.0,,,,,,,
,,,,,,,2451.0,,,1797.0,,,,,,,1690.0,,,,,,,
,,,,,,,3440.0,,,1847.0,,,,,,,1699.0,,,,,,,
,,,,,,,6387.0,,,1850.0,,,,,,,1797.0,,,,,,,
,,,,,,,6413.0,,,2086.0,,,,,,,1847.0,,,,,,,
,,,,,,,6671.0,,,2147.0,,,,,,,1850.0,,,,,,,
,,,,,,,7536.0,,,2327.0,,,,,,,2086.0,,,,,,,
,,,,,,,8620.0,,,2397.0,,,,,,,2147.0,,,,,,,
,,,,,,,8795.0,,,2400.0,,,,,,,2327.0,,,,,,,
,,,,,,,9211.0,,,3338.0,,,,,,,2344.0,,,,,,,
,,,,,,,9456.0,,,3499.0,,,,,,,2397.0,,,,,,,
,,,,,,,9683.0,,,3716.0,,,,,,,2400.0,,,,,,,
,,,,,,,126.0,,,3924.0,,,,,,,3338.0,,,,,,,
,,,,,,,1080.0,,,3976.0,,,,,,,3499.0,,,,,,,
,,,,,,,1221.0,,,4003.0,,,,,,,3716.0,,,,,,,
,,,,,,,1443.0,,,4705.0,,,,,,,3924.0,,,,,,,
,,,,,,,1623.0,,,5067.0,,,,,,,3976.0,,,,,,,
,,,,,,,1657.0,,,6516.0,,,,,,,4003.0,,,,,,,
,,,,,,,1881.0,,,6537.0,,,,,,,4705.0,,,,,,,
,,,,,,,2164.0,,,2751.0,,,,,,,5067.0,,,,,,,
,,,,,,,2744.0,,,9426.0,,,,,,,6516.0,,,,,,,
,,,,,,,2764.0,,,228.0,,,,,,,6537.0,,,,,,,
,,,,,,,4321.0,,,1213.0,,,,,,,2751.0,,,,,,,
,,,,,,,4827.0,,,2223.0,,,,,,,9426.0,,,,,,,
,,,,,,,5314.0,,,3163.0,,,,,,,228.0,,,,,,,
,,,,,,,5910.0,,,3440.0,,,,,,,1213.0,,,,,,,
,,,,,,,6927.0,,,4185.0,,,,,,,2223.0,,,,,,,
,,,,,,,6967.0,,,5576.0,,,,,,,3163.0,,,,,,,
,,,,,,,7093.0,,,8976.0,,,,,,,3440.0,,,,,,,
,,,,,,,7145.0,,,115.0,,,,,,,4185.0,,,,,,,
,,,,,,,7930.0,,,708.0,,,,,,,5576.0,,,,,,,
,,,,,,,7961.0,,,1007.0,,,,,,,8976.0,,,,,,,
,,,,,,,8581.0,,,1342.0,,,,,,,115.0,,,,,,,
,,,,,,,8702.0,,,1409.0,,,,,,,708.0,,,,,,,
,,,,,,,8800.0,,,1519.0,,,,,,,1007.0,,,,,,,
,,,,,,,9599.0,,,1565.0,,,,,,,1342.0,,,,,,,
,,,,,,,947.0,,,1670.0,,,,,,,1409.0,,,,,,,
,,,,,,,1045.0,,,1679.0,,,,,,,1519.0,,,,,,,
,,,,,,,2171.0,,,1733.0,,,,,,,1565.0,,,,,,,
,,,,,,,2678.0,,,2081.0,,,,,,,1670.0,,,,,,,
,,,,,,,5343.0,,,2120.0,,,,,,,1679.0,,,,,,,
,,,,,,,5653.0,,,2133.0,,,,,,,1733.0,,,,,,,
,,,,,,,7226.0,,,2160.0,,,,,,,2081.0,,,,,,,
,,,,,,,8628.0,,,2204.0,,,,,,,2120.0,,,,,,,
,,,,,,,9220.0,,,2424.0,,,,,,,2133.0,,,,,,,
,,,,,,,9284.0,,,2725.0,,,,,,,2160.0,,,,,,,
,,,,,,,9320.0,,,2999.0,,,,,,,2204.0,,,,,,,
,,,,,,,9972.0,,,3021.0,,,,,,,2424.0,,,,,,,
,,,,,,,3763.0,,,3707.0,,,,,,,2652.0,,,,,,,
,,,,,,,6010.0,,,3757.0,,,,,,,2725.0,,,,,,,
,,,,,,,6029.0,,,3849.0,,,,,,,2999.0,,,,,,,
,,,,,,,8594.0,,,4084.0,,,,,,,3021.0,,,,,,,
,,,,,,,3000.0,,,4194.0,,,,,,,3707.0,,,,,,,
,,,,,,,7651.0,,,4209.0,,,,,,,3757.0,,,,,,,
,,,,,,,2468.0,,,5058.0,,,,,,,3849.0,,,,,,,
,,,,,,,7542.0,,,5475.0,,,,,,,4084.0,,,,,,,
,,,,,,,8167.0,,,5532.0,,,,,,,4194.0,,,,,,,
,,,,,,,8772.0,,,5557.0,,,,,,,4209.0,,,,,,,
,,,,,,,9612.0,,,5613.0,,,,,,,5053.0,,,,,,,
,,,,,,,588.0,,,6474.0,,,,,,,5058.0,,,,,,,
,,,,,,,3300.0,,,6904.0,,,,,,,5475.0,,,,,,,
,,,,,,,4259.0,,,7135.0,,,,,,,5532.0,,,,,,,
,,,,,,,4943.0,,,2198.0,,,,,,,5557.0,,,,,,,
,,,,,,,5042.0,,,6007.0,,,,,,,5613.0,,,,,,,
,,,,,,,5335.0,,,7854.0,,,,,,,6474.0,,,,,,,
,,,,,,,7470.0,,,297.0,,,,,,,6904.0,,,,,,,
,,,,,,,7912.0,,,446.0,,,,,,,7135.0,,,,,,,
,,,,,,,8005.0,,,1003.0,,,,,,,2198.0,,,,,,,
,,,,,,,8011.0,,,1072.0,,,,,,,6007.0,,,,,,,
,,,,,,,8042.0,,,1195.0,,,,,,,7854.0,,,,,,,
,,,,,,,8194.0,,,1199.0,,,,,,,297.0,,,,,,,
,,,,,,,8712.0,,,1201.0,,,,,,,446.0,,,,,,,
,,,,,,,9387.0,,,1202.0,,,,,,,1003.0,,,,,,,
,,,,,,,9987.0,,,1501.0,,,,,,,1072.0,,,,,,,
,,,,,,,699.0,,,1557.0,,,,,,,1195.0,,,,,,,
,,,,,,,709.0,,,1603.0,,,,,,,1199.0,,,,,,,
,,,,,,,994.0,,,1623.0,,,,,,,1201.0,,,,,,,
,,,,,,,1167.0,,,1631.0,,,,,,,1501.0,,,,,,,
,,,,,,,2661.0,,,1657.0,,,,,,,1557.0,,,,,,,
,,,,,,,2719.0,,,3136.0,,,,,,,1623.0,,,,,,,
,,,,,,,3731.0,,,3170.0,,,,,,,1631.0,,,,,,,
,,,,,,,3746.0,,,3340.0,,,,,,,1657.0,,,,,,,
,,,,,,,4138.0,,,3879.0,,,,,,,3136.0,,,,,,,
,,,,,,,4853.0,,,4695.0,,,,,,,3170.0,,,,,,,
,,,,,,,6377.0,,,5069.0,,,,,,,3340.0,,,,,,,
,,,,,,,6950.0,,,5503.0,,,,,,,3879.0,,,,,,,
,,,,,,,7166.0,,,5520.0,,,,,,,4695.0,,,,,,,
,,,,,,,7382.0,,,6061.0,,,,,,,5069.0,,,,,,,
,,,,,,,7469.0,,,7495.0,,,,,,,5503.0,,,,,,,
,,,,,,,7835.0,,,7524.0,,,,,,,5520.0,,,,,,,
,,,,,,,8116.0,,,3762.0,,,,,,,6061.0,,,,,,,
,,,,,,,8255.0,,,7130.0,,,,,,,7495.0,,,,,,,
,,,,,,,8426.0,,,137.0,,,,,,,7524.0,,,,,,,
,,,,,,,8554.0,,,608.0,,,,,,,3762.0,,,,,,,
,,,,,,,8688.0,,,943.0,,,,,,,7130.0,,,,,,,
,,,,,,,9361.0,,,1754.0,,,,,,,137.0,,,,,,,
,,,,,,,9557.0,,,3276.0,,,,,,,608.0,,,,,,,
,,,,,,,9633.0,,,4283.0,,,,,,,943.0,,,,,,,
,,,,,,,1672.0,,,4291.0,,,,,,,1754.0,,,,,,,
,,,,,,,1675.0,,,4315.0,,,,,,,3276.0,,,,,,,
,,,,,,,1693.0,,,5707.0,,,,,,,4283.0,,,,,,,
,,,,,,,1743.0,,,1084.0,,,,,,,4291.0,,,,,,,
,,,,,,,2155.0,,,1091.0,,,,,,,4315.0,,,,,,,
,,,,,,,2430.0,,,1365.0,,,,,,,5707.0,,,,,,,
,,,,,,,2630.0,,,1375.0,,,,,,,1084.0,,,,,,,
,,,,,,,6076.0,,,1707.0,,,,,,,1091.0,,,,,,,
,,,,,,,7907.0,,,2104.0,,,,,,,1365.0,,,,,,,
,,,,,,,8406.0,,,2654.0,,,,,,,1707.0,,,,,,,
,,,,,,,8635.0,,,3059.0,,,,,,,2104.0,,,,,,,
,,,,,,,8673.0,,,3074.0,,,,,,,2654.0,,,,,,,
,,,,,,,8677.0,,,3083.0,,,,,,,3059.0,,,,,,,
,,,,,,,8951.0,,,3375.0,,,,,,,3074.0,,,,,,,
,,,,,,,9305.0,,,3389.0,,,,,,,3083.0,,,,,,,
,,,,,,,9349.0,,,3730.0,,,,,,,3375.0,,,,,,,
,,,,,,,6979.0,,,3800.0,,,,,,,3389.0,,,,,,,
,,,,,,,6998.0,,,4100.0,,,,,,,3730.0,,,,,,,
,,,,,,,8071.0,,,4172.0,,,,,,,3800.0,,,,,,,
,,,,,,,8722.0,,,6464.0,,,,,,,4100.0,,,,,,,
,,,,,,,393.0,,,6728.0,,,,,,,4172.0,,,,,,,
,,,,,,,406.0,,,7175.0,,,,,,,6464.0,,,,,,,
,,,,,,,500.0,,,1059.0,,,,,,,6728.0,,,,,,,
,,,,,,,507.0,,,2538.0,,,,,,,7175.0,,,,,,,
,,,,,,,765.0,,,2911.0,,,,,,,1059.0,,,,,,,
,,,,,,,886.0,,,3152.0,,,,,,,2538.0,,,,,,,
,,,,,,,902.0,,,3475.0,,,,,,,2911.0,,,,,,,
,,,,,,,920.0,,,4858.0,,,,,,,3152.0,,,,,,,
,,,,,,,938.0,,,5705.0,,,,,,,3475.0,,,,,,,
,,,,,,,1069.0,,,6565.0,,,,,,,4858.0,,,,,,,
,,,,,,,1277.0,,,7340.0,,,,,,,5705.0,,,,,,,
,,,,,,,1504.0,,,606.0,,,,,,,6565.0,,,,,,,
,,,,,,,1558.0,,,899.0,,,,,,,7340.0,,,,,,,
,,,,,,,1708.0,,,1430.0,,,,,,,606.0,,,,,,,
,,,,,,,1988.0,,,1431.0,,,,,,,899.0,,,,,,,
,,,,,,,2055.0,,,1489.0,,,,,,,1430.0,,,,,,,
,,,,,,,2060.0,,,1563.0,,,,,,,1431.0,,,,,,,
,,,,,,,2214.0,,,2049.0,,,,,,,1489.0,,,,,,,
,,,,,,,2258.0,,,2153.0,,,,,,,1563.0,,,,,,,
,,,,,,,2300.0,,,2407.0,,,,,,,2049.0,,,,,,,
,,,,,,,3045.0,,,2756.0,,,,,,,2153.0,,,,,,,
,,,,,,,3091.0,,,4165.0,,,,,,,2407.0,,,,,,,
,,,,,,,3094.0,,,4839.0,,,,,,,2756.0,,,,,,,
,,,,,,,3282.0,,,5052.0,,,,,,,4165.0,,,,,,,
,,,,,,,3309.0,,,5059.0,,,,,,,4839.0,,,,,,,
,,,,,,,3588.0,,,5061.0,,,,,,,5052.0,,,,,,,
,,,,,,,3807.0,,,6014.0,,,,,,,5059.0,,,,,,,
,,,,,,,3956.0,,,6024.0,,,,,,,5061.0,,,,,,,
,,,,,,,4086.0,,,6026.0,,,,,,,6014.0,,,,,,,
,,,,,,,4098.0,,,6031.0,,,,,,,6024.0,,,,,,,
,,,,,,,4166.0,,,6211.0,,,,,,,6026.0,,,,,,,
,,,,,,,4187.0,,,7654.0,,,,,,,6031.0,,,,,,,
,,,,,,,4626.0,,,7696.0,,,,,,,6058.0,,,,,,,
,,,,,,,4752.0,,,8075.0,,,,,,,6211.0,,,,,,,
,,,,,,,4886.0,,,800.0,,,,,,,7654.0,,,,,,,
,,,,,,,4889.0,,,7549.0,,,,,,,7696.0,,,,,,,
,,,,,,,4899.0,,,2768.0,,,,,,,8075.0,,,,,,,
,,,,,,,5717.0,,,5482.0,,,,,,,800.0,,,,,,,
,,,,,,,6007.0,,,6564.0,,,,,,,7549.0,,,,,,,
,,,,,,,6082.0,,,7500.0,,,,,,,2768.0,,,,,,,
,,,,,,,6149.0,,,8055.0,,,,,,,5482.0,,,,,,,
,,,,,,,6235.0,,,8726.0,,,,,,,6564.0,,,,,,,
,,,,,,,6238.0,,,9440.0,,,,,,,7500.0,,,,,,,
,,,,,,,6399.0,,,373.0,,,,,,,8055.0,,,,,,,
,,,,,,,6713.0,,,873.0,,,,,,,8726.0,,,,,,,
,,,,,,,6843.0,,,876.0,,,,,,,9440.0,,,,,,,
,,,,,,,6908.0,,,1212.0,,,,,,,373.0,,,,,,,
,,,,,,,7231.0,,,2599.0,,,,,,,873.0,,,,,,,
,,,,,,,7328.0,,,3207.0,,,,,,,876.0,,,,,,,
,,,,,,,7348.0,,,3309.0,,,,,,,1212.0,,,,,,,
,,,,,,,7362.0,,,3691.0,,,,,,,2599.0,,,,,,,
,,,,,,,7375.0,,,4326.0,,,,,,,3207.0,,,,,,,
,,,,,,,7436.0,,,5717.0,,,,,,,3309.0,,,,,,,
,,,,,,,7443.0,,,7156.0,,,,,,,3691.0,,,,,,,
,,,,,,,7446.0,,,8927.0,,,,,,,4326.0,,,,,,,
,,,,,,,7474.0,,,1692.0,,,,,,,5717.0,,,,,,,
,,,,,,,7511.0,,,2108.0,,,,,,,7156.0,,,,,,,
,,,,,,,7595.0,,,2125.0,,,,,,,8927.0,,,,,,,
,,,,,,,7688.0,,,2446.0,,,,,,,1692.0,,,,,,,
,,,,,,,7705.0,,,2659.0,,,,,,,2108.0,,,,,,,
,,,,,,,7718.0,,,3744.0,,,,,,,2125.0,,,,,,,
,,,,,,,7751.0,,,3777.0,,,,,,,2446.0,,,,,,,
,,,,,,,7919.0,,,3898.0,,,,,,,2659.0,,,,,,,
,,,,,,,7939.0,,,4203.0,,,,,,,2665.0,,,,,,,
,,,,,,,8135.0,,,1641.0,,,,,,,3744.0,,,,,,,
,,,,,,,8622.0,,,2905.0,,,,,,,3777.0,,,,,,,
,,,,,,,8699.0,,,4093.0,,,,,,,3898.0,,,,,,,
,,,,,,,8802.0,,,6721.0,,,,,,,4203.0,,,,,,,
,,,,,,,9054.0,,,465.0,,,,,,,1641.0,,,,,,,
,,,,,,,9249.0,,,576.0,,,,,,,2905.0,,,,,,,
,,,,,,,9252.0,,,892.0,,,,,,,4093.0,,,,,,,
,,,,,,,9333.0,,,1040.0,,,,,,,6721.0,,,,,,,
,,,,,,,9356.0,,,1277.0,,,,,,,465.0,,,,,,,
,,,,,,,9393.0,,,1357.0,,,,,,,576.0,,,,,,,
,,,,,,,9496.0,,,1362.0,,,,,,,892.0,,,,,,,
,,,,,,,9515.0,,,1627.0,,,,,,,1040.0,,,,,,,
,,,,,,,9682.0,,,1934.0,,,,,,,1277.0,,,,,,,
,,,,,,,9830.0,,,2165.0,,,,,,,1357.0,,,,,,,
,,,,,,,3341.0,,,2700.0,,,,,,,1362.0,,,,,,,
,,,,,,,3721.0,,,3719.0,,,,,,,1627.0,,,,,,,
,,,,,,,6992.0,,,3761.0,,,,,,,1934.0,,,,,,,
,,,,,,,7340.0,,,4108.0,,,,,,,2165.0,,,,,,,
,,,,,,,1377.0,,,4239.0,,,,,,,2700.0,,,,,,,
,,,,,,,2772.0,,,4248.0,,,,,,,3719.0,,,,,,,
,,,,,,,3387.0,,,4261.0,,,,,,,3761.0,,,,,,,
,,,,,,,3742.0,,,4673.0,,,,,,,4108.0,,,,,,,
,,,,,,,4622.0,,,4910.0,,,,,,,4239.0,,,,,,,
,,,,,,,7518.0,,,5123.0,,,,,,,4248.0,,,,,,,
,,,,,,,8613.0,,,6134.0,,,,,,,4261.0,,,,,,,
,,,,,,,8617.0,,,6178.0,,,,,,,4673.0,,,,,,,
,,,,,,,8759.0,,,6485.0,,,,,,,4910.0,,,,,,,
,,,,,,,8993.0,,,7013.0,,,,,,,5123.0,,,,,,,
,,,,,,,9375.0,,,7672.0,,,,,,,5124.0,,,,,,,
,,,,,,,9957.0,,,7686.0,,,,,,,6134.0,,,,,,,
,,,,,,,454.0,,,8760.0,,,,,,,6178.0,,,,,,,
,,,,,,,1520.0,,,2464.0,,,,,,,6485.0,,,,,,,
,,,,,,,2152.0,,,3229.0,,,,,,,7013.0,,,,,,,
,,,,,,,3021.0,,,3854.0,,,,,,,7672.0,,,,,,,
,,,,,,,3987.0,,,2421.0,,,,,,,7686.0,,,,,,,
,,,,,,,4392.0,,,3765.0,,,,,,,8760.0,,,,,,,
,,,,,,,5248.0,,,3794.0,,,,,,,2464.0,,,,,,,
,,,,,,,5730.0,,,7497.0,,,,,,,3229.0,,,,,,,
,,,,,,,6828.0,,,8739.0,,,,,,,3854.0,,,,,,,
,,,,,,,7099.0,,,9416.0,,,,,,,2421.0,,,,,,,
,,,,,,,7397.0,,,9431.0,,,,,,,3765.0,,,,,,,
,,,,,,,7438.0,,,286.0,,,,,,,3794.0,,,,,,,
,,,,,,,7663.0,,,1264.0,,,,,,,7497.0,,,,,,,
,,,,,,,7914.0,,,1838.0,,,,,,,8739.0,,,,,,,
,,,,,,,7920.0,,,3393.0,,,,,,,9416.0,,,,,,,
,,,,,,,8047.0,,,5109.0,,,,,,,9431.0,,,,,,,
,,,,,,,8683.0,,,5143.0,,,,,,,286.0,,,,,,,
,,,,,,,8825.0,,,6157.0,,,,,,,1264.0,,,,,,,
,,,,,,,9371.0,,,6617.0,,,,,,,1838.0,,,,,,,
,,,,,,,9734.0,,,7167.0,,,,,,,3393.0,,,,,,,
,,,,,,,719.0,,,7658.0,,,,,,,5109.0,,,,,,,
,,,,,,,941.0,,,9636.0,,,,,,,5143.0,,,,,,,
,,,,,,,1254.0,,,2091.0,,,,,,,6157.0,,,,,,,
,,,,,,,1497.0,,,3022.0,,,,,,,6617.0,,,,,,,
,,,,,,,2086.0,,,3711.0,,,,,,,7167.0,,,,,,,
,,,,,,,2097.0,,,3956.0,,,,,,,7658.0,,,,,,,
,,,,,,,2367.0,,,4196.0,,,,,,,9636.0,,,,,,,
,,,,,,,2388.0,,,4706.0,,,,,,,2091.0,,,,,,,
,,,,,,,2391.0,,,6517.0,,,,,,,3022.0,,,,,,,
,,,,,,,2397.0,,,7814.0,,,,,,,3711.0,,,,,,,
,,,,,,,2400.0,,,8052.0,,,,,,,3956.0,,,,,,,
,,,,,,,2861.0,,,670.0,,,,,,,4196.0,,,,,,,
,,,,,,,3051.0,,,1995.0,,,,,,,4706.0,,,,,,,
,,,,,,,3286.0,,,2325.0,,,,,,,6517.0,,,,,,,
,,,,,,,3758.0,,,2962.0,,,,,,,7814.0,,,,,,,
,,,,,,,3863.0,,,3323.0,,,,,,,8052.0,,,,,,,
,,,,,,,3983.0,,,5750.0,,,,,,,670.0,,,,,,,
,,,,,,,3995.0,,,692.0,,,,,,,1995.0,,,,,,,
,,,,,,,4477.0,,,2428.0,,,,,,,2325.0,,,,,,,
,,,,,,,4974.0,,,2629.0,,,,,,,2962.0,,,,,,,
,,,,,,,6157.0,,,2686.0,,,,,,,3323.0,,,,,,,
,,,,,,,6324.0,,,2741.0,,,,,,,5750.0,,,,,,,
,,,,,,,6665.0,,,3014.0,,,,,,,692.0,,,,,,,
,,,,,,,7431.0,,,3026.0,,,,,,,2428.0,,,,,,,
,,,,,,,7646.0,,,3031.0,,,,,,,2629.0,,,,,,,
,,,,,,,8450.0,,,3038.0,,,,,,,2686.0,,,,,,,
,,,,,,,8573.0,,,3056.0,,,,,,,2741.0,,,,,,,
,,,,,,,8826.0,,,3371.0,,,,,,,3014.0,,,,,,,
,,,,,,,9299.0,,,3747.0,,,,,,,3026.0,,,,,,,
,,,,,,,9302.0,,,3778.0,,,,,,,3031.0,,,,,,,
,,,,,,,9569.0,,,6044.0,,,,,,,3038.0,,,,,,,
,,,,,,,9574.0,,,6057.0,,,,,,,3371.0,,,,,,,
,,,,,,,9630.0,,,6079.0,,,,,,,3747.0,,,,,,,
,,,,,,,505.0,,,6486.0,,,,,,,3778.0,,,,,,,
,,,,,,,1525.0,,,7151.0,,,,,,,6044.0,,,,,,,
,,,,,,,1810.0,,,7155.0,,,,,,,6057.0,,,,,,,
,,,,,,,2040.0,,,8750.0,,,,,,,6079.0,,,,,,,
,,,,,,,3512.0,,,8758.0,,,,,,,6486.0,,,,,,,
,,,,,,,3592.0,,,9430.0,,,,,,,7114.0,,,,,,,
,,,,,,,6826.0,,,1745.0,,,,,,,7151.0,,,,,,,
,,,,,,,8038.0,,,2419.0,,,,,,,7155.0,,,,,,,
,,,,,,,9595.0,,,2774.0,,,,,,,8750.0,,,,,,,
,,,,,,,44.0,,,3369.0,,,,,,,8758.0,,,,,,,
,,,,,,,7549.0,,,4603.0,,,,,,,9430.0,,,,,,,
,,,,,,,9199.0,,,8765.0,,,,,,,1745.0,,,,,,,
,,,,,,,9423.0,,,794.0,,,,,,,2419.0,,,,,,,
,,,,,,,3073.0,,,1731.0,,,,,,,2774.0,,,,,,,
,,,,,,,3663.0,,,1993.0,,,,,,,3369.0,,,,,,,
,,,,,,,6011.0,,,2284.0,,,,,,,4603.0,,,,,,,
,,,,,,,8523.0,,,4801.0,,,,,,,8765.0,,,,,,,
,,,,,,,8726.0,,,820.0,,,,,,,794.0,,,,,,,
,,,,,,,1091.0,,,964.0,,,,,,,1731.0,,,,,,,
,,,,,,,1840.0,,,1221.0,,,,,,,1993.0,,,,,,,
,,,,,,,2104.0,,,1458.0,,,,,,,2284.0,,,,,,,
,,,,,,,2124.0,,,2545.0,,,,,,,4801.0,,,,,,,
,,,,,,,2202.0,,,3679.0,,,,,,,820.0,,,,,,,
,,,,,,,2436.0,,,6212.0,,,,,,,937.0,,,,,,,
,,,,,,,3083.0,,,8745.0,,,,,,,964.0,,,,,,,
,,,,,,,5240.0,,,1126.0,,,,,,,1221.0,,,,,,,
,,,,,,,5596.0,,,509.0,,,,,,,1458.0,,,,,,,
,,,,,,,6199.0,,,903.0,,,,,,,2545.0,,,,,,,
,,,,,,,7676.0,,,1521.0,,,,,,,3679.0,,,,,,,
,,,,,,,7691.0,,,1592.0,,,,,,,6212.0,,,,,,,
,,,,,,,7770.0,,,2008.0,,,,,,,8745.0,,,,,,,
,,,,,,,7953.0,,,2067.0,,,,,,,1126.0,,,,,,,
,,,,,,,7993.0,,,2618.0,,,,,,,509.0,,,,,,,
,,,,,,,8001.0,,,2879.0,,,,,,,903.0,,,,,,,
,,,,,,,8251.0,,,2930.0,,,,,,,1521.0,,,,,,,
,,,,,,,8452.0,,,6636.0,,,,,,,1592.0,,,,,,,
,,,,,,,8517.0,,,439.0,,,,,,,2008.0,,,,,,,
,,,,,,,8521.0,,,1354.0,,,,,,,2067.0,,,,,,,
,,,,,,,8544.0,,,2434.0,,,,,,,2618.0,,,,,,,
,,,,,,,8597.0,,,2624.0,,,,,,,2879.0,,,,,,,
,,,,,,,8640.0,,,2691.0,,,,,,,2930.0,,,,,,,
,,,,,,,8708.0,,,2743.0,,,,,,,6636.0,,,,,,,
,,,,,,,8816.0,,,3382.0,,,,,,,439.0,,,,,,,
,,,,,,,9437.0,,,4195.0,,,,,,,1354.0,,,,,,,
,,,,,,,9539.0,,,4207.0,,,,,,,2434.0,,,,,,,
,,,,,,,712.0,,,4681.0,,,,,,,2624.0,,,,,,,
,,,,,,,1251.0,,,6021.0,,,,,,,2691.0,,,,,,,
,,,,,,,1396.0,,,6072.0,,,,,,,2743.0,,,,,,,
,,,,,,,1507.0,,,7084.0,,,,,,,3382.0,,,,,,,
,,,,,,,1560.0,,,7096.0,,,,,,,4195.0,,,,,,,
,,,,,,,1804.0,,,8744.0,,,,,,,4681.0,,,,,,,
,,,,,,,2038.0,,,8751.0,,,,,,,6021.0,,,,,,,
,,,,,,,2632.0,,,9444.0,,,,,,,6072.0,,,,,,,
,,,,,,,3629.0,,,4593.0,,,,,,,7084.0,,,,,,,
,,,,,,,3779.0,,,987.0,,,,,,,7096.0,,,,,,,
,,,,,,,4548.0,,,1334.0,,,,,,,7106.0,,,,,,,
,,,,,,,4904.0,,,1350.0,,,,,,,8744.0,,,,,,,
,,,,,,,4914.0,,,1598.0,,,,,,,8751.0,,,,,,,
,,,,,,,4972.0,,,2077.0,,,,,,,9444.0,,,,,,,
,,,,,,,4981.0,,,2564.0,,,,,,,4593.0,,,,,,,
,,,,,,,5051.0,,,4094.0,,,,,,,984.0,,,,,,,
,,,,,,,5325.0,,,8793.0,,,,,,,987.0,,,,,,,
,,,,,,,5353.0,,,558.0,,,,,,,1334.0,,,,,,,
,,,,,,,5386.0,,,824.0,,,,,,,1350.0,,,,,,,
,,,,,,,5515.0,,,1463.0,,,,,,,1598.0,,,,,,,
,,,,,,,5577.0,,,2709.0,,,,,,,2077.0,,,,,,,
,,,,,,,5713.0,,,3568.0,,,,,,,2564.0,,,,,,,
,,,,,,,6270.0,,,4243.0,,,,,,,4094.0,,,,,,,
,,,,,,,6562.0,,,4755.0,,,,,,,8793.0,,,,,,,
,,,,,,,6971.0,,,5625.0,,,,,,,558.0,,,,,,,
,,,,,,,7388.0,,,6230.0,,,,,,,824.0,,,,,,,
,,,,,,,7591.0,,,3363.0,,,,,,,1463.0,,,,,,,
,,,,,,,7926.0,,,3798.0,,,,,,,2709.0,,,,,,,
,,,,,,,7932.0,,,4601.0,,,,,,,3568.0,,,,,,,
,,,,,,,7955.0,,,5551.0,,,,,,,4243.0,,,,,,,
,,,,,,,8549.0,,,877.0,,,,,,,4755.0,,,,,,,
,,,,,,,8602.0,,,1094.0,,,,,,,5625.0,,,,,,,
,,,,,,,8619.0,,,2341.0,,,,,,,6230.0,,,,,,,
,,,,,,,8710.0,,,2351.0,,,,,,,3363.0,,,,,,,
,,,,,,,9238.0,,,2581.0,,,,,,,3798.0,,,,,,,
,,,,,,,9275.0,,,2617.0,,,,,,,4601.0,,,,,,,
,,,,,,,9306.0,,,2954.0,,,,,,,5551.0,,,,,,,
,,,,,,,9505.0,,,3311.0,,,,,,,877.0,,,,,,,
,,,,,,,9613.0,,,4222.0,,,,,,,1094.0,,,,,,,
,,,,,,,9944.0,,,4333.0,,,,,,,2341.0,,,,,,,
,,,,,,,501.0,,,4401.0,,,,,,,2351.0,,,,,,,
,,,,,,,512.0,,,4516.0,,,,,,,2581.0,,,,,,,
,,,,,,,585.0,,,4644.0,,,,,,,2617.0,,,,,,,
,,,,,,,1057.0,,,4662.0,,,,,,,2954.0,,,,,,,
,,,,,,,1220.0,,,5255.0,,,,,,,3311.0,,,,,,,
,,,,,,,1572.0,,,6074.0,,,,,,,4222.0,,,,,,,
,,,,,,,4046.0,,,6131.0,,,,,,,4333.0,,,,,,,
,,,,,,,4154.0,,,7649.0,,,,,,,4401.0,,,,,,,
,,,,,,,4678.0,,,7665.0,,,,,,,4516.0,,,,,,,
,,,,,,,5336.0,,,8145.0,,,,,,,4644.0,,,,,,,
,,,,,,,6862.0,,,563.0,,,,,,,4662.0,,,,,,,
,,,,,,,9571.0,,,695.0,,,,,,,5255.0,,,,,,,
,,,,,,,6793.0,,,1571.0,,,,,,,6074.0,,,,,,,
,,,,,,,7294.0,,,1735.0,,,,,,,6131.0,,,,,,,
,,,,,,,5408.0,,,2381.0,,,,,,,7649.0,,,,,,,
,,,,,,,7510.0,,,2447.0,,,,,,,7665.0,,,,,,,
,,,,,,,9410.0,,,3028.0,,,,,,,8145.0,,,,,,,
,,,,,,,4631.0,,,3049.0,,,,,,,563.0,,,,,,,
,,,,,,,5454.0,,,4066.0,,,,,,,695.0,,,,,,,
,,,,,,,7009.0,,,4191.0,,,,,,,1571.0,,,,,,,
,,,,,,,7680.0,,,4205.0,,,,,,,1735.0,,,,,,,
,,,,,,,8658.0,,,5458.0,,,,,,,2381.0,,,,,,,
,,,,,,,9762.0,,,6840.0,,,,,,,2447.0,,,,,,,
,,,,,,,1490.0,,,8768.0,,,,,,,3028.0,,,,,,,
,,,,,,,2420.0,,,4596.0,,,,,,,3049.0,,,,,,,
,,,,,,,3898.0,,,796.0,,,,,,,4066.0,,,,,,,
,,,,,,,4191.0,,,1175.0,,,,,,,4191.0,,,,,,,
,,,,,,,4203.0,,,1214.0,,,,,,,5458.0,,,,,,,
,,,,,,,6225.0,,,1765.0,,,,,,,6840.0,,,,,,,
,,,,,,,6256.0,,,1782.0,,,,,,,8768.0,,,,,,,
,,,,,,,6362.0,,,1827.0,,,,,,,4596.0,,,,,,,
,,,,,,,7128.0,,,2314.0,,,,,,,796.0,,,,,,,
,,,,,,,7150.0,,,2614.0,,,,,,,1175.0,,,,,,,
,,,,,,,7229.0,,,2944.0,,,,,,,1214.0,,,,,,,
,,,,,,,7675.0,,,4829.0,,,,,,,1765.0,,,,,,,
,,,,,,,8045.0,,,7449.0,,,,,,,1782.0,,,,,,,
,,,,,,,8234.0,,,7478.0,,,,,,,1827.0,,,,,,,
,,,,,,,8558.0,,,7647.0,,,,,,,2314.0,,,,,,,
,,,,,,,8618.0,,,8080.0,,,,,,,2614.0,,,,,,,
,,,,,,,8695.0,,,8189.0,,,,,,,2944.0,,,,,,,
,,,,,,,9042.0,,,1152.0,,,,,,,4829.0,,,,,,,
,,,,,,,9254.0,,,1861.0,,,,,,,7449.0,,,,,,,
,,,,,,,9279.0,,,3678.0,,,,,,,7478.0,,,,,,,
,,,,,,,9303.0,,,7005.0,,,,,,,7647.0,,,,,,,
,,,,,,,9350.0,,,6998.0,,,,,,,8080.0,,,,,,,
,,,,,,,9544.0,,,1181.0,,,,,,,8189.0,,,,,,,
,,,,,,,9628.0,,,1383.0,,,,,,,1152.0,,,,,,,
,,,,,,,1073.0,,,5384.0,,,,,,,1861.0,,,,,,,
,,,,,,,1196.0,,,438.0,,,,,,,3678.0,,,,,,,
,,,,,,,1378.0,,,1090.0,,,,,,,7005.0,,,,,,,
,,,,,,,1392.0,,,2014.0,,,,,,,6998.0,,,,,,,
,,,,,,,1602.0,,,2046.0,,,,,,,1181.0,,,,,,,
,,,,,,,1932.0,,,2556.0,,,,,,,1383.0,,,,,,,
,,,,,,,1987.0,,,2703.0,,,,,,,5384.0,,,,,,,
,,,,,,,2045.0,,,2969.0,,,,,,,438.0,,,,,,,
,,,,,,,2073.0,,,3261.0,,,,,,,1090.0,,,,,,,
,,,,,,,2713.0,,,3660.0,,,,,,,2014.0,,,,,,,
,,,,,,,3552.0,,,3677.0,,,,,,,2046.0,,,,,,,
,,,,,,,3701.0,,,3689.0,,,,,,,2556.0,,,,,,,
,,,,,,,3831.0,,,4477.0,,,,,,,2703.0,,,,,,,
,,,,,,,4243.0,,,4634.0,,,,,,,2969.0,,,,,,,
,,,,,,,4307.0,,,4641.0,,,,,,,3261.0,,,,,,,
,,,,,,,4504.0,,,4742.0,,,,,,,3660.0,,,,,,,
,,,,,,,4533.0,,,5584.0,,,,,,,3677.0,,,,,,,
,,,,,,,4556.0,,,6085.0,,,,,,,3689.0,,,,,,,
,,,,,,,4839.0,,,6201.0,,,,,,,4477.0,,,,,,,
,,,,,,,5625.0,,,9495.0,,,,,,,4634.0,,,,,,,
,,,,,,,5827.0,,,1740.0,,,,,,,4641.0,,,,,,,
,,,,,,,5885.0,,,2199.0,,,,,,,4742.0,,,,,,,
,,,,,,,6211.0,,,7111.0,,,,,,,5584.0,,,,,,,
,,,,,,,6320.0,,,7219.0,,,,,,,6085.0,,,,,,,
,,,,,,,6381.0,,,135.0,,,,,,,6201.0,,,,,,,
,,,,,,,6388.0,,,231.0,,,,,,,9495.0,,,,,,,
,,,,,,,6538.0,,,501.0,,,,,,,1740.0,,,,,,,
,,,,,,,6773.0,,,512.0,,,,,,,2199.0,,,,,,,
,,,,,,,7786.0,,,967.0,,,,,,,7111.0,,,,,,,
,,,,,,,8529.0,,,1297.0,,,,,,,7219.0,,,,,,,
,,,,,,,8574.0,,,1319.0,,,,,,,135.0,,,,,,,
,,,,,,,9070.0,,,1343.0,,,,,,,231.0,,,,,,,
,,,,,,,9708.0,,,1389.0,,,,,,,501.0,,,,,,,
,,,,,,,435.0,,,1576.0,,,,,,,512.0,,,,,,,
,,,,,,,780.0,,,1577.0,,,,,,,967.0,,,,,,,
,,,,,,,786.0,,,1694.0,,,,,,,1297.0,,,,,,,
,,,,,,,969.0,,,1756.0,,,,,,,1319.0,,,,,,,
,,,,,,,1222.0,,,1800.0,,,,,,,1343.0,,,,,,,
,,,,,,,1296.0,,,1872.0,,,,,,,1389.0,,,,,,,
,,,,,,,1822.0,,,2010.0,,,,,,,1576.0,,,,,,,
,,,,,,,2042.0,,,2298.0,,,,,,,1577.0,,,,,,,
,,,,,,,2463.0,,,2320.0,,,,,,,1694.0,,,,,,,
,,,,,,,2809.0,,,2755.0,,,,,,,1756.0,,,,,,,
,,,,,,,2872.0,,,2942.0,,,,,,,1800.0,,,,,,,
,,,,,,,2879.0,,,3527.0,,,,,,,1872.0,,,,,,,
,,,,,,,3900.0,,,3979.0,,,,,,,2010.0,,,,,,,
,,,,,,,4054.0,,,4036.0,,,,,,,2298.0,,,,,,,
,,,,,,,4291.0,,,4421.0,,,,,,,2320.0,,,,,,,
,,,,,,,5420.0,,,5495.0,,,,,,,2755.0,,,,,,,
,,,,,,,6806.0,,,5553.0,,,,,,,2942.0,,,,,,,
,,,,,,,6834.0,,,5641.0,,,,,,,3527.0,,,,,,,
,,,,,,,6841.0,,,5755.0,,,,,,,3979.0,,,,,,,
,,,,,,,7444.0,,,6110.0,,,,,,,4036.0,,,,,,,
,,,,,,,7484.0,,,6473.0,,,,,,,4421.0,,,,,,,
,,,,,,,7908.0,,,6626.0,,,,,,,5495.0,,,,,,,
,,,,,,,7962.0,,,6646.0,,,,,,,5553.0,,,,,,,
,,,,,,,8691.0,,,8795.0,,,,,,,5641.0,,,,,,,
,,,,,,,8886.0,,,9000.0,,,,,,,5755.0,,,,,,,
,,,,,,,9676.0,,,9211.0,,,,,,,6110.0,,,,,,,
,,,,,,,57.0,,,914.0,,,,,,,6473.0,,,,,,,
,,,,,,,5004.0,,,3060.0,,,,,,,6626.0,,,,,,,
,,,,,,,5899.0,,,4725.0,,,,,,,6646.0,,,,,,,
,,,,,,,6407.0,,,6033.0,,,,,,,8795.0,,,,,,,
,,,,,,,6856.0,,,6037.0,,,,,,,9000.0,,,,,,,
,,,,,,,7476.0,,,7487.0,,,,,,,9211.0,,,,,,,
,,,,,,,8018.0,,,7518.0,,,,,,,914.0,,,,,,,
,,,,,,,8598.0,,,7810.0,,,,,,,3060.0,,,,,,,
,,,,,,,3079.0,,,8657.0,,,,,,,4725.0,,,,,,,
,,,,,,,7673.0,,,9415.0,,,,,,,6033.0,,,,,,,
,,,,,,,8020.0,,,9709.0,,,,,,,6037.0,,,,,,,
,,,,,,,8074.0,,,9732.0,,,,,,,7487.0,,,,,,,
,,,,,,,8682.0,,,1074.0,,,,,,,7518.0,,,,,,,
,,,,,,,2158.0,,,1100.0,,,,,,,7810.0,,,,,,,
,,,,,,,2775.0,,,1860.0,,,,,,,8657.0,,,,,,,
,,,,,,,5345.0,,,1911.0,,,,,,,9415.0,,,,,,,
,,,,,,,6624.0,,,2364.0,,,,,,,9709.0,,,,,,,
,,,,,,,6642.0,,,2559.0,,,,,,,9732.0,,,,,,,
,,,,,,,7141.0,,,2764.0,,,,,,,1074.0,,,,,,,
,,,,,,,8568.0,,,2937.0,,,,,,,1100.0,,,,,,,
,,,,,,,8632.0,,,4264.0,,,,,,,1860.0,,,,,,,
,,,,,,,8743.0,,,4914.0,,,,,,,1911.0,,,,,,,
,,,,,,,9379.0,,,5585.0,,,,,,,2364.0,,,,,,,
,,,,,,,9582.0,,,6999.0,,,,,,,2559.0,,,,,,,
,,,,,,,1040.0,,,7679.0,,,,,,,2764.0,,,,,,,
,,,,,,,1089.0,,,8831.0,,,,,,,2937.0,,,,,,,
,,,,,,,1156.0,,,8971.0,,,,,,,4264.0,,,,,,,
,,,,,,,1880.0,,,57.0,,,,,,,4914.0,,,,,,,
,,,,,,,2135.0,,,1021.0,,,,,,,5585.0,,,,,,,
,,,,,,,2157.0,,,1530.0,,,,,,,6999.0,,,,,,,
,,,,,,,2642.0,,,2572.0,,,,,,,7679.0,,,,,,,
,,,,,,,3117.0,,,3150.0,,,,,,,8831.0,,,,,,,
,,,,,,,3356.0,,,4318.0,,,,,,,8971.0,,,,,,,
,,,,,,,3717.0,,,7379.0,,,,,,,57.0,,,,,,,
,,,,,,,3723.0,,,2778.0,,,,,,,1021.0,,,,,,,
,,,,,,,3761.0,,,4173.0,,,,,,,1530.0,,,,,,,
,,,,,,,3981.0,,,6905.0,,,,,,,2572.0,,,,,,,
,,,,,,,5131.0,,,849.0,,,,,,,3150.0,,,,,,,
,,,,,,,5152.0,,,1092.0,,,,,,,4318.0,,,,,,,
,,,,,,,5409.0,,,1947.0,,,,,,,7379.0,,,,,,,
,,,,,,,5522.0,,,2106.0,,,,,,,2778.0,,,,,,,
,,,,,,,5634.0,,,3372.0,,,,,,,4173.0,,,,,,,
,,,,,,,5711.0,,,3649.0,,,,,,,6905.0,,,,,,,
,,,,,,,5862.0,,,3755.0,,,,,,,849.0,,,,,,,
,,,,,,,6025.0,,,3963.0,,,,,,,1092.0,,,,,,,
,,,,,,,6069.0,,,5046.0,,,,,,,1947.0,,,,,,,
,,,,,,,6755.0,,,6094.0,,,,,,,2106.0,,,,,,,
,,,,,,,6883.0,,,7645.0,,,,,,,3372.0,,,,,,,
,,,,,,,7157.0,,,9703.0,,,,,,,3649.0,,,,,,,
,,,,,,,7457.0,,,235.0,,,,,,,3755.0,,,,,,,
,,,,,,,8087.0,,,294.0,,,,,,,3963.0,,,,,,,
,,,,,,,8203.0,,,368.0,,,,,,,5046.0,,,,,,,
,,,,,,,8269.0,,,391.0,,,,,,,6094.0,,,,,,,
,,,,,,,8760.0,,,624.0,,,,,,,7645.0,,,,,,,
,,,,,,,8953.0,,,969.0,,,,,,,9703.0,,,,,,,
,,,,,,,9213.0,,,1176.0,,,,,,,235.0,,,,,,,
,,,,,,,9243.0,,,1296.0,,,,,,,294.0,,,,,,,
,,,,,,,9250.0,,,1492.0,,,,,,,368.0,,,,,,,
,,,,,,,9278.0,,,1790.0,,,,,,,391.0,,,,,,,
,,,,,,,9338.0,,,2109.0,,,,,,,624.0,,,,,,,
,,,,,,,9577.0,,,2131.0,,,,,,,969.0,,,,,,,
,,,,,,,9706.0,,,2971.0,,,,,,,1176.0,,,,,,,
,,,,,,,9936.0,,,3256.0,,,,,,,1296.0,,,,,,,
,,,,,,,9950.0,,,3310.0,,,,,,,1492.0,,,,,,,
,,,,,,,136.0,,,3330.0,,,,,,,1790.0,,,,,,,
,,,,,,,632.0,,,4242.0,,,,,,,2109.0,,,,,,,
,,,,,,,718.0,,,4368.0,,,,,,,2131.0,,,,,,,
,,,,,,,779.0,,,4449.0,,,,,,,2971.0,,,,,,,
,,,,,,,793.0,,,4718.0,,,,,,,3256.0,,,,,,,
,,,,,,,874.0,,,4866.0,,,,,,,3310.0,,,,,,,
,,,,,,,952.0,,,5098.0,,,,,,,3330.0,,,,,,,
,,,,,,,1302.0,,,5108.0,,,,,,,4242.0,,,,,,,
,,,,,,,1315.0,,,5121.0,,,,,,,4368.0,,,,,,,
,,,,,,,1400.0,,,5133.0,,,,,,,4449.0,,,,,,,
,,,,,,,1814.0,,,5181.0,,,,,,,4718.0,,,,,,,
,,,,,,,1875.0,,,5207.0,,,,,,,4866.0,,,,,,,
,,,,,,,2475.0,,,5658.0,,,,,,,5098.0,,,,,,,
,,,,,,,2840.0,,,6106.0,,,,,,,5108.0,,,,,,,
,,,,,,,2994.0,,,6649.0,,,,,,,5121.0,,,,,,,
,,,,,,,3337.0,,,6714.0,,,,,,,5133.0,,,,,,,
,,,,,,,3399.0,,,7648.0,,,,,,,5181.0,,,,,,,
,,,,,,,3401.0,,,8712.0,,,,,,,5207.0,,,,,,,
,,,,,,,3951.0,,,8735.0,,,,,,,5658.0,,,,,,,
,,,,,,,4803.0,,,8981.0,,,,,,,6106.0,,,,,,,
,,,,,,,4951.0,,,9003.0,,,,,,,6649.0,,,,,,,
,,,,,,,5361.0,,,1427.0,,,,,,,6714.0,,,,,,,
,,,,,,,5783.0,,,2763.0,,,,,,,7648.0,,,,,,,
,,,,,,,5821.0,,,3776.0,,,,,,,8712.0,,,,,,,
,,,,,,,5834.0,,,5128.0,,,,,,,8735.0,,,,,,,
,,,,,,,6956.0,,,6011.0,,,,,,,8981.0,,,,,,,
,,,,,,,7420.0,,,8594.0,,,,,,,9003.0,,,,,,,
,,,,,,,9208.0,,,9479.0,,,,,,,1427.0,,,,,,,
,,,,,,,9474.0,,,9914.0,,,,,,,2763.0,,,,,,,
,,,,,,,9648.0,,,451.0,,,,,,,3776.0,,,,,,,
,,,,,,,1.0,,,758.0,,,,,,,5128.0,,,,,,,
,,,,,,,108.0,,,1073.0,,,,,,,6011.0,,,,,,,
,,,,,,,112.0,,,1378.0,,,,,,,8594.0,,,,,,,
,,,,,,,116.0,,,1987.0,,,,,,,9479.0,,,,,,,
,,,,,,,5908.0,,,2023.0,,,,,,,9914.0,,,,,,,
,,,,,,,6363.0,,,2068.0,,,,,,,451.0,,,,,,,
,,,,,,,8836.0,,,2558.0,,,,,,,758.0,,,,,,,
,,,,,,,8926.0,,,2750.0,,,,,,,1073.0,,,,,,,
,,,,,,,9324.0,,,2765.0,,,,,,,1378.0,,,,,,,
,,,,,,,827.0,,,3653.0,,,,,,,1987.0,,,,,,,
,,,,,,,2444.0,,,3656.0,,,,,,,2023.0,,,,,,,
,,,,,,,3069.0,,,4648.0,,,,,,,2068.0,,,,,,,
,,,,,,,4245.0,,,5766.0,,,,,,,2558.0,,,,,,,
,,,,,,,8040.0,,,6207.0,,,,,,,2750.0,,,,,,,
,,,,,,,4651.0,,,6991.0,,,,,,,2765.0,,,,,,,
,,,,,,,7487.0,,,6993.0,,,,,,,3653.0,,,,,,,
,,,,,,,8755.0,,,7501.0,,,,,,,3656.0,,,,,,,
,,,,,,,8934.0,,,112.0,,,,,,,4648.0,,,,,,,
,,,,,,,9366.0,,,187.0,,,,,,,5766.0,,,,,,,
,,,,,,,9462.0,,,393.0,,,,,,,6207.0,,,,,,,
,,,,,,,711.0,,,406.0,,,,,,,6991.0,,,,,,,
,,,,,,,1364.0,,,1379.0,,,,,,,6993.0,,,,,,,
,,,,,,,1670.0,,,1541.0,,,,,,,7501.0,,,,,,,
,,,,,,,2204.0,,,1778.0,,,,,,,112.0,,,,,,,
,,,,,,,2424.0,,,2565.0,,,,,,,187.0,,,,,,,
,,,,,,,2634.0,,,3114.0,,,,,,,393.0,,,,,,,
,,,,,,,2725.0,,,8166.0,,,,,,,406.0,,,,,,,
,,,,,,,3013.0,,,8836.0,,,,,,,1379.0,,,,,,,
,,,,,,,3014.0,,,2779.0,,,,,,,1541.0,,,,,,,
,,,,,,,3035.0,,,309.0,,,,,,,1778.0,,,,,,,
,,,,,,,3747.0,,,1010.0,,,,,,,2565.0,,,,,,,
,,,,,,,3772.0,,,1555.0,,,,,,,3114.0,,,,,,,
,,,,,,,4063.0,,,1916.0,,,,,,,8166.0,,,,,,,
,,,,,,,4671.0,,,2426.0,,,,,,,8836.0,,,,,,,
,,,,,,,5289.0,,,4730.0,,,,,,,2779.0,,,,,,,
,,,,,,,5565.0,,,6041.0,,,,,,,309.0,,,,,,,
,,,,,,,5743.0,,,7506.0,,,,,,,1010.0,,,,,,,
,,,,,,,6088.0,,,8238.0,,,,,,,1555.0,,,,,,,
,,,,,,,6327.0,,,136.0,,,,,,,1916.0,,,,,,,
,,,,,,,6360.0,,,237.0,,,,,,,2426.0,,,,,,,
,,,,,,,6502.0,,,403.0,,,,,,,4730.0,,,,,,,
,,,,,,,6746.0,,,481.0,,,,,,,6041.0,,,,,,,
,,,,,,,6762.0,,,500.0,,,,,,,7506.0,,,,,,,
,,,,,,,6807.0,,,507.0,,,,,,,8238.0,,,,,,,
,,,,,,,7135.0,,,634.0,,,,,,,136.0,,,,,,,
,,,,,,,7155.0,,,718.0,,,,,,,237.0,,,,,,,
,,,,,,,7422.0,,,763.0,,,,,,,403.0,,,,,,,
,,,,,,,7642.0,,,775.0,,,,,,,481.0,,,,,,,
,,,,,,,8514.0,,,938.0,,,,,,,500.0,,,,,,,
,,,,,,,8615.0,,,952.0,,,,,,,507.0,,,,,,,
,,,,,,,8639.0,,,966.0,,,,,,,634.0,,,,,,,
,,,,,,,8675.0,,,1097.0,,,,,,,718.0,,,,,,,
,,,,,,,8824.0,,,1315.0,,,,,,,763.0,,,,,,,
,,,,,,,8855.0,,,1329.0,,,,,,,775.0,,,,,,,
,,,,,,,9029.0,,,1386.0,,,,,,,938.0,,,,,,,
,,,,,,,9039.0,,,1493.0,,,,,,,952.0,,,,,,,
,,,,,,,9251.0,,,1499.0,,,,,,,966.0,,,,,,,
,,,,,,,9367.0,,,1504.0,,,,,,,1097.0,,,,,,,
,,,,,,,9376.0,,,1508.0,,,,,,,1315.0,,,,,,,
,,,,,,,472.0,,,1512.0,,,,,,,1329.0,,,,,,,
,,,,,,,552.0,,,1573.0,,,,,,,1386.0,,,,,,,
,,,,,,,1090.0,,,1763.0,,,,,,,1493.0,,,,,,,
,,,,,,,1257.0,,,1889.0,,,,,,,1499.0,,,,,,,
,,,,,,,1280.0,,,1928.0,,,,,,,1504.0,,,,,,,
,,,,,,,1303.0,,,2001.0,,,,,,,1508.0,,,,,,,
,,,,,,,1398.0,,,2978.0,,,,,,,1512.0,,,,,,,
,,,,,,,1681.0,,,3030.0,,,,,,,1573.0,,,,,,,
,,,,,,,1683.0,,,3045.0,,,,,,,1763.0,,,,,,,
,,,,,,,1690.0,,,3223.0,,,,,,,1889.0,,,,,,,
,,,,,,,2064.0,,,3892.0,,,,,,,1928.0,,,,,,,
,,,,,,,2129.0,,,4025.0,,,,,,,2001.0,,,,,,,
,,,,,,,2159.0,,,4323.0,,,,,,,2978.0,,,,,,,
,,,,,,,2323.0,,,4424.0,,,,,,,3030.0,,,,,,,
,,,,,,,2327.0,,,4664.0,,,,,,,3045.0,,,,,,,
,,,,,,,2412.0,,,5134.0,,,,,,,3223.0,,,,,,,
,,,,,,,2758.0,,,6136.0,,,,,,,3892.0,,,,,,,
,,,,,,,3171.0,,,6167.0,,,,,,,4025.0,,,,,,,
,,,,,,,3414.0,,,6205.0,,,,,,,4323.0,,,,,,,
,,,,,,,4116.0,,,6558.0,,,,,,,4424.0,,,,,,,
,,,,,,,4136.0,,,7148.0,,,,,,,4664.0,,,,,,,
,,,,,,,5105.0,,,7690.0,,,,,,,5134.0,,,,,,,
,,,,,,,5109.0,,,7768.0,,,,,,,6136.0,,,,,,,
,,,,,,,5321.0,,,8499.0,,,,,,,6167.0,,,,,,,
,,,,,,,5363.0,,,9474.0,,,,,,,6205.0,,,,,,,
,,,,,,,5808.0,,,9527.0,,,,,,,6558.0,,,,,,,
,,,,,,,6817.0,,,44.0,,,,,,,7148.0,,,,,,,
,,,,,,,6865.0,,,672.0,,,,,,,7690.0,,,,,,,
,,,,,,,6881.0,,,2695.0,,,,,,,7768.0,,,,,,,
,,,,,,,7374.0,,,3391.0,,,,,,,8499.0,,,,,,,
,,,,,,,7425.0,,,4608.0,,,,,,,9474.0,,,,,,,
,,,,,,,7429.0,,,4614.0,,,,,,,9527.0,,,,,,,
,,,,,,,7608.0,,,4631.0,,,,,,,44.0,,,,,,,
,,,,,,,7959.0,,,5454.0,,,,,,,672.0,,,,,,,
,,,,,,,8032.0,,,6005.0,,,,,,,2695.0,,,,,,,
,,,,,,,8169.0,,,6006.0,,,,,,,3391.0,,,,,,,
,,,,,,,8178.0,,,6979.0,,,,,,,4608.0,,,,,,,
,,,,,,,8567.0,,,7009.0,,,,,,,4614.0,,,,,,,
,,,,,,,8703.0,,,7014.0,,,,,,,4631.0,,,,,,,
,,,,,,,9674.0,,,8693.0,,,,,,,5454.0,,,,,,,
,,,,,,,9862.0,,,9197.0,,,,,,,6005.0,,,,,,,
,,,,,,,9906.0,,,9441.0,,,,,,,6006.0,,,,,,,
,,,,,,,9923.0,,,1089.0,,,,,,,6979.0,,,,,,,
,,,,,,,483.0,,,2069.0,,,,,,,7009.0,,,,,,,
,,,,,,,521.0,,,2585.0,,,,,,,7014.0,,,,,,,
,,,,,,,1148.0,,,2766.0,,,,,,,8693.0,,,,,,,
,,,,,,,1338.0,,,3754.0,,,,,,,9197.0,,,,,,,
,,,,,,,2281.0,,,4241.0,,,,,,,9441.0,,,,,,,
,,,,,,,4580.0,,,5152.0,,,,,,,1089.0,,,,,,,
,,,,,,,4988.0,,,5711.0,,,,,,,2069.0,,,,,,,
,,,,,,,5018.0,,,9048.0,,,,,,,2585.0,,,,,,,
,,,,,,,5883.0,,,186.0,,,,,,,2766.0,,,,,,,
,,,,,,,6389.0,,,232.0,,,,,,,3754.0,,,,,,,
,,,,,,,7421.0,,,322.0,,,,,,,4241.0,,,,,,,
,,,,,,,8189.0,,,348.0,,,,,,,5152.0,,,,,,,
,,,,,,,8919.0,,,534.0,,,,,,,5711.0,,,,,,,
,,,,,,,9358.0,,,925.0,,,,,,,9048.0,,,,,,,
,,,,,,,148.0,,,2806.0,,,,,,,186.0,,,,,,,
,,,,,,,675.0,,,3234.0,,,,,,,232.0,,,,,,,
,,,,,,,1184.0,,,7558.0,,,,,,,322.0,,,,,,,
,,,,,,,6894.0,,,8484.0,,,,,,,348.0,,,,,,,
,,,,,,,2455.0,,,4053.0,,,,,,,534.0,,,,,,,
,,,,,,,2767.0,,,807.0,,,,,,,925.0,,,,,,,
,,,,,,,7809.0,,,1236.0,,,,,,,2806.0,,,,,,,
,,,,,,,8256.0,,,1503.0,,,,,,,3234.0,,,,,,,
,,,,,,,8447.0,,,2422.0,,,,,,,7558.0,,,,,,,
,,,,,,,8730.0,,,3040.0,,,,,,,8484.0,,,,,,,
,,,,,,,1367.0,,,3379.0,,,,,,,4053.0,,,,,,,
,,,,,,,1375.0,,,3769.0,,,,,,,807.0,,,,,,,
,,,,,,,1677.0,,,3780.0,,,,,,,1236.0,,,,,,,
,,,,,,,1707.0,,,7513.0,,,,,,,1503.0,,,,,,,
,,,,,,,2087.0,,,8271.0,,,,,,,2422.0,,,,,,,
,,,,,,,2339.0,,,713.0,,,,,,,3040.0,,,,,,,
,,,,,,,2624.0,,,719.0,,,,,,,3379.0,,,,,,,
,,,,,,,3375.0,,,941.0,,,,,,,3769.0,,,,,,,
,,,,,,,3382.0,,,1085.0,,,,,,,3780.0,,,,,,,
,,,,,,,4044.0,,,1178.0,,,,,,,7513.0,,,,,,,
,,,,,,,4171.0,,,1307.0,,,,,,,8271.0,,,,,,,
,,,,,,,4172.0,,,1696.0,,,,,,,713.0,,,,,,,
,,,,,,,4207.0,,,1734.0,,,,,,,719.0,,,,,,,
,,,,,,,4890.0,,,1769.0,,,,,,,941.0,,,,,,,
,,,,,,,5149.0,,,1906.0,,,,,,,1085.0,,,,,,,
,,,,,,,5268.0,,,1908.0,,,,,,,1178.0,,,,,,,
,,,,,,,5654.0,,,2097.0,,,,,,,1307.0,,,,,,,
,,,,,,,6039.0,,,2138.0,,,,,,,1696.0,,,,,,,
,,,,,,,6237.0,,,2696.0,,,,,,,1734.0,,,,,,,
,,,,,,,6372.0,,,2758.0,,,,,,,1769.0,,,,,,,
,,,,,,,6549.0,,,2941.0,,,,,,,1906.0,,,,,,,
,,,,,,,6610.0,,,3077.0,,,,,,,1908.0,,,,,,,
,,,,,,,6728.0,,,3758.0,,,,,,,2097.0,,,,,,,
,,,,,,,7263.0,,,4116.0,,,,,,,2138.0,,,,,,,
,,,,,,,7322.0,,,4865.0,,,,,,,2696.0,,,,,,,
,,,,,,,7655.0,,,4887.0,,,,,,,2758.0,,,,,,,
,,,,,,,8004.0,,,4917.0,,,,,,,2941.0,,,,,,,
,,,,,,,8431.0,,,6223.0,,,,,,,3077.0,,,,,,,
,,,,,,,8465.0,,,6313.0,,,,,,,3758.0,,,,,,,
,,,,,,,8479.0,,,6633.0,,,,,,,4116.0,,,,,,,
,,,,,,,8616.0,,,7163.0,,,,,,,4865.0,,,,,,,
,,,,,,,8757.0,,,7196.0,,,,,,,4887.0,,,,,,,
,,,,,,,9295.0,,,7678.0,,,,,,,4917.0,,,,,,,
,,,,,,,9432.0,,,7779.0,,,,,,,6223.0,,,,,,,
,,,,,,,9703.0,,,7844.0,,,,,,,6313.0,,,,,,,
,,,,,,,9921.0,,,8402.0,,,,,,,6633.0,,,,,,,
,,,,,,,470.0,,,8493.0,,,,,,,7163.0,,,,,,,
,,,,,,,1071.0,,,9433.0,,,,,,,7196.0,,,,,,,
,,,,,,,1074.0,,,9674.0,,,,,,,7678.0,,,,,,,
,,,,,,,1159.0,,,2888.0,,,,,,,7779.0,,,,,,,
,,,,,,,1169.0,,,5881.0,,,,,,,7844.0,,,,,,,
,,,,,,,1170.0,,,5888.0,,,,,,,8402.0,,,,,,,
,,,,,,,1202.0,,,6793.0,,,,,,,8493.0,,,,,,,
,,,,,,,1502.0,,,4181.0,,,,,,,9433.0,,,,,,,
,,,,,,,1706.0,,,4187.0,,,,,,,9674.0,,,,,,,
,,,,,,,1911.0,,,6908.0,,,,,,,2888.0,,,,,,,
,,,,,,,1919.0,,,6913.0,,,,,,,5881.0,,,,,,,
,,,,,,,2103.0,,,8682.0,,,,,,,5888.0,,,,,,,
,,,,,,,2117.0,,,454.0,,,,,,,6793.0,,,,,,,
,,,,,,,2640.0,,,961.0,,,,,,,4181.0,,,,,,,
,,,,,,,2754.0,,,3076.0,,,,,,,6908.0,,,,,,,
,,,,,,,3752.0,,,3652.0,,,,,,,8682.0,,,,,,,
,,,,,,,4021.0,,,3692.0,,,,,,,454.0,,,,,,,
,,,,,,,4124.0,,,3753.0,,,,,,,961.0,,,,,,,
,,,,,,,4148.0,,,4649.0,,,,,,,3076.0,,,,,,,
,,,,,,,4299.0,,,5563.0,,,,,,,3652.0,,,,,,,
,,,,,,,4460.0,,,6190.0,,,,,,,3692.0,,,,,,,
,,,,,,,4557.0,,,8965.0,,,,,,,3753.0,,,,,,,
,,,,,,,4639.0,,,427.0,,,,,,,4649.0,,,,,,,
,,,,,,,5392.0,,,585.0,,,,,,,5563.0,,,,,,,
,,,,,,,5814.0,,,616.0,,,,,,,6190.0,,,,,,,
,,,,,,,5882.0,,,646.0,,,,,,,8965.0,,,,,,,
,,,,,,,5897.0,,,870.0,,,,,,,427.0,,,,,,,
,,,,,,,5903.0,,,871.0,,,,,,,585.0,,,,,,,
,,,,,,,7448.0,,,946.0,,,,,,,616.0,,,,,,,
,,,,,,,8086.0,,,2058.0,,,,,,,646.0,,,,,,,
,,,,,,,8564.0,,,3515.0,,,,,,,870.0,,,,,,,
,,,,,,,8880.0,,,3889.0,,,,,,,871.0,,,,,,,
,,,,,,,9165.0,,,4955.0,,,,,,,946.0,,,,,,,
,,,,,,,9245.0,,,5159.0,,,,,,,2058.0,,,,,,,
,,,,,,,9266.0,,,5619.0,,,,,,,3515.0,,,,,,,
,,,,,,,9329.0,,,7255.0,,,,,,,3889.0,,,,,,,
,,,,,,,9575.0,,,1242.0,,,,,,,4955.0,,,,,,,
,,,,,,,9649.0,,,2988.0,,,,,,,5159.0,,,,,,,
,,,,,,,9859.0,,,3783.0,,,,,,,5619.0,,,,,,,
,,,,,,,9951.0,,,8063.0,,,,,,,7255.0,,,,,,,
,,,,,,,55.0,,,154.0,,,,,,,1242.0,,,,,,,
,,,,,,,135.0,,,470.0,,,,,,,2988.0,,,,,,,
,,,,,,,271.0,,,712.0,,,,,,,3783.0,,,,,,,
,,,,,,,288.0,,,749.0,,,,,,,8063.0,,,,,,,
,,,,,,,427.0,,,1078.0,,,,,,,154.0,,,,,,,
,,,,,,,1343.0,,,1170.0,,,,,,,470.0,,,,,,,
,,,,,,,1407.0,,,1203.0,,,,,,,712.0,,,,,,,
,,,,,,,2500.0,,,1204.0,,,,,,,749.0,,,,,,,
,,,,,,,4955.0,,,1408.0,,,,,,,1078.0,,,,,,,
,,,,,,,7405.0,,,1416.0,,,,,,,1170.0,,,,,,,
,,,,,,,7915.0,,,1506.0,,,,,,,1203.0,,,,,,,
,,,,,,,8029.0,,,1560.0,,,,,,,1204.0,,,,,,,
,,,,,,,9256.0,,,1564.0,,,,,,,1408.0,,,,,,,
,,,,,,,2.0,,,1746.0,,,,,,,1416.0,,,,,,,
,,,,,,,239.0,,,1758.0,,,,,,,1506.0,,,,,,,
,,,,,,,972.0,,,1929.0,,,,,,,1560.0,,,,,,,
,,,,,,,1181.0,,,2031.0,,,,,,,1564.0,,,,,,,
,,,,,,,5906.0,,,2164.0,,,,,,,1746.0,,,,,,,
,,,,,,,6402.0,,,2427.0,,,,,,,1758.0,,,,,,,
,,,,,,,7390.0,,,2437.0,,,,,,,1929.0,,,,,,,
,,,,,,,8872.0,,,2657.0,,,,,,,2031.0,,,,,,,
,,,,,,,8923.0,,,2728.0,,,,,,,2164.0,,,,,,,
,,,,,,,3810.0,,,2744.0,,,,,,,2427.0,,,,,,,
,,,,,,,5985.0,,,2931.0,,,,,,,2437.0,,,,,,,
,,,,,,,6471.0,,,3048.0,,,,,,,2657.0,,,,,,,
,,,,,,,7014.0,,,3726.0,,,,,,,2728.0,,,,,,,
,,,,,,,7666.0,,,4926.0,,,,,,,2744.0,,,,,,,
,,,,,,,8693.0,,,5051.0,,,,,,,2931.0,,,,,,,
,,,,,,,9197.0,,,6096.0,,,,,,,3048.0,,,,,,,
,,,,,,,1884.0,,,6124.0,,,,,,,3726.0,,,,,,,
,,,,,,,3020.0,,,6318.0,,,,,,,4926.0,,,,,,,
,,,,,,,3768.0,,,7212.0,,,,,,,5051.0,,,,,,,
,,,,,,,3970.0,,,7253.0,,,,,,,6096.0,,,,,,,
,,,,,,,5327.0,,,7324.0,,,,,,,6124.0,,,,,,,
,,,,,,,6120.0,,,7697.0,,,,,,,6318.0,,,,,,,
,,,,,,,6265.0,,,7870.0,,,,,,,7212.0,,,,,,,
,,,,,,,6749.0,,,8549.0,,,,,,,7253.0,,,,,,,
,,,,,,,6997.0,,,8710.0,,,,,,,7324.0,,,,,,,
,,,,,,,7364.0,,,6611.0,,,,,,,7697.0,,,,,,,
,,,,,,,7496.0,,,668.0,,,,,,,7870.0,,,,,,,
,,,,,,,7928.0,,,799.0,,,,,,,8549.0,,,,,,,
,,,,,,,8418.0,,,1331.0,,,,,,,8710.0,,,,,,,
,,,,,,,8537.0,,,1538.0,,,,,,,6611.0,,,,,,,
,,,,,,,8650.0,,,2024.0,,,,,,,668.0,,,,,,,
,,,,,,,8656.0,,,2297.0,,,,,,,799.0,,,,,,,
,,,,,,,8754.0,,,7417.0,,,,,,,1331.0,,,,,,,
,,,,,,,9905.0,,,491.0,,,,,,,1538.0,,,,,,,
,,,,,,,9917.0,,,856.0,,,,,,,2024.0,,,,,,,
,,,,,,,273.0,,,1868.0,,,,,,,2297.0,,,,,,,
,,,,,,,375.0,,,3732.0,,,,,,,7417.0,,,,,,,
,,,,,,,899.0,,,4335.0,,,,,,,491.0,,,,,,,
,,,,,,,1318.0,,,5509.0,,,,,,,856.0,,,,,,,
,,,,,,,1912.0,,,6549.0,,,,,,,1868.0,,,,,,,
,,,,,,,1937.0,,,6610.0,,,,,,,3732.0,,,,,,,
,,,,,,,2049.0,,,7226.0,,,,,,,4335.0,,,,,,,
,,,,,,,2373.0,,,283.0,,,,,,,5509.0,,,,,,,
,,,,,,,2407.0,,,587.0,,,,,,,6549.0,,,,,,,
,,,,,,,2409.0,,,588.0,,,,,,,6610.0,,,,,,,
,,,,,,,2593.0,,,929.0,,,,,,,7226.0,,,,,,,
,,,,,,,2622.0,,,1385.0,,,,,,,283.0,,,,,,,
,,,,,,,2716.0,,,2615.0,,,,,,,587.0,,,,,,,
,,,,,,,2756.0,,,4060.0,,,,,,,588.0,,,,,,,
,,,,,,,2785.0,,,4423.0,,,,,,,929.0,,,,,,,
,,,,,,,2991.0,,,4560.0,,,,,,,1385.0,,,,,,,
,,,,,,,3656.0,,,4959.0,,,,,,,2615.0,,,,,,,
,,,,,,,3788.0,,,5194.0,,,,,,,4060.0,,,,,,,
,,,,,,,3789.0,,,5759.0,,,,,,,4423.0,,,,,,,
,,,,,,,4091.0,,,5861.0,,,,,,,4560.0,,,,,,,
,,,,,,,4118.0,,,6045.0,,,,,,,4959.0,,,,,,,
,,,,,,,4658.0,,,6243.0,,,,,,,5194.0,,,,,,,
,,,,,,,4805.0,,,6338.0,,,,,,,5759.0,,,,,,,
,,,,,,,5065.0,,,7820.0,,,,,,,5861.0,,,,,,,
,,,,,,,5099.0,,,7943.0,,,,,,,6045.0,,,,,,,
,,,,,,,5339.0,,,8194.0,,,,,,,6243.0,,,,,,,
,,,,,,,5411.0,,,1920.0,,,,,,,6338.0,,,,,,,
,,,,,,,5767.0,,,2762.0,,,,,,,7820.0,,,,,,,
,,,,,,,6261.0,,,4966.0,,,,,,,7943.0,,,,,,,
,,,,,,,6521.0,,,699.0,,,,,,,8194.0,,,,,,,
,,,,,,,6698.0,,,704.0,,,,,,,1920.0,,,,,,,
,,,,,,,6739.0,,,1578.0,,,,,,,2762.0,,,,,,,
,,,,,,,6821.0,,,1841.0,,,,,,,4966.0,,,,,,,
,,,,,,,7194.0,,,1909.0,,,,,,,699.0,,,,,,,
,,,,,,,7356.0,,,1912.0,,,,,,,704.0,,,,,,,
,,,,,,,7358.0,,,1913.0,,,,,,,1578.0,,,,,,,
,,,,,,,7414.0,,,1971.0,,,,,,,1841.0,,,,,,,
,,,,,,,7654.0,,,2088.0,,,,,,,1909.0,,,,,,,
,,,,,,,7933.0,,,2114.0,,,,,,,1912.0,,,,,,,
,,,,,,,7994.0,,,2425.0,,,,,,,1913.0,,,,,,,
,,,,,,,8525.0,,,3701.0,,,,,,,1971.0,,,,,,,
,,,,,,,9009.0,,,3731.0,,,,,,,2088.0,,,,,,,
,,,,,,,218.0,,,4373.0,,,,,,,2114.0,,,,,,,
,,,,,,,561.0,,,7284.0,,,,,,,2425.0,,,,,,,
,,,,,,,999.0,,,8963.0,,,,,,,3701.0,,,,,,,
,,,,,,,1176.0,,,9009.0,,,,,,,3731.0,,,,,,,
,,,,,,,1464.0,,,9010.0,,,,,,,4373.0,,,,,,,
,,,,,,,1790.0,,,9611.0,,,,,,,7284.0,,,,,,,
,,,,,,,1807.0,,,1828.0,,,,,,,8963.0,,,,,,,
,,,,,,,1953.0,,,4897.0,,,,,,,9009.0,,,,,,,
,,,,,,,2127.0,,,5251.0,,,,,,,9010.0,,,,,,,
,,,,,,,2644.0,,,6835.0,,,,,,,9611.0,,,,,,,
,,,,,,,2971.0,,,9316.0,,,,,,,1828.0,,,,,,,
,,,,,,,3330.0,,,2116.0,,,,,,,4897.0,,,,,,,
,,,,,,,4560.0,,,3384.0,,,,,,,5251.0,,,,,,,
,,,,,,,5404.0,,,3702.0,,,,,,,6835.0,,,,,,,
,,,,,,,5861.0,,,6047.0,,,,,,,9316.0,,,,,,,
,,,,,,,5926.0,,,8234.0,,,,,,,2116.0,,,,,,,
,,,,,,,6409.0,,,8246.0,,,,,,,3384.0,,,,,,,
,,,,,,,6636.0,,,8248.0,,,,,,,3702.0,,,,,,,
,,,,,,,6686.0,,,328.0,,,,,,,6047.0,,,,,,,
,,,,,,,6803.0,,,783.0,,,,,,,8234.0,,,,,,,
,,,,,,,6951.0,,,874.0,,,,,,,8248.0,,,,,,,
,,,,,,,7389.0,,,1029.0,,,,,,,328.0,,,,,,,
,,,,,,,7440.0,,,1043.0,,,,,,,783.0,,,,,,,
,,,,,,,7820.0,,,1274.0,,,,,,,874.0,,,,,,,
,,,,,,,9235.0,,,1359.0,,,,,,,1029.0,,,,,,,
,,,,,,,9241.0,,,1373.0,,,,,,,1043.0,,,,,,,
,,,,,,,9619.0,,,1518.0,,,,,,,1274.0,,,,,,,
,,,,,,,6994.0,,,1611.0,,,,,,,1359.0,,,,,,,
,,,,,,,8644.0,,,2036.0,,,,,,,1373.0,,,,,,,
,,,,,,,441.0,,,2055.0,,,,,,,1518.0,,,,,,,
,,,,,,,668.0,,,2060.0,,,,,,,1611.0,,,,,,,
,,,,,,,1021.0,,,2176.0,,,,,,,2036.0,,,,,,,
,,,,,,,1331.0,,,2324.0,,,,,,,2055.0,,,,,,,
,,,,,,,1530.0,,,4141.0,,,,,,,2060.0,,,,,,,
,,,,,,,2572.0,,,4534.0,,,,,,,2176.0,,,,,,,
,,,,,,,2792.0,,,4734.0,,,,,,,2324.0,,,,,,,
,,,,,,,5884.0,,,5285.0,,,,,,,4141.0,,,,,,,
,,,,,,,5913.0,,,5847.0,,,,,,,4534.0,,,,,,,
,,,,,,,6446.0,,,5867.0,,,,,,,4734.0,,,,,,,
,,,,,,,7445.0,,,6269.0,,,,,,,5285.0,,,,,,,
,,,,,,,3369.0,,,7797.0,,,,,,,5847.0,,,,,,,
,,,,,,,4174.0,,,7815.0,,,,,,,5867.0,,,,,,,
,,,,,,,5478.0,,,9535.0,,,,,,,6269.0,,,,,,,
,,,,,,,7854.0,,,9641.0,,,,,,,7797.0,,,,,,,
,,,,,,,8263.0,,,600.0,,,,,,,7815.0,,,,,,,
,,,,,,,9948.0,,,3720.0,,,,,,,9535.0,,,,,,,
,,,,,,,7578.0,,,3990.0,,,,,,,9641.0,,,,,,,
,,,,,,,7598.0,,,1024.0,,,,,,,600.0,,,,,,,
,,,,,,,1857.0,,,1184.0,,,,,,,3720.0,,,,,,,
,,,,,,,4643.0,,,1340.0,,,,,,,3990.0,,,,,,,
,,,,,,,6254.0,,,1999.0,,,,,,,1024.0,,,,,,,
,,,,,,,7273.0,,,703.0,,,,,,,1184.0,,,,,,,
,,,,,,,7814.0,,,765.0,,,,,,,1340.0,,,,,,,
,,,,,,,8599.0,,,1076.0,,,,,,,1999.0,,,,,,,
,,,,,,,8976.0,,,1363.0,,,,,,,703.0,,,,,,,
,,,,,,,9046.0,,,1454.0,,,,,,,765.0,,,,,,,
,,,,,,,9202.0,,,1510.0,,,,,,,1076.0,,,,,,,
,,,,,,,9909.0,,,1880.0,,,,,,,1363.0,,,,,,,
,,,,,,,9913.0,,,2110.0,,,,,,,1454.0,,,,,,,
,,,,,,,9973.0,,,2623.0,,,,,,,1510.0,,,,,,,
,,,,,,,9978.0,,,3071.0,,,,,,,1880.0,,,,,,,
,,,,,,,703.0,,,3723.0,,,,,,,2110.0,,,,,,,
,,,,,,,892.0,,,3741.0,,,,,,,2623.0,,,,,,,
,,,,,,,1374.0,,,5492.0,,,,,,,3071.0,,,,,,,
,,,,,,,1413.0,,,7157.0,,,,,,,3723.0,,,,,,,
,,,,,,,1614.0,,,8269.0,,,,,,,3741.0,,,,,,,
,,,,,,,1627.0,,,8973.0,,,,,,,5492.0,,,,,,,
,,,,,,,1628.0,,,9936.0,,,,,,,7157.0,,,,,,,
,,,,,,,1799.0,,,230.0,,,,,,,8269.0,,,,,,,
,,,,,,,2136.0,,,505.0,,,,,,,8973.0,,,,,,,
,,,,,,,2151.0,,,662.0,,,,,,,9936.0,,,,,,,
,,,,,,,2162.0,,,797.0,,,,,,,230.0,,,,,,,
,,,,,,,2165.0,,,1216.0,,,,,,,505.0,,,,,,,
,,,,,,,2178.0,,,1338.0,,,,,,,662.0,,,,,,,
,,,,,,,2645.0,,,1550.0,,,,,,,797.0,,,,,,,
,,,,,,,2723.0,,,2177.0,,,,,,,1216.0,,,,,,,
,,,,,,,2761.0,,,2292.0,,,,,,,1338.0,,,,,,,
,,,,,,,2810.0,,,3646.0,,,,,,,1550.0,,,,,,,
,,,,,,,3774.0,,,3820.0,,,,,,,2177.0,,,,,,,
,,,,,,,4512.0,,,5092.0,,,,,,,2292.0,,,,,,,
,,,,,,,5103.0,,,6403.0,,,,,,,3646.0,,,,,,,
,,,,,,,5542.0,,,6849.0,,,,,,,3820.0,,,,,,,
,,,,,,,5566.0,,,6861.0,,,,,,,5092.0,,,,,,,
,,,,,,,6065.0,,,8698.0,,,,,,,6403.0,,,,,,,
,,,,,,,6179.0,,,300.0,,,,,,,6849.0,,,,,,,
,,,,,,,6241.0,,,905.0,,,,,,,6861.0,,,,,,,
,,,,,,,6311.0,,,918.0,,,,,,,8698.0,,,,,,,
,,,,,,,6369.0,,,1095.0,,,,,,,265.0,,,,,,,
,,,,,,,6382.0,,,1249.0,,,,,,,300.0,,,,,,,
,,,,,,,6798.0,,,1254.0,,,,,,,905.0,,,,,,,
,,,,,,,7367.0,,,1328.0,,,,,,,918.0,,,,,,,
,,,,,,,7423.0,,,1414.0,,,,,,,1095.0,,,,,,,
,,,,,,,7901.0,,,1455.0,,,,,,,1249.0,,,,,,,
,,,,,,,7956.0,,,1554.0,,,,,,,1254.0,,,,,,,
,,,,,,,7987.0,,,1597.0,,,,,,,1328.0,,,,,,,
,,,,,,,8024.0,,,1624.0,,,,,,,1414.0,,,,,,,
,,,,,,,8536.0,,,1646.0,,,,,,,1455.0,,,,,,,
,,,,,,,8547.0,,,1681.0,,,,,,,1554.0,,,,,,,
,,,,,,,8596.0,,,1818.0,,,,,,,1597.0,,,,,,,
,,,,,,,8776.0,,,2035.0,,,,,,,1624.0,,,,,,,
,,,,,,,9244.0,,,2072.0,,,,,,,1646.0,,,,,,,
,,,,,,,9469.0,,,2388.0,,,,,,,1681.0,,,,,,,
,,,,,,,9470.0,,,2959.0,,,,,,,1818.0,,,,,,,
,,,,,,,9949.0,,,3171.0,,,,,,,2035.0,,,,,,,
,,,,,,,9982.0,,,3664.0,,,,,,,2072.0,,,,,,,
,,,,,,,328.0,,,5292.0,,,,,,,2388.0,,,,,,,
,,,,,,,481.0,,,5816.0,,,,,,,2959.0,,,,,,,
,,,,,,,1499.0,,,5872.0,,,,,,,3171.0,,,,,,,
,,,,,,,1512.0,,,6236.0,,,,,,,3664.0,,,,,,,
,,,,,,,1590.0,,,7860.0,,,,,,,5292.0,,,,,,,
,,,,,,,1763.0,,,7988.0,,,,,,,5816.0,,,,,,,
,,,,,,,1973.0,,,9574.0,,,,,,,5872.0,,,,,,,
,,,,,,,2001.0,,,711.0,,,,,,,6236.0,,,,,,,
,,,,,,,2003.0,,,721.0,,,,,,,7860.0,,,,,,,
,,,,,,,2331.0,,,764.0,,,,,,,7988.0,,,,,,,
,,,,,,,2954.0,,,2442.0,,,,,,,9574.0,,,,,,,
,,,,,,,2976.0,,,3735.0,,,,,,,711.0,,,,,,,
,,,,,,,2978.0,,,5562.0,,,,,,,721.0,,,,,,,
,,,,,,,3534.0,,,5743.0,,,,,,,764.0,,,,,,,
,,,,,,,4773.0,,,6502.0,,,,,,,2442.0,,,,,,,
,,,,,,,4883.0,,,6886.0,,,,,,,3735.0,,,,,,,
,,,,,,,5010.0,,,674.0,,,,,,,5562.0,,,,,,,
,,,,,,,5867.0,,,1725.0,,,,,,,5743.0,,,,,,,
,,,,,,,5928.0,,,2286.0,,,,,,,6502.0,,,,,,,
,,,,,,,6269.0,,,4034.0,,,,,,,6886.0,,,,,,,
,,,,,,,6420.0,,,4538.0,,,,,,,674.0,,,,,,,
,,,,,,,6444.0,,,4980.0,,,,,,,1725.0,,,,,,,
,,,,,,,7386.0,,,9603.0,,,,,,,2286.0,,,,,,,
,,,,,,,7768.0,,,9664.0,,,,,,,4034.0,,,,,,,
,,,,,,,7815.0,,,3068.0,,,,,,,4538.0,,,,,,,
,,,,,,,7963.0,,,5529.0,,,,,,,4980.0,,,,,,,
,,,,,,,7978.0,,,8617.0,,,,,,,9603.0,,,,,,,
,,,,,,,8036.0,,,8761.0,,,,,,,9664.0,,,,,,,
,,,,,,,8145.0,,,8993.0,,,,,,,3068.0,,,,,,,
,,,,,,,8526.0,,,9190.0,,,,,,,5529.0,,,,,,,
,,,,,,,8586.0,,,271.0,,,,,,,8617.0,,,,,,,
,,,,,,,8653.0,,,511.0,,,,,,,8761.0,,,,,,,
,,,,,,,8854.0,,,2229.0,,,,,,,8993.0,,,,,,,
,,,,,,,9556.0,,,3260.0,,,,,,,9190.0,,,,,,,
,,,,,,,9641.0,,,5779.0,,,,,,,271.0,,,,,,,
,,,,,,,289.0,,,6387.0,,,,,,,511.0,,,,,,,
,,,,,,,1350.0,,,6413.0,,,,,,,2229.0,,,,,,,
,,,,,,,1541.0,,,6699.0,,,,,,,3260.0,,,,,,,
,,,,,,,1778.0,,,8557.0,,,,,,,5779.0,,,,,,,
,,,,,,,2564.0,,,8620.0,,,,,,,6387.0,,,,,,,
,,,,,,,2565.0,,,2444.0,,,,,,,6413.0,,,,,,,
,,,,,,,3431.0,,,7342.0,,,,,,,6699.0,,,,,,,
,,,,,,,8166.0,,,1079.0,,,,,,,8557.0,,,,,,,
,,,,,,,8793.0,,,1142.0,,,,,,,8620.0,,,,,,,
,,,,,,,8891.0,,,1193.0,,,,,,,2444.0,,,,,,,
,,,,,,,9212.0,,,1251.0,,,,,,,7342.0,,,,,,,
,,,,,,,9316.0,,,1443.0,,,,,,,1079.0,,,,,,,
,,,,,,,9660.0,,,1561.0,,,,,,,1142.0,,,,,,,
,,,,,,,9924.0,,,1644.0,,,,,,,1193.0,,,,,,,
,,,,,,,9960.0,,,1833.0,,,,,,,1251.0,,,,,,,
,,,,,,,9965.0,,,1919.0,,,,,,,1443.0,,,,,,,
,,,,,,,6905.0,,,2056.0,,,,,,,1561.0,,,,,,,
,,,,,,,3018.0,,,2632.0,,,,,,,1644.0,,,,,,,
,,,,,,,3767.0,,,2705.0,,,,,,,1833.0,,,,,,,
,,,,,,,3773.0,,,2739.0,,,,,,,1919.0,,,,,,,
,,,,,,,4153.0,,,3705.0,,,,,,,2056.0,,,,,,,
,,,,,,,5984.0,,,6020.0,,,,,,,2632.0,,,,,,,
,,,,,,,6584.0,,,7932.0,,,,,,,2705.0,,,,,,,
,,,,,,,6711.0,,,8731.0,,,,,,,2739.0,,,,,,,
,,,,,,,7107.0,,,9407.0,,,,,,,3705.0,,,,,,,
,,,,,,,7193.0,,,9944.0,,,,,,,6020.0,,,,,,,
,,,,,,,7806.0,,,9995.0,,,,,,,7932.0,,,,,,,
,,,,,,,7810.0,,,863.0,,,,,,,8731.0,,,,,,,
,,,,,,,7863.0,,,808.0,,,,,,,9407.0,,,,,,,
,,,,,,,9026.0,,,2438.0,,,,,,,9944.0,,,,,,,
,,,,,,,9709.0,,,2670.0,,,,,,,9995.0,,,,,,,
,,,,,,,9714.0,,,3061.0,,,,,,,863.0,,,,,,,
,,,,,,,9732.0,,,3390.0,,,,,,,808.0,,,,,,,
,,,,,,,1409.0,,,4738.0,,,,,,,2438.0,,,,,,,
,,,,,,,1453.0,,,6493.0,,,,,,,2670.0,,,,,,,
,,,,,,,1495.0,,,7655.0,,,,,,,3061.0,,,,,,,
,,,,,,,1519.0,,,7691.0,,,,,,,3390.0,,,,,,,
,,,,,,,2081.0,,,8251.0,,,,,,,4738.0,,,,,,,
,,,,,,,2160.0,,,8284.0,,,,,,,6493.0,,,,,,,
,,,,,,,2732.0,,,9759.0,,,,,,,7655.0,,,,,,,
,,,,,,,3017.0,,,320.0,,,,,,,7691.0,,,,,,,
,,,,,,,3239.0,,,666.0,,,,,,,8251.0,,,,,,,
,,,,,,,3555.0,,,1023.0,,,,,,,9759.0,,,,,,,
,,,,,,,4816.0,,,2792.0,,,,,,,320.0,,,,,,,
,,,,,,,4902.0,,,2880.0,,,,,,,666.0,,,,,,,
,,,,,,,5254.0,,,2889.0,,,,,,,1023.0,,,,,,,
,,,,,,,5381.0,,,4546.0,,,,,,,2792.0,,,,,,,
,,,,,,,5561.0,,,5323.0,,,,,,,2880.0,,,,,,,
,,,,,,,5810.0,,,5678.0,,,,,,,2889.0,,,,,,,
,,,,,,,5846.0,,,6607.0,,,,,,,4546.0,,,,,,,
,,,,,,,5848.0,,,7476.0,,,,,,,5323.0,,,,,,,
,,,,,,,6155.0,,,8083.0,,,,,,,5678.0,,,,,,,
,,,,,,,6218.0,,,8772.0,,,,,,,6607.0,,,,,,,
,,,,,,,6307.0,,,9370.0,,,,,,,7476.0,,,,,,,
,,,,,,,6668.0,,,8730.0,,,,,,,8083.0,,,,,,,
,,,,,,,6697.0,,,218.0,,,,,,,8772.0,,,,,,,
,,,,,,,6886.0,,,1531.0,,,,,,,9370.0,,,,,,,
,,,,,,,7151.0,,,2291.0,,,,,,,8730.0,,,,,,,
,,,,,,,7182.0,,,2312.0,,,,,,,218.0,,,,,,,
,,,,,,,7186.0,,,3494.0,,,,,,,1531.0,,,,,,,
,,,,,,,7296.0,,,4363.0,,,,,,,2291.0,,,,,,,
,,,,,,,7306.0,,,5804.0,,,,,,,2312.0,,,,,,,
,,,,,,,7334.0,,,7912.0,,,,,,,3494.0,,,,,,,
,,,,,,,7385.0,,,7969.0,,,,,,,4363.0,,,,,,,
,,,,,,,7413.0,,,7981.0,,,,,,,5804.0,,,,,,,
,,,,,,,7416.0,,,8005.0,,,,,,,7912.0,,,,,,,
,,,,,,,7782.0,,,8042.0,,,,,,,7969.0,,,,,,,
,,,,,,,7794.0,,,9235.0,,,,,,,7981.0,,,,,,,
,,,,,,,8015.0,,,9241.0,,,,,,,8005.0,,,,,,,
,,,,,,,8017.0,,,9315.0,,,,,,,8042.0,,,,,,,
,,,,,,,8449.0,,,9502.0,,,,,,,9235.0,,,,,,,
,,,,,,,8670.0,,,9619.0,,,,,,,9241.0,,,,,,,
,,,,,,,9044.0,,,9987.0,,,,,,,9315.0,,,,,,,
,,,,,,,9239.0,,,4170.0,,,,,,,9352.0,,,,,,,
,,,,,,,9916.0,,,273.0,,,,,,,9502.0,,,,,,,
,,,,,,,265.0,,,990.0,,,,,,,9619.0,,,,,,,
,,,,,,,300.0,,,1361.0,,,,,,,9987.0,,,,,,,
,,,,,,,363.0,,,1405.0,,,,,,,4170.0,,,,,,,
,,,,,,,523.0,,,1921.0,,,,,,,273.0,,,,,,,
,,,,,,,1116.0,,,2626.0,,,,,,,990.0,,,,,,,
,,,,,,,1144.0,,,2631.0,,,,,,,1361.0,,,,,,,
,,,,,,,1445.0,,,2661.0,,,,,,,1405.0,,,,,,,
,,,,,,,1645.0,,,2708.0,,,,,,,1921.0,,,,,,,
,,,,,,,2014.0,,,2713.0,,,,,,,2626.0,,,,,,,
,,,,,,,2035.0,,,3514.0,,,,,,,2631.0,,,,,,,
,,,,,,,2072.0,,,3746.0,,,,,,,2661.0,,,,,,,
,,,,,,,2319.0,,,4700.0,,,,,,,2708.0,,,,,,,
,,,,,,,2417.0,,,9205.0,,,,,,,2713.0,,,,,,,
,,,,,,,2535.0,,,9929.0,,,,,,,3514.0,,,,,,,
,,,,,,,2556.0,,,550.0,,,,,,,3746.0,,,,,,,
,,,,,,,2969.0,,,1022.0,,,,,,,4700.0,,,,,,,
,,,,,,,2977.0,,,2013.0,,,,,,,9205.0,,,,,,,
,,,,,,,2983.0,,,3462.0,,,,,,,9929.0,,,,,,,
,,,,,,,3657.0,,,520.0,,,,,,,550.0,,,,,,,
,,,,,,,3677.0,,,815.0,,,,,,,1022.0,,,,,,,
,,,,,,,3833.0,,,4710.0,,,,,,,2013.0,,,,,,,
,,,,,,,3924.0,,,6022.0,,,,,,,3462.0,,,,,,,
,,,,,,,4146.0,,,6040.0,,,,,,,520.0,,,,,,,
,,,,,,,4230.0,,,6076.0,,,,,,,815.0,,,,,,,
,,,,,,,5659.0,,,6120.0,,,,,,,4710.0,,,,,,,
,,,,,,,5720.0,,,6225.0,,,,,,,6022.0,,,,,,,
,,,,,,,5940.0,,,6997.0,,,,,,,6040.0,,,,,,,
,,,,,,,6313.0,,,7150.0,,,,,,,6076.0,,,,,,,
,,,,,,,6393.0,,,7675.0,,,,,,,6120.0,,,,,,,
,,,,,,,6831.0,,,7808.0,,,,,,,6225.0,,,,,,,
,,,,,,,7196.0,,,664.0,,,,,,,6997.0,,,,,,,
,,,,,,,7261.0,,,1605.0,,,,,,,7150.0,,,,,,,
,,,,,,,7779.0,,,1998.0,,,,,,,7675.0,,,,,,,
,,,,,,,9495.0,,,2311.0,,,,,,,7808.0,,,,,,,
,,,,,,,9636.0,,,2790.0,,,,,,,664.0,,,,,,,
,,,,,,,9645.0,,,3134.0,,,,,,,1605.0,,,,,,,
,,,,,,,9976.0,,,3491.0,,,,,,,1998.0,,,,,,,
,,,,,,,9200.0,,,4329.0,,,,,,,2311.0,,,,,,,
,,,,,,,61.0,,,4426.0,,,,,,,2790.0,,,,,,,
,,,,,,,230.0,,,5371.0,,,,,,,3134.0,,,,,,,
,,,,,,,233.0,,,9327.0,,,,,,,3491.0,,,,,,,
,,,,,,,234.0,,,9965.0,,,,,,,4329.0,,,,,,,
,,,,,,,301.0,,,868.0,,,,,,,4426.0,,,,,,,
,,,,,,,318.0,,,1593.0,,,,,,,5371.0,,,,,,,
,,,,,,,348.0,,,2315.0,,,,,,,9327.0,,,,,,,
,,,,,,,462.0,,,2994.0,,,,,,,9965.0,,,,,,,
,,,,,,,531.0,,,3182.0,,,,,,,868.0,,,,,,,
,,,,,,,534.0,,,3465.0,,,,,,,1593.0,,,,,,,
,,,,,,,1175.0,,,6127.0,,,,,,,2315.0,,,,,,,
,,,,,,,1600.0,,,7371.0,,,,,,,2994.0,,,,,,,
,,,,,,,1765.0,,,7436.0,,,,,,,3182.0,,,,,,,
,,,,,,,1782.0,,,7452.0,,,,,,,3465.0,,,,,,,
,,,,,,,2236.0,,,8802.0,,,,,,,6127.0,,,,,,,
,,,,,,,2314.0,,,1109.0,,,,,,,7371.0,,,,,,,
,,,,,,,2614.0,,,1684.0,,,,,,,7436.0,,,,,,,
,,,,,,,2944.0,,,2645.0,,,,,,,7452.0,,,,,,,
,,,,,,,4020.0,,,2658.0,,,,,,,8802.0,,,,,,,
,,,,,,,6555.0,,,2984.0,,,,,,,1109.0,,,,,,,
,,,,,,,7439.0,,,3037.0,,,,,,,1684.0,,,,,,,
,,,,,,,7957.0,,,3795.0,,,,,,,2645.0,,,,,,,
,,,,,,,8080.0,,,4221.0,,,,,,,2658.0,,,,,,,
,,,,,,,8624.0,,,4899.0,,,,,,,2984.0,,,,,,,
,,,,,,,8698.0,,,5103.0,,,,,,,3037.0,,,,,,,
,,,,,,,9294.0,,,5406.0,,,,,,,3795.0,,,,,,,
,,,,,,,9353.0,,,7133.0,,,,,,,4221.0,,,,,,,
,,,,,,,9652.0,,,8019.0,,,,,,,4899.0,,,,,,,
,,,,,,,2693.0,,,8399.0,,,,,,,5103.0,,,,,,,
,,,,,,,3897.0,,,8814.0,,,,,,,5406.0,,,,,,,
,,,,,,,4591.0,,,9213.0,,,,,,,7133.0,,,,,,,
,,,,,,,6002.0,,,9317.0,,,,,,,8019.0,,,,,,,
,,,,,,,8503.0,,,3803.0,,,,,,,8399.0,,,,,,,
,,,,,,,9012.0,,,6001.0,,,,,,,8814.0,,,,,,,
,,,,,,,9027.0,,,7141.0,,,,,,,9213.0,,,,,,,
,,,,,,,9216.0,,,8743.0,,,,,,,9317.0,,,,,,,
,,,,,,,9247.0,,,8764.0,,,,,,,3803.0,,,,,,,
,,,,,,,9429.0,,,255.0,,,,,,,6001.0,,,,,,,
,,,,,,,9685.0,,,4121.0,,,,,,,7141.0,,,,,,,
,,,,,,,9705.0,,,4529.0,,,,,,,8743.0,,,,,,,
,,,,,,,9752.0,,,6894.0,,,,,,,255.0,,,,,,,
,,,,,,,9992.0,,,318.0,,,,,,,4121.0,,,,,,,
,,,,,,,255.0,,,1020.0,,,,,,,4529.0,,,,,,,
,,,,,,,672.0,,,1155.0,,,,,,,6894.0,,,,,,,
,,,,,,,826.0,,,2040.0,,,,,,,318.0,,,,,,,
,,,,,,,1137.0,,,4219.0,,,,,,,1020.0,,,,,,,
,,,,,,,2786.0,,,4988.0,,,,,,,1155.0,,,,,,,
,,,,,,,5813.0,,,5330.0,,,,,,,2040.0,,,,,,,
,,,,,,,8841.0,,,6361.0,,,,,,,4219.0,,,,,,,
,,,,,,,8922.0,,,6401.0,,,,,,,4988.0,,,,,,,
,,,,,,,9579.0,,,6701.0,,,,,,,5330.0,,,,,,,
,,,,,,,1486.0,,,7329.0,,,,,,,6361.0,,,,,,,
,,,,,,,2654.0,,,7902.0,,,,,,,6401.0,,,,,,,
,,,,,,,3364.0,,,7989.0,,,,,,,6701.0,,,,,,,
,,,,,,,3389.0,,,8539.0,,,,,,,7329.0,,,,,,,
,,,,,,,3730.0,,,8701.0,,,,,,,7902.0,,,,,,,
,,,,,,,3813.0,,,64.0,,,,,,,7989.0,,,,,,,
,,,,,,,4365.0,,,1445.0,,,,,,,8539.0,,,,,,,
,,,,,,,4965.0,,,4939.0,,,,,,,8701.0,,,,,,,
,,,,,,,5089.0,,,6140.0,,,,,,,64.0,,,,,,,
,,,,,,,5169.0,,,6665.0,,,,,,,1445.0,,,,,,,
,,,,,,,5390.0,,,7380.0,,,,,,,4939.0,,,,,,,
,,,,,,,6086.0,,,7431.0,,,,,,,6140.0,,,,,,,
,,,,,,,6765.0,,,260.0,,,,,,,6665.0,,,,,,,
,,,,,,,6786.0,,,266.0,,,,,,,7380.0,,,,,,,
,,,,,,,6874.0,,,1124.0,,,,,,,7431.0,,,,,,,
,,,,,,,7645.0,,,1509.0,,,,,,,260.0,,,,,,,
,,,,,,,7817.0,,,3877.0,,,,,,,266.0,,,,,,,
,,,,,,,7980.0,,,4005.0,,,,,,,1124.0,,,,,,,
,,,,,,,7985.0,,,4063.0,,,,,,,1509.0,,,,,,,
,,,,,,,8000.0,,,4370.0,,,,,,,3877.0,,,,,,,
,,,,,,,8441.0,,,4392.0,,,,,,,4005.0,,,,,,,
,,,,,,,8444.0,,,5730.0,,,,,,,4063.0,,,,,,,
,,,,,,,8501.0,,,7117.0,,,,,,,4370.0,,,,,,,
,,,,,,,8541.0,,,7354.0,,,,,,,4392.0,,,,,,,
,,,,,,,8566.0,,,7434.0,,,,,,,5730.0,,,,,,,
,,,,,,,8659.0,,,7663.0,,,,,,,7117.0,,,,,,,
,,,,,,,8744.0,,,9257.0,,,,,,,7354.0,,,,,,,
,,,,,,,9369.0,,,860.0,,,,,,,7434.0,,,,,,,
,,,,,,,9372.0,,,5408.0,,,,,,,7663.0,,,,,,,
,,,,,,,9742.0,,,1915.0,,,,,,,9257.0,,,,,,,
,,,,,,,9915.0,,,2773.0,,,,,,,860.0,,,,,,,
,,,,,,,9990.0,,,3742.0,,,,,,,5408.0,,,,,,,
,,,,,,,8601.0,,,3759.0,,,,,,,1915.0,,,,,,,
,,,,,,,1603.0,,,4622.0,,,,,,,2773.0,,,,,,,
,,,,,,,1631.0,,,5045.0,,,,,,,3742.0,,,,,,,
,,,,,,,1644.0,,,5984.0,,,,,,,3759.0,,,,,,,
,,,,,,,1929.0,,,8755.0,,,,,,,4622.0,,,,,,,
,,,,,,,1964.0,,,8759.0,,,,,,,5045.0,,,,,,,
,,,,,,,2132.0,,,9476.0,,,,,,,5984.0,,,,,,,
,,,,,,,2231.0,,,1026.0,,,,,,,8755.0,,,,,,,
,,,,,,,2259.0,,,2472.0,,,,,,,8759.0,,,,,,,
,,,,,,,2543.0,,,2846.0,,,,,,,9476.0,,,,,,,
,,,,,,,2559.0,,,4563.0,,,,,,,1026.0,,,,,,,
,,,,,,,2579.0,,,5805.0,,,,,,,2472.0,,,,,,,
,,,,,,,2728.0,,,6346.0,,,,,,,2846.0,,,,,,,
,,,,,,,2739.0,,,539.0,,,,,,,4563.0,,,,,,,
,,,,,,,3302.0,,,729.0,,,,,,,5805.0,,,,,,,
,,,,,,,3340.0,,,1941.0,,,,,,,6346.0,,,,,,,
,,,,,,,3668.0,,,2285.0,,,,,,,539.0,,,,,,,
,,,,,,,4264.0,,,4979.0,,,,,,,729.0,,,,,,,
,,,,,,,4722.0,,,5308.0,,,,,,,1941.0,,,,,,,
,,,,,,,5074.0,,,5349.0,,,,,,,2285.0,,,,,,,
,,,,,,,5137.0,,,5355.0,,,,,,,4979.0,,,,,,,
,,,,,,,5157.0,,,6683.0,,,,,,,5308.0,,,,,,,
,,,,,,,5257.0,,,6796.0,,,,,,,5349.0,,,,,,,
,,,,,,,5716.0,,,7925.0,,,,,,,5355.0,,,,,,,
,,,,,,,6212.0,,,8606.0,,,,,,,6683.0,,,,,,,
,,,,,,,6215.0,,,8636.0,,,,,,,6796.0,,,,,,,
,,,,,,,6569.0,,,1055.0,,,,,,,7925.0,,,,,,,
,,,,,,,7212.0,,,1438.0,,,,,,,8606.0,,,,,,,
,,,,,,,7253.0,,,1502.0,,,,,,,8636.0,,,,,,,
,,,,,,,7455.0,,,2597.0,,,,,,,1055.0,,,,,,,
,,,,,,,7543.0,,,4835.0,,,,,,,1438.0,,,,,,,
,,,,,,,8210.0,,,8619.0,,,,,,,1502.0,,,,,,,
,,,,,,,8510.0,,,9201.0,,,,,,,2597.0,,,,,,,
,,,,,,,8831.0,,,9306.0,,,,,,,4835.0,,,,,,,
,,,,,,,8876.0,,,9613.0,,,,,,,8619.0,,,,,,,
,,,,,,,8971.0,,,687.0,,,,,,,9201.0,,,,,,,
,,,,,,,9225.0,,,947.0,,,,,,,9306.0,,,,,,,
,,,,,,,9347.0,,,949.0,,,,,,,9613.0,,,,,,,
,,,,,,,7504.0,,,1313.0,,,,,,,687.0,,,,,,,
,,,,,,,,,,2093.0,,,,,,,947.0,,,,,,,
,,,,,,,,,,2128.0,,,,,,,949.0,,,,,,,
,,,,,,,,,,2678.0,,,,,,,1313.0,,,,,,,
,,,,,,,,,,4044.0,,,,,,,2093.0,,,,,,,
,,,,,,,,,,4215.0,,,,,,,2128.0,,,,,,,
,,,,,,,,,,4216.0,,,,,,,2678.0,,,,,,,
,,,,,,,,,,5089.0,,,,,,,4044.0,,,,,,,
,,,,,,,,,,5596.0,,,,,,,4215.0,,,,,,,
,,,,,,,,,,6199.0,,,,,,,4216.0,,,,,,,
,,,,,,,,,,7263.0,,,,,,,5089.0,,,,,,,
,,,,,,,,,,7676.0,,,,,,,5596.0,,,,,,,
,,,,,,,,,,8427.0,,,,,,,6199.0,,,,,,,
,,,,,,,,,,9391.0,,,,,,,7263.0,,,,,,,
,,,,,,,,,,9937.0,,,,,,,7676.0,,,,,,,
,,,,,,,,,,1417.0,,,,,,,8427.0,,,,,,,
,,,,,,,,,,3763.0,,,,,,,9391.0,,,,,,,
,,,,,,,,,,6002.0,,,,,,,9937.0,,,,,,,
,,,,,,,,,,7784.0,,,,,,,1417.0,,,,,,,
,,,,,,,,,,7578.0,,,,,,,3763.0,,,,,,,
,,,,,,,,,,7598.0,,,,,,,6002.0,,,,,,,
,,,,,,,,,,8598.0,,,,,,,7784.0,,,,,,,
,,,,,,,,,,441.0,,,,,,,7578.0,,,,,,,
,,,,,,,,,,1721.0,,,,,,,7598.0,,,,,,,
,,,,,,,,,,3894.0,,,,,,,8598.0,,,,,,,
,,,,,,,,,,4937.0,,,,,,,441.0,,,,,,,
,,,,,,,,,,6929.0,,,,,,,1721.0,,,,,,,
,,,,,,,,,,7451.0,,,,,,,3894.0,,,,,,,
,,,,,,,,,,650.0,,,,,,,4937.0,,,,,,,
,,,,,,,,,,1556.0,,,,,,,6929.0,,,,,,,
,,,,,,,,,,2028.0,,,,,,,7451.0,,,,,,,
,,,,,,,,,,2322.0,,,,,,,650.0,,,,,,,
,,,,,,,,,,3158.0,,,,,,,1556.0,,,,,,,
,,,,,,,,,,4054.0,,,,,,,2028.0,,,,,,,
,,,,,,,,,,5042.0,,,,,,,2322.0,,,,,,,
,,,,,,,,,,6246.0,,,,,,,3158.0,,,,,,,
,,,,,,,,,,6294.0,,,,,,,4054.0,,,,,,,
,,,,,,,,,,6332.0,,,,,,,5042.0,,,,,,,
,,,,,,,,,,7330.0,,,,,,,6246.0,,,,,,,
,,,,,,,,,,7403.0,,,,,,,6294.0,,,,,,,
,,,,,,,,,,7470.0,,,,,,,6332.0,,,,,,,
,,,,,,,,,,7960.0,,,,,,,7330.0,,,,,,,
,,,,,,,,,,9387.0,,,,,,,7403.0,,,,,,,
,,,,,,,,,,346.0,,,,,,,7470.0,,,,,,,
,,,,,,,,,,536.0,,,,,,,7960.0,,,,,,,
,,,,,,,,,,832.0,,,,,,,9387.0,,,,,,,
,,,,,,,,,,1318.0,,,,,,,346.0,,,,,,,
,,,,,,,,,,1498.0,,,,,,,536.0,,,,,,,
,,,,,,,,,,1858.0,,,,,,,832.0,,,,,,,
,,,,,,,,,,7166.0,,,,,,,1318.0,,,,,,,
,,,,,,,,,,8574.0,,,,,,,1498.0,,,,,,,
,,,,,,,,,,8711.0,,,,,,,1858.0,,,,,,,
,,,,,,,,,,9337.0,,,,,,,7166.0,,,,,,,
,,,,,,,,,,382.0,,,,,,,8574.0,,,,,,,
,,,,,,,,,,1123.0,,,,,,,8711.0,,,,,,,
,,,,,,,,,,1295.0,,,,,,,9337.0,,,,,,,
,,,,,,,,,,1500.0,,,,,,,382.0,,,,,,,
,,,,,,,,,,1865.0,,,,,,,1123.0,,,,,,,
,,,,,,,,,,1884.0,,,,,,,1295.0,,,,,,,
,,,,,,,,,,2630.0,,,,,,,1500.0,,,,,,,
,,,,,,,,,,2995.0,,,,,,,1865.0,,,,,,,
,,,,,,,,,,3654.0,,,,,,,1884.0,,,,,,,
,,,,,,,,,,4213.0,,,,,,,2630.0,,,,,,,
,,,,,,,,,,4627.0,,,,,,,2995.0,,,,,,,
,,,,,,,,,,4712.0,,,,,,,3654.0,,,,,,,
,,,,,,,,,,6877.0,,,,,,,4213.0,,,,,,,
,,,,,,,,,,7813.0,,,,,,,4627.0,,,,,,,
,,,,,,,,,,7905.0,,,,,,,4712.0,,,,,,,
,,,,,,,,,,8942.0,,,,,,,6877.0,,,,,,,
,,,,,,,,,,7344.0,,,,,,,7813.0,,,,,,,
,,,,,,,,,,4153.0,,,,,,,7905.0,,,,,,,
,,,,,,,,,,5891.0,,,,,,,8942.0,,,,,,,
,,,,,,,,,,6976.0,,,,,,,7344.0,,,,,,,
,,,,,,,,,,9610.0,,,,,,,4153.0,,,,,,,
,,,,,,,,,,289.0,,,,,,,5891.0,,,,,,,
,,,,,,,,,,464.0,,,,,,,6976.0,,,,,,,
,,,,,,,,,,975.0,,,,,,,9610.0,,,,,,,
,,,,,,,,,,1027.0,,,,,,,289.0,,,,,,,
,,,,,,,,,,2799.0,,,,,,,464.0,,,,,,,
,,,,,,,,,,3980.0,,,,,,,975.0,,,,,,,
,,,,,,,,,,6754.0,,,,,,,1027.0,,,,,,,
,,,,,,,,,,6764.0,,,,,,,2799.0,,,,,,,
,,,,,,,,,,7320.0,,,,,,,3980.0,,,,,,,
,,,,,,,,,,545.0,,,,,,,6754.0,,,,,,,
,,,,,,,,,,1612.0,,,,,,,6764.0,,,,,,,
,,,,,,,,,,2329.0,,,,,,,7320.0,,,,,,,
,,,,,,,,,,3112.0,,,,,,,545.0,,,,,,,
,,,,,,,,,,3834.0,,,,,,,1612.0,,,,,,,
,,,,,,,,,,4228.0,,,,,,,2329.0,,,,,,,
,,,,,,,,,,5385.0,,,,,,,3112.0,,,,,,,
,,,,,,,,,,7982.0,,,,,,,3834.0,,,,,,,
,,,,,,,,,,8048.0,,,,,,,4228.0,,,,,,,
,,,,,,,,,,8586.0,,,,,,,5385.0,,,,,,,
,,,,,,,,,,8653.0,,,,,,,7982.0,,,,,,,
,,,,,,,,,,9252.0,,,,,,,8048.0,,,,,,,
,,,,,,,,,,342.0,,,,,,,8586.0,,,,,,,
,,,,,,,,,,997.0,,,,,,,8653.0,,,,,,,
,,,,,,,,,,1156.0,,,,,,,9252.0,,,,,,,
,,,,,,,,,,1301.0,,,,,,,342.0,,,,,,,
,,,,,,,,,,1907.0,,,,,,,997.0,,,,,,,
,,,,,,,,,,5131.0,,,,,,,1156.0,,,,,,,
,,,,,,,,,,5522.0,,,,,,,1301.0,,,,,,,
,,,,,,,,,,6259.0,,,,,,,1907.0,,,,,,,
,,,,,,,,,,7103.0,,,,,,,5131.0,,,,,,,
,,,,,,,,,,7136.0,,,,,,,5522.0,,,,,,,
,,,,,,,,,,8662.0,,,,,,,6259.0,,,,,,,
,,,,,,,,,,9950.0,,,,,,,7103.0,,,,,,,
,,,,,,,,,,1988.0,,,,,,,7136.0,,,,,,,
,,,,,,,,,,2701.0,,,,,,,8662.0,,,,,,,
,,,,,,,,,,2775.0,,,,,,,9950.0,,,,,,,
,,,,,,,,,,2777.0,,,,,,,1988.0,,,,,,,
,,,,,,,,,,3784.0,,,,,,,2701.0,,,,,,,
,,,,,,,,,,4626.0,,,,,,,2775.0,,,,,,,
,,,,,,,,,,4643.0,,,,,,,2777.0,,,,,,,
,,,,,,,,,,5057.0,,,,,,,3784.0,,,,,,,
,,,,,,,,,,5997.0,,,,,,,4626.0,,,,,,,
,,,,,,,,,,6099.0,,,,,,,4643.0,,,,,,,
,,,,,,,,,,8505.0,,,,,,,5057.0,,,,,,,
,,,,,,,,,,9379.0,,,,,,,5997.0,,,,,,,
,,,,,,,,,,2455.0,,,,,,,6099.0,,,,,,,
,,,,,,,,,,148.0,,,,,,,8505.0,,,,,,,
,,,,,,,,,,8841.0,,,,,,,9379.0,,,,,,,
,,,,,,,,,,9579.0,,,,,,,2455.0,,,,,,,
,,,,,,,,,,531.0,,,,,,,148.0,,,,,,,
,,,,,,,,,,828.0,,,,,,,8841.0,,,,,,,
,,,,,,,,,,1600.0,,,,,,,9579.0,,,,,,,
,,,,,,,,,,2823.0,,,,,,,531.0,,,,,,,
,,,,,,,,,,4438.0,,,,,,,828.0,,,,,,,
,,,,,,,,,,4515.0,,,,,,,1600.0,,,,,,,
,,,,,,,,,,6281.0,,,,,,,2823.0,,,,,,,
,,,,,,,,,,6664.0,,,,,,,4438.0,,,,,,,
,,,,,,,,,,6767.0,,,,,,,4515.0,,,,,,,
,,,,,,,,,,7277.0,,,,,,,6281.0,,,,,,,
,,,,,,,,,,7539.0,,,,,,,6664.0,,,,,,,
,,,,,,,,,,7957.0,,,,,,,6767.0,,,,,,,
,,,,,,,,,,472.0,,,,,,,7277.0,,,,,,,
,,,,,,,,,,1144.0,,,,,,,7539.0,,,,,,,
,,,,,,,,,,1751.0,,,,,,,7957.0,,,,,,,
,,,,,,,,,,2861.0,,,,,,,472.0,,,,,,,
,,,,,,,,,,2977.0,,,,,,,1144.0,,,,,,,
,,,,,,,,,,3983.0,,,,,,,1751.0,,,,,,,
,,,,,,,,,,3995.0,,,,,,,2861.0,,,,,,,
,,,,,,,,,,5659.0,,,,,,,2977.0,,,,,,,
,,,,,,,,,,5720.0,,,,,,,3983.0,,,,,,,
,,,,,,,,,,6782.0,,,,,,,3995.0,,,,,,,
,,,,,,,,,,7765.0,,,,,,,5659.0,,,,,,,
,,,,,,,,,,8559.0,,,,,,,5720.0,,,,,,,
,,,,,,,,,,9120.0,,,,,,,6782.0,,,,,,,
,,,,,,,,,,9499.0,,,,,,,7765.0,,,,,,,
,,,,,,,,,,9862.0,,,,,,,8559.0,,,,,,,
,,,,,,,,,,3555.0,,,,,,,9120.0,,,,,,,
,,,,,,,,,,7642.0,,,,,,,9499.0,,,,,,,
,,,,,,,,,,9749.0,,,,,,,9862.0,,,,,,,
,,,,,,,,,,2711.0,,,,,,,3555.0,,,,,,,
,,,,,,,,,,2726.0,,,,,,,7642.0,,,,,,,
,,,,,,,,,,3767.0,,,,,,,9749.0,,,,,,,
,,,,,,,,,,4651.0,,,,,,,2711.0,,,,,,,
,,,,,,,,,,4655.0,,,,,,,2726.0,,,,,,,
,,,,,,,,,,7795.0,,,,,,,3767.0,,,,,,,
,,,,,,,,,,7806.0,,,,,,,4651.0,,,,,,,
,,,,,,,,,,239.0,,,,,,,4655.0,,,,,,,
,,,,,,,,,,3884.0,,,,,,,7795.0,,,,,,,
,,,,,,,,,,6402.0,,,,,,,7806.0,,,,,,,
,,,,,,,,,,8852.0,,,,,,,239.0,,,,,,,
,,,,,,,,,,8872.0,,,,,,,3884.0,,,,,,,
,,,,,,,,,,8904.0,,,,,,,6402.0,,,,,,,
,,,,,,,,,,8916.0,,,,,,,8852.0,,,,,,,
,,,,,,,,,,9584.0,,,,,,,8872.0,,,,,,,
,,,,,,,,,,288.0,,,,,,,8904.0,,,,,,,
,,,,,,,,,,355.0,,,,,,,8916.0,,,,,,,
,,,,,,,,,,926.0,,,,,,,9584.0,,,,,,,
,,,,,,,,,,1517.0,,,,,,,288.0,,,,,,,
,,,,,,,,,,1575.0,,,,,,,355.0,,,,,,,
,,,,,,,,,,3360.0,,,,,,,926.0,,,,,,,
,,,,,,,,,,7376.0,,,,,,,1517.0,,,,,,,
,,,,,,,,,,7405.0,,,,,,,1575.0,,,,,,,
,,,,,,,,,,9801.0,,,,,,,3360.0,,,,,,,
,,,,,,,,,,4321.0,,,,,,,7376.0,,,,,,,
,,,,,,,,,,4571.0,,,,,,,7405.0,,,,,,,
,,,,,,,,,,5239.0,,,,,,,9801.0,,,,,,,
,,,,,,,,,,5577.0,,,,,,,4321.0,,,,,,,
,,,,,,,,,,6215.0,,,,,,,4571.0,,,,,,,
,,,,,,,,,,7145.0,,,,,,,5239.0,,,,,,,
,,,,,,,,,,7230.0,,,,,,,5577.0,,,,,,,
,,,,,,,,,,7262.0,,,,,,,6215.0,,,,,,,
,,,,,,,,,,7265.0,,,,,,,7145.0,,,,,,,
,,,,,,,,,,7289.0,,,,,,,7230.0,,,,,,,
,,,,,,,,,,7745.0,,,,,,,7262.0,,,,,,,
,,,,,,,,,,8409.0,,,,,,,7265.0,,,,,,,
,,,,,,,,,,8456.0,,,,,,,7289.0,,,,,,,
,,,,,,,,,,8546.0,,,,,,,7745.0,,,,,,,
,,,,,,,,,,9245.0,,,,,,,8409.0,,,,,,,
,,,,,,,,,,9270.0,,,,,,,8456.0,,,,,,,
,,,,,,,,,,416.0,,,,,,,8546.0,,,,,,,
,,,,,,,,,,3009.0,,,,,,,9245.0,,,,,,,
,,,,,,,,,,5343.0,,,,,,,9270.0,,,,,,,
,,,,,,,,,,6086.0,,,,,,,416.0,,,,,,,
,,,,,,,,,,7777.0,,,,,,,3009.0,,,,,,,
,,,,,,,,,,7923.0,,,,,,,5343.0,,,,,,,
,,,,,,,,,,7954.0,,,,,,,6086.0,,,,,,,
,,,,,,,,,,7980.0,,,,,,,7777.0,,,,,,,
,,,,,,,,,,9392.0,,,,,,,7923.0,,,,,,,
,,,,,,,,,,9742.0,,,,,,,7954.0,,,,,,,
,,,,,,,,,,5468.0,,,,,,,7980.0,,,,,,,
,,,,,,,,,,7007.0,,,,,,,9392.0,,,,,,,
,,,,,,,,,,8125.0,,,,,,,9742.0,,,,,,,
,,,,,,,,,,3917.0,,,,,,,5468.0,,,,,,,
,,,,,,,,,,4549.0,,,,,,,7007.0,,,,,,,
,,,,,,,,,,4978.0,,,,,,,8125.0,,,,,,,
,,,,,,,,,,5884.0,,,,,,,3917.0,,,,,,,
,,,,,,,,,,5899.0,,,,,,,4549.0,,,,,,,
,,,,,,,,,,6856.0,,,,,,,4978.0,,,,,,,
,,,,,,,,,,8140.0,,,,,,,5884.0,,,,,,,
,,,,,,,,,,8159.0,,,,,,,5899.0,,,,,,,
,,,,,,,,,,8167.0,,,,,,,6856.0,,,,,,,
,,,,,,,,,,8214.0,,,,,,,8140.0,,,,,,,
,,,,,,,,,,8231.0,,,,,,,8159.0,,,,,,,
,,,,,,,,,,435.0,,,,,,,8167.0,,,,,,,
,,,,,,,,,,561.0,,,,,,,8214.0,,,,,,,
,,,,,,,,,,999.0,,,,,,,8231.0,,,,,,,
,,,,,,,,,,1083.0,,,,,,,435.0,,,,,,,
,,,,,,,,,,1807.0,,,,,,,561.0,,,,,,,
,,,,,,,,,,1918.0,,,,,,,999.0,,,,,,,
,,,,,,,,,,2075.0,,,,,,,1083.0,,,,,,,
,,,,,,,,,,2127.0,,,,,,,1807.0,,,,,,,
,,,,,,,,,,2378.0,,,,,,,1918.0,,,,,,,
,,,,,,,,,,5799.0,,,,,,,2075.0,,,,,,,
,,,,,,,,,,5826.0,,,,,,,2127.0,,,,,,,
,,,,,,,,,,7361.0,,,,,,,2378.0,,,,,,,
,,,,,,,,,,7484.0,,,,,,,5799.0,,,,,,,
,,,,,,,,,,7561.0,,,,,,,5826.0,,,,,,,
,,,,,,,,,,8522.0,,,,,,,7361.0,,,,,,,
,,,,,,,,,,8545.0,,,,,,,7484.0,,,,,,,
,,,,,,,,,,9073.0,,,,,,,7561.0,,,,,,,
,,,,,,,,,,555.0,,,,,,,8522.0,,,,,,,
,,,,,,,,,,1009.0,,,,,,,8545.0,,,,,,,
,,,,,,,,,,2201.0,,,,,,,9073.0,,,,,,,
,,,,,,,,,,4307.0,,,,,,,555.0,,,,,,,
,,,,,,,,,,4853.0,,,,,,,1009.0,,,,,,,
,,,,,,,,,,5230.0,,,,,,,2201.0,,,,,,,
,,,,,,,,,,5510.0,,,,,,,4307.0,,,,,,,
,,,,,,,,,,6538.0,,,,,,,4853.0,,,,,,,
,,,,,,,,,,6573.0,,,,,,,5230.0,,,,,,,
,,,,,,,,,,7160.0,,,,,,,5510.0,,,,,,,
,,,,,,,,,,7428.0,,,,,,,6538.0,,,,,,,
,,,,,,,,,,7469.0,,,,,,,6573.0,,,,,,,
,,,,,,,,,,7786.0,,,,,,,7160.0,,,,,,,
,,,,,,,,,,7997.0,,,,,,,7428.0,,,,,,,
,,,,,,,,,,8021.0,,,,,,,7469.0,,,,,,,
,,,,,,,,,,8255.0,,,,,,,7786.0,,,,,,,
,,,,,,,,,,9224.0,,,,,,,7997.0,,,,,,,
,,,,,,,,,,9708.0,,,,,,,8021.0,,,,,,,
,,,,,,,,,,1490.0,,,,,,,8255.0,,,,,,,
,,,,,,,,,,4703.0,,,,,,,9224.0,,,,,,,
,,,,,,,,,,6256.0,,,,,,,9708.0,,,,,,,
,,,,,,,,,,602.0,,,,,,,1490.0,,,,,,,
,,,,,,,,,,9020.0,,,,,,,4703.0,,,,,,,
,,,,,,,,,,9232.0,,,,,,,6256.0,,,,,,,
,,,,,,,,,,3144.0,,,,,,,602.0,,,,,,,
,,,,,,,,,,5895.0,,,,,,,9020.0,,,,,,,
,,,,,,,,,,7392.0,,,,,,,9232.0,,,,,,,
,,,,,,,,,,108.0,,,,,,,3144.0,,,,,,,
,,,,,,,,,,4535.0,,,,,,,5895.0,,,,,,,
,,,,,,,,,,5908.0,,,,,,,7392.0,,,,,,,
,,,,,,,,,,6363.0,,,,,,,108.0,,,,,,,
,,,,,,,,,,6399.0,,,,,,,4535.0,,,,,,,
,,,,,,,,,,7533.0,,,,,,,5908.0,,,,,,,
,,,,,,,,,,7595.0,,,,,,,6363.0,,,,,,,
,,,,,,,,,,7609.0,,,,,,,6399.0,,,,,,,
,,,,,,,,,,9960.0,,,,,,,7533.0,,,,,,,
,,,,,,,,,,282.0,,,,,,,7595.0,,,,,,,
,,,,,,,,,,1685.0,,,,,,,7609.0,,,,,,,
,,,,,,,,,,1736.0,,,,,,,9960.0,,,,,,,
,,,,,,,,,,2115.0,,,,,,,282.0,,,,,,,
,,,,,,,,,,2287.0,,,,,,,1685.0,,,,,,,
,,,,,,,,,,3282.0,,,,,,,1736.0,,,,,,,
,,,,,,,,,,4773.0,,,,,,,2115.0,,,,,,,
,,,,,,,,,,4883.0,,,,,,,2287.0,,,,,,,
,,,,,,,,,,5855.0,,,,,,,3282.0,,,,,,,
,,,,,,,,,,6887.0,,,,,,,4773.0,,,,,,,
,,,,,,,,,,7420.0,,,,,,,4883.0,,,,,,,
,,,,,,,,,,7433.0,,,,,,,5855.0,,,,,,,
,,,,,,,,,,7919.0,,,,,,,6887.0,,,,,,,
,,,,,,,,,,7978.0,,,,,,,7420.0,,,,,,,
,,,,,,,,,,8455.0,,,,,,,7433.0,,,,,,,
,,,,,,,,,,8665.0,,,,,,,7919.0,,,,,,,
,,,,,,,,,,8779.0,,,,,,,7978.0,,,,,,,
,,,,,,,,,,9510.0,,,,,,,8455.0,,,,,,,
,,,,,,,,,,9648.0,,,,,,,8665.0,,,,,,,
,,,,,,,,,,4257.0,,,,,,,8779.0,,,,,,,
,,,,,,,,,,5566.0,,,,,,,9510.0,,,,,,,
,,,,,,,,,,5860.0,,,,,,,9648.0,,,,,,,
,,,,,,,,,,6179.0,,,,,,,4257.0,,,,,,,
,,,,,,,,,,6603.0,,,,,,,5566.0,,,,,,,
,,,,,,,,,,6623.0,,,,,,,5860.0,,,,,,,
,,,,,,,,,,7098.0,,,,,,,6179.0,,,,,,,
,,,,,,,,,,7638.0,,,,,,,6603.0,,,,,,,
,,,,,,,,,,7652.0,,,,,,,6623.0,,,,,,,
,,,,,,,,,,7688.0,,,,,,,7098.0,,,,,,,
,,,,,,,,,,8515.0,,,,,,,7638.0,,,,,,,
,,,,,,,,,,9223.0,,,,,,,7652.0,,,,,,,
,,,,,,,,,,1558.0,,,,,,,7688.0,,,,,,,
,,,,,,,,,,3067.0,,,,,,,8515.0,,,,,,,
,,,,,,,,,,6235.0,,,,,,,9223.0,,,,,,,
,,,,,,,,,,6691.0,,,,,,,1558.0,,,,,,,
,,,,,,,,,,9333.0,,,,,,,3067.0,,,,,,,
,,,,,,,,,,4174.0,,,,,,,6235.0,,,,,,,
,,,,,,,,,,6910.0,,,,,,,6691.0,,,,,,,
,,,,,,,,,,211.0,,,,,,,9333.0,,,,,,,
,,,,,,,,,,301.0,,,,,,,4174.0,,,,,,,
,,,,,,,,,,331.0,,,,,,,6910.0,,,,,,,
,,,,,,,,,,363.0,,,,,,,211.0,,,,,,,
,,,,,,,,,,475.0,,,,,,,301.0,,,,,,,
,,,,,,,,,,483.0,,,,,,,331.0,,,,,,,
,,,,,,,,,,521.0,,,,,,,363.0,,,,,,,
,,,,,,,,,,523.0,,,,,,,475.0,,,,,,,
,,,,,,,,,,552.0,,,,,,,483.0,,,,,,,
,,,,,,,,,,678.0,,,,,,,521.0,,,,,,,
,,,,,,,,,,1077.0,,,,,,,523.0,,,,,,,
,,,,,,,,,,1148.0,,,,,,,552.0,,,,,,,
,,,,,,,,,,1234.0,,,,,,,678.0,,,,,,,
,,,,,,,,,,1377.0,,,,,,,1077.0,,,,,,,
,,,,,,,,,,1739.0,,,,,,,1148.0,,,,,,,
,,,,,,,,,,2144.0,,,,,,,1234.0,,,,,,,
,,,,,,,,,,2277.0,,,,,,,1377.0,,,,,,,
,,,,,,,,,,2319.0,,,,,,,1739.0,,,,,,,
,,,,,,,,,,2417.0,,,,,,,2144.0,,,,,,,
,,,,,,,,,,2473.0,,,,,,,2277.0,,,,,,,
,,,,,,,,,,2786.0,,,,,,,2319.0,,,,,,,
,,,,,,,,,,2791.0,,,,,,,2417.0,,,,,,,
,,,,,,,,,,3018.0,,,,,,,2473.0,,,,,,,
,,,,,,,,,,3066.0,,,,,,,2786.0,,,,,,,
,,,,,,,,,,3239.0,,,,,,,2791.0,,,,,,,
,,,,,,,,,,3286.0,,,,,,,3018.0,,,,,,,
,,,,,,,,,,3563.0,,,,,,,3066.0,,,,,,,
,,,,,,,,,,3829.0,,,,,,,3239.0,,,,,,,
,,,,,,,,,,3833.0,,,,,,,3286.0,,,,,,,
,,,,,,,,,,3987.0,,,,,,,3563.0,,,,,,,
,,,,,,,,,,4020.0,,,,,,,3829.0,,,,,,,
,,,,,,,,,,4223.0,,,,,,,3833.0,,,,,,,
,,,,,,,,,,4427.0,,,,,,,3987.0,,,,,,,
,,,,,,,,,,4671.0,,,,,,,4020.0,,,,,,,
,,,,,,,,,,4983.0,,,,,,,4223.0,,,,,,,
,,,,,,,,,,4996.0,,,,,,,4427.0,,,,,,,
,,,,,,,,,,5322.0,,,,,,,4671.0,,,,,,,
,,,,,,,,,,5561.0,,,,,,,4983.0,,,,,,,
,,,,,,,,,,5813.0,,,,,,,4996.0,,,,,,,
,,,,,,,,,,6088.0,,,,,,,5322.0,,,,,,,
,,,,,,,,,,6437.0,,,,,,,5561.0,,,,,,,
,,,,,,,,,,6828.0,,,,,,,5813.0,,,,,,,
,,,,,,,,,,7099.0,,,,,,,6088.0,,,,,,,
,,,,,,,,,,7421.0,,,,,,,6437.0,,,,,,,
,,,,,,,,,,7439.0,,,,,,,6828.0,,,,,,,
,,,,,,,,,,7669.0,,,,,,,7099.0,,,,,,,
,,,,,,,,,,7811.0,,,,,,,7421.0,,,,,,,
,,,,,,,,,,8002.0,,,,,,,7439.0,,,,,,,
,,,,,,,,,,8407.0,,,,,,,7669.0,,,,,,,
,,,,,,,,,,8434.0,,,,,,,7811.0,,,,,,,
,,,,,,,,,,8437.0,,,,,,,8002.0,,,,,,,
,,,,,,,,,,8438.0,,,,,,,8407.0,,,,,,,
,,,,,,,,,,8642.0,,,,,,,8434.0,,,,,,,
,,,,,,,,,,8703.0,,,,,,,8437.0,,,,,,,
,,,,,,,,,,8718.0,,,,,,,8438.0,,,,,,,
,,,,,,,,,,9294.0,,,,,,,8642.0,,,,,,,
,,,,,,,,,,9326.0,,,,,,,8703.0,,,,,,,
,,,,,,,,,,9353.0,,,,,,,8718.0,,,,,,,
,,,,,,,,,,9358.0,,,,,,,9294.0,,,,,,,
,,,,,,,,,,9487.0,,,,,,,9326.0,,,,,,,
,,,,,,,,,,9540.0,,,,,,,9353.0,,,,,,,
,,,,,,,,,,9542.0,,,,,,,9358.0,,,,,,,
,,,,,,,,,,9606.0,,,,,,,9487.0,,,,,,,
,,,,,,,,,,9721.0,,,,,,,9540.0,,,,,,,
,,,,,,,,,,9734.0,,,,,,,9542.0,,,,,,,
,,,,,,,,,,9737.0,,,,,,,9606.0,,,,,,,
,,,,,,,,,,9834.0,,,,,,,9721.0,,,,,,,
,,,,,,,,,,9928.0,,,,,,,9734.0,,,,,,,
,,,,,,,,,,2693.0,,,,,,,9737.0,,,,,,,
,,,,,,,,,,7809.0,,,,,,,9834.0,,,,,,,
,,,,,,,,,,814.0,,,,,,,9928.0,,,,,,,
,,,,,,,,,,6231.0,,,,,,,2693.0,,,,,,,
,,,,,,,,,,6237.0,,,,,,,7809.0,,,,,,,
,,,,,,,,,,6781.0,,,,,,,814.0,,,,,,,
,,,,,,,,,,7695.0,,,,,,,6231.0,,,,,,,
,,,,,,,,,,8060.0,,,,,,,6237.0,,,,,,,
,,,,,,,,,,8443.0,,,,,,,6781.0,,,,,,,
,,,,,,,,,,9711.0,,,,,,,7695.0,,,,,,,
,,,,,,,,,,1566.0,,,,,,,8060.0,,,,,,,
,,,,,,,,,,2401.0,,,,,,,8443.0,,,,,,,
,,,,,,,,,,3010.0,,,,,,,9711.0,,,,,,,
,,,,,,,,,,3308.0,,,,,,,1566.0,,,,,,,
,,,,,,,,,,3629.0,,,,,,,2401.0,,,,,,,
,,,,,,,,,,4269.0,,,,,,,3010.0,,,,,,,
,,,,,,,,,,4981.0,,,,,,,3308.0,,,,,,,
,,,,,,,,,,5157.0,,,,,,,3629.0,,,,,,,
,,,,,,,,,,5257.0,,,,,,,4269.0,,,,,,,
,,,,,,,,,,5515.0,,,,,,,4981.0,,,,,,,
,,,,,,,,,,5556.0,,,,,,,5157.0,,,,,,,
,,,,,,,,,,5716.0,,,,,,,5257.0,,,,,,,
,,,,,,,,,,6569.0,,,,,,,5515.0,,,,,,,
,,,,,,,,,,6927.0,,,,,,,5556.0,,,,,,,
,,,,,,,,,,7093.0,,,,,,,5716.0,,,,,,,
,,,,,,,,,,8398.0,,,,,,,6569.0,,,,,,,
,,,,,,,,,,8446.0,,,,,,,6927.0,,,,,,,
,,,,,,,,,,8564.0,,,,,,,7093.0,,,,,,,
,,,,,,,,,,9599.0,,,,,,,8398.0,,,,,,,
,,,,,,,,,,9954.0,,,,,,,8446.0,,,,,,,
,,,,,,,,,,1121.0,,,,,,,8564.0,,,,,,,
,,,,,,,,,,1407.0,,,,,,,9599.0,,,,,,,
,,,,,,,,,,6825.0,,,,,,,9954.0,,,,,,,
,,,,,,,,,,6862.0,,,,,,,1121.0,,,,,,,
,,,,,,,,,,7628.0,,,,,,,1407.0,,,,,,,
,,,,,,,,,,9456.0,,,,,,,6825.0,,,,,,,
,,,,,,,,,,9520.0,,,,,,,6862.0,,,,,,,
,,,,,,,,,,9568.0,,,,,,,7628.0,,,,,,,
,,,,,,,,,,9571.0,,,,,,,9456.0,,,,,,,
,,,,,,,,,,9605.0,,,,,,,9520.0,,,,,,,
,,,,,,,,,,9663.0,,,,,,,9568.0,,,,,,,
,,,,,,,,,,9665.0,,,,,,,9571.0,,,,,,,
,,,,,,,,,,4551.0,,,,,,,9605.0,,,,,,,
,,,,,,,,,,5841.0,,,,,,,9663.0,,,,,,,
,,,,,,,,,,5852.0,,,,,,,9665.0,,,,,,,
,,,,,,,,,,5906.0,,,,,,,4551.0,,,,,,,
,,,,,,,,,,7390.0,,,,,,,5841.0,,,,,,,
,,,,,,,,,,8088.0,,,,,,,5852.0,,,,,,,
,,,,,,,,,,8155.0,,,,,,,5906.0,,,,,,,
,,,,,,,,,,9993.0,,,,,,,7390.0,,,,,,,
,,,,,,,,,,1294.0,,,,,,,8088.0,,,,,,,
,,,,,,,,,,6911.0,,,,,,,8155.0,,,,,,,
,,,,,,,,,,8045.0,,,,,,,9993.0,,,,,,,
,,,,,,,,,,8279.0,,,,,,,1294.0,,,,,,,
,,,,,,,,,,8558.0,,,,,,,6911.0,,,,,,,
,,,,,,,,,,8591.0,,,,,,,8045.0,,,,,,,
,,,,,,,,,,8635.0,,,,,,,8279.0,,,,,,,
,,,,,,,,,,8677.0,,,,,,,8558.0,,,,,,,
,,,,,,,,,,1602.0,,,,,,,8591.0,,,,,,,
,,,,,,,,,,1932.0,,,,,,,8635.0,,,,,,,
,,,,,,,,,,2587.0,,,,,,,8677.0,,,,,,,
,,,,,,,,,,3552.0,,,,,,,1602.0,,,,,,,
,,,,,,,,,,3789.0,,,,,,,1932.0,,,,,,,
,,,,,,,,,,4138.0,,,,,,,2587.0,,,,,,,
,,,,,,,,,,4234.0,,,,,,,3552.0,,,,,,,
,,,,,,,,,,4772.0,,,,,,,3789.0,,,,,,,
,,,,,,,,,,5600.0,,,,,,,4138.0,,,,,,,
,,,,,,,,,,5767.0,,,,,,,4234.0,,,,,,,
,,,,,,,,,,5800.0,,,,,,,4772.0,,,,,,,
,,,,,,,,,,6244.0,,,,,,,5600.0,,,,,,,
,,,,,,,,,,7856.0,,,,,,,5767.0,,,,,,,
,,,,,,,,,,8023.0,,,,,,,5800.0,,,,,,,
,,,,,,,,,,8116.0,,,,,,,6244.0,,,,,,,
,,,,,,,,,,1464.0,,,,,,,7856.0,,,,,,,
,,,,,,,,,,3599.0,,,,,,,8023.0,,,,,,,
,,,,,,,,,,5306.0,,,,,,,8116.0,,,,,,,
,,,,,,,,,,5334.0,,,,,,,1464.0,,,,,,,
,,,,,,,,,,5364.0,,,,,,,3599.0,,,,,,,
,,,,,,,,,,6279.0,,,,,,,5306.0,,,,,,,
,,,,,,,,,,6834.0,,,,,,,5334.0,,,,,,,
,,,,,,,,,,6841.0,,,,,,,5364.0,,,,,,,
,,,,,,,,,,6875.0,,,,,,,6279.0,,,,,,,
,,,,,,,,,,7389.0,,,,,,,6834.0,,,,,,,
,,,,,,,,,,7454.0,,,,,,,6841.0,,,,,,,
,,,,,,,,,,8025.0,,,,,,,6875.0,,,,,,,
,,,,,,,,,,8803.0,,,,,,,7389.0,,,,,,,
,,,,,,,,,,8886.0,,,,,,,7454.0,,,,,,,
,,,,,,,,,,9477.0,,,,,,,8025.0,,,,,,,
,,,,,,,,,,9673.0,,,,,,,8803.0,,,,,,,
,,,,,,,,,,5356.0,,,,,,,8886.0,,,,,,,
,,,,,,,,,,5913.0,,,,,,,9477.0,,,,,,,
,,,,,,,,,,6407.0,,,,,,,9673.0,,,,,,,
,,,,,,,,,,6456.0,,,,,,,5356.0,,,,,,,
,,,,,,,,,,6890.0,,,,,,,5913.0,,,,,,,
,,,,,,,,,,7445.0,,,,,,,6407.0,,,,,,,
,,,,,,,,,,7542.0,,,,,,,6456.0,,,,,,,
,,,,,,,,,,8018.0,,,,,,,6890.0,,,,,,,
,,,,,,,,,,8633.0,,,,,,,7445.0,,,,,,,
,,,,,,,,,,9612.0,,,,,,,7542.0,,,,,,,
,,,,,,,,,,6368.0,,,,,,,8018.0,,,,,,,
,,,,,,,,,,1235.0,,,,,,,8633.0,,,,,,,
,,,,,,,,,,5345.0,,,,,,,9612.0,,,,,,,
,,,,,,,,,,9001.0,,,,,,,6368.0,,,,,,,
,,,,,,,,,,9321.0,,,,,,,1235.0,,,,,,,
,,,,,,,,,,3791.0,,,,,,,5345.0,,,,,,,
,,,,,,,,,,4236.0,,,,,,,9001.0,,,,,,,
,,,,,,,,,,5788.0,,,,,,,9321.0,,,,,,,
,,,,,,,,,,6063.0,,,,,,,3791.0,,,,,,,
,,,,,,,,,,6069.0,,,,,,,4236.0,,,,,,,
,,,,,,,,,,6078.0,,,,,,,5788.0,,,,,,,
,,,,,,,,,,6097.0,,,,,,,6063.0,,,,,,,
,,,,,,,,,,7705.0,,,,,,,6069.0,,,,,,,
,,,,,,,,,,9054.0,,,,,,,6078.0,,,,,,,
,,,,,,,,,,9830.0,,,,,,,6097.0,,,,,,,
,,,,,,,,,,632.0,,,,,,,7705.0,,,,,,,
,,,,,,,,,,1434.0,,,,,,,9054.0,,,,,,,
,,,,,,,,,,1590.0,,,,,,,9830.0,,,,,,,
,,,,,,,,,,3510.0,,,,,,,632.0,,,,,,,
,,,,,,,,,,3890.0,,,,,,,1434.0,,,,,,,
,,,,,,,,,,6845.0,,,,,,,1590.0,,,,,,,
,,,,,,,,,,7386.0,,,,,,,3510.0,,,,,,,
,,,,,,,,,,7771.0,,,,,,,3890.0,,,,,,,
,,,,,,,,,,7903.0,,,,,,,6845.0,,,,,,,
,,,,,,,,,,7911.0,,,,,,,7386.0,,,,,,,
,,,,,,,,,,8144.0,,,,,,,7771.0,,,,,,,
,,,,,,,,,,8216.0,,,,,,,7903.0,,,,,,,
,,,,,,,,,,8526.0,,,,,,,7911.0,,,,,,,
,,,,,,,,,,8874.0,,,,,,,8049.0,,,,,,,
,,,,,,,,,,9208.0,,,,,,,8144.0,,,,,,,
,,,,,,,,,,9335.0,,,,,,,8216.0,,,,,,,
,,,,,,,,,,9651.0,,,,,,,8526.0,,,,,,,
,,,,,,,,,,3431.0,,,,,,,8874.0,,,,,,,
,,,,,,,,,,3468.0,,,,,,,9208.0,,,,,,,
,,,,,,,,,,6316.0,,,,,,,9335.0,,,,,,,
,,,,,,,,,,6374.0,,,,,,,9651.0,,,,,,,
,,,,,,,,,,6400.0,,,,,,,3431.0,,,,,,,
,,,,,,,,,,6780.0,,,,,,,3468.0,,,,,,,
,,,,,,,,,,7605.0,,,,,,,6316.0,,,,,,,
,,,,,,,,,,7892.0,,,,,,,6374.0,,,,,,,
,,,,,,,,,,7924.0,,,,,,,6400.0,,,,,,,
,,,,,,,,,,7976.0,,,,,,,6780.0,,,,,,,
,,,,,,,,,,8007.0,,,,,,,7605.0,,,,,,,
,,,,,,,,,,9212.0,,,,,,,7892.0,,,,,,,
,,,,,,,,,,9296.0,,,,,,,7924.0,,,,,,,
,,,,,,,,,,9324.0,,,,,,,7976.0,,,,,,,
,,,,,,,,,,9484.0,,,,,,,8007.0,,,,,,,
,,,,,,,,,,9555.0,,,,,,,9212.0,,,,,,,
,,,,,,,,,,9565.0,,,,,,,9296.0,,,,,,,
,,,,,,,,,,9598.0,,,,,,,9324.0,,,,,,,
,,,,,,,,,,9815.0,,,,,,,9484.0,,,,,,,
,,,,,,,,,,9924.0,,,,,,,9555.0,,,,,,,
,,,,,,,,,,2794.0,,,,,,,9565.0,,,,,,,
,,,,,,,,,,4085.0,,,,,,,9598.0,,,,,,,
,,,,,,,,,,7938.0,,,,,,,9815.0,,,,,,,
,,,,,,,,,,6442.0,,,,,,,9924.0,,,,,,,
,,,,,,,,,,7206.0,,,,,,,2794.0,,,,,,,
,,,,,,,,,,419.0,,,,,,,4085.0,,,,,,,
,,,,,,,,,,804.0,,,,,,,7938.0,,,,,,,
,,,,,,,,,,2152.0,,,,,,,6442.0,,,,,,,
,,,,,,,,,,3442.0,,,,,,,7206.0,,,,,,,
,,,,,,,,,,4081.0,,,,,,,419.0,,,,,,,
,,,,,,,,,,4161.0,,,,,,,804.0,,,,,,,
,,,,,,,,,,4629.0,,,,,,,2152.0,,,,,,,
,,,,,,,,,,6151.0,,,,,,,3442.0,,,,,,,
,,,,,,,,,,6218.0,,,,,,,4081.0,,,,,,,
,,,,,,,,,,6310.0,,,,,,,4161.0,,,,,,,
,,,,,,,,,,6327.0,,,,,,,4629.0,,,,,,,
,,,,,,,,,,6358.0,,,,,,,6151.0,,,,,,,
,,,,,,,,,,6606.0,,,,,,,6218.0,,,,,,,
,,,,,,,,,,6794.0,,,,,,,6310.0,,,,,,,
,,,,,,,,,,6807.0,,,,,,,6327.0,,,,,,,
,,,,,,,,,,7914.0,,,,,,,6358.0,,,,,,,
,,,,,,,,,,7920.0,,,,,,,6606.0,,,,,,,
,,,,,,,,,,8013.0,,,,,,,6794.0,,,,,,,
,,,,,,,,,,8156.0,,,,,,,6807.0,,,,,,,
,,,,,,,,,,9056.0,,,,,,,7914.0,,,,,,,
,,,,,,,,,,9322.0,,,,,,,7920.0,,,,,,,
,,,,,,,,,,1451.0,,,,,,,8013.0,,,,,,,
,,,,,,,,,,1645.0,,,,,,,8156.0,,,,,,,
,,,,,,,,,,2159.0,,,,,,,9056.0,,,,,,,
,,,,,,,,,,2412.0,,,,,,,9322.0,,,,,,,
,,,,,,,,,,7807.0,,,,,,,1451.0,,,,,,,
,,,,,,,,,,7940.0,,,,,,,1645.0,,,,,,,
,,,,,,,,,,9402.0,,,,,,,2159.0,,,,,,,
,,,,,,,,,,9569.0,,,,,,,2412.0,,,,,,,
,,,,,,,,,,3554.0,,,,,,,7807.0,,,,,,,
,,,,,,,,,,4499.0,,,,,,,7940.0,,,,,,,
,,,,,,,,,,6290.0,,,,,,,9402.0,,,,,,,
,,,,,,,,,,6339.0,,,,,,,9569.0,,,,,,,
,,,,,,,,,,6343.0,,,,,,,3554.0,,,,,,,
,,,,,,,,,,6684.0,,,,,,,4499.0,,,,,,,
,,,,,,,,,,6695.0,,,,,,,6290.0,,,,,,,
,,,,,,,,,,6944.0,,,,,,,6339.0,,,,,,,
,,,,,,,,,,7836.0,,,,,,,6343.0,,,,,,,
,,,,,,,,,,7894.0,,,,,,,6684.0,,,,,,,
,,,,,,,,,,8624.0,,,,,,,6695.0,,,,,,,
,,,,,,,,,,9595.0,,,,,,,6944.0,,,,,,,
,,,,,,,,,,9601.0,,,,,,,7836.0,,,,,,,
,,,,,,,,,,9615.0,,,,,,,7894.0,,,,,,,
,,,,,,,,,,9652.0,,,,,,,8624.0,,,,,,,
,,,,,,,,,,9850.0,,,,,,,9595.0,,,,,,,
,,,,,,,,,,7373.0,,,,,,,9601.0,,,,,,,
,,,,,,,,,,7651.0,,,,,,,9615.0,,,,,,,
,,,,,,,,,,5747.0,,,,,,,9652.0,,,,,,,
,,,,,,,,,,6748.0,,,,,,,9850.0,,,,,,,
,,,,,,,,,,7767.0,,,,,,,7373.0,,,,,,,
,,,,,,,,,,473.0,,,,,,,7651.0,,,,,,,
,,,,,,,,,,2339.0,,,,,,,5747.0,,,,,,,
,,,,,,,,,,4325.0,,,,,,,6748.0,,,,,,,
,,,,,,,,,,5169.0,,,,,,,7767.0,,,,,,,
,,,,,,,,,,5202.0,,,,,,,473.0,,,,,,,
,,,,,,,,,,6784.0,,,,,,,2339.0,,,,,,,
,,,,,,,,,,6786.0,,,,,,,4325.0,,,,,,,
,,,,,,,,,,8257.0,,,,,,,5169.0,,,,,,,
,,,,,,,,,,8452.0,,,,,,,5202.0,,,,,,,
,,,,,,,,,,8521.0,,,,,,,6784.0,,,,,,,
,,,,,,,,,,8597.0,,,,,,,6786.0,,,,,,,
,,,,,,,,,,8646.0,,,,,,,8257.0,,,,,,,
,,,,,,,,,,8816.0,,,,,,,8452.0,,,,,,,
,,,,,,,,,,1448.0,,,,,,,8521.0,,,,,,,
,,,,,,,,,,1610.0,,,,,,,8597.0,,,,,,,
,,,,,,,,,,1852.0,,,,,,,8646.0,,,,,,,
,,,,,,,,,,2132.0,,,,,,,8816.0,,,,,,,
,,,,,,,,,,2173.0,,,,,,,1448.0,,,,,,,
,,,,,,,,,,2374.0,,,,,,,1610.0,,,,,,,
,,,,,,,,,,3835.0,,,,,,,1852.0,,,,,,,
,,,,,,,,,,6725.0,,,,,,,2132.0,,,,,,,
,,,,,,,,,,7264.0,,,,,,,2173.0,,,,,,,
,,,,,,,,,,7317.0,,,,,,,2374.0,,,,,,,
,,,,,,,,,,7387.0,,,,,,,3835.0,,,,,,,
,,,,,,,,,,7773.0,,,,,,,6725.0,,,,,,,
,,,,,,,,,,7852.0,,,,,,,7264.0,,,,,,,
,,,,,,,,,,8318.0,,,,,,,7317.0,,,,,,,
,,,,,,,,,,8592.0,,,,,,,7387.0,,,,,,,
,,,,,,,,,,8800.0,,,,,,,7773.0,,,,,,,
,,,,,,,,,,4776.0,,,,,,,7852.0,,,,,,,
,,,,,,,,,,6242.0,,,,,,,8318.0,,,,,,,
,,,,,,,,,,6289.0,,,,,,,8592.0,,,,,,,
,,,,,,,,,,6331.0,,,,,,,8800.0,,,,,,,
,,,,,,,,,,7915.0,,,,,,,4776.0,,,,,,,
,,,,,,,,,,8029.0,,,,,,,6242.0,,,,,,,
,,,,,,,,,,8584.0,,,,,,,6289.0,,,,,,,
,,,,,,,,,,9256.0,,,,,,,6331.0,,,,,,,
,,,,,,,,,,9286.0,,,,,,,7915.0,,,,,,,
,,,,,,,,,,9319.0,,,,,,,8029.0,,,,,,,
,,,,,,,,,,7177.0,,,,,,,8584.0,,,,,,,
,,,,,,,,,,8609.0,,,,,,,9256.0,,,,,,,
,,,,,,,,,,9829.0,,,,,,,9286.0,,,,,,,
,,,,,,,,,,7562.0,,,,,,,9319.0,,,,,,,
,,,,,,,,,,1115.0,,,,,,,7177.0,,,,,,,
,,,,,,,,,,2420.0,,,,,,,8609.0,,,,,,,
,,,,,,,,,,3042.0,,,,,,,9829.0,,,,,,,
,,,,,,,,,,4190.0,,,,,,,7562.0,,,,,,,
,,,,,,,,,,6009.0,,,,,,,1115.0,,,,,,,
,,,,,,,,,,6090.0,,,,,,,2420.0,,,,,,,
,,,,,,,,,,6679.0,,,,,,,3042.0,,,,,,,
,,,,,,,,,,6715.0,,,,,,,4190.0,,,,,,,
,,,,,,,,,,7229.0,,,,,,,6009.0,,,,,,,
,,,,,,,,,,7907.0,,,,,,,6090.0,,,,,,,
,,,,,,,,,,8033.0,,,,,,,6679.0,,,,,,,
,,,,,,,,,,9042.0,,,,,,,6715.0,,,,,,,
,,,,,,,,,,9254.0,,,,,,,7229.0,,,,,,,
,,,,,,,,,,9290.0,,,,,,,7907.0,,,,,,,
,,,,,,,,,,9672.0,,,,,,,8033.0,,,,,,,
,,,,,,,,,,9905.0,,,,,,,9042.0,,,,,,,
,,,,,,,,,,752.0,,,,,,,9254.0,,,,,,,
,,,,,,,,,,755.0,,,,,,,9290.0,,,,,,,
,,,,,,,,,,855.0,,,,,,,9672.0,,,,,,,
,,,,,,,,,,1164.0,,,,,,,9905.0,,,,,,,
,,,,,,,,,,1167.0,,,,,,,752.0,,,,,,,
,,,,,,,,,,1634.0,,,,,,,755.0,,,,,,,
,,,,,,,,,,2098.0,,,,,,,855.0,,,,,,,
,,,,,,,,,,2330.0,,,,,,,1164.0,,,,,,,
,,,,,,,,,,2785.0,,,,,,,1167.0,,,,,,,
,,,,,,,,,,3659.0,,,,,,,1634.0,,,,,,,
,,,,,,,,,,4536.0,,,,,,,2098.0,,,,,,,
,,,,,,,,,,4555.0,,,,,,,2330.0,,,,,,,
,,,,,,,,,,5339.0,,,,,,,2785.0,,,,,,,
,,,,,,,,,,5923.0,,,,,,,3659.0,,,,,,,
,,,,,,,,,,6850.0,,,,,,,4536.0,,,,,,,
,,,,,,,,,,6888.0,,,,,,,4555.0,,,,,,,
,,,,,,,,,,7360.0,,,,,,,5339.0,,,,,,,
,,,,,,,,,,7395.0,,,,,,,5923.0,,,,,,,
,,,,,,,,,,7424.0,,,,,,,6850.0,,,,,,,
,,,,,,,,,,7435.0,,,,,,,6888.0,,,,,,,
,,,,,,,,,,8182.0,,,,,,,7360.0,,,,,,,
,,,,,,,,,,9307.0,,,,,,,7395.0,,,,,,,
,,,,,,,,,,9531.0,,,,,,,7424.0,,,,,,,
,,,,,,,,,,9549.0,,,,,,,7435.0,,,,,,,
,,,,,,,,,,9633.0,,,,,,,8182.0,,,,,,,
,,,,,,,,,,9662.0,,,,,,,9307.0,,,,,,,
,,,,,,,,,,4135.0,,,,,,,9531.0,,,,,,,
,,,,,,,,,,5778.0,,,,,,,9549.0,,,,,,,
,,,,,,,,,,5823.0,,,,,,,9633.0,,,,,,,
,,,,,,,,,,5859.0,,,,,,,9662.0,,,,,,,
,,,,,,,,,,6233.0,,,,,,,4135.0,,,,,,,
,,,,,,,,,,6926.0,,,,,,,5778.0,,,,,,,
,,,,,,,,,,7355.0,,,,,,,5823.0,,,,,,,
,,,,,,,,,,7458.0,,,,,,,5859.0,,,,,,,
,,,,,,,,,,8669.0,,,,,,,6233.0,,,,,,,
,,,,,,,,,,8691.0,,,,,,,6926.0,,,,,,,
,,,,,,,,,,9276.0,,,,,,,7355.0,,,,,,,
,,,,,,,,,,9373.0,,,,,,,7458.0,,,,,,,
,,,,,,,,,,9390.0,,,,,,,8669.0,,,,,,,
,,,,,,,,,,2636.0,,,,,,,8691.0,,,,,,,
,,,,,,,,,,4847.0,,,,,,,9276.0,,,,,,,
,,,,,,,,,,6370.0,,,,,,,9373.0,,,,,,,
,,,,,,,,,,6373.0,,,,,,,9390.0,,,,,,,
,,,,,,,,,,7952.0,,,,,,,2636.0,,,,,,,
,,,,,,,,,,8022.0,,,,,,,4847.0,,,,,,,
,,,,,,,,,,8351.0,,,,,,,6370.0,,,,,,,
,,,,,,,,,,8627.0,,,,,,,6373.0,,,,,,,
,,,,,,,,,,9404.0,,,,,,,7952.0,,,,,,,
,,,,,,,,,,9809.0,,,,,,,8022.0,,,,,,,
,,,,,,,,,,7143.0,,,,,,,8351.0,,,,,,,
,,,,,,,,,,8389.0,,,,,,,8627.0,,,,,,,
,,,,,,,,,,9689.0,,,,,,,9404.0,,,,,,,
,,,,,,,,,,3807.0,,,,,,,9809.0,,,,,,,
,,,,,,,,,,7233.0,,,,,,,7143.0,,,,,,,
,,,,,,,,,,7837.0,,,,,,,8389.0,,,,,,,
,,,,,,,,,,8423.0,,,,,,,9689.0,,,,,,,
,,,,,,,,,,8622.0,,,,,,,3807.0,,,,,,,
,,,,,,,,,,8727.0,,,,,,,7233.0,,,,,,,
,,,,,,,,,,9909.0,,,,,,,7837.0,,,,,,,
,,,,,,,,,,2810.0,,,,,,,8423.0,,,,,,,
,,,,,,,,,,3117.0,,,,,,,8622.0,,,,,,,
,,,,,,,,,,3326.0,,,,,,,8727.0,,,,,,,
,,,,,,,,,,4166.0,,,,,,,9909.0,,,,,,,
,,,,,,,,,,4537.0,,,,,,,2810.0,,,,,,,
,,,,,,,,,,5380.0,,,,,,,3117.0,,,,,,,
,,,,,,,,,,5784.0,,,,,,,3326.0,,,,,,,
,,,,,,,,,,5856.0,,,,,,,4166.0,,,,,,,
,,,,,,,,,,5864.0,,,,,,,4537.0,,,,,,,
,,,,,,,,,,5898.0,,,,,,,5380.0,,,,,,,
,,,,,,,,,,5901.0,,,,,,,5784.0,,,,,,,
,,,,,,,,,,6818.0,,,,,,,5856.0,,,,,,,
,,,,,,,,,,6843.0,,,,,,,5864.0,,,,,,,
,,,,,,,,,,7423.0,,,,,,,5898.0,,,,,,,
,,,,,,,,,,7486.0,,,,,,,5901.0,,,,,,,
,,,,,,,,,,7631.0,,,,,,,6818.0,,,,,,,
,,,,,,,,,,8641.0,,,,,,,6843.0,,,,,,,
,,,,,,,,,,9515.0,,,,,,,7423.0,,,,,,,
,,,,,,,,,,839.0,,,,,,,7486.0,,,,,,,
,,,,,,,,,,5880.0,,,,,,,7631.0,,,,,,,
,,,,,,,,,,6149.0,,,,,,,8641.0,,,,,,,
,,,,,,,,,,6819.0,,,,,,,9515.0,,,,,,,
,,,,,,,,,,7260.0,,,,,,,839.0,,,,,,,
,,,,,,,,,,7302.0,,,,,,,5880.0,,,,,,,
,,,,,,,,,,7432.0,,,,,,,6149.0,,,,,,,
,,,,,,,,,,7442.0,,,,,,,6819.0,,,,,,,
,,,,,,,,,,7456.0,,,,,,,7260.0,,,,,,,
,,,,,,,,,,8649.0,,,,,,,7302.0,,,,,,,
,,,,,,,,,,8966.0,,,,,,,7432.0,,,,,,,
,,,,,,,,,,9988.0,,,,,,,7442.0,,,,,,,
,,,,,,,,,,2354.0,,,,,,,7456.0,,,,,,,
,,,,,,,,,,4488.0,,,,,,,8649.0,,,,,,,
,,,,,,,,,,6443.0,,,,,,,8966.0,,,,,,,
,,,,,,,,,,7319.0,,,,,,,9988.0,,,,,,,
,,,,,,,,,,7412.0,,,,,,,2354.0,,,,,,,
,,,,,,,,,,7465.0,,,,,,,4488.0,,,,,,,
,,,,,,,,,,8881.0,,,,,,,6443.0,,,,,,,
,,,,,,,,,,8906.0,,,,,,,7319.0,,,,,,,
,,,,,,,,,,9285.0,,,,,,,7412.0,,,,,,,
,,,,,,,,,,2721.0,,,,,,,7465.0,,,,,,,
,,,,,,,,,,9724.0,,,,,,,8881.0,,,,,,,
,,,,,,,,,,6943.0,,,,,,,8906.0,,,,,,,
,,,,,,,,,,6961.0,,,,,,,9285.0,,,,,,,
,,,,,,,,,,3773.0,,,,,,,2721.0,,,,,,,
,,,,,,,,,,5956.0,,,,,,,9724.0,,,,,,,
,,,,,,,,,,6711.0,,,,,,,6943.0,,,,,,,
,,,,,,,,,,7818.0,,,,,,,6961.0,,,,,,,
,,,,,,,,,,8613.0,,,,,,,3773.0,,,,,,,
,,,,,,,,,,9344.0,,,,,,,5956.0,,,,,,,
,,,,,,,,,,9388.0,,,,,,,6711.0,,,,,,,
,,,,,,,,,,9957.0,,,,,,,7818.0,,,,,,,
,,,,,,,,,,9964.0,,,,,,,8613.0,,,,,,,
,,,,,,,,,,9984.0,,,,,,,9344.0,,,,,,,
,,,,,,,,,,4993.0,,,,,,,9388.0,,,,,,,
,,,,,,,,,,1520.0,,,,,,,9957.0,,,,,,,
,,,,,,,,,,1686.0,,,,,,,9964.0,,,,,,,
,,,,,,,,,,2175.0,,,,,,,9984.0,,,,,,,
,,,,,,,,,,2398.0,,,,,,,4993.0,,,,,,,
,,,,,,,,,,2982.0,,,,,,,1520.0,,,,,,,
,,,,,,,,,,4035.0,,,,,,,1686.0,,,,,,,
,,,,,,,,,,5254.0,,,,,,,2175.0,,,,,,,
,,,,,,,,,,6668.0,,,,,,,2398.0,,,,,,,
,,,,,,,,,,6762.0,,,,,,,2982.0,,,,,,,
,,,,,,,,,,6974.0,,,,,,,4035.0,,,,,,,
,,,,,,,,,,7904.0,,,,,,,5254.0,,,,,,,
,,,,,,,,,,8449.0,,,,,,,6668.0,,,,,,,
,,,,,,,,,,8652.0,,,,,,,6762.0,,,,,,,
,,,,,,,,,,8935.0,,,,,,,6974.0,,,,,,,
,,,,,,,,,,9289.0,,,,,,,7904.0,,,,,,,
,,,,,,,,,,9310.0,,,,,,,8449.0,,,,,,,
,,,,,,,,,,9365.0,,,,,,,8652.0,,,,,,,
,,,,,,,,,,9481.0,,,,,,,8935.0,,,,,,,
,,,,,,,,,,661.0,,,,,,,9289.0,,,,,,,
,,,,,,,,,,3818.0,,,,,,,9310.0,,,,,,,
,,,,,,,,,,3902.0,,,,,,,9365.0,,,,,,,
,,,,,,,,,,5321.0,,,,,,,9481.0,,,,,,,
,,,,,,,,,,5877.0,,,,,,,661.0,,,,,,,
,,,,,,,,,,5893.0,,,,,,,3818.0,,,,,,,
,,,,,,,,,,6255.0,,,,,,,3902.0,,,,,,,
,,,,,,,,,,6556.0,,,,,,,5321.0,,,,,,,
,,,,,,,,,,7223.0,,,,,,,5877.0,,,,,,,
,,,,,,,,,,7261.0,,,,,,,5893.0,,,,,,,
,,,,,,,,,,7268.0,,,,,,,6255.0,,,,,,,
,,,,,,,,,,7295.0,,,,,,,6556.0,,,,,,,
,,,,,,,,,,7426.0,,,,,,,7223.0,,,,,,,
,,,,,,,,,,7460.0,,,,,,,7261.0,,,,,,,
,,,,,,,,,,7577.0,,,,,,,7268.0,,,,,,,
,,,,,,,,,,7929.0,,,,,,,7295.0,,,,,,,
,,,,,,,,,,7935.0,,,,,,,7426.0,,,,,,,
,,,,,,,,,,8410.0,,,,,,,7460.0,,,,,,,
,,,,,,,,,,8468.0,,,,,,,7577.0,,,,,,,
,,,,,,,,,,8477.0,,,,,,,7929.0,,,,,,,
,,,,,,,,,,9199.0,,,,,,,7935.0,,,,,,,
,,,,,,,,,,9345.0,,,,,,,8410.0,,,,,,,
,,,,,,,,,,9368.0,,,,,,,8468.0,,,,,,,
,,,,,,,,,,9572.0,,,,,,,8477.0,,,,,,,
,,,,,,,,,,8244.0,,,,,,,9199.0,,,,,,,
,,,,,,,,,,9050.0,,,,,,,9345.0,,,,,,,
,,,,,,,,,,9418.0,,,,,,,9368.0,,,,,,,
,,,,,,,,,,4015.0,,,,,,,9572.0,,,,,,,
,,,,,,,,,,4140.0,,,,,,,8244.0,,,,,,,
,,,,,,,,,,6275.0,,,,,,,9050.0,,,,,,,
,,,,,,,,,,7763.0,,,,,,,9418.0,,,,,,,
,,,,,,,,,,9175.0,,,,,,,4015.0,,,,,,,
,,,,,,,,,,9341.0,,,,,,,4140.0,,,,,,,
,,,,,,,,,,3082.0,,,,,,,6275.0,,,,,,,
,,,,,,,,,,7823.0,,,,,,,7763.0,,,,,,,
,,,,,,,,,,9980.0,,,,,,,9175.0,,,,,,,
,,,,,,,,,,9996.0,,,,,,,9341.0,,,,,,,
,,,,,,,,,,1356.0,,,,,,,3082.0,,,,,,,
,,,,,,,,,,2202.0,,,,,,,7823.0,,,,,,,
,,,,,,,,,,2436.0,,,,,,,9980.0,,,,,,,
,,,,,,,,,,3667.0,,,,,,,9996.0,,,,,,,
,,,,,,,,,,4099.0,,,,,,,1356.0,,,,,,,
,,,,,,,,,,4210.0,,,,,,,2202.0,,,,,,,
,,,,,,,,,,4890.0,,,,,,,2436.0,,,,,,,
,,,,,,,,,,4965.0,,,,,,,3667.0,,,,,,,
,,,,,,,,,,6410.0,,,,,,,4099.0,,,,,,,
,,,,,,,,,,6733.0,,,,,,,4210.0,,,,,,,
,,,,,,,,,,6820.0,,,,,,,4890.0,,,,,,,
,,,,,,,,,,6827.0,,,,,,,4965.0,,,,,,,
,,,,,,,,,,6838.0,,,,,,,6410.0,,,,,,,
,,,,,,,,,,7953.0,,,,,,,6733.0,,,,,,,
,,,,,,,,,,7984.0,,,,,,,6820.0,,,,,,,
,,,,,,,,,,7985.0,,,,,,,6827.0,,,,,,,
,,,,,,,,,,7993.0,,,,,,,6838.0,,,,,,,
,,,,,,,,,,8575.0,,,,,,,7953.0,,,,,,,
,,,,,,,,,,8607.0,,,,,,,7984.0,,,,,,,
,,,,,,,,,,8640.0,,,,,,,7985.0,,,,,,,
,,,,,,,,,,8708.0,,,,,,,7993.0,,,,,,,
,,,,,,,,,,9539.0,,,,,,,8575.0,,,,,,,
,,,,,,,,,,9607.0,,,,,,,8607.0,,,,,,,
,,,,,,,,,,9639.0,,,,,,,8640.0,,,,,,,
,,,,,,,,,,6397.0,,,,,,,8708.0,,,,,,,
,,,,,,,,,,361.0,,,,,,,9539.0,,,,,,,
,,,,,,,,,,364.0,,,,,,,9607.0,,,,,,,
,,,,,,,,,,1118.0,,,,,,,9639.0,,,,,,,
,,,,,,,,,,3413.0,,,,,,,6397.0,,,,,,,
,,,,,,,,,,4989.0,,,,,,,361.0,,,,,,,
,,,,,,,,,,4992.0,,,,,,,364.0,,,,,,,
,,,,,,,,,,5113.0,,,,,,,1118.0,,,,,,,
,,,,,,,,,,6709.0,,,,,,,3413.0,,,,,,,
,,,,,,,,,,6750.0,,,,,,,4989.0,,,,,,,
,,,,,,,,,,6839.0,,,,,,,4992.0,,,,,,,
,,,,,,,,,,6851.0,,,,,,,5113.0,,,,,,,
,,,,,,,,,,6925.0,,,,,,,6709.0,,,,,,,
,,,,,,,,,,7941.0,,,,,,,6750.0,,,,,,,
,,,,,,,,,,8474.0,,,,,,,6839.0,,,,,,,
,,,,,,,,,,8510.0,,,,,,,6851.0,,,,,,,
,,,,,,,,,,8524.0,,,,,,,6925.0,,,,,,,
,,,,,,,,,,9255.0,,,,,,,7941.0,,,,,,,
,,,,,,,,,,1418.0,,,,,,,8474.0,,,,,,,
,,,,,,,,,,1261.0,,,,,,,8510.0,,,,,,,
,,,,,,,,,,2990.0,,,,,,,8524.0,,,,,,,
,,,,,,,,,,3090.0,,,,,,,9255.0,,,,,,,
,,,,,,,,,,3946.0,,,,,,,1418.0,,,,,,,
,,,,,,,,,,5806.0,,,,,,,1261.0,,,,,,,
,,,,,,,,,,5876.0,,,,,,,2990.0,,,,,,,
,,,,,,,,,,6916.0,,,,,,,3090.0,,,,,,,
,,,,,,,,,,7276.0,,,,,,,3946.0,,,,,,,
,,,,,,,,,,8660.0,,,,,,,5806.0,,,,,,,
,,,,,,,,,,9203.0,,,,,,,5876.0,,,,,,,
,,,,,,,,,,6046.0,,,,,,,6916.0,,,,,,,
,,,,,,,,,,7666.0,,,,,,,7276.0,,,,,,,
,,,,,,,,,,7866.0,,,,,,,8660.0,,,,,,,
,,,,,,,,,,8336.0,,,,,,,9203.0,,,,,,,
,,,,,,,,,,9857.0,,,,,,,6046.0,,,,,,,
,,,,,,,,,,420.0,,,,,,,7666.0,,,,,,,
,,,,,,,,,,992.0,,,,,,,7866.0,,,,,,,
,,,,,,,,,,1240.0,,,,,,,8336.0,,,,,,,
,,,,,,,,,,2749.0,,,,,,,9857.0,,,,,,,
,,,,,,,,,,3339.0,,,,,,,420.0,,,,,,,
,,,,,,,,,,4985.0,,,,,,,992.0,,,,,,,
,,,,,,,,,,5327.0,,,,,,,1240.0,,,,,,,
,,,,,,,,,,6240.0,,,,,,,2749.0,,,,,,,
,,,,,,,,,,6362.0,,,,,,,3339.0,,,,,,,
,,,,,,,,,,6823.0,,,,,,,4985.0,,,,,,,
,,,,,,,,,,7256.0,,,,,,,5327.0,,,,,,,
,,,,,,,,,,7290.0,,,,,,,6240.0,,,,,,,
,,,,,,,,,,7364.0,,,,,,,6362.0,,,,,,,
,,,,,,,,,,7951.0,,,,,,,6823.0,,,,,,,
,,,,,,,,,,8673.0,,,,,,,7256.0,,,,,,,
,,,,,,,,,,9265.0,,,,,,,7290.0,,,,,,,
,,,,,,,,,,9656.0,,,,,,,7364.0,,,,,,,
,,,,,,,,,,3911.0,,,,,,,7951.0,,,,,,,
,,,,,,,,,,5892.0,,,,,,,8673.0,,,,,,,
,,,,,,,,,,6406.0,,,,,,,9265.0,,,,,,,
,,,,,,,,,,8805.0,,,,,,,9656.0,,,,,,,
,,,,,,,,,,774.0,,,,,,,3911.0,,,,,,,
,,,,,,,,,,878.0,,,,,,,5892.0,,,,,,,
,,,,,,,,,,2415.0,,,,,,,6406.0,,,,,,,
,,,,,,,,,,2457.0,,,,,,,8805.0,,,,,,,
,,,,,,,,,,3053.0,,,,,,,774.0,,,,,,,
,,,,,,,,,,5401.0,,,,,,,878.0,,,,,,,
,,,,,,,,,,6376.0,,,,,,,2415.0,,,,,,,
,,,,,,,,,,6751.0,,,,,,,2457.0,,,,,,,
,,,,,,,,,,7520.0,,,,,,,3053.0,,,,,,,
,,,,,,,,,,7825.0,,,,,,,5401.0,,,,,,,
,,,,,,,,,,7986.0,,,,,,,6376.0,,,,,,,
,,,,,,,,,,8527.0,,,,,,,6751.0,,,,,,,
,,,,,,,,,,9355.0,,,,,,,7520.0,,,,,,,
,,,,,,,,,,2193.0,,,,,,,7825.0,,,,,,,
,,,,,,,,,,4467.0,,,,,,,7986.0,,,,,,,
,,,,,,,,,,4728.0,,,,,,,8527.0,,,,,,,
,,,,,,,,,,4943.0,,,,,,,9355.0,,,,,,,
,,,,,,,,,,6686.0,,,,,,,2193.0,,,,,,,
,,,,,,,,,,6803.0,,,,,,,4467.0,,,,,,,
,,,,,,,,,,8502.0,,,,,,,4728.0,,,,,,,
,,,,,,,,,,8565.0,,,,,,,4943.0,,,,,,,
,,,,,,,,,,9033.0,,,,,,,6686.0,,,,,,,
,,,,,,,,,,9401.0,,,,,,,6803.0,,,,,,,
,,,,,,,,,,9940.0,,,,,,,8502.0,,,,,,,
,,,,,,,,,,9730.0,,,,,,,8565.0,,,,,,,
,,,,,,,,,,9948.0,,,,,,,9033.0,,,,,,,
,,,,,,,,,,1228.0,,,,,,,9401.0,,,,,,,
,,,,,,,,,,2158.0,,,,,,,9940.0,,,,,,,
,,,,,,,,,,3815.0,,,,,,,9730.0,,,,,,,
,,,,,,,,,,4101.0,,,,,,,9948.0,,,,,,,
,,,,,,,,,,7372.0,,,,,,,1228.0,,,,,,,
,,,,,,,,,,7785.0,,,,,,,2158.0,,,,,,,
,,,,,,,,,,8095.0,,,,,,,3815.0,,,,,,,
,,,,,,,,,,8126.0,,,,,,,4101.0,,,,,,,
,,,,,,,,,,8583.0,,,,,,,7372.0,,,,,,,
,,,,,,,,,,8879.0,,,,,,,7785.0,,,,,,,
,,,,,,,,,,9071.0,,,,,,,8095.0,,,,,,,
,,,,,,,,,,9129.0,,,,,,,8126.0,,,,,,,
,,,,,,,,,,9230.0,,,,,,,8583.0,,,,,,,
,,,,,,,,,,9913.0,,,,,,,8879.0,,,,,,,
,,,,,,,,,,8073.0,,,,,,,9071.0,,,,,,,
,,,,,,,,,,1748.0,,,,,,,9129.0,,,,,,,
,,,,,,,,,,1917.0,,,,,,,9230.0,,,,,,,
,,,,,,,,,,4155.0,,,,,,,9913.0,,,,,,,
,,,,,,,,,,4512.0,,,,,,,8073.0,,,,,,,
,,,,,,,,,,4567.0,,,,,,,1748.0,,,,,,,
,,,,,,,,,,5376.0,,,,,,,1917.0,,,,,,,
,,,,,,,,,,5853.0,,,,,,,4155.0,,,,,,,
,,,,,,,,,,5887.0,,,,,,,4512.0,,,,,,,
,,,,,,,,,,6229.0,,,,,,,4567.0,,,,,,,
,,,,,,,,,,6984.0,,,,,,,5376.0,,,,,,,
,,,,,,,,,,7468.0,,,,,,,5853.0,,,,,,,
,,,,,,,,,,7901.0,,,,,,,5887.0,,,,,,,
,,,,,,,,,,8459.0,,,,,,,6229.0,,,,,,,
,,,,,,,,,,8697.0,,,,,,,6984.0,,,,,,,
,,,,,,,,,,8989.0,,,,,,,7468.0,,,,,,,
,,,,,,,,,,9273.0,,,,,,,7901.0,,,,,,,
,,,,,,,,,,9591.0,,,,,,,8459.0,,,,,,,
,,,,,,,,,,5894.0,,,,,,,8697.0,,,,,,,
,,,,,,,,,,6932.0,,,,,,,8989.0,,,,,,,
,,,,,,,,,,6933.0,,,,,,,9273.0,,,,,,,
,,,,,,,,,,5486.0,,,,,,,9591.0,,,,,,,
,,,,,,,,,,622.0,,,,,,,5894.0,,,,,,,
,,,,,,,,,,1478.0,,,,,,,6932.0,,,,,,,
,,,,,,,,,,3534.0,,,,,,,6933.0,,,,,,,
,,,,,,,,,,4359.0,,,,,,,5486.0,,,,,,,
,,,,,,,,,,4886.0,,,,,,,622.0,,,,,,,
,,,,,,,,,,5299.0,,,,,,,1478.0,,,,,,,
,,,,,,,,,,5305.0,,,,,,,3534.0,,,,,,,
,,,,,,,,,,6285.0,,,,,,,4359.0,,,,,,,
,,,,,,,,,,9032.0,,,,,,,4886.0,,,,,,,
,,,,,,,,,,9237.0,,,,,,,5299.0,,,,,,,
,,,,,,,,,,9298.0,,,,,,,5305.0,,,,,,,
,,,,,,,,,,9461.0,,,,,,,6285.0,,,,,,,
,,,,,,,,,,6584.0,,,,,,,9032.0,,,,,,,
,,,,,,,,,,7203.0,,,,,,,9237.0,,,,,,,
,,,,,,,,,,8934.0,,,,,,,9298.0,,,,,,,
,,,,,,,,,,9297.0,,,,,,,9461.0,,,,,,,
,,,,,,,,,,9354.0,,,,,,,6584.0,,,,,,,
,,,,,,,,,,9546.0,,,,,,,7203.0,,,,,,,
,,,,,,,,,,9959.0,,,,,,,8934.0,,,,,,,
,,,,,,,,,,6830.0,,,,,,,9297.0,,,,,,,
,,,,,,,,,,7286.0,,,,,,,9354.0,,,,,,,
,,,,,,,,,,8197.0,,,,,,,9546.0,,,,,,,
,,,,,,,,,,8684.0,,,,,,,9959.0,,,,,,,
,,,,,,,,,,9101.0,,,,,,,6830.0,,,,,,,
,,,,,,,,,,9548.0,,,,,,,7286.0,,,,,,,
,,,,,,,,,,383.0,,,,,,,8197.0,,,,,,,
,,,,,,,,,,1668.0,,,,,,,8684.0,,,,,,,
,,,,,,,,,,1910.0,,,,,,,9101.0,,,,,,,
,,,,,,,,,,2146.0,,,,,,,9548.0,,,,,,,
,,,,,,,,,,4896.0,,,,,,,383.0,,,,,,,
,,,,,,,,,,4931.0,,,,,,,1668.0,,,,,,,
,,,,,,,,,,6307.0,,,,,,,1910.0,,,,,,,
,,,,,,,,,,6687.0,,,,,,,2146.0,,,,,,,
,,,,,,,,,,6891.0,,,,,,,4896.0,,,,,,,
,,,,,,,,,,6941.0,,,,,,,4931.0,,,,,,,
,,,,,,,,,,7186.0,,,,,,,6307.0,,,,,,,
,,,,,,,,,,7396.0,,,,,,,6687.0,,,,,,,
,,,,,,,,,,7627.0,,,,,,,6891.0,,,,,,,
,,,,,,,,,,8014.0,,,,,,,6941.0,,,,,,,
,,,,,,,,,,8017.0,,,,,,,7186.0,,,,,,,
,,,,,,,,,,8106.0,,,,,,,7396.0,,,,,,,
,,,,,,,,,,8824.0,,,,,,,7627.0,,,,,,,
,,,,,,,,,,8855.0,,,,,,,8014.0,,,,,,,
,,,,,,,,,,9227.0,,,,,,,8017.0,,,,,,,
,,,,,,,,,,9351.0,,,,,,,8106.0,,,,,,,
,,,,,,,,,,9362.0,,,,,,,8824.0,,,,,,,
,,,,,,,,,,9637.0,,,,,,,8855.0,,,,,,,
,,,,,,,,,,9675.0,,,,,,,9227.0,,,,,,,
,,,,,,,,,,6280.0,,,,,,,9351.0,,,,,,,
,,,,,,,,,,6378.0,,,,,,,9362.0,,,,,,,
,,,,,,,,,,6871.0,,,,,,,9637.0,,,,,,,
,,,,,,,,,,7381.0,,,,,,,9675.0,,,,,,,
,,,,,,,,,,7526.0,,,,,,,6280.0,,,,,,,
,,,,,,,,,,8062.0,,,,,,,6378.0,,,,,,,
,,,,,,,,,,9423.0,,,,,,,6871.0,,,,,,,
,,,,,,,,,,9410.0,,,,,,,7381.0,,,,,,,
,,,,,,,,,,5478.0,,,,,,,7526.0,,,,,,,
,,,,,,,,,,9200.0,,,,,,,8062.0,,,,,,,
,,,,,,,,,,7504.0,,,,,,,9423.0,,,,,,,
,,,,,,,,,,,,,,,,,9410.0,,,,,,,
,,,,,,,,,,,,,,,,,5478.0,,,,,,,
,,,,,,,,,,,,,,,,,9200.0,,,,,,,
,,,,,,,,,,,,,,,,,7504.0,,,,,,,
