2026-04-25 21:16:32,762 INFO:main.py:240:print_splash_screen:PDB2PQR v3.6.2: biomolecular structure conversion software.
2026-04-25 21:16:32,762 INFO:main.py:242:print_splash_screen:Please cite:  Jurrus E, et al.  Improvements to the APBS biomolecular solvation software suite.  Protein Sci 27 112-128 (2018).
2026-04-25 21:16:32,762 INFO:main.py:242:print_splash_screen:Please cite:  Dolinsky TJ, et al.  PDB2PQR: expanding and upgrading automated preparation of biomolecular structures for molecular simulations. Nucleic Acids Res 35 W522-W525 (2007).
2026-04-25 21:16:32,762 INFO:main.py:768:main_driver:Checking and transforming input arguments.
2026-04-25 21:16:32,762 INFO:main.py:772:main_driver:Loading topology files.
2026-04-25 21:16:32,789 INFO:main.py:774:main_driver:Loading molecule: 4GIH_transformed.pdb
2026-04-25 21:16:32,794 INFO:main.py:779:main_driver:Setting up molecule.
2026-04-25 21:16:32,805 INFO:main.py:417:setup_molecule:Created biomolecule object with 288 residues and 2335 atoms.
2026-04-25 21:16:32,805 WARNING:main.py:427:setup_molecule:Multiple occupancies found: CA in GLN A 1102.
2026-04-25 21:16:32,805 WARNING:main.py:427:setup_molecule:Multiple occupancies found: CB in GLN A 1102.
2026-04-25 21:16:32,805 WARNING:main.py:427:setup_molecule:Multiple occupancies found: CG in GLN A 1102.
2026-04-25 21:16:32,805 WARNING:main.py:427:setup_molecule:Multiple occupancies found: CD in GLN A 1102.
2026-04-25 21:16:32,805 WARNING:main.py:427:setup_molecule:Multiple occupancies found: OE1 in GLN A 1102.
2026-04-25 21:16:32,805 WARNING:main.py:427:setup_molecule:Multiple occupancies found: NE2 in GLN A 1102.
2026-04-25 21:16:32,805 WARNING:main.py:433:setup_molecule:Multiple occupancies found in GLN A 1102. At least one of the instances is being ignored.
2026-04-25 21:16:32,805 INFO:main.py:783:main_driver:Setting termini states for biomolecule chains.
2026-04-25 21:16:32,808 INFO:main.py:613:non_trivial:Loading forcefield.
2026-04-25 21:16:32,811 INFO:main.py:617:non_trivial:Loading hydrogen topology definitions.
2026-04-25 21:16:32,812 WARNING:biomolecule.py:157:num_missing_heavy:Missing atom OXT in residue ARG A 1177
2026-04-25 21:16:32,813 WARNING:biomolecule.py:157:num_missing_heavy:Missing atom OXT in residue ARG A 1177
2026-04-25 21:16:32,813 INFO:main.py:627:non_trivial:Attempting to repair 1 missing atoms in biomolecule.
2026-04-25 21:16:32,813 WARNING:biomolecule.py:157:num_missing_heavy:Missing atom OXT in residue ARG A 1177
2026-04-25 21:16:32,814 INFO:biomolecule.py:1077:repair_heavy:Added atom OXT to residue ARG A 1177 at coordinates -29.362, 33.591, -17.007
2026-04-25 21:16:32,814 INFO:main.py:632:non_trivial:Updating disulfide bridges.
2026-04-25 21:16:32,814 INFO:main.py:635:non_trivial:Debumping biomolecule.
2026-04-25 21:16:32,842 INFO:main.py:642:non_trivial:Assigning titration states with PROPKA.
2026-04-25 21:16:32,849 INFO:output.py:74:print_header:
propka3.5.1                                                                                  2026-04-25

-------------------------------------------------------------------------------
--                                                                           --
--  PROPKA: A PROTEIN PKA PREDICTOR                                          --
--                                                                           --
--  VERSION 1.0,  04/25/2004,  IOWA CITY                                     --
--  BY HUI LI                                                                --
--                                                                           --
--  VERSION 2.0,  11/05/2007, IOWA CITY/COPENHAGEN                           --
--  BY DELPHINE C. BAS AND DAVID M. ROGERS                                   --
--                                                                           --
--  VERSION 3.0,  01/06/2011, COPENHAGEN                                     --
--  BY MATS H.M. OLSSON AND CHRESTEN R. SONDERGARD                           --
--                                                                           --
--  VERSION 3.1,  07/01/2011, COPENHAGEN                                     --
--  BY CHRESTEN R. SONDERGARD AND MATS H.M. OLSSON                           --
--                                                                           --
--  VERSION 3.2,  06/17/2020, PLANET EARTH                                   --
--  SEE ABOVE FOR AUTHORS                                                    --
--                                                                           --
-------------------------------------------------------------------------------


-------------------------------------------------------------------------------
References:

Very Fast Empirical Prediction and Rationalization of Protein pKa Values.
Hui Li, Andrew D. Robertson and Jan H. Jensen. PROTEINS: Structure, Function,
and Bioinformatics. 61:704-721 (2005)

Very Fast Prediction and Rationalization of pKa Values for Protein-Ligand
Complexes.  Delphine C. Bas, David M. Rogers and Jan H. Jensen.  PROTEINS:
Structure, Function, and Bioinformatics 73:765-783 (2008)

PROPKA3: Consistent Treatment of Internal and Surface Residues in Empirical
pKa predictions.  Mats H.M. Olsson, Chresten R. Sondergard, Michal Rostkowski,
and Jan H. Jensen.  Journal of Chemical Theory and Computation, 7(2):525-537
(2011)

Improved Treatment of Ligands and Coupling Effects in Empirical Calculation
and Rationalization of pKa Values.  Chresten R. Sondergaard, Mats H.M. Olsson,
Michal Rostkowski, and Jan H. Jensen.  Journal of Chemical Theory and
Computation, (2011)
-------------------------------------------------------------------------------



2026-04-25 21:16:32,892 INFO:conformation_container.py:124:find_covalently_coupled_groups:Coupling map:

2026-04-25 21:16:32,892 INFO:conformation_container.py:213:calculate_pka:Calculating pKas for Conformation container 1A with 2782 atoms and 717 groups
2026-04-25 21:16:33,154 INFO:output.py:225:print_pka_section:pKa determinants:

---------  -----   ------   ---------------------    --------------    --------------    --------------
                            DESOLVATION  EFFECTS       SIDECHAIN          BACKBONE        COULOMBIC
 RESIDUE    pKa    BURIED     REGULAR      RE        HYDROGEN BOND     HYDROGEN BOND      INTERACTION
---------  -----   ------   ---------   ---------    --------------    --------------    --------------

ASP 902 A   1.74     0 %    0.33  204   0.00    0   -0.24 SER 912 A    0.00 XXX   0 X   -0.38 LYS 899 A
ASP 902 A                                           -0.53 LYS 899 A    0.00 XXX   0 X   -0.38 LYS 910 A
ASP 902 A                                           -0.85 LYS 910 A    0.00 XXX   0 X    0.00 XXX   0 X

ASP 917 A   3.57     0 %    0.66  200   0.00    0    0.00 XXX   0 X   -0.66 GLY 922 A   -0.25 LYS 898 A
ASP 917 A                                            0.00 XXX   0 X   -0.02 THR 923 A    0.24 ASP 921 A
ASP 917 A                                            0.00 XXX   0 X   -0.19 GLY 924 A    0.00 XXX   0 X

ASP 921 A   1.85     0 %    0.42  121   0.00    0   -0.77 THR 919 A   -0.10 ASP 921 A   -0.01 LYS 898 A
ASP 921 A                                           -0.84 THR 923 A   -0.65 THR 923 A    0.00 XXX   0 X

ASP 935 A   2.39     0 %    0.35  188   0.00    0   -0.85 LYS 933 A   -0.48 ASP 935 A   -0.02 ARG 941 A
ASP 935 A                                            0.00 XXX   0 X    0.00 XXX   0 X   -0.03 HIS 940 A
ASP 935 A                                            0.00 XXX   0 X    0.00 XXX   0 X   -0.38 LYS 933 A

ASP 949 A   3.81     3 %    0.38  289   0.03    0   -0.12 ARG 952 A    0.00 XXX   0 X   -0.03 LYS 945 A
ASP 949 A                                            0.00 XXX   0 X    0.00 XXX   0 X   -0.26 ARG 952 A

ASP 968 A   3.58    22 %    0.93  344   0.23    0   -0.85 LYS 894 A   -0.05 GLY 970 A   -0.01 ARG 941 A
ASP 968 A                                            0.00 XXX   0 X    0.00 XXX   0 X   -0.46 LYS 894 A

ASP 988 A   3.74    28 %    0.61  360   0.07    0   -0.35 SER 985 A    0.00 XXX   0 X   -0.18 ARG 987 A
ASP 988 A                                            0.00 XXX   0 X    0.00 XXX   0 X   -0.14 ARG 992 A
ASP 988 A                                            0.00 XXX   0 X    0.00 XXX   0 X   -0.07 ARG1027 A

ASP1032 A   4.24    20 %    0.72  337   0.03    0   -0.30 ASN1033 A    0.00 XXX   0 X   -0.27 LYS1038 A
ASP1032 A                                            0.00 XXX   0 X    0.00 XXX   0 X    0.27 GLU 979 A

ASP1034 A   3.93     0 %    0.28  234   0.00    0    0.00 XXX   0 X   -0.00 ARG1035 A   -0.15 ARG1035 A

ASP1041 A   2.00    99 %    2.56  559   0.00    0   -0.73 LYS 930 A   -0.04 HIS 907 A   -0.03 ARG1027 A
ASP1041 A                                            0.00 XXX   0 X   -0.64 GLY1043 A   -0.39 HIS 907 A
ASP1041 A                                            0.00 XXX   0 X    0.00 XXX   0 X   -0.50 HIS1021 A
ASP1041 A                                            0.00 XXX   0 X    0.00 XXX   0 X   -2.03 LYS 930 A

ASP1060 A   3.31    17 %    0.54  330   0.00    0    0.00 XXX   0 X   -0.60 ASP1062 A   -0.08 ARG1022 A
ASP1060 A                                            0.00 XXX   0 X    0.00 XXX   0 X   -0.08 ARG1058 A
ASP1060 A                                            0.00 XXX   0 X    0.00 XXX   0 X   -0.21 HIS 907 A
ASP1060 A                                            0.00 XXX   0 X    0.00 XXX   0 X   -0.08 HIS 940 A

ASP1062 A   3.97     2 %    0.22  286   0.00    0    0.00 XXX   0 X    0.00 XXX   0 X   -0.01 LYS 933 A
ASP1062 A                                            0.00 XXX   0 X    0.00 XXX   0 X   -0.21 HIS 907 A
ASP1062 A                                            0.00 XXX   0 X    0.00 XXX   0 X   -0.07 HIS 940 A
ASP1062 A                                            0.00 XXX   0 X    0.00 XXX   0 X    0.24 ASP1060 A

ASP1083 A   3.02   100 %    4.32  659   0.55    0   -1.60 HIS1015 A   -0.83 HIS1021 A   -0.17 ARG1022 A
ASP1083 A                                            0.00 XXX   0 X   -0.81 ARG1022 A   -1.34 HIS1015 A
ASP1083 A                                            0.00 XXX   0 X    0.00 XXX   0 X   -0.90 HIS1021 A

ASP1099 A   2.27     0 %    0.40  277   0.00    0   -0.68 SER1101 A   -0.51 SER1101 A   -0.03 LYS1107 A
ASP1099 A                                           -0.68 GLN1102 A    0.00 XXX   0 X   -0.03 HIS1097 A

ASP1138 A   3.73     0 %    0.21  189   0.00    0    0.00 XXX   0 X    0.00 XXX   0 X   -0.11 ARG1136 A
ASP1138 A                                            0.00 XXX   0 X    0.00 XXX   0 X   -0.17 LYS1139 A

GLU 905 A   4.69     0 %    0.31  268   0.00    0    0.00 XXX   0 X    0.00 XXX   0 X   -0.01 LYS 899 A
GLU 905 A                                            0.00 XXX   0 X    0.00 XXX   0 X   -0.17 LYS 910 A
GLU 905 A                                            0.00 XXX   0 X    0.00 XXX   0 X   -0.01 LYS 933 A
GLU 905 A                                            0.00 XXX   0 X    0.00 XXX   0 X    0.07 ASP 902 A

GLU 925 A   4.45     0 %    0.16  245   0.00    0    0.00 XXX   0 X    0.00 XXX   0 X   -0.21 LYS 963 A

GLU 947 A   6.41    99 %    3.47  558   0.12    0   -0.85 LYS 930 A    0.00 XXX   0 X   -2.03 LYS 930 A
GLU 947 A                                            0.00 XXX   0 X    0.00 XXX   0 X    1.20 ASP1041 A

GLU 957 A   4.38     7 %    0.37  300   0.00    0    0.00 XXX   0 X    0.00 XXX   0 X   -0.06 LYS1038 A
GLU 957 A                                            0.00 XXX   0 X    0.00 XXX   0 X   -0.19 HIS 956 A
GLU 957 A                                            0.00 XXX   0 X    0.00 XXX   0 X   -0.47 HIS 958 A
GLU 957 A                                            0.00 XXX   0 X    0.00 XXX   0 X    0.22 GLU1009 A

GLU 967 A   4.64     0 %    0.16  184   0.00    0    0.00 XXX   0 X    0.00 XXX   0 X   -0.02 LYS 894 A
GLU 967 A                                            0.00 XXX   0 X    0.00 XXX   0 X   -0.00 ARG 895 A
GLU 967 A                                            0.00 XXX   0 X    0.00 XXX   0 X   -0.04 HIS 893 A
GLU 967 A                                            0.00 XXX   0 X    0.00 XXX   0 X    0.03 ASP 968 A

GLU 979 A   3.89    46 %    1.55  411   0.30    0   -0.85 LYS1038 A   -0.80 LYS 961 A   -0.13 LYS 961 A
GLU 979 A                                            0.00 XXX   0 X    0.00 XXX   0 X   -0.07 LYS 963 A
GLU 979 A                                            0.00 XXX   0 X    0.00 XXX   0 X   -0.61 LYS1038 A

GLU1009 A   4.15    34 %    0.95  376   0.17    0   -0.71 GLN1005 A    0.00 XXX   0 X   -0.23 LYS1170 A
GLU1009 A                                            0.00 XXX   0 X    0.00 XXX   0 X   -0.16 HIS 956 A
GLU1009 A                                            0.00 XXX   0 X    0.00 XXX   0 X   -0.37 HIS 958 A

GLU1050 A   3.71     0 %    0.13  140   0.00    0    0.00 XXX   0 X   -0.76 GLU1050 A   -0.11 HIS1018 A
GLU1050 A                                            0.00 XXX   0 X    0.00 XXX   0 X   -0.05 HIS1052 A

GLU1053 A   4.11     0 %    0.27  230   0.00    0    0.00 XXX   0 X   -0.57 GLU1053 A   -0.01 LYS1077 A
GLU1053 A                                            0.00 XXX   0 X    0.00 XXX   0 X   -0.08 HIS1052 A

GLU1059 A   4.68     0 %    0.18  191   0.00    0    0.00 XXX   0 X    0.00 XXX   0 X    0.00 XXX   0 X

GLU1071 A   4.13    84 %    3.06  517   0.37    0   -0.85 SER1082 A   -0.68 GLU1071 A   -0.07 LYS1074 A
GLU1071 A                                           -0.94 ARG1159 A    0.00 XXX   0 X    0.03 GLU1129 A
GLU1071 A                                            0.00 XXX   0 X    0.00 XXX   0 X   -1.29 ARG1159 A

GLU1075 A   3.23     0 %    0.20  212   0.00    0   -0.85 LYS1077 A    0.00 XXX   0 X   -0.11 ARG1056 A
GLU1075 A                                            0.00 XXX   0 X    0.00 XXX   0 X   -0.13 LYS1074 A
GLU1075 A                                            0.00 XXX   0 X    0.00 XXX   0 X   -0.38 LYS1077 A

GLU1093 A   6.66   100 %    3.59  565   0.56    0   -0.75 TRP1067 A   -0.85 ALA1026 A   -0.21 ARG 987 A
GLU1093 A                                            0.00 XXX   0 X    0.00 XXX   0 X   -0.18 ARG1027 A

GLU1110 A   4.13     0 %    0.34  232   0.00    0   -0.33 LYS1107 A    0.00 XXX   0 X   -0.38 LYS1107 A

GLU1126 A   4.43     0 %    0.29  222   0.00    0    0.00 XXX   0 X    0.00 XXX   0 X   -0.24 ARG1123 A
GLU1126 A                                            0.00 XXX   0 X    0.00 XXX   0 X   -0.12 ARG1130 A

GLU1129 A   3.80    11 %    0.45  311   0.03    0   -0.71 LYS1074 A    0.00 XXX   0 X   -0.05 ARG1133 A
GLU1129 A                                            0.00 XXX   0 X    0.00 XXX   0 X   -0.42 LYS1074 A

GLU1132 A   3.97     0 %    0.36  265   0.00    0   -0.57 ARG1130 A    0.00 XXX   0 X   -0.01 ARG1133 A
GLU1132 A                                            0.00 XXX   0 X    0.00 XXX   0 X   -0.31 ARG1130 A

GLU1143 A   4.47     0 %    0.13  200   0.00    0    0.00 XXX   0 X    0.00 XXX   0 X   -0.09 LYS1175 A
GLU1143 A                                            0.00 XXX   0 X    0.00 XXX   0 X   -0.08 HIS1146 A

GLU1153 A   4.29     7 %    0.44  300   0.07    0   -0.52 ASN1150 A    0.00 XXX   0 X   -0.11 ARG1133 A
GLU1153 A                                            0.00 XXX   0 X    0.00 XXX   0 X   -0.04 LYS1149 A
GLU1153 A                                            0.00 XXX   0 X    0.00 XXX   0 X   -0.05 ARG1159 A

GLU1155 A   4.72     0 %    0.18  208   0.00    0    0.00 XXX   0 X    0.00 XXX   0 X   -0.01 LYS1074 A
GLU1155 A                                            0.00 XXX   0 X    0.00 XXX   0 X   -0.01 ARG1159 A
GLU1155 A                                            0.00 XXX   0 X    0.00 XXX   0 X    0.01 GLU1071 A
GLU1155 A                                            0.00 XXX   0 X    0.00 XXX   0 X    0.03 GLU1129 A
GLU1155 A                                            0.00 XXX   0 X    0.00 XXX   0 X    0.01 GLU1153 A

GLU1163 A   4.65     0 %    0.18  264   0.00    0    0.00 XXX   0 X    0.00 XXX   0 X   -0.03 HIS1015 A

GLU1174 A   3.73     0 %    0.37  163   0.00    0   -0.75 ARG1177 A    0.00 XXX   0 X   -0.10 HIS1173 A
GLU1174 A                                            0.00 XXX   0 X    0.00 XXX   0 X    0.10 C- 1177 A
GLU1174 A                                            0.00 XXX   0 X    0.00 XXX   0 X   -0.38 ARG1177 A

C- 1177 A   3.07     0 %    0.20  165   0.00    0    0.00 XXX   0 X    0.00 XXX   0 X   -0.03 ARG1035 A
C- 1177 A                                            0.00 XXX   0 X    0.00 XXX   0 X   -0.21 ARG1177 A
C- 1177 A                                            0.00 XXX   0 X    0.00 XXX   0 X   -0.08 HIS1173 A

HIS 893 A   5.94     0 %   -0.32  224   0.00    0    0.00 XXX   0 X    0.00 XXX   0 X   -0.28 ARG 895 A
HIS 893 A                                            0.00 XXX   0 X    0.00 XXX   0 X    0.04 GLU 967 A

HIS 907 A   5.44    56 %   -1.39  438   0.00    0    0.00 XXX   0 X    0.00 XXX   0 X   -0.21 LYS 930 A
HIS 907 A                                            0.00 XXX   0 X    0.00 XXX   0 X   -0.12 ARG1022 A
HIS 907 A                                            0.00 XXX   0 X    0.00 XXX   0 X   -0.13 HIS 940 A
HIS 907 A                                            0.00 XXX   0 X    0.00 XXX   0 X    0.39 ASP1041 A
HIS 907 A                                            0.00 XXX   0 X    0.00 XXX   0 X    0.21 ASP1060 A
HIS 907 A                                            0.00 XXX   0 X    0.00 XXX   0 X    0.21 ASP1062 A

HIS 940 A   6.13     1 %   -0.37  285   0.00    0    0.00 XXX   0 X    0.00 XXX   0 X   -0.16 LYS 933 A
HIS 940 A                                            0.00 XXX   0 X    0.00 XXX   0 X   -0.01 ARG1058 A
HIS 940 A                                            0.00 XXX   0 X    0.00 XXX   0 X    0.03 ASP 935 A
HIS 940 A                                            0.00 XXX   0 X    0.00 XXX   0 X    0.08 ASP1060 A
HIS 940 A                                            0.00 XXX   0 X    0.00 XXX   0 X    0.07 ASP1062 A

HIS 956 A   5.16    41 %   -1.35  395   0.00    0    0.00 XXX   0 X    0.00 XXX   0 X   -0.03 LYS1038 A
HIS 956 A                                            0.00 XXX   0 X    0.00 XXX   0 X    0.19 GLU 957 A
HIS 956 A                                            0.00 XXX   0 X    0.00 XXX   0 X   -0.31 HIS 958 A
HIS 956 A                                            0.00 XXX   0 X    0.00 XXX   0 X    0.16 GLU1009 A

HIS 958 A   5.89    57 %   -2.08  442   0.00    0    0.00 XXX   0 X    0.77 VAL1037 A   -0.13 LYS1038 A
HIS 958 A                                            0.00 XXX   0 X    0.00 XXX   0 X    0.47 GLU 957 A
HIS 958 A                                            0.00 XXX   0 X    0.00 XXX   0 X    0.37 GLU1009 A

HIS 993 A   6.80     0 %   -0.48  242   0.00    0    0.00 XXX   0 X    0.83 TYR 989 A   -0.05 ARG 992 A

HIS1015 A   6.04   100 %   -3.41  566   0.00    0    1.60 ASP1083 A    0.00 XXX   0 X   -0.02 HIS1018 A
HIS1015 A                                            0.00 XXX   0 X    0.00 XXX   0 X    0.03 GLU1163 A
HIS1015 A                                            0.00 XXX   0 X    0.00 XXX   0 X    1.34 ASP1083 A

HIS1018 A   6.30     0 %   -0.31  260   0.00    0    0.00 XXX   0 X    0.00 XXX   0 X    0.11 GLU1050 A

HIS1021 A   5.37   100 %   -3.09  664   0.00    0    0.00 XXX   0 X    0.70 GLY1040 A   -0.06 LYS 930 A
HIS1021 A                                            0.00 XXX   0 X    0.02 ASP1041 A   -0.01 ARG1022 A
HIS1021 A                                            0.00 XXX   0 X    0.00 XXX   0 X   -0.09 HIS1015 A
HIS1021 A                                            0.00 XXX   0 X    0.00 XXX   0 X    0.50 ASP1041 A
HIS1021 A                                            0.00 XXX   0 X    0.00 XXX   0 X    0.90 ASP1083 A

HIS1052 A   6.36     0 %   -0.27  180   0.00    0    0.00 XXX   0 X    0.00 XXX   0 X    0.05 GLU1050 A
HIS1052 A                                            0.00 XXX   0 X    0.00 XXX   0 X    0.08 GLU1053 A

HIS1097 A   6.37    38 %   -0.93  387   0.00    0    0.00 XXX   0 X    0.77 ILE 995 A    0.03 ASP1099 A

HIS1146 A   6.18     0 %   -0.31  232   0.00    0    0.00 XXX   0 X    0.00 XXX   0 X   -0.02 ARG1136 A
HIS1146 A                                            0.00 XXX   0 X    0.00 XXX   0 X   -0.07 LYS1149 A
HIS1146 A                                            0.00 XXX   0 X    0.00 XXX   0 X    0.08 GLU1143 A

HIS1173 A   6.36    16 %   -0.80  327   0.00    0    0.00 XXX   0 X    0.69 ALA 998 A   -0.12 ARG1035 A
HIS1173 A                                            0.00 XXX   0 X    0.00 XXX   0 X   -0.10 ARG1177 A
HIS1173 A                                            0.00 XXX   0 X    0.00 XXX   0 X    0.10 GLU1174 A
HIS1173 A                                            0.00 XXX   0 X    0.00 XXX   0 X    0.08 C- 1177 A

CYS 915 A   9.72     0 %    0.55  273   0.00    0    0.00 XXX   0 X   -0.11 GLY 924 A   -0.10 LYS 898 A
CYS 915 A                                            0.00 XXX   0 X    0.00 XXX   0 X    0.30 ASP 917 A
CYS 915 A                                            0.00 XXX   0 X    0.00 XXX   0 X    0.04 ASP 921 A
CYS 915 A                                            0.00 XXX   0 X    0.00 XXX   0 X    0.05 GLU 925 A

CYS 965 A   9.75*   50 %    1.93  421   0.00    0   -0.00 ARG 952 A    0.00 XXX   0 X   -0.09 N+  890 A
CYS 965 A                                           -0.85 TYR 962 A    0.00 XXX   0 X   -0.28 ARG 952 A
CYS 965 A                                            0.00 XXX   0 X    0.00 XXX   0 X    0.04 ASP 949 A

CYS 966 A  10.72    36 %    1.64  383   0.00    0    0.00 XXX   0 X    0.00 XXX   0 X   -0.21 LYS 894 A
CYS 966 A                                            0.00 XXX   0 X    0.00 XXX   0 X    0.07 CYS 965 A
CYS 966 A                                            0.00 XXX   0 X    0.00 XXX   0 X    0.08 GLU 967 A
CYS 966 A                                            0.00 XXX   0 X    0.00 XXX   0 X    0.14 ASP 968 A

CYS1008 A  14.07   100 %    4.42  589   0.00    0    0.00 XXX   0 X    0.00 XXX   0 X    0.08 GLU1009 A
CYS1008 A                                            0.00 XXX   0 X    0.00 XXX   0 X    0.57 CYS1151 A

CYS1072 A  12.79   100 %    4.05  567   0.00    0   -0.85 SER1082 A   -0.19 ALA1069 A   -0.20 ARG1022 A
CYS1072 A                                            0.00 XXX   0 X   -0.02 CYS1072 A   -0.42 ARG1159 A
CYS1072 A                                            0.00 XXX   0 X    0.00 XXX   0 X    0.24 ASP1083 A
CYS1072 A                                            0.00 XXX   0 X    0.00 XXX   0 X    1.18 GLU1071 A

CYS1098 A  12.93    82 %    3.01  510   0.00    0    0.00 XXX   0 X    0.00 XXX   0 X   -0.16 ARG 987 A
CYS1098 A                                            0.00 XXX   0 X    0.00 XXX   0 X   -0.01 ARG1027 A
CYS1098 A                                            0.00 XXX   0 X    0.00 XXX   0 X    0.06 ASP 988 A
CYS1098 A                                            0.00 XXX   0 X    0.00 XXX   0 X    0.02 ASP1099 A
CYS1098 A                                            0.00 XXX   0 X    0.00 XXX   0 X    1.01 GLU1093 A

CYS1140 A  11.09    51 %    2.26  425   0.00    0    0.00 XXX   0 X   -0.01 TYR1145 A   -0.16 ARG1136 A

CYS1151 A  12.41   100 %    3.57  589   0.00    0    0.00 XXX   0 X    0.00 XXX   0 X   -0.18 ARG1159 A
CYS1151 A                                            0.00 XXX   0 X    0.00 XXX   0 X    0.02 GLU1153 A

TYR 896 A   9.89     0 %    0.36  162   0.00    0   -0.03 ARG 895 A    0.00 XXX   0 X   -0.38 ARG 895 A
TYR 896 A                                            0.00 XXX   0 X    0.00 XXX   0 X   -0.06 LYS 898 A

TYR 914 A  10.36    35 %    0.96  380   0.00    0   -0.10 GLN 975 A    0.00 XXX   0 X    0.06 ASP 902 A
TYR 914 A                                            0.00 XXX   0 X    0.00 XXX   0 X    0.09 CYS 966 A
TYR 914 A                                            0.00 XXX   0 X    0.00 XXX   0 X    0.10 ASP 968 A
TYR 914 A                                            0.00 XXX   0 X    0.00 XXX   0 X   -0.28 LYS 894 A
TYR 914 A                                            0.00 XXX   0 X    0.00 XXX   0 X   -0.31 LYS 899 A
TYR 914 A                                            0.00 XXX   0 X    0.00 XXX   0 X   -0.16 LYS 910 A

TYR 916 A  10.26     8 %    1.00  303   0.00    0    0.00 XXX   0 X   -0.84 HIS 893 A   -0.10 ARG 895 A
TYR 916 A                                            0.00 XXX   0 X    0.00 XXX   0 X    0.12 CYS 966 A
TYR 916 A                                            0.00 XXX   0 X    0.00 XXX   0 X    0.12 TYR 896 A
TYR 916 A                                            0.00 XXX   0 X    0.00 XXX   0 X   -0.04 LYS 898 A

TYR 955 A   9.89     0 %    0.12  190   0.00    0    0.00 XXX   0 X    0.00 XXX   0 X    0.01 GLU 979 A
TYR 955 A                                            0.00 XXX   0 X    0.00 XXX   0 X   -0.20 LYS 961 A
TYR 955 A                                            0.00 XXX   0 X    0.00 XXX   0 X   -0.04 LYS1038 A

TYR 962 A  11.70*   26 %    1.20  355   0.00    0   -0.59 ARG 952 A    0.00 XXX   0 X    0.03 ASP 949 A
TYR 962 A                                            0.85 CYS 965 A    0.00 XXX   0 X   -0.35 ARG 952 A
TYR 962 A                                            0.00 XXX   0 X    0.00 XXX   0 X    0.56 CYS 965 A

TYR 980 A   9.99    11 %    0.53  313   0.00    0   -0.25 ARG 901 A    0.00 XXX   0 X   -0.28 ARG 901 A

TYR 989 A  10.65     4 %    0.55  292   0.00    0    0.00 XXX   0 X    0.00 XXX   0 X    0.11 ASP1034 A

TYR1013 A  10.29    21 %    1.06  339   0.00    0    0.00 XXX   0 X   -0.82 TYR 955 A    0.05 TYR1019 A

TYR1019 A   9.96    27 %    0.78  356   0.00    0   -0.84 THR 953 A    0.00 XXX   0 X    0.06 ASP 949 A
TYR1019 A                                            0.00 XXX   0 X    0.00 XXX   0 X   -0.03 LYS1046 A

TYR1054 A   9.71     0 %    0.31  214   0.00    0   -0.14 ARG1056 A    0.00 XXX   0 X    0.13 GLU1053 A
TYR1054 A                                            0.00 XXX   0 X    0.00 XXX   0 X   -0.35 ARG1056 A
TYR1054 A                                            0.00 XXX   0 X    0.00 XXX   0 X    0.04 GLU1075 A
TYR1054 A                                            0.00 XXX   0 X    0.00 XXX   0 X   -0.27 LYS1077 A

TYR1055 A   9.80    43 %    1.02  402   0.00    0    0.00 XXX   0 X    0.00 XXX   0 X   -0.44 ARG1022 A
TYR1055 A                                            0.00 XXX   0 X    0.00 XXX   0 X   -0.36 ARG1058 A
TYR1055 A                                            0.00 XXX   0 X    0.00 XXX   0 X   -0.41 LYS1046 A

TYR1068 A  13.46    98 %    3.49  557   0.00    0   -0.04 ARG1022 A    0.00 XXX   0 X   -1.12 ARG1022 A
TYR1068 A                                            0.00 XXX   0 X    0.00 XXX   0 X    0.06 ASP1060 A
TYR1068 A                                            0.00 XXX   0 X    0.00 XXX   0 X    0.72 CYS1072 A
TYR1068 A                                            0.00 XXX   0 X    0.00 XXX   0 X    0.35 ASP1083 A

TYR1076 A  10.69     3 %    0.36  290   0.00    0    0.00 XXX   0 X    0.00 XXX   0 X    0.32 GLU1059 A
TYR1076 A                                            0.00 XXX   0 X    0.00 XXX   0 X    0.01 GLU1075 A

TYR1079 A  11.04    15 %    0.70  322   0.00    0    0.00 XXX   0 X    0.00 XXX   0 X    0.17 GLU1053 A
TYR1079 A                                            0.00 XXX   0 X    0.00 XXX   0 X   -0.05 ARG1056 A
TYR1079 A                                            0.00 XXX   0 X    0.00 XXX   0 X    0.16 GLU1071 A
TYR1079 A                                            0.00 XXX   0 X    0.00 XXX   0 X    0.05 CYS1072 A
TYR1079 A                                            0.00 XXX   0 X    0.00 XXX   0 X    0.07 GLU1075 A
TYR1079 A                                            0.00 XXX   0 X    0.00 XXX   0 X   -0.01 ARG1159 A
TYR1079 A                                            0.00 XXX   0 X    0.00 XXX   0 X    0.17 TYR1054 A
TYR1079 A                                            0.00 XXX   0 X    0.00 XXX   0 X   -0.21 LYS1077 A

TYR1080 A  11.49    28 %    1.43  361   0.00    0    0.00 XXX   0 X    0.00 XXX   0 X    0.02 GLU1050 A
TYR1080 A                                            0.00 XXX   0 X    0.00 XXX   0 X    0.04 ASP1083 A

TYR1092 A  12.51    57 %    2.27  441   0.00    0    0.00 XXX   0 X    0.00 XXX   0 X    0.05 GLU1093 A
TYR1092 A                                            0.00 XXX   0 X    0.00 XXX   0 X    0.05 ASP1099 A
TYR1092 A                                            0.00 XXX   0 X    0.00 XXX   0 X    0.06 GLU1110 A
TYR1092 A                                            0.00 XXX   0 X    0.00 XXX   0 X    0.07 TYR1145 A

TYR1145 A  11.45    40 %    1.48  392   0.00    0    0.00 XXX   0 X    0.00 XXX   0 X   -0.06 ARG1133 A
TYR1145 A                                            0.00 XXX   0 X    0.00 XXX   0 X   -0.04 ARG1136 A
TYR1145 A                                            0.00 XXX   0 X    0.00 XXX   0 X    0.07 CYS1140 A

TYR1176 A  10.37     0 %    0.51  266   0.00    0    0.00 XXX   0 X    0.00 XXX   0 X    0.06 CYS1140 A
TYR1176 A                                            0.00 XXX   0 X    0.00 XXX   0 X    0.10 GLU1143 A
TYR1176 A                                            0.00 XXX   0 X    0.00 XXX   0 X   -0.30 LYS1175 A

LYS 894 A  11.52    20 %   -0.81  338   0.00    0    0.85 ASP 968 A    0.00 XXX   0 X    0.21 CYS 966 A
LYS 894 A                                            0.00 XXX   0 X    0.00 XXX   0 X    0.02 GLU 967 A
LYS 894 A                                            0.00 XXX   0 X    0.00 XXX   0 X    0.28 TYR 914 A
LYS 894 A                                            0.00 XXX   0 X    0.00 XXX   0 X    0.46 ASP 968 A

LYS 898 A  10.39     0 %   -0.56  219   0.00    0    0.00 XXX   0 X    0.00 XXX   0 X   -0.01 ARG 895 A
LYS 898 A                                            0.00 XXX   0 X    0.00 XXX   0 X    0.10 CYS 915 A
LYS 898 A                                            0.00 XXX   0 X    0.00 XXX   0 X    0.25 ASP 917 A
LYS 898 A                                            0.00 XXX   0 X    0.00 XXX   0 X    0.01 ASP 921 A
LYS 898 A                                            0.00 XXX   0 X    0.00 XXX   0 X    0.06 TYR 896 A
LYS 898 A                                            0.00 XXX   0 X    0.00 XXX   0 X    0.04 TYR 916 A

LYS 899 A  10.85     0 %   -0.36  263   0.00    0   -0.09 LYS 910 A    0.00 XXX   0 X    0.01 GLU 905 A
LYS 899 A                                            0.53 ASP 902 A    0.00 XXX   0 X   -0.03 LYS 894 A
LYS 899 A                                            0.00 XXX   0 X    0.00 XXX   0 X   -0.38 LYS 910 A
LYS 899 A                                            0.00 XXX   0 X    0.00 XXX   0 X    0.31 TYR 914 A
LYS 899 A                                            0.00 XXX   0 X    0.00 XXX   0 X    0.38 ASP 902 A

LYS 910 A  11.46     7 %   -0.69  302   0.00    0    0.09 LYS 899 A    0.00 XXX   0 X    0.17 GLU 905 A
LYS 910 A                                            0.85 ASP 902 A    0.00 XXX   0 X    0.16 TYR 914 A
LYS 910 A                                            0.00 XXX   0 X    0.00 XXX   0 X    0.38 ASP 902 A

LYS 930 A  12.94   100 %   -3.20  570   0.00    0    0.85 GLU 947 A    0.00 XXX   0 X    2.03 GLU 947 A
LYS 930 A                                            0.73 ASP1041 A    0.00 XXX   0 X    2.03 ASP1041 A

LYS 933 A  11.45     0 %   -0.30  202   0.00    0    0.85 ASP 935 A    0.00 XXX   0 X    0.01 GLU 905 A
LYS 933 A                                            0.00 XXX   0 X    0.00 XXX   0 X   -0.00 ARG 941 A
LYS 933 A                                            0.00 XXX   0 X    0.00 XXX   0 X    0.01 ASP1062 A
LYS 933 A                                            0.00 XXX   0 X    0.00 XXX   0 X    0.38 ASP 935 A

LYS 945 A  10.14     0 %   -0.26  263   0.00    0    0.00 XXX   0 X    0.00 XXX   0 X   -0.12 ARG 941 A
LYS 945 A                                            0.00 XXX   0 X    0.00 XXX   0 X    0.03 ASP 949 A

LYS 961 A  10.54     0 %   -0.22  281   0.00    0    0.00 XXX   0 X    0.00 XXX   0 X    0.13 GLU 979 A
LYS 961 A                                            0.00 XXX   0 X    0.00 XXX   0 X    0.20 TYR 955 A
LYS 961 A                                            0.00 XXX   0 X    0.00 XXX   0 X   -0.08 LYS1038 A

LYS 963 A   9.88    27 %   -0.75  356   0.00    0    0.00 XXX   0 X    0.00 XXX   0 X    0.21 GLU 925 A
LYS 963 A                                            0.00 XXX   0 X    0.00 XXX   0 X    0.07 GLU 979 A
LYS 963 A                                            0.00 XXX   0 X    0.00 XXX   0 X   -0.16 LYS 961 A

LYS1038 A  10.96    45 %   -1.38  406   0.00    0    0.85 GLU 979 A    0.00 XXX   0 X    0.06 GLU 957 A
LYS1038 A                                            0.00 XXX   0 X    0.00 XXX   0 X    0.27 ASP1032 A
LYS1038 A                                            0.00 XXX   0 X    0.00 XXX   0 X    0.04 TYR 955 A
LYS1038 A                                            0.00 XXX   0 X    0.00 XXX   0 X    0.61 GLU 979 A

LYS1046 A   9.97    33 %   -0.83  373   0.00    0    0.00 XXX   0 X    0.00 XXX   0 X   -0.08 ARG1022 A
LYS1046 A                                            0.00 XXX   0 X    0.00 XXX   0 X   -0.07 ARG1058 A
LYS1046 A                                            0.00 XXX   0 X    0.00 XXX   0 X    0.03 TYR1019 A
LYS1046 A                                            0.00 XXX   0 X    0.00 XXX   0 X    0.41 TYR1055 A

LYS1074 A  11.38    11 %   -0.45  311   0.00    0    0.71 GLU1129 A    0.00 XXX   0 X    0.07 GLU1071 A
LYS1074 A                                            0.00 XXX   0 X    0.00 XXX   0 X    0.13 GLU1075 A
LYS1074 A                                            0.00 XXX   0 X    0.00 XXX   0 X    0.01 GLU1155 A
LYS1074 A                                            0.00 XXX   0 X    0.00 XXX   0 X    0.42 GLU1129 A

LYS1077 A  11.36     0 %   -0.46  234   0.00    0    0.85 GLU1075 A    0.00 XXX   0 X    0.01 GLU1053 A
LYS1077 A                                            0.00 XXX   0 X    0.00 XXX   0 X   -0.38 ARG1056 A
LYS1077 A                                            0.00 XXX   0 X    0.00 XXX   0 X    0.27 TYR1054 A
LYS1077 A                                            0.00 XXX   0 X    0.00 XXX   0 X   -0.01 LYS1074 A
LYS1077 A                                            0.00 XXX   0 X    0.00 XXX   0 X    0.21 TYR1079 A
LYS1077 A                                            0.00 XXX   0 X    0.00 XXX   0 X    0.38 GLU1075 A

LYS1107 A  10.93     0 %   -0.32  277   0.00    0    0.33 GLU1110 A    0.00 XXX   0 X    0.03 ASP1099 A
LYS1107 A                                            0.00 XXX   0 X    0.00 XXX   0 X    0.38 GLU1110 A

LYS1139 A  10.60     0 %   -0.07  129   0.00    0    0.00 XXX   0 X    0.00 XXX   0 X    0.17 ASP1138 A

LYS1149 A  10.02    10 %   -0.37  310   0.00    0    0.00 XXX   0 X    0.00 XXX   0 X   -0.15 ARG1133 A
LYS1149 A                                            0.00 XXX   0 X    0.00 XXX   0 X    0.04 GLU1153 A

LYS1170 A  10.50     0 %   -0.23  251   0.00    0    0.00 XXX   0 X    0.00 XXX   0 X    0.23 GLU1009 A

LYS1175 A  10.73     0 %   -0.16  173   0.00    0    0.00 XXX   0 X    0.00 XXX   0 X    0.09 GLU1143 A
LYS1175 A                                            0.00 XXX   0 X    0.00 XXX   0 X    0.30 TYR1176 A

ARG 895 A  12.67     0 %   -0.34  150   0.00    0    0.03 TYR 896 A    0.00 XXX   0 X    0.38 TYR 896 A
ARG 895 A                                            0.00 XXX   0 X    0.00 XXX   0 X    0.10 TYR 916 A
ARG 895 A                                            0.00 XXX   0 X    0.00 XXX   0 X    0.00 GLU 967 A

ARG 901 A  12.74     0 %   -0.29  235   0.00    0    0.25 TYR 980 A    0.00 XXX   0 X    0.28 TYR 980 A

ARG 941 A  12.18     0 %   -0.35  228   0.00    0    0.00 XXX   0 X    0.00 XXX   0 X    0.02 ASP 935 A
ARG 941 A                                            0.00 XXX   0 X    0.00 XXX   0 X    0.01 ASP 968 A

ARG 952 A  13.71     5 %   -0.40  296   0.00    0    0.12 ASP 949 A    0.00 XXX   0 X    0.26 ASP 949 A
ARG 952 A                                            0.59 TYR 962 A    0.00 XXX   0 X    0.35 TYR 962 A
ARG 952 A                                            0.00 CYS 965 A    0.00 XXX   0 X    0.28 CYS 965 A

ARG 987 A  12.44    31 %   -0.59  368   0.00    0    0.00 XXX   0 X    0.00 XXX   0 X    0.18 ASP 988 A
ARG 987 A                                            0.00 XXX   0 X    0.00 XXX   0 X    0.21 GLU1093 A
ARG 987 A                                            0.00 XXX   0 X    0.00 XXX   0 X    0.16 CYS1098 A
ARG 987 A                                            0.00 XXX   0 X    0.00 XXX   0 X   -0.01 ARG 992 A

ARG 992 A  12.47     0 %   -0.17  207   0.00    0    0.00 XXX   0 X    0.00 XXX   0 X    0.14 ASP 988 A

ARG1022 A  12.11    84 %   -2.32  517   0.00    0    0.04 TYR1068 A    0.00 XXX   0 X    0.44 TYR1055 A
ARG1022 A                                            0.00 XXX   0 X    0.00 XXX   0 X    0.08 ASP1060 A
ARG1022 A                                            0.00 XXX   0 X    0.00 XXX   0 X    1.12 TYR1068 A
ARG1022 A                                            0.00 XXX   0 X    0.00 XXX   0 X    0.20 CYS1072 A
ARG1022 A                                            0.00 XXX   0 X    0.00 XXX   0 X    0.17 ASP1083 A
ARG1022 A                                            0.00 XXX   0 X    0.00 XXX   0 X   -0.12 ARG1058 A

ARG1027 A  11.53    46 %   -0.72  411   0.00    0    0.00 XXX   0 X    0.00 XXX   0 X    0.07 ASP 988 A
ARG1027 A                                            0.00 XXX   0 X    0.00 XXX   0 X    0.03 ASP1041 A
ARG1027 A                                            0.00 XXX   0 X    0.00 XXX   0 X    0.18 GLU1093 A
ARG1027 A                                            0.00 XXX   0 X    0.00 XXX   0 X    0.01 CYS1098 A
ARG1027 A                                            0.00 XXX   0 X    0.00 XXX   0 X   -0.53 ARG 987 A

ARG1035 A  12.44     0 %   -0.22  249   0.00    0    0.00 XXX   0 X    0.00 XXX   0 X    0.15 ASP1034 A
ARG1035 A                                            0.00 XXX   0 X    0.00 XXX   0 X    0.03 C- 1177 A
ARG1035 A                                            0.00 XXX   0 X    0.00 XXX   0 X   -0.03 ARG1177 A

ARG1056 A  12.89     0 %   -0.27  194   0.00    0    0.14 TYR1054 A    0.00 XXX   0 X    0.35 TYR1054 A
ARG1056 A                                            0.00 XXX   0 X    0.00 XXX   0 X    0.11 GLU1075 A
ARG1056 A                                            0.00 XXX   0 X    0.00 XXX   0 X    0.05 TYR1079 A

ARG1058 A  12.71     7 %   -0.23  301   0.00    0    0.00 XXX   0 X    0.00 XXX   0 X    0.36 TYR1055 A
ARG1058 A                                            0.00 XXX   0 X    0.00 XXX   0 X    0.08 ASP1060 A

ARG1123 A  12.41     0 %   -0.27  201   0.00    0    0.00 XXX   0 X    0.00 XXX   0 X    0.24 GLU1126 A
ARG1123 A                                            0.00 XXX   0 X    0.00 XXX   0 X   -0.05 ARG1130 A

ARG1130 A  13.16     0 %   -0.35  222   0.00    0    0.57 GLU1132 A    0.00 XXX   0 X    0.12 GLU1126 A
ARG1130 A                                            0.00 XXX   0 X    0.00 XXX   0 X    0.31 GLU1132 A

ARG1133 A  10.65    63 %   -1.99  457   0.00    0    0.00 XXX   0 X    0.00 XXX   0 X    0.05 GLU1129 A
ARG1133 A                                            0.00 XXX   0 X    0.00 XXX   0 X    0.01 GLU1132 A
ARG1133 A                                            0.00 XXX   0 X    0.00 XXX   0 X    0.06 TYR1145 A
ARG1133 A                                            0.00 XXX   0 X    0.00 XXX   0 X    0.11 GLU1153 A
ARG1133 A                                            0.00 XXX   0 X    0.00 XXX   0 X   -0.09 ARG1159 A

ARG1136 A  12.55     0 %   -0.27  224   0.00    0    0.00 XXX   0 X    0.00 XXX   0 X    0.11 ASP1138 A
ARG1136 A                                            0.00 XXX   0 X    0.00 XXX   0 X    0.16 CYS1140 A
ARG1136 A                                            0.00 XXX   0 X    0.00 XXX   0 X    0.04 TYR1145 A

ARG1159 A  12.21    88 %   -3.18  529   0.00    0    0.94 GLU1071 A    0.00 XXX   0 X    0.42 CYS1072 A
ARG1159 A                                            0.00 XXX   0 X    0.00 XXX   0 X    0.01 TYR1079 A
ARG1159 A                                            0.00 XXX   0 X    0.00 XXX   0 X    0.18 CYS1151 A
ARG1159 A                                            0.00 XXX   0 X    0.00 XXX   0 X    0.05 GLU1153 A
ARG1159 A                                            0.00 XXX   0 X    0.00 XXX   0 X    0.01 GLU1155 A
ARG1159 A                                            0.00 XXX   0 X    0.00 XXX   0 X    1.29 GLU1071 A

ARG1177 A  13.64     0 %   -0.20  144   0.00    0    0.75 GLU1174 A    0.00 XXX   0 X    0.21 C- 1177 A
ARG1177 A                                            0.00 XXX   0 X    0.00 XXX   0 X    0.38 GLU1174 A

N+  890 A   7.79     0 %   -0.23  231   0.00    0    0.00 XXX   0 X    0.00 XXX   0 X   -0.07 ARG 952 A
N+  890 A                                            0.00 XXX   0 X    0.00 XXX   0 X    0.09 CYS 965 A

Coupled residues (marked *) were detected.Please rerun PropKa with the --display-coupled-residues 
or -d option for detailed information.

2026-04-25 21:16:33,219 INFO:output.py:227:print_pka_section:pKa summary:
--------------------------------------------------------------------------------------------------------
SUMMARY OF THIS PREDICTION
       Group      pKa  model-pKa   ligand atom-type
   ASP 902 A     1.74       3.80                      
   ASP 917 A     3.57       3.80                      
   ASP 921 A     1.85       3.80                      
   ASP 935 A     2.39       3.80                      
   ASP 949 A     3.81       3.80                      
   ASP 968 A     3.58       3.80                      
   ASP 988 A     3.74       3.80                      
   ASP1032 A     4.24       3.80                      
   ASP1034 A     3.93       3.80                      
   ASP1041 A     2.00       3.80                      
   ASP1060 A     3.31       3.80                      
   ASP1062 A     3.97       3.80                      
   ASP1083 A     3.02       3.80                      
   ASP1099 A     2.27       3.80                      
   ASP1138 A     3.73       3.80                      
   GLU 905 A     4.69       4.50                      
   GLU 925 A     4.45       4.50                      
   GLU 947 A     6.41       4.50                      
   GLU 957 A     4.38       4.50                      
   GLU 967 A     4.64       4.50                      
   GLU 979 A     3.89       4.50                      
   GLU1009 A     4.15       4.50                      
   GLU1050 A     3.71       4.50                      
   GLU1053 A     4.11       4.50                      
   GLU1059 A     4.68       4.50                      
   GLU1071 A     4.13       4.50                      
   GLU1075 A     3.23       4.50                      
   GLU1093 A     6.66       4.50                      
   GLU1110 A     4.13       4.50                      
   GLU1126 A     4.43       4.50                      
   GLU1129 A     3.80       4.50                      
   GLU1132 A     3.97       4.50                      
   GLU1143 A     4.47       4.50                      
   GLU1153 A     4.29       4.50                      
   GLU1155 A     4.72       4.50                      
   GLU1163 A     4.65       4.50                      
   GLU1174 A     3.73       4.50                      
   C- 1177 A     3.07       3.20                      
   HIS 893 A     5.94       6.50                      
   HIS 907 A     5.44       6.50                      
   HIS 940 A     6.13       6.50                      
   HIS 956 A     5.16       6.50                      
   HIS 958 A     5.89       6.50                      
   HIS 993 A     6.80       6.50                      
   HIS1015 A     6.04       6.50                      
   HIS1018 A     6.30       6.50                      
   HIS1021 A     5.37       6.50                      
   HIS1052 A     6.36       6.50                      
   HIS1097 A     6.37       6.50                      
   HIS1146 A     6.18       6.50                      
   HIS1173 A     6.36       6.50                      
   CYS 915 A     9.72       9.00                      
   CYS 965 A     9.75       9.00                      
   CYS 966 A    10.72       9.00                      
   CYS1008 A    14.07       9.00                      
   CYS1072 A    12.79       9.00                      
   CYS1098 A    12.93       9.00                      
   CYS1140 A    11.09       9.00                      
   CYS1151 A    12.41       9.00                      
   TYR 896 A     9.89      10.00                      
   TYR 914 A    10.36      10.00                      
   TYR 916 A    10.26      10.00                      
   TYR 955 A     9.89      10.00                      
   TYR 962 A    11.70      10.00                      
   TYR 980 A     9.99      10.00                      
   TYR 989 A    10.65      10.00                      
   TYR1013 A    10.29      10.00                      
   TYR1019 A     9.96      10.00                      
   TYR1054 A     9.71      10.00                      
   TYR1055 A     9.80      10.00                      
   TYR1068 A    13.46      10.00                      
   TYR1076 A    10.69      10.00                      
   TYR1079 A    11.04      10.00                      
   TYR1080 A    11.49      10.00                      
   TYR1092 A    12.51      10.00                      
   TYR1145 A    11.45      10.00                      
   TYR1176 A    10.37      10.00                      
   LYS 894 A    11.52      10.50                      
   LYS 898 A    10.39      10.50                      
   LYS 899 A    10.85      10.50                      
   LYS 910 A    11.46      10.50                      
   LYS 930 A    12.94      10.50                      
   LYS 933 A    11.45      10.50                      
   LYS 945 A    10.14      10.50                      
   LYS 961 A    10.54      10.50                      
   LYS 963 A     9.88      10.50                      
   LYS1038 A    10.96      10.50                      
   LYS1046 A     9.97      10.50                      
   LYS1074 A    11.38      10.50                      
   LYS1077 A    11.36      10.50                      
   LYS1107 A    10.93      10.50                      
   LYS1139 A    10.60      10.50                      
   LYS1149 A    10.02      10.50                      
   LYS1170 A    10.50      10.50                      
   LYS1175 A    10.73      10.50                      
   ARG 895 A    12.67      12.50                      
   ARG 901 A    12.74      12.50                      
   ARG 941 A    12.18      12.50                      
   ARG 952 A    13.71      12.50                      
   ARG 987 A    12.44      12.50                      
   ARG 992 A    12.47      12.50                      
   ARG1022 A    12.11      12.50                      
   ARG1027 A    11.53      12.50                      
   ARG1035 A    12.44      12.50                      
   ARG1056 A    12.89      12.50                      
   ARG1058 A    12.71      12.50                      
   ARG1123 A    12.41      12.50                      
   ARG1130 A    13.16      12.50                      
   ARG1133 A    10.65      12.50                      
   ARG1136 A    12.55      12.50                      
   ARG1159 A    12.21      12.50                      
   ARG1177 A    13.64      12.50                      
   N+  890 A     7.79       8.00                      

2026-04-25 21:16:33,248 INFO:main.py:645:non_trivial:PROPKA information:
--------------------------------------------------------------------------------------------------------
Free energy of   folding (kcal/mol) as a function of pH (using neutral reference)
  0.00     36.71
  1.00     36.44
  2.00     34.64
  3.00     29.16
  4.00     21.52
  5.00     17.27
  6.00     15.38
  7.00     13.20
  8.00     12.92
  9.00     15.72
 10.00     25.37
 11.00     41.61
 12.00     55.03
 13.00     63.17
 14.00     67.61

The pH of optimum stability is  7.7 for which the free energy is   12.8 kcal/mol at 298K
Could not determine pH values where the free energy is within 80 % of minimum
Could not determine the pH-range where the free energy is negative


Protein charge of folded and unfolded state as a function of pH
    pH  unfolded  folded
  0.00     49.00   48.94
  0.10     49.00   48.93
  0.20     48.99   48.91
  0.30     48.99   48.89
  0.40     48.99   48.86
  0.50     48.99   48.83
  0.60     48.99   48.78
  0.70     48.98   48.73
  0.80     48.98   48.66
  0.90     48.97   48.58
  1.00     48.96   48.49
  1.10     48.95   48.37
  1.20     48.94   48.23
  1.30     48.93   48.07
  1.40     48.91   47.88
  1.50     48.88   47.66
  1.60     48.85   47.40
  1.70     48.82   47.12
  1.80     48.77   46.81
  1.90     48.71   46.47
  2.00     48.64   46.10
  2.10     48.55   45.70
  2.20     48.43   45.27
  2.30     48.29   44.82
  2.40     48.11   44.34
  2.50     47.90   43.82
  2.60     47.63   43.27
  2.70     47.31   42.67
  2.80     46.92   42.02
  2.90     46.45   41.31
  3.00     45.88   40.53
  3.10     45.21   39.69
  3.20     44.43   38.76
  3.30     43.52   37.75
  3.40     42.49   36.65
  3.50     41.31   35.47
  3.60     40.01   34.22
  3.70     38.57   32.89
  3.80     37.02   31.49
  3.90     35.36   30.06
  4.00     33.61   28.59
  4.10     31.80   27.10
  4.20     29.95   25.62
  4.30     28.08   24.15
  4.40     26.23   22.72
  4.50     24.41   21.34
  4.60     22.67   20.01
  4.70     21.02   18.75
  4.80     19.48   17.56
  4.90     18.07   16.44
  5.00     16.79   15.38
  5.10     15.64   14.38
  5.20     14.62   13.44
  5.30     13.70   12.54
  5.40     12.87   11.68
  5.50     12.11   10.84
  5.60     11.40   10.02
  5.70     10.71    9.21
  5.80     10.03    8.40
  5.90      9.34    7.60
  6.00      8.63    6.79
  6.10      7.89    5.99
  6.20      7.12    5.20
  6.30      6.32    4.42
  6.40      5.51    3.67
  6.50      4.68    2.96
  6.60      3.87    2.28
  6.70      3.09    1.66
  6.80      2.34    1.08
  6.90      1.65    0.56
  7.00      1.01    0.09
  7.10      0.43   -0.32
  7.20     -0.09   -0.69
  7.30     -0.55   -1.02
  7.40     -0.97   -1.31
  7.50     -1.35   -1.57
  7.60     -1.71   -1.80
  7.70     -2.05   -2.01
  7.80     -2.38   -2.20
  7.90     -2.71   -2.38
  8.00     -3.06   -2.54
  8.10     -3.42   -2.71
  8.20     -3.82   -2.87
  8.30     -4.26   -3.03
  8.40     -4.74   -3.20
  8.50     -5.28   -3.39
  8.60     -5.89   -3.60
  8.70     -6.56   -3.83
  8.80     -7.32   -4.11
  8.90     -8.15   -4.43
  9.00     -9.06   -4.81
  9.10    -10.06   -5.25
  9.20    -11.15   -5.78
  9.30    -12.33   -6.40
  9.40    -13.62   -7.12
  9.50    -15.01   -7.94
  9.60    -16.52   -8.87
  9.70    -18.14   -9.91
  9.80    -19.87  -11.06
  9.90    -21.71  -12.31
 10.00    -23.64  -13.64
 10.10    -25.62  -15.06
 10.20    -27.65  -16.54
 10.30    -29.67  -18.07
 10.40    -31.66  -19.64
 10.50    -33.59  -21.23
 10.60    -35.43  -22.84
 10.70    -37.15  -24.44
 10.80    -38.73  -26.03
 10.90    -40.18  -27.61
 11.00    -41.48  -29.16
 11.10    -42.65  -30.69
 11.20    -43.70  -32.18
 11.30    -44.65  -33.64
 11.40    -45.52  -35.06
 11.50    -46.33  -36.45
 11.60    -47.11  -37.81
 11.70    -47.89  -39.15
 11.80    -48.67  -40.46
 11.90    -49.49  -41.75
 12.00    -50.35  -43.03
 12.10    -51.25  -44.30
 12.20    -52.21  -45.57
 12.30    -53.20  -46.83
 12.40    -54.23  -48.08
 12.50    -55.26  -49.32
 12.60    -56.29  -50.54
 12.70    -57.27  -51.73
 12.80    -58.20  -52.87
 12.90    -59.06  -53.97
 13.00    -59.84  -55.00
 13.10    -60.53  -55.97
 13.20    -61.12  -56.88
 13.30    -61.64  -57.71
 13.40    -62.07  -58.48
 13.50    -62.43  -59.18
 13.60    -62.73  -59.81
 13.70    -62.98  -60.38
 13.80    -63.18  -60.89
 13.90    -63.34  -61.35
 14.00    -63.47  -61.75
The pI is  7.02 (folded) and  7.18 (unfolded)

--------------------------------------------------------------------------------------------------------
2026-04-25 21:16:33,248 INFO:biomolecule.py:794:apply_pka_values:Applying pKa values at a pH of 7.40:
2026-04-25 21:16:33,249 INFO:main.py:658:non_trivial:Adding hydrogens to biomolecule.
2026-04-25 21:16:33,380 INFO:main.py:661:non_trivial:Debumping biomolecule (again).
2026-04-25 21:16:33,522 INFO:main.py:663:non_trivial:Optimizing hydrogen bonds
2026-04-25 21:16:33,786 INFO:main.py:675:non_trivial:Applying force field to biomolecule states.
2026-04-25 21:16:33,789 INFO:main.py:722:non_trivial:Regenerating headers.
2026-04-25 21:16:33,789 INFO:main.py:747:non_trivial:Regenerating PDB lines.
2026-04-25 21:16:33,800 WARNING:main.py:320:print_pqr:Ignoring 466 header lines in output.
2026-04-25 21:21:04,402 INFO:main.py:240:print_splash_screen:PDB2PQR v3.6.2: biomolecular structure conversion software.
2026-04-25 21:21:04,403 INFO:main.py:242:print_splash_screen:Please cite:  Jurrus E, et al.  Improvements to the APBS biomolecular solvation software suite.  Protein Sci 27 112-128 (2018).
2026-04-25 21:21:04,403 INFO:main.py:242:print_splash_screen:Please cite:  Dolinsky TJ, et al.  PDB2PQR: expanding and upgrading automated preparation of biomolecular structures for molecular simulations. Nucleic Acids Res 35 W522-W525 (2007).
2026-04-25 21:21:04,403 INFO:main.py:768:main_driver:Checking and transforming input arguments.
2026-04-25 21:21:04,403 INFO:main.py:772:main_driver:Loading topology files.
2026-04-25 21:21:04,426 INFO:main.py:774:main_driver:Loading molecule: 4GIH_transformed.pdb
2026-04-25 21:21:04,431 INFO:main.py:779:main_driver:Setting up molecule.
2026-04-25 21:21:04,442 INFO:main.py:417:setup_molecule:Created biomolecule object with 288 residues and 2335 atoms.
2026-04-25 21:21:04,443 WARNING:main.py:427:setup_molecule:Multiple occupancies found: CA in GLN A 213.
2026-04-25 21:21:04,443 WARNING:main.py:427:setup_molecule:Multiple occupancies found: CB in GLN A 213.
2026-04-25 21:21:04,443 WARNING:main.py:427:setup_molecule:Multiple occupancies found: CG in GLN A 213.
2026-04-25 21:21:04,443 WARNING:main.py:427:setup_molecule:Multiple occupancies found: CD in GLN A 213.
2026-04-25 21:21:04,443 WARNING:main.py:427:setup_molecule:Multiple occupancies found: OE1 in GLN A 213.
2026-04-25 21:21:04,443 WARNING:main.py:427:setup_molecule:Multiple occupancies found: NE2 in GLN A 213.
2026-04-25 21:21:04,443 WARNING:main.py:433:setup_molecule:Multiple occupancies found in GLN A 213. At least one of the instances is being ignored.
2026-04-25 21:21:04,443 INFO:main.py:783:main_driver:Setting termini states for biomolecule chains.
2026-04-25 21:21:04,446 INFO:main.py:613:non_trivial:Loading forcefield.
2026-04-25 21:21:04,449 INFO:main.py:617:non_trivial:Loading hydrogen topology definitions.
2026-04-25 21:21:04,450 WARNING:biomolecule.py:157:num_missing_heavy:Missing atom OXT in residue ARG A 288
2026-04-25 21:21:04,450 WARNING:biomolecule.py:157:num_missing_heavy:Missing atom OXT in residue ARG A 288
2026-04-25 21:21:04,450 INFO:main.py:627:non_trivial:Attempting to repair 1 missing atoms in biomolecule.
2026-04-25 21:21:04,451 WARNING:biomolecule.py:157:num_missing_heavy:Missing atom OXT in residue ARG A 288
2026-04-25 21:21:04,451 INFO:biomolecule.py:1077:repair_heavy:Added atom OXT to residue ARG A 288 at coordinates -29.362, 33.591, -17.007
2026-04-25 21:21:04,451 INFO:main.py:632:non_trivial:Updating disulfide bridges.
2026-04-25 21:21:04,451 INFO:main.py:635:non_trivial:Debumping biomolecule.
2026-04-25 21:21:04,485 INFO:main.py:642:non_trivial:Assigning titration states with PROPKA.
2026-04-25 21:21:04,492 INFO:output.py:74:print_header:
propka3.5.1                                                                                  2026-04-25

-------------------------------------------------------------------------------
--                                                                           --
--  PROPKA: A PROTEIN PKA PREDICTOR                                          --
--                                                                           --
--  VERSION 1.0,  04/25/2004,  IOWA CITY                                     --
--  BY HUI LI                                                                --
--                                                                           --
--  VERSION 2.0,  11/05/2007, IOWA CITY/COPENHAGEN                           --
--  BY DELPHINE C. BAS AND DAVID M. ROGERS                                   --
--                                                                           --
--  VERSION 3.0,  01/06/2011, COPENHAGEN                                     --
--  BY MATS H.M. OLSSON AND CHRESTEN R. SONDERGARD                           --
--                                                                           --
--  VERSION 3.1,  07/01/2011, COPENHAGEN                                     --
--  BY CHRESTEN R. SONDERGARD AND MATS H.M. OLSSON                           --
--                                                                           --
--  VERSION 3.2,  06/17/2020, PLANET EARTH                                   --
--  SEE ABOVE FOR AUTHORS                                                    --
--                                                                           --
-------------------------------------------------------------------------------


-------------------------------------------------------------------------------
References:

Very Fast Empirical Prediction and Rationalization of Protein pKa Values.
Hui Li, Andrew D. Robertson and Jan H. Jensen. PROTEINS: Structure, Function,
and Bioinformatics. 61:704-721 (2005)

Very Fast Prediction and Rationalization of pKa Values for Protein-Ligand
Complexes.  Delphine C. Bas, David M. Rogers and Jan H. Jensen.  PROTEINS:
Structure, Function, and Bioinformatics 73:765-783 (2008)

PROPKA3: Consistent Treatment of Internal and Surface Residues in Empirical
pKa predictions.  Mats H.M. Olsson, Chresten R. Sondergard, Michal Rostkowski,
and Jan H. Jensen.  Journal of Chemical Theory and Computation, 7(2):525-537
(2011)

Improved Treatment of Ligands and Coupling Effects in Empirical Calculation
and Rationalization of pKa Values.  Chresten R. Sondergaard, Mats H.M. Olsson,
Michal Rostkowski, and Jan H. Jensen.  Journal of Chemical Theory and
Computation, (2011)
-------------------------------------------------------------------------------



2026-04-25 21:21:04,538 INFO:conformation_container.py:124:find_covalently_coupled_groups:Coupling map:

2026-04-25 21:21:04,538 INFO:conformation_container.py:213:calculate_pka:Calculating pKas for Conformation container 1A with 2782 atoms and 717 groups
2026-04-25 21:21:04,808 INFO:output.py:225:print_pka_section:pKa determinants:

---------  -----   ------   ---------------------    --------------    --------------    --------------
                            DESOLVATION  EFFECTS       SIDECHAIN          BACKBONE        COULOMBIC
 RESIDUE    pKa    BURIED     REGULAR      RE        HYDROGEN BOND     HYDROGEN BOND      INTERACTION
---------  -----   ------   ---------   ---------    --------------    --------------    --------------

ASP  13 A   1.74     0 %    0.33  204   0.00    0   -0.24 SER  23 A    0.00 XXX   0 X   -0.38 LYS  10 A
ASP  13 A                                           -0.53 LYS  10 A    0.00 XXX   0 X   -0.38 LYS  21 A
ASP  13 A                                           -0.85 LYS  21 A    0.00 XXX   0 X    0.00 XXX   0 X

ASP  28 A   3.57     0 %    0.66  200   0.00    0    0.00 XXX   0 X   -0.66 GLY  33 A   -0.25 LYS   9 A
ASP  28 A                                            0.00 XXX   0 X   -0.02 THR  34 A    0.24 ASP  32 A
ASP  28 A                                            0.00 XXX   0 X   -0.19 GLY  35 A    0.00 XXX   0 X

ASP  32 A   1.85     0 %    0.42  121   0.00    0   -0.77 THR  30 A   -0.10 ASP  32 A   -0.01 LYS   9 A
ASP  32 A                                           -0.84 THR  34 A   -0.65 THR  34 A    0.00 XXX   0 X

ASP  46 A   2.39     0 %    0.35  188   0.00    0   -0.85 LYS  44 A   -0.48 ASP  46 A   -0.02 ARG  52 A
ASP  46 A                                            0.00 XXX   0 X    0.00 XXX   0 X   -0.03 HIS  51 A
ASP  46 A                                            0.00 XXX   0 X    0.00 XXX   0 X   -0.38 LYS  44 A

ASP  60 A   3.81     3 %    0.38  289   0.03    0   -0.12 ARG  63 A    0.00 XXX   0 X   -0.03 LYS  56 A
ASP  60 A                                            0.00 XXX   0 X    0.00 XXX   0 X   -0.26 ARG  63 A

ASP  79 A   3.58    22 %    0.93  344   0.23    0   -0.85 LYS   5 A   -0.05 GLY  81 A   -0.01 ARG  52 A
ASP  79 A                                            0.00 XXX   0 X    0.00 XXX   0 X   -0.46 LYS   5 A

ASP  99 A   3.74    28 %    0.61  360   0.07    0   -0.35 SER  96 A    0.00 XXX   0 X   -0.18 ARG  98 A
ASP  99 A                                            0.00 XXX   0 X    0.00 XXX   0 X   -0.14 ARG 103 A
ASP  99 A                                            0.00 XXX   0 X    0.00 XXX   0 X   -0.07 ARG 138 A

ASP 143 A   4.24    20 %    0.72  337   0.03    0   -0.30 ASN 144 A    0.00 XXX   0 X   -0.27 LYS 149 A
ASP 143 A                                            0.00 XXX   0 X    0.00 XXX   0 X    0.27 GLU  90 A

ASP 145 A   3.93     0 %    0.28  234   0.00    0    0.00 XXX   0 X   -0.00 ARG 146 A   -0.15 ARG 146 A

ASP 152 A   2.00    99 %    2.56  559   0.00    0   -0.73 LYS  41 A   -0.04 HIS  18 A   -0.03 ARG 138 A
ASP 152 A                                            0.00 XXX   0 X   -0.64 GLY 154 A   -0.39 HIS  18 A
ASP 152 A                                            0.00 XXX   0 X    0.00 XXX   0 X   -0.50 HIS 132 A
ASP 152 A                                            0.00 XXX   0 X    0.00 XXX   0 X   -2.03 LYS  41 A

ASP 171 A   3.31    17 %    0.54  330   0.00    0    0.00 XXX   0 X   -0.60 ASP 173 A   -0.08 ARG 133 A
ASP 171 A                                            0.00 XXX   0 X    0.00 XXX   0 X   -0.08 ARG 169 A
ASP 171 A                                            0.00 XXX   0 X    0.00 XXX   0 X   -0.21 HIS  18 A
ASP 171 A                                            0.00 XXX   0 X    0.00 XXX   0 X   -0.08 HIS  51 A

ASP 173 A   3.97     2 %    0.22  286   0.00    0    0.00 XXX   0 X    0.00 XXX   0 X   -0.01 LYS  44 A
ASP 173 A                                            0.00 XXX   0 X    0.00 XXX   0 X   -0.21 HIS  18 A
ASP 173 A                                            0.00 XXX   0 X    0.00 XXX   0 X   -0.07 HIS  51 A
ASP 173 A                                            0.00 XXX   0 X    0.00 XXX   0 X    0.24 ASP 171 A

ASP 194 A   3.02   100 %    4.32  659   0.55    0   -1.60 HIS 126 A   -0.83 HIS 132 A   -0.17 ARG 133 A
ASP 194 A                                            0.00 XXX   0 X   -0.81 ARG 133 A   -1.34 HIS 126 A
ASP 194 A                                            0.00 XXX   0 X    0.00 XXX   0 X   -0.90 HIS 132 A

ASP 210 A   2.27     0 %    0.40  277   0.00    0   -0.68 SER 212 A   -0.51 SER 212 A   -0.03 LYS 218 A
ASP 210 A                                           -0.68 GLN 213 A    0.00 XXX   0 X   -0.03 HIS 208 A

ASP 249 A   3.73     0 %    0.21  189   0.00    0    0.00 XXX   0 X    0.00 XXX   0 X   -0.11 ARG 247 A
ASP 249 A                                            0.00 XXX   0 X    0.00 XXX   0 X   -0.17 LYS 250 A

GLU  16 A   4.69     0 %    0.31  268   0.00    0    0.00 XXX   0 X    0.00 XXX   0 X   -0.01 LYS  10 A
GLU  16 A                                            0.00 XXX   0 X    0.00 XXX   0 X   -0.17 LYS  21 A
GLU  16 A                                            0.00 XXX   0 X    0.00 XXX   0 X   -0.01 LYS  44 A
GLU  16 A                                            0.00 XXX   0 X    0.00 XXX   0 X    0.07 ASP  13 A

GLU  36 A   4.45     0 %    0.16  245   0.00    0    0.00 XXX   0 X    0.00 XXX   0 X   -0.21 LYS  74 A

GLU  58 A   6.41    99 %    3.47  558   0.12    0   -0.85 LYS  41 A    0.00 XXX   0 X   -2.03 LYS  41 A
GLU  58 A                                            0.00 XXX   0 X    0.00 XXX   0 X    1.20 ASP 152 A

GLU  68 A   4.38     7 %    0.37  300   0.00    0    0.00 XXX   0 X    0.00 XXX   0 X   -0.06 LYS 149 A
GLU  68 A                                            0.00 XXX   0 X    0.00 XXX   0 X   -0.19 HIS  67 A
GLU  68 A                                            0.00 XXX   0 X    0.00 XXX   0 X   -0.47 HIS  69 A
GLU  68 A                                            0.00 XXX   0 X    0.00 XXX   0 X    0.22 GLU 120 A

GLU  78 A   4.64     0 %    0.16  184   0.00    0    0.00 XXX   0 X    0.00 XXX   0 X   -0.02 LYS   5 A
GLU  78 A                                            0.00 XXX   0 X    0.00 XXX   0 X   -0.00 ARG   6 A
GLU  78 A                                            0.00 XXX   0 X    0.00 XXX   0 X   -0.04 HIS   4 A
GLU  78 A                                            0.00 XXX   0 X    0.00 XXX   0 X    0.03 ASP  79 A

GLU  90 A   3.89    46 %    1.55  411   0.30    0   -0.85 LYS 149 A   -0.80 LYS  72 A   -0.13 LYS  72 A
GLU  90 A                                            0.00 XXX   0 X    0.00 XXX   0 X   -0.07 LYS  74 A
GLU  90 A                                            0.00 XXX   0 X    0.00 XXX   0 X   -0.61 LYS 149 A

GLU 120 A   4.15    34 %    0.95  376   0.17    0   -0.71 GLN 116 A    0.00 XXX   0 X   -0.23 LYS 281 A
GLU 120 A                                            0.00 XXX   0 X    0.00 XXX   0 X   -0.16 HIS  67 A
GLU 120 A                                            0.00 XXX   0 X    0.00 XXX   0 X   -0.37 HIS  69 A

GLU 161 A   3.71     0 %    0.13  140   0.00    0    0.00 XXX   0 X   -0.76 GLU 161 A   -0.11 HIS 129 A
GLU 161 A                                            0.00 XXX   0 X    0.00 XXX   0 X   -0.05 HIS 163 A

GLU 164 A   4.11     0 %    0.27  230   0.00    0    0.00 XXX   0 X   -0.57 GLU 164 A   -0.01 LYS 188 A
GLU 164 A                                            0.00 XXX   0 X    0.00 XXX   0 X   -0.08 HIS 163 A

GLU 170 A   4.68     0 %    0.18  191   0.00    0    0.00 XXX   0 X    0.00 XXX   0 X    0.00 XXX   0 X

GLU 182 A   4.13    84 %    3.06  517   0.37    0   -0.85 SER 193 A   -0.68 GLU 182 A   -0.07 LYS 185 A
GLU 182 A                                           -0.94 ARG 270 A    0.00 XXX   0 X    0.03 GLU 240 A
GLU 182 A                                            0.00 XXX   0 X    0.00 XXX   0 X   -1.29 ARG 270 A

GLU 186 A   3.23     0 %    0.20  212   0.00    0   -0.85 LYS 188 A    0.00 XXX   0 X   -0.11 ARG 167 A
GLU 186 A                                            0.00 XXX   0 X    0.00 XXX   0 X   -0.13 LYS 185 A
GLU 186 A                                            0.00 XXX   0 X    0.00 XXX   0 X   -0.38 LYS 188 A

GLU 204 A   6.66   100 %    3.59  565   0.56    0   -0.75 TRP 178 A   -0.85 ALA 137 A   -0.21 ARG  98 A
GLU 204 A                                            0.00 XXX   0 X    0.00 XXX   0 X   -0.18 ARG 138 A

GLU 221 A   4.13     0 %    0.34  232   0.00    0   -0.33 LYS 218 A    0.00 XXX   0 X   -0.38 LYS 218 A

GLU 237 A   4.43     0 %    0.29  222   0.00    0    0.00 XXX   0 X    0.00 XXX   0 X   -0.24 ARG 234 A
GLU 237 A                                            0.00 XXX   0 X    0.00 XXX   0 X   -0.12 ARG 241 A

GLU 240 A   3.80    11 %    0.45  311   0.03    0   -0.71 LYS 185 A    0.00 XXX   0 X   -0.05 ARG 244 A
GLU 240 A                                            0.00 XXX   0 X    0.00 XXX   0 X   -0.42 LYS 185 A

GLU 243 A   3.97     0 %    0.36  265   0.00    0   -0.57 ARG 241 A    0.00 XXX   0 X   -0.01 ARG 244 A
GLU 243 A                                            0.00 XXX   0 X    0.00 XXX   0 X   -0.31 ARG 241 A

GLU 254 A   4.47     0 %    0.13  200   0.00    0    0.00 XXX   0 X    0.00 XXX   0 X   -0.09 LYS 286 A
GLU 254 A                                            0.00 XXX   0 X    0.00 XXX   0 X   -0.08 HIS 257 A

GLU 264 A   4.29     7 %    0.44  300   0.07    0   -0.52 ASN 261 A    0.00 XXX   0 X   -0.11 ARG 244 A
GLU 264 A                                            0.00 XXX   0 X    0.00 XXX   0 X   -0.04 LYS 260 A
GLU 264 A                                            0.00 XXX   0 X    0.00 XXX   0 X   -0.05 ARG 270 A

GLU 266 A   4.72     0 %    0.18  208   0.00    0    0.00 XXX   0 X    0.00 XXX   0 X   -0.01 LYS 185 A
GLU 266 A                                            0.00 XXX   0 X    0.00 XXX   0 X   -0.01 ARG 270 A
GLU 266 A                                            0.00 XXX   0 X    0.00 XXX   0 X    0.01 GLU 182 A
GLU 266 A                                            0.00 XXX   0 X    0.00 XXX   0 X    0.03 GLU 240 A
GLU 266 A                                            0.00 XXX   0 X    0.00 XXX   0 X    0.01 GLU 264 A

GLU 274 A   4.65     0 %    0.18  264   0.00    0    0.00 XXX   0 X    0.00 XXX   0 X   -0.03 HIS 126 A

GLU 285 A   3.73     0 %    0.37  163   0.00    0   -0.75 ARG 288 A    0.00 XXX   0 X   -0.10 HIS 284 A
GLU 285 A                                            0.00 XXX   0 X    0.00 XXX   0 X    0.10 C-  288 A
GLU 285 A                                            0.00 XXX   0 X    0.00 XXX   0 X   -0.38 ARG 288 A

C-  288 A   3.07     0 %    0.20  165   0.00    0    0.00 XXX   0 X    0.00 XXX   0 X   -0.03 ARG 146 A
C-  288 A                                            0.00 XXX   0 X    0.00 XXX   0 X   -0.21 ARG 288 A
C-  288 A                                            0.00 XXX   0 X    0.00 XXX   0 X   -0.08 HIS 284 A

HIS   4 A   5.94     0 %   -0.32  224   0.00    0    0.00 XXX   0 X    0.00 XXX   0 X   -0.28 ARG   6 A
HIS   4 A                                            0.00 XXX   0 X    0.00 XXX   0 X    0.04 GLU  78 A

HIS  18 A   5.44    56 %   -1.39  438   0.00    0    0.00 XXX   0 X    0.00 XXX   0 X   -0.21 LYS  41 A
HIS  18 A                                            0.00 XXX   0 X    0.00 XXX   0 X   -0.12 ARG 133 A
HIS  18 A                                            0.00 XXX   0 X    0.00 XXX   0 X   -0.13 HIS  51 A
HIS  18 A                                            0.00 XXX   0 X    0.00 XXX   0 X    0.39 ASP 152 A
HIS  18 A                                            0.00 XXX   0 X    0.00 XXX   0 X    0.21 ASP 171 A
HIS  18 A                                            0.00 XXX   0 X    0.00 XXX   0 X    0.21 ASP 173 A

HIS  51 A   6.13     1 %   -0.37  285   0.00    0    0.00 XXX   0 X    0.00 XXX   0 X   -0.16 LYS  44 A
HIS  51 A                                            0.00 XXX   0 X    0.00 XXX   0 X   -0.01 ARG 169 A
HIS  51 A                                            0.00 XXX   0 X    0.00 XXX   0 X    0.03 ASP  46 A
HIS  51 A                                            0.00 XXX   0 X    0.00 XXX   0 X    0.08 ASP 171 A
HIS  51 A                                            0.00 XXX   0 X    0.00 XXX   0 X    0.07 ASP 173 A

HIS  67 A   5.16    41 %   -1.35  395   0.00    0    0.00 XXX   0 X    0.00 XXX   0 X   -0.03 LYS 149 A
HIS  67 A                                            0.00 XXX   0 X    0.00 XXX   0 X    0.19 GLU  68 A
HIS  67 A                                            0.00 XXX   0 X    0.00 XXX   0 X   -0.31 HIS  69 A
HIS  67 A                                            0.00 XXX   0 X    0.00 XXX   0 X    0.16 GLU 120 A

HIS  69 A   5.89    57 %   -2.08  442   0.00    0    0.00 XXX   0 X    0.77 VAL 148 A   -0.13 LYS 149 A
HIS  69 A                                            0.00 XXX   0 X    0.00 XXX   0 X    0.47 GLU  68 A
HIS  69 A                                            0.00 XXX   0 X    0.00 XXX   0 X    0.37 GLU 120 A

HIS 104 A   6.80     0 %   -0.48  242   0.00    0    0.00 XXX   0 X    0.83 TYR 100 A   -0.05 ARG 103 A

HIS 126 A   6.04   100 %   -3.41  566   0.00    0    1.60 ASP 194 A    0.00 XXX   0 X   -0.02 HIS 129 A
HIS 126 A                                            0.00 XXX   0 X    0.00 XXX   0 X    0.03 GLU 274 A
HIS 126 A                                            0.00 XXX   0 X    0.00 XXX   0 X    1.34 ASP 194 A

HIS 129 A   6.30     0 %   -0.31  260   0.00    0    0.00 XXX   0 X    0.00 XXX   0 X    0.11 GLU 161 A

HIS 132 A   5.37   100 %   -3.09  664   0.00    0    0.00 XXX   0 X    0.70 GLY 151 A   -0.06 LYS  41 A
HIS 132 A                                            0.00 XXX   0 X    0.02 ASP 152 A   -0.01 ARG 133 A
HIS 132 A                                            0.00 XXX   0 X    0.00 XXX   0 X   -0.09 HIS 126 A
HIS 132 A                                            0.00 XXX   0 X    0.00 XXX   0 X    0.50 ASP 152 A
HIS 132 A                                            0.00 XXX   0 X    0.00 XXX   0 X    0.90 ASP 194 A

HIS 163 A   6.36     0 %   -0.27  180   0.00    0    0.00 XXX   0 X    0.00 XXX   0 X    0.05 GLU 161 A
HIS 163 A                                            0.00 XXX   0 X    0.00 XXX   0 X    0.08 GLU 164 A

HIS 208 A   6.37    38 %   -0.93  387   0.00    0    0.00 XXX   0 X    0.77 ILE 106 A    0.03 ASP 210 A

HIS 257 A   6.18     0 %   -0.31  232   0.00    0    0.00 XXX   0 X    0.00 XXX   0 X   -0.02 ARG 247 A
HIS 257 A                                            0.00 XXX   0 X    0.00 XXX   0 X   -0.07 LYS 260 A
HIS 257 A                                            0.00 XXX   0 X    0.00 XXX   0 X    0.08 GLU 254 A

HIS 284 A   6.36    16 %   -0.80  327   0.00    0    0.00 XXX   0 X    0.69 ALA 109 A   -0.12 ARG 146 A
HIS 284 A                                            0.00 XXX   0 X    0.00 XXX   0 X   -0.10 ARG 288 A
HIS 284 A                                            0.00 XXX   0 X    0.00 XXX   0 X    0.10 GLU 285 A
HIS 284 A                                            0.00 XXX   0 X    0.00 XXX   0 X    0.08 C-  288 A

CYS  26 A   9.72     0 %    0.55  273   0.00    0    0.00 XXX   0 X   -0.11 GLY  35 A   -0.10 LYS   9 A
CYS  26 A                                            0.00 XXX   0 X    0.00 XXX   0 X    0.30 ASP  28 A
CYS  26 A                                            0.00 XXX   0 X    0.00 XXX   0 X    0.04 ASP  32 A
CYS  26 A                                            0.00 XXX   0 X    0.00 XXX   0 X    0.05 GLU  36 A

CYS  76 A   9.75*   50 %    1.93  421   0.00    0   -0.00 ARG  63 A    0.00 XXX   0 X   -0.09 N+    1 A
CYS  76 A                                           -0.85 TYR  73 A    0.00 XXX   0 X   -0.28 ARG  63 A
CYS  76 A                                            0.00 XXX   0 X    0.00 XXX   0 X    0.04 ASP  60 A

CYS  77 A  10.72    36 %    1.64  383   0.00    0    0.00 XXX   0 X    0.00 XXX   0 X   -0.21 LYS   5 A
CYS  77 A                                            0.00 XXX   0 X    0.00 XXX   0 X    0.07 CYS  76 A
CYS  77 A                                            0.00 XXX   0 X    0.00 XXX   0 X    0.08 GLU  78 A
CYS  77 A                                            0.00 XXX   0 X    0.00 XXX   0 X    0.14 ASP  79 A

CYS 119 A  14.07   100 %    4.42  589   0.00    0    0.00 XXX   0 X    0.00 XXX   0 X    0.08 GLU 120 A
CYS 119 A                                            0.00 XXX   0 X    0.00 XXX   0 X    0.57 CYS 262 A

CYS 183 A  12.79   100 %    4.05  567   0.00    0   -0.85 SER 193 A   -0.19 ALA 180 A   -0.20 ARG 133 A
CYS 183 A                                            0.00 XXX   0 X   -0.02 CYS 183 A   -0.42 ARG 270 A
CYS 183 A                                            0.00 XXX   0 X    0.00 XXX   0 X    0.24 ASP 194 A
CYS 183 A                                            0.00 XXX   0 X    0.00 XXX   0 X    1.18 GLU 182 A

CYS 209 A  12.93    82 %    3.01  510   0.00    0    0.00 XXX   0 X    0.00 XXX   0 X   -0.16 ARG  98 A
CYS 209 A                                            0.00 XXX   0 X    0.00 XXX   0 X   -0.01 ARG 138 A
CYS 209 A                                            0.00 XXX   0 X    0.00 XXX   0 X    0.06 ASP  99 A
CYS 209 A                                            0.00 XXX   0 X    0.00 XXX   0 X    0.02 ASP 210 A
CYS 209 A                                            0.00 XXX   0 X    0.00 XXX   0 X    1.01 GLU 204 A

CYS 251 A  11.09    51 %    2.26  425   0.00    0    0.00 XXX   0 X   -0.01 TYR 256 A   -0.16 ARG 247 A

CYS 262 A  12.41   100 %    3.57  589   0.00    0    0.00 XXX   0 X    0.00 XXX   0 X   -0.18 ARG 270 A
CYS 262 A                                            0.00 XXX   0 X    0.00 XXX   0 X    0.02 GLU 264 A

TYR   7 A   9.89     0 %    0.36  162   0.00    0   -0.03 ARG   6 A    0.00 XXX   0 X   -0.38 ARG   6 A
TYR   7 A                                            0.00 XXX   0 X    0.00 XXX   0 X   -0.06 LYS   9 A

TYR  25 A  10.36    35 %    0.96  380   0.00    0   -0.10 GLN  86 A    0.00 XXX   0 X    0.06 ASP  13 A
TYR  25 A                                            0.00 XXX   0 X    0.00 XXX   0 X    0.09 CYS  77 A
TYR  25 A                                            0.00 XXX   0 X    0.00 XXX   0 X    0.10 ASP  79 A
TYR  25 A                                            0.00 XXX   0 X    0.00 XXX   0 X   -0.28 LYS   5 A
TYR  25 A                                            0.00 XXX   0 X    0.00 XXX   0 X   -0.31 LYS  10 A
TYR  25 A                                            0.00 XXX   0 X    0.00 XXX   0 X   -0.16 LYS  21 A

TYR  27 A  10.26     8 %    1.00  303   0.00    0    0.00 XXX   0 X   -0.84 HIS   4 A   -0.10 ARG   6 A
TYR  27 A                                            0.00 XXX   0 X    0.00 XXX   0 X    0.12 CYS  77 A
TYR  27 A                                            0.00 XXX   0 X    0.00 XXX   0 X    0.12 TYR   7 A
TYR  27 A                                            0.00 XXX   0 X    0.00 XXX   0 X   -0.04 LYS   9 A

TYR  66 A   9.89     0 %    0.12  190   0.00    0    0.00 XXX   0 X    0.00 XXX   0 X    0.01 GLU  90 A
TYR  66 A                                            0.00 XXX   0 X    0.00 XXX   0 X   -0.20 LYS  72 A
TYR  66 A                                            0.00 XXX   0 X    0.00 XXX   0 X   -0.04 LYS 149 A

TYR  73 A  11.70*   26 %    1.20  355   0.00    0   -0.59 ARG  63 A    0.00 XXX   0 X    0.03 ASP  60 A
TYR  73 A                                            0.85 CYS  76 A    0.00 XXX   0 X   -0.35 ARG  63 A
TYR  73 A                                            0.00 XXX   0 X    0.00 XXX   0 X    0.56 CYS  76 A

TYR  91 A   9.99    11 %    0.53  313   0.00    0   -0.25 ARG  12 A    0.00 XXX   0 X   -0.28 ARG  12 A

TYR 100 A  10.65     4 %    0.55  292   0.00    0    0.00 XXX   0 X    0.00 XXX   0 X    0.11 ASP 145 A

TYR 124 A  10.29    21 %    1.06  339   0.00    0    0.00 XXX   0 X   -0.82 TYR  66 A    0.05 TYR 130 A

TYR 130 A   9.96    27 %    0.78  356   0.00    0   -0.84 THR  64 A    0.00 XXX   0 X    0.06 ASP  60 A
TYR 130 A                                            0.00 XXX   0 X    0.00 XXX   0 X   -0.03 LYS 157 A

TYR 165 A   9.71     0 %    0.31  214   0.00    0   -0.14 ARG 167 A    0.00 XXX   0 X    0.13 GLU 164 A
TYR 165 A                                            0.00 XXX   0 X    0.00 XXX   0 X   -0.35 ARG 167 A
TYR 165 A                                            0.00 XXX   0 X    0.00 XXX   0 X    0.04 GLU 186 A
TYR 165 A                                            0.00 XXX   0 X    0.00 XXX   0 X   -0.27 LYS 188 A

TYR 166 A   9.80    43 %    1.02  402   0.00    0    0.00 XXX   0 X    0.00 XXX   0 X   -0.44 ARG 133 A
TYR 166 A                                            0.00 XXX   0 X    0.00 XXX   0 X   -0.36 ARG 169 A
TYR 166 A                                            0.00 XXX   0 X    0.00 XXX   0 X   -0.41 LYS 157 A

TYR 179 A  13.46    98 %    3.49  557   0.00    0   -0.04 ARG 133 A    0.00 XXX   0 X   -1.12 ARG 133 A
TYR 179 A                                            0.00 XXX   0 X    0.00 XXX   0 X    0.06 ASP 171 A
TYR 179 A                                            0.00 XXX   0 X    0.00 XXX   0 X    0.72 CYS 183 A
TYR 179 A                                            0.00 XXX   0 X    0.00 XXX   0 X    0.35 ASP 194 A

TYR 187 A  10.69     3 %    0.36  290   0.00    0    0.00 XXX   0 X    0.00 XXX   0 X    0.32 GLU 170 A
TYR 187 A                                            0.00 XXX   0 X    0.00 XXX   0 X    0.01 GLU 186 A

TYR 190 A  11.04    15 %    0.70  322   0.00    0    0.00 XXX   0 X    0.00 XXX   0 X    0.17 GLU 164 A
TYR 190 A                                            0.00 XXX   0 X    0.00 XXX   0 X   -0.05 ARG 167 A
TYR 190 A                                            0.00 XXX   0 X    0.00 XXX   0 X    0.16 GLU 182 A
TYR 190 A                                            0.00 XXX   0 X    0.00 XXX   0 X    0.05 CYS 183 A
TYR 190 A                                            0.00 XXX   0 X    0.00 XXX   0 X    0.07 GLU 186 A
TYR 190 A                                            0.00 XXX   0 X    0.00 XXX   0 X   -0.01 ARG 270 A
TYR 190 A                                            0.00 XXX   0 X    0.00 XXX   0 X    0.17 TYR 165 A
TYR 190 A                                            0.00 XXX   0 X    0.00 XXX   0 X   -0.21 LYS 188 A

TYR 191 A  11.49    28 %    1.43  361   0.00    0    0.00 XXX   0 X    0.00 XXX   0 X    0.02 GLU 161 A
TYR 191 A                                            0.00 XXX   0 X    0.00 XXX   0 X    0.04 ASP 194 A

TYR 203 A  12.51    57 %    2.27  441   0.00    0    0.00 XXX   0 X    0.00 XXX   0 X    0.05 GLU 204 A
TYR 203 A                                            0.00 XXX   0 X    0.00 XXX   0 X    0.05 ASP 210 A
TYR 203 A                                            0.00 XXX   0 X    0.00 XXX   0 X    0.06 GLU 221 A
TYR 203 A                                            0.00 XXX   0 X    0.00 XXX   0 X    0.07 TYR 256 A

TYR 256 A  11.45    40 %    1.48  392   0.00    0    0.00 XXX   0 X    0.00 XXX   0 X   -0.06 ARG 244 A
TYR 256 A                                            0.00 XXX   0 X    0.00 XXX   0 X   -0.04 ARG 247 A
TYR 256 A                                            0.00 XXX   0 X    0.00 XXX   0 X    0.07 CYS 251 A

TYR 287 A  10.37     0 %    0.51  266   0.00    0    0.00 XXX   0 X    0.00 XXX   0 X    0.06 CYS 251 A
TYR 287 A                                            0.00 XXX   0 X    0.00 XXX   0 X    0.10 GLU 254 A
TYR 287 A                                            0.00 XXX   0 X    0.00 XXX   0 X   -0.30 LYS 286 A

LYS   5 A  11.52    20 %   -0.81  338   0.00    0    0.85 ASP  79 A    0.00 XXX   0 X    0.21 CYS  77 A
LYS   5 A                                            0.00 XXX   0 X    0.00 XXX   0 X    0.02 GLU  78 A
LYS   5 A                                            0.00 XXX   0 X    0.00 XXX   0 X    0.28 TYR  25 A
LYS   5 A                                            0.00 XXX   0 X    0.00 XXX   0 X    0.46 ASP  79 A

LYS   9 A  10.39     0 %   -0.56  219   0.00    0    0.00 XXX   0 X    0.00 XXX   0 X   -0.01 ARG   6 A
LYS   9 A                                            0.00 XXX   0 X    0.00 XXX   0 X    0.10 CYS  26 A
LYS   9 A                                            0.00 XXX   0 X    0.00 XXX   0 X    0.25 ASP  28 A
LYS   9 A                                            0.00 XXX   0 X    0.00 XXX   0 X    0.01 ASP  32 A
LYS   9 A                                            0.00 XXX   0 X    0.00 XXX   0 X    0.06 TYR   7 A
LYS   9 A                                            0.00 XXX   0 X    0.00 XXX   0 X    0.04 TYR  27 A

LYS  10 A  10.85     0 %   -0.36  263   0.00    0   -0.09 LYS  21 A    0.00 XXX   0 X    0.01 GLU  16 A
LYS  10 A                                            0.53 ASP  13 A    0.00 XXX   0 X   -0.03 LYS   5 A
LYS  10 A                                            0.00 XXX   0 X    0.00 XXX   0 X   -0.38 LYS  21 A
LYS  10 A                                            0.00 XXX   0 X    0.00 XXX   0 X    0.31 TYR  25 A
LYS  10 A                                            0.00 XXX   0 X    0.00 XXX   0 X    0.38 ASP  13 A

LYS  21 A  11.46     7 %   -0.69  302   0.00    0    0.09 LYS  10 A    0.00 XXX   0 X    0.17 GLU  16 A
LYS  21 A                                            0.85 ASP  13 A    0.00 XXX   0 X    0.16 TYR  25 A
LYS  21 A                                            0.00 XXX   0 X    0.00 XXX   0 X    0.38 ASP  13 A

LYS  41 A  12.94   100 %   -3.20  570   0.00    0    0.85 GLU  58 A    0.00 XXX   0 X    2.03 GLU  58 A
LYS  41 A                                            0.73 ASP 152 A    0.00 XXX   0 X    2.03 ASP 152 A

LYS  44 A  11.45     0 %   -0.30  202   0.00    0    0.85 ASP  46 A    0.00 XXX   0 X    0.01 GLU  16 A
LYS  44 A                                            0.00 XXX   0 X    0.00 XXX   0 X   -0.00 ARG  52 A
LYS  44 A                                            0.00 XXX   0 X    0.00 XXX   0 X    0.01 ASP 173 A
LYS  44 A                                            0.00 XXX   0 X    0.00 XXX   0 X    0.38 ASP  46 A

LYS  56 A  10.14     0 %   -0.26  263   0.00    0    0.00 XXX   0 X    0.00 XXX   0 X   -0.12 ARG  52 A
LYS  56 A                                            0.00 XXX   0 X    0.00 XXX   0 X    0.03 ASP  60 A

LYS  72 A  10.54     0 %   -0.22  281   0.00    0    0.00 XXX   0 X    0.00 XXX   0 X    0.13 GLU  90 A
LYS  72 A                                            0.00 XXX   0 X    0.00 XXX   0 X    0.20 TYR  66 A
LYS  72 A                                            0.00 XXX   0 X    0.00 XXX   0 X   -0.08 LYS 149 A

LYS  74 A   9.88    27 %   -0.75  356   0.00    0    0.00 XXX   0 X    0.00 XXX   0 X    0.21 GLU  36 A
LYS  74 A                                            0.00 XXX   0 X    0.00 XXX   0 X    0.07 GLU  90 A
LYS  74 A                                            0.00 XXX   0 X    0.00 XXX   0 X   -0.16 LYS  72 A

LYS 149 A  10.96    45 %   -1.38  406   0.00    0    0.85 GLU  90 A    0.00 XXX   0 X    0.06 GLU  68 A
LYS 149 A                                            0.00 XXX   0 X    0.00 XXX   0 X    0.27 ASP 143 A
LYS 149 A                                            0.00 XXX   0 X    0.00 XXX   0 X    0.04 TYR  66 A
LYS 149 A                                            0.00 XXX   0 X    0.00 XXX   0 X    0.61 GLU  90 A

LYS 157 A   9.97    33 %   -0.83  373   0.00    0    0.00 XXX   0 X    0.00 XXX   0 X   -0.08 ARG 133 A
LYS 157 A                                            0.00 XXX   0 X    0.00 XXX   0 X   -0.07 ARG 169 A
LYS 157 A                                            0.00 XXX   0 X    0.00 XXX   0 X    0.03 TYR 130 A
LYS 157 A                                            0.00 XXX   0 X    0.00 XXX   0 X    0.41 TYR 166 A

LYS 185 A  11.38    11 %   -0.45  311   0.00    0    0.71 GLU 240 A    0.00 XXX   0 X    0.07 GLU 182 A
LYS 185 A                                            0.00 XXX   0 X    0.00 XXX   0 X    0.13 GLU 186 A
LYS 185 A                                            0.00 XXX   0 X    0.00 XXX   0 X    0.01 GLU 266 A
LYS 185 A                                            0.00 XXX   0 X    0.00 XXX   0 X    0.42 GLU 240 A

LYS 188 A  11.36     0 %   -0.46  234   0.00    0    0.85 GLU 186 A    0.00 XXX   0 X    0.01 GLU 164 A
LYS 188 A                                            0.00 XXX   0 X    0.00 XXX   0 X   -0.38 ARG 167 A
LYS 188 A                                            0.00 XXX   0 X    0.00 XXX   0 X    0.27 TYR 165 A
LYS 188 A                                            0.00 XXX   0 X    0.00 XXX   0 X   -0.01 LYS 185 A
LYS 188 A                                            0.00 XXX   0 X    0.00 XXX   0 X    0.21 TYR 190 A
LYS 188 A                                            0.00 XXX   0 X    0.00 XXX   0 X    0.38 GLU 186 A

LYS 218 A  10.93     0 %   -0.32  277   0.00    0    0.33 GLU 221 A    0.00 XXX   0 X    0.03 ASP 210 A
LYS 218 A                                            0.00 XXX   0 X    0.00 XXX   0 X    0.38 GLU 221 A

LYS 250 A  10.60     0 %   -0.07  129   0.00    0    0.00 XXX   0 X    0.00 XXX   0 X    0.17 ASP 249 A

LYS 260 A  10.02    10 %   -0.37  310   0.00    0    0.00 XXX   0 X    0.00 XXX   0 X   -0.15 ARG 244 A
LYS 260 A                                            0.00 XXX   0 X    0.00 XXX   0 X    0.04 GLU 264 A

LYS 281 A  10.50     0 %   -0.23  251   0.00    0    0.00 XXX   0 X    0.00 XXX   0 X    0.23 GLU 120 A

LYS 286 A  10.73     0 %   -0.16  173   0.00    0    0.00 XXX   0 X    0.00 XXX   0 X    0.09 GLU 254 A
LYS 286 A                                            0.00 XXX   0 X    0.00 XXX   0 X    0.30 TYR 287 A

ARG   6 A  12.67     0 %   -0.34  150   0.00    0    0.03 TYR   7 A    0.00 XXX   0 X    0.38 TYR   7 A
ARG   6 A                                            0.00 XXX   0 X    0.00 XXX   0 X    0.10 TYR  27 A
ARG   6 A                                            0.00 XXX   0 X    0.00 XXX   0 X    0.00 GLU  78 A

ARG  12 A  12.74     0 %   -0.29  235   0.00    0    0.25 TYR  91 A    0.00 XXX   0 X    0.28 TYR  91 A

ARG  52 A  12.18     0 %   -0.35  228   0.00    0    0.00 XXX   0 X    0.00 XXX   0 X    0.02 ASP  46 A
ARG  52 A                                            0.00 XXX   0 X    0.00 XXX   0 X    0.01 ASP  79 A

ARG  63 A  13.71     5 %   -0.40  296   0.00    0    0.12 ASP  60 A    0.00 XXX   0 X    0.26 ASP  60 A
ARG  63 A                                            0.59 TYR  73 A    0.00 XXX   0 X    0.35 TYR  73 A
ARG  63 A                                            0.00 CYS  76 A    0.00 XXX   0 X    0.28 CYS  76 A

ARG  98 A  12.44    31 %   -0.59  368   0.00    0    0.00 XXX   0 X    0.00 XXX   0 X    0.18 ASP  99 A
ARG  98 A                                            0.00 XXX   0 X    0.00 XXX   0 X    0.21 GLU 204 A
ARG  98 A                                            0.00 XXX   0 X    0.00 XXX   0 X    0.16 CYS 209 A
ARG  98 A                                            0.00 XXX   0 X    0.00 XXX   0 X   -0.01 ARG 103 A

ARG 103 A  12.47     0 %   -0.17  207   0.00    0    0.00 XXX   0 X    0.00 XXX   0 X    0.14 ASP  99 A

ARG 133 A  12.11    84 %   -2.32  517   0.00    0    0.04 TYR 179 A    0.00 XXX   0 X    0.44 TYR 166 A
ARG 133 A                                            0.00 XXX   0 X    0.00 XXX   0 X    0.08 ASP 171 A
ARG 133 A                                            0.00 XXX   0 X    0.00 XXX   0 X    1.12 TYR 179 A
ARG 133 A                                            0.00 XXX   0 X    0.00 XXX   0 X    0.20 CYS 183 A
ARG 133 A                                            0.00 XXX   0 X    0.00 XXX   0 X    0.17 ASP 194 A
ARG 133 A                                            0.00 XXX   0 X    0.00 XXX   0 X   -0.12 ARG 169 A

ARG 138 A  11.53    46 %   -0.72  411   0.00    0    0.00 XXX   0 X    0.00 XXX   0 X    0.07 ASP  99 A
ARG 138 A                                            0.00 XXX   0 X    0.00 XXX   0 X    0.03 ASP 152 A
ARG 138 A                                            0.00 XXX   0 X    0.00 XXX   0 X    0.18 GLU 204 A
ARG 138 A                                            0.00 XXX   0 X    0.00 XXX   0 X    0.01 CYS 209 A
ARG 138 A                                            0.00 XXX   0 X    0.00 XXX   0 X   -0.53 ARG  98 A

ARG 146 A  12.44     0 %   -0.22  249   0.00    0    0.00 XXX   0 X    0.00 XXX   0 X    0.15 ASP 145 A
ARG 146 A                                            0.00 XXX   0 X    0.00 XXX   0 X    0.03 C-  288 A
ARG 146 A                                            0.00 XXX   0 X    0.00 XXX   0 X   -0.03 ARG 288 A

ARG 167 A  12.89     0 %   -0.27  194   0.00    0    0.14 TYR 165 A    0.00 XXX   0 X    0.35 TYR 165 A
ARG 167 A                                            0.00 XXX   0 X    0.00 XXX   0 X    0.11 GLU 186 A
ARG 167 A                                            0.00 XXX   0 X    0.00 XXX   0 X    0.05 TYR 190 A

ARG 169 A  12.71     7 %   -0.23  301   0.00    0    0.00 XXX   0 X    0.00 XXX   0 X    0.36 TYR 166 A
ARG 169 A                                            0.00 XXX   0 X    0.00 XXX   0 X    0.08 ASP 171 A

ARG 234 A  12.41     0 %   -0.27  201   0.00    0    0.00 XXX   0 X    0.00 XXX   0 X    0.24 GLU 237 A
ARG 234 A                                            0.00 XXX   0 X    0.00 XXX   0 X   -0.05 ARG 241 A

ARG 241 A  13.16     0 %   -0.35  222   0.00    0    0.57 GLU 243 A    0.00 XXX   0 X    0.12 GLU 237 A
ARG 241 A                                            0.00 XXX   0 X    0.00 XXX   0 X    0.31 GLU 243 A

ARG 244 A  10.65    63 %   -1.99  457   0.00    0    0.00 XXX   0 X    0.00 XXX   0 X    0.05 GLU 240 A
ARG 244 A                                            0.00 XXX   0 X    0.00 XXX   0 X    0.01 GLU 243 A
ARG 244 A                                            0.00 XXX   0 X    0.00 XXX   0 X    0.06 TYR 256 A
ARG 244 A                                            0.00 XXX   0 X    0.00 XXX   0 X    0.11 GLU 264 A
ARG 244 A                                            0.00 XXX   0 X    0.00 XXX   0 X   -0.09 ARG 270 A

ARG 247 A  12.55     0 %   -0.27  224   0.00    0    0.00 XXX   0 X    0.00 XXX   0 X    0.11 ASP 249 A
ARG 247 A                                            0.00 XXX   0 X    0.00 XXX   0 X    0.16 CYS 251 A
ARG 247 A                                            0.00 XXX   0 X    0.00 XXX   0 X    0.04 TYR 256 A

ARG 270 A  12.21    88 %   -3.18  529   0.00    0    0.94 GLU 182 A    0.00 XXX   0 X    0.42 CYS 183 A
ARG 270 A                                            0.00 XXX   0 X    0.00 XXX   0 X    0.01 TYR 190 A
ARG 270 A                                            0.00 XXX   0 X    0.00 XXX   0 X    0.18 CYS 262 A
ARG 270 A                                            0.00 XXX   0 X    0.00 XXX   0 X    0.05 GLU 264 A
ARG 270 A                                            0.00 XXX   0 X    0.00 XXX   0 X    0.01 GLU 266 A
ARG 270 A                                            0.00 XXX   0 X    0.00 XXX   0 X    1.29 GLU 182 A

ARG 288 A  13.64     0 %   -0.20  144   0.00    0    0.75 GLU 285 A    0.00 XXX   0 X    0.21 C-  288 A
ARG 288 A                                            0.00 XXX   0 X    0.00 XXX   0 X    0.38 GLU 285 A

N+    1 A   7.79     0 %   -0.23  231   0.00    0    0.00 XXX   0 X    0.00 XXX   0 X   -0.07 ARG  63 A
N+    1 A                                            0.00 XXX   0 X    0.00 XXX   0 X    0.09 CYS  76 A

Coupled residues (marked *) were detected.Please rerun PropKa with the --display-coupled-residues 
or -d option for detailed information.

2026-04-25 21:21:04,809 INFO:output.py:227:print_pka_section:pKa summary:
--------------------------------------------------------------------------------------------------------
SUMMARY OF THIS PREDICTION
       Group      pKa  model-pKa   ligand atom-type
   ASP  13 A     1.74       3.80                      
   ASP  28 A     3.57       3.80                      
   ASP  32 A     1.85       3.80                      
   ASP  46 A     2.39       3.80                      
   ASP  60 A     3.81       3.80                      
   ASP  79 A     3.58       3.80                      
   ASP  99 A     3.74       3.80                      
   ASP 143 A     4.24       3.80                      
   ASP 145 A     3.93       3.80                      
   ASP 152 A     2.00       3.80                      
   ASP 171 A     3.31       3.80                      
   ASP 173 A     3.97       3.80                      
   ASP 194 A     3.02       3.80                      
   ASP 210 A     2.27       3.80                      
   ASP 249 A     3.73       3.80                      
   GLU  16 A     4.69       4.50                      
   GLU  36 A     4.45       4.50                      
   GLU  58 A     6.41       4.50                      
   GLU  68 A     4.38       4.50                      
   GLU  78 A     4.64       4.50                      
   GLU  90 A     3.89       4.50                      
   GLU 120 A     4.15       4.50                      
   GLU 161 A     3.71       4.50                      
   GLU 164 A     4.11       4.50                      
   GLU 170 A     4.68       4.50                      
   GLU 182 A     4.13       4.50                      
   GLU 186 A     3.23       4.50                      
   GLU 204 A     6.66       4.50                      
   GLU 221 A     4.13       4.50                      
   GLU 237 A     4.43       4.50                      
   GLU 240 A     3.80       4.50                      
   GLU 243 A     3.97       4.50                      
   GLU 254 A     4.47       4.50                      
   GLU 264 A     4.29       4.50                      
   GLU 266 A     4.72       4.50                      
   GLU 274 A     4.65       4.50                      
   GLU 285 A     3.73       4.50                      
   C-  288 A     3.07       3.20                      
   HIS   4 A     5.94       6.50                      
   HIS  18 A     5.44       6.50                      
   HIS  51 A     6.13       6.50                      
   HIS  67 A     5.16       6.50                      
   HIS  69 A     5.89       6.50                      
   HIS 104 A     6.80       6.50                      
   HIS 126 A     6.04       6.50                      
   HIS 129 A     6.30       6.50                      
   HIS 132 A     5.37       6.50                      
   HIS 163 A     6.36       6.50                      
   HIS 208 A     6.37       6.50                      
   HIS 257 A     6.18       6.50                      
   HIS 284 A     6.36       6.50                      
   CYS  26 A     9.72       9.00                      
   CYS  76 A     9.75       9.00                      
   CYS  77 A    10.72       9.00                      
   CYS 119 A    14.07       9.00                      
   CYS 183 A    12.79       9.00                      
   CYS 209 A    12.93       9.00                      
   CYS 251 A    11.09       9.00                      
   CYS 262 A    12.41       9.00                      
   TYR   7 A     9.89      10.00                      
   TYR  25 A    10.36      10.00                      
   TYR  27 A    10.26      10.00                      
   TYR  66 A     9.89      10.00                      
   TYR  73 A    11.70      10.00                      
   TYR  91 A     9.99      10.00                      
   TYR 100 A    10.65      10.00                      
   TYR 124 A    10.29      10.00                      
   TYR 130 A     9.96      10.00                      
   TYR 165 A     9.71      10.00                      
   TYR 166 A     9.80      10.00                      
   TYR 179 A    13.46      10.00                      
   TYR 187 A    10.69      10.00                      
   TYR 190 A    11.04      10.00                      
   TYR 191 A    11.49      10.00                      
   TYR 203 A    12.51      10.00                      
   TYR 256 A    11.45      10.00                      
   TYR 287 A    10.37      10.00                      
   LYS   5 A    11.52      10.50                      
   LYS   9 A    10.39      10.50                      
   LYS  10 A    10.85      10.50                      
   LYS  21 A    11.46      10.50                      
   LYS  41 A    12.94      10.50                      
   LYS  44 A    11.45      10.50                      
   LYS  56 A    10.14      10.50                      
   LYS  72 A    10.54      10.50                      
   LYS  74 A     9.88      10.50                      
   LYS 149 A    10.96      10.50                      
   LYS 157 A     9.97      10.50                      
   LYS 185 A    11.38      10.50                      
   LYS 188 A    11.36      10.50                      
   LYS 218 A    10.93      10.50                      
   LYS 250 A    10.60      10.50                      
   LYS 260 A    10.02      10.50                      
   LYS 281 A    10.50      10.50                      
   LYS 286 A    10.73      10.50                      
   ARG   6 A    12.67      12.50                      
   ARG  12 A    12.74      12.50                      
   ARG  52 A    12.18      12.50                      
   ARG  63 A    13.71      12.50                      
   ARG  98 A    12.44      12.50                      
   ARG 103 A    12.47      12.50                      
   ARG 133 A    12.11      12.50                      
   ARG 138 A    11.53      12.50                      
   ARG 146 A    12.44      12.50                      
   ARG 167 A    12.89      12.50                      
   ARG 169 A    12.71      12.50                      
   ARG 234 A    12.41      12.50                      
   ARG 241 A    13.16      12.50                      
   ARG 244 A    10.65      12.50                      
   ARG 247 A    12.55      12.50                      
   ARG 270 A    12.21      12.50                      
   ARG 288 A    13.64      12.50                      
   N+    1 A     7.79       8.00                      

2026-04-25 21:21:04,822 INFO:main.py:645:non_trivial:PROPKA information:
--------------------------------------------------------------------------------------------------------
Free energy of   folding (kcal/mol) as a function of pH (using neutral reference)
  0.00     36.71
  1.00     36.44
  2.00     34.64
  3.00     29.16
  4.00     21.52
  5.00     17.27
  6.00     15.38
  7.00     13.20
  8.00     12.92
  9.00     15.72
 10.00     25.37
 11.00     41.61
 12.00     55.03
 13.00     63.17
 14.00     67.61

The pH of optimum stability is  7.7 for which the free energy is   12.8 kcal/mol at 298K
Could not determine pH values where the free energy is within 80 % of minimum
Could not determine the pH-range where the free energy is negative


Protein charge of folded and unfolded state as a function of pH
    pH  unfolded  folded
  0.00     49.00   48.94
  0.10     49.00   48.93
  0.20     48.99   48.91
  0.30     48.99   48.89
  0.40     48.99   48.86
  0.50     48.99   48.83
  0.60     48.99   48.78
  0.70     48.98   48.73
  0.80     48.98   48.66
  0.90     48.97   48.58
  1.00     48.96   48.49
  1.10     48.95   48.37
  1.20     48.94   48.23
  1.30     48.93   48.07
  1.40     48.91   47.88
  1.50     48.88   47.66
  1.60     48.85   47.40
  1.70     48.82   47.12
  1.80     48.77   46.81
  1.90     48.71   46.47
  2.00     48.64   46.10
  2.10     48.55   45.70
  2.20     48.43   45.27
  2.30     48.29   44.82
  2.40     48.11   44.34
  2.50     47.90   43.82
  2.60     47.63   43.27
  2.70     47.31   42.67
  2.80     46.92   42.02
  2.90     46.45   41.31
  3.00     45.88   40.53
  3.10     45.21   39.69
  3.20     44.43   38.76
  3.30     43.52   37.75
  3.40     42.49   36.65
  3.50     41.31   35.47
  3.60     40.01   34.22
  3.70     38.57   32.89
  3.80     37.02   31.49
  3.90     35.36   30.06
  4.00     33.61   28.59
  4.10     31.80   27.10
  4.20     29.95   25.62
  4.30     28.08   24.15
  4.40     26.23   22.72
  4.50     24.41   21.34
  4.60     22.67   20.01
  4.70     21.02   18.75
  4.80     19.48   17.56
  4.90     18.07   16.44
  5.00     16.79   15.38
  5.10     15.64   14.38
  5.20     14.62   13.44
  5.30     13.70   12.54
  5.40     12.87   11.68
  5.50     12.11   10.84
  5.60     11.40   10.02
  5.70     10.71    9.21
  5.80     10.03    8.40
  5.90      9.34    7.60
  6.00      8.63    6.79
  6.10      7.89    5.99
  6.20      7.12    5.20
  6.30      6.32    4.42
  6.40      5.51    3.67
  6.50      4.68    2.96
  6.60      3.87    2.28
  6.70      3.09    1.66
  6.80      2.34    1.08
  6.90      1.65    0.56
  7.00      1.01    0.09
  7.10      0.43   -0.32
  7.20     -0.09   -0.69
  7.30     -0.55   -1.02
  7.40     -0.97   -1.31
  7.50     -1.35   -1.57
  7.60     -1.71   -1.80
  7.70     -2.05   -2.01
  7.80     -2.38   -2.20
  7.90     -2.71   -2.38
  8.00     -3.06   -2.54
  8.10     -3.42   -2.71
  8.20     -3.82   -2.87
  8.30     -4.26   -3.03
  8.40     -4.74   -3.20
  8.50     -5.28   -3.39
  8.60     -5.89   -3.60
  8.70     -6.56   -3.83
  8.80     -7.32   -4.11
  8.90     -8.15   -4.43
  9.00     -9.06   -4.81
  9.10    -10.06   -5.25
  9.20    -11.15   -5.78
  9.30    -12.33   -6.40
  9.40    -13.62   -7.12
  9.50    -15.01   -7.94
  9.60    -16.52   -8.87
  9.70    -18.14   -9.91
  9.80    -19.87  -11.06
  9.90    -21.71  -12.31
 10.00    -23.64  -13.64
 10.10    -25.62  -15.06
 10.20    -27.65  -16.54
 10.30    -29.67  -18.07
 10.40    -31.66  -19.64
 10.50    -33.59  -21.23
 10.60    -35.43  -22.84
 10.70    -37.15  -24.44
 10.80    -38.73  -26.03
 10.90    -40.18  -27.61
 11.00    -41.48  -29.16
 11.10    -42.65  -30.69
 11.20    -43.70  -32.18
 11.30    -44.65  -33.64
 11.40    -45.52  -35.06
 11.50    -46.33  -36.45
 11.60    -47.11  -37.81
 11.70    -47.89  -39.15
 11.80    -48.67  -40.46
 11.90    -49.49  -41.75
 12.00    -50.35  -43.03
 12.10    -51.25  -44.30
 12.20    -52.21  -45.57
 12.30    -53.20  -46.83
 12.40    -54.23  -48.08
 12.50    -55.26  -49.32
 12.60    -56.29  -50.54
 12.70    -57.27  -51.73
 12.80    -58.20  -52.87
 12.90    -59.06  -53.97
 13.00    -59.84  -55.00
 13.10    -60.53  -55.97
 13.20    -61.12  -56.88
 13.30    -61.64  -57.71
 13.40    -62.07  -58.48
 13.50    -62.43  -59.18
 13.60    -62.73  -59.81
 13.70    -62.98  -60.38
 13.80    -63.18  -60.89
 13.90    -63.34  -61.35
 14.00    -63.47  -61.75
The pI is  7.02 (folded) and  7.18 (unfolded)

--------------------------------------------------------------------------------------------------------
2026-04-25 21:21:04,823 INFO:biomolecule.py:794:apply_pka_values:Applying pKa values at a pH of 7.40:
2026-04-25 21:21:04,823 INFO:main.py:658:non_trivial:Adding hydrogens to biomolecule.
2026-04-25 21:21:04,954 INFO:main.py:661:non_trivial:Debumping biomolecule (again).
2026-04-25 21:21:05,094 INFO:main.py:663:non_trivial:Optimizing hydrogen bonds
2026-04-25 21:21:05,355 INFO:main.py:675:non_trivial:Applying force field to biomolecule states.
2026-04-25 21:21:05,357 INFO:main.py:722:non_trivial:Regenerating headers.
2026-04-25 21:21:05,358 INFO:main.py:747:non_trivial:Regenerating PDB lines.
2026-04-25 21:21:05,369 WARNING:main.py:320:print_pqr:Ignoring 466 header lines in output.
