targets,mean_queries,std_queries,max_queries,min_queries,rand_queries
7.0,1.08,0.27129319932501067,2.0,1.0,2.117424242424242
7.1,1.16,0.463033476111609,3.0,1.0,2.198314606741573
7.2,1.2,0.4898979485566357,3.0,1.0,2.257934218118869
7.3,1.2,0.4898979485566357,3.0,1.0,2.3686440677966103
7.4,1.28,0.7222188034107114,4.0,1.0,2.4718888186986736
7.5,1.28,0.7222188034107114,4.0,1.0,2.5392602206359505
7.6,1.28,0.7222188034107114,4.0,1.0,2.6403508771929824
7.7,1.28,0.7222188034107114,4.0,1.0,2.787037037037037
7.8,1.44,1.1689311356961967,6.0,1.0,2.904974016332591
7.9,1.64,1.466424222385869,6.0,1.0,3.0356865787432117
8.0,1.8,1.876166303929372,8.0,1.0,3.140449438202247
8.1,1.84,1.890608367695436,8.0,1.0,3.3530419880034277
8.2,1.84,1.890608367695436,8.0,1.0,3.5
8.3,2.64,3.4857423886454955,17.0,1.0,3.6880301602262016
8.4,3.0,3.4871191548325386,17.0,1.0,4.0215827338129495
8.5,3.0,3.4871191548325386,17.0,1.0,4.185026737967914
8.6,3.0,3.4871191548325386,17.0,1.0,4.636255924170616
8.7,3.32,4.24,20.0,1.0,5.367626886145405
8.8,3.32,4.24,20.0,1.0,5.797037037037037
8.9,3.44,4.271580503747998,20.0,1.0,6.201267828843106
9.0,3.52,4.243771907159949,20.0,1.0,6.532554257095159
9.1,5.0,5.0517323761260355,22.0,1.0,7.905050505050505
9.2,5.04,5.118437261508634,22.0,1.0,8.753914988814318
9.3,5.88,5.659116538824766,22.0,1.0,10.007672634271099
9.4,7.2,6.893475175845635,24.0,1.0,11.576923076923077
9.5,8.84,7.635076947876819,26.0,1.0,13.0
9.6,10.76,8.262106268984923,27.0,1.0,14.992337164750959
9.7,15.32,13.610936778928922,60.0,1.0,18.370892018779344
9.8,16.12,13.715159495973788,60.0,1.0,20.594736842105263
9.9,17.6,13.317657451669191,60.0,1.0,22.75
10.0,19.8,14.430523206037957,60.0,3.0,25.575163398692812
10.1,24.72,19.358760290886398,78.0,3.0,33.44444444444444
10.2,25.72,19.98303280285553,78.0,3.0,38.742574257425744
10.3,25.72,19.98303280285553,78.0,3.0,44.46590909090909
10.4,28.88,20.418266331890177,78.0,3.0,61.140625
10.5,28.96,20.371509516970015,78.0,3.0,69.875
10.6,42.44,37.28815361478763,146.0,3.0,83.25531914893617
10.7,73.48,72.92852391211548,273.0,3.0,134.93103448275863
10.8,74.2,73.11306312828097,275.0,3.0,144.92592592592592
10.9,165.96,182.8307370219789,742.0,3.0,177.86363636363637
11.0,165.96,182.8307370219789,742.0,3.0,205.94736842105263
11.100000000000001,168.72,182.60810934895528,742.0,3.0,355.72727272727275
11.2,171.12,182.5171378254656,749.0,3.0,434.77777777777777
11.3,171.44,182.22888464785157,749.0,3.0,489.125
11.39794001,344.76,271.72372439667464,844.0,17.0,978.25
