run_0,run_1,run_2,run_3,run_4,run_5,run_6,run_7,run_8,run_9,run_10,run_11,run_12,run_13,run_14,run_15,run_16,run_17,run_18,run_19,run_20,run_21,run_22,run_23,run_24
538.0,2495.0,3705.0,2474.0,2894.0,3701.0,1823.0,795.0,1805.0,3858.0,1985.0,694.0,3343.0,3055.0,3302.0,320.0,514.0,548.0,403.0,3865.0,33.0,3726.0,2088.0,3422.0,506.0
3079.0,3708.0,282.0,2200.0,2661.0,3550.0,29.0,262.0,1937.0,3801.0,2618.0,2246.0,1316.0,622.0,2649.0,192.0,2083.0,2821.0,1173.0,263.0,799.0,3624.0,2312.0,1306.0,1100.0
825.0,3648.0,1077.0,1807.0,29.0,1856.0,905.0,1524.0,2926.0,2046.0,2857.0,3232.0,1983.0,233.0,1868.0,1921.0,1548.0,3196.0,868.0,1630.0,3757.0,2712.0,211.0,2189.0,1988.0
924.0,2415.0,2787.0,1052.0,1163.0,2817.0,2308.0,62.0,2620.0,3019.0,3160.0,952.0,2143.0,1370.0,3235.0,2484.0,3660.0,48.0,1636.0,1651.0,820.0,3116.0,3739.0,2096.0,1826.0
3713.0,1504.0,3632.0,3286.0,1926.0,3012.0,3423.0,3328.0,1082.0,761.0,2753.0,2913.0,2809.0,2933.0,1839.0,2576.0,2783.0,3231.0,1247.0,1007.0,1380.0,1963.0,3291.0,3330.0,273.0
3865.0,1114.0,2149.0,122.0,2862.0,2866.0,3757.0,1527.0,2489.0,357.0,2083.0,541.0,2547.0,1516.0,2982.0,3838.0,2179.0,1301.0,1547.0,2087.0,1821.0,3877.0,758.0,2404.0,2937.0
3668.0,2520.0,3717.0,250.0,3589.0,1774.0,102.0,3094.0,3144.0,752.0,1504.0,1856.0,2836.0,647.0,1792.0,2564.0,2612.0,3526.0,686.0,2417.0,3796.0,3760.0,2099.0,2459.0,2315.0
3213.0,299.0,2875.0,3701.0,1654.0,1316.0,270.0,2757.0,3666.0,578.0,2931.0,243.0,3452.0,3033.0,1317.0,1486.0,1891.0,1288.0,1258.0,1590.0,813.0,1436.0,2317.0,2410.0,315.0
1059.0,666.0,1256.0,2226.0,1223.0,2940.0,170.0,1450.0,3722.0,2132.0,2716.0,1000.0,2345.0,620.0,1400.0,2612.0,922.0,699.0,92.0,1843.0,3049.0,759.0,3371.0,2243.0,2563.0
3759.0,1017.0,1887.0,3137.0,2321.0,47.0,957.0,2036.0,1431.0,1518.0,2433.0,1226.0,597.0,3109.0,2718.0,2724.0,597.0,627.0,831.0,3619.0,200.0,3703.0,2698.0,520.0,2802.0
3766.0,2306.0,52.0,3757.0,971.0,2183.0,2616.0,2385.0,1210.0,3573.0,2771.0,3891.0,3347.0,2455.0,3101.0,1643.0,3665.0,533.0,200.0,980.0,1546.0,3330.0,3640.0,3410.0,818.0
3554.0,827.0,467.0,2761.0,1097.0,3211.0,1012.0,178.0,3551.0,1646.0,1644.0,497.0,1504.0,2647.0,3803.0,1625.0,1331.0,898.0,2688.0,2800.0,3810.0,2377.0,1097.0,1268.0,3476.0
1818.0,1210.0,3341.0,1320.0,2068.0,820.0,619.0,1184.0,2584.0,3890.0,1376.0,2211.0,2107.0,38.0,2871.0,2017.0,3629.0,3457.0,775.0,3319.0,335.0,776.0,370.0,3317.0,119.0
270.0,374.0,1260.0,660.0,2207.0,131.0,1339.0,43.0,677.0,3233.0,2977.0,3399.0,1245.0,1656.0,1651.0,3575.0,50.0,1732.0,2695.0,3553.0,3337.0,1088.0,1553.0,1050.0,195.0
2310.0,2755.0,2038.0,2887.0,443.0,3444.0,3530.0,563.0,1273.0,3209.0,473.0,2115.0,1227.0,421.0,1636.0,223.0,1621.0,956.0,3763.0,1591.0,2688.0,2064.0,3156.0,41.0,1502.0
435.0,2954.0,988.0,1100.0,2728.0,3567.0,789.0,3756.0,1725.0,2062.0,395.0,3791.0,1743.0,2538.0,2891.0,1666.0,575.0,854.0,792.0,3431.0,1972.0,2175.0,2205.0,874.0,3184.0
487.0,2.0,1752.0,3303.0,811.0,743.0,1314.0,2403.0,3646.0,2999.0,1611.0,1695.0,3145.0,249.0,554.0,1526.0,3627.0,3846.0,1070.0,453.0,717.0,2950.0,2790.0,2228.0,294.0
2238.0,3120.0,1262.0,2461.0,2737.0,2070.0,1250.0,1816.0,1453.0,302.0,3296.0,247.0,1688.0,683.0,2322.0,3475.0,2447.0,1730.0,693.0,1076.0,2304.0,287.0,3908.0,1729.0,1745.0
1209.0,1460.0,767.0,372.0,1561.0,3489.0,1927.0,2230.0,1799.0,1316.0,1411.0,2187.0,3434.0,1869.0,1819.0,1808.0,998.0,2453.0,322.0,2023.0,517.0,2874.0,2153.0,886.0,3665.0
2964.0,3142.0,197.0,2209.0,2099.0,1089.0,889.0,787.0,1035.0,526.0,2002.0,3684.0,2991.0,2243.0,265.0,2025.0,582.0,204.0,3618.0,3380.0,3393.0,992.0,523.0,2101.0,3474.0
1834.0,2481.0,475.0,1904.0,253.0,2771.0,1044.0,1902.0,1700.0,813.0,730.0,2624.0,2206.0,3338.0,1061.0,1210.0,1616.0,3276.0,3068.0,2705.0,1118.0,3033.0,2945.0,2016.0,3138.0
3331.0,1784.0,700.0,1604.0,3803.0,1322.0,3120.0,1061.0,880.0,1644.0,2416.0,1398.0,128.0,2739.0,1998.0,2577.0,2302.0,575.0,1508.0,2343.0,1451.0,1791.0,1966.0,354.0,2666.0
1584.0,706.0,3851.0,3398.0,2263.0,3527.0,3489.0,1805.0,1406.0,2876.0,2044.0,3810.0,725.0,3808.0,221.0,2979.0,1433.0,735.0,2642.0,1039.0,3279.0,1521.0,3265.0,2769.0,1437.0
684.0,2261.0,2771.0,2244.0,1931.0,1165.0,1197.0,2602.0,1708.0,1994.0,670.0,3656.0,960.0,2891.0,3325.0,1097.0,1367.0,2682.0,1312.0,1086.0,1632.0,3655.0,1737.0,2004.0,2260.0
2817.0,3410.0,2352.0,1684.0,1585.0,44.0,403.0,1534.0,3416.0,386.0,1238.0,1337.0,504.0,3822.0,3482.0,3141.0,988.0,3614.0,3200.0,2279.0,3010.0,3271.0,2222.0,337.0,2678.0
1939.0,584.0,812.0,3219.0,2044.0,2776.0,1563.0,2048.0,2213.0,2795.0,367.0,3883.0,1527.0,1253.0,3554.0,81.0,3567.0,1151.0,621.0,3037.0,3773.0,1179.0,409.0,1549.0,2009.0
929.0,381.0,3356.0,1815.0,3538.0,1138.0,3049.0,820.0,1435.0,1789.0,1805.0,41.0,2244.0,2584.0,3902.0,1413.0,3272.0,3165.0,3147.0,1098.0,3582.0,1745.0,3563.0,1787.0,2882.0
3767.0,460.0,2779.0,3408.0,3811.0,3364.0,3900.0,1856.0,3565.0,927.0,3192.0,835.0,38.0,656.0,1850.0,2015.0,128.0,1296.0,1242.0,41.0,1512.0,1631.0,163.0,785.0,933.0
1984.0,2407.0,3852.0,3067.0,1778.0,1786.0,2889.0,465.0,1627.0,1385.0,2904.0,1904.0,867.0,2652.0,336.0,2248.0,2087.0,381.0,3307.0,3838.0,1344.0,2105.0,1923.0,522.0,3132.0
185.0,1503.0,934.0,3759.0,1142.0,1883.0,3640.0,3050.0,3025.0,1676.0,2495.0,1537.0,236.0,2500.0,1268.0,3885.0,1364.0,1783.0,521.0,932.0,1336.0,2729.0,1504.0,2428.0,571.0
1564.0,2334.0,160.0,59.0,4.0,2496.0,3862.0,856.0,687.0,1772.0,153.0,625.0,3566.0,1035.0,3105.0,2062.0,3087.0,3558.0,2543.0,1233.0,3185.0,627.0,1319.0,869.0,2057.0
643.0,1212.0,617.0,1432.0,3372.0,341.0,3522.0,918.0,1906.0,520.0,652.0,778.0,3421.0,2570.0,2723.0,1167.0,2638.0,2945.0,1767.0,1579.0,1563.0,3244.0,1373.0,1910.0,1084.0
2334.0,2462.0,1538.0,3204.0,1111.0,3662.0,2462.0,2211.0,3701.0,3663.0,920.0,2917.0,987.0,3107.0,3037.0,750.0,1800.0,3488.0,310.0,2209.0,3473.0,3414.0,3581.0,2638.0,902.0
2368.0,3570.0,1756.0,1294.0,1670.0,2622.0,2016.0,1556.0,3206.0,1533.0,2369.0,3196.0,335.0,1528.0,206.0,3045.0,1261.0,361.0,38.0,2053.0,3888.0,829.0,1070.0,3577.0,598.0
3030.0,3036.0,2821.0,1934.0,1043.0,1008.0,1124.0,2389.0,2808.0,3707.0,1576.0,3037.0,2794.0,3660.0,1494.0,2329.0,1311.0,263.0,185.0,628.0,3343.0,3774.0,265.0,1166.0,2583.0
226.0,802.0,1112.0,2709.0,61.0,2973.0,1744.0,888.0,3155.0,951.0,201.0,67.0,2577.0,211.0,2943.0,420.0,41.0,1300.0,3591.0,705.0,3838.0,3079.0,921.0,2282.0,3207.0
750.0,3156.0,2271.0,2975.0,2275.0,1857.0,2863.0,2085.0,3207.0,1010.0,326.0,2790.0,1015.0,1893.0,1695.0,557.0,3678.0,2792.0,1492.0,927.0,3845.0,785.0,498.0,2112.0,4.0
796.0,2990.0,650.0,3638.0,1666.0,1447.0,213.0,44.0,3650.0,558.0,539.0,1781.0,3116.0,1835.0,2989.0,422.0,979.0,2645.0,1886.0,2605.0,1852.0,342.0,2445.0,3208.0,783.0
3323.0,28.0,3215.0,1053.0,1915.0,3736.0,2887.0,861.0,917.0,908.0,1416.0,2753.0,2482.0,688.0,1488.0,1084.0,557.0,2437.0,2793.0,1849.0,3521.0,3353.0,133.0,342.0,1163.0
393.0,1466.0,740.0,2702.0,1716.0,2531.0,765.0,581.0,1634.0,2859.0,624.0,401.0,3406.0,65.0,2068.0,3871.0,132.0,2770.0,2129.0,3836.0,1617.0,839.0,397.0,1200.0,121.0
3107.0,1988.0,1632.0,734.0,1845.0,2269.0,188.0,220.0,3480.0,2428.0,3686.0,3479.0,1640.0,2102.0,933.0,441.0,1810.0,643.0,1698.0,1246.0,332.0,3527.0,110.0,2854.0,913.0
3300.0,2450.0,2217.0,2806.0,392.0,3865.0,1574.0,1953.0,1115.0,2641.0,3693.0,3526.0,3043.0,3875.0,2257.0,1405.0,3323.0,3540.0,1737.0,1180.0,1141.0,2204.0,3576.0,3693.0,2805.0
1490.0,3420.0,873.0,1354.0,692.0,2807.0,3441.0,2216.0,3578.0,1568.0,3468.0,1072.0,2663.0,2856.0,974.0,2303.0,3049.0,2820.0,639.0,3579.0,1474.0,601.0,3649.0,3206.0,928.0
3874.0,94.0,2411.0,2660.0,1816.0,496.0,1342.0,1626.0,713.0,1751.0,2927.0,1726.0,3516.0,292.0,2683.0,2897.0,1123.0,1794.0,2798.0,1435.0,1674.0,1787.0,2989.0,2885.0,1190.0
3532.0,2694.0,392.0,1021.0,528.0,1505.0,1492.0,527.0,2263.0,3015.0,2230.0,460.0,1214.0,916.0,994.0,3888.0,2044.0,3584.0,859.0,256.0,754.0,778.0,1620.0,1884.0,1429.0
2563.0,248.0,1235.0,3881.0,3235.0,716.0,3249.0,2340.0,1001.0,2310.0,2285.0,485.0,1952.0,3181.0,2031.0,118.0,631.0,1885.0,3723.0,325.0,3061.0,2645.0,2260.0,2982.0,13.0
851.0,3255.0,3018.0,732.0,772.0,881.0,2991.0,2962.0,2060.0,3630.0,3480.0,943.0,2466.0,3537.0,1417.0,1971.0,1190.0,976.0,379.0,2297.0,2357.0,229.0,1067.0,1805.0,111.0
1983.0,865.0,3323.0,2363.0,1689.0,3226.0,1875.0,882.0,1907.0,3704.0,3828.0,3434.0,2257.0,2657.0,2076.0,1445.0,3790.0,3758.0,2535.0,217.0,3159.0,2413.0,1154.0,1168.0,2160.0
2871.0,1603.0,139.0,3164.0,3354.0,1409.0,3271.0,1257.0,1230.0,1475.0,1897.0,1593.0,3823.0,3575.0,2912.0,3734.0,3513.0,926.0,2349.0,3824.0,1593.0,2866.0,61.0,485.0,96.0
1256.0,2493.0,3507.0,3119.0,2663.0,1657.0,2696.0,796.0,2058.0,3342.0,1941.0,2017.0,2860.0,2359.0,2890.0,2296.0,299.0,2146.0,117.0,3592.0,268.0,1945.0,2266.0,1468.0,3088.0
1737.0,406.0,46.0,2206.0,837.0,1007.0,2762.0,1596.0,2343.0,1827.0,2856.0,3281.0,614.0,2663.0,304.0,2211.0,1113.0,2978.0,3142.0,328.0,1445.0,1651.0,1410.0,109.0,3905.0
3492.0,1332.0,1288.0,2781.0,1399.0,3484.0,2665.0,679.0,2968.0,1146.0,3558.0,3887.0,3667.0,921.0,3088.0,1698.0,188.0,75.0,2874.0,526.0,2944.0,2166.0,14.0,1554.0,3659.0
2742.0,350.0,486.0,2532.0,3893.0,1645.0,1240.0,2706.0,1714.0,98.0,3406.0,2430.0,2949.0,368.0,3096.0,996.0,385.0,1451.0,1362.0,319.0,2427.0,2937.0,621.0,1971.0,1337.0
1598.0,3448.0,1385.0,3400.0,220.0,797.0,2768.0,2094.0,1461.0,2113.0,460.0,3056.0,2267.0,2442.0,2476.0,432.0,1234.0,3140.0,1899.0,3909.0,2225.0,866.0,2109.0,3251.0,3157.0
784.0,1704.0,2882.0,895.0,386.0,2624.0,3272.0,444.0,1493.0,1067.0,949.0,2076.0,3481.0,3022.0,1076.0,2116.0,2298.0,2790.0,7.0,1566.0,2302.0,1719.0,86.0,2917.0,656.0
2197.0,2321.0,3551.0,104.0,2634.0,2778.0,1541.0,160.0,1372.0,604.0,695.0,3630.0,1122.0,1916.0,123.0,3261.0,3508.0,1202.0,2214.0,653.0,305.0,1446.0,1020.0,3253.0,835.0
3322.0,2821.0,1845.0,3714.0,428.0,432.0,3594.0,1201.0,3046.0,392.0,1333.0,3686.0,3244.0,2029.0,3153.0,2300.0,414.0,1855.0,1602.0,1085.0,1811.0,1830.0,3331.0,1328.0,75.0
570.0,1800.0,511.0,115.0,2848.0,1248.0,1082.0,1110.0,2008.0,2622.0,1686.0,2084.0,2987.0,20.0,3318.0,1118.0,5.0,713.0,562.0,1888.0,1917.0,741.0,3273.0,533.0,3672.0
689.0,1512.0,3910.0,2340.0,2560.0,364.0,2463.0,2153.0,3529.0,3018.0,2184.0,569.0,1139.0,2110.0,182.0,3086.0,891.0,3224.0,1962.0,225.0,492.0,2514.0,733.0,2300.0,972.0
3115.0,2927.0,2954.0,1776.0,3667.0,695.0,1287.0,3815.0,1150.0,461.0,1196.0,447.0,1086.0,1710.0,387.0,1272.0,831.0,3047.0,3290.0,1823.0,3262.0,1405.0,3716.0,3386.0,1934.0
543.0,2616.0,194.0,389.0,275.0,1057.0,1264.0,2189.0,3471.0,3031.0,2398.0,2793.0,3036.0,1428.0,3662.0,3876.0,2970.0,3116.0,484.0,3254.0,2397.0,1624.0,1413.0,2058.0,147.0
3149.0,497.0,128.0,3616.0,2840.0,1192.0,187.0,2209.0,3772.0,3267.0,1447.0,96.0,836.0,1958.0,1748.0,470.0,1186.0,3537.0,2088.0,2181.0,3051.0,878.0,1996.0,2920.0,3298.0
3792.0,3021.0,236.0,1416.0,310.0,755.0,167.0,722.0,3036.0,2355.0,3036.0,3140.0,1254.0,1897.0,1541.0,3283.0,1817.0,3916.0,1433.0,2400.0,2369.0,1018.0,1190.0,3488.0,2277.0
3790.0,3438.0,2600.0,2228.0,1422.0,1169.0,576.0,1353.0,443.0,2786.0,2719.0,585.0,524.0,95.0,3427.0,1621.0,3030.0,3536.0,1705.0,1108.0,3028.0,1211.0,2585.0,1736.0,549.0
818.0,1586.0,709.0,27.0,3507.0,620.0,753.0,799.0,326.0,1008.0,747.0,3910.0,3704.0,594.0,3027.0,176.0,1502.0,769.0,2066.0,1667.0,3477.0,1080.0,34.0,1254.0,3222.0
3608.0,3612.0,1603.0,2223.0,2358.0,2033.0,2134.0,3905.0,3590.0,687.0,1690.0,2573.0,249.0,3228.0,563.0,2121.0,311.0,426.0,3007.0,1611.0,2798.0,3010.0,1509.0,3477.0,1040.0
2812.0,662.0,154.0,786.0,2300.0,1678.0,1776.0,391.0,2767.0,2826.0,3659.0,3277.0,1742.0,187.0,3606.0,1725.0,3836.0,1687.0,2888.0,455.0,1957.0,456.0,1180.0,2027.0,2087.0
1133.0,3463.0,1346.0,3468.0,2555.0,3312.0,1226.0,2437.0,2996.0,313.0,538.0,2075.0,1775.0,742.0,1411.0,1877.0,3882.0,476.0,2212.0,2126.0,510.0,1467.0,3700.0,674.0,1271.0
2568.0,2324.0,1128.0,3895.0,3886.0,470.0,643.0,2874.0,180.0,2414.0,2384.0,2994.0,232.0,3150.0,1630.0,1143.0,2344.0,64.0,3357.0,1310.0,56.0,2884.0,1.0,3357.0,2061.0
1655.0,2714.0,1295.0,2765.0,3643.0,2410.0,1637.0,650.0,719.0,2559.0,289.0,2063.0,499.0,3518.0,3467.0,222.0,3173.0,1881.0,1406.0,158.0,2533.0,3723.0,2579.0,2859.0,1097.0
886.0,3574.0,1546.0,656.0,2028.0,1538.0,2181.0,3681.0,3470.0,52.0,1837.0,3873.0,3898.0,3776.0,1517.0,1958.0,2411.0,2342.0,2359.0,3422.0,2609.0,1174.0,2753.0,767.0,759.0
1516.0,1072.0,898.0,764.0,3786.0,2611.0,3339.0,3453.0,908.0,1157.0,2556.0,299.0,3077.0,2004.0,2052.0,2442.0,2063.0,132.0,2858.0,604.0,1417.0,141.0,3543.0,471.0,1189.0
150.0,933.0,3149.0,3436.0,1624.0,3361.0,1955.0,913.0,2895.0,82.0,3298.0,3362.0,3224.0,1243.0,1422.0,194.0,1793.0,1446.0,230.0,682.0,3511.0,684.0,1079.0,2078.0,577.0
1534.0,1568.0,2956.0,3271.0,2041.0,1815.0,1270.0,3910.0,1190.0,1912.0,3135.0,2583.0,950.0,1857.0,3833.0,1240.0,751.0,224.0,1733.0,3165.0,1856.0,1423.0,2540.0,2367.0,1530.0
949.0,2778.0,3067.0,154.0,3161.0,1406.0,1498.0,836.0,2096.0,422.0,3556.0,3822.0,1241.0,682.0,3142.0,2820.0,2027.0,2658.0,362.0,1482.0,956.0,1868.0,2848.0,2590.0,3713.0
3835.0,2503.0,2697.0,779.0,2387.0,1244.0,1814.0,815.0,71.0,1284.0,2826.0,638.0,2800.0,1683.0,1686.0,123.0,2971.0,1445.0,3272.0,2636.0,1056.0,2055.0,2970.0,514.0,3658.0
2603.0,2402.0,609.0,3732.0,1797.0,2185.0,476.0,1440.0,265.0,1331.0,1470.0,3665.0,598.0,408.0,2056.0,949.0,850.0,3128.0,1221.0,457.0,1302.0,2906.0,2837.0,1413.0,2494.0
3208.0,1403.0,2190.0,2701.0,385.0,1431.0,1738.0,2192.0,787.0,3763.0,27.0,2710.0,1381.0,2694.0,538.0,1290.0,883.0,2787.0,545.0,3029.0,78.0,69.0,1481.0,3232.0,3637.0
3659.0,1009.0,888.0,555.0,175.0,208.0,1690.0,1967.0,563.0,3531.0,1307.0,816.0,566.0,917.0,1449.0,3192.0,1983.0,2082.0,2210.0,2557.0,2250.0,892.0,1072.0,1909.0,3787.0
530.0,2274.0,3839.0,1379.0,2083.0,3761.0,1954.0,630.0,3712.0,2103.0,828.0,1833.0,403.0,2378.0,3892.0,3068.0,772.0,349.0,720.0,429.0,3586.0,295.0,22.0,3127.0,1284.0
1763.0,544.0,2154.0,1395.0,3747.0,844.0,1939.0,1288.0,101.0,2293.0,1103.0,145.0,1731.0,740.0,244.0,2472.0,1212.0,2591.0,1588.0,2418.0,1363.0,3075.0,461.0,3293.0,2634.0
1775.0,294.0,2160.0,3493.0,3099.0,1149.0,3626.0,1409.0,3369.0,2443.0,3813.0,2123.0,2028.0,2815.0,1147.0,1242.0,2289.0,1397.0,369.0,2682.0,826.0,1299.0,422.0,2593.0,1131.0
3058.0,627.0,2370.0,147.0,1927.0,1604.0,1668.0,3208.0,3083.0,3022.0,2808.0,1922.0,2724.0,3685.0,1175.0,3663.0,1093.0,2055.0,2490.0,124.0,3596.0,2480.0,2776.0,3326.0,1464.0
1366.0,2001.0,3787.0,3797.0,79.0,3434.0,1908.0,770.0,3154.0,3469.0,1209.0,2231.0,2678.0,3603.0,3249.0,1806.0,3613.0,2280.0,1466.0,2743.0,3833.0,1550.0,3360.0,1442.0,3460.0
2650.0,2518.0,53.0,2411.0,343.0,599.0,56.0,786.0,1811.0,417.0,964.0,2719.0,680.0,711.0,1829.0,503.0,463.0,2173.0,2526.0,937.0,3154.0,206.0,1272.0,1857.0,1723.0
1220.0,2500.0,1531.0,2489.0,3684.0,1780.0,811.0,1577.0,3743.0,3074.0,1130.0,2229.0,3589.0,1851.0,2859.0,2174.0,588.0,2278.0,704.0,2892.0,2695.0,3029.0,3553.0,2822.0,2528.0
3092.0,899.0,3726.0,2654.0,1024.0,925.0,1634.0,2708.0,2586.0,1996.0,663.0,3060.0,3234.0,336.0,1055.0,2653.0,558.0,2796.0,512.0,2286.0,567.0,2995.0,510.0,1272.0,1397.0
1083.0,61.0,3192.0,2954.0,2463.0,3084.0,916.0,3671.0,61.0,3325.0,1957.0,3040.0,3654.0,3436.0,1345.0,1813.0,133.0,1602.0,292.0,2272.0,2415.0,3479.0,551.0,1069.0,1593.0
211.0,2626.0,878.0,1025.0,3340.0,3036.0,3123.0,1435.0,2891.0,840.0,2794.0,752.0,2145.0,3260.0,144.0,1321.0,1647.0,2218.0,3672.0,3078.0,2823.0,2979.0,2464.0,2289.0,3044.0
432.0,1573.0,1723.0,2389.0,3317.0,328.0,359.0,2012.0,1688.0,1902.0,3393.0,2419.0,461.0,282.0,3398.0,1185.0,446.0,229.0,3458.0,3593.0,1661.0,3499.0,1270.0,2640.0,289.0
3212.0,1709.0,2079.0,63.0,2530.0,2754.0,2320.0,230.0,1747.0,643.0,1664.0,968.0,2051.0,3164.0,2969.0,1113.0,1305.0,2611.0,1511.0,505.0,3307.0,1895.0,105.0,523.0,1909.0
3275.0,3684.0,3688.0,3788.0,131.0,61.0,3019.0,3580.0,411.0,2902.0,2877.0,1715.0,2416.0,3234.0,2883.0,3468.0,2720.0,2224.0,2220.0,1856.0,2114.0,1002.0,1242.0,138.0,485.0
3047.0,2654.0,1508.0,1286.0,912.0,3158.0,1785.0,3129.0,3426.0,2141.0,3486.0,1203.0,2219.0,3430.0,3663.0,777.0,421.0,2509.0,2350.0,656.0,1156.0,445.0,808.0,3285.0,3444.0
91.0,3283.0,180.0,336.0,1123.0,2731.0,2337.0,3142.0,3714.0,3722.0,2506.0,3405.0,2551.0,2213.0,849.0,1804.0,1646.0,3746.0,33.0,2465.0,2173.0,446.0,1840.0,693.0,1790.0
3087.0,64.0,2564.0,1863.0,376.0,3515.0,2857.0,908.0,2471.0,10.0,2221.0,2854.0,3595.0,1064.0,984.0,1546.0,2310.0,2450.0,2056.0,320.0,117.0,2251.0,718.0,1457.0,3767.0
1745.0,991.0,1792.0,2163.0,2902.0,2315.0,673.0,1144.0,2201.0,2061.0,535.0,2055.0,2950.0,3594.0,54.0,889.0,738.0,1236.0,1366.0,1956.0,2210.0,3776.0,2346.0,266.0,3790.0
217.0,240.0,3773.0,1087.0,3583.0,1249.0,2790.0,1946.0,1616.0,2626.0,35.0,2518.0,2290.0,1696.0,1129.0,3853.0,2663.0,1322.0,3911.0,454.0,2998.0,2065.0,905.0,3443.0,1143.0
814.0,409.0,11.0,2585.0,3868.0,3563.0,502.0,1171.0,779.0,1672.0,1418.0,2908.0,3570.0,217.0,2977.0,2589.0,680.0,3833.0,2882.0,3293.0,2971.0,783.0,3107.0,3732.0,2198.0
108.0,2257.0,313.0,1419.0,67.0,2305.0,1391.0,936.0,3418.0,3439.0,1823.0,1972.0,165.0,1820.0,1674.0,2539.0,642.0,2627.0,2230.0,2564.0,2144.0,721.0,164.0,2520.0,2465.0
1442.0,3355.0,1441.0,1595.0,2417.0,1360.0,2427.0,1610.0,826.0,3045.0,3316.0,1299.0,3466.0,435.0,250.0,1350.0,3373.0,2847.0,711.0,3419.0,3738.0,3013.0,3561.0,748.0,501.0
3081.0,3132.0,1597.0,3698.0,302.0,2538.0,2472.0,2641.0,660.0,447.0,1476.0,636.0,3800.0,169.0,396.0,2703.0,1015.0,3455.0,2048.0,2594.0,1352.0,3907.0,607.0,1581.0,982.0
1956.0,1265.0,488.0,1483.0,2205.0,2983.0,2033.0,1054.0,708.0,3578.0,2164.0,2171.0,3258.0,17.0,1655.0,2609.0,871.0,1412.0,1577.0,2323.0,639.0,214.0,2517.0,146.0,1496.0
2667.0,2612.0,303.0,3357.0,3809.0,2148.0,1109.0,3746.0,3752.0,2942.0,113.0,1555.0,198.0,1249.0,2688.0,941.0,13.0,2655.0,2405.0,171.0,2780.0,3032.0,3517.0,2373.0,2783.0
2791.0,3876.0,2908.0,380.0,3032.0,1960.0,1371.0,1746.0,484.0,420.0,3341.0,2051.0,2385.0,196.0,3363.0,59.0,2511.0,3680.0,3856.0,1024.0,3490.0,3823.0,1697.0,768.0,898.0
109.0,1769.0,2617.0,2120.0,2031.0,2926.0,1721.0,3416.0,147.0,3594.0,3715.0,2553.0,1212.0,3005.0,1751.0,2644.0,2945.0,1690.0,546.0,1192.0,1696.0,2119.0,3114.0,1541.0,2331.0
1539.0,1182.0,2587.0,2705.0,826.0,3101.0,1971.0,1745.0,2428.0,1678.0,2756.0,2604.0,3621.0,446.0,3887.0,2209.0,983.0,3771.0,2328.0,397.0,1015.0,1940.0,3560.0,1635.0,2800.0
1014.0,2275.0,1451.0,2434.0,3463.0,150.0,2100.0,3818.0,783.0,3123.0,3741.0,2922.0,1998.0,1476.0,3005.0,687.0,369.0,605.0,522.0,2021.0,1241.0,1388.0,3237.0,968.0,799.0
3669.0,2233.0,357.0,2727.0,1511.0,556.0,2582.0,3392.0,1564.0,766.0,2930.0,3567.0,1480.0,1349.0,2209.0,2173.0,2094.0,103.0,3525.0,1279.0,2734.0,1983.0,417.0,65.0,1169.0
728.0,3482.0,827.0,3157.0,277.0,2274.0,422.0,959.0,706.0,367.0,2334.0,1974.0,2160.0,932.0,673.0,3087.0,2191.0,92.0,1419.0,1135.0,1798.0,3331.0,2867.0,789.0,3465.0
3872.0,1277.0,142.0,1438.0,3312.0,2799.0,1993.0,1392.0,907.0,1508.0,762.0,1731.0,3140.0,615.0,783.0,660.0,3257.0,1872.0,3664.0,2206.0,1283.0,3840.0,2193.0,422.0,3617.0
467.0,1459.0,2366.0,1106.0,3877.0,3089.0,2040.0,2728.0,269.0,1247.0,1206.0,2552.0,1074.0,3817.0,1727.0,1624.0,710.0,2041.0,1022.0,817.0,918.0,1031.0,985.0,1155.0,2072.0
1154.0,2742.0,1135.0,1414.0,1196.0,420.0,2888.0,2193.0,2319.0,849.0,3871.0,1933.0,47.0,3303.0,1767.0,1465.0,2286.0,723.0,3813.0,1645.0,2683.0,2667.0,3464.0,3402.0,959.0
2110.0,1567.0,2061.0,3214.0,914.0,2062.0,490.0,3481.0,628.0,3806.0,379.0,3301.0,2023.0,2953.0,193.0,2982.0,3530.0,3134.0,2772.0,61.0,3617.0,2171.0,2343.0,2419.0,1580.0
23.0,3374.0,44.0,1701.0,104.0,3840.0,770.0,1118.0,1106.0,3906.0,1165.0,2012.0,26.0,2171.0,1187.0,2414.0,1440.0,2427.0,882.0,567.0,3150.0,146.0,2500.0,1378.0,1094.0
2329.0,2981.0,133.0,472.0,2092.0,2927.0,324.0,449.0,2106.0,2689.0,1512.0,3756.0,2344.0,3494.0,2876.0,3040.0,1077.0,3223.0,3083.0,164.0,2378.0,2755.0,1735.0,3388.0,2873.0
354.0,1965.0,950.0,449.0,1006.0,1748.0,3214.0,2053.0,2648.0,3025.0,2414.0,3705.0,690.0,2589.0,3681.0,310.0,2840.0,1609.0,2216.0,1027.0,980.0,3540.0,3671.0,2434.0,2023.0
2463.0,3143.0,2170.0,1071.0,1148.0,2997.0,3018.0,1631.0,2378.0,348.0,2301.0,202.0,1963.0,3813.0,2739.0,3049.0,2081.0,609.0,257.0,3100.0,226.0,653.0,697.0,947.0,535.0
2443.0,3557.0,3098.0,718.0,3133.0,2728.0,2835.0,3145.0,3399.0,544.0,3146.0,1482.0,698.0,3179.0,3174.0,3429.0,3782.0,3249.0,1528.0,98.0,3517.0,2275.0,183.0,2580.0,1908.0
2005.0,957.0,345.0,412.0,2193.0,1096.0,178.0,1912.0,3537.0,2550.0,932.0,2363.0,320.0,3410.0,3872.0,596.0,1099.0,2402.0,1045.0,3545.0,653.0,2369.0,18.0,2523.0,2012.0
1143.0,1917.0,1994.0,1903.0,2655.0,57.0,2875.0,724.0,1040.0,1409.0,1241.0,3381.0,3266.0,2978.0,1192.0,455.0,2139.0,149.0,251.0,2602.0,2677.0,3435.0,17.0,3343.0,297.0
2473.0,1369.0,1234.0,3472.0,1390.0,1145.0,2519.0,2043.0,1348.0,1362.0,285.0,170.0,685.0,198.0,2699.0,2780.0,3259.0,2694.0,291.0,3368.0,728.0,1604.0,87.0,1131.0,2762.0
3416.0,3671.0,2926.0,1443.0,3477.0,783.0,2866.0,2398.0,3784.0,3593.0,3653.0,2158.0,2227.0,3527.0,513.0,650.0,1168.0,2198.0,1843.0,3454.0,3915.0,46.0,276.0,2317.0,2029.0
1786.0,1282.0,1722.0,2607.0,3405.0,284.0,1374.0,3277.0,3308.0,3252.0,1518.0,2490.0,996.0,3617.0,3173.0,1125.0,3149.0,1208.0,1227.0,3584.0,3286.0,732.0,907.0,720.0,58.0
514.0,3461.0,1326.0,3399.0,3618.0,807.0,2075.0,34.0,3880.0,463.0,1004.0,187.0,1251.0,3897.0,1040.0,1623.0,855.0,241.0,1719.0,3873.0,3854.0,3705.0,2291.0,3037.0,3757.0
2054.0,2600.0,3290.0,480.0,1962.0,2710.0,319.0,1566.0,2615.0,1175.0,3678.0,3019.0,3260.0,3082.0,1395.0,228.0,2913.0,3186.0,3744.0,2208.0,3197.0,1815.0,2108.0,126.0,1410.0
364.0,1433.0,1618.0,1854.0,1454.0,1076.0,3083.0,3804.0,1006.0,2712.0,3740.0,2585.0,2324.0,1564.0,676.0,864.0,2108.0,2353.0,3691.0,369.0,2265.0,3412.0,2681.0,1745.0,2212.0
1528.0,1665.0,2680.0,3691.0,1423.0,3354.0,2390.0,3258.0,1672.0,2145.0,1483.0,2767.0,140.0,3388.0,842.0,664.0,3803.0,2239.0,3521.0,1123.0,740.0,1282.0,1000.0,2194.0,2144.0
1116.0,1231.0,1369.0,2382.0,405.0,1476.0,1306.0,1951.0,1147.0,582.0,3579.0,886.0,382.0,2292.0,494.0,2518.0,798.0,3744.0,156.0,93.0,3348.0,2674.0,3397.0,313.0,1716.0
3770.0,3446.0,3142.0,2986.0,341.0,1330.0,1346.0,2941.0,587.0,310.0,644.0,1844.0,1038.0,2438.0,1081.0,1013.0,307.0,756.0,3027.0,2913.0,2862.0,2558.0,264.0,902.0,302.0
1865.0,3265.0,1190.0,3324.0,2908.0,2639.0,3745.0,2292.0,1399.0,581.0,2280.0,49.0,1478.0,2769.0,2551.0,1721.0,708.0,717.0,630.0,1742.0,142.0,2411.0,2068.0,2264.0,2589.0
2932.0,269.0,1934.0,2926.0,2253.0,2916.0,3523.0,3505.0,3651.0,360.0,1102.0,1030.0,1864.0,3581.0,3785.0,3326.0,627.0,2713.0,1967.0,3737.0,2806.0,2184.0,214.0,2099.0,2491.0
1136.0,2232.0,2501.0,3850.0,2478.0,1366.0,1308.0,2198.0,2205.0,319.0,3459.0,2092.0,2517.0,1169.0,1321.0,202.0,2900.0,2075.0,3562.0,3823.0,1736.0,6.0,553.0,3268.0,305.0
1404.0,2521.0,2448.0,712.0,2363.0,433.0,432.0,1441.0,2686.0,1097.0,1285.0,2030.0,2218.0,2077.0,3264.0,1468.0,2427.0,3413.0,1584.0,1825.0,2816.0,3128.0,1863.0,2855.0,3839.0
1317.0,2448.0,2410.0,7.0,2071.0,2317.0,3183.0,2800.0,3032.0,633.0,1498.0,2608.0,3856.0,497.0,1091.0,3412.0,834.0,3162.0,3783.0,1529.0,2516.0,2492.0,2301.0,3180.0,3437.0
1170.0,1154.0,2672.0,3623.0,991.0,1426.0,3671.0,296.0,2589.0,3388.0,1136.0,1146.0,175.0,3473.0,1308.0,1381.0,2322.0,985.0,958.0,753.0,811.0,2886.0,2057.0,374.0,915.0
1587.0,1475.0,2335.0,526.0,2719.0,3031.0,109.0,2629.0,3535.0,2637.0,1917.0,1058.0,1942.0,780.0,1533.0,727.0,616.0,1579.0,3570.0,3395.0,552.0,2783.0,3503.0,950.0,3369.0
1623.0,3640.0,1168.0,288.0,103.0,3373.0,946.0,11.0,843.0,107.0,2538.0,1930.0,2428.0,1269.0,335.0,2508.0,2137.0,792.0,919.0,806.0,1021.0,2641.0,2548.0,3235.0,2017.0
2573.0,536.0,1251.0,2551.0,455.0,3628.0,1164.0,3522.0,554.0,557.0,2487.0,311.0,2093.0,2269.0,1155.0,2696.0,973.0,1718.0,300.0,1898.0,114.0,474.0,1985.0,1037.0,420.0
2958.0,645.0,956.0,1909.0,1811.0,720.0,1889.0,2930.0,2430.0,2911.0,3596.0,1296.0,1534.0,3680.0,412.0,1218.0,3103.0,1238.0,2694.0,2257.0,3225.0,2760.0,2242.0,2127.0,3850.0
2788.0,3527.0,1573.0,3502.0,619.0,2467.0,2584.0,2458.0,1618.0,3426.0,3054.0,1942.0,111.0,2662.0,520.0,1539.0,3659.0,1517.0,2379.0,2170.0,2362.0,786.0,2840.0,3004.0,2175.0
936.0,3101.0,1476.0,2855.0,3602.0,1407.0,314.0,2737.0,815.0,2429.0,3719.0,2074.0,351.0,269.0,1985.0,1798.0,2825.0,2580.0,3019.0,1225.0,47.0,802.0,3428.0,2817.0,2518.0
792.0,3431.0,1308.0,2581.0,3415.0,1681.0,2573.0,535.0,310.0,236.0,1001.0,1682.0,241.0,1465.0,3538.0,2265.0,3587.0,1110.0,3394.0,298.0,2088.0,1595.0,732.0,615.0,407.0
1864.0,3825.0,1759.0,1877.0,1827.0,1501.0,2245.0,1558.0,729.0,2977.0,520.0,2058.0,517.0,346.0,2439.0,870.0,2818.0,3708.0,2018.0,736.0,260.0,3553.0,208.0,2656.0,2682.0
3121.0,3750.0,3109.0,1456.0,1240.0,209.0,3212.0,476.0,2119.0,3647.0,1266.0,1204.0,3284.0,719.0,156.0,823.0,2762.0,1068.0,1554.0,3815.0,1830.0,3273.0,2033.0,347.0,1336.0
1909.0,3704.0,1898.0,230.0,1432.0,3905.0,3359.0,3427.0,1448.0,8.0,3857.0,3220.0,2381.0,2899.0,2485.0,3390.0,3222.0,2223.0,2986.0,3520.0,2891.0,1806.0,837.0,3117.0,2911.0
3183.0,1042.0,2836.0,365.0,2913.0,3758.0,1611.0,3827.0,3628.0,167.0,1433.0,3809.0,2592.0,1209.0,803.0,2305.0,1626.0,602.0,2615.0,553.0,3484.0,1841.0,1633.0,2596.0,2718.0
3203.0,2776.0,1784.0,3819.0,3407.0,3004.0,1813.0,3508.0,1119.0,1215.0,3690.0,2411.0,3213.0,2078.0,2227.0,272.0,3008.0,2203.0,2876.0,2772.0,3758.0,1320.0,3764.0,3181.0,194.0
2937.0,3893.0,677.0,3866.0,2743.0,3526.0,1864.0,1272.0,2076.0,158.0,1134.0,1223.0,2241.0,518.0,281.0,2715.0,1774.0,2001.0,925.0,387.0,162.0,2796.0,1672.0,2778.0,2723.0
3386.0,1854.0,2638.0,1811.0,3655.0,574.0,3415.0,3719.0,1607.0,1806.0,3032.0,119.0,1705.0,3630.0,3661.0,603.0,127.0,2415.0,770.0,450.0,3595.0,1935.0,3066.0,2660.0,3509.0
3798.0,3517.0,1274.0,3886.0,3461.0,3033.0,230.0,968.0,2882.0,1621.0,2832.0,3081.0,103.0,3297.0,891.0,1301.0,1949.0,3749.0,2303.0,1597.0,1860.0,1340.0,3024.0,3868.0,2540.0
13.0,2867.0,1795.0,2883.0,2190.0,3208.0,2682.0,333.0,1748.0,1504.0,2596.0,3916.0,2700.0,759.0,1481.0,3563.0,1638.0,581.0,2630.0,596.0,1395.0,2626.0,3231.0,803.0,539.0
1879.0,3186.0,2183.0,270.0,379.0,810.0,2233.0,585.0,1528.0,598.0,74.0,3581.0,3527.0,3870.0,1261.0,990.0,2072.0,2777.0,3129.0,2837.0,2886.0,475.0,972.0,2916.0,3032.0
2504.0,909.0,1930.0,156.0,3096.0,1219.0,1799.0,3395.0,340.0,1796.0,3233.0,634.0,1511.0,752.0,2518.0,1368.0,1033.0,2901.0,1069.0,3556.0,2576.0,2500.0,627.0,1713.0,250.0
3502.0,3391.0,3825.0,2708.0,1637.0,212.0,2444.0,559.0,2398.0,3472.0,13.0,1692.0,3287.0,3876.0,525.0,36.0,3159.0,758.0,567.0,2081.0,3709.0,3916.0,1289.0,192.0,3104.0
1333.0,2087.0,1447.0,936.0,801.0,3236.0,1367.0,1603.0,2713.0,2534.0,2953.0,1085.0,3239.0,675.0,3220.0,3567.0,3733.0,978.0,692.0,3135.0,144.0,982.0,238.0,813.0,3165.0
422.0,3611.0,448.0,1084.0,2739.0,826.0,3714.0,1317.0,647.0,1396.0,3764.0,2828.0,618.0,612.0,2691.0,2378.0,2457.0,458.0,3353.0,651.0,670.0,3728.0,359.0,1252.0,3833.0
3042.0,145.0,3627.0,2375.0,2821.0,235.0,714.0,1071.0,742.0,3370.0,1602.0,60.0,2151.0,3230.0,785.0,3879.0,1302.0,3580.0,716.0,954.0,737.0,2098.0,1140.0,3191.0,2476.0
2823.0,581.0,477.0,767.0,887.0,889.0,1804.0,2367.0,324.0,1594.0,712.0,2613.0,3820.0,443.0,2437.0,2213.0,288.0,386.0,474.0,2246.0,1139.0,990.0,2159.0,3309.0,661.0
925.0,1143.0,1044.0,1755.0,1493.0,3590.0,3010.0,1515.0,2024.0,2669.0,2821.0,2141.0,2155.0,2520.0,1817.0,2738.0,2735.0,1650.0,1566.0,3733.0,1774.0,2025.0,2010.0,2562.0,2155.0
2828.0,3675.0,3381.0,448.0,1283.0,2440.0,1254.0,682.0,972.0,147.0,2032.0,2294.0,188.0,333.0,662.0,3344.0,1591.0,2570.0,1291.0,2004.0,1172.0,2902.0,3605.0,3437.0,1448.0
1294.0,1327.0,2199.0,3873.0,1513.0,3888.0,3223.0,13.0,2566.0,3672.0,324.0,1497.0,3444.0,3216.0,1640.0,66.0,2779.0,1393.0,1143.0,2625.0,3324.0,1099.0,3829.0,2970.0,1151.0
3165.0,2588.0,687.0,1580.0,2729.0,1752.0,362.0,2169.0,3271.0,208.0,1469.0,549.0,2982.0,1347.0,130.0,3458.0,466.0,698.0,1832.0,150.0,3855.0,667.0,2734.0,3240.0,3373.0
1493.0,3272.0,3325.0,3766.0,3820.0,2019.0,738.0,2501.0,930.0,1304.0,337.0,863.0,287.0,2623.0,3418.0,1776.0,3719.0,1608.0,3793.0,3876.0,1789.0,1586.0,1945.0,220.0,1572.0
1872.0,3152.0,6.0,3615.0,1922.0,2200.0,3343.0,3653.0,855.0,1442.0,2713.0,995.0,468.0,1504.0,3017.0,116.0,1375.0,2556.0,2556.0,3046.0,418.0,68.0,1344.0,299.0,1233.0
3065.0,1509.0,902.0,3429.0,542.0,3839.0,3464.0,2835.0,65.0,2525.0,1705.0,1455.0,2514.0,2685.0,3342.0,257.0,3020.0,2612.0,1004.0,1118.0,944.0,3580.0,495.0,901.0,2128.0
1168.0,2835.0,611.0,363.0,25.0,540.0,132.0,2726.0,2670.0,3262.0,1723.0,3520.0,3512.0,2979.0,2875.0,2522.0,3764.0,3884.0,229.0,2237.0,1193.0,2183.0,2367.0,640.0,1913.0
2792.0,2347.0,3563.0,3785.0,2562.0,2936.0,3159.0,281.0,2286.0,497.0,2852.0,3420.0,1999.0,2248.0,794.0,3581.0,526.0,3622.0,184.0,3575.0,3625.0,3407.0,2428.0,596.0,1515.0
2063.0,699.0,2868.0,546.0,541.0,1011.0,2648.0,3265.0,2150.0,3658.0,3407.0,1362.0,657.0,3814.0,300.0,2256.0,1378.0,1963.0,876.0,2642.0,3330.0,2451.0,1243.0,2435.0,1534.0
379.0,2881.0,2924.0,3046.0,2803.0,2037.0,2125.0,2064.0,1980.0,2749.0,2592.0,605.0,3235.0,3419.0,3305.0,1616.0,1132.0,3480.0,3677.0,232.0,3295.0,2544.0,760.0,392.0,1406.0
2838.0,2814.0,1576.0,77.0,828.0,3624.0,1337.0,614.0,1704.0,2930.0,1170.0,3497.0,1905.0,1475.0,2142.0,1041.0,819.0,691.0,3132.0,3362.0,2132.0,3073.0,3047.0,662.0,2000.0
1589.0,1826.0,3704.0,423.0,1796.0,912.0,608.0,452.0,1438.0,3883.0,1174.0,1271.0,2141.0,1995.0,3707.0,1228.0,761.0,1848.0,1080.0,2865.0,308.0,3488.0,1400.0,2304.0,2421.0
1039.0,506.0,3681.0,2827.0,3393.0,2475.0,2992.0,3562.0,913.0,1701.0,1618.0,3664.0,119.0,141.0,3291.0,2365.0,3290.0,2802.0,1336.0,1386.0,91.0,879.0,1428.0,1303.0,3131.0
3305.0,3696.0,3763.0,650.0,1362.0,2295.0,2186.0,39.0,3397.0,3400.0,372.0,208.0,2310.0,619.0,2651.0,1227.0,490.0,1842.0,3587.0,1810.0,1722.0,751.0,3216.0,1855.0,386.0
2989.0,2502.0,1252.0,2856.0,1395.0,902.0,3064.0,212.0,583.0,2483.0,1056.0,2822.0,3005.0,3470.0,1193.0,825.0,1866.0,2795.0,3758.0,1995.0,3031.0,7.0,856.0,1476.0,1626.0
674.0,3859.0,2133.0,3513.0,3582.0,1487.0,67.0,2065.0,403.0,1634.0,1381.0,3455.0,3074.0,2053.0,1898.0,3768.0,3675.0,3485.0,180.0,995.0,1298.0,2773.0,1457.0,3769.0,3431.0
3751.0,1.0,3169.0,1387.0,404.0,3008.0,701.0,17.0,3448.0,1028.0,184.0,930.0,1353.0,1721.0,3871.0,3551.0,877.0,3721.0,2994.0,1664.0,888.0,775.0,574.0,2332.0,2710.0
637.0,3503.0,2306.0,1556.0,3657.0,1775.0,2661.0,267.0,2178.0,933.0,1877.0,105.0,3558.0,381.0,1749.0,3150.0,1553.0,1415.0,2039.0,1040.0,2746.0,1177.0,3391.0,3006.0,105.0
2863.0,1345.0,3288.0,1164.0,1617.0,765.0,2962.0,3283.0,2090.0,253.0,741.0,1671.0,2030.0,3644.0,1036.0,3314.0,641.0,3500.0,3713.0,1016.0,1822.0,1280.0,3203.0,915.0,970.0
2357.0,442.0,3261.0,2582.0,437.0,1241.0,1110.0,3391.0,1183.0,1000.0,685.0,472.0,2605.0,1662.0,3565.0,2795.0,2656.0,1441.0,1563.0,1218.0,1166.0,661.0,1468.0,2489.0,2124.0
1943.0,1359.0,1626.0,313.0,1254.0,1542.0,1793.0,3475.0,1307.0,3039.0,2424.0,2371.0,1312.0,1565.0,1378.0,2630.0,3574.0,755.0,2980.0,224.0,1289.0,720.0,167.0,1120.0,2360.0
1849.0,2379.0,556.0,900.0,1564.0,3673.0,2825.0,328.0,1188.0,3871.0,3071.0,45.0,2190.0,658.0,1931.0,1034.0,2030.0,152.0,633.0,931.0,2697.0,3851.0,1607.0,1630.0,627.0
866.0,38.0,1674.0,73.0,2429.0,1674.0,1589.0,1693.0,198.0,3063.0,1365.0,3552.0,2560.0,756.0,2862.0,2409.0,3280.0,504.0,2185.0,11.0,259.0,3019.0,2516.0,1253.0,938.0
1561.0,1127.0,3560.0,3870.0,1407.0,1498.0,955.0,3533.0,2907.0,3458.0,218.0,748.0,3451.0,3906.0,999.0,840.0,1213.0,2703.0,286.0,79.0,1843.0,1729.0,919.0,2522.0,618.0
1001.0,831.0,170.0,2976.0,2601.0,1440.0,3690.0,793.0,551.0,157.0,2833.0,2712.0,613.0,626.0,2627.0,2073.0,2166.0,3380.0,3621.0,3439.0,341.0,1856.0,1666.0,1460.0,1327.0
2105.0,3366.0,2309.0,2889.0,249.0,498.0,3393.0,2996.0,1633.0,3851.0,1590.0,3251.0,3760.0,789.0,3451.0,2529.0,2996.0,1709.0,1175.0,2896.0,432.0,344.0,943.0,680.0,5.0
1434.0,774.0,2871.0,2620.0,2304.0,1263.0,3356.0,376.0,2226.0,1428.0,3470.0,2146.0,3906.0,3073.0,1227.0,2228.0,374.0,1216.0,3833.0,1669.0,197.0,1530.0,1494.0,2197.0,1554.0
2243.0,2952.0,3634.0,3262.0,806.0,3198.0,2560.0,434.0,2039.0,3621.0,2548.0,2682.0,1232.0,1135.0,714.0,3298.0,1340.0,2614.0,1498.0,3164.0,1154.0,3755.0,2818.0,387.0,833.0
102.0,853.0,1947.0,67.0,1215.0,1387.0,859.0,3569.0,2650.0,145.0,2293.0,188.0,154.0,1728.0,248.0,1287.0,603.0,3637.0,1653.0,3021.0,3082.0,2320.0,2471.0,1873.0,224.0
1330.0,3052.0,2359.0,1924.0,3007.0,3410.0,2322.0,2191.0,2703.0,1524.0,546.0,3219.0,3137.0,1494.0,1157.0,3636.0,1442.0,2850.0,2900.0,321.0,3507.0,2587.0,3854.0,453.0,1516.0
213.0,711.0,1561.0,1848.0,3394.0,2351.0,1748.0,2257.0,2030.0,71.0,1657.0,745.0,3147.0,3579.0,3732.0,2904.0,542.0,2386.0,2471.0,1817.0,1619.0,2941.0,2983.0,1385.0,2199.0
2508.0,1599.0,1436.0,1850.0,3834.0,1354.0,664.0,765.0,1510.0,2080.0,2743.0,1800.0,1763.0,1801.0,3472.0,896.0,3463.0,1728.0,2280.0,586.0,2466.0,2720.0,2262.0,3499.0,1686.0
3241.0,3117.0,2591.0,1096.0,3489.0,1937.0,2800.0,1165.0,355.0,2720.0,3656.0,834.0,3801.0,1744.0,2246.0,2619.0,792.0,502.0,1064.0,1621.0,2616.0,3447.0,3387.0,1570.0,330.0
1169.0,3015.0,1577.0,1775.0,2470.0,3370.0,2795.0,107.0,3594.0,1774.0,534.0,3622.0,1215.0,2995.0,3210.0,2818.0,3364.0,3828.0,2407.0,1852.0,2251.0,1594.0,681.0,2673.0,1977.0
1935.0,2975.0,2853.0,3753.0,784.0,740.0,2064.0,1835.0,2551.0,2921.0,962.0,1772.0,3339.0,2575.0,3337.0,632.0,2469.0,1621.0,1012.0,3353.0,1707.0,1866.0,2479.0,1547.0,540.0
797.0,1376.0,2774.0,2503.0,2269.0,168.0,291.0,869.0,2366.0,3499.0,2287.0,762.0,2830.0,3139.0,3198.0,1415.0,2412.0,1529.0,3674.0,345.0,1489.0,1758.0,2009.0,1893.0,2201.0
218.0,278.0,1567.0,3109.0,1597.0,1977.0,596.0,566.0,2617.0,2602.0,1369.0,1495.0,2304.0,448.0,2462.0,1236.0,3383.0,920.0,3281.0,1696.0,965.0,769.0,3053.0,2591.0,3247.0
3271.0,3345.0,1480.0,1591.0,1703.0,8.0,1000.0,1707.0,161.0,648.0,567.0,758.0,1181.0,2812.0,3391.0,1225.0,2981.0,2950.0,1568.0,944.0,1307.0,1332.0,711.0,81.0,2638.0
1112.0,992.0,463.0,716.0,539.0,1218.0,685.0,3171.0,303.0,3694.0,3029.0,885.0,1787.0,1398.0,1939.0,906.0,3154.0,3226.0,3897.0,2556.0,2358.0,2697.0,1038.0,995.0,1400.0
3586.0,3207.0,1434.0,1937.0,3841.0,2192.0,16.0,628.0,617.0,3353.0,1309.0,2397.0,332.0,2563.0,782.0,2650.0,1620.0,1284.0,1204.0,1640.0,3339.0,2816.0,1757.0,1734.0,513.0
1756.0,2103.0,2741.0,575.0,2334.0,2560.0,461.0,2365.0,1610.0,2842.0,366.0,256.0,1932.0,2337.0,165.0,2689.0,1922.0,2540.0,1282.0,145.0,3020.0,130.0,2812.0,3585.0,2753.0
3780.0,3736.0,114.0,3525.0,6.0,2428.0,1822.0,3699.0,420.0,3193.0,2830.0,1877.0,190.0,1554.0,1207.0,619.0,822.0,3311.0,3704.0,794.0,3532.0,1936.0,2144.0,909.0,3387.0
444.0,2079.0,3654.0,1013.0,298.0,1722.0,2748.0,932.0,2386.0,898.0,2881.0,3499.0,178.0,2338.0,3367.0,2085.0,2240.0,3070.0,499.0,1061.0,427.0,2857.0,2895.0,1563.0,3836.0
261.0,481.0,1941.0,1377.0,2947.0,1456.0,2518.0,515.0,142.0,3407.0,3571.0,2125.0,585.0,613.0,1487.0,630.0,1084.0,951.0,1082.0,1516.0,572.0,1265.0,1449.0,130.0,278.0
1553.0,661.0,1515.0,343.0,3078.0,2900.0,1464.0,916.0,2987.0,400.0,2389.0,2291.0,3095.0,177.0,531.0,2093.0,3404.0,2513.0,3164.0,3134.0,222.0,3665.0,1785.0,1186.0,899.0
64.0,3656.0,3907.0,2075.0,2377.0,401.0,686.0,3206.0,2208.0,2042.0,2688.0,3703.0,2225.0,3728.0,3454.0,1870.0,2869.0,2598.0,673.0,3685.0,2794.0,1063.0,2862.0,142.0,2968.0
3889.0,1388.0,3891.0,1491.0,1788.0,64.0,798.0,751.0,2328.0,1099.0,457.0,3821.0,1198.0,938.0,1454.0,2559.0,1025.0,3511.0,1027.0,3304.0,3886.0,413.0,950.0,1001.0,3316.0
3218.0,2235.0,3319.0,1147.0,2975.0,3747.0,3318.0,1800.0,3512.0,638.0,753.0,1387.0,1184.0,1360.0,1601.0,966.0,107.0,821.0,3884.0,1857.0,2796.0,3023.0,3584.0,2446.0,510.0
2458.0,1991.0,3583.0,2078.0,2867.0,3171.0,527.0,3335.0,2275.0,1399.0,568.0,2703.0,3547.0,1100.0,2195.0,3268.0,748.0,1661.0,2240.0,2840.0,2236.0,3264.0,3763.0,1880.0,3484.0
1008.0,104.0,269.0,1375.0,779.0,3677.0,3807.0,500.0,3450.0,297.0,1577.0,263.0,3774.0,3755.0,2549.0,2899.0,471.0,843.0,2982.0,2436.0,989.0,1798.0,1249.0,2680.0,1889.0
1728.0,692.0,2386.0,1766.0,1746.0,3576.0,2206.0,1604.0,1592.0,1865.0,706.0,1080.0,3457.0,43.0,2820.0,3230.0,82.0,2623.0,3683.0,598.0,1578.0,2099.0,729.0,792.0,2613.0
1468.0,3520.0,1424.0,217.0,2924.0,532.0,1534.0,3421.0,1768.0,3581.0,477.0,3611.0,1067.0,2287.0,3505.0,2257.0,3446.0,2754.0,544.0,1136.0,2442.0,1884.0,1622.0,2236.0,2635.0
244.0,451.0,3480.0,1153.0,502.0,1153.0,3379.0,2475.0,1097.0,2409.0,1822.0,2936.0,3653.0,1032.0,1782.0,23.0,1157.0,68.0,543.0,3179.0,2815.0,3389.0,1387.0,895.0,1741.0
3700.0,1255.0,954.0,2853.0,3755.0,1892.0,3397.0,3008.0,1401.0,3515.0,2763.0,633.0,1208.0,1823.0,937.0,796.0,420.0,3691.0,2523.0,807.0,239.0,1930.0,3413.0,3587.0,2871.0
2065.0,3277.0,2985.0,3326.0,1608.0,413.0,159.0,3088.0,153.0,2021.0,3720.0,2579.0,3688.0,1436.0,3825.0,7.0,1160.0,485.0,1499.0,2425.0,3015.0,974.0,869.0,3468.0,1881.0
1439.0,2667.0,1043.0,1856.0,1616.0,1753.0,2989.0,231.0,1360.0,3862.0,2056.0,220.0,1100.0,2387.0,2816.0,3273.0,118.0,553.0,1844.0,1699.0,2860.0,2952.0,782.0,1315.0,1929.0
3504.0,3155.0,2851.0,2517.0,1019.0,749.0,2254.0,3447.0,3156.0,1929.0,2634.0,3377.0,1453.0,2637.0,1570.0,3006.0,2040.0,2344.0,1665.0,2973.0,1078.0,665.0,1465.0,2254.0,633.0
3374.0,875.0,2413.0,3570.0,3673.0,3245.0,118.0,2915.0,1559.0,679.0,1015.0,3708.0,3331.0,1674.0,196.0,353.0,1982.0,454.0,3853.0,2972.0,3341.0,116.0,1762.0,1310.0,2460.0
1631.0,3820.0,1617.0,2478.0,1439.0,571.0,1423.0,641.0,3113.0,3072.0,481.0,1513.0,2383.0,2309.0,3399.0,1108.0,2418.0,2214.0,2907.0,703.0,573.0,2590.0,3141.0,576.0,1614.0
3465.0,962.0,890.0,152.0,1271.0,2405.0,2685.0,852.0,764.0,3385.0,3044.0,218.0,243.0,661.0,34.0,1995.0,1103.0,3256.0,3697.0,2255.0,472.0,2470.0,1965.0,1107.0,2406.0
2868.0,225.0,1984.0,2067.0,3752.0,685.0,3539.0,2022.0,3711.0,2150.0,2174.0,2304.0,1020.0,2686.0,1085.0,450.0,1955.0,3819.0,59.0,2969.0,3161.0,784.0,3136.0,2145.0,1109.0
3726.0,3832.0,2659.0,963.0,616.0,3150.0,1626.0,98.0,1019.0,808.0,2093.0,2595.0,3233.0,1929.0,3838.0,2740.0,3786.0,1813.0,3018.0,2842.0,1970.0,326.0,3843.0,1188.0,3242.0
1920.0,1596.0,2185.0,2435.0,1877.0,1750.0,2721.0,2405.0,1369.0,1555.0,2400.0,2445.0,3044.0,2326.0,721.0,1335.0,2751.0,1563.0,3702.0,3517.0,3597.0,261.0,1168.0,161.0,3719.0
3787.0,2236.0,963.0,241.0,2055.0,467.0,2024.0,1860.0,559.0,2835.0,923.0,2183.0,2350.0,86.0,2758.0,1508.0,3243.0,2541.0,1275.0,857.0,387.0,1020.0,491.0,2820.0,3501.0
1173.0,3617.0,1401.0,3746.0,2817.0,1938.0,3796.0,2185.0,3845.0,845.0,2296.0,1144.0,1703.0,3377.0,1605.0,988.0,207.0,1290.0,2119.0,3495.0,196.0,3445.0,3837.0,1286.0,3885.0
2704.0,652.0,67.0,3519.0,2512.0,1798.0,1035.0,3893.0,8.0,887.0,3702.0,544.0,393.0,2235.0,1743.0,2936.0,225.0,3198.0,3630.0,840.0,3493.0,911.0,786.0,3534.0,2982.0
1736.0,817.0,1149.0,145.0,2650.0,2204.0,718.0,3491.0,2460.0,1091.0,3675.0,1034.0,3686.0,1689.0,3223.0,2624.0,865.0,3283.0,3110.0,2474.0,788.0,3347.0,2532.0,1978.0,883.0
7.0,2178.0,2272.0,3859.0,327.0,1584.0,1506.0,2331.0,3733.0,1190.0,3424.0,1832.0,2589.0,344.0,461.0,3549.0,2750.0,3176.0,811.0,2904.0,3524.0,3367.0,2659.0,567.0,2969.0
3688.0,3303.0,3474.0,1817.0,1713.0,325.0,2438.0,1356.0,3351.0,341.0,2603.0,3367.0,3813.0,3157.0,2781.0,1981.0,3169.0,1710.0,3841.0,3060.0,3303.0,1491.0,3578.0,3132.0,640.0
1343.0,70.0,3636.0,1108.0,60.0,520.0,2899.0,550.0,2514.0,1119.0,2874.0,2300.0,1060.0,3072.0,1857.0,2308.0,3412.0,1514.0,710.0,3649.0,3138.0,161.0,3390.0,44.0,1995.0
2486.0,3590.0,427.0,1549.0,3155.0,2954.0,3773.0,1511.0,2642.0,828.0,2670.0,3864.0,57.0,1646.0,2211.0,791.0,3671.0,417.0,996.0,242.0,2963.0,2612.0,3016.0,2639.0,3669.0
583.0,223.0,373.0,2317.0,2221.0,298.0,344.0,1619.0,2700.0,3799.0,1439.0,2462.0,1569.0,876.0,2187.0,12.0,1586.0,1653.0,2781.0,461.0,3229.0,1780.0,1768.0,3400.0,3745.0
2751.0,181.0,760.0,610.0,3874.0,3914.0,2739.0,2854.0,2828.0,1703.0,447.0,144.0,3894.0,476.0,2138.0,3608.0,980.0,3538.0,828.0,1741.0,853.0,2431.0,805.0,1054.0,2021.0
1755.0,2561.0,89.0,2610.0,2113.0,2429.0,1076.0,564.0,1968.0,251.0,2704.0,2215.0,617.0,1880.0,1809.0,1.0,1852.0,3102.0,1475.0,908.0,3705.0,2974.0,2303.0,1944.0,3405.0
1742.0,2843.0,97.0,876.0,3242.0,2231.0,295.0,889.0,3898.0,3298.0,2675.0,2214.0,3486.0,2774.0,2647.0,3646.0,259.0,3684.0,3295.0,3464.0,2795.0,,2942.0,3233.0,104.0
1571.0,1950.0,1995.0,912.0,582.0,1847.0,764.0,2540.0,2535.0,586.0,3185.0,1154.0,2600.0,2760.0,1772.0,3132.0,353.0,3286.0,3398.0,3041.0,603.0,,339.0,1017.0,2721.0
3507.0,694.0,1407.0,30.0,3369.0,2831.0,1790.0,2972.0,1215.0,3236.0,2061.0,3856.0,2764.0,2380.0,3481.0,909.0,3721.0,1916.0,205.0,209.0,2953.0,,1447.0,2755.0,3273.0
3533.0,960.0,3533.0,3669.0,3513.0,3139.0,1933.0,2488.0,853.0,3727.0,1638.0,713.0,211.0,1688.0,796.0,1277.0,3676.0,1313.0,1431.0,2738.0,1450.0,,2455.0,1068.0,2979.0
3591.0,2040.0,3903.0,1582.0,1759.0,2834.0,50.0,3877.0,3407.0,1635.0,2834.0,3085.0,939.0,3523.0,3289.0,2678.0,3329.0,2337.0,1109.0,3902.0,928.0,,595.0,1719.0,1142.0
575.0,3244.0,2674.0,2388.0,1820.0,2518.0,2666.0,1152.0,2738.0,566.0,5.0,2048.0,647.0,2185.0,3245.0,498.0,428.0,2750.0,3127.0,3090.0,564.0,,1924.0,1173.0,2197.0
1882.0,809.0,2339.0,1607.0,2346.0,3163.0,2384.0,19.0,1832.0,477.0,439.0,3185.0,1769.0,277.0,341.0,2120.0,1655.0,2638.0,2452.0,1800.0,1668.0,,2915.0,763.0,1122.0
1600.0,969.0,1464.0,990.0,2361.0,2449.0,1380.0,144.0,1803.0,2852.0,926.0,416.0,219.0,2377.0,1965.0,1552.0,1468.0,1496.0,878.0,2440.0,293.0,,1389.0,1938.0,1959.0
3618.0,3861.0,975.0,233.0,3842.0,2445.0,3521.0,3775.0,176.0,3311.0,922.0,458.0,1342.0,3677.0,3855.0,730.0,2373.0,1259.0,1056.0,896.0,514.0,,2705.0,552.0,1864.0
1874.0,2377.0,2103.0,3115.0,2432.0,3006.0,2904.0,2511.0,3507.0,3880.0,2434.0,2208.0,3414.0,1211.0,989.0,339.0,3624.0,307.0,336.0,19.0,1049.0,,1235.0,2823.0,2746.0
1537.0,3195.0,1241.0,2037.0,1005.0,192.0,1761.0,1360.0,3219.0,1476.0,829.0,730.0,3141.0,2408.0,1083.0,3694.0,648.0,1354.0,2506.0,359.0,61.0,,1277.0,3669.0,565.0
2088.0,670.0,1960.0,3494.0,1189.0,3722.0,500.0,2500.0,1326.0,754.0,3188.0,3238.0,3442.0,1416.0,219.0,1680.0,2948.0,970.0,3599.0,1684.0,477.0,,3794.0,903.0,3105.0
782.0,3674.0,91.0,440.0,589.0,3506.0,740.0,1298.0,3374.0,1266.0,2051.0,3113.0,2957.0,434.0,1958.0,1434.0,143.0,2446.0,49.0,733.0,584.0,,2909.0,3600.0,909.0
1356.0,1753.0,2602.0,619.0,3366.0,245.0,2087.0,3786.0,896.0,2878.0,2203.0,3782.0,2879.0,1729.0,3219.0,1834.0,3656.0,3613.0,1360.0,3563.0,563.0,,1305.0,1101.0,1137.0
3190.0,1708.0,3501.0,2627.0,3642.0,3311.0,2759.0,1283.0,2912.0,1122.0,930.0,1975.0,1681.0,81.0,3183.0,2536.0,367.0,1837.0,3301.0,1068.0,2899.0,,913.0,3604.0,1747.0
2108.0,1370.0,3035.0,1658.0,1136.0,2299.0,3043.0,2435.0,792.0,556.0,3338.0,2853.0,1066.0,3572.0,1324.0,2816.0,2146.0,3662.0,3842.0,2847.0,1920.0,,3746.0,3306.0,350.0
2515.0,2837.0,1176.0,2311.0,882.0,3901.0,1688.0,237.0,407.0,945.0,1913.0,1237.0,309.0,1679.0,2842.0,2607.0,2861.0,1473.0,3260.0,2619.0,2410.0,,998.0,3710.0,3818.0
652.0,1531.0,2237.0,3789.0,1250.0,66.0,1911.0,579.0,1140.0,70.0,803.0,2471.0,3670.0,2394.0,15.0,525.0,2370.0,2886.0,2792.0,958.0,550.0,,1263.0,1438.0,1015.0
1791.0,229.0,1739.0,2783.0,1384.0,381.0,3841.0,1121.0,841.0,2730.0,358.0,3148.0,1536.0,3024.0,3016.0,3577.0,1971.0,1424.0,3258.0,1297.0,1060.0,,2138.0,3547.0,110.0
1944.0,1649.0,3493.0,3384.0,2171.0,1973.0,3167.0,1589.0,1354.0,3479.0,1609.0,2121.0,1495.0,1778.0,2471.0,1937.0,2009.0,3094.0,2007.0,2767.0,2572.0,,511.0,437.0,1062.0
3236.0,289.0,2545.0,1936.0,690.0,1736.0,242.0,2356.0,2097.0,2984.0,320.0,2341.0,1823.0,2509.0,1528.0,22.0,42.0,1752.0,651.0,2895.0,2068.0,,2591.0,1974.0,92.0
3311.0,2808.0,3069.0,3818.0,3370.0,2855.0,1786.0,902.0,1628.0,3482.0,1553.0,775.0,3849.0,1841.0,3313.0,2236.0,3852.0,1533.0,376.0,2783.0,287.0,,83.0,1445.0,3563.0
449.0,3763.0,742.0,3404.0,134.0,2077.0,935.0,758.0,2980.0,653.0,1713.0,1678.0,1117.0,2607.0,923.0,1780.0,484.0,1294.0,1493.0,54.0,3877.0,,3439.0,1552.0,179.0
2160.0,525.0,3030.0,3730.0,954.0,175.0,3529.0,1632.0,278.0,1856.0,1272.0,2525.0,1277.0,2113.0,1980.0,1454.0,2035.0,2619.0,3627.0,2228.0,2988.0,,668.0,695.0,18.0
276.0,3198.0,1923.0,3195.0,3335.0,2795.0,65.0,2896.0,2099.0,3383.0,2905.0,3561.0,3149.0,3276.0,738.0,1722.0,3266.0,3288.0,3837.0,2884.0,1762.0,,310.0,1451.0,994.0
3813.0,3307.0,516.0,2002.0,295.0,3517.0,467.0,974.0,756.0,1367.0,1699.0,2463.0,801.0,298.0,2355.0,2074.0,3534.0,2098.0,2487.0,554.0,2154.0,,1162.0,1677.0,1848.0
1838.0,3814.0,94.0,1723.0,1382.0,677.0,3732.0,2957.0,2032.0,1878.0,59.0,2571.0,194.0,3577.0,1211.0,995.0,1197.0,28.0,2957.0,3003.0,3482.0,,2927.0,1740.0,3294.0
1314.0,3225.0,2848.0,2137.0,3359.0,3622.0,2941.0,2380.0,2688.0,2057.0,718.0,3350.0,3833.0,3651.0,1483.0,3667.0,1946.0,3200.0,1224.0,3648.0,2239.0,,3118.0,1415.0,418.0
656.0,2978.0,3745.0,2129.0,279.0,2734.0,1298.0,3636.0,1669.0,2432.0,562.0,90.0,3073.0,3671.0,1049.0,2127.0,1217.0,3546.0,703.0,269.0,355.0,,82.0,1146.0,1166.0
648.0,2991.0,3489.0,2105.0,2738.0,2326.0,1191.0,2234.0,3561.0,3413.0,559.0,1931.0,246.0,3694.0,963.0,3801.0,2343.0,3658.0,3847.0,2287.0,3573.0,,2964.0,2149.0,3045.0
1096.0,2174.0,784.0,3401.0,687.0,2851.0,1860.0,886.0,3864.0,3905.0,69.0,2353.0,2279.0,2776.0,2571.0,724.0,3537.0,3145.0,1206.0,1044.0,2284.0,,2072.0,2165.0,1609.0
2229.0,2125.0,2755.0,4.0,982.0,2716.0,499.0,1246.0,854.0,252.0,2005.0,1471.0,1148.0,1107.0,3828.0,2832.0,684.0,709.0,1601.0,1311.0,2085.0,,3283.0,3113.0,2396.0
465.0,1138.0,510.0,3558.0,656.0,1762.0,368.0,577.0,1181.0,399.0,3254.0,2293.0,1937.0,1034.0,1172.0,1696.0,3441.0,2968.0,3619.0,2549.0,3486.0,,1496.0,89.0,2391.0
3413.0,186.0,3887.0,3312.0,647.0,3179.0,110.0,3267.0,2234.0,3457.0,3599.0,3806.0,3124.0,1371.0,3407.0,3864.0,1987.0,2035.0,1676.0,593.0,2621.0,,1307.0,1662.0,588.0
2163.0,1676.0,647.0,2013.0,2567.0,988.0,2609.0,2745.0,2552.0,1227.0,311.0,1157.0,756.0,616.0,647.0,1382.0,474.0,2920.0,636.0,823.0,1038.0,,451.0,719.0,3888.0
2404.0,1520.0,2705.0,3076.0,1175.0,967.0,810.0,734.0,962.0,3417.0,3889.0,2492.0,2906.0,3858.0,3830.0,2903.0,458.0,3004.0,1621.0,550.0,1305.0,,1324.0,757.0,2918.0
1371.0,2541.0,2656.0,2250.0,1285.0,2649.0,2198.0,2743.0,1308.0,1312.0,459.0,3710.0,3344.0,2468.0,3252.0,3628.0,2099.0,1497.0,1020.0,3089.0,96.0,,3299.0,2063.0,622.0
391.0,3173.0,1764.0,3848.0,2822.0,2654.0,21.0,1137.0,1206.0,1236.0,3710.0,3579.0,829.0,2493.0,2429.0,1231.0,1301.0,1929.0,1009.0,3901.0,81.0,,1301.0,2087.0,2236.0
510.0,2550.0,1732.0,265.0,2883.0,2574.0,2828.0,2644.0,1294.0,674.0,1387.0,550.0,2123.0,474.0,1915.0,1162.0,1945.0,34.0,3052.0,3599.0,411.0,,2643.0,2800.0,1439.0
672.0,3789.0,187.0,3687.0,628.0,3282.0,342.0,3401.0,3678.0,312.0,2407.0,979.0,2415.0,440.0,2624.0,2843.0,2986.0,59.0,1986.0,1524.0,3515.0,,2104.0,627.0,2533.0
472.0,945.0,2692.0,2940.0,1553.0,3871.0,2837.0,552.0,1684.0,24.0,2893.0,2600.0,2720.0,1234.0,650.0,1048.0,3885.0,1086.0,3682.0,1456.0,3429.0,,1267.0,2553.0,1079.0
1174.0,3782.0,3041.0,3713.0,2784.0,3400.0,724.0,1347.0,194.0,2946.0,21.0,230.0,735.0,3821.0,2375.0,3474.0,817.0,3759.0,2665.0,2860.0,839.0,,2241.0,3497.0,2910.0
913.0,773.0,1729.0,1992.0,1599.0,2011.0,1899.0,1924.0,2901.0,2882.0,128.0,2614.0,708.0,2515.0,194.0,2613.0,275.0,1388.0,1347.0,1370.0,2874.0,,1571.0,2941.0,2007.0
2556.0,3335.0,458.0,815.0,2876.0,1965.0,438.0,867.0,83.0,2815.0,3647.0,3171.0,3150.0,3774.0,2948.0,2157.0,2699.0,3748.0,3452.0,389.0,534.0,,228.0,3608.0,3853.0
1844.0,1688.0,868.0,2175.0,2353.0,836.0,1400.0,3579.0,3410.0,1225.0,269.0,1674.0,1076.0,352.0,3272.0,3493.0,3227.0,3729.0,3775.0,3084.0,2196.0,,1931.0,1398.0,554.0
2827.0,1978.0,1986.0,2337.0,1730.0,1232.0,275.0,427.0,785.0,1378.0,1192.0,1992.0,889.0,1570.0,3685.0,2633.0,3487.0,3852.0,929.0,2745.0,2315.0,,124.0,269.0,1093.0
3091.0,881.0,453.0,3138.0,761.0,3813.0,3699.0,3781.0,3792.0,2332.0,3014.0,419.0,359.0,2027.0,1597.0,1529.0,2466.0,742.0,3732.0,1417.0,3358.0,,1801.0,2014.0,3914.0
2660.0,570.0,258.0,2716.0,3899.0,441.0,741.0,3819.0,722.0,2041.0,2458.0,3617.0,2088.0,1190.0,1670.0,1591.0,2095.0,831.0,1241.0,1330.0,2183.0,,556.0,3171.0,390.0
1768.0,424.0,492.0,2865.0,1661.0,2276.0,1666.0,3343.0,2811.0,1683.0,2284.0,236.0,3125.0,3679.0,3177.0,1997.0,497.0,524.0,2442.0,782.0,1978.0,,3269.0,1854.0,696.0
1819.0,2383.0,1738.0,3282.0,1898.0,2602.0,12.0,3613.0,2510.0,3259.0,3564.0,3109.0,432.0,1860.0,1681.0,513.0,258.0,2332.0,2709.0,166.0,1475.0,,1130.0,965.0,3111.0
3350.0,3469.0,3645.0,3817.0,3898.0,767.0,1440.0,1446.0,1414.0,3199.0,3614.0,1464.0,2431.0,2052.0,2502.0,3417.0,3592.0,2985.0,1731.0,2490.0,3703.0,,3722.0,2241.0,3891.0
3541.0,3032.0,2850.0,1941.0,1965.0,1573.0,2090.0,652.0,3685.0,3349.0,169.0,1867.0,1319.0,2800.0,997.0,2664.0,3883.0,133.0,1443.0,2493.0,1751.0,,193.0,507.0,880.0
3282.0,1222.0,531.0,272.0,682.0,2510.0,306.0,3305.0,1007.0,921.0,1323.0,2182.0,1732.0,527.0,1361.0,3027.0,3339.0,2293.0,2440.0,2042.0,388.0,,3374.0,666.0,3352.0
2306.0,136.0,2481.0,130.0,3017.0,752.0,218.0,3538.0,3773.0,1880.0,989.0,2612.0,780.0,2728.0,69.0,2191.0,1018.0,2569.0,1030.0,440.0,3311.0,,1739.0,3487.0,3777.0
650.0,3737.0,1065.0,2393.0,3109.0,1442.0,92.0,2520.0,342.0,1494.0,2993.0,2248.0,3912.0,1616.0,3524.0,2134.0,3156.0,1869.0,653.0,2776.0,2287.0,,168.0,3415.0,2976.0
691.0,3108.0,3530.0,391.0,257.0,3396.0,262.0,1843.0,2585.0,3598.0,3390.0,3374.0,3081.0,3505.0,2720.0,2188.0,3244.0,2327.0,2821.0,2120.0,2667.0,,3660.0,702.0,3706.0
231.0,1548.0,2163.0,3569.0,1200.0,3322.0,1602.0,1316.0,2664.0,592.0,1385.0,1798.0,3593.0,3561.0,3423.0,3112.0,3234.0,665.0,2822.0,3544.0,24.0,,2538.0,777.0,1975.0
388.0,3357.0,3040.0,677.0,3051.0,474.0,788.0,2966.0,574.0,3791.0,3360.0,2983.0,3726.0,3313.0,1880.0,1911.0,1285.0,3092.0,486.0,3647.0,703.0,,121.0,3699.0,2658.0
1999.0,3826.0,2011.0,344.0,1956.0,3241.0,1695.0,496.0,2093.0,1931.0,2158.0,801.0,2726.0,1786.0,259.0,605.0,3792.0,3108.0,3374.0,2460.0,562.0,,3406.0,2360.0,1461.0
3169.0,2690.0,844.0,3012.0,204.0,2118.0,3804.0,804.0,1043.0,1148.0,3328.0,3072.0,1751.0,2173.0,3526.0,1263.0,3039.0,1966.0,613.0,827.0,3232.0,,1510.0,1144.0,3278.0
556.0,3278.0,3329.0,2214.0,1182.0,2634.0,202.0,2497.0,3484.0,3357.0,2961.0,1234.0,3435.0,438.0,1133.0,3139.0,2492.0,607.0,1747.0,189.0,990.0,,1143.0,699.0,2163.0
2288.0,3625.0,1765.0,21.0,1374.0,1740.0,3117.0,2003.0,3889.0,1951.0,3425.0,2064.0,3611.0,1292.0,986.0,1116.0,2188.0,2642.0,3834.0,2872.0,57.0,,731.0,449.0,1795.0
1562.0,3309.0,2198.0,3679.0,2844.0,3419.0,781.0,2843.0,1010.0,3776.0,2128.0,3082.0,3192.0,1225.0,1424.0,2287.0,570.0,240.0,3817.0,2470.0,2452.0,,1891.0,136.0,1463.0
3520.0,1600.0,1309.0,3254.0,1525.0,2149.0,2812.0,1990.0,519.0,183.0,321.0,483.0,824.0,343.0,2577.0,1641.0,2979.0,1773.0,2272.0,198.0,1055.0,,3240.0,3197.0,1652.0
503.0,2432.0,1731.0,2014.0,648.0,3247.0,2521.0,1881.0,731.0,3496.0,453.0,2880.0,2300.0,466.0,1217.0,1200.0,793.0,226.0,738.0,3435.0,1028.0,,3871.0,2148.0,3427.0
1958.0,2761.0,3469.0,1841.0,3861.0,3452.0,1636.0,215.0,199.0,3525.0,2767.0,3654.0,2414.0,2661.0,3116.0,611.0,1074.0,498.0,1557.0,3329.0,3038.0,,497.0,425.0,2083.0
1877.0,469.0,977.0,515.0,1415.0,353.0,2448.0,3731.0,1897.0,3225.0,274.0,2506.0,2502.0,1629.0,906.0,2883.0,3492.0,166.0,375.0,2124.0,3140.0,,724.0,2067.0,2719.0
3829.0,982.0,796.0,980.0,1169.0,348.0,819.0,3564.0,2439.0,1290.0,636.0,726.0,2317.0,1080.0,1961.0,2358.0,1755.0,2219.0,2877.0,3875.0,2564.0,,873.0,2039.0,1935.0
1130.0,550.0,2022.0,1523.0,2792.0,2999.0,682.0,3020.0,3311.0,3043.0,172.0,2136.0,2785.0,1784.0,2512.0,3686.0,2539.0,308.0,3859.0,3127.0,866.0,,1828.0,469.0,3863.0
87.0,2008.0,1982.0,1473.0,1998.0,106.0,1941.0,2589.0,725.0,3679.0,1253.0,3009.0,1785.0,2734.0,345.0,1847.0,2219.0,2151.0,1265.0,537.0,317.0,,2022.0,1703.0,3018.0
915.0,1218.0,3204.0,2098.0,444.0,3466.0,1846.0,992.0,3350.0,3527.0,1923.0,2689.0,932.0,422.0,3083.0,2047.0,402.0,90.0,2989.0,1575.0,1709.0,,2592.0,2989.0,2930.0
2566.0,1029.0,1072.0,1247.0,380.0,3698.0,2897.0,1823.0,477.0,850.0,939.0,1883.0,1349.0,3271.0,3888.0,497.0,2049.0,1658.0,2940.0,3314.0,3657.0,,3514.0,604.0,732.0
2406.0,97.0,3738.0,173.0,902.0,231.0,1501.0,1859.0,1060.0,3504.0,419.0,1218.0,718.0,1331.0,1959.0,2945.0,2785.0,3243.0,3767.0,1171.0,2280.0,,2839.0,284.0,244.0
3084.0,885.0,2682.0,2712.0,3649.0,3656.0,3842.0,2628.0,1449.0,234.0,883.0,490.0,3085.0,2138.0,2962.0,3017.0,1104.0,2025.0,8.0,357.0,1738.0,,1628.0,1388.0,3096.0
3367.0,1842.0,3770.0,331.0,3045.0,523.0,2010.0,1354.0,681.0,2459.0,683.0,3076.0,3531.0,2965.0,2690.0,3105.0,3181.0,261.0,1067.0,558.0,83.0,,996.0,1294.0,2848.0
3701.0,3532.0,3678.0,108.0,2818.0,1335.0,3242.0,2912.0,445.0,1762.0,1541.0,1279.0,3716.0,1403.0,1388.0,2984.0,620.0,3346.0,2154.0,1951.0,1137.0,,1274.0,2301.0,1639.0
433.0,449.0,604.0,1362.0,2167.0,2065.0,2361.0,766.0,3723.0,88.0,937.0,1573.0,1041.0,602.0,401.0,2898.0,2448.0,1072.0,1699.0,2686.0,779.0,,894.0,645.0,1217.0
2700.0,2822.0,719.0,277.0,537.0,1969.0,3319.0,3399.0,143.0,3770.0,2963.0,2797.0,2968.0,2576.0,2412.0,3539.0,251.0,2135.0,3296.0,1439.0,3489.0,,307.0,3771.0,3114.0
628.0,3638.0,70.0,2247.0,2750.0,1072.0,121.0,3575.0,301.0,1351.0,651.0,286.0,3112.0,2191.0,1258.0,3095.0,376.0,2974.0,3657.0,3447.0,2164.0,,1473.0,1531.0,3689.0
495.0,2180.0,1327.0,1588.0,2552.0,2578.0,1769.0,2879.0,3066.0,747.0,2010.0,249.0,1560.0,1109.0,2017.0,2155.0,1069.0,,2880.0,1109.0,2008.0,,629.0,1373.0,1455.0
367.0,3301.0,3799.0,315.0,2581.0,2165.0,633.0,3120.0,2040.0,2533.0,3388.0,3841.0,1177.0,503.0,1145.0,3345.0,2581.0,,2902.0,2216.0,802.0,,2070.0,3575.0,3227.0
3560.0,3607.0,2685.0,212.0,3069.0,1236.0,3884.0,1111.0,438.0,3331.0,1610.0,1321.0,2766.0,3658.0,3737.0,3094.0,283.0,,1709.0,1207.0,396.0,,2600.0,3709.0,1310.0
3223.0,2300.0,2896.0,795.0,1925.0,910.0,953.0,1321.0,1149.0,2427.0,3746.0,21.0,2484.0,8.0,1812.0,2794.0,3431.0,,3047.0,2631.0,1440.0,,982.0,2391.0,1581.0
2501.0,1660.0,1889.0,787.0,286.0,3384.0,2202.0,3754.0,3664.0,206.0,1493.0,3689.0,3588.0,2667.0,3110.0,236.0,1336.0,,1623.0,3215.0,1146.0,,2472.0,3202.0,3683.0
2584.0,1789.0,691.0,1797.0,360.0,3862.0,1107.0,1429.0,2982.0,2346.0,1114.0,2892.0,3325.0,1593.0,1510.0,1320.0,3385.0,,2756.0,3782.0,1859.0,,299.0,2966.0,1503.0
768.0,318.0,1551.0,465.0,0.0,355.0,2943.0,3665.0,3609.0,2594.0,2895.0,3876.0,812.0,3310.0,2403.0,972.0,167.0,,1572.0,688.0,3536.0,,195.0,3567.0,1499.0
3821.0,507.0,3351.0,950.0,1700.0,1894.0,2862.0,2607.0,1924.0,2163.0,2340.0,3533.0,2181.0,3153.0,290.0,245.0,644.0,,3375.0,2487.0,2662.0,,2040.0,3401.0,1344.0
572.0,3521.0,212.0,3002.0,3844.0,1546.0,2633.0,3797.0,397.0,1847.0,2.0,3122.0,3687.0,3290.0,3262.0,3665.0,3161.0,,1805.0,3108.0,1145.0,,311.0,391.0,1048.0
2190.0,3799.0,3798.0,2397.0,2761.0,1293.0,751.0,940.0,1407.0,525.0,1391.0,146.0,316.0,1325.0,589.0,1650.0,470.0,,3005.0,919.0,309.0,,1165.0,3524.0,3631.0
911.0,3712.0,1328.0,1853.0,1957.0,1098.0,3802.0,1715.0,3257.0,58.0,3276.0,3517.0,2081.0,1213.0,2341.0,2666.0,1669.0,,433.0,3301.0,3606.0,,1146.0,2045.0,3462.0
2472.0,3135.0,836.0,2294.0,28.0,2519.0,998.0,1614.0,2794.0,135.0,471.0,3062.0,992.0,3525.0,981.0,925.0,2646.0,,632.0,56.0,1406.0,,2806.0,1020.0,904.0
1126.0,2085.0,384.0,441.0,3445.0,3041.0,3621.0,2505.0,478.0,2779.0,2684.0,169.0,2539.0,3028.0,1591.0,3179.0,832.0,,3850.0,1450.0,2245.0,,3853.0,2336.0,2869.0
616.0,1569.0,793.0,852.0,2962.0,1950.0,2353.0,1244.0,3562.0,3000.0,2741.0,879.0,1913.0,1056.0,3859.0,1580.0,2509.0,,1329.0,1697.0,2087.0,,2214.0,3058.0,2786.0
940.0,2879.0,2453.0,3084.0,1851.0,946.0,2960.0,447.0,1615.0,2190.0,2579.0,78.0,3498.0,3584.0,2930.0,3666.0,47.0,,3094.0,2077.0,1392.0,,1650.0,1543.0,771.0
2986.0,3668.0,3412.0,3613.0,1798.0,714.0,2974.0,1315.0,1830.0,410.0,1899.0,1179.0,450.0,1535.0,629.0,2263.0,1876.0,,2444.0,1.0,1849.0,,3823.0,163.0,1260.0
2759.0,1333.0,2557.0,809.0,2348.0,2978.0,,2222.0,875.0,930.0,86.0,583.0,1364.0,404.0,2411.0,533.0,1500.0,,3807.0,962.0,984.0,,3796.0,602.0,1940.0
3351.0,132.0,1779.0,296.0,26.0,873.0,,294.0,1233.0,1226.0,1956.0,3018.0,381.0,678.0,200.0,3906.0,3621.0,,1254.0,2334.0,2014.0,,3147.0,1405.0,3234.0
1813.0,3667.0,1456.0,495.0,544.0,130.0,,413.0,2001.0,1223.0,3526.0,467.0,1483.0,2854.0,1720.0,3784.0,390.0,,2465.0,3288.0,92.0,,2609.0,3212.0,499.0
900.0,2259.0,1967.0,1647.0,2903.0,799.0,,2507.0,1058.0,2829.0,561.0,546.0,923.0,1531.0,1208.0,3253.0,3170.0,,2132.0,930.0,871.0,,3086.0,2064.0,3538.0
195.0,1272.0,1556.0,952.0,2533.0,1724.0,,3025.0,3329.0,1136.0,2232.0,2773.0,3488.0,335.0,291.0,2344.0,1448.0,,2433.0,3139.0,1894.0,,2463.0,2309.0,816.0
3687.0,3852.0,172.0,3496.0,47.0,456.0,,1572.0,1692.0,3872.0,1988.0,2273.0,3353.0,3302.0,1088.0,1144.0,2368.0,,71.0,580.0,2005.0,,1016.0,339.0,905.0
2540.0,1565.0,3188.0,364.0,1613.0,3650.0,,1393.0,1329.0,954.0,3569.0,977.0,2199.0,3472.0,2098.0,1449.0,3151.0,,1908.0,3099.0,2997.0,,143.0,1561.0,761.0
3822.0,2580.0,2397.0,1587.0,129.0,56.0,,733.0,2181.0,3460.0,1138.0,2631.0,213.0,1994.0,77.0,1964.0,525.0,,3103.0,506.0,3370.0,,3159.0,1747.0,3763.0
1635.0,3851.0,2143.0,193.0,1596.0,730.0,,1543.0,2930.0,1578.0,2990.0,3648.0,2866.0,182.0,1716.0,1996.0,1843.0,,3292.0,496.0,2617.0,,784.0,754.0,613.0
1536.0,2565.0,402.0,971.0,2400.0,135.0,,3866.0,2612.0,1737.0,1019.0,2837.0,174.0,1299.0,2985.0,3278.0,45.0,,1866.0,1382.0,1675.0,,1412.0,643.0,3568.0
632.0,2145.0,525.0,2353.0,2434.0,2330.0,,1796.0,955.0,1054.0,1934.0,809.0,2593.0,3057.0,3720.0,956.0,623.0,,536.0,1933.0,1182.0,,3035.0,172.0,28.0
315.0,338.0,117.0,1969.0,1308.0,667.0,,2194.0,72.0,946.0,3580.0,3475.0,3067.0,651.0,799.0,1528.0,3354.0,,714.0,975.0,2069.0,,3708.0,2653.0,2894.0
1831.0,307.0,3078.0,1054.0,1245.0,98.0,,432.0,3190.0,1916.0,2281.0,1040.0,1392.0,1309.0,3386.0,1800.0,1257.0,,1068.0,1853.0,2512.0,,3319.0,290.0,1779.0
3880.0,256.0,1584.0,261.0,2283.0,480.0,,2264.0,2558.0,2509.0,505.0,2301.0,862.0,1493.0,1015.0,3507.0,475.0,,681.0,2784.0,3426.0,,1105.0,642.0,780.0
3264.0,3311.0,2827.0,302.0,2027.0,1697.0,,1624.0,3680.0,276.0,1961.0,3340.0,846.0,822.0,1580.0,2520.0,26.0,,3892.0,2868.0,3173.0,,1048.0,202.0,1637.0
808.0,3439.0,3483.0,2643.0,1934.0,3894.0,,634.0,291.0,873.0,3207.0,3464.0,1415.0,3364.0,704.0,3887.0,2335.0,,836.0,326.0,3635.0,,1987.0,1680.0,459.0
3118.0,2397.0,120.0,3208.0,911.0,1726.0,,1383.0,2242.0,3795.0,1560.0,234.0,3417.0,3765.0,3890.0,2690.0,3869.0,,598.0,534.0,2976.0,,2407.0,3724.0,666.0
1226.0,673.0,2988.0,733.0,3250.0,2251.0,,3597.0,2363.0,424.0,2810.0,2266.0,2996.0,2553.0,2491.0,788.0,1386.0,,722.0,942.0,662.0,,429.0,1744.0,3110.0
3552.0,1312.0,1025.0,3778.0,3036.0,2131.0,,2407.0,973.0,1135.0,1358.0,137.0,1910.0,955.0,571.0,2605.0,2662.0,,707.0,1346.0,219.0,,2007.0,1250.0,3475.0
25.0,3747.0,536.0,2029.0,1963.0,2684.0,,3657.0,1465.0,2751.0,2674.0,442.0,1311.0,1112.0,3671.0,2245.0,770.0,,3376.0,3463.0,2258.0,,1522.0,2123.0,1801.0
1661.0,34.0,1390.0,1552.0,1620.0,141.0,,1177.0,43.0,877.0,553.0,2023.0,3454.0,2472.0,3774.0,163.0,2431.0,,2137.0,191.0,2791.0,,3375.0,2711.0,1957.0
2602.0,649.0,1181.0,2864.0,2676.0,2399.0,,1059.0,2367.0,3610.0,2778.0,3371.0,1395.0,1048.0,3519.0,569.0,1979.0,,111.0,1758.0,3200.0,,2332.0,652.0,3064.0
623.0,1656.0,2281.0,1614.0,646.0,2547.0,,3514.0,1887.0,3769.0,3655.0,2026.0,3144.0,775.0,687.0,2051.0,3011.0,,3495.0,1198.0,403.0,,3059.0,2141.0,1218.0
541.0,2419.0,2114.0,924.0,1591.0,1759.0,,2859.0,1141.0,1300.0,2594.0,1626.0,1008.0,548.0,3600.0,3826.0,2926.0,,2064.0,3754.0,1735.0,,2677.0,338.0,954.0
264.0,3505.0,3296.0,2316.0,3090.0,2790.0,,884.0,3344.0,3462.0,693.0,3041.0,3084.0,2429.0,3149.0,3583.0,3300.0,,501.0,2513.0,578.0,,131.0,2132.0,487.0
3625.0,2286.0,3494.0,636.0,3700.0,724.0,,279.0,808.0,2477.0,2841.0,2559.0,1902.0,1500.0,2367.0,1483.0,2610.0,,2899.0,3630.0,327.0,,3383.0,575.0,3251.0
3438.0,1964.0,3795.0,643.0,1541.0,1245.0,,1155.0,1437.0,683.0,1440.0,2254.0,544.0,3635.0,753.0,2629.0,1812.0,,157.0,265.0,544.0,,2107.0,3007.0,2138.0
1263.0,2701.0,121.0,538.0,1154.0,926.0,,2032.0,1353.0,780.0,3369.0,3142.0,10.0,2370.0,3508.0,2994.0,2896.0,,1066.0,2205.0,750.0,,1444.0,565.0,1168.0
2423.0,1233.0,503.0,3883.0,346.0,1410.0,,582.0,1693.0,434.0,1511.0,2262.0,1519.0,1890.0,2728.0,1370.0,824.0,,130.0,1754.0,2128.0,,3711.0,1991.0,76.0
1055.0,3308.0,1664.0,1466.0,3257.0,1743.0,,2042.0,2591.0,273.0,2423.0,720.0,1345.0,685.0,3184.0,3270.0,3304.0,,176.0,3671.0,840.0,,3340.0,1833.0,3878.0
2503.0,2309.0,1097.0,886.0,514.0,3911.0,,2199.0,2885.0,255.0,92.0,420.0,1922.0,1886.0,828.0,1619.0,1919.0,,1006.0,3522.0,1609.0,,2124.0,676.0,2943.0
3145.0,1621.0,2187.0,700.0,2351.0,409.0,,1557.0,3739.0,2002.0,722.0,920.0,273.0,2397.0,1331.0,819.0,537.0,,509.0,1327.0,3106.0,,2621.0,3297.0,2187.0
1447.0,573.0,264.0,3292.0,1644.0,919.0,,3544.0,2325.0,666.0,497.0,2971.0,3573.0,1067.0,2928.0,3822.0,1235.0,,161.0,318.0,1726.0,,1349.0,436.0,1141.0
3267.0,154.0,2952.0,1926.0,602.0,2661.0,,3762.0,170.0,3143.0,2048.0,771.0,3887.0,2461.0,2331.0,1308.0,2782.0,,655.0,3662.0,3258.0,,2563.0,1229.0,2933.0
2755.0,204.0,3311.0,1514.0,1676.0,1399.0,,996.0,1235.0,1627.0,39.0,492.0,2423.0,2382.0,503.0,3785.0,64.0,,55.0,2599.0,3641.0,,1173.0,1171.0,1447.0
251.0,1659.0,1740.0,3580.0,1984.0,753.0,,3889.0,2608.0,3032.0,3613.0,2830.0,572.0,2501.0,135.0,3869.0,908.0,,602.0,2928.0,3290.0,,2791.0,3382.0,1221.0
1638.0,1558.0,3607.0,316.0,483.0,2108.0,,109.0,532.0,29.0,1945.0,684.0,1987.0,1440.0,1399.0,471.0,1771.0,,396.0,3373.0,1303.0,,3177.0,2370.0,3068.0
1648.0,1684.0,43.0,2365.0,556.0,976.0,,2075.0,3513.0,3295.0,580.0,2935.0,3539.0,2149.0,3160.0,1042.0,1711.0,,48.0,419.0,1271.0,,912.0,1509.0,148.0
3626.0,2628.0,2010.0,1468.0,2316.0,2332.0,,2597.0,2105.0,3478.0,3888.0,3417.0,590.0,2544.0,3863.0,2311.0,2497.0,,1319.0,1441.0,2630.0,,2449.0,1646.0,369.0
859.0,740.0,3725.0,2579.0,2435.0,1545.0,,785.0,1012.0,3588.0,1633.0,1141.0,1977.0,1204.0,2099.0,3659.0,1044.0,,1816.0,10.0,2142.0,,2481.0,828.0,1300.0
1445.0,3837.0,2401.0,811.0,1563.0,2162.0,,3287.0,3557.0,552.0,1422.0,1166.0,2582.0,3510.0,2247.0,2783.0,1685.0,,923.0,1137.0,1075.0,,567.0,812.0,983.0
2442.0,3259.0,3044.0,269.0,2722.0,1233.0,,1442.0,3220.0,354.0,2193.0,2555.0,1810.0,2813.0,619.0,1618.0,273.0,,1395.0,1916.0,2184.0,,2760.0,2244.0,590.0
464.0,1622.0,782.0,2918.0,1016.0,999.0,,247.0,2578.0,1464.0,2204.0,2656.0,428.0,2179.0,3187.0,1707.0,999.0,,2422.0,174.0,1741.0,,941.0,3844.0,491.0
1452.0,3478.0,2184.0,1759.0,3777.0,3325.0,,1434.0,3904.0,2358.0,2427.0,3807.0,314.0,761.0,1018.0,3900.0,2942.0,,1751.0,1026.0,2680.0,,2605.0,3102.0,136.0
1830.0,1985.0,1167.0,467.0,1366.0,3868.0,,2710.0,1891.0,2931.0,2257.0,2779.0,3652.0,1590.0,2600.0,1115.0,1251.0,,950.0,668.0,170.0,,1094.0,1129.0,3038.0
130.0,1216.0,1942.0,604.0,2824.0,2074.0,,649.0,2120.0,2304.0,2013.0,1936.0,803.0,1411.0,111.0,1389.0,1389.0,,3172.0,1264.0,1505.0,,3867.0,3634.0,3206.0
1411.0,522.0,387.0,1392.0,2885.0,1893.0,,2805.0,1047.0,3624.0,2408.0,2367.0,900.0,1518.0,425.0,2125.0,2325.0,,1573.0,2980.0,702.0,,2624.0,2182.0,1186.0
1714.0,814.0,1751.0,686.0,1002.0,2314.0,,3858.0,2831.0,166.0,2336.0,3785.0,3320.0,1768.0,1007.0,2516.0,2758.0,,3462.0,1733.0,1530.0,,2982.0,1565.0,910.0
1759.0,1408.0,1865.0,79.0,1172.0,1817.0,,3751.0,3520.0,2895.0,469.0,3736.0,1127.0,1510.0,2558.0,2591.0,1927.0,,3489.0,2249.0,1282.0,,2712.0,3486.0,1420.0
1565.0,531.0,3091.0,2421.0,1888.0,2080.0,,2238.0,3100.0,1799.0,2089.0,35.0,1972.0,2808.0,172.0,2524.0,1484.0,,2383.0,3162.0,2246.0,,2846.0,2425.0,169.0
820.0,2213.0,2555.0,2052.0,1905.0,3472.0,,2826.0,2077.0,3554.0,3677.0,18.0,297.0,3249.0,3665.0,2672.0,1676.0,,740.0,635.0,1809.0,,2783.0,3247.0,3773.0
1091.0,41.0,3579.0,638.0,3869.0,1833.0,,1742.0,307.0,1882.0,1562.0,1054.0,1608.0,3600.0,1725.0,3574.0,3915.0,,2284.0,2045.0,555.0,,80.0,2340.0,1196.0
336.0,1313.0,2588.0,2958.0,897.0,3023.0,,994.0,1123.0,1321.0,3024.0,2438.0,1660.0,3478.0,1596.0,532.0,191.0,,1692.0,1588.0,371.0,,3208.0,801.0,2944.0
1497.0,1461.0,2057.0,2429.0,3425.0,108.0,,859.0,148.0,1950.0,445.0,848.0,1682.0,3192.0,3265.0,1023.0,3745.0,,1234.0,1380.0,3007.0,,2311.0,764.0,1332.0
2716.0,3916.0,334.0,1224.0,1221.0,2586.0,,2110.0,1416.0,3051.0,2166.0,680.0,3272.0,1775.0,1671.0,3113.0,2691.0,,3069.0,3585.0,1306.0,,1419.0,357.0,1862.0
1568.0,1905.0,148.0,3661.0,1288.0,3412.0,,1765.0,2352.0,3543.0,2604.0,3240.0,75.0,3905.0,36.0,1928.0,2475.0,,2953.0,2406.0,693.0,,3567.0,3209.0,1737.0
2715.0,2741.0,3445.0,454.0,3038.0,270.0,,3362.0,3336.0,2588.0,521.0,1757.0,2398.0,1324.0,600.0,3238.0,53.0,,2681.0,2737.0,1165.0,,1052.0,291.0,373.0
521.0,590.0,2546.0,1368.0,283.0,2034.0,,3816.0,804.0,701.0,3895.0,3870.0,1944.0,1102.0,3007.0,3907.0,847.0,,1392.0,2899.0,244.0,,365.0,1.0,1756.0
3361.0,1246.0,2180.0,3803.0,2199.0,2312.0,,551.0,2873.0,2086.0,3735.0,2382.0,453.0,42.0,3144.0,139.0,1414.0,,1712.0,3895.0,2436.0,,3850.0,1323.0,2687.0
62.0,375.0,163.0,1868.0,2124.0,1999.0,,2664.0,3595.0,871.0,1396.0,558.0,2173.0,114.0,2955.0,1649.0,1019.0,,2672.0,40.0,3152.0,,1698.0,2939.0,1493.0
3381.0,2572.0,2026.0,2669.0,76.0,3094.0,,2089.0,1385.0,350.0,1188.0,909.0,2102.0,2964.0,3424.0,1524.0,3783.0,,138.0,2662.0,2649.0,,1671.0,875.0,3448.0
1585.0,1395.0,1053.0,3348.0,788.0,3421.0,,975.0,2089.0,2699.0,2951.0,1738.0,5.0,2009.0,3320.0,1304.0,1582.0,,666.0,3169.0,3326.0,,2394.0,2806.0,1837.0
1916.0,2387.0,279.0,903.0,3517.0,403.0,,512.0,2368.0,3473.0,2528.0,305.0,2802.0,2807.0,1362.0,711.0,289.0,,303.0,518.0,175.0,,209.0,1016.0,2352.0
1980.0,62.0,1386.0,2527.0,1679.0,3374.0,,369.0,3334.0,2398.0,713.0,962.0,2916.0,436.0,959.0,2987.0,1023.0,,764.0,3609.0,106.0,,1448.0,3408.0,3526.0
3215.0,2470.0,2197.0,2533.0,1662.0,492.0,,2670.0,1524.0,3899.0,3869.0,2186.0,3554.0,988.0,2586.0,1713.0,293.0,,2544.0,2020.0,3791.0,,672.0,3346.0,442.0
2743.0,1462.0,1177.0,482.0,1445.0,2120.0,,3907.0,226.0,953.0,2586.0,734.0,1619.0,3097.0,1918.0,2824.0,59.0,,3191.0,3618.0,745.0,,2889.0,406.0,1072.0
129.0,894.0,1048.0,2325.0,3297.0,3863.0,,853.0,390.0,2611.0,3141.0,12.0,2995.0,549.0,1775.0,1777.0,2973.0,,3770.0,1475.0,3789.0,,3905.0,3632.0,971.0
451.0,3114.0,2565.0,2521.0,3686.0,2660.0,,461.0,2274.0,2426.0,2180.0,3655.0,1679.0,2968.0,1441.0,1393.0,657.0,,1487.0,3429.0,2644.0,,3196.0,2396.0,708.0
1921.0,262.0,84.0,2298.0,3112.0,1348.0,,3894.0,2339.0,1693.0,2706.0,3848.0,2194.0,3730.0,1840.0,3886.0,2811.0,,2928.0,2319.0,3436.0,,2780.0,1700.0,1718.0
196.0,1696.0,1178.0,723.0,3557.0,3503.0,,3151.0,801.0,2313.0,3812.0,259.0,2925.0,579.0,3234.0,3677.0,3388.0,,2423.0,3502.0,3219.0,,2131.0,3581.0,2884.0
996.0,464.0,1574.0,708.0,1385.0,2618.0,,1013.0,3376.0,1596.0,2689.0,362.0,785.0,2890.0,3570.0,2908.0,1743.0,,3402.0,500.0,959.0,,2011.0,1026.0,3321.0
3052.0,3602.0,442.0,82.0,2194.0,3480.0,,2699.0,2967.0,817.0,748.0,1618.0,2556.0,66.0,1391.0,2874.0,3085.0,,2541.0,2378.0,123.0,,1300.0,2842.0,184.0
430.0,1109.0,3001.0,2289.0,3311.0,3743.0,,371.0,3482.0,1109.0,2995.0,473.0,1856.0,2610.0,390.0,3872.0,1201.0,,824.0,2224.0,1037.0,,1125.0,2200.0,16.0
2136.0,2797.0,1001.0,3354.0,3131.0,663.0,,1719.0,337.0,2278.0,3621.0,1469.0,3614.0,3618.0,3010.0,65.0,2349.0,,3149.0,1184.0,3610.0,,2654.0,2654.0,363.0
1177.0,2242.0,3703.0,1872.0,1081.0,1127.0,,2358.0,3663.0,3340.0,904.0,3387.0,3283.0,828.0,691.0,1596.0,1459.0,,1928.0,1678.0,1605.0,,1330.0,1512.0,2415.0
3158.0,2167.0,848.0,738.0,159.0,2198.0,,3229.0,286.0,2587.0,1399.0,3423.0,3502.0,1980.0,2086.0,514.0,1288.0,,986.0,2367.0,865.0,,2852.0,3413.0,3840.0
2366.0,2246.0,2457.0,1589.0,715.0,2057.0,,3356.0,3521.0,2091.0,2173.0,2476.0,2371.0,3308.0,314.0,1279.0,3865.0,,2653.0,1448.0,280.0,,1164.0,834.0,3195.0
2583.0,1664.0,1358.0,2004.0,3780.0,2861.0,,2029.0,1785.0,3007.0,2125.0,3840.0,1653.0,1020.0,2599.0,3259.0,3505.0,,1858.0,3142.0,467.0,,835.0,3675.0,60.0
902.0,1703.0,610.0,3385.0,3637.0,1302.0,,1452.0,3294.0,884.0,3101.0,369.0,3877.0,1942.0,2460.0,964.0,339.0,,1085.0,2088.0,3116.0,,275.0,1093.0,3221.0
3553.0,2770.0,2485.0,3242.0,2847.0,2952.0,,264.0,2006.0,2952.0,3619.0,3680.0,2632.0,2948.0,3660.0,1729.0,3744.0,,2134.0,773.0,1242.0,,2075.0,1666.0,479.0
1887.0,1765.0,207.0,367.0,1702.0,835.0,,2606.0,1846.0,188.0,64.0,2042.0,2711.0,1739.0,3093.0,3519.0,18.0,,3206.0,2983.0,3211.0,,3612.0,3620.0,429.0
1365.0,1589.0,936.0,3415.0,306.0,1613.0,,3148.0,1689.0,600.0,834.0,3177.0,687.0,236.0,410.0,3818.0,75.0,,2492.0,872.0,2519.0,,3828.0,2382.0,2019.0
1460.0,2112.0,3241.0,2339.0,2037.0,1801.0,,3763.0,2185.0,2255.0,3381.0,3828.0,3083.0,70.0,3212.0,2013.0,2617.0,,3211.0,913.0,3858.0,,2384.0,2294.0,785.0
610.0,3354.0,1470.0,2149.0,304.0,3765.0,,2771.0,749.0,1041.0,433.0,559.0,2997.0,3246.0,2314.0,3554.0,3195.0,,898.0,3076.0,2597.0,,1080.0,2896.0,1968.0
1679.0,1449.0,1227.0,1333.0,118.0,2894.0,,1064.0,3112.0,3765.0,892.0,94.0,2858.0,539.0,3004.0,2831.0,3546.0,,2855.0,2101.0,3571.0,,1741.0,2946.0,1727.0
2930.0,3057.0,3213.0,2967.0,3329.0,1771.0,,3559.0,3913.0,1131.0,3572.0,476.0,1821.0,1501.0,1820.0,1965.0,1629.0,,1323.0,3176.0,1880.0,,940.0,431.0,3598.0
2475.0,1474.0,2802.0,1627.0,2419.0,885.0,,1324.0,3617.0,427.0,1652.0,1585.0,639.0,1854.0,847.0,923.0,3081.0,,134.0,2028.0,3531.0,,2883.0,1977.0,952.0
3528.0,704.0,2058.0,1464.0,2671.0,2404.0,,1458.0,538.0,220.0,1784.0,828.0,1052.0,1997.0,3537.0,343.0,2934.0,,1376.0,2439.0,1402.0,,3145.0,242.0,2359.0
287.0,3163.0,964.0,567.0,1474.0,203.0,,2608.0,1208.0,1794.0,3650.0,3908.0,2554.0,3752.0,848.0,3034.0,2573.0,,2958.0,2778.0,199.0,,3592.0,932.0,3641.0
1747.0,3621.0,2800.0,2648.0,2865.0,204.0,,3035.0,814.0,3675.0,874.0,2705.0,3522.0,3098.0,2104.0,2023.0,89.0,,407.0,895.0,2312.0,,1896.0,1936.0,2246.0
3581.0,703.0,1474.0,2494.0,3147.0,333.0,,2329.0,3782.0,177.0,1112.0,2308.0,880.0,2281.0,2489.0,1656.0,2679.0,,1482.0,737.0,3241.0,,533.0,931.0,781.0
3537.0,3589.0,1267.0,3627.0,2285.0,3621.0,,2651.0,3592.0,3614.0,1017.0,3874.0,1671.0,1987.0,3312.0,563.0,3832.0,,920.0,1634.0,2230.0,,92.0,3030.0,82.0
2093.0,495.0,1408.0,3461.0,3532.0,1493.0,,615.0,1547.0,2337.0,3173.0,1741.0,3394.0,3340.0,1764.0,772.0,3856.0,,110.0,1819.0,2703.0,,2617.0,156.0,3621.0
1863.0,57.0,300.0,2079.0,3114.0,211.0,,2384.0,2443.0,1808.0,2489.0,376.0,2742.0,3691.0,3905.0,3791.0,632.0,,3714.0,2848.0,2013.0,,3703.0,3112.0,1931.0
3469.0,1482.0,651.0,2930.0,3451.0,1213.0,,2976.0,3421.0,3796.0,515.0,404.0,3176.0,1520.0,1560.0,2671.0,760.0,,638.0,1276.0,2310.0,,3211.0,2500.0,348.0
135.0,210.0,2612.0,3521.0,3342.0,905.0,,2213.0,236.0,1253.0,3781.0,1796.0,3257.0,1566.0,2750.0,1315.0,1925.0,,2062.0,687.0,1913.0,,3486.0,1934.0,684.0
3348.0,2062.0,406.0,1499.0,1968.0,3280.0,,3139.0,2450.0,3491.0,3691.0,3322.0,2851.0,3524.0,3856.0,2158.0,2398.0,,3286.0,3094.0,3860.0,,1717.0,1205.0,1870.0
812.0,3070.0,2260.0,1180.0,102.0,1197.0,,3791.0,638.0,1003.0,2466.0,3714.0,355.0,3378.0,2773.0,1733.0,192.0,,2737.0,2712.0,3449.0,,2470.0,3179.0,3504.0
1029.0,25.0,1243.0,517.0,2118.0,2747.0,,1476.0,2360.0,2986.0,1249.0,2516.0,317.0,1334.0,2094.0,2041.0,3009.0,,1679.0,3360.0,1688.0,,2488.0,2642.0,969.0
44.0,2984.0,2489.0,1253.0,1293.0,1667.0,,2035.0,3248.0,3620.0,1078.0,677.0,1550.0,285.0,3042.0,409.0,901.0,,2584.0,700.0,2643.0,,2012.0,2604.0,2745.0
3806.0,3440.0,1.0,2219.0,3008.0,1733.0,,1564.0,108.0,3247.0,857.0,1567.0,2434.0,2404.0,176.0,817.0,381.0,,1907.0,255.0,2292.0,,3556.0,2041.0,1405.0
3832.0,1007.0,2640.0,192.0,3121.0,248.0,,80.0,3862.0,1090.0,2326.0,2868.0,1161.0,202.0,2434.0,3521.0,3278.0,,2596.0,3477.0,3841.0,,1012.0,2106.0,1690.0
3733.0,978.0,2065.0,2224.0,420.0,2587.0,,2658.0,3574.0,824.0,2513.0,903.0,1738.0,1645.0,945.0,1103.0,3692.0,,1726.0,1245.0,2412.0,,1077.0,1502.0,2180.0
561.0,936.0,3855.0,508.0,2120.0,671.0,,737.0,2417.0,1863.0,3356.0,3544.0,2460.0,3258.0,2765.0,3730.0,3642.0,,2799.0,2165.0,3807.0,,58.0,430.0,786.0
2007.0,3738.0,2168.0,576.0,2388.0,3595.0,,489.0,868.0,3848.0,3354.0,99.0,2737.0,1443.0,1752.0,862.0,599.0,,1169.0,967.0,827.0,,116.0,3331.0,1056.0
478.0,1848.0,3775.0,453.0,3807.0,156.0,,3345.0,3292.0,2191.0,3591.0,3704.0,1859.0,2445.0,2028.0,2514.0,656.0,,2594.0,3710.0,1694.0,,1009.0,1668.0,2992.0
1636.0,3595.0,3177.0,414.0,190.0,3860.0,,1507.0,3201.0,2056.0,22.0,1483.0,2953.0,1455.0,3597.0,3629.0,1021.0,,3802.0,3313.0,1979.0,,114.0,1519.0,3544.0
3682.0,10.0,766.0,2167.0,2004.0,2362.0,,947.0,2689.0,2352.0,2404.0,1958.0,741.0,1932.0,1028.0,3215.0,2962.0,,1079.0,2008.0,1413.0,,3356.0,2043.0,695.0
1377.0,408.0,1834.0,3904.0,3490.0,2143.0,,256.0,115.0,200.0,3063.0,2164.0,2358.0,2743.0,2517.0,3401.0,1941.0,,2574.0,1701.0,3041.0,,41.0,3555.0,2955.0
408.0,3170.0,3184.0,3008.0,591.0,2462.0,,2241.0,586.0,627.0,3712.0,3757.0,539.0,2857.0,1280.0,1199.0,512.0,,2151.0,621.0,3652.0,,2321.0,3356.0,2704.0
1471.0,3906.0,1216.0,1008.0,3361.0,421.0,,26.0,950.0,2958.0,1087.0,732.0,1424.0,350.0,2494.0,1927.0,1446.0,,1402.0,868.0,1988.0,,479.0,2773.0,1753.0
3784.0,3264.0,2126.0,3601.0,470.0,2438.0,,166.0,776.0,3812.0,2140.0,2802.0,1448.0,1638.0,35.0,3911.0,625.0,,736.0,3123.0,2074.0,,3572.0,3747.0,665.0
2826.0,138.0,3195.0,1484.0,2102.0,538.0,,928.0,2851.0,330.0,3370.0,429.0,2214.0,3762.0,6.0,160.0,1581.0,,3899.0,2178.0,3567.0,,846.0,3763.0,808.0
220.0,871.0,1544.0,2416.0,615.0,2095.0,,1690.0,2971.0,2415.0,3827.0,2112.0,3016.0,347.0,368.0,735.0,3754.0,,2563.0,2609.0,2192.0,,1963.0,2108.0,394.0
1172.0,1844.0,3755.0,2299.0,2942.0,378.0,,207.0,3800.0,1127.0,2331.0,1839.0,3634.0,3827.0,544.0,3586.0,1107.0,,1058.0,3766.0,967.0,,1582.0,2624.0,263.0
41.0,123.0,2172.0,967.0,2404.0,369.0,,2679.0,1454.0,1022.0,2955.0,2459.0,3476.0,3610.0,2560.0,508.0,48.0,,3350.0,2499.0,442.0,,942.0,2826.0,477.0
1567.0,2805.0,1745.0,3620.0,3423.0,957.0,,193.0,3352.0,1419.0,3534.0,128.0,1141.0,3424.0,2756.0,1764.0,35.0,,3684.0,151.0,1677.0,,2699.0,1261.0,2448.0
2195.0,398.0,2304.0,2446.0,2887.0,1972.0,,233.0,2929.0,623.0,3504.0,919.0,1805.0,720.0,3916.0,1838.0,508.0,,2271.0,2387.0,723.0,,513.0,3464.0,3446.0
1045.0,2717.0,2015.0,2479.0,1139.0,3584.0,,1857.0,1410.0,326.0,2589.0,2163.0,751.0,1922.0,529.0,1446.0,3189.0,,2142.0,2944.0,1672.0,,3489.0,3778.0,1781.0
2062.0,1248.0,1672.0,1823.0,671.0,2344.0,,2485.0,1585.0,2840.0,3474.0,2027.0,2060.0,965.0,725.0,2154.0,2105.0,,3685.0,2522.0,3017.0,,67.0,3016.0,1920.0
3562.0,695.0,1933.0,2125.0,3199.0,1718.0,,1052.0,3819.0,2246.0,243.0,1552.0,3572.0,3743.0,592.0,1655.0,1665.0,,2169.0,3767.0,658.0,,2673.0,2840.0,1324.0
3899.0,2154.0,1098.0,2763.0,1733.0,508.0,,1153.0,3167.0,3264.0,853.0,1328.0,3250.0,2522.0,1645.0,685.0,371.0,,1750.0,3499.0,526.0,,2973.0,729.0,3783.0
2211.0,131.0,2459.0,422.0,1752.0,2976.0,,2300.0,34.0,3657.0,2999.0,1055.0,3722.0,210.0,1032.0,2315.0,687.0,,1229.0,1770.0,3157.0,,2703.0,1190.0,2586.0
1660.0,1048.0,2859.0,674.0,2579.0,3328.0,,2839.0,3658.0,770.0,1855.0,988.0,2727.0,792.0,3555.0,291.0,2701.0,,1926.0,776.0,870.0,,3369.0,3716.0,2629.0
722.0,3845.0,1214.0,2867.0,966.0,3678.0,,2327.0,121.0,1798.0,338.0,626.0,3013.0,2736.0,1664.0,2628.0,194.0,,1106.0,992.0,905.0,,225.0,330.0,1449.0
2171.0,2917.0,3602.0,3916.0,1907.0,1867.0,,2577.0,1394.0,3131.0,1133.0,2283.0,99.0,1927.0,1506.0,3281.0,3483.0,,1393.0,1643.0,649.0,,2368.0,3407.0,2633.0
2095.0,2832.0,745.0,3362.0,1291.0,2685.0,,3243.0,3916.0,1036.0,3202.0,1502.0,2113.0,669.0,3567.0,2902.0,1262.0,,1916.0,1546.0,3875.0,,540.0,1196.0,2698.0
2798.0,3534.0,3032.0,2477.0,1669.0,3826.0,,2882.0,9.0,2813.0,2536.0,3800.0,2454.0,270.0,2860.0,1139.0,904.0,,1396.0,3070.0,809.0,,3870.0,3234.0,2594.0
2024.0,2649.0,1627.0,239.0,2485.0,3915.0,,2270.0,2867.0,559.0,3174.0,3286.0,397.0,1183.0,2019.0,643.0,1885.0,,1380.0,3874.0,2023.0,,301.0,701.0,853.0
3445.0,304.0,330.0,2447.0,1072.0,750.0,,357.0,2002.0,1056.0,479.0,1283.0,363.0,3425.0,173.0,3725.0,1354.0,,1905.0,1897.0,2406.0,,2930.0,1027.0,2548.0
2356.0,3337.0,965.0,596.0,2889.0,1238.0,,3900.0,3320.0,583.0,1428.0,2747.0,879.0,1302.0,342.0,2490.0,2708.0,,3906.0,3797.0,3156.0,,2700.0,2467.0,2914.0
3906.0,763.0,34.0,3417.0,1943.0,18.0,,24.0,2915.0,428.0,1338.0,432.0,1813.0,2388.0,1831.0,2272.0,2500.0,,313.0,612.0,3319.0,,1599.0,1589.0,1682.0
719.0,3451.0,285.0,3130.0,2596.0,147.0,,330.0,1101.0,1474.0,2866.0,3318.0,2647.0,887.0,752.0,1075.0,3634.0,,3291.0,334.0,3075.0,,3414.0,2186.0,2127.0
926.0,2287.0,607.0,1733.0,2008.0,112.0,,1872.0,500.0,254.0,23.0,2122.0,1576.0,1326.0,2661.0,29.0,2296.0,,3105.0,3034.0,2418.0,,3111.0,2248.0,2993.0
2398.0,849.0,1892.0,2044.0,2087.0,3463.0,,1962.0,1501.0,2393.0,1958.0,3383.0,3908.0,1625.0,3277.0,159.0,1443.0,,53.0,1726.0,1653.0,,3586.0,3184.0,2382.0
2064.0,1627.0,1806.0,535.0,3190.0,1125.0,,2724.0,1764.0,2362.0,3798.0,2267.0,1119.0,3576.0,2456.0,1947.0,591.0,,2704.0,2412.0,3818.0,,2442.0,1164.0,1153.0
3417.0,3619.0,2703.0,2225.0,2843.0,1299.0,,1834.0,1135.0,676.0,1150.0,2563.0,1971.0,2195.0,1710.0,3476.0,3595.0,,3610.0,3159.0,507.0,,3699.0,2135.0,340.0
3439.0,2540.0,199.0,2749.0,1749.0,2563.0,,3170.0,1661.0,2810.0,3059.0,1213.0,347.0,1361.0,2503.0,559.0,139.0,,3117.0,3614.0,1335.0,,447.0,151.0,825.0
1342.0,2632.0,3406.0,3139.0,1711.0,41.0,,211.0,2042.0,2675.0,2562.0,2862.0,771.0,3176.0,2121.0,86.0,1824.0,,193.0,1331.0,2152.0,,3228.0,1428.0,3464.0
729.0,3202.0,603.0,1821.0,11.0,3382.0,,1210.0,2785.0,3217.0,3344.0,3130.0,3535.0,3811.0,2856.0,3840.0,110.0,,3393.0,1537.0,3526.0,,3834.0,3230.0,561.0
3227.0,1443.0,3328.0,1851.0,1364.0,2128.0,,2526.0,457.0,1406.0,1071.0,1845.0,866.0,3077.0,2941.0,2214.0,2197.0,,578.0,885.0,1888.0,,954.0,3022.0,3892.0
2150.0,3564.0,310.0,1250.0,2414.0,1136.0,,3868.0,2741.0,917.0,2374.0,2794.0,3231.0,3589.0,654.0,2322.0,3703.0,,3190.0,3816.0,3676.0,,2833.0,2911.0,1712.0
1486.0,535.0,733.0,3606.0,2963.0,453.0,,885.0,1222.0,3316.0,2524.0,3306.0,1629.0,2056.0,2958.0,2813.0,1228.0,,616.0,1730.0,2871.0,,3913.0,2790.0,2324.0
2373.0,2465.0,3552.0,2528.0,2593.0,2227.0,,1263.0,945.0,1652.0,3239.0,3691.0,1582.0,3327.0,2299.0,2622.0,1710.0,,2715.0,2994.0,1065.0,,2101.0,333.0,2230.0
2842.0,3844.0,1373.0,635.0,3414.0,3475.0,,2947.0,2964.0,3156.0,1201.0,478.0,2922.0,3282.0,2106.0,2615.0,950.0,,3043.0,613.0,1448.0,,3193.0,2626.0,1146.0
458.0,3775.0,797.0,2326.0,3640.0,1486.0,,3465.0,3098.0,3701.0,1070.0,3437.0,2558.0,3019.0,3248.0,2709.0,1688.0,,3553.0,3391.0,2123.0,,2658.0,1103.0,1438.0
1362.0,975.0,2647.0,3284.0,1589.0,651.0,,426.0,118.0,635.0,2050.0,2638.0,390.0,1605.0,2514.0,2544.0,3362.0,,3413.0,3365.0,2585.0,,957.0,2086.0,1206.0
2384.0,3252.0,1974.0,3337.0,2689.0,3891.0,,168.0,2679.0,785.0,3508.0,1062.0,1233.0,535.0,590.0,1886.0,964.0,,3210.0,642.0,3495.0,,155.0,88.0,2130.0
2611.0,1968.0,2581.0,2747.0,2802.0,3762.0,,533.0,2769.0,18.0,3444.0,3213.0,304.0,1409.0,2965.0,3780.0,3708.0,,2540.0,1580.0,1319.0,,506.0,2054.0,3117.0
461.0,3413.0,2888.0,2875.0,3476.0,900.0,,1135.0,1835.0,238.0,1186.0,10.0,2442.0,2936.0,2744.0,582.0,1036.0,,2176.0,1875.0,2833.0,,3898.0,204.0,3243.0
2760.0,3058.0,3436.0,2381.0,3080.0,3691.0,,2759.0,3436.0,2663.0,347.0,3123.0,1186.0,2414.0,3492.0,1367.0,3335.0,,930.0,1676.0,434.0,,2932.0,421.0,2365.0
1155.0,722.0,2194.0,3793.0,3761.0,2161.0,,3177.0,2923.0,2194.0,649.0,1677.0,3068.0,3810.0,1046.0,879.0,1243.0,,3659.0,2936.0,408.0,,3761.0,3035.0,3494.0
1930.0,1934.0,725.0,2652.0,548.0,1282.0,,2916.0,47.0,95.0,3409.0,3495.0,2467.0,406.0,502.0,1011.0,3111.0,,2229.0,2908.0,1110.0,,239.0,3785.0,3432.0
589.0,1191.0,1991.0,2077.0,799.0,1567.0,,3761.0,634.0,2737.0,2723.0,1987.0,2522.0,3563.0,1343.0,1849.0,2132.0,,3278.0,1250.0,2293.0,,550.0,771.0,3313.0
1390.0,751.0,629.0,3342.0,2115.0,1395.0,,572.0,3531.0,962.0,514.0,1563.0,3842.0,1883.0,2072.0,1984.0,1947.0,,1317.0,2146.0,803.0,,3831.0,518.0,509.0
2954.0,1810.0,1720.0,445.0,669.0,652.0,,2649.0,3244.0,1816.0,938.0,134.0,1338.0,2762.0,3233.0,2603.0,2557.0,,1495.0,3849.0,760.0,,1867.0,63.0,401.0
3257.0,786.0,2998.0,2380.0,3262.0,1415.0,,3372.0,614.0,2764.0,3713.0,2380.0,3368.0,2158.0,2229.0,1385.0,182.0,,2591.0,1952.0,1660.0,,2578.0,3544.0,2207.0
1503.0,1560.0,1461.0,3547.0,1464.0,3828.0,,3357.0,3170.0,509.0,3846.0,1301.0,845.0,3211.0,2896.0,2052.0,1105.0,,1460.0,708.0,279.0,,616.0,868.0,494.0
144.0,547.0,3599.0,644.0,565.0,382.0,,3641.0,2838.0,3240.0,3300.0,515.0,1721.0,536.0,584.0,1881.0,2143.0,,3615.0,1660.0,560.0,,2185.0,3017.0,254.0
1053.0,128.0,887.0,2791.0,3002.0,2813.0,,2522.0,489.0,2718.0,3142.0,3486.0,907.0,2654.0,1941.0,2266.0,1232.0,,2813.0,1099.0,2468.0,,420.0,1025.0,675.0
1232.0,1484.0,3075.0,613.0,1095.0,1281.0,,1760.0,2937.0,3207.0,1181.0,3492.0,3873.0,2354.0,2034.0,149.0,2760.0,,143.0,305.0,2805.0,,5.0,2647.0,3030.0
2679.0,1264.0,2355.0,3790.0,365.0,3010.0,,325.0,2787.0,3101.0,1480.0,1209.0,3088.0,3104.0,3214.0,1980.0,3511.0,,961.0,3734.0,1507.0,,3678.0,1361.0,2125.0
303.0,2610.0,854.0,293.0,1729.0,3619.0,,837.0,2590.0,2071.0,1366.0,147.0,137.0,2399.0,1920.0,599.0,3068.0,,1161.0,291.0,924.0,,2020.0,3196.0,2972.0
735.0,3739.0,555.0,2531.0,1292.0,2928.0,,664.0,2153.0,1302.0,2867.0,1878.0,1982.0,2059.0,1884.0,2989.0,503.0,,3048.0,2949.0,1497.0,,3819.0,577.0,1063.0
1483.0,1722.0,1639.0,1836.0,2178.0,2789.0,,372.0,2761.0,3834.0,912.0,197.0,1692.0,355.0,2222.0,1006.0,3013.0,,1980.0,2069.0,1339.0,,1764.0,1337.0,1525.0
30.0,1771.0,1101.0,2418.0,1441.0,1932.0,,1038.0,778.0,1776.0,3494.0,849.0,173.0,1572.0,478.0,1260.0,215.0,,1617.0,3796.0,438.0,,176.0,1926.0,2496.0
2241.0,3498.0,554.0,741.0,2076.0,721.0,,2178.0,934.0,1850.0,390.0,3242.0,1284.0,3697.0,3886.0,3816.0,2395.0,,3201.0,1673.0,3144.0,,1464.0,2299.0,284.0
1992.0,599.0,2597.0,2790.0,3852.0,537.0,,606.0,266.0,3415.0,462.0,1220.0,2316.0,2336.0,3208.0,2571.0,1011.0,,805.0,2606.0,2876.0,,3890.0,2098.0,2226.0
3475.0,461.0,3541.0,2272.0,1604.0,942.0,,3711.0,724.0,973.0,2463.0,2508.0,832.0,62.0,1124.0,940.0,386.0,,1560.0,3568.0,601.0,,532.0,3576.0,2861.0
2091.0,243.0,1706.0,1719.0,425.0,3219.0,,486.0,3364.0,193.0,3037.0,3002.0,1382.0,1266.0,1928.0,2405.0,1204.0,,160.0,912.0,3369.0,,3437.0,1771.0,507.0
2735.0,2496.0,2003.0,923.0,2896.0,331.0,,3546.0,2171.0,2939.0,3794.0,2081.0,2980.0,2266.0,2833.0,3787.0,333.0,,3909.0,473.0,1615.0,,2048.0,1116.0,2565.0
1080.0,492.0,1179.0,1338.0,3198.0,1755.0,,962.0,2156.0,3248.0,209.0,1559.0,754.0,3411.0,1482.0,2307.0,2616.0,,2032.0,631.0,2600.0,,3646.0,1945.0,2159.0
281.0,3688.0,931.0,2868.0,1515.0,1844.0,,2347.0,344.0,3130.0,1661.0,3555.0,1488.0,461.0,2798.0,2427.0,3302.0,,699.0,1509.0,2051.0,,3675.0,2408.0,844.0
2796.0,2914.0,152.0,1827.0,2024.0,3514.0,,323.0,2332.0,3855.0,2468.0,666.0,3711.0,3155.0,1746.0,2986.0,2465.0,,3438.0,1017.0,3274.0,,850.0,2288.0,361.0
3345.0,2111.0,2601.0,2859.0,2752.0,3596.0,,3589.0,3552.0,1670.0,564.0,1403.0,3754.0,3865.0,2654.0,2033.0,2482.0,,3255.0,288.0,2523.0,,1276.0,3597.0,2971.0
80.0,2487.0,1827.0,196.0,3885.0,1830.0,,37.0,1310.0,306.0,162.0,572.0,2213.0,2524.0,2845.0,3789.0,3018.0,,1868.0,1426.0,1547.0,,3326.0,1181.0,2949.0
2425.0,1643.0,1543.0,378.0,3716.0,3474.0,,2873.0,225.0,415.0,2298.0,2385.0,145.0,2081.0,3583.0,1598.0,2608.0,,2426.0,3472.0,133.0,,2655.0,3329.0,3065.0
1954.0,3351.0,1455.0,3804.0,3217.0,2173.0,,3329.0,818.0,872.0,895.0,2610.0,1459.0,308.0,1112.0,1488.0,276.0,,2983.0,758.0,2534.0,,3519.0,3241.0,2881.0
2777.0,1500.0,3408.0,3805.0,2753.0,2191.0,,3136.0,852.0,1748.0,1234.0,3598.0,3105.0,2169.0,892.0,2364.0,183.0,,2337.0,1832.0,2458.0,,142.0,3814.0,3443.0
1725.0,2883.0,2948.0,2982.0,758.0,1252.0,,2588.0,1736.0,120.0,281.0,2181.0,61.0,786.0,149.0,640.0,1405.0,,806.0,3821.0,2819.0,,3425.0,3347.0,3349.0
3310.0,151.0,353.0,3426.0,352.0,2935.0,,167.0,1160.0,84.0,2588.0,837.0,3907.0,3451.0,1137.0,3243.0,129.0,,2161.0,484.0,2050.0,,2351.0,2293.0,2793.0
2431.0,1757.0,74.0,2143.0,2012.0,25.0,,1721.0,3855.0,3088.0,1984.0,2995.0,2536.0,3078.0,1052.0,673.0,3569.0,,2503.0,546.0,140.0,,3714.0,2937.0,1818.0
603.0,1437.0,2734.0,2201.0,3555.0,2005.0,,1785.0,1325.0,1360.0,3255.0,2665.0,3473.0,146.0,331.0,1497.0,2606.0,,2385.0,1922.0,3812.0,,136.0,3754.0,2408.0
655.0,98.0,338.0,943.0,2648.0,1728.0,,2998.0,2220.0,3001.0,3574.0,2923.0,1767.0,2806.0,697.0,454.0,2797.0,,2513.0,65.0,2090.0,,1898.0,1055.0,3826.0
1474.0,434.0,272.0,1988.0,3233.0,2886.0,,1712.0,3400.0,3789.0,3532.0,996.0,3867.0,1578.0,3287.0,3541.0,567.0,,112.0,2090.0,611.0,,2154.0,371.0,2302.0
2447.0,3672.0,1102.0,2119.0,2488.0,2310.0,,3612.0,2383.0,1923.0,581.0,2393.0,2773.0,2082.0,1011.0,1592.0,479.0,,2552.0,1303.0,1331.0,,688.0,2545.0,1821.0
3254.0,866.0,3079.0,2841.0,2500.0,1846.0,,1590.0,3575.0,1499.0,576.0,1423.0,3426.0,983.0,940.0,592.0,1761.0,,3862.0,1480.0,2579.0,,1883.0,2689.0,2389.0
3206.0,2064.0,2350.0,86.0,2566.0,92.0,,2267.0,2836.0,2074.0,438.0,3158.0,1747.0,3547.0,1713.0,98.0,2436.0,,97.0,1274.0,474.0,,2809.0,2597.0,1616.0
1213.0,3004.0,850.0,3483.0,3404.0,3356.0,,1672.0,2256.0,932.0,2609.0,662.0,2394.0,229.0,1260.0,1994.0,2381.0,,3428.0,2350.0,1048.0,,2774.0,3855.0,1912.0
1285.0,3376.0,3303.0,184.0,905.0,239.0,,1896.0,3338.0,2991.0,2001.0,2991.0,216.0,2252.0,1346.0,2140.0,3892.0,,2147.0,472.0,1573.0,,274.0,1800.0,890.0
2711.0,3227.0,1718.0,2740.0,2345.0,1712.0,,3528.0,3019.0,1134.0,929.0,1723.0,3586.0,3348.0,2292.0,103.0,1146.0,,614.0,3240.0,1627.0,,3123.0,1379.0,1102.0
2737.0,3352.0,600.0,1130.0,3522.0,3359.0,,2099.0,155.0,3733.0,1446.0,1570.0,418.0,738.0,2849.0,2752.0,2794.0,,3698.0,3260.0,3561.0,,795.0,921.0,2139.0
2364.0,2272.0,1728.0,3396.0,192.0,2975.0,,1720.0,616.0,416.0,1273.0,1768.0,3202.0,3083.0,878.0,3689.0,2564.0,,3461.0,955.0,1784.0,,1376.0,3896.0,2628.0
1908.0,499.0,3430.0,670.0,1124.0,3184.0,,1026.0,3305.0,3590.0,2687.0,3671.0,2263.0,3047.0,3374.0,1322.0,114.0,,3721.0,296.0,42.0,,2165.0,1392.0,3066.0
2396.0,859.0,3414.0,2813.0,1969.0,1502.0,,2842.0,1170.0,1181.0,3777.0,1492.0,1831.0,824.0,3668.0,2309.0,3762.0,,649.0,1712.0,3741.0,,1399.0,1558.0,1032.0
2877.0,3828.0,1758.0,3524.0,785.0,2153.0,,3342.0,1925.0,1768.0,2718.0,1106.0,1005.0,179.0,1242.0,3072.0,3269.0,,1172.0,3232.0,1333.0,,2134.0,127.0,1669.0
3870.0,3331.0,2364.0,2327.0,3387.0,3209.0,,9.0,3310.0,3529.0,1005.0,2584.0,1655.0,2167.0,195.0,2865.0,3905.0,,2144.0,3914.0,2015.0,,1711.0,1383.0,1946.0
1719.0,2674.0,3575.0,218.0,3454.0,2569.0,,1141.0,2958.0,528.0,2992.0,992.0,2301.0,3469.0,3695.0,2934.0,1612.0,,1439.0,2988.0,7.0,,1521.0,3857.0,846.0
2114.0,1648.0,3189.0,89.0,866.0,286.0,,2832.0,2806.0,2197.0,3428.0,2320.0,3064.0,1252.0,1708.0,3604.0,2935.0,,90.0,2726.0,1026.0,,174.0,723.0,2792.0
1799.0,1775.0,3518.0,739.0,1917.0,201.0,,307.0,2394.0,628.0,2530.0,1373.0,656.0,1589.0,2748.0,3073.0,431.0,,2304.0,1084.0,3766.0,,1971.0,1408.0,1266.0
3629.0,3393.0,2282.0,2284.0,3524.0,1306.0,,3076.0,3464.0,1330.0,1905.0,2284.0,1399.0,2673.0,947.0,1648.0,2042.0,,1200.0,3296.0,1181.0,,608.0,2018.0,2362.0
3150.0,1691.0,715.0,2055.0,2841.0,1178.0,,519.0,1655.0,2175.0,2111.0,3164.0,876.0,1124.0,1465.0,1785.0,3230.0,,162.0,2424.0,3911.0,,526.0,3396.0,1262.0
3104.0,897.0,3520.0,431.0,2235.0,1793.0,,2195.0,1063.0,2520.0,452.0,3248.0,51.0,2559.0,79.0,231.0,2078.0,,497.0,2299.0,881.0,,1829.0,2818.0,1620.0
2441.0,2768.0,3368.0,2168.0,1174.0,3346.0,,2600.0,3130.0,1433.0,3773.0,2442.0,3229.0,2351.0,851.0,1311.0,1087.0,,324.0,698.0,877.0,,2551.0,2229.0,446.0
3016.0,517.0,422.0,602.0,2878.0,2623.0,,3738.0,3240.0,3836.0,3676.0,1621.0,2745.0,362.0,348.0,507.0,1854.0,,2081.0,1402.0,1775.0,,2730.0,3156.0,3784.0
2231.0,2422.0,1206.0,2069.0,274.0,1382.0,,3349.0,1567.0,1167.0,2457.0,3310.0,1556.0,1296.0,3015.0,220.0,0.0,,880.0,2250.0,2842.0,,3715.0,597.0,1531.0
2371.0,3133.0,1269.0,2254.0,446.0,311.0,,1185.0,3357.0,2723.0,3040.0,2804.0,2574.0,471.0,596.0,1179.0,3357.0,,199.0,1778.0,1538.0,,2757.0,581.0,1878.0
2978.0,2323.0,2922.0,1706.0,543.0,3654.0,,3024.0,3017.0,2619.0,175.0,594.0,3380.0,3270.0,2473.0,2421.0,3570.0,,368.0,271.0,1254.0,,1694.0,1406.0,2064.0
3715.0,1023.0,2793.0,3452.0,2836.0,3782.0,,2269.0,3140.0,875.0,2130.0,2311.0,49.0,1911.0,462.0,3643.0,2545.0,,1191.0,1889.0,823.0,,1414.0,3270.0,2432.0
948.0,3840.0,3585.0,2944.0,2613.0,2104.0,,2097.0,264.0,3034.0,3133.0,2381.0,732.0,341.0,817.0,948.0,3375.0,,2995.0,3378.0,1429.0,,2967.0,2768.0,2998.0
83.0,3175.0,622.0,255.0,333.0,399.0,,1092.0,3837.0,798.0,620.0,958.0,1460.0,3294.0,2780.0,653.0,60.0,,3219.0,2302.0,256.0,,3377.0,1497.0,2730.0
3685.0,3887.0,429.0,3889.0,359.0,1902.0,,3595.0,2182.0,769.0,2349.0,2319.0,3314.0,35.0,2359.0,1814.0,1329.0,,2364.0,430.0,3829.0,,849.0,1059.0,57.0
3019.0,3490.0,577.0,2089.0,3593.0,1412.0,,2668.0,3759.0,197.0,2580.0,2690.0,200.0,3816.0,893.0,3777.0,2068.0,,1388.0,3731.0,3584.0,,951.0,1077.0,1195.0
2970.0,1314.0,2989.0,3709.0,1505.0,1113.0,,90.0,463.0,717.0,3811.0,1097.0,1378.0,2977.0,380.0,2901.0,719.0,,1912.0,2189.0,2900.0,,385.0,3028.0,1002.0
2397.0,1819.0,361.0,1400.0,3403.0,665.0,,1070.0,3218.0,1536.0,271.0,80.0,3824.0,2914.0,3396.0,453.0,2352.0,,1471.0,846.0,4.0,,132.0,806.0,3520.0
3732.0,410.0,1553.0,2775.0,3418.0,3688.0,,3353.0,2989.0,890.0,1563.0,1332.0,2936.0,2215.0,2585.0,1895.0,3299.0,,3857.0,520.0,776.0,,362.0,2136.0,1744.0
3857.0,3214.0,1879.0,2336.0,403.0,1968.0,,2586.0,2038.0,3149.0,1473.0,1448.0,2697.0,3242.0,1365.0,3189.0,3669.0,,1097.0,2534.0,2386.0,,2120.0,3263.0,1043.0
3342.0,3629.0,1058.0,810.0,1201.0,3363.0,,1588.0,2953.0,2128.0,609.0,320.0,3429.0,3793.0,1119.0,58.0,404.0,,1754.0,3679.0,559.0,,1565.0,2890.0,830.0
1710.0,2543.0,3238.0,1019.0,2921.0,2168.0,,3070.0,2190.0,2514.0,1736.0,1641.0,3580.0,3553.0,681.0,1352.0,3539.0,,741.0,1932.0,3759.0,,3520.0,23.0,39.0
3394.0,1867.0,1511.0,2483.0,2960.0,2700.0,,2810.0,3089.0,3310.0,591.0,2699.0,662.0,1714.0,2926.0,2811.0,165.0,,3467.0,2563.0,2167.0,,1629.0,1014.0,1650.0
3781.0,3287.0,3119.0,3552.0,2736.0,1162.0,,1536.0,2193.0,21.0,2602.0,2554.0,267.0,1606.0,1475.0,973.0,564.0,,2656.0,2043.0,378.0,,2832.0,223.0,232.0
3875.0,3631.0,1595.0,2550.0,607.0,3422.0,,3713.0,3601.0,1358.0,3756.0,222.0,3400.0,593.0,3754.0,1898.0,2074.0,,1434.0,2253.0,1638.0,,500.0,3258.0,2797.0
3004.0,3771.0,2096.0,979.0,2329.0,285.0,,1126.0,2066.0,3341.0,1649.0,1099.0,518.0,3301.0,743.0,2162.0,2233.0,,3153.0,1078.0,3408.0,,926.0,3772.0,2908.0
2013.0,1082.0,1777.0,1535.0,2693.0,3637.0,,3667.0,325.0,3728.0,1055.0,2318.0,3433.0,1162.0,3578.0,1262.0,3498.0,,531.0,3862.0,664.0,,1477.0,235.0,1295.0
1566.0,3791.0,191.0,3313.0,1198.0,2484.0,,3847.0,1000.0,2284.0,2442.0,1222.0,1616.0,330.0,59.0,893.0,2491.0,,2015.0,134.0,1447.0,,1689.0,3824.0,1698.0
1135.0,3673.0,1786.0,930.0,116.0,380.0,,3603.0,32.0,172.0,1641.0,372.0,2565.0,687.0,504.0,2084.0,3231.0,,2650.0,3840.0,1695.0,,1113.0,1465.0,2502.0
775.0,3386.0,570.0,3823.0,3010.0,3615.0,,1971.0,3730.0,723.0,1392.0,1810.0,1585.0,559.0,2311.0,10.0,1782.0,,1655.0,2853.0,449.0,,1813.0,3582.0,1293.0
918.0,869.0,1623.0,3394.0,1683.0,465.0,,3880.0,1306.0,2470.0,3766.0,1709.0,1166.0,2111.0,1879.0,1397.0,3886.0,,2949.0,2965.0,3721.0,,1791.0,2432.0,2724.0
2235.0,2903.0,3597.0,3820.0,2970.0,1751.0,,1870.0,1196.0,1163.0,3529.0,324.0,3910.0,2710.0,101.0,2261.0,3232.0,,2757.0,1484.0,500.0,,2381.0,1507.0,3653.0
2595.0,2133.0,686.0,2956.0,263.0,3870.0,,3064.0,1522.0,2411.0,3891.0,1631.0,2938.0,1639.0,1870.0,2980.0,3377.0,,3360.0,201.0,2395.0,,1485.0,1642.0,2558.0
895.0,2364.0,2960.0,2185.0,16.0,3847.0,,91.0,1282.0,3699.0,1750.0,142.0,3151.0,1116.0,3430.0,3012.0,1075.0,,2190.0,1768.0,480.0,,2286.0,1791.0,630.0
2316.0,3628.0,1148.0,1694.0,767.0,1170.0,,1276.0,3585.0,527.0,659.0,1521.0,169.0,1098.0,2419.0,1469.0,1406.0,,215.0,274.0,258.0,,1767.0,420.0,819.0
1435.0,3894.0,2188.0,1339.0,3043.0,2593.0,,141.0,345.0,1997.0,3108.0,194.0,1620.0,2787.0,952.0,2144.0,2326.0,,1756.0,2469.0,3592.0,,2228.0,1300.0,493.0
2059.0,1102.0,1535.0,647.0,2069.0,1777.0,,84.0,2865.0,789.0,872.0,3603.0,3002.0,2879.0,850.0,2844.0,874.0,,3867.0,3166.0,2754.0,,1537.0,2150.0,1558.0
2774.0,1320.0,3596.0,3539.0,1539.0,795.0,,2005.0,1954.0,3738.0,1003.0,2434.0,3622.0,2796.0,2880.0,2268.0,157.0,,1618.0,1688.0,2257.0,,91.0,1003.0,3218.0
3221.0,2985.0,3629.0,1463.0,2751.0,2392.0,,2541.0,1076.0,3771.0,1240.0,2104.0,72.0,3361.0,2271.0,226.0,958.0,,906.0,904.0,296.0,,224.0,3613.0,2461.0
1410.0,2629.0,1539.0,1154.0,2359.0,1065.0,,2442.0,2675.0,1501.0,186.0,1358.0,189.0,991.0,667.0,654.0,2449.0,,972.0,417.0,1952.0,,1092.0,2142.0,951.0
1581.0,1545.0,1876.0,131.0,119.0,110.0,,761.0,2662.0,1544.0,101.0,2468.0,3122.0,3357.0,3649.0,2850.0,20.0,,1465.0,2886.0,857.0,,1969.0,670.0,3584.0
3071.0,1169.0,867.0,3641.0,1510.0,2470.0,,1179.0,1413.0,3280.0,1718.0,2263.0,761.0,1235.0,3211.0,999.0,2317.0,,2250.0,2157.0,1035.0,,3298.0,221.0,3712.0
1966.0,2749.0,3476.0,204.0,2088.0,2567.0,,779.0,3263.0,2592.0,1549.0,3406.0,795.0,2487.0,3243.0,2114.0,3415.0,,3178.0,3197.0,3581.0,,292.0,3872.0,1991.0
3285.0,771.0,2562.0,1867.0,1272.0,2343.0,,1207.0,2305.0,545.0,3835.0,1652.0,2665.0,1352.0,241.0,3406.0,835.0,,2095.0,1963.0,97.0,,838.0,1859.0,2435.0
2437.0,2573.0,1273.0,2592.0,2090.0,3651.0,,373.0,2723.0,2369.0,339.0,2879.0,2622.0,6.0,2557.0,1924.0,628.0,,1541.0,848.0,2552.0,,3287.0,841.0,1124.0
752.0,1726.0,2492.0,1192.0,2717.0,3497.0,,3856.0,3781.0,2494.0,3760.0,2305.0,3346.0,389.0,1807.0,2940.0,24.0,,1693.0,1390.0,2737.0,,3449.0,2616.0,3130.0
592.0,1639.0,1067.0,1251.0,717.0,1633.0,,3602.0,2230.0,1265.0,2358.0,2407.0,3546.0,2766.0,1890.0,2863.0,1214.0,,1231.0,1996.0,2973.0,,15.0,3657.0,1165.0
1837.0,2295.0,288.0,47.0,2658.0,1228.0,,756.0,3462.0,3244.0,3217.0,3215.0,338.0,871.0,2263.0,2932.0,2644.0,,2504.0,1618.0,1559.0,,30.0,1249.0,2418.0
1521.0,1680.0,372.0,417.0,3374.0,2862.0,,3610.0,2131.0,1886.0,353.0,2667.0,899.0,2992.0,1350.0,3205.0,3458.0,,1869.0,1603.0,3890.0,,3830.0,953.0,3017.0
11.0,2707.0,2248.0,2133.0,3049.0,3239.0,,3103.0,2026.0,1684.0,3343.0,418.0,2690.0,1026.0,1872.0,926.0,2635.0,,3444.0,2102.0,2405.0,,2562.0,825.0,608.0
804.0,3012.0,3248.0,1401.0,1277.0,2749.0,,988.0,3783.0,3693.0,3550.0,653.0,3392.0,1045.0,2931.0,2126.0,1730.0,,2864.0,1012.0,338.0,,1293.0,3696.0,3724.0
1127.0,2809.0,2343.0,1206.0,415.0,3569.0,,1365.0,627.0,1983.0,3304.0,480.0,999.0,3160.0,2884.0,2252.0,393.0,,1778.0,3793.0,751.0,,2408.0,2969.0,683.0
3856.0,553.0,1300.0,2609.0,3500.0,3083.0,,653.0,513.0,471.0,3257.0,3450.0,1943.0,769.0,621.0,1511.0,1496.0,,3864.0,603.0,2675.0,,1392.0,2534.0,1219.0
1929.0,402.0,1863.0,137.0,1727.0,2941.0,,2390.0,969.0,1320.0,955.0,3106.0,2277.0,2098.0,1035.0,3530.0,3793.0,,763.0,3632.0,1924.0,,3809.0,3658.0,3656.0
382.0,1322.0,2710.0,3306.0,1866.0,2363.0,,422.0,1039.0,589.0,2522.0,1170.0,3627.0,2793.0,2873.0,2067.0,2423.0,,2253.0,2210.0,2031.0,,134.0,2611.0,870.0
1839.0,2106.0,1592.0,3697.0,622.0,1152.0,,380.0,578.0,910.0,1147.0,2897.0,3909.0,3735.0,3326.0,1086.0,546.0,,371.0,2591.0,3118.0,,3458.0,2379.0,3109.0
980.0,1027.0,110.0,1420.0,572.0,570.0,,3572.0,359.0,807.0,3602.0,1702.0,764.0,56.0,447.0,3425.0,3303.0,,147.0,2552.0,249.0,,3821.0,1810.0,3703.0
2652.0,39.0,2419.0,3632.0,3420.0,3105.0,,591.0,2994.0,3436.0,1696.0,1183.0,3536.0,2721.0,428.0,1952.0,2092.0,,796.0,38.0,1928.0,,726.0,33.0,1069.0
1237.0,1758.0,3622.0,1531.0,1933.0,3441.0,,466.0,3179.0,1909.0,3784.0,3005.0,2148.0,2881.0,2368.0,405.0,3355.0,,1900.0,2542.0,328.0,,1188.0,3428.0,2720.0
1243.0,2185.0,1726.0,252.0,3683.0,1597.0,,3779.0,1244.0,2838.0,3450.0,2694.0,78.0,2255.0,1462.0,2699.0,3214.0,,3473.0,2810.0,3729.0,,376.0,2664.0,2590.0
2506.0,921.0,57.0,946.0,1919.0,2762.0,,2639.0,2419.0,2950.0,3611.0,1338.0,2970.0,3705.0,245.0,3363.0,2836.0,,2447.0,1254.0,3317.0,,2392.0,1764.0,2116.0
3391.0,1954.0,2487.0,2001.0,2828.0,1850.0,,1062.0,2950.0,1833.0,2348.0,2278.0,1524.0,2966.0,1128.0,2946.0,2537.0,,3486.0,2683.0,1238.0,,1819.0,1158.0,1861.0
2688.0,934.0,1797.0,797.0,3249.0,3492.0,,2031.0,2162.0,802.0,1467.0,942.0,514.0,2184.0,354.0,2018.0,1312.0,,2659.0,2741.0,845.0,,337.0,3442.0,117.0
2612.0,382.0,3312.0,961.0,587.0,2350.0,,702.0,399.0,1338.0,2259.0,2364.0,2014.0,2819.0,1257.0,101.0,3496.0,,1818.0,2523.0,3471.0,,3496.0,2103.0,2582.0
1469.0,2875.0,457.0,1713.0,287.0,3244.0,,2537.0,1883.0,2251.0,3825.0,718.0,2544.0,3910.0,2259.0,3076.0,1796.0,,825.0,2312.0,844.0,,3892.0,1056.0,1486.0
2564.0,2015.0,1893.0,429.0,223.0,3600.0,,3485.0,1918.0,1369.0,3822.0,1227.0,3402.0,1487.0,2684.0,258.0,2390.0,,2477.0,3896.0,3354.0,,1129.0,851.0,1776.0
189.0,3341.0,590.0,2831.0,2839.0,2426.0,,666.0,1611.0,609.0,1275.0,2957.0,1347.0,857.0,972.0,1214.0,936.0,,2308.0,3548.0,1885.0,,2921.0,2667.0,189.0
366.0,3424.0,1283.0,607.0,781.0,2582.0,,753.0,2644.0,965.0,3490.0,2178.0,954.0,2137.0,3021.0,1171.0,1211.0,,2732.0,3351.0,63.0,,1956.0,726.0,2599.0
1061.0,3797.0,1254.0,3159.0,367.0,336.0,,3085.0,2173.0,2771.0,3006.0,2833.0,1897.0,2587.0,1194.0,1962.0,3835.0,,3091.0,3847.0,2613.0,,2279.0,2696.0,2264.0
2322.0,2631.0,1811.0,729.0,375.0,1627.0,,637.0,64.0,920.0,2510.0,2212.0,3396.0,1210.0,2234.0,2768.0,2626.0,,2984.0,3571.0,445.0,,2283.0,2908.0,237.0
1816.0,1035.0,401.0,1699.0,2330.0,1058.0,,3454.0,517.0,2108.0,2720.0,3850.0,959.0,2557.0,223.0,2717.0,861.0,,3877.0,2535.0,1824.0,,1656.0,2179.0,2763.0
1353.0,3705.0,1378.0,588.0,3065.0,3199.0,,2325.0,2137.0,2001.0,3674.0,2514.0,734.0,3554.0,1333.0,1747.0,3647.0,,1095.0,2449.0,3760.0,,2045.0,1530.0,2073.0
3421.0,3519.0,2578.0,1110.0,2240.0,2576.0,,3057.0,3408.0,3636.0,1582.0,2977.0,2321.0,1537.0,2119.0,3684.0,2919.0,,1259.0,494.0,663.0,,464.0,1396.0,2478.0
1525.0,365.0,7.0,1095.0,2845.0,133.0,,3547.0,2102.0,857.0,190.0,1370.0,383.0,3334.0,1669.0,1158.0,3360.0,,3522.0,244.0,235.0,,583.0,3700.0,1157.0
3379.0,415.0,3179.0,3235.0,1251.0,604.0,,305.0,2505.0,542.0,2801.0,657.0,229.0,588.0,199.0,2541.0,2878.0,,896.0,766.0,954.0,,1874.0,1071.0,333.0
841.0,912.0,1810.0,3592.0,3197.0,1017.0,,899.0,3611.0,162.0,126.0,3254.0,3474.0,2598.0,2892.0,1905.0,2028.0,,2537.0,434.0,2143.0,,3885.0,3085.0,1693.0
678.0,2943.0,1885.0,2249.0,3322.0,2296.0,,2933.0,1816.0,1116.0,3736.0,2253.0,2232.0,1144.0,967.0,609.0,3255.0,,2677.0,2294.0,2759.0,,1275.0,563.0,651.0
1554.0,1886.0,2236.0,3846.0,969.0,3358.0,,3778.0,2770.0,2601.0,1095.0,506.0,3723.0,1111.0,2308.0,2474.0,1672.0,,1565.0,966.0,3289.0,,65.0,1201.0,647.0
125.0,1897.0,2761.0,1150.0,3645.0,2282.0,,2470.0,936.0,2834.0,1506.0,2934.0,707.0,716.0,3536.0,3264.0,3763.0,,182.0,585.0,3397.0,,3569.0,1136.0,1045.0
1400.0,1700.0,772.0,105.0,2640.0,626.0,,3406.0,468.0,3638.0,1763.0,978.0,2935.0,3726.0,2354.0,2131.0,2814.0,,66.0,2321.0,2800.0,,2021.0,3453.0,1944.0
1847.0,3734.0,1499.0,2596.0,2446.0,3542.0,,3338.0,780.0,1375.0,2067.0,3134.0,485.0,327.0,1289.0,2753.0,3133.0,,934.0,3651.0,3869.0,,96.0,3002.0,319.0
2037.0,1871.0,489.0,1319.0,2551.0,3360.0,,2818.0,974.0,1128.0,2982.0,1003.0,1150.0,4.0,3051.0,2838.0,586.0,,2637.0,524.0,3247.0,,2492.0,3160.0,3214.0
3196.0,1706.0,1286.0,937.0,612.0,3157.0,,3908.0,2791.0,3154.0,1097.0,2941.0,640.0,907.0,3323.0,175.0,1200.0,,2316.0,1419.0,3442.0,,2106.0,259.0,2880.0
453.0,488.0,320.0,1306.0,2779.0,1651.0,,668.0,1264.0,194.0,178.0,1816.0,163.0,3632.0,626.0,3203.0,1828.0,,2517.0,2950.0,2446.0,,2888.0,1393.0,3323.0
971.0,3729.0,1249.0,1957.0,842.0,373.0,,1630.0,618.0,2731.0,2984.0,1710.0,2691.0,2922.0,700.0,1974.0,2313.0,,2377.0,2746.0,1662.0,,3858.0,280.0,2097.0
3253.0,3836.0,794.0,2351.0,1532.0,2757.0,,784.0,497.0,3226.0,3838.0,1015.0,2096.0,3832.0,2925.0,690.0,2502.0,,2006.0,3377.0,1540.0,,3806.0,3777.0,3012.0
2924.0,2721.0,358.0,529.0,3146.0,1118.0,,375.0,256.0,2949.0,2696.0,2195.0,3275.0,1127.0,2175.0,2146.0,2207.0,,1697.0,222.0,699.0,,2203.0,1707.0,1511.0
445.0,2476.0,1173.0,3291.0,3288.0,2740.0,,3004.0,2634.0,1599.0,764.0,1300.0,1873.0,3149.0,1136.0,3835.0,1902.0,,1523.0,2948.0,1670.0,,2309.0,2295.0,2369.0
1559.0,2083.0,2462.0,285.0,2602.0,524.0,,2316.0,103.0,3778.0,3336.0,3643.0,2744.0,104.0,391.0,112.0,2516.0,,1927.0,2775.0,624.0,,3109.0,1175.0,852.0
158.0,1874.0,291.0,1769.0,1340.0,972.0,,1167.0,3226.0,407.0,1596.0,1425.0,502.0,468.0,699.0,1796.0,2580.0,,1873.0,1415.0,23.0,,321.0,3558.0,3342.0
1827.0,995.0,593.0,2915.0,414.0,915.0,,2931.0,2243.0,2899.0,808.0,2443.0,621.0,2039.0,593.0,2686.0,3682.0,,2265.0,1824.0,1215.0,,191.0,208.0,3650.0
3188.0,1187.0,3768.0,1795.0,3851.0,1166.0,,2.0,652.0,995.0,2816.0,387.0,2791.0,960.0,2185.0,3688.0,1641.0,,3053.0,3781.0,3787.0,,859.0,3185.0,864.0
2076.0,3483.0,3751.0,2156.0,3187.0,3718.0,,2682.0,472.0,1932.0,108.0,2098.0,1532.0,2666.0,3796.0,1495.0,2.0,,105.0,1605.0,450.0,,3476.0,1463.0,349.0
1884.0,3868.0,2676.0,221.0,2344.0,2650.0,,2208.0,2338.0,2049.0,1972.0,693.0,391.0,2717.0,1835.0,1269.0,1950.0,,3673.0,3760.0,2569.0,,2586.0,3399.0,3593.0
1052.0,930.0,3655.0,2229.0,2174.0,1997.0,,2334.0,1440.0,2557.0,2084.0,177.0,1337.0,247.0,7.0,190.0,159.0,,1252.0,162.0,2222.0,,1667.0,1917.0,721.0
959.0,364.0,1560.0,3733.0,2479.0,3392.0,,1378.0,2015.0,1572.0,1986.0,399.0,3428.0,1870.0,1326.0,984.0,3638.0,,2336.0,589.0,1595.0,,3510.0,2723.0,3181.0
2225.0,3835.0,3693.0,3318.0,2520.0,2905.0,,1049.0,1237.0,2023.0,1646.0,1836.0,1806.0,464.0,2984.0,285.0,2909.0,,3408.0,2281.0,657.0,,1920.0,285.0,2521.0
3597.0,3217.0,3072.0,207.0,2455.0,758.0,,2862.0,1646.0,1066.0,3909.0,3303.0,2247.0,271.0,2275.0,809.0,654.0,,588.0,1259.0,3189.0,,3034.0,2059.0,2796.0
2036.0,1577.0,68.0,3702.0,3166.0,162.0,,3463.0,3620.0,2449.0,617.0,2349.0,1892.0,1123.0,3605.0,3722.0,3240.0,,2624.0,468.0,2538.0,,475.0,3367.0,3223.0
1004.0,1329.0,732.0,3056.0,188.0,2243.0,,2529.0,744.0,2912.0,2072.0,3315.0,1877.0,3590.0,160.0,2799.0,3145.0,,3880.0,2346.0,1591.0,,2337.0,3462.0,344.0
2116.0,1083.0,3061.0,3099.0,3426.0,3166.0,,1145.0,637.0,1519.0,3836.0,2864.0,2474.0,2457.0,67.0,165.0,1455.0,,341.0,1911.0,775.0,,3880.0,2237.0,2278.0
1205.0,1153.0,2024.0,3358.0,861.0,737.0,,3666.0,2755.0,2562.0,1419.0,2558.0,605.0,2212.0,1341.0,2141.0,180.0,,232.0,1727.0,320.0,,3736.0,2849.0,2592.0
1709.0,836.0,2227.0,1304.0,3267.0,2648.0,,1172.0,1459.0,3179.0,2725.0,1966.0,1274.0,2705.0,1469.0,438.0,257.0,,2655.0,767.0,2528.0,,2512.0,1634.0,1252.0
1185.0,2642.0,3273.0,1437.0,3726.0,1256.0,,3741.0,2674.0,3006.0,527.0,3388.0,3271.0,1314.0,3499.0,1330.0,65.0,,795.0,1542.0,602.0,,253.0,616.0,2067.0
3547.0,2201.0,1521.0,1979.0,3292.0,3568.0,,2967.0,3822.0,668.0,1595.0,2742.0,2260.0,3341.0,74.0,1687.0,1481.0,,1223.0,1795.0,1100.0,,3130.0,2327.0,492.0
2430.0,3666.0,1039.0,2936.0,3748.0,870.0,,946.0,3439.0,3597.0,2432.0,739.0,1915.0,765.0,1643.0,2246.0,15.0,,953.0,3564.0,3698.0,,2645.0,2257.0,3426.0
308.0,124.0,750.0,1235.0,1042.0,254.0,,3777.0,1798.0,664.0,60.0,951.0,373.0,1628.0,508.0,3903.0,2586.0,,964.0,1683.0,770.0,,1440.0,3305.0,649.0
2516.0,3582.0,3338.0,3022.0,1427.0,3822.0,,1633.0,1943.0,1339.0,1515.0,1145.0,2713.0,3778.0,72.0,2910.0,302.0,,2345.0,523.0,2913.0,,474.0,882.0,1112.0
1707.0,2378.0,2627.0,1133.0,1021.0,2166.0,,1134.0,2730.0,2971.0,3118.0,2815.0,3511.0,3223.0,3301.0,3593.0,291.0,,1817.0,1945.0,3004.0,,144.0,1924.0,2542.0
473.0,2118.0,1311.0,2274.0,2916.0,3045.0,,3298.0,633.0,2250.0,2785.0,364.0,792.0,2163.0,2727.0,278.0,2733.0,,3046.0,1337.0,1611.0,,2908.0,262.0,3072.0
3764.0,3072.0,2251.0,2130.0,3638.0,2849.0,,1869.0,3523.0,1174.0,94.0,2616.0,1528.0,2420.0,3630.0,3613.0,1561.0,,2697.0,1926.0,66.0,,766.0,2712.0,222.0
311.0,1307.0,3385.0,3039.0,1826.0,360.0,,2954.0,3876.0,179.0,1235.0,1995.0,529.0,2428.0,3410.0,3018.0,1398.0,,3318.0,3784.0,2411.0,,3316.0,3371.0,3314.0
184.0,148.0,3070.0,1156.0,1134.0,949.0,,3407.0,1156.0,2711.0,1653.0,2648.0,118.0,1555.0,1718.0,3908.0,2331.0,,3264.0,2992.0,40.0,,2218.0,3609.0,3171.0
2915.0,2948.0,2553.0,1485.0,2375.0,361.0,,3191.0,1821.0,2043.0,77.0,317.0,235.0,1888.0,1497.0,304.0,795.0,,1025.0,2506.0,1522.0,,2918.0,3735.0,3156.0
1437.0,3145.0,1789.0,2764.0,520.0,3418.0,,1954.0,1734.0,1283.0,1462.0,3717.0,1077.0,2230.0,612.0,2679.0,2151.0,,3253.0,1728.0,1647.0,,1681.0,3094.0,2888.0
3024.0,3382.0,3422.0,3806.0,3911.0,3553.0,,1594.0,786.0,3389.0,2933.0,1725.0,281.0,1321.0,2539.0,166.0,1794.0,,31.0,1042.0,2636.0,,3573.0,183.0,3275.0
2990.0,1478.0,789.0,2616.0,1051.0,703.0,,3524.0,3647.0,3410.0,3100.0,2785.0,1199.0,1158.0,736.0,3902.0,1203.0,,1054.0,3721.0,1296.0,,1948.0,3743.0,643.0
1797.0,357.0,2990.0,1673.0,1031.0,1386.0,,348.0,3736.0,626.0,2615.0,1289.0,1627.0,1615.0,1699.0,722.0,1183.0,,2794.0,2366.0,3697.0,,3126.0,1199.0,1895.0
2588.0,2048.0,3244.0,3378.0,490.0,1260.0,,802.0,562.0,2205.0,643.0,2225.0,3690.0,3133.0,1837.0,1587.0,2820.0,,1463.0,1661.0,2457.0,,1806.0,227.0,59.0
2122.0,1721.0,528.0,420.0,137.0,2765.0,,1432.0,377.0,3116.0,1342.0,22.0,2790.0,2747.0,1374.0,1930.0,3636.0,,1807.0,3747.0,3169.0,,1075.0,3008.0,726.0
1273.0,3575.0,697.0,3619.0,1884.0,986.0,,3437.0,3081.0,3100.0,2486.0,363.0,3304.0,2353.0,2623.0,2732.0,310.0,,448.0,3785.0,3215.0,,1601.0,1829.0,2001.0
1178.0,3054.0,3765.0,1581.0,2077.0,2498.0,,964.0,2864.0,3783.0,2132.0,1602.0,2386.0,254.0,2729.0,855.0,3648.0,,2973.0,2907.0,1665.0,,2017.0,1351.0,1200.0
2035.0,2738.0,2967.0,3041.0,2457.0,3095.0,,1242.0,3915.0,235.0,585.0,2243.0,1497.0,1053.0,1153.0,3749.0,2989.0,,1982.0,3620.0,3332.0,,1239.0,3678.0,1810.0
555.0,1092.0,2677.0,2821.0,3360.0,597.0,,917.0,3279.0,1482.0,1732.0,40.0,87.0,2224.0,2590.0,3274.0,2118.0,,3477.0,1642.0,3675.0,,3861.0,1679.0,3872.0
3318.0,3306.0,2929.0,2040.0,95.0,2249.0,,2268.0,2920.0,2370.0,1459.0,3741.0,1423.0,958.0,441.0,3878.0,2590.0,,1179.0,3157.0,2365.0,,2718.0,2166.0,3765.0
2657.0,986.0,1450.0,956.0,153.0,1495.0,,2426.0,2902.0,3582.0,3680.0,2654.0,2775.0,1619.0,1446.0,1509.0,2817.0,,2812.0,452.0,3269.0,,157.0,1919.0,2337.0
1914.0,175.0,891.0,1965.0,3438.0,1271.0,,3501.0,395.0,553.0,3512.0,2403.0,3808.0,1323.0,832.0,1883.0,3376.0,,1714.0,2491.0,2785.0,,881.0,3177.0,2281.0
2407.0,2126.0,2901.0,1072.0,2153.0,3519.0,,3162.0,3013.0,1564.0,3139.0,3314.0,3893.0,3558.0,3878.0,460.0,1247.0,,3816.0,32.0,237.0,,3087.0,164.0,770.0
1888.0,2353.0,1233.0,407.0,1890.0,1099.0,,2653.0,2126.0,673.0,3162.0,1392.0,576.0,1096.0,1371.0,1944.0,2237.0,,1923.0,3504.0,350.0,,860.0,3500.0,1035.0
842.0,2750.0,3811.0,3534.0,23.0,3895.0,,45.0,2616.0,2597.0,2733.0,1801.0,966.0,3913.0,2474.0,151.0,1429.0,,2623.0,669.0,551.0,,952.0,1843.0,1739.0
734.0,182.0,356.0,2400.0,315.0,3170.0,,1786.0,248.0,655.0,1670.0,143.0,2741.0,83.0,565.0,1235.0,1670.0,,3410.0,2764.0,55.0,,824.0,3214.0,2616.0
3441.0,2480.0,2479.0,2679.0,2362.0,2995.0,,2273.0,794.0,2425.0,772.0,749.0,2566.0,2112.0,3359.0,2943.0,880.0,,2561.0,3132.0,2868.0,,405.0,2144.0,3107.0
2713.0,392.0,2701.0,2366.0,3742.0,3778.0,,1522.0,3296.0,3080.0,3072.0,3521.0,1996.0,2798.0,3558.0,1626.0,3201.0,,2389.0,3755.0,2904.0,,1547.0,796.0,1411.0
268.0,1336.0,1875.0,2507.0,1073.0,1631.0,,1481.0,1551.0,2608.0,1332.0,1380.0,1352.0,3544.0,514.0,759.0,1403.0,,2714.0,1612.0,2004.0,,1451.0,1377.0,2506.0
1812.0,3856.0,2673.0,2509.0,3516.0,2468.0,,719.0,425.0,2970.0,409.0,3532.0,417.0,2523.0,3562.0,2845.0,2772.0,,2702.0,549.0,2740.0,,3205.0,1498.0,1187.0
1467.0,396.0,3724.0,932.0,3838.0,3344.0,,2263.0,3321.0,3719.0,1429.0,1636.0,3166.0,2677.0,1025.0,705.0,842.0,,3660.0,544.0,3743.0,,2415.0,3276.0,702.0
1883.0,95.0,1624.0,1151.0,2955.0,99.0,,2093.0,109.0,1129.0,1050.0,2928.0,3644.0,2970.0,507.0,1556.0,638.0,,1062.0,3014.0,3005.0,,3089.0,198.0,2077.0
1292.0,2121.0,1198.0,502.0,777.0,3213.0,,1983.0,3899.0,2726.0,1754.0,2249.0,3459.0,1239.0,709.0,1735.0,2341.0,,2127.0,814.0,3772.0,,2213.0,3648.0,1135.0
3660.0,2560.0,1688.0,183.0,3609.0,3043.0,,1818.0,2841.0,3758.0,181.0,702.0,988.0,635.0,2218.0,535.0,2160.0,,2004.0,1396.0,3204.0,,1490.0,1145.0,3557.0
1690.0,3242.0,1987.0,3037.0,3309.0,2222.0,,2474.0,3031.0,3323.0,3350.0,1938.0,37.0,1482.0,1668.0,1512.0,3274.0,,1553.0,156.0,395.0,,1236.0,2829.0,1954.0
3709.0,779.0,952.0,2273.0,736.0,2261.0,,1780.0,1482.0,2748.0,998.0,685.0,2364.0,3293.0,1891.0,2675.0,3209.0,,2160.0,3656.0,1376.0,,2556.0,732.0,1241.0
3740.0,2982.0,2150.0,3608.0,1164.0,1974.0,,1808.0,1476.0,46.0,2118.0,1252.0,906.0,2172.0,727.0,1869.0,3826.0,,916.0,2407.0,2514.0,,923.0,3629.0,1849.0
2850.0,1948.0,2340.0,3541.0,1819.0,3081.0,,2281.0,3152.0,1556.0,44.0,1193.0,1819.0,2217.0,1069.0,3514.0,2182.0,,1574.0,114.0,2783.0,,3335.0,629.0,1923.0
1621.0,2046.0,3670.0,2071.0,2490.0,2094.0,,961.0,2598.0,131.0,2894.0,3804.0,893.0,101.0,454.0,621.0,3480.0,,2306.0,2740.0,998.0,,3536.0,341.0,425.0
2971.0,3754.0,2165.0,2580.0,2517.0,2555.0,,3679.0,1993.0,3910.0,1051.0,1756.0,688.0,484.0,1738.0,2282.0,3325.0,,1848.0,748.0,725.0,,2875.0,1947.0,677.0
3045.0,2774.0,916.0,1397.0,3034.0,2579.0,,2958.0,15.0,1569.0,869.0,272.0,3163.0,2506.0,3641.0,1640.0,750.0,,957.0,27.0,782.0,,677.0,570.0,1269.0
585.0,1068.0,3302.0,3367.0,2013.0,1879.0,,94.0,657.0,1673.0,1721.0,2041.0,3615.0,1248.0,430.0,524.0,1528.0,,3086.0,2897.0,2347.0,,3482.0,3344.0,3549.0
2665.0,1480.0,1481.0,3253.0,1829.0,276.0,,1389.0,3318.0,328.0,1557.0,770.0,531.0,68.0,3378.0,2402.0,2637.0,,1398.0,3130.0,3562.0,,3168.0,1316.0,3031.0
2128.0,1941.0,3334.0,578.0,2158.0,3461.0,,2894.0,927.0,3307.0,615.0,373.0,1549.0,1534.0,550.0,426.0,3737.0,,1774.0,1967.0,694.0,,372.0,653.0,2702.0
101.0,1634.0,2838.0,2990.0,206.0,3288.0,,2965.0,1254.0,3508.0,2747.0,3195.0,3677.0,1724.0,561.0,417.0,2588.0,,3631.0,3428.0,2321.0,,3555.0,578.0,2844.0
1159.0,468.0,2719.0,1970.0,431.0,3909.0,,261.0,735.0,454.0,2890.0,2345.0,1168.0,122.0,1572.0,3201.0,573.0,,3471.0,2689.0,660.0,,2766.0,139.0,1318.0
53.0,3670.0,119.0,3031.0,2172.0,1237.0,,1226.0,2452.0,2957.0,2908.0,1923.0,183.0,3144.0,2719.0,1358.0,2175.0,,3056.0,1179.0,3504.0,,1013.0,3773.0,2726.0
2055.0,1024.0,3486.0,3839.0,3424.0,32.0,,2277.0,1023.0,1354.0,2769.0,84.0,2888.0,1742.0,2044.0,2059.0,189.0,,873.0,1935.0,1046.0,,2866.0,2761.0,1786.0
2113.0,2004.0,893.0,1555.0,688.0,3845.0,,283.0,625.0,3401.0,3062.0,445.0,1375.0,2216.0,1951.0,2804.0,2578.0,,2621.0,3364.0,1211.0,,622.0,1536.0,2053.0
776.0,3728.0,1939.0,358.0,1595.0,3774.0,,1359.0,790.0,1641.0,822.0,1961.0,96.0,3900.0,548.0,3812.0,338.0,,150.0,689.0,1678.0,,3782.0,3339.0,336.0
566.0,3748.0,2748.0,2522.0,660.0,866.0,,2317.0,231.0,1211.0,2155.0,313.0,3822.0,3538.0,1887.0,1428.0,1933.0,,1091.0,952.0,1868.0,,2985.0,47.0,583.0
956.0,910.0,431.0,3104.0,3400.0,3404.0,,2748.0,1427.0,2052.0,2918.0,203.0,3471.0,1405.0,3740.0,1443.0,2332.0,,3882.0,322.0,3078.0,,352.0,122.0,1907.0
230.0,2278.0,2430.0,1579.0,1009.0,2991.0,,3159.0,2756.0,2677.0,688.0,3847.0,253.0,158.0,1696.0,3428.0,3838.0,,1157.0,71.0,2177.0,,2350.0,2618.0,3595.0
738.0,1086.0,379.0,2960.0,1800.0,657.0,,3253.0,1581.0,1661.0,3266.0,1336.0,134.0,3820.0,720.0,1095.0,3742.0,,1373.0,2968.0,1148.0,,1860.0,1098.0,1784.0
1630.0,569.0,3706.0,1049.0,2748.0,3156.0,,818.0,1258.0,2538.0,3791.0,2497.0,563.0,3613.0,251.0,1551.0,1054.0,,2636.0,1410.0,116.0,,47.0,3569.0,470.0
2610.0,1243.0,241.0,3163.0,3757.0,1945.0,,344.0,1070.0,2769.0,600.0,941.0,1407.0,1876.0,237.0,1851.0,1906.0,,537.0,3375.0,591.0,,611.0,1076.0,2049.0
2993.0,2117.0,1146.0,3712.0,2604.0,3714.0,,8.0,2993.0,44.0,1044.0,34.0,538.0,1410.0,2979.0,586.0,1491.0,,689.0,1328.0,3711.0,,2808.0,3807.0,2801.0
2761.0,2199.0,819.0,1543.0,321.0,1212.0,,3107.0,1350.0,2599.0,2249.0,2461.0,3643.0,1623.0,2566.0,218.0,78.0,,1130.0,2227.0,281.0,,450.0,2505.0,1281.0
2768.0,2758.0,2646.0,219.0,873.0,531.0,,3130.0,2061.0,809.0,96.0,2482.0,625.0,148.0,1359.0,3379.0,530.0,,3246.0,504.0,2596.0,,3104.0,966.0,3338.0
2906.0,1377.0,2547.0,2741.0,2480.0,1104.0,,48.0,2031.0,3408.0,1349.0,3833.0,2776.0,630.0,2006.0,275.0,155.0,,1598.0,2832.0,484.0,,2229.0,1075.0,1884.0
1100.0,1373.0,474.0,765.0,2198.0,2848.0,,1089.0,1328.0,3639.0,952.0,2925.0,1336.0,3114.0,1544.0,1887.0,1572.0,,1182.0,761.0,542.0,,680.0,2884.0,838.0
1643.0,1275.0,3352.0,3182.0,3421.0,3398.0,,2009.0,206.0,3083.0,1839.0,3625.0,1804.0,668.0,3546.0,3375.0,859.0,,335.0,1217.0,3030.0,,771.0,1753.0,2256.0
3431.0,634.0,652.0,3574.0,1652.0,3502.0,,1162.0,2111.0,3532.0,211.0,815.0,63.0,3369.0,2552.0,1892.0,1720.0,,2747.0,1049.0,3793.0,,1063.0,3697.0,2508.0
407.0,3456.0,3310.0,2387.0,1117.0,2945.0,,2575.0,717.0,3655.0,2864.0,466.0,88.0,321.0,3573.0,908.0,1323.0,,1784.0,623.0,247.0,,2482.0,2017.0,1253.0
2677.0,660.0,1411.0,3323.0,2065.0,19.0,,2822.0,3516.0,3327.0,664.0,555.0,2561.0,3770.0,2221.0,2713.0,2393.0,,3479.0,2769.0,2654.0,,858.0,301.0,186.0
847.0,3854.0,2671.0,949.0,2342.0,1701.0,,2601.0,922.0,1220.0,2617.0,3411.0,421.0,3606.0,2578.0,2722.0,121.0,,2057.0,1224.0,3779.0,,3286.0,3670.0,2722.0
780.0,306.0,1040.0,3320.0,3434.0,393.0,,1382.0,980.0,2955.0,2052.0,1886.0,3023.0,997.0,1515.0,3632.0,1441.0,,3905.0,1481.0,1177.0,,1954.0,2364.0,2441.0
2125.0,2596.0,737.0,1584.0,3117.0,3027.0,,14.0,2211.0,3103.0,2575.0,938.0,2921.0,3675.0,1181.0,697.0,2008.0,,29.0,2941.0,897.0,,1268.0,1830.0,3873.0
876.0,3810.0,3878.0,3544.0,742.0,1150.0,,3365.0,2289.0,3423.0,2621.0,434.0,1825.0,1878.0,903.0,2460.0,3155.0,,731.0,1531.0,3395.0,,1214.0,2321.0,581.0
3765.0,2745.0,586.0,2463.0,350.0,3633.0,,674.0,3613.0,691.0,302.0,3865.0,627.0,3716.0,1118.0,21.0,437.0,,140.0,1263.0,575.0,,2019.0,747.0,3810.0
1917.0,1139.0,748.0,719.0,952.0,1363.0,,1264.0,2512.0,3344.0,1247.0,2626.0,2212.0,3889.0,2894.0,85.0,621.0,,2155.0,3330.0,1064.0,,738.0,1891.0,1905.0
1340.0,2708.0,1479.0,2963.0,3185.0,690.0,,826.0,507.0,3893.0,356.0,3694.0,699.0,2659.0,2102.0,667.0,3057.0,,3345.0,2484.0,656.0,,401.0,59.0,1226.0
1329.0,3773.0,3834.0,2391.0,3014.0,1670.0,,3097.0,582.0,2616.0,1508.0,3855.0,1065.0,1316.0,2048.0,1140.0,1841.0,,3098.0,3189.0,2440.0,,1017.0,1034.0,826.0
3308.0,2861.0,1495.0,2899.0,1012.0,2746.0,,3143.0,128.0,3538.0,3867.0,2560.0,280.0,2498.0,3576.0,1318.0,2730.0,,3233.0,2780.0,430.0,,3317.0,2273.0,2426.0
1311.0,3338.0,883.0,127.0,3865.0,3605.0,,704.0,2984.0,323.0,2994.0,2005.0,1994.0,2730.0,628.0,2947.0,1250.0,,116.0,1949.0,3537.0,,3167.0,2102.0,1484.0
1097.0,2957.0,3220.0,3283.0,3398.0,1128.0,,590.0,2493.0,2654.0,1559.0,3906.0,1164.0,2417.0,120.0,3797.0,2290.0,,2319.0,2103.0,2049.0,,1751.0,3084.0,301.0
3383.0,2574.0,1007.0,1326.0,2776.0,170.0,,189.0,1826.0,2789.0,598.0,2510.0,3465.0,525.0,859.0,3294.0,1825.0,,1358.0,3880.0,1781.0,,2359.0,3884.0,3137.0
3723.0,2258.0,2548.0,6.0,2122.0,3721.0,,3062.0,2877.0,3843.0,2749.0,1449.0,3078.0,1231.0,455.0,3415.0,1450.0,,3568.0,1919.0,1041.0,,1538.0,3606.0,1254.0
2731.0,1079.0,1513.0,1024.0,3878.0,161.0,,3486.0,1256.0,3869.0,3398.0,1026.0,3437.0,3420.0,3574.0,3308.0,2877.0,,1266.0,1191.0,774.0,,70.0,1156.0,3624.0
3804.0,230.0,3.0,3089.0,199.0,3234.0,,3809.0,1281.0,529.0,3776.0,1022.0,1089.0,2284.0,2202.0,1768.0,1645.0,,2314.0,3749.0,1391.0,,326.0,2378.0,80.0
1981.0,2423.0,490.0,3723.0,834.0,814.0,,1159.0,2800.0,3542.0,3015.0,2698.0,2676.0,3883.0,1509.0,3747.0,3190.0,,1875.0,2096.0,3345.0,,3558.0,2057.0,1691.0
2103.0,3276.0,3039.0,2425.0,895.0,1288.0,,1180.0,645.0,1991.0,2871.0,308.0,3710.0,3798.0,1658.0,2270.0,1997.0,,937.0,2567.0,1127.0,,3868.0,2335.0,183.0
1070.0,1914.0,3769.0,2083.0,2287.0,2699.0,,2364.0,3612.0,1276.0,329.0,1608.0,673.0,1356.0,1026.0,2449.0,2682.0,,2372.0,86.0,3483.0,,338.0,2290.0,1070.0
1817.0,224.0,1771.0,1946.0,2386.0,1301.0,,2812.0,1912.0,2529.0,3839.0,479.0,1699.0,3531.0,3062.0,3516.0,1370.0,,3654.0,1362.0,2208.0,,3636.0,168.0,33.0
3050.0,479.0,314.0,3718.0,2384.0,2138.0,,3066.0,2779.0,1195.0,2274.0,184.0,1622.0,102.0,3877.0,2001.0,3778.0,,2194.0,2177.0,2330.0,,336.0,124.0,654.0
2931.0,2828.0,668.0,1175.0,1920.0,3011.0,,3821.0,2342.0,335.0,2910.0,1004.0,762.0,1601.0,97.0,1536.0,3490.0,,145.0,2324.0,810.0,,1617.0,1823.0,3024.0
493.0,1372.0,2338.0,3882.0,216.0,2782.0,,3752.0,1293.0,1623.0,3466.0,3295.0,362.0,3201.0,2918.0,2410.0,594.0,,511.0,2614.0,1213.0,,3816.0,3378.0,1407.0
760.0,1205.0,1890.0,1137.0,2336.0,461.0,,1887.0,2556.0,116.0,410.0,3121.0,2480.0,2464.0,2346.0,967.0,1334.0,,991.0,2547.0,3751.0,,3562.0,1369.0,1777.0
252.0,1571.0,1704.0,2263.0,83.0,1620.0,,599.0,1297.0,2162.0,3408.0,2053.0,710.0,2601.0,1992.0,1478.0,2570.0,,928.0,103.0,1116.0,,2030.0,1256.0,784.0
2920.0,1630.0,3163.0,894.0,2893.0,2619.0,,2001.0,715.0,3561.0,1363.0,1496.0,874.0,818.0,1166.0,2049.0,2660.0,,999.0,2029.0,1460.0,,88.0,113.0,3315.0
3529.0,432.0,1143.0,1649.0,3232.0,3368.0,,1754.0,2361.0,801.0,3219.0,3366.0,2044.0,1973.0,2388.0,3596.0,1556.0,,721.0,53.0,3265.0,,460.0,335.0,1085.0
1870.0,542.0,1096.0,3054.0,2215.0,1843.0,,609.0,1767.0,869.0,343.0,66.0,1179.0,2818.0,2184.0,1190.0,2350.0,,3878.0,2284.0,807.0,,3189.0,3178.0,2756.0
2904.0,3212.0,3262.0,1035.0,3318.0,3861.0,,505.0,2858.0,2210.0,454.0,2423.0,1513.0,399.0,3535.0,1238.0,2231.0,,3392.0,2668.0,289.0,,3028.0,2431.0,2182.0
2683.0,3562.0,939.0,1361.0,1577.0,2443.0,,3108.0,2789.0,963.0,2831.0,1808.0,2242.0,1184.0,965.0,2215.0,1532.0,,262.0,754.0,2104.0,,2553.0,3898.0,2238.0
2175.0,3415.0,3145.0,1781.0,2159.0,2136.0,,171.0,2004.0,2098.0,1496.0,918.0,1256.0,2540.0,834.0,3262.0,716.0,,2773.0,1252.0,2165.0,,2634.0,296.0,2015.0
2972.0,2333.0,1901.0,551.0,959.0,3439.0,,2291.0,1775.0,1647.0,493.0,1438.0,2284.0,1725.0,3868.0,374.0,1958.0,,2087.0,2967.0,2259.0,,62.0,240.0,1707.0
2957.0,3416.0,2799.0,970.0,2246.0,1523.0,,518.0,182.0,1943.0,2217.0,1451.0,2072.0,578.0,1082.0,683.0,3389.0,,1356.0,1543.0,28.0,,425.0,472.0,1755.0
204.0,887.0,3880.0,2088.0,2043.0,2809.0,,2229.0,1571.0,78.0,222.0,2161.0,3735.0,1175.0,40.0,3909.0,911.0,,2529.0,2600.0,2964.0,,3309.0,3252.0,3329.0
3559.0,3260.0,2949.0,2780.0,278.0,1664.0,,1138.0,1145.0,2396.0,3753.0,463.0,2291.0,166.0,1877.0,50.0,424.0,,532.0,3892.0,2507.0,,880.0,3502.0,739.0
3419.0,1095.0,1310.0,2604.0,124.0,931.0,,3865.0,3824.0,959.0,2006.0,117.0,3245.0,1284.0,3239.0,2692.0,3185.0,,1303.0,3900.0,3474.0,,2803.0,805.0,1623.0
3679.0,3700.0,1944.0,793.0,3336.0,2125.0,,1861.0,3052.0,136.0,3361.0,1091.0,3152.0,2186.0,3826.0,3870.0,270.0,,1119.0,3908.0,2853.0,,799.0,1049.0,1129.0
3163.0,2073.0,1473.0,3871.0,2191.0,3536.0,,2736.0,543.0,2770.0,1521.0,2046.0,2500.0,3040.0,2151.0,3544.0,3881.0,,2759.0,243.0,963.0,,2949.0,3689.0,2.0
1419.0,1845.0,2135.0,2485.0,1338.0,591.0,,616.0,2878.0,3046.0,3495.0,1572.0,3128.0,1205.0,3783.0,1697.0,992.0,,1998.0,2959.0,2718.0,,1852.0,2543.0,3095.0
3224.0,724.0,583.0,1001.0,111.0,322.0,,772.0,1664.0,2438.0,2455.0,526.0,3676.0,2594.0,826.0,359.0,1667.0,,3508.0,3879.0,627.0,,1040.0,793.0,1028.0
1099.0,3295.0,2129.0,3052.0,577.0,1002.0,,1883.0,3797.0,3852.0,3002.0,1852.0,2133.0,2244.0,404.0,2178.0,2359.0,,2988.0,2461.0,1401.0,,1814.0,1420.0,527.0
431.0,66.0,884.0,2948.0,1789.0,1318.0,,3839.0,3716.0,3746.0,780.0,1644.0,1870.0,297.0,1123.0,2710.0,1295.0,,892.0,634.0,2290.0,,3284.0,3737.0,1270.0
2836.0,2398.0,3131.0,484.0,1448.0,1480.0,,3600.0,700.0,2828.0,1526.0,1549.0,910.0,2471.0,2051.0,133.0,51.0,,2320.0,1838.0,1728.0,,3655.0,2442.0,3615.0
1998.0,3581.0,3904.0,794.0,354.0,3850.0,,835.0,3909.0,3792.0,3090.0,757.0,3740.0,1196.0,3853.0,411.0,2012.0,,405.0,3628.0,1194.0,,801.0,1248.0,3643.0
905.0,3909.0,2893.0,1600.0,860.0,2773.0,,2991.0,817.0,500.0,3427.0,781.0,2396.0,376.0,3880.0,3776.0,336.0,,2461.0,2119.0,3322.0,,2406.0,509.0,2820.0
1312.0,3208.0,403.0,3515.0,2550.0,1235.0,,3823.0,2743.0,855.0,978.0,606.0,3878.0,2669.0,3864.0,2502.0,1399.0,,1228.0,2163.0,72.0,,2571.0,159.0,1119.0
3491.0,1254.0,1762.0,2913.0,532.0,2042.0,,1498.0,1817.0,1420.0,2003.0,812.0,3705.0,1703.0,499.0,593.0,2439.0,,2104.0,746.0,277.0,,1182.0,71.0,2505.0
757.0,3493.0,646.0,2114.0,2166.0,3297.0,,2465.0,3872.0,1370.0,1627.0,1600.0,868.0,2916.0,3858.0,2128.0,3359.0,,419.0,9.0,1.0,,64.0,733.0,834.0
3511.0,275.0,980.0,648.0,1714.0,1585.0,,568.0,98.0,3282.0,2980.0,1382.0,3029.0,1014.0,372.0,2519.0,2421.0,,3090.0,2856.0,2731.0,,3261.0,2960.0,2340.0
183.0,3235.0,192.0,1423.0,3833.0,1790.0,,1976.0,1599.0,1343.0,1478.0,3396.0,651.0,603.0,3086.0,2601.0,1009.0,,3414.0,3032.0,2831.0,,1616.0,665.0,1065.0
113.0,2049.0,2059.0,473.0,128.0,2829.0,,3586.0,3173.0,2673.0,2792.0,2365.0,3708.0,3844.0,2621.0,600.0,1026.0,,2931.0,2524.0,2547.0,,169.0,372.0,2787.0
1594.0,2593.0,2630.0,1104.0,1972.0,15.0,,460.0,1513.0,2811.0,3226.0,642.0,2840.0,1902.0,497.0,3071.0,1637.0,,3655.0,2829.0,1136.0,,1810.0,1524.0,2379.0
756.0,758.0,3669.0,3438.0,3304.0,3456.0,,2360.0,3795.0,1790.0,3683.0,3042.0,261.0,1983.0,2352.0,2361.0,476.0,,127.0,2657.0,3194.0,,1100.0,3627.0,3061.0
3088.0,1431.0,2274.0,3446.0,1220.0,2270.0,,727.0,408.0,47.0,2892.0,780.0,652.0,2981.0,518.0,3035.0,3664.0,,3478.0,2663.0,3505.0,,3385.0,2595.0,2393.0
2605.0,3884.0,3141.0,403.0,1179.0,2476.0,,3706.0,1978.0,353.0,3481.0,2409.0,2083.0,2276.0,3712.0,3642.0,3122.0,,2226.0,1223.0,3230.0,,32.0,165.0,2597.0
1682.0,1557.0,3898.0,3339.0,1162.0,1375.0,,3648.0,2504.0,3779.0,793.0,1970.0,3011.0,3134.0,3373.0,1078.0,2203.0,,1583.0,3446.0,1956.0,,1257.0,1540.0,3128.0
535.0,604.0,659.0,2170.0,394.0,3222.0,,1931.0,1814.0,816.0,1796.0,186.0,1045.0,801.0,3228.0,49.0,3519.0,,1634.0,1785.0,3893.0,,651.0,97.0,2940.0
2453.0,3211.0,2169.0,2195.0,458.0,2878.0,,3844.0,465.0,2903.0,3626.0,3899.0,2374.0,2884.0,1265.0,1799.0,981.0,,1238.0,1117.0,685.0,,469.0,770.0,2403.0
3756.0,3903.0,327.0,752.0,2594.0,2646.0,,440.0,2540.0,1660.0,3293.0,325.0,1808.0,2664.0,950.0,919.0,837.0,,3665.0,1153.0,1715.0,,1189.0,1957.0,1658.0
990.0,271.0,2417.0,376.0,3496.0,3243.0,,3885.0,1963.0,3107.0,1771.0,2120.0,507.0,2797.0,3258.0,768.0,2283.0,,3011.0,3203.0,3545.0,,1718.0,3186.0,857.0
2138.0,602.0,720.0,149.0,1457.0,1649.0,,844.0,1550.0,2767.0,3297.0,3231.0,1258.0,2036.0,3350.0,1131.0,3012.0,,3836.0,1256.0,2747.0,,750.0,1959.0,1662.0
1711.0,808.0,612.0,597.0,2145.0,2786.0,,2777.0,1176.0,402.0,31.0,2509.0,1080.0,3264.0,2693.0,3576.0,3895.0,,2045.0,986.0,2640.0,,2610.0,913.0,3300.0
2809.0,954.0,713.0,2752.0,3296.0,3026.0,,934.0,3820.0,1940.0,3885.0,297.0,1850.0,3200.0,2361.0,1142.0,1048.0,,701.0,893.0,1518.0,,1483.0,907.0,706.0
317.0,1831.0,2031.0,792.0,2123.0,3627.0,,3127.0,1845.0,758.0,241.0,1210.0,2870.0,2588.0,3503.0,3400.0,30.0,,1296.0,2186.0,943.0,,1745.0,559.0,782.0
2403.0,2919.0,1815.0,486.0,1684.0,2767.0,,1278.0,1635.0,3421.0,1007.0,336.0,2845.0,3445.0,1678.0,3060.0,3893.0,,1190.0,711.0,2243.0,,2871.0,1260.0,1659.0
2156.0,1019.0,72.0,3075.0,610.0,2643.0,,810.0,1808.0,3333.0,2669.0,3054.0,3673.0,992.0,556.0,2551.0,489.0,,275.0,239.0,709.0,,1360.0,1127.0,72.0
1544.0,2555.0,1747.0,1032.0,1456.0,2723.0,,3419.0,3467.0,2185.0,3581.0,2127.0,1812.0,3006.0,3433.0,1456.0,1773.0,,1023.0,1794.0,148.0,,2961.0,2985.0,2913.0
1765.0,3839.0,1051.0,921.0,90.0,1081.0,,1208.0,1977.0,3361.0,139.0,1103.0,1151.0,795.0,3497.0,2159.0,934.0,,2414.0,1283.0,1081.0,,2204.0,3825.0,596.0
2412.0,164.0,2507.0,3051.0,534.0,2224.0,,1290.0,626.0,451.0,2752.0,691.0,3323.0,2371.0,1537.0,2203.0,117.0,,339.0,2375.0,2503.0,,1186.0,2579.0,3585.0
2130.0,76.0,2842.0,1003.0,2347.0,589.0,,320.0,2658.0,2051.0,2126.0,1090.0,3049.0,3656.0,3432.0,1464.0,343.0,,2294.0,543.0,2804.0,,3899.0,2400.0,953.0
1572.0,150.0,563.0,2820.0,3241.0,2130.0,,2351.0,871.0,1150.0,679.0,3505.0,3666.0,3124.0,1180.0,195.0,1935.0,,1538.0,475.0,180.0,,2452.0,1925.0,2773.0
718.0,761.0,2078.0,3517.0,3371.0,1018.0,,2318.0,3291.0,2920.0,1341.0,2542.0,1698.0,701.0,1203.0,1564.0,2379.0,,2754.0,1839.0,2217.0,,197.0,1682.0,1608.0
3734.0,1590.0,2624.0,2515.0,81.0,3057.0,,3499.0,986.0,3205.0,2375.0,3531.0,3897.0,3351.0,2470.0,2574.0,3759.0,,43.0,1312.0,2501.0,,3768.0,1397.0,2459.0
3108.0,2384.0,2130.0,1011.0,1987.0,1568.0,,2864.0,758.0,1314.0,456.0,562.0,1306.0,2155.0,1443.0,1384.0,27.0,,3605.0,3156.0,3503.0,,525.0,2866.0,51.0
2476.0,1334.0,1074.0,3045.0,3440.0,176.0,,1479.0,1867.0,2698.0,2786.0,210.0,269.0,299.0,1968.0,615.0,2222.0,,2764.0,364.0,2045.0,,2711.0,1084.0,2205.0
2354.0,16.0,667.0,707.0,3577.0,2099.0,,979.0,1619.0,271.0,2151.0,1286.0,1288.0,2786.0,914.0,2594.0,2498.0,,3057.0,1598.0,1902.0,,3804.0,1503.0,2392.0
706.0,953.0,1579.0,2026.0,3218.0,2696.0,,293.0,1028.0,2034.0,698.0,3050.0,3281.0,3021.0,2867.0,1946.0,2883.0,,2917.0,801.0,1430.0,,27.0,2001.0,2158.0
779.0,1201.0,2541.0,2917.0,1214.0,3883.0,,3637.0,3193.0,2739.0,2390.0,3246.0,3492.0,342.0,2054.0,3405.0,3467.0,,3232.0,3067.0,2249.0,,2901.0,688.0,1543.0
68.0,3089.0,143.0,1381.0,1600.0,700.0,,1419.0,3825.0,1313.0,731.0,875.0,1789.0,2990.0,2440.0,1554.0,1694.0,,3808.0,1408.0,3272.0,,585.0,1449.0,1588.0
2117.0,2794.0,1427.0,2656.0,3261.0,1994.0,,3393.0,3349.0,2209.0,3515.0,383.0,2769.0,3399.0,3434.0,1579.0,22.0,,2786.0,3526.0,3461.0,,2031.0,2876.0,34.0
2399.0,1261.0,78.0,3148.0,1056.0,3543.0,,2515.0,3028.0,3163.0,638.0,629.0,816.0,220.0,3844.0,1684.0,1795.0,,1729.0,2109.0,574.0,,509.0,2480.0,2966.0
799.0,2806.0,2982.0,1430.0,3149.0,821.0,,3279.0,3671.0,3522.0,3645.0,3222.0,20.0,714.0,1897.0,2526.0,551.0,,659.0,1020.0,1276.0,,418.0,3527.0,517.0
1937.0,1396.0,2259.0,2690.0,3749.0,545.0,,3327.0,220.0,1057.0,1804.0,2153.0,308.0,1771.0,2670.0,344.0,8.0,,1791.0,832.0,1878.0,,1466.0,2991.0,2328.0
909.0,42.0,3556.0,3061.0,1769.0,3448.0,,687.0,3053.0,2114.0,3560.0,965.0,1203.0,1164.0,618.0,1668.0,2005.0,,884.0,1532.0,860.0,,3223.0,2191.0,2901.0
3898.0,329.0,3642.0,907.0,694.0,2577.0,,1913.0,1794.0,1534.0,1856.0,1793.0,1188.0,2838.0,3904.0,1425.0,2721.0,,3385.0,2130.0,2681.0,,1724.0,2417.0,3532.0
1758.0,1516.0,48.0,3470.0,2406.0,693.0,,2937.0,1740.0,226.0,1993.0,1037.0,3120.0,3711.0,3091.0,2237.0,438.0,,3070.0,1791.0,846.0,,2029.0,534.0,2936.0
3466.0,2998.0,3739.0,2735.0,1170.0,1720.0,,2787.0,378.0,2489.0,3642.0,1112.0,1537.0,1133.0,1380.0,3422.0,477.0,,1288.0,3759.0,1232.0,,545.0,2213.0,1769.0
1010.0,3891.0,576.0,2370.0,148.0,553.0,,872.0,600.0,797.0,286.0,3715.0,164.0,441.0,912.0,442.0,1121.0,,2348.0,3239.0,2548.0,,591.0,1143.0,215.0
329.0,447.0,2391.0,68.0,1301.0,3432.0,,1025.0,2503.0,1720.0,3312.0,1324.0,2828.0,1137.0,389.0,2966.0,3410.0,,2201.0,146.0,689.0,,2520.0,1194.0,1080.0
2855.0,3792.0,3615.0,3582.0,2910.0,726.0,,3417.0,1568.0,2630.0,2341.0,441.0,1374.0,444.0,324.0,1189.0,1589.0,,2068.0,1578.0,916.0,,916.0,2164.0,636.0
2860.0,737.0,1658.0,1394.0,2950.0,2229.0,,3664.0,211.0,2200.0,3004.0,3905.0,2903.0,3231.0,312.0,3862.0,427.0,,466.0,2351.0,2888.0,,3037.0,3517.0,3252.0
1414.0,917.0,2713.0,2398.0,2271.0,906.0,,3794.0,1397.0,923.0,2591.0,2390.0,388.0,3783.0,844.0,122.0,3578.0,,2162.0,393.0,316.0,,3638.0,2899.0,3680.0
2217.0,819.0,3124.0,3290.0,909.0,3173.0,,1047.0,16.0,847.0,2370.0,2373.0,2389.0,3598.0,683.0,2475.0,3533.0,,2150.0,2485.0,1436.0,,966.0,2125.0,1521.0
2052.0,2212.0,947.0,856.0,3778.0,499.0,,1331.0,3798.0,2922.0,2049.0,205.0,84.0,2943.0,3370.0,2009.0,3654.0,,2324.0,1751.0,3379.0,,2056.0,1456.0,1409.0
223.0,3161.0,2209.0,436.0,1869.0,1881.0,,1591.0,3670.0,2997.0,79.0,2942.0,3198.0,324.0,1997.0,249.0,2628.0,,3169.0,2516.0,2903.0,,3706.0,1292.0,1479.0
1507.0,1748.0,1992.0,3826.0,3462.0,2922.0,,678.0,2625.0,64.0,2846.0,2047.0,3055.0,3366.0,2680.0,1307.0,825.0,,2464.0,280.0,2001.0,,3469.0,1514.0,272.0
3681.0,242.0,2051.0,456.0,3376.0,2713.0,,101.0,3838.0,1750.0,2392.0,1665.0,671.0,55.0,2960.0,3669.0,1953.0,,3185.0,3460.0,3894.0,,2438.0,2371.0,3453.0
838.0,3402.0,77.0,888.0,2295.0,1497.0,,2142.0,3191.0,1398.0,3617.0,3849.0,1131.0,69.0,1437.0,1744.0,2531.0,,1101.0,2935.0,1098.0,,2823.0,2630.0,1213.0
2907.0,1672.0,29.0,2056.0,269.0,603.0,,1615.0,193.0,3486.0,312.0,2884.0,934.0,3534.0,3304.0,1779.0,2802.0,,745.0,1275.0,953.0,,909.0,2776.0,170.0
3375.0,2069.0,2599.0,3069.0,3254.0,1853.0,,3314.0,3799.0,308.0,2396.0,1623.0,1589.0,600.0,1942.0,2534.0,639.0,,3037.0,3241.0,3256.0,,3194.0,2922.0,2737.0
3579.0,3683.0,933.0,322.0,2511.0,3017.0,,539.0,1823.0,1873.0,3190.0,3096.0,1753.0,920.0,1249.0,950.0,2787.0,,1391.0,3638.0,2935.0,,1217.0,1111.0,2823.0
1620.0,1585.0,1980.0,2758.0,3305.0,2832.0,,81.0,596.0,1094.0,2191.0,1896.0,153.0,597.0,26.0,1017.0,3680.0,,471.0,959.0,992.0,,2477.0,2834.0,3560.0
3063.0,2687.0,3661.0,189.0,2486.0,1061.0,,3007.0,505.0,1987.0,2637.0,496.0,3009.0,2636.0,2516.0,799.0,1695.0,,1239.0,831.0,98.0,,3542.0,938.0,3087.0
3460.0,2166.0,115.0,3745.0,3183.0,2236.0,,324.0,409.0,1891.0,2473.0,2527.0,454.0,2984.0,806.0,670.0,2013.0,,2571.0,1864.0,1807.0,,1749.0,951.0,114.0
1394.0,69.0,2478.0,1782.0,2708.0,3271.0,,1041.0,3834.0,3009.0,2501.0,3914.0,2220.0,44.0,695.0,708.0,679.0,,3409.0,366.0,3206.0,,3163.0,1275.0,3857.0
3033.0,721.0,1724.0,3203.0,570.0,2067.0,,3716.0,1509.0,2011.0,129.0,2149.0,3757.0,2391.0,2264.0,1219.0,2070.0,,1797.0,1514.0,688.0,,2899.0,3752.0,358.0
2946.0,3583.0,231.0,3136.0,719.0,1171.0,,846.0,442.0,2872.0,2295.0,2232.0,1898.0,3173.0,344.0,72.0,1657.0,,2967.0,1563.0,886.0,,156.0,1653.0,2826.0
2182.0,878.0,712.0,571.0,2554.0,2966.0,,2167.0,2080.0,375.0,280.0,3071.0,715.0,869.0,1312.0,0.0,2680.0,,3611.0,3611.0,489.0,,2071.0,1692.0,3169.0
3303.0,2238.0,284.0,3361.0,2697.0,1609.0,,1357.0,2300.0,33.0,3246.0,2783.0,1673.0,1831.0,2406.0,3145.0,200.0,,1524.0,1652.0,272.0,,1777.0,1322.0,3709.0
1578.0,2680.0,2962.0,3255.0,947.0,1784.0,,526.0,3200.0,1165.0,1091.0,1824.0,2768.0,1033.0,3724.0,62.0,1726.0,,2371.0,2723.0,1634.0,,652.0,1215.0,1120.0
1645.0,2316.0,3229.0,3049.0,2944.0,1824.0,,2801.0,3713.0,864.0,1695.0,2881.0,2967.0,1901.0,3316.0,2662.0,845.0,,2675.0,254.0,1764.0,,2813.0,776.0,1245.0
3724.0,3633.0,741.0,954.0,1011.0,2833.0,,855.0,531.0,2069.0,138.0,285.0,159.0,1393.0,2365.0,1525.0,3265.0,,2207.0,1927.0,3903.0,,3781.0,3381.0,723.0
2951.0,3403.0,803.0,652.0,849.0,3042.0,,2480.0,2582.0,2348.0,431.0,2331.0,157.0,3830.0,1780.0,981.0,3488.0,,840.0,3309.0,2205.0,,3103.0,2980.0,639.0
1959.0,1536.0,1529.0,43.0,627.0,2883.0,,1984.0,2112.0,1749.0,408.0,1420.0,3814.0,1364.0,5.0,1727.0,2895.0,,2797.0,2510.0,1992.0,,1795.0,2772.0,922.0
1900.0,530.0,254.0,282.0,2804.0,3231.0,,68.0,985.0,3596.0,947.0,3312.0,2753.0,244.0,2448.0,1978.0,501.0,,1355.0,1972.0,3142.0,,2314.0,831.0,646.0
219.0,3911.0,2070.0,3376.0,937.0,1661.0,,1606.0,3640.0,3119.0,1788.0,3182.0,1557.0,120.0,1360.0,2200.0,1912.0,,3282.0,315.0,3054.0,,3133.0,3841.0,89.0
1705.0,2486.0,225.0,98.0,3194.0,1979.0,,349.0,2952.0,3371.0,3557.0,1595.0,1055.0,581.0,809.0,474.0,518.0,,2776.0,3792.0,1693.0,,2885.0,3483.0,1008.0
1814.0,263.0,1440.0,2962.0,1388.0,121.0,,495.0,1496.0,3166.0,584.0,2421.0,483.0,1910.0,2283.0,729.0,1931.0,,2149.0,793.0,2671.0,,3096.0,3292.0,3620.0
3077.0,1956.0,1861.0,1396.0,353.0,79.0,,3199.0,516.0,2783.0,435.0,2118.0,2878.0,2412.0,3297.0,3433.0,1371.0,,628.0,1146.0,1898.0,,1664.0,3434.0,850.0
675.0,2030.0,1443.0,2097.0,2715.0,1760.0,,3914.0,2844.0,3717.0,3228.0,261.0,757.0,854.0,2747.0,2798.0,1575.0,,86.0,165.0,2925.0,,980.0,558.0,2134.0
474.0,3182.0,832.0,3193.0,604.0,2544.0,,1639.0,3808.0,1842.0,2169.0,2077.0,2976.0,2997.0,3355.0,3055.0,1653.0,,1099.0,2399.0,2739.0,,2707.0,2867.0,2202.0
2271.0,689.0,3570.0,3912.0,3567.0,1071.0,,2666.0,2349.0,822.0,141.0,3723.0,2226.0,3096.0,359.0,1251.0,906.0,,1338.0,2587.0,446.0,,812.0,1785.0,1303.0
2433.0,3201.0,631.0,3824.0,1874.0,2557.0,,2809.0,410.0,2763.0,1581.0,641.0,629.0,2277.0,2158.0,2351.0,131.0,,2085.0,257.0,2825.0,,3774.0,2839.0,3578.0
2647.0,337.0,3885.0,3832.0,3903.0,501.0,,1699.0,1651.0,3535.0,2333.0,2242.0,839.0,567.0,2901.0,1261.0,3688.0,,606.0,3050.0,3468.0,,2270.0,2113.0,766.0
800.0,2043.0,394.0,1857.0,1584.0,3020.0,,2066.0,2549.0,2998.0,1002.0,1770.0,1002.0,3189.0,1906.0,938.0,1180.0,,4.0,2175.0,100.0,,2729.0,3881.0,2149.0
667.0,496.0,566.0,3299.0,2745.0,777.0,,546.0,2837.0,3755.0,2135.0,536.0,3223.0,427.0,3135.0,2003.0,1465.0,,3024.0,3198.0,2109.0,,3802.0,737.0,1538.0
1341.0,2176.0,2840.0,2134.0,2260.0,3646.0,,2918.0,3682.0,305.0,1876.0,2220.0,2217.0,1434.0,1765.0,2385.0,3396.0,,16.0,2527.0,2726.0,,594.0,1149.0,3614.0
1482.0,101.0,678.0,1393.0,558.0,1961.0,,265.0,3298.0,1669.0,1320.0,1586.0,409.0,2124.0,1102.0,3170.0,1666.0,,1289.0,609.0,1788.0,,994.0,402.0,1023.0
2277.0,401.0,724.0,3251.0,3772.0,2122.0,,2779.0,2739.0,935.0,1779.0,271.0,2516.0,870.0,51.0,3119.0,72.0,,1268.0,1501.0,3372.0,,3682.0,889.0,2569.0
2336.0,1715.0,3389.0,3754.0,2687.0,3058.0,,3404.0,3160.0,3483.0,1011.0,2781.0,2295.0,3142.0,3394.0,1745.0,2251.0,,3532.0,1249.0,533.0,,3400.0,2139.0,3717.0
813.0,267.0,1261.0,1950.0,368.0,898.0,,3082.0,2500.0,2260.0,290.0,3416.0,1945.0,3274.0,1795.0,1915.0,2923.0,,1409.0,716.0,2056.0,,2968.0,427.0,1422.0
867.0,1122.0,2225.0,605.0,2895.0,3249.0,,379.0,697.0,1640.0,2835.0,3046.0,2721.0,624.0,3103.0,2972.0,2524.0,,851.0,1432.0,568.0,,1712.0,3255.0,1022.0
1016.0,3912.0,1725.0,81.0,3497.0,2573.0,,876.0,502.0,3754.0,2018.0,1134.0,2114.0,1541.0,868.0,1760.0,2950.0,,280.0,2269.0,2044.0,,3164.0,537.0,3266.0
1627.0,1611.0,973.0,3416.0,38.0,2821.0,,2609.0,2281.0,861.0,3499.0,1302.0,848.0,2683.0,243.0,987.0,1918.0,,417.0,2368.0,1610.0,,2182.0,2797.0,2289.0
2097.0,1912.0,2709.0,2022.0,56.0,3135.0,,2255.0,2380.0,1928.0,1482.0,3783.0,2584.0,570.0,1576.0,748.0,2643.0,,723.0,3565.0,1838.0,,2768.0,744.0,3339.0
3452.0,3804.0,289.0,3000.0,995.0,3755.0,,2861.0,2655.0,2495.0,234.0,1187.0,722.0,1592.0,382.0,725.0,1226.0,,784.0,2768.0,294.0,,2487.0,1247.0,955.0
2498.0,3353.0,1045.0,369.0,87.0,330.0,,1004.0,2521.0,57.0,2264.0,2850.0,2709.0,3042.0,2219.0,2596.0,455.0,,3740.0,390.0,3460.0,,2315.0,3676.0,2390.0
2025.0,3450.0,558.0,3260.0,1623.0,812.0,,3239.0,3815.0,678.0,2667.0,1592.0,2757.0,2909.0,2775.0,56.0,697.0,,311.0,3031.0,2713.0,,381.0,3782.0,958.0
834.0,2468.0,2744.0,2177.0,750.0,1217.0,,2413.0,82.0,1506.0,510.0,1180.0,2422.0,3185.0,2519.0,1788.0,3072.0,,342.0,341.0,1195.0,,2083.0,2292.0,3770.0
328.0,32.0,2257.0,2879.0,510.0,225.0,,2924.0,2248.0,1335.0,3786.0,928.0,224.0,3807.0,1520.0,3524.0,1140.0,,287.0,3327.0,628.0,,2947.0,393.0,1322.0
819.0,3455.0,248.0,788.0,268.0,1140.0,,3058.0,1751.0,3502.0,3859.0,3365.0,1113.0,3254.0,1761.0,2425.0,1826.0,,495.0,3848.0,2992.0,,2865.0,2226.0,2772.0
2810.0,1957.0,2305.0,332.0,1435.0,444.0,,70.0,1446.0,2674.0,3153.0,1881.0,1561.0,2364.0,3812.0,2056.0,1424.0,,1235.0,284.0,2822.0,,1443.0,3250.0,2692.0
2811.0,1164.0,3280.0,2871.0,3209.0,1436.0,,2150.0,672.0,3092.0,1098.0,1256.0,2640.0,2754.0,1342.0,1867.0,2518.0,,1787.0,2264.0,1022.0,,123.0,2298.0,1865.0
2630.0,2587.0,2205.0,2688.0,871.0,3193.0,,2899.0,2673.0,1403.0,3507.0,868.0,1720.0,493.0,332.0,1442.0,3568.0,,2356.0,2993.0,3717.0,,2979.0,2594.0,3033.0
746.0,806.0,1547.0,1444.0,1859.0,2763.0,,1991.0,856.0,3294.0,1607.0,1186.0,1120.0,107.0,1682.0,3082.0,2029.0,,1877.0,2900.0,1562.0,,452.0,3013.0,208.0
2321.0,2289.0,2368.0,2006.0,2438.0,1353.0,,3446.0,3042.0,1156.0,2214.0,2902.0,753.0,3305.0,3561.0,1803.0,3139.0,,2486.0,2434.0,2223.0,,1642.0,644.0,366.0
822.0,2753.0,2797.0,838.0,3484.0,1518.0,,833.0,1541.0,2861.0,2960.0,3674.0,2438.0,3738.0,108.0,1634.0,1887.0,,1861.0,324.0,2306.0,,748.0,2005.0,920.0
1850.0,196.0,252.0,763.0,3358.0,2637.0,,3635.0,3262.0,3394.0,1964.0,1795.0,1069.0,746.0,1276.0,2971.0,1913.0,,2801.0,3729.0,2398.0,,1821.0,3221.0,1915.0
1876.0,1501.0,538.0,1948.0,3738.0,686.0,,2551.0,1248.0,1293.0,825.0,2849.0,1546.0,2845.0,2422.0,2634.0,3226.0,,2291.0,2709.0,3448.0,,560.0,3637.0,1549.0
2239.0,1429.0,1698.0,1916.0,261.0,1758.0,,3197.0,3610.0,1016.0,2702.0,2718.0,3668.0,860.0,1621.0,3200.0,3250.0,,2531.0,1424.0,2706.0,,3234.0,1650.0,3755.0
3055.0,794.0,2877.0,945.0,704.0,1626.0,,1759.0,900.0,1379.0,1944.0,1999.0,723.0,913.0,2771.0,2931.0,405.0,,3181.0,427.0,3770.0,,3878.0,1649.0,2347.0
2862.0,1410.0,3022.0,878.0,1921.0,2383.0,,798.0,2727.0,3731.0,3880.0,1900.0,3180.0,3088.0,2852.0,306.0,3858.0,,1446.0,3652.0,3266.0,,2403.0,3199.0,1708.0
2109.0,2686.0,2762.0,1460.0,48.0,2739.0,,3608.0,1758.0,788.0,3540.0,1242.0,3256.0,1935.0,541.0,2355.0,3435.0,,2679.0,2151.0,768.0,,1586.0,894.0,3438.0
126.0,1223.0,582.0,3538.0,904.0,3532.0,,3261.0,1500.0,2794.0,3758.0,972.0,3583.0,3696.0,2806.0,1052.0,1333.0,,3827.0,488.0,2240.0,,3783.0,3565.0,1419.0
607.0,3643.0,1166.0,3004.0,1029.0,3291.0,,1034.0,1996.0,1815.0,3618.0,2885.0,2861.0,820.0,3743.0,2262.0,2065.0,,420.0,1174.0,422.0,,773.0,2892.0,3700.0
1522.0,3433.0,213.0,2450.0,2103.0,1043.0,,2145.0,305.0,3659.0,2025.0,2806.0,1064.0,1192.0,3791.0,1665.0,757.0,,2881.0,2729.0,1480.0,,3213.0,1963.0,99.0
705.0,1274.0,1445.0,1118.0,639.0,3289.0,,1694.0,3064.0,2243.0,3467.0,3626.0,2843.0,3707.0,3619.0,191.0,3707.0,,1961.0,178.0,152.0,,2448.0,1072.0,2137.0
1197.0,2889.0,485.0,877.0,3722.0,2395.0,,3268.0,2447.0,1962.0,1153.0,3668.0,3603.0,414.0,2193.0,556.0,3824.0,,3358.0,2402.0,1202.0,,2632.0,1412.0,32.0
3486.0,3772.0,1217.0,434.0,3558.0,1792.0,,3440.0,2095.0,1023.0,2000.0,224.0,1559.0,1848.0,2287.0,2755.0,629.0,,1799.0,1064.0,2669.0,,898.0,1467.0,2247.0
3462.0,2081.0,3031.0,2260.0,3422.0,1474.0,,2231.0,3301.0,1705.0,599.0,1705.0,936.0,2132.0,3048.0,2372.0,3701.0,,1893.0,3681.0,2359.0,,1109.0,556.0,849.0
599.0,1809.0,2723.0,201.0,1284.0,1044.0,,681.0,3371.0,2649.0,1787.0,2798.0,2576.0,3197.0,1633.0,1420.0,3478.0,,1335.0,3752.0,3761.0,,910.0,3520.0,2846.0
565.0,1892.0,146.0,2833.0,2371.0,448.0,,3334.0,935.0,3571.0,1971.0,1479.0,1586.0,3664.0,2065.0,329.0,3021.0,,2604.0,414.0,1999.0,,1594.0,3204.0,3071.0
2002.0,2886.0,12.0,1475.0,2029.0,3616.0,,1422.0,2122.0,2077.0,765.0,3605.0,896.0,460.0,3603.0,2952.0,396.0,,587.0,1389.0,2865.0,,1869.0,1769.0,3704.0
1557.0,5.0,3181.0,3869.0,2997.0,160.0,,2227.0,1046.0,778.0,3076.0,3469.0,3010.0,2107.0,909.0,3196.0,635.0,,752.0,2033.0,3534.0,,2638.0,756.0,3.0
3180.0,983.0,1410.0,3560.0,2476.0,3259.0,,3551.0,1923.0,1141.0,2069.0,2733.0,465.0,363.0,641.0,628.0,1765.0,,2110.0,3668.0,3297.0,,3685.0,239.0,3795.0
349.0,3780.0,2625.0,3266.0,3409.0,2984.0,,383.0,732.0,1124.0,1293.0,3112.0,3371.0,566.0,2671.0,3899.0,3.0,,434.0,1227.0,1985.0,,1552.0,379.0,1426.0
2977.0,2901.0,2107.0,1188.0,2492.0,442.0,,3032.0,3297.0,1864.0,1615.0,3132.0,917.0,2492.0,3818.0,875.0,2898.0,,3362.0,2839.0,3108.0,,1198.0,2156.0,586.0
2226.0,2825.0,3210.0,2482.0,196.0,1414.0,,1692.0,1085.0,839.0,997.0,1566.0,2142.0,1977.0,3420.0,2466.0,2158.0,,2382.0,3396.0,2705.0,,3289.0,2422.0,3285.0
1358.0,3379.0,308.0,3880.0,3668.0,3450.0,,1923.0,964.0,96.0,3247.0,3017.0,817.0,1216.0,1542.0,3856.0,223.0,,1140.0,1799.0,204.0,,46.0,14.0,3367.0
302.0,3189.0,925.0,1471.0,1601.0,3088.0,,3689.0,1526.0,1123.0,440.0,1718.0,1290.0,2987.0,3209.0,3202.0,3913.0,,3800.0,1635.0,982.0,,1166.0,145.0,2588.0
2681.0,139.0,2429.0,1569.0,1490.0,11.0,,338.0,3810.0,1582.0,1846.0,394.0,105.0,1329.0,3292.0,2687.0,3402.0,,553.0,3475.0,761.0,,566.0,384.0,877.0
3482.0,2298.0,1086.0,2779.0,3141.0,1692.0,,331.0,1151.0,3887.0,1872.0,1400.0,1115.0,288.0,1305.0,2663.0,3591.0,,1120.0,2554.0,671.0,,2129.0,2180.0,2611.0
207.0,1697.0,2474.0,2794.0,2443.0,2174.0,,145.0,49.0,449.0,2171.0,24.0,1680.0,144.0,2378.0,737.0,278.0,,2831.0,2457.0,132.0,,3606.0,1139.0,2115.0
2297.0,65.0,2073.0,3430.0,1381.0,96.0,,2634.0,3805.0,1900.0,903.0,2651.0,2784.0,2573.0,3033.0,3599.0,264.0,,492.0,2373.0,2170.0,,2358.0,2683.0,3753.0
3202.0,2894.0,3133.0,1599.0,308.0,1923.0,,1168.0,487.0,2315.0,3826.0,0.0,1638.0,561.0,3513.0,3564.0,3342.0,,650.0,889.0,2157.0,,2289.0,2940.0,3735.0
2651.0,1330.0,3574.0,3704.0,1383.0,169.0,,3128.0,1241.0,2624.0,391.0,51.0,1068.0,1424.0,2340.0,1933.0,3897.0,,2239.0,677.0,1584.0,,547.0,2865.0,3256.0
3205.0,2718.0,3168.0,2933.0,1494.0,850.0,,3780.0,2659.0,404.0,3121.0,2491.0,3153.0,936.0,2681.0,2254.0,1313.0,,438.0,1178.0,3784.0,,3175.0,3801.0,2245.0
3620.0,838.0,3822.0,3652.0,2034.0,1926.0,,1822.0,2344.0,1162.0,2429.0,2912.0,310.0,3120.0,1830.0,3828.0,3369.0,,3722.0,2666.0,3201.0,,2849.0,2568.0,3691.0
1296.0,2318.0,3510.0,353.0,1000.0,2837.0,,1209.0,1182.0,105.0,944.0,2998.0,2504.0,987.0,2262.0,1121.0,917.0,,1600.0,3661.0,801.0,,3825.0,1317.0,46.0
2185.0,3094.0,845.0,2557.0,14.0,3102.0,,3387.0,3417.0,2975.0,3823.0,408.0,2082.0,1700.0,820.0,3536.0,2011.0,,2965.0,533.0,634.0,,1011.0,1488.0,3006.0
1066.0,2804.0,3282.0,1601.0,2097.0,2702.0,,3374.0,2260.0,2845.0,701.0,1575.0,2952.0,2363.0,802.0,3668.0,2921.0,,3036.0,1827.0,1082.0,,3575.0,1841.0,993.0
3523.0,3786.0,3127.0,3018.0,1621.0,2098.0,,749.0,1276.0,3760.0,898.0,3217.0,634.0,3007.0,2078.0,2086.0,1265.0,,2625.0,1202.0,3387.0,,2745.0,981.0,995.0
3252.0,2810.0,1211.0,1682.0,3483.0,1091.0,,1644.0,2402.0,3356.0,455.0,3070.0,1741.0,2606.0,3294.0,2008.0,491.0,,3223.0,659.0,978.0,,2593.0,1966.0,3000.0
1040.0,778.0,61.0,3218.0,1770.0,3372.0,,1124.0,2790.0,3288.0,3543.0,2803.0,3455.0,1011.0,2269.0,2439.0,2336.0,,3424.0,877.0,934.0,,2855.0,2607.0,196.0
931.0,617.0,1712.0,1472.0,3320.0,2868.0,,660.0,1529.0,1918.0,75.0,2780.0,1708.0,2696.0,1173.0,1926.0,3275.0,,454.0,3349.0,2071.0,,1709.0,1723.0,1404.0
2762.0,1966.0,2986.0,390.0,2833.0,1778.0,,2723.0,132.0,3161.0,606.0,2062.0,736.0,1923.0,378.0,764.0,2914.0,,2528.0,2749.0,344.0,,1676.0,2487.0,203.0
638.0,3770.0,673.0,3908.0,1030.0,880.0,,839.0,2499.0,1441.0,3377.0,3224.0,1624.0,673.0,490.0,3860.0,2025.0,,2550.0,1947.0,3753.0,,2900.0,684.0,2824.0
2395.0,2890.0,3429.0,54.0,1560.0,2207.0,,509.0,204.0,3250.0,1939.0,1272.0,1539.0,823.0,1311.0,318.0,3545.0,,1915.0,2607.0,1120.0,,3054.0,389.0,760.0
1030.0,2724.0,2176.0,1157.0,43.0,923.0,,2352.0,3413.0,1562.0,2969.0,3640.0,2549.0,161.0,440.0,3839.0,329.0,,872.0,1397.0,3739.0,,2641.0,1402.0,2218.0
32.0,2196.0,3089.0,2457.0,3100.0,196.0,,2519.0,1165.0,2323.0,14.0,2752.0,2036.0,3387.0,1754.0,3078.0,1974.0,,2083.0,1057.0,1708.0,,3267.0,896.0,2760.0
1300.0,2110.0,1399.0,1284.0,2468.0,1877.0,,537.0,360.0,983.0,1871.0,3805.0,1715.0,59.0,2457.0,1312.0,2615.0,,1201.0,2672.0,2772.0,,2936.0,2260.0,2294.0
1015.0,1305.0,2535.0,3635.0,1780.0,259.0,,435.0,1172.0,1286.0,16.0,2676.0,798.0,1340.0,2634.0,2258.0,378.0,,890.0,1616.0,1621.0,,2191.0,891.0,2184.0
2067.0,114.0,1084.0,2319.0,2441.0,1291.0,,771.0,1762.0,2862.0,1702.0,1610.0,1320.0,84.0,2944.0,3627.0,2805.0,,945.0,45.0,1622.0,,3559.0,2721.0,2376.0
2444.0,2962.0,1013.0,3132.0,3781.0,118.0,,2767.0,2247.0,2577.0,658.0,1202.0,3464.0,3465.0,2132.0,1360.0,230.0,,3423.0,2199.0,2641.0,,1384.0,2537.0,944.0
2981.0,3030.0,692.0,2210.0,3029.0,1984.0,,147.0,3472.0,2855.0,3834.0,3539.0,1386.0,2475.0,2782.0,2533.0,918.0,,620.0,1176.0,3852.0,,962.0,1862.0,1891.0
2682.0,348.0,1520.0,1855.0,567.0,1287.0,,2349.0,646.0,1071.0,815.0,3853.0,1847.0,672.0,622.0,3222.0,1554.0,,1115.0,3113.0,485.0,,2326.0,2081.0,2185.0
1430.0,1421.0,412.0,409.0,2516.0,2002.0,,1907.0,59.0,912.0,1828.0,3180.0,329.0,115.0,329.0,430.0,3313.0,,3116.0,279.0,2648.0,,3239.0,1922.0,3674.0
0.0,770.0,1117.0,524.0,743.0,3110.0,,3269.0,3449.0,2867.0,2503.0,499.0,2756.0,2880.0,917.0,2988.0,3110.0,,412.0,2288.0,3115.0,,331.0,3530.0,346.0
2212.0,2779.0,723.0,1732.0,3258.0,3290.0,,1895.0,1349.0,2725.0,2920.0,3058.0,3156.0,1311.0,575.0,2219.0,2101.0,,3369.0,1835.0,2566.0,,1049.0,2932.0,3053.0
2724.0,1713.0,3136.0,1778.0,3658.0,1639.0,,2417.0,1388.0,2367.0,2478.0,2888.0,2376.0,2684.0,320.0,2842.0,2655.0,,2252.0,2758.0,3437.0,,1927.0,129.0,287.0
938.0,1990.0,1009.0,3019.0,2600.0,2816.0,,2377.0,190.0,1297.0,897.0,1913.0,3090.0,21.0,1507.0,3654.0,1993.0,,3115.0,441.0,2723.0,,3697.0,3535.0,2985.0
631.0,3878.0,2312.0,2854.0,2720.0,2359.0,,470.0,1480.0,2544.0,273.0,3415.0,2086.0,3035.0,1882.0,608.0,2664.0,,1454.0,1186.0,2838.0,,252.0,340.0,2627.0
2625.0,3153.0,3614.0,2793.0,3831.0,1307.0,,2855.0,249.0,3892.0,2292.0,805.0,1597.0,1081.0,830.0,2973.0,2199.0,,1212.0,3171.0,994.0,,1738.0,3395.0,2651.0
15.0,1011.0,534.0,3177.0,2448.0,3262.0,,1728.0,2870.0,1759.0,487.0,1021.0,903.0,2398.0,1916.0,2040.0,1127.0,,450.0,2086.0,3848.0,,3025.0,3254.0,3442.0
3479.0,458.0,3083.0,1287.0,125.0,1599.0,,389.0,1544.0,2854.0,3911.0,1130.0,1178.0,819.0,2672.0,1948.0,3202.0,,348.0,1157.0,1309.0,,2690.0,3758.0,251.0
2290.0,1406.0,3838.0,3134.0,1300.0,3352.0,,458.0,3506.0,1118.0,3058.0,518.0,1085.0,3491.0,1457.0,3106.0,2838.0,,3540.0,2971.0,2631.0,,2627.0,3406.0,2088.0
2876.0,3270.0,3479.0,2658.0,3303.0,3672.0,,1164.0,3540.0,1404.0,3662.0,3347.0,1103.0,3081.0,1335.0,3707.0,2734.0,,1146.0,2649.0,715.0,,1352.0,3562.0,3505.0
3056.0,546.0,1828.0,3040.0,3466.0,2082.0,,3455.0,1194.0,123.0,3506.0,1447.0,208.0,266.0,1000.0,986.0,2145.0,,177.0,1687.0,1737.0,,1962.0,2868.0,1057.0
1592.0,1393.0,205.0,3518.0,917.0,2414.0,,3202.0,3549.0,878.0,1785.0,2972.0,3110.0,3448.0,2228.0,3173.0,3271.0,,2322.0,300.0,1818.0,,603.0,3137.0,2781.0
3666.0,638.0,1894.0,110.0,762.0,1417.0,,3285.0,1866.0,2905.0,279.0,3235.0,3319.0,1060.0,3286.0,3850.0,3500.0,,3576.0,3098.0,1428.0,,1675.0,3203.0,642.0
1948.0,2482.0,2832.0,681.0,1709.0,3018.0,,1502.0,2160.0,533.0,3261.0,3631.0,1114.0,3480.0,2576.0,1533.0,1678.0,,109.0,1488.0,297.0,,3398.0,2208.0,3070.0
3415.0,3613.0,3160.0,2253.0,3283.0,39.0,,1030.0,2898.0,3150.0,2956.0,2652.0,3290.0,2620.0,1623.0,3.0,821.0,,1301.0,3348.0,841.0,,1203.0,3563.0,2507.0
1003.0,85.0,584.0,243.0,2182.0,2506.0,,493.0,1908.0,651.0,2178.0,291.0,1878.0,316.0,1606.0,785.0,1635.0,,547.0,1946.0,1346.0,,3737.0,2852.0,3301.0
2276.0,1105.0,3656.0,2506.0,1598.0,1940.0,,2703.0,1382.0,518.0,283.0,3101.0,837.0,1949.0,2803.0,3833.0,3457.0,,52.0,1168.0,482.0,,1421.0,1780.0,1148.0
3151.0,2269.0,2780.0,1372.0,1143.0,3581.0,,1959.0,1882.0,720.0,1725.0,1943.0,2719.0,2043.0,1972.0,3409.0,2924.0,,3327.0,3606.0,2993.0,,3013.0,3433.0,810.0
1484.0,1256.0,2892.0,913.0,1234.0,1996.0,,2680.0,3109.0,3317.0,1921.0,1661.0,3789.0,1317.0,3483.0,1376.0,409.0,,452.0,2539.0,812.0,,2284.0,147.0,1194.0
1431.0,1001.0,2696.0,216.0,1941.0,2432.0,,2218.0,2044.0,1451.0,3810.0,3090.0,503.0,1117.0,1653.0,46.0,1631.0,,2221.0,55.0,988.0,,1047.0,1041.0,1041.0
319.0,676.0,2211.0,3457.0,388.0,2079.0,,40.0,2457.0,2376.0,383.0,2078.0,1909.0,2166.0,2953.0,1862.0,88.0,,2381.0,3680.0,3895.0,,1114.0,2311.0,2546.0
333.0,1308.0,2285.0,730.0,2245.0,3381.0,,1022.0,1694.0,1764.0,1262.0,1368.0,3891.0,225.0,2018.0,2419.0,1713.0,,1170.0,3320.0,2879.0,,728.0,3057.0,2111.0
2975.0,2078.0,1564.0,2696.0,2988.0,3579.0,,1936.0,1347.0,3541.0,3073.0,189.0,2032.0,3101.0,913.0,1612.0,3663.0,,1230.0,1507.0,792.0,,2014.0,1437.0,1314.0
3664.0,2850.0,1158.0,2279.0,347.0,2629.0,,1531.0,1497.0,3553.0,1904.0,1805.0,2527.0,1892.0,3756.0,1174.0,1275.0,,3755.0,3430.0,1586.0,,400.0,2342.0,357.0
2474.0,1814.0,251.0,807.0,2431.0,3462.0,,633.0,1905.0,1724.0,1226.0,2014.0,3844.0,2278.0,83.0,2037.0,1549.0,,575.0,3629.0,2392.0,,3732.0,2355.0,2740.0
3657.0,3699.0,1354.0,3349.0,626.0,2912.0,,2023.0,834.0,184.0,2796.0,3846.0,793.0,698.0,3702.0,1441.0,220.0,,1690.0,3466.0,1091.0,,1260.0,650.0,1671.0
559.0,24.0,2791.0,2568.0,1949.0,2416.0,,1390.0,3527.0,1311.0,3767.0,1114.0,1690.0,121.0,1435.0,1565.0,730.0,,488.0,1167.0,1585.0,,1635.0,3450.0,2221.0
307.0,750.0,1548.0,386.0,3775.0,352.0,,1303.0,2823.0,1189.0,1963.0,2087.0,1906.0,2942.0,634.0,2094.0,1473.0,,13.0,3712.0,1135.0,,1679.0,1193.0,2691.0
3041.0,1955.0,1545.0,1077.0,63.0,3586.0,,3902.0,629.0,1076.0,3110.0,1280.0,840.0,614.0,1745.0,1576.0,345.0,,1453.0,997.0,173.0,,1783.0,1384.0,3106.0
3239.0,1250.0,3340.0,2100.0,908.0,3540.0,,1837.0,2010.0,3784.0,2971.0,3447.0,2738.0,195.0,3455.0,1107.0,892.0,,1871.0,2545.0,3392.0,,3355.0,612.0,2669.0
828.0,2657.0,2856.0,1747.0,2428.0,2932.0,,2235.0,1994.0,389.0,1712.0,1685.0,3741.0,1657.0,1593.0,490.0,105.0,,816.0,352.0,230.0,,3134.0,1370.0,378.0
1772.0,1294.0,1979.0,3902.0,44.0,2858.0,,3260.0,3217.0,3016.0,908.0,2706.0,1884.0,2676.0,3900.0,276.0,3823.0,,1403.0,1737.0,2554.0,,1442.0,1097.0,3253.0
1735.0,2789.0,1446.0,3578.0,3829.0,1413.0,,3213.0,802.0,2995.0,3181.0,2891.0,3805.0,1740.0,2698.0,3618.0,2479.0,,221.0,3877.0,1943.0,,1816.0,2389.0,984.0
857.0,3232.0,1736.0,2736.0,642.0,1295.0,,642.0,1441.0,151.0,3487.0,817.0,3791.0,2768.0,1132.0,2327.0,1701.0,,3314.0,2991.0,3745.0,,2720.0,432.0,3834.0
1975.0,2545.0,3899.0,1114.0,2284.0,104.0,,1538.0,164.0,3391.0,28.0,53.0,46.0,2733.0,3822.0,2171.0,2303.0,,2898.0,2550.0,473.0,,3912.0,3589.0,1329.0
1264.0,2732.0,3577.0,1241.0,547.0,1851.0,,1420.0,2852.0,439.0,2903.0,733.0,2167.0,3050.0,1892.0,3352.0,2088.0,,3779.0,1404.0,1755.0,,2248.0,1040.0,2165.0
1065.0,1298.0,521.0,957.0,473.0,843.0,,954.0,718.0,3660.0,2086.0,3413.0,1273.0,353.0,1097.0,1346.0,2142.0,,3084.0,2790.0,3444.0,,755.0,997.0,1978.0
1282.0,2452.0,690.0,1966.0,1631.0,3313.0,,920.0,2484.0,755.0,756.0,3463.0,1326.0,2567.0,1569.0,1753.0,704.0,,3338.0,654.0,278.0,,2948.0,2869.0,1883.0
3046.0,2362.0,1783.0,617.0,1923.0,3127.0,,1337.0,2884.0,304.0,3804.0,3129.0,2473.0,2832.0,1340.0,1861.0,626.0,,542.0,2386.0,174.0,,1313.0,3061.0,1390.0
551.0,22.0,2728.0,1536.0,2675.0,2013.0,,2136.0,751.0,3911.0,122.0,3639.0,2510.0,3543.0,3425.0,1588.0,3717.0,,3855.0,838.0,59.0,,1157.0,1693.0,3196.0
1881.0,15.0,2909.0,2769.0,633.0,3716.0,,2117.0,534.0,3903.0,1079.0,85.0,2857.0,1354.0,3690.0,1782.0,3253.0,,2391.0,185.0,2148.0,,508.0,369.0,790.0
3279.0,422.0,1398.0,2261.0,1787.0,2215.0,,3310.0,2461.0,2657.0,2251.0,556.0,2210.0,3115.0,3801.0,1661.0,2916.0,,3321.0,3807.0,2203.0,,776.0,725.0,3099.0
132.0,3292.0,1761.0,942.0,2255.0,732.0,,210.0,371.0,1274.0,150.0,431.0,3696.0,2935.0,2466.0,1292.0,783.0,,1668.0,3469.0,678.0,,3312.0,1470.0,87.0
1305.0,1174.0,2408.0,327.0,3595.0,1158.0,,258.0,2702.0,1680.0,1914.0,29.0,3739.0,3359.0,2498.0,3854.0,3889.0,,668.0,215.0,3677.0,,1303.0,3105.0,2060.0
447.0,3669.0,3504.0,2438.0,1138.0,1326.0,,783.0,1518.0,1766.0,1279.0,3507.0,3214.0,125.0,597.0,3168.0,3047.0,,1385.0,2691.0,892.0,,628.0,3866.0,1272.0
1702.0,1515.0,2111.0,2231.0,2141.0,3848.0,,3849.0,601.0,1925.0,93.0,2269.0,146.0,790.0,3237.0,1373.0,688.0,,3202.0,2630.0,2700.0,,448.0,3852.0,2646.0
3635.0,3002.0,253.0,128.0,891.0,2287.0,,2443.0,3054.0,3181.0,2929.0,592.0,3310.0,1128.0,3111.0,1198.0,2195.0,,3805.0,1282.0,3365.0,,2575.0,1038.0,3276.0
3464.0,588.0,27.0,1380.0,3368.0,3123.0,,2002.0,2740.0,2504.0,2385.0,2342.0,440.0,425.0,287.0,274.0,3091.0,,2243.0,1286.0,2513.0,,2238.0,1773.0,1894.0
257.0,0.0,1032.0,1567.0,2990.0,3636.0,,1095.0,3606.0,984.0,1034.0,957.0,2328.0,3511.0,136.0,158.0,2987.0,,3072.0,2419.0,2422.0,,1519.0,1728.0,130.0
209.0,1156.0,3502.0,3199.0,1583.0,2732.0,,3084.0,1265.0,2201.0,1548.0,3548.0,1781.0,45.0,2377.0,528.0,3395.0,,385.0,2282.0,2817.0,,3637.0,639.0,2623.0
2313.0,1716.0,924.0,2423.0,65.0,310.0,,2236.0,110.0,3285.0,3357.0,3307.0,873.0,3532.0,2418.0,2136.0,3118.0,,2573.0,696.0,3752.0,,3318.0,2075.0,2995.0
1563.0,2711.0,2034.0,3288.0,1916.0,3194.0,,327.0,122.0,914.0,3079.0,2406.0,1118.0,969.0,3579.0,3523.0,568.0,,3419.0,304.0,2954.0,,1941.0,2613.0,3378.0
3384.0,2409.0,1245.0,548.0,1450.0,3132.0,,2815.0,840.0,3424.0,418.0,386.0,3438.0,779.0,3077.0,3705.0,3115.0,,1302.0,2610.0,2026.0,,1998.0,3815.0,3508.0
1020.0,322.0,1165.0,357.0,1102.0,3781.0,,1776.0,2261.0,1478.0,66.0,2632.0,3293.0,2061.0,28.0,1857.0,3423.0,,1646.0,816.0,2066.0,,3078.0,2585.0,841.0
466.0,281.0,2607.0,3811.0,68.0,1577.0,,1407.0,1836.0,3827.0,3003.0,1354.0,1079.0,2537.0,3485.0,1085.0,2262.0,,2090.0,3251.0,3464.0,,895.0,2702.0,1431.0
1035.0,1942.0,1266.0,3091.0,3856.0,1310.0,,1424.0,3717.0,2447.0,1310.0,2083.0,578.0,3435.0,2148.0,2206.0,2097.0,,1197.0,1097.0,414.0,,2758.0,2390.0,3625.0
1249.0,2513.0,2142.0,1439.0,2684.0,2092.0,,153.0,1116.0,2972.0,3365.0,3582.0,883.0,1237.0,3563.0,213.0,1942.0,,2680.0,3218.0,2339.0,,3333.0,1354.0,2271.0
3531.0,71.0,2506.0,3550.0,1611.0,856.0,,1933.0,3501.0,133.0,3661.0,724.0,2421.0,949.0,2863.0,2467.0,2316.0,,3885.0,3801.0,3778.0,,126.0,3490.0,1325.0
1783.0,2153.0,2029.0,1135.0,634.0,3577.0,,2219.0,192.0,3377.0,1267.0,830.0,3661.0,1174.0,3733.0,2888.0,2717.0,,3656.0,2389.0,2889.0,,2931.0,1464.0,3216.0
1407.0,3499.0,2635.0,3072.0,2180.0,113.0,,2554.0,1746.0,501.0,2697.0,438.0,912.0,2015.0,2427.0,27.0,3277.0,,3716.0,994.0,596.0,,888.0,1617.0,663.0
3779.0,1236.0,2975.0,1777.0,75.0,1695.0,,2205.0,3158.0,3300.0,393.0,1329.0,1664.0,3371.0,1060.0,3615.0,3015.0,,1654.0,2762.0,1864.0,,404.0,3290.0,3090.0
1119.0,752.0,642.0,2601.0,2487.0,2311.0,,752.0,3274.0,791.0,3843.0,3165.0,3905.0,1328.0,3731.0,1824.0,624.0,,717.0,342.0,158.0,,1605.0,401.0,2287.0
1969.0,693.0,1770.0,2947.0,1626.0,2212.0,,2636.0,2594.0,397.0,1230.0,371.0,3279.0,3406.0,2689.0,584.0,2228.0,,1924.0,1182.0,3313.0,,2847.0,3044.0,2407.0
1858.0,2038.0,3055.0,3110.0,718.0,151.0,,2774.0,2771.0,513.0,498.0,1031.0,1324.0,396.0,262.0,884.0,1897.0,,1285.0,853.0,3774.0,,3889.0,2584.0,2296.0
2237.0,1962.0,1400.0,550.0,782.0,309.0,,562.0,595.0,1875.0,1255.0,2727.0,2827.0,377.0,2492.0,3460.0,2468.0,,2231.0,3056.0,594.0,,2897.0,2726.0,688.0
3437.0,2416.0,405.0,2142.0,3205.0,3821.0,,1724.0,1920.0,2115.0,2426.0,1347.0,1281.0,3471.0,1755.0,1547.0,3575.0,,1271.0,2192.0,816.0,,1716.0,30.0,1480.0
2979.0,723.0,2245.0,1729.0,1286.0,500.0,,2348.0,160.0,258.0,2836.0,443.0,240.0,2466.0,1694.0,1379.0,2841.0,,447.0,3285.0,3556.0,,1856.0,3655.0,2168.0
1325.0,310.0,535.0,1155.0,1376.0,3030.0,,2251.0,3597.0,1196.0,3379.0,884.0,791.0,794.0,776.0,1750.0,137.0,,2999.0,2584.0,165.0,,2435.0,1005.0,3153.0
2922.0,1078.0,1205.0,1237.0,1010.0,943.0,,3124.0,3187.0,3602.0,907.0,1722.0,413.0,301.0,3866.0,1380.0,3310.0,,2001.0,2961.0,3362.0,,2666.0,3275.0,1.0
1549.0,2109.0,1670.0,1103.0,2436.0,3153.0,,1950.0,459.0,1666.0,2646.0,1158.0,2532.0,3266.0,3913.0,500.0,445.0,,1028.0,1494.0,1068.0,,2560.0,3838.0,519.0
1313.0,710.0,1085.0,251.0,3541.0,198.0,,3833.0,1434.0,3785.0,404.0,3207.0,2528.0,3597.0,2971.0,2915.0,947.0,,3688.0,949.0,45.0,,2708.0,2565.0,2387.0
3816.0,80.0,1653.0,2728.0,3737.0,1845.0,,134.0,2707.0,3229.0,2709.0,714.0,2074.0,27.0,763.0,3841.0,2918.0,,1763.0,2034.0,914.0,,2716.0,3791.0,256.0
853.0,1279.0,636.0,1935.0,1651.0,281.0,,2952.0,1587.0,2499.0,1908.0,1516.0,2659.0,1692.0,253.0,2683.0,3058.0,,2199.0,643.0,141.0,,529.0,2209.0,3094.0
720.0,2669.0,1534.0,1482.0,608.0,3341.0,,3042.0,866.0,2356.0,2635.0,1310.0,3104.0,2096.0,3358.0,516.0,2474.0,,1911.0,1131.0,1875.0,,392.0,358.0,324.0
3817.0,3205.0,2233.0,1122.0,3790.0,3293.0,,2166.0,765.0,1729.0,2651.0,1104.0,3755.0,2915.0,2595.0,242.0,1509.0,,2998.0,1269.0,2666.0,,2450.0,2031.0,2917.0
2345.0,302.0,790.0,1201.0,3375.0,780.0,,3507.0,464.0,3303.0,1903.0,3667.0,180.0,1001.0,187.0,3418.0,3166.0,,2403.0,251.0,1330.0,,3416.0,2627.0,1393.0
3026.0,2538.0,3359.0,2059.0,1578.0,1963.0,,2543.0,1489.0,3492.0,2661.0,1200.0,2462.0,2485.0,1421.0,1674.0,2033.0,,3205.0,3891.0,3270.0,,710.0,2958.0,934.0
1402.0,1117.0,564.0,1159.0,3339.0,3776.0,,1793.0,1422.0,540.0,1792.0,2820.0,1506.0,2983.0,2770.0,1340.0,3055.0,,2539.0,1577.0,1266.0,,3418.0,3663.0,2523.0
2661.0,222.0,3046.0,3003.0,1446.0,473.0,,2898.0,1057.0,601.0,1451.0,2206.0,1063.0,1511.0,1614.0,543.0,2234.0,,3809.0,30.0,2318.0,,1756.0,977.0,2079.0
2077.0,2570.0,1142.0,1822.0,3278.0,3237.0,,3768.0,1340.0,2126.0,2564.0,1407.0,833.0,513.0,211.0,2216.0,2116.0,,1594.0,3461.0,3349.0,,3597.0,3505.0,2268.0
893.0,903.0,3802.0,2539.0,1850.0,116.0,,3510.0,483.0,2242.0,3380.0,3839.0,721.0,767.0,3759.0,1878.0,3062.0,,3601.0,3830.0,2521.0,,3050.0,703.0,1965.0
3577.0,2329.0,210.0,426.0,2064.0,374.0,,2536.0,139.0,2693.0,2421.0,1590.0,2076.0,480.0,112.0,6.0,379.0,,2519.0,984.0,2664.0,,3154.0,3750.0,2679.0
368.0,3377.0,3343.0,1182.0,584.0,3128.0,,1916.0,1505.0,1309.0,1532.0,2470.0,48.0,2106.0,370.0,1663.0,1540.0,,771.0,2337.0,3244.0,,821.0,1921.0,3098.0
1985.0,905.0,1368.0,408.0,2623.0,2537.0,,1142.0,728.0,646.0,3182.0,28.0,3340.0,2460.0,920.0,2006.0,1964.0,,914.0,3201.0,1616.0,,1003.0,3333.0,1930.0
955.0,2996.0,3375.0,2953.0,1158.0,2919.0,,1927.0,3695.0,1260.0,3488.0,3198.0,1911.0,810.0,591.0,261.0,2513.0,,2952.0,2055.0,2902.0,,2545.0,90.0,2892.0
2337.0,1085.0,830.0,2208.0,181.0,1052.0,,3810.0,2463.0,2272.0,1755.0,200.0,2425.0,2261.0,328.0,3880.0,3716.0,,2479.0,2094.0,854.0,,987.0,2161.0,2530.0
2092.0,1650.0,1996.0,2894.0,2660.0,241.0,,3135.0,2431.0,3592.0,270.0,326.0,3529.0,1188.0,1844.0,394.0,2529.0,,1046.0,3407.0,150.0,,1907.0,980.0,309.0
148.0,2215.0,1628.0,1609.0,2252.0,985.0,,1213.0,740.0,1013.0,1924.0,1093.0,2963.0,1993.0,1860.0,3309.0,3094.0,,694.0,2241.0,2491.0,,1957.0,2808.0,1016.0
420.0,2922.0,1794.0,2028.0,2509.0,1122.0,,1293.0,3691.0,1048.0,1740.0,3313.0,313.0,3229.0,3713.0,439.0,3585.0,,2289.0,617.0,154.0,,946.0,3902.0,1557.0
3534.0,2601.0,3063.0,2689.0,549.0,2969.0,,868.0,3844.0,2127.0,779.0,2577.0,3329.0,1289.0,954.0,816.0,3262.0,,2649.0,3043.0,2471.0,,3842.0,3796.0,2866.0
1666.0,1813.0,2884.0,1944.0,996.0,216.0,,22.0,2797.0,299.0,2276.0,2800.0,1800.0,454.0,1571.0,189.0,3319.0,,178.0,2696.0,2040.0,,1758.0,3595.0,3858.0
2149.0,2454.0,920.0,100.0,2746.0,954.0,,2289.0,2903.0,379.0,1045.0,2878.0,2144.0,3492.0,1838.0,2790.0,2114.0,,44.0,618.0,546.0,,1076.0,1494.0,395.0
1990.0,2198.0,1120.0,3531.0,1344.0,2316.0,,3814.0,1589.0,1736.0,1761.0,655.0,1990.0,3484.0,1712.0,1809.0,3650.0,,2788.0,2057.0,2743.0,,2980.0,607.0,3825.0
2555.0,2245.0,1201.0,1015.0,2367.0,2527.0,,3235.0,3295.0,2803.0,2656.0,39.0,3496.0,2746.0,3322.0,1129.0,2010.0,,2171.0,624.0,1704.0,,833.0,952.0,2680.0
972.0,2389.0,926.0,1565.0,1978.0,136.0,,3297.0,528.0,3721.0,2141.0,2414.0,2919.0,2416.0,62.0,1396.0,2599.0,,1882.0,227.0,893.0,,1259.0,2071.0,3334.0
1235.0,73.0,3099.0,3562.0,3482.0,817.0,,2202.0,1474.0,821.0,55.0,1024.0,292.0,259.0,3444.0,1956.0,3331.0,,3455.0,3743.0,2962.0,,1960.0,2324.0,612.0
1438.0,879.0,370.0,3572.0,3447.0,981.0,,1838.0,1252.0,3772.0,588.0,1830.0,448.0,1519.0,2954.0,1435.0,212.0,,1545.0,3340.0,3611.0,,2208.0,3651.0,1003.0
960.0,2514.0,3291.0,3497.0,224.0,3670.0,,2116.0,2451.0,1896.0,3437.0,3762.0,1200.0,296.0,2154.0,414.0,707.0,,3433.0,445.0,1247.0,,3344.0,986.0,1052.0
1579.0,1794.0,3260.0,1756.0,1036.0,2469.0,,1281.0,209.0,3713.0,1704.0,1512.0,3191.0,1082.0,2196.0,620.0,3808.0,,674.0,3146.0,1607.0,,3372.0,93.0,632.0
3493.0,3523.0,2976.0,1252.0,3328.0,1535.0,,1042.0,3074.0,3215.0,708.0,2244.0,3783.0,3587.0,3213.0,3466.0,3158.0,,1734.0,2763.0,2797.0,,1639.0,3653.0,1478.0
1223.0,2042.0,1019.0,1191.0,2501.0,3814.0,,28.0,557.0,169.0,3772.0,3178.0,3721.0,403.0,3781.0,2509.0,467.0,,1673.0,565.0,3245.0,,902.0,2727.0,1655.0
2428.0,888.0,1094.0,880.0,2819.0,2338.0,,656.0,1755.0,1245.0,2535.0,880.0,2746.0,846.0,958.0,1562.0,1248.0,,64.0,3471.0,1687.0,,73.0,2622.0,3398.0
2601.0,1562.0,3388.0,2085.0,596.0,984.0,,1495.0,1989.0,2480.0,3670.0,446.0,1865.0,2289.0,1989.0,2727.0,80.0,,1710.0,1333.0,1171.0,,3522.0,489.0,2831.0
2887.0,1232.0,923.0,211.0,296.0,3250.0,,347.0,3067.0,941.0,100.0,2375.0,1037.0,676.0,3760.0,484.0,3361.0,,1116.0,3026.0,3363.0,,2320.0,3674.0,2422.0
289.0,840.0,3664.0,3487.0,2681.0,824.0,,1108.0,24.0,1871.0,838.0,2602.0,3700.0,703.0,49.0,1743.0,242.0,,877.0,1717.0,3889.0,,1378.0,3463.0,807.0
3250.0,686.0,135.0,2698.0,2450.0,1691.0,,2503.0,3087.0,2316.0,1315.0,2334.0,2506.0,833.0,3157.0,3324.0,2060.0,,3386.0,3345.0,1551.0,,272.0,1557.0,3822.0
2300.0,1540.0,2537.0,3750.0,2525.0,1536.0,,351.0,1722.0,1229.0,1117.0,1743.0,2470.0,420.0,2633.0,108.0,2213.0,,285.0,2715.0,2826.0,,939.0,3449.0,1922.0
2405.0,691.0,598.0,3131.0,675.0,1273.0,,1181.0,3247.0,2524.0,2570.0,1439.0,545.0,1899.0,2667.0,3714.0,1562.0,,1704.0,36.0,3109.0,,2352.0,691.0,288.0
2202.0,1710.0,3572.0,2799.0,2996.0,785.0,,1274.0,1335.0,481.0,253.0,1557.0,3773.0,2396.0,3860.0,2682.0,274.0,,2463.0,2939.0,1506.0,,662.0,1118.0,854.0
1200.0,1522.0,1857.0,240.0,2202.0,1687.0,,2410.0,1796.0,1267.0,1168.0,2967.0,3901.0,695.0,117.0,243.0,802.0,,141.0,3666.0,2802.0,,1938.0,3823.0,3293.0
402.0,2308.0,3438.0,2691.0,3163.0,1572.0,,1385.0,2663.0,1151.0,235.0,2274.0,2168.0,2590.0,2855.0,1986.0,1041.0,,137.0,3145.0,1945.0,,2647.0,1816.0,2194.0
602.0,2354.0,2813.0,3484.0,1306.0,1077.0,,355.0,3842.0,2869.0,3524.0,380.0,392.0,185.0,754.0,45.0,3225.0,,2726.0,1232.0,2309.0,,675.0,1603.0,2101.0
3422.0,153.0,1271.0,136.0,1913.0,774.0,,2935.0,3249.0,1364.0,396.0,1675.0,64.0,3095.0,2199.0,3573.0,2849.0,,1429.0,289.0,3224.0,,2016.0,2873.0,1840.0
3325.0,3914.0,2730.0,195.0,1345.0,2109.0,,2825.0,3659.0,3850.0,2383.0,2102.0,1278.0,1280.0,3364.0,2939.0,669.0,,1432.0,2229.0,565.0,,1674.0,1920.0,3059.0
3297.0,2567.0,1931.0,3564.0,110.0,356.0,,2621.0,1570.0,3052.0,2727.0,796.0,3479.0,1125.0,3290.0,368.0,2432.0,,1292.0,1287.0,3744.0,,1643.0,1429.0,2978.0
2926.0,2625.0,1695.0,865.0,3654.0,3039.0,,1391.0,3148.0,573.0,674.0,3558.0,3730.0,1553.0,1957.0,1074.0,1601.0,,3187.0,722.0,3598.0,,1407.0,396.0,1071.0
1397.0,1259.0,433.0,2593.0,2302.0,408.0,,3601.0,169.0,2781.0,1105.0,1121.0,3485.0,3262.0,1618.0,2.0,2875.0,,2264.0,513.0,3353.0,,1849.0,3069.0,1665.0
119.0,3044.0,3820.0,1177.0,3708.0,3306.0,,3567.0,3429.0,1986.0,1300.0,3170.0,828.0,2204.0,3175.0,970.0,3345.0,,3120.0,1459.0,1921.0,,3869.0,722.0,659.0
2720.0,1736.0,3883.0,3341.0,3579.0,446.0,,2298.0,480.0,2744.0,3605.0,309.0,3781.0,53.0,1402.0,1291.0,2380.0,,1909.0,3213.0,113.0,,315.0,236.0,472.0
740.0,1739.0,104.0,3488.0,1895.0,3659.0,,1966.0,1379.0,2773.0,2222.0,1208.0,272.0,1134.0,2022.0,1161.0,2906.0,,821.0,2733.0,742.0,,1596.0,1067.0,1111.0
1692.0,1411.0,3906.0,646.0,2605.0,482.0,,3831.0,3679.0,363.0,2437.0,3091.0,3058.0,2858.0,2216.0,2004.0,500.0,,2393.0,1931.0,3547.0,,2061.0,1535.0,3101.0
3365.0,3818.0,2795.0,762.0,2614.0,2589.0,,3053.0,2641.0,3667.0,2447.0,3204.0,3142.0,1221.0,1073.0,598.0,2894.0,,3669.0,778.0,3162.0,,295.0,1643.0,37.0
1724.0,214.0,2056.0,3258.0,2872.0,3144.0,,2620.0,591.0,996.0,3405.0,1195.0,1221.0,941.0,325.0,776.0,1606.0,,3650.0,1755.0,3508.0,,335.0,1533.0,2351.0
1072.0,3761.0,2736.0,1097.0,1109.0,547.0,,1716.0,3018.0,1957.0,3196.0,470.0,583.0,1562.0,411.0,317.0,741.0,,149.0,3717.0,1748.0,,1358.0,3482.0,3257.0
2698.0,1928.0,3226.0,2676.0,1197.0,1765.0,,2200.0,1157.0,3220.0,2975.0,912.0,2494.0,725.0,3762.0,2057.0,2824.0,,2165.0,898.0,2595.0,,1078.0,2107.0,3852.0
1266.0,156.0,3794.0,554.0,1562.0,257.0,,2616.0,2630.0,738.0,3187.0,2852.0,2129.0,2894.0,1452.0,3490.0,3898.0,,3054.0,1861.0,1953.0,,2162.0,2271.0,3163.0
377.0,1126.0,3121.0,1771.0,1622.0,1022.0,,63.0,2969.0,1972.0,1073.0,133.0,1472.0,1758.0,2493.0,2707.0,2209.0,,2133.0,918.0,2479.0,,3894.0,3162.0,941.0
3654.0,1379.0,3236.0,1898.0,303.0,779.0,,2471.0,773.0,2585.0,877.0,1617.0,3858.0,3678.0,1538.0,3123.0,1219.0,,3632.0,938.0,2661.0,,580.0,334.0,3187.0
1258.0,3296.0,506.0,3424.0,2770.0,1582.0,,2643.0,3490.0,2530.0,3309.0,3226.0,2053.0,3890.0,545.0,1438.0,949.0,,860.0,2771.0,2107.0,,3302.0,360.0,17.0
167.0,1354.0,454.0,641.0,1739.0,3380.0,,474.0,1617.0,3623.0,1770.0,1215.0,1325.0,1422.0,3162.0,1914.0,3046.0,,3515.0,760.0,2790.0,,457.0,3335.0,95.0
2066.0,418.0,3519.0,3660.0,2424.0,2664.0,,3415.0,1543.0,1785.0,524.0,1133.0,3724.0,1551.0,1363.0,2828.0,2528.0,,1414.0,2100.0,999.0,,1606.0,3745.0,2734.0
314.0,1538.0,3760.0,925.0,1205.0,2903.0,,1673.0,1118.0,3530.0,2142.0,2312.0,2373.0,633.0,1626.0,589.0,3298.0,,2354.0,2867.0,3646.0,,3010.0,3671.0,599.0
2636.0,856.0,1922.0,1263.0,1071.0,2221.0,,3473.0,2100.0,670.0,3733.0,3518.0,1140.0,2437.0,2708.0,3226.0,14.0,,1044.0,839.0,1257.0,,2828.0,250.0,2957.0
651.0,805.0,2820.0,1399.0,2859.0,3425.0,,3873.0,547.0,1505.0,3081.0,3573.0,1296.0,1079.0,3764.0,2230.0,1193.0,,1236.0,3572.0,2009.0,,569.0,3161.0,3516.0
710.0,1878.0,393.0,955.0,290.0,1642.0,,420.0,3242.0,499.0,3848.0,3023.0,542.0,3495.0,534.0,715.0,3616.0,,2832.0,2027.0,1796.0,,249.0,3574.0,874.0
2456.0,2663.0,585.0,958.0,1658.0,2324.0,,2392.0,219.0,903.0,107.0,1925.0,886.0,3169.0,616.0,267.0,1879.0,,1129.0,2633.0,834.0,,581.0,3409.0,2464.0
2712.0,1925.0,2047.0,3772.0,2482.0,733.0,,121.0,2479.0,734.0,2040.0,2090.0,161.0,1061.0,3266.0,739.0,1372.0,,3239.0,408.0,1892.0,,3346.0,3336.0,867.0
2414.0,19.0,2145.0,2974.0,730.0,2381.0,,2037.0,3598.0,3297.0,2288.0,2310.0,2289.0,418.0,3381.0,2080.0,3548.0,,2118.0,404.0,1024.0,,3490.0,1961.0,3143.0
3281.0,2104.0,1396.0,,2881.0,788.0,,778.0,370.0,2135.0,1544.0,3500.0,2818.0,3887.0,2204.0,3329.0,885.0,,108.0,368.0,1915.0,,1853.0,2575.0,1401.0
1496.0,55.0,2216.0,,575.0,1056.0,,2857.0,1514.0,1133.0,362.0,274.0,354.0,293.0,1987.0,3221.0,758.0,,2235.0,1991.0,637.0,,3271.0,3314.0,1334.0
2925.0,3372.0,3064.0,,258.0,2871.0,,589.0,755.0,3742.0,1820.0,1419.0,709.0,2481.0,2870.0,2210.0,3907.0,,2532.0,3644.0,2702.0,,2433.0,249.0,556.0
3459.0,3367.0,3154.0,,3076.0,36.0,,2429.0,1679.0,2026.0,2060.0,3010.0,2439.0,666.0,766.0,1371.0,1274.0,,3531.0,3718.0,2892.0,,3320.0,2633.0,292.0
979.0,2498.0,1928.0,,3352.0,2160.0,,3312.0,357.0,2487.0,2469.0,1634.0,1033.0,550.0,3095.0,3674.0,1471.0,,856.0,3097.0,2542.0,,2140.0,1489.0,950.0
1073.0,2508.0,1733.0,,1491.0,2921.0,,1710.0,2565.0,1872.0,3637.0,2264.0,3215.0,1631.0,1737.0,1638.0,3819.0,,732.0,3020.0,2389.0,,1584.0,1660.0,3201.0
1685.0,1226.0,2044.0,,1110.0,3277.0,,1372.0,1597.0,3135.0,870.0,2663.0,3706.0,2058.0,1065.0,1302.0,2355.0,,946.0,3686.0,2527.0,,3106.0,3280.0,3020.0
563.0,1420.0,2416.0,,3411.0,1737.0,,669.0,1800.0,564.0,2445.0,1538.0,3280.0,1421.0,3413.0,639.0,2360.0,,608.0,2568.0,322.0,,2741.0,2275.0,1892.0
2056.0,1266.0,2715.0,,3390.0,3126.0,,2821.0,1950.0,2886.0,2898.0,3252.0,1869.0,1091.0,1086.0,2436.0,2712.0,,2363.0,1452.0,3066.0,,201.0,1440.0,1457.0
398.0,1873.0,1911.0,,769.0,199.0,,239.0,3860.0,2647.0,3013.0,423.0,695.0,3298.0,2564.0,1426.0,3516.0,,2245.0,2648.0,926.0,,753.0,3466.0,1819.0
882.0,2796.0,3103.0,,2110.0,1481.0,,1889.0,606.0,2300.0,3203.0,1551.0,2238.0,78.0,377.0,2030.0,1780.0,,3212.0,3022.0,1793.0,,261.0,3142.0,1005.0
2126.0,502.0,1477.0,,1844.0,601.0,,2425.0,3438.0,2326.0,1635.0,3827.0,3385.0,3631.0,978.0,3809.0,566.0,,1534.0,2824.0,1998.0,,416.0,2494.0,747.0
1492.0,3492.0,1223.0,,894.0,2711.0,,2322.0,2516.0,2929.0,1896.0,374.0,2472.0,3612.0,495.0,283.0,841.0,,1777.0,2750.0,2472.0,,1706.0,2143.0,2509.0
2507.0,3588.0,1191.0,,1862.0,3130.0,,3423.0,2246.0,486.0,2313.0,2326.0,3032.0,3661.0,2767.0,2561.0,1920.0,,1897.0,3295.0,365.0,,1636.0,1636.0,916.0
2739.0,2725.0,1348.0,,3286.0,436.0,,3023.0,1456.0,1934.0,1268.0,3438.0,2357.0,250.0,735.0,330.0,1916.0,,2141.0,1433.0,3287.0,,1646.0,819.0,2044.0
3884.0,2597.0,3829.0,,2851.0,2792.0,,2084.0,3742.0,3105.0,1430.0,670.0,1834.0,1342.0,1535.0,3717.0,31.0,,2135.0,878.0,2434.0,,3110.0,2547.0,2612.0
423.0,901.0,447.0,,195.0,1575.0,,3848.0,1031.0,2017.0,3882.0,1605.0,852.0,2986.0,2736.0,3276.0,2249.0,,887.0,836.0,885.0,,1512.0,3059.0,2685.0
2888.0,943.0,660.0,,944.0,3146.0,,350.0,1139.0,3320.0,3492.0,857.0,922.0,3381.0,1731.0,544.0,179.0,,2429.0,1236.0,433.0,,1253.0,503.0,803.0
3476.0,2492.0,3050.0,,2128.0,2852.0,,1551.0,444.0,426.0,46.0,132.0,1838.0,1530.0,379.0,214.0,3878.0,,2020.0,2708.0,2241.0,,2042.0,62.0,2576.0
699.0,198.0,1336.0,,453.0,947.0,,645.0,3878.0,3336.0,3447.0,2412.0,114.0,1671.0,1031.0,626.0,2791.0,,1640.0,3402.0,3220.0,,3155.0,1363.0,1453.0
1036.0,1714.0,1493.0,,3282.0,3256.0,,1561.0,244.0,2050.0,1565.0,3529.0,3863.0,1303.0,292.0,1728.0,3144.0,,3283.0,2612.0,1969.0,,2919.0,1765.0,1775.0
1751.0,325.0,1049.0,,986.0,3085.0,,865.0,982.0,3266.0,1879.0,2653.0,2562.0,3608.0,3837.0,3873.0,2959.0,,2857.0,1547.0,2736.0,,2355.0,922.0,3639.0
810.0,2173.0,1460.0,,3894.0,2135.0,,3790.0,520.0,3365.0,298.0,643.0,2224.0,2833.0,3085.0,2271.0,3540.0,,351.0,1523.0,2140.0,,1784.0,2975.0,801.0
2215.0,20.0,1805.0,,625.0,1615.0,,3857.0,733.0,3069.0,411.0,599.0,730.0,2350.0,1704.0,2350.0,3896.0,,1126.0,627.0,2885.0,,231.0,157.0,3103.0
3122.0,500.0,2980.0,,485.0,941.0,,382.0,1498.0,3038.0,2024.0,1470.0,1598.0,218.0,3026.0,1053.0,548.0,,2361.0,1644.0,1318.0,,2476.0,3440.0,1629.0
2222.0,1077.0,1860.0,,1695.0,3266.0,,3892.0,2754.0,1143.0,1427.0,2111.0,2307.0,3167.0,901.0,3210.0,49.0,,607.0,1087.0,1265.0,,3076.0,692.0,1524.0
2021.0,1446.0,1503.0,,3560.0,1519.0,,35.0,3302.0,3169.0,2255.0,3245.0,247.0,1130.0,2714.0,2100.0,1051.0,,3649.0,1511.0,1608.0,,3726.0,3082.0,2693.0
2144.0,3356.0,1095.0,,3702.0,3803.0,,2015.0,1257.0,3861.0,3095.0,2711.0,965.0,2626.0,3545.0,2515.0,1037.0,,1585.0,309.0,2558.0,,175.0,1528.0,3188.0
283.0,166.0,1289.0,,332.0,1849.0,,57.0,3525.0,2727.0,1912.0,2844.0,3657.0,2761.0,1313.0,2860.0,3417.0,,1821.0,83.0,1486.0,,488.0,1518.0,1748.0
2181.0,675.0,2814.0,,2690.0,875.0,,2157.0,2775.0,3868.0,214.0,3192.0,593.0,2335.0,1459.0,3258.0,252.0,,87.0,2363.0,3001.0,,3483.0,3873.0,2962.0
3002.0,1556.0,758.0,,900.0,3665.0,,3916.0,3406.0,1671.0,671.0,1063.0,2234.0,1260.0,1450.0,2106.0,1361.0,,2802.0,2722.0,1059.0,,120.0,418.0,1279.0
2086.0,178.0,2381.0,,1318.0,78.0,,2547.0,140.0,2.0,570.0,2369.0,2803.0,3090.0,1214.0,1873.0,1291.0,,1264.0,337.0,3481.0,,3332.0,3360.0,606.0
2940.0,1310.0,1467.0,,398.0,2609.0,,2196.0,3863.0,2871.0,1654.0,901.0,2417.0,922.0,2165.0,1273.0,1894.0,,3554.0,3040.0,2193.0,,3120.0,657.0,3411.0
3783.0,171.0,472.0,,1048.0,2683.0,,3337.0,2624.0,3201.0,485.0,1069.0,3441.0,1598.0,2579.0,1080.0,3135.0,,819.0,2989.0,790.0,,2714.0,2996.0,1126.0
2115.0,1041.0,3253.0,,1219.0,3240.0,,7.0,1881.0,911.0,799.0,1308.0,729.0,964.0,2733.0,1936.0,3279.0,,3401.0,538.0,3298.0,,2583.0,61.0,3630.0
3845.0,1885.0,286.0,,305.0,1485.0,,2550.0,887.0,2570.0,855.0,2834.0,512.0,319.0,1204.0,2465.0,2467.0,,1833.0,1622.0,2651.0,,3097.0,3865.0,731.0
265.0,2743.0,351.0,,3395.0,983.0,,2201.0,338.0,3666.0,2642.0,135.0,3900.0,2307.0,258.0,322.0,1053.0,,3825.0,789.0,3072.0,,2631.0,2284.0,1916.0
1805.0,3593.0,504.0,,896.0,3578.0,,356.0,3840.0,2040.0,2605.0,709.0,2464.0,528.0,3631.0,1801.0,786.0,,1946.0,1127.0,540.0,,2239.0,150.0,3261.0
3360.0,2650.0,1351.0,,1451.0,1468.0,,1730.0,1221.0,3740.0,2076.0,3825.0,536.0,3352.0,3610.0,2930.0,2125.0,,2152.0,1979.0,2216.0,,827.0,3024.0,694.0
3162.0,1870.0,2062.0,,3154.0,272.0,,1736.0,3823.0,2847.0,2294.0,2993.0,1314.0,3509.0,2874.0,3301.0,1152.0,,3708.0,3357.0,1292.0,,1609.0,2608.0,823.0
2258.0,664.0,1798.0,,2395.0,3897.0,,1873.0,1933.0,1262.0,1592.0,3373.0,2682.0,1560.0,553.0,472.0,2333.0,,1604.0,3272.0,2845.0,,3315.0,2632.0,698.0
1968.0,3435.0,158.0,,3539.0,2737.0,,1461.0,2227.0,2386.0,3854.0,310.0,142.0,3122.0,3699.0,505.0,2823.0,,1112.0,2553.0,2972.0,,2660.0,1964.0,2810.0
1657.0,3843.0,364.0,,2374.0,3125.0,,2476.0,2816.0,2360.0,2248.0,534.0,632.0,2352.0,2417.0,351.0,863.0,,762.0,381.0,30.0,,2322.0,1090.0,3135.0
2934.0,274.0,2633.0,,144.0,3175.0,,1150.0,3867.0,2738.0,2559.0,1773.0,2961.0,543.0,506.0,2161.0,3014.0,,3074.0,3173.0,1442.0,,992.0,1580.0,3574.0
2754.0,2549.0,1231.0,,2372.0,384.0,,2087.0,1073.0,495.0,414.0,2818.0,415.0,2878.0,1090.0,41.0,3184.0,,3671.0,3255.0,2752.0,,31.0,3711.0,3495.0
177.0,1413.0,3649.0,,1970.0,644.0,,3632.0,12.0,1201.0,381.0,3616.0,2497.0,2940.0,2238.0,3347.0,454.0,,2469.0,2148.0,2024.0,,1577.0,2469.0,832.0
2040.0,212.0,2475.0,,2210.0,924.0,,425.0,418.0,985.0,3352.0,676.0,53.0,3316.0,664.0,1516.0,2314.0,,1576.0,541.0,1443.0,,358.0,1425.0,2291.0
396.0,2848.0,1600.0,,3588.0,921.0,,2020.0,3888.0,3584.0,3865.0,644.0,1058.0,1283.0,3869.0,1923.0,3850.0,,2716.0,1425.0,3334.0,,3336.0,885.0,764.0
3054.0,1469.0,2435.0,,2979.0,2342.0,,363.0,440.0,170.0,3050.0,826.0,637.0,2256.0,2573.0,305.0,1439.0,,755.0,667.0,716.0,,3222.0,2672.0,1466.0
3458.0,3882.0,2369.0,,152.0,2357.0,,757.0,2043.0,1240.0,700.0,1228.0,1075.0,374.0,3058.0,769.0,3219.0,,3879.0,3438.0,2956.0,,3903.0,162.0,529.0
3828.0,3873.0,3128.0,,1981.0,2379.0,,2876.0,1339.0,634.0,1848.0,1219.0,3787.0,3866.0,1539.0,1522.0,2653.0,,2883.0,3150.0,2327.0,,3170.0,1732.0,3112.0
1750.0,1881.0,1357.0,,342.0,3785.0,,1882.0,3850.0,806.0,2662.0,1560.0,2625.0,1711.0,356.0,88.0,2732.0,,3790.0,1767.0,343.0,,1082.0,1326.0,1835.0
3139.0,3068.0,2733.0,,3766.0,2812.0,,2693.0,2229.0,1531.0,2154.0,2227.0,303.0,2257.0,1149.0,1039.0,2603.0,,970.0,2336.0,3480.0,,1356.0,3652.0,1304.0
356.0,2194.0,903.0,,2040.0,3427.0,,1123.0,2174.0,2154.0,3539.0,157.0,3544.0,103.0,1092.0,1073.0,1224.0,,2246.0,2866.0,2146.0,,1089.0,3909.0,384.0
2161.0,7.0,1668.0,,961.0,2571.0,,3272.0,2712.0,3174.0,3763.0,1837.0,1022.0,2374.0,3059.0,2840.0,3406.0,,3643.0,463.0,2037.0,,2163.0,2786.0,929.0
1125.0,351.0,3858.0,,2958.0,3274.0,,498.0,1015.0,3601.0,304.0,2821.0,2658.0,1826.0,1909.0,1099.0,3695.0,,3328.0,3124.0,1354.0,,2546.0,1221.0,815.0
2470.0,30.0,2376.0,,2617.0,1756.0,,3013.0,3608.0,1164.0,3295.0,3886.0,1868.0,2092.0,2907.0,1500.0,10.0,,3277.0,605.0,3747.0,,1334.0,879.0,1537.0
974.0,612.0,2313.0,,2968.0,1525.0,,744.0,653.0,3690.0,1942.0,1950.0,799.0,1751.0,930.0,829.0,464.0,,698.0,2806.0,3583.0,,3422.0,275.0,1506.0
2757.0,1208.0,434.0,,2503.0,2194.0,,3556.0,2696.0,1470.0,2278.0,114.0,1926.0,2569.0,2282.0,812.0,3479.0,,1607.0,2403.0,3509.0,,2547.0,624.0,1719.0
3602.0,2330.0,992.0,,1224.0,275.0,,308.0,492.0,2219.0,2659.0,3681.0,2511.0,1573.0,1672.0,1615.0,2527.0,,146.0,785.0,3.0,,619.0,824.0,729.0
621.0,2644.0,3395.0,,1720.0,1659.0,,2104.0,990.0,1548.0,2339.0,913.0,581.0,1049.0,733.0,3420.0,2681.0,,2566.0,2905.0,3414.0,,901.0,2436.0,562.0
2434.0,2920.0,532.0,,3600.0,3657.0,,3494.0,1724.0,1186.0,610.0,2778.0,1157.0,3616.0,3224.0,2876.0,2863.0,,733.0,2432.0,1198.0,,3354.0,3681.0,648.0
131.0,2497.0,3048.0,,1619.0,2606.0,,1740.0,29.0,2527.0,1125.0,521.0,809.0,0.0,119.0,3212.0,3113.0,,3148.0,2263.0,3605.0,,1170.0,2895.0,2109.0
2494.0,3092.0,786.0,,2627.0,1707.0,,723.0,3185.0,2217.0,3511.0,2709.0,558.0,3203.0,2966.0,3825.0,1570.0,,1720.0,2898.0,1794.0,,1361.0,2629.0,769.0
3807.0,2739.0,613.0,,2606.0,2117.0,,2992.0,2653.0,207.0,768.0,1377.0,3840.0,1058.0,3176.0,199.0,2728.0,,1078.0,3491.0,3867.0,,232.0,1313.0,3618.0
3126.0,2472.0,3801.0,,1428.0,1467.0,,1915.0,3737.0,3134.0,2172.0,3816.0,2689.0,2088.0,3520.0,810.0,561.0,,1211.0,108.0,3874.0,,3767.0,1621.0,1128.0
664.0,3271.0,2319.0,,3259.0,3051.0,,1489.0,1284.0,3595.0,3876.0,609.0,3373.0,555.0,1237.0,2746.0,3751.0,,3073.0,592.0,1772.0,,2258.0,795.0,496.0
3645.0,1541.0,3462.0,,402.0,1494.0,,3078.0,1133.0,2555.0,1204.0,2054.0,2610.0,967.0,2604.0,1106.0,2190.0,,3737.0,16.0,654.0,,2171.0,2426.0,3230.0
2352.0,3459.0,2436.0,,165.0,3338.0,,3737.0,3447.0,1778.0,2306.0,2464.0,1404.0,1185.0,814.0,2743.0,2369.0,,1002.0,1285.0,3599.0,,2630.0,2997.0,796.0
2524.0,3834.0,904.0,,1696.0,1511.0,,2007.0,1538.0,1062.0,3245.0,2907.0,1501.0,3069.0,414.0,1410.0,1893.0,,1975.0,5.0,3329.0,,3609.0,496.0,813.0
3176.0,2921.0,2007.0,,1641.0,3531.0,,2675.0,2065.0,1363.0,3537.0,3414.0,2175.0,2075.0,2451.0,412.0,1508.0,,557.0,3308.0,3771.0,,2103.0,1690.0,2096.0
225.0,1563.0,908.0,,505.0,1910.0,,2391.0,2940.0,3576.0,1457.0,1076.0,2118.0,3206.0,2027.0,2294.0,3531.0,,1307.0,3061.0,44.0,,855.0,2168.0,3310.0
2495.0,2700.0,871.0,,943.0,1590.0,,1355.0,3245.0,2853.0,1302.0,1957.0,1988.0,2490.0,2742.0,1667.0,3109.0,,3773.0,1497.0,3012.0,,3805.0,2569.0,2984.0
1275.0,654.0,630.0,,638.0,3324.0,,3704.0,3770.0,541.0,1417.0,1940.0,1494.0,1881.0,1911.0,2959.0,1413.0,,757.0,120.0,1690.0,,3593.0,3903.0,137.0
3164.0,3185.0,645.0,,2104.0,699.0,,2495.0,3004.0,1217.0,1350.0,3305.0,1339.0,943.0,2325.0,347.0,1010.0,,2895.0,1789.0,3228.0,,2285.0,3702.0,3552.0
3744.0,2010.0,778.0,,1168.0,2059.0,,1063.0,3123.0,1752.0,1594.0,225.0,1748.0,1844.0,2602.0,186.0,74.0,,1741.0,650.0,960.0,,2466.0,370.0,2026.0
2547.0,1617.0,3683.0,,3157.0,2712.0,,2223.0,1848.0,2799.0,1187.0,2754.0,1265.0,2392.0,305.0,1325.0,199.0,,260.0,833.0,487.0,,714.0,2681.0,1611.0
1478.0,393.0,1293.0,,1618.0,2425.0,,1309.0,1442.0,322.0,597.0,1553.0,3794.0,1509.0,2900.0,3350.0,2339.0,,2157.0,987.0,796.0,,899.0,1788.0,258.0
1987.0,2494.0,1435.0,,1235.0,1563.0,,105.0,3208.0,1101.0,2534.0,538.0,1044.0,3791.0,3669.0,1223.0,605.0,,2741.0,3558.0,339.0,,1333.0,1265.0,3708.0
152.0,286.0,1052.0,,3624.0,917.0,,1158.0,1283.0,943.0,891.0,301.0,2708.0,3881.0,1272.0,3503.0,2275.0,,1273.0,3048.0,210.0,,1528.0,3439.0,1012.0
2279.0,730.0,2845.0,,1356.0,2955.0,,2233.0,228.0,1626.0,2494.0,428.0,2998.0,3428.0,694.0,1839.0,2868.0,,3852.0,1147.0,1338.0,,2047.0,884.0,63.0
344.0,1405.0,30.0,,2892.0,89.0,,3117.0,1523.0,498.0,2073.0,3053.0,1359.0,735.0,2899.0,779.0,970.0,,413.0,519.0,2331.0,,2080.0,3858.0,1385.0
37.0,3115.0,842.0,,3196.0,1182.0,,602.0,2657.0,818.0,2734.0,1011.0,2817.0,2389.0,3761.0,1909.0,2450.0,,3801.0,2309.0,3719.0,,3190.0,3828.0,3155.0
1777.0,3254.0,1910.0,,3334.0,1445.0,,521.0,3157.0,2000.0,2690.0,2996.0,3351.0,2080.0,1561.0,3811.0,3456.0,,2410.0,1266.0,3914.0,,570.0,3403.0,3576.0
2891.0,1816.0,3644.0,,2992.0,2801.0,,3488.0,3631.0,3821.0,1360.0,3282.0,384.0,1452.0,1629.0,2446.0,2566.0,,2143.0,2561.0,2607.0,,1232.0,2528.0,664.0
3636.0,1076.0,2117.0,,3165.0,2994.0,,1509.0,730.0,2973.0,1658.0,92.0,2127.0,1917.0,1077.0,2968.0,1348.0,,3445.0,3774.0,3207.0,,2059.0,323.0,243.0
2539.0,2519.0,1055.0,,408.0,3203.0,,2573.0,2071.0,2464.0,993.0,727.0,3109.0,929.0,2136.0,3167.0,649.0,,3891.0,2226.0,2149.0,,3624.0,381.0,990.0
2678.0,3730.0,2650.0,,848.0,3704.0,,2785.0,757.0,3649.0,863.0,2480.0,955.0,1524.0,1660.0,1498.0,433.0,,1667.0,1969.0,948.0,,3625.0,2352.0,828.0
1961.0,956.0,3332.0,,2986.0,3601.0,,2887.0,2680.0,405.0,819.0,591.0,2387.0,530.0,3128.0,2782.0,1985.0,,319.0,1474.0,9.0,,1887.0,727.0,1615.0
676.0,2292.0,1631.0,,3792.0,3394.0,,3444.0,1312.0,472.0,114.0,2488.0,823.0,1731.0,3057.0,1907.0,1066.0,,282.0,106.0,2174.0,,3882.0,1842.0,3194.0
2570.0,1230.0,3894.0,,670.0,2501.0,,3316.0,883.0,1629.0,1909.0,1384.0,3803.0,3487.0,1302.0,3492.0,1164.0,,1351.0,865.0,1018.0,,1693.0,1609.0,3434.0
81.0,3290.0,2212.0,,2129.0,958.0,,400.0,884.0,1084.0,313.0,3172.0,2298.0,1695.0,2171.0,3849.0,2483.0,,3502.0,2201.0,3694.0,,393.0,2612.0,138.0
3395.0,3177.0,2594.0,,1248.0,1405.0,,3140.0,93.0,3326.0,699.0,1577.0,1530.0,455.0,3518.0,2809.0,3550.0,,129.0,3587.0,238.0,,507.0,380.0,2520.0
1703.0,981.0,175.0,,1521.0,117.0,,3535.0,1553.0,3632.0,1124.0,1526.0,324.0,3914.0,1586.0,1740.0,1401.0,,2115.0,3457.0,2234.0,,2676.0,2888.0,734.0
3338.0,1629.0,3565.0,,228.0,3843.0,,819.0,3674.0,2195.0,3355.0,2323.0,398.0,1941.0,515.0,55.0,3045.0,,1783.0,1378.0,2882.0,,3468.0,186.0,240.0
883.0,1740.0,2582.0,,2030.0,2568.0,,2615.0,1174.0,621.0,3903.0,833.0,3263.0,2504.0,3330.0,2895.0,305.0,,2809.0,1899.0,233.0,,2478.0,2904.0,91.0
1960.0,2607.0,132.0,,70.0,1768.0,,3304.0,3453.0,99.0,3832.0,2275.0,1529.0,1832.0,1451.0,979.0,2808.0,,24.0,2473.0,1986.0,,638.0,2670.0,963.0
1610.0,3047.0,1613.0,,2418.0,2020.0,,2024.0,1376.0,3775.0,1757.0,1967.0,1826.0,3158.0,1463.0,1583.0,1724.0,,274.0,2962.0,1462.0,,3495.0,434.0,566.0
3442.0,911.0,872.0,,2993.0,3603.0,,480.0,760.0,103.0,2235.0,976.0,3427.0,1794.0,3715.0,3591.0,2703.0,,998.0,1608.0,1249.0,,2869.0,3827.0,1228.0
3623.0,1300.0,1883.0,,2078.0,1855.0,,711.0,201.0,865.0,3681.0,79.0,1204.0,392.0,1811.0,968.0,3448.0,,2572.0,1113.0,298.0,,33.0,3897.0,1174.0
2023.0,959.0,3000.0,,3503.0,940.0,,3624.0,970.0,104.0,1193.0,273.0,2863.0,3091.0,3293.0,1141.0,3010.0,,2218.0,400.0,3603.0,,3224.0,344.0,1855.0
2208.0,1423.0,1853.0,,2633.0,3854.0,,764.0,479.0,1786.0,297.0,2674.0,3641.0,2901.0,780.0,550.0,3293.0,,2777.0,2984.0,2894.0,,2613.0,1284.0,2151.0
1071.0,1251.0,2336.0,,1045.0,2879.0,,2055.0,1660.0,1234.0,3125.0,3221.0,1512.0,463.0,2515.0,1561.0,320.0,,3378.0,3837.0,2409.0,,2006.0,1150.0,383.0
986.0,1093.0,1395.0,,1688.0,1665.0,,3802.0,938.0,3305.0,3582.0,1739.0,2869.0,891.0,2161.0,2124.0,1859.0,,1619.0,2947.0,1942.0,,3884.0,1151.0,3042.0
3232.0,3501.0,3734.0,,1838.0,2066.0,,2877.0,599.0,1055.0,191.0,2738.0,2007.0,2135.0,1274.0,1071.0,3001.0,,1748.0,2653.0,34.0,,2726.0,502.0,2339.0
439.0,1038.0,3877.0,,2354.0,2951.0,,2051.0,3544.0,883.0,465.0,3719.0,1169.0,3023.0,1666.0,3245.0,361.0,,2878.0,787.0,1620.0,,56.0,403.0,2063.0
1673.0,1906.0,140.0,,2177.0,3376.0,,816.0,2611.0,2640.0,3000.0,872.0,2752.0,1297.0,1554.0,976.0,1435.0,,2985.0,2022.0,1549.0,,1970.0,516.0,2513.0
488.0,2951.0,3723.0,,3816.0,2141.0,,1259.0,3907.0,31.0,1802.0,1989.0,2899.0,3318.0,2682.0,1400.0,1671.0,,2946.0,1257.0,3513.0,,1432.0,1932.0,1667.0
1611.0,2688.0,978.0,,600.0,2480.0,,2556.0,1843.0,3916.0,3127.0,1216.0,638.0,3769.0,2572.0,2975.0,838.0,,2512.0,971.0,882.0,,2938.0,1403.0,145.0
1780.0,1584.0,1157.0,,1484.0,3230.0,,538.0,1470.0,654.0,2701.0,510.0,21.0,3496.0,3657.0,502.0,1552.0,,670.0,3591.0,2861.0,,3709.0,3717.0,3039.0
3127.0,2026.0,1134.0,,645.0,2513.0,,1755.0,620.0,51.0,1058.0,3819.0,271.0,1093.0,362.0,2597.0,3462.0,,2834.0,3053.0,3344.0,,3187.0,2188.0,2106.0
2953.0,2283.0,2663.0,,659.0,3829.0,,272.0,1735.0,3751.0,3415.0,1947.0,2231.0,1597.0,460.0,161.0,2879.0,,788.0,3083.0,2866.0,,2210.0,1941.0,2965.0
452.0,3489.0,2311.0,,1257.0,2490.0,,1369.0,667.0,325.0,2450.0,488.0,1464.0,689.0,1231.0,3580.0,1475.0,,3517.0,1929.0,3776.0,,2596.0,1333.0,1348.0
1208.0,3725.0,1036.0,,2466.0,342.0,,1485.0,3365.0,812.0,3267.0,2755.0,797.0,1759.0,540.0,1507.0,3686.0,,188.0,3336.0,2482.0,,3017.0,2693.0,2841.0
2183.0,2531.0,2434.0,,1150.0,3490.0,,1884.0,2188.0,2915.0,3167.0,390.0,286.0,2275.0,1502.0,3786.0,914.0,,1218.0,3229.0,2456.0,,1532.0,678.0,2697.0
2468.0,1489.0,3488.0,,2577.0,2223.0,,2034.0,3070.0,2782.0,1377.0,328.0,3750.0,2002.0,3829.0,3820.0,3842.0,,3137.0,3708.0,2179.0,,1085.0,1733.0,3224.0
1979.0,541.0,1099.0,,3629.0,282.0,,3226.0,31.0,3118.0,424.0,3765.0,3118.0,492.0,1901.0,1738.0,1625.0,,2720.0,606.0,3908.0,,1845.0,587.0,3026.0
677.0,1339.0,179.0,,1270.0,1191.0,,849.0,858.0,2184.0,3273.0,1620.0,2992.0,1915.0,813.0,1955.0,321.0,,2682.0,2104.0,2884.0,,3005.0,2835.0,3007.0
1432.0,2297.0,3792.0,,1724.0,1090.0,,1973.0,1391.0,1509.0,3463.0,2203.0,7.0,1833.0,2197.0,947.0,178.0,,3914.0,2841.0,2153.0,,2880.0,654.0,1423.0
2250.0,1801.0,1587.0,,2489.0,729.0,,2922.0,3043.0,3071.0,2194.0,1071.0,2459.0,715.0,436.0,110.0,2363.0,,813.0,2543.0,986.0,,49.0,504.0,3685.0
2905.0,545.0,3396.0,,2767.0,2971.0,,54.0,2406.0,3697.0,3275.0,104.0,716.0,1840.0,1064.0,2473.0,3566.0,,3167.0,608.0,1113.0,,2940.0,3792.0,275.0
384.0,3614.0,3003.0,,984.0,1189.0,,3098.0,281.0,3079.0,2021.0,847.0,3181.0,1579.0,2424.0,3626.0,1999.0,,2514.0,888.0,3458.0,,166.0,2201.0,400.0
3401.0,3110.0,3658.0,,2877.0,81.0,,1120.0,788.0,724.0,301.0,3161.0,859.0,3734.0,2975.0,2575.0,3598.0,,936.0,2710.0,1640.0,,3546.0,2738.0,422.0
2629.0,103.0,2903.0,,2757.0,1611.0,,2521.0,2224.0,3222.0,1424.0,1267.0,1558.0,2035.0,2441.0,68.0,665.0,,429.0,1986.0,729.0,,1572.0,3341.0,1816.0
836.0,2171.0,2210.0,,3751.0,1325.0,,2280.0,592.0,1961.0,577.0,481.0,1261.0,3704.0,1565.0,1489.0,3493.0,,3717.0,1423.0,1378.0,,151.0,3551.0,788.0
3048.0,1626.0,449.0,,2397.0,528.0,,1846.0,1641.0,1654.0,3604.0,3326.0,2913.0,3708.0,2342.0,2767.0,839.0,,1506.0,3554.0,1758.0,,2044.0,1607.0,291.0
1721.0,1856.0,638.0,,1141.0,543.0,,2963.0,3750.0,1566.0,2760.0,358.0,3018.0,2310.0,3788.0,3185.0,1648.0,,772.0,1617.0,942.0,,3116.0,3494.0,2941.0
2719.0,2613.0,3711.0,,2471.0,1239.0,,699.0,3359.0,2490.0,3324.0,3527.0,3624.0,1288.0,2529.0,2829.0,2282.0,,3177.0,2171.0,3419.0,,444.0,24.0,3255.0
2914.0,655.0,3620.0,,3551.0,3366.0,,3904.0,3084.0,352.0,2218.0,152.0,2533.0,704.0,166.0,324.0,2768.0,,2274.0,1626.0,655.0,,573.0,58.0,750.0
3073.0,1428.0,2783.0,,2755.0,2865.0,,2372.0,1351.0,3402.0,1018.0,2832.0,1292.0,3186.0,260.0,3857.0,112.0,,2418.0,2313.0,1240.0,,1660.0,2719.0,1373.0
591.0,1951.0,2977.0,,2766.0,2652.0,,1028.0,3793.0,1520.0,474.0,2069.0,3562.0,1373.0,1315.0,70.0,144.0,,1950.0,3016.0,3856.0,,3628.0,1766.0,3015.0
1949.0,301.0,3559.0,,1738.0,1876.0,,1652.0,1713.0,3842.0,491.0,1599.0,2807.0,557.0,505.0,3032.0,2440.0,,2313.0,129.0,2844.0,,3904.0,1285.0,3272.0
33.0,12.0,922.0,,136.0,20.0,,1750.0,1467.0,3673.0,3833.0,1977.0,3552.0,507.0,2105.0,3199.0,2507.0,,2164.0,2091.0,2271.0,,1566.0,353.0,2242.0
545.0,1958.0,1011.0,,2021.0,1708.0,,2326.0,2411.0,1510.0,1132.0,3323.0,2356.0,537.0,1492.0,2235.0,164.0,,2241.0,2655.0,2011.0,,3227.0,286.0,1239.0
3525.0,2458.0,1568.0,,1860.0,2500.0,,1230.0,1928.0,3453.0,3159.0,3568.0,279.0,2348.0,2790.0,2463.0,2464.0,,2288.0,1874.0,3497.0,,631.0,2527.0,2080.0
2974.0,2815.0,3224.0,,3053.0,351.0,,1865.0,1356.0,1322.0,1141.0,494.0,2637.0,583.0,2399.0,3883.0,2860.0,,678.0,1163.0,2464.0,,1630.0,364.0,1863.0
,3383.0,1648.0,,1370.0,424.0,,1269.0,1780.0,3265.0,2387.0,1247.0,350.0,1467.0,2117.0,1875.0,2753.0,,390.0,77.0,2974.0,,2340.0,916.0,1564.0
,404.0,3605.0,,1349.0,1714.0,,980.0,205.0,1418.0,2772.0,267.0,2707.0,3291.0,93.0,2774.0,2700.0,,1615.0,272.0,,,3000.0,2931.0,3604.0
,3203.0,3713.0,,1269.0,1045.0,,3075.0,3643.0,5.0,3359.0,1064.0,3503.0,3166.0,1293.0,2276.0,2579.0,,361.0,527.0,,,343.0,1712.0,2447.0
,1392.0,1830.0,,417.0,26.0,,3144.0,3353.0,1636.0,3898.0,925.0,2354.0,977.0,2531.0,3721.0,2710.0,,1535.0,1940.0,,,1802.0,967.0,3279.0
,1032.0,2068.0,,1063.0,1146.0,,3017.0,2889.0,3879.0,832.0,2645.0,2062.0,221.0,1914.0,1120.0,2252.0,,1739.0,2459.0,,,21.0,3231.0,3879.0
,2859.0,744.0,,1238.0,3817.0,,71.0,3785.0,2307.0,787.0,983.0,860.0,1843.0,2053.0,1608.0,828.0,,1076.0,2978.0,,,189.0,1100.0,836.0
,3477.0,1057.0,,1824.0,3038.0,,897.0,86.0,3676.0,543.0,1562.0,3462.0,1214.0,1947.0,2065.0,2026.0,,955.0,37.0,,,2121.0,2110.0,2607.0
,2904.0,3346.0,,201.0,2448.0,,2342.0,2571.0,1353.0,3055.0,1450.0,3606.0,849.0,2414.0,3029.0,1042.0,,1814.0,3217.0,,,879.0,1633.0,3648.0
,3596.0,2328.0,,140.0,2478.0,,2091.0,2827.0,1846.0,1977.0,3480.0,2715.0,999.0,3615.0,3414.0,3191.0,,2746.0,1371.0,,,2374.0,128.0,2574.0
,380.0,3432.0,,3191.0,1673.0,,2987.0,2557.0,3587.0,2577.0,3597.0,1848.0,2362.0,3814.0,1880.0,430.0,,2698.0,2921.0,,,2370.0,541.0,1335.0
,3194.0,1936.0,,2515.0,1766.0,,3204.0,2839.0,210.0,605.0,1113.0,491.0,1810.0,1368.0,3459.0,3760.0,,325.0,3129.0,,,1562.0,2882.0,3396.0
,3442.0,1272.0,,1692.0,3528.0,,658.0,3497.0,2485.0,1.0,1905.0,2111.0,562.0,3197.0,323.0,271.0,,3890.0,1158.0,,,2735.0,194.0,1836.0
,2937.0,1693.0,,1705.0,244.0,,158.0,3555.0,2733.0,420.0,3160.0,1351.0,3373.0,1328.0,1361.0,726.0,,2846.0,2578.0,,,3909.0,5.0,610.0
,168.0,3797.0,,2793.0,2735.0,,77.0,1148.0,1906.0,2323.0,1941.0,1533.0,671.0,431.0,2099.0,3078.0,,1368.0,1521.0,,,66.0,3380.0,1494.0
,2945.0,2162.0,,300.0,2718.0,,2994.0,2186.0,3643.0,3299.0,658.0,3798.0,1585.0,768.0,383.0,2855.0,,3724.0,1221.0,,,1897.0,543.0,1577.0
,82.0,3790.0,,623.0,2256.0,,1198.0,2115.0,176.0,1211.0,1624.0,712.0,1143.0,598.0,3639.0,1415.0,,2663.0,2509.0,,,3862.0,842.0,415.0
,1125.0,293.0,,2439.0,3505.0,,2401.0,2091.0,3915.0,2484.0,237.0,2956.0,1108.0,1978.0,1463.0,3056.0,,1870.0,1356.0,,,1491.0,3123.0,1155.0
,2509.0,2997.0,,1311.0,1142.0,,352.0,2284.0,991.0,2314.0,754.0,3565.0,2547.0,1428.0,662.0,3768.0,,1007.0,3622.0,,,3212.0,1243.0,69.0
,1054.0,1501.0,,1206.0,3806.0,,3584.0,569.0,1342.0,1489.0,2237.0,2332.0,1770.0,3102.0,400.0,2174.0,,3251.0,2356.0,,,1221.0,608.0,93.0
,3007.0,23.0,,561.0,489.0,,1926.0,1765.0,3380.0,2855.0,3188.0,3598.0,405.0,3854.0,1998.0,2947.0,,2859.0,2259.0,,,1121.0,190.0,3687.0
,1785.0,3816.0,,3873.0,1261.0,,53.0,1090.0,2314.0,2062.0,2944.0,574.0,644.0,2635.0,135.0,1596.0,,2028.0,2777.0,,,1765.0,2413.0,359.0
,571.0,2208.0,,1353.0,319.0,,3532.0,3285.0,1653.0,1890.0,1745.0,1551.0,1865.0,2889.0,3499.0,3034.0,,3406.0,1088.0,,,1942.0,2530.0,2375.0
,2940.0,1147.0,,2364.0,3207.0,,2949.0,564.0,74.0,315.0,2605.0,3238.0,312.0,2200.0,3622.0,3499.0,,2347.0,1228.0,,,2506.0,1187.0,2006.0
,60.0,822.0,,2289.0,3405.0,,2156.0,2007.0,523.0,3237.0,3604.0,2821.0,1762.0,3453.0,838.0,1986.0,,2055.0,2035.0,,,3161.0,2318.0,1604.0
,3343.0,2747.0,,3126.0,888.0,,731.0,2391.0,412.0,2775.0,1771.0,3489.0,1177.0,421.0,2772.0,280.0,,1803.0,3367.0,,,398.0,1411.0,2537.0
,3653.0,2955.0,,3824.0,674.0,,3743.0,3568.0,3194.0,3806.0,596.0,2075.0,1887.0,2878.0,1128.0,675.0,,179.0,704.0,,,375.0,1577.0,2510.0
,3221.0,2731.0,,1855.0,2489.0,,805.0,2855.0,1949.0,1191.0,1523.0,1824.0,1956.0,2904.0,3124.0,928.0,,777.0,3194.0,,,3696.0,1061.0,3356.0
,1896.0,3889.0,,193.0,1130.0,,240.0,346.0,3301.0,511.0,2452.0,1940.0,2434.0,2857.0,2143.0,1960.0,,3126.0,845.0,,,2081.0,482.0,168.0
,1409.0,929.0,,2422.0,16.0,,2204.0,503.0,482.0,229.0,3661.0,2890.0,3555.0,2993.0,2485.0,1845.0,,2853.0,1342.0,,,283.0,517.0,1025.0
,3479.0,3243.0,,3103.0,223.0,,3010.0,3034.0,267.0,1164.0,2358.0,3159.0,2614.0,256.0,1651.0,1901.0,,715.0,1766.0,,,811.0,512.0,174.0
,3226.0,1872.0,,1657.0,2334.0,,2900.0,3411.0,866.0,198.0,3875.0,2739.0,2066.0,3422.0,3700.0,3802.0,,1910.0,1657.0,,,1336.0,3390.0,2525.0
,3168.0,1341.0,,3382.0,579.0,,2297.0,3044.0,712.0,3322.0,1391.0,624.0,3110.0,1903.0,617.0,2613.0,,2005.0,835.0,,,50.0,1330.0,2252.0
,644.0,1482.0,,409.0,630.0,,2927.0,1368.0,1861.0,152.0,3302.0,471.0,1468.0,2405.0,445.0,3130.0,,641.0,160.0,,,3623.0,3068.0,2511.0
,1278.0,3736.0,,1967.0,1013.0,,2070.0,3003.0,1885.0,1372.0,155.0,3810.0,601.0,1045.0,3014.0,528.0,,2205.0,2010.0,,,1625.0,3848.0,29.0
,2100.0,1382.0,,3830.0,1852.0,,3340.0,2918.0,374.0,621.0,3556.0,3703.0,2265.0,2799.0,2730.0,3522.0,,1999.0,1293.0,,,816.0,3281.0,102.0
,161.0,3886.0,,21.0,2802.0,,1766.0,3688.0,658.0,2243.0,910.0,1772.0,2604.0,38.0,444.0,2821.0,,1371.0,521.0,,,1787.0,3495.0,2317.0
,970.0,381.0,,3139.0,2533.0,,3828.0,3327.0,1881.0,837.0,3892.0,1046.0,2482.0,792.0,3397.0,1349.0,,596.0,858.0,,,1055.0,3683.0,681.0
,950.0,1129.0,,1246.0,2804.0,,3639.0,1468.0,2539.0,3151.0,216.0,2518.0,1267.0,1885.0,3386.0,2159.0,,1128.0,3250.0,,,2946.0,1058.0,907.0
,2547.0,3700.0,,3129.0,443.0,,3096.0,30.0,280.0,3421.0,3878.0,3364.0,1718.0,2848.0,2239.0,1165.0,,3125.0,2310.0,,,3362.0,2560.0,1992.0
,929.0,3364.0,,953.0,3766.0,,407.0,566.0,1228.0,2133.0,668.0,2437.0,1961.0,3000.0,568.0,1076.0,,2054.0,561.0,,,2063.0,1365.0,1434.0
,2056.0,3503.0,,2161.0,1267.0,,1825.0,3322.0,467.0,3021.0,9.0,1717.0,3384.0,432.0,134.0,3814.0,,1794.0,211.0,,,1827.0,3459.0,3262.0
,3273.0,2399.0,,3916.0,509.0,,3487.0,1793.0,2666.0,124.0,3026.0,3158.0,1745.0,3185.0,2370.0,977.0,,3635.0,2529.0,,,3014.0,2463.0,3383.0
,1692.0,1517.0,,3332.0,1286.0,,1151.0,666.0,2137.0,3750.0,3610.0,3221.0,2297.0,3618.0,3484.0,2905.0,,402.0,137.0,,,2737.0,3220.0,3697.0
,3752.0,466.0,,2018.0,2260.0,,2478.0,721.0,1560.0,1406.0,3879.0,1007.0,3652.0,810.0,2418.0,3773.0,,3207.0,769.0,,,1036.0,599.0,1824.0
,126.0,2356.0,,2842.0,1333.0,,3215.0,2793.0,667.0,3410.0,258.0,1502.0,2202.0,2819.0,3746.0,3626.0,,3155.0,1145.0,,,531.0,484.0,3127.0
,1129.0,3344.0,,2035.0,1508.0,,635.0,999.0,3500.0,3695.0,3428.0,1670.0,3372.0,2328.0,1864.0,2647.0,,23.0,3030.0,,,2824.0,700.0,2889.0
,862.0,2615.0,,1391.0,2631.0,,2833.0,3873.0,1323.0,1835.0,577.0,3650.0,915.0,1921.0,2289.0,145.0,,3262.0,3071.0,,,1044.0,1414.0,3759.0
,2294.0,106.0,,1974.0,1201.0,,754.0,2734.0,3780.0,1443.0,1073.0,2192.0,2016.0,2939.0,3110.0,3714.0,,1920.0,2298.0,,,413.0,862.0,960.0
,2466.0,806.0,,1495.0,615.0,,146.0,2389.0,3173.0,582.0,3379.0,2049.0,565.0,3008.0,2105.0,2908.0,,2146.0,3384.0,,,421.0,617.0,1130.0
,628.0,1005.0,,2140.0,84.0,,2656.0,287.0,2510.0,2962.0,2478.0,755.0,67.0,1171.0,3531.0,782.0,,634.0,1670.0,,,160.0,3846.0,362.0
,810.0,2866.0,,138.0,3459.0,,183.0,1953.0,630.0,3856.0,436.0,3232.0,3569.0,2226.0,1631.0,1198.0,,870.0,540.0,,,3844.0,3904.0,3913.0
,1315.0,37.0,,3486.0,1986.0,,2021.0,3255.0,2945.0,2909.0,2173.0,1745.0,859.0,254.0,1559.0,1597.0,,2325.0,2937.0,,,3186.0,2337.0,1761.0
,2988.0,886.0,,3442.0,3872.0,,3771.0,3851.0,795.0,1354.0,566.0,1223.0,3688.0,1455.0,3026.0,2669.0,,17.0,2640.0,,,2188.0,2334.0,2314.0
,3559.0,3455.0,,1581.0,379.0,,871.0,3487.0,568.0,1847.0,2374.0,185.0,3497.0,3426.0,3555.0,2287.0,,1369.0,3144.0,,,3295.0,1846.0,804.0
,882.0,2308.0,,2941.0,406.0,,688.0,2815.0,2983.0,1089.0,1262.0,946.0,966.0,684.0,1098.0,108.0,,842.0,2293.0,,,3856.0,2278.0,1710.0
,1384.0,1826.0,,1762.0,398.0,,116.0,3637.0,2182.0,1099.0,892.0,2927.0,2712.0,2167.0,2786.0,2904.0,,3639.0,525.0,,,2055.0,3543.0,1985.0
,2438.0,2496.0,,934.0,3212.0,,1774.0,3443.0,1115.0,704.0,3348.0,1697.0,142.0,3109.0,1221.0,807.0,,259.0,2581.0,,,2013.0,1334.0,1323.0
,3757.0,3538.0,,3067.0,3511.0,,3361.0,3619.0,2433.0,2563.0,1173.0,2498.0,16.0,2555.0,808.0,3542.0,,1294.0,2956.0,,,2863.0,1251.0,3113.0
,119.0,1485.0,,72.0,2318.0,,2768.0,2661.0,1945.0,370.0,3477.0,2444.0,1383.0,729.0,1149.0,718.0,,2510.0,3151.0,,,934.0,1270.0,1738.0
,3422.0,2166.0,,2629.0,2628.0,,1114.0,1654.0,3724.0,3212.0,543.0,2370.0,131.0,1707.0,2354.0,3769.0,,1505.0,3133.0,,,3062.0,714.0,2926.0
,3151.0,3712.0,,3470.0,50.0,,3840.0,1269.0,1836.0,760.0,2592.0,1828.0,706.0,1264.0,1617.0,1377.0,,2713.0,3024.0,,,3788.0,2994.0,3320.0
,2293.0,3546.0,,2788.0,621.0,,3513.0,2569.0,1731.0,3886.0,2377.0,2889.0,1965.0,1334.0,1908.0,746.0,,2867.0,3044.0,,,3607.0,1937.0,3663.0
,1651.0,2983.0,,1857.0,3431.0,,3089.0,1790.0,2778.0,3417.0,2594.0,3123.0,2898.0,2070.0,2796.0,281.0,,1386.0,258.0,,,3214.0,1879.0,2244.0
,3280.0,1489.0,,1632.0,2196.0,,639.0,144.0,580.0,3214.0,2700.0,106.0,2872.0,2546.0,3538.0,1347.0,,294.0,2486.0,,,1788.0,1364.0,3173.0
,998.0,487.0,,1434.0,1319.0,,453.0,3884.0,2245.0,2859.0,3896.0,3054.0,3476.0,316.0,3497.0,1634.0,,73.0,590.0,,,1441.0,1616.0,1145.0
,743.0,1907.0,,255.0,3799.0,,29.0,1266.0,2381.0,1920.0,1663.0,496.0,1290.0,1938.0,3241.0,3208.0,,3772.0,1411.0,,,2133.0,1929.0,3727.0
,2234.0,1193.0,,876.0,3100.0,,2665.0,3881.0,3518.0,1014.0,1613.0,2029.0,1498.0,433.0,2797.0,3482.0,,1639.0,1345.0,,,973.0,3761.0,339.0
,2705.0,3080.0,,2025.0,158.0,,3385.0,941.0,987.0,770.0,1776.0,3425.0,3252.0,2145.0,3868.0,2789.0,,3323.0,539.0,,,3264.0,1560.0,3566.0
,3642.0,3173.0,,3627.0,1834.0,,2278.0,2467.0,1373.0,1680.0,2966.0,1088.0,1814.0,1474.0,2602.0,1174.0,,3881.0,721.0,,,2618.0,1762.0,3605.0
,826.0,1119.0,,3113.0,2439.0,,404.0,374.0,2148.0,788.0,1020.0,3440.0,3501.0,1834.0,969.0,2695.0,,2530.0,2062.0,,,75.0,1998.0,1789.0
,958.0,3365.0,,3610.0,2018.0,,3644.0,1111.0,3164.0,1776.0,14.0,1592.0,1227.0,45.0,3557.0,1101.0,,1178.0,3045.0,,,2892.0,636.0,1834.0
,2564.0,569.0,,2541.0,3751.0,,3061.0,2963.0,3360.0,1277.0,3080.0,3747.0,739.0,2468.0,385.0,1802.0,,2603.0,2411.0,,,19.0,273.0,861.0
,2977.0,2357.0,,641.0,486.0,,2018.0,1754.0,1092.0,667.0,1417.0,179.0,3052.0,2307.0,1154.0,3251.0,,164.0,2652.0,,,2604.0,933.0,919.0
,3139.0,1904.0,,3338.0,1078.0,,3617.0,3861.0,880.0,1456.0,1436.0,858.0,2718.0,2180.0,1375.0,2486.0,,2865.0,3055.0,,,2316.0,2746.0,3883.0
,1161.0,2816.0,,1062.0,2483.0,,2287.0,3071.0,2652.0,2681.0,2562.0,1269.0,3535.0,3629.0,907.0,410.0,,2954.0,1025.0,,,1430.0,3429.0,3330.0
,2536.0,974.0,,3837.0,738.0,,1147.0,1033.0,740.0,2643.0,3576.0,3819.0,1561.0,2478.0,3718.0,1965.0,,2327.0,1467.0,,,1039.0,2856.0,3274.0
,2722.0,2525.0,,576.0,1154.0,,1920.0,2307.0,62.0,1063.0,2466.0,3405.0,3417.0,1034.0,1461.0,1605.0,,1300.0,795.0,,,1870.0,3598.0,3491.0
,179.0,2498.0,,2143.0,2246.0,,3150.0,1595.0,3392.0,1783.0,3744.0,2334.0,1245.0,1688.0,2152.0,2540.0,,2610.0,1530.0,,,3907.0,423.0,438.0
,3162.0,3785.0,,251.0,2021.0,,1076.0,3128.0,2054.0,3565.0,2287.0,2009.0,1974.0,3001.0,3048.0,1632.0,,2612.0,1142.0,,,3758.0,2658.0,1591.0
,3877.0,641.0,,1551.0,4.0,,316.0,2257.0,2728.0,630.0,933.0,277.0,1092.0,2301.0,3323.0,1820.0,,2309.0,1357.0,,,386.0,872.0,490.0
,1631.0,1562.0,,2528.0,3746.0,,2045.0,1874.0,2686.0,3892.0,3103.0,3117.0,3171.0,2679.0,3088.0,1555.0,,2800.0,2037.0,,,2288.0,2385.0,2501.0
,485.0,852.0,,291.0,3767.0,,3059.0,512.0,3662.0,2045.0,3025.0,3913.0,1305.0,821.0,3353.0,442.0,,39.0,3617.0,,,1265.0,1264.0,3167.0
,3646.0,1565.0,,1047.0,625.0,,1795.0,644.0,2926.0,3568.0,2731.0,2712.0,397.0,3.0,2185.0,1846.0,,281.0,2114.0,,,2991.0,573.0,3073.0
,3368.0,3793.0,,1424.0,1047.0,,3281.0,942.0,3109.0,3287.0,31.0,3436.0,2144.0,2163.0,3130.0,1.0,,1024.0,3621.0,,,990.0,786.0,3629.0
,3863.0,3452.0,,2051.0,3537.0,,3043.0,2799.0,2139.0,2156.0,3713.0,339.0,1167.0,1245.0,2440.0,411.0,,113.0,2472.0,,,3472.0,3739.0,1612.0
,74.0,389.0,,168.0,1462.0,,3184.0,2074.0,111.0,495.0,1588.0,3642.0,1412.0,1919.0,256.0,2917.0,,2173.0,3673.0,,,2628.0,2429.0,68.0
,162.0,1078.0,,3756.0,1420.0,,224.0,1504.0,3804.0,2471.0,1100.0,2675.0,642.0,3698.0,3231.0,3031.0,,1361.0,1336.0,,,2274.0,2678.0,3482.0
,2827.0,1062.0,,39.0,3003.0,,2646.0,2199.0,2155.0,1636.0,1871.0,364.0,3624.0,1278.0,3360.0,125.0,,1727.0,3120.0,,,3557.0,175.0,3575.0
,3781.0,237.0,,2248.0,790.0,,3245.0,1080.0,1098.0,2188.0,3732.0,2848.0,263.0,3741.0,3701.0,2889.0,,1829.0,1334.0,,,3691.0,3311.0,1340.0
,416.0,2201.0,,2427.0,206.0,,184.0,1161.0,2070.0,831.0,2744.0,2813.0,802.0,3076.0,3374.0,3217.0,,3766.0,1541.0,,,2960.0,2724.0,1090.0
,2956.0,2658.0,,3823.0,648.0,,2791.0,1038.0,1111.0,3034.0,1249.0,3274.0,85.0,459.0,1274.0,3291.0,,3237.0,515.0,,,1714.0,600.0,1343.0
,2963.0,438.0,,3143.0,3583.0,,1229.0,3765.0,1264.0,3577.0,1027.0,1201.0,1287.0,897.0,2356.0,577.0,,1823.0,3437.0,,,3731.0,1083.0,1149.0
,2430.0,3230.0,,1721.0,1202.0,,1894.0,3233.0,2832.0,2365.0,2196.0,1000.0,1072.0,435.0,3489.0,2946.0,,3274.0,3694.0,,,3088.0,1996.0,3554.0
,1224.0,3256.0,,1239.0,1304.0,,929.0,529.0,3257.0,3595.0,3000.0,2278.0,2024.0,3402.0,934.0,1900.0,,1210.0,432.0,,,465.0,2957.0,1579.0
,51.0,3140.0,,1726.0,913.0,,3867.0,1430.0,2900.0,1659.0,2000.0,1762.0,2927.0,3609.0,3263.0,2168.0,,171.0,1805.0,,,3529.0,3259.0,814.0
,1069.0,547.0,,2089.0,639.0,,1444.0,585.0,2732.0,3242.0,173.0,2501.0,3450.0,3587.0,269.0,909.0,,1041.0,1011.0,,,2412.0,3266.0,2811.0
,1827.0,3549.0,,1867.0,920.0,,326.0,3710.0,3141.0,3831.0,1806.0,603.0,2242.0,1384.0,1767.0,1768.0,,1804.0,1994.0,,,3497.0,1074.0,260.0
,180.0,3727.0,,1480.0,3775.0,,2286.0,2063.0,974.0,1176.0,542.0,838.0,3414.0,960.0,2112.0,2169.0,,3457.0,3009.0,,,3411.0,1443.0,3726.0
,3328.0,754.0,,990.0,3367.0,,3388.0,2216.0,2683.0,1517.0,2389.0,1900.0,1265.0,3666.0,2046.0,2258.0,,3645.0,3789.0,,,1687.0,3826.0,892.0
,1132.0,1866.0,,1473.0,859.0,,2741.0,1695.0,1492.0,3314.0,3790.0,969.0,576.0,294.0,1114.0,2254.0,,1801.0,3163.0,,,986.0,2444.0,1953.0
,3615.0,2861.0,,2849.0,183.0,,2469.0,2064.0,1256.0,3671.0,221.0,834.0,933.0,3106.0,1493.0,3097.0,,1283.0,797.0,,,2568.0,3906.0,2258.0
,1267.0,1536.0,,339.0,3609.0,,1919.0,3588.0,1633.0,3755.0,3183.0,808.0,2640.0,990.0,3251.0,862.0,,27.0,2328.0,,,3785.0,2262.0,567.0
,3240.0,111.0,,3680.0,2741.0,,3230.0,3847.0,3128.0,2291.0,148.0,1014.0,1286.0,1899.0,1157.0,538.0,,2450.0,2679.0,,,8.0,926.0,2255.0
,543.0,2076.0,,2273.0,1787.0,,2539.0,3299.0,2976.0,2290.0,1890.0,2033.0,287.0,1991.0,1550.0,495.0,,2738.0,1533.0,,,3395.0,992.0,555.0
,2849.0,3218.0,,1648.0,901.0,,1965.0,2497.0,744.0,2446.0,3725.0,1137.0,3768.0,2097.0,805.0,2187.0,,3624.0,99.0,,,2694.0,3511.0,1592.0
,2023.0,3783.0,,3636.0,2336.0,,3377.0,1992.0,2371.0,3587.0,2271.0,863.0,1218.0,3739.0,2277.0,1417.0,,1724.0,982.0,,,543.0,3265.0,2065.0
,3223.0,1919.0,,2543.0,3493.0,,1312.0,1576.0,1700.0,1283.0,1760.0,1344.0,1024.0,3523.0,627.0,3207.0,,3114.0,2664.0,,,1155.0,2447.0,2288.0
,1150.0,2809.0,,1571.0,1475.0,,3525.0,2988.0,1558.0,1790.0,2609.0,3037.0,3872.0,2290.0,821.0,2984.0,,3235.0,1992.0,,,2474.0,1029.0,3483.0
,323.0,3153.0,,1550.0,3223.0,,3537.0,3775.0,3455.0,654.0,228.0,752.0,2595.0,1409.0,2719.0,3220.0,,2355.0,706.0,,,3688.0,730.0,3716.0
,2532.0,500.0,,2699.0,471.0,,2081.0,3273.0,860.0,2858.0,3155.0,400.0,1344.0,3119.0,263.0,2994.0,,278.0,498.0,,,3694.0,836.0,157.0
,3460.0,469.0,,2325.0,2369.0,,800.0,2116.0,1333.0,804.0,3503.0,1765.0,2324.0,1100.0,3794.0,1244.0,,3633.0,3605.0,,,317.0,216.0,2959.0
,3535.0,2466.0,,2017.0,1658.0,,3854.0,1014.0,1526.0,2813.0,944.0,1180.0,1404.0,9.0,1476.0,3326.0,,3331.0,884.0,,,2497.0,3200.0,1850.0
,1882.0,1162.0,,2538.0,560.0,,2265.0,3363.0,1665.0,2372.0,652.0,1761.0,2783.0,2127.0,221.0,2204.0,,1630.0,2728.0,,,1631.0,2152.0,1359.0
,2960.0,391.0,,708.0,3446.0,,2599.0,2917.0,3044.0,1131.0,389.0,1788.0,3248.0,932.0,2819.0,686.0,,3597.0,2917.0,,,3447.0,1794.0,644.0
,1239.0,1637.0,,1673.0,1283.0,,1925.0,2747.0,3870.0,56.0,3600.0,1725.0,1233.0,2822.0,3802.0,3242.0,,3315.0,1913.0,,,2209.0,1453.0,2809.0
,170.0,3863.0,,370.0,3892.0,,21.0,1460.0,707.0,2453.0,136.0,766.0,1691.0,1177.0,2341.0,1853.0,,2926.0,2494.0,,,3140.0,3618.0,600.0
,3016.0,703.0,,3858.0,3433.0,,1794.0,874.0,1823.0,859.0,1720.0,2296.0,3401.0,3478.0,2697.0,2761.0,,1320.0,421.0,,,2287.0,349.0,515.0
,205.0,2830.0,,2394.0,2254.0,,2306.0,3558.0,2729.0,67.0,1322.0,3895.0,878.0,1479.0,2649.0,2481.0,,2012.0,2955.0,,,1335.0,1137.0,755.0
,2515.0,3832.0,,1256.0,1749.0,,1669.0,1314.0,1045.0,3453.0,3151.0,2580.0,3046.0,24.0,3349.0,1514.0,,1418.0,695.0,,,3235.0,1670.0,572.0
,3039.0,2.0,,1638.0,2003.0,,2254.0,222.0,3378.0,3279.0,1707.0,3217.0,2550.0,3644.0,1941.0,1750.0,,2934.0,1405.0,,,712.0,1624.0,3890.0
,2635.0,693.0,,1792.0,1112.0,,1211.0,2592.0,2301.0,1833.0,2306.0,2338.0,3659.0,3876.0,2034.0,1499.0,,3256.0,1520.0,,,42.0,1697.0,3077.0
,37.0,2554.0,,2584.0,3257.0,,186.0,466.0,3823.0,3660.0,1028.0,2128.0,516.0,637.0,3163.0,2652.0,,1354.0,2444.0,,,1285.0,375.0,3558.0
,2673.0,2394.0,,205.0,491.0,,1650.0,36.0,351.0,1306.0,1108.0,1247.0,3901.0,1788.0,2379.0,2897.0,,1015.0,253.0,,,147.0,1421.0,1280.0
,1016.0,2958.0,,1227.0,3268.0,,61.0,393.0,54.0,1169.0,1029.0,1548.0,2432.0,2642.0,2172.0,1267.0,,514.0,3082.0,,,412.0,215.0,3414.0
,439.0,2396.0,,691.0,852.0,,2696.0,609.0,879.0,2091.0,2384.0,1553.0,3245.0,3476.0,980.0,2494.0,,3606.0,788.0,,,1972.0,2529.0,2084.0
,835.0,2385.0,,3384.0,2159.0,,709.0,20.0,2101.0,2237.0,777.0,242.0,309.0,3848.0,3732.0,2631.0,,2390.0,3006.0,,,1213.0,710.0,1267.0
,1120.0,3320.0,,80.0,2349.0,,2489.0,865.0,1414.0,723.0,100.0,2008.0,750.0,309.0,2907.0,1466.0,,515.0,1895.0,,,1994.0,991.0,2174.0
,1360.0,2595.0,,3410.0,187.0,,503.0,126.0,1310.0,1413.0,3256.0,1107.0,702.0,449.0,293.0,3603.0,,2223.0,1492.0,,,1944.0,634.0,1740.0
,3268.0,3537.0,,1932.0,1087.0,,3838.0,1075.0,2204.0,3730.0,3063.0,275.0,3126.0,961.0,3709.0,556.0,,569.0,3291.0,,,2779.0,1142.0,2554.0
,1456.0,1533.0,,652.0,2996.0,,1562.0,1686.0,1557.0,2425.0,3298.0,2002.0,1609.0,1307.0,1193.0,1769.0,,1792.0,187.0,,,2049.0,2573.0,3410.0
,157.0,1329.0,,739.0,1309.0,,3005.0,1931.0,3520.0,192.0,2875.0,826.0,1242.0,1205.0,835.0,1122.0,,3180.0,3187.0,,,1875.0,2341.0,2983.0
,1060.0,3732.0,,2036.0,2413.0,,2397.0,2202.0,108.0,1094.0,3484.0,3177.0,3339.0,2994.0,234.0,486.0,,913.0,1866.0,,,1153.0,1946.0,2819.0
,3756.0,997.0,,1307.0,2840.0,,3028.0,2910.0,957.0,1311.0,268.0,1744.0,585.0,1491.0,1180.0,2417.0,,1364.0,311.0,,,1632.0,3451.0,3503.0
,1902.0,1010.0,,3159.0,564.0,,1377.0,3618.0,1890.0,3503.0,1752.0,818.0,1708.0,2061.0,1216.0,513.0,,265.0,3845.0,,,2275.0,2928.0,620.0
,1347.0,3082.0,,910.0,1958.0,,3348.0,3401.0,1168.0,1154.0,921.0,842.0,2168.0,131.0,2386.0,797.0,,2196.0,3881.0,,,3297.0,1106.0,926.0
,1269.0,432.0,,53.0,2170.0,,75.0,1152.0,637.0,197.0,1481.0,2749.0,3763.0,982.0,3487.0,397.0,,3335.0,502.0,,,3507.0,2377.0,1125.0
,1351.0,3845.0,,790.0,2819.0,,2159.0,2777.0,198.0,778.0,3571.0,887.0,1028.0,2396.0,992.0,809.0,,1083.0,3834.0,,,3215.0,2316.0,3866.0
,1975.0,1194.0,,1764.0,3131.0,,3702.0,846.0,3800.0,3842.0,1167.0,2520.0,2311.0,3591.0,3108.0,3002.0,,682.0,875.0,,,1385.0,982.0,866.0
,741.0,229.0,,1593.0,3647.0,,1099.0,548.0,228.0,2721.0,1248.0,704.0,3162.0,1866.0,3590.0,1154.0,,3059.0,2566.0,,,1564.0,3870.0,978.0
,3315.0,244.0,,1218.0,2511.0,,1817.0,2113.0,966.0,2268.0,2730.0,306.0,2126.0,3896.0,28.0,2329.0,,943.0,1083.0,,,772.0,1154.0,615.0
,2675.0,643.0,,1044.0,2022.0,,1051.0,3848.0,1970.0,2623.0,2325.0,2657.0,976.0,3506.0,747.0,2183.0,,1593.0,3298.0,,,3183.0,1648.0,2404.0
,2348.0,256.0,,2454.0,2157.0,,2420.0,3145.0,3412.0,2724.0,2545.0,3691.0,2395.0,1797.0,3543.0,2864.0,,2307.0,2508.0,,,953.0,73.0,1030.0
,2203.0,2299.0,,1160.0,3176.0,,2744.0,3169.0,2690.0,3792.0,500.0,1465.0,25.0,155.0,3882.0,3321.0,,241.0,977.0,,,2389.0,3376.0,52.0
,1065.0,3810.0,,3349.0,712.0,,1621.0,2628.0,2125.0,1630.0,811.0,1517.0,1437.0,1616.0,427.0,1474.0,,3195.0,724.0,,,2955.0,625.0,2600.0
,3219.0,840.0,,1416.0,2614.0,,1015.0,2322.0,3849.0,3551.0,2786.0,891.0,1086.0,270.0,3893.0,882.0,,2186.0,2011.0,,,1876.0,928.0,2891.0
,716.0,1768.0,,2973.0,2675.0,,2253.0,2271.0,3438.0,1869.0,3498.0,591.0,1800.0,42.0,960.0,3589.0,,2053.0,3487.0,,,730.0,1590.0,1312.0
,3126.0,785.0,,391.0,2920.0,,780.0,2830.0,825.0,961.0,2504.0,2302.0,2773.0,2791.0,1038.0,1438.0,,3466.0,3667.0,,,614.0,3744.0,1632.0
,989.0,3276.0,,2709.0,372.0,,3652.0,2974.0,3577.0,1144.0,967.0,3827.0,2875.0,3477.0,2353.0,2766.0,,1181.0,841.0,,,1211.0,3829.0,3601.0
,2615.0,763.0,,3805.0,792.0,,1550.0,,1202.0,1220.0,3826.0,1422.0,2180.0,2655.0,1527.0,1179.0,,1989.0,1104.0,,,1578.0,1654.0,2107.0
,367.0,3347.0,,794.0,862.0,,2948.0,,321.0,2380.0,2566.0,1389.0,2170.0,3623.0,2456.0,3370.0,,1637.0,552.0,,,3334.0,1534.0,3619.0
,1292.0,214.0,,491.0,1672.0,,831.0,,383.0,1276.0,1178.0,2792.0,2223.0,748.0,3155.0,102.0,,1281.0,2804.0,,,3707.0,3564.0,1822.0
,3159.0,1749.0,,3605.0,2669.0,,3588.0,,2870.0,3351.0,829.0,649.0,2496.0,1527.0,1969.0,1005.0,,1311.0,3138.0,,,518.0,3167.0,2738.0
,200.0,156.0,,440.0,1449.0,,2305.0,,382.0,2574.0,3401.0,2159.0,1811.0,2159.0,2706.0,2985.0,,225.0,1125.0,,,3670.0,1219.0,3797.0
,2684.0,942.0,,1566.0,1464.0,,3354.0,,693.0,148.0,2696.0,481.0,459.0,1057.0,3511.0,3753.0,,1344.0,3106.0,,,453.0,326.0,2364.0
,650.0,399.0,,2146.0,2565.0,,1088.0,,318.0,3705.0,3200.0,3748.0,2989.0,1202.0,1300.0,1865.0,,2723.0,3696.0,,,368.0,3878.0,753.0
,2090.0,2969.0,,2616.0,1374.0,,665.0,,3700.0,2540.0,705.0,333.0,766.0,3366.0,2846.0,2752.0,,1279.0,2187.0,,,2219.0,3005.0,1372.0
,2019.0,3384.0,,2585.0,2354.0,,3264.0,,859.0,2948.0,1169.0,2603.0,3564.0,1131.0,345.0,1742.0,,1947.0,1624.0,,,2829.0,2233.0,2832.0
,1463.0,3733.0,,1237.0,3206.0,,3280.0,,121.0,767.0,1737.0,1676.0,3299.0,2501.0,2873.0,2002.0,,3259.0,713.0,,,2413.0,2833.0,3461.0
,379.0,1819.0,,273.0,2301.0,,2538.0,,3820.0,3414.0,1522.0,1879.0,3882.0,2168.0,2417.0,3577.0,,801.0,2304.0,,,1902.0,229.0,2172.0
,858.0,1438.0,,3252.0,1298.0,,2593.0,,2662.0,194.0,1755.0,2805.0,1015.0,1432.0,2221.0,327.0,,2402.0,2097.0,,,4.0,3647.0,3758.0
,1237.0,2520.0,,421.0,3631.0,,3835.0,,1130.0,2012.0,1270.0,1758.0,3314.0,2387.0,3416.0,2281.0,,2533.0,487.0,,,2277.0,2973.0,3573.0
,1172.0,3909.0,,2691.0,2277.0,,2691.0,,3831.0,1854.0,1568.0,973.0,524.0,3003.0,1419.0,705.0,,2100.0,3692.0,,,1394.0,743.0,2980.0
,2027.0,3326.0,,1609.0,3377.0,,3137.0,,89.0,2431.0,2930.0,2806.0,2502.0,1078.0,1705.0,3236.0,,1940.0,3580.0,,,419.0,1950.0,3240.0
,3609.0,2344.0,,2855.0,2691.0,,1156.0,,1183.0,1231.0,904.0,1563.0,429.0,3677.0,1345.0,3851.0,,3016.0,1528.0,,,3031.0,865.0,3215.0
,615.0,3057.0,,2965.0,3001.0,,3369.0,,1783.0,3069.0,1991.0,2188.0,3909.0,2347.0,3509.0,3334.0,,3705.0,2794.0,,,3803.0,937.0,2514.0
,2836.0,3722.0,,787.0,654.0,,1771.0,,3548.0,1494.0,1326.0,1048.0,3720.0,429.0,1394.0,1091.0,,1660.0,3476.0,,,3122.0,2945.0,1622.0
,2188.0,2675.0,,1556.0,751.0,,1227.0,,1628.0,791.0,2288.0,3524.0,2146.0,2644.0,1212.0,1339.0,,279.0,425.0,,,1995.0,3901.0,1529.0
,1618.0,297.0,,2930.0,3757.0,,1366.0,,3010.0,613.0,681.0,2868.0,354.0,3306.0,3770.0,1659.0,,1812.0,3519.0,,,1880.0,660.0,2338.0
,1919.0,2458.0,,522.0,1361.0,,3656.0,,3566.0,2812.0,2139.0,1093.0,1304.0,995.0,187.0,2365.0,,1749.0,1980.0,,,609.0,1980.0,2090.0
,3100.0,2263.0,,1994.0,2060.0,,3323.0,,2241.0,468.0,2956.0,995.0,2954.0,1113.0,1333.0,598.0,,2648.0,20.0,,,411.0,3542.0,2211.0
,1847.0,2027.0,,3123.0,1566.0,,2946.0,,1352.0,1708.0,3153.0,2900.0,2535.0,2133.0,519.0,1130.0,,3565.0,3831.0,,,524.0,408.0,1299.0
,3423.0,26.0,,2048.0,3406.0,,3266.0,,171.0,2092.0,3572.0,3327.0,2236.0,1366.0,338.0,775.0,,2003.0,1400.0,,,1088.0,2682.0,1911.0
,3316.0,2826.0,,2189.0,1888.0,,3149.0,,2402.0,2465.0,639.0,2679.0,2070.0,1134.0,2550.0,1315.0,,3902.0,3256.0,,,2234.0,416.0,74.0
,2907.0,1413.0,,563.0,2417.0,,960.0,,130.0,3780.0,3311.0,1482.0,450.0,3607.0,326.0,974.0,,3222.0,1149.0,,,3236.0,3315.0,1031.0
,3723.0,3594.0,,1687.0,315.0,,1258.0,,2121.0,3056.0,1539.0,602.0,2790.0,2596.0,3252.0,1962.0,,3033.0,1139.0,,,196.0,3594.0,1346.0
,3473.0,999.0,,1289.0,3723.0,,1525.0,,2584.0,1706.0,619.0,2200.0,744.0,2524.0,2777.0,2200.0,,601.0,972.0,,,2307.0,1881.0,1476.0
,3199.0,3804.0,,2727.0,3597.0,,506.0,,311.0,3210.0,3583.0,3129.0,546.0,582.0,2914.0,3690.0,,2058.0,1406.0,,,3018.0,2793.0,3085.0
,1168.0,1278.0,,1499.0,1553.0,,2655.0,,1467.0,1689.0,2764.0,3439.0,139.0,1281.0,378.0,731.0,,1752.0,1606.0,,,1961.0,2762.0,896.0
,1646.0,1510.0,,3073.0,1388.0,,1188.0,,969.0,2420.0,231.0,705.0,2708.0,157.0,1177.0,68.0,,2847.0,1430.0,,,1857.0,1838.0,2516.0
,1595.0,1221.0,,1509.0,2870.0,,2434.0,,26.0,3412.0,1951.0,720.0,3172.0,286.0,974.0,2120.0,,3739.0,3802.0,,,3206.0,3790.0,1487.0
,2374.0,3870.0,,309.0,3559.0,,2920.0,,3403.0,158.0,2033.0,455.0,1574.0,466.0,1208.0,3749.0,,1436.0,89.0,,,1053.0,3723.0,2164.0
,2834.0,704.0,,2213.0,1028.0,,3119.0,,1708.0,3799.0,744.0,706.0,1076.0,3772.0,691.0,1063.0,,391.0,1341.0,,,2310.0,2344.0,968.0
,2923.0,31.0,,974.0,1506.0,,3092.0,,496.0,2585.0,2420.0,97.0,3788.0,3225.0,2912.0,1324.0,,1001.0,3805.0,,,3380.0,2307.0,356.0
,3525.0,833.0,,2026.0,324.0,,1643.0,,1965.0,3482.0,3351.0,1279.0,748.0,2389.0,3506.0,3584.0,,2638.0,864.0,,,3220.0,2084.0,1851.0
,2857.0,1264.0,,1462.0,3281.0,,2011.0,,2033.0,1265.0,1953.0,2186.0,2238.0,1525.0,773.0,1607.0,,1455.0,2976.0,,,3429.0,2126.0,48.0
,3144.0,3728.0,,2254.0,2502.0,,3211.0,,3062.0,1575.0,1891.0,2105.0,413.0,2697.0,3914.0,2238.0,,1822.0,1141.0,,,1043.0,1735.0,1917.0
,3088.0,1031.0,,349.0,1835.0,,58.0,,462.0,308.0,413.0,264.0,1706.0,3138.0,296.0,647.0,,3013.0,1594.0,,,685.0,3621.0,587.0
,2051.0,2191.0,,393.0,3339.0,,2617.0,,2292.0,2159.0,417.0,501.0,479.0,3354.0,2999.0,1907.0,,1166.0,2601.0,,,819.0,918.0,1087.0
,2164.0,1185.0,,684.0,2682.0,,2943.0,,794.0,1922.0,2166.0,3430.0,150.0,3547.0,1606.0,2871.0,,3589.0,1004.0,,,1888.0,3457.0,1238.0
,2427.0,2681.0,,2277.0,2595.0,,3609.0,,3481.0,3768.0,2985.0,204.0,2069.0,2967.0,1490.0,3871.0,,1031.0,3899.0,,,1866.0,2710.0,242.0
,3249.0,369.0,,2794.0,2361.0,,1560.0,,2721.0,3742.0,858.0,1383.0,2516.0,3839.0,3312.0,1052.0,,3666.0,2727.0,,,1543.0,1803.0,1430.0
,3650.0,2721.0,,1555.0,1990.0,,291.0,,3729.0,341.0,2860.0,405.0,3619.0,2662.0,943.0,331.0,,1811.0,64.0,,,2271.0,233.0,2610.0
,3180.0,2824.0,,3664.0,533.0,,670.0,,1870.0,3912.0,1514.0,1173.0,261.0,2866.0,1166.0,777.0,,3822.0,1592.0,,,373.0,1566.0,2581.0
,1398.0,257.0,,340.0,3661.0,,2802.0,,3433.0,551.0,856.0,669.0,1439.0,2055.0,1917.0,1660.0,,132.0,1883.0,,,3583.0,2832.0,1993.0
,3187.0,1432.0,,949.0,2850.0,,1980.0,,1203.0,3902.0,1421.0,1458.0,1277.0,2134.0,2836.0,3799.0,,3215.0,2435.0,,,3787.0,3014.0,3477.0
,2780.0,1431.0,,833.0,3357.0,,1599.0,,546.0,601.0,1493.0,1242.0,3806.0,1863.0,3897.0,3017.0,,2611.0,3803.0,,,1673.0,3236.0,2601.0
,1602.0,3052.0,,3277.0,3702.0,,1178.0,,593.0,1864.0,3376.0,2035.0,2347.0,498.0,3552.0,382.0,,3111.0,1364.0,,,305.0,1121.0,1713.0
,1476.0,426.0,,2203.0,326.0,,3895.0,,2168.0,2790.0,2757.0,3889.0,481.0,2562.0,2859.0,3791.0,,2335.0,3488.0,,,704.0,1008.0,1375.0
,2829.0,1675.0,,211.0,708.0,,2506.0,,2236.0,3419.0,242.0,1235.0,94.0,1357.0,2167.0,2401.0,,3415.0,66.0,,,1019.0,547.0,3189.0
,2874.0,224.0,,2820.0,271.0,,1109.0,,2232.0,3442.0,2637.0,742.0,3433.0,452.0,1472.0,2961.0,,2460.0,2912.0,,,2664.0,1297.0,2934.0
,3003.0,1291.0,,999.0,3304.0,,3041.0,,2031.0,1760.0,33.0,1031.0,3125.0,1001.0,1470.0,2903.0,,1651.0,75.0,,,2854.0,1329.0,2454.0
,1564.0,1402.0,,3184.0,3507.0,,2428.0,,2638.0,1217.0,3124.0,1234.0,1120.0,2279.0,3695.0,2884.0,,2670.0,2624.0,,,39.0,797.0,576.0
,2793.0,1522.0,,2281.0,1141.0,,3669.0,,45.0,2311.0,704.0,3422.0,345.0,3428.0,3013.0,1314.0,,114.0,1968.0,,,2531.0,21.0,3678.0
,1835.0,2917.0,,759.0,1135.0,,3346.0,,1120.0,149.0,3278.0,869.0,3605.0,3676.0,1646.0,2279.0,,3579.0,33.0,,,3840.0,1004.0,3009.0
,3910.0,2181.0,,464.0,266.0,,2098.0,,1952.0,2271.0,2408.0,3057.0,2988.0,927.0,3452.0,1259.0,,237.0,2914.0,,,377.0,1916.0,3307.0
,3412.0,1103.0,,3892.0,3468.0,,1782.0,,672.0,2611.0,3356.0,3569.0,1087.0,2687.0,1339.0,1861.0,,126.0,3813.0,,,3048.0,711.0,733.0
,2244.0,3716.0,,2823.0,468.0,,2041.0,,3835.0,2022.0,3440.0,2283.0,3856.0,1649.0,136.0,1610.0,,1879.0,3713.0,,,3153.0,3086.0,1292.0
,3026.0,1881.0,,84.0,1783.0,,671.0,,3112.0,2952.0,339.0,258.0,631.0,3464.0,493.0,3394.0,,1686.0,2909.0,,,1309.0,2495.0,3844.0
,976.0,1387.0,,731.0,2142.0,,3104.0,,1674.0,847.0,2988.0,615.0,663.0,3257.0,2096.0,3006.0,,647.0,1472.0,,,1949.0,856.0,1305.0
,2997.0,2950.0,,3709.0,3347.0,,821.0,,201.0,2451.0,2201.0,686.0,3483.0,862.0,851.0,224.0,,3818.0,2540.0,,,3598.0,1594.0,987.0
,2130.0,680.0,,936.0,1522.0,,2460.0,,1831.0,1190.0,2226.0,1693.0,3331.0,712.0,585.0,3305.0,,3284.0,1834.0,,,38.0,1104.0,188.0
,3721.0,2267.0,,3439.0,2942.0,,1578.0,,2295.0,0.0,878.0,3729.0,3573.0,560.0,2657.0,2415.0,,244.0,1454.0,,,1574.0,1092.0,2085.0
,425.0,2423.0,,720.0,2322.0,,3596.0,,1966.0,2266.0,1454.0,2237.0,2804.0,475.0,3050.0,3740.0,,2935.0,3549.0,,,1665.0,1276.0,1961.0
,3805.0,896.0,,831.0,3142.0,,2721.0,,3844.0,1386.0,3820.0,311.0,771.0,3130.0,373.0,1303.0,,2042.0,1648.0,,,3040.0,1332.0,311.0
,3497.0,3441.0,,3040.0,74.0,,2072.0,,515.0,805.0,1571.0,600.0,866.0,2532.0,2841.0,3489.0,,1417.0,3819.0,,,3241.0,646.0,2615.0
,1268.0,3316.0,,1938.0,2267.0,,1733.0,,2448.0,2074.0,2576.0,2124.0,1300.0,2015.0,587.0,1744.0,,1061.0,3701.0,,,1245.0,2023.0,3145.0
,226.0,3285.0,,480.0,1174.0,,1279.0,,3127.0,111.0,1963.0,1071.0,1940.0,2521.0,905.0,3635.0,,1921.0,3119.0,,,1314.0,2576.0,1027.0
,3740.0,2552.0,,776.0,1345.0,,1975.0,,3506.0,2736.0,2049.0,1026.0,1168.0,3589.0,1230.0,239.0,,3826.0,3753.0,,,669.0,3237.0,2878.0
,1067.0,21.0,,1693.0,1863.0,,1929.0,,2152.0,3542.0,3007.0,3596.0,3441.0,264.0,2937.0,2354.0,,3254.0,1034.0,,,3599.0,2055.0,306.0
,3449.0,2425.0,,2001.0,1948.0,,931.0,,336.0,2757.0,2447.0,3532.0,33.0,2858.0,2045.0,2639.0,,3860.0,2392.0,,,2344.0,2511.0,430.0
,1702.0,374.0,,3291.0,1666.0,,2892.0,,72.0,118.0,773.0,1567.0,1766.0,2630.0,3165.0,2668.0,,457.0,1997.0,,,2567.0,1848.0,2254.0
,1401.0,2906.0,,1394.0,2134.0,,937.0,,2665.0,380.0,1078.0,1737.0,2379.0,154.0,1786.0,903.0,,561.0,2115.0,,,1455.0,2589.0,2602.0
,1749.0,204.0,,1426.0,222.0,,1261.0,,3058.0,2629.0,340.0,2402.0,358.0,376.0,352.0,1767.0,,3080.0,1006.0,,,2294.0,2641.0,3013.0
,2157.0,857.0,,733.0,3653.0,,1499.0,,1400.0,1086.0,455.0,120.0,1642.0,102.0,227.0,823.0,,926.0,2012.0,,,1975.0,2319.0,1250.0
,2973.0,3882.0,,3408.0,2031.0,,1679.0,,3875.0,3878.0,433.0,2531.0,2055.0,3140.0,315.0,3258.0,,750.0,905.0,,,2211.0,1047.0,1051.0
,2803.0,996.0,,85.0,1308.0,,2025.0,,3773.0,3097.0,3258.0,3779.0,1063.0,605.0,1043.0,3564.0,,2170.0,354.0,,,1058.0,562.0,3010.0
,1940.0,1691.0,,2570.0,3720.0,,3301.0,,1650.0,3860.0,204.0,3212.0,3676.0,1230.0,2450.0,2872.0,,3600.0,1485.0,,,1583.0,1485.0,56.0
,1761.0,2161.0,,1937.0,2854.0,,1224.0,,2742.0,3887.0,1315.0,1116.0,18.0,1592.0,1474.0,2982.0,,2184.0,1780.0,,,2261.0,1117.0,2547.0
,2388.0,2914.0,,3092.0,2239.0,,2062.0,,2235.0,3440.0,614.0,3196.0,325.0,1599.0,2764.0,3833.0,,2404.0,1538.0,,,2145.0,3198.0,2032.0
,538.0,2317.0,,3498.0,3692.0,,1112.0,,2705.0,817.0,1312.0,3899.0,1057.0,815.0,1778.0,32.0,,415.0,3211.0,,,287.0,2836.0,229.0
,261.0,2867.0,,1212.0,2424.0,,1016.0,,2979.0,1989.0,802.0,433.0,3710.0,2525.0,546.0,150.0,,2424.0,1658.0,,,1879.0,3615.0,1197.0
,2202.0,1796.0,,166.0,5.0,,2447.0,,838.0,754.0,2388.0,478.0,3880.0,3572.0,623.0,1855.0,,1503.0,2881.0,,,2937.0,1031.0,331.0
,1091.0,1593.0,,460.0,692.0,,1512.0,,1960.0,3489.0,3763.0,2882.0,2262.0,398.0,1004.0,3563.0,,1854.0,638.0,,,3687.0,2993.0,462.0
,2953.0,3401.0,,215.0,3556.0,,1367.0,,977.0,1455.0,2329.0,1441.0,1521.0,3647.0,289.0,2803.0,,1840.0,2067.0,,,125.0,2701.0,404.0
,663.0,1196.0,,599.0,1303.0,,234.0,,2334.0,2799.0,226.0,1947.0,2127.0,1239.0,1685.0,544.0,,822.0,3193.0,,,807.0,106.0,859.0
,2930.0,3544.0,,3628.0,1560.0,,306.0,,607.0,1435.0,3028.0,664.0,865.0,333.0,1411.0,2856.0,,3343.0,2308.0,,,1258.0,70.0,1184.0
,3274.0,3249.0,,3003.0,3073.0,,692.0,,3901.0,3306.0,2185.0,62.0,563.0,85.0,2486.0,2416.0,,3347.0,2963.0,,,1402.0,3867.0,2344.0
,1614.0,3608.0,,244.0,2689.0,,3459.0,,993.0,3335.0,3747.0,2420.0,2031.0,263.0,1636.0,1663.0,,1507.0,1268.0,,,517.0,282.0,3610.0
,792.0,2611.0,,3111.0,3320.0,,636.0,,2252.0,4.0,1355.0,2748.0,884.0,762.0,3096.0,1289.0,,271.0,3573.0,,,2130.0,2740.0,2093.0
,3687.0,2021.0,,2586.0,2300.0,,2383.0,,3304.0,1640.0,3612.0,2388.0,3834.0,167.0,3445.0,2977.0,,1108.0,1675.0,,,2685.0,3340.0,3162.0
,3685.0,186.0,,3459.0,1489.0,,3156.0,,1053.0,3684.0,2277.0,2854.0,1369.0,282.0,1096.0,3628.0,,1104.0,1721.0,,,3444.0,3129.0,3530.0
,1163.0,574.0,,2107.0,682.0,,912.0,,3168.0,2552.0,561.0,2617.0,194.0,1729.0,1148.0,2217.0,,1458.0,104.0,,,2365.0,2082.0,410.0
,2479.0,864.0,,2313.0,1207.0,,3871.0,,2563.0,135.0,974.0,2058.0,216.0,2830.0,1607.0,99.0,,1158.0,684.0,,,3358.0,1683.0,2671.0
,3158.0,2614.0,,3062.0,22.0,,1981.0,,842.0,3852.0,3400.0,101.0,3767.0,3411.0,193.0,3610.0,,3726.0,2431.0,,,1086.0,2479.0,2788.0
,1669.0,2303.0,,3695.0,1473.0,,3244.0,,1573.0,3386.0,1993.0,117.0,170.0,3409.0,886.0,1020.0,,3216.0,1585.0,,,3754.0,1889.0,1806.0
,635.0,3819.0,,683.0,1033.0,,987.0,,1138.0,1946.0,1311.0,3679.0,2649.0,1126.0,3687.0,2844.0,,386.0,2017.0,,,515.0,2175.0,2054.0
,2634.0,436.0,,1181.0,1472.0,,3274.0,,661.0,3505.0,2450.0,2067.0,3892.0,2357.0,2773.0,2641.0,,669.0,2414.0,,,3895.0,2114.0,691.0
,3349.0,3737.0,,2307.0,3752.0,,3887.0,,2558.0,927.0,165.0,1599.0,3128.0,3735.0,3515.0,1929.0,,1217.0,431.0,,,1899.0,252.0,2394.0
,466.0,2264.0,,2814.0,606.0,,1642.0,,1804.0,2797.0,504.0,3548.0,348.0,3469.0,240.0,1110.0,,2346.0,1272.0,,,828.0,2062.0,652.0
,1061.0,3545.0,,2674.0,833.0,,2701.0,,1137.0,1312.0,1964.0,212.0,1477.0,1050.0,3698.0,71.0,,1635.0,3058.0,,,387.0,1759.0,3118.0
,110.0,571.0,,1686.0,2360.0,,1067.0,,1860.0,2823.0,2831.0,1019.0,1556.0,3679.0,541.0,3666.0,,2696.0,591.0,,,1152.0,3078.0,2058.0
,3230.0,3616.0,,378.0,887.0,,1778.0,,2234.0,2066.0,1885.0,2419.0,3592.0,2726.0,3171.0,1422.0,,3319.0,1091.0,,,354.0,550.0,3309.0
,2361.0,1504.0,,1204.0,3487.0,,2415.0,,73.0,2837.0,1916.0,2483.0,3152.0,2208.0,3803.0,816.0,,2977.0,3294.0,,,1167.0,3055.0,1735.0
,696.0,1268.0,,977.0,3858.0,,2964.0,,2093.0,2143.0,3064.0,2131.0,637.0,665.0,2132.0,198.0,,807.0,379.0,,,993.0,1462.0,1361.0
,3875.0,3884.0,,2946.0,849.0,,3793.0,,1019.0,1327.0,1357.0,91.0,3288.0,3688.0,1224.0,1402.0,,1932.0,1519.0,,,1744.0,2924.0,270.0
,2161.0,542.0,,1190.0,641.0,,1957.0,,3749.0,2272.0,2915.0,1802.0,1709.0,2074.0,1505.0,510.0,,2932.0,1151.0,,,2150.0,1009.0,1533.0
,667.0,378.0,,697.0,2911.0,,1641.0,,577.0,429.0,3893.0,2943.0,3580.0,276.0,64.0,3080.0,,2599.0,1005.0,,,2451.0,34.0,3523.0
,1542.0,1620.0,,3506.0,1581.0,,2542.0,,2817.0,3616.0,2669.0,1663.0,872.0,3196.0,3915.0,3434.0,,1779.0,2393.0,,,1194.0,3045.0,2489.0
,2143.0,1998.0,,1004.0,268.0,,2427.0,,3137.0,187.0,3677.0,3204.0,1852.0,3082.0,3606.0,3916.0,,2101.0,2730.0,,,2541.0,257.0,2095.0
,1317.0,497.0,,3718.0,970.0,,303.0,,1826.0,3739.0,1727.0,1508.0,808.0,224.0,2453.0,2488.0,,708.0,1201.0,,,1151.0,717.0,3445.0
,3658.0,480.0,,1242.0,2933.0,,2164.0,,2144.0,3818.0,1667.0,3835.0,1481.0,1220.0,2189.0,1374.0,,1251.0,2052.0,,,2417.0,1902.0,3185.0
,1841.0,1018.0,,88.0,186.0,,2566.0,,1187.0,850.0,1797.0,1615.0,638.0,956.0,3528.0,3312.0,,270.0,1666.0,,,100.0,2649.0,3776.0
,3811.0,2247.0,,2559.0,1911.0,,1333.0,,3275.0,1100.0,3592.0,2714.0,386.0,2160.0,2723.0,2839.0,,1468.0,180.0,,,25.0,3172.0,3506.0
,1198.0,1154.0,,3681.0,1200.0,,3351.0,,227.0,1799.0,1622.0,1496.0,2753.0,3288.0,178.0,2006.0,,2094.0,413.0,,,1435.0,1018.0,77.0
,1578.0,1207.0,,1948.0,1443.0,,419.0,,154.0,721.0,2142.0,2883.0,3790.0,3571.0,534.0,986.0,,519.0,3684.0,,,3230.0,3019.0,1246.0
,3197.0,3293.0,,2075.0,934.0,,4.0,,2230.0,3311.0,3755.0,3345.0,1138.0,2620.0,2279.0,2925.0,,2758.0,906.0,,,3004.0,954.0,3591.0
,2431.0,1202.0,,2711.0,2040.0,,2057.0,,3180.0,3802.0,3496.0,2372.0,1273.0,2467.0,518.0,3662.0,,2691.0,2258.0,,,1692.0,2185.0,543.0
,1528.0,1315.0,,2808.0,213.0,,2714.0,,1427.0,2113.0,154.0,1780.0,3037.0,536.0,82.0,1024.0,,814.0,46.0,,,1064.0,1448.0,2650.0
,2501.0,2517.0,,1077.0,2959.0,,999.0,,3764.0,371.0,1412.0,2801.0,3309.0,1825.0,790.0,2299.0,,500.0,344.0,,,3610.0,1699.0,2752.0
,948.0,3205.0,,2890.0,2781.0,,67.0,,2223.0,2017.0,2444.0,239.0,314.0,2236.0,1669.0,2801.0,,124.0,3911.0,,,2549.0,3679.0,2181.0
,1843.0,2297.0,,363.0,3534.0,,2000.0,,2178.0,3694.0,3538.0,3619.0,1198.0,3792.0,1366.0,939.0,,3681.0,1313.0,,,2485.0,82.0,1285.0
,2285.0,3897.0,,3105.0,3054.0,,3278.0,,1072.0,3332.0,2625.0,1843.0,3263.0,1917.0,2346.0,3064.0,,1299.0,3728.0,,,936.0,52.0,3322.0
,1116.0,56.0,,3478.0,2645.0,,1727.0,,2283.0,2968.0,2903.0,3395.0,577.0,1394.0,921.0,2619.0,,1451.0,376.0,,,2999.0,1487.0,2676.0
,2933.0,2940.0,,1305.0,450.0,,532.0,,3048.0,3387.0,929.0,152.0,1451.0,463.0,2016.0,3495.0,,2595.0,2357.0,,,937.0,2515.0,47.0
,3215.0,2028.0,,2813.0,1559.0,,2730.0,,1298.0,887.0,477.0,2117.0,2044.0,3084.0,2807.0,3890.0,,2224.0,3758.0,,,886.0,3749.0,1573.0
,3577.0,1905.0,,3098.0,359.0,,1609.0,,2710.0,1468.0,2346.0,3363.0,2448.0,1478.0,612.0,2551.0,,1452.0,3783.0,,,1456.0,598.0,2806.0
,3502.0,3833.0,,2595.0,3541.0,,289.0,,366.0,3147.0,2228.0,2177.0,732.0,1791.0,1810.0,1763.0,,99.0,610.0,,,862.0,1568.0,789.0
,3567.0,1775.0,,3574.0,1713.0,,2578.0,,3409.0,1692.0,2901.0,1975.0,1871.0,3494.0,2759.0,2505.0,,1790.0,1818.0,,,1172.0,1689.0,628.0
,2961.0,2510.0,,1835.0,152.0,,2945.0,,1838.0,2202.0,678.0,548.0,1908.0,1945.0,826.0,2523.0,,1828.0,1971.0,,,1393.0,1371.0,1180.0
,2428.0,328.0,,2857.0,1933.0,,3212.0,,2442.0,84.0,2391.0,34.0,1966.0,1408.0,3075.0,3860.0,,2565.0,2732.0,,,546.0,704.0,3856.0
,1597.0,2164.0,,3026.0,1565.0,,2090.0,,2174.0,1024.0,2501.0,147.0,1999.0,3401.0,1688.0,4.0,,2654.0,3252.0,,,3744.0,28.0,3910.0
,3085.0,2533.0,,872.0,2717.0,,3478.0,,2491.0,3668.0,3462.0,2239.0,180.0,289.0,2750.0,2597.0,,3432.0,221.0,,,2827.0,539.0,1368.0
,509.0,350.0,,821.0,1441.0,,1575.0,,926.0,2945.0,3284.0,2908.0,2.0,2294.0,3339.0,3205.0,,1174.0,1170.0,,,2468.0,56.0,1465.0
,295.0,40.0,,3707.0,3464.0,,370.0,,937.0,328.0,2330.0,2867.0,2985.0,2123.0,1365.0,2124.0,,3150.0,910.0,,,1375.0,3302.0,1123.0
,1340.0,82.0,,214.0,802.0,,2039.0,,1657.0,1059.0,1790.0,2215.0,1343.0,625.0,2784.0,2058.0,,1060.0,2122.0,,,1422.0,677.0,914.0
,1655.0,2679.0,,2619.0,3741.0,,1792.0,,3090.0,1892.0,914.0,2343.0,276.0,3156.0,2198.0,2707.0,,3055.0,1322.0,,,3845.0,2736.0,2434.0
,1723.0,419.0,,2866.0,3353.0,,2923.0,,999.0,1974.0,2039.0,1672.0,3343.0,247.0,361.0,244.0,,735.0,2160.0,,,2748.0,1878.0,1759.0
,641.0,1344.0,,2297.0,2253.0,,1960.0,,2572.0,2283.0,3003.0,1849.0,1399.0,3489.0,794.0,2399.0,,2564.0,1212.0,,,52.0,200.0,3280.0
,2605.0,3776.0,,2522.0,2008.0,,3375.0,,2377.0,3870.0,424.0,2400.0,3429.0,2360.0,780.0,878.0,,2300.0,1518.0,,,2665.0,1174.0,1927.0
,1097.0,1502.0,,1413.0,3770.0,,3687.0,,94.0,2722.0,1135.0,2895.0,2226.0,302.0,3378.0,3052.0,,3194.0,88.0,,,2692.0,191.0,3596.0
,540.0,1381.0,,2809.0,1347.0,,385.0,,1968.0,740.0,160.0,3862.0,162.0,2793.0,577.0,1811.0,,426.0,2544.0,,,277.0,3822.0,387.0
,1326.0,2218.0,,2578.0,643.0,,1945.0,,1384.0,109.0,2535.0,1874.0,3852.0,1466.0,1401.0,177.0,,423.0,1698.0,,,2640.0,892.0,1947.0
,2941.0,1713.0,,1809.0,2380.0,,1666.0,,3449.0,3083.0,1672.0,543.0,3916.0,1946.0,2983.0,1749.0,,459.0,113.0,,,1668.0,3775.0,3004.0
,1098.0,1590.0,,2740.0,2258.0,,3014.0,,2850.0,3724.0,1976.0,83.0,3240.0,2029.0,1681.0,1012.0,,747.0,2888.0,,,3408.0,1039.0,2758.0
,2727.0,3306.0,,2653.0,1956.0,,1952.0,,3526.0,105.0,2483.0,3695.0,2545.0,1963.0,723.0,3050.0,,1972.0,3817.0,,,3342.0,1115.0,1412.0
,2230.0,3348.0,,2379.0,97.0,,175.0,,1677.0,3045.0,3530.0,3561.0,1891.0,2707.0,2063.0,3327.0,,959.0,1937.0,,,2503.0,2104.0,741.0
,2807.0,2708.0,,2220.0,1919.0,,3694.0,,2261.0,2448.0,2825.0,2222.0,2251.0,3053.0,3103.0,1434.0,,1666.0,781.0,,,945.0,2617.0,1021.0
,3188.0,2155.0,,2966.0,6.0,,654.0,,2791.0,506.0,3274.0,943.0,3032.0,2270.0,1642.0,3706.0,,1782.0,2065.0,,,2838.0,1726.0,1699.0
,908.0,2946.0,,207.0,1419.0,,73.0,,1346.0,3517.0,3001.0,1467.0,116.0,1503.0,1460.0,1516.0,,885.0,2629.0,,,246.0,1023.0,3121.0
,1486.0,1849.0,,1777.0,3388.0,,2171.0,,124.0,3513.0,1008.0,3501.0,1232.0,1954.0,1604.0,3353.0,,1537.0,548.0,,,3888.0,822.0,1212.0
,1533.0,2109.0,,1767.0,616.0,,1809.0,,3807.0,3007.0,2704.0,2778.0,1654.0,1383.0,2273.0,2810.0,,1322.0,1393.0,,,1022.0,798.0,266.0
,1238.0,1988.0,,1758.0,2189.0,,1329.0,,3572.0,3198.0,2357.0,252.0,1921.0,2745.0,3269.0,1031.0,,3720.0,3706.0,,,2280.0,1863.0,2329.0
,1666.0,3754.0,,2598.0,435.0,,2534.0,,2180.0,2965.0,1880.0,3647.0,2232.0,3729.0,3877.0,3602.0,,2434.0,3869.0,,,1859.0,3174.0,3005.0
,834.0,1507.0,,3650.0,3759.0,,3890.0,,1990.0,2868.0,1205.0,703.0,1859.0,3748.0,3265.0,1115.0,,196.0,1048.0,,,2416.0,2239.0,707.0
,1242.0,2860.0,,3028.0,1837.0,,191.0,,3067.0,3132.0,840.0,588.0,1019.0,539.0,678.0,384.0,,2373.0,2453.0,,,2831.0,2510.0,2952.0
,390.0,1226.0,,676.0,1258.0,,2228.0,,3745.0,1716.0,895.0,182.0,1149.0,1828.0,1462.0,3715.0,,1526.0,2002.0,,,3658.0,1459.0,3374.0
,1103.0,335.0,,2529.0,2328.0,,1969.0,,2965.0,2242.0,843.0,1617.0,3725.0,2740.0,2363.0,1156.0,,1127.0,3404.0,,,3755.0,2771.0,3401.0
,1694.0,3237.0,,1294.0,1156.0,,3450.0,,576.0,973.0,571.0,2834.0,686.0,1355.0,2953.0,3900.0,,3528.0,725.0,,,1708.0,3742.0,3813.0
,312.0,437.0,,1225.0,3913.0,,1453.0,,2492.0,360.0,1494.0,3689.0,1141.0,2385.0,2779.0,3387.0,,1647.0,424.0,,,3729.0,483.0,3093.0
,1593.0,411.0,,2506.0,1554.0,,3153.0,,437.0,1036.0,64.0,3289.0,2603.0,2534.0,87.0,945.0,,1837.0,3356.0,,,2462.0,1640.0,1828.0
,2754.0,2077.0,,3088.0,505.0,,957.0,,1372.0,98.0,1829.0,2974.0,886.0,1504.0,2240.0,237.0,,3404.0,1458.0,,,793.0,475.0,3760.0
,864.0,88.0,,538.0,1874.0,,1436.0,,1877.0,2153.0,2898.0,,708.0,1089.0,3451.0,1719.0,,372.0,230.0,,,3487.0,3049.0,3502.0
,1140.0,2925.0,,1791.0,1177.0,,1074.0,,958.0,2766.0,2874.0,,3048.0,1933.0,1890.0,2480.0,,624.0,2512.0,,,1174.0,2850.0,2684.0
,3082.0,306.0,,3083.0,86.0,,2069.0,,3094.0,3731.0,1371.0,,3758.0,1632.0,138.0,3641.0,,1627.0,1200.0,,,657.0,3195.0,3670.0
,1112.0,319.0,,3362.0,2892.0,,1647.0,,934.0,2337.0,2156.0,,2403.0,887.0,2488.0,1269.0,,1644.0,3769.0,,,2877.0,3034.0,3627.0
,3476.0,1080.0,,2978.0,3906.0,,2978.0,,1630.0,1139.0,689.0,,2001.0,3375.0,629.0,3004.0,,967.0,1081.0,,,1832.0,3372.0,2442.0
,1346.0,64.0,,702.0,541.0,,1806.0,,1152.0,1558.0,3404.0,,1469.0,2000.0,3137.0,691.0,,2462.0,881.0,,,917.0,3095.0,2123.0
,2451.0,726.0,,1176.0,191.0,,216.0,,2741.0,119.0,3524.0,,2974.0,3242.0,900.0,2515.0,,3507.0,2916.0,,,2672.0,214.0,3527.0
,3339.0,2046.0,,2618.0,2044.0,,547.0,,3803.0,1361.0,1791.0,,,317.0,3403.0,1431.0,,3208.0,2410.0,,,1558.0,491.0,3690.0
,725.0,2776.0,,526.0,377.0,,1053.0,,298.0,2493.0,2980.0,,,1392.0,847.0,796.0,,2408.0,1930.0,,,3524.0,3043.0,2453.0
,2291.0,2558.0,,451.0,2100.0,,2919.0,,2262.0,894.0,1962.0,,,3549.0,2976.0,1260.0,,1490.0,998.0,,,3860.0,3645.0,2535.0
,3342.0,3637.0,,2835.0,1477.0,,3884.0,,1069.0,1811.0,2343.0,,,1038.0,3236.0,3459.0,,3341.0,3513.0,,,3614.0,1475.0,2774.0
,2841.0,1916.0,,2109.0,3640.0,,3852.0,,2322.0,1025.0,533.0,,,2626.0,1704.0,1176.0,,2598.0,1659.0,,,318.0,3692.0,2897.0
,3848.0,3268.0,,962.0,142.0,,3115.0,,3546.0,489.0,934.0,,,105.0,3793.0,1246.0,,435.0,1746.0,,,3881.0,1656.0,3264.0
,2986.0,957.0,,663.0,174.0,,83.0,,2814.0,1818.0,1057.0,,,2817.0,539.0,1356.0,,1629.0,3225.0,,,1074.0,3843.0,434.0
,2447.0,2244.0,,2826.0,1014.0,,441.0,,1176.0,1681.0,1812.0,,,2482.0,2118.0,3374.0,,96.0,3566.0,,,1884.0,155.0,303.0
,1733.0,465.0,,226.0,1878.0,,1570.0,,2020.0,3808.0,3354.0,,,1776.0,456.0,3593.0,,1721.0,851.0,,,3873.0,3394.0,2765.0
,3707.0,2284.0,,2527.0,1891.0,,3498.0,,1030.0,1012.0,697.0,,,476.0,1790.0,972.0,,0.0,2945.0,,,3629.0,1555.0,3640.0
,391.0,932.0,,632.0,1206.0,,1994.0,,408.0,3465.0,2655.0,,,230.0,3904.0,2112.0,,2421.0,573.0,,,1831.0,3438.0,2905.0
,713.0,991.0,,3806.0,1055.0,,174.0,,716.0,2197.0,755.0,,,775.0,760.0,1630.0,,2868.0,3889.0,,,908.0,2901.0,1049.0
,227.0,982.0,,1519.0,205.0,,3845.0,,3198.0,2479.0,2209.0,,,2166.0,1303.0,3147.0,,430.0,2379.0,,,3207.0,3622.0,3219.0
,3462.0,990.0,,1785.0,3856.0,,1027.0,,1580.0,1619.0,2598.0,,,129.0,993.0,2725.0,,550.0,1558.0,,,1195.0,1674.0,3721.0
,3554.0,498.0,,1429.0,1391.0,,203.0,,1662.0,3349.0,537.0,,,3107.0,2569.0,2064.0,,2242.0,3473.0,,,172.0,1278.0,3522.0
,2182.0,3415.0,,1554.0,2352.0,,2376.0,,3495.0,983.0,3898.0,,,1213.0,1874.0,2645.0,,834.0,1574.0,,,2187.0,2804.0,1191.0
,3485.0,894.0,,3847.0,1015.0,,983.0,,2536.0,999.0,2060.0,,,3122.0,1694.0,1668.0,,3784.0,3267.0,,,2881.0,3348.0,3896.0
,1341.0,2440.0,,3319.0,1769.0,,3869.0,,1185.0,3043.0,661.0,,,883.0,2225.0,1363.0,,952.0,996.0,,,3432.0,210.0,1904.0
,2003.0,3028.0,,755.0,3449.0,,511.0,,1947.0,692.0,83.0,,,1913.0,3128.0,1330.0,,2120.0,2623.0,,,1101.0,135.0,112.0
,576.0,2621.0,,77.0,735.0,,1327.0,,2807.0,1642.0,2135.0,,,1568.0,294.0,1352.0,,2643.0,2276.0,,,3848.0,1176.0,2497.0
,3576.0,792.0,,1768.0,2638.0,,1612.0,,3182.0,1368.0,3660.0,,,57.0,3616.0,185.0,,1349.0,3372.0,,,2376.0,3036.0,2859.0
,800.0,2221.0,,2834.0,2596.0,,2576.0,,2131.0,2046.0,2496.0,,,941.0,415.0,1519.0,,470.0,976.0,,,1981.0,633.0,210.0
,1291.0,3735.0,,2184.0,2335.0,,1819.0,,729.0,3137.0,3203.0,,,993.0,3260.0,412.0,,1625.0,1288.0,,,2657.0,564.0,522.0
,1043.0,1990.0,,1725.0,210.0,,1203.0,,1033.0,340.0,3092.0,,,3616.0,553.0,1690.0,,863.0,2054.0,,,2811.0,3797.0,860.0
,994.0,3699.0,,3759.0,3386.0,,1890.0,,1402.0,3641.0,3731.0,,,13.0,3645.0,66.0,,1037.0,193.0,,,1736.0,2883.0,791.0
,3061.0,3350.0,,3732.0,2390.0,,695.0,,587.0,936.0,560.0,,,75.0,2024.0,1192.0,,3440.0,2480.0,,,705.0,1962.0,2703.0
,1849.0,2392.0,,973.0,2096.0,,1938.0,,1392.0,2360.0,1269.0,,,2638.0,1570.0,3520.0,,256.0,1434.0,,,2518.0,201.0,2469.0
,3762.0,1422.0,,2293.0,1900.0,,1847.0,,3476.0,1292.0,2823.0,,,1823.0,2716.0,3176.0,,1847.0,710.0,,,3749.0,614.0,97.0
,511.0,2810.0,,459.0,1225.0,,3288.0,,2980.0,3862.0,1287.0,,,487.0,2390.0,190.0,,1530.0,2573.0,,,94.0,2421.0,2559.0
,1862.0,1516.0,,436.0,1070.0,,1040.0,,211.0,2499.0,1199.0,,,2178.0,421.0,1530.0,,984.0,3287.0,,,220.0,302.0,669.0
,1399.0,73.0,,2637.0,2124.0,,715.0,,1732.0,1955.0,3412.0,,,1127.0,1871.0,1325.0,,2811.0,1284.0,,,2988.0,2221.0,3696.0
,2327.0,3297.0,,3138.0,3460.0,,255.0,,3560.0,3166.0,3427.0,,,968.0,480.0,2205.0,,679.0,1071.0,,,3306.0,2536.0,0.0
,1280.0,567.0,,146.0,2284.0,,2030.0,,265.0,2303.0,703.0,,,1759.0,2677.0,2887.0,,3061.0,392.0,,,235.0,440.0,989.0
,2730.0,3626.0,,3647.0,2494.0,,362.0,,487.0,143.0,1094.0,,,2812.0,2217.0,2501.0,,1559.0,1987.0,,,2324.0,2533.0,552.0
,2337.0,948.0,,2721.0,855.0,,3628.0,,432.0,1197.0,1888.0,,,1523.0,3650.0,3224.0,,974.0,43.0,,,2539.0,1447.0,2661.0
,1387.0,749.0,,2652.0,2906.0,,1330.0,,406.0,3320.0,899.0,,,46.0,2805.0,3694.0,,905.0,3247.0,,,3512.0,3746.0,1110.0
,2651.0,3506.0,,3122.0,1946.0,,1783.0,,1547.0,3601.0,398.0,,,1563.0,83.0,2556.0,,815.0,2787.0,,,2943.0,2848.0,2649.0
,3801.0,573.0,,499.0,3566.0,,1636.0,,2176.0,3385.0,2759.0,,,983.0,1519.0,2394.0,,1422.0,238.0,,,2684.0,531.0,424.0
,760.0,2865.0,,1680.0,419.0,,1717.0,,2766.0,434.0,712.0,,,4.0,363.0,2167.0,,1827.0,2517.0,,,1111.0,1834.0,2904.0
,471.0,730.0,,2412.0,2247.0,,2637.0,,3625.0,2302.0,151.0,,,2762.0,1510.0,2746.0,,852.0,3310.0,,,2998.0,188.0,3355.0
,2077.0,1978.0,,950.0,2290.0,,3523.0,,2065.0,2717.0,2904.0,,,2777.0,1894.0,3023.0,,2804.0,121.0,,,2544.0,2034.0,1666.0
,1735.0,591.0,,93.0,1161.0,,2806.0,,881.0,2861.0,3843.0,,,1876.0,2199.0,2583.0,,1862.0,3636.0,,,1401.0,1727.0,2620.0
,1071.0,721.0,,1939.0,2632.0,,2260.0,,2288.0,330.0,2601.0,,,2101.0,1602.0,578.0,,794.0,2911.0,,,2884.0,1954.0,293.0
,3486.0,461.0,,3534.0,1066.0,,728.0,,3507.0,3208.0,71.0,,,142.0,1357.0,3106.0,,209.0,1059.0,,,1420.0,1353.0,2345.0
,565.0,3227.0,,803.0,3287.0,,3425.0,,3626.0,2030.0,608.0,,,2041.0,2960.0,2330.0,,3010.0,1422.0,,,848.0,3573.0,3854.0
,2237.0,3159.0,,259.0,2864.0,,2180.0,,3148.0,2576.0,2108.0,,,1270.0,915.0,694.0,,1018.0,186.0,,,2944.0,712.0,682.0
,2658.0,325.0,,2237.0,2977.0,,421.0,,87.0,417.0,2763.0,,,2036.0,2849.0,1003.0,,2174.0,3035.0,,,1779.0,1439.0,3906.0
,1876.0,1523.0,,935.0,2610.0,,3228.0,,290.0,3625.0,2418.0,,,3226.0,61.0,744.0,,2037.0,24.0,,,851.0,3913.0,3154.0
,1667.0,3879.0,,3035.0,1349.0,,2678.0,,2404.0,3805.0,1853.0,,,2946.0,542.0,1287.0,,1474.0,1058.0,,,247.0,683.0,3646.0
,2016.0,2148.0,,330.0,144.0,,252.0,,3106.0,167.0,3069.0,,,3357.0,1436.0,3827.0,,787.0,907.0,,,2038.0,3639.0,2950.0
,3371.0,1804.0,,2382.0,3442.0,,1397.0,,2704.0,2745.0,737.0,,,418.0,1503.0,297.0,,3130.0,2429.0,,,2756.0,268.0,1697.0
,533.0,621.0,,113.0,3750.0,,3748.0,,3907.0,934.0,2213.0,,,1937.0,3456.0,1904.0,,3780.0,1449.0,,,1776.0,1953.0,1767.0
,1524.0,1555.0,,3115.0,590.0,,2659.0,,368.0,416.0,3089.0,,,1306.0,3367.0,255.0,,2516.0,3326.0,,,104.0,3256.0,1774.0
,2262.0,1591.0,,2062.0,3816.0,,3018.0,,2133.0,3122.0,3519.0,,,284.0,3751.0,2629.0,,2114.0,3852.0,,,3702.0,3538.0,3040.0
,417.0,773.0,,1146.0,2477.0,,3180.0,,1977.0,387.0,2422.0,,,3586.0,3778.0,3747.0,,475.0,680.0,,,1761.0,866.0,3139.0
,3365.0,635.0,,1856.0,1116.0,,2490.0,,370.0,1738.0,2564.0,,,1029.0,1856.0,1272.0,,2206.0,1771.0,,,1722.0,956.0,1350.0
,2411.0,3609.0,,3621.0,1602.0,,3846.0,,1855.0,3872.0,743.0,,,2260.0,3120.0,2456.0,,951.0,1353.0,,,3474.0,830.0,437.0
,1262.0,1318.0,,3591.0,3009.0,,485.0,,23.0,166.0,2522.0,,,2170.0,2205.0,1028.0,,883.0,480.0,,,107.0,821.0,2977.0
,1386.0,3643.0,,832.0,1032.0,,2165.0,,1044.0,1693.0,1730.0,,,3392.0,392.0,853.0,,1891.0,576.0,,,739.0,1990.0,3731.0
,3053.0,195.0,,3604.0,2460.0,,1344.0,,217.0,1128.0,426.0,,,2594.0,1213.0,1791.0,,1269.0,3363.0,,,3786.0,2507.0,2011.0
,427.0,3618.0,,1001.0,1552.0,,2028.0,,3710.0,117.0,3206.0,,,2021.0,2426.0,1856.0,,1072.0,3612.0,,,2342.0,2323.0,3698.0
,2336.0,2137.0,,3828.0,515.0,,2400.0,,2951.0,2438.0,122.0,,,1356.0,512.0,301.0,,238.0,957.0,,,3718.0,2692.0,7.0
,2404.0,2879.0,,1823.0,1556.0,,1928.0,,3278.0,3722.0,2456.0,,,2103.0,800.0,3263.0,,2140.0,3342.0,,,1541.0,1827.0,2488.0
,3051.0,3272.0,,1103.0,2406.0,,1305.0,,3111.0,176.0,1777.0,,,3632.0,3330.0,1241.0,,243.0,2635.0,,,1930.0,2972.0,1013.0
,113.0,1317.0,,2247.0,1268.0,,701.0,,3047.0,1142.0,1872.0,,,3874.0,1026.0,1326.0,,3894.0,2793.0,,,3652.0,319.0,125.0
,1530.0,1677.0,,98.0,1858.0,,1469.0,,3054.0,3288.0,7.0,,,408.0,3601.0,219.0,,3861.0,852.0,,,476.0,3145.0,2708.0
,968.0,1977.0,,1386.0,3606.0,,1139.0,,490.0,1445.0,2760.0,,,2991.0,1630.0,3428.0,,2279.0,3604.0,,,3902.0,1395.0,257.0
,1214.0,596.0,,2279.0,3430.0,,2793.0,,569.0,3797.0,3435.0,,,2183.0,3706.0,1007.0,,2232.0,2019.0,,,2841.0,3446.0,2701.0
,1689.0,2008.0,,1186.0,572.0,,3673.0,,359.0,1663.0,3590.0,,,2012.0,3685.0,1762.0,,258.0,2627.0,,,2387.0,532.0,3186.0
,2947.0,1719.0,,1656.0,1531.0,,877.0,,140.0,3236.0,2235.0,,,3528.0,3806.0,2893.0,,3189.0,119.0,,,3538.0,94.0,895.0
,1058.0,3086.0,,54.0,347.0,,1194.0,,1171.0,1200.0,516.0,,,1336.0,565.0,1872.0,,2871.0,1646.0,,,1800.0,2676.0,948.0
,2060.0,895.0,,3821.0,610.0,,2913.0,,2207.0,2116.0,673.0,,,2320.0,2670.0,785.0,,2013.0,1196.0,,,3219.0,2735.0,1505.0
,3560.0,599.0,,2401.0,3390.0,,2247.0,,3615.0,660.0,3682.0,,,1984.0,3444.0,1503.0,,2019.0,1711.0,,,3664.0,3616.0,1091.0
,892.0,2784.0,,2241.0,3709.0,,2799.0,,3781.0,573.0,1918.0,,,905.0,2995.0,400.0,,2047.0,1214.0,,,2637.0,331.0,658.0
,1719.0,2363.0,,2405.0,2225.0,,3402.0,,3558.0,1284.0,163.0,,,1832.0,767.0,3491.0,,838.0,3216.0,,,3585.0,673.0,1983.0
,454.0,961.0,,1506.0,2144.0,,3221.0,,1153.0,1546.0,4.0,,,2239.0,2833.0,672.0,,422.0,948.0,,,99.0,3322.0,943.0
,1350.0,118.0,,3632.0,29.0,,3504.0,,1500.0,1978.0,1101.0,,,3074.0,3394.0,3123.0,,2839.0,2977.0,,,2173.0,1178.0,3827.0
,3703.0,246.0,,351.0,1434.0,,1799.0,,3314.0,2254.0,1137.0,,,827.0,3611.0,1426.0,,3746.0,3219.0,,,2523.0,3374.0,3220.0
,2075.0,1239.0,,1017.0,2856.0,,3708.0,,1024.0,331.0,2503.0,,,881.0,743.0,606.0,,3119.0,3440.0,,,1269.0,1820.0,445.0
,3304.0,2476.0,,2294.0,992.0,,941.0,,2321.0,376.0,3788.0,,,374.0,3758.0,3120.0,,301.0,3283.0,,,3115.0,508.0,1553.0
,92.0,161.0,,3741.0,1521.0,,304.0,,521.0,48.0,3107.0,,,732.0,2720.0,1462.0,,1021.0,616.0,,,244.0,115.0,3498.0
,279.0,3281.0,,3293.0,1381.0,,600.0,,2590.0,2496.0,3094.0,,,715.0,2481.0,3821.0,,1595.0,510.0,,,1502.0,36.0,370.0
,629.0,3178.0,,844.0,1829.0,,854.0,,3157.0,919.0,393.0,,,138.0,3488.0,3016.0,,1029.0,2654.0,,,135.0,912.0,1458.0
,122.0,1029.0,,2339.0,1163.0,,3251.0,,3268.0,2449.0,3465.0,,,2225.0,2483.0,3732.0,,2699.0,2596.0,,,1197.0,706.0,3089.0
,3048.0,580.0,,2664.0,1839.0,,646.0,,3263.0,1874.0,3761.0,,,1722.0,3237.0,3261.0,,652.0,2583.0,,,2453.0,2905.0,704.0
,937.0,1882.0,,2870.0,2453.0,,789.0,,409.0,3401.0,3361.0,,,84.0,357.0,2221.0,,332.0,1209.0,,,1273.0,2798.0,1287.0
,1111.0,202.0,,1569.0,561.0,,3311.0,,2880.0,2582.0,355.0,,,1468.0,1027.0,2830.0,,3863.0,2927.0,,,1732.0,2765.0,2355.0
,860.0,3161.0,,3230.0,2248.0,,65.0,,1282.0,673.0,3900.0,,,2182.0,2856.0,3164.0,,3848.0,3018.0,,,3779.0,1246.0,2541.0
,852.0,2333.0,,2126.0,1453.0,,3740.0,,2361.0,1123.0,665.0,,,677.0,424.0,3433.0,,2290.0,2005.0,,,2135.0,1576.0,616.0
,3586.0,395.0,,3168.0,3129.0,,1659.0,,150.0,318.0,1149.0,,,240.0,876.0,1980.0,,424.0,3746.0,,,3789.0,2760.0,931.0
,3319.0,3081.0,,3086.0,3560.0,,1291.0,,3177.0,1205.0,3006.0,,,2189.0,672.0,67.0,,389.0,637.0,,,3150.0,3165.0,1258.0
,3023.0,1218.0,,1378.0,650.0,,1863.0,,767.0,3068.0,3038.0,,,2156.0,3136.0,2173.0,,1043.0,2001.0,,,3090.0,1223.0,3100.0
,3698.0,1360.0,,227.0,787.0,,2751.0,,3379.0,910.0,2670.0,,,66.0,2232.0,3727.0,,1959.0,3081.0,,,77.0,2181.0,1541.0
,3137.0,3228.0,,2305.0,2641.0,,3886.0,,376.0,1843.0,3884.0,,,2083.0,341.0,3518.0,,2091.0,3719.0,,,118.0,3033.0,3901.0
,2762.0,2576.0,,624.0,1227.0,,154.0,,316.0,1308.0,2649.0,,,1505.0,3743.0,1297.0,,3156.0,1627.0,,,1796.0,772.0,3382.0
,526.0,3398.0,,3587.0,280.0,,271.0,,3653.0,2352.0,864.0,,,147.0,297.0,1258.0,,3782.0,3786.0,,,2536.0,2024.0,2306.0
,272.0,1240.0,,1674.0,3798.0,,2431.0,,2226.0,3016.0,2960.0,,,3692.0,2278.0,590.0,,3603.0,751.0,,,367.0,3152.0,3715.0
,3387.0,2852.0,,3537.0,159.0,,1797.0,,3793.0,2139.0,3344.0,,,2296.0,1535.0,3372.0,,2400.0,1054.0,,,1677.0,3525.0,143.0
,388.0,3095.0,,2112.0,3235.0,,2217.0,,3191.0,3116.0,3490.0,,,3777.0,1736.0,1151.0,,394.0,791.0,,,3502.0,1450.0,1831.0
,2853.0,2367.0,,2769.0,2216.0,,3382.0,,2943.0,2889.0,1625.0,,,840.0,1506.0,1911.0,,1222.0,2960.0,,,194.0,3819.0,3407.0
,1979.0,3116.0,,3021.0,3582.0,,3141.0,,1656.0,2958.0,3566.0,,,2318.0,3158.0,781.0,,2484.0,1950.0,,,3849.0,3885.0,2024.0
,3239.0,2390.0,,976.0,1643.0,,314.0,,168.0,2208.0,3152.0,,,2854.0,2109.0,714.0,,687.0,1374.0,,,1446.0,458.0,3699.0
,2169.0,2808.0,,3763.0,3005.0,,2463.0,,2173.0,3855.0,486.0,,,140.0,355.0,335.0,,1606.0,132.0,,,624.0,2252.0,247.0
,3474.0,3096.0,,1500.0,3642.0,,1205.0,,1648.0,1020.0,244.0,,,2135.0,883.0,232.0,,2606.0,1154.0,,,830.0,3190.0,703.0
,780.0,3134.0,,3075.0,907.0,,2960.0,,3214.0,2043.0,1042.0,,,2949.0,1726.0,1409.0,,3289.0,3190.0,,,1476.0,2491.0,758.0
,1319.0,1110.0,,2306.0,2294.0,,1394.0,,2014.0,3706.0,2511.0,,,334.0,3679.0,1135.0,,1040.0,2678.0,,,149.0,1390.0,3734.0
,3766.0,1961.0,,2688.0,1339.0,,3495.0,,826.0,446.0,3483.0,,,188.0,3081.0,3067.0,,1415.0,779.0,,,48.0,1545.0,738.0
,1825.0,810.0,,3273.0,119.0,,3439.0,,2990.0,739.0,1212.0,,,488.0,1391.0,2990.0,,2029.0,2188.0,,,2240.0,2812.0,2830.0
,2263.0,2945.0,,3082.0,808.0,,1827.0,,215.0,252.0,1809.0,,,2372.0,2022.0,743.0,,2436.0,1265.0,,,544.0,960.0,3449.0
,1836.0,3692.0,,846.0,407.0,,2869.0,,2343.0,969.0,3774.0,,,53.0,1317.0,408.0,,938.0,2660.0,,,284.0,388.0,1167.0
,1839.0,1442.0,,710.0,1939.0,,469.0,,2687.0,806.0,2962.0,,,2583.0,3074.0,2017.0,,3028.0,1445.0,,,3176.0,832.0,2579.0
,2964.0,3015.0,,2179.0,3639.0,,896.0,,1758.0,3472.0,352.0,,,3517.0,1582.0,899.0,,2722.0,87.0,,,2046.0,2411.0,1107.0
,2080.0,1829.0,,2837.0,1981.0,,3469.0,,1775.0,1777.0,505.0,,,3723.0,763.0,3630.0,,3907.0,3102.0,,,1348.0,3654.0,3083.0
,653.0,1581.0,,3720.0,2402.0,,508.0,,2291.0,1935.0,3792.0,,,674.0,3600.0,3297.0,,233.0,3059.0,,,841.0,3561.0,1255.0
,551.0,2206.0,,3142.0,517.0,,1691.0,,1325.0,556.0,1051.0,,,1836.0,3512.0,3129.0,,3226.0,1515.0,,,1579.0,2040.0,1038.0
,589.0,198.0,,1449.0,3318.0,,995.0,,710.0,3910.0,2743.0,,,2191.0,3235.0,3765.0,,918.0,1216.0,,,1525.0,500.0,1672.0
,1247.0,2497.0,,3378.0,3521.0,,2906.0,,429.0,2007.0,866.0,,,2936.0,2334.0,3817.0,,2286.0,481.0,,,693.0,2003.0,3288.0
,344.0,2815.0,,3656.0,2083.0,,3683.0,,3324.0,1503.0,672.0,,,879.0,410.0,2980.0,,2453.0,1043.0,,,37.0,2549.0,1171.0
,405.0,3718.0,,2787.0,3574.0,,2794.0,,2424.0,2269.0,30.0,,,1178.0,1009.0,3600.0,,2997.0,2141.0,,,1340.0,893.0,705.0
,3220.0,2631.0,,3169.0,2665.0,,1688.0,,575.0,406.0,2427.0,,,1522.0,894.0,1360.0,,3727.0,734.0,,,745.0,2267.0,1387.0
,3622.0,976.0,,1145.0,1397.0,,428.0,,1854.0,2119.0,248.0,,,1849.0,3151.0,2437.0,,3170.0,194.0,,,3492.0,2963.0,3862.0
,1960.0,95.0,,3228.0,3823.0,,1412.0,,1025.0,1290.0,675.0,,,860.0,1175.0,897.0,,3896.0,2445.0,,,634.0,3441.0,3528.0
,155.0,3269.0,,2322.0,1776.0,,2591.0,,731.0,2715.0,2761.0,,,707.0,1173.0,2211.0,,1688.0,1663.0,,,1458.0,1427.0,1813.0
,1144.0,2641.0,,314.0,2615.0,,3718.0,,56.0,1538.0,2939.0,,,899.0,1627.0,2048.0,,3138.0,1172.0,,,2966.0,2366.0,2641.0
,482.0,261.0,,2565.0,1109.0,,85.0,,3269.0,1916.0,3541.0,,,3782.0,1731.0,3524.0,,902.0,3450.0,,,3363.0,110.0,2736.0
,2105.0,818.0,,869.0,3787.0,,3358.0,,476.0,1227.0,2517.0,,,3911.0,3077.0,1799.0,,28.0,1047.0,,,3893.0,3731.0,570.0
,747.0,3663.0,,1839.0,1925.0,,33.0,,625.0,540.0,1047.0,,,557.0,1949.0,186.0,,2351.0,1631.0,,,1099.0,1686.0,2066.0
,3865.0,594.0,,2461.0,3201.0,,3830.0,,1607.0,3129.0,2140.0,,,3474.0,3592.0,3192.0,,2652.0,2326.0,,,3817.0,2725.0,66.0
,2457.0,829.0,,3186.0,1370.0,,2956.0,,2549.0,558.0,1764.0,,,486.0,3547.0,2225.0,,3113.0,1891.0,,,2976.0,694.0,2398.0
,2276.0,3514.0,,2060.0,2303.0,,3560.0,,1605.0,1432.0,2620.0,,,3778.0,3620.0,2726.0,,169.0,3261.0,,,702.0,2195.0,1704.0
,2490.0,983.0,,183.0,1424.0,,2315.0,,2408.0,2947.0,576.0,,,3552.0,3553.0,860.0,,2413.0,2560.0,,,3274.0,2053.0,503.0
,188.0,1880.0,,316.0,3591.0,,3629.0,,2096.0,1152.0,2662.0,,,2920.0,1296.0,1444.0,,2862.0,3479.0,,,694.0,1295.0,3889.0
,1209.0,1563.0,,678.0,2015.0,,2684.0,,2417.0,3305.0,3118.0,,,1262.0,3633.0,2346.0,,2070.0,1498.0,,,3461.0,2650.0,2227.0
,1499.0,3397.0,,435.0,922.0,,3040.0,,2064.0,161.0,1814.0,,,1372.0,2224.0,1992.0,,3391.0,2925.0,,,3083.0,1574.0,1643.0
,3150.0,716.0,,3156.0,2505.0,,575.0,,492.0,1441.0,1016.0,,,3207.0,1600.0,3416.0,,3372.0,331.0,,,1057.0,1341.0,2631.0
,2614.0,3896.0,,2407.0,2447.0,,3872.0,,690.0,1687.0,2024.0,,,1222.0,920.0,531.0,,963.0,3741.0,,,757.0,278.0,1812.0
,1050.0,1109.0,,2646.0,647.0,,393.0,,244.0,3738.0,1442.0,,,3186.0,1137.0,3657.0,,329.0,1122.0,,,1556.0,1240.0,38.0
,2766.0,2377.0,,1058.0,3455.0,,32.0,,2373.0,675.0,765.0,,,3696.0,3898.0,509.0,,2275.0,3268.0,,,3518.0,2399.0,2335.0
,3291.0,3232.0,,1640.0,845.0,,334.0,,2338.0,3592.0,1498.0,,,1953.0,2643.0,1944.0,,3821.0,2235.0,,,2263.0,3300.0,166.0
,1850.0,323.0,,552.0,242.0,,46.0,,3260.0,3144.0,554.0,,,2404.0,813.0,3107.0,,2602.0,2166.0,,,2799.0,206.0,1877.0
,3692.0,2835.0,,3734.0,236.0,,2387.0,,2936.0,2233.0,2969.0,,,890.0,3194.0,1594.0,,901.0,1586.0,,,2152.0,3318.0,2372.0
,2394.0,3257.0,,3586.0,1074.0,,1576.0,,1377.0,900.0,3150.0,,,3328.0,2424.0,3350.0,,709.0,2942.0,,,97.0,2204.0,1273.0
,3384.0,337.0,,1988.0,691.0,,922.0,,2787.0,1679.0,3257.0,,,1620.0,104.0,3295.0,,1872.0,469.0,,,302.0,1737.0,1492.0
,346.0,3426.0,,1476.0,232.0,,3520.0,,2556.0,72.0,2426.0,,,37.0,868.0,2102.0,,398.0,1291.0,,,2826.0,791.0,2953.0
,2967.0,3174.0,,299.0,3186.0,,1655.0,,3797.0,3545.0,2789.0,,,2761.0,1771.0,2685.0,,3220.0,2218.0,,,2062.0,1532.0,1500.0
,1605.0,3137.0,,2152.0,3024.0,,1853.0,,2650.0,3011.0,667.0,,,3169.0,3757.0,601.0,,989.0,1879.0,,,1990.0,1419.0,3534.0
,206.0,639.0,,3453.0,1601.0,,488.0,,2100.0,2644.0,2138.0,,,3161.0,2039.0,2550.0,,3653.0,2613.0,,,2761.0,1114.0,334.0
,844.0,2275.0,,1231.0,3742.0,,924.0,,897.0,2923.0,2636.0,,,3533.0,2570.0,910.0,,3846.0,1893.0,,,78.0,527.0,2290.0
,1492.0,546.0,,3854.0,2987.0,,1970.0,,355.0,3821.0,2218.0,,,786.0,2376.0,2602.0,,65.0,3339.0,,,1603.0,2230.0,2776.0
,572.0,1083.0,,1465.0,2473.0,,113.0,,3545.0,1450.0,2351.0,,,2147.0,100.0,712.0,,3270.0,828.0,,,3666.0,2246.0,2334.0
,3192.0,3509.0,,1715.0,2382.0,,2584.0,,141.0,1295.0,2541.0,,,3006.0,3007.0,1489.0,,1918.0,228.0,,,112.0,2621.0,3851.0
,3229.0,736.0,,1782.0,746.0,,735.0,,3132.0,635.0,3325.0,,,80.0,1904.0,3296.0,,288.0,1912.0,,,1144.0,3509.0,3780.0
,1760.0,618.0,,2319.0,23.0,,3879.0,,2553.0,1120.0,2093.0,,,2380.0,880.0,1078.0,,276.0,1836.0,,,600.0,2255.0,500.0
,1802.0,3757.0,,2544.0,2627.0,,1862.0,,3138.0,1601.0,2119.0,,,3039.0,2705.0,2999.0,,2017.0,3691.0,,,165.0,16.0,417.0
,2820.0,1735.0,,3619.0,2187.0,,2361.0,,3670.0,1075.0,3834.0,,,1685.0,1077.0,2208.0,,746.0,2083.0,,,2110.0,3073.0,3897.0
,3069.0,19.0,,581.0,1810.0,,900.0,,1408.0,2608.0,3169.0,,,3461.0,874.0,3472.0,,827.0,3835.0,,,3686.0,3584.0,2141.0
,3511.0,1187.0,,1007.0,289.0,,3851.0,,209.0,389.0,513.0,,,1967.0,2400.0,103.0,,3830.0,3087.0,,,3485.0,1147.0,3835.0
,1434.0,1596.0,,958.0,2420.0,,3736.0,,484.0,1286.0,2489.0,,,713.0,3550.0,201.0,,3384.0,1801.0,,,3192.0,2646.0,3733.0
,6.0,2543.0,,1472.0,3748.0,,462.0,,67.0,425.0,2399.0,,,1622.0,2242.0,849.0,,580.0,1355.0,,,2302.0,1195.0,2552.0
,3362.0,515.0,,1015.0,1574.0,,343.0,,1417.0,3170.0,2776.0,,,1516.0,3535.0,1191.0,,1324.0,1489.0,,,3863.0,3425.0,3635.0
,254.0,1655.0,,546.0,806.0,,1571.0,,1077.0,3717.0,1706.0,,,1404.0,3874.0,764.0,,3199.0,1066.0,,,1999.0,2345.0,235.0
,886.0,1403.0,,1265.0,62.0,,1503.0,,2709.0,906.0,3358.0,,,3278.0,869.0,2547.0,,2277.0,717.0,,,641.0,2910.0,295.0
,1439.0,1757.0,,344.0,3096.0,,3836.0,,1093.0,3631.0,1754.0,,,3383.0,301.0,3337.0,,3243.0,3282.0,,,2051.0,1874.0,3241.0
,96.0,3419.0,,680.0,2167.0,,2752.0,,1721.0,193.0,898.0,,,3627.0,313.0,266.0,,2927.0,2507.0,,,1644.0,1849.0,1139.0
,2268.0,2913.0,,1667.0,3887.0,,1581.0,,3334.0,484.0,1395.0,,,1583.0,831.0,997.0,,3041.0,85.0,,,2603.0,3119.0,2877.0
,1371.0,2947.0,,2880.0,618.0,,812.0,,2816.0,876.0,1510.0,,,3749.0,184.0,2080.0,,3171.0,2248.0,,,206.0,2526.0,3666.0
,1331.0,849.0,,3443.0,3807.0,,2875.0,,274.0,3065.0,2180.0,,,1108.0,1182.0,2674.0,,1951.0,3627.0,,,874.0,2601.0,1425.0
,3778.0,2432.0,,985.0,904.0,,335.0,,726.0,1850.0,617.0,,,3465.0,2866.0,1808.0,,1010.0,1031.0,,,1409.0,3387.0,1799.0
,411.0,1056.0,,651.0,2752.0,,863.0,,1984.0,1023.0,1985.0,,,21.0,485.0,28.0,,2742.0,1505.0,,,1989.0,1148.0,3126.0
,926.0,162.0,,2409.0,1060.0,,2432.0,,1590.0,3905.0,1683.0,,,148.0,1046.0,2672.0,,2972.0,1808.0,,,1517.0,254.0,609.0
,3800.0,2223.0,,235.0,2182.0,,431.0,,2416.0,851.0,3637.0,,,3719.0,2339.0,1008.0,,487.0,1165.0,,,1589.0,637.0,1547.0
,1731.0,3854.0,,3091.0,367.0,,219.0,,2256.0,1146.0,986.0,,,1642.0,3288.0,3810.0,,1209.0,2855.0,,,2717.0,3077.0,2864.0
,1529.0,2932.0,,1751.0,3820.0,,1935.0,,1933.0,1140.0,1125.0,,,1058.0,1963.0,330.0,,671.0,1247.0,,,1721.0,2100.0,2232.0
,1366.0,1864.0,,3575.0,614.0,,2190.0,,19.0,2919.0,2289.0,,,2188.0,1499.0,243.0,,2971.0,1181.0,,,1240.0,2821.0,3830.0
,1782.0,1917.0,,1098.0,1619.0,,3883.0,,3637.0,1572.0,347.0,,,2348.0,1156.0,156.0,,3616.0,2307.0,,,1715.0,2987.0,1675.0
,3305.0,484.0,,191.0,2054.0,,1477.0,,3386.0,3123.0,873.0,,,3806.0,2963.0,2260.0,,67.0,771.0,,,2278.0,2659.0,1730.0
,3528.0,3265.0,,568.0,2758.0,,3284.0,,2823.0,2820.0,3675.0,,,1692.0,1720.0,248.0,,461.0,1148.0,,,2383.0,1133.0,1033.0
,1543.0,2878.0,,3380.0,2570.0,,1866.0,,3286.0,3608.0,1010.0,,,2212.0,3745.0,1420.0,,2077.0,2518.0,,,648.0,1063.0,3811.0
,486.0,1302.0,,3547.0,237.0,,3383.0,,689.0,1166.0,648.0,,,3063.0,1270.0,227.0,,3109.0,3455.0,,,1226.0,1124.0,979.0
,2639.0,882.0,,1908.0,1821.0,,1023.0,,453.0,1542.0,1612.0,,,1244.0,2234.0,3468.0,,799.0,3676.0,,,3388.0,584.0,1068.0
,3632.0,169.0,,562.0,3669.0,,396.0,,3633.0,3502.0,2101.0,,,3751.0,2445.0,1120.0,,3140.0,2322.0,,,1546.0,1282.0,2909.0
,3902.0,176.0,,3782.0,1346.0,,3430.0,,3231.0,2774.0,3781.0,,,3883.0,3855.0,217.0,,3154.0,1840.0,,,3915.0,1125.0,2784.0
,3573.0,2361.0,,2703.0,1024.0,,3717.0,,3788.0,3265.0,1579.0,,,1019.0,2568.0,245.0,,3403.0,963.0,,,3692.0,2837.0,1101.0
,1635.0,1748.0,,40.0,3565.0,,200.0,,2461.0,260.0,2219.0,,,2908.0,3691.0,1541.0,,1746.0,3714.0,,,960.0,3287.0,1365.0
,1673.0,589.0,,3728.0,1971.0,,254.0,,3568.0,1180.0,716.0,,,3437.0,3570.0,1050.0,,3299.0,647.0,,,914.0,1564.0,191.0
,77.0,3582.0,,2716.0,3178.0,,3250.0,,3432.0,1520.0,227.0,,,1546.0,3765.0,1775.0,,3064.0,1921.0,,,2890.0,2995.0,474.0
,356.0,116.0,,3298.0,519.0,,1514.0,,629.0,2165.0,1194.0,,,1110.0,2388.0,3206.0,,683.0,3871.0,,,521.0,1704.0,837.0
,2031.0,2544.0,,535.0,2605.0,,2406.0,,40.0,3649.0,3727.0,,,3146.0,1918.0,1882.0,,2646.0,1036.0,,,2594.0,1620.0,1066.0
,1549.0,1782.0,,3056.0,3053.0,,2622.0,,3238.0,3199.0,1712.0,,,559.0,892.0,1892.0,,207.0,2129.0,,,1287.0,3820.0,2989.0
,2944.0,519.0,,2475.0,3210.0,,2373.0,,2160.0,2754.0,3798.0,,,3236.0,903.0,2454.0,,444.0,2153.0,,,3137.0,3193.0,662.0
,3905.0,2097.0,,3077.0,638.0,,2259.0,,955.0,3648.0,1794.0,,,3566.0,3603.0,1661.0,,979.0,1639.0,,,466.0,2268.0,3133.0
,1186.0,2530.0,,2391.0,2965.0,,1232.0,,2181.0,3573.0,3759.0,,,2805.0,3479.0,3696.0,,1954.0,1604.0,,,1557.0,1967.0,3775.0
,769.0,1824.0,,311.0,1246.0,,2290.0,,3557.0,2491.0,296.0,,,2.0,856.0,3738.0,,3038.0,3397.0,,,260.0,2393.0,2585.0
,2715.0,14.0,,2871.0,1593.0,,1427.0,,1914.0,2822.0,1168.0,,,1447.0,1772.0,653.0,,3749.0,3207.0,,,433.0,561.0,2363.0
,2681.0,1667.0,,399.0,1558.0,,2533.0,,3011.0,749.0,2570.0,,,3193.0,3602.0,2253.0,,1117.0,3508.0,,,1759.0,1602.0,1152.0
,203.0,1405.0,,2442.0,1592.0,,993.0,,1107.0,1346.0,1445.0,,,2712.0,719.0,1284.0,,1934.0,1095.0,,,2845.0,1455.0,1803.0
,624.0,383.0,,2592.0,1524.0,,632.0,,3841.0,1412.0,1879.0,,,255.0,2917.0,202.0,,3087.0,303.0,,,1308.0,3472.0,1403.0
,1419.0,2916.0,,2548.0,316.0,,1852.0,,1756.0,627.0,3236.0,,,2295.0,965.0,3315.0,,2546.0,216.0,,,3525.0,3760.0,318.0
,3406.0,3895.0,,3832.0,1427.0,,1635.0,,3711.0,2911.0,1081.0,,,1598.0,939.0,1227.0,,2175.0,1469.0,,,2024.0,3836.0,372.0
,1142.0,1839.0,,3536.0,3711.0,,2614.0,,2325.0,2267.0,1751.0,,,2789.0,1354.0,1529.0,,3895.0,2376.0,,,1561.0,68.0,24.0
,3665.0,366.0,,2797.0,2078.0,,2061.0,,2227.0,3193.0,2629.0,,,2194.0,180.0,799.0,,1081.0,2674.0,,,1760.0,1821.0,1413.0
,807.0,49.0,,2983.0,3445.0,,3300.0,,1222.0,2505.0,2155.0,,,3543.0,2443.0,2189.0,,3263.0,2365.0,,,554.0,1886.0,129.0
,397.0,3831.0,,3388.0,1788.0,,2319.0,,2631.0,3861.0,1807.0,,,1981.0,1695.0,2023.0,,1489.0,1358.0,,,3669.0,441.0,584.0
,3467.0,3147.0,,2274.0,823.0,,1598.0,,1224.0,1111.0,1207.0,,,1970.0,3115.0,2711.0,,3238.0,2808.0,,,2653.0,3506.0,3510.0
,1823.0,2055.0,,3081.0,1983.0,,3697.0,,2273.0,773.0,121.0,,,2335.0,2283.0,2874.0,,219.0,1094.0,,,2473.0,867.0,3069.0
,2855.0,508.0,,1419.0,2907.0,,192.0,,61.0,1029.0,1873.0,,,1575.0,3699.0,2305.0,,2024.0,1317.0,,,2963.0,2483.0,3248.0
,21.0,675.0,,1180.0,1970.0,,2555.0,,1064.0,1256.0,3509.0,,,238.0,38.0,1809.0,,1890.0,1973.0,,,3852.0,998.0,79.0
,1335.0,36.0,,569.0,224.0,,809.0,,1581.0,818.0,2657.0,,,3345.0,1068.0,1569.0,,1525.0,1491.0,,,3549.0,118.0,1569.0
,797.0,2894.0,,649.0,1927.0,,1611.0,,2330.0,3131.0,2539.0,,,3331.0,1622.0,3573.0,,2609.0,2934.0,,,303.0,1801.0,912.0
,592.0,930.0,,418.0,2915.0,,280.0,,1619.0,2402.0,2044.0,,,524.0,3300.0,1564.0,,3198.0,1671.0,,,2409.0,2160.0,574.0
,2860.0,3908.0,,2905.0,1067.0,,169.0,,2864.0,752.0,350.0,,,1416.0,3065.0,2177.0,,523.0,2836.0,,,3202.0,1669.0,3718.0
,577.0,3019.0,,2744.0,126.0,,2106.0,,2484.0,208.0,1765.0,,,2893.0,3402.0,2484.0,,1243.0,1581.0,,,932.0,1667.0,2924.0
,2256.0,423.0,,3639.0,2419.0,,970.0,,3609.0,571.0,2707.0,,,3654.0,404.0,2243.0,,2311.0,448.0,,,3540.0,3802.0,2156.0
,768.0,2258.0,,1909.0,2512.0,,1849.0,,1601.0,144.0,2454.0,,,106.0,641.0,2780.0,,3174.0,2985.0,,,1576.0,814.0,1721.0
,1075.0,2398.0,,3721.0,2943.0,,3330.0,,2317.0,2925.0,1658.0,,,818.0,631.0,1106.0,,261.0,2611.0,,,3128.0,55.0,187.0
,383.0,2298.0,,3523.0,303.0,,3774.0,,1205.0,2519.0,2299.0,,,2382.0,3206.0,1611.0,,1248.0,3116.0,,,43.0,635.0,1601.0
,2582.0,2106.0,,1355.0,2972.0,,3011.0,,988.0,1260.0,2400.0,,,3691.0,2103.0,3060.0,,3175.0,1553.0,,,1836.0,3794.0,212.0
,2014.0,292.0,,3044.0,2828.0,,2416.0,,2215.0,426.0,174.0,,,2945.0,1329.0,2403.0,,1728.0,3853.0,,,1549.0,3213.0,2292.0
,1106.0,1287.0,,1821.0,3731.0,,1521.0,,3008.0,382.0,2597.0,,,3580.0,3393.0,493.0,,1208.0,283.0,,,3389.0,2789.0,3063.0
,1807.0,3873.0,,677.0,2039.0,,811.0,,2960.0,1927.0,2899.0,,,1301.0,3773.0,1428.0,,597.0,2661.0,,,2771.0,2521.0,2267.0
,1013.0,3881.0,,3178.0,2822.0,,3874.0,,3608.0,1048.0,3651.0,,,1499.0,3821.0,312.0,,2765.0,735.0,,,2361.0,2177.0,1596.0
,361.0,407.0,,3227.0,1721.0,,2158.0,,774.0,1219.0,73.0,,,731.0,179.0,3200.0,,2153.0,3412.0,,,1824.0,2214.0,3671.0
,2979.0,3835.0,,2772.0,1555.0,,1122.0,,163.0,1617.0,2239.0,,,367.0,268.0,769.0,,1192.0,474.0,,,221.0,2343.0,1566.0
,3815.0,3610.0,,802.0,2123.0,,3805.0,,2788.0,2459.0,2223.0,,,2454.0,239.0,3233.0,,1580.0,2225.0,,,658.0,2052.0,3688.0
,640.0,2001.0,,2998.0,1459.0,,3165.0,,781.0,1748.0,77.0,,,3473.0,3542.0,1501.0,,3742.0,1373.0,,,269.0,2178.0,3470.0
,745.0,3534.0,,2356.0,54.0,,3747.0,,3362.0,1490.0,55.0,,,1534.0,128.0,1957.0,,2318.0,3484.0,,,3430.0,1237.0,1468.0
,3169.0,1951.0,,2758.0,3710.0,,118.0,,2149.0,3585.0,1235.0,,,2274.0,3091.0,836.0,,2687.0,2761.0,,,424.0,948.0,3899.0
,218.0,2098.0,,307.0,1448.0,,3668.0,,810.0,1501.0,127.0,,,1162.0,3062.0,448.0,,1263.0,1892.0,,,6.0,2955.0,1291.0
,1115.0,2911.0,,2707.0,312.0,,543.0,,2617.0,801.0,3609.0,,,3611.0,551.0,2966.0,,443.0,1970.0,,,1499.0,1652.0,3815.0
,3584.0,3009.0,,194.0,1656.0,,710.0,,3562.0,1756.0,2809.0,,,1191.0,2145.0,966.0,,1569.0,2546.0,,,2243.0,499.0,985.0
,1756.0,2817.0,,519.0,2339.0,,359.0,,3099.0,811.0,1409.0,,,570.0,3561.0,1100.0,,3352.0,1749.0,,,768.0,2805.0,1268.0
,2775.0,1028.0,,1912.0,3715.0,,501.0,,537.0,871.0,540.0,,,3114.0,3560.0,3174.0,,994.0,2650.0,,,2385.0,1011.0,1298.0
,33.0,1290.0,,3613.0,684.0,,1043.0,,3756.0,977.0,1394.0,,,3642.0,3881.0,457.0,,1325.0,2058.0,,,665.0,1746.0,3014.0
,1026.0,3060.0,,466.0,1385.0,,1836.0,,696.0,2371.0,2016.0,,,267.0,2761.0,2441.0,,2219.0,2814.0,,,774.0,2253.0,2445.0
,345.0,3016.0,,1794.0,2353.0,,475.0,,677.0,1598.0,3872.0,,,1822.0,1942.0,3397.0,,3844.0,1300.0,,,1936.0,1763.0,605.0
,1135.0,2699.0,,997.0,1000.0,,185.0,,2460.0,444.0,1607.0,,,787.0,1246.0,195.0,,3267.0,308.0,,,3679.0,3163.0,2361.0
,3753.0,853.0,,3125.0,3588.0,,3426.0,,1447.0,6.0,2561.0,,,96.0,1784.0,881.0,,343.0,3331.0,,,764.0,1694.0,466.0
,3794.0,861.0,,503.0,304.0,,2479.0,,660.0,3104.0,1651.0,,,1390.0,3703.0,3529.0,,1586.0,681.0,,,890.0,1368.0,22.0
,1160.0,1710.0,,1741.0,622.0,,1131.0,,1888.0,2620.0,392.0,,,470.0,3569.0,2202.0,,1237.0,3535.0,,,2595.0,2202.0,1990.0
,1616.0,2819.0,,3901.0,1393.0,,3482.0,,3315.0,3535.0,774.0,,,153.0,3372.0,608.0,,1744.0,2930.0,,,2662.0,2925.0,2794.0
,135.0,311.0,,745.0,846.0,,2441.0,,784.0,968.0,316.0,,,1005.0,1392.0,3163.0,,590.0,1234.0,,,3619.0,2331.0,1918.0
,2865.0,3823.0,,250.0,439.0,,2847.0,,1793.0,3575.0,759.0,,,769.0,1372.0,392.0,,2034.0,2817.0,,,2490.0,1504.0,2849.0
,3128.0,2389.0,,956.0,982.0,,1939.0,,3498.0,1814.0,2105.0,,,1009.0,3257.0,214.0,,2166.0,34.0,,,2114.0,2153.0,2219.0
,2097.0,326.0,,387.0,354.0,,2152.0,,2084.0,1952.0,2666.0,,,1080.0,1573.0,3588.0,,1896.0,1938.0,,,1320.0,1159.0,2118.0
,880.0,145.0,,2125.0,1119.0,,675.0,,1082.0,1438.0,3595.0,,,1656.0,2437.0,387.0,,3339.0,3829.0,,,1725.0,1112.0,234.0
,298.0,1683.0,,495.0,3476.0,,3262.0,,229.0,1172.0,3230.0,,,530.0,3224.0,234.0,,2082.0,535.0,,,3626.0,409.0,873.0
,462.0,3591.0,,2137.0,3675.0,,3587.0,,2925.0,3559.0,2628.0,,,2140.0,3058.0,1381.0,,1736.0,2951.0,,,245.0,3284.0,1705.0
,2877.0,689.0,,3118.0,475.0,,436.0,,2117.0,1867.0,3057.0,,,2255.0,2948.0,685.0,,1314.0,1961.0,,,3407.0,3143.0,3479.0
,753.0,3088.0,,1842.0,640.0,,1490.0,,1040.0,1161.0,715.0,,,3673.0,3292.0,725.0,,3695.0,1000.0,,,2798.0,1808.0,542.0
,796.0,93.0,,819.0,3509.0,,1998.0,,3712.0,195.0,1527.0,,,3730.0,778.0,120.0,,1725.0,1694.0,,,1028.0,557.0,3531.0
,3066.0,299.0,,889.0,463.0,,2985.0,,2218.0,1936.0,266.0,,,2438.0,1931.0,1279.0,,387.0,1842.0,,,2115.0,513.0,3232.0
,3262.0,2400.0,,2631.0,1587.0,,1986.0,,1275.0,861.0,1122.0,,,2459.0,1082.0,3874.0,,605.0,2244.0,,,2092.0,707.0,1158.0
,330.0,450.0,,3321.0,1818.0,,95.0,,3513.0,1626.0,129.0,,,2705.0,601.0,3077.0,,1277.0,2306.0,,,2773.0,3667.0,3002.0
,1742.0,3848.0,,1309.0,3855.0,,3220.0,,2646.0,1616.0,2691.0,,,2436.0,3449.0,440.0,,1515.0,446.0,,,2671.0,2763.0,2455.0
,2396.0,674.0,,3059.0,1785.0,,2245.0,,737.0,3087.0,632.0,,,3873.0,2788.0,1896.0,,1599.0,811.0,,,2911.0,3882.0,1568.0
,3496.0,2445.0,,487.0,1731.0,,2872.0,,705.0,392.0,926.0,,,1845.0,3648.0,956.0,,2608.0,3075.0,,,1488.0,1070.0,31.0
,2120.0,3764.0,,3706.0,226.0,,2667.0,,2844.0,3815.0,1313.0,,,1448.0,517.0,2510.0,,2412.0,3270.0,,,2313.0,1622.0,3381.0
,633.0,227.0,,3179.0,483.0,,3247.0,,2047.0,669.0,2314.0,,,2835.0,233.0,833.0,,1501.0,2233.0,,,296.0,2864.0,2874.0
,2976.0,3114.0,,763.0,552.0,,2063.0,,9.0,1092.0,1543.0,,,928.0,2997.0,1857.0,,2705.0,2979.0,,,653.0,2088.0,2062.0
,2055.0,3051.0,,2672.0,1428.0,,1620.0,,1193.0,1421.0,1965.0,,,1547.0,3311.0,879.0,,315.0,1431.0,,,334.0,591.0,1732.0
,1884.0,75.0,,1864.0,3663.0,,1003.0,,1263.0,7.0,630.0,,,3036.0,300.0,1400.0,,785.0,1361.0,,,7.0,3405.0,1248.0
,2586.0,1972.0,,3692.0,3518.0,,311.0,,156.0,2470.0,1422.0,,,249.0,624.0,158.0,,2217.0,1777.0,,,2296.0,1506.0,3150.0
,889.0,2509.0,,160.0,1390.0,,2444.0,,1106.0,3824.0,1558.0,,,2717.0,142.0,3637.0,,765.0,2213.0,,,9.0,1731.0,2035.0
,2403.0,2086.0,,2226.0,2599.0,,128.0,,2097.0,2523.0,860.0,,,1253.0,3011.0,1708.0,,1521.0,3366.0,,,1355.0,3150.0,439.0
,2551.0,332.0,,1531.0,584.0,,638.0,,20.0,233.0,123.0,,,1896.0,522.0,1229.0,,2198.0,1900.0,,,3656.0,2484.0,3060.0
,440.0,1742.0,,1761.0,1270.0,,2974.0,,1289.0,1966.0,2034.0,,,3178.0,1749.0,1729.0,,1096.0,1359.0,,,389.0,1705.0,3524.0
,3623.0,889.0,,3857.0,278.0,,,,1237.0,3500.0,349.0,,,2321.0,567.0,2307.0,,400.0,2875.0,,,1006.0,1157.0,3480.0
,2624.0,2455.0,,1546.0,177.0,,,,2578.0,3509.0,1293.0,,,3773.0,656.0,721.0,,2976.0,3335.0,,,1220.0,108.0,2341.0
,2499.0,3392.0,,2057.0,2659.0,,,,0.0,2256.0,1181.0,,,409.0,3299.0,776.0,,63.0,2826.0,,,2843.0,3138.0,822.0
,2463.0,2584.0,,2982.0,2394.0,,,,863.0,3176.0,3461.0,,,3255.0,2553.0,3069.0,,2353.0,1499.0,,,970.0,3631.0,997.0
,791.0,2066.0,,106.0,756.0,,,,2085.0,488.0,2505.0,,,1115.0,366.0,1487.0,,1410.0,874.0,,,2876.0,1628.0,1380.0
,2382.0,1366.0,,573.0,2867.0,,,,1241.0,398.0,3491.0,,,3845.0,3761.0,2587.0,,594.0,1208.0,,,20.0,2362.0,64.0
,1128.0,2590.0,,496.0,3300.0,,,,1121.0,1016.0,2580.0,,,3389.0,3284.0,2775.0,,855.0,1461.0,,,3277.0,1695.0,3545.0
,3428.0,605.0,,2445.0,1425.0,,,,261.0,2626.0,1960.0,,,705.0,3738.0,894.0,,1377.0,563.0,,,2052.0,1995.0,1328.0
,1245.0,3130.0,,1112.0,1289.0,,,,2927.0,697.0,3907.0,,,191.0,2810.0,3846.0,,121.0,3851.0,,,3454.0,2212.0,3489.0
,3062.0,1659.0,,1914.0,1738.0,,,,1583.0,1052.0,409.0,,,3309.0,1343.0,115.0,,154.0,2266.0,,,212.0,1170.0,3660.0
,762.0,1897.0,,1832.0,3573.0,,,,1876.0,1348.0,2114.0,,,2807.0,932.0,2715.0,,480.0,2511.0,,,138.0,1318.0,3915.0
,2703.0,3171.0,,728.0,2195.0,,,,1744.0,2378.0,2360.0,,,1680.0,52.0,732.0,,198.0,3501.0,,,1345.0,3727.0,1958.0
,3176.0,2112.0,,1786.0,412.0,,,,3864.0,2981.0,3174.0,,,2768.0,2537.0,3780.0,,240.0,1983.0,,,3631.0,3531.0,2102.0
,3401.0,3668.0,,498.0,565.0,,,,2564.0,716.0,36.0,,,3755.0,3085.0,2438.0,,2806.0,1924.0,,,3347.0,2375.0,2142.0
,1276.0,739.0,,3136.0,2988.0,,,,371.0,631.0,2210.0,,,1995.0,1571.0,920.0,,2441.0,2704.0,,,2656.0,3623.0,3347.0
,1357.0,3721.0,,1455.0,2825.0,,,,2503.0,157.0,3288.0,,,2922.0,570.0,1899.0,,1549.0,3530.0,,,3367.0,3619.0,2449.0
,2128.0,2743.0,,1682.0,1115.0,,,,3120.0,755.0,806.0,,,1075.0,1671.0,1978.0,,2588.0,3185.0,,,1202.0,2606.0,345.0
,3531.0,2778.0,,964.0,1944.0,,,,134.0,1603.0,706.0,,,1174.0,1682.0,3264.0,,1003.0,3051.0,,,493.0,64.0,3281.0
,2918.0,3467.0,,2338.0,867.0,,,,2019.0,3439.0,3672.0,,,3899.0,114.0,2016.0,,1330.0,2773.0,,,3370.0,589.0,1519.0
,3333.0,2573.0,,3430.0,3728.0,,,,1161.0,637.0,819.0,,,1397.0,2590.0,3509.0,,1902.0,2698.0,,,1544.0,2538.0,2549.0
,2186.0,190.0,,1460.0,3049.0,,,,3431.0,966.0,2344.0,,,3509.0,3582.0,2218.0,,2778.0,1301.0,,,2597.0,989.0,1654.0
,3429.0,2688.0,,1875.0,536.0,,,,2013.0,3435.0,2009.0,,,30.0,644.0,1722.0,,46.0,3149.0,,,2318.0,939.0,2231.0
,3113.0,1452.0,,618.0,1257.0,,,,2839.0,3528.0,2176.0,,,239.0,1884.0,1969.0,,1017.0,2638.0,,,1454.0,3659.0,310.0
,1930.0,2123.0,,1393.0,660.0,,,,3878.0,957.0,1066.0,,,608.0,153.0,52.0,,3396.0,219.0,,,822.0,2875.0,2343.0
,2326.0,3372.0,,1418.0,514.0,,,,510.0,2699.0,1437.0,,,724.0,1910.0,2351.0,,2227.0,3388.0,,,530.0,529.0,20.0
,1015.0,565.0,,1440.0,2738.0,,,,1089.0,1185.0,877.0,,,1148.0,2969.0,3041.0,,359.0,220.0,,,3672.0,3296.0,106.0
,48.0,3298.0,,2984.0,1663.0,,,,1020.0,2658.0,1033.0,,,2505.0,1408.0,1959.0,,960.0,3462.0,,,854.0,1130.0,578.0
,1910.0,2433.0,,2846.0,2327.0,,,,2271.0,1743.0,1316.0,,,3365.0,918.0,1046.0,,1363.0,1907.0,,,2078.0,2783.0,847.0
,2676.0,3791.0,,241.0,1929.0,,,,2109.0,3788.0,1182.0,,,3182.0,751.0,389.0,,879.0,747.0,,,1437.0,3021.0,2052.0
,3243.0,1873.0,,430.0,429.0,,,,3656.0,1270.0,1746.0,,,298.0,3504.0,2067.0,,1052.0,2262.0,,,2200.0,455.0,580.0
,3392.0,2101.0,,1897.0,504.0,,,,3027.0,1786.0,1348.0,,,895.0,148.0,552.0,,1051.0,1468.0,,,1185.0,2203.0,1333.0
,1021.0,2273.0,,1614.0,3727.0,,,,272.0,1343.0,882.0,,,3809.0,71.0,261.0,,2192.0,742.0,,,2300.0,1591.0,475.0
,3879.0,2491.0,,1517.0,2280.0,,,,2357.0,2921.0,462.0,,,3061.0,1584.0,256.0,,676.0,1014.0,,,577.0,3685.0,268.0
,1190.0,627.0,,2022.0,1624.0,,,,1087.0,3745.0,2547.0,,,3560.0,1541.0,2941.0,,2105.0,1551.0,,,983.0,447.0,3894.0
,285.0,557.0,,3614.0,3302.0,,,,3510.0,1962.0,2130.0,,,863.0,3736.0,478.0,,1202.0,3583.0,,,3690.0,2383.0,3142.0
,3059.0,2048.0,,1936.0,295.0,,,,1102.0,246.0,1594.0,,,1501.0,1079.0,2563.0,,1153.0,1882.0,,,2715.0,2247.0,1684.0
,1252.0,3624.0,,2938.0,3809.0,,,,1667.0,710.0,212.0,,,1161.0,1769.0,3784.0,,3509.0,664.0,,,3198.0,2838.0,1714.0
,436.0,3194.0,,245.0,1869.0,,,,3075.0,1930.0,1862.0,,,2909.0,2918.0,2297.0,,3276.0,1375.0,,,215.0,3018.0,1994.0
,3695.0,3322.0,,442.0,3790.0,,,,3013.0,1795.0,343.0,,,2207.0,3246.0,2862.0,,1561.0,355.0,,,3166.0,2603.0,1055.0
,1877.0,2214.0,,1801.0,1264.0,,,,294.0,3168.0,1529.0,,,1282.0,578.0,1789.0,,858.0,2747.0,,,870.0,3776.0,2593.0
,2420.0,1760.0,,2050.0,2482.0,,,,2387.0,1749.0,3589.0,,,3195.0,1088.0,1756.0,,2808.0,3385.0,,,3847.0,1135.0,1936.0
,2436.0,159.0,,3132.0,2465.0,,,,364.0,1522.0,3746.0,,,1974.0,3249.0,481.0,,2701.0,1304.0,,,251.0,361.0,1192.0
,1173.0,1014.0,,3635.0,2053.0,,,,3759.0,1583.0,171.0,,,47.0,3653.0,3292.0,,1633.0,1647.0,,,1281.0,1860.0,2037.0
,1879.0,1034.0,,3688.0,1838.0,,,,2397.0,207.0,287.0,,,2416.0,3102.0,2385.0,,1394.0,1412.0,,,1542.0,3757.0,1181.0
,712.0,209.0,,1092.0,440.0,,,,3200.0,200.0,379.0,,,1806.0,2726.0,483.0,,1578.0,1185.0,,,3857.0,735.0,1193.0
,1900.0,1915.0,,3492.0,49.0,,,,1126.0,125.0,3803.0,,,3154.0,3067.0,3807.0,,568.0,1620.0,,,395.0,3869.0,3884.0
,118.0,3558.0,,1960.0,28.0,,,,1039.0,65.0,3551.0,,,1589.0,140.0,2686.0,,2674.0,1309.0,,,516.0,3478.0,3454.0
,3545.0,637.0,,1979.0,2050.0,,,,2186.0,3250.0,2359.0,,,3069.0,963.0,3283.0,,780.0,2340.0,,,522.0,2466.0,1899.0
,1883.0,2654.0,,2782.0,961.0,,,,2308.0,3327.0,3337.0,,,2249.0,3015.0,3053.0,,3316.0,2498.0,,,1649.0,1469.0,2356.0
,1566.0,2668.0,,2216.0,487.0,,,,1663.0,2152.0,2590.0,,,1584.0,448.0,2788.0,,3330.0,50.0,,,1778.0,1948.0,1763.0
,1417.0,1527.0,,198.0,1804.0,,,,494.0,1569.0,3029.0,,,1059.0,833.0,362.0,,2748.0,1183.0,,,2569.0,3526.0,1969.0
,265.0,1069.0,,2341.0,645.0,,,,2523.0,2985.0,2841.0,,,1098.0,1566.0,2239.0,,395.0,873.0,,,2354.0,1627.0,787.0
,2478.0,3156.0,,482.0,3369.0,,,,190.0,1813.0,435.0,,,3368.0,2734.0,3847.0,,1088.0,1813.0,,,3069.0,649.0,2293.0
,2856.0,1572.0,,3219.0,706.0,,,,2359.0,2327.0,1582.0,,,640.0,2857.0,896.0,,2827.0,3114.0,,,293.0,397.0,328.0
,2533.0,2724.0,,2138.0,165.0,,,,3846.0,525.0,2080.0,,,2584.0,1691.0,1691.0,,2332.0,2167.0,,,2113.0,231.0,1649.0
,1657.0,2720.0,,1983.0,2263.0,,,,1029.0,1866.0,246.0,,,1926.0,2528.0,3180.0,,573.0,3898.0,,,991.0,2403.0,3887.0
,386.0,3235.0,,156.0,1873.0,,,,2702.0,2735.0,411.0,,,1690.0,1452.0,3843.0,,2497.0,3637.0,,,383.0,2033.0,2161.0
,2197.0,1425.0,,1774.0,784.0,,,,746.0,1759.0,2383.0,,,3002.0,107.0,844.0,,900.0,1453.0,,,1734.0,3529.0,3377.0
,1546.0,1852.0,,2651.0,3077.0,,,,644.0,361.0,1378.0,,,1744.0,1765.0,3153.0,,3567.0,1686.0,,,514.0,2322.0,2196.0
,2288.0,2110.0,,1295.0,945.0,,,,1944.0,2546.0,2817.0,,,2538.0,1925.0,1170.0,,2454.0,1865.0,,,3352.0,1311.0,3525.0
,2208.0,1365.0,,2451.0,2532.0,,,,1516.0,3770.0,2436.0,,,355.0,350.0,2792.0,,528.0,1871.0,,,3550.0,213.0,165.0
,491.0,2593.0,,3606.0,2292.0,,,,2066.0,2694.0,2769.0,,,3072.0,917.0,1419.0,,3329.0,2154.0,,,787.0,1228.0,3728.0
,2995.0,928.0,,3675.0,2017.0,,,,92.0,3224.0,2268.0,,,3285.0,1217.0,1343.0,,54.0,3445.0,,,3191.0,1238.0,2204.0
,444.0,1301.0,,3170.0,2601.0,,,,1219.0,1425.0,1431.0,,,2510.0,3865.0,2039.0,,1287.0,1720.0,,,2345.0,2359.0,141.0
,143.0,3277.0,,3253.0,3570.0,,,,3287.0,3163.0,3297.0,,,2520.0,2556.0,581.0,,2818.0,1479.0,,,1982.0,1720.0,1702.0
,1188.0,413.0,,427.0,642.0,,,,79.0,71.0,1318.0,,,1859.0,3097.0,76.0,,1694.0,281.0,,,2034.0,314.0,2799.0
,2220.0,821.0,,3401.0,368.0,,,,159.0,3454.0,1043.0,,,613.0,1482.0,492.0,,3590.0,3562.0,,,217.0,260.0,3233.0
,1977.0,1558.0,,3108.0,3561.0,,,,1733.0,3664.0,1065.0,,,3338.0,852.0,3771.0,,730.0,2592.0,,,3467.0,3831.0,3337.0
,165.0,250.0,,3549.0,3753.0,,,,947.0,1631.0,3199.0,,,2484.0,2938.0,3301.0,,1139.0,433.0,,,575.0,2089.0,3141.0
,1179.0,2732.0,,1742.0,715.0,,,,1479.0,3109.0,2154.0,,,2550.0,1092.0,3611.0,,995.0,3820.0,,,2981.0,656.0,1520.0
,3275.0,874.0,,338.0,1583.0,,,,3828.0,3851.0,3157.0,,,3728.0,2482.0,2446.0,,644.0,3333.0,,,3571.0,3740.0,443.0
,1145.0,363.0,,3644.0,2415.0,,,,1565.0,354.0,260.0,,,2592.0,433.0,3590.0,,3543.0,159.0,,,1266.0,1817.0,2078.0
,1959.0,1820.0,,1371.0,2393.0,,,,1269.0,1527.0,2746.0,,,1588.0,1693.0,1787.0,,1297.0,691.0,,,976.0,1483.0,3043.0
,3709.0,3382.0,,2393.0,3251.0,,,,2267.0,3458.0,3131.0,,,845.0,2540.0,565.0,,2370.0,3576.0,,,1834.0,2668.0,2397.0
,2864.0,2250.0,,892.0,1187.0,,,,2891.0,2885.0,1446.0,,,2612.0,742.0,233.0,,1650.0,3212.0,,,1472.0,621.0,1209.0
,2136.0,762.0,,822.0,335.0,,,,3897.0,1183.0,1614.0,,,82.0,2791.0,634.0,,1379.0,3118.0,,,1083.0,3736.0,3287.0
,2369.0,2054.0,,202.0,2385.0,,,,2072.0,3477.0,683.0,,,595.0,1030.0,1014.0,,2122.0,2716.0,,,1964.0,1184.0,805.0
,1281.0,441.0,,1529.0,1209.0,,,,3547.0,2036.0,3234.0,,,2394.0,1940.0,294.0,,2930.0,3105.0,,,1637.0,3063.0,144.0
,2888.0,3333.0,,3063.0,2681.0,,,,230.0,2181.0,2315.0,,,857.0,488.0,2835.0,,1732.0,2359.0,,,698.0,2949.0,2606.0
,1833.0,662.0,,3862.0,2237.0,,,,126.0,2367.0,68.0,,,870.0,2885.0,3100.0,,3796.0,1089.0,,,3516.0,2163.0,1976.0
,3340.0,1037.0,,3341.0,3683.0,,,,3309.0,3136.0,3770.0,,,2995.0,3649.0,2248.0,,2189.0,2408.0,,,2276.0,1301.0,966.0
,2726.0,2446.0,,20.0,1791.0,,,,1243.0,2966.0,3695.0,,,2659.0,2181.0,3606.0,,2249.0,3724.0,,,1926.0,3155.0,2775.0
,1891.0,3424.0,,3712.0,895.0,,,,800.0,1861.0,1681.0,,,2613.0,89.0,2876.0,,347.0,2536.0,,,2820.0,2953.0,1886.0
,913.0,211.0,,2332.0,3424.0,,,,892.0,9.0,430.0,,,2390.0,367.0,2348.0,,982.0,2071.0,,,2233.0,2871.0,1963.0
,1798.0,2213.0,,1772.0,731.0,,,,1859.0,1274.0,1616.0,,,2622.0,2264.0,2848.0,,3225.0,3913.0,,,1317.0,758.0,36.0
,1995.0,1041.0,,3031.0,1111.0,,,,3364.0,2297.0,3408.0,,,1852.0,2253.0,460.0,,2507.0,465.0,,,2772.0,3039.0,795.0
,2712.0,3139.0,,2080.0,182.0,,,,3312.0,1182.0,1430.0,,,924.0,2872.0,3709.0,,1005.0,3730.0,,,3820.0,1179.0,533.0
,3350.0,1325.0,,3665.0,2666.0,,,,3082.0,1251.0,1565.0,,,52.0,564.0,2134.0,,2139.0,1807.0,,,1029.0,1529.0,3606.0
,1293.0,2551.0,,2262.0,3185.0,,,,2944.0,3600.0,603.0,,,1895.0,2970.0,604.0,,30.0,2256.0,,,459.0,2427.0,3761.0
,3627.0,2195.0,,2518.0,2436.0,,,,948.0,2236.0,116.0,,,2511.0,11.0,267.0,,94.0,3561.0,,,2507.0,3271.0,1067.0
,2036.0,331.0,,3872.0,2559.0,,,,3366.0,725.0,2796.0,,,3134.0,2012.0,3596.0,,3756.0,1822.0,,,3665.0,585.0,1177.0
,3802.0,1575.0,,780.0,2556.0,,,,1005.0,1448.0,1642.0,,,2069.0,2641.0,2937.0,,1678.0,231.0,,,342.0,839.0,379.0
,3475.0,1008.0,,783.0,872.0,,,,1280.0,1568.0,2240.0,,,1418.0,1975.0,1737.0,,1983.0,3027.0,,,2733.0,3479.0,1875.0
,613.0,3774.0,,456.0,3726.0,,,,1049.0,2037.0,82.0,,,202.0,3443.0,2091.0,,3144.0,1923.0,,,2912.0,3283.0,1121.0
,111.0,1118.0,,2009.0,3681.0,,,,2440.0,1403.0,1402.0,,,2096.0,205.0,2178.0,,2601.0,2481.0,,,396.0,265.0,267.0
,2568.0,3085.0,,2063.0,656.0,,,,1898.0,1028.0,2172.0,,,668.0,3682.0,2471.0,,2386.0,2084.0,,,3762.0,3666.0,2039.0
,1383.0,3517.0,,1699.0,2722.0,,,,2157.0,921.0,707.0,,,3022.0,741.0,1860.0,,102.0,1554.0,,,3072.0,362.0,2191.0
,1852.0,1615.0,,2192.0,3706.0,,,,219.0,1225.0,3035.0,,,2625.0,1970.0,864.0,,1240.0,92.0,,,473.0,2211.0,2214.0
,3405.0,2549.0,,2176.0,2045.0,,,,756.0,1294.0,2286.0,,,1999.0,807.0,3888.0,,2182.0,1251.0,,,2701.0,1372.0,2240.0
,2980.0,1594.0,,3323.0,109.0,,,,3644.0,1900.0,961.0,,,1063.0,842.0,763.0,,2789.0,451.0,,,602.0,3548.0,480.0
,927.0,3581.0,,78.0,2271.0,,,,286.0,3289.0,906.0,,,926.0,3002.0,673.0,,2911.0,100.0,,,2176.0,26.0,1229.0
,3241.0,1689.0,,2830.0,960.0,,,,301.0,8.0,2429.0,,,1624.0,2142.0,3351.0,,761.0,3610.0,,,505.0,2516.0,1605.0
,3067.0,420.0,,1106.0,1365.0,,,,584.0,2896.0,3574.0,,,2506.0,2489.0,1344.0,,1374.0,3768.0,,,441.0,1573.0,2330.0
,1778.0,2472.0,,3502.0,3407.0,,,,1305.0,2094.0,3740.0,,,703.0,9.0,3828.0,,120.0,822.0,,,2956.0,1626.0,3570.0
,3874.0,3601.0,,3570.0,3585.0,,,,699.0,1158.0,1266.0,,,1971.0,2055.0,3679.0,,3002.0,2271.0,,,1554.0,759.0,1396.0
,755.0,958.0,,713.0,485.0,,,,391.0,1676.0,334.0,,,1240.0,1100.0,247.0,,3491.0,13.0,,,2566.0,780.0,3638.0
,1880.0,2574.0,,2023.0,3169.0,,,,2452.0,1096.0,2170.0,,,12.0,2196.0,2589.0,,1382.0,3306.0,,,964.0,1897.0,1681.0
,2339.0,1253.0,,2806.0,292.0,,,,3242.0,682.0,2599.0,,,1287.0,3157.0,2569.0,,2116.0,299.0,,,1818.0,2950.0,323.0
,2731.0,2261.0,,1327.0,793.0,,,,990.0,3536.0,3343.0,,,3029.0,287.0,2654.0,,1421.0,266.0,,,2347.0,1335.0,1170.0
,2260.0,3621.0,,903.0,1813.0,,,,3306.0,3397.0,32.0,,,756.0,3325.0,193.0,,2576.0,3857.0,,,3484.0,1664.0,792.0
,1907.0,1540.0,,2698.0,1160.0,,,,239.0,3765.0,3711.0,,,98.0,758.0,2852.0,,458.0,2349.0,,,3618.0,1619.0,3581.0
,1747.0,780.0,,1155.0,3141.0,,,,1781.0,3553.0,414.0,,,2795.0,2890.0,854.0,,2724.0,2792.0,,,1655.0,2722.0,1656.0
,2608.0,751.0,,3344.0,1809.0,,,,708.0,3329.0,1005.0,,,358.0,2701.0,171.0,,1384.0,3832.0,,,2581.0,1508.0,3654.0
,2034.0,2050.0,,1326.0,535.0,,,,1936.0,873.0,1432.0,,,1853.0,793.0,830.0,,83.0,1763.0,,,3745.0,1623.0,2276.0
,3122.0,3025.0,,1557.0,1048.0,,,,3296.0,3525.0,1060.0,,,1111.0,1846.0,713.0,,2536.0,3882.0,,,563.0,574.0,489.0
,987.0,2568.0,,1035.0,3876.0,,,,3142.0,763.0,199.0,,,91.0,2293.0,954.0,,2553.0,316.0,,,3027.0,1435.0,1890.0
,1148.0,2567.0,,1518.0,2673.0,,,,1315.0,441.0,3871.0,,,798.0,2688.0,1956.0,,2411.0,2724.0,,,708.0,826.0,1240.0
,2414.0,2706.0,,2732.0,525.0,,,,1281.0,2839.0,810.0,,,1154.0,1759.0,3473.0,,1770.0,438.0,,,948.0,74.0,1560.0
,3693.0,1588.0,,2981.0,3075.0,,,,2264.0,946.0,1945.0,,,578.0,196.0,1545.0,,489.0,2818.0,,,1290.0,3830.0,1242.0
,567.0,3115.0,,2669.0,1688.0,,,,1767.0,2703.0,916.0,,,1339.0,2548.0,422.0,,373.0,236.0,,,53.0,1896.0,2485.0
,1020.0,1230.0,,1806.0,1807.0,,,,1277.0,1793.0,2766.0,,,2450.0,1831.0,3633.0,,2298.0,2099.0,,,717.0,1907.0,455.0
,134.0,2609.0,,1020.0,911.0,,,,2537.0,2738.0,3540.0,,,1654.0,789.0,3557.0,,2126.0,1188.0,,,3225.0,226.0,631.0
,3822.0,2265.0,,3794.0,593.0,,,,1618.0,2474.0,2487.0,,,3655.0,2588.0,92.0,,216.0,644.0,,,843.0,3626.0,1857.0
,3178.0,3487.0,,236.0,1214.0,,,,2858.0,1530.0,841.0,,,552.0,2447.0,3268.0,,3735.0,2926.0,,,3276.0,2870.0,557.0
,1427.0,2052.0,,972.0,681.0,,,,1344.0,1556.0,1708.0,,,3686.0,3675.0,2759.0,,748.0,2970.0,,,282.0,477.0,629.0
,327.0,1737.0,,3348.0,3329.0,,,,3425.0,1313.0,3223.0,,,246.0,67.0,3848.0,,1496.0,111.0,,,3270.0,433.0,2896.0
,785.0,2937.0,,1059.0,3002.0,,,,1083.0,36.0,2929.0,,,3725.0,3229.0,2866.0,,2937.0,3765.0,,,2216.0,1792.0,1709.0
,2685.0,473.0,,771.0,3478.0,,,,2561.0,2625.0,3845.0,,,2047.0,2708.0,1990.0,,973.0,1013.0,,,2177.0,1057.0,2004.0
,3218.0,2324.0,,230.0,3172.0,,,,1295.0,3667.0,3599.0,,,3898.0,3804.0,3105.0,,2273.0,197.0,,,1841.0,588.0,108.0
,195.0,2136.0,,2370.0,1831.0,,,,3422.0,232.0,2526.0,,,841.0,3023.0,2499.0,,1929.0,529.0,,,3151.0,655.0,793.0
,2095.0,1114.0,,653.0,709.0,,,,3085.0,761.0,2050.0,,,3159.0,2010.0,1932.0,,1813.0,765.0,,,1688.0,478.0,2473.0
,1493.0,708.0,,2132.0,2517.0,,,,2170.0,1331.0,1823.0,,,2453.0,2704.0,3825.0,,3234.0,3180.0,,,2902.0,2477.0,1898.0
,2852.0,1692.0,,752.0,2918.0,,,,1559.0,2854.0,2702.0,,,2881.0,1789.0,2611.0,,3160.0,1053.0,,,3310.0,2019.0,1408.0
,775.0,230.0,,836.0,2800.0,,,,1426.0,2011.0,1954.0,,,3652.0,3594.0,3284.0,,688.0,229.0,,,814.0,3550.0,1341.0
,2523.0,1242.0,,2219.0,2656.0,,,,178.0,314.0,2340.0,,,1715.0,2452.0,2995.0,,3634.0,1161.0,,,456.0,1685.0,403.0
,3164.0,1188.0,,2694.0,2497.0,,,,2169.0,2090.0,1327.0,,,1930.0,416.0,2050.0,,1605.0,1814.0,,,2965.0,3157.0,2598.0
,2413.0,1685.0,,786.0,1549.0,,,,1065.0,245.0,110.0,,,874.0,704.0,1338.0,,2796.0,660.0,,,349.0,3257.0,553.0
,2264.0,1305.0,,1359.0,3443.0,,,,1142.0,646.0,2099.0,,,3470.0,3341.0,3655.0,,81.0,1920.0,,,1917.0,2473.0,3046.0
,2689.0,727.0,,2011.0,2853.0,,,,611.0,1037.0,3580.0,,,1724.0,2964.0,1640.0,,1132.0,2152.0,,,2003.0,3166.0,43.0
,1467.0,1983.0,,135.0,1716.0,,,,3650.0,979.0,3218.0,,,1676.0,1233.0,2740.0,,2752.0,2617.0,,,2221.0,2443.0,122.0
,3141.0,3662.0,,1279.0,3272.0,,,,2045.0,1127.0,1018.0,,,2125.0,8.0,1823.0,,941.0,62.0,,,722.0,1708.0,3190.0
,2251.0,3283.0,,1267.0,143.0,,,,164.0,3729.0,348.0,,,1030.0,2325.0,875.0,,1669.0,1704.0,,,3393.0,3661.0,413.0
,3676.0,2493.0,,2298.0,2333.0,,,,1892.0,632.0,1189.0,,,805.0,665.0,2940.0,,3609.0,2242.0,,,2378.0,2557.0,2779.0
,632.0,1921.0,,1549.0,3411.0,,,,2516.0,3348.0,2494.0,,,326.0,3024.0,2784.0,,1610.0,3128.0,,,1046.0,199.0,3714.0
,2098.0,1781.0,,812.0,728.0,,,,1889.0,3286.0,3836.0,,,2637.0,476.0,1558.0,,3248.0,892.0,,,3256.0,3298.0,1733.0
,1729.0,98.0,,221.0,1805.0,,,,2366.0,3636.0,3504.0,,,2007.0,795.0,364.0,,3472.0,2603.0,,,969.0,3510.0,2257.0
,1609.0,502.0,,1663.0,3708.0,,,,820.0,1426.0,3066.0,,,2232.0,1613.0,2963.0,,1425.0,2344.0,,,1835.0,2708.0,2186.0
,967.0,1647.0,,320.0,2751.0,,,,2199.0,1746.0,3021.0,,,3388.0,1673.0,645.0,,2397.0,1593.0,,,2369.0,3837.0,3743.0
,988.0,2849.0,,1861.0,567.0,,,,1800.0,1773.0,3253.0,,,3023.0,1501.0,3750.0,,2974.0,784.0,,,3379.0,3140.0,388.0
,3857.0,2414.0,,355.0,362.0,,,,1937.0,1650.0,1668.0,,,3232.0,3779.0,432.0,,,671.0,,,1423.0,3134.0,1600.0
,2968.0,3211.0,,3788.0,1198.0,,,,2364.0,1221.0,1679.0,,,882.0,3767.0,543.0,,,3269.0,,,442.0,490.0,3198.0
,3507.0,669.0,,3616.0,3162.0,,,,1273.0,1987.0,2233.0,,,1883.0,1222.0,1745.0,,,3915.0,,,2418.0,1212.0,2265.0
,1289.0,1061.0,,3603.0,3248.0,,,,1818.0,1937.0,6.0,,,594.0,2911.0,2315.0,,,581.0,,,1703.0,2386.0,2527.0
,1221.0,2825.0,,1793.0,3457.0,,,,1765.0,348.0,3210.0,,,434.0,3788.0,1108.0,,,1886.0,,,707.0,3911.0,3346.0
,1184.0,3694.0,,2563.0,507.0,,,,681.0,3725.0,1159.0,,,451.0,1207.0,1145.0,,,3725.0,,,541.0,2384.0,2298.0
,431.0,2378.0,,2282.0,1334.0,,,,2923.0,2583.0,1292.0,,,1096.0,1653.0,3444.0,,,950.0,,,3827.0,3099.0,3668.0
,2652.0,3521.0,,1253.0,3350.0,,,,1649.0,2212.0,3424.0,,,71.0,2314.0,2276.0,,,3707.0,,,3184.0,45.0,2553.0
,1938.0,3374.0,,413.0,2761.0,,,,1439.0,3321.0,3143.0,,,1141.0,3038.0,735.0,,,276.0,,,477.0,3432.0,1688.0
,3618.0,1478.0,,461.0,827.0,,,,137.0,2361.0,1239.0,,,2349.0,1766.0,989.0,,,3693.0,,,2962.0,2140.0,1602.0
,539.0,1393.0,,748.0,2885.0,,,,1244.0,1119.0,1762.0,,,2990.0,2800.0,1783.0,,,1703.0,,,3293.0,144.0,3041.0
,2357.0,3701.0,,2513.0,3620.0,,,,2482.0,480.0,509.0,,,3070.0,33.0,306.0,,,422.0,,,893.0,77.0,2712.0
,2204.0,3100.0,,2360.0,3869.0,,,,3126.0,602.0,2840.0,,,285.0,3505.0,2687.0,,,2788.0,,,715.0,3707.0,1853.0
,2891.0,799.0,,1899.0,2340.0,,,,775.0,3366.0,2708.0,,,1607.0,2925.0,2342.0,,,2887.0,,,1223.0,2844.0,164.0
,2018.0,2067.0,,764.0,2093.0,,,,1739.0,595.0,954.0,,,2043.0,3478.0,2156.0,,,1828.0,,,2995.0,3114.0,2769.0
,564.0,2373.0,,932.0,2950.0,,,,473.0,3692.0,377.0,,,3678.0,3335.0,1650.0,,,1429.0,,,1794.0,3703.0,1618.0
,2965.0,3120.0,,3066.0,3314.0,,,,2661.0,2807.0,1499.0,,,657.0,2227.0,1111.0,,,91.0,,,1886.0,1279.0,2814.0
,1263.0,1022.0,,511.0,3769.0,,,,698.0,1691.0,1352.0,,,547.0,1888.0,3710.0,,,3415.0,,,3815.0,279.0,2466.0
,208.0,3868.0,,2920.0,2451.0,,,,796.0,437.0,2870.0,,,2541.0,706.0,1938.0,,,2332.0,,,769.0,3319.0,3876.0
,1229.0,0.0,,2587.0,363.0,,,,3634.0,1844.0,1317.0,,,3511.0,815.0,2444.0,,,3560.0,,,2371.0,2506.0,3762.0
,1070.0,3411.0,,3691.0,991.0,,,,1350.0,1329.0,50.0,,,2336.0,2978.0,3239.0,,,1990.0,,,3725.0,244.0,1060.0
,2371.0,522.0,,3020.0,3093.0,,,,1395.0,3222.0,2635.0,,,3613.0,2108.0,523.0,,,551.0,,,1940.0,3905.0,2059.0
,883.0,998.0,,3009.0,1647.0,,,,2678.0,2019.0,2716.0,,,1526.0,3750.0,1124.0,,,459.0,,,1354.0,1595.0,2235.0
,855.0,1559.0,,3412.0,2729.0,,,,3017.0,3787.0,1540.0,,,1427.0,1732.0,2277.0,,,1917.0,,,84.0,258.0,1811.0
,3616.0,1715.0,,3527.0,877.0,,,,3035.0,2444.0,1921.0,,,2273.0,3182.0,1310.0,,,3884.0,,,492.0,3583.0,1451.0
,1755.0,3045.0,,2061.0,469.0,,,,624.0,275.0,2417.0,,,1325.0,2404.0,734.0,,,3777.0,,,1229.0,3144.0,1578.0
,2250.0,3314.0,,3670.0,2981.0,,,,2542.0,1229.0,2270.0,,,1944.0,1133.0,2111.0,,,1338.0,,,3864.0,849.0,1454.0
,876.0,1946.0,,2308.0,2603.0,,,,2389.0,1801.0,3860.0,,,1808.0,360.0,2591.0,,,1052.0,,,2139.0,978.0,1778.0
,2021.0,774.0,,1841.0,588.0,,,,421.0,3665.0,766.0,,,2009.0,3572.0,1717.0,,,3214.0,,,2746.0,3572.0,2632.0
,3566.0,1981.0,,149.0,3189.0,,,,3162.0,2671.0,3429.0,,,1774.0,3410.0,3306.0,,,312.0,,,3378.0,1537.0,1204.0
,3869.0,3097.0,,1320.0,105.0,,,,3895.0,1614.0,798.0,,,3727.0,649.0,2128.0,,,2752.0,,,1797.0,2898.0,1703.0
,13.0,3151.0,,1392.0,2401.0,,,,3501.0,1545.0,803.0,,,710.0,1718.0,1877.0,,,3588.0,,,2910.0,1819.0,271.0
,1361.0,1081.0,,1975.0,3327.0,,,,918.0,3696.0,3083.0,,,1190.0,1336.0,58.0,,,2646.0,,,2819.0,1571.0,3832.0
,3421.0,2334.0,,3200.0,1806.0,,,,3787.0,342.0,182.0,,,3457.0,1494.0,1182.0,,,2111.0,,,1487.0,3475.0,3420.0
,2677.0,1362.0,,631.0,3265.0,,,,3056.0,1524.0,2687.0,,,562.0,818.0,2459.0,,,3195.0,,,2793.0,686.0,2166.0
,3119.0,863.0,,1837.0,1685.0,,,,2655.0,50.0,1864.0,,,3263.0,2598.0,439.0,,,741.0,,,1470.0,2363.0,1231.0
,228.0,2242.0,,2286.0,457.0,,,,3898.0,261.0,2982.0,,,3763.0,1595.0,3099.0,,,3791.0,,,3742.0,2020.0,3340.0
,1368.0,3354.0,,1574.0,85.0,,,,1597.0,3864.0,637.0,,,1431.0,1169.0,210.0,,,2690.0,,,3099.0,3183.0,2970.0
,1904.0,1571.0,,796.0,358.0,,,,334.0,918.0,474.0,,,3835.0,2852.0,2661.0,,,983.0,,,2639.0,327.0,1216.0
,2666.0,2869.0,,2954.0,2286.0,,,,543.0,3527.0,787.0,,,2725.0,37.0,3037.0,,,2260.0,,,1159.0,2449.0,981.0
,3109.0,1524.0,,571.0,2733.0,,,,3753.0,711.0,2347.0,,,2371.0,597.0,2745.0,,,676.0,,,598.0,2915.0,2550.0
,790.0,1415.0,,938.0,612.0,,,,2574.0,1033.0,3104.0,,,2214.0,2135.0,2607.0,,,2702.0,,,1602.0,2044.0,2670.0
,2670.0,2503.0,,583.0,1610.0,,,,2906.0,2676.0,2008.0,,,1183.0,3830.0,1114.0,,,1159.0,,,391.0,1702.0,680.0
,220.0,3266.0,,1639.0,2367.0,,,,3070.0,502.0,1458.0,,,2231.0,380.0,2024.0,,,3303.0,,,3162.0,2615.0,1275.0
,309.0,927.0,,2218.0,1023.0,,,,3680.0,1685.0,832.0,,,3897.0,1679.0,344.0,,,2183.0,,,344.0,2326.0,3824.0
,3378.0,938.0,,3160.0,2594.0,,,,1158.0,3078.0,3014.0,,,1138.0,2448.0,1253.0,,,2571.0,,,2195.0,2819.0,2560.0
,1865.0,2823.0,,2805.0,148.0,,,,3167.0,2185.0,3138.0,,,2008.0,241.0,1082.0,,,1290.0,,,3233.0,751.0,1729.0
,2229.0,2141.0,,536.0,2898.0,,,,2808.0,1367.0,3419.0,,,473.0,1816.0,1029.0,,,1289.0,,,268.0,3001.0,84.0
,3547.0,984.0,,1368.0,2137.0,,,,1964.0,1454.0,1506.0,,,3786.0,1855.0,100.0,,,2222.0,,,2436.0,3379.0,2480.0
,335.0,3264.0,,1822.0,598.0,,,,442.0,3010.0,1156.0,,,3319.0,491.0,602.0,,,1539.0,,,3635.0,1007.0,607.0
,2562.0,1322.0,,49.0,2693.0,,,,3254.0,3229.0,855.0,,,692.0,881.0,1055.0,,,3894.0,,,1615.0,476.0,3730.0
,2061.0,218.0,,326.0,2266.0,,,,2919.0,2529.0,2486.0,,,121.0,898.0,1300.0,,,3699.0,,,113.0,2690.0,2707.0
,2661.0,439.0,,578.0,3548.0,,,,2548.0,373.0,1908.0,,,2230.0,890.0,3165.0,,,18.0,,,2253.0,817.0,2570.0
,700.0,2128.0,,289.0,3202.0,,,,815.0,839.0,2097.0,,,966.0,530.0,2054.0,,,1776.0,,,2097.0,2544.0,3076.0
,1445.0,3513.0,,2630.0,2967.0,,,,1255.0,1382.0,1893.0,,,3052.0,1448.0,93.0,,,3088.0,,,3102.0,1840.0,2545.0
,3299.0,544.0,,928.0,3019.0,,,,231.0,442.0,927.0,,,1935.0,3483.0,1705.0,,,1407.0,,,2815.0,251.0,3744.0
,3106.0,1519.0,,2111.0,1210.0,,,,2819.0,1287.0,207.0,,,1263.0,646.0,3605.0,,,2639.0,,,2146.0,910.0,1020.0
,727.0,2961.0,,325.0,2667.0,,,,3061.0,3455.0,2791.0,,,3901.0,2247.0,1351.0,,,2943.0,,,328.0,102.0,2699.0
,2009.0,482.0,,1805.0,2387.0,,,,595.0,1994.0,908.0,,,2861.0,1475.0,1910.0,,,1568.0,,,1530.0,1141.0,1943.0
,3767.0,846.0,,1989.0,2298.0,,,,2068.0,351.0,2398.0,,,1949.0,111.0,146.0,,,2325.0,,,1569.0,2845.0,1319.0
,3841.0,1337.0,,3364.0,291.0,,,,203.0,3552.0,198.0,,,2703.0,1628.0,3908.0,,,1572.0,,,3199.0,1730.0,1370.0
,1746.0,735.0,,1945.0,1952.0,,,,3668.0,1465.0,1937.0,,,2617.0,1620.0,1886.0,,,2092.0,,,1034.0,2305.0,1879.0
,1034.0,1935.0,,2621.0,1355.0,,,,3715.0,2211.0,2066.0,,,3637.0,3713.0,119.0,,,338.0,,,2661.0,3804.0,182.0
,688.0,1047.0,,210.0,3837.0,,,,3856.0,212.0,269.0,,,951.0,1427.0,2718.0,,,3596.0,,,2156.0,2308.0,2854.0
,1683.0,3865.0,,1627.0,944.0,,,,3185.0,1090.0,395.0,,,3638.0,1159.0,1188.0,,,2688.0,,,3747.0,538.0,1220.0
,3537.0,655.0,,3061.0,559.0,,,,2022.0,2307.0,1655.0,,,3143.0,3609.0,3079.0,,,1862.0,,,3311.0,1898.0,3539.0
,3179.0,3593.0,,3550.0,1840.0,,,,1461.0,1021.0,3474.0,,,126.0,1938.0,2960.0,,,2632.0,,,2727.0,3556.0,965.0
,1062.0,234.0,,3377.0,2493.0,,,,1485.0,2078.0,138.0,,,3299.0,312.0,1788.0,,,3546.0,,,2157.0,2012.0,2808.0
,2155.0,127.0,,1722.0,772.0,,,,369.0,1573.0,1236.0,,,2784.0,858.0,452.0,,,148.0,,,1837.0,778.0,2467.0
,2307.0,216.0,,3672.0,1967.0,,,,3716.0,2782.0,3644.0,,,204.0,458.0,720.0,,,3598.0,,,3900.0,2744.0,3385.0
,1288.0,1323.0,,654.0,1816.0,,,,2547.0,1481.0,1587.0,,,3339.0,3566.0,3401.0,,,2131.0,,,2272.0,283.0,1962.0
,1131.0,3866.0,,2899.0,542.0,,,,340.0,2148.0,3493.0,,,2120.0,413.0,3868.0,,,3654.0,,,2319.0,66.0,54.0
,3134.0,979.0,,643.0,2960.0,,,,2401.0,2828.0,1744.0,,,2568.0,3019.0,2193.0,,,3800.0,,,3341.0,1613.0,1214.0
,341.0,3393.0,,1085.0,1898.0,,,,3170.0,2394.0,581.0,,,386.0,655.0,2776.0,,,1418.0,,,1246.0,876.0,1587.0
,1100.0,1189.0,,3279.0,3893.0,,,,562.0,26.0,964.0,,,943.0,3819.0,3108.0,,,1395.0,,,85.0,444.0,1495.0
,2217.0,3471.0,,1202.0,2701.0,,,,1080.0,3368.0,3514.0,,,1314.0,2110.0,2066.0,,,249.0,,,2405.0,1569.0,3422.0
,646.0,1030.0,,1872.0,1272.0,,,,1318.0,249.0,1633.0,,,3674.0,435.0,1410.0,,,1759.0,,,3073.0,3012.0,453.0
,2071.0,1959.0,,2961.0,1859.0,,,,2645.0,690.0,330.0,,,789.0,3866.0,622.0,,,3305.0,,,347.0,3704.0,1603.0
,1698.0,1929.0,,980.0,1612.0,,,,1060.0,680.0,2895.0,,,95.0,1521.0,2767.0,,,583.0,,,1500.0,3071.0,2725.0
,3320.0,1908.0,,3436.0,1147.0,,,,814.0,1715.0,2425.0,,,2248.0,3852.0,2206.0,,,632.0,,,2069.0,1350.0,1379.0
,555.0,3568.0,,1003.0,3551.0,,,,3152.0,866.0,1217.0,,,2677.0,3277.0,2618.0,,,1757.0,,,2817.0,734.0,3798.0
,784.0,318.0,,476.0,2963.0,,,,3683.0,3493.0,1298.0,,,2115.0,2471.0,208.0,,,2574.0,,,270.0,1711.0,3037.0
,3637.0,606.0,,525.0,1328.0,,,,2257.0,2879.0,1509.0,,,1531.0,610.0,2965.0,,,84.0,,,3713.0,2959.0,1800.0
,1149.0,3418.0,,804.0,1727.0,,,,3102.0,1151.0,1851.0,,,1179.0,3313.0,3571.0,,,3525.0,,,1021.0,1866.0,3846.0
,3359.0,2751.0,,1118.0,2007.0,,,,119.0,2497.0,450.0,,,751.0,2429.0,153.0,,,2232.0,,,2644.0,1784.0,1641.0
,3231.0,2898.0,,863.0,1223.0,,,,508.0,1812.0,1041.0,,,1824.0,3772.0,3501.0,,,1829.0,,,3384.0,3498.0,181.0
,3500.0,2598.0,,52.0,2687.0,,,,3743.0,3241.0,1162.0,,,365.0,1706.0,3270.0,,,946.0,,,3608.0,2372.0,1928.0
,678.0,3059.0,,1211.0,3423.0,,,,2311.0,3277.0,1843.0,,,2828.0,479.0,2378.0,,,3121.0,,,935.0,3108.0,3612.0
,2858.0,1566.0,,1319.0,2755.0,,,,3139.0,42.0,1340.0,,,1358.0,2538.0,504.0,,,1939.0,,,1658.0,3691.0,1802.0
,3237.0,196.0,,798.0,2481.0,,,,1745.0,1259.0,1443.0,,,1612.0,3290.0,1141.0,,,2025.0,,,1107.0,1461.0,3228.0
,2437.0,2722.0,,2677.0,396.0,,,,997.0,3077.0,1784.0,,,3910.0,733.0,3872.0,,,3079.0,,,3865.0,560.0,1827.0
,562.0,834.0,,3419.0,2899.0,,,,2948.0,2652.0,2543.0,,,2523.0,2345.0,869.0,,,2687.0,,,633.0,176.0,1474.0
,3513.0,543.0,,2135.0,876.0,,,,2010.0,2508.0,1649.0,,,3823.0,3481.0,2185.0,,,2533.0,,,2744.0,1918.0,1701.0
,465.0,816.0,,1008.0,2409.0,,,,345.0,512.0,2011.0,,,3775.0,2208.0,124.0,,,1391.0,,,171.0,1716.0,335.0
,2184.0,3410.0,,1848.0,2262.0,,,,803.0,2189.0,980.0,,,158.0,668.0,2765.0,,,3202.0,,,3657.0,2787.0,637.0
,893.0,3448.0,,2225.0,3900.0,,,,240.0,1809.0,65.0,,,146.0,3526.0,696.0,,,218.0,,,2064.0,2070.0,3877.0
,1547.0,1621.0,,2635.0,1036.0,,,,2671.0,1121.0,1944.0,,,778.0,1741.0,1818.0,,,3013.0,,,2364.0,2286.0,3021.0
,2296.0,1913.0,,564.0,1886.0,,,,1431.0,1156.0,1846.0,,,3522.0,2107.0,534.0,,,1869.0,,,2752.0,990.0,1199.0
,3472.0,710.0,,1346.0,2760.0,,,,2247.0,2346.0,2160.0,,,1023.0,3848.0,211.0,,,2799.0,,,2001.0,2409.0,2014.0
,939.0,3742.0,,926.0,414.0,,,,3190.0,909.0,1926.0,,,1140.0,334.0,3722.0,,,2475.0,,,3008.0,1544.0,1288.0
,2511.0,1394.0,,507.0,171.0,,,,1980.0,2364.0,2873.0,,,3164.0,3851.0,1452.0,,,3482.0,,,597.0,2964.0,133.0
,3124.0,3196.0,,3698.0,332.0,,,,688.0,1155.0,1261.0,,,2591.0,3442.0,3341.0,,,2251.0,,,997.0,1290.0,1634.0
,1002.0,157.0,,100.0,1266.0,,,,3463.0,3583.0,359.0,,,3446.0,1248.0,3440.0,,,2339.0,,,3221.0,2539.0,888.0
,2068.0,1250.0,,1475.0,2798.0,,,,832.0,3782.0,3869.0,,,3141.0,732.0,3403.0,,,2821.0,,,1027.0,3328.0,3269.0
,2782.0,1599.0,,1121.0,1719.0,,,,3866.0,2746.0,3754.0,,,3564.0,2499.0,3867.0,,,891.0,,,802.0,411.0,3711.0
,2579.0,587.0,,3714.0,1430.0,,,,2029.0,327.0,2297.0,,,2540.0,2113.0,2956.0,,,3595.0,,,552.0,2976.0,2851.0
,1137.0,69.0,,1977.0,2796.0,,,,741.0,916.0,3008.0,,,3280.0,2367.0,3599.0,,,351.0,,,637.0,495.0,3359.0
,459.0,410.0,,2212.0,3111.0,,,,1834.0,2210.0,3444.0,,,3390.0,2229.0,2376.0,,,1713.0,,,576.0,3715.0,3469.0
,1952.0,539.0,,37.0,1811.0,,,,3057.0,959.0,1775.0,,,1907.0,393.0,2020.0,,,1848.0,,,1520.0,3133.0,3589.0
,845.0,1093.0,,1477.0,60.0,,,,3212.0,1625.0,1653.0,,,3404.0,2900.0,3187.0,,,2352.0,,,1050.0,760.0,3386.0
,2640.0,2707.0,,1185.0,3655.0,,,,1444.0,3201.0,1244.0,,,2213.0,2878.0,3565.0,,,3110.0,,,203.0,247.0,3594.0
,3724.0,3292.0,,3897.0,3557.0,,,,3708.0,1109.0,1564.0,,,275.0,129.0,1858.0,,,154.0,,,2896.0,119.0,3577.0
,2311.0,3676.0,,1612.0,2964.0,,,,2179.0,2456.0,2498.0,,,1650.0,2326.0,1365.0,,,1069.0,,,1977.0,2468.0,2177.0
,1378.0,1868.0,,239.0,3190.0,,,,868.0,1057.0,2241.0,,,602.0,3334.0,229.0,,,625.0,,,3500.0,2261.0,1098.0
,3183.0,2683.0,,817.0,2102.0,,,,2765.0,2490.0,1919.0,,,2580.0,389.0,938.0,,,770.0,,,3547.0,1899.0,65.0
,3027.0,1585.0,,3853.0,1338.0,,,,3509.0,1173.0,1535.0,,,964.0,2098.0,1181.0,,,1033.0,,,1426.0,1614.0,3786.0
,2529.0,2920.0,,586.0,2163.0,,,,1614.0,2226.0,158.0,,,2370.0,1414.0,2292.0,,,2871.0,,,1511.0,1051.0,262.0
,832.0,3112.0,,3274.0,1199.0,,,,732.0,1405.0,3494.0,,,861.0,2007.0,2693.0,,,126.0,,,1450.0,83.0,3661.0
,1875.0,1314.0,,1398.0,3801.0,,,,895.0,985.0,2999.0,,,2887.0,2658.0,2430.0,,,3631.0,,,2008.0,3046.0,467.0
,2366.0,2358.0,,2682.0,3745.0,,,,3358.0,507.0,2117.0,,,2665.0,492.0,1081.0,,,3155.0,,,1363.0,3515.0,2690.0
,2158.0,2023.0,,1950.0,3447.0,,,,2761.0,677.0,400.0,,,3884.0,487.0,450.0,,,1231.0,,,431.0,718.0,1215.0
,1455.0,3564.0,,3723.0,1439.0,,,,1853.0,3597.0,2453.0,,,2533.0,3753.0,2930.0,,,1242.0,,,2295.0,1527.0,1440.0
,1037.0,3212.0,,3234.0,668.0,,,,3877.0,885.0,1659.0,,,467.0,284.0,2756.0,,,2608.0,,,520.0,336.0,582.0
,1695.0,1033.0,,2119.0,402.0,,,,1061.0,2261.0,3767.0,,,3767.0,3322.0,3311.0,,,658.0,,,384.0,2556.0,3521.0
,3458.0,764.0,,1324.0,2032.0,,,,905.0,1088.0,1875.0,,,580.0,2638.0,524.0,,,2433.0,,,1405.0,332.0,2471.0
,1678.0,718.0,,2280.0,2398.0,,,,1257.0,2926.0,1476.0,,,609.0,1945.0,1781.0,,,3442.0,,,683.0,1927.0,1872.0
,2517.0,2993.0,,3510.0,1193.0,,,,3600.0,1053.0,2621.0,,,3625.0,573.0,3887.0,,,2766.0,,,866.0,1605.0,1771.0
,2787.0,3720.0,,3255.0,3284.0,,,,2116.0,2739.0,298.0,,,1381.0,2269.0,1816.0,,,2575.0,,,3916.0,3452.0,1044.0
,1674.0,1971.0,,3860.0,3877.0,,,,2918.0,2436.0,2481.0,,,1095.0,31.0,2278.0,,,1959.0,,,141.0,2130.0,1749.0
,2660.0,3592.0,,3416.0,878.0,,,,100.0,369.0,984.0,,,3246.0,3161.0,2269.0,,,3275.0,,,463.0,1479.0,2470.0
,2869.0,3250.0,,2759.0,1124.0,,,,143.0,611.0,2567.0,,,3273.0,204.0,1162.0,,,2569.0,,,2767.0,3566.0,2193.0
,2748.0,2798.0,,2114.0,2836.0,,,,459.0,1296.0,2937.0,,,521.0,2941.0,2555.0,,,2466.0,,,2891.0,2688.0,2481.0
,1519.0,1494.0,,357.0,1537.0,,,,563.0,2097.0,3197.0,,,765.0,260.0,1368.0,,,1210.0,,,2206.0,2781.0,2529.0
,554.0,1657.0,,3661.0,1683.0,,,,1166.0,3259.0,1861.0,,,2153.0,3051.0,1254.0,,,3054.0,,,3065.0,2154.0,1630.0
,1436.0,2437.0,,3796.0,1616.0,,,,1695.0,3801.0,3039.0,,,1894.0,1070.0,55.0,,,2423.0,,,548.0,1871.0,88.0
,671.0,654.0,,266.0,1600.0,,,,491.0,2262.0,587.0,,,610.0,3798.0,2053.0,,,2074.0,,,266.0,2788.0,3583.0
,2781.0,981.0,,1333.0,718.0,,,,2692.0,1334.0,1375.0,,,481.0,1950.0,1195.0,,,3864.0,,,2373.0,3419.0,1223.0
,2044.0,913.0,,1023.0,2499.0,,,,2167.0,2569.0,3156.0,,,1740.0,3697.0,3340.0,,,264.0,,,200.0,3784.0,842.0
,1677.0,206.0,,1365.0,1461.0,,,,3110.0,3098.0,284.0,,,1864.0,174.0,3249.0,,,3700.0,,,288.0,415.0,1873.0
,3645.0,1699.0,,3710.0,95.0,,,,1393.0,177.0,214.0,,,3440.0,244.0,727.0,,,1649.0,,,1678.0,3222.0,2308.0
,2086.0,1199.0,,1849.0,3140.0,,,,3774.0,1137.0,3209.0,,,835.0,3380.0,2306.0,,,3033.0,,,273.0,2049.0,3102.0
,3601.0,3786.0,,2195.0,3348.0,,,,2667.0,254.0,2512.0,,,1471.0,407.0,3211.0,,,876.0,,,3757.0,480.0,2714.0
,3302.0,3437.0,,3505.0,1331.0,,,,608.0,1488.0,3394.0,,,2788.0,2298.0,1785.0,,,739.0,,,267.0,2310.0,2754.0
,3849.0,2277.0,,3046.0,578.0,,,,3435.0,2209.0,711.0,,,1902.0,3240.0,316.0,,,1948.0,,,403.0,1331.0,85.0
,3885.0,1619.0,,1753.0,619.0,,,,2347.0,1535.0,2673.0,,,1440.0,2595.0,1827.0,,,2198.0,,,1623.0,1750.0,911.0
,718.0,3808.0,,3561.0,1594.0,,,,1445.0,3331.0,3086.0,,,277.0,3518.0,262.0,,,436.0,,,1127.0,3362.0,1610.0
,3660.0,3647.0,,150.0,1954.0,,,,2138.0,3669.0,1889.0,,,3601.0,2428.0,976.0,,,3738.0,,,2327.0,2792.0,2122.0
,3407.0,3339.0,,2383.0,299.0,,,,2964.0,3627.0,3283.0,,,3152.0,3255.0,540.0,,,1762.0,,,967.0,1515.0,976.0
,2338.0,1769.0,,920.0,1243.0,,,,2374.0,2880.0,1089.0,,,2431.0,436.0,3267.0,,,3641.0,,,1007.0,3176.0,1485.0
,1073.0,2292.0,,1178.0,262.0,,,,2159.0,3714.0,3421.0,,,87.0,3354.0,1628.0,,,1965.0,,,2622.0,3803.0,2551.0
,1863.0,1855.0,,3804.0,3413.0,,,,1741.0,2461.0,2015.0,,,1016.0,3799.0,3476.0,,,3025.0,,,519.0,2815.0,998.0
,2934.0,1975.0,,2234.0,1644.0,,,,1503.0,3518.0,532.0,,,566.0,3054.0,313.0,,,3626.0,,,2090.0,2935.0,382.0
,1821.0,2953.0,,2096.0,2592.0,,,,3859.0,519.0,2538.0,,,81.0,2451.0,1513.0,,,2277.0,,,3740.0,292.0,1074.0
,952.0,2608.0,,126.0,2990.0,,,,2188.0,1789.0,3047.0,,,151.0,2881.0,2747.0,,,3012.0,,,2431.0,3383.0,3123.0
,2168.0,866.0,,400.0,502.0,,,,979.0,2415.0,3360.0,,,2338.0,2632.0,2915.0,,,3323.0,,,2870.0,1094.0,3457.0
,1488.0,1275.0,,2829.0,3626.0,,,,1780.0,2443.0,2261.0,,,1299.0,2532.0,3631.0,,,12.0,,,3421.0,3040.0,3802.0
,2598.0,2095.0,,2299.0,3316.0,,,,1002.0,3651.0,772.0,,,2616.0,1040.0,2148.0,,,1008.0,,,415.0,984.0,1249.0
,947.0,2232.0,,1929.0,2105.0,,,,950.0,2363.0,2973.0,,,2445.0,1008.0,2938.0,,,517.0,,,1365.0,3020.0,2220.0
,3140.0,1680.0,,1188.0,2526.0,,,,1413.0,1816.0,2725.0,,,1101.0,1517.0,2538.0,,,2070.0,,,713.0,1500.0,2672.0
,3657.0,2992.0,,2636.0,3612.0,,,,485.0,1733.0,281.0,,,1415.0,1690.0,175.0,,,3274.0,,,949.0,48.0,3536.0
,1296.0,1468.0,,2392.0,2937.0,,,,3914.0,991.0,3166.0,,,2976.0,1770.0,3879.0,,,2637.0,,,129.0,2424.0,1997.0
,1663.0,1303.0,,2187.0,739.0,,,,2147.0,89.0,624.0,,,3529.0,3482.0,3029.0,,,3635.0,,,279.0,366.0,1621.0
,2668.0,1687.0,,667.0,891.0,,,,1221.0,45.0,1147.0,,,866.0,1015.0,81.0,,,2015.0,,,3339.0,2217.0,3200.0
,3388.0,3743.0,,2730.0,3780.0,,,,893.0,3699.0,1285.0,,,519.0,2592.0,3713.0,,,1051.0,,,826.0,3880.0,26.0
,1485.0,3150.0,,169.0,2814.0,,,,1795.0,3023.0,1825.0,,,2935.0,2923.0,2123.0,,,3400.0,,,2924.0,2266.0,2571.0
,2156.0,3129.0,,3876.0,405.0,,,,3227.0,204.0,3459.0,,,1608.0,1186.0,3698.0,,,1187.0,,,3639.0,2470.0,1625.0
,1022.0,2439.0,,3.0,670.0,,,,3232.0,3315.0,3829.0,,,2988.0,328.0,985.0,,,3527.0,,,1808.0,3173.0,1825.0
,2720.0,1421.0,,1331.0,933.0,,,,530.0,1551.0,2222.0,,,3395.0,2406.0,2389.0,,,102.0,,,312.0,2807.0,3193.0
,1671.0,3200.0,,609.0,3789.0,,,,1603.0,986.0,1118.0,,,2023.0,2477.0,1680.0,,,3657.0,,,1915.0,2283.0,2217.0
,873.0,3714.0,,3562.0,2454.0,,,,11.0,2780.0,3638.0,,,208.0,2681.0,1786.0,,,2879.0,,,1071.0,1992.0,1542.0
,3466.0,1966.0,,3910.0,3317.0,,,,3569.0,940.0,1980.0,,,3090.0,1791.0,318.0,,,685.0,,,1529.0,3672.0,131.0
,979.0,239.0,,1766.0,2998.0,,,,1570.0,2595.0,2088.0,,,2632.0,2005.0,2636.0,,,749.0,,,2929.0,32.0,484.0
,980.0,92.0,,2702.0,1579.0,,,,2391.0,1660.0,1488.0,,,1773.0,3092.0,1996.0,,,2401.0,,,794.0,1913.0,2223.0
,720.0,3011.0,,3556.0,3679.0,,,,2750.0,53.0,990.0,,,3385.0,3307.0,3797.0,,,290.0,,,2588.0,3398.0,3260.0
,2845.0,3686.0,,2228.0,2427.0,,,,218.0,1742.0,2851.0,,,351.0,1178.0,3148.0,,,1367.0,,,2802.0,1209.0,2307.0
,3808.0,1518.0,,371.0,103.0,,,,1584.0,3103.0,2019.0,,,2547.0,3763.0,921.0,,,2438.0,,,2018.0,1968.0,2484.0
,2356.0,1832.0,,2901.0,2591.0,,,,1829.0,2246.0,551.0,,,125.0,1853.0,1131.0,,,361.0,,,69.0,3316.0,497.0
,3858.0,2009.0,,3237.0,2197.0,,,,2580.0,3384.0,2532.0,,,1540.0,3220.0,462.0,,,2711.0,,,1252.0,1939.0,3779.0
,1215.0,2241.0,,1274.0,3022.0,,,,2994.0,537.0,970.0,,,1104.0,3652.0,1603.0,,,619.0,,,2626.0,2998.0,593.0
,2950.0,3270.0,,182.0,3610.0,,,,2305.0,2940.0,3357.0,,,2455.0,2955.0,3894.0,,,507.0,,,2787.0,1088.0,3679.0
,3732.0,2200.0,,422.0,3389.0,,,,2296.0,443.0,3696.0,,,118.0,2368.0,2147.0,,,1226.0,,,258.0,1572.0,3903.0
,3077.0,2331.0,,1538.0,3055.0,,,,3292.0,681.0,3285.0,,,1508.0,2480.0,268.0,,,2982.0,,,3720.0,3780.0,3636.0
,2303.0,3259.0,,2314.0,460.0,,,,2229.0,623.0,2205.0,,,1813.0,1491.0,2402.0,,,867.0,,,1459.0,2021.0,78.0
,1750.0,1821.0,,2491.0,2325.0,,,,204.0,569.0,1882.0,,,2606.0,3660.0,3447.0,,,3049.0,,,3329.0,1153.0,2647.0
,3445.0,3875.0,,2056.0,611.0,,,,574.0,2924.0,2335.0,,,3167.0,523.0,3333.0,,,3883.0,,,3735.0,2730.0,2975.0
,2900.0,1825.0,,2211.0,1344.0,,,,339.0,41.0,1152.0,,,3912.0,827.0,2043.0,,,1116.0,,,2397.0,2210.0,1236.0
,3046.0,3166.0,,1066.0,1284.0,,,,749.0,3732.0,3048.0,,,2802.0,2175.0,2819.0,,,3182.0,,,620.0,871.0,2402.0
,2277.0,2016.0,,2208.0,3835.0,,,,876.0,1885.0,3126.0,,,1182.0,2680.0,3343.0,,,333.0,,,2754.0,8.0,2675.0
,253.0,3625.0,,3327.0,1053.0,,,,1490.0,3347.0,2499.0,,,3534.0,457.0,2250.0,,,1339.0,,,3801.0,1905.0,827.0
,314.0,3123.0,,3690.0,1009.0,,,,413.0,3663.0,2321.0,,,1389.0,910.0,2882.0,,,3369.0,,,1370.0,3876.0,205.0
,2270.0,2329.0,,524.0,587.0,,,,2681.0,2630.0,1673.0,,,222.0,2274.0,3794.0,,,1189.0,,,1201.0,3361.0,1330.0
,1260.0,2330.0,,506.0,1356.0,,,,3117.0,2088.0,2144.0,,,393.0,1555.0,1560.0,,,920.0,,,3891.0,2703.0,2660.0
,1846.0,3433.0,,1565.0,2437.0,,,,205.0,2028.0,788.0,,,3271.0,555.0,3906.0,,,1743.0,,,2267.0,3912.0,3514.0
,528.0,505.0,,2483.0,897.0,,,,2087.0,3143.0,3692.0,,,2020.0,1701.0,314.0,,,970.0,,,2529.0,2525.0,3191.0
,1012.0,2718.0,,2481.0,2616.0,,,,1689.0,436.0,2717.0,,,3659.0,3795.0,204.0,,,879.0,,,2844.0,2029.0,230.0
,1935.0,3206.0,,2131.0,680.0,,,,968.0,1263.0,2758.0,,,100.0,1934.0,1256.0,,,2247.0,,,2751.0,2146.0,947.0
,2177.0,2222.0,,2873.0,2726.0,,,,3037.0,1047.0,3452.0,,,1865.0,105.0,929.0,,,1363.0,,,2027.0,2600.0,3286.0
,1040.0,2726.0,,2762.0,2545.0,,,,3750.0,2144.0,289.0,,,583.0,1134.0,2319.0,,,116.0,,,496.0,211.0,862.0
,56.0,1320.0,,989.0,430.0,,,,2635.0,970.0,3403.0,,,288.0,2352.0,1277.0,,,902.0,,,3067.0,3060.0,1942.0
,2035.0,906.0,,2074.0,627.0,,,,3619.0,2064.0,601.0,,,2500.0,2058.0,3609.0,,,2492.0,,,1059.0,91.0,2996.0
,3578.0,3673.0,,918.0,214.0,,,,1726.0,3248.0,229.0,,,3429.0,1063.0,3619.0,,,3005.0,,,3654.0,329.0,2086.0
,733.0,1359.0,,1828.0,2939.0,,,,2240.0,1605.0,2534.0,,,2754.0,1714.0,3731.0,,,2197.0,,,1805.0,1748.0,478.0
,11.0,2596.0,,1313.0,3070.0,,,,2551.0,1834.0,1840.0,,,366.0,2070.0,703.0,,,3615.0,,,1132.0,1277.0,1585.0
,1779.0,344.0,,1452.0,3124.0,,,,332.0,1340.0,1109.0,,,2176.0,2337.0,1738.0,,,763.0,,,1885.0,404.0,2313.0
,3597.0,2785.0,,693.0,466.0,,,,1197.0,112.0,1198.0,,,2751.0,2535.0,184.0,,,3091.0,,,3260.0,3107.0,1113.0
,2342.0,1125.0,,1396.0,2106.0,,,,715.0,415.0,1632.0,,,3199.0,1812.0,3691.0,,,1953.0,,,3068.0,1185.0,464.0
,1997.0,3369.0,,791.0,3321.0,,,,378.0,3290.0,3418.0,,,2554.0,801.0,2716.0,,,2827.0,,,2625.0,1409.0,3283.0
,3330.0,3635.0,,2357.0,2909.0,,,,175.0,3281.0,2615.0,,,3206.0,3025.0,2888.0,,,330.0,,,1507.0,1320.0,657.0
,1211.0,1673.0,,3784.0,323.0,,,,3867.0,3272.0,2524.0,,,1185.0,3154.0,3743.0,,,1942.0,,,676.0,2361.0,1050.0
,1130.0,3525.0,,1882.0,1991.0,,,,2543.0,1198.0,807.0,,,227.0,1557.0,2397.0,,,3381.0,,,3441.0,2841.0,3553.0
,1358.0,1312.0,,2569.0,3299.0,,,,2446.0,1216.0,1428.0,,,2452.0,377.0,1341.0,,,1718.0,,,3301.0,3722.0,367.0
,189.0,2666.0,,3528.0,256.0,,,,2532.0,1317.0,1691.0,,,214.0,1122.0,2842.0,,,1779.0,,,3285.0,3062.0,3404.0
,233.0,3806.0,,2791.0,1463.0,,,,2846.0,882.0,1345.0,,,1369.0,1406.0,3620.0,,,3376.0,,,26.0,3325.0,778.0
,17.0,2012.0,,3331.0,2521.0,,,,475.0,236.0,1932.0,,,3525.0,3450.0,2059.0,,,1715.0,,,604.0,2115.0,3312.0
,1389.0,2464.0,,1659.0,3454.0,,,,3786.0,3533.0,764.0,,,3766.0,3248.0,2382.0,,,1954.0,,,2587.0,755.0,3642.0
,430.0,3209.0,,2638.0,2366.0,,,,1620.0,2035.0,3141.0,,,936.0,1633.0,3320.0,,,1385.0,,,2914.0,3496.0,3360.0
,3417.0,1602.0,,2680.0,573.0,,,,1291.0,1967.0,1456.0,,,217.0,3302.0,550.0,,,3406.0,,,3056.0,1024.0,156.0
,3733.0,1210.0,,3386.0,195.0,,,,3427.0,1604.0,3745.0,,,2011.0,2736.0,1240.0,,,3277.0,,,2580.0,2739.0,3729.0
,1295.0,3102.0,,668.0,395.0,,,,1389.0,421.0,3750.0,,,2986.0,3188.0,969.0,,,3887.0,,,2599.0,179.0,329.0
,3591.0,3370.0,,747.0,2893.0,,,,3249.0,2732.0,1475.0,,,1582.0,2275.0,3684.0,,,508.0,,,1910.0,2451.0,2140.0
,395.0,1212.0,,1312.0,3645.0,,,,1802.0,2057.0,3442.0,,,2932.0,3174.0,2406.0,,,1204.0,,,904.0,359.0,2991.0
,2537.0,355.0,,1336.0,1342.0,,,,2660.0,2650.0,3384.0,,,2449.0,1793.0,2843.0,,,350.0,,,2792.0,131.0,1627.0
,2433.0,644.0,,3679.0,804.0,,,,3098.0,365.0,2272.0,,,3797.0,3462.0,3484.0,,,182.0,,,2125.0,524.0,3082.0
,3071.0,666.0,,2459.0,1155.0,,,,3420.0,1830.0,825.0,,,181.0,2290.0,3510.0,,,3334.0,,,3058.0,860.0,2400.0
,1759.0,2049.0,,381.0,388.0,,,,2378.0,1444.0,1874.0,,,1401.0,120.0,2571.0,,,1438.0,,,3456.0,3800.0,218.0
,1479.0,3600.0,,2951.0,2411.0,,,,3355.0,1177.0,708.0,,,873.0,1939.0,172.0,,,3153.0,,,3883.0,2347.0,1970.0
,2320.0,1836.0,,559.0,1392.0,,,,2679.0,757.0,2772.0,,,3081.0,1757.0,1928.0,,,3141.0,,,3906.0,3605.0,3867.0
,385.0,1437.0,,3449.0,1698.0,,,,3319.0,792.0,1225.0,,,2220.0,645.0,1216.0,,,3855.0,,,2722.0,3079.0,3317.0
,1367.0,2794.0,,3471.0,287.0,,,,2768.0,1371.0,2056.0,,,1284.0,2996.0,3554.0,,,720.0,,,1854.0,3660.0,3782.0
,1606.0,2927.0,,3704.0,1710.0,,,,886.0,1889.0,1206.0,,,551.0,3064.0,1395.0,,,3775.0,,,222.0,1036.0,1116.0
,3871.0,657.0,,203.0,2896.0,,,,1528.0,103.0,1789.0,,,346.0,1916.0,226.0,,,1470.0,,,3769.0,2455.0,2301.0
,158.0,3485.0,,3383.0,3852.0,,,,3444.0,2515.0,1390.0,,,20.0,3843.0,162.0,,,3257.0,,,16.0,54.0,414.0
,2108.0,805.0,,1734.0,349.0,,,,1717.0,499.0,115.0,,,3415.0,787.0,1494.0,,,1321.0,,,1838.0,1553.0,2825.0
,643.0,2230.0,,3648.0,107.0,,,,1688.0,2728.0,3641.0,,,2811.0,1119.0,3336.0,,,261.0,,,3396.0,1739.0,973.0
,2207.0,915.0,,1436.0,2678.0,,,,771.0,2838.0,3739.0,,,1943.0,3413.0,3051.0,,,1349.0,,,446.0,288.0,14.0
,3398.0,3665.0,,92.0,302.0,,,,3036.0,2606.0,3780.0,,,837.0,2111.0,872.0,,,3613.0,,,3896.0,1522.0,2860.0
,946.0,3912.0,,1885.0,334.0,,,,2897.0,1992.0,3912.0,,,3043.0,549.0,2130.0,,,1600.0,,,1559.0,555.0,2987.0
,1670.0,1004.0,,2580.0,2073.0,,,,3033.0,3323.0,2736.0,,,2035.0,1603.0,1319.0,,,3698.0,,,1634.0,3227.0,1660.0
,746.0,3317.0,,2521.0,249.0,,,,3816.0,1065.0,1803.0,,,3906.0,3146.0,1759.0,,,2158.0,,,3634.0,3549.0,2857.0
,1931.0,3540.0,,3518.0,3571.0,,,,3696.0,2526.0,1036.0,,,58.0,2201.0,2575.0,,,1350.0,,,1497.0,943.0,2584.0
,3087.0,233.0,,3238.0,1637.0,,,,1769.0,1324.0,1519.0,,,2603.0,1163.0,3845.0,,,1595.0,,,2217.0,3310.0,1508.0
,3251.0,3749.0,,3222.0,2552.0,,,,189.0,3652.0,2775.0,,,371.0,379.0,507.0,,,1028.0,,,1978.0,996.0,192.0
,2349.0,2725.0,,807.0,3482.0,,,,2156.0,724.0,2036.0,,,1163.0,152.0,3188.0,,,3206.0,,,2179.0,2338.0,754.0
,2390.0,1656.0,,2922.0,893.0,,,,2924.0,18.0,1857.0,,,1747.0,461.0,1144.0,,,1752.0,,,777.0,2686.0,1446.0
,529.0,1075.0,,1878.0,1484.0,,,,2453.0,1280.0,487.0,,,1010.0,42.0,2519.0,,,1072.0,,,1727.0,248.0,3403.0
,2854.0,2769.0,,225.0,3334.0,,,,2785.0,1768.0,1716.0,,,807.0,594.0,346.0,,,1809.0,,,666.0,2732.0,1222.0
,519.0,3313.0,,1453.0,418.0,,,,3384.0,188.0,3854.0,,,2137.0,2304.0,3525.0,,,844.0,,,254.0,232.0,1648.0
,174.0,3207.0,,24.0,1703.0,,,,1294.0,3145.0,2280.0,,,381.0,865.0,2634.0,,,1665.0,,,364.0,1163.0,2253.0
,1258.0,3729.0,,1836.0,1222.0,,,,80.0,3025.0,1700.0,,,323.0,102.0,1177.0,,,3140.0,,,1850.0,3304.0,962.0
,3899.0,876.0,,1747.0,2625.0,,,,1387.0,1208.0,2724.0,,,3882.0,3364.0,1184.0,,,3589.0,,,148.0,182.0,1445.0
,3300.0,3567.0,,1812.0,3732.0,,,,249.0,3844.0,250.0,,,2313.0,3814.0,580.0,,,3243.0,,,1771.0,3770.0,454.0
,574.0,3496.0,,657.0,3066.0,,,,2552.0,3906.0,1035.0,,,3493.0,251.0,2727.0,,,1833.0,,,2789.0,3187.0,3893.0
,3661.0,3561.0,,766.0,3052.0,,,,1466.0,1528.0,1273.0,,,3704.0,2823.0,2037.0,,,1557.0,,,1193.0,2462.0,939.0
,2313.0,1306.0,,2217.0,3063.0,,,,3896.0,2914.0,1444.0,,,3031.0,3520.0,322.0,,,3794.0,,,1224.0,2069.0,1164.0
,3102.0,3271.0,,2774.0,2412.0,,,,1908.0,1449.0,2871.0,,,3769.0,2659.0,315.0,,,2327.0,,,844.0,2929.0,2190.0
,3744.0,1488.0,,907.0,2024.0,,,,293.0,3520.0,3777.0,,,132.0,3020.0,933.0,,,1570.0,,,435.0,2698.0,1764.0
,3258.0,985.0,,1507.0,167.0,,,,2978.0,1434.0,303.0,,,1611.0,1992.0,3884.0,,,3236.0,,,218.0,3242.0,253.0
,463.0,2104.0,,516.0,3504.0,,,,2743.0,1853.0,357.0,,,2738.0,2616.0,1973.0,,,405.0,,,1508.0,3355.0,1398.0
,1944.0,1634.0,,2091.0,1621.0,,,,3104.0,2845.0,656.0,,,2929.0,1298.0,3541.0,,,1672.0,,,3063.0,1869.0,3488.0
,1619.0,3254.0,,2810.0,1773.0,,,,448.0,758.0,1826.0,,,620.0,2942.0,3612.0,,,3259.0,,,2111.0,3915.0,1277.0
,1837.0,695.0,,3797.0,602.0,,,,3689.0,228.0,1372.0,,,1160.0,3125.0,222.0,,,2894.0,,,23.0,2824.0,1792.0
,3901.0,3336.0,,1952.0,3805.0,,,,1837.0,604.0,3228.0,,,2825.0,606.0,3586.0,,,562.0,,,3814.0,1923.0,2567.0
,3360.0,2735.0,,3041.0,1444.0,,,,3359.0,2115.0,1142.0,,,739.0,17.0,1903.0,,,1750.0,,,3810.0,1684.0,3282.0
,2386.0,1064.0,,294.0,220.0,,,,1327.0,1397.0,3766.0,,,3648.0,2933.0,3168.0,,,2903.0,,,3866.0,2354.0,1839.0
,1283.0,3013.0,,3308.0,1576.0,,,,97.0,626.0,1858.0,,,3490.0,2457.0,3252.0,,,2347.0,,,2649.0,3349.0,219.0
,2380.0,2124.0,,122.0,1378.0,,,,3490.0,3.0,3341.0,,,2059.0,1444.0,1952.0,,,1096.0,,,3527.0,1993.0,1136.0
,3325.0,200.0,,120.0,512.0,,,,1308.0,1842.0,3339.0,,,3633.0,403.0,1032.0,,,2700.0,,,2297.0,178.0,2630.0
,1483.0,3421.0,,3367.0,1418.0,,,,3474.0,3092.0,1799.0,,,962.0,73.0,436.0,,,396.0,,,539.0,3431.0,2893.0
,3544.0,3472.0,,2535.0,2485.0,,,,502.0,1580.0,1002.0,,,236.0,703.0,1094.0,,,3650.0,,,3033.0,225.0,1571.0
,1181.0,1586.0,,2323.0,1226.0,,,,1622.0,83.0,2768.0,,,2444.0,2545.0,700.0,,,3210.0,,,3082.0,713.0,597.0
,2885.0,2452.0,,1760.0,3488.0,,,,174.0,3640.0,946.0,,,3621.0,561.0,1753.0,,,3316.0,,,2215.0,2877.0,220.0
,1777.0,108.0,,1754.0,2642.0,,,,1042.0,641.0,2886.0,,,1047.0,1066.0,3551.0,,,718.0,,,1128.0,906.0,1607.0
,3510.0,966.0,,3275.0,1269.0,,,,2036.0,3216.0,736.0,,,3831.0,1514.0,2356.0,,,2739.0,,,737.0,572.0,1903.0
,3234.0,3707.0,,3365.0,3037.0,,,,3814.0,3727.0,2502.0,,,2426.0,1289.0,1847.0,,,2570.0,,,692.0,1943.0,3459.0
,735.0,315.0,,3512.0,3385.0,,,,2546.0,2485.0,2574.0,,,865.0,1310.0,1249.0,,,1169.0,,,642.0,988.0,2074.0
,3297.0,3576.0,,1814.0,2635.0,,,,3646.0,1336.0,2675.0,,,438.0,2381.0,592.0,,,133.0,,,2736.0,2986.0,3841.0
,3624.0,2064.0,,66.0,861.0,,,,3674.0,2065.0,2909.0,,,3596.0,3271.0,1385.0,,,3695.0,,,1397.0,2512.0,2960.0
,2434.0,858.0,,242.0,669.0,,,,2413.0,886.0,650.0,,,685.0,2870.0,1298.0,,,2338.0,,,2398.0,3065.0,2279.0
,3441.0,1702.0,,1781.0,1432.0,,,,1552.0,2258.0,1084.0,,,2952.0,2403.0,3608.0,,,2076.0,,,1670.0,2753.0,461.0
,3020.0,1630.0,,1548.0,664.0,,,,3519.0,1648.0,1306.0,,,3009.0,2560.0,3061.0,,,940.0,,,1395.0,664.0,2916.0
,125.0,1802.0,,738.0,3326.0,,,,180.0,307.0,331.0,,,3439.0,2177.0,2256.0,,,464.0,,,1453.0,2509.0,1391.0
,2149.0,3766.0,,650.0,24.0,,,,1824.0,2224.0,2762.0,,,3798.0,1708.0,3308.0,,,1240.0,,,1823.0,2851.0,228.0
,915.0,1651.0,,3875.0,2516.0,,,,1530.0,1223.0,1264.0,,,1337.0,3630.0,1807.0,,,3672.0,,,727.0,2655.0,653.0
,2592.0,2556.0,,3730.0,2238.0,,,,2345.0,2238.0,3272.0,,,2947.0,2038.0,1923.0,,,1870.0,,,1015.0,277.0,2300.0
,3714.0,3026.0,,3468.0,17.0,,,,1915.0,2853.0,517.0,,,384.0,3162.0,2952.0,,,499.0,,,3695.0,3853.0,1613.0
,2345.0,2116.0,,915.0,1934.0,,,,2759.0,2986.0,3353.0,,,2143.0,942.0,1185.0,,,1063.0,,,190.0,400.0,2947.0
,2999.0,149.0,,2474.0,265.0,,,,2969.0,1628.0,3321.0,,,152.0,2837.0,2778.0,,,292.0,,,3314.0,1742.0,1805.0
,2729.0,1945.0,,2502.0,2558.0,,,,3223.0,3084.0,3144.0,,,3163.0,1610.0,3432.0,,,928.0,,,2079.0,904.0,1294.0
,1909.0,843.0,,2957.0,2027.0,,,,2629.0,1778.0,3392.0,,,2582.0,2117.0,2517.0,,,1018.0,,,1661.0,410.0,1535.0
,1791.0,526.0,,2718.0,511.0,,,,2801.0,3875.0,2485.0,,,2545.0,3448.0,2790.0,,,1506.0,,,2186.0,816.0,1210.0
,3530.0,875.0,,1192.0,2938.0,,,,3329.0,1728.0,850.0,,,3651.0,937.0,1644.0,,,2348.0,,,1112.0,1022.0,3694.0
,2563.0,2662.0,,2764.0,1403.0,,,,2410.0,1570.0,1748.0,,,2351.0,3421.0,2520.0,,,2580.0,,,1008.0,2083.0,3051.0
,1044.0,3569.0,,358.0,2766.0,,,,1917.0,17.0,3578.0,,,3025.0,3836.0,1733.0,,,1692.0,,,3044.0,983.0,1526.0
,3017.0,559.0,,1701.0,3562.0,,,,909.0,3291.0,3687.0,,,3821.0,215.0,2170.0,,,2999.0,,,2558.0,2554.0,115.0
,1159.0,1433.0,,115.0,3794.0,,,,3822.0,1898.0,649.0,,,185.0,1560.0,3804.0,,,3771.0,,,278.0,667.0,3492.0
,2373.0,5.0,,517.0,3279.0,,,,1537.0,565.0,883.0,,,2996.0,2579.0,3912.0,,,3015.0,,,3541.0,3553.0,2956.0
,597.0,2828.0,,3006.0,1547.0,,,,2140.0,526.0,3522.0,,,1815.0,1818.0,2022.0,,,2300.0,,,2168.0,2151.0,2176.0
,3454.0,2999.0,,2536.0,637.0,,,,1517.0,931.0,238.0,,,1881.0,2702.0,3098.0,,,403.0,,,3778.0,2046.0,3384.0
,2868.0,2536.0,,3552.0,1723.0,,,,3028.0,140.0,2013.0,,,1121.0,2169.0,3390.0,,,181.0,,,1825.0,698.0,1952.0
,2400.0,2153.0,,2231.0,1623.0,,,,275.0,309.0,252.0,,,257.0,143.0,3604.0,,,3096.0,,,2975.0,2524.0,2938.0
,2783.0,3586.0,,3001.0,1763.0,,,,2384.0,1825.0,3815.0,,,3078.0,1250.0,1447.0,,,374.0,,,503.0,1714.0,3291.0
,2994.0,2737.0,,219.0,423.0,,,,2468.0,3698.0,2317.0,,,1074.0,2513.0,2706.0,,,2893.0,,,2950.0,72.0,3344.0
,1717.0,1498.0,,3519.0,1854.0,,,,1958.0,1637.0,887.0,,,301.0,3556.0,46.0,,,1128.0,,,426.0,2007.0,906.0
,290.0,275.0,,979.0,3214.0,,,,3559.0,78.0,3653.0,,,746.0,3431.0,812.0,,,2774.0,,,3401.0,3313.0,3217.0
,137.0,3762.0,,3019.0,3362.0,,,,3826.0,319.0,385.0,,,1964.0,2147.0,1478.0,,,1774.0,,,1690.0,3469.0,3328.0
,2331.0,1131.0,,3022.0,3342.0,,,,961.0,3478.0,3652.0,,,1948.0,2420.0,1112.0,,,1379.0,,,122.0,2731.0,1010.0
,1183.0,2792.0,,2188.0,1408.0,,,,257.0,1674.0,3881.0,,,2815.0,1028.0,1057.0,,,1001.0,,,1291.0,3756.0,2148.0
,1046.0,2995.0,,3396.0,67.0,,,,3665.0,1364.0,3842.0,,,1637.0,3098.0,2308.0,,,420.0,,,159.0,3789.0,1077.0
,1458.0,3158.0,,553.0,557.0,,,,224.0,984.0,1433.0,,,3356.0,3056.0,3114.0,,,1009.0,,,719.0,2551.0,3057.0
,895.0,1439.0,,686.0,1909.0,,,,450.0,300.0,831.0,,,1235.0,309.0,309.0,,,1166.0,,,1382.0,3109.0,2304.0
,3008.0,1598.0,,240.0,2783.0,,,,1307.0,3598.0,1191.0,,,516.0,2684.0,709.0,,,3354.0,,,3245.0,2695.0,118.0
,1147.0,38.0,,1116.0,2155.0,,,,2165.0,1579.0,1688.0,,,1490.0,280.0,1797.0,,,1859.0,,,1699.0,3327.0,2050.0
,2350.0,870.0,,1131.0,1329.0,,,,3146.0,1233.0,3194.0,,,604.0,583.0,1143.0,,,1130.0,,,699.0,1756.0,3542.0
,1981.0,1453.0,,1052.0,595.0,,,,2111.0,2161.0,2147.0,,,313.0,912.0,1043.0,,,323.0,,,346.0,1698.0,2742.0
,3722.0,3511.0,,919.0,1614.0,,,,1173.0,1769.0,2843.0,,,1687.0,1094.0,324.0,,,2703.0,,,243.0,1659.0,2443.0
,2662.0,3566.0,,3140.0,2047.0,,,,3129.0,1237.0,2816.0,,,797.0,449.0,3632.0,,,3498.0,,,2554.0,3211.0,2519.0
,475.0,2563.0,,2278.0,936.0,,,,3390.0,687.0,412.0,,,1079.0,3233.0,1237.0,,,2303.0,,,1279.0,3765.0,3692.0
,757.0,2108.0,,579.0,2686.0,,,,1477.0,1322.0,166.0,,,3861.0,270.0,488.0,,,1070.0,,,236.0,2801.0,3389.0
,973.0,430.0,,3079.0,1211.0,,,,535.0,3154.0,2415.0,,,318.0,1241.0,2677.0,,,399.0,,,3545.0,2066.0,851.0
,841.0,2651.0,,723.0,1438.0,,,,1843.0,3718.0,1274.0,,,1698.0,3584.0,235.0,,,3861.0,,,1142.0,2847.0,3237.0
,3327.0,1000.0,,1417.0,3332.0,,,,102.0,3800.0,3287.0,,,543.0,316.0,3720.0,,,707.0,,,2299.0,2581.0,81.0
,3579.0,3674.0,,2440.0,2252.0,,,,1018.0,2117.0,1645.0,,,2345.0,1876.0,1522.0,,,2753.0,,,3795.0,1671.0,2282.0
,2002.0,2642.0,,1736.0,3059.0,,,,3471.0,1720.0,3181.0,,,1518.0,2958.0,1838.0,,,1045.0,,,3659.0,1520.0,360.0
,3253.0,96.0,,1328.0,3331.0,,,,2517.0,238.0,440.0,,,2024.0,3008.0,791.0,,,1015.0,,,2777.0,315.0,935.0
,2247.0,2639.0,,293.0,3224.0,,,,924.0,2475.0,1294.0,,,8.0,376.0,3757.0,,,2809.0,,,1947.0,3859.0,3801.0
,2819.0,3005.0,,3774.0,3545.0,,,,2715.0,1918.0,969.0,,,29.0,2582.0,3806.0,,,2880.0,,,2054.0,2368.0,3809.0
,1527.0,2606.0,,727.0,3824.0,,,,1198.0,262.0,2439.0,,,1246.0,1282.0,444.0,,,1798.0,,,3108.0,1625.0,3471.0
,3838.0,2219.0,,288.0,3118.0,,,,277.0,251.0,2110.0,,,651.0,182.0,3481.0,,,122.0,,,3376.0,1892.0,2280.0
,3447.0,717.0,,1567.0,828.0,,,,2917.0,1487.0,2845.0,,,2037.0,369.0,3007.0,,,67.0,,,2680.0,863.0,1728.0
,821.0,3289.0,,3072.0,3819.0,,,,2746.0,73.0,818.0,,,708.0,675.0,1875.0,,,2558.0,,,2830.0,746.0,3722.0
,1832.0,2100.0,,1930.0,3685.0,,,,380.0,3748.0,1866.0,,,742.0,3318.0,1523.0,,,2194.0,,,1120.0,2184.0,2285.0
,324.0,3167.0,,3011.0,2612.0,,,,1246.0,2020.0,1532.0,,,2109.0,2861.0,3260.0,,,2238.0,,,3790.0,505.0,3740.0
,2011.0,2521.0,,749.0,1377.0,,,,2583.0,76.0,3888.0,,,3369.0,1523.0,611.0,,,1241.0,,,210.0,264.0,3436.0
,2343.0,2515.0,,1783.0,3378.0,,,,3824.0,2795.0,461.0,,,1043.0,3395.0,97.0,,,3147.0,,,3451.0,2315.0,261.0
,3720.0,2085.0,,3543.0,2086.0,,,,3005.0,1497.0,3679.0,,,403.0,3690.0,667.0,,,1811.0,,,2026.0,196.0,1307.0
,1014.0,1363.0,,1193.0,415.0,,,,2486.0,2773.0,3244.0,,,2305.0,2194.0,2953.0,,,2006.0,,,3200.0,2223.0,1552.0
,559.0,2623.0,,3435.0,3884.0,,,,862.0,400.0,482.0,,,1566.0,1761.0,801.0,,,169.0,,,984.0,697.0,2974.0
,847.0,346.0,,1610.0,3079.0,,,,1735.0,714.0,1241.0,,,2339.0,2668.0,1109.0,,,2920.0,,,2169.0,346.0,
,1119.0,71.0,,172.0,3784.0,,,,81.0,237.0,3067.0,,,1543.0,3465.0,1457.0,,,2760.0,,,1207.0,620.0,
,514.0,1867.0,,2854.0,2226.0,,,,739.0,3364.0,915.0,,,1099.0,1848.0,1599.0,,,929.0,,,1262.0,923.0,
,43.0,1954.0,,3164.0,3667.0,,,,3419.0,1167.0,3619.0,,,1982.0,381.0,3724.0,,,855.0,,,587.0,890.0,
,2771.0,3197.0,,1167.0,908.0,,,,894.0,3688.0,3831.0,,,2864.0,1433.0,749.0,,,1906.0,,,1403.0,1418.0,
,14.0,684.0,,2991.0,1870.0,,,,2851.0,2557.0,1713.0,,,3556.0,2611.0,2358.0,,,1347.0,,,3528.0,2048.0,
,2249.0,3416.0,,2058.0,431.0,,,,2365.0,1933.0,2685.0,,,3092.0,2011.0,615.0,,,3843.0,,,440.0,2588.0,
,2151.0,3042.0,,931.0,1742.0,,,,685.0,407.0,3584.0,,,3189.0,658.0,317.0,,,343.0,,,3460.0,464.0,
,321.0,1800.0,,1502.0,65.0,,,,438.0,988.0,1284.0,,,1889.0,998.0,876.0,,,945.0,,,1726.0,927.0,
,1866.0,2383.0,,208.0,3818.0,,,,2063.0,2593.0,102.0,,,918.0,99.0,2184.0,,,1215.0,,,3417.0,3812.0,
,3118.0,949.0,,1707.0,791.0,,,,2112.0,1162.0,1785.0,,,280.0,2492.0,1479.0,,,584.0,,,1191.0,466.0,
,1197.0,3425.0,,810.0,3414.0,,,,1887.0,2869.0,42.0,,,268.0,19.0,37.0,,,3265.0,,,3262.0,1357.0,
,1741.0,3420.0,,313.0,1799.0,,,,3894.0,1948.0,674.0,,,1033.0,321.0,1027.0,,,3175.0,,,478.0,987.0,
,384.0,711.0,,3266.0,840.0,,,,3084.0,672.0,276.0,,,1602.0,3156.0,3544.0,,,49.0,,,2136.0,2652.0,
,942.0,1570.0,,925.0,1240.0,,,,388.0,1949.0,735.0,,,740.0,3247.0,815.0,,,2275.0,,,557.0,3448.0,
,2443.0,2560.0,,3176.0,2186.0,,,,2904.0,2680.0,2863.0,,,2446.0,467.0,1416.0,,,3912.0,,,1418.0,2199.0,
,582.0,1641.0,,2948.0,129.0,,,,223.0,1911.0,756.0,,,919.0,1734.0,671.0,,,743.0,,,3771.0,3805.0,
,1860.0,3182.0,,3580.0,3811.0,,,,3524.0,744.0,141.0,,,3148.0,3467.0,62.0,,,1401.0,,,2835.0,1825.0,
,3543.0,795.0,,1579.0,365.0,,,,2436.0,3112.0,3511.0,,,272.0,2757.0,2598.0,,,1271.0,,,584.0,1225.0,
,918.0,3617.0,,155.0,45.0,,,,2612.0,394.0,3775.0,,,2786.0,76.0,1049.0,,,1964.0,,,643.0,3170.0,
,2623.0,1071.0,,3663.0,899.0,,,,2437.0,179.0,552.0,,,2344.0,834.0,3736.0,,,2932.0,,,2252.0,1804.0,
,1628.0,1038.0,,1492.0,1117.0,,,,1727.0,3590.0,1978.0,,,1146.0,1901.0,3005.0,,,824.0,,,3292.0,3640.0,
,822.0,828.0,,630.0,2694.0,,,,1592.0,639.0,3422.0,,,2692.0,2432.0,1576.0,,,3441.0,,,903.0,1493.0,
,112.0,1130.0,,3469.0,2408.0,,,,2595.0,2368.0,622.0,,,1168.0,2741.0,3687.0,,,3533.0,,,3532.0,407.0,
,2702.0,2652.0,,3048.0,345.0,,,,2421.0,965.0,2607.0,,,678.0,1407.0,221.0,,,2713.0,,,2201.0,395.0,
,2107.0,2951.0,,423.0,1402.0,,,,373.0,3057.0,701.0,,,3380.0,867.0,1068.0,,,223.0,,,897.0,57.0,
,1158.0,2014.0,,334.0,290.0,,,,713.0,3779.0,1079.0,,,3542.0,399.0,2150.0,,,1360.0,,,306.0,3894.0,
,297.0,705.0,,471.0,794.0,,,,3459.0,798.0,2473.0,,,2392.0,1609.0,3477.0,,,3778.0,,,3006.0,1499.0,
,3807.0,1021.0,,1280.0,1230.0,,,,2472.0,146.0,1680.0,,,1254.0,3362.0,888.0,,,2413.0,,,1792.0,3476.0,
,2355.0,3841.0,,672.0,307.0,,,,2500.0,325.0,3709.0,,,170.0,681.0,3464.0,,,2864.0,,,3643.0,3118.0,
,2282.0,1284.0,,3182.0,678.0,,,,1170.0,1298.0,217.0,,,2808.0,3733.0,2345.0,,,96.0,,,3526.0,1366.0,
,108.0,2320.0,,2236.0,1930.0,,,,619.0,2149.0,1364.0,,,1103.0,452.0,383.0,,,1513.0,,,1645.0,321.0,
,1679.0,3217.0,,3578.0,1483.0,,,,1493.0,1840.0,1232.0,,,2657.0,2778.0,1714.0,,,1966.0,,,3246.0,2886.0,
,532.0,3386.0,,1868.0,1276.0,,,,2615.0,1753.0,776.0,,,283.0,26.0,3576.0,,,1731.0,,,3859.0,672.0,
,1133.0,3380.0,,1165.0,3148.0,,,,2418.0,3253.0,2255.0,,,1218.0,3844.0,1245.0,,,1904.0,,,3504.0,1717.0,
,2880.0,3431.0,,2223.0,884.0,,,,804.0,1069.0,2276.0,,,308.0,396.0,1840.0,,,2697.0,,,649.0,3110.0,
,3347.0,3058.0,,3310.0,2119.0,,,,181.0,691.0,3317.0,,,2256.0,844.0,174.0,,,1573.0,,,1514.0,96.0,
,2240.0,2325.0,,843.0,3598.0,,,,631.0,953.0,3758.0,,,2172.0,3070.0,3901.0,,,260.0,,,3473.0,2605.0,
,997.0,296.0,,3906.0,2554.0,,,,2094.0,2167.0,729.0,,,3089.0,3867.0,1205.0,,,380.0,,,3595.0,3854.0,
,2381.0,1397.0,,1026.0,1520.0,,,,694.0,3205.0,1253.0,,,501.0,2875.0,1472.0,,,969.0,,,1227.0,2831.0,
,489.0,396.0,,1902.0,1121.0,,,,2519.0,450.0,406.0,,,3626.0,53.0,2463.0,,,1540.0,,,1683.0,2657.0,
,2088.0,1073.0,,1879.0,1455.0,,,,155.0,40.0,3784.0,,,1855.0,1363.0,3864.0,,,2295.0,,,3733.0,2791.0,
,964.0,1319.0,,1743.0,2842.0,,,,2336.0,1953.0,1787.0,,,992.0,914.0,494.0,,,3264.0,,,2925.0,2602.0,
,332.0,1610.0,,674.0,2283.0,,,,3579.0,1571.0,1415.0,,,3664.0,3187.0,3502.0,,,856.0,,,3007.0,2728.0,
,523.0,2513.0,,246.0,2434.0,,,,1075.0,3191.0,3079.0,,,1733.0,2673.0,1837.0,,,2147.0,,,3551.0,3418.0,
,3157.0,28.0,,3397.0,114.0,,,,3466.0,2818.0,2887.0,,,43.0,2393.0,61.0,,,386.0,,,173.0,3470.0,
,1901.0,3550.0,,1296.0,3555.0,,,,182.0,972.0,2866.0,,,1338.0,749.0,413.0,,,384.0,,,1984.0,1444.0,
,1620.0,1969.0,,3220.0,757.0,,,,263.0,2150.0,2924.0,,,3341.0,1882.0,1088.0,,,826.0,,,625.0,3641.0,
,3095.0,696.0,,232.0,3133.0,,,,1948.0,592.0,3724.0,,,2779.0,2054.0,2270.0,,,2953.0,,,3530.0,1167.0,
,283.0,20.0,,2714.0,445.0,,,,1668.0,2938.0,3410.0,,,2480.0,1689.0,3088.0,,,2329.0,,,320.0,1478.0,
,2022.0,628.0,,3540.0,3613.0,,,,2302.0,1523.0,3471.0,,,788.0,2781.0,2135.0,,,2796.0,,,3165.0,461.0,
,2719.0,3512.0,,1935.0,1734.0,,,,805.0,1883.0,1258.0,,,2636.0,1430.0,2739.0,,,1716.0,,,1431.0,861.0,
,3165.0,3245.0,,3559.0,3483.0,,,,2143.0,2275.0,2932.0,,,2073.0,2587.0,827.0,,,26.0,,,617.0,3614.0,
,3731.0,2280.0,,706.0,2064.0,,,,3276.0,942.0,295.0,,,307.0,1543.0,2214.0,,,3727.0,,,3382.0,1724.0,
,1316.0,3639.0,,2317.0,390.0,,,,1105.0,58.0,565.0,,,527.0,1328.0,3436.0,,,3393.0,,,971.0,293.0,
,167.0,1958.0,,2127.0,2688.0,,,,1279.0,3563.0,3425.0,,,910.0,1432.0,3902.0,,,503.0,,,1893.0,3075.0,
,1780.0,2979.0,,2763.0,2456.0,,,,782.0,2082.0,2424.0,,,1777.0,3291.0,2140.0,,,1936.0,,,3100.0,2220.0,
,1799.0,462.0,,3474.0,1280.0,,,,3556.0,2373.0,2749.0,,,2749.0,3275.0,778.0,,,2125.0,,,2255.0,1782.0,
,2148.0,1993.0,,2780.0,1006.0,,,,1435.0,1891.0,2221.0,,,3449.0,2401.0,1432.0,,,1982.0,,,3723.0,3436.0,
,2630.0,879.0,,847.0,646.0,,,,3218.0,1574.0,3812.0,,,816.0,3692.0,398.0,,,3682.0,,,3080.0,3863.0,
,3553.0,177.0,,27.0,1400.0,,,,3376.0,1815.0,2824.0,,,660.0,3005.0,126.0,,,3492.0,,,2629.0,3864.0,
,3103.0,3279.0,,3281.0,3046.0,,,,1149.0,528.0,3212.0,,,1376.0,3558.0,2052.0,,,2797.0,,,3565.0,2117.0,
,1971.0,1332.0,,3433.0,769.0,,,,3725.0,2304.0,2410.0,,,2139.0,3834.0,2910.0,,,522.0,,,1374.0,405.0,
,3806.0,2482.0,,3315.0,2388.0,,,,358.0,47.0,618.0,,,3064.0,1659.0,3043.0,,,360.0,,,2706.0,1847.0,
,443.0,1208.0,,1911.0,3491.0,,,,2643.0,2168.0,2251.0,,,734.0,428.0,2196.0,,,842.0,,,3094.0,1538.0,
,2459.0,1943.0,,2165.0,935.0,,,,1718.0,3001.0,405.0,,,996.0,3109.0,3228.0,,,332.0,,,153.0,641.0,
,2813.0,765.0,,3270.0,842.0,,,,2962.0,612.0,3077.0,,,306.0,3664.0,774.0,,,639.0,,,1280.0,1232.0,
,2594.0,2768.0,,2812.0,3403.0,,,,384.0,3554.0,3669.0,,,1711.0,1467.0,3160.0,,,437.0,,,878.0,2578.0,
,3076.0,255.0,,598.0,3278.0,,,,2392.0,2008.0,1190.0,,,3636.0,1089.0,1707.0,,,1863.0,,,1322.0,376.0,
,3550.0,3034.0,,1037.0,234.0,,,,3192.0,3759.0,519.0,,,3443.0,3016.0,1133.0,,,491.0,,,3513.0,592.0,
,1969.0,962.0,,3592.0,2302.0,,,,2703.0,1798.0,1376.0,,,168.0,895.0,403.0,,,594.0,,,3791.0,2157.0,
,651.0,3631.0,,1488.0,744.0,,,,365.0,709.0,3733.0,,,1594.0,3681.0,2609.0,,,3246.0,,,3071.0,1180.0,
,3257.0,1616.0,,3167.0,82.0,,,,248.0,678.0,2695.0,,,1373.0,547.0,3140.0,,,2018.0,,,1702.0,3821.0,
,3081.0,83.0,,3671.0,548.0,,,,1742.0,2922.0,2726.0,,,3827.0,1050.0,2107.0,,,3543.0,,,2697.0,209.0,
,3803.0,2758.0,,1942.0,1828.0,,,,1288.0,2245.0,2890.0,,,1952.0,580.0,113.0,,,3039.0,,,2667.0,554.0,
,187.0,649.0,,740.0,3471.0,,,,2659.0,1499.0,3433.0,,,64.0,337.0,3640.0,,,3739.0,,,630.0,2610.0,
,767.0,2847.0,,2670.0,2111.0,,,,2691.0,242.0,1363.0,,,73.0,897.0,681.0,,,2270.0,,,3776.0,1298.0,
,2310.0,2262.0,,2081.0,69.0,,,,2682.0,3501.0,620.0,,,450.0,5.0,152.0,,,1826.0,,,1069.0,2684.0,
,336.0,150.0,,2116.0,815.0,,,,3405.0,1938.0,3276.0,,,871.0,3382.0,771.0,,,1744.0,,,369.0,2312.0,
,3191.0,2822.0,,1508.0,679.0,,,,2420.0,2480.0,2202.0,,,1226.0,718.0,2321.0,,,3266.0,,,1531.0,238.0,
,681.0,1139.0,,3212.0,3260.0,,,,2868.0,1943.0,1935.0,,,3393.0,3310.0,90.0,,,774.0,,,1492.0,961.0,
,1539.0,167.0,,3776.0,338.0,,,,3863.0,1668.0,2307.0,,,3771.0,822.0,2098.0,,,1177.0,,,402.0,2914.0,
,3561.0,1079.0,,1075.0,2730.0,,,,3202.0,1157.0,2681.0,,,1294.0,1982.0,1411.0,,,3751.0,,,596.0,2636.0,
,2074.0,2426.0,,3653.0,3524.0,,,,929.0,719.0,1591.0,,,361.0,3500.0,2294.0,,,196.0,,,3445.0,3003.0,
,2183.0,2177.0,,1173.0,2528.0,,,,986.0,2201.0,671.0,,,278.0,3111.0,915.0,,,1914.0,,,884.0,2938.0,
,1349.0,1578.0,,1089.0,1372.0,,,,1471.0,1008.0,3796.0,,,3891.0,3365.0,1208.0,,,2957.0,,,2194.0,3154.0,
,2846.0,2957.0,,945.0,1827.0,,,,225.0,3227.0,698.0,,,2837.0,3494.0,2445.0,,,2285.0,,,762.0,352.0,
,3563.0,3696.0,,1573.0,2466.0,,,,2383.0,715.0,1742.0,,,1228.0,2991.0,1850.0,,,819.0,,,233.0,3610.0,
,1661.0,2753.0,,800.0,58.0,,,,2628.0,3026.0,3528.0,,,3909.0,423.0,2100.0,,,3625.0,,,1248.0,311.0,
,484.0,3038.0,,2696.0,1265.0,,,,570.0,2959.0,1507.0,,,2081.0,1635.0,196.0,,,1476.0,,,961.0,3159.0,
,2192.0,1350.0,,2695.0,2676.0,,,,1213.0,2648.0,38.0,,,3179.0,2621.0,415.0,,,1837.0,,,2702.0,908.0,
,510.0,1847.0,,839.0,1668.0,,,,1645.0,3423.0,2591.0,,,3098.0,1828.0,1924.0,,,2009.0,,,2128.0,382.0,
,2225.0,2604.0,,2726.0,3690.0,,,,1771.0,557.0,3102.0,,,1736.0,540.0,1829.0,,,416.0,,,1425.0,2256.0,
,472.0,1356.0,,2657.0,1274.0,,,,324.0,1345.0,936.0,,,511.0,635.0,593.0,,,3779.0,,,1523.0,1391.0,
,1554.0,446.0,,1486.0,42.0,,,,1543.0,2863.0,1014.0,,,648.0,702.0,355.0,,,3418.0,,,2393.0,297.0,
,3518.0,400.0,,2523.0,2455.0,,,,3802.0,3091.0,2292.0,,,3617.0,1754.0,1318.0,,,1685.0,,,1820.0,1850.0,
,3024.0,1801.0,,1633.0,3416.0,,,,1430.0,2182.0,3397.0,,,744.0,3407.0,2749.0,,,2565.0,,,3405.0,363.0,
,3096.0,451.0,,3800.0,997.0,,,,3274.0,2708.0,346.0,,,3259.0,1977.0,106.0,,,367.0,,,3055.0,2287.0,
,3453.0,706.0,,1558.0,2549.0,,,,1787.0,3830.0,731.0,,,3495.0,1540.0,84.0,,,3633.0,,,572.0,2609.0,
,2671.0,1844.0,,2473.0,745.0,,,,2618.0,1062.0,900.0,,,406.0,3404.0,539.0,,,1989.0,,,2404.0,1592.0,
,54.0,1607.0,,1653.0,417.0,,,,1017.0,3271.0,2581.0,,,234.0,2441.0,1126.0,,,602.0,,,1026.0,610.0,
,3715.0,2471.0,,2484.0,3.0,,,,385.0,2726.0,3409.0,,,3841.0,2021.0,585.0,,,3235.0,,,756.0,1826.0,
,2924.0,17.0,,1795.0,2199.0,,,,2623.0,3005.0,2477.0,,,2999.0,2770.0,3798.0,,,1928.0,,,1922.0,2567.0,
,3654.0,1248.0,,500.0,478.0,,,,2569.0,2612.0,3786.0,,,1223.0,247.0,2391.0,,,545.0,,,3002.0,3359.0,
,3375.0,265.0,,993.0,247.0,,,,3902.0,142.0,459.0,,,576.0,3033.0,789.0,,,2579.0,,,161.0,942.0,
,2704.0,166.0,,3479.0,2441.0,,,,2885.0,2942.0,2519.0,,,567.0,3744.0,848.0,,,391.0,,,462.0,17.0,
,3034.0,1999.0,,1946.0,3580.0,,,,2777.0,995.0,647.0,,,599.0,3635.0,2224.0,,,999.0,,,3280.0,3847.0,
,1394.0,2519.0,,529.0,53.0,,,,2713.0,3042.0,1870.0,,,3361.0,1247.0,858.0,,,117.0,,,1098.0,3480.0,
,315.0,2854.0,,8.0,2653.0,,,,3124.0,3292.0,3889.0,,,3115.0,1130.0,3138.0,,,611.0,,,2023.0,1754.0,
,1553.0,305.0,,1461.0,3408.0,,,,1059.0,2600.0,2643.0,,,2919.0,154.0,250.0,,,2364.0,,,3105.0,3649.0,
,3018.0,2036.0,,2624.0,903.0,,,,925.0,1101.0,3706.0,,,1925.0,661.0,1863.0,,,1102.0,,,3465.0,582.0,
,3154.0,3679.0,,2002.0,464.0,,,,1261.0,1464.0,2295.0,,,3014.0,2554.0,2157.0,,,3126.0,,,1873.0,3519.0,
,2925.0,3084.0,,3106.0,3644.0,,,,998.0,1832.0,453.0,,,3382.0,1830.0,1937.0,,,3361.0,,,24.0,1663.0,
,843.0,512.0,,336.0,1183.0,,,,2254.0,1584.0,1528.0,,,2653.0,695.0,3674.0,,,3485.0,,,3229.0,2051.0,
,3592.0,1054.0,,1244.0,3078.0,,,,684.0,2665.0,888.0,,,2513.0,2725.0,1080.0,,,1075.0,,,2281.0,3730.0,
,1838.0,2788.0,,1120.0,3275.0,,,,106.0,2543.0,2234.0,,,1403.0,1297.0,2773.0,,,29.0,,,3564.0,3337.0,
,2070.0,702.0,,3699.0,1794.0,,,,2566.0,2419.0,3685.0,,,2956.0,2320.0,1040.0,,,395.0,,,3505.0,1404.0,
,1963.0,2192.0,,870.0,1164.0,,,,2285.0,958.0,2296.0,,,420.0,2965.0,3787.0,,,1629.0,,,3752.0,1743.0,
,830.0,168.0,,1675.0,207.0,,,,853.0,3721.0,3773.0,,,103.0,212.0,3723.0,,,556.0,,,2990.0,454.0,
,3504.0,2660.0,,162.0,1180.0,,,,2016.0,3249.0,3393.0,,,1084.0,3080.0,1098.0,,,466.0,,,2212.0,2846.0,
,549.0,3318.0,,2250.0,2787.0,,,,3429.0,737.0,1039.0,,,22.0,3289.0,2362.0,,,1351.0,,,3248.0,1119.0,
,1781.0,1542.0,,3213.0,3602.0,,,,3241.0,3330.0,1545.0,,,2003.0,3436.0,2311.0,,,168.0,,,3181.0,3682.0,
,867.0,2841.0,,2608.0,2613.0,,,,2941.0,3383.0,3801.0,,,3400.0,971.0,1709.0,,,961.0,,,2443.0,2674.0,
,1404.0,672.0,,741.0,3351.0,,,,1840.0,3155.0,664.0,,,2760.0,3419.0,1092.0,,,287.0,,,3478.0,1239.0,
,1074.0,321.0,,988.0,1551.0,,,,1415.0,334.0,2958.0,,,1787.0,3391.0,1515.0,,,2038.0,,,2137.0,3571.0,
,2279.0,3094.0,,141.0,3428.0,,,,2982.0,1587.0,1067.0,,,2155.0,3004.0,326.0,,,282.0,,,1647.0,3447.0,
,3321.0,2006.0,,3392.0,3754.0,,,,132.0,994.0,3389.0,,,1375.0,602.0,660.0,,,157.0,,,1023.0,3734.0,
,1056.0,3902.0,,3773.0,2820.0,,,,347.0,2936.0,3458.0,,,213.0,2101.0,2854.0,,,3131.0,,,1555.0,877.0,
,3742.0,550.0,,2498.0,1957.0,,,,1214.0,2542.0,3628.0,,,1252.0,2893.0,2476.0,,,1308.0,,,1136.0,2906.0,
,568.0,2122.0,,1299.0,2129.0,,,,2340.0,3060.0,2113.0,,,790.0,2137.0,733.0,,,1003.0,,,1540.0,2661.0,
,2013.0,3461.0,,1351.0,1075.0,,,,1849.0,160.0,2260.0,,,1587.0,1440.0,572.0,,,3552.0,,,3499.0,1806.0,
,1356.0,1379.0,,820.0,3632.0,,,,2008.0,247.0,185.0,,,949.0,3513.0,19.0,,,861.0,,,1611.0,848.0,
,1447.0,3646.0,,3818.0,2785.0,,,,2793.0,2802.0,3233.0,,,1420.0,238.0,366.0,,,327.0,,,789.0,1870.0,
,3538.0,2963.0,,248.0,2150.0,,,,1272.0,1683.0,72.0,,,876.0,642.0,487.0,,,1556.0,,,2441.0,3392.0,
,2528.0,1644.0,,3448.0,55.0,,,,3817.0,1845.0,125.0,,,3100.0,1553.0,3560.0,,,2952.0,,,348.0,3312.0,
,1177.0,259.0,,1750.0,918.0,,,,1457.0,278.0,1485.0,,,3066.0,2035.0,1454.0,,,2870.0,,,2939.0,1976.0,
,3093.0,3176.0,,74.0,2895.0,,,,2134.0,705.0,869.0,,,1768.0,1378.0,2453.0,,,1845.0,,,1974.0,2050.0,
,413.0,3287.0,,2949.0,3634.0,,,,1341.0,574.0,164.0,,,2527.0,1083.0,3779.0,,,3756.0,,,1462.0,994.0,
,818.0,1793.0,,3836.0,2743.0,,,,3440.0,15.0,2857.0,,,1734.0,836.0,2777.0,,,719.0,,,68.0,3087.0,
,3434.0,1822.0,,965.0,938.0,,,,931.0,1393.0,1783.0,,,3710.0,804.0,3766.0,,,3410.0,,,3668.0,2380.0,
,18.0,1755.0,,2756.0,3499.0,,,,3343.0,1344.0,3657.0,,,2071.0,1558.0,2357.0,,,3601.0,,,3119.0,3677.0,
,1338.0,2083.0,,2531.0,3182.0,,,,3136.0,1831.0,3516.0,,,888.0,3046.0,1335.0,,,2828.0,,,230.0,3054.0,
,1973.0,1746.0,,1892.0,2072.0,,,,2974.0,374.0,3430.0,,,2706.0,2990.0,2165.0,,,1002.0,,,3644.0,2461.0,
,2332.0,2843.0,,280.0,1529.0,,,,,2744.0,139.0,,,1613.0,39.0,3213.0,,,3315.0,,,877.0,2926.0,
,1770.0,3221.0,,732.0,2337.0,,,,,1910.0,623.0,,,347.0,2858.0,1477.0,,,3347.0,,,1704.0,2741.0,
,2395.0,1856.0,,107.0,1906.0,,,,,1199.0,215.0,,,3551.0,3152.0,3796.0,,,2831.0,,,71.0,1767.0,
,9.0,2412.0,,3236.0,3292.0,,,,,3052.0,582.0,,,3060.0,290.0,1970.0,,,167.0,,,1588.0,222.0,
,2091.0,3390.0,,2148.0,1040.0,,,,,2710.0,2258.0,,,2678.0,2729.0,1013.0,,,953.0,,,3158.0,2694.0,
,3605.0,2147.0,,3601.0,3399.0,,,,,854.0,2551.0,,,445.0,659.0,2595.0,,,2280.0,,,3452.0,855.0,
,2817.0,2349.0,,2643.0,184.0,,,,,3223.0,2979.0,,,14.0,3319.0,2596.0,,,2681.0,,,3879.0,498.0,
,1937.0,3337.0,,3300.0,2422.0,,,,,2138.0,1996.0,,,2950.0,464.0,1308.0,,,1613.0,,,1212.0,3274.0,
,173.0,3547.0,,1387.0,383.0,,,,,622.0,338.0,,,1430.0,2694.0,3199.0,,,3567.0,,,427.0,740.0,
,83.0,3037.0,,2607.0,2774.0,,,,,2590.0,108.0,,,607.0,2423.0,1703.0,,,3653.0,,,1904.0,3701.0,
,521.0,1316.0,,133.0,2553.0,,,,,963.0,3095.0,,,1212.0,1031.0,40.0,,,2754.0,,,271.0,3391.0,
,2181.0,1528.0,,3746.0,375.0,,,,,2351.0,2168.0,,,3040.0,382.0,2649.0,,,2515.0,,,1839.0,343.0,
,2455.0,811.0,,1976.0,3168.0,,,,,19.0,1238.0,,,2130.0,1422.0,1700.0,,,2318.0,,,227.0,1210.0,
,3344.0,298.0,,2710.0,449.0,,,,,3169.0,1914.0,,,921.0,2383.0,3844.0,,,3709.0,,,679.0,3031.0,
,3078.0,1122.0,,2956.0,3802.0,,,,,2587.0,2376.0,,,395.0,2926.0,54.0,,,409.0,,,2494.0,2751.0,
,1999.0,277.0,,1717.0,1702.0,,,,,3531.0,3797.0,,,1631.0,756.0,1531.0,,,1544.0,,,3839.0,1339.0,
,2522.0,245.0,,3731.0,2179.0,,,,,2907.0,3882.0,,,2045.0,2285.0,2800.0,,,3172.0,,,3663.0,1678.0,
,2728.0,2973.0,,2507.0,2721.0,,,,,2472.0,2313.0,,,1556.0,3370.0,2007.0,,,1782.0,,,2484.0,2903.0,
,2391.0,648.0,,2288.0,34.0,,,,,1591.0,686.0,,,2237.0,1972.0,2133.0,,,2975.0,,,483.0,535.0,
,2790.0,3911.0,,555.0,194.0,,,,,2381.0,3279.0,,,3191.0,1664.0,3003.0,,,2495.0,,,3836.0,2635.0,
,1730.0,3446.0,,1203.0,1920.0,,,,,2840.0,2950.0,,,1048.0,2593.0,3683.0,,,2452.0,,,3647.0,2183.0,
,636.0,2818.0,,1276.0,662.0,,,,,1639.0,3292.0,,,1318.0,2089.0,480.0,,,3500.0,,,734.0,2251.0,
,586.0,608.0,,50.0,2373.0,,,,,1148.0,1615.0,,,3080.0,762.0,1458.0,,,3341.0,,,1353.0,3194.0,
,3010.0,3652.0,,1755.0,3808.0,,,,,1442.0,1251.0,,,3125.0,1124.0,168.0,,,2890.0,,,1905.0,790.0,
,3603.0,1952.0,,1458.0,3028.0,,,,,3570.0,2179.0,,,2709.0,962.0,3092.0,,,2030.0,,,1842.0,1599.0,
,1996.0,3672.0,,818.0,1123.0,,,,,2672.0,2641.0,,,3150.0,106.0,406.0,,,2823.0,,,2132.0,212.0,
,75.0,278.0,,2328.0,1541.0,,,,,3088.0,307.0,,,3113.0,75.0,1189.0,,,1602.0,,,198.0,121.0,
,1911.0,616.0,,3620.0,1747.0,,,,,1888.0,407.0,,,2401.0,2342.0,12.0,,,3104.0,,,323.0,312.0,
,2585.0,1666.0,,3904.0,301.0,,,,,25.0,2528.0,,,2379.0,2150.0,1746.0,,,262.0,,,1918.0,2780.0,
,1124.0,3331.0,,3042.0,2524.0,,,,,3274.0,789.0,,,3283.0,2412.0,2212.0,,,2261.0,,,958.0,548.0,
,296.0,3756.0,,3669.0,1618.0,,,,,802.0,580.0,,,2832.0,2511.0,1991.0,,,3541.0,,,2184.0,1044.0,
,2190.0,1949.0,,1226.0,1105.0,,,,,3774.0,3154.0,,,439.0,2497.0,1233.0,,,2673.0,,,455.0,2770.0,
,2137.0,514.0,,3674.0,1928.0,,,,,1735.0,3866.0,,,1652.0,3760.0,3276.0,,,2795.0,,,1115.0,3688.0,
,2897.0,1372.0,,484.0,868.0,,,,,1214.0,851.0,,,3250.0,475.0,2553.0,,,3168.0,,,3124.0,2250.0,
,1615.0,3498.0,,1159.0,1789.0,,,,,3555.0,1696.0,,,3340.0,2506.0,1874.0,,,981.0,,,1139.0,571.0,
,3649.0,3913.0,,3817.0,3034.0,,,,,2641.0,3768.0,,,1087.0,2961.0,1684.0,,,3137.0,,,3784.0,2923.0,
,596.0,620.0,,2519.0,1396.0,,,,,3413.0,3229.0,,,2240.0,282.0,1231.0,,,1977.0,,,720.0,75.0,
,202.0,3759.0,,3753.0,3181.0,,,,,3283.0,779.0,,,649.0,3858.0,1624.0,,,1421.0,,,2993.0,2392.0,
,861.0,851.0,,2888.0,1988.0,,,,,3672.0,1988.0,,,2376.0,2625.0,2582.0,,,2093.0,,,2686.0,1482.0,
,1203.0,1195.0,,2385.0,1080.0,,,,,745.0,3289.0,,,988.0,2019.0,319.0,,,1508.0,,,2459.0,3625.0,
,238.0,545.0,,2641.0,3740.0,,,,,941.0,1490.0,,,50.0,3190.0,3332.0,,,1695.0,,,2166.0,971.0,
,1452.0,3697.0,,874.0,1005.0,,,,,1819.0,2404.0,,,1434.0,3447.0,456.0,,,336.0,,,3632.0,3910.0,
,2935.0,3780.0,,1033.0,1607.0,,,,,2842.0,3857.0,,,3800.0,2631.0,800.0,,,248.0,,,360.0,2405.0,
,1402.0,3777.0,,2557.0,1802.0,,,,,401.0,1278.0,,,663.0,2935.0,1453.0,,,3414.0,,,661.0,864.0,
,163.0,1374.0,,2987.0,2585.0,,,,,3200.0,1606.0,,,1014.0,1138.0,1656.0,,,3787.0,,,51.0,3888.0,
,3394.0,2934.0,,1.0,481.0,,,,,1671.0,1500.0,,,2615.0,209.0,1061.0,,,184.0,,,1770.0,2501.0,
,938.0,2447.0,,2882.0,734.0,,,,,168.0,3020.0,,,680.0,429.0,787.0,,,2530.0,,,1278.0,985.0,
,2695.0,3010.0,,2326.0,3420.0,,,,,1529.0,1983.0,,,3155.0,2212.0,576.0,,,1138.0,,,2402.0,811.0,
,3694.0,2074.0,,3202.0,1466.0,,,,,2063.0,192.0,,,483.0,1466.0,3254.0,,,662.0,,,876.0,1394.0,
,3686.0,2801.0,,15.0,273.0,,,,,2865.0,1379.0,,,2666.0,929.0,3461.0,,,1638.0,,,2197.0,1888.0,
,3860.0,3857.0,,1166.0,2860.0,,,,,127.0,2031.0,,,442.0,2071.0,1905.0,,,177.0,,,900.0,3762.0,
,2557.0,688.0,,2156.0,1864.0,,,,,2949.0,1759.0,,,3491.0,2614.0,2001.0,,,2426.0,,,3552.0,859.0,
,2882.0,3447.0,,2760.0,747.0,,,,,2279.0,1994.0,,,2291.0,1866.0,3618.0,,,2781.0,,,2117.0,1752.0,
,3444.0,3555.0,,1229.0,306.0,,,,,1514.0,1729.0,,,1152.0,2924.0,940.0,,,3780.0,,,999.0,3358.0,
,3594.0,685.0,,2989.0,1321.0,,,,,1040.0,3702.0,,,1983.0,1047.0,884.0,,,2857.0,,,2953.0,1271.0,
,2558.0,2886.0,,2665.0,2529.0,,,,,807.0,2661.0,,,2016.0,3912.0,3082.0,,,2694.0,,,3001.0,809.0,
,2146.0,1580.0,,830.0,1866.0,,,,,287.0,1580.0,,,1144.0,2733.0,1593.0,,,759.0,,,350.0,237.0,
,1644.0,2087.0,,2724.0,2121.0,,,,,1009.0,1276.0,,,3275.0,2521.0,753.0,,,2846.0,,,3568.0,1832.0,
,659.0,2895.0,,3651.0,3853.0,,,,,2888.0,3266.0,,,252.0,1586.0,3839.0,,,3408.0,,,2429.0,3845.0,
,1984.0,509.0,,1444.0,3473.0,,,,,2282.0,2927.0,,,1966.0,850.0,1734.0,,,2341.0,,,188.0,2748.0,
,3872.0,940.0,,778.0,2736.0,,,,,3018.0,3481.0,,,3721.0,3153.0,468.0,,,1858.0,,,1833.0,1548.0,
,2131.0,1280.0,,3437.0,1822.0,,,,,230.0,1763.0,,,3753.0,3438.0,163.0,,,3417.0,,,3705.0,3684.0,
,2464.0,3543.0,,2572.0,1530.0,,,,,848.0,15.0,,,2303.0,1259.0,2504.0,,,70.0,,,865.0,1241.0,
,1167.0,2167.0,,439.0,3451.0,,,,,1519.0,3201.0,,,1886.0,1244.0,952.0,,,3010.0,,,1848.0,1466.0,
,1217.0,2469.0,,1379.0,3693.0,,,,,1731.0,2387.0,,,1703.0,3759.0,1525.0,,,286.0,,,2147.0,3320.0,
,2205.0,428.0,,3499.0,1384.0,,,,,2016.0,564.0,,,3117.0,3720.0,1578.0,,,2731.0,,,1786.0,3541.0,
,3536.0,3805.0,,114.0,434.0,,,,,2737.0,2194.0,,,3412.0,2985.0,1482.0,,,2003.0,,,3683.0,3053.0,
,619.0,3747.0,,3689.0,583.0,,,,,1540.0,3030.0,,,110.0,1024.0,2003.0,,,462.0,,,2590.0,2381.0,
,352.0,2252.0,,1028.0,2904.0,,,,,928.0,3097.0,,,1255.0,1807.0,1832.0,,,444.0,,,3630.0,1813.0,
,825.0,2864.0,,637.0,2181.0,,,,,2811.0,1515.0,,,987.0,901.0,1065.0,,,52.0,,,562.0,3591.0,
,1763.0,3812.0,,154.0,1562.0,,,,,2964.0,190.0,,,2298.0,1005.0,1842.0,,,2156.0,,,3580.0,3427.0,
,2127.0,3788.0,,2276.0,1899.0,,,,,3431.0,2795.0,,,2882.0,144.0,2546.0,,,3371.0,,,861.0,3877.0,
,2290.0,2996.0,,2505.0,3204.0,,,,,794.0,1979.0,,,2987.0,3662.0,2826.0,,,3273.0,,,1066.0,2777.0,
,3329.0,1088.0,,3703.0,3694.0,,,,,3422.0,1307.0,,,192.0,526.0,866.0,,,76.0,,,1343.0,177.0,
,3123.0,2121.0,,3909.0,1350.0,,,,,2673.0,3837.0,,,2701.0,172.0,1613.0,,,2395.0,,,1793.0,3146.0,
,3630.0,2508.0,,383.0,1875.0,,,,,1589.0,196.0,,,90.0,1686.0,3119.0,,,3427.0,,,1799.0,1523.0,
,949.0,459.0,,1402.0,2703.0,,,,,2560.0,2728.0,,,2696.0,2318.0,3465.0,,,1120.0,,,2172.0,549.0,
,2959.0,2290.0,,2355.0,1865.0,,,,,3180.0,2457.0,,,3158.0,2434.0,1908.0,,,2142.0,,,1145.0,289.0,
,3247.0,1279.0,,449.0,544.0,,,,,902.0,1478.0,,,627.0,1993.0,3215.0,,,1162.0,,,1471.0,3630.0,
,3915.0,182.0,,2121.0,2461.0,,,,,3337.0,529.0,,,2326.0,527.0,213.0,,,3344.0,,,2555.0,2631.0,
,2141.0,517.0,,3208.0,2331.0,,,,,299.0,3802.0,,,3438.0,1232.0,3532.0,,,701.0,,,2223.0,1283.0,
,3495.0,1701.0,,3779.0,269.0,,,,,3879.0,3335.0,,,150.0,229.0,2890.0,,,1677.0,,,2504.0,3908.0,
,2870.0,2005.0,,13.0,2210.0,,,,,3251.0,2465.0,,,273.0,35.0,3393.0,,,1881.0,,,2857.0,2401.0,
,3196.0,1024.0,,557.0,1038.0,,,,,2319.0,3264.0,,,3907.0,1450.0,820.0,,,3732.0,,,1534.0,1987.0,
,3266.0,1345.0,,1537.0,2539.0,,,,,1232.0,651.0,,,822.0,707.0,2506.0,,,1830.0,,,2.0,3384.0,
,2946.0,670.0,,486.0,72.0,,,,,3189.0,1342.0,,,2244.0,579.0,2055.0,,,2525.0,,,3620.0,9.0,
,2693.0,1459.0,,1802.0,2055.0,,,,,789.0,2548.0,,,2129.0,1404.0,1966.0,,,2345.0,,,968.0,3491.0,
,2360.0,2365.0,,1650.0,1371.0,,,,,1370.0,52.0,,,1410.0,3254.0,1542.0,,,3066.0,,,2475.0,2496.0,
,815.0,3363.0,,2795.0,782.0,,,,,1395.0,444.0,,,2702.0,1418.0,3089.0,,,2110.0,,,815.0,853.0,
,2280.0,3871.0,,2437.0,2492.0,,,,,1013.0,1533.0,,,916.0,1201.0,692.0,,,1760.0,,,3132.0,3507.0,
,1743.0,3859.0,,3256.0,968.0,,,,,3280.0,3913.0,,,3406.0,2462.0,1995.0,,,3529.0,,,1342.0,1912.0,
,2643.0,1213.0,,2059.0,2028.0,,,,,3615.0,870.0,,,352.0,150.0,1404.0,,,764.0,,,2755.0,451.0,
,3831.0,219.0,,51.0,392.0,,,,,173.0,1124.0,,,2243.0,2769.0,3866.0,,,3382.0,,,847.0,962.0,
,2535.0,955.0,,2272.0,1148.0,,,,,449.0,1240.0,,,1037.0,1132.0,2743.0,,,2670.0,,,635.0,2346.0,
,2006.0,1918.0,,2959.0,3904.0,,,,,3017.0,1629.0,,,3129.0,3392.0,3314.0,,,3643.0,,,2576.0,3492.0,
,1004.0,3071.0,,1140.0,3763.0,,,,,1319.0,3034.0,,,886.0,1104.0,3661.0,,,2946.0,,,470.0,2207.0,
,3314.0,1313.0,,554.0,623.0,,,,,2511.0,1511.0,,,1548.0,482.0,659.0,,,3586.0,,,2086.0,324.0,
,3310.0,937.0,,3295.0,215.0,,,,,1414.0,3813.0,,,2089.0,899.0,2051.0,,,3186.0,,,2954.0,3523.0,
,3289.0,619.0,,1412.0,2640.0,,,,,1107.0,3485.0,,,178.0,2967.0,3748.0,,,1693.0,,,2633.0,3793.0,
,3245.0,2786.0,,3504.0,1998.0,,,,,3519.0,2531.0,,,2383.0,3845.0,3549.0,,,2127.0,,,1326.0,3806.0,
,3346.0,3867.0,,658.0,3554.0,,,,,1054.0,1654.0,,,2507.0,3118.0,2748.0,,,2819.0,,,3727.0,3088.0,
,3481.0,307.0,,429.0,883.0,,,,,132.0,2405.0,,,3851.0,1574.0,1683.0,,,7.0,,,1700.0,914.0,
,1932.0,2912.0,,1580.0,1660.0,,,,,3317.0,3098.0,,,624.0,1202.0,846.0,,,2116.0,,,3036.0,3612.0,
,2916.0,1200.0,,2667.0,2308.0,,,,,1821.0,2989.0,,,1344.0,1990.0,1716.0,,,3486.0,,,825.0,3545.0,
,1508.0,367.0,,1287.0,1699.0,,,,,3562.0,610.0,,,3181.0,1417.0,3450.0,,,1690.0,,,1958.0,1715.0,
,884.0,2930.0,,3330.0,2794.0,,,,,2624.0,3751.0,,,1758.0,1377.0,2477.0,,,640.0,,,3238.0,27.0,
,3817.0,3405.0,,1660.0,2446.0,,,,,2539.0,3320.0,,,512.0,746.0,788.0,,,1082.0,,,3410.0,1362.0,
,3821.0,365.0,,2553.0,3788.0,,,,,110.0,973.0,,,3104.0,1281.0,1712.0,,,3742.0,,,930.0,2662.0,
,668.0,1156.0,,1677.0,3684.0,,,,,1710.0,3545.0,,,1068.0,3389.0,2462.0,,,1633.0,,,3079.0,3010.0,
,44.0,274.0,,1524.0,3465.0,,,,,954.0,836.0,,,1739.0,2648.0,3407.0,,,629.0,,,1433.0,1386.0,
,483.0,1629.0,,174.0,3286.0,,,,,2679.0,989.0,,,1364.0,3193.0,1292.0,,,3183.0,,,579.0,1259.0,
,1587.0,1552.0,,3767.0,2575.0,,,,,1409.0,1719.0,,,3419.0,1885.0,870.0,,,2214.0,,,1775.0,1452.0,
,1118.0,2648.0,,754.0,267.0,,,,,3346.0,3570.0,,,3371.0,607.0,3561.0,,,883.0,,,2116.0,230.0,
,1711.0,1491.0,,1013.0,3218.0,,,,,1374.0,963.0,,,2732.0,1245.0,2522.0,,,2902.0,,,797.0,1087.0,
,2214.0,1926.0,,3313.0,1320.0,,,,,1862.0,410.0,,,2084.0,1593.0,3697.0,,,214.0,,,1341.0,647.0,
,781.0,1132.0,,875.0,2112.0,,,,,3522.0,318.0,,,3253.0,2119.0,2998.0,,,2735.0,,,2336.0,452.0,
,2129.0,1550.0,,899.0,2319.0,,,,,845.0,1728.0,,,542.0,2218.0,1998.0,,,1062.0,,,3436.0,1600.0,
,2682.0,1895.0,,3399.0,3523.0,,,,,3915.0,2018.0,,,1691.0,401.0,3857.0,,,574.0,,,3046.0,1352.0,
,1887.0,16.0,,3107.0,2090.0,,,,,428.0,1542.0,,,955.0,2771.0,695.0,,,3687.0,,,2674.0,2474.0,
,906.0,3208.0,,1840.0,713.0,,,,,1552.0,2926.0,,,672.0,1211.0,3761.0,,,1173.0,,,481.0,2677.0,
,1774.0,3667.0,,1986.0,320.0,,,,,727.0,175.0,,,3276.0,281.0,2526.0,,,1465.0,,,695.0,1691.0,
,2801.0,1799.0,,1438.0,3671.0,,,,,3392.0,1524.0,,,696.0,1746.0,136.0,,,620.0,,,709.0,2907.0,
,1815.0,1454.0,,1735.0,805.0,,,,,1061.0,2963.0,,,279.0,137.0,2675.0,,,1280.0,,,3304.0,1454.0,
,433.0,1643.0,,1466.0,2029.0,,,,,924.0,2322.0,,,1869.0,2319.0,357.0,,,2184.0,,,438.0,2811.0,
,446.0,682.0,,397.0,676.0,,,,,2206.0,3911.0,,,2731.0,1109.0,241.0,,,709.0,,,35.0,3393.0,
,2769.0,2613.0,,3760.0,3216.0,,,,,3446.0,3808.0,,,1714.0,3568.0,3909.0,,,155.0,,,3351.0,1340.0,
,2716.0,1367.0,,1870.0,1255.0,,,,,2660.0,2107.0,,,232.0,358.0,2605.0,,,2891.0,,,1068.0,3638.0,
,2045.0,2936.0,,2206.0,549.0,,,,,1543.0,3051.0,,,3795.0,232.0,1461.0,,,512.0,,,2696.0,125.0,
,2461.0,3573.0,,3787.0,3703.0,,,,,1458.0,3247.0,,,2250.0,2330.0,482.0,,,3550.0,,,3901.0,2599.0,
,130.0,171.0,,3456.0,3635.0,,,,,3793.0,1733.0,,,3244.0,1985.0,2698.0,,,2075.0,,,2220.0,622.0,
,1768.0,2921.0,,1881.0,2843.0,,,,,1950.0,604.0,,,3794.0,1234.0,1805.0,,,3425.0,,,2469.0,2242.0,
,1430.0,3826.0,,3615.0,3833.0,,,,,3890.0,2740.0,,,615.0,2620.0,803.0,,,1536.0,,,3765.0,3518.0,
,91.0,524.0,,2423.0,3764.0,,,,,563.0,1657.0,,,1800.0,3177.0,1521.0,,,1571.0,,,1200.0,1433.0,
,1895.0,3029.0,,890.0,2872.0,,,,,668.0,232.0,,,3270.0,1968.0,2413.0,,,859.0,,,1014.0,2358.0,
,3019.0,276.0,,967.0,337.0,,,,,707.0,3271.0,,,791.0,1792.0,3668.0,,,728.0,,,2648.0,1641.0,
,2906.0,2120.0,,1817.0,3512.0,,,,,1714.0,2472.0,,,2648.0,1275.0,2621.0,,,3547.0,,,472.0,2504.0,
,2878.0,3490.0,,2734.0,3719.0,,,,,1665.0,1087.0,,,3628.0,259.0,1527.0,,,3449.0,,,3651.0,1387.0,
,729.0,2739.0,,722.0,2542.0,,,,,950.0,3903.0,,,3736.0,125.0,3726.0,,,1560.0,,,117.0,1314.0,
,473.0,2902.0,,2420.0,2230.0,,,,,3094.0,1841.0,,,2252.0,1387.0,3453.0,,,3231.0,,,2388.0,2767.0,
,1762.0,273.0,,3914.0,2377.0,,,,,1550.0,241.0,,,55.0,3585.0,2271.0,,,1550.0,,,2742.0,2566.0,
,2305.0,2287.0,,3890.0,2345.0,,,,,530.0,2557.0,,,1665.0,2503.0,1437.0,,,837.0,,,780.0,833.0,
,1818.0,1937.0,,3064.0,230.0,,,,,3913.0,150.0,,,2834.0,170.0,1967.0,,,1409.0,,,1939.0,60.0,
,414.0,804.0,,2964.0,10.0,,,,,3051.0,3742.0,,,3118.0,1919.0,3514.0,,,666.0,,,1199.0,95.0,
,1318.0,2870.0,,1151.0,1916.0,,,,,2755.0,279.0,,,581.0,2817.0,2870.0,,,82.0,,,944.0,3126.0,
,2489.0,3470.0,,1315.0,1050.0,,,,,3345.0,1230.0,,,1232.0,1692.0,3582.0,,,2095.0,,,1766.0,2967.0,
,1249.0,658.0,,523.0,3305.0,,,,,1404.0,1291.0,,,801.0,3510.0,1889.0,,,144.0,,,3535.0,2437.0,
,1375.0,80.0,,1668.0,1471.0,,,,,3612.0,2431.0,,,2804.0,931.0,2503.0,,,3245.0,,,1516.0,3788.0,
,1623.0,2035.0,,1046.0,978.0,,,,,2934.0,991.0,,,2085.0,3739.0,3229.0,,,412.0,,,1480.0,2303.0,
,2706.0,769.0,,469.0,2288.0,,,,,2622.0,1959.0,,,3347.0,3651.0,2015.0,,,542.0,,,2366.0,3041.0,
,1561.0,109.0,,545.0,998.0,,,,,1380.0,911.0,,,3308.0,651.0,1747.0,,,1383.0,,,2636.0,1521.0,
,2737.0,2470.0,,3813.0,297.0,,,,,62.0,3208.0,,,10.0,671.0,169.0,,,3038.0,,,2606.0,479.0,
,977.0,2278.0,,2267.0,1323.0,,,,,475.0,3823.0,,,3765.0,2913.0,1210.0,,,1689.0,,,458.0,586.0,
,1497.0,2505.0,,247.0,2993.0,,,,,3796.0,2572.0,,,3584.0,2812.0,2964.0,,,47.0,,,79.0,3635.0,
,247.0,2374.0,,1330.0,255.0,,,,,1697.0,1172.0,,,3852.0,2756.0,354.0,,,3690.0,,,259.0,3522.0,
,3572.0,3066.0,,1032.0,1527.0,,,,,548.0,2520.0,,,3165.0,434.0,2433.0,,,143.0,,,3600.0,2853.0,
,326.0,3590.0,,3431.0,1383.0,,,,,732.0,800.0,,,900.0,783.0,3672.0,,,2.0,,,2882.0,1597.0,
,1324.0,3771.0,,2266.0,1654.0,,,,,3666.0,2250.0,,,3687.0,3183.0,2285.0,,,1329.0,,,3621.0,880.0,
,1374.0,1466.0,,3572.0,1120.0,,,,,843.0,26.0,,,1610.0,3501.0,3776.0,,,1773.0,,,154.0,685.0,
,3322.0,2332.0,,3301.0,2218.0,,,,,154.0,3560.0,,,1956.0,2792.0,3877.0,,,1873.0,,,3070.0,3455.0,
,2114.0,1152.0,,2456.0,1196.0,,,,,3106.0,1656.0,,,2066.0,2411.0,3841.0,,,3537.0,,,3455.0,1374.0,
,3514.0,2570.0,,62.0,2753.0,,,,,1797.0,589.0,,,2116.0,2735.0,154.0,,,3818.0,,,1381.0,3539.0,
,2556.0,2978.0,,3152.0,494.0,,,,,2163.0,1969.0,,,357.0,198.0,3025.0,,,3688.0,,,1238.0,3338.0,
,1490.0,3589.0,,238.0,227.0,,,,,295.0,3915.0,,,457.0,2238.0,3391.0,,,301.0,,,3327.0,173.0,
,2132.0,2766.0,,888.0,839.0,,,,,3850.0,2839.0,,,2914.0,887.0,1096.0,,,1055.0,,,1691.0,626.0,
,2636.0,809.0,,2628.0,896.0,,,,,2597.0,322.0,,,2233.0,1889.0,3101.0,,,3242.0,,,1720.0,690.0,
,120.0,1183.0,,3015.0,1203.0,,,,,3326.0,2094.0,,,1558.0,2604.0,1551.0,,,745.0,,,2082.0,1085.0,
,1253.0,3698.0,,2897.0,13.0,,,,,1656.0,1598.0,,,2042.0,1658.0,2230.0,,,3795.0,,,430.0,2559.0,
,3228.0,3515.0,,2831.0,426.0,,,,,3754.0,2787.0,,,161.0,3286.0,2601.0,,,39.0,,,3753.0,1000.0,
,2759.0,2839.0,,1995.0,300.0,,,,,3630.0,894.0,,,2488.0,3239.0,1830.0,,,1451.0,,,3548.0,3141.0,
,213.0,943.0,,2108.0,3309.0,,,,,1536.0,2131.0,,,2769.0,2163.0,640.0,,,3521.0,,,605.0,888.0,
,1638.0,3702.0,,2415.0,1686.0,,,,,2460.0,1119.0,,,2587.0,2397.0,1393.0,,,1844.0,,,2872.0,467.0,
,1745.0,2897.0,,1049.0,2235.0,,,,,2059.0,527.0,,,1604.0,1597.0,2181.0,,,1609.0,,,1031.0,3015.0,
,3913.0,2500.0,,735.0,1194.0,,,,,2366.0,425.0,,,1199.0,3716.0,522.0,,,2314.0,,,1568.0,899.0,
,851.0,2013.0,,3134.0,1641.0,,,,,1383.0,1849.0,,,2544.0,591.0,1306.0,,,2245.0,,,3092.0,3125.0,
,931.0,359.0,,2932.0,633.0,,,,,2462.0,948.0,,,2090.0,2826.0,3552.0,,,1332.0,,,1713.0,2365.0,
,1834.0,3466.0,,929.0,3496.0,,,,,3634.0,1083.0,,,3889.0,3605.0,1652.0,,,3850.0,,,2958.0,883.0,
,3888.0,2727.0,,1363.0,1429.0,,,,,2106.0,823.0,,,2934.0,2002.0,358.0,,,406.0,,,1908.0,3353.0,
,708.0,2089.0,,2010.0,1890.0,,,,,2770.0,3013.0,,,3527.0,2929.0,3286.0,,,2695.0,,,3462.0,167.0,
,219.0,2486.0,,1799.0,1868.0,,,,,3067.0,3760.0,,,2903.0,3731.0,1764.0,,,2541.0,,,2039.0,241.0,
,1744.0,3068.0,,3646.0,3614.0,,,,,2146.0,3216.0,,,2087.0,576.0,1718.0,,,2398.0,,,1160.0,1935.0,
,3427.0,435.0,,445.0,995.0,,,,,2318.0,3789.0,,,1151.0,3297.0,176.0,,,2112.0,,,1156.0,858.0,
,3080.0,1694.0,,3859.0,1966.0,,,,,1402.0,2827.0,,,2217.0,3764.0,533.0,,,2590.0,,,673.0,668.0,
,1591.0,2384.0,,2590.0,2759.0,,,,,1171.0,178.0,,,1986.0,3441.0,1977.0,,,1238.0,,,1219.0,2124.0,
,1344.0,1012.0,,186.0,123.0,,,,,3845.0,3355.0,,,2205.0,843.0,2822.0,,,1092.0,,,3386.0,2992.0,
,1888.0,2314.0,,407.0,3048.0,,,,,2095.0,2071.0,,,1900.0,684.0,1909.0,,,2105.0,,,1474.0,1894.0,
,3000.0,3330.0,,173.0,2770.0,,,,,662.0,2938.0,,,3594.0,2562.0,2220.0,,,1918.0,,,2807.0,1952.0,
,2191.0,1500.0,,3568.0,927.0,,,,,97.0,2302.0,,,1117.0,936.0,91.0,,,978.0,,,199.0,1422.0,
,1989.0,123.0,,3548.0,722.0,,,,,1510.0,2678.0,,,2829.0,3039.0,2073.0,,,780.0,,,586.0,3377.0,
,657.0,1514.0,,1171.0,3151.0,,,,,3747.0,3852.0,,,1574.0,3180.0,2387.0,,,339.0,,,2331.0,2716.0,
,3741.0,2467.0,,17.0,52.0,,,,,862.0,3249.0,,,340.0,96.0,3813.0,,,1010.0,,,2308.0,3089.0,
,149.0,1182.0,,3024.0,1975.0,,,,,2386.0,2103.0,,,2285.0,16.0,2414.0,,,1150.0,,,1460.0,1266.0,
,259.0,185.0,,2233.0,1317.0,,,,,867.0,896.0,,,1186.0,1504.0,1584.0,,,762.0,,,286.0,1064.0,
,3009.0,2444.0,,3509.0,3880.0,,,,,2989.0,586.0,,,3056.0,2088.0,1327.0,,,3248.0,,,618.0,2802.0,
,2475.0,2347.0,,1129.0,1046.0,,,,,2638.0,126.0,,,2496.0,2416.0,1836.0,,,2204.0,,,1750.0,3602.0,
,922.0,3459.0,,1903.0,3771.0,,,,,628.0,235.0,,,229.0,958.0,1936.0,,,1295.0,,,1892.0,185.0,
,264.0,2156.0,,560.0,1401.0,,,,,1257.0,3700.0,,,162.0,3116.0,1137.0,,,2559.0,,,1362.0,2420.0,
,2005.0,3862.0,,1135.0,3233.0,,,,,2695.0,844.0,,,2131.0,575.0,451.0,,,2361.0,,,806.0,2313.0,
,2222.0,2518.0,,2838.0,628.0,,,,,3400.0,3075.0,,,2095.0,1825.0,2736.0,,,2031.0,,,700.0,3149.0,
,1517.0,548.0,,2914.0,3435.0,,,,,1502.0,3513.0,,,2735.0,3129.0,1095.0,,,3073.0,,,3650.0,2374.0,
,320.0,3258.0,,395.0,2035.0,,,,,1039.0,1520.0,,,3656.0,408.0,804.0,,,2471.0,,,1587.0,1814.0,
,3842.0,3148.0,,101.0,809.0,,,,,2991.0,3880.0,,,225.0,666.0,2405.0,,,1637.0,,,1535.0,979.0,
,2363.0,633.0,,3054.0,2205.0,,,,,840.0,725.0,,,1673.0,1229.0,3126.0,,,1477.0,,,1844.0,11.0,
,369.0,340.0,,3128.0,0.0,,,,,726.0,1434.0,,,2447.0,1184.0,3735.0,,,2981.0,,,1686.0,3239.0,
,764.0,1257.0,,2591.0,1706.0,,,,,1894.0,922.0,,,48.0,1429.0,3104.0,,,3297.0,,,1037.0,2759.0,
,2124.0,2019.0,,2169.0,3409.0,,,,,1672.0,804.0,,,2607.0,273.0,3849.0,,,314.0,,,1493.0,3748.0,
,656.0,445.0,,3677.0,1059.0,,,,,1509.0,1268.0,,,2277.0,2558.0,1580.0,,,2059.0,,,1550.0,881.0,
,2418.0,529.0,,2575.0,2010.0,,,,,427.0,1569.0,,,2561.0,2338.0,2031.0,,,2604.0,,,1302.0,3334.0,
,1049.0,3299.0,,1127.0,2052.0,,,,,2027.0,2869.0,,,2898.0,2299.0,2799.0,,,371.0,,,3777.0,870.0,
,2637.0,1375.0,,31.0,1143.0,,,,,3319.0,300.0,,,1833.0,3135.0,2347.0,,,1761.0,,,1950.0,116.0,
,2123.0,3049.0,,1249.0,592.0,,,,,2289.0,2697.0,,,1233.0,3114.0,1492.0,,,3903.0,,,380.0,838.0,
,36.0,2833.0,,1954.0,2651.0,,,,,2357.0,1697.0,,,3512.0,696.0,2201.0,,,3122.0,,,3169.0,611.0,
,438.0,1324.0,,3239.0,890.0,,,,,2107.0,2955.0,,,2759.0,1252.0,2881.0,,,2384.0,,,504.0,1235.0,
,3127.0,3588.0,,1078.0,2026.0,,,,,1711.0,1589.0,,,1730.0,1386.0,1038.0,,,2455.0,,,3084.0,171.0,
,801.0,2928.0,,852.0,2838.0,,,,,2976.0,2401.0,,,2537.0,952.0,2534.0,,,3677.0,,,1640.0,3705.0,
,1170.0,1002.0,,1843.0,1861.0,,,,,155.0,891.0,,,745.0,1899.0,3040.0,,,2106.0,,,2974.0,993.0,
,3256.0,2296.0,,1530.0,1539.0,,,,,3820.0,1508.0,,,137.0,371.0,160.0,,,2458.0,,,,775.0,
,3726.0,1180.0,,3905.0,2679.0,,,,,3469.0,1835.0,,,1625.0,2380.0,1547.0,,,411.0,,,,590.0,
,3204.0,2348.0,,3223.0,1921.0,,,,,2096.0,98.0,,,902.0,2646.0,1915.0,,,569.0,,,,3135.0,
,552.0,839.0,,2258.0,3768.0,,,,,263.0,3559.0,,,2921.0,2302.0,1784.0,,,692.0,,,,3552.0,
,2512.0,3856.0,,2869.0,1561.0,,,,,2997.0,1361.0,,,2149.0,1327.0,3805.0,,,3844.0,,,,140.0,
,2473.0,329.0,,960.0,778.0,,,,,2215.0,1924.0,,,829.0,266.0,856.0,,,410.0,,,,2015.0,
,2140.0,354.0,,1297.0,1800.0,,,,,2682.0,1887.0,,,3038.0,3371.0,990.0,,,1850.0,,,,2122.0,
,1343.0,137.0,,3812.0,1327.0,,,,,3639.0,1630.0,,,3718.0,2763.0,3038.0,,,1436.0,,,,2395.0,
,2723.0,3004.0,,3268.0,1507.0,,,,,795.0,2020.0,,,2640.0,1581.0,689.0,,,1230.0,,,,3307.0,
,2893.0,1027.0,,2532.0,476.0,,,,,2477.0,1305.0,,,1295.0,885.0,932.0,,,3200.0,,,,4.0,
,370.0,2428.0,,1543.0,1195.0,,,,,3837.0,3443.0,,,3108.0,1342.0,3840.0,,,890.0,,,,2328.0,
,1583.0,2159.0,,1893.0,3117.0,,,,,1629.0,17.0,,,858.0,1117.0,589.0,,,1443.0,,,,3076.0,
,2441.0,701.0,,3326.0,1812.0,,,,,3041.0,3663.0,,,2850.0,1266.0,1880.0,,,943.0,,,,276.0,
,941.0,2323.0,,1852.0,149.0,,,,,151.0,2668.0,,,1742.0,2244.0,2722.0,,,3597.0,,,,2036.0,
,626.0,1870.0,,512.0,2452.0,,,,,2247.0,2236.0,,,1578.0,2871.0,698.0,,,901.0,,,,3764.0,
,1244.0,3497.0,,1230.0,3846.0,,,,,3194.0,1346.0,,,92.0,2384.0,3622.0,,,2918.0,,,,1434.0,
,2788.0,1076.0,,1815.0,2727.0,,,,,982.0,3627.0,,,2675.0,1817.0,2702.0,,,1522.0,,,,1587.0,
,8.0,397.0,,3630.0,853.0,,,,,1969.0,3607.0,,,2108.0,2164.0,1467.0,,,3281.0,,,,3516.0,
,2656.0,3308.0,,2537.0,3599.0,,,,,266.0,321.0,,,939.0,3435.0,1060.0,,,3858.0,,,,2269.0,
,2179.0,3373.0,,3345.0,580.0,,,,,88.0,3646.0,,,215.0,798.0,1278.0,,,2217.0,,,,1812.0,
,359.0,1145.0,,737.0,3827.0,,,,,2584.0,1138.0,,,444.0,945.0,3399.0,,,813.0,,,,3215.0,
,88.0,520.0,,2047.0,1669.0,,,,,3009.0,2366.0,,,2203.0,2504.0,3775.0,,,3237.0,,,,3351.0,
,1003.0,2889.0,,3717.0,1860.0,,,,,3737.0,1385.0,,,1256.0,853.0,3392.0,,,2677.0,,,,941.0,
,1792.0,322.0,,45.0,3792.0,,,,,1645.0,741.0,,,3650.0,1395.0,515.0,,,1067.0,,,,2571.0,
,2406.0,388.0,,2928.0,1741.0,,,,,3301.0,1912.0,,,163.0,489.0,425.0,,,1258.0,,,,2011.0,
,1797.0,1605.0,,3211.0,837.0,,,,,174.0,889.0,,,1309.0,1061.0,1848.0,,,2174.0,,,,2965.0,
,3334.0,2862.0,,3427.0,3221.0,,,,,1593.0,2739.0,,,3012.0,1709.0,3667.0,,,924.0,,,,2490.0,
,378.0,3484.0,,3276.0,2725.0,,,,,841.0,1111.0,,,3314.0,2853.0,811.0,,,1549.0,,,,1579.0,
,2525.0,2084.0,,3240.0,1648.0,,,,,2520.0,1670.0,,,686.0,3321.0,1921.0,,,3386.0,,,,2574.0,
,2735.0,2669.0,,3889.0,3188.0,,,,,1184.0,2686.0,,,2010.0,3001.0,3812.0,,,458.0,,,,1749.0,
,3049.0,25.0,,361.0,555.0,,,,,1827.0,710.0,,,3488.0,3127.0,3330.0,,,3557.0,,,,3665.0,
,3363.0,3640.0,,3682.0,3501.0,,,,,1175.0,19.0,,,3254.0,3084.0,2992.0,,,1103.0,,,,2814.0,
,3097.0,3014.0,,753.0,2633.0,,,,,1484.0,2750.0,,,2323.0,2197.0,3348.0,,,1851.0,,,,1567.0,
,1155.0,203.0,,2452.0,2869.0,,,,,2567.0,3445.0,,,1122.0,775.0,2455.0,,,2736.0,,,,3781.0,
,3689.0,728.0,,1996.0,1862.0,,,,,2377.0,3594.0,,,2253.0,871.0,2667.0,,,960.0,,,,631.0,
,759.0,1171.0,,1195.0,3575.0,,,,,2070.0,1246.0,,,3908.0,391.0,3507.0,,,1748.0,,,,2586.0,
,2052.0,1938.0,,2449.0,953.0,,,,,183.0,2416.0,,,1615.0,1822.0,2694.0,,,2483.0,,,,3070.0,
,3318.0,260.0,,3012.0,3486.0,,,,,350.0,631.0,,,1683.0,2458.0,1199.0,,,690.0,,,,1604.0,
,2092.0,1204.0,,2403.0,858.0,,,,,1829.0,679.0,,,2049.0,3361.0,2163.0,,,2622.0,,,,2056.0,
,1451.0,3689.0,,2032.0,1797.0,,,,,3184.0,74.0,,,3377.0,216.0,3644.0,,,536.0,,,,2697.0,
,3823.0,3157.0,,921.0,1907.0,,,,,1925.0,945.0,,,1557.0,765.0,3580.0,,,935.0,,,,2796.0,
,907.0,1220.0,,3530.0,1655.0,,,,,3209.0,1414.0,,,3614.0,1544.0,1342.0,,,1502.0,,,,487.0,
,787.0,478.0,,329.0,909.0,,,,,1357.0,211.0,,,2961.0,2651.0,2104.0,,,2528.0,,,,2105.0,
,3284.0,2942.0,,1501.0,966.0,,,,,2565.0,2379.0,,,3256.0,3178.0,702.0,,,2643.0,,,,3774.0,
,2621.0,1612.0,,99.0,3252.0,,,,,2504.0,88.0,,,2398.0,2877.0,2763.0,,,798.0,,,,2270.0,
,476.0,3342.0,,1586.0,2278.0,,,,,860.0,1290.0,,,3335.0,3219.0,1884.0,,,3660.0,,,,2809.0,
,2325.0,1449.0,,479.0,1872.0,,,,,2996.0,3395.0,,,568.0,2637.0,3316.0,,,1868.0,,,,101.0,
,1005.0,3242.0,,96.0,2009.0,,,,,776.0,1160.0,,,2316.0,978.0,3494.0,,,1114.0,,,,50.0,
,3890.0,2321.0,,2430.0,343.0,,,,,2860.0,3087.0,,,929.0,1249.0,3801.0,,,3023.0,,,,2038.0,
,3846.0,2981.0,,1310.0,1608.0,,,,,486.0,2533.0,,,392.0,3884.0,2458.0,,,2437.0,,,,3590.0,
,2795.0,1370.0,,3457.0,3227.0,,,,,1775.0,1068.0,,,2668.0,1572.0,520.0,,,1628.0,,,,1289.0,
,105.0,1068.0,,5.0,2217.0,,,,,2944.0,2368.0,,,693.0,1843.0,3449.0,,,1195.0,,,,3899.0,
,3013.0,124.0,,2033.0,1063.0,,,,,2633.0,3650.0,,,749.0,2020.0,1161.0,,,237.0,,,,1423.0,
,2469.0,2040.0,,1630.0,2863.0,,,,,1767.0,27.0,,,269.0,3815.0,1387.0,,,1582.0,,,,1657.0,
,3452.0,968.0,,2611.0,2797.0,,,,,544.0,1052.0,,,3344.0,689.0,3048.0,,,48.0,,,,49.0,
,1772.0,178.0,,3913.0,3047.0,,,,,3521.0,1441.0,,,549.0,211.0,2561.0,,,3063.0,,,,1324.0,
,1418.0,2690.0,,1367.0,847.0,,,,,3544.0,1643.0,,,3745.0,3631.0,3904.0,,,2360.0,,,,1931.0,
,3706.0,220.0,,1410.0,1596.0,,,,,728.0,1584.0,,,3436.0,1585.0,1221.0,,,1416.0,,,,2258.0,
,1513.0,2004.0,,264.0,2810.0,,,,,3064.0,1231.0,,,2481.0,332.0,356.0,,,268.0,,,,1458.0,
,690.0,1457.0,,1252.0,38.0,,,,,2640.0,3100.0,,,3510.0,3532.0,3380.0,,,2467.0,,,,2541.0,
,3768.0,3789.0,,2227.0,585.0,,,,,1954.0,1480.0,,,2992.0,1987.0,1862.0,,,3192.0,,,,1811.0,
,1998.0,2775.0,,1358.0,2891.0,,,,,2729.0,3707.0,,,2210.0,1959.0,3831.0,,,3674.0,,,,2296.0,
,719.0,757.0,,3573.0,484.0,,,,,3901.0,2507.0,,,3120.0,554.0,419.0,,,3570.0,,,,2222.0,
,3385.0,1108.0,,3870.0,2320.0,,,,,3576.0,2038.0,,,2181.0,3498.0,1598.0,,,107.0,,,,1327.0,
,1228.0,2146.0,,3676.0,1251.0,,,,,2199.0,827.0,,,3071.0,1811.0,715.0,,,2669.0,,,,86.0,
,1146.0,3876.0,,3584.0,819.0,,,,,316.0,3534.0,,,701.0,1531.0,148.0,,,123.0,,,,3267.0,
,3881.0,2529.0,,91.0,3618.0,,,,,2103.0,722.0,,,767.0,2043.0,130.0,,,1100.0,,,,2577.0,
,2138.0,2550.0,,3641.0,2435.0,,,,,3164.0,233.0,,,1662.0,501.0,3795.0,,,131.0,,,,383.0,
,1412.0,3849.0,,3130.0,3725.0,,,,,836.0,1689.0,,,3568.0,3331.0,943.0,,,530.0,,,,2026.0,
,3587.0,151.0,,1889.0,2818.0,,,,,3448.0,890.0,,,397.0,983.0,1819.0,,,1607.0,,,,2794.0,
,3549.0,3074.0,,2783.0,2535.0,,,,,20.0,2010.0,,,2700.0,2387.0,1396.0,,,697.0,,,,3397.0,
,697.0,2341.0,,3908.0,2097.0,,,,,3240.0,3370.0,,,1638.0,3579.0,951.0,,,925.0,,,,1382.0,
,1889.0,1948.0,,2290.0,3564.0,,,,,3703.0,3624.0,,,2957.0,3327.0,2246.0,,,25.0,,,,3128.0,
,556.0,3481.0,,913.0,687.0,,,,,3432.0,2529.0,,,453.0,1060.0,3422.0,,,2685.0,,,,2582.0,
,185.0,3809.0,,3385.0,1570.0,,,,,3775.0,723.0,,,2067.0,3486.0,1449.0,,,1584.0,,,,2464.0,
,3369.0,771.0,,2915.0,1634.0,,,,,1701.0,1461.0,,,1006.0,1111.0,348.0,,,812.0,,,,583.0,
,3870.0,2193.0,,1854.0,321.0,,,,,647.0,2734.0,,,16.0,1123.0,773.0,,,2215.0,,,,3245.0,
,3293.0,3475.0,,1357.0,813.0,,,,,3594.0,264.0,,,1600.0,2153.0,2535.0,,,3814.0,,,,1257.0,
,1890.0,129.0,,3571.0,865.0,,,,,2793.0,3291.0,,,2997.0,1293.0,1706.0,,,1753.0,,,,2803.0,
,2113.0,1767.0,,57.0,742.0,,,,,1612.0,3369.0,,,2917.0,54.0,2232.0,,,2182.0,,,,3321.0,
,868.0,1606.0,,1025.0,2890.0,,,,,2216.0,2565.0,,,702.0,752.0,3024.0,,,3465.0,,,,2665.0,
,2949.0,1780.0,,2094.0,2171.0,,,,,131.0,2826.0,,,2384.0,3595.0,612.0,,,1985.0,,,,3218.0,
,2039.0,3477.0,,1053.0,2076.0,,,,,1060.0,1821.0,,,2783.0,2415.0,2420.0,,,566.0,,,,3168.0,
,1306.0,352.0,,1104.0,3192.0,,,,,3232.0,1517.0,,,839.0,354.0,2235.0,,,2296.0,,,,3091.0,
,2510.0,290.0,,601.0,3371.0,,,,,1074.0,3133.0,,,424.0,2962.0,3536.0,,,1471.0,,,,3810.0,
,2435.0,918.0,,840.0,1110.0,,,,,2332.0,1161.0,,,3746.0,1739.0,655.0,,,1786.0,,,,2330.0,
,1096.0,2420.0,,3151.0,661.0,,,,,2700.0,2204.0,,,942.0,2321.0,2585.0,,,1738.0,,,,399.0,
,1185.0,2125.0,,879.0,1595.0,,,,,2967.0,48.0,,,1950.0,3672.0,3772.0,,,571.0,,,,2482.0,
,3190.0,1160.0,,312.0,2368.0,,,,,3234.0,1850.0,,,1753.0,2394.0,886.0,,,2421.0,,,,111.0,
,3755.0,3391.0,,1991.0,969.0,,,,,2531.0,3793.0,,,1717.0,1823.0,1328.0,,,3510.0,,,,511.0,
,916.0,2118.0,,1483.0,318.0,,,,,3473.0,3649.0,,,1741.0,3061.0,2236.0,,,3480.0,,,,3891.0,
,3600.0,2310.0,,2049.0,122.0,,,,,826.0,1817.0,,,2251.0,572.0,373.0,,,3208.0,,,,3027.0,
,2206.0,3413.0,,865.0,1532.0,,,,,703.0,2395.0,,,1888.0,164.0,1681.0,,,1194.0,,,,1416.0,
,26.0,2465.0,,1468.0,2474.0,,,,,2403.0,89.0,,,327.0,1781.0,3167.0,,,3669.0,,,,2118.0,
,373.0,3187.0,,1093.0,1242.0,,,,,864.0,381.0,,,1940.0,3715.0,3854.0,,,1315.0,,,,2240.0,
,2912.0,3557.0,,603.0,1606.0,,,,,2558.0,2467.0,,,2801.0,307.0,1083.0,,,1735.0,,,,3136.0,
,1018.0,3843.0,,1964.0,1603.0,,,,,496.0,448.0,,,655.0,2998.0,780.0,,,23.0,,,,2947.0,
,3055.0,1730.0,,3791.0,1564.0,,,,,729.0,3623.0,,,3139.0,1700.0,935.0,,,808.0,,,,3512.0,
,72.0,3916.0,,3585.0,2375.0,,,,,2803.0,1188.0,,,3653.0,2806.0,868.0,,,3897.0,,,,1359.0,
,1552.0,1862.0,,1997.0,811.0,,,,,3593.0,1662.0,,,3640.0,2821.0,1697.0,,,1860.0,,,,1615.0,
,360.0,1426.0,,1708.0,518.0,,,,,1303.0,1323.0,,,934.0,3610.0,2071.0,,,2136.0,,,,2079.0,
,2611.0,418.0,,751.0,727.0,,,,,2705.0,839.0,,,1519.0,25.0,2021.0,,,2415.0,,,,2897.0,
,343.0,1766.0,,3104.0,798.0,,,,,2190.0,635.0,,,2415.0,1403.0,3558.0,,,2132.0,,,,1989.0,
,1025.0,1371.0,,3180.0,2151.0,,,,,3546.0,2157.0,,,614.0,2382.0,2928.0,,,3299.0,,,,3540.0,
,2265.0,3383.0,,167.0,871.0,,,,,1316.0,1457.0,,,3842.0,3831.0,2847.0,,,497.0,,,,3753.0,
,2506.0,3813.0,,2244.0,3495.0,,,,,3749.0,1453.0,,,3362.0,652.0,925.0,,,2785.0,,,,3279.0,
,1099.0,2360.0,,1442.0,391.0,,,,,513.0,3557.0,,,908.0,3587.0,3469.0,,,2191.0,,,,141.0,
,3167.0,2619.0,,478.0,2211.0,,,,,980.0,3402.0,,,2430.0,878.0,116.0,,,3773.0,,,,2448.0,
,1416.0,1089.0,,3769.0,3539.0,,,,,3849.0,113.0,,,1425.0,465.0,2245.0,,,2924.0,,,,1975.0,
,701.0,1294.0,,1664.0,2442.0,,,,,1555.0,3259.0,,,773.0,335.0,2809.0,,,911.0,,,,3458.0,
,698.0,1296.0,,1342.0,617.0,,,,,3404.0,3456.0,,,894.0,1795.0,2697.0,,,3470.0,,,,1078.0,
,328.0,9.0,,3214.0,2257.0,,,,,508.0,2715.0,,,1330.0,3658.0,434.0,,,1077.0,,,,1134.0,
,201.0,1886.0,,3057.0,2775.0,,,,,529.0,3119.0,,,2823.0,614.0,1397.0,,,2049.0,,,,170.0,
,371.0,2072.0,,3795.0,2772.0,,,,,3308.0,2143.0,,,11.0,1001.0,1544.0,,,579.0,,,,2095.0,
,3373.0,1238.0,,2884.0,2887.0,,,,,3547.0,1477.0,,,645.0,1657.0,3116.0,,,3072.0,,,,3465.0,
,1424.0,3366.0,,2852.0,2355.0,,,,,1126.0,3011.0,,,1701.0,1629.0,2194.0,,,1080.0,,,,2881.0,
,426.0,1676.0,,1403.0,636.0,,,,,3047.0,808.0,,,867.0,462.0,2560.0,,,1772.0,,,,3668.0,
,1045.0,3054.0,,301.0,1137.0,,,,,813.0,507.0,,,2363.0,2187.0,3506.0,,,2748.0,,,,180.0,
,1465.0,1082.0,,853.0,2677.0,,,,,1242.0,3676.0,,,3166.0,1437.0,1167.0,,,3483.0,,,,753.0,
,2911.0,3286.0,,1481.0,2525.0,,,,,1460.0,1732.0,,,3327.0,78.0,2263.0,,,3468.0,,,,595.0,
,2067.0,1661.0,,161.0,1509.0,,,,,2851.0,2990.0,,,1021.0,3175.0,1059.0,,,3057.0,,,,762.0,
,631.0,3587.0,,1101.0,600.0,,,,,2399.0,1686.0,,,3557.0,904.0,2815.0,,,2447.0,,,,2231.0,
,2165.0,339.0,,42.0,1247.0,,,,,3436.0,3368.0,,,228.0,1569.0,3084.0,,,2479.0,,,,1883.0,
,3107.0,681.0,,1022.0,1504.0,,,,,2325.0,3352.0,,,480.0,957.0,1636.0,,,2273.0,,,,878.0,
,685.0,3818.0,,229.0,1100.0,,,,,775.0,193.0,,,904.0,1051.0,1271.0,,,2108.0,,,,2948.0,
,194.0,3361.0,,664.0,759.0,,,,,1537.0,1435.0,,,3787.0,3042.0,2781.0,,,2803.0,,,,2320.0,
,347.0,2071.0,,2243.0,1097.0,,,,,466.0,130.0,,,364.0,3384.0,3547.0,,,2173.0,,,,1994.0,
,1607.0,2796.0,,1290.0,3739.0,,,,,1600.0,172.0,,,3238.0,2578.0,3818.0,,,1483.0,,,,2598.0,
,2678.0,2605.0,,3626.0,2140.0,,,,,2761.0,2361.0,,,1976.0,1922.0,2149.0,,,3007.0,,,,3842.0,
,252.0,3800.0,,744.0,3903.0,,,,,976.0,2889.0,,,2800.0,2855.0,1147.0,,,1079.0,,,,648.0,
,1432.0,1377.0,,345.0,1389.0,,,,,796.0,3636.0,,,2432.0,2165.0,1639.0,,,1552.0,,,,2643.0,
,1225.0,1203.0,,3480.0,3007.0,,,,,1745.0,3824.0,,,579.0,1611.0,1770.0,,,1855.0,,,,1618.0,
,2314.0,3641.0,,1873.0,607.0,,,,,1870.0,3508.0,,,2312.0,468.0,563.0,,,3885.0,,,,659.0,
,1734.0,3524.0,,2472.0,1062.0,,,,,2573.0,975.0,,,3073.0,2766.0,1815.0,,,205.0,,,,2339.0,
,1987.0,3193.0,,1076.0,73.0,,,,,483.0,1550.0,,,2309.0,1912.0,3853.0,,,3523.0,,,,3029.0,
,904.0,3113.0,,3162.0,2948.0,,,,,2664.0,3049.0,,,1848.0,857.0,2939.0,,,1281.0,,,,1491.0,
,2872.0,1512.0,,760.0,1989.0,,,,,451.0,2350.0,,,1996.0,1280.0,2366.0,,,2161.0,,,,638.0,
,1575.0,1788.0,,3902.0,1571.0,,,,,3429.0,206.0,,,3307.0,1920.0,900.0,,,1988.0,,,,3850.0,
,3664.0,76.0,,1910.0,1513.0,,,,,170.0,2920.0,,,1969.0,2444.0,3607.0,,,2143.0,,,,1477.0,
,2367.0,3465.0,,1459.0,974.0,,,,,3382.0,1411.0,,,3274.0,349.0,2424.0,,,2196.0,,,,3342.0,
,40.0,581.0,,369.0,2769.0,,,,,1566.0,2355.0,,,1577.0,253.0,670.0,,,1478.0,,,,2535.0,
,527.0,2380.0,,1756.0,1460.0,,,,,2260.0,2603.0,,,394.0,3282.0,300.0,,,3370.0,,,,1972.0,
,1494.0,3828.0,,1647.0,14.0,,,,,137.0,1388.0,,,1319.0,1840.0,1835.0,,,2519.0,,,,1738.0,
,2239.0,2749.0,,3715.0,3295.0,,,,,1525.0,2540.0,,,1484.0,1055.0,269.0,,,72.0,,,,2025.0,
,1328.0,1105.0,,2343.0,1526.0,,,,,3462.0,1518.0,,,833.0,935.0,3614.0,,,347.0,,,,2984.0,
,3829.0,2539.0,,2937.0,760.0,,,,,2884.0,1095.0,,,1679.0,1755.0,38.0,,,1377.0,,,,1593.0,
,2047.0,2484.0,,3736.0,2245.0,,,,,1741.0,2413.0,,,2676.0,3159.0,2485.0,,,2618.0,,,,218.0,
,2884.0,3362.0,,3907.0,389.0,,,,,3863.0,2751.0,,,2032.0,2369.0,57.0,,,1319.0,,,,1895.0,
,3635.0,1940.0,,267.0,937.0,,,,,766.0,3186.0,,,1486.0,2291.0,3294.0,,,90.0,,,,1629.0,
,3677.0,553.0,,200.0,146.0,,,,,2305.0,3145.0,,,2998.0,595.0,889.0,,,3352.0,,,,1060.0,
,3390.0,1339.0,,2462.0,2748.0,,,,,1388.0,1117.0,,,819.0,2468.0,1317.0,,,245.0,,,,3860.0,
,1594.0,2080.0,,270.0,736.0,,,,,915.0,1813.0,,,1135.0,1112.0,2901.0,,,3036.0,,,,443.0,
,1355.0,3155.0,,2723.0,3267.0,,,,,2110.0,2961.0,,,690.0,264.0,3204.0,,,2626.0,,,,2775.0,
,2840.0,302.0,,2625.0,761.0,,,,,3757.0,2777.0,,,3811.0,1110.0,2014.0,,,2397.0,,,,2679.0,
,2896.0,2610.0,,176.0,506.0,,,,,3033.0,1070.0,,,793.0,2470.0,2489.0,,,3103.0,,,,2227.0,
,3847.0,141.0,,930.0,1224.0,,,,,3302.0,3372.0,,,1562.0,1897.0,1022.0,,,1270.0,,,,515.0,
,78.0,1609.0,,877.0,1978.0,,,,,2147.0,2968.0,,,3247.0,2333.0,3739.0,,,2974.0,,,,3755.0,
,923.0,347.0,,1804.0,3167.0,,,,,774.0,3328.0,,,1458.0,1712.0,44.0,,,,,,,1122.0,
,1472.0,3023.0,,3263.0,993.0,,,,,1471.0,75.0,,,2877.0,2563.0,1418.0,,,,,,,1606.0,
,625.0,348.0,,2402.0,2857.0,,,,,785.0,2659.0,,,2150.0,3807.0,85.0,,,,,,,378.0,
,1454.0,3107.0,,1628.0,3841.0,,,,,1694.0,1211.0,,,1379.0,3191.0,3210.0,,,,,,,1758.0,
,1165.0,3274.0,,272.0,2882.0,,,,,3126.0,2986.0,,,261.0,3204.0,1571.0,,,,,,,1182.0,
,2365.0,2931.0,,3307.0,2152.0,,,,,2324.0,3290.0,,,2938.0,3099.0,1878.0,,,,,,,2912.0,
,1980.0,3623.0,,3269.0,2464.0,,,,,85.0,2633.0,,,353.0,1239.0,1772.0,,,,,,,1988.0,
,1057.0,2586.0,,585.0,2707.0,,,,,971.0,3016.0,,,1349.0,933.0,755.0,,,,,,,850.0,
,828.0,2042.0,,858.0,916.0,,,,,2742.0,1460.0,,,2329.0,1152.0,1388.0,,,,,,,3501.0,
,1426.0,2767.0,,2504.0,2548.0,,,,,3089.0,2392.0,,,2114.0,1294.0,286.0,,,,,,,2092.0,
,1507.0,2636.0,,35.0,1275.0,,,,,1207.0,47.0,,,1460.0,1284.0,3681.0,,,,,,,1312.0,
,1927.0,1209.0,,170.0,357.0,,,,,3491.0,195.0,,,3805.0,2665.0,3379.0,,,,,,,3471.0,
,1180.0,2632.0,,1161.0,346.0,,,,,2974.0,2129.0,,,2284.0,2366.0,3594.0,,,,,,,1761.0,
,2816.0,3814.0,,1348.0,1832.0,,,,,,1907.0,,,631.0,1458.0,3142.0,,,,,,,3074.0,
,896.0,3478.0,,2919.0,2509.0,,,,,,3549.0,,,998.0,830.0,2816.0,,,,,,,1982.0,
,2552.0,3122.0,,1958.0,3866.0,,,,,,768.0,,,1195.0,1206.0,1035.0,,,,,,,2445.0,
,3765.0,2289.0,,1831.0,1034.0,,,,,,753.0,,,671.0,676.0,818.0,,,,,,,2733.0,
,2736.0,382.0,,2155.0,3593.0,,,,,,794.0,,,1552.0,246.0,2912.0,,,,,,,328.0,
,1207.0,1818.0,,1369.0,1437.0,,,,,,2190.0,,,3867.0,230.0,3042.0,,,,,,,1109.0,
,2603.0,2082.0,,1966.0,2680.0,,,,,,1139.0,,,1955.0,2133.0,3070.0,,,,,,,935.0,
,2839.0,2499.0,,2799.0,80.0,,,,,,3451.0,,,1445.0,2357.0,1353.0,,,,,,,158.0,
,3701.0,1258.0,,9.0,882.0,,,,,,1486.0,,,980.0,714.0,2757.0,,,,,,,3139.0,
,2898.0,2745.0,,1228.0,930.0,,,,,,168.0,,,3604.0,2343.0,1704.0,,,,,,,1472.0,
,3580.0,2449.0,,177.0,3712.0,,,,,,1351.0,,,293.0,3346.0,1590.0,,,,,,,3461.0,
,193.0,2757.0,,2939.0,2115.0,,,,,,2189.0,,,3376.0,1605.0,2428.0,,,,,,,749.0,
,2385.0,1663.0,,3845.0,2184.0,,,,,,2805.0,,,469.0,3143.0,3880.0,,,,,,,3839.0,
,944.0,2863.0,,1728.0,3122.0,,,,,,3073.0,,,1444.0,1172.0,549.0,,,,,,,1786.0,
,2248.0,444.0,,1940.0,586.0,,,,,,337.0,,,3752.0,2072.0,368.0,,,,,,,1882.0,
,2602.0,2017.0,,3070.0,253.0,,,,,,1350.0,,,3065.0,2050.0,965.0,,,,,,,1410.0,
,3324.0,823.0,,1260.0,2472.0,,,,,,1175.0,,,2169.0,2636.0,2109.0,,,,,,,1280.0,
,1448.0,2189.0,,158.0,959.0,,,,,,2814.0,,,1493.0,1168.0,3409.0,,,,,,,3599.0,
,2271.0,3400.0,,3735.0,1336.0,,,,,,3662.0,,,2608.0,342.0,1394.0,,,,,,,845.0,
,1534.0,81.0,,1900.0,1026.0,,,,,,3535.0,,,216.0,1879.0,498.0,,,,,,,305.0,
,3294.0,101.0,,2265.0,2841.0,,,,,,1153.0,,,2610.0,736.0,2372.0,,,,,,,1319.0,
,993.0,2030.0,,3472.0,1367.0,,,,,,1148.0,,,719.0,994.0,104.0,,,,,,,3295.0,
,872.0,679.0,,2117.0,77.0,,,,,,257.0,,,3020.0,1019.0,399.0,,,,,,,1309.0,
,3184.0,481.0,,2376.0,35.0,,,,,,1847.0,,,1647.0,1010.0,1223.0,,,,,,,3504.0,
,3210.0,892.0,,2574.0,3535.0,,,,,,2640.0,,,2186.0,1035.0,2327.0,,,,,,,3158.0,
,854.0,527.0,,940.0,2929.0,,,,,,3838.0,,,1639.0,2527.0,3903.0,,,,,,,3366.0,
,480.0,3687.0,,2144.0,3200.0,,,,,,747.0,,,383.0,754.0,2242.0,,,,,,,3474.0,
,183.0,2628.0,,1607.0,892.0,,,,,,838.0,,,2373.0,755.0,2554.0,,,,,,,1890.0,
,2219.0,900.0,,1928.0,522.0,,,,,,2947.0,,,1875.0,510.0,2320.0,,,,,,,2397.0,
,3436.0,1721.0,,3465.0,260.0,,,,,,2997.0,,,2395.0,2243.0,459.0,,,,,,,3182.0,
,622.0,3532.0,,2576.0,2016.0,,,,,,23.0,,,3807.0,2389.0,664.0,,,,,,,3720.0,
,389.0,2782.0,,2257.0,2744.0,,,,,,46.0,,,3667.0,1226.0,3033.0,,,,,,,134.0,
,742.0,3440.0,,854.0,2914.0,,,,,,3716.0,,,492.0,3702.0,3583.0,,,,,,,117.0,
,3644.0,144.0,,1482.0,2147.0,,,,,,1185.0,,,2797.0,633.0,3141.0,,,,,,,1108.0,
,682.0,421.0,,2039.0,264.0,,,,,,3319.0,,,1801.0,2407.0,2374.0,,,,,,,2709.0,
,87.0,2915.0,,1570.0,2418.0,,,,,,3304.0,,,728.0,2928.0,2873.0,,,,,,,2766.0,
,3437.0,2043.0,,1210.0,2491.0,,,,,,475.0,,,1169.0,250.0,3071.0,,,,,,,1793.0,
,2983.0,2092.0,,64.0,3056.0,,,,,,602.0,,,3706.0,292.0,2993.0,,,,,,,924.0,
,2581.0,2388.0,,707.0,2953.0,,,,,,37.0,,,3645.0,2751.0,1654.0,,,,,,,669.0,
,3348.0,2316.0,,218.0,3137.0,,,,,,3794.0,,,2872.0,1842.0,3132.0,,,,,,,2206.0,
,2375.0,103.0,,1487.0,3401.0,,,,,,1424.0,,,2113.0,1000.0,3102.0,,,,,,,2476.0,
,2429.0,944.0,,3391.0,3155.0,,,,,,2536.0,,,415.0,2310.0,3639.0,,,,,,,1045.0,
,1121.0,1087.0,,2095.0,1772.0,,,,,,2788.0,,,2563.0,985.0,919.0,,,,,,,2173.0,
,2936.0,3263.0,,1985.0,3134.0,,,,,,1828.0,,,1056.0,1805.0,1194.0,,,,,,,1956.0,
,317.0,1169.0,,1993.0,3080.0,,,,,,2627.0,,,2245.0,303.0,334.0,,,,,,,2705.0,
,235.0,1906.0,,2335.0,990.0,,,,,,351.0,,,2443.0,1205.0,1627.0,,,,,,,1585.0,
,3571.0,1304.0,,795.0,2658.0,,,,,,2867.0,,,2974.0,2891.0,2328.0,,,,,,,3101.0,
,890.0,2249.0,,416.0,2671.0,,,,,,1581.0,,,,1711.0,2386.0,,,,,,,1673.0,
,1851.0,2393.0,,868.0,3793.0,,,,,,3263.0,,,,2493.0,1490.0,,,,,,,3262.0,
,3042.0,2939.0,,2465.0,3558.0,,,,,,3863.0,,,,1337.0,2891.0,,,,,,,1779.0,
,423.0,959.0,,3729.0,2974.0,,,,,,454.0,,,,336.0,3352.0,,,,,,,1480.0,
,1869.0,2279.0,,2999.0,,,,,,,1717.0,,,,3126.0,2266.0,,,,,,,3364.0,
,537.0,1532.0,,2874.0,,,,,,,615.0,,,,1699.0,2288.0,,,,,,,3713.0,
,3793.0,2342.0,,3325.0,,,,,,,1320.0,,,,625.0,2093.0,,,,,,,3286.0,
,940.0,1708.0,,2312.0,,,,,,,3453.0,,,,3619.0,1526.0,,,,,,,3835.0,
,3028.0,2132.0,,2926.0,,,,,,,746.0,,,,3207.0,1034.0,,,,,,,3411.0,
,2195.0,3861.0,,1406.0,,,,,,,327.0,,,,2851.0,1270.0,,,,,,,345.0,
,2254.0,2684.0,,3350.0,,,,,,,2148.0,,,,1160.0,3527.0,,,,,,,2398.0,
,100.0,2760.0,,574.0,,,,,,,2332.0,,,,3164.0,1510.0,,,,,,,603.0,
,1407.0,3522.0,,179.0,,,,,,,3575.0,,,,571.0,1658.0,,,,,,,2880.0,
,1113.0,1970.0,,2411.0,,,,,,,3482.0,,,,2095.0,1888.0,,,,,,,963.0,
,3238.0,3105.0,,3093.0,,,,,,,1736.0,,,,803.0,3497.0,,,,,,,2481.0,
,1535.0,228.0,,1522.0,,,,,,,3867.0,,,,710.0,2850.0,,,,,,,1960.0,
,1572.0,3767.0,,2366.0,,,,,,,1123.0,,,,2324.0,1984.0,,,,,,,1965.0,
,2252.0,3553.0,,789.0,,,,,,,3179.0,,,,3336.0,3862.0,,,,,,,1417.0,
,3759.0,798.0,,1973.0,,,,,,,2035.0,,,,3383.0,2407.0,,,,,,,2002.0,
,2421.0,1787.0,,2352.0,,,,,,,854.0,,,,3680.0,2692.0,,,,,,,3225.0,
,1422.0,2269.0,,1082.0,,,,,,,2893.0,,,,2347.0,3171.0,,,,,,,783.0,
,648.0,2174.0,,390.0,,,,,,,1056.0,,,,3186.0,453.0,,,,,,,2974.0,
,2471.0,2033.0,,2815.0,,,,,,,2819.0,,,,1902.0,1238.0,,,,,,,,
,603.0,2203.0,,1953.0,,,,,,,660.0,,,,657.0,1090.0,,,,,,,,
,2659.0,1614.0,,3840.0,,,,,,,388.0,,,,3896.0,3032.0,,,,,,,,
,1051.0,2382.0,,2733.0,,,,,,,3334.0,,,,1549.0,296.0,,,,,,,,
,3809.0,734.0,,3633.0,,,,,,,3811.0,,,,3800.0,740.0,,,,,,,,
,1362.0,2649.0,,3879.0,,,,,,,1842.0,,,,3740.0,3734.0,,,,,,,,
,147.0,1679.0,,3215.0,,,,,,,2448.0,,,,2744.0,3420.0,,,,,,,,
,1916.0,2618.0,,2701.0,,,,,,,3473.0,,,,147.0,3704.0,,,,,,,,
,669.0,3090.0,,1748.0,,,,,,,1082.0,,,,425.0,1488.0,,,,,,,,
,974.0,2714.0,,942.0,,,,,,,1699.0,,,,1567.0,365.0,,,,,,,,
,246.0,3613.0,,3515.0,,,,,,,1802.0,,,,1257.0,1169.0,,,,,,,,
,3206.0,2695.0,,1698.0,,,,,,,1474.0,,,,2317.0,3503.0,,,,,,,,
,3816.0,2754.0,,3808.0,,,,,,,1848.0,,,,1821.0,3523.0,,,,,,,,
,474.0,1705.0,,410.0,,,,,,,1405.0,,,,1496.0,651.0,,,,,,,,
,3281.0,2522.0,,3520.0,,,,,,,2771.0,,,,146.0,1976.0,,,,,,,,
,1202.0,1384.0,,2327.0,,,,,,,2032.0,,,,1192.0,2954.0,,,,,,,,
,445.0,304.0,,2827.0,,,,,,,3168.0,,,,1826.0,1139.0,,,,,,,,
,1817.0,223.0,,3488.0,,,,,,,3601.0,,,,2879.0,3035.0,,,,,,,,
,144.0,495.0,,489.0,,,,,,,2713.0,,,,2754.0,1316.0,,,,,,,,
,705.0,2540.0,,1590.0,,,,,,,2106.0,,,,20.0,3689.0,,,,,,,,
,2200.0,1016.0,,2972.0,,,,,,,782.0,,,,1056.0,1421.0,,,,,,,,
,1947.0,243.0,,685.0,,,,,,,1820.0,,,,3724.0,946.0,,,,,,,,
,287.0,3126.0,,2861.0,,,,,,,3237.0,,,,3588.0,3328.0,,,,,,,,
,3323.0,2362.0,,1568.0,,,,,,,2729.0,,,,2160.0,2162.0,,,,,,,,
,3606.0,2371.0,,3475.0,,,,,,,2846.0,,,,188.0,1391.0,,,,,,,,
,441.0,2807.0,,2259.0,,,,,,,2386.0,,,,837.0,3515.0,,,,,,,,
,2216.0,1307.0,,1582.0,,,,,,,378.0,,,,252.0,1963.0,,,,,,,,
,1993.0,1803.0,,2186.0,,,,,,,1048.0,,,,1774.0,2435.0,,,,,,,,
,1364.0,3758.0,,1354.0,,,,,,,2770.0,,,,1194.0,352.0,,,,,,,,
,2020.0,2717.0,,2045.0,,,,,,,1628.0,,,,861.0,33.0,,,,,,,,
,2646.0,2876.0,,465.0,,,,,,,2207.0,,,,3169.0,2729.0,,,,,,,,
,358.0,1141.0,,3216.0,,,,,,,814.0,,,,2887.0,1609.0,,,,,,,,
,387.0,3345.0,,1588.0,,,,,,,3779.0,,,,959.0,1566.0,,,,,,,,
,2488.0,2379.0,,987.0,,,,,,,1341.0,,,,34.0,3196.0,,,,,,,,
,2399.0,1665.0,,1520.0,,,,,,,2193.0,,,,2373.0,728.0,,,,,,,,
,3116.0,2238.0,,2106.0,,,,,,,2812.0,,,,2927.0,1073.0,,,,,,,,
,505.0,491.0,,1901.0,,,,,,,2618.0,,,,2642.0,613.0,,,,,,,,
,839.0,2970.0,,1918.0,,,,,,,2362.0,,,,387.0,2902.0,,,,,,,,
,2851.0,301.0,,2082.0,,,,,,,1831.0,,,,1833.0,955.0,,,,,,,,
,1194.0,3234.0,,2886.0,,,,,,,2057.0,,,,406.0,1735.0,,,,,,,,
,250.0,41.0,,3659.0,,,,,,,56.0,,,,3100.0,767.0,,,,,,,,
,3380.0,2424.0,,1710.0,,,,,,,2639.0,,,,3317.0,3179.0,,,,,,,,
,1725.0,1505.0,,252.0,,,,,,,2945.0,,,,1064.0,962.0,,,,,,,,
,1582.0,2781.0,,1086.0,,,,,,,3587.0,,,,224.0,2514.0,,,,,,,,
,2740.0,826.0,,3501.0,,,,,,,1920.0,,,,3211.0,996.0,,,,,,,,
,1196.0,1246.0,,813.0,,,,,,,403.0,,,,3710.0,1001.0,,,,,,,,
,2800.0,3106.0,,2632.0,,,,,,,2883.0,,,,2348.0,3137.0,,,,,,,,
,3526.0,1292.0,,243.0,,,,,,,2441.0,,,,1660.0,1345.0,,,,,,,,
,2713.0,1583.0,,1107.0,,,,,,,304.0,,,,2884.0,1798.0,,,,,,,,
,2905.0,3528.0,,3843.0,,,,,,,239.0,,,,698.0,2541.0,,,,,,,,
,316.0,2020.0,,2337.0,,,,,,,3135.0,,,,3043.0,2265.0,,,,,,,,
,1939.0,831.0,,679.0,,,,,,,627.0,,,,1309.0,2544.0,,,,,,,,
,1234.0,1444.0,,655.0,,,,,,,859.0,,,,3578.0,636.0,,,,,,,,
,935.0,2207.0,,3581.0,,,,,,,1910.0,,,,2742.0,375.0,,,,,,,,
,799.0,1338.0,,260.0,,,,,,,3022.0,,,,2573.0,1557.0,,,,,,,,
,618.0,1333.0,,147.0,,,,,,,2737.0,,,,1220.0,701.0,,,,,,,,
,2966.0,1645.0,,1830.0,,,,,,,613.0,,,,700.0,2019.0,,,,,,,,
,2211.0,1840.0,,1014.0,,,,,,,3659.0,,,,1299.0,1451.0,,,,,,,,
,3001.0,1537.0,,212.0,,,,,,,1627.0,,,,372.0,723.0,,,,,,,,
,2142.0,3542.0,,1504.0,,,,,,,3015.0,,,,1065.0,2813.0,,,,,,,,
,1506.0,2857.0,,22.0,,,,,,,3267.0,,,,1983.0,3474.0,,,,,,,,
,583.0,1541.0,,3171.0,,,,,,,16.0,,,,3287.0,3485.0,,,,,,,,
,1647.0,3294.0,,2573.0,,,,,,,329.0,,,,2762.0,1677.0,,,,,,,,
,239.0,2872.0,,2850.0,,,,,,,2515.0,,,,2552.0,3543.0,,,,,,,,
,159.0,1263.0,,922.0,,,,,,,574.0,,,,3892.0,2933.0,,,,,,,,
,1581.0,2415.0,,1542.0,,,,,,,1740.0,,,,2399.0,2119.0,,,,,,,,
,1342.0,664.0,,2389.0,,,,,,,3137.0,,,,1513.0,2284.0,,,,,,,,
,3166.0,3407.0,,2350.0,,,,,,,280.0,,,,2170.0,2806.0,,,,,,,,
,3037.0,3186.0,,73.0,,,,,,,3738.0,,,,69.0,3317.0,,,,,,,,
,1796.0,126.0,,3514.0,,,,,,,3734.0,,,,1237.0,1602.0,,,,,,,,
,1064.0,2580.0,,3441.0,,,,,,,3454.0,,,,419.0,465.0,,,,,,,,
,1514.0,1392.0,,2683.0,,,,,,,573.0,,,,951.0,574.0,,,,,,,,
,870.0,2301.0,,2494.0,,,,,,,1404.0,,,,2180.0,3788.0,,,,,,,,
,3396.0,813.0,,2994.0,,,,,,,2642.0,,,,2691.0,711.0,,,,,,,,
,2134.0,24.0,,1503.0,,,,,,,356.0,,,,1090.0,2886.0,,,,,,,,
,1391.0,3065.0,,3174.0,,,,,,,1734.0,,,,1032.0,2324.0,,,,,,,,
,1803.0,2923.0,,3355.0,,,,,,,2521.0,,,,3305.0,1445.0,,,,,,,,
,2424.0,2045.0,,468.0,,,,,,,822.0,,,,509.0,216.0,,,,,,,,
,3065.0,3500.0,,3666.0,,,,,,,2549.0,,,,2251.0,1273.0,,,,,,,,
,3853.0,862.0,,1262.0,,,,,,,87.0,,,,574.0,473.0,,,,,,,,
,3889.0,3850.0,,3289.0,,,,,,,1255.0,,,,634.0,3197.0,,,,,,,,
,319.0,2182.0,,3005.0,,,,,,,1229.0,,,,1485.0,541.0,,,,,,,,
,49.0,1530.0,,2016.0,,,,,,,1132.0,,,,709.0,2533.0,,,,,,,,
,1381.0,1219.0,,1298.0,,,,,,,792.0,,,,2848.0,547.0,,,,,,,,
,2341.0,1888.0,,1740.0,,,,,,,1611.0,,,,2808.0,2978.0,,,,,,,,
,2792.0,2302.0,,998.0,,,,,,,1243.0,,,,1891.0,3019.0,,,,,,,,
,1206.0,825.0,,1498.0,,,,,,,3390.0,,,,928.0,2536.0,,,,,,,,
,2063.0,1222.0,,593.0,,,,,,,1171.0,,,,1710.0,2127.0,,,,,,,,
,1732.0,2511.0,,285.0,,,,,,,3602.0,,,,562.0,2690.0,,,,,,,,
,2619.0,1003.0,,1606.0,,,,,,,1032.0,,,,1453.0,2943.0,,,,,,,,
,1055.0,2456.0,,1763.0,,,,,,,176.0,,,,3469.0,295.0,,,,,,,,
,3713.0,1321.0,,3622.0,,,,,,,1576.0,,,,3131.0,2991.0,,,,,,,,
,1200.0,3709.0,,2620.0,,,,,,,1281.0,,,,2431.0,3562.0,,,,,,,,
,765.0,3529.0,,419.0,,,,,,,2348.0,,,,298.0,3324.0,,,,,,,,
,1574.0,398.0,,3148.0,,,,,,,3472.0,,,,1126.0,3822.0,,,,,,,,
,342.0,3744.0,,1671.0,,,,,,,1596.0,,,,3916.0,2038.0,,,,,,,,
,2785.0,3164.0,,1038.0,,,,,,,2175.0,,,,3227.0,1539.0,,,,,,,,
,407.0,837.0,,640.0,,,,,,,949.0,,,,1752.0,2353.0,,,,,,,,
,687.0,283.0,,711.0,,,,,,,3115.0,,,,814.0,2562.0,,,,,,,,
,3690.0,3842.0,,3855.0,,,,,,,2065.0,,,,1827.0,2392.0,,,,,,,,
,467.0,1743.0,,2464.0,,,,,,,3658.0,,,,1672.0,2244.0,,,,,,,,
,3086.0,1622.0,,3357.0,,,,,,,1360.0,,,,162.0,2738.0,,,,,,,,
,1477.0,537.0,,3245.0,,,,,,,1986.0,,,,1359.0,1702.0,,,,,,,,
,377.0,1343.0,,3617.0,,,,,,,1804.0,,,,1459.0,560.0,,,,,,,,
,2526.0,3394.0,,1259.0,,,,,,,531.0,,,,3571.0,3553.0,,,,,,,,
,3908.0,3036.0,,281.0,,,,,,,3308.0,,,,3790.0,1543.0,,,,,,,,
,2317.0,663.0,,3798.0,,,,,,,3110.0,,,,2476.0,3218.0,,,,,,,,
,1353.0,102.0,,3887.0,,,,,,,1534.0,,,,109.0,282.0,,,,,,,,
,3060.0,3710.0,,1834.0,,,,,,,367.0,,,,3426.0,682.0,,,,,,,,
,3565.0,3915.0,,467.0,,,,,,,1780.0,,,,2323.0,814.0,,,,,,,,
,428.0,3847.0,,2084.0,,,,,,,3105.0,,,,2814.0,2899.0,,,,,,,,
,106.0,50.0,,1559.0,,,,,,,2556.0,,,,1003.0,3829.0,,,,,,,,
,2159.0,945.0,,3023.0,,,,,,,1165.0,,,,820.0,3781.0,,,,,,,,
,1382.0,3247.0,,635.0,,,,,,,2159.0,,,,494.0,254.0,,,,,,,,
,2072.0,3132.0,,597.0,,,,,,,853.0,,,,3774.0,1423.0,,,,,,,,
,738.0,770.0,,3306.0,,,,,,,2644.0,,,,1742.0,3811.0,,,,,,,,
,2791.0,808.0,,1152.0,,,,,,,1077.0,,,,1002.0,2089.0,,,,,,,,
,1123.0,626.0,,2775.0,,,,,,,270.0,,,,738.0,3863.0,,,,,,,,
,680.0,2283.0,,2015.0,,,,,,,1150.0,,,,2728.0,3318.0,,,,,,,,
,611.0,2094.0,,3120.0,,,,,,,3280.0,,,,121.0,1172.0,,,,,,,,
,925.0,838.0,,2301.0,,,,,,,2611.0,,,,2408.0,1379.0,,,,,,,,
,3250.0,2805.0,,3316.0,,,,,,,69.0,,,,3234.0,342.0,,,,,,,,
,1701.0,2890.0,,2130.0,,,,,,,971.0,,,,669.0,3178.0,,,,,,,,
,3718.0,2585.0,,348.0,,,,,,,1701.0,,,,2176.0,1988.0,,,,,,,,
,2902.0,2228.0,,3882.0,,,,,,,2765.0,,,,2610.0,618.0,,,,,,,,
,1496.0,560.0,,3004.0,,,,,,,1356.0,,,,3052.0,1085.0,,,,,,,,
,2910.0,987.0,,613.0,,,,,,,1561.0,,,,2223.0,1263.0,,,,,,,,
,1400.0,972.0,,1818.0,,,,,,,1956.0,,,,1860.0,813.0,,,,,,,,
,79.0,747.0,,217.0,,,,,,,106.0,,,,1399.0,138.0,,,,,,,,
,3414.0,3172.0,,3881.0,,,,,,,3139.0,,,,1787.0,1134.0,,,,,,,,
,3717.0,2984.0,,2249.0,,,,,,,2455.0,,,,3280.0,1125.0,,,,,,,,
,1636.0,1006.0,,2853.0,,,,,,,2184.0,,,,1355.0,2880.0,,,,,,,,
,1470.0,1111.0,,527.0,,,,,,,3255.0,,,,2395.0,1362.0,,,,,,,,
,3084.0,2712.0,,3634.0,,,,,,,2022.0,,,,953.0,1698.0,,,,,,,,
,3397.0,1092.0,,2433.0,,,,,,,3478.0,,,,3303.0,1831.0,,,,,,,,
,117.0,3499.0,,689.0,,,,,,,3336.0,,,,1191.0,285.0,,,,,,,,
,363.0,1962.0,,2508.0,,,,,,,3125.0,,,,1265.0,1187.0,,,,,,,,
,2620.0,1953.0,,318.0,,,,,,,3586.0,,,,3894.0,2103.0,,,,,,,,
,3647.0,2740.0,,1108.0,,,,,,,940.0,,,,3368.0,2983.0,,,,,,,,
,3516.0,1896.0,,2564.0,,,,,,,2876.0,,,,1662.0,2247.0,,,,,,,,
,1608.0,807.0,,906.0,,,,,,,2865.0,,,,888.0,2714.0,,,,,,,,
,1675.0,3284.0,,1361.0,,,,,,,1127.0,,,,3242.0,2117.0,,,,,,,,
,452.0,1023.0,,3455.0,,,,,,,985.0,,,,637.0,2144.0,,,,,,,,
,3111.0,3731.0,,373.0,,,,,,,1023.0,,,,1264.0,23.0,,,,,,,,
,754.0,1496.0,,3243.0,,,,,,,528.0,,,,3485.0,2670.0,,,,,,,,
,2569.0,885.0,,331.0,,,,,,,539.0,,,,1164.0,377.0,,,,,,,,
,3651.0,336.0,,2597.0,,,,,,,1786.0,,,,3656.0,3237.0,,,,,,,,
,579.0,3439.0,,3452.0,,,,,,,3861.0,,,,989.0,3183.0,,,,,,,,
,1652.0,3860.0,,3494.0,,,,,,,2671.0,,,,877.0,3307.0,,,,,,,,
,3083.0,1814.0,,3467.0,,,,,,,2224.0,,,,47.0,2623.0,,,,,,,,
,558.0,1846.0,,3406.0,,,,,,,312.0,,,,2566.0,3730.0,,,,,,,,
,823.0,1192.0,,1156.0,,,,,,,3608.0,,,,2077.0,3386.0,,,,,,,,
,1220.0,3772.0,,862.0,,,,,,,1174.0,,,,1717.0,3054.0,,,,,,,,
,961.0,2765.0,,3373.0,,,,,,,1006.0,,,,873.0,2361.0,,,,,,,,
,2255.0,3199.0,,2599.0,,,,,,,861.0,,,,3387.0,298.0,,,,,,,,
,116.0,3076.0,,145.0,,,,,,,103.0,,,,3741.0,1357.0,,,,,,,,
,1903.0,1124.0,,1642.0,,,,,,,3380.0,,,,495.0,3466.0,,,,,,,,
,2000.0,1330.0,,2066.0,,,,,,,3647.0,,,,3859.0,1507.0,,,,,,,,
,1788.0,3741.0,,2408.0,,,,,,,917.0,,,,902.0,1739.0,,,,,,,,
,1576.0,496.0,,2927.0,,,,,,,1214.0,,,,3197.0,11.0,,,,,,,,
,2312.0,2653.0,,1467.0,,,,,,,2070.0,,,,2748.0,532.0,,,,,,,,
,3555.0,1669.0,,121.0,,,,,,,3501.0,,,,854.0,619.0,,,,,,,,
,2970.0,494.0,,2549.0,,,,,,,1344.0,,,,2398.0,380.0,,,,,,,,
,1301.0,2402.0,,1690.0,,,,,,,568.0,,,,845.0,754.0,,,,,,,,
,1297.0,578.0,,1341.0,,,,,,,3243.0,,,,141.0,2630.0,,,,,,,,
,503.0,2512.0,,1057.0,,,,,,,578.0,,,,2377.0,784.0,,,,,,,,
,3336.0,3844.0,,178.0,,,,,,,1257.0,,,,2868.0,3870.0,,,,,,,,
,3075.0,2291.0,,3085.0,,,,,,,3832.0,,,,1737.0,2293.0,,,,,,,,
,3326.0,632.0,,590.0,,,,,,,2316.0,,,,2517.0,447.0,,,,,,,,
,1773.0,3118.0,,1083.0,,,,,,,3749.0,,,,1632.0,2434.0,,,,,,,,
,891.0,2404.0,,2863.0,,,,,,,1331.0,,,,2745.0,1493.0,,,,,,,,
,1645.0,193.0,,1409.0,,,,,,,1604.0,,,,1457.0,134.0,,,,,,,,
,3679.0,2063.0,,3432.0,,,,,,,2116.0,,,,2825.0,253.0,,,,,,,,
,3655.0,1965.0,,3848.0,,,,,,,3363.0,,,,2328.0,83.0,,,,,,,,
,1189.0,1714.0,,2318.0,,,,,,,3642.0,,,,177.0,1614.0,,,,,,,,
,665.0,2253.0,,841.0,,,,,,,3167.0,,,,753.0,3673.0,,,,,,,,
,2351.0,3817.0,,3724.0,,,,,,,1834.0,,,,1029.0,1129.0,,,,,,,,
,2243.0,776.0,,1880.0,,,,,,,1531.0,,,,782.0,337.0,,,,,,,,
,3585.0,2140.0,,364.0,,,,,,,3027.0,,,,3198.0,1608.0,,,,,,,,
,313.0,1848.0,,2952.0,,,,,,,1541.0,,,,1356.0,3770.0,,,,,,,,
,3779.0,342.0,,3764.0,,,,,,,1869.0,,,,2886.0,2853.0,,,,,,,,
,2784.0,1700.0,,1858.0,,,,,,,2151.0,,,,566.0,1565.0,,,,,,,,
,2410.0,2032.0,,411.0,,,,,,,2458.0,,,,1187.0,2472.0,,,,,,,,
,2777.0,1486.0,,3204.0,,,,,,,567.0,,,,2510.0,135.0,,,,,,,,
,2319.0,970.0,,709.0,,,,,,,81.0,,,,3376.0,3090.0,,,,,,,,
,3824.0,2559.0,,265.0,,,,,,,994.0,,,,3320.0,2062.0,,,,,,,,
,585.0,3821.0,,180.0,,,,,,,2339.0,,,,2922.0,1222.0,,,,,,,,
,1624.0,1113.0,,3264.0,,,,,,,1484.0,,,,3225.0,2559.0,,,,,,,,
,874.0,743.0,,2000.0,,,,,,,2646.0,,,,124.0,1943.0,,,,,,,,
,3522.0,2268.0,,3097.0,,,,,,,2256.0,,,,1314.0,529.0,,,,,,,,
,1304.0,1497.0,,1130.0,,,,,,,547.0,,,,590.0,3572.0,,,,,,,,
,1555.0,1734.0,,1314.0,,,,,,,3542.0,,,,618.0,426.0,,,,,,,,
,3029.0,1891.0,,1779.0,,,,,,,959.0,,,,217.0,3756.0,,,,,,,,
,702.0,3305.0,,1303.0,,,,,,,3606.0,,,,3477.0,1748.0,,,,,,,,
,513.0,3231.0,,2923.0,,,,,,,2692.0,,,,1268.0,1039.0,,,,,,,,
,1685.0,3017.0,,1678.0,,,,,,,3032.0,,,,3754.0,963.0,,,,,,,,
,2873.0,3304.0,,3526.0,,,,,,,3835.0,,,,1763.0,3247.0,,,,,,,,
,2824.0,1608.0,,2953.0,,,,,,,2877.0,,,,3047.0,2429.0,,,,,,,,
,273.0,222.0,,957.0,,,,,,,1491.0,,,,1188.0,3150.0,,,,,,,,
,3552.0,2326.0,,450.0,,,,,,,1547.0,,,,2288.0,2487.0,,,,,,,,
,1858.0,1843.0,,2380.0,,,,,,,3467.0,,,,537.0,571.0,,,,,,,,
,715.0,1026.0,,3625.0,,,,,,,1693.0,,,,3676.0,1617.0,,,,,,,,
,2440.0,3087.0,,1194.0,,,,,,,813.0,,,,2048.0,3837.0,,,,,,,,
,249.0,2905.0,,2935.0,,,,,,,2940.0,,,,1271.0,2337.0,,,,,,,,
,804.0,2655.0,,2929.0,,,,,,,512.0,,,,3783.0,1914.0,,,,,,,,
,3634.0,2127.0,,2315.0,,,,,,,1792.0,,,,145.0,756.0,,,,,,,,
,3146.0,2276.0,,1863.0,,,,,,,3084.0,,,,3742.0,2997.0,,,,,,,,
,2372.0,2053.0,,1431.0,,,,,,,3634.0,,,,944.0,1058.0,,,,,,,,
,813.0,1429.0,,3101.0,,,,,,,1275.0,,,,3693.0,1839.0,,,,,,,,
,216.0,2804.0,,1723.0,,,,,,,2992.0,,,,2292.0,2831.0,,,,,,,,
,1983.0,221.0,,2603.0,,,,,,,3391.0,,,,3696.0,1067.0,,,,,,,,
,3598.0,464.0,,18.0,,,,,,,3894.0,,,,3399.0,3521.0,,,,,,,,
,1727.0,634.0,,3145.0,,,,,,,1201.0,,,,3021.0,1940.0,,,,,,,,
,2823.0,86.0,,3569.0,,,,,,,3776.0,,,,3875.0,527.0,,,,,,,,
,1104.0,1175.0,,3290.0,,,,,,,323.0,,,,3217.0,1299.0,,,,,,,,
,2210.0,3327.0,,1088.0,,,,,,,1640.0,,,,2500.0,1383.0,,,,,,,,
,548.0,2704.0,,328.0,,,,,,,646.0,,,,1865.0,779.0,,,,,,,,
,334.0,100.0,,3770.0,,,,,,,3386.0,,,,2204.0,303.0,,,,,,,,
,642.0,3110.0,,1325.0,,,,,,,3620.0,,,,2854.0,1196.0,,,,,,,,
,2554.0,1900.0,,58.0,,,,,,,3163.0,,,,2316.0,284.0,,,,,,,,
,3399.0,3752.0,,814.0,,,,,,,2593.0,,,,3351.0,2542.0,,,,,,,,
,2767.0,3628.0,,2514.0,,,,,,,3068.0,,,,1181.0,2045.0,,,,,,,,
,2426.0,1750.0,,2662.0,,,,,,,2658.0,,,,311.0,610.0,,,,,,,,
,2617.0,1662.0,,3883.0,,,,,,,1753.0,,,,295.0,2136.0,,,,,,,,
,829.0,3223.0,,3299.0,,,,,,,514.0,,,,3890.0,661.0,,,,,,,,
,3702.0,2315.0,,1906.0,,,,,,,3260.0,,,,2749.0,1864.0,,,,,,,,
,3038.0,1416.0,,3912.0,,,,,,,109.0,,,,1305.0,2155.0,,,,,,,,
,403.0,588.0,,2378.0,,,,,,,719.0,,,,1645.0,2684.0,,,,,,,,
,129.0,995.0,,540.0,,,,,,,3525.0,,,,3059.0,505.0,,,,,,,,
,1893.0,3427.0,,1463.0,,,,,,,2197.0,,,,3381.0,2451.0,,,,,,,,
,2368.0,3190.0,,3450.0,,,,,,,293.0,,,,2478.0,3216.0,,,,,,,,
,3464.0,2460.0,,185.0,,,,,,,982.0,,,,1286.0,736.0,,,,,,,,
,2150.0,3685.0,,412.0,,,,,,,931.0,,,,2076.0,2567.0,,,,,,,,
,354.0,653.0,,1217.0,,,,,,,3563.0,,,,916.0,676.0,,,,,,,,
,3181.0,2152.0,,765.0,,,,,,,1304.0,,,,302.0,960.0,,,,,,,,
,2929.0,3836.0,,3195.0,,,,,,,3726.0,,,,3463.0,2047.0,,,,,,,,
,1945.0,856.0,,2014.0,,,,,,,3673.0,,,,2656.0,395.0,,,,,,,,
,3652.0,47.0,,1339.0,,,,,,,1406.0,,,,3430.0,2267.0,,,,,,,,
,1090.0,3526.0,,857.0,,,,,,,2432.0,,,,3424.0,3382.0,,,,,,,,
,1972.0,2327.0,,3226.0,,,,,,,1282.0,,,,560.0,722.0,,,,,,,,
,2772.0,2495.0,,1846.0,,,,,,,3446.0,,,,1424.0,617.0,,,,,,,,
,2647.0,2763.0,,3150.0,,,,,,,288.0,,,,2981.0,1281.0,,,,,,,,
,820.0,1155.0,,2147.0,,,,,,,2622.0,,,,2944.0,1118.0,,,,,,,,
,3769.0,3444.0,,426.0,,,,,,,2378.0,,,,1762.0,643.0,,,,,,,,
,2505.0,841.0,,2093.0,,,,,,,3683.0,,,,3266.0,3535.0,,,,,,,,
,3136.0,266.0,,1153.0,,,,,,,153.0,,,,2461.0,1136.0,,,,,,,,
,3785.0,1232.0,,1924.0,,,,,,,3114.0,,,,1578.0,3076.0,,,,,,,,
,990.0,3202.0,,2539.0,,,,,,,876.0,,,,44.0,166.0,,,,,,,,
,2405.0,87.0,,2673.0,,,,,,,3859.0,,,,2501.0,3344.0,,,,,,,,
,311.0,3659.0,,614.0,,,,,,,3111.0,,,,1439.0,349.0,,,,,,,,
,2322.0,989.0,,850.0,,,,,,,59.0,,,,1455.0,2032.0,,,,,,,,
,1510.0,3782.0,,3880.0,,,,,,,3553.0,,,,3769.0,3677.0,,,,,,,,
,184.0,476.0,,30.0,,,,,,,3621.0,,,,2179.0,3066.0,,,,,,,,
,99.0,1646.0,,1971.0,,,,,,,1044.0,,,,1021.0,2885.0,,,,,,,,
,2392.0,2524.0,,946.0,,,,,,,2701.0,,,,3641.0,1070.0,,,,,,,,
,3426.0,3180.0,,362.0,,,,,,,1574.0,,,,1421.0,852.0,,,,,,,,
,621.0,443.0,,1401.0,,,,,,,750.0,,,,3003.0,2744.0,,,,,,,,
,951.0,824.0,,3822.0,,,,,,,2523.0,,,,2193.0,3859.0,,,,,,,,
,2084.0,58.0,,256.0,,,,,,,3885.0,,,,2765.0,77.0,,,,,,,,
,3639.0,2421.0,,401.0,,,,,,,1277.0,,,,1451.0,3702.0,,,,,,,,
,3091.0,2935.0,,2201.0,,,,,,,3515.0,,,,440.0,2988.0,,,,,,,,
,1783.0,3874.0,,1337.0,,,,,,,1163.0,,,,2583.0,1266.0,,,,,,,,
,435.0,1902.0,,901.0,,,,,,,3338.0,,,,1258.0,63.0,,,,,,,,
,3457.0,1686.0,,797.0,,,,,,,471.0,,,,2207.0,2625.0,,,,,,,,
,2218.0,2702.0,,2931.0,,,,,,,1865.0,,,,2505.0,1926.0,,,,,,,,
,1828.0,2806.0,,2917.0,,,,,,,2900.0,,,,3295.0,2972.0,,,,,,,,
,84.0,483.0,,2003.0,,,,,,,905.0,,,,1324.0,2408.0,,,,,,,,
,824.0,2756.0,,492.0,,,,,,,3688.0,,,,3905.0,2796.0,,,,,,,,
,288.0,440.0,,3888.0,,,,,,,654.0,,,,2097.0,810.0,,,,,,,,
,1088.0,1903.0,,859.0,,,,,,,2037.0,,,,2455.0,1239.0,,,,,,,,
,1006.0,3630.0,,2747.0,,,,,,,700.0,,,,2029.0,341.0,,,,,,,,
,3515.0,3796.0,,2704.0,,,,,,,3159.0,,,,1654.0,959.0,,,,,,,,
,1718.0,3409.0,,3265.0,,,,,,,2894.0,,,,2090.0,350.0,,,,,,,,
,1812.0,1352.0,,3284.0,,,,,,,457.0,,,,14.0,2280.0,,,,,,,,
,3209.0,1140.0,,447.0,,,,,,,1646.0,,,,699.0,666.0,,,,,,,,
,3233.0,2488.0,,2934.0,,,,,,,2259.0,,,,1362.0,2377.0,,,,,,,,
,677.0,3666.0,,2879.0,,,,,,,763.0,,,,2186.0,3460.0,,,,,,,,
,1157.0,2220.0,,441.0,,,,,,,595.0,,,,2027.0,2259.0,,,,,,,,
,3819.0,3523.0,,2499.0,,,,,,,799.0,,,,713.0,652.0,,,,,,,,
,63.0,130.0,,621.0,,,,,,,2784.0,,,,2349.0,1206.0,,,,,,,,
,803.0,1963.0,,151.0,,,,,,,1811.0,,,,1306.0,2521.0,,,,,,,,
,255.0,2592.0,,3783.0,,,,,,,1319.0,,,,3480.0,907.0,,,,,,,,
,1008.0,263.0,,1264.0,,,,,,,1503.0,,,,3637.0,3405.0,,,,,,,,
,566.0,1877.0,,1512.0,,,,,,,955.0,,,,3142.0,1062.0,,,,,,,,
,1804.0,1650.0,,1545.0,,,,,,,2906.0,,,,2737.0,1736.0,,,,,,,,
,2393.0,1106.0,,3850.0,,,,,,,489.0,,,,3028.0,2340.0,,,,,,,,
,3282.0,1791.0,,1470.0,,,,,,,3116.0,,,,2700.0,2867.0,,,,,,,,
,2241.0,518.0,,2157.0,,,,,,,2085.0,,,,3267.0,25.0,,,,,,,,
,1604.0,2307.0,,424.0,,,,,,,91.0,,,,173.0,3287.0,,,,,,,,
,1053.0,551.0,,157.0,,,,,,,1854.0,,,,2542.0,2576.0,,,,,,,,
,3541.0,1247.0,,2925.0,,,,,,,1782.0,,,,1402.0,1727.0,,,,,,,,
,258.0,3753.0,,729.0,,,,,,,191.0,,,,327.0,1725.0,,,,,,,,
,2041.0,15.0,,1323.0,,,,,,,1177.0,,,,3782.0,1674.0,,,,,,,,
,2352.0,2450.0,,725.0,,,,,,,3817.0,,,,2226.0,1017.0,,,,,,,,
,1551.0,3367.0,,815.0,,,,,,,1638.0,,,,1967.0,1392.0,,,,,,,,
,355.0,2403.0,,2588.0,,,,,,,2578.0,,,,2627.0,1989.0,,,,,,,,
,2992.0,408.0,,2006.0,,,,,,,2714.0,,,,1364.0,1520.0,,,,,,,,
,2604.0,1753.0,,2547.0,,,,,,,223.0,,,,24.0,3891.0,,,,,,,,
,783.0,2968.0,,143.0,,,,,,,553.0,,,,1480.0,968.0,,,,,,,,
,2915.0,1107.0,,3849.0,,,,,,,1544.0,,,,499.0,149.0,,,,,,,,
,3174.0,3300.0,,2668.0,,,,,,,545.0,,,,84.0,2633.0,,,,,,,,
,2638.0,376.0,,3900.0,,,,,,,1061.0,,,,2129.0,418.0,,,,,,,,
,23.0,3152.0,,324.0,,,,,,,2858.0,,,,975.0,2041.0,,,,,,,,
,1526.0,656.0,,1113.0,,,,,,,1946.0,,,,3037.0,3625.0,,,,,,,,
,47.0,2759.0,,1765.0,,,,,,,254.0,,,,2549.0,2018.0,,,,,,,,
,1922.0,2693.0,,3102.0,,,,,,,2835.0,,,,2580.0,1731.0,,,,,,,,
,1682.0,3077.0,,2196.0,,,,,,,3265.0,,,,1025.0,2154.0,,,,,,,,
,1943.0,2099.0,,382.0,,,,,,,3633.0,,,,674.0,1699.0,,,,,,,,
,3043.0,249.0,,1255.0,,,,,,,2133.0,,,,1601.0,895.0,,,,,,,,
,739.0,2689.0,,3866.0,,,,,,,159.0,,,,2626.0,1758.0,,,,,,,,
,2228.0,2542.0,,2785.0,,,,,,,1250.0,,,,3534.0,857.0,,,,,,,,
,2193.0,912.0,,1757.0,,,,,,,3506.0,,,,3813.0,752.0,,,,,,,,
,2122.0,1838.0,,825.0,,,,,,,3554.0,,,,1347.0,109.0,,,,,,,,
,924.0,3104.0,,3210.0,,,,,,,2606.0,,,,3133.0,2927.0,,,,,,,,
,2032.0,1754.0,,1070.0,,,,,,,3844.0,,,,169.0,2622.0,,,,,,,,
,236.0,295.0,,384.0,,,,,,,3564.0,,,,3805.0,1294.0,,,,,,,,
,3432.0,1418.0,,3597.0,,,,,,,2720.0,,,,1243.0,759.0,,,,,,,,
,293.0,1884.0,,1084.0,,,,,,,1074.0,,,,126.0,942.0,,,,,,,,
,1949.0,3807.0,,2807.0,,,,,,,3722.0,,,,2102.0,231.0,,,,,,,,
,3050.0,2438.0,,1813.0,,,,,,,1107.0,,,,3285.0,2496.0,,,,,,,,
,2094.0,1388.0,,2079.0,,,,,,,61.0,,,,2000.0,2683.0,,,,,,,,
,50.0,1927.0,,1018.0,,,,,,,1664.0,,,,2362.0,2223.0,,,,,,,,
,2359.0,1582.0,,1050.0,,,,,,,2660.0,,,,3533.0,3816.0,,,,,,,,
,3361.0,3125.0,,432.0,,,,,,,1703.0,,,,1896.0,1619.0,,,,,,,,
,2866.0,1138.0,,3793.0,,,,,,,3470.0,,,,2359.0,3443.0,,,,,,,,
,109.0,2418.0,,1222.0,,,,,,,2782.0,,,,225.0,3175.0,,,,,,,,
,4.0,2318.0,,3429.0,,,,,,,3588.0,,,,1209.0,3645.0,,,,,,,,
,1385.0,1376.0,,1887.0,,,,,,,1749.0,,,,370.0,843.0,,,,,,,,
,1036.0,1976.0,,237.0,,,,,,,3666.0,,,,197.0,2532.0,,,,,,,,
,191.0,3203.0,,2369.0,,,,,,,3890.0,,,,1702.0,3579.0,,,,,,,,
,3783.0,625.0,,885.0,,,,,,,2338.0,,,,955.0,1741.0,,,,,,,,
,207.0,3824.0,,142.0,,,,,,,1690.0,,,,1647.0,3914.0,,,,,,,,
,1632.0,1716.0,,1745.0,,,,,,,3375.0,,,,771.0,646.0,,,,,,,,
,578.0,2300.0,,2238.0,,,,,,,688.0,,,,3453.0,3338.0,,,,,,,,
,1994.0,2616.0,,438.0,,,,,,,3227.0,,,,622.0,1225.0,,,,,,,,
,3662.0,1678.0,,3119.0,,,,,,,162.0,,,,682.0,3198.0,,,,,,,,
,591.0,1259.0,,2242.0,,,,,,,1397.0,,,,131.0,1567.0,,,,,,,,
,3787.0,3233.0,,2911.0,,,,,,,2352.0,,,,2036.0,370.0,,,,,,,,
,1441.0,1042.0,,222.0,,,,,,,579.0,,,,3901.0,1869.0,,,,,,,,
,232.0,262.0,,2583.0,,,,,,,1698.0,,,,1447.0,975.0,,,,,,,,
,1787.0,2226.0,,1982.0,,,,,,,3078.0,,,,721.0,1307.0,,,,,,,,
,376.0,2772.0,,3542.0,,,,,,,1666.0,,,,638.0,2057.0,,,,,,,,
,1898.0,1458.0,,1041.0,,,,,,,1263.0,,,,548.0,1592.0,,,,,,,,
,3774.0,572.0,,1430.0,,,,,,,1367.0,,,,2758.0,1533.0,,,,,,,,
,3074.0,1391.0,,3172.0,,,,,,,3448.0,,,,3491.0,633.0,,,,,,,,
,453.0,1298.0,,2647.0,,,,,,,3546.0,,,,115.0,1079.0,,,,,,,,
,2160.0,2972.0,,1275.0,,,,,,,2068.0,,,,466.0,1166.0,,,,,,,,
,3599.0,575.0,,2222.0,,,,,,,1897.0,,,,3250.0,3911.0,,,,,,,,
,3063.0,802.0,,2749.0,,,,,,,282.0,,,,3723.0,614.0,,,,,,,,
,2812.0,1696.0,,1208.0,,,,,,,3059.0,,,,2599.0,1425.0,,,,,,,,
,637.0,3377.0,,3221.0,,,,,,,2792.0,,,,3216.0,1470.0,,,,,,,,
,2340.0,2037.0,,1697.0,,,,,,,2073.0,,,,2031.0,2367.0,,,,,,,,
,53.0,3827.0,,1443.0,,,,,,,2975.0,,,,1715.0,1871.0,,,,,,,,
,1829.0,3554.0,,3207.0,,,,,,,314.0,,,,3847.0,1890.0,,,,,,,,
,2627.0,66.0,,123.0,,,,,,,2086.0,,,,521.0,359.0,,,,,,,,
,777.0,3468.0,,1576.0,,,,,,,2252.0,,,,2789.0,1252.0,,,,,,,,
,1820.0,3198.0,,1069.0,,,,,,,3205.0,,,,3597.0,2975.0,,,,,,,,
,3125.0,1492.0,,12.0,,,,,,,3407.0,,,,1036.0,1000.0,,,,,,,,
,2744.0,1050.0,,3608.0,,,,,,,345.0,,,,2606.0,2388.0,,,,,,,,
,3830.0,3584.0,,2324.0,,,,,,,1009.0,,,,2260.0,3289.0,,,,,,,,
,920.0,779.0,,1261.0,,,,,,,2650.0,,,,3829.0,469.0,,,,,,,,
,2955.0,946.0,,434.0,,,,,,,1105.0,,,,262.0,2161.0,,,,,,,,
,846.0,2874.0,,714.0,,,,,,,738.0,,,,1900.0,449.0,,,,,,,,
,731.0,309.0,,1232.0,,,,,,,1818.0,,,,3781.0,1304.0,,,,,,,,
,3749.0,2811.0,,666.0,,,,,,,3093.0,,,,469.0,1752.0,,,,,,,,
,266.0,1153.0,,3110.0,,,,,,,2192.0,,,,1835.0,554.0,,,,,,,,
,1352.0,2293.0,,3799.0,,,,,,,3858.0,,,,2391.0,2301.0,,,,,,,,
,594.0,2069.0,,254.0,,,,,,,251.0,,,,119.0,3177.0,,,,,,,,
,2599.0,107.0,,71.0,,,,,,,520.0,,,,1081.0,559.0,,,,,,,,
,1961.0,181.0,,3754.0,,,,,,,692.0,,,,3508.0,1563.0,,,,,,,,
,1738.0,801.0,,3762.0,,,,,,,2829.0,,,,1903.0,347.0,,,,,,,,
,714.0,3578.0,,1894.0,,,,,,,1934.0,,,,1062.0,729.0,,,,,,,,
,3267.0,1842.0,,1646.0,,,,,,,3730.0,,,,1841.0,1642.0,,,,,,,,
,93.0,138.0,,2918.0,,,,,,,101.0,,,,1319.0,1675.0,,,,,,,,
,1872.0,2443.0,,1706.0,,,,,,,1917.0,,,,1563.0,2274.0,,,,,,,,
,3898.0,242.0,,3693.0,,,,,,,1525.0,,,,2555.0,1358.0,,,,,,,,
,863.0,2846.0,,1810.0,,,,,,,2004.0,,,,2557.0,1119.0,,,,,,,,
,3261.0,1997.0,,433.0,,,,,,,1660.0,,,,1203.0,2696.0,,,,,,,,
,674.0,39.0,,3739.0,,,,,,,360.0,,,,3338.0,747.0,,,,,,,,
,2253.0,2480.0,,105.0,,,,,,,511.0,,,,515.0,2828.0,,,,,,,,
,2691.0,3750.0,,2524.0,,,,,,,1038.0,,,,2026.0,961.0,,,,,,,,
,127.0,835.0,,2622.0,,,,,,,437.0,,,,2839.0,1732.0,,,,,,,,
,557.0,921.0,,2150.0,,,,,,,465.0,,,,3502.0,1412.0,,,,,,,,
,282.0,3516.0,,3815.0,,,,,,,1334.0,,,,319.0,867.0,,,,,,,,
,1982.0,312.0,,1414.0,,,,,,,3108.0,,,,1675.0,2771.0,,,,,,,,
,793.0,1163.0,,3631.0,,,,,,,2.0,,,,3727.0,1497.0,,,,,,,,
,176.0,1475.0,,927.0,,,,,,,275.0,,,,3529.0,1476.0,,,,,,,,
,1610.0,1817.0,,1094.0,,,,,,,2052.0,,,,2921.0,3830.0,,,,,,,,
,1767.0,3006.0,,983.0,,,,,,,1053.0,,,,2974.0,1293.0,,,,,,,,
,999.0,3353.0,,1258.0,,,,,,,3718.0,,,,,2549.0,,,,,,,,
,437.0,3837.0,,3705.0,,,,,,,3193.0,,,,,3470.0,,,,,,,,
,3216.0,8.0,,3678.0,,,,,,,1769.0,,,,,351.0,,,,,,,,
,152.0,1654.0,,2163.0,,,,,,,3378.0,,,,,2004.0,,,,,,,,
,2710.0,601.0,,3685.0,,,,,,,1333.0,,,,,3162.0,,,,,,,,
,623.0,1772.0,,3825.0,,,,,,,1393.0,,,,,7.0,,,,,,,,
,1192.0,3360.0,,1655.0,,,,,,,783.0,,,,,1089.0,,,,,,,,
,333.0,1633.0,,3694.0,,,,,,,3547.0,,,,,3767.0,,,,,,,,
,412.0,1161.0,,1068.0,,,,,,,1767.0,,,,,2832.0,,,,,,,,
,3099.0,2375.0,,163.0,,,,,,,201.0,,,,,6.0,,,,,,,,
,90.0,456.0,,3744.0,,,,,,,3162.0,,,,,140.0,,,,,,,,
,3558.0,3463.0,,462.0,,,,,,,2396.0,,,,,1723.0,,,,,,,,
,1687.0,624.0,,3785.0,,,,,,,3031.0,,,,,3758.0,,,,,,,,
,3896.0,165.0,,2333.0,,,,,,,2550.0,,,,,2858.0,,,,,,,,
,3112.0,2461.0,,1389.0,,,,,,,1536.0,,,,,2383.0,,,,,,,,
,280.0,2561.0,,2612.0,,,,,,,2484.0,,,,,3371.0,,,,,,,,
,639.0,1236.0,,1377.0,,,,,,,3615.0,,,,,2126.0,,,,,,,,
,67.0,371.0,,994.0,,,,,,,535.0,,,,,3186.0,,,,,,,,
,1089.0,2572.0,,2019.0,,,,,,,3787.0,,,,,1255.0,,,,,,,,
,2733.0,113.0,,3612.0,,,,,,,3720.0,,,,,1030.0,,,,,,,,
,2756.0,781.0,,2912.0,,,,,,,628.0,,,,,111.0,,,,,,,,
,3491.0,3246.0,,33.0,,,,,,,1245.0,,,,,3581.0,,,,,,,,
,2913.0,1059.0,,1871.0,,,,,,,503.0,,,,,2525.0,,,,,,,,
,1653.0,815.0,,271.0,,,,,,,3670.0,,,,,246.0,,,,,,,,
,419.0,1487.0,,209.0,,,,,,,584.0,,,,,562.0,,,,,,,,
,2483.0,953.0,,7.0,,,,,,,1164.0,,,,,417.0,,,,,,,,
,2223.0,2944.0,,2331.0,,,,,,,3.0,,,,,600.0,,,,,,,,
,2267.0,2694.0,,3802.0,,,,,,,384.0,,,,,2425.0,,,,,,,,
,812.0,1837.0,,629.0,,,,,,,1855.0,,,,,2404.0,,,,,,,,
,3886.0,2943.0,,3206.0,,,,,,,2748.0,,,,,1975.0,,,,,,,,
,2606.0,3222.0,,823.0,,,,,,,3349.0,,,,,2911.0,,,,,,,,
,172.0,2994.0,,968.0,,,,,,,1303.0,,,,,3036.0,,,,,,,,
,2096.0,215.0,,282.0,,,,,,,3690.0,,,,,3157.0,,,,,,,,
,1063.0,1060.0,,1479.0,,,,,,,3697.0,,,,,3538.0,,,,,,,,
,2802.0,2575.0,,829.0,,,,,,,1876.0,,,,,630.0,,,,,,,,
,748.0,855.0,,1216.0,,,,,,,3330.0,,,,,668.0,,,,,,,,
,1658.0,2235.0,,3193.0,,,,,,,2061.0,,,,,1485.0,,,,,,,,
,1414.0,3454.0,,474.0,,,,,,,2693.0,,,,,2061.0,,,,,,,,
,2618.0,1265.0,,3446.0,,,,,,,1381.0,,,,,2291.0,,,,,,,,
,1908.0,2687.0,,2381.0,,,,,,,2964.0,,,,,3705.0,,,,,,,,
,140.0,54.0,,1397.0,,,,,,,3190.0,,,,,1881.0,,,,,,,,
,3796.0,665.0,,335.0,,,,,,,669.0,,,,,2384.0,,,,,,,,
,898.0,1127.0,,477.0,,,,,,,5.0,,,,,2666.0,,,,,,,,
,833.0,3708.0,,2856.0,,,,,,,3300.0,,,,,982.0,,,,,,,,
,2751.0,1066.0,,374.0,,,,,,,3635.0,,,,,3235.0,,,,,,,,
,3540.0,3548.0,,1091.0,,,,,,,1427.0,,,,,1264.0,,,,,,,,
,3285.0,2490.0,,3801.0,,,,,,,1724.0,,,,,1778.0,,,,,,,,
,1601.0,549.0,,366.0,,,,,,,3901.0,,,,,1148.0,,,,,,,,
,2664.0,2002.0,,2183.0,,,,,,,1635.0,,,,,1821.0,,,,,,,,
,587.0,3033.0,,1891.0,,,,,,,1892.0,,,,,1511.0,,,,,,,,
,2059.0,2239.0,,3596.0,,,,,,,2245.0,,,,,1792.0,,,,,,,,
,1321.0,2885.0,,317.0,,,,,,,253.0,,,,,2192.0,,,,,,,,
,1453.0,2691.0,,2181.0,,,,,,,365.0,,,,,924.0,,,,,,,,
,2089.0,1914.0,,189.0,,,,,,,2309.0,,,,,1961.0,,,,,,,,
,2328.0,2041.0,,34.0,,,,,,,1197.0,,,,,1951.0,,,,,,,,
,3907.0,914.0,,2460.0,,,,,,,292.0,,,,,3556.0,,,,,,,,
,3160.0,2644.0,,2373.0,,,,,,,335.0,,,,,3365.0,,,,,,,,
,455.0,1414.0,,322.0,,,,,,,1151.0,,,,,1171.0,,,,,,,,
,3764.0,2088.0,,773.0,,,,,,,3382.0,,,,,43.0,,,,,,,,
,1136.0,694.0,,1594.0,,,,,,,874.0,,,,,3899.0,,,,,,,,
,1151.0,3653.0,,497.0,,,,,,,1981.0,,,,,441.0,,,,,,,,
,734.0,1417.0,,756.0,,,,,,,525.0,,,,,2723.0,,,,,,,,
,3149.0,2229.0,,3000.0,,,,,,,3868.0,,,,,1873.0,,,,,,,,
,2370.0,125.0,,2229.0,,,,,,,3176.0,,,,,2171.0,,,,,,,,
,2765.0,2113.0,,2493.0,,,,,,,612.0,,,,,73.0,,,,,,,,
,1918.0,919.0,,2860.0,,,,,,,54.0,,,,,2688.0,,,,,,,,
,3551.0,2773.0,,2467.0,,,,,,,3735.0,,,,,3022.0,,,,,,,,
,3263.0,62.0,,3725.0,,,,,,,1335.0,,,,,3358.0,,,,,,,,
,2969.0,2171.0,,3124.0,,,,,,,3045.0,,,,,209.0,,,,,,,,
,3381.0,2812.0,,3039.0,,,,,,,2933.0,,,,,2495.0,,,,,,,,
,1438.0,3677.0,,323.0,,,,,,,421.0,,,,,2272.0,,,,,,,,
,3760.0,910.0,,2943.0,,,,,,,1410.0,,,,,1849.0,,,,,,,,
,1913.0,1964.0,,2825.0,,,,,,,1096.0,,,,,2036.0,,,,,,,,
,160.0,3278.0,,1316.0,,,,,,,3795.0,,,,,3073.0,,,,,,,,
,2115.0,63.0,,588.0,,,,,,,2109.0,,,,,3288.0,,,,,,,,
,1348.0,3740.0,,89.0,,,,,,,687.0,,,,,2086.0,,,,,,,,
,1737.0,362.0,,617.0,,,,,,,2813.0,,,,,16.0,,,,,,,,
,795.0,738.0,,1039.0,,,,,,,3333.0,,,,,2572.0,,,,,,,,
,2559.0,3225.0,,1343.0,,,,,,,452.0,,,,,840.0,,,,,,,,
,3411.0,415.0,,1602.0,,,,,,,2002.0,,,,,3121.0,,,,,,,,
,3286.0,3144.0,,3087.0,,,,,,,97.0,,,,,2731.0,,,,,,,,
,2544.0,1589.0,,3546.0,,,,,,,1650.0,,,,,3322.0,,,,,,,,
,1087.0,1353.0,,1771.0,,,,,,,2238.0,,,,,3223.0,,,,,,,,
,717.0,2526.0,,3464.0,,,,,,,1929.0,,,,,3027.0,,,,,,,,
,2152.0,3453.0,,1263.0,,,,,,,3269.0,,,,,3741.0,,,,,,,,
,2583.0,1340.0,,3337.0,,,,,,,3468.0,,,,,829.0,,,,,,,,
,1633.0,994.0,,1833.0,,,,,,,751.0,,,,,905.0,,,,,,,,
,2139.0,3012.0,,2974.0,,,,,,,2372.0,,,,,151.0,,,,,,,,
,3193.0,698.0,,,,,,,,,353.0,,,,,3755.0,,,,,,,,
,234.0,2991.0,,,,,,,,,2100.0,,,,,3246.0,,,,,,,,
,2826.0,3027.0,,,,,,,,,3613.0,,,,,2419.0,,,,,,,,
,1598.0,2254.0,,,,,,,,,1868.0,,,,,3083.0,,,,,,,,
,3470.0,1711.0,,,,,,,,,2040.0,,,,,2857.0,,,,,,,,
,772.0,3183.0,,,,,,,,,3701.0,,,,,2229.0,,,,,,,,
,1442.0,761.0,,,,,,,,,2910.0,,,,,1766.0,,,,,,,,
,2024.0,1869.0,,,,,,,,,484.0,,,,,1968.0,,,,,,,,
,368.0,552.0,,,,,,,,,950.0,,,,,3438.0,,,,,,,,
,2909.0,2173.0,,,,,,,,,1353.0,,,,,2741.0,,,,,,,,
,303.0,1225.0,,,,,,,,,2723.0,,,,,2153.0,,,,,,,,
,726.0,1851.0,,,,,,,,,493.0,,,,,3834.0,,,,,,,,
,3897.0,2603.0,,,,,,,,,663.0,,,,,2834.0,,,,,,,,
,3395.0,3007.0,,,,,,,,,2842.0,,,,,650.0,,,,,,,,
,1929.0,941.0,,,,,,,,,20.0,,,,,3512.0,,,,,,,,
,1141.0,3464.0,,,,,,,,,791.0,,,,,1867.0,,,,,,,,
,1806.0,3216.0,,,,,,,,,2848.0,,,,,1138.0,,,,,,,,
,3148.0,1604.0,,,,,,,,,180.0,,,,,3256.0,,,,,,,,
,1084.0,1812.0,,,,,,,,,277.0,,,,,2470.0,,,,,,,,
,3827.0,1015.0,,,,,,,,,3489.0,,,,,2837.0,,,,,,,,
,3317.0,1807.0,,,,,,,,,1968.0,,,,,3504.0,,,,,,,,
,394.0,1244.0,,,,,,,,,2006.0,,,,,579.0,,,,,,,,
,2709.0,2431.0,,,,,,,,,3327.0,,,,,569.0,,,,,,,,
,199.0,267.0,,,,,,,,,2495.0,,,,,2172.0,,,,,,,,
,2175.0,3403.0,,,,,,,,,1019.0,,,,,941.0,,,,,,,,
,3073.0,3162.0,,,,,,,,,111.0,,,,,2075.0,,,,,,,,
,2578.0,1601.0,,,,,,,,,1374.0,,,,,1537.0,,,,,,,,
,2576.0,2502.0,,,,,,,,,2680.0,,,,,3700.0,,,,,,,,
,563.0,3021.0,,,,,,,,,862.0,,,,,3398.0,,,,,,,,
,2831.0,3185.0,,,,,,,,,1176.0,,,,,2676.0,,,,,,,,
,1415.0,3715.0,,,,,,,,,2872.0,,,,,1790.0,,,,,,,,
,2516.0,2131.0,,,,,,,,,2954.0,,,,,265.0,,,,,,,,
,3788.0,615.0,,,,,,,,,2126.0,,,,,1939.0,,,,,,,,
,2584.0,1833.0,,,,,,,,,597.0,,,,,2812.0,,,,,,,,
,1323.0,32.0,,,,,,,,,2953.0,,,,,461.0,,,,,,,,
,2417.0,2837.0,,,,,,,,,3299.0,,,,,1622.0,,,,,,,,
,2931.0,2516.0,,,,,,,,,1766.0,,,,,2845.0,,,,,,,,
,1435.0,3651.0,,,,,,,,,1973.0,,,,,1321.0,,,,,,,,
,2786.0,173.0,,,,,,,,,740.0,,,,,3855.0,,,,,,,,
,3011.0,217.0,,,,,,,,,2500.0,,,,,2624.0,,,,,,,,
,169.0,2834.0,,,,,,,,,2028.0,,,,,1384.0,,,,,,,,
,2908.0,1420.0,,,,,,,,,797.0,,,,,2131.0,,,,,,,,
,2135.0,1035.0,,,,,,,,,981.0,,,,,332.0,,,,,,,,
,1537.0,2643.0,,,,,,,,,616.0,,,,,2056.0,,,,,,,,
,1110.0,385.0,,,,,,,,,1948.0,,,,,2512.0,,,,,,,,
,2672.0,2855.0,,,,,,,,,2544.0,,,,,3065.0,,,,,,,,
,2871.0,131.0,,,,,,,,,491.0,,,,,1464.0,,,,,,,,
,2942.0,479.0,,,,,,,,,1221.0,,,,,3437.0,,,,,,,,
,3556.0,1871.0,,,,,,,,,3909.0,,,,,609.0,,,,,,,,
,3790.0,1483.0,,,,,,,,,495.0,,,,,1760.0,,,,,,,,
,2507.0,1282.0,,,,,,,,,3202.0,,,,,3615.0,,,,,,,,
,448.0,3457.0,,,,,,,,,3175.0,,,,,768.0,,,,,,,,
,1822.0,2987.0,,,,,,,,,3895.0,,,,,3414.0,,,,,,,,
,3332.0,3315.0,,,,,,,,,593.0,,,,,2754.0,,,,,,,,
,3121.0,3606.0,,,,,,,,,11.0,,,,,2827.0,,,,,,,,
,1227.0,390.0,,,,,,,,,2588.0,,,,,1407.0,,,,,,,,
,362.0,1912.0,,,,,,,,,3904.0,,,,,2323.0,,,,,,,,
,257.0,3846.0,,,,,,,,,2045.0,,,,,519.0,,,,,,,,
,27.0,183.0,,,,,,,,,1915.0,,,,,3117.0,,,,,,,,
,2460.0,35.0,,,,,,,,,2336.0,,,,,2543.0,,,,,,,,
,2847.0,951.0,,,,,,,,,2735.0,,,,,873.0,,,,,,,,
,1933.0,2910.0,,,,,,,,,3585.0,,,,,3143.0,,,,,,,,
,494.0,568.0,,,,,,,,,62.0,,,,,1664.0,,,,,,,,
,2065.0,2234.0,,,,,,,,,3510.0,,,,,2584.0,,,,,,,,
,1219.0,1874.0,,,,,,,,,659.0,,,,,2371.0,,,,,,,,
,580.0,1170.0,,,,,,,,,2647.0,,,,,2846.0,,,,,,,,
,1213.0,3008.0,,,,,,,,,2688.0,,,,,971.0,,,,,,,,
,914.0,2523.0,,,,,,,,,1556.0,,,,,1689.0,,,,,,,,
,1473.0,707.0,,,,,,,,,245.0,,,,,1276.0,,,,,,,,
,1287.0,3892.0,,,,,,,,,998.0,,,,,21.0,,,,,,,,
,728.0,1956.0,,,,,,,,,845.0,,,,,923.0,,,,,,,,
,1152.0,235.0,,,,,,,,,2801.0,,,,,2090.0,,,,,,,,
,142.0,294.0,,,,,,,,,1637.0,,,,,236.0,,,,,,,,
,2058.0,1121.0,,,,,,,,,439.0,,,,,3729.0,,,,,,,,
,1134.0,513.0,,,,,,,,,456.0,,,,,123.0,,,,,,,,
,1502.0,1277.0,,,,,,,,,44.0,,,,,56.0,,,,,,,,
,2029.0,425.0,,,,,,,,,3778.0,,,,,2268.0,,,,,,,,
,2971.0,3815.0,,,,,,,,,897.0,,,,,3693.0,,,,,,,,
,1444.0,317.0,,,,,,,,,3345.0,,,,,2034.0,,,,,,,,
,2818.0,368.0,,,,,,,,,867.0,,,,,308.0,,,,,,,,
,1337.0,1808.0,,,,,,,,,332.0,,,,,1538.0,,,,,,,,
,190.0,79.0,,,,,,,,,1911.0,,,,,2186.0,,,,,,,,
,3568.0,3214.0,,,,,,,,,118.0,,,,,2764.0,,,,,,,,
,3678.0,3495.0,,,,,,,,,2327.0,,,,,2079.0,,,,,,,,
,3031.0,579.0,,,,,,,,,2265.0,,,,,3425.0,,,,,,,,
,2033.0,2622.0,,,,,,,,,2451.0,,,,,1469.0,,,,,,,,
,2082.0,386.0,,,,,,,,,3065.0,,,,,1355.0,,,,,,,,
,3147.0,2295.0,,,,,,,,,1898.0,,,,,2478.0,,,,,,,,
,1724.0,3539.0,,,,,,,,,1747.0,,,,,17.0,,,,,,,,
,2974.0,3830.0,,,,,,,,,2619.0,,,,,902.0,,,,,,,,
,,1091.0,,,,,,,,,3241.0,,,,,3093.0,,,,,,,,
,,1744.0,,,,,,,,,3184.0,,,,,1721.0,,,,,,,,
,,960.0,,,,,,,,,2169.0,,,,,1715.0,,,,,,,,
,,1763.0,,,,,,,,,2684.0,,,,,1806.0,,,,,,,,
,,3443.0,,,,,,,,,319.0,,,,,2936.0,,,,,,,,
,,2933.0,,,,,,,,,1906.0,,,,,2577.0,,,,,,,,
,,3527.0,,,,,,,,,2575.0,,,,,2793.0,,,,,,,,
,,2372.0,,,,,,,,,3596.0,,,,,1376.0,,,,,,,,
,,3473.0,,,,,,,,,3693.0,,,,,1045.0,,,,,,,,
,,65.0,,,,,,,,,2199.0,,,,,1673.0,,,,,,,,
,,1063.0,,,,,,,,,342.0,,,,,511.0,,,,,,,,
,,2473.0,,,,,,,,,149.0,,,,,2241.0,,,,,,,,
,,2803.0,,,,,,,,,2460.0,,,,,1495.0,,,,,,,,
,,3101.0,,,,,,,,,3127.0,,,,,2709.0,,,,,,,,
,,676.0,,,,,,,,,2217.0,,,,,3910.0,,,,,,,,
,,2637.0,,,,,,,,,1472.0,,,,,2396.0,,,,,,,,
,,1642.0,,,,,,,,,2976.0,,,,,724.0,,,,,,,,
,,238.0,,,,,,,,,2437.0,,,,,2300.0,,,,,,,,
,,3671.0,,,,,,,,,2003.0,,,,,2113.0,,,,,,,,
,,134.0,,,,,,,,,1155.0,,,,,98.0,,,,,,,,
,,2483.0,,,,,,,,,2664.0,,,,,1427.0,,,,,,,,
,,3562.0,,,,,,,,,2965.0,,,,,2364.0,,,,,,,,
,,2534.0,,,,,,,,,1309.0,,,,,2460.0,,,,,,,,
,,2115.0,,,,,,,,,598.0,,,,,790.0,,,,,,,,
,,3612.0,,,,,,,,,842.0,,,,,1682.0,,,,,,,,
,,1727.0,,,,,,,,,999.0,,,,,3820.0,,,,,,,,
,,1361.0,,,,,,,,,2230.0,,,,,2949.0,,,,,,,,
,,2678.0,,,,,,,,,2918.0,,,,,3429.0,,,,,,,,
,,2900.0,,,,,,,,,530.0,,,,,2955.0,,,,,,,,
,,2532.0,,,,,,,,,3099.0,,,,,1536.0,,,,,,,,
,,3784.0,,,,,,,,,2808.0,,,,,2673.0,,,,,,,,
,,2971.0,,,,,,,,,3830.0,,,,,39.0,,,,,,,,
,,1854.0,,,,,,,,,1349.0,,,,,2931.0,,,,,,,,
,,756.0,,,,,,,,,302.0,,,,,2077.0,,,,,,,,
,,897.0,,,,,,,,,1546.0,,,,,2833.0,,,,,,,,
,,416.0,,,,,,,,,86.0,,,,,3127.0,,,,,,,,
,,562.0,,,,,,,,,793.0,,,,,742.0,,,,,,,,
,,1215.0,,,,,,,,,13.0,,,,,637.0,,,,,,,,
,,1349.0,,,,,,,,,1007.0,,,,,674.0,,,,,,,,
,,1070.0,,,,,,,,,240.0,,,,,583.0,,,,,,,,
,,2186.0,,,,,,,,,588.0,,,,,323.0,,,,,,,,
,,3324.0,,,,,,,,,590.0,,,,,3095.0,,,,,,,,
,,3111.0,,,,,,,,,2059.0,,,,,2426.0,,,,,,,,
,,2789.0,,,,,,,,,2672.0,,,,,3347.0,,,,,,,,
,,2322.0,,,,,,,,,341.0,,,,,3451.0,,,,,,,,
,,112.0,,,,,,,,,1902.0,,,,,2600.0,,,,,,,,
,,1465.0,,,,,,,,,575.0,,,,,2442.0,,,,,,,,
,,699.0,,,,,,,,,939.0,,,,,1604.0,,,,,,,,
,,1472.0,,,,,,,,,640.0,,,,,304.0,,,,,,,,
,,3691.0,,,,,,,,,1601.0,,,,,2719.0,,,,,,,,
,,1707.0,,,,,,,,,696.0,,,,,2807.0,,,,,,,,
,,3730.0,,,,,,,,,1288.0,,,,,2922.0,,,,,,,,
,,2354.0,,,,,,,,,1903.0,,,,,3241.0,,,,,,,,
,,1281.0,,,,,,,,,2479.0,,,,,662.0,,,,,,,,
,,3175.0,,,,,,,,,871.0,,,,,2976.0,,,,,,,,
,,1899.0,,,,,,,,,2446.0,,,,,1064.0,,,,,,,,
,,1335.0,,,,,,,,,523.0,,,,,1149.0,,,,,,,,
,,3611.0,,,,,,,,,2134.0,,,,,3670.0,,,,,,,,
,,1554.0,,,,,,,,,3024.0,,,,,3418.0,,,,,,,,
,,1841.0,,,,,,,,,255.0,,,,,328.0,,,,,,,,
,,414.0,,,,,,,,,1984.0,,,,,3421.0,,,,,,,,
,,343.0,,,,,,,,,402.0,,,,,3125.0,,,,,,,,
,,2345.0,,,,,,,,,131.0,,,,,391.0,,,,,,,,
,,2964.0,,,,,,,,,1330.0,,,,,3430.0,,,,,,,,
,,51.0,,,,,,,,,265.0,,,,,340.0,,,,,,,,
,,3047.0,,,,,,,,,956.0,,,,,1486.0,,,,,,,,
,,468.0,,,,,,,,,769.0,,,,,96.0,,,,,,,,
,,714.0,,,,,,,,,183.0,,,,,2614.0,,,,,,,,
,,1835.0,,,,,,,,,2095.0,,,,,86.0,,,,,,,,
,,2965.0,,,,,,,,,391.0,,,,,2338.0,,,,,,,,
,,3492.0,,,,,,,,,354.0,,,,,2737.0,,,,,,,,
,,1229.0,,,,,,,,,960.0,,,,,2932.0,,,,,,,,
,,2742.0,,,,,,,,,1859.0,,,,,2422.0,,,,,,,,
,,1412.0,,,,,,,,,3239.0,,,,,2084.0,,,,,,,,
,,3531.0,,,,,,,,,2303.0,,,,,2461.0,,,,,,,,
,,3043.0,,,,,,,,,2152.0,,,,,3366.0,,,,,,,,
,,1526.0,,,,,,,,,795.0,,,,,937.0,,,,,,,,
,,493.0,,,,,,,,,1997.0,,,,,663.0,,,,,,,,
,,1850.0,,,,,,,,,1359.0,,,,,978.0,,,,,,,,
,,3056.0,,,,,,,,,682.0,,,,,806.0,,,,,,,,
,,1625.0,,,,,,,,,1366.0,,,,,1506.0,,,,,,,,
,,661.0,,,,,,,,,2082.0,,,,,2627.0,,,,,,,,
,,2158.0,,,,,,,,,3748.0,,,,,2678.0,,,,,,,,
,,820.0,,,,,,,,,1990.0,,,,,2318.0,,,,,,,,
,,3451.0,,,,,,,,,1013.0,,,,,1534.0,,,,,,,,
,,731.0,,,,,,,,,3398.0,,,,,1574.0,,,,,,,,
,,3893.0,,,,,,,,,58.0,,,,,1917.0,,,,,,,,
,,817.0,,,,,,,,,790.0,,,,,3651.0,,,,,,,,
,,3371.0,,,,,,,,,140.0,,,,,1309.0,,,,,,,,
,,3657.0,,,,,,,,,2257.0,,,,,545.0,,,,,,,,
,,3650.0,,,,,,,,,2855.0,,,,,2141.0,,,,,,,,
,,188.0,,,,,,,,,1998.0,,,,,2076.0,,,,,,,,
,,1334.0,,,,,,,,,415.0,,,,,1585.0,,,,,,,,
,,3719.0,,,,,,,,,2282.0,,,,,706.0,,,,,,,,
,,592.0,,,,,,,,,1092.0,,,,,2648.0,,,,,,,,
,,1137.0,,,,,,,,,2916.0,,,,,2593.0,,,,,,,,
,,3062.0,,,,,,,,,3569.0,,,,,678.0,,,,,,,,
,,2463.0,,,,,,,,,3270.0,,,,,181.0,,,,,,,,
,,752.0,,,,,,,,,717.0,,,,,3475.0,,,,,,,,
,,3638.0,,,,,,,,,1711.0,,,,,3245.0,,,,,,,,
,,3580.0,,,,,,,,,502.0,,,,,2798.0,,,,,,,,
,,3869.0,,,,,,,,,2150.0,,,,,3248.0,,,,,,,,
,,280.0,,,,,,,,,2634.0,,,,,1155.0,,,,,,,,
,,2090.0,,,,,,,,,2905.0,,,,,3411.0,,,,,,,,
,,324.0,,,,,,,,,3712.0,,,,,3517.0,,,,,,,,
,,268.0,,,,,,,,,2025.0,,,,,3349.0,,,,,,,,
,,2829.0,,,,,,,,,1389.0,,,,,2665.0,,,,,,,,
,,452.0,,,,,,,,,375.0,,,,,372.0,,,,,,,,
,,2422.0,,,,,,,,,3426.0,,,,,2110.0,,,,,,,,
,,1174.0,,,,,,,,,3036.0,,,,,36.0,,,,,,,,
,,3746.0,,,,,,,,,1530.0,,,,,3026.0,,,,,,,,
,,775.0,,,,,,,,,1473.0,,,,,3282.0,,,,,,,,
,,1660.0,,,,,,,,,25.0,,,,,147.0,,,,,,,,
,,2468.0,,,,,,,,,2568.0,,,,,3096.0,,,,,,,,
,,2075.0,,,,,,,,,3346.0,,,,,1844.0,,,,,,,,
,,2255.0,,,,,,,,,2079.0,,,,,3439.0,,,,,,,,
,,147.0,,,,,,,,,2001.0,,,,,1369.0,,,,,,,,
,,1463.0,,,,,,,,,2623.0,,,,,2851.0,,,,,,,,
,,2899.0,,,,,,,,,1639.0,,,,,2227.0,,,,,,,,
,,2764.0,,,,,,,,,1426.0,,,,,1583.0,,,,,,,,
,,3619.0,,,,,,,,,8.0,,,,,240.0,,,,,,,,
,,2134.0,,,,,,,,,1365.0,,,,,745.0,,,,,,,,
,,3402.0,,,,,,,,,368.0,,,,,3455.0,,,,,,,,
,,791.0,,,,,,,,,508.0,,,,,3711.0,,,,,,,,
,,1955.0,,,,,,,,,1619.0,,,,,29.0,,,,,,,,
,,3240.0,,,,,,,,,2807.0,,,,,913.0,,,,,,,,
,,10.0,,,,,,,,,1059.0,,,,,3000.0,,,,,,,,
,,3840.0,,,,,,,,,3562.0,,,,,3427.0,,,,,,,,
,,1409.0,,,,,,,,,2043.0,,,,,249.0,,,,,,,,
,,2243.0,,,,,,,,,2948.0,,,,,3309.0,,,,,,,,
,,2477.0,,,,,,,,,2949.0,,,,,1803.0,,,,,,,,
,,783.0,,,,,,,,,1463.0,,,,,1740.0,,,,,,,,
,,2454.0,,,,,,,,,3061.0,,,,,407.0,,,,,,,,
,,2700.0,,,,,,,,,761.0,,,,,3356.0,,,,,,,,
,,1682.0,,,,,,,,,953.0,,,,,3649.0,,,,,,,,
,,3864.0,,,,,,,,,3591.0,,,,,717.0,,,,,,,,
,,271.0,,,,,,,,,2537.0,,,,,2658.0,,,,,,,,
,,2538.0,,,,,,,,,2774.0,,,,,596.0,,,,,,,,
,,3349.0,,,,,,,,,3678.0,,,,,3146.0,,,,,,,,
,,3252.0,,,,,,,,,3543.0,,,,,95.0,,,,,,,,
,,1611.0,,,,,,,,,469.0,,,,,1615.0,,,,,,,,
,,105.0,,,,,,,,,181.0,,,,,3281.0,,,,,,,,
,,1968.0,,,,,,,,,2167.0,,,,,3378.0,,,,,,,,
,,3387.0,,,,,,,,,1416.0,,,,,3075.0,,,,,,,,
,,3690.0,,,,,,,,,2021.0,,,,,2264.0,,,,,,,,
,,1364.0,,,,,,,,,366.0,,,,,485.0,,,,,,,,
,,1406.0,,,,,,,,,2165.0,,,,,2651.0,,,,,,,,
,,22.0,,,,,,,,,290.0,,,,,1504.0,,,,,,,,
,,174.0,,,,,,,,,1343.0,,,,,1757.0,,,,,,,,
,,2883.0,,,,,,,,,3771.0,,,,,2657.0,,,,,,,,
,,3170.0,,,,,,,,,449.0,,,,,429.0,,,,,,,,
,,3108.0,,,,,,,,,3629.0,,,,,69.0,,,,,,,,
,,42.0,,,,,,,,,2124.0,,,,,1380.0,,,,,,,,
,,865.0,,,,,,,,,3088.0,,,,,2859.0,,,,,,,,
,,136.0,,,,,,,,,993.0,,,,,1220.0,,,,,,,,
,,1237.0,,,,,,,,,1049.0,,,,,3426.0,,,,,,,,
,,1809.0,,,,,,,,,2137.0,,,,,2659.0,,,,,,,,
,,2494.0,,,,,,,,,3645.0,,,,,1209.0,,,,,,,,
,,2657.0,,,,,,,,,1487.0,,,,,1320.0,,,,,,,,
,,2395.0,,,,,,,,,1909.0,,,,,1692.0,,,,,,,,
,,623.0,,,,,,,,,611.0,,,,,1948.0,,,,,,,,
,,1909.0,,,,,,,,,2586.0,,,,,1283.0,,,,,,,,
,,155.0,,,,,,,,,2952.0,,,,,1215.0,,,,,,,,
,,2583.0,,,,,,,,,3614.0,,,,,535.0,,,,,,,,
,,530.0,,,,,,,,,3117.0,,,,,1804.0,,,,,,,,
,,2351.0,,,,,,,,,881.0,,,,,1801.0,,,,,,,,
,,2664.0,,,,,,,,,468.0,,,,,1546.0,,,,,,,,
,,3239.0,,,,,,,,,1774.0,,,,,3752.0,,,,,,,,
,,2093.0,,,,,,,,,2354.0,,,,,1883.0,,,,,,,,
,,3781.0,,,,,,,,,2896.0,,,,,3128.0,,,,,,,,
,,881.0,,,,,,,,,3818.0,,,,,2216.0,,,,,,,,
,,2514.0,,,,,,,,,1647.0,,,,,2786.0,,,,,,,,
,,2959.0,,,,,,,,,2911.0,,,,,2309.0,,,,,,,,
,,935.0,,,,,,,,,2987.0,,,,,536.0,,,,,,,,
,,2144.0,,,,,,,,,2861.0,,,,,2558.0,,,,,,,,
,,1172.0,,,,,,,,,1265.0,,,,,1687.0,,,,,,,,
,,2346.0,,,,,,,,,3033.0,,,,,1456.0,,,,,,,,
,,640.0,,,,,,,,,3309.0,,,,,739.0,,,,,,,,
,,1104.0,,,,,,,,,1128.0,,,,,1779.0,,,,,,,,
,,3890.0,,,,,,,,,498.0,,,,,1056.0,,,,,,,,
,,1703.0,,,,,,,,,3225.0,,,,,3131.0,,,,,,,,
,,3456.0,,,,,,,,,3332.0,,,,,3601.0,,,,,,,,
,,1164.0,,,,,,,,,3250.0,,,,,2152.0,,,,,,,,
,,2907.0,,,,,,,,,1899.0,,,,,2742.0,,,,,,,,
,,2105.0,,,,,,,,,3268.0,,,,,3136.0,,,,,,,,
,,1331.0,,,,,,,,,1408.0,,,,,2530.0,,,,,,,,
,,1123.0,,,,,,,,,3012.0,,,,,161.0,,,,,,,,
,,1270.0,,,,,,,,,2402.0,,,,,1016.0,,,,,,,,
,,3309.0,,,,,,,,,361.0,,,,,3408.0,,,,,,,,
,,2620.0,,,,,,,,,3593.0,,,,,3285.0,,,,,,,,
,,597.0,,,,,,,,,3862.0,,,,,2255.0,,,,,,,,
,,2661.0,,,,,,,,,1120.0,,,,,2774.0,,,,,,,,
,,1652.0,,,,,,,,,1884.0,,,,,263.0,,,,,,,,
,,1389.0,,,,,,,,,1025.0,,,,,292.0,,,,,,,,
,,3295.0,,,,,,,,,3877.0,,,,,607.0,,,,,,,,
,,2686.0,,,,,,,,,57.0,,,,,1218.0,,,,,,,,
,,3761.0,,,,,,,,,1339.0,,,,,3777.0,,,,,,,,
,,287.0,,,,,,,,,1714.0,,,,,1242.0,,,,,,,,
,,3404.0,,,,,,,,,3120.0,,,,,2273.0,,,,,,,,
,,3888.0,,,,,,,,,1928.0,,,,,2069.0,,,,,,,,
,,3660.0,,,,,,,,,2970.0,,,,,435.0,,,,,,,,
,,1197.0,,,,,,,,,1949.0,,,,,1649.0,,,,,,,,
,,880.0,,,,,,,,,3316.0,,,,,3646.0,,,,,,,,
,,2270.0,,,,,,,,,1955.0,,,,,2138.0,,,,,,,,
,,2670.0,,,,,,,,,3441.0,,,,,3194.0,,,,,,,,
,,3376.0,,,,,,,,,2324.0,,,,,1813.0,,,,,,,,
,,1276.0,,,,,,,,,1429.0,,,,,762.0,,,,,,,,
,,1448.0,,,,,,,,,2493.0,,,,,517.0,,,,,,,,
,,3092.0,,,,,,,,,2978.0,,,,,1588.0,,,,,,,,
,,3598.0,,,,,,,,,1.0,,,,,1408.0,,,,,,,,
,,967.0,,,,,,,,,2847.0,,,,,3367.0,,,,,,,,
,,2294.0,,,,,,,,,1894.0,,,,,1568.0,,,,,,,,
,,1506.0,,,,,,,,,1863.0,,,,,2755.0,,,,,,,,
,,3146.0,,,,,,,,,2198.0,,,,,931.0,,,,,,,,
,,3505.0,,,,,,,,,43.0,,,,,1643.0,,,,,,,,
,,507.0,,,,,,,,,3737.0,,,,,3124.0,,,,,,,,
,,409.0,,,,,,,,,2337.0,,,,,2829.0,,,,,,,,
,,1017.0,,,,,,,,,1939.0,,,,,472.0,,,,,,,,
,,1638.0,,,,,,,,,3799.0,,,,,1930.0,,,,,,,,
,,969.0,,,,,,,,,784.0,,,,,2452.0,,,,,,,,
,,1924.0,,,,,,,,,1971.0,,,,,3861.0,,,,,,,,
,,2974.0,,,,,,,,,3436.0,,,,,79.0,,,,,,,,
,,,,,,,,,,,1819.0,,,,,2944.0,,,,,,,,
,,,,,,,,,,,1501.0,,,,,1128.0,,,,,,,,
,,,,,,,,,,,3897.0,,,,,2304.0,,,,,,,,
,,,,,,,,,,,1466.0,,,,,206.0,,,,,,,,
,,,,,,,,,,,1684.0,,,,,2375.0,,,,,,,,
,,,,,,,,,,,63.0,,,,,1350.0,,,,,,,,
,,,,,,,,,,,1399.0,,,,,2490.0,,,,,,,,
,,,,,,,,,,,1735.0,,,,,2443.0,,,,,,,,
,,,,,,,,,,,3359.0,,,,,502.0,,,,,,,,
,,,,,,,,,,,2946.0,,,,,3658.0,,,,,,,,
,,,,,,,,,,,524.0,,,,,101.0,,,,,,,,
,,,,,,,,,,,3055.0,,,,,1002.0,,,,,,,,
,,,,,,,,,,,1110.0,,,,,1870.0,,,,,,,,
,,,,,,,,,,,2596.0,,,,,1754.0,,,,,,,,
,,,,,,,,,,,1578.0,,,,,1587.0,,,,,,,,
,,,,,,,,,,,2582.0,,,,,887.0,,,,,,,,
,,,,,,,,,,,2474.0,,,,,2046.0,,,,,,,,
,,,,,,,,,,,2546.0,,,,,2334.0,,,,,,,,
,,,,,,,,,,,1126.0,,,,,203.0,,,,,,,,
,,,,,,,,,,,2440.0,,,,,360.0,,,,,,,,
,,,,,,,,,,,1075.0,,,,,3617.0,,,,,,,,
,,,,,,,,,,,2279.0,,,,,2632.0,,,,,,,,
,,,,,,,,,,,767.0,,,,,1047.0,,,,,,,,
,,,,,,,,,,,1462.0,,,,,1004.0,,,,,,,,
,,,,,,,,,,,315.0,,,,,1337.0,,,,,,,,
,,,,,,,,,,,2298.0,,,,,1006.0,,,,,,,,
,,,,,,,,,,,947.0,,,,,394.0,,,,,,,,
,,,,,,,,,,,3577.0,,,,,2198.0,,,,,,,,
,,,,,,,,,,,760.0,,,,,1159.0,,,,,,,,
,,,,,,,,,,,2356.0,,,,,3152.0,,,,,,,,
,,,,,,,,,,,2974.0,,,,,2312.0,,,,,,,,
,,,,,,,,,,,,,,,,416.0,,,,,,,,
,,,,,,,,,,,,,,,,1972.0,,,,,,,,
,,,,,,,,,,,,,,,,228.0,,,,,,,,
,,,,,,,,,,,,,,,,1463.0,,,,,,,,
,,,,,,,,,,,,,,,,260.0,,,,,,,,
,,,,,,,,,,,,,,,,3413.0,,,,,,,,
,,,,,,,,,,,,,,,,1728.0,,,,,,,,
,,,,,,,,,,,,,,,,1777.0,,,,,,,,
,,,,,,,,,,,,,,,,1851.0,,,,,,,,
,,,,,,,,,,,,,,,,1517.0,,,,,,,,
,,,,,,,,,,,,,,,,2769.0,,,,,,,,
,,,,,,,,,,,,,,,,1751.0,,,,,,,,
,,,,,,,,,,,,,,,,898.0,,,,,,,,
,,,,,,,,,,,,,,,,3873.0,,,,,,,,
,,,,,,,,,,,,,,,,1163.0,,,,,,,,
,,,,,,,,,,,,,,,,1322.0,,,,,,,,
,,,,,,,,,,,,,,,,1373.0,,,,,,,,
,,,,,,,,,,,,,,,,3728.0,,,,,,,,
,,,,,,,,,,,,,,,,2565.0,,,,,,,,
,,,,,,,,,,,,,,,,916.0,,,,,,,,
,,,,,,,,,,,,,,,,3368.0,,,,,,,,
,,,,,,,,,,,,,,,,2409.0,,,,,,,,
,,,,,,,,,,,,,,,,3712.0,,,,,,,,
,,,,,,,,,,,,,,,,141.0,,,,,,,,
,,,,,,,,,,,,,,,,1390.0,,,,,,,,
,,,,,,,,,,,,,,,,3193.0,,,,,,,,
,,,,,,,,,,,,,,,,1595.0,,,,,,,,
,,,,,,,,,,,,,,,,2115.0,,,,,,,,
,,,,,,,,,,,,,,,,3774.0,,,,,,,,
,,,,,,,,,,,,,,,,991.0,,,,,,,,
,,,,,,,,,,,,,,,,3597.0,,,,,,,,
,,,,,,,,,,,,,,,,737.0,,,,,,,,
,,,,,,,,,,,,,,,,957.0,,,,,,,,
,,,,,,,,,,,,,,,,595.0,,,,,,,,
,,,,,,,,,,,,,,,,3273.0,,,,,,,,
,,,,,,,,,,,,,,,,584.0,,,,,,,,
,,,,,,,,,,,,,,,,693.0,,,,,,,,
,,,,,,,,,,,,,,,,1460.0,,,,,,,,
,,,,,,,,,,,,,,,,1981.0,,,,,,,,
,,,,,,,,,,,,,,,,994.0,,,,,,,,
,,,,,,,,,,,,,,,,912.0,,,,,,,,
,,,,,,,,,,,,,,,,3718.0,,,,,,,,
,,,,,,,,,,,,,,,,2176.0,,,,,,,,
,,,,,,,,,,,,,,,,794.0,,,,,,,,
,,,,,,,,,,,,,,,,3074.0,,,,,,,,
,,,,,,,,,,,,,,,,3381.0,,,,,,,,
,,,,,,,,,,,,,,,,287.0,,,,,,,,
,,,,,,,,,,,,,,,,805.0,,,,,,,,
,,,,,,,,,,,,,,,,1633.0,,,,,,,,
,,,,,,,,,,,,,,,,930.0,,,,,,,,
,,,,,,,,,,,,,,,,238.0,,,,,,,,
,,,,,,,,,,,,,,,,1175.0,,,,,,,,
,,,,,,,,,,,,,,,,2620.0,,,,,,,,
,,,,,,,,,,,,,,,,826.0,,,,,,,,
,,,,,,,,,,,,,,,,1696.0,,,,,,,,
,,,,,,,,,,,,,,,,967.0,,,,,,,,
,,,,,,,,,,,,,,,,3238.0,,,,,,,,
,,,,,,,,,,,,,,,,1518.0,,,,,,,,
,,,,,,,,,,,,,,,,1822.0,,,,,,,,
,,,,,,,,,,,,,,,,1158.0,,,,,,,,
,,,,,,,,,,,,,,,,1086.0,,,,,,,,
,,,,,,,,,,,,,,,,1776.0,,,,,,,,
,,,,,,,,,,,,,,,,3452.0,,,,,,,,
,,,,,,,,,,,,,,,,499.0,,,,,,,,
,,,,,,,,,,,,,,,,2473.0,,,,,,,,
,,,,,,,,,,,,,,,,3471.0,,,,,,,,
,,,,,,,,,,,,,,,,3442.0,,,,,,,,
,,,,,,,,,,,,,,,,2770.0,,,,,,,,
,,,,,,,,,,,,,,,,1898.0,,,,,,,,
,,,,,,,,,,,,,,,,3363.0,,,,,,,,
,,,,,,,,,,,,,,,,70.0,,,,,,,,
,,,,,,,,,,,,,,,,690.0,,,,,,,,
,,,,,,,,,,,,,,,,2106.0,,,,,,,,
,,,,,,,,,,,,,,,,2164.0,,,,,,,,
,,,,,,,,,,,,,,,,2865.0,,,,,,,,
,,,,,,,,,,,,,,,,496.0,,,,,,,,
,,,,,,,,,,,,,,,,197.0,,,,,,,,
,,,,,,,,,,,,,,,,1679.0,,,,,,,,
,,,,,,,,,,,,,,,,2967.0,,,,,,,,
,,,,,,,,,,,,,,,,677.0,,,,,,,,
,,,,,,,,,,,,,,,,521.0,,,,,,,,
,,,,,,,,,,,,,,,,1498.0,,,,,,,,
,,,,,,,,,,,,,,,,2295.0,,,,,,,,
,,,,,,,,,,,,,,,,3419.0,,,,,,,,
,,,,,,,,,,,,,,,,3699.0,,,,,,,,
,,,,,,,,,,,,,,,,1559.0,,,,,,,,
,,,,,,,,,,,,,,,,2920.0,,,,,,,,
,,,,,,,,,,,,,,,,2552.0,,,,,,,,
,,,,,,,,,,,,,,,,683.0,,,,,,,,
,,,,,,,,,,,,,,,,3789.0,,,,,,,,
,,,,,,,,,,,,,,,,3643.0,,,,,,,,
,,,,,,,,,,,,,,,,3086.0,,,,,,,,
,,,,,,,,,,,,,,,,2974.0,,,,,,,,
