run_0,run_1,run_2,run_3,run_4,run_5,run_6,run_7,run_8,run_9,run_10,run_11,run_12,run_13,run_14,run_15,run_16,run_17,run_18,run_19,run_20,run_21,run_22,run_23,run_24
1432.0,2871.0,2878.0,532.0,2713.0,378.0,2142.0,898.0,15.0,1839.0,3883.0,235.0,3169.0,2516.0,1616.0,1236.0,2068.0,1345.0,597.0,2219.0,3203.0,3101.0,1059.0,1028.0,2026.0
982.0,3354.0,866.0,1879.0,2776.0,3789.0,2099.0,500.0,2385.0,1605.0,64.0,3843.0,1343.0,1739.0,494.0,3810.0,3370.0,3329.0,3555.0,2398.0,3583.0,292.0,3860.0,4093.0,3538.0
3618.0,796.0,2080.0,828.0,1709.0,1748.0,631.0,2544.0,186.0,2630.0,1832.0,1848.0,110.0,1973.0,33.0,3736.0,4026.0,1488.0,2832.0,1962.0,2264.0,3746.0,1697.0,46.0,2171.0
2629.0,3305.0,208.0,692.0,4006.0,342.0,2299.0,737.0,2748.0,3864.0,3984.0,3230.0,2794.0,3074.0,2088.0,265.0,1402.0,4058.0,1858.0,451.0,1531.0,2773.0,2247.0,47.0,3321.0
951.0,3771.0,2408.0,1842.0,3133.0,802.0,3060.0,2376.0,748.0,554.0,3129.0,80.0,2532.0,3568.0,1343.0,3252.0,2938.0,3051.0,1164.0,1408.0,2040.0,2064.0,4044.0,2690.0,1945.0
2381.0,3597.0,334.0,1659.0,3221.0,1774.0,524.0,3807.0,3090.0,3797.0,1464.0,2352.0,128.0,3423.0,2477.0,3109.0,2123.0,2488.0,1709.0,2451.0,1679.0,3224.0,2548.0,1489.0,2474.0
3120.0,2323.0,3443.0,1821.0,3377.0,2412.0,197.0,3259.0,3753.0,2120.0,1940.0,3028.0,2484.0,3909.0,939.0,194.0,1639.0,1768.0,1945.0,3356.0,894.0,3186.0,3444.0,596.0,389.0
3715.0,745.0,683.0,1109.0,2935.0,1004.0,3761.0,584.0,1649.0,3086.0,1838.0,1903.0,3990.0,2317.0,4023.0,3232.0,1502.0,3988.0,3127.0,3121.0,272.0,2820.0,3580.0,2834.0,1860.0
3771.0,2032.0,3221.0,1598.0,1163.0,3337.0,3493.0,841.0,3419.0,2390.0,2318.0,3592.0,526.0,1997.0,1187.0,2821.0,686.0,1624.0,4024.0,2450.0,1336.0,2896.0,1389.0,3366.0,3907.0
1581.0,3512.0,2728.0,2740.0,1802.0,4081.0,1700.0,1128.0,1836.0,2892.0,3024.0,2396.0,2891.0,3137.0,744.0,695.0,2184.0,3280.0,2472.0,2910.0,2378.0,3392.0,3529.0,1397.0,1964.0
2083.0,3899.0,2114.0,1990.0,2163.0,277.0,2536.0,1518.0,693.0,1896.0,3229.0,596.0,3325.0,2243.0,1674.0,2248.0,2607.0,1023.0,871.0,1977.0,3867.0,3306.0,2972.0,1400.0,1746.0
4003.0,2430.0,3561.0,1959.0,2173.0,1948.0,1075.0,59.0,1356.0,845.0,3959.0,1832.0,310.0,163.0,1135.0,226.0,1024.0,3161.0,1741.0,2446.0,2532.0,2461.0,1738.0,1184.0,2028.0
1243.0,3524.0,3281.0,1998.0,2741.0,308.0,1575.0,137.0,2580.0,1007.0,3865.0,707.0,3973.0,4096.0,69.0,2506.0,1538.0,633.0,1439.0,2317.0,2535.0,3473.0,484.0,1107.0,1589.0
38.0,3822.0,2104.0,514.0,2092.0,2109.0,3110.0,1143.0,2119.0,4079.0,3989.0,2263.0,2777.0,1248.0,1993.0,2409.0,2064.0,1247.0,1956.0,2467.0,2612.0,3781.0,1565.0,3175.0,1863.0
1518.0,3408.0,2535.0,214.0,2348.0,1694.0,3423.0,1223.0,3359.0,1949.0,3919.0,214.0,1316.0,2397.0,1544.0,2384.0,2249.0,1622.0,664.0,3512.0,3920.0,1327.0,1813.0,1338.0,1338.0
1143.0,2527.0,2612.0,904.0,2304.0,558.0,2677.0,1243.0,2373.0,707.0,1446.0,598.0,876.0,2306.0,1791.0,3665.0,3551.0,1178.0,1026.0,2223.0,3933.0,1918.0,1443.0,1953.0,3175.0
1347.0,3139.0,3289.0,550.0,3492.0,2260.0,3414.0,38.0,2272.0,2263.0,2050.0,3058.0,2222.0,578.0,2448.0,1231.0,2758.0,1435.0,374.0,2218.0,3367.0,2360.0,775.0,1919.0,513.0
2725.0,3979.0,3936.0,710.0,2442.0,816.0,1325.0,4003.0,2456.0,2457.0,3387.0,590.0,3452.0,2132.0,352.0,1520.0,4036.0,1437.0,1553.0,281.0,3887.0,2297.0,915.0,662.0,1028.0
699.0,1490.0,2532.0,3363.0,2761.0,325.0,1315.0,2421.0,4100.0,869.0,3957.0,1836.0,3717.0,1168.0,1540.0,1207.0,1221.0,823.0,2514.0,2221.0,3947.0,2533.0,1178.0,984.0,1047.0
1079.0,3291.0,1462.0,1823.0,3498.0,554.0,3183.0,1347.0,1461.0,705.0,3976.0,786.0,2887.0,2447.0,620.0,3780.0,3160.0,2588.0,1040.0,2228.0,3376.0,3520.0,3967.0,318.0,1107.0
3446.0,3058.0,3578.0,1597.0,2374.0,527.0,3567.0,404.0,1100.0,1181.0,2257.0,890.0,2533.0,2126.0,1523.0,3469.0,3227.0,683.0,2782.0,3719.0,3389.0,2810.0,655.0,1651.0,2591.0
3635.0,3191.0,3762.0,1974.0,2283.0,46.0,3576.0,3319.0,3616.0,1601.0,1353.0,978.0,2919.0,1171.0,2980.0,3361.0,2995.0,203.0,2463.0,2665.0,1868.0,3236.0,1257.0,1684.0,1385.0
96.0,3630.0,2110.0,0.0,2180.0,1708.0,3902.0,3836.0,2836.0,1531.0,1045.0,601.0,3963.0,3764.0,1850.0,266.0,2201.0,3683.0,2964.0,3539.0,3006.0,2507.0,541.0,85.0,2765.0
4000.0,2197.0,3555.0,1517.0,2292.0,695.0,2798.0,3332.0,1475.0,355.0,617.0,893.0,457.0,3492.0,588.0,2542.0,2176.0,210.0,3728.0,899.0,3713.0,50.0,1819.0,364.0,1184.0
3609.0,3287.0,1104.0,1745.0,2668.0,1702.0,4018.0,2034.0,8.0,1539.0,1230.0,291.0,1021.0,3209.0,4062.0,738.0,2162.0,1350.0,2059.0,1770.0,3826.0,319.0,23.0,197.0,197.0
2625.0,3722.0,1453.0,893.0,4021.0,2589.0,3505.0,96.0,2105.0,1448.0,466.0,1979.0,2360.0,2204.0,925.0,3835.0,2715.0,658.0,2332.0,430.0,3864.0,2899.0,354.0,3415.0,1687.0
3420.0,2436.0,3006.0,1096.0,2788.0,2620.0,2851.0,888.0,2451.0,2470.0,3990.0,1803.0,2605.0,3743.0,923.0,1153.0,3252.0,1102.0,879.0,1019.0,3906.0,323.0,664.0,2046.0,120.0
4086.0,3285.0,2659.0,348.0,2621.0,2336.0,3568.0,3232.0,1401.0,1836.0,2605.0,1277.0,337.0,2081.0,1759.0,2327.0,2924.0,1258.0,1556.0,2309.0,3928.0,3234.0,882.0,120.0,30.0
3589.0,231.0,3001.0,426.0,2294.0,1999.0,3542.0,4086.0,1145.0,236.0,3136.0,1749.0,3050.0,950.0,1503.0,1449.0,2194.0,1443.0,1153.0,3093.0,4046.0,2184.0,1602.0,49.0,1801.0
3553.0,2048.0,2199.0,1552.0,2912.0,1922.0,2295.0,801.0,2281.0,1035.0,2951.0,1940.0,3839.0,3946.0,1756.0,867.0,2692.0,2957.0,1527.0,2935.0,2323.0,722.0,1521.0,464.0,1129.0
3870.0,2963.0,3597.0,801.0,2638.0,2041.0,2712.0,1432.0,2542.0,1974.0,3568.0,1517.0,3650.0,536.0,4097.0,2481.0,2959.0,1301.0,1848.0,4067.0,2476.0,2546.0,3807.0,1860.0,3191.0
3232.0,682.0,35.0,2878.0,3305.0,440.0,3975.0,111.0,3464.0,890.0,3411.0,360.0,3833.0,2220.0,3690.0,2286.0,3949.0,2627.0,3493.0,2224.0,3790.0,1268.0,119.0,1863.0,1583.0
1371.0,2127.0,2619.0,1749.0,2575.0,1184.0,3746.0,3162.0,2407.0,1966.0,3650.0,1181.0,3876.0,2630.0,3851.0,2310.0,2855.0,1222.0,608.0,738.0,3988.0,1995.0,203.0,190.0,3556.0
98.0,2836.0,2672.0,967.0,3760.0,419.0,3570.0,1571.0,2841.0,590.0,3341.0,1990.0,3053.0,900.0,1841.0,2002.0,2318.0,1566.0,2123.0,1030.0,2737.0,3995.0,621.0,3707.0,1815.0
3777.0,2929.0,3190.0,360.0,2494.0,1660.0,2587.0,98.0,212.0,786.0,2834.0,1422.0,3054.0,2916.0,3939.0,1061.0,1968.0,665.0,1814.0,2909.0,2767.0,757.0,1585.0,3556.0,432.0
1885.0,2089.0,4011.0,1619.0,4092.0,1727.0,3389.0,1371.0,2159.0,214.0,3423.0,495.0,3428.0,1700.0,4041.0,3868.0,2960.0,1174.0,693.0,3440.0,3388.0,502.0,1967.0,2026.0,1750.0
1804.0,2411.0,2737.0,1979.0,2489.0,2089.0,3887.0,2203.0,2667.0,550.0,1393.0,1635.0,3969.0,1701.0,1378.0,693.0,4002.0,776.0,3881.0,3717.0,3619.0,2147.0,1057.0,440.0,2134.0
3162.0,3196.0,3388.0,1506.0,2071.0,2832.0,3947.0,2783.0,2279.0,1958.0,2395.0,1297.0,2425.0,795.0,91.0,718.0,1666.0,3807.0,775.0,4057.0,2449.0,2774.0,3599.0,642.0,1087.0
898.0,3828.0,3619.0,1657.0,877.0,1028.0,3713.0,2792.0,2312.0,1444.0,2631.0,1958.0,3950.0,1341.0,199.0,630.0,1617.0,1112.0,915.0,876.0,2659.0,1786.0,818.0,1355.0,1742.0
1256.0,1478.0,2449.0,1009.0,2561.0,1495.0,3826.0,3404.0,2393.0,1331.0,3717.0,550.0,1019.0,3094.0,3345.0,745.0,207.0,1230.0,1923.0,3543.0,3289.0,3833.0,717.0,2506.0,1588.0
407.0,2943.0,2906.0,3927.0,2692.0,3519.0,3864.0,1150.0,2053.0,978.0,794.0,1619.0,2309.0,329.0,391.0,3714.0,2405.0,1349.0,1957.0,3772.0,3866.0,2425.0,1103.0,388.0,1714.0
436.0,4087.0,3282.0,4065.0,2312.0,3968.0,3906.0,485.0,2186.0,601.0,2309.0,1839.0,3440.0,3279.0,2021.0,3431.0,3108.0,3787.0,2077.0,737.0,3936.0,4045.0,334.0,2497.0,1947.0
2249.0,2429.0,3929.0,1803.0,2393.0,2069.0,3928.0,2521.0,3358.0,689.0,3832.0,1193.0,2774.0,3283.0,149.0,2493.0,3894.0,818.0,2874.0,2186.0,2906.0,3593.0,307.0,2901.0,1861.0
3404.0,3321.0,3716.0,978.0,2479.0,2655.0,4046.0,2628.0,3646.0,849.0,3837.0,1867.0,3539.0,2635.0,652.0,2845.0,2638.0,354.0,3838.0,2567.0,3451.0,2704.0,1912.0,3835.0,115.0
182.0,3519.0,3393.0,1949.0,3173.0,991.0,2809.0,3870.0,584.0,1517.0,3969.0,1949.0,857.0,2575.0,4048.0,3151.0,1682.0,1656.0,3985.0,1021.0,2587.0,51.0,1452.0,1125.0,2937.0
3076.0,3800.0,2966.0,601.0,3783.0,1919.0,3053.0,608.0,1679.0,2016.0,3180.0,3844.0,984.0,473.0,1399.0,2001.0,2710.0,2211.0,106.0,1072.0,3383.0,3568.0,773.0,2281.0,2492.0
3600.0,304.0,1868.0,1896.0,2530.0,651.0,3054.0,3268.0,826.0,1951.0,3963.0,1531.0,2909.0,2738.0,361.0,3981.0,2354.0,2803.0,942.0,2441.0,3567.0,4037.0,517.0,3094.0,1079.0
2849.0,988.0,2087.0,712.0,749.0,1138.0,3790.0,1885.0,2616.0,5.0,2677.0,421.0,4067.0,3118.0,3133.0,702.0,874.0,313.0,1346.0,2605.0,3929.0,2706.0,74.0,1750.0,2734.0
3610.0,2038.0,636.0,291.0,2907.0,139.0,3988.0,1953.0,2715.0,1979.0,1021.0,1199.0,3832.0,281.0,3591.0,3434.0,2437.0,934.0,1486.0,2777.0,3943.0,2980.0,765.0,1238.0,2306.0
3821.0,244.0,2214.0,3911.0,2571.0,3112.0,3866.0,2876.0,3724.0,1803.0,3224.0,1035.0,2441.0,1147.0,3467.0,3358.0,2854.0,1874.0,1827.0,3053.0,2295.0,148.0,456.0,3533.0,2617.0
2583.0,3237.0,3988.0,590.0,731.0,1726.0,3451.0,2444.0,3758.0,850.0,3601.0,1331.0,1554.0,1050.0,229.0,4047.0,3926.0,338.0,2754.0,3054.0,2225.0,2010.0,1598.0,2000.0,3194.0
1310.0,153.0,2767.0,1958.0,2326.0,3538.0,3573.0,58.0,1242.0,596.0,3745.0,321.0,1524.0,3180.0,2669.0,768.0,3291.0,929.0,3716.0,3650.0,2966.0,2415.0,243.0,3112.0,821.0
1317.0,3330.0,3363.0,437.0,2892.0,2827.0,2291.0,687.0,2424.0,235.0,1362.0,1833.0,4061.0,1045.0,254.0,2465.0,1111.0,3669.0,3198.0,3833.0,3672.0,916.0,366.0,679.0,836.0
3654.0,999.0,1680.0,1065.0,2941.0,1860.0,2540.0,72.0,3811.0,1414.0,2339.0,689.0,1471.0,2223.0,3474.0,2616.0,3090.0,1205.0,3605.0,1200.0,2870.0,3059.0,1494.0,1247.0,1535.0
963.0,2118.0,3139.0,1940.0,2399.0,1684.0,3383.0,1008.0,3330.0,893.0,89.0,1329.0,1433.0,4038.0,1089.0,1363.0,3271.0,2141.0,1970.0,1356.0,2809.0,1335.0,880.0,3625.0,2019.0
3219.0,2280.0,3672.0,2755.0,2488.0,782.0,3929.0,2913.0,1057.0,1832.0,1050.0,849.0,311.0,2842.0,1825.0,2999.0,2599.0,848.0,2870.0,1524.0,3576.0,1936.0,1144.0,3889.0,161.0
3702.0,2556.0,1611.0,752.0,2779.0,635.0,3943.0,3.0,1153.0,1619.0,3053.0,845.0,701.0,280.0,510.0,2771.0,1831.0,3387.0,2213.0,2367.0,3902.0,966.0,1232.0,1174.0,2898.0
886.0,2811.0,3927.0,1304.0,2337.0,634.0,2764.0,219.0,3080.0,3363.0,3054.0,1896.0,3093.0,1217.0,3926.0,438.0,853.0,1154.0,3732.0,2787.0,2114.0,803.0,3396.0,2493.0,3241.0
1486.0,2815.0,1041.0,482.0,3187.0,2042.0,2462.0,1797.0,768.0,1990.0,3560.0,2691.0,4049.0,3258.0,1688.0,3747.0,3256.0,2354.0,264.0,3418.0,2645.0,627.0,3986.0,1411.0,3020.0
2203.0,2965.0,3790.0,321.0,2193.0,3785.0,2660.0,1323.0,3121.0,1489.0,3833.0,4058.0,1263.0,2834.0,3191.0,3791.0,3634.0,1362.0,859.0,3452.0,3561.0,356.0,111.0,2617.0,289.0
2676.0,3603.0,752.0,598.0,2929.0,1955.0,3226.0,13.0,2975.0,3521.0,3996.0,333.0,3599.0,1209.0,1111.0,316.0,1926.0,2810.0,1157.0,3770.0,3839.0,2023.0,443.0,2771.0,3415.0
2783.0,3971.0,2956.0,717.0,828.0,1238.0,3565.0,1665.0,2479.0,1833.0,1457.0,602.0,3770.0,911.0,3550.0,3132.0,2325.0,1027.0,1210.0,310.0,2745.0,3246.0,135.0,3910.0,425.0
1183.0,1037.0,3409.0,786.0,2751.0,2497.0,3337.0,106.0,2481.0,1937.0,3983.0,348.0,1977.0,49.0,3593.0,1647.0,3538.0,3211.0,1359.0,575.0,2087.0,887.0,875.0,1147.0,2679.0
3643.0,1836.0,2420.0,1832.0,2647.0,650.0,2315.0,1827.0,3780.0,1396.0,876.0,607.0,3719.0,2409.0,527.0,2879.0,3846.0,1150.0,1890.0,610.0,3830.0,1872.0,3027.0,1050.0,364.0
1663.0,1042.0,1266.0,1951.0,2047.0,1109.0,2966.0,767.0,113.0,251.0,2259.0,705.0,2935.0,3431.0,1644.0,3334.0,2436.0,1161.0,2214.0,2222.0,3597.0,584.0,1780.0,3180.0,3402.0
2122.0,2901.0,2563.0,276.0,2232.0,1953.0,3830.0,2454.0,2310.0,495.0,3452.0,999.0,1246.0,3916.0,3598.0,3626.0,2536.0,1353.0,2420.0,3050.0,2079.0,2282.0,3109.0,1045.0,3483.0
3003.0,2941.0,2732.0,689.0,2456.0,2584.0,3839.0,2882.0,2160.0,2691.0,722.0,1396.0,3772.0,3797.0,4022.0,826.0,3410.0,2078.0,3699.0,3832.0,2769.0,3620.0,3699.0,2223.0,4054.0
3215.0,3249.0,2749.0,850.0,2865.0,648.0,3597.0,1026.0,2248.0,1959.0,3131.0,1007.0,4033.0,3905.0,4027.0,3692.0,250.0,2298.0,717.0,4061.0,2562.0,4030.0,1226.0,4038.0,572.0
3354.0,707.0,3826.0,845.0,2056.0,490.0,4040.0,949.0,2465.0,2037.0,3440.0,4079.0,1437.0,2373.0,1746.0,2887.0,734.0,3727.0,908.0,2128.0,3525.0,1887.0,2750.0,2842.0,2081.0
3750.0,1035.0,3906.0,849.0,2117.0,1988.0,2562.0,714.0,2642.0,1749.0,3050.0,363.0,3167.0,2771.0,154.0,1679.0,884.0,1164.0,744.0,274.0,4061.0,1375.0,3855.0,2220.0,2126.0
4017.0,1558.0,3928.0,1080.0,2162.0,117.0,2886.0,3965.0,224.0,1065.0,3167.0,474.0,281.0,1475.0,2866.0,3374.0,3727.0,2302.0,2737.0,3639.0,2217.0,704.0,841.0,2447.0,865.0
326.0,2263.0,4046.0,298.0,3809.0,483.0,3525.0,778.0,2278.0,2429.0,3199.0,850.0,3074.0,2580.0,159.0,3523.0,4000.0,2107.0,2756.0,3876.0,3295.0,1207.0,1599.0,3209.0,2840.0
862.0,2294.0,3802.0,915.0,2096.0,92.0,3050.0,664.0,3974.0,474.0,3262.0,2037.0,262.0,1338.0,669.0,3908.0,878.0,3345.0,2932.0,3990.0,1923.0,318.0,816.0,281.0,672.0
3607.0,2758.0,1923.0,1389.0,2139.0,278.0,2674.0,1556.0,1997.0,3058.0,3935.0,779.0,2897.0,3707.0,2687.0,1023.0,4009.0,186.0,3.0,87.0,2674.0,794.0,1505.0,280.0,1054.0
4098.0,3840.0,3383.0,3212.0,2166.0,3228.0,3562.0,717.0,2409.0,1277.0,2784.0,1096.0,263.0,2893.0,3222.0,2220.0,3439.0,1351.0,1008.0,1555.0,3562.0,1475.0,800.0,1217.0,2516.0
756.0,3877.0,3947.0,3716.0,2618.0,1397.0,3976.0,1352.0,2506.0,321.0,3068.0,1974.0,3995.0,334.0,283.0,3522.0,3734.0,3120.0,2845.0,2493.0,2110.0,1767.0,1050.0,3258.0,4022.0
2171.0,4099.0,2216.0,251.0,2289.0,3358.0,2110.0,775.0,720.0,598.0,1019.0,954.0,1280.0,2879.0,674.0,1017.0,1837.0,2024.0,3151.0,2778.0,3917.0,2031.0,281.0,1209.0,1674.0
3814.0,3616.0,3576.0,596.0,2314.0,3005.0,3555.0,37.0,2103.0,904.0,2100.0,2016.0,702.0,2417.0,3021.0,2819.0,2292.0,1039.0,35.0,3417.0,2340.0,269.0,756.0,911.0,1135.0
3931.0,954.0,3902.0,1635.0,2451.0,2616.0,3925.0,2146.0,1231.0,1329.0,3093.0,297.0,3136.0,1137.0,3108.0,2025.0,3083.0,1214.0,1525.0,2774.0,2400.0,1545.0,1828.0,2409.0,2132.0
1953.0,2000.0,2305.0,2711.0,2118.0,662.0,3803.0,1153.0,1458.0,514.0,3876.0,1601.0,3601.0,2811.0,426.0,2378.0,776.0,2082.0,2004.0,3950.0,2460.0,1756.0,1569.0,3118.0,3316.0
1365.0,2522.0,2475.0,1980.0,2121.0,2559.0,3282.0,3457.0,1236.0,333.0,3893.0,449.0,1180.0,2407.0,1936.0,3258.0,690.0,2351.0,2619.0,540.0,2475.0,3027.0,3707.0,3279.0,1382.0
2807.0,3181.0,2654.0,421.0,2262.0,3707.0,2168.0,800.0,618.0,1080.0,3995.0,1332.0,1443.0,2887.0,639.0,3279.0,730.0,3135.0,2672.0,2130.0,2498.0,4050.0,49.0,3431.0,2108.0
2853.0,3594.0,2888.0,480.0,2928.0,843.0,3339.0,52.0,738.0,1635.0,881.0,1669.0,2225.0,863.0,2862.0,3806.0,2147.0,1057.0,3190.0,2160.0,2563.0,328.0,280.0,3916.0,1095.0
3493.0,3618.0,2904.0,1193.0,3582.0,218.0,2605.0,4014.0,2845.0,1669.0,2935.0,2091.0,2604.0,875.0,655.0,1610.0,2164.0,2585.0,4011.0,2951.0,2654.0,1451.0,2701.0,3797.0,2107.0
3736.0,3913.0,3753.0,1199.0,2082.0,362.0,3395.0,3834.0,3151.0,2755.0,2509.0,1065.0,3176.0,2836.0,1665.0,3436.0,2468.0,745.0,227.0,3761.0,1216.0,415.0,2977.0,3905.0,1411.0
2198.0,2742.0,3003.0,591.0,2279.0,2464.0,2225.0,1565.0,3977.0,710.0,3095.0,1333.0,3411.0,1125.0,3901.0,3977.0,2965.0,828.0,1337.0,312.0,3596.0,149.0,3034.0,2373.0,3222.0
2845.0,2962.0,3215.0,1818.0,2402.0,3981.0,1462.0,1215.0,3665.0,1940.0,3236.0,1448.0,3945.0,2497.0,1087.0,1051.0,3455.0,855.0,1738.0,1316.0,2305.0,79.0,3595.0,2916.0,1341.0
3151.0,3464.0,3354.0,551.0,2266.0,3835.0,2604.0,1872.0,3972.0,1558.0,3950.0,869.0,1259.0,1017.0,150.0,1356.0,2893.0,1425.0,3312.0,2813.0,2732.0,1211.0,1951.0,1475.0,1466.0
3220.0,214.0,3750.0,235.0,2358.0,984.0,3554.0,1767.0,3043.0,1867.0,1977.0,451.0,911.0,2819.0,323.0,2373.0,2895.0,3682.0,3545.0,2082.0,2749.0,3029.0,1233.0,3283.0,4096.0
3836.0,2511.0,4017.0,1663.0,2590.0,2025.0,3650.0,356.0,3686.0,1034.0,2291.0,1966.0,2631.0,3359.0,897.0,3799.0,371.0,956.0,576.0,2279.0,2888.0,1391.0,4068.0,536.0,3108.0
1931.0,786.0,2270.0,11.0,2926.0,85.0,2769.0,545.0,1072.0,304.0,2540.0,851.0,2100.0,1908.0,2840.0,3503.0,895.0,1131.0,2913.0,2402.0,2904.0,1794.0,722.0,2580.0,69.0
580.0,1832.0,879.0,1448.0,2933.0,2281.0,1393.0,1375.0,2327.0,458.0,3719.0,1558.0,1581.0,3223.0,3385.0,1664.0,912.0,2328.0,708.0,3429.0,3753.0,620.0,1355.0,2893.0,1248.0
331.0,2440.0,3866.0,363.0,2145.0,3626.0,2593.0,1475.0,911.0,2496.0,1434.0,251.0,1222.0,2312.0,467.0,2604.0,1036.0,2586.0,2342.0,1027.0,2216.0,3660.0,4057.0,334.0,12.0
1322.0,2060.0,4061.0,500.0,2210.0,3703.0,2848.0,53.0,1152.0,4058.0,848.0,2457.0,2769.0,3868.0,1887.0,3176.0,2662.0,3229.0,2443.0,3341.0,2205.0,1171.0,1371.0,2879.0,2448.0
1656.0,2354.0,195.0,1845.0,2300.0,1355.0,3754.0,2023.0,1244.0,297.0,1316.0,1959.0,3107.0,1816.0,956.0,2464.0,2884.0,3417.0,382.0,3839.0,3000.0,3249.0,1564.0,2417.0,10.0
1859.0,3518.0,2340.0,3878.0,1458.0,2409.0,2217.0,3852.0,2703.0,999.0,2408.0,1536.0,3199.0,1978.0,2592.0,3662.0,1194.0,3644.0,1639.0,2201.0,3740.0,3905.0,580.0,1137.0,163.0
2828.0,3651.0,2153.0,1813.0,1261.0,180.0,3935.0,3199.0,95.0,3961.0,2866.0,5.0,3837.0,852.0,2277.0,3972.0,1206.0,137.0,1969.0,2395.0,1293.0,1208.0,1251.0,2811.0,2243.0
3342.0,890.0,3887.0,3408.0,4096.0,260.0,1041.0,3995.0,2435.0,779.0,3945.0,3823.0,3512.0,3113.0,2322.0,1927.0,2486.0,502.0,2356.0,2631.0,1294.0,545.0,3246.0,2407.0,2397.0
3594.0,1313.0,3000.0,3643.0,2349.0,2506.0,4081.0,1987.0,2688.0,1998.0,1259.0,903.0,2217.0,4100.0,2591.0,2699.0,3125.0,641.0,2449.0,1471.0,3409.0,770.0,3643.0,2887.0,3046.0
311.0,3261.0,3740.0,111.0,2796.0,3523.0,2340.0,1207.0,266.0,1771.0,702.0,1934.0,1607.0,3673.0,3283.0,3646.0,2267.0,659.0,2498.0,2425.0,2883.0,3857.0,1409.0,863.0,3096.0
2049.0,371.0,3491.0,1839.0,3121.0,3791.0,263.0,3279.0,2271.0,3291.0,2415.0,2017.0,3639.0,4034.0,1222.0,3656.0,2503.0,99.0,2659.0,857.0,3647.0,2747.0,2002.0,875.0,3854.0
2254.0,1649.0,3693.0,353.0,3642.0,309.0,3602.0,3059.0,226.0,291.0,2582.0,342.0,3959.0,74.0,934.0,123.0,3287.0,102.0,3206.0,2070.0,3769.0,1616.0,208.0,2836.0,1616.0
3396.0,693.0,3864.0,595.0,844.0,3829.0,3184.0,916.0,2082.0,1199.0,3234.0,1954.0,3981.0,2484.0,3402.0,1542.0,3720.0,788.0,3798.0,2100.0,2270.0,511.0,798.0,795.0,1898.0
3767.0,1356.0,2323.0,3823.0,2911.0,337.0,2050.0,1335.0,2402.0,1332.0,3839.0,1845.0,2955.0,3114.0,2026.0,2811.0,3722.0,3352.0,3803.0,2419.0,3802.0,1115.0,1209.0,1017.0,2333.0
3013.0,2580.0,2476.0,903.0,2614.0,3452.0,3952.0,148.0,3356.0,2091.0,3890.0,3878.0,3966.0,3175.0,30.0,3717.0,3840.0,3959.0,266.0,3873.0,2869.0,1129.0,899.0,2819.0,1171.0
779.0,2119.0,2883.0,1934.0,3661.0,1021.0,2290.0,1936.0,296.0,3824.0,3900.0,1562.0,2340.0,3761.0,2264.0,3778.0,4099.0,1111.0,1434.0,4001.0,2902.0,53.0,2220.0,3359.0,320.0
1629.0,3359.0,2873.0,2017.0,3923.0,3717.0,3955.0,966.0,649.0,111.0,4032.0,1818.0,2482.0,3334.0,2922.0,4049.0,255.0,2166.0,72.0,3969.0,3749.0,947.0,3905.0,1908.0,2264.0
1284.0,2373.0,3647.0,342.0,3368.0,3050.0,3957.0,803.0,2646.0,1333.0,1471.0,603.0,3901.0,1267.0,2925.0,3832.0,1474.0,2311.0,226.0,2318.0,2153.0,2785.0,911.0,329.0,4027.0
2751.0,2272.0,2217.0,1332.0,2250.0,2605.0,2408.0,627.0,1265.0,1954.0,2425.0,1822.0,1062.0,673.0,3118.0,3916.0,1716.0,3149.0,2481.0,1880.0,3491.0,3199.0,3390.0,3223.0,2276.0
2883.0,2456.0,3451.0,2091.0,2319.0,3839.0,811.0,323.0,1671.0,1845.0,2644.0,353.0,1721.0,52.0,3057.0,3958.0,2445.0,30.0,400.0,1180.0,3693.0,1111.0,21.0,2204.0,1.0
1012.0,4100.0,3917.0,1954.0,2331.0,3650.0,2714.0,3246.0,2139.0,3878.0,3599.0,901.0,3236.0,3656.0,3993.0,3793.0,604.0,2264.0,1881.0,1443.0,4082.0,76.0,1645.0,2312.0,578.0
1565.0,1461.0,2587.0,851.0,3500.0,3833.0,3281.0,1786.0,2286.0,1006.0,4014.0,1766.0,1072.0,123.0,4082.0,1147.0,1325.0,2362.0,2286.0,1434.0,3759.0,314.0,1762.0,3868.0,1993.0
1430.0,1100.0,3567.0,1562.0,2633.0,3876.0,1222.0,3101.0,2311.0,1422.0,3834.0,1989.0,3224.0,1155.0,1088.0,1050.0,2133.0,4063.0,2291.0,2378.0,2873.0,3212.0,2550.0,1816.0,539.0
1465.0,1475.0,3943.0,1333.0,2381.0,3990.0,1021.0,887.0,2771.0,3603.0,479.0,1630.0,3806.0,2367.0,1129.0,3180.0,2358.0,562.0,2373.0,2550.0,3003.0,1088.0,2777.0,1978.0,254.0
2359.0,8.0,2754.0,603.0,2459.0,3053.0,2849.0,3234.0,3361.0,3285.0,3973.0,1390.0,1044.0,335.0,1132.0,1045.0,3197.0,853.0,2540.0,2891.0,3215.0,875.0,3258.0,852.0,3501.0
3056.0,2105.0,3949.0,607.0,4010.0,3054.0,3292.0,2899.0,1988.0,1042.0,1115.0,489.0,1645.0,932.0,1787.0,2223.0,3307.0,1179.0,3319.0,3080.0,3354.0,3550.0,3387.0,3113.0,1509.0
3588.0,2451.0,4082.0,297.0,136.0,3428.0,3340.0,2282.0,1415.0,1630.0,575.0,595.0,2398.0,2152.0,887.0,4038.0,3786.0,1608.0,3463.0,3601.0,3750.0,459.0,805.0,4100.0,171.0
3651.0,1401.0,1326.0,1822.0,2785.0,3969.0,697.0,3620.0,1513.0,360.0,1789.0,300.0,1030.0,3026.0,4045.0,2842.0,66.0,218.0,3698.0,3745.0,4017.0,1886.0,2223.0,3673.0,993.0
4019.0,1145.0,3385.0,901.0,2072.0,876.0,2101.0,4030.0,3859.0,3072.0,2172.0,482.0,1664.0,3061.0,640.0,2447.0,2328.0,479.0,3964.0,3779.0,2578.0,3640.0,3094.0,4034.0,1005.0
1904.0,2281.0,3467.0,1766.0,2165.0,2777.0,2449.0,2507.0,1067.0,2963.0,2909.0,591.0,3560.0,1911.0,472.0,3209.0,2626.0,675.0,4040.0,337.0,3444.0,1987.0,4067.0,74.0,2046.0
1494.0,2542.0,3338.0,1989.0,2302.0,310.0,2498.0,1887.0,2937.0,3877.0,4057.0,298.0,3477.0,3503.0,3663.0,3094.0,3267.0,332.0,1638.0,3428.0,3467.0,2789.0,1776.0,2484.0,1383.0
2234.0,2407.0,3867.0,1630.0,3083.0,2425.0,2659.0,3306.0,575.0,954.0,4060.0,1824.0,344.0,79.0,156.0,281.0,2438.0,2866.0,1797.0,984.0,3869.0,3230.0,310.0,3114.0,223.0
634.0,2841.0,3933.0,1390.0,2414.0,3950.0,2997.0,704.0,2768.0,1994.0,2482.0,1597.0,3341.0,2378.0,3241.0,280.0,4063.0,2811.0,2549.0,3973.0,3827.0,2433.0,2885.0,3761.0,279.0
2042.0,212.0,3839.0,489.0,3078.0,1019.0,3333.0,3236.0,3431.0,1934.0,3901.0,1745.0,3234.0,547.0,2765.0,1217.0,669.0,3755.0,1352.0,1554.0,3320.0,350.0,3165.0,3334.0,1515.0
3785.0,2159.0,3713.0,300.0,2379.0,2309.0,3600.0,318.0,2879.0,2017.0,2810.0,501.0,3865.0,3638.0,1509.0,2834.0,682.0,2257.0,3754.0,1433.0,2867.0,3045.0,1554.0,1267.0,1125.0
801.0,2667.0,3827.0,2037.0,2826.0,3440.0,3998.0,794.0,3645.0,300.0,3639.0,437.0,3890.0,72.0,1461.0,1209.0,823.0,751.0,1455.0,311.0,1611.0,624.0,1581.0,673.0,2942.0
1223.0,2279.0,1222.0,1833.0,2316.0,2774.0,1045.0,2031.0,3132.0,451.0,3189.0,1080.0,3983.0,1339.0,1626.0,911.0,875.0,878.0,2462.0,701.0,2113.0,1202.0,593.0,52.0,549.0
343.0,2312.0,2869.0,1867.0,2424.0,3539.0,3001.0,269.0,3523.0,808.0,3699.0,1528.0,4032.0,2160.0,2800.0,49.0,953.0,1457.0,2660.0,4049.0,2299.0,936.0,1155.0,3656.0,819.0
685.0,2393.0,2902.0,1824.0,2149.0,857.0,3532.0,1545.0,3639.0,3679.0,3772.0,1998.0,726.0,3799.0,1189.0,3118.0,1476.0,1578.0,3367.0,1263.0,2095.0,1831.0,1988.0,123.0,2729.0
2271.0,2053.0,2769.0,449.0,2823.0,2909.0,2722.0,1756.0,3654.0,342.0,4033.0,500.0,2208.0,1132.0,3484.0,3797.0,1642.0,3662.0,2344.0,3599.0,2860.0,3747.0,43.0,1155.0,2931.0
3608.0,2186.0,3165.0,501.0,2120.0,4067.0,3527.0,1995.0,1863.0,851.0,2070.0,904.0,2699.0,64.0,60.0,3905.0,1983.0,3865.0,219.0,1246.0,2956.0,237.0,57.0,2367.0,3156.0
1540.0,3358.0,2213.0,1536.0,2288.0,3973.0,3694.0,3027.0,1927.0,2183.0,1044.0,1823.0,2776.0,3793.0,356.0,2916.0,2127.0,3989.0,858.0,4033.0,35.0,3469.0,905.0,335.0,3691.0
2553.0,3646.0,1216.0,1035.0,2510.0,3832.0,3933.0,50.0,908.0,3595.0,1443.0,710.0,3418.0,1369.0,680.0,1475.0,2581.0,946.0,1344.0,1437.0,2619.0,3945.0,3359.0,932.0,3849.0
1955.0,584.0,3596.0,1396.0,1205.0,2441.0,2422.0,4050.0,1207.0,960.0,3422.0,1506.0,1566.0,3791.0,1466.0,3283.0,2707.0,1841.0,1367.0,3167.0,2672.0,806.0,3539.0,2152.0,1972.0
3023.0,1679.0,3670.0,451.0,1806.0,1554.0,3165.0,328.0,781.0,445.0,1211.0,1552.0,2802.0,2643.0,2422.0,536.0,2733.0,2339.0,3654.0,3074.0,3190.0,1168.0,4037.0,3026.0,1512.0
842.0,826.0,2784.0,474.0,2693.0,1524.0,3557.0,1451.0,1174.0,903.0,1418.0,514.0,722.0,3374.0,1451.0,2580.0,2876.0,2999.0,1461.0,262.0,4011.0,3890.0,1576.0,3061.0,267.0
1020.0,2616.0,3562.0,1528.0,3334.0,4061.0,804.0,415.0,1363.0,1009.0,2774.0,1526.0,2172.0,3981.0,3405.0,1338.0,2898.0,3336.0,1789.0,2897.0,2214.0,3983.0,16.0,1911.0,4099.0
2052.0,2715.0,2959.0,999.0,3623.0,1471.0,3507.0,3593.0,3109.0,1096.0,3.0,2496.0,2395.0,1884.0,3566.0,3707.0,2935.0,279.0,2409.0,263.0,2420.0,1082.0,255.0,3503.0,1646.0
2382.0,3724.0,3002.0,3844.0,1011.0,1433.0,2477.0,149.0,1594.0,1824.0,563.0,1621.0,2446.0,3086.0,439.0,2893.0,3518.0,288.0,3195.0,3995.0,1266.0,1791.0,419.0,79.0,1202.0
2385.0,3758.0,3468.0,1836.0,2368.0,311.0,3497.0,79.0,299.0,4065.0,2824.0,838.0,3131.0,3164.0,1385.0,334.0,3651.0,1466.0,3416.0,1280.0,1041.0,1984.0,2343.0,2378.0,1228.0
2716.0,3419.0,3057.0,707.0,2445.0,701.0,3969.0,722.0,1209.0,449.0,337.0,1593.0,4057.0,891.0,1752.0,2417.0,3686.0,3104.0,3525.0,702.0,1453.0,3113.0,2445.0,547.0,1935.0
3425.0,1242.0,3850.0,2263.0,3123.0,1316.0,2450.0,1327.0,3094.0,1193.0,3428.0,3393.0,2422.0,3079.0,1600.0,1137.0,3946.0,3919.0,3778.0,3136.0,3281.0,821.0,3261.0,3638.0,1313.0
3903.0,2424.0,2095.0,954.0,2503.0,3093.0,2622.0,1211.0,1050.0,3366.0,2777.0,1414.0,3165.0,2637.0,10.0,2407.0,256.0,660.0,4060.0,2225.0,879.0,1249.0,3406.0,72.0,477.0
1932.0,3811.0,2860.0,1181.0,1907.0,4049.0,3006.0,3029.0,3180.0,3842.0,310.0,3879.0,435.0,1915.0,115.0,863.0,1560.0,1452.0,932.0,2604.0,195.0,2021.0,3452.0,1248.0,1039.0
2209.0,1057.0,1996.0,890.0,2261.0,1263.0,3604.0,1391.0,49.0,4053.0,3539.0,1249.0,575.0,2458.0,148.0,875.0,1262.0,2941.0,1661.0,3176.0,1104.0,288.0,3770.0,1339.0,1168.0
909.0,1153.0,1428.0,705.0,3174.0,3599.0,897.0,1794.0,3118.0,1319.0,857.0,752.0,1264.0,2010.0,289.0,2836.0,1478.0,3566.0,2114.0,3411.0,3555.0,644.0,3942.0,2160.0,1094.0
506.0,3080.0,2662.0,1966.0,3853.0,3770.0,3385.0,620.0,3258.0,532.0,984.0,3828.0,3229.0,1665.0,672.0,1125.0,2277.0,3811.0,3376.0,3945.0,2754.0,1652.0,3974.0,3743.0,3186.0
519.0,768.0,3252.0,3058.0,4091.0,1977.0,2547.0,3568.0,3279.0,1198.0,4067.0,1489.0,3262.0,3966.0,757.0,2497.0,2322.0,1446.0,3561.0,1259.0,3716.0,1993.0,536.0,3799.0,3533.0
3237.0,3121.0,3831.0,333.0,2258.0,3719.0,3088.0,3660.0,3916.0,1297.0,2441.0,3521.0,3873.0,702.0,1119.0,795.0,2772.0,1477.0,613.0,911.0,3949.0,525.0,2937.0,1132.0,294.0
3393.0,2975.0,3320.0,1526.0,3800.0,2935.0,3391.0,1171.0,3797.0,1604.0,1554.0,1081.0,3935.0,2159.0,2028.0,3359.0,2795.0,2784.0,1207.0,1581.0,1326.0,3258.0,3046.0,64.0,956.0
3530.0,2479.0,3267.0,2691.0,2273.0,1246.0,3876.0,3249.0,3905.0,1528.0,1524.0,1539.0,160.0,3102.0,2679.0,1908.0,2943.0,2976.0,3086.0,1222.0,3385.0,3279.0,2373.0,3793.0,1366.0
3590.0,2481.0,3759.0,2496.0,4005.0,3772.0,3917.0,3905.0,1045.0,348.0,4061.0,2470.0,1115.0,3358.0,1733.0,329.0,3635.0,3077.0,3339.0,2769.0,3338.0,157.0,2667.0,1369.0,721.0
3689.0,3780.0,3634.0,1621.0,2951.0,4033.0,3959.0,1208.0,1147.0,2943.0,1433.0,236.0,1764.0,3700.0,1387.0,3223.0,3821.0,3883.0,123.0,3107.0,1222.0,254.0,2949.0,3791.0,2707.0
3739.0,113.0,2606.0,779.0,2431.0,1437.0,3990.0,770.0,2916.0,3823.0,311.0,1444.0,290.0,1545.0,2288.0,2204.0,3880.0,1087.0,888.0,3199.0,3165.0,3969.0,1496.0,2643.0,3269.0
3846.0,2310.0,3869.0,838.0,2763.0,3167.0,3007.0,3857.0,1217.0,1292.0,701.0,1951.0,3893.0,661.0,2604.0,2312.0,1515.0,2895.0,1231.0,3837.0,2213.0,3288.0,3645.0,3374.0,516.0
347.0,2160.0,2085.0,1593.0,3122.0,281.0,3504.0,2747.0,2220.0,1390.0,4049.0,3363.0,2996.0,2023.0,3125.0,1816.0,987.0,3766.0,3109.0,2217.0,3670.0,226.0,2768.0,3981.0,535.0
896.0,2248.0,3227.0,3393.0,2495.0,3074.0,3717.0,1616.0,3283.0,3911.0,1263.0,1937.0,3094.0,2158.0,4099.0,1978.0,2339.0,65.0,3184.0,1607.0,2784.0,2511.0,3916.0,1884.0,2031.0
608.0,2465.0,2113.0,1007.0,3655.0,262.0,2114.0,511.0,536.0,1335.0,3770.0,2429.0,3904.0,2287.0,203.0,852.0,1204.0,213.0,3896.0,2919.0,2959.0,2604.0,323.0,3086.0,2688.0
1244.0,2642.0,2299.0,4079.0,1386.0,2897.0,3376.0,1115.0,1338.0,3059.0,1246.0,2755.0,382.0,2372.0,1786.0,3113.0,304.0,2327.0,801.0,3959.0,3002.0,3514.0,869.0,3164.0,1286.0
3343.0,224.0,3420.0,1331.0,95.0,263.0,3561.0,1918.0,3707.0,916.0,1437.0,1034.0,881.0,488.0,3428.0,4100.0,660.0,238.0,299.0,3963.0,3468.0,652.0,311.0,891.0,1857.0
97.0,2278.0,3690.0,1414.0,2435.0,3995.0,3950.0,1129.0,2842.0,148.0,281.0,304.0,737.0,799.0,1057.0,3673.0,842.0,384.0,1116.0,3981.0,3057.0,58.0,1081.0,2630.0,102.0
258.0,3974.0,2578.0,1558.0,3260.0,1280.0,3289.0,757.0,2893.0,1936.0,3074.0,458.0,2824.0,37.0,3700.0,4034.0,1237.0,463.0,2199.0,2955.0,3850.0,3519.0,1744.0,3079.0,2972.0
2386.0,1997.0,49.0,3879.0,3158.0,702.0,3936.0,947.0,334.0,966.0,262.0,3961.0,189.0,55.0,3999.0,74.0,1469.0,170.0,2637.0,3966.0,1996.0,3901.0,457.0,2637.0,164.0
3695.0,2409.0,2237.0,1249.0,3248.0,3136.0,4033.0,2785.0,2417.0,803.0,2897.0,1771.0,688.0,362.0,1677.0,2484.0,2204.0,510.0,3667.0,2340.0,1428.0,3361.0,3069.0,1915.0,1089.0
4057.0,2506.0,3701.0,2016.0,3357.0,3601.0,2199.0,1111.0,1137.0,627.0,263.0,3291.0,3328.0,4049.0,916.0,3114.0,2399.0,1119.0,4028.0,2482.0,2662.0,1044.0,3995.0,2458.0,1825.0
1681.0,720.0,725.0,2457.0,3478.0,1180.0,2789.0,76.0,2811.0,356.0,1280.0,3824.0,2771.0,3664.0,3059.0,3175.0,2461.0,1454.0,205.0,3901.0,3252.0,2884.0,5.0,2635.0,1434.0
815.0,2103.0,54.0,869.0,3795.0,1443.0,3732.0,314.0,281.0,2023.0,1180.0,111.0,3045.0,2555.0,1335.0,3761.0,2939.0,89.0,111.0,1062.0,3831.0,146.0,1347.0,2010.0,2772.0
3815.0,1231.0,2759.0,3828.0,3677.0,2225.0,3825.0,3212.0,4038.0,323.0,2225.0,355.0,2493.0,1720.0,966.0,1267.0,2949.0,309.0,397.0,1721.0,3267.0,199.0,1604.0,900.0,2896.0
888.0,1458.0,3684.0,1489.0,3805.0,2604.0,3907.0,1088.0,2887.0,3246.0,2604.0,1006.0,2218.0,1909.0,803.0,673.0,4094.0,323.0,738.0,3236.0,3634.0,1372.0,3223.0,1665.0,3085.0
1458.0,1236.0,2745.0,3521.0,3960.0,3176.0,3938.0,875.0,863.0,1786.0,3176.0,3603.0,2640.0,1249.0,627.0,52.0,631.0,897.0,2509.0,3224.0,2606.0,891.0,3404.0,3966.0,448.0
2844.0,618.0,3594.0,1081.0,2511.0,3411.0,2375.0,3550.0,875.0,3101.0,911.0,3285.0,3745.0,2103.0,2023.0,1155.0,948.0,1208.0,2689.0,3806.0,2085.0,1155.0,3553.0,702.0,216.0
4021.0,738.0,4050.0,1539.0,410.0,3945.0,2831.0,459.0,1125.0,887.0,1581.0,1042.0,1361.0,1246.0,3246.0,2367.0,3459.0,1759.0,3318.0,1044.0,3227.0,1688.0,4070.0,2159.0,256.0
346.0,2845.0,2867.0,2470.0,3401.0,1259.0,3666.0,1886.0,2497.0,3234.0,1222.0,3072.0,3436.0,3758.0,3101.0,335.0,4032.0,2002.0,3522.0,1645.0,3420.0,3265.0,20.0,3102.0,562.0
1937.0,3151.0,2792.0,236.0,1640.0,911.0,1475.0,3640.0,795.0,1872.0,2769.0,2963.0,3568.0,3246.0,3234.0,932.0,241.0,2050.0,3537.0,1664.0,3690.0,1399.0,462.0,3358.0,2209.0
2043.0,3977.0,3875.0,1601.0,3415.0,2631.0,2623.0,2789.0,1017.0,2899.0,3107.0,3877.0,585.0,1358.0,1872.0,2152.0,4055.0,2245.0,3637.0,3560.0,49.0,3283.0,1591.0,3492.0,1154.0
456.0,3665.0,3926.0,1444.0,3543.0,2100.0,2689.0,3230.0,2819.0,584.0,2222.0,1994.0,1051.0,2281.0,2899.0,3026.0,265.0,2267.0,3789.0,3477.0,2237.0,1805.0,1629.0,3700.0,1808.0
905.0,3972.0,3455.0,5.0,3511.0,1581.0,3318.0,2433.0,1908.0,2282.0,3512.0,808.0,1875.0,1764.0,584.0,3061.0,963.0,2834.0,2053.0,344.0,3701.0,3050.0,718.0,1545.0,2710.0
181.0,3043.0,1931.0,1937.0,3359.0,1222.0,3637.0,350.0,329.0,3620.0,2217.0,3679.0,89.0,262.0,2282.0,1911.0,1472.0,2884.0,2195.0,3234.0,725.0,3262.0,2115.0,661.0,2035.0
1480.0,3686.0,1778.0,495.0,930.0,2769.0,3870.0,3045.0,3223.0,3995.0,1607.0,2183.0,2219.0,457.0,3620.0,79.0,2090.0,3264.0,2375.0,3865.0,54.0,3832.0,2381.0,2023.0,1190.0
1864.0,1072.0,159.0,1531.0,4008.0,3107.0,744.0,502.0,2204.0,4030.0,2919.0,3595.0,2415.0,872.0,3995.0,547.0,2889.0,3515.0,2440.0,3890.0,2759.0,3916.0,2409.0,2158.0,2308.0
2608.0,2327.0,897.0,2429.0,1357.0,2222.0,2932.0,624.0,3868.0,2507.0,3981.0,960.0,2582.0,1910.0,4030.0,3638.0,519.0,3986.0,2580.0,3983.0,3684.0,3935.0,2631.0,2287.0,3271.0
213.0,911.0,2558.0,1277.0,2197.0,3199.0,3234.0,1202.0,1816.0,1887.0,2955.0,445.0,3554.0,2521.0,2507.0,72.0,3516.0,3996.0,3076.0,4032.0,3594.0,3958.0,3131.0,2372.0,1892.0
576.0,1152.0,2736.0,1329.0,2184.0,3837.0,3254.0,936.0,1978.0,1375.0,3966.0,1009.0,3986.0,2806.0,1375.0,1248.0,2439.0,3620.0,3441.0,726.0,4050.0,585.0,3325.0,488.0,565.0
2191.0,1244.0,2800.0,1669.0,2281.0,3512.0,3888.0,1831.0,852.0,3306.0,2340.0,4065.0,3996.0,2897.0,3306.0,1339.0,2778.0,543.0,3718.0,2208.0,2792.0,587.0,4047.0,799.0,814.0
2337.0,2703.0,763.0,1034.0,3326.0,2217.0,3980.0,3747.0,3113.0,704.0,1062.0,3366.0,1200.0,1250.0,704.0,2160.0,2252.0,624.0,3638.0,2699.0,3875.0,1051.0,3961.0,37.0,1176.0
2914.0,95.0,1676.0,304.0,3329.0,1607.0,3983.0,237.0,3673.0,1207.0,1721.0,3842.0,2221.0,85.0,1207.0,3743.0,2833.0,647.0,470.0,2776.0,3926.0,2977.0,3086.0,55.0,918.0
3679.0,2435.0,3494.0,458.0,128.0,2919.0,290.0,3469.0,4034.0,3236.0,1072.0,4053.0,3662.0,2703.0,3236.0,1132.0,1365.0,3223.0,3388.0,1566.0,3455.0,3852.0,789.0,362.0,655.0
411.0,2688.0,3769.0,4058.0,911.0,3639.0,2955.0,3945.0,74.0,318.0,3806.0,1319.0,3989.0,3390.0,318.0,64.0,3237.0,3957.0,3542.0,2802.0,1931.0,611.0,1689.0,4049.0,1241.0
1670.0,266.0,3676.0,3961.0,1314.0,3959.0,2537.0,806.0,2484.0,794.0,1645.0,532.0,351.0,1153.0,794.0,1369.0,2453.0,937.0,3619.0,722.0,1778.0,1645.0,3548.0,3664.0,2696.0
2790.0,2271.0,3773.0,1771.0,1639.0,3963.0,2640.0,1168.0,3114.0,1475.0,2398.0,1198.0,2789.0,2640.0,1475.0,2643.0,2641.0,1177.0,4043.0,2172.0,159.0,1759.0,278.0,2555.0,464.0
2954.0,226.0,156.0,3291.0,2505.0,2955.0,3224.0,1268.0,3175.0,1767.0,1030.0,1604.0,3485.0,2891.0,1767.0,1884.0,2901.0,1393.0,1072.0,3131.0,897.0,1917.0,809.0,1720.0,544.0
3817.0,2082.0,2225.0,3824.0,2849.0,3966.0,3992.0,4045.0,3761.0,2031.0,1664.0,2943.0,3092.0,1569.0,2031.0,3086.0,2418.0,3290.0,1108.0,3325.0,2558.0,1946.0,1012.0,1909.0,1284.0
3591.0,2402.0,2235.0,355.0,2954.0,2340.0,1554.0,3890.0,3334.0,269.0,3477.0,1292.0,3306.0,984.0,269.0,3164.0,2786.0,3361.0,2327.0,2422.0,2736.0,2154.0,1391.0,1249.0,2980.0
3047.0,3356.0,3128.0,1006.0,3613.0,2482.0,2214.0,3983.0,1267.0,1545.0,344.0,3911.0,51.0,584.0,1545.0,891.0,2000.0,3696.0,2441.0,3165.0,2800.0,3118.0,1488.0,2103.0,2573.0
3359.0,296.0,2079.0,1422.0,198.0,3901.0,2420.0,1082.0,673.0,1756.0,726.0,1335.0,709.0,3616.0,1995.0,2630.0,2813.0,684.0,2849.0,435.0,763.0,3127.0,1106.0,1246.0,3970.0
2652.0,649.0,1457.0,3603.0,2320.0,1062.0,3472.0,1791.0,52.0,1995.0,2208.0,3059.0,2297.0,2393.0,3027.0,3079.0,2224.0,2070.0,3292.0,1264.0,1676.0,3548.0,2999.0,3758.0,1117.0
2197.0,2646.0,776.0,3285.0,3464.0,1721.0,356.0,1984.0,3656.0,3027.0,2699.0,916.0,3956.0,3176.0,50.0,2637.0,2280.0,2309.0,3340.0,3229.0,3494.0,154.0,3714.0,3246.0,1122.0
2074.0,1265.0,3544.0,1042.0,3503.0,3236.0,3063.0,2147.0,123.0,50.0,2776.0,148.0,937.0,3900.0,4050.0,1915.0,2917.0,3093.0,3395.0,3262.0,3676.0,1891.0,759.0,1358.0,3188.0
2880.0,1671.0,2861.0,3072.0,135.0,1072.0,3919.0,3113.0,1155.0,4050.0,3418.0,1936.0,1393.0,2357.0,328.0,2458.0,1352.0,133.0,3409.0,3935.0,3773.0,574.0,927.0,1764.0,132.0
3011.0,2139.0,3979.0,2963.0,1568.0,3224.0,3312.0,821.0,2367.0,328.0,1566.0,966.0,2259.0,2493.0,415.0,2635.0,2278.0,3073.0,3674.0,160.0,156.0,111.0,622.0,262.0,1523.0
3543.0,2286.0,2864.0,3877.0,1970.0,3806.0,3545.0,1249.0,335.0,1451.0,2802.0,803.0,3942.0,2450.0,79.0,2010.0,2787.0,3299.0,3992.0,1115.0,2235.0,216.0,1301.0,457.0,178.0
3456.0,2311.0,3144.0,1994.0,1737.0,1044.0,3877.0,2021.0,932.0,415.0,2446.0,627.0,4014.0,3606.0,722.0,900.0,2928.0,3855.0,2248.0,1764.0,3128.0,256.0,2627.0,872.0,179.0
1018.0,2771.0,3939.0,808.0,2790.0,1645.0,701.0,288.0,2152.0,3593.0,3325.0,356.0,1470.0,1671.0,1327.0,1665.0,885.0,676.0,3836.0,290.0,1457.0,392.0,1185.0,1910.0,196.0
4064.0,3361.0,1609.0,3679.0,3605.0,2398.0,2852.0,644.0,3026.0,149.0,2422.0,2023.0,2644.0,2569.0,1211.0,3966.0,252.0,988.0,630.0,3893.0,776.0,810.0,2310.0,2521.0,518.0
2453.0,1988.0,2549.0,2183.0,264.0,1030.0,3560.0,1652.0,3061.0,79.0,3165.0,323.0,3919.0,3261.0,3029.0,2159.0,2001.0,2333.0,2444.0,2996.0,3544.0,3095.0,346.0,2806.0,631.0
3445.0,1415.0,263.0,3595.0,402.0,1664.0,3833.0,1993.0,1911.0,722.0,435.0,3246.0,1487.0,824.0,1391.0,3102.0,2467.0,3832.0,1149.0,3094.0,2861.0,2011.0,1937.0,2897.0,680.0
3582.0,1513.0,643.0,960.0,405.0,3560.0,3920.0,525.0,3503.0,1327.0,1264.0,1786.0,580.0,3149.0,1794.0,3492.0,2531.0,3837.0,2146.0,3904.0,3979.0,1850.0,4052.0,1250.0,986.0
2196.0,3859.0,3367.0,445.0,1670.0,3477.0,1446.0,3224.0,79.0,1211.0,3873.0,3101.0,2002.0,662.0,3568.0,3700.0,87.0,3873.0,2460.0,382.0,2864.0,1965.0,2213.0,2703.0,995.0
3326.0,1067.0,1658.0,3366.0,2209.0,344.0,3883.0,3258.0,2378.0,3029.0,160.0,887.0,1327.0,1028.0,3660.0,1545.0,738.0,2359.0,2548.0,881.0,3144.0,578.0,3342.0,3390.0,1300.0
2875.0,2937.0,3332.0,3842.0,3817.0,3341.0,3915.0,157.0,547.0,1391.0,1764.0,3234.0,1355.0,1542.0,1171.0,661.0,899.0,2559.0,2894.0,2824.0,3939.0,628.0,3720.0,1153.0,1404.0
3611.0,575.0,4048.0,4053.0,3591.0,3234.0,35.0,254.0,3638.0,1794.0,290.0,1872.0,1626.0,952.0,3249.0,2023.0,2060.0,3707.0,3573.0,189.0,1609.0,2955.0,1014.0,2640.0,1626.0
3528.0,2768.0,1932.0,1319.0,3047.0,3865.0,2004.0,3969.0,72.0,620.0,2996.0,2899.0,2682.0,1437.0,3905.0,2158.0,2836.0,843.0,43.0,688.0,2549.0,2823.0,1475.0,2891.0,1761.0
3008.0,3431.0,504.0,1198.0,519.0,3890.0,2619.0,3288.0,1248.0,3568.0,3094.0,584.0,3916.0,2682.0,1208.0,2287.0,3543.0,362.0,800.0,3328.0,263.0,3628.0,2497.0,1569.0,1865.0
2786.0,2879.0,605.0,1297.0,3219.0,3983.0,2672.0,226.0,1339.0,3660.0,3904.0,2282.0,1900.0,3958.0,545.0,2372.0,723.0,2464.0,990.0,2771.0,643.0,2466.0,2630.0,584.0,2946.0
3960.0,3645.0,1109.0,1604.0,3590.0,4032.0,3190.0,2415.0,3743.0,1171.0,382.0,3620.0,2701.0,1201.0,770.0,488.0,2366.0,3981.0,1428.0,3045.0,1658.0,2631.0,2824.0,3616.0,3104.0
1340.0,3132.0,2645.0,2943.0,2652.0,726.0,3663.0,2511.0,3799.0,3249.0,737.0,3995.0,3068.0,2781.0,3857.0,799.0,2376.0,3835.0,3527.0,2640.0,3332.0,3131.0,3113.0,2393.0,3776.0
2511.0,3523.0,2684.0,1292.0,2074.0,2208.0,4011.0,2604.0,2223.0,3905.0,189.0,4030.0,1133.0,115.0,2747.0,37.0,266.0,984.0,3780.0,1361.0,4048.0,669.0,3835.0,3176.0,4044.0
2907.0,3639.0,3205.0,1335.0,2880.0,2699.0,1680.0,3514.0,1132.0,1208.0,688.0,2507.0,1537.0,717.0,511.0,55.0,561.0,2025.0,616.0,3436.0,1932.0,1369.0,2635.0,3900.0,905.0
4004.0,3654.0,3389.0,3059.0,3814.0,2776.0,3488.0,652.0,64.0,545.0,3328.0,1887.0,3304.0,3150.0,1115.0,362.0,1017.0,635.0,1342.0,3568.0,504.0,142.0,4032.0,2357.0,1733.0
4012.0,1863.0,1917.0,916.0,3011.0,3418.0,3716.0,3519.0,3793.0,770.0,2771.0,1375.0,238.0,3280.0,1918.0,3664.0,2105.0,85.0,3020.0,585.0,605.0,1762.0,424.0,2450.0,1167.0
577.0,1927.0,3765.0,148.0,3220.0,1566.0,876.0,3901.0,1369.0,3857.0,3045.0,3306.0,524.0,3480.0,53.0,2555.0,2219.0,2281.0,45.0,1051.0,1109.0,1295.0,1407.0,3606.0,1381.0
2414.0,908.0,141.0,1936.0,3651.0,2802.0,1263.0,2184.0,3791.0,2747.0,2493.0,704.0,997.0,2983.0,947.0,1720.0,3429.0,3626.0,52.0,1875.0,2684.0,1928.0,787.0,1671.0,1482.0
3744.0,1207.0,1798.0,966.0,685.0,722.0,2124.0,3361.0,2643.0,1616.0,2218.0,1207.0,1705.0,3005.0,2785.0,1909.0,854.0,3703.0,78.0,89.0,3205.0,2693.0,862.0,2569.0,1862.0
1030.0,781.0,2623.0,803.0,3456.0,2172.0,2776.0,1044.0,3374.0,511.0,2640.0,3236.0,1975.0,263.0,3199.0,1249.0,834.0,634.0,224.0,2415.0,1917.0,3390.0,1006.0,3261.0,3625.0
1840.0,1174.0,3203.0,627.0,2382.0,2395.0,3452.0,2884.0,3981.0,1115.0,1361.0,318.0,2467.0,1433.0,76.0,2103.0,1018.0,2042.0,343.0,2582.0,3765.0,1286.0,1290.0,824.0,247.0
2618.0,1363.0,3720.0,356.0,1018.0,2446.0,4031.0,146.0,1884.0,1918.0,3436.0,794.0,2665.0,3353.0,314.0,1246.0,2377.0,3785.0,463.0,3554.0,141.0,4033.0,1663.0,3149.0,774.0
2739.0,3109.0,4099.0,2023.0,4064.0,3131.0,3885.0,3473.0,3086.0,1129.0,585.0,1475.0,2816.0,3329.0,3212.0,3758.0,2944.0,1355.0,536.0,3986.0,1798.0,1642.0,19.0,1542.0,2953.0
4068.0,1594.0,3618.0,323.0,2453.0,3325.0,3901.0,199.0,3164.0,53.0,1051.0,1767.0,3048.0,436.0,875.0,3246.0,2942.0,2409.0,687.0,3996.0,2623.0,1906.0,127.0,952.0,3120.0
1131.0,299.0,406.0,3246.0,3445.0,4057.0,4077.0,1372.0,891.0,757.0,1875.0,2031.0,3189.0,1582.0,459.0,1358.0,2308.0,180.0,58.0,3662.0,3720.0,483.0,506.0,1437.0,2687.0
1879.0,1209.0,1069.0,1786.0,3689.0,2422.0,702.0,891.0,2630.0,947.0,2219.0,269.0,3699.0,2695.0,1886.0,2281.0,2765.0,260.0,1323.0,3989.0,4099.0,666.0,611.0,2682.0,3039.0
1148.0,3094.0,231.0,3101.0,3739.0,3165.0,1412.0,1155.0,3079.0,2785.0,3554.0,1545.0,3476.0,722.0,3640.0,1764.0,3509.0,2506.0,13.0,351.0,3618.0,2009.0,649.0,3958.0,499.0
2003.0,1050.0,3295.0,887.0,3846.0,435.0,1976.0,1688.0,2637.0,3199.0,3986.0,1756.0,1636.0,1461.0,1987.0,262.0,2097.0,3523.0,1665.0,2789.0,406.0,1189.0,1019.0,1201.0,829.0
2708.0,3180.0,2190.0,3234.0,2196.0,575.0,2094.0,3265.0,1915.0,1111.0,1200.0,1995.0,2009.0,3717.0,2789.0,457.0,3456.0,3791.0,767.0,3169.0,1069.0,1257.0,1038.0,2781.0,1565.0
1468.0,49.0,2604.0,1872.0,2807.0,1264.0,2400.0,1399.0,2458.0,76.0,2221.0,3027.0,2050.0,4060.0,3230.0,872.0,836.0,3829.0,2454.0,3485.0,231.0,1534.0,1821.0,115.0,1864.0
2202.0,3118.0,2863.0,2899.0,2875.0,3229.0,2532.0,3283.0,2635.0,314.0,3662.0,50.0,2317.0,337.0,2433.0,1910.0,2596.0,337.0,2882.0,3092.0,2190.0,3266.0,1887.0,717.0,328.0
3653.0,3258.0,3920.0,584.0,3611.0,3262.0,2549.0,1805.0,2010.0,3212.0,351.0,4050.0,1418.0,3452.0,350.0,2521.0,2727.0,3452.0,949.0,3306.0,2604.0,281.0,2013.0,3150.0,520.0
3741.0,3279.0,2460.0,2282.0,1465.0,3873.0,2579.0,3050.0,900.0,1088.0,2789.0,328.0,1608.0,1021.0,3045.0,2806.0,2729.0,1021.0,714.0,51.0,2863.0,2422.0,2100.0,3280.0,1495.0
275.0,3916.0,3172.0,3620.0,2359.0,3935.0,2757.0,3262.0,1665.0,875.0,3169.0,1451.0,3095.0,3050.0,502.0,2897.0,2903.0,3717.0,3965.0,709.0,3172.0,3165.0,2441.0,3480.0,3688.0
2431.0,3797.0,55.0,3995.0,3528.0,160.0,3198.0,3832.0,3966.0,3550.0,3485.0,415.0,3897.0,2605.0,624.0,1250.0,2157.0,3050.0,778.0,2297.0,55.0,3656.0,2640.0,2983.0,142.0
2630.0,3905.0,3901.0,4030.0,3588.0,1115.0,3199.0,3916.0,702.0,459.0,3092.0,3593.0,2509.0,3839.0,1202.0,85.0,3535.0,2605.0,37.0,3956.0,3901.0,639.0,2747.0,3005.0,1772.0
3009.0,1045.0,255.0,2507.0,4019.0,1764.0,3229.0,3935.0,3102.0,1886.0,3306.0,149.0,2677.0,3650.0,936.0,2703.0,1039.0,3839.0,3457.0,937.0,255.0,354.0,3074.0,263.0,1986.0
2407.0,1147.0,652.0,1887.0,2191.0,290.0,3242.0,3958.0,3492.0,3640.0,51.0,79.0,3835.0,3833.0,1831.0,3390.0,2209.0,3650.0,4014.0,1393.0,652.0,1311.0,3279.0,1433.0,737.0
911.0,2916.0,1128.0,1375.0,3008.0,3893.0,3262.0,585.0,3700.0,1987.0,709.0,722.0,2355.0,3876.0,3747.0,2640.0,4022.0,3833.0,3834.0,2259.0,1128.0,1768.0,3328.0,1700.0,868.0
1473.0,1217.0,1313.0,3306.0,2786.0,2996.0,3447.0,587.0,1545.0,2789.0,2297.0,1327.0,346.0,3990.0,237.0,2891.0,2146.0,3876.0,1565.0,3942.0,1313.0,3039.0,3601.0,1701.0,1105.0
3260.0,2220.0,2553.0,704.0,3610.0,3094.0,3801.0,1051.0,280.0,3230.0,3956.0,1211.0,2559.0,3053.0,3469.0,1569.0,2300.0,3990.0,1215.0,4014.0,2553.0,3031.0,3679.0,3353.0,1704.0
3177.0,3283.0,3749.0,1207.0,1340.0,3904.0,3428.0,2977.0,661.0,2433.0,937.0,3029.0,1496.0,3054.0,3945.0,984.0,3241.0,3053.0,1872.0,1470.0,150.0,335.0,3919.0,3329.0,1807.0
2241.0,536.0,150.0,3236.0,2254.0,382.0,1607.0,611.0,2023.0,350.0,3942.0,1391.0,359.0,3428.0,806.0,584.0,3849.0,3054.0,1767.0,2644.0,3821.0,1449.0,3948.0,436.0,2147.0
3235.0,1338.0,2295.0,318.0,2676.0,881.0,3592.0,1645.0,2158.0,3045.0,1470.0,1794.0,647.0,3969.0,1168.0,3616.0,993.0,3428.0,356.0,3919.0,1742.0,433.0,2988.0,1582.0,3967.0
3464.0,3707.0,3821.0,794.0,4004.0,737.0,3963.0,1759.0,2287.0,502.0,1487.0,620.0,1770.0,876.0,1268.0,2393.0,3115.0,3969.0,545.0,1487.0,144.0,1515.0,509.0,2695.0,818.0
1810.0,2842.0,1742.0,1475.0,4012.0,2824.0,3995.0,1917.0,2372.0,624.0,580.0,3568.0,2746.0,2777.0,3890.0,3900.0,2510.0,876.0,1375.0,580.0,314.0,60.0,537.0,722.0,1092.0
3922.0,2893.0,144.0,1767.0,577.0,189.0,709.0,1946.0,488.0,1202.0,2002.0,3660.0,3475.0,310.0,3983.0,2357.0,3500.0,2777.0,1475.0,2002.0,2038.0,3044.0,1092.0,1461.0,1544.0
2380.0,334.0,314.0,2031.0,3120.0,688.0,2389.0,2154.0,799.0,936.0,1327.0,1171.0,2378.0,2425.0,1082.0,2450.0,2676.0,310.0,53.0,1327.0,2592.0,,176.0,3717.0,119.0
2768.0,2417.0,2038.0,269.0,3744.0,3328.0,2474.0,3118.0,37.0,1831.0,1355.0,3249.0,3258.0,3950.0,1984.0,3606.0,3298.0,2425.0,2023.0,1355.0,3050.0,,615.0,3764.0,624.0
3427.0,1137.0,2592.0,1545.0,3237.0,2771.0,2535.0,3127.0,55.0,3747.0,1626.0,3905.0,3387.0,1019.0,2147.0,1671.0,3104.0,3950.0,3852.0,1626.0,639.0,,657.0,4060.0,838.0
3788.0,281.0,3050.0,1756.0,1030.0,3045.0,2612.0,3548.0,362.0,237.0,2682.0,1208.0,3565.0,2309.0,3113.0,2569.0,1714.0,1019.0,3199.0,2682.0,1276.0,,2016.0,337.0,2097.0
1921.0,4038.0,639.0,1995.0,1365.0,2493.0,3341.0,154.0,4049.0,3469.0,3916.0,545.0,1017.0,3440.0,821.0,3261.0,2538.0,3440.0,3995.0,3916.0,2361.0,,752.0,3452.0,3273.0
3784.0,2887.0,1276.0,3027.0,1840.0,2218.0,3491.0,1891.0,3664.0,3945.0,1900.0,770.0,2819.0,2774.0,1249.0,824.0,2319.0,2774.0,1987.0,1900.0,2859.0,,1030.0,1021.0,4004.0
3458.0,863.0,2361.0,50.0,2386.0,2640.0,3531.0,574.0,2555.0,806.0,2701.0,3857.0,430.0,3539.0,288.0,3149.0,2428.0,3539.0,3279.0,2701.0,3122.0,,2987.0,3050.0,1166.0
2076.0,875.0,2859.0,4050.0,2739.0,3745.0,3729.0,216.0,1720.0,1168.0,1133.0,2747.0,376.0,857.0,644.0,662.0,956.0,857.0,3059.0,3068.0,1298.0,,3020.0,2605.0,330.0
2154.0,1125.0,3122.0,328.0,2853.0,1361.0,3463.0,256.0,1909.0,1268.0,1537.0,1616.0,1240.0,2909.0,1652.0,1028.0,988.0,2909.0,916.0,1133.0,4041.0,,431.0,3839.0,1921.0
2854.0,2497.0,1298.0,1451.0,3736.0,3436.0,2125.0,392.0,1249.0,4045.0,3304.0,511.0,1866.0,4067.0,525.0,952.0,3529.0,4067.0,1335.0,1537.0,4059.0,,616.0,3650.0,3026.0
2850.0,795.0,4041.0,415.0,4068.0,3568.0,3548.0,810.0,1246.0,3890.0,238.0,1115.0,1927.0,3973.0,3224.0,1437.0,2155.0,3973.0,148.0,3304.0,70.0,,1217.0,3833.0,65.0
4082.0,1017.0,4059.0,3593.0,1131.0,585.0,3095.0,3095.0,3246.0,3983.0,524.0,1918.0,3471.0,3832.0,3258.0,2682.0,2341.0,2441.0,1936.0,238.0,1123.0,,1446.0,3876.0,109.0
1343.0,2819.0,70.0,149.0,1879.0,1051.0,3236.0,2011.0,1358.0,1082.0,997.0,1129.0,3626.0,2441.0,3279.0,1201.0,2401.0,1554.0,966.0,524.0,1607.0,,3068.0,3990.0,361.0
740.0,1908.0,1123.0,79.0,1148.0,1875.0,3563.0,1850.0,1764.0,1791.0,1705.0,53.0,1689.0,1554.0,157.0,2781.0,3736.0,1524.0,803.0,997.0,2527.0,,3969.0,3053.0,645.0
1387.0,329.0,1607.0,722.0,2844.0,89.0,1216.0,1965.0,262.0,1984.0,1975.0,757.0,3548.0,1524.0,3969.0,115.0,4090.0,4061.0,627.0,1705.0,3608.0,,2604.0,3054.0,349.0
3016.0,3223.0,2527.0,1327.0,2003.0,2219.0,1553.0,578.0,457.0,2147.0,2467.0,947.0,74.0,4061.0,3288.0,717.0,2946.0,1471.0,323.0,1975.0,2802.0,,3549.0,3428.0,1131.0
3763.0,2204.0,3608.0,1211.0,2708.0,2415.0,2395.0,628.0,872.0,3113.0,2665.0,2785.0,1457.0,1471.0,226.0,3150.0,2810.0,1433.0,3246.0,2816.0,3238.0,,3560.0,3969.0,1504.0
2822.0,3868.0,2802.0,3029.0,1468.0,2582.0,2631.0,2955.0,1910.0,821.0,2816.0,3199.0,2228.0,311.0,2415.0,3280.0,3353.0,311.0,1786.0,2887.0,1674.0,,3833.0,876.0,1754.0
3394.0,1816.0,3238.0,1391.0,2202.0,3554.0,2736.0,2823.0,2521.0,1249.0,2887.0,1111.0,1052.0,701.0,2511.0,3480.0,2066.0,701.0,3101.0,3048.0,2536.0,,1463.0,2777.0,2067.0
3758.0,1978.0,1674.0,1794.0,3653.0,3986.0,2958.0,3628.0,2806.0,2021.0,3048.0,76.0,1510.0,1316.0,3514.0,2983.0,2111.0,1316.0,887.0,3189.0,963.0,,2146.0,310.0,3553.0
1828.0,852.0,2536.0,620.0,3741.0,3996.0,3003.0,2466.0,2897.0,288.0,3476.0,314.0,3369.0,3093.0,58.0,3005.0,2197.0,4049.0,3234.0,3699.0,1799.0,,2996.0,2425.0,3044.0
1679.0,3113.0,963.0,3568.0,275.0,1200.0,3195.0,2631.0,1250.0,644.0,1636.0,3212.0,20.0,1263.0,3519.0,263.0,2285.0,1263.0,2899.0,3476.0,3702.0,,3612.0,3950.0,
2566.0,3673.0,1799.0,3660.0,2198.0,2221.0,3215.0,3131.0,85.0,1652.0,2009.0,1088.0,2373.0,3599.0,2184.0,1433.0,2643.0,3599.0,584.0,1636.0,91.0,,4019.0,1019.0,
2643.0,4034.0,3702.0,1171.0,2630.0,3662.0,3354.0,669.0,3390.0,1993.0,2317.0,875.0,3450.0,3770.0,3361.0,1700.0,2687.0,3770.0,2282.0,2009.0,256.0,,92.0,2309.0,
3322.0,74.0,3830.0,3249.0,3009.0,3989.0,3596.0,1369.0,2640.0,525.0,1608.0,3550.0,1752.0,1977.0,1044.0,1701.0,3669.0,1977.0,3620.0,2050.0,1498.0,,642.0,3440.0,
2974.0,2484.0,91.0,3905.0,2407.0,351.0,3750.0,142.0,2891.0,3224.0,3897.0,459.0,1686.0,3719.0,2884.0,3353.0,3714.0,3719.0,4030.0,1418.0,3256.0,,1002.0,2774.0,
3481.0,3114.0,256.0,1208.0,2914.0,2789.0,4017.0,1762.0,3209.0,3258.0,3835.0,1886.0,426.0,2935.0,146.0,3329.0,4089.0,2935.0,2507.0,1608.0,3598.0,,18.0,3539.0,
296.0,3175.0,1498.0,545.0,1430.0,3169.0,4049.0,1295.0,1569.0,3279.0,2355.0,3640.0,228.0,3772.0,3473.0,436.0,1354.0,1246.0,1887.0,3095.0,3952.0,,570.0,857.0,
3080.0,3761.0,3256.0,770.0,1473.0,3485.0,4074.0,1928.0,984.0,157.0,346.0,1987.0,278.0,4033.0,1372.0,1582.0,2941.0,3772.0,3306.0,3897.0,3971.0,,612.0,2909.0,
3111.0,3334.0,3598.0,3857.0,3177.0,3092.0,3367.0,2693.0,3176.0,254.0,2559.0,2789.0,422.0,3167.0,891.0,2695.0,2048.0,4033.0,704.0,2509.0,475.0,,1062.0,4067.0,
4088.0,1267.0,3952.0,2747.0,2241.0,3306.0,1453.0,3390.0,3900.0,3969.0,1496.0,2433.0,745.0,3995.0,1155.0,722.0,2775.0,3167.0,3236.0,2677.0,154.0,,1248.0,3973.0,
3178.0,673.0,3971.0,1616.0,2271.0,51.0,3114.0,1286.0,2357.0,3288.0,359.0,350.0,1962.0,1280.0,3265.0,1461.0,2931.0,281.0,318.0,3835.0,290.0,,1721.0,3832.0,
3509.0,52.0,475.0,511.0,3235.0,709.0,3945.0,4033.0,2493.0,226.0,647.0,3045.0,2006.0,3136.0,1805.0,3764.0,2945.0,3074.0,794.0,2355.0,1042.0,,3232.0,2441.0,
3518.0,3656.0,154.0,1115.0,1810.0,2297.0,1210.0,1642.0,2450.0,2415.0,1770.0,502.0,1132.0,3601.0,3050.0,4060.0,2242.0,262.0,2031.0,346.0,1544.0,,808.0,1554.0,
1507.0,123.0,290.0,1918.0,1317.0,3956.0,1246.0,1906.0,3606.0,2511.0,2746.0,624.0,675.0,1180.0,3262.0,337.0,2355.0,2897.0,269.0,2559.0,1626.0,,3164.0,1524.0,
270.0,1155.0,1042.0,1129.0,3922.0,937.0,3137.0,483.0,2569.0,2604.0,3475.0,1202.0,2622.0,1443.0,3832.0,3452.0,2359.0,263.0,1545.0,1496.0,2866.0,,2482.0,4061.0,
1901.0,2367.0,1544.0,53.0,2380.0,1393.0,3272.0,666.0,3261.0,3514.0,2378.0,936.0,3302.0,2225.0,3916.0,1021.0,2929.0,3995.0,1756.0,359.0,3139.0,,380.0,1471.0,
1568.0,335.0,1626.0,757.0,2768.0,2259.0,3559.0,2009.0,824.0,652.0,2891.0,1831.0,3834.0,2604.0,3935.0,3050.0,3208.0,1280.0,1995.0,647.0,3268.0,,1671.0,311.0,
2278.0,932.0,2562.0,947.0,3427.0,3942.0,3973.0,1189.0,3149.0,58.0,3258.0,3747.0,274.0,3411.0,3958.0,2605.0,4019.0,702.0,3027.0,2746.0,4030.0,,3696.0,701.0,
2633.0,2152.0,2866.0,2785.0,3788.0,4014.0,3765.0,1257.0,662.0,3519.0,3565.0,237.0,431.0,3945.0,585.0,3839.0,279.0,3136.0,50.0,3475.0,4070.0,,499.0,1316.0,
1251.0,3026.0,3268.0,3199.0,1921.0,1470.0,3865.0,1534.0,1028.0,3901.0,1017.0,3469.0,1446.0,1259.0,587.0,3650.0,2293.0,3601.0,4050.0,3258.0,189.0,,1767.0,3093.0,
2184.0,3061.0,3525.0,1111.0,3784.0,2644.0,3890.0,3266.0,1542.0,2184.0,2819.0,3945.0,1881.0,2631.0,1051.0,3833.0,2469.0,1180.0,328.0,3387.0,997.0,,1017.0,1263.0,
747.0,1911.0,4030.0,76.0,3458.0,3919.0,3989.0,281.0,952.0,3361.0,430.0,806.0,2784.0,2100.0,2977.0,3876.0,2480.0,2225.0,1451.0,3565.0,3157.0,,1434.0,3599.0,
2353.0,3503.0,4070.0,314.0,2076.0,1487.0,2485.0,2422.0,1437.0,1044.0,376.0,1168.0,3883.0,1581.0,3852.0,3990.0,2551.0,2604.0,415.0,1017.0,1140.0,,1504.0,3770.0,
330.0,79.0,189.0,1088.0,2154.0,580.0,2645.0,3165.0,2682.0,2884.0,1240.0,1268.0,502.0,1222.0,611.0,3053.0,3725.0,3176.0,3593.0,2819.0,3343.0,,2493.0,1977.0,
1326.0,2378.0,997.0,875.0,3654.0,2002.0,2684.0,3656.0,3958.0,146.0,1866.0,4045.0,1494.0,2769.0,1645.0,3054.0,4016.0,3411.0,149.0,376.0,1363.0,,2896.0,3719.0,
1650.0,547.0,3157.0,3550.0,2854.0,1327.0,3997.0,639.0,1201.0,3473.0,1927.0,3890.0,2507.0,3107.0,1917.0,3428.0,1130.0,3945.0,79.0,1240.0,2129.0,,3797.0,2935.0,
3633.0,3638.0,1140.0,459.0,2850.0,1626.0,189.0,354.0,2781.0,199.0,3471.0,3983.0,1435.0,2222.0,1946.0,3969.0,2910.0,1259.0,722.0,1866.0,2324.0,,3821.0,3772.0,
2134.0,72.0,3343.0,1886.0,4082.0,2682.0,262.0,1311.0,115.0,1372.0,3626.0,1082.0,1976.0,3199.0,2154.0,876.0,3549.0,911.0,1327.0,1927.0,1088.0,,376.0,4033.0,
3629.0,1248.0,1363.0,3640.0,1343.0,3916.0,2824.0,1768.0,717.0,891.0,1689.0,1791.0,2592.0,3837.0,3127.0,2777.0,3986.0,2631.0,1211.0,3471.0,185.0,,407.0,3167.0,
1267.0,1339.0,2129.0,1987.0,740.0,1900.0,2897.0,3039.0,2447.0,1155.0,3548.0,1984.0,272.0,3512.0,3548.0,310.0,2591.0,2100.0,3029.0,3626.0,1082.0,,1421.0,3074.0,
116.0,3743.0,2205.0,2789.0,1387.0,2701.0,3203.0,3031.0,3150.0,1688.0,74.0,2147.0,1880.0,2217.0,1891.0,2425.0,3534.0,1581.0,1391.0,1689.0,193.0,,1866.0,3995.0,
248.0,3799.0,2324.0,3230.0,3016.0,3068.0,3537.0,335.0,3280.0,3265.0,2228.0,3113.0,2257.0,1607.0,574.0,3950.0,681.0,2769.0,1794.0,3548.0,1857.0,,1774.0,1280.0,
329.0,2223.0,2674.0,2433.0,3763.0,1133.0,3789.0,1449.0,3480.0,1399.0,1052.0,821.0,718.0,2919.0,111.0,1019.0,2953.0,3107.0,620.0,74.0,3995.0,,492.0,3136.0,
1897.0,1132.0,1088.0,350.0,2171.0,1537.0,778.0,433.0,2983.0,3283.0,1510.0,2021.0,1461.0,3639.0,216.0,2309.0,3084.0,2222.0,3568.0,1457.0,620.0,,1180.0,3601.0,
2159.0,64.0,185.0,3045.0,2822.0,3304.0,1470.0,1515.0,3005.0,1805.0,3369.0,288.0,1789.0,3959.0,256.0,3440.0,3120.0,3199.0,3660.0,1052.0,1572.0,,3385.0,1180.0,
2576.0,3793.0,1082.0,502.0,3394.0,238.0,1885.0,60.0,263.0,3050.0,20.0,644.0,2298.0,3963.0,392.0,2774.0,3377.0,3512.0,1171.0,1510.0,544.0,,76.0,1443.0,
3070.0,1369.0,193.0,624.0,3758.0,524.0,2425.0,3044.0,1433.0,3262.0,2373.0,1652.0,2466.0,2955.0,810.0,3539.0,936.0,2217.0,3249.0,3369.0,1202.0,,1805.0,2225.0,
2843.0,3791.0,1857.0,1202.0,2083.0,997.0,3107.0,,1700.0,3832.0,3450.0,1993.0,2811.0,2340.0,3095.0,857.0,2211.0,1607.0,3905.0,20.0,3236.0,,1976.0,2604.0,
2879.0,2643.0,3995.0,936.0,1828.0,1705.0,1571.0,,1701.0,3916.0,1752.0,525.0,3171.0,2482.0,2011.0,2909.0,2343.0,2919.0,1208.0,2373.0,350.0,,2222.0,3411.0,
241.0,3374.0,620.0,1831.0,1679.0,1975.0,1814.0,,3353.0,3935.0,1686.0,3224.0,3704.0,3901.0,1965.0,4067.0,2561.0,3639.0,770.0,3450.0,3234.0,,2586.0,3945.0,
704.0,3981.0,1572.0,3747.0,2566.0,2467.0,3667.0,,3329.0,3958.0,426.0,3258.0,4047.0,1062.0,578.0,3973.0,4095.0,3963.0,3857.0,1752.0,1761.0,,2785.0,1259.0,
2111.0,1884.0,544.0,237.0,2643.0,2665.0,4028.0,,436.0,585.0,228.0,3279.0,4060.0,1721.0,628.0,2441.0,1678.0,2955.0,2747.0,1686.0,2507.0,,3050.0,2631.0,
95.0,3086.0,1202.0,3469.0,3322.0,2816.0,3136.0,,1582.0,587.0,278.0,157.0,977.0,3236.0,2955.0,1554.0,520.0,3966.0,1616.0,426.0,679.0,,3167.0,2100.0,
2435.0,3164.0,3236.0,3945.0,3343.0,2887.0,3258.0,,2695.0,1051.0,422.0,254.0,787.0,1072.0,2823.0,1524.0,2160.0,2340.0,511.0,228.0,572.0,,3199.0,1581.0,
622.0,891.0,350.0,806.0,2974.0,3048.0,3387.0,,722.0,2977.0,745.0,3969.0,862.0,3224.0,3628.0,4061.0,2371.0,2482.0,1115.0,278.0,1653.0,,3229.0,1222.0,
578.0,2630.0,3234.0,1168.0,3481.0,3189.0,3601.0,,3717.0,3852.0,1962.0,3288.0,880.0,3806.0,2466.0,1471.0,2406.0,3901.0,1918.0,422.0,3568.0,,3431.0,2769.0,
3368.0,3079.0,1761.0,1268.0,296.0,3699.0,3674.0,,3764.0,611.0,2006.0,226.0,3061.0,1044.0,2631.0,311.0,2488.0,1062.0,1129.0,745.0,2899.0,,843.0,3107.0,
1024.0,2637.0,2507.0,4045.0,3080.0,3476.0,3745.0,,4060.0,1645.0,1132.0,2415.0,3180.0,1645.0,3131.0,701.0,2571.0,1721.0,757.0,2006.0,640.0,,994.0,2222.0,
3641.0,1915.0,679.0,3890.0,3111.0,1636.0,3806.0,,337.0,1759.0,675.0,2511.0,379.0,2398.0,1369.0,1316.0,2921.0,3236.0,947.0,1132.0,29.0,,1410.0,3199.0,
2473.0,2458.0,572.0,3983.0,4088.0,2009.0,160.0,,3452.0,1917.0,2622.0,2604.0,309.0,1030.0,142.0,3093.0,3873.0,1072.0,2785.0,675.0,1719.0,,702.0,3837.0,
2594.0,2635.0,1653.0,1082.0,3771.0,2050.0,592.0,,1021.0,1946.0,3302.0,3514.0,897.0,1664.0,1762.0,1263.0,40.0,3224.0,1111.0,2622.0,1887.0,,2939.0,3512.0,
3655.0,2010.0,3568.0,1791.0,3178.0,2317.0,1115.0,,3050.0,2154.0,274.0,652.0,1884.0,3560.0,1295.0,3599.0,1977.0,3806.0,76.0,3302.0,518.0,,3118.0,2217.0,
285.0,900.0,2899.0,1984.0,3509.0,1418.0,3344.0,,2605.0,3118.0,431.0,58.0,2951.0,3477.0,1928.0,3770.0,2636.0,1044.0,314.0,3834.0,328.0,,3450.0,1607.0,
3813.0,1665.0,640.0,2147.0,3518.0,1608.0,3793.0,,3839.0,3127.0,1881.0,3519.0,3385.0,344.0,2693.0,1977.0,3422.0,1645.0,3212.0,431.0,468.0,,559.0,2919.0,
4066.0,3966.0,29.0,3113.0,1507.0,3095.0,1875.0,,3650.0,3548.0,502.0,3901.0,3422.0,3341.0,3390.0,3719.0,3719.0,2398.0,1088.0,1446.0,2147.0,,1267.0,3639.0,
198.0,702.0,1719.0,821.0,270.0,3897.0,89.0,,3833.0,154.0,1494.0,2184.0,4068.0,3234.0,1286.0,2935.0,3730.0,1030.0,875.0,1881.0,1382.0,,1920.0,3959.0,
230.0,3102.0,1887.0,2021.0,1901.0,2509.0,412.0,,3876.0,1891.0,2507.0,3361.0,2473.0,3865.0,4033.0,3772.0,2080.0,1664.0,3550.0,2784.0,1582.0,,6.0,3963.0,
246.0,3492.0,518.0,288.0,2278.0,2677.0,511.0,,3990.0,574.0,1435.0,1044.0,2999.0,3890.0,1642.0,4033.0,2148.0,3560.0,459.0,3883.0,1594.0,,557.0,2955.0,
287.0,3700.0,328.0,644.0,1251.0,2355.0,597.0,,3053.0,216.0,1976.0,2884.0,3109.0,3983.0,1906.0,3167.0,2250.0,3477.0,1886.0,502.0,2031.0,,856.0,2340.0,
1370.0,1545.0,468.0,1652.0,747.0,346.0,881.0,,3054.0,256.0,2592.0,146.0,3714.0,4032.0,483.0,3074.0,3496.0,344.0,3640.0,1494.0,1515.0,,337.0,2482.0,
2025.0,280.0,2147.0,1993.0,2353.0,1496.0,1240.0,,3428.0,392.0,272.0,3473.0,905.0,726.0,666.0,3995.0,102.0,3341.0,2789.0,2507.0,1945.0,,1021.0,3901.0,
2186.0,661.0,1382.0,525.0,3821.0,359.0,1309.0,,3969.0,810.0,1880.0,199.0,1290.0,2208.0,2009.0,1280.0,633.0,3234.0,3230.0,1435.0,1391.0,,3717.0,1062.0,
2505.0,2023.0,1582.0,3224.0,330.0,647.0,1384.0,,876.0,3095.0,718.0,1372.0,717.0,2699.0,1257.0,3136.0,349.0,3890.0,2433.0,1976.0,722.0,,2605.0,1721.0,
2646.0,2158.0,1594.0,3258.0,1326.0,1770.0,1664.0,,2777.0,2011.0,1461.0,891.0,3311.0,2776.0,1534.0,3601.0,1131.0,3983.0,350.0,2592.0,151.0,,3839.0,3236.0,
2903.0,2287.0,2031.0,3279.0,1650.0,2746.0,2049.0,,310.0,1850.0,2298.0,1155.0,664.0,3418.0,3266.0,1180.0,3553.0,4032.0,3045.0,272.0,891.0,,3650.0,1072.0,
3106.0,2372.0,1515.0,157.0,3633.0,3475.0,2429.0,,2425.0,1965.0,2466.0,1688.0,817.0,1566.0,281.0,1443.0,3741.0,726.0,502.0,2257.0,3086.0,,3876.0,3224.0,
3410.0,488.0,1945.0,254.0,2134.0,2378.0,2737.0,,3950.0,578.0,2811.0,3265.0,1211.0,2802.0,3165.0,2225.0,2613.0,2208.0,624.0,718.0,1861.0,,3990.0,3806.0,
4090.0,799.0,1391.0,3969.0,3629.0,2891.0,2767.0,,1019.0,628.0,3171.0,1399.0,1353.0,2172.0,3656.0,3411.0,3130.0,2699.0,1202.0,1461.0,1891.0,,3053.0,1044.0,
1924.0,37.0,722.0,3288.0,1267.0,3258.0,2770.0,,2309.0,2955.0,3704.0,3283.0,3246.0,2395.0,354.0,3945.0,2395.0,2776.0,936.0,1789.0,3306.0,,3054.0,1645.0,
243.0,55.0,151.0,226.0,116.0,3387.0,3176.0,,3440.0,2823.0,4047.0,1805.0,615.0,2446.0,1311.0,1259.0,2556.0,3418.0,1831.0,2298.0,1819.0,,3428.0,2398.0,
3623.0,362.0,891.0,2415.0,248.0,3565.0,3295.0,,2774.0,3628.0,977.0,3050.0,2070.0,3131.0,1768.0,2631.0,2811.0,2802.0,3747.0,2466.0,174.0,,876.0,1030.0,
431.0,4049.0,3086.0,2511.0,329.0,1017.0,3388.0,,3539.0,2466.0,787.0,3262.0,3307.0,3325.0,3039.0,2100.0,4057.0,722.0,237.0,2811.0,395.0,,2425.0,1664.0,
616.0,3664.0,1861.0,2604.0,1897.0,2819.0,3411.0,,857.0,2631.0,862.0,3832.0,1356.0,4057.0,3031.0,1581.0,562.0,2172.0,3469.0,3171.0,3473.0,,3950.0,3560.0,
3564.0,2555.0,1891.0,3514.0,2159.0,430.0,3619.0,,2909.0,3131.0,880.0,3916.0,1604.0,2422.0,335.0,1222.0,2078.0,2395.0,3945.0,3704.0,483.0,,2309.0,3477.0,
2289.0,1720.0,3306.0,652.0,2576.0,376.0,3685.0,,4067.0,669.0,2533.0,3935.0,3957.0,3165.0,1449.0,2769.0,2957.0,2446.0,806.0,4047.0,3556.0,,3440.0,344.0,
3779.0,1909.0,1819.0,58.0,3070.0,1240.0,3726.0,,3973.0,1369.0,3061.0,3958.0,2747.0,435.0,433.0,3107.0,4005.0,3131.0,1168.0,4060.0,2891.0,,2774.0,3341.0,
2135.0,1249.0,174.0,3519.0,3608.0,1866.0,3867.0,,3832.0,142.0,379.0,585.0,3.0,575.0,1515.0,2222.0,767.0,3325.0,1268.0,977.0,488.0,,857.0,3234.0,
3642.0,1246.0,395.0,3901.0,2843.0,1927.0,3996.0,,2441.0,1762.0,309.0,587.0,563.0,1264.0,3044.0,3199.0,1535.0,4057.0,4045.0,787.0,2029.0,,984.0,3865.0,
1232.0,3246.0,3473.0,2184.0,2879.0,3471.0,1267.0,,1554.0,1295.0,897.0,1051.0,899.0,3229.0,,3837.0,2454.0,2422.0,3890.0,862.0,490.0,,2909.0,3890.0,
1620.0,1358.0,483.0,3361.0,241.0,1689.0,1487.0,,1524.0,1928.0,1884.0,2977.0,1704.0,3262.0,,3512.0,2882.0,3165.0,3983.0,880.0,1636.0,,3973.0,3983.0,
520.0,1764.0,3556.0,1044.0,704.0,3548.0,1044.0,,4061.0,2693.0,3385.0,3852.0,319.0,3873.0,,2217.0,3346.0,435.0,1082.0,2533.0,2985.0,,3832.0,4032.0,
536.0,262.0,2891.0,2884.0,2111.0,74.0,2484.0,,1471.0,3390.0,4068.0,611.0,2281.0,3935.0,,1607.0,586.0,575.0,1791.0,3061.0,1327.0,,1524.0,726.0,
3923.0,457.0,488.0,146.0,1243.0,1457.0,3422.0,,311.0,1286.0,2473.0,1645.0,156.0,160.0,,2919.0,731.0,1264.0,1984.0,3180.0,2747.0,,4061.0,2208.0,
334.0,872.0,2029.0,3473.0,326.0,2228.0,745.0,,701.0,4033.0,2999.0,1759.0,441.0,1115.0,,3639.0,742.0,3262.0,2147.0,379.0,1961.0,,1471.0,2699.0,
800.0,1910.0,490.0,199.0,622.0,1052.0,2208.0,,1316.0,1642.0,3109.0,1917.0,546.0,290.0,,3959.0,755.0,3935.0,3113.0,309.0,3626.0,,1433.0,2776.0,
2279.0,2521.0,1636.0,1372.0,578.0,1510.0,2259.0,,3093.0,1906.0,3714.0,1946.0,612.0,3893.0,,3963.0,1148.0,160.0,821.0,897.0,1787.0,,701.0,3418.0,
2312.0,2806.0,2985.0,891.0,1024.0,3369.0,2569.0,,1263.0,483.0,905.0,2154.0,1209.0,2996.0,,2955.0,1801.0,1115.0,1249.0,1884.0,3101.0,,1316.0,1566.0,
2393.0,2897.0,1327.0,1155.0,3641.0,20.0,2699.0,,3599.0,666.0,1290.0,3118.0,1768.0,3904.0,,2340.0,2150.0,1764.0,2021.0,3385.0,821.0,,3093.0,2802.0,
3173.0,1250.0,2747.0,1688.0,3777.0,2373.0,2830.0,,3770.0,2009.0,717.0,3127.0,2408.0,382.0,,2482.0,2165.0,290.0,288.0,3422.0,1690.0,,4049.0,2172.0,
3549.0,85.0,1961.0,3265.0,2608.0,3450.0,3261.0,,1977.0,1189.0,3311.0,3548.0,2773.0,881.0,,3901.0,2567.0,3893.0,644.0,4068.0,1368.0,,1263.0,2395.0,
3760.0,3390.0,3626.0,1399.0,4098.0,1752.0,3433.0,,3719.0,1257.0,664.0,154.0,2866.0,737.0,,1062.0,2718.0,2996.0,1652.0,2473.0,368.0,,1977.0,2446.0,
3783.0,2640.0,1787.0,3283.0,2473.0,1686.0,3964.0,,2935.0,1534.0,817.0,1891.0,2123.0,2824.0,,1721.0,3699.0,3094.0,1993.0,2999.0,370.0,,3719.0,3131.0,
3986.0,2891.0,3101.0,1805.0,2594.0,426.0,227.0,,3772.0,3266.0,3246.0,574.0,3612.0,189.0,,3236.0,3761.0,3904.0,525.0,3109.0,3397.0,,2935.0,3325.0,
2106.0,3209.0,821.0,3050.0,285.0,228.0,2460.0,,4033.0,281.0,615.0,216.0,559.0,688.0,,1072.0,4004.0,382.0,3224.0,3714.0,1534.0,,1246.0,4057.0,
2816.0,1569.0,1690.0,3262.0,3813.0,422.0,2648.0,,3167.0,2422.0,3307.0,256.0,915.0,3328.0,,3224.0,3526.0,881.0,3258.0,905.0,1801.0,,3772.0,2422.0,
872.0,984.0,1368.0,3832.0,4066.0,745.0,2821.0,,3074.0,3165.0,1356.0,392.0,1267.0,3045.0,,1044.0,1457.0,737.0,157.0,1290.0,440.0,,4033.0,3165.0,
1511.0,3176.0,368.0,3916.0,38.0,1962.0,2906.0,,3995.0,3656.0,1604.0,810.0,1591.0,2218.0,,1645.0,2228.0,2824.0,254.0,717.0,584.0,,1437.0,435.0,
947.0,3900.0,370.0,3935.0,230.0,2006.0,3362.0,,1280.0,639.0,2747.0,3095.0,848.0,3745.0,,2398.0,2497.0,189.0,3969.0,3311.0,222.0,,262.0,575.0,
2983.0,2357.0,2378.0,3958.0,246.0,1132.0,857.0,,3136.0,354.0,899.0,2011.0,3080.0,1361.0,,1030.0,2677.0,688.0,3288.0,664.0,1756.0,,2897.0,1264.0,
3435.0,2493.0,3397.0,585.0,287.0,675.0,1104.0,,3601.0,1311.0,1704.0,1850.0,3279.0,3436.0,,3560.0,3220.0,3328.0,2415.0,817.0,1918.0,,263.0,3229.0,
2321.0,2450.0,1534.0,587.0,1370.0,2622.0,2230.0,,1180.0,1768.0,319.0,1965.0,3690.0,585.0,,3477.0,3249.0,2771.0,2511.0,1211.0,1554.0,,1280.0,3262.0,
1145.0,3606.0,1801.0,1051.0,2025.0,3302.0,2600.0,,1443.0,3039.0,2281.0,578.0,484.0,1051.0,,344.0,3811.0,3045.0,2604.0,1353.0,2450.0,,3136.0,3873.0,
3700.0,2569.0,440.0,2977.0,2186.0,3834.0,2870.0,,2225.0,3031.0,156.0,628.0,3556.0,1875.0,,3341.0,3835.0,2493.0,3514.0,3246.0,1125.0,,2225.0,3935.0,
2283.0,824.0,584.0,3852.0,2646.0,274.0,3304.0,,2604.0,335.0,441.0,2955.0,85.0,89.0,,3234.0,2002.0,2218.0,652.0,615.0,1158.0,,3176.0,160.0,
2350.0,3149.0,222.0,611.0,2845.0,431.0,3441.0,,3411.0,1449.0,546.0,2823.0,210.0,2219.0,,3865.0,2370.0,2640.0,3519.0,3307.0,324.0,,3411.0,1115.0,
2355.0,662.0,1756.0,1645.0,2903.0,1446.0,4025.0,,3945.0,433.0,612.0,3628.0,1928.0,2415.0,,3890.0,2528.0,3745.0,3901.0,1604.0,906.0,,3945.0,290.0,
2683.0,1028.0,1918.0,1759.0,3106.0,1881.0,79.0,,1259.0,1515.0,1209.0,2466.0,2464.0,2582.0,,3983.0,2779.0,1361.0,2184.0,3957.0,3484.0,,1259.0,3893.0,
2938.0,1542.0,1554.0,1917.0,3151.0,2784.0,337.0,,2631.0,60.0,1768.0,2631.0,1760.0,3554.0,,4032.0,3787.0,3436.0,3361.0,2747.0,1510.0,,1222.0,2996.0,
2996.0,952.0,2450.0,1946.0,3410.0,3883.0,2777.0,,2100.0,3044.0,2773.0,3131.0,2101.0,3986.0,,726.0,4100.0,3568.0,1044.0,3.0,977.0,,2769.0,3904.0,
3904.0,1437.0,1125.0,2154.0,4090.0,502.0,310.0,,1581.0,,2123.0,669.0,1102.0,3996.0,,2208.0,1846.0,585.0,2884.0,563.0,1420.0,,3107.0,382.0,
4067.0,2682.0,1158.0,3118.0,1924.0,1494.0,1019.0,,1222.0,,3612.0,1369.0,2014.0,1200.0,,2776.0,2063.0,1051.0,146.0,1704.0,3079.0,,3837.0,881.0,
1405.0,3958.0,324.0,3127.0,243.0,2507.0,2309.0,,2769.0,,559.0,142.0,2230.0,2221.0,,3418.0,4097.0,1875.0,3473.0,319.0,1802.0,,3512.0,737.0,
1786.0,1201.0,906.0,3548.0,431.0,1435.0,3440.0,,3107.0,,915.0,1762.0,561.0,3662.0,,1566.0,1730.0,2219.0,199.0,2281.0,2484.0,,2217.0,2824.0,
51.0,2781.0,3484.0,154.0,616.0,1976.0,2774.0,,2222.0,,1267.0,1295.0,1434.0,3989.0,,2802.0,2378.0,2415.0,1372.0,156.0,69.0,,1607.0,189.0,
3541.0,115.0,1510.0,1891.0,3564.0,2592.0,3539.0,,3199.0,,1591.0,1928.0,2899.0,351.0,,2172.0,2458.0,2582.0,891.0,441.0,157.0,,2919.0,688.0,
1357.0,717.0,977.0,574.0,213.0,272.0,984.0,,3837.0,,2360.0,2693.0,3085.0,2789.0,,2395.0,2605.0,3554.0,1155.0,546.0,283.0,,3639.0,3328.0,
1763.0,2447.0,1420.0,216.0,576.0,1880.0,2909.0,,3512.0,,3080.0,3390.0,3283.0,3169.0,,2446.0,2891.0,1200.0,1688.0,612.0,2018.0,,3959.0,3045.0,
1805.0,3150.0,3079.0,256.0,3779.0,2257.0,4067.0,,2217.0,,3279.0,1286.0,3359.0,3485.0,,3131.0,3136.0,2221.0,3265.0,1209.0,1170.0,,3963.0,2218.0,
1895.0,3280.0,1802.0,392.0,2135.0,718.0,3832.0,,1607.0,,3690.0,4033.0,3417.0,3092.0,,3325.0,3387.0,351.0,1399.0,1768.0,2988.0,,3981.0,3745.0,
2056.0,3480.0,2484.0,810.0,1232.0,1461.0,2441.0,,2919.0,,484.0,1642.0,3532.0,3306.0,,4057.0,2739.0,2789.0,3283.0,2408.0,349.0,,2955.0,1361.0,
2626.0,2983.0,69.0,3095.0,1620.0,1789.0,1524.0,,3959.0,,3556.0,1906.0,3534.0,51.0,,2422.0,1019.0,3169.0,1805.0,2773.0,627.0,,3966.0,3436.0,
2921.0,3005.0,157.0,2011.0,181.0,2298.0,4061.0,,3963.0,,85.0,483.0,4037.0,709.0,,3165.0,2013.0,3485.0,3050.0,2866.0,426.0,,2340.0,3568.0,
2923.0,263.0,283.0,1850.0,520.0,2466.0,1471.0,,2955.0,,210.0,666.0,1918.0,2297.0,,435.0,2070.0,3092.0,3262.0,2123.0,457.0,,3901.0,585.0,
1826.0,1433.0,2018.0,1965.0,536.0,2811.0,1433.0,,2340.0,,1928.0,2009.0,2279.0,3956.0,,575.0,2100.0,3306.0,3832.0,3612.0,865.0,,3236.0,1051.0,
2748.0,1700.0,1170.0,578.0,334.0,3171.0,311.0,,2482.0,,2464.0,1189.0,882.0,937.0,,1264.0,2266.0,51.0,3916.0,559.0,1815.0,,1072.0,1875.0,
3248.0,1701.0,2988.0,628.0,800.0,3704.0,1316.0,,3901.0,,1760.0,1257.0,1744.0,1393.0,,3229.0,2309.0,709.0,3935.0,915.0,3691.0,,3224.0,89.0,
3795.0,3353.0,349.0,2955.0,3549.0,4047.0,3093.0,,1062.0,,2101.0,1534.0,1032.0,2259.0,,3262.0,2419.0,2297.0,3958.0,1267.0,794.0,,3806.0,2219.0,
8.0,3329.0,627.0,2823.0,3986.0,4060.0,3599.0,,1721.0,,1102.0,3266.0,3910.0,3942.0,,3873.0,2816.0,3956.0,585.0,1591.0,2011.0,,1044.0,2415.0,
286.0,436.0,426.0,3628.0,2106.0,977.0,3770.0,,3236.0,,2014.0,281.0,756.0,4014.0,,3935.0,3020.0,2259.0,587.0,848.0,1257.0,,2398.0,2582.0,
2105.0,1582.0,457.0,2466.0,2816.0,787.0,1977.0,,3224.0,,2230.0,2422.0,1407.0,1470.0,,160.0,3048.0,3942.0,1051.0,2360.0,1691.0,,1664.0,3554.0,
2489.0,2695.0,865.0,2631.0,872.0,862.0,3719.0,,3806.0,,128.0,3165.0,1995.0,2644.0,,1115.0,3093.0,4014.0,2977.0,3279.0,1843.0,,3477.0,3986.0,
3539.0,722.0,1815.0,3131.0,1511.0,880.0,2935.0,,1044.0,,561.0,3656.0,2223.0,3919.0,,290.0,3820.0,1470.0,611.0,3690.0,1056.0,,344.0,3996.0,
3677.0,3717.0,3691.0,669.0,947.0,2533.0,3772.0,,1645.0,,2899.0,639.0,3465.0,1487.0,,3893.0,4091.0,2644.0,1645.0,484.0,1548.0,,3341.0,1200.0,
3805.0,3764.0,794.0,1369.0,2983.0,3061.0,1437.0,,2398.0,,3085.0,354.0,3526.0,580.0,,2996.0,932.0,1487.0,1759.0,3556.0,2100.0,,3234.0,2221.0,
880.0,4060.0,2011.0,142.0,3435.0,3180.0,3167.0,,1030.0,,3283.0,1311.0,3976.0,2002.0,,3904.0,335.0,580.0,1917.0,85.0,1021.0,,3865.0,3662.0,
972.0,337.0,1257.0,1762.0,1937.0,379.0,281.0,,1664.0,,3359.0,1768.0,21.0,1327.0,,382.0,1158.0,1327.0,1946.0,210.0,2023.0,,3890.0,3989.0,
1748.0,3452.0,1691.0,1295.0,2321.0,897.0,3074.0,,3560.0,,3417.0,3039.0,1886.0,1355.0,,881.0,2784.0,1626.0,2154.0,1928.0,2360.0,,3983.0,351.0,
1060.0,1021.0,1843.0,1928.0,1145.0,1884.0,1280.0,,3477.0,,3532.0,3031.0,1257.0,1626.0,,737.0,3585.0,2682.0,3118.0,2464.0,3472.0,,726.0,2789.0,
2919.0,3050.0,1056.0,2693.0,3700.0,2951.0,1180.0,,344.0,,3534.0,335.0,3439.0,1900.0,,2824.0,2525.0,3916.0,3548.0,1760.0,204.0,,2208.0,3169.0,
3061.0,2605.0,1548.0,3390.0,2350.0,3385.0,1443.0,,3341.0,,4037.0,1449.0,3730.0,2701.0,,189.0,2653.0,1900.0,154.0,2101.0,1759.0,,2699.0,3485.0,
3664.0,3839.0,2100.0,1286.0,2355.0,3422.0,1259.0,,3234.0,,1918.0,433.0,3118.0,3068.0,,688.0,3528.0,2701.0,1891.0,1102.0,9.0,,2776.0,3092.0,
3697.0,3650.0,1021.0,4033.0,2683.0,4068.0,911.0,,3865.0,,2279.0,1515.0,3707.0,1133.0,,3328.0,2010.0,3068.0,574.0,2014.0,356.0,,3418.0,3306.0,
537.0,3833.0,2023.0,1642.0,2938.0,2473.0,2100.0,,3890.0,,882.0,60.0,3799.0,1537.0,,3045.0,2089.0,1133.0,216.0,2230.0,2642.0,,1566.0,51.0,
3675.0,3876.0,2360.0,1906.0,2996.0,2999.0,1581.0,,3983.0,,1744.0,3044.0,4034.0,3304.0,,2218.0,2351.0,1537.0,256.0,128.0,1752.0,,2802.0,709.0,
913.0,3990.0,3472.0,483.0,3904.0,3109.0,2222.0,,4032.0,,1032.0,,1074.0,238.0,,3745.0,3411.0,3304.0,392.0,561.0,50.0,,2172.0,2297.0,
1049.0,3053.0,204.0,666.0,4067.0,3714.0,3837.0,,726.0,,3910.0,,1177.0,524.0,,1361.0,3510.0,524.0,810.0,2899.0,3328.0,,2395.0,3956.0,
1254.0,3054.0,1759.0,2009.0,1347.0,905.0,3512.0,,2208.0,,756.0,,1817.0,997.0,,3568.0,3650.0,997.0,3095.0,3085.0,1585.0,,2446.0,937.0,
1933.0,3428.0,9.0,1189.0,1405.0,1290.0,2919.0,,2699.0,,1407.0,,2051.0,1705.0,,585.0,3900.0,1705.0,2011.0,3283.0,2063.0,,2422.0,1393.0,
3621.0,3969.0,356.0,1257.0,1786.0,717.0,3639.0,,2776.0,,1995.0,,3261.0,1975.0,,1875.0,1117.0,1975.0,1850.0,3359.0,2559.0,,435.0,2259.0,
2160.0,876.0,2642.0,1534.0,3553.0,3311.0,3981.0,,3418.0,,2223.0,,49.0,2467.0,,89.0,3081.0,2467.0,1965.0,3532.0,115.0,,575.0,3942.0,
2667.0,2777.0,1752.0,3266.0,51.0,664.0,3966.0,,1566.0,,3465.0,,280.0,2665.0,,2219.0,665.0,2665.0,578.0,3534.0,132.0,,1264.0,4014.0,
2911.0,310.0,50.0,281.0,1663.0,817.0,2482.0,,2802.0,,3526.0,,678.0,2816.0,,2415.0,1430.0,2816.0,628.0,4037.0,431.0,,3262.0,1470.0,
3575.0,2425.0,3328.0,2422.0,3541.0,1211.0,1062.0,,2172.0,,21.0,,506.0,3048.0,,2582.0,1590.0,2887.0,2955.0,1918.0,3663.0,,3873.0,2644.0,
1408.0,3950.0,1585.0,3165.0,1763.0,1353.0,1721.0,,2395.0,,1886.0,,2023.0,3189.0,,3554.0,2179.0,3048.0,2823.0,882.0,1941.0,,3935.0,3919.0,
212.0,1019.0,2063.0,3656.0,1805.0,3246.0,1072.0,,2446.0,,1257.0,,1843.0,3699.0,,3986.0,2206.0,3189.0,3628.0,1744.0,1086.0,,160.0,1487.0,
2118.0,2309.0,2559.0,639.0,1895.0,615.0,1645.0,,3131.0,,3439.0,,16.0,3476.0,,3996.0,2996.0,3699.0,2466.0,1032.0,3452.0,,1115.0,580.0,
3045.0,3440.0,115.0,354.0,2626.0,2070.0,2398.0,,3325.0,,3730.0,,17.0,1636.0,,1200.0,3159.0,3476.0,2631.0,3910.0,164.0,,1764.0,2002.0,
4005.0,2774.0,132.0,1311.0,2921.0,3307.0,1030.0,,4057.0,,3118.0,,19.0,2009.0,,2221.0,3588.0,1636.0,3131.0,756.0,394.0,,290.0,1327.0,
4089.0,3539.0,431.0,1768.0,2923.0,1356.0,3477.0,,2422.0,,3707.0,,37.0,2050.0,,3989.0,3612.0,2009.0,669.0,1407.0,1509.0,,3893.0,1626.0,
424.0,857.0,3663.0,3039.0,1826.0,1604.0,344.0,,3165.0,,3799.0,,78.0,1418.0,,351.0,3688.0,2317.0,1369.0,1995.0,2546.0,,3904.0,1900.0,
569.0,2909.0,1941.0,3031.0,2748.0,3957.0,4032.0,,435.0,,4034.0,,521.0,1608.0,,2789.0,3808.0,1418.0,142.0,3465.0,1132.0,,382.0,2701.0,
3465.0,4067.0,1086.0,335.0,182.0,2747.0,726.0,,1264.0,,1074.0,,593.0,3095.0,,3169.0,4067.0,3095.0,1762.0,3526.0,648.0,,881.0,3068.0,
472.0,3973.0,3452.0,1449.0,8.0,3.0,3418.0,,3229.0,,1177.0,,676.0,3897.0,,3485.0,295.0,3897.0,1295.0,3976.0,2160.0,,737.0,1133.0,
1360.0,3832.0,164.0,433.0,286.0,563.0,1566.0,,3262.0,,1817.0,,1027.0,2509.0,,3092.0,1582.0,2509.0,1928.0,21.0,2488.0,,189.0,1537.0,
3218.0,2441.0,394.0,1515.0,2105.0,899.0,2802.0,,3873.0,,2051.0,,1780.0,2677.0,,3306.0,2649.0,2677.0,2693.0,1886.0,1029.0,,688.0,3304.0,
2173.0,1554.0,1509.0,60.0,3539.0,1704.0,722.0,,3935.0,,3261.0,,1799.0,3835.0,,51.0,828.0,2355.0,3390.0,1257.0,3199.0,,2771.0,238.0,
2741.0,1524.0,2546.0,3044.0,880.0,319.0,2172.0,,160.0,,49.0,,2474.0,2355.0,,709.0,2259.0,346.0,1286.0,3439.0,1358.0,,3045.0,524.0,
2761.0,4061.0,1132.0,,972.0,156.0,2446.0,,1115.0,,280.0,,2586.0,346.0,,2297.0,3261.0,1496.0,4033.0,3730.0,1866.0,,2218.0,997.0,
237.0,1471.0,648.0,,1748.0,441.0,3131.0,,290.0,,678.0,,2879.0,2559.0,,3956.0,3290.0,359.0,1642.0,3118.0,1190.0,,3745.0,1705.0,
2926.0,311.0,2160.0,,1060.0,546.0,3325.0,,3893.0,,506.0,,2994.0,1496.0,,937.0,3942.0,1770.0,1906.0,3707.0,1930.0,,1361.0,1975.0,
2933.0,701.0,2488.0,,2919.0,612.0,4057.0,,2996.0,,2023.0,,3431.0,359.0,,1393.0,4014.0,2746.0,483.0,3799.0,1569.0,,3436.0,2467.0,
3498.0,1316.0,1029.0,,3061.0,1209.0,435.0,,3904.0,,1843.0,,3604.0,647.0,,2259.0,4020.0,3475.0,666.0,4034.0,1523.0,,3568.0,2665.0,
3660.0,3093.0,3199.0,,3664.0,1768.0,575.0,,382.0,,16.0,,3747.0,1770.0,,3942.0,2134.0,2378.0,2009.0,1074.0,2989.0,,585.0,2816.0,
242.0,1263.0,1358.0,,3697.0,2408.0,1264.0,,881.0,,17.0,,3781.0,2746.0,,4014.0,2212.0,2891.0,1189.0,1177.0,3640.0,,1051.0,3048.0,
272.0,3599.0,1866.0,,537.0,2773.0,3873.0,,737.0,,19.0,,3958.0,3475.0,,1470.0,2251.0,3258.0,1257.0,1817.0,2533.0,,1875.0,3189.0,
345.0,3770.0,1190.0,,3675.0,2866.0,1764.0,,2824.0,,37.0,,1675.0,3387.0,,2644.0,1068.0,3565.0,1534.0,2051.0,2810.0,,89.0,3699.0,
3752.0,1977.0,1930.0,,913.0,2123.0,3893.0,,189.0,,78.0,,243.0,3565.0,,3919.0,1729.0,1017.0,3266.0,3261.0,3520.0,,2219.0,3476.0,
3941.0,3719.0,1569.0,,1049.0,3612.0,2996.0,,688.0,,521.0,,1921.0,430.0,,1487.0,1751.0,2819.0,281.0,49.0,79.0,,2415.0,1636.0,
27.0,2935.0,1523.0,,1254.0,559.0,3094.0,,3328.0,,593.0,,2884.0,376.0,,580.0,1852.0,430.0,2422.0,280.0,3428.0,,2582.0,2009.0,
140.0,3772.0,2989.0,,1933.0,915.0,3904.0,,3045.0,,676.0,,3370.0,1240.0,,1327.0,1853.0,376.0,3165.0,678.0,1591.0,,3554.0,2050.0,
210.0,4033.0,3640.0,,3621.0,1267.0,382.0,,2218.0,,1027.0,,153.0,1866.0,,1355.0,1434.0,1240.0,3656.0,506.0,1253.0,,3996.0,2317.0,
457.0,3167.0,2533.0,,2160.0,1591.0,737.0,,3745.0,,1780.0,,1123.0,1927.0,,1626.0,1673.0,1866.0,639.0,2023.0,1696.0,,1200.0,1418.0,
525.0,3074.0,2810.0,,2667.0,848.0,688.0,,1361.0,,1799.0,,3523.0,3471.0,,1900.0,1815.0,1927.0,354.0,1843.0,1825.0,,2221.0,1608.0,
752.0,3995.0,3520.0,,3575.0,2360.0,3328.0,,3436.0,,2474.0,,3550.0,3626.0,,2701.0,1985.0,3471.0,1311.0,16.0,3266.0,,3662.0,3095.0,
1197.0,1280.0,79.0,,1408.0,3080.0,2771.0,,3568.0,,2586.0,,3697.0,1689.0,,3068.0,2679.0,1689.0,1768.0,17.0,1076.0,,3989.0,3897.0,
2069.0,3136.0,3428.0,,212.0,3279.0,3045.0,,585.0,,2879.0,,837.0,3548.0,,1133.0,3513.0,3548.0,3039.0,19.0,216.0,,351.0,2509.0,
2180.0,3601.0,1591.0,,3045.0,3690.0,2493.0,,1051.0,,2994.0,,2409.0,1457.0,,1537.0,3539.0,74.0,3031.0,37.0,278.0,,2789.0,2677.0,
2348.0,1180.0,1253.0,,4089.0,484.0,2218.0,,1875.0,,3431.0,,2186.0,2228.0,,3304.0,3610.0,2228.0,335.0,78.0,1166.0,,3169.0,2355.0,
2459.0,1443.0,1696.0,,424.0,3556.0,1361.0,,89.0,,3604.0,,2338.0,1052.0,,238.0,4037.0,1052.0,1449.0,521.0,1689.0,,3485.0,346.0,
2495.0,2225.0,1825.0,,569.0,210.0,3436.0,,2219.0,,3747.0,,2564.0,1510.0,,524.0,294.0,1510.0,433.0,593.0,1886.0,,3092.0,2559.0,
2556.0,2604.0,3266.0,,3465.0,1928.0,585.0,,2415.0,,3781.0,,2567.0,3369.0,,997.0,799.0,3369.0,1515.0,676.0,2909.0,,3306.0,1496.0,
2946.0,3411.0,1076.0,,472.0,1760.0,1051.0,,2582.0,,3958.0,,2705.0,20.0,,1705.0,1029.0,20.0,60.0,1780.0,3059.0,,51.0,359.0,
3040.0,3945.0,216.0,,1360.0,2101.0,2219.0,,3554.0,,1675.0,,3250.0,3450.0,,1975.0,1938.0,2373.0,3044.0,1799.0,916.0,,709.0,647.0,
3051.0,1259.0,278.0,,3218.0,1102.0,2415.0,,3986.0,,243.0,,3389.0,1752.0,,2467.0,2592.0,3450.0,,2474.0,1335.0,,2297.0,1770.0,
3325.0,2631.0,1166.0,,237.0,2014.0,2582.0,,3996.0,,1921.0,,1719.0,1686.0,,2665.0,3167.0,1752.0,,2586.0,148.0,,3956.0,2746.0,
3390.0,2100.0,1689.0,,3660.0,2230.0,3986.0,,1200.0,,2884.0,,1819.0,426.0,,2816.0,3229.0,1686.0,,2879.0,1936.0,,937.0,3475.0,
3764.0,1581.0,1886.0,,242.0,128.0,1200.0,,2221.0,,3370.0,,18.0,228.0,,3048.0,3399.0,426.0,,2994.0,966.0,,1393.0,3387.0,
2433.0,1222.0,2909.0,,272.0,561.0,2221.0,,3662.0,,153.0,,1248.0,278.0,,3189.0,3427.0,228.0,,3431.0,803.0,,2259.0,3565.0,
136.0,2769.0,3059.0,,345.0,1434.0,3662.0,,3989.0,,1123.0,,1915.0,422.0,,3699.0,1383.0,278.0,,3604.0,323.0,,4014.0,430.0,
2743.0,3107.0,916.0,,506.0,2899.0,351.0,,351.0,,3523.0,,192.0,745.0,,3476.0,1479.0,422.0,,3747.0,3246.0,,1470.0,376.0,
900.0,2222.0,1335.0,,3752.0,3085.0,3169.0,,2789.0,,3550.0,,366.0,1962.0,,1636.0,2138.0,1962.0,,3781.0,1786.0,,2644.0,1240.0,
1261.0,3199.0,148.0,,3941.0,3283.0,3485.0,,3169.0,,3697.0,,1081.0,2006.0,,2009.0,2998.0,2006.0,,3958.0,887.0,,1487.0,1866.0,
3074.0,3837.0,1936.0,,27.0,3359.0,3092.0,,3485.0,,837.0,,1232.0,675.0,,2050.0,3191.0,1132.0,,1675.0,1872.0,,1327.0,1927.0,
3185.0,2217.0,966.0,,140.0,3417.0,3306.0,,3092.0,,2409.0,,1251.0,2622.0,,2317.0,1102.0,2622.0,,243.0,2282.0,,1626.0,3471.0,
2163.0,1607.0,803.0,,210.0,3532.0,51.0,,3306.0,,2186.0,,1306.0,3302.0,,1418.0,2014.0,3302.0,,1921.0,3620.0,,2682.0,3626.0,
2326.0,2919.0,323.0,,457.0,3534.0,2297.0,,51.0,,2338.0,,3404.0,3834.0,,1608.0,488.0,3834.0,,2884.0,1375.0,,1900.0,1689.0,
2621.0,3959.0,3246.0,,525.0,4037.0,3956.0,,709.0,,2564.0,,91.0,274.0,,3095.0,1588.0,274.0,,3370.0,704.0,,1133.0,3548.0,
2668.0,3963.0,1786.0,,752.0,1918.0,937.0,,2297.0,,2567.0,,212.0,431.0,,3897.0,2029.0,431.0,,153.0,1207.0,,1537.0,1457.0,
2713.0,2955.0,887.0,,896.0,2279.0,3942.0,,3956.0,,2705.0,,256.0,1446.0,,2509.0,2033.0,1881.0,,1123.0,318.0,,3304.0,2228.0,
2841.0,2340.0,1872.0,,1197.0,882.0,4014.0,,937.0,,3250.0,,1363.0,1881.0,,2677.0,2054.0,1494.0,,3523.0,1475.0,,238.0,1052.0,
3535.0,2482.0,2282.0,,2069.0,1744.0,2644.0,,1393.0,,3389.0,,2099.0,2784.0,,2355.0,2276.0,2507.0,,3550.0,1767.0,,524.0,1510.0,
2097.0,3901.0,3620.0,,2556.0,1032.0,580.0,,2259.0,,1719.0,,2388.0,3883.0,,346.0,2529.0,1976.0,,3697.0,269.0,,997.0,3369.0,
2636.0,1062.0,1375.0,,2946.0,3910.0,2002.0,,3942.0,,1819.0,,1687.0,502.0,,2559.0,2570.0,2592.0,,837.0,1545.0,,1705.0,20.0,
2924.0,1721.0,704.0,,3040.0,756.0,1327.0,,4014.0,,18.0,,1973.0,1494.0,,1496.0,2773.0,272.0,,2409.0,1995.0,,1975.0,3450.0,
3298.0,3236.0,1207.0,,3051.0,1407.0,1355.0,,1470.0,,1248.0,,2448.0,2507.0,,359.0,2791.0,1880.0,,2338.0,3027.0,,2467.0,1752.0,
1280.0,3224.0,318.0,,3325.0,1995.0,1626.0,,2644.0,,1915.0,,2708.0,1435.0,,647.0,3776.0,718.0,,2564.0,1451.0,,2665.0,1686.0,
269.0,3806.0,1475.0,,3390.0,2223.0,2682.0,,3919.0,,192.0,,3381.0,1976.0,,1770.0,702.0,1461.0,,2705.0,415.0,,2816.0,426.0,
3092.0,1044.0,1767.0,,3695.0,3465.0,3916.0,,1487.0,,366.0,,208.0,2592.0,,2746.0,1317.0,1789.0,,3250.0,3593.0,,2887.0,228.0,
3257.0,1645.0,269.0,,3764.0,3526.0,1900.0,,580.0,,1081.0,,413.0,272.0,,3475.0,2140.0,2466.0,,3389.0,149.0,,3048.0,278.0,
64.0,2398.0,1545.0,,2433.0,3976.0,2701.0,,2002.0,,1232.0,,442.0,1880.0,,3387.0,2159.0,3171.0,,1719.0,1211.0,,3189.0,422.0,
247.0,1030.0,1995.0,,2743.0,21.0,3068.0,,1327.0,,1251.0,,130.0,2257.0,,3565.0,2247.0,3704.0,,1819.0,3029.0,,3476.0,745.0,
274.0,1664.0,3027.0,,900.0,1886.0,1133.0,,1355.0,,1306.0,,1178.0,718.0,,430.0,2382.0,4047.0,,18.0,1794.0,,1636.0,1962.0,
3084.0,3560.0,1451.0,,3074.0,1257.0,1537.0,,1626.0,,3404.0,,1223.0,1789.0,,376.0,2911.0,4060.0,,1248.0,3660.0,,2009.0,2006.0,
1572.0,3477.0,415.0,,3185.0,3439.0,238.0,,1900.0,,91.0,,2440.0,2298.0,,1240.0,3149.0,977.0,,1915.0,1171.0,,2050.0,675.0,
899.0,344.0,3593.0,,2841.0,3730.0,997.0,,2701.0,,212.0,,254.0,2466.0,,1866.0,3450.0,787.0,,192.0,3249.0,,2317.0,2622.0,
1014.0,3341.0,149.0,,3535.0,3118.0,1705.0,,3068.0,,256.0,,2973.0,3171.0,,3471.0,3575.0,862.0,,366.0,3905.0,,1418.0,3302.0,
3809.0,3234.0,1211.0,,2097.0,3799.0,1975.0,,1133.0,,1363.0,,622.0,3704.0,,1689.0,3707.0,880.0,,1081.0,1208.0,,1608.0,3834.0,
922.0,3865.0,3029.0,,2636.0,4034.0,2467.0,,1537.0,,2099.0,,427.0,4047.0,,3548.0,4034.0,2533.0,,1232.0,545.0,,3095.0,274.0,
146.0,3890.0,1794.0,,2924.0,1074.0,2665.0,,3304.0,,2388.0,,2182.0,977.0,,1457.0,70.0,3061.0,,1251.0,770.0,,3897.0,431.0,
1649.0,3983.0,3660.0,,3298.0,1177.0,2816.0,,238.0,,457.0,,3541.0,787.0,,2228.0,99.0,3180.0,,1306.0,3857.0,,2509.0,1446.0,
2164.0,4032.0,1171.0,,1280.0,1817.0,2887.0,,524.0,,1687.0,,1014.0,862.0,,1052.0,866.0,379.0,,3404.0,1616.0,,2677.0,1881.0,
2524.0,726.0,3249.0,,269.0,2051.0,3048.0,,997.0,,1973.0,,2147.0,880.0,,1510.0,1255.0,1884.0,,91.0,511.0,,2355.0,2784.0,
33.0,2208.0,3905.0,,779.0,3261.0,3189.0,,1705.0,,2448.0,,2220.0,2533.0,,3369.0,1551.0,2951.0,,212.0,1115.0,,2559.0,3883.0,
3862.0,2699.0,1208.0,,407.0,49.0,3699.0,,1975.0,,2708.0,,2497.0,379.0,,20.0,3959.0,3385.0,,256.0,1129.0,,359.0,502.0,
1404.0,2776.0,545.0,,3092.0,280.0,3476.0,,2467.0,,3381.0,,2630.0,309.0,,3450.0,3963.0,3422.0,,1363.0,53.0,,647.0,1494.0,
552.0,3418.0,770.0,,3257.0,678.0,1636.0,,2665.0,,208.0,,3009.0,897.0,,1752.0,3981.0,4068.0,,2099.0,757.0,,1770.0,2507.0,
2360.0,1566.0,3857.0,,64.0,506.0,2009.0,,2816.0,,413.0,,3318.0,2951.0,,1686.0,3990.0,2473.0,,2388.0,947.0,,2746.0,1435.0,
2451.0,2802.0,1616.0,,247.0,2023.0,2317.0,,3048.0,,442.0,,3567.0,3385.0,,426.0,390.0,3109.0,,457.0,2785.0,,3475.0,1976.0,
2458.0,2172.0,511.0,,274.0,1843.0,1418.0,,3189.0,,130.0,,3829.0,3422.0,,228.0,533.0,3714.0,,1687.0,1111.0,,2378.0,2592.0,
2550.0,2395.0,1115.0,,3084.0,16.0,1608.0,,3699.0,,1178.0,,3967.0,4068.0,,278.0,789.0,905.0,,1973.0,76.0,,2891.0,272.0,
2731.0,2446.0,1129.0,,1572.0,17.0,3897.0,,3476.0,,1223.0,,316.0,2473.0,,422.0,1731.0,1290.0,,2448.0,3212.0,,3565.0,1880.0,
2777.0,3131.0,53.0,,899.0,19.0,2509.0,,1636.0,,2440.0,,1690.0,2999.0,,1962.0,466.0,717.0,,2708.0,875.0,,2819.0,2257.0,
2931.0,3325.0,757.0,,1014.0,37.0,3835.0,,2009.0,,254.0,,1692.0,3109.0,,2006.0,527.0,3311.0,,3381.0,3550.0,,430.0,718.0,
3434.0,4057.0,947.0,,922.0,78.0,2355.0,,2050.0,,2973.0,,486.0,3714.0,,675.0,996.0,664.0,,208.0,459.0,,1240.0,1789.0,
3511.0,2422.0,2785.0,,146.0,521.0,346.0,,2317.0,,622.0,,1045.0,905.0,,2622.0,1151.0,817.0,,413.0,1987.0,,1927.0,2298.0,
1116.0,3165.0,1111.0,,1629.0,593.0,2559.0,,1418.0,,427.0,,1212.0,1290.0,,3302.0,467.0,1211.0,,442.0,2789.0,,3471.0,2466.0,
1245.0,435.0,76.0,,1649.0,676.0,1496.0,,1608.0,,2182.0,,1423.0,3311.0,,3834.0,30.0,3246.0,,130.0,3230.0,,3626.0,3171.0,
1735.0,1264.0,3212.0,,2164.0,1027.0,359.0,,3095.0,,3541.0,,1514.0,664.0,,274.0,216.0,615.0,,1178.0,2433.0,,1457.0,3704.0,
273.0,3229.0,875.0,,2524.0,1780.0,647.0,,3897.0,,1014.0,,1758.0,817.0,,431.0,361.0,3307.0,,1223.0,3045.0,,2228.0,4047.0,
731.0,3262.0,3550.0,,33.0,1799.0,1770.0,,2509.0,,2147.0,,2688.0,1211.0,,1446.0,645.0,1356.0,,2440.0,502.0,,1052.0,977.0,
1165.0,3873.0,459.0,,3862.0,2474.0,2746.0,,2677.0,,2220.0,,3266.0,1353.0,,1881.0,817.0,1604.0,,254.0,624.0,,1510.0,787.0,
1646.0,3935.0,1987.0,,1404.0,2586.0,3475.0,,3835.0,,2497.0,,1401.0,615.0,,2784.0,913.0,2747.0,,2973.0,936.0,,3369.0,862.0,
2039.0,160.0,2789.0,,552.0,2879.0,2378.0,,2355.0,,2630.0,,1580.0,2070.0,,3883.0,1027.0,3.0,,622.0,1831.0,,1752.0,880.0,
3158.0,1115.0,3230.0,,1656.0,2994.0,2891.0,,346.0,,3009.0,,2635.0,3307.0,,502.0,1211.0,563.0,,427.0,3747.0,,1686.0,2533.0,
3422.0,290.0,2433.0,,1859.0,3431.0,1017.0,,2559.0,,3318.0,,492.0,1356.0,,1494.0,1226.0,899.0,,2182.0,237.0,,426.0,379.0,
180.0,3893.0,3045.0,,2360.0,3604.0,2819.0,,1496.0,,3567.0,,1762.0,1604.0,,2507.0,1230.0,1704.0,,3541.0,3469.0,,228.0,309.0,
1195.0,2996.0,502.0,,2458.0,3747.0,430.0,,359.0,,3829.0,,838.0,3957.0,,1435.0,1289.0,319.0,,1014.0,3945.0,,422.0,897.0,
1645.0,3904.0,624.0,,2550.0,3781.0,376.0,,647.0,,3967.0,,1828.0,2747.0,,1976.0,1353.0,156.0,,2147.0,806.0,,745.0,2951.0,
1532.0,382.0,936.0,,2731.0,3958.0,1866.0,,1770.0,,316.0,,2174.0,3.0,,2592.0,2121.0,441.0,,2220.0,1168.0,,1962.0,3385.0,
2442.0,881.0,1831.0,,2777.0,1675.0,1927.0,,2746.0,,1690.0,,2451.0,563.0,,272.0,2158.0,546.0,,2497.0,1268.0,,2006.0,3422.0,
2510.0,737.0,3747.0,,2931.0,243.0,3471.0,,3475.0,,1692.0,,3678.0,899.0,,1880.0,2287.0,612.0,,2630.0,4045.0,,1132.0,4068.0,
2575.0,2824.0,237.0,,3434.0,1921.0,3626.0,,3387.0,,486.0,,3779.0,1704.0,,2257.0,2331.0,1209.0,,3009.0,3890.0,,675.0,2473.0,
2799.0,189.0,3469.0,,1012.0,2884.0,1689.0,,3565.0,,1212.0,,218.0,319.0,,1789.0,2478.0,2408.0,,3318.0,3983.0,,2622.0,2999.0,
3510.0,688.0,3945.0,,1116.0,3370.0,74.0,,430.0,,1423.0,,628.0,156.0,,2298.0,2875.0,2773.0,,3567.0,1791.0,,3302.0,3109.0,
3723.0,3328.0,806.0,,1245.0,153.0,1457.0,,376.0,,1514.0,,863.0,441.0,,2466.0,3086.0,2123.0,,3829.0,1984.0,,3834.0,3714.0,
3900.0,3045.0,1168.0,,1735.0,1123.0,2228.0,,1240.0,,1758.0,,1229.0,546.0,,3171.0,3095.0,3612.0,,3967.0,3113.0,,274.0,905.0,
498.0,2218.0,1268.0,,273.0,3550.0,1052.0,,1866.0,,2688.0,,3355.0,612.0,,3704.0,3297.0,559.0,,316.0,1249.0,,1881.0,1290.0,
1564.0,3745.0,4045.0,,1165.0,3697.0,1510.0,,3471.0,,3266.0,,617.0,1768.0,,977.0,3341.0,915.0,,1690.0,2021.0,,2784.0,3311.0,
1819.0,1361.0,3890.0,,1646.0,837.0,3369.0,,3626.0,,1401.0,,1776.0,2408.0,,787.0,3402.0,1267.0,,1692.0,288.0,,3883.0,664.0,
1965.0,3436.0,3983.0,,2039.0,2186.0,20.0,,1689.0,,1580.0,,1816.0,2773.0,,862.0,3443.0,1591.0,,486.0,644.0,,502.0,817.0,
341.0,3568.0,1791.0,,3422.0,2338.0,2373.0,,3548.0,,2635.0,,927.0,2866.0,,880.0,3476.0,2360.0,,1045.0,1652.0,,2507.0,1211.0,
359.0,585.0,1984.0,,180.0,2564.0,3450.0,,1457.0,,492.0,,3282.0,2123.0,,2533.0,3834.0,3080.0,,1212.0,1993.0,,1435.0,1353.0,
647.0,1051.0,3113.0,,1195.0,2567.0,1752.0,,2228.0,,1762.0,,3451.0,3612.0,,379.0,1544.0,3279.0,,1423.0,525.0,,2592.0,615.0,
1259.0,1875.0,1249.0,,1645.0,2705.0,1686.0,,1052.0,,838.0,,305.0,559.0,,309.0,1791.0,3690.0,,1514.0,3224.0,,272.0,2070.0,
1914.0,89.0,2021.0,,1532.0,3250.0,426.0,,1510.0,,1828.0,,356.0,915.0,,897.0,1965.0,484.0,,1758.0,3258.0,,1880.0,3307.0,
2416.0,2219.0,288.0,,2799.0,3389.0,228.0,,3369.0,,2174.0,,649.0,1591.0,,2951.0,3675.0,3556.0,,2688.0,3279.0,,2257.0,1356.0,
2839.0,2415.0,644.0,,3396.0,1719.0,278.0,,20.0,,2451.0,,1224.0,848.0,,3385.0,3355.0,1928.0,,3266.0,254.0,,1461.0,1604.0,
3103.0,2582.0,1652.0,,3510.0,1819.0,422.0,,3450.0,,3678.0,,3948.0,2360.0,,3422.0,3966.0,1760.0,,1401.0,3969.0,,1789.0,3957.0,
3122.0,3554.0,1993.0,,3723.0,18.0,1962.0,,1752.0,,3779.0,,443.0,3080.0,,4068.0,2408.0,2101.0,,1580.0,3288.0,,2298.0,2747.0,
3223.0,3986.0,525.0,,3900.0,1248.0,2006.0,,1686.0,,218.0,,1747.0,3690.0,,2473.0,3114.0,2014.0,,2635.0,226.0,,2466.0,3.0,
926.0,3996.0,3224.0,,498.0,1915.0,1132.0,,426.0,,628.0,,1125.0,484.0,,905.0,3568.0,2230.0,,492.0,2415.0,,2811.0,563.0,
391.0,1200.0,3258.0,,1564.0,192.0,675.0,,228.0,,863.0,,1988.0,3556.0,,1290.0,3945.0,128.0,,1762.0,2511.0,,3171.0,899.0,
720.0,2221.0,3279.0,,1819.0,366.0,3302.0,,278.0,,1229.0,,43.0,210.0,,3311.0,718.0,561.0,,838.0,3514.0,,3704.0,1704.0,
2285.0,3662.0,254.0,,1965.0,1081.0,3834.0,,422.0,,3355.0,,50.0,1928.0,,664.0,722.0,1434.0,,1828.0,58.0,,4060.0,319.0,
2294.0,3989.0,3969.0,,341.0,1232.0,274.0,,745.0,,1776.0,,226.0,2464.0,,817.0,837.0,2899.0,,2174.0,3519.0,,977.0,156.0,
2503.0,351.0,3288.0,,359.0,1251.0,431.0,,1962.0,,1816.0,,334.0,1760.0,,1211.0,1300.0,3085.0,,3678.0,2184.0,,2533.0,441.0,
2834.0,2789.0,226.0,,647.0,1306.0,1881.0,,2006.0,,927.0,,412.0,2101.0,,1353.0,1355.0,3283.0,,218.0,3361.0,,3061.0,546.0,
3264.0,3169.0,2415.0,,1259.0,3404.0,2784.0,,675.0,,3282.0,,465.0,1102.0,,615.0,1789.0,3359.0,,628.0,1044.0,,3180.0,612.0,
3381.0,3485.0,2511.0,,1914.0,91.0,502.0,,2622.0,,3451.0,,800.0,2014.0,,2070.0,2172.0,3532.0,,863.0,2884.0,,379.0,1768.0,
4102.0,3092.0,3514.0,,2416.0,212.0,1494.0,,3302.0,,305.0,,840.0,2230.0,,3307.0,2298.0,3534.0,,1229.0,146.0,,309.0,2408.0,
325.0,3306.0,58.0,,2725.0,256.0,2507.0,,3834.0,,356.0,,1050.0,128.0,,1604.0,2367.0,4037.0,,3355.0,199.0,,897.0,2773.0,
726.0,51.0,3519.0,,2839.0,1363.0,1435.0,,274.0,,649.0,,1130.0,561.0,,3957.0,2381.0,1918.0,,617.0,1372.0,,1884.0,2866.0,
2255.0,709.0,2184.0,,3103.0,2099.0,2592.0,,431.0,,1224.0,,1208.0,1434.0,,2747.0,2446.0,2279.0,,1776.0,1155.0,,2951.0,2123.0,
2301.0,2297.0,3361.0,,3223.0,2388.0,272.0,,1446.0,,3948.0,,1743.0,2899.0,,3.0,2459.0,882.0,,1816.0,1688.0,,3422.0,3612.0,
2694.0,3956.0,1044.0,,3404.0,457.0,1880.0,,1881.0,,443.0,,1759.0,3085.0,,563.0,2466.0,1744.0,,927.0,3265.0,,2473.0,559.0,
2835.0,937.0,2884.0,,926.0,1687.0,2257.0,,2784.0,,1747.0,,2054.0,3417.0,,899.0,2519.0,1032.0,,3282.0,1399.0,,3311.0,915.0,
3406.0,1393.0,146.0,,391.0,1973.0,718.0,,3883.0,,1125.0,,2450.0,3532.0,,1704.0,2631.0,3910.0,,3451.0,3283.0,,817.0,1591.0,
3452.0,2259.0,199.0,,720.0,2448.0,1461.0,,502.0,,1988.0,,2469.0,3534.0,,319.0,2871.0,756.0,,305.0,1805.0,,1211.0,848.0,
3492.0,3942.0,1372.0,,1581.0,2708.0,1789.0,,1494.0,,43.0,,3177.0,4037.0,,156.0,2909.0,1407.0,,356.0,3262.0,,1353.0,2360.0,
3599.0,4014.0,1155.0,,2285.0,3381.0,2298.0,,2507.0,,50.0,,3331.0,1918.0,,441.0,3131.0,1995.0,,649.0,3832.0,,2070.0,3080.0,
3770.0,1470.0,1688.0,,2834.0,208.0,2466.0,,1435.0,,226.0,,3576.0,2279.0,,546.0,3171.0,2223.0,,1224.0,3916.0,,3307.0,3690.0,
4020.0,2644.0,3265.0,,3264.0,413.0,2811.0,,1976.0,,334.0,,3868.0,882.0,,612.0,3440.0,3465.0,,3948.0,3935.0,,1356.0,484.0,
68.0,3919.0,1399.0,,3381.0,442.0,3171.0,,2592.0,,412.0,,3902.0,1744.0,,1768.0,3489.0,3526.0,,443.0,3958.0,,3957.0,210.0,
104.0,1487.0,3283.0,,4102.0,130.0,3704.0,,272.0,,465.0,,4084.0,1032.0,,2408.0,3704.0,3976.0,,1747.0,585.0,,3.0,1928.0,
293.0,580.0,1805.0,,325.0,1178.0,4047.0,,1880.0,,800.0,,1585.0,3910.0,,2773.0,3717.0,21.0,,1125.0,587.0,,563.0,2464.0,
1054.0,2002.0,3262.0,,726.0,1223.0,4060.0,,2257.0,,840.0,,1846.0,756.0,,2866.0,3778.0,1886.0,,1988.0,1051.0,,1704.0,1760.0,
3193.0,1327.0,3832.0,,2255.0,2440.0,977.0,,718.0,,1130.0,,616.0,1407.0,,2123.0,4010.0,1257.0,,43.0,2977.0,,319.0,2101.0,
3357.0,1355.0,3916.0,,2301.0,254.0,787.0,,1789.0,,1208.0,,1010.0,1995.0,,3612.0,4047.0,3439.0,,50.0,3852.0,,2281.0,1102.0,
4026.0,1626.0,3935.0,,2694.0,2973.0,862.0,,2298.0,,1743.0,,1217.0,3465.0,,559.0,4060.0,3730.0,,226.0,611.0,,156.0,2014.0,
571.0,1900.0,3958.0,,2835.0,622.0,880.0,,2466.0,,1759.0,,3077.0,3526.0,,915.0,1.0,3118.0,,334.0,1645.0,,441.0,2230.0,
1533.0,2701.0,585.0,,3406.0,427.0,2533.0,,3171.0,,2054.0,,3084.0,3976.0,,1591.0,176.0,3799.0,,412.0,1946.0,,546.0,128.0,
1780.0,3068.0,587.0,,3452.0,2182.0,3061.0,,3704.0,,2450.0,,3344.0,21.0,,848.0,245.0,4034.0,,465.0,2154.0,,1768.0,561.0,
3091.0,1133.0,1051.0,,3599.0,3541.0,3180.0,,4047.0,,2469.0,,3564.0,1886.0,,2360.0,4038.0,1074.0,,800.0,3118.0,,2408.0,1434.0,
2358.0,1537.0,2977.0,,3770.0,1014.0,379.0,,977.0,,3177.0,,3793.0,1257.0,,3080.0,1984.0,1817.0,,840.0,3127.0,,2773.0,2899.0,
2531.0,3304.0,3852.0,,4020.0,2147.0,309.0,,787.0,,3331.0,,292.0,3439.0,,3690.0,2143.0,2051.0,,1050.0,3548.0,,2866.0,3085.0,
2638.0,238.0,611.0,,68.0,2220.0,1884.0,,862.0,,3576.0,,747.0,3730.0,,484.0,2597.0,3261.0,,1130.0,574.0,,2123.0,3417.0,
4043.0,524.0,1645.0,,104.0,2630.0,2951.0,,880.0,,3868.0,,2241.0,1074.0,,3556.0,171.0,49.0,,1208.0,111.0,,848.0,3532.0,
4091.0,997.0,1946.0,,293.0,3009.0,4068.0,,2533.0,,3902.0,,2295.0,1177.0,,210.0,210.0,280.0,,1743.0,392.0,,2360.0,3534.0,
461.0,1705.0,2154.0,,1054.0,3318.0,2473.0,,379.0,,4084.0,,3235.0,1817.0,,1928.0,1200.0,678.0,,1759.0,810.0,,3080.0,4037.0,
1366.0,1975.0,3118.0,,3193.0,3567.0,2999.0,,309.0,,1585.0,,3454.0,2051.0,,1760.0,2107.0,506.0,,2054.0,3095.0,,3690.0,1918.0,
2592.0,2467.0,3127.0,,4026.0,3967.0,3109.0,,897.0,,1846.0,,3457.0,678.0,,2101.0,2464.0,2023.0,,2469.0,1850.0,,3556.0,2279.0,
2715.0,2665.0,3548.0,,571.0,316.0,3714.0,,2951.0,,616.0,,3797.0,506.0,,1102.0,3638.0,1843.0,,3177.0,1965.0,,85.0,882.0,
3529.0,2816.0,574.0,,1533.0,1690.0,905.0,,3385.0,,1010.0,,3960.0,1843.0,,2014.0,3865.0,16.0,,3331.0,578.0,,210.0,1744.0,
3926.0,3048.0,111.0,,1780.0,1692.0,1290.0,,3422.0,,1217.0,,1399.0,16.0,,2230.0,3983.0,17.0,,3576.0,628.0,,1928.0,1032.0,
113.0,3189.0,392.0,,3091.0,486.0,717.0,,4068.0,,3077.0,,1165.0,17.0,,128.0,3989.0,19.0,,3868.0,2955.0,,2464.0,756.0,
397.0,3699.0,810.0,,1432.0,1045.0,3311.0,,2473.0,,3084.0,,1308.0,19.0,,561.0,3474.0,37.0,,3902.0,2823.0,,1760.0,1407.0,
516.0,3476.0,3095.0,,2531.0,1212.0,664.0,,2999.0,,3344.0,,135.0,78.0,,1434.0,283.0,78.0,,4084.0,3628.0,,2101.0,1995.0,
646.0,1636.0,1850.0,,3013.0,1423.0,817.0,,3714.0,,3564.0,,362.0,521.0,,2899.0,2018.0,521.0,,1585.0,2466.0,,1102.0,3465.0,
907.0,2009.0,1965.0,,4043.0,1514.0,1211.0,,905.0,,3793.0,,81.0,593.0,,3085.0,2072.0,593.0,,1846.0,2631.0,,2014.0,3526.0,
3412.0,2050.0,578.0,,461.0,1758.0,1353.0,,1290.0,,292.0,,380.0,676.0,,3417.0,2084.0,1780.0,,616.0,3131.0,,2230.0,3976.0,
209.0,2317.0,628.0,,1366.0,2688.0,3246.0,,3311.0,,747.0,,1145.0,1027.0,,3532.0,2302.0,1799.0,,1010.0,669.0,,128.0,21.0,
245.0,1418.0,2955.0,,2592.0,3266.0,615.0,,664.0,,2241.0,,1313.0,1780.0,,3534.0,2304.0,2474.0,,1217.0,1369.0,,561.0,1886.0,
1737.0,1608.0,2823.0,,2715.0,1401.0,2070.0,,817.0,,2295.0,,1671.0,1799.0,,4037.0,2326.0,2879.0,,3077.0,142.0,,2899.0,1257.0,
4038.0,3095.0,3628.0,,3529.0,1580.0,3307.0,,1211.0,,3235.0,,1854.0,2474.0,,1918.0,2388.0,2994.0,,3084.0,1762.0,,3085.0,3439.0,
76.0,3897.0,2466.0,,3926.0,2635.0,1356.0,,1353.0,,3454.0,,1863.0,2586.0,,2279.0,2473.0,3431.0,,3344.0,1295.0,,3283.0,3730.0,
3293.0,2509.0,2631.0,,113.0,492.0,1604.0,,615.0,,3457.0,,2830.0,2994.0,,882.0,2841.0,3604.0,,3564.0,1928.0,,3417.0,1074.0,
60.0,2677.0,3131.0,,397.0,1762.0,2747.0,,2070.0,,3797.0,,3361.0,3604.0,,1744.0,2892.0,3747.0,,3793.0,2693.0,,3532.0,1177.0,
1753.0,3835.0,669.0,,516.0,838.0,3.0,,3307.0,,3960.0,,3406.0,3747.0,,1032.0,2999.0,3781.0,,292.0,3390.0,,3534.0,1817.0,
470.0,2355.0,1369.0,,646.0,1828.0,563.0,,1604.0,,1399.0,,3437.0,3781.0,,3910.0,3109.0,3958.0,,747.0,1286.0,,1918.0,2051.0,
1098.0,346.0,142.0,,907.0,2174.0,899.0,,3957.0,,1165.0,,3696.0,1675.0,,756.0,3189.0,1675.0,,2241.0,4033.0,,2279.0,678.0,
1169.0,2559.0,1762.0,,3412.0,2451.0,1704.0,,2747.0,,1308.0,,3700.0,243.0,,1407.0,3336.0,243.0,,2295.0,1642.0,,1032.0,506.0,
1255.0,1496.0,1295.0,,209.0,3678.0,319.0,,3.0,,135.0,,3962.0,1921.0,,1995.0,3512.0,1921.0,,3235.0,1906.0,,3910.0,1843.0,
1407.0,359.0,1928.0,,245.0,3779.0,2281.0,,563.0,,362.0,,3999.0,2884.0,,3465.0,3758.0,3370.0,,3454.0,666.0,,1995.0,16.0,
1509.0,647.0,2693.0,,4038.0,628.0,156.0,,899.0,,81.0,,4020.0,3370.0,,3526.0,3772.0,153.0,,3457.0,2009.0,,3465.0,17.0,
1915.0,1770.0,3390.0,,76.0,863.0,441.0,,1704.0,,380.0,,3079.0,153.0,,3976.0,4033.0,1123.0,,3797.0,1189.0,,3526.0,19.0,
1995.0,2746.0,1286.0,,3293.0,1229.0,546.0,,319.0,,1145.0,,2211.0,1123.0,,21.0,103.0,3550.0,,3960.0,281.0,,3976.0,78.0,
1997.0,3475.0,4033.0,,60.0,3355.0,612.0,,156.0,,1313.0,,2343.0,3523.0,,1886.0,525.0,3697.0,,1399.0,2422.0,,1886.0,521.0,
2001.0,3387.0,1642.0,,1753.0,617.0,1209.0,,441.0,,1671.0,,2400.0,3550.0,,1257.0,1911.0,837.0,,1165.0,3656.0,,3439.0,593.0,
2179.0,3565.0,1906.0,,98.0,1776.0,1768.0,,546.0,,1854.0,,2498.0,3697.0,,3439.0,1160.0,2186.0,,1308.0,354.0,,3730.0,676.0,
2274.0,430.0,666.0,,470.0,1816.0,2773.0,,612.0,,1863.0,,2997.0,837.0,,3730.0,2067.0,2338.0,,135.0,1311.0,,3799.0,1027.0,
2512.0,376.0,2009.0,,756.0,927.0,2866.0,,1768.0,,2830.0,,33.0,2186.0,,1074.0,2524.0,2564.0,,362.0,1768.0,,4034.0,1780.0,
2581.0,1240.0,1189.0,,1098.0,3282.0,2123.0,,2408.0,,3361.0,,3595.0,2338.0,,1177.0,2608.0,2567.0,,81.0,3039.0,,1074.0,1799.0,
2658.0,1866.0,281.0,,1169.0,3451.0,3612.0,,2773.0,,3406.0,,3791.0,2564.0,,1817.0,2632.0,2705.0,,380.0,3031.0,,1177.0,2474.0,
2707.0,3471.0,2422.0,,1255.0,305.0,559.0,,2866.0,,3437.0,,428.0,2567.0,,2051.0,2728.0,3250.0,,1145.0,335.0,,1817.0,2586.0,
2898.0,3626.0,3656.0,,1407.0,356.0,915.0,,2123.0,,3696.0,,509.0,2705.0,,678.0,2804.0,3389.0,,1313.0,1449.0,,2051.0,2994.0,
3209.0,1689.0,354.0,,1509.0,649.0,1591.0,,3612.0,,3700.0,,1647.0,3250.0,,506.0,3005.0,1719.0,,1671.0,433.0,,678.0,3604.0,
3315.0,3548.0,1311.0,,1915.0,1224.0,848.0,,559.0,,3962.0,,2160.0,3389.0,,1843.0,3747.0,1819.0,,1854.0,60.0,,2023.0,3747.0,
3324.0,1457.0,1768.0,,1995.0,3948.0,2360.0,,915.0,,3999.0,,2461.0,1719.0,,16.0,179.0,18.0,,1863.0,3044.0,,1843.0,3781.0,
3550.0,2228.0,3039.0,,1997.0,443.0,3080.0,,1591.0,,4020.0,,2966.0,1819.0,,17.0,288.0,1248.0,,2830.0,,,17.0,1675.0,
3639.0,1052.0,3031.0,,2001.0,1747.0,3279.0,,848.0,,3079.0,,3081.0,18.0,,19.0,305.0,1915.0,,3361.0,,,37.0,243.0,
3966.0,1510.0,335.0,,2179.0,1125.0,3690.0,,2360.0,,2211.0,,3887.0,192.0,,78.0,1110.0,192.0,,3406.0,,,78.0,1921.0,
3973.0,3369.0,1449.0,,2274.0,43.0,484.0,,3690.0,,2343.0,,3947.0,366.0,,521.0,2642.0,366.0,,3437.0,,,521.0,2884.0,
1892.0,20.0,433.0,,2512.0,50.0,3556.0,,484.0,,2400.0,,3991.0,1081.0,,593.0,3074.0,1081.0,,3696.0,,,676.0,3370.0,
4029.0,3450.0,60.0,,2581.0,226.0,85.0,,3556.0,,2498.0,,394.0,1232.0,,676.0,3910.0,1232.0,,3700.0,,,1027.0,153.0,
175.0,1752.0,3044.0,,2658.0,334.0,210.0,,210.0,,2997.0,,452.0,1251.0,,1027.0,3919.0,1251.0,,3962.0,,,1799.0,1123.0,
1522.0,1686.0,,,2707.0,412.0,1928.0,,1928.0,,33.0,,1338.0,1306.0,,1780.0,27.0,1306.0,,3999.0,,,2474.0,3523.0,
1973.0,426.0,,,2898.0,465.0,2464.0,,2464.0,,3595.0,,1339.0,3404.0,,1799.0,1583.0,3404.0,,4020.0,,,2879.0,3550.0,
3036.0,228.0,,,3056.0,800.0,1760.0,,1760.0,,3791.0,,1906.0,91.0,,2474.0,3.0,91.0,,3079.0,,,2994.0,3697.0,
3860.0,278.0,,,3209.0,840.0,1102.0,,2101.0,,428.0,,2546.0,212.0,,2586.0,217.0,212.0,,2211.0,,,3604.0,837.0,
284.0,422.0,,,3315.0,1050.0,2014.0,,1102.0,,509.0,,2038.0,256.0,,2994.0,563.0,256.0,,2343.0,,,3747.0,2186.0,
465.0,1962.0,,,3324.0,1130.0,128.0,,2014.0,,1647.0,,2768.0,1363.0,,3604.0,737.0,1363.0,,2400.0,,,3781.0,2338.0,
714.0,2006.0,,,3550.0,1208.0,561.0,,2230.0,,2160.0,,2908.0,2099.0,,3781.0,868.0,2099.0,,2498.0,,,3958.0,2564.0,
1876.0,675.0,,,3639.0,1743.0,1434.0,,128.0,,2461.0,,3788.0,2388.0,,1675.0,1014.0,2388.0,,2997.0,,,1675.0,2567.0,
3129.0,2622.0,,,3966.0,1759.0,2899.0,,561.0,,2966.0,,1667.0,1687.0,,243.0,1105.0,457.0,,33.0,,,1921.0,2705.0,
3327.0,3302.0,,,3973.0,2054.0,3085.0,,1434.0,,3081.0,,2978.0,2448.0,,1921.0,1302.0,1687.0,,3595.0,,,2884.0,3250.0,
1026.0,3834.0,,,1892.0,2450.0,3283.0,,2899.0,,3887.0,,923.0,2708.0,,2884.0,1341.0,1973.0,,3791.0,,,3370.0,3389.0,
2066.0,274.0,,,4029.0,2469.0,3359.0,,3085.0,,3947.0,,323.0,3381.0,,3370.0,1452.0,2448.0,,428.0,,,153.0,1719.0,
2516.0,431.0,,,175.0,3177.0,3417.0,,3417.0,,3991.0,,1141.0,208.0,,153.0,1757.0,2708.0,,509.0,,,1123.0,1819.0,
2526.0,1446.0,,,331.0,3331.0,3534.0,,3532.0,,394.0,,1144.0,413.0,,1123.0,1871.0,3381.0,,1647.0,,,3523.0,18.0,
3086.0,1881.0,,,1522.0,3576.0,4037.0,,3534.0,,452.0,,2097.0,442.0,,3550.0,1913.0,208.0,,2461.0,,,3550.0,192.0,
3246.0,2784.0,,,1973.0,3868.0,1918.0,,4037.0,,1338.0,,2291.0,130.0,,3697.0,2499.0,413.0,,2966.0,,,3697.0,366.0,
3462.0,3883.0,,,3036.0,3902.0,2279.0,,1918.0,,1339.0,,2540.0,1178.0,,837.0,2509.0,442.0,,3081.0,,,837.0,1081.0,
2047.0,502.0,,,3860.0,4084.0,882.0,,882.0,,1906.0,,2676.0,1223.0,,2186.0,2521.0,130.0,,3887.0,,,2186.0,1232.0,
2493.0,1494.0,,,284.0,1585.0,1744.0,,1744.0,,2546.0,,3298.0,2440.0,,2338.0,2824.0,1223.0,,3947.0,,,2338.0,1251.0,
2788.0,2507.0,,,465.0,1846.0,1032.0,,1032.0,,2038.0,,3734.0,254.0,,2564.0,2845.0,2440.0,,3991.0,,,2564.0,1306.0,
1752.0,1435.0,,,714.0,616.0,3910.0,,3910.0,,2768.0,,23.0,2973.0,,2567.0,3113.0,254.0,,394.0,,,2567.0,3404.0,
3379.0,1976.0,,,1876.0,1010.0,756.0,,756.0,,2908.0,,354.0,622.0,,2705.0,3150.0,2973.0,,452.0,,,2705.0,91.0,
1872.0,2592.0,,,3129.0,1217.0,1407.0,,1407.0,,3788.0,,1142.0,427.0,,3250.0,3326.0,622.0,,1338.0,,,3250.0,212.0,
1767.0,272.0,,,3327.0,3077.0,1995.0,,1995.0,,1667.0,,2377.0,2182.0,,3389.0,3378.0,427.0,,1339.0,,,3389.0,256.0,
356.0,1880.0,,,1026.0,3084.0,2223.0,,3465.0,,2978.0,,2500.0,3541.0,,1719.0,3905.0,2182.0,,1906.0,,,1719.0,1363.0,
545.0,2257.0,,,2066.0,3344.0,3465.0,,3526.0,,923.0,,3006.0,1014.0,,1819.0,3967.0,3541.0,,2546.0,,,1915.0,2099.0,
1375.0,718.0,,,2516.0,3564.0,3526.0,,3976.0,,323.0,,3713.0,2147.0,,18.0,994.0,1014.0,,2038.0,,,192.0,2388.0,
1475.0,1789.0,,,2526.0,3793.0,21.0,,21.0,,1141.0,,3826.0,3009.0,,192.0,1250.0,2147.0,,2768.0,,,1306.0,1687.0,
53.0,2298.0,,,3086.0,292.0,1886.0,,1886.0,,1144.0,,3830.0,3318.0,,366.0,64.0,2220.0,,2908.0,,,91.0,1973.0,
106.0,2466.0,,,3246.0,747.0,1257.0,,1257.0,,2097.0,,3864.0,3567.0,,1081.0,112.0,2497.0,,3788.0,,,212.0,2448.0,
1827.0,3171.0,,,3462.0,2241.0,3439.0,,3439.0,,2676.0,,3906.0,3829.0,,1232.0,247.0,2630.0,,1667.0,,,256.0,2708.0,
2023.0,3704.0,,,3643.0,2295.0,3730.0,,3730.0,,3298.0,,3928.0,3967.0,,1251.0,274.0,3009.0,,2978.0,,,1363.0,3381.0,
3852.0,4047.0,,,2493.0,3235.0,3118.0,,1074.0,,3734.0,,4046.0,316.0,,1306.0,431.0,3318.0,,923.0,,,2099.0,208.0,
3199.0,977.0,,,1752.0,3454.0,3707.0,,1177.0,,23.0,,260.0,1690.0,,3404.0,1446.0,3567.0,,323.0,,,2388.0,413.0,
3995.0,787.0,,,3379.0,3457.0,3799.0,,1817.0,,354.0,,368.0,1692.0,,91.0,2074.0,3967.0,,1141.0,,,1687.0,442.0,
1987.0,862.0,,,1872.0,3797.0,4034.0,,2051.0,,1142.0,,739.0,486.0,,212.0,2414.0,316.0,,1144.0,,,1973.0,130.0,
1008.0,880.0,,,1767.0,3960.0,1074.0,,678.0,,2377.0,,875.0,1212.0,,256.0,2669.0,1690.0,,2097.0,,,2448.0,1178.0,
1207.0,2533.0,,,356.0,1399.0,1177.0,,506.0,,2500.0,,1790.0,1423.0,,2099.0,3111.0,1692.0,,2291.0,,,2708.0,1223.0,
2913.0,379.0,,,545.0,1165.0,1817.0,,1843.0,,3006.0,,2001.0,1514.0,,2388.0,3883.0,486.0,,2540.0,,,3381.0,2440.0,
3279.0,309.0,,,1375.0,1308.0,2051.0,,16.0,,3713.0,,2810.0,1758.0,,1687.0,3969.0,1045.0,,2676.0,,,413.0,254.0,
3059.0,897.0,,,1475.0,135.0,49.0,,17.0,,3826.0,,3088.0,2688.0,,1973.0,230.0,1212.0,,3298.0,,,442.0,2973.0,
916.0,2951.0,,,53.0,81.0,280.0,,19.0,,3830.0,,3347.0,3266.0,,2448.0,246.0,1423.0,,3734.0,,,130.0,622.0,
1335.0,3385.0,,,106.0,380.0,678.0,,78.0,,3864.0,,3520.0,1401.0,,2708.0,2086.0,1514.0,,23.0,,,1223.0,427.0,
148.0,3422.0,,,1827.0,1145.0,506.0,,521.0,,3906.0,,3898.0,1580.0,,3381.0,2161.0,1758.0,,354.0,,,2440.0,2182.0,
1936.0,4068.0,,,2023.0,1313.0,2023.0,,593.0,,3928.0,,1507.0,492.0,,208.0,2177.0,2688.0,,1142.0,,,254.0,3541.0,
966.0,2473.0,,,3852.0,1671.0,1843.0,,676.0,,4046.0,,627.0,1762.0,,413.0,2186.0,3266.0,,2377.0,,,2973.0,1014.0,
803.0,2999.0,,,3199.0,1854.0,16.0,,1027.0,,260.0,,1236.0,838.0,,442.0,2240.0,1401.0,,2500.0,,,427.0,2147.0,
627.0,3714.0,,,3995.0,1863.0,17.0,,1780.0,,368.0,,123.0,1828.0,,130.0,2338.0,1580.0,,3006.0,,,2182.0,3009.0,
323.0,905.0,,,1987.0,2830.0,19.0,,1799.0,,739.0,,314.0,2174.0,,1178.0,2383.0,2635.0,,3713.0,,,3541.0,3318.0,
3101.0,1290.0,,,1008.0,3361.0,37.0,,2474.0,,875.0,,775.0,2451.0,,1223.0,2507.0,492.0,,3826.0,,,2147.0,3567.0,
887.0,3311.0,,,1207.0,3406.0,78.0,,2586.0,,1790.0,,1629.0,3678.0,,2440.0,2545.0,1762.0,,3830.0,,,3009.0,3829.0,
3234.0,664.0,,,2913.0,3437.0,521.0,,2994.0,,2001.0,,1912.0,3779.0,,254.0,2564.0,838.0,,3864.0,,,3318.0,3967.0,
2899.0,817.0,,,3279.0,3696.0,593.0,,3604.0,,3088.0,,3101.0,218.0,,2973.0,2565.0,1828.0,,3906.0,,,3567.0,316.0,
584.0,1211.0,,,3059.0,3700.0,676.0,,3747.0,,3347.0,,3473.0,628.0,,622.0,2650.0,2174.0,,3928.0,,,3829.0,1690.0,
2282.0,1353.0,,,916.0,3962.0,1027.0,,3781.0,,3520.0,,3691.0,1229.0,,427.0,2705.0,2451.0,,4046.0,,,316.0,1692.0,
3620.0,615.0,,,1335.0,3999.0,1780.0,,1675.0,,3898.0,,367.0,3355.0,,2182.0,2807.0,3678.0,,260.0,,,1690.0,486.0,
4030.0,2070.0,,,148.0,4020.0,1799.0,,243.0,,1507.0,,433.0,617.0,,3541.0,2853.0,3779.0,,368.0,,,1692.0,1212.0,
2507.0,3307.0,,,1936.0,3079.0,2586.0,,1921.0,,627.0,,1825.0,1776.0,,1014.0,3250.0,628.0,,739.0,,,486.0,1423.0,
1887.0,1604.0,,,966.0,2211.0,2879.0,,2884.0,,1236.0,,3293.0,927.0,,2147.0,3757.0,863.0,,875.0,,,1045.0,1514.0,
3306.0,3957.0,,,803.0,2343.0,2994.0,,3370.0,,123.0,,2067.0,3282.0,,3009.0,1055.0,1229.0,,1790.0,,,1212.0,1758.0,
3236.0,2747.0,,,627.0,2400.0,3431.0,,153.0,,314.0,,3005.0,3451.0,,3318.0,2027.0,3355.0,,2001.0,,,1423.0,2688.0,
318.0,3.0,,,323.0,2498.0,3747.0,,1123.0,,775.0,,968.0,305.0,,3567.0,3611.0,617.0,,2810.0,,,1514.0,3266.0,
794.0,563.0,,,3101.0,2997.0,3781.0,,3550.0,,1629.0,,1137.0,356.0,,3829.0,65.0,1776.0,,3088.0,,,1758.0,1401.0,
2031.0,899.0,,,887.0,33.0,3958.0,,3697.0,,1912.0,,1659.0,649.0,,3967.0,75.0,1816.0,,3347.0,,,2688.0,1580.0,
1545.0,1704.0,,,3234.0,3595.0,1675.0,,837.0,,3101.0,,2562.0,1224.0,,1690.0,116.0,927.0,,3520.0,,,3266.0,492.0,
1756.0,319.0,,,2899.0,428.0,243.0,,2338.0,,3473.0,,2958.0,3948.0,,1692.0,848.0,3282.0,,3898.0,,,1401.0,1762.0,
3027.0,156.0,,,584.0,509.0,1921.0,,2564.0,,3691.0,,3007.0,443.0,,486.0,1021.0,3451.0,,1507.0,,,1580.0,838.0,
50.0,441.0,,,2282.0,1647.0,2884.0,,2567.0,,367.0,,3525.0,1747.0,,1212.0,1072.0,305.0,,627.0,,,838.0,1828.0,
4050.0,546.0,,,3620.0,2160.0,3370.0,,2705.0,,433.0,,3727.0,1988.0,,1423.0,1108.0,356.0,,1236.0,,,2174.0,2174.0,
328.0,612.0,,,4030.0,2461.0,153.0,,3250.0,,1825.0,,3764.0,43.0,,1514.0,2149.0,649.0,,123.0,,,2451.0,2451.0,
1451.0,1768.0,,,2507.0,2966.0,1123.0,,3389.0,,3293.0,,3778.0,50.0,,1758.0,2191.0,1224.0,,314.0,,,3678.0,3678.0,
415.0,2408.0,,,1887.0,3081.0,3523.0,,1719.0,,2067.0,,3790.0,226.0,,2688.0,2218.0,3948.0,,775.0,,,3779.0,3779.0,
3593.0,2773.0,,,3306.0,3887.0,3550.0,,1819.0,,3005.0,,3988.0,412.0,,3266.0,2314.0,443.0,,1629.0,,,218.0,218.0,
149.0,2866.0,,,3236.0,3947.0,3697.0,,18.0,,968.0,,4010.0,465.0,,1401.0,2337.0,1747.0,,1912.0,,,628.0,628.0,
79.0,2123.0,,,318.0,3991.0,837.0,,192.0,,1137.0,,959.0,800.0,,1580.0,2441.0,1125.0,,3101.0,,,863.0,1229.0,
722.0,3612.0,,,794.0,394.0,2409.0,,366.0,,1659.0,,1134.0,840.0,,492.0,2550.0,1988.0,,3473.0,,,1229.0,3355.0,
1327.0,559.0,,,2031.0,452.0,2186.0,,1081.0,,2562.0,,1156.0,1130.0,,1762.0,2640.0,43.0,,3691.0,,,3355.0,617.0,
1211.0,915.0,,,1545.0,1338.0,2338.0,,1232.0,,2958.0,,1279.0,1208.0,,838.0,2777.0,50.0,,367.0,,,617.0,1776.0,
3029.0,1591.0,,,1756.0,1339.0,2564.0,,1251.0,,3007.0,,1460.0,1743.0,,1828.0,2914.0,226.0,,433.0,,,1816.0,927.0,
1391.0,848.0,,,3027.0,1906.0,2567.0,,1306.0,,3525.0,,2680.0,1759.0,,2174.0,3224.0,334.0,,1825.0,,,3282.0,3282.0,
1794.0,2360.0,,,50.0,2546.0,2705.0,,3404.0,,3727.0,,3375.0,2054.0,,2451.0,3601.0,412.0,,3293.0,,,3451.0,3451.0,
620.0,3690.0,,,4050.0,2038.0,3250.0,,91.0,,3764.0,,3643.0,2469.0,,3678.0,3673.0,465.0,,2067.0,,,305.0,305.0,
3568.0,484.0,,,328.0,2768.0,1719.0,,256.0,,3778.0,,215.0,3177.0,,3779.0,3690.0,800.0,,3005.0,,,356.0,356.0,
1171.0,3556.0,,,1451.0,2908.0,1819.0,,2099.0,,3790.0,,623.0,3331.0,,218.0,3745.0,840.0,,968.0,,,1224.0,649.0,
3249.0,210.0,,,415.0,3788.0,18.0,,2388.0,,3988.0,,794.0,3576.0,,628.0,3779.0,1050.0,,1137.0,,,1747.0,1224.0,
3905.0,1928.0,,,3593.0,1667.0,1248.0,,1687.0,,4010.0,,1641.0,3902.0,,1229.0,3806.0,1130.0,,1659.0,,,1125.0,3948.0,
1208.0,2464.0,,,149.0,2978.0,1915.0,,1973.0,,959.0,,3665.0,4084.0,,3355.0,572.0,1743.0,,2562.0,,,50.0,443.0,
770.0,1760.0,,,79.0,923.0,192.0,,2448.0,,1134.0,,809.0,1585.0,,617.0,2584.0,2054.0,,2958.0,,,226.0,1747.0,
3857.0,2101.0,,,722.0,323.0,366.0,,2708.0,,1156.0,,1012.0,1846.0,,1776.0,3519.0,2450.0,,3007.0,,,412.0,1988.0,
2747.0,1102.0,,,1327.0,1141.0,1081.0,,3381.0,,1279.0,,1116.0,616.0,,927.0,20.0,2469.0,,3525.0,,,465.0,43.0,
1616.0,2014.0,,,1211.0,1144.0,1232.0,,208.0,,1460.0,,1505.0,1010.0,,3282.0,672.0,3177.0,,3727.0,,,840.0,50.0,
511.0,2230.0,,,3029.0,2097.0,1251.0,,413.0,,2680.0,,1864.0,3077.0,,3451.0,929.0,3331.0,,3764.0,,,1130.0,226.0,
1115.0,128.0,,,1391.0,2291.0,1306.0,,442.0,,3375.0,,1391.0,3084.0,,305.0,1119.0,3576.0,,3778.0,,,1208.0,412.0,
1918.0,561.0,,,1794.0,2540.0,3404.0,,130.0,,3643.0,,1691.0,3344.0,,356.0,3413.0,3868.0,,3790.0,,,1743.0,465.0,
1129.0,1434.0,,,620.0,2676.0,91.0,,1178.0,,215.0,,490.0,3564.0,,649.0,1632.0,3902.0,,3988.0,,,1759.0,800.0,
757.0,2899.0,,,3568.0,3298.0,212.0,,1223.0,,623.0,,1106.0,292.0,,1224.0,2843.0,4084.0,,4010.0,,,2054.0,840.0,
2785.0,3085.0,,,1171.0,3734.0,256.0,,2440.0,,1641.0,,1677.0,747.0,,3948.0,2103.0,1585.0,,959.0,,,2450.0,1130.0,
1111.0,3417.0,,,3249.0,23.0,1363.0,,254.0,,3665.0,,114.0,2241.0,,443.0,2239.0,1846.0,,1134.0,,,2469.0,1208.0,
314.0,3532.0,,,3905.0,354.0,2388.0,,2973.0,,809.0,,299.0,2295.0,,1747.0,2552.0,616.0,,1156.0,,,3177.0,1743.0,
3212.0,3534.0,,,1208.0,1142.0,457.0,,622.0,,1012.0,,516.0,3235.0,,1988.0,2566.0,1010.0,,1279.0,,,3331.0,1759.0,
1088.0,4037.0,,,770.0,2377.0,1687.0,,427.0,,1116.0,,658.0,3454.0,,43.0,2656.0,1217.0,,1460.0,,,3576.0,2054.0,
875.0,1918.0,,,3857.0,2500.0,1973.0,,2182.0,,1505.0,,742.0,3457.0,,50.0,2664.0,3084.0,,2680.0,,,3868.0,2469.0,
459.0,882.0,,,2747.0,3006.0,2448.0,,3541.0,,1864.0,,867.0,3960.0,,412.0,2708.0,3344.0,,3375.0,,,3902.0,3177.0,
1886.0,1744.0,,,1616.0,3713.0,2708.0,,1014.0,,1391.0,,1049.0,1399.0,,465.0,2834.0,3564.0,,3643.0,,,4084.0,3331.0,
3640.0,1032.0,,,511.0,3826.0,3381.0,,2147.0,,1691.0,,1155.0,1165.0,,800.0,3264.0,3793.0,,215.0,,,1846.0,3576.0,
2789.0,3910.0,,,1115.0,3830.0,208.0,,3009.0,,490.0,,1204.0,1308.0,,840.0,3345.0,292.0,,623.0,,,1010.0,3902.0,
3230.0,756.0,,,1918.0,3864.0,413.0,,3318.0,,1106.0,,1210.0,135.0,,1130.0,3381.0,747.0,,794.0,,,3077.0,4084.0,
350.0,1407.0,,,1129.0,3906.0,442.0,,3567.0,,1677.0,,1289.0,81.0,,1208.0,4073.0,2241.0,,1641.0,,,3084.0,1585.0,
502.0,1995.0,,,757.0,3928.0,130.0,,3829.0,,114.0,,1559.0,380.0,,1743.0,1382.0,2295.0,,3665.0,,,3344.0,1846.0,
624.0,3465.0,,,1111.0,4046.0,1178.0,,3967.0,,299.0,,1577.0,1145.0,,1759.0,43.0,3235.0,,809.0,,,3564.0,616.0,
1202.0,3526.0,,,314.0,368.0,1223.0,,316.0,,516.0,,1697.0,1313.0,,2054.0,72.0,3454.0,,1012.0,,,3793.0,1010.0,
936.0,3976.0,,,3212.0,739.0,2440.0,,1690.0,,658.0,,1792.0,1854.0,,2469.0,89.0,3457.0,,1116.0,,,292.0,3077.0,
1831.0,21.0,,,1088.0,875.0,254.0,,1692.0,,742.0,,1831.0,1863.0,,3177.0,222.0,3797.0,,1505.0,,,747.0,3084.0,
3747.0,1886.0,,,875.0,1790.0,2973.0,,486.0,,867.0,,1978.0,2830.0,,3331.0,334.0,3960.0,,1864.0,,,2241.0,3344.0,
3469.0,1257.0,,,459.0,2001.0,622.0,,1212.0,,1049.0,,2029.0,3361.0,,3576.0,1340.0,1399.0,,1391.0,,,2295.0,3564.0,
3945.0,3439.0,,,1886.0,2810.0,427.0,,1423.0,,1155.0,,2031.0,3406.0,,3902.0,1664.0,1165.0,,1691.0,,,3235.0,292.0,
806.0,3730.0,,,3640.0,3088.0,2182.0,,1514.0,,1204.0,,2072.0,3437.0,,4084.0,2120.0,1308.0,,490.0,,,3454.0,747.0,
1168.0,1074.0,,,2789.0,3347.0,3541.0,,1758.0,,1210.0,,2086.0,3696.0,,1585.0,2254.0,135.0,,1106.0,,,3457.0,2241.0,
1268.0,1177.0,,,3230.0,3520.0,1014.0,,3266.0,,1289.0,,2161.0,3962.0,,1846.0,2288.0,81.0,,1677.0,,,3960.0,2295.0,
4045.0,1817.0,,,350.0,3898.0,2147.0,,1580.0,,1559.0,,2196.0,3999.0,,616.0,2402.0,380.0,,114.0,,,1399.0,3235.0,
3890.0,2051.0,,,502.0,1507.0,2220.0,,492.0,,1577.0,,2318.0,4020.0,,1010.0,2415.0,1145.0,,299.0,,,1165.0,3454.0,
3983.0,678.0,,,624.0,627.0,2497.0,,1762.0,,1697.0,,2321.0,2211.0,,3077.0,2511.0,1313.0,,516.0,,,1308.0,3457.0,
1082.0,506.0,,,1202.0,1236.0,2630.0,,838.0,,1792.0,,2383.0,2343.0,,3084.0,2544.0,1671.0,,658.0,,,362.0,3960.0,
1791.0,1843.0,,,936.0,123.0,3009.0,,1828.0,,1831.0,,2674.0,2400.0,,3344.0,2582.0,1854.0,,742.0,,,81.0,1399.0,
1984.0,16.0,,,1831.0,314.0,3829.0,,2174.0,,1978.0,,2843.0,2498.0,,3564.0,2604.0,1863.0,,867.0,,,1145.0,1165.0,
2147.0,17.0,,,3747.0,775.0,3967.0,,3678.0,,2029.0,,2977.0,2997.0,,292.0,2671.0,2830.0,,1049.0,,,1313.0,1308.0,
3113.0,19.0,,,3469.0,1629.0,316.0,,3779.0,,2031.0,,3289.0,33.0,,747.0,3053.0,3406.0,,1155.0,,,1854.0,135.0,
821.0,78.0,,,3945.0,1912.0,1690.0,,218.0,,2072.0,,3376.0,3595.0,,2241.0,3054.0,3437.0,,1204.0,,,1863.0,81.0,
1249.0,521.0,,,806.0,3101.0,1692.0,,628.0,,2086.0,,3469.0,428.0,,2295.0,3196.0,3700.0,,1210.0,,,2830.0,380.0,
2021.0,593.0,,,1168.0,3473.0,486.0,,1229.0,,2161.0,,3562.0,509.0,,3235.0,3369.0,3962.0,,1289.0,,,3361.0,1145.0,
288.0,676.0,,,1268.0,3691.0,1212.0,,3355.0,,2196.0,,3628.0,1647.0,,3454.0,3560.0,3999.0,,1559.0,,,3437.0,1313.0,
644.0,1027.0,,,4045.0,367.0,1423.0,,617.0,,2321.0,,3866.0,2461.0,,3457.0,3723.0,4020.0,,1577.0,,,3700.0,1854.0,
1652.0,1780.0,,,3890.0,433.0,1514.0,,1776.0,,2383.0,,3936.0,2966.0,,3960.0,3780.0,3079.0,,1697.0,,,3962.0,2830.0,
1993.0,1799.0,,,3983.0,1825.0,1758.0,,927.0,,2674.0,,4052.0,3081.0,,1399.0,3833.0,2343.0,,1792.0,,,3999.0,3361.0,
3224.0,2474.0,,,1082.0,3293.0,2688.0,,3282.0,,2843.0,,639.0,3887.0,,1165.0,3996.0,2400.0,,1831.0,,,4020.0,3406.0,
3258.0,2586.0,,,1791.0,2067.0,3266.0,,3451.0,,2977.0,,1695.0,3947.0,,1308.0,4024.0,2498.0,,1978.0,,,3079.0,3437.0,
157.0,2994.0,,,1984.0,968.0,1401.0,,305.0,,3289.0,,1733.0,3991.0,,135.0,309.0,2997.0,,2029.0,,,2211.0,3696.0,
254.0,3604.0,,,2147.0,1137.0,1580.0,,356.0,,3376.0,,133.0,394.0,,81.0,897.0,33.0,,2031.0,,,2400.0,3962.0,
3969.0,3747.0,,,3113.0,1659.0,2635.0,,1224.0,,3469.0,,195.0,452.0,,380.0,902.0,3595.0,,2072.0,,,2498.0,3999.0,
3288.0,3781.0,,,821.0,2562.0,492.0,,3948.0,,3562.0,,574.0,1906.0,,1145.0,1141.0,428.0,,2086.0,,,2997.0,4020.0,
226.0,1675.0,,,1249.0,2958.0,1762.0,,443.0,,3628.0,,645.0,2546.0,,1313.0,1180.0,509.0,,2161.0,,,33.0,2211.0,
2415.0,243.0,,,2021.0,3007.0,838.0,,1747.0,,3866.0,,3472.0,2038.0,,1854.0,1443.0,1647.0,,2196.0,,,3791.0,2343.0,
2604.0,1921.0,,,288.0,3525.0,1828.0,,43.0,,3936.0,,424.0,2768.0,,1863.0,1921.0,2160.0,,2321.0,,,428.0,2400.0,
3514.0,2884.0,,,644.0,3727.0,2174.0,,50.0,,4052.0,,440.0,2908.0,,2830.0,2050.0,2461.0,,2383.0,,,1647.0,2498.0,
652.0,3370.0,,,1652.0,3764.0,2451.0,,412.0,,639.0,,3166.0,3788.0,,3406.0,2484.0,2966.0,,2674.0,,,2160.0,2997.0,
58.0,1123.0,,,1993.0,3778.0,3678.0,,465.0,,1695.0,,1140.0,1667.0,,3437.0,2951.0,3081.0,,2843.0,,,2461.0,33.0,
3519.0,3550.0,,,3224.0,3790.0,3779.0,,800.0,,1733.0,,2775.0,2978.0,,3696.0,3385.0,3887.0,,2977.0,,,2966.0,3595.0,
3901.0,3697.0,,,3258.0,3988.0,218.0,,840.0,,133.0,,3254.0,923.0,,3962.0,3633.0,3947.0,,3289.0,,,3081.0,428.0,
3361.0,837.0,,,157.0,4010.0,628.0,,1130.0,,195.0,,3390.0,323.0,,3999.0,526.0,3991.0,,3376.0,,,3887.0,509.0,
1044.0,2338.0,,,254.0,959.0,863.0,,1208.0,,574.0,,3638.0,1141.0,,4020.0,1387.0,394.0,,3469.0,,,3947.0,1647.0,
2884.0,2564.0,,,3969.0,1134.0,1229.0,,1743.0,,645.0,,3889.0,1144.0,,2211.0,1464.0,452.0,,3562.0,,,3991.0,2461.0,
3473.0,2567.0,,,3288.0,1156.0,3355.0,,1759.0,,3472.0,,3998.0,2097.0,,2343.0,914.0,1338.0,,3628.0,,,394.0,2966.0,
199.0,2705.0,,,226.0,1279.0,617.0,,2054.0,,424.0,,1475.0,2291.0,,2400.0,52.0,1339.0,,3866.0,,,452.0,3081.0,
1372.0,3250.0,,,2415.0,1460.0,1776.0,,2469.0,,440.0,,2198.0,2540.0,,2498.0,93.0,1906.0,,3936.0,,,1338.0,3887.0,
891.0,3389.0,,,2604.0,2680.0,1816.0,,3177.0,,3166.0,,2587.0,2676.0,,2997.0,220.0,2546.0,,4052.0,,,1339.0,3947.0,
1155.0,1719.0,,,3514.0,3375.0,927.0,,3331.0,,1140.0,,2689.0,3298.0,,33.0,380.0,2038.0,,639.0,,,1906.0,3991.0,
1688.0,1819.0,,,652.0,3643.0,305.0,,3576.0,,2775.0,,3383.0,3734.0,,3595.0,648.0,2768.0,,1695.0,,,2546.0,394.0,
3265.0,18.0,,,58.0,215.0,649.0,,3902.0,,3254.0,,3637.0,23.0,,428.0,684.0,2908.0,,1733.0,,,2038.0,452.0,
1399.0,192.0,,,3519.0,623.0,1224.0,,4084.0,,3390.0,,3905.0,354.0,,509.0,726.0,3788.0,,133.0,,,2908.0,1906.0,
3283.0,366.0,,,3901.0,794.0,3948.0,,1585.0,,3638.0,,3929.0,1142.0,,2461.0,745.0,1667.0,,195.0,,,3788.0,2546.0,
3050.0,1081.0,,,3361.0,1641.0,443.0,,1846.0,,3889.0,,3943.0,2377.0,,2966.0,838.0,2978.0,,574.0,,,1667.0,2038.0,
3262.0,1232.0,,,1044.0,3665.0,1747.0,,616.0,,3998.0,,2528.0,2500.0,,3081.0,876.0,923.0,,645.0,,,2978.0,2768.0,
3832.0,1251.0,,,2884.0,809.0,1125.0,,1010.0,,1475.0,,3732.0,3006.0,,3887.0,937.0,1141.0,,3472.0,,,923.0,2908.0,
3916.0,1306.0,,,3473.0,1012.0,1988.0,,3077.0,,2198.0,,1542.0,3713.0,,3947.0,1074.0,1144.0,,424.0,,,1141.0,3788.0,
3935.0,3404.0,,,199.0,1116.0,43.0,,3084.0,,2587.0,,1967.0,3826.0,,3991.0,1177.0,2097.0,,440.0,,,2097.0,1667.0,
3958.0,91.0,,,1372.0,1505.0,50.0,,3344.0,,2689.0,,3621.0,3830.0,,394.0,1212.0,2291.0,,3166.0,,,2291.0,2978.0,
585.0,256.0,,,891.0,1864.0,226.0,,3564.0,,3383.0,,31.0,3864.0,,452.0,1308.0,2540.0,,1140.0,,,2540.0,923.0,
587.0,2099.0,,,1155.0,1391.0,334.0,,292.0,,3637.0,,3133.0,3906.0,,1906.0,1313.0,2676.0,,2775.0,,,2676.0,323.0,
1051.0,2388.0,,,1688.0,1691.0,465.0,,747.0,,3905.0,,9.0,3928.0,,2546.0,1320.0,3298.0,,3254.0,,,3298.0,1141.0,
2977.0,1687.0,,,3265.0,1106.0,800.0,,2241.0,,3929.0,,296.0,4046.0,,2038.0,1393.0,3734.0,,3390.0,,,3734.0,1144.0,
611.0,1973.0,,,1399.0,1677.0,840.0,,2295.0,,3943.0,,680.0,260.0,,2768.0,1524.0,23.0,,3638.0,,,1142.0,2097.0,
1759.0,2448.0,,,3283.0,114.0,1050.0,,3235.0,,2528.0,,778.0,368.0,,2908.0,1622.0,1142.0,,3889.0,,,2377.0,2291.0,
1917.0,2708.0,,,3050.0,299.0,1130.0,,3454.0,,3732.0,,2248.0,739.0,,3788.0,1763.0,2377.0,,3998.0,,,2500.0,2540.0,
1946.0,3381.0,,,3262.0,516.0,1208.0,,3457.0,,1542.0,,2642.0,1790.0,,1667.0,1786.0,2500.0,,1475.0,,,3006.0,2676.0,
3118.0,208.0,,,3832.0,658.0,1743.0,,3960.0,,1967.0,,2646.0,2001.0,,2978.0,1854.0,3006.0,,2198.0,,,3713.0,3298.0,
3127.0,413.0,,,3916.0,742.0,1759.0,,1399.0,,3621.0,,3185.0,2810.0,,923.0,1904.0,3713.0,,2587.0,,,3826.0,3734.0,
3548.0,442.0,,,3935.0,867.0,2054.0,,1165.0,,31.0,,3398.0,3088.0,,323.0,2081.0,3826.0,,2689.0,,,3830.0,23.0,
154.0,130.0,,,3958.0,1049.0,2469.0,,1308.0,,3133.0,,3329.0,3347.0,,1141.0,2106.0,3830.0,,3383.0,,,3864.0,354.0,
1891.0,1178.0,,,585.0,1155.0,3177.0,,135.0,,9.0,,155.0,3520.0,,1144.0,2135.0,3864.0,,3637.0,,,3906.0,1142.0,
574.0,1223.0,,,587.0,1204.0,3331.0,,81.0,,296.0,,1108.0,3898.0,,2097.0,2141.0,3906.0,,3905.0,,,3928.0,2377.0,
111.0,254.0,,,1051.0,1210.0,3868.0,,380.0,,680.0,,1637.0,1507.0,,2291.0,2175.0,3928.0,,3929.0,,,4046.0,2500.0,
216.0,2973.0,,,2977.0,1289.0,4084.0,,1313.0,,778.0,,2000.0,627.0,,2540.0,2255.0,4046.0,,3943.0,,,260.0,3006.0,
256.0,622.0,,,611.0,1559.0,1585.0,,1854.0,,2248.0,,2327.0,1236.0,,2676.0,2261.0,368.0,,2528.0,,,368.0,3713.0,
392.0,427.0,,,1759.0,1577.0,1846.0,,2830.0,,2642.0,,2537.0,314.0,,3298.0,2368.0,739.0,,3732.0,,,739.0,3826.0,
810.0,2182.0,,,1917.0,1697.0,616.0,,3406.0,,2646.0,,2862.0,775.0,,3734.0,2633.0,875.0,,1542.0,,,1790.0,3830.0,
3095.0,3541.0,,,1946.0,1792.0,1010.0,,3437.0,,3185.0,,3502.0,1629.0,,23.0,2699.0,1790.0,,1967.0,,,2001.0,3864.0,
2011.0,1014.0,,,3118.0,1831.0,1217.0,,3696.0,,3398.0,,3673.0,1912.0,,354.0,2709.0,2001.0,,3621.0,,,2810.0,3906.0,
1850.0,2147.0,,,3127.0,1978.0,3077.0,,3962.0,,3329.0,,3674.0,3101.0,,1142.0,3123.0,3088.0,,31.0,,,3088.0,3928.0,
628.0,3009.0,,,3548.0,2029.0,3084.0,,3999.0,,155.0,,3679.0,3473.0,,2377.0,3358.0,3347.0,,3133.0,,,3347.0,4046.0,
2955.0,3318.0,,,154.0,2031.0,3564.0,,4020.0,,1108.0,,3884.0,3691.0,,2500.0,3406.0,3520.0,,9.0,,,3520.0,260.0,
2823.0,3567.0,,,1891.0,2072.0,292.0,,2211.0,,1637.0,,90.0,367.0,,3006.0,3418.0,3898.0,,296.0,,,3898.0,368.0,
3628.0,3829.0,,,574.0,2086.0,747.0,,2343.0,,2000.0,,679.0,433.0,,3713.0,3452.0,1507.0,,680.0,,,1507.0,739.0,
2466.0,3967.0,,,111.0,2161.0,2241.0,,2400.0,,2327.0,,1371.0,1825.0,,3826.0,3599.0,627.0,,778.0,,,627.0,1790.0,
2631.0,316.0,,,216.0,2196.0,3235.0,,2498.0,,2537.0,,1564.0,3293.0,,3830.0,3646.0,1236.0,,2248.0,,,1236.0,2001.0,
3131.0,1690.0,,,256.0,2318.0,3454.0,,2997.0,,2862.0,,176.0,2067.0,,3864.0,3696.0,123.0,,2642.0,,,123.0,2810.0,
669.0,1692.0,,,392.0,2321.0,3457.0,,33.0,,3502.0,,684.0,968.0,,3906.0,3700.0,314.0,,2646.0,,,314.0,3088.0,
1369.0,486.0,,,810.0,2383.0,3797.0,,3595.0,,3673.0,,2013.0,1659.0,,3928.0,3708.0,775.0,,3185.0,,,3101.0,3347.0,
142.0,1212.0,,,3095.0,2674.0,3960.0,,428.0,,3674.0,,2141.0,2562.0,,4046.0,3770.0,1629.0,,3398.0,,,3473.0,3520.0,
1762.0,1423.0,,,2011.0,2843.0,1399.0,,509.0,,3679.0,,2419.0,2958.0,,260.0,3957.0,1912.0,,3329.0,,,3691.0,3898.0,
1295.0,1514.0,,,1850.0,2977.0,1165.0,,1647.0,,3884.0,,2932.0,3007.0,,368.0,4001.0,3101.0,,155.0,,,367.0,1507.0,
1928.0,1758.0,,,628.0,3289.0,1308.0,,2461.0,,90.0,,3708.0,3525.0,,739.0,1540.0,3473.0,,1108.0,,,433.0,627.0,
2693.0,3266.0,,,2955.0,3376.0,135.0,,2966.0,,679.0,,4001.0,3727.0,,1790.0,537.0,3691.0,,1637.0,,,1825.0,1236.0,
1286.0,1580.0,,,3628.0,3469.0,362.0,,3081.0,,1371.0,,347.0,3778.0,,2810.0,599.0,367.0,,2000.0,,,3293.0,314.0,
4033.0,492.0,,,2466.0,3562.0,81.0,,3887.0,,1564.0,,752.0,3790.0,,3088.0,1850.0,433.0,,2327.0,,,2067.0,775.0,
1642.0,1762.0,,,2631.0,3628.0,380.0,,3947.0,,176.0,,1520.0,3988.0,,3347.0,326.0,1825.0,,2537.0,,,3005.0,1629.0,
1906.0,838.0,,,3131.0,3866.0,1145.0,,3991.0,,684.0,,1546.0,4010.0,,3520.0,1047.0,3293.0,,2862.0,,,968.0,1912.0,
483.0,1828.0,,,669.0,3936.0,1313.0,,394.0,,2013.0,,2339.0,959.0,,3898.0,1641.0,2067.0,,3502.0,,,1137.0,3101.0,
666.0,2174.0,,,1369.0,4052.0,1671.0,,452.0,,2141.0,,3020.0,1134.0,,1507.0,2681.0,3005.0,,3673.0,,,1659.0,3473.0,
2009.0,3678.0,,,142.0,639.0,1854.0,,1906.0,,2419.0,,3484.0,1156.0,,627.0,3548.0,968.0,,3674.0,,,2562.0,3691.0,
1189.0,3779.0,,,1762.0,1695.0,1863.0,,2546.0,,2932.0,,3580.0,1279.0,,314.0,3855.0,1137.0,,3679.0,,,2958.0,367.0,
1257.0,218.0,,,1295.0,1733.0,3361.0,,2038.0,,3708.0,,3886.0,1460.0,,775.0,145.0,1659.0,,3884.0,,,3007.0,433.0,
1534.0,628.0,,,1928.0,133.0,3406.0,,2908.0,,4001.0,,648.0,2680.0,,1629.0,225.0,2562.0,,90.0,,,3525.0,1825.0,
3266.0,1229.0,,,1286.0,195.0,3437.0,,3788.0,,347.0,,2093.0,3375.0,,1912.0,461.0,2958.0,,679.0,,,3727.0,3293.0,
281.0,3355.0,,,4033.0,574.0,3696.0,,1667.0,,752.0,,2202.0,3643.0,,3101.0,575.0,3007.0,,1371.0,,,3764.0,2067.0,
2422.0,617.0,,,1642.0,645.0,3700.0,,2978.0,,1520.0,,2580.0,215.0,,3473.0,826.0,3525.0,,1564.0,,,3778.0,968.0,
3165.0,1776.0,,,1906.0,3472.0,3962.0,,923.0,,1546.0,,2653.0,623.0,,3691.0,1435.0,3764.0,,176.0,,,3790.0,1659.0,
3656.0,927.0,,,483.0,424.0,3999.0,,323.0,,3020.0,,2870.0,794.0,,367.0,1437.0,3778.0,,684.0,,,3988.0,2562.0,
639.0,3282.0,,,666.0,3166.0,4020.0,,1141.0,,3484.0,,64.0,1641.0,,433.0,1459.0,3790.0,,2013.0,,,4010.0,2958.0,
354.0,3451.0,,,2009.0,1140.0,3079.0,,1144.0,,3580.0,,158.0,3665.0,,1825.0,1976.0,4010.0,,2141.0,,,959.0,3007.0,
1311.0,305.0,,,1189.0,2775.0,2211.0,,2097.0,,3886.0,,592.0,809.0,,3293.0,2038.0,959.0,,2932.0,,,1134.0,3525.0,
1768.0,356.0,,,1257.0,3254.0,2343.0,,2291.0,,648.0,,681.0,1012.0,,2067.0,2222.0,1134.0,,3708.0,,,1156.0,3727.0,
3039.0,1224.0,,,1534.0,3390.0,33.0,,2540.0,,2093.0,,981.0,1116.0,,968.0,2236.0,1156.0,,347.0,,,1279.0,3778.0,
3031.0,3948.0,,,3266.0,3638.0,3595.0,,2676.0,,2202.0,,1064.0,1505.0,,1659.0,2586.0,1279.0,,752.0,,,1460.0,3790.0,
335.0,443.0,,,281.0,3889.0,3791.0,,3298.0,,2580.0,,1158.0,1864.0,,2562.0,2616.0,1460.0,,1520.0,,,2680.0,3988.0,
1449.0,1747.0,,,2422.0,3998.0,428.0,,3734.0,,2653.0,,1400.0,1391.0,,2958.0,3050.0,2680.0,,1546.0,,,3375.0,4010.0,
433.0,43.0,,,3165.0,1475.0,509.0,,23.0,,2870.0,,1449.0,1691.0,,3007.0,3199.0,3375.0,,2339.0,,,215.0,959.0,
1515.0,50.0,,,3656.0,2198.0,1647.0,,354.0,,158.0,,1709.0,490.0,,3525.0,3262.0,3643.0,,3020.0,,,623.0,1134.0,
3044.0,412.0,,,639.0,2587.0,2160.0,,1142.0,,592.0,,1710.0,1106.0,,3727.0,3832.0,215.0,,3484.0,,,794.0,1156.0,
,465.0,,,354.0,2689.0,2461.0,,2377.0,,681.0,,1893.0,1677.0,,3790.0,3837.0,623.0,,3580.0,,,1641.0,1279.0,
,800.0,,,1311.0,3383.0,3081.0,,2500.0,,981.0,,3377.0,114.0,,3988.0,3935.0,794.0,,3886.0,,,3665.0,1460.0,
,840.0,,,1768.0,3637.0,3991.0,,3006.0,,1064.0,,1873.0,299.0,,4010.0,4061.0,1641.0,,648.0,,,1116.0,2680.0,
,1130.0,,,3039.0,3905.0,394.0,,3713.0,,1158.0,,3222.0,516.0,,959.0,721.0,3665.0,,2093.0,,,1864.0,3375.0,
,1208.0,,,3031.0,3929.0,452.0,,3826.0,,1400.0,,222.0,658.0,,1134.0,1465.0,809.0,,2202.0,,,1691.0,3643.0,
,1743.0,,,335.0,3943.0,1338.0,,3830.0,,1449.0,,267.0,742.0,,1156.0,2350.0,1012.0,,2580.0,,,490.0,215.0,
,1759.0,,,1449.0,2528.0,1339.0,,3864.0,,1709.0,,283.0,867.0,,1279.0,2588.0,1116.0,,2653.0,,,1677.0,623.0,
,2054.0,,,433.0,3732.0,1906.0,,3906.0,,1710.0,,416.0,1049.0,,1460.0,2683.0,1505.0,,2870.0,,,114.0,794.0,
,2469.0,,,1515.0,1542.0,2546.0,,3928.0,,1893.0,,446.0,1204.0,,2680.0,3105.0,1864.0,,64.0,,,299.0,1641.0,
,3177.0,,,3044.0,1967.0,2038.0,,4046.0,,3377.0,,448.0,1210.0,,3375.0,3269.0,1391.0,,158.0,,,516.0,3665.0,
,3331.0,,,,3621.0,2768.0,,260.0,,1873.0,,1101.0,1289.0,,3643.0,3324.0,1691.0,,592.0,,,658.0,809.0,
,3576.0,,,,31.0,2908.0,,368.0,,3222.0,,1103.0,1559.0,,215.0,3706.0,490.0,,681.0,,,742.0,1012.0,
,3902.0,,,,3133.0,3788.0,,739.0,,222.0,,1642.0,1577.0,,623.0,3904.0,1106.0,,981.0,,,867.0,1116.0,
,4084.0,,,,9.0,1667.0,,1790.0,,267.0,,2082.0,1697.0,,794.0,259.0,1677.0,,1064.0,,,1049.0,1505.0,
,1585.0,,,,296.0,2978.0,,2001.0,,283.0,,2288.0,1792.0,,1641.0,1550.0,114.0,,1158.0,,,1204.0,1864.0,
,1846.0,,,,680.0,923.0,,2810.0,,416.0,,2320.0,1831.0,,809.0,824.0,299.0,,1400.0,,,1210.0,1391.0,
,616.0,,,,778.0,323.0,,3088.0,,446.0,,2384.0,2029.0,,1012.0,1135.0,516.0,,1449.0,,,1289.0,1691.0,
,1010.0,,,,2248.0,1141.0,,3347.0,,448.0,,2402.0,2031.0,,1116.0,1269.0,742.0,,1709.0,,,1559.0,490.0,
,3077.0,,,,2642.0,1144.0,,3520.0,,1101.0,,2481.0,2072.0,,1505.0,2264.0,867.0,,1710.0,,,1577.0,1106.0,
,3084.0,,,,2646.0,2097.0,,3898.0,,1103.0,,2799.0,2086.0,,1864.0,153.0,1049.0,,1893.0,,,1792.0,1677.0,
,3344.0,,,,3185.0,2676.0,,1507.0,,1642.0,,2910.0,2161.0,,1391.0,254.0,1155.0,,3377.0,,,1831.0,114.0,
,3564.0,,,,3398.0,3298.0,,627.0,,2082.0,,3510.0,2196.0,,1691.0,260.0,1204.0,,1873.0,,,1978.0,299.0,
,292.0,,,,3329.0,3734.0,,314.0,,2288.0,,3514.0,2318.0,,490.0,788.0,1210.0,,3222.0,,,2029.0,516.0,
,747.0,,,,155.0,23.0,,775.0,,2320.0,,3549.0,2321.0,,1106.0,1123.0,1289.0,,222.0,,,2031.0,658.0,
,2241.0,,,,1108.0,354.0,,1629.0,,2384.0,,3680.0,2383.0,,1677.0,1504.0,1559.0,,267.0,,,2072.0,742.0,
,2295.0,,,,1637.0,1142.0,,1912.0,,2402.0,,3900.0,2674.0,,114.0,1607.0,1577.0,,283.0,,,2086.0,867.0,
,3235.0,,,,2000.0,2377.0,,3101.0,,2481.0,,131.0,2843.0,,299.0,1975.0,1697.0,,416.0,,,2161.0,1049.0,
,3454.0,,,,2327.0,2500.0,,3473.0,,2799.0,,815.0,2977.0,,516.0,2152.0,1792.0,,446.0,,,2196.0,1204.0,
,3457.0,,,,2537.0,260.0,,3691.0,,2910.0,,1909.0,3289.0,,658.0,2258.0,1831.0,,448.0,,,2318.0,1210.0,
,3960.0,,,,2862.0,368.0,,367.0,,3510.0,,2743.0,3376.0,,742.0,2618.0,1978.0,,1101.0,,,2321.0,1289.0,
,1399.0,,,,3502.0,739.0,,433.0,,3514.0,,3623.0,3469.0,,1049.0,2665.0,2029.0,,1103.0,,,2383.0,1559.0,
,1165.0,,,,3673.0,875.0,,1825.0,,3549.0,,1463.0,3562.0,,1204.0,3061.0,2031.0,,1642.0,,,2674.0,1577.0,
,1308.0,,,,3674.0,1790.0,,3293.0,,3680.0,,1465.0,3628.0,,1210.0,3070.0,2072.0,,2288.0,,,2843.0,1697.0,
,135.0,,,,3679.0,2001.0,,2067.0,,131.0,,2146.0,3866.0,,1289.0,3347.0,2086.0,,2320.0,,,3289.0,1792.0,
,81.0,,,,3884.0,2810.0,,968.0,,815.0,,2242.0,3936.0,,1559.0,3374.0,2161.0,,2384.0,,,3376.0,1831.0,
,380.0,,,,90.0,3347.0,,1659.0,,1909.0,,2460.0,4052.0,,1577.0,3550.0,2196.0,,2481.0,,,3469.0,2029.0,
,1854.0,,,,679.0,3520.0,,2562.0,,2743.0,,2588.0,639.0,,1697.0,3639.0,2318.0,,2799.0,,,3562.0,2031.0,
,2830.0,,,,1371.0,3898.0,,2958.0,,3623.0,,3281.0,1695.0,,1792.0,3664.0,2321.0,,3510.0,,,3628.0,2072.0,
,3406.0,,,,1564.0,1507.0,,3007.0,,1463.0,,3312.0,1733.0,,1831.0,3876.0,2383.0,,3514.0,,,3866.0,2086.0,
,3437.0,,,,176.0,627.0,,3525.0,,1465.0,,3509.0,133.0,,2029.0,3893.0,2674.0,,3549.0,,,3936.0,2161.0,
,3696.0,,,,684.0,1236.0,,3727.0,,2146.0,,3518.0,195.0,,2031.0,3940.0,2843.0,,3680.0,,,639.0,2196.0,
,3962.0,,,,2013.0,123.0,,3778.0,,2242.0,,3543.0,574.0,,2072.0,3995.0,2977.0,,3900.0,,,1695.0,2318.0,
,3999.0,,,,2141.0,314.0,,3790.0,,2460.0,,3651.0,645.0,,2086.0,209.0,3289.0,,131.0,,,1733.0,2321.0,
,4020.0,,,,2419.0,775.0,,3988.0,,2588.0,,3946.0,3472.0,,2161.0,1201.0,3376.0,,815.0,,,133.0,2383.0,
,2211.0,,,,2932.0,1629.0,,4010.0,,3281.0,,4019.0,424.0,,2196.0,8.0,3469.0,,1909.0,,,195.0,2674.0,
,2343.0,,,,3708.0,1912.0,,959.0,,3312.0,,129.0,440.0,,2318.0,286.0,3562.0,,2743.0,,,574.0,2843.0,
,2400.0,,,,4001.0,3101.0,,1134.0,,3509.0,,1286.0,3166.0,,2321.0,292.0,3628.0,,3623.0,,,645.0,2977.0,
,2498.0,,,,347.0,3473.0,,1156.0,,3518.0,,3474.0,1140.0,,2383.0,685.0,3866.0,,1463.0,,,3472.0,3289.0,
,2997.0,,,,752.0,3691.0,,1279.0,,3543.0,,173.0,2775.0,,2674.0,2232.0,3936.0,,1465.0,,,440.0,3376.0,
,33.0,,,,1520.0,367.0,,1460.0,,3651.0,,181.0,3254.0,,2843.0,2349.0,4052.0,,2146.0,,,3166.0,3469.0,
,3595.0,,,,1546.0,433.0,,2680.0,,3946.0,,463.0,3889.0,,2977.0,2353.0,639.0,,2242.0,,,1140.0,3562.0,
,428.0,,,,2339.0,1825.0,,3375.0,,4019.0,,536.0,3998.0,,3289.0,2357.0,1695.0,,2460.0,,,2775.0,3628.0,
,509.0,,,,3020.0,3293.0,,3643.0,,129.0,,757.0,2198.0,,3376.0,2493.0,1733.0,,2588.0,,,3254.0,3866.0,
,1647.0,,,,3484.0,2067.0,,215.0,,1286.0,,1260.0,2587.0,,3562.0,2796.0,195.0,,3281.0,,,3638.0,3936.0,
,2461.0,,,,3580.0,3005.0,,623.0,,3474.0,,1960.0,2689.0,,3628.0,2896.0,574.0,,3312.0,,,3889.0,4052.0,
,2966.0,,,,3886.0,968.0,,794.0,,173.0,,2589.0,3383.0,,3866.0,2899.0,645.0,,3509.0,,,3998.0,639.0,
,3081.0,,,,2093.0,1137.0,,1641.0,,181.0,,2937.0,3637.0,,3936.0,3085.0,3472.0,,3518.0,,,2198.0,1695.0,
,3887.0,,,,2202.0,1659.0,,809.0,,463.0,,3046.0,3929.0,,4052.0,3303.0,424.0,,3651.0,,,2587.0,1733.0,
,3947.0,,,,2580.0,3727.0,,1012.0,,536.0,,3892.0,3943.0,,639.0,3417.0,440.0,,3946.0,,,2689.0,133.0,
,3991.0,,,,2653.0,3764.0,,1116.0,,757.0,,3923.0,2528.0,,1695.0,3454.0,3166.0,,4019.0,,,3383.0,195.0,
,394.0,,,,2870.0,3778.0,,1505.0,,1260.0,,665.0,3732.0,,1733.0,3457.0,1140.0,,129.0,,,3637.0,574.0,
,452.0,,,,64.0,4010.0,,1864.0,,1960.0,,447.0,1967.0,,133.0,1305.0,2775.0,,1286.0,,,3929.0,645.0,
,1906.0,,,,158.0,959.0,,1391.0,,2589.0,,555.0,3621.0,,195.0,1473.0,3254.0,,3474.0,,,3943.0,3472.0,
,2546.0,,,,592.0,1134.0,,1691.0,,2937.0,,2444.0,31.0,,574.0,3124.0,3390.0,,173.0,,,2528.0,424.0,
,2908.0,,,,681.0,1156.0,,490.0,,3046.0,,255.0,3133.0,,645.0,3228.0,3638.0,,181.0,,,3732.0,3166.0,
,3788.0,,,,981.0,1279.0,,1106.0,,3892.0,,1693.0,9.0,,3472.0,3465.0,3889.0,,463.0,,,1542.0,1140.0,
,1667.0,,,,1064.0,1460.0,,1677.0,,3923.0,,2609.0,296.0,,424.0,3973.0,3998.0,,536.0,,,3621.0,2775.0,
,2978.0,,,,1158.0,2680.0,,114.0,,665.0,,3433.0,680.0,,440.0,3976.0,1475.0,,757.0,,,31.0,3254.0,
,923.0,,,,1400.0,3375.0,,516.0,,447.0,,3536.0,778.0,,3166.0,4045.0,2198.0,,1260.0,,,3133.0,3998.0,
,323.0,,,,1449.0,3643.0,,658.0,,555.0,,3597.0,2248.0,,1140.0,32.0,2587.0,,1960.0,,,9.0,2198.0,
,1141.0,,,,1709.0,215.0,,742.0,,2444.0,,2184.0,2642.0,,2775.0,1423.0,2689.0,,2589.0,,,296.0,2587.0,
,1144.0,,,,1710.0,623.0,,867.0,,255.0,,946.0,2646.0,,3254.0,612.0,3383.0,,2937.0,,,680.0,2689.0,
,2097.0,,,,1893.0,794.0,,1049.0,,1693.0,,1696.0,3185.0,,3889.0,664.0,3637.0,,3046.0,,,778.0,3383.0,
,2291.0,,,,3377.0,1641.0,,1204.0,,2609.0,,3029.0,3398.0,,3998.0,810.0,3905.0,,3892.0,,,2248.0,3637.0,
,2540.0,,,,1873.0,3665.0,,1210.0,,3433.0,,266.0,155.0,,2198.0,1156.0,3929.0,,3923.0,,,2642.0,3929.0,
,2676.0,,,,3222.0,809.0,,1289.0,,3536.0,,556.0,1108.0,,2587.0,1163.0,3943.0,,665.0,,,2646.0,3943.0,
,3298.0,,,,222.0,1012.0,,1559.0,,3597.0,,994.0,1637.0,,2689.0,1242.0,2528.0,,447.0,,,3185.0,2528.0,
,3734.0,,,,267.0,1116.0,,1577.0,,2184.0,,1362.0,2000.0,,3383.0,1418.0,3732.0,,555.0,,,3398.0,3732.0,
,23.0,,,,283.0,1505.0,,1697.0,,946.0,,1425.0,2327.0,,3637.0,1460.0,1542.0,,2444.0,,,3329.0,1967.0,
,354.0,,,,416.0,1864.0,,1792.0,,1696.0,,1527.0,2537.0,,3929.0,1608.0,1967.0,,255.0,,,155.0,3621.0,
,1142.0,,,,446.0,1391.0,,1831.0,,3029.0,,1802.0,2862.0,,3943.0,2273.0,3621.0,,1693.0,,,1108.0,31.0,
,2377.0,,,,448.0,1691.0,,2029.0,,266.0,,1908.0,3502.0,,2528.0,2440.0,31.0,,2609.0,,,1637.0,3133.0,
,2500.0,,,,1101.0,490.0,,2031.0,,556.0,,2134.0,3674.0,,3732.0,2560.0,3133.0,,3433.0,,,2000.0,9.0,
,3006.0,,,,1103.0,1106.0,,2072.0,,994.0,,2322.0,3679.0,,1967.0,2580.0,9.0,,3536.0,,,2327.0,296.0,
,3713.0,,,,1642.0,1677.0,,2086.0,,1425.0,,3488.0,3884.0,,3621.0,2680.0,296.0,,3597.0,,,2537.0,680.0,
,3826.0,,,,2082.0,114.0,,2161.0,,1527.0,,3804.0,90.0,,31.0,2774.0,680.0,,2184.0,,,2862.0,778.0,
,3830.0,,,,2288.0,299.0,,2196.0,,1802.0,,3027.0,679.0,,3133.0,3045.0,778.0,,946.0,,,3502.0,2248.0,
,3864.0,,,,2320.0,516.0,,2318.0,,1908.0,,120.0,1371.0,,9.0,3236.0,2248.0,,1696.0,,,3673.0,2642.0,
,3906.0,,,,2384.0,658.0,,2321.0,,2134.0,,148.0,1564.0,,296.0,3375.0,2642.0,,3029.0,,,3674.0,2646.0,
,3928.0,,,,2402.0,742.0,,2383.0,,2322.0,,735.0,176.0,,680.0,3614.0,2646.0,,266.0,,,3884.0,3185.0,
,4046.0,,,,2481.0,867.0,,2674.0,,3488.0,,929.0,684.0,,778.0,3774.0,3185.0,,556.0,,,90.0,3398.0,
,260.0,,,,2799.0,1049.0,,2843.0,,3804.0,,1920.0,2013.0,,2642.0,3897.0,3398.0,,994.0,,,679.0,155.0,
,368.0,,,,2910.0,1155.0,,2977.0,,3027.0,,3212.0,2141.0,,2646.0,3950.0,155.0,,1362.0,,,684.0,1108.0,
,739.0,,,,3510.0,1204.0,,3289.0,,120.0,,3703.0,2419.0,,3185.0,490.0,1108.0,,1425.0,,,2141.0,1637.0,
,1790.0,,,,3514.0,1289.0,,3376.0,,148.0,,145.0,2932.0,,3398.0,242.0,1637.0,,1527.0,,,2419.0,2327.0,
,2001.0,,,,3549.0,1559.0,,3469.0,,735.0,,1029.0,3708.0,,155.0,381.0,2000.0,,1802.0,,,2932.0,2537.0,
,2810.0,,,,3680.0,1577.0,,3562.0,,929.0,,1213.0,4001.0,,1108.0,2257.0,2537.0,,1908.0,,,3708.0,2862.0,
,3088.0,,,,3900.0,1697.0,,3628.0,,1920.0,,1938.0,347.0,,1637.0,3129.0,2862.0,,2134.0,,,4001.0,3502.0,
,3347.0,,,,131.0,1792.0,,3866.0,,3212.0,,2236.0,752.0,,2000.0,3133.0,3502.0,,2322.0,,,347.0,3674.0,
,3520.0,,,,815.0,1831.0,,3936.0,,3703.0,,2437.0,1520.0,,2537.0,3177.0,3673.0,,3488.0,,,1520.0,3679.0,
,3898.0,,,,1909.0,1978.0,,4052.0,,145.0,,2549.0,1546.0,,2862.0,3327.0,3674.0,,3804.0,,,1546.0,3884.0,
,1507.0,,,,2743.0,2029.0,,639.0,,1029.0,,2616.0,2339.0,,3502.0,3591.0,3679.0,,3027.0,,,2339.0,90.0,
,627.0,,,,3623.0,2031.0,,1695.0,,1213.0,,3089.0,3020.0,,3674.0,1139.0,3884.0,,120.0,,,3484.0,1371.0,
,314.0,,,,1463.0,2072.0,,1733.0,,1938.0,,3574.0,3484.0,,3679.0,1321.0,90.0,,148.0,,,3886.0,1564.0,
,775.0,,,,1465.0,2086.0,,133.0,,2236.0,,3926.0,3580.0,,3884.0,2088.0,679.0,,735.0,,,648.0,176.0,
,1629.0,,,,2146.0,2161.0,,195.0,,2437.0,,2276.0,3886.0,,90.0,2096.0,1371.0,,929.0,,,2093.0,684.0,
,1912.0,,,,2242.0,2196.0,,574.0,,2549.0,,2480.0,648.0,,679.0,2922.0,1564.0,,1920.0,,,2202.0,2013.0,
,3101.0,,,,2460.0,2318.0,,645.0,,2616.0,,2529.0,2093.0,,1371.0,3102.0,176.0,,3212.0,,,2580.0,2141.0,
,3473.0,,,,2588.0,2321.0,,3472.0,,3089.0,,2570.0,2202.0,,1564.0,3743.0,2013.0,,3703.0,,,2653.0,2419.0,
,3691.0,,,,3281.0,2383.0,,424.0,,3574.0,,2791.0,2653.0,,176.0,3799.0,2419.0,,145.0,,,2870.0,2932.0,
,367.0,,,,3312.0,2843.0,,440.0,,3926.0,,3776.0,2870.0,,684.0,3991.0,2932.0,,1029.0,,,64.0,3708.0,
,433.0,,,,3509.0,2977.0,,3166.0,,2276.0,,4016.0,158.0,,2013.0,4041.0,3708.0,,1213.0,,,158.0,4001.0,
,1825.0,,,,3518.0,3469.0,,1140.0,,2480.0,,269.0,592.0,,2141.0,354.0,4001.0,,1938.0,,,592.0,347.0,
,3293.0,,,,3543.0,3628.0,,2775.0,,2529.0,,1172.0,681.0,,2419.0,457.0,347.0,,2236.0,,,681.0,752.0,
,2067.0,,,,3651.0,4052.0,,3254.0,,2570.0,,79.0,981.0,,2932.0,156.0,752.0,,2437.0,,,981.0,1520.0,
,968.0,,,,3946.0,639.0,,3889.0,,2791.0,,587.0,1064.0,,3708.0,237.0,1520.0,,2549.0,,,1064.0,1546.0,
,1659.0,,,,4019.0,1695.0,,3998.0,,3776.0,,1320.0,1158.0,,4001.0,441.0,1546.0,,2616.0,,,1158.0,2339.0,
,2562.0,,,,129.0,1733.0,,2198.0,,4016.0,,1879.0,1400.0,,347.0,758.0,3020.0,,3089.0,,,1400.0,3020.0,
,2958.0,,,,1286.0,133.0,,2587.0,,269.0,,1991.0,1449.0,,752.0,1125.0,3484.0,,3574.0,,,1449.0,3484.0,
,3007.0,,,,3474.0,195.0,,2689.0,,1172.0,,434.0,1709.0,,1546.0,1164.0,3580.0,,3926.0,,,1709.0,3580.0,
,3525.0,,,,173.0,574.0,,3383.0,,79.0,,2433.0,1710.0,,2339.0,1176.0,3886.0,,2276.0,,,1710.0,3886.0,
,3727.0,,,,181.0,645.0,,3637.0,,587.0,,854.0,1893.0,,3020.0,1218.0,648.0,,2480.0,,,1893.0,648.0,
,3778.0,,,,463.0,424.0,,3929.0,,1320.0,,1321.0,3377.0,,3484.0,1316.0,2093.0,,2529.0,,,3377.0,2093.0,
,3790.0,,,,536.0,440.0,,3943.0,,1879.0,,2139.0,1873.0,,3580.0,1570.0,2202.0,,2570.0,,,1873.0,2202.0,
,3988.0,,,,757.0,3166.0,,2528.0,,1991.0,,2204.0,3222.0,,3886.0,1892.0,2580.0,,2791.0,,,3222.0,2653.0,
,4010.0,,,,1260.0,1140.0,,3732.0,,434.0,,2315.0,222.0,,648.0,2398.0,2653.0,,3776.0,,,222.0,2870.0,
,959.0,,,,1960.0,2775.0,,1967.0,,2433.0,,2382.0,267.0,,2093.0,2433.0,2870.0,,4016.0,,,267.0,158.0,
,1134.0,,,,2937.0,3390.0,,3621.0,,854.0,,3127.0,283.0,,2202.0,2637.0,64.0,,269.0,,,283.0,592.0,
,1156.0,,,,3046.0,3638.0,,31.0,,1321.0,,3575.0,416.0,,2653.0,2806.0,158.0,,1172.0,,,416.0,681.0,
,1279.0,,,,3892.0,3889.0,,3133.0,,2139.0,,3737.0,446.0,,2870.0,2866.0,592.0,,79.0,,,446.0,981.0,
,1460.0,,,,3923.0,2198.0,,9.0,,2204.0,,3922.0,448.0,,158.0,3316.0,681.0,,587.0,,,448.0,1064.0,
,2680.0,,,,665.0,3905.0,,680.0,,2315.0,,3939.0,1101.0,,592.0,3436.0,981.0,,1320.0,,,1101.0,1158.0,
,3375.0,,,,447.0,2528.0,,778.0,,2382.0,,1464.0,1103.0,,681.0,454.0,1064.0,,1879.0,,,1642.0,1449.0,
,3643.0,,,,555.0,1542.0,,3185.0,,2532.0,,1565.0,1642.0,,981.0,812.0,1158.0,,1991.0,,,2082.0,1709.0,
,215.0,,,,2444.0,1967.0,,3398.0,,3127.0,,1987.0,2082.0,,1064.0,918.0,1400.0,,434.0,,,2288.0,1710.0,
,623.0,,,,255.0,3621.0,,155.0,,3575.0,,3666.0,2288.0,,1158.0,1030.0,1449.0,,2433.0,,,2320.0,1893.0,
,794.0,,,,1693.0,31.0,,1108.0,,3737.0,,177.0,2320.0,,1400.0,1197.0,1709.0,,854.0,,,2384.0,3377.0,
,1641.0,,,,2609.0,3133.0,,1637.0,,3922.0,,488.0,2384.0,,1709.0,1520.0,1710.0,,1321.0,,,2402.0,1873.0,
,809.0,,,,3433.0,9.0,,2000.0,,3939.0,,833.0,2402.0,,1710.0,1563.0,1893.0,,2139.0,,,2481.0,3222.0,
,1012.0,,,,3536.0,296.0,,2537.0,,1565.0,,866.0,2481.0,,1893.0,1810.0,3377.0,,2204.0,,,2799.0,222.0,
,1116.0,,,,3597.0,680.0,,2862.0,,1987.0,,934.0,2799.0,,3377.0,2009.0,1873.0,,2315.0,,,2910.0,267.0,
,1505.0,,,,2184.0,2248.0,,3502.0,,3666.0,,1551.0,2910.0,,1873.0,777.0,3222.0,,2382.0,,,3510.0,283.0,
,1864.0,,,,946.0,2642.0,,3674.0,,177.0,,1700.0,3510.0,,3222.0,860.0,222.0,,2532.0,,,3514.0,416.0,
,1391.0,,,,1696.0,2646.0,,3679.0,,488.0,,1701.0,3514.0,,222.0,1908.0,267.0,,3127.0,,,3680.0,446.0,
,1691.0,,,,3029.0,3185.0,,3884.0,,833.0,,2110.0,3549.0,,267.0,2057.0,283.0,,3575.0,,,3900.0,448.0,
,490.0,,,,266.0,3398.0,,90.0,,866.0,,2506.0,3680.0,,283.0,2137.0,416.0,,3737.0,,,131.0,1101.0,
,1106.0,,,,556.0,3329.0,,679.0,,934.0,,2512.0,131.0,,416.0,2182.0,446.0,,3922.0,,,815.0,1103.0,
,1677.0,,,,994.0,155.0,,1371.0,,1551.0,,2547.0,815.0,,446.0,2347.0,448.0,,3939.0,,,1909.0,1642.0,
,114.0,,,,1362.0,1108.0,,1564.0,,1700.0,,2576.0,2743.0,,448.0,3642.0,1101.0,,1464.0,,,2743.0,2082.0,
,516.0,,,,1425.0,1637.0,,176.0,,1701.0,,2712.0,3623.0,,1101.0,1385.0,1103.0,,1565.0,,,3623.0,2288.0,
,658.0,,,,1527.0,2000.0,,684.0,,2110.0,,3353.0,1463.0,,1103.0,15.0,1642.0,,1987.0,,,1465.0,2320.0,
,742.0,,,,1802.0,2327.0,,2013.0,,2506.0,,3391.0,1465.0,,1642.0,344.0,2288.0,,3666.0,,,2242.0,2384.0,
,867.0,,,,1908.0,2862.0,,2141.0,,2512.0,,3592.0,2146.0,,2082.0,729.0,2320.0,,177.0,,,2460.0,2402.0,
,1049.0,,,,2134.0,3502.0,,2419.0,,2547.0,,3593.0,2242.0,,2288.0,1142.0,2384.0,,488.0,,,2588.0,2481.0,
,1204.0,,,,2322.0,3673.0,,2932.0,,2576.0,,3602.0,2460.0,,2320.0,2173.0,2402.0,,833.0,,,3281.0,2799.0,
,1210.0,,,,3488.0,3679.0,,3708.0,,2712.0,,3654.0,2588.0,,2402.0,2297.0,2481.0,,866.0,,,3312.0,2910.0,
,1289.0,,,,3804.0,3884.0,,4001.0,,3353.0,,3664.0,3281.0,,2799.0,2372.0,2799.0,,934.0,,,3509.0,3510.0,
,1559.0,,,,3027.0,90.0,,347.0,,3391.0,,3917.0,3312.0,,2910.0,2500.0,2910.0,,1551.0,,,3518.0,3514.0,
,1577.0,,,,120.0,679.0,,752.0,,3592.0,,3925.0,3509.0,,3510.0,2573.0,3510.0,,1700.0,,,3543.0,3549.0,
,1697.0,,,,148.0,1371.0,,1520.0,,3593.0,,1894.0,3518.0,,3514.0,2915.0,3514.0,,1701.0,,,3651.0,3680.0,
,1792.0,,,,735.0,1564.0,,1546.0,,3602.0,,2980.0,3543.0,,3549.0,3219.0,3549.0,,2110.0,,,3946.0,131.0,
,1831.0,,,,929.0,176.0,,2339.0,,3654.0,,767.0,3651.0,,3680.0,3302.0,3680.0,,2506.0,,,129.0,815.0,
,2029.0,,,,1920.0,684.0,,3020.0,,3664.0,,768.0,4019.0,,131.0,3466.0,3900.0,,2512.0,,,1286.0,2743.0,
,2031.0,,,,3212.0,2013.0,,3484.0,,3917.0,,1054.0,129.0,,815.0,3590.0,131.0,,2547.0,,,3474.0,3623.0,
,2072.0,,,,145.0,2141.0,,3580.0,,3925.0,,1731.0,1286.0,,2743.0,3689.0,815.0,,2576.0,,,173.0,1463.0,
,2086.0,,,,1029.0,2419.0,,3886.0,,1894.0,,1910.0,3474.0,,3623.0,3739.0,1909.0,,2712.0,,,181.0,1465.0,
,2161.0,,,,1213.0,3708.0,,648.0,,2980.0,,2454.0,173.0,,1463.0,3781.0,2743.0,,3353.0,,,463.0,2146.0,
,2196.0,,,,1938.0,4001.0,,2093.0,,767.0,,2882.0,181.0,,1465.0,3899.0,3623.0,,3391.0,,,757.0,2242.0,
,2318.0,,,,2236.0,347.0,,2202.0,,768.0,,3346.0,463.0,,2146.0,3956.0,1463.0,,3592.0,,,1260.0,2460.0,
,2321.0,,,,2437.0,752.0,,2653.0,,1054.0,,3533.0,757.0,,2242.0,22.0,1465.0,,3593.0,,,1960.0,2588.0,
,2383.0,,,,2549.0,1520.0,,2870.0,,1731.0,,3855.0,1260.0,,2460.0,74.0,2146.0,,3602.0,,,2589.0,3281.0,
,2674.0,,,,3089.0,1546.0,,158.0,,1910.0,,180.0,1960.0,,2588.0,619.0,2242.0,,3654.0,,,3892.0,3312.0,
,2843.0,,,,3574.0,2339.0,,592.0,,2454.0,,974.0,2589.0,,3281.0,1345.0,2460.0,,3664.0,,,3923.0,3509.0,
,2977.0,,,,3926.0,3020.0,,681.0,,2882.0,,996.0,2937.0,,3312.0,1580.0,3281.0,,3917.0,,,665.0,3518.0,
,3289.0,,,,2276.0,3484.0,,981.0,,3346.0,,1397.0,3046.0,,3509.0,1928.0,3312.0,,3925.0,,,447.0,3543.0,
,3376.0,,,,2480.0,3580.0,,1064.0,,3533.0,,1829.0,3892.0,,3518.0,2210.0,3509.0,,1894.0,,,555.0,3651.0,
,3469.0,,,,2529.0,3886.0,,1158.0,,3855.0,,438.0,3923.0,,3543.0,2221.0,3518.0,,2980.0,,,2444.0,3946.0,
,3562.0,,,,2570.0,648.0,,1400.0,,180.0,,1562.0,665.0,,3651.0,2703.0,3543.0,,767.0,,,1693.0,4019.0,
,3628.0,,,,2791.0,2093.0,,1449.0,,974.0,,2389.0,447.0,,3946.0,3234.0,3651.0,,768.0,,,2609.0,129.0,
,3866.0,,,,3776.0,2202.0,,1709.0,,996.0,,2535.0,555.0,,4019.0,3334.0,3946.0,,1054.0,,,3433.0,1286.0,
,3936.0,,,,4016.0,2580.0,,1710.0,,1397.0,,2573.0,2444.0,,129.0,3390.0,4019.0,,1731.0,,,3536.0,3474.0,
,4052.0,,,,269.0,2653.0,,1893.0,,1829.0,,2612.0,255.0,,1286.0,3662.0,129.0,,1910.0,,,3597.0,173.0,
,639.0,,,,1172.0,64.0,,3377.0,,438.0,,3225.0,1693.0,,3474.0,3711.0,1286.0,,2454.0,,,2184.0,181.0,
,1695.0,,,,79.0,158.0,,1873.0,,1562.0,,3297.0,2609.0,,173.0,3839.0,3474.0,,2882.0,,,946.0,463.0,
,1733.0,,,,587.0,681.0,,3222.0,,2389.0,,3466.0,3433.0,,181.0,3890.0,173.0,,3346.0,,,1696.0,757.0,
,133.0,,,,1320.0,981.0,,222.0,,2535.0,,3605.0,3536.0,,463.0,3970.0,181.0,,3533.0,,,3029.0,1260.0,
,195.0,,,,1879.0,1064.0,,267.0,,2573.0,,3640.0,3597.0,,757.0,12.0,536.0,,3855.0,,,266.0,1960.0,
,574.0,,,,1991.0,1158.0,,283.0,,2612.0,,3729.0,2184.0,,1260.0,47.0,757.0,,180.0,,,556.0,2589.0,
,645.0,,,,434.0,1400.0,,416.0,,3225.0,,115.0,946.0,,1960.0,243.0,1260.0,,974.0,,,1362.0,2937.0,
,3472.0,,,,2433.0,1449.0,,446.0,,3297.0,,611.0,1696.0,,2589.0,1451.0,1960.0,,996.0,,,1425.0,3046.0,
,424.0,,,,854.0,1709.0,,448.0,,3466.0,,1738.0,3029.0,,2937.0,1936.0,2589.0,,1397.0,,,1527.0,3892.0,
,440.0,,,,1321.0,1710.0,,1101.0,,3605.0,,216.0,266.0,,3046.0,3623.0,2937.0,,1829.0,,,1802.0,3923.0,
,3166.0,,,,2139.0,1893.0,,1103.0,,3640.0,,392.0,556.0,,3892.0,1172.0,3046.0,,438.0,,,1908.0,665.0,
,1140.0,,,,2204.0,3377.0,,1642.0,,3729.0,,704.0,994.0,,3923.0,132.0,3892.0,,1562.0,,,2134.0,447.0,
,2775.0,,,,2315.0,1873.0,,2288.0,,115.0,,810.0,1362.0,,665.0,588.0,3923.0,,2389.0,,,2322.0,555.0,
,3254.0,,,,2382.0,3222.0,,2320.0,,611.0,,1207.0,1425.0,,447.0,2011.0,447.0,,2535.0,,,3488.0,2444.0,
,3889.0,,,,2532.0,222.0,,2384.0,,1738.0,,1402.0,1527.0,,555.0,281.0,555.0,,2573.0,,,3804.0,255.0,
,3998.0,,,,3127.0,267.0,,2799.0,,216.0,,2066.0,1802.0,,2444.0,310.0,2444.0,,2612.0,,,120.0,1693.0,
,2198.0,,,,3575.0,283.0,,2910.0,,392.0,,2534.0,2134.0,,255.0,376.0,255.0,,3225.0,,,148.0,2609.0,
,2587.0,,,,3737.0,416.0,,3510.0,,704.0,,3086.0,2322.0,,1693.0,538.0,1693.0,,3297.0,,,735.0,3433.0,
,2689.0,,,,3922.0,446.0,,3514.0,,810.0,,3952.0,3488.0,,2609.0,649.0,2609.0,,3466.0,,,929.0,3536.0,
,3383.0,,,,3939.0,448.0,,3549.0,,1207.0,,4089.0,3804.0,,3433.0,680.0,3433.0,,3605.0,,,3212.0,3597.0,
,3637.0,,,,1464.0,1101.0,,3680.0,,1402.0,,846.0,3027.0,,3536.0,727.0,3536.0,,3640.0,,,3703.0,2184.0,
,3929.0,,,,1565.0,1103.0,,131.0,,2066.0,,913.0,120.0,,3597.0,807.0,3597.0,,3729.0,,,145.0,946.0,
,3943.0,,,,1987.0,1642.0,,815.0,,2534.0,,966.0,148.0,,2184.0,968.0,2184.0,,115.0,,,1029.0,1696.0,
,2528.0,,,,3666.0,2082.0,,2743.0,,3086.0,,1312.0,735.0,,946.0,970.0,1696.0,,611.0,,,1213.0,3029.0,
,3732.0,,,,177.0,2288.0,,3623.0,,3952.0,,1813.0,929.0,,1696.0,1032.0,3029.0,,1738.0,,,1938.0,266.0,
,1967.0,,,,488.0,2320.0,,1463.0,,4089.0,,1933.0,1920.0,,3029.0,1081.0,266.0,,216.0,,,2236.0,556.0,
,3621.0,,,,833.0,2384.0,,1465.0,,846.0,,2920.0,3212.0,,556.0,1137.0,556.0,,392.0,,,2437.0,994.0,
,31.0,,,,866.0,2402.0,,2146.0,,913.0,,3848.0,3703.0,,994.0,1240.0,994.0,,704.0,,,2549.0,1362.0,
,3133.0,,,,934.0,2481.0,,2242.0,,966.0,,391.0,145.0,,1362.0,1261.0,1527.0,,810.0,,,2616.0,1425.0,
,9.0,,,,1551.0,2799.0,,2460.0,,1312.0,,582.0,1029.0,,1425.0,1327.0,1802.0,,1207.0,,,3089.0,1527.0,
,680.0,,,,1700.0,2910.0,,2588.0,,1813.0,,1168.0,1213.0,,1527.0,1471.0,1908.0,,1402.0,,,3574.0,1802.0,
,778.0,,,,1701.0,3510.0,,3281.0,,1933.0,,3402.0,1938.0,,1802.0,1589.0,2134.0,,2066.0,,,3926.0,2134.0,
,3185.0,,,,2110.0,3514.0,,3312.0,,2920.0,,4102.0,2236.0,,2134.0,1626.0,2322.0,,2534.0,,,2276.0,2322.0,
,3398.0,,,,2512.0,3549.0,,3509.0,,3848.0,,473.0,2437.0,,2322.0,1659.0,3488.0,,3086.0,,,2480.0,3488.0,
,155.0,,,,2547.0,3680.0,,3518.0,,391.0,,634.0,2549.0,,3488.0,1740.0,3804.0,,3952.0,,,2529.0,3804.0,
,1108.0,,,,2576.0,3900.0,,3543.0,,582.0,,1646.0,2616.0,,3804.0,2269.0,3027.0,,4089.0,,,2570.0,3027.0,
,1637.0,,,,2712.0,131.0,,3651.0,,1168.0,,1821.0,3089.0,,3027.0,2321.0,120.0,,846.0,,,2791.0,148.0,
,2537.0,,,,3353.0,815.0,,3946.0,,3402.0,,2748.0,3574.0,,120.0,2348.0,148.0,,913.0,,,3776.0,735.0,
,2862.0,,,,3391.0,1909.0,,4019.0,,4102.0,,3785.0,3926.0,,148.0,2386.0,735.0,,966.0,,,4016.0,929.0,
,3502.0,,,,3592.0,2743.0,,129.0,,473.0,,154.0,2276.0,,735.0,2422.0,1920.0,,1312.0,,,269.0,1920.0,
,3674.0,,,,3593.0,3623.0,,1286.0,,634.0,,1170.0,2480.0,,929.0,2425.0,3212.0,,1813.0,,,1172.0,3212.0,
,3679.0,,,,3602.0,1463.0,,3474.0,,1646.0,,432.0,2529.0,,1920.0,2465.0,145.0,,1933.0,,,79.0,3703.0,
,3884.0,,,,3654.0,1465.0,,173.0,,1821.0,,2924.0,2570.0,,3212.0,2595.0,1029.0,,2920.0,,,587.0,145.0,
,90.0,,,,3664.0,2146.0,,181.0,,2748.0,,250.0,2791.0,,3703.0,2644.0,1213.0,,3848.0,,,1320.0,1029.0,
,679.0,,,,3917.0,2242.0,,463.0,,3785.0,,693.0,3776.0,,145.0,2734.0,1938.0,,391.0,,,1879.0,1213.0,
,1371.0,,,,3925.0,2588.0,,757.0,,154.0,,970.0,4016.0,,1029.0,3165.0,2236.0,,582.0,,,1991.0,1938.0,
,1564.0,,,,1894.0,3509.0,,1260.0,,1170.0,,2237.0,269.0,,1213.0,3416.0,2437.0,,1168.0,,,434.0,2236.0,
,176.0,,,,2980.0,3518.0,,1960.0,,432.0,,2381.0,1172.0,,1938.0,3483.0,2549.0,,3402.0,,,2433.0,2437.0,
,684.0,,,,767.0,3543.0,,2589.0,,2924.0,,2556.0,587.0,,2236.0,3504.0,2616.0,,4102.0,,,854.0,2549.0,
,2013.0,,,,768.0,3651.0,,3046.0,,250.0,,2558.0,1320.0,,2437.0,3656.0,3089.0,,473.0,,,1321.0,2616.0,
,2141.0,,,,1054.0,3946.0,,3892.0,,693.0,,2886.0,1879.0,,2549.0,3695.0,3574.0,,634.0,,,2139.0,3089.0,
,2419.0,,,,1731.0,4019.0,,3923.0,,970.0,,2946.0,1991.0,,3089.0,3764.0,3926.0,,1646.0,,,2204.0,3574.0,
,2932.0,,,,1910.0,129.0,,665.0,,2237.0,,3416.0,434.0,,3574.0,3816.0,2276.0,,1821.0,,,2315.0,3926.0,
,3708.0,,,,2454.0,1286.0,,447.0,,2381.0,,3504.0,2433.0,,3926.0,3948.0,2480.0,,2748.0,,,2382.0,2276.0,
,4001.0,,,,2882.0,3474.0,,555.0,,2556.0,,3755.0,854.0,,2276.0,4048.0,2529.0,,3785.0,,,2532.0,2480.0,
,347.0,,,,3346.0,173.0,,2444.0,,2558.0,,3881.0,1321.0,,2480.0,4052.0,2570.0,,154.0,,,3127.0,2529.0,
,752.0,,,,3533.0,181.0,,255.0,,2886.0,,4030.0,2139.0,,2529.0,3169.0,2791.0,,1170.0,,,3575.0,2570.0,
,1520.0,,,,3855.0,463.0,,1693.0,,2946.0,,4081.0,2315.0,,2570.0,1208.0,3776.0,,432.0,,,3737.0,2791.0,
,1546.0,,,,974.0,536.0,,2609.0,,3416.0,,312.0,2382.0,,2791.0,1512.0,4016.0,,2924.0,,,3922.0,3776.0,
,2339.0,,,,996.0,757.0,,3433.0,,3504.0,,332.0,2532.0,,3776.0,1695.0,269.0,,250.0,,,3939.0,4016.0,
,3020.0,,,,1829.0,1260.0,,3536.0,,3755.0,,668.0,3127.0,,4016.0,56.0,1172.0,,693.0,,,1464.0,269.0,
,3484.0,,,,438.0,1960.0,,3597.0,,3881.0,,1164.0,3575.0,,269.0,170.0,79.0,,970.0,,,1987.0,1172.0,
,3580.0,,,,1562.0,2589.0,,2184.0,,4030.0,,1176.0,3737.0,,1172.0,395.0,587.0,,2237.0,,,3666.0,587.0,
,3886.0,,,,2389.0,2937.0,,946.0,,4081.0,,1218.0,3922.0,,587.0,872.0,1320.0,,2381.0,,,177.0,1320.0,
,648.0,,,,2535.0,3046.0,,1696.0,,312.0,,1453.0,3939.0,,1320.0,915.0,1879.0,,2556.0,,,488.0,1879.0,
,2093.0,,,,2573.0,3892.0,,3029.0,,332.0,,2750.0,1464.0,,1879.0,1454.0,1991.0,,2558.0,,,833.0,1991.0,
,2202.0,,,,2612.0,3923.0,,556.0,,668.0,,2806.0,1565.0,,1991.0,1487.0,434.0,,2886.0,,,866.0,434.0,
,2653.0,,,,3225.0,665.0,,994.0,,1164.0,,2823.0,1987.0,,434.0,1594.0,2433.0,,2946.0,,,934.0,2433.0,
,2870.0,,,,3297.0,447.0,,1362.0,,1176.0,,3114.0,3666.0,,2433.0,1629.0,854.0,,3416.0,,,1551.0,854.0,
,158.0,,,,3466.0,555.0,,1425.0,,1218.0,,3938.0,177.0,,854.0,3161.0,1321.0,,3504.0,,,1700.0,1321.0,
,592.0,,,,3605.0,2444.0,,1527.0,,1453.0,,3944.0,833.0,,1321.0,3309.0,2139.0,,3755.0,,,1701.0,2139.0,
,681.0,,,,3640.0,255.0,,1802.0,,2750.0,,887.0,866.0,,2139.0,3691.0,2204.0,,3881.0,,,2110.0,2315.0,
,981.0,,,,3729.0,1693.0,,2134.0,,2806.0,,1147.0,934.0,,2315.0,83.0,2315.0,,4030.0,,,2506.0,2382.0,
,1064.0,,,,115.0,2609.0,,2322.0,,2823.0,,1615.0,1551.0,,2382.0,152.0,2382.0,,4081.0,,,2512.0,2532.0,
,1158.0,,,,611.0,3536.0,,3488.0,,3114.0,,1679.0,2110.0,,2532.0,280.0,2532.0,,332.0,,,2547.0,3127.0,
,1400.0,,,,1738.0,2184.0,,3804.0,,3938.0,,1997.0,2506.0,,3127.0,678.0,3127.0,,668.0,,,2576.0,3575.0,
,1449.0,,,,216.0,946.0,,3027.0,,3944.0,,3921.0,2512.0,,3575.0,981.0,3575.0,,1164.0,,,2712.0,3737.0,
,1709.0,,,,392.0,1696.0,,120.0,,887.0,,455.0,2547.0,,3737.0,1010.0,3737.0,,1176.0,,,3353.0,3922.0,
,1710.0,,,,704.0,3029.0,,148.0,,1147.0,,945.0,2576.0,,3922.0,1115.0,3922.0,,1218.0,,,3391.0,3939.0,
,1893.0,,,,810.0,266.0,,735.0,,1615.0,,1576.0,2712.0,,3939.0,1265.0,3939.0,,1453.0,,,3592.0,1464.0,
,3377.0,,,,1207.0,556.0,,929.0,,1679.0,,2974.0,3391.0,,1464.0,1881.0,1464.0,,2750.0,,,3593.0,1565.0,
,1873.0,,,,1402.0,994.0,,1920.0,,1997.0,,1092.0,3592.0,,1565.0,2701.0,1565.0,,2806.0,,,3602.0,1987.0,
,3222.0,,,,2066.0,1362.0,,3212.0,,3921.0,,1965.0,3593.0,,1987.0,2742.0,1987.0,,2823.0,,,3654.0,3666.0,
,222.0,,,,2534.0,1425.0,,3703.0,,455.0,,1283.0,3602.0,,3666.0,3068.0,3666.0,,3114.0,,,3664.0,177.0,
,267.0,,,,3086.0,1527.0,,145.0,,945.0,,653.0,3654.0,,177.0,3077.0,177.0,,3938.0,,,3917.0,833.0,
,283.0,,,,3952.0,1802.0,,1029.0,,1576.0,,2011.0,3917.0,,833.0,3793.0,488.0,,3944.0,,,3925.0,866.0,
,416.0,,,,4089.0,1908.0,,1213.0,,2974.0,,282.0,3925.0,,866.0,1620.0,833.0,,887.0,,,1894.0,934.0,
,446.0,,,,846.0,2134.0,,1938.0,,1092.0,,370.0,1894.0,,934.0,1220.0,866.0,,1147.0,,,2980.0,1551.0,
,448.0,,,,913.0,2322.0,,2236.0,,1965.0,,381.0,2980.0,,1551.0,2108.0,1551.0,,1615.0,,,767.0,2110.0,
,1101.0,,,,966.0,3804.0,,2437.0,,1283.0,,385.0,767.0,,2110.0,2171.0,1700.0,,1679.0,,,768.0,2512.0,
,1103.0,,,,1312.0,3027.0,,2549.0,,653.0,,472.0,768.0,,2512.0,2306.0,1701.0,,1997.0,,,1054.0,2547.0,
,1642.0,,,,1813.0,120.0,,3089.0,,2011.0,,499.0,1054.0,,2547.0,2594.0,2110.0,,3921.0,,,1731.0,2576.0,
,2288.0,,,,1933.0,148.0,,3574.0,,282.0,,586.0,1731.0,,2576.0,2621.0,2512.0,,455.0,,,1910.0,2712.0,
,2320.0,,,,2920.0,735.0,,3926.0,,370.0,,630.0,2454.0,,2712.0,2822.0,2547.0,,945.0,,,2454.0,3391.0,
,2384.0,,,,3848.0,929.0,,2276.0,,381.0,,644.0,2882.0,,3391.0,2844.0,2576.0,,1576.0,,,2882.0,3592.0,
,2799.0,,,,391.0,1920.0,,2480.0,,385.0,,770.0,3346.0,,3592.0,3221.0,2712.0,,2974.0,,,3346.0,3593.0,
,2910.0,,,,582.0,3212.0,,2529.0,,472.0,,1018.0,3533.0,,3593.0,3552.0,3353.0,,1092.0,,,3533.0,3602.0,
,3510.0,,,,1168.0,3703.0,,2570.0,,499.0,,1038.0,3855.0,,3602.0,3630.0,3391.0,,1965.0,,,180.0,3654.0,
,3514.0,,,,3402.0,145.0,,2791.0,,586.0,,1060.0,180.0,,3654.0,3814.0,3592.0,,1283.0,,,974.0,3917.0,
,3549.0,,,,4102.0,1029.0,,3776.0,,630.0,,1069.0,974.0,,3917.0,4021.0,3593.0,,653.0,,,996.0,3925.0,
,3680.0,,,,473.0,1213.0,,4016.0,,644.0,,1231.0,996.0,,3925.0,499.0,3602.0,,2011.0,,,1397.0,1894.0,
,131.0,,,,1646.0,1938.0,,269.0,,770.0,,1249.0,1397.0,,1894.0,3270.0,3654.0,,282.0,,,1829.0,2980.0,
,815.0,,,,1821.0,2236.0,,1172.0,,1018.0,,1295.0,1829.0,,2980.0,1821.0,3664.0,,370.0,,,438.0,767.0,
,2743.0,,,,2748.0,2437.0,,587.0,,1038.0,,1369.0,438.0,,767.0,2391.0,3917.0,,381.0,,,1562.0,768.0,
,3623.0,,,,154.0,2616.0,,1320.0,,1060.0,,1550.0,1562.0,,1054.0,2657.0,3925.0,,385.0,,,2389.0,1054.0,
,1463.0,,,,1170.0,3089.0,,1879.0,,1069.0,,1569.0,2389.0,,1731.0,2930.0,1894.0,,472.0,,,2535.0,1731.0,
,1465.0,,,,432.0,3574.0,,1991.0,,1231.0,,1652.0,2535.0,,2454.0,2971.0,2980.0,,499.0,,,2573.0,2454.0,
,2146.0,,,,2924.0,3926.0,,434.0,,1249.0,,1876.0,2573.0,,2882.0,3112.0,767.0,,586.0,,,2612.0,2882.0,
,2242.0,,,,250.0,2276.0,,2433.0,,1295.0,,1923.0,2612.0,,3346.0,143.0,768.0,,630.0,,,3225.0,3346.0,
,2460.0,,,,693.0,2480.0,,854.0,,1369.0,,1953.0,3225.0,,3533.0,382.0,1054.0,,644.0,,,3297.0,3855.0,
,2588.0,,,,970.0,2529.0,,1321.0,,1550.0,,1984.0,3297.0,,3855.0,829.0,1731.0,,770.0,,,3466.0,180.0,
,3281.0,,,,2237.0,2570.0,,2315.0,,1569.0,,1993.0,3466.0,,180.0,1012.0,1910.0,,1018.0,,,3605.0,974.0,
,3312.0,,,,2381.0,2791.0,,2382.0,,1652.0,,2058.0,3605.0,,974.0,1116.0,2454.0,,1038.0,,,3640.0,996.0,
,3509.0,,,,2556.0,3776.0,,2532.0,,1876.0,,2084.0,3640.0,,996.0,1133.0,2882.0,,1060.0,,,3729.0,1829.0,
,3543.0,,,,2558.0,4016.0,,3127.0,,1923.0,,2128.0,3729.0,,1397.0,1692.0,3346.0,,1069.0,,,115.0,438.0,
,3946.0,,,,2886.0,269.0,,3575.0,,1953.0,,2165.0,611.0,,1829.0,1735.0,3533.0,,1231.0,,,216.0,1562.0,
,4019.0,,,,2946.0,1172.0,,3737.0,,1984.0,,2224.0,1738.0,,1562.0,2230.0,974.0,,1249.0,,,392.0,2389.0,
,129.0,,,,3416.0,587.0,,3922.0,,1993.0,,2302.0,216.0,,2389.0,3304.0,996.0,,1295.0,,,704.0,2535.0,
,1286.0,,,,3504.0,1320.0,,3939.0,,2058.0,,2462.0,392.0,,2535.0,3807.0,1397.0,,1369.0,,,810.0,2573.0,
,3474.0,,,,3755.0,1879.0,,1464.0,,2084.0,,2660.0,704.0,,2573.0,10.0,1829.0,,1550.0,,,1207.0,2612.0,
,173.0,,,,3881.0,1991.0,,1565.0,,2128.0,,2698.0,810.0,,2612.0,37.0,438.0,,1569.0,,,1402.0,3225.0,
,181.0,,,,4030.0,434.0,,1987.0,,2165.0,,2739.0,1207.0,,3225.0,55.0,1562.0,,1652.0,,,2066.0,3297.0,
,463.0,,,,312.0,2433.0,,3666.0,,2224.0,,2822.0,1402.0,,3297.0,238.0,2389.0,,1876.0,,,2534.0,3466.0,
,757.0,,,,332.0,854.0,,177.0,,2302.0,,3184.0,2066.0,,3466.0,447.0,2535.0,,1923.0,,,3952.0,3605.0,
,1260.0,,,,668.0,1321.0,,833.0,,2462.0,,3226.0,2534.0,,3605.0,463.0,2573.0,,1953.0,,,4089.0,3640.0,
,1960.0,,,,1164.0,2139.0,,866.0,,2660.0,,3270.0,3952.0,,3640.0,881.0,2612.0,,1984.0,,,846.0,3729.0,
,2589.0,,,,1176.0,2204.0,,934.0,,2698.0,,3322.0,4089.0,,3729.0,977.0,3225.0,,1993.0,,,913.0,611.0,
,3046.0,,,,1218.0,2382.0,,1551.0,,2739.0,,3334.0,846.0,,611.0,2482.0,3297.0,,2058.0,,,966.0,1738.0,
,3892.0,,,,1453.0,3127.0,,2110.0,,2822.0,,3367.0,913.0,,1738.0,2614.0,3466.0,,2084.0,,,1312.0,216.0,
,3923.0,,,,2750.0,3575.0,,2512.0,,3184.0,,3458.0,966.0,,216.0,2760.0,3605.0,,2165.0,,,1933.0,392.0,
,665.0,,,,2806.0,3737.0,,2547.0,,3226.0,,3535.0,1312.0,,392.0,2826.0,3640.0,,2302.0,,,2920.0,704.0,
,447.0,,,,2823.0,3922.0,,2576.0,,3270.0,,3546.0,1813.0,,704.0,2937.0,3729.0,,2462.0,,,3848.0,810.0,
,555.0,,,,3114.0,3939.0,,2712.0,,3322.0,,3591.0,1933.0,,810.0,2994.0,115.0,,2660.0,,,391.0,1207.0,
,2444.0,,,,3938.0,1464.0,,3391.0,,3334.0,,3663.0,2920.0,,1402.0,3046.0,611.0,,2698.0,,,582.0,1402.0,
,255.0,,,,3944.0,1565.0,,3592.0,,3367.0,,3711.0,3848.0,,2066.0,3286.0,1738.0,,2739.0,,,1168.0,2066.0,
,1693.0,,,,887.0,1987.0,,3593.0,,3458.0,,3752.0,391.0,,2534.0,3661.0,216.0,,2822.0,,,3402.0,2534.0,
,2609.0,,,,1147.0,177.0,,3602.0,,3535.0,,3765.0,582.0,,3952.0,3751.0,392.0,,3184.0,,,4102.0,3952.0,
,3433.0,,,,1615.0,488.0,,3917.0,,3546.0,,3771.0,3402.0,,4089.0,3817.0,704.0,,3226.0,,,473.0,4089.0,
,3536.0,,,,1679.0,833.0,,3925.0,,3591.0,,3857.0,4102.0,,846.0,3901.0,810.0,,3270.0,,,634.0,846.0,
,2184.0,,,,1997.0,866.0,,1894.0,,3663.0,,3888.0,634.0,,913.0,3923.0,1207.0,,3322.0,,,1646.0,913.0,
,946.0,,,,3921.0,934.0,,2980.0,,3711.0,,3970.0,1646.0,,966.0,1370.0,1402.0,,3334.0,,,2748.0,966.0,
,1696.0,,,,455.0,1551.0,,767.0,,3752.0,,4070.0,1821.0,,1312.0,1704.0,2066.0,,3367.0,,,3785.0,1312.0,
,3029.0,,,,945.0,1701.0,,1054.0,,3765.0,,4086.0,2748.0,,1813.0,1807.0,2534.0,,3458.0,,,154.0,1813.0,
,556.0,,,,1576.0,2506.0,,1731.0,,3771.0,,444.0,3785.0,,1933.0,2062.0,3086.0,,3535.0,,,1170.0,1933.0,
,994.0,,,,2974.0,2512.0,,2454.0,,3857.0,,1088.0,154.0,,2920.0,2950.0,3952.0,,3546.0,,,432.0,2920.0,
,1362.0,,,,1092.0,2576.0,,2882.0,,3888.0,,640.0,1170.0,,3848.0,3078.0,4089.0,,3591.0,,,2924.0,3848.0,
,1425.0,,,,1965.0,3353.0,,3346.0,,3970.0,,761.0,432.0,,391.0,3151.0,846.0,,3663.0,,,250.0,391.0,
,1527.0,,,,1283.0,3593.0,,3533.0,,4070.0,,3106.0,2924.0,,582.0,3524.0,913.0,,3711.0,,,693.0,582.0,
,1802.0,,,,653.0,3654.0,,3855.0,,4086.0,,570.0,250.0,,1168.0,3566.0,966.0,,3752.0,,,970.0,1168.0,
,2134.0,,,,2011.0,3664.0,,180.0,,444.0,,780.0,693.0,,3402.0,524.0,1312.0,,3765.0,,,2237.0,3402.0,
,2322.0,,,,282.0,1894.0,,974.0,,1088.0,,785.0,970.0,,4102.0,543.0,1813.0,,3771.0,,,2556.0,4102.0,
,3488.0,,,,370.0,2980.0,,996.0,,640.0,,2624.0,2237.0,,473.0,974.0,1933.0,,3857.0,,,2558.0,473.0,
,3804.0,,,,381.0,767.0,,1397.0,,761.0,,3245.0,2381.0,,634.0,984.0,2920.0,,3888.0,,,2886.0,634.0,
,3027.0,,,,385.0,768.0,,1829.0,,3106.0,,3941.0,2556.0,,1646.0,1705.0,3848.0,,3970.0,,,2946.0,1646.0,
,120.0,,,,472.0,1054.0,,438.0,,570.0,,525.0,2558.0,,1821.0,6.0,391.0,,4070.0,,,3416.0,1821.0,
,148.0,,,,499.0,1731.0,,1562.0,,780.0,,662.0,2886.0,,2748.0,530.0,582.0,,4086.0,,,3504.0,2748.0,
,735.0,,,,586.0,1910.0,,2389.0,,785.0,,1911.0,2946.0,,3785.0,557.0,1168.0,,444.0,,,3755.0,3785.0,
,929.0,,,,630.0,2454.0,,2535.0,,2624.0,,2472.0,3416.0,,154.0,856.0,3402.0,,1088.0,,,3881.0,154.0,
,1920.0,,,,644.0,2882.0,,2573.0,,3245.0,,3859.0,3504.0,,1170.0,323.0,4102.0,,640.0,,,4030.0,1170.0,
,3212.0,,,,770.0,3346.0,,2612.0,,3941.0,,288.0,3755.0,,432.0,724.0,473.0,,761.0,,,4081.0,432.0,
,3703.0,,,,1018.0,3533.0,,3225.0,,525.0,,753.0,3881.0,,2924.0,1044.0,1646.0,,3106.0,,,312.0,2924.0,
,145.0,,,,1038.0,3855.0,,3297.0,,662.0,,900.0,4030.0,,250.0,1129.0,1821.0,,570.0,,,332.0,250.0,
,1029.0,,,,1060.0,180.0,,3466.0,,1911.0,,1110.0,4081.0,,970.0,1132.0,2748.0,,780.0,,,668.0,693.0,
,1213.0,,,,1069.0,974.0,,3605.0,,2472.0,,2551.0,312.0,,2237.0,1362.0,154.0,,785.0,,,1164.0,970.0,
,1938.0,,,,1231.0,996.0,,3640.0,,3859.0,,3616.0,332.0,,2381.0,1670.0,1170.0,,2624.0,,,1176.0,2237.0,
,2236.0,,,,1249.0,1397.0,,3729.0,,288.0,,3659.0,668.0,,2556.0,2790.0,432.0,,3245.0,,,1218.0,2381.0,
,2437.0,,,,1295.0,1829.0,,611.0,,753.0,,3710.0,1164.0,,2558.0,2954.0,2924.0,,3941.0,,,1453.0,2556.0,
,2549.0,,,,1369.0,438.0,,1738.0,,900.0,,87.0,1176.0,,2886.0,3047.0,250.0,,525.0,,,2806.0,2558.0,
,3089.0,,,,1550.0,1562.0,,216.0,,1110.0,,217.0,1218.0,,2946.0,3359.0,693.0,,662.0,,,2823.0,2886.0,
,3574.0,,,,1569.0,2573.0,,392.0,,2551.0,,738.0,1453.0,,3416.0,2652.0,970.0,,1911.0,,,3114.0,2946.0,
,3926.0,,,,1652.0,3225.0,,704.0,,3616.0,,1452.0,2750.0,,3504.0,2880.0,2237.0,,2472.0,,,3938.0,3416.0,
,2276.0,,,,1876.0,3297.0,,810.0,,3659.0,,2290.0,2823.0,,3755.0,3011.0,2381.0,,3859.0,,,3944.0,3504.0,
,2480.0,,,,1923.0,3466.0,,1402.0,,3710.0,,2845.0,3938.0,,3881.0,4064.0,2556.0,,288.0,,,887.0,3755.0,
,2529.0,,,,1984.0,3605.0,,2066.0,,87.0,,2901.0,3944.0,,4030.0,2751.0,2558.0,,753.0,,,1147.0,3881.0,
,2570.0,,,,1993.0,3640.0,,2534.0,,217.0,,3113.0,887.0,,4081.0,3445.0,2886.0,,900.0,,,1615.0,4030.0,
,2791.0,,,,2058.0,115.0,,3952.0,,738.0,,3203.0,1615.0,,312.0,3582.0,2946.0,,1110.0,,,1679.0,4081.0,
,3776.0,,,,2084.0,611.0,,4089.0,,1452.0,,3326.0,1679.0,,332.0,2196.0,3416.0,,2551.0,,,1997.0,312.0,
,4016.0,,,,2128.0,1738.0,,846.0,,2290.0,,3505.0,3921.0,,668.0,3008.0,3504.0,,3616.0,,,3921.0,332.0,
,269.0,,,,2165.0,216.0,,913.0,,2845.0,,3566.0,455.0,,1164.0,3960.0,3881.0,,3659.0,,,455.0,668.0,
,1172.0,,,,2224.0,392.0,,966.0,,2901.0,,3870.0,945.0,,1176.0,2907.0,4030.0,,3710.0,,,945.0,1164.0,
,587.0,,,,2302.0,704.0,,1312.0,,3113.0,,3955.0,1576.0,,1218.0,4012.0,4081.0,,217.0,,,2974.0,1176.0,
,1320.0,,,,2462.0,810.0,,1813.0,,3203.0,,952.0,2974.0,,1453.0,577.0,312.0,,1452.0,,,1965.0,1218.0,
,1879.0,,,,2660.0,1207.0,,1933.0,,3326.0,,2155.0,1092.0,,2750.0,3744.0,668.0,,2290.0,,,1283.0,1453.0,
,1991.0,,,,2698.0,1402.0,,2920.0,,3505.0,,2893.0,1965.0,,2823.0,1840.0,1176.0,,2845.0,,,653.0,2750.0,
,434.0,,,,2739.0,2066.0,,3848.0,,3566.0,,2895.0,1283.0,,3938.0,4068.0,1218.0,,2901.0,,,2011.0,2823.0,
,2433.0,,,,2822.0,2534.0,,391.0,,3870.0,,3016.0,653.0,,3944.0,1879.0,1453.0,,3113.0,,,282.0,3938.0,
,854.0,,,,3184.0,3086.0,,582.0,,3955.0,,3761.0,2011.0,,887.0,2003.0,2750.0,,3203.0,,,370.0,3944.0,
,1321.0,,,,3226.0,4089.0,,1168.0,,952.0,,3763.0,282.0,,1615.0,1468.0,2806.0,,3326.0,,,381.0,887.0,
,2315.0,,,,3270.0,846.0,,3402.0,,2155.0,,530.0,370.0,,1997.0,2202.0,2823.0,,3505.0,,,385.0,1615.0,
,2382.0,,,,3322.0,913.0,,4102.0,,2893.0,,1253.0,381.0,,3921.0,3653.0,3114.0,,3566.0,,,472.0,1679.0,
,2532.0,,,,3334.0,966.0,,473.0,,2895.0,,1919.0,385.0,,455.0,275.0,3938.0,,3870.0,,,586.0,1997.0,
,3127.0,,,,3367.0,1312.0,,634.0,,3016.0,,3858.0,472.0,,945.0,2431.0,3944.0,,3955.0,,,630.0,3921.0,
,3575.0,,,,3458.0,1813.0,,1646.0,,3761.0,,3895.0,499.0,,1576.0,2198.0,887.0,,952.0,,,644.0,455.0,
,3737.0,,,,3535.0,1933.0,,1821.0,,3763.0,,149.0,586.0,,2974.0,2630.0,1147.0,,2155.0,,,770.0,945.0,
,3922.0,,,,3546.0,2920.0,,3785.0,,530.0,,175.0,630.0,,1092.0,3009.0,1615.0,,2893.0,,,1018.0,1576.0,
,3939.0,,,,3591.0,3848.0,,154.0,,1253.0,,318.0,644.0,,1965.0,2407.0,1679.0,,2895.0,,,1060.0,2974.0,
,1464.0,,,,3663.0,391.0,,1170.0,,1919.0,,383.0,770.0,,1283.0,911.0,1997.0,,3016.0,,,1069.0,1092.0,
,1565.0,,,,3711.0,582.0,,432.0,,3858.0,,654.0,1018.0,,653.0,3260.0,3921.0,,3763.0,,,1231.0,1965.0,
,1987.0,,,,3752.0,1168.0,,2924.0,,3895.0,,1190.0,1038.0,,2011.0,2241.0,455.0,,530.0,,,1249.0,1283.0,
,3666.0,,,,3765.0,3402.0,,250.0,,149.0,,1258.0,1060.0,,282.0,2271.0,945.0,,1253.0,,,1295.0,653.0,
,177.0,,,,3771.0,4102.0,,970.0,,175.0,,3373.0,1069.0,,370.0,3235.0,1576.0,,1919.0,,,1369.0,2011.0,
,833.0,,,,3857.0,473.0,,2237.0,,318.0,,47.0,1231.0,,381.0,3464.0,2974.0,,3858.0,,,1550.0,282.0,
,866.0,,,,3888.0,634.0,,2381.0,,383.0,,808.0,1295.0,,385.0,3922.0,1092.0,,3895.0,,,1652.0,370.0,
,934.0,,,,3970.0,1646.0,,2556.0,,654.0,,1233.0,1550.0,,472.0,2380.0,1965.0,,149.0,,,1876.0,381.0,
,1551.0,,,,4070.0,1821.0,,2558.0,,1190.0,,1877.0,1652.0,,499.0,2768.0,1283.0,,175.0,,,1923.0,385.0,
,2110.0,,,,4086.0,2748.0,,2886.0,,1258.0,,3150.0,1876.0,,586.0,3788.0,653.0,,318.0,,,1953.0,472.0,
,2512.0,,,,444.0,3785.0,,2946.0,,3373.0,,3164.0,1923.0,,644.0,3784.0,2011.0,,383.0,,,1984.0,499.0,
,2547.0,,,,1088.0,154.0,,3416.0,,47.0,,335.0,1953.0,,770.0,3458.0,282.0,,654.0,,,1993.0,586.0,
,2576.0,,,,640.0,1170.0,,3504.0,,808.0,,1265.0,1984.0,,1018.0,2076.0,370.0,,1190.0,,,2058.0,630.0,
,2712.0,,,,761.0,432.0,,3755.0,,1233.0,,1342.0,1993.0,,1038.0,2154.0,381.0,,1258.0,,,2084.0,644.0,
,3391.0,,,,3106.0,2924.0,,3881.0,,1877.0,,2953.0,2058.0,,1060.0,3654.0,385.0,,3373.0,,,2128.0,770.0,
,3592.0,,,,570.0,250.0,,4030.0,,3150.0,,65.0,2084.0,,1069.0,2850.0,472.0,,47.0,,,2165.0,1018.0,
,3593.0,,,,780.0,693.0,,4081.0,,3164.0,,106.0,2128.0,,1295.0,4082.0,499.0,,808.0,,,2224.0,1038.0,
,3602.0,,,,785.0,970.0,,312.0,,335.0,,201.0,2165.0,,1550.0,1343.0,586.0,,1233.0,,,2302.0,1060.0,
,3917.0,,,,2624.0,2237.0,,332.0,,1265.0,,505.0,2224.0,,1652.0,740.0,630.0,,1877.0,,,2462.0,1069.0,
,3925.0,,,,3245.0,2381.0,,668.0,,1342.0,,576.0,2302.0,,1876.0,3016.0,644.0,,3150.0,,,2660.0,1231.0,
,1894.0,,,,3941.0,2556.0,,1164.0,,2953.0,,600.0,2462.0,,1923.0,3763.0,770.0,,3164.0,,,2698.0,1295.0,
,2980.0,,,,525.0,2558.0,,1176.0,,65.0,,1153.0,2660.0,,1953.0,3394.0,1018.0,,335.0,,,2739.0,1550.0,
,767.0,,,,1911.0,2946.0,,1218.0,,106.0,,1384.0,2698.0,,1984.0,2083.0,1038.0,,1265.0,,,2822.0,1652.0,
,1054.0,,,,2472.0,3416.0,,1453.0,,201.0,,1715.0,2739.0,,1993.0,1828.0,1060.0,,1342.0,,,3184.0,1876.0,
,1731.0,,,,3859.0,3755.0,,2750.0,,505.0,,1827.0,2822.0,,2058.0,1679.0,1069.0,,2953.0,,,3226.0,1923.0,
,2454.0,,,,288.0,3881.0,,2823.0,,576.0,,2149.0,3184.0,,2084.0,3322.0,1231.0,,65.0,,,3270.0,1984.0,
,2882.0,,,,753.0,4030.0,,3938.0,,600.0,,2376.0,3226.0,,2128.0,3343.0,1249.0,,106.0,,,3322.0,1993.0,
,3346.0,,,,900.0,312.0,,3944.0,,1153.0,,2550.0,3270.0,,2165.0,2974.0,1295.0,,201.0,,,3334.0,2058.0,
,3533.0,,,,1110.0,332.0,,887.0,,1384.0,,3467.0,3322.0,,2224.0,3481.0,1369.0,,505.0,,,3367.0,2084.0,
,3855.0,,,,2551.0,668.0,,1615.0,,1715.0,,843.0,3367.0,,2302.0,296.0,1550.0,,576.0,,,3458.0,2128.0,
,180.0,,,,3616.0,1164.0,,3921.0,,1827.0,,1515.0,3458.0,,2462.0,3080.0,1569.0,,600.0,,,3535.0,2165.0,
,974.0,,,,3659.0,1176.0,,455.0,,2149.0,,2003.0,3535.0,,2660.0,4088.0,1652.0,,1153.0,,,3546.0,2224.0,
,996.0,,,,3710.0,1218.0,,945.0,,2376.0,,2157.0,3546.0,,2698.0,3771.0,1876.0,,1384.0,,,3591.0,2302.0,
,1397.0,,,,87.0,2750.0,,1576.0,,2550.0,,2197.0,3591.0,,2739.0,3178.0,1923.0,,1715.0,,,3663.0,2462.0,
,1829.0,,,,217.0,2806.0,,2974.0,,3467.0,,2213.0,3663.0,,2822.0,1507.0,1953.0,,1827.0,,,3711.0,2660.0,
,438.0,,,,738.0,2823.0,,1092.0,,843.0,,2267.0,3711.0,,3184.0,270.0,1984.0,,2149.0,,,3752.0,2698.0,
,1562.0,,,,1452.0,3944.0,,1965.0,,1515.0,,2370.0,3752.0,,3226.0,1901.0,1993.0,,2376.0,,,3765.0,2739.0,
,2389.0,,,,2290.0,887.0,,1283.0,,2003.0,,2552.0,3765.0,,3270.0,1568.0,2058.0,,3467.0,,,3771.0,2822.0,
,2535.0,,,,2845.0,1147.0,,653.0,,2157.0,,2916.0,3771.0,,3322.0,1251.0,2084.0,,843.0,,,3857.0,3184.0,
,2573.0,,,,2901.0,1615.0,,2011.0,,2197.0,,3183.0,3857.0,,3367.0,747.0,2128.0,,1515.0,,,3888.0,3226.0,
,2612.0,,,,3113.0,1679.0,,282.0,,2213.0,,3264.0,3888.0,,3458.0,330.0,2165.0,,2003.0,,,3970.0,3270.0,
,3225.0,,,,3203.0,1997.0,,370.0,,2267.0,,3453.0,3970.0,,3535.0,1326.0,2224.0,,2157.0,,,4086.0,3322.0,
,3297.0,,,,3326.0,3921.0,,381.0,,2370.0,,3667.0,4070.0,,3546.0,1650.0,2462.0,,2197.0,,,444.0,3367.0,
,3466.0,,,,3505.0,455.0,,385.0,,2552.0,,3669.0,4086.0,,3591.0,3629.0,2660.0,,2213.0,,,1088.0,3458.0,
,3605.0,,,,3566.0,945.0,,472.0,,2916.0,,4073.0,444.0,,3663.0,1267.0,2698.0,,2267.0,,,640.0,3535.0,
,3640.0,,,,3870.0,1576.0,,499.0,,3183.0,,4099.0,1088.0,,3711.0,248.0,2739.0,,2370.0,,,761.0,3546.0,
,3729.0,,,,3955.0,2974.0,,586.0,,3264.0,,4100.0,640.0,,3752.0,329.0,2822.0,,2552.0,,,3106.0,3591.0,
,611.0,,,,952.0,1092.0,,630.0,,3453.0,,295.0,761.0,,3765.0,1897.0,3184.0,,2916.0,,,780.0,3663.0,
,1738.0,,,,2155.0,1965.0,,644.0,,3667.0,,1055.0,3106.0,,3771.0,2576.0,3226.0,,3183.0,,,785.0,3711.0,
,216.0,,,,2893.0,1283.0,,770.0,,3669.0,,1412.0,570.0,,3857.0,3608.0,3270.0,,3264.0,,,2624.0,3752.0,
,392.0,,,,2895.0,653.0,,1018.0,,4073.0,,1865.0,780.0,,3888.0,2879.0,3322.0,,3453.0,,,3245.0,3765.0,
,704.0,,,,3016.0,2011.0,,1038.0,,4099.0,,2649.0,785.0,,3970.0,704.0,3334.0,,3667.0,,,3941.0,3771.0,
,810.0,,,,3761.0,282.0,,1060.0,,4100.0,,541.0,2624.0,,4070.0,95.0,3367.0,,3669.0,,,525.0,3857.0,
,1402.0,,,,3763.0,370.0,,1069.0,,295.0,,3044.0,3245.0,,4086.0,1243.0,3458.0,,4073.0,,,662.0,3888.0,
,2066.0,,,,530.0,381.0,,1295.0,,1055.0,,,3941.0,,444.0,2435.0,3535.0,,4099.0,,,1911.0,3970.0,
,2534.0,,,,1253.0,385.0,,1550.0,,1412.0,,,525.0,,1088.0,622.0,3546.0,,4100.0,,,2472.0,4070.0,
,3952.0,,,,3858.0,472.0,,1652.0,,1865.0,,,2472.0,,640.0,578.0,3591.0,,295.0,,,3859.0,4086.0,
,4089.0,,,,3895.0,499.0,,1876.0,,2649.0,,,3859.0,,761.0,3368.0,3663.0,,1055.0,,,288.0,444.0,
,846.0,,,,149.0,586.0,,1923.0,,541.0,,,288.0,,3106.0,3641.0,3711.0,,1412.0,,,753.0,1088.0,
,913.0,,,,175.0,630.0,,1953.0,,3044.0,,,753.0,,570.0,3777.0,3752.0,,1865.0,,,900.0,640.0,
,966.0,,,,318.0,644.0,,1984.0,,,,,1110.0,,780.0,4098.0,3765.0,,2649.0,,,1110.0,761.0,
,1312.0,,,,383.0,770.0,,1993.0,,,,,2551.0,,785.0,3655.0,3771.0,,541.0,,,2551.0,3106.0,
,1813.0,,,,654.0,1018.0,,2058.0,,,,,3659.0,,2624.0,285.0,3857.0,,3044.0,,,3616.0,570.0,
,1933.0,,,,1190.0,1038.0,,2084.0,,,,,3710.0,,3245.0,3813.0,3888.0,,,,,3659.0,780.0,
,2920.0,,,,1258.0,1060.0,,2128.0,,,,,87.0,,3941.0,4066.0,3970.0,,,,,3710.0,785.0,
,3848.0,,,,3373.0,1069.0,,2165.0,,,,,217.0,,525.0,38.0,4070.0,,,,,87.0,2624.0,
,391.0,,,,47.0,1231.0,,2224.0,,,,,738.0,,2472.0,198.0,4086.0,,,,,217.0,3245.0,
,582.0,,,,808.0,1249.0,,2302.0,,,,,1452.0,,3859.0,287.0,444.0,,,,,738.0,3941.0,
,1168.0,,,,1233.0,1295.0,,2462.0,,,,,2290.0,,288.0,2025.0,1088.0,,,,,2290.0,525.0,
,3402.0,,,,1877.0,1369.0,,2660.0,,,,,2845.0,,753.0,2505.0,640.0,,,,,2845.0,2472.0,
,4102.0,,,,3150.0,1550.0,,2698.0,,,,,2901.0,,1110.0,2646.0,761.0,,,,,2901.0,3859.0,
,473.0,,,,3164.0,1569.0,,2739.0,,,,,3203.0,,2551.0,3106.0,3106.0,,,,,3203.0,288.0,
,634.0,,,,335.0,1652.0,,2822.0,,,,,3326.0,,3659.0,1924.0,570.0,,,,,3326.0,753.0,
,1646.0,,,,1265.0,1876.0,,3184.0,,,,,3505.0,,3710.0,616.0,780.0,,,,,3505.0,1110.0,
,1821.0,,,,1342.0,1923.0,,3226.0,,,,,3566.0,,87.0,3564.0,785.0,,,,,3566.0,2551.0,
,2748.0,,,,2953.0,1953.0,,3270.0,,,,,3870.0,,217.0,213.0,2624.0,,,,,3870.0,3659.0,
,3785.0,,,,65.0,1984.0,,3322.0,,,,,3955.0,,1452.0,576.0,3245.0,,,,,3955.0,3710.0,
,154.0,,,,106.0,1993.0,,3367.0,,,,,2155.0,,2290.0,2289.0,3941.0,,,,,952.0,87.0,
,1170.0,,,,201.0,2058.0,,3458.0,,,,,2895.0,,2901.0,2849.0,525.0,,,,,2155.0,217.0,
,432.0,,,,505.0,2084.0,,3535.0,,,,,3016.0,,3203.0,1232.0,662.0,,,,,2893.0,738.0,
,2924.0,,,,576.0,2128.0,,3546.0,,,,,3763.0,,3326.0,181.0,1911.0,,,,,2895.0,1452.0,
,250.0,,,,600.0,2165.0,,3591.0,,,,,530.0,,3505.0,536.0,2472.0,,,,,3016.0,2290.0,
,970.0,,,,1153.0,2224.0,,3663.0,,,,,1253.0,,3566.0,800.0,3859.0,,,,,3761.0,2845.0,
,2237.0,,,,1384.0,2302.0,,3711.0,,,,,1919.0,,3870.0,2279.0,753.0,,,,,3763.0,3203.0,
,2381.0,,,,1715.0,2698.0,,3752.0,,,,,3858.0,,3955.0,2312.0,900.0,,,,,530.0,3326.0,
,2558.0,,,,1827.0,2739.0,,3765.0,,,,,3895.0,,2155.0,2393.0,1110.0,,,,,1253.0,3505.0,
,2886.0,,,,2149.0,2822.0,,3771.0,,,,,149.0,,2895.0,3173.0,2551.0,,,,,1919.0,3566.0,
,2946.0,,,,2376.0,3270.0,,3857.0,,,,,175.0,,3016.0,3760.0,3616.0,,,,,3858.0,3870.0,
,3416.0,,,,2550.0,3322.0,,3888.0,,,,,318.0,,3763.0,3783.0,3659.0,,,,,3895.0,3955.0,
,3504.0,,,,3467.0,3334.0,,3970.0,,,,,383.0,,530.0,1511.0,3710.0,,,,,149.0,2155.0,
,3755.0,,,,1515.0,3458.0,,4070.0,,,,,654.0,,1253.0,947.0,87.0,,,,,175.0,2895.0,
,3881.0,,,,2003.0,3535.0,,4086.0,,,,,1190.0,,1919.0,2983.0,217.0,,,,,318.0,3016.0,
,4030.0,,,,2157.0,3546.0,,444.0,,,,,1258.0,,3858.0,3435.0,738.0,,,,,383.0,3763.0,
,4081.0,,,,2197.0,3591.0,,1088.0,,,,,3373.0,,3895.0,1937.0,2290.0,,,,,654.0,530.0,
,312.0,,,,2213.0,3711.0,,640.0,,,,,47.0,,149.0,1145.0,2845.0,,,,,1190.0,1253.0,
,332.0,,,,2267.0,3752.0,,761.0,,,,,808.0,,175.0,2283.0,2901.0,,,,,1258.0,3858.0,
,668.0,,,,2370.0,3771.0,,3106.0,,,,,1233.0,,318.0,1347.0,3113.0,,,,,3373.0,3895.0,
,1164.0,,,,2552.0,3857.0,,570.0,,,,,1877.0,,383.0,1405.0,3203.0,,,,,47.0,149.0,
,1176.0,,,,2916.0,3970.0,,780.0,,,,,1265.0,,654.0,51.0,3326.0,,,,,1877.0,175.0,
,1218.0,,,,3183.0,4070.0,,785.0,,,,,1342.0,,1190.0,1663.0,3505.0,,,,,3150.0,383.0,
,1453.0,,,,3264.0,4086.0,,2624.0,,,,,2953.0,,1258.0,3541.0,3870.0,,,,,335.0,654.0,
,2750.0,,,,3453.0,444.0,,3245.0,,,,,65.0,,3373.0,1357.0,3955.0,,,,,1265.0,1190.0,
,2823.0,,,,3667.0,1088.0,,3941.0,,,,,106.0,,47.0,1805.0,952.0,,,,,1342.0,1258.0,
,3938.0,,,,3669.0,640.0,,525.0,,,,,201.0,,808.0,1895.0,2155.0,,,,,2953.0,3373.0,
,3944.0,,,,4073.0,761.0,,2472.0,,,,,505.0,,1233.0,2056.0,2893.0,,,,,65.0,808.0,
,887.0,,,,4099.0,3106.0,,288.0,,,,,576.0,,1877.0,2923.0,3016.0,,,,,106.0,1233.0,
,1615.0,,,,4100.0,570.0,,753.0,,,,,600.0,,1265.0,1826.0,3761.0,,,,,201.0,1877.0,
,3921.0,,,,295.0,780.0,,1110.0,,,,,1384.0,,1342.0,2748.0,3763.0,,,,,505.0,1265.0,
,455.0,,,,1055.0,785.0,,2551.0,,,,,1715.0,,2953.0,182.0,530.0,,,,,576.0,1342.0,
,945.0,,,,1412.0,2624.0,,3659.0,,,,,1827.0,,65.0,3248.0,1253.0,,,,,600.0,2953.0,
,1576.0,,,,1865.0,3245.0,,3710.0,,,,,2149.0,,106.0,3795.0,1919.0,,,,,1153.0,65.0,
,2974.0,,,,2649.0,3941.0,,87.0,,,,,2376.0,,201.0,2489.0,3858.0,,,,,1384.0,106.0,
,1092.0,,,,541.0,525.0,,217.0,,,,,2550.0,,505.0,3677.0,3895.0,,,,,1715.0,201.0,
,1965.0,,,,3044.0,662.0,,1452.0,,,,,3467.0,,576.0,3805.0,149.0,,,,,1827.0,505.0,
,1283.0,,,,,1911.0,,2290.0,,,,,843.0,,600.0,880.0,175.0,,,,,2149.0,576.0,
,653.0,,,,,2472.0,,2901.0,,,,,1515.0,,1384.0,972.0,318.0,,,,,2376.0,600.0,
,2011.0,,,,,3859.0,,3203.0,,,,,2003.0,,1715.0,1748.0,383.0,,,,,3467.0,1384.0,
,282.0,,,,,288.0,,3326.0,,,,,2157.0,,1827.0,1060.0,654.0,,,,,1515.0,1715.0,
,370.0,,,,,753.0,,3505.0,,,,,2197.0,,2149.0,2919.0,1190.0,,,,,2003.0,1827.0,
,381.0,,,,,900.0,,3566.0,,,,,2213.0,,2376.0,3697.0,3373.0,,,,,2157.0,2149.0,
,385.0,,,,,1110.0,,3870.0,,,,,2267.0,,2550.0,1049.0,47.0,,,,,2197.0,2376.0,
,472.0,,,,,2551.0,,3955.0,,,,,2370.0,,3467.0,1254.0,808.0,,,,,2267.0,2550.0,
,499.0,,,,,3616.0,,2155.0,,,,,2552.0,,843.0,1933.0,1233.0,,,,,2370.0,3467.0,
,586.0,,,,,3659.0,,2895.0,,,,,3183.0,,1515.0,3621.0,1877.0,,,,,2552.0,843.0,
,630.0,,,,,3710.0,,3016.0,,,,,3264.0,,2003.0,2667.0,3150.0,,,,,2916.0,1515.0,
,644.0,,,,,87.0,,3763.0,,,,,3453.0,,2157.0,1408.0,3164.0,,,,,3183.0,2003.0,
,770.0,,,,,217.0,,530.0,,,,,3667.0,,2197.0,212.0,335.0,,,,,3264.0,2157.0,
,1018.0,,,,,738.0,,1253.0,,,,,3669.0,,2213.0,2118.0,1265.0,,,,,3453.0,2197.0,
,1038.0,,,,,1452.0,,1919.0,,,,,4073.0,,2267.0,424.0,1342.0,,,,,3667.0,2213.0,
,1060.0,,,,,2845.0,,3858.0,,,,,4099.0,,2370.0,569.0,2953.0,,,,,3669.0,2267.0,
,1069.0,,,,,2901.0,,3895.0,,,,,295.0,,2552.0,472.0,106.0,,,,,4073.0,2370.0,
,1295.0,,,,,3113.0,,149.0,,,,,1055.0,,3183.0,1360.0,201.0,,,,,4099.0,2552.0,
,1550.0,,,,,3326.0,,175.0,,,,,1412.0,,3264.0,3218.0,505.0,,,,,4100.0,3183.0,
,1652.0,,,,,3566.0,,318.0,,,,,1865.0,,3453.0,2741.0,576.0,,,,,295.0,3264.0,
,1876.0,,,,,952.0,,383.0,,,,,2649.0,,3667.0,2761.0,600.0,,,,,1055.0,3453.0,
,1923.0,,,,,2155.0,,654.0,,,,,541.0,,3669.0,2926.0,1153.0,,,,,1412.0,3667.0,
,1953.0,,,,,2893.0,,1190.0,,,,,3044.0,,4073.0,2933.0,1384.0,,,,,1865.0,3669.0,
,1984.0,,,,,2895.0,,1258.0,,,,,,,4099.0,3498.0,1715.0,,,,,2649.0,4073.0,
,1993.0,,,,,3016.0,,3373.0,,,,,,,295.0,3660.0,1827.0,,,,,3044.0,4099.0,
,2058.0,,,,,3763.0,,47.0,,,,,,,1055.0,272.0,2149.0,,,,,,295.0,
,2084.0,,,,,530.0,,808.0,,,,,,,1412.0,345.0,2376.0,,,,,,1055.0,
,2128.0,,,,,1253.0,,1233.0,,,,,,,1865.0,506.0,2550.0,,,,,,1412.0,
,2165.0,,,,,1919.0,,1877.0,,,,,,,2649.0,3752.0,3467.0,,,,,,1865.0,
,2224.0,,,,,3858.0,,1342.0,,,,,,,541.0,3941.0,1515.0,,,,,,2649.0,
,2302.0,,,,,3895.0,,2953.0,,,,,,,3044.0,140.0,2003.0,,,,,,541.0,
,2462.0,,,,,149.0,,65.0,,,,,,,,752.0,2157.0,,,,,,3044.0,
,2660.0,,,,,175.0,,106.0,,,,,,,,896.0,2197.0,,,,,,,
,2698.0,,,,,318.0,,201.0,,,,,,,,2069.0,2213.0,,,,,,,
,2739.0,,,,,383.0,,505.0,,,,,,,,2180.0,2370.0,,,,,,,
,2822.0,,,,,654.0,,576.0,,,,,,,,2495.0,2552.0,,,,,,,
,3184.0,,,,,1190.0,,600.0,,,,,,,,3040.0,2916.0,,,,,,,
,3226.0,,,,,1258.0,,1384.0,,,,,,,,3051.0,3183.0,,,,,,,
,3270.0,,,,,3373.0,,1715.0,,,,,,,,3325.0,3453.0,,,,,,,
,3322.0,,,,,47.0,,1827.0,,,,,,,,136.0,3667.0,,,,,,,
,3367.0,,,,,808.0,,2149.0,,,,,,,,2743.0,4073.0,,,,,,,
,3458.0,,,,,1233.0,,2376.0,,,,,,,,900.0,4099.0,,,,,,,
,3535.0,,,,,1877.0,,2550.0,,,,,,,,3185.0,4100.0,,,,,,,
,3546.0,,,,,3150.0,,3467.0,,,,,,,,2163.0,295.0,,,,,,,
,3591.0,,,,,3164.0,,843.0,,,,,,,,2668.0,1055.0,,,,,,,
,3663.0,,,,,335.0,,1515.0,,,,,,,,2713.0,1412.0,,,,,,,
,3711.0,,,,,1265.0,,2003.0,,,,,,,,1280.0,1865.0,,,,,,,
,3752.0,,,,,1342.0,,2157.0,,,,,,,,269.0,2649.0,,,,,,,
,3765.0,,,,,2953.0,,2197.0,,,,,,,,779.0,541.0,,,,,,,
,3857.0,,,,,65.0,,2213.0,,,,,,,,407.0,3044.0,,,,,,,
,3888.0,,,,,106.0,,2267.0,,,,,,,,3092.0,,,,,,,,
,3970.0,,,,,201.0,,2370.0,,,,,,,,3257.0,,,,,,,,
,4070.0,,,,,505.0,,2552.0,,,,,,,,1572.0,,,,,,,,
,4086.0,,,,,576.0,,3183.0,,,,,,,,3809.0,,,,,,,,
,444.0,,,,,600.0,,3264.0,,,,,,,,922.0,,,,,,,,
,1088.0,,,,,1153.0,,3453.0,,,,,,,,146.0,,,,,,,,
,640.0,,,,,1715.0,,3667.0,,,,,,,,1649.0,,,,,,,,
,761.0,,,,,1827.0,,3669.0,,,,,,,,33.0,,,,,,,,
,3106.0,,,,,2149.0,,4073.0,,,,,,,,3862.0,,,,,,,,
,570.0,,,,,2376.0,,4099.0,,,,,,,,1404.0,,,,,,,,
,780.0,,,,,2550.0,,295.0,,,,,,,,552.0,,,,,,,,
,785.0,,,,,3467.0,,1055.0,,,,,,,,1656.0,,,,,,,,
,2624.0,,,,,843.0,,1412.0,,,,,,,,1859.0,,,,,,,,
,3245.0,,,,,1515.0,,1865.0,,,,,,,,2360.0,,,,,,,,
,3941.0,,,,,2003.0,,2649.0,,,,,,,,2451.0,,,,,,,,
,525.0,,,,,2157.0,,541.0,,,,,,,,2731.0,,,,,,,,
,2472.0,,,,,2197.0,,3044.0,,,,,,,,3434.0,,,,,,,,
,288.0,,,,,2213.0,,,,,,,,,,3511.0,,,,,,,,
,753.0,,,,,2267.0,,,,,,,,,,1245.0,,,,,,,,
,1110.0,,,,,2370.0,,,,,,,,,,273.0,,,,,,,,
,2551.0,,,,,2552.0,,,,,,,,,,1165.0,,,,,,,,
,3659.0,,,,,2916.0,,,,,,,,,,1646.0,,,,,,,,
,3710.0,,,,,3264.0,,,,,,,,,,2039.0,,,,,,,,
,87.0,,,,,3453.0,,,,,,,,,,3158.0,,,,,,,,
,217.0,,,,,3669.0,,,,,,,,,,180.0,,,,,,,,
,1452.0,,,,,4073.0,,,,,,,,,,1195.0,,,,,,,,
,2290.0,,,,,4099.0,,,,,,,,,,1645.0,,,,,,,,
,3203.0,,,,,4100.0,,,,,,,,,,1532.0,,,,,,,,
,3326.0,,,,,295.0,,,,,,,,,,2442.0,,,,,,,,
,3505.0,,,,,1055.0,,,,,,,,,,2575.0,,,,,,,,
,3566.0,,,,,1865.0,,,,,,,,,,2799.0,,,,,,,,
,3870.0,,,,,2649.0,,,,,,,,,,3396.0,,,,,,,,
,3955.0,,,,,541.0,,,,,,,,,,498.0,,,,,,,,
,2155.0,,,,,3044.0,,,,,,,,,,1564.0,,,,,,,,
,2895.0,,,,,,,,,,,,,,,1819.0,,,,,,,,
,3016.0,,,,,,,,,,,,,,,341.0,,,,,,,,
,3763.0,,,,,,,,,,,,,,,359.0,,,,,,,,
,530.0,,,,,,,,,,,,,,,647.0,,,,,,,,
,1253.0,,,,,,,,,,,,,,,1259.0,,,,,,,,
,1919.0,,,,,,,,,,,,,,,1914.0,,,,,,,,
,3858.0,,,,,,,,,,,,,,,2416.0,,,,,,,,
,3895.0,,,,,,,,,,,,,,,2725.0,,,,,,,,
,149.0,,,,,,,,,,,,,,,2839.0,,,,,,,,
,175.0,,,,,,,,,,,,,,,3103.0,,,,,,,,
,318.0,,,,,,,,,,,,,,,3122.0,,,,,,,,
,383.0,,,,,,,,,,,,,,,3223.0,,,,,,,,
,654.0,,,,,,,,,,,,,,,3404.0,,,,,,,,
,1190.0,,,,,,,,,,,,,,,926.0,,,,,,,,
,1258.0,,,,,,,,,,,,,,,391.0,,,,,,,,
,3373.0,,,,,,,,,,,,,,,720.0,,,,,,,,
,47.0,,,,,,,,,,,,,,,1581.0,,,,,,,,
,808.0,,,,,,,,,,,,,,,2294.0,,,,,,,,
,1233.0,,,,,,,,,,,,,,,4102.0,,,,,,,,
,1877.0,,,,,,,,,,,,,,,325.0,,,,,,,,
,1342.0,,,,,,,,,,,,,,,2301.0,,,,,,,,
,2953.0,,,,,,,,,,,,,,,2694.0,,,,,,,,
,65.0,,,,,,,,,,,,,,,2835.0,,,,,,,,
,106.0,,,,,,,,,,,,,,,3492.0,,,,,,,,
,201.0,,,,,,,,,,,,,,,68.0,,,,,,,,
,505.0,,,,,,,,,,,,,,,104.0,,,,,,,,
,576.0,,,,,,,,,,,,,,,293.0,,,,,,,,
,600.0,,,,,,,,,,,,,,,1054.0,,,,,,,,
,1384.0,,,,,,,,,,,,,,,3193.0,,,,,,,,
,1715.0,,,,,,,,,,,,,,,3357.0,,,,,,,,
,1827.0,,,,,,,,,,,,,,,571.0,,,,,,,,
,2149.0,,,,,,,,,,,,,,,1533.0,,,,,,,,
,2376.0,,,,,,,,,,,,,,,1780.0,,,,,,,,
,2550.0,,,,,,,,,,,,,,,3091.0,,,,,,,,
,3467.0,,,,,,,,,,,,,,,1432.0,,,,,,,,
,843.0,,,,,,,,,,,,,,,3013.0,,,,,,,,
,1515.0,,,,,,,,,,,,,,,4043.0,,,,,,,,
,2003.0,,,,,,,,,,,,,,,1366.0,,,,,,,,
,2157.0,,,,,,,,,,,,,,,113.0,,,,,,,,
,2213.0,,,,,,,,,,,,,,,397.0,,,,,,,,
,2267.0,,,,,,,,,,,,,,,516.0,,,,,,,,
,2370.0,,,,,,,,,,,,,,,646.0,,,,,,,,
,2552.0,,,,,,,,,,,,,,,907.0,,,,,,,,
,3183.0,,,,,,,,,,,,,,,3412.0,,,,,,,,
,3264.0,,,,,,,,,,,,,,,1737.0,,,,,,,,
,3453.0,,,,,,,,,,,,,,,76.0,,,,,,,,
,3667.0,,,,,,,,,,,,,,,3293.0,,,,,,,,
,3669.0,,,,,,,,,,,,,,,60.0,,,,,,,,
,4073.0,,,,,,,,,,,,,,,1753.0,,,,,,,,
,295.0,,,,,,,,,,,,,,,98.0,,,,,,,,
,1055.0,,,,,,,,,,,,,,,470.0,,,,,,,,
,1412.0,,,,,,,,,,,,,,,756.0,,,,,,,,
,1865.0,,,,,,,,,,,,,,,1098.0,,,,,,,,
,2649.0,,,,,,,,,,,,,,,1169.0,,,,,,,,
,541.0,,,,,,,,,,,,,,,1407.0,,,,,,,,
,3044.0,,,,,,,,,,,,,,,1509.0,,,,,,,,
,,,,,,,,,,,,,,,,1915.0,,,,,,,,
,,,,,,,,,,,,,,,,1995.0,,,,,,,,
,,,,,,,,,,,,,,,,1997.0,,,,,,,,
,,,,,,,,,,,,,,,,2274.0,,,,,,,,
,,,,,,,,,,,,,,,,2512.0,,,,,,,,
,,,,,,,,,,,,,,,,2658.0,,,,,,,,
,,,,,,,,,,,,,,,,3056.0,,,,,,,,
,,,,,,,,,,,,,,,,3209.0,,,,,,,,
,,,,,,,,,,,,,,,,3315.0,,,,,,,,
,,,,,,,,,,,,,,,,4029.0,,,,,,,,
,,,,,,,,,,,,,,,,175.0,,,,,,,,
,,,,,,,,,,,,,,,,331.0,,,,,,,,
,,,,,,,,,,,,,,,,1522.0,,,,,,,,
,,,,,,,,,,,,,,,,1973.0,,,,,,,,
,,,,,,,,,,,,,,,,3036.0,,,,,,,,
,,,,,,,,,,,,,,,,3860.0,,,,,,,,
,,,,,,,,,,,,,,,,284.0,,,,,,,,
,,,,,,,,,,,,,,,,465.0,,,,,,,,
,,,,,,,,,,,,,,,,714.0,,,,,,,,
,,,,,,,,,,,,,,,,1876.0,,,,,,,,
,,,,,,,,,,,,,,,,1026.0,,,,,,,,
,,,,,,,,,,,,,,,,2516.0,,,,,,,,
,,,,,,,,,,,,,,,,2526.0,,,,,,,,
,,,,,,,,,,,,,,,,3246.0,,,,,,,,
,,,,,,,,,,,,,,,,3462.0,,,,,,,,
,,,,,,,,,,,,,,,,3643.0,,,,,,,,
,,,,,,,,,,,,,,,,2047.0,,,,,,,,
,,,,,,,,,,,,,,,,2788.0,,,,,,,,
,,,,,,,,,,,,,,,,1752.0,,,,,,,,
,,,,,,,,,,,,,,,,3379.0,,,,,,,,
,,,,,,,,,,,,,,,,1872.0,,,,,,,,
,,,,,,,,,,,,,,,,1767.0,,,,,,,,
,,,,,,,,,,,,,,,,356.0,,,,,,,,
,,,,,,,,,,,,,,,,545.0,,,,,,,,
,,,,,,,,,,,,,,,,1375.0,,,,,,,,
,,,,,,,,,,,,,,,,1475.0,,,,,,,,
,,,,,,,,,,,,,,,,53.0,,,,,,,,
,,,,,,,,,,,,,,,,106.0,,,,,,,,
,,,,,,,,,,,,,,,,1827.0,,,,,,,,
,,,,,,,,,,,,,,,,2023.0,,,,,,,,
,,,,,,,,,,,,,,,,3852.0,,,,,,,,
,,,,,,,,,,,,,,,,1987.0,,,,,,,,
,,,,,,,,,,,,,,,,1008.0,,,,,,,,
,,,,,,,,,,,,,,,,1207.0,,,,,,,,
,,,,,,,,,,,,,,,,2913.0,,,,,,,,
,,,,,,,,,,,,,,,,3279.0,,,,,,,,
,,,,,,,,,,,,,,,,3059.0,,,,,,,,
,,,,,,,,,,,,,,,,916.0,,,,,,,,
,,,,,,,,,,,,,,,,1335.0,,,,,,,,
,,,,,,,,,,,,,,,,148.0,,,,,,,,
,,,,,,,,,,,,,,,,966.0,,,,,,,,
,,,,,,,,,,,,,,,,803.0,,,,,,,,
,,,,,,,,,,,,,,,,627.0,,,,,,,,
,,,,,,,,,,,,,,,,3101.0,,,,,,,,
,,,,,,,,,,,,,,,,887.0,,,,,,,,
,,,,,,,,,,,,,,,,584.0,,,,,,,,
,,,,,,,,,,,,,,,,2282.0,,,,,,,,
,,,,,,,,,,,,,,,,3620.0,,,,,,,,
,,,,,,,,,,,,,,,,4030.0,,,,,,,,
,,,,,,,,,,,,,,,,1887.0,,,,,,,,
,,,,,,,,,,,,,,,,3306.0,,,,,,,,
,,,,,,,,,,,,,,,,318.0,,,,,,,,
,,,,,,,,,,,,,,,,794.0,,,,,,,,
,,,,,,,,,,,,,,,,2031.0,,,,,,,,
,,,,,,,,,,,,,,,,1545.0,,,,,,,,
,,,,,,,,,,,,,,,,1756.0,,,,,,,,
,,,,,,,,,,,,,,,,3027.0,,,,,,,,
,,,,,,,,,,,,,,,,50.0,,,,,,,,
,,,,,,,,,,,,,,,,4050.0,,,,,,,,
,,,,,,,,,,,,,,,,328.0,,,,,,,,
,,,,,,,,,,,,,,,,415.0,,,,,,,,
,,,,,,,,,,,,,,,,3593.0,,,,,,,,
,,,,,,,,,,,,,,,,149.0,,,,,,,,
,,,,,,,,,,,,,,,,79.0,,,,,,,,
,,,,,,,,,,,,,,,,3029.0,,,,,,,,
,,,,,,,,,,,,,,,,1391.0,,,,,,,,
,,,,,,,,,,,,,,,,1794.0,,,,,,,,
,,,,,,,,,,,,,,,,620.0,,,,,,,,
,,,,,,,,,,,,,,,,1171.0,,,,,,,,
,,,,,,,,,,,,,,,,770.0,,,,,,,,
,,,,,,,,,,,,,,,,3857.0,,,,,,,,
,,,,,,,,,,,,,,,,2747.0,,,,,,,,
,,,,,,,,,,,,,,,,1616.0,,,,,,,,
,,,,,,,,,,,,,,,,511.0,,,,,,,,
,,,,,,,,,,,,,,,,1918.0,,,,,,,,
,,,,,,,,,,,,,,,,757.0,,,,,,,,
,,,,,,,,,,,,,,,,2785.0,,,,,,,,
,,,,,,,,,,,,,,,,314.0,,,,,,,,
,,,,,,,,,,,,,,,,3212.0,,,,,,,,
,,,,,,,,,,,,,,,,1088.0,,,,,,,,
,,,,,,,,,,,,,,,,459.0,,,,,,,,
,,,,,,,,,,,,,,,,1886.0,,,,,,,,
,,,,,,,,,,,,,,,,3640.0,,,,,,,,
,,,,,,,,,,,,,,,,2789.0,,,,,,,,
,,,,,,,,,,,,,,,,3230.0,,,,,,,,
,,,,,,,,,,,,,,,,350.0,,,,,,,,
,,,,,,,,,,,,,,,,502.0,,,,,,,,
,,,,,,,,,,,,,,,,624.0,,,,,,,,
,,,,,,,,,,,,,,,,1202.0,,,,,,,,
,,,,,,,,,,,,,,,,3469.0,,,,,,,,
,,,,,,,,,,,,,,,,806.0,,,,,,,,
,,,,,,,,,,,,,,,,1168.0,,,,,,,,
,,,,,,,,,,,,,,,,1268.0,,,,,,,,
,,,,,,,,,,,,,,,,1082.0,,,,,,,,
,,,,,,,,,,,,,,,,821.0,,,,,,,,
,,,,,,,,,,,,,,,,1249.0,,,,,,,,
,,,,,,,,,,,,,,,,2021.0,,,,,,,,
,,,,,,,,,,,,,,,,644.0,,,,,,,,
,,,,,,,,,,,,,,,,1652.0,,,,,,,,
,,,,,,,,,,,,,,,,1993.0,,,,,,,,
,,,,,,,,,,,,,,,,3258.0,,,,,,,,
,,,,,,,,,,,,,,,,157.0,,,,,,,,
,,,,,,,,,,,,,,,,3288.0,,,,,,,,
,,,,,,,,,,,,,,,,226.0,,,,,,,,
,,,,,,,,,,,,,,,,3514.0,,,,,,,,
,,,,,,,,,,,,,,,,652.0,,,,,,,,
,,,,,,,,,,,,,,,,58.0,,,,,,,,
,,,,,,,,,,,,,,,,3361.0,,,,,,,,
,,,,,,,,,,,,,,,,3473.0,,,,,,,,
,,,,,,,,,,,,,,,,199.0,,,,,,,,
,,,,,,,,,,,,,,,,1372.0,,,,,,,,
,,,,,,,,,,,,,,,,891.0,,,,,,,,
,,,,,,,,,,,,,,,,1155.0,,,,,,,,
,,,,,,,,,,,,,,,,1688.0,,,,,,,,
,,,,,,,,,,,,,,,,3265.0,,,,,,,,
,,,,,,,,,,,,,,,,1399.0,,,,,,,,
,,,,,,,,,,,,,,,,3283.0,,,,,,,,
,,,,,,,,,,,,,,,,3916.0,,,,,,,,
,,,,,,,,,,,,,,,,3958.0,,,,,,,,
,,,,,,,,,,,,,,,,585.0,,,,,,,,
,,,,,,,,,,,,,,,,587.0,,,,,,,,
,,,,,,,,,,,,,,,,1051.0,,,,,,,,
,,,,,,,,,,,,,,,,2977.0,,,,,,,,
,,,,,,,,,,,,,,,,611.0,,,,,,,,
,,,,,,,,,,,,,,,,1759.0,,,,,,,,
,,,,,,,,,,,,,,,,1917.0,,,,,,,,
,,,,,,,,,,,,,,,,1946.0,,,,,,,,
,,,,,,,,,,,,,,,,3118.0,,,,,,,,
,,,,,,,,,,,,,,,,3127.0,,,,,,,,
,,,,,,,,,,,,,,,,154.0,,,,,,,,
,,,,,,,,,,,,,,,,1891.0,,,,,,,,
,,,,,,,,,,,,,,,,574.0,,,,,,,,
,,,,,,,,,,,,,,,,111.0,,,,,,,,
,,,,,,,,,,,,,,,,392.0,,,,,,,,
,,,,,,,,,,,,,,,,628.0,,,,,,,,
,,,,,,,,,,,,,,,,2955.0,,,,,,,,
,,,,,,,,,,,,,,,,2823.0,,,,,,,,
,,,,,,,,,,,,,,,,3628.0,,,,,,,,
,,,,,,,,,,,,,,,,1369.0,,,,,,,,
,,,,,,,,,,,,,,,,142.0,,,,,,,,
,,,,,,,,,,,,,,,,1762.0,,,,,,,,
,,,,,,,,,,,,,,,,1295.0,,,,,,,,
,,,,,,,,,,,,,,,,2693.0,,,,,,,,
,,,,,,,,,,,,,,,,1286.0,,,,,,,,
,,,,,,,,,,,,,,,,1906.0,,,,,,,,
,,,,,,,,,,,,,,,,483.0,,,,,,,,
,,,,,,,,,,,,,,,,666.0,,,,,,,,
,,,,,,,,,,,,,,,,1189.0,,,,,,,,
,,,,,,,,,,,,,,,,1257.0,,,,,,,,
,,,,,,,,,,,,,,,,1534.0,,,,,,,,
,,,,,,,,,,,,,,,,3266.0,,,,,,,,
,,,,,,,,,,,,,,,,639.0,,,,,,,,
,,,,,,,,,,,,,,,,1311.0,,,,,,,,
,,,,,,,,,,,,,,,,1768.0,,,,,,,,
,,,,,,,,,,,,,,,,3039.0,,,,,,,,
,,,,,,,,,,,,,,,,3031.0,,,,,,,,
,,,,,,,,,,,,,,,,1449.0,,,,,,,,
,,,,,,,,,,,,,,,,433.0,,,,,,,,
,,,,,,,,,,,,,,,,3044.0,,,,,,,,
