run_0,run_1,run_2,run_3,run_4,run_5,run_6,run_7,run_8,run_9,run_10,run_11,run_12,run_13,run_14,run_15,run_16,run_17,run_18,run_19,run_20,run_21,run_22,run_23,run_24
1002.0,1198.0,1236.0,471.0,303.0,166.0,1411.0,1647.0,746.0,1155.0,619.0,38.0,204.0,1605.0,1338.0,845.0,1175.0,108.0,885.0,1355.0,381.0,1168.0,705.0,572.0,811.0
1257.0,1616.0,905.0,600.0,860.0,412.0,794.0,1575.0,1149.0,454.0,489.0,550.0,1201.0,549.0,1196.0,889.0,1218.0,1648.0,1604.0,366.0,281.0,1364.0,217.0,380.0,934.0
379.0,1595.0,502.0,16.0,336.0,1051.0,168.0,359.0,453.0,1414.0,1178.0,369.0,948.0,287.0,1554.0,1079.0,906.0,919.0,446.0,1424.0,1193.0,1625.0,1387.0,1516.0,801.0
278.0,1475.0,790.0,4.0,1151.0,501.0,694.0,638.0,471.0,356.0,123.0,1399.0,1581.0,1243.0,1216.0,449.0,672.0,37.0,54.0,995.0,1430.0,278.0,40.0,34.0,1480.0
1154.0,1123.0,336.0,1465.0,1626.0,575.0,620.0,188.0,844.0,160.0,36.0,725.0,1505.0,957.0,1495.0,316.0,1274.0,226.0,1456.0,1109.0,1427.0,488.0,169.0,1163.0,894.0
414.0,1013.0,230.0,1544.0,1443.0,812.0,505.0,1002.0,472.0,493.0,633.0,333.0,1389.0,1397.0,62.0,42.0,902.0,1367.0,1047.0,661.0,130.0,961.0,822.0,1589.0,1455.0
1224.0,1551.0,1101.0,1533.0,57.0,1426.0,1219.0,278.0,117.0,516.0,1172.0,2.0,321.0,1364.0,620.0,1320.0,511.0,1573.0,702.0,1185.0,780.0,1546.0,110.0,195.0,344.0
1497.0,890.0,1551.0,157.0,840.0,1459.0,1179.0,984.0,1212.0,1235.0,37.0,1309.0,390.0,654.0,705.0,1121.0,242.0,458.0,337.0,1282.0,651.0,136.0,417.0,963.0,1478.0
1431.0,1104.0,354.0,31.0,87.0,292.0,1609.0,454.0,641.0,762.0,767.0,1460.0,790.0,473.0,749.0,822.0,356.0,1192.0,431.0,502.0,338.0,332.0,507.0,739.0,1260.0
554.0,91.0,1014.0,667.0,674.0,668.0,1533.0,809.0,1072.0,394.0,949.0,1579.0,248.0,405.0,1376.0,1274.0,468.0,79.0,1619.0,563.0,412.0,465.0,911.0,891.0,859.0
1012.0,203.0,573.0,178.0,772.0,1502.0,387.0,1017.0,474.0,805.0,1310.0,1370.0,173.0,310.0,654.0,66.0,95.0,1142.0,512.0,1045.0,1428.0,1356.0,808.0,7.0,393.0
75.0,650.0,1149.0,1569.0,1044.0,346.0,584.0,128.0,1026.0,750.0,623.0,1316.0,48.0,1309.0,864.0,1069.0,1483.0,584.0,456.0,130.0,1244.0,5.0,1457.0,528.0,1228.0
1082.0,718.0,513.0,634.0,1264.0,799.0,574.0,396.0,243.0,463.0,1548.0,998.0,1518.0,566.0,292.0,1260.0,1590.0,571.0,549.0,1456.0,1026.0,1334.0,832.0,106.0,642.0
504.0,211.0,1024.0,820.0,506.0,871.0,225.0,292.0,151.0,1071.0,120.0,1226.0,896.0,1242.0,776.0,1180.0,1099.0,590.0,922.0,538.0,1169.0,697.0,1475.0,1343.0,657.0
1124.0,412.0,1006.0,744.0,474.0,941.0,493.0,1382.0,1185.0,126.0,1601.0,798.0,1347.0,348.0,1087.0,1088.0,880.0,369.0,808.0,408.0,556.0,960.0,692.0,101.0,514.0
273.0,989.0,1199.0,957.0,454.0,407.0,122.0,1141.0,407.0,483.0,1214.0,348.0,1543.0,1146.0,323.0,346.0,13.0,1471.0,722.0,536.0,241.0,569.0,1076.0,594.0,1595.0
1357.0,1434.0,991.0,720.0,394.0,352.0,421.0,365.0,1053.0,977.0,418.0,713.0,1438.0,770.0,511.0,1540.0,738.0,1211.0,1645.0,1134.0,689.0,1342.0,1449.0,1236.0,1178.0
839.0,1423.0,850.0,649.0,641.0,1241.0,1552.0,362.0,82.0,768.0,749.0,302.0,1629.0,39.0,541.0,744.0,1142.0,947.0,870.0,294.0,1283.0,870.0,1308.0,889.0,1280.0
261.0,93.0,852.0,745.0,564.0,1006.0,1651.0,1442.0,1599.0,1317.0,412.0,1521.0,1497.0,1217.0,1532.0,1476.0,503.0,769.0,1046.0,951.0,1112.0,620.0,384.0,57.0,1438.0
522.0,601.0,85.0,1579.0,905.0,61.0,572.0,19.0,320.0,279.0,1149.0,1438.0,918.0,683.0,146.0,1211.0,1345.0,503.0,697.0,613.0,1327.0,1351.0,100.0,540.0,1109.0
925.0,461.0,843.0,140.0,882.0,539.0,980.0,1598.0,1407.0,83.0,1501.0,316.0,1638.0,477.0,1179.0,1064.0,1486.0,1506.0,23.0,1015.0,1563.0,867.0,714.0,263.0,951.0
602.0,1338.0,51.0,1142.0,370.0,1362.0,978.0,166.0,1490.0,907.0,557.0,804.0,60.0,37.0,911.0,968.0,1189.0,1074.0,1585.0,51.0,1088.0,1618.0,553.0,945.0,1092.0
1185.0,1266.0,767.0,1650.0,1623.0,571.0,92.0,1653.0,314.0,945.0,523.0,557.0,804.0,1151.0,828.0,293.0,362.0,334.0,958.0,916.0,1047.0,1108.0,967.0,296.0,1110.0
387.0,268.0,22.0,796.0,1483.0,211.0,906.0,317.0,909.0,648.0,801.0,1400.0,1599.0,139.0,506.0,372.0,92.0,315.0,1243.0,1301.0,1097.0,380.0,1557.0,1231.0,345.0
851.0,185.0,373.0,851.0,253.0,1438.0,733.0,1105.0,1101.0,1481.0,1085.0,424.0,927.0,872.0,422.0,20.0,154.0,652.0,325.0,1351.0,1604.0,1279.0,760.0,923.0,1330.0
675.0,60.0,1527.0,370.0,37.0,1045.0,244.0,1144.0,1612.0,901.0,793.0,262.0,56.0,915.0,1270.0,621.0,961.0,317.0,799.0,1125.0,1216.0,208.0,1016.0,885.0,1346.0
1314.0,683.0,283.0,199.0,1027.0,469.0,527.0,1573.0,1298.0,870.0,1626.0,766.0,29.0,1334.0,1078.0,931.0,1000.0,489.0,1007.0,1617.0,640.0,1570.0,198.0,1213.0,909.0
151.0,1399.0,584.0,392.0,1642.0,36.0,938.0,1274.0,245.0,299.0,444.0,944.0,574.0,26.0,181.0,912.0,1163.0,1034.0,787.0,1648.0,1306.0,842.0,508.0,584.0,1582.0
1624.0,864.0,1355.0,272.0,841.0,526.0,1327.0,1400.0,929.0,112.0,1282.0,909.0,737.0,1582.0,411.0,1231.0,1030.0,1125.0,153.0,1609.0,840.0,1414.0,1416.0,1164.0,1619.0
1267.0,678.0,473.0,83.0,127.0,54.0,485.0,658.0,1133.0,250.0,924.0,720.0,1392.0,497.0,575.0,495.0,1299.0,118.0,1018.0,323.0,906.0,94.0,1100.0,644.0,1485.0
654.0,488.0,281.0,441.0,676.0,1391.0,1513.0,41.0,1097.0,65.0,1211.0,882.0,1471.0,701.0,1539.0,117.0,98.0,1381.0,1327.0,1111.0,671.0,151.0,758.0,1245.0,204.0
920.0,444.0,350.0,651.0,1110.0,542.0,1379.0,665.0,148.0,961.0,435.0,1033.0,1308.0,556.0,1201.0,335.0,1174.0,1184.0,733.0,363.0,563.0,462.0,286.0,361.0,1249.0
1117.0,1618.0,275.0,1212.0,1515.0,943.0,300.0,111.0,381.0,944.0,371.0,180.0,1567.0,224.0,1162.0,1301.0,539.0,569.0,882.0,1225.0,1032.0,1447.0,280.0,1349.0,447.0
299.0,1543.0,788.0,45.0,925.0,148.0,156.0,1379.0,31.0,374.0,1132.0,606.0,1024.0,937.0,367.0,320.0,111.0,1326.0,731.0,282.0,1219.0,856.0,1373.0,97.0,1174.0
1621.0,387.0,1547.0,120.0,734.0,865.0,875.0,529.0,415.0,1290.0,1331.0,1065.0,837.0,578.0,220.0,1108.0,1461.0,1309.0,433.0,113.0,931.0,49.0,1017.0,132.0,378.0
350.0,897.0,546.0,295.0,40.0,1309.0,1386.0,1483.0,77.0,1073.0,547.0,1476.0,992.0,986.0,1020.0,1576.0,317.0,550.0,671.0,769.0,918.0,261.0,358.0,1473.0,362.0
1375.0,1518.0,356.0,723.0,67.0,988.0,689.0,448.0,170.0,792.0,339.0,991.0,1275.0,765.0,361.0,464.0,1478.0,206.0,820.0,1201.0,1051.0,1563.0,202.0,208.0,484.0
937.0,1608.0,655.0,1525.0,1324.0,661.0,13.0,573.0,1247.0,332.0,316.0,1452.0,959.0,162.0,852.0,93.0,1373.0,1570.0,1570.0,879.0,616.0,946.0,229.0,740.0,305.0
528.0,940.0,1444.0,1523.0,85.0,1141.0,1052.0,1466.0,1202.0,1297.0,415.0,685.0,91.0,1633.0,1509.0,1299.0,1652.0,565.0,1148.0,1263.0,261.0,1022.0,772.0,1405.0,614.0
425.0,907.0,253.0,781.0,934.0,1644.0,736.0,1511.0,1616.0,475.0,1545.0,1165.0,1043.0,241.0,1005.0,843.0,165.0,1007.0,1389.0,1294.0,103.0,432.0,349.0,1201.0,353.0
773.0,188.0,863.0,1281.0,307.0,806.0,1018.0,643.0,1374.0,1430.0,769.0,803.0,767.0,171.0,525.0,192.0,1315.0,625.0,1576.0,857.0,753.0,145.0,1617.0,1468.0,520.0
205.0,1220.0,1430.0,1128.0,298.0,1454.0,1123.0,871.0,1600.0,251.0,317.0,285.0,1472.0,1008.0,1453.0,652.0,440.0,505.0,64.0,1341.0,777.0,951.0,1035.0,1064.0,608.0
696.0,308.0,52.0,1036.0,140.0,241.0,224.0,64.0,1470.0,247.0,886.0,437.0,161.0,476.0,302.0,859.0,1359.0,1412.0,380.0,1419.0,78.0,855.0,134.0,1238.0,468.0
1360.0,1201.0,1584.0,1255.0,1162.0,925.0,447.0,690.0,961.0,151.0,1272.0,634.0,1045.0,1549.0,843.0,1265.0,497.0,957.0,1611.0,1486.0,286.0,1158.0,878.0,1352.0,1093.0
189.0,1643.0,921.0,1052.0,1414.0,57.0,959.0,1515.0,1336.0,152.0,567.0,1527.0,976.0,308.0,786.0,793.0,937.0,523.0,495.0,852.0,1514.0,1354.0,1444.0,969.0,791.0
756.0,152.0,1641.0,691.0,382.0,219.0,1600.0,821.0,229.0,12.0,63.0,915.0,1510.0,1531.0,703.0,385.0,142.0,1312.0,544.0,207.0,804.0,1260.0,1601.0,493.0,1493.0
318.0,853.0,1618.0,1283.0,889.0,1396.0,601.0,521.0,29.0,320.0,1586.0,921.0,439.0,911.0,1111.0,119.0,895.0,620.0,977.0,833.0,215.0,420.0,332.0,1390.0,255.0
1504.0,1515.0,425.0,486.0,33.0,1549.0,309.0,1486.0,866.0,990.0,1283.0,816.0,1298.0,936.0,1036.0,19.0,1249.0,749.0,238.0,397.0,37.0,1182.0,1323.0,760.0,501.0
613.0,1278.0,943.0,603.0,1114.0,741.0,59.0,84.0,519.0,850.0,835.0,1522.0,849.0,364.0,1177.0,776.0,518.0,208.0,1254.0,1438.0,794.0,99.0,81.0,1097.0,818.0
1142.0,1436.0,1267.0,1147.0,888.0,263.0,1403.0,201.0,640.0,713.0,637.0,1303.0,1496.0,1415.0,375.0,963.0,487.0,1234.0,374.0,1006.0,1515.0,32.0,394.0,1170.0,222.0
1261.0,1202.0,183.0,1576.0,492.0,262.0,1275.0,440.0,300.0,142.0,1022.0,1145.0,1320.0,932.0,612.0,1216.0,884.0,1262.0,915.0,1052.0,1189.0,675.0,754.0,1195.0,1340.0
355.0,69.0,570.0,679.0,1168.0,47.0,988.0,1058.0,1070.0,1308.0,1109.0,1360.0,401.0,335.0,255.0,31.0,259.0,782.0,622.0,81.0,419.0,342.0,301.0,255.0,371.0
309.0,129.0,2.0,1115.0,1526.0,1258.0,400.0,1581.0,1235.0,1551.0,1147.0,900.0,127.0,1599.0,171.0,157.0,1452.0,189.0,437.0,1064.0,58.0,725.0,1217.0,1274.0,786.0
1440.0,346.0,123.0,702.0,832.0,379.0,808.0,1193.0,1161.0,281.0,915.0,1118.0,712.0,123.0,1579.0,16.0,1204.0,85.0,1135.0,700.0,1513.0,1474.0,706.0,200.0,1554.0
1387.0,1115.0,70.0,1051.0,297.0,1134.0,360.0,236.0,37.0,1207.0,312.0,978.0,479.0,960.0,257.0,100.0,1232.0,1167.0,29.0,1379.0,218.0,504.0,1177.0,53.0,549.0
1218.0,719.0,1092.0,1466.0,189.0,477.0,751.0,1340.0,825.0,1271.0,148.0,185.0,1259.0,467.0,1633.0,586.0,313.0,792.0,1650.0,325.0,1499.0,497.0,310.0,44.0,1418.0
651.0,1366.0,131.0,1168.0,464.0,1470.0,1466.0,232.0,1610.0,1627.0,1090.0,1250.0,1303.0,48.0,313.0,345.0,63.0,1210.0,444.0,1368.0,44.0,1035.0,802.0,618.0,802.0
972.0,1361.0,314.0,1476.0,1289.0,915.0,679.0,1126.0,820.0,1014.0,598.0,390.0,997.0,75.0,444.0,965.0,521.0,1159.0,186.0,258.0,1469.0,1418.0,298.0,216.0,677.0
657.0,1303.0,1070.0,483.0,1047.0,1503.0,1282.0,1373.0,834.0,514.0,1278.0,394.0,1639.0,1593.0,573.0,354.0,685.0,614.0,1343.0,569.0,34.0,216.0,295.0,941.0,1210.0
432.0,824.0,398.0,1623.0,391.0,454.0,312.0,1038.0,25.0,1118.0,707.0,1219.0,38.0,648.0,387.0,59.0,1489.0,740.0,612.0,421.0,1144.0,952.0,1058.0,334.0,1278.0
1405.0,1393.0,1390.0,1578.0,90.0,1356.0,1358.0,1000.0,1354.0,254.0,990.0,1327.0,1542.0,202.0,409.0,204.0,1284.0,1457.0,1256.0,1259.0,1496.0,1142.0,1164.0,914.0,438.0
97.0,321.0,361.0,954.0,1635.0,1639.0,342.0,494.0,446.0,1226.0,819.0,1318.0,393.0,767.0,1437.0,817.0,1411.0,1489.0,1333.0,1199.0,1546.0,1123.0,1585.0,402.0,297.0
534.0,669.0,1632.0,765.0,1102.0,124.0,233.0,1642.0,1334.0,575.0,1529.0,1315.0,13.0,1142.0,61.0,1109.0,1102.0,17.0,649.0,1442.0,1058.0,995.0,580.0,392.0,150.0
1587.0,1360.0,621.0,85.0,1286.0,1104.0,1191.0,1067.0,218.0,593.0,410.0,371.0,1293.0,1096.0,1194.0,1165.0,658.0,561.0,684.0,93.0,861.0,1104.0,771.0,1346.0,945.0
449.0,33.0,1108.0,1546.0,434.0,1576.0,373.0,334.0,588.0,330.0,1389.0,515.0,901.0,1375.0,68.0,723.0,225.0,204.0,607.0,861.0,180.0,508.0,400.0,88.0,36.0
1464.0,1578.0,162.0,763.0,1190.0,1221.0,81.0,567.0,1296.0,1144.0,1430.0,1097.0,152.0,389.0,616.0,1352.0,253.0,125.0,395.0,1246.0,890.0,407.0,627.0,27.0,1091.0
378.0,1289.0,1461.0,1202.0,1494.0,1225.0,1589.0,1448.0,18.0,630.0,162.0,588.0,14.0,1261.0,829.0,1609.0,1491.0,297.0,305.0,1557.0,1364.0,103.0,47.0,487.0,1231.0
1190.0,557.0,445.0,1362.0,107.0,1491.0,1298.0,555.0,1294.0,603.0,1490.0,425.0,830.0,1037.0,1547.0,1095.0,1280.0,359.0,855.0,319.0,144.0,1576.0,763.0,190.0,593.0
1246.0,70.0,1326.0,435.0,661.0,1106.0,253.0,1464.0,528.0,995.0,381.0,1027.0,1458.0,1341.0,410.0,1345.0,641.0,1596.0,1642.0,1415.0,211.0,545.0,1091.0,1239.0,717.0
494.0,534.0,1294.0,631.0,816.0,918.0,1480.0,121.0,1365.0,787.0,627.0,555.0,1358.0,1339.0,512.0,38.0,1321.0,976.0,229.0,653.0,89.0,179.0,442.0,1555.0,1506.0
1083.0,503.0,511.0,1138.0,892.0,590.0,383.0,88.0,1268.0,717.0,596.0,1434.0,998.0,289.0,1265.0,1501.0,1516.0,649.0,852.0,1170.0,128.0,623.0,1279.0,687.0,798.0
1283.0,942.0,1266.0,453.0,665.0,1294.0,611.0,176.0,1157.0,1268.0,666.0,827.0,307.0,1226.0,1637.0,542.0,224.0,1215.0,1461.0,371.0,368.0,253.0,1088.0,833.0,1386.0
86.0,251.0,3.0,107.0,462.0,1619.0,28.0,368.0,9.0,1494.0,1017.0,672.0,135.0,1404.0,316.0,402.0,493.0,26.0,1527.0,326.0,1567.0,403.0,324.0,1210.0,450.0
109.0,1429.0,461.0,1531.0,1124.0,972.0,965.0,854.0,1437.0,474.0,757.0,532.0,1641.0,375.0,653.0,657.0,507.0,854.0,499.0,1624.0,829.0,1095.0,1033.0,1474.0,788.0
1586.0,828.0,1561.0,1195.0,203.0,1583.0,1479.0,678.0,1122.0,899.0,127.0,1566.0,239.0,113.0,881.0,614.0,552.0,926.0,810.0,1173.0,1267.0,1340.0,561.0,1022.0,576.0
1565.0,1065.0,175.0,1235.0,1530.0,128.0,556.0,1638.0,998.0,1407.0,259.0,1395.0,856.0,446.0,1175.0,1362.0,1534.0,1152.0,1568.0,711.0,844.0,185.0,1257.0,469.0,209.0
264.0,660.0,983.0,261.0,655.0,339.0,933.0,872.0,448.0,1040.0,677.0,1109.0,1041.0,1048.0,1140.0,1127.0,520.0,1532.0,1507.0,50.0,1415.0,758.0,483.0,1088.0,1130.0
1270.0,432.0,1167.0,458.0,1413.0,780.0,1239.0,36.0,1104.0,370.0,1470.0,1451.0,1627.0,87.0,744.0,1384.0,455.0,282.0,931.0,447.0,1363.0,1116.0,789.0,1091.0,313.0
1084.0,1569.0,363.0,5.0,584.0,13.0,260.0,1174.0,257.0,1567.0,1143.0,523.0,1161.0,465.0,113.0,1193.0,1349.0,194.0,1134.0,1520.0,407.0,1589.0,1383.0,1119.0,1635.0
1306.0,1333.0,735.0,1189.0,618.0,1067.0,943.0,1630.0,1485.0,874.0,510.0,379.0,917.0,43.0,1171.0,521.0,90.0,897.0,1196.0,1489.0,291.0,1552.0,434.0,1174.0,497.0
850.0,883.0,1489.0,231.0,1194.0,763.0,1215.0,1574.0,1249.0,942.0,239.0,773.0,720.0,,401.0,1526.0,1402.0,1063.0,956.0,1276.0,295.0,528.0,218.0,91.0,939.0
995.0,280.0,525.0,1323.0,1007.0,1589.0,427.0,1411.0,676.0,1398.0,496.0,54.0,1622.0,,161.0,369.0,871.0,839.0,843.0,1059.0,42.0,355.0,1049.0,1218.0,429.0
400.0,1542.0,1005.0,1369.0,1137.0,1591.0,840.0,548.0,59.0,413.0,643.0,653.0,212.0,,1248.0,154.0,668.0,795.0,1229.0,876.0,1161.0,350.0,1111.0,384.0,76.0
455.0,1223.0,849.0,314.0,206.0,1649.0,242.0,237.0,116.0,1065.0,774.0,898.0,80.0,,196.0,1022.0,857.0,1423.0,147.0,394.0,1408.0,254.0,1179.0,1638.0,240.0
830.0,619.0,1075.0,1581.0,996.0,1199.0,717.0,788.0,1000.0,1284.0,284.0,1475.0,713.0,,658.0,1200.0,131.0,1205.0,385.0,623.0,1490.0,1191.0,246.0,872.0,1511.0
841.0,1018.0,1408.0,814.0,1022.0,1571.0,971.0,164.0,1645.0,46.0,394.0,309.0,1069.0,,519.0,634.0,140.0,1283.0,1609.0,342.0,1158.0,1464.0,1099.0,86.0,631.0
391.0,1208.0,1107.0,1497.0,294.0,1084.0,304.0,1039.0,389.0,1370.0,1445.0,799.0,1109.0,,143.0,44.0,1533.0,1081.0,174.0,1319.0,538.0,1228.0,1627.0,421.0,1102.0
1114.0,166.0,610.0,1535.0,737.0,957.0,7.0,120.0,297.0,233.0,797.0,1432.0,968.0,,109.0,904.0,550.0,39.0,1130.0,1652.0,1386.0,346.0,1636.0,1357.0,572.0
1426.0,274.0,412.0,1213.0,1556.0,720.0,1287.0,374.0,442.0,31.0,1544.0,737.0,445.0,,830.0,1067.0,1155.0,1240.0,1292.0,913.0,431.0,939.0,1593.0,397.0,1170.0
876.0,1028.0,643.0,1376.0,1142.0,1186.0,740.0,1391.0,122.0,1012.0,1580.0,493.0,1039.0,,398.0,1379.0,1122.0,291.0,260.0,1530.0,453.0,813.0,935.0,376.0,201.0
177.0,742.0,730.0,798.0,1473.0,784.0,123.0,1254.0,19.0,1278.0,831.0,1299.0,942.0,,1009.0,861.0,471.0,1090.0,465.0,1135.0,1453.0,1089.0,402.0,1434.0,1375.0
762.0,312.0,1376.0,1469.0,360.0,864.0,73.0,692.0,1069.0,1098.0,1243.0,1592.0,1579.0,,1555.0,1435.0,1319.0,544.0,967.0,1212.0,1118.0,1183.0,521.0,670.0,343.0
248.0,1207.0,1090.0,1093.0,376.0,1128.0,1310.0,78.0,1311.0,1253.0,1557.0,414.0,1300.0,,1273.0,531.0,1560.0,935.0,1575.0,988.0,743.0,781.0,598.0,1573.0,1540.0
1477.0,1149.0,1238.0,1203.0,1078.0,862.0,237.0,647.0,87.0,1641.0,1369.0,471.0,1141.0,,778.0,224.0,582.0,1509.0,832.0,1208.0,35.0,426.0,636.0,651.0,743.0
206.0,167.0,908.0,907.0,18.0,1220.0,960.0,467.0,114.0,517.0,1330.0,1491.0,421.0,,643.0,1629.0,384.0,117.0,1344.0,685.0,208.0,340.0,1021.0,1073.0,350.0
275.0,295.0,173.0,1592.0,1280.0,531.0,126.0,572.0,481.0,790.0,721.0,91.0,699.0,,77.0,579.0,206.0,551.0,1366.0,480.0,1174.0,335.0,867.0,313.0,950.0
1547.0,26.0,1217.0,1209.0,901.0,1509.0,371.0,1318.0,1140.0,817.0,593.0,862.0,1398.0,,556.0,1268.0,1003.0,1584.0,1630.0,1126.0,277.0,1172.0,495.0,1029.0,908.0
1508.0,554.0,58.0,1131.0,1627.0,359.0,352.0,1160.0,1512.0,1080.0,720.0,399.0,40.0,,1247.0,1439.0,299.0,776.0,1285.0,453.0,916.0,1138.0,1481.0,138.0,902.0
78.0,886.0,1610.0,402.0,1000.0,1439.0,1000.0,512.0,555.0,673.0,1000.0,1260.0,12.0,,732.0,421.0,1231.0,1414.0,482.0,1416.0,1199.0,455.0,1431.0,769.0,720.0
420.0,582.0,1592.0,213.0,415.0,1335.0,920.0,1542.0,1093.0,85.0,1536.0,1513.0,1468.0,,16.0,1376.0,139.0,338.0,1055.0,1346.0,614.0,1331.0,872.0,513.0,756.0
502.0,1233.0,899.0,1279.0,1309.0,1179.0,1371.0,1333.0,790.0,1418.0,31.0,1626.0,910.0,,587.0,830.0,967.0,1093.0,148.0,574.0,1395.0,337.0,1549.0,1156.0,466.0
560.0,397.0,1414.0,537.0,897.0,1263.0,325.0,983.0,500.0,591.0,881.0,736.0,1062.0,,485.0,900.0,374.0,838.0,152.0,1091.0,447.0,1004.0,337.0,1324.0,1447.0
1207.0,796.0,1113.0,773.0,1563.0,198.0,1272.0,239.0,1306.0,98.0,888.0,760.0,994.0,,1002.0,1634.0,899.0,1646.0,673.0,1016.0,490.0,1390.0,788.0,1181.0,1499.0
1079.0,410.0,211.0,154.0,1301.0,1372.0,1210.0,1557.0,315.0,297.0,1118.0,213.0,271.0,,1063.0,447.0,1081.0,595.0,1375.0,267.0,112.0,637.0,773.0,600.0,38.0
1269.0,57.0,884.0,671.0,1266.0,800.0,211.0,989.0,1328.0,981.0,65.0,340.0,768.0,,513.0,897.0,673.0,268.0,1345.0,1581.0,346.0,194.0,1485.0,756.0,896.0
301.0,525.0,1537.0,681.0,981.0,566.0,826.0,1631.0,856.0,178.0,1254.0,630.0,6.0,,983.0,1298.0,759.0,22.0,1616.0,439.0,1092.0,303.0,107.0,1303.0,458.0
1630.0,1377.0,594.0,963.0,438.0,1092.0,833.0,340.0,659.0,197.0,250.0,1152.0,1064.0,,1583.0,138.0,68.0,379.0,969.0,1310.0,467.0,237.0,1295.0,320.0,1516.0
1161.0,278.0,1648.0,266.0,226.0,1109.0,1398.0,1116.0,17.0,776.0,1420.0,227.0,309.0,,170.0,494.0,1444.0,395.0,1634.0,203.0,983.0,1632.0,1031.0,1484.0,634.0
1034.0,495.0,1320.0,1065.0,723.0,518.0,1246.0,1456.0,255.0,1585.0,268.0,137.0,1296.0,,246.0,1218.0,855.0,154.0,990.0,1469.0,958.0,1400.0,170.0,419.0,927.0
952.0,39.0,1338.0,591.0,1518.0,694.0,1504.0,24.0,1593.0,1146.0,1646.0,615.0,1517.0,,386.0,624.0,510.0,162.0,761.0,1529.0,802.0,1346.0,880.0,642.0,1191.0
1247.0,705.0,274.0,505.0,204.0,427.0,1507.0,1547.0,380.0,1111.0,91.0,559.0,498.0,,851.0,518.0,316.0,349.0,1120.0,699.0,1647.0,1019.0,686.0,285.0,1536.0
1350.0,304.0,680.0,41.0,640.0,952.0,686.0,348.0,240.0,753.0,747.0,1447.0,150.0,,430.0,288.0,793.0,1191.0,1030.0,1162.0,345.0,1187.0,542.0,1285.0,1209.0
1650.0,802.0,442.0,1406.0,843.0,1227.0,878.0,1453.0,186.0,646.0,1457.0,1390.0,460.0,,1038.0,879.0,58.0,618.0,1191.0,223.0,530.0,1476.0,60.0,550.0,287.0
453.0,958.0,1538.0,650.0,561.0,1226.0,829.0,707.0,269.0,1587.0,197.0,1469.0,1462.0,,253.0,67.0,368.0,1344.0,1453.0,74.0,192.0,1222.0,213.0,275.0,1309.0
1033.0,423.0,459.0,1086.0,1307.0,584.0,909.0,1237.0,1638.0,1179.0,400.0,1089.0,780.0,,598.0,356.0,522.0,1260.0,173.0,524.0,1291.0,879.0,1330.0,971.0,1320.0
1191.0,1559.0,1226.0,1600.0,407.0,1364.0,635.0,148.0,1107.0,170.0,798.0,1286.0,147.0,,954.0,1617.0,134.0,1575.0,1035.0,1398.0,893.0,485.0,1518.0,1307.0,1376.0
116.0,1024.0,1121.0,139.0,1303.0,524.0,1561.0,1587.0,331.0,365.0,1218.0,1164.0,1119.0,,899.0,1419.0,805.0,990.0,760.0,804.0,1590.0,740.0,1399.0,1028.0,969.0
907.0,431.0,970.0,554.0,926.0,1371.0,1596.0,413.0,1481.0,1584.0,1365.0,1481.0,945.0,,394.0,386.0,222.0,756.0,1412.0,272.0,826.0,312.0,641.0,37.0,509.0
639.0,613.0,771.0,338.0,182.0,349.0,1271.0,1434.0,1264.0,64.0,449.0,1340.0,632.0,,352.0,1554.0,1495.0,1197.0,236.0,213.0,288.0,943.0,811.0,1031.0,1367.0
878.0,888.0,1043.0,450.0,158.0,1064.0,720.0,919.0,198.0,373.0,1378.0,699.0,572.0,,248.0,82.0,671.0,1149.0,691.0,220.0,981.0,862.0,1512.0,1411.0,269.0
530.0,1297.0,1571.0,729.0,1487.0,1490.0,231.0,636.0,543.0,148.0,1582.0,1105.0,1583.0,,440.0,49.0,926.0,432.0,1651.0,1049.0,1586.0,1311.0,431.0,256.0,446.0
1051.0,1346.0,1589.0,1494.0,1482.0,1021.0,609.0,122.0,40.0,87.0,713.0,611.0,449.0,,159.0,871.0,60.0,1038.0,245.0,385.0,828.0,423.0,397.0,571.0,1079.0
28.0,1362.0,1492.0,844.0,869.0,753.0,823.0,350.0,91.0,385.0,1110.0,599.0,425.0,,1293.0,488.0,454.0,1290.0,1268.0,1359.0,1278.0,176.0,204.0,1616.0,594.0
331.0,885.0,1434.0,1549.0,119.0,962.0,890.0,1381.0,656.0,369.0,324.0,319.0,443.0,,1185.0,763.0,1381.0,1004.0,755.0,36.0,619.0,578.0,1041.0,967.0,402.0
1509.0,271.0,1243.0,1396.0,1084.0,184.0,1602.0,150.0,1530.0,902.0,732.0,35.0,139.0,,1537.0,772.0,943.0,745.0,892.0,1066.0,1606.0,1624.0,221.0,220.0,347.0
1496.0,0.0,1462.0,1539.0,1594.0,295.0,1389.0,1559.0,1438.0,878.0,555.0,667.0,612.0,,876.0,1638.0,1138.0,973.0,106.0,1354.0,1186.0,747.0,1283.0,1276.0,1474.0
209.0,1259.0,1295.0,759.0,310.0,48.0,715.0,1310.0,868.0,1383.0,1511.0,539.0,588.0,,1207.0,190.0,422.0,622.0,1341.0,851.0,1113.0,1617.0,527.0,649.0,275.0
587.0,1385.0,1147.0,1571.0,811.0,1348.0,1468.0,49.0,406.0,184.0,813.0,104.0,64.0,,1097.0,1524.0,42.0,222.0,78.0,980.0,1585.0,634.0,1552.0,1458.0,437.0
134.0,899.0,1375.0,306.0,1539.0,1354.0,1607.0,449.0,1422.0,102.0,901.0,1382.0,1227.0,,545.0,692.0,1116.0,138.0,492.0,1432.0,1640.0,453.0,1107.0,1461.0,132.0
181.0,1214.0,503.0,1094.0,348.0,1380.0,259.0,433.0,15.0,265.0,443.0,1577.0,1340.0,,225.0,266.0,783.0,855.0,594.0,674.0,706.0,570.0,1284.0,308.0,1584.0
1200.0,1492.0,1591.0,666.0,505.0,770.0,391.0,668.0,1015.0,955.0,1037.0,1332.0,1354.0,,356.0,714.0,385.0,406.0,713.0,1474.0,1307.0,564.0,1407.0,853.0,1432.0
63.0,324.0,1354.0,59.0,1164.0,892.0,675.0,1223.0,1607.0,221.0,246.0,537.0,694.0,,1026.0,1582.0,684.0,431.0,595.0,923.0,604.0,541.0,639.0,283.0,49.0
912.0,634.0,640.0,903.0,800.0,376.0,1007.0,162.0,887.0,515.0,853.0,1463.0,220.0,,1165.0,1357.0,1278.0,456.0,637.0,1148.0,765.0,74.0,1358.0,1242.0,636.0
1335.0,1045.0,717.0,1586.0,351.0,239.0,229.0,112.0,387.0,564.0,1116.0,839.0,177.0,,1202.0,1248.0,573.0,1327.0,581.0,6.0,411.0,199.0,252.0,1147.0,906.0
708.0,1317.0,304.0,1570.0,767.0,1047.0,797.0,835.0,337.0,384.0,2.0,747.0,847.0,,1044.0,487.0,1329.0,488.0,307.0,1095.0,247.0,510.0,1363.0,230.0,1501.0
1355.0,1182.0,688.0,293.0,134.0,311.0,1441.0,92.0,182.0,416.0,1209.0,1055.0,157.0,,567.0,1257.0,172.0,161.0,435.0,73.0,644.0,456.0,544.0,666.0,681.0
802.0,751.0,846.0,891.0,1553.0,303.0,1011.0,363.0,809.0,632.0,3.0,1374.0,1415.0,,208.0,238.0,1415.0,1254.0,569.0,1548.0,1452.0,495.0,1196.0,1413.0,521.0
916.0,621.0,431.0,1215.0,252.0,906.0,302.0,992.0,1132.0,1549.0,433.0,929.0,760.0,,868.0,615.0,1396.0,654.0,230.0,551.0,523.0,1113.0,984.0,395.0,2.0
941.0,1624.0,460.0,656.0,202.0,624.0,1163.0,1397.0,1302.0,595.0,761.0,1402.0,779.0,,1484.0,1291.0,1084.0,1329.0,1231.0,5.0,1487.0,260.0,89.0,1069.0,507.0
176.0,1193.0,1258.0,398.0,1076.0,1048.0,173.0,1618.0,1098.0,1614.0,67.0,170.0,424.0,,488.0,1031.0,682.0,1259.0,533.0,209.0,205.0,601.0,1435.0,1288.0,753.0
32.0,247.0,911.0,190.0,484.0,338.0,1216.0,716.0,535.0,342.0,1623.0,806.0,133.0,,1057.0,1051.0,1377.0,582.0,556.0,843.0,766.0,386.0,1380.0,935.0,1642.0
1539.0,571.0,72.0,943.0,801.0,895.0,219.0,1226.0,139.0,983.0,1019.0,173.0,1281.0,,752.0,30.0,1328.0,1588.0,270.0,1132.0,759.0,914.0,433.0,993.0,145.0
1140.0,646.0,702.0,1311.0,213.0,1473.0,1181.0,655.0,128.0,1323.0,866.0,1239.0,90.0,,1490.0,467.0,733.0,480.0,857.0,1175.0,455.0,267.0,407.0,807.0,203.0
407.0,241.0,1450.0,419.0,773.0,1177.0,506.0,912.0,1331.0,355.0,570.0,873.0,609.0,,975.0,322.0,1034.0,1445.0,369.0,749.0,271.0,1638.0,1531.0,1412.0,133.0
957.0,1240.0,210.0,466.0,395.0,116.0,1377.0,70.0,212.0,520.0,1225.0,1307.0,1174.0,,1420.0,743.0,325.0,568.0,212.0,1245.0,163.0,1024.0,90.0,678.0,767.0
389.0,1581.0,955.0,145.0,1258.0,1185.0,36.0,291.0,1007.0,1409.0,506.0,1602.0,1473.0,,1242.0,1434.0,1194.0,1348.0,1376.0,126.0,615.0,1335.0,1454.0,262.0,671.0
1311.0,679.0,273.0,1252.0,962.0,693.0,1520.0,1387.0,1453.0,1501.0,833.0,192.0,1117.0,,87.0,1250.0,1183.0,1196.0,1300.0,315.0,521.0,489.0,933.0,1420.0,745.0
271.0,1400.0,57.0,1633.0,851.0,1434.0,56.0,649.0,548.0,692.0,865.0,1431.0,1593.0,,823.0,1097.0,335.0,1495.0,386.0,1133.0,506.0,60.0,1104.0,1572.0,799.0
1406.0,231.0,1001.0,881.0,152.0,1386.0,190.0,608.0,166.0,1018.0,1263.0,1501.0,877.0,,904.0,765.0,1208.0,230.0,389.0,1073.0,1336.0,768.0,1561.0,1532.0,803.0
813.0,961.0,685.0,167.0,1448.0,1416.0,578.0,999.0,397.0,223.0,243.0,935.0,977.0,,1296.0,170.0,1260.0,2.0,690.0,190.0,966.0,1.0,119.0,127.0,189.0
306.0,753.0,1362.0,1217.0,146.0,173.0,1180.0,468.0,419.0,754.0,996.0,416.0,748.0,,72.0,670.0,1484.0,1207.0,558.0,641.0,1311.0,857.0,369.0,886.0,379.0
1262.0,216.0,772.0,1295.0,1091.0,964.0,293.0,768.0,735.0,1598.0,830.0,1532.0,1036.0,,1571.0,1353.0,744.0,285.0,50.0,1528.0,1508.0,563.0,1208.0,1538.0,1530.0
1392.0,363.0,1126.0,1375.0,838.0,1350.0,515.0,1599.0,1085.0,1550.0,884.0,305.0,553.0,,1597.0,1309.0,1148.0,1245.0,1188.0,155.0,1484.0,1211.0,887.0,645.0,1304.0
906.0,968.0,1289.0,859.0,386.0,402.0,102.0,338.0,1113.0,579.0,1337.0,446.0,869.0,,1543.0,160.0,586.0,1424.0,1581.0,1123.0,1335.0,607.0,957.0,78.0,1118.0
893.0,1038.0,1323.0,598.0,5.0,711.0,317.0,1461.0,741.0,513.0,1114.0,346.0,137.0,,1429.0,314.0,1490.0,881.0,1029.0,115.0,1372.0,1064.0,318.0,800.0,492.0
1167.0,1502.0,465.0,871.0,99.0,67.0,516.0,279.0,666.0,931.0,1079.0,941.0,1147.0,,1643.0,1532.0,49.0,417.0,1210.0,134.0,820.0,654.0,1641.0,653.0,1450.0
669.0,1421.0,1189.0,1583.0,1095.0,1110.0,21.0,163.0,1265.0,336.0,775.0,1011.0,1138.0,,18.0,468.0,601.0,1528.0,261.0,694.0,660.0,1155.0,1628.0,515.0,555.0
889.0,1054.0,44.0,417.0,1576.0,605.0,1369.0,970.0,1022.0,683.0,1543.0,51.0,774.0,,298.0,1635.0,608.0,901.0,1396.0,824.0,1462.0,1194.0,1294.0,422.0,400.0
568.0,232.0,624.0,1534.0,824.0,11.0,787.0,71.0,163.0,1532.0,361.0,875.0,1544.0,,1512.0,1612.0,324.0,202.0,213.0,1096.0,1362.0,461.0,817.0,955.0,865.0
996.0,954.0,371.0,920.0,425.0,726.0,553.0,349.0,1096.0,941.0,733.0,751.0,1560.0,,900.0,1461.0,719.0,984.0,336.0,999.0,621.0,300.0,1213.0,1087.0,837.0
805.0,698.0,1583.0,512.0,528.0,885.0,928.0,226.0,1445.0,1307.0,1466.0,1000.0,269.0,,123.0,738.0,1114.0,1505.0,30.0,912.0,1095.0,1154.0,603.0,1361.0,999.0
1209.0,1229.0,521.0,1061.0,82.0,229.0,663.0,1472.0,529.0,829.0,1230.0,819.0,429.0,,725.0,241.0,1180.0,362.0,410.0,1642.0,1578.0,123.0,44.0,679.0,571.0
316.0,1086.0,581.0,336.0,220.0,1387.0,1573.0,238.0,400.0,1490.0,1560.0,1279.0,1554.0,,1498.0,546.0,846.0,980.0,598.0,409.0,974.0,896.0,1082.0,1160.0,1638.0
879.0,276.0,822.0,81.0,234.0,861.0,1244.0,484.0,468.0,1326.0,1388.0,353.0,1524.0,,233.0,1313.0,531.0,853.0,753.0,151.0,131.0,597.0,643.0,504.0,40.0
16.0,1471.0,1079.0,1371.0,1328.0,766.0,1437.0,1414.0,104.0,477.0,1542.0,10.0,540.0,,205.0,833.0,691.0,1017.0,510.0,4.0,317.0,379.0,487.0,1509.0,1182.0
312.0,749.0,1397.0,337.0,44.0,595.0,1241.0,355.0,1057.0,884.0,654.0,312.0,1519.0,,243.0,1596.0,1354.0,465.0,1097.0,901.0,262.0,1493.0,825.0,799.0,845.0
1435.0,991.0,798.0,993.0,109.0,127.0,1071.0,916.0,1081.0,535.0,948.0,682.0,481.0,,681.0,1577.0,1135.0,1530.0,1277.0,1252.0,876.0,1454.0,1080.0,1629.0,126.0
253.0,470.0,1154.0,582.0,1346.0,776.0,834.0,1294.0,57.0,52.0,301.0,664.0,582.0,,796.0,1368.0,451.0,1182.0,1351.0,1373.0,930.0,291.0,16.0,1116.0,477.0
294.0,329.0,580.0,879.0,1498.0,277.0,1545.0,385.0,1321.0,1286.0,70.0,1157.0,306.0,,183.0,1334.0,274.0,509.0,122.0,242.0,1520.0,34.0,1126.0,254.0,826.0
1521.0,1575.0,1185.0,1637.0,918.0,392.0,872.0,263.0,881.0,1543.0,437.0,623.0,1495.0,,1000.0,901.0,830.0,934.0,858.0,1483.0,98.0,587.0,876.0,1335.0,559.0
915.0,47.0,890.0,1573.0,1326.0,1365.0,1474.0,544.0,552.0,1204.0,1326.0,1149.0,745.0,,13.0,1586.0,122.0,1339.0,1365.0,844.0,948.0,258.0,1153.0,1037.0,967.0
994.0,777.0,1018.0,1379.0,1294.0,1035.0,413.0,772.0,1617.0,746.0,1534.0,1283.0,215.0,,563.0,1169.0,442.0,1418.0,1309.0,1633.0,715.0,482.0,668.0,1166.0,397.0
1480.0,854.0,1360.0,999.0,1437.0,713.0,1399.0,1258.0,1301.0,1482.0,289.0,556.0,1182.0,,443.0,696.0,347.0,212.0,110.0,373.0,608.0,80.0,1389.0,1603.0,955.0
361.0,948.0,1516.0,284.0,364.0,675.0,763.0,75.0,823.0,816.0,656.0,342.0,1306.0,,1282.0,1402.0,1051.0,1650.0,842.0,756.0,969.0,1299.0,723.0,41.0,531.0
596.0,745.0,1469.0,455.0,1606.0,1131.0,208.0,879.0,1471.0,982.0,1018.0,1130.0,1011.0,,1178.0,873.0,211.0,1444.0,796.0,778.0,1472.0,760.0,1538.0,862.0,1024.0
535.0,995.0,1513.0,225.0,96.0,150.0,489.0,437.0,992.0,1210.0,1400.0,948.0,1449.0,,121.0,285.0,1209.0,430.0,243.0,1500.0,148.0,125.0,1235.0,98.0,241.0
575.0,53.0,789.0,1116.0,1604.0,1582.0,1542.0,953.0,458.0,600.0,1572.0,580.0,511.0,,1061.0,1214.0,754.0,1157.0,577.0,708.0,1445.0,1520.0,1328.0,1359.0,734.0
707.0,201.0,1259.0,946.0,1586.0,748.0,1569.0,1357.0,411.0,343.0,434.0,279.0,182.0,,1319.0,1458.0,1394.0,3.0,763.0,1499.0,115.0,282.0,500.0,1341.0,377.0
298.0,1191.0,1577.0,1551.0,975.0,976.0,2.0,1268.0,1060.0,1443.0,952.0,1293.0,319.0,,787.0,1177.0,485.0,1578.0,84.0,313.0,74.0,729.0,1011.0,798.0,1609.0
300.0,580.0,684.0,1302.0,538.0,1046.0,746.0,888.0,771.0,738.0,258.0,1584.0,1309.0,,726.0,1431.0,1235.0,1628.0,1440.0,1534.0,275.0,780.0,322.0,241.0,21.0
87.0,1476.0,1474.0,865.0,1017.0,446.0,1317.0,770.0,160.0,94.0,130.0,872.0,891.0,,1557.0,853.0,1646.0,401.0,1339.0,1146.0,576.0,556.0,1651.0,281.0,1013.0
506.0,1175.0,578.0,637.0,652.0,1638.0,316.0,387.0,1041.0,192.0,71.0,638.0,1376.0,,1422.0,1103.0,22.0,1374.0,102.0,1532.0,1005.0,155.0,1262.0,1300.0,629.0
424.0,1441.0,536.0,1399.0,488.0,1306.0,842.0,750.0,596.0,970.0,1258.0,1365.0,829.0,,1243.0,265.0,547.0,707.0,1158.0,757.0,1109.0,790.0,1647.0,1162.0,1296.0
46.0,229.0,552.0,716.0,286.0,71.0,478.0,266.0,1592.0,1456.0,93.0,969.0,1032.0,,79.0,989.0,762.0,89.0,955.0,1232.0,1253.0,1328.0,1089.0,893.0,1089.0
1331.0,879.0,833.0,548.0,21.0,1065.0,255.0,568.0,970.0,976.0,1033.0,1056.0,1501.0,,192.0,727.0,208.0,856.0,635.0,1210.0,662.0,1074.0,1624.0,124.0,1630.0
1560.0,1448.0,186.0,541.0,862.0,132.0,744.0,1481.0,1510.0,861.0,841.0,65.0,496.0,,580.0,555.0,334.0,1120.0,625.0,710.0,566.0,1029.0,1232.0,640.0,869.0
1035.0,370.0,995.0,1022.0,1237.0,980.0,1103.0,550.0,671.0,743.0,1137.0,1437.0,356.0,,200.0,374.0,46.0,426.0,984.0,1417.0,736.0,574.0,590.0,147.0,483.0
1149.0,436.0,1468.0,528.0,728.0,905.0,97.0,1578.0,815.0,929.0,112.0,512.0,845.0,,1232.0,554.0,1302.0,736.0,297.0,1328.0,847.0,285.0,211.0,958.0,994.0
609.0,445.0,244.0,372.0,550.0,1061.0,1289.0,1308.0,930.0,316.0,536.0,1633.0,348.0,,990.0,1085.0,786.0,478.0,749.0,1033.0,132.0,1489.0,813.0,628.0,1257.0
1487.0,1621.0,430.0,251.0,123.0,1079.0,1074.0,426.0,509.0,618.0,959.0,230.0,1344.0,,1326.0,1162.0,430.0,846.0,650.0,882.0,807.0,1038.0,1247.0,1010.0,702.0
1485.0,1491.0,900.0,263.0,106.0,1550.0,204.0,1446.0,1380.0,668.0,1607.0,194.0,1008.0,,1277.0,1456.0,808.0,1156.0,1219.0,1314.0,1343.0,1488.0,593.0,174.0,619.0
943.0,390.0,1084.0,753.0,750.0,1498.0,1220.0,142.0,939.0,962.0,453.0,1324.0,396.0,,680.0,872.0,662.0,288.0,929.0,1567.0,723.0,433.0,930.0,585.0,852.0
1474.0,976.0,1555.0,192.0,1072.0,205.0,1234.0,1428.0,916.0,629.0,446.0,1646.0,175.0,,527.0,946.0,1120.0,1501.0,324.0,1273.0,64.0,1607.0,622.0,170.0,1190.0
888.0,1457.0,885.0,1641.0,1434.0,1202.0,1162.0,1383.0,437.0,571.0,1103.0,469.0,37.0,,1302.0,1224.0,1499.0,1551.0,79.0,283.0,118.0,741.0,136.0,810.0,265.0
500.0,275.0,1286.0,685.0,583.0,1161.0,940.0,1329.0,1561.0,359.0,1179.0,1558.0,566.0,,554.0,1574.0,243.0,1456.0,1582.0,205.0,463.0,1091.0,381.0,1138.0,547.0
661.0,42.0,551.0,973.0,281.0,286.0,382.0,1137.0,652.0,1199.0,530.0,726.0,551.0,,1288.0,1487.0,23.0,1416.0,567.0,1169.0,675.0,206.0,1056.0,719.0,793.0
1133.0,1396.0,1216.0,1248.0,1342.0,1042.0,1303.0,1136.0,646.0,653.0,815.0,784.0,1080.0,,1447.0,1515.0,992.0,1275.0,583.0,1265.0,561.0,1410.0,99.0,429.0,839.0
896.0,1335.0,126.0,464.0,227.0,65.0,1417.0,712.0,1457.0,114.0,288.0,359.0,191.0,,840.0,627.0,1214.0,1201.0,1175.0,33.0,461.0,324.0,1556.0,184.0,451.0
388.0,564.0,1064.0,448.0,786.0,138.0,605.0,97.0,1184.0,1167.0,1322.0,1248.0,735.0,,691.0,178.0,959.0,1640.0,344.0,679.0,1022.0,4.0,321.0,89.0,1426.0
308.0,1424.0,1653.0,863.0,668.0,657.0,530.0,533.0,76.0,1292.0,638.0,923.0,1048.0,,916.0,1428.0,583.0,987.0,1537.0,1322.0,204.0,410.0,492.0,688.0,882.0
873.0,1363.0,1364.0,713.0,1126.0,410.0,1572.0,215.0,445.0,1375.0,1527.0,1385.0,125.0,,938.0,304.0,569.0,84.0,1223.0,671.0,937.0,923.0,1535.0,717.0,732.0
1424.0,685.0,891.0,163.0,1272.0,1238.0,848.0,270.0,121.0,606.0,748.0,1046.0,3.0,,493.0,611.0,519.0,66.0,1310.0,310.0,823.0,661.0,382.0,135.0,1233.0
392.0,457.0,1635.0,203.0,341.0,140.0,1160.0,61.0,456.0,100.0,794.0,1464.0,1514.0,,327.0,474.0,105.0,250.0,468.0,945.0,1381.0,471.0,799.0,1402.0,1466.0
279.0,1146.0,463.0,449.0,725.0,1101.0,299.0,1416.0,460.0,741.0,1571.0,94.0,1482.0,,1528.0,870.0,336.0,656.0,883.0,442.0,628.0,1629.0,65.0,459.0,949.0
659.0,1010.0,1318.0,1216.0,1290.0,1526.0,979.0,192.0,842.0,698.0,1025.0,1455.0,634.0,,392.0,1525.0,774.0,1095.0,517.0,1218.0,1528.0,354.0,1612.0,615.0,283.0
153.0,414.0,805.0,642.0,277.0,1363.0,1036.0,1549.0,319.0,927.0,1157.0,560.0,926.0,,707.0,561.0,1518.0,828.0,1637.0,316.0,885.0,1300.0,997.0,107.0,1246.0
173.0,1212.0,179.0,55.0,1420.0,1579.0,881.0,588.0,395.0,847.0,376.0,1335.0,1367.0,,540.0,1054.0,1258.0,1146.0,1296.0,1003.0,48.0,425.0,1406.0,1450.0,770.0
374.0,9.0,1074.0,2.0,1071.0,360.0,1628.0,1356.0,495.0,1506.0,585.0,562.0,1053.0,,891.0,1228.0,1006.0,665.0,798.0,766.0,418.0,777.0,1212.0,423.0,1640.0
1134.0,1650.0,510.0,128.0,715.0,1611.0,1005.0,1583.0,49.0,596.0,1649.0,530.0,54.0,,597.0,811.0,740.0,971.0,1232.0,1285.0,985.0,293.0,1343.0,329.0,504.0
45.0,428.0,763.0,1486.0,1543.0,1468.0,590.0,1288.0,484.0,492.0,1343.0,1422.0,605.0,,672.0,745.0,1580.0,549.0,536.0,10.0,1498.0,1166.0,1545.0,370.0,1599.0
376.0,577.0,47.0,553.0,858.0,623.0,708.0,394.0,1145.0,1426.0,608.0,652.0,50.0,,530.0,1074.0,1241.0,1096.0,847.0,1426.0,579.0,785.0,185.0,22.0,1197.0
764.0,1431.0,364.0,1506.0,1602.0,917.0,1274.0,1306.0,1169.0,1524.0,291.0,520.0,1006.0,,521.0,511.0,107.0,225.0,6.0,1402.0,598.0,1373.0,874.0,801.0,1206.0
572.0,1130.0,1443.0,1023.0,1150.0,45.0,1087.0,590.0,1074.0,614.0,909.0,578.0,878.0,,1023.0,1348.0,631.0,951.0,358.0,17.0,391.0,1159.0,989.0,531.0,1.0
950.0,1593.0,607.0,328.0,654.0,110.0,1098.0,948.0,260.0,1221.0,562.0,1275.0,834.0,,147.0,665.0,858.0,90.0,1504.0,398.0,267.0,376.0,392.0,983.0,648.0
1318.0,299.0,195.0,1132.0,1233.0,1552.0,405.0,190.0,408.0,1074.0,360.0,1270.0,1363.0,,760.0,43.0,831.0,1296.0,101.0,904.0,9.0,816.0,1244.0,742.0,895.0
396.0,721.0,278.0,1444.0,1287.0,1201.0,348.0,721.0,624.0,574.0,847.0,1319.0,1040.0,,1056.0,,488.0,310.0,780.0,1327.0,217.0,1539.0,224.0,319.0,596.0
26.0,115.0,1533.0,1480.0,460.0,1069.0,758.0,10.0,743.0,1309.0,1275.0,190.0,919.0,,1570.0,,480.0,1559.0,1119.0,1527.0,945.0,333.0,425.0,774.0,179.0
195.0,1281.0,470.0,1223.0,1371.0,1103.0,1258.0,792.0,899.0,526.0,894.0,809.0,1539.0,,229.0,,91.0,60.0,103.0,68.0,8.0,280.0,1623.0,705.0,1517.0
1615.0,27.0,422.0,403.0,1559.0,1561.0,832.0,818.0,388.0,1546.0,636.0,374.0,49.0,,1496.0,,843.0,49.0,75.0,893.0,1135.0,1272.0,151.0,684.0,151.0
574.0,196.0,1576.0,11.0,1031.0,747.0,1051.0,850.0,1324.0,1108.0,1246.0,487.0,1615.0,,320.0,,1325.0,874.0,175.0,339.0,18.0,928.0,792.0,114.0,669.0
1338.0,612.0,585.0,605.0,1646.0,307.0,1353.0,1025.0,372.0,224.0,357.0,1420.0,1144.0,,76.0,,66.0,1379.0,1067.0,1177.0,551.0,360.0,191.0,1312.0,1131.0
1025.0,1197.0,1222.0,1353.0,970.0,807.0,617.0,1187.0,902.0,15.0,1040.0,812.0,854.0,,987.0,,330.0,1278.0,811.0,1194.0,1131.0,593.0,572.0,1317.0,426.0
1135.0,1324.0,271.0,156.0,267.0,1059.0,1346.0,420.0,421.0,1404.0,1309.0,283.0,1480.0,,382.0,,197.0,504.0,1526.0,215.0,863.0,158.0,824.0,1098.0,141.0
987.0,770.0,438.0,280.0,972.0,332.0,1592.0,1278.0,14.0,534.0,777.0,456.0,1267.0,,642.0,,1064.0,146.0,477.0,813.0,786.0,443.0,160.0,83.0,1538.0
284.0,1145.0,939.0,873.0,1522.0,743.0,0.0,246.0,194.0,1112.0,1618.0,955.0,685.0,,528.0,,1399.0,1524.0,1087.0,185.0,1017.0,756.0,166.0,471.0,47.0
642.0,262.0,190.0,1103.0,1096.0,297.0,1547.0,331.0,438.0,936.0,253.0,52.0,1237.0,,692.0,,576.0,141.0,485.0,1001.0,978.0,1143.0,1361.0,981.0,1003.0
182.0,1310.0,1305.0,220.0,1312.0,1618.0,9.0,1546.0,23.0,775.0,83.0,1047.0,644.0,,1423.0,,1339.0,1103.0,1273.0,514.0,1211.0,58.0,2.0,601.0,824.0
521.0,559.0,1651.0,1435.0,1048.0,1407.0,1385.0,1348.0,420.0,663.0,1171.0,1061.0,765.0,,501.0,,164.0,88.0,513.0,584.0,573.0,1402.0,578.0,673.0,567.0
1022.0,1236.0,694.0,1113.0,845.0,1240.0,1634.0,1003.0,919.0,486.0,5.0,377.0,523.0,,972.0,,542.0,1614.0,844.0,903.0,895.0,1630.0,520.0,530.0,825.0
1112.0,1227.0,1153.0,620.0,1632.0,1428.0,276.0,1106.0,109.0,1075.0,1288.0,717.0,1373.0,,811.0,,708.0,1455.0,901.0,1382.0,1241.0,753.0,840.0,160.0,592.0
187.0,806.0,839.0,1126.0,487.0,285.0,1383.0,1510.0,8.0,660.0,1244.0,239.0,323.0,,1318.0,,1407.0,243.0,439.0,1340.0,738.0,1285.0,658.0,523.0,1585.0
1189.0,1247.0,1595.0,1210.0,1585.0,1506.0,145.0,1066.0,1358.0,1209.0,599.0,957.0,897.0,,636.0,,999.0,666.0,452.0,1538.0,699.0,854.0,703.0,714.0,1419.0
421.0,946.0,28.0,626.0,1034.0,1368.0,1169.0,1129.0,1036.0,889.0,1076.0,4.0,1562.0,,625.0,,212.0,1516.0,693.0,998.0,385.0,886.0,1142.0,75.0,1018.0
321.0,1528.0,866.0,499.0,842.0,267.0,1601.0,310.0,291.0,1189.0,299.0,890.0,705.0,,413.0,,788.0,709.0,111.0,742.0,193.0,1492.0,1198.0,302.0,1314.0
1395.0,1435.0,34.0,562.0,1100.0,1433.0,517.0,172.0,246.0,214.0,1134.0,1243.0,1433.0,,1285.0,,1103.0,119.0,554.0,1139.0,1249.0,1226.0,1317.0,835.0,1444.0
229.0,454.0,45.0,482.0,1245.0,1231.0,481.0,722.0,851.0,818.0,1146.0,924.0,190.0,,1135.0,,404.0,1519.0,762.0,1634.0,833.0,1210.0,129.0,1414.0,83.0
99.0,1379.0,172.0,354.0,435.0,26.0,849.0,1271.0,338.0,645.0,635.0,168.0,966.0,,197.0,,144.0,1585.0,1240.0,819.0,857.0,373.0,735.0,1278.0,155.0
1578.0,520.0,1223.0,1504.0,1064.0,188.0,1198.0,1163.0,1206.0,1081.0,372.0,325.0,758.0,,1188.0,,768.0,147.0,538.0,257.0,52.0,63.0,329.0,1101.0,1242.0
333.0,509.0,187.0,1471.0,1145.0,230.0,240.0,1015.0,382.0,27.0,13.0,143.0,817.0,,1624.0,,1172.0,1311.0,962.0,35.0,1151.0,1312.0,253.0,1220.0,887.0
1212.0,158.0,48.0,586.0,28.0,1279.0,1505.0,53.0,1257.0,702.0,989.0,1100.0,357.0,,1334.0,,70.0,680.0,712.0,848.0,333.0,175.0,1025.0,903.0,356.0
1633.0,1591.0,1057.0,1416.0,141.0,1399.0,1617.0,1108.0,651.0,1011.0,406.0,1119.0,417.0,,135.0,,213.0,793.0,776.0,1069.0,1564.0,1548.0,1303.0,294.0,929.0
899.0,951.0,1545.0,641.0,547.0,900.0,1438.0,225.0,1390.0,779.0,1323.0,96.0,922.0,,693.0,,636.0,1641.0,1051.0,1418.0,473.0,770.0,1197.0,428.0,51.0
1457.0,1411.0,835.0,1249.0,266.0,543.0,1145.0,947.0,244.0,57.0,742.0,330.0,1013.0,,172.0,,1625.0,487.0,1102.0,216.0,767.0,1225.0,821.0,42.0,1243.0
68.0,1032.0,197.0,1172.0,1620.0,759.0,1227.0,769.0,1371.0,674.0,350.0,151.0,1261.0,,155.0,,1530.0,389.0,831.0,1374.0,624.0,743.0,1569.0,838.0,888.0
1193.0,659.0,709.0,1636.0,439.0,1588.0,1363.0,405.0,608.0,132.0,1619.0,678.0,1642.0,,162.0,,916.0,524.0,655.0,271.0,748.0,642.0,1144.0,1060.0,1468.0
1427.0,1318.0,1403.0,858.0,1019.0,596.0,1388.0,824.0,1506.0,1411.0,99.0,793.0,766.0,,364.0,,1014.0,583.0,1602.0,527.0,869.0,265.0,1073.0,1452.0,1121.0
548.0,1604.0,1283.0,1373.0,381.0,385.0,1401.0,1566.0,792.0,833.0,309.0,1529.0,731.0,,1443.0,,1418.0,586.0,715.0,971.0,525.0,1233.0,1375.0,463.0,1365.0
940.0,906.0,1254.0,1174.0,1074.0,259.0,761.0,1269.0,223.0,1028.0,1584.0,1614.0,341.0,,1341.0,,102.0,508.0,80.0,952.0,472.0,1526.0,1514.0,23.0,24.0
1492.0,1287.0,1016.0,1125.0,1649.0,452.0,63.0,1208.0,965.0,1158.0,1098.0,1083.0,41.0,,608.0,,456.0,1459.0,548.0,1021.0,290.0,1161.0,1580.0,902.0,1038.0
1201.0,892.0,949.0,677.0,245.0,630.0,1292.0,1209.0,1119.0,448.0,165.0,786.0,1484.0,,903.0,,1002.0,703.0,669.0,1540.0,405.0,1572.0,545.0,274.0,1272.0
31.0,996.0,399.0,1257.0,1339.0,257.0,250.0,1107.0,16.0,491.0,612.0,507.0,63.0,,81.0,,941.0,1472.0,1361.0,1478.0,1084.0,924.0,415.0,825.0,966.0
1390.0,1523.0,1392.0,1405.0,1174.0,161.0,1525.0,815.0,164.0,797.0,1028.0,811.0,638.0,,148.0,,261.0,11.0,279.0,1381.0,20.0,582.0,1650.0,775.0,866.0
559.0,671.0,757.0,1192.0,985.0,1308.0,1056.0,1185.0,931.0,1050.0,519.0,1474.0,346.0,,418.0,,235.0,352.0,1391.0,730.0,634.0,345.0,588.0,1039.0,278.0
1526.0,153.0,1221.0,91.0,1136.0,1455.0,873.0,607.0,499.0,206.0,1145.0,413.0,389.0,,818.0,,1647.0,1169.0,44.0,721.0,439.0,592.0,926.0,204.0,853.0
98.0,1283.0,524.0,561.0,1276.0,828.0,976.0,1328.0,1386.0,115.0,277.0,504.0,297.0,,585.0,,1584.0,1537.0,1275.0,477.0,143.0,1597.0,1059.0,979.0,1082.0
1544.0,373.0,997.0,834.0,63.0,559.0,1644.0,1173.0,1029.0,1022.0,4.0,1525.0,1211.0,,1311.0,,149.0,1144.0,906.0,791.0,1398.0,1048.0,651.0,960.0,1505.0
1552.0,1190.0,1265.0,1291.0,476.0,1312.0,1029.0,127.0,70.0,712.0,1298.0,1593.0,788.0,,134.0,,1141.0,878.0,342.0,1023.0,57.0,1490.0,594.0,855.0,1106.0
1091.0,1099.0,1083.0,829.0,137.0,279.0,993.0,694.0,66.0,748.0,1123.0,1573.0,52.0,,403.0,,1010.0,992.0,523.0,834.0,1204.0,1540.0,1282.0,1564.0,1072.0
540.0,380.0,1593.0,612.0,70.0,1232.0,132.0,443.0,296.0,1382.0,1340.0,1330.0,734.0,,1393.0,,591.0,1250.0,351.0,1082.0,480.0,822.0,159.0,1191.0,238.0
444.0,737.0,927.0,699.0,1211.0,1585.0,52.0,87.0,46.0,306.0,670.0,1403.0,1046.0,,663.0,,1414.0,599.0,1011.0,508.0,588.0,892.0,1263.0,1121.0,0.0
469.0,1177.0,188.0,707.0,687.0,973.0,1104.0,378.0,371.0,1650.0,149.0,1140.0,1545.0,,457.0,,1387.0,1147.0,1473.0,941.0,1009.0,114.0,499.0,476.0,1195.0
960.0,403.0,564.0,1260.0,603.0,1465.0,6.0,610.0,791.0,1458.0,1346.0,172.0,1134.0,,1030.0,,1549.0,24.0,1015.0,812.0,701.0,68.0,837.0,507.0,1399.0
7.0,919.0,353.0,850.0,260.0,212.0,964.0,939.0,54.0,796.0,1600.0,693.0,1515.0,,748.0,,1140.0,8.0,469.0,868.0,900.0,186.0,1228.0,784.0,848.0
1618.0,820.0,1650.0,568.0,993.0,343.0,750.0,560.0,175.0,1378.0,1192.0,1091.0,1570.0,,1585.0,,1292.0,148.0,1350.0,1506.0,797.0,1009.0,715.0,854.0,398.0
776.0,1645.0,1206.0,1024.0,1350.0,1271.0,1623.0,1561.0,1147.0,478.0,683.0,410.0,483.0,,901.0,,908.0,1064.0,95.0,1618.0,973.0,908.0,146.0,1483.0,231.0
470.0,553.0,883.0,1117.0,1531.0,866.0,372.0,1247.0,1159.0,766.0,967.0,243.0,128.0,,910.0,,418.0,1024.0,407.0,1131.0,245.0,362.0,1026.0,121.0,1223.0
1593.0,874.0,1048.0,731.0,1407.0,271.0,809.0,556.0,483.0,236.0,1201.0,255.0,433.0,,997.0,,143.0,18.0,33.0,49.0,1179.0,1052.0,648.0,202.0,436.0
936.0,1253.0,1166.0,1358.0,558.0,722.0,985.0,737.0,1164.0,1083.0,611.0,1408.0,28.0,,1173.0,,1104.0,453.0,1006.0,1196.0,1373.0,126.0,683.0,552.0,832.0
1013.0,1203.0,893.0,1384.0,1020.0,403.0,1012.0,290.0,263.0,1388.0,207.0,931.0,876.0,,1074.0,,228.0,1610.0,682.0,1333.0,537.0,1394.0,1093.0,243.0,821.0
1322.0,1216.0,448.0,54.0,916.0,1018.0,459.0,1623.0,1310.0,986.0,817.0,245.0,1317.0,,1271.0,,778.0,940.0,1647.0,1197.0,1489.0,655.0,1498.0,1475.0,518.0
1506.0,956.0,810.0,254.0,1226.0,805.0,1577.0,1034.0,42.0,1255.0,80.0,1562.0,661.0,,1297.0,,168.0,1102.0,537.0,847.0,104.0,615.0,768.0,933.0,311.0
129.0,1033.0,959.0,1308.0,1024.0,119.0,1229.0,1183.0,237.0,271.0,1335.0,16.0,831.0,,1627.0,,278.0,1557.0,1042.0,660.0,1534.0,1240.0,116.0,1364.0,728.0
743.0,480.0,1566.0,933.0,1423.0,1463.0,490.0,1367.0,251.0,3.0,997.0,66.0,188.0,,1240.0,,71.0,972.0,1283.0,1640.0,787.0,930.0,793.0,1256.0,1316.0
1265.0,1446.0,783.0,794.0,235.0,622.0,241.0,1635.0,802.0,932.0,659.0,618.0,803.0,,1055.0,,110.0,1342.0,97.0,396.0,534.0,903.0,1365.0,198.0,252.0
149.0,1037.0,523.0,23.0,735.0,1152.0,221.0,63.0,1008.0,794.0,1277.0,8.0,944.0,,640.0,,1312.0,1163.0,658.0,454.0,965.0,1583.0,767.0,1005.0,164.0
363.0,702.0,837.0,616.0,1070.0,1142.0,1106.0,830.0,1521.0,476.0,1223.0,1272.0,1372.0,,1436.0,,1054.0,945.0,1557.0,845.0,909.0,897.0,1128.0,822.0,938.0
818.0,798.0,689.0,1258.0,1016.0,1136.0,152.0,754.0,785.0,616.0,1591.0,927.0,207.0,,290.0,,611.0,376.0,1573.0,633.0,1491.0,568.0,115.0,1198.0,1556.0
1518.0,1545.0,550.0,357.0,201.0,1623.0,340.0,1167.0,1605.0,1630.0,1614.0,1496.0,704.0,,1249.0,,932.0,170.0,1625.0,354.0,162.0,1515.0,1334.0,416.0,1632.0
753.0,132.0,492.0,44.0,1622.0,1600.0,124.0,379.0,1240.0,710.0,979.0,418.0,159.0,,1041.0,,1009.0,1469.0,963.0,1104.0,176.0,318.0,56.0,1426.0,1350.0
1152.0,284.0,56.0,869.0,1273.0,1359.0,213.0,346.0,974.0,545.0,1538.0,976.0,1609.0,,1618.0,,530.0,152.0,999.0,1431.0,1537.0,262.0,203.0,931.0,294.0
305.0,1505.0,1042.0,898.0,738.0,719.0,1354.0,156.0,938.0,667.0,840.0,1131.0,448.0,,1141.0,,912.0,14.0,1242.0,1331.0,1320.0,1055.0,759.0,986.0,563.0
1236.0,75.0,919.0,1400.0,1103.0,8.0,1261.0,1090.0,1377.0,1160.0,1068.0,1587.0,1512.0,,1596.0,,157.0,663.0,219.0,1602.0,678.0,1093.0,421.0,1015.0,71.0
507.0,1268.0,1419.0,696.0,595.0,507.0,337.0,436.0,977.0,105.0,419.0,1257.0,1186.0,,37.0,,856.0,266.0,1069.0,1255.0,1581.0,1141.0,95.0,432.0,20.0
1120.0,1277.0,617.0,1141.0,238.0,610.0,1570.0,1586.0,843.0,163.0,333.0,1215.0,146.0,,124.0,,57.0,962.0,1566.0,983.0,113.0,852.0,1456.0,715.0,54.0
1223.0,1053.0,861.0,846.0,16.0,1125.0,1315.0,1033.0,1255.0,371.0,43.0,1645.0,718.0,,110.0,,244.0,1107.0,205.0,227.0,688.0,184.0,86.0,1074.0,96.0
1226.0,106.0,443.0,259.0,1221.0,1219.0,1139.0,1095.0,1151.0,494.0,,141.0,475.0,,1510.0,,327.0,1335.0,891.0,221.0,1093.0,45.0,474.0,488.0,1292.0
1519.0,819.0,507.0,236.0,111.0,858.0,1426.0,1149.0,1417.0,1166.0,,275.0,1016.0,,509.0,,365.0,1282.0,965.0,1498.0,99.0,476.0,335.0,1648.0,997.0
1465.0,333.0,479.0,769.0,1495.0,986.0,667.0,637.0,1484.0,782.0,,970.0,184.0,,1006.0,,984.0,724.0,1481.0,1195.0,1285.0,617.0,961.0,1367.0,1161.0
1271.0,3.0,1429.0,143.0,1564.0,1346.0,95.0,160.0,502.0,839.0,,1506.0,808.0,,230.0,,282.0,1484.0,470.0,863.0,971.0,20.0,17.0,561.0,1090.0
73.0,535.0,1427.0,114.0,1325.0,1514.0,777.0,613.0,1598.0,1424.0,,42.0,36.0,,877.0,,136.0,1376.0,724.0,1490.0,593.0,1451.0,827.0,166.0,792.0
792.0,1050.0,853.0,1046.0,75.0,829.0,945.0,352.0,907.0,527.0,,249.0,955.0,,235.0,,53.0,889.0,1222.0,1013.0,581.0,336.0,361.0,730.0,282.0
1292.0,149.0,586.0,26.0,208.0,1472.0,406.0,1321.0,1477.0,558.0,,1225.0,405.0,,107.0,,970.0,1056.0,570.0,492.0,1234.0,876.0,237.0,1579.0,842.0
1085.0,315.0,1229.0,824.0,1636.0,133.0,100.0,1457.0,1142.0,868.0,,1589.0,1214.0,,1636.0,,322.0,1463.0,744.0,307.0,1077.0,106.0,51.0,1580.0,1100.0
168.0,237.0,1180.0,904.0,1540.0,1066.0,725.0,1462.0,1476.0,989.0,,1297.0,367.0,,537.0,,1620.0,1313.0,777.0,1353.0,959.0,364.0,1564.0,1059.0,120.0
1217.0,1138.0,969.0,1610.0,1499.0,58.0,1397.0,1130.0,1045.0,1450.0,,1245.0,1578.0,,1354.0,,913.0,1279.0,862.0,987.0,1345.0,226.0,247.0,247.0,1037.0
872.0,1251.0,406.0,617.0,1490.0,536.0,704.0,742.0,958.0,1558.0,,825.0,1489.0,,1218.0,,951.0,1306.0,730.0,1248.0,1405.0,1456.0,344.0,378.0,166.0
1540.0,422.0,1200.0,786.0,1101.0,1418.0,1178.0,761.0,1429.0,1349.0,,742.0,1244.0,,324.0,,812.0,511.0,285.0,496.0,1464.0,1320.0,6.0,142.0,1022.0
758.0,427.0,742.0,1123.0,1517.0,107.0,385.0,37.0,858.0,1107.0,,767.0,68.0,,1578.0,,714.0,308.0,68.0,1105.0,1123.0,1509.0,1131.0,245.0,463.0
1461.0,14.0,1023.0,1154.0,1203.0,497.0,1447.0,134.0,368.0,759.0,,1458.0,411.0,,1472.0,,837.0,988.0,701.0,1108.0,1188.0,242.0,1236.0,1338.0,1295.0
328.0,1369.0,553.0,1395.0,658.0,1262.0,1147.0,889.0,1466.0,1529.0,,684.0,940.0,,261.0,,378.0,780.0,979.0,1241.0,228.0,944.0,1473.0,1137.0,907.0
616.0,358.0,136.0,917.0,1390.0,105.0,1645.0,535.0,605.0,240.0,,768.0,1125.0,,1477.0,,345.0,1617.0,1605.0,58.0,1510.0,680.0,122.0,551.0,936.0
984.0,1021.0,157.0,1440.0,638.0,845.0,483.0,791.0,949.0,949.0,,939.0,1457.0,,278.0,,1543.0,336.0,394.0,1601.0,185.0,1105.0,390.0,548.0,698.0
1156.0,1355.0,785.0,1226.0,537.0,999.0,66.0,986.0,1221.0,774.0,,1004.0,744.0,,111.0,,397.0,1408.0,602.0,1024.0,500.0,1277.0,689.0,1150.0,1053.0
55.0,224.0,313.0,897.0,1629.0,632.0,637.0,464.0,875.0,684.0,,1261.0,583.0,,1568.0,,597.0,1018.0,1090.0,1264.0,324.0,308.0,701.0,901.0,264.0
944.0,778.0,403.0,247.0,225.0,1001.0,277.0,371.0,988.0,1410.0,,321.0,599.0,,959.0,,647.0,774.0,1249.0,1401.0,1402.0,387.0,523.0,250.0,1112.0
313.0,1034.0,1570.0,106.0,935.0,1248.0,440.0,358.0,503.0,447.0,,1608.0,676.0,,369.0,,680.0,451.0,363.0,905.0,1642.0,1072.0,32.0,580.0,641.0
787.0,1530.0,368.0,137.0,1088.0,1547.0,1131.0,1471.0,1603.0,524.0,,480.0,560.0,,1440.0,,124.0,48.0,354.0,1552.0,814.0,971.0,336.0,3.0,861.0
239.0,903.0,563.0,42.0,1405.0,580.0,914.0,52.0,191.0,191.0,,642.0,1651.0,,358.0,,1044.0,76.0,1.0,57.0,25.0,1092.0,569.0,1178.0,987.0
612.0,894.0,693.0,253.0,174.0,953.0,1228.0,1281.0,787.0,1619.0,,1512.0,62.0,,237.0,,51.0,133.0,1104.0,13.0,867.0,684.0,630.0,1612.0,1644.0
20.0,1633.0,21.0,1305.0,1338.0,1314.0,622.0,287.0,1055.0,1036.0,,1580.0,408.0,,890.0,,956.0,639.0,1005.0,403.0,416.0,1598.0,857.0,1188.0,920.0
1268.0,36.0,515.0,319.0,241.0,902.0,492.0,612.0,1091.0,525.0,,365.0,154.0,,753.0,,160.0,220.0,520.0,1112.0,161.0,925.0,898.0,253.0,1273.0
237.0,145.0,7.0,1205.0,354.0,1375.0,841.0,401.0,713.0,1051.0,,1427.0,1133.0,,652.0,,1286.0,182.0,320.0,1339.0,1352.0,953.0,341.0,284.0,182.0
1541.0,99.0,1495.0,396.0,1618.0,1642.0,1151.0,1617.0,786.0,1607.0,,723.0,1474.0,,665.0,,178.0,1130.0,430.0,723.0,171.0,1266.0,1002.0,1304.0,9.0
630.0,465.0,838.0,938.0,566.0,573.0,14.0,1495.0,227.0,69.0,,162.0,1022.0,,702.0,,490.0,165.0,1454.0,1234.0,646.0,325.0,1501.0,153.0,1259.0
1554.0,780.0,1205.0,624.0,1030.0,680.0,659.0,807.0,286.0,1594.0,,1302.0,1575.0,,765.0,,1227.0,1598.0,32.0,1153.0,1043.0,1387.0,764.0,453.0,1575.0
457.0,2.0,813.0,480.0,796.0,651.0,497.0,456.0,0.0,244.0,,1595.0,733.0,,1053.0,,757.0,742.0,504.0,1268.0,1050.0,1083.0,1350.0,746.0,363.0
192.0,1489.0,1573.0,526.0,1112.0,1120.0,817.0,1514.0,759.0,484.0,,1429.0,1292.0,,1107.0,,1153.0,1577.0,666.0,510.0,655.0,252.0,1156.0,701.0,873.0
1456.0,764.0,54.0,1296.0,58.0,1259.0,815.0,782.0,1491.0,262.0,,1564.0,23.0,,539.0,,1185.0,1164.0,933.0,1068.0,1338.0,1439.0,177.0,1543.0,968.0
809.0,394.0,252.0,1391.0,1243.0,1133.0,176.0,486.0,1494.0,161.0,,453.0,494.0,,1322.0,,1079.0,252.0,1545.0,1288.0,249.0,1362.0,696.0,221.0,624.0
556.0,871.0,107.0,1149.0,48.0,1302.0,1440.0,1330.0,1207.0,1216.0,,1444.0,969.0,,940.0,,1317.0,974.0,1482.0,878.0,1033.0,294.0,26.0,503.0,200.0
495.0,1230.0,972.0,547.0,442.0,1325.0,1247.0,502.0,1120.0,879.0,,1053.0,187.0,,1086.0,,1463.0,25.0,1535.0,564.0,1039.0,823.0,424.0,330.0,239.0
1649.0,876.0,1115.0,969.0,1106.0,513.0,1390.0,1492.0,157.0,1459.0,,210.0,46.0,,1200.0,,1236.0,390.0,1027.0,475.0,754.0,548.0,923.0,1193.0,828.0
436.0,1079.0,141.0,1137.0,1456.0,970.0,837.0,23.0,48.0,1303.0,,1624.0,702.0,,281.0,,6.0,1292.0,1000.0,1053.0,142.0,1315.0,1543.0,1355.0,1589.0
12.0,233.0,929.0,487.0,626.0,357.0,772.0,559.0,910.0,314.0,,885.0,1504.0,,1507.0,,817.0,1126.0,1319.0,1559.0,1544.0,217.0,976.0,1492.0,1305.0
159.0,96.0,1372.0,1181.0,768.0,371.0,860.0,1336.0,890.0,1441.0,,84.0,205.0,,1299.0,,1016.0,265.0,1533.0,285.0,1630.0,193.0,148.0,1167.0,1147.0
1241.0,1331.0,366.0,1462.0,132.0,1382.0,771.0,951.0,1134.0,677.0,,34.0,490.0,,1524.0,,1262.0,372.0,1617.0,1364.0,1218.0,865.0,494.0,1212.0,1581.0
196.0,48.0,1381.0,1349.0,1542.0,825.0,671.0,1438.0,141.0,967.0,,1060.0,635.0,,1502.0,,1458.0,277.0,1245.0,472.0,1252.0,1179.0,882.0,1333.0,85.0
1179.0,967.0,526.0,664.0,543.0,1252.0,328.0,1048.0,1570.0,1392.0,,959.0,1411.0,,933.0,,54.0,1550.0,440.0,407.0,190.0,805.0,1201.0,1536.0,742.0
83.0,722.0,1062.0,169.0,1060.0,374.0,305.0,211.0,1614.0,168.0,,1418.0,899.0,,14.0,,25.0,1121.0,335.0,388.0,465.0,1243.0,482.0,412.0,355.0
251.0,1133.0,645.0,644.0,1426.0,1017.0,322.0,95.0,1535.0,707.0,,655.0,1229.0,,354.0,,1125.0,1597.0,634.0,148.0,1560.0,1478.0,391.0,796.0,1548.0
1379.0,467.0,1411.0,110.0,299.0,1572.0,575.0,766.0,100.0,1020.0,,1380.0,358.0,,405.0,,886.0,543.0,1451.0,1250.0,515.0,29.0,1230.0,1531.0,487.0
384.0,1371.0,1112.0,181.0,1593.0,450.0,855.0,680.0,65.0,1335.0,,841.0,935.0,,154.0,,1456.0,72.0,3.0,782.0,1183.0,276.0,8.0,1046.0,1071.0
752.0,526.0,1105.0,841.0,47.0,62.0,549.0,1243.0,1220.0,532.0,,300.0,655.0,,1060.0,,1201.0,42.0,947.0,1326.0,1302.0,97.0,1083.0,248.0,1168.0
101.0,1129.0,1617.0,985.0,1538.0,348.0,1093.0,1375.0,1440.0,9.0,,383.0,1608.0,,132.0,,828.0,32.0,473.0,885.0,1270.0,965.0,294.0,1528.0,730.0
1571.0,1402.0,712.0,622.0,1439.0,1080.0,1132.0,445.0,1498.0,1060.0,,758.0,1246.0,,340.0,,1426.0,826.0,1151.0,881.0,157.0,1426.0,220.0,1576.0,1236.0
1301.0,760.0,1293.0,1445.0,895.0,993.0,1455.0,598.0,731.0,1262.0,,1301.0,223.0,,317.0,,687.0,1289.0,1086.0,925.0,383.0,1008.0,409.0,1109.0,1281.0
164.0,1615.0,722.0,517.0,471.0,888.0,1345.0,705.0,197.0,826.0,,1253.0,415.0,,1190.0,,859.0,292.0,1182.0,1211.0,577.0,835.0,530.0,616.0,1526.0
1160.0,1294.0,990.0,986.0,31.0,142.0,349.0,959.0,1171.0,1003.0,,1369.0,1528.0,,432.0,,315.0,1320.0,105.0,513.0,1595.0,1130.0,272.0,35.0,1173.0
1525.0,1494.0,222.0,368.0,261.0,448.0,43.0,389.0,1075.0,199.0,,1545.0,576.0,,1238.0,,751.0,1083.0,256.0,401.0,725.0,821.0,1610.0,849.0,329.0
409.0,398.0,1643.0,808.0,1624.0,167.0,,1491.0,538.0,1384.0,,387.0,293.0,,772.0,,35.0,1417.0,1225.0,626.0,1443.0,444.0,328.0,841.0,339.0
693.0,950.0,393.0,1618.0,1332.0,236.0,,1331.0,1590.0,1300.0,,1586.0,1529.0,,1174.0,,752.0,1026.0,418.0,786.0,485.0,409.0,951.0,74.0,1369.0
1507.0,150.0,320.0,1053.0,1333.0,19.0,,543.0,1201.0,1452.0,,1372.0,1181.0,,807.0,,504.0,484.0,1091.0,236.0,553.0,717.0,907.0,449.0,381.0
801.0,1470.0,1212.0,764.0,1504.0,935.0,,1152.0,540.0,671.0,,1136.0,113.0,,1330.0,,466.0,283.0,493.0,172.0,206.0,1544.0,1479.0,1481.0,286.0
710.0,1196.0,1352.0,767.0,708.0,169.0,,1455.0,1013.0,987.0,,963.0,131.0,,1225.0,,898.0,422.0,648.0,27.0,33.0,248.0,123.0,446.0,723.0
366.0,759.0,965.0,732.0,190.0,933.0,,1479.0,1524.0,1306.0,,714.0,681.0,,1091.0,,561.0,1001.0,1358.0,1363.0,53.0,894.0,1346.0,1095.0,557.0
324.0,795.0,296.0,730.0,780.0,1329.0,,1450.0,1277.0,1498.0,,1639.0,1251.0,,562.0,,929.0,1194.0,303.0,915.0,805.0,648.0,649.0,1440.0,1384.0
1490.0,1334.0,1073.0,609.0,1270.0,534.0,,1556.0,1019.0,1575.0,,498.0,121.0,,991.0,,1642.0,1364.0,675.0,735.0,62.0,1245.0,1331.0,638.0,1073.0
1007.0,248.0,297.0,1644.0,1239.0,1024.0,,1311.0,1027.0,1625.0,,1095.0,689.0,,1593.0,,308.0,344.0,1636.0,1564.0,778.0,377.0,1417.0,233.0,1427.0
1336.0,21.0,103.0,1372.0,480.0,322.0,,332.0,1591.0,1138.0,,395.0,234.0,,544.0,,83.0,1014.0,1012.0,1495.0,776.0,16.0,385.0,690.0,60.0
156.0,1644.0,561.0,755.0,232.0,1406.0,,319.0,1416.0,349.0,,384.0,570.0,,40.0,,273.0,1636.0,457.0,1325.0,627.0,1304.0,284.0,1583.0,1008.0
91.0,1511.0,1579.0,1401.0,491.0,1257.0,,697.0,504.0,437.0,,865.0,1334.0,,1071.0,,947.0,1365.0,1418.0,114.0,1391.0,1431.0,22.0,766.0,640.0
1396.0,739.0,721.0,653.0,629.0,732.0,,199.0,1441.0,414.0,,1590.0,525.0,,872.0,,1070.0,789.0,802.0,968.0,549.0,972.0,1114.0,96.0,695.0
123.0,19.0,178.0,347.0,1282.0,467.0,,718.0,723.0,451.0,,495.0,311.0,,1150.0,,403.0,321.0,207.0,875.0,768.0,389.0,1157.0,1244.0,915.0
1570.0,845.0,1097.0,660.0,458.0,1154.0,,709.0,62.0,1628.0,,1077.0,1532.0,,1051.0,,52.0,217.0,873.0,678.0,873.0,990.0,746.0,579.0,227.0
1643.0,489.0,1174.0,601.0,401.0,1397.0,,794.0,433.0,1318.0,,1189.0,645.0,,1572.0,,1057.0,894.0,228.0,128.0,304.0,730.0,57.0,752.0,1094.0
40.0,963.0,286.0,472.0,1121.0,416.0,,531.0,1405.0,773.0,,1159.0,1035.0,,920.0,,845.0,1116.0,739.0,1345.0,707.0,1252.0,769.0,1388.0,708.0
1354.0,861.0,1560.0,348.0,980.0,451.0,,55.0,1537.0,1464.0,,1613.0,1399.0,,396.0,,1649.0,1352.0,1208.0,214.0,360.0,1147.0,559.0,537.0,707.0
1563.0,905.0,268.0,384.0,1445.0,408.0,,771.0,53.0,1553.0,,157.0,270.0,,600.0,,373.0,598.0,128.0,648.0,1164.0,720.0,733.0,1495.0,130.0
373.0,767.0,457.0,1388.0,932.0,1143.0,,3.0,1170.0,220.0,,444.0,86.0,,153.0,,1105.0,105.0,600.0,377.0,870.0,1398.0,766.0,1230.0,1559.0
1459.0,558.0,1012.0,303.0,449.0,420.0,,609.0,936.0,1561.0,,629.0,801.0,,307.0,,1335.0,1474.0,187.0,349.0,425.0,205.0,1362.0,267.0,223.0
611.0,1549.0,77.0,725.0,372.0,1007.0,,1403.0,1040.0,626.0,,412.0,136.0,,1346.0,,1643.0,142.0,1127.0,1101.0,1061.0,222.0,1646.0,777.0,262.0
1230.0,1567.0,1542.0,1021.0,809.0,846.0,,161.0,979.0,252.0,,665.0,800.0,,712.0,,1582.0,1154.0,1614.0,171.0,1067.0,575.0,504.0,1263.0,208.0
985.0,420.0,707.0,1153.0,692.0,1088.0,,1385.0,204.0,225.0,,271.0,124.0,,627.0,,1198.0,784.0,563.0,465.0,1562.0,974.0,1010.0,353.0,617.0
875.0,1238.0,1349.0,421.0,551.0,1404.0,,1425.0,1366.0,733.0,,691.0,1145.0,,1050.0,,501.0,127.0,630.0,1361.0,1478.0,321.0,1227.0,1419.0,1368.0
1123.0,389.0,357.0,1619.0,129.0,527.0,,430.0,1121.0,1503.0,,306.0,1353.0,,70.0,,1326.0,1592.0,1347.0,540.0,928.0,1477.0,143.0,1323.0,1158.0
1516.0,880.0,180.0,675.0,1012.0,642.0,,1418.0,572.0,546.0,,1366.0,403.0,,1438.0,,433.0,529.0,1355.0,268.0,887.0,1578.0,1507.0,707.0,918.0
1058.0,931.0,964.0,1188.0,49.0,1090.0,,1535.0,950.0,1536.0,,1320.0,870.0,,371.0,,703.0,1601.0,125.0,1009.0,194.0,352.0,985.0,770.0,330.0
772.0,342.0,752.0,79.0,1628.0,1.0,,936.0,375.0,263.0,,1214.0,1231.0,,130.0,,945.0,539.0,334.0,874.0,1531.0,1199.0,1062.0,1262.0,814.0
1594.0,1282.0,428.0,1411.0,1079.0,1083.0,,957.0,604.0,222.0,,1282.0,1307.0,,465.0,,416.0,1013.0,35.0,197.0,1172.0,1164.0,1408.0,811.0,1264.0
476.0,54.0,600.0,1357.0,416.0,1376.0,,1098.0,1258.0,1605.0,,848.0,1058.0,,168.0,,1650.0,191.0,1132.0,1036.0,1582.0,969.0,659.0,236.0,694.0
117.0,763.0,64.0,186.0,562.0,53.0,,514.0,508.0,918.0,,902.0,1490.0,,1037.0,,1488.0,1308.0,1542.0,542.0,1558.0,695.0,1516.0,316.0,1004.0
750.0,626.0,826.0,1120.0,711.0,1338.0,,435.0,1082.0,1109.0,,293.0,1242.0,,555.0,,1245.0,355.0,1207.0,125.0,822.0,1324.0,1001.0,1205.0,1607.0
288.0,1481.0,269.0,99.0,991.0,328.0,,751.0,635.0,97.0,,1618.0,1621.0,,1267.0,,1612.0,1612.0,226.0,842.0,310.0,75.0,43.0,108.0,502.0
1303.0,1397.0,411.0,1314.0,1469.0,252.0,,1475.0,180.0,1373.0,,114.0,354.0,,117.0,,240.0,320.0,427.0,697.0,1599.0,847.0,,567.0,1235.0
1036.0,482.0,729.0,1071.0,1118.0,574.0,,1366.0,1333.0,845.0,,458.0,158.0,,606.0,,363.0,441.0,1457.0,1408.0,1246.0,688.0,,1007.0,827.0
258.0,1307.0,528.0,1035.0,615.0,788.0,,1334.0,470.0,1214.0,,208.0,1110.0,,165.0,,1442.0,1421.0,116.0,1406.0,1203.0,428.0,,1297.0,638.0
60.0,219.0,306.0,1066.0,12.0,1559.0,,408.0,1194.0,791.0,,1348.0,865.0,,1352.0,,848.0,803.0,69.0,194.0,387.0,95.0,,926.0,1336.0
498.0,1040.0,68.0,108.0,1193.0,683.0,,1545.0,282.0,200.0,,937.0,1222.0,,370.0,,626.0,581.0,166.0,1090.0,294.0,927.0,,1019.0,724.0
1251.0,419.0,914.0,1050.0,278.0,44.0,,583.0,959.0,211.0,,868.0,446.0,,347.0,,919.0,1332.0,18.0,889.0,1.0,588.0,,743.0,1560.0
815.0,570.0,419.0,1162.0,965.0,496.0,,126.0,582.0,1159.0,,1371.0,929.0,,599.0,,1297.0,611.0,824.0,1544.0,1232.0,140.0,,55.0,1631.0
748.0,35.0,1099.0,34.0,167.0,126.0,,369.0,299.0,1133.0,,733.0,94.0,,735.0,,1579.0,414.0,322.0,535.0,222.0,557.0,,1382.0,1052.0
429.0,569.0,934.0,49.0,830.0,1260.0,,1343.0,879.0,978.0,,586.0,1324.0,,1122.0,,688.0,378.0,296.0,960.0,417.0,1647.0,,1345.0,941.0
1256.0,1106.0,1340.0,345.0,880.0,1401.0,,373.0,1173.0,1513.0,,501.0,1177.0,,988.0,,199.0,1626.0,930.0,1293.0,450.0,938.0,,883.0,1081.0
395.0,1555.0,255.0,155.0,489.0,1245.0,,256.0,118.0,401.0,,1629.0,1230.0,,1582.0,,1320.0,612.0,8.0,965.0,159.0,788.0,,773.0,317.0
1341.0,898.0,1505.0,267.0,23.0,1237.0,,1052.0,360.0,585.0,,1477.0,1557.0,,1513.0,,1090.0,235.0,295.0,24.0,1629.0,1577.0,,1036.0,348.0
70.0,807.0,1027.0,360.0,523.0,852.0,,1267.0,524.0,479.0,,1287.0,898.0,,515.0,,1604.0,1355.0,411.0,910.0,60.0,685.0,,1609.0,1098.0
49.0,220.0,426.0,991.0,1187.0,744.0,,759.0,1071.0,1389.0,,956.0,624.0,,696.0,,1059.0,1294.0,773.0,883.0,622.0,1609.0,,282.0,962.0
733.0,361.0,1313.0,682.0,1466.0,319.0,,455.0,699.0,860.0,,1126.0,1059.0,,145.0,,659.0,214.0,1228.0,1129.0,1351.0,1014.0,,716.0,1402.0
353.0,1602.0,947.0,362.0,924.0,1531.0,,932.0,1541.0,604.0,,254.0,1390.0,,88.0,,438.0,1037.0,1316.0,997.0,1468.0,1424.0,,136.0,1479.0
1597.0,1514.0,305.0,931.0,1327.0,1295.0,,38.0,1551.0,1362.0,,774.0,1277.0,,685.0,,1323.0,43.0,349.0,964.0,457.0,719.0,,357.0,1335.0
1417.0,335.0,1160.0,930.0,1321.0,1429.0,,1051.0,1637.0,33.0,,577.0,1653.0,,214.0,,1622.0,,1443.0,959.0,746.0,430.0,,1241.0,1078.0
19.0,44.0,632.0,1599.0,1278.0,333.0,,1327.0,972.0,756.0,,535.0,717.0,,50.0,,986.0,,43.0,158.0,1170.0,751.0,,1183.0,760.0
1595.0,105.0,495.0,366.0,1107.0,361.0,,1276.0,113.0,1165.0,,662.0,1233.0,,1390.0,,527.0,,,836.0,1021.0,1236.0,,863.0,545.0
255.0,267.0,1241.0,56.0,1468.0,926.0,,326.0,1383.0,699.0,,7.0,1425.0,,83.0,,1233.0,,,32.0,1224.0,1313.0,,1503.0,56.0
563.0,1121.0,704.0,1270.0,818.0,372.0,,1100.0,1213.0,103.0,,1035.0,827.0,,1647.0,,1510.0,,,534.0,1404.0,1369.0,,608.0,978.0
25.0,357.0,335.0,1393.0,636.0,876.0,,68.0,63.0,1093.0,,1193.0,272.0,,1540.0,,366.0,,,274.0,1159.0,141.0,,462.0,675.0
1472.0,941.0,434.0,1019.0,475.0,1648.0,,1508.0,774.0,76.0,,568.0,775.0,,312.0,,1015.0,,,1055.0,1064.0,1036.0,,56.0,300.0
71.0,1292.0,49.0,15.0,541.0,1351.0,,1365.0,1.0,1385.0,,1594.0,1595.0,,383.0,,342.0,,,745.0,41.0,131.0,,758.0,762.0
618.0,986.0,1152.0,1585.0,24.0,1255.0,,1339.0,206.0,1131.0,,1221.0,478.0,,1239.0,,799.0,,,245.0,1002.0,127.0,,0.0,486.0
988.0,1169.0,1558.0,686.0,1069.0,591.0,,1099.0,567.0,1009.0,,837.0,562.0,,1222.0,,1303.0,,,1124.0,809.0,635.0,,586.0,552.0
1286.0,605.0,348.0,1368.0,88.0,787.0,,1435.0,32.0,1153.0,,563.0,545.0,,1252.0,,1128.0,,,374.0,1465.0,66.0,,1518.0,242.0
1073.0,200.0,1275.0,1587.0,710.0,662.0,,1350.0,571.0,744.0,,857.0,1330.0,,1130.0,,1467.0,,,772.0,868.0,1016.0,,529.0,705.0
1391.0,732.0,936.0,80.0,1265.0,474.0,,1499.0,334.0,647.0,,191.0,1375.0,,1250.0,,389.0,,,1032.0,957.0,1652.0,,1467.0,254.0
553.0,869.0,1227.0,160.0,22.0,1634.0,,357.0,73.0,1420.0,,651.0,347.0,,1076.0,,1056.0,,,195.0,386.0,1137.0,,1424.0,632.0
1127.0,803.0,848.0,748.0,73.0,111.0,,1159.0,1554.0,1120.0,,98.0,529.0,,1577.0,,707.0,,,1042.0,1280.0,883.0,,1009.0,970.0
1021.0,146.0,1586.0,1517.0,155.0,1137.0,,1218.0,507.0,1248.0,,975.0,374.0,,1395.0,,1046.0,,,2.0,1202.0,1435.0,,117.0,449.0
162.0,990.0,626.0,1016.0,1380.0,160.0,,1632.0,1285.0,1061.0,,1523.0,387.0,,639.0,,1535.0,,,515.0,1632.0,70.0,,12.0,1452.0
1441.0,30.0,94.0,498.0,836.0,701.0,,536.0,1238.0,1121.0,,509.0,1049.0,,349.0,,394.0,,,89.0,1228.0,859.0,,377.0,186.0
1452.0,204.0,365.0,227.0,339.0,255.0,,1440.0,1368.0,502.0,,370.0,386.0,,816.0,,1375.0,,,1635.0,1481.0,417.0,,130.0,430.0
1125.0,843.0,1543.0,1434.0,589.0,1610.0,,407.0,301.0,656.0,,800.0,10.0,,895.0,,1574.0,,,643.0,1475.0,71.0,,1372.0,1064.0
684.0,938.0,724.0,493.0,1178.0,203.0,,1505.0,870.0,803.0,,561.0,641.0,,710.0,,145.0,,,234.0,1245.0,1232.0,,1380.0,115.0
1066.0,318.0,1394.0,743.0,736.0,1326.0,,1212.0,1076.0,66.0,,1576.0,85.0,,1476.0,,1151.0,,,47.0,147.0,1497.0,,1265.0,72.0
1408.0,72.0,352.0,212.0,329.0,808.0,,628.0,1387.0,1602.0,,1142.0,1262.0,,1128.0,,395.0,,,192.0,24.0,1160.0,,1584.0,857.0
1202.0,473.0,1447.0,1284.0,1488.0,1224.0,,189.0,1250.0,1070.0,,698.0,290.0,,33.0,,618.0,,,1573.0,1023.0,1287.0,,748.0,1606.0
1235.0,1403.0,577.0,326.0,430.0,990.0,,224.0,353.0,1025.0,,820.0,362.0,,1192.0,,1150.0,,,1117.0,645.0,161.0,,1445.0,1430.0
88.0,141.0,1302.0,1143.0,295.0,481.0,,520.0,447.0,1230.0,,761.0,777.0,,1516.0,,431.0,,,1277.0,422.0,558.0,,1373.0,1519.0
603.0,1594.0,1346.0,188.0,29.0,1603.0,,213.0,1619.0,1094.0,,641.0,973.0,,880.0,,411.0,,,1130.0,442.0,976.0,,1631.0,1328.0
785.0,317.0,75.0,365.0,1029.0,685.0,,775.0,1341.0,1072.0,,690.0,201.0,,41.0,,1404.0,,,1407.0,1587.0,219.0,,1406.0,1017.0
526.0,625.0,496.0,62.0,1184.0,29.0,,1524.0,1552.0,348.0,,328.0,1454.0,,489.0,,1546.0,,,869.0,372.0,1503.0,,1441.0,1647.0
1369.0,550.0,686.0,469.0,1228.0,1394.0,,1188.0,835.0,1100.0,,402.0,690.0,,535.0,,210.0,,,476.0,742.0,1144.0,,467.0,234.0
956.0,225.0,649.0,1468.0,1512.0,886.0,,1408.0,379.0,13.0,,708.0,1400.0,,1312.0,,784.0,,,1412.0,1086.0,1601.0,,474.0,1241.0
1529.0,1610.0,1253.0,1582.0,1251.0,992.0,,327.0,853.0,1260.0,,677.0,652.0,,894.0,,1384.0,,,452.0,558.0,1082.0,,995.0,1541.0
1522.0,1228.0,658.0,1333.0,1201.0,1175.0,,885.0,526.0,1395.0,,635.0,487.0,,273.0,,170.0,,,440.0,1075.0,1372.0,,888.0,988.0
1581.0,289.0,1531.0,534.0,623.0,521.0,,833.0,721.0,1052.0,,850.0,1079.0,,746.0,,453.0,,,1626.0,941.0,1120.0,,1408.0,1318.0
1339.0,34.0,1063.0,28.0,1422.0,324.0,,222.0,845.0,1545.0,,76.0,1526.0,,1651.0,,1439.0,,,1317.0,32.0,1473.0,,887.0,508.0
1462.0,504.0,601.0,544.0,631.0,1272.0,,1407.0,394.0,662.0,,1048.0,1302.0,,824.0,,16.0,,,859.0,784.0,1582.0,,439.0,1028.0
550.0,953.0,1563.0,578.0,262.0,121.0,,485.0,648.0,216.0,,1473.0,296.0,,31.0,,59.0,,,1471.0,1651.0,359.0,,950.0,266.0
358.0,197.0,944.0,545.0,1580.0,59.0,,1204.0,537.0,1223.0,,1488.0,1329.0,,71.0,,829.0,,,668.0,1260.0,326.0,,327.0,143.0
36.0,870.0,1379.0,297.0,150.0,1475.0,,1196.0,745.0,1581.0,,1093.0,343.0,,1619.0,,983.0,,,840.0,1200.0,413.0,,1385.0,1101.0
939.0,1425.0,981.0,135.0,751.0,342.0,,123.0,720.0,193.0,,596.0,542.0,,194.0,,513.0,,,962.0,935.0,160.0,,725.0,1184.0
713.0,901.0,666.0,222.0,255.0,423.0,,704.0,1237.0,303.0,,650.0,349.0,,1381.0,,537.0,,,369.0,1129.0,46.0,,1094.0,1066.0
1088.0,334.0,548.0,382.0,1042.0,404.0,,383.0,1313.0,999.0,,142.0,382.0,,1592.0,,720.0,,,400.0,1049.0,584.0,,1460.0,259.0
767.0,250.0,108.0,1054.0,1156.0,577.0,,335.0,1646.0,344.0,,140.0,916.0,,1536.0,,700.0,,,61.0,714.0,1126.0,,222.0,383.0
82.0,955.0,491.0,842.0,812.0,1122.0,,594.0,346.0,441.0,,1421.0,1616.0,,1332.0,,689.0,,,97.0,116.0,1349.0,,1267.0,211.0
1404.0,1009.0,331.0,496.0,1481.0,506.0,,5.0,877.0,1457.0,,347.0,1600.0,,1460.0,,85.0,,,932.0,565.0,390.0,,1520.0,293.0
1159.0,631.0,1353.0,652.0,279.0,773.0,,1372.0,658.0,1114.0,,490.0,692.0,,63.0,,1176.0,,,277.0,1156.0,210.0,,1530.0,314.0
1329.0,771.0,1194.0,595.0,477.0,1149.0,,1530.0,1492.0,1062.0,,147.0,1461.0,,1521.0,,279.0,,,670.0,546.0,625.0,,785.0,1214.0
303.0,618.0,737.0,749.0,1470.0,226.0,,1045.0,213.0,1466.0,,1195.0,1183.0,,1645.0,,491.0,,,1561.0,133.0,110.0,,173.0,457.0
543.0,826.0,1391.0,665.0,920.0,707.0,,1084.0,83.0,1431.0,,752.0,1217.0,,1321.0,,237.0,,,1524.0,1015.0,42.0,,677.0,1380.0
399.0,1286.0,41.0,1627.0,1049.0,1105.0,,366.0,1339.0,511.0,,282.0,1513.0,,299.0,,1537.0,,,1020.0,270.0,1047.0,,1289.0,475.0
382.0,1468.0,627.0,425.0,645.0,43.0,,170.0,1642.0,361.0,,1552.0,1338.0,,265.0,,1256.0,,,1057.0,719.0,203.0,,675.0,401.0
961.0,126.0,386.0,797.0,979.0,,,404.0,814.0,1597.0,,160.0,470.0,,591.0,,1073.0,,,1027.0,1390.0,1107.0,,1556.0,1563.0
600.0,483.0,1059.0,37.0,1637.0,,,417.0,350.0,10.0,,61.0,871.0,,128.0,,1455.0,,,345.0,1466.0,538.0,,1067.0,312.0
174.0,823.0,786.0,1245.0,984.0,,,975.0,215.0,450.0,,1542.0,1188.0,,756.0,,1385.0,,,1159.0,517.0,1140.0,,310.0,109.0
6.0,144.0,556.0,397.0,1560.0,,,110.0,762.0,1522.0,,113.0,1478.0,,1464.0,,1229.0,,,1113.0,536.0,124.0,,1068.0,1592.0
1228.0,1019.0,603.0,1426.0,1408.0,,,1402.0,586.0,1354.0,,1483.0,1311.0,,713.0,,1134.0,,,1161.0,927.0,289.0,,1173.0,5.0
942.0,1484.0,574.0,175.0,1589.0,,,500.0,1137.0,51.0,,585.0,199.0,,669.0,,158.0,,,1393.0,643.0,1434.0,,545.0,465.0
38.0,652.0,181.0,532.0,530.0,,,423.0,1308.0,679.0,,1228.0,552.0,,1369.0,,209.0,,,146.0,1309.0,401.0,,592.0,937.0
975.0,1167.0,228.0,1150.0,1343.0,,,17.0,1274.0,1056.0,,654.0,527.0,,839.0,,435.0,,,64.0,1615.0,1382.0,,496.0,1649.0
1537.0,801.0,579.0,987.0,1259.0,,,1112.0,1062.0,1178.0,,1081.0,764.0,,817.0,,329.0,,,605.0,331.0,431.0,,445.0,998.0
608.0,1496.0,229.0,1631.0,1438.0,,,1386.0,178.0,864.0,,1581.0,181.0,,867.0,,1570.0,,,43.0,7.0,405.0,,472.0,1352.0
667.0,147.0,1233.0,510.0,831.0,,,631.0,1511.0,1437.0,,1212.0,1054.0,,1388.0,,1113.0,,,,771.0,1271.0,,1273.0,308.0
1211.0,336.0,106.0,1269.0,319.0,,,1516.0,376.0,166.0,,263.0,1017.0,,971.0,,779.0,,,,466.0,1529.0,,272.0,1408.0
622.0,1596.0,952.0,1031.0,1318.0,,,35.0,1087.0,894.0,,1167.0,657.0,,274.0,,1553.0,,,,173.0,709.0,,802.0,856.0
621.0,171.0,1631.0,1602.0,147.0,,,719.0,826.0,328.0,,1132.0,1459.0,,762.0,,1420.0,,,,865.0,1196.0,,1290.0,360.0
1005.0,1541.0,1080.0,1438.0,1045.0,,,274.0,962.0,771.0,,267.0,1135.0,,1209.0,,1541.0,,,,1107.0,1409.0,,455.0,260.0
215.0,1299.0,87.0,239.0,1215.0,,,545.0,1469.0,120.0,,1068.0,1511.0,,721.0,,1540.0,,,,266.0,1525.0,,1370.0,647.0
959.0,610.0,290.0,888.0,121.0,,,231.0,317.0,1197.0,,1518.0,1351.0,,1594.0,,344.0,,,,1602.0,478.0,,148.0,1193.0
874.0,909.0,1077.0,721.0,1513.0,,,522.0,922.0,519.0,,1383.0,667.0,,1255.0,,804.0,,,,1150.0,652.0,,1383.0,188.0
571.0,1143.0,381.0,341.0,32.0,,,1176.0,1519.0,904.0,,529.0,1241.0,,1595.0,,653.0,,,,522.0,909.0,,1316.0,1458.0
644.0,180.0,1279.0,1320.0,1218.0,,,138.0,414.0,554.0,,756.0,835.0,,1527.0,,45.0,,,,1255.0,35.0,,1557.0,495.0
1488.0,952.0,554.0,1321.0,680.0,,,1554.0,383.0,130.0,,1551.0,1140.0,,1028.0,,1277.0,,,,452.0,1396.0,,768.0,1603.0
765.0,966.0,967.0,1293.0,1322.0,,,1584.0,1216.0,1211.0,,1114.0,815.0,,1108.0,,1380.0,,,,1287.0,130.0,,383.0,1258.0
1333.0,791.0,751.0,929.0,1387.0,,,1230.0,847.0,991.0,,1457.0,1343.0,,802.0,,989.0,,,,1379.0,54.0,,930.0,1344.0
887.0,568.0,642.0,1646.0,968.0,,,342.0,99.0,749.0,,187.0,289.0,,459.0,,1133.0,,,,1583.0,1645.0,,180.0,1075.0
90.0,341.0,1541.0,1076.0,1260.0,,,528.0,418.0,269.0,,683.0,324.0,,885.0,,1199.0,,,,1078.0,256.0,,928.0,163.0
633.0,1406.0,1599.0,965.0,1285.0,,,1447.0,1182.0,327.0,,454.0,122.0,,1406.0,,1447.0,,,,1007.0,481.0,,314.0,905.0
1345.0,939.0,592.0,522.0,745.0,,,1284.0,457.0,529.0,,874.0,1179.0,,604.0,,580.0,,,,667.0,514.0,,852.0,224.0
488.0,735.0,1630.0,502.0,390.0,,,852.0,798.0,772.0,,709.0,1283.0,,169.0,,1146.0,,,,1326.0,1557.0,,1234.0,986.0
1470.0,1239.0,370.0,690.0,157.0,,,822.0,1379.0,461.0,,1433.0,617.0,,1451.0,,202.0,,,,11.0,1062.0,,956.0,1534.0
929.0,523.0,1176.0,1458.0,608.0,,,672.0,71.0,410.0,,53.0,1541.0,,536.0,,203.0,,,,1634.0,113.0,,583.0,68.0
125.0,1613.0,284.0,428.0,1313.0,,,1620.0,247.0,1445.0,,401.0,1381.0,,835.0,,863.0,,,,357.0,750.0,,997.0,147.0
133.0,79.0,221.0,204.0,1480.0,,,1520.0,680.0,1434.0,,397.0,793.0,,1328.0,,481.0,,,,783.0,1188.0,,1099.0,1009.0
1489.0,1179.0,1192.0,1057.0,839.0,,,844.0,1634.0,296.0,,1649.0,328.0,,503.0,,341.0,,,,1230.0,1642.0,,468.0,972.0
1055.0,1322.0,1387.0,960.0,1361.0,,,185.0,1577.0,1068.0,,601.0,1090.0,,1065.0,,187.0,,,,914.0,658.0,,1627.0,1159.0
250.0,562.0,1291.0,320.0,1451.0,,,1615.0,1531.0,1103.0,,450.0,537.0,,1641.0,,357.0,,,,1073.0,797.0,,622.0,1332.0
430.0,230.0,1519.0,17.0,915.0,,,131.0,928.0,428.0,,1073.0,468.0,,1545.0,,1470.0,,,,824.0,459.0,,1523.0,729.0
816.0,1156.0,864.0,1463.0,223.0,,,673.0,575.0,863.0,,1596.0,805.0,,609.0,,201.0,,,,744.0,122.0,,1080.0,111.0
544.0,849.0,692.0,393.0,79.0,,,743.0,672.0,565.0,,1237.0,750.0,,126.0,,106.0,,,,526.0,1360.0,,1040.0,1163.0
779.0,151.0,840.0,235.0,1544.0,,,1076.0,898.0,1592.0,,1377.0,143.0,,1114.0,,742.0,,,,908.0,12.0,,1561.0,1151.0
186.0,1055.0,1103.0,1577.0,529.0,,,473.0,39.0,1539.0,,1379.0,1034.0,,264.0,,1361.0,,,,790.0,418.0,,1024.0,412.0
17.0,930.0,734.0,1335.0,1360.0,,,1265.0,463.0,1343.0,,1504.0,410.0,,1359.0,,589.0,,,,1037.0,1043.0,,517.0,766.0
697.0,279.0,543.0,590.0,437.0,,,303.0,1449.0,1164.0,,715.0,1.0,,427.0,,1290.0,,,,552.0,703.0,,1377.0,1429.0
517.0,1087.0,154.0,1528.0,1268.0,,,670.0,102.0,1086.0,,320.0,1383.0,,1159.0,,132.0,,,,697.0,454.0,,1586.0,1251.0
480.0,1126.0,1348.0,775.0,585.0,,,40.0,308.0,716.0,,1454.0,327.0,,1564.0,,660.0,,,,1103.0,1081.0,,895.0,220.0
1574.0,1288.0,1496.0,76.0,826.0,,,1164.0,429.0,1559.0,,1517.0,250.0,,15.0,,141.0,,,,770.0,1567.0,,366.0,1345.0
291.0,143.0,1137.0,947.0,200.0,,,805.0,750.0,622.0,,67.0,1650.0,,335.0,,892.0,,,,540.0,1326.0,,1151.0,258.0
980.0,1186.0,622.0,205.0,974.0,,,965.0,1394.0,724.0,,964.0,1175.0,,1348.0,,1094.0,,,,1262.0,1466.0,,520.0,307.0
233.0,1234.0,480.0,506.0,397.0,,,254.0,562.0,1128.0,,1187.0,1033.0,,1215.0,,1287.0,,,,1028.0,1295.0,,277.0,1433.0
121.0,875.0,871.0,1594.0,1610.0,,,228.0,1564.0,435.0,,1112.0,1460.0,,277.0,,1071.0,,,,1066.0,1514.0,,927.0,533.0
775.0,1497.0,806.0,1334.0,1032.0,,,253.0,1272.0,49.0,,1449.0,859.0,,619.0,,549.0,,,,88.0,567.0,,939.0,1070.0
579.0,263.0,140.0,674.0,879.0,,,566.0,1363.0,703.0,,1462.0,1280.0,,176.0,,1363.0,,,,268.0,162.0,,1066.0,467.0
10.0,1041.0,344.0,1231.0,1154.0,,,268.0,432.0,958.0,,1274.0,183.0,,436.0,,1165.0,,,,489.0,1643.0,,175.0,153.0
217.0,715.0,1249.0,1605.0,1158.0,,,1585.0,701.0,924.0,,628.0,1430.0,,1548.0,,1215.0,,,,801.0,1392.0,,1131.0,1512.0
348.0,1589.0,1361.0,364.0,1584.0,,,85.0,28.0,429.0,,182.0,1050.0,,1119.0,,33.0,,,,1053.0,693.0,,499.0,1291.0
1639.0,1083.0,1649.0,877.0,240.0,,,1413.0,981.0,1484.0,,581.0,1136.0,,389.0,,679.0,,,,592.0,649.0,,120.0,658.0
150.0,328.0,408.0,407.0,1476.0,,,79.0,583.0,218.0,,100.0,1534.0,,759.0,,419.0,,,,860.0,1422.0,,667.0,1303.0
1448.0,38.0,232.0,599.0,215.0,,,1571.0,1532.0,784.0,,886.0,586.0,,1386.0,,1145.0,,,,877.0,235.0,,1296.0,684.0
1557.0,168.0,699.0,792.0,554.0,,,764.0,560.0,86.0,,801.0,607.0,,1287.0,,1469.0,,,,1597.0,1613.0,,880.0,1613.0
757.0,1114.0,394.0,772.0,248.0,,,958.0,322.0,1078.0,,622.0,1020.0,,601.0,,1465.0,,,,1635.0,1214.0,,315.0,216.0
1285.0,418.0,517.0,488.0,1051.0,,,392.0,593.0,1380.0,,248.0,371.0,,384.0,,346.0,,,,395.0,316.0,,212.0,1543.0
754.0,648.0,1028.0,700.0,300.0,,,113.0,1538.0,14.0,,178.0,762.0,,557.0,,1098.0,,,,248.0,1494.0,,223.0,213.0
1118.0,1081.0,312.0,1010.0,1140.0,,,738.0,1205.0,1177.0,,439.0,1349.0,,1456.0,,333.0,,,,964.0,890.0,,178.0,453.0
913.0,944.0,164.0,719.0,1021.0,,,347.0,1549.0,284.0,,1024.0,1250.0,,618.0,,489.0,,,,708.0,783.0,,875.0,45.0
739.0,1025.0,1188.0,949.0,795.0,,,428.0,837.0,313.0,,1113.0,1153.0,,245.0,,1449.0,,,,1444.0,874.0,,1061.0,1244.0
9.0,223.0,1438.0,1121.0,758.0,,,480.0,480.0,44.0,,1416.0,359.0,,926.0,,9.0,,,,392.0,1207.0,,1436.0,588.0
965.0,693.0,46.0,1164.0,1441.0,,,625.0,1460.0,1259.0,,597.0,1606.0,,1421.0,,822.0,,,,1154.0,91.0,,365.0,1424.0
107.0,1066.0,1445.0,1540.0,721.0,,,1210.0,1211.0,974.0,,553.0,1339.0,,883.0,,380.0,,,,901.0,833.0,,321.0,1135.0
555.0,399.0,915.0,285.0,1557.0,,,57.0,1003.0,1312.0,,1317.0,1127.0,,137.0,,7.0,,,,1607.0,841.0,,599.0,63.0
742.0,1069.0,499.0,817.0,634.0,,,552.0,618.0,1057.0,,43.0,462.0,,526.0,,1251.0,,,,710.0,105.0,,737.0,73.0
628.0,362.0,597.0,1310.0,486.0,,,195.0,889.0,1275.0,,,394.0,,1075.0,,1648.0,,,,39.0,81.0,,879.0,1553.0
640.0,383.0,818.0,777.0,507.0,,,93.0,4.0,827.0,,,1139.0,,66.0,,807.0,,,,642.0,96.0,,214.0,1518.0
908.0,98.0,1422.0,982.0,490.0,,,1186.0,391.0,840.0,,,941.0,,372.0,,850.0,,,,1376.0,339.0,,596.0,1128.0
746.0,1486.0,1424.0,704.0,675.0,,,1582.0,310.0,1620.0,,,894.0,,657.0,,516.0,,,,1181.0,646.0,,431.0,445.0
905.0,369.0,1590.0,1161.0,847.0,,,441.0,769.0,609.0,,,579.0,,1549.0,,1156.0,,,,1369.0,391.0,,1489.0,1555.0
1438.0,1276.0,433.0,264.0,1252.0,,,497.0,867.0,763.0,,,928.0,,593.0,,907.0,,,,815.0,220.0,,191.0,32.0
110.0,261.0,153.0,1049.0,1582.0,,,1436.0,146.0,1446.0,,,130.0,,458.0,,1173.0,,,,1148.0,1530.0,,150.0,1250.0
142.0,734.0,135.0,339.0,806.0,,,1314.0,173.0,747.0,,,1427.0,,238.0,,1576.0,,,,29.0,547.0,,235.0,961.0
1138.0,860.0,1603.0,1009.0,846.0,,,829.0,1404.0,81.0,,,1099.0,,475.0,,1255.0,,,,415.0,949.0,,1590.0,131.0
1366.0,323.0,1609.0,1186.0,1109.0,,,65.0,857.0,988.0,,,1326.0,,974.0,,1607.0,,,,606.0,561.0,,603.0,704.0
490.0,1590.0,1047.0,608.0,400.0,,,73.0,621.0,412.0,,,1028.0,,613.0,,1063.0,,,,1227.0,363.0,,1325.0,517.0
951.0,374.0,302.0,48.0,1179.0,,,155.0,405.0,459.0,,,987.0,,603.0,,1636.0,,,,696.0,1186.0,,658.0,358.0
892.0,754.0,1162.0,857.0,630.0,,,660.0,208.0,693.0,,,1047.0,,1161.0,,1021.0,,,,1155.0,468.0,,1418.0,139.0
351.0,609.0,928.0,1008.0,807.0,,,571.0,1415.0,457.0,,,1072.0,,319.0,,1357.0,,,,1519.0,371.0,,1597.0,1641.0
403.0,1376.0,375.0,1221.0,46.0,,,102.0,522.0,382.0,,,1447.0,,460.0,,473.0,,,,816.0,224.0,,1358.0,645.0
1358.0,314.0,1191.0,556.0,1002.0,,,952.0,119.0,1576.0,,,1207.0,,951.0,,697.0,,,,1540.0,1149.0,,437.0,1604.0
428.0,593.0,1480.0,1122.0,896.0,,,1142.0,710.0,1648.0,,,1612.0,,195.0,,699.0,,,,1500.0,848.0,,59.0,423.0
539.0,1430.0,888.0,757.0,607.0,,,281.0,348.0,1298.0,,,398.0,,80.0,,832.0,,,,842.0,608.0,,1203.0,1012.0
798.0,957.0,159.0,697.0,757.0,,,1022.0,302.0,1185.0,,,326.0,,1010.0,,969.0,,,,1085.0,271.0,,475.0,1080.0
383.0,1401.0,1636.0,138.0,349.0,,,1521.0,1199.0,1629.0,,,1630.0,,1635.0,,690.0,,,,15.0,1139.0,,624.0,1036.0
1373.0,653.0,1339.0,971.0,170.0,,,715.0,1051.0,722.0,,,1155.0,,325.0,,1581.0,,,,40.0,1640.0,,187.0,626.0
282.0,1640.0,1478.0,371.0,933.0,,,1309.0,626.0,875.0,,,703.0,,1379.0,,44.0,,,,235.0,1192.0,,1644.0,1633.0
1569.0,728.0,1428.0,1319.0,1465.0,,,711.0,435.0,53.0,,,310.0,,1489.0,,375.0,,,,237.0,1145.0,,532.0,157.0
1422.0,681.0,415.0,431.0,89.0,,,483.0,670.0,433.0,,,951.0,,1479.0,,1611.0,,,,1461.0,581.0,,156.0,1116.0
594.0,1351.0,795.0,733.0,706.0,,,675.0,203.0,1034.0,,,855.0,,346.0,,307.0,,,,1328.0,544.0,,1271.0,1488.0
523.0,1372.0,1029.0,1058.0,1302.0,,,81.0,140.0,891.0,,,797.0,,690.0,,1376.0,,,,511.0,85.0,,554.0,91.0
1549.0,505.0,588.0,132.0,1090.0,,,1319.0,2.0,1438.0,,,138.0,,617.0,,286.0,,,,23.0,1028.0,,850.0,1187.0
1523.0,1454.0,65.0,217.0,483.0,,,972.0,554.0,1516.0,,,1587.0,,1534.0,,584.0,,,,904.0,1433.0,,1524.0,405.0
931.0,727.0,500.0,1072.0,804.0,,,432.0,997.0,973.0,,,455.0,,1398.0,,787.0,,,,1361.0,192.0,,1400.0,1274.0
1297.0,181.0,618.0,1028.0,691.0,,,294.0,817.0,819.0,,,862.0,,878.0,,792.0,,,,838.0,153.0,,63.0,565.0
1533.0,1440.0,1382.0,638.0,410.0,,,275.0,964.0,418.0,,,613.0,,1638.0,,934.0,,,,711.0,1401.0,,51.0,604.0
1415.0,156.0,647.0,1109.0,1485.0,,,656.0,1475.0,592.0,,,749.0,,931.0,,309.0,,,,1584.0,249.0,,1494.0,1398.0
788.0,510.0,1567.0,377.0,398.0,,,733.0,234.0,956.0,,,1202.0,,738.0,,64.0,,,,716.0,1051.0,,260.0,1040.0
1180.0,1392.0,674.0,740.0,377.0,,,1576.0,473.0,761.0,,,1394.0,,1315.0,,614.0,,,,223.0,1368.0,,654.0,663.0
1287.0,303.0,1488.0,693.0,1643.0,,,747.0,728.0,843.0,,,1067.0,,1183.0,,303.0,,,,1518.0,1631.0,,987.0,953.0
427.0,484.0,1448.0,391.0,810.0,,,9.0,515.0,781.0,,,932.0,,1481.0,,55.0,,,,654.0,69.0,,606.0,1425.0
64.0,541.0,918.0,318.0,1459.0,,,66.0,568.0,1084.0,,,1221.0,,1289.0,,1388.0,,,,691.0,1025.0,,797.0,755.0
81.0,1568.0,1347.0,746.0,269.0,,,1577.0,1046.0,287.0,,,1025.0,,1448.0,,204.0,,,,520.0,595.0,,1284.0,1219.0
224.0,624.0,216.0,908.0,409.0,,,963.0,1644.0,1099.0,,,1453.0,,342.0,,952.0,,,,1536.0,733.0,,864.0,93.0
1122.0,1566.0,728.0,1110.0,1523.0,,,896.0,872.0,769.0,,,264.0,,1517.0,,1536.0,,,,1566.0,732.0,,1522.0,1422.0
1020.0,1022.0,20.0,1074.0,317.0,,,1121.0,1458.0,1485.0,,,1112.0,,1155.0,,821.0,,,,1296.0,983.0,,21.0,1531.0
471.0,517.0,241.0,662.0,1597.0,,,1123.0,859.0,1151.0,,,668.0,,1187.0,,1336.0,,,,1378.0,779.0,,1501.0,1044.0
1398.0,684.0,749.0,240.0,316.0,,,1421.0,1351.0,1291.0,,,469.0,,808.0,,622.0,,,,1040.0,1406.0,,116.0,1491.0
401.0,113.0,1129.0,872.0,209.0,,,855.0,663.0,694.0,,,1413.0,,415.0,,979.0,,,,831.0,128.0,,1072.0,187.0
703.0,212.0,1544.0,567.0,1152.0,,,409.0,1546.0,920.0,,,1063.0,,470.0,,1370.0,,,,246.0,1343.0,,1126.0,359.0
1219.0,298.0,441.0,1378.0,482.0,,,27.0,694.0,1435.0,,,753.0,,1405.0,,166.0,,,,1609.0,270.0,,188.0,1149.0
564.0,676.0,468.0,1336.0,385.0,,,887.0,126.0,436.0,,,1552.0,,1573.0,,592.0,,,,1027.0,378.0,,846.0,1134.0
751.0,736.0,904.0,1211.0,92.0,,,1502.0,305.0,1140.0,,,853.0,,1052.0,,1344.0,,,,508.0,552.0,,19.0,598.0
1383.0,249.0,339.0,1299.0,178.0,,,752.0,1369.0,561.0,,,1611.0,,986.0,,1409.0,,,,665.0,1636.0,,347.0,385.0
1421.0,45.0,1031.0,1591.0,138.0,,,725.0,692.0,1017.0,,,585.0,,464.0,,441.0,,,,779.0,286.0,,894.0,415.0
1532.0,322.0,319.0,1550.0,380.0,,,1603.0,1004.0,99.0,,,1172.0,,1220.0,,743.0,,,,889.0,111.0,,674.0,471.0
435.0,998.0,1418.0,187.0,703.0,,,913.0,497.0,1517.0,,,1520.0,,92.0,,1167.0,,,,336.0,1176.0,,119.0,247.0
148.0,192.0,892.0,821.0,447.0,,,930.0,729.0,704.0,,,1385.0,,157.0,,256.0,,,,400.0,1263.0,,217.0,1127.0
666.0,1375.0,1219.0,19.0,1489.0,,,886.0,6.0,940.0,,,214.0,,1653.0,,724.0,,,,1264.0,1621.0,,94.0,601.0
76.0,296.0,1498.0,703.0,1108.0,,,813.0,569.0,919.0,,,1531.0,,1260.0,,351.0,,,,1516.0,1591.0,,1541.0,711.0
1512.0,1388.0,562.0,1547.0,25.0,,,605.0,1018.0,1030.0,,,795.0,,682.0,,1042.0,,,,1473.0,559.0,,246.0,780.0
1642.0,1023.0,691.0,323.0,774.0,,,325.0,606.0,767.0,,,885.0,,1343.0,,885.0,,,,1423.0,1536.0,,910.0,1157.0
175.0,205.0,913.0,1312.0,207.0,,,282.0,1526.0,873.0,,,724.0,,1430.0,,423.0,,,,977.0,940.0,,907.0,210.0
1612.0,797.0,975.0,791.0,1197.0,,,247.0,768.0,1229.0,,,518.0,,240.0,,1583.0,,,,1493.0,281.0,,1144.0,8.0
909.0,1166.0,659.0,1360.0,765.0,,,917.0,1562.0,851.0,,,1333.0,,1113.0,,596.0,,,,1471.0,1237.0,,261.0,181.0
232.0,92.0,291.0,14.0,690.0,,,827.0,804.0,338.0,,,1056.0,,308.0,,1485.0,,,,570.0,911.0,,1544.0,1087.0
1194.0,556.0,1120.0,1079.0,1511.0,,,618.0,574.0,1247.0,,,505.0,,1120.0,,1115.0,,,,1062.0,31.0,,461.0,1568.0
1229.0,1206.0,397.0,521.0,1630.0,,,1639.0,1609.0,1369.0,,,1469.0,,810.0,,96.0,,,,1517.0,1246.0,,1302.0,1267.0
870.0,1049.0,636.0,1056.0,296.0,,,783.0,1628.0,20.0,,,108.0,,1143.0,,731.0,,,,810.0,372.0,,458.0,993.0
934.0,984.0,219.0,1037.0,422.0,,,1101.0,1002.0,612.0,,,256.0,,1059.0,,982.0,,,,95.0,1330.0,,1062.0,461.0
386.0,191.0,239.0,446.0,659.0,,,883.0,455.0,675.0,,,662.0,,771.0,,128.0,,,,6.0,1185.0,,968.0,1310.0
687.0,100.0,1622.0,302.0,1404.0,,,1460.0,941.0,352.0,,,1321.0,,641.0,,1029.0,,,,1346.0,2.0,,438.0,618.0
759.0,675.0,750.0,628.0,1217.0,,,59.0,491.0,1283.0,,,550.0,,1345.0,,133.0,,,,146.0,913.0,,590.0,1390.0
297.0,59.0,532.0,168.0,1199.0,,,193.0,396.0,147.0,,,563.0,,615.0,,125.0,,,,564.0,44.0,,706.0,1414.0
327.0,640.0,1173.0,1220.0,822.0,,,411.0,1501.0,1480.0,,,812.0,,1069.0,,1067.0,,,,915.0,297.0,,341.0,602.0
1400.0,207.0,148.0,164.0,455.0,,,1610.0,488.0,238.0,,,1561.0,,407.0,,1513.0,,,,87.0,579.0,,780.0,42.0
132.0,592.0,292.0,1106.0,1053.0,,,1628.0,451.0,318.0,,,419.0,,742.0,,1048.0,,,,1596.0,809.0,,593.0,661.0
800.0,815.0,367.0,1075.0,350.0,,,577.0,675.0,18.0,,,344.0,,1497.0,,285.0,,,,996.0,1037.0,,46.0,1111.0
1252.0,794.0,1220.0,443.0,997.0,,,354.0,1080.0,118.0,,,145.0,,1433.0,,1124.0,,,,1238.0,414.0,,859.0,652.0
1517.0,1563.0,1144.0,983.0,379.0,,,1534.0,1014.0,872.0,,,480.0,,23.0,,609.0,,,,1008.0,496.0,,1401.0,1412.0
795.0,789.0,1620.0,1626.0,1616.0,,,1009.0,654.0,844.0,,,15.0,,1470.0,,797.0,,,,351.0,38.0,,527.0,369.0
917.0,1419.0,1624.0,1199.0,302.0,,,1161.0,482.0,1356.0,,,825.0,,706.0,,1182.0,,,,264.0,602.0,,940.0,1085.0
1072.0,1540.0,1386.0,596.0,65.0,,,1199.0,1033.0,127.0,,,345.0,,1389.0,,1243.0,,,,256.0,851.0,,978.0,490.0
945.0,351.0,450.0,905.0,1054.0,,,1007.0,803.0,1237.0,,,843.0,,1295.0,,544.0,,,,1237.0,803.0,,1623.0,1371.0
992.0,306.0,547.0,941.0,265.0,,,1609.0,1548.0,158.0,,,1240.0,,684.0,,652.0,,,,575.0,902.0,,951.0,795.0
380.0,416.0,1309.0,18.0,657.0,,,1548.0,1226.0,1184.0,,,89.0,,1219.0,,109.0,,,,1411.0,994.0,,744.0,1285.0
458.0,1308.0,1395.0,50.0,1532.0,,,214.0,934.0,50.0,,,224.0,,1309.0,,533.0,,,,922.0,1040.0,,566.0,782.0
827.0,1584.0,1598.0,518.0,565.0,,,580.0,956.0,730.0,,,658.0,,1350.0,,364.0,,,,1431.0,13.0,,1117.0,984.0
1137.0,190.0,668.0,1460.0,990.0,,,596.0,161.0,972.0,,,819.0,,129.0,,644.0,,,,1440.0,846.0,,1035.0,1220.0
895.0,408.0,1019.0,832.0,105.0,,,31.0,1378.0,2.0,,,1591.0,,1355.0,,296.0,,,,1631.0,1054.0,,1504.0,1611.0
474.0,1469.0,1466.0,98.0,1535.0,,,1006.0,190.0,1289.0,,,196.0,,794.0,,944.0,,,,1569.0,101.0,,1219.0,805.0
1469.0,175.0,1171.0,442.0,1433.0,,,979.0,1560.0,1008.0,,,1027.0,,1599.0,,571.0,,,,139.0,764.0,,1423.0,1431.0
178.0,1155.0,300.0,39.0,540.0,,,1558.0,1411.0,1353.0,,,1092.0,,1478.0,,1334.0,,,,1611.0,1039.0,,1154.0,1162.0
799.0,616.0,631.0,299.0,1554.0,,,260.0,691.0,1001.0,,,438.0,,1197.0,,248.0,,,,912.0,1314.0,,369.0,876.0
1309.0,1285.0,493.0,530.0,900.0,,,145.0,369.0,512.0,,,1287.0,,1649.0,,514.0,,,,209.0,782.0,,1196.0,1451.0
1605.0,878.0,489.0,258.0,1113.0,,,1543.0,1116.0,503.0,,,1448.0,,1349.0,,1186.0,,,,954.0,1301.0,,1287.0,1179.0
1648.0,935.0,121.0,1380.0,76.0,,,1069.0,829.0,22.0,,,512.0,,993.0,,839.0,,,,819.0,752.0,,33.0,1353.0
441.0,537.0,1378.0,400.0,931.0,,,996.0,623.0,228.0,,,866.0,,490.0,,1494.0,,,,879.0,1604.0,,268.0,1323.0
1313.0,552.0,1499.0,751.0,1359.0,,,1409.0,573.0,1299.0,,,170.0,,478.0,,1571.0,,,,905.0,1562.0,,1070.0,1509.0
1482.0,1579.0,616.0,809.0,246.0,,,339.0,1203.0,455.0,,,454.0,,51.0,,1234.0,,,,1387.0,1460.0,,657.0,335.0
1196.0,1320.0,1334.0,333.0,941.0,,,329.0,1395.0,1142.0,,,832.0,,992.0,,1228.0,,,,976.0,791.0,,738.0,1348.0
122.0,993.0,250.0,71.0,100.0,,,286.0,280.0,921.0,,,1388.0,,1007.0,,1544.0,,,,134.0,947.0,,1437.0,523.0
1425.0,140.0,999.0,268.0,1514.0,,,6.0,1253.0,1239.0,,,619.0,,638.0,,161.0,,,,68.0,551.0,,387.0,644.0
924.0,114.0,1089.0,627.0,694.0,,,1220.0,1496.0,795.0,,,1132.0,,341.0,,297.0,,,,1360.0,1291.0,,1647.0,1011.0
745.0,1302.0,614.0,569.0,101.0,,,1227.0,742.0,1572.0,,,874.0,,58.0,,1164.0,,,,184.0,319.0,,682.0,964.0
1204.0,1305.0,544.0,312.0,803.0,,,490.0,637.0,1599.0,,,1030.0,,447.0,,665.0,,,,1145.0,1002.0,,430.0,974.0
481.0,379.0,1138.0,1485.0,211.0,,,1335.0,258.0,810.0,,,203.0,,193.0,,1060.0,,,,1079.0,18.0,,1269.0,69.0
828.0,1148.0,323.0,689.0,1241.0,,,1487.0,1222.0,307.0,,,1257.0,,730.0,,1617.0,,,,775.0,663.0,,710.0,380.0
1608.0,1557.0,176.0,461.0,272.0,,,397.0,211.0,56.0,,,1350.0,,151.0,,1131.0,,,,1494.0,517.0,,876.0,914.0
1545.0,1573.0,1020.0,105.0,1385.0,,,1626.0,493.0,1557.0,,,546.0,,524.0,,747.0,,,,939.0,562.0,,278.0,199.0
1011.0,252.0,860.0,974.0,1055.0,,,1415.0,1288.0,1526.0,,,0.0,,1294.0,,773.0,,,,1480.0,1504.0,,126.0,1615.0
822.0,302.0,254.0,171.0,1377.0,,,569.0,1291.0,465.0,,,913.0,,912.0,,978.0,,,,1456.0,1096.0,,194.0,1469.0
597.0,1534.0,1526.0,1219.0,799.0,,,969.0,196.0,789.0,,,858.0,,578.0,,847.0,,,,919.0,922.0,,1199.0,27.0
1293.0,785.0,1559.0,940.0,275.0,,,460.0,1389.0,1507.0,,,771.0,,322.0,,424.0,,,,1409.0,638.0,,806.0,1370.0
557.0,426.0,453.0,1392.0,553.0,,,1368.0,249.0,620.0,,,628.0,,729.0,,800.0,,,,1341.0,700.0,,848.0,1095.0
397.0,1174.0,1301.0,913.0,432.0,,,82.0,1090.0,700.0,,,1445.0,,446.0,,305.0,,,,1069.0,1178.0,,72.0,249.0
1397.0,893.0,903.0,1382.0,1171.0,,,834.0,942.0,1448.0,,,322.0,,366.0,,990.0,,,,120.0,157.0,,602.0,609.0
1065.0,1118.0,1554.0,127.0,247.0,,,1352.0,177.0,1615.0,,,1527.0,,1047.0,,656.0,,,,1290.0,1619.0,,762.0,354.0
1174.0,686.0,1426.0,1603.0,1403.0,,,837.0,619.0,1273.0,,,1121.0,,295.0,,1106.0,,,,121.0,1542.0,,1611.0,1226.0
1471.0,916.0,325.0,823.0,375.0,,,633.0,1111.0,1327.0,,,639.0,,950.0,,436.0,,,,806.0,36.0,,1371.0,870.0
518.0,101.0,1234.0,1350.0,198.0,,,471.0,1447.0,226.0,,,577.0,,1327.0,,1441.0,,,,378.0,1118.0,,209.0,980.0
79.0,352.0,773.0,1473.0,1607.0,,,1337.0,649.0,1533.0,,,611.0,,1127.0,,298.0,,,,1347.0,1206.0,,158.0,982.0
1050.0,1570.0,1169.0,170.0,903.0,,,801.0,130.0,946.0,,,746.0,,1109.0,,1527.0,,,,722.0,998.0,,1000.0,1448.0
817.0,87.0,1611.0,875.0,219.0,,,20.0,590.0,1045.0,,,981.0,,127.0,,231.0,,,,1350.0,1063.0,,569.0,510.0
605.0,1622.0,483.0,1424.0,1609.0,,,1590.0,841.0,489.0,,,975.0,,1613.0,,1095.0,,,,482.0,238.0,,349.0,815.0
1644.0,716.0,385.0,552.0,1279.0,,,1396.0,967.0,1227.0,,,1209.0,,1325.0,,664.0,,,,1421.0,1073.0,,1588.0,158.0
1248.0,920.0,565.0,358.0,663.0,,,116.0,991.0,811.0,,,1098.0,,34.0,,260.0,,,,789.0,979.0,,1529.0,1481.0
249.0,772.0,713.0,1032.0,521.0,,,1513.0,852.0,1583.0,,,663.0,,1168.0,,38.0,,,,499.0,735.0,,735.0,1645.0
979.0,658.0,1050.0,1272.0,342.0,,,1437.0,216.0,1104.0,,,1619.0,,393.0,,814.0,,,,322.0,1276.0,,526.0,1288.0
1620.0,406.0,1193.0,456.0,605.0,,,418.0,325.0,1021.0,,,163.0,,1214.0,,523.0,,,,1623.0,1229.0,,1429.0,595.0
877.0,1642.0,245.0,375.0,468.0,,,981.0,1596.0,1015.0,,,474.0,,207.0,,1177.0,,,,238.0,1061.0,,1143.0,1221.0
1351.0,281.0,98.0,1522.0,1427.0,,,1430.0,705.0,909.0,,,1095.0,,1574.0,,980.0,,,,468.0,1361.0,,339.0,693.0
692.0,1493.0,723.0,1.0,39.0,,,717.0,1525.0,79.0,,,1481.0,,961.0,,360.0,,,,925.0,1558.0,,659.0,797.0
1636.0,316.0,447.0,648.0,191.0,,,1082.0,1621.0,1640.0,,,604.0,,510.0,,696.0,,,,474.0,152.0,,323.0,515.0
58.0,913.0,1066.0,1060.0,9.0,,,826.0,1620.0,507.0,,,1640.0,,104.0,,1514.0,,,,299.0,665.0,,1604.0,1056.0
8.0,170.0,559.0,1374.0,1177.0,,,419.0,1338.0,341.0,,,83.0,,1253.0,,525.0,,,,481.0,1321.0,,1608.0,41.0
519.0,863.0,1393.0,1495.0,256.0,,,863.0,520.0,1332.0,,,213.0,,1482.0,,1045.0,,,,420.0,1554.0,,1209.0,1471.0
981.0,1443.0,387.0,1029.0,741.0,,,736.0,110.0,721.0,,,82.0,,1090.0,,1210.0,,,,70.0,1280.0,,408.0,1048.0
3.0,793.0,973.0,924.0,639.0,,,674.0,727.0,41.0,,,1443.0,,1367.0,,350.0,,,,693.0,473.0,,169.0,976.0
135.0,701.0,538.0,1651.0,161.0,,,330.0,1073.0,706.0,,,678.0,,3.0,,1605.0,,,,846.0,1251.0,,749.0,1570.0
1213.0,979.0,452.0,1345.0,457.0,,,22.0,115.0,1535.0,,,590.0,,907.0,,152.0,,,,66.0,664.0,,197.0,11.0
451.0,494.0,986.0,445.0,369.0,,,1119.0,1281.0,689.0,,,43.0,,1180.0,,627.0,,,,424.0,1483.0,,1332.0,697.0
685.0,769.0,945.0,1139.0,1519.0,,,812.0,1064.0,1224.0,,,,,1100.0,,147.0,,,,888.0,1458.0,,1649.0,281.0
139.0,1113.0,637.0,406.0,1283.0,,,859.0,1649.0,227.0,,,,,1280.0,,1340.0,,,,1355.0,1469.0,,348.0,1416.0
1176.0,1625.0,611.0,1020.0,635.0,,,1299.0,1059.0,1491.0,,,,,1500.0,,1526.0,,,,519.0,182.0,,745.0,1393.0
477.0,210.0,9.0,1588.0,84.0,,,967.0,195.0,855.0,,,,,949.0,,1112.0,,,,1065.0,1213.0,,632.0,324.0
617.0,959.0,1049.0,787.0,911.0,,,765.0,1065.0,888.0,,,,,1153.0,,862.0,,,,993.0,90.0,,172.0,15.0
1260.0,215.0,743.0,564.0,97.0,,,804.0,642.0,73.0,,,,,190.0,,777.0,,,,1447.0,830.0,,789.0,1576.0
143.0,501.0,127.0,818.0,1236.0,,,891.0,358.0,207.0,,,,,1081.0,,1052.0,,,,1605.0,829.0,,623.0,99.0
272.0,1628.0,858.0,1224.0,1384.0,,,219.0,1314.0,979.0,,,,,793.0,,966.0,,,,732.0,1175.0,,482.0,1238.0
935.0,696.0,1143.0,1062.0,835.0,,,602.0,1048.0,253.0,,,,,934.0,,428.0,,,,896.0,236.0,,783.0,382.0
1513.0,1160.0,695.0,889.0,764.0,,,1236.0,424.0,890.0,,,,,1274.0,,538.0,,,,1277.0,843.0,,1085.0,954.0
991.0,647.0,769.0,1545.0,1344.0,,,1168.0,1529.0,813.0,,,,,283.0,,570.0,,,,1400.0,178.0,,1161.0,1069.0
668.0,477.0,596.0,827.0,574.0,,,622.0,427.0,1122.0,,,,,1205.0,,198.0,,,,1460.0,367.0,,201.0,603.0
322.0,258.0,1158.0,1026.0,1409.0,,,1200.0,630.0,24.0,,,,,1169.0,,1026.0,,,,1504.0,1333.0,,726.0,1045.0
1614.0,1070.0,100.0,1187.0,727.0,,,341.0,1488.0,1053.0,,,,,400.0,,782.0,,,,1305.0,1150.0,,1470.0,1405.0
179.0,368.0,235.0,1261.0,13.0,,,153.0,1630.0,714.0,,,,,1276.0,,577.0,,,,545.0,912.0,,911.0,1113.0
1542.0,440.0,1178.0,584.0,1186.0,,,856.0,1286.0,11.0,,,,,1132.0,,1585.0,,,,127.0,699.0,,1409.0,1529.0
1064.0,710.0,1374.0,1218.0,1397.0,,,187.0,1623.0,294.0,,,,,2.0,,1551.0,,,,758.0,77.0,,741.0,1198.0
262.0,591.0,1380.0,1367.0,461.0,,,1232.0,561.0,1534.0,,,,,1283.0,,62.0,,,,269.0,786.0,,1577.0,250.0
948.0,490.0,779.0,1157.0,1097.0,,,152.0,693.0,1027.0,,,,,1115.0,,1362.0,,,,166.0,905.0,,661.0,326.0
580.0,700.0,1041.0,481.0,1351.0,,,15.0,657.0,1611.0,,,,,1167.0,,854.0,,,,1384.0,491.0,,1599.0,817.0
486.0,1108.0,842.0,1482.0,1411.0,,,1468.0,1284.0,124.0,,,,,1025.0,,1294.0,,,,763.0,30.0,,535.0,1123.0
227.0,690.0,992.0,1555.0,1052.0,,,47.0,1114.0,1406.0,,,,,1364.0,,1482.0,,,,1259.0,1017.0,,884.0,1528.0
624.0,667.0,99.0,845.0,894.0,,,1636.0,323.0,1606.0,,,,,1077.0,,349.0,,,,220.0,736.0,,771.0,79.0
1210.0,573.0,1010.0,1505.0,412.0,,,700.0,1544.0,445.0,,,,,139.0,,339.0,,,,1333.0,1491.0,,287.0,237.0
188.0,1150.0,1421.0,489.0,1430.0,,,570.0,955.0,625.0,,,,,1387.0,,638.0,,,,365.0,705.0,,85.0,167.0
419.0,40.0,145.0,1033.0,861.0,,,205.0,498.0,1191.0,,,,,1435.0,,1379.0,,,,156.0,1397.0,,662.0,1322.0
736.0,1519.0,1608.0,78.0,229.0,,,1364.0,521.0,719.0,,,,,1035.0,,648.0,,,,413.0,698.0,,163.0,192.0
1327.0,981.0,1525.0,504.0,586.0,,,1517.0,254.0,1451.0,,,,,1145.0,,974.0,,,,692.0,1507.0,,443.0,409.0
635.0,817.0,1184.0,900.0,819.0,,,295.0,50.0,195.0,,,,,1642.0,,28.0,,,,428.0,644.0,,1021.0,455.0
1052.0,929.0,1036.0,451.0,273.0,,,515.0,162.0,421.0,,,,,716.0,,1525.0,,,,75.0,1197.0,,669.0,366.0
901.0,269.0,620.0,1383.0,1304.0,,,1315.0,1236.0,1038.0,,,,,780.0,,1631.0,,,,872.0,181.0,,30.0,1378.0
606.0,1309.0,1292.0,968.0,1010.0,,,1194.0,706.0,337.0,,,,,187.0,,1074.0,,,,376.0,713.0,,919.0,328.0
74.0,1442.0,1123.0,408.0,1214.0,,,1523.0,849.0,628.0,,,,,995.0,,293.0,,,,92.0,714.0,,1398.0,1410.0
13.0,221.0,84.0,803.0,949.0,,,250.0,1587.0,1344.0,,,,,1082.0,,587.0,,,,1185.0,818.0,,1253.0,578.0
1555.0,1414.0,1045.0,477.0,1471.0,,,207.0,946.0,495.0,,,,,7.0,,281.0,,,,437.0,1058.0,,489.0,709.0
356.0,997.0,497.0,849.0,785.0,,,119.0,871.0,588.0,,,,,795.0,,162.0,,,,1556.0,466.0,,976.0,117.0
254.0,1439.0,572.0,1597.0,515.0,,,80.0,1290.0,580.0,,,,,788.0,,1279.0,,,,1506.0,1444.0,,441.0,1445.0
728.0,293.0,1196.0,1043.0,41.0,,,685.0,475.0,1285.0,,,,,75.0,,726.0,,,,866.0,633.0,,337.0,1339.0
1092.0,245.0,110.0,1489.0,1005.0,,,1444.0,813.0,1351.0,,,,,1094.0,,1555.0,,,,1128.0,149.0,,794.0,478.0
829.0,962.0,1435.0,1363.0,80.0,,,524.0,1270.0,1476.0,,,,,1204.0,,1578.0,,,,1598.0,820.0,,1378.0,1652.0
783.0,668.0,200.0,316.0,1500.0,,,376.0,951.0,1010.0,,,,,551.0,,348.0,,,,373.0,1086.0,,407.0,1010.0
1343.0,1248.0,870.0,640.0,600.0,,,1614.0,1514.0,1175.0,,,,,1263.0,,1152.0,,,,1284.0,338.0,,985.0,1549.0
1288.0,1605.0,401.0,1370.0,982.0,,,1216.0,783.0,1134.0,,,,,421.0,,594.0,,,,471.0,1174.0,,1488.0,1465.0
230.0,1623.0,509.0,1300.0,1592.0,,,1469.0,734.0,778.0,,,,,1131.0,,529.0,,,,367.0,356.0,,418.0,1076.0
50.0,340.0,1290.0,1105.0,1036.0,,,1625.0,327.0,30.0,,,,,1445.0,,876.0,,,,944.0,1543.0,,410.0,306.0
689.0,1526.0,1437.0,676.0,1449.0,,,1370.0,1259.0,203.0,,,,,722.0,,257.0,,,,1110.0,1496.0,,297.0,459.0
1282.0,163.0,663.0,1556.0,958.0,,,202.0,724.0,1238.0,,,,,572.0,,711.0,,,,1081.0,421.0,,1387.0,1155.0
365.0,1428.0,166.0,884.0,501.0,,,701.0,324.0,898.0,,,,,1380.0,,56.0,,,,998.0,1408.0,,290.0,411.0
986.0,1632.0,821.0,613.0,567.0,,,416.0,176.0,950.0,,,,,452.0,,645.0,,,,1467.0,1611.0,,1057.0,384.0
381.0,130.0,418.0,1329.0,1458.0,,,289.0,1047.0,807.0,,,,,1029.0,,1417.0,,,,773.0,6.0,,711.0,28.0
1631.0,12.0,896.0,1408.0,145.0,,,1027.0,685.0,566.0,,,,,1442.0,,262.0,,,,834.0,643.0,,203.0,198.0
1433.0,596.0,1248.0,1288.0,357.0,,,565.0,1568.0,113.0,,,,,477.0,,1008.0,,,,1406.0,849.0,,858.0,1263.0
281.0,788.0,1017.0,497.0,1262.0,,,1089.0,56.0,136.0,,,,,964.0,,910.0,,,,1282.0,757.0,,293.0,479.0
914.0,1398.0,334.0,1286.0,748.0,,,734.0,1261.0,1631.0,,,,,956.0,,76.0,,,,1198.0,133.0,,318.0,1218.0
1491.0,429.0,665.0,492.0,443.0,,,920.0,67.0,93.0,,,,,439.0,,795.0,,,,1628.0,1461.0,,576.0,1122.0
1637.0,783.0,854.0,1565.0,563.0,,,654.0,564.0,1579.0,,,,,95.0,,216.0,,,,923.0,1134.0,,1565.0,19.0
1588.0,1653.0,267.0,967.0,135.0,,,615.0,797.0,1261.0,,,,,1237.0,,249.0,,,,1099.0,84.0,,1443.0,1521.0
1305.0,481.0,1044.0,501.0,716.0,,,4.0,1219.0,1399.0,,,,,836.0,,1358.0,,,,298.0,411.0,,691.0,1171.0
315.0,1017.0,1300.0,1326.0,951.0,,,345.0,1058.0,396.0,,,,,550.0,,1480.0,,,,669.0,187.0,,1362.0,1061.0
314.0,1188.0,678.0,32.0,1548.0,,,966.0,932.0,1377.0,,,,,1292.0,,1197.0,,,,380.0,1170.0,,1630.0,715.0
1067.0,120.0,1432.0,1313.0,770.0,,,1179.0,893.0,376.0,,,,,832.0,,1224.0,,,,1147.0,1148.0,,1562.0,212.0
472.0,372.0,91.0,309.0,1166.0,,,1093.0,966.0,339.0,,,,,651.0,,923.0,,,,495.0,1615.0,,1539.0,14.0
1553.0,1246.0,571.0,1002.0,1267.0,,,681.0,511.0,452.0,,,,,781.0,,277.0,,,,1299.0,1212.0,,591.0,1215.0
1130.0,43.0,639.0,1183.0,793.0,,,964.0,1025.0,1200.0,,,,,1213.0,,310.0,,,,920.0,299.0,,873.0,1628.0
671.0,,177.0,1275.0,289.0,,,786.0,865.0,472.0,,,,,269.0,,99.0,,,,1221.0,24.0,,1293.0,1029.0
118.0,,104.0,1307.0,886.0,,,1047.0,311.0,1054.0,,,,,1016.0,,84.0,,,,1298.0,451.0,,1347.0,95.0
499.0,,345.0,724.0,763.0,,,284.0,1066.0,1342.0,,,,,241.0,,1477.0,,,,1173.0,539.0,,115.0,1636.0
854.0,,1517.0,935.0,1375.0,,,1326.0,1230.0,553.0,,,,,301.0,,245.0,,,,952.0,218.0,,424.0,957.0
360.0,,531.0,1148.0,331.0,,,1005.0,1615.0,8.0,,,,,250.0,,852.0,,,,942.0,636.0,,1348.0,543.0
218.0,,1197.0,179.0,6.0,,,1537.0,777.0,1321.0,,,,,1139.0,,398.0,,,,1545.0,598.0,,1449.0,82.0
578.0,,705.0,1178.0,1613.0,,,941.0,289.0,508.0,,,,,182.0,,1453.0,,,,491.0,673.0,,1136.0,1372.0
1254.0,,1264.0,84.0,431.0,,,44.0,149.0,1639.0,,,,,114.0,,917.0,,,,1323.0,516.0,,326.0,809.0
1321.0,,534.0,1331.0,1601.0,,,554.0,200.0,897.0,,,,,86.0,,355.0,,,,1293.0,231.0,,1050.0,654.0
716.0,,488.0,72.0,124.0,,,593.0,855.0,500.0,,,,,1523.0,,1001.0,,,,1439.0,382.0,,604.0,1050.0
933.0,,814.0,202.0,906.0,,,212.0,187.0,1249.0,,,,,344.0,,474.0,,,,1492.0,656.0,,816.0,1623.0
1175.0,,1298.0,657.0,776.0,,,1417.0,1287.0,688.0,,,,,1226.0,,632.0,,,,881.0,396.0,,1477.0,44.0
1053.0,,318.0,1259.0,217.0,,,763.0,1208.0,691.0,,,,,784.0,,915.0,,,,1175.0,9.0,,652.0,990.0
658.0,,486.0,1167.0,115.0,,,415.0,271.0,411.0,,,,,1160.0,,1588.0,,,,43.0,937.0,,1237.0,947.0
145.0,,817.0,1091.0,78.0,,,1040.0,805.0,841.0,,,,,727.0,,1556.0,,,,,1499.0,,1560.0,583.0
1150.0,,748.0,376.0,1415.0,,,1170.0,801.0,35.0,,,,,85.0,,43.0,,,,,368.0,,1130.0,904.0
1243.0,,1007.0,415.0,679.0,,,1476.0,527.0,1649.0,,,,,939.0,,,,,,,1011.0,,732.0,1544.0
1054.0,,589.0,1421.0,1369.0,,,758.0,1588.0,947.0,,,,,758.0,,,,,,,955.0,,342.0,1247.0
431.0,,396.0,1322.0,1552.0,,,1323.0,1315.0,334.0,,,,,1450.0,,,,,,,1551.0,,1471.0,921.0
1186.0,,1156.0,385.0,1501.0,,,380.0,1084.0,537.0,,,,,520.0,,,,,,,311.0,,514.0,1201.0
204.0,,1412.0,909.0,1566.0,,,1580.0,1641.0,156.0,,,,,1357.0,,,,,,,255.0,,1301.0,750.0
141.0,,1277.0,1441.0,747.0,,,914.0,1632.0,333.0,,,,,941.0,,,,,,,772.0,,839.0,1449.0
881.0,,1148.0,531.0,77.0,,,1080.0,1507.0,1148.0,,,,,216.0,,,,,,,107.0,,447.0,408.0
1590.0,,882.0,1414.0,1455.0,,,551.0,530.0,619.0,,,,,1151.0,,,,,,,320.0,,129.0,98.0
1481.0,,775.0,722.0,148.0,,,942.0,726.0,246.0,,,,,348.0,,,,,,,880.0,,634.0,1415.0
1169.0,,155.0,812.0,1284.0,,,167.0,715.0,1288.0,,,,,1316.0,,,,,,,1293.0,,720.0,670.0
796.0,,1507.0,1442.0,498.0,,,16.0,1573.0,1633.0,,,,,661.0,,,,,,,1423.0,,210.0,341.0
1205.0,,957.0,1104.0,1444.0,,,925.0,664.0,248.0,,,,,433.0,,,,,,,645.0,,199.0,137.0
883.0,,242.0,97.0,545.0,,,1041.0,806.0,293.0,,,,,844.0,,,,,,,519.0,,1.0,1392.0
475.0,,1035.0,783.0,1170.0,,,1634.0,168.0,1632.0,,,,,1266.0,,,,,,,1352.0,,4.0,607.0
1302.0,,63.0,1635.0,593.0,,,558.0,270.0,1236.0,,,,,1258.0,,,,,,,761.0,,300.0,726.0
683.0,,505.0,726.0,1123.0,,,1358.0,390.0,1322.0,,,,,1347.0,,,,,,,824.0,,724.0,1391.0
1111.0,,115.0,795.0,510.0,,,1474.0,330.0,256.0,,,,,1353.0,,,,,,,1329.0,,573.0,1213.0
214.0,,1569.0,955.0,1412.0,,,46.0,1402.0,1319.0,,,,,1272.0,,,,,,,331.0,,29.0,1248.0
682.0,,395.0,1649.0,1240.0,,,183.0,378.0,582.0,,,,,645.0,,,,,,,1007.0,,464.0,225.0
23.0,,1116.0,1232.0,539.0,,,749.0,1271.0,1090.0,,,,,1373.0,,,,,,,630.0,,478.0,582.0
511.0,,530.0,423.0,1484.0,,,506.0,839.0,908.0,,,,,1152.0,,,,,,,1133.0,,171.0,1286.0
531.0,,867.0,1606.0,864.0,,,1600.0,238.0,1301.0,,,,,821.0,,,,,,,1612.0,,961.0,425.0
1437.0,,539.0,760.0,1568.0,,,540.0,96.0,1156.0,,,,,30.0,,,,,,,518.0,,549.0,221.0
280.0,,1033.0,1246.0,825.0,,,1072.0,1176.0,462.0,,,,,1603.0,,,,,,,691.0,,990.0,1204.0
1388.0,,545.0,1628.0,244.0,,,740.0,123.0,1116.0,,,,,709.0,,,,,,,1289.0,,479.0,75.0
1582.0,,1237.0,623.0,950.0,,,472.0,1392.0,1295.0,,,,,56.0,,,,,,,1415.0,,415.0,1490.0
208.0,,105.0,282.0,527.0,,,1640.0,1117.0,1252.0,,,,,1400.0,,,,,,,641.0,,818.0,1441.0
843.0,,537.0,144.0,1382.0,,,393.0,1068.0,323.0,,,,,699.0,,,,,,,37.0,,1392.0,687.0
1585.0,,134.0,1135.0,863.0,,,94.0,1156.0,1240.0,,,,,219.0,,,,,,,490.0,,718.0,710.0
867.0,,1594.0,658.0,870.0,,,776.0,794.0,172.0,,,,,1121.0,,,,,,,1305.0,,1318.0,1107.0
1365.0,,1242.0,1191.0,481.0,,,621.0,13.0,176.0,,,,,1360.0,,,,,,,997.0,,414.0,89.0
1131.0,,1270.0,1439.0,184.0,,,976.0,1316.0,1000.0,,,,,175.0,,,,,,,524.0,,1605.0,712.0
200.0,,1633.0,1088.0,536.0,,,11.0,980.0,623.0,,,,,924.0,,,,,,,1060.0,,1542.0,59.0
194.0,,912.0,115.0,1453.0,,,86.0,10.0,409.0,,,,,1469.0,,,,,,,98.0,,712.0,674.0
774.0,,1522.0,1639.0,125.0,,,962.0,1329.0,276.0,,,,,698.0,,,,,,,1152.0,,26.0,406.0
1394.0,,1423.0,1521.0,1242.0,,,1390.0,124.0,568.0,,,,,1600.0,,,,,,,762.0,,988.0,561.0
1402.0,,762.0,581.0,1577.0,,,311.0,219.0,751.0,,,,,1304.0,,,,,,,211.0,,288.0,26.0
730.0,,1357.0,36.0,594.0,,,525.0,428.0,858.0,,,,,1441.0,,,,,,,609.0,,99.0,659.0
1651.0,,71.0,344.0,259.0,,,532.0,131.0,930.0,,,,,429.0,,,,,,,626.0,,764.0,1254.0
1528.0,,1142.0,989.0,221.0,,,1629.0,1352.0,1417.0,,,,,52.0,,,,,,,1440.0,,1078.0,1341.0
576.0,,15.0,771.0,304.0,,,728.0,1399.0,485.0,,,,,745.0,,,,,,,1127.0,,112.0,464.0
1591.0,,938.0,214.0,83.0,,,595.0,1580.0,1270.0,,,,,228.0,,,,,,,712.0,,1448.0,637.0
744.0,,1065.0,1512.0,1141.0,,,1646.0,1622.0,1645.0,,,,,697.0,,,,,,,784.0,,457.0,864.0
124.0,,330.0,8.0,1596.0,,,1131.0,1594.0,1593.0,,,,,855.0,,,,,,,674.0,,1394.0,125.0
1476.0,,701.0,1158.0,956.0,,,1522.0,343.0,895.0,,,,,888.0,,,,,,,898.0,,1548.0,1587.0
260.0,,1225.0,914.0,500.0,,,235.0,1061.0,883.0,,,,,1101.0,,,,,,,347.0,,915.0,418.0
831.0,,1477.0,1640.0,1631.0,,,1259.0,132.0,1488.0,,,,,1298.0,,,,,,,1032.0,,226.0,292.0
1602.0,,608.0,928.0,168.0,,,511.0,884.0,1544.0,,,,,944.0,,,,,,,1585.0,,292.0,296.0
638.0,,1203.0,342.0,1633.0,,,1621.0,1050.0,1113.0,,,,,330.0,,,,,,,984.0,,1313.0,1338.0
601.0,,40.0,1159.0,242.0,,,1004.0,789.0,255.0,,,,,865.0,,,,,,,1564.0,,867.0,274.0
1307.0,,815.0,1206.0,1224.0,,,519.0,1038.0,1604.0,,,,,1084.0,,,,,,,731.0,,102.0,413.0
516.0,,1410.0,356.0,531.0,,,1283.0,1421.0,533.0,,,,,918.0,,,,,,,817.0,,28.0,1457.0
452.0,,755.0,113.0,756.0,,,74.0,888.0,682.0,,,,,943.0,,,,,,,613.0,,761.0,1467.0
1475.0,,347.0,878.0,1617.0,,,1579.0,892.0,1497.0,,,,,1494.0,,,,,,,88.0,,1344.0,589.0
283.0,,1373.0,117.0,1182.0,,,982.0,712.0,165.0,,,,,1085.0,,,,,,,243.0,,1223.0,1266.0
336.0,,1646.0,93.0,133.0,,,1399.0,1239.0,1032.0,,,,,764.0,,,,,,,560.0,,460.0,1564.0
588.0,,247.0,100.0,1009.0,,,616.0,1566.0,431.0,,,,,428.0,,,,,,,138.0,,81.0,80.0
446.0,,604.0,95.0,497.0,,,1419.0,1431.0,141.0,,,,,435.0,,,,,,,580.0,,483.0,983.0
1349.0,,930.0,1452.0,1372.0,,,210.0,751.0,406.0,,,,,656.0,,,,,,,72.0,,133.0,808.0
1628.0,,1263.0,269.0,93.0,,,241.0,1393.0,1048.0,,,,,799.0,,,,,,,1511.0,,1652.0,90.0
1601.0,,881.0,669.0,1591.0,,,903.0,159.0,1243.0,,,,,29.0,,,,,,,449.0,,1232.0,1142.0
410.0,,38.0,332.0,697.0,,,1527.0,72.0,846.0,,,,,1590.0,,,,,,,1244.0,,619.0,1329.0
1062.0,,380.0,1063.0,270.0,,,1081.0,684.0,562.0,,,,,923.0,,,,,,,398.0,,757.0,1571.0
1077.0,,1111.0,444.0,441.0,,,1249.0,1123.0,389.0,,,,,1105.0,,,,,,,494.0,,1451.0,226.0
1310.0,,1132.0,206.0,1222.0,,,669.0,1241.0,1089.0,,,,,1377.0,,,,,,,171.0,,498.0,577.0
85.0,,1396.0,1214.0,1509.0,,,1325.0,404.0,1059.0,,,,,78.0,,,,,,,653.0,,1582.0,1507.0
1098.0,,780.0,290.0,1311.0,,,1540.0,398.0,1154.0,,,,,1286.0,,,,,,,1467.0,,1294.0,1594.0
700.0,,1056.0,246.0,1634.0,,,34.0,1129.0,1554.0,,,,,897.0,,,,,,,907.0,,782.0,751.0
515.0,,1449.0,249.0,1143.0,,,353.0,1175.0,1381.0,,,,,1551.0,,,,,,,775.0,,972.0,173.0
238.0,,1118.0,146.0,1077.0,,,1501.0,189.0,1523.0,,,,,547.0,,,,,,,1505.0,,1055.0,835.0
344.0,,803.0,977.0,1093.0,,,184.0,279.0,453.0,,,,,1409.0,,,,,,,1541.0,,328.0,1547.0
341.0,,956.0,990.0,1428.0,,,1302.0,827.0,912.0,,,,,483.0,,,,,,,1132.0,,1128.0,110.0
1495.0,,388.0,754.0,117.0,,,1454.0,1260.0,669.0,,,,,849.0,,,,,,,53.0,,1334.0,427.0
1006.0,,950.0,1000.0,118.0,,,902.0,22.0,1149.0,,,,,1163.0,,,,,,,973.0,,1159.0,156.0
771.0,,635.0,602.0,893.0,,,1392.0,1251.0,1590.0,,,,,774.0,,,,,,,612.0,,936.0,649.0
242.0,,184.0,1518.0,883.0,,,154.0,1452.0,687.0,,,,,1022.0,,,,,,,533.0,,721.0,739.0
1451.0,,440.0,801.0,288.0,,,695.0,1012.0,1031.0,,,,,376.0,,,,,,,429.0,,1459.0,123.0
998.0,,1575.0,944.0,1356.0,,,1261.0,413.0,725.0,,,,,420.0,,,,,,,1282.0,,663.0,630.0
62.0,,615.0,479.0,1125.0,,,922.0,1130.0,910.0,,,,,996.0,,,,,,,845.0,,665.0,688.0
938.0,,1165.0,308.0,323.0,,,1592.0,494.0,38.0,,,,,1176.0,,,,,,,1391.0,,946.0,219.0
1014.0,,1549.0,1182.0,345.0,,,504.0,576.0,1006.0,,,,,1454.0,,,,,,,1070.0,,874.0,482.0
592.0,,1383.0,1119.0,68.0,,,403.0,125.0,1397.0,,,,,285.0,,,,,,,1208.0,,5.0,1043.0
418.0,,151.0,361.0,1176.0,,,1070.0,1436.0,866.0,,,,,1569.0,,,,,,,102.0,,506.0,1533.0
853.0,,309.0,1190.0,542.0,,,364.0,184.0,311.0,,,,,913.0,,,,,,,374.0,,309.0,298.0
285.0,,382.0,1108.0,1503.0,,,973.0,722.0,277.0,,,,,296.0,,,,,,,910.0,,1264.0,885.0
95.0,,360.0,1412.0,61.0,,,724.0,896.0,292.0,,,,,448.0,,,,,,,134.0,,813.0,838.0
1583.0,,413.0,92.0,1210.0,,,787.0,1217.0,1304.0,,,,,226.0,,,,,,,1574.0,,62.0,696.0
1455.0,,1512.0,1225.0,518.0,,,1028.0,332.0,1499.0,,,,,689.0,,,,,,,1648.0,,440.0,692.0
1450.0,,189.0,1621.0,666.0,,,107.0,517.0,283.0,,,,,294.0,,,,,,,487.0,,1546.0,334.0
699.0,,372.0,219.0,1172.0,,,461.0,1165.0,481.0,,,,,889.0,,,,,,,1065.0,,917.0,1136.0
166.0,,1652.0,684.0,976.0,,,1120.0,205.0,1595.0,,,,,1411.0,,,,,,,1528.0,,181.0,643.0
1031.0,,10.0,1297.0,1231.0,,,893.0,987.0,550.0,,,,,1259.0,,,,,,,41.0,,729.0,816.0
1148.0,,754.0,678.0,1225.0,,,897.0,359.0,968.0,,,,,1031.0,,,,,,,1010.0,,522.0,635.0
848.0,,18.0,1254.0,1435.0,,,99.0,1266.0,19.0,,,,,1256.0,,,,,,,696.0,,154.0,1039.0
1027.0,,67.0,87.0,36.0,,,1260.0,1513.0,347.0,,,,,1626.0,,,,,,,550.0,,451.0,1005.0
904.0,,81.0,286.0,1406.0,,,7.0,990.0,1492.0,,,,,775.0,,,,,,,28.0,,1508.0,1033.0
955.0,,1472.0,1304.0,193.0,,,1132.0,95.0,388.0,,,,,1142.0,,,,,,,511.0,,1224.0,346.0
359.0,,1399.0,952.0,1038.0,,,773.0,736.0,758.0,,,,,936.0,,,,,,,1549.0,,6.0,1000.0
808.0,,718.0,380.0,1117.0,,,1094.0,193.0,922.0,,,,,43.0,,,,,,,1350.0,,266.0,1317.0
567.0,,878.0,1474.0,274.0,,,980.0,1410.0,1263.0,,,,,,,,,,,,1049.0,,992.0,1578.0
525.0,,1009.0,698.0,813.0,,,1539.0,995.0,1339.0,,,,,,,,,,,,1374.0,,505.0,1653.0
302.0,,1367.0,1247.0,177.0,,,810.0,873.0,381.0,,,,,,,,,,,,86.0,,1633.0,174.0
834.0,,1039.0,149.0,857.0,,,648.0,171.0,133.0,,,,,,,,,,,,315.0,,1416.0,958.0
1473.0,,948.0,972.0,233.0,,,1526.0,911.0,1509.0,,,,,,,,,,,,1442.0,,161.0,1015.0
549.0,,633.0,1342.0,420.0,,,360.0,1276.0,1147.0,,,,,,,,,,,,1561.0,,434.0,587.0
1494.0,,963.0,1365.0,1080.0,,,118.0,1031.0,867.0,,,,,,,,,,,,863.0,,1526.0,1268.0
29.0,,301.0,962.0,355.0,,,313.0,1357.0,876.0,,,,,,,,,,,,507.0,,1395.0,1461.0
882.0,,23.0,606.0,250.0,,,803.0,290.0,1390.0,,,,,,,,,,,,1181.0,,897.0,573.0
676.0,,644.0,747.0,1625.0,,,1103.0,629.0,282.0,,,,,,,,,,,,290.0,,375.0,1473.0
1575.0,,13.0,542.0,285.0,,,14.0,927.0,167.0,,,,,,,,,,,,1241.0,,763.0,1387.0
245.0,,1271.0,276.0,1157.0,,,1272.0,1200.0,1469.0,,,,,,,,,,,,686.0,,817.0,257.0
631.0,,1119.0,1520.0,116.0,,,853.0,644.0,395.0,,,,,,,,,,,,314.0,,994.0,1230.0
1237.0,,32.0,838.0,511.0,,,174.0,426.0,581.0,,,,,,,,,,,,1163.0,,709.0,161.0
803.0,,1439.0,1574.0,1461.0,,,861.0,135.0,608.0,,,,,,,,,,,,204.0,,698.0,1063.0
347.0,,427.0,1227.0,1249.0,,,315.0,1495.0,661.0,,,,,,,,,,,,8.0,,1540.0,627.0
510.0,,59.0,1318.0,365.0,,,1482.0,431.0,1106.0,,,,,,,,,,,,436.0,,232.0,1311.0
1603.0,,726.0,572.0,1533.0,,,1251.0,1427.0,131.0,,,,,,,,,,,,1522.0,,238.0,168.0
33.0,,609.0,560.0,821.0,,,603.0,1263.0,640.0,,,,,,,,,,,,1221.0,,111.0,740.0
974.0,,409.0,1354.0,212.0,,,944.0,821.0,335.0,,,,,,,,,,,,1094.0,,704.0,1059.0
0.0,,873.0,1134.0,1496.0,,,1024.0,477.0,290.0,,,,,,,,,,,,860.0,,152.0,1580.0
625.0,,355.0,1253.0,326.0,,,1273.0,129.0,1336.0,,,,,,,,,,,,577.0,,1399.0,992.0
1242.0,,223.0,673.0,1275.0,,,434.0,1162.0,72.0,,,,,,,,,,,,1069.0,,564.0,500.0
832.0,,593.0,1169.0,556.0,,,83.0,551.0,487.0,,,,,,,,,,,,463.0,,1215.0,1196.0
1598.0,,1296.0,1566.0,899.0,,,285.0,153.0,82.0,,,,,,,,,,,,534.0,,1268.0,1614.0
1227.0,,142.0,265.0,921.0,,,33.0,615.0,1186.0,,,,,,,,,,,,137.0,,477.0,31.0
1044.0,,1511.0,1617.0,814.0,,,843.0,565.0,305.0,,,,,,,,,,,,1053.0,,1363.0,741.0
5.0,,1213.0,1568.0,276.0,,,677.0,454.0,149.0,,,,,,,,,,,,529.0,,1486.0,1294.0
688.0,,484.0,514.0,1394.0,,,1307.0,645.0,615.0,,,,,,,,,,,,1450.0,,1013.0,175.0
216.0,,1251.0,739.0,1362.0,,,1488.0,1109.0,906.0,,,,,,,,,,,,120.0,,1510.0,1217.0
1028.0,,1341.0,688.0,1354.0,,,442.0,1009.0,37.0,,,,,,,,,,,,957.0,,325.0,473.0
1291.0,,446.0,1175.0,183.0,,,309.0,688.0,814.0,,,,,,,,,,,,1519.0,,868.0,872.0
1188.0,,379.0,1541.0,1216.0,,,177.0,230.0,881.0,,,,,,,,,,,,17.0,,597.0,605.0
885.0,,128.0,1155.0,957.0,,,857.0,1443.0,1325.0,,,,,,,,,,,,861.0,,1407.0,1164.0
1627.0,,1208.0,708.0,1614.0,,,955.0,891.0,309.0,,,,,,,,,,,,885.0,,965.0,771.0
240.0,,383.0,1572.0,459.0,,,240.0,1181.0,587.0,,,,,,,,,,,,1420.0,,630.0,833.0
844.0,,907.0,848.0,210.0,,,1470.0,1295.0,39.0,,,,,,,,,,,,166.0,,257.0,944.0
763.0,,456.0,1612.0,549.0,,,1619.0,92.0,637.0,,,,,,,,,,,,26.0,,648.0,1202.0
1410.0,,420.0,1561.0,999.0,,,1616.0,221.0,74.0,,,,,,,,,,,,1538.0,,1217.0,651.0
1043.0,,26.0,166.0,1588.0,,,492.0,603.0,723.0,,,,,,,,,,,,365.0,,1058.0,1025.0
1155.0,,827.0,893.0,718.0,,,646.0,1229.0,1233.0,,,,,,,,,,,,920.0,,1360.0,660.0
691.0,,1600.0,701.0,517.0,,,1086.0,98.0,1069.0,,,,,,,,,,,,1259.0,,1549.0,1539.0
614.0,,402.0,1200.0,470.0,,,180.0,1640.0,624.0,,,,,,,,,,,,689.0,,1417.0,810.0
1368.0,,951.0,21.0,1134.0,,,146.0,1319.0,1222.0,,,,,,,,,,,,1077.0,,541.0,1446.0
1592.0,,1204.0,1251.0,361.0,,,324.0,26.0,1272.0,,,,,,,,,,,,839.0,,790.0,749.0
1032.0,,0.0,1509.0,1277.0,,,757.0,242.0,504.0,,,,,,,,,,,,1455.0,,1248.0,489.0
1573.0,,1471.0,102.0,662.0,,,114.0,778.0,1096.0,,,,,,,,,,,,668.0,,1251.0,772.0
1290.0,,1.0,921.0,414.0,,,547.0,144.0,655.0,,,,,,,,,,,,412.0,,861.0,1034.0
1443.0,,416.0,885.0,1353.0,,,797.0,536.0,1621.0,,,,,,,,,,,,1119.0,,1082.0,288.0
102.0,,66.0,1152.0,520.0,,,493.0,265.0,379.0,,,,,,,,,,,,1533.0,,1635.0,1404.0
723.0,,317.0,1479.0,1429.0,,,1191.0,349.0,709.0,,,,,,,,,,,,978.0,,196.0,925.0
1182.0,,298.0,94.0,1105.0,,,336.0,1444.0,470.0,,,,,,,,,,,,1218.0,,558.0,1475.0
1514.0,,1130.0,524.0,1299.0,,,1057.0,1420.0,444.0,,,,,,,,,,,,1290.0,,304.0,538.0
371.0,,444.0,573.0,1506.0,,,993.0,594.0,638.0,,,,,,,,,,,,329.0,,1184.0,146.0
172.0,,682.0,439.0,1374.0,,,1597.0,1190.0,732.0,,,,,,,,,,,,19.0,,354.0,114.0
1363.0,,901.0,215.0,399.0,,,1046.0,384.0,1341.0,,,,,,,,,,,,672.0,,1281.0,1514.0
1263.0,,740.0,1044.0,1086.0,,,115.0,718.0,633.0,,,,,,,,,,,,1344.0,,103.0,1298.0
1515.0,,980.0,1068.0,917.0,,,151.0,532.0,1564.0,,,,,,,,,,,,1389.0,,70.0,1067.0
558.0,,922.0,89.0,1581.0,,,870.0,631.0,393.0,,,,,,,,,,,,7.0,,1571.0,822.0
1289.0,,1453.0,162.0,1099.0,,,1360.0,738.0,1256.0,,,,,,,,,,,,935.0,,975.0,336.0
741.0,,1272.0,414.0,1467.0,,,943.0,912.0,1591.0,,,,,,,,,,,,683.0,,1113.0,1229.0
228.0,,812.0,1387.0,555.0,,,796.0,30.0,960.0,,,,,,,,,,,,198.0,,1295.0,256.0
1629.0,,24.0,976.0,1549.0,,,300.0,465.0,159.0,,,,,,,,,,,,1098.0,,1628.0,806.0
1281.0,,1186.0,430.0,1296.0,,,503.0,733.0,1042.0,,,,,,,,,,,,1297.0,,501.0,665.0
349.0,,715.0,959.0,64.0,,,1369.0,1077.0,1510.0,,,,,,,,,,,,650.0,,1135.0,289.0
1061.0,,958.0,291.0,1493.0,,,659.0,895.0,363.0,,,,,,,,,,,,1485.0,,16.0,50.0
464.0,,874.0,29.0,829.0,,,581.0,607.0,1416.0,,,,,,,,,,,,469.0,,808.0,700.0
891.0,,249.0,1184.0,1595.0,,,527.0,975.0,586.0,,,,,,,,,,,,1310.0,,165.0,551.0
791.0,,264.0,386.0,587.0,,,696.0,1034.0,842.0,,,,,,,,,,,,139.0,,1045.0,831.0
1389.0,,432.0,587.0,509.0,,,144.0,261.0,143.0,,,,,,,,,,,,1380.0,,1353.0,765.0
119.0,,809.0,525.0,453.0,,,314.0,1480.0,559.0,,,,,,,,,,,,408.0,,350.0,1591.0
54.0,,1612.0,934.0,1410.0,,,1593.0,885.0,480.0,,,,,,,,,,,,853.0,,1226.0,499.0
362.0,,605.0,1562.0,1057.0,,,132.0,1079.0,802.0,,,,,,,,,,,,836.0,,639.0,1337.0
1143.0,,657.0,1069.0,179.0,,,676.0,1515.0,440.0,,,,,,,,,,,,298.0,,1102.0,1354.0
1087.0,,656.0,1344.0,86.0,,,1287.0,772.0,825.0,,,,,,,,,,,,445.0,,66.0,1565.0
954.0,,1332.0,1559.0,647.0,,,1162.0,1522.0,446.0,,,,,,,,,,,,25.0,,137.0,1055.0
1145.0,,257.0,1620.0,855.0,,,1195.0,1112.0,321.0,,,,,,,,,,,,1388.0,,1124.0,1482.0
1220.0,,1274.0,141.0,494.0,,,877.0,1210.0,390.0,,,,,,,,,,,,506.0,,909.0,1535.0
140.0,,322.0,906.0,1510.0,,,29.0,222.0,690.0,,,,,,,,,,,,56.0,,1043.0,897.0
198.0,,1452.0,473.0,1383.0,,,831.0,156.0,1367.0,,,,,,,,,,,,502.0,,351.0,1523.0
1105.0,,1460.0,279.0,707.0,,,498.0,462.0,695.0,,,,,,,,,,,,887.0,,1202.0,194.0
375.0,,811.0,38.0,695.0,,,135.0,695.0,1518.0,,,,,,,,,,,,135.0,,949.0,1088.0
598.0,,994.0,655.0,429.0,,,1605.0,138.0,201.0,,,,,,,,,,,,864.0,,843.0,46.0
1429.0,,1078.0,353.0,1378.0,,,293.0,600.0,1537.0,,,,,,,,,,,,530.0,,1336.0,1621.0
202.0,,454.0,122.0,130.0,,,650.0,1320.0,540.0,,,,,,,,,,,,837.0,,1379.0,1084.0
846.0,,1190.0,527.0,1551.0,,,698.0,1232.0,498.0,,,,,,,,,,,,1516.0,,1280.0,48.0
833.0,,566.0,995.0,1220.0,,,54.0,598.0,1396.0,,,,,,,,,,,,154.0,,1157.0,851.0
902.0,,877.0,1290.0,467.0,,,1029.0,703.0,219.0,,,,,,,,,,,,726.0,,1090.0,680.0
433.0,,258.0,715.0,408.0,,,136.0,1650.0,1091.0,,,,,,,,,,,,933.0,,1017.0,1572.0
1315.0,,667.0,136.0,1133.0,,,1595.0,514.0,964.0,,,,,,,,,,,,1353.0,,908.0,129.0
1234.0,,405.0,1256.0,504.0,,,1.0,1166.0,1095.0,,,,,,,,,,,,27.0,,1115.0,1593.0
1572.0,,8.0,1409.0,808.0,,,586.0,982.0,1007.0,,,,,,,,,,,,422.0,,614.0,485.0
1141.0,,138.0,1087.0,1645.0,,,1624.0,210.0,523.0,,,,,,,,,,,,1421.0,,1027.0,352.0
1414.0,,776.0,1526.0,1046.0,,,1078.0,1412.0,326.0,,,,,,,,,,,,416.0,,631.0,1103.0
170.0,,377.0,1552.0,664.0,,,1317.0,1299.0,1423.0,,,,,,,,,,,,1267.0,,305.0,738.0
1534.0,,923.0,611.0,301.0,,,1077.0,1128.0,1612.0,,,,,,,,,,,,1050.0,,1084.0,622.0
880.0,,1524.0,1543.0,1370.0,,,744.0,101.0,1198.0,,,,,,,,,,,,1018.0,,1321.0,452.0
1609.0,,1091.0,843.0,1149.0,,,1172.0,1136.0,1387.0,,,,,,,,,,,,245.0,,84.0,553.0
342.0,,198.0,585.0,1098.0,,,1235.0,487.0,1600.0,,,,,,,,,,,,1103.0,,118.0,935.0
793.0,,435.0,321.0,433.0,,,1473.0,770.0,267.0,,,,,,,,,,,,227.0,,929.0,550.0
1561.0,,113.0,278.0,173.0,,,898.0,1455.0,28.0,,,,,,,,,,,,512.0,,1279.0,1394.0
1403.0,,1003.0,184.0,1474.0,,,819.0,167.0,26.0,,,,,,,,,,,,322.0,,486.0,892.0
884.0,,898.0,1507.0,677.0,,,356.0,75.0,1555.0,,,,,,,,,,,,475.0,,1404.0,959.0
462.0,,1369.0,890.0,1541.0,,,276.0,557.0,957.0,,,,,,,,,,,,239.0,,1310.0,778.0
277.0,,1585.0,33.0,874.0,,,1643.0,822.0,300.0,,,,,,,,,,,,1102.0,,1469.0,1400.0
41.0,,889.0,68.0,1368.0,,,323.0,1624.0,1047.0,,,,,,,,,,,,1278.0,,436.0,1456.0
1632.0,,696.0,1584.0,493.0,,,874.0,1464.0,423.0,,,,,,,,,,,,787.0,,844.0,417.0
947.0,,1465.0,507.0,181.0,,,530.0,935.0,838.0,,,,,,,,,,,,402.0,,371.0,1007.0
677.0,,1487.0,173.0,1573.0,,,50.0,589.0,892.0,,,,,,,,,,,,144.0,,1625.0,77.0
247.0,,1069.0,538.0,139.0,,,1433.0,1174.0,43.0,,,,,,,,,,,,827.0,,546.0,431.0
199.0,,937.0,687.0,1600.0,,,828.0,921.0,,,,,,,,,,,,,1059.0,,562.0,290.0
983.0,,555.0,208.0,1337.0,,,129.0,147.0,,,,,,,,,,,,,746.0,,832.0,757.0
1423.0,,747.0,828.0,1310.0,,,534.0,36.0,,,,,,,,,,,,,1006.0,,589.0,428.0
1046.0,,1596.0,837.0,1004.0,,,1262.0,1384.0,,,,,,,,,,,,,792.0,,1500.0,1129.0
1556.0,,595.0,1451.0,1015.0,,,1263.0,650.0,,,,,,,,,,,,,1429.0,,1275.0,963.0
267.0,,859.0,1285.0,263.0,,,800.0,143.0,,,,,,,,,,,,,1560.0,,1277.0,516.0
824.0,,224.0,194.0,1419.0,,,462.0,485.0,,,,,,,,,,,,,639.0,,1456.0,1211.0
96.0,,856.0,1514.0,1528.0,,,181.0,1376.0,,,,,,,,,,,,,310.0,,364.0,1096.0
223.0,,404.0,911.0,1253.0,,,938.0,1439.0,,,,,,,,,,,,,150.0,,76.0,140.0
406.0,,1230.0,1173.0,568.0,,,777.0,1105.0,,,,,,,,,,,,,170.0,,1428.0,419.0
235.0,,673.0,470.0,642.0,,,410.0,1279.0,,,,,,,,,,,,,1480.0,,60.0,591.0
1320.0,,1325.0,1102.0,570.0,,,1014.0,754.0,,,,,,,,,,,,,603.0,,336.0,61.0
1380.0,,1210.0,529.0,469.0,,,1324.0,155.0,,,,,,,,,,,,,39.0,,417.0,1051.0
1635.0,,1344.0,47.0,499.0,,,149.0,1110.0,,,,,,,,,,,,,1202.0,,1049.0,679.0
317.0,,6.0,714.0,730.0,,,143.0,753.0,,,,,,,,,,,,,1298.0,,581.0,1483.0
679.0,,793.0,24.0,1063.0,,,1395.0,592.0,,,,,,,,,,,,,681.0,,9.0,979.0
311.0,,82.0,1185.0,214.0,,,574.0,268.0,,,,,,,,,,,,,480.0,,518.0,4.0
911.0,,787.0,1013.0,359.0,,,1155.0,1325.0,,,,,,,,,,,,,241.0,,259.0,414.0
740.0,,714.0,410.0,1256.0,,,789.0,321.0,,,,,,,,,,,,,1227.0,,1258.0,875.0
1277.0,,879.0,420.0,1644.0,,,1127.0,580.0,,,,,,,,,,,,,1338.0,,401.0,1558.0
1168.0,,1168.0,198.0,1128.0,,,414.0,241.0,,,,,,,,,,,,,808.0,,54.0,389.0
1611.0,,1366.0,705.0,1436.0,,,1644.0,469.0,,,,,,,,,,,,,1457.0,,703.0,910.0
34.0,,1094.0,405.0,1432.0,,,476.0,1503.0,,,,,,,,,,,,,899.0,,781.0,991.0
1081.0,,1141.0,119.0,960.0,,,849.0,1364.0,,,,,,,,,,,,,366.0,,559.0,1502.0
782.0,,868.0,615.0,1006.0,,,438.0,905.0,,,,,,,,,,,,,1027.0,,20.0,1500.0
1486.0,,213.0,1348.0,1562.0,,,62.0,632.0,,,,,,,,,,,,,1157.0,,626.0,480.0
864.0,,661.0,1642.0,35.0,,,1018.0,612.0,,,,,,,,,,,,,918.0,,192.0,1617.0
731.0,,796.0,193.0,187.0,,,575.0,292.0,,,,,,,,,,,,,438.0,,456.0,1144.0
370.0,,703.0,1064.0,313.0,,,702.0,58.0,,,,,,,,,,,,,1101.0,,1511.0,100.0
1238.0,,1214.0,1111.0,318.0,,,305.0,93.0,,,,,,,,,,,,,1215.0,,144.0,1566.0
1568.0,,1503.0,125.0,479.0,,,444.0,719.0,,,,,,,,,,,,,546.0,,427.0,7.0
1017.0,,439.0,819.0,942.0,,,382.0,725.0,,,,,,,,,,,,,981.0,,344.0,736.0
1478.0,,1642.0,438.0,1135.0,,,651.0,1472.0,,,,,,,,,,,,,83.0,,355.0,690.0
1616.0,,1310.0,1404.0,938.0,,,907.0,838.0,,,,,,,,,,,,,3.0,,1235.0,202.0
1049.0,,933.0,305.0,719.0,,,988.0,563.0,,,,,,,,,,,,,129.0,,1457.0,1023.0
1075.0,,651.0,1325.0,1261.0,,,1485.0,1153.0,,,,,,,,,,,,,1416.0,,1615.0,154.0
704.0,,316.0,172.0,1180.0,,,832.0,1309.0,,,,,,,,,,,,,537.0,,625.0,1200.0
1215.0,,816.0,447.0,1341.0,,,760.0,609.0,,,,,,,,,,,,,1167.0,,1499.0,1476.0
338.0,,1095.0,811.0,26.0,,,860.0,1550.0,,,,,,,,,,,,,773.0,,1008.0,1021.0
1110.0,,1350.0,847.0,601.0,,,1301.0,417.0,,,,,,,,,,,,,1056.0,,1619.0,566.0
128.0,,236.0,307.0,1329.0,,,508.0,94.0,,,,,,,,,,,,,801.0,,291.0,676.0
520.0,,1500.0,509.0,582.0,,,954.0,1282.0,,,,,,,,,,,,,1637.0,,708.0,364.0
811.0,,819.0,953.0,525.0,,,491.0,64.0,,,,,,,,,,,,,802.0,,1463.0,727.0
964.0,,1614.0,1351.0,766.0,,,1431.0,355.0,,,,,,,,,,,,,1446.0,,237.0,1472.0
962.0,,1053.0,126.0,1529.0,,,1151.0,1602.0,,,,,,,,,,,,,1486.0,,823.0,1026.0
1008.0,,1246.0,565.0,969.0,,,516.0,364.0,,,,,,,,,,,,,814.0,,1214.0,1351.0
423.0,,1201.0,750.0,798.0,,,820.0,730.0,,,,,,,,,,,,,1383.0,,509.0,1180.0
1029.0,,841.0,1419.0,1163.0,,,691.0,767.0,,,,,,,,,,,,,452.0,,1351.0,1042.0
1342.0,,687.0,932.0,3.0,,,1529.0,492.0,,,,,,,,,,,,,57.0,,179.0,119.0
1647.0,,1409.0,315.0,544.0,,,72.0,1152.0,,,,,,,,,,,,,493.0,,502.0,1156.0
847.0,,989.0,988.0,1491.0,,,67.0,539.0,,,,,,,,,,,,,1495.0,,1527.0,1145.0
1086.0,,12.0,416.0,1212.0,,,781.0,35.0,,,,,,,,,,,,,549.0,,38.0,946.0
722.0,,1407.0,910.0,1018.0,,,273.0,1572.0,,,,,,,,,,,,,831.0,,1591.0,526.0
760.0,,1552.0,234.0,1340.0,,,1154.0,1396.0,,,,,,,,,,,,,659.0,,48.0,1388.0
393.0,,886.0,1470.0,224.0,,,950.0,796.0,,,,,,,,,,,,,1532.0,,280.0,472.0
599.0,,1520.0,1616.0,1621.0,,,814.0,793.0,,,,,,,,,,,,,1386.0,,18.0,230.0
1139.0,,887.0,142.0,321.0,,,727.0,704.0,,,,,,,,,,,,,272.0,,139.0,1648.0
615.0,,625.0,317.0,120.0,,,1532.0,1647.0,,,,,,,,,,,,,948.0,,67.0,862.0
1312.0,,150.0,680.0,1425.0,,,1300.0,1197.0,,,,,,,,,,,,,678.0,,1083.0,215.0
1195.0,,1351.0,77.0,1598.0,,,526.0,385.0,,,,,,,,,,,,,723.0,,49.0,505.0
969.0,,623.0,515.0,1497.0,,,882.0,682.0,,,,,,,,,,,,,399.0,,1222.0,107.0
450.0,,628.0,550.0,1104.0,,,1207.0,994.0,,,,,,,,,,,,,832.0,,239.0,830.0
1104.0,,1317.0,334.0,1041.0,,,171.0,362.0,,,,,,,,,,,,,682.0,,516.0,1001.0
862.0,,256.0,736.0,421.0,,,147.0,711.0,,,,,,,,,,,,,679.0,,696.0,1396.0
57.0,,69.0,1133.0,128.0,,,808.0,810.0,,,,,,,,,,,,,1209.0,,465.0,942.0
345.0,,920.0,418.0,909.0,,,1181.0,365.0,,,,,,,,,,,,,1341.0,,1216.0,569.0
814.0,,925.0,46.0,305.0,,,739.0,1344.0,,,,,,,,,,,,,1381.0,,177.0,926.0
505.0,,508.0,802.0,1291.0,,,28.0,1381.0,,,,,,,,,,,,,872.0,,1306.0,251.0
1187.0,,1250.0,1352.0,4.0,,,398.0,660.0,,,,,,,,,,,,,589.0,,641.0,391.0
727.0,,1125.0,1095.0,1013.0,,,689.0,924.0,,,,,,,,,,,,,1404.0,,636.0,1265.0
807.0,,1076.0,998.0,1639.0,,,911.0,259.0,,,,,,,,,,,,,1087.0,,1403.0,1454.0
326.0,,961.0,1515.0,465.0,,,343.0,1124.0,,,,,,,,,,,,,1323.0,,1506.0,784.0
1613.0,,333.0,411.0,1651.0,,,91.0,20.0,,,,,,,,,,,,,1430.0,,937.0,34.0
593.0,,1034.0,1415.0,1612.0,,,746.0,1418.0,,,,,,,,,,,,,1109.0,,870.0,253.0
59.0,,1343.0,549.0,989.0,,,845.0,207.0,,,,,,,,,,,,,838.0,,1026.0,124.0
1511.0,,1100.0,74.0,102.0,,,159.0,1636.0,,,,,,,,,,,,,929.0,,425.0,542.0
1097.0,,1085.0,359.0,590.0,,,802.0,307.0,,,,,,,,,,,,,754.0,,1149.0,1326.0
1377.0,,102.0,894.0,188.0,,,699.0,1372.0,,,,,,,,,,,,,1487.0,,1309.0,522.0
1409.0,,1164.0,1394.0,81.0,,,60.0,764.0,,,,,,,,,,,,,1205.0,,1129.0,844.0
100.0,,1058.0,131.0,14.0,,,1233.0,1635.0,,,,,,,,,,,,,196.0,,627.0,1413.0
585.0,,711.0,1083.0,573.0,,,1150.0,1467.0,,,,,,,,,,,,,1633.0,,251.0,1126.0
144.0,,953.0,468.0,1238.0,,,626.0,1556.0,,,,,,,,,,,,,159.0,,155.0,1409.0
1393.0,,1629.0,899.0,850.0,,,175.0,945.0,,,,,,,,,,,,,1079.0,,974.0,689.0
918.0,,931.0,1508.0,1537.0,,,1496.0,172.0,,,,,,,,,,,,,1100.0,,1001.0,474.0
165.0,,311.0,257.0,108.0,,,604.0,185.0,,,,,,,,,,,,,989.0,,896.0,1016.0
897.0,,1580.0,367.0,15.0,,,961.0,1589.0,,,,,,,,,,,,,67.0,,989.0,891.0
591.0,,568.0,1524.0,290.0,,,495.0,1555.0,,,,,,,,,,,,,1646.0,,1505.0,1097.0
923.0,,683.0,1236.0,30.0,,,779.0,1196.0,,,,,,,,,,,,,866.0,,382.0,1515.0
922.0,,872.0,1073.0,94.0,,,402.0,277.0,,,,,,,,,,,,,509.0,,105.0,1177.0
236.0,,662.0,1090.0,1571.0,,,1037.0,585.0,,,,,,,,,,,,,806.0,,1595.0,527.0
160.0,,1087.0,1413.0,714.0,,,1157.0,1370.0,,,,,,,,,,,,,1216.0,,1299.0,291.0
161.0,,1413.0,1301.0,1376.0,,,1518.0,1388.0,,,,,,,,,,,,,1085.0,,1397.0,1537.0
1298.0,,1140.0,1237.0,1454.0,,,890.0,1292.0,,,,,,,,,,,,,1384.0,,1438.0,279.0
656.0,,1273.0,1082.0,393.0,,,708.0,1559.0,,,,,,,,,,,,,404.0,,50.0,1306.0
1551.0,,1534.0,1294.0,1367.0,,,1533.0,989.0,,,,,,,,,,,,,941.0,,1545.0,1470.0
439.0,,169.0,399.0,197.0,,,179.0,846.0,,,,,,,,,,,,,875.0,,1642.0,699.0
919.0,,739.0,1239.0,239.0,,,1651.0,1177.0,,,,,,,,,,,,,701.0,,697.0,1058.0
131.0,,1231.0,390.0,1347.0,,,489.0,1103.0,,,,,,,,,,,,,882.0,,1225.0,1232.0
1356.0,,451.0,1005.0,604.0,,,1544.0,21.0,,,,,,,,,,,,,906.0,,1053.0,1284.0
680.0,,289.0,474.0,576.0,,,755.0,1419.0,,,,,,,,,,,,,195.0,,484.0,843.0
1299.0,,1315.0,1418.0,609.0,,,333.0,340.0,,,,,,,,,,,,,1322.0,,1356.0,768.0
269.0,,759.0,185.0,761.0,,,206.0,228.0,,,,,,,,,,,,,660.0,,466.0,121.0
1096.0,,1068.0,1598.0,599.0,,,1128.0,1102.0,,,,,,,,,,,,,400.0,,1006.0,1175.0
786.0,,1106.0,43.0,682.0,,,370.0,1428.0,,,,,,,,,,,,,769.0,,536.0,541.0
674.0,,227.0,,740.0,,,1406.0,597.0,,,,,,,,,,,,,450.0,,828.0,829.0
352.0,,977.0,,228.0,,,0.0,747.0,,,,,,,,,,,,,1153.0,,1393.0,491.0
681.0,,261.0,,1255.0,,,929.0,1426.0,,,,,,,,,,,,,1568.0,,1111.0,537.0
263.0,,315.0,,1527.0,,,463.0,1567.0,,,,,,,,,,,,,1242.0,,1322.0,868.0
72.0,,464.0,,1521.0,,,748.0,461.0,,,,,,,,,,,,,739.0,,1326.0,1068.0
1059.0,,83.0,,1075.0,,,1443.0,513.0,,,,,,,,,,,,,765.0,,840.0,1032.0
191.0,,941.0,,514.0,,,101.0,1209.0,,,,,,,,,,,,,229.0,,218.0,1047.0
768.0,,1088.0,,1073.0,,,995.0,1574.0,,,,,,,,,,,,,1125.0,,389.0,372.0
43.0,,1081.0,,1014.0,,,1245.0,281.0,,,,,,,,,,,,,172.0,,242.0,1639.0
,,1135.0,,1001.0,,,1490.0,1482.0,,,,,,,,,,,,,604.0,,1259.0,118.0
,,310.0,,1431.0,,,1572.0,335.0,,,,,,,,,,,,,707.0,,1632.0,1104.0
,,1131.0,,731.0,,,795.0,356.0,,,,,,,,,,,,,959.0,,1260.0,1588.0
,,985.0,,1263.0,,,846.0,1583.0,,,,,,,,,,,,,1417.0,,1148.0,327.0
,,1011.0,,1244.0,,,69.0,1330.0,,,,,,,,,,,,,1348.0,,1453.0,1440.0
,,207.0,,62.0,,,601.0,940.0,,,,,,,,,,,,,737.0,,1592.0,248.0
,,475.0,,1462.0,,,1206.0,1448.0,,,,,,,,,,,,,1238.0,,24.0,420.0
,,1195.0,,1043.0,,,262.0,541.0,,,,,,,,,,,,,82.0,,538.0,560.0
,,220.0,,1120.0,,,272.0,312.0,,,,,,,,,,,,,1579.0,,980.0,1342.0
,,208.0,,632.0,,,1362.0,61.0,,,,,,,,,,,,,950.0,,95.0,1417.0
,,940.0,,580.0,,,157.0,986.0,,,,,,,,,,,,,169.0,,553.0,1484.0
,,1218.0,,620.0,,,630.0,1586.0,,,,,,,,,,,,,1595.0,,1639.0,1319.0
,,746.0,,873.0,,,1289.0,1627.0,,,,,,,,,,,,,958.0,,485.0,1347.0
,,1420.0,,713.0,,,252.0,698.0,,,,,,,,,,,,,1550.0,,182.0,1283.0
,,1314.0,,72.0,,,447.0,361.0,,,,,,,,,,,,,1184.0,,519.0,1199.0
,,646.0,,700.0,,,1463.0,811.0,,,,,,,,,,,,,1553.0,,1146.0,321.0
,,648.0,,1039.0,,,1555.0,127.0,,,,,,,,,,,,,1099.0,,613.0,33.0
,,676.0,,112.0,,,21.0,1516.0,,,,,,,,,,,,,1219.0,,394.0,1545.0
,,482.0,,784.0,,,741.0,1178.0,,,,,,,,,,,,,1231.0,,240.0,78.0
,,260.0,,60.0,,,1175.0,256.0,,,,,,,,,,,,,1626.0,,405.0,1208.0
,,1211.0,,569.0,,,841.0,1613.0,,,,,,,,,,,,,1403.0,,265.0,1510.0
,,942.0,,792.0,,,1219.0,81.0,,,,,,,,,,,,,1600.0,,224.0,761.0
,,1013.0,,218.0,,,446.0,1557.0,,,,,,,,,,,,,201.0,,331.0,1462.0
,,120.0,,1234.0,,,537.0,781.0,,,,,,,,,,,,,427.0,,786.0,387.0
,,708.0,,746.0,,,1109.0,920.0,,,,,,,,,,,,,1129.0,,1200.0,1099.0
,,976.0,,1223.0,,,1525.0,1534.0,,,,,,,,,,,,,826.0,,851.0,548.0
,,1133.0,,451.0,,,1512.0,287.0,,,,,,,,,,,,,694.0,,524.0,1504.0
,,392.0,,1316.0,,,259.0,516.0,,,,,,,,,,,,,1484.0,,1581.0,965.0
,,706.0,,1450.0,,,1124.0,681.0,,,,,,,,,,,,,446.0,,734.0,889.0
,,1228.0,,614.0,,,629.0,450.0,,,,,,,,,,,,,301.0,,1233.0,1253.0
,,1550.0,,683.0,,,459.0,294.0,,,,,,,,,,,,,1599.0,,409.0,1616.0
,,1645.0,,752.0,,,1394.0,957.0,,,,,,,,,,,,,304.0,,942.0,585.0
,,512.0,,805.0,,,1064.0,399.0,,,,,,,,,,,,,605.0,,311.0,29.0
,,1639.0,,424.0,,,639.0,1187.0,,,,,,,,,,,,,1302.0,,1197.0,1459.0
,,1055.0,,95.0,,,283.0,370.0,,,,,,,,,,,,,692.0,,664.0,1275.0
,,1388.0,,19.0,,,848.0,52.0,,,,,,,,,,,,,479.0,,146.0,1160.0
,,733.0,,988.0,,,1298.0,1246.0,,,,,,,,,,,,,40.0,,563.0,392.0
,,1127.0,,402.0,,,1349.0,1430.0,,,,,,,,,,,,,738.0,,881.0,165.0
,,1400.0,,1008.0,,,1073.0,1125.0,,,,,,,,,,,,,221.0,,713.0,149.0
,,1634.0,,856.0,,,549.0,1225.0,,,,,,,,,,,,,996.0,,47.0,544.0
,,851.0,,992.0,,,1355.0,392.0,,,,,,,,,,,,,1265.0,,45.0,493.0
,,1370.0,,1398.0,,,8.0,755.0,,,,,,,,,,,,,1250.0,,1018.0,331.0
,,400.0,,994.0,,,726.0,1006.0,,,,,,,,,,,,,1325.0,,1637.0,948.0
,,1457.0,,1040.0,,,248.0,478.0,,,,,,,,,,,,,1162.0,,1011.0,136.0
,,613.0,,1147.0,,,671.0,1158.0,,,,,,,,,,,,,532.0,,1071.0,1612.0
,,1177.0,,472.0,,,316.0,655.0,,,,,,,,,,,,,798.0,,360.0,53.0
,,487.0,,853.0,,,513.0,1486.0,,,,,,,,,,,,,1432.0,,1133.0,586.0
,,1287.0,,1025.0,,,141.0,41.0,,,,,,,,,,,,,1203.0,,159.0,246.0
,,987.0,,1516.0,,,1198.0,906.0,,,,,,,,,,,,,1363.0,,276.0,315.0
,,1054.0,,1574.0,,,620.0,328.0,,,,,,,,,,,,,200.0,,899.0,812.0
,,606.0,,1297.0,,,1135.0,638.0,,,,,,,,,,,,,92.0,,750.0,403.0
,,1532.0,,854.0,,,1253.0,1523.0,,,,,,,,,,,,,755.0,,1435.0,1487.0
,,1155.0,,781.0,,,823.0,1528.0,,,,,,,,,,,,,173.0,,252.0,1143.0
,,17.0,,1092.0,,,1074.0,1095.0,,,,,,,,,,,,,467.0,,595.0,1602.0
,,167.0,,913.0,,,1613.0,915.0,,,,,,,,,,,,,279.0,,1056.0,1169.0
,,1640.0,,871.0,,,1182.0,1020.0,,,,,,,,,,,,,1628.0,,1593.0,616.0
,,1183.0,,983.0,,,1031.0,1558.0,,,,,,,,,,,,,536.0,,1100.0,917.0
,,895.0,,312.0,,,1071.0,702.0,,,,,,,,,,,,,1641.0,,8.0,272.0
,,1564.0,,1132.0,,,1229.0,1505.0,,,,,,,,,,,,,353.0,,733.0,17.0
,,359.0,,977.0,,,337.0,757.0,,,,,,,,,,,,,690.0,,1337.0,1046.0
,,147.0,,230.0,,,221.0,1144.0,,,,,,,,,,,,,968.0,,637.0,170.0
,,472.0,,592.0,,,1088.0,683.0,,,,,,,,,,,,,585.0,,140.0,620.0
,,146.0,,1248.0,,,242.0,386.0,,,,,,,,,,,,,988.0,,205.0,1403.0
,,37.0,,759.0,,,43.0,1010.0,,,,,,,,,,,,,1370.0,,211.0,546.0
,,1239.0,,1067.0,,,,613.0,,,,,,,,,,,,,992.0,,1550.0,536.0
,,89.0,,1393.0,,,,1474.0,,,,,,,,,,,,,991.0,,1502.0,424.0
,,522.0,,1575.0,,,,1052.0,,,,,,,,,,,,,631.0,,1427.0,834.0
,,984.0,,153.0,,,,214.0,,,,,,,,,,,,,789.0,,617.0,1395.0
,,847.0,,526.0,,,,971.0,,,,,,,,,,,,,1581.0,,510.0,159.0
,,1215.0,,1192.0,,,,1409.0,,,,,,,,,,,,,917.0,,970.0,1546.0
,,112.0,,837.0,,,,1163.0,,,,,,,,,,,,,73.0,,100.0,197.0
,,529.0,,1561.0,,,,1154.0,,,,,,,,,,,,,1471.0,,1602.0,214.0
,,1389.0,,513.0,,,,89.0,,,,,,,,,,,,,1076.0,,398.0,1360.0
,,185.0,,1161.0,,,,136.0,,,,,,,,,,,,,1255.0,,964.0,1411.0
,,535.0,,953.0,,,,1432.0,,,,,,,,,,,,,1635.0,,1610.0,840.0
,,369.0,,384.0,,,,634.0,,,,,,,,,,,,,611.0,,1585.0,1262.0
,,1046.0,,1534.0,,,,1243.0,,,,,,,,,,,,,721.0,,877.0,218.0
,,630.0,,1127.0,,,,434.0,,,,,,,,,,,,,1041.0,,809.0,633.0
,,1051.0,,396.0,,,,86.0,,,,,,,,,,,,,348.0,,1065.0,878.0
,,697.0,,1250.0,,,,1067.0,,,,,,,,,,,,,1592.0,,1447.0,664.0
,,719.0,,126.0,,,,1362.0,,,,,,,,,,,,,745.0,,1175.0,539.0
,,1072.0,,575.0,,,,690.0,,,,,,,,,,,,,893.0,,860.0,488.0
,,1402.0,,709.0,,,,1032.0,,,,,,,,,,,,,931.0,,845.0,333.0
,,1067.0,,1546.0,,,,1540.0,,,,,,,,,,,,,1537.0,,695.0,236.0
,,1581.0,,1505.0,,,,1092.0,,,,,,,,,,,,,406.0,,109.0,407.0
,,725.0,,452.0,,,,1204.0,,,,,,,,,,,,,1584.0,,1254.0,773.0
,,1637.0,,293.0,,,,439.0,,,,,,,,,,,,,1332.0,,803.0,1508.0
,,784.0,,872.0,,,,952.0,,,,,,,,,,,,,724.0,,533.0,1293.0
,,1086.0,,1396.0,,,,1127.0,,,,,,,,,,,,,283.0,,73.0,1165.0
,,1638.0,,1087.0,,,,466.0,,,,,,,,,,,,,393.0,,11.0,1551.0
,,1022.0,,885.0,,,,183.0,,,,,,,,,,,,,926.0,,1104.0,357.0
,,1342.0,,577.0,,,,1100.0,,,,,,,,,,,,,375.0,,381.0,903.0
,,583.0,,1111.0,,,,459.0,,,,,,,,,,,,,901.0,,1454.0,433.0
,,1528.0,,1475.0,,,,1126.0,,,,,,,,,,,,,395.0,,534.0,1154.0
,,246.0,,1089.0,,,,614.0,,,,,,,,,,,,,1097.0,,1003.0,701.0
,,466.0,,852.0,,,,542.0,,,,,,,,,,,,,1296.0,,878.0,971.0
,,823.0,,848.0,,,,377.0,,,,,,,,,,,,,1393.0,,587.0,1020.0
,,243.0,,1520.0,,,,1553.0,,,,,,,,,,,,,1195.0,,842.0,1297.0
,,233.0,,113.0,,,,423.0,,,,,,,,,,,,,985.0,,1575.0,416.0
,,1104.0,,284.0,,,,833.0,,,,,,,,,,,,,1165.0,,1153.0,361.0
,,516.0,,673.0,,,,107.0,,,,,,,,,,,,,22.0,,1519.0,785.0
,,1518.0,,1195.0,,,,808.0,,,,,,,,,,,,,942.0,,40.0,1600.0
,,1150.0,,485.0,,,,1131.0,,,,,,,,,,,,,59.0,,1547.0,1498.0
,,982.0,,413.0,,,,1604.0,,,,,,,,,,,,,1445.0,,728.0,900.0
,,1363.0,,1.0,,,,1017.0,,,,,,,,,,,,,1441.0,,279.0,1308.0
,,825.0,,1165.0,,,,1303.0,,,,,,,,,,,,,1303.0,,379.0,496.0
,,259.0,,1129.0,,,,1361.0,,,,,,,,,,,,,1355.0,,570.0,532.0
,,765.0,,959.0,,,,1183.0,,,,,,,,,,,,,1042.0,,924.0,1349.0
,,378.0,,1647.0,,,,545.0,,,,,,,,,,,,,1088.0,,767.0,1054.0
,,808.0,,325.0,,,,1088.0,,,,,,,,,,,,,1448.0,,340.0,1355.0
,,1562.0,,389.0,,,,1398.0,,,,,,,,,,,,,1510.0,,480.0,1276.0
,,612.0,,973.0,,,,43.0,,,,,,,,,,,,,213.0,,932.0,919.0
,,240.0,,1349.0,,,,,,,,,,,,,,,,,232.0,,128.0,127.0
,,1157.0,,45.0,,,,,,,,,,,,,,,,,108.0,,1491.0,180.0
,,1299.0,,1524.0,,,,,,,,,,,,,,,,,1204.0,,1034.0,580.0
,,1494.0,,1357.0,,,,,,,,,,,,,,,,,1031.0,,213.0,1389.0
,,1284.0,,945.0,,,,,,,,,,,,,,,,,191.0,,804.0,1140.0
,,1117.0,,54.0,,,,,,,,,,,,,,,,,1559.0,,916.0,476.0
,,1485.0,,581.0,,,,,,,,,,,,,,,,,776.0,,1298.0,1532.0
,,1475.0,,591.0,,,,,,,,,,,,,,,,,956.0,,610.0,184.0
,,1464.0,,334.0,,,,,,,,,,,,,,,,,1230.0,,1514.0,554.0
,,1479.0,,1640.0,,,,,,,,,,,,,,,,,540.0,,1093.0,928.0
,,1604.0,,961.0,,,,,,,,,,,,,,,,,174.0,,1221.0,1527.0
,,1371.0,,196.0,,,,,,,,,,,,,,,,,1616.0,,565.0,422.0
,,1276.0,,1395.0,,,,,,,,,,,,,,,,,702.0,,1012.0,673.0
,,226.0,,571.0,,,,,,,,,,,,,,,,,1317.0,,14.0,621.0
,,1330.0,,122.0,,,,,,,,,,,,,,,,,667.0,,934.0,1279.0
,,1244.0,,753.0,,,,,,,,,,,,,,,,,632.0,,1626.0,97.0
,,202.0,,340.0,,,,,,,,,,,,,,,,,795.0,,820.0,672.0
,,214.0,,258.0,,,,,,,,,,,,,,,,,1593.0,,1646.0,981.0
,,277.0,,194.0,,,,,,,,,,,,,,,,,1124.0,,299.0,1108.0
,,262.0,,779.0,,,,,,,,,,,,,,,,,268.0,,1410.0,498.0
,,979.0,,1196.0,,,,,,,,,,,,,,,,,596.0,,1132.0,470.0
,,389.0,,516.0,,,,,,,,,,,,,,,,,202.0,,404.0,456.0
,,133.0,,651.0,,,,,,,,,,,,,,,,,1308.0,,1479.0,1307.0
,,753.0,,717.0,,,,,,,,,,,,,,,,,1316.0,,406.0,65.0
,,935.0,,1189.0,,,,,,,,,,,,,,,,,1034.0,,1653.0,1060.0
,,225.0,,1116.0,,,,,,,,,,,,,,,,,1347.0,,1613.0,774.0
,,831.0,,243.0,,,,,,,,,,,,,,,,,327.0,,151.0,1650.0
,,122.0,,919.0,,,,,,,,,,,,,,,,,1264.0,,1023.0,178.0
,,25.0,,1167.0,,,,,,,,,,,,,,,,,812.0,,1048.0,667.0
,,212.0,,760.0,,,,,,,,,,,,,,,,,1254.0,,1033.0,229.0
,,414.0,,1026.0,,,,,,,,,,,,,,,,,1565.0,,1620.0,1597.0
,,1644.0,,1314.0,,,,,,,,,,,,,,,,,165.0,,396.0,342.0
,,800.0,,172.0,,,,,,,,,,,,,,,,,1594.0,,403.0,280.0
,,165.0,,282.0,,,,,,,,,,,,,,,,,1606.0,,1247.0,597.0
,,1181.0,,624.0,,,,,,,,,,,,,,,,,78.0,,189.0,1049.0
,,170.0,,613.0,,,,,,,,,,,,,,,,,115.0,,93.0,529.0
,,1159.0,,963.0,,,,,,,,,,,,,,,,,361.0,,176.0,841.0
,,1509.0,,1587.0,,,,,,,,,,,,,,,,,306.0,,1396.0,396.0
,,1455.0,,378.0,,,,,,,,,,,,,,,,,109.0,,1365.0,1343.0
,,1625.0,,557.0,,,,,,,,,,,,,,,,,447.0,,1145.0,850.0
,,111.0,,705.0,,,,,,,,,,,,,,,,,594.0,,727.0,1188.0
,,1002.0,,572.0,,,,,,,,,,,,,,,,,1644.0,,702.0,558.0
,,196.0,,646.0,,,,,,,,,,,,,,,,,869.0,,385.0,263.0
,,732.0,,1037.0,,,,,,,,,,,,,,,,,1573.0,,814.0,1486.0
,,1607.0,,440.0,,,,,,,,,,,,,,,,,1327.0,,966.0,579.0
,,209.0,,698.0,,,,,,,,,,,,,,,,,629.0,,944.0,1437.0
,,1037.0,,775.0,,,,,,,,,,,,,,,,,1075.0,,58.0,1139.0
,,144.0,,1336.0,,,,,,,,,,,,,,,,,1395.0,,374.0,779.0
,,1172.0,,875.0,,,,,,,,,,,,,,,,,394.0,,1465.0,1119.0
,,926.0,,186.0,,,,,,,,,,,,,,,,,819.0,,1339.0,205.0
,,1456.0,,865.0,,,,,,,,,,,,,,,,,1274.0,,1192.0,368.0
,,1256.0,,1389.0,,,,,,,,,,,,,,,,,1112.0,,751.0,790.0
,,1139.0,,1315.0,,,,,,,,,,,,,,,,,439.0,,1292.0,301.0
,,799.0,,160.0,,,,,,,,,,,,,,,,,189.0,,1598.0,718.0
,,205.0,,249.0,,,,,,,,,,,,,,,,,435.0,,588.0,1596.0
,,1308.0,,1292.0,,,,,,,,,,,,,,,,,146.0,,1570.0,302.0
,,95.0,,522.0,,,,,,,,,,,,,,,,,1608.0,,1171.0,1562.0
,,797.0,,815.0,,,,,,,,,,,,,,,,,1571.0,,925.0,375.0
,,946.0,,891.0,,,,,,,,,,,,,,,,,1319.0,,234.0,172.0
,,766.0,,967.0,,,,,,,,,,,,,,,,,317.0,,1366.0,1439.0
,,1486.0,,450.0,,,,,,,,,,,,,,,,,888.0,,87.0,386.0
,,11.0,,10.0,,,,,,,,,,,,,,,,,1603.0,,1041.0,1574.0
,,295.0,,1457.0,,,,,,,,,,,,,,,,,296.0,,1368.0,763.0
,,16.0,,180.0,,,,,,,,,,,,,,,,,1413.0,,948.0,135.0
,,1415.0,,1650.0,,,,,,,,,,,,,,,,,1367.0,,819.0,1356.0
,,669.0,,466.0,,,,,,,,,,,,,,,,,1513.0,,693.0,731.0
,,1482.0,,417.0,,,,,,,,,,,,,,,,,554.0,,555.0,176.0
,,50.0,,66.0,,,,,,,,,,,,,,,,,671.0,,568.0,612.0
,,1514.0,,1352.0,,,,,,,,,,,,,,,,,1201.0,,141.0,794.0
,,1470.0,,699.0,,,,,,,,,,,,,,,,,1580.0,,1331.0,30.0
,,1252.0,,50.0,,,,,,,,,,,,,,,,,500.0,,1596.0,1361.0
,,1232.0,,684.0,,,,,,,,,,,,,,,,,1588.0,,1123.0,1166.0
,,1311.0,,283.0,,,,,,,,,,,,,,,,,1198.0,,731.0,930.0
,,421.0,,588.0,,,,,,,,,,,,,,,,,904.0,,830.0,668.0
,,156.0,,1638.0,,,,,,,,,,,,,,,,,877.0,,1246.0,104.0
,,346.0,,1355.0,,,,,,,,,,,,,,,,,1371.0,,1152.0,922.0
,,29.0,,444.0,,,,,,,,,,,,,,,,,1171.0,,306.0,783.0
,,280.0,,817.0,,,,,,,,,,,,,,,,,515.0,,399.0,628.0
,,1128.0,,1232.0,,,,,,,,,,,,,,,,,566.0,,574.0,23.0
,,677.0,,1207.0,,,,,,,,,,,,,,,,,499.0,,301.0,337.0
,,1161.0,,1579.0,,,,,,,,,,,,,,,,,295.0,,249.0,1287.0
,,1179.0,,308.0,,,,,,,,,,,,,,,,,1555.0,,857.0,62.0
,,954.0,,986.0,,,,,,,,,,,,,,,,,624.0,,1190.0,678.0
,,1280.0,,1619.0,,,,,,,,,,,,,,,,,1596.0,,1076.0,1057.0
,,130.0,,463.0,,,,,,,,,,,,,,,,,1620.0,,386.0,1212.0
,,1262.0,,322.0,,,,,,,,,,,,,,,,,323.0,,826.0,916.0
,,1175.0,,71.0,,,,,,,,,,,,,,,,,440.0,,1208.0,846.0
,,231.0,,292.0,,,,,,,,,,,,,,,,,1436.0,,1551.0,1216.0
,,974.0,,1066.0,,,,,,,,,,,,,,,,,1345.0,,1177.0,351.0
,,1506.0,,1421.0,,,,,,,,,,,,,,,,,163.0,,1211.0,106.0
,,1568.0,,643.0,,,,,,,,,,,,,,,,,915.0,,500.0,1006.0
,,1122.0,,1550.0,,,,,,,,,,,,,,,,,21.0,,1096.0,813.0
,,802.0,,1386.0,,,,,,,,,,,,,,,,,381.0,,1446.0,1358.0
,,567.0,,878.0,,,,,,,,,,,,,,,,,1359.0,,633.0,556.0
,,234.0,,1169.0,,,,,,,,,,,,,,,,,716.0,,420.0,581.0
,,53.0,,681.0,,,,,,,,,,,,,,,,,815.0,,672.0,1261.0
,,527.0,,330.0,,,,,,,,,,,,,,,,,1399.0,,110.0,1557.0
,,1368.0,,222.0,,,,,,,,,,,,,,,,,330.0,,1493.0,503.0
,,1446.0,,783.0,,,,,,,,,,,,,,,,,771.0,,82.0,800.0
,,865.0,,2.0,,,,,,,,,,,,,,,,,796.0,,231.0,395.0
,,960.0,,928.0,,,,,,,,,,,,,,,,,1115.0,,635.0,1637.0
,,638.0,,782.0,,,,,,,,,,,,,,,,,1512.0,,1025.0,611.0
,,1268.0,,309.0,,,,,,,,,,,,,,,,,274.0,,273.0,956.0
,,194.0,,1094.0,,,,,,,,,,,,,,,,,1044.0,,143.0,365.0
,,619.0,,712.0,,,,,,,,,,,,,,,,,964.0,,898.0,880.0
,,424.0,,1122.0,,,,,,,,,,,,,,,,,572.0,,683.0,207.0
,,31.0,,1050.0,,,,,,,,,,,,,,,,,266.0,,525.0,933.0
,,1337.0,,693.0,,,,,,,,,,,,,,,,,936.0,,168.0,823.0
,,481.0,,1065.0,,,,,,,,,,,,,,,,,932.0,,836.0,847.0
,,340.0,,1061.0,,,,,,,,,,,,,,,,,64.0,,1430.0,388.0
,,1261.0,,156.0,,,,,,,,,,,,,,,,,1378.0,,1089.0,309.0
,,844.0,,346.0,,,,,,,,,,,,,,,,,871.0,,1554.0,1141.0
,,1572.0,,216.0,,,,,,,,,,,,,,,,,945.0,,473.0,995.0
,,1602.0,,644.0,,,,,,,,,,,,,,,,,662.0,,307.0,441.0
,,478.0,,114.0,,,,,,,,,,,,,,,,,292.0,,1455.0,94.0
,,845.0,,546.0,,,,,,,,,,,,,,,,,618.0,,1194.0,310.0
,,93.0,,789.0,,,,,,,,,,,,,,,,,962.0,,1158.0,977.0
,,206.0,,548.0,,,,,,,,,,,,,,,,,61.0,,1342.0,1620.0
,,498.0,,726.0,,,,,,,,,,,,,,,,,51.0,,452.0,1489.0
,,1257.0,,929.0,,,,,,,,,,,,,,,,,1012.0,,1422.0,535.0
,,1198.0,,688.0,,,,,,,,,,,,,,,,,1531.0,,343.0,1289.0
,,768.0,,755.0,,,,,,,,,,,,,,,,,1253.0,,359.0,996.0
,,1557.0,,327.0,,,,,,,,,,,,,,,,,555.0,,186.0,1333.0
,,778.0,,944.0,,,,,,,,,,,,,,,,,599.0,,362.0,1194.0
,,652.0,,611.0,,,,,,,,,,,,,,,,,727.0,,920.0,55.0
,,248.0,,1463.0,,,,,,,,,,,,,,,,,269.0,,680.0,171.0
,,1336.0,,535.0,,,,,,,,,,,,,,,,,513.0,,229.0,169.0
,,1260.0,,42.0,,,,,,,,,,,,,,,,,93.0,,1517.0,138.0
,,629.0,,52.0,,,,,,,,,,,,,,,,,250.0,,433.0,1608.0
,,86.0,,254.0,,,,,,,,,,,,,,,,,591.0,,1640.0,160.0
,,303.0,,1293.0,,,,,,,,,,,,,,,,,419.0,,442.0,1383.0
,,1061.0,,1379.0,,,,,,,,,,,,,,,,,1521.0,,373.0,277.0
,,894.0,,166.0,,,,,,,,,,,,,,,,,1610.0,,973.0,1420.0
,,1441.0,,914.0,,,,,,,,,,,,,,,,,33.0,,542.0,1579.0
,,203.0,,1334.0,,,,,,,,,,,,,,,,,1481.0,,167.0,744.0
,,161.0,,1298.0,,,,,,,,,,,,,,,,,369.0,,1047.0,1573.0
,,1601.0,,1442.0,,,,,,,,,,,,,,,,,177.0,,25.0,142.0
,,962.0,,495.0,,,,,,,,,,,,,,,,,1030.0,,954.0,1183.0
,,924.0,,17.0,,,,,,,,,,,,,,,,,1283.0,,1497.0,318.0
,,1026.0,,596.0,,,,,,,,,,,,,,,,,1470.0,,1534.0,316.0
,,1312.0,,696.0,,,,,,,,,,,,,,,,,576.0,,1120.0,434.0
,,1404.0,,1159.0,,,,,,,,,,,,,,,,,1449.0,,1032.0,513.0
,,1303.0,,954.0,,,,,,,,,,,,,,,,,766.0,,1020.0,1189.0
,,270.0,,1373.0,,,,,,,,,,,,,,,,,878.0,,656.0,1150.0
,,1502.0,,660.0,,,,,,,,,,,,,,,,,704.0,,747.0,1552.0
,,1484.0,,1335.0,,,,,,,,,,,,,,,,,834.0,,699.0,1181.0
,,61.0,,1139.0,,,,,,,,,,,,,,,,,1309.0,,1077.0,1277.0
,,700.0,,149.0,,,,,,,,,,,,,,,,,1261.0,,1142.0,886.0
,,1540.0,,627.0,,,,,,,,,,,,,,,,,677.0,,991.0,1624.0
,,201.0,,1059.0,,,,,,,,,,,,,,,,,571.0,,805.0,295.0
,,1481.0,,1130.0,,,,,,,,,,,,,,,,,1045.0,,922.0,1618.0
,,143.0,,1424.0,,,,,,,,,,,,,,,,,457.0,,1432.0,1282.0
,,1247.0,,788.0,,,,,,,,,,,,,,,,,565.0,,765.0,1397.0
,,1493.0,,1138.0,,,,,,,,,,,,,,,,,1223.0,,755.0,57.0
,,1431.0,,164.0,,,,,,,,,,,,,,,,,889.0,,470.0,650.0
,,1008.0,,1202.0,,,,,,,,,,,,,,,,,43.0,,1537.0,952.0
,,299.0,,633.0,,,,,,,,,,,,,,,,,,,1374.0,432.0
,,1000.0,,1056.0,,,,,,,,,,,,,,,,,,,1559.0,787.0
,,116.0,,367.0,,,,,,,,,,,,,,,,,,,1485.0,410.0
,,168.0,,1599.0,,,,,,,,,,,,,,,,,,,1311.0,1629.0
,,736.0,,328.0,,,,,,,,,,,,,,,,,,,1182.0,152.0
,,42.0,,1391.0,,,,,,,,,,,,,,,,,,,772.0,394.0
,,1182.0,,405.0,,,,,,,,,,,,,,,,,,,324.0,863.0
,,1582.0,,559.0,,,,,,,,,,,,,,,,,,,847.0,1651.0
,,1359.0,,1011.0,,,,,,,,,,,,,,,,,,,1320.0,1382.0
,,1405.0,,74.0,,,,,,,,,,,,,,,,,,,1391.0,1377.0
,,1458.0,,1115.0,,,,,,,,,,,,,,,,,,,787.0,1152.0
,,557.0,,337.0,,,,,,,,,,,,,,,,,,,1315.0,144.0
,,541.0,,653.0,,,,,,,,,,,,,,,,,,,215.0,912.0
,,540.0,,1028.0,,,,,,,,,,,,,,,,,,,1063.0,1014.0
,,1288.0,,1477.0,,,,,,,,,,,,,,,,,,,1229.0,1019.0
,,1282.0,,175.0,,,,,,,,,,,,,,,,,,,1651.0,1325.0
,,542.0,,940.0,,,,,,,,,,,,,,,,,,,450.0,460.0
,,1433.0,,1502.0,,,,,,,,,,,,,,,,,,,1622.0,276.0
,,80.0,,907.0,,,,,,,,,,,,,,,,,,,358.0,1138.0
,,455.0,,612.0,,,,,,,,,,,,,,,,,,,689.0,639.0
,,978.0,,388.0,,,,,,,,,,,,,,,,,,,1617.0,1245.0
,,1032.0,,1418.0,,,,,,,,,,,,,,,,,,,228.0,574.0
,,876.0,,502.0,,,,,,,,,,,,,,,,,,,759.0,1312.0
,,1384.0,,1068.0,,,,,,,,,,,,,,,,,,,393.0,568.0
,,782.0,,374.0,,,,,,,,,,,,,,,,,,,134.0,1062.0
,,1202.0,,231.0,,,,,,,,,,,,,,,,,,,145.0,1222.0
,,1530.0,,110.0,,,,,,,,,,,,,,,,,,,753.0,746.0
,,39.0,,163.0,,,,,,,,,,,,,,,,,,,390.0,1301.0
,,761.0,,617.0,,,,,,,,,,,,,,,,,,,1512.0,512.0
,,504.0,,771.0,,,,,,,,,,,,,,,,,,,815.0,1381.0
,,191.0,,649.0,,,,,,,,,,,,,,,,,,,998.0,1256.0
,,1377.0,,27.0,,,,,,,,,,,,,,,,,,,1376.0,74.0
,,19.0,,790.0,,,,,,,,,,,,,,,,,,,448.0,874.0
,,294.0,,1653.0,,,,,,,,,,,,,,,,,,,388.0,299.0
,,96.0,,904.0,,,,,,,,,,,,,,,,,,,1054.0,1373.0
,,1497.0,,560.0,,,,,,,,,,,,,,,,,,,1112.0,1115.0
,,1627.0,,199.0,,,,,,,,,,,,,,,,,,,1228.0,871.0
,,710.0,,742.0,,,,,,,,,,,,,,,,,,,481.0,1477.0
,,1401.0,,579.0,,,,,,,,,,,,,,,,,,,303.0,1643.0
,,1240.0,,908.0,,,,,,,,,,,,,,,,,,,999.0,270.0
,,1306.0,,524.0,,,,,,,,,,,,,,,,,,,206.0,1302.0
,,727.0,,797.0,,,,,,,,,,,,,,,,,,,543.0,128.0
,,477.0,,867.0,,,,,,,,,,,,,,,,,,,1513.0,858.0
,,272.0,,154.0,,,,,,,,,,,,,,,,,,,1204.0,233.0
,,1207.0,,650.0,,,,,,,,,,,,,,,,,,,400.0,1379.0
,,1628.0,,496.0,,,,,,,,,,,,,,,,,,,322.0,570.0
,,215.0,,264.0,,,,,,,,,,,,,,,,,,,1255.0,1225.0
,,1565.0,,1144.0,,,,,,,,,,,,,,,,,,,1569.0,1271.0
,,152.0,,143.0,,,,,,,,,,,,,,,,,,,1482.0,1627.0
,,62.0,,598.0,,,,,,,,,,,,,,,,,,,1283.0,623.0
,,1331.0,,1085.0,,,,,,,,,,,,,,,,,,,866.0,1315.0
,,265.0,,1230.0,,,,,,,,,,,,,,,,,,,1515.0,404.0
,,30.0,,616.0,,,,,,,,,,,,,,,,,,,1466.0,190.0
,,494.0,,418.0,,,,,,,,,,,,,,,,,,,962.0,1324.0
,,764.0,,383.0,,,,,,,,,,,,,,,,,,,444.0,244.0
,,251.0,,1365.0,,,,,,,,,,,,,,,,,,,1487.0,1334.0
,,1322.0,,948.0,,,,,,,,,,,,,,,,,,,495.0,759.0
,,328.0,,1306.0,,,,,,,,,,,,,,,,,,,904.0,367.0
,,1004.0,,833.0,,,,,,,,,,,,,,,,,,,1594.0,108.0
,,1136.0,,1615.0,,,,,,,,,,,,,,,,,,,1386.0,860.0
,,518.0,,1417.0,,,,,,,,,,,,,,,,,,,938.0,102.0
,,720.0,,1257.0,,,,,,,,,,,,,,,,,,,1086.0,540.0
,,801.0,,820.0,,,,,,,,,,,,,,,,,,,1168.0,217.0
,,174.0,,834.0,,,,,,,,,,,,,,,,,,,1185.0,606.0
,,79.0,,91.0,,,,,,,,,,,,,,,,,,,821.0,1207.0
,,88.0,,291.0,,,,,,,,,,,,,,,,,,,754.0,134.0
,,436.0,,142.0,,,,,,,,,,,,,,,,,,,454.0,1494.0
,,916.0,,324.0,,,,,,,,,,,,,,,,,,,1645.0,615.0
,,1030.0,,287.0,,,,,,,,,,,,,,,,,,,71.0,511.0
,,74.0,,578.0,,,,,,,,,,,,,,,,,,,32.0,162.0
,,917.0,,1555.0,,,,,,,,,,,,,,,,,,,264.0,1321.0
,,1529.0,,1271.0,,,,,,,,,,,,,,,,,,,1014.0,87.0
,,1605.0,,131.0,,,,,,,,,,,,,,,,,,,577.0,883.0
,,1523.0,,419.0,,,,,,,,,,,,,,,,,,,1092.0,1133.0
,,1124.0,,1492.0,,,,,,,,,,,,,,,,,,,332.0,855.0
,,738.0,,1323.0,,,,,,,,,,,,,,,,,,,490.0,775.0
,,1071.0,,1131.0,,,,,,,,,,,,,,,,,,,621.0,854.0
,,160.0,,427.0,,,,,,,,,,,,,,,,,,,149.0,1520.0
,,490.0,,1320.0,,,,,,,,,,,,,,,,,,,1574.0,1463.0
,,119.0,,363.0,,,,,,,,,,,,,,,,,,,164.0,1290.0
,,1587.0,,271.0,,,,,,,,,,,,,,,,,,,1444.0,16.0
,,43.0,,1416.0,,,,,,,,,,,,,,,,,,,1103.0,506.0
,,,,185.0,,,,,,,,,,,,,,,,,,,1165.0,989.0
,,,,1388.0,,,,,,,,,,,,,,,,,,,125.0,884.0
,,,,1641.0,,,,,,,,,,,,,,,,,,,372.0,1083.0
,,,,333.0,,,,,,,,,,,,,,,,,,,113.0,1577.0
,,,,778.0,,,,,,,,,,,,,,,,,,,497.0,35.0
,,,,619.0,,,,,,,,,,,,,,,,,,,1433.0,122.0
,,,,912.0,,,,,,,,,,,,,,,,,,,1079.0,721.0
,,,,1446.0,,,,,,,,,,,,,,,,,,,1186.0,1366.0
,,,,1235.0,,,,,,,,,,,,,,,,,,,494.0,1077.0
,,,,1572.0,,,,,,,,,,,,,,,,,,,1329.0,66.0
,,,,1366.0,,,,,,,,,,,,,,,,,,,957.0,528.0
,,,,1035.0,,,,,,,,,,,,,,,,,,,1621.0,390.0
,,,,1023.0,,,,,,,,,,,,,,,,,,,413.0,332.0
,,,,743.0,,,,,,,,,,,,,,,,,,,1643.0,1626.0
,,,,1227.0,,,,,,,,,,,,,,,,,,,1566.0,1359.0
,,,,136.0,,,,,,,,,,,,,,,,,,,1305.0,243.0
,,,,794.0,,,,,,,,,,,,,,,,,,,869.0,849.0
,,,,739.0,,,,,,,,,,,,,,,,,,,123.0,399.0
,,,,777.0,,,,,,,,,,,,,,,,,,,39.0,442.0
,,,,667.0,,,,,,,,,,,,,,,,,,,512.0,789.0
,,,,8.0,,,,,,,,,,,,,,,,,,,912.0,1205.0
,,,,428.0,,,,,,,,,,,,,,,,,,,2.0,703.0
,,,,280.0,,,,,,,,,,,,,,,,,,,183.0,439.0
,,,,478.0,,,,,,,,,,,,,,,,,,,1480.0,1622.0
,,,,995.0,,,,,,,,,,,,,,,,,,,312.0,1407.0
,,,,732.0,,,,,,,,,,,,,,,,,,,1535.0,807.0
,,,,436.0,,,,,,,,,,,,,,,,,,,560.0,646.0
,,,,966.0,,,,,,,,,,,,,,,,,,,1139.0,1646.0
,,,,1033.0,,,,,,,,,,,,,,,,,,,1552.0,370.0
,,,,205.0,,,,,,,,,,,,,,,,,,,1179.0,105.0
,,,,998.0,,,,,,,,,,,,,,,,,,,1415.0,890.0
,,,,171.0,,,,,,,,,,,,,,,,,,,905.0,1423.0
,,,,722.0,,,,,,,,,,,,,,,,,,,900.0,284.0
,,,,366.0,,,,,,,,,,,,,,,,,,,831.0,719.0
,,,,625.0,,,,,,,,,,,,,,,,,,,792.0,440.0
,,,,20.0,,,,,,,,,,,,,,,,,,,1125.0,1598.0
,,,,622.0,,,,,,,,,,,,,,,,,,,611.0,899.0
,,,,1545.0,,,,,,,,,,,,,,,,,,,1614.0,685.0
,,,,356.0,,,,,,,,,,,,,,,,,,,1272.0,610.0
,,,,1254.0,,,,,,,,,,,,,,,,,,,1607.0,1374.0
,,,,446.0,,,,,,,,,,,,,,,,,,,685.0,1542.0
,,,,1402.0,,,,,,,,,,,,,,,,,,,829.0,1086.0
,,,,1188.0,,,,,,,,,,,,,,,,,,,1261.0,1434.0
,,,,1330.0,,,,,,,,,,,,,,,,,,,1462.0,494.0
,,,,104.0,,,,,,,,,,,,,,,,,,,1134.0,1496.0
,,,,946.0,,,,,,,,,,,,,,,,,,,411.0,1567.0
,,,,648.0,,,,,,,,,,,,,,,,,,,598.0,1137.0
,,,,610.0,,,,,,,,,,,,,,,,,,,1507.0,322.0
,,,,362.0,,,,,,,,,,,,,,,,,,,356.0,448.0
,,,,34.0,,,,,,,,,,,,,,,,,,,676.0,81.0
,,,,237.0,,,,,,,,,,,,,,,,,,,1498.0,758.0
,,,,1536.0,,,,,,,,,,,,,,,,,,,131.0,148.0
,,,,877.0,,,,,,,,,,,,,,,,,,,556.0,733.0
,,,,1605.0,,,,,,,,,,,,,,,,,,,269.0,683.0
,,,,1547.0,,,,,,,,,,,,,,,,,,,984.0,1497.0
,,,,791.0,,,,,,,,,,,,,,,,,,,1563.0,901.0
,,,,1288.0,,,,,,,,,,,,,,,,,,,609.0,1464.0
,,,,55.0,,,,,,,,,,,,,,,,,,,13.0,737.0
,,,,884.0,,,,,,,,,,,,,,,,,,,723.0,1453.0
,,,,1153.0,,,,,,,,,,,,,,,,,,,335.0,267.0
,,,,423.0,,,,,,,,,,,,,,,,,,,333.0,1035.0
,,,,1400.0,,,,,,,,,,,,,,,,,,,795.0,754.0
,,,,1590.0,,,,,,,,,,,,,,,,,,,1081.0,1203.0
,,,,257.0,,,,,,,,,,,,,,,,,,,582.0,1363.0
,,,,876.0,,,,,,,,,,,,,,,,,,,1140.0,881.0
,,,,720.0,,,,,,,,,,,,,,,,,,,1042.0,725.0
,,,,1479.0,,,,,,,,,,,,,,,,,,,660.0,206.0
,,,,343.0,,,,,,,,,,,,,,,,,,,104.0,625.0
,,,,519.0,,,,,,,,,,,,,,,,,,,655.0,1185.0
,,,,868.0,,,,,,,,,,,,,,,,,,,295.0,1435.0
,,,,1611.0,,,,,,,,,,,,,,,,,,,61.0,1357.0
,,,,669.0,,,,,,,,,,,,,,,,,,,1369.0,1269.0
,,,,1478.0,,,,,,,,,,,,,,,,,,,79.0,101.0
,,,,192.0,,,,,,,,,,,,,,,,,,,892.0,228.0
,,,,733.0,,,,,,,,,,,,,,,,,,,1568.0,1443.0
,,,,859.0,,,,,,,,,,,,,,,,,,,317.0,1362.0
,,,,532.0,,,,,,,,,,,,,,,,,,,1141.0,13.0
,,,,937.0,,,,,,,,,,,,,,,,,,,1107.0,39.0
,,,,1229.0,,,,,,,,,,,,,,,,,,,692.0,781.0
,,,,637.0,,,,,,,,,,,,,,,,,,,668.0,6.0
,,,,1206.0,,,,,,,,,,,,,,,,,,,1421.0,1503.0
,,,,828.0,,,,,,,,,,,,,,,,,,,1431.0,564.0
,,,,1331.0,,,,,,,,,,,,,,,,,,,1286.0,975.0
,,,,473.0,,,,,,,,,,,,,,,,,,,953.0,52.0
,,,,512.0,,,,,,,,,,,,,,,,,,,1127.0,373.0
,,,,827.0,,,,,,,,,,,,,,,,,,,1567.0,836.0
,,,,887.0,,,,,,,,,,,,,,,,,,,491.0,706.0
,,,,1200.0,,,,,,,,,,,,,,,,,,,1389.0,1153.0
,,,,1209.0,,,,,,,,,,,,,,,,,,,1155.0,575.0
,,,,1558.0,,,,,,,,,,,,,,,,,,,575.0,1239.0
,,,,1148.0,,,,,,,,,,,,,,,,,,,694.0,943.0
,,,,927.0,,,,,,,,,,,,,,,,,,,1122.0,722.0
,,,,1208.0,,,,,,,,,,,,,,,,,,,1118.0,1605.0
,,,,387.0,,,,,,,,,,,,,,,,,,,1002.0,931.0
,,,,1082.0,,,,,,,,,,,,,,,,,,,943.0,1525.0
,,,,754.0,,,,,,,,,,,,,,,,,,,629.0,444.0
,,,,69.0,,,,,,,,,,,,,,,,,,,812.0,747.0
,,,,1401.0,,,,,,,,,,,,,,,,,,,1472.0,1436.0
,,,,144.0,,,,,,,,,,,,,,,,,,,1110.0,271.0
,,,,508.0,,,,,,,,,,,,,,,,,,,686.0,820.0
,,,,606.0,,,,,,,,,,,,,,,,,,,345.0,796.0
,,,,1081.0,,,,,,,,,,,,,,,,,,,947.0,562.0
,,,,881.0,,,,,,,,,,,,,,,,,,,1314.0,764.0
,,,,978.0,,,,,,,,,,,,,,,,,,,289.0,323.0
,,,,1345.0,,,,,,,,,,,,,,,,,,,1600.0,261.0
,,,,1300.0,,,,,,,,,,,,,,,,,,,1650.0,3.0
,,,,1569.0,,,,,,,,,,,,,,,,,,,1108.0,1586.0
,,,,1003.0,,,,,,,,,,,,,,,,,,,338.0,682.0
,,,,1219.0,,,,,,,,,,,,,,,,,,,508.0,752.0
,,,,1319.0,,,,,,,,,,,,,,,,,,,700.0,599.0
,,,,955.0,,,,,,,,,,,,,,,,,,,1439.0,1065.0
,,,,347.0,,,,,,,,,,,,,,,,,,,1038.0,686.0
,,,,1508.0,,,,,,,,,,,,,,,,,,,1601.0,898.0
,,,,59.0,,,,,,,,,,,,,,,,,,,882.0,12.0
,,,,169.0,,,,,,,,,,,,,,,,,,,157.0,985.0
,,,,602.0,,,,,,,,,,,,,,,,,,,271.0,1237.0
,,,,1460.0,,,,,,,,,,,,,,,,,,,521.0,867.0
,,,,923.0,,,,,,,,,,,,,,,,,,,1641.0,748.0
,,,,686.0,,,,,,,,,,,,,,,,,,,1180.0,1120.0
,,,,0.0,,,,,,,,,,,,,,,,,,,776.0,1074.0
,,,,1213.0,,,,,,,,,,,,,,,,,,,1350.0,590.0
,,,,689.0,,,,,,,,,,,,,,,,,,,1425.0,1224.0
,,,,943.0,,,,,,,,,,,,,,,,,,,1004.0,103.0
,,,,898.0,,,,,,,,,,,,,,,,,,,1606.0,877.0
,,,,1062.0,,,,,,,,,,,,,,,,,,,578.0,376.0
,,,,1648.0,,,,,,,,,,,,,,,,,,,1578.0,22.0
,,,,1058.0,,,,,,,,,,,,,,,,,,,1375.0,469.0
,,,,930.0,,,,,,,,,,,,,,,,,,,1328.0,1569.0
,,,,1146.0,,,,,,,,,,,,,,,,,,,1172.0,235.0
,,,,1185.0,,,,,,,,,,,,,,,,,,,1354.0,268.0
,,,,1358.0,,,,,,,,,,,,,,,,,,,1330.0,524.0
,,,,1392.0,,,,,,,,,,,,,,,,,,,722.0,879.0
,,,,1308.0,,,,,,,,,,,,,,,,,,,1106.0,1148.0
,,,,672.0,,,,,,,,,,,,,,,,,,,1525.0,193.0
,,,,456.0,,,,,,,,,,,,,,,,,,,367.0,1524.0
,,,,43.0,,,,,,,,,,,,,,,,,,,952.0,84.0
,,,,,,,,,,,,,,,,,,,,,,,837.0,1406.0
,,,,,,,,,,,,,,,,,,,,,,,856.0,349.0
,,,,,,,,,,,,,,,,,,,,,,,225.0,1610.0
,,,,,,,,,,,,,,,,,,,,,,,1105.0,1117.0
,,,,,,,,,,,,,,,,,,,,,,,435.0,1299.0
,,,,,,,,,,,,,,,,,,,,,,,227.0,43.0
,,,,,,,,,,,,,,,,,,,,,,,346.0,
,,,,,,,,,,,,,,,,,,,,,,,1478.0,
,,,,,,,,,,,,,,,,,,,,,,,352.0,
,,,,,,,,,,,,,,,,,,,,,,,1384.0,
,,,,,,,,,,,,,,,,,,,,,,,996.0,
,,,,,,,,,,,,,,,,,,,,,,,736.0,
,,,,,,,,,,,,,,,,,,,,,,,643.0,
,,,,,,,,,,,,,,,,,,,,,,,1553.0,
,,,,,,,,,,,,,,,,,,,,,,,298.0,
,,,,,,,,,,,,,,,,,,,,,,,1319.0,
,,,,,,,,,,,,,,,,,,,,,,,1257.0,
,,,,,,,,,,,,,,,,,,,,,,,1521.0,
,,,,,,,,,,,,,,,,,,,,,,,162.0,
,,,,,,,,,,,,,,,,,,,,,,,1189.0,
,,,,,,,,,,,,,,,,,,,,,,,681.0,
,,,,,,,,,,,,,,,,,,,,,,,1636.0,
,,,,,,,,,,,,,,,,,,,,,,,605.0,
,,,,,,,,,,,,,,,,,,,,,,,1075.0,
,,,,,,,,,,,,,,,,,,,,,,,890.0,
,,,,,,,,,,,,,,,,,,,,,,,64.0,
,,,,,,,,,,,,,,,,,,,,,,,824.0,
,,,,,,,,,,,,,,,,,,,,,,,650.0,
,,,,,,,,,,,,,,,,,,,,,,,921.0,
,,,,,,,,,,,,,,,,,,,,,,,426.0,
,,,,,,,,,,,,,,,,,,,,,,,544.0,
,,,,,,,,,,,,,,,,,,,,,,,193.0,
,,,,,,,,,,,,,,,,,,,,,,,52.0,
,,,,,,,,,,,,,,,,,,,,,,,1282.0,
,,,,,,,,,,,,,,,,,,,,,,,391.0,
,,,,,,,,,,,,,,,,,,,,,,,791.0,
,,,,,,,,,,,,,,,,,,,,,,,1490.0,
,,,,,,,,,,,,,,,,,,,,,,,1016.0,
,,,,,,,,,,,,,,,,,,,,,,,122.0,
,,,,,,,,,,,,,,,,,,,,,,,612.0,
,,,,,,,,,,,,,,,,,,,,,,,92.0,
,,,,,,,,,,,,,,,,,,,,,,,1327.0,
,,,,,,,,,,,,,,,,,,,,,,,1340.0,
,,,,,,,,,,,,,,,,,,,,,,,1250.0,
,,,,,,,,,,,,,,,,,,,,,,,834.0,
,,,,,,,,,,,,,,,,,,,,,,,368.0,
,,,,,,,,,,,,,,,,,,,,,,,1464.0,
,,,,,,,,,,,,,,,,,,,,,,,1187.0,
,,,,,,,,,,,,,,,,,,,,,,,1291.0,
,,,,,,,,,,,,,,,,,,,,,,,1476.0,
,,,,,,,,,,,,,,,,,,,,,,,1618.0,
,,,,,,,,,,,,,,,,,,,,,,,1243.0,
,,,,,,,,,,,,,,,,,,,,,,,258.0,
,,,,,,,,,,,,,,,,,,,,,,,1624.0,
,,,,,,,,,,,,,,,,,,,,,,,270.0,
,,,,,,,,,,,,,,,,,,,,,,,1240.0,
,,,,,,,,,,,,,,,,,,,,,,,918.0,
,,,,,,,,,,,,,,,,,,,,,,,865.0,
,,,,,,,,,,,,,,,,,,,,,,,219.0,
,,,,,,,,,,,,,,,,,,,,,,,1533.0,
,,,,,,,,,,,,,,,,,,,,,,,1308.0,
,,,,,,,,,,,,,,,,,,,,,,,871.0,
,,,,,,,,,,,,,,,,,,,,,,,1587.0,
,,,,,,,,,,,,,,,,,,,,,,,671.0,
,,,,,,,,,,,,,,,,,,,,,,,1558.0,
,,,,,,,,,,,,,,,,,,,,,,,1634.0,
,,,,,,,,,,,,,,,,,,,,,,,620.0,
,,,,,,,,,,,,,,,,,,,,,,,17.0,
,,,,,,,,,,,,,,,,,,,,,,,913.0,
,,,,,,,,,,,,,,,,,,,,,,,286.0,
,,,,,,,,,,,,,,,,,,,,,,,779.0,
,,,,,,,,,,,,,,,,,,,,,,,1114.0,
,,,,,,,,,,,,,,,,,,,,,,,1266.0,
,,,,,,,,,,,,,,,,,,,,,,,1030.0,
,,,,,,,,,,,,,,,,,,,,,,,65.0,
,,,,,,,,,,,,,,,,,,,,,,,547.0,
,,,,,,,,,,,,,,,,,,,,,,,1227.0,
,,,,,,,,,,,,,,,,,,,,,,,1270.0,
,,,,,,,,,,,,,,,,,,,,,,,1249.0,
,,,,,,,,,,,,,,,,,,,,,,,647.0,
,,,,,,,,,,,,,,,,,,,,,,,607.0,
,,,,,,,,,,,,,,,,,,,,,,,906.0,
,,,,,,,,,,,,,,,,,,,,,,,788.0,
,,,,,,,,,,,,,,,,,,,,,,,10.0,
,,,,,,,,,,,,,,,,,,,,,,,793.0,
,,,,,,,,,,,,,,,,,,,,,,,1496.0,
,,,,,,,,,,,,,,,,,,,,,,,185.0,
,,,,,,,,,,,,,,,,,,,,,,,1207.0,
,,,,,,,,,,,,,,,,,,,,,,,77.0,
,,,,,,,,,,,,,,,,,,,,,,,43.0,
