run_0,run_1,run_2,run_3,run_4,run_5,run_6,run_7,run_8,run_9,run_10,run_11,run_12,run_13,run_14,run_15,run_16,run_17,run_18,run_19,run_20,run_21,run_22,run_23,run_24
1295.0,1262.0,945.0,386.0,163.0,592.0,910.0,546.0,589.0,777.0,633.0,515.0,170.0,681.0,672.0,1108.0,943.0,1062.0,314.0,966.0,121.0,574.0,420.0,25.0,1288.0
406.0,571.0,1181.0,516.0,92.0,564.0,514.0,964.0,836.0,148.0,1192.0,662.0,247.0,723.0,705.0,1218.0,61.0,293.0,656.0,1219.0,643.0,806.0,910.0,1082.0,1272.0
1062.0,65.0,707.0,239.0,139.0,664.0,14.0,509.0,557.0,852.0,789.0,123.0,616.0,474.0,1205.0,595.0,1161.0,169.0,1203.0,307.0,1312.0,71.0,379.0,1312.0,792.0
202.0,115.0,1058.0,1027.0,961.0,742.0,263.0,1322.0,379.0,57.0,922.0,604.0,356.0,1156.0,584.0,1307.0,1093.0,590.0,655.0,60.0,1240.0,376.0,690.0,359.0,61.0
1192.0,1176.0,909.0,962.0,1204.0,625.0,1184.0,571.0,606.0,822.0,212.0,757.0,484.0,955.0,1130.0,926.0,291.0,104.0,1178.0,624.0,1076.0,1013.0,1035.0,571.0,332.0
186.0,446.0,556.0,820.0,1101.0,286.0,720.0,51.0,495.0,450.0,1109.0,632.0,1311.0,950.0,726.0,211.0,81.0,602.0,463.0,1132.0,730.0,803.0,607.0,1096.0,515.0
45.0,641.0,1031.0,160.0,871.0,720.0,1259.0,478.0,812.0,506.0,939.0,925.0,996.0,1181.0,1226.0,8.0,1181.0,742.0,14.0,18.0,506.0,232.0,706.0,422.0,915.0
487.0,852.0,677.0,1098.0,829.0,1291.0,1011.0,467.0,1164.0,679.0,450.0,1245.0,846.0,662.0,1120.0,504.0,294.0,692.0,281.0,1006.0,727.0,1274.0,1196.0,1200.0,1161.0
1193.0,903.0,1166.0,954.0,1234.0,492.0,256.0,1253.0,818.0,259.0,273.0,365.0,894.0,1149.0,812.0,870.0,1301.0,326.0,272.0,573.0,414.0,632.0,104.0,535.0,965.0
1178.0,857.0,532.0,588.0,13.0,166.0,512.0,522.0,540.0,702.0,756.0,128.0,667.0,293.0,959.0,1322.0,93.0,548.0,337.0,80.0,214.0,903.0,1141.0,1078.0,90.0
201.0,570.0,1272.0,598.0,1285.0,373.0,753.0,514.0,389.0,610.0,1248.0,595.0,891.0,1254.0,1003.0,205.0,63.0,669.0,696.0,353.0,767.0,484.0,494.0,293.0,746.0
1131.0,500.0,257.0,1076.0,1166.0,374.0,994.0,956.0,42.0,758.0,52.0,179.0,704.0,381.0,688.0,1119.0,678.0,771.0,650.0,,1034.0,909.0,186.0,1149.0,1061.0
595.0,300.0,354.0,370.0,541.0,9.0,24.0,183.0,1115.0,663.0,823.0,194.0,559.0,58.0,253.0,855.0,592.0,1158.0,928.0,,157.0,488.0,708.0,28.0,800.0
1214.0,278.0,17.0,208.0,592.0,1000.0,1001.0,610.0,1087.0,203.0,1087.0,910.0,70.0,637.0,757.0,243.0,941.0,689.0,1180.0,,534.0,498.0,763.0,579.0,1213.0
97.0,759.0,1162.0,1158.0,1052.0,8.0,959.0,121.0,511.0,92.0,673.0,1183.0,1083.0,1021.0,523.0,770.0,1048.0,125.0,10.0,,309.0,696.0,1285.0,994.0,969.0
359.0,89.0,778.0,526.0,398.0,390.0,413.0,22.0,906.0,488.0,84.0,1150.0,476.0,502.0,1016.0,848.0,921.0,976.0,567.0,,723.0,1129.0,1299.0,502.0,577.0
102.0,978.0,904.0,318.0,258.0,63.0,463.0,796.0,248.0,831.0,639.0,552.0,487.0,1171.0,12.0,143.0,1234.0,940.0,740.0,,387.0,130.0,165.0,886.0,396.0
342.0,277.0,1003.0,60.0,820.0,141.0,516.0,455.0,1081.0,455.0,724.0,145.0,276.0,519.0,957.0,832.0,174.0,522.0,1072.0,,976.0,665.0,1107.0,592.0,139.0
115.0,1132.0,890.0,1004.0,808.0,1022.0,880.0,259.0,417.0,1317.0,269.0,445.0,181.0,97.0,877.0,1294.0,489.0,827.0,502.0,,971.0,784.0,77.0,509.0,737.0
1276.0,439.0,747.0,707.0,331.0,1142.0,532.0,550.0,583.0,1286.0,537.0,457.0,902.0,1321.0,78.0,271.0,1243.0,632.0,970.0,,745.0,259.0,821.0,747.0,329.0
901.0,214.0,1057.0,343.0,253.0,462.0,432.0,484.0,1013.0,542.0,164.0,1017.0,547.0,438.0,503.0,704.0,427.0,339.0,720.0,,42.0,258.0,1255.0,505.0,833.0
952.0,146.0,1098.0,349.0,857.0,131.0,693.0,450.0,484.0,1274.0,909.0,843.0,537.0,306.0,212.0,115.0,143.0,1103.0,362.0,,384.0,948.0,798.0,901.0,1282.0
531.0,1234.0,313.0,1308.0,1010.0,846.0,73.0,248.0,729.0,540.0,941.0,387.0,222.0,572.0,509.0,454.0,1071.0,354.0,640.0,,1322.0,27.0,1197.0,173.0,43.0
218.0,138.0,122.0,44.0,146.0,1084.0,562.0,744.0,1108.0,1016.0,511.0,1169.0,1248.0,147.0,1096.0,1197.0,589.0,1317.0,559.0,,1191.0,596.0,141.0,273.0,989.0
958.0,911.0,334.0,240.0,865.0,1316.0,254.0,197.0,542.0,46.0,980.0,366.0,1001.0,934.0,1311.0,1040.0,176.0,758.0,170.0,,657.0,3.0,1000.0,182.0,1226.0
589.0,981.0,194.0,261.0,909.0,23.0,1050.0,690.0,1200.0,882.0,1191.0,1244.0,374.0,49.0,1033.0,791.0,1282.0,89.0,825.0,,355.0,206.0,976.0,530.0,609.0
382.0,1101.0,1051.0,788.0,428.0,977.0,1017.0,576.0,1323.0,131.0,190.0,976.0,933.0,259.0,1006.0,937.0,901.0,701.0,30.0,,70.0,202.0,350.0,271.0,75.0
1141.0,1179.0,176.0,192.0,494.0,687.0,1127.0,258.0,1102.0,655.0,643.0,34.0,299.0,1111.0,1210.0,1124.0,488.0,1223.0,785.0,,61.0,47.0,858.0,130.0,365.0
891.0,485.0,617.0,290.0,827.0,864.0,537.0,1311.0,1074.0,907.0,679.0,152.0,867.0,429.0,1142.0,795.0,817.0,211.0,1067.0,,949.0,689.0,1250.0,70.0,1108.0
400.0,135.0,635.0,865.0,1303.0,1324.0,710.0,891.0,1159.0,688.0,670.0,649.0,150.0,151.0,480.0,50.0,256.0,426.0,577.0,,488.0,610.0,957.0,1098.0,5.0
350.0,1064.0,861.0,1180.0,1227.0,392.0,1084.0,1227.0,453.0,373.0,1288.0,928.0,60.0,425.0,1067.0,94.0,886.0,931.0,1187.0,,1173.0,1226.0,382.0,263.0,1278.0
288.0,596.0,821.0,57.0,1159.0,648.0,997.0,93.0,365.0,269.0,672.0,852.0,869.0,191.0,286.0,689.0,1240.0,1305.0,819.0,,1158.0,1110.0,544.0,104.0,961.0
1049.0,295.0,1269.0,536.0,172.0,1160.0,1066.0,981.0,322.0,1289.0,830.0,1208.0,1189.0,707.0,901.0,1095.0,733.0,137.0,244.0,,693.0,629.0,1029.0,132.0,129.0
525.0,52.0,415.0,1136.0,1224.0,580.0,572.0,181.0,1284.0,868.0,385.0,730.0,556.0,382.0,956.0,83.0,829.0,172.0,823.0,,615.0,1254.0,803.0,323.0,208.0
1045.0,1007.0,1244.0,908.0,1105.0,587.0,445.0,225.0,1083.0,738.0,790.0,773.0,872.0,945.0,734.0,181.0,188.0,635.0,1035.0,,159.0,238.0,789.0,315.0,479.0
1161.0,432.0,151.0,189.0,950.0,367.0,60.0,1192.0,125.0,201.0,411.0,682.0,734.0,491.0,516.0,149.0,409.0,1246.0,1311.0,,528.0,74.0,757.0,1058.0,51.0
210.0,1246.0,101.0,1060.0,609.0,577.0,48.0,1081.0,165.0,962.0,824.0,600.0,1024.0,805.0,715.0,1116.0,213.0,991.0,610.0,,603.0,23.0,955.0,418.0,1191.0
252.0,776.0,971.0,1150.0,246.0,971.0,285.0,824.0,979.0,1145.0,174.0,1289.0,507.0,892.0,1231.0,35.0,737.0,235.0,836.0,,1145.0,158.0,58.0,677.0,731.0
389.0,762.0,1022.0,1248.0,1053.0,1132.0,237.0,780.0,1259.0,1066.0,682.0,55.0,717.0,412.0,439.0,609.0,654.0,1257.0,399.0,,782.0,208.0,517.0,260.0,423.0
886.0,959.0,1321.0,668.0,967.0,1073.0,661.0,414.0,94.0,1124.0,111.0,574.0,1188.0,1113.0,545.0,651.0,393.0,266.0,1204.0,,1065.0,96.0,1311.0,957.0,770.0
66.0,167.0,737.0,907.0,126.0,824.0,452.0,70.0,406.0,379.0,402.0,727.0,510.0,1230.0,173.0,821.0,856.0,503.0,1044.0,,172.0,324.0,424.0,197.0,532.0
483.0,1062.0,900.0,1162.0,1128.0,792.0,1237.0,360.0,1236.0,1263.0,760.0,359.0,1125.0,1011.0,508.0,378.0,200.0,297.0,83.0,,295.0,985.0,74.0,922.0,1034.0
386.0,132.0,317.0,291.0,574.0,283.0,895.0,972.0,770.0,1151.0,895.0,315.0,677.0,189.0,976.0,1286.0,650.0,1011.0,489.0,,884.0,1063.0,1008.0,39.0,667.0
220.0,884.0,47.0,947.0,5.0,593.0,691.0,1012.0,454.0,252.0,1174.0,461.0,1269.0,862.0,79.0,462.0,766.0,415.0,168.0,,1101.0,623.0,912.0,426.0,179.0
1173.0,674.0,430.0,746.0,245.0,40.0,122.0,893.0,578.0,29.0,905.0,648.0,217.0,616.0,260.0,572.0,1073.0,516.0,926.0,,602.0,1025.0,70.0,200.0,1027.0
205.0,1238.0,1041.0,1173.0,486.0,1054.0,904.0,814.0,405.0,1106.0,473.0,374.0,1185.0,900.0,436.0,1212.0,845.0,840.0,615.0,,689.0,1278.0,1151.0,250.0,204.0
829.0,116.0,125.0,573.0,394.0,535.0,1103.0,297.0,536.0,825.0,1225.0,1009.0,1280.0,1005.0,1208.0,1064.0,1127.0,1307.0,842.0,,515.0,611.0,1283.0,364.0,69.0
1198.0,988.0,563.0,883.0,1122.0,810.0,657.0,1.0,615.0,1085.0,590.0,635.0,638.0,268.0,1153.0,997.0,1227.0,156.0,317.0,,144.0,464.0,8.0,193.0,393.0
565.0,375.0,76.0,814.0,546.0,84.0,2.0,460.0,469.0,1258.0,154.0,609.0,1015.0,1277.0,1317.0,1096.0,950.0,604.0,1161.0,,1267.0,1140.0,679.0,1038.0,1250.0
773.0,840.0,199.0,334.0,645.0,913.0,178.0,558.0,598.0,529.0,699.0,723.0,372.0,1244.0,193.0,709.0,41.0,1251.0,215.0,,98.0,752.0,6.0,761.0,316.0
395.0,279.0,1146.0,253.0,50.0,602.0,121.0,367.0,441.0,687.0,759.0,424.0,1147.0,1069.0,872.0,1253.0,685.0,185.0,211.0,,1136.0,186.0,150.0,715.0,786.0
1220.0,1163.0,1040.0,989.0,524.0,338.0,376.0,523.0,118.0,487.0,696.0,246.0,570.0,757.0,170.0,183.0,1040.0,60.0,776.0,,379.0,1232.0,261.0,11.0,521.0
871.0,816.0,119.0,1042.0,935.0,134.0,83.0,1153.0,310.0,559.0,7.0,619.0,646.0,400.0,909.0,1293.0,155.0,488.0,841.0,,36.0,1094.0,741.0,395.0,995.0
828.0,1197.0,751.0,963.0,1021.0,709.0,282.0,1008.0,803.0,1067.0,408.0,252.0,866.0,720.0,1053.0,645.0,169.0,388.0,1096.0,,623.0,67.0,876.0,473.0,104.0
767.0,147.0,475.0,890.0,521.0,964.0,1058.0,1161.0,672.0,1090.0,1319.0,549.0,56.0,1314.0,993.0,745.0,275.0,873.0,190.0,,1055.0,81.0,1104.0,470.0,983.0
318.0,62.0,270.0,604.0,810.0,433.0,1254.0,1324.0,1170.0,1034.0,14.0,1197.0,625.0,567.0,250.0,606.0,1061.0,713.0,92.0,,1291.0,235.0,335.0,566.0,972.0
986.0,975.0,834.0,1234.0,1078.0,1106.0,1035.0,1056.0,1287.0,394.0,132.0,962.0,398.0,31.0,77.0,763.0,239.0,430.0,349.0,,897.0,604.0,1208.0,239.0,136.0
884.0,409.0,696.0,342.0,745.0,406.0,909.0,730.0,1181.0,54.0,973.0,299.0,643.0,612.0,340.0,682.0,1233.0,1233.0,43.0,,1262.0,69.0,1036.0,237.0,644.0
190.0,749.0,602.0,973.0,140.0,1102.0,153.0,1286.0,673.0,420.0,262.0,1132.0,12.0,1017.0,204.0,570.0,1027.0,57.0,1075.0,,821.0,703.0,111.0,1174.0,1246.0
335.0,924.0,20.0,1034.0,536.0,100.0,522.0,1203.0,844.0,839.0,449.0,512.0,768.0,1247.0,605.0,669.0,438.0,130.0,920.0,,422.0,87.0,1125.0,472.0,549.0
943.0,669.0,459.0,739.0,733.0,382.0,694.0,1282.0,1122.0,363.0,644.0,771.0,1199.0,640.0,327.0,1295.0,216.0,401.0,932.0,,1132.0,423.0,408.0,798.0,776.0
606.0,1127.0,898.0,595.0,1115.0,771.0,501.0,863.0,1300.0,311.0,237.0,1119.0,997.0,1070.0,143.0,110.0,1088.0,861.0,452.0,,751.0,1253.0,284.0,916.0,120.0
1185.0,419.0,590.0,644.0,707.0,138.0,795.0,337.0,905.0,124.0,1215.0,1115.0,1270.0,200.0,1135.0,1254.0,749.0,951.0,1323.0,,445.0,237.0,784.0,128.0,882.0
495.0,1160.0,12.0,673.0,1290.0,463.0,356.0,282.0,483.0,765.0,600.0,454.0,183.0,870.0,401.0,1011.0,1207.0,109.0,175.0,,389.0,19.0,88.0,1231.0,632.0
46.0,1010.0,143.0,901.0,1253.0,1201.0,75.0,1169.0,258.0,11.0,661.0,1062.0,953.0,1182.0,345.0,891.0,927.0,79.0,1171.0,,823.0,874.0,92.0,1175.0,152.0
1041.0,557.0,712.0,351.0,965.0,849.0,220.0,16.0,486.0,1267.0,1056.0,290.0,1042.0,1055.0,1316.0,119.0,423.0,436.0,727.0,,519.0,446.0,823.0,433.0,612.0
1099.0,184.0,786.0,166.0,945.0,604.0,210.0,246.0,497.0,241.0,660.0,323.0,952.0,886.0,1040.0,161.0,1091.0,560.0,966.0,,495.0,428.0,1315.0,123.0,1228.0
1316.0,1143.0,606.0,856.0,1309.0,1222.0,829.0,474.0,697.0,827.0,668.0,623.0,1030.0,1162.0,690.0,548.0,1199.0,702.0,322.0,,543.0,1306.0,163.0,93.0,427.0
811.0,934.0,612.0,145.0,641.0,79.0,340.0,405.0,27.0,1238.0,601.0,1233.0,1198.0,391.0,305.0,1160.0,721.0,1114.0,378.0,,547.0,1051.0,588.0,1318.0,229.0
176.0,404.0,964.0,1084.0,1090.0,529.0,1166.0,876.0,1172.0,409.0,241.0,860.0,567.0,188.0,237.0,1292.0,990.0,509.0,505.0,,56.0,962.0,615.0,369.0,159.0
798.0,638.0,836.0,916.0,791.0,688.0,577.0,1304.0,270.0,327.0,1055.0,918.0,763.0,659.0,1113.0,6.0,913.0,1125.0,266.0,,313.0,1293.0,84.0,407.0,886.0
428.0,1036.0,350.0,899.0,703.0,1292.0,80.0,520.0,470.0,708.0,1026.0,1034.0,83.0,976.0,320.0,532.0,350.0,244.0,490.0,,2.0,147.0,970.0,1121.0,545.0
290.0,677.0,511.0,385.0,1018.0,251.0,1092.0,239.0,707.0,1172.0,761.0,97.0,1296.0,442.0,494.0,1053.0,681.0,903.0,707.0,,206.0,1047.0,849.0,251.0,662.0
1291.0,1065.0,447.0,858.0,151.0,83.0,1034.0,696.0,220.0,584.0,827.0,441.0,219.0,1275.0,277.0,280.0,1042.0,1312.0,172.0,,669.0,1028.0,452.0,1313.0,883.0
1236.0,1286.0,267.0,95.0,635.0,1244.0,772.0,9.0,47.0,524.0,974.0,1223.0,231.0,1294.0,1278.0,428.0,397.0,1122.0,874.0,,1100.0,1188.0,167.0,771.0,796.0
927.0,218.0,822.0,609.0,125.0,202.0,268.0,99.0,229.0,451.0,341.0,718.0,924.0,83.0,986.0,1232.0,219.0,142.0,634.0,,1309.0,911.0,911.0,1299.0,1098.0
189.0,22.0,543.0,745.0,606.0,1048.0,643.0,1162.0,1125.0,68.0,404.0,211.0,963.0,110.0,1108.0,1284.0,156.0,97.0,146.0,,592.0,339.0,1002.0,316.0,1313.0
84.0,154.0,871.0,800.0,929.0,1038.0,369.0,369.0,514.0,562.0,971.0,486.0,431.0,813.0,349.0,1126.0,1217.0,866.0,1289.0,,1294.0,1049.0,1089.0,72.0,276.0
213.0,435.0,1276.0,482.0,358.0,877.0,333.0,1078.0,1282.0,42.0,1065.0,106.0,235.0,890.0,1245.0,384.0,34.0,642.0,1317.0,,986.0,148.0,251.0,401.0,568.0
28.0,1276.0,1296.0,170.0,706.0,363.0,1195.0,729.0,485.0,1135.0,820.0,1004.0,154.0,1096.0,1042.0,773.0,1322.0,1313.0,1244.0,,397.0,537.0,395.0,1065.0,155.0
521.0,1312.0,1167.0,375.0,11.0,429.0,845.0,621.0,1095.0,391.0,680.0,1287.0,1195.0,797.0,951.0,340.0,794.0,630.0,1004.0,,641.0,921.0,671.0,612.0,576.0
522.0,213.0,174.0,748.0,97.0,359.0,42.0,27.0,939.0,1255.0,51.0,1100.0,623.0,830.0,590.0,1183.0,561.0,216.0,778.0,,1308.0,66.0,614.0,707.0,1015.0
367.0,872.0,463.0,1238.0,101.0,59.0,857.0,255.0,361.0,436.0,976.0,547.0,1128.0,727.0,1228.0,312.0,357.0,1057.0,627.0,,1016.0,214.0,534.0,774.0,430.0
540.0,1255.0,653.0,111.0,1063.0,1015.0,326.0,934.0,643.0,533.0,1074.0,572.0,428.0,1209.0,24.0,790.0,456.0,538.0,234.0,,557.0,1284.0,962.0,1180.0,1186.0
188.0,177.0,632.0,664.0,322.0,1098.0,1257.0,65.0,662.0,1008.0,1245.0,395.0,1228.0,181.0,592.0,753.0,392.0,545.0,569.0,,450.0,1277.0,755.0,126.0,1208.0
194.0,1153.0,203.0,875.0,278.0,573.0,1009.0,775.0,610.0,781.0,403.0,769.0,820.0,584.0,743.0,528.0,783.0,72.0,18.0,,813.0,61.0,336.0,918.0,404.0
1020.0,173.0,419.0,1170.0,371.0,260.0,284.0,990.0,287.0,483.0,1058.0,596.0,161.0,1264.0,1191.0,272.0,298.0,543.0,55.0,,993.0,178.0,19.0,394.0,1234.0
1249.0,831.0,249.0,720.0,1046.0,823.0,676.0,971.0,8.0,197.0,440.0,1094.0,611.0,48.0,270.0,655.0,855.0,1140.0,220.0,,37.0,168.0,766.0,487.0,1300.0
681.0,1056.0,1081.0,1051.0,1215.0,1277.0,400.0,170.0,474.0,412.0,801.0,125.0,263.0,54.0,633.0,1000.0,928.0,345.0,1140.0,,1197.0,1144.0,1128.0,496.0,490.0
1154.0,1009.0,918.0,1078.0,946.0,943.0,319.0,1024.0,1008.0,185.0,486.0,239.0,301.0,74.0,662.0,74.0,1099.0,133.0,983.0,,1119.0,1036.0,622.0,232.0,534.0
488.0,663.0,874.0,1303.0,389.0,1320.0,905.0,1188.0,1268.0,414.0,930.0,724.0,895.0,225.0,84.0,782.0,699.0,1126.0,1015.0,,544.0,320.0,1223.0,276.0,1056.0
1033.0,19.0,494.0,327.0,685.0,1126.0,714.0,830.0,246.0,302.0,209.0,186.0,586.0,575.0,218.0,480.0,506.0,534.0,430.0,,1092.0,1035.0,878.0,1183.0,537.0
151.0,925.0,973.0,284.0,141.0,1257.0,848.0,1292.0,414.0,354.0,467.0,873.0,66.0,706.0,161.0,1051.0,745.0,1154.0,743.0,,464.0,511.0,1015.0,313.0,1255.0
683.0,27.0,583.0,315.0,738.0,219.0,451.0,937.0,305.0,969.0,730.0,766.0,334.0,1231.0,904.0,1310.0,228.0,292.0,611.0,,621.0,820.0,65.0,338.0,14.0
1076.0,1296.0,91.0,398.0,845.0,491.0,737.0,1141.0,400.0,551.0,585.0,450.0,914.0,85.0,804.0,142.0,626.0,302.0,800.0,,706.0,786.0,1161.0,397.0,1111.0
334.0,37.0,71.0,428.0,655.0,930.0,244.0,1199.0,714.0,881.0,984.0,946.0,1135.0,1140.0,248.0,802.0,1319.0,819.0,779.0,,622.0,181.0,122.0,405.0,893.0
313.0,166.0,972.0,1139.0,412.0,214.0,426.0,614.0,878.0,591.0,493.0,1175.0,797.0,1139.0,1242.0,550.0,668.0,409.0,51.0,,446.0,1223.0,998.0,810.0,740.0
1200.0,1278.0,1224.0,721.0,469.0,973.0,887.0,471.0,1285.0,617.0,802.0,154.0,209.0,908.0,764.0,259.0,1105.0,820.0,152.0,,535.0,436.0,460.0,190.0,71.0
1001.0,352.0,931.0,1013.0,165.0,1261.0,329.0,681.0,211.0,1303.0,124.0,608.0,20.0,710.0,684.0,917.0,787.0,705.0,717.0,,630.0,169.0,686.0,121.0,477.0
54.0,1027.0,600.0,283.0,1178.0,1322.0,853.0,622.0,1251.0,499.0,890.0,1071.0,1036.0,12.0,1082.0,840.0,937.0,734.0,855.0,,656.0,720.0,713.0,233.0,1024.0
478.0,383.0,1222.0,1088.0,12.0,961.0,405.0,326.0,973.0,580.0,634.0,330.0,784.0,540.0,922.0,1052.0,1265.0,1258.0,860.0,,1201.0,344.0,1274.0,459.0,734.0
835.0,195.0,721.0,999.0,480.0,1308.0,156.0,1037.0,261.0,857.0,290.0,826.0,1048.0,441.0,652.0,269.0,139.0,223.0,1241.0,,440.0,522.0,1209.0,189.0,832.0
1318.0,785.0,474.0,199.0,460.0,62.0,22.0,232.0,1238.0,695.0,851.0,32.0,520.0,682.0,385.0,676.0,720.0,383.0,325.0,,775.0,892.0,474.0,99.0,475.0
164.0,652.0,1107.0,869.0,866.0,528.0,620.0,884.0,1143.0,811.0,339.0,825.0,396.0,411.0,20.0,356.0,682.0,688.0,359.0,,1265.0,1195.0,1243.0,1106.0,1097.0
431.0,660.0,1177.0,542.0,696.0,334.0,724.0,1004.0,46.0,536.0,641.0,1226.0,716.0,601.0,330.0,1087.0,85.0,475.0,3.0,,55.0,301.0,42.0,4.0,692.0
419.0,1174.0,214.0,1097.0,517.0,290.0,591.0,996.0,877.0,1037.0,40.0,511.0,74.0,717.0,1214.0,141.0,1051.0,432.0,1245.0,,301.0,1062.0,897.0,725.0,246.0
929.0,71.0,434.0,935.0,602.0,1298.0,1293.0,1194.0,604.0,1241.0,270.0,397.0,815.0,1213.0,829.0,943.0,142.0,50.0,697.0,,69.0,615.0,1262.0,907.0,837.0
300.0,637.0,1313.0,1038.0,396.0,988.0,1148.0,619.0,1.0,410.0,133.0,750.0,968.0,630.0,600.0,144.0,208.0,229.0,638.0,,1139.0,519.0,185.0,714.0,7.0
345.0,945.0,587.0,1198.0,148.0,1287.0,1120.0,329.0,929.0,295.0,602.0,1199.0,978.0,1177.0,188.0,189.0,566.0,787.0,1149.0,,197.0,693.0,1294.0,596.0,297.0
171.0,1184.0,870.0,532.0,547.0,41.0,119.0,772.0,1066.0,108.0,1176.0,1181.0,590.0,657.0,283.0,290.0,369.0,872.0,529.0,,628.0,1038.0,1011.0,630.0,9.0
375.0,882.0,1091.0,1233.0,734.0,584.0,838.0,911.0,1204.0,1176.0,829.0,875.0,757.0,1032.0,558.0,801.0,92.0,1275.0,953.0,,923.0,1052.0,240.0,705.0,630.0
78.0,314.0,591.0,512.0,1222.0,801.0,1211.0,641.0,931.0,794.0,746.0,280.0,282.0,292.0,49.0,341.0,130.0,1001.0,27.0,,734.0,265.0,537.0,1255.0,170.0
808.0,498.0,764.0,774.0,897.0,779.0,565.0,646.0,603.0,1291.0,1133.0,74.0,545.0,731.0,215.0,720.0,1012.0,361.0,680.0,,609.0,620.0,1279.0,333.0,680.0
393.0,549.0,433.0,156.0,991.0,811.0,401.0,277.0,346.0,1058.0,781.0,940.0,594.0,973.0,1007.0,248.0,253.0,955.0,1135.0,,1215.0,712.0,687.0,670.0,1202.0
411.0,575.0,773.0,557.0,1198.0,652.0,1014.0,739.0,140.0,666.0,1098.0,796.0,460.0,507.0,446.0,718.0,1062.0,1271.0,128.0,,1203.0,1228.0,131.0,80.0,888.0
1313.0,939.0,754.0,234.0,1200.0,422.0,1201.0,143.0,1201.0,782.0,1037.0,835.0,1028.0,1223.0,604.0,106.0,1252.0,78.0,517.0,,670.0,210.0,625.0,1306.0,553.0
810.0,1037.0,411.0,1309.0,366.0,185.0,109.0,151.0,170.0,453.0,303.0,222.0,827.0,1217.0,879.0,746.0,452.0,77.0,829.0,,1271.0,814.0,833.0,667.0,703.0
638.0,443.0,229.0,1249.0,1321.0,424.0,571.0,1177.0,645.0,656.0,629.0,19.0,752.0,1034.0,1012.0,445.0,646.0,227.0,432.0,,23.0,227.0,340.0,1017.0,19.0
467.0,508.0,1013.0,1206.0,1271.0,1312.0,1239.0,1175.0,1234.0,1217.0,1155.0,951.0,838.0,599.0,890.0,175.0,157.0,928.0,1168.0,,240.0,509.0,814.0,815.0,217.0
348.0,185.0,813.0,981.0,143.0,74.0,608.0,302.0,980.0,595.0,1062.0,1121.0,244.0,227.0,1307.0,1050.0,959.0,803.0,1089.0,,634.0,607.0,12.0,380.0,856.0
464.0,477.0,1287.0,805.0,348.0,96.0,409.0,1269.0,36.0,86.0,192.0,259.0,180.0,990.0,323.0,1145.0,716.0,703.0,440.0,,916.0,859.0,997.0,840.0,575.0
185.0,1117.0,882.0,866.0,620.0,423.0,279.0,32.0,586.0,1048.0,1150.0,499.0,439.0,1320.0,526.0,332.0,1046.0,1166.0,117.0,,321.0,1100.0,1298.0,1287.0,196.0
1235.0,244.0,333.0,860.0,732.0,786.0,513.0,207.0,302.0,510.0,681.0,1319.0,446.0,1120.0,51.0,209.0,862.0,505.0,352.0,,1194.0,559.0,989.0,252.0,1175.0
198.0,428.0,877.0,119.0,132.0,1144.0,766.0,1296.0,150.0,873.0,407.0,876.0,201.0,887.0,275.0,451.0,364.0,1111.0,533.0,,1323.0,482.0,1268.0,156.0,173.0
900.0,1240.0,1304.0,403.0,500.0,1166.0,722.0,1270.0,719.0,861.0,515.0,1202.0,26.0,1029.0,290.0,742.0,376.0,1198.0,1192.0,,640.0,690.0,573.0,455.0,189.0
118.0,539.0,96.0,474.0,122.0,1281.0,175.0,585.0,139.0,919.0,76.0,27.0,1004.0,243.0,1305.0,1235.0,310.0,1201.0,1034.0,,1246.0,682.0,312.0,491.0,286.0
479.0,241.0,1053.0,429.0,260.0,1062.0,1286.0,349.0,1218.0,297.0,336.0,71.0,365.0,573.0,603.0,592.0,591.0,356.0,248.0,,903.0,861.0,560.0,960.0,460.0
707.0,1307.0,785.0,1091.0,43.0,838.0,580.0,642.0,942.0,999.0,1296.0,1027.0,311.0,389.0,920.0,612.0,557.0,1207.0,316.0,,1209.0,551.0,824.0,1018.0,314.0
2.0,562.0,648.0,49.0,766.0,370.0,849.0,898.0,733.0,251.0,357.0,1098.0,261.0,937.0,547.0,299.0,852.0,1164.0,277.0,,28.0,1026.0,864.0,583.0,1222.0
872.0,601.0,942.0,683.0,648.0,27.0,1015.0,957.0,1056.0,1208.0,1211.0,529.0,603.0,1094.0,570.0,443.0,435.0,1220.0,828.0,,731.0,540.0,263.0,817.0,57.0
156.0,611.0,417.0,1101.0,782.0,26.0,503.0,1069.0,711.0,737.0,518.0,582.0,588.0,671.0,975.0,491.0,663.0,1016.0,686.0,,1115.0,900.0,415.0,71.0,566.0
787.0,656.0,697.0,705.0,533.0,452.0,1208.0,325.0,1217.0,28.0,170.0,1156.0,400.0,452.0,41.0,963.0,1229.0,878.0,239.0,,996.0,579.0,1225.0,803.0,626.0
842.0,559.0,561.0,880.0,731.0,479.0,430.0,1211.0,690.0,13.0,328.0,1272.0,937.0,878.0,761.0,648.0,210.0,743.0,409.0,,447.0,1268.0,281.0,702.0,821.0
1243.0,909.0,1284.0,730.0,846.0,69.0,341.0,1316.0,339.0,285.0,299.0,1122.0,267.0,851.0,255.0,739.0,243.0,618.0,230.0,,330.0,486.0,204.0,179.0,182.0
1272.0,333.0,497.0,607.0,682.0,733.0,922.0,1207.0,559.0,648.0,36.0,1051.0,1234.0,1132.0,981.0,733.0,819.0,468.0,156.0,,948.0,475.0,48.0,373.0,508.0
740.0,922.0,1176.0,1102.0,843.0,955.0,381.0,419.0,219.0,1150.0,1204.0,790.0,415.0,957.0,311.0,1210.0,1257.0,397.0,774.0,,31.0,132.0,383.0,476.0,413.0
920.0,1216.0,1169.0,1175.0,96.0,1003.0,704.0,319.0,32.0,1092.0,15.0,575.0,348.0,935.0,487.0,322.0,1179.0,542.0,1219.0,,668.0,1040.0,951.0,1108.0,1043.0
203.0,620.0,1020.0,258.0,60.0,1081.0,870.0,270.0,446.0,1005.0,968.0,1277.0,290.0,771.0,502.0,890.0,1264.0,268.0,889.0,,489.0,483.0,355.0,793.0,449.0
1168.0,1256.0,681.0,425.0,124.0,357.0,1164.0,179.0,1062.0,537.0,547.0,606.0,144.0,299.0,673.0,24.0,475.0,958.0,786.0,,507.0,595.0,252.0,854.0,921.0
851.0,81.0,212.0,217.0,225.0,404.0,662.0,454.0,147.0,183.0,495.0,1253.0,969.0,504.0,627.0,409.0,586.0,1083.0,295.0,,436.0,427.0,1164.0,142.0,874.0
723.0,1055.0,771.0,177.0,717.0,47.0,295.0,457.0,510.0,1116.0,1270.0,697.0,135.0,1071.0,862.0,188.0,96.0,485.0,233.0,,927.0,935.0,859.0,801.0,366.0
1267.0,90.0,258.0,1093.0,182.0,1010.0,61.0,563.0,701.0,1040.0,139.0,798.0,104.0,7.0,190.0,867.0,609.0,726.0,603.0,,1014.0,374.0,654.0,903.0,1303.0
98.0,1186.0,113.0,1070.0,138.0,344.0,1300.0,1164.0,73.0,589.0,883.0,1263.0,1161.0,342.0,81.0,698.0,27.0,331.0,1208.0,,1213.0,879.0,1183.0,906.0,154.0
1172.0,1309.0,956.0,1163.0,301.0,1168.0,816.0,529.0,1208.0,415.0,1027.0,883.0,38.0,196.0,483.0,496.0,608.0,395.0,548.0,,141.0,966.0,438.0,96.0,1022.0
277.0,43.0,392.0,337.0,985.0,395.0,140.0,708.0,1060.0,532.0,1196.0,18.0,554.0,1080.0,100.0,611.0,362.0,106.0,216.0,,568.0,645.0,653.0,464.0,1188.0
668.0,703.0,1186.0,817.0,1137.0,171.0,371.0,1278.0,1076.0,244.0,432.0,163.0,746.0,440.0,1283.0,979.0,873.0,546.0,528.0,,593.0,653.0,514.0,634.0,207.0
742.0,470.0,1258.0,1291.0,518.0,624.0,825.0,874.0,4.0,696.0,571.0,1200.0,770.0,949.0,32.0,261.0,371.0,1273.0,389.0,,569.0,120.0,1124.0,412.0,22.0
1287.0,968.0,314.0,961.0,1282.0,942.0,1067.0,889.0,944.0,682.0,843.0,544.0,1099.0,781.0,471.0,318.0,64.0,1077.0,42.0,,859.0,1132.0,436.0,408.0,726.0
689.0,949.0,651.0,560.0,347.0,934.0,1185.0,1092.0,1254.0,997.0,10.0,1309.0,202.0,586.0,1217.0,912.0,1017.0,1070.0,46.0,,386.0,1202.0,396.0,321.0,650.0
402.0,15.0,1141.0,125.0,688.0,270.0,804.0,994.0,529.0,505.0,654.0,206.0,524.0,1061.0,1240.0,116.0,562.0,695.0,565.0,,1140.0,163.0,917.0,498.0,1252.0
910.0,1317.0,740.0,555.0,862.0,659.0,1307.0,390.0,163.0,32.0,388.0,144.0,333.0,123.0,294.0,439.0,255.0,53.0,516.0,,149.0,688.0,442.0,450.0,70.0
448.0,536.0,11.0,1096.0,1005.0,97.0,936.0,639.0,222.0,664.0,123.0,254.0,1300.0,370.0,1296.0,1161.0,385.0,591.0,133.0,,642.0,112.0,950.0,594.0,580.0
238.0,653.0,327.0,611.0,1065.0,153.0,476.0,777.0,894.0,66.0,141.0,425.0,1090.0,800.0,833.0,1201.0,70.0,30.0,434.0,,800.0,686.0,488.0,1282.0,1314.0
56.0,1048.0,248.0,1263.0,365.0,759.0,182.0,1229.0,457.0,515.0,1019.0,256.0,941.0,588.0,539.0,808.0,28.0,1191.0,642.0,,671.0,830.0,113.0,1197.0,963.0
643.0,716.0,44.0,1210.0,1031.0,905.0,1157.0,732.0,43.0,993.0,1064.0,67.0,1136.0,207.0,865.0,754.0,307.0,970.0,1322.0,,978.0,894.0,959.0,1090.0,744.0
558.0,1115.0,809.0,1130.0,1217.0,857.0,351.0,480.0,306.0,1168.0,1017.0,908.0,369.0,367.0,713.0,925.0,,664.0,937.0,,981.0,767.0,874.0,605.0,922.0
308.0,426.0,1019.0,233.0,183.0,840.0,490.0,1287.0,1183.0,849.0,832.0,285.0,1206.0,981.0,444.0,744.0,,74.0,87.0,,385.0,831.0,739.0,465.0,1193.0
713.0,602.0,276.0,19.0,647.0,809.0,147.0,692.0,136.0,67.0,96.0,253.0,97.0,791.0,534.0,402.0,,360.0,1010.0,,1054.0,340.0,718.0,1179.0,1076.0
267.0,336.0,702.0,96.0,256.0,509.0,600.0,680.0,605.0,942.0,1241.0,1139.0,371.0,708.0,68.0,1313.0,,1036.0,1169.0,,1270.0,20.0,924.0,227.0,94.0
988.0,349.0,957.0,81.0,1244.0,393.0,76.0,665.0,278.0,929.0,684.0,29.0,308.0,460.0,696.0,932.0,,949.0,909.0,,1198.0,992.0,3.0,406.0,1081.0
931.0,462.0,204.0,358.0,279.0,603.0,582.0,1259.0,1165.0,58.0,1234.0,1158.0,34.0,417.0,826.0,1258.0,,634.0,1048.0,,952.0,1024.0,779.0,1025.0,506.0
72.0,604.0,1256.0,312.0,657.0,766.0,1311.0,1268.0,816.0,784.0,934.0,184.0,310.0,349.0,1266.0,168.0,,16.0,938.0,,140.0,1191.0,521.0,1233.0,495.0
100.0,961.0,878.0,408.0,1209.0,781.0,779.0,1094.0,681.0,38.0,494.0,1189.0,171.0,53.0,1124.0,619.0,,411.0,903.0,,1177.0,1078.0,192.0,885.0,1052.0
317.0,207.0,647.0,1056.0,1036.0,1272.0,871.0,291.0,56.0,1126.0,483.0,1015.0,99.0,532.0,1093.0,93.0,,920.0,330.0,,661.0,1275.0,292.0,1300.0,622.0
354.0,1202.0,1192.0,58.0,496.0,654.0,1269.0,530.0,1247.0,1233.0,302.0,695.0,451.0,395.0,717.0,809.0,,4.0,853.0,,204.0,142.0,990.0,913.0,230.0
453.0,494.0,987.0,941.0,294.0,437.0,726.0,575.0,1057.0,1096.0,903.0,220.0,355.0,861.0,1100.0,1299.0,,932.0,331.0,,0.0,245.0,370.0,1046.0,408.0
257.0,868.0,631.0,33.0,821.0,599.0,702.0,1300.0,548.0,1307.0,179.0,1248.0,722.0,1224.0,240.0,907.0,,159.0,758.0,,1179.0,904.0,1097.0,649.0,342.0
191.0,381.0,575.0,102.0,832.0,1169.0,407.0,1283.0,110.0,872.0,19.0,756.0,713.0,1168.0,156.0,688.0,,1249.0,801.0,,244.0,445.0,1219.0,1007.0,812.0
515.0,456.0,537.0,165.0,658.0,104.0,566.0,30.0,121.0,1054.0,554.0,1157.0,871.0,530.0,2.0,952.0,,148.0,88.0,,1025.0,1280.0,720.0,938.0,32.0
486.0,1097.0,495.0,24.0,787.0,1207.0,90.0,83.0,472.0,957.0,2.0,658.0,495.0,1268.0,1250.0,397.0,,342.0,1024.0,,1229.0,1141.0,1012.0,740.0,500.0
1177.0,1305.0,1319.0,986.0,680.0,372.0,1232.0,1301.0,1245.0,179.0,323.0,140.0,915.0,760.0,372.0,1083.0,,774.0,597.0,,334.0,454.0,410.0,1005.0,412.0
1152.0,410.0,340.0,1079.0,298.0,737.0,1291.0,906.0,137.0,216.0,477.0,1297.0,647.0,252.0,274.0,381.0,,369.0,17.0,,540.0,1034.0,94.0,852.0,730.0
1088.0,1052.0,150.0,419.0,179.0,381.0,930.0,488.0,30.0,1298.0,887.0,806.0,1191.0,558.0,1310.0,25.0,,622.0,1298.0,,940.0,441.0,500.0,375.0,218.0
1224.0,617.0,1007.0,565.0,453.0,1302.0,841.0,362.0,780.0,0.0,513.0,642.0,1044.0,801.0,1163.0,467.0,,885.0,139.0,,312.0,375.0,850.0,1116.0,311.0
469.0,588.0,947.0,257.0,1177.0,465.0,901.0,865.0,616.0,52.0,1117.0,1106.0,791.0,159.0,551.0,551.0,,977.0,1085.0,,994.0,1185.0,770.0,462.0,499.0
1005.0,580.0,774.0,1011.0,430.0,853.0,743.0,661.0,943.0,604.0,500.0,494.0,1231.0,553.0,284.0,219.0,,1318.0,621.0,,681.0,708.0,105.0,917.0,1079.0
841.0,1175.0,887.0,685.0,943.0,851.0,738.0,577.0,399.0,357.0,382.0,1012.0,901.0,1194.0,1098.0,914.0,,989.0,323.0,,112.0,504.0,1102.0,314.0,784.0
1215.0,204.0,983.0,1285.0,505.0,711.0,1280.0,1167.0,1190.0,155.0,609.0,1324.0,240.0,564.0,473.0,636.0,,1091.0,681.0,,583.0,1289.0,54.0,134.0,848.0
1120.0,1123.0,444.0,1050.0,979.0,1243.0,952.0,1135.0,783.0,778.0,497.0,294.0,631.0,1107.0,1105.0,109.0,,422.0,165.0,,1320.0,286.0,1187.0,109.0,403.0
570.0,542.0,62.0,1010.0,1289.0,899.0,363.0,892.0,266.0,333.0,112.0,558.0,29.0,660.0,117.0,330.0,,609.0,164.0,,889.0,1006.0,551.0,440.0,542.0
629.0,0.0,1157.0,117.0,752.0,634.0,1315.0,654.0,224.0,887.0,1274.0,59.0,612.0,62.0,614.0,91.0,,565.0,601.0,,471.0,751.0,373.0,131.0,619.0
1312.0,480.0,1154.0,377.0,1141.0,938.0,47.0,671.0,1134.0,65.0,507.0,65.0,513.0,529.0,1128.0,1289.0,,412.0,163.0,,590.0,123.0,693.0,588.0,206.0
944.0,490.0,512.0,151.0,1050.0,756.0,1314.0,466.0,822.0,547.0,1160.0,1046.0,992.0,987.0,1212.0,849.0,,372.0,1210.0,,367.0,1160.0,394.0,972.0,790.0
889.0,982.0,1096.0,925.0,382.0,735.0,51.0,1096.0,313.0,419.0,159.0,1045.0,1218.0,734.0,57.0,11.0,,895.0,115.0,,169.0,39.0,1212.0,629.0,745.0
136.0,97.0,535.0,107.0,763.0,732.0,74.0,439.0,1263.0,1205.0,726.0,354.0,861.0,556.0,1293.0,435.0,,462.0,67.0,,492.0,971.0,1319.0,1111.0,1283.0
222.0,509.0,951.0,395.0,441.0,420.0,1089.0,1197.0,695.0,804.0,188.0,1316.0,80.0,675.0,328.0,250.0,,1204.0,1272.0,,224.0,857.0,775.0,1187.0,933.0
1320.0,926.0,1151.0,1167.0,481.0,1176.0,758.0,601.0,717.0,886.0,608.0,878.0,532.0,333.0,967.0,735.0,,247.0,886.0,,573.0,9.0,264.0,950.0,816.0
1132.0,1168.0,593.0,773.0,537.0,1083.0,727.0,154.0,590.0,166.0,8.0,1124.0,1320.0,448.0,69.0,538.0,,723.0,1165.0,,278.0,1179.0,76.0,286.0,1107.0
702.0,748.0,358.0,432.0,387.0,447.0,992.0,1147.0,434.0,840.0,455.0,118.0,409.0,111.0,96.0,303.0,,997.0,1082.0,,654.0,478.0,280.0,1094.0,1057.0
229.0,57.0,297.0,1244.0,449.0,340.0,174.0,525.0,1296.0,943.0,674.0,237.0,675.0,497.0,646.0,29.0,,499.0,811.0,,748.0,1176.0,1267.0,678.0,1101.0
893.0,104.0,456.0,36.0,236.0,670.0,1021.0,812.0,169.0,968.0,1116.0,737.0,406.0,1048.0,1218.0,584.0,,27.0,1114.0,,845.0,1032.0,930.0,66.0,526.0
1299.0,824.0,1038.0,90.0,178.0,184.0,262.0,293.0,1197.0,276.0,804.0,820.0,50.0,982.0,404.0,670.0,,620.0,808.0,,255.0,473.0,354.0,792.0,1197.0
838.0,593.0,553.0,1001.0,144.0,221.0,820.0,105.0,555.0,722.0,1184.0,426.0,536.0,286.0,425.0,793.0,,1320.0,458.0,,928.0,846.0,365.0,802.0,899.0
380.0,764.0,112.0,738.0,913.0,531.0,1285.0,162.0,274.0,629.0,412.0,276.0,980.0,1141.0,549.0,1221.0,,1069.0,893.0,,122.0,371.0,842.0,448.0,802.0
351.0,938.0,426.0,1104.0,1037.0,621.0,141.0,502.0,1219.0,489.0,153.0,994.0,958.0,20.0,1192.0,18.0,,427.0,89.0,,1084.0,380.0,40.0,657.0,474.0
181.0,992.0,1233.0,1172.0,232.0,1228.0,402.0,759.0,143.0,178.0,349.0,534.0,1138.0,787.0,796.0,906.0,,1159.0,752.0,,680.0,1045.0,834.0,431.0,604.0
1039.0,610.0,640.0,1243.0,1245.0,119.0,908.0,314.0,69.0,1240.0,863.0,1290.0,73.0,669.0,367.0,324.0,,748.0,1288.0,,550.0,1060.0,1042.0,691.0,1241.0
379.0,1000.0,1219.0,409.0,475.0,825.0,638.0,112.0,1264.0,325.0,438.0,1073.0,609.0,1228.0,1288.0,1018.0,,942.0,1052.0,,712.0,381.0,50.0,196.0,441.0
414.0,800.0,1140.0,264.0,566.0,1290.0,622.0,1134.0,736.0,1157.0,261.0,1282.0,913.0,1211.0,906.0,421.0,,1267.0,1175.0,,1310.0,994.0,1021.0,7.0,839.0
940.0,526.0,1200.0,1177.0,49.0,1105.0,1000.0,244.0,1085.0,552.0,105.0,659.0,289.0,303.0,624.0,398.0,,811.0,1060.0,,667.0,295.0,688.0,1301.0,1088.0
1264.0,371.0,1281.0,802.0,890.0,227.0,534.0,4.0,1136.0,1265.0,157.0,442.0,787.0,777.0,484.0,913.0,,848.0,395.0,,207.0,1174.0,634.0,411.0,547.0
766.0,1239.0,995.0,250.0,1066.0,128.0,345.0,850.0,1306.0,878.0,469.0,764.0,148.0,267.0,656.0,420.0,,71.0,598.0,,398.0,710.0,1138.0,522.0,1284.0
756.0,442.0,386.0,1271.0,532.0,936.0,272.0,821.0,1253.0,1064.0,1033.0,971.0,1173.0,32.0,1172.0,920.0,,1014.0,989.0,,179.0,390.0,250.0,26.0,421.0
40.0,100.0,1092.0,1319.0,63.0,241.0,447.0,1036.0,891.0,1059.0,885.0,439.0,195.0,899.0,315.0,680.0,,406.0,1046.0,,176.0,958.0,885.0,1265.0,704.0
235.0,861.0,144.0,982.0,742.0,263.0,1228.0,810.0,369.0,374.0,1041.0,137.0,591.0,875.0,1170.0,108.0,,707.0,1031.0,,1231.0,828.0,596.0,658.0,74.0
260.0,327.0,396.0,1219.0,286.0,211.0,471.0,595.0,1147.0,756.0,698.0,1002.0,810.0,330.0,868.0,1037.0,,916.0,520.0,,94.0,151.0,471.0,221.0,920.0
1262.0,1120.0,765.0,159.0,120.0,834.0,942.0,49.0,693.0,898.0,557.0,909.0,964.0,75.0,1290.0,1131.0,,797.0,109.0,,842.0,1057.0,1005.0,393.0,1257.0
817.0,70.0,281.0,20.0,942.0,752.0,157.0,959.0,458.0,720.0,792.0,1179.0,688.0,1190.0,1154.0,574.0,,287.0,253.0,,95.0,635.0,135.0,1176.0,482.0
280.0,282.0,1238.0,550.0,963.0,985.0,261.0,358.0,1123.0,89.0,165.0,696.0,805.0,633.0,789.0,634.0,,897.0,428.0,,871.0,274.0,156.0,758.0,127.0
534.0,632.0,917.0,1039.0,336.0,431.0,1131.0,1079.0,851.0,1109.0,729.0,1236.0,549.0,614.0,162.0,817.0,,594.0,551.0,,947.0,772.0,60.0,1167.0,36.0
733.0,786.0,1153.0,301.0,388.0,417.0,528.0,1205.0,520.0,834.0,1094.0,396.0,598.0,407.0,95.0,1260.0,,836.0,1209.0,,844.0,11.0,201.0,755.0,237.0
1103.0,649.0,518.0,1119.0,25.0,1093.0,160.0,418.0,535.0,114.0,1001.0,361.0,898.0,1060.0,0.0,625.0,,136.0,547.0,,152.0,253.0,996.0,27.0,988.0
590.0,971.0,520.0,995.0,840.0,398.0,778.0,413.0,635.0,490.0,605.0,1265.0,324.0,1112.0,1150.0,515.0,,725.0,847.0,,1075.0,938.0,309.0,1099.0,1289.0
173.0,416.0,380.0,1209.0,268.0,689.0,525.0,644.0,1211.0,1077.0,28.0,1047.0,607.0,804.0,702.0,547.0,,298.0,996.0,,676.0,197.0,1261.0,345.0,168.0
140.0,788.0,597.0,435.0,661.0,1249.0,283.0,91.0,867.0,446.0,422.0,813.0,1203.0,406.0,841.0,789.0,,391.0,579.0,,442.0,93.0,680.0,874.0,1026.0
93.0,85.0,792.0,727.0,216.0,944.0,1002.0,381.0,366.0,268.0,884.0,121.0,164.0,245.0,1017.0,846.0,,448.0,1141.0,,469.0,812.0,919.0,1103.0,826.0
105.0,619.0,1036.0,494.0,812.0,559.0,1197.0,846.0,171.0,535.0,3.0,817.0,893.0,353.0,843.0,965.0,,662.0,298.0,,286.0,1270.0,1177.0,858.0,344.0
903.0,793.0,756.0,590.0,1093.0,962.0,833.0,67.0,386.0,1321.0,344.0,1190.0,618.0,571.0,766.0,1013.0,,1283.0,306.0,,1293.0,196.0,587.0,420.0,123.0
90.0,930.0,534.0,499.0,404.0,149.0,1108.0,1062.0,661.0,1095.0,245.0,162.0,753.0,833.0,109.0,1219.0,,1253.0,171.0,,1001.0,424.0,695.0,1022.0,1170.0
184.0,854.0,1255.0,998.0,886.0,281.0,827.0,451.0,1015.0,601.0,109.0,1126.0,102.0,319.0,525.0,1311.0,,413.0,433.0,,702.0,1276.0,700.0,597.0,132.0
328.0,902.0,383.0,1152.0,333.0,680.0,154.0,79.0,442.0,964.0,490.0,75.0,437.0,1157.0,855.0,258.0,,1064.0,247.0,,803.0,793.0,351.0,1267.0,1149.0
135.0,584.0,722.0,350.0,45.0,231.0,821.0,1179.0,239.0,1190.0,647.0,1224.0,666.0,405.0,1207.0,1207.0,,969.0,6.0,,624.0,1262.0,1318.0,77.0,1207.0
498.0,657.0,952.0,1133.0,16.0,155.0,1110.0,725.0,135.0,1148.0,247.0,25.0,1258.0,906.0,92.0,173.0,,378.0,393.0,,1130.0,35.0,523.0,942.0,42.0
1306.0,1076.0,106.0,906.0,934.0,920.0,408.0,948.0,216.0,1113.0,4.0,812.0,1150.0,914.0,1048.0,947.0,,1145.0,1152.0,,503.0,308.0,987.0,1.0,59.0
307.0,413.0,110.0,983.0,788.0,187.0,11.0,491.0,90.0,1146.0,1002.0,351.0,721.0,915.0,131.0,831.0,,795.0,308.0,,1151.0,1065.0,630.0,730.0,455.0
,1322.0,1295.0,1109.0,1154.0,895.0,1124.0,866.0,175.0,1189.0,295.0,952.0,1226.0,921.0,1156.0,999.0,,1239.0,1253.0,,505.0,760.0,188.0,878.0,567.0
,202.0,421.0,411.0,1027.0,963.0,1272.0,124.0,1312.0,135.0,268.0,540.0,9.0,654.0,585.0,154.0,,830.0,1081.0,,117.0,1173.0,931.0,506.0,501.0
,996.0,185.0,577.0,760.0,1157.0,469.0,1050.0,354.0,307.0,250.0,1059.0,896.0,855.0,232.0,673.0,,3.0,1319.0,,459.0,600.0,467.0,669.0,894.0
,615.0,189.0,1184.0,343.0,386.0,574.0,1075.0,467.0,,482.0,906.0,133.0,548.0,1122.0,498.0,,613.0,1232.0,,868.0,461.0,1216.0,447.0,228.0
,956.0,371.0,957.0,931.0,1238.0,941.0,984.0,614.0,,77.0,710.0,1247.0,649.0,1029.0,1275.0,,1268.0,1205.0,,1207.0,1098.0,1095.0,743.0,1192.0
,1201.0,50.0,980.0,1258.0,92.0,576.0,693.0,1031.0,,31.0,255.0,453.0,435.0,1264.0,518.0,,1056.0,538.0,,1204.0,822.0,155.0,838.0,1122.0
,608.0,1067.0,66.0,608.0,1254.0,1266.0,902.0,426.0,,264.0,369.0,435.0,1272.0,1219.0,1158.0,,463.0,944.0,,1032.0,838.0,300.0,992.0,517.0
,1208.0,739.0,10.0,572.0,1013.0,970.0,152.0,602.0,,943.0,89.0,1003.0,160.0,242.0,604.0,,793.0,1139.0,,549.0,255.0,1189.0,339.0,668.0
,746.0,731.0,439.0,551.0,879.0,123.0,1033.0,1301.0,,544.0,660.0,1249.0,700.0,559.0,75.0,,833.0,861.0,,1063.0,440.0,230.0,97.0,875.0
,599.0,217.0,263.0,472.0,904.0,729.0,172.0,235.0,,329.0,611.0,297.0,1066.0,186.0,1283.0,,1301.0,158.0,,639.0,113.0,1175.0,775.0,587.0
,178.0,541.0,184.0,774.0,552.0,628.0,1059.0,130.0,,313.0,62.0,463.0,21.0,578.0,1312.0,,799.0,593.0,,420.0,530.0,272.0,946.0,1270.0
,157.0,1129.0,1218.0,677.0,257.0,885.0,699.0,1046.0,,610.0,141.0,53.0,125.0,581.0,412.0,,512.0,1249.0,,1245.0,555.0,1317.0,282.0,1162.0
,199.0,993.0,515.0,1094.0,939.0,1181.0,160.0,74.0,,913.0,713.0,184.0,443.0,428.0,901.0,,452.0,599.0,,1284.0,1163.0,939.0,784.0,105.0
,464.0,814.0,834.0,1068.0,1230.0,222.0,1306.0,1274.0,,708.0,130.0,1012.0,198.0,1158.0,1278.0,,788.0,324.0,,761.0,1299.0,278.0,1127.0,1109.0
,801.0,1149.0,891.0,444.0,158.0,1145.0,541.0,1055.0,,127.0,1016.0,1103.0,1304.0,837.0,1166.0,,520.0,1218.0,,850.0,628.0,85.0,1168.0,666.0
,950.0,1268.0,299.0,306.0,969.0,179.0,122.0,801.0,,637.0,377.0,803.0,593.0,343.0,352.0,,901.0,1179.0,,83.0,1004.0,569.0,898.0,560.0
,63.0,181.0,619.0,44.0,103.0,365.0,941.0,1250.0,,134.0,198.0,955.0,244.0,378.0,444.0,,86.0,857.0,,1024.0,929.0,535.0,64.0,392.0
,257.0,92.0,799.0,1238.0,773.0,208.0,52.0,580.0,,878.0,949.0,735.0,746.0,778.0,26.0,,650.0,863.0,,509.0,1008.0,935.0,812.0,1316.0
,1268.0,994.0,1292.0,1015.0,1043.0,1081.0,423.0,1240.0,,638.0,993.0,1006.0,27.0,691.0,750.0,,950.0,225.0,,1277.0,1218.0,129.0,402.0,1147.0
,566.0,166.0,1123.0,156.0,1004.0,590.0,354.0,296.0,,1125.0,1260.0,1172.0,184.0,392.0,1122.0,,711.0,739.0,,251.0,42.0,1169.0,101.0,273.0
,468.0,1084.0,204.0,815.0,1162.0,1156.0,340.0,186.0,,1012.0,432.0,877.0,1115.0,271.0,1100.0,,691.0,1320.0,,128.0,367.0,600.0,1291.0,595.0
,403.0,23.0,120.0,1117.0,188.0,1033.0,28.0,502.0,,1219.0,654.0,252.0,919.0,854.0,589.0,,718.0,339.0,,348.0,92.0,247.0,764.0,1276.0
,1.0,934.0,331.0,888.0,68.0,89.0,1273.0,1278.0,,586.0,176.0,865.0,45.0,977.0,137.0,,444.0,1318.0,,737.0,587.0,1156.0,640.0,213.0
,1051.0,769.0,106.0,48.0,1199.0,982.0,473.0,99.0,,710.0,837.0,72.0,1000.0,482.0,399.0,,1151.0,82.0,,68.0,1042.0,529.0,0.0,177.0
,530.0,487.0,1190.0,78.0,727.0,393.0,1288.0,388.0,,304.0,745.0,1310.0,686.0,459.0,380.0,,938.0,1214.0,,852.0,1208.0,125.0,501.0,885.0
,618.0,838.0,113.0,99.0,647.0,819.0,396.0,381.0,,720.0,447.0,742.0,78.0,984.0,554.0,,607.0,451.0,,455.0,924.0,648.0,1011.0,646.0
,172.0,1174.0,783.0,1127.0,723.0,641.0,542.0,1092.0,,376.0,1112.0,1318.0,836.0,363.0,107.0,,1306.0,711.0,,245.0,1214.0,1322.0,379.0,942.0
,201.0,1095.0,754.0,369.0,254.0,933.0,403.0,298.0,,178.0,4.0,258.0,164.0,1188.0,1022.0,,394.0,70.0,,349.0,824.0,689.0,1110.0,364.0
,694.0,1206.0,576.0,359.0,784.0,151.0,1005.0,1116.0,,628.0,291.0,568.0,231.0,1119.0,230.0,,370.0,79.0,,1315.0,1120.0,1252.0,290.0,161.0
,1031.0,360.0,1191.0,171.0,1107.0,991.0,750.0,183.0,,248.0,799.0,378.0,339.0,615.0,787.0,,792.0,345.0,,1211.0,1182.0,1031.0,295.0,185.0
,520.0,654.0,346.0,458.0,1027.0,320.0,1213.0,465.0,,158.0,698.0,629.0,1025.0,1049.0,1038.0,,373.0,608.0,,513.0,1076.0,267.0,606.0,369.0
,719.0,1076.0,826.0,1075.0,1039.0,215.0,243.0,38.0,,217.0,1235.0,82.0,1198.0,1313.0,966.0,,588.0,582.0,,404.0,650.0,646.0,578.0,1140.0
,200.0,241.0,827.0,39.0,200.0,412.0,1196.0,512.0,,717.0,1308.0,664.0,1130.0,322.0,460.0,,1256.0,526.0,,843.0,614.0,293.0,388.0,564.0
,335.0,937.0,1122.0,1074.0,108.0,630.0,737.0,93.0,,751.0,1196.0,525.0,943.0,1117.0,139.0,,141.0,962.0,,115.0,520.0,1297.0,811.0,1042.0
,216.0,206.0,905.0,591.0,324.0,644.0,1233.0,205.0,,539.0,1030.0,176.0,555.0,813.0,23.0,,687.0,749.0,,256.0,864.0,444.0,1246.0,310.0
,139.0,490.0,143.0,1006.0,1267.0,425.0,383.0,1155.0,,201.0,87.0,109.0,1214.0,1104.0,945.0,,667.0,1295.0,,406.0,22.0,993.0,107.0,623.0
,128.0,868.0,1068.0,357.0,303.0,538.0,1026.0,281.0,,529.0,45.0,1238.0,594.0,663.0,1159.0,,242.0,952.0,,1286.0,353.0,1027.0,1020.0,637.0
,830.0,758.0,153.0,227.0,15.0,596.0,453.0,35.0,,207.0,1307.0,1046.0,754.0,591.0,39.0,,683.0,380.0,,710.0,4.0,847.0,1226.0,1164.0
,457.0,662.0,1082.0,561.0,544.0,642.0,1241.0,1036.0,,345.0,39.0,848.0,962.0,902.0,191.0,,1222.0,257.0,,193.0,402.0,473.0,409.0,1017.0
,905.0,899.0,879.0,1261.0,776.0,134.0,1181.0,640.0,,205.0,536.0,54.0,648.0,798.0,20.0,,761.0,1087.0,,907.0,961.0,127.0,966.0,701.0
,1295.0,510.0,224.0,468.0,325.0,483.0,322.0,784.0,,282.0,146.0,129.0,260.0,907.0,120.0,,610.0,23.0,,1081.0,167.0,873.0,326.0,926.0
,26.0,1190.0,130.0,104.0,974.0,734.0,242.0,363.0,,430.0,460.0,63.0,653.0,59.0,705.0,,1165.0,375.0,,539.0,262.0,673.0,154.0,977.0
,102.0,807.0,885.0,1324.0,45.0,718.0,900.0,1302.0,,774.0,669.0,1321.0,82.0,557.0,411.0,,636.0,641.0,,870.0,1031.0,1185.0,608.0,250.0
,765.0,1275.0,336.0,523.0,787.0,277.0,818.0,48.0,,953.0,479.0,1011.0,596.0,1225.0,1163.0,,755.0,200.0,,691.0,56.0,932.0,479.0,1200.0
,377.0,285.0,1075.0,123.0,686.0,618.0,1257.0,992.0,,365.0,744.0,1295.0,857.0,710.0,422.0,,913.0,1036.0,,484.0,418.0,1246.0,1115.0,579.0
,64.0,782.0,1286.0,798.0,439.0,150.0,157.0,987.0,,214.0,85.0,174.0,208.0,644.0,67.0,,245.0,1058.0,,944.0,883.0,241.0,727.0,1178.0
,1299.0,299.0,218.0,988.0,999.0,526.0,493.0,1001.0,,972.0,643.0,158.0,930.0,379.0,242.0,,957.0,792.0,,7.0,1298.0,619.0,40.0,649.0
,1232.0,633.0,1007.0,1079.0,1088.0,716.0,356.0,29.0,,948.0,590.0,920.0,466.0,1058.0,991.0,,221.0,912.0,,618.0,1248.0,928.0,439.0,1230.0
,1045.0,209.0,150.0,802.0,1174.0,1220.0,445.0,551.0,,1032.0,433.0,499.0,1297.0,908.0,878.0,,101.0,181.0,,1225.0,404.0,349.0,751.0,486.0
,1233.0,596.0,220.0,559.0,508.0,1218.0,442.0,267.0,,587.0,900.0,519.0,683.0,538.0,1320.0,,968.0,264.0,,837.0,1258.0,343.0,1220.0,807.0
,1023.0,7.0,771.0,243.0,445.0,112.0,24.0,726.0,,1114.0,437.0,1105.0,488.0,880.0,46.0,,749.0,338.0,,277.0,973.0,1247.0,555.0,825.0
,148.0,197.0,1015.0,792.0,1250.0,1132.0,203.0,21.0,,435.0,266.0,1101.0,820.0,683.0,649.0,,904.0,418.0,,99.0,1061.0,441.0,508.0,652.0
,240.0,865.0,913.0,702.0,77.0,919.0,388.0,651.0,,420.0,372.0,328.0,1219.0,407.0,479.0,,20.0,972.0,,411.0,7.0,245.0,894.0,1182.0
,338.0,432.0,1202.0,747.0,668.0,302.0,813.0,12.0,,1031.0,391.0,2.0,786.0,572.0,797.0,,679.0,296.0,,990.0,867.0,283.0,610.0,428.0
,1200.0,709.0,877.0,1212.0,706.0,663.0,53.0,1203.0,,809.0,726.0,291.0,152.0,1280.0,738.0,,240.0,1181.0,,211.0,1206.0,946.0,201.0,1132.0
,1063.0,636.0,790.0,248.0,266.0,1170.0,823.0,553.0,,149.0,917.0,1163.0,645.0,548.0,623.0,,150.0,93.0,,87.0,714.0,430.0,723.0,261.0
,837.0,1290.0,914.0,1197.0,1301.0,610.0,136.0,315.0,,541.0,1176.0,557.0,317.0,1289.0,440.0,,347.0,765.0,,1289.0,1095.0,1272.0,288.0,559.0
,806.0,1265.0,174.0,1232.0,581.0,372.0,658.0,825.0,,963.0,1125.0,492.0,168.0,927.0,186.0,,433.0,1012.0,,709.0,770.0,170.0,1248.0,466.0
,1182.0,1247.0,976.0,354.0,44.0,195.0,559.0,72.0,,533.0,915.0,414.0,263.0,621.0,1229.0,,1185.0,960.0,,296.0,1091.0,1078.0,1173.0,447.0
,888.0,1070.0,1053.0,892.0,651.0,1094.0,713.0,144.0,,728.0,709.0,344.0,907.0,303.0,766.0,,789.0,105.0,,872.0,474.0,409.0,12.0,610.0
,940.0,1072.0,463.0,433.0,67.0,864.0,795.0,1206.0,,685.0,203.0,989.0,932.0,1285.0,52.0,,31.0,585.0,,1318.0,269.0,102.0,686.0,378.0
,309.0,100.0,246.0,451.0,672.0,16.0,1077.0,478.0,,1029.0,63.0,790.0,698.0,681.0,1090.0,,1042.0,260.0,,810.0,1059.0,484.0,139.0,771.0
,438.0,1062.0,487.0,1297.0,1177.0,1309.0,80.0,359.0,,1018.0,143.0,1181.0,673.0,1299.0,1281.0,,1128.0,1070.0,,1053.0,122.0,923.0,133.0,437.0
,262.0,60.0,340.0,23.0,190.0,923.0,852.0,546.0,,572.0,215.0,1289.0,498.0,478.0,1041.0,,328.0,370.0,,1134.0,193.0,369.0,769.0,658.0
,826.0,963.0,94.0,1088.0,1079.0,1265.0,1016.0,151.0,,1178.0,872.0,755.0,377.0,1146.0,635.0,,228.0,1133.0,,848.0,577.0,865.0,1136.0,764.0
,912.0,28.0,545.0,1203.0,1226.0,276.0,649.0,22.0,,562.0,1130.0,825.0,2.0,787.0,268.0,,1094.0,578.0,,718.0,1080.0,381.0,69.0,591.0
,270.0,455.0,792.0,499.0,822.0,557.0,104.0,1299.0,,476.0,160.0,1257.0,323.0,537.0,696.0,,1293.0,1028.0,,1298.0,64.0,984.0,699.0,992.0
,523.0,345.0,50.0,1084.0,1009.0,1194.0,241.0,104.0,,714.0,170.0,189.0,527.0,918.0,502.0,,1026.0,453.0,,1165.0,329.0,366.0,336.0,320.0
,1261.0,723.0,144.0,1182.0,301.0,755.0,549.0,141.0,,436.0,1082.0,1151.0,1232.0,793.0,1006.0,,973.0,934.0,,1150.0,1189.0,362.0,1204.0,634.0
,119.0,581.0,371.0,528.0,1152.0,383.0,1317.0,591.0,,401.0,974.0,1153.0,301.0,1271.0,1085.0,,1316.0,536.0,,784.0,1288.0,1303.0,377.0,1020.0
,767.0,343.0,882.0,273.0,72.0,70.0,287.0,683.0,,536.0,550.0,1192.0,478.0,562.0,533.0,,43.0,662.0,,320.0,543.0,712.0,1172.0,281.0
,587.0,427.0,956.0,876.0,275.0,1229.0,283.0,954.0,,990.0,923.0,619.0,127.0,779.0,1081.0,,338.0,586.0,,130.0,187.0,945.0,1132.0,458.0
,340.0,336.0,1299.0,244.0,921.0,497.0,1289.0,620.0,,405.0,371.0,433.0,1020.0,1126.0,165.0,,659.0,704.0,,950.0,1196.0,491.0,756.0,985.0
,242.0,990.0,1318.0,773.0,326.0,1012.0,1239.0,382.0,,1135.0,1041.0,76.0,1004.0,666.0,588.0,,1137.0,1182.0,,977.0,1079.0,768.0,834.0,693.0
,77.0,676.0,841.0,1017.0,323.0,450.0,613.0,1025.0,,740.0,792.0,793.0,294.0,430.0,755.0,,140.0,1032.0,,97.0,528.0,56.0,478.0,1003.0
,867.0,436.0,601.0,674.0,57.0,943.0,409.0,804.0,,78.0,943.0,23.0,885.0,884.0,620.0,,668.0,922.0,,347.0,128.0,936.0,124.0,851.0
,458.0,818.0,734.0,241.0,1099.0,505.0,706.0,1243.0,,697.0,331.0,853.0,1310.0,306.0,1273.0,,593.0,783.0,,572.0,44.0,21.0,168.0,188.0
,1105.0,484.0,1287.0,1298.0,250.0,854.0,482.0,903.0,,288.0,1037.0,35.0,1241.0,160.0,794.0,,948.0,1115.0,,1012.0,840.0,543.0,932.0,269.0
,863.0,308.0,105.0,1072.0,478.0,269.0,691.0,20.0,,1077.0,833.0,436.0,218.0,769.0,347.0,,382.0,12.0,,266.0,425.0,255.0,1164.0,551.0
,630.0,1087.0,642.0,870.0,95.0,387.0,501.0,1180.0,,828.0,898.0,555.0,112.0,721.0,1065.0,,402.0,1142.0,,46.0,901.0,16.0,1040.0,372.0
,565.0,467.0,830.0,1196.0,1317.0,364.0,1251.0,312.0,,1293.0,127.0,991.0,666.0,613.0,76.0,,5.0,896.0,,1002.0,524.0,403.0,559.0,194.0
,733.0,61.0,68.0,1235.0,595.0,431.0,147.0,1019.0,,66.0,1134.0,909.0,938.0,1155.0,424.0,,1029.0,33.0,,570.0,634.0,1275.0,264.0,1177.0
,1107.0,666.0,855.0,490.0,514.0,291.0,109.0,629.0,,110.0,1230.0,708.0,272.0,844.0,622.0,,675.0,708.0,,166.0,624.0,691.0,955.0,46.0
,955.0,1088.0,1323.0,235.0,1146.0,155.0,214.0,464.0,,1171.0,734.0,138.0,1023.0,72.0,372.0,,730.0,1234.0,,521.0,1307.0,222.0,1213.0,35.0
,647.0,1163.0,508.0,1123.0,1140.0,470.0,448.0,293.0,,400.0,1278.0,662.0,547.0,842.0,1246.0,,314.0,265.0,,73.0,447.0,594.0,471.0,211.0
,493.0,735.0,132.0,219.0,550.0,100.0,1058.0,227.0,,191.0,418.0,457.0,104.0,333.0,463.0,,26.0,424.0,,567.0,278.0,974.0,199.0,753.0
,1148.0,705.0,521.0,194.0,567.0,667.0,960.0,1223.0,,812.0,158.0,61.0,142.0,910.0,541.0,,458.0,1025.0,,270.0,1199.0,385.0,552.0,906.0
,609.0,524.0,605.0,464.0,369.0,289.0,840.0,328.0,,42.0,1110.0,55.0,1106.0,479.0,95.0,,478.0,1292.0,,552.0,106.0,539.0,19.0,990.0
,1043.0,1172.0,691.0,459.0,725.0,314.0,716.0,678.0,,784.0,985.0,137.0,850.0,412.0,928.0,,184.0,1275.0,,53.0,83.0,273.0,241.0,1023.0
,723.0,1198.0,640.0,1057.0,161.0,523.0,1085.0,9.0,,277.0,742.0,379.0,155.0,945.0,1263.0,,193.0,1009.0,,504.0,1252.0,978.0,387.0,543.0
,1210.0,254.0,1277.0,1252.0,46.0,484.0,45.0,403.0,,920.0,641.0,168.0,396.0,955.0,57.0,,941.0,198.0,,43.0,55.0,1099.0,1242.0,1100.0
,1164.0,226.0,978.0,145.0,642.0,775.0,126.0,477.0,,1263.0,77.0,1306.0,1166.0,71.0,701.0,,420.0,1306.0,,106.0,643.0,1131.0,651.0,1007.0
,246.0,713.0,1212.0,1315.0,203.0,33.0,1097.0,203.0,,1063.0,197.0,921.0,356.0,1000.0,1061.0,,112.0,371.0,,546.0,516.0,1302.0,445.0,387.0
,226.0,781.0,946.0,725.0,207.0,1212.0,1264.0,244.0,,604.0,1166.0,256.0,741.0,435.0,1137.0,,760.0,945.0,,610.0,137.0,31.0,986.0,573.0
,1250.0,2.0,99.0,976.0,537.0,519.0,704.0,674.0,,1154.0,41.0,288.0,271.0,1086.0,583.0,,284.0,1131.0,,1091.0,648.0,120.0,55.0,998.0
,890.0,986.0,602.0,669.0,1071.0,810.0,844.0,52.0,,540.0,298.0,1156.0,453.0,554.0,936.0,,189.0,942.0,,227.0,1084.0,311.0,980.0,1124.0
,865.0,148.0,945.0,596.0,835.0,706.0,1151.0,109.0,,1315.0,912.0,367.0,143.0,875.0,949.0,,577.0,834.0,,972.0,687.0,1307.0,155.0,1295.0
,388.0,82.0,175.0,375.0,49.0,1175.0,632.0,807.0,,414.0,487.0,927.0,1012.0,889.0,643.0,,1213.0,558.0,,1126.0,1190.0,17.0,185.0,732.0
,196.0,35.0,380.0,994.0,1165.0,1303.0,424.0,537.0,,466.0,874.0,430.0,50.0,239.0,228.0,,933.0,1127.0,,366.0,233.0,1257.0,334.0,270.0
,758.0,159.0,547.0,526.0,746.0,204.0,687.0,416.0,,211.0,576.0,864.0,1087.0,780.0,1101.0,,889.0,870.0,,183.0,780.0,982.0,873.0,1011.0
,198.0,385.0,782.0,421.0,292.0,324.0,289.0,1048.0,,1051.0,196.0,816.0,235.0,1121.0,501.0,,114.0,1057.0,,983.0,863.0,678.0,281.0,76.0
,1106.0,4.0,82.0,615.0,698.0,1188.0,1107.0,1177.0,,555.0,1159.0,59.0,894.0,386.0,1203.0,,1115.0,676.0,,264.0,323.0,1140.0,261.0,394.0
,598.0,492.0,570.0,770.0,1231.0,173.0,986.0,506.0,,503.0,23.0,270.0,622.0,1022.0,851.0,,56.0,124.0,,111.0,512.0,697.0,67.0,712.0
,293.0,404.0,134.0,57.0,1235.0,546.0,202.0,1304.0,,831.0,105.0,870.0,46.0,645.0,319.0,,530.0,967.0,,163.0,33.0,640.0,56.0,876.0
,492.0,1236.0,582.0,983.0,646.0,872.0,1310.0,393.0,,788.0,754.0,831.0,923.0,133.0,876.0,,1035.0,443.0,,457.0,346.0,1165.0,1030.0,639.0
,193.0,446.0,161.0,425.0,907.0,1065.0,1112.0,19.0,,848.0,749.0,237.0,145.0,995.0,567.0,,1221.0,684.0,,636.0,243.0,503.0,820.0,1187.0
,88.0,724.0,211.0,772.0,829.0,306.0,148.0,1244.0,,873.0,1144.0,68.0,179.0,962.0,1177.0,,1282.0,81.0,,1058.0,953.0,645.0,283.0,544.0
,1219.0,790.0,333.0,941.0,168.0,915.0,463.0,638.0,,1302.0,950.0,657.0,1150.0,400.0,796.0,,215.0,494.0,,1049.0,57.0,780.0,1221.0,99.0
,165.0,46.0,842.0,166.0,441.0,1260.0,743.0,1175.0,,1286.0,692.0,1193.0,1205.0,419.0,1297.0,,1238.0,726.0,,896.0,660.0,746.0,451.0,306.0
,444.0,201.0,580.0,543.0,998.0,1225.0,392.0,1077.0,,992.0,1274.0,424.0,376.0,75.0,741.0,,924.0,647.0,,247.0,759.0,794.0,1190.0,539.0
,76.0,500.0,4.0,309.0,16.0,852.0,218.0,1099.0,,163.0,880.0,687.0,34.0,529.0,293.0,,926.0,709.0,,1079.0,609.0,1280.0,985.0,805.0
,933.0,558.0,147.0,250.0,979.0,385.0,868.0,482.0,,1066.0,879.0,1154.0,1186.0,576.0,166.0,,1202.0,1268.0,,429.0,907.0,1082.0,799.0,910.0
,396.0,320.0,297.0,805.0,653.0,1233.0,987.0,413.0,,338.0,199.0,1255.0,1240.0,573.0,590.0,,1181.0,311.0,,362.0,673.0,613.0,1148.0,996.0
,1252.0,280.0,319.0,1319.0,656.0,8.0,97.0,934.0,,966.0,616.0,544.0,716.0,40.0,1056.0,,770.0,256.0,,514.0,452.0,492.0,542.0,28.0
,391.0,646.0,383.0,590.0,729.0,249.0,811.0,225.0,,889.0,801.0,796.0,651.0,878.0,177.0,,739.0,1200.0,,358.0,444.0,432.0,531.0,733.0
,1033.0,244.0,1294.0,989.0,164.0,947.0,589.0,988.0,,519.0,807.0,632.0,1259.0,563.0,721.0,,267.0,487.0,,363.0,1136.0,1090.0,367.0,1215.0
,320.0,3.0,410.0,262.0,630.0,152.0,722.0,23.0,,85.0,708.0,1229.0,910.0,616.0,288.0,,823.0,1193.0,,51.0,327.0,577.0,115.0,113.0
,774.0,580.0,1302.0,953.0,7.0,92.0,298.0,237.0,,1321.0,1148.0,1201.0,926.0,746.0,760.0,,170.0,810.0,,109.0,149.0,903.0,37.0,265.0
,1084.0,626.0,637.0,479.0,1221.0,281.0,1234.0,670.0,,1096.0,218.0,807.0,1234.0,138.0,214.0,,1186.0,568.0,,419.0,1092.0,1162.0,1153.0,1113.0
,431.0,221.0,1032.0,1118.0,925.0,303.0,90.0,176.0,,678.0,261.0,88.0,1031.0,790.0,1267.0,,1063.0,957.0,,529.0,1020.0,426.0,1251.0,361.0
,412.0,1264.0,535.0,164.0,144.0,1216.0,650.0,159.0,,315.0,3.0,1081.0,737.0,56.0,1301.0,,1224.0,98.0,,105.0,1204.0,994.0,652.0,1163.0
,953.0,115.0,584.0,1241.0,1017.0,161.0,584.0,269.0,,657.0,263.0,754.0,291.0,895.0,38.0,,1200.0,39.0,,711.0,495.0,969.0,248.0,439.0
,1142.0,454.0,1117.0,1181.0,1116.0,475.0,313.0,264.0,,850.0,1152.0,1244.0,1123.0,675.0,564.0,,893.0,768.0,,838.0,199.0,760.0,888.0,586.0
,876.0,943.0,1227.0,723.0,61.0,979.0,1247.0,862.0,,1013.0,528.0,84.0,1250.0,864.0,389.0,,1116.0,1183.0,,390.0,442.0,493.0,1198.0,950.0
,386.0,529.0,178.0,1049.0,1115.0,1104.0,1109.0,1316.0,,1290.0,475.0,39.0,1125.0,481.0,923.0,,1009.0,580.0,,556.0,1213.0,1126.0,222.0,445.0
,41.0,670.0,390.0,190.0,183.0,453.0,295.0,1246.0,,371.0,166.0,773.0,1129.0,359.0,1140.0,,497.0,243.0,,586.0,1041.0,143.0,654.0,1217.0
,684.0,1299.0,1019.0,400.0,1007.0,1016.0,1144.0,423.0,,523.0,1182.0,1002.0,763.0,1315.0,373.0,,531.0,372.0,,473.0,13.0,244.0,910.0,1157.0
,301.0,1101.0,765.0,771.0,685.0,1270.0,602.0,691.0,,1240.0,236.0,478.0,826.0,818.0,157.0,,563.0,815.0,,811.0,1000.0,1308.0,891.0,1151.0
,735.0,410.0,500.0,184.0,541.0,1019.0,1258.0,1209.0,,471.0,1162.0,583.0,1312.0,14.0,956.0,,252.0,802.0,,47.0,1319.0,216.0,1091.0,924.0
,92.0,31.0,17.0,727.0,470.0,975.0,695.0,204.0,,1103.0,554.0,366.0,1015.0,949.0,784.0,,1270.0,250.0,,966.0,134.0,1108.0,186.0,966.0
,708.0,1205.0,1201.0,689.0,461.0,1173.0,747.0,738.0,,1276.0,890.0,709.0,212.0,468.0,208.0,,603.0,1064.0,,1069.0,995.0,752.0,547.0,603.0
,672.0,789.0,1196.0,1096.0,322.0,1023.0,427.0,857.0,,1047.0,69.0,1126.0,1169.0,749.0,836.0,,1195.0,357.0,,44.0,552.0,867.0,633.0,914.0
,1241.0,523.0,162.0,1042.0,127.0,355.0,33.0,501.0,,612.0,304.0,321.0,774.0,888.0,276.0,,197.0,856.0,,267.0,437.0,677.0,1245.0,446.0
,325.0,833.0,1176.0,1102.0,235.0,418.0,470.0,1307.0,,659.0,44.0,1290.0,315.0,1176.0,222.0,,1232.0,900.0,,120.0,431.0,80.0,21.0,782.0
,475.0,830.0,648.0,473.0,267.0,226.0,34.0,527.0,,1093.0,413.0,1104.0,222.0,381.0,197.0,,163.0,1285.0,,346.0,114.0,893.0,24.0,512.0
,1094.0,941.0,169.0,1169.0,371.0,143.0,588.0,955.0,,202.0,782.0,990.0,624.0,1055.0,387.0,,814.0,797.0,,1184.0,73.0,274.0,60.0,50.0
,870.0,367.0,63.0,1168.0,1046.0,267.0,436.0,923.0,,622.0,780.0,124.0,658.0,73.0,494.0,,852.0,518.0,,148.0,588.0,1114.0,141.0,1148.0
,568.0,5.0,522.0,6.0,741.0,1062.0,465.0,1012.0,,364.0,257.0,1052.0,402.0,1169.0,573.0,,251.0,410.0,,1051.0,318.0,290.0,122.0,597.0
,665.0,1012.0,280.0,114.0,4.0,1072.0,904.0,911.0,,314.0,469.0,577.0,629.0,422.0,1066.0,,167.0,1121.0,,808.0,438.0,710.0,194.0,529.0
,345.0,188.0,256.0,558.0,25.0,389.0,185.0,1257.0,,956.0,394.0,223.0,1221.0,695.0,977.0,,731.0,754.0,,394.0,1304.0,797.0,532.0,819.0
,1167.0,1183.0,693.0,1026.0,681.0,190.0,188.0,917.0,,868.0,1240.0,1316.0,1258.0,735.0,722.0,,578.0,303.0,,1295.0,385.0,530.0,759.0,1195.0
,362.0,825.0,994.0,520.0,906.0,539.0,825.0,830.0,,798.0,279.0,1283.0,1179.0,669.0,628.0,,598.0,1119.0,,585.0,816.0,1149.0,1156.0,1004.0
,626.0,805.0,206.0,646.0,558.0,542.0,633.0,177.0,,957.0,1087.0,628.0,476.0,187.0,598.0,,863.0,1308.0,,1247.0,1093.0,377.0,117.0,118.0
,205.0,224.0,857.0,1293.0,1234.0,889.0,532.0,849.0,,1304.0,1038.0,597.0,1075.0,183.0,403.0,,839.0,509.0,,650.0,266.0,813.0,575.0,561.0
,820.0,161.0,755.0,95.0,178.0,813.0,757.0,1281.0,,893.0,480.0,342.0,803.0,898.0,736.0,,392.0,1270.0,,147.0,396.0,1040.0,368.0,143.0
,1172.0,1187.0,872.0,271.0,177.0,1306.0,433.0,201.0,,880.0,979.0,1149.0,470.0,1247.0,934.0,,716.0,607.0,,439.0,739.0,777.0,548.0,791.0
,1026.0,74.0,1253.0,1002.0,967.0,747.0,1178.0,396.0,,591.0,415.0,606.0,1260.0,1132.0,297.0,,270.0,661.0,,1077.0,1133.0,519.0,524.0,370.0
,176.0,810.0,1259.0,288.0,767.0,1135.0,1294.0,668.0,,45.0,1054.0,370.0,437.0,692.0,677.0,,88.0,1069.0,,4.0,314.0,968.0,959.0,267.0
,227.0,682.0,356.0,224.0,350.0,873.0,826.0,508.0,,1165.0,665.0,931.0,1278.0,567.0,220.0,,461.0,663.0,,613.0,1303.0,550.0,488.0,283.0
,358.0,802.0,761.0,777.0,1253.0,1076.0,153.0,1188.0,,1172.0,551.0,542.0,726.0,297.0,1046.0,,281.0,572.0,,922.0,706.0,506.0,900.0,347.0
,989.0,658.0,655.0,54.0,695.0,1174.0,441.0,926.0,,35.0,435.0,177.0,161.0,47.0,1007.0,,2.0,1233.0,,1154.0,394.0,259.0,968.0,900.0
,406.0,1182.0,46.0,672.0,821.0,818.0,363.0,594.0,,83.0,1099.0,982.0,1292.0,231.0,569.0,,98.0,1229.0,,1280.0,331.0,958.0,962.0,1260.0
,168.0,409.0,416.0,704.0,356.0,604.0,190.0,127.0,,210.0,765.0,660.0,615.0,552.0,544.0,,351.0,74.0,,1045.0,875.0,285.0,672.0,674.0
,93.0,26.0,836.0,129.0,473.0,995.0,598.0,75.0,,333.0,498.0,1155.0,63.0,784.0,284.0,,144.0,154.0,,1283.0,789.0,215.0,1124.0,811.0
,230.0,273.0,645.0,819.0,510.0,650.0,784.0,233.0,,427.0,580.0,285.0,869.0,674.0,244.0,,785.0,951.0,,1199.0,1002.0,665.0,875.0,335.0
,387.0,921.0,188.0,255.0,996.0,214.0,271.0,775.0,,894.0,360.0,343.0,96.0,964.0,685.0,,359.0,1269.0,,1252.0,119.0,567.0,432.0,351.0
,33.0,1160.0,714.0,1163.0,1063.0,940.0,62.0,1094.0,,358.0,1055.0,785.0,964.0,202.0,1136.0,,1119.0,1117.0,,1048.0,499.0,213.0,184.0,1048.0
,1217.0,578.0,729.0,447.0,1307.0,301.0,1031.0,702.0,,1238.0,1074.0,977.0,715.0,153.0,556.0,,714.0,197.0,,739.0,171.0,378.0,1033.0,594.0
,741.0,777.0,450.0,1151.0,1260.0,792.0,581.0,624.0,,744.0,858.0,888.0,863.0,491.0,42.0,,527.0,196.0,,809.0,1153.0,819.0,698.0,777.0
,1183.0,726.0,591.0,839.0,252.0,925.0,763.0,202.0,,117.0,1306.0,48.0,1053.0,291.0,693.0,,498.0,510.0,,441.0,641.0,316.0,91.0,891.0
,1311.0,1120.0,939.0,221.0,400.0,1054.0,562.0,1026.0,,1005.0,1259.0,942.0,264.0,477.0,888.0,,1147.0,705.0,,708.0,960.0,324.0,1151.0,522.0
,779.0,291.0,510.0,191.0,70.0,1078.0,867.0,421.0,,859.0,991.0,668.0,1153.0,1175.0,323.0,,256.0,231.0,,249.0,411.0,320.0,318.0,452.0
,194.0,311.0,1103.0,374.0,320.0,1158.0,150.0,1256.0,,475.0,1220.0,534.0,1035.0,845.0,834.0,,1255.0,63.0,,248.0,1242.0,702.0,127.0,468.0
,531.0,356.0,1313.0,452.0,1164.0,651.0,206.0,727.0,,259.0,1194.0,16.0,100.0,1263.0,1111.0,,470.0,282.0,,1170.0,1134.0,99.0,821.0,357.0
,1070.0,1229.0,924.0,589.0,331.0,360.0,140.0,582.0,,545.0,251.0,1088.0,975.0,631.0,359.0,,459.0,356.0,,653.0,282.0,1270.0,1027.0,584.0
,547.0,897.0,575.0,111.0,360.0,939.0,945.0,525.0,,1105.0,1312.0,329.0,36.0,725.0,89.0,,1250.0,624.0,,1090.0,562.0,796.0,1021.0,176.0
,1060.0,1248.0,392.0,587.0,894.0,472.0,1014.0,966.0,,1075.0,838.0,1242.0,409.0,536.0,390.0,,986.0,1155.0,,365.0,246.0,119.0,287.0,625.0
,74.0,981.0,564.0,568.0,1029.0,655.0,1084.0,198.0,,147.0,21.0,211.0,513.0,402.0,48.0,,1090.0,1290.0,,1290.0,754.0,832.0,449.0,1128.0
,709.0,573.0,735.0,1237.0,1183.0,334.0,116.0,1182.0,,348.0,587.0,17.0,254.0,1166.0,357.0,,1299.0,665.0,,646.0,685.0,413.0,1205.0,944.0
,886.0,1250.0,992.0,1171.0,505.0,508.0,944.0,1324.0,,607.0,1288.0,900.0,359.0,873.0,1093.0,,587.0,1109.0,,1095.0,974.0,337.0,543.0,409.0
,829.0,576.0,612.0,673.0,886.0,890.0,469.0,758.0,,362.0,556.0,1143.0,357.0,1081.0,337.0,,492.0,347.0,,226.0,677.0,1037.0,584.0,65.0
,374.0,603.0,412.0,1287.0,319.0,1312.0,1298.0,846.0,,649.0,954.0,543.0,1269.0,978.0,1251.0,,55.0,381.0,,825.0,829.0,562.0,1165.0,840.0
,1086.0,1100.0,868.0,834.0,1205.0,1193.0,909.0,584.0,,967.0,167.0,410.0,383.0,76.0,941.0,,651.0,730.0,,673.0,807.0,527.0,1146.0,1194.0
,366.0,162.0,71.0,613.0,783.0,1302.0,373.0,1225.0,,12.0,1108.0,422.0,206.0,960.0,710.0,,1193.0,268.0,,104.0,597.0,533.0,870.0,880.0
,794.0,985.0,1193.0,816.0,426.0,299.0,669.0,459.0,,441.0,399.0,190.0,447.0,157.0,737.0,,238.0,652.0,,11.0,746.0,121.0,1304.0,494.0
,676.0,27.0,621.0,355.0,413.0,1048.0,815.0,848.0,,995.0,602.0,782.0,501.0,504.0,656.0,,335.0,201.0,,638.0,1311.0,434.0,391.0,898.0
,48.0,1300.0,603.0,27.0,1200.0,429.0,930.0,1023.0,,766.0,882.0,1158.0,148.0,983.0,472.0,,265.0,205.0,,1123.0,741.0,1213.0,254.0,690.0
,947.0,1029.0,393.0,1099.0,1047.0,1321.0,724.0,1162.0,,549.0,652.0,327.0,598.0,847.0,711.0,,649.0,907.0,,721.0,717.0,1195.0,753.0,2.0
,401.0,618.0,1179.0,93.0,832.0,822.0,145.0,1303.0,,877.0,1276.0,1184.0,115.0,344.0,14.0,,374.0,387.0,,938.0,105.0,749.0,378.0,678.0
,1082.0,1061.0,128.0,925.0,715.0,395.0,859.0,860.0,,1102.0,1285.0,766.0,625.0,1181.0,374.0,,556.0,343.0,,804.0,275.0,1045.0,1298.0,1117.0
,1285.0,642.0,854.0,693.0,466.0,54.0,1191.0,654.0,,1208.0,1131.0,132.0,57.0,893.0,871.0,,21.0,710.0,,260.0,670.0,570.0,279.0,997.0
,1177.0,749.0,1115.0,1064.0,831.0,223.0,88.0,286.0,,929.0,639.0,1186.0,773.0,1272.0,1123.0,,6.0,1303.0,,817.0,1143.0,158.0,50.0,991.0
,564.0,1279.0,524.0,970.0,1191.0,117.0,372.0,1179.0,,603.0,343.0,1275.0,901.0,1061.0,1217.0,,553.0,731.0,,1022.0,599.0,1290.0,427.0,1071.0
,628.0,507.0,254.0,154.0,476.0,1323.0,352.0,1149.0,,331.0,1133.0,1018.0,139.0,225.0,1206.0,,623.0,1026.0,,542.0,656.0,481.0,353.0,696.0
,927.0,428.0,1255.0,128.0,1274.0,292.0,854.0,1145.0,,1149.0,120.0,758.0,186.0,846.0,85.0,,1161.0,881.0,,322.0,349.0,103.0,787.0,197.0
,578.0,177.0,265.0,1216.0,88.0,72.0,799.0,565.0,,5.0,420.0,293.0,296.0,720.0,525.0,,1168.0,35.0,,1080.0,787.0,838.0,710.0,272.0
,822.0,1282.0,553.0,956.0,163.0,673.0,1176.0,528.0,,1262.0,1264.0,113.0,965.0,347.0,415.0,,1176.0,126.0,,866.0,914.0,1157.0,1218.0,1114.0
,1198.0,468.0,624.0,741.0,98.0,336.0,1321.0,737.0,,6.0,1203.0,1041.0,1117.0,795.0,1098.0,,518.0,480.0,,438.0,514.0,1249.0,1303.0,178.0
,264.0,247.0,196.0,351.0,928.0,41.0,611.0,741.0,,121.0,86.0,1009.0,918.0,1321.0,455.0,,280.0,236.0,,1243.0,1215.0,786.0,304.0,1019.0
,1047.0,57.0,180.0,740.0,421.0,535.0,726.0,833.0,,9.0,877.0,843.0,646.0,418.0,824.0,,892.0,1284.0,,1319.0,356.0,419.0,226.0,884.0
,322.0,1142.0,671.0,1268.0,772.0,68.0,1009.0,826.0,,593.0,270.0,45.0,776.0,611.0,227.0,,919.0,1033.0,,716.0,695.0,664.0,887.0,982.0
,343.0,352.0,1168.0,350.0,349.0,796.0,630.0,374.0,,1042.0,274.0,622.0,392.0,797.0,338.0,,116.0,425.0,,1127.0,287.0,650.0,497.0,1060.0
,1204.0,675.0,226.0,222.0,397.0,800.0,435.0,24.0,,89.0,541.0,1312.0,713.0,519.0,392.0,,1105.0,328.0,,486.0,649.0,210.0,1275.0,1063.0
,363.0,643.0,116.0,287.0,240.0,245.0,443.0,97.0,,979.0,1291.0,695.0,795.0,560.0,811.0,,555.0,946.0,,829.0,88.0,1074.0,503.0,1305.0
,2.0,323.0,232.0,1008.0,1286.0,769.0,353.0,575.0,,701.0,546.0,316.0,1039.0,500.0,613.0,,966.0,741.0,,274.0,1007.0,106.0,1045.0,739.0
,215.0,864.0,344.0,858.0,307.0,1224.0,1200.0,154.0,,1173.0,1127.0,1022.0,1256.0,88.0,1132.0,,625.0,341.0,,1028.0,1294.0,983.0,1049.0,254.0
,369.0,974.0,1143.0,995.0,,66.0,822.0,592.0,,786.0,226.0,936.0,620.0,166.0,461.0,,1097.0,219.0,,1019.0,1.0,795.0,1276.0,781.0
,1221.0,400.0,1194.0,127.0,,1154.0,1095.0,596.0,,135.0,368.0,1053.0,809.0,97.0,729.0,,9.0,1029.0,,606.0,1113.0,59.0,856.0,492.0
,1228.0,928.0,795.0,429.0,,391.0,209.0,1064.0,,834.0,353.0,1250.0,1088.0,858.0,1134.0,,366.0,933.0,,887.0,1139.0,845.0,437.0,520.0
,142.0,1145.0,1116.0,927.0,,686.0,1290.0,407.0,,707.0,350.0,95.0,1233.0,1164.0,79.0,,1277.0,1220.0,,351.0,743.0,848.0,1163.0,233.0
,519.0,572.0,1159.0,153.0,,130.0,89.0,516.0,,1136.0,1088.0,585.0,1295.0,665.0,662.0,,1242.0,143.0,,217.0,108.0,637.0,396.0,1080.0
,440.0,616.0,600.0,349.0,,965.0,456.0,642.0,,1177.0,521.0,995.0,738.0,565.0,1062.0,,442.0,321.0,,833.0,798.0,1086.0,971.0,710.0
,859.0,186.0,558.0,1147.0,,422.0,286.0,64.0,,752.0,728.0,447.0,1126.0,716.0,980.0,,506.0,107.0,,715.0,727.0,24.0,174.0,663.0
,1144.0,1060.0,539.0,323.0,,687.0,459.0,907.0,,1081.0,47.0,52.0,94.0,252.0,665.0,,1075.0,677.0,,692.0,860.0,1154.0,51.0,1298.0
,974.0,1237.0,1236.0,700.0,,26.0,303.0,982.0,,184.0,834.0,15.0,500.0,1148.0,225.0,,376.0,820.0,,281.0,30.0,820.0,324.0,411.0
,281.0,94.0,684.0,920.0,,317.0,1034.0,627.0,,334.0,599.0,538.0,91.0,799.0,879.0,,320.0,980.0,,1299.0,1203.0,1227.0,923.0,743.0
,103.0,953.0,456.0,806.0,,1053.0,864.0,945.0,,928.0,787.0,1284.0,1262.0,426.0,55.0,,844.0,821.0,,239.0,79.0,1236.0,419.0,1240.0
,1024.0,439.0,100.0,484.0,,744.0,637.0,1042.0,,1139.0,507.0,382.0,549.0,926.0,233.0,,147.0,918.0,,1187.0,616.0,11.0,565.0,528.0
,845.0,1111.0,1035.0,1113.0,,1238.0,376.0,330.0,,1203.0,1172.0,1087.0,724.0,1200.0,944.0,,54.0,878.0,,501.0,405.0,887.0,1206.0,1154.0
,932.0,997.0,323.0,563.0,,888.0,472.0,530.0,,275.0,957.0,7.0,847.0,1243.0,593.0,,876.0,799.0,,475.0,26.0,322.0,1307.0,1118.0
,699.0,282.0,458.0,667.0,,597.0,1217.0,757.0,,970.0,758.0,795.0,751.0,134.0,1105.0,,1007.0,431.0,,279.0,180.0,964.0,230.0,763.0
,1301.0,788.0,778.0,949.0,,136.0,217.0,800.0,,1072.0,687.0,873.0,905.0,91.0,232.0,,631.0,602.0,,324.0,1198.0,518.0,861.0,946.0
,113.0,1309.0,1183.0,854.0,,1055.0,508.0,950.0,,564.0,961.0,432.0,19.0,1052.0,953.0,,672.0,782.0,,1110.0,792.0,123.0,1212.0,676.0
,339.0,366.0,662.0,67.0,,410.0,335.0,1196.0,,502.0,455.0,300.0,848.0,943.0,315.0,,1072.0,1051.0,,899.0,513.0,235.0,1284.0,53.0
,783.0,78.0,581.0,135.0,,132.0,890.0,1141.0,,1016.0,52.0,600.0,331.0,151.0,145.0,,1304.0,319.0,,435.0,472.0,661.0,1109.0,58.0
,885.0,929.0,737.0,594.0,,699.0,727.0,896.0,,1291.0,524.0,702.0,865.0,126.0,691.0,,113.0,150.0,,308.0,415.0,435.0,410.0,1133.0
,329.0,312.0,949.0,1172.0,,1137.0,1276.0,504.0,,448.0,1141.0,1299.0,1072.0,555.0,915.0,,1217.0,1255.0,,854.0,393.0,662.0,940.0,169.0
,161.0,1054.0,325.0,249.0,,1117.0,1025.0,181.0,,1169.0,748.0,213.0,1318.0,219.0,818.0,,678.0,735.0,,600.0,51.0,154.0,365.0,645.0
,750.0,219.0,861.0,498.0,,705.0,163.0,488.0,,120.0,538.0,653.0,419.0,221.0,679.0,,87.0,956.0,,935.0,779.0,657.0,975.0,1103.0
,642.0,262.0,1146.0,611.0,,555.0,96.0,1150.0,,578.0,1095.0,517.0,1078.0,266.0,442.0,,318.0,1093.0,,861.0,354.0,776.0,421.0,752.0
,1162.0,628.0,811.0,1267.0,,1172.0,1067.0,547.0,,337.0,80.0,1111.0,219.0,968.0,1143.0,,864.0,764.0,,177.0,652.0,627.0,639.0,1296.0
,935.0,85.0,391.0,818.0,,457.0,1163.0,1045.0,,561.0,934.0,208.0,904.0,821.0,68.0,,1093.0,384.0,,1285.0,1114.0,110.0,1230.0,525.0
,1077.0,64.0,623.0,340.0,,560.0,580.0,18.0,,915.0,1294.0,809.0,26.0,936.0,1127.0,,1002.0,1174.0,,417.0,121.0,793.0,586.0,1277.0
,376.0,854.0,305.0,1272.0,,343.0,1274.0,250.0,,1292.0,557.0,31.0,607.0,958.0,657.0,,1099.0,511.0,,1120.0,216.0,291.0,176.0,1324.0
,316.0,502.0,1282.0,440.0,,1036.0,1281.0,655.0,,419.0,448.0,907.0,1281.0,733.0,350.0,,877.0,293.0,,787.0,1009.0,1091.0,1234.0,713.0
,1039.0,613.0,541.0,160.0,,278.0,1315.0,570.0,,92.0,1268.0,818.0,477.0,197.0,245.0,,1294.0,1143.0,,343.0,183.0,132.0,593.0,319.0
,297.0,710.0,215.0,675.0,,669.0,290.0,33.0,,927.0,1143.0,1033.0,1.0,148.0,131.0,,875.0,353.0,,1190.0,510.0,973.0,904.0,981.0
,504.0,800.0,1178.0,1114.0,,548.0,171.0,545.0,,616.0,493.0,684.0,768.0,1184.0,543.0,,1139.0,238.0,,1261.0,383.0,802.0,989.0,714.0
,517.0,1130.0,859.0,583.0,,585.0,1183.0,1318.0,,246.0,1050.0,641.0,762.0,550.0,452.0,,738.0,535.0,,508.0,1221.0,1245.0,110.0,497.0
,400.0,1144.0,348.0,1110.0,,715.0,1028.0,1174.0,,546.0,1281.0,602.0,1192.0,661.0,1035.0,,289.0,540.0,,758.0,969.0,841.0,1112.0,980.0
,1294.0,347.0,968.0,631.0,,1281.0,694.0,134.0,,817.0,1237.0,635.0,446.0,245.0,1080.0,,1269.0,959.0,,1060.0,1044.0,187.0,911.0,618.0
,893.0,1103.0,1203.0,522.0,,3.0,515.0,671.0,,987.0,705.0,199.0,1172.0,1106.0,81.0,,119.0,770.0,,134.0,702.0,512.0,915.0,27.0
,1248.0,25.0,742.0,1119.0,,1013.0,1000.0,1228.0,,397.0,313.0,878.0,780.0,923.0,816.0,,157.0,68.0,,1300.0,1005.0,1271.0,731.0,849.0
,317.0,700.0,728.0,65.0,,1064.0,343.0,13.0,,921.0,715.0,839.0,825.0,1229.0,716.0,,408.0,78.0,,980.0,748.0,769.0,607.0,187.0
,1324.0,1008.0,712.0,902.0,,221.0,764.0,636.0,,1285.0,1322.0,94.0,246.0,987.0,393.0,,501.0,632.0,,846.0,222.0,144.0,1324.0,648.0
,970.0,804.0,1208.0,570.0,,990.0,444.0,212.0,,1049.0,594.0,186.0,953.0,108.0,987.0,,1214.0,1170.0,,760.0,878.0,531.0,310.0,1242.0
,129.0,848.0,501.0,881.0,,434.0,742.0,1135.0,,346.0,677.0,340.0,994.0,783.0,1088.0,,1229.0,110.0,,434.0,1068.0,440.0,949.0,1172.0
,1102.0,68.0,1220.0,34.0,,1141.0,587.0,371.0,,588.0,847.0,1045.0,655.0,207.0,509.0,,80.0,376.0,,196.0,247.0,660.0,41.0,659.0
,382.0,1234.0,352.0,187.0,,658.0,216.0,318.0,,619.0,568.0,359.0,993.0,996.0,430.0,,704.0,373.0,,402.0,932.0,499.0,766.0,813.0
,471.0,876.0,365.0,718.0,,342.0,570.0,1112.0,,1308.0,132.0,1014.0,289.0,1051.0,1025.0,,63.0,300.0,,1305.0,987.0,1248.0,719.0,702.0
,1042.0,293.0,1022.0,1221.0,,1116.0,397.0,1093.0,,363.0,1247.0,312.0,858.0,21.0,1010.0,,699.0,475.0,,156.0,769.0,515.0,539.0,126.0
,667.0,506.0,831.0,342.0,,1018.0,1243.0,432.0,,180.0,573.0,249.0,903.0,830.0,1031.0,,1167.0,41.0,,954.0,388.0,1081.0,1119.0,916.0
,459.0,440.0,267.0,560.0,,1234.0,186.0,499.0,,93.0,1149.0,1217.0,1142.0,689.0,129.0,,1180.0,573.0,,96.0,456.0,89.0,1105.0,952.0
,613.0,503.0,736.0,576.0,,125.0,374.0,76.0,,145.0,247.0,225.0,728.0,730.0,674.0,,257.0,837.0,,364.0,453.0,601.0,700.0,843.0
,58.0,1106.0,653.0,497.0,,1235.0,311.0,843.0,,940.0,603.0,444.0,150.0,1287.0,486.0,,127.0,1047.0,,798.0,981.0,319.0,360.0,1025.0
,1088.0,156.0,929.0,1239.0,,180.0,238.0,247.0,,847.0,772.0,792.0,103.0,1223.0,1029.0,,676.0,713.0,,1044.0,585.0,55.0,270.0,1156.0
,983.0,588.0,112.0,593.0,,274.0,958.0,1146.0,,125.0,1061.0,1098.0,380.0,697.0,810.0,,195.0,186.0,,142.0,621.0,231.0,1075.0,34.0
,1195.0,959.0,636.0,317.0,,82.0,123.0,320.0,,1180.0,1091.0,954.0,261.0,233.0,553.0,,453.0,288.0,,914.0,996.0,1153.0,36.0,999.0
,1323.0,443.0,622.0,173.0,,101.0,728.0,215.0,,1251.0,314.0,1122.0,692.0,342.0,414.0,,188.0,1198.0,,789.0,292.0,508.0,663.0,353.0
,1040.0,817.0,1186.0,1306.0,,9.0,278.0,792.0,,156.0,491.0,610.0,560.0,532.0,640.0,,118.0,174.0,,1018.0,334.0,256.0,835.0,749.0
,68.0,748.0,970.0,80.0,,1222.0,351.0,397.0,,768.0,916.0,194.0,859.0,1224.0,246.0,,571.0,1001.0,,879.0,450.0,703.0,59.0,1225.0
,283.0,772.0,225.0,77.0,,1316.0,77.0,1213.0,,1322.0,88.0,253.0,444.0,606.0,360.0,,1133.0,1196.0,,1166.0,1255.0,1190.0,1222.0,1084.0
,61.0,966.0,278.0,627.0,,1026.0,344.0,1022.0,,631.0,333.0,127.0,1195.0,354.0,778.0,,349.0,1226.0,,180.0,766.0,743.0,145.0,1102.0
,810.0,1175.0,625.0,186.0,,1146.0,250.0,292.0,,646.0,205.0,882.0,523.0,851.0,114.0,,1050.0,309.0,,1114.0,6.0,542.0,1047.0,1142.0
,461.0,255.0,55.0,85.0,,1289.0,543.0,1271.0,,632.0,894.0,1305.0,1092.0,1294.0,224.0,,724.0,227.0,,253.0,564.0,95.0,300.0,1299.0
,39.0,423.0,881.0,914.0,,529.0,723.0,724.0,,27.0,814.0,91.0,461.0,544.0,812.0,,313.0,151.0,,1004.0,1104.0,307.0,830.0,908.0
,405.0,337.0,67.0,803.0,,999.0,800.0,25.0,,763.0,496.0,506.0,667.0,486.0,992.0,,894.0,1090.0,,82.0,1265.0,,833.0,614.0
,319.0,605.0,2.0,337.0,,191.0,1021.0,209.0,,1147.0,414.0,686.0,240.0,1075.0,140.0,,1034.0,1184.0,,162.0,890.0,,277.0,337.0
,1243.0,1263.0,919.0,1317.0,,349.0,266.0,1215.0,,406.0,1044.0,1268.0,766.0,348.0,99.0,,439.0,1147.0,,648.0,1001.0,,1135.0,1212.0
,417.0,545.0,181.0,169.0,,836.0,583.0,658.0,,222.0,522.0,1139.0,1284.0,622.0,1128.0,,963.0,1112.0,,820.0,644.0,,349.0,1008.0
,525.0,1245.0,448.0,417.0,,739.0,174.0,1120.0,,908.0,1118.0,1091.0,769.0,217.0,1032.0,,161.0,358.0,,934.0,642.0,,415.0,84.0
,624.0,173.0,1160.0,261.0,,1244.0,1039.0,228.0,,510.0,278.0,802.0,1246.0,238.0,927.0,,441.0,813.0,,785.0,489.0,,214.0,719.0
,636.0,779.0,757.0,748.0,,573.0,538.0,919.0,,1199.0,96.0,1157.0,514.0,94.0,391.0,,526.0,1066.0,,645.0,182.0,,23.0,384.0
,670.0,1274.0,895.0,715.0,,1114.0,198.0,1128.0,,1073.0,969.0,1262.0,959.0,620.0,902.0,,196.0,118.0,,701.0,1010.0,,1268.0,1307.0
,479.0,87.0,1321.0,1223.0,,1167.0,806.0,89.0,,1128.0,1025.0,200.0,788.0,1194.0,159.0,,162.0,419.0,,280.0,581.0,,1271.0,380.0
,553.0,1297.0,702.0,1.0,,877.0,1308.0,85.0,,566.0,535.0,27.0,167.0,1265.0,1017.0,,921.0,270.0,,1297.0,1071.0,,177.0,97.0
,1273.0,171.0,469.0,633.0,,421.0,251.0,1166.0,,866.0,341.0,874.0,416.0,119.0,1180.0,,1074.0,141.0,,1144.0,401.0,,928.0,1134.0
,920.0,1289.0,780.0,670.0,,756.0,978.0,1065.0,,535.0,1022.0,13.0,834.0,775.0,576.0,,601.0,7.0,,292.0,1305.0,,211.0,1065.0
,422.0,1039.0,455.0,992.0,,1283.0,13.0,384.0,,842.0,8.0,1127.0,1290.0,316.0,296.0,,665.0,895.0,,881.0,1081.0,,905.0,638.0
,385.0,680.0,384.0,274.0,,1217.0,1082.0,1207.0,,688.0,901.0,596.0,1010.0,496.0,130.0,,1008.0,1282.0,,482.0,941.0,,763.0,695.0
,53.0,275.0,437.0,313.0,,636.0,1117.0,61.0,,1216.0,886.0,633.0,257.0,54.0,128.0,,529.0,882.0,,962.0,270.0,,253.0,572.0
,326.0,1261.0,53.0,996.0,,815.0,684.0,1298.0,,232.0,840.0,390.0,300.0,106.0,407.0,,722.0,439.0,,1230.0,527.0,,845.0,25.0
,813.0,656.0,556.0,1082.0,,812.0,1155.0,494.0,,874.0,472.0,630.0,924.0,815.0,1084.0,,816.0,1055.0,,999.0,1125.0,,823.0,40.0
,251.0,660.0,11.0,280.0,,981.0,14.0,656.0,,1082.0,51.0,617.0,467.0,296.0,432.0,,666.0,738.0,,63.0,905.0,,245.0,1.0
,803.0,216.0,833.0,534.0,,131.0,579.0,1029.0,,415.0,986.0,566.0,1236.0,886.0,740.0,,801.0,915.0,,788.0,505.0,,1154.0,1013.0
,364.0,1138.0,248.0,52.0,,989.0,137.0,990.0,,1272.0,983.0,837.0,1322.0,1259.0,1265.0,,804.0,84.0,,580.0,466.0,,1032.0,892.0
,833.0,720.0,1048.0,1000.0,,1032.0,328.0,70.0,,811.0,1256.0,767.0,916.0,1002.0,305.0,,697.0,1310.0,,443.0,387.0,,626.0,1247.0
,280.0,880.0,219.0,1214.0,,564.0,1295.0,1132.0,,517.0,800.0,789.0,65.0,512.0,678.0,,334.0,472.0,,816.0,127.0,,268.0,827.0
,980.0,915.0,399.0,809.0,,486.0,793.0,230.0,,1200.0,157.0,775.0,521.0,1312.0,395.0,,1066.0,773.0,,851.0,1156.0,,136.0,253.0
,668.0,251.0,1224.0,318.0,,1059.0,464.0,637.0,,128.0,393.0,560.0,290.0,1193.0,401.0,,967.0,1039.0,,973.0,1291.0,,1232.0,436.0
,1119.0,729.0,306.0,22.0,,695.0,1275.0,340.0,,757.0,676.0,705.0,229.0,707.0,1315.0,,353.0,113.0,,541.0,500.0,,987.0,698.0
,595.0,1094.0,1107.0,149.0,,1071.0,526.0,106.0,,1257.0,324.0,1064.0,610.0,1089.0,164.0,,15.0,609.0,,1125.0,810.0,,855.0,216.0
,60.0,1185.0,1083.0,360.0,,103.0,1015.0,1192.0,,918.0,1204.0,857.0,1206.0,515.0,919.0,,480.0,809.0,,1103.0,228.0,,1031.0,930.0
,951.0,69.0,363.0,439.0,,1163.0,234.0,997.0,,82.0,803.0,448.0,931.0,410.0,466.0,,654.0,833.0,,985.0,1239.0,,813.0,1165.0
,11.0,514.0,1317.0,102.0,,1031.0,1272.0,57.0,,516.0,1097.0,522.0,569.0,146.0,898.0,,1102.0,15.0,,357.0,612.0,,990.0,919.0
,1098.0,374.0,862.0,94.0,,231.0,468.0,317.0,,175.0,1212.0,1108.0,842.0,1206.0,557.0,,446.0,496.0,,1105.0,1046.0,,195.0,598.0
,875.0,866.0,1272.0,875.0,,863.0,1106.0,331.0,,1120.0,504.0,821.0,725.0,124.0,546.0,,1209.0,539.0,,1000.0,90.0,,342.0,202.0
,698.0,272.0,1213.0,285.0,,218.0,422.0,1047.0,,1034.0,1252.0,1170.0,464.0,1301.0,345.0,,49.0,1238.0,,1185.0,293.0,,765.0,463.0
,627.0,389.0,29.0,542.0,,897.0,717.0,829.0,,618.0,1103.0,309.0,239.0,786.0,603.0,,826.0,76.0,,14.0,627.0,,674.0,1244.0
,827.0,496.0,874.0,848.0,,1171.0,227.0,394.0,,368.0,379.0,75.0,265.0,1211.0,155.0,,33.0,203.0,,1008.0,1043.0,,773.0,68.0
,360.0,672.0,694.0,413.0,,581.0,992.0,794.0,,113.0,409.0,1324.0,1257.0,214.0,21.0,,12.0,673.0,,291.0,135.0,,895.0,1146.0
,606.0,607.0,926.0,363.0,,951.0,115.0,961.0,,13.0,260.0,257.0,1068.0,105.0,405.0,,200.0,1259.0,,13.0,1082.0,,153.0,793.0
,434.0,552.0,1071.0,346.0,,0.0,883.0,1033.0,,131.0,1207.0,466.0,105.0,1112.0,1266.0,,24.0,744.0,,815.0,1193.0,,417.0,741.0
,742.0,842.0,1112.0,386.0,,808.0,69.0,531.0,,71.0,265.0,749.0,868.0,1125.0,1169.0,,597.0,672.0,,799.0,1236.0,,622.0,1152.0
,1038.0,67.0,779.0,926.0,,507.0,1246.0,1317.0,,871.0,185.0,1304.0,989.0,643.0,761.0,,1163.0,180.0,,24.0,409.0,,495.0,830.0
,160.0,384.0,674.0,908.0,,12.0,308.0,1262.0,,434.0,1317.0,265.0,393.0,685.0,1270.0,,628.0,1137.0,,778.0,37.0,,1193.0,527.0
,151.0,629.0,897.0,203.0,,266.0,1066.0,687.0,,926.0,810.0,467.0,304.0,602.0,1291.0,,536.0,85.0,,1220.0,14.0,,557.0,303.0
,34.0,1227.0,971.0,804.0,,996.0,565.0,901.0,,543.0,1026.0,1176.0,897.0,420.0,549.0,,1309.0,775.0,,1113.0,534.0,,35.0,157.0
,285.0,266.0,491.0,893.0,,632.0,1136.0,1040.0,,24.0,287.0,251.0,1110.0,756.0,363.0,,460.0,1217.0,,26.0,99.0,,1152.0,333.0
,887.0,167.0,447.0,744.0,,390.0,533.0,184.0,,595.0,700.0,1276.0,817.0,961.0,752.0,,166.0,9.0,,812.0,164.0,,872.0,116.0
,31.0,1001.0,405.0,519.0,,260.0,101.0,1024.0,,173.0,295.0,885.0,988.0,23.0,1152.0,,1322.0,523.0,,1259.0,263.0,,1305.0,801.0
,220.0,664.0,818.0,308.0,,202.0,1280.0,1117.0,,734.0,978.0,352.0,237.0,424.0,881.0,,519.0,479.0,,67.0,502.0,,778.0,223.0
,895.0,1004.0,1120.0,1280.0,,589.0,15.0,699.0,,1089.0,458.0,1240.0,802.0,546.0,749.0,,225.0,148.0,,943.0,1085.0,,1070.0,1224.0
,1121.0,1214.0,311.0,1266.0,,741.0,17.0,6.0,,509.0,553.0,516.0,998.0,176.0,972.0,,323.0,1116.0,,1050.0,29.0,,483.0,63.0
,384.0,564.0,851.0,213.0,,688.0,1131.0,1161.0,,598.0,1049.0,736.0,492.0,1298.0,800.0,,205.0,149.0,,991.0,1037.0,,1118.0,1259.0
,1320.0,1257.0,1228.0,238.0,,1206.0,1172.0,242.0,,143.0,630.0,1177.0,871.0,1073.0,1185.0,,19.0,974.0,,1073.0,886.0,,1023.0,489.0
,187.0,41.0,904.0,937.0,,15.0,856.0,953.0,,452.0,592.0,518.0,917.0,518.0,1172.0,,865.0,114.0,,675.0,1019.0,,996.0,1312.0
,812.0,1251.0,65.0,103.0,,344.0,178.0,335.0,,704.0,466.0,1266.0,670.0,335.0,765.0,,918.0,261.0,,836.0,377.0,,163.0,78.0
,976.0,51.0,615.0,327.0,,446.0,1125.0,677.0,,548.0,674.0,504.0,495.0,295.0,1269.0,,357.0,1159.0,,533.0,1162.0,,180.0,55.0
,78.0,66.0,1235.0,489.0,,912.0,175.0,507.0,,239.0,1085.0,295.0,880.0,353.0,1129.0,,138.0,503.0,,263.0,34.0,,947.0,1262.0
,59.0,245.0,249.0,1186.0,,605.0,967.0,1233.0,,902.0,1081.0,949.0,436.0,1018.0,728.0,,65.0,693.0,,74.0,834.0,,191.0,356.0
,1173.0,52.0,829.0,509.0,,338.0,627.0,324.0,,1144.0,973.0,587.0,835.0,1186.0,1057.0,,596.0,702.0,,744.0,462.0,,1302.0,907.0
,94.0,1292.0,958.0,785.0,,44.0,118.0,838.0,,773.0,520.0,255.0,709.0,1183.0,138.0,,1017.0,123.0,,1188.0,536.0,,120.0,227.0
,502.0,265.0,69.0,814.0,,232.0,536.0,321.0,,938.0,78.0,58.0,43.0,262.0,385.0,,336.0,747.0,,1224.0,1315.0,,692.0,33.0
,350.0,73.0,288.0,1121.0,,255.0,860.0,1220.0,,398.0,1142.0,851.0,819.0,17.0,1130.0,,198.0,1222.0,,72.0,1222.0,,879.0,93.0
,685.0,493.0,124.0,74.0,,280.0,928.0,859.0,,11.0,1058.0,830.0,672.0,828.0,781.0,,1247.0,1294.0,,460.0,1127.0,,983.0,1235.0
,271.0,1213.0,793.0,1228.0,,1038.0,790.0,253.0,,783.0,1249.0,278.0,195.0,648.0,339.0,,998.0,644.0,,1301.0,1197.0,,780.0,389.0
,769.0,283.0,1200.0,62.0,,1101.0,505.0,1157.0,,107.0,224.0,1110.0,522.0,178.0,98.0,,645.0,660.0,,1274.0,815.0,,234.0,641.0
,752.0,1028.0,944.0,617.0,,87.0,1261.0,513.0,,177.0,532.0,191.0,390.0,33.0,542.0,,306.0,997.0,,500.0,496.0,,738.0,1218.0
,972.0,295.0,109.0,993.0,,126.0,48.0,299.0,,991.0,12.0,4.0,512.0,175.0,1187.0,,100.0,162.0,,678.0,832.0,,770.0,1047.0
,753.0,1231.0,1195.0,958.0,,367.0,788.0,815.0,,711.0,1313.0,521.0,743.0,230.0,537.0,,52.0,885.0,,1102.0,565.0,,1044.0,395.0
,243.0,129.0,871.0,275.0,,468.0,1038.0,611.0,,1022.0,476.0,480.0,175.0,1174.0,805.0,,94.0,807.0,,893.0,729.0,,111.0,336.0
,877.0,90.0,1000.0,579.0,,1267.0,404.0,1314.0,,224.0,1029.0,962.0,248.0,1079.0,684.0,,741.0,940.0,,1074.0,389.0,,460.0,1321.0
,583.0,860.0,1247.0,884.0,,633.0,594.0,1193.0,,183.0,1003.0,1254.0,1064.0,607.0,586.0,,437.0,981.0,,1239.0,471.0,,1215.0,0.0
,1090.0,1322.0,1012.0,916.0,,1292.0,787.0,688.0,,560.0,30.0,315.0,749.0,393.0,892.0,,954.0,929.0,,755.0,657.0,,312.0,1141.0
,1054.0,579.0,54.0,1085.0,,938.0,213.0,489.0,,949.0,1086.0,89.0,318.0,120.0,700.0,,1024.0,1102.0,,862.0,1170.0,,105.0,256.0
,943.0,271.0,777.0,189.0,,189.0,606.0,259.0,,1014.0,942.0,1279.0,120.0,115.0,160.0,,1104.0,57.0,,677.0,1279.0,,18.0,1219.0
,308.0,1113.0,1239.0,1311.0,,69.0,86.0,1069.0,,912.0,15.0,923.0,174.0,281.0,697.0,,517.0,788.0,,391.0,177.0,,1316.0,570.0
,990.0,34.0,1199.0,391.0,,961.0,1165.0,962.0,,307.0,221.0,81.0,404.0,866.0,295.0,,479.0,1030.0,,749.0,109.0,,454.0,728.0
,181.0,768.0,807.0,555.0,,7.0,827.0,1068.0,,,850.0,1261.0,1323.0,1009.0,1220.0,,232.0,1124.0,,575.0,280.0,,637.0,326.0
,597.0,1064.0,660.0,762.0,,956.0,1065.0,309.0,,,523.0,1264.0,250.0,293.0,134.0,,1096.0,1212.0,,27.0,1308.0,,63.0,3.0
,1030.0,808.0,1045.0,1058.0,,1098.0,544.0,746.0,,,887.0,298.0,439.0,99.0,1194.0,,1100.0,724.0,,892.0,529.0,,1225.0,817.0
,879.0,97.0,203.0,215.0,,598.0,503.0,1261.0,,,429.0,541.0,562.0,760.0,369.0,,1259.0,955.0,,910.0,989.0,,361.0,635.0
,133.0,649.0,237.0,414.0,,547.0,221.0,981.0,,,227.0,79.0,898.0,234.0,278.0,,653.0,587.0,,619.0,195.0,,688.0,1201.0
,946.0,970.0,74.0,454.0,,1186.0,628.0,385.0,,,651.0,670.0,201.0,158.0,126.0,,66.0,1041.0,,198.0,248.0,,42.0,1253.0
,481.0,687.0,1188.0,61.0,,881.0,517.0,0.0,,,811.0,1294.0,1083.0,1031.0,267.0,,1321.0,121.0,,1064.0,920.0,,1216.0,1183.0
,1012.0,544.0,376.0,381.0,,677.0,1086.0,1121.0,,,848.0,462.0,202.0,792.0,559.0,,110.0,805.0,,252.0,868.0,,1155.0,751.0
,237.0,278.0,121.0,233.0,,518.0,916.0,1027.0,,,975.0,151.0,4.0,192.0,121.0,,191.0,1242.0,,79.0,1015.0,,1320.0,1315.0
,122.0,844.0,1144.0,1263.0,,1041.0,226.0,303.0,,,322.0,1059.0,954.0,835.0,485.0,,908.0,982.0,,688.0,1257.0,,425.0,440.0
,563.0,522.0,26.0,860.0,,21.0,879.0,308.0,,,938.0,108.0,1058.0,169.0,178.0,,753.0,214.0,,855.0,1117.0,,1209.0,1083.0
,1017.0,1093.0,893.0,898.0,,732.0,507.0,207.0,,,891.0,987.0,580.0,421.0,519.0,,304.0,422.0,,1011.0,10.0,,893.0,1053.0
,1302.0,1159.0,37.0,1220.0,,728.0,117.0,765.0,,,101.0,1168.0,298.0,1276.0,375.0,,813.0,748.0,,1296.0,1310.0,,1133.0,122.0
,577.0,919.0,514.0,1108.0,,357.0,312.0,65.0,,,416.0,799.0,1084.0,1047.0,1182.0,,1046.0,259.0,,1156.0,531.0,,306.0,359.0
,1114.0,630.0,56.0,664.0,,869.0,318.0,1272.0,,,907.0,302.0,1098.0,1046.0,600.0,,258.0,64.0,,1047.0,721.0,,1257.0,1129.0
,807.0,1318.0,1269.0,38.0,,330.0,802.0,1235.0,,,793.0,1095.0,484.0,750.0,1021.0,,637.0,90.0,,335.0,692.0,,540.0,243.0
,623.0,671.0,1306.0,368.0,,219.0,886.0,1107.0,,,717.0,482.0,1227.0,472.0,723.0,,1262.0,1107.0,,203.0,1301.0,,867.0,443.0
,739.0,1207.0,247.0,1136.0,,496.0,1057.0,187.0,,,352.0,564.0,603.0,856.0,105.0,,818.0,508.0,,773.0,817.0,,708.0,569.0
,1236.0,486.0,1009.0,1145.0,,183.0,1090.0,424.0,,,944.0,1082.0,948.0,535.0,453.0,,1175.0,771.0,,360.0,408.0,,851.0,1233.0
,651.0,1168.0,1246.0,1167.0,,1090.0,626.0,476.0,,,305.0,388.0,223.0,1077.0,602.0,,230.0,524.0,,146.0,468.0,,865.0,163.0
,838.0,895.0,394.0,491.0,,318.0,55.0,358.0,,,249.0,280.0,635.0,596.0,1149.0,,482.0,391.0,,418.0,378.0,,749.0,419.0
,1316.0,784.0,355.0,665.0,,185.0,191.0,128.0,,,1267.0,1166.0,430.0,1074.0,92.0,,1060.0,701.0,,1148.0,1241.0,,931.0,822.0
,50.0,1035.0,1110.0,960.0,,46.0,1266.0,86.0,,,739.0,917.0,735.0,820.0,111.0,,568.0,700.0,,772.0,283.0,,1158.0,108.0
,6.0,1253.0,213.0,692.0,,1107.0,776.0,1070.0,,,786.0,1253.0,1200.0,915.0,465.0,,451.0,939.0,,1071.0,952.0,,1185.0,30.0
,738.0,1026.0,171.0,1250.0,,495.0,1127.0,221.0,,,729.0,539.0,1137.0,1027.0,883.0,,346.0,1324.0,,353.0,1287.0,,1263.0,83.0
,728.0,828.0,30.0,940.0,,504.0,1174.0,301.0,,,607.0,654.0,812.0,806.0,310.0,,34.0,692.0,,1200.0,78.0,,383.0,1206.0
,315.0,1210.0,835.0,59.0,,115.0,672.0,1000.0,,,1140.0,119.0,722.0,791.0,1198.0,,564.0,187.0,,222.0,1124.0,,175.0,144.0
,659.0,736.0,1214.0,628.0,,794.0,1114.0,271.0,,,1231.0,680.0,1040.0,222.0,196.0,,37.0,144.0,,238.0,697.0,,303.0,82.0
,1100.0,84.0,1316.0,794.0,,273.0,828.0,749.0,,,563.0,1182.0,602.0,1101.0,1184.0,,377.0,614.0,,415.0,877.0,,724.0,724.0
,1078.0,268.0,518.0,64.0,,988.0,1193.0,444.0,,,139.0,1129.0,1197.0,1160.0,135.0,,540.0,49.0,,119.0,40.0,,825.0,1087.0
,1138.0,916.0,902.0,324.0,,139.0,539.0,752.0,,,1323.0,511.0,379.0,589.0,694.0,,953.0,1008.0,,860.0,306.0,,363.0,769.0
,1218.0,1298.0,1138.0,656.0,,1159.0,521.0,1106.0,,,335.0,64.0,828.0,346.0,1115.0,,393.0,795.0,,984.0,497.0,,690.0,774.0
,675.0,840.0,876.0,1033.0,,609.0,1230.0,336.0,,,963.0,438.0,678.0,461.0,951.0,,403.0,628.0,,481.0,1273.0,,362.0,1167.0
,478.0,668.0,221.0,789.0,,146.0,310.0,1249.0,,,922.0,999.0,1102.0,1195.0,1009.0,,1280.0,812.0,,705.0,166.0,,188.0,405.0
,211.0,811.0,910.0,277.0,,1088.0,73.0,436.0,,,443.0,101.0,427.0,465.0,638.0,,469.0,71.0,,164.0,541.0,,22.0,1045.0
,1226.0,760.0,286.0,1140.0,,1075.0,753.0,946.0,,,148.0,993.0,796.0,974.0,1202.0,,802.0,153.0,,1009.0,335.0,,302.0,1243.0
,894.0,715.0,1320.0,1277.0,,227.0,39.0,166.0,,,428.0,527.0,856.0,114.0,215.0,,606.0,1074.0,,864.0,305.0,,1055.0,1120.0
,441.0,284.0,374.0,1264.0,,1160.0,410.0,660.0,,,870.0,1121.0,756.0,586.0,534.0,,105.0,985.0,,1313.0,107.0,,1236.0,738.0
,414.0,277.0,155.0,691.0,,1061.0,896.0,712.0,,,258.0,608.0,69.0,990.0,287.0,,58.0,493.0,,139.0,372.0,,1059.0,186.0
,1222.0,1288.0,207.0,959.0,,579.0,590.0,195.0,,,884.0,455.0,121.0,807.0,713.0,,41.0,519.0,,54.0,698.0,,921.0,633.0
,112.0,902.0,1301.0,328.0,,298.0,545.0,999.0,,,1234.0,8.0,336.0,1062.0,601.0,,1199.0,591.0,,1233.0,360.0,,954.0,248.0
,701.0,913.0,51.0,708.0,,603.0,947.0,82.0,,,1262.0,1219.0,563.0,355.0,940.0,,13.0,1005.0,,1147.0,968.0,,635.0,1092.0
,814.0,881.0,387.0,917.0,,735.0,341.0,623.0,,,914.0,87.0,867.0,768.0,167.0,,1243.0,816.0,,880.0,1164.0,,278.0,683.0
,55.0,946.0,1169.0,659.0,,95.0,1160.0,1017.0,,,1063.0,1140.0,1002.0,1045.0,1181.0,,418.0,1099.0,,937.0,32.0,,650.0,1184.0
,80.0,610.0,1149.0,578.0,,953.0,1128.0,1319.0,,,842.0,500.0,1081.0,937.0,1215.0,,780.0,5.0,,858.0,460.0,,1073.0,62.0
,744.0,1122.0,62.0,1086.0,,1177.0,666.0,146.0,,,382.0,696.0,730.0,1256.0,1233.0,,59.0,350.0,,807.0,571.0,,735.0,718.0
,164.0,873.0,475.0,210.0,,896.0,370.0,343.0,,,1032.0,468.0,449.0,167.0,36.0,,206.0,501.0,,135.0,977.0,,631.0,1032.0
,1269.0,837.0,630.0,644.0,,420.0,1249.0,71.0,,,828.0,548.0,941.0,800.0,853.0,,732.0,327.0,,221.0,517.0,,166.0,382.0
,516.0,685.0,725.0,539.0,,665.0,929.0,607.0,,,920.0,747.0,372.0,988.0,774.0,,410.0,892.0,,306.0,491.0,,848.0,896.0
,5.0,198.0,587.0,878.0,,684.0,1132.0,1109.0,,,172.0,203.0,1077.0,965.0,73.0,,626.0,382.0,,1167.0,740.0,,255.0,948.0
,828.0,234.0,927.0,1187.0,,929.0,711.0,283.0,,,164.0,683.0,17.0,634.0,1015.0,,763.0,1122.0,,319.0,184.0,,1093.0,940.0
,245.0,1196.0,700.0,903.0,,749.0,95.0,80.0,,,225.0,43.0,107.0,112.0,1225.0,,1287.0,716.0,,361.0,382.0,,526.0,1285.0
,1128.0,464.0,767.0,1016.0,,1264.0,745.0,799.0,,,857.0,165.0,912.0,302.0,158.0,,117.0,1095.0,,1118.0,254.0,,1239.0,548.0
,686.0,604.0,32.0,797.0,,19.0,330.0,556.0,,,309.0,1047.0,1160.0,658.0,450.0,,1235.0,1267.0,,265.0,140.0,,527.0,8.0
,495.0,1212.0,190.0,188.0,,986.0,37.0,852.0,,,1180.0,1298.0,636.0,1115.0,1156.0,,507.0,867.0,,743.0,931.0,,384.0,277.0
,368.0,453.0,1217.0,869.0,,754.0,770.0,725.0,,,1303.0,283.0,536.0,181.0,497.0,,511.0,1128.0,,465.0,439.0,,590.0,15.0
,16.0,548.0,804.0,968.0,,1242.0,833.0,887.0,,,601.0,1251.0,1216.0,811.0,344.0,,111.0,1173.0,,805.0,1320.0,,215.0,438.0
,678.0,855.0,943.0,68.0,,1240.0,102.0,1248.0,,,777.0,833.0,64.0,1084.0,1321.0,,1153.0,1296.0,,209.0,1220.0,,381.0,725.0
,682.0,1050.0,709.0,984.0,,258.0,1255.0,254.0,,,367.0,241.0,688.0,208.0,133.0,,899.0,1104.0,,564.0,906.0,,113.0,530.0
,20.0,36.0,293.0,457.0,,246.0,256.0,1229.0,,,1206.0,320.0,1124.0,1021.0,156.0,,473.0,446.0,,1222.0,805.0,,841.0,596.0
,189.0,780.0,114.0,639.0,,176.0,605.0,680.0,,,1314.0,1256.0,656.0,1078.0,1139.0,,309.0,1014.0,,779.0,63.0,,837.0,1309.0
,556.0,10.0,990.0,503.0,,1263.0,1254.0,402.0,,,731.0,1109.0,134.0,265.0,88.0,,1144.0,108.0,,1013.0,332.0,,1294.0,804.0
,169.0,850.0,743.0,605.0,,1168.0,306.0,788.0,,,464.0,239.0,1158.0,1147.0,342.0,,76.0,1063.0,,34.0,302.0,,721.0,932.0
,929.0,341.0,266.0,1295.0,,1297.0,805.0,819.0,,,722.0,700.0,325.0,917.0,270.0,,883.0,965.0,,1304.0,1290.0,,390.0,298.0
,355.0,1291.0,960.0,826.0,,1165.0,134.0,427.0,,,82.0,595.0,1095.0,244.0,1228.0,,165.0,633.0,,611.0,1192.0,,697.0,348.0
,702.0,1316.0,168.0,1055.0,,1022.0,1123.0,1275.0,,,613.0,710.0,978.0,254.0,1153.0,,259.0,541.0,,1153.0,297.0,,890.0,1254.0
,1213.0,732.0,279.0,229.0,,492.0,755.0,1292.0,,,1163.0,445.0,485.0,564.0,221.0,,213.0,605.0,,913.0,54.0,,6.0,1041.0
,778.0,1242.0,794.0,910.0,,681.0,1202.0,910.0,,,384.0,227.0,455.0,365.0,930.0,,647.0,1076.0,,230.0,593.0,,562.0,453.0
,427.0,445.0,1270.0,18.0,,1223.0,999.0,157.0,,,5.0,772.0,755.0,180.0,929.0,,1155.0,911.0,,129.0,420.0,,1258.0,38.0
,581.0,595.0,933.0,402.0,,462.0,897.0,532.0,,,95.0,1060.0,729.0,947.0,201.0,,192.0,1061.0,,690.0,161.0,,1139.0,962.0
,51.0,81.0,251.0,874.0,,485.0,149.0,748.0,,,927.0,1134.0,190.0,122.0,1148.0,,425.0,556.0,,1171.0,215.0,,399.0,435.0
,239.0,376.0,716.0,697.0,,866.0,664.0,490.0,,,282.0,745.0,542.0,228.0,441.0,,800.0,545.0,,1236.0,1247.0,,453.0,134.0
,923.0,154.0,764.0,239.0,,784.0,901.0,740.0,,,525.0,277.0,884.0,1019.0,1059.0,,435.0,1.0,,242.0,1230.0,,45.0,1123.0
,155.0,208.0,549.0,1240.0,,765.0,1053.0,975.0,,,1064.0,1277.0,810.0,647.0,618.0,,822.0,898.0,,1181.0,672.0,,235.0,519.0
,730.0,145.0,1225.0,1305.0,,1296.0,932.0,291.0,,,231.0,669.0,193.0,1306.0,610.0,,279.0,796.0,,964.0,622.0,,696.0,379.0
,1225.0,550.0,485.0,906.0,,1152.0,1045.0,319.0,,,862.0,62.0,1165.0,1023.0,255.0,,611.0,488.0,,979.0,1073.0,,1144.0,879.0
,747.0,155.0,1137.0,713.0,,834.0,1110.0,445.0,,,775.0,651.0,70.0,1297.0,104.0,,944.0,667.0,,1031.0,369.0,,1134.0,736.0
,1231.0,806.0,1141.0,30.0,,1100.0,1129.0,155.0,,,151.0,576.0,1030.0,916.0,1171.0,,537.0,287.0,,93.0,391.0,,1069.0,1205.0
,654.0,867.0,1086.0,765.0,,242.0,582.0,1184.0,,,533.0,515.0,1019.0,125.0,236.0,,449.0,50.0,,354.0,1312.0,,642.0,616.0
,4.0,992.0,1085.0,205.0,,94.0,304.0,53.0,,,242.0,401.0,626.0,859.0,1274.0,,483.0,772.0,,1152.0,945.0,,919.0,1106.0
,347.0,193.0,922.0,879.0,,533.0,970.0,1311.0,,,1093.0,6.0,101.0,1102.0,960.0,,1131.0,1018.0,,205.0,573.0,,443.0,1029.0
,928.0,483.0,1156.0,200.0,,58.0,68.0,708.0,,,1261.0,111.0,459.0,210.0,1048.0,,677.0,971.0,,1273.0,31.0,,343.0,338.0
,1207.0,1102.0,1069.0,1225.0,,701.0,829.0,87.0,,,1301.0,671.0,312.0,630.0,644.0,,164.0,436.0,,383.0,201.0,,785.0,487.0
,635.0,16.0,506.0,1292.0,,380.0,257.0,1104.0,,,495.0,358.0,344.0,269.0,434.0,,1194.0,332.0,,525.0,589.0,,521.0,507.0
,370.0,1117.0,711.0,957.0,,1074.0,280.0,2.0,,,645.0,1196.0,3.0,1044.0,780.0,,595.0,416.0,,282.0,1101.0,,95.0,114.0
,150.0,335.0,110.0,699.0,,932.0,738.0,289.0,,,1295.0,939.0,677.0,714.0,719.0,,880.0,58.0,,700.0,1086.0,,328.0,574.0
,105.0,526.0,1132.0,799.0,,1275.0,249.0,808.0,,,824.0,965.0,270.0,1190.0,785.0,,11.0,412.0,,408.0,138.0,,1170.0,828.0
,79.0,611.0,146.0,31.0,,811.0,402.0,45.0,,,402.0,1079.0,606.0,568.0,433.0,,922.0,1077.0,,780.0,322.0,,74.0,1317.0
,1108.0,481.0,988.0,116.0,,892.0,877.0,813.0,,,670.0,905.0,180.0,42.0,617.0,,1068.0,1304.0,,21.0,1103.0,,423.0,420.0
,1147.0,641.0,1312.0,1069.0,,166.0,41.0,487.0,,,822.0,640.0,742.0,70.0,1001.0,,640.0,525.0,,229.0,347.0,,653.0,1104.0
,737.0,107.0,525.0,29.0,,144.0,519.0,100.0,,,481.0,105.0,702.0,905.0,294.0,,574.0,733.0,,577.0,852.0,,1241.0,1150.0
,144.0,450.0,1003.0,98.0,,352.0,497.0,767.0,,,597.0,665.0,764.0,638.0,563.0,,457.0,687.0,,886.0,507.0,,1113.0,853.0
,1159.0,1021.0,920.0,1126.0,,79.0,914.0,307.0,,,567.0,966.0,1265.0,6.0,835.0,,624.0,969.0,,452.0,242.0,,400.0,131.0
,841.0,451.0,703.0,218.0,,1317.0,1049.0,,,,1241.0,1286.0,1145.0,1249.0,715.0,,927.0,584.0,,563.0,400.0,,403.0,1105.0
,658.0,1293.0,527.0,463.0,,713.0,299.0,,,,187.0,234.0,234.0,1026.0,854.0,,337.0,531.0,,555.0,999.0,,385.0,198.0
,192.0,153.0,585.0,654.0,,928.0,668.0,,,,301.0,363.0,30.0,321.0,517.0,,38.0,991.0,,1116.0,1210.0,,486.0,98.0
,954.0,884.0,122.0,33.0,,806.0,1087.0,,,,720.0,491.0,621.0,450.0,0.0,,312.0,1164.0,,228.0,553.0,,762.0,562.0
,1214.0,408.0,467.0,506.0,,414.0,1071.0,,,,288.0,1144.0,714.0,8.0,1016.0,,67.0,273.0,,742.0,680.0,,1107.0,970.0
,529.0,1124.0,1090.0,852.0,,851.0,1204.0,,,,1146.0,1120.0,958.0,618.0,1170.0,,1182.0,4.0,,757.0,718.0,,1288.0,934.0
,18.0,694.0,646.0,1265.0,,1126.0,817.0,,,,808.0,1190.0,996.0,1295.0,814.0,,1089.0,1108.0,,863.0,1048.0,,976.0,1068.0
,323.0,286.0,461.0,642.0,,1112.0,924.0,,,,791.0,71.0,59.0,571.0,217.0,,829.0,745.0,,302.0,129.0,,1279.0,340.0
,655.0,846.0,1026.0,502.0,,960.0,81.0,,,,673.0,37.0,285.0,739.0,291.0,,47.0,803.0,,50.0,1295.0,,869.0,1086.0
,666.0,960.0,126.0,887.0,,67.0,1285.0,,,,398.0,800.0,1311.0,810.0,884.0,,1051.0,167.0,,77.0,1022.0,,58.0,1085.0
,1156.0,429.0,136.0,1120.0,,36.0,1159.0,,,,855.0,644.0,839.0,53.0,49.0,,1112.0,1002.0,,1244.0,1249.0,,1087.0,214.0
,255.0,387.0,61.0,482.0,,578.0,5.0,,,,831.0,287.0,1253.0,200.0,97.0,,465.0,411.0,,933.0,662.0,,1319.0,355.0
,289.0,824.0,300.0,201.0,,296.0,931.0,,,,417.0,855.0,799.0,179.0,905.0,,294.0,659.0,,88.0,160.0,,125.0,1273.0
,967.0,407.0,158.0,638.0,,646.0,158.0,,,,1209.0,86.0,362.0,429.0,289.0,,1234.0,921.0,,1275.0,876.0,,711.0,330.0
,1230.0,719.0,1025.0,427.0,,987.0,1044.0,,,,297.0,1141.0,365.0,825.0,281.0,,416.0,1000.0,,942.0,229.0,,289.0,397.0
,1283.0,118.0,179.0,37.0,,441.0,240.0,,,,403.0,393.0,1193.0,368.0,1034.0,,474.0,777.0,,1212.0,843.0,,706.0,309.0
,75.0,359.0,41.0,1146.0,,751.0,128.0,,,,531.0,322.0,432.0,373.0,1204.0,,176.0,1020.0,,1210.0,501.0,,216.0,945.0
,415.0,1116.0,73.0,226.0,,489.0,193.0,,,,22.0,794.0,146.0,174.0,983.0,,405.0,91.0,,960.0,1184.0,,1012.0,85.0
,32.0,637.0,530.0,969.0,,680.0,667.0,,,,103.0,1037.0,1065.0,639.0,251.0,,886.0,478.0,,1128.0,801.0,,372.0,954.0
,555.0,683.0,255.0,461.0,,552.0,176.0,,,,1021.0,1066.0,403.0,870.0,858.0,,841.0,1071.0,,136.0,1131.0,,1076.0,687.0
,342.0,65.0,424.0,954.0,,1273.0,357.0,,,,10.0,1216.0,983.0,142.0,695.0,,316.0,616.0,,856.0,1234.0,,480.0,502.0
,1290.0,559.0,551.0,79.0,,1125.0,983.0,,,,91.0,243.0,473.0,501.0,1323.0,,1248.0,522.0,,1195.0,363.0,,1208.0,1280.0
,1203.0,598.0,656.0,973.0,,883.0,1225.0,,,,411.0,578.0,1121.0,514.0,841.0,,752.0,1151.0,,448.0,1023.0,,157.0,536.0
,29.0,1189.0,846.0,390.0,,934.0,888.0,,,,686.0,1071.0,1202.0,362.0,1091.0,,719.0,723.0,,1161.0,808.0,,930.0,556.0
,914.0,288.0,1041.0,314.0,,875.0,794.0,,,,1113.0,1008.0,364.0,406.0,608.0,,937.0,184.0,,1096.0,421.0,,1188.0,1144.0
,796.0,1199.0,554.0,217.0,,1109.0,677.0,,,,569.0,1070.0,1199.0,1066.0,938.0,,178.0,1266.0,,538.0,658.0,,108.0,1075.0
,1254.0,690.0,1296.0,1152.0,,788.0,1305.0,,,,56.0,528.0,13.0,370.0,447.0,,201.0,342.0,,651.0,1309.0,,853.0,947.0
,907.0,950.0,407.0,380.0,,1010.0,1150.0,,,,667.0,347.0,496.0,441.0,448.0,,324.0,379.0,,371.0,131.0,,291.0,417.0
,394.0,102.0,566.0,1281.0,,1046.0,237.0,,,,1031.0,692.0,545.0,1136.0,815.0,,580.0,868.0,,246.0,1109.0,,452.0,783.0
,1298.0,797.0,79.0,1247.0,,575.0,84.0,,,,233.0,403.0,418.0,184.0,844.0,,945.0,1186.0,,1196.0,671.0,,1229.0,1306.0
,430.0,1079.0,1044.0,159.0,,487.0,35.0,,,,467.0,946.0,992.0,744.0,659.0,,978.0,206.0,,289.0,753.0,,741.0,984.0
,707.0,414.0,64.0,415.0,,467.0,707.0,,,,689.0,471.0,137.0,1004.0,985.0,,36.0,947.0,,841.0,1154.0,,580.0,606.0
,591.0,659.0,15.0,722.0,,335.0,643.0,,,,421.0,399.0,985.0,498.0,845.0,,46.0,299.0,,1021.0,24.0,,1171.0,1304.0
,662.0,1156.0,372.0,1020.0,,1121.0,361.0,,,,66.0,179.0,177.0,608.0,843.0,,584.0,474.0,,316.0,234.0,,151.0,1137.0
,558.0,847.0,1054.0,131.0,,1063.0,917.0,,,,410.0,212.0,841.0,300.0,136.0,,1030.0,613.0,,392.0,220.0,,1120.0,862.0
,95.0,472.0,23.0,999.0,,309.0,1017.0,,,,924.0,1117.0,28.0,593.0,457.0,,17.0,891.0,,352.0,707.0,,1227.0,324.0
,1257.0,108.0,369.0,373.0,,81.0,200.0,,,,565.0,197.0,71.0,382.0,899.0,,194.0,871.0,,883.0,213.0,,1283.0,860.0
,1247.0,674.0,975.0,265.0,,370.0,592.0,,,,759.0,1132.0,674.0,885.0,653.0,,796.0,1006.0,,1306.0,954.0,,392.0,451.0
,1029.0,14.0,133.0,20.0,,807.0,40.0,,,,779.0,368.0,176.0,1161.0,1192.0,,1037.0,36.0,,467.0,116.0,,528.0,671.0
,265.0,394.0,269.0,304.0,,954.0,599.0,,,,1010.0,943.0,984.0,1248.0,446.0,,759.0,47.0,,410.0,1172.0,,984.0,481.0
,131.0,261.0,1154.0,1256.0,,1004.0,808.0,,,,108.0,92.0,90.0,1080.0,103.0,,40.0,1065.0,,598.0,480.0,,169.0,538.0
,795.0,691.0,276.0,823.0,,809.0,955.0,,,,26.0,860.0,128.0,1095.0,317.0,,182.0,204.0,,433.0,849.0,,920.0,1179.0
,372.0,476.0,766.0,69.0,,878.0,407.0,,,,776.0,1032.0,92.0,1165.0,1176.0,,202.0,992.0,,3.0,117.0,,1024.0,1089.0
,948.0,569.0,368.0,1009.0,,93.0,1210.0,,,,1280.0,678.0,748.0,1064.0,582.0,,1006.0,612.0,,326.0,1246.0,,1186.0,470.0
,712.0,1278.0,115.0,729.0,,32.0,1187.0,,,,337.0,1194.0,639.0,1268.0,683.0,,262.0,546.0,,652.0,125.0,,86.0,96.0
,944.0,1014.0,759.0,1299.0,,1082.0,710.0,,,,1178.0,496.0,1007.0,839.0,1298.0,,83.0,56.0,,707.0,664.0,,54.0,215.0
,54.0,801.0,627.0,487.0,,782.0,60.0,,,,36.0,391.0,1103.0,894.0,1241.0,,690.0,931.0,,234.0,126.0,,1309.0,1229.0
,942.0,565.0,1310.0,1231.0,,1008.0,1101.0,,,,559.0,1115.0,1136.0,50.0,1245.0,,183.0,369.0,,458.0,747.0,,1243.0,1209.0
,1319.0,1128.0,1155.0,1153.0,,149.0,6.0,,,,584.0,1067.0,1178.0,448.0,370.0,,1212.0,1176.0,,85.0,211.0,,604.0,864.0
,359.0,530.0,1274.0,584.0,,599.0,537.0,,,,832.0,173.0,228.0,383.0,1174.0,,1228.0,385.0,,970.0,272.0,,474.0,92.0
,998.0,1043.0,821.0,223.0,,867.0,111.0,,,,1104.0,429.0,1174.0,15.0,336.0,,768.0,695.0,,867.0,869.0,,1196.0,1067.0
,378.0,703.0,347.0,1041.0,,311.0,1054.0,,,,1077.0,140.0,1289.0,405.0,1150.0,,1019.0,213.0,,16.0,827.0,,484.0,462.0
,740.0,83.0,843.0,192.0,,1060.0,267.0,,,,405.0,220.0,401.0,374.0,325.0,,1240.0,189.0,,694.0,481.0,,1141.0,1236.0
,607.0,324.0,669.0,767.0,,1099.0,858.0,,,,989.0,593.0,811.0,25.0,627.0,,1076.0,120.0,,1183.0,351.0,,219.0,773.0
,1251.0,555.0,511.0,168.0,,771.0,50.0,,,,518.0,1073.0,531.0,597.0,87.0,,658.0,276.0,,199.0,575.0,,1026.0,869.0
,451.0,667.0,1018.0,42.0,,515.0,7.0,,,,1192.0,207.0,163.0,677.0,1125.0,,1134.0,31.0,,726.0,569.0,,595.0,368.0
,290.0,1069.0,686.0,867.0,,1304.0,159.0,,,,633.0,707.0,617.0,261.0,776.0,,1032.0,527.0,,1205.0,1317.0,,240.0,1127.0
,552.0,346.0,309.0,1070.0,,524.0,20.0,,,,283.0,103.0,631.0,224.0,703.0,,956.0,481.0,,89.0,209.0,,988.0,834.0
,73.0,716.0,889.0,678.0,,116.0,247.0,,,,1269.0,691.0,1170.0,566.0,726.0,,639.0,16.0,,62.0,361.0,,748.0,388.0
,180.0,501.0,574.0,877.0,,1151.0,1142.0,,,,284.0,1130.0,24.0,511.0,1191.0,,845.0,477.0,,1292.0,750.0,,88.0,971.0
,466.0,1015.0,88.0,1175.0,,448.0,597.0,,,,903.0,1227.0,872.0,718.0,681.0,,1289.0,670.0,,697.0,913.0,,1224.0,1005.0
,605.0,140.0,731.0,607.0,,712.0,449.0,,,,90.0,703.0,508.0,1177.0,379.0,,1086.0,1256.0,,1138.0,157.0,,2.0,715.0
,973.0,582.0,1230.0,247.0,,238.0,1256.0,,,,543.0,904.0,1152.0,1300.0,828.0,,1323.0,1247.0,,182.0,326.0,,951.0,142.0
,1154.0,1317.0,864.0,966.0,,137.0,862.0,,,,281.0,319.0,759.0,823.0,273.0,,902.0,564.0,,607.0,749.0,,258.0,1135.0
,853.0,296.0,457.0,88.0,,835.0,156.0,,,,497.0,812.0,980.0,31.0,948.0,,155.0,173.0,,425.0,584.0,,860.0,292.0
,1018.0,841.0,163.0,1323.0,,184.0,660.0,,,,719.0,501.0,204.0,989.0,127.0,,234.0,72.0,,189.0,548.0,,167.0,688.0
,337.0,1179.0,341.0,977.0,,477.0,252.0,,,,794.0,599.0,516.0,1302.0,856.0,,1127.0,512.0,,184.0,1083.0,,85.0,496.0
,1227.0,568.0,840.0,825.0,,586.0,1002.0,,,,306.0,250.0,166.0,941.0,408.0,,1101.0,232.0,,225.0,910.0,,846.0,193.0
,254.0,45.0,35.0,538.0,,259.0,321.0,,,,1067.0,985.0,694.0,469.0,596.0,,143.0,818.0,,1035.0,674.0,,964.0,119.0
,45.0,571.0,680.0,32.0,,362.0,382.0,,,,1043.0,744.0,591.0,921.0,436.0,,120.0,1132.0,,38.0,276.0,,203.0,524.0
,344.0,132.0,867.0,356.0,,1294.0,933.0,,,,1225.0,1162.0,995.0,63.0,958.0,,250.0,289.0,,1038.0,1089.0,,614.0,350.0
,919.0,949.0,1080.0,117.0,,325.0,845.0,,,,358.0,149.0,278.0,1039.0,950.0,,648.0,242.0,,674.0,586.0,,17.0,101.0
,1297.0,121.0,753.0,1045.0,,1198.0,1265.0,,,,610.0,386.0,1263.0,980.0,1071.0,,778.0,734.0,,719.0,1178.0,,628.0,1069.0
,534.0,831.0,870.0,562.0,,776.0,364.0,,,,142.0,1058.0,41.0,754.0,1121.0,,994.0,459.0,,1135.0,713.0,,217.0,234.0
,120.0,1037.0,937.0,1316.0,,761.0,1235.0,,,,58.0,118.0,1024.0,437.0,962.0,,581.0,127.0,,332.0,85.0,,601.0,1196.0
,533.0,1131.0,626.0,175.0,,358.0,264.0,,,,683.0,592.0,1201.0,1005.0,1162.0,,1123.0,664.0,,595.0,1286.0,,5.0,414.0
,1081.0,661.0,878.0,842.0,,386.0,705.0,,,,1311.0,530.0,1148.0,670.0,218.0,,1000.0,116.0,,1221.0,923.0,,355.0,456.0
,790.0,489.0,478.0,1133.0,,584.0,78.0,,,,244.0,1230.0,1056.0,1020.0,203.0,,301.0,408.0,,908.0,1261.0,,687.0,371.0
,56.0,1068.0,231.0,695.0,,567.0,561.0,,,,1170.0,1021.0,220.0,788.0,1030.0,,934.0,1078.0,,52.0,633.0,,1237.0,865.0
,1034.0,893.0,1164.0,930.0,,679.0,384.0,,,,190.0,163.0,718.0,263.0,837.0,,1196.0,1278.0,,906.0,873.0,,112.0,252.0
,250.0,1083.0,367.0,1029.0,,43.0,71.0,,,,539.0,449.0,623.0,499.0,122.0,,1027.0,963.0,,1276.0,343.0,,477.0,824.0
,393.0,243.0,934.0,1106.0,,1143.0,785.0,,,,678.0,1323.0,846.0,28.0,661.0,,670.0,442.0,,428.0,837.0,,46.0,418.0
,538.0,1201.0,614.0,325.0,,35.0,212.0,,,,57.0,420.0,481.0,1221.0,560.0,,746.0,194.0,,523.0,978.0,,98.0,523.0
,1067.0,991.0,952.0,623.0,,1085.0,1138.0,,,,1273.0,823.0,37.0,1071.0,1186.0,,1179.0,852.0,,1169.0,192.0,,999.0,240.0
,931.0,298.0,785.0,276.0,,444.0,985.0,,,,666.0,967.0,1266.0,127.0,872.0,,925.0,1068.0,,181.0,80.0,,788.0,505.0
,395.0,422.0,1057.0,212.0,,251.0,636.0,,,,168.0,935.0,1280.0,196.0,994.0,,1015.0,553.0,,635.0,928.0,,795.0,407.0
,418.0,1249.0,974.0,385.0,,799.0,572.0,,,,438.0,47.0,1028.0,636.0,327.0,,766.0,715.0,,921.0,337.0,,1130.0,628.0
,941.0,1112.0,1221.0,36.0,,1202.0,963.0,,,,691.0,604.0,217.0,227.0,976.0,,773.0,552.0,,802.0,865.0,,38.0,325.0
,1145.0,1110.0,1067.0,345.0,,192.0,10.0,,,,503.0,674.0,1054.0,776.0,118.0,,1281.0,290.0,,1249.0,221.0,,737.0,467.0
,499.0,1283.0,397.0,1032.0,,287.0,1118.0,,,,169.0,911.0,56.0,287.0,492.0,,1078.0,1083.0,,1255.0,479.0,,849.0,503.0
,614.0,924.0,892.0,889.0,,967.0,236.0,,,,1302.0,656.0,102.0,942.0,1276.0,,296.0,364.0,,432.0,46.0,,567.0,757.0
,551.0,169.0,678.0,403.0,,509.0,618.0,,,,629.0,690.0,1287.0,1179.0,66.0,,23.0,791.0,,904.0,975.0,,1207.0,450.0
,49.0,839.0,1289.0,736.0,,1106.0,292.0,,,,612.0,689.0,966.0,1151.0,624.0,,717.0,595.0,,202.0,666.0,,106.0,785.0
,849.0,542.0,47.0,1149.0,,894.0,673.0,,,,919.0,926.0,849.0,203.0,668.0,,493.0,679.0,,1268.0,661.0,,398.0,661.0
,332.0,584.0,639.0,467.0,,865.0,686.0,,,,711.0,19.0,10.0,1038.0,639.0,,514.0,1235.0,,423.0,705.0,,213.0,1138.0
,1019.0,1221.0,22.0,1300.0,,672.0,1076.0,,,,680.0,1097.0,385.0,1037.0,346.0,,1315.0,96.0,,1182.0,416.0,,236.0,1286.0
,84.0,1226.0,295.0,507.0,,521.0,196.0,,,,699.0,143.0,538.0,280.0,641.0,,1311.0,804.0,,1007.0,669.0,,1310.0,249.0
,856.0,718.0,1284.0,1230.0,,398.0,23.0,,,,488.0,485.0,9.0,10.0,163.0,,207.0,714.0,,113.0,200.0,,1161.0,509.0
,572.0,77.0,848.0,1180.0,,1007.0,894.0,,,,913.0,634.0,732.0,637.0,552.0,,987.0,1084.0,,853.0,1152.0,,309.0,183.0
,1104.0,1045.0,382.0,134.0,,347.0,1228.0,,,,656.0,826.0,295.0,598.0,860.0,,1106.0,674.0,,891.0,1158.0,,1129.0,288.0
,447.0,650.0,812.0,622.0,,801.0,447.0,,,,935.0,332.0,487.0,1030.0,505.0,,559.0,756.0,,1057.0,188.0,,1126.0,480.0
,1087.0,933.0,317.0,1040.0,,113.0,832.0,,,,516.0,178.0,60.0,1131.0,4.0,,682.0,884.0,,1257.0,776.0,,958.0,10.0
,1314.0,1005.0,1181.0,307.0,,700.0,702.0,,,,743.0,1210.0,1001.0,814.0,1261.0,,429.0,392.0,,328.0,1055.0,,568.0,772.0
,506.0,1161.0,28.0,,,955.0,38.0,,,,292.0,65.0,311.0,1270.0,182.0,,1308.0,101.0,,530.0,684.0,,269.0,1294.0
,1072.0,1056.0,417.0,,,858.0,1029.0,,,,821.0,1124.0,879.0,411.0,1236.0,,561.0,1221.0,,12.0,880.0,,646.0,367.0
,134.0,965.0,1185.0,,,435.0,184.0,,,,1161.0,748.0,676.0,307.0,825.0,,891.0,1257.0,,1282.0,68.0,,551.0,1227.0
,229.0,457.0,1099.0,,,843.0,72.0,,,,760.0,844.0,210.0,,32.0,,854.0,251.0,,763.0,231.0,,1177.0,510.0
,821.0,301.0,559.0,,,1308.0,1173.0,,,,1219.0,956.0,772.0,,60.0,,1120.0,383.0,,273.0,1018.0,,936.0,605.0
,259.0,368.0,490.0,,,378.0,969.0,,,,490.0,273.0,765.0,,358.0,,884.0,675.0,,421.0,1237.0,,1006.0,422.0
,145.0,1262.0,379.0,,,1180.0,483.0,,,,1271.0,970.0,733.0,,1092.0,,757.0,136.0,,297.0,100.0,,843.0,941.0
,1130.0,975.0,596.0,,,439.0,907.0,,,,571.0,983.0,354.0,,630.0,,541.0,1027.0,,493.0,370.0,,768.0,1059.0
,1287.0,369.0,484.0,,,711.0,399.0,,,,114.0,498.0,275.0,,1285.0,,490.0,62.0,,713.0,434.0,,806.0,301.0
,158.0,168.0,460.0,,,1192.0,869.0,,,,35.0,605.0,287.0,,1043.0,,1041.0,61.0,,877.0,1128.0,,716.0,60.0
,263.0,344.0,849.0,,,52.0,245.0,,,,1296.0,897.0,632.0,,982.0,,812.0,407.0,,869.0,897.0,,504.0,829.0
,582.0,135.0,496.0,,,882.0,233.0,,,,675.0,1171.0,711.0,,767.0,,525.0,806.0,,753.0,1087.0,,786.0,927.0
,763.0,570.0,1229.0,,,733.0,285.0,,,,548.0,950.0,758.0,,799.0,,858.0,97.0,,658.0,783.0,,262.0,280.0
,312.0,471.0,815.0,,,906.0,1237.0,,,,767.0,658.0,493.0,,924.0,,253.0,22.0,,257.0,836.0,,225.0,1293.0
,507.0,1065.0,1215.0,,,709.0,607.0,,,,502.0,615.0,611.0,,10.0,,550.0,267.0,,409.0,225.0,,1297.0,271.0
,296.0,644.0,1134.0,,,690.0,511.0,,,,204.0,693.0,384.0,,179.0,,8.0,1254.0,,1108.0,406.0,,881.0,362.0
,234.0,936.0,996.0,,,1095.0,882.0,,,,859.0,720.0,1033.0,,437.0,,396.0,1043.0,,17.0,1186.0,,666.0,471.0
,1074.0,1152.0,1231.0,,,768.0,57.0,,,,375.0,402.0,604.0,,897.0,,663.0,122.0,,327.0,205.0,,329.0,164.0
,1313.0,1085.0,1295.0,,,719.0,1111.0,,,,64.0,376.0,997.0,,819.0,,914.0,864.0,,589.0,1251.0,,576.0,117.0
,679.0,1286.0,39.0,,,104.0,342.0,,,,956.0,960.0,1245.0,,531.0,,1156.0,986.0,,377.0,355.0,,1228.0,247.0
,311.0,1082.0,701.0,,,856.0,161.0,,,,1123.0,1236.0,258.0,,425.0,,999.0,246.0,,1260.0,1088.0,,912.0,1251.0
,1002.0,1080.0,339.0,,,917.0,336.0,,,,102.0,157.0,1301.0,,1012.0,,115.0,594.0,,898.0,762.0,,558.0,192.0
,603.0,192.0,533.0,,,957.0,333.0,,,,1089.0,672.0,322.0,,1072.0,,952.0,978.0,,931.0,1115.0,,458.0,873.0
,1284.0,1254.0,1300.0,,,443.0,230.0,,,,953.0,1292.0,940.0,,223.0,,254.0,1185.0,,1175.0,226.0,,1008.0,943.0
,836.0,256.0,776.0,,,911.0,682.0,,,,508.0,232.0,1225.0,,895.0,,1025.0,138.0,,1317.0,21.0,,943.0,697.0
,908.0,363.0,537.0,,,235.0,1120.0,,,,240.0,836.0,854.0,,842.0,,477.0,226.0,,1112.0,711.0,,809.0,1322.0
,307.0,1000.0,991.0,,,978.0,1238.0,,,,471.0,167.0,581.0,,1004.0,,616.0,831.0,,917.0,1167.0,,1194.0,360.0
,,546.0,16.0,,,1207.0,789.0,,,,1078.0,339.0,1093.0,,769.0,,363.0,224.0,,496.0,757.0,,337.0,426.0
,,322.0,34.0,,,1236.0,689.0,,,,1005.0,994.0,211.0,,664.0,,825.0,252.0,,1087.0,919.0,,814.0,516.0
,,627.0,659.0,,,482.0,551.0,,,,1299.0,786.0,114.0,,162.0,,929.0,1062.0,,143.0,217.0,,665.0,887.0
,,470.0,1002.0,,,703.0,1119.0,,,,1243.0,944.0,827.0,,1146.0,,721.0,936.0,,437.0,17.0,,1067.0,788.0
,,1203.0,418.0,,,59.0,76.0,,,,9.0,314.0,1212.0,,282.0,,983.0,880.0,,822.0,102.0,,138.0,258.0
,,365.0,242.0,,,708.0,446.0,,,,1153.0,1137.0,288.0,,568.0,,959.0,415.0,,997.0,723.0,,556.0,86.0
,,393.0,819.0,,,427.0,408.0,,,,804.0,1187.0,387.0,,260.0,,226.0,210.0,,200.0,940.0,,1240.0,841.0
,,762.0,608.0,,,64.0,440.0,,,,1065.0,125.0,739.0,,17.0,,862.0,38.0,,754.0,647.0,,202.0,1110.0
,,139.0,1283.0,,,1276.0,782.0,,,,1205.0,948.0,1207.0,,275.0,,214.0,789.0,,272.0,290.0,,914.0,1078.0
,,1202.0,1023.0,,,773.0,951.0,,,,947.0,198.0,999.0,,1002.0,,489.0,784.0,,666.0,325.0,,229.0,1171.0
,,1277.0,154.0,,,916.0,1121.0,,,,412.0,1214.0,366.0,,882.0,,700.0,1315.0,,974.0,1166.0,,660.0,1153.0
,,967.0,1268.0,,,286.0,431.0,,,,1056.0,571.0,273.0,,262.0,,203.0,666.0,,400.0,592.0,,927.0,232.0
,,944.0,1324.0,,,629.0,487.0,,,,346.0,903.0,15.0,,585.0,,868.0,1263.0,,1072.0,1097.0,,517.0,354.0
,,372.0,138.0,,,234.0,222.0,,,,1238.0,1000.0,269.0,,868.0,,900.0,99.0,,756.0,417.0,,1280.0,121.0
,,250.0,357.0,,,543.0,155.0,,,,707.0,505.0,550.0,,1074.0,,539.0,1237.0,,1223.0,582.0,,624.0,377.0
,,86.0,839.0,,,1027.0,697.0,,,,180.0,573.0,539.0,,838.0,,45.0,994.0,,663.0,277.0,,1182.0,349.0
,,1074.0,244.0,,,1246.0,139.0,,,,296.0,228.0,469.0,,970.0,,960.0,1153.0,,407.0,847.0,,325.0,775.0
,,852.0,1145.0,,,78.0,1223.0,,,,1075.0,1114.0,881.0,,514.0,,907.0,883.0,,522.0,561.0,,882.0,81.0
,,230.0,262.0,,,707.0,204.0,,,,980.0,210.0,644.0,,908.0,,558.0,678.0,,192.0,45.0,,223.0,1000.0
,,614.0,631.0,,,962.0,1312.0,,,,706.0,581.0,170.0,,180.0,,775.0,25.0,,1234.0,967.0,,1162.0,1203.0
,,305.0,687.0,,,164.0,940.0,,,,1060.0,981.0,902.0,,84.0,,971.0,1301.0,,59.0,448.0,,572.0,905.0
,,733.0,1040.0,,,1097.0,679.0,,,,788.0,847.0,1185.0,,1318.0,,737.0,449.0,,649.0,572.0,,703.0,110.0
,,521.0,724.0,,,627.0,210.0,,,,836.0,260.0,388.0,,1255.0,,1.0,457.0,,1104.0,608.0,,1131.0,130.0
,,390.0,816.0,,,1068.0,1250.0,,,,373.0,1159.0,253.0,,998.0,,131.0,750.0,,45.0,174.0,,413.0,125.0
,,1223.0,1205.0,,,649.0,477.0,,,,1228.0,1267.0,462.0,,1097.0,,1023.0,405.0,,725.0,716.0,,617.0,823.0
,,869.0,763.0,,,1080.0,634.0,,,,631.0,741.0,88.0,,1259.0,,810.0,993.0,,1042.0,494.0,,434.0,54.0
,,706.0,1254.0,,,611.0,749.0,,,,768.0,1.0,928.0,,1178.0,,310.0,787.0,,1217.0,198.0,,574.0,308.0
,,912.0,480.0,,,698.0,834.0,,,,1315.0,580.0,789.0,,283.0,,1292.0,334.0,,480.0,153.0,,331.0,778.0
,,536.0,118.0,,,428.0,1060.0,,,,1217.0,427.0,968.0,,995.0,,1107.0,278.0,,969.0,1177.0,,1192.0,115.0
,,279.0,488.0,,,752.0,110.0,,,,690.0,364.0,691.0,,61.0,,249.0,690.0,,632.0,179.0,,664.0,56.0
,,849.0,695.0,,,1042.0,943.0,,,,845.0,40.0,752.0,,660.0,,153.0,999.0,,22.0,603.0,,581.0,469.0
,,1090.0,1063.0,,,308.0,359.0,,,,135.0,589.0,1267.0,,751.0,,733.0,1156.0,,64.0,1116.0,,1054.0,239.0
,,88.0,1237.0,,,945.0,168.0,,,,171.0,326.0,1161.0,,54.0,,381.0,437.0,,531.0,694.0,,1315.0,1256.0
,,894.0,459.0,,,194.0,182.0,,,,189.0,906.0,736.0,,146.0,,962.0,1158.0,,781.0,366.0,,416.0,399.0
,,1034.0,589.0,,,224.0,348.0,,,,1155.0,136.0,314.0,,169.0,,656.0,221.0,,25.0,395.0,,1295.0,889.0
,,388.0,652.0,,,1262.0,765.0,,,,1266.0,464.0,494.0,,862.0,,547.0,302.0,,65.0,809.0,,1051.0,636.0
,,127.0,769.0,,,397.0,746.0,,,,1069.0,1113.0,895.0,,1173.0,,727.0,360.0,,1143.0,75.0,,777.0,917.0
,,1208.0,446.0,,,968.0,1115.0,,,,272.0,1075.0,79.0,,249.0,,1297.0,1073.0,,1174.0,1130.0,,1292.0,255.0
,,1211.0,651.0,,,568.0,861.0,,,,271.0,1102.0,141.0,,328.0,,582.0,1195.0,,154.0,943.0,,351.0,242.0
,,783.0,732.0,,,361.0,1244.0,,,,42.0,626.0,197.0,,748.0,,694.0,400.0,,1137.0,1011.0,,475.0,1121.0
,,164.0,1073.0,,,1147.0,1055.0,,,,81.0,407.0,1100.0,,185.0,,1184.0,1037.0,,382.0,350.0,,275.0,175.0
,,364.0,142.0,,,670.0,114.0,,,,741.0,1123.0,1188.0,,132.0,,1109.0,161.0,,1279.0,303.0,,461.0,1010.0
,,812.0,83.0,,,850.0,127.0,,,,319.0,535.0,1316.0,,351.0,,171.0,570.0,,393.0,1149.0,,1311.0,795.0
,,776.0,786.0,,,914.0,133.0,,,,679.0,540.0,1309.0,,990.0,,599.0,1013.0,,220.0,964.0,,720.0,755.0
,,222.0,931.0,,,480.0,767.0,,,,972.0,715.0,1052.0,,1314.0,,332.0,26.0,,293.0,1121.0,,457.0,318.0
,,260.0,198.0,,,1298.0,300.0,,,,926.0,93.0,450.0,,377.0,,779.0,271.0,,1250.0,651.0,,149.0,434.0
,,592.0,186.0,,,793.0,1073.0,,,,738.0,296.0,1127.0,,1063.0,,1245.0,643.0,,548.0,791.0,,832.0,592.0
,,228.0,449.0,,,499.0,1140.0,,,,293.0,945.0,326.0,,153.0,,146.0,1236.0,,968.0,813.0,,1064.0,491.0
,,979.0,332.0,,,631.0,979.0,,,,1227.0,1167.0,663.0,,621.0,,1310.0,2.0,,920.0,675.0,,1029.0,1115.0
,,424.0,594.0,,,37.0,880.0,,,,987.0,988.0,510.0,,829.0,,777.0,769.0,,39.0,410.0,,1178.0,956.0
,,178.0,797.0,,,770.0,194.0,,,,113.0,389.0,350.0,,873.0,,25.0,45.0,,241.0,736.0,,1169.0,1308.0
,,1188.0,1008.0,,,556.0,393.0,,,,182.0,804.0,414.0,,1019.0,,847.0,160.0,,29.0,170.0,,158.0,620.0
,,1150.0,1118.0,,,683.0,761.0,,,,570.0,738.0,316.0,,238.0,,128.0,1118.0,,1043.0,1058.0,,1072.0,220.0
,,750.0,647.0,,,170.0,1099.0,,,,302.0,698.0,1067.0,,850.0,,641.0,507.0,,138.0,508.0,,1264.0,282.0
,,1077.0,1267.0,,,506.0,518.0,,,,325.0,248.0,171.0,,1070.0,,807.0,862.0,,1302.0,731.0,,797.0,647.0
,,1063.0,1262.0,,,1253.0,531.0,,,,746.0,781.0,568.0,,804.0,,853.0,94.0,,233.0,261.0,,1125.0,1126.0
,,820.0,270.0,,,652.0,25.0,,,,116.0,1164.0,1016.0,,886.0,,1005.0,145.0,,114.0,947.0,,102.0,684.0
,,187.0,979.0,,,1037.0,438.0,,,,264.0,49.0,149.0,,286.0,,835.0,555.0,,796.0,465.0,,632.0,1258.0
,,525.0,378.0,,,473.0,1252.0,,,,216.0,769.0,829.0,,993.0,,317.0,192.0,,1321.0,926.0,,1142.0,323.0
,,182.0,661.0,,,172.0,1052.0,,,,150.0,879.0,309.0,,861.0,,160.0,629.0,,376.0,606.0,,822.0,385.0
,,515.0,1005.0,,,1083.0,758.0,,,,1171.0,1179.0,1271.0,,410.0,,828.0,668.0,,126.0,797.0,,836.0,929.0
,,549.0,617.0,,,1133.0,887.0,,,,1053.0,1319.0,224.0,,1026.0,,1061.0,235.0,,655.0,605.0,,864.0,162.0
,,753.0,762.0,,,777.0,1260.0,,,,805.0,100.0,526.0,,545.0,,384.0,669.0,,1186.0,737.0,,791.0,767.0
,,304.0,330.0,,,1258.0,855.0,,,,982.0,972.0,554.0,,171.0,,600.0,826.0,,213.0,1027.0,,1114.0,401.0
,,1294.0,503.0,,,745.0,1189.0,,,,1251.0,835.0,524.0,,910.0,,964.0,1011.0,,717.0,203.0,,350.0,181.0
,,699.0,252.0,,,1324.0,1088.0,,,,996.0,760.0,472.0,,3.0,,1058.0,1110.0,,35.0,899.0,,246.0,742.0
,,819.0,1241.0,,,20.0,146.0,,,,981.0,279.0,340.0,,959.0,,1003.0,631.0,,895.0,976.0,,301.0,925.0
,,539.0,1126.0,,,645.0,1072.0,,,,752.0,783.0,585.0,,1243.0,,1013.0,1097.0,,1281.0,162.0,,1100.0,859.0
,,253.0,414.0,,,196.0,416.0,,,,763.0,145.0,1204.0,,1165.0,,1324.0,320.0,,961.0,470.0,,978.0,1030.0
,,1071.0,775.0,,,1268.0,540.0,,,,329.0,405.0,544.0,,150.0,,1189.0,0.0,,924.0,761.0,,298.0,1095.0
,,225.0,104.0,,,415.0,1319.0,,,,937.0,1029.0,169.0,,45.0,,754.0,301.0,,259.0,523.0,,956.0,1174.0
,,1133.0,529.0,,,828.0,1137.0,,,,1040.0,331.0,641.0,,575.0,,552.0,935.0,,369.0,1259.0,,1013.0,858.0
,,294.0,468.0,,,602.0,778.0,,,,519.0,1131.0,282.0,,706.0,,367.0,1191.0,,103.0,358.0,,967.0,1274.0
,,215.0,1192.0,,,1252.0,556.0,,,,527.0,1133.0,891.0,,654.0,,330.0,689.0,,520.0,294.0,,824.0,504.0
,,1049.0,1030.0,,,1052.0,1019.0,,,,762.0,1315.0,963.0,,1224.0,,1150.0,835.0,,1.0,1201.0,,160.0,1239.0
,,80.0,620.0,,,615.0,516.0,,,,589.0,380.0,1073.0,,1005.0,,1073.0,394.0,,71.0,48.0,,924.0,315.0
,,978.0,476.0,,,1299.0,1171.0,,,,945.0,262.0,42.0,,254.0,,1286.0,1271.0,,946.0,312.0,,1262.0,818.0
,,1123.0,688.0,,,111.0,1323.0,,,,869.0,193.0,525.0,,311.0,,1054.0,763.0,,487.0,778.0,,1189.0,1248.0
,,796.0,825.0,,,802.0,94.0,,,,545.0,1222.0,122.0,,615.0,,1178.0,1163.0,,1106.0,1314.0,,224.0,670.0
,,1306.0,1297.0,,,384.0,656.0,,,,998.0,856.0,116.0,,7.0,,673.0,1023.0,,553.0,1122.0,,701.0,842.0
,,798.0,540.0,,,264.0,19.0,,,,721.0,1063.0,14.0,,1268.0,,90.0,618.0,,806.0,487.0,,819.0,931.0
,,449.0,420.0,,,158.0,131.0,,,,195.0,725.0,1283.0,,37.0,,181.0,1144.0,,494.0,775.0,,467.0,166.0
,,935.0,717.0,,,1047.0,87.0,,,,474.0,1174.0,505.0,,476.0,,515.0,315.0,,125.0,558.0,,441.0,1279.0
,,58.0,353.0,,,868.0,389.0,,,,1114.0,563.0,194.0,,896.0,,1142.0,1309.0,,463.0,1150.0,,118.0,1245.0
,,791.0,1142.0,,,108.0,881.0,,,,104.0,481.0,360.0,,996.0,,764.0,794.0,,752.0,218.0,,90.0,279.0
,,211.0,997.0,,,921.0,253.0,,,,1193.0,584.0,740.0,,500.0,,846.0,954.0,,1278.0,348.0,,970.0,514.0
,,478.0,597.0,,,974.0,719.0,,,,243.0,650.0,283.0,,400.0,,368.0,157.0,,127.0,236.0,,620.0,717.0
,,1126.0,228.0,,,474.0,721.0,,,,851.0,930.0,745.0,,298.0,,621.0,1228.0,,1141.0,144.0,,516.0,339.0
,,519.0,316.0,,,388.0,835.0,,,,61.0,474.0,509.0,,922.0,,1052.0,135.0,,236.0,848.0,,995.0,642.0
,,114.0,628.0,,,805.0,748.0,,,,83.0,377.0,130.0,,903.0,,450.0,550.0,,686.0,870.0,,1253.0,937.0
,,980.0,523.0,,,1025.0,1263.0,,,,383.0,218.0,187.0,,511.0,,39.0,780.0,,478.0,532.0,,1238.0,1001.0
,,1193.0,298.0,,,862.0,317.0,,,,966.0,811.0,1184.0,,529.0,,706.0,245.0,,48.0,1107.0,,442.0,264.0
,,745.0,1279.0,,,1287.0,125.0,,,,370.0,681.0,1116.0,,1164.0,,756.0,905.0,,998.0,1056.0,,1137.0,761.0
,,1218.0,452.0,,,621.0,766.0,,,,321.0,434.0,1261.0,,1247.0,,454.0,499.0,,849.0,556.0,,850.0,681.0
,,1252.0,471.0,,,647.0,1220.0,,,,11.0,245.0,1105.0,,77.0,,455.0,781.0,,1307.0,951.0,,1004.0,708.0
,,89.0,157.0,,,206.0,58.0,,,,28.0,254.0,627.0,,508.0,,815.0,718.0,,30.0,407.0,,296.0,677.0
,,488.0,1095.0,,,1077.0,429.0,,,,1177.0,947.0,866.0,,1190.0,,414.0,1216.0,,218.0,704.0,,1083.0,1145.0
,,816.0,1129.0,,,527.0,371.0,,,,112.0,840.0,511.0,,366.0,,1266.0,729.0,,644.0,1235.0,,1089.0,1066.0
,,269.0,1049.0,,,339.0,219.0,,,,174.0,673.0,334.0,,587.0,,484.0,435.0,,786.0,256.0,,44.0,723.0
,,1155.0,719.0,,,846.0,1023.0,,,,1128.0,652.0,1079.0,,961.0,,570.0,995.0,,894.0,1119.0,,1314.0,798.0
,,402.0,546.0,,,188.0,106.0,,,,650.0,417.0,927.0,,382.0,,10.0,1079.0,,905.0,542.0,,1001.0,895.0
,,38.0,633.0,,,664.0,279.0,,,,1084.0,777.0,108.0,,100.0,,660.0,473.0,,275.0,902.0,,170.0,352.0
,,460.0,1059.0,,,624.0,327.0,,,,866.0,984.0,8.0,,798.0,,1206.0,468.0,,1067.0,734.0,,48.0,472.0
,,714.0,444.0,,,626.0,180.0,,,,1154.0,233.0,328.0,,1305.0,,947.0,1291.0,,839.0,419.0,,829.0,1054.0
,,205.0,798.0,,,977.0,215.0,,,,389.0,123.0,1187.0,,226.0,,174.0,159.0,,424.0,317.0,,238.0,660.0
,,1086.0,984.0,,,1040.0,612.0,,,,864.0,281.0,697.0,,383.0,,42.0,1038.0,,629.0,1064.0,,599.0,852.0
,,689.0,544.0,,,464.0,18.0,,,,422.0,341.0,413.0,,34.0,,975.0,111.0,,604.0,176.0,,684.0,95.0
,,21.0,1065.0,,,171.0,1145.0,,,,988.0,142.0,346.0,,607.0,,992.0,1286.0,,1083.0,1205.0,,643.0,1176.0
,,896.0,38.0,,,1134.0,663.0,,,,1221.0,940.0,1041.0,,954.0,,358.0,397.0,,1254.0,568.0,,997.0,16.0
,,795.0,77.0,,,56.0,573.0,,,,193.0,246.0,1180.0,,361.0,,643.0,866.0,,1160.0,1168.0,,745.0,716.0
,,375.0,1.0,,,1210.0,504.0,,,,685.0,1287.0,182.0,,1287.0,,204.0,462.0,,370.0,239.0,,371.0,402.0
,,939.0,366.0,,,97.0,103.0,,,,761.0,648.0,1133.0,,386.0,,99.0,1019.0,,596.0,1159.0,,143.0,13.0
,,233.0,634.0,,,128.0,809.0,,,,311.0,21.0,1135.0,,616.0,,107.0,249.0,,790.0,799.0,,43.0,429.0
,,1314.0,1105.0,,,1162.0,281.0,,,,138.0,951.0,216.0,,523.0,,843.0,1126.0,,988.0,950.0,,676.0,334.0
,,698.0,462.0,,,465.0,36.0,,,,830.0,1313.0,974.0,,807.0,,824.0,636.0,,210.0,143.0,,210.0,735.0
,,331.0,212.0,,,654.0,885.0,,,,1165.0,649.0,1176.0,,53.0,,1177.0,571.0,,231.0,881.0,,533.0,599.0
,,103.0,921.0,,,310.0,998.0,,,,310.0,756.0,276.0,,866.0,,982.0,1240.0,,584.0,77.0,,247.0,6.0
,,469.0,187.0,,,1301.0,1182.0,,,,129.0,740.0,775.0,,1199.0,,1303.0,441.0,,310.0,972.0,,468.0,66.0
,,657.0,828.0,,,437.0,169.0,,,,863.0,385.0,192.0,,241.0,,400.0,346.0,,797.0,1099.0,,746.0,939.0
,,1324.0,48.0,,,368.0,1212.0,,,,363.0,1017.0,1114.0,,1242.0,,208.0,1213.0,,878.0,311.0,,520.0,145.0
,,202.0,25.0,,,433.0,683.0,,,,6.0,817.0,1008.0,,974.0,,657.0,285.0,,1303.0,1054.0,,198.0,391.0
,,889.0,1052.0,,,366.0,195.0,,,,714.0,562.0,398.0,,69.0,,1148.0,304.0,,359.0,570.0,,790.0,1049.0
,,907.0,193.0,,,1130.0,1083.0,,,,38.0,552.0,852.0,,264.0,,263.0,310.0,,1062.0,908.0,,925.0,913.0
,,1143.0,230.0,,,1049.0,567.0,,,,156.0,764.0,643.0,,869.0,,524.0,37.0,,1238.0,260.0,,515.0,1028.0
,,504.0,930.0,,,28.0,141.0,,,,149.0,934.0,704.0,,894.0,,385.0,77.0,,1168.0,72.0,,244.0,1266.0
,,237.0,423.0,,,1227.0,412.0,,,,153.0,1027.0,1239.0,,481.0,,121.0,398.0,,1180.0,639.0,,231.0,1211.0
,,351.0,955.0,,,790.0,819.0,,,,238.0,636.0,561.0,,229.0,,1020.0,241.0,,551.0,240.0,,899.0,165.0
,,196.0,1305.0,,,207.0,781.0,,,,509.0,18.0,798.0,,874.0,,817.0,460.0,,340.0,598.0,,733.0,128.0
,,615.0,670.0,,,211.0,64.0,,,,1057.0,22.0,386.0,,198.0,,710.0,73.0,,81.0,1281.0,,1061.0,1290.0
,,669.0,1061.0,,,1105.0,120.0,,,,578.0,221.0,135.0,,847.0,,898.0,984.0,,958.0,930.0,,538.0,1231.0
,,420.0,562.0,,,1249.0,604.0,,,,492.0,383.0,1274.0,,788.0,,566.0,817.0,,188.0,758.0,,280.0,88.0
,,826.0,1047.0,,,545.0,1116.0,,,,895.0,146.0,471.0,,190.0,,1082.0,625.0,,19.0,927.0,,732.0,171.0
,,1089.0,1182.0,,,230.0,740.0,,,,16.0,141.0,790.0,,957.0,,124.0,1150.0,,338.0,1142.0,,952.0,1267.0
,,862.0,18.0,,,270.0,1001.0,,,,37.0,1282.0,337.0,,724.0,,154.0,927.0,,307.0,826.0,,1056.0,629.0
,,1032.0,568.0,,,1204.0,485.0,,,,404.0,890.0,944.0,,717.0,,532.0,169.0,,,594.0,,847.0,1281.0
,,441.0,1100.0,,,77.0,263.0,,,,1293.0,1317.0,1163.0,,80.0,,319.0,1148.0,,,2.0,,722.0,754.0
,,1311.0,509.0,,,689.0,820.0,,,,1083.0,450.0,821.0,,200.0,,340.0,1160.0,,,267.0,,953.0,257.0
,,485.0,483.0,,,411.0,908.0,,,,844.0,110.0,138.0,,667.0,,720.0,1223.0,,,638.0,,206.0,973.0
,,962.0,938.0,,,163.0,421.0,,,,431.0,472.0,705.0,,1304.0,,744.0,483.0,,,97.0,,585.0,593.0
,,620.0,149.0,,,159.0,486.0,,,,230.0,886.0,463.0,,469.0,,783.0,1260.0,,,619.0,,357.0,986.0
,,1121.0,643.0,,,106.0,44.0,,,,348.0,274.0,961.0,,581.0,,905.0,1280.0,,,1171.0,,926.0,1168.0
,,98.0,1021.0,,,787.0,379.0,,,,1195.0,303.0,942.0,,426.0,,1265.0,1199.0,,,16.0,,1244.0,17.0
,,1132.0,629.0,,,750.0,492.0,,,,72.0,1307.0,986.0,,642.0,,859.0,388.0,,,432.0,,1092.0,974.0
,,540.0,338.0,,,767.0,1154.0,,,,181.0,1178.0,695.0,,231.0,,145.0,914.0,,,535.0,,682.0,1181.0
,,803.0,42.0,,,10.0,1035.0,,,,781.0,1235.0,1014.0,,571.0,,344.0,1287.0,,,1260.0,,1289.0,582.0
,,242.0,844.0,,,142.0,323.0,,,,615.0,938.0,793.0,,864.0,,61.0,413.0,,,463.0,,742.0,433.0
,,315.0,1256.0,,,926.0,1293.0,,,,462.0,627.0,47.0,,329.0,,91.0,554.0,,,777.0,,1252.0,374.0
,,624.0,12.0,,,71.0,922.0,,,,489.0,1245.0,162.0,,301.0,,1113.0,1225.0,,,341.0,,146.0,358.0
,,794.0,335.0,,,1129.0,500.0,,,,434.0,1119.0,634.0,,86.0,,305.0,561.0,,,850.0,,549.0,861.0
,,911.0,654.0,,,964.0,1314.0,,,,1035.0,1094.0,52.0,,833.0,,583.0,8.0,,,1102.0,,285.0,967.0
,,465.0,552.0,,,842.0,1208.0,,,,671.0,701.0,126.0,,355.0,,1291.0,476.0,,,1200.0,,83.0,535.0
,,741.0,951.0,,,406.0,82.0,,,,904.0,264.0,133.0,,263.0,,769.0,59.0,,,988.0,,438.0,24.0
,,55.0,389.0,,,323.0,481.0,,,,885.0,561.0,5.0,,364.0,,231.0,1313.0,,,89.0,,340.0,23.0
,,63.0,87.0,,,785.0,952.0,,,,581.0,351.0,73.0,,520.0,,1152.0,719.0,,,625.0,,681.0,748.0
,,1303.0,809.0,,,1024.0,411.0,,,,999.0,1038.0,874.0,,666.0,,428.0,865.0,,,722.0,,292.0,73.0
,,961.0,658.0,,,891.0,274.0,,,,109.0,788.0,877.0,,65.0,,1174.0,454.0,,,1243.0,,100.0,424.0
,,989.0,650.0,,,1295.0,600.0,,,,349.0,637.0,1003.0,,889.0,,834.0,736.0,,,1272.0,,1290.0,259.0
,,1204.0,1293.0,,,382.0,269.0,,,,647.0,1314.0,1251.0,,806.0,,269.0,901.0,,,518.0,,1104.0,160.0
,,1118.0,229.0,,,18.0,1126.0,,,,0.0,1232.0,66.0,,1027.0,,1290.0,1056.0,,,1175.0,,525.0,794.0
,,1027.0,1029.0,,,860.0,346.0,,,,1184.0,1224.0,1175.0,,708.0,,1192.0,318.0,,,103.0,,297.0,1143.0
,,142.0,1033.0,,,1205.0,272.0,,,,147.0,1273.0,242.0,,1020.0,,375.0,848.0,,,392.0,,178.0,146.0
,,577.0,209.0,,,332.0,638.0,,,,1076.0,1085.0,1062.0,,204.0,,1160.0,286.0,,,212.0,,382.0,1073.0
,,498.0,513.0,,,674.0,462.0,,,,997.0,1301.0,721.0,,418.0,,1098.0,832.0,,,414.0,,52.0,729.0
,,8.0,822.0,,,874.0,548.0,,,,40.0,514.0,589.0,,12.0,,939.0,307.0,,,539.0,,327.0,1136.0
,,418.0,292.0,,,466.0,1209.0,,,,93.0,114.0,1317.0,,747.0,,698.0,,,,1016.0,,998.0,511.0
,,829.0,27.0,,,803.0,596.0,,,,223.0,465.0,0.0,,151.0,,1264.0,,,,679.0,,1250.0,1099.0
,,686.0,93.0,,,678.0,415.0,,,,200.0,979.0,132.0,,1288.0,,1319.0,,,,771.0,,679.0,431.0
,,923.0,272.0,,,241.0,774.0,,,,1019.0,828.0,236.0,,1249.0,,579.0,,,,580.0,,534.0,312.0
,,1119.0,1166.0,,,440.0,762.0,,,,626.0,822.0,952.0,,707.0,,575.0,,,,429.0,,1273.0,322.0
,,1114.0,422.0,,,797.0,557.0,,,,636.0,801.0,67.0,,172.0,,186.0,,,,36.0,,30.0,410.0
,,252.0,993.0,,,312.0,659.0,,,,456.0,565.0,255.0,,839.0,,321.0,,,,1138.0,,1202.0,151.0
,,885.0,697.0,,,1020.0,977.0,,,,13.0,336.0,750.0,,176.0,,562.0,,,,94.0,,116.0,845.0
,,1307.0,40.0,,,588.0,11.0,,,,334.0,1106.0,35.0,,123.0,,1187.0,,,,563.0,,1053.0,231.0
,,725.0,223.0,,,354.0,965.0,,,,617.0,345.0,373.0,,40.0,,1031.0,,,,241.0,,929.0,476.0
,,1215.0,1016.0,,,1277.0,268.0,,,,175.0,28.0,661.0,,44.0,,1157.0,,,,538.0,,779.0,1319.0
,,1137.0,86.0,,,438.0,857.0,,,,50.0,160.0,936.0,,911.0,,930.0,,,,1147.0,,818.0,1318.0
,,557.0,679.0,,,110.0,648.0,,,,43.0,842.0,503.0,,1104.0,,1043.0,,,,271.0,,1143.0,1038.0
,,370.0,1108.0,,,459.0,982.0,,,,1117.0,126.0,925.0,,199.0,,681.0,,,,676.0,,694.0,655.0
,,586.0,427.0,,,1138.0,1041.0,,,,1284.0,813.0,1164.0,,672.0,,984.0,,,,925.0,,868.0,299.0
,,1243.0,1240.0,,,205.0,615.0,,,,385.0,852.0,154.0,,64.0,,348.0,,,,768.0,,1063.0,1051.0
,,708.0,572.0,,,105.0,1221.0,,,,134.0,156.0,343.0,,117.0,,784.0,,,,1123.0,,948.0,1310.0
,,744.0,810.0,,,1087.0,878.0,,,,46.0,1074.0,1043.0,,216.0,,1071.0,,,,398.0,,76.0,847.0
,,770.0,1245.0,,,436.0,1216.0,,,,376.0,1285.0,119.0,,459.0,,985.0,,,,309.0,,119.0,52.0
,,378.0,1280.0,,,817.0,385.0,,,,892.0,206.0,528.0,,348.0,,1138.0,,,,957.0,,603.0,167.0
,,398.0,900.0,,,1215.0,988.0,,,,451.0,489.0,837.0,,1094.0,,709.0,,,,1238.0,,598.0,67.0
,,767.0,1055.0,,,736.0,1047.0,,,,107.0,98.0,696.0,,931.0,,303.0,,,,298.0,,366.0,578.0
,,93.0,210.0,,,346.0,1309.0,,,,1.0,294.0,1018.0,,464.0,,557.0,,,,1250.0,,152.0,1238.0
,,823.0,583.0,,,520.0,201.0,,,,155.0,215.0,1074.0,,857.0,,1136.0,,,,1096.0,,1052.0,627.0
,,1048.0,1174.0,,,6.0,260.0,,,,732.0,1050.0,882.0,,712.0,,1226.0,,,,728.0,,880.0,1292.0
,,379.0,752.0,,,1102.0,1267.0,,,,212.0,120.0,783.0,,413.0,,129.0,,,,756.0,,53.0,600.0
,,585.0,1242.0,,,587.0,426.0,,,,286.0,454.0,345.0,,964.0,,288.0,,,,590.0,,1015.0,758.0
,,678.0,987.0,,,1091.0,989.0,,,,408.0,572.0,394.0,,1036.0,,1143.0,,,,433.0,,1003.0,244.0
,,1055.0,704.0,,,321.0,792.0,,,,823.0,440.0,165.0,,1168.0,,1118.0,,,,1105.0,,494.0,669.0
,,872.0,1151.0,,,271.0,603.0,,,,1092.0,729.0,537.0,,493.0,,1149.0,,,,800.0,,1043.0,835.0
,,1320.0,164.0,,,540.0,836.0,,,,48.0,1072.0,808.0,,309.0,,1033.0,,,,49.0,,973.0,39.0
,,1135.0,593.0,,,697.0,1022.0,,,,126.0,774.0,140.0,,803.0,,1084.0,,,,1180.0,,636.0,473.0
,,157.0,227.0,,,373.0,1232.0,,,,881.0,85.0,22.0,,331.0,,794.0,,,,1030.0,,1166.0,923.0
,,763.0,718.0,,,403.0,54.0,,,,381.0,1215.0,991.0,,62.0,,494.0,,,,1296.0,,135.0,138.0
,,954.0,1087.0,,,305.0,430.0,,,,362.0,1062.0,770.0,,1099.0,,857.0,,,,667.0,,638.0,343.0
,,361.0,259.0,,,1305.0,296.0,,,,453.0,919.0,1026.0,,1113.0,,1170.0,,,,300.0,,671.0,711.0
,,1235.0,915.0,,,193.0,938.0,,,,332.0,1271.0,590.0,,647.0,,906.0,,,,230.0,,827.0,346.0
,,799.0,313.0,,,4.0,387.0,,,,931.0,490.0,541.0,,1112.0,,241.0,,,,842.0,,1050.0,79.0
,,688.0,401.0,,,98.0,657.0,,,,854.0,318.0,784.0,,527.0,,1004.0,,,,352.0,,317.0,1190.0
,,1173.0,852.0,,,1003.0,946.0,,,,1188.0,5.0,979.0,,417.0,,290.0,,,,111.0,,1203.0,12.0
,,932.0,453.0,,,212.0,8.0,,,,829.0,188.0,582.0,,1223.0,,467.0,,,,979.0,,500.0,381.0
,,442.0,287.0,,,740.0,804.0,,,,841.0,418.0,956.0,,1079.0,,1260.0,,,,84.0,,728.0,1044.0
,,858.0,538.0,,,900.0,61.0,,,,605.0,1146.0,213.0,,863.0,,782.0,,,,58.0,,884.0,909.0
,,566.0,493.0,,,570.0,731.0,,,,795.0,620.0,608.0,,195.0,,1237.0,,,,733.0,,49.0,1220.0
,,195.0,243.0,,,1178.0,1148.0,,,,888.0,116.0,1238.0,,1309.0,,535.0,,,,889.0,,183.0,555.0
,,1078.0,173.0,,,639.0,331.0,,,,1210.0,159.0,203.0,,19.0,,856.0,,,,59.0,,1286.0,109.0
,,477.0,308.0,,,454.0,59.0,,,,1168.0,502.0,1306.0,,1234.0,,961.0,,,,412.0,,529.0,540.0
,,955.0,543.0,,,666.0,564.0,,,,625.0,272.0,595.0,,597.0,,867.0,,,,165.0,,544.0,307.0
,,246.0,663.0,,,774.0,975.0,,,,1129.0,863.0,946.0,,302.0,,399.0,,,,895.0,,404.0,
,,1315.0,1265.0,,,375.0,837.0,,,,802.0,419.0,368.0,,1144.0,,282.0,,,,578.0,,1184.0,
,,1108.0,1211.0,,,510.0,910.0,,,,131.0,1197.0,853.0,,1196.0,,224.0,,,,613.0,,424.0,
,,292.0,1006.0,,,1006.0,842.0,,,,482.0,854.0,247.0,,63.0,,1288.0,,,,626.0,,33.0,
,,183.0,1266.0,,,780.0,391.0,,,,248.0,226.0,338.0,,973.0,,132.0,,,,342.0,,1097.0,
,,18.0,307.0,,,252.0,494.0,,,,1137.0,204.0,1191.0,,1252.0,,149.0,,,,1070.0,,826.0,
,,405.0,,,,55.0,961.0,,,,620.0,621.0,1051.0,,792.0,,850.0,,,,942.0,,1285.0,
,,300.0,,,,187.0,386.0,,,,899.0,497.0,1049.0,,859.0,,728.0,,,,566.0,,739.0,
,,19.0,,,,488.0,46.0,,,,1257.0,850.0,883.0,,458.0,,1022.0,,,,1292.0,,796.0,
,,665.0,,,,640.0,135.0,,,,663.0,1202.0,1307.0,,1300.0,,466.0,,,,362.0,,752.0,
,,695.0,,,,316.0,1303.0,,,,124.0,771.0,6.0,,566.0,,264.0,,,,1209.0,,892.0,
,,213.0,,,,502.0,527.0,,,,911.0,922.0,638.0,,152.0,,423.0,,,,1072.0,,1009.0,
,,562.0,,,,786.0,1262.0,,,,73.0,0.0,618.0,,605.0,,424.0,,,,1145.0,,463.0,
,,743.0,,,,39.0,718.0,,,,1246.0,1239.0,1057.0,,1250.0,,438.0,,,,983.0,,513.0,
,,1285.0,,,,1039.0,1170.0,,,,275.0,323.0,465.0,,904.0,,508.0,,,,457.0,,1210.0,
,,1302.0,,,,478.0,1152.0,,,,440.0,1068.0,1097.0,,885.0,,528.0,,,,893.0,,828.0,
,,373.0,,,,84.0,871.0,,,,688.0,155.0,1089.0,,1208.0,,1211.0,,,,244.0,,469.0,
,,259.0,,,,969.0,631.0,,,,958.0,469.0,570.0,,540.0,,233.0,,,,833.0,,1159.0,
,,210.0,,,,30.0,534.0,,,,1024.0,117.0,185.0,,989.0,,84.0,,,,618.0,,563.0,
,,310.0,,,,1183.0,315.0,,,,436.0,169.0,131.0,,147.0,,1314.0,,,,449.0,,734.0,
,,332.0,,,,294.0,208.0,,,,1232.0,910.0,1324.0,,334.0,,762.0,,,,887.0,,518.0,
,,755.0,,,,498.0,1201.0,,,,902.0,503.0,843.0,,594.0,,896.0,,,,1216.0,,78.0,
,,348.0,,,,229.0,905.0,,,,797.0,849.0,241.0,,565.0,,791.0,,,,774.0,,14.0,
,,1030.0,,,,601.0,919.0,,,,501.0,360.0,971.0,,1306.0,,745.0,,,,145.0,,668.0,
,,554.0,,,,606.0,1271.0,,,,303.0,512.0,468.0,,478.0,,1263.0,,,,189.0,,242.0,
,,165.0,,,,844.0,512.0,,,,1006.0,335.0,408.0,,396.0,,476.0,,,,115.0,,444.0,
,,362.0,,,,102.0,973.0,,,,646.0,416.0,515.0,,524.0,,255.0,,,,1219.0,,1084.0,
,,1280.0,,,,748.0,714.0,,,,984.0,834.0,535.0,,775.0,,1278.0,,,,86.0,,344.0,
,,759.0,,,,593.0,377.0,,,,100.0,11.0,600.0,,362.0,,350.0,,,,399.0,,81.0,
,,232.0,,,,1150.0,591.0,,,,269.0,461.0,893.0,,1248.0,,1241.0,,,,825.0,,62.0,
,,479.0,,,,124.0,31.0,,,,566.0,452.0,680.0,,1106.0,,276.0,,,,467.0,,1322.0,
,,1044.0,,,,1313.0,12.0,,,,232.0,1078.0,619.0,,650.0,,139.0,,,,477.0,,944.0,
,,1016.0,,,,86.0,853.0,,,,446.0,765.0,719.0,,756.0,,123.0,,,,1157.0,,1235.0,
,,399.0,,,,898.0,187.0,,,,1239.0,443.0,156.0,,468.0,,237.0,,,,364.0,,207.0,
,,1109.0,,,,145.0,786.0,,,,1109.0,750.0,1099.0,,256.0,,1130.0,,,,547.0,,1088.0,
,,24.0,,,,659.0,578.0,,,,1090.0,259.0,969.0,,1237.0,,134.0,,,,858.0,,816.0,
,,901.0,,,,167.0,173.0,,,,483.0,582.0,844.0,,675.0,,1121.0,,,,773.0,,1260.0,
,,274.0,,,,1169.0,406.0,,,,921.0,242.0,118.0,,822.0,,1169.0,,,,896.0,,1036.0,
,,920.0,,,,553.0,735.0,,,,459.0,122.0,1059.0,,102.0,,434.0,,,,1021.0,,208.0,
,,728.0,,,,757.0,1146.0,,,,380.0,33.0,1196.0,,314.0,,365.0,,,,8.0,,1066.0,
,,318.0,,,,1057.0,276.0,,,,684.0,441.0,838.0,,1151.0,,152.0,,,,315.0,,1041.0,
,,1011.0,,,,233.0,98.0,,,,1018.0,397.0,753.0,,148.0,,915.0,,,,681.0,,713.0,
,,184.0,,,,1200.0,132.0,,,,893.0,719.0,457.0,,449.0,,32.0,,,,219.0,,1272.0,
,,437.0,,,,493.0,574.0,,,,542.0,614.0,792.0,,865.0,,69.0,,,,1003.0,,693.0,
,,227.0,,,,491.0,1007.0,,,,941.0,1309.0,597.0,,1068.0,,887.0,,,,476.0,,429.0,
,,948.0,,,,832.0,355.0,,,,1079.0,1142.0,1144.0,,632.0,,341.0,,,,735.0,,550.0,
,,692.0,,,,592.0,741.0,,,,328.0,1080.0,1248.0,,112.0,,751.0,,,,699.0,,712.0,
,,905.0,,,,240.0,1113.0,,,,816.0,236.0,546.0,,1103.0,,261.0,,,,818.0,,782.0,
,,982.0,,,,209.0,942.0,,,,320.0,1200.0,1252.0,,827.0,,736.0,,,,795.0,,1195.0,
,,888.0,,,,671.0,495.0,,,,591.0,442.0,281.0,,193.0,,85.0,,,,62.0,,991.0,
,,1323.0,,,,135.0,42.0,,,,661.0,819.0,1305.0,,757.0,,92.0,,,,1155.0,,1128.0,
,,152.0,,,,781.0,458.0,,,,526.0,1107.0,1122.0,,184.0,,855.0,,,,567.0,,322.0,
,,1099.0,,,,551.0,63.0,,,,1033.0,1243.0,136.0,,702.0,,222.0,,,,1322.0,,1077.0,
,,528.0,,,,315.0,334.0,,,,268.0,166.0,433.0,,499.0,,1188.0,,,,631.0,,1138.0,
,,1267.0,,,,1191.0,1168.0,,,,701.0,876.0,1147.0,,71.0,,1053.0,,,,955.0,,589.0,
,,906.0,,,,379.0,144.0,,,,1216.0,1180.0,960.0,,1280.0,,569.0,,,,986.0,,804.0,
,,513.0,,,,133.0,528.0,,,,342.0,1010.0,647.0,,333.0,,544.0,,,,18.0,,330.0,
,,391.0,,,,913.0,1226.0,,,,1320.0,957.0,44.0,,101.0,,786.0,,,,38.0,,808.0,
,,48.0,,,,907.0,417.0,,,,1173.0,1220.0,1119.0,,206.0,,500.0,,,,937.0,,560.0,
,,652.0,,,,416.0,1133.0,,,,1167.0,883.0,577.0,,935.0,,236.0,,,,252.0,,866.0,
,,180.0,,,,692.0,993.0,,,,939.0,1302.0,1128.0,,510.0,,1124.0,,,,60.0,,981.0,
,,134.0,,,,1322.0,262.0,,,,317.0,912.0,1279.0,,1141.0,,135.0,,,,845.0,,1157.0,
,,289.0,,,,169.0,47.0,,,,473.0,1221.0,1143.0,,96.0,,1141.0,,,,719.0,,348.0,
,,1127.0,,,,595.0,29.0,,,,407.0,998.0,574.0,,522.0,,322.0,,,,285.0,,569.0,
,,382.0,,,,1214.0,235.0,,,,853.0,128.0,363.0,,692.0,,806.0,,,,856.0,,553.0,
,,149.0,,,,455.0,0.0,,,,1013.0,1165.0,1215.0,,1240.0,,1039.0,,,,965.0,,3.0,
,,711.0,,,,721.0,1215.0,,,,964.0,731.0,1208.0,,9.0,,832.0,,,,1135.0,,9.0,
,,239.0,,,,1247.0,848.0,,,,1020.0,655.0,628.0,,1271.0,,1044.0,,,,1053.0,,750.0,
,,338.0,,,,511.0,1318.0,,,,725.0,732.0,33.0,,1049.0,,646.0,,,,885.0,,82.0,
,,727.0,,,,199.0,554.0,,,,517.0,205.0,117.0,,431.0,,513.0,,,,173.0,,1219.0,
,,843.0,,,,583.0,662.0,,,,84.0,533.0,1235.0,,1317.0,,0.0,,,,545.0,,1259.0,
,,1246.0,,,,899.0,918.0,,,,49.0,78.0,518.0,,1211.0,,1216.0,,,,933.0,,499.0,
,,1066.0,,,,530.0,1297.0,,,,53.0,553.0,11.0,,637.0,,487.0,,,,1282.0,,34.0,
,,141.0,,,,1231.0,107.0,,,,861.0,1019.0,794.0,,1179.0,,504.0,,,,101.0,,1266.0,
,,438.0,,,,613.0,954.0,,,,344.0,932.0,779.0,,1282.0,,686.0,,,,1285.0,,1085.0,
,,37.0,,,,549.0,229.0,,,,1321.0,1169.0,1009.0,,1054.0,,390.0,,,,956.0,,1150.0,
,,191.0,,,,1196.0,1206.0,,,,117.0,182.0,1085.0,,1102.0,,871.0,,,,133.0,,965.0,
,,988.0,,,,612.0,1231.0,,,,20.0,1077.0,98.0,,1272.0,,325.0,,,,289.0,,1086.0,
,,634.0,,,,225.0,624.0,,,,250.0,880.0,23.0,,471.0,,684.0,,,,281.0,,79.0,
,,567.0,,,,63.0,675.0,,,,1147.0,1005.0,280.0,,652.0,,355.0,,,,544.0,,8.0,
,,116.0,,,,236.0,797.0,,,,770.0,373.0,55.0,,213.0,,343.0,,,,782.0,,718.0,
,,910.0,,,,265.0,1074.0,,,,1255.0,824.0,87.0,,762.0,,93.0,,,,601.0,,284.0,
,,1216.0,,,,798.0,265.0,,,,115.0,1056.0,352.0,,235.0,,443.0,,,,316.0,,661.0,
,,679.0,,,,637.0,365.0,,,,356.0,131.0,424.0,,918.0,,285.0,,,,368.0,,256.0,
,,1042.0,,,,1278.0,851.0,,,,1136.0,475.0,587.0,,304.0,,445.0,,,,485.0,,335.0,
,,1134.0,,,,903.0,496.0,,,,478.0,1211.0,124.0,,555.0,,808.0,,,,659.0,,1256.0,
,,461.0,,,,619.0,1061.0,,,,561.0,974.0,701.0,,633.0,,1210.0,,,,839.0,,1145.0,
,,738.0,,,,34.0,294.0,,,,644.0,271.0,40.0,,1110.0,,1279.0,,,,515.0,,259.0,
,,235.0,,,,200.0,138.0,,,,672.0,1252.0,876.0,,1279.0,,1230.0,,,,1165.0,,1074.0,
,,1228.0,,,,742.0,968.0,,,,1187.0,224.0,909.0,,734.0,,849.0,,,,963.0,,615.0,
,,462.0,,,,541.0,165.0,,,,241.0,1013.0,831.0,,946.0,,996.0,,,,155.0,,754.0,
,,757.0,,,,423.0,586.0,,,,818.0,284.0,1229.0,,388.0,,286.0,,,,922.0,,760.0,
,,1136.0,,,,855.0,1020.0,,,,703.0,881.0,158.0,,1067.0,,1295.0,,,,397.0,,939.0,
,,109.0,,,,760.0,1219.0,,,,1145.0,973.0,351.0,,578.0,,431.0,,,,5.0,,977.0,
,,1171.0,,,,1045.0,1102.0,,,,655.0,483.0,864.0,,1055.0,,1018.0,,,,328.0,,776.0,
,,857.0,,,,937.0,1195.0,,,,1222.0,90.0,1045.0,,31.0,,177.0,,,,732.0,,307.0,
,,303.0,,,,1093.0,921.0,,,,736.0,230.0,113.0,,429.0,,729.0,,,,1233.0,,,
,,339.0,,,,886.0,489.0,,,,785.0,1093.0,1273.0,,72.0,,772.0,,,,946.0,,,
,,1170.0,,,,625.0,568.0,,,,1213.0,798.0,482.0,,1256.0,,995.0,,,,336.0,,,
,,815.0,,,,1209.0,1157.0,,,,624.0,307.0,277.0,,78.0,,1236.0,,,,273.0,,,
,,130.0,,,,559.0,913.0,,,,819.0,,249.0,,893.0,,693.0,,,,755.0,,,
,,1308.0,,,,764.0,1013.0,,,,1048.0,,583.0,,313.0,,283.0,,,,190.0,,,
,,307.0,,,,949.0,1184.0,,,,234.0,,199.0,,438.0,,14.0,,,,730.0,,,
,,,,,,859.0,345.0,,,,173.0,,178.0,,279.0,,608.0,,,,386.0,,,
,,,,,,53.0,1091.0,,,,449.0,,61.0,,59.0,,979.0,,,,249.0,,,
,,,,,,1230.0,284.0,,,,588.0,,534.0,,1238.0,,1088.0,,,,223.0,,,
,,,,,,1213.0,1011.0,,,,33.0,,358.0,,981.0,,1296.0,,,,118.0,,,
,,,,,,216.0,640.0,,,,70.0,,226.0,,1205.0,,398.0,,,,1316.0,,,
,,,,,,13.0,769.0,,,,340.0,,551.0,,939.0,,18.0,,,,668.0,,,
,,,,,,759.0,56.0,,,,111.0,,1255.0,,353.0,,1215.0,,,,788.0,,,
,,,,,,902.0,350.0,,,,598.0,,251.0,,1303.0,,1274.0,,,,1187.0,,,
,,,,,,973.0,801.0,,,,68.0,,173.0,,562.0,,209.0,,,,1033.0,,,
,,,,,,1282.0,1277.0,,,,784.0,,1298.0,,13.0,,472.0,,,,546.0,,,
,,,,,,62.0,420.0,,,,747.0,,1210.0,,482.0,,73.0,,,,430.0,,,
,,,,,,50.0,1098.0,,,,289.0,,1296.0,,759.0,,440.0,,,,1231.0,,,
,,,,,,876.0,1104.0,,,,1068.0,,302.0,,470.0,,62.0,,,,844.0,,,
,,,,,,288.0,316.0,,,,345.0,,420.0,,321.0,,496.0,,,,43.0,,,
,,,,,,1250.0,872.0,,,,513.0,,374.0,,978.0,,923.0,,,,172.0,,,
,,,,,,337.0,26.0,,,,308.0,,1082.0,,513.0,,712.0,,,,443.0,,,
,,,,,,1.0,434.0,,,,1096.0,,977.0,,1257.0,,158.0,,,,159.0,,,
,,,,,,958.0,736.0,,,,1014.0,,324.0,,174.0,,1059.0,,,,617.0,,,
,,,,,,442.0,309.0,,,,1279.0,,483.0,,1262.0,,633.0,,,,319.0,,,
,,,,,,239.0,85.0,,,,977.0,,1155.0,,1239.0,,592.0,,,,82.0,,,
,,,,,,1219.0,873.0,,,,668.0,,778.0,,1078.0,,708.0,,,,1302.0,,,
,,,,,,129.0,425.0,,,,510.0,,896.0,,41.0,,307.0,,,,888.0,,,
,,,,,,257.0,1063.0,,,,564.0,,712.0,,240.0,,,,,,1069.0,,,
,,,,,,594.0,524.0,,,,1174.0,,1038.0,,916.0,,,,,,1256.0,,,
,,,,,,1073.0,398.0,,,,229.0,,486.0,,971.0,,,,,,154.0,,,
,,,,,,359.0,980.0,,,,955.0,,1159.0,,779.0,,,,,,841.0,,,
,,,,,,327.0,803.0,,,,99.0,,860.0,,1075.0,,,,,,640.0,,,
,,,,,,197.0,847.0,,,,664.0,,578.0,,16.0,,,,,,330.0,,,
,,,,,,481.0,301.0,,,,24.0,,109.0,,686.0,,,,,,1211.0,,,
,,,,,,561.0,75.0,,,,378.0,,209.0,,367.0,,,,,,1269.0,,,
,,,,,,177.0,912.0,,,,1008.0,,479.0,,266.0,,,,,,435.0,,,
,,,,,,617.0,1284.0,,,,751.0,,375.0,,1222.0,,,,,,204.0,,,
,,,,,,675.0,807.0,,,,1305.0,,888.0,,47.0,,,,,,493.0,,,
,,,,,,228.0,1018.0,,,,1286.0,,1203.0,,579.0,,,,,,554.0,,,
,,,,,,49.0,616.0,,,,228.0,,256.0,,512.0,,,,,,98.0,,,
,,,,,,972.0,1040.0,,,,192.0,,543.0,,783.0,,,,,,25.0,,,
,,,,,,31.0,1027.0,,,,505.0,,1154.0,,483.0,,,,,,150.0,,,
,,,,,,65.0,798.0,,,,1275.0,,1173.0,,690.0,,,,,,811.0,,,
,,,,,,837.0,220.0,,,,809.0,,1288.0,,820.0,,,,,,655.0,,,
,,,,,,138.0,875.0,,,,444.0,,233.0,,416.0,,,,,,124.0,,,
,,,,,,831.0,953.0,,,,905.0,,1300.0,,113.0,,,,,,139.0,,,
,,,,,,717.0,305.0,,,,1107.0,,1042.0,,1109.0,,,,,,52.0,,,
,,,,,,840.0,1236.0,,,,161.0,,1101.0,,1277.0,,,,,,1111.0,,,
,,,,,,500.0,1156.0,,,,815.0,,1243.0,,764.0,,,,,,15.0,,,
,,,,,,1179.0,936.0,,,,896.0,,1131.0,,1058.0,,,,,,663.0,,,
,,,,,,723.0,164.0,,,,217.0,,816.0,,629.0,,,,,,1207.0,,,
,,,,,,40.0,771.0,,,,1201.0,,1189.0,,730.0,,,,,,333.0,,,
,,,,,,1142.0,995.0,,,,76.0,,329.0,,1003.0,,,,,,1126.0,,,
,,,,,,983.0,498.0,,,,839.0,,579.0,,826.0,,,,,,65.0,,,
,,,,,,1241.0,1006.0,,,,702.0,,1183.0,,1082.0,,,,,,1181.0,,,
,,,,,,1136.0,670.0,,,,364.0,,284.0,,967.0,,,,,,506.0,,,
,,,,,,247.0,1070.0,,,,210.0,,266.0,,772.0,,,,,,1029.0,,,
,,,,,,1113.0,1051.0,,,,336.0,,517.0,,320.0,,,,,,742.0,,,
,,,,,,971.0,625.0,,,,485.0,,490.0,,1042.0,,,,,,602.0,,,
,,,,,,1248.0,1042.0,,,,1258.0,,205.0,,257.0,,,,,,1151.0,,,
,,,,,,1140.0,768.0,,,,339.0,,1108.0,,194.0,,,,,,413.0,,,
,,,,,,1279.0,108.0,,,,1070.0,,566.0,,1047.0,,,,,,804.0,,,
,,,,,,57.0,100.0,,,,1250.0,,939.0,,253.0,,,,,,41.0,,,
,,,,,,998.0,1093.0,,,,694.0,,279.0,,506.0,,,,,,1183.0,,,
,,,,,,1079.0,752.0,,,,849.0,,565.0,,507.0,,,,,,557.0,,,
,,,,,,1319.0,366.0,,,,628.0,,310.0,,1077.0,,,,,,654.0,,,
,,,,,,91.0,66.0,,,,990.0,,814.0,,354.0,,,,,,146.0,,,
,,,,,,824.0,653.0,,,,208.0,,1090.0,,427.0,,,,,,1217.0,,,
,,,,,,290.0,560.0,,,,477.0,,824.0,,124.0,,,,,,156.0,,,
,,,,,,1226.0,1158.0,,,,593.0,,347.0,,1226.0,,,,,,359.0,,,
,,,,,,682.0,709.0,,,,1283.0,,369.0,,265.0,,,,,,549.0,,,
,,,,,,1030.0,432.0,,,,355.0,,970.0,,1324.0,,,,,,1137.0,,,
,,,,,,313.0,838.0,,,,214.0,,933.0,,768.0,,,,,,1161.0,,,
,,,,,,198.0,499.0,,,,1028.0,,144.0,,207.0,,,,,,503.0,,,
,,,,,,660.0,1198.0,,,,537.0,,72.0,,349.0,,,,,,637.0,,,
,,,,,,1189.0,437.0,,,,783.0,,922.0,,539.0,,,,,,91.0,,,
,,,,,,1261.0,608.0,,,,621.0,,106.0,,580.0,,,,,,307.0,,,
,,,,,,1176.0,1105.0,,,,856.0,,747.0,,1175.0,,,,,,,,,
,,,,,,1005.0,1108.0,,,,1254.0,,445.0,,1089.0,,,,,,,,,
,,,,,,392.0,816.0,,,,1116.0,,1044.0,,28.0,,,,,,,,,
,,,,,,23.0,1080.0,,,,427.0,,1046.0,,699.0,,,,,,,,,
,,,,,,634.0,1180.0,,,,202.0,,1086.0,,1157.0,,,,,,,,,
,,,,,,350.0,1124.0,,,,307.0,,371.0,,1302.0,,,,,,,,,
,,,,,,458.0,324.0,,,,,,845.0,,1231.0,,,,,,,,,
,,,,,,1245.0,476.0,,,,,,1313.0,,1135.0,,,,,,,,,
,,,,,,217.0,593.0,,,,,,840.0,,535.0,,,,,,,,,
,,,,,,1028.0,1186.0,,,,,,313.0,,210.0,,,,,,,,,
,,,,,,847.0,510.0,,,,,,153.0,,326.0,,,,,,,,,
,,,,,,614.0,339.0,,,,,,1036.0,,1147.0,,,,,,,,,
,,,,,,839.0,773.0,,,,,,68.0,,671.0,,,,,,,,,
,,,,,,935.0,1048.0,,,,,,238.0,,880.0,,,,,,,,,
,,,,,,424.0,205.0,,,,,,348.0,,1209.0,,,,,,,,,
,,,,,,1203.0,368.0,,,,,,410.0,,877.0,,,,,,,,,
,,,,,,1119.0,1149.0,,,,,,520.0,,658.0,,,,,,,,,
,,,,,,985.0,676.0,,,,,,815.0,,489.0,,,,,,,,,
,,,,,,1128.0,609.0,,,,,,1242.0,,1086.0,,,,,,,,,
,,,,,,879.0,166.0,,,,,,947.0,,646.0,,,,,,,,,
,,,,,,45.0,935.0,,,,,,80.0,,1024.0,,,,,,,,,
,,,,,,460.0,553.0,,,,,,668.0,,1244.0,,,,,,,,,
,,,,,,569.0,926.0,,,,,,1076.0,,43.0,,,,,,,,,
,,,,,,762.0,223.0,,,,,,1249.0,,599.0,,,,,,,,,
,,,,,,1118.0,1166.0,,,,,,951.0,,30.0,,,,,,,,,
,,,,,,300.0,211.0,,,,,,399.0,,986.0,,,,,,,,,
,,,,,,297.0,1089.0,,,,,,687.0,,1216.0,,,,,,,,,
,,,,,,946.0,452.0,,,,,,221.0,,234.0,,,,,,,,,
,,,,,,148.0,261.0,,,,,,93.0,,252.0,,,,,,,,,
,,,,,,1288.0,760.0,,,,,,889.0,,1188.0,,,,,,,,,
,,,,,,114.0,617.0,,,,,,699.0,,495.0,,,,,,,,,
,,,,,,1251.0,3.0,,,,,,86.0,,277.0,,,,,,,,,
,,,,,,685.0,629.0,,,,,,18.0,,900.0,,,,,,,,,
,,,,,,29.0,915.0,,,,,,1037.0,,969.0,,,,,,,,,
,,,,,,656.0,949.0,,,,,,1063.0,,530.0,,,,,,,,,
,,,,,,293.0,927.0,,,,,,320.0,,316.0,,,,,,,,,
,,,,,,353.0,950.0,,,,,,423.0,,212.0,,,,,,,,,
,,,,,,789.0,1214.0,,,,,,689.0,,239.0,,,,,,,,,
,,,,,,331.0,651.0,,,,,,1006.0,,1214.0,,,,,,,,,
,,,,,,635.0,113.0,,,,,,327.0,,70.0,,,,,,,,,
,,,,,,456.0,506.0,,,,,,355.0,,247.0,,,,,,,,,
,,,,,,1284.0,228.0,,,,,,172.0,,1008.0,,,,,,,,,
,,,,,,536.0,1064.0,,,,,,592.0,,1076.0,,,,,,,,,
,,,,,,5.0,962.0,,,,,,1237.0,,813.0,,,,,,,,,
,,,,,,250.0,74.0,,,,,,489.0,,5.0,,,,,,,,,
,,,,,,920.0,199.0,,,,,,422.0,,526.0,,,,,,,,,
,,,,,,1122.0,1302.0,,,,,,76.0,,1319.0,,,,,,,,,
,,,,,,243.0,903.0,,,,,,454.0,,1107.0,,,,,,,,,
,,,,,,165.0,119.0,,,,,,29.0,,1014.0,,,,,,,,,
,,,,,,1290.0,1291.0,,,,,,230.0,,285.0,,,,,,,,,
,,,,,,1139.0,674.0,,,,,,335.0,,631.0,,,,,,,,,
,,,,,,1271.0,635.0,,,,,,685.0,,202.0,,,,,,,,,
,,,,,,963.0,1030.0,,,,,,1282.0,,536.0,,,,,,,,,
,,,,,,725.0,307.0,,,,,,785.0,,725.0,,,,,,,,,
,,,,,,1199.0,,,,,,,609.0,,731.0,,,,,,,,,
,,,,,,1069.0,,,,,,,480.0,,1154.0,,,,,,,,,
,,,,,,1029.0,,,,,,,39.0,,404.0,,,,,,,,,
,,,,,,893.0,,,,,,,652.0,,516.0,,,,,,,,,
,,,,,,1153.0,,,,,,,431.0,,1195.0,,,,,,,,,
,,,,,,918.0,,,,,,,1299.0,,1290.0,,,,,,,,,
,,,,,,479.0,,,,,,,214.0,,1308.0,,,,,,,,,
,,,,,,976.0,,,,,,,274.0,,1316.0,,,,,,,,,
,,,,,,791.0,,,,,,,307.0,,51.0,,,,,,,,,
,,,,,,1320.0,,,,,,,,,487.0,,,,,,,,,
,,,,,,730.0,,,,,,,,,1296.0,,,,,,,,,
,,,,,,1123.0,,,,,,,,,82.0,,,,,,,,,
,,,,,,554.0,,,,,,,,,1069.0,,,,,,,,,
,,,,,,248.0,,,,,,,,,1045.0,,,,,,,,,
,,,,,,830.0,,,,,,,,,1028.0,,,,,,,,,
,,,,,,1044.0,,,,,,,,,1118.0,,,,,,,,,
,,,,,,517.0,,,,,,,,,300.0,,,,,,,,,
,,,,,,823.0,,,,,,,,,423.0,,,,,,,,,
,,,,,,1318.0,,,,,,,,,376.0,,,,,,,,,
,,,,,,275.0,,,,,,,,,274.0,,,,,,,,,
,,,,,,966.0,,,,,,,,,473.0,,,,,,,,,
,,,,,,731.0,,,,,,,,,968.0,,,,,,,,,
,,,,,,201.0,,,,,,,,,1142.0,,,,,,,,,
,,,,,,1086.0,,,,,,,,,852.0,,,,,,,,,
,,,,,,623.0,,,,,,,,,771.0,,,,,,,,,
,,,,,,931.0,,,,,,,,,1120.0,,,,,,,,,
,,,,,,322.0,,,,,,,,,335.0,,,,,,,,,
,,,,,,950.0,,,,,,,,,1044.0,,,,,,,,,
,,,,,,1255.0,,,,,,,,,921.0,,,,,,,,,
,,,,,,181.0,,,,,,,,,1023.0,,,,,,,,,
,,,,,,417.0,,,,,,,,,33.0,,,,,,,,,
,,,,,,25.0,,,,,,,,,22.0,,,,,,,,,
,,,,,,948.0,,,,,,,,,27.0,,,,,,,,,
,,,,,,85.0,,,,,,,,,1114.0,,,,,,,,,
,,,,,,127.0,,,,,,,,,58.0,,,,,,,,,
,,,,,,668.0,,,,,,,,,1060.0,,,,,,,,,
,,,,,,120.0,,,,,,,,,521.0,,,,,,,,,
,,,,,,648.0,,,,,,,,,292.0,,,,,,,,,
,,,,,,993.0,,,,,,,,,477.0,,,,,,,,,
,,,,,,924.0,,,,,,,,,308.0,,,,,,,,,
,,,,,,419.0,,,,,,,,,942.0,,,,,,,,,
,,,,,,168.0,,,,,,,,,687.0,,,,,,,,,
,,,,,,107.0,,,,,,,,,484.0,,,,,,,,,
,,,,,,544.0,,,,,,,,,1073.0,,,,,,,,,
,,,,,,1096.0,,,,,,,,,558.0,,,,,,,,,
,,,,,,1144.0,,,,,,,,,955.0,,,,,,,,,
,,,,,,213.0,,,,,,,,,170.0,,,,,,,,,
,,,,,,186.0,,,,,,,,,1264.0,,,,,,,,,
,,,,,,394.0,,,,,,,,,933.0,,,,,,,,,
,,,,,,118.0,,,,,,,,,368.0,,,,,,,,,
,,,,,,162.0,,,,,,,,,777.0,,,,,,,,,
,,,,,,1111.0,,,,,,,,,1167.0,,,,,,,,,
,,,,,,563.0,,,,,,,,,875.0,,,,,,,,,
,,,,,,607.0,,,,,,,,,714.0,,,,,,,,,
,,,,,,1070.0,,,,,,,,,1227.0,,,,,,,,,
,,,,,,38.0,,,,,,,,,1117.0,,,,,,,,,
,,,,,,927.0,,,,,,,,,823.0,,,,,,,,,
,,,,,,980.0,,,,,,,,,975.0,,,,,,,,,
,,,,,,449.0,,,,,,,,,192.0,,,,,,,,,
,,,,,,984.0,,,,,,,,,406.0,,,,,,,,,
,,,,,,884.0,,,,,,,,,2.0,,,,,,,,,
,,,,,,377.0,,,,,,,,,488.0,,,,,,,,,
,,,,,,1155.0,,,,,,,,,1193.0,,,,,,,,,
,,,,,,826.0,,,,,,,,,909.0,,,,,,,,,
,,,,,,96.0,,,,,,,,,365.0,,,,,,,,,
,,,,,,328.0,,,,,,,,,456.0,,,,,,,,,
,,,,,,27.0,,,,,,,,,490.0,,,,,,,,,
,,,,,,944.0,,,,,,,,,1039.0,,,,,,,,,
,,,,,,783.0,,,,,,,,,56.0,,,,,,,,,
,,,,,,203.0,,,,,,,,,187.0,,,,,,,,,
,,,,,,558.0,,,,,,,,,1.0,,,,,,,,,
,,,,,,404.0,,,,,,,,,237.0,,,,,,,,,
,,,,,,531.0,,,,,,,,,758.0,,,,,,,,,
,,,,,,1243.0,,,,,,,,,15.0,,,,,,,,,
,,,,,,1190.0,,,,,,,,,591.0,,,,,,,,,
,,,,,,494.0,,,,,,,,,577.0,,,,,,,,,
,,,,,,348.0,,,,,,,,,343.0,,,,,,,,,
,,,,,,374.0,,,,,,,,,1133.0,,,,,,,,,
,,,,,,1256.0,,,,,,,,,1033.0,,,,,,,,,
,,,,,,1187.0,,,,,,,,,786.0,,,,,,,,,
,,,,,,1043.0,,,,,,,,,394.0,,,,,,,,,
,,,,,,814.0,,,,,,,,,475.0,,,,,,,,,
,,,,,,763.0,,,,,,,,,1155.0,,,,,,,,,
,,,,,,99.0,,,,,,,,,988.0,,,,,,,,,
,,,,,,1161.0,,,,,,,,,830.0,,,,,,,,,
,,,,,,461.0,,,,,,,,,1213.0,,,,,,,,,
,,,,,,1310.0,,,,,,,,,1230.0,,,,,,,,,
,,,,,,1221.0,,,,,,,,,1189.0,,,,,,,,,
,,,,,,1149.0,,,,,,,,,626.0,,,,,,,,,
,,,,,,550.0,,,,,,,,,984.0,,,,,,,,,
,,,,,,253.0,,,,,,,,,1138.0,,,,,,,,,
,,,,,,1051.0,,,,,,,,,614.0,,,,,,,,,
,,,,,,1115.0,,,,,,,,,371.0,,,,,,,,,
,,,,,,1274.0,,,,,,,,,561.0,,,,,,,,,
,,,,,,746.0,,,,,,,,,307.0,,,,,,,,,
,,,,,,399.0,,,,,,,,,,,,,,,,,,
,,,,,,861.0,,,,,,,,,,,,,,,,,,
,,,,,,307.0,,,,,,,,,,,,,,,,,,
