run_0,run_1,run_2,run_3,run_4,run_5,run_6,run_7,run_8,run_9,run_10,run_11,run_12,run_13,run_14,run_15,run_16,run_17,run_18,run_19,run_20,run_21,run_22,run_23,run_24
1242.0,3683.0,2316.0,2188.0,2378.0,2882.0,3036.0,109.0,2299.0,2526.0,648.0,1867.0,3101.0,1714.0,1496.0,8.0,627.0,2543.0,1403.0,3355.0,447.0,2732.0,798.0,3282.0,1277.0
1581.0,2576.0,2444.0,1151.0,772.0,2992.0,2604.0,2940.0,2099.0,580.0,2921.0,1204.0,1870.0,18.0,137.0,1279.0,2686.0,3835.0,2802.0,1645.0,2428.0,1843.0,425.0,932.0,3078.0
2487.0,1584.0,2303.0,719.0,476.0,3390.0,3488.0,603.0,1274.0,3272.0,2064.0,1364.0,362.0,1827.0,1223.0,3442.0,2304.0,2591.0,2739.0,2696.0,1346.0,351.0,196.0,1423.0,3368.0
3035.0,3772.0,1739.0,2704.0,1421.0,2791.0,313.0,1275.0,124.0,2325.0,3452.0,985.0,1881.0,230.0,2441.0,1065.0,1470.0,2905.0,3207.0,3410.0,3212.0,258.0,912.0,786.0,2220.0
2628.0,2776.0,1732.0,173.0,1229.0,2835.0,2198.0,3163.0,3084.0,104.0,912.0,162.0,2448.0,3092.0,2614.0,1093.0,3416.0,805.0,1421.0,2537.0,2995.0,1362.0,2940.0,152.0,641.0
502.0,3201.0,964.0,3566.0,1725.0,3361.0,1700.0,2954.0,557.0,863.0,2603.0,2658.0,2922.0,3610.0,2812.0,1217.0,1085.0,3702.0,1196.0,1099.0,1676.0,715.0,711.0,2616.0,1133.0
2600.0,3020.0,3485.0,1756.0,491.0,1071.0,102.0,1942.0,790.0,663.0,1156.0,3209.0,2347.0,1022.0,2351.0,2824.0,3334.0,3794.0,3619.0,1560.0,644.0,3208.0,3225.0,1120.0,1621.0
88.0,2744.0,3656.0,1958.0,2343.0,3771.0,739.0,653.0,1853.0,1953.0,2728.0,2798.0,433.0,2385.0,511.0,3091.0,3207.0,1004.0,1159.0,274.0,2683.0,2613.0,3357.0,631.0,131.0
2367.0,994.0,294.0,2553.0,1490.0,3488.0,2566.0,668.0,1377.0,225.0,1003.0,1278.0,791.0,3464.0,2610.0,3590.0,1472.0,1805.0,1694.0,2325.0,1907.0,1070.0,1357.0,183.0,302.0
2992.0,3054.0,1873.0,1992.0,1171.0,1271.0,3638.0,2905.0,3463.0,1074.0,2683.0,1391.0,231.0,3130.0,3817.0,804.0,2401.0,3074.0,949.0,1527.0,989.0,430.0,3785.0,1305.0,3432.0
1219.0,52.0,3578.0,2740.0,833.0,139.0,1088.0,3074.0,1272.0,1954.0,3538.0,1683.0,1596.0,3265.0,1280.0,1317.0,475.0,1554.0,2203.0,2684.0,2813.0,1663.0,305.0,120.0,3143.0
98.0,128.0,2823.0,3417.0,961.0,2551.0,46.0,3220.0,3482.0,2852.0,2369.0,1663.0,286.0,3262.0,,1021.0,3027.0,3264.0,3265.0,79.0,1426.0,1683.0,772.0,1419.0,242.0
2610.0,1959.0,1731.0,692.0,1297.0,2580.0,3466.0,790.0,772.0,3279.0,3531.0,1847.0,2942.0,2203.0,,2832.0,855.0,2858.0,230.0,1710.0,1316.0,1847.0,3031.0,3186.0,2542.0
895.0,1252.0,673.0,2132.0,1476.0,2420.0,3341.0,3016.0,3031.0,2882.0,3066.0,3082.0,3670.0,1887.0,,340.0,770.0,2013.0,3262.0,605.0,3553.0,1364.0,1640.0,46.0,2791.0
2991.0,1251.0,812.0,2133.0,629.0,768.0,1885.0,2540.0,1640.0,163.0,2885.0,1070.0,1233.0,1552.0,,448.0,874.0,391.0,1887.0,1096.0,3231.0,3082.0,1642.0,3466.0,605.0
1222.0,3465.0,3093.0,3416.0,1343.0,2579.0,3263.0,3108.0,1642.0,335.0,434.0,1692.0,3252.0,391.0,,339.0,2784.0,2204.0,1552.0,2509.0,3413.0,1692.0,1643.0,1885.0,1096.0
1336.0,2561.0,2863.0,718.0,2894.0,1996.0,1086.0,3086.0,1643.0,1807.0,3541.0,3216.0,314.0,1421.0,,880.0,3099.0,3184.0,391.0,1824.0,2811.0,3216.0,1776.0,3263.0,2509.0
1756.0,588.0,1136.0,2747.0,581.0,2836.0,2583.0,172.0,1776.0,758.0,1210.0,1597.0,2602.0,2014.0,,3240.0,3635.0,2164.0,2014.0,1832.0,1019.0,1597.0,3481.0,2198.0,79.0
1220.0,3464.0,2518.0,972.0,601.0,315.0,3186.0,3106.0,3481.0,1955.0,1532.0,3168.0,1124.0,2164.0,,3241.0,1664.0,2616.0,2164.0,2513.0,,3168.0,3482.0,3261.0,1710.0
3407.0,1404.0,119.0,3804.0,815.0,2837.0,1419.0,791.0,1641.0,2884.0,2695.0,2478.0,3581.0,1418.0,,882.0,1016.0,2860.0,1418.0,3065.0,,2478.0,1641.0,1088.0,1099.0
1221.0,53.0,48.0,1909.0,1667.0,2549.0,631.0,2249.0,2953.0,3280.0,682.0,489.0,606.0,2585.0,,1280.0,1163.0,238.0,2585.0,3525.0,,489.0,2953.0,2859.0,1824.0
1369.0,1045.0,2269.0,625.0,3388.0,3626.0,3261.0,621.0,2955.0,2883.0,538.0,136.0,3313.0,1087.0,,3555.0,1313.0,852.0,1087.0,1849.0,,136.0,2955.0,2585.0,1832.0
3667.0,1405.0,672.0,2634.0,2319.0,3232.0,2859.0,1796.0,343.0,1728.0,73.0,1320.0,2970.0,3184.0,,1019.0,3429.0,3238.0,3184.0,242.0,,1320.0,343.0,1086.0,2513.0
893.0,3129.0,853.0,1625.0,1012.0,3556.0,121.0,724.0,344.0,22.0,2471.0,1929.0,657.0,392.0,,,1508.0,3263.0,392.0,641.0,,1929.0,1377.0,2583.0,3065.0
3668.0,2626.0,3121.0,624.0,3063.0,341.0,120.0,1139.0,2564.0,1733.0,2514.0,3064.0,3566.0,631.0,,,928.0,1086.0,631.0,3062.0,,3064.0,344.0,3341.0,3525.0
161.0,757.0,1332.0,3833.0,1850.0,449.0,1293.0,3330.0,2952.0,1956.0,2773.0,1530.0,2278.0,120.0,,,3053.0,2583.0,120.0,3143.0,,1530.0,2564.0,1005.0,1849.0
3542.0,1247.0,3615.0,3344.0,292.0,1021.0,1005.0,3107.0,305.0,487.0,3520.0,2439.0,1591.0,1419.0,,,1734.0,3186.0,1419.0,80.0,,2439.0,2952.0,1087.0,3062.0
557.0,327.0,1071.0,3435.0,1974.0,1317.0,2012.0,836.0,345.0,1447.0,2720.0,3325.0,1362.0,3186.0,,,1790.0,1419.0,3186.0,2542.0,,3325.0,345.0,121.0,80.0
2849.0,282.0,2607.0,3854.0,3076.0,292.0,2585.0,639.0,598.0,499.0,1311.0,3179.0,3395.0,46.0,,,3070.0,46.0,46.0,229.0,,3179.0,598.0,45.0,2684.0
1330.0,1403.0,2016.0,3830.0,3029.0,1078.0,959.0,789.0,2759.0,3398.0,3075.0,686.0,3715.0,3466.0,,,354.0,3466.0,3466.0,474.0,,686.0,2759.0,1293.0,229.0
162.0,2575.0,2609.0,3841.0,2580.0,880.0,2109.0,667.0,2565.0,488.0,199.0,1302.0,1325.0,1885.0,,,90.0,1885.0,1885.0,10.0,,1302.0,2565.0,2109.0,474.0
2318.0,2235.0,1069.0,3842.0,1617.0,2810.0,2201.0,2118.0,3532.0,2253.0,152.0,2163.0,460.0,3263.0,,,1258.0,631.0,3263.0,1313.0,,2163.0,3532.0,2201.0,10.0
3275.0,587.0,63.0,1152.0,112.0,2927.0,125.0,472.0,428.0,2762.0,1704.0,2310.0,288.0,2198.0,,,1092.0,2198.0,2198.0,1456.0,,2310.0,428.0,395.0,1313.0
571.0,1294.0,3120.0,351.0,2054.0,3551.0,1118.0,3109.0,1793.0,1846.0,2990.0,3211.0,1960.0,3261.0,,,431.0,3261.0,3261.0,3510.0,,3211.0,1793.0,2165.0,1456.0
2967.0,2218.0,2023.0,691.0,2897.0,1280.0,3185.0,1611.0,157.0,1744.0,3328.0,3440.0,3127.0,1088.0,,,813.0,2859.0,1088.0,3524.0,,3440.0,157.0,1553.0,3510.0
3274.0,3457.0,1995.0,3831.0,1791.0,2832.0,395.0,690.0,495.0,500.0,728.0,1168.0,1061.0,2859.0,,,368.0,121.0,2859.0,2791.0,,1168.0,495.0,2166.0,3524.0
1449.0,1816.0,2024.0,2822.0,3133.0,3555.0,1087.0,620.0,3501.0,1136.0,76.0,2071.0,374.0,1086.0,,,435.0,120.0,1086.0,3360.0,,2071.0,3501.0,237.0,3360.0
1798.0,2562.0,2038.0,3816.0,1842.0,304.0,2165.0,3577.0,496.0,2518.0,252.0,3072.0,2589.0,2583.0,,,962.0,1088.0,2583.0,2316.0,,3072.0,496.0,2857.0,2316.0
465.0,2556.0,64.0,3834.0,1666.0,340.0,2219.0,1007.0,599.0,1732.0,542.0,1880.0,178.0,3341.0,,,118.0,1293.0,3341.0,2733.0,,1880.0,599.0,1884.0,2733.0
2558.0,50.0,1934.0,622.0,2463.0,1279.0,45.0,2194.0,1273.0,2823.0,1453.0,220.0,1719.0,1005.0,,,516.0,1005.0,1005.0,347.0,,220.0,1273.0,959.0,347.0
463.0,1248.0,2608.0,717.0,0.0,2833.0,237.0,214.0,2020.0,2863.0,3362.0,2570.0,1485.0,121.0,,,2733.0,2012.0,121.0,2001.0,,2570.0,1272.0,394.0,2001.0
464.0,1637.0,1829.0,3807.0,2412.0,3240.0,393.0,367.0,2050.0,1742.0,2534.0,3649.0,1399.0,45.0,,,2413.0,2585.0,45.0,1508.0,,3649.0,2020.0,1818.0,1508.0
1797.0,1957.0,1935.0,3434.0,304.0,2978.0,1818.0,1529.0,2843.0,119.0,927.0,3698.0,2337.0,1293.0,,,2001.0,959.0,1293.0,435.0,,3698.0,2050.0,2584.0,435.0
548.0,1804.0,3175.0,623.0,768.0,505.0,394.0,2224.0,1615.0,2269.0,3039.0,2127.0,402.0,2109.0,,,347.0,2109.0,2109.0,928.0,,2127.0,2843.0,125.0,928.0
1120.0,2574.0,715.0,1446.0,2579.0,2831.0,1006.0,3304.0,2930.0,853.0,988.0,3288.0,265.0,2201.0,,,1944.0,2201.0,2201.0,118.0,,3288.0,1615.0,1006.0,118.0
2827.0,3128.0,1051.0,3222.0,3594.0,448.0,1553.0,1590.0,591.0,3093.0,515.0,980.0,2709.0,395.0,,,2184.0,125.0,395.0,1944.0,,980.0,2930.0,1118.0,1944.0
3460.0,3543.0,2777.0,3343.0,3033.0,2812.0,2584.0,3400.0,2015.0,1071.0,995.0,1638.0,484.0,2165.0,,,242.0,1118.0,2165.0,1092.0,,1638.0,591.0,3185.0,1092.0
759.0,742.0,1936.0,3055.0,1996.0,,2857.0,3039.0,798.0,48.0,1439.0,1755.0,550.0,1553.0,,,1835.0,3185.0,1553.0,1787.0,,1755.0,2015.0,731.0,1787.0
569.0,2044.0,670.0,3015.0,1620.0,,2615.0,927.0,1886.0,2607.0,1705.0,2651.0,3441.0,2166.0,,,2316.0,3341.0,2166.0,2496.0,,2651.0,1886.0,2012.0,2496.0
462.0,1766.0,2851.0,3795.0,2836.0,,2694.0,2720.0,3467.0,3121.0,3709.0,524.0,781.0,237.0,,,2592.0,395.0,237.0,2184.0,,524.0,3467.0,2615.0,2184.0
3628.0,2981.0,671.0,2809.0,2420.0,,1420.0,988.0,1956.0,673.0,353.0,2801.0,375.0,2857.0,,,2752.0,1087.0,2857.0,2685.0,,2801.0,1956.0,3546.0,2685.0
17.0,3482.0,488.0,3796.0,1097.0,,2167.0,515.0,742.0,2016.0,1359.0,525.0,1178.0,1884.0,,,694.0,2165.0,1884.0,3078.0,,525.0,742.0,2219.0,1971.0
1799.0,3733.0,1956.0,3832.0,2032.0,,2202.0,1210.0,2016.0,670.0,1857.0,1904.0,179.0,959.0,,,1082.0,2219.0,959.0,1971.0,,1904.0,2016.0,2694.0,941.0
476.0,427.0,2426.0,3847.0,315.0,,806.0,995.0,488.0,1069.0,1609.0,726.0,2217.0,394.0,,,1255.0,45.0,394.0,941.0,,726.0,488.0,2077.0,1575.0
573.0,852.0,3398.0,3014.0,139.0,,2166.0,1439.0,2562.0,3578.0,780.0,3382.0,735.0,1818.0,,,641.0,237.0,1818.0,1575.0,,3382.0,2562.0,393.0,2874.0
2568.0,1004.0,1447.0,1608.0,2551.0,,1884.0,1705.0,1294.0,1731.0,1218.0,3359.0,1234.0,2584.0,,,2791.0,393.0,2584.0,2874.0,,3359.0,1294.0,238.0,2416.0
572.0,1554.0,500.0,578.0,2549.0,,2077.0,3709.0,2218.0,3203.0,530.0,1450.0,1597.0,125.0,,,228.0,1818.0,125.0,2416.0,,1450.0,2218.0,1420.0,418.0
2613.0,3264.0,1733.0,1140.0,2160.0,,2168.0,353.0,2850.0,672.0,1382.0,904.0,664.0,1006.0,,,3579.0,394.0,1006.0,418.0,,904.0,2850.0,2167.0,1322.0
96.0,2858.0,3203.0,3611.0,2837.0,,731.0,1359.0,890.0,3057.0,2707.0,1984.0,3081.0,1118.0,,,605.0,1006.0,1118.0,1322.0,,1984.0,890.0,2202.0,1711.0
1908.0,2013.0,1609.0,1361.0,3338.0,,3342.0,3066.0,1955.0,3615.0,968.0,617.0,3560.0,3185.0,,,1096.0,1553.0,3185.0,1711.0,,617.0,1955.0,3545.0,1941.0
2964.0,391.0,445.0,2936.0,2835.0,,3260.0,3075.0,2842.0,2609.0,2397.0,3714.0,381.0,731.0,,,2509.0,2584.0,731.0,1941.0,,3714.0,2842.0,2168.0,1306.0
585.0,2204.0,3447.0,1769.0,1621.0,,432.0,152.0,799.0,812.0,533.0,67.0,1475.0,2012.0,,,79.0,2857.0,2012.0,1306.0,,67.0,799.0,1402.0,1852.0
3461.0,3184.0,2425.0,3610.0,3479.0,,3546.0,1857.0,2931.0,1906.0,695.0,2363.0,2600.0,2615.0,,,1710.0,2615.0,2615.0,1852.0,,2363.0,2931.0,2014.0,1739.0
2543.0,2164.0,1600.0,2569.0,3478.0,,598.0,3520.0,306.0,1995.0,2722.0,3250.0,2861.0,3546.0,,,1099.0,2694.0,3546.0,1739.0,,3250.0,306.0,432.0,683.0
3160.0,2616.0,1218.0,1531.0,3339.0,,1402.0,1609.0,802.0,445.0,1570.0,2654.0,1232.0,2219.0,,,1824.0,1420.0,2219.0,683.0,,2654.0,802.0,806.0,3021.0
3629.0,2860.0,1709.0,2910.0,810.0,,3545.0,780.0,427.0,2426.0,670.0,1823.0,210.0,2694.0,,,1832.0,2167.0,2694.0,3021.0,,1823.0,427.0,3342.0,97.0
466.0,238.0,1846.0,3794.0,1759.0,,1883.0,2369.0,155.0,2851.0,348.0,3381.0,906.0,2077.0,,,2513.0,2202.0,2077.0,97.0,,3381.0,155.0,3260.0,855.0
3161.0,3238.0,22.0,2780.0,3100.0,,1886.0,434.0,2049.0,1332.0,2597.0,2753.0,235.0,393.0,,,3065.0,806.0,393.0,855.0,,2753.0,2049.0,1883.0,2058.0
635.0,3263.0,1728.0,2048.0,3544.0,,3265.0,3541.0,1265.0,2425.0,2725.0,3815.0,832.0,238.0,,,3525.0,2166.0,238.0,2058.0,,3815.0,1265.0,391.0,516.0
148.0,1086.0,2762.0,2047.0,807.0,,155.0,1218.0,1146.0,64.0,1081.0,3765.0,266.0,1420.0,,,1849.0,1884.0,1420.0,516.0,,3765.0,1146.0,155.0,3070.0
288.0,2583.0,542.0,3180.0,881.0,,3264.0,682.0,1804.0,63.0,2221.0,290.0,3681.0,2167.0,,,3062.0,2077.0,2167.0,3070.0,,290.0,1804.0,1887.0,2413.0
2965.0,3186.0,3362.0,846.0,453.0,,3467.0,73.0,500.0,3120.0,2677.0,1291.0,1363.0,2202.0,,,3143.0,2168.0,2202.0,2413.0,,1291.0,500.0,598.0,986.0
3272.0,1419.0,77.0,784.0,678.0,,230.0,76.0,1639.0,1935.0,3680.0,3537.0,2242.0,3545.0,,,80.0,731.0,3545.0,986.0,,3537.0,1639.0,1886.0,3049.0
1106.0,46.0,3057.0,2788.0,317.0,,3262.0,530.0,1076.0,2023.0,1023.0,3536.0,249.0,2168.0,,,2542.0,3342.0,2168.0,3049.0,,3536.0,1076.0,3467.0,714.0
632.0,3466.0,1800.0,1748.0,2497.0,,1554.0,1382.0,3263.0,3175.0,534.0,2632.0,2701.0,1402.0,,,2684.0,3260.0,1402.0,714.0,,2632.0,3263.0,1554.0,1093.0
2326.0,1885.0,134.0,3103.0,808.0,,1294.0,2707.0,1086.0,2024.0,2479.0,2151.0,974.0,432.0,,,229.0,432.0,432.0,1093.0,,2151.0,1086.0,1294.0,1384.0
566.0,631.0,1906.0,2802.0,2505.0,,2218.0,968.0,2583.0,2038.0,3105.0,38.0,2434.0,806.0,,,474.0,3546.0,806.0,1384.0,,38.0,2583.0,2218.0,858.0
565.0,2198.0,2427.0,2244.0,2581.0,,2014.0,2397.0,3186.0,2853.0,3318.0,2362.0,3204.0,3342.0,,,10.0,598.0,3342.0,858.0,,2362.0,3186.0,1004.0,436.0
1606.0,3261.0,534.0,2866.0,3232.0,,1004.0,2773.0,1419.0,1709.0,256.0,3115.0,3695.0,3260.0,,,1456.0,1402.0,3260.0,436.0,,3115.0,1419.0,3264.0,3099.0
1636.0,2859.0,1453.0,1153.0,3476.0,,2858.0,533.0,46.0,1934.0,1438.0,901.0,1655.0,1883.0,,,3510.0,3545.0,1883.0,3099.0,,901.0,46.0,2858.0,3053.0
2440.0,121.0,3281.0,785.0,316.0,,1887.0,2471.0,3466.0,2608.0,2503.0,2011.0,3716.0,155.0,,,3524.0,1883.0,155.0,3053.0,,2011.0,3466.0,3265.0,813.0
3504.0,120.0,21.0,2741.0,738.0,,2203.0,695.0,1885.0,3281.0,1430.0,370.0,868.0,598.0,,,3360.0,1886.0,598.0,813.0,,370.0,1885.0,230.0,2467.0
1889.0,1088.0,2853.0,1154.0,452.0,,238.0,2722.0,631.0,715.0,965.0,1378.0,47.0,1886.0,,,1787.0,3265.0,1886.0,2467.0,,1378.0,631.0,3262.0,1073.0
3704.0,1293.0,487.0,2320.0,2761.0,,391.0,1570.0,2198.0,1051.0,2676.0,2532.0,2606.0,3467.0,,,2496.0,155.0,3467.0,1073.0,,2532.0,2198.0,2164.0,1790.0
1873.0,1005.0,1727.0,2803.0,3477.0,,2013.0,670.0,3261.0,2777.0,2224.0,2668.0,3612.0,1554.0,,,2685.0,3467.0,1554.0,1790.0,,2668.0,3261.0,3184.0,2402.0
3679.0,2012.0,2222.0,1066.0,3556.0,,1552.0,348.0,2859.0,134.0,3256.0,2074.0,1572.0,1294.0,,,3078.0,230.0,1294.0,2402.0,,2074.0,2859.0,392.0,2815.0
1720.0,2585.0,344.0,3083.0,1803.0,,3184.0,3531.0,121.0,2427.0,2851.0,1264.0,3134.0,2218.0,,,1971.0,3262.0,2218.0,2815.0,,1264.0,121.0,1418.0,354.0
3307.0,959.0,1430.0,2314.0,1280.0,,392.0,3362.0,120.0,1829.0,1511.0,2693.0,2243.0,1004.0,,,941.0,1294.0,1004.0,354.0,,2693.0,120.0,1552.0,90.0
506.0,2109.0,3056.0,469.0,3626.0,,2759.0,2597.0,1088.0,1936.0,2222.0,3742.0,543.0,3264.0,,,1575.0,2218.0,3264.0,90.0,,3742.0,1088.0,2204.0,1242.0
2612.0,2201.0,3481.0,3084.0,341.0,,2860.0,2725.0,1293.0,671.0,65.0,2009.0,2374.0,2858.0,,,2874.0,2014.0,2858.0,1242.0,,2009.0,1293.0,2013.0,2139.0
2911.0,125.0,2952.0,1034.0,449.0,,1418.0,1704.0,1005.0,1609.0,193.0,1674.0,3718.0,2204.0,,,2416.0,1887.0,2204.0,2139.0,,1674.0,1005.0,2200.0,770.0
3271.0,1118.0,2843.0,32.0,1021.0,,2164.0,542.0,2012.0,3447.0,3167.0,37.0,1474.0,2013.0,,,418.0,2203.0,2013.0,770.0,,37.0,2012.0,2203.0,3579.0
1875.0,3185.0,561.0,470.0,1317.0,,1421.0,1081.0,2585.0,1600.0,652.0,3697.0,2587.0,2616.0,,,1322.0,1552.0,2616.0,3579.0,,3697.0,2585.0,2659.0,2039.0
1078.0,3341.0,2231.0,932.0,1078.0,,2200.0,1453.0,959.0,1218.0,3563.0,1127.0,1858.0,2200.0,,,1711.0,392.0,2200.0,2039.0,,1127.0,959.0,3739.0,874.0
1462.0,395.0,2253.0,31.0,880.0,,2204.0,2221.0,2109.0,542.0,2665.0,994.0,3183.0,2659.0,,,1941.0,2759.0,2659.0,874.0,,994.0,2109.0,1421.0,2359.0
1708.0,1087.0,1641.0,3345.0,2810.0,,2616.0,2677.0,2201.0,3362.0,1095.0,3528.0,793.0,3739.0,,,1306.0,1418.0,3739.0,2359.0,,3528.0,2201.0,2860.0,1258.0
1105.0,2165.0,1273.0,3843.0,2927.0,,3110.0,3680.0,125.0,77.0,1496.0,902.0,1503.0,2860.0,,,1852.0,1421.0,2860.0,1258.0,,902.0,125.0,1766.0,3635.0
2614.0,2219.0,2842.0,2088.0,3551.0,,3238.0,1023.0,1118.0,1800.0,3096.0,88.0,267.0,1766.0,,,1739.0,2200.0,1766.0,3635.0,,88.0,1118.0,2759.0,475.0
3505.0,45.0,2850.0,3829.0,2832.0,,1766.0,3328.0,3185.0,534.0,1328.0,1518.0,3380.0,2759.0,,,683.0,3110.0,2759.0,1133.0,,1518.0,3185.0,2981.0,1664.0
3702.0,237.0,348.0,296.0,3555.0,,3239.0,534.0,3341.0,1453.0,561.0,2126.0,153.0,2981.0,,,3021.0,1766.0,2981.0,475.0,,2126.0,3341.0,2872.0,3597.0
570.0,393.0,1955.0,3483.0,340.0,,1888.0,2479.0,395.0,21.0,3221.0,1577.0,414.0,2872.0,,,97.0,3239.0,2872.0,1664.0,,1577.0,395.0,3733.0,3060.0
1460.0,1818.0,1744.0,3828.0,1279.0,,2564.0,3105.0,1087.0,1727.0,3447.0,3779.0,3132.0,3733.0,,,2058.0,1888.0,3733.0,3597.0,,3779.0,1087.0,1888.0,3027.0
1665.0,394.0,3378.0,2862.0,2833.0,,852.0,3318.0,2165.0,2222.0,164.0,2125.0,2266.0,1888.0,,,986.0,2564.0,1888.0,3060.0,,2125.0,2165.0,2869.0,2925.0
1459.0,1006.0,1511.0,3800.0,3240.0,,2981.0,256.0,2219.0,344.0,2231.0,1576.0,3717.0,2869.0,,,3049.0,2981.0,2869.0,3027.0,,1576.0,2219.0,3051.0,1016.0
2442.0,1553.0,1340.0,3827.0,2978.0,,2565.0,1438.0,45.0,1430.0,3056.0,1754.0,3571.0,3051.0,,,714.0,2565.0,3051.0,2925.0,,1754.0,45.0,3239.0,2523.0
3303.0,2584.0,1642.0,3054.0,505.0,,2872.0,2503.0,237.0,3056.0,1042.0,3205.0,866.0,3239.0,,,1093.0,2872.0,3239.0,1016.0,,3205.0,237.0,3238.0,2686.0
503.0,2857.0,2590.0,3122.0,2831.0,,3051.0,1430.0,393.0,3481.0,1276.0,54.0,2553.0,3238.0,,,1384.0,3051.0,3238.0,2523.0,,54.0,393.0,1404.0,834.0
2441.0,2615.0,2020.0,3848.0,448.0,,3733.0,965.0,1818.0,2952.0,2590.0,3625.0,3315.0,1404.0,,,858.0,3733.0,1404.0,2686.0,,3625.0,1818.0,2288.0,2784.0
2978.0,2694.0,2953.0,3838.0,2812.0,,428.0,2676.0,394.0,2843.0,2726.0,1589.0,301.0,2288.0,,,436.0,428.0,2288.0,834.0,,1589.0,394.0,852.0,1163.0
2544.0,1420.0,1615.0,3840.0,,,2288.0,2990.0,1006.0,561.0,936.0,226.0,584.0,852.0,,,2467.0,2288.0,852.0,2784.0,,226.0,1006.0,3731.0,1269.0
1104.0,2167.0,305.0,2087.0,,,2562.0,3256.0,1553.0,2231.0,3617.0,2821.0,3208.0,3731.0,,,1073.0,2562.0,3731.0,1163.0,,2821.0,1553.0,3110.0,962.0
2214.0,2202.0,772.0,3846.0,,,157.0,2851.0,2584.0,1641.0,787.0,1202.0,2571.0,3110.0,,,2402.0,157.0,3110.0,1269.0,,1202.0,2584.0,3732.0,1029.0
549.0,806.0,306.0,2144.0,,,495.0,1511.0,2857.0,1273.0,3378.0,2724.0,1618.0,3732.0,,,2815.0,495.0,3732.0,962.0,,2724.0,2857.0,154.0,843.0
1874.0,2166.0,2884.0,3835.0,,,3731.0,2222.0,2615.0,2842.0,1938.0,2950.0,2506.0,154.0,,,1242.0,3731.0,154.0,1029.0,,2950.0,2615.0,899.0,2918.0
505.0,1884.0,679.0,297.0,,,2869.0,65.0,2694.0,2850.0,3181.0,298.0,1184.0,899.0,,,2139.0,2869.0,899.0,843.0,,298.0,2694.0,2076.0,2592.0
996.0,2077.0,2930.0,2660.0,,,1793.0,193.0,1420.0,348.0,788.0,3228.0,3111.0,2076.0,,,2039.0,1793.0,2076.0,2918.0,,3228.0,1420.0,890.0,414.0
507.0,2168.0,343.0,1442.0,,,2076.0,3167.0,2167.0,3378.0,1041.0,3399.0,940.0,890.0,,,2359.0,2076.0,890.0,2592.0,,3399.0,2167.0,1640.0,2105.0
2977.0,731.0,345.0,3836.0,,,1076.0,652.0,2202.0,1511.0,1155.0,333.0,2004.0,1640.0,,,1133.0,1076.0,1640.0,414.0,,333.0,2202.0,2564.0,3324.0
1077.0,3342.0,2955.0,3820.0,,,2659.0,3563.0,806.0,1340.0,2248.0,2653.0,2324.0,2564.0,,,3597.0,2659.0,2564.0,2105.0,,2653.0,806.0,1405.0,3695.0
997.0,3260.0,798.0,3355.0,,,3739.0,2665.0,2166.0,1642.0,650.0,2787.0,3017.0,1405.0,,,3060.0,3739.0,1405.0,3324.0,,2787.0,2166.0,3237.0,3818.0
2213.0,432.0,2049.0,3356.0,,,2953.0,1095.0,1884.0,2590.0,350.0,1408.0,81.0,3237.0,,,2925.0,2953.0,3237.0,3695.0,,1408.0,1884.0,428.0,3567.0
2976.0,3546.0,2931.0,3720.0,,,3501.0,1496.0,2077.0,2020.0,1083.0,987.0,284.0,428.0,,,2523.0,3501.0,428.0,3818.0,,987.0,2077.0,597.0,47.0
2966.0,598.0,2665.0,2321.0,,,154.0,3096.0,2168.0,2953.0,3421.0,1682.0,2511.0,597.0,,,834.0,154.0,597.0,3567.0,,1682.0,2168.0,2235.0,2606.0
1461.0,1402.0,2050.0,2477.0,,,597.0,1328.0,731.0,1615.0,1770.0,1868.0,1466.0,2235.0,,,1269.0,597.0,2235.0,47.0,,1868.0,731.0,2562.0,3612.0
1407.0,3545.0,2503.0,189.0,,,496.0,1311.0,3342.0,305.0,201.0,1837.0,1788.0,2562.0,,,1029.0,496.0,2562.0,2606.0,,1837.0,3342.0,2565.0,868.0
2611.0,1883.0,1640.0,2426.0,,,599.0,2534.0,3260.0,772.0,1340.0,2385.0,3614.0,2565.0,,,843.0,599.0,2565.0,3612.0,,2385.0,3260.0,1637.0,1301.0
504.0,1886.0,1643.0,2161.0,,,1405.0,561.0,432.0,306.0,1584.0,851.0,3301.0,1637.0,,,2918.0,1405.0,1637.0,868.0,,851.0,432.0,157.0,1164.0
2063.0,3265.0,1776.0,2099.0,,,2235.0,3221.0,3546.0,679.0,2772.0,658.0,106.0,157.0,,,414.0,2235.0,157.0,1301.0,,658.0,3546.0,495.0,1190.0
1742.0,155.0,3031.0,2841.0,,,3237.0,3447.0,1402.0,2930.0,1568.0,2005.0,245.0,495.0,,,2105.0,3237.0,495.0,1164.0,,2005.0,1402.0,1793.0,793.0
1920.0,3467.0,3221.0,3224.0,,,3732.0,164.0,3545.0,343.0,421.0,2775.0,2988.0,1793.0,,,3324.0,3732.0,1793.0,1190.0,,2775.0,3545.0,1804.0,974.0
2443.0,230.0,3482.0,1709.0,,,899.0,2231.0,1883.0,345.0,3321.0,2715.0,2982.0,1804.0,,,3695.0,899.0,1804.0,793.0,,2715.0,1883.0,1045.0,1503.0
3270.0,3262.0,800.0,2425.0,,,1804.0,3056.0,3265.0,2955.0,2461.0,2386.0,1940.0,1045.0,,,3818.0,1804.0,1045.0,974.0,,2386.0,3265.0,2575.0,3442.0
3658.0,2014.0,801.0,134.0,,,2575.0,1042.0,3264.0,798.0,2578.0,903.0,1231.0,2575.0,,,3567.0,2575.0,2575.0,1503.0,,903.0,3264.0,3129.0,153.0
144.0,1887.0,1377.0,396.0,,,1641.0,1276.0,230.0,2049.0,651.0,3079.0,82.0,3129.0,,,47.0,1641.0,3129.0,3442.0,,985.0,230.0,1076.0,2192.0
577.0,2203.0,2159.0,2748.0,,,1637.0,2590.0,3262.0,2931.0,671.0,3059.0,486.0,1076.0,,,2606.0,1637.0,1076.0,153.0,,3079.0,3262.0,742.0,2525.0
160.0,1552.0,802.0,3104.0,,,343.0,2726.0,1554.0,2665.0,1344.0,1310.0,2864.0,742.0,,,3612.0,343.0,742.0,2192.0,,3059.0,1554.0,1776.0,1622.0
2639.0,392.0,3096.0,635.0,,,1146.0,936.0,2014.0,2050.0,2680.0,2946.0,1740.0,1776.0,,,868.0,1146.0,1776.0,2525.0,,1310.0,2014.0,282.0,1835.0
3516.0,2759.0,515.0,77.0,,,3532.0,3617.0,1004.0,2503.0,2734.0,1864.0,2002.0,282.0,,,1301.0,3532.0,282.0,1622.0,,2946.0,1004.0,1146.0,2752.0
3626.0,1418.0,300.0,2427.0,,,1404.0,787.0,2858.0,1640.0,2536.0,3432.0,2508.0,1146.0,,,1164.0,1404.0,1146.0,1835.0,,1864.0,2858.0,1641.0,3717.0
315.0,1421.0,788.0,53.0,,,1265.0,3378.0,1887.0,1643.0,1138.0,2475.0,102.0,1641.0,,,1190.0,1265.0,1641.0,2752.0,,3432.0,1887.0,2953.0,2806.0
2549.0,2200.0,774.0,1224.0,,,757.0,1938.0,2203.0,1776.0,1600.0,2490.0,109.0,2953.0,,,793.0,757.0,2953.0,3717.0,,2475.0,2203.0,3501.0,301.0
2837.0,3110.0,1807.0,2462.0,,,1248.0,3181.0,238.0,3031.0,2472.0,3229.0,336.0,3501.0,,,974.0,1248.0,3501.0,2806.0,,2490.0,238.0,1265.0,3132.0
139.0,3239.0,1272.0,51.0,,,742.0,788.0,391.0,3221.0,356.0,1947.0,1354.0,1265.0,,,1503.0,742.0,1265.0,301.0,,3229.0,391.0,757.0,1363.0
3232.0,1888.0,1276.0,2916.0,,,282.0,1041.0,2013.0,3482.0,1117.0,729.0,2683.0,757.0,,,3442.0,282.0,757.0,3132.0,,1947.0,2013.0,2626.0,1566.0
3556.0,2564.0,775.0,311.0,,,3457.0,1155.0,1552.0,800.0,3258.0,2974.0,2906.0,2626.0,,,153.0,3457.0,2626.0,1363.0,,729.0,1552.0,1643.0,3429.0
341.0,2565.0,1639.0,3160.0,,,156.0,2248.0,3184.0,801.0,3304.0,1707.0,145.0,1643.0,,,2192.0,156.0,1643.0,1566.0,,2974.0,3184.0,343.0,2266.0
449.0,2872.0,591.0,760.0,,,2626.0,650.0,392.0,1377.0,1578.0,2776.0,1978.0,343.0,,,2525.0,2626.0,343.0,3429.0,,1707.0,392.0,1403.0,249.0
1021.0,3051.0,936.0,2690.0,,,1643.0,350.0,2860.0,2159.0,169.0,2459.0,2948.0,1403.0,,,1622.0,1643.0,587.0,2266.0,,2776.0,2860.0,587.0,1840.0
1317.0,428.0,2015.0,2880.0,,,1776.0,1083.0,1418.0,802.0,1841.0,1014.0,2192.0,587.0,,,3717.0,1776.0,3457.0,249.0,,2459.0,1418.0,3457.0,2701.0
292.0,2288.0,1496.0,1299.0,,,890.0,3421.0,2164.0,3096.0,151.0,1015.0,12.0,3457.0,,,2806.0,890.0,772.0,1840.0,,1014.0,2164.0,772.0,2636.0
880.0,157.0,1439.0,1075.0,,,1640.0,1770.0,1421.0,515.0,3368.0,1567.0,1782.0,772.0,,,301.0,1640.0,496.0,2701.0,,1015.0,1421.0,496.0,179.0
2810.0,495.0,1041.0,3458.0,,,1045.0,201.0,2200.0,300.0,1987.0,1054.0,2512.0,496.0,,,3132.0,1045.0,599.0,2636.0,,1567.0,2200.0,599.0,2217.0
2927.0,3731.0,927.0,2162.0,,,1403.0,1340.0,2204.0,788.0,2607.0,1137.0,3165.0,599.0,,,1363.0,1403.0,156.0,179.0,,1054.0,2204.0,156.0,2506.0
3551.0,2869.0,2720.0,133.0,,,3129.0,1584.0,2616.0,774.0,3602.0,665.0,2510.0,156.0,,,1566.0,3129.0,50.0,2217.0,,1137.0,2616.0,50.0,2944.0
1280.0,1793.0,3039.0,3504.0,,,587.0,2772.0,3110.0,1272.0,1498.0,3850.0,116.0,50.0,,,2266.0,587.0,1248.0,2506.0,,665.0,3110.0,1248.0,1399.0
2832.0,2076.0,988.0,2152.0,,,772.0,2695.0,3238.0,1276.0,1529.0,3438.0,1942.0,1248.0,,,249.0,772.0,1642.0,2944.0,,3850.0,3238.0,1642.0,2337.0
3555.0,1076.0,1210.0,823.0,,,1642.0,1568.0,1766.0,775.0,3600.0,3734.0,3092.0,1642.0,,,1840.0,1642.0,1247.0,1399.0,,3438.0,1766.0,1247.0,211.0
304.0,2659.0,995.0,3333.0,,,1247.0,421.0,3239.0,1639.0,1071.0,1010.0,89.0,1247.0,,,2701.0,1247.0,2556.0,2337.0,,3734.0,3239.0,2556.0,940.0
340.0,3739.0,1705.0,1870.0,,,2556.0,3321.0,1888.0,591.0,3121.0,3194.0,9.0,2556.0,,,2636.0,2556.0,327.0,211.0,,1010.0,1888.0,327.0,1853.0
1279.0,2953.0,3709.0,35.0,,,2955.0,2461.0,852.0,936.0,1520.0,1927.0,269.0,327.0,,,179.0,2955.0,1816.0,940.0,,3194.0,852.0,1816.0,2782.0
2833.0,3501.0,353.0,148.0,,,327.0,2578.0,2981.0,2015.0,763.0,3116.0,3599.0,1816.0,,,2217.0,327.0,3031.0,1853.0,,1927.0,2981.0,3031.0,3452.0
3240.0,154.0,1359.0,1175.0,,,1816.0,651.0,2872.0,1496.0,3207.0,25.0,2003.0,3031.0,,,2506.0,1816.0,3153.0,2782.0,,3116.0,2872.0,3153.0,284.0
2831.0,597.0,3066.0,1176.0,,,3031.0,671.0,3051.0,1439.0,2016.0,287.0,3213.0,3153.0,,,2944.0,3031.0,427.0,3452.0,,25.0,3051.0,427.0,1232.0
448.0,496.0,3075.0,3618.0,,,2199.0,1344.0,3733.0,1041.0,2488.0,385.0,1977.0,427.0,,,1399.0,2199.0,3532.0,284.0,,287.0,3733.0,3532.0,3315.0
2812.0,599.0,152.0,511.0,,,50.0,2680.0,2288.0,927.0,1198.0,1052.0,3202.0,3532.0,,,2337.0,50.0,1957.0,1232.0,,385.0,2288.0,1957.0,657.0
,3237.0,1857.0,2799.0,,,427.0,2734.0,3731.0,2720.0,2516.0,1379.0,3480.0,1957.0,,,211.0,427.0,2574.0,3315.0,,1052.0,3731.0,2574.0,3566.0
,3732.0,3520.0,3453.0,,,1957.0,2536.0,2869.0,3039.0,2877.0,1895.0,494.0,2574.0,,,940.0,1957.0,3128.0,657.0,,1379.0,2869.0,3128.0,103.0
,899.0,780.0,3679.0,,,2574.0,1138.0,2076.0,988.0,3397.0,2312.0,85.0,3128.0,,,1853.0,2574.0,3543.0,3566.0,,1895.0,2076.0,3543.0,2062.0
,1641.0,2369.0,1606.0,,,3128.0,1600.0,2659.0,1210.0,3292.0,930.0,856.0,3543.0,,,2782.0,3128.0,2744.0,103.0,,2312.0,2659.0,2744.0,2758.0
,343.0,434.0,3072.0,,,3543.0,2472.0,3739.0,995.0,214.0,1964.0,2525.0,2744.0,,,3452.0,3543.0,1273.0,2062.0,,930.0,3739.0,1273.0,2909.0
,1146.0,3541.0,2640.0,,,344.0,356.0,154.0,1705.0,367.0,2873.0,1270.0,1273.0,,,284.0,344.0,907.0,2758.0,,1964.0,154.0,907.0,543.0
,3532.0,682.0,1814.0,,,1252.0,1117.0,597.0,3709.0,2609.0,1696.0,2989.0,907.0,,,1232.0,1252.0,293.0,2909.0,,2873.0,597.0,293.0,1572.0
,1265.0,73.0,2101.0,,,293.0,3258.0,1405.0,353.0,3308.0,1541.0,1305.0,293.0,,,3315.0,293.0,2955.0,543.0,,1696.0,1405.0,2955.0,2374.0
,156.0,76.0,1056.0,,,1003.0,1578.0,2235.0,1359.0,1130.0,1903.0,3673.0,2955.0,,,657.0,1003.0,1003.0,1572.0,,1541.0,2235.0,1003.0,2571.0
,1643.0,530.0,3141.0,,,3465.0,2514.0,3237.0,3066.0,2345.0,924.0,1789.0,1003.0,,,3566.0,3465.0,2199.0,2374.0,,1903.0,3237.0,2199.0,3134.0
,1776.0,1382.0,1173.0,,,3153.0,169.0,3732.0,3075.0,3004.0,1112.0,1467.0,2199.0,,,103.0,3153.0,344.0,2571.0,,924.0,3732.0,344.0,1148.0
,890.0,2707.0,2061.0,,,128.0,1841.0,899.0,152.0,921.0,2980.0,322.0,344.0,,,2062.0,128.0,1252.0,3134.0,,1112.0,899.0,1252.0,1788.0
,1640.0,968.0,632.0,,,2561.0,151.0,2575.0,1857.0,63.0,1946.0,1132.0,1252.0,,,2758.0,2561.0,128.0,1148.0,,2980.0,2575.0,128.0,2552.0
,772.0,2397.0,754.0,,,51.0,3368.0,1637.0,3520.0,3120.0,811.0,493.0,128.0,,,2909.0,51.0,53.0,1788.0,,1946.0,1637.0,53.0,3645.0
,1642.0,2773.0,3036.0,,,1251.0,1987.0,1404.0,780.0,1069.0,1792.0,2257.0,53.0,,,543.0,1251.0,588.0,2552.0,,811.0,1404.0,588.0,3141.0
,2955.0,533.0,1174.0,,,2952.0,2607.0,757.0,2369.0,586.0,1209.0,3020.0,588.0,,,1572.0,2952.0,3464.0,3645.0,,1792.0,757.0,3464.0,234.0
,3031.0,2471.0,141.0,,,1273.0,3602.0,1248.0,434.0,710.0,83.0,1694.0,1251.0,,,2374.0,1273.0,1251.0,3141.0,,1209.0,1248.0,1251.0,866.0
,2199.0,695.0,3148.0,,,588.0,1498.0,282.0,3541.0,1160.0,942.0,3194.0,3465.0,,,2571.0,588.0,3465.0,234.0,,83.0,282.0,3465.0,1385.0
,344.0,2722.0,3471.0,,,3464.0,3600.0,3457.0,682.0,3404.0,1933.0,1526.0,3481.0,,,3134.0,3464.0,3481.0,866.0,,942.0,3457.0,3481.0,1734.0
,293.0,1570.0,585.0,,,3481.0,1071.0,156.0,73.0,3113.0,2143.0,450.0,52.0,,,1148.0,3481.0,52.0,1385.0,,1933.0,156.0,52.0,3204.0
,1003.0,3531.0,1723.0,,,2744.0,3121.0,2626.0,76.0,165.0,2180.0,778.0,1272.0,,,1788.0,2744.0,1272.0,1734.0,,2143.0,2626.0,1272.0,1700.0
,3153.0,2597.0,3557.0,,,907.0,1520.0,1045.0,530.0,429.0,937.0,1831.0,2561.0,,,2552.0,907.0,2561.0,3204.0,,2180.0,1045.0,2561.0,2553.0
,51.0,2725.0,2271.0,,,1377.0,763.0,1403.0,1382.0,2078.0,1945.0,2256.0,3365.0,,,3645.0,1377.0,3365.0,1700.0,,937.0,1403.0,3365.0,81.0
,2952.0,1704.0,3218.0,,,1959.0,3207.0,3129.0,2707.0,1829.0,3230.0,2491.0,1959.0,,,3141.0,1959.0,1959.0,2553.0,,1945.0,3129.0,1959.0,817.0
,1273.0,1081.0,2137.0,,,52.0,2016.0,587.0,968.0,2038.0,1779.0,2415.0,2343.0,,,234.0,52.0,2343.0,81.0,,3230.0,587.0,2343.0,2230.0
,3481.0,2221.0,308.0,,,3077.0,2488.0,1247.0,2397.0,3203.0,1558.0,1390.0,2952.0,,,866.0,3077.0,2952.0,817.0,,1779.0,1247.0,2952.0,2604.0
,907.0,2677.0,310.0,,,133.0,1156.0,2556.0,2773.0,910.0,1619.0,2459.0,2043.0,,,1385.0,133.0,2043.0,2230.0,,1558.0,2556.0,2043.0,820.0
,1377.0,3680.0,762.0,,,53.0,1198.0,327.0,533.0,1033.0,3090.0,174.0,1157.0,,,3204.0,53.0,1157.0,2604.0,,1619.0,327.0,1157.0,1557.0
,3077.0,1023.0,1724.0,,,3258.0,2516.0,1816.0,2471.0,117.0,3112.0,3337.0,3077.0,,,1700.0,3258.0,3077.0,820.0,,3090.0,1816.0,3077.0,844.0
,133.0,3328.0,1808.0,,,499.0,2877.0,2199.0,695.0,170.0,2256.0,321.0,2021.0,,,2553.0,499.0,2021.0,1557.0,,3112.0,2199.0,2021.0,1737.0
,3258.0,2479.0,3035.0,,,1958.0,3397.0,50.0,2722.0,993.0,3393.0,325.0,709.0,,,81.0,1958.0,709.0,844.0,,2256.0,50.0,709.0,2228.0
,499.0,3105.0,3294.0,,,741.0,3292.0,1957.0,1570.0,2945.0,1125.0,318.0,51.0,,,817.0,741.0,51.0,1737.0,,3393.0,1957.0,51.0,1231.0
,1958.0,3318.0,3505.0,,,563.0,2609.0,2574.0,3531.0,173.0,1988.0,3485.0,708.0,,,2230.0,563.0,708.0,2228.0,,1125.0,2574.0,708.0,2243.0
,741.0,256.0,3463.0,,,1743.0,3308.0,3128.0,2597.0,2185.0,2889.0,277.0,3482.0,,,2604.0,1743.0,3482.0,1231.0,,1988.0,3128.0,3482.0,3007.0
,563.0,1438.0,733.0,,,1272.0,1130.0,3543.0,2725.0,2452.0,3530.0,1778.0,1958.0,,,820.0,1272.0,1958.0,2243.0,,2889.0,3543.0,1958.0,3095.0
,1743.0,965.0,1731.0,,,3365.0,2345.0,1252.0,1704.0,2573.0,1085.0,320.0,1377.0,,,1557.0,3365.0,1377.0,3007.0,,3530.0,1252.0,1377.0,3826.0
,1272.0,2676.0,3161.0,,,2252.0,3004.0,293.0,1081.0,2325.0,2336.0,196.0,133.0,,,844.0,2252.0,133.0,3095.0,,1085.0,293.0,133.0,3190.0
,3365.0,2224.0,1610.0,,,2514.0,3538.0,1003.0,2221.0,3123.0,2719.0,324.0,3258.0,,,1737.0,2514.0,3258.0,3826.0,,2336.0,1003.0,3258.0,1184.0
,2252.0,2990.0,1692.0,,,3482.0,921.0,3465.0,2677.0,715.0,3092.0,535.0,499.0,,,2228.0,3482.0,499.0,3190.0,,2719.0,3465.0,499.0,3373.0
,2514.0,3256.0,2091.0,,,305.0,63.0,3153.0,3680.0,2023.0,1777.0,2042.0,1743.0,,,1231.0,305.0,1743.0,1184.0,,3092.0,3153.0,1743.0,106.0
,305.0,65.0,2643.0,,,2343.0,3120.0,128.0,1023.0,711.0,2491.0,689.0,562.0,,,2243.0,2343.0,562.0,3373.0,,1777.0,128.0,562.0,235.0
,2343.0,193.0,3216.0,,,345.0,1069.0,2561.0,3328.0,1784.0,915.0,2041.0,2138.0,,,3007.0,345.0,2138.0,106.0,,2491.0,2561.0,2138.0,871.0
,345.0,3167.0,3704.0,,,534.0,586.0,51.0,2479.0,2177.0,2410.0,197.0,3080.0,,,3095.0,534.0,3080.0,235.0,,915.0,51.0,3080.0,1416.0
,534.0,652.0,647.0,,,763.0,710.0,1251.0,3105.0,23.0,225.0,323.0,2252.0,,,3826.0,763.0,2252.0,871.0,,2410.0,1251.0,2252.0,1475.0
,763.0,3563.0,2317.0,,,1218.0,1160.0,588.0,3318.0,1706.0,1989.0,2102.0,2514.0,,,3190.0,1218.0,2514.0,1416.0,,225.0,588.0,2514.0,2242.0
,1218.0,1095.0,3459.0,,,2043.0,2603.0,3464.0,256.0,1826.0,3392.0,2625.0,534.0,,,1184.0,2043.0,534.0,1475.0,,1989.0,3464.0,534.0,2768.0
,2043.0,1328.0,3462.0,,,1157.0,728.0,2744.0,1438.0,27.0,2287.0,3002.0,763.0,,,3373.0,1157.0,763.0,2242.0,,3392.0,2744.0,763.0,2950.0
,1157.0,1311.0,3503.0,,,798.0,3404.0,907.0,965.0,222.0,1334.0,2025.0,1218.0,,,106.0,798.0,1218.0,2768.0,,2287.0,907.0,1218.0,3706.0
,798.0,2534.0,3455.0,,,1742.0,3113.0,1959.0,2676.0,261.0,1486.0,84.0,1742.0,,,235.0,1742.0,1742.0,2950.0,,1334.0,1959.0,1742.0,1147.0
,1742.0,164.0,1320.0,,,2221.0,165.0,52.0,2224.0,725.0,1395.0,1539.0,2221.0,,,871.0,2221.0,2221.0,3706.0,,1486.0,52.0,2221.0,1178.0
,2221.0,1042.0,1558.0,,,2021.0,429.0,3077.0,2990.0,1447.0,2781.0,2258.0,2044.0,,,1416.0,2021.0,2044.0,1147.0,,1395.0,3077.0,2044.0,1504.0
,2021.0,2726.0,1469.0,,,1058.0,2078.0,133.0,3256.0,3289.0,905.0,3821.0,1158.0,,,1475.0,1058.0,1158.0,1178.0,,2781.0,133.0,1158.0,349.0
,1058.0,3617.0,3217.0,,,709.0,1829.0,53.0,65.0,1510.0,1064.0,194.0,798.0,,,2242.0,709.0,798.0,1504.0,,905.0,53.0,798.0,3044.0
,709.0,787.0,2689.0,,,2044.0,2038.0,3258.0,193.0,973.0,2335.0,3643.0,305.0,,,2768.0,2044.0,305.0,349.0,,1064.0,3258.0,305.0,664.0
,2843.0,1938.0,3502.0,,,2843.0,3203.0,499.0,3167.0,1312.0,3316.0,1357.0,345.0,,,2950.0,2843.0,345.0,3044.0,,2335.0,499.0,345.0,3081.0
,1158.0,3181.0,568.0,,,1158.0,910.0,1958.0,652.0,1995.0,1635.0,3672.0,741.0,,,3706.0,1158.0,741.0,664.0,,3316.0,1958.0,741.0,431.0
,708.0,1155.0,1172.0,,,708.0,1033.0,741.0,3563.0,2024.0,1697.0,908.0,1439.0,,,1147.0,708.0,1439.0,3081.0,,1635.0,741.0,1439.0,735.0
,562.0,2248.0,1256.0,,,562.0,117.0,563.0,1095.0,64.0,3439.0,3613.0,1729.0,,,1178.0,562.0,1729.0,431.0,,1697.0,563.0,1729.0,2434.0
,2100.0,650.0,3645.0,,,2100.0,170.0,1743.0,1328.0,1934.0,2124.0,3335.0,2677.0,,,1504.0,2100.0,2677.0,735.0,,3439.0,1743.0,2677.0,2587.0
,2835.0,350.0,3278.0,,,2835.0,993.0,3365.0,1311.0,2608.0,135.0,188.0,563.0,,,349.0,2835.0,563.0,2434.0,,2124.0,3365.0,563.0,3718.0
,1159.0,1083.0,2763.0,,,1159.0,2945.0,2252.0,2534.0,107.0,498.0,319.0,3331.0,,,3044.0,1159.0,3331.0,2587.0,,135.0,2252.0,3331.0,2861.0
,1633.0,3421.0,78.0,,,1633.0,173.0,2514.0,164.0,3046.0,1778.0,3844.0,2100.0,,,664.0,1633.0,2100.0,3718.0,,498.0,2514.0,2100.0,3208.0
,1770.0,1770.0,2428.0,,,1770.0,199.0,2343.0,1042.0,3570.0,2839.0,3118.0,3450.0,,,3081.0,1770.0,3450.0,2861.0,,1778.0,2343.0,3450.0,228.0
,1358.0,201.0,884.0,,,1358.0,2185.0,534.0,2726.0,3507.0,3326.0,1538.0,1058.0,,,735.0,1358.0,1058.0,3208.0,,2839.0,534.0,1058.0,355.0
,1439.0,1584.0,1523.0,,,1439.0,2452.0,763.0,3617.0,1335.0,2870.0,3592.0,1159.0,,,2434.0,1439.0,1633.0,228.0,,3326.0,763.0,1159.0,1428.0
,1160.0,2772.0,1926.0,,,1160.0,2573.0,1218.0,787.0,3418.0,276.0,313.0,1633.0,,,2587.0,1160.0,1358.0,355.0,,2870.0,1218.0,1633.0,1701.0
,1161.0,2695.0,3361.0,,,1161.0,2325.0,2043.0,1938.0,1935.0,1142.0,442.0,1358.0,,,3718.0,1161.0,1160.0,1428.0,,276.0,2043.0,1358.0,55.0
,2677.0,1568.0,3297.0,,,2677.0,3123.0,1157.0,3181.0,3175.0,3511.0,1877.0,1160.0,,,2861.0,2677.0,2844.0,1701.0,,1142.0,1157.0,1160.0,1433.0
,845.0,421.0,1530.0,,,845.0,715.0,1742.0,1155.0,416.0,1480.0,2212.0,2844.0,,,3208.0,845.0,149.0,55.0,,3511.0,1742.0,2844.0,819.0
,910.0,3321.0,2439.0,,,910.0,2023.0,2221.0,2248.0,536.0,3423.0,3782.0,149.0,,,355.0,910.0,910.0,1433.0,,1480.0,2221.0,149.0,856.0
,2138.0,2461.0,142.0,,,2138.0,2885.0,2021.0,650.0,1217.0,2890.0,3822.0,910.0,,,1428.0,2138.0,2842.0,819.0,,3423.0,2021.0,910.0,1474.0
,3080.0,2578.0,1492.0,,,3080.0,711.0,1058.0,350.0,1595.0,104.0,185.0,2842.0,,,1701.0,3080.0,2253.0,856.0,,2890.0,1058.0,2842.0,375.0
,2930.0,651.0,3620.0,,,2930.0,1784.0,709.0,1083.0,1072.0,3496.0,328.0,2253.0,,,55.0,2930.0,3241.0,1474.0,,104.0,709.0,2253.0,1526.0
,2020.0,1344.0,685.0,,,2020.0,2177.0,2044.0,3421.0,537.0,1002.0,593.0,3241.0,,,1433.0,2020.0,2832.0,375.0,,3496.0,2044.0,3241.0,2306.0
,3540.0,2680.0,1925.0,,,3540.0,23.0,1158.0,1770.0,2194.0,1848.0,681.0,2832.0,,,819.0,3540.0,448.0,1526.0,,1002.0,1158.0,2832.0,82.0
,2842.0,2734.0,1686.0,,,2842.0,1706.0,708.0,201.0,1051.0,8.0,2987.0,448.0,,,856.0,2842.0,882.0,2306.0,,1848.0,708.0,448.0,952.0
,3331.0,2536.0,2652.0,,,3331.0,1826.0,562.0,1584.0,2777.0,200.0,3849.0,882.0,,,1474.0,3331.0,339.0,82.0,,8.0,562.0,882.0,2080.0
,2050.0,1138.0,2965.0,,,2050.0,27.0,2100.0,2772.0,3043.0,1011.0,330.0,339.0,,,375.0,2050.0,1317.0,952.0,,200.0,2100.0,339.0,403.0
,2280.0,2472.0,686.0,,,2280.0,222.0,2835.0,2695.0,2275.0,1189.0,1428.0,1317.0,,,1526.0,2280.0,1280.0,2080.0,,1011.0,2835.0,1317.0,1305.0
,2253.0,356.0,2071.0,,,2253.0,261.0,1159.0,1568.0,3569.0,786.0,1983.0,1280.0,,,2306.0,2253.0,3555.0,403.0,,1189.0,1159.0,1280.0,1412.0
,3450.0,1117.0,3168.0,,,3450.0,725.0,1633.0,421.0,2323.0,2871.0,2729.0,3555.0,,,82.0,3450.0,340.0,1305.0,,786.0,1633.0,3555.0,2511.0
,2425.0,3258.0,190.0,,,2425.0,1447.0,1770.0,3321.0,2919.0,523.0,2998.0,340.0,,,952.0,2425.0,1279.0,1412.0,,2871.0,1770.0,340.0,1618.0
,2318.0,3304.0,3296.0,,,2318.0,3289.0,1358.0,2461.0,3097.0,3193.0,3582.0,1279.0,,,2080.0,2318.0,880.0,2511.0,,523.0,1358.0,1279.0,1740.0
,3275.0,1578.0,1619.0,,,3275.0,1510.0,1439.0,2578.0,2444.0,1296.0,3684.0,880.0,,,403.0,3275.0,3240.0,1618.0,,3193.0,1439.0,880.0,2508.0
,1729.0,2514.0,3090.0,,,1729.0,973.0,1160.0,651.0,337.0,970.0,42.0,3240.0,,,1305.0,1729.0,1021.0,1740.0,,1296.0,1160.0,3240.0,3312.0
,1197.0,169.0,3112.0,,,1197.0,1312.0,1161.0,1344.0,3091.0,426.0,3141.0,1021.0,,,1412.0,1197.0,1019.0,2508.0,,970.0,1161.0,1021.0,267.0
,3183.0,1841.0,3578.0,,,3183.0,1995.0,2677.0,2680.0,1936.0,1187.0,558.0,1019.0,,,2511.0,3183.0,,3312.0,,426.0,2677.0,1019.0,1304.0
,443.0,151.0,883.0,,,443.0,2024.0,845.0,2734.0,405.0,2354.0,1472.0,,,,1618.0,443.0,,267.0,,1187.0,845.0,,1877.0
,1744.0,3368.0,20.0,,,1744.0,64.0,910.0,2536.0,2451.0,2957.0,909.0,,,,1740.0,1744.0,,1304.0,,2354.0,910.0,,2709.0
,1332.0,1987.0,2911.0,,,1332.0,1934.0,2138.0,1138.0,3576.0,1270.0,3512.0,,,,2508.0,1332.0,,1877.0,,2957.0,2138.0,,2988.0
,1615.0,3602.0,2547.0,,,1615.0,2608.0,3080.0,2472.0,2252.0,2096.0,331.0,,,,3312.0,1615.0,,2709.0,,1270.0,3080.0,,3165.0
,734.0,1498.0,1924.0,,,734.0,107.0,3540.0,356.0,2118.0,1712.0,594.0,,,,267.0,734.0,,2988.0,,2096.0,3540.0,,3020.0
,3286.0,1529.0,2035.0,,,3286.0,3046.0,3331.0,1117.0,1186.0,639.0,1278.0,,,,1304.0,3286.0,,3165.0,,1712.0,3331.0,,102.0
,538.0,3600.0,3703.0,,,538.0,3570.0,2280.0,3258.0,672.0,2223.0,2949.0,,,,1877.0,538.0,,3020.0,,639.0,2280.0,,2403.0
,2603.0,1520.0,2543.0,,,2603.0,3507.0,2253.0,3304.0,1658.0,1751.0,2855.0,,,,2709.0,2603.0,,102.0,,2223.0,2253.0,,2540.0
,571.0,763.0,3064.0,,,571.0,1335.0,3450.0,1578.0,620.0,3098.0,2274.0,,,,2988.0,571.0,,2403.0,,1751.0,3450.0,,326.0
,2426.0,3207.0,149.0,,,2426.0,3418.0,2425.0,2514.0,279.0,3420.0,554.0,,,,3165.0,2426.0,,2540.0,,3098.0,2425.0,,1940.0
,139.0,2488.0,1914.0,,,139.0,1935.0,2318.0,169.0,1094.0,1771.0,1385.0,,,,3020.0,139.0,,326.0,,3420.0,2318.0,,3380.0
,119.0,1156.0,374.0,,,119.0,3175.0,3275.0,1841.0,2169.0,2171.0,1022.0,,,,102.0,119.0,,1940.0,,1771.0,3275.0,,36.0
,1398.0,1198.0,860.0,,,1398.0,416.0,1729.0,151.0,1321.0,2324.0,1559.0,,,,2403.0,1398.0,,3380.0,,2171.0,1729.0,,2193.0
,1956.0,2516.0,3179.0,,,1956.0,536.0,1197.0,3368.0,2170.0,2437.0,1286.0,,,,2540.0,1956.0,,36.0,,2324.0,1197.0,,2381.0
,1399.0,2877.0,2896.0,,,1399.0,1217.0,3183.0,1987.0,1861.0,2938.0,1220.0,,,,326.0,1399.0,,2193.0,,2437.0,3183.0,,3401.0
,2337.0,3397.0,1225.0,,,2337.0,1595.0,443.0,3602.0,1562.0,1902.0,3488.0,,,,1940.0,2337.0,,2381.0,,2938.0,443.0,,2309.0
,2844.0,3292.0,2526.0,,,2844.0,1072.0,1744.0,1498.0,2364.0,3855.0,1537.0,,,,3380.0,2844.0,,3401.0,,1902.0,1744.0,,1290.0
,348.0,214.0,1371.0,,,348.0,537.0,1332.0,1529.0,215.0,4.0,2377.0,,,,36.0,348.0,,2309.0,,3855.0,1332.0,,2948.0
,2543.0,367.0,2978.0,,,2543.0,1051.0,734.0,3600.0,2808.0,2633.0,3336.0,,,,2193.0,3608.0,,1290.0,,4.0,734.0,,3782.0
,3608.0,3308.0,1935.0,,,3608.0,2777.0,3286.0,1520.0,1728.0,2186.0,3693.0,,,,2381.0,1397.0,,2948.0,,2633.0,3286.0,,42.0
,1397.0,1130.0,3175.0,,,1397.0,3043.0,538.0,763.0,94.0,2951.0,553.0,,,,3401.0,2661.0,,3782.0,,2186.0,538.0,,2970.0
,2661.0,2345.0,1851.0,,,2661.0,2275.0,2603.0,3207.0,3057.0,254.0,1695.0,,,,2309.0,1797.0,,42.0,,2951.0,2603.0,,3032.0
,1797.0,3004.0,2163.0,,,1797.0,3569.0,571.0,2488.0,574.0,596.0,2322.0,,,,1290.0,2590.0,,2970.0,,254.0,571.0,,3131.0
,2590.0,3538.0,2310.0,,,2590.0,2323.0,2426.0,1156.0,1197.0,964.0,3095.0,,,,2948.0,2931.0,,3032.0,,596.0,2426.0,,1827.0
,2931.0,921.0,3211.0,,,2931.0,2919.0,139.0,1198.0,1676.0,2994.0,923.0,,,,3782.0,2571.0,,3131.0,,964.0,139.0,,3037.0
,2571.0,586.0,1373.0,,,2571.0,3097.0,119.0,2516.0,925.0,406.0,191.0,,,,42.0,3271.0,,1827.0,,2994.0,119.0,,129.0
,3271.0,710.0,2208.0,,,3271.0,2444.0,1398.0,2877.0,1862.0,2865.0,2197.0,,,,2970.0,306.0,,3037.0,,406.0,1398.0,,1910.0
,306.0,1160.0,646.0,,,306.0,337.0,1399.0,3397.0,2667.0,1700.0,1299.0,,,,3032.0,802.0,,129.0,,2865.0,1399.0,,277.0
,802.0,2603.0,3440.0,,,802.0,3091.0,2337.0,3292.0,667.0,2538.0,1950.0,,,,3131.0,574.0,,1910.0,,1700.0,2337.0,,1694.0
,574.0,728.0,1122.0,,,574.0,1936.0,2844.0,214.0,2762.0,2502.0,1603.0,,,,1827.0,2966.0,,277.0,,2538.0,2844.0,,3809.0
,2966.0,3404.0,1462.0,,,2966.0,405.0,348.0,367.0,2767.0,243.0,3394.0,,,,3037.0,301.0,,1694.0,,2502.0,348.0,,1689.0
,301.0,3113.0,3607.0,,,301.0,2451.0,2543.0,3308.0,445.0,713.0,1825.0,,,,129.0,679.0,,3809.0,,243.0,2543.0,,3370.0
,679.0,165.0,1070.0,,,679.0,3576.0,3608.0,1130.0,1323.0,2577.0,2533.0,,,,1910.0,3458.0,,1689.0,,713.0,3608.0,,558.0
,3458.0,429.0,220.0,,,3458.0,2252.0,1397.0,2345.0,3398.0,486.0,3269.0,,,,277.0,2769.0,,3370.0,,2577.0,1397.0,,823.0
,2769.0,2078.0,1168.0,,,2769.0,252.0,2661.0,3004.0,679.0,2003.0,1222.0,,,,1694.0,144.0,,558.0,,486.0,2661.0,,1243.0
,144.0,910.0,3173.0,,,144.0,1186.0,1797.0,3538.0,592.0,295.0,1336.0,,,,3809.0,3272.0,,823.0,,2003.0,1797.0,,265.0
,3272.0,1033.0,3325.0,,,3272.0,672.0,2590.0,921.0,1675.0,3712.0,1756.0,,,,1689.0,2967.0,,1243.0,,295.0,2590.0,,288.0
,2967.0,117.0,14.0,,,2967.0,1658.0,2571.0,586.0,291.0,1396.0,1893.0,,,,3370.0,3307.0,,265.0,,3712.0,2571.0,,1234.0
,3307.0,170.0,1135.0,,,3307.0,279.0,3271.0,710.0,1633.0,630.0,1701.0,,,,558.0,1123.0,,288.0,,1396.0,3271.0,,1413.0
,1123.0,993.0,1683.0,,,1123.0,1094.0,574.0,1160.0,2853.0,704.0,2464.0,,,,823.0,2017.0,,1234.0,,630.0,574.0,,821.0
,2017.0,2945.0,3454.0,,,2017.0,2169.0,2966.0,2603.0,159.0,724.0,1303.0,,,,1243.0,2587.0,,1413.0,,704.0,2966.0,,528.0
,2587.0,173.0,3223.0,,,2587.0,1321.0,301.0,728.0,991.0,2173.0,1221.0,,,,265.0,3204.0,,821.0,,724.0,301.0,,2998.0
,3204.0,199.0,1533.0,,,3204.0,2170.0,679.0,3404.0,1624.0,2181.0,1329.0,,,,288.0,3718.0,,528.0,,2173.0,679.0,,2982.0
,3718.0,2185.0,1055.0,,,3718.0,1861.0,3458.0,3113.0,2972.0,2617.0,1900.0,,,,1234.0,3773.0,,2998.0,,2181.0,3458.0,,3561.0
,3773.0,2452.0,3005.0,,,3773.0,1562.0,2769.0,165.0,1822.0,1982.0,2610.0,,,,1413.0,463.0,,2982.0,,2617.0,2769.0,,7.0
,463.0,2573.0,640.0,,,463.0,2364.0,144.0,429.0,1091.0,1497.0,2778.0,,,,821.0,464.0,,3561.0,,1982.0,144.0,,484.0
,464.0,2325.0,1810.0,,,464.0,215.0,3272.0,2078.0,1358.0,166.0,658.0,,,,528.0,548.0,,7.0,,1497.0,3272.0,,554.0
,548.0,3123.0,2786.0,,,548.0,2808.0,2967.0,910.0,2297.0,2484.0,1412.0,,,,2998.0,1120.0,,484.0,,166.0,2967.0,,1487.0
,1120.0,2885.0,3759.0,,,1120.0,1728.0,3307.0,1033.0,2692.0,2674.0,2675.0,,,,2982.0,2827.0,,554.0,,2484.0,3307.0,,1960.0
,2827.0,711.0,87.0,,,2827.0,94.0,1123.0,117.0,958.0,3140.0,819.0,,,,3561.0,3460.0,,1487.0,,2674.0,1123.0,,2476.0
,3460.0,1784.0,482.0,,,3460.0,3057.0,2017.0,170.0,3077.0,3018.0,1369.0,,,,7.0,759.0,,1960.0,,3140.0,2017.0,,2956.0
,759.0,2177.0,489.0,,,759.0,574.0,2587.0,993.0,40.0,1521.0,1372.0,,,,484.0,569.0,,2476.0,,3018.0,2587.0,,3127.0
,569.0,23.0,114.0,,,569.0,1197.0,3204.0,2945.0,2392.0,876.0,2230.0,,,,554.0,462.0,,2956.0,,1521.0,3204.0,,3313.0
,462.0,1706.0,3300.0,,,462.0,1676.0,3718.0,173.0,2829.0,2924.0,3242.0,,,,1487.0,3628.0,,3127.0,,876.0,3718.0,,3560.0
,3628.0,1826.0,1162.0,,,3628.0,925.0,3773.0,199.0,1159.0,3087.0,1256.0,,,,1960.0,465.0,,3313.0,,2924.0,3773.0,,584.0
,465.0,27.0,3079.0,,,465.0,1862.0,463.0,2185.0,2265.0,2414.0,2403.0,,,,2476.0,17.0,,3560.0,,3087.0,463.0,,1211.0
,17.0,222.0,3270.0,,,17.0,2667.0,464.0,2452.0,1732.0,1126.0,1148.0,,,,2956.0,2558.0,,584.0,,2414.0,464.0,,1898.0
,2558.0,261.0,2700.0,,,2558.0,2762.0,548.0,2573.0,1360.0,1745.0,2735.0,,,,3127.0,1799.0,,1211.0,,1126.0,548.0,,2464.0
,1799.0,725.0,997.0,,,1799.0,2767.0,1120.0,3123.0,2007.0,3373.0,1304.0,,,,3313.0,476.0,,1898.0,,1745.0,1120.0,,371.0
,476.0,3289.0,2302.0,,,476.0,1532.0,2827.0,2885.0,3251.0,703.0,3375.0,,,,3560.0,573.0,,2464.0,,3373.0,2827.0,,1977.0
,573.0,1510.0,2697.0,,,573.0,445.0,3460.0,711.0,616.0,1773.0,773.0,,,,584.0,2568.0,,371.0,,703.0,3460.0,,3017.0
,2568.0,973.0,2736.0,,,2568.0,1323.0,759.0,1784.0,2876.0,1836.0,3407.0,,,,1211.0,3274.0,,1977.0,,1773.0,759.0,,3183.0
,3274.0,1312.0,3268.0,,,3274.0,3398.0,569.0,2177.0,2669.0,3235.0,228.0,,,,1898.0,572.0,,3017.0,,1836.0,569.0,,3202.0
,572.0,107.0,673.0,,,572.0,679.0,462.0,23.0,255.0,2080.0,942.0,,,,2464.0,2613.0,,3183.0,,3235.0,462.0,,3480.0
,2613.0,3046.0,1613.0,,,2613.0,538.0,3628.0,1706.0,589.0,951.0,1690.0,,,,371.0,96.0,,3202.0,,2080.0,3628.0,,240.0
,96.0,3570.0,1069.0,,,96.0,592.0,465.0,1826.0,2805.0,1394.0,1952.0,,,,1977.0,1908.0,,3480.0,,951.0,465.0,,1466.0
,1908.0,3507.0,2023.0,,,1908.0,1675.0,17.0,27.0,3615.0,1443.0,1835.0,,,,3017.0,2964.0,,240.0,,1394.0,17.0,,397.0
,2964.0,1335.0,1929.0,,,2964.0,291.0,2558.0,222.0,1090.0,1782.0,3037.0,,,,3183.0,585.0,,1466.0,,1443.0,2558.0,,3488.0
,585.0,3418.0,2417.0,,,585.0,1633.0,1799.0,261.0,1819.0,546.0,1471.0,,,,3202.0,3461.0,,397.0,,1782.0,1799.0,,2366.0
,3461.0,416.0,3147.0,,,3461.0,2853.0,476.0,725.0,618.0,1688.0,1792.0,,,,3480.0,1798.0,,3488.0,,546.0,476.0,,2675.0
,1798.0,536.0,184.0,,,1798.0,159.0,573.0,3289.0,3707.0,3191.0,895.0,,,,240.0,3160.0,,2366.0,,1688.0,573.0,,873.0
,3160.0,1217.0,460.0,,,3160.0,991.0,2568.0,1510.0,501.0,3002.0,1144.0,,,,1466.0,3629.0,,2675.0,,3191.0,2568.0,,1522.0
,3629.0,1595.0,3271.0,,,3629.0,1624.0,3274.0,973.0,1169.0,514.0,2991.0,,,,397.0,466.0,,873.0,,3002.0,3274.0,,2009.0
,466.0,1072.0,48.0,,,466.0,2972.0,572.0,1312.0,3124.0,1308.0,3667.0,,,,3488.0,3161.0,,1522.0,,514.0,572.0,,85.0
,3161.0,537.0,775.0,,,3161.0,1822.0,2613.0,107.0,1058.0,2681.0,268.0,,,,2366.0,635.0,,2009.0,,1308.0,2613.0,,2401.0
,635.0,2194.0,1051.0,,,635.0,1091.0,96.0,3046.0,2915.0,690.0,557.0,,,,2675.0,148.0,,85.0,,2681.0,96.0,,3837.0
,148.0,3043.0,2777.0,,,148.0,1358.0,1908.0,3570.0,541.0,769.0,1416.0,,,,873.0,288.0,,2401.0,,690.0,1908.0,,1687.0
,288.0,2275.0,861.0,,,288.0,2297.0,2964.0,3507.0,3011.0,1107.0,3032.0,,,,1522.0,2965.0,,3837.0,,769.0,2964.0,,2002.0
,2965.0,3569.0,3149.0,,,2965.0,2692.0,585.0,1335.0,208.0,1721.0,243.0,,,,2009.0,1106.0,,1687.0,,1107.0,585.0,,2729.0
,1106.0,2323.0,1.0,,,1106.0,958.0,3461.0,3418.0,2863.0,580.0,2577.0,,,,85.0,632.0,,2002.0,,1721.0,3461.0,,3394.0
,632.0,2919.0,147.0,,,632.0,3077.0,1798.0,416.0,2531.0,1694.0,3376.0,,,,3837.0,1449.0,,2729.0,,580.0,1798.0,,1275.0
,1449.0,3097.0,1484.0,,,1449.0,40.0,3160.0,536.0,737.0,2989.0,872.0,,,,1687.0,2326.0,,3394.0,,1694.0,3160.0,,2057.0
,2326.0,337.0,3293.0,,,2326.0,2392.0,3629.0,1217.0,1599.0,1451.0,2398.0,,,,2002.0,566.0,,1275.0,,2989.0,3629.0,,1101.0
,566.0,3091.0,3547.0,,,566.0,2829.0,466.0,1595.0,3300.0,1998.0,3135.0,,,,2729.0,565.0,,2057.0,,1451.0,466.0,,3246.0
,565.0,405.0,595.0,,,565.0,1159.0,3161.0,1072.0,22.0,2906.0,373.0,,,,3394.0,1606.0,,1101.0,,1998.0,3161.0,,3681.0
,1606.0,2451.0,1401.0,,,1606.0,2265.0,635.0,537.0,119.0,1147.0,1604.0,,,,1275.0,1636.0,,3246.0,,2906.0,635.0,,116.0
,1636.0,3576.0,1591.0,,,1636.0,1732.0,148.0,2194.0,1136.0,1362.0,3102.0,,,,2057.0,2440.0,,3681.0,,1147.0,148.0,,1270.0
,2440.0,2252.0,1597.0,,,2440.0,1360.0,288.0,3043.0,853.0,2396.0,3668.0,,,,1101.0,3504.0,,116.0,,2396.0,288.0,,283.0
,3504.0,2118.0,3171.0,,,3504.0,2007.0,2965.0,2275.0,2826.0,655.0,1722.0,,,,3246.0,1889.0,,1270.0,,655.0,2965.0,,891.0
,1889.0,252.0,1548.0,,,1889.0,3251.0,1106.0,3569.0,2010.0,836.0,2950.0,,,,3681.0,3704.0,,283.0,,836.0,1106.0,,1062.0
,3704.0,1186.0,2356.0,,,3704.0,616.0,632.0,2323.0,480.0,3726.0,1506.0,,,,116.0,1873.0,,891.0,,3726.0,632.0,,3571.0
,1873.0,1658.0,2544.0,,,1873.0,2876.0,1449.0,2919.0,2823.0,2679.0,1.0,,,,1270.0,3679.0,,1062.0,,2679.0,1449.0,,3599.0
,3679.0,620.0,2966.0,,,3679.0,2669.0,2326.0,3097.0,990.0,2959.0,7.0,,,,283.0,1720.0,,3571.0,,2959.0,2326.0,,1647.0
,1720.0,279.0,3172.0,,,1720.0,255.0,566.0,2444.0,2100.0,1894.0,98.0,,,,891.0,506.0,,3599.0,,1894.0,566.0,,2517.0
,506.0,1094.0,146.0,,,506.0,589.0,565.0,337.0,2875.0,2179.0,817.0,,,,1062.0,2612.0,,1647.0,,2179.0,565.0,,3512.0
,2612.0,2169.0,2480.0,,,2612.0,2805.0,1606.0,3091.0,2269.0,2596.0,641.0,,,,3571.0,2911.0,,2517.0,,2596.0,1606.0,,3523.0
,2911.0,1321.0,2527.0,,,2911.0,3615.0,1636.0,405.0,1444.0,667.0,1700.0,,,,3599.0,1875.0,,3512.0,,667.0,1636.0,,3376.0
,1875.0,2170.0,136.0,,,1875.0,1090.0,2440.0,2451.0,3660.0,1031.0,2418.0,,,,1647.0,1078.0,,3523.0,,1031.0,2440.0,,1144.0
,1078.0,1861.0,750.0,,,1078.0,1819.0,3504.0,3576.0,21.0,3107.0,272.0,,,,2517.0,1462.0,,3376.0,,3107.0,3504.0,,1299.0
,1462.0,1562.0,755.0,,,1462.0,618.0,1889.0,2252.0,1800.0,3108.0,2971.0,,,,3512.0,1708.0,,1144.0,,3108.0,1889.0,,2229.0
,1708.0,2364.0,2765.0,,,1708.0,3707.0,3704.0,2118.0,1611.0,3322.0,248.0,,,,3523.0,1105.0,,1299.0,,3322.0,3704.0,,3245.0
,1105.0,215.0,3042.0,,,1105.0,501.0,1873.0,252.0,1807.0,3144.0,1244.0,,,,3376.0,2614.0,,2229.0,,3144.0,1873.0,,3301.0
,2614.0,2808.0,110.0,,,2614.0,1169.0,3679.0,1186.0,253.0,1429.0,3797.0,,,,1144.0,3505.0,,3245.0,,1429.0,3679.0,,1001.0
,3505.0,94.0,881.0,,,3505.0,3124.0,1720.0,1658.0,1170.0,2421.0,36.0,,,,1299.0,570.0,,3301.0,,2421.0,1720.0,,2679.0
,3702.0,574.0,1560.0,,,3702.0,1058.0,506.0,620.0,2453.0,1325.0,1533.0,,,,2229.0,1460.0,,1001.0,,1325.0,506.0,,2923.0
,570.0,1197.0,1631.0,,,570.0,2915.0,2612.0,279.0,127.0,1855.0,2193.0,,,,3245.0,1665.0,,2679.0,,1855.0,2612.0,,402.0
,1460.0,1676.0,2043.0,,,1460.0,541.0,2911.0,1094.0,1846.0,1856.0,2983.0,,,,3301.0,1459.0,,2923.0,,1856.0,2911.0,,2292.0
,1665.0,925.0,3023.0,,,1665.0,3011.0,1875.0,2169.0,78.0,2334.0,1241.0,,,,1001.0,2442.0,,402.0,,2334.0,1875.0,,368.0
,1459.0,1862.0,1941.0,,,1459.0,208.0,1078.0,1321.0,221.0,3189.0,1966.0,,,,2679.0,3303.0,,2292.0,,3189.0,1078.0,,1036.0
,2442.0,2667.0,3461.0,,,2442.0,2863.0,1462.0,2170.0,2428.0,1305.0,2951.0,,,,2923.0,503.0,,368.0,,1305.0,1462.0,,1098.0
,3303.0,667.0,1607.0,,,3303.0,2531.0,1708.0,1861.0,1007.0,3683.0,3837.0,,,,402.0,2441.0,,1036.0,,3683.0,1708.0,,1560.0
,503.0,2767.0,3852.0,,,503.0,737.0,1105.0,1562.0,3063.0,84.0,355.0,,,,2292.0,2978.0,,1098.0,,84.0,1105.0,,2415.0
,2441.0,1532.0,2401.0,,,2441.0,1599.0,2614.0,2364.0,1906.0,113.0,3130.0,,,,1036.0,2544.0,,2415.0,,113.0,2614.0,,3102.0
,2978.0,1323.0,841.0,,,2978.0,3300.0,3505.0,215.0,2518.0,425.0,2156.0,,,,1098.0,1104.0,,3102.0,,425.0,3505.0,,2625.0
,2544.0,538.0,1943.0,,,2544.0,22.0,3702.0,2808.0,3210.0,472.0,2380.0,,,,1560.0,2214.0,,2625.0,,472.0,3702.0,,245.0
,1104.0,592.0,2380.0,,,1104.0,119.0,570.0,94.0,2778.0,615.0,2928.0,,,,2415.0,549.0,,245.0,,615.0,570.0,,1362.0
,2214.0,1675.0,2796.0,,,2214.0,1136.0,1460.0,574.0,250.0,906.0,2465.0,,,,3102.0,1874.0,,1362.0,,906.0,1460.0,,1792.0
,549.0,291.0,2834.0,,,549.0,853.0,1665.0,1197.0,263.0,2004.0,2992.0,,,,2625.0,505.0,,1792.0,,2004.0,1665.0,,1858.0
,1874.0,1633.0,1540.0,,,1874.0,2826.0,1459.0,1676.0,1161.0,2072.0,3373.0,,,,245.0,996.0,,1858.0,,2072.0,1459.0,,1894.0
,505.0,159.0,2018.0,,,505.0,2010.0,2442.0,925.0,2624.0,3109.0,1122.0,,,,1362.0,507.0,,1894.0,,3109.0,2442.0,,3194.0
,996.0,991.0,206.0,,,996.0,480.0,3303.0,1862.0,3038.0,697.0,2318.0,,,,1792.0,2977.0,,3194.0,,697.0,3303.0,,3199.0
,507.0,1624.0,801.0,,,507.0,2823.0,503.0,2667.0,3281.0,2211.0,3275.0,,,,1858.0,1077.0,,3199.0,,2211.0,503.0,,2989.0
,2977.0,2972.0,1416.0,,,2977.0,990.0,2441.0,667.0,1590.0,1831.0,3675.0,,,,1894.0,997.0,,2989.0,,1831.0,2441.0,,1540.0
,1077.0,1822.0,3120.0,,,1077.0,2100.0,2978.0,2767.0,3671.0,795.0,1927.0,,,,3194.0,2213.0,,1540.0,,795.0,2978.0,,3188.0
,997.0,1091.0,34.0,,,997.0,2875.0,2544.0,1532.0,260.0,460.0,2414.0,,,,3199.0,502.0,,3188.0,,460.0,2544.0,,842.0
,2213.0,1358.0,2764.0,,,2213.0,2269.0,1104.0,1323.0,2500.0,1013.0,58.0,,,,2989.0,2976.0,,842.0,,1013.0,1104.0,,1440.0
,502.0,2297.0,3488.0,,,502.0,1444.0,2214.0,538.0,3177.0,1170.0,158.0,,,,1540.0,1461.0,,1440.0,,1170.0,2214.0,,2987.0
,2976.0,2692.0,2365.0,,,2976.0,3660.0,549.0,592.0,612.0,1367.0,162.0,,,,3188.0,1407.0,,2987.0,,1367.0,549.0,,1796.0
,1461.0,958.0,1629.0,,,1461.0,21.0,1874.0,1675.0,2883.0,1368.0,1330.0,,,,842.0,557.0,,1796.0,,1368.0,1874.0,,2450.0
,1407.0,3077.0,2970.0,,,1407.0,1800.0,505.0,291.0,1601.0,2934.0,3523.0,,,,1440.0,2611.0,,2450.0,,2934.0,505.0,,109.0
,557.0,40.0,3131.0,,,557.0,1807.0,996.0,1633.0,3470.0,1559.0,3628.0,,,,2987.0,504.0,,109.0,,1559.0,996.0,,920.0
,2611.0,2392.0,3702.0,,,2611.0,253.0,507.0,159.0,2529.0,2546.0,1473.0,,,,1796.0,2063.0,,920.0,,2546.0,507.0,,2942.0
,504.0,2829.0,1732.0,,,504.0,1170.0,2977.0,991.0,2770.0,2666.0,2997.0,,,,2450.0,1920.0,,2942.0,,2666.0,2977.0,,3005.0
,2063.0,1159.0,1936.0,,,2063.0,2453.0,1077.0,1624.0,1347.0,3451.0,820.0,,,,109.0,2443.0,,3005.0,,3451.0,1077.0,,248.0
,1920.0,2265.0,74.0,,,1920.0,127.0,997.0,2972.0,2962.0,2189.0,821.0,,,,920.0,3270.0,,248.0,,2189.0,997.0,,582.0
,2443.0,1360.0,288.0,,,2443.0,1846.0,2213.0,1822.0,3522.0,3283.0,2751.0,,,,2942.0,3658.0,,582.0,,3283.0,2213.0,,1256.0
,3270.0,2007.0,357.0,,,3270.0,78.0,502.0,1091.0,48.0,1623.0,1523.0,,,,3005.0,577.0,,1256.0,,1623.0,502.0,,1517.0
,3658.0,3251.0,822.0,,,3658.0,221.0,2976.0,1358.0,1121.0,2933.0,2336.0,,,,248.0,160.0,,1517.0,,2933.0,2976.0,,2394.0
,577.0,616.0,1057.0,,,577.0,2428.0,1461.0,2297.0,3598.0,2391.0,161.0,,,,582.0,2639.0,,2394.0,,2391.0,1461.0,,365.0
,160.0,2876.0,1061.0,,,160.0,3063.0,1407.0,2692.0,688.0,2602.0,570.0,,,,1256.0,3516.0,,365.0,,2602.0,1407.0,,698.0
,2639.0,2669.0,1201.0,,,2639.0,1906.0,2611.0,958.0,2174.0,2988.0,931.0,,,,1517.0,3626.0,,698.0,,2988.0,557.0,,1678.0
,3516.0,255.0,1302.0,,,3516.0,2518.0,504.0,3077.0,1727.0,1452.0,1684.0,,,,2394.0,315.0,,1678.0,,1452.0,2611.0,,2254.0
,3626.0,589.0,1612.0,,,3626.0,3210.0,2063.0,40.0,2482.0,2371.0,2662.0,,,,365.0,2549.0,,2254.0,,2371.0,504.0,,3821.0
,315.0,2805.0,1665.0,,,315.0,2778.0,1920.0,2392.0,382.0,3490.0,2901.0,,,,698.0,2837.0,,2220.0,,3490.0,2063.0,,89.0
,2549.0,1090.0,1701.0,,,2549.0,250.0,2443.0,2829.0,602.0,2958.0,3542.0,,,,1678.0,3232.0,,3821.0,,2958.0,1920.0,,2533.0
,2837.0,1819.0,1720.0,,,2837.0,263.0,3270.0,1159.0,1230.0,366.0,1049.0,,,,2254.0,3556.0,,89.0,,366.0,2443.0,,2600.0
,3232.0,618.0,1795.0,,,3232.0,1161.0,3658.0,2265.0,3400.0,1053.0,1098.0,,,,2220.0,341.0,,2533.0,,1053.0,3270.0,,2986.0
,3556.0,3707.0,1898.0,,,3556.0,2624.0,577.0,1360.0,3512.0,2415.0,1219.0,,,,3821.0,449.0,,2600.0,,2415.0,3658.0,,3117.0
,341.0,501.0,1996.0,,,341.0,3038.0,160.0,2007.0,1695.0,2926.0,1263.0,,,,89.0,1021.0,,2986.0,,2926.0,577.0,,3415.0
,449.0,1169.0,2019.0,,,449.0,3281.0,2639.0,3251.0,3539.0,3102.0,1721.0,,,,2533.0,1317.0,,3117.0,,3102.0,160.0,,818.0
,1021.0,3124.0,2024.0,,,1021.0,3671.0,3516.0,616.0,3659.0,1940.0,1741.0,,,,2600.0,292.0,,3415.0,,1940.0,2639.0,,1655.0
,1317.0,1058.0,2038.0,,,1317.0,260.0,3626.0,2876.0,378.0,654.0,2755.0,,,,2986.0,880.0,,818.0,,654.0,3516.0,,1497.0
,292.0,2915.0,2042.0,,,292.0,2500.0,315.0,2669.0,2793.0,781.0,3354.0,,,,3117.0,2810.0,,1655.0,,781.0,3626.0,,1690.0
,880.0,541.0,2063.0,,,880.0,3177.0,2549.0,255.0,459.0,891.0,166.0,,,,3415.0,2927.0,,1497.0,,891.0,315.0,,1990.0
,2810.0,3011.0,2157.0,,,2810.0,612.0,2837.0,589.0,661.0,3379.0,1243.0,,,,818.0,3551.0,,1690.0,,3379.0,2549.0,,2751.0
,2927.0,208.0,2225.0,,,2927.0,2883.0,3232.0,2805.0,2302.0,1715.0,3511.0,,,,1655.0,1280.0,,1990.0,,1715.0,2837.0,,1154.0
,3551.0,2531.0,2292.0,,,3551.0,1601.0,3556.0,1090.0,1263.0,2708.0,24.0,,,,1497.0,2832.0,,2751.0,,2708.0,3232.0,,1271.0
,1280.0,737.0,2478.0,,,1280.0,3470.0,341.0,1819.0,3458.0,1796.0,1534.0,,,,1690.0,3555.0,,1154.0,,1796.0,3556.0,,3201.0
,2832.0,1599.0,2539.0,,,2832.0,2529.0,449.0,618.0,2344.0,1540.0,1775.0,,,,1990.0,304.0,,1271.0,,1540.0,341.0,,872.0
,3555.0,3300.0,2673.0,,,3555.0,2770.0,1021.0,3707.0,1411.0,3591.0,2351.0,,,,2751.0,340.0,,3201.0,,3591.0,449.0,,1129.0
,304.0,2826.0,2678.0,,,304.0,1347.0,1317.0,501.0,131.0,223.0,3647.0,,,,1154.0,1279.0,,872.0,,223.0,1021.0,,2098.0
,340.0,2010.0,2954.0,,,340.0,2962.0,292.0,1169.0,609.0,402.0,1209.0,,,,1271.0,2833.0,,1129.0,,402.0,1317.0,,2398.0
,1279.0,480.0,3154.0,,,1279.0,3522.0,880.0,3124.0,1717.0,1478.0,3188.0,,,,3201.0,3240.0,,2098.0,,1478.0,292.0,,2864.0
,2833.0,990.0,3267.0,,,2833.0,48.0,2810.0,1058.0,2411.0,2937.0,480.0,,,,872.0,2831.0,,2398.0,,2937.0,880.0,,2896.0
,3240.0,2100.0,3377.0,,,3240.0,1121.0,2927.0,2915.0,783.0,3050.0,1290.0,,,,1129.0,448.0,,2864.0,,3050.0,2810.0,,3348.0
,2831.0,2875.0,3431.0,,,2831.0,3598.0,3551.0,541.0,2351.0,522.0,3191.0,,,,2098.0,2812.0,,2896.0,,522.0,2927.0,,3445.0
,448.0,1444.0,3436.0,,,448.0,688.0,1280.0,3011.0,1303.0,1441.0,3824.0,,,,2398.0,,,3348.0,,1441.0,3551.0,,2825.0
,2812.0,3660.0,3460.0,,,2812.0,2174.0,2832.0,208.0,1522.0,1240.0,3449.0,,,,2864.0,,,3445.0,,1240.0,1280.0,,2969.0
,,1611.0,2827.0,,,,1727.0,3555.0,2531.0,1716.0,1488.0,3809.0,,,,2896.0,,,2825.0,,1488.0,2832.0,,3290.0
,,253.0,759.0,,,,2482.0,304.0,737.0,2548.0,92.0,91.0,,,,3348.0,,,2969.0,,92.0,3555.0,,3111.0
,,1170.0,1120.0,,,,382.0,340.0,1599.0,3219.0,286.0,559.0,,,,3445.0,,,3290.0,,286.0,304.0,,3330.0
,,2453.0,548.0,,,,602.0,1279.0,3300.0,527.0,1061.0,893.0,,,,2825.0,,,3111.0,,1061.0,340.0,,3441.0
,,127.0,463.0,,,,1230.0,2833.0,2826.0,999.0,2942.0,999.0,,,,2969.0,,,3330.0,,2942.0,1279.0,,145.0
,,78.0,464.0,,,,3512.0,3240.0,2010.0,3374.0,3016.0,1177.0,,,,3290.0,,,3441.0,,3016.0,2833.0,,2064.0
,,221.0,569.0,,,,1695.0,2831.0,480.0,3658.0,171.0,1773.0,,,,3111.0,,,145.0,,171.0,3240.0,,2705.0
,,2428.0,1797.0,,,,3539.0,448.0,990.0,3086.0,404.0,1774.0,,,,3330.0,,,2064.0,,404.0,2831.0,,3285.0
,,1007.0,462.0,,,,3659.0,2812.0,2100.0,359.0,1141.0,1914.0,,,,3441.0,,,2705.0,,1141.0,448.0,,478.0
,,3063.0,3628.0,,,,378.0,,2875.0,2372.0,1356.0,2394.0,,,,145.0,,,3285.0,,1356.0,2812.0,,689.0
,,3210.0,465.0,,,,2793.0,,1444.0,2649.0,2993.0,2557.0,,,,2064.0,,,478.0,,2993.0,,,1980.0
,,2778.0,17.0,,,,459.0,,3660.0,1089.0,1182.0,3003.0,,,,2705.0,,,689.0,,1182.0,,,3101.0
,,250.0,2558.0,,,,661.0,,1611.0,2664.0,1977.0,3199.0,,,,3285.0,,,1980.0,,1977.0,,,3425.0
,,263.0,1799.0,,,,2302.0,,253.0,555.0,2954.0,3235.0,,,,478.0,,,3101.0,,2954.0,,,782.0
,,1161.0,571.0,,,,1263.0,,1170.0,916.0,62.0,3326.0,,,,689.0,,,3425.0,,62.0,,,3568.0
,,2624.0,476.0,,,,3458.0,,2453.0,2521.0,736.0,3374.0,,,,1980.0,,,782.0,,736.0,,,1132.0
,,3038.0,573.0,,,,2344.0,,127.0,1181.0,819.0,3432.0,,,,3101.0,,,3568.0,,819.0,,,1139.0
,,1590.0,2568.0,,,,1411.0,,78.0,1679.0,1866.0,2178.0,,,,3425.0,,,1132.0,,1866.0,,,1523.0
,,3671.0,3274.0,,,,131.0,,221.0,967.0,1960.0,2501.0,,,,782.0,,,1139.0,,1960.0,,,1722.0
,,260.0,2967.0,,,,609.0,,2428.0,1348.0,2028.0,218.0,,,,3568.0,,,1523.0,,2028.0,,,1738.0
,,2500.0,572.0,,,,1717.0,,1007.0,597.0,1863.0,1271.0,,,,1132.0,,,1722.0,,1863.0,,,2589.0
,,3177.0,2318.0,,,,2411.0,,3063.0,812.0,2522.0,1415.0,,,,1139.0,,,1738.0,,2522.0,,,3008.0
,,612.0,3275.0,,,,783.0,,3210.0,3657.0,2533.0,2097.0,,,,1523.0,,,2589.0,,2533.0,,,1773.0
,,2883.0,2613.0,,,,2351.0,,2778.0,577.0,2804.0,2430.0,,,,1722.0,,,3008.0,,2804.0,,,1831.0
,,1601.0,96.0,,,,1303.0,,250.0,814.0,1693.0,2754.0,,,,1738.0,,,1773.0,,1693.0,,,3235.0
,,3470.0,1908.0,,,,1522.0,,263.0,1043.0,2394.0,3138.0,,,,2589.0,,,1831.0,,2394.0,,,12.0
,,2529.0,2964.0,,,,1716.0,,1161.0,2535.0,3061.0,3189.0,,,,3008.0,,,3235.0,,3061.0,,,178.0
,,2770.0,1798.0,,,,2548.0,,2624.0,2711.0,3357.0,3201.0,,,,1773.0,,,12.0,,3357.0,,,442.0
,,1347.0,3629.0,,,,3219.0,,3038.0,1825.0,126.0,3372.0,,,,1831.0,,,178.0,,126.0,,,553.0
,,2962.0,466.0,,,,527.0,,1590.0,1265.0,219.0,549.0,,,,3235.0,,,442.0,,219.0,,,1780.0
,,3522.0,3272.0,,,,999.0,,3671.0,2378.0,536.0,2849.0,,,,12.0,,,553.0,,536.0,,,2512.0
,,1121.0,1106.0,,,,3374.0,,260.0,3067.0,550.0,2902.0,,,,178.0,,,1780.0,,550.0,,,3291.0
,,3598.0,1449.0,,,,3658.0,,2500.0,3540.0,999.0,132.0,,,,442.0,,,2512.0,,999.0,,,627.0
,,688.0,2326.0,,,,359.0,,3177.0,3675.0,1169.0,2699.0,,,,553.0,,,3291.0,,1169.0,,,2212.0
,,2174.0,566.0,,,,2372.0,,612.0,6.0,1231.0,556.0,,,,1780.0,,,627.0,,1231.0,,,3812.0
,,2482.0,565.0,,,,2649.0,,1601.0,2279.0,1972.0,602.0,,,,2512.0,,,2212.0,,1972.0,,,1264.0
,,382.0,1636.0,,,,1089.0,,3470.0,1352.0,2567.0,1102.0,,,,3291.0,,,3812.0,,2567.0,,,1691.0
,,602.0,2440.0,,,,2664.0,,2529.0,1966.0,3441.0,2786.0,,,,2212.0,,,1264.0,,3441.0,,,3047.0
,,1230.0,1889.0,,,,555.0,,2770.0,3326.0,2272.0,1707.0,,,,3812.0,,,1691.0,,2272.0,,,1127.0
,,3400.0,1873.0,,,,916.0,,1347.0,210.0,2286.0,275.0,,,,1264.0,,,3047.0,,2286.0,,,781.0
,,3512.0,3307.0,,,,2521.0,,2962.0,943.0,2864.0,571.0,,,,1691.0,,,1127.0,,2864.0,,,1750.0
,,1695.0,506.0,,,,1181.0,,3522.0,3469.0,3068.0,3784.0,,,,3047.0,,,781.0,,3068.0,,,2905.0
,,3539.0,2612.0,,,,1679.0,,1121.0,662.0,3469.0,219.0,,,,1127.0,,,1750.0,,3469.0,,,3002.0
,,3659.0,1875.0,,,,967.0,,3598.0,1865.0,779.0,885.0,,,,781.0,,,2905.0,,779.0,,,3069.0
,,378.0,1078.0,,,,1348.0,,688.0,7.0,1695.0,3163.0,,,,1750.0,,,3002.0,,1695.0,,,27.0
,,2793.0,1708.0,,,,597.0,,2174.0,1445.0,2182.0,835.0,,,,2905.0,,,3069.0,,2182.0,,,1261.0
,,459.0,1105.0,,,,812.0,,2482.0,3716.0,2330.0,1288.0,,,,3002.0,,,27.0,,2330.0,,,1593.0
,,661.0,2614.0,,,,3657.0,,382.0,1691.0,2493.0,2929.0,,,,3069.0,,,1261.0,,2493.0,,,1596.0
,,2302.0,570.0,,,,577.0,,602.0,2315.0,2589.0,3257.0,,,,27.0,,,1593.0,,2589.0,,,1942.0
,,1263.0,1460.0,,,,814.0,,1230.0,1216.0,3384.0,1259.0,,,,1261.0,,,1596.0,,3384.0,,,2156.0
,,3458.0,1459.0,,,,1043.0,,3400.0,1241.0,847.0,528.0,,,,1593.0,,,1942.0,,847.0,,,2834.0
,,2344.0,2442.0,,,,2535.0,,3512.0,264.0,1207.0,2446.0,,,,1596.0,,,2156.0,,1207.0,,,3088.0
,,1411.0,3303.0,,,,2711.0,,1695.0,792.0,2002.0,2794.0,,,,1942.0,,,2834.0,,2002.0,,,3369.0
,,131.0,503.0,,,,1825.0,,3539.0,1017.0,2508.0,240.0,,,,2156.0,,,3088.0,,2508.0,,,3849.0
,,609.0,2441.0,,,,1265.0,,3659.0,1911.0,823.0,2537.0,,,,2834.0,,,3369.0,,823.0,,,1274.0
,,1717.0,1104.0,,,,2378.0,,378.0,168.0,2431.0,2681.0,,,,3088.0,,,3849.0,,2431.0,,,2774.0
,,2411.0,2214.0,,,,3067.0,,2793.0,1559.0,1249.0,1487.0,,,,3369.0,,,1274.0,,1249.0,,,1489.0
,,783.0,549.0,,,,3540.0,,459.0,3676.0,1335.0,2687.0,,,,3849.0,,,2774.0,,1335.0,,,1721.0
,,2351.0,1874.0,,,,3675.0,,661.0,1466.0,2650.0,3810.0,,,,1274.0,,,1489.0,,2650.0,,,2451.0
,,1303.0,505.0,,,,6.0,,2302.0,154.0,3145.0,3674.0,,,,2774.0,,,1721.0,,3145.0,,,1878.0
,,1522.0,996.0,,,,2279.0,,1263.0,3138.0,2448.0,3799.0,,,,1489.0,,,2451.0,,2448.0,,,2171.0
,,1716.0,507.0,,,,1352.0,,3458.0,3578.0,1789.0,3851.0,,,,1721.0,,,1878.0,,1789.0,,,2390.0
,,2548.0,2977.0,,,,1966.0,,2344.0,545.0,1994.0,3540.0,,,,2451.0,,,2171.0,,1994.0,,,3671.0
,,3219.0,1077.0,,,,3326.0,,1411.0,796.0,2630.0,937.0,,,,1878.0,,,2390.0,,2630.0,,,336.0
,,527.0,2213.0,,,,210.0,,131.0,1145.0,3043.0,3445.0,,,,2171.0,,,3671.0,,3043.0,,,1548.0
,,999.0,502.0,,,,943.0,,609.0,2988.0,3073.0,1798.0,,,,2390.0,,,336.0,,3073.0,,,1778.0
,,3374.0,2976.0,,,,3469.0,,1717.0,156.0,106.0,3783.0,,,,3671.0,,,1548.0,,106.0,,,3694.0
,,3658.0,1461.0,,,,662.0,,2411.0,268.0,2517.0,1060.0,,,,336.0,,,1778.0,,2517.0,,,479.0
,,3086.0,1407.0,,,,1865.0,,783.0,1549.0,3523.0,1411.0,,,,1548.0,,,3694.0,,3523.0,,,1519.0
,,359.0,557.0,,,,7.0,,2351.0,243.0,668.0,1668.0,,,,1778.0,,,479.0,,668.0,,,1533.0
,,2372.0,2611.0,,,,1445.0,,1303.0,419.0,1652.0,1828.0,,,,3694.0,,,1519.0,,1652.0,,,1707.0
,,2649.0,504.0,,,,3716.0,,1522.0,816.0,2825.0,1994.0,,,,479.0,,,1533.0,,2825.0,,,1786.0
,,1089.0,1742.0,,,,1691.0,,1716.0,3411.0,3074.0,2582.0,,,,1519.0,,,1707.0,,3074.0,,,2293.0
,,2664.0,1920.0,,,,2315.0,,2548.0,3487.0,3220.0,2845.0,,,,1533.0,,,1786.0,,3220.0,,,2906.0
,,555.0,2443.0,,,,1216.0,,3219.0,2591.0,12.0,3808.0,,,,1707.0,,,2293.0,,12.0,,,3086.0
,,916.0,3658.0,,,,1241.0,,527.0,3163.0,178.0,1048.0,,,,1786.0,,,2906.0,,178.0,,,3631.0
,,2521.0,144.0,,,,264.0,,999.0,251.0,684.0,2490.0,,,,2293.0,,,3086.0,,684.0,,,3684.0
,,1181.0,577.0,,,,792.0,,3374.0,2661.0,2142.0,425.0,,,,2906.0,,,3432.0,,2142.0,,,3.0
,,1679.0,160.0,,,,1017.0,,3658.0,2674.0,2194.0,818.0,,,,3086.0,,,3631.0,,2194.0,,,9.0
,,967.0,2639.0,,,,1911.0,,3086.0,3656.0,2372.0,2184.0,,,,3432.0,,,3684.0,,2372.0,,,269.0
,,1348.0,3516.0,,,,168.0,,359.0,3673.0,2512.0,873.0,,,,3631.0,,,3.0,,2512.0,,,468.0
,,597.0,3626.0,,,,1559.0,,2372.0,239.0,3198.0,1484.0,,,,3684.0,,,9.0,,3198.0,,,552.0
,,3657.0,315.0,,,,3676.0,,2649.0,2735.0,3749.0,1522.0,,,,3.0,,,269.0,,3749.0,,,1135.0
,,577.0,2549.0,,,,1466.0,,1089.0,144.0,336.0,2548.0,,,,9.0,,,468.0,,336.0,,,1246.0
,,814.0,2837.0,,,,154.0,,2664.0,1146.0,1966.0,3293.0,,,,269.0,,,552.0,,1966.0,,,3430.0
,,1043.0,139.0,,,,648.0,,555.0,1940.0,2899.0,3425.0,,,,468.0,,,1135.0,,2899.0,,,1768.0
,,2535.0,3232.0,,,,3138.0,,916.0,1235.0,1303.0,3099.0,,,,552.0,,,1246.0,,1303.0,,,1784.0
,,2711.0,3556.0,,,,3578.0,,2521.0,1288.0,1098.0,2624.0,,,,1135.0,,,3430.0,,1098.0,,,3669.0
,,1825.0,341.0,,,,545.0,,1181.0,1494.0,1560.0,3550.0,,,,1246.0,,,1768.0,,1560.0,,,1973.0
,,1265.0,449.0,,,,796.0,,1679.0,2929.0,2129.0,3845.0,,,,3430.0,,,1784.0,,2129.0,,,2598.0
,,2378.0,1021.0,,,,1145.0,,967.0,160.0,2755.0,498.0,,,,1768.0,,,3669.0,,2755.0,,,2704.0
,,3067.0,1317.0,,,,2988.0,,1348.0,1722.0,2778.0,1183.0,,,,1784.0,,,1973.0,,2778.0,,,1472.0
,,3540.0,292.0,,,,156.0,,597.0,3468.0,3577.0,1410.0,,,,3669.0,,,2598.0,,3577.0,,,24.0
,,3675.0,880.0,,,,268.0,,3657.0,2276.0,2227.0,2247.0,,,,1973.0,,,2704.0,,2227.0,,,251.0
,,6.0,2810.0,,,,1549.0,,577.0,3511.0,299.0,2691.0,,,,2598.0,,,1472.0,,299.0,,,290.0
,,2279.0,2927.0,,,,243.0,,814.0,582.0,938.0,2839.0,,,,2704.0,,,24.0,,938.0,,,2116.0
,,1352.0,3551.0,,,,419.0,,1043.0,2438.0,1942.0,3139.0,,,,24.0,,,251.0,,1942.0,,,2687.0
,,1966.0,1280.0,,,,816.0,,2535.0,2987.0,3593.0,3192.0,,,,251.0,,,290.0,,3593.0,,,602.0
,,3326.0,2832.0,,,,3411.0,,2711.0,1259.0,1579.0,3353.0,,,,290.0,,,2116.0,,1579.0,,,2206.0
,,210.0,3555.0,,,,3487.0,,1825.0,366.0,3349.0,1967.0,,,,2116.0,,,2687.0,,3349.0,,,2207.0
,,943.0,304.0,,,,2591.0,,1265.0,2129.0,957.0,2316.0,,,,2687.0,,,602.0,,957.0,,,2438.0
,,3469.0,340.0,,,,251.0,,2378.0,2415.0,2069.0,2542.0,,,,602.0,,,2206.0,,2069.0,,,2786.0
,,662.0,1279.0,,,,2661.0,,3067.0,3102.0,2274.0,2904.0,,,,2206.0,,,2207.0,,2274.0,,,3130.0
,,1865.0,2833.0,,,,2674.0,,3540.0,3298.0,2792.0,242.0,,,,2207.0,,,2438.0,,2792.0,,,2855.0
,,7.0,3240.0,,,,3656.0,,3675.0,1828.0,3045.0,527.0,,,,2438.0,,,2786.0,,3045.0,,,583.0
,,1445.0,2831.0,,,,3673.0,,6.0,2703.0,1768.0,2877.0,,,,2786.0,,,3130.0,,1768.0,,,931.0
,,3716.0,448.0,,,,239.0,,2279.0,3672.0,2618.0,3136.0,,,,3130.0,,,2855.0,,2618.0,,,1354.0
,,1691.0,2812.0,,,,2735.0,,1352.0,1346.0,3188.0,2372.0,,,,2855.0,,,583.0,,3188.0,,,1654.0
,,2315.0,,,,,144.0,,1966.0,2040.0,3669.0,2649.0,,,,583.0,,,931.0,,3669.0,,,1684.0
,,1216.0,,,,,1146.0,,3326.0,3290.0,3770.0,3246.0,,,,931.0,,,1354.0,,3770.0,,,2662.0
,,1241.0,,,,,1940.0,,210.0,346.0,3682.0,3291.0,,,,1354.0,,,1654.0,,3682.0,,,2683.0
,,264.0,,,,,1235.0,,943.0,1573.0,9.0,239.0,,,,1654.0,,,1684.0,,9.0,,,1488.0
,,792.0,,,,,1288.0,,3469.0,58.0,14.0,871.0,,,,1684.0,,,2662.0,,14.0,,,3003.0
,,1017.0,,,,,1494.0,,662.0,1863.0,42.0,1868.0,,,,2662.0,,,2683.0,,42.0,,,1901.0
,,1911.0,,,,,2929.0,,1865.0,2533.0,269.0,3631.0,,,,2683.0,,,1488.0,,269.0,,,2210.0
,,168.0,,,,,160.0,,7.0,2998.0,1237.0,3798.0,,,,1488.0,,,3003.0,,1237.0,,,3108.0
,,1559.0,,,,,1722.0,,1445.0,3708.0,1307.0,3195.0,,,,3003.0,,,1901.0,,1307.0,,,3247.0
,,3676.0,,,,,3468.0,,3716.0,109.0,1454.0,3352.0,,,,1901.0,,,2210.0,,1454.0,,,3784.0
,,1466.0,,,,,2276.0,,1691.0,931.0,1504.0,1579.0,,,,2210.0,,,3108.0,,1504.0,,,177.0
,,154.0,,,,,3511.0,,2315.0,1720.0,2389.0,326.0,,,,3108.0,,,3247.0,,2389.0,,,3643.0
,,648.0,,,,,582.0,,1216.0,1209.0,2891.0,1261.0,,,,3247.0,,,3784.0,,2891.0,,,3797.0
,,3138.0,,,,,2438.0,,1241.0,2490.0,3032.0,2229.0,,,,3784.0,,,177.0,,3032.0,,,91.0
,,545.0,,,,,2987.0,,264.0,2721.0,3247.0,3812.0,,,,177.0,,,3643.0,,3247.0,,,1244.0
,,796.0,,,,,1259.0,,792.0,209.0,3509.0,3426.0,,,,3643.0,,,3797.0,,3509.0,,,1348.0
,,1145.0,,,,,366.0,,1017.0,1793.0,3638.0,2854.0,,,,3797.0,,,91.0,,3638.0,,,1914.0
,,2988.0,,,,,2129.0,,1911.0,2625.0,2624.0,3676.0,,,,91.0,,,1244.0,,2624.0,,,26.0
,,156.0,,,,,2415.0,,168.0,3844.0,89.0,1901.0,,,,1244.0,,,1348.0,,89.0,,,58.0
,,268.0,,,,,3102.0,,1559.0,3782.0,1241.0,2181.0,,,,1348.0,,,1914.0,,1241.0,,,653.0
,,1549.0,,,,,3298.0,,3676.0,3823.0,1774.0,2210.0,,,,1914.0,,,26.0,,1774.0,,,663.0
,,243.0,,,,,1828.0,,1466.0,2559.0,2112.0,3200.0,,,,26.0,,,58.0,,2112.0,,,983.0
,,419.0,,,,,2703.0,,154.0,1327.0,2373.0,3137.0,,,,58.0,,,653.0,,2373.0,,,1719.0
,,816.0,,,,,3672.0,,648.0,2414.0,2433.0,3.0,,,,653.0,,,663.0,,2433.0,,,1830.0
,,3411.0,,,,,1346.0,,3138.0,3073.0,2735.0,468.0,,,,663.0,,,983.0,,2735.0,,,2446.0
,,3487.0,,,,,2040.0,,545.0,3711.0,2790.0,1147.0,,,,983.0,,,1719.0,,2790.0,,,2804.0
,,2591.0,,,,,3290.0,,796.0,614.0,3401.0,1246.0,,,,1719.0,,,1830.0,,3401.0,,,1325.0
,,3163.0,,,,,346.0,,1145.0,1309.0,2712.0,659.0,,,,1830.0,,,2446.0,,2658.0,,,1556.0
,,251.0,,,,,1573.0,,2988.0,2864.0,2675.0,2302.0,,,,2446.0,,,2804.0,,2712.0,,,2663.0
,,2661.0,,,,,58.0,,156.0,3647.0,2750.0,3633.0,,,,2804.0,,,1325.0,,2675.0,,,3647.0
,,2674.0,,,,,1863.0,,268.0,1796.0,3790.0,1182.0,,,,1325.0,,,1556.0,,2750.0,,,3716.0
,,3673.0,,,,,2533.0,,1549.0,680.0,109.0,2484.0,,,,1556.0,,,2663.0,,3790.0,,,425.0
,,239.0,,,,,2998.0,,243.0,2303.0,1529.0,2750.0,,,,2663.0,,,3647.0,,109.0,,,603.0
,,2735.0,,,,,3708.0,,419.0,216.0,2683.0,3193.0,,,,3647.0,,,3716.0,,1529.0,,,2097.0
,,144.0,,,,,931.0,,816.0,461.0,3358.0,2283.0,,,,3716.0,,,425.0,,2683.0,,,3372.0
,,1146.0,,,,,1720.0,,3411.0,1432.0,3533.0,837.0,,,,425.0,,,603.0,,3358.0,,,3386.0
,,1940.0,,,,,1209.0,,3487.0,388.0,2682.0,1685.0,,,,603.0,,,2097.0,,3533.0,,,2360.0
,,1235.0,,,,,2490.0,,2591.0,3385.0,2445.0,2096.0,,,,2097.0,,,3372.0,,2682.0,,,172.0
,,1288.0,,,,,2721.0,,3163.0,873.0,2282.0,435.0,,,,3372.0,,,3386.0,,2445.0,,,3673.0
,,1494.0,,,,,209.0,,251.0,3136.0,3202.0,1654.0,,,,3386.0,,,2360.0,,2282.0,,,3106.0
,,2929.0,,,,,1793.0,,2661.0,1415.0,3350.0,1698.0,,,,2360.0,,,172.0,,3202.0,,,3644.0
,,160.0,,,,,2625.0,,2674.0,3189.0,3372.0,3164.0,,,,172.0,,,3673.0,,3350.0,,,3697.0
,,1722.0,,,,,3844.0,,3656.0,1454.0,3601.0,3682.0,,,,3673.0,,,3106.0,,3372.0,,,1699.0
,,3468.0,,,,,3782.0,,3673.0,3402.0,1100.0,3852.0,,,,3106.0,,,3644.0,,3601.0,,,224.0
,,2276.0,,,,,3823.0,,239.0,666.0,2898.0,2382.0,,,,3644.0,,,3697.0,,1100.0,,,1573.0
,,3511.0,,,,,2559.0,,2735.0,3214.0,2987.0,3490.0,,,,3697.0,,,1699.0,,2898.0,,,2004.0
,,582.0,,,,,1327.0,,144.0,1771.0,3737.0,6.0,,,,1699.0,,,224.0,,2987.0,,,2696.0
,,2438.0,,,,,2414.0,,1146.0,1878.0,273.0,516.0,,,,224.0,,,1573.0,,3737.0,,,210.0
,,2987.0,,,,,3073.0,,1940.0,2296.0,7.0,1540.0,,,,1573.0,,,2004.0,,273.0,,,278.0
,,1259.0,,,,,3711.0,,1235.0,2390.0,81.0,1771.0,,,,2004.0,,,210.0,,7.0,,,906.0
,,366.0,,,,,614.0,,1288.0,2507.0,1390.0,1878.0,,,,2696.0,,,278.0,,81.0,,,1594.0
,,2129.0,,,,,1309.0,,1494.0,3376.0,2277.0,481.0,,,,210.0,,,906.0,,1390.0,,,1760.0
,,2415.0,,,,,2864.0,,2929.0,2308.0,2351.0,3644.0,,,,278.0,,,1594.0,,2277.0,,,3802.0
,,3102.0,,,,,3647.0,,160.0,2460.0,2494.0,1866.0,,,,906.0,,,1760.0,,2351.0,,,270.0
,,3298.0,,,,,680.0,,1722.0,12.0,3127.0,1836.0,,,,1594.0,,,3802.0,,2494.0,,,285.0
,,1828.0,,,,,2303.0,,3468.0,1763.0,44.0,2432.0,,,,1760.0,,,270.0,,3127.0,,,470.0
,,2703.0,,,,,216.0,,2276.0,2512.0,3823.0,168.0,,,,3802.0,,,285.0,,44.0,,,527.0
,,3672.0,,,,,461.0,,3511.0,2983.0,145.0,2546.0,,,,270.0,,,470.0,,3823.0,,,550.0
,,1346.0,,,,,1432.0,,582.0,1740.0,1238.0,654.0,,,,285.0,,,527.0,,145.0,,,559.0
,,2040.0,,,,,388.0,,2438.0,3394.0,2511.0,1750.0,,,,470.0,,,550.0,,1238.0,,,999.0
,,3290.0,,,,,3385.0,,2987.0,219.0,2997.0,1527.0,,,,527.0,,,559.0,,2511.0,,,2322.0
,,346.0,,,,,873.0,,1259.0,1777.0,3069.0,270.0,,,,550.0,,,999.0,,2997.0,,,2814.0
,,1573.0,,,,,3136.0,,366.0,3666.0,58.0,285.0,,,,559.0,,,2322.0,,3069.0,,,3282.0
,,58.0,,,,,1415.0,,2129.0,166.0,1825.0,2431.0,,,,999.0,,,2814.0,,58.0,,,3374.0
,,1863.0,,,,,3189.0,,2415.0,488.0,1841.0,823.0,,,,2322.0,,,3282.0,,1825.0,,,3395.0
,,2533.0,,,,,1454.0,,3102.0,3140.0,2998.0,875.0,,,,2814.0,,,3374.0,,1841.0,,,126.0
,,2998.0,,,,,3402.0,,3298.0,3799.0,3769.0,1145.0,,,,3282.0,,,3395.0,,2998.0,,,219.0
,,3708.0,,,,,666.0,,1828.0,790.0,497.0,3034.0,,,,3374.0,,,126.0,,3769.0,,,1978.0
,,109.0,,,,,3214.0,,2703.0,106.0,1973.0,3042.0,,,,3395.0,,,219.0,,497.0,,,2491.0
,,931.0,,,,,1771.0,,3672.0,129.0,470.0,3630.0,,,,126.0,,,1978.0,,1973.0,,,1409.0
,,1720.0,,,,,1878.0,,1346.0,387.0,527.0,100.0,,,,219.0,,,2491.0,,470.0,,,3783.0
,,1209.0,,,,,2296.0,,2040.0,539.0,747.0,143.0,,,,1978.0,,,1409.0,,527.0,,,2125.0
,,2490.0,,,,,2390.0,,3290.0,673.0,1424.0,603.0,,,,2491.0,,,3783.0,,747.0,,,3675.0
,,2721.0,,,,,2507.0,,346.0,1185.0,1466.0,1786.0,,,,1409.0,,,2125.0,,1424.0,,,3798.0
,,209.0,,,,,3376.0,,1573.0,1262.0,2278.0,3549.0,,,,3783.0,,,3675.0,,1466.0,,,1843.0
,,1793.0,,,,,2308.0,,58.0,1353.0,2814.0,3634.0,,,,2125.0,,,3798.0,,2278.0,,,2040.0
,,2625.0,,,,,2460.0,,1863.0,1751.0,3136.0,3823.0,,,,3675.0,,,1843.0,,2814.0,,,2187.0
,,3844.0,,,,,12.0,,2533.0,1786.0,3395.0,167.0,,,,3798.0,,,2040.0,,3136.0,,,383.0
,,3782.0,,,,,1763.0,,2998.0,1942.0,636.0,1150.0,,,,1843.0,,,2187.0,,3395.0,,,579.0
,,3823.0,,,,,2512.0,,3708.0,2768.0,896.0,3247.0,,,,2040.0,,,383.0,,636.0,,,922.0
,,2559.0,,,,,2983.0,,109.0,2920.0,3044.0,858.0,,,,2187.0,,,579.0,,896.0,,,984.0
,,1327.0,,,,,1740.0,,931.0,2928.0,116.0,3489.0,,,,383.0,,,922.0,,3044.0,,,2537.0
,,2414.0,,,,,3394.0,,1720.0,2558.0,1718.0,928.0,,,,579.0,,,984.0,,116.0,,,2730.0
,,3073.0,,,,,219.0,,1209.0,17.0,278.0,1096.0,,,,922.0,,,2730.0,,1718.0,,,3126.0
,,3711.0,,,,,1777.0,,2490.0,742.0,375.0,1777.0,,,,984.0,,,3126.0,,278.0,,,3648.0
,,614.0,,,,,3666.0,,2721.0,3235.0,913.0,3143.0,,,,2537.0,,,3648.0,,375.0,,,168.0
,,1309.0,,,,,166.0,,209.0,3550.0,1309.0,3525.0,,,,2730.0,,,168.0,,913.0,,,372.0
,,2864.0,,,,,488.0,,1793.0,576.0,1987.0,3053.0,,,,3126.0,,,372.0,,1309.0,,,649.0
,,3647.0,,,,,3140.0,,2625.0,2582.0,2912.0,3583.0,,,,3648.0,,,649.0,,1987.0,,,660.0
,,1796.0,,,,,3799.0,,3844.0,1721.0,3195.0,1417.0,,,,168.0,,,660.0,,2912.0,,,1484.0
,,680.0,,,,,106.0,,3782.0,1741.0,268.0,605.0,,,,372.0,,,1484.0,,3195.0,,,1534.0
,,216.0,,,,,129.0,,3823.0,42.0,361.0,2509.0,,,,649.0,,,1534.0,,268.0,,,1775.0
,,461.0,,,,,387.0,,2559.0,158.0,1740.0,79.0,,,,660.0,,,1775.0,,361.0,,,2548.0
,,1432.0,,,,,539.0,,1327.0,424.0,1794.0,1710.0,,,,1484.0,,,2548.0,,1740.0,,,3293.0
,,388.0,,,,,673.0,,2414.0,486.0,2887.0,1099.0,,,,1534.0,,,3293.0,,1794.0,,,1207.0
,,3385.0,,,,,1185.0,,3073.0,540.0,3394.0,1824.0,,,,1775.0,,,1207.0,,2887.0,,,1603.0
,,873.0,,,,,1262.0,,3711.0,1150.0,3411.0,1832.0,,,,2548.0,,,1603.0,,3394.0,,,1685.0
,,3136.0,,,,,1353.0,,614.0,1256.0,480.0,2513.0,,,,3293.0,,,1685.0,,3411.0,,,2096.0
,,1415.0,,,,,1751.0,,1309.0,2003.0,1290.0,3065.0,,,,1207.0,,,2096.0,,480.0,,,3576.0
,,3189.0,,,,,1786.0,,2864.0,2394.0,1411.0,1849.0,,,,1603.0,,,3576.0,,1290.0,,,1836.0
,,1454.0,,,,,2768.0,,3647.0,2455.0,2582.0,3062.0,,,,1685.0,,,1836.0,,1411.0,,,3672.0
,,3402.0,,,,,2920.0,,1796.0,3044.0,2845.0,80.0,,,,2096.0,,,3672.0,,2582.0,,,3845.0
,,666.0,,,,,2928.0,,680.0,558.0,3767.0,2684.0,,,,3576.0,,,3845.0,,2845.0,,,3549.0
,,3214.0,,,,,2558.0,,2303.0,823.0,3808.0,229.0,,,,1836.0,,,3549.0,,3767.0,,,3822.0
,,1771.0,,,,,17.0,,216.0,1243.0,2191.0,474.0,,,,3672.0,,,3822.0,,3808.0,,,1084.0
,,1878.0,,,,,742.0,,461.0,1699.0,2424.0,10.0,,,,3845.0,,,1084.0,,2191.0,,,2779.0
,,2296.0,,,,,3235.0,,1432.0,2986.0,2854.0,1313.0,,,,3549.0,,,2779.0,,2424.0,,,2886.0
,,2390.0,,,,,3550.0,,388.0,277.0,3086.0,1456.0,,,,3822.0,,,2886.0,,2854.0,,,1930.0
,,2507.0,,,,,576.0,,3385.0,1731.0,3135.0,3510.0,,,,1084.0,,,1930.0,,3086.0,,,3009.0
,,3376.0,,,,,2582.0,,873.0,3353.0,888.0,3524.0,,,,2779.0,,,3009.0,,3135.0,,,3506.0
,,2308.0,,,,,1721.0,,3136.0,1540.0,1481.0,2791.0,,,,2886.0,,,3506.0,,888.0,,,3529.0
,,2460.0,,,,,1741.0,,1415.0,2418.0,1775.0,3360.0,,,,1930.0,,,3529.0,,1481.0,,,2227.0
,,12.0,,,,,42.0,,3189.0,265.0,3026.0,2733.0,,,,3009.0,,,2227.0,,1775.0,,,2378.0
,,1763.0,,,,,158.0,,1454.0,877.0,3091.0,347.0,,,,3506.0,,,2378.0,,3026.0,,,3375.0
,,2512.0,,,,,424.0,,3402.0,1654.0,102.0,2001.0,,,,3529.0,,,3375.0,,3091.0,,,3092.0
,,2983.0,,,,,486.0,,666.0,1974.0,1502.0,1508.0,,,,2227.0,,,3092.0,,102.0,,,3146.0
,,1740.0,,,,,540.0,,3214.0,1719.0,1583.0,118.0,,,,2378.0,,,3146.0,,1502.0,,,3490.0
,,3394.0,,,,,1150.0,,1771.0,2446.0,1591.0,1944.0,,,,3375.0,,,3490.0,,1583.0,,,259.0
,,219.0,,,,,1256.0,,1878.0,2588.0,2033.0,1092.0,,,,3092.0,,,259.0,,1591.0,,,266.0
,,1777.0,,,,,2003.0,,2296.0,2794.0,2929.0,1787.0,,,,3146.0,,,266.0,,2033.0,,,875.0
,,3666.0,,,,,2394.0,,2390.0,3633.0,3137.0,2496.0,,,,3490.0,,,875.0,,2929.0,,,1145.0
,,166.0,,,,,2455.0,,2507.0,262.0,3257.0,2685.0,,,,259.0,,,1145.0,,3137.0,,,1782.0
,,3140.0,,,,,3044.0,,3376.0,2004.0,3512.0,3078.0,,,,266.0,,,1782.0,,3257.0,,,1979.0
,,3799.0,,,,,558.0,,2308.0,2313.0,1008.0,1971.0,,,,875.0,,,1979.0,,3512.0,,,2649.0
,,790.0,,,,,823.0,,2460.0,389.0,245.0,941.0,,,,1145.0,,,2649.0,,1008.0,,,2983.0
,,106.0,,,,,1243.0,,12.0,554.0,1183.0,1575.0,,,,1782.0,,,2983.0,,245.0,,,3034.0
,,129.0,,,,,1699.0,,1763.0,658.0,1410.0,2874.0,,,,1979.0,,,3034.0,,1183.0,,,3042.0
,,387.0,,,,,2986.0,,2512.0,1385.0,1983.0,2416.0,,,,2649.0,,,3042.0,,1410.0,,,3630.0
,,539.0,,,,,277.0,,2983.0,1701.0,2247.0,418.0,,,,2983.0,,,3630.0,,1983.0,,,1288.0
,,1185.0,,,,,1731.0,,1740.0,3506.0,2281.0,1322.0,,,,3034.0,,,1288.0,,2247.0,,,2929.0
,,1262.0,,,,,3353.0,,3394.0,1688.0,3139.0,1711.0,,,,3042.0,,,2929.0,,2281.0,,,480.0
,,1353.0,,,,,1540.0,,219.0,3052.0,3192.0,1941.0,,,,3630.0,,,480.0,,3139.0,,,1411.0
,,1751.0,,,,,2418.0,,1777.0,3849.0,3199.0,1306.0,,,,1288.0,,,1411.0,,3192.0,,,1789.0
,,1786.0,,,,,265.0,,3666.0,668.0,3582.0,1852.0,,,,2929.0,,,1789.0,,3199.0,,,1828.0
,,1942.0,,,,,877.0,,166.0,2854.0,246.0,1739.0,,,,480.0,,,1828.0,,3582.0,,,1994.0
,,2768.0,,,,,1654.0,,3140.0,3074.0,887.0,683.0,,,,1411.0,,,1994.0,,246.0,,,2240.0
,,2920.0,,,,,1974.0,,3799.0,3220.0,1319.0,3021.0,,,,1789.0,,,2240.0,,887.0,,,2524.0
,,2928.0,,,,,2683.0,,790.0,134.0,3648.0,97.0,,,,1828.0,,,2524.0,,1319.0,,,3808.0
,,2558.0,,,,,1719.0,,106.0,477.0,3810.0,855.0,,,,1994.0,,,3808.0,,3648.0,,,3824.0
,,17.0,,,,,2446.0,,129.0,1122.0,2249.0,2058.0,,,,2240.0,,,3824.0,,3810.0,,,338.0
,,742.0,,,,,2588.0,,387.0,1472.0,1304.0,3070.0,,,,2524.0,,,338.0,,2249.0,,,3844.0
,,3235.0,,,,,2794.0,,539.0,1579.0,1345.0,2413.0,,,,3808.0,,,3844.0,,1304.0,,,132.0
,,3550.0,,,,,3633.0,,1185.0,2435.0,2983.0,986.0,,,,3824.0,,,132.0,,1345.0,,,438.0
,,576.0,,,,,262.0,,1262.0,1177.0,93.0,3049.0,,,,338.0,,,438.0,,2983.0,,,461.0
,,2582.0,,,,,2004.0,,1353.0,1467.0,1049.0,714.0,,,,3844.0,,,461.0,,93.0,,,498.0
,,1721.0,,,,,2313.0,,1751.0,81.0,1489.0,1093.0,,,,132.0,,,498.0,,1049.0,,,621.0
,,1741.0,,,,,389.0,,1786.0,818.0,1741.0,1384.0,,,,438.0,,,621.0,,1489.0,,,1037.0
,,42.0,,,,,554.0,,1942.0,1866.0,2948.0,436.0,,,,461.0,,,1037.0,,1741.0,,,1043.0
,,158.0,,,,,658.0,,2768.0,278.0,365.0,813.0,,,,498.0,,,1043.0,,2948.0,,,1308.0
,,424.0,,,,,1385.0,,2920.0,3445.0,1472.0,2467.0,,,,621.0,,,1308.0,,365.0,,,1349.0
,,486.0,,,,,1701.0,,2928.0,240.0,2752.0,1073.0,,,,1037.0,,,1349.0,,1472.0,,,1485.0
,,540.0,,,,,3506.0,,2558.0,2537.0,2982.0,1790.0,,,,1043.0,,,1485.0,,2752.0,,,1879.0
,,1150.0,,,,,1688.0,,17.0,3126.0,3622.0,2402.0,,,,1308.0,,,1879.0,,2982.0,,,1943.0
,,1256.0,,,,,3052.0,,742.0,86.0,3164.0,2815.0,,,,1349.0,,,1943.0,,3622.0,,,1966.0
,,2003.0,,,,,3849.0,,3235.0,1526.0,3852.0,354.0,,,,1485.0,,,1966.0,,3164.0,,,1983.0
,,2394.0,,,,,2854.0,,3550.0,3375.0,1510.0,90.0,,,,1879.0,,,1983.0,,3852.0,,,2380.0
,,2455.0,,,,,134.0,,576.0,3568.0,2401.0,1242.0,,,,1943.0,,,2380.0,,1510.0,,,2535.0
,,3044.0,,,,,477.0,,2582.0,627.0,1485.0,2139.0,,,,1966.0,,,2535.0,,2401.0,,,2658.0
,,558.0,,,,,1122.0,,1721.0,870.0,2105.0,770.0,,,,1983.0,,,2658.0,,1485.0,,,2712.0
,,823.0,,,,,1472.0,,1741.0,1820.0,2380.0,3579.0,,,,2380.0,,,2712.0,,2105.0,,,2755.0
,,1243.0,,,,,1579.0,,42.0,1879.0,2928.0,2039.0,,,,2535.0,,,2755.0,,2380.0,,,2792.0
,,1699.0,,,,,2435.0,,158.0,3821.0,3245.0,874.0,,,,2658.0,,,2792.0,,2928.0,,,2796.0
,,2986.0,,,,,1177.0,,424.0,2210.0,940.0,2359.0,,,,2712.0,,,2796.0,,3245.0,,,2928.0
,,277.0,,,,,1467.0,,486.0,3247.0,2418.0,1258.0,,,,2755.0,,,2928.0,,940.0,,,2960.0
,,3353.0,,,,,81.0,,540.0,3784.0,82.0,3635.0,,,,2792.0,,,2960.0,,2418.0,,,3152.0
,,1540.0,,,,,818.0,,1150.0,1507.0,2510.0,1133.0,,,,2796.0,,,3152.0,,82.0,,,3582.0
,,2418.0,,,,,1866.0,,1256.0,3018.0,481.0,475.0,,,,2928.0,,,3582.0,,2510.0,,,1516.0
,,265.0,,,,,278.0,,2003.0,3282.0,623.0,1664.0,,,,2960.0,,,1516.0,,481.0,,,1417.0
,,877.0,,,,,3445.0,,2394.0,1.0,2751.0,3597.0,,,,3152.0,,,1417.0,,623.0,,,1122.0
,,1654.0,,,,,240.0,,2455.0,1229.0,886.0,3060.0,,,,3582.0,,,1122.0,,2751.0,,,1579.0
,,1974.0,,,,,2537.0,,3044.0,1775.0,1724.0,3027.0,,,,1516.0,,,1579.0,,886.0,,,1673.0
,,2683.0,,,,,3126.0,,558.0,2256.0,545.0,2925.0,,,,1417.0,,,1673.0,,1724.0,,,604.0
,,1719.0,,,,,86.0,,823.0,2650.0,1355.0,1016.0,,,,1122.0,,,604.0,,545.0,,,2011.0
,,2446.0,,,,,1526.0,,1243.0,3451.0,3571.0,2523.0,,,,1579.0,,,2011.0,,1355.0,,,2177.0
,,2588.0,,,,,3375.0,,1699.0,241.0,3654.0,2686.0,,,,1673.0,,,2177.0,,3571.0,,,2209.0
,,2794.0,,,,,3568.0,,2986.0,1292.0,1961.0,834.0,,,,604.0,,,2209.0,,3654.0,,,2418.0
,,3633.0,,,,,627.0,,277.0,2706.0,2294.0,2784.0,,,,2011.0,,,2418.0,,1961.0,,,3382.0
,,262.0,,,,,870.0,,3353.0,3092.0,2295.0,1163.0,,,,2177.0,,,3382.0,,2294.0,,,158.0
,,2004.0,,,,,1820.0,,1540.0,3490.0,3114.0,1269.0,,,,2209.0,,,158.0,,2295.0,,,1259.0
,,2313.0,,,,,1879.0,,2418.0,1308.0,1124.0,962.0,,,,2418.0,,,1259.0,,3114.0,,,1180.0
,,389.0,,,,,3821.0,,265.0,1349.0,1467.0,1029.0,,,,3382.0,,,1180.0,,1124.0,,,1478.0
,,554.0,,,,,2210.0,,877.0,2681.0,1762.0,843.0,,,,158.0,,,1478.0,,1467.0,,,1772.0
,,658.0,,,,,3247.0,,1654.0,3164.0,3003.0,2918.0,,,,1259.0,,,1772.0,,1762.0,,,2670.0
,,1385.0,,,,,3784.0,,1974.0,3643.0,956.0,2592.0,,,,1180.0,,,2670.0,,3003.0,,,3634.0
,,1701.0,,,,,1507.0,,2683.0,3852.0,3562.0,2105.0,,,,1478.0,,,3634.0,,956.0,,,1998.0
,,3506.0,,,,,3018.0,,1719.0,729.0,3785.0,3324.0,,,,1772.0,,,1998.0,,3562.0,,,2507.0
,,1688.0,,,,,3282.0,,2446.0,1412.0,3851.0,3818.0,,,,2670.0,,,2507.0,,3785.0,,,2682.0
,,3052.0,,,,,1.0,,2588.0,2675.0,1976.0,3567.0,,,,3634.0,,,2682.0,,3851.0,,,3498.0
,,3849.0,,,,,1229.0,,2794.0,885.0,3809.0,1301.0,,,,1998.0,,,3498.0,,1976.0,,,30.0
,,668.0,,,,,1775.0,,3633.0,1473.0,380.0,1164.0,,,,2507.0,,,30.0,,3809.0,,,662.0
,,2854.0,,,,,2256.0,,262.0,2997.0,1211.0,1190.0,,,,2682.0,,,662.0,,380.0,,,1821.0
,,3074.0,,,,,2650.0,,2004.0,2912.0,1701.0,3442.0,,,,3498.0,,,1821.0,,1211.0,,,1965.0
,,3220.0,,,,,3451.0,,2313.0,433.0,2464.0,1622.0,,,,30.0,,,1965.0,,1701.0,,,3383.0
,,477.0,,,,,241.0,,389.0,3696.0,2691.0,2752.0,,,,662.0,,,3383.0,,2464.0,,,379.0
,,1122.0,,,,,1292.0,,554.0,178.0,3285.0,2806.0,,,,1821.0,,,379.0,,2691.0,,,1970.0
,,1472.0,,,,,2706.0,,658.0,259.0,1656.0,1566.0,,,,1965.0,,,1970.0,,3285.0,,,555.0
,,1579.0,,,,,3092.0,,1385.0,266.0,969.0,3429.0,,,,3383.0,,,555.0,,1656.0,,,1024.0
,,2435.0,,,,,3490.0,,1701.0,553.0,1109.0,1840.0,,,,379.0,,,1024.0,,969.0,,,3164.0
,,1177.0,,,,,1308.0,,3506.0,848.0,1786.0,2636.0,,,,1970.0,,,3164.0,,1109.0,,,3682.0
,,1467.0,,,,,1349.0,,1688.0,1304.0,2670.0,2944.0,,,,555.0,,,3682.0,,1786.0,,,3852.0
,,81.0,,,,,2681.0,,3052.0,3246.0,3456.0,211.0,,,,1024.0,,,3852.0,,2670.0,,,724.0
,,818.0,,,,,3164.0,,3849.0,781.0,265.0,1853.0,,,,3164.0,,,724.0,,3456.0,,,2126.0
,,1866.0,,,,,3643.0,,668.0,1463.0,931.0,2782.0,,,,3682.0,,,2126.0,,265.0,,,2510.0
,,278.0,,,,,3852.0,,2854.0,2545.0,1130.0,3452.0,,,,3852.0,,,2510.0,,931.0,,,3107.0
,,3445.0,,,,,729.0,,3074.0,2792.0,1233.0,103.0,,,,724.0,,,3107.0,,1130.0,,,3200.0
,,240.0,,,,,1412.0,,3220.0,1416.0,1900.0,2062.0,,,,2126.0,,,3200.0,,1233.0,,,1040.0
,,2537.0,,,,,2675.0,,477.0,3016.0,1974.0,2758.0,,,,2510.0,,,1040.0,,1900.0,,,1383.0
,,3126.0,,,,,885.0,,1122.0,3644.0,3304.0,2909.0,,,,3107.0,,,1383.0,,1974.0,,,1467.0
,,86.0,,,,,1473.0,,1472.0,699.0,218.0,2552.0,,,,3200.0,,,1467.0,,3304.0,,,1527.0
,,1526.0,,,,,2997.0,,1579.0,2848.0,1271.0,3645.0,,,,1040.0,,,1967.0,,218.0,,,1967.0
,,3375.0,,,,,2912.0,,2435.0,3498.0,1415.0,234.0,,,,1383.0,,,286.0,,1271.0,,,286.0
,,3568.0,,,,,433.0,,1177.0,3783.0,1713.0,1734.0,,,,1467.0,,,1061.0,,1415.0,,,1061.0
,,627.0,,,,,3696.0,,1467.0,116.0,2097.0,2604.0,,,,1527.0,,,1201.0,,1713.0,,,1201.0
,,870.0,,,,,178.0,,81.0,174.0,2155.0,1557.0,,,,1967.0,,,1233.0,,2097.0,,,1233.0
,,1820.0,,,,,259.0,,818.0,837.0,2430.0,844.0,,,,286.0,,,3176.0,,2155.0,,,3176.0
,,1879.0,,,,,266.0,,1866.0,2096.0,2754.0,1737.0,,,,1061.0,,,3252.0,,2430.0,,,3252.0
,,3821.0,,,,,553.0,,278.0,3354.0,3017.0,2228.0,,,,1201.0,,,556.0,,2754.0,,,556.0
,,2210.0,,,,,848.0,,3445.0,3137.0,3138.0,3007.0,,,,1233.0,,,1102.0,,3017.0,,,1102.0
,,3247.0,,,,,1304.0,,240.0,3257.0,3480.0,3826.0,,,,3176.0,,,2008.0,,3138.0,,,2008.0
,,3784.0,,,,,3246.0,,2537.0,2403.0,1115.0,3190.0,,,,3252.0,,,2486.0,,3480.0,,,2486.0
,,1507.0,,,,,781.0,,3126.0,132.0,3549.0,2768.0,,,,556.0,,,2502.0,,1115.0,,,2502.0
,,3018.0,,,,,1463.0,,86.0,1261.0,3812.0,3706.0,,,,1102.0,,,3426.0,,3549.0,,,3426.0
,,3282.0,,,,,2545.0,,1526.0,2380.0,408.0,1504.0,,,,2008.0,,,3583.0,,3812.0,,,3583.0
,,1.0,,,,,2792.0,,3375.0,3245.0,471.0,349.0,,,,2486.0,,,171.0,,408.0,,,171.0
,,1229.0,,,,,1416.0,,3568.0,1533.0,1844.0,3044.0,,,,2502.0,,,1580.0,,471.0,,,1580.0
,,1775.0,,,,,3644.0,,627.0,2906.0,2296.0,431.0,,,,3426.0,,,1635.0,,1844.0,,,1635.0
,,2256.0,,,,,699.0,,870.0,3631.0,1827.0,55.0,,,,3583.0,,,497.0,,2296.0,,,497.0
,,2650.0,,,,,2848.0,,1820.0,1773.0,2486.0,1433.0,,,,171.0,,,917.0,,1827.0,,,917.0
,,3451.0,,,,,3498.0,,1879.0,2427.0,3053.0,2306.0,,,,1580.0,,,1542.0,,2486.0,,,1542.0
,,241.0,,,,,3783.0,,3821.0,3845.0,3409.0,952.0,,,,1635.0,,,2688.0,,3053.0,,,2688.0
,,1292.0,,,,,116.0,,2210.0,24.0,3583.0,2080.0,,,,497.0,,,3214.0,,3409.0,,,3214.0
,,2706.0,,,,,174.0,,3247.0,1141.0,484.0,403.0,,,,917.0,,,1352.0,,3583.0,,,1352.0
,,3092.0,,,,,837.0,,3784.0,157.0,889.0,3312.0,,,,1542.0,,,2059.0,,484.0,,,2059.0
,,3490.0,,,,,2096.0,,1507.0,1994.0,2619.0,2540.0,,,,2688.0,,,2793.0,,889.0,,,2793.0
,,1308.0,,,,,3354.0,,3018.0,2524.0,3647.0,2381.0,,,,3214.0,,,209.0,,2619.0,,,209.0
,,1349.0,,,,,3137.0,,3282.0,3808.0,85.0,3401.0,,,,1352.0,,,1507.0,,3647.0,,,1507.0
,,2681.0,,,,,3257.0,,1.0,3824.0,885.0,2309.0,,,,2059.0,,,2624.0,,85.0,,,2624.0
,,3164.0,,,,,2403.0,,1229.0,177.0,1473.0,3131.0,,,,2793.0,,,3016.0,,885.0,,,3016.0
,,3643.0,,,,,132.0,,1775.0,918.0,1978.0,1827.0,,,,209.0,,,166.0,,1473.0,,,166.0
,,3852.0,,,,,1261.0,,2256.0,1049.0,3163.0,129.0,,,,1507.0,,,1182.0,,1978.0,,,1182.0
,,729.0,,,,,2380.0,,2650.0,1560.0,2108.0,1910.0,,,,2624.0,,,3674.0,,3163.0,,,3674.0
,,1412.0,,,,,3245.0,,3451.0,2076.0,2900.0,1689.0,,,,3016.0,,,3799.0,,2108.0,,,3799.0
,,2675.0,,,,,1533.0,,241.0,2755.0,3550.0,3370.0,,,,166.0,,,3851.0,,2900.0,,,3851.0
,,885.0,,,,,2906.0,,1292.0,2948.0,3740.0,1413.0,,,,1182.0,,,2383.0,,3550.0,,,2383.0
,,1473.0,,,,,3631.0,,2706.0,2999.0,174.0,3561.0,,,,3674.0,,,143.0,,3740.0,,,143.0
,,2997.0,,,,,1773.0,,3092.0,2212.0,374.0,2476.0,,,,3799.0,,,218.0,,174.0,,,218.0
,,2912.0,,,,,2427.0,,3490.0,3822.0,381.0,2956.0,,,,3851.0,,,1415.0,,374.0,,,1415.0
,,433.0,,,,,3845.0,,1308.0,3.0,398.0,1211.0,,,,2383.0,,,1746.0,,381.0,,,1746.0
,,3696.0,,,,,24.0,,1349.0,9.0,746.0,1898.0,,,,143.0,,,3189.0,,398.0,,,3189.0
,,178.0,,,,,1141.0,,2681.0,133.0,773.0,371.0,,,,218.0,,,3381.0,,746.0,,,3381.0
,,259.0,,,,,157.0,,3164.0,269.0,791.0,397.0,,,,1415.0,,,2.0,,773.0,,,2.0
,,266.0,,,,,1994.0,,3643.0,468.0,837.0,2366.0,,,,1746.0,,,736.0,,791.0,,,736.0
,,553.0,,,,,2524.0,,3852.0,1135.0,864.0,2009.0,,,,3189.0,,,1866.0,,837.0,,,1866.0
,,848.0,,,,,3808.0,,729.0,1147.0,960.0,2401.0,,,,3381.0,,,2277.0,,864.0,,,2277.0
,,1304.0,,,,,3824.0,,1412.0,2431.0,983.0,1687.0,,,,2.0,,,2351.0,,960.0,,,2351.0
,,3246.0,,,,,177.0,,2675.0,3195.0,1035.0,1275.0,,,,736.0,,,381.0,,983.0,,,381.0
,,781.0,,,,,918.0,,885.0,556.0,1366.0,2057.0,,,,1866.0,,,634.0,,1035.0,,,634.0
,,1463.0,,,,,1049.0,,1473.0,1102.0,1524.0,1101.0,,,,2277.0,,,1825.0,,1366.0,,,1825.0
,,2545.0,,,,,1560.0,,2997.0,1783.0,1605.0,283.0,,,,2351.0,,,2127.0,,1524.0,,,2127.0
,,2792.0,,,,,2076.0,,2912.0,2486.0,1719.0,891.0,,,,381.0,,,2173.0,,1605.0,,,2173.0
,,1416.0,,,,,2755.0,,433.0,2502.0,1722.0,1062.0,,,,634.0,,,2302.0,,1719.0,,,2302.0
,,3016.0,,,,,2948.0,,3696.0,2786.0,1788.0,1647.0,,,,1825.0,,,2794.0,,1722.0,,,2794.0
,,3644.0,,,,,2999.0,,178.0,3130.0,1968.0,2517.0,,,,2127.0,,,486.0,,1788.0,,,486.0
,,699.0,,,,,2212.0,,259.0,3426.0,2118.0,3245.0,,,,2173.0,,,540.0,,1968.0,,,540.0
,,2848.0,,,,,3822.0,,266.0,3583.0,2183.0,1001.0,,,,2302.0,,,1142.0,,2118.0,,,1142.0
,,3498.0,,,,,3.0,,553.0,1778.0,2516.0,2679.0,,,,2794.0,,,1693.0,,2183.0,,,1693.0
,,3783.0,,,,,9.0,,848.0,91.0,3048.0,2923.0,,,,486.0,,,2003.0,,2516.0,,,2003.0
,,116.0,,,,,133.0,,1304.0,1142.0,3095.0,2292.0,,,,540.0,,,2485.0,,3048.0,,,2485.0
,,174.0,,,,,269.0,,3246.0,604.0,3208.0,368.0,,,,1142.0,,,2672.0,,3095.0,,,2672.0
,,837.0,,,,,468.0,,781.0,940.0,3352.0,1036.0,,,,1693.0,,,3061.0,,3352.0,,,3061.0
,,2096.0,,,,,1135.0,,1463.0,1048.0,3354.0,1560.0,,,,2003.0,,,3357.0,,3354.0,,,3357.0
,,3354.0,,,,,1147.0,,2545.0,3188.0,3497.0,1894.0,,,,2485.0,,,18.0,,3497.0,,,18.0
,,3137.0,,,,,2431.0,,2792.0,3669.0,3670.0,842.0,,,,2672.0,,,918.0,,3670.0,,,918.0
,,3257.0,,,,,3195.0,,1416.0,1698.0,3684.0,1440.0,,,,3061.0,,,2702.0,,3684.0,,,2702.0
,,2403.0,,,,,556.0,,3016.0,1900.0,3789.0,1796.0,,,,3357.0,,,3347.0,,3789.0,,,3347.0
,,132.0,,,,,1102.0,,3644.0,3076.0,3844.0,2450.0,,,,18.0,,,84.0,,3844.0,,,84.0
,,1261.0,,,,,1783.0,,699.0,3459.0,790.0,920.0,,,,918.0,,,183.0,,790.0,,,183.0
,,2380.0,,,,,2486.0,,2848.0,929.0,2855.0,3005.0,,,,2702.0,,,666.0,,2855.0,,,666.0
,,3245.0,,,,,2502.0,,3498.0,821.0,167.0,582.0,,,,3347.0,,,3210.0,,167.0,,,3210.0
,,1533.0,,,,,2786.0,,3783.0,26.0,3606.0,1517.0,,,,84.0,,,3433.0,,3606.0,,,3433.0
,,2906.0,,,,,3130.0,,116.0,381.0,1668.0,365.0,,,,183.0,,,669.0,,1668.0,,,669.0
,,3631.0,,,,,3426.0,,174.0,611.0,1828.0,698.0,,,,666.0,,,1065.0,,1828.0,,,1065.0
,,1773.0,,,,,3583.0,,837.0,2487.0,2524.0,1678.0,,,,3210.0,,,885.0,,2524.0,,,885.0
,,3845.0,,,,,1778.0,,2096.0,3019.0,3301.0,2254.0,,,,3433.0,,,1473.0,,3301.0,,,1473.0
,,24.0,,,,,91.0,,3354.0,2178.0,3824.0,2220.0,,,,669.0,,,3163.0,,3824.0,,,3163.0
,,1141.0,,,,,1142.0,,3137.0,942.0,314.0,2986.0,,,,1065.0,,,3317.0,,314.0,,,3317.0
,,157.0,,,,,604.0,,3257.0,1690.0,1687.0,3117.0,,,,885.0,,,23.0,,1687.0,,,23.0
,,1994.0,,,,,940.0,,2403.0,2696.0,3696.0,3415.0,,,,1473.0,,,374.0,,3696.0,,,374.0
,,2524.0,,,,,1048.0,,132.0,496.0,384.0,1497.0,,,,3163.0,,,472.0,,384.0,,,472.0
,,3808.0,,,,,3188.0,,1261.0,1240.0,584.0,1990.0,,,,3317.0,,,1706.0,,584.0,,,1706.0
,,3824.0,,,,,3669.0,,2380.0,1774.0,740.0,1154.0,,,,23.0,,,1826.0,,740.0,,,1826.0
,,177.0,,,,,1698.0,,3245.0,1967.0,827.0,1129.0,,,,374.0,,,2877.0,,827.0,,,2877.0
,,918.0,,,,,1900.0,,1533.0,3003.0,863.0,2098.0,,,,472.0,,,989.0,,863.0,,,989.0
,,1049.0,,,,,3076.0,,2906.0,3684.0,1063.0,2896.0,,,,1706.0,,,1309.0,,1063.0,,,1309.0
,,1560.0,,,,,3459.0,,3631.0,417.0,1260.0,3348.0,,,,1826.0,,,3068.0,,1260.0,,,3068.0
,,2076.0,,,,,929.0,,1773.0,727.0,1545.0,2825.0,,,,2877.0,,,32.0,,1545.0,,,32.0
,,2755.0,,,,,821.0,,3845.0,1556.0,1760.0,2969.0,,,,989.0,,,262.0,,1760.0,,,262.0
,,2948.0,,,,,26.0,,24.0,2086.0,2117.0,3290.0,,,,1309.0,,,1695.0,,2117.0,,,1695.0
,,2999.0,,,,,381.0,,1141.0,3206.0,3197.0,3330.0,,,,3068.0,,,916.0,,3197.0,,,916.0
,,2212.0,,,,,611.0,,157.0,2181.0,349.0,2064.0,,,,32.0,,,1347.0,,349.0,,,1347.0
,,3822.0,,,,,2487.0,,1994.0,411.0,377.0,2705.0,,,,262.0,,,3550.0,,377.0,,,3550.0
,,3.0,,,,,3019.0,,2524.0,906.0,1150.0,3285.0,,,,1695.0,,,174.0,,1150.0,,,174.0
,,9.0,,,,,2178.0,,3808.0,1129.0,1256.0,478.0,,,,916.0,,,233.0,,1256.0,,,233.0
,,133.0,,,,,942.0,,3824.0,3068.0,2455.0,1980.0,,,,1347.0,,,837.0,,2455.0,,,837.0
,,269.0,,,,,1690.0,,177.0,2464.0,2485.0,782.0,,,,3550.0,,,960.0,,2485.0,,,960.0
,,468.0,,,,,2696.0,,918.0,2855.0,1001.0,3568.0,,,,174.0,,,992.0,,1001.0,,,992.0
,,1135.0,,,,,496.0,,1049.0,218.0,2923.0,1139.0,,,,233.0,,,2448.0,,2923.0,,,2448.0
,,1147.0,,,,,1240.0,,1560.0,603.0,3495.0,1738.0,,,,837.0,,,268.0,,3495.0,,,268.0
,,2431.0,,,,,1774.0,,2076.0,1271.0,3741.0,3008.0,,,,960.0,,,314.0,,3741.0,,,314.0
,,3195.0,,,,,1967.0,,2755.0,2097.0,277.0,1780.0,,,,992.0,,,433.0,,277.0,,,433.0
,,556.0,,,,,3003.0,,2948.0,2430.0,2052.0,627.0,,,,2448.0,,,460.0,,2052.0,,,460.0
,,1102.0,,,,,3684.0,,2999.0,2754.0,3353.0,1264.0,,,,268.0,,,803.0,,3353.0,,,803.0
,,1783.0,,,,,417.0,,2212.0,3017.0,865.0,1691.0,,,,314.0,,,1013.0,,865.0,,,1013.0
,,2486.0,,,,,727.0,,3822.0,3202.0,869.0,3047.0,,,,433.0,,,1170.0,,869.0,,,1170.0
,,2502.0,,,,,1556.0,,3.0,922.0,3400.0,1127.0,,,,460.0,,,1367.0,,3400.0,,,1367.0
,,2786.0,,,,,2086.0,,9.0,1850.0,1.0,2905.0,,,,803.0,,,1368.0,,1.0,,,1368.0
,,3130.0,,,,,3206.0,,133.0,1927.0,13.0,3069.0,,,,1013.0,,,1650.0,,13.0,,,1650.0
,,3426.0,,,,,2181.0,,269.0,2189.0,170.0,27.0,,,,1170.0,,,1745.0,,170.0,,,1745.0
,,3583.0,,,,,411.0,,468.0,3209.0,660.0,1593.0,,,,1367.0,,,2647.0,,660.0,,,2647.0
,,1778.0,,,,,906.0,,1135.0,3579.0,1522.0,2834.0,,,,1368.0,,,2934.0,,1522.0,,,2934.0
,,91.0,,,,,1129.0,,1147.0,446.0,1938.0,3088.0,,,,1650.0,,,3233.0,,1938.0,,,3233.0
,,1142.0,,,,,3068.0,,2431.0,476.0,3212.0,3369.0,,,,1745.0,,,3696.0,,3212.0,,,3696.0
,,604.0,,,,,2464.0,,3195.0,3797.0,3518.0,1274.0,,,,2647.0,,,1.0,,3518.0,,,1.0
,,940.0,,,,,2855.0,,556.0,285.0,228.0,2774.0,,,,2934.0,,,117.0,,228.0,,,117.0
,,1048.0,,,,,218.0,,1102.0,1231.0,342.0,1489.0,,,,3233.0,,,1208.0,,342.0,,,1208.0
,,3188.0,,,,,1271.0,,1783.0,2159.0,1781.0,2451.0,,,,3696.0,,,1559.0,,1781.0,,,1559.0
,,3669.0,,,,,2097.0,,2486.0,2322.0,3499.0,2171.0,,,,1.0,,,2256.0,,3499.0,,,2256.0
,,1698.0,,,,,2430.0,,2502.0,2814.0,18.0,2390.0,,,,117.0,,,2650.0,,18.0,,,2650.0
,,1900.0,,,,,2754.0,,2786.0,3093.0,2702.0,3671.0,,,,1208.0,,,2666.0,,2702.0,,,2666.0
,,3076.0,,,,,3017.0,,3130.0,3095.0,2768.0,1548.0,,,,1559.0,,,2945.0,,2768.0,,,2945.0
,,3459.0,,,,,3202.0,,3426.0,696.0,2895.0,3694.0,,,,2256.0,,,3145.0,,2895.0,,,3145.0
,,929.0,,,,,922.0,,3583.0,1414.0,3811.0,479.0,,,,2650.0,,,2189.0,,3811.0,,,2189.0
,,821.0,,,,,1850.0,,1778.0,1592.0,3643.0,1519.0,,,,2666.0,,,3209.0,,3643.0,,,3209.0
,,26.0,,,,,1927.0,,91.0,3488.0,3797.0,2293.0,,,,2945.0,,,2431.0,,3797.0,,,2431.0
,,381.0,,,,,2189.0,,1142.0,2021.0,3692.0,3086.0,,,,3145.0,,,3195.0,,3692.0,,,3195.0
,,611.0,,,,,3209.0,,604.0,3674.0,2178.0,552.0,,,,2189.0,,,382.0,,2178.0,,,382.0
,,2487.0,,,,,3579.0,,940.0,3851.0,2435.0,1135.0,,,,3209.0,,,727.0,,2435.0,,,727.0
,,3019.0,,,,,446.0,,1048.0,649.0,3513.0,3430.0,,,,2431.0,,,876.0,,3513.0,,,876.0
,,2178.0,,,,,476.0,,3188.0,660.0,3717.0,1768.0,,,,3195.0,,,3603.0,,3717.0,,,3603.0
,,942.0,,,,,3797.0,,3669.0,1484.0,2102.0,1784.0,,,,382.0,,,2170.0,,2102.0,,,2170.0
,,1690.0,,,,,285.0,,1698.0,1534.0,2325.0,3669.0,,,,727.0,,,3155.0,,2325.0,,,3155.0
,,2696.0,,,,,1231.0,,1900.0,1536.0,213.0,1973.0,,,,876.0,,,5.0,,213.0,,,5.0
,,496.0,,,,,2159.0,,3076.0,2546.0,1520.0,2598.0,,,,3603.0,,,869.0,,1520.0,,,869.0
,,1240.0,,,,,2322.0,,3459.0,3293.0,1611.0,2704.0,,,,2170.0,,,1597.0,,1611.0,,,1597.0
,,1774.0,,,,,2814.0,,929.0,2568.0,2353.0,251.0,,,,3155.0,,,2348.0,,2353.0,,,2348.0
,,1967.0,,,,,3093.0,,821.0,145.0,2680.0,290.0,,,,5.0,,,2913.0,,2680.0,,,2913.0
,,3003.0,,,,,3095.0,,26.0,2491.0,2709.0,2116.0,,,,869.0,,,3257.0,,2709.0,,,3257.0
,,3684.0,,,,,696.0,,381.0,2511.0,3165.0,2206.0,,,,1597.0,,,3833.0,,3165.0,,,3833.0
,,417.0,,,,,1414.0,,611.0,3317.0,3246.0,2207.0,,,,2348.0,,,101.0,,3246.0,,,101.0
,,727.0,,,,,1592.0,,2487.0,385.0,984.0,2438.0,,,,2913.0,,,684.0,,984.0,,,684.0
,,1556.0,,,,,3488.0,,3019.0,481.0,1134.0,583.0,,,,3257.0,,,1763.0,,1134.0,,,1763.0
,,2086.0,,,,,2021.0,,2178.0,1523.0,1179.0,1488.0,,,,3833.0,,,1823.0,,1179.0,,,1823.0
,,3206.0,,,,,3674.0,,942.0,1669.0,1993.0,3108.0,,,,101.0,,,2372.0,,1993.0,,,2372.0
,,2181.0,,,,,3851.0,,1690.0,2312.0,1416.0,177.0,,,,684.0,,,2532.0,,1416.0,,,2532.0
,,411.0,,,,,649.0,,2696.0,2336.0,2940.0,1348.0,,,,1763.0,,,2572.0,,2940.0,,,2572.0
,,906.0,,,,,660.0,,496.0,2371.0,3106.0,26.0,,,,1823.0,,,668.0,,3106.0,,,668.0
,,1129.0,,,,,1484.0,,1240.0,2599.0,3725.0,653.0,,,,2372.0,,,2854.0,,3725.0,,,2854.0
,,3068.0,,,,,1534.0,,1774.0,3058.0,2403.0,663.0,,,,2532.0,,,3074.0,,2403.0,,,3074.0
,,2464.0,,,,,1536.0,,1967.0,3683.0,275.0,983.0,,,,2572.0,,,3135.0,,275.0,,,3135.0
,,2855.0,,,,,2546.0,,3003.0,3837.0,1901.0,1830.0,,,,668.0,,,3220.0,,1901.0,,,3220.0
,,218.0,,,,,3293.0,,3684.0,1574.0,2210.0,2804.0,,,,2854.0,,,3676.0,,2210.0,,,3676.0
,,603.0,,,,,2568.0,,417.0,2002.0,2576.0,1556.0,,,,3074.0,,,1303.0,,2576.0,,,1303.0
,,1271.0,,,,,145.0,,727.0,2508.0,2652.0,2663.0,,,,3135.0,,,1510.0,,2652.0,,,1510.0
,,2097.0,,,,,2491.0,,1556.0,3373.0,3200.0,3386.0,,,,3220.0,,,3402.0,,3200.0,,,3402.0
,,2430.0,,,,,2511.0,,2086.0,379.0,3784.0,2360.0,,,,3676.0,,,1028.0,,3784.0,,,1028.0
,,2754.0,,,,,3317.0,,3206.0,2306.0,6.0,172.0,,,,1303.0,,,3192.0,,6.0,,,3192.0
,,3017.0,,,,,385.0,,2181.0,3494.0,1048.0,3106.0,,,,1510.0,,,3213.0,,1048.0,,,3213.0
,,3202.0,,,,,481.0,,411.0,272.0,1767.0,3697.0,,,,3402.0,,,3690.0,,1767.0,,,3690.0
,,922.0,,,,,1523.0,,906.0,2850.0,371.0,1699.0,,,,1028.0,,,661.0,,371.0,,,661.0
,,1850.0,,,,,1669.0,,1129.0,2971.0,619.0,224.0,,,,3192.0,,,696.0,,619.0,,,696.0
,,1927.0,,,,,2312.0,,3068.0,3047.0,1144.0,1573.0,,,,3213.0,,,700.0,,1144.0,,,700.0
,,2189.0,,,,,2336.0,,2464.0,2540.0,1261.0,2696.0,,,,3690.0,,,366.0,,1261.0,,,366.0
,,3209.0,,,,,2371.0,,2855.0,155.0,1333.0,278.0,,,,661.0,,,1049.0,,1333.0,,,1049.0
,,3579.0,,,,,2599.0,,218.0,442.0,2422.0,1594.0,,,,696.0,,,1741.0,,2422.0,,,1741.0
,,446.0,,,,,3058.0,,603.0,875.0,2474.0,1760.0,,,,700.0,,,2347.0,,2474.0,,,2347.0
,,476.0,,,,,3683.0,,1271.0,945.0,2699.0,3802.0,,,,366.0,,,2778.0,,2699.0,,,2778.0
,,3797.0,,,,,3837.0,,2097.0,1782.0,3369.0,470.0,,,,1049.0,,,790.0,,3369.0,,,790.0
,,285.0,,,,,1574.0,,2430.0,1877.0,3428.0,2814.0,,,,1741.0,,,3349.0,,3428.0,,,3349.0
,,1231.0,,,,,2002.0,,2754.0,2379.0,767.0,3282.0,,,,2347.0,,,547.0,,767.0,,,547.0
,,2322.0,,,,,2508.0,,3017.0,2459.0,1702.0,126.0,,,,2778.0,,,3105.0,,1702.0,,,3105.0
,,2814.0,,,,,3373.0,,3202.0,3630.0,2732.0,1409.0,,,,790.0,,,3489.0,,3675.0,,,3489.0
,,3095.0,,,,,379.0,,922.0,1616.0,3675.0,2125.0,,,,3349.0,,,3396.0,,3798.0,,,3396.0
,,696.0,,,,,2306.0,,1850.0,1788.0,3798.0,1843.0,,,,547.0,,,3810.0,,389.0,,,3810.0
,,1414.0,,,,,3494.0,,1927.0,2346.0,389.0,2040.0,,,,3105.0,,,3320.0,,1458.0,,,3320.0
,,1592.0,,,,,272.0,,2189.0,1956.0,1458.0,2187.0,,,,3489.0,,,386.0,,2187.0,,,386.0
,,3488.0,,,,,2850.0,,3209.0,3798.0,1843.0,383.0,,,,3396.0,,,545.0,,3290.0,,,545.0
,,2021.0,,,,,2971.0,,3579.0,1895.0,2187.0,579.0,,,,3810.0,,,617.0,,1412.0,,,617.0
,,3674.0,,,,,3047.0,,446.0,41.0,3290.0,922.0,,,,3320.0,,,1034.0,,2333.0,,,1034.0
,,3851.0,,,,,155.0,,476.0,654.0,1412.0,984.0,,,,386.0,,,1749.0,,3673.0,,,1749.0
,,649.0,,,,,442.0,,3797.0,1062.0,2333.0,2730.0,,,,545.0,,,2274.0,,3674.0,,,2274.0
,,660.0,,,,,875.0,,285.0,1750.0,3673.0,3126.0,,,,617.0,,,2308.0,,3799.0,,,2308.0
,,1484.0,,,,,945.0,,1231.0,2817.0,3674.0,3648.0,,,,1034.0,,,2817.0,,15.0,,,2817.0
,,1534.0,,,,,1782.0,,2322.0,3571.0,3799.0,372.0,,,,1749.0,,,836.0,,1050.0,,,836.0
,,1536.0,,,,,1877.0,,2814.0,102.0,15.0,649.0,,,,2274.0,,,2178.0,,1177.0,,,2178.0
,,2546.0,,,,,2379.0,,3095.0,3523.0,1050.0,660.0,,,,2308.0,,,722.0,,1232.0,,,722.0
,,3293.0,,,,,2459.0,,696.0,2682.0,1177.0,1207.0,,,,2817.0,,,1048.0,,1312.0,,,1048.0
,,2568.0,,,,,3630.0,,1414.0,3050.0,1232.0,3576.0,,,,836.0,,,1209.0,,1928.0,,,1209.0
,,145.0,,,,,1616.0,,1592.0,1080.0,1312.0,1084.0,,,,2178.0,,,1432.0,,1952.0,,,1432.0
,,2491.0,,,,,1788.0,,3488.0,1297.0,1928.0,2779.0,,,,722.0,,,1656.0,,1962.0,,,1656.0
,,2511.0,,,,,2346.0,,2021.0,1299.0,1952.0,2886.0,,,,1048.0,,,1761.0,,1967.0,,,1761.0
,,3317.0,,,,,1956.0,,3674.0,1485.0,1962.0,1930.0,,,,1209.0,,,1767.0,,2728.0,,,1767.0
,,385.0,,,,,3798.0,,3851.0,1593.0,1967.0,3009.0,,,,1432.0,,,2249.0,,3484.0,,,2249.0
,,481.0,,,,,1895.0,,649.0,3489.0,2728.0,3506.0,,,,1656.0,,,2618.0,,214.0,,,2618.0
,,1523.0,,,,,41.0,,660.0,495.0,3484.0,3529.0,,,,1761.0,,,2801.0,,367.0,,,2801.0
,,1669.0,,,,,654.0,,1484.0,1332.0,214.0,2227.0,,,,1767.0,,,2920.0,,797.0,,,2920.0
,,2312.0,,,,,1062.0,,1534.0,1668.0,367.0,2378.0,,,,2249.0,,,1307.0,,1007.0,,,1307.0
,,2336.0,,,,,1750.0,,1536.0,2845.0,797.0,3146.0,,,,2618.0,,,2731.0,,1178.0,,,2731.0
,,2371.0,,,,,2817.0,,2546.0,2943.0,1007.0,259.0,,,,2801.0,,,2559.0,,1227.0,,,2559.0
,,2599.0,,,,,3571.0,,3293.0,3301.0,1178.0,1979.0,,,,2920.0,,,2711.0,,1662.0,,,2711.0
,,3058.0,,,,,102.0,,2568.0,2211.0,1227.0,2240.0,,,,1307.0,,,275.0,,1845.0,,,275.0
,,3683.0,,,,,3523.0,,145.0,3549.0,1662.0,2524.0,,,,2731.0,,,2181.0,,2970.0,,,2181.0
,,3837.0,,,,,2682.0,,2491.0,3629.0,1845.0,338.0,,,,2559.0,,,239.0,,3141.0,,,239.0
,,1574.0,,,,,3050.0,,2511.0,3812.0,2970.0,438.0,,,,2711.0,,,1868.0,,3430.0,,,1868.0
,,2002.0,,,,,1080.0,,3317.0,2873.0,3141.0,461.0,,,,275.0,,,2735.0,,3782.0,,,2735.0
,,2508.0,,,,,1297.0,,385.0,4.0,3430.0,621.0,,,,2181.0,,,3025.0,,1110.0,,,3025.0
,,3373.0,,,,,1299.0,,481.0,402.0,3782.0,1037.0,,,,239.0,,,3698.0,,1195.0,,,3698.0
,,379.0,,,,,1485.0,,1523.0,1180.0,1110.0,1043.0,,,,1868.0,,,850.0,,1506.0,,,850.0
,,2306.0,,,,,1593.0,,1669.0,1772.0,1195.0,1308.0,,,,2735.0,,,862.0,,2176.0,,,862.0
,,3494.0,,,,,3489.0,,2312.0,2433.0,1506.0,1349.0,,,,3025.0,,,2339.0,,2631.0,,,2339.0
,,272.0,,,,,495.0,,2336.0,3634.0,2176.0,1879.0,,,,3698.0,,,3310.0,,3346.0,,,3310.0
,,2971.0,,,,,1332.0,,2371.0,621.0,2631.0,1943.0,,,,850.0,,,295.0,,3599.0,,,295.0
,,3047.0,,,,,1668.0,,2599.0,1489.0,3346.0,2535.0,,,,862.0,,,1031.0,,3835.0,,,1031.0
,,2540.0,,,,,2845.0,,3058.0,3352.0,3599.0,2658.0,,,,2339.0,,,1241.0,,2261.0,,,1241.0
,,155.0,,,,,2943.0,,3683.0,171.0,3835.0,2712.0,,,,3310.0,,,1762.0,,272.0,,,1762.0
,,442.0,,,,,3301.0,,3837.0,249.0,2261.0,2792.0,,,,295.0,,,1774.0,,669.0,,,1774.0
,,875.0,,,,,2211.0,,1574.0,410.0,272.0,2796.0,,,,1031.0,,,1952.0,,744.0,,,1952.0
,,945.0,,,,,3549.0,,2002.0,498.0,669.0,2960.0,,,,1241.0,,,2112.0,,2971.0,,,2112.0
,,1782.0,,,,,3629.0,,2508.0,854.0,744.0,3152.0,,,,1762.0,,,2586.0,,3020.0,,,2586.0
,,1877.0,,,,,3812.0,,3373.0,1183.0,2971.0,1516.0,,,,1774.0,,,212.0,,3783.0,,,212.0
,,2379.0,,,,,2873.0,,379.0,1410.0,3020.0,1673.0,,,,1952.0,,,1771.0,,459.0,,,1771.0
,,2459.0,,,,,4.0,,2306.0,1894.0,3783.0,604.0,,,,2112.0,,,2324.0,,696.0,,,2324.0
,,3630.0,,,,,402.0,,3494.0,2247.0,459.0,2011.0,,,,2586.0,,,2938.0,,3375.0,,,2938.0
,,1616.0,,,,,1180.0,,272.0,2309.0,696.0,2177.0,,,,212.0,,,481.0,,414.0,,,481.0
,,1788.0,,,,,1772.0,,2971.0,2701.0,3375.0,2209.0,,,,1771.0,,,1698.0,,3030.0,,,1698.0
,,2346.0,,,,,2433.0,,3047.0,3139.0,414.0,3382.0,,,,2324.0,,,1900.0,,3201.0,,,1900.0
,,3798.0,,,,,3634.0,,2540.0,3141.0,3030.0,1180.0,,,,2938.0,,,930.0,,3363.0,,,930.0
,,1895.0,,,,,1489.0,,155.0,3192.0,3201.0,1478.0,,,,481.0,,,1543.0,,3807.0,,,1543.0
,,41.0,,,,,3352.0,,442.0,3574.0,3363.0,1772.0,,,,1698.0,,,1895.0,,821.0,,,1895.0
,,654.0,,,,,171.0,,875.0,2989.0,3807.0,2670.0,,,,1900.0,,,1783.0,,963.0,,,1783.0
,,1062.0,,,,,249.0,,945.0,3135.0,821.0,1998.0,,,,930.0,,,2645.0,,288.0,,,2645.0
,,1750.0,,,,,410.0,,1782.0,551.0,963.0,2507.0,,,,1543.0,,,3714.0,,583.0,,,3714.0
,,2817.0,,,,,498.0,,1877.0,1667.0,288.0,2682.0,,,,1895.0,,,363.0,,735.0,,,363.0
,,3571.0,,,,,854.0,,2379.0,2008.0,583.0,3498.0,,,,1783.0,,,1289.0,,813.0,,,1289.0
,,102.0,,,,,1183.0,,2459.0,3037.0,735.0,30.0,,,,2645.0,,,2430.0,,829.0,,,2430.0
,,3523.0,,,,,1410.0,,3630.0,2783.0,813.0,662.0,,,,3714.0,,,2754.0,,1234.0,,,2754.0
,,2682.0,,,,,1894.0,,1616.0,572.0,829.0,1821.0,,,,363.0,,,3350.0,,1498.0,,,3350.0
,,3050.0,,,,,2247.0,,1788.0,1733.0,1234.0,1965.0,,,,1289.0,,,544.0,,2224.0,,,544.0
,,1080.0,,,,,2309.0,,2346.0,2450.0,1498.0,3383.0,,,,2430.0,,,2454.0,,3176.0,,,2454.0
,,1297.0,,,,,2701.0,,3798.0,2982.0,2224.0,379.0,,,,2754.0,,,3166.0,,3252.0,,,3166.0
,,1299.0,,,,,3139.0,,1895.0,1684.0,3176.0,1970.0,,,,3350.0,,,3302.0,,253.0,,,3302.0
,,1485.0,,,,,3141.0,,41.0,3575.0,3252.0,555.0,,,,544.0,,,3494.0,,494.0,,,3494.0
,,1593.0,,,,,3192.0,,654.0,248.0,253.0,1024.0,,,,2454.0,,,539.0,,955.0,,,539.0
,,3489.0,,,,,3574.0,,1062.0,377.0,494.0,724.0,,,,3166.0,,,1089.0,,1519.0,,,1089.0
,,495.0,,,,,2989.0,,1750.0,1149.0,955.0,2126.0,,,,3302.0,,,2481.0,,1533.0,,,2481.0
,,1668.0,,,,,3135.0,,2817.0,1193.0,1519.0,3107.0,,,,3494.0,,,2664.0,,1544.0,,,2664.0
,,2845.0,,,,,551.0,,3571.0,1244.0,1533.0,1040.0,,,,539.0,,,3022.0,,2154.0,,,3022.0
,,2943.0,,,,,1667.0,,102.0,1914.0,1544.0,1383.0,,,,1089.0,,,3707.0,,3634.0,,,3707.0
,,3301.0,,,,,2008.0,,3523.0,3371.0,2154.0,1201.0,,,,2481.0,,,62.0,,2432.0,,,62.0
,,2211.0,,,,,3037.0,,2682.0,1417.0,3634.0,3176.0,,,,2664.0,,,1072.0,,3672.0,,,1072.0
,,3549.0,,,,,2783.0,,3050.0,2687.0,2432.0,2008.0,,,,3022.0,,,1291.0,,3845.0,,,1291.0
,,3629.0,,,,,572.0,,1080.0,3810.0,3672.0,2486.0,,,,3707.0,,,2619.0,,360.0,,,2619.0
,,3812.0,,,,,1733.0,,1297.0,89.0,3845.0,2502.0,,,,62.0,,,2745.0,,399.0,,,2745.0
,,2873.0,,,,,2450.0,,1299.0,1383.0,360.0,171.0,,,,1072.0,,,3206.0,,1217.0,,,3206.0
,,4.0,,,,,2982.0,,1485.0,1488.0,399.0,1580.0,,,,1291.0,,,3538.0,,2031.0,,,3538.0
,,402.0,,,,,1684.0,,1593.0,2515.0,1217.0,1635.0,,,,2619.0,,,3652.0,,2452.0,,,3652.0
,,1180.0,,,,,3575.0,,3489.0,653.0,2031.0,497.0,,,,2745.0,,,3653.0,,3152.0,,,3653.0
,,1772.0,,,,,248.0,,495.0,1429.0,2452.0,917.0,,,,3206.0,,,3801.0,,3642.0,,,3801.0
,,2433.0,,,,,377.0,,1668.0,1524.0,3152.0,1542.0,,,,3538.0,,,2354.0,,284.0,,,2354.0
,,3634.0,,,,,1149.0,,2845.0,1571.0,3642.0,2688.0,,,,3652.0,,,250.0,,818.0,,,250.0
,,621.0,,,,,1193.0,,2943.0,2173.0,284.0,3214.0,,,,3653.0,,,675.0,,1590.0,,,675.0
,,1489.0,,,,,1244.0,,3301.0,2594.0,818.0,1352.0,,,,3801.0,,,1128.0,,1655.0,,,1128.0
,,3352.0,,,,,1914.0,,2211.0,2600.0,1590.0,2059.0,,,,2354.0,,,2000.0,,2230.0,,,2000.0
,,171.0,,,,,3371.0,,3549.0,2804.0,1655.0,2793.0,,,,250.0,,,2959.0,,3560.0,,,2959.0
,,249.0,,,,,1417.0,,3629.0,2861.0,2230.0,209.0,,,,675.0,,,3305.0,,3716.0,,,3305.0
,,410.0,,,,,2687.0,,3812.0,1008.0,3560.0,1507.0,,,,1128.0,,,376.0,,407.0,,,376.0
,,498.0,,,,,3810.0,,2873.0,1799.0,3716.0,3016.0,,,,2000.0,,,611.0,,765.0,,,611.0
,,854.0,,,,,89.0,,4.0,82.0,407.0,2383.0,,,,2959.0,,,659.0,,804.0,,,659.0
,,1183.0,,,,,1383.0,,402.0,275.0,765.0,1746.0,,,,3305.0,,,771.0,,1428.0,,,771.0
,,1410.0,,,,,1488.0,,1180.0,1499.0,804.0,3381.0,,,,376.0,,,1429.0,,3009.0,,,1429.0
,,1894.0,,,,,2515.0,,1772.0,1672.0,1428.0,2.0,,,,611.0,,,1524.0,,105.0,,,1524.0
,,2247.0,,,,,1429.0,,2433.0,3403.0,3009.0,736.0,,,,659.0,,,1571.0,,2625.0,,,1571.0
,,2309.0,,,,,1524.0,,3634.0,817.0,105.0,2277.0,,,,771.0,,,1863.0,,2645.0,,,1863.0
,,2701.0,,,,,1571.0,,621.0,1655.0,2625.0,634.0,,,,1429.0,,,2267.0,,2786.0,,,2267.0
,,3139.0,,,,,2173.0,,1489.0,2612.0,2645.0,2127.0,,,,1524.0,,,2588.0,,334.0,,,2588.0
,,3141.0,,,,,2594.0,,3352.0,3464.0,2786.0,2173.0,,,,1571.0,,,2594.0,,1020.0,,,2594.0
,,3192.0,,,,,2600.0,,171.0,228.0,334.0,540.0,,,,1863.0,,,3633.0,,1114.0,,,3633.0
,,3574.0,,,,,2804.0,,249.0,355.0,1020.0,1142.0,,,,2267.0,,,1658.0,,1284.0,,,1658.0
,,2989.0,,,,,2861.0,,410.0,779.0,1114.0,1693.0,,,,2588.0,,,1777.0,,1646.0,,,1777.0
,,3135.0,,,,,1008.0,,498.0,1497.0,1284.0,2485.0,,,,2594.0,,,1932.0,,1714.0,,,1932.0
,,551.0,,,,,1799.0,,854.0,1990.0,1646.0,2672.0,,,,3633.0,,,2146.0,,2053.0,,,2146.0
,,1667.0,,,,,82.0,,1183.0,3384.0,1714.0,3061.0,,,,1658.0,,,2997.0,,2341.0,,,2997.0
,,2008.0,,,,,275.0,,1410.0,1955.0,2053.0,3357.0,,,,1777.0,,,3159.0,,2554.0,,,3159.0
,,3037.0,,,,,1499.0,,1894.0,3682.0,2341.0,18.0,,,,1932.0,,,3823.0,,217.0,,,3823.0
,,2783.0,,,,,1672.0,,2247.0,5.0,2554.0,918.0,,,,2146.0,,,127.0,,643.0,,,127.0
,,572.0,,,,,3403.0,,2309.0,2751.0,217.0,2702.0,,,,2997.0,,,378.0,,1878.0,,,378.0
,,2450.0,,,,,817.0,,2701.0,143.0,643.0,3347.0,,,,3159.0,,,1753.0,,2507.0,,,1753.0
,,2982.0,,,,,1655.0,,3139.0,1977.0,1878.0,183.0,,,,3823.0,,,1947.0,,3376.0,,,1947.0
,,1684.0,,,,,2612.0,,3141.0,2241.0,2507.0,666.0,,,,127.0,,,2303.0,,1703.0,,,2303.0
,,3575.0,,,,,3464.0,,3192.0,3201.0,3376.0,3210.0,,,,378.0,,,2935.0,,3111.0,,,2935.0
,,248.0,,,,,228.0,,3574.0,3372.0,1703.0,3433.0,,,,1753.0,,,424.0,,3581.0,,,424.0
,,377.0,,,,,355.0,,2989.0,3480.0,3111.0,669.0,,,,1947.0,,,1149.0,,231.0,,,1149.0
,,1149.0,,,,,779.0,,3135.0,8.0,3581.0,1065.0,,,,2303.0,,,1150.0,,929.0,,,1150.0
,,1193.0,,,,,1497.0,,551.0,694.0,231.0,3317.0,,,,2935.0,,,773.0,,2423.0,,,773.0
,,1244.0,,,,,1990.0,,1667.0,740.0,929.0,23.0,,,,424.0,,,1035.0,,2941.0,,,1035.0
,,1914.0,,,,,3384.0,,2008.0,872.0,2423.0,472.0,,,,1149.0,,,1972.0,,3351.0,,,1972.0
,,3371.0,,,,,1955.0,,3037.0,913.0,2941.0,1706.0,,,,1150.0,,,3670.0,,3361.0,,,3670.0
,,1417.0,,,,,3682.0,,2783.0,937.0,3351.0,1826.0,,,,773.0,,,49.0,,3676.0,,,49.0
,,2687.0,,,,,5.0,,572.0,989.0,3361.0,989.0,,,,1035.0,,,95.0,,2711.0,,,95.0
,,3810.0,,,,,2751.0,,2450.0,1082.0,3676.0,1309.0,,,,1972.0,,,200.0,,26.0,,,200.0
,,89.0,,,,,143.0,,2982.0,1255.0,2711.0,3068.0,,,,3670.0,,,384.0,,701.0,,,384.0
,,1383.0,,,,,1977.0,,1684.0,1594.0,26.0,32.0,,,,49.0,,,419.0,,2267.0,,,419.0
,,1488.0,,,,,2241.0,,3575.0,1689.0,701.0,262.0,,,,95.0,,,816.0,,2588.0,,,816.0
,,2515.0,,,,,3201.0,,248.0,1760.0,2267.0,916.0,,,,200.0,,,878.0,,2600.0,,,878.0
,,653.0,,,,,3372.0,,377.0,2272.0,2588.0,1347.0,,,,384.0,,,913.0,,2646.0,,,913.0
,,1429.0,,,,,3480.0,,1149.0,2398.0,2600.0,233.0,,,,419.0,,,1094.0,,2861.0,,,1094.0
,,1524.0,,,,,8.0,,1193.0,3144.0,2646.0,960.0,,,,816.0,,,2169.0,,2922.0,,,2169.0
,,1571.0,,,,,694.0,,1244.0,3370.0,2861.0,992.0,,,,878.0,,,2182.0,,261.0,,,2182.0
,,2173.0,,,,,740.0,,1914.0,1182.0,2922.0,803.0,,,,913.0,,,2272.0,,519.0,,,2272.0
,,2594.0,,,,,872.0,,3371.0,1305.0,261.0,1013.0,,,,1094.0,,,2387.0,,24.0,,,2387.0
,,2600.0,,,,,913.0,,1417.0,2484.0,519.0,1170.0,,,,2169.0,,,2577.0,,1580.0,,,2577.0
,,2804.0,,,,,937.0,,2687.0,2750.0,24.0,1367.0,,,,2182.0,,,2914.0,,2116.0,,,2914.0
,,2861.0,,,,,989.0,,3810.0,876.0,1580.0,1368.0,,,,2272.0,,,2999.0,,2644.0,,,2999.0
,,1008.0,,,,,1082.0,,89.0,1010.0,2116.0,1650.0,,,,2387.0,,,3411.0,,3706.0,,,3411.0
,,1799.0,,,,,1255.0,,1383.0,1458.0,2644.0,1745.0,,,,2577.0,,,3487.0,,1602.0,,,3487.0
,,82.0,,,,,1594.0,,1488.0,1843.0,3706.0,2647.0,,,,2914.0,,,3843.0,,301.0,,,3843.0
,,275.0,,,,,1689.0,,2515.0,2187.0,1602.0,2934.0,,,,2999.0,,,791.0,,1417.0,,,791.0
,,1499.0,,,,,1760.0,,653.0,559.0,301.0,3233.0,,,,3411.0,,,3352.0,,2687.0,,,3352.0
,,1672.0,,,,,2272.0,,1429.0,773.0,1417.0,3696.0,,,,3487.0,,,361.0,,3821.0,,,361.0
,,3403.0,,,,,2398.0,,1524.0,3441.0,2687.0,117.0,,,,3843.0,,,789.0,,1295.0,,,789.0
,,817.0,,,,,3144.0,,1571.0,629.0,3821.0,1208.0,,,,791.0,,,1027.0,,1821.0,,,1027.0
,,1655.0,,,,,3370.0,,2173.0,85.0,1295.0,2650.0,,,,3352.0,,,1427.0,,1923.0,,,1427.0
,,2612.0,,,,,1182.0,,2594.0,466.0,1821.0,2666.0,,,,361.0,,,1431.0,,2774.0,,,1431.0
,,3464.0,,,,,1305.0,,2600.0,2842.0,1923.0,2945.0,,,,789.0,,,1794.0,,210.0,,,1794.0
,,228.0,,,,,2484.0,,2804.0,380.0,2774.0,3145.0,,,,1027.0,,,2090.0,,252.0,,,2090.0
,,355.0,,,,,2750.0,,2861.0,1106.0,210.0,2189.0,,,,1427.0,,,2263.0,,1129.0,,,2263.0
,,779.0,,,,,876.0,,1008.0,2319.0,252.0,3209.0,,,,1431.0,,,2887.0,,1985.0,,,2887.0
,,1497.0,,,,,1010.0,,1799.0,3425.0,1129.0,382.0,,,,1794.0,,,2957.0,,2342.0,,,2957.0
,,1990.0,,,,,1458.0,,82.0,3450.0,1985.0,727.0,,,,2090.0,,,3234.0,,2472.0,,,3234.0
,,3384.0,,,,,1843.0,,275.0,2343.0,2342.0,876.0,,,,2263.0,,,104.0,,2984.0,,,104.0
,,3682.0,,,,,2187.0,,1499.0,2376.0,2472.0,3603.0,,,,2887.0,,,346.0,,1111.0,,,346.0
,,5.0,,,,,559.0,,1672.0,2384.0,2984.0,2170.0,,,,2957.0,,,779.0,,1785.0,,,779.0
,,2751.0,,,,,773.0,,3403.0,460.0,1111.0,3155.0,,,,3234.0,,,2280.0,,1854.0,,,2280.0
,,143.0,,,,,3441.0,,817.0,789.0,1785.0,5.0,,,,104.0,,,2313.0,,76.0,,,2313.0
,,1977.0,,,,,629.0,,1655.0,1791.0,1854.0,869.0,,,,346.0,,,2795.0,,91.0,,,2795.0
,,2241.0,,,,,85.0,,2612.0,426.0,76.0,2348.0,,,,779.0,,,2797.0,,107.0,,,2797.0
,,3201.0,,,,,466.0,,3464.0,1270.0,91.0,2913.0,,,,2280.0,,,3006.0,,235.0,,,3006.0
,,3372.0,,,,,2842.0,,228.0,1326.0,107.0,3833.0,,,,2313.0,,,3384.0,,248.0,,,3384.0
,,3480.0,,,,,380.0,,355.0,1685.0,235.0,101.0,,,,2795.0,,,609.0,,663.0,,,609.0
,,8.0,,,,,1106.0,,779.0,1702.0,248.0,684.0,,,,2797.0,,,1648.0,,850.0,,,1648.0
,,694.0,,,,,2319.0,,1497.0,2080.0,663.0,1763.0,,,,3006.0,,,1668.0,,911.0,,,1668.0
,,740.0,,,,,3425.0,,1990.0,2401.0,850.0,1823.0,,,,3384.0,,,2582.0,,1149.0,,,2582.0
,,872.0,,,,,3450.0,,3384.0,2445.0,911.0,2532.0,,,,609.0,,,2845.0,,1244.0,,,2845.0
,,913.0,,,,,2343.0,,3682.0,2894.0,1149.0,2572.0,,,,1648.0,,,3191.0,,1587.0,,,3191.0
,,937.0,,,,,2376.0,,5.0,427.0,1244.0,668.0,,,,1668.0,,,3765.0,,1738.0,,,3765.0
,,989.0,,,,,2384.0,,2751.0,1831.0,1587.0,3074.0,,,,2582.0,,,297.0,,1914.0,,,297.0
,,1082.0,,,,,460.0,,143.0,1836.0,1738.0,3220.0,,,,2845.0,,,645.0,,2139.0,,,645.0
,,1255.0,,,,,1791.0,,1977.0,2432.0,1914.0,1510.0,,,,3191.0,,,993.0,,2367.0,,,993.0
,,1594.0,,,,,426.0,,2241.0,267.0,2139.0,3402.0,,,,3765.0,,,1192.0,,2395.0,,,1192.0
,,1689.0,,,,,1270.0,,3201.0,423.0,2367.0,1028.0,,,,297.0,,,1335.0,,2404.0,,,1335.0
,,1760.0,,,,,1326.0,,3372.0,684.0,2395.0,3690.0,,,,645.0,,,1536.0,,2963.0,,,1536.0
,,2272.0,,,,,1685.0,,3480.0,2709.0,2404.0,661.0,,,,993.0,,,2352.0,,3046.0,,,2352.0
,,2398.0,,,,,1702.0,,8.0,3034.0,2963.0,696.0,,,,1192.0,,,2362.0,,3181.0,,,2362.0
,,3144.0,,,,,2080.0,,694.0,3042.0,3046.0,700.0,,,,1335.0,,,2408.0,,3645.0,,,2408.0
,,3370.0,,,,,2401.0,,740.0,3291.0,3181.0,366.0,,,,1536.0,,,2546.0,,11.0,,,2546.0
,,1182.0,,,,,2445.0,,872.0,2884.0,3645.0,790.0,,,,2352.0,,,3451.0,,100.0,,,3451.0
,,1305.0,,,,,2894.0,,913.0,43.0,11.0,3349.0,,,,2362.0,,,1817.0,,1122.0,,,1817.0
,,2484.0,,,,,427.0,,937.0,235.0,100.0,547.0,,,,2408.0,,,1981.0,,2450.0,,,1981.0
,,2750.0,,,,,1831.0,,989.0,835.0,1122.0,3105.0,,,,2546.0,,,1997.0,,2501.0,,,1997.0
,,876.0,,,,,1836.0,,1082.0,974.0,2450.0,3396.0,,,,3451.0,,,2075.0,,2627.0,,,2075.0
,,1010.0,,,,,2432.0,,1255.0,1591.0,2501.0,3320.0,,,,1817.0,,,167.0,,117.0,,,167.0
,,1458.0,,,,,267.0,,1594.0,1597.0,2627.0,386.0,,,,1981.0,,,929.0,,620.0,,,929.0
,,1843.0,,,,,423.0,,1689.0,2305.0,117.0,545.0,,,,1997.0,,,2391.0,,1338.0,,,2391.0
,,2187.0,,,,,684.0,,1760.0,573.0,620.0,617.0,,,,2075.0,,,2395.0,,1484.0,,,2395.0
,,559.0,,,,,2709.0,,2272.0,3809.0,1338.0,1034.0,,,,167.0,,,985.0,,1534.0,,,985.0
,,773.0,,,,,3034.0,,2398.0,1789.0,1484.0,1749.0,,,,929.0,,,3073.0,,1980.0,,,3073.0
,,3441.0,,,,,3042.0,,3144.0,2630.0,1534.0,2308.0,,,,2391.0,,,3283.0,,2548.0,,,3283.0
,,629.0,,,,,3291.0,,3370.0,1999.0,1980.0,2817.0,,,,2395.0,,,3472.0,,2945.0,,,3472.0
,,85.0,,,,,2884.0,,1182.0,1581.0,2548.0,836.0,,,,985.0,,,1353.0,,3293.0,,,1353.0
,,466.0,,,,,43.0,,1305.0,326.0,2945.0,722.0,,,,3073.0,,,580.0,,3305.0,,,580.0
,,380.0,,,,,235.0,,2484.0,1144.0,3293.0,1432.0,,,,3283.0,,,1410.0,,3348.0,,,1410.0
,,1106.0,,,,,835.0,,2750.0,1889.0,3305.0,1656.0,,,,3472.0,,,2839.0,,2458.0,,,2839.0
,,2319.0,,,,,974.0,,876.0,2156.0,3348.0,1761.0,,,,1353.0,,,2951.0,,3644.0,,,2951.0
,,3425.0,,,,,1591.0,,1010.0,2290.0,2458.0,1767.0,,,,580.0,,,3139.0,,3837.0,,,3139.0
,,3450.0,,,,,1597.0,,1458.0,3380.0,3644.0,2249.0,,,,1410.0,,,3156.0,,621.0,,,3156.0
,,2343.0,,,,,2305.0,,1843.0,1098.0,3837.0,2618.0,,,,2839.0,,,3326.0,,1561.0,,,3326.0
,,2376.0,,,,,573.0,,2187.0,1310.0,621.0,2801.0,,,,2951.0,,,3574.0,,2819.0,,,3574.0
,,2384.0,,,,,3809.0,,559.0,1844.0,1561.0,2920.0,,,,3139.0,,,423.0,,1690.0,,,423.0
,,460.0,,,,,1789.0,,773.0,2171.0,2819.0,1307.0,,,,3156.0,,,1394.0,,1990.0,,,1394.0
,,789.0,,,,,2630.0,,3441.0,2324.0,1690.0,2731.0,,,,3326.0,,,1907.0,,2696.0,,,1907.0
,,1791.0,,,,,1999.0,,629.0,245.0,1990.0,2559.0,,,,3574.0,,,2142.0,,1116.0,,,2142.0
,,426.0,,,,,1581.0,,85.0,336.0,2696.0,2711.0,,,,423.0,,,2379.0,,2149.0,,,2379.0
,,1270.0,,,,,326.0,,466.0,1028.0,258.0,3025.0,,,,1394.0,,,2459.0,,2289.0,,,2459.0
,,1326.0,,,,,1144.0,,380.0,1694.0,1116.0,3698.0,,,,1907.0,,,3749.0,,3624.0,,,3749.0
,,1685.0,,,,,1889.0,,1106.0,1792.0,2149.0,850.0,,,,2142.0,,,389.0,,101.0,,,389.0
,,1702.0,,,,,2156.0,,2319.0,2839.0,2289.0,862.0,,,,2379.0,,,1010.0,,266.0,,,1010.0
,,2080.0,,,,,2290.0,,3425.0,2951.0,3624.0,2339.0,,,,2459.0,,,1346.0,,267.0,,,1346.0
,,2401.0,,,,,3380.0,,3450.0,3194.0,101.0,3310.0,,,,3749.0,,,1458.0,,423.0,,,1458.0
,,2445.0,,,,,1098.0,,2343.0,3199.0,266.0,295.0,,,,389.0,,,1891.0,,848.0,,,1891.0
,,2894.0,,,,,1310.0,,2376.0,3327.0,267.0,1031.0,,,,1010.0,,,2129.0,,921.0,,,2129.0
,,427.0,,,,,1844.0,,2384.0,167.0,423.0,1762.0,,,,1346.0,,,3803.0,,1145.0,,,3803.0
,,1831.0,,,,,2171.0,,460.0,871.0,848.0,2112.0,,,,1458.0,,,2783.0,,1763.0,,,2783.0
,,1836.0,,,,,2324.0,,789.0,1519.0,921.0,2586.0,,,,1891.0,,,385.0,,1780.0,,,385.0
,,2432.0,,,,,245.0,,1791.0,1707.0,1145.0,212.0,,,,2129.0,,,1702.0,,2065.0,,,1702.0
,,267.0,,,,,336.0,,426.0,1917.0,1763.0,2938.0,,,,3803.0,,,2307.0,,2726.0,,,2307.0
,,423.0,,,,,1028.0,,1270.0,552.0,1780.0,930.0,,,,2783.0,,,2312.0,,3034.0,,,2312.0
,,684.0,,,,,1694.0,,1326.0,946.0,2065.0,1543.0,,,,385.0,,,2706.0,,3630.0,,,2706.0
,,2709.0,,,,,1792.0,,1685.0,1178.0,2726.0,1895.0,,,,1702.0,,,2974.0,,3347.0,,,2974.0
,,3034.0,,,,,2839.0,,1702.0,1227.0,3034.0,1783.0,,,,2307.0,,,3058.0,,3558.0,,,3058.0
,,3042.0,,,,,2951.0,,2080.0,1246.0,3630.0,2645.0,,,,2312.0,,,100.0,,490.0,,,100.0
,,3291.0,,,,,3194.0,,2401.0,1729.0,3347.0,3714.0,,,,2706.0,,,787.0,,526.0,,,787.0
,,43.0,,,,,3199.0,,2445.0,1845.0,3558.0,363.0,,,,2974.0,,,963.0,,604.0,,,963.0
,,235.0,,,,,3327.0,,2894.0,2326.0,490.0,1289.0,,,,3058.0,,,130.0,,826.0,,,130.0
,,835.0,,,,,167.0,,427.0,3702.0,526.0,3350.0,,,,100.0,,,769.0,,1514.0,,,769.0
,,974.0,,,,,871.0,,1831.0,2022.0,604.0,544.0,,,,787.0,,,1080.0,,2152.0,,,1080.0
,,1591.0,,,,,1519.0,,1836.0,1700.0,826.0,2454.0,,,,963.0,,,1627.0,,2700.0,,,1627.0
,,1597.0,,,,,1707.0,,2432.0,1767.0,1514.0,3166.0,,,,130.0,,,2474.0,,2960.0,,,2474.0
,,2305.0,,,,,1917.0,,267.0,2359.0,2152.0,3302.0,,,,769.0,,,2746.0,,240.0,,,2746.0
,,573.0,,,,,552.0,,423.0,497.0,2700.0,3494.0,,,,1080.0,,,3098.0,,922.0,,,3098.0
,,3809.0,,,,,946.0,,684.0,2186.0,2960.0,539.0,,,,1627.0,,,459.0,,2259.0,,,459.0
,,1789.0,,,,,1178.0,,2709.0,2679.0,240.0,1089.0,,,,2474.0,,,1414.0,,2283.0,,,1414.0
,,2630.0,,,,,1227.0,,3034.0,2959.0,922.0,2481.0,,,,2746.0,,,6.0,,2537.0,,,6.0
,,1999.0,,,,,1246.0,,3042.0,100.0,2259.0,2664.0,,,,3098.0,,,826.0,,172.0,,,826.0
,,1581.0,,,,,1729.0,,3291.0,1673.0,2283.0,3022.0,,,,459.0,,,1651.0,,1453.0,,,1651.0
,,326.0,,,,,1845.0,,43.0,390.0,2537.0,3707.0,,,,1414.0,,,2490.0,,531.0,,,2490.0
,,1144.0,,,,,2326.0,,235.0,406.0,172.0,62.0,,,,6.0,,,41.0,,1299.0,,,41.0
,,1889.0,,,,,3702.0,,835.0,1356.0,1453.0,1072.0,,,,826.0,,,654.0,,1475.0,,,654.0
,,2156.0,,,,,2022.0,,974.0,1968.0,531.0,1291.0,,,,1651.0,,,796.0,,1596.0,,,796.0
,,2290.0,,,,,1700.0,,1591.0,708.0,1299.0,2619.0,,,,2490.0,,,1454.0,,2113.0,,,1454.0
,,3380.0,,,,,1767.0,,1597.0,1827.0,1475.0,2745.0,,,,41.0,,,1999.0,,3380.0,,,1999.0
,,1098.0,,,,,2359.0,,2305.0,2581.0,1596.0,3206.0,,,,654.0,,,2088.0,,3397.0,,,2088.0
,,1310.0,,,,,497.0,,573.0,2898.0,2113.0,3538.0,,,,796.0,,,2149.0,,3637.0,,,2149.0
,,1844.0,,,,,2186.0,,3809.0,565.0,3380.0,3652.0,,,,1454.0,,,2460.0,,3829.0,,,2460.0
,,2171.0,,,,,2679.0,,1789.0,735.0,3397.0,3653.0,,,,1999.0,,,2593.0,,2212.0,,,2593.0
,,2324.0,,,,,2959.0,,2630.0,829.0,3637.0,3801.0,,,,2088.0,,,3288.0,,3822.0,,,3288.0
,,245.0,,,,,100.0,,1999.0,1061.0,3829.0,2354.0,,,,2149.0,,,3757.0,,558.0,,,3757.0
,,336.0,,,,,1673.0,,1581.0,1201.0,2212.0,250.0,,,,2460.0,,,623.0,,1495.0,,,623.0
,,1028.0,,,,,390.0,,326.0,1234.0,3822.0,675.0,,,,2593.0,,,3683.0,,191.0,,,3683.0
,,1694.0,,,,,406.0,,1144.0,1665.0,558.0,1128.0,,,,3288.0,,,135.0,,892.0,,,135.0
,,1792.0,,,,,1356.0,,1889.0,2662.0,1495.0,2000.0,,,,3757.0,,,1629.0,,939.0,,,1629.0
,,2839.0,,,,,1968.0,,2156.0,3204.0,191.0,2959.0,,,,623.0,,,2632.0,,973.0,,,2632.0
,,2951.0,,,,,708.0,,2290.0,3695.0,892.0,3305.0,,,,3683.0,,,3605.0,,2586.0,,,3605.0
,,3194.0,,,,,1827.0,,3380.0,1232.0,939.0,376.0,,,,135.0,,,765.0,,3292.0,,,765.0
,,3199.0,,,,,2581.0,,1098.0,1762.0,973.0,611.0,,,,1629.0,,,1000.0,,1992.0,,,1000.0
,,3327.0,,,,,2898.0,,1310.0,1901.0,2586.0,771.0,,,,2632.0,,,2691.0,,2307.0,,,2691.0
,,167.0,,,,,565.0,,1844.0,2510.0,3292.0,1429.0,,,,3605.0,,,3519.0,,3422.0,,,3519.0
,,871.0,,,,,735.0,,2171.0,3200.0,1992.0,1524.0,,,,765.0,,,1177.0,,3724.0,,,1177.0
,,1519.0,,,,,829.0,,2324.0,1693.0,2307.0,1571.0,,,,1000.0,,,1240.0,,3849.0,,,1240.0
,,1707.0,,,,,1061.0,,245.0,3061.0,3422.0,1863.0,,,,2691.0,,,2148.0,,158.0,,,2148.0
,,1917.0,,,,,1201.0,,336.0,3357.0,3724.0,2267.0,,,,3519.0,,,2629.0,,249.0,,,2629.0
,,552.0,,,,,1234.0,,1028.0,659.0,3849.0,2588.0,,,,1177.0,,,2681.0,,518.0,,,2681.0
,,946.0,,,,,1665.0,,1694.0,2311.0,158.0,2594.0,,,,1240.0,,,3764.0,,880.0,,,3764.0
,,1178.0,,,,,2662.0,,1792.0,2522.0,249.0,1658.0,,,,2148.0,,,2484.0,,1564.0,,,2484.0
,,1227.0,,,,,3204.0,,2839.0,3208.0,518.0,1932.0,,,,2629.0,,,2750.0,,2070.0,,,2750.0
,,1246.0,,,,,3695.0,,2951.0,2.0,880.0,2146.0,,,,2681.0,,,3193.0,,2605.0,,,3193.0
,,1729.0,,,,,1232.0,,3194.0,284.0,1564.0,3159.0,,,,3764.0,,,4.0,,2701.0,,,4.0
,,1845.0,,,,,1762.0,,3199.0,484.0,2070.0,127.0,,,,2484.0,,,980.0,,3240.0,,,980.0
,,2326.0,,,,,1901.0,,3327.0,819.0,2605.0,378.0,,,,2750.0,,,1185.0,,3493.0,,,1185.0
,,3702.0,,,,,2510.0,,167.0,856.0,2701.0,1753.0,,,,3193.0,,,1546.0,,3800.0,,,1546.0
,,2022.0,,,,,3200.0,,871.0,1325.0,3240.0,1947.0,,,,4.0,,,2154.0,,2175.0,,,2154.0
,,1700.0,,,,,1693.0,,1519.0,1620.0,3493.0,2303.0,,,,980.0,,,2433.0,,409.0,,,2433.0
,,1767.0,,,,,3061.0,,1707.0,1960.0,3800.0,2935.0,,,,1185.0,,,2643.0,,603.0,,,2643.0
,,2359.0,,,,,3357.0,,1917.0,2525.0,2175.0,424.0,,,,1546.0,,,3456.0,,1289.0,,,3456.0
,,497.0,,,,,659.0,,552.0,3127.0,409.0,1149.0,,,,2154.0,,,3773.0,,1357.0,,,3773.0
,,2186.0,,,,,2311.0,,946.0,3560.0,603.0,1035.0,,,,2433.0,,,2405.0,,1535.0,,,2405.0
,,2679.0,,,,,2522.0,,1178.0,930.0,1289.0,1972.0,,,,2643.0,,,2299.0,,2678.0,,,2299.0
,,2959.0,,,,,3208.0,,1227.0,2366.0,1357.0,49.0,,,,3456.0,,,778.0,,3436.0,,,778.0
,,100.0,,,,,2.0,,1246.0,3193.0,1535.0,95.0,,,,3773.0,,,1604.0,,554.0,,,1604.0
,,1673.0,,,,,284.0,,1729.0,344.0,2678.0,200.0,,,,2405.0,,,3575.0,,866.0,,,3575.0
,,390.0,,,,,484.0,,1845.0,698.0,3436.0,384.0,,,,2299.0,,,3715.0,,2073.0,,,3715.0
,,406.0,,,,,819.0,,2326.0,1835.0,554.0,419.0,,,,778.0,,,208.0,,3570.0,,,208.0
,,1356.0,,,,,856.0,,3702.0,3106.0,866.0,816.0,,,,1604.0,,,610.0,,386.0,,,610.0
,,1968.0,,,,,1325.0,,2022.0,1899.0,2073.0,878.0,,,,3575.0,,,814.0,,1750.0,,,814.0
,,708.0,,,,,1620.0,,1700.0,304.0,3570.0,913.0,,,,3715.0,,,870.0,,2308.0,,,870.0
,,1827.0,,,,,1960.0,,1767.0,375.0,386.0,1094.0,,,,208.0,,,1820.0,,2593.0,,,1820.0
,,2581.0,,,,,2525.0,,2359.0,584.0,1750.0,2169.0,,,,610.0,,,1969.0,,2817.0,,,1969.0
,,2898.0,,,,,3127.0,,497.0,47.0,2308.0,2182.0,,,,814.0,,,978.0,,420.0,,,978.0
,,565.0,,,,,3560.0,,2186.0,112.0,2593.0,2272.0,,,,870.0,,,2155.0,,877.0,,,2155.0
,,735.0,,,,,930.0,,2679.0,470.0,2817.0,2387.0,,,,1820.0,,,3097.0,,1201.0,,,3097.0
,,829.0,,,,,2366.0,,2959.0,550.0,420.0,2914.0,,,,1969.0,,,3138.0,,1684.0,,,3138.0
,,1061.0,,,,,3193.0,,100.0,1875.0,877.0,2999.0,,,,978.0,,,3221.0,,1698.0,,,3221.0
,,1201.0,,,,,344.0,,1673.0,2606.0,1201.0,3411.0,,,,2155.0,,,272.0,,2656.0,,,272.0
,,1234.0,,,,,698.0,,390.0,3330.0,1684.0,3487.0,,,,3097.0,,,1310.0,,2662.0,,,1310.0
,,1665.0,,,,,1835.0,,406.0,3612.0,1698.0,3843.0,,,,3138.0,,,1844.0,,416.0,,,1844.0
,,2662.0,,,,,1899.0,,1356.0,126.0,2656.0,361.0,,,,3221.0,,,2296.0,,702.0,,,2296.0
,,3204.0,,,,,304.0,,1968.0,507.0,2662.0,789.0,,,,272.0,,,2880.0,,1113.0,,,2880.0
,,3695.0,,,,,375.0,,708.0,1978.0,416.0,1027.0,,,,1310.0,,,2971.0,,1595.0,,,2971.0
,,1232.0,,,,,584.0,,1827.0,2907.0,702.0,1427.0,,,,1844.0,,,3050.0,,1835.0,,,3050.0
,,1762.0,,,,,47.0,,2581.0,3642.0,1113.0,1431.0,,,,2296.0,,,3109.0,,1932.0,,,3109.0
,,1901.0,,,,,112.0,,2898.0,500.0,1595.0,1794.0,,,,2880.0,,,2211.0,,2297.0,,,2211.0
,,2510.0,,,,,470.0,,565.0,3020.0,1835.0,2090.0,,,,2971.0,,,1986.0,,2573.0,,,1986.0
,,3200.0,,,,,550.0,,735.0,84.0,1932.0,2263.0,,,,3050.0,,,2898.0,,3317.0,,,2898.0
,,1693.0,,,,,1875.0,,829.0,2220.0,2297.0,2887.0,,,,3109.0,,,694.0,,405.0,,,694.0
,,3061.0,,,,,2606.0,,1061.0,919.0,2573.0,2957.0,,,,2211.0,,,1082.0,,2553.0,,,1082.0
,,3357.0,,,,,3612.0,,1201.0,963.0,3317.0,3234.0,,,,1986.0,,,1255.0,,2376.0,,,1255.0
,,659.0,,,,,126.0,,1234.0,2899.0,405.0,104.0,,,,2898.0,,,3646.0,,3488.0,,,3646.0
,,2311.0,,,,,507.0,,1665.0,2283.0,2553.0,346.0,,,,3646.0,,,443.0,,2067.0,,,443.0
,,2522.0,,,,,1978.0,,2662.0,3283.0,2376.0,779.0,,,,443.0,,,972.0,,36.0,,,972.0
,,3208.0,,,,,2907.0,,3204.0,372.0,3488.0,2280.0,,,,972.0,,,1239.0,,1546.0,,,1239.0
,,2.0,,,,,3642.0,,3695.0,2039.0,2067.0,2313.0,,,,1239.0,,,2048.0,,2085.0,,,2048.0
,,284.0,,,,,500.0,,1232.0,2978.0,36.0,2795.0,,,,2048.0,,,2566.0,,2193.0,,,2566.0
,,484.0,,,,,3020.0,,1762.0,1027.0,1546.0,2797.0,,,,2566.0,,,3650.0,,2292.0,,,3650.0
,,819.0,,,,,84.0,,1901.0,1207.0,2085.0,3006.0,,,,3650.0,,,1688.0,,2293.0,,,1688.0
,,856.0,,,,,2220.0,,2510.0,1666.0,2193.0,3384.0,,,,1688.0,,,2349.0,,2530.0,,,2349.0
,,1325.0,,,,,919.0,,3200.0,2263.0,2292.0,609.0,,,,2349.0,,,2445.0,,3025.0,,,2445.0
,,1620.0,,,,,963.0,,1693.0,2564.0,2293.0,1648.0,,,,2445.0,,,360.0,,3631.0,,,360.0
,,1960.0,,,,,2899.0,,3061.0,3234.0,2530.0,3765.0,,,,360.0,,,399.0,,90.0,,,399.0
,,2525.0,,,,,2283.0,,3357.0,68.0,3025.0,297.0,,,,399.0,,,2145.0,,482.0,,,2145.0
,,3127.0,,,,,3283.0,,659.0,795.0,3631.0,645.0,,,,2145.0,,,2961.0,,817.0,,,2961.0
,,3560.0,,,,,372.0,,2311.0,960.0,90.0,993.0,,,,2961.0,,,3157.0,,828.0,,,3157.0
,,930.0,,,,,2039.0,,2522.0,1718.0,482.0,1192.0,,,,3157.0,,,1865.0,,1072.0,,,1865.0
,,2366.0,,,,,2978.0,,3208.0,2412.0,817.0,1335.0,,,,1865.0,,,2528.0,,1556.0,,,2528.0
,,3193.0,,,,,1027.0,,2.0,2589.0,828.0,1536.0,,,,2528.0,,,2432.0,,2128.0,,,2432.0
,,698.0,,,,,1207.0,,284.0,2950.0,1072.0,2352.0,,,,2432.0,,,387.0,,3207.0,,,387.0
,,1835.0,,,,,1666.0,,484.0,1946.0,1556.0,2362.0,,,,387.0,,,690.0,,280.0,,,690.0
,,3106.0,,,,,2263.0,,819.0,2952.0,2128.0,2408.0,,,,690.0,,,1586.0,,485.0,,,1586.0
,,1899.0,,,,,2564.0,,856.0,3348.0,3207.0,3451.0,,,,1586.0,,,1682.0,,1039.0,,,1682.0
,,304.0,,,,,3234.0,,1325.0,1839.0,280.0,1817.0,,,,1682.0,,,1968.0,,1131.0,,,1968.0
,,375.0,,,,,68.0,,1620.0,1428.0,485.0,1981.0,,,,1968.0,,,2298.0,,1139.0,,,2298.0
,,584.0,,,,,795.0,,1960.0,2691.0,1039.0,1997.0,,,,2298.0,,,2865.0,,1286.0,,,2865.0
,,47.0,,,,,960.0,,2525.0,3009.0,1131.0,2075.0,,,,2865.0,,,532.0,,1423.0,,,532.0
,,112.0,,,,,1718.0,,3127.0,3349.0,1139.0,929.0,,,,532.0,,,726.0,,1569.0,,,726.0
,,470.0,,,,,2412.0,,3560.0,566.0,1286.0,2391.0,,,,726.0,,,1025.0,,2473.0,,,1025.0
,,550.0,,,,,2589.0,,930.0,770.0,1423.0,2395.0,,,,1025.0,,,1638.0,,2830.0,,,1638.0
,,1875.0,,,,,2950.0,,2366.0,2353.0,1569.0,985.0,,,,1638.0,,,2522.0,,3312.0,,,2522.0
,,2606.0,,,,,1946.0,,3193.0,2440.0,2473.0,3073.0,,,,2522.0,,,615.0,,1711.0,,,615.0
,,3330.0,,,,,2952.0,,698.0,3165.0,2830.0,3283.0,,,,615.0,,,2278.0,,722.0,,,2278.0
,,3612.0,,,,,3348.0,,1835.0,3681.0,3312.0,3472.0,,,,2278.0,,,2628.0,,2305.0,,,2628.0
,,126.0,,,,,1839.0,,3106.0,1541.0,1711.0,1353.0,,,,2628.0,,,3581.0,,3453.0,,,3581.0
,,507.0,,,,,1428.0,,1899.0,1583.0,722.0,580.0,,,,3581.0,,,1039.0,,556.0,,,1039.0
,,1978.0,,,,,2691.0,,304.0,1842.0,2305.0,3156.0,,,,1039.0,,,1646.0,,602.0,,,1646.0
,,2907.0,,,,,3009.0,,375.0,2391.0,3453.0,3574.0,,,,1646.0,,,2147.0,,1102.0,,,2147.0
,,3642.0,,,,,3349.0,,584.0,2395.0,556.0,423.0,,,,2147.0,,,2183.0,,1173.0,,,2183.0
,,3020.0,,,,,566.0,,47.0,1290.0,602.0,1394.0,,,,2183.0,,,2368.0,,2008.0,,,2368.0
,,84.0,,,,,770.0,,112.0,3191.0,1102.0,1907.0,,,,2368.0,,,2473.0,,3037.0,,,2473.0
,,2220.0,,,,,2353.0,,470.0,3002.0,1173.0,2142.0,,,,2473.0,,,3354.0,,3130.0,,,3354.0
,,919.0,,,,,2440.0,,550.0,1273.0,2008.0,2379.0,,,,3354.0,,,1512.0,,3426.0,,,1512.0
,,963.0,,,,,3165.0,,1875.0,2843.0,3037.0,3749.0,,,,1512.0,,,1912.0,,3446.0,,,1912.0
,,2899.0,,,,,3681.0,,2606.0,292.0,3130.0,389.0,,,,1912.0,,,2447.0,,23.0,,,2447.0
,,2283.0,,,,,1541.0,,3330.0,531.0,3426.0,1010.0,,,,2447.0,,,276.0,,270.0,,,276.0
,,3283.0,,,,,1583.0,,3612.0,820.0,3446.0,1346.0,,,,276.0,,,1193.0,,281.0,,,1193.0
,,372.0,,,,,1842.0,,126.0,831.0,23.0,1458.0,,,,1193.0,,,2455.0,,340.0,,,2455.0
,,2039.0,,,,,2391.0,,507.0,979.0,270.0,1891.0,,,,2455.0,,,2995.0,,1706.0,,,2995.0
,,2978.0,,,,,2395.0,,1978.0,1164.0,281.0,2129.0,,,,2995.0,,,8.0,,1826.0,,,8.0
,,1027.0,,,,,1290.0,,2907.0,1363.0,340.0,3803.0,,,,8.0,,,411.0,,2243.0,,,411.0
,,1207.0,,,,,3191.0,,3642.0,1475.0,1706.0,2783.0,,,,411.0,,,740.0,,2322.0,,,740.0
,,1666.0,,,,,3002.0,,3020.0,1656.0,1826.0,385.0,,,,740.0,,,943.0,,2877.0,,,943.0
,,2263.0,,,,,1273.0,,84.0,1983.0,2243.0,1702.0,,,,943.0,,,1063.0,,2918.0,,,1063.0
,,2564.0,,,,,2843.0,,2220.0,2242.0,2322.0,2307.0,,,,1063.0,,,2286.0,,3330.0,,,2286.0
,,3234.0,,,,,292.0,,919.0,2463.0,2877.0,2312.0,,,,2286.0,,,2879.0,,3337.0,,,2879.0
,,68.0,,,,,531.0,,963.0,2631.0,2918.0,2706.0,,,,2879.0,,,2984.0,,3826.0,,,2984.0
,,795.0,,,,,820.0,,2899.0,2658.0,3330.0,2974.0,,,,2984.0,,,3772.0,,179.0,,,3772.0
,,960.0,,,,,831.0,,2283.0,2708.0,3337.0,3058.0,,,,3772.0,,,1252.0,,222.0,,,1252.0
,,1718.0,,,,,979.0,,3283.0,2712.0,3826.0,787.0,,,,1252.0,,,1574.0,,725.0,,,1574.0
,,2412.0,,,,,1164.0,,372.0,2782.0,179.0,963.0,,,,1574.0,,,2718.0,,2217.0,,,2718.0
,,2589.0,,,,,1363.0,,2039.0,3152.0,222.0,130.0,,,,2718.0,,,936.0,,2240.0,,,936.0
,,2950.0,,,,,1475.0,,2978.0,3310.0,725.0,769.0,,,,936.0,,,2943.0,,2943.0,,,2943.0
,,1946.0,,,,,1656.0,,1027.0,3428.0,2217.0,1080.0,,,,2943.0,,,287.0,,3289.0,,,287.0
,,3348.0,,,,,1983.0,,1207.0,3582.0,2240.0,1627.0,,,,287.0,,,2022.0,,976.0,,,2022.0
,,1839.0,,,,,2242.0,,1666.0,1487.0,2943.0,2474.0,,,,2022.0,,,713.0,,3573.0,,,713.0
,,1428.0,,,,,2463.0,,2263.0,2752.0,3289.0,2746.0,,,,713.0,,,924.0,,1000.0,,,924.0
,,2691.0,,,,,2631.0,,2564.0,805.0,976.0,3098.0,,,,924.0,,,1112.0,,2262.0,,,1112.0
,,3009.0,,,,,2658.0,,3234.0,1873.0,3573.0,459.0,,,,1112.0,,,2668.0,,954.0,,,2668.0
,,3349.0,,,,,2708.0,,68.0,2396.0,1000.0,1414.0,,,,2668.0,,,3393.0,,1228.0,,,3393.0
,,566.0,,,,,2712.0,,795.0,2614.0,2262.0,826.0,,,,3393.0,,,3518.0,,2300.0,,,3518.0
,,770.0,,,,,2782.0,,960.0,2937.0,954.0,1651.0,,,,3518.0,,,351.0,,2301.0,,,351.0
,,2353.0,,,,,3152.0,,1718.0,3401.0,1228.0,41.0,,,,351.0,,,1591.0,,2390.0,,,1591.0
,,2440.0,,,,,3310.0,,2412.0,1200.0,2300.0,796.0,,,,1591.0,,,1712.0,,169.0,,,1712.0
,,3165.0,,,,,3428.0,,2589.0,2437.0,2301.0,1454.0,,,,1712.0,,,2005.0,,532.0,,,2005.0
,,3681.0,,,,,3582.0,,2950.0,1557.0,2390.0,1999.0,,,,2005.0,,,2602.0,,659.0,,,2602.0
,,1541.0,,,,,1487.0,,1946.0,1821.0,169.0,2088.0,,,,2602.0,,,1183.0,,1571.0,,,1183.0
,,1583.0,,,,,2752.0,,3348.0,1923.0,532.0,2149.0,,,,1183.0,,,2247.0,,2302.0,,,2247.0
,,1842.0,,,,,805.0,,1839.0,2774.0,659.0,2460.0,,,,2247.0,,,3353.0,,2446.0,,,3353.0
,,2391.0,,,,,1873.0,,1428.0,3166.0,1571.0,2593.0,,,,3353.0,,,976.0,,2594.0,,,976.0
,,2395.0,,,,,2396.0,,2691.0,1314.0,2302.0,3288.0,,,,976.0,,,3573.0,,2794.0,,,3573.0
,,1290.0,,,,,2614.0,,3009.0,1500.0,2446.0,3757.0,,,,3573.0,,,3577.0,,3597.0,,,3577.0
,,3191.0,,,,,2937.0,,3349.0,371.0,2594.0,623.0,,,,3577.0,,,3144.0,,3633.0,,,3144.0
,,3002.0,,,,,3401.0,,566.0,3322.0,2794.0,3683.0,,,,3144.0,,,665.0,,1132.0,,,665.0
,,292.0,,,,,1200.0,,770.0,3365.0,3597.0,135.0,,,,665.0,,,2276.0,,1184.0,,,2276.0
,,531.0,,,,,2437.0,,2353.0,1527.0,3633.0,1629.0,,,,2276.0,,,246.0,,1603.0,,,246.0
,,820.0,,,,,1557.0,,2440.0,2586.0,1132.0,2632.0,,,,246.0,,,1327.0,,1618.0,,,1327.0
,,831.0,,,,,1821.0,,3165.0,2629.0,1184.0,3605.0,,,,1327.0,,,1726.0,,1806.0,,,1726.0
,,979.0,,,,,1923.0,,3681.0,2784.0,1603.0,765.0,,,,1726.0,,,1927.0,,2519.0,,,1927.0
,,1164.0,,,,,2774.0,,1541.0,3768.0,1618.0,1000.0,,,,1927.0,,,2279.0,,2647.0,,,2279.0
,,1363.0,,,,,3166.0,,1583.0,3053.0,1806.0,3519.0,,,,2279.0,,,2283.0,,2739.0,,,2283.0
,,1475.0,,,,,1314.0,,1842.0,244.0,2519.0,1240.0,,,,2283.0,,,2414.0,,2756.0,,,2414.0
,,1656.0,,,,,1500.0,,2391.0,1605.0,2647.0,2148.0,,,,2414.0,,,3492.0,,3233.0,,,3492.0
,,1983.0,,,,,371.0,,2395.0,2298.0,2739.0,2629.0,,,,3492.0,,,3711.0,,3794.0,,,3711.0
,,2242.0,,,,,3322.0,,1290.0,1973.0,2756.0,3764.0,,,,3711.0,,,830.0,,1028.0,,,830.0
,,2463.0,,,,,3365.0,,3191.0,2688.0,3233.0,4.0,,,,830.0,,,848.0,,2356.0,,,848.0
,,2631.0,,,,,1527.0,,3002.0,2704.0,3794.0,980.0,,,,848.0,,,951.0,,3213.0,,,951.0
,,2658.0,,,,,2586.0,,292.0,3305.0,1028.0,1185.0,,,,951.0,,,1520.0,,1138.0,,,1520.0
,,2708.0,,,,,2629.0,,531.0,3419.0,2356.0,1546.0,,,,1520.0,,,2757.0,,1607.0,,,2757.0
,,2712.0,,,,,2784.0,,820.0,2935.0,3213.0,2154.0,,,,2757.0,,,3752.0,,129.0,,,3752.0
,,2782.0,,,,,3768.0,,831.0,1670.0,1138.0,2433.0,,,,3752.0,,,2466.0,,473.0,,,2466.0
,,3152.0,,,,,3053.0,,979.0,3811.0,1607.0,2643.0,,,,2466.0,,,2742.0,,1043.0,,,2742.0
,,3310.0,,,,,244.0,,1164.0,3303.0,129.0,3456.0,,,,2742.0,,,2822.0,,1969.0,,,2822.0
,,3428.0,,,,,1605.0,,1363.0,771.0,473.0,3773.0,,,,2822.0,,,3435.0,,2492.0,,,3435.0
,,3582.0,,,,,2298.0,,1475.0,997.0,1043.0,2405.0,,,,3435.0,,,3587.0,,2535.0,,,3587.0
,,1487.0,,,,,1973.0,,1656.0,1025.0,1969.0,2299.0,,,,3587.0,,,362.0,,2888.0,,,362.0
,,2752.0,,,,,2688.0,,1983.0,3597.0,2492.0,3575.0,,,,362.0,,,2627.0,,1570.0,,,2627.0
,,805.0,,,,,2704.0,,2242.0,2291.0,2535.0,208.0,,,,2627.0,,,3116.0,,1586.0,,,3116.0
,,2396.0,,,,,3305.0,,2463.0,2702.0,2888.0,610.0,,,,3116.0,,,3125.0,,1881.0,,,3125.0
,,2614.0,,,,,3419.0,,2631.0,283.0,1570.0,814.0,,,,3125.0,,,1125.0,,3707.0,,,1125.0
,,2937.0,,,,,2935.0,,2658.0,2405.0,1586.0,870.0,,,,1125.0,,,1988.0,,872.0,,,1988.0
,,3401.0,,,,,1670.0,,2708.0,2075.0,1881.0,1820.0,,,,1988.0,,,3530.0,,908.0,,,3530.0
,,1200.0,,,,,3811.0,,2712.0,3312.0,3707.0,1969.0,,,,3530.0,,,88.0,,1594.0,,,88.0
,,2437.0,,,,,3303.0,,2782.0,428.0,872.0,978.0,,,,88.0,,,241.0,,2328.0,,,241.0
,,1557.0,,,,,771.0,,3152.0,2145.0,908.0,2155.0,,,,241.0,,,264.0,,2398.0,,,264.0
,,1821.0,,,,,997.0,,3310.0,374.0,1594.0,3097.0,,,,264.0,,,388.0,,2417.0,,,388.0
,,1923.0,,,,,1025.0,,3428.0,2628.0,2328.0,3221.0,,,,388.0,,,485.0,,2541.0,,,485.0
,,2774.0,,,,,3597.0,,3582.0,3329.0,2398.0,1310.0,,,,485.0,,,628.0,,2578.0,,,628.0
,,3166.0,,,,,2291.0,,1487.0,2908.0,2417.0,1844.0,,,,628.0,,,658.0,,2773.0,,,658.0
,,1314.0,,,,,2702.0,,2752.0,3133.0,2541.0,2296.0,,,,658.0,,,794.0,,3445.0,,,794.0
,,1500.0,,,,,283.0,,805.0,3481.0,2578.0,2880.0,,,,794.0,,,1423.0,,3843.0,,,1423.0
,,371.0,,,,,2405.0,,1873.0,317.0,2773.0,3050.0,,,,1423.0,,,1669.0,,16.0,,,1669.0
,,3322.0,,,,,2075.0,,2396.0,342.0,3445.0,3109.0,,,,1669.0,,,1751.0,,78.0,,,1751.0
,,3365.0,,,,,3312.0,,2614.0,1781.0,3843.0,2211.0,,,,1751.0,,,1752.0,,793.0,,,1752.0
,,1527.0,,,,,428.0,,2937.0,234.0,16.0,1986.0,,,,1752.0,,,1890.0,,835.0,,,1890.0
,,2586.0,,,,,2145.0,,3401.0,3734.0,78.0,2898.0,,,,1890.0,,,2086.0,,974.0,,,2086.0
,,2629.0,,,,,374.0,,1200.0,0.0,793.0,694.0,,,,2086.0,,,2576.0,,1288.0,,,2576.0
,,2784.0,,,,,2628.0,,2437.0,1139.0,835.0,1082.0,,,,2576.0,,,2599.0,,1477.0,,,2599.0
,,3768.0,,,,,3329.0,,1557.0,2182.0,974.0,1255.0,,,,2599.0,,,2699.0,,1503.0,,,2699.0
,,3053.0,,,,,2908.0,,1821.0,2787.0,1288.0,3646.0,,,,2699.0,,,2753.0,,1565.0,,,2753.0
,,244.0,,,,,3133.0,,1923.0,1184.0,1477.0,443.0,,,,2753.0,,,2787.0,,1765.0,,,2787.0
,,1605.0,,,,,3481.0,,2774.0,1794.0,1503.0,972.0,,,,2787.0,,,2830.0,,2428.0,,,2830.0
,,2298.0,,,,,317.0,,3166.0,2887.0,1565.0,1239.0,,,,2830.0,,,3385.0,,3170.0,,,3385.0
,,1973.0,,,,,342.0,,1314.0,2957.0,1765.0,2048.0,,,,3385.0,,,3428.0,,3308.0,,,3428.0
,,2688.0,,,,,1781.0,,1500.0,3233.0,2428.0,2566.0,,,,3428.0,,,3693.0,,421.0,,,3693.0
,,2704.0,,,,,234.0,,371.0,1208.0,3170.0,3650.0,,,,3693.0,,,3140.0,,926.0,,,3140.0
,,3305.0,,,,,3734.0,,3322.0,3518.0,3308.0,1688.0,,,,3140.0,,,3158.0,,1909.0,,,3158.0
,,3419.0,,,,,0.0,,3365.0,425.0,421.0,2349.0,,,,3158.0,,,1050.0,,2331.0,,,1050.0
,,2935.0,,,,,2182.0,,1527.0,383.0,926.0,2445.0,,,,1050.0,,,1408.0,,3507.0,,,1408.0
,,1670.0,,,,,2787.0,,2586.0,738.0,1909.0,360.0,,,,1408.0,,,1928.0,,256.0,,,1928.0
,,3811.0,,,,,1184.0,,2629.0,1179.0,2331.0,399.0,,,,1928.0,,,1962.0,,372.0,,,1962.0
,,3303.0,,,,,1794.0,,2784.0,1319.0,3507.0,2145.0,,,,1962.0,,,2130.0,,435.0,,,2130.0
,,771.0,,,,,2887.0,,3768.0,1709.0,256.0,2961.0,,,,2130.0,,,2728.0,,537.0,,,2728.0
,,997.0,,,,,2957.0,,3053.0,3332.0,372.0,3157.0,,,,2728.0,,,2744.0,,613.0,,,2744.0
,,1025.0,,,,,3233.0,,244.0,2825.0,435.0,1865.0,,,,2744.0,,,3096.0,,764.0,,,3096.0
,,3597.0,,,,,1208.0,,1605.0,2969.0,537.0,2528.0,,,,3096.0,,,1515.0,,843.0,,,1515.0
,,2291.0,,,,,3518.0,,2298.0,1026.0,613.0,387.0,,,,1515.0,,,1845.0,,854.0,,,1845.0
,,2702.0,,,,,425.0,,1973.0,2506.0,764.0,690.0,,,,1845.0,,,1961.0,,966.0,,,1961.0
,,283.0,,,,,383.0,,2688.0,1269.0,843.0,1586.0,,,,1961.0,,,2294.0,,993.0,,,2294.0
,,2405.0,,,,,738.0,,2704.0,2005.0,854.0,1682.0,,,,2294.0,,,2295.0,,1066.0,,,2295.0
,,2075.0,,,,,1179.0,,3305.0,2602.0,966.0,1968.0,,,,2295.0,,,3114.0,,1117.0,,,3114.0
,,3312.0,,,,,1319.0,,3419.0,2622.0,993.0,2298.0,,,,3114.0,,,3438.0,,1208.0,,,3438.0
,,428.0,,,,,1709.0,,2935.0,633.0,1066.0,2865.0,,,,3438.0,,,3621.0,,1323.0,,,3621.0
,,2145.0,,,,,3332.0,,1670.0,1780.0,1117.0,532.0,,,,3621.0,,,1355.0,,1517.0,,,1355.0
,,374.0,,,,,2825.0,,3811.0,2214.0,1208.0,726.0,,,,1355.0,,,2690.0,,1677.0,,,2690.0
,,2628.0,,,,,2969.0,,3303.0,2572.0,1323.0,1025.0,,,,2690.0,,,3392.0,,2039.0,,,3392.0
,,3329.0,,,,,1026.0,,771.0,1933.0,1517.0,1638.0,,,,3392.0,,,3705.0,,2299.0,,,3705.0
,,2908.0,,,,,2506.0,,997.0,1343.0,1677.0,2522.0,,,,3705.0,,,86.0,,2345.0,,,86.0
,,3133.0,,,,,1269.0,,1025.0,2307.0,2039.0,615.0,,,,86.0,,,1592.0,,2405.0,,,1592.0
,,317.0,,,,,2005.0,,3597.0,1471.0,2299.0,2628.0,,,,1592.0,,,19.0,,2451.0,,,19.0
,,342.0,,,,,2602.0,,2291.0,3690.0,2345.0,1039.0,,,,19.0,,,517.0,,2471.0,,,517.0
,,1781.0,,,,,2622.0,,2702.0,782.0,2405.0,1646.0,,,,517.0,,,637.0,,2772.0,,,637.0
,,234.0,,,,,633.0,,283.0,833.0,2451.0,2147.0,,,,637.0,,,2153.0,,3004.0,,,2153.0
,,3734.0,,,,,1780.0,,2405.0,2227.0,2471.0,2183.0,,,,2153.0,,,2449.0,,3321.0,,,2449.0
,,0.0,,,,,2214.0,,2075.0,53.0,2772.0,2368.0,,,,2449.0,,,2917.0,,3418.0,,,2917.0
,,1139.0,,,,,2572.0,,3312.0,407.0,3004.0,2473.0,,,,2917.0,,,1946.0,,3458.0,,,1946.0
,,2182.0,,,,,1933.0,,428.0,804.0,3321.0,1512.0,,,,1946.0,,,3750.0,,3602.0,,,3750.0
,,2787.0,,,,,1343.0,,2145.0,1898.0,3418.0,1912.0,,,,3750.0,,,743.0,,3803.0,,,743.0
,,1184.0,,,,,2307.0,,374.0,3285.0,3458.0,2447.0,,,,743.0,,,786.0,,3816.0,,,786.0
,,1794.0,,,,,1471.0,,2628.0,3314.0,3602.0,276.0,,,,786.0,,,1501.0,,195.0,,,1501.0
,,2887.0,,,,,3690.0,,3329.0,858.0,3803.0,1193.0,,,,1501.0,,,2241.0,,1599.0,,,2241.0
,,2957.0,,,,,782.0,,2908.0,1078.0,3816.0,2455.0,,,,2241.0,,,83.0,,2066.0,,,83.0
,,3233.0,,,,,833.0,,3133.0,1708.0,195.0,2995.0,,,,83.0,,,92.0,,3771.0,,,92.0
,,1208.0,,,,,2227.0,,317.0,3088.0,1599.0,8.0,,,,92.0,,,877.0,,1426.0,,,877.0
,,3518.0,,,,,53.0,,342.0,3369.0,2066.0,411.0,,,,877.0,,,3651.0,,2234.0,,,3651.0
,,425.0,,,,,407.0,,1781.0,301.0,3771.0,740.0,,,,3651.0,,,494.0,,2338.0,,,494.0
,,383.0,,,,,804.0,,234.0,438.0,1426.0,943.0,,,,494.0,,,1657.0,,2366.0,,,1657.0
,,738.0,,,,,1898.0,,3734.0,891.0,2234.0,1063.0,,,,1657.0,,,1814.0,,3569.0,,,1814.0
,,1179.0,,,,,3285.0,,0.0,1749.0,2338.0,2286.0,,,,1814.0,,,2790.0,,263.0,,,2790.0
,,1319.0,,,,,3314.0,,1139.0,2593.0,2366.0,2879.0,,,,2790.0,,,514.0,,682.0,,,514.0
,,3332.0,,,,,858.0,,2182.0,3379.0,3569.0,2984.0,,,,514.0,,,723.0,,1761.0,,,723.0
,,2825.0,,,,,1078.0,,2787.0,3599.0,263.0,3772.0,,,,723.0,,,1237.0,,1784.0,,,1237.0
,,2969.0,,,,,1708.0,,1184.0,3654.0,682.0,1252.0,,,,1237.0,,,2305.0,,1787.0,,,2305.0
,,1026.0,,,,,3088.0,,1794.0,3125.0,1761.0,1574.0,,,,2305.0,,,2315.0,,2721.0,,,2315.0
,,2506.0,,,,,3369.0,,2887.0,3717.0,1784.0,2718.0,,,,2315.0,,,380.0,,259.0,,,380.0
,,1269.0,,,,,301.0,,2957.0,211.0,1787.0,936.0,,,,380.0,,,3314.0,,442.0,,,3314.0
,,2005.0,,,,,438.0,,3233.0,1101.0,2721.0,2943.0,,,,3314.0,,,1672.0,,553.0,,,1672.0
,,2602.0,,,,,891.0,,1208.0,2249.0,259.0,287.0,,,,1672.0,,,3734.0,,875.0,,,3734.0
,,2622.0,,,,,1749.0,,3518.0,3182.0,442.0,2022.0,,,,3734.0,,,232.0,,1021.0,,,232.0
,,633.0,,,,,2593.0,,425.0,3764.0,553.0,713.0,,,,232.0,,,2907.0,,1083.0,,,2907.0
,,1780.0,,,,,3379.0,,383.0,3530.0,875.0,924.0,,,,2907.0,,,3087.0,,1311.0,,,3087.0
,,2214.0,,,,,3599.0,,738.0,1012.0,1021.0,1112.0,,,,3087.0,,,3526.0,,1704.0,,,3526.0
,,2572.0,,,,,3654.0,,1179.0,1362.0,1083.0,2668.0,,,,3526.0,,,1505.0,,1877.0,,,1505.0
,,1933.0,,,,,3125.0,,1319.0,2970.0,1311.0,3393.0,,,,1505.0,,,2131.0,,2379.0,,,2131.0
,,1343.0,,,,,3717.0,,3332.0,3032.0,1704.0,3518.0,,,,2131.0,,,3083.0,,2734.0,,,3083.0
,,2307.0,,,,,211.0,,2825.0,471.0,1877.0,351.0,,,,3083.0,,,1230.0,,2803.0,,,1230.0
,,1471.0,,,,,1101.0,,2969.0,1969.0,2379.0,1712.0,,,,1230.0,,,3737.0,,3042.0,,,3737.0
,,3690.0,,,,,3182.0,,1026.0,3311.0,2734.0,2005.0,,,,3737.0,,,3774.0,,3291.0,,,3774.0
,,782.0,,,,,3764.0,,2506.0,2149.0,2803.0,976.0,,,,3774.0,,,3850.0,,3681.0,,,3850.0
,,833.0,,,,,3530.0,,1269.0,2426.0,3042.0,3573.0,,,,3850.0,,,1587.0,,355.0,,,1587.0
,,2227.0,,,,,1012.0,,2005.0,3501.0,3291.0,3577.0,,,,1587.0,,,699.0,,912.0,,,699.0
,,53.0,,,,,1362.0,,2602.0,822.0,3681.0,3144.0,,,,699.0,,,1200.0,,2000.0,,,1200.0
,,407.0,,,,,2970.0,,2622.0,599.0,355.0,665.0,,,,1200.0,,,1764.0,,2598.0,,,1764.0
,,804.0,,,,,3032.0,,633.0,1408.0,912.0,2276.0,,,,1764.0,,,1095.0,,2688.0,,,1095.0
,,1898.0,,,,,471.0,,1780.0,217.0,2000.0,246.0,,,,1095.0,,,1276.0,,862.0,,,1276.0
,,3285.0,,,,,1969.0,,2214.0,1998.0,2598.0,1327.0,,,,1276.0,,,2248.0,,3763.0,,,2248.0
,,3314.0,,,,,3311.0,,2572.0,2700.0,2688.0,1726.0,,,,2248.0,,,350.0,,1340.0,,,350.0
,,858.0,,,,,2149.0,,1933.0,3604.0,862.0,2279.0,,,,350.0,,,1042.0,,2323.0,,,1042.0
,,1078.0,,,,,2426.0,,1343.0,288.0,3763.0,3492.0,,,,1042.0,,,788.0,,2919.0,,,788.0
,,1708.0,,,,,3501.0,,2307.0,583.0,1340.0,3711.0,,,,788.0,,,1041.0,,3623.0,,,1041.0
,,3088.0,,,,,822.0,,1471.0,2235.0,2323.0,830.0,,,,1041.0,,,1155.0,,3750.0,,,1155.0
,,3369.0,,,,,599.0,,3690.0,2942.0,2919.0,848.0,,,,1155.0,,,201.0,,165.0,,,201.0
,,301.0,,,,,1408.0,,782.0,30.0,3623.0,951.0,,,,201.0,,,1156.0,,194.0,,,1156.0
,,438.0,,,,,217.0,,833.0,172.0,3750.0,1520.0,,,,1156.0,,,434.0,,429.0,,,434.0
,,891.0,,,,,1998.0,,2227.0,3383.0,165.0,2757.0,,,,434.0,,,3541.0,,1123.0,,,3541.0
,,1749.0,,,,,2700.0,,53.0,505.0,194.0,3752.0,,,,3541.0,,,995.0,,2629.0,,,995.0
,,2593.0,,,,,3604.0,,407.0,996.0,429.0,2466.0,,,,995.0,,,1705.0,,3554.0,,,1705.0
,,3379.0,,,,,288.0,,804.0,414.0,1123.0,2742.0,,,,1705.0,,,1210.0,,27.0,,,1210.0
,,3599.0,,,,,583.0,,1898.0,978.0,2629.0,2822.0,,,,1210.0,,,3039.0,,132.0,,,3039.0
,,3654.0,,,,,2235.0,,3285.0,1501.0,3554.0,3435.0,,,,3039.0,,,927.0,,151.0,,,927.0
,,3125.0,,,,,2942.0,,3314.0,1743.0,27.0,3587.0,,,,927.0,,,2720.0,,1080.0,,,2720.0
,,3717.0,,,,,30.0,,858.0,2565.0,132.0,2627.0,,,,2720.0,,,988.0,,1363.0,,,988.0
,,211.0,,,,,3383.0,,1078.0,2905.0,151.0,3116.0,,,,988.0,,,515.0,,2156.0,,,515.0
,,1101.0,,,,,505.0,,1708.0,3069.0,1080.0,3125.0,,,,515.0,,,1439.0,,2242.0,,,1439.0
,,2249.0,,,,,996.0,,3088.0,2993.0,1363.0,1125.0,,,,1439.0,,,3709.0,,3066.0,,,3709.0
,,3182.0,,,,,414.0,,3369.0,506.0,2156.0,1988.0,,,,3709.0,,,353.0,,1210.0,,,353.0
,,3764.0,,,,,978.0,,301.0,588.0,2242.0,3530.0,,,,353.0,,,1359.0,,3531.0,,,1359.0
,,3530.0,,,,,1501.0,,438.0,2443.0,3066.0,88.0,,,,1359.0,,,3066.0,,3520.0,,,3066.0
,,1012.0,,,,,1743.0,,891.0,2911.0,1210.0,241.0,,,,3066.0,,,3075.0,,3075.0,,,3075.0
,,1362.0,,,,,2565.0,,1749.0,3641.0,3531.0,264.0,,,,3075.0,,,152.0,,2720.0,,,152.0
,,2970.0,,,,,3069.0,,2593.0,3750.0,3520.0,388.0,,,,152.0,,,1857.0,,73.0,,,1857.0
,,3032.0,,,,,2993.0,,3379.0,917.0,3075.0,485.0,,,,1857.0,,,3520.0,,152.0,,,3520.0
,,471.0,,,,,506.0,,3599.0,1542.0,2720.0,628.0,,,,3520.0,,,1609.0,,995.0,,,1609.0
,,1969.0,,,,,588.0,,3654.0,2598.0,73.0,794.0,,,,1609.0,,,780.0,,1705.0,,,780.0
,,3311.0,,,,,2443.0,,3125.0,2923.0,152.0,1423.0,,,,780.0,,,2369.0,,434.0,,,2369.0
,,2149.0,,,,,2911.0,,3717.0,376.0,995.0,1669.0,,,,2369.0,,,1218.0,,3039.0,,,1218.0
,,3501.0,,,,,3641.0,,211.0,528.0,1705.0,1751.0,,,,1218.0,,,682.0,,927.0,,,682.0
,,822.0,,,,,3750.0,,1101.0,532.0,434.0,1752.0,,,,682.0,,,73.0,,988.0,,,73.0
,,599.0,,,,,917.0,,2249.0,983.0,3039.0,1890.0,,,,73.0,,,76.0,,515.0,,,76.0
,,1408.0,,,,,1542.0,,3182.0,1202.0,927.0,2086.0,,,,76.0,,,530.0,,1439.0,,,530.0
,,217.0,,,,,2598.0,,3764.0,3388.0,988.0,2576.0,,,,530.0,,,1382.0,,3709.0,,,1382.0
,,1998.0,,,,,2923.0,,3530.0,1932.0,515.0,2599.0,,,,1382.0,,,2707.0,,353.0,,,2707.0
,,2700.0,,,,,376.0,,1012.0,2961.0,1439.0,2753.0,,,,2707.0,,,968.0,,1359.0,,,968.0
,,3604.0,,,,,528.0,,1362.0,3132.0,3709.0,2787.0,,,,968.0,,,2397.0,,1857.0,,,2397.0
,,288.0,,,,,532.0,,2970.0,2059.0,353.0,2830.0,,,,2397.0,,,2773.0,,1609.0,,,2773.0
,,583.0,,,,,983.0,,3032.0,3645.0,1359.0,3385.0,,,,2773.0,,,533.0,,780.0,,,533.0
,,2235.0,,,,,1202.0,,471.0,370.0,1857.0,3428.0,,,,533.0,,,2471.0,,2369.0,,,2471.0
,,2942.0,,,,,3388.0,,1969.0,1104.0,1609.0,3140.0,,,,2471.0,,,695.0,,3541.0,,,695.0
,,30.0,,,,,1932.0,,3311.0,2278.0,780.0,3158.0,,,,695.0,,,2722.0,,1218.0,,,2722.0
,,172.0,,,,,2961.0,,2149.0,2918.0,2369.0,1050.0,,,,2722.0,,,1570.0,,530.0,,,1570.0
,,3383.0,,,,,3132.0,,3501.0,3395.0,3541.0,1408.0,,,,1570.0,,,670.0,,1382.0,,,670.0
,,505.0,,,,,2059.0,,822.0,890.0,1218.0,1928.0,,,,670.0,,,348.0,,2707.0,,,348.0
,,996.0,,,,,3645.0,,599.0,977.0,530.0,1962.0,,,,348.0,,,3531.0,,968.0,,,3531.0
,,414.0,,,,,370.0,,1408.0,3287.0,1382.0,2130.0,,,,3531.0,,,3362.0,,2397.0,,,3362.0
,,978.0,,,,,1104.0,,217.0,384.0,2707.0,2728.0,,,,3362.0,,,2597.0,,533.0,,,2597.0
,,1501.0,,,,,2278.0,,1998.0,1063.0,968.0,2744.0,,,,2597.0,,,2725.0,,695.0,,,2725.0
,,1743.0,,,,,2918.0,,2700.0,1459.0,2397.0,3096.0,,,,2725.0,,,1704.0,,2722.0,,,1704.0
,,2565.0,,,,,3395.0,,3604.0,1742.0,533.0,1515.0,,,,1704.0,,,542.0,,670.0,,,542.0
,,2905.0,,,,,890.0,,288.0,2266.0,695.0,1845.0,,,,542.0,,,1081.0,,348.0,,,1081.0
,,3069.0,,,,,977.0,,583.0,2442.0,2722.0,1961.0,,,,1081.0,,,1453.0,,3362.0,,,1453.0
,,2993.0,,,,,3287.0,,2235.0,2895.0,670.0,2294.0,,,,1453.0,,,2221.0,,2597.0,,,2221.0
,,506.0,,,,,384.0,,2942.0,2896.0,348.0,2295.0,,,,2221.0,,,2677.0,,2725.0,,,2677.0
,,588.0,,,,,1063.0,,30.0,2925.0,3362.0,3114.0,,,,2677.0,,,3680.0,,542.0,,,3680.0
,,2443.0,,,,,1459.0,,172.0,3347.0,2597.0,3438.0,,,,3680.0,,,1023.0,,1081.0,,,1023.0
,,2911.0,,,,,1742.0,,3383.0,791.0,2725.0,3621.0,,,,1023.0,,,3328.0,,2221.0,,,3328.0
,,3641.0,,,,,2266.0,,505.0,1483.0,542.0,1355.0,,,,3328.0,,,534.0,,2677.0,,,534.0
,,3750.0,,,,,2442.0,,996.0,2425.0,1081.0,2690.0,,,,534.0,,,2479.0,,3680.0,,,2479.0
,,917.0,,,,,2895.0,,414.0,1105.0,2221.0,3392.0,,,,2479.0,,,3318.0,,1023.0,,,3318.0
,,1542.0,,,,,2896.0,,978.0,1301.0,2677.0,3705.0,,,,3318.0,,,256.0,,3328.0,,,256.0
,,2598.0,,,,,2925.0,,1501.0,1404.0,3680.0,86.0,,,,256.0,,,1438.0,,534.0,,,1438.0
,,2923.0,,,,,3347.0,,1743.0,1576.0,1023.0,1592.0,,,,1438.0,,,2503.0,,2479.0,,,2503.0
,,376.0,,,,,1483.0,,2565.0,1874.0,3328.0,19.0,,,,2503.0,,,1430.0,,3105.0,,,1430.0
,,528.0,,,,,2425.0,,2905.0,1951.0,534.0,517.0,,,,1430.0,,,965.0,,3318.0,,,965.0
,,532.0,,,,,1105.0,,3069.0,3777.0,2479.0,637.0,,,,965.0,,,2676.0,,1438.0,,,2676.0
,,983.0,,,,,1301.0,,2993.0,224.0,3105.0,2153.0,,,,2676.0,,,2224.0,,2503.0,,,2224.0
,,1202.0,,,,,1404.0,,506.0,590.0,3318.0,2449.0,,,,2224.0,,,2990.0,,1430.0,,,2990.0
,,3388.0,,,,,1576.0,,588.0,3006.0,1438.0,2917.0,,,,2990.0,,,3256.0,,965.0,,,3256.0
,,1932.0,,,,,1874.0,,2443.0,3499.0,2503.0,1946.0,,,,3256.0,,,2851.0,,2676.0,,,2851.0
,,2961.0,,,,,1951.0,,2911.0,2648.0,1430.0,3750.0,,,,2851.0,,,1511.0,,2990.0,,,1511.0
,,3132.0,,,,,3777.0,,3641.0,2261.0,965.0,743.0,,,,1511.0,,,2222.0,,3256.0,,,2222.0
,,2059.0,,,,,224.0,,3750.0,2049.0,2676.0,786.0,,,,2222.0,,,65.0,,2851.0,,,65.0
,,3645.0,,,,,590.0,,917.0,519.0,2990.0,1501.0,,,,65.0,,,193.0,,1511.0,,,193.0
,,370.0,,,,,3006.0,,1542.0,639.0,3256.0,2241.0,,,,193.0,,,3167.0,,2222.0,,,3167.0
,,1104.0,,,,,3499.0,,2598.0,1606.0,2851.0,83.0,,,,3167.0,,,652.0,,65.0,,,652.0
,,2278.0,,,,,2648.0,,2923.0,2240.0,1511.0,92.0,,,,652.0,,,3563.0,,193.0,,,3563.0
,,2918.0,,,,,2261.0,,376.0,478.0,2222.0,877.0,,,,3563.0,,,2665.0,,3167.0,,,2665.0
,,3395.0,,,,,2049.0,,528.0,503.0,65.0,3651.0,,,,2665.0,,,1496.0,,652.0,,,1496.0
,,890.0,,,,,519.0,,532.0,689.0,193.0,1657.0,,,,1496.0,,,1328.0,,3563.0,,,1328.0
,,977.0,,,,,1606.0,,983.0,843.0,3167.0,1814.0,,,,1328.0,,,1311.0,,2665.0,,,1311.0
,,3287.0,,,,,2240.0,,1202.0,1192.0,652.0,2790.0,,,,1311.0,,,2534.0,,1095.0,,,2534.0
,,384.0,,,,,478.0,,3388.0,1405.0,3563.0,514.0,,,,2534.0,,,561.0,,1496.0,,,561.0
,,1063.0,,,,,503.0,,1932.0,2352.0,2665.0,723.0,,,,561.0,,,3447.0,,3096.0,,,3447.0
,,1459.0,,,,,689.0,,2961.0,2362.0,1095.0,1237.0,,,,3447.0,,,164.0,,1328.0,,,164.0
,,1742.0,,,,,843.0,,3132.0,2441.0,1496.0,2305.0,,,,164.0,,,2231.0,,2534.0,,,2231.0
,,2266.0,,,,,1192.0,,2059.0,665.0,3096.0,2315.0,,,,2231.0,,,3056.0,,561.0,,,3056.0
,,2442.0,,,,,1405.0,,3645.0,1585.0,1328.0,380.0,,,,3056.0,,,2590.0,,3221.0,,,2590.0
,,2895.0,,,,,2352.0,,370.0,2818.0,2534.0,3314.0,,,,2590.0,,,2726.0,,3447.0,,,2726.0
,,2896.0,,,,,2362.0,,1104.0,3405.0,561.0,1672.0,,,,2726.0,,,3617.0,,164.0,,,3617.0
,,2925.0,,,,,2441.0,,2278.0,479.0,3221.0,3734.0,,,,3617.0,,,3378.0,,2231.0,,,3378.0
,,3347.0,,,,,665.0,,2918.0,879.0,3447.0,232.0,,,,3378.0,,,1938.0,,3056.0,,,1938.0
,,791.0,,,,,1585.0,,3395.0,2264.0,164.0,2907.0,,,,1938.0,,,3181.0,,1042.0,,,3181.0
,,1483.0,,,,,2818.0,,890.0,3315.0,2231.0,3087.0,,,,3181.0,,,650.0,,1276.0,,,650.0
,,1105.0,,,,,3405.0,,977.0,2383.0,3056.0,3526.0,,,,650.0,,,1083.0,,2590.0,,,1083.0
,,1301.0,,,,,479.0,,3287.0,793.0,1042.0,1505.0,,,,1083.0,,,3421.0,,936.0,,,3421.0
,,1404.0,,,,,879.0,,384.0,1264.0,1276.0,2131.0,,,,3421.0,,,1770.0,,3617.0,,,1770.0
,,1576.0,,,,,2264.0,,1063.0,1503.0,2590.0,3083.0,,,,1770.0,,,1340.0,,787.0,,,1340.0
,,1874.0,,,,,3315.0,,1459.0,1712.0,936.0,1230.0,,,,1340.0,,,1584.0,,3378.0,,,1584.0
,,1951.0,,,,,2383.0,,2266.0,1765.0,3617.0,3737.0,,,,1584.0,,,2772.0,,788.0,,,2772.0
,,3777.0,,,,,793.0,,2442.0,2348.0,787.0,3774.0,,,,2772.0,,,2695.0,,1041.0,,,2695.0
,,224.0,,,,,1264.0,,2895.0,3679.0,3378.0,3850.0,,,,2695.0,,,1568.0,,1155.0,,,1568.0
,,590.0,,,,,1503.0,,2896.0,316.0,788.0,1587.0,,,,1568.0,,,421.0,,2248.0,,,421.0
,,3006.0,,,,,1712.0,,2925.0,1587.0,1041.0,699.0,,,,421.0,,,3321.0,,650.0,,,3321.0
,,3499.0,,,,,1765.0,,3347.0,2730.0,1155.0,1200.0,,,,3321.0,,,2461.0,,350.0,,,2461.0
,,2648.0,,,,,2348.0,,791.0,3648.0,2248.0,1764.0,,,,2461.0,,,2578.0,,3421.0,,,2578.0
,,2261.0,,,,,3679.0,,1483.0,775.0,650.0,1095.0,,,,2578.0,,,651.0,,1770.0,,,651.0
,,519.0,,,,,316.0,,1105.0,1516.0,350.0,1276.0,,,,651.0,,,671.0,,201.0,,,671.0
,,639.0,,,,,1587.0,,1301.0,365.0,3421.0,2248.0,,,,671.0,,,1344.0,,1584.0,,,1344.0
,,1606.0,,,,,2730.0,,1404.0,1375.0,1770.0,350.0,,,,1344.0,,,2680.0,,2695.0,,,2680.0
,,2240.0,,,,,3648.0,,1576.0,101.0,201.0,1042.0,,,,2680.0,,,2734.0,,1568.0,,,2734.0
,,478.0,,,,,775.0,,1874.0,998.0,1584.0,788.0,,,,2734.0,,,2536.0,,2461.0,,,2536.0
,,503.0,,,,,1516.0,,1951.0,1588.0,2695.0,1041.0,,,,2536.0,,,1138.0,,651.0,,,1138.0
,,689.0,,,,,365.0,,3777.0,1907.0,1568.0,1155.0,,,,1138.0,,,1600.0,,671.0,,,1600.0
,,843.0,,,,,1375.0,,224.0,2065.0,2461.0,201.0,,,,1600.0,,,2472.0,,1344.0,,,2472.0
,,1192.0,,,,,101.0,,590.0,300.0,651.0,1156.0,,,,2472.0,,,356.0,,2536.0,,,356.0
,,1405.0,,,,,998.0,,3006.0,976.0,671.0,434.0,,,,356.0,,,1117.0,,1600.0,,,1117.0
,,2352.0,,,,,1588.0,,3499.0,2890.0,1344.0,3541.0,,,,1117.0,,,3258.0,,356.0,,,3258.0
,,2362.0,,,,,1907.0,,2648.0,3396.0,2536.0,995.0,,,,3258.0,,,3304.0,,3258.0,,,3304.0
,,2441.0,,,,,2065.0,,2261.0,3573.0,1600.0,1705.0,,,,3304.0,,,1578.0,,1578.0,,,1578.0
,,665.0,,,,,300.0,,519.0,3577.0,356.0,1210.0,,,,1578.0,,,2514.0,,2514.0,,,2514.0
,,1585.0,,,,,976.0,,639.0,2742.0,3258.0,3039.0,,,,2514.0,,,169.0,,3368.0,,,169.0
,,2818.0,,,,,2890.0,,1606.0,3324.0,1578.0,927.0,,,,169.0,,,1841.0,,2607.0,,,1841.0
,,3405.0,,,,,3396.0,,2240.0,3587.0,2514.0,2720.0,,,,1841.0,,,151.0,,3600.0,,,151.0
,,479.0,,,,,3573.0,,478.0,2360.0,3368.0,988.0,,,,151.0,,,3368.0,,1071.0,,,1987.0
,,879.0,,,,,2742.0,,503.0,502.0,2607.0,515.0,,,,3368.0,,,1987.0,,3121.0,,,2607.0
,,2264.0,,,,,3324.0,,689.0,3286.0,3600.0,1439.0,,,,1987.0,,,2607.0,,763.0,,,3602.0
,,3315.0,,,,,3587.0,,843.0,774.0,1071.0,3709.0,,,,2607.0,,,3602.0,,2016.0,,,1498.0
,,2383.0,,,,,2360.0,,1192.0,836.0,3121.0,353.0,,,,3602.0,,,1498.0,,2488.0,,,1529.0
,,793.0,,,,,502.0,,1405.0,2930.0,763.0,1359.0,,,,1498.0,,,1529.0,,1156.0,,,3600.0
,,1264.0,,,,,3286.0,,2352.0,3704.0,2016.0,3066.0,,,,1529.0,,,3600.0,,1198.0,,,1071.0
,,1503.0,,,,,774.0,,2362.0,1623.0,2488.0,3075.0,,,,3600.0,,,1071.0,,2609.0,,,3121.0
,,1712.0,,,,,2930.0,,2441.0,2913.0,1156.0,152.0,,,,1071.0,,,3121.0,,3538.0,,,763.0
,,1765.0,,,,,3704.0,,665.0,547.0,1198.0,1857.0,,,,3121.0,,,763.0,,63.0,,,3207.0
,,2348.0,,,,,1623.0,,1585.0,628.0,2609.0,3520.0,,,,763.0,,,3207.0,,3120.0,,,2016.0
,,3679.0,,,,,2913.0,,2818.0,730.0,3538.0,1609.0,,,,2016.0,,,2016.0,,1069.0,,,2488.0
,,316.0,,,,,547.0,,3405.0,2105.0,63.0,780.0,,,,2488.0,,,2488.0,,586.0,,,1198.0
,,1587.0,,,,,628.0,,479.0,2699.0,3120.0,2369.0,,,,1198.0,,,1198.0,,710.0,,,2516.0
,,2730.0,,,,,730.0,,879.0,3594.0,1069.0,1218.0,,,,2516.0,,,2516.0,,1160.0,,,3397.0
,,3648.0,,,,,2105.0,,2264.0,581.0,586.0,682.0,,,,3397.0,,,3397.0,,2603.0,,,3292.0
,,1516.0,,,,,2699.0,,3315.0,153.0,710.0,73.0,,,,3292.0,,,3292.0,,728.0,,,214.0
,,365.0,,,,,3594.0,,2383.0,1029.0,1160.0,76.0,,,,214.0,,,214.0,,3404.0,,,367.0
,,1375.0,,,,,581.0,,793.0,1157.0,2603.0,530.0,,,,367.0,,,367.0,,3113.0,,,2609.0
,,101.0,,,,,153.0,,1264.0,1577.0,728.0,1382.0,,,,2609.0,,,2609.0,,2078.0,,,3308.0
,,998.0,,,,,1029.0,,1503.0,3591.0,3404.0,2707.0,,,,3308.0,,,3308.0,,1829.0,,,1130.0
,,1588.0,,,,,1157.0,,1712.0,1521.0,3113.0,968.0,,,,1130.0,,,1130.0,,2038.0,,,2345.0
,,1907.0,,,,,1577.0,,1765.0,473.0,2078.0,2397.0,,,,2345.0,,,2345.0,,3203.0,,,3004.0
,,2065.0,,,,,3591.0,,2348.0,724.0,1829.0,2773.0,,,,3004.0,,,3004.0,,910.0,,,921.0
,,976.0,,,,,1521.0,,3679.0,1272.0,2038.0,533.0,,,,921.0,,,921.0,,1033.0,,,63.0
,,2890.0,,,,,473.0,,316.0,1355.0,3203.0,2471.0,,,,63.0,,,63.0,,173.0,,,3120.0
,,3396.0,,,,,1272.0,,1587.0,1641.0,910.0,695.0,,,,3120.0,,,3120.0,,199.0,,,1069.0
,,3573.0,,,,,1355.0,,2730.0,3099.0,1033.0,2722.0,,,,1069.0,,,1069.0,,2185.0,,,586.0
,,3577.0,,,,,1641.0,,3648.0,3107.0,173.0,1570.0,,,,586.0,,,586.0,,3123.0,,,710.0
,,2742.0,,,,,3099.0,,1516.0,3346.0,199.0,670.0,,,,710.0,,,710.0,,2023.0,,,1160.0
,,3324.0,,,,,3346.0,,365.0,3415.0,2185.0,348.0,,,,1160.0,,,1160.0,,2885.0,,,2603.0
,,3587.0,,,,,3415.0,,1375.0,3625.0,3123.0,3531.0,,,,2603.0,,,2603.0,,711.0,,,728.0
,,2360.0,,,,,3625.0,,101.0,77.0,715.0,3362.0,,,,728.0,,,728.0,,2177.0,,,3404.0
,,502.0,,,,,77.0,,998.0,1077.0,2023.0,2597.0,,,,3404.0,,,3404.0,,1447.0,,,3113.0
,,3286.0,,,,,1077.0,,1588.0,2632.0,2885.0,2725.0,,,,3113.0,,,3113.0,,1995.0,,,165.0
,,836.0,,,,,2632.0,,1907.0,3605.0,711.0,1704.0,,,,165.0,,,165.0,,2024.0,,,429.0
,,3704.0,,,,,3605.0,,2065.0,1000.0,2177.0,542.0,,,,429.0,,,429.0,,64.0,,,2078.0
,,1623.0,,,,,1000.0,,976.0,1211.0,1447.0,1081.0,,,,2078.0,,,2078.0,,1934.0,,,1829.0
,,2913.0,,,,,1211.0,,2890.0,2262.0,1995.0,1453.0,,,,1829.0,,,1829.0,,2608.0,,,2038.0
,,547.0,,,,,2262.0,,3396.0,1126.0,2024.0,2221.0,,,,2038.0,,,2038.0,,1935.0,,,3203.0
,,628.0,,,,,1126.0,,3573.0,487.0,64.0,2677.0,,,,3203.0,,,3203.0,,3175.0,,,910.0
,,730.0,,,,,487.0,,3577.0,1461.0,1934.0,3680.0,,,,910.0,,,910.0,,1051.0,,,1033.0
,,2105.0,,,,,1461.0,,2742.0,723.0,2608.0,1023.0,,,,1033.0,,,1033.0,,2777.0,,,170.0
,,2699.0,,,,,723.0,,3324.0,815.0,1935.0,3328.0,,,,170.0,,,170.0,,2275.0,,,173.0
,,3594.0,,,,,815.0,,3587.0,1476.0,3175.0,534.0,,,,173.0,,,173.0,,3097.0,,,199.0
,,581.0,,,,,1476.0,,2360.0,2026.0,1051.0,2479.0,,,,199.0,,,199.0,,2444.0,,,2185.0
,,153.0,,,,,2026.0,,502.0,305.0,2777.0,3318.0,,,,2185.0,,,2185.0,,337.0,,,2452.0
,,1029.0,,,,,305.0,,3286.0,956.0,2275.0,256.0,,,,2452.0,,,2452.0,,1936.0,,,2573.0
,,1157.0,,,,,956.0,,836.0,1038.0,3097.0,1438.0,,,,2573.0,,,2573.0,,3576.0,,,2325.0
,,1577.0,,,,,1038.0,,3704.0,1398.0,2444.0,2503.0,,,,2325.0,,,3123.0,,2252.0,,,3123.0
,,3591.0,,,,,1398.0,,1623.0,36.0,337.0,1430.0,,,,3123.0,,,715.0,,1186.0,,,715.0
,,1521.0,,,,,36.0,,2913.0,980.0,1936.0,965.0,,,,715.0,,,2023.0,,672.0,,,2023.0
,,473.0,,,,,980.0,,547.0,1657.0,3576.0,2676.0,,,,2023.0,,,2885.0,,1658.0,,,2885.0
,,724.0,,,,,1657.0,,628.0,2032.0,2252.0,2224.0,,,,2885.0,,,711.0,,279.0,,,711.0
,,1355.0,,,,,2032.0,,730.0,2193.0,1186.0,2990.0,,,,711.0,,,222.0,,1094.0,,,222.0
,,3099.0,,,,,2193.0,,2105.0,3320.0,672.0,3256.0,,,,222.0,,,261.0,,2169.0,,,261.0
,,3107.0,,,,,3320.0,,2699.0,1460.0,1658.0,2851.0,,,,261.0,,,725.0,,1321.0,,,725.0
,,3346.0,,,,,1460.0,,3594.0,2562.0,279.0,1511.0,,,,725.0,,,1447.0,,2170.0,,,1447.0
,,3415.0,,,,,2562.0,,581.0,3626.0,1094.0,2222.0,,,,1447.0,,,3289.0,,1861.0,,,3289.0
,,3625.0,,,,,3626.0,,153.0,610.0,2169.0,65.0,,,,3289.0,,,973.0,,1562.0,,,973.0
,,1077.0,,,,,610.0,,1029.0,2388.0,1321.0,193.0,,,,973.0,,,1312.0,,2364.0,,,1312.0
,,2632.0,,,,,2388.0,,1157.0,1289.0,2170.0,3167.0,,,,1312.0,,,1995.0,,215.0,,,1995.0
,,3605.0,,,,,1289.0,,1577.0,1746.0,1861.0,652.0,,,,1995.0,,,2024.0,,2808.0,,,2024.0
,,1000.0,,,,,1746.0,,3591.0,212.0,1562.0,3563.0,,,,2024.0,,,64.0,,1728.0,,,64.0
,,1211.0,,,,,212.0,,1521.0,400.0,2364.0,2665.0,,,,64.0,,,1934.0,,94.0,,,1934.0
,,2262.0,,,,,400.0,,473.0,669.0,215.0,1496.0,,,,1934.0,,,2608.0,,3057.0,,,2608.0
,,1126.0,,,,,669.0,,724.0,799.0,2808.0,1328.0,,,,2608.0,,,107.0,,574.0,,,107.0
,,1461.0,,,,,799.0,,1355.0,994.0,1728.0,1311.0,,,,107.0,,,3046.0,,1197.0,,,3046.0
,,723.0,,,,,994.0,,3099.0,1759.0,94.0,2534.0,,,,3046.0,,,3570.0,,1676.0,,,3570.0
,,815.0,,,,,1759.0,,3107.0,2050.0,3057.0,561.0,,,,3570.0,,,3507.0,,925.0,,,3507.0
,,1476.0,,,,,2050.0,,3346.0,2354.0,574.0,3447.0,,,,3507.0,,,3418.0,,1862.0,,,3418.0
,,2026.0,,,,,2354.0,,3415.0,2743.0,1197.0,164.0,,,,3418.0,,,1935.0,,2667.0,,,1935.0
,,956.0,,,,,2743.0,,3625.0,3724.0,1676.0,2231.0,,,,1935.0,,,3175.0,,2762.0,,,3175.0
,,1038.0,,,,,3724.0,,1077.0,766.0,925.0,3056.0,,,,3175.0,,,416.0,,2767.0,,,416.0
,,1398.0,,,,,766.0,,2632.0,2206.0,1862.0,2590.0,,,,416.0,,,536.0,,1532.0,,,536.0
,,36.0,,,,,2206.0,,3605.0,2844.0,2667.0,2726.0,,,,536.0,,,1217.0,,445.0,,,1217.0
,,980.0,,,,,2844.0,,1000.0,3714.0,2762.0,3617.0,,,,1217.0,,,1595.0,,3398.0,,,1595.0
,,1657.0,,,,,3714.0,,1211.0,51.0,2767.0,3378.0,,,,1595.0,,,537.0,,679.0,,,537.0
,,2032.0,,,,,51.0,,2262.0,62.0,1532.0,1938.0,,,,537.0,,,2194.0,,538.0,,,2194.0
,,2193.0,,,,,62.0,,1126.0,436.0,445.0,3181.0,,,,2194.0,,,1051.0,,592.0,,,1051.0
,,3320.0,,,,,436.0,,1461.0,874.0,3398.0,650.0,,,,1051.0,,,2777.0,,1675.0,,,2777.0
,,1460.0,,,,,874.0,,723.0,2093.0,679.0,1083.0,,,,2777.0,,,3043.0,,291.0,,,3043.0
,,2562.0,,,,,2093.0,,815.0,2184.0,538.0,3421.0,,,,3043.0,,,2275.0,,1633.0,,,2275.0
,,3626.0,,,,,2184.0,,1476.0,2230.0,592.0,1770.0,,,,2275.0,,,3569.0,,2853.0,,,3569.0
,,610.0,,,,,2230.0,,2026.0,2686.0,1675.0,1340.0,,,,3569.0,,,2323.0,,159.0,,,2323.0
,,2388.0,,,,,2686.0,,956.0,1738.0,291.0,1584.0,,,,2323.0,,,2919.0,,991.0,,,2919.0
,,1289.0,,,,,1738.0,,1038.0,2339.0,1633.0,2772.0,,,,2919.0,,,2444.0,,1624.0,,,2444.0
,,1746.0,,,,,2339.0,,1398.0,1958.0,2853.0,2695.0,,,,2444.0,,,337.0,,2972.0,,,337.0
,,212.0,,,,,1958.0,,36.0,1295.0,159.0,1568.0,,,,337.0,,,3091.0,,1822.0,,,3091.0
,,400.0,,,,,1295.0,,980.0,1965.0,991.0,421.0,,,,3091.0,,,1936.0,,1091.0,,,1936.0
,,669.0,,,,,1965.0,,1657.0,2528.0,1624.0,3321.0,,,,1936.0,,,405.0,,1358.0,,,405.0
,,799.0,,,,,2528.0,,2032.0,866.0,2972.0,2461.0,,,,405.0,,,2252.0,,2692.0,,,2252.0
,,994.0,,,,,866.0,,2193.0,3094.0,1822.0,2578.0,,,,2252.0,,,2118.0,,958.0,,,2118.0
,,1759.0,,,,,3094.0,,3320.0,3742.0,1091.0,651.0,,,,2118.0,,,252.0,,3077.0,,,252.0
,,2354.0,,,,,3742.0,,1460.0,290.0,1358.0,671.0,,,,252.0,,,1186.0,,40.0,,,1186.0
,,2743.0,,,,,290.0,,2562.0,690.0,2692.0,1344.0,,,,1186.0,,,672.0,,2392.0,,,672.0
,,3724.0,,,,,1194.0,,3626.0,1194.0,958.0,2680.0,,,,672.0,,,620.0,,2829.0,,,620.0
,,766.0,,,,,1388.0,,610.0,1388.0,3077.0,2734.0,,,,620.0,,,279.0,,1159.0,,,279.0
,,2206.0,,,,,1586.0,,2388.0,1586.0,40.0,2536.0,,,,279.0,,,1321.0,,2265.0,,,1321.0
,,2844.0,,,,,1635.0,,1289.0,1635.0,2392.0,1138.0,,,,1321.0,,,1861.0,,1732.0,,,1861.0
,,3714.0,,,,,2399.0,,1746.0,2399.0,2829.0,1600.0,,,,1861.0,,,1562.0,,1360.0,,,1562.0
,,51.0,,,,,2481.0,,212.0,2481.0,1159.0,2472.0,,,,1562.0,,,2364.0,,2007.0,,,2364.0
,,62.0,,,,,2865.0,,400.0,2865.0,2265.0,356.0,,,,2364.0,,,215.0,,3251.0,,,215.0
,,436.0,,,,,3306.0,,669.0,3306.0,1732.0,1117.0,,,,215.0,,,2808.0,,616.0,,,2808.0
,,874.0,,,,,3439.0,,799.0,3439.0,1360.0,3258.0,,,,2808.0,,,1728.0,,2876.0,,,1728.0
,,2093.0,,,,,3448.0,,994.0,3448.0,2007.0,3304.0,,,,1728.0,,,94.0,,2669.0,,,94.0
,,2184.0,,,,,1384.0,,1759.0,1384.0,3251.0,1578.0,,,,94.0,,,3057.0,,255.0,,,3057.0
,,2230.0,,,,,1464.0,,2354.0,1464.0,616.0,2514.0,,,,3057.0,,,574.0,,589.0,,,574.0
,,2686.0,,,,,475.0,,2743.0,475.0,2876.0,169.0,,,,574.0,,,1197.0,,2805.0,,,1197.0
,,1738.0,,,,,657.0,,3724.0,657.0,2669.0,1841.0,,,,1197.0,,,1676.0,,3615.0,,,1676.0
,,2339.0,,,,,3111.0,,766.0,3111.0,255.0,151.0,,,,1676.0,,,925.0,,1090.0,,,925.0
,,1958.0,,,,,3566.0,,2206.0,3566.0,589.0,3368.0,,,,925.0,,,1862.0,,1819.0,,,1862.0
,,1295.0,,,,,3826.0,,2844.0,3826.0,2805.0,1987.0,,,,1862.0,,,2667.0,,618.0,,,2667.0
,,1965.0,,,,,2960.0,,3714.0,2960.0,3615.0,2607.0,,,,2667.0,,,667.0,,501.0,,,667.0
,,2528.0,,,,,202.0,,51.0,202.0,1090.0,3602.0,,,,667.0,,,2762.0,,3124.0,,,2762.0
,,866.0,,,,,1039.0,,62.0,1039.0,1819.0,1498.0,,,,2762.0,,,2767.0,,1058.0,,,2767.0
,,3094.0,,,,,1377.0,,436.0,1377.0,618.0,1529.0,,,,2767.0,,,1532.0,,2915.0,,,1532.0
,,3742.0,,,,,1646.0,,874.0,1646.0,501.0,3600.0,,,,1532.0,,,445.0,,541.0,,,445.0
,,290.0,,,,,1747.0,,2093.0,1747.0,3124.0,1071.0,,,,445.0,,,1323.0,,3011.0,,,1323.0
,,690.0,,,,,2341.0,,2184.0,2341.0,1058.0,3121.0,,,,1323.0,,,3398.0,,208.0,,,3398.0
,,1194.0,,,,,3160.0,,2230.0,3160.0,2915.0,763.0,,,,3398.0,,,679.0,,2863.0,,,679.0
,,1388.0,,,,,1163.0,,2686.0,1163.0,541.0,3207.0,,,,679.0,,,538.0,,2531.0,,,538.0
,,1586.0,,,,,1512.0,,1738.0,1512.0,3011.0,2016.0,,,,538.0,,,592.0,,737.0,,,592.0
,,1635.0,,,,,1970.0,,2339.0,1970.0,208.0,2488.0,,,,592.0,,,1675.0,,3300.0,,,1675.0
,,2399.0,,,,,2057.0,,1958.0,2057.0,2863.0,1198.0,,,,1675.0,,,291.0,,22.0,,,291.0
,,2481.0,,,,,2124.0,,1295.0,2124.0,2531.0,2516.0,,,,291.0,,,1633.0,,119.0,,,1633.0
,,2865.0,,,,,2454.0,,1965.0,2454.0,737.0,3397.0,,,,1633.0,,,2853.0,,1136.0,,,2853.0
,,3306.0,,,,,2553.0,,2528.0,2553.0,3300.0,3292.0,,,,2853.0,,,159.0,,853.0,,,159.0
,,3439.0,,,,,1001.0,,866.0,1001.0,22.0,214.0,,,,159.0,,,991.0,,2826.0,,,991.0
,,3448.0,,,,,1128.0,,3094.0,1128.0,119.0,367.0,,,,991.0,,,1624.0,,2010.0,,,1624.0
,,1384.0,,,,,3818.0,,3742.0,3818.0,1136.0,2609.0,,,,1624.0,,,2972.0,,2823.0,,,2972.0
,,1464.0,,,,,560.0,,290.0,560.0,853.0,3308.0,,,,2972.0,,,1822.0,,990.0,,,1822.0
,,475.0,,,,,857.0,,690.0,857.0,2826.0,1130.0,,,,1822.0,,,1091.0,,2100.0,,,1091.0
,,657.0,,,,,1517.0,,1194.0,1517.0,2010.0,2345.0,,,,1091.0,,,1358.0,,2875.0,,,1358.0
,,3111.0,,,,,2139.0,,1388.0,2139.0,2823.0,3004.0,,,,1358.0,,,2297.0,,2269.0,,,2297.0
,,3566.0,,,,,2995.0,,1586.0,2995.0,990.0,921.0,,,,2297.0,,,2692.0,,1444.0,,,2692.0
,,3826.0,,,,,3590.0,,1635.0,3590.0,2100.0,63.0,,,,2692.0,,,958.0,,3660.0,,,958.0
,,2960.0,,,,,499.0,,2399.0,499.0,2875.0,3120.0,,,,958.0,,,3077.0,,21.0,,,3077.0
,,202.0,,,,,2098.0,,2481.0,2098.0,2269.0,1069.0,,,,3077.0,,,40.0,,1800.0,,,40.0
,,1039.0,,,,,635.0,,2865.0,635.0,1444.0,586.0,,,,40.0,,,2392.0,,1807.0,,,2392.0
,,1646.0,,,,,1637.0,,3306.0,1637.0,3660.0,710.0,,,,2392.0,,,2829.0,,2453.0,,,2829.0
,,1747.0,,,,,1650.0,,3439.0,1650.0,21.0,1160.0,,,,2829.0,,,1159.0,,127.0,,,1159.0
,,2341.0,,,,,1687.0,,3448.0,1687.0,1800.0,2603.0,,,,1159.0,,,2265.0,,1846.0,,,2265.0
,,3160.0,,,,,2611.0,,1384.0,2611.0,1807.0,728.0,,,,2265.0,,,1732.0,,221.0,,,1732.0
,,1163.0,,,,,2836.0,,1464.0,2836.0,2453.0,3404.0,,,,1732.0,,,1360.0,,3063.0,,,1360.0
,,1512.0,,,,,591.0,,475.0,591.0,127.0,3113.0,,,,1360.0,,,2007.0,,1906.0,,,2007.0
,,1970.0,,,,,1060.0,,657.0,1060.0,1846.0,165.0,,,,2007.0,,,3251.0,,2518.0,,,3251.0
,,2057.0,,,,,1064.0,,3111.0,1064.0,221.0,429.0,,,,3251.0,,,616.0,,3210.0,,,616.0
,,2124.0,,,,,1127.0,,3566.0,1127.0,3063.0,2078.0,,,,616.0,,,2876.0,,250.0,,,2876.0
,,2454.0,,,,,2015.0,,3826.0,2015.0,1906.0,1829.0,,,,2876.0,,,2669.0,,1161.0,,,2669.0
,,2553.0,,,,,2933.0,,2960.0,2933.0,2518.0,2038.0,,,,2669.0,,,255.0,,3038.0,,,255.0
,,1001.0,,,,,3635.0,,202.0,3635.0,3210.0,3203.0,,,,255.0,,,589.0,,3281.0,,,589.0
,,1128.0,,,,,306.0,,1039.0,306.0,250.0,910.0,,,,589.0,,,2805.0,,3671.0,,,2805.0
,,3818.0,,,,,1396.0,,1646.0,1396.0,1161.0,1033.0,,,,2805.0,,,3615.0,,260.0,,,3615.0
,,560.0,,,,,1024.0,,1747.0,1024.0,3038.0,170.0,,,,3615.0,,,1090.0,,2500.0,,,1090.0
,,857.0,,,,,18.0,,2341.0,18.0,3281.0,173.0,,,,1090.0,,,1819.0,,3177.0,,,1819.0
,,1517.0,,,,,1838.0,,3160.0,1838.0,3671.0,199.0,,,,1819.0,,,618.0,,612.0,,,618.0
,,2139.0,,,,,2577.0,,1163.0,2577.0,260.0,2185.0,,,,618.0,,,501.0,,2883.0,,,501.0
,,2995.0,,,,,104.0,,1512.0,104.0,2500.0,2452.0,,,,501.0,,,1169.0,,1601.0,,,1169.0
,,3590.0,,,,,2497.0,,1970.0,2497.0,3177.0,2573.0,,,,1169.0,,,3124.0,,3470.0,,,3124.0
,,499.0,,,,,2838.0,,2057.0,2838.0,612.0,2325.0,,,,3124.0,,,1058.0,,2529.0,,,1058.0
,,2098.0,,,,,3041.0,,2124.0,3041.0,2883.0,3123.0,,,,1058.0,,,2915.0,,2770.0,,,2915.0
,,635.0,,,,,3561.0,,2454.0,3561.0,1601.0,715.0,,,,2915.0,,,541.0,,1347.0,,,541.0
,,1637.0,,,,,888.0,,2553.0,888.0,3470.0,2023.0,,,,541.0,,,3011.0,,2962.0,,,3011.0
,,1650.0,,,,,1916.0,,1001.0,1916.0,2529.0,2885.0,,,,3011.0,,,2863.0,,3522.0,,,2863.0
,,1687.0,,,,,2009.0,,1128.0,2009.0,2770.0,711.0,,,,2863.0,,,2531.0,,48.0,,,2531.0
,,2611.0,,,,,2666.0,,3818.0,2666.0,1347.0,222.0,,,,2531.0,,,737.0,,1121.0,,,737.0
,,2836.0,,,,,2976.0,,560.0,2976.0,2962.0,261.0,,,,737.0,,,1599.0,,3598.0,,,1599.0
,,1060.0,,,,,3196.0,,857.0,3196.0,3522.0,725.0,,,,1599.0,,,3300.0,,688.0,,,3300.0
,,1064.0,,,,,2104.0,,1517.0,2104.0,48.0,1447.0,,,,3300.0,,,22.0,,2174.0,,,22.0
,,1127.0,,,,,3027.0,,2139.0,3027.0,1121.0,3289.0,,,,22.0,,,119.0,,1727.0,,,119.0
,,2933.0,,,,,3505.0,,2995.0,3505.0,3598.0,973.0,,,,119.0,,,1136.0,,2482.0,,,1136.0
,,3635.0,,,,,580.0,,3590.0,580.0,688.0,1312.0,,,,1136.0,,,853.0,,382.0,,,853.0
,,1396.0,,,,,3161.0,,2098.0,3161.0,2174.0,1995.0,,,,853.0,,,2826.0,,1230.0,,,2826.0
,,1024.0,,,,,3229.0,,635.0,3229.0,1727.0,2024.0,,,,2826.0,,,2010.0,,3539.0,,,2010.0
,,18.0,,,,,3527.0,,1637.0,3527.0,2482.0,64.0,,,,2010.0,,,2823.0,,3659.0,,,2823.0
,,1838.0,,,,,3685.0,,1650.0,3685.0,382.0,1934.0,,,,2823.0,,,990.0,,378.0,,,990.0
,,2577.0,,,,,1016.0,,1687.0,1016.0,1230.0,2608.0,,,,990.0,,,2100.0,,2793.0,,,2100.0
,,104.0,,,,,1945.0,,2611.0,1945.0,3539.0,107.0,,,,2100.0,,,2875.0,,661.0,,,2875.0
,,2497.0,,,,,3230.0,,2836.0,3230.0,3659.0,3046.0,,,,2875.0,,,2269.0,,1263.0,,,2269.0
,,2838.0,,,,,3482.0,,1060.0,3482.0,378.0,3570.0,,,,2269.0,,,1444.0,,2344.0,,,1444.0
,,3041.0,,,,,3616.0,,1064.0,3616.0,2793.0,3507.0,,,,1444.0,,,3660.0,,131.0,,,3660.0
,,3561.0,,,,,1982.0,,1127.0,1982.0,661.0,3418.0,,,,3660.0,,,21.0,,609.0,,,21.0
,,888.0,,,,,2914.0,,2933.0,2914.0,1263.0,1935.0,,,,21.0,,,1800.0,,1717.0,,,1800.0
,,1916.0,,,,,1393.0,,3635.0,1393.0,2344.0,3175.0,,,,1800.0,,,1611.0,,2411.0,,,1611.0
,,2009.0,,,,,2617.0,,1396.0,2617.0,131.0,416.0,,,,1611.0,,,1807.0,,783.0,,,1807.0
,,2666.0,,,,,422.0,,1024.0,422.0,609.0,536.0,,,,1807.0,,,253.0,,1716.0,,,253.0
,,2976.0,,,,,579.0,,18.0,579.0,1717.0,1217.0,,,,253.0,,,2453.0,,3219.0,,,2453.0
,,3196.0,,,,,961.0,,1838.0,961.0,2411.0,1595.0,,,,2453.0,,,1846.0,,3374.0,,,1846.0
,,2104.0,,,,,1097.0,,2577.0,1097.0,783.0,537.0,,,,1846.0,,,78.0,,3658.0,,,78.0
,,3027.0,,,,,1134.0,,2497.0,1134.0,1716.0,2194.0,,,,78.0,,,221.0,,359.0,,,221.0
,,3505.0,,,,,2480.0,,2838.0,2480.0,3219.0,1051.0,,,,221.0,,,2428.0,,2649.0,,,2428.0
,,580.0,,,,,3492.0,,3041.0,3492.0,3374.0,2777.0,,,,2428.0,,,1007.0,,1089.0,,,1007.0
,,3161.0,,,,,315.0,,3561.0,315.0,3658.0,3043.0,,,,1007.0,,,3063.0,,2664.0,,,3063.0
,,3229.0,,,,,1823.0,,888.0,1823.0,359.0,2275.0,,,,3063.0,,,1906.0,,555.0,,,1906.0
,,3527.0,,,,,2532.0,,1916.0,2532.0,2649.0,3569.0,,,,1906.0,,,2518.0,,916.0,,,2518.0
,,3685.0,,,,,2579.0,,2009.0,2579.0,1089.0,2323.0,,,,2518.0,,,263.0,,2521.0,,,263.0
,,1016.0,,,,,435.0,,2666.0,435.0,2664.0,2919.0,,,,263.0,,,1161.0,,1181.0,,,1161.0
,,1945.0,,,,,1036.0,,2976.0,1036.0,555.0,2444.0,,,,1161.0,,,3038.0,,1679.0,,,3038.0
,,3230.0,,,,,1804.0,,3196.0,1804.0,916.0,337.0,,,,3038.0,,,3281.0,,967.0,,,3281.0
,,3616.0,,,,,3665.0,,2104.0,3665.0,2521.0,3091.0,,,,3281.0,,,1590.0,,1348.0,,,1590.0
,,1982.0,,,,,11.0,,3027.0,11.0,1181.0,1936.0,,,,1590.0,,,260.0,,597.0,,,260.0
,,2914.0,,,,,2501.0,,3505.0,2501.0,1679.0,405.0,,,,260.0,,,2500.0,,812.0,,,2500.0
,,1393.0,,,,,3116.0,,3161.0,3116.0,967.0,2252.0,,,,2500.0,,,3177.0,,3657.0,,,3177.0
,,2617.0,,,,,335.0,,3229.0,335.0,1348.0,2118.0,,,,3177.0,,,612.0,,577.0,,,612.0
,,422.0,,,,,1125.0,,3527.0,1125.0,597.0,252.0,,,,612.0,,,2883.0,,814.0,,,2883.0
,,579.0,,,,,1988.0,,3685.0,1988.0,812.0,1186.0,,,,2883.0,,,1601.0,,1265.0,,,1601.0
,,961.0,,,,,118.0,,1016.0,118.0,3657.0,672.0,,,,1601.0,,,3470.0,,2378.0,,,3470.0
,,1097.0,,,,,233.0,,1945.0,233.0,577.0,620.0,,,,3470.0,,,2529.0,,3067.0,,,2529.0
,,1134.0,,,,,490.0,,3230.0,490.0,814.0,279.0,,,,2529.0,,,2770.0,,3540.0,,,2770.0
,,2480.0,,,,,504.0,,3616.0,504.0,1265.0,1321.0,,,,2770.0,,,2962.0,,2279.0,,,2962.0
,,3492.0,,,,,516.0,,1982.0,516.0,2378.0,1861.0,,,,2962.0,,,3522.0,,1352.0,,,3522.0
,,315.0,,,,,526.0,,2914.0,526.0,3067.0,1562.0,,,,3522.0,,,48.0,,943.0,,,48.0
,,1823.0,,,,,704.0,,1393.0,704.0,3540.0,2364.0,,,,48.0,,,1121.0,,662.0,,,1121.0
,,2532.0,,,,,800.0,,2617.0,800.0,2279.0,215.0,,,,1121.0,,,3598.0,,1865.0,,,3598.0
,,2579.0,,,,,801.0,,422.0,801.0,1352.0,2808.0,,,,3598.0,,,688.0,,1445.0,,,688.0
,,435.0,,,,,1054.0,,579.0,1054.0,943.0,1728.0,,,,688.0,,,2174.0,,1691.0,,,2174.0
,,1036.0,,,,,1079.0,,961.0,1079.0,662.0,94.0,,,,2174.0,,,1727.0,,2315.0,,,1727.0
,,1804.0,,,,,1085.0,,1097.0,1085.0,1865.0,3057.0,,,,1727.0,,,2482.0,,1216.0,,,2482.0
,,3665.0,,,,,1137.0,,1134.0,1137.0,1445.0,574.0,,,,2482.0,,,3400.0,,264.0,,,3400.0
,,11.0,,,,,1434.0,,2480.0,1434.0,1691.0,1197.0,,,,3400.0,,,3539.0,,792.0,,,3539.0
,,2501.0,,,,,1462.0,,3492.0,1462.0,2315.0,1676.0,,,,3539.0,,,3659.0,,1017.0,,,3659.0
,,3116.0,,,,,1651.0,,315.0,1651.0,1216.0,925.0,,,,3659.0,,,1263.0,,1911.0,,,1263.0
,,335.0,,,,,1678.0,,1823.0,1678.0,264.0,1862.0,,,,1263.0,,,3458.0,,168.0,,,3458.0
,,1125.0,,,,,1752.0,,2532.0,1752.0,792.0,2667.0,,,,3458.0,,,2344.0,,154.0,,,2344.0
,,1988.0,,,,,1761.0,,2579.0,1761.0,1017.0,667.0,,,,2344.0,,,131.0,,648.0,,,1717.0
,,118.0,,,,,1931.0,,435.0,1931.0,1911.0,2762.0,,,,131.0,,,1717.0,,3578.0,,,2411.0
,,233.0,,,,,2020.0,,1036.0,2020.0,168.0,2767.0,,,,1717.0,,,2411.0,,796.0,,,783.0
,,490.0,,,,,2273.0,,1804.0,2273.0,154.0,1532.0,,,,2411.0,,,783.0,,156.0,,,1716.0
,,504.0,,,,,2304.0,,3665.0,2304.0,648.0,445.0,,,,783.0,,,1716.0,,1549.0,,,3219.0
,,516.0,,,,,2410.0,,11.0,2410.0,3578.0,1323.0,,,,1716.0,,,3219.0,,419.0,,,3658.0
,,526.0,,,,,2422.0,,2501.0,2422.0,796.0,3398.0,,,,3219.0,,,3658.0,,816.0,,,359.0
,,704.0,,,,,2448.0,,3116.0,2448.0,156.0,679.0,,,,3658.0,,,359.0,,3487.0,,,2521.0
,,1054.0,,,,,2618.0,,1125.0,2618.0,1549.0,538.0,,,,359.0,,,2521.0,,2591.0,,,1181.0
,,1079.0,,,,,2719.0,,1988.0,2719.0,419.0,592.0,,,,2521.0,,,1181.0,,251.0,,,1679.0
,,1085.0,,,,,2753.0,,118.0,2753.0,816.0,1675.0,,,,1181.0,,,1679.0,,2661.0,,,967.0
,,1137.0,,,,,2953.0,,233.0,2953.0,3487.0,291.0,,,,1679.0,,,967.0,,3656.0,,,597.0
,,1434.0,,,,,3624.0,,490.0,3108.0,2591.0,1633.0,,,,967.0,,,597.0,,239.0,,,812.0
,,1462.0,,,,,3639.0,,504.0,3624.0,251.0,2853.0,,,,597.0,,,812.0,,144.0,,,3657.0
,,1651.0,,,,,1395.0,,516.0,3639.0,2661.0,159.0,,,,812.0,,,3657.0,,1146.0,,,577.0
,,1678.0,,,,,1649.0,,526.0,1395.0,3656.0,991.0,,,,3657.0,,,577.0,,1235.0,,,1265.0
,,1752.0,,,,,3158.0,,704.0,1649.0,239.0,1624.0,,,,577.0,,,1265.0,,1494.0,,,3067.0
,,1761.0,,,,,632.0,,1054.0,3158.0,144.0,2972.0,,,,1265.0,,,3067.0,,160.0,,,3540.0
,,1931.0,,,,,1040.0,,1079.0,632.0,1146.0,1822.0,,,,3067.0,,,3540.0,,3468.0,,,3469.0
,,2273.0,,,,,1480.0,,1085.0,1040.0,1235.0,1091.0,,,,3540.0,,,3469.0,,2276.0,,,1445.0
,,2304.0,,,,,2413.0,,1137.0,1480.0,1494.0,1358.0,,,,3469.0,,,1445.0,,582.0,,,1216.0
,,2410.0,,,,,135.0,,1434.0,2413.0,160.0,2297.0,,,,1445.0,,,1216.0,,2438.0,,,792.0
,,2422.0,,,,,2891.0,,1462.0,135.0,3468.0,2692.0,,,,1216.0,,,792.0,,1259.0,,,1017.0
,,2448.0,,,,,2897.0,,1651.0,2891.0,2276.0,958.0,,,,792.0,,,1017.0,,3298.0,,,1911.0
,,2618.0,,,,,3430.0,,1678.0,2897.0,582.0,3077.0,,,,1017.0,,,1911.0,,2703.0,,,154.0
,,2719.0,,,,,617.0,,1752.0,3430.0,2438.0,40.0,,,,1911.0,,,154.0,,1346.0,,,648.0
,,2753.0,,,,,1195.0,,1761.0,617.0,1259.0,2392.0,,,,154.0,,,648.0,,2040.0,,,3578.0
,,3108.0,,,,,2274.0,,1931.0,1195.0,3298.0,2829.0,,,,648.0,,,3578.0,,346.0,,,156.0
,,3624.0,,,,,3392.0,,2273.0,2274.0,2703.0,1159.0,,,,3578.0,,,156.0,,1573.0,,,1549.0
,,3639.0,,,,,575.0,,2304.0,3392.0,1346.0,2265.0,,,,156.0,,,1549.0,,3708.0,,,243.0
,,1395.0,,,,,700.0,,2410.0,575.0,2040.0,1732.0,,,,1549.0,,,243.0,,1720.0,,,2591.0
,,1649.0,,,,,2160.0,,2422.0,700.0,346.0,1360.0,,,,243.0,,,2591.0,,209.0,,,2661.0
,,3158.0,,,,,2698.0,,2448.0,2160.0,1573.0,2007.0,,,,2591.0,,,2661.0,,1793.0,,,2674.0
,,632.0,,,,,3339.0,,2618.0,2698.0,3708.0,3251.0,,,,2661.0,,,2674.0,,2559.0,,,3656.0
,,1040.0,,,,,607.0,,2719.0,3339.0,1720.0,616.0,,,,2674.0,,,3656.0,,1327.0,,,144.0
,,1480.0,,,,,1989.0,,2753.0,607.0,209.0,2876.0,,,,3656.0,,,144.0,,3711.0,,,1146.0
,,2413.0,,,,,286.0,,3108.0,1989.0,1793.0,2669.0,,,,144.0,,,1146.0,,614.0,,,1235.0
,,135.0,,,,,1158.0,,3624.0,286.0,2559.0,255.0,,,,1146.0,,,1235.0,,680.0,,,1494.0
,,2891.0,,,,,1354.0,,3639.0,1158.0,1327.0,589.0,,,,1235.0,,,1494.0,,2303.0,,,160.0
,,2897.0,,,,,1399.0,,1395.0,1354.0,3711.0,2805.0,,,,1494.0,,,160.0,,216.0,,,3468.0
,,3430.0,,,,,2054.0,,1649.0,1399.0,614.0,3615.0,,,,160.0,,,3468.0,,461.0,,,3511.0
,,617.0,,,,,2213.0,,3158.0,2054.0,680.0,1090.0,,,,3468.0,,,3511.0,,1432.0,,,3298.0
,,1195.0,,,,,2337.0,,632.0,2213.0,2303.0,1819.0,,,,3511.0,,,3298.0,,388.0,,,2703.0
,,2274.0,,,,,2759.0,,1040.0,2337.0,216.0,618.0,,,,3298.0,,,2703.0,,3385.0,,,3708.0
,,3392.0,,,,,3176.0,,1480.0,2759.0,461.0,501.0,,,,2703.0,,,3708.0,,873.0,,,1720.0
,,575.0,,,,,3431.0,,2413.0,3176.0,1432.0,1169.0,,,,3708.0,,,1720.0,,3402.0,,,2721.0
,,700.0,,,,,494.0,,135.0,3431.0,388.0,3124.0,,,,1720.0,,,2721.0,,666.0,,,1793.0
,,2160.0,,,,,678.0,,2891.0,494.0,3385.0,1058.0,,,,2721.0,,,1793.0,,3214.0,,,614.0
,,2698.0,,,,,825.0,,2897.0,678.0,873.0,2915.0,,,,1793.0,,,614.0,,2460.0,,,680.0
,,3339.0,,,,,834.0,,3430.0,825.0,3402.0,541.0,,,,614.0,,,680.0,,3666.0,,,216.0
,,607.0,,,,,955.0,,617.0,834.0,666.0,3011.0,,,,680.0,,,216.0,,488.0,,,3136.0
,,1989.0,,,,,969.0,,1195.0,955.0,3214.0,2863.0,,,,216.0,,,3136.0,,387.0,,,3666.0
,,286.0,,,,,1148.0,,2274.0,969.0,2460.0,2531.0,,,,3136.0,,,3666.0,,539.0,,,488.0
,,1158.0,,,,,1337.0,,3392.0,1148.0,3666.0,737.0,,,,3666.0,,,488.0,,673.0,,,673.0
,,1354.0,,,,,1478.0,,575.0,1337.0,488.0,1599.0,,,,488.0,,,673.0,,1185.0,,,1262.0
,,1399.0,,,,,1868.0,,700.0,1478.0,387.0,3300.0,,,,673.0,,,1262.0,,1262.0,,,2558.0
,,2054.0,,,,,2215.0,,2160.0,1868.0,539.0,22.0,,,,1262.0,,,2558.0,,1353.0,,,17.0
,,2213.0,,,,,2292.0,,2698.0,2215.0,673.0,119.0,,,,2558.0,,,17.0,,2920.0,,,742.0
,,2337.0,,,,,2293.0,,3339.0,2292.0,1185.0,1136.0,,,,17.0,,,742.0,,2558.0,,,576.0
,,2759.0,,,,,2560.0,,607.0,2293.0,1262.0,853.0,,,,742.0,,,576.0,,17.0,,,1731.0
,,3176.0,,,,,2633.0,,1989.0,2560.0,1353.0,2826.0,,,,576.0,,,1731.0,,742.0,,,1974.0
,,3431.0,,,,,2670.0,,286.0,2633.0,2920.0,2010.0,,,,1731.0,,,1974.0,,576.0,,,3052.0
,,494.0,,,,,3025.0,,1158.0,2670.0,2558.0,2823.0,,,,1974.0,,,3052.0,,424.0,,,134.0
,,678.0,,,,,3178.0,,1354.0,3025.0,17.0,990.0,,,,3052.0,,,134.0,,540.0,,,477.0
,,825.0,,,,,3432.0,,1399.0,3178.0,742.0,2100.0,,,,134.0,,,477.0,,1243.0,,,2435.0
,,834.0,,,,,3595.0,,2054.0,3432.0,576.0,2875.0,,,,477.0,,,2435.0,,1699.0,,,3018.0
,,955.0,,,,,3698.0,,2213.0,3595.0,424.0,2269.0,,,,2435.0,,,3018.0,,2986.0,,,1229.0
,,969.0,,,,,514.0,,2337.0,3698.0,540.0,1444.0,,,,3018.0,,,1229.0,,1731.0,,,1292.0
,,1148.0,,,,,2801.0,,2759.0,514.0,1243.0,3660.0,,,,1229.0,,,1292.0,,1654.0,,,729.0
,,1337.0,,,,,3596.0,,3176.0,2801.0,1699.0,21.0,,,,1292.0,,,729.0,,262.0,,,2912.0
,,1478.0,,,,,1930.0,,3431.0,3596.0,2986.0,1800.0,,,,729.0,,,2912.0,,2313.0,,,1463.0
,,1868.0,,,,,3100.0,,494.0,1930.0,1731.0,1611.0,,,,2912.0,,,1463.0,,1385.0,,,2545.0
,,2215.0,,,,,3519.0,,678.0,3100.0,1654.0,1807.0,,,,1463.0,,,2545.0,,3506.0,,,2848.0
,,2292.0,,,,,1910.0,,825.0,3519.0,262.0,253.0,,,,2545.0,,,2848.0,,3052.0,,,3137.0
,,2293.0,,,,,343.0,,834.0,1910.0,2313.0,2453.0,,,,2848.0,,,3137.0,,134.0,,,2427.0
,,2560.0,,,,,1640.0,,955.0,343.0,1385.0,1846.0,,,,3137.0,,,2427.0,,477.0,,,1141.0
,,2633.0,,,,,2685.0,,969.0,1640.0,3506.0,78.0,,,,2427.0,,,1141.0,,3126.0,,,157.0
,,2670.0,,,,,399.0,,1148.0,2685.0,3052.0,221.0,,,,1141.0,,,157.0,,86.0,,,2076.0
,,3025.0,,,,,1045.0,,1337.0,399.0,134.0,2428.0,,,,157.0,,,2076.0,,1526.0,,,133.0
,,3178.0,,,,,1614.0,,1478.0,1045.0,477.0,1007.0,,,,2076.0,,,133.0,,3568.0,,,3076.0
,,3432.0,,,,,3129.0,,1868.0,1614.0,3126.0,3063.0,,,,133.0,,,3076.0,,627.0,,,3459.0
,,3595.0,,,,,3157.0,,2215.0,3129.0,86.0,1906.0,,,,3076.0,,,3459.0,,870.0,,,2487.0
,,3698.0,,,,,3159.0,,2292.0,3157.0,1526.0,2518.0,,,,3459.0,,,2487.0,,1820.0,,,3019.0
,,514.0,,,,,3526.0,,2293.0,3159.0,3568.0,263.0,,,,2487.0,,,3019.0,,1879.0,,,942.0
,,2801.0,,,,,889.0,,2560.0,3526.0,627.0,1161.0,,,,3019.0,,,942.0,,1507.0,,,496.0
,,3596.0,,,,,2277.0,,2633.0,889.0,870.0,3038.0,,,,942.0,,,496.0,,3282.0,,,417.0
,,1930.0,,,,,2494.0,,2670.0,2277.0,1820.0,3281.0,,,,496.0,,,417.0,,1229.0,,,1850.0
,,3100.0,,,,,3653.0,,3025.0,2494.0,1879.0,1590.0,,,,417.0,,,1850.0,,241.0,,,446.0
,,3519.0,,,,,3801.0,,3178.0,3653.0,1507.0,260.0,,,,1850.0,,,446.0,,1292.0,,,476.0
,,1910.0,,,,,69.0,,3432.0,3801.0,3282.0,2500.0,,,,446.0,,,476.0,,2706.0,,,2159.0
,,2685.0,,,,,1919.0,,3595.0,69.0,1229.0,3177.0,,,,476.0,,,2159.0,,1349.0,,,3093.0
,,399.0,,,,,2207.0,,3698.0,1919.0,241.0,612.0,,,,2159.0,,,3093.0,,433.0,,,2021.0
,,1045.0,,,,,2580.0,,514.0,2207.0,1292.0,2883.0,,,,3093.0,,,2021.0,,1463.0,,,2568.0
,,1614.0,,,,,3338.0,,2801.0,2580.0,2706.0,1601.0,,,,2021.0,,,2568.0,,2545.0,,,2336.0
,,3129.0,,,,,3737.0,,3596.0,3338.0,1349.0,3470.0,,,,2568.0,,,2336.0,,699.0,,,2371.0
,,3157.0,,,,,739.0,,1930.0,3737.0,433.0,2529.0,,,,2336.0,,,2371.0,,2848.0,,,2850.0
,,3159.0,,,,,1555.0,,3100.0,739.0,1463.0,2770.0,,,,2371.0,,,2850.0,,3498.0,,,155.0
,,3526.0,,,,,1920.0,,3519.0,1555.0,2545.0,2962.0,,,,2850.0,,,155.0,,2427.0,,,945.0
,,889.0,,,,,2287.0,,1910.0,1920.0,699.0,3522.0,,,,155.0,,,945.0,,157.0,,,1616.0
,,2277.0,,,,,2640.0,,2685.0,2287.0,2848.0,48.0,,,,945.0,,,1616.0,,177.0,,,2346.0
,,2494.0,,,,,2938.0,,399.0,2640.0,3498.0,1121.0,,,,1616.0,,,2346.0,,918.0,,,1956.0
,,3653.0,,,,,3254.0,,1045.0,2938.0,2427.0,3598.0,,,,2346.0,,,1956.0,,2076.0,,,1297.0
,,3801.0,,,,,3444.0,,1614.0,3254.0,157.0,688.0,,,,1956.0,,,1297.0,,2999.0,,,495.0
,,69.0,,,,,408.0,,3129.0,3444.0,177.0,2174.0,,,,1297.0,,,495.0,,3.0,,,1332.0
,,1919.0,,,,,798.0,,3157.0,408.0,918.0,1727.0,,,,495.0,,,1332.0,,133.0,,,3629.0
,,2207.0,,,,,2393.0,,3159.0,798.0,2076.0,2482.0,,,,1332.0,,,3629.0,,468.0,,,2873.0
,,2580.0,,,,,2888.0,,3526.0,2393.0,2999.0,3400.0,,,,3629.0,,,2873.0,,1135.0,,,410.0
,,3338.0,,,,,345.0,,889.0,2888.0,3.0,3539.0,,,,2873.0,,,410.0,,1783.0,,,854.0
,,3737.0,,,,,1306.0,,2277.0,345.0,133.0,3659.0,,,,410.0,,,854.0,,3076.0,,,551.0
,,739.0,,,,,1764.0,,2494.0,1306.0,468.0,3458.0,,,,854.0,,,551.0,,3459.0,,,1667.0
,,1555.0,,,,,2955.0,,3653.0,1764.0,1135.0,2344.0,,,,551.0,,,1667.0,,611.0,,,572.0
,,1920.0,,,,,1084.0,,3801.0,2955.0,1783.0,131.0,,,,1667.0,,,572.0,,2487.0,,,1733.0
,,2287.0,,,,,1677.0,,69.0,1084.0,3076.0,1717.0,,,,572.0,,,1733.0,,3019.0,,,377.0
,,2640.0,,,,,2779.0,,1919.0,1677.0,3459.0,2411.0,,,,1733.0,,,377.0,,496.0,,,3371.0
,,2938.0,,,,,2886.0,,2207.0,2779.0,611.0,783.0,,,,377.0,,,3371.0,,417.0,,,2515.0
,,3254.0,,,,,3509.0,,2580.0,2886.0,2487.0,1716.0,,,,3371.0,,,2515.0,,727.0,,,1008.0
,,3444.0,,,,,1744.0,,3338.0,3509.0,3019.0,3219.0,,,,2515.0,,,1008.0,,2086.0,,,1799.0
,,408.0,,,,,2183.0,,3737.0,1744.0,496.0,3658.0,,,,1008.0,,,1799.0,,3206.0,,,1499.0
,,2393.0,,,,,2368.0,,739.0,2183.0,417.0,359.0,,,,1799.0,,,1499.0,,411.0,,,3403.0
,,2888.0,,,,,3279.0,,1555.0,2368.0,727.0,2521.0,,,,1499.0,,,3403.0,,1850.0,,,2612.0
,,1306.0,,,,,2946.0,,1920.0,3279.0,2086.0,1181.0,,,,3403.0,,,2612.0,,3209.0,,,3464.0
,,1764.0,,,,,3007.0,,2287.0,2946.0,3206.0,1679.0,,,,2612.0,,,3464.0,,3579.0,,,1955.0
,,1084.0,,,,,3581.0,,2640.0,3007.0,411.0,967.0,,,,3464.0,,,1955.0,,446.0,,,937.0
,,1677.0,,,,,452.0,,2938.0,3581.0,1850.0,597.0,,,,1955.0,,,937.0,,476.0,,,629.0
,,2779.0,,,,,630.0,,3254.0,452.0,3579.0,812.0,,,,937.0,,,629.0,,285.0,,,466.0
,,2886.0,,,,,663.0,,3444.0,630.0,446.0,3657.0,,,,629.0,,,466.0,,2159.0,,,2842.0
,,3509.0,,,,,701.0,,408.0,663.0,476.0,577.0,,,,466.0,,,2842.0,,3093.0,,,1106.0
,,2183.0,,,,,726.0,,2393.0,701.0,285.0,1265.0,,,,2842.0,,,1106.0,,1414.0,,,2319.0
,,2368.0,,,,,810.0,,2888.0,726.0,2159.0,3067.0,,,,1106.0,,,2319.0,,1592.0,,,3450.0
,,3279.0,,,,,1366.0,,1306.0,810.0,3093.0,3469.0,,,,2319.0,,,3450.0,,2021.0,,,2343.0
,,2946.0,,,,,1638.0,,1764.0,1366.0,1414.0,1445.0,,,,3450.0,,,2343.0,,649.0,,,2376.0
,,3007.0,,,,,2127.0,,1084.0,1638.0,1592.0,1216.0,,,,2343.0,,,2376.0,,1536.0,,,2384.0
,,3581.0,,,,,3268.0,,1677.0,2127.0,2021.0,792.0,,,,2376.0,,,2384.0,,2568.0,,,1791.0
,,452.0,,,,,3345.0,,2779.0,3268.0,649.0,1017.0,,,,2384.0,,,1791.0,,1523.0,,,426.0
,,630.0,,,,,3437.0,,2886.0,3345.0,1536.0,1911.0,,,,1791.0,,,426.0,,1669.0,,,1326.0
,,663.0,,,,,44.0,,3509.0,3437.0,2568.0,154.0,,,,426.0,,,1326.0,,2599.0,,,2894.0
,,701.0,,,,,451.0,,2183.0,44.0,1523.0,648.0,,,,1326.0,,,2894.0,,3058.0,,,427.0
,,726.0,,,,,1196.0,,2368.0,451.0,1669.0,3578.0,,,,2894.0,,,427.0,,1574.0,,,2884.0
,,810.0,,,,,1580.0,,2946.0,1196.0,2599.0,156.0,,,,427.0,,,2884.0,,379.0,,,43.0
,,1366.0,,,,,1913.0,,3007.0,1580.0,3058.0,1549.0,,,,2884.0,,,43.0,,2306.0,,,835.0
,,1638.0,,,,,2644.0,,3581.0,1913.0,1574.0,2591.0,,,,43.0,,,835.0,,3494.0,,,573.0
,,2127.0,,,,,2143.0,,452.0,2644.0,379.0,2661.0,,,,835.0,,,573.0,,2850.0,,,2630.0
,,3268.0,,,,,1441.0,,630.0,2143.0,2306.0,2674.0,,,,573.0,,,2630.0,,3047.0,,,1581.0
,,3345.0,,,,,3048.0,,701.0,1441.0,3494.0,3656.0,,,,2630.0,,,1581.0,,2540.0,,,1889.0
,,3437.0,,,,,179.0,,726.0,3048.0,2850.0,144.0,,,,1581.0,,,1889.0,,155.0,,,2290.0
,,44.0,,,,,364.0,,810.0,179.0,3047.0,1146.0,,,,1889.0,,,2290.0,,945.0,,,3327.0
,,451.0,,,,,709.0,,1366.0,364.0,2540.0,1235.0,,,,2290.0,,,3327.0,,1616.0,,,1917.0
,,1196.0,,,,,1615.0,,1638.0,709.0,155.0,1494.0,,,,3327.0,,,1917.0,,2346.0,,,946.0
,,1580.0,,,,,2044.0,,2127.0,1615.0,945.0,160.0,,,,1917.0,,,946.0,,1956.0,,,1227.0
,,1913.0,,,,,2217.0,,3268.0,2044.0,1616.0,3468.0,,,,946.0,,,1227.0,,41.0,,,1729.0
,,2644.0,,,,,2223.0,,3345.0,2217.0,2346.0,3298.0,,,,1227.0,,,1729.0,,1062.0,,,2326.0
,,2143.0,,,,,3155.0,,3437.0,2223.0,1956.0,2703.0,,,,1729.0,,,2326.0,,1297.0,,,3702.0
,,1441.0,,,,,3228.0,,44.0,3155.0,41.0,3708.0,,,,2326.0,,,3702.0,,1593.0,,,2186.0
,,3048.0,,,,,3271.0,,451.0,3228.0,1062.0,1720.0,,,,3702.0,,,2186.0,,3489.0,,,390.0
,,179.0,,,,,3316.0,,1196.0,3271.0,1297.0,2721.0,,,,2186.0,,,390.0,,495.0,,,406.0
,,364.0,,,,,850.0,,1580.0,3316.0,1593.0,1793.0,,,,390.0,,,406.0,,1332.0,,,1356.0
,,709.0,,,,,862.0,,1913.0,850.0,3489.0,614.0,,,,406.0,,,1356.0,,3629.0,,,708.0
,,2044.0,,,,,314.0,,2644.0,862.0,495.0,680.0,,,,1356.0,,,708.0,,1180.0,,,2581.0
,,2217.0,,,,,361.0,,2143.0,314.0,1332.0,216.0,,,,708.0,,,2581.0,,1772.0,,,565.0
,,2223.0,,,,,543.0,,1441.0,361.0,3629.0,3666.0,,,,2581.0,,,565.0,,410.0,,,829.0
,,3155.0,,,,,1014.0,,3048.0,543.0,1180.0,488.0,,,,565.0,,,829.0,,2309.0,,,1665.0
,,3228.0,,,,,1015.0,,179.0,1014.0,1772.0,673.0,,,,829.0,,,1665.0,,3574.0,,,2311.0
,,3271.0,,,,,1376.0,,364.0,1015.0,410.0,1262.0,,,,1665.0,,,2311.0,,551.0,,,1620.0
,,3316.0,,,,,1567.0,,709.0,1376.0,2309.0,2558.0,,,,2311.0,,,1620.0,,1667.0,,,344.0
,,850.0,,,,,1572.0,,2044.0,1567.0,3574.0,17.0,,,,1620.0,,,344.0,,2783.0,,,1899.0
,,862.0,,,,,1802.0,,2217.0,1572.0,551.0,742.0,,,,344.0,,,1899.0,,572.0,,,304.0
,,314.0,,,,,2134.0,,2223.0,1802.0,1667.0,576.0,,,,1899.0,,,304.0,,1733.0,,,112.0
,,361.0,,,,,2374.0,,3155.0,2134.0,2783.0,1731.0,,,,304.0,,,112.0,,3575.0,,,1875.0
,,543.0,,,,,2647.0,,3228.0,2374.0,572.0,1974.0,,,,112.0,,,1875.0,,1193.0,,,507.0
,,1014.0,,,,,3134.0,,3271.0,2647.0,1733.0,3052.0,,,,1875.0,,,507.0,,3371.0,,,3642.0
,,1015.0,,,,,49.0,,3316.0,3134.0,3575.0,134.0,,,,507.0,,,3642.0,,1383.0,,,500.0
,,1376.0,,,,,66.0,,850.0,49.0,1193.0,477.0,,,,3642.0,,,500.0,,2515.0,,,919.0
,,1567.0,,,,,827.0,,862.0,66.0,3371.0,2435.0,,,,500.0,,,919.0,,653.0,,,2899.0
,,1572.0,,,,,878.0,,314.0,827.0,1383.0,3018.0,,,,919.0,,,2899.0,,1799.0,,,2978.0
,,1802.0,,,,,1582.0,,361.0,878.0,2515.0,1229.0,,,,2899.0,,,2978.0,,1499.0,,,1666.0
,,2134.0,,,,,1803.0,,543.0,1582.0,653.0,1292.0,,,,2978.0,,,1666.0,,1672.0,,,2564.0
,,2374.0,,,,,2984.0,,1014.0,1803.0,1799.0,729.0,,,,1666.0,,,2564.0,,3403.0,,,68.0
,,2647.0,,,,,3029.0,,1015.0,2984.0,1499.0,2912.0,,,,2564.0,,,68.0,,2612.0,,,795.0
,,3134.0,,,,,3802.0,,1376.0,3029.0,1672.0,1463.0,,,,68.0,,,795.0,,3464.0,,,1718.0
,,49.0,,,,,50.0,,1567.0,3802.0,3403.0,2545.0,,,,795.0,,,1718.0,,1955.0,,,2412.0
,,66.0,,,,,734.0,,1572.0,50.0,2612.0,2848.0,,,,1718.0,,,2412.0,,5.0,,,2952.0
,,827.0,,,,,2470.0,,1802.0,734.0,3464.0,2427.0,,,,2412.0,,,2952.0,,143.0,,,1839.0
,,878.0,,,,,29.0,,2134.0,2470.0,1955.0,1141.0,,,,2952.0,,,1839.0,,2241.0,,,566.0
,,1582.0,,,,,31.0,,2374.0,29.0,5.0,157.0,,,,1839.0,,,566.0,,694.0,,,2353.0
,,1803.0,,,,,294.0,,2647.0,31.0,143.0,2076.0,,,,566.0,,,2353.0,,989.0,,,2440.0
,,2984.0,,,,,349.0,,3134.0,294.0,2241.0,133.0,,,,2353.0,,,2440.0,,1082.0,,,1541.0
,,3029.0,,,,,601.0,,49.0,349.0,694.0,3076.0,,,,2440.0,,,1541.0,,1255.0,,,1583.0
,,3802.0,,,,,642.0,,66.0,601.0,989.0,3459.0,,,,1541.0,,,1583.0,,1689.0,,,1842.0
,,50.0,,,,,2419.0,,827.0,642.0,1082.0,2487.0,,,,1583.0,,,1842.0,,3370.0,,,1273.0
,,734.0,,,,,3424.0,,878.0,2419.0,1255.0,3019.0,,,,1842.0,,,1273.0,,559.0,,,2843.0
,,2470.0,,,,,37.0,,1582.0,3424.0,1689.0,496.0,,,,1273.0,,,2843.0,,629.0,,,292.0
,,29.0,,,,,664.0,,1803.0,37.0,3370.0,417.0,,,,2843.0,,,292.0,,466.0,,,531.0
,,31.0,,,,,1247.0,,2984.0,664.0,559.0,1850.0,,,,292.0,,,531.0,,2842.0,,,831.0
,,349.0,,,,,1437.0,,3029.0,1247.0,629.0,446.0,,,,531.0,,,831.0,,1106.0,,,979.0
,,601.0,,,,,1854.0,,3802.0,1437.0,466.0,476.0,,,,831.0,,,979.0,,2319.0,,,2463.0
,,642.0,,,,,2496.0,,50.0,1854.0,2842.0,2159.0,,,,979.0,,,2463.0,,3425.0,,,2631.0
,,2419.0,,,,,3081.0,,734.0,2496.0,1106.0,3093.0,,,,2463.0,,,2631.0,,3450.0,,,2708.0
,,3424.0,,,,,3156.0,,2470.0,3081.0,2319.0,2021.0,,,,2631.0,,,2708.0,,2343.0,,,805.0
,,37.0,,,,,3504.0,,29.0,3156.0,3425.0,2568.0,,,,2708.0,,,805.0,,2384.0,,,1873.0
,,664.0,,,,,675.0,,31.0,3504.0,3450.0,2371.0,,,,805.0,,,1873.0,,789.0,,,2396.0
,,1247.0,,,,,3585.0,,294.0,675.0,2343.0,2850.0,,,,1873.0,,,2396.0,,1791.0,,,2614.0
,,1437.0,,,,,354.0,,349.0,3585.0,2384.0,155.0,,,,2396.0,,,2614.0,,1326.0,,,2937.0
,,1854.0,,,,,907.0,,601.0,354.0,789.0,945.0,,,,2614.0,,,2937.0,,1685.0,,,2437.0
,,2496.0,,,,,1502.0,,642.0,907.0,1791.0,1616.0,,,,2937.0,,,2437.0,,2894.0,,,1923.0
,,3081.0,,,,,1647.0,,2419.0,1502.0,1326.0,2346.0,,,,2437.0,,,1923.0,,427.0,,,1314.0
,,3156.0,,,,,2517.0,,3424.0,1647.0,1685.0,1956.0,,,,1923.0,,,1314.0,,2884.0,,,1500.0
,,3504.0,,,,,2977.0,,37.0,2517.0,2894.0,1297.0,,,,1314.0,,,1500.0,,43.0,,,3322.0
,,675.0,,,,,2636.0,,664.0,2977.0,427.0,495.0,,,,1500.0,,,3322.0,,573.0,,,3365.0
,,3585.0,,,,,645.0,,1247.0,2636.0,2884.0,1332.0,,,,3322.0,,,3365.0,,1999.0,,,3768.0
,,354.0,,,,,764.0,,1437.0,645.0,43.0,3629.0,,,,3365.0,,,3768.0,,1581.0,,,244.0
,,907.0,,,,,1242.0,,1854.0,764.0,573.0,2873.0,,,,3768.0,,,244.0,,326.0,,,1605.0
,,1502.0,,,,,1338.0,,2496.0,1242.0,1999.0,410.0,,,,244.0,,,1605.0,,1889.0,,,3419.0
,,1647.0,,,,,1617.0,,3081.0,1338.0,1581.0,854.0,,,,1605.0,,,3419.0,,2290.0,,,1670.0
,,2517.0,,,,,1980.0,,3156.0,1617.0,326.0,551.0,,,,3419.0,,,1670.0,,3327.0,,,3811.0
,,2977.0,,,,,2150.0,,3504.0,1980.0,1889.0,1667.0,,,,1670.0,,,3811.0,,871.0,,,3303.0
,,2636.0,,,,,2408.0,,675.0,2150.0,2290.0,572.0,,,,3811.0,,,3303.0,,1917.0,,,997.0
,,645.0,,,,,3026.0,,3585.0,2408.0,3327.0,1733.0,,,,3303.0,,,997.0,,552.0,,,2291.0
,,764.0,,,,,3393.0,,354.0,3026.0,871.0,377.0,,,,997.0,,,2291.0,,946.0,,,428.0
,,1242.0,,,,,1776.0,,907.0,3393.0,1917.0,3371.0,,,,2291.0,,,428.0,,1246.0,,,3329.0
,,1338.0,,,,,2889.0,,1502.0,1776.0,552.0,2515.0,,,,428.0,,,3329.0,,1729.0,,,2908.0
,,1617.0,,,,,2816.0,,1647.0,2889.0,946.0,1008.0,,,,3329.0,,,2908.0,,2326.0,,,3133.0
,,1980.0,,,,,1268.0,,2517.0,2816.0,1246.0,1799.0,,,,2908.0,,,3133.0,,3702.0,,,3481.0
,,2150.0,,,,,2668.0,,2977.0,1268.0,1729.0,1499.0,,,,3133.0,,,3481.0,,2022.0,,,317.0
,,2408.0,,,,,3278.0,,2636.0,2668.0,2326.0,3403.0,,,,3481.0,,,317.0,,2359.0,,,342.0
,,3026.0,,,,,3442.0,,645.0,3278.0,3702.0,2612.0,,,,317.0,,,342.0,,1673.0,,,1781.0
,,3393.0,,,,,362.0,,764.0,3442.0,2022.0,3464.0,,,,342.0,,,1781.0,,390.0,,,0.0
,,2889.0,,,,,1941.0,,1242.0,362.0,2359.0,1955.0,,,,1781.0,,,0.0,,708.0,,,738.0
,,2816.0,,,,,298.0,,1338.0,1941.0,1673.0,629.0,,,,0.0,,,738.0,,2581.0,,,1179.0
,,1268.0,,,,,368.0,,1617.0,298.0,390.0,466.0,,,,738.0,,,1179.0,,565.0,,,1319.0
,,2668.0,,,,,1891.0,,1980.0,368.0,708.0,2842.0,,,,1179.0,,,1319.0,,1665.0,,,1709.0
,,3278.0,,,,,3668.0,,2150.0,1891.0,2581.0,1106.0,,,,1319.0,,,1709.0,,3204.0,,,3332.0
,,3442.0,,,,,915.0,,2408.0,3668.0,565.0,2319.0,,,,1709.0,,,3332.0,,3695.0,,,1026.0
,,362.0,,,,,868.0,,3026.0,915.0,1665.0,3450.0,,,,3332.0,,,1026.0,,2311.0,,,2622.0
,,1941.0,,,,,1345.0,,3393.0,868.0,3204.0,2343.0,,,,1026.0,,,2622.0,,2.0,,,633.0
,,298.0,,,,,1394.0,,2889.0,1345.0,3695.0,2376.0,,,,2622.0,,,633.0,,856.0,,,2214.0
,,368.0,,,,,1979.0,,2816.0,1394.0,2311.0,2384.0,,,,633.0,,,2214.0,,1620.0,,,1933.0
,,1891.0,,,,,2837.0,,1268.0,1979.0,2.0,1791.0,,,,2214.0,,,1933.0,,2525.0,,,1343.0
,,3668.0,,,,,1753.0,,2668.0,2837.0,856.0,426.0,,,,1933.0,,,1343.0,,344.0,,,1471.0
,,915.0,,,,,941.0,,3278.0,1753.0,1620.0,1326.0,,,,1343.0,,,1471.0,,698.0,,,833.0
,,868.0,,,,,1052.0,,3442.0,941.0,2525.0,2894.0,,,,1471.0,,,833.0,,1899.0,,,53.0
,,1345.0,,,,,1852.0,,362.0,1052.0,344.0,427.0,,,,833.0,,,53.0,,304.0,,,407.0
,,1394.0,,,,,1890.0,,1941.0,1852.0,698.0,2884.0,,,,53.0,,,407.0,,47.0,,,804.0
,,1979.0,,,,,2576.0,,298.0,1890.0,1899.0,43.0,,,,407.0,,,804.0,,112.0,,,1078.0
,,2837.0,,,,,887.0,,368.0,2576.0,304.0,573.0,,,,804.0,,,1078.0,,1875.0,,,1708.0
,,1753.0,,,,,1518.0,,1891.0,887.0,47.0,2630.0,,,,1078.0,,,1708.0,,2606.0,,,3379.0
,,941.0,,,,,1528.0,,3668.0,1518.0,112.0,1581.0,,,,1708.0,,,3379.0,,3612.0,,,3654.0
,,1052.0,,,,,1661.0,,915.0,1528.0,1875.0,1889.0,,,,3379.0,,,3654.0,,507.0,,,3182.0
,,1852.0,,,,,2087.0,,868.0,1661.0,2606.0,2290.0,,,,3654.0,,,3182.0,,2907.0,,,1012.0
,,1890.0,,,,,2639.0,,1345.0,2087.0,3612.0,3327.0,,,,3182.0,,,1012.0,,500.0,,,471.0
,,2576.0,,,,,3443.0,,1394.0,2639.0,507.0,1917.0,,,,1012.0,,,471.0,,2220.0,,,3311.0
,,887.0,,,,,1018.0,,1979.0,3443.0,2907.0,946.0,,,,471.0,,,3311.0,,919.0,,,2426.0
,,1518.0,,,,,2152.0,,2837.0,1018.0,500.0,1227.0,,,,3311.0,,,2426.0,,2978.0,,,3501.0
,,1528.0,,,,,2209.0,,1753.0,2152.0,2220.0,1729.0,,,,2426.0,,,3501.0,,1027.0,,,822.0
,,1661.0,,,,,3382.0,,941.0,2209.0,919.0,2326.0,,,,3501.0,,,822.0,,1666.0,,,599.0
,,2087.0,,,,,3693.0,,1052.0,3382.0,2978.0,3702.0,,,,822.0,,,599.0,,2263.0,,,217.0
,,2639.0,,,,,2985.0,,1852.0,3693.0,1027.0,2186.0,,,,599.0,,,217.0,,2564.0,,,2700.0
,,3443.0,,,,,772.0,,1890.0,2985.0,1666.0,390.0,,,,217.0,,,2700.0,,3234.0,,,3604.0
,,1018.0,,,,,1639.0,,2576.0,772.0,2263.0,406.0,,,,2700.0,,,3604.0,,68.0,,,2235.0
,,2152.0,,,,,3031.0,,887.0,1639.0,2564.0,1356.0,,,,3604.0,,,2235.0,,2412.0,,,505.0
,,2209.0,,,,,769.0,,1518.0,3031.0,3234.0,708.0,,,,2235.0,,,505.0,,2952.0,,,996.0
,,3382.0,,,,,1596.0,,1528.0,769.0,68.0,2581.0,,,,505.0,,,996.0,,1839.0,,,1743.0
,,3693.0,,,,,1837.0,,1661.0,1596.0,2412.0,565.0,,,,996.0,,,1743.0,,566.0,,,2565.0
,,2985.0,,,,,2781.0,,2087.0,1837.0,2952.0,829.0,,,,1743.0,,,2565.0,,770.0,,,2993.0
,,769.0,,,,,3667.0,,2639.0,2781.0,1839.0,1665.0,,,,2565.0,,,2993.0,,2440.0,,,506.0
,,1596.0,,,,,1468.0,,3443.0,3667.0,566.0,2311.0,,,,2993.0,,,506.0,,1842.0,,,588.0
,,1837.0,,,,,1944.0,,1018.0,1468.0,770.0,1620.0,,,,506.0,,,588.0,,1273.0,,,2443.0
,,2781.0,,,,,3080.0,,2152.0,1944.0,2440.0,344.0,,,,588.0,,,2443.0,,2843.0,,,2911.0
,,3667.0,,,,,183.0,,2209.0,3080.0,1842.0,1899.0,,,,2443.0,,,2911.0,,292.0,,,3641.0
,,1468.0,,,,,767.0,,3382.0,183.0,1273.0,304.0,,,,2911.0,,,3641.0,,820.0,,,1202.0
,,1944.0,,,,,1187.0,,3693.0,767.0,2843.0,112.0,,,,3641.0,,,1202.0,,831.0,,,3388.0
,,3080.0,,,,,2974.0,,2985.0,1187.0,292.0,1875.0,,,,1202.0,,,3388.0,,979.0,,,370.0
,,183.0,,,,,1123.0,,769.0,2974.0,820.0,507.0,,,,3388.0,,,370.0,,1164.0,,,1104.0
,,767.0,,,,,2112.0,,1596.0,1123.0,831.0,3642.0,,,,370.0,,,1104.0,,2463.0,,,890.0
,,1187.0,,,,,2130.0,,1837.0,2112.0,979.0,500.0,,,,1104.0,,,890.0,,2782.0,,,977.0
,,2974.0,,,,,2476.0,,2781.0,2130.0,1164.0,919.0,,,,890.0,,,977.0,,3310.0,,,3287.0
,,1123.0,,,,,3603.0,,3667.0,2476.0,2463.0,2899.0,,,,977.0,,,3287.0,,1487.0,,,1459.0
,,2112.0,,,,,1307.0,,1468.0,3603.0,2782.0,2978.0,,,,3287.0,,,1459.0,,805.0,,,1742.0
,,2130.0,,,,,1504.0,,1944.0,1307.0,3310.0,1666.0,,,,1459.0,,,1742.0,,1873.0,,,2442.0
,,2476.0,,,,,1629.0,,3080.0,1504.0,1487.0,2564.0,,,,1742.0,,,2442.0,,2614.0,,,2895.0
,,3603.0,,,,,1662.0,,183.0,1629.0,805.0,68.0,,,,2442.0,,,2895.0,,1200.0,,,1483.0
,,1307.0,,,,,2070.0,,767.0,1662.0,1873.0,795.0,,,,2895.0,,,1483.0,,1557.0,,,2425.0
,,1504.0,,,,,3475.0,,1187.0,2070.0,2614.0,1718.0,,,,1483.0,,,2425.0,,3166.0,,,1105.0
,,1629.0,,,,,3621.0,,2974.0,3475.0,1200.0,2412.0,,,,2425.0,,,1105.0,,1314.0,,,1404.0
,,1662.0,,,,,2547.0,,1123.0,3621.0,1557.0,2952.0,,,,1105.0,,,1404.0,,1500.0,,,1576.0
,,2070.0,,,,,3623.0,,2112.0,2547.0,3166.0,1839.0,,,,1404.0,,,1576.0,,3365.0,,,1874.0
,,3475.0,,,,,1848.0,,2130.0,3109.0,1314.0,566.0,,,,1576.0,,,1874.0,,1527.0,,,1951.0
,,3621.0,,,,,2254.0,,2476.0,3623.0,1500.0,2353.0,,,,1874.0,,,1951.0,,2784.0,,,3777.0
,,2547.0,,,,,103.0,,3603.0,1848.0,3365.0,2440.0,,,,1951.0,,,3777.0,,3768.0,,,590.0
,,3109.0,,,,,108.0,,1307.0,2254.0,1527.0,1541.0,,,,3777.0,,,590.0,,244.0,,,3499.0
,,3623.0,,,,,386.0,,1504.0,103.0,2784.0,1583.0,,,,590.0,,,3499.0,,2298.0,,,2648.0
,,1848.0,,,,,1110.0,,1629.0,108.0,3768.0,1842.0,,,,3499.0,,,2648.0,,2704.0,,,2261.0
,,2254.0,,,,,1964.0,,1662.0,386.0,244.0,1273.0,,,,2648.0,,,2261.0,,3419.0,,,2049.0
,,103.0,,,,,2017.0,,2070.0,1110.0,2298.0,2843.0,,,,2261.0,,,2049.0,,2935.0,,,519.0
,,108.0,,,,,2062.0,,3475.0,1964.0,2704.0,292.0,,,,2049.0,,,519.0,,1670.0,,,639.0
,,386.0,,,,,2123.0,,3621.0,2017.0,3419.0,531.0,,,,519.0,,,639.0,,3303.0,,,1606.0
,,1110.0,,,,,2758.0,,2547.0,2062.0,2935.0,831.0,,,,639.0,,,1606.0,,771.0,,,503.0
,,1964.0,,,,,2909.0,,3109.0,2123.0,1670.0,979.0,,,,1606.0,,,503.0,,997.0,,,1405.0
,,2017.0,,,,,3288.0,,3623.0,2758.0,3303.0,2463.0,,,,503.0,,,1405.0,,1025.0,,,2441.0
,,2062.0,,,,,3463.0,,1848.0,2909.0,771.0,2631.0,,,,1405.0,,,2441.0,,2291.0,,,1585.0
,,2123.0,,,,,363.0,,2254.0,3288.0,997.0,2708.0,,,,2441.0,,,1585.0,,283.0,,,2818.0
,,2758.0,,,,,520.0,,103.0,3463.0,1025.0,805.0,,,,1585.0,,,2818.0,,2075.0,,,3405.0
,,2909.0,,,,,1619.0,,108.0,363.0,2291.0,1873.0,,,,2818.0,,,3405.0,,428.0,,,879.0
,,3288.0,,,,,2155.0,,386.0,520.0,283.0,2396.0,,,,3405.0,,,879.0,,2145.0,,,2264.0
,,3463.0,,,,,3090.0,,1110.0,1619.0,2075.0,2614.0,,,,879.0,,,2264.0,,2628.0,,,1765.0
,,363.0,,,,,3112.0,,1964.0,2155.0,428.0,2937.0,,,,2264.0,,,1765.0,,3329.0,,,3679.0
,,520.0,,,,,3350.0,,2017.0,3090.0,2145.0,2437.0,,,,1765.0,,,3679.0,,2908.0,,,316.0
,,1619.0,,,,,3381.0,,2062.0,3112.0,2628.0,1923.0,,,,3679.0,,,316.0,,3133.0,,,775.0
,,2155.0,,,,,92.0,,2123.0,3350.0,3329.0,1314.0,,,,316.0,,,775.0,,3481.0,,,1375.0
,,3090.0,,,,,397.0,,2758.0,3381.0,2908.0,1500.0,,,,775.0,,,1375.0,,317.0,,,998.0
,,3112.0,,,,,485.0,,2909.0,92.0,3133.0,3322.0,,,,1375.0,,,998.0,,234.0,,,1588.0
,,3350.0,,,,,703.0,,3288.0,397.0,3481.0,3365.0,,,,998.0,,,1588.0,,0.0,,,2065.0
,,3381.0,,,,,886.0,,3463.0,485.0,317.0,3768.0,,,,1588.0,,,2065.0,,383.0,,,300.0
,,92.0,,,,,1233.0,,363.0,703.0,234.0,244.0,,,,2065.0,,,300.0,,738.0,,,2890.0
,,397.0,,,,,1397.0,,520.0,886.0,0.0,1605.0,,,,300.0,,,2890.0,,1709.0,,,502.0
,,485.0,,,,,1423.0,,1619.0,1233.0,383.0,3419.0,,,,2890.0,,,502.0,,3332.0,,,3286.0
,,703.0,,,,,1724.0,,2155.0,1397.0,738.0,1670.0,,,,502.0,,,3286.0,,2969.0,,,774.0
,,886.0,,,,,1817.0,,3090.0,1423.0,1709.0,3811.0,,,,3286.0,,,774.0,,1026.0,,,2930.0
,,1233.0,,,,,1886.0,,3112.0,1724.0,3332.0,3303.0,,,,774.0,,,2930.0,,2506.0,,,3704.0
,,1397.0,,,,,1981.0,,3350.0,1817.0,2969.0,997.0,,,,2930.0,,,3704.0,,1269.0,,,1623.0
,,1423.0,,,,,1997.0,,3381.0,1886.0,1026.0,2291.0,,,,3704.0,,,1623.0,,2622.0,,,730.0
,,1724.0,,,,,2434.0,,92.0,1981.0,2506.0,428.0,,,,1623.0,,,730.0,,633.0,,,3594.0
,,1817.0,,,,,2498.0,,397.0,1997.0,1269.0,3329.0,,,,730.0,,,3594.0,,2214.0,,,581.0
,,1886.0,,,,,2656.0,,485.0,2434.0,2622.0,2908.0,,,,3594.0,,,581.0,,2572.0,,,1157.0
,,1981.0,,,,,2791.0,,703.0,2498.0,633.0,3133.0,,,,581.0,,,1157.0,,1343.0,,,1577.0
,,1997.0,,,,,2830.0,,886.0,2656.0,2214.0,3481.0,,,,1157.0,,,1577.0,,1471.0,,,3591.0
,,2434.0,,,,,2882.0,,1233.0,2791.0,2572.0,317.0,,,,1577.0,,,3591.0,,3690.0,,,1521.0
,,2498.0,,,,,2980.0,,1397.0,2830.0,1343.0,342.0,,,,3591.0,,,1521.0,,782.0,,,473.0
,,2656.0,,,,,3252.0,,1423.0,2882.0,1471.0,1781.0,,,,1521.0,,,473.0,,833.0,,,1272.0
,,2791.0,,,,,3542.0,,1724.0,2980.0,3690.0,0.0,,,,473.0,,,1272.0,,53.0,,,1641.0
,,2830.0,,,,,3607.0,,1817.0,3252.0,782.0,738.0,,,,1272.0,,,1641.0,,1898.0,,,3346.0
,,2882.0,,,,,3691.0,,1886.0,3542.0,833.0,1179.0,,,,1641.0,,,3346.0,,3314.0,,,3625.0
,,2980.0,,,,,3715.0,,1981.0,3607.0,53.0,1319.0,,,,3346.0,,,3625.0,,858.0,,,77.0
,,3252.0,,,,,232.0,,1997.0,3691.0,1898.0,1709.0,,,,3625.0,,,77.0,,1078.0,,,1077.0
,,3542.0,,,,,360.0,,2434.0,3715.0,3314.0,3332.0,,,,77.0,,,1077.0,,1708.0,,,2262.0
,,3607.0,,,,,369.0,,2498.0,232.0,858.0,1026.0,,,,1077.0,,,2262.0,,3088.0,,,1126.0
,,3691.0,,,,,970.0,,2656.0,360.0,1078.0,2622.0,,,,2262.0,,,1126.0,,438.0,,,487.0
,,3715.0,,,,,1403.0,,2791.0,369.0,1708.0,633.0,,,,1126.0,,,487.0,,1749.0,,,1461.0
,,232.0,,,,,1971.0,,2830.0,970.0,3088.0,2214.0,,,,487.0,,,1461.0,,3125.0,,,815.0
,,360.0,,,,,2146.0,,2980.0,1403.0,438.0,1933.0,,,,1461.0,,,815.0,,211.0,,,1476.0
,,369.0,,,,,2561.0,,3252.0,1971.0,1749.0,1343.0,,,,815.0,,,1476.0,,1101.0,,,2026.0
,,970.0,,,,,3364.0,,3542.0,2146.0,3125.0,833.0,,,,1476.0,,,2026.0,,3182.0,,,305.0
,,1403.0,,,,,1387.0,,3607.0,2561.0,211.0,53.0,,,,2026.0,,,305.0,,3764.0,,,956.0
,,1971.0,,,,,1546.0,,3691.0,3364.0,1101.0,407.0,,,,305.0,,,956.0,,1012.0,,,1038.0
,,2146.0,,,,,1621.0,,3715.0,1387.0,3182.0,804.0,,,,956.0,,,1038.0,,3311.0,,,1398.0
,,2561.0,,,,,1686.0,,232.0,1546.0,3764.0,1078.0,,,,1038.0,,,1398.0,,2426.0,,,2032.0
,,3364.0,,,,,2084.0,,360.0,1621.0,1012.0,1708.0,,,,1398.0,,,2032.0,,3501.0,,,1460.0
,,1387.0,,,,,3225.0,,369.0,1686.0,3311.0,3379.0,,,,2032.0,,,1460.0,,822.0,,,2562.0
,,1546.0,,,,,3456.0,,970.0,2084.0,2426.0,3654.0,,,,1460.0,,,2562.0,,599.0,,,3626.0
,,1621.0,,,,,3588.0,,1403.0,3225.0,3501.0,3182.0,,,,2562.0,,,3626.0,,3604.0,,,2388.0
,,1686.0,,,,,3743.0,,1971.0,3456.0,822.0,1012.0,,,,3626.0,,,2388.0,,2235.0,,,400.0
,,2084.0,,,,,90.0,,2146.0,3588.0,599.0,471.0,,,,2388.0,,,400.0,,30.0,,,799.0
,,3225.0,,,,,563.0,,2561.0,3743.0,3604.0,3311.0,,,,400.0,,,799.0,,3383.0,,,994.0
,,3456.0,,,,,736.0,,3364.0,90.0,2235.0,2426.0,,,,799.0,,,994.0,,505.0,,,1759.0
,,3588.0,,,,,828.0,,1387.0,563.0,30.0,3501.0,,,,994.0,,,1759.0,,996.0,,,2050.0
,,3743.0,,,,,2025.0,,1546.0,736.0,3383.0,822.0,,,,1759.0,,,2050.0,,978.0,,,2743.0
,,90.0,,,,,2192.0,,1621.0,828.0,505.0,599.0,,,,2050.0,,,2743.0,,1501.0,,,3724.0
,,563.0,,,,,2566.0,,1686.0,2025.0,996.0,217.0,,,,2743.0,,,3724.0,,1743.0,,,766.0
,,736.0,,,,,2745.0,,2084.0,2192.0,978.0,2700.0,,,,3724.0,,,766.0,,2565.0,,,2844.0
,,828.0,,,,,3313.0,,3225.0,2566.0,1501.0,3604.0,,,,766.0,,,2844.0,,2905.0,,,51.0
,,2025.0,,,,,2157.0,,3456.0,2745.0,1743.0,2235.0,,,,2844.0,,,51.0,,506.0,,,2093.0
,,2192.0,,,,,587.0,,3588.0,3313.0,2565.0,505.0,,,,51.0,,,2093.0,,588.0,,,1958.0
,,2566.0,,,,,992.0,,3743.0,2157.0,2905.0,996.0,,,,2093.0,,,1958.0,,2443.0,,,1295.0
,,2745.0,,,,,1300.0,,90.0,587.0,506.0,1743.0,,,,1958.0,,,1295.0,,2911.0,,,3094.0
,,3313.0,,,,,1730.0,,563.0,992.0,588.0,2565.0,,,,1295.0,,,3094.0,,3641.0,,,3742.0
,,2157.0,,,,,3457.0,,736.0,1300.0,2443.0,2993.0,,,,3094.0,,,3742.0,,917.0,,,1194.0
,,587.0,,,,,3552.0,,828.0,1730.0,2911.0,506.0,,,,3742.0,,,1194.0,,1542.0,,,1388.0
,,992.0,,,,,,,2025.0,3457.0,3641.0,588.0,,,,1194.0,,,1388.0,,376.0,,,2399.0
,,1300.0,,,,,,,2192.0,3552.0,917.0,2443.0,,,,1388.0,,,2399.0,,528.0,,,3306.0
,,1730.0,,,,,,,2566.0,,1542.0,2911.0,,,,2399.0,,,3306.0,,3388.0,,,3439.0
,,3457.0,,,,,,,2745.0,,376.0,3641.0,,,,3306.0,,,3439.0,,2961.0,,,3448.0
,,3552.0,,,,,,,3313.0,,528.0,1202.0,,,,3439.0,,,3448.0,,3132.0,,,1464.0
,,,,,,,,,2157.0,,3388.0,3388.0,,,,3448.0,,,1464.0,,2059.0,,,202.0
,,,,,,,,,587.0,,2961.0,370.0,,,,1464.0,,,202.0,,1104.0,,,1377.0
,,,,,,,,,992.0,,3132.0,1104.0,,,,202.0,,,1377.0,,890.0,,,1747.0
,,,,,,,,,1300.0,,2059.0,890.0,,,,1377.0,,,1747.0,,977.0,,,2341.0
,,,,,,,,,1730.0,,1104.0,977.0,,,,1747.0,,,2341.0,,3287.0,,,3160.0
,,,,,,,,,3457.0,,890.0,3287.0,,,,2341.0,,,3160.0,,1459.0,,,2124.0
,,,,,,,,,3552.0,,977.0,1459.0,,,,3160.0,,,2124.0,,1742.0,,,560.0
,,,,,,,,,,,3287.0,1742.0,,,,2124.0,,,560.0,,2266.0,,,857.0
,,,,,,,,,,,1459.0,2442.0,,,,560.0,,,857.0,,2442.0,,,3590.0
,,,,,,,,,,,1742.0,2895.0,,,,857.0,,,3590.0,,2896.0,,,499.0
,,,,,,,,,,,2266.0,1483.0,,,,3590.0,,,499.0,,2925.0,,,635.0
,,,,,,,,,,,2442.0,2425.0,,,,499.0,,,635.0,,1483.0,,,1637.0
,,,,,,,,,,,2896.0,1105.0,,,,635.0,,,1637.0,,2425.0,,,2611.0
,,,,,,,,,,,2925.0,1404.0,,,,1637.0,,,2611.0,,1105.0,,,2836.0
,,,,,,,,,,,1483.0,1576.0,,,,2611.0,,,2836.0,,1301.0,,,591.0
,,,,,,,,,,,2425.0,1874.0,,,,2836.0,,,591.0,,1404.0,,,1060.0
,,,,,,,,,,,1105.0,1951.0,,,,591.0,,,1060.0,,1874.0,,,1064.0
,,,,,,,,,,,1301.0,3777.0,,,,1060.0,,,1064.0,,1951.0,,,2015.0
,,,,,,,,,,,1404.0,590.0,,,,1064.0,,,2015.0,,3777.0,,,2933.0
,,,,,,,,,,,1874.0,3499.0,,,,2015.0,,,2933.0,,224.0,,,306.0
,,,,,,,,,,,1951.0,2648.0,,,,2933.0,,,306.0,,590.0,,,1396.0
,,,,,,,,,,,3777.0,2261.0,,,,306.0,,,1396.0,,3006.0,,,1838.0
,,,,,,,,,,,224.0,2049.0,,,,1396.0,,,1838.0,,2648.0,,,2497.0
,,,,,,,,,,,590.0,519.0,,,,1838.0,,,2497.0,,2049.0,,,2838.0
,,,,,,,,,,,3006.0,639.0,,,,2497.0,,,2838.0,,1606.0,,,3041.0
,,,,,,,,,,,2648.0,1606.0,,,,2838.0,,,3041.0,,478.0,,,888.0
,,,,,,,,,,,2049.0,503.0,,,,3041.0,,,888.0,,503.0,,,1916.0
,,,,,,,,,,,1606.0,1405.0,,,,888.0,,,1916.0,,689.0,,,2976.0
,,,,,,,,,,,478.0,2441.0,,,,1916.0,,,2976.0,,1192.0,,,3196.0
,,,,,,,,,,,503.0,1585.0,,,,2976.0,,,3196.0,,1405.0,,,2104.0
,,,,,,,,,,,689.0,2818.0,,,,3196.0,,,2104.0,,2352.0,,,3505.0
,,,,,,,,,,,1192.0,3405.0,,,,2104.0,,,3505.0,,2441.0,,,3161.0
,,,,,,,,,,,1405.0,879.0,,,,3505.0,,,3161.0,,1585.0,,,3229.0
,,,,,,,,,,,2352.0,2264.0,,,,3161.0,,,3229.0,,2818.0,,,3527.0
,,,,,,,,,,,2441.0,1765.0,,,,3229.0,,,3527.0,,3405.0,,,3685.0
,,,,,,,,,,,1585.0,3679.0,,,,3527.0,,,3685.0,,479.0,,,1945.0
,,,,,,,,,,,2818.0,316.0,,,,3685.0,,,1945.0,,879.0,,,3230.0
,,,,,,,,,,,3405.0,775.0,,,,1945.0,,,3230.0,,2264.0,,,3482.0
,,,,,,,,,,,479.0,1375.0,,,,3230.0,,,3482.0,,3315.0,,,3616.0
,,,,,,,,,,,879.0,998.0,,,,3482.0,,,3616.0,,2383.0,,,1982.0
,,,,,,,,,,,2264.0,1588.0,,,,3616.0,,,1982.0,,2348.0,,,1393.0
,,,,,,,,,,,3315.0,2065.0,,,,1982.0,,,1393.0,,3679.0,,,2617.0
,,,,,,,,,,,2383.0,300.0,,,,1393.0,,,2617.0,,316.0,,,422.0
,,,,,,,,,,,2348.0,2890.0,,,,2617.0,,,422.0,,2730.0,,,961.0
,,,,,,,,,,,3679.0,502.0,,,,422.0,,,961.0,,775.0,,,1097.0
,,,,,,,,,,,316.0,3286.0,,,,961.0,,,1097.0,,1516.0,,,1134.0
,,,,,,,,,,,2730.0,774.0,,,,1097.0,,,1134.0,,1375.0,,,2480.0
,,,,,,,,,,,775.0,2930.0,,,,1134.0,,,2480.0,,998.0,,,315.0
,,,,,,,,,,,1516.0,3704.0,,,,2480.0,,,315.0,,1588.0,,,2579.0
,,,,,,,,,,,1375.0,1623.0,,,,315.0,,,2579.0,,1907.0,,,1804.0
,,,,,,,,,,,998.0,730.0,,,,2579.0,,,1804.0,,300.0,,,3665.0
,,,,,,,,,,,1588.0,3594.0,,,,1804.0,,,3665.0,,3396.0,,,11.0
,,,,,,,,,,,1907.0,581.0,,,,3665.0,,,11.0,,2742.0,,,2501.0
,,,,,,,,,,,300.0,1157.0,,,,11.0,,,2501.0,,3324.0,,,335.0
,,,,,,,,,,,3396.0,1577.0,,,,2501.0,,,335.0,,3587.0,,,490.0
,,,,,,,,,,,2742.0,3591.0,,,,335.0,,,490.0,,2360.0,,,504.0
,,,,,,,,,,,3324.0,1521.0,,,,490.0,,,504.0,,502.0,,,526.0
,,,,,,,,,,,3587.0,473.0,,,,504.0,,,526.0,,3286.0,,,704.0
,,,,,,,,,,,2360.0,1272.0,,,,526.0,,,704.0,,774.0,,,800.0
,,,,,,,,,,,502.0,1641.0,,,,704.0,,,800.0,,2930.0,,,801.0
,,,,,,,,,,,3286.0,3346.0,,,,800.0,,,801.0,,3704.0,,,1054.0
,,,,,,,,,,,774.0,3625.0,,,,801.0,,,1054.0,,2913.0,,,1079.0
,,,,,,,,,,,2930.0,77.0,,,,1054.0,,,1079.0,,547.0,,,1085.0
,,,,,,,,,,,3704.0,1077.0,,,,1079.0,,,1085.0,,628.0,,,1137.0
,,,,,,,,,,,2913.0,2262.0,,,,1137.0,,,1137.0,,730.0,,,1434.0
,,,,,,,,,,,547.0,1126.0,,,,1434.0,,,1434.0,,3594.0,,,1462.0
,,,,,,,,,,,628.0,487.0,,,,1462.0,,,1462.0,,581.0,,,1931.0
,,,,,,,,,,,730.0,1461.0,,,,1931.0,,,1931.0,,153.0,,,2020.0
,,,,,,,,,,,3594.0,815.0,,,,2020.0,,,2020.0,,1029.0,,,2273.0
,,,,,,,,,,,581.0,1476.0,,,,2273.0,,,2273.0,,1157.0,,,2304.0
,,,,,,,,,,,153.0,2026.0,,,,2410.0,,,2304.0,,1272.0,,,2410.0
,,,,,,,,,,,1029.0,305.0,,,,2422.0,,,2410.0,,1641.0,,,2422.0
,,,,,,,,,,,1157.0,956.0,,,,2719.0,,,2422.0,,3099.0,,,2719.0
,,,,,,,,,,,1272.0,1038.0,,,,2953.0,,,2719.0,,3415.0,,,2953.0
,,,,,,,,,,,1641.0,1398.0,,,,3624.0,,,2953.0,,77.0,,,3624.0
,,,,,,,,,,,3099.0,2032.0,,,,3639.0,,,3624.0,,1077.0,,,3639.0
,,,,,,,,,,,3415.0,1460.0,,,,1395.0,,,3639.0,,3605.0,,,1395.0
,,,,,,,,,,,77.0,2562.0,,,,1649.0,,,1395.0,,487.0,,,1649.0
,,,,,,,,,,,1077.0,3626.0,,,,632.0,,,1649.0,,1461.0,,,632.0
,,,,,,,,,,,3605.0,2388.0,,,,1480.0,,,632.0,,723.0,,,1480.0
,,,,,,,,,,,487.0,400.0,,,,2891.0,,,1480.0,,815.0,,,2891.0
,,,,,,,,,,,1461.0,799.0,,,,2897.0,,,2891.0,,1476.0,,,2897.0
,,,,,,,,,,,723.0,994.0,,,,1195.0,,,2897.0,,2026.0,,,1195.0
,,,,,,,,,,,815.0,1759.0,,,,575.0,,,1195.0,,305.0,,,575.0
,,,,,,,,,,,1476.0,2050.0,,,,2160.0,,,575.0,,1038.0,,,2160.0
,,,,,,,,,,,2026.0,2743.0,,,,2698.0,,,2160.0,,1398.0,,,2698.0
,,,,,,,,,,,305.0,3724.0,,,,3339.0,,,2698.0,,1657.0,,,3339.0
,,,,,,,,,,,1038.0,766.0,,,,607.0,,,3339.0,,2032.0,,,607.0
,,,,,,,,,,,1398.0,2844.0,,,,1989.0,,,607.0,,3320.0,,,1989.0
,,,,,,,,,,,1657.0,51.0,,,,1158.0,,,1989.0,,1460.0,,,1158.0
,,,,,,,,,,,2032.0,2093.0,,,,2054.0,,,1158.0,,2562.0,,,2054.0
,,,,,,,,,,,3320.0,1958.0,,,,2213.0,,,2054.0,,3626.0,,,2213.0
,,,,,,,,,,,1460.0,1295.0,,,,2759.0,,,2213.0,,610.0,,,2759.0
,,,,,,,,,,,2562.0,3094.0,,,,3431.0,,,2759.0,,2388.0,,,3431.0
,,,,,,,,,,,3626.0,3742.0,,,,678.0,,,3431.0,,1746.0,,,678.0
,,,,,,,,,,,610.0,1194.0,,,,825.0,,,678.0,,212.0,,,825.0
,,,,,,,,,,,2388.0,1388.0,,,,955.0,,,825.0,,400.0,,,955.0
,,,,,,,,,,,1746.0,2399.0,,,,969.0,,,955.0,,799.0,,,969.0
,,,,,,,,,,,212.0,3306.0,,,,1337.0,,,969.0,,1759.0,,,1337.0
,,,,,,,,,,,400.0,3439.0,,,,2215.0,,,1337.0,,2050.0,,,2215.0
,,,,,,,,,,,799.0,3448.0,,,,2560.0,,,2215.0,,2743.0,,,2560.0
,,,,,,,,,,,1759.0,1464.0,,,,2633.0,,,2560.0,,766.0,,,2633.0
,,,,,,,,,,,2050.0,202.0,,,,3178.0,,,2633.0,,2206.0,,,3178.0
,,,,,,,,,,,2743.0,1377.0,,,,3595.0,,,3178.0,,2844.0,,,3595.0
,,,,,,,,,,,766.0,1747.0,,,,3596.0,,,3595.0,,51.0,,,3596.0
,,,,,,,,,,,2206.0,2341.0,,,,3100.0,,,3596.0,,436.0,,,3100.0
,,,,,,,,,,,2844.0,3160.0,,,,343.0,,,3100.0,,874.0,,,343.0
,,,,,,,,,,,51.0,2124.0,,,,1640.0,,,343.0,,2093.0,,,1640.0
,,,,,,,,,,,436.0,560.0,,,,1045.0,,,1640.0,,2184.0,,,1045.0
,,,,,,,,,,,874.0,857.0,,,,1614.0,,,1045.0,,2686.0,,,1614.0
,,,,,,,,,,,2093.0,3590.0,,,,3129.0,,,1614.0,,2339.0,,,3129.0
,,,,,,,,,,,2184.0,499.0,,,,889.0,,,3129.0,,1958.0,,,889.0
,,,,,,,,,,,2686.0,635.0,,,,2494.0,,,889.0,,1965.0,,,2494.0
,,,,,,,,,,,2339.0,1637.0,,,,69.0,,,2494.0,,2528.0,,,69.0
,,,,,,,,,,,1958.0,2611.0,,,,1919.0,,,69.0,,3094.0,,,1919.0
,,,,,,,,,,,1965.0,2836.0,,,,2580.0,,,1919.0,,1194.0,,,2580.0
,,,,,,,,,,,2528.0,591.0,,,,3338.0,,,2580.0,,1388.0,,,3338.0
,,,,,,,,,,,3094.0,1064.0,,,,739.0,,,3338.0,,2399.0,,,739.0
,,,,,,,,,,,1194.0,2015.0,,,,1555.0,,,739.0,,2481.0,,,1555.0
,,,,,,,,,,,1388.0,2933.0,,,,1920.0,,,1555.0,,3306.0,,,1920.0
,,,,,,,,,,,2399.0,306.0,,,,2287.0,,,1920.0,,3448.0,,,2287.0
,,,,,,,,,,,2481.0,1396.0,,,,2640.0,,,2287.0,,1384.0,,,2640.0
,,,,,,,,,,,3306.0,1838.0,,,,3254.0,,,2640.0,,1464.0,,,3254.0
,,,,,,,,,,,3448.0,2497.0,,,,3444.0,,,3254.0,,475.0,,,3444.0
,,,,,,,,,,,1384.0,2838.0,,,,408.0,,,3444.0,,657.0,,,408.0
,,,,,,,,,,,1464.0,3041.0,,,,798.0,,,408.0,,3566.0,,,798.0
,,,,,,,,,,,475.0,888.0,,,,2393.0,,,798.0,,202.0,,,2393.0
,,,,,,,,,,,657.0,1916.0,,,,2888.0,,,2393.0,,1377.0,,,2888.0
,,,,,,,,,,,3566.0,2976.0,,,,345.0,,,2888.0,,1747.0,,,345.0
,,,,,,,,,,,202.0,3196.0,,,,2955.0,,,345.0,,3160.0,,,2955.0
,,,,,,,,,,,1377.0,2104.0,,,,1677.0,,,2955.0,,1163.0,,,1677.0
,,,,,,,,,,,1747.0,3505.0,,,,3509.0,,,1677.0,,1512.0,,,3509.0
,,,,,,,,,,,3160.0,3161.0,,,,1744.0,,,3509.0,,1970.0,,,1744.0
,,,,,,,,,,,1163.0,3229.0,,,,3279.0,,,1744.0,,2057.0,,,3279.0
,,,,,,,,,,,1512.0,3527.0,,,,2946.0,,,3279.0,,2454.0,,,2946.0
,,,,,,,,,,,1970.0,3685.0,,,,452.0,,,2946.0,,1128.0,,,452.0
,,,,,,,,,,,2057.0,1945.0,,,,630.0,,,452.0,,3818.0,,,630.0
,,,,,,,,,,,2454.0,3230.0,,,,701.0,,,630.0,,560.0,,,701.0
,,,,,,,,,,,1128.0,3482.0,,,,810.0,,,701.0,,857.0,,,810.0
,,,,,,,,,,,3818.0,3616.0,,,,1366.0,,,810.0,,2995.0,,,1366.0
,,,,,,,,,,,560.0,1982.0,,,,3268.0,,,1366.0,,3590.0,,,3268.0
,,,,,,,,,,,857.0,1393.0,,,,3345.0,,,3268.0,,499.0,,,3345.0
,,,,,,,,,,,2995.0,2617.0,,,,3437.0,,,3345.0,,2098.0,,,3437.0
,,,,,,,,,,,3590.0,422.0,,,,44.0,,,3437.0,,635.0,,,44.0
,,,,,,,,,,,499.0,961.0,,,,451.0,,,44.0,,1637.0,,,451.0
,,,,,,,,,,,2098.0,1097.0,,,,1196.0,,,451.0,,1650.0,,,1196.0
,,,,,,,,,,,635.0,1134.0,,,,1913.0,,,1196.0,,2611.0,,,1913.0
,,,,,,,,,,,1637.0,2480.0,,,,2644.0,,,1913.0,,2836.0,,,2644.0
,,,,,,,,,,,1650.0,315.0,,,,2143.0,,,2644.0,,591.0,,,2143.0
,,,,,,,,,,,2611.0,2579.0,,,,1441.0,,,2143.0,,1060.0,,,1441.0
,,,,,,,,,,,2836.0,1804.0,,,,3048.0,,,1441.0,,2015.0,,,3048.0
,,,,,,,,,,,591.0,3665.0,,,,364.0,,,3048.0,,3635.0,,,364.0
,,,,,,,,,,,1060.0,11.0,,,,709.0,,,364.0,,306.0,,,709.0
,,,,,,,,,,,2015.0,335.0,,,,1615.0,,,709.0,,1024.0,,,1615.0
,,,,,,,,,,,3635.0,490.0,,,,2044.0,,,1615.0,,1838.0,,,2044.0
,,,,,,,,,,,306.0,504.0,,,,2223.0,,,2044.0,,2497.0,,,2223.0
,,,,,,,,,,,1024.0,526.0,,,,3228.0,,,2223.0,,2838.0,,,3228.0
,,,,,,,,,,,1838.0,704.0,,,,3271.0,,,3228.0,,3041.0,,,3271.0
,,,,,,,,,,,2497.0,800.0,,,,3316.0,,,3271.0,,3561.0,,,3316.0
,,,,,,,,,,,2838.0,801.0,,,,1014.0,,,3316.0,,1916.0,,,1014.0
,,,,,,,,,,,3041.0,1054.0,,,,1015.0,,,1014.0,,2976.0,,,1015.0
,,,,,,,,,,,3561.0,1079.0,,,,1376.0,,,1015.0,,3196.0,,,1376.0
,,,,,,,,,,,1916.0,1085.0,,,,1567.0,,,1376.0,,2104.0,,,1567.0
,,,,,,,,,,,2976.0,1137.0,,,,1802.0,,,1567.0,,3027.0,,,1802.0
,,,,,,,,,,,3196.0,1434.0,,,,2134.0,,,1802.0,,3505.0,,,2134.0
,,,,,,,,,,,2104.0,1462.0,,,,66.0,,,2134.0,,3161.0,,,66.0
,,,,,,,,,,,3027.0,1931.0,,,,827.0,,,66.0,,3527.0,,,827.0
,,,,,,,,,,,3505.0,2020.0,,,,1582.0,,,827.0,,3685.0,,,1582.0
,,,,,,,,,,,3161.0,2273.0,,,,1803.0,,,1582.0,,1016.0,,,1803.0
,,,,,,,,,,,3527.0,2304.0,,,,3029.0,,,1803.0,,3482.0,,,3029.0
,,,,,,,,,,,3685.0,2410.0,,,,50.0,,,3029.0,,3616.0,,,50.0
,,,,,,,,,,,1016.0,2422.0,,,,734.0,,,50.0,,2914.0,,,734.0
,,,,,,,,,,,3482.0,2719.0,,,,2470.0,,,734.0,,1393.0,,,2470.0
,,,,,,,,,,,3616.0,2953.0,,,,29.0,,,2470.0,,422.0,,,29.0
,,,,,,,,,,,2914.0,3624.0,,,,31.0,,,29.0,,579.0,,,31.0
,,,,,,,,,,,1393.0,3639.0,,,,294.0,,,31.0,,961.0,,,294.0
,,,,,,,,,,,422.0,1395.0,,,,601.0,,,294.0,,1097.0,,,601.0
,,,,,,,,,,,579.0,1649.0,,,,642.0,,,601.0,,2480.0,,,642.0
,,,,,,,,,,,961.0,632.0,,,,2419.0,,,642.0,,3492.0,,,2419.0
,,,,,,,,,,,1097.0,1480.0,,,,3424.0,,,2419.0,,315.0,,,3424.0
,,,,,,,,,,,2480.0,2891.0,,,,37.0,,,3424.0,,2579.0,,,37.0
,,,,,,,,,,,3492.0,2897.0,,,,1247.0,,,37.0,,1036.0,,,1247.0
,,,,,,,,,,,315.0,1195.0,,,,1437.0,,,1247.0,,1804.0,,,1437.0
,,,,,,,,,,,2579.0,575.0,,,,1854.0,,,1437.0,,3665.0,,,1854.0
,,,,,,,,,,,1036.0,2160.0,,,,3504.0,,,1854.0,,335.0,,,3504.0
,,,,,,,,,,,1804.0,2698.0,,,,3585.0,,,3504.0,,118.0,,,3585.0
,,,,,,,,,,,3665.0,3339.0,,,,907.0,,,3585.0,,233.0,,,907.0
,,,,,,,,,,,335.0,607.0,,,,1502.0,,,907.0,,504.0,,,1502.0
,,,,,,,,,,,118.0,1989.0,,,,2977.0,,,1502.0,,516.0,,,2977.0
,,,,,,,,,,,233.0,1158.0,,,,764.0,,,2977.0,,800.0,,,764.0
,,,,,,,,,,,504.0,2054.0,,,,1338.0,,,764.0,,801.0,,,1338.0
,,,,,,,,,,,516.0,2213.0,,,,1617.0,,,1338.0,,1079.0,,,1617.0
,,,,,,,,,,,800.0,2759.0,,,,2150.0,,,1617.0,,1434.0,,,2150.0
,,,,,,,,,,,801.0,3431.0,,,,3026.0,,,2150.0,,1462.0,,,3026.0
,,,,,,,,,,,1079.0,678.0,,,,1776.0,,,3026.0,,1651.0,,,1776.0
,,,,,,,,,,,1434.0,825.0,,,,2889.0,,,1776.0,,1678.0,,,2889.0
,,,,,,,,,,,1462.0,955.0,,,,2816.0,,,2889.0,,1752.0,,,2816.0
,,,,,,,,,,,1651.0,969.0,,,,1268.0,,,2816.0,,1931.0,,,1268.0
,,,,,,,,,,,1678.0,1337.0,,,,3278.0,,,1268.0,,2020.0,,,3278.0
,,,,,,,,,,,1752.0,2215.0,,,,298.0,,,3278.0,,2273.0,,,298.0
,,,,,,,,,,,1931.0,2560.0,,,,3668.0,,,298.0,,2304.0,,,3668.0
,,,,,,,,,,,2020.0,2633.0,,,,915.0,,,3668.0,,2953.0,,,915.0
,,,,,,,,,,,2273.0,3178.0,,,,1345.0,,,915.0,,3639.0,,,1345.0
,,,,,,,,,,,2304.0,3595.0,,,,2837.0,,,1345.0,,1649.0,,,2837.0
,,,,,,,,,,,2953.0,3596.0,,,,1052.0,,,2837.0,,3158.0,,,1052.0
,,,,,,,,,,,3639.0,3100.0,,,,887.0,,,1052.0,,632.0,,,887.0
,,,,,,,,,,,1649.0,343.0,,,,1518.0,,,887.0,,1040.0,,,1518.0
,,,,,,,,,,,3158.0,1640.0,,,,1528.0,,,1518.0,,2413.0,,,1528.0
,,,,,,,,,,,632.0,1045.0,,,,1661.0,,,1528.0,,2897.0,,,1661.0
,,,,,,,,,,,1040.0,1614.0,,,,2087.0,,,1661.0,,575.0,,,2087.0
,,,,,,,,,,,2413.0,3129.0,,,,2639.0,,,2087.0,,700.0,,,2639.0
,,,,,,,,,,,2897.0,889.0,,,,3443.0,,,2639.0,,2160.0,,,3443.0
,,,,,,,,,,,575.0,2494.0,,,,1018.0,,,3443.0,,2698.0,,,1018.0
,,,,,,,,,,,700.0,69.0,,,,2152.0,,,1018.0,,3339.0,,,2152.0
,,,,,,,,,,,2160.0,1919.0,,,,2985.0,,,2152.0,,607.0,,,2985.0
,,,,,,,,,,,2698.0,2580.0,,,,772.0,,,2985.0,,1158.0,,,772.0
,,,,,,,,,,,3339.0,3338.0,,,,1639.0,,,772.0,,1354.0,,,1639.0
,,,,,,,,,,,607.0,739.0,,,,3031.0,,,1639.0,,1399.0,,,3031.0
,,,,,,,,,,,1158.0,1555.0,,,,1837.0,,,3031.0,,2054.0,,,1837.0
,,,,,,,,,,,1354.0,1920.0,,,,2781.0,,,1837.0,,2213.0,,,2781.0
,,,,,,,,,,,1399.0,2287.0,,,,3667.0,,,2781.0,,2337.0,,,3667.0
,,,,,,,,,,,2054.0,2640.0,,,,1468.0,,,3667.0,,2759.0,,,1468.0
,,,,,,,,,,,2213.0,3254.0,,,,3080.0,,,1468.0,,3431.0,,,3080.0
,,,,,,,,,,,2337.0,3444.0,,,,767.0,,,3080.0,,678.0,,,767.0
,,,,,,,,,,,2759.0,408.0,,,,1187.0,,,767.0,,825.0,,,1187.0
,,,,,,,,,,,3431.0,798.0,,,,1123.0,,,1187.0,,834.0,,,1123.0
,,,,,,,,,,,678.0,2393.0,,,,1662.0,,,1123.0,,1148.0,,,1662.0
,,,,,,,,,,,825.0,2888.0,,,,2070.0,,,1662.0,,1337.0,,,2070.0
,,,,,,,,,,,834.0,345.0,,,,3475.0,,,2070.0,,2215.0,,,3475.0
,,,,,,,,,,,1148.0,2955.0,,,,2547.0,,,3475.0,,2560.0,,,2547.0
,,,,,,,,,,,1337.0,1677.0,,,,3623.0,,,2547.0,,3178.0,,,3623.0
,,,,,,,,,,,2215.0,3509.0,,,,1848.0,,,3623.0,,3595.0,,,1848.0
,,,,,,,,,,,2560.0,1744.0,,,,108.0,,,1848.0,,3596.0,,,108.0
,,,,,,,,,,,3178.0,3279.0,,,,1110.0,,,108.0,,1930.0,,,1110.0
,,,,,,,,,,,3595.0,2946.0,,,,1964.0,,,1110.0,,3100.0,,,1964.0
,,,,,,,,,,,3596.0,452.0,,,,2017.0,,,1964.0,,3519.0,,,2017.0
,,,,,,,,,,,1930.0,630.0,,,,2123.0,,,2017.0,,1910.0,,,2123.0
,,,,,,,,,,,3100.0,701.0,,,,3463.0,,,2123.0,,343.0,,,3463.0
,,,,,,,,,,,3519.0,810.0,,,,520.0,,,3463.0,,1640.0,,,520.0
,,,,,,,,,,,1910.0,1366.0,,,,1619.0,,,520.0,,2685.0,,,1619.0
,,,,,,,,,,,343.0,3268.0,,,,3090.0,,,1619.0,,1045.0,,,3090.0
,,,,,,,,,,,1640.0,3345.0,,,,3112.0,,,3090.0,,1614.0,,,3112.0
,,,,,,,,,,,2685.0,3437.0,,,,703.0,,,3112.0,,3129.0,,,703.0
,,,,,,,,,,,1045.0,44.0,,,,886.0,,,703.0,,3157.0,,,886.0
,,,,,,,,,,,1614.0,451.0,,,,1397.0,,,886.0,,3159.0,,,1397.0
,,,,,,,,,,,3129.0,1196.0,,,,1724.0,,,1397.0,,3526.0,,,1724.0
,,,,,,,,,,,3157.0,1913.0,,,,1886.0,,,1724.0,,3653.0,,,1886.0
,,,,,,,,,,,3159.0,2644.0,,,,2498.0,,,1886.0,,3801.0,,,2498.0
,,,,,,,,,,,3526.0,2143.0,,,,2656.0,,,2498.0,,69.0,,,2656.0
,,,,,,,,,,,3653.0,1441.0,,,,2882.0,,,2656.0,,1919.0,,,2882.0
,,,,,,,,,,,3801.0,3048.0,,,,2980.0,,,2882.0,,2207.0,,,2980.0
,,,,,,,,,,,69.0,364.0,,,,3542.0,,,2980.0,,2580.0,,,3542.0
,,,,,,,,,,,1919.0,709.0,,,,3607.0,,,3542.0,,3338.0,,,3607.0
,,,,,,,,,,,2207.0,1615.0,,,,3691.0,,,3607.0,,739.0,,,3691.0
,,,,,,,,,,,2580.0,2044.0,,,,369.0,,,3691.0,,1555.0,,,369.0
,,,,,,,,,,,3338.0,2223.0,,,,970.0,,,369.0,,1920.0,,,970.0
,,,,,,,,,,,739.0,3228.0,,,,1403.0,,,970.0,,2640.0,,,1403.0
,,,,,,,,,,,1555.0,3271.0,,,,2561.0,,,1403.0,,3254.0,,,2561.0
,,,,,,,,,,,1920.0,3316.0,,,,3364.0,,,2561.0,,3444.0,,,3364.0
,,,,,,,,,,,2640.0,1014.0,,,,1387.0,,,3364.0,,798.0,,,1387.0
,,,,,,,,,,,3254.0,1015.0,,,,1621.0,,,1387.0,,2393.0,,,1686.0
,,,,,,,,,,,3444.0,1376.0,,,,1686.0,,,1621.0,,345.0,,,2084.0
,,,,,,,,,,,798.0,1567.0,,,,2084.0,,,1686.0,,1306.0,,,3225.0
,,,,,,,,,,,2393.0,1802.0,,,,3225.0,,,2084.0,,1764.0,,,3588.0
,,,,,,,,,,,345.0,2134.0,,,,3588.0,,,3225.0,,2955.0,,,3743.0
,,,,,,,,,,,1306.0,66.0,,,,3743.0,,,3588.0,,1084.0,,,563.0
,,,,,,,,,,,1764.0,827.0,,,,563.0,,,3743.0,,2779.0,,,828.0
,,,,,,,,,,,2955.0,1582.0,,,,828.0,,,563.0,,2886.0,,,2025.0
,,,,,,,,,,,1084.0,1803.0,,,,2025.0,,,828.0,,1744.0,,,2157.0
,,,,,,,,,,,2779.0,3029.0,,,,2157.0,,,2025.0,,2368.0,,,587.0
,,,,,,,,,,,2886.0,50.0,,,,587.0,,,2157.0,,3279.0,,,1300.0
,,,,,,,,,,,1744.0,734.0,,,,1300.0,,,587.0,,3007.0,,,1730.0
,,,,,,,,,,,2368.0,2470.0,,,,1730.0,,,1300.0,,452.0,,,3457.0
,,,,,,,,,,,3279.0,29.0,,,,3457.0,,,1730.0,,810.0,,,3552.0
,,,,,,,,,,,3007.0,31.0,,,,3552.0,,,3457.0,,3268.0,,,
,,,,,,,,,,,452.0,294.0,,,,,,,3552.0,,3345.0,,,
,,,,,,,,,,,810.0,601.0,,,,,,,,,3437.0,,,
,,,,,,,,,,,3268.0,642.0,,,,,,,,,451.0,,,
,,,,,,,,,,,3345.0,2419.0,,,,,,,,,1196.0,,,
,,,,,,,,,,,3437.0,3424.0,,,,,,,,,1913.0,,,
,,,,,,,,,,,451.0,37.0,,,,,,,,,364.0,,,
,,,,,,,,,,,1196.0,1247.0,,,,,,,,,709.0,,,
,,,,,,,,,,,1913.0,1437.0,,,,,,,,,1615.0,,,
,,,,,,,,,,,364.0,1854.0,,,,,,,,,2044.0,,,
,,,,,,,,,,,709.0,3504.0,,,,,,,,,3155.0,,,
,,,,,,,,,,,1615.0,3585.0,,,,,,,,,3271.0,,,
,,,,,,,,,,,2044.0,907.0,,,,,,,,,543.0,,,
,,,,,,,,,,,3155.0,1502.0,,,,,,,,,1376.0,,,
,,,,,,,,,,,3271.0,2977.0,,,,,,,,,1572.0,,,
,,,,,,,,,,,543.0,764.0,,,,,,,,,1802.0,,,
,,,,,,,,,,,1376.0,1338.0,,,,,,,,,2134.0,,,
,,,,,,,,,,,1572.0,1617.0,,,,,,,,,2374.0,,,
,,,,,,,,,,,1802.0,2150.0,,,,,,,,,3134.0,,,
,,,,,,,,,,,2134.0,3026.0,,,,,,,,,49.0,,,
,,,,,,,,,,,2374.0,1776.0,,,,,,,,,66.0,,,
,,,,,,,,,,,3134.0,2889.0,,,,,,,,,878.0,,,
,,,,,,,,,,,49.0,2816.0,,,,,,,,,1582.0,,,
,,,,,,,,,,,66.0,1268.0,,,,,,,,,1803.0,,,
,,,,,,,,,,,878.0,3278.0,,,,,,,,,3029.0,,,
,,,,,,,,,,,1582.0,298.0,,,,,,,,,3802.0,,,
,,,,,,,,,,,1803.0,915.0,,,,,,,,,50.0,,,
,,,,,,,,,,,3029.0,1345.0,,,,,,,,,734.0,,,
,,,,,,,,,,,3802.0,2837.0,,,,,,,,,2470.0,,,
,,,,,,,,,,,50.0,1052.0,,,,,,,,,29.0,,,
,,,,,,,,,,,734.0,887.0,,,,,,,,,31.0,,,
,,,,,,,,,,,2470.0,1518.0,,,,,,,,,294.0,,,
,,,,,,,,,,,29.0,1528.0,,,,,,,,,601.0,,,
,,,,,,,,,,,31.0,1661.0,,,,,,,,,642.0,,,
,,,,,,,,,,,294.0,2087.0,,,,,,,,,2419.0,,,
,,,,,,,,,,,601.0,2639.0,,,,,,,,,3424.0,,,
,,,,,,,,,,,642.0,3443.0,,,,,,,,,664.0,,,
,,,,,,,,,,,2419.0,1018.0,,,,,,,,,1247.0,,,
,,,,,,,,,,,3424.0,2152.0,,,,,,,,,1437.0,,,
,,,,,,,,,,,664.0,2985.0,,,,,,,,,2496.0,,,
,,,,,,,,,,,1247.0,772.0,,,,,,,,,3081.0,,,
,,,,,,,,,,,1437.0,1639.0,,,,,,,,,3156.0,,,
,,,,,,,,,,,2496.0,3031.0,,,,,,,,,3504.0,,,
,,,,,,,,,,,3081.0,1837.0,,,,,,,,,675.0,,,
,,,,,,,,,,,3156.0,2781.0,,,,,,,,,3585.0,,,
,,,,,,,,,,,3504.0,1468.0,,,,,,,,,354.0,,,
,,,,,,,,,,,675.0,3080.0,,,,,,,,,907.0,,,
,,,,,,,,,,,3585.0,767.0,,,,,,,,,1647.0,,,
,,,,,,,,,,,354.0,1187.0,,,,,,,,,2977.0,,,
,,,,,,,,,,,907.0,1123.0,,,,,,,,,2636.0,,,
,,,,,,,,,,,1647.0,1662.0,,,,,,,,,645.0,,,
,,,,,,,,,,,2977.0,2070.0,,,,,,,,,1242.0,,,
,,,,,,,,,,,2636.0,3475.0,,,,,,,,,1617.0,,,
,,,,,,,,,,,645.0,2547.0,,,,,,,,,2150.0,,,
,,,,,,,,,,,1242.0,3623.0,,,,,,,,,2408.0,,,
,,,,,,,,,,,1617.0,1848.0,,,,,,,,,1776.0,,,
,,,,,,,,,,,2150.0,108.0,,,,,,,,,2816.0,,,
,,,,,,,,,,,2408.0,1110.0,,,,,,,,,1268.0,,,
,,,,,,,,,,,1776.0,1964.0,,,,,,,,,3278.0,,,
,,,,,,,,,,,2816.0,2017.0,,,,,,,,,3442.0,,,
,,,,,,,,,,,1268.0,2123.0,,,,,,,,,362.0,,,
,,,,,,,,,,,3278.0,3463.0,,,,,,,,,1941.0,,,
,,,,,,,,,,,3442.0,520.0,,,,,,,,,368.0,,,
,,,,,,,,,,,362.0,1619.0,,,,,,,,,1891.0,,,
,,,,,,,,,,,1941.0,3090.0,,,,,,,,,3668.0,,,
,,,,,,,,,,,368.0,3112.0,,,,,,,,,868.0,,,
,,,,,,,,,,,1891.0,703.0,,,,,,,,,1979.0,,,
,,,,,,,,,,,3668.0,886.0,,,,,,,,,2837.0,,,
,,,,,,,,,,,868.0,1397.0,,,,,,,,,1753.0,,,
,,,,,,,,,,,1979.0,1724.0,,,,,,,,,941.0,,,
,,,,,,,,,,,2837.0,1886.0,,,,,,,,,1852.0,,,
,,,,,,,,,,,1753.0,2498.0,,,,,,,,,1890.0,,,
,,,,,,,,,,,941.0,2656.0,,,,,,,,,1528.0,,,
,,,,,,,,,,,1852.0,2882.0,,,,,,,,,1661.0,,,
,,,,,,,,,,,1890.0,2980.0,,,,,,,,,2087.0,,,
,,,,,,,,,,,1528.0,3607.0,,,,,,,,,2639.0,,,
,,,,,,,,,,,1661.0,3691.0,,,,,,,,,3443.0,,,
,,,,,,,,,,,2087.0,369.0,,,,,,,,,1018.0,,,
,,,,,,,,,,,2639.0,970.0,,,,,,,,,2209.0,,,
,,,,,,,,,,,3443.0,1403.0,,,,,,,,,3693.0,,,
,,,,,,,,,,,1018.0,2561.0,,,,,,,,,2985.0,,,
,,,,,,,,,,,2209.0,3364.0,,,,,,,,,772.0,,,
,,,,,,,,,,,3693.0,1387.0,,,,,,,,,1639.0,,,
,,,,,,,,,,,2985.0,1621.0,,,,,,,,,3031.0,,,
,,,,,,,,,,,772.0,1686.0,,,,,,,,,3667.0,,,
,,,,,,,,,,,1639.0,2084.0,,,,,,,,,1468.0,,,
,,,,,,,,,,,3031.0,3225.0,,,,,,,,,1944.0,,,
,,,,,,,,,,,3667.0,3588.0,,,,,,,,,3080.0,,,
,,,,,,,,,,,1468.0,3743.0,,,,,,,,,183.0,,,
,,,,,,,,,,,1944.0,563.0,,,,,,,,,2130.0,,,
,,,,,,,,,,,3080.0,828.0,,,,,,,,,2476.0,,,
,,,,,,,,,,,183.0,2157.0,,,,,,,,,3603.0,,,
,,,,,,,,,,,2130.0,587.0,,,,,,,,,1629.0,,,
,,,,,,,,,,,2476.0,1300.0,,,,,,,,,3475.0,,,
,,,,,,,,,,,3603.0,1730.0,,,,,,,,,3621.0,,,
,,,,,,,,,,,1629.0,3457.0,,,,,,,,,2547.0,,,
,,,,,,,,,,,3475.0,3552.0,,,,,,,,,2254.0,,,
,,,,,,,,,,,3621.0,,,,,,,,,,103.0,,,
,,,,,,,,,,,2547.0,,,,,,,,,,108.0,,,
,,,,,,,,,,,2254.0,,,,,,,,,,2017.0,,,
,,,,,,,,,,,103.0,,,,,,,,,,2062.0,,,
,,,,,,,,,,,108.0,,,,,,,,,,2123.0,,,
,,,,,,,,,,,2017.0,,,,,,,,,,2758.0,,,
,,,,,,,,,,,2062.0,,,,,,,,,,2909.0,,,
,,,,,,,,,,,2123.0,,,,,,,,,,3463.0,,,
,,,,,,,,,,,2758.0,,,,,,,,,,363.0,,,
,,,,,,,,,,,2909.0,,,,,,,,,,520.0,,,
,,,,,,,,,,,3463.0,,,,,,,,,,397.0,,,
,,,,,,,,,,,363.0,,,,,,,,,,1397.0,,,
,,,,,,,,,,,520.0,,,,,,,,,,1817.0,,,
,,,,,,,,,,,397.0,,,,,,,,,,1886.0,,,
,,,,,,,,,,,1397.0,,,,,,,,,,1981.0,,,
,,,,,,,,,,,1817.0,,,,,,,,,,1997.0,,,
,,,,,,,,,,,1886.0,,,,,,,,,,2434.0,,,
,,,,,,,,,,,1981.0,,,,,,,,,,2498.0,,,
,,,,,,,,,,,1997.0,,,,,,,,,,2791.0,,,
,,,,,,,,,,,2434.0,,,,,,,,,,2882.0,,,
,,,,,,,,,,,2498.0,,,,,,,,,,3542.0,,,
,,,,,,,,,,,2791.0,,,,,,,,,,3607.0,,,
,,,,,,,,,,,2882.0,,,,,,,,,,3691.0,,,
,,,,,,,,,,,3542.0,,,,,,,,,,3715.0,,,
,,,,,,,,,,,3607.0,,,,,,,,,,232.0,,,
,,,,,,,,,,,3691.0,,,,,,,,,,369.0,,,
,,,,,,,,,,,3715.0,,,,,,,,,,1403.0,,,
,,,,,,,,,,,232.0,,,,,,,,,,1971.0,,,
,,,,,,,,,,,369.0,,,,,,,,,,2146.0,,,
,,,,,,,,,,,1403.0,,,,,,,,,,2561.0,,,
,,,,,,,,,,,1971.0,,,,,,,,,,3364.0,,,
,,,,,,,,,,,2146.0,,,,,,,,,,1387.0,,,
,,,,,,,,,,,2561.0,,,,,,,,,,1621.0,,,
,,,,,,,,,,,3364.0,,,,,,,,,,1686.0,,,
,,,,,,,,,,,1387.0,,,,,,,,,,2084.0,,,
,,,,,,,,,,,1621.0,,,,,,,,,,3225.0,,,
,,,,,,,,,,,1686.0,,,,,,,,,,3588.0,,,
,,,,,,,,,,,2084.0,,,,,,,,,,3743.0,,,
,,,,,,,,,,,3225.0,,,,,,,,,,563.0,,,
,,,,,,,,,,,3588.0,,,,,,,,,,2025.0,,,
,,,,,,,,,,,3743.0,,,,,,,,,,2192.0,,,
,,,,,,,,,,,563.0,,,,,,,,,,2566.0,,,
,,,,,,,,,,,2025.0,,,,,,,,,,2745.0,,,
,,,,,,,,,,,2192.0,,,,,,,,,,3313.0,,,
,,,,,,,,,,,2566.0,,,,,,,,,,2157.0,,,
,,,,,,,,,,,2745.0,,,,,,,,,,587.0,,,
,,,,,,,,,,,3313.0,,,,,,,,,,992.0,,,
,,,,,,,,,,,2157.0,,,,,,,,,,1300.0,,,
,,,,,,,,,,,587.0,,,,,,,,,,1730.0,,,
,,,,,,,,,,,992.0,,,,,,,,,,3457.0,,,
,,,,,,,,,,,1300.0,,,,,,,,,,3552.0,,,
,,,,,,,,,,,1730.0,,,,,,,,,,,,,
,,,,,,,,,,,3457.0,,,,,,,,,,,,,
,,,,,,,,,,,3552.0,,,,,,,,,,,,,
