prot_pdb,lig_pdb,UniprotID,GeneID,LigandIDs,SMILES
2C64,2XFN,P27338,MAOB,FAD XCG C15,Cc1cc2nc3c(=O)[nH]c(=O)nc-3n(C[C@H](O)[C@H](O)[C@H](O)CO[P@@](=O)(O)O[P@](=O)(O)OC[C@H]3O[C@@H](n4cnc5c(N)ncnc54)[C@H](O)[C@@H]3O)c2cc1C c1ccc2oc(-c3ncc[nH]3)cc2c1 CCCCCCCCCCCC[N+](C)(C)CCCS(=O)(=O)O
2XFN,2C64,P27338,MAOB,MA0 FAD,C=C/C=[N+](\C)[C@@H]1CCc2ccc(O)cc21 Cc1cc2nc3c(=O)[nH]c(=O)nc-3n(C[C@H](O)[C@H](O)[C@H](O)CO[P@@](=O)(O)O[P@](=O)(O)OC[C@H]3O[C@@H](n4cnc5c(N)ncnc54)[C@H](O)[C@@H]3O)c2cc1C
1B3R,1KY4,P10760,AHCY,NAD,NC(=O)c1ccc[n+]([C@@H]2O[C@H](COP(=O)([O-])O[P@@](=O)(O)OC[C@H]3O[C@@H](n4cnc5c(N)ncnc54)[C@H](O)[C@@H]3O)[C@@H](O)[C@H]2O)c1
1KY4,1B3R,P10760,AHCY,NAD,NC(=O)c1ccc[n+]([C@@H]2O[C@H](COP(=O)([O-])O[P@@](=O)(O)OC[C@H]3O[C@@H](n4cnc5c(N)ncnc54)[C@H](O)[C@@H]3O)[C@@H](O)[C@H]2O)c1
3EML,3QAK,P29274,ADORA2A,UKA OLC,CCNC(=O)[C@H]1O[C@@H](n2cnc3c(NCC(c4ccccc4)c4ccccc4)nc(C(=O)NCCNC(=O)NC4CCN(c5ccccn5)CC4)nc32)[C@H](O)[C@@H]1O CCCCCCCC/C=C\CCCCCCCC(=O)OC[C@H](O)CO
3QAK,3EML,P29274,ADORA2A,ZMA STE SO4,Nc1nc(NCCc2ccc(O)cc2)nc2nc(-c3ccco3)nn12 CCCCCCCCCCCCCCCCCC(=O)O O=S(=O)([O-])[O-]
2E2B,2G2H,P00519,ABL1,P16,Cn1c(=O)c(-c2c(Cl)cccc2Cl)cc2cnc(Nc3cccc(CO)c3)nc21
2E2B,3KFA,P00519,ABL1,B91,Cc1cn(-c2cc(NC(=O)c3ccc(C)c(/C=C/n4cnc5c(NC6CC6)ncnc54)c3)cc(C(F)(F)F)c2)cn1
2E2B,1M52,P00519,ABL1,P17 MES,CSc1cccc(Nc2ncc3cc(-c4c(Cl)cccc4Cl)c(=O)n(C)c3n2)c1 O=S(=O)([O-])CC[NH+]1CCOCC1
2E2B,1FPU,P00519,ABL1,PRC,Cc1ccc(NC(=O)c2cccnc2)cc1Nc1nccc(-c2cccnc2)n1
2XYN,3UE4,P42684,ABL2,DB8,COc1cc(Nc2c(C#N)cnc3cc(OCCCN4CCN(C)CC4)c(OC)cc23)c(Cl)cc1Cl
2XYN,2E2B,P42684,ABL2,406,Cc1ccc(NC(=O)c2ccc(CN3CC[C@H](N(C)C)C3)c(C(F)(F)F)c2)cc1Nc1nccc(-c2cncnc2)n1
2XYN,1FPU,P42684,ABL2,PRC,Cc1ccc(NC(=O)c2cccnc2)cc1Nc1nccc(-c2cccnc2)n1
2HZ0,3HMI,P00519,ABL1,DKI,Nc1nc(Nc2ccc(S(N)(=O)=O)cc2)nn1C(=S)Nc1c(F)cccc1F
2HZ0,2E2B,P00519,ABL1,406,Cc1ccc(NC(=O)c2ccc(CN3CC[C@H](N(C)C)C3)c(C(F)(F)F)c2)cc1Nc1nccc(-c2cncnc2)n1
2HZ0,4TWP,P00519,ABL1,AXI NI NA,CNC(=O)c1ccccc1Sc1ccc2c(/C=C/c3ccccn3)n[nH]c2c1 [Ni+2] [Na+]
2G2I,2HIW,P00519,ABL1,7MP,Cc1ccc(NC(=O)c2cccc(C(F)(F)F)c2)cc1-n1cc2cnc(N)nc2[n+](C)c1=O
2G2I,3QRK,P00519,ABL1,9DP,CC(C)(C)c1cc(NC(=O)Nc2cccc(Cl)c2Cl)n(-c2ccc3c(c2)C[C@@H](C(=O)O)NC3)n1
3UE4,3GVU,P00519,ABL1,STI,Cc1ccc(NC(=O)c2ccc(CN3CCN(C)CC3)cc2)cc1Nc1nccc(-c2cccnc2)n1
3UE4,2G1T,P00519,ABL1,MG 112,[Mg+2] NC(=O)CS[P@](=O)(O)O[P@@](=O)(O)O[P@@](=O)(O)OC[C@H]1O[C@@H](n2cnc3c(N)ncnc32)[C@H](O)[C@@H]1O
3UE4,3CS9,P00519,ABL1,NIL,Cc1cn(-c2cc(NC(=O)c3ccc(C)c(Nc4nccc(-c5cccnc5)n4)c3)cc(C(F)(F)F)c2)cn1
3PYY,2V7A,P00519,ABL1,MG 627,[Mg+2] CO[C@@H](C(=O)N1Cc2[nH]nc(NC(=O)c3ccc(N4CCN(C)CC4)cc3)c2C1)c1ccccc1
3PYY,2G2I,P00519,ABL1,ADP,Nc1ncnc2c1ncn2[C@@H]1O[C@H](CO[P@](=O)(O)OP(=O)(O)O)[C@@H](O)[C@H]1O
3PYY,3UE4,P00519,ABL1,DB8,COc1cc(Nc2c(C#N)cnc3cc(OCCCN4CCN(C)CC4)c(OC)cc23)c(Cl)cc1Cl
3PYY,2G2H,P00519,ABL1,P16,Cn1c(=O)c(-c2c(Cl)cccc2Cl)cc2cnc(Nc3cccc(CO)c3)nc21
2F4J,3GVU,P00519,ABL1,STI,Cc1ccc(NC(=O)c2ccc(CN3CCN(C)CC3)cc2)cc1Nc1nccc(-c2cccnc2)n1
2F4J,2HZ0,P00519,ABL1,GIN,CCCc1ccc(NC(=O)c2ccccc2NCc2ccc(=O)[nH]c2)cc1C(F)(F)F
2F4J,4TWP,P00519,ABL1,AXI NI NA,CNC(=O)c1ccccc1Sc1ccc2c(/C=C/c3ccccn3)n[nH]c2c1 [Ni+2] [Na+]
4TWP,2G2I,P00519,ABL1,ADP,Nc1ncnc2c1ncn2[C@@H]1O[C@H](CO[P@](=O)(O)OP(=O)(O)O)[C@@H](O)[C@H]1O
4TWP,3HMI,P00519,ABL1,DKI,Nc1nc(Nc2ccc(S(N)(=O)=O)cc2)nn1C(=S)Nc1c(F)cccc1F
4XLI,5HU9,Q4JIM5,ABL2,CL EDO 66K,[Cl-] OCCO Cc1ccc(NC(=O)c2ccc(CN3CCN(C)CC3)c(C(F)(F)F)c2)cc1OC1CCN(C(=O)c2cccnc2)CC1
4XLI,3KFA,Q4JIM5,ABL2,B91,Cc1cn(-c2cc(NC(=O)c3ccc(C)c(/C=C/n4cnc5c(NC6CC6)ncnc54)c3)cc(C(F)(F)F)c2)cn1
2QOH,3OY3,P00520,ABL1,XY3,Cc1ccc(C(=O)Nc2ccc(CN3CCN(CCO)CC3)c(C(F)(F)F)c2)cc1C#Cc1cnc(C(N)=O)n1C
2QOH,1M52,P00520,ABL1,P17 MES,CSc1cccc(Nc2ncc3cc(-c4c(Cl)cccc4Cl)c(=O)n(C)c3n2)c1 O=S(=O)([O-])CC[NH+]1CCOCC1
2HIW,2XYN,P00519,ABL1,NA VX6 CL,[Na+] Cc1cc(Nc2cc(N3CCN(C)CC3)nc(Sc3ccc(NC(=O)C4CC4)cc3)n2)[nH]n1 [Cl-]
2HIW,3KFA,P00519,ABL1,B91,Cc1cn(-c2cc(NC(=O)c3ccc(C)c(/C=C/n4cnc5c(NC6CC6)ncnc54)c3)cc(C(F)(F)F)c2)cn1
2HIW,3HMI,P00519,ABL1,DKI,Nc1nc(Nc2ccc(S(N)(=O)=O)cc2)nn1C(=S)Nc1c(F)cccc1F
2G2H,3QRI,P00519,ABL1,NA 919,[Na+] CNC(=O)c1cc(Oc2ccc(NC(=O)Nc3cc(C(C)(C)C)nn3-c3ccc4ncccc4c3)c(F)c2)ccn1
2HZN,3DK6,P00520,ABL1,SX7,CCn1nccc1-c1c[nH]c2ncc(-c3ccc(N)c(C(=O)N(C)C)c3)cc12
2HZN,3UE4,P00520,ABL1,DB8,COc1cc(Nc2c(C#N)cnc3cc(OCCCN4CCN(C)CC4)c(OC)cc23)c(Cl)cc1Cl
2HZN,3KF4,P00520,ABL1,B90,Cc1ccc2[nH]ncc2c1/C=C/n1cnc2c(Nc3ccc(P(C)(C)=O)cc3)ncnc21
2HZN,3CS9,P00520,ABL1,NIL,Cc1cn(-c2cc(NC(=O)c3ccc(C)c(Nc4nccc(-c5cccnc5)n4)c3)cc(C(F)(F)F)c2)cn1
4ZOG,2V7A,P00519,ABL1,MG 627,[Mg+2] CO[C@@H](C(=O)N1Cc2[nH]nc(NC(=O)c3ccc(N4CCN(C)CC4)cc3)c2C1)c1ccccc1
2G1T,5HU9,P00519,ABL1,CL EDO 66K,[Cl-] OCCO Cc1ccc(NC(=O)c2ccc(CN3CCN(C)CC3)c(C(F)(F)F)c2)cc1OC1CCN(C(=O)c2cccnc2)CC1
2G1T,2HZN,P00519,ABL1,KIN,O=C(Nc1ccc(Oc2ccncc2)cc1)Nc1cccc(C(F)(F)F)c1
2HYY,5HU9,P00519,ABL1,CL EDO 66K,[Cl-] OCCO Cc1ccc(NC(=O)c2ccc(CN3CCN(C)CC3)c(C(F)(F)F)c2)cc1OC1CCN(C(=O)c2cccnc2)CC1
2HYY,2HZ0,P00519,ABL1,GIN,CCCc1ccc(NC(=O)c2ccccc2NCc2ccc(=O)[nH]c2)cc1C(F)(F)F
2HYY,3QRK,P00519,ABL1,9DP,CC(C)(C)c1cc(NC(=O)Nc2cccc(Cl)c2Cl)n(-c2ccc3c(c2)C[C@@H](C(=O)O)NC3)n1
2Z60,2G2H,P00520,ABL1,P16,Cn1c(=O)c(-c2c(Cl)cccc2Cl)cc2cnc(Nc3cccc(CO)c3)nc21
2Z60,2HZ0,P00520,ABL1,GIN,CCCc1ccc(NC(=O)c2ccccc2NCc2ccc(=O)[nH]c2)cc1C(F)(F)F
2Z60,3HMI,P00520,ABL1,DKI,Nc1nc(Nc2ccc(S(N)(=O)=O)cc2)nn1C(=S)Nc1c(F)cccc1F
2Z60,3KF4,P00520,ABL1,B90,Cc1ccc2[nH]ncc2c1/C=C/n1cnc2c(Nc3ccc(P(C)(C)=O)cc3)ncnc21
1FPU,3QRK,P00520,ABL1,9DP,CC(C)(C)c1cc(NC(=O)Nc2cccc(Cl)c2Cl)n(-c2ccc3c(c2)C[C@@H](C(=O)O)NC3)n1
2HZI,2G2I,P00519,ABL1,ADP,Nc1ncnc2c1ncn2[C@@H]1O[C@H](CO[P@](=O)(O)OP(=O)(O)O)[C@@H](O)[C@H]1O
2HZI,3IK3,P00519,ABL1,0LI,Cc1ccc(C(=O)Nc2ccc(CN3CCN(C)CC3)c(C(F)(F)F)c2)cc1C#Cc1cnc2cccnn12
3QRJ,3GVU,P00519,ABL1,STI,Cc1ccc(NC(=O)c2ccc(CN3CCN(C)CC3)cc2)cc1Nc1nccc(-c2cccnc2)n1
3QRJ,3UE4,P00519,ABL1,DB8,COc1cc(Nc2c(C#N)cnc3cc(OCCCN4CCN(C)CC4)c(OC)cc23)c(Cl)cc1Cl
3QRJ,4TWP,P00519,ABL1,AXI NI NA,CNC(=O)c1ccccc1Sc1ccc2c(/C=C/c3ccccn3)n[nH]c2c1 [Ni+2] [Na+]
3OY3,2HZ0,P00520,ABL1,GIN,CCCc1ccc(NC(=O)c2ccccc2NCc2ccc(=O)[nH]c2)cc1C(F)(F)F
3OY3,2G1T,P00520,ABL1,MG 112,[Mg+2] NC(=O)CS[P@](=O)(O)O[P@@](=O)(O)O[P@@](=O)(O)OC[C@H]1O[C@@H](n2cnc3c(N)ncnc32)[C@H](O)[C@@H]1O
3OY3,4TWP,P00520,ABL1,AXI NI NA,CNC(=O)c1ccccc1Sc1ccc2c(/C=C/c3ccccn3)n[nH]c2c1 [Ni+2] [Na+]
3DK6,3GVU,P00520,ABL1,STI,Cc1ccc(NC(=O)c2ccc(CN3CCN(C)CC3)cc2)cc1Nc1nccc(-c2cccnc2)n1
3DK6,4YC8,P00520,ABL1,4B7 EDO MES,Cc1nc(Nc2ncc(C(=O)Nc3ccc(Oc4ccccc4)cc3)s2)cc(N2CCN(CCO)CC2)n1 OCCO O=S(=O)([O-])CC[NH+]1CCOCC1
3DK6,3KFA,P00520,ABL1,B91,Cc1cn(-c2cc(NC(=O)c3ccc(C)c(/C=C/n4cnc5c(NC6CC6)ncnc54)c3)cc(C(F)(F)F)c2)cn1
3DK6,2E2B,P00520,ABL1,406,Cc1ccc(NC(=O)c2ccc(CN3CC[C@H](N(C)C)C3)c(C(F)(F)F)c2)cc1Nc1nccc(-c2cncnc2)n1
4WA9,2E2B,P00519,ABL1,406,Cc1ccc(NC(=O)c2ccc(CN3CC[C@H](N(C)C)C3)c(C(F)(F)F)c2)cc1Nc1nccc(-c2cncnc2)n1
4WA9,2HZI,P00519,ABL1,JIN,Cc1cc(Nc2ncc3cc(-c4c(Cl)cccc4Cl)c(=O)n(C)c3n2)ccc1F
1M52,2V7A,P00520,ABL1,MG 627,[Mg+2] CO[C@@H](C(=O)N1Cc2[nH]nc(NC(=O)c3ccc(N4CCN(C)CC4)cc3)c2C1)c1ccccc1
1M52,2XYN,P00520,ABL1,NA VX6 CL,[Na+] Cc1cc(Nc2cc(N3CCN(C)CC3)nc(Sc3ccc(NC(=O)C4CC4)cc3)n2)[nH]n1 [Cl-]
1M52,2G2H,P00520,ABL1,P16,Cn1c(=O)c(-c2c(Cl)cccc2Cl)cc2cnc(Nc3cccc(CO)c3)nc21
1M52,2HZ0,P00520,ABL1,GIN,CCCc1ccc(NC(=O)c2ccccc2NCc2ccc(=O)[nH]c2)cc1C(F)(F)F
4YC8,2HZ0,P00519,ABL1,GIN,CCCc1ccc(NC(=O)c2ccccc2NCc2ccc(=O)[nH]c2)cc1C(F)(F)F
4YC8,2HZN,P00519,ABL1,KIN,O=C(Nc1ccc(Oc2ccncc2)cc1)Nc1cccc(C(F)(F)F)c1
3GVU,2GQG,P42684,ABL2,1N1 GOL,Cc1nc(Nc2ncc(C(=O)Nc3c(C)cccc3Cl)s2)cc(N2CCN(CCO)CC2)n1 OCC(O)CO
3HMI,3DK6,P42684,ABL2,SX7,CCn1nccc1-c1c[nH]c2ncc(-c3ccc(N)c(C(=O)N(C)C)c3)cc12
3HMI,2Z60,P42684,ABL2,P3Y,COc1ccccc1-c1c[nH]c2ncc(-c3cncc(C(=O)N(C)C)c3)cc12
3HMI,2HZ0,P42684,ABL2,GIN,CCCc1ccc(NC(=O)c2ccccc2NCc2ccc(=O)[nH]c2)cc1C(F)(F)F
3HMI,3CS9,P42684,ABL2,NIL,Cc1cn(-c2cc(NC(=O)c3ccc(C)c(Nc4nccc(-c5cccnc5)n4)c3)cc(C(F)(F)F)c2)cn1
3QRK,3QRI,P00519,ABL1,NA 919,[Na+] CNC(=O)c1cc(Oc2ccc(NC(=O)Nc3cc(C(C)(C)C)nn3-c3ccc4ncccc4c3)c(F)c2)ccn1
2V7A,2G2I,P00519,ABL1,ADP,Nc1ncnc2c1ncn2[C@@H]1O[C@H](CO[P@](=O)(O)OP(=O)(O)O)[C@@H](O)[C@H]1O
2V7A,2HIW,P00519,ABL1,7MP,Cc1ccc(NC(=O)c2cccc(C(F)(F)F)c2)cc1-n1cc2cnc(N)nc2[n+](C)c1=O
3DK7,4YC8,P00520,ABL1,4B7 EDO MES,Cc1nc(Nc2ncc(C(=O)Nc3ccc(Oc4ccccc4)cc3)s2)cc(N2CCN(CCO)CC2)n1 OCCO O=S(=O)([O-])CC[NH+]1CCOCC1
3DK7,2G1T,P00520,ABL1,MG 112,[Mg+2] NC(=O)CS[P@](=O)(O)O[P@@](=O)(O)O[P@@](=O)(O)OC[C@H]1O[C@@H](n2cnc3c(N)ncnc32)[C@H](O)[C@@H]1O
3MSS,3UE4,P00520,ABL1,DB8,COc1cc(Nc2c(C#N)cnc3cc(OCCCN4CCN(C)CC4)c(OC)cc23)c(Cl)cc1Cl
3MSS,1FPU,P00520,ABL1,PRC,Cc1ccc(NC(=O)c2cccnc2)cc1Nc1nccc(-c2cccnc2)n1
3IK3,4TWP,P00520,ABL1,AXI NI NA,CNC(=O)c1ccccc1Sc1ccc2c(/C=C/c3ccccn3)n[nH]c2c1 [Ni+2] [Na+]
2G2F,4YC8,P00519,ABL1,4B7 EDO MES,Cc1nc(Nc2ncc(C(=O)Nc3ccc(Oc4ccccc4)cc3)s2)cc(N2CCN(CCO)CC2)n1 OCCO O=S(=O)([O-])CC[NH+]1CCOCC1
2G2F,2XYN,P00519,ABL1,NA VX6 CL,[Na+] Cc1cc(Nc2cc(N3CCN(C)CC3)nc(Sc3ccc(NC(=O)C4CC4)cc3)n2)[nH]n1 [Cl-]
3QRI,5HU9,P00519,ABL1,CL EDO 66K,[Cl-] OCCO Cc1ccc(NC(=O)c2ccc(CN3CCN(C)CC3)c(C(F)(F)F)c2)cc1OC1CCN(C(=O)c2cccnc2)CC1
3QRI,3OY3,P00519,ABL1,XY3,Cc1ccc(C(=O)Nc2ccc(CN3CCN(CCO)CC3)c(C(F)(F)F)c2)cc1C#Cc1cnc(C(N)=O)n1C
3QRI,3CS9,P00519,ABL1,NIL,Cc1cn(-c2cc(NC(=O)c3ccc(C)c(Nc4nccc(-c5cccnc5)n4)c3)cc(C(F)(F)F)c2)cn1
5HU9,2V7A,P00519,ABL1,MG 627,[Mg+2] CO[C@@H](C(=O)N1Cc2[nH]nc(NC(=O)c3ccc(N4CCN(C)CC4)cc3)c2C1)c1ccccc1
5HU9,2G2I,P00519,ABL1,ADP,Nc1ncnc2c1ncn2[C@@H]1O[C@H](CO[P@](=O)(O)OP(=O)(O)O)[C@@H](O)[C@H]1O
5HU9,4YC8,P00519,ABL1,4B7 EDO MES,Cc1nc(Nc2ncc(C(=O)Nc3ccc(Oc4ccccc4)cc3)s2)cc(N2CCN(CCO)CC2)n1 OCCO O=S(=O)([O-])CC[NH+]1CCOCC1
5HU9,2Z60,P00519,ABL1,P3Y,COc1ccccc1-c1c[nH]c2ncc(-c3cncc(C(=O)N(C)C)c3)cc12
5HU9,2HZN,P00519,ABL1,KIN,O=C(Nc1ccc(Oc2ccncc2)cc1)Nc1cccc(C(F)(F)F)c1
5HU9,1FPU,P00519,ABL1,PRC,Cc1ccc(NC(=O)c2cccnc2)cc1Nc1nccc(-c2cccnc2)n1
3CS9,2GQG,P00519,ABL1,1N1 GOL,Cc1nc(Nc2ncc(C(=O)Nc3c(C)cccc3Cl)s2)cc(N2CCN(CCO)CC2)n1 OCC(O)CO
3CS9,2E2B,P00519,ABL1,406,Cc1ccc(NC(=O)c2ccc(CN3CC[C@H](N(C)C)C3)c(C(F)(F)F)c2)cc1Nc1nccc(-c2cncnc2)n1
3OXZ,3DK6,P00520,ABL1,SX7,CCn1nccc1-c1c[nH]c2ncc(-c3ccc(N)c(C(=O)N(C)C)c3)cc12
3OXZ,2XYN,P00520,ABL1,NA VX6 CL,[Na+] Cc1cc(Nc2cc(N3CCN(C)CC3)nc(Sc3ccc(NC(=O)C4CC4)cc3)n2)[nH]n1 [Cl-]
3DK3,3QRI,P00520,ABL1,NA 919,[Na+] CNC(=O)c1cc(Oc2ccc(NC(=O)Nc3cc(C(C)(C)C)nn3-c3ccc4ncccc4c3)c(F)c2)ccn1
3DK3,3KF4,P00520,ABL1,B90,Cc1ccc2[nH]ncc2c1/C=C/n1cnc2c(Nc3ccc(P(C)(C)=O)cc3)ncnc21
3KF4,3IK3,P00520,ABL1,0LI,Cc1ccc(C(=O)Nc2ccc(CN3CCN(C)CC3)c(C(F)(F)F)c2)cc1C#Cc1cnc2cccnn12
3KF4,2G2H,P00520,ABL1,P16,Cn1c(=O)c(-c2c(Cl)cccc2Cl)cc2cnc(Nc3cccc(CO)c3)nc21
3KF4,2GQG,P00520,ABL1,1N1 GOL,Cc1nc(Nc2ncc(C(=O)Nc3c(C)cccc3Cl)s2)cc(N2CCN(CCO)CC2)n1 OCC(O)CO
3BKL,4C2P,P12821,ACE,ZN CL X8Z ACT GOL,[Zn+2] [Cl-] C[C@H](CS)C(=O)N1CCC[C@H]1C(=O)O CC(=O)[O-] OCC(O)CO
3BKL,1UZF,P12821,ACE,NAG ZN MCO CL,CC(=O)N[C@@H]1[C@@H](O)[C@H](O)[C@@H](CO)O[C@H]1O [Zn+2] C[C@H](CS)C(=O)N1CCC[C@@H]1C(=O)O [Cl-]
3BKL,2YDM,P12821,ACE,ZN CL NAG SLC,[Zn+2] [Cl-] CC(=O)N[C@@H]1[C@@H](O)[C@H](O)[C@@H](CO)O[C@H]1O C=C(C[SeH])C(=O)N1CCC[C@H]1C(=O)O
3BKL,3L3N,P12821,ACE,ZN CL LSW,[Zn+2] [Cl-] NCCCC[C@H](N[C@@H](CCc1ccccc1)C(=O)O)C(=O)N[C@@H](Cc1c[nH]c2ccccc12)C(=O)O
3BKL,3BKK,P12821,ACE,NAG ZN CL KAF,CC(=O)N[C@@H]1[C@@H](O)[C@H](O)[C@@H](CO)O[C@H]1O [Zn+2] [Cl-] O=C(CCC(O)(O)[C@H](Cc1ccccc1)NC(=O)c1ccccc1)N[C@@H](Cc1ccccc1)C(=O)O
3BKL,4CA5,P12821,ACE,ZN CL ACT PEG 3EF NAG,[Zn+2] [Cl-] CC(=O)[O-] OCCOCCO O=C(N[C@@H](Cc1ccccc1)P(=O)(O)C[C@@H](Cc1cc(-c2ccccc2)no1)C(=O)N[C@@H](Cc1ccc(O)cc1)C(=O)O)OCc1ccccc1 CC(=O)N[C@@H]1[C@@H](O)[C@H](O)[C@@H](CO)O[C@H]1O
3BKL,2OC2,P12821,ACE,ZN CL RX3,[Zn+2] [Cl-] O=C(N[C@@H](Cc1ccccc1)[P@@](=O)(O)[C@@H]1CCC[C@H]1C(=O)N[C@@H](Cc1c[nH]c2ccccc12)C(=O)O)OCc1ccccc1
4C2P,1UZF,P12821,ACE,NAG ZN MCO CL,CC(=O)N[C@@H]1[C@@H](O)[C@H](O)[C@@H](CO)O[C@H]1O [Zn+2] C[C@H](CS)C(=O)N1CCC[C@@H]1C(=O)O [Cl-]
4C2P,2YDM,P12821,ACE,ZN CL NAG SLC,[Zn+2] [Cl-] CC(=O)N[C@@H]1[C@@H](O)[C@H](O)[C@@H](CO)O[C@H]1O C=C(C[SeH])C(=O)N1CCC[C@H]1C(=O)O
4C2P,3L3N,P12821,ACE,ZN CL LSW,[Zn+2] [Cl-] NCCCC[C@H](N[C@@H](CCc1ccccc1)C(=O)O)C(=O)N[C@@H](Cc1c[nH]c2ccccc12)C(=O)O
4C2P,3BKL,P12821,ACE,NAG ZN CL ACT KAW GOL,CC(=O)N[C@@H]1[C@@H](O)[C@H](O)[C@@H](CO)O[C@H]1O [Zn+2] [Cl-] CC(=O)[O-] O=C(CCC(O)(O)[C@H](Cc1ccccc1)NC(=O)c1ccccc1)N[C@@H](Cc1c[nH]c2ccccc12)C(=O)O OCC(O)CO
4C2P,3BKK,P12821,ACE,NAG ZN CL KAF,CC(=O)N[C@@H]1[C@@H](O)[C@H](O)[C@@H](CO)O[C@H]1O [Zn+2] [Cl-] O=C(CCC(O)(O)[C@H](Cc1ccccc1)NC(=O)c1ccccc1)N[C@@H](Cc1ccccc1)C(=O)O
4C2P,4CA5,P12821,ACE,ZN CL ACT PEG 3EF NAG,[Zn+2] [Cl-] CC(=O)[O-] OCCOCCO O=C(N[C@@H](Cc1ccccc1)P(=O)(O)C[C@@H](Cc1cc(-c2ccccc2)no1)C(=O)N[C@@H](Cc1ccc(O)cc1)C(=O)O)OCc1ccccc1 CC(=O)N[C@@H]1[C@@H](O)[C@H](O)[C@@H](CO)O[C@H]1O
4C2P,2OC2,P12821,ACE,ZN CL RX3,[Zn+2] [Cl-] O=C(N[C@@H](Cc1ccccc1)[P@@](=O)(O)[C@@H]1CCC[C@H]1C(=O)N[C@@H](Cc1c[nH]c2ccccc12)C(=O)O)OCc1ccccc1
2YDM,4C2P,P12821,ACE,ZN CL X8Z ACT GOL,[Zn+2] [Cl-] C[C@H](CS)C(=O)N1CCC[C@H]1C(=O)O CC(=O)[O-] OCC(O)CO
2YDM,1UZF,P12821,ACE,NAG ZN MCO CL,CC(=O)N[C@@H]1[C@@H](O)[C@H](O)[C@@H](CO)O[C@H]1O [Zn+2] C[C@H](CS)C(=O)N1CCC[C@@H]1C(=O)O [Cl-]
2YDM,3L3N,P12821,ACE,ZN CL LSW,[Zn+2] [Cl-] NCCCC[C@H](N[C@@H](CCc1ccccc1)C(=O)O)C(=O)N[C@@H](Cc1c[nH]c2ccccc12)C(=O)O
2YDM,3BKL,P12821,ACE,NAG ZN CL ACT KAW GOL,CC(=O)N[C@@H]1[C@@H](O)[C@H](O)[C@@H](CO)O[C@H]1O [Zn+2] [Cl-] CC(=O)[O-] O=C(CCC(O)(O)[C@H](Cc1ccccc1)NC(=O)c1ccccc1)N[C@@H](Cc1c[nH]c2ccccc12)C(=O)O OCC(O)CO
2YDM,3BKK,P12821,ACE,NAG ZN CL KAF,CC(=O)N[C@@H]1[C@@H](O)[C@H](O)[C@@H](CO)O[C@H]1O [Zn+2] [Cl-] O=C(CCC(O)(O)[C@H](Cc1ccccc1)NC(=O)c1ccccc1)N[C@@H](Cc1ccccc1)C(=O)O
2YDM,4CA5,P12821,ACE,ZN CL ACT PEG 3EF NAG,[Zn+2] [Cl-] CC(=O)[O-] OCCOCCO O=C(N[C@@H](Cc1ccccc1)P(=O)(O)C[C@@H](Cc1cc(-c2ccccc2)no1)C(=O)N[C@@H](Cc1ccc(O)cc1)C(=O)O)OCc1ccccc1 CC(=O)N[C@@H]1[C@@H](O)[C@H](O)[C@@H](CO)O[C@H]1O
2YDM,2OC2,P12821,ACE,ZN CL RX3,[Zn+2] [Cl-] O=C(N[C@@H](Cc1ccccc1)[P@@](=O)(O)[C@@H]1CCC[C@H]1C(=O)N[C@@H](Cc1c[nH]c2ccccc12)C(=O)O)OCc1ccccc1
1UZF,4C2P,P12821,ACE,ZN CL X8Z ACT GOL,[Zn+2] [Cl-] C[C@H](CS)C(=O)N1CCC[C@H]1C(=O)O CC(=O)[O-] OCC(O)CO
1UZF,2YDM,P12821,ACE,ZN CL NAG SLC,[Zn+2] [Cl-] CC(=O)N[C@@H]1[C@@H](O)[C@H](O)[C@@H](CO)O[C@H]1O C=C(C[SeH])C(=O)N1CCC[C@H]1C(=O)O
1UZF,3L3N,P12821,ACE,ZN CL LSW,[Zn+2] [Cl-] NCCCC[C@H](N[C@@H](CCc1ccccc1)C(=O)O)C(=O)N[C@@H](Cc1c[nH]c2ccccc12)C(=O)O
1UZF,3BKL,P12821,ACE,NAG ZN CL ACT KAW GOL,CC(=O)N[C@@H]1[C@@H](O)[C@H](O)[C@@H](CO)O[C@H]1O [Zn+2] [Cl-] CC(=O)[O-] O=C(CCC(O)(O)[C@H](Cc1ccccc1)NC(=O)c1ccccc1)N[C@@H](Cc1c[nH]c2ccccc12)C(=O)O OCC(O)CO
1UZF,3BKK,P12821,ACE,NAG ZN CL KAF,CC(=O)N[C@@H]1[C@@H](O)[C@H](O)[C@@H](CO)O[C@H]1O [Zn+2] [Cl-] O=C(CCC(O)(O)[C@H](Cc1ccccc1)NC(=O)c1ccccc1)N[C@@H](Cc1ccccc1)C(=O)O
1UZF,4CA5,P12821,ACE,ZN CL ACT PEG 3EF NAG,[Zn+2] [Cl-] CC(=O)[O-] OCCOCCO O=C(N[C@@H](Cc1ccccc1)P(=O)(O)C[C@@H](Cc1cc(-c2ccccc2)no1)C(=O)N[C@@H](Cc1ccc(O)cc1)C(=O)O)OCc1ccccc1 CC(=O)N[C@@H]1[C@@H](O)[C@H](O)[C@@H](CO)O[C@H]1O
1UZF,2OC2,P12821,ACE,ZN CL RX3,[Zn+2] [Cl-] O=C(N[C@@H](Cc1ccccc1)[P@@](=O)(O)[C@@H]1CCC[C@H]1C(=O)N[C@@H](Cc1c[nH]c2ccccc12)C(=O)O)OCc1ccccc1
4CA5,4C2P,P12821,ACE,ZN CL X8Z ACT GOL,[Zn+2] [Cl-] C[C@H](CS)C(=O)N1CCC[C@H]1C(=O)O CC(=O)[O-] OCC(O)CO
4CA5,1UZF,P12821,ACE,NAG ZN MCO CL,CC(=O)N[C@@H]1[C@@H](O)[C@H](O)[C@@H](CO)O[C@H]1O [Zn+2] C[C@H](CS)C(=O)N1CCC[C@@H]1C(=O)O [Cl-]
4CA5,2YDM,P12821,ACE,ZN CL NAG SLC,[Zn+2] [Cl-] CC(=O)N[C@@H]1[C@@H](O)[C@H](O)[C@@H](CO)O[C@H]1O C=C(C[SeH])C(=O)N1CCC[C@H]1C(=O)O
4CA5,3L3N,P12821,ACE,ZN CL LSW,[Zn+2] [Cl-] NCCCC[C@H](N[C@@H](CCc1ccccc1)C(=O)O)C(=O)N[C@@H](Cc1c[nH]c2ccccc12)C(=O)O
4CA5,3BKL,P12821,ACE,NAG ZN CL ACT KAW GOL,CC(=O)N[C@@H]1[C@@H](O)[C@H](O)[C@@H](CO)O[C@H]1O [Zn+2] [Cl-] CC(=O)[O-] O=C(CCC(O)(O)[C@H](Cc1ccccc1)NC(=O)c1ccccc1)N[C@@H](Cc1c[nH]c2ccccc12)C(=O)O OCC(O)CO
4CA5,3BKK,P12821,ACE,NAG ZN CL KAF,CC(=O)N[C@@H]1[C@@H](O)[C@H](O)[C@@H](CO)O[C@H]1O [Zn+2] [Cl-] O=C(CCC(O)(O)[C@H](Cc1ccccc1)NC(=O)c1ccccc1)N[C@@H](Cc1ccccc1)C(=O)O
4CA5,2OC2,P12821,ACE,ZN CL RX3,[Zn+2] [Cl-] O=C(N[C@@H](Cc1ccccc1)[P@@](=O)(O)[C@@H]1CCC[C@H]1C(=O)N[C@@H](Cc1c[nH]c2ccccc12)C(=O)O)OCc1ccccc1
2OC2,4C2P,P12821,ACE,ZN CL X8Z ACT GOL,[Zn+2] [Cl-] C[C@H](CS)C(=O)N1CCC[C@H]1C(=O)O CC(=O)[O-] OCC(O)CO
2OC2,1UZF,P12821,ACE,NAG ZN MCO CL,CC(=O)N[C@@H]1[C@@H](O)[C@H](O)[C@@H](CO)O[C@H]1O [Zn+2] C[C@H](CS)C(=O)N1CCC[C@@H]1C(=O)O [Cl-]
2OC2,2YDM,P12821,ACE,ZN CL NAG SLC,[Zn+2] [Cl-] CC(=O)N[C@@H]1[C@@H](O)[C@H](O)[C@@H](CO)O[C@H]1O C=C(C[SeH])C(=O)N1CCC[C@H]1C(=O)O
2OC2,3L3N,P12821,ACE,ZN CL LSW,[Zn+2] [Cl-] NCCCC[C@H](N[C@@H](CCc1ccccc1)C(=O)O)C(=O)N[C@@H](Cc1c[nH]c2ccccc12)C(=O)O
2OC2,3BKL,P12821,ACE,NAG ZN CL ACT KAW GOL,CC(=O)N[C@@H]1[C@@H](O)[C@H](O)[C@@H](CO)O[C@H]1O [Zn+2] [Cl-] CC(=O)[O-] O=C(CCC(O)(O)[C@H](Cc1ccccc1)NC(=O)c1ccccc1)N[C@@H](Cc1c[nH]c2ccccc12)C(=O)O OCC(O)CO
2OC2,3BKK,P12821,ACE,NAG ZN CL KAF,CC(=O)N[C@@H]1[C@@H](O)[C@H](O)[C@@H](CO)O[C@H]1O [Zn+2] [Cl-] O=C(CCC(O)(O)[C@H](Cc1ccccc1)NC(=O)c1ccccc1)N[C@@H](Cc1ccccc1)C(=O)O
2OC2,4CA5,P12821,ACE,ZN CL ACT PEG 3EF NAG,[Zn+2] [Cl-] CC(=O)[O-] OCCOCCO O=C(N[C@@H](Cc1ccccc1)P(=O)(O)C[C@@H](Cc1cc(-c2ccccc2)no1)C(=O)N[C@@H](Cc1ccc(O)cc1)C(=O)O)OCc1ccccc1 CC(=O)N[C@@H]1[C@@H](O)[C@H](O)[C@@H](CO)O[C@H]1O
3L3N,4C2P,P12821,ACE,ZN CL X8Z ACT GOL,[Zn+2] [Cl-] C[C@H](CS)C(=O)N1CCC[C@H]1C(=O)O CC(=O)[O-] OCC(O)CO
3L3N,1UZF,P12821,ACE,NAG ZN MCO CL,CC(=O)N[C@@H]1[C@@H](O)[C@H](O)[C@@H](CO)O[C@H]1O [Zn+2] C[C@H](CS)C(=O)N1CCC[C@@H]1C(=O)O [Cl-]
3L3N,2YDM,P12821,ACE,ZN CL NAG SLC,[Zn+2] [Cl-] CC(=O)N[C@@H]1[C@@H](O)[C@H](O)[C@@H](CO)O[C@H]1O C=C(C[SeH])C(=O)N1CCC[C@H]1C(=O)O
3L3N,3BKL,P12821,ACE,NAG ZN CL ACT KAW GOL,CC(=O)N[C@@H]1[C@@H](O)[C@H](O)[C@@H](CO)O[C@H]1O [Zn+2] [Cl-] CC(=O)[O-] O=C(CCC(O)(O)[C@H](Cc1ccccc1)NC(=O)c1ccccc1)N[C@@H](Cc1c[nH]c2ccccc12)C(=O)O OCC(O)CO
3L3N,3BKK,P12821,ACE,NAG ZN CL KAF,CC(=O)N[C@@H]1[C@@H](O)[C@H](O)[C@@H](CO)O[C@H]1O [Zn+2] [Cl-] O=C(CCC(O)(O)[C@H](Cc1ccccc1)NC(=O)c1ccccc1)N[C@@H](Cc1ccccc1)C(=O)O
3L3N,4CA5,P12821,ACE,ZN CL ACT PEG 3EF NAG,[Zn+2] [Cl-] CC(=O)[O-] OCCOCCO O=C(N[C@@H](Cc1ccccc1)P(=O)(O)C[C@@H](Cc1cc(-c2ccccc2)no1)C(=O)N[C@@H](Cc1ccc(O)cc1)C(=O)O)OCc1ccccc1 CC(=O)N[C@@H]1[C@@H](O)[C@H](O)[C@@H](CO)O[C@H]1O
3L3N,2OC2,P12821,ACE,ZN CL RX3,[Zn+2] [Cl-] O=C(N[C@@H](Cc1ccccc1)[P@@](=O)(O)[C@@H]1CCC[C@H]1C(=O)N[C@@H](Cc1c[nH]c2ccccc12)C(=O)O)OCc1ccccc1
3BKK,4C2P,P12821,ACE,ZN CL X8Z ACT GOL,[Zn+2] [Cl-] C[C@H](CS)C(=O)N1CCC[C@H]1C(=O)O CC(=O)[O-] OCC(O)CO
3BKK,1UZF,P12821,ACE,NAG ZN MCO CL,CC(=O)N[C@@H]1[C@@H](O)[C@H](O)[C@@H](CO)O[C@H]1O [Zn+2] C[C@H](CS)C(=O)N1CCC[C@@H]1C(=O)O [Cl-]
3BKK,2YDM,P12821,ACE,ZN CL NAG SLC,[Zn+2] [Cl-] CC(=O)N[C@@H]1[C@@H](O)[C@H](O)[C@@H](CO)O[C@H]1O C=C(C[SeH])C(=O)N1CCC[C@H]1C(=O)O
3BKK,3L3N,P12821,ACE,ZN CL LSW,[Zn+2] [Cl-] NCCCC[C@H](N[C@@H](CCc1ccccc1)C(=O)O)C(=O)N[C@@H](Cc1c[nH]c2ccccc12)C(=O)O
3BKK,3BKL,P12821,ACE,NAG ZN CL ACT KAW GOL,CC(=O)N[C@@H]1[C@@H](O)[C@H](O)[C@@H](CO)O[C@H]1O [Zn+2] [Cl-] CC(=O)[O-] O=C(CCC(O)(O)[C@H](Cc1ccccc1)NC(=O)c1ccccc1)N[C@@H](Cc1c[nH]c2ccccc12)C(=O)O OCC(O)CO
3BKK,4CA5,P12821,ACE,ZN CL ACT PEG 3EF NAG,[Zn+2] [Cl-] CC(=O)[O-] OCCOCCO O=C(N[C@@H](Cc1ccccc1)P(=O)(O)C[C@@H](Cc1cc(-c2ccccc2)no1)C(=O)N[C@@H](Cc1ccc(O)cc1)C(=O)O)OCc1ccccc1 CC(=O)N[C@@H]1[C@@H](O)[C@H](O)[C@@H](CO)O[C@H]1O
3BKK,2OC2,P12821,ACE,ZN CL RX3,[Zn+2] [Cl-] O=C(N[C@@H](Cc1ccccc1)[P@@](=O)(O)[C@@H]1CCC[C@H]1C(=O)N[C@@H](Cc1c[nH]c2ccccc12)C(=O)O)OCc1ccccc1
1ACJ,1GPN,P04058,ACHE,NAG HUB,CC(=O)N[C@@H]1[C@@H](O)[C@H](O)[C@@H](CO)O[C@H]1O CC1=C[C@H]2Cc3[nH]c(=O)ccc3[C@]3(C1)NCCC[C@H]23
1ACJ,1ODC,P04058,ACHE,NAG A8B,CC(=O)N[C@@H]1[C@@H](O)[C@H](O)[C@@H](CO)O[C@H]1O c1ccc2c(NCCCCCCCCNc3c4c(nc5ccccc35)CCCC4)ccnc2c1
1ACJ,5E4J,P04058,ACHE,NAG DME SO4,CC(=O)N[C@@H]1[C@@H](O)[C@H](O)[C@@H](CO)O[C@H]1O C[N+](C)(C)CCCCCCCCCC[N+](C)(C)C O=S(=O)([O-])[O-]
1U65,3I6M,P04058,ACHE,NAG G3X,CC(=O)N[C@@H]1[C@@H](O)[C@H](O)[C@@H](CO)O[C@H]1O COc1ccc2c3c1O[C@H]1C[C@@H](O)C=C[C@@]31CCN(CCCN1CCCCC1)C2
1U65,5E4J,P04058,ACHE,NAG DME SO4,CC(=O)N[C@@H]1[C@@H](O)[C@H](O)[C@@H](CO)O[C@H]1O C[N+](C)(C)CCCCCCCCCC[N+](C)(C)C O=S(=O)([O-])[O-]
1U65,5BWC,P04058,ACHE,NAG HBP,CC(=O)N[C@@H]1[C@@H](O)[C@H](O)[C@@H](CO)O[C@H]1O O/N=C/c1cccc[n+]1CCCCCCC[n+]1ccccc1/C=N/O
4TVK,4W63,P04058,ACHE,NAG HTB,CC(=O)N[C@@H]1[C@@H](O)[C@H](O)[C@@H](CO)O[C@H]1O c1ccc2oc(CNCCCCCCCNc3c4c(nc5ccccc35)CCCC4)cc2c1
2J3Q,2CKM,P04058,ACHE,AA7 NAG,c1ccc2c(NCCCCCCCNc3c4c(nc5ccccc35)CCCC4)c3c(nc2c1)CCCC3 CC(=O)N[C@@H]1[C@@H](O)[C@H](O)[C@@H](CO)O[C@H]1O
2J3Q,5BWB,P04058,ACHE,NAG MES 4VV,CC(=O)N[C@@H]1[C@@H](O)[C@H](O)[C@@H](CO)O[C@H]1O O=S(=O)([O-])CC[NH+]1CCOCC1 ON/C=C1\N=CCN1CCCCCCCN1CC=N/C1=C/NO
2J3Q,1E66,P04058,ACHE,NAG HUX,CC(=O)N[C@@H]1[C@@H](O)[C@H](O)[C@@H](CO)O[C@H]1O CCC1=C[C@@H]2Cc3nc4cc(Cl)ccc4c(N)c3[C@H](C1)C2
2J3Q,5BWC,P04058,ACHE,NAG HBP,CC(=O)N[C@@H]1[C@@H](O)[C@H](O)[C@@H](CO)O[C@H]1O O/N=C/c1cccc[n+]1CCCCCCC[n+]1ccccc1/C=N/O
1ODC,1VOT,P04058,ACHE,HUP,C/C=C1\[C@H]2C=C(C)C[C@]1(N)c1ccc(=O)[nH]c1C2
1ODC,3M3D,P04058,ACHE,PEG PG4 NAG XE,OCCOCCO OCCOCCOCCOCCO CC(=O)N[C@@H]1[C@@H](O)[C@H](O)[C@@H](CO)O[C@H]1O [Xe]
1ODC,1U65,P04058,ACHE,NAG CP0 IOD,CC(=O)N[C@@H]1[C@@H](O)[C@H](O)[C@@H](CO)O[C@H]1O CCc1c2c(nc3ccc(OC(=O)N4CCC(N5CCCCC5)CC4)cc13)-c1cc3c(c(=O)n1C2)COC(=O)[C@]3(O)CC [I-]
1W4L,1VOT,P04058,ACHE,HUP,C/C=C1\[C@H]2C=C(C)C[C@]1(N)c1ccc(=O)[nH]c1C2
1W4L,1GPN,P04058,ACHE,NAG HUB,CC(=O)N[C@@H]1[C@@H](O)[C@H](O)[C@@H](CO)O[C@H]1O CC1=C[C@H]2Cc3[nH]c(=O)ccc3[C@]3(C1)NCCC[C@H]23
1W4L,2CMF,P04058,ACHE,F11 NAG,c1ccc2c(NCCCCCNc3c4c(nc5ccccc35)CCCC4)c3c(nc2c1)CCCC3 CC(=O)N[C@@H]1[C@@H](O)[C@H](O)[C@@H](CO)O[C@H]1O
1W4L,3I6Z,P04058,ACHE,NAG G6X,CC(=O)N[C@@H]1[C@@H](O)[C@H](O)[C@@H](CO)O[C@H]1O COc1ccc2c3c1O[C@H]1C[C@@H](O)C=C[C@@]31CCN(CCCCCCN1C(=O)c3ccccc3S1(=O)=O)C2
1EVE,2CKM,P04058,ACHE,AA7 NAG,c1ccc2c(NCCCCCCCNc3c4c(nc5ccccc35)CCCC4)c3c(nc2c1)CCCC3 CC(=O)N[C@@H]1[C@@H](O)[C@H](O)[C@@H](CO)O[C@H]1O
1EVE,2ACK,P04058,ACHE,EDR,CC[N+](C)(C)c1cccc(O)c1
5BWC,1VOT,P04058,ACHE,HUP,C/C=C1\[C@H]2C=C(C)C[C@]1(N)c1ccc(=O)[nH]c1C2
5BWC,1H23,P04058,ACHE,E12 NAG,O=c1ccc2c([nH]1)CCC[C@@H]2NCCCCCCCCCCCCN[C@H]1CCCc2[nH]c(=O)ccc21 CC(=O)N[C@@H]1[C@@H](O)[C@H](O)[C@@H](CO)O[C@H]1O
1AX9,2J3Q,P04058,ACHE,TFL NAG MG,CN(C)c1ccc(-c2sc3cc(O)ccc3[n+]2C)cc1 CC(=O)N[C@@H]1[C@@H](O)[C@H](O)[C@@H](CO)O[C@H]1O [Mg+2]
1AX9,4X3C,P04058,ACHE,TNH NAG,O=C(NCCCCCCNc1c2c(nc3ccccc13)CCCC2)c1cccnc1 CC(=O)N[C@@H]1[C@@H](O)[C@H](O)[C@@H](CO)O[C@H]1O
2CMF,3I6M,P04058,ACHE,NAG G3X,CC(=O)N[C@@H]1[C@@H](O)[C@H](O)[C@@H](CO)O[C@H]1O COc1ccc2c3c1O[C@H]1C[C@@H](O)C=C[C@@]31CCN(CCCN1CCCCC1)C2
2CMF,1W76,P04058,ACHE,NAG GNT,CC(=O)N[C@@H]1[C@@H](O)[C@H](O)[C@@H](CO)O[C@H]1O COc1ccc2c3c1O[C@H]1C[C@@H](O)C=C[C@@]31CCN(C)C2
2CMF,5DLP,P04058,ACHE,MBT NAG SO4,CN(C)c1ccc2nc3ccc(N(C)C)cc3[s+]c2c1 CC(=O)N[C@@H]1[C@@H](O)[C@H](O)[C@@H](CO)O[C@H]1O O=S(=O)([O-])[O-]
2CMF,4W63,P04058,ACHE,NAG HTB,CC(=O)N[C@@H]1[C@@H](O)[C@H](O)[C@@H](CO)O[C@H]1O c1ccc2oc(CNCCCCCCCNc3c4c(nc5ccccc35)CCCC4)cc2c1
2CMF,1U65,P04058,ACHE,NAG CP0 IOD,CC(=O)N[C@@H]1[C@@H](O)[C@H](O)[C@@H](CO)O[C@H]1O CCc1c2c(nc3ccc(OC(=O)N4CCC(N5CCCCC5)CC4)cc13)-c1cc3c(c(=O)n1C2)COC(=O)[C@]3(O)CC [I-]
1E66,1JJB,P04058,ACHE,NAG PE7,CC(=O)N[C@@H]1[C@@H](O)[C@H](O)[C@@H](CO)O[C@H]1O OCCOCCOCCOCCOCCOCCOCCS
1E66,2ACK,P04058,ACHE,EDR,CC[N+](C)(C)c1cccc(O)c1
1E66,2CMF,P04058,ACHE,F11 NAG,c1ccc2c(NCCCCCNc3c4c(nc5ccccc35)CCCC4)c3c(nc2c1)CCCC3 CC(=O)N[C@@H]1[C@@H](O)[C@H](O)[C@@H](CO)O[C@H]1O
1W76,3I6M,P04058,ACHE,NAG G3X,CC(=O)N[C@@H]1[C@@H](O)[C@H](O)[C@@H](CO)O[C@H]1O COc1ccc2c3c1O[C@H]1C[C@@H](O)C=C[C@@]31CCN(CCCN1CCCCC1)C2
1W76,4TVK,P04058,ACHE,TJH NAG,O=C1C(NCCNc2c3c(nc4cc(Cl)ccc24)CCCC3)=CC(=O)c2c(O)cccc21 CC(=O)N[C@@H]1[C@@H](O)[C@H](O)[C@@H](CO)O[C@H]1O
1W76,1ODC,P04058,ACHE,NAG A8B,CC(=O)N[C@@H]1[C@@H](O)[C@H](O)[C@@H](CO)O[C@H]1O c1ccc2c(NCCCCCCCCNc3c4c(nc5ccccc35)CCCC4)ccnc2c1
1W76,1ZGB,P04058,ACHE,NAG A1E,CC(=O)N[C@@H]1[C@@H](O)[C@H](O)[C@@H](CO)O[C@H]1O O=c1ccc2c([nH]1)CCC[C@H]2NCCCCCCCCCCNc1c2c(nc3ccccc13)CCCC2
1VOT,1JJB,P04058,ACHE,NAG PE7,CC(=O)N[C@@H]1[C@@H](O)[C@H](O)[C@@H](CO)O[C@H]1O OCCOCCOCCOCCOCCOCCOCCS
1VOT,2W6C,P04058,ACHE,NAG BM4,CC(=O)N[C@@H]1[C@@H](O)[C@H](O)[C@@H](CO)O[C@H]1O CC[C@]1(c2cccc(O)c2)CCCCN(CCCCCCCCCN2CCCC[C@@](CC)(c3cccc(O)c3)C2)C1
1VOT,5BWC,P04058,ACHE,NAG HBP,CC(=O)N[C@@H]1[C@@H](O)[C@H](O)[C@@H](CO)O[C@H]1O O/N=C/c1cccc[n+]1CCCCCCC[n+]1ccccc1/C=N/O
1GPN,2CKM,P04058,ACHE,AA7 NAG,c1ccc2c(NCCCCCCCNc3c4c(nc5ccccc35)CCCC4)c3c(nc2c1)CCCC3 CC(=O)N[C@@H]1[C@@H](O)[C@H](O)[C@@H](CO)O[C@H]1O
1GPN,4TVK,P04058,ACHE,TJH NAG,O=C1C(NCCNc2c3c(nc4cc(Cl)ccc24)CCCC3)=CC(=O)c2c(O)cccc21 CC(=O)N[C@@H]1[C@@H](O)[C@H](O)[C@@H](CO)O[C@H]1O
3I6M,1E66,P04058,ACHE,NAG HUX,CC(=O)N[C@@H]1[C@@H](O)[C@H](O)[C@@H](CO)O[C@H]1O CCC1=C[C@@H]2Cc3nc4cc(Cl)ccc4c(N)c3[C@H](C1)C2
1AMN,1GQS,P04058,ACHE,NAG SAF,CC(=O)N[C@@H]1[C@@H](O)[C@H](O)[C@@H](CO)O[C@H]1O C[C@@H](c1cccc(O)c1)N(C)C
1AMN,1ODC,P04058,ACHE,NAG A8B,CC(=O)N[C@@H]1[C@@H](O)[C@H](O)[C@@H](CO)O[C@H]1O c1ccc2c(NCCCCCCCCNc3c4c(nc5ccccc35)CCCC4)ccnc2c1
1H23,2CKM,P04058,ACHE,AA7 NAG,c1ccc2c(NCCCCCCCNc3c4c(nc5ccccc35)CCCC4)c3c(nc2c1)CCCC3 CC(=O)N[C@@H]1[C@@H](O)[C@H](O)[C@@H](CO)O[C@H]1O
1H23,3I6Z,P04058,ACHE,NAG G6X,CC(=O)N[C@@H]1[C@@H](O)[C@H](O)[C@@H](CO)O[C@H]1O COc1ccc2c3c1O[C@H]1C[C@@H](O)C=C[C@@]31CCN(CCCCCCN1C(=O)c3ccccc3S1(=O)=O)C2
3M3D,1EVE,P04058,ACHE,NAG E20,CC(=O)N[C@@H]1[C@@H](O)[C@H](O)[C@@H](CO)O[C@H]1O COc1cc2c(cc1OC)C(=O)[C@H](CC1CCN(Cc3ccccc3)CC1)C2
1ZGB,2J3Q,P04058,ACHE,TFL NAG MG,CN(C)c1ccc(-c2sc3cc(O)ccc3[n+]2C)cc1 CC(=O)N[C@@H]1[C@@H](O)[C@H](O)[C@@H](CO)O[C@H]1O [Mg+2]
1ZGB,4X3C,P04058,ACHE,TNH NAG,O=C(NCCCCCCNc1c2c(nc3ccccc13)CCCC2)c1cccnc1 CC(=O)N[C@@H]1[C@@H](O)[C@H](O)[C@@H](CO)O[C@H]1O
1ZGB,1ZGC,P04058,ACHE,NAG A2E,CC(=O)N[C@@H]1[C@@H](O)[C@H](O)[C@@H](CO)O[C@H]1O O=c1ccc2c([nH]1)CCC[C@@H]2NCCCCCCCCCCNc1c2c(nc3ccccc13)CCCC2
1ZGB,2W6C,P04058,ACHE,NAG BM4,CC(=O)N[C@@H]1[C@@H](O)[C@H](O)[C@@H](CO)O[C@H]1O CC[C@]1(c2cccc(O)c2)CCCCN(CCCCCCCCCN2CCCC[C@@](CC)(c3cccc(O)c3)C2)C1
1ZGB,5DLP,P04058,ACHE,MBT NAG SO4,CN(C)c1ccc2nc3ccc(N(C)C)cc3[s+]c2c1 CC(=O)N[C@@H]1[C@@H](O)[C@H](O)[C@@H](CO)O[C@H]1O O=S(=O)([O-])[O-]
1ZGB,1H23,P04058,ACHE,E12 NAG,O=c1ccc2c([nH]1)CCC[C@@H]2NCCCCCCCCCCCCN[C@H]1CCCc2[nH]c(=O)ccc21 CC(=O)N[C@@H]1[C@@H](O)[C@H](O)[C@@H](CO)O[C@H]1O
1E3Q,1W4L,P04058,ACHE,NAG GL8,CC(=O)N[C@@H]1[C@@H](O)[C@H](O)[C@@H](CO)O[C@H]1O COc1ccc2c3c1O[C@H]1C[C@@H](O)C=C[C@@]31CC[N+](CCCCCCCCN1C(=O)c3ccccc3C1=O)=C2
1JJB,1ACJ,P04058,ACHE,THA,Nc1c2c(nc3ccccc13)CCCC2
1JJB,2CMF,P04058,ACHE,F11 NAG,c1ccc2c(NCCCCCNc3c4c(nc5ccccc35)CCCC4)c3c(nc2c1)CCCC3 CC(=O)N[C@@H]1[C@@H](O)[C@H](O)[C@@H](CO)O[C@H]1O
1JJB,1ZGB,P04058,ACHE,NAG A1E,CC(=O)N[C@@H]1[C@@H](O)[C@H](O)[C@@H](CO)O[C@H]1O O=c1ccc2c([nH]1)CCC[C@H]2NCCCCCCCCCCNc1c2c(nc3ccccc13)CCCC2
5BWB,4TVK,P04058,ACHE,TJH NAG,O=C1C(NCCNc2c3c(nc4cc(Cl)ccc24)CCCC3)=CC(=O)c2c(O)cccc21 CC(=O)N[C@@H]1[C@@H](O)[C@H](O)[C@@H](CO)O[C@H]1O
5BWB,4W63,P04058,ACHE,NAG HTB,CC(=O)N[C@@H]1[C@@H](O)[C@H](O)[C@@H](CO)O[C@H]1O c1ccc2oc(CNCCCCCCCNc3c4c(nc5ccccc35)CCCC4)cc2c1
5BWB,3M3D,P04058,ACHE,PEG PG4 NAG XE,OCCOCCO OCCOCCOCCOCCO CC(=O)N[C@@H]1[C@@H](O)[C@H](O)[C@@H](CO)O[C@H]1O [Xe]
2W6C,2J3Q,P04058,ACHE,TFL NAG MG,CN(C)c1ccc(-c2sc3cc(O)ccc3[n+]2C)cc1 CC(=O)N[C@@H]1[C@@H](O)[C@H](O)[C@@H](CO)O[C@H]1O [Mg+2]
2W6C,1ZGB,P04058,ACHE,NAG A1E,CC(=O)N[C@@H]1[C@@H](O)[C@H](O)[C@@H](CO)O[C@H]1O O=c1ccc2c([nH]1)CCC[C@H]2NCCCCCCCCCCNc1c2c(nc3ccccc13)CCCC2
2W6C,1E3Q,P04058,ACHE,EBW SO4 NAG,C=CC[N+](C)(C)c1ccc(CCC(=O)CCc2ccc([N+](C)(C)CC=C)cc2)cc1 O=S(=O)([O-])[O-] CC(=O)N[C@@H]1[C@@H](O)[C@H](O)[C@@H](CO)O[C@H]1O
2CEK,1W76,P04058,ACHE,NAG GNT,CC(=O)N[C@@H]1[C@@H](O)[C@H](O)[C@@H](CO)O[C@H]1O COc1ccc2c3c1O[C@H]1C[C@@H](O)C=C[C@@]31CCN(C)C2
2CEK,5BWC,P04058,ACHE,NAG HBP,CC(=O)N[C@@H]1[C@@H](O)[C@H](O)[C@@H](CO)O[C@H]1O O/N=C/c1cccc[n+]1CCCCCCC[n+]1ccccc1/C=N/O
4W63,1W76,P04058,ACHE,NAG GNT,CC(=O)N[C@@H]1[C@@H](O)[C@H](O)[C@@H](CO)O[C@H]1O COc1ccc2c3c1O[C@H]1C[C@@H](O)C=C[C@@]31CCN(C)C2
1ACL,3I6M,P04058,ACHE,NAG G3X,CC(=O)N[C@@H]1[C@@H](O)[C@H](O)[C@@H](CO)O[C@H]1O COc1ccc2c3c1O[C@H]1C[C@@H](O)C=C[C@@]31CCN(CCCN1CCCCC1)C2
1ACL,2W6C,P04058,ACHE,NAG BM4,CC(=O)N[C@@H]1[C@@H](O)[C@H](O)[C@@H](CO)O[C@H]1O CC[C@]1(c2cccc(O)c2)CCCCN(CCCCCCCCCN2CCCC[C@@](CC)(c3cccc(O)c3)C2)C1
1ACL,1ODC,P04058,ACHE,NAG A8B,CC(=O)N[C@@H]1[C@@H](O)[C@H](O)[C@@H](CO)O[C@H]1O c1ccc2c(NCCCCCCCCNc3c4c(nc5ccccc35)CCCC4)ccnc2c1
1ACL,3I6Z,P04058,ACHE,NAG G6X,CC(=O)N[C@@H]1[C@@H](O)[C@H](O)[C@@H](CO)O[C@H]1O COc1ccc2c3c1O[C@H]1C[C@@H](O)C=C[C@@]31CCN(CCCCCCN1C(=O)c3ccccc3S1(=O)=O)C2
1ACL,4W63,P04058,ACHE,NAG HTB,CC(=O)N[C@@H]1[C@@H](O)[C@H](O)[C@@H](CO)O[C@H]1O c1ccc2oc(CNCCCCCCCNc3c4c(nc5ccccc35)CCCC4)cc2c1
1OCE,1GQS,P04058,ACHE,NAG SAF,CC(=O)N[C@@H]1[C@@H](O)[C@H](O)[C@@H](CO)O[C@H]1O C[C@@H](c1cccc(O)c1)N(C)C
1OCE,1JJB,P04058,ACHE,NAG PE7,CC(=O)N[C@@H]1[C@@H](O)[C@H](O)[C@@H](CO)O[C@H]1O OCCOCCOCCOCCOCCOCCOCCS
1ZGC,1ACJ,P04058,ACHE,THA,Nc1c2c(nc3ccccc13)CCCC2
5E4J,1ACJ,P04058,ACHE,THA,Nc1c2c(nc3ccccc13)CCCC2
5E4J,1H22,P04058,ACHE,E10 NAG,O=c1ccc2c([nH]1)CCC[C@@H]2NCCCCCCCCCCN[C@H]1CCCc2[nH]c(=O)ccc21 CC(=O)N[C@@H]1[C@@H](O)[C@H](O)[C@@H](CO)O[C@H]1O
5E4J,1U65,P04058,ACHE,NAG CP0 IOD,CC(=O)N[C@@H]1[C@@H](O)[C@H](O)[C@@H](CO)O[C@H]1O CCc1c2c(nc3ccc(OC(=O)N4CCC(N5CCCCC5)CC4)cc13)-c1cc3c(c(=O)n1C2)COC(=O)[C@]3(O)CC [I-]
1GQS,1OCE,P04058,ACHE,MF2,C[C@@H]1CN(CCCCCCCCNC=O)C[C@H](C)O1
1GQS,4TVK,P04058,ACHE,TJH NAG,O=C1C(NCCNc2c3c(nc4cc(Cl)ccc24)CCCC3)=CC(=O)c2c(O)cccc21 CC(=O)N[C@@H]1[C@@H](O)[C@H](O)[C@@H](CO)O[C@H]1O
1GQS,1E3Q,P04058,ACHE,EBW SO4 NAG,C=CC[N+](C)(C)c1ccc(CCC(=O)CCc2ccc([N+](C)(C)CC=C)cc2)cc1 O=S(=O)([O-])[O-] CC(=O)N[C@@H]1[C@@H](O)[C@H](O)[C@@H](CO)O[C@H]1O
1GQS,5BWC,P04058,ACHE,NAG HBP,CC(=O)N[C@@H]1[C@@H](O)[C@H](O)[C@@H](CO)O[C@H]1O O/N=C/c1cccc[n+]1CCCCCCC[n+]1ccccc1/C=N/O
1GQS,1H23,P04058,ACHE,E12 NAG,O=c1ccc2c([nH]1)CCC[C@@H]2NCCCCCCCCCCCCN[C@H]1CCCc2[nH]c(=O)ccc21 CC(=O)N[C@@H]1[C@@H](O)[C@H](O)[C@@H](CO)O[C@H]1O
1W6R,1ODC,P04058,ACHE,NAG A8B,CC(=O)N[C@@H]1[C@@H](O)[C@H](O)[C@@H](CO)O[C@H]1O c1ccc2c(NCCCCCCCCNc3c4c(nc5ccccc35)CCCC4)ccnc2c1
1UT6,2J3Q,P04058,ACHE,TFL NAG MG,CN(C)c1ccc(-c2sc3cc(O)ccc3[n+]2C)cc1 CC(=O)N[C@@H]1[C@@H](O)[C@H](O)[C@@H](CO)O[C@H]1O [Mg+2]
1UT6,3I6M,P04058,ACHE,NAG G3X,CC(=O)N[C@@H]1[C@@H](O)[C@H](O)[C@@H](CO)O[C@H]1O COc1ccc2c3c1O[C@H]1C[C@@H](O)C=C[C@@]31CCN(CCCN1CCCCC1)C2
1UT6,1ZGC,P04058,ACHE,NAG A2E,CC(=O)N[C@@H]1[C@@H](O)[C@H](O)[C@@H](CO)O[C@H]1O O=c1ccc2c([nH]1)CCC[C@@H]2NCCCCCCCCCCNc1c2c(nc3ccccc13)CCCC2
1UT6,3I6Z,P04058,ACHE,NAG G6X,CC(=O)N[C@@H]1[C@@H](O)[C@H](O)[C@@H](CO)O[C@H]1O COc1ccc2c3c1O[C@H]1C[C@@H](O)C=C[C@@]31CCN(CCCCCCN1C(=O)c3ccccc3S1(=O)=O)C2
1UT6,1U65,P04058,ACHE,NAG CP0 IOD,CC(=O)N[C@@H]1[C@@H](O)[C@H](O)[C@@H](CO)O[C@H]1O CCc1c2c(nc3ccc(OC(=O)N4CCC(N5CCCCC5)CC4)cc13)-c1cc3c(c(=O)n1C2)COC(=O)[C@]3(O)CC [I-]
1UT6,1H23,P04058,ACHE,E12 NAG,O=c1ccc2c([nH]1)CCC[C@@H]2NCCCCCCCCCCCCN[C@H]1CCCc2[nH]c(=O)ccc21 CC(=O)N[C@@H]1[C@@H](O)[C@H](O)[C@@H](CO)O[C@H]1O
1GPK,1W4L,P04058,ACHE,NAG GL8,CC(=O)N[C@@H]1[C@@H](O)[C@H](O)[C@@H](CO)O[C@H]1O COc1ccc2c3c1O[C@H]1C[C@@H](O)C=C[C@@]31CC[N+](CCCCCCCCN1C(=O)c3ccccc3C1=O)=C2
1GPK,1JJB,P04058,ACHE,NAG PE7,CC(=O)N[C@@H]1[C@@H](O)[C@H](O)[C@@H](CO)O[C@H]1O OCCOCCOCCOCCOCCOCCOCCS
1GPK,2CKM,P04058,ACHE,AA7 NAG,c1ccc2c(NCCCCCCCNc3c4c(nc5ccccc35)CCCC4)c3c(nc2c1)CCCC3 CC(=O)N[C@@H]1[C@@H](O)[C@H](O)[C@@H](CO)O[C@H]1O
1GPK,1E66,P04058,ACHE,NAG HUX,CC(=O)N[C@@H]1[C@@H](O)[C@H](O)[C@@H](CO)O[C@H]1O CCC1=C[C@@H]2Cc3nc4cc(Cl)ccc4c(N)c3[C@H](C1)C2
1GPK,1ZGB,P04058,ACHE,NAG A1E,CC(=O)N[C@@H]1[C@@H](O)[C@H](O)[C@@H](CO)O[C@H]1O O=c1ccc2c([nH]1)CCC[C@H]2NCCCCCCCCCCNc1c2c(nc3ccccc13)CCCC2
2Z7G,1UML,P56658,ADA,ZN FR4,[Zn+2] NC(=O)c1cn([C@@H](CO)CCn2ccc3ccc(NC(=O)CCc4ccccc4)cc32)cn1
2Z7G,1NDY,P56658,ADA,FR3 ZN,NC(=O)c1cn([C@@H](CO)CCc2cccc3ccccc23)cn1 [Zn+2]
2Z7G,1QXL,P56658,ADA,ZN FR8,[Zn+2] NC(=O)c1cn([C@@H](CO)CCn2ccc3ccc(NC(=O)CCCCc4ccccc4)cc32)cn1
2Z7G,1NDV,P56658,ADA,FR0 ZN,NC(N)=Nc1nc(-c2ccc(CNc3nc4ccccc4[nH]3)s2)cs1 [Zn+2]
2Z7G,1WXZ,P56658,ADA,ZN FRL,[Zn+2] C[C@H](O)[C@H](CCc1cccc2nc(-c3ccc(Cl)cc3)oc12)n1cnc(C(N)=O)c1
2Z7G,1NDW,P56658,ADA,FR2 ZN,NC(=O)c1cn([C@@H](CO)CCc2ccccc2)cn1 [Zn+2]
1KRM,1UML,P56658,ADA,ZN FR4,[Zn+2] NC(=O)c1cn([C@@H](CO)CCn2ccc3ccc(NC(=O)CCc4ccccc4)cc32)cn1
1KRM,1NDY,P56658,ADA,FR3 ZN,NC(=O)c1cn([C@@H](CO)CCc2cccc3ccccc23)cn1 [Zn+2]
1KRM,3IAR,P56658,ADA,3D1 NI NO3 GOL,Nc1ncnc2c1ncn2[C@H]1C[C@H](O)[C@@H](CO)O1 [Ni+2] O=[N+]([O-])[O-] OCC(O)CO
1KRM,1WXY,P56658,ADA,ZN FRK,[Zn+2] CCCCCC(=O)Nc1nc(-c2ccc(O)cc2)c(-c2ccc(O)cc2)s1
1KRM,1V79,P56658,ADA,FR7 ZN,C[C@H](O)[C@@H](CCc1cccc(Cl)c1Cl)n1cnc(C(N)=O)c1 [Zn+2]
1KRM,2E1W,P56658,ADA,ZN FR6,[Zn+2] C[C@H](O)[C@@H](CCc1cccc2ccccc12)n1cnc(C(N)=O)c1
1KRM,1NDV,P56658,ADA,FR0 ZN,NC(N)=Nc1nc(-c2ccc(CNc3nc4ccccc4[nH]3)s2)cs1 [Zn+2]
1KRM,1WXZ,P56658,ADA,ZN FRL,[Zn+2] C[C@H](O)[C@H](CCc1cccc2nc(-c3ccc(Cl)cc3)oc12)n1cnc(C(N)=O)c1
1KRM,1NDW,P56658,ADA,FR2 ZN,NC(=O)c1cn([C@@H](CO)CCc2ccccc2)cn1 [Zn+2]
1KRM,1NDZ,P56658,ADA,FR5 ZN,Cn1c(CCC(=O)Nc2ccc3ccn(CC[C@H](CO)n4cnc(C(N)=O)c4)c3c2)nc2ccccc21 [Zn+2]
3IAR,1O5R,P00813,ADA,FR9 ZN,NC(=O)c1cn([C@@H](CO)CCn2ccc3ccc(NC(=O)NCc4ccccc4)cc32)cn1 [Zn+2]
3IAR,2Z7G,P00813,ADA,EH9 ZN,CCCCCC[C@H]([C@H](C)O)n1cnc2c(N)ncnc21 [Zn+2]
3IAR,1V7A,P00813,ADA,FRC ZN,C[C@H](O)[C@@H](CCOc1ccc2ccccc2c1)n1cnc(C(N)=O)c1 [Zn+2]
3IAR,1WXY,P00813,ADA,ZN FRK,[Zn+2] CCCCCC(=O)Nc1nc(-c2ccc(O)cc2)c(-c2ccc(O)cc2)s1
3IAR,1QXL,P00813,ADA,ZN FR8,[Zn+2] NC(=O)c1cn([C@@H](CO)CCn2ccc3ccc(NC(=O)CCCCc4ccccc4)cc32)cn1
3IAR,1NDV,P00813,ADA,FR0 ZN,NC(N)=Nc1nc(-c2ccc(CNc3nc4ccccc4[nH]3)s2)cs1 [Zn+2]
3IAR,1WXZ,P00813,ADA,ZN FRL,[Zn+2] C[C@H](O)[C@H](CCc1cccc2nc(-c3ccc(Cl)cc3)oc12)n1cnc(C(N)=O)c1
3IAR,1NDW,P00813,ADA,FR2 ZN,NC(=O)c1cn([C@@H](CO)CCc2ccccc2)cn1 [Zn+2]
3IAR,1NDZ,P00813,ADA,FR5 ZN,Cn1c(CCC(=O)Nc2ccc3ccn(CC[C@H](CO)n4cnc(C(N)=O)c4)c3c2)nc2ccccc21 [Zn+2]
1NDZ,3IAR,P56658,ADA,3D1 NI NO3 GOL,Nc1ncnc2c1ncn2[C@H]1C[C@H](O)[C@@H](CO)O1 [Ni+2] O=[N+]([O-])[O-] OCC(O)CO
1NDZ,1V7A,P56658,ADA,FRC ZN,C[C@H](O)[C@@H](CCOc1ccc2ccccc2c1)n1cnc(C(N)=O)c1 [Zn+2]
1NDZ,1WXY,P56658,ADA,ZN FRK,[Zn+2] CCCCCC(=O)Nc1nc(-c2ccc(O)cc2)c(-c2ccc(O)cc2)s1
1NDZ,2E1W,P56658,ADA,ZN FR6,[Zn+2] C[C@H](O)[C@@H](CCc1cccc2ccccc12)n1cnc(C(N)=O)c1
1NDZ,1NDV,P56658,ADA,FR0 ZN,NC(N)=Nc1nc(-c2ccc(CNc3nc4ccccc4[nH]3)s2)cs1 [Zn+2]
1NDZ,1WXZ,P56658,ADA,ZN FRL,[Zn+2] C[C@H](O)[C@H](CCc1cccc2nc(-c3ccc(Cl)cc3)oc12)n1cnc(C(N)=O)c1
1NDZ,1NDW,P56658,ADA,FR2 ZN,NC(=O)c1cn([C@@H](CO)CCc2ccccc2)cn1 [Zn+2]
1UML,1NDY,P56658,ADA,FR3 ZN,NC(=O)c1cn([C@@H](CO)CCc2cccc3ccccc23)cn1 [Zn+2]
1UML,1V7A,P56658,ADA,FRC ZN,C[C@H](O)[C@@H](CCOc1ccc2ccccc2c1)n1cnc(C(N)=O)c1 [Zn+2]
1UML,1V79,P56658,ADA,FR7 ZN,C[C@H](O)[C@@H](CCc1cccc(Cl)c1Cl)n1cnc(C(N)=O)c1 [Zn+2]
1UML,1QXL,P56658,ADA,ZN FR8,[Zn+2] NC(=O)c1cn([C@@H](CO)CCn2ccc3ccc(NC(=O)CCCCc4ccccc4)cc32)cn1
1UML,2E1W,P56658,ADA,ZN FR6,[Zn+2] C[C@H](O)[C@@H](CCc1cccc2ccccc12)n1cnc(C(N)=O)c1
1UML,1NDW,P56658,ADA,FR2 ZN,NC(=O)c1cn([C@@H](CO)CCc2ccccc2)cn1 [Zn+2]
1UML,1NDZ,P56658,ADA,FR5 ZN,Cn1c(CCC(=O)Nc2ccc3ccn(CC[C@H](CO)n4cnc(C(N)=O)c4)c3c2)nc2ccccc21 [Zn+2]
1WXY,1KRM,P56658,ADA,ZN PRH,[Zn+2] OC[C@H]1O[C@@H](n2c[nH+]c3c2N=CN[C@H]3O)[C@H](O)[C@@H]1O
1WXY,2Z7G,P56658,ADA,EH9 ZN,CCCCCC[C@H]([C@H](C)O)n1cnc2c(N)ncnc21 [Zn+2]
1WXY,1V7A,P56658,ADA,FRC ZN,C[C@H](O)[C@@H](CCOc1ccc2ccccc2c1)n1cnc(C(N)=O)c1 [Zn+2]
1WXY,1QXL,P56658,ADA,ZN FR8,[Zn+2] NC(=O)c1cn([C@@H](CO)CCn2ccc3ccc(NC(=O)CCCCc4ccccc4)cc32)cn1
1WXY,1NDV,P56658,ADA,FR0 ZN,NC(N)=Nc1nc(-c2ccc(CNc3nc4ccccc4[nH]3)s2)cs1 [Zn+2]
1WXY,1WXZ,P56658,ADA,ZN FRL,[Zn+2] C[C@H](O)[C@H](CCc1cccc2nc(-c3ccc(Cl)cc3)oc12)n1cnc(C(N)=O)c1
1WXY,1NDZ,P56658,ADA,FR5 ZN,Cn1c(CCC(=O)Nc2ccc3ccn(CC[C@H](CO)n4cnc(C(N)=O)c4)c3c2)nc2ccccc21 [Zn+2]
1NDY,1UML,P56658,ADA,ZN FR4,[Zn+2] NC(=O)c1cn([C@@H](CO)CCn2ccc3ccc(NC(=O)CCc4ccccc4)cc32)cn1
1NDY,3IAR,P56658,ADA,3D1 NI NO3 GOL,Nc1ncnc2c1ncn2[C@H]1C[C@H](O)[C@@H](CO)O1 [Ni+2] O=[N+]([O-])[O-] OCC(O)CO
1NDY,1QXL,P56658,ADA,ZN FR8,[Zn+2] NC(=O)c1cn([C@@H](CO)CCn2ccc3ccc(NC(=O)CCCCc4ccccc4)cc32)cn1
1NDY,2E1W,P56658,ADA,ZN FR6,[Zn+2] C[C@H](O)[C@@H](CCc1cccc2ccccc12)n1cnc(C(N)=O)c1
1NDY,1NDV,P56658,ADA,FR0 ZN,NC(N)=Nc1nc(-c2ccc(CNc3nc4ccccc4[nH]3)s2)cs1 [Zn+2]
1NDY,1WXZ,P56658,ADA,ZN FRL,[Zn+2] C[C@H](O)[C@H](CCc1cccc2nc(-c3ccc(Cl)cc3)oc12)n1cnc(C(N)=O)c1
1NDY,1NDW,P56658,ADA,FR2 ZN,NC(=O)c1cn([C@@H](CO)CCc2ccccc2)cn1 [Zn+2]
1O5R,1KRM,P56658,ADA,ZN PRH,[Zn+2] OC[C@H]1O[C@@H](n2c[nH+]c3c2N=CN[C@H]3O)[C@H](O)[C@@H]1O
1O5R,2Z7G,P56658,ADA,EH9 ZN,CCCCCC[C@H]([C@H](C)O)n1cnc2c(N)ncnc21 [Zn+2]
1O5R,3IAR,P56658,ADA,3D1 NI NO3 GOL,Nc1ncnc2c1ncn2[C@H]1C[C@H](O)[C@@H](CO)O1 [Ni+2] O=[N+]([O-])[O-] OCC(O)CO
1O5R,1V79,P56658,ADA,FR7 ZN,C[C@H](O)[C@@H](CCc1cccc(Cl)c1Cl)n1cnc(C(N)=O)c1 [Zn+2]
1O5R,1QXL,P56658,ADA,ZN FR8,[Zn+2] NC(=O)c1cn([C@@H](CO)CCn2ccc3ccc(NC(=O)CCCCc4ccccc4)cc32)cn1
1O5R,1WXZ,P56658,ADA,ZN FRL,[Zn+2] C[C@H](O)[C@H](CCc1cccc2nc(-c3ccc(Cl)cc3)oc12)n1cnc(C(N)=O)c1
1O5R,1NDW,P56658,ADA,FR2 ZN,NC(=O)c1cn([C@@H](CO)CCc2ccccc2)cn1 [Zn+2]
1V79,1UML,P56658,ADA,ZN FR4,[Zn+2] NC(=O)c1cn([C@@H](CO)CCn2ccc3ccc(NC(=O)CCc4ccccc4)cc32)cn1
1V79,1O5R,P56658,ADA,FR9 ZN,NC(=O)c1cn([C@@H](CO)CCn2ccc3ccc(NC(=O)NCc4ccccc4)cc32)cn1 [Zn+2]
1V79,3IAR,P56658,ADA,3D1 NI NO3 GOL,Nc1ncnc2c1ncn2[C@H]1C[C@H](O)[C@@H](CO)O1 [Ni+2] O=[N+]([O-])[O-] OCC(O)CO
1V79,1WXY,P56658,ADA,ZN FRK,[Zn+2] CCCCCC(=O)Nc1nc(-c2ccc(O)cc2)c(-c2ccc(O)cc2)s1
1V79,2E1W,P56658,ADA,ZN FR6,[Zn+2] C[C@H](O)[C@@H](CCc1cccc2ccccc12)n1cnc(C(N)=O)c1
1V79,1NDW,P56658,ADA,FR2 ZN,NC(=O)c1cn([C@@H](CO)CCc2ccccc2)cn1 [Zn+2]
1NDV,1UML,P56658,ADA,ZN FR4,[Zn+2] NC(=O)c1cn([C@@H](CO)CCn2ccc3ccc(NC(=O)CCc4ccccc4)cc32)cn1
1NDV,3IAR,P56658,ADA,3D1 NI NO3 GOL,Nc1ncnc2c1ncn2[C@H]1C[C@H](O)[C@@H](CO)O1 [Ni+2] O=[N+]([O-])[O-] OCC(O)CO
1NDV,1NDW,P56658,ADA,FR2 ZN,NC(=O)c1cn([C@@H](CO)CCc2ccccc2)cn1 [Zn+2]
1NDV,1NDZ,P56658,ADA,FR5 ZN,Cn1c(CCC(=O)Nc2ccc3ccn(CC[C@H](CO)n4cnc(C(N)=O)c4)c3c2)nc2ccccc21 [Zn+2]
1QXL,1UML,P56658,ADA,ZN FR4,[Zn+2] NC(=O)c1cn([C@@H](CO)CCn2ccc3ccc(NC(=O)CCc4ccccc4)cc32)cn1
1QXL,1O5R,P56658,ADA,FR9 ZN,NC(=O)c1cn([C@@H](CO)CCn2ccc3ccc(NC(=O)NCc4ccccc4)cc32)cn1 [Zn+2]
1QXL,2Z7G,P56658,ADA,EH9 ZN,CCCCCC[C@H]([C@H](C)O)n1cnc2c(N)ncnc21 [Zn+2]
1QXL,3IAR,P56658,ADA,3D1 NI NO3 GOL,Nc1ncnc2c1ncn2[C@H]1C[C@H](O)[C@@H](CO)O1 [Ni+2] O=[N+]([O-])[O-] OCC(O)CO
1QXL,1WXY,P56658,ADA,ZN FRK,[Zn+2] CCCCCC(=O)Nc1nc(-c2ccc(O)cc2)c(-c2ccc(O)cc2)s1
1QXL,2E1W,P56658,ADA,ZN FR6,[Zn+2] C[C@H](O)[C@@H](CCc1cccc2ccccc12)n1cnc(C(N)=O)c1
1QXL,1WXZ,P56658,ADA,ZN FRL,[Zn+2] C[C@H](O)[C@H](CCc1cccc2nc(-c3ccc(Cl)cc3)oc12)n1cnc(C(N)=O)c1
1QXL,1NDW,P56658,ADA,FR2 ZN,NC(=O)c1cn([C@@H](CO)CCc2ccccc2)cn1 [Zn+2]
2E1W,1UML,P56658,ADA,ZN FR4,[Zn+2] NC(=O)c1cn([C@@H](CO)CCn2ccc3ccc(NC(=O)CCc4ccccc4)cc32)cn1
2E1W,1NDY,P56658,ADA,FR3 ZN,NC(=O)c1cn([C@@H](CO)CCc2cccc3ccccc23)cn1 [Zn+2]
2E1W,1QXL,P56658,ADA,ZN FR8,[Zn+2] NC(=O)c1cn([C@@H](CO)CCn2ccc3ccc(NC(=O)CCCCc4ccccc4)cc32)cn1
2E1W,1NDW,P56658,ADA,FR2 ZN,NC(=O)c1cn([C@@H](CO)CCc2ccccc2)cn1 [Zn+2]
1V7A,2Z7G,P56658,ADA,EH9 ZN,CCCCCC[C@H]([C@H](C)O)n1cnc2c(N)ncnc21 [Zn+2]
1V7A,1WXY,P56658,ADA,ZN FRK,[Zn+2] CCCCCC(=O)Nc1nc(-c2ccc(O)cc2)c(-c2ccc(O)cc2)s1
1V7A,2E1W,P56658,ADA,ZN FR6,[Zn+2] C[C@H](O)[C@@H](CCc1cccc2ccccc12)n1cnc(C(N)=O)c1
1V7A,1NDV,P56658,ADA,FR0 ZN,NC(N)=Nc1nc(-c2ccc(CNc3nc4ccccc4[nH]3)s2)cs1 [Zn+2]
1V7A,1WXZ,P56658,ADA,ZN FRL,[Zn+2] C[C@H](O)[C@H](CCc1cccc2nc(-c3ccc(Cl)cc3)oc12)n1cnc(C(N)=O)c1
1V7A,1NDZ,P56658,ADA,FR5 ZN,Cn1c(CCC(=O)Nc2ccc3ccn(CC[C@H](CO)n4cnc(C(N)=O)c4)c3c2)nc2ccccc21 [Zn+2]
1WXZ,1O5R,P56658,ADA,FR9 ZN,NC(=O)c1cn([C@@H](CO)CCn2ccc3ccc(NC(=O)NCc4ccccc4)cc32)cn1 [Zn+2]
1WXZ,1NDY,P56658,ADA,FR3 ZN,NC(=O)c1cn([C@@H](CO)CCc2cccc3ccccc23)cn1 [Zn+2]
1WXZ,1V7A,P56658,ADA,FRC ZN,C[C@H](O)[C@@H](CCOc1ccc2ccccc2c1)n1cnc(C(N)=O)c1 [Zn+2]
1WXZ,1QXL,P56658,ADA,ZN FR8,[Zn+2] NC(=O)c1cn([C@@H](CO)CCn2ccc3ccc(NC(=O)CCCCc4ccccc4)cc32)cn1
1WXZ,1NDW,P56658,ADA,FR2 ZN,NC(=O)c1cn([C@@H](CO)CCc2ccccc2)cn1 [Zn+2]
1WXZ,1NDZ,P56658,ADA,FR5 ZN,Cn1c(CCC(=O)Nc2ccc3ccn(CC[C@H](CO)n4cnc(C(N)=O)c4)c3c2)nc2ccccc21 [Zn+2]
1NDW,1KRM,P56658,ADA,ZN PRH,[Zn+2] OC[C@H]1O[C@@H](n2c[nH+]c3c2N=CN[C@H]3O)[C@H](O)[C@@H]1O
1NDW,1O5R,P56658,ADA,FR9 ZN,NC(=O)c1cn([C@@H](CO)CCn2ccc3ccc(NC(=O)NCc4ccccc4)cc32)cn1 [Zn+2]
1NDW,1NDY,P56658,ADA,FR3 ZN,NC(=O)c1cn([C@@H](CO)CCc2cccc3ccccc23)cn1 [Zn+2]
1NDW,1WXY,P56658,ADA,ZN FRK,[Zn+2] CCCCCC(=O)Nc1nc(-c2ccc(O)cc2)c(-c2ccc(O)cc2)s1
1NDW,1QXL,P56658,ADA,ZN FR8,[Zn+2] NC(=O)c1cn([C@@H](CO)CCn2ccc3ccc(NC(=O)CCCCc4ccccc4)cc32)cn1
1NDW,1NDV,P56658,ADA,FR0 ZN,NC(N)=Nc1nc(-c2ccc(CNc3nc4ccccc4[nH]3)s2)cs1 [Zn+2]
3LGP,3G42,P78536,ADAM17,792 ZN,CC#CCOc1ccc(S(=O)(=O)N[C@H](Cc2c[nH]c3ccc(C)cc23)C(=O)O)cc1 [Zn+2]
3LGP,2FV5,P78536,ADAM17,541 ZN,Cc1cc(COc2ccc([C@]3(C)CCN([C@H](C)C(=O)NO)C3=O)cc2)c2ccccc2n1 [Zn+2]
3LGP,2A8H,P78536,ADAM17,4NH ZN,CC1(C)SCCN(S(=O)(=O)c2ccc(OCC#CCN)cc2)[C@H]1C(=O)NO [Zn+2]
3G42,3EWJ,P78536,ADAM17,ZN INN 642,[Zn+2] CC(C)C[C@H](CC(=O)NO)C(=O)N[C@H](C(=O)N[C@@H](C)C(=O)NCCN)C(C)(C)C O=C(O)[C@H]1C[C@@]12C[C@@H](c1ccc(OCc3cc(-c4ccccc4)nc4ccccc34)cc1)NC2=O
3G42,2FV5,P78536,ADAM17,541 ZN,Cc1cc(COc2ccc([C@]3(C)CCN([C@H](C)C(=O)NO)C3=O)cc2)c2ccccc2n1 [Zn+2]
3G42,3LEA,P78536,ADAM17,Z93 ZN IPA,COc1ccc2c(c1)C(=O)[N+](C[C@@]1(c3ccc(-c4cccnc4)cc3)NC(=O)NC1=O)=C2 [Zn+2] CC(C)O
3G42,1ZXC,P78536,ADAM17,ZN IH6,[Zn+2] CC#CCOc1ccc(S(=O)(=O)N2CCSC(C)(C)[C@@H]2C(=O)NO)cc1
3G42,3L0V,P78536,ADAM17,ZN 724,[Zn+2] COc1ccc2[nH]n(C[C@@]3(C)NC(=O)NC3=O)c(=O)c2c1
3G42,3LGP,P78536,ADAM17,ZN 50X,[Zn+2] O=C(NCc1ccc(Cn2c(C(F)(F)F)nc3ccccc32)s1)[C@H](O)[C@@H](O)C(=O)N1CCC[C@@H]1c1cccc(Cl)c1
3G42,3B92,P78536,ADAM17,ZN 440,[Zn+2] CC#CCOc1ccc(S(=O)(=O)CCCS)cc1
2DDF,3G42,P78536,ADAM17,792 ZN,CC#CCOc1ccc(S(=O)(=O)N[C@H](Cc2c[nH]c3ccc(C)cc23)C(=O)O)cc1 [Zn+2]
2DDF,2FV5,P78536,ADAM17,541 ZN,Cc1cc(COc2ccc([C@]3(C)CCN([C@H](C)C(=O)NO)C3=O)cc2)c2ccccc2n1 [Zn+2]
2DDF,3LEA,P78536,ADAM17,Z93 ZN IPA,COc1ccc2c(c1)C(=O)[N+](C[C@@]1(c3ccc(-c4cccnc4)cc3)NC(=O)NC1=O)=C2 [Zn+2] CC(C)O
2DDF,2OI0,P78536,ADAM17,283 ZN,CC#CCOc1ccc(S(=O)(=O)N2CC[C@H](S)C2)cc1 [Zn+2]
2DDF,3LE9,P78536,ADAM17,ZN 727 IPA,[Zn+2] COc1ccc2[nH]n(C[C@@]3(c4ccccc4)NC(=O)NC3=O)c(=O)c2c1 CC(C)O
2DDF,2A8H,P78536,ADAM17,4NH ZN,CC1(C)SCCN(S(=O)(=O)c2ccc(OCC#CCN)cc2)[C@H]1C(=O)NO [Zn+2]
2DDF,3LGP,P78536,ADAM17,ZN 50X,[Zn+2] O=C(NCc1ccc(Cn2c(C(F)(F)F)nc3ccccc32)s1)[C@H](O)[C@@H](O)C(=O)N1CCC[C@@H]1c1cccc(Cl)c1
2FV5,1ZXC,P78536,ADAM17,ZN IH6,[Zn+2] CC#CCOc1ccc(S(=O)(=O)N2CCSC(C)(C)[C@@H]2C(=O)NO)cc1
2FV5,3LE9,P78536,ADAM17,ZN 727 IPA,[Zn+2] COc1ccc2[nH]n(C[C@@]3(c4ccccc4)NC(=O)NC3=O)c(=O)c2c1 CC(C)O
2FV5,2A8H,P78536,ADAM17,4NH ZN,CC1(C)SCCN(S(=O)(=O)c2ccc(OCC#CCN)cc2)[C@H]1C(=O)NO [Zn+2]
2FV5,3LGP,P78536,ADAM17,ZN 50X,[Zn+2] O=C(NCc1ccc(Cn2c(C(F)(F)F)nc3ccccc32)s1)[C@H](O)[C@@H](O)C(=O)N1CCC[C@@H]1c1cccc(Cl)c1
2FV5,3B92,P78536,ADAM17,ZN 440,[Zn+2] CC#CCOc1ccc(S(=O)(=O)CCCS)cc1
2OI0,3G42,P78536,ADAM17,792 ZN,CC#CCOc1ccc(S(=O)(=O)N[C@H](Cc2c[nH]c3ccc(C)cc23)C(=O)O)cc1 [Zn+2]
2OI0,3LEA,P78536,ADAM17,Z93 ZN IPA,COc1ccc2c(c1)C(=O)[N+](C[C@@]1(c3ccc(-c4cccnc4)cc3)NC(=O)NC1=O)=C2 [Zn+2] CC(C)O
2OI0,1ZXC,P78536,ADAM17,ZN IH6,[Zn+2] CC#CCOc1ccc(S(=O)(=O)N2CCSC(C)(C)[C@@H]2C(=O)NO)cc1
2OI0,3LE9,P78536,ADAM17,ZN 727 IPA,[Zn+2] COc1ccc2[nH]n(C[C@@]3(c4ccccc4)NC(=O)NC3=O)c(=O)c2c1 CC(C)O
2OI0,3L0V,P78536,ADAM17,ZN 724,[Zn+2] COc1ccc2[nH]n(C[C@@]3(C)NC(=O)NC3=O)c(=O)c2c1
3L0T,3G42,P78536,ADAM17,792 ZN,CC#CCOc1ccc(S(=O)(=O)N[C@H](Cc2c[nH]c3ccc(C)cc23)C(=O)O)cc1 [Zn+2]
3L0T,1ZXC,P78536,ADAM17,ZN IH6,[Zn+2] CC#CCOc1ccc(S(=O)(=O)N2CCSC(C)(C)[C@@H]2C(=O)NO)cc1
3L0T,3LE9,P78536,ADAM17,ZN 727 IPA,[Zn+2] COc1ccc2[nH]n(C[C@@]3(c4ccccc4)NC(=O)NC3=O)c(=O)c2c1 CC(C)O
3L0T,3B92,P78536,ADAM17,ZN 440,[Zn+2] CC#CCOc1ccc(S(=O)(=O)CCCS)cc1
1ZXC,3G42,P78536,ADAM17,792 ZN,CC#CCOc1ccc(S(=O)(=O)N[C@H](Cc2c[nH]c3ccc(C)cc23)C(=O)O)cc1 [Zn+2]
1ZXC,3LEA,P78536,ADAM17,Z93 ZN IPA,COc1ccc2c(c1)C(=O)[N+](C[C@@]1(c3ccc(-c4cccnc4)cc3)NC(=O)NC1=O)=C2 [Zn+2] CC(C)O
1ZXC,2A8H,P78536,ADAM17,4NH ZN,CC1(C)SCCN(S(=O)(=O)c2ccc(OCC#CCN)cc2)[C@H]1C(=O)NO [Zn+2]
1ZXC,3LGP,P78536,ADAM17,ZN 50X,[Zn+2] O=C(NCc1ccc(Cn2c(C(F)(F)F)nc3ccccc32)s1)[C@H](O)[C@@H](O)C(=O)N1CCC[C@@H]1c1cccc(Cl)c1
3L0V,3EWJ,P78536,ADAM17,ZN INN 642,[Zn+2] CC(C)C[C@H](CC(=O)NO)C(=O)N[C@H](C(=O)N[C@@H](C)C(=O)NCCN)C(C)(C)C O=C(O)[C@H]1C[C@@]12C[C@@H](c1ccc(OCc3cc(-c4ccccc4)nc4ccccc34)cc1)NC2=O
3L0V,3G42,P78536,ADAM17,792 ZN,CC#CCOc1ccc(S(=O)(=O)N[C@H](Cc2c[nH]c3ccc(C)cc23)C(=O)O)cc1 [Zn+2]
3L0V,2FV5,P78536,ADAM17,541 ZN,Cc1cc(COc2ccc([C@]3(C)CCN([C@H](C)C(=O)NO)C3=O)cc2)c2ccccc2n1 [Zn+2]
3L0V,3LEA,P78536,ADAM17,Z93 ZN IPA,COc1ccc2c(c1)C(=O)[N+](C[C@@]1(c3ccc(-c4cccnc4)cc3)NC(=O)NC1=O)=C2 [Zn+2] CC(C)O
3L0V,2OI0,P78536,ADAM17,283 ZN,CC#CCOc1ccc(S(=O)(=O)N2CC[C@H](S)C2)cc1 [Zn+2]
3L0V,3LE9,P78536,ADAM17,ZN 727 IPA,[Zn+2] COc1ccc2[nH]n(C[C@@]3(c4ccccc4)NC(=O)NC3=O)c(=O)c2c1 CC(C)O
3L0V,2A8H,P78536,ADAM17,4NH ZN,CC1(C)SCCN(S(=O)(=O)c2ccc(OCC#CCN)cc2)[C@H]1C(=O)NO [Zn+2]
3L0V,3LGP,P78536,ADAM17,ZN 50X,[Zn+2] O=C(NCc1ccc(Cn2c(C(F)(F)F)nc3ccccc32)s1)[C@H](O)[C@@H](O)C(=O)N1CCC[C@@H]1c1cccc(Cl)c1
3L0V,3B92,P78536,ADAM17,ZN 440,[Zn+2] CC#CCOc1ccc(S(=O)(=O)CCCS)cc1
2I47,3G42,P78536,ADAM17,792 ZN,CC#CCOc1ccc(S(=O)(=O)N[C@H](Cc2c[nH]c3ccc(C)cc23)C(=O)O)cc1 [Zn+2]
2I47,2FV5,P78536,ADAM17,541 ZN,Cc1cc(COc2ccc([C@]3(C)CCN([C@H](C)C(=O)NO)C3=O)cc2)c2ccccc2n1 [Zn+2]
2I47,3LEA,P78536,ADAM17,Z93 ZN IPA,COc1ccc2c(c1)C(=O)[N+](C[C@@]1(c3ccc(-c4cccnc4)cc3)NC(=O)NC1=O)=C2 [Zn+2] CC(C)O
2I47,2OI0,P78536,ADAM17,283 ZN,CC#CCOc1ccc(S(=O)(=O)N2CC[C@H](S)C2)cc1 [Zn+2]
2I47,3LE9,P78536,ADAM17,ZN 727 IPA,[Zn+2] COc1ccc2[nH]n(C[C@@]3(c4ccccc4)NC(=O)NC3=O)c(=O)c2c1 CC(C)O
2I47,3L0V,P78536,ADAM17,ZN 724,[Zn+2] COc1ccc2[nH]n(C[C@@]3(C)NC(=O)NC3=O)c(=O)c2c1
2I47,3LGP,P78536,ADAM17,ZN 50X,[Zn+2] O=C(NCc1ccc(Cn2c(C(F)(F)F)nc3ccccc32)s1)[C@H](O)[C@@H](O)C(=O)N1CCC[C@@H]1c1cccc(Cl)c1
3EDZ,3LE9,P78536,ADAM17,ZN 727 IPA,[Zn+2] COc1ccc2[nH]n(C[C@@]3(c4ccccc4)NC(=O)NC3=O)c(=O)c2c1 CC(C)O
3EDZ,3LGP,P78536,ADAM17,ZN 50X,[Zn+2] O=C(NCc1ccc(Cn2c(C(F)(F)F)nc3ccccc32)s1)[C@H](O)[C@@H](O)C(=O)N1CCC[C@@H]1c1cccc(Cl)c1
2FV9,3LEA,P78536,ADAM17,Z93 ZN IPA,COc1ccc2c(c1)C(=O)[N+](C[C@@]1(c3ccc(-c4cccnc4)cc3)NC(=O)NC1=O)=C2 [Zn+2] CC(C)O
2FV9,3L0V,P78536,ADAM17,ZN 724,[Zn+2] COc1ccc2[nH]n(C[C@@]3(C)NC(=O)NC3=O)c(=O)c2c1
2FV9,2A8H,P78536,ADAM17,4NH ZN,CC1(C)SCCN(S(=O)(=O)c2ccc(OCC#CCN)cc2)[C@H]1C(=O)NO [Zn+2]
2FV9,3LGP,P78536,ADAM17,ZN 50X,[Zn+2] O=C(NCc1ccc(Cn2c(C(F)(F)F)nc3ccccc32)s1)[C@H](O)[C@@H](O)C(=O)N1CCC[C@@H]1c1cccc(Cl)c1
3KMC,1ZXC,P78536,ADAM17,ZN IH6,[Zn+2] CC#CCOc1ccc(S(=O)(=O)N2CCSC(C)(C)[C@@H]2C(=O)NO)cc1
3KMC,3LE9,P78536,ADAM17,ZN 727 IPA,[Zn+2] COc1ccc2[nH]n(C[C@@]3(c4ccccc4)NC(=O)NC3=O)c(=O)c2c1 CC(C)O
3KMC,3LGP,P78536,ADAM17,ZN 50X,[Zn+2] O=C(NCc1ccc(Cn2c(C(F)(F)F)nc3ccccc32)s1)[C@H](O)[C@@H](O)C(=O)N1CCC[C@@H]1c1cccc(Cl)c1
3LEA,3EWJ,P78536,ADAM17,ZN INN 642,[Zn+2] CC(C)C[C@H](CC(=O)NO)C(=O)N[C@H](C(=O)N[C@@H](C)C(=O)NCCN)C(C)(C)C O=C(O)[C@H]1C[C@@]12C[C@@H](c1ccc(OCc3cc(-c4ccccc4)nc4ccccc34)cc1)NC2=O
3LEA,3G42,P78536,ADAM17,792 ZN,CC#CCOc1ccc(S(=O)(=O)N[C@H](Cc2c[nH]c3ccc(C)cc23)C(=O)O)cc1 [Zn+2]
3LEA,2FV5,P78536,ADAM17,541 ZN,Cc1cc(COc2ccc([C@]3(C)CCN([C@H](C)C(=O)NO)C3=O)cc2)c2ccccc2n1 [Zn+2]
3LEA,1ZXC,P78536,ADAM17,ZN IH6,[Zn+2] CC#CCOc1ccc(S(=O)(=O)N2CCSC(C)(C)[C@@H]2C(=O)NO)cc1
3LEA,2A8H,P78536,ADAM17,4NH ZN,CC1(C)SCCN(S(=O)(=O)c2ccc(OCC#CCN)cc2)[C@H]1C(=O)NO [Zn+2]
3LEA,3LGP,P78536,ADAM17,ZN 50X,[Zn+2] O=C(NCc1ccc(Cn2c(C(F)(F)F)nc3ccccc32)s1)[C@H](O)[C@@H](O)C(=O)N1CCC[C@@H]1c1cccc(Cl)c1
3KME,2FV5,P78536,ADAM17,541 ZN,Cc1cc(COc2ccc([C@]3(C)CCN([C@H](C)C(=O)NO)C3=O)cc2)c2ccccc2n1 [Zn+2]
3KME,3LEA,P78536,ADAM17,Z93 ZN IPA,COc1ccc2c(c1)C(=O)[N+](C[C@@]1(c3ccc(-c4cccnc4)cc3)NC(=O)NC1=O)=C2 [Zn+2] CC(C)O
3KME,3LE9,P78536,ADAM17,ZN 727 IPA,[Zn+2] COc1ccc2[nH]n(C[C@@]3(c4ccccc4)NC(=O)NC3=O)c(=O)c2c1 CC(C)O
3KME,3L0V,P78536,ADAM17,ZN 724,[Zn+2] COc1ccc2[nH]n(C[C@@]3(C)NC(=O)NC3=O)c(=O)c2c1
3KME,2A8H,P78536,ADAM17,4NH ZN,CC1(C)SCCN(S(=O)(=O)c2ccc(OCC#CCN)cc2)[C@H]1C(=O)NO [Zn+2]
3KME,3LGP,P78536,ADAM17,ZN 50X,[Zn+2] O=C(NCc1ccc(Cn2c(C(F)(F)F)nc3ccccc32)s1)[C@H](O)[C@@H](O)C(=O)N1CCC[C@@H]1c1cccc(Cl)c1
3KME,3B92,P78536,ADAM17,ZN 440,[Zn+2] CC#CCOc1ccc(S(=O)(=O)CCCS)cc1
2A8H,3G42,P78536,ADAM17,792 ZN,CC#CCOc1ccc(S(=O)(=O)N[C@H](Cc2c[nH]c3ccc(C)cc23)C(=O)O)cc1 [Zn+2]
2A8H,2FV5,P78536,ADAM17,541 ZN,Cc1cc(COc2ccc([C@]3(C)CCN([C@H](C)C(=O)NO)C3=O)cc2)c2ccccc2n1 [Zn+2]
2A8H,3LEA,P78536,ADAM17,Z93 ZN IPA,COc1ccc2c(c1)C(=O)[N+](C[C@@]1(c3ccc(-c4cccnc4)cc3)NC(=O)NC1=O)=C2 [Zn+2] CC(C)O
2A8H,2OI0,P78536,ADAM17,283 ZN,CC#CCOc1ccc(S(=O)(=O)N2CC[C@H](S)C2)cc1 [Zn+2]
2A8H,3B92,P78536,ADAM17,ZN 440,[Zn+2] CC#CCOc1ccc(S(=O)(=O)CCCS)cc1
3LE9,3EWJ,P78536,ADAM17,ZN INN 642,[Zn+2] CC(C)C[C@H](CC(=O)NO)C(=O)N[C@H](C(=O)N[C@@H](C)C(=O)NCCN)C(C)(C)C O=C(O)[C@H]1C[C@@]12C[C@@H](c1ccc(OCc3cc(-c4ccccc4)nc4ccccc34)cc1)NC2=O
3LE9,3G42,P78536,ADAM17,792 ZN,CC#CCOc1ccc(S(=O)(=O)N[C@H](Cc2c[nH]c3ccc(C)cc23)C(=O)O)cc1 [Zn+2]
3LE9,2FV5,P78536,ADAM17,541 ZN,Cc1cc(COc2ccc([C@]3(C)CCN([C@H](C)C(=O)NO)C3=O)cc2)c2ccccc2n1 [Zn+2]
3LE9,3L0V,P78536,ADAM17,ZN 724,[Zn+2] COc1ccc2[nH]n(C[C@@]3(C)NC(=O)NC3=O)c(=O)c2c1
3LE9,2A8H,P78536,ADAM17,4NH ZN,CC1(C)SCCN(S(=O)(=O)c2ccc(OCC#CCN)cc2)[C@H]1C(=O)NO [Zn+2]
3LE9,3B92,P78536,ADAM17,ZN 440,[Zn+2] CC#CCOc1ccc(S(=O)(=O)CCCS)cc1
3EWJ,2FV5,P78536,ADAM17,541 ZN,Cc1cc(COc2ccc([C@]3(C)CCN([C@H](C)C(=O)NO)C3=O)cc2)c2ccccc2n1 [Zn+2]
3EWJ,3LEA,P78536,ADAM17,Z93 ZN IPA,COc1ccc2c(c1)C(=O)[N+](C[C@@]1(c3ccc(-c4cccnc4)cc3)NC(=O)NC1=O)=C2 [Zn+2] CC(C)O
3EWJ,2OI0,P78536,ADAM17,283 ZN,CC#CCOc1ccc(S(=O)(=O)N2CC[C@H](S)C2)cc1 [Zn+2]
3EWJ,3LGP,P78536,ADAM17,ZN 50X,[Zn+2] O=C(NCc1ccc(Cn2c(C(F)(F)F)nc3ccccc32)s1)[C@H](O)[C@@H](O)C(=O)N1CCC[C@@H]1c1cccc(Cl)c1
3B92,3EWJ,P78536,ADAM17,ZN INN 642,[Zn+2] CC(C)C[C@H](CC(=O)NO)C(=O)N[C@H](C(=O)N[C@@H](C)C(=O)NCCN)C(C)(C)C O=C(O)[C@H]1C[C@@]12C[C@@H](c1ccc(OCc3cc(-c4ccccc4)nc4ccccc34)cc1)NC2=O
3B92,3G42,P78536,ADAM17,792 ZN,CC#CCOc1ccc(S(=O)(=O)N[C@H](Cc2c[nH]c3ccc(C)cc23)C(=O)O)cc1 [Zn+2]
3B92,2OI0,P78536,ADAM17,283 ZN,CC#CCOc1ccc(S(=O)(=O)N2CC[C@H](S)C2)cc1 [Zn+2]
3B92,2A8H,P78536,ADAM17,4NH ZN,CC1(C)SCCN(S(=O)(=O)c2ccc(OCC#CCN)cc2)[C@H]1C(=O)NO [Zn+2]
3B92,3LGP,P78536,ADAM17,ZN 50X,[Zn+2] O=C(NCc1ccc(Cn2c(C(F)(F)F)nc3ccccc32)s1)[C@H](O)[C@@H](O)C(=O)N1CCC[C@@H]1c1cccc(Cl)c1
1BKC,2FV5,P78536,ADAM17,541 ZN,Cc1cc(COc2ccc([C@]3(C)CCN([C@H](C)C(=O)NO)C3=O)cc2)c2ccccc2n1 [Zn+2]
1BKC,3LEA,P78536,ADAM17,Z93 ZN IPA,COc1ccc2c(c1)C(=O)[N+](C[C@@]1(c3ccc(-c4cccnc4)cc3)NC(=O)NC1=O)=C2 [Zn+2] CC(C)O
1BKC,1ZXC,P78536,ADAM17,ZN IH6,[Zn+2] CC#CCOc1ccc(S(=O)(=O)N2CCSC(C)(C)[C@@H]2C(=O)NO)cc1
1BKC,2OI0,P78536,ADAM17,283 ZN,CC#CCOc1ccc(S(=O)(=O)N2CC[C@H](S)C2)cc1 [Zn+2]
1BKC,3LE9,P78536,ADAM17,ZN 727 IPA,[Zn+2] COc1ccc2[nH]n(C[C@@]3(c4ccccc4)NC(=O)NC3=O)c(=O)c2c1 CC(C)O
1BKC,2A8H,P78536,ADAM17,4NH ZN,CC1(C)SCCN(S(=O)(=O)c2ccc(OCC#CCN)cc2)[C@H]1C(=O)NO [Zn+2]
1BKC,3LGP,P78536,ADAM17,ZN 50X,[Zn+2] O=C(NCc1ccc(Cn2c(C(F)(F)F)nc3ccccc32)s1)[C@H](O)[C@@H](O)C(=O)N1CCC[C@@H]1c1cccc(Cl)c1
2Y02,4BVN,P07700,ADRB1,NA P32 MHA OLC,[Na+] CC(C)(C)NC[C@H](O)COc1cccc2c1CC(C#N)=N2 NC(=O)CN(CC(=O)O)CC(=O)O CCCCCCCC/C=C\CCCCCCCC(=O)OC[C@H](O)CO
2Y02,2YCZ,P07700,ADRB1,I32 SOG,CC(C)(C)NC[C@H](O)COc1cccc2[nH]c(C#N)c(I)c12 CCCCCCCCS[C@@H]1O[C@H](CO)[C@@H](O)[C@H](O)[C@H]1O
2Y02,2Y03,P07700,ADRB1,Y01 2CV 5FW NA,CC(C)CCC[C@@H](C)[C@H]1CC[C@H]2[C@@H]3CC=C4C[C@@H](OC(=O)CCC(=O)O)CC[C@]4(C)[C@H]3CC[C@]12C CCCCCCCCCC(=O)N(CCO)C[C@@H](O)[C@@H](O)[C@@H](O)[C@@H](O)CO CC(C)NC[C@H](O)c1ccc(O)c(O)c1 [Na+]
2Y02,3ZPR,P07700,ADRB1,NA Y01 3WC 2CV,[Na+] CC(C)CCC[C@@H](C)[C@H]1CC[C@H]2[C@@H]3CC=C4C[C@@H](OC(=O)CCC(=O)O)CC[C@]4(C)[C@H]3CC[C@]12C Cc1cc(N2CCNCC2)nc2ccccc12 CCCCCCCCCC(=O)N(CCO)C[C@@H](O)[C@@H](O)[C@@H](O)[C@@H](O)CO
2Y02,4AMJ,P07700,ADRB1,CVD NA 2CV,COc1ccccc1OCCNC[C@H](O)COc1cccc2[nH]c3ccccc3c12 [Na+] CCCCCCCCCC(=O)N(CCO)C[C@@H](O)[C@@H](O)[C@@H](O)[C@@H](O)CO
2Y02,2YCW,P07700,ADRB1,CAU 2CV NA,CC(C)NC[C@H](O)COc1cccc2[nH]c3ccccc3c12 CCCCCCCCCC(=O)N(CCO)C[C@@H](O)[C@@H](O)[C@@H](O)[C@@H](O)CO [Na+]
2Y02,3ZPQ,P07700,ADRB1,Y01 2CV XF5 NA,CC(C)CCC[C@@H](C)[C@H]1CC[C@H]2[C@@H]3CC=C4C[C@@H](OC(=O)CCC(=O)O)CC[C@]4(C)[C@H]3CC[C@]12C CCCCCCCCCC(=O)N(CCO)C[C@@H](O)[C@@H](O)[C@@H](O)[C@@H](O)CO c1cc(N2CCNCC2)c2cc[nH]c2c1 [Na+]
4AMI,4BVN,P07700,ADRB1,NA P32 MHA OLC,[Na+] CC(C)(C)NC[C@H](O)COc1cccc2c1CC(C#N)=N2 NC(=O)CN(CC(=O)O)CC(=O)O CCCCCCCC/C=C\CCCCCCCC(=O)OC[C@H](O)CO
4AMI,2YCZ,P07700,ADRB1,I32 SOG,CC(C)(C)NC[C@H](O)COc1cccc2[nH]c(C#N)c(I)c12 CCCCCCCCS[C@@H]1O[C@H](CO)[C@@H](O)[C@H](O)[C@H]1O
4AMI,2Y03,P07700,ADRB1,Y01 2CV 5FW NA,CC(C)CCC[C@@H](C)[C@H]1CC[C@H]2[C@@H]3CC=C4C[C@@H](OC(=O)CCC(=O)O)CC[C@]4(C)[C@H]3CC[C@]12C CCCCCCCCCC(=O)N(CCO)C[C@@H](O)[C@@H](O)[C@@H](O)[C@@H](O)CO CC(C)NC[C@H](O)c1ccc(O)c(O)c1 [Na+]
4AMI,3ZPR,P07700,ADRB1,NA Y01 3WC 2CV,[Na+] CC(C)CCC[C@@H](C)[C@H]1CC[C@H]2[C@@H]3CC=C4C[C@@H](OC(=O)CCC(=O)O)CC[C@]4(C)[C@H]3CC[C@]12C Cc1cc(N2CCNCC2)nc2ccccc12 CCCCCCCCCC(=O)N(CCO)C[C@@H](O)[C@@H](O)[C@@H](O)[C@@H](O)CO
4AMI,4AMJ,P07700,ADRB1,CVD NA 2CV,COc1ccccc1OCCNC[C@H](O)COc1cccc2[nH]c3ccccc3c12 [Na+] CCCCCCCCCC(=O)N(CCO)C[C@@H](O)[C@@H](O)[C@@H](O)[C@@H](O)CO
4AMI,5A8E,P07700,ADRB1,NA XTK MHA OLC,[Na+] Cc1ccc(OC[C@@H](O)CNC(C)(C)C)c2cc(C#N)[nH]c12 NC(=O)CN(CC(=O)O)CC(=O)O CCCCCCCC/C=C\CCCCCCCC(=O)OC[C@H](O)CO
4AMI,3ZPQ,P07700,ADRB1,Y01 2CV XF5 NA,CC(C)CCC[C@@H](C)[C@H]1CC[C@H]2[C@@H]3CC=C4C[C@@H](OC(=O)CCC(=O)O)CC[C@]4(C)[C@H]3CC[C@]12C CCCCCCCCCC(=O)N(CCO)C[C@@H](O)[C@@H](O)[C@@H](O)[C@@H](O)CO c1cc(N2CCNCC2)c2cc[nH]c2c1 [Na+]
2VT4,2YCZ,P07700,ADRB1,I32 SOG,CC(C)(C)NC[C@H](O)COc1cccc2[nH]c(C#N)c(I)c12 CCCCCCCCS[C@@H]1O[C@H](CO)[C@@H](O)[C@H](O)[C@H]1O
2VT4,2Y04,P07700,ADRB1,Y01 2CV 68H NA,CC(C)CCC[C@@H](C)[C@H]1CC[C@H]2[C@@H]3CC=C4C[C@@H](OC(=O)CCC(=O)O)CC[C@]4(C)[C@H]3CC[C@]12C CCCCCCCCCC(=O)N(CCO)C[C@@H](O)[C@@H](O)[C@@H](O)[C@@H](O)CO CC(C)(C)NC[C@H](O)c1ccc(O)c(CO)c1 [Na+]
2VT4,2Y02,P07700,ADRB1,Y01 2CV WHJ NA,CC(C)CCC[C@@H](C)[C@H]1CC[C@H]2[C@@H]3CC=C4C[C@@H](OC(=O)CCC(=O)O)CC[C@]4(C)[C@H]3CC[C@]12C CCCCCCCCCC(=O)N(CCO)C[C@@H](O)[C@@H](O)[C@@H](O)[C@@H](O)CO COc1ccc(C[C@@H](C)NC[C@H](O)c2ccc(O)c3[nH]c(=O)ccc23)cc1 [Na+]
2VT4,4AMJ,P07700,ADRB1,CVD NA 2CV,COc1ccccc1OCCNC[C@H](O)COc1cccc2[nH]c3ccccc3c12 [Na+] CCCCCCCCCC(=O)N(CCO)C[C@@H](O)[C@@H](O)[C@@H](O)[C@@H](O)CO
2VT4,2YCW,P07700,ADRB1,CAU 2CV NA,CC(C)NC[C@H](O)COc1cccc2[nH]c3ccccc3c12 CCCCCCCCCC(=O)N(CCO)C[C@@H](O)[C@@H](O)[C@@H](O)[C@@H](O)CO [Na+]
2VT4,5A8E,P07700,ADRB1,NA XTK MHA OLC,[Na+] Cc1ccc(OC[C@@H](O)CNC(C)(C)C)c2cc(C#N)[nH]c12 NC(=O)CN(CC(=O)O)CC(=O)O CCCCCCCC/C=C\CCCCCCCC(=O)OC[C@H](O)CO
2VT4,4AMI,P07700,ADRB1,G90 2CV,CC(C)(Cc1c[nH]c2ccccc12)NC[C@H](O)COc1ccccc1C#N CCCCCCCCCC(=O)N(CCO)C[C@@H](O)[C@@H](O)[C@@H](O)[C@@H](O)CO
5F8U,2YCZ,P07700,ADRB1,I32 SOG,CC(C)(C)NC[C@H](O)COc1cccc2[nH]c(C#N)c(I)c12 CCCCCCCCS[C@@H]1O[C@H](CO)[C@@H](O)[C@H](O)[C@H]1O
5F8U,2Y04,P07700,ADRB1,Y01 2CV 68H NA,CC(C)CCC[C@@H](C)[C@H]1CC[C@H]2[C@@H]3CC=C4C[C@@H](OC(=O)CCC(=O)O)CC[C@]4(C)[C@H]3CC[C@]12C CCCCCCCCCC(=O)N(CCO)C[C@@H](O)[C@@H](O)[C@@H](O)[C@@H](O)CO CC(C)(C)NC[C@H](O)c1ccc(O)c(CO)c1 [Na+]
5F8U,2Y03,P07700,ADRB1,Y01 2CV 5FW NA,CC(C)CCC[C@@H](C)[C@H]1CC[C@H]2[C@@H]3CC=C4C[C@@H](OC(=O)CCC(=O)O)CC[C@]4(C)[C@H]3CC[C@]12C CCCCCCCCCC(=O)N(CCO)C[C@@H](O)[C@@H](O)[C@@H](O)[C@@H](O)CO CC(C)NC[C@H](O)c1ccc(O)c(O)c1 [Na+]
5F8U,2Y02,P07700,ADRB1,Y01 2CV WHJ NA,CC(C)CCC[C@@H](C)[C@H]1CC[C@H]2[C@@H]3CC=C4C[C@@H](OC(=O)CCC(=O)O)CC[C@]4(C)[C@H]3CC[C@]12C CCCCCCCCCC(=O)N(CCO)C[C@@H](O)[C@@H](O)[C@@H](O)[C@@H](O)CO COc1ccc(C[C@@H](C)NC[C@H](O)c2ccc(O)c3[nH]c(=O)ccc23)cc1 [Na+]
5F8U,3ZPR,P07700,ADRB1,NA Y01 3WC 2CV,[Na+] CC(C)CCC[C@@H](C)[C@H]1CC[C@H]2[C@@H]3CC=C4C[C@@H](OC(=O)CCC(=O)O)CC[C@]4(C)[C@H]3CC[C@]12C Cc1cc(N2CCNCC2)nc2ccccc12 CCCCCCCCCC(=O)N(CCO)C[C@@H](O)[C@@H](O)[C@@H](O)[C@@H](O)CO
5F8U,4AMJ,P07700,ADRB1,CVD NA 2CV,COc1ccccc1OCCNC[C@H](O)COc1cccc2[nH]c3ccccc3c12 [Na+] CCCCCCCCCC(=O)N(CCO)C[C@@H](O)[C@@H](O)[C@@H](O)[C@@H](O)CO
5F8U,4AMI,P07700,ADRB1,G90 2CV,CC(C)(Cc1c[nH]c2ccccc12)NC[C@H](O)COc1ccccc1C#N CCCCCCCCCC(=O)N(CCO)C[C@@H](O)[C@@H](O)[C@@H](O)[C@@H](O)CO
4AMJ,4BVN,P07700,ADRB1,NA P32 MHA OLC,[Na+] CC(C)(C)NC[C@H](O)COc1cccc2c1CC(C#N)=N2 NC(=O)CN(CC(=O)O)CC(=O)O CCCCCCCC/C=C\CCCCCCCC(=O)OC[C@H](O)CO
4AMJ,2YCZ,P07700,ADRB1,I32 SOG,CC(C)(C)NC[C@H](O)COc1cccc2[nH]c(C#N)c(I)c12 CCCCCCCCS[C@@H]1O[C@H](CO)[C@@H](O)[C@H](O)[C@H]1O
4AMJ,2Y04,P07700,ADRB1,Y01 2CV 68H NA,CC(C)CCC[C@@H](C)[C@H]1CC[C@H]2[C@@H]3CC=C4C[C@@H](OC(=O)CCC(=O)O)CC[C@]4(C)[C@H]3CC[C@]12C CCCCCCCCCC(=O)N(CCO)C[C@@H](O)[C@@H](O)[C@@H](O)[C@@H](O)CO CC(C)(C)NC[C@H](O)c1ccc(O)c(CO)c1 [Na+]
4AMJ,2Y02,P07700,ADRB1,Y01 2CV WHJ NA,CC(C)CCC[C@@H](C)[C@H]1CC[C@H]2[C@@H]3CC=C4C[C@@H](OC(=O)CCC(=O)O)CC[C@]4(C)[C@H]3CC[C@]12C CCCCCCCCCC(=O)N(CCO)C[C@@H](O)[C@@H](O)[C@@H](O)[C@@H](O)CO COc1ccc(C[C@@H](C)NC[C@H](O)c2ccc(O)c3[nH]c(=O)ccc23)cc1 [Na+]
4AMJ,3ZPR,P07700,ADRB1,NA Y01 3WC 2CV,[Na+] CC(C)CCC[C@@H](C)[C@H]1CC[C@H]2[C@@H]3CC=C4C[C@@H](OC(=O)CCC(=O)O)CC[C@]4(C)[C@H]3CC[C@]12C Cc1cc(N2CCNCC2)nc2ccccc12 CCCCCCCCCC(=O)N(CCO)C[C@@H](O)[C@@H](O)[C@@H](O)[C@@H](O)CO
4AMJ,5A8E,P07700,ADRB1,NA XTK MHA OLC,[Na+] Cc1ccc(OC[C@@H](O)CNC(C)(C)C)c2cc(C#N)[nH]c12 NC(=O)CN(CC(=O)O)CC(=O)O CCCCCCCC/C=C\CCCCCCCC(=O)OC[C@H](O)CO
4BVN,2YCZ,P07700,ADRB1,I32 SOG,CC(C)(C)NC[C@H](O)COc1cccc2[nH]c(C#N)c(I)c12 CCCCCCCCS[C@@H]1O[C@H](CO)[C@@H](O)[C@H](O)[C@H]1O
4BVN,2Y04,P07700,ADRB1,Y01 2CV 68H NA,CC(C)CCC[C@@H](C)[C@H]1CC[C@H]2[C@@H]3CC=C4C[C@@H](OC(=O)CCC(=O)O)CC[C@]4(C)[C@H]3CC[C@]12C CCCCCCCCCC(=O)N(CCO)C[C@@H](O)[C@@H](O)[C@@H](O)[C@@H](O)CO CC(C)(C)NC[C@H](O)c1ccc(O)c(CO)c1 [Na+]
4BVN,2Y03,P07700,ADRB1,Y01 2CV 5FW NA,CC(C)CCC[C@@H](C)[C@H]1CC[C@H]2[C@@H]3CC=C4C[C@@H](OC(=O)CCC(=O)O)CC[C@]4(C)[C@H]3CC[C@]12C CCCCCCCCCC(=O)N(CCO)C[C@@H](O)[C@@H](O)[C@@H](O)[C@@H](O)CO CC(C)NC[C@H](O)c1ccc(O)c(O)c1 [Na+]
4BVN,4AMJ,P07700,ADRB1,CVD NA 2CV,COc1ccccc1OCCNC[C@H](O)COc1cccc2[nH]c3ccccc3c12 [Na+] CCCCCCCCCC(=O)N(CCO)C[C@@H](O)[C@@H](O)[C@@H](O)[C@@H](O)CO
4BVN,2YCW,P07700,ADRB1,CAU 2CV NA,CC(C)NC[C@H](O)COc1cccc2[nH]c3ccccc3c12 CCCCCCCCCC(=O)N(CCO)C[C@@H](O)[C@@H](O)[C@@H](O)[C@@H](O)CO [Na+]
4BVN,5A8E,P07700,ADRB1,NA XTK MHA OLC,[Na+] Cc1ccc(OC[C@@H](O)CNC(C)(C)C)c2cc(C#N)[nH]c12 NC(=O)CN(CC(=O)O)CC(=O)O CCCCCCCC/C=C\CCCCCCCC(=O)OC[C@H](O)CO
4BVN,3ZPQ,P07700,ADRB1,Y01 2CV XF5 NA,CC(C)CCC[C@@H](C)[C@H]1CC[C@H]2[C@@H]3CC=C4C[C@@H](OC(=O)CCC(=O)O)CC[C@]4(C)[C@H]3CC[C@]12C CCCCCCCCCC(=O)N(CCO)C[C@@H](O)[C@@H](O)[C@@H](O)[C@@H](O)CO c1cc(N2CCNCC2)c2cc[nH]c2c1 [Na+]
2YCY,2Y04,P07700,ADRB1,Y01 2CV 68H NA,CC(C)CCC[C@@H](C)[C@H]1CC[C@H]2[C@@H]3CC=C4C[C@@H](OC(=O)CCC(=O)O)CC[C@]4(C)[C@H]3CC[C@]12C CCCCCCCCCC(=O)N(CCO)C[C@@H](O)[C@@H](O)[C@@H](O)[C@@H](O)CO CC(C)(C)NC[C@H](O)c1ccc(O)c(CO)c1 [Na+]
2YCY,2Y03,P07700,ADRB1,Y01 2CV 5FW NA,CC(C)CCC[C@@H](C)[C@H]1CC[C@H]2[C@@H]3CC=C4C[C@@H](OC(=O)CCC(=O)O)CC[C@]4(C)[C@H]3CC[C@]12C CCCCCCCCCC(=O)N(CCO)C[C@@H](O)[C@@H](O)[C@@H](O)[C@@H](O)CO CC(C)NC[C@H](O)c1ccc(O)c(O)c1 [Na+]
2YCY,2Y02,P07700,ADRB1,Y01 2CV WHJ NA,CC(C)CCC[C@@H](C)[C@H]1CC[C@H]2[C@@H]3CC=C4C[C@@H](OC(=O)CCC(=O)O)CC[C@]4(C)[C@H]3CC[C@]12C CCCCCCCCCC(=O)N(CCO)C[C@@H](O)[C@@H](O)[C@@H](O)[C@@H](O)CO COc1ccc(C[C@@H](C)NC[C@H](O)c2ccc(O)c3[nH]c(=O)ccc23)cc1 [Na+]
2YCY,3ZPR,P07700,ADRB1,NA Y01 3WC 2CV,[Na+] CC(C)CCC[C@@H](C)[C@H]1CC[C@H]2[C@@H]3CC=C4C[C@@H](OC(=O)CCC(=O)O)CC[C@]4(C)[C@H]3CC[C@]12C Cc1cc(N2CCNCC2)nc2ccccc12 CCCCCCCCCC(=O)N(CCO)C[C@@H](O)[C@@H](O)[C@@H](O)[C@@H](O)CO
2YCY,4AMJ,P07700,ADRB1,CVD NA 2CV,COc1ccccc1OCCNC[C@H](O)COc1cccc2[nH]c3ccccc3c12 [Na+] CCCCCCCCCC(=O)N(CCO)C[C@@H](O)[C@@H](O)[C@@H](O)[C@@H](O)CO
2YCY,5A8E,P07700,ADRB1,NA XTK MHA OLC,[Na+] Cc1ccc(OC[C@@H](O)CNC(C)(C)C)c2cc(C#N)[nH]c12 NC(=O)CN(CC(=O)O)CC(=O)O CCCCCCCC/C=C\CCCCCCCC(=O)OC[C@H](O)CO
2YCY,4AMI,P07700,ADRB1,G90 2CV,CC(C)(Cc1c[nH]c2ccccc12)NC[C@H](O)COc1ccccc1C#N CCCCCCCCCC(=O)N(CCO)C[C@@H](O)[C@@H](O)[C@@H](O)[C@@H](O)CO
2YCW,4BVN,P07700,ADRB1,NA P32 MHA OLC,[Na+] CC(C)(C)NC[C@H](O)COc1cccc2c1CC(C#N)=N2 NC(=O)CN(CC(=O)O)CC(=O)O CCCCCCCC/C=C\CCCCCCCC(=O)OC[C@H](O)CO
2YCW,2YCZ,P07700,ADRB1,I32 SOG,CC(C)(C)NC[C@H](O)COc1cccc2[nH]c(C#N)c(I)c12 CCCCCCCCS[C@@H]1O[C@H](CO)[C@@H](O)[C@H](O)[C@H]1O
2YCW,2Y04,P07700,ADRB1,Y01 2CV 68H NA,CC(C)CCC[C@@H](C)[C@H]1CC[C@H]2[C@@H]3CC=C4C[C@@H](OC(=O)CCC(=O)O)CC[C@]4(C)[C@H]3CC[C@]12C CCCCCCCCCC(=O)N(CCO)C[C@@H](O)[C@@H](O)[C@@H](O)[C@@H](O)CO CC(C)(C)NC[C@H](O)c1ccc(O)c(CO)c1 [Na+]
2YCW,2Y03,P07700,ADRB1,Y01 2CV 5FW NA,CC(C)CCC[C@@H](C)[C@H]1CC[C@H]2[C@@H]3CC=C4C[C@@H](OC(=O)CCC(=O)O)CC[C@]4(C)[C@H]3CC[C@]12C CCCCCCCCCC(=O)N(CCO)C[C@@H](O)[C@@H](O)[C@@H](O)[C@@H](O)CO CC(C)NC[C@H](O)c1ccc(O)c(O)c1 [Na+]
2YCW,2Y02,P07700,ADRB1,Y01 2CV WHJ NA,CC(C)CCC[C@@H](C)[C@H]1CC[C@H]2[C@@H]3CC=C4C[C@@H](OC(=O)CCC(=O)O)CC[C@]4(C)[C@H]3CC[C@]12C CCCCCCCCCC(=O)N(CCO)C[C@@H](O)[C@@H](O)[C@@H](O)[C@@H](O)CO COc1ccc(C[C@@H](C)NC[C@H](O)c2ccc(O)c3[nH]c(=O)ccc23)cc1 [Na+]
2YCW,4AMJ,P07700,ADRB1,CVD NA 2CV,COc1ccccc1OCCNC[C@H](O)COc1cccc2[nH]c3ccccc3c12 [Na+] CCCCCCCCCC(=O)N(CCO)C[C@@H](O)[C@@H](O)[C@@H](O)[C@@H](O)CO
2YCW,5A8E,P07700,ADRB1,NA XTK MHA OLC,[Na+] Cc1ccc(OC[C@@H](O)CNC(C)(C)C)c2cc(C#N)[nH]c12 NC(=O)CN(CC(=O)O)CC(=O)O CCCCCCCC/C=C\CCCCCCCC(=O)OC[C@H](O)CO
2YCW,4AMI,P07700,ADRB1,G90 2CV,CC(C)(Cc1c[nH]c2ccccc12)NC[C@H](O)COc1ccccc1C#N CCCCCCCCCC(=O)N(CCO)C[C@@H](O)[C@@H](O)[C@@H](O)[C@@H](O)CO
2YCW,3ZPQ,P07700,ADRB1,Y01 2CV XF5 NA,CC(C)CCC[C@@H](C)[C@H]1CC[C@H]2[C@@H]3CC=C4C[C@@H](OC(=O)CCC(=O)O)CC[C@]4(C)[C@H]3CC[C@]12C CCCCCCCCCC(=O)N(CCO)C[C@@H](O)[C@@H](O)[C@@H](O)[C@@H](O)CO c1cc(N2CCNCC2)c2cc[nH]c2c1 [Na+]
3ZPQ,4BVN,P07700,ADRB1,NA P32 MHA OLC,[Na+] CC(C)(C)NC[C@H](O)COc1cccc2c1CC(C#N)=N2 NC(=O)CN(CC(=O)O)CC(=O)O CCCCCCCC/C=C\CCCCCCCC(=O)OC[C@H](O)CO
3ZPQ,2YCZ,P07700,ADRB1,I32 SOG,CC(C)(C)NC[C@H](O)COc1cccc2[nH]c(C#N)c(I)c12 CCCCCCCCS[C@@H]1O[C@H](CO)[C@@H](O)[C@H](O)[C@H]1O
3ZPQ,2Y04,P07700,ADRB1,Y01 2CV 68H NA,CC(C)CCC[C@@H](C)[C@H]1CC[C@H]2[C@@H]3CC=C4C[C@@H](OC(=O)CCC(=O)O)CC[C@]4(C)[C@H]3CC[C@]12C CCCCCCCCCC(=O)N(CCO)C[C@@H](O)[C@@H](O)[C@@H](O)[C@@H](O)CO CC(C)(C)NC[C@H](O)c1ccc(O)c(CO)c1 [Na+]
3ZPQ,2Y03,P07700,ADRB1,Y01 2CV 5FW NA,CC(C)CCC[C@@H](C)[C@H]1CC[C@H]2[C@@H]3CC=C4C[C@@H](OC(=O)CCC(=O)O)CC[C@]4(C)[C@H]3CC[C@]12C CCCCCCCCCC(=O)N(CCO)C[C@@H](O)[C@@H](O)[C@@H](O)[C@@H](O)CO CC(C)NC[C@H](O)c1ccc(O)c(O)c1 [Na+]
3ZPQ,3ZPR,P07700,ADRB1,NA Y01 3WC 2CV,[Na+] CC(C)CCC[C@@H](C)[C@H]1CC[C@H]2[C@@H]3CC=C4C[C@@H](OC(=O)CCC(=O)O)CC[C@]4(C)[C@H]3CC[C@]12C Cc1cc(N2CCNCC2)nc2ccccc12 CCCCCCCCCC(=O)N(CCO)C[C@@H](O)[C@@H](O)[C@@H](O)[C@@H](O)CO
3ZPQ,2YCW,P07700,ADRB1,CAU 2CV NA,CC(C)NC[C@H](O)COc1cccc2[nH]c3ccccc3c12 CCCCCCCCCC(=O)N(CCO)C[C@@H](O)[C@@H](O)[C@@H](O)[C@@H](O)CO [Na+]
3ZPQ,5A8E,P07700,ADRB1,NA XTK MHA OLC,[Na+] Cc1ccc(OC[C@@H](O)CNC(C)(C)C)c2cc(C#N)[nH]c12 NC(=O)CN(CC(=O)O)CC(=O)O CCCCCCCC/C=C\CCCCCCCC(=O)OC[C@H](O)CO
3ZPR,2Y03,P07700,ADRB1,Y01 2CV 5FW NA,CC(C)CCC[C@@H](C)[C@H]1CC[C@H]2[C@@H]3CC=C4C[C@@H](OC(=O)CCC(=O)O)CC[C@]4(C)[C@H]3CC[C@]12C CCCCCCCCCC(=O)N(CCO)C[C@@H](O)[C@@H](O)[C@@H](O)[C@@H](O)CO CC(C)NC[C@H](O)c1ccc(O)c(O)c1 [Na+]
3ZPR,2Y02,P07700,ADRB1,Y01 2CV WHJ NA,CC(C)CCC[C@@H](C)[C@H]1CC[C@H]2[C@@H]3CC=C4C[C@@H](OC(=O)CCC(=O)O)CC[C@]4(C)[C@H]3CC[C@]12C CCCCCCCCCC(=O)N(CCO)C[C@@H](O)[C@@H](O)[C@@H](O)[C@@H](O)CO COc1ccc(C[C@@H](C)NC[C@H](O)c2ccc(O)c3[nH]c(=O)ccc23)cc1 [Na+]
3ZPR,5A8E,P07700,ADRB1,NA XTK MHA OLC,[Na+] Cc1ccc(OC[C@@H](O)CNC(C)(C)C)c2cc(C#N)[nH]c12 NC(=O)CN(CC(=O)O)CC(=O)O CCCCCCCC/C=C\CCCCCCCC(=O)OC[C@H](O)CO
3ZPR,3ZPQ,P07700,ADRB1,Y01 2CV XF5 NA,CC(C)CCC[C@@H](C)[C@H]1CC[C@H]2[C@@H]3CC=C4C[C@@H](OC(=O)CCC(=O)O)CC[C@]4(C)[C@H]3CC[C@]12C CCCCCCCCCC(=O)N(CCO)C[C@@H](O)[C@@H](O)[C@@H](O)[C@@H](O)CO c1cc(N2CCNCC2)c2cc[nH]c2c1 [Na+]
2YCX,2YCZ,P07700,ADRB1,I32 SOG,CC(C)(C)NC[C@H](O)COc1cccc2[nH]c(C#N)c(I)c12 CCCCCCCCS[C@@H]1O[C@H](CO)[C@@H](O)[C@H](O)[C@H]1O
2YCX,2Y04,P07700,ADRB1,Y01 2CV 68H NA,CC(C)CCC[C@@H](C)[C@H]1CC[C@H]2[C@@H]3CC=C4C[C@@H](OC(=O)CCC(=O)O)CC[C@]4(C)[C@H]3CC[C@]12C CCCCCCCCCC(=O)N(CCO)C[C@@H](O)[C@@H](O)[C@@H](O)[C@@H](O)CO CC(C)(C)NC[C@H](O)c1ccc(O)c(CO)c1 [Na+]
2YCX,2Y03,P07700,ADRB1,Y01 2CV 5FW NA,CC(C)CCC[C@@H](C)[C@H]1CC[C@H]2[C@@H]3CC=C4C[C@@H](OC(=O)CCC(=O)O)CC[C@]4(C)[C@H]3CC[C@]12C CCCCCCCCCC(=O)N(CCO)C[C@@H](O)[C@@H](O)[C@@H](O)[C@@H](O)CO CC(C)NC[C@H](O)c1ccc(O)c(O)c1 [Na+]
2YCX,2Y02,P07700,ADRB1,Y01 2CV WHJ NA,CC(C)CCC[C@@H](C)[C@H]1CC[C@H]2[C@@H]3CC=C4C[C@@H](OC(=O)CCC(=O)O)CC[C@]4(C)[C@H]3CC[C@]12C CCCCCCCCCC(=O)N(CCO)C[C@@H](O)[C@@H](O)[C@@H](O)[C@@H](O)CO COc1ccc(C[C@@H](C)NC[C@H](O)c2ccc(O)c3[nH]c(=O)ccc23)cc1 [Na+]
2YCX,3ZPR,P07700,ADRB1,NA Y01 3WC 2CV,[Na+] CC(C)CCC[C@@H](C)[C@H]1CC[C@H]2[C@@H]3CC=C4C[C@@H](OC(=O)CCC(=O)O)CC[C@]4(C)[C@H]3CC[C@]12C Cc1cc(N2CCNCC2)nc2ccccc12 CCCCCCCCCC(=O)N(CCO)C[C@@H](O)[C@@H](O)[C@@H](O)[C@@H](O)CO
2YCX,5A8E,P07700,ADRB1,NA XTK MHA OLC,[Na+] Cc1ccc(OC[C@@H](O)CNC(C)(C)C)c2cc(C#N)[nH]c12 NC(=O)CN(CC(=O)O)CC(=O)O CCCCCCCC/C=C\CCCCCCCC(=O)OC[C@H](O)CO
2YCX,4AMI,P07700,ADRB1,G90 2CV,CC(C)(Cc1c[nH]c2ccccc12)NC[C@H](O)COc1ccccc1C#N CCCCCCCCCC(=O)N(CCO)C[C@@H](O)[C@@H](O)[C@@H](O)[C@@H](O)CO
2Y03,4BVN,P07700,ADRB1,NA P32 MHA OLC,[Na+] CC(C)(C)NC[C@H](O)COc1cccc2c1CC(C#N)=N2 NC(=O)CN(CC(=O)O)CC(=O)O CCCCCCCC/C=C\CCCCCCCC(=O)OC[C@H](O)CO
2Y03,2YCZ,P07700,ADRB1,I32 SOG,CC(C)(C)NC[C@H](O)COc1cccc2[nH]c(C#N)c(I)c12 CCCCCCCCS[C@@H]1O[C@H](CO)[C@@H](O)[C@H](O)[C@H]1O
2Y03,2Y02,P07700,ADRB1,Y01 2CV WHJ NA,CC(C)CCC[C@@H](C)[C@H]1CC[C@H]2[C@@H]3CC=C4C[C@@H](OC(=O)CCC(=O)O)CC[C@]4(C)[C@H]3CC[C@]12C CCCCCCCCCC(=O)N(CCO)C[C@@H](O)[C@@H](O)[C@@H](O)[C@@H](O)CO COc1ccc(C[C@@H](C)NC[C@H](O)c2ccc(O)c3[nH]c(=O)ccc23)cc1 [Na+]
2Y03,3ZPR,P07700,ADRB1,NA Y01 3WC 2CV,[Na+] CC(C)CCC[C@@H](C)[C@H]1CC[C@H]2[C@@H]3CC=C4C[C@@H](OC(=O)CCC(=O)O)CC[C@]4(C)[C@H]3CC[C@]12C Cc1cc(N2CCNCC2)nc2ccccc12 CCCCCCCCCC(=O)N(CCO)C[C@@H](O)[C@@H](O)[C@@H](O)[C@@H](O)CO
2Y03,4AMJ,P07700,ADRB1,CVD NA 2CV,COc1ccccc1OCCNC[C@H](O)COc1cccc2[nH]c3ccccc3c12 [Na+] CCCCCCCCCC(=O)N(CCO)C[C@@H](O)[C@@H](O)[C@@H](O)[C@@H](O)CO
2Y03,5A8E,P07700,ADRB1,NA XTK MHA OLC,[Na+] Cc1ccc(OC[C@@H](O)CNC(C)(C)C)c2cc(C#N)[nH]c12 NC(=O)CN(CC(=O)O)CC(=O)O CCCCCCCC/C=C\CCCCCCCC(=O)OC[C@H](O)CO
2Y04,4BVN,P07700,ADRB1,NA P32 MHA OLC,[Na+] CC(C)(C)NC[C@H](O)COc1cccc2c1CC(C#N)=N2 NC(=O)CN(CC(=O)O)CC(=O)O CCCCCCCC/C=C\CCCCCCCC(=O)OC[C@H](O)CO
2Y04,2YCZ,P07700,ADRB1,I32 SOG,CC(C)(C)NC[C@H](O)COc1cccc2[nH]c(C#N)c(I)c12 CCCCCCCCS[C@@H]1O[C@H](CO)[C@@H](O)[C@H](O)[C@H]1O
2Y04,2Y02,P07700,ADRB1,Y01 2CV WHJ NA,CC(C)CCC[C@@H](C)[C@H]1CC[C@H]2[C@@H]3CC=C4C[C@@H](OC(=O)CCC(=O)O)CC[C@]4(C)[C@H]3CC[C@]12C CCCCCCCCCC(=O)N(CCO)C[C@@H](O)[C@@H](O)[C@@H](O)[C@@H](O)CO COc1ccc(C[C@@H](C)NC[C@H](O)c2ccc(O)c3[nH]c(=O)ccc23)cc1 [Na+]
2Y04,2YCW,P07700,ADRB1,CAU 2CV NA,CC(C)NC[C@H](O)COc1cccc2[nH]c3ccccc3c12 CCCCCCCCCC(=O)N(CCO)C[C@@H](O)[C@@H](O)[C@@H](O)[C@@H](O)CO [Na+]
2Y04,5A8E,P07700,ADRB1,NA XTK MHA OLC,[Na+] Cc1ccc(OC[C@@H](O)CNC(C)(C)C)c2cc(C#N)[nH]c12 NC(=O)CN(CC(=O)O)CC(=O)O CCCCCCCC/C=C\CCCCCCCC(=O)OC[C@H](O)CO
2Y04,4AMI,P07700,ADRB1,G90 2CV,CC(C)(Cc1c[nH]c2ccccc12)NC[C@H](O)COc1ccccc1C#N CCCCCCCCCC(=O)N(CCO)C[C@@H](O)[C@@H](O)[C@@H](O)[C@@H](O)CO
2Y04,3ZPQ,P07700,ADRB1,Y01 2CV XF5 NA,CC(C)CCC[C@@H](C)[C@H]1CC[C@H]2[C@@H]3CC=C4C[C@@H](OC(=O)CCC(=O)O)CC[C@]4(C)[C@H]3CC[C@]12C CCCCCCCCCC(=O)N(CCO)C[C@@H](O)[C@@H](O)[C@@H](O)[C@@H](O)CO c1cc(N2CCNCC2)c2cc[nH]c2c1 [Na+]
2YCZ,4BVN,P07700,ADRB1,NA P32 MHA OLC,[Na+] CC(C)(C)NC[C@H](O)COc1cccc2c1CC(C#N)=N2 NC(=O)CN(CC(=O)O)CC(=O)O CCCCCCCC/C=C\CCCCCCCC(=O)OC[C@H](O)CO
2YCZ,2Y04,P07700,ADRB1,Y01 2CV 68H NA,CC(C)CCC[C@@H](C)[C@H]1CC[C@H]2[C@@H]3CC=C4C[C@@H](OC(=O)CCC(=O)O)CC[C@]4(C)[C@H]3CC[C@]12C CCCCCCCCCC(=O)N(CCO)C[C@@H](O)[C@@H](O)[C@@H](O)[C@@H](O)CO CC(C)(C)NC[C@H](O)c1ccc(O)c(CO)c1 [Na+]
2YCZ,2Y02,P07700,ADRB1,Y01 2CV WHJ NA,CC(C)CCC[C@@H](C)[C@H]1CC[C@H]2[C@@H]3CC=C4C[C@@H](OC(=O)CCC(=O)O)CC[C@]4(C)[C@H]3CC[C@]12C CCCCCCCCCC(=O)N(CCO)C[C@@H](O)[C@@H](O)[C@@H](O)[C@@H](O)CO COc1ccc(C[C@@H](C)NC[C@H](O)c2ccc(O)c3[nH]c(=O)ccc23)cc1 [Na+]
2YCZ,3ZPR,P07700,ADRB1,NA Y01 3WC 2CV,[Na+] CC(C)CCC[C@@H](C)[C@H]1CC[C@H]2[C@@H]3CC=C4C[C@@H](OC(=O)CCC(=O)O)CC[C@]4(C)[C@H]3CC[C@]12C Cc1cc(N2CCNCC2)nc2ccccc12 CCCCCCCCCC(=O)N(CCO)C[C@@H](O)[C@@H](O)[C@@H](O)[C@@H](O)CO
2YCZ,2YCW,P07700,ADRB1,CAU 2CV NA,CC(C)NC[C@H](O)COc1cccc2[nH]c3ccccc3c12 CCCCCCCCCC(=O)N(CCO)C[C@@H](O)[C@@H](O)[C@@H](O)[C@@H](O)CO [Na+]
2YCZ,5A8E,P07700,ADRB1,NA XTK MHA OLC,[Na+] Cc1ccc(OC[C@@H](O)CNC(C)(C)C)c2cc(C#N)[nH]c12 NC(=O)CN(CC(=O)O)CC(=O)O CCCCCCCC/C=C\CCCCCCCC(=O)OC[C@H](O)CO
5A8E,4BVN,P07700,ADRB1,NA P32 MHA OLC,[Na+] CC(C)(C)NC[C@H](O)COc1cccc2c1CC(C#N)=N2 NC(=O)CN(CC(=O)O)CC(=O)O CCCCCCCC/C=C\CCCCCCCC(=O)OC[C@H](O)CO
5A8E,2YCZ,P07700,ADRB1,I32 SOG,CC(C)(C)NC[C@H](O)COc1cccc2[nH]c(C#N)c(I)c12 CCCCCCCCS[C@@H]1O[C@H](CO)[C@@H](O)[C@H](O)[C@H]1O
5A8E,2Y04,P07700,ADRB1,Y01 2CV 68H NA,CC(C)CCC[C@@H](C)[C@H]1CC[C@H]2[C@@H]3CC=C4C[C@@H](OC(=O)CCC(=O)O)CC[C@]4(C)[C@H]3CC[C@]12C CCCCCCCCCC(=O)N(CCO)C[C@@H](O)[C@@H](O)[C@@H](O)[C@@H](O)CO CC(C)(C)NC[C@H](O)c1ccc(O)c(CO)c1 [Na+]
5A8E,2Y02,P07700,ADRB1,Y01 2CV WHJ NA,CC(C)CCC[C@@H](C)[C@H]1CC[C@H]2[C@@H]3CC=C4C[C@@H](OC(=O)CCC(=O)O)CC[C@]4(C)[C@H]3CC[C@]12C CCCCCCCCCC(=O)N(CCO)C[C@@H](O)[C@@H](O)[C@@H](O)[C@@H](O)CO COc1ccc(C[C@@H](C)NC[C@H](O)c2ccc(O)c3[nH]c(=O)ccc23)cc1 [Na+]
5A8E,3ZPR,P07700,ADRB1,NA Y01 3WC 2CV,[Na+] CC(C)CCC[C@@H](C)[C@H]1CC[C@H]2[C@@H]3CC=C4C[C@@H](OC(=O)CCC(=O)O)CC[C@]4(C)[C@H]3CC[C@]12C Cc1cc(N2CCNCC2)nc2ccccc12 CCCCCCCCCC(=O)N(CCO)C[C@@H](O)[C@@H](O)[C@@H](O)[C@@H](O)CO
5A8E,3ZPQ,P07700,ADRB1,Y01 2CV XF5 NA,CC(C)CCC[C@@H](C)[C@H]1CC[C@H]2[C@@H]3CC=C4C[C@@H](OC(=O)CCC(=O)O)CC[C@]4(C)[C@H]3CC[C@]12C CCCCCCCCCC(=O)N(CCO)C[C@@H](O)[C@@H](O)[C@@H](O)[C@@H](O)CO c1cc(N2CCNCC2)c2cc[nH]c2c1 [Na+]
3NY8,3D4S,P07550,ADRB2,TIM CLR OLC,CC(C)(C)NC[C@H](O)COc1nsnc1N1CCOCC1 CC(C)CCC[C@@H](C)[C@H]1CC[C@H]2[C@@H]3CC=C4C[C@@H](O)CC[C@]4(C)[C@H]3CC[C@]12C CCCCCCCC/C=C\CCCCCCCC(=O)OC[C@H](O)CO
3NY8,3PDS,P07550,ADRB2,ERC CLR SO4,COc1cc(CCNC[C@H](O)c2ccc(O)c3[nH]c(=O)ccc23)ccc1OCCCS CC(C)CCC[C@@H](C)[C@H]1CC[C@H]2[C@@H]3CC=C4C[C@@H](O)CC[C@]4(C)[C@H]3CC[C@]12C O=S(=O)([O-])[O-]
3NY8,5D6L,P07550,ADRB2,SO4 CAU BU1 ACM CLR PLM 12P,O=S(=O)([O-])[O-] CC(C)NC[C@H](O)COc1cccc2[nH]c3ccccc3c12 OCCCCO CC(N)=O CC(C)CCC[C@@H](C)[C@H]1CC[C@H]2[C@@H]3CC=C4C[C@@H](O)CC[C@]4(C)[C@H]3CC[C@]12C CCCCCCCCCCCCCCCC(=O)O OCCOCCOCCOCCOCCOCCOCCOCCOCCOCCOCCOCCO
3NY8,3P0G,P07550,ADRB2,P0G,Cc1ccccc1CC(C)(C)NC[C@H](O)c1ccc(O)c2c1OCC(=O)N2
3NY8,3NYA,P07550,ADRB2,CLR JTZ,CC(C)CCC[C@@H](C)[C@H]1CC[C@H]2[C@@H]3CC=C4C[C@@H](O)CC[C@]4(C)[C@H]3CC[C@]12C C=CCc1ccccc1OC[C@@H](O)CNC(C)C
3NY8,3NY9,P07550,ADRB2,CLR JSZ OLC,CC(C)CCC[C@@H](C)[C@H]1CC[C@H]2[C@@H]3CC=C4C[C@@H](O)CC[C@]4(C)[C@H]3CC[C@]12C CCOC(=O)c1oc2cccc(OC[C@@H](O)CNC(C)C)c2c1C CCCCCCCC/C=C\CCCCCCCC(=O)OC[C@H](O)CO
5X7D,3D4S,P07550,ADRB2,TIM CLR OLC,CC(C)(C)NC[C@H](O)COc1nsnc1N1CCOCC1 CC(C)CCC[C@@H](C)[C@H]1CC[C@H]2[C@@H]3CC=C4C[C@@H](O)CC[C@]4(C)[C@H]3CC[C@]12C CCCCCCCC/C=C\CCCCCCCC(=O)OC[C@H](O)CO
5X7D,3PDS,P07550,ADRB2,ERC CLR SO4,COc1cc(CCNC[C@H](O)c2ccc(O)c3[nH]c(=O)ccc23)ccc1OCCCS CC(C)CCC[C@@H](C)[C@H]1CC[C@H]2[C@@H]3CC=C4C[C@@H](O)CC[C@]4(C)[C@H]3CC[C@]12C O=S(=O)([O-])[O-]
5X7D,3NY8,P07550,ADRB2,CLR JRZ OLA OLC PGE,CC(C)CCC[C@@H](C)[C@H]1CC[C@H]2[C@@H]3CC=C4C[C@@H](O)CC[C@]4(C)[C@H]3CC[C@]12C Cc1ccc(OC[C@@H](O)[C@H](C)NC(C)C)c2c1CCC2 CCCCCCCC/C=C\CCCCCCCC(=O)O CCCCCCCC/C=C\CCCCCCCC(=O)OC[C@H](O)CO OCCOCCOCCO
5X7D,3P0G,P07550,ADRB2,P0G,Cc1ccccc1CC(C)(C)NC[C@H](O)c1ccc(O)c2c1OCC(=O)N2
5X7D,3NYA,P07550,ADRB2,CLR JTZ,CC(C)CCC[C@@H](C)[C@H]1CC[C@H]2[C@@H]3CC=C4C[C@@H](O)CC[C@]4(C)[C@H]3CC[C@]12C C=CCc1ccccc1OC[C@@H](O)CNC(C)C
5X7D,3NY9,P07550,ADRB2,CLR JSZ OLC,CC(C)CCC[C@@H](C)[C@H]1CC[C@H]2[C@@H]3CC=C4C[C@@H](O)CC[C@]4(C)[C@H]3CC[C@]12C CCOC(=O)c1oc2cccc(OC[C@@H](O)CNC(C)C)c2c1C CCCCCCCC/C=C\CCCCCCCC(=O)OC[C@H](O)CO
3NY9,3D4S,P07550,ADRB2,TIM CLR OLC,CC(C)(C)NC[C@H](O)COc1nsnc1N1CCOCC1 CC(C)CCC[C@@H](C)[C@H]1CC[C@H]2[C@@H]3CC=C4C[C@@H](O)CC[C@]4(C)[C@H]3CC[C@]12C CCCCCCCC/C=C\CCCCCCCC(=O)OC[C@H](O)CO
3NY9,3PDS,P07550,ADRB2,ERC CLR SO4,COc1cc(CCNC[C@H](O)c2ccc(O)c3[nH]c(=O)ccc23)ccc1OCCCS CC(C)CCC[C@@H](C)[C@H]1CC[C@H]2[C@@H]3CC=C4C[C@@H](O)CC[C@]4(C)[C@H]3CC[C@]12C O=S(=O)([O-])[O-]
3NY9,5D6L,P07550,ADRB2,SO4 CAU BU1 ACM CLR PLM 12P,O=S(=O)([O-])[O-] CC(C)NC[C@H](O)COc1cccc2[nH]c3ccccc3c12 OCCCCO CC(N)=O CC(C)CCC[C@@H](C)[C@H]1CC[C@H]2[C@@H]3CC=C4C[C@@H](O)CC[C@]4(C)[C@H]3CC[C@]12C CCCCCCCCCCCCCCCC(=O)O OCCOCCOCCOCCOCCOCCOCCOCCOCCOCCOCCOCCO
3NY9,3NY8,P07550,ADRB2,CLR JRZ OLA OLC PGE,CC(C)CCC[C@@H](C)[C@H]1CC[C@H]2[C@@H]3CC=C4C[C@@H](O)CC[C@]4(C)[C@H]3CC[C@]12C Cc1ccc(OC[C@@H](O)[C@H](C)NC(C)C)c2c1CCC2 CCCCCCCC/C=C\CCCCCCCC(=O)O CCCCCCCC/C=C\CCCCCCCC(=O)OC[C@H](O)CO OCCOCCOCCO
3NY9,3P0G,P07550,ADRB2,P0G,Cc1ccccc1CC(C)(C)NC[C@H](O)c1ccc(O)c2c1OCC(=O)N2
3NY9,3NYA,P07550,ADRB2,CLR JTZ,CC(C)CCC[C@@H](C)[C@H]1CC[C@H]2[C@@H]3CC=C4C[C@@H](O)CC[C@]4(C)[C@H]3CC[C@]12C C=CCc1ccccc1OC[C@@H](O)CNC(C)C
5D5A,3D4S,P07550,ADRB2,TIM CLR OLC,CC(C)(C)NC[C@H](O)COc1nsnc1N1CCOCC1 CC(C)CCC[C@@H](C)[C@H]1CC[C@H]2[C@@H]3CC=C4C[C@@H](O)CC[C@]4(C)[C@H]3CC[C@]12C CCCCCCCC/C=C\CCCCCCCC(=O)OC[C@H](O)CO
5D5A,3PDS,P07550,ADRB2,ERC CLR SO4,COc1cc(CCNC[C@H](O)c2ccc(O)c3[nH]c(=O)ccc23)ccc1OCCCS CC(C)CCC[C@@H](C)[C@H]1CC[C@H]2[C@@H]3CC=C4C[C@@H](O)CC[C@]4(C)[C@H]3CC[C@]12C O=S(=O)([O-])[O-]
5D5A,3NY8,P07550,ADRB2,CLR JRZ OLA OLC PGE,CC(C)CCC[C@@H](C)[C@H]1CC[C@H]2[C@@H]3CC=C4C[C@@H](O)CC[C@]4(C)[C@H]3CC[C@]12C Cc1ccc(OC[C@@H](O)[C@H](C)NC(C)C)c2c1CCC2 CCCCCCCC/C=C\CCCCCCCC(=O)O CCCCCCCC/C=C\CCCCCCCC(=O)OC[C@H](O)CO OCCOCCOCCO
5D5A,3P0G,P07550,ADRB2,P0G,Cc1ccccc1CC(C)(C)NC[C@H](O)c1ccc(O)c2c1OCC(=O)N2
5D5A,3NYA,P07550,ADRB2,CLR JTZ,CC(C)CCC[C@@H](C)[C@H]1CC[C@H]2[C@@H]3CC=C4C[C@@H](O)CC[C@]4(C)[C@H]3CC[C@]12C C=CCc1ccccc1OC[C@@H](O)CNC(C)C
5D5A,3NY9,P07550,ADRB2,CLR JSZ OLC,CC(C)CCC[C@@H](C)[C@H]1CC[C@H]2[C@@H]3CC=C4C[C@@H](O)CC[C@]4(C)[C@H]3CC[C@]12C CCOC(=O)c1oc2cccc(OC[C@@H](O)CNC(C)C)c2c1C CCCCCCCC/C=C\CCCCCCCC(=O)OC[C@H](O)CO
5D6L,3D4S,P07550,ADRB2,TIM CLR OLC,CC(C)(C)NC[C@H](O)COc1nsnc1N1CCOCC1 CC(C)CCC[C@@H](C)[C@H]1CC[C@H]2[C@@H]3CC=C4C[C@@H](O)CC[C@]4(C)[C@H]3CC[C@]12C CCCCCCCC/C=C\CCCCCCCC(=O)OC[C@H](O)CO
5D6L,3PDS,P07550,ADRB2,ERC CLR SO4,COc1cc(CCNC[C@H](O)c2ccc(O)c3[nH]c(=O)ccc23)ccc1OCCCS CC(C)CCC[C@@H](C)[C@H]1CC[C@H]2[C@@H]3CC=C4C[C@@H](O)CC[C@]4(C)[C@H]3CC[C@]12C O=S(=O)([O-])[O-]
5D6L,3NY8,P07550,ADRB2,CLR JRZ OLA OLC PGE,CC(C)CCC[C@@H](C)[C@H]1CC[C@H]2[C@@H]3CC=C4C[C@@H](O)CC[C@]4(C)[C@H]3CC[C@]12C Cc1ccc(OC[C@@H](O)[C@H](C)NC(C)C)c2c1CCC2 CCCCCCCC/C=C\CCCCCCCC(=O)O CCCCCCCC/C=C\CCCCCCCC(=O)OC[C@H](O)CO OCCOCCOCCO
5D6L,3P0G,P07550,ADRB2,P0G,Cc1ccccc1CC(C)(C)NC[C@H](O)c1ccc(O)c2c1OCC(=O)N2
5D6L,3NYA,P07550,ADRB2,CLR JTZ,CC(C)CCC[C@@H](C)[C@H]1CC[C@H]2[C@@H]3CC=C4C[C@@H](O)CC[C@]4(C)[C@H]3CC[C@]12C C=CCc1ccccc1OC[C@@H](O)CNC(C)C
5D6L,3NY9,P07550,ADRB2,CLR JSZ OLC,CC(C)CCC[C@@H](C)[C@H]1CC[C@H]2[C@@H]3CC=C4C[C@@H](O)CC[C@]4(C)[C@H]3CC[C@]12C CCOC(=O)c1oc2cccc(OC[C@@H](O)CNC(C)C)c2c1C CCCCCCCC/C=C\CCCCCCCC(=O)OC[C@H](O)CO
3D4S,3PDS,P07550,ADRB2,ERC CLR SO4,COc1cc(CCNC[C@H](O)c2ccc(O)c3[nH]c(=O)ccc23)ccc1OCCCS CC(C)CCC[C@@H](C)[C@H]1CC[C@H]2[C@@H]3CC=C4C[C@@H](O)CC[C@]4(C)[C@H]3CC[C@]12C O=S(=O)([O-])[O-]
3D4S,5D6L,P07550,ADRB2,SO4 CAU BU1 ACM CLR PLM 12P,O=S(=O)([O-])[O-] CC(C)NC[C@H](O)COc1cccc2[nH]c3ccccc3c12 OCCCCO CC(N)=O CC(C)CCC[C@@H](C)[C@H]1CC[C@H]2[C@@H]3CC=C4C[C@@H](O)CC[C@]4(C)[C@H]3CC[C@]12C CCCCCCCCCCCCCCCC(=O)O OCCOCCOCCOCCOCCOCCOCCOCCOCCOCCOCCOCCO
3D4S,3NY8,P07550,ADRB2,CLR JRZ OLA OLC PGE,CC(C)CCC[C@@H](C)[C@H]1CC[C@H]2[C@@H]3CC=C4C[C@@H](O)CC[C@]4(C)[C@H]3CC[C@]12C Cc1ccc(OC[C@@H](O)[C@H](C)NC(C)C)c2c1CCC2 CCCCCCCC/C=C\CCCCCCCC(=O)O CCCCCCCC/C=C\CCCCCCCC(=O)OC[C@H](O)CO OCCOCCOCCO
3D4S,3P0G,P07550,ADRB2,P0G,Cc1ccccc1CC(C)(C)NC[C@H](O)c1ccc(O)c2c1OCC(=O)N2
3D4S,3NYA,P07550,ADRB2,CLR JTZ,CC(C)CCC[C@@H](C)[C@H]1CC[C@H]2[C@@H]3CC=C4C[C@@H](O)CC[C@]4(C)[C@H]3CC[C@]12C C=CCc1ccccc1OC[C@@H](O)CNC(C)C
3D4S,3NY9,P07550,ADRB2,CLR JSZ OLC,CC(C)CCC[C@@H](C)[C@H]1CC[C@H]2[C@@H]3CC=C4C[C@@H](O)CC[C@]4(C)[C@H]3CC[C@]12C CCOC(=O)c1oc2cccc(OC[C@@H](O)CNC(C)C)c2c1C CCCCCCCC/C=C\CCCCCCCC(=O)OC[C@H](O)CO
3PDS,3D4S,P07550,ADRB2,TIM CLR OLC,CC(C)(C)NC[C@H](O)COc1nsnc1N1CCOCC1 CC(C)CCC[C@@H](C)[C@H]1CC[C@H]2[C@@H]3CC=C4C[C@@H](O)CC[C@]4(C)[C@H]3CC[C@]12C CCCCCCCC/C=C\CCCCCCCC(=O)OC[C@H](O)CO
3PDS,5D6L,P07550,ADRB2,SO4 CAU BU1 ACM CLR PLM 12P,O=S(=O)([O-])[O-] CC(C)NC[C@H](O)COc1cccc2[nH]c3ccccc3c12 OCCCCO CC(N)=O CC(C)CCC[C@@H](C)[C@H]1CC[C@H]2[C@@H]3CC=C4C[C@@H](O)CC[C@]4(C)[C@H]3CC[C@]12C CCCCCCCCCCCCCCCC(=O)O OCCOCCOCCOCCOCCOCCOCCOCCOCCOCCOCCOCCO
3PDS,3NY8,P07550,ADRB2,CLR JRZ OLA OLC PGE,CC(C)CCC[C@@H](C)[C@H]1CC[C@H]2[C@@H]3CC=C4C[C@@H](O)CC[C@]4(C)[C@H]3CC[C@]12C Cc1ccc(OC[C@@H](O)[C@H](C)NC(C)C)c2c1CCC2 CCCCCCCC/C=C\CCCCCCCC(=O)O CCCCCCCC/C=C\CCCCCCCC(=O)OC[C@H](O)CO OCCOCCOCCO
3PDS,3P0G,P07550,ADRB2,P0G,Cc1ccccc1CC(C)(C)NC[C@H](O)c1ccc(O)c2c1OCC(=O)N2
3PDS,3NYA,P07550,ADRB2,CLR JTZ,CC(C)CCC[C@@H](C)[C@H]1CC[C@H]2[C@@H]3CC=C4C[C@@H](O)CC[C@]4(C)[C@H]3CC[C@]12C C=CCc1ccccc1OC[C@@H](O)CNC(C)C
3PDS,3NY9,P07550,ADRB2,CLR JSZ OLC,CC(C)CCC[C@@H](C)[C@H]1CC[C@H]2[C@@H]3CC=C4C[C@@H](O)CC[C@]4(C)[C@H]3CC[C@]12C CCOC(=O)c1oc2cccc(OC[C@@H](O)CNC(C)C)c2c1C CCCCCCCC/C=C\CCCCCCCC(=O)OC[C@H](O)CO
5D5B,3D4S,P07550,ADRB2,TIM CLR OLC,CC(C)(C)NC[C@H](O)COc1nsnc1N1CCOCC1 CC(C)CCC[C@@H](C)[C@H]1CC[C@H]2[C@@H]3CC=C4C[C@@H](O)CC[C@]4(C)[C@H]3CC[C@]12C CCCCCCCC/C=C\CCCCCCCC(=O)OC[C@H](O)CO
5D5B,3PDS,P07550,ADRB2,ERC CLR SO4,COc1cc(CCNC[C@H](O)c2ccc(O)c3[nH]c(=O)ccc23)ccc1OCCCS CC(C)CCC[C@@H](C)[C@H]1CC[C@H]2[C@@H]3CC=C4C[C@@H](O)CC[C@]4(C)[C@H]3CC[C@]12C O=S(=O)([O-])[O-]
5D5B,3NY8,P07550,ADRB2,CLR JRZ OLA OLC PGE,CC(C)CCC[C@@H](C)[C@H]1CC[C@H]2[C@@H]3CC=C4C[C@@H](O)CC[C@]4(C)[C@H]3CC[C@]12C Cc1ccc(OC[C@@H](O)[C@H](C)NC(C)C)c2c1CCC2 CCCCCCCC/C=C\CCCCCCCC(=O)O CCCCCCCC/C=C\CCCCCCCC(=O)OC[C@H](O)CO OCCOCCOCCO
5D5B,3P0G,P07550,ADRB2,P0G,Cc1ccccc1CC(C)(C)NC[C@H](O)c1ccc(O)c2c1OCC(=O)N2
5D5B,3NYA,P07550,ADRB2,CLR JTZ,CC(C)CCC[C@@H](C)[C@H]1CC[C@H]2[C@@H]3CC=C4C[C@@H](O)CC[C@]4(C)[C@H]3CC[C@]12C C=CCc1ccccc1OC[C@@H](O)CNC(C)C
5D5B,3NY9,P07550,ADRB2,CLR JSZ OLC,CC(C)CCC[C@@H](C)[C@H]1CC[C@H]2[C@@H]3CC=C4C[C@@H](O)CC[C@]4(C)[C@H]3CC[C@]12C CCOC(=O)c1oc2cccc(OC[C@@H](O)CNC(C)C)c2c1C CCCCCCCC/C=C\CCCCCCCC(=O)OC[C@H](O)CO
2RH1,3D4S,P07550,ADRB2,TIM CLR OLC,CC(C)(C)NC[C@H](O)COc1nsnc1N1CCOCC1 CC(C)CCC[C@@H](C)[C@H]1CC[C@H]2[C@@H]3CC=C4C[C@@H](O)CC[C@]4(C)[C@H]3CC[C@]12C CCCCCCCC/C=C\CCCCCCCC(=O)OC[C@H](O)CO
2RH1,3PDS,P07550,ADRB2,ERC CLR SO4,COc1cc(CCNC[C@H](O)c2ccc(O)c3[nH]c(=O)ccc23)ccc1OCCCS CC(C)CCC[C@@H](C)[C@H]1CC[C@H]2[C@@H]3CC=C4C[C@@H](O)CC[C@]4(C)[C@H]3CC[C@]12C O=S(=O)([O-])[O-]
2RH1,3NY8,P07550,ADRB2,CLR JRZ OLA OLC PGE,CC(C)CCC[C@@H](C)[C@H]1CC[C@H]2[C@@H]3CC=C4C[C@@H](O)CC[C@]4(C)[C@H]3CC[C@]12C Cc1ccc(OC[C@@H](O)[C@H](C)NC(C)C)c2c1CCC2 CCCCCCCC/C=C\CCCCCCCC(=O)O CCCCCCCC/C=C\CCCCCCCC(=O)OC[C@H](O)CO OCCOCCOCCO
2RH1,3P0G,P07550,ADRB2,P0G,Cc1ccccc1CC(C)(C)NC[C@H](O)c1ccc(O)c2c1OCC(=O)N2
2RH1,3NYA,P07550,ADRB2,CLR JTZ,CC(C)CCC[C@@H](C)[C@H]1CC[C@H]2[C@@H]3CC=C4C[C@@H](O)CC[C@]4(C)[C@H]3CC[C@]12C C=CCc1ccccc1OC[C@@H](O)CNC(C)C
2RH1,3NY9,P07550,ADRB2,CLR JSZ OLC,CC(C)CCC[C@@H](C)[C@H]1CC[C@H]2[C@@H]3CC=C4C[C@@H](O)CC[C@]4(C)[C@H]3CC[C@]12C CCOC(=O)c1oc2cccc(OC[C@@H](O)CNC(C)C)c2c1C CCCCCCCC/C=C\CCCCCCCC(=O)OC[C@H](O)CO
3P0G,3D4S,P07550,ADRB2,TIM CLR OLC,CC(C)(C)NC[C@H](O)COc1nsnc1N1CCOCC1 CC(C)CCC[C@@H](C)[C@H]1CC[C@H]2[C@@H]3CC=C4C[C@@H](O)CC[C@]4(C)[C@H]3CC[C@]12C CCCCCCCC/C=C\CCCCCCCC(=O)OC[C@H](O)CO
3P0G,3PDS,P07550,ADRB2,ERC CLR SO4,COc1cc(CCNC[C@H](O)c2ccc(O)c3[nH]c(=O)ccc23)ccc1OCCCS CC(C)CCC[C@@H](C)[C@H]1CC[C@H]2[C@@H]3CC=C4C[C@@H](O)CC[C@]4(C)[C@H]3CC[C@]12C O=S(=O)([O-])[O-]
3P0G,5D6L,P07550,ADRB2,SO4 CAU BU1 ACM CLR PLM 12P,O=S(=O)([O-])[O-] CC(C)NC[C@H](O)COc1cccc2[nH]c3ccccc3c12 OCCCCO CC(N)=O CC(C)CCC[C@@H](C)[C@H]1CC[C@H]2[C@@H]3CC=C4C[C@@H](O)CC[C@]4(C)[C@H]3CC[C@]12C CCCCCCCCCCCCCCCC(=O)O OCCOCCOCCOCCOCCOCCOCCOCCOCCOCCOCCOCCO
3P0G,3NY8,P07550,ADRB2,CLR JRZ OLA OLC PGE,CC(C)CCC[C@@H](C)[C@H]1CC[C@H]2[C@@H]3CC=C4C[C@@H](O)CC[C@]4(C)[C@H]3CC[C@]12C Cc1ccc(OC[C@@H](O)[C@H](C)NC(C)C)c2c1CCC2 CCCCCCCC/C=C\CCCCCCCC(=O)O CCCCCCCC/C=C\CCCCCCCC(=O)OC[C@H](O)CO OCCOCCOCCO
3P0G,3NYA,P07550,ADRB2,CLR JTZ,CC(C)CCC[C@@H](C)[C@H]1CC[C@H]2[C@@H]3CC=C4C[C@@H](O)CC[C@]4(C)[C@H]3CC[C@]12C C=CCc1ccccc1OC[C@@H](O)CNC(C)C
3P0G,3NY9,P07550,ADRB2,CLR JSZ OLC,CC(C)CCC[C@@H](C)[C@H]1CC[C@H]2[C@@H]3CC=C4C[C@@H](O)CC[C@]4(C)[C@H]3CC[C@]12C CCOC(=O)c1oc2cccc(OC[C@@H](O)CNC(C)C)c2c1C CCCCCCCC/C=C\CCCCCCCC(=O)OC[C@H](O)CO
3NYA,3D4S,P07550,ADRB2,TIM CLR OLC,CC(C)(C)NC[C@H](O)COc1nsnc1N1CCOCC1 CC(C)CCC[C@@H](C)[C@H]1CC[C@H]2[C@@H]3CC=C4C[C@@H](O)CC[C@]4(C)[C@H]3CC[C@]12C CCCCCCCC/C=C\CCCCCCCC(=O)OC[C@H](O)CO
3NYA,3PDS,P07550,ADRB2,ERC CLR SO4,COc1cc(CCNC[C@H](O)c2ccc(O)c3[nH]c(=O)ccc23)ccc1OCCCS CC(C)CCC[C@@H](C)[C@H]1CC[C@H]2[C@@H]3CC=C4C[C@@H](O)CC[C@]4(C)[C@H]3CC[C@]12C O=S(=O)([O-])[O-]
3NYA,5D6L,P07550,ADRB2,SO4 CAU BU1 ACM CLR PLM 12P,O=S(=O)([O-])[O-] CC(C)NC[C@H](O)COc1cccc2[nH]c3ccccc3c12 OCCCCO CC(N)=O CC(C)CCC[C@@H](C)[C@H]1CC[C@H]2[C@@H]3CC=C4C[C@@H](O)CC[C@]4(C)[C@H]3CC[C@]12C CCCCCCCCCCCCCCCC(=O)O OCCOCCOCCOCCOCCOCCOCCOCCOCCOCCOCCOCCO
3NYA,3NY8,P07550,ADRB2,CLR JRZ OLA OLC PGE,CC(C)CCC[C@@H](C)[C@H]1CC[C@H]2[C@@H]3CC=C4C[C@@H](O)CC[C@]4(C)[C@H]3CC[C@]12C Cc1ccc(OC[C@@H](O)[C@H](C)NC(C)C)c2c1CCC2 CCCCCCCC/C=C\CCCCCCCC(=O)O CCCCCCCC/C=C\CCCCCCCC(=O)OC[C@H](O)CO OCCOCCOCCO
3NYA,3P0G,P07550,ADRB2,P0G,Cc1ccccc1CC(C)(C)NC[C@H](O)c1ccc(O)c2c1OCC(=O)N2
3NYA,3NY9,P07550,ADRB2,CLR JSZ OLC,CC(C)CCC[C@@H](C)[C@H]1CC[C@H]2[C@@H]3CC=C4C[C@@H](O)CC[C@]4(C)[C@H]3CC[C@]12C CCOC(=O)c1oc2cccc(OC[C@@H](O)CNC(C)C)c2c1C CCCCCCCC/C=C\CCCCCCCC(=O)OC[C@H](O)CO
3QKL,4EKK,P31749,AKT1,MN ANP,[Mn+2] Nc1ncnc2c1ncn2[C@@H]1O[C@H](COP(=O)(O)OP(=O)(O)NP(=O)(O)O)[C@@H](O)[C@H]1O
3QKL,4EKL,P31749,AKT1,0RF,CC(C)NC[C@@H](C(=O)N1CCN(c2ncnc3c2[C@H](C)C[C@H]3O)CC1)c1ccc(Cl)cc1
3QKL,3CQW,P31749,AKT1,MN CQW,[Mn+2] Clc1c[nH]c2ncnc(N3CCc4[nH]cnc4C3)c12
3QKL,3MVH,P31749,AKT1,MN WFE,[Mn+2] CCc1c[nH]c2ncnc(N3CC[C@](N)(CNC(=O)c4ccc(F)cc4F)C3)c12
3QKL,3CQU,P31749,AKT1,CQU,Cc1nnc(-c2ccccc2Nc2ncnc3[nH]ccc23)[nH]1
3QKL,3OW4,P31749,AKT1,SMY,C[C@@H]1SCc2ncnc(N3CCN(C(=O)[C@H](N)Cc4c[nH]c5ccccc45)CC3)c21
3QKL,3OCB,P31749,AKT1,XM1,NC[C@H](Cc1ccc(Cl)cc1)C(=O)N1CCN(c2ncnc3[nH]ccc23)CC1
3QKL,3QKM,P31749,AKT1,SM9,CCOCCN(C[C@@H](O)CN1CCC[C@@]2(CCN(c3ncnc4ccccc34)C2)C1)S(=O)(=O)c1c(C)cccc1C
3QKL,3QKK,P31749,AKT1,SMH,CCOCCN(C[C@@H](O)CN1CCC[C@@]2(CC(=O)c3cc(O)ccc3O2)C1)S(=O)(=O)c1c(C)cccc1C
3QKL,3MV5,P31749,AKT1,MN XFE,[Mn+2] Cc1c[nH]c2ncnc(N3CC[C@@H](N)C3)c12
3OCB,4EKK,P31749,AKT1,MN ANP,[Mn+2] Nc1ncnc2c1ncn2[C@@H]1O[C@H](COP(=O)(O)OP(=O)(O)NP(=O)(O)O)[C@@H](O)[C@H]1O
3OCB,4EKL,P31749,AKT1,0RF,CC(C)NC[C@@H](C(=O)N1CCN(c2ncnc3c2[C@H](C)C[C@H]3O)CC1)c1ccc(Cl)cc1
3OCB,3CQW,P31749,AKT1,MN CQW,[Mn+2] Clc1c[nH]c2ncnc(N3CCc4[nH]cnc4C3)c12
3OCB,3MVH,P31749,AKT1,MN WFE,[Mn+2] CCc1c[nH]c2ncnc(N3CC[C@](N)(CNC(=O)c4ccc(F)cc4F)C3)c12
3OCB,3CQU,P31749,AKT1,CQU,Cc1nnc(-c2ccccc2Nc2ncnc3[nH]ccc23)[nH]1
3OCB,3QKM,P31749,AKT1,SM9,CCOCCN(C[C@@H](O)CN1CCC[C@@]2(CCN(c3ncnc4ccccc34)C2)C1)S(=O)(=O)c1c(C)cccc1C
3OCB,3QKK,P31749,AKT1,SMH,CCOCCN(C[C@@H](O)CN1CCC[C@@]2(CC(=O)c3cc(O)ccc3O2)C1)S(=O)(=O)c1c(C)cccc1C
3OCB,3MV5,P31749,AKT1,MN XFE,[Mn+2] Cc1c[nH]c2ncnc(N3CC[C@@H](N)C3)c12
3CQW,4EKK,P31749,AKT1,MN ANP,[Mn+2] Nc1ncnc2c1ncn2[C@@H]1O[C@H](COP(=O)(O)OP(=O)(O)NP(=O)(O)O)[C@@H](O)[C@H]1O
3CQW,4EKL,P31749,AKT1,0RF,CC(C)NC[C@@H](C(=O)N1CCN(c2ncnc3c2[C@H](C)C[C@H]3O)CC1)c1ccc(Cl)cc1
3CQW,3MVH,P31749,AKT1,MN WFE,[Mn+2] CCc1c[nH]c2ncnc(N3CC[C@](N)(CNC(=O)c4ccc(F)cc4F)C3)c12
3CQW,3CQU,P31749,AKT1,CQU,Cc1nnc(-c2ccccc2Nc2ncnc3[nH]ccc23)[nH]1
3CQW,3OW4,P31749,AKT1,SMY,C[C@@H]1SCc2ncnc(N3CCN(C(=O)[C@H](N)Cc4c[nH]c5ccccc45)CC3)c21
3CQW,3OCB,P31749,AKT1,XM1,NC[C@H](Cc1ccc(Cl)cc1)C(=O)N1CCN(c2ncnc3[nH]ccc23)CC1
3CQW,3QKM,P31749,AKT1,SM9,CCOCCN(C[C@@H](O)CN1CCC[C@@]2(CCN(c3ncnc4ccccc34)C2)C1)S(=O)(=O)c1c(C)cccc1C
3CQW,3QKK,P31749,AKT1,SMH,CCOCCN(C[C@@H](O)CN1CCC[C@@]2(CC(=O)c3cc(O)ccc3O2)C1)S(=O)(=O)c1c(C)cccc1C
3CQW,3MV5,P31749,AKT1,MN XFE,[Mn+2] Cc1c[nH]c2ncnc(N3CC[C@@H](N)C3)c12
3CQU,4EKK,P31749,AKT1,MN ANP,[Mn+2] Nc1ncnc2c1ncn2[C@@H]1O[C@H](COP(=O)(O)OP(=O)(O)NP(=O)(O)O)[C@@H](O)[C@H]1O
3CQU,4EKL,P31749,AKT1,0RF,CC(C)NC[C@@H](C(=O)N1CCN(c2ncnc3c2[C@H](C)C[C@H]3O)CC1)c1ccc(Cl)cc1
3CQU,3CQW,P31749,AKT1,MN CQW,[Mn+2] Clc1c[nH]c2ncnc(N3CCc4[nH]cnc4C3)c12
3CQU,3MVH,P31749,AKT1,MN WFE,[Mn+2] CCc1c[nH]c2ncnc(N3CC[C@](N)(CNC(=O)c4ccc(F)cc4F)C3)c12
3CQU,3QKL,P31749,AKT1,SMR,CCOCCN(C[C@@H](O)CN1CCC[C@@]2(CCc3c(ccc4[nH]ncc34)O2)C1)S(=O)(=O)c1c(C)cccc1C
3CQU,3OW4,P31749,AKT1,SMY,C[C@@H]1SCc2ncnc(N3CCN(C(=O)[C@H](N)Cc4c[nH]c5ccccc45)CC3)c21
3CQU,3OCB,P31749,AKT1,XM1,NC[C@H](Cc1ccc(Cl)cc1)C(=O)N1CCN(c2ncnc3[nH]ccc23)CC1
3CQU,3QKM,P31749,AKT1,SM9,CCOCCN(C[C@@H](O)CN1CCC[C@@]2(CCN(c3ncnc4ccccc34)C2)C1)S(=O)(=O)c1c(C)cccc1C
3CQU,3QKK,P31749,AKT1,SMH,CCOCCN(C[C@@H](O)CN1CCC[C@@]2(CC(=O)c3cc(O)ccc3O2)C1)S(=O)(=O)c1c(C)cccc1C
3CQU,3MV5,P31749,AKT1,MN XFE,[Mn+2] Cc1c[nH]c2ncnc(N3CC[C@@H](N)C3)c12
3MVH,4EKK,P31749,AKT1,MN ANP,[Mn+2] Nc1ncnc2c1ncn2[C@@H]1O[C@H](COP(=O)(O)OP(=O)(O)NP(=O)(O)O)[C@@H](O)[C@H]1O
3MVH,4EKL,P31749,AKT1,0RF,CC(C)NC[C@@H](C(=O)N1CCN(c2ncnc3c2[C@H](C)C[C@H]3O)CC1)c1ccc(Cl)cc1
3MVH,3CQW,P31749,AKT1,MN CQW,[Mn+2] Clc1c[nH]c2ncnc(N3CCc4[nH]cnc4C3)c12
3MVH,3QKL,P31749,AKT1,SMR,CCOCCN(C[C@@H](O)CN1CCC[C@@]2(CCc3c(ccc4[nH]ncc34)O2)C1)S(=O)(=O)c1c(C)cccc1C
3MVH,3CQU,P31749,AKT1,CQU,Cc1nnc(-c2ccccc2Nc2ncnc3[nH]ccc23)[nH]1
3MVH,3OW4,P31749,AKT1,SMY,C[C@@H]1SCc2ncnc(N3CCN(C(=O)[C@H](N)Cc4c[nH]c5ccccc45)CC3)c21
3MVH,3OCB,P31749,AKT1,XM1,NC[C@H](Cc1ccc(Cl)cc1)C(=O)N1CCN(c2ncnc3[nH]ccc23)CC1
3MVH,3QKM,P31749,AKT1,SM9,CCOCCN(C[C@@H](O)CN1CCC[C@@]2(CCN(c3ncnc4ccccc34)C2)C1)S(=O)(=O)c1c(C)cccc1C
3MVH,3QKK,P31749,AKT1,SMH,CCOCCN(C[C@@H](O)CN1CCC[C@@]2(CC(=O)c3cc(O)ccc3O2)C1)S(=O)(=O)c1c(C)cccc1C
3MVH,3MV5,P31749,AKT1,MN XFE,[Mn+2] Cc1c[nH]c2ncnc(N3CC[C@@H](N)C3)c12
3QKM,4EKK,P31749,AKT1,MN ANP,[Mn+2] Nc1ncnc2c1ncn2[C@@H]1O[C@H](COP(=O)(O)OP(=O)(O)NP(=O)(O)O)[C@@H](O)[C@H]1O
3QKM,4EKL,P31749,AKT1,0RF,CC(C)NC[C@@H](C(=O)N1CCN(c2ncnc3c2[C@H](C)C[C@H]3O)CC1)c1ccc(Cl)cc1
3QKM,3CQW,P31749,AKT1,MN CQW,[Mn+2] Clc1c[nH]c2ncnc(N3CCc4[nH]cnc4C3)c12
3QKM,3MVH,P31749,AKT1,MN WFE,[Mn+2] CCc1c[nH]c2ncnc(N3CC[C@](N)(CNC(=O)c4ccc(F)cc4F)C3)c12
3QKM,3QKL,P31749,AKT1,SMR,CCOCCN(C[C@@H](O)CN1CCC[C@@]2(CCc3c(ccc4[nH]ncc34)O2)C1)S(=O)(=O)c1c(C)cccc1C
3QKM,3OW4,P31749,AKT1,SMY,C[C@@H]1SCc2ncnc(N3CCN(C(=O)[C@H](N)Cc4c[nH]c5ccccc45)CC3)c21
3QKM,3OCB,P31749,AKT1,XM1,NC[C@H](Cc1ccc(Cl)cc1)C(=O)N1CCN(c2ncnc3[nH]ccc23)CC1
3QKM,3QKK,P31749,AKT1,SMH,CCOCCN(C[C@@H](O)CN1CCC[C@@]2(CC(=O)c3cc(O)ccc3O2)C1)S(=O)(=O)c1c(C)cccc1C
3QKM,3MV5,P31749,AKT1,MN XFE,[Mn+2] Cc1c[nH]c2ncnc(N3CC[C@@H](N)C3)c12
3QKK,4EKK,P31749,AKT1,MN ANP,[Mn+2] Nc1ncnc2c1ncn2[C@@H]1O[C@H](COP(=O)(O)OP(=O)(O)NP(=O)(O)O)[C@@H](O)[C@H]1O
3QKK,4EKL,P31749,AKT1,0RF,CC(C)NC[C@@H](C(=O)N1CCN(c2ncnc3c2[C@H](C)C[C@H]3O)CC1)c1ccc(Cl)cc1
3QKK,3CQW,P31749,AKT1,MN CQW,[Mn+2] Clc1c[nH]c2ncnc(N3CCc4[nH]cnc4C3)c12
3QKK,3MVH,P31749,AKT1,MN WFE,[Mn+2] CCc1c[nH]c2ncnc(N3CC[C@](N)(CNC(=O)c4ccc(F)cc4F)C3)c12
3QKK,3CQU,P31749,AKT1,CQU,Cc1nnc(-c2ccccc2Nc2ncnc3[nH]ccc23)[nH]1
3QKK,3OW4,P31749,AKT1,SMY,C[C@@H]1SCc2ncnc(N3CCN(C(=O)[C@H](N)Cc4c[nH]c5ccccc45)CC3)c21
3QKK,3OCB,P31749,AKT1,XM1,NC[C@H](Cc1ccc(Cl)cc1)C(=O)N1CCN(c2ncnc3[nH]ccc23)CC1
3QKK,3QKM,P31749,AKT1,SM9,CCOCCN(C[C@@H](O)CN1CCC[C@@]2(CCN(c3ncnc4ccccc34)C2)C1)S(=O)(=O)c1c(C)cccc1C
3QKK,3MV5,P31749,AKT1,MN XFE,[Mn+2] Cc1c[nH]c2ncnc(N3CC[C@@H](N)C3)c12
3MV5,4EKL,P31749,AKT1,0RF,CC(C)NC[C@@H](C(=O)N1CCN(c2ncnc3c2[C@H](C)C[C@H]3O)CC1)c1ccc(Cl)cc1
3MV5,3CQW,P31749,AKT1,MN CQW,[Mn+2] Clc1c[nH]c2ncnc(N3CCc4[nH]cnc4C3)c12
3MV5,3MVH,P31749,AKT1,MN WFE,[Mn+2] CCc1c[nH]c2ncnc(N3CC[C@](N)(CNC(=O)c4ccc(F)cc4F)C3)c12
3MV5,3QKL,P31749,AKT1,SMR,CCOCCN(C[C@@H](O)CN1CCC[C@@]2(CCc3c(ccc4[nH]ncc34)O2)C1)S(=O)(=O)c1c(C)cccc1C
3MV5,3CQU,P31749,AKT1,CQU,Cc1nnc(-c2ccccc2Nc2ncnc3[nH]ccc23)[nH]1
3MV5,3OW4,P31749,AKT1,SMY,C[C@@H]1SCc2ncnc(N3CCN(C(=O)[C@H](N)Cc4c[nH]c5ccccc45)CC3)c21
3MV5,3OCB,P31749,AKT1,XM1,NC[C@H](Cc1ccc(Cl)cc1)C(=O)N1CCN(c2ncnc3[nH]ccc23)CC1
3MV5,3QKM,P31749,AKT1,SM9,CCOCCN(C[C@@H](O)CN1CCC[C@@]2(CCN(c3ncnc4ccccc34)C2)C1)S(=O)(=O)c1c(C)cccc1C
3MV5,3QKK,P31749,AKT1,SMH,CCOCCN(C[C@@H](O)CN1CCC[C@@]2(CC(=O)c3cc(O)ccc3O2)C1)S(=O)(=O)c1c(C)cccc1C
4EKL,4EKK,P31749,AKT1,MN ANP,[Mn+2] Nc1ncnc2c1ncn2[C@@H]1O[C@H](COP(=O)(O)OP(=O)(O)NP(=O)(O)O)[C@@H](O)[C@H]1O
4EKL,3CQW,P31749,AKT1,MN CQW,[Mn+2] Clc1c[nH]c2ncnc(N3CCc4[nH]cnc4C3)c12
4EKL,3MVH,P31749,AKT1,MN WFE,[Mn+2] CCc1c[nH]c2ncnc(N3CC[C@](N)(CNC(=O)c4ccc(F)cc4F)C3)c12
4EKL,3QKL,P31749,AKT1,SMR,CCOCCN(C[C@@H](O)CN1CCC[C@@]2(CCc3c(ccc4[nH]ncc34)O2)C1)S(=O)(=O)c1c(C)cccc1C
4EKL,3CQU,P31749,AKT1,CQU,Cc1nnc(-c2ccccc2Nc2ncnc3[nH]ccc23)[nH]1
4EKL,3OW4,P31749,AKT1,SMY,C[C@@H]1SCc2ncnc(N3CCN(C(=O)[C@H](N)Cc4c[nH]c5ccccc45)CC3)c21
4EKL,3OCB,P31749,AKT1,XM1,NC[C@H](Cc1ccc(Cl)cc1)C(=O)N1CCN(c2ncnc3[nH]ccc23)CC1
4EKL,3QKM,P31749,AKT1,SM9,CCOCCN(C[C@@H](O)CN1CCC[C@@]2(CCN(c3ncnc4ccccc34)C2)C1)S(=O)(=O)c1c(C)cccc1C
4EKL,3MV5,P31749,AKT1,MN XFE,[Mn+2] Cc1c[nH]c2ncnc(N3CC[C@@H](N)C3)c12
3OW4,4EKL,P31749,AKT1,0RF,CC(C)NC[C@@H](C(=O)N1CCN(c2ncnc3c2[C@H](C)C[C@H]3O)CC1)c1ccc(Cl)cc1
3OW4,3CQW,P31749,AKT1,MN CQW,[Mn+2] Clc1c[nH]c2ncnc(N3CCc4[nH]cnc4C3)c12
3OW4,3MVH,P31749,AKT1,MN WFE,[Mn+2] CCc1c[nH]c2ncnc(N3CC[C@](N)(CNC(=O)c4ccc(F)cc4F)C3)c12
3OW4,3QKL,P31749,AKT1,SMR,CCOCCN(C[C@@H](O)CN1CCC[C@@]2(CCc3c(ccc4[nH]ncc34)O2)C1)S(=O)(=O)c1c(C)cccc1C
3OW4,3CQU,P31749,AKT1,CQU,Cc1nnc(-c2ccccc2Nc2ncnc3[nH]ccc23)[nH]1
3OW4,3OCB,P31749,AKT1,XM1,NC[C@H](Cc1ccc(Cl)cc1)C(=O)N1CCN(c2ncnc3[nH]ccc23)CC1
3OW4,3QKM,P31749,AKT1,SM9,CCOCCN(C[C@@H](O)CN1CCC[C@@]2(CCN(c3ncnc4ccccc34)C2)C1)S(=O)(=O)c1c(C)cccc1C
4EKK,4EKL,P31749,AKT1,0RF,CC(C)NC[C@@H](C(=O)N1CCN(c2ncnc3c2[C@H](C)C[C@H]3O)CC1)c1ccc(Cl)cc1
4EKK,3CQW,P31749,AKT1,MN CQW,[Mn+2] Clc1c[nH]c2ncnc(N3CCc4[nH]cnc4C3)c12
4EKK,3MVH,P31749,AKT1,MN WFE,[Mn+2] CCc1c[nH]c2ncnc(N3CC[C@](N)(CNC(=O)c4ccc(F)cc4F)C3)c12
4EKK,3QKL,P31749,AKT1,SMR,CCOCCN(C[C@@H](O)CN1CCC[C@@]2(CCc3c(ccc4[nH]ncc34)O2)C1)S(=O)(=O)c1c(C)cccc1C
4EKK,3CQU,P31749,AKT1,CQU,Cc1nnc(-c2ccccc2Nc2ncnc3[nH]ccc23)[nH]1
4EKK,3OW4,P31749,AKT1,SMY,C[C@@H]1SCc2ncnc(N3CCN(C(=O)[C@H](N)Cc4c[nH]c5ccccc45)CC3)c21
4EKK,3OCB,P31749,AKT1,XM1,NC[C@H](Cc1ccc(Cl)cc1)C(=O)N1CCN(c2ncnc3[nH]ccc23)CC1
4EKK,3QKM,P31749,AKT1,SM9,CCOCCN(C[C@@H](O)CN1CCC[C@@]2(CCN(c3ncnc4ccccc34)C2)C1)S(=O)(=O)c1c(C)cccc1C
4EKK,3QKK,P31749,AKT1,SMH,CCOCCN(C[C@@H](O)CN1CCC[C@@]2(CC(=O)c3cc(O)ccc3O2)C1)S(=O)(=O)c1c(C)cccc1C
4EKK,3MV5,P31749,AKT1,MN XFE,[Mn+2] Cc1c[nH]c2ncnc(N3CC[C@@H](N)C3)c12
3E88,3D0E,P31751,AKT2,G93,CCn1c(-c2nonc2N)nc2c(C#CC(C)(C)O)ncc(OC[C@H]3CCCNC3)c21
3E88,2X39,P31751,AKT2,X39,NC1(C(=O)NCc2ccc(Cl)cc2)CCN(c2ncnc3[nH]ccc23)CC1
3E88,2UW9,P31751,AKT2,GVP,Clc1ccc(C2(c3ccc(-c4cn[nH]c4)cc3)CCNCC2)cc1
3E88,1O6L,P31751,AKT2,ANP MN,Nc1ncnc2c1ncn2[C@@H]1O[C@H](COP(=O)(O)OP(=O)(O)NP(=O)(O)O)[C@@H](O)[C@H]1O [Mn+2]
3E88,3E87,P31751,AKT2,G95,NC[C@@H](NC(=O)c1ccc(-c2ccnc3[nH]ccc23)s1)c1ccccc1
3E88,2JDR,P31751,AKT2,L20,Cc1n[nH]c2ccc(-c3cncc(OC[C@@H](N)Cc4c[nH]c5ccccc45)c3)cc12
3E88,2XH5,P31751,AKT2,X37,CC(C)(C)c1ccc(CC2([NH3+])CCN(c3ncnc4[nH]ccc34)CC2)cc1
2JDR,3D0E,P31751,AKT2,G93,CCn1c(-c2nonc2N)nc2c(C#CC(C)(C)O)ncc(OC[C@H]3CCCNC3)c21
2JDR,3E88,P31751,AKT2,G96,CCn1c(-c2nonc2N)nc2c(C#CC(C)(C)O)nc(OC[C@H](N)Cc3ccccc3)cc21
2JDR,2X39,P31751,AKT2,X39,NC1(C(=O)NCc2ccc(Cl)cc2)CCN(c2ncnc3[nH]ccc23)CC1
2JDR,2UW9,P31751,AKT2,GVP,Clc1ccc(C2(c3ccc(-c4cn[nH]c4)cc3)CCNCC2)cc1
2JDR,1O6L,P31751,AKT2,ANP MN,Nc1ncnc2c1ncn2[C@@H]1O[C@H](COP(=O)(O)OP(=O)(O)NP(=O)(O)O)[C@@H](O)[C@H]1O [Mn+2]
2JDR,3E87,P31751,AKT2,G95,NC[C@@H](NC(=O)c1ccc(-c2ccnc3[nH]ccc23)s1)c1ccccc1
2JDR,2XH5,P31751,AKT2,X37,CC(C)(C)c1ccc(CC2([NH3+])CCN(c3ncnc4[nH]ccc34)CC2)cc1
2X39,3D0E,P31751,AKT2,G93,CCn1c(-c2nonc2N)nc2c(C#CC(C)(C)O)ncc(OC[C@H]3CCCNC3)c21
2X39,3E88,P31751,AKT2,G96,CCn1c(-c2nonc2N)nc2c(C#CC(C)(C)O)nc(OC[C@H](N)Cc3ccccc3)cc21
2X39,2UW9,P31751,AKT2,GVP,Clc1ccc(C2(c3ccc(-c4cn[nH]c4)cc3)CCNCC2)cc1
2X39,1O6L,P31751,AKT2,ANP MN,Nc1ncnc2c1ncn2[C@@H]1O[C@H](COP(=O)(O)OP(=O)(O)NP(=O)(O)O)[C@@H](O)[C@H]1O [Mn+2]
2X39,3E87,P31751,AKT2,G95,NC[C@@H](NC(=O)c1ccc(-c2ccnc3[nH]ccc23)s1)c1ccccc1
2X39,2JDR,P31751,AKT2,L20,Cc1n[nH]c2ccc(-c3cncc(OC[C@@H](N)Cc4c[nH]c5ccccc45)c3)cc12
2X39,2XH5,P31751,AKT2,X37,CC(C)(C)c1ccc(CC2([NH3+])CCN(c3ncnc4[nH]ccc34)CC2)cc1
3D0E,3E88,P31751,AKT2,G96,CCn1c(-c2nonc2N)nc2c(C#CC(C)(C)O)nc(OC[C@H](N)Cc3ccccc3)cc21
3D0E,2X39,P31751,AKT2,X39,NC1(C(=O)NCc2ccc(Cl)cc2)CCN(c2ncnc3[nH]ccc23)CC1
3D0E,2UW9,P31751,AKT2,GVP,Clc1ccc(C2(c3ccc(-c4cn[nH]c4)cc3)CCNCC2)cc1
3D0E,1O6L,P31751,AKT2,ANP MN,Nc1ncnc2c1ncn2[C@@H]1O[C@H](COP(=O)(O)OP(=O)(O)NP(=O)(O)O)[C@@H](O)[C@H]1O [Mn+2]
3D0E,3E87,P31751,AKT2,G95,NC[C@@H](NC(=O)c1ccc(-c2ccnc3[nH]ccc23)s1)c1ccccc1
3D0E,2JDR,P31751,AKT2,L20,Cc1n[nH]c2ccc(-c3cncc(OC[C@@H](N)Cc4c[nH]c5ccccc45)c3)cc12
3D0E,2XH5,P31751,AKT2,X37,CC(C)(C)c1ccc(CC2([NH3+])CCN(c3ncnc4[nH]ccc34)CC2)cc1
2UW9,3D0E,P31751,AKT2,G93,CCn1c(-c2nonc2N)nc2c(C#CC(C)(C)O)ncc(OC[C@H]3CCCNC3)c21
2UW9,3E88,P31751,AKT2,G96,CCn1c(-c2nonc2N)nc2c(C#CC(C)(C)O)nc(OC[C@H](N)Cc3ccccc3)cc21
2UW9,2X39,P31751,AKT2,X39,NC1(C(=O)NCc2ccc(Cl)cc2)CCN(c2ncnc3[nH]ccc23)CC1
2UW9,1O6L,P31751,AKT2,ANP MN,Nc1ncnc2c1ncn2[C@@H]1O[C@H](COP(=O)(O)OP(=O)(O)NP(=O)(O)O)[C@@H](O)[C@H]1O [Mn+2]
2UW9,3E87,P31751,AKT2,G95,NC[C@@H](NC(=O)c1ccc(-c2ccnc3[nH]ccc23)s1)c1ccccc1
2UW9,2JDR,P31751,AKT2,L20,Cc1n[nH]c2ccc(-c3cncc(OC[C@@H](N)Cc4c[nH]c5ccccc45)c3)cc12
2UW9,2XH5,P31751,AKT2,X37,CC(C)(C)c1ccc(CC2([NH3+])CCN(c3ncnc4[nH]ccc34)CC2)cc1
1O6L,3D0E,P31751,AKT2,G93,CCn1c(-c2nonc2N)nc2c(C#CC(C)(C)O)ncc(OC[C@H]3CCCNC3)c21
1O6L,3E88,P31751,AKT2,G96,CCn1c(-c2nonc2N)nc2c(C#CC(C)(C)O)nc(OC[C@H](N)Cc3ccccc3)cc21
1O6L,2X39,P31751,AKT2,X39,NC1(C(=O)NCc2ccc(Cl)cc2)CCN(c2ncnc3[nH]ccc23)CC1
1O6L,2UW9,P31751,AKT2,GVP,Clc1ccc(C2(c3ccc(-c4cn[nH]c4)cc3)CCNCC2)cc1
1O6L,3E87,P31751,AKT2,G95,NC[C@@H](NC(=O)c1ccc(-c2ccnc3[nH]ccc23)s1)c1ccccc1
1O6L,2JDR,P31751,AKT2,L20,Cc1n[nH]c2ccc(-c3cncc(OC[C@@H](N)Cc4c[nH]c5ccccc45)c3)cc12
1O6L,2XH5,P31751,AKT2,X37,CC(C)(C)c1ccc(CC2([NH3+])CCN(c3ncnc4[nH]ccc34)CC2)cc1
3E87,3D0E,P31751,AKT2,G93,CCn1c(-c2nonc2N)nc2c(C#CC(C)(C)O)ncc(OC[C@H]3CCCNC3)c21
3E87,3E88,P31751,AKT2,G96,CCn1c(-c2nonc2N)nc2c(C#CC(C)(C)O)nc(OC[C@H](N)Cc3ccccc3)cc21
3E87,2X39,P31751,AKT2,X39,NC1(C(=O)NCc2ccc(Cl)cc2)CCN(c2ncnc3[nH]ccc23)CC1
3E87,2UW9,P31751,AKT2,GVP,Clc1ccc(C2(c3ccc(-c4cn[nH]c4)cc3)CCNCC2)cc1
3E87,1O6L,P31751,AKT2,ANP MN,Nc1ncnc2c1ncn2[C@@H]1O[C@H](COP(=O)(O)OP(=O)(O)NP(=O)(O)O)[C@@H](O)[C@H]1O [Mn+2]
3E87,2JDR,P31751,AKT2,L20,Cc1n[nH]c2ccc(-c3cncc(OC[C@@H](N)Cc4c[nH]c5ccccc45)c3)cc12
3E87,2XH5,P31751,AKT2,X37,CC(C)(C)c1ccc(CC2([NH3+])CCN(c3ncnc4[nH]ccc34)CC2)cc1
1O6K,3D0E,P31751,AKT2,G93,CCn1c(-c2nonc2N)nc2c(C#CC(C)(C)O)ncc(OC[C@H]3CCCNC3)c21
1O6K,3E88,P31751,AKT2,G96,CCn1c(-c2nonc2N)nc2c(C#CC(C)(C)O)nc(OC[C@H](N)Cc3ccccc3)cc21
1O6K,2X39,P31751,AKT2,X39,NC1(C(=O)NCc2ccc(Cl)cc2)CCN(c2ncnc3[nH]ccc23)CC1
1O6K,2UW9,P31751,AKT2,GVP,Clc1ccc(C2(c3ccc(-c4cn[nH]c4)cc3)CCNCC2)cc1
1O6K,3E87,P31751,AKT2,G95,NC[C@@H](NC(=O)c1ccc(-c2ccnc3[nH]ccc23)s1)c1ccccc1
1O6K,2JDR,P31751,AKT2,L20,Cc1n[nH]c2ccc(-c3cncc(OC[C@@H](N)Cc4c[nH]c5ccccc45)c3)cc12
1O6K,2XH5,P31751,AKT2,X37,CC(C)(C)c1ccc(CC2([NH3+])CCN(c3ncnc4[nH]ccc34)CC2)cc1
2XH5,3D0E,P31751,AKT2,G93,CCn1c(-c2nonc2N)nc2c(C#CC(C)(C)O)ncc(OC[C@H]3CCCNC3)c21
2XH5,3E88,P31751,AKT2,G96,CCn1c(-c2nonc2N)nc2c(C#CC(C)(C)O)nc(OC[C@H](N)Cc3ccccc3)cc21
2XH5,2X39,P31751,AKT2,X39,NC1(C(=O)NCc2ccc(Cl)cc2)CCN(c2ncnc3[nH]ccc23)CC1
2XH5,2UW9,P31751,AKT2,GVP,Clc1ccc(C2(c3ccc(-c4cn[nH]c4)cc3)CCNCC2)cc1
2XH5,1O6L,P31751,AKT2,ANP MN,Nc1ncnc2c1ncn2[C@@H]1O[C@H](COP(=O)(O)OP(=O)(O)NP(=O)(O)O)[C@@H](O)[C@H]1O [Mn+2]
2XH5,3E87,P31751,AKT2,G95,NC[C@@H](NC(=O)c1ccc(-c2ccnc3[nH]ccc23)s1)c1ccccc1
2XH5,2JDR,P31751,AKT2,L20,Cc1n[nH]c2ccc(-c3cncc(OC[C@@H](N)Cc4c[nH]c5ccccc45)c3)cc12
3GQZ,3GR2,P00811,AMPC,GF4,CCc1c(C)[nH]n(-c2nnn[nH]2)c1=O
3GTC,4KEN,P00811,AMPC,PO4 1S7,O=P([O-])([O-])[O-] C=C1CS[C@H]([C@@](C=O)(NC(=O)Cc2cccs2)OC)N=C1C(=O)O
1XGJ,3GQZ,P00811,AMPC,DMS GF7,CS(C)=O CC(=O)c1ccc(N2C[C@@H](C(=O)O)CC2=O)cc1
1XGJ,1KVL,P00811,AMPC,PO4 KCP CLS THN,O=P([O-])([O-])[O-] CC1=C(C(=O)O)N[C@H]([C@H](NC(=O)Cc2cccs2)C(=O)O)SC1 CC(=O)OCC1=C(C(=O)O)N2C(=O)[C@@H](NC(=O)Cc3cccs3)[C@H]2SC1 C=C1CSC([C@H](NC(=O)Cc2cccs2)C(=O)O)=N[C@@H]1C(=O)O
1XGJ,3GTC,P00811,AMPC,GTC PO4,O=C(O)[C@@H]1CCCC[C@@H]1c1n[nH]c(=S)[nH]1 O=P([O-])([O-])[O-]
1C3B,4KZ3,P00811,AMPC,1U1 PO4,NS(=O)(=O)c1cc(Cl)sc1C(=O)O O=P([O-])([O-])[O-]
1C3B,2PU2,P00811,AMPC,PO4 DK2,O=P([O-])([O-])[O-] O=C(O)c1ccc2c(c1)C(=O)N([C@H](Cc1ccc(O)cc1)C(=O)O)C2=O
3FKV,4KZ7,P00811,AMPC,1U5 PO4,CC1(C)[C@@]2(C(=O)O)CC[C@]1(C)C(=O)O2 O=P([O-])([O-])[O-]
3FKV,4JXW,P00811,AMPC,PO4 1MW,O=P([O-])([O-])[O-] O=C(O)c1ccc(CCCNS(=O)(=O)c2ccsc2C(=O)O)cc1
3FKV,1XGJ,P00811,AMPC,HTC,O=C(O)c1ccc(NS(=O)(=O)c2ccsc2C(=O)O)c(O)c1
1KDW,3GV9,P00811,AMPC,GV9 PO4 PEG DMS,CC(=O)Nc1ccsc1C(=O)O O=P([O-])([O-])[O-] OCCOCCO CS(C)=O
1KDW,3O87,P00811,AMPC,BSG PO4,O=C(O)c1ccc(CS(=O)(=O)NCB(O)O)cc1 O=P([O-])([O-])[O-]
1KDW,5GZW,P00811,AMPC,AMP SO4,Nc1ncnc2c1ncn2[C@@H]1O[C@H](COP(=O)(O)O)[C@@H](O)[C@H]1O O=S(=O)([O-])[O-]
1KDW,2HDR,P00811,AMPC,PO4 4A3,O=P([O-])([O-])[O-] Nc1ccc(C(=O)O)cc1O
3GR2,4LV1,P00811,AMPC,NL9 PO4,OB(O)c1cnn(-c2cccc(Cl)c2)c1 O=P([O-])([O-])[O-]
3GR2,3O87,P00811,AMPC,BSG PO4,O=C(O)c1ccc(CS(=O)(=O)NCB(O)O)cc1 O=P([O-])([O-])[O-]
3GR2,1PI5,P00811,AMPC,PO4 K SM2,O=P([O-])([O-])[O-] [K+] O=C(Cc1cccs1)N[C@H](B(O)O)c1cccc(C(=O)O)c1
4JXG,1KDW,P00811,AMPC,PO4 4CB,O=P([O-])([O-])[O-] O=C(O)c1ccc(B(O)O)cc1
4JXG,2HDR,P00811,AMPC,PO4 4A3,O=P([O-])([O-])[O-] Nc1ccc(C(=O)O)cc1O
1I5Q,4KG2,P00811,AMPC,PO4 CEF,O=P([O-])([O-])[O-] C=C1CS[C@H]([C@@H](C=O)NC(=O)/C(=N\OC)c2csc(N)n2)N=C1C(=O)O
3GV9,1GA9,P00811,AMPC,PO4 ETP K,O=P([O-])([O-])[O-] O=S(=O)(Nc1cccc(B(O)O)c1)c1cc(S(=O)(=O)c2ccccc2)cs1 [K+]
3GV9,1KDS,P00811,AMPC,NPB,O=[N+]([O-])c1cccc(B(O)O)c1
2HDR,1LL5,P00811,AMPC,IM2,C[C@@H](O)[C@@H](C=O)[C@H]1CC(SCCNC=N)=C(C(=O)O)N1
2HDR,3BM6,P00811,AMPC,C9P,O=C(O)c1ccc(B(O)O)cc1NS(=O)(=O)c1cc(S(=O)(=O)c2ccccc2)cs1
2HDR,1KE3,P00811,AMPC,PO4 BDB,O=P([O-])([O-])[O-] OB(O)c1ccc(-c2ccc(B(O)O)cc2)cc1
1PI5,1KDW,P00811,AMPC,PO4 4CB,O=P([O-])([O-])[O-] O=C(O)c1ccc(B(O)O)cc1
1PI5,1IEM,P00811,AMPC,PO4 CB4,O=P([O-])([O-])[O-] CC(C)(O/N=C(\C(=O)NCB(O)O)c1csc(N)n1)C(=O)O
1PI5,2HDR,P00811,AMPC,PO4 4A3,O=P([O-])([O-])[O-] Nc1ccc(C(=O)O)cc1O
1KE3,3O88,P00811,AMPC,BSH PO4,O=C(O)c1cccc(C[C@H](NS(=O)(=O)Cc2ccccc2)B(O)O)c1 O=P([O-])([O-])[O-]
1KE3,4LV2,P00811,AMPC,N95 PO4,OB(O)c1cnn(-c2cc(Cl)ncn2)c1 O=P([O-])([O-])[O-]
4KEN,1FSW,P00811,AMPC,PO4 CTB,O=P([O-])([O-])[O-] O=C(Cc1cccs1)NCB(O)O
1GA9,3GTC,P00811,AMPC,GTC PO4,O=C(O)[C@@H]1CCCC[C@@H]1c1n[nH]c(=S)[nH]1 O=P([O-])([O-])[O-]
1GA9,3O88,P00811,AMPC,BSH PO4,O=C(O)c1cccc(C[C@H](NS(=O)(=O)Cc2ccccc2)B(O)O)c1 O=P([O-])([O-])[O-]
4E3J,3O86,P00811,AMPC,BSF PO4,O=S(=O)(Cc1ccccc1)NCB(O)O O=P([O-])([O-])[O-]
4E3J,3O88,P00811,AMPC,BSH PO4,O=C(O)c1cccc(C[C@H](NS(=O)(=O)Cc2ccccc2)B(O)O)c1 O=P([O-])([O-])[O-]
4E3J,1KDS,P00811,AMPC,NPB,O=[N+]([O-])c1cccc(B(O)O)c1
1MXO,4E3J,P00811,AMPC,PO4 0N4,O=P([O-])([O-])[O-] O=S(=O)(NCB(O)O)c1ccc(-c2nnn[nH]2)cc1
2PU2,1C3B,P00811,AMPC,BZB,OB(O)c1cc2ccccc2s1
4KG2,4KZ7,P00811,AMPC,1U5 PO4,CC1(C)[C@@]2(C(=O)O)CC[C@]1(C)C(=O)O2 O=P([O-])([O-])[O-]
3IXB,3GQZ,P00811,AMPC,DMS GF7,CS(C)=O CC(=O)c1ccc(N2C[C@@H](C(=O)O)CC2=O)cc1
3IXB,1IEL,P00811,AMPC,PO4 CAZ,O=P([O-])([O-])[O-] C=C1CS[C@H]([C@@H](C=O)NC(=O)/C(=N\OC(C)(C)C(=O)O)c2csc(N)n2)N=C1C(=O)O
3IXB,3GSG,P00811,AMPC,PO4 DMS GF1,O=P([O-])([O-])[O-] CS(C)=O C[C@@H](C(=O)O)N1C(=O)[C@@H]2[C@@H]3CC[C@@H](C3)[C@@H]2C1=O
3IXB,1PI5,P00811,AMPC,PO4 K SM2,O=P([O-])([O-])[O-] [K+] O=C(Cc1cccs1)N[C@H](B(O)O)c1cccc(C(=O)O)c1
3IXB,4LV2,P00811,AMPC,N95 PO4,OB(O)c1cnn(-c2cc(Cl)ncn2)c1 O=P([O-])([O-])[O-]
2FFY,2I72,P00811,AMPC,VA1,O=CN(C=O)Cc1ccc2sc(B(O)O)cc2c1
2FFY,4KG2,P00811,AMPC,PO4 CEF,O=P([O-])([O-])[O-] C=C1CS[C@H]([C@@H](C=O)NC(=O)/C(=N\OC)c2csc(N)n2)N=C1C(=O)O
1IEM,1KE0,P00811,AMPC,PO4 CVB,O=P([O-])([O-])[O-] O=C(O)/C=C/c1ccc(B(O)O)cc1
1IEM,4E3M,P00811,AMPC,PO4 0ND,O=P([O-])([O-])[O-] O=S(=O)(NCB(O)O)c1ccc(-c2nnn[nH]2)cc1Cl
4LV1,1FSY,P00811,AMPC,PO4 105,O=P([O-])([O-])[O-] Cc1onc(-c2ccccc2Cl)c1C(=O)NCB(O)O
4LV1,1L2S,P00811,AMPC,STC,O=C(O)c1sccc1S(=O)(=O)Nc1ccc(Cl)cc1
4E3K,4E3M,P00811,AMPC,PO4 0ND,O=P([O-])([O-])[O-] O=S(=O)(NCB(O)O)c1ccc(-c2nnn[nH]2)cc1Cl
4E3L,1I5Q,P00811,AMPC,MOX,C=C1CO[C@H]([C@@](C=O)(NC(=O)[C@@H](C(=O)O)c2ccc(O)cc2)OC)N=C1C(=O)O
4E3L,1FCM,P00811,AMPC,CXU,Cc1onc(-c2ccccc2Cl)c1C(=O)N[C@H](C=O)[C@@H]1N[C@@H](C(=O)O)C(C)(C)S1
4E3O,4E3L,P00811,AMPC,PO4 0NB,O=P([O-])([O-])[O-] O=S(=O)(NCB(O)O)c1ccc(-c2nnn[nH]2)c(Cl)c1
4E3O,3GTC,P00811,AMPC,GTC PO4,O=C(O)[C@@H]1CCCC[C@@H]1c1n[nH]c(=S)[nH]1 O=P([O-])([O-])[O-]
4E3O,5JOC,P00811,AMPC,CIT,O=C(O)CC(O)(CC(=O)O)C(=O)O
4E3O,4JXW,P00811,AMPC,PO4 1MW,O=P([O-])([O-])[O-] O=C(O)c1ccc(CCCNS(=O)(=O)c2ccsc2C(=O)O)cc1
4E3O,1XGJ,P00811,AMPC,HTC,O=C(O)c1ccc(NS(=O)(=O)c2ccsc2C(=O)O)c(O)c1
4E3O,2HDR,P00811,AMPC,PO4 4A3,O=P([O-])([O-])[O-] Nc1ccc(C(=O)O)cc1O
1KDS,3GR2,P00811,AMPC,GF4,CCc1c(C)[nH]n(-c2nnn[nH]2)c1=O
1KDS,1IEM,P00811,AMPC,PO4 CB4,O=P([O-])([O-])[O-] CC(C)(O/N=C(\C(=O)NCB(O)O)c1csc(N)n1)C(=O)O
4LV3,1I5Q,P00811,AMPC,MOX,C=C1CO[C@H]([C@@](C=O)(NC(=O)[C@@H](C(=O)O)c2ccc(O)cc2)OC)N=C1C(=O)O
4LV3,1GA9,P00811,AMPC,PO4 ETP K,O=P([O-])([O-])[O-] O=S(=O)(Nc1cccc(B(O)O)c1)c1cc(S(=O)(=O)c2ccccc2)cs1 [K+]
4LV3,3O88,P00811,AMPC,BSH PO4,O=C(O)c1cccc(C[C@H](NS(=O)(=O)Cc2ccccc2)B(O)O)c1 O=P([O-])([O-])[O-]
4LV3,1FSY,P00811,AMPC,PO4 105,O=P([O-])([O-])[O-] Cc1onc(-c2ccccc2Cl)c1C(=O)NCB(O)O
3O87,3GR2,P00811,AMPC,GF4,CCc1c(C)[nH]n(-c2nnn[nH]2)c1=O
3O87,4KEN,P00811,AMPC,PO4 1S7,O=P([O-])([O-])[O-] C=C1CS[C@H]([C@@](C=O)(NC(=O)Cc2cccs2)OC)N=C1C(=O)O
5GZW,3O88,A0A076YIY5,,BSH PO4,O=C(O)c1cccc(C[C@H](NS(=O)(=O)Cc2ccccc2)B(O)O)c1 O=P([O-])([O-])[O-]
5GZW,1L2S,A0A076YIY5,,STC,O=C(O)c1sccc1S(=O)(=O)Nc1ccc(Cl)cc1
2PU4,4E3N,P00811,AMPC,PO4 0NE,O=P([O-])([O-])[O-] O=S(=O)(NCB(O)O)c1ccc(-c2nnn[nH]2)cc1C(F)(F)F
3O88,1IEL,P00811,AMPC,PO4 CAZ,O=P([O-])([O-])[O-] C=C1CS[C@H]([C@@H](C=O)NC(=O)/C(=N\OC(C)(C)C(=O)O)c2csc(N)n2)N=C1C(=O)O
3O88,4KZ3,P00811,AMPC,1U1 PO4,NS(=O)(=O)c1cc(Cl)sc1C(=O)O O=P([O-])([O-])[O-]
3GSG,3O87,P00811,AMPC,BSG PO4,O=C(O)c1ccc(CS(=O)(=O)NCB(O)O)cc1 O=P([O-])([O-])[O-]
3GSG,4E3O,P00811,AMPC,PO4 0NG,O=P([O-])([O-])[O-] O=S(=O)(CCl)NCB(O)O
1KVL,4LV1,P00811,AMPC,NL9 PO4,OB(O)c1cnn(-c2cccc(Cl)c2)c1 O=P([O-])([O-])[O-]
4KZ8,3GTC,P00811,AMPC,GTC PO4,O=C(O)[C@@H]1CCCC[C@@H]1c1n[nH]c(=S)[nH]1 O=P([O-])([O-])[O-]
4LV2,1PI4,P00811,AMPC,PO4 K SM3,O=P([O-])([O-])[O-] [K+] O=C(Cc1cccs1)N[C@H](B(O)O)c1ccccc1
4LV2,4KG2,P00811,AMPC,PO4 CEF,O=P([O-])([O-])[O-] C=C1CS[C@H]([C@@H](C=O)NC(=O)/C(=N\OC)c2csc(N)n2)N=C1C(=O)O
2I72,1C3B,P00811,AMPC,BZB,OB(O)c1cc2ccccc2s1
2I72,3GV9,P00811,AMPC,GV9 PO4 PEG DMS,CC(=O)Nc1ccsc1C(=O)O O=P([O-])([O-])[O-] OCCOCCO CS(C)=O
2I72,2HDR,P00811,AMPC,PO4 4A3,O=P([O-])([O-])[O-] Nc1ccc(C(=O)O)cc1O
1KE0,1FSW,P00811,AMPC,PO4 CTB,O=P([O-])([O-])[O-] O=C(Cc1cccs1)NCB(O)O
1KE0,4LV1,P00811,AMPC,NL9 PO4,OB(O)c1cnn(-c2cccc(Cl)c2)c1 O=P([O-])([O-])[O-]
1KE0,4KG2,P00811,AMPC,PO4 CEF,O=P([O-])([O-])[O-] C=C1CS[C@H]([C@@H](C=O)NC(=O)/C(=N\OC)c2csc(N)n2)N=C1C(=O)O
4KG5,1I5Q,P00811,AMPC,MOX,C=C1CO[C@H]([C@@](C=O)(NC(=O)[C@@H](C(=O)O)c2ccc(O)cc2)OC)N=C1C(=O)O
1IEL,1KVL,P00811,AMPC,PO4 KCP CLS THN,O=P([O-])([O-])[O-] CC1=C(C(=O)O)N[C@H]([C@H](NC(=O)Cc2cccs2)C(=O)O)SC1 CC(=O)OCC1=C(C(=O)O)N2C(=O)[C@@H](NC(=O)Cc3cccs3)[C@H]2SC1 C=C1CSC([C@H](NC(=O)Cc2cccs2)C(=O)O)=N[C@@H]1C(=O)O
1IEL,3GR2,P00811,AMPC,GF4,CCc1c(C)[nH]n(-c2nnn[nH]2)c1=O
4E3M,1GA9,P00811,AMPC,PO4 ETP K,O=P([O-])([O-])[O-] O=S(=O)(Nc1cccc(B(O)O)c1)c1cc(S(=O)(=O)c2ccccc2)cs1 [K+]
4OLG,4E3M,P00811,AMPC,PO4 0ND,O=P([O-])([O-])[O-] O=S(=O)(NCB(O)O)c1ccc(-c2nnn[nH]2)cc1Cl
4OLG,4LV2,P00811,AMPC,N95 PO4,OB(O)c1cnn(-c2cc(Cl)ncn2)c1 O=P([O-])([O-])[O-]
5JOC,1KDW,P00811,AMPC,PO4 4CB,O=P([O-])([O-])[O-] O=C(O)c1ccc(B(O)O)cc1
1FSY,1PI4,P00811,AMPC,PO4 K SM3,O=P([O-])([O-])[O-] [K+] O=C(Cc1cccs1)N[C@H](B(O)O)c1ccccc1
1FSY,4JXV,P00811,AMPC,1MU PO4,O=C(O)c1ccc(CCNS(=O)(=O)c2ccsc2C(=O)O)cc1 O=P([O-])([O-])[O-]
1FSY,1KDW,P00811,AMPC,PO4 4CB,O=P([O-])([O-])[O-] O=C(O)c1ccc(B(O)O)cc1
1FSY,2PU2,P00811,AMPC,PO4 DK2,O=P([O-])([O-])[O-] O=C(O)c1ccc2c(c1)C(=O)N([C@H](Cc1ccc(O)cc1)C(=O)O)C2=O
4E3N,4E3J,P00811,AMPC,PO4 0N4,O=P([O-])([O-])[O-] O=S(=O)(NCB(O)O)c1ccc(-c2nnn[nH]2)cc1
4E3N,5GZW,P00811,AMPC,AMP SO4,Nc1ncnc2c1ncn2[C@@H]1O[C@H](COP(=O)(O)O)[C@@H](O)[C@H]1O O=S(=O)([O-])[O-]
3BM6,1C3B,P00811,AMPC,BZB,OB(O)c1cc2ccccc2s1
1FCN,1FSW,P00811,AMPC,PO4 CTB,O=P([O-])([O-])[O-] O=C(Cc1cccs1)NCB(O)O
1FCN,3GR2,P00811,AMPC,GF4,CCc1c(C)[nH]n(-c2nnn[nH]2)c1=O
4OEZ,4OJB,P10275,AR,198,C[C@](O)(CS(=O)(=O)c1ccc(F)cc1)C(=O)Nc1ccc(C#N)c(C(F)(F)F)c1
4OEZ,2AX9,P10275,AR,BHM,C[C@](O)(CBr)C(=O)Nc1ccc([N+](=O)[O-])c(C(F)(F)F)c1
1XOW,2AMB,P10275,AR,SO4 17H DTT EPE GOL,O=S(=O)([O-])[O-] CC[C@]1(O)CC[C@H]2[C@@H]3CCC4=CC(=O)CCC4=C3C=C[C@@]21CC O[C@@H](CS)[C@@H](O)CS O=S(=O)(O)CCN1CCN(CCO)CC1 OCC(O)CO
2AMA,3G0W,P10275,AR,LGB,Cc1c(N=C2O[C@@H](C(F)(F)F)[C@@H]3[C@@H](O)CCN23)ccc(C#N)c1Cl
2AMA,4QL8,P10275,AR,JAD,CO[C@@H]1C(c2ccc(C#N)c(Cl)c2C)=NN2CC[C@H](O)[C@@H]12
2AMA,3B65,P10275,AR,3B6,C[C@](O)(COc1ccc(C#N)cc1)C(=O)Nc1ccc(C#N)c(I)c1
2PIR,3G0W,P10275,AR,LGB,Cc1c(N=C2O[C@@H](C(F)(F)F)[C@@H]3[C@@H](O)CCN23)ccc(C#N)c1Cl
2QPY,3ZQT,P19091,AR,TES SO4 30Z,C[C@]12CC[C@H]3[C@@H](CCC4=CC(=O)CC[C@@]43C)[C@@H]1CC[C@@H]2O O=S(=O)([O-])[O-] C[C@@H](Cc1ccc(O)c(O)c1)[C@@H](C)Cc1ccc(O)c(O)c1
2QPY,2AXA,P19091,AR,FHM,C[C@](O)(COc1ccc(F)cc1)C(=O)Nc1ccc([N+](=O)[O-])c(C(F)(F)F)c1
2QPY,5T8E,P19091,AR,GOL 77U,OCC(O)CO Cc1c(N2CC[C@H](O)[C@@H]2C)ccc(C#N)c1Cl
2QPY,2NW4,P19091,AR,8NH,Cc1c(N2C(=O)[C@@H]3[C@H](O)CCN3C2=O)ccc(C#N)c1Cl
4OEY,1GS4,P10275,AR,PO4 ZK5,O=P([O-])([O-])[O-] C[C@]12CCC(=O)C=C1CC[C@H]1[C@@H]3CC[C@](O)(C(=O)CO)[C@@]3(C)C[C@H](O)[C@@]12F
2PIT,3V4A,P10275,AR,PK1 SO4,CN1C(=S)N(c2ccc(Cl)c(Cl)c2)C(=O)[C@@]1(C)c1ccc(O)cc1 O=S(=O)([O-])[O-]
2AX6,5V8Q,P10275,AR,GOL 97A,OCC(O)CO CC[C@H]1[C@@H](O)CC(=O)N1c1ccc(C#N)c(C(F)(F)F)c1
2PKL,3V49,P10275,AR,SO4 PK0,O=S(=O)([O-])[O-] CN1C(=O)N(c2ccc(C#N)c(C(F)(F)F)c2)C(=O)[C@@]1(C)c1ccc(O)cc1
1I38,3G0W,P15207,AR,LGB,Cc1c(N=C2O[C@@H](C(F)(F)F)[C@@H]3[C@@H](O)CCN23)ccc(C#N)c1Cl
1XNN,3B68,P15207,AR,B68,CC(=O)Nc1ccc(OC[C@](C)(O)C(=O)Nc2ccc([N+](=O)[O-])c(C(F)(F)F)c2)cc1
1XNN,3RLL,P15207,AR,RLL,C[C@](O)(COc1ccc(C#N)c2ccccc12)C(=O)Nc1ccc(C#N)c(C(F)(F)F)c1
1XNN,1GS4,P15207,AR,PO4 ZK5,O=P([O-])([O-])[O-] C[C@]12CCC(=O)C=C1CC[C@H]1[C@@H]3CC[C@](O)(C(=O)CO)[C@@]3(C)C[C@H](O)[C@@]12F
4OED,5T8J,P10275,AR,GOL 77T,OCC(O)CO Cc1c(N2CC[C@](C)(O)[C@@H]2C)ccc(C#N)c1F
1T63,4OJB,P10275,AR,198,C[C@](O)(CS(=O)(=O)c1ccc(F)cc1)C(=O)Nc1ccc(C#N)c(C(F)(F)F)c1
1T63,5T8J,P10275,AR,GOL 77T,OCC(O)CO Cc1c(N2CC[C@](C)(O)[C@@H]2C)ccc(C#N)c1F
4OLM,3B5R,P10275,AR,B5R,C[C@](O)(COc1ccc(Cl)c(F)c1)C(=O)Nc1ccc(C#N)c(C(F)(F)F)c1
4OLM,2PNU,P10275,AR,SO4 ENM DTT MES,O=S(=O)([O-])[O-] C[C@]12CCC(=O)C[C@@H]1CC[C@@H]1[C@@H]2CC[C@]2(CCOCc3cc(F)cc(F)c3)[C@@H](O)CC[C@@H]12 O[C@@H](CS)[C@@H](O)CS O=S(=O)([O-])CC[NH+]1CCOCC1
1T76,3G0W,O97775,AR,LGB,Cc1c(N=C2O[C@@H](C(F)(F)F)[C@@H]3[C@@H](O)CCN23)ccc(C#N)c1Cl
2AMB,1GS4,P10275,AR,PO4 ZK5,O=P([O-])([O-])[O-] C[C@]12CCC(=O)C=C1CC[C@H]1[C@@H]3CC[C@](O)(C(=O)CO)[C@@]3(C)C[C@H](O)[C@@]12F
2OZ7,3V4A,P10275,AR,PK1 SO4,CN1C(=S)N(c2ccc(Cl)c(Cl)c2)C(=O)[C@@]1(C)c1ccc(O)cc1 O=S(=O)([O-])[O-]
2OZ7,2PNU,P10275,AR,SO4 ENM DTT MES,O=S(=O)([O-])[O-] C[C@]12CCC(=O)C[C@@H]1CC[C@@H]1[C@@H]2CC[C@]2(CCOCc3cc(F)cc(F)c3)[C@@H](O)CC[C@@H]12 O[C@@H](CS)[C@@H](O)CS O=S(=O)([O-])CC[NH+]1CCOCC1
2YLP,4OHA,P10275,AR,HFT SO4,CC(C)(O)C(=O)Nc1ccc([N+](=O)[O-])c(C(F)(F)F)c1 O=S(=O)([O-])[O-]
2YLP,1XOW,P10275,AR,R18,C[C@]1(O)CC[C@H]2[C@@H]3CCC4=CC(=O)CCC4=C3C=C[C@@]21C
3ZQT,4OHA,P10275,AR,HFT SO4,CC(C)(O)C(=O)Nc1ccc([N+](=O)[O-])c(C(F)(F)F)c1 O=S(=O)([O-])[O-]
1T73,2AXA,O97775,AR,FHM,C[C@](O)(COc1ccc(F)cc1)C(=O)Nc1ccc([N+](=O)[O-])c(C(F)(F)F)c1
3RLJ,1XOW,P10275,AR,R18,C[C@]1(O)CC[C@H]2[C@@H]3CCC4=CC(=O)CCC4=C3C=C[C@@]21C
1E3G,3B67,P10275,AR,B67,C[C@](O)(COc1c(F)c(F)c(F)c(F)c1F)C(=O)Nc1ccc([N+](=O)[O-])c(C(F)(F)F)c1
2PIP,3ZQT,P10275,AR,TES SO4 30Z,C[C@]12CC[C@H]3[C@@H](CCC4=CC(=O)CC[C@@]43C)[C@@H]1CC[C@@H]2O O=S(=O)([O-])[O-] C[C@@H](Cc1ccc(O)c(O)c1)[C@@H](C)Cc1ccc(O)c(O)c1
2PIP,3RLJ,P10275,AR,RLJ,C[C@](O)(COc1ccc(C#N)cc1)C(=O)Nc1ccc(C#N)c(C(F)(F)F)c1
3B5R,3B68,P10275,AR,B68,CC(=O)Nc1ccc(OC[C@](C)(O)C(=O)Nc2ccc([N+](=O)[O-])c(C(F)(F)F)c2)cc1
4OKW,3B67,P10275,AR,B67,C[C@](O)(COc1c(F)c(F)c(F)c(F)c1F)C(=O)Nc1ccc([N+](=O)[O-])c(C(F)(F)F)c1
2PIW,5T8E,P10275,AR,GOL 77U,OCC(O)CO Cc1c(N2CC[C@H](O)[C@@H]2C)ccc(C#N)c1Cl
2PIW,1XNN,P10275,AR,HYQ,O=C1[C@@H]2C3CCC(CC3)[C@@H]2C(=O)N1c1ccc([N+](=O)[O-])c2ccccc12
1XQ3,4OHA,P10275,AR,HFT SO4,CC(C)(O)C(=O)Nc1ccc([N+](=O)[O-])c(C(F)(F)F)c1 O=S(=O)([O-])[O-]
1XQ3,3B66,P10275,AR,B66,C[C@](O)(COc1ccc([N+](=O)[O-])cc1)[C@@H](O)Nc1ccc(C#N)c(C(F)(F)F)c1
1XQ3,3V4A,P10275,AR,PK1 SO4,CN1C(=S)N(c2ccc(Cl)c(Cl)c2)C(=O)[C@@]1(C)c1ccc(O)cc1 O=S(=O)([O-])[O-]
4OGH,2AX9,P10275,AR,BHM,C[C@](O)(CBr)C(=O)Nc1ccc([N+](=O)[O-])c(C(F)(F)F)c1
4OGH,2OZ7,P10275,AR,CA4,CC(=O)O[C@]1(C(C)=O)CC[C@H]2[C@@H]3C=C(Cl)C4=CC(=O)[C@@H]5C[C@@H]5[C@]4(C)[C@H]3CC[C@@]21C
4QL8,2AXA,P10275,AR,FHM,C[C@](O)(COc1ccc(F)cc1)C(=O)Nc1ccc([N+](=O)[O-])c(C(F)(F)F)c1
4QL8,2IHQ,P10275,AR,LG7,N#Cc1ccc(N2C(=O)[C@@H]3[C@H](O)CCN3C2=O)c2ccccc12
2PIQ,1GS4,P10275,AR,PO4 ZK5,O=P([O-])([O-])[O-] C[C@]12CCC(=O)C=C1CC[C@H]1[C@@H]3CC[C@](O)(C(=O)CO)[C@@]3(C)C[C@H](O)[C@@]12F
2PIQ,2HVC,P10275,AR,LGD,O=c1cc(C(F)(F)F)c2cc(N(CC(F)(F)F)CC(F)(F)F)ccc2[nH]1
4OFR,4OHA,P10275,AR,HFT SO4,CC(C)(O)C(=O)Nc1ccc([N+](=O)[O-])c(C(F)(F)F)c1 O=S(=O)([O-])[O-]
4OFR,3RLJ,P10275,AR,RLJ,C[C@](O)(COc1ccc(C#N)cc1)C(=O)Nc1ccc(C#N)c(C(F)(F)F)c1
2Q7K,3B67,P10275,AR,B67,C[C@](O)(COc1c(F)c(F)c(F)c(F)c1F)C(=O)Nc1ccc([N+](=O)[O-])c(C(F)(F)F)c1
4OKB,3V49,P10275,AR,SO4 PK0,O=S(=O)([O-])[O-] CN1C(=O)N(c2ccc(C#N)c(C(F)(F)F)c2)C(=O)[C@@]1(C)c1ccc(O)cc1
4OKB,2OZ7,P10275,AR,CA4,CC(=O)O[C@]1(C(C)=O)CC[C@H]2[C@@H]3C=C(Cl)C4=CC(=O)[C@@H]5C[C@@H]5[C@]4(C)[C@H]3CC[C@@]21C
1T7M,2AMB,O97775,AR,SO4 17H DTT EPE GOL,O=S(=O)([O-])[O-] CC[C@]1(O)CC[C@H]2[C@@H]3CCC4=CC(=O)CCC4=C3C=C[C@@]21CC O[C@@H](CS)[C@@H](O)CS O=S(=O)(O)CCN1CCN(CCO)CC1 OCC(O)CO
1T7M,3B68,O97775,AR,B68,CC(=O)Nc1ccc(OC[C@](C)(O)C(=O)Nc2ccc([N+](=O)[O-])c(C(F)(F)F)c2)cc1
1T7M,3V49,O97775,AR,SO4 PK0,O=S(=O)([O-])[O-] CN1C(=O)N(c2ccc(C#N)c(C(F)(F)F)c2)C(=O)[C@@]1(C)c1ccc(O)cc1
1T7M,5CJ6,O97775,AR,51Y,Cc1c(N[C@@H]2CCC[C@@]2(C)O)ccc(C#N)c1Cl
1T7R,4OJB,O97775,AR,198,C[C@](O)(CS(=O)(=O)c1ccc(F)cc1)C(=O)Nc1ccc(C#N)c(C(F)(F)F)c1
2Z4J,3RLL,P10275,AR,RLL,C[C@](O)(COc1ccc(C#N)c2ccccc12)C(=O)Nc1ccc(C#N)c(C(F)(F)F)c1
4OJ9,3B5R,P10275,AR,B5R,C[C@](O)(COc1ccc(Cl)c(F)c1)C(=O)Nc1ccc(C#N)c(C(F)(F)F)c1
1T79,4OHA,O97775,AR,HFT SO4,CC(C)(O)C(=O)Nc1ccc([N+](=O)[O-])c(C(F)(F)F)c1 O=S(=O)([O-])[O-]
1T79,2HVC,O97775,AR,LGD,O=c1cc(C(F)(F)F)c2cc(N(CC(F)(F)F)CC(F)(F)F)ccc2[nH]1
1T5Z,2IHQ,P10275,AR,LG7,N#Cc1ccc(N2C(=O)[C@@H]3[C@H](O)CCN3C2=O)c2ccccc12
5T8J,3V49,P10275,AR,SO4 PK0,O=S(=O)([O-])[O-] CN1C(=O)N(c2ccc(C#N)c(C(F)(F)F)c2)C(=O)[C@@]1(C)c1ccc(O)cc1
5CJ6,5T8J,P10275,AR,GOL 77T,OCC(O)CO Cc1c(N2CC[C@](C)(O)[C@@H]2C)ccc(C#N)c1F
2PIV,3ZQT,P10275,AR,TES SO4 30Z,C[C@]12CC[C@H]3[C@@H](CCC4=CC(=O)CC[C@@]43C)[C@@H]1CC[C@@H]2O O=S(=O)([O-])[O-] C[C@@H](Cc1ccc(O)c(O)c1)[C@@H](C)Cc1ccc(O)c(O)c1
2PIU,2AXA,P10275,AR,FHM,C[C@](O)(COc1ccc(F)cc1)C(=O)Nc1ccc([N+](=O)[O-])c(C(F)(F)F)c1
2PIU,2AX9,P10275,AR,BHM,C[C@](O)(CBr)C(=O)Nc1ccc([N+](=O)[O-])c(C(F)(F)F)c1
3B65,5T8J,P10275,AR,GOL 77T,OCC(O)CO Cc1c(N2CC[C@](C)(O)[C@@H]2C)ccc(C#N)c1F
2YLO,2NW4,P10275,AR,8NH,Cc1c(N2C(=O)[C@@H]3[C@H](O)CCN3C2=O)ccc(C#N)c1Cl
2YLO,3RLL,P10275,AR,RLL,C[C@](O)(COc1ccc(C#N)c2ccccc12)C(=O)Nc1ccc(C#N)c(C(F)(F)F)c1
2YLO,2OZ7,P10275,AR,CA4,CC(=O)O[C@]1(C(C)=O)CC[C@H]2[C@@H]3C=C(Cl)C4=CC(=O)[C@@H]5C[C@@H]5[C@]4(C)[C@H]3CC[C@@]21C
2Q7L,4OJB,P10275,AR,198,C[C@](O)(CS(=O)(=O)c1ccc(F)cc1)C(=O)Nc1ccc(C#N)c(C(F)(F)F)c1
2Q7L,5V8Q,P10275,AR,GOL 97A,OCC(O)CO CC[C@H]1[C@@H](O)CC(=O)N1c1ccc(C#N)c(C(F)(F)F)c1
3G0W,2AXA,P15207,AR,FHM,C[C@](O)(COc1ccc(F)cc1)C(=O)Nc1ccc([N+](=O)[O-])c(C(F)(F)F)c1
2IHQ,3B68,P15207,AR,B68,CC(=O)Nc1ccc(OC[C@](C)(O)C(=O)Nc2ccc([N+](=O)[O-])c(C(F)(F)F)c2)cc1
2IHQ,1XNN,P15207,AR,HYQ,O=C1[C@@H]2C3CCC(CC3)[C@@H]2C(=O)N1c1ccc([N+](=O)[O-])c2ccccc12
2AO6,3B67,P10275,AR,B67,C[C@](O)(COc1c(F)c(F)c(F)c(F)c1F)C(=O)Nc1ccc([N+](=O)[O-])c(C(F)(F)F)c1
2YHD,4OHA,P10275,AR,HFT SO4,CC(C)(O)C(=O)Nc1ccc([N+](=O)[O-])c(C(F)(F)F)c1 O=S(=O)([O-])[O-]
2YHD,5T8E,P10275,AR,GOL 77U,OCC(O)CO Cc1c(N2CC[C@H](O)[C@@H]2C)ccc(C#N)c1Cl
2YHD,3B65,P10275,AR,3B6,C[C@](O)(COc1ccc(C#N)cc1)C(=O)Nc1ccc(C#N)c(I)c1
3B66,4QL8,P10275,AR,JAD,CO[C@@H]1C(c2ccc(C#N)c(Cl)c2C)=NN2CC[C@H](O)[C@@H]12
4OIL,2OZ7,P10275,AR,CA4,CC(=O)O[C@]1(C(C)=O)CC[C@H]2[C@@H]3C=C(Cl)C4=CC(=O)[C@@H]5C[C@@H]5[C@]4(C)[C@H]3CC[C@@]21C
4OHA,5CJ6,P10275,AR,51Y,Cc1c(N[C@@H]2CCC[C@@]2(C)O)ccc(C#N)c1Cl
2AX7,2NW4,P10275,AR,8NH,Cc1c(N2C(=O)[C@@H]3[C@H](O)CCN3C2=O)ccc(C#N)c1Cl
4OK1,1GS4,P10275,AR,PO4 ZK5,O=P([O-])([O-])[O-] C[C@]12CCC(=O)C=C1CC[C@H]1[C@@H]3CC[C@](O)(C(=O)CO)[C@@]3(C)C[C@H](O)[C@@]12F
4K7A,4OJB,P10275,AR,198,C[C@](O)(CS(=O)(=O)c1ccc(F)cc1)C(=O)Nc1ccc(C#N)c(C(F)(F)F)c1
4OFU,3RLJ,P10275,AR,RLJ,C[C@](O)(COc1ccc(C#N)cc1)C(=O)Nc1ccc(C#N)c(C(F)(F)F)c1
3L3Z,3RLL,P10275,AR,RLL,C[C@](O)(COc1ccc(C#N)c2ccccc12)C(=O)Nc1ccc(C#N)c(C(F)(F)F)c1
3L3Z,2OZ7,P10275,AR,CA4,CC(=O)O[C@]1(C(C)=O)CC[C@H]2[C@@H]3C=C(Cl)C4=CC(=O)[C@@H]5C[C@@H]5[C@]4(C)[C@H]3CC[C@@]21C
3B67,5T8J,P10275,AR,GOL 77T,OCC(O)CO Cc1c(N2CC[C@](C)(O)[C@@H]2C)ccc(C#N)c1F
3B67,5T8E,P10275,AR,GOL 77U,OCC(O)CO Cc1c(N2CC[C@H](O)[C@@H]2C)ccc(C#N)c1Cl
2AXA,1GS4,P10275,AR,PO4 ZK5,O=P([O-])([O-])[O-] C[C@]12CCC(=O)C=C1CC[C@H]1[C@@H]3CC[C@](O)(C(=O)CO)[C@@]3(C)C[C@H](O)[C@@]12F
4OKT,2PNU,P10275,AR,SO4 ENM DTT MES,O=S(=O)([O-])[O-] C[C@]12CCC(=O)C[C@@H]1CC[C@@H]1[C@@H]2CC[C@]2(CCOCc3cc(F)cc(F)c3)[C@@H](O)CC[C@@H]12 O[C@@H](CS)[C@@H](O)CS O=S(=O)([O-])CC[NH+]1CCOCC1
4OKX,5T8J,P10275,AR,GOL 77T,OCC(O)CO Cc1c(N2CC[C@](C)(O)[C@@H]2C)ccc(C#N)c1F
2PIO,3ZQT,P10275,AR,TES SO4 30Z,C[C@]12CC[C@H]3[C@@H](CCC4=CC(=O)CC[C@@]43C)[C@@H]1CC[C@@H]2O O=S(=O)([O-])[O-] C[C@@H](Cc1ccc(O)c(O)c1)[C@@H](C)Cc1ccc(O)c(O)c1
2PIO,3V49,P10275,AR,SO4 PK0,O=S(=O)([O-])[O-] CN1C(=O)N(c2ccc(C#N)c(C(F)(F)F)c2)C(=O)[C@@]1(C)c1ccc(O)cc1
2HVC,1XOW,P10275,AR,R18,C[C@]1(O)CC[C@H]2[C@@H]3CCC4=CC(=O)CCC4=C3C=C[C@@]21C
2HVC,3V4A,P10275,AR,PK1 SO4,CN1C(=S)N(c2ccc(Cl)c(Cl)c2)C(=O)[C@@]1(C)c1ccc(O)cc1 O=S(=O)([O-])[O-]
4TRY,2OHT,P56817,BACE1,IOD DMS IP6,[I-] CS(C)=O Nc1ncccc1NCc1cccc(-c2ccc3cc[nH]c3c2)c1
4GID,2VA6,P56817,BACE1,H24 IOD,COc1cccc(-c2cccc([C@]3(C)CC(=O)N(C)C(N)=N3)c2)c1 [I-]
4GID,4I0D,P56817,BACE1,ZN 1B7,[Zn+2] CCCc1cscc1C[C@H](NC1=NC(C)(C)Cc2cc(Cl)ccc21)C(=O)O
2VIY,2PH6,P56817,BACE1,712 SO4,C[C@@H](NC(=O)c1cc(COC(=O)[C@](C)(N)Cc2ccccc2)cc(N(C)S(C)(=O)=O)c1)c1ccc(F)cc1 O=S(=O)([O-])[O-]
3IN4,2NTR,P56817,BACE1,L00,COCCN(C[C@H]1C[C@@H]1C)c1cc(-c2nnc([C@](C)(N)Cc3ccccc3)o2)c(Cl)c(N(C)S(C)(=O)=O)n1
2VNN,1W51,P56817,BACE1,IOD L01,[I-] CCCN(CCC)C(=O)c1cccc(C(=O)N[C@@H](Cc2ccccc2)[C@H](O)CNCc2cccc(OC)c2)c1
2VNN,3ZOV,P56817,BACE1,WZV NA DMS,CN1C(=O)C[C@@](C)(c2cccc(NC(=O)c3ccc(OCC(F)(F)F)cn3)c2)N=C1N [Na+] CS(C)=O
2VNN,4J1E,P56817,BACE1,1HM DMS NA,N#Cc1ccc(C(=O)Nc2ccc(F)c([C@]3(CF)C[C@@H](C(F)(F)F)OC(N)=N3)c2)nc1 CS(C)=O [Na+]
2WJO,5HD0,P56817,BACE1,TLA 60Y,O=C(O)[C@H](O)[C@@H](O)C(=O)O CN1C(=N)N[C@@]2(c3cc(-c4cccc(C#N)c4)cs3)CN(c3ncc(F)cn3)C[C@H]2C1=O
3IVH,3CKR,P56817,BACE1,009,CN(C)c1cccc(CNC[C@@H](O)[C@H](Cc2ccccc2)NC(=O)[C@]2(Cc3ccccc3)CN(Cc3ccccc3)C(=O)N2)c1
3IVH,4J1F,P56817,BACE1,1HL DMS NA,C[C@@]1(c2cc(NC(=O)c3ccc(C#N)cn3)ccc2F)C[C@@H](C(F)(F)F)OC(N)=N1 CS(C)=O [Na+]
3U6A,4B1E,P56817,BACE1,6T6,C[C@]1(c2cccc(-c3cccnc3)c2)NC(N)=C(c2ccccc2)N1
3U6A,4DH6,P56817,BACE1,IOD GOL 0KN,[I-] OCC(O)CO CO[C@H](C)C(=O)N[C@@H](Cc1ccc2c(c1)OCO2)[C@H](O)CN[C@H]1CC2(CCC2)Oc2ncc(CC(C)(C)C)cc21
2P8H,5HTZ,P56817,BACE1,66J,CC#Cc1cncc(-c2cc(Cl)c([C@]3(C)CS(=O)(=O)N(C)C(=N)N3)s2)c1
3IN3,3LPK,P56817,BACE1,Z76 TLA,COC[C@H]1CCCN1C(=O)c1cc(C)cc(C(=O)N[C@@H](Cc2cc(F)cc(F)c2)[C@H](O)[C@H]2CN(S(=O)(=O)c3cccc(C)c3)CCN2)c1 O=C(O)[C@H](O)[C@@H](O)C(=O)O
4IVT,1TQF,P56817,BACE1,32P,C[C@@H](NC(=O)c1cc(OCC(=O)NCCCCCN)cc(OS(=O)(=O)Cc2ccccc2)c1)c1ccc(F)cc1
4IVT,3KMX,P56817,BACE1,G00,CCCCOc1ccc(CSC(=N)N)cc1Cl
5I3Y,4D89,P56817,BACE1,BXD,CCOC[C@@H](Oc1cc(C[C@@H]2CS(=O)(=O)C[C@H](NCc3cccc(C(C)(C)C)c3)[C@H]2O)cc(F)c1N)C(F)(F)F
4B72,4RCE,P56817,BACE1,3LN IOD,CC(C)(C)COc1ccc2c(c1)[C@]1(COC(N)=N1)c1cc(-c3cncnc3)ccc1O2 [I-]
5KR8,3LNK,P56817,BACE1,74A TLA,CCCN(CCC)C(=O)c1cc(C)cc(C(=O)N[C@@H](Cc2cc(F)cc(F)c2)[C@H](O)[C@H]2CN(C(=O)c3ccccc3)CCN2)c1 O=C(O)[C@H](O)[C@@H](O)C(=O)O
4FM8,4J0P,P56817,BACE1,NA DMS 1H8,[Na+] CS(C)=O C[C@@]1(c2cc(NC(=O)c3ccc(C#N)cn3)ccc2F)CCOC(N)=N1
4FM8,6BFW,P56817,BACE1,DK7 GOL,CC(=O)N[C@@H](Cc1cc(F)cc(F)c1)[C@H](O)[C@H]1CO[C@@H](OCC2CCCCC2)CN1 OCC(O)CO
4DPI,3LPJ,P56817,BACE1,TLA Z75,O=C(O)[C@H](O)[C@@H](O)C(=O)O CCCN(CCC)C(=O)c1cc(C)cc(C(=O)N[C@@H](Cc2cc(F)cc(F)c2)[C@H](O)[C@H]2CN(Cc3ccccc3)CCN2)c1
4X7I,2F3E,P56817,BACE1,AXQ,CCCCNC(=O)[C@@H](NC(=O)[C@H](C)C[C@H](O)[C@@H]1CSC/C=C/CSC[C@H](NC(=O)OC(C)(C)C)C(=O)N[C@@H](C)C(=O)N1)C(C)C
5HDX,3OOZ,P56817,BACE1,ZOO,CN1C(=O)[C@@](c2ccc(OC(F)F)cc2)(c2ccc(F)c(C#CCCCF)c2)N=C1N
4ZSM,4R93,P56817,BACE1,TLA 779,O=C(O)[C@H](O)[C@@H](O)C(=O)O CN1C(=N)N[C@](CCC2CCCCC2)(C[C@H]2CCC[C@@H](NC(=O)Nc3ccccc3)C2)C1=O
3BUH,3L38,P56817,BACE1,879,Nc1cccc(Cn2c(-c3ccc(Oc4cncnc4)cc3)ccc2-c2ccccc2Cl)n1
4PZW,4J17,P56817,BACE1,DMS 1HQ NA,CS(C)=O N#Cc1ccc(C(=O)Nc2ccc(F)c([C@]3(C(F)F)CCOC(N)=N3)c2)nc1 [Na+]
3S7L,3L5B,P56817,BACE1,TAR BDO,O=C(O)[C@@H](O)[C@H](O)C(=O)O CC(C)C[C@@]1(C)NC(=N)N(Cc2cccc(Cl)c2)C1=O
2XFK,2IQG,P56817,BACE1,F2I,CCCN(CCC)C(=O)c1cc(C)cc(C(=O)N[C@@H](Cc2cc(F)cc(F)c2)[C@H](O)CNCc2cccc(I)c2)c1
2QU2,2ZJJ,P56817,BACE1,F1J,O=C(NCCS)[C@@H]1CN(Cc2ccc(F)cc2)CCN1
4RRS,4K8S,P56817,BACE1,1QT,CCc1ccc2c(c1)[C@@H](NC[C@@H](O)[C@@H]1Cc3cccc(c3)CCCCCCCC(=O)N1)CC1(CCC1)O2
4RRS,3BUH,P56817,BACE1,AED,NCCc1ccc(O)c(C2CCCCC2)c1
4J17,3LNK,P56817,BACE1,74A TLA,CCCN(CCC)C(=O)c1cc(C)cc(C(=O)N[C@@H](Cc2cc(F)cc(F)c2)[C@H](O)[C@H]2CN(C(=O)c3ccccc3)CCN2)c1 O=C(O)[C@H](O)[C@@H](O)C(=O)O
4I0G,2WF1,P56817,BACE1,ZY1,CCc1cn2c3c(cc(C(=O)N[C@@H](Cc4ccccc4)[C@H](O)CNCc4cccc(OC)c4)cc13)N(C)S(=O)(=O)CC2
2P4J,4DUS,P56817,BACE1,IOD GOL 0MP,[I-] OCC(O)CO CC(=O)N[C@@H](Cc1ccc(F)cc1)[C@H](O)CN[C@H]1CC2(CCC2)Oc2ncc(CC(C)(C)C)cc21
2P4J,3RTH,P56817,BACE1,IOD RTH,[I-] CC(C)(C)C#Cc1ccccc1-c1ccc2nc(N)ccc2c1
4R91,6BFX,P56817,BACE1,DKJ GOL,CC(=O)N[C@@H](Cc1cc(F)cc(F)c1)[C@H](O)[C@H]1CO[C@@H](OCC(C)(C)C)[C@H](C)N1 OCC(O)CO
2QMG,3UQU,P56817,BACE1,ZPX SO4 URE CL,C[C@@H](NC(=O)c1cc(C(=O)N[C@@H](Cc2ccccc2)[C@@H](O)Cn2cccn2)cc(N(C)S(C)(=O)=O)c1)c1ccc(F)cc1 O=S(=O)([O-])[O-] NC(N)=O [Cl-]
2FDP,4I0D,P56817,BACE1,ZN 1B7,[Zn+2] CCCc1cscc1C[C@H](NC1=NC(C)(C)Cc2cc(Cl)ccc21)C(=O)O
4R8Y,3IN3,P56817,BACE1,472,CN1C(=O)[C@@](c2ccncc2)(c2cccc(-c3cccnc3)c2)N=C1N
2ZDZ,4R8Y,P56817,BACE1,TLA 3KO,O=C(O)[C@H](O)[C@@H](O)C(=O)O CN1C(=N)N[C@](CCC2CCCCC2)(C[C@H]2CCN(C(=O)CC3CCCC3)C2)C1=O
4ZPF,2QMF,P56817,BACE1,TAR CS9,O=C(O)[C@@H](O)[C@H](O)C(=O)O CCCN(CCC)C(=O)c1cc(C)cc(C(=O)N[C@@H](Cc2cc(F)cc(F)c2)[C@H](O)[C@H]2C[C@@H](Oc3ccccc3)CN2)c1
4HZT,3IN4,P56817,BACE1,BX2,CCc1cc([C@]2(c3cccc(-c4cncnc4)c3)N=C(N)N(C)C2=O)cc(CC)n1
2OHS,4HA5,P56817,BACE1,TLA 13W,O=C(O)[C@H](O)[C@@H](O)C(=O)O CN1C(=N)N[C@](C)(c2cc(-c3cccc(C#N)c3)cs2)CC1=O
4BFD,4KE1,P56817,BACE1,GOL 1R6 IOD,OCC(O)CO CCc1ccc2c(c1)[C@@H](NC[C@@H](O)[C@@H]1Cc3cccc(c3)CCCCn3cc(ccc3=O)C(=O)N1)CC1(CCC1)O2 [I-]
3L5D,2XFI,P56817,BACE1,XFI,C[C@H](NC[C@@H](O)[C@H](Cc1ccccc1)NC(=O)c1cccc(N(c2ccccc2)S(C)(=O)=O)c1)C(=O)NC1CCCCC1
4ZPG,4D85,P56817,BACE1,0GU IOD,CC(C)(C)c1cccc(CN[C@H]2CS(=O)(=O)C[C@@H](Cc3cc(F)c4c(c3)C3(CCC(F)(F)CC3)CN4)[C@@H]2O)c1 [I-]
2IRZ,5HE7,P56817,BACE1,60X,COc1nc(N2C[C@H]3C(=O)N(C)C(=N)N[C@@]3(c3ccc(F)cc3F)C2)nc(C)c1F
4B1E,2QU3,P56817,BACE1,462,CCCOc1ccc(-c2csc(-c3ccccc3Cl)c2CC(=O)NC(=N)N)cc1
4J1C,3L5E,P56817,BACE1,TAR BDW,O=C(O)[C@@H](O)[C@H](O)C(=O)O CCC[C@H]1CN(Cc2ccc(CN3C(=N)N[C@](CCC4CCCCC4)(CC4CCCCC4)C3=O)cc2)C(=O)N1
4JOO,4DJU,P56817,BACE1,0KK TLA,CN1C(=N)NC(c2ccccc2)(c2ccccc2)C1=O O=C(O)[C@H](O)[C@@H](O)C(=O)O
2Q11,5HDX,P56817,BACE1,60U,CCOc1nc(N2C[C@H]3C(=O)N(C)C(=N)N[C@@]3(c3ccc(C#N)s3)C2)nc(C)c1F
3R2F,3IVH,P56817,BACE1,1LI,CC(=O)N[C@@H](Cc1cc(F)cc(F)c1)[C@H](O)CNC1(c2cccc(C(C)(C)C)c2)CCCCC1
2Q15,2IQG,P56817,BACE1,F2I,CCCN(CCC)C(=O)c1cc(C)cc(C(=O)N[C@@H](Cc2cc(F)cc(F)c2)[C@H](O)CNCc2cccc(I)c2)c1
3UDQ,4BEK,P56817,BACE1,XK0 NA DMS,COc1ccc([C@]2(C)CCSC(N)=N2)cc1 [Na+] CS(C)=O
4LXK,6BFD,P56817,BACE1,GOL DJS,OCC(O)CO CC[C@H](C)Nc1cc(C(=O)N[C@@H](Cc2ccccc2)[C@H](O)[C@H]2CCCN2)cc(S(C)(=O)=O)n1
4LXA,4K8S,P56817,BACE1,1QT,CCc1ccc2c(c1)[C@@H](NC[C@@H](O)[C@@H]1Cc3cccc(c3)CCCCCCCC(=O)N1)CC1(CCC1)O2
3BUF,4EWO,P56817,BACE1,996,CC(=O)N[C@@H](Cc1ccccc1)[C@H](O)CN[C@H]1CC(C)(C)Cc2nn(CC(C)(C)C)cc21
5ENM,4KE0,P56817,BACE1,1R8 SO4 GOL,CCc1ccc2c(c1)[C@@H](NC[C@@H](O)[C@@H]1Cc3cccc(c3)CCCCCCC(=O)N1)CC1(CCC1)O2 O=S(=O)([O-])[O-] OCC(O)CO
3I25,2QU2,P56817,BACE1,251,N=C(N)NC(=O)Cn1c(-c2ccccc2)ccc1-c1ccccc1
3I25,3CKP,P56817,BACE1,012 CL,COc1cccc(CN2C[C@@H](C(=O)N[C@@H](Cc3ccccc3)[C@H](O)CNCc3cccc(N(C)C)c3)NC2=O)c1 [Cl-]
2ZJI,4R95,P56817,BACE1,3KW TLA,CN1C(=N)N[C@](CCC2CCCCC2)(C[C@H]2CCC[C@@H](Nc3ccc4ccccc4n3)C2)C1=O O=C(O)[C@H](O)[C@@H](O)C(=O)O
3CIC,4EWO,P56817,BACE1,996,CC(=O)N[C@@H](Cc1ccccc1)[C@H](O)CN[C@H]1CC(C)(C)Cc2nn(CC(C)(C)C)cc21
5HE5,4J1F,P56817,BACE1,1HL DMS NA,C[C@@]1(c2cc(NC(=O)c3ccc(C#N)cn3)ccc2F)C[C@@H](C(F)(F)F)OC(N)=N1 CS(C)=O [Na+]
3IGB,2ZE1,P56817,BACE1,411,N=C(N)NC(=O)Cn1c(-c2ccccc2)ccc1-c1ccc(NC(=O)c2cccc(Br)c2)cc1
3HVG,3QBH,P56817,BACE1,QBH,CCCN1C(=O)OC[C@@H]1Cc1cc(C[C@@H]2CS(=O)(=O)C[C@H](NCc3cccc(C(C)C)c3)[C@H]2O)ccc1O
3MSL,5HDZ,P56817,BACE1,954,CSc1nc(N2C[C@H]3C(=O)N(C)C(=N)N[C@@]3(c3ccc(C#N)s3)C2)nc(C)c1F
3IXJ,5ENK,P56817,BACE1,GOL IOD 5QV,OCC(O)CO [I-] Cc1noc(C)c1[C@@H]1C[C@@](C)(c2cc(-c3cncnc3)c(F)cc2F)N=C(N)S1
3IXK,3L5F,P56817,BACE1,TAR BDX,O=C(O)[C@@H](O)[C@H](O)C(=O)O CN1C(=N)N[C@](CCC2CCCCC2)(CC2CCCCC2)C1=O
3CID,4YBI,P56817,BACE1,4B2 GOL,C[C@@]1(c2cc(-c3cncnc3)c(F)cc2F)CCSC(N)=N1 OCC(O)CO
3CID,2VNN,P56817,BACE1,CM7,CCc1cn2c3c(cc(C(=O)N[C@@H](Cc4ccccc4)[C@H](O)CNCc4cccc(C(F)(F)F)c4)cc13)N(C)S(=O)(=O)CC2
5F00,5EZX,P56817,BACE1,5T5 NA DMS,NC1=N[C@](c2ccc(OC(F)F)cc2)([C@@H]2C[C@H]2C(=O)c2cncc(Cl)c2)CO1 [Na+] CS(C)=O
4LXM,4ZSP,P56817,BACE1,4RZ GOL,NC1=N[C@@H]2CC[C@H](NC(=O)c3cccc(Cl)c3)C[C@@H]2CS1 OCC(O)CO
3VV6,3L5B,P56817,BACE1,TAR BDO,O=C(O)[C@@H](O)[C@H](O)C(=O)O CC(C)C[C@@]1(C)NC(=N)N(Cc2cccc(Cl)c2)C1=O
4R92,2ZJI,P56817,BACE1,F1I,COc1cccc(OC)c1CN1CCC(NC(=O)CCCS)CC1
5HDV,5I3V,P56817,BACE1,GOL 68M IOD,OCC(O)CO Cc1cccnc1-c1ccc2nc(N)c(C[C@@H](C)C(=O)NCCC(C)(C)C)cc2c1 [I-]
2ZJH,3CIC,P56817,BACE1,TAR 316,O=C(O)[C@@H](O)[C@H](O)C(=O)O CCCN(CCC)C(=O)c1cc(C)cc(C(=O)N[C@@H](Cc2cc(F)cc(F)c2)[C@H](O)[C@@H]2NCCN(Cc3ccccc3)C2=O)c1
3KYR,2QZK,P56817,BACE1,I21,C[C@@]1(N)Cc2cccc(c2)/C=C\C(c2ccccc2)=NC(=O)c2cc(cc(-c3ccccc3C#N)c2)COC1=O
2VJ9,3UQW,P56817,BACE1,ZPY SO4,CCOC(=O)c1cnn(C[C@H](O)[C@H](Cc2ccccc2)NC(=O)c2cc(C(=O)N[C@H](C)c3ccc(F)cc3)cc(N(C)S(C)(=O)=O)c2)c1 O=S(=O)([O-])[O-]
3RTM,4DJY,P56817,BACE1,0KR TLA,CC#Cc1cncc(-c2cccc([C@@]3(C4CC4)NC(=N)N(C)C3=O)c2)c1 O=C(O)[C@H](O)[C@@H](O)C(=O)O
4RRO,3OHF,P56817,BACE1,3HF IOD GOL,CCCCN(CCCC)C(=O)n1cc(C(=O)N[C@@H](Cc2ccccc2)[C@H](O)CNCc2cccc(OC)c2)c2ccccc21 [I-] OCC(O)CO
4DJV,3MSK,P56817,BACE1,EV4 GOL IOD,CN(C(=O)CCCn1c(N)nc2cc(Cl)ccc21)C1CCCCC1 OCC(O)CO [I-]
2XFJ,2ZJK,P56817,BACE1,F1K,O=C(NCCCS)[C@@H]1CN(Cc2ccc(F)cc2)CCN1
3K5G,3QI1,P56817,BACE1,C6A,CC(=O)N[C@@H](Cc1cc(F)cc(F)c1)[C@H](O)CN[C@H]1C[C@H](C2CC2)Oc2ccc(CC(C)(C)C)cc21
3LPK,4D83,P56817,BACE1,0GT,CC(C)(C)c1cccc(CN[C@H]2CS(=O)(=O)C[C@@H](Cc3ccc4[nH]cc(CC(F)F)c4c3)[C@@H]2O)c1
3LPK,4DJU,P56817,BACE1,0KK TLA,CN1C(=N)NC(c2ccccc2)(c2ccccc2)C1=O O=C(O)[C@H](O)[C@@H](O)C(=O)O
3LPK,2HM1,P56817,BACE1,LIQ,CCCCCS(=O)(=O)C[C@@H](NC(=O)c1cccnc1)C(=O)N[C@@H](Cc1cc(F)cc(F)c1)[C@H](O)CNCc1cccc(CC)c1
3LPK,3IND,P56817,BACE1,593,CN1C(=O)[C@@](c2ccccc2)(C23CC4CC(CC(C4)C2)C3)N=C1N
3KMX,3RSX,P56817,BACE1,IOD RSV,[I-] Nc1ccc2cc(-c3ccsc3)ccc2n1
2QMF,4R95,P56817,BACE1,3KW TLA,CN1C(=N)N[C@](CCC2CCCCC2)(C[C@H]2CCC[C@@H](Nc3ccc4ccccc4n3)C2)C1=O O=C(O)[C@H](O)[C@@H](O)C(=O)O
3L59,5HTZ,P56817,BACE1,66J,CC#Cc1cncc(-c2cc(Cl)c([C@]3(C)CS(=O)(=O)N(C)C(=N)N3)s2)c1
3ZOV,4I0J,P56817,BACE1,ZN 842,[Zn+2] CC(=O)N[C@@H](Cc1cc(F)cc(F)c1)[C@H](O)CNC1(c2cccc(-n3cccn3)c2)CCCCC1
4BEK,3L5F,P56817,BACE1,TAR BDX,O=C(O)[C@@H](O)[C@H](O)C(=O)O CN1C(=N)N[C@](CCC2CCCCC2)(CC2CCCCC2)C1=O
3QI1,3UQW,P56817,BACE1,ZPY SO4,CCOC(=O)c1cnn(C[C@H](O)[C@H](Cc2ccccc2)NC(=O)c2cc(C(=O)N[C@H](C)c3ccc(F)cc3)cc(N(C)S(C)(=O)=O)c2)c1 O=S(=O)([O-])[O-]
2WF4,4RCE,P56817,BACE1,3LN IOD,CC(C)(C)COc1ccc2c(c1)[C@]1(COC(N)=N1)c1cc(-c3cncnc3)ccc1O2 [I-]
4DPF,2WF0,P56817,BACE1,ZY0,CCc1ccnc2c(N3CCCC3=O)cc(C(=O)N[C@@H](Cc3ccccc3)[C@H](O)CNCc3cccc(C(F)(F)F)c3)cc12
3K5D,3UDJ,P56817,BACE1,092 EDO PEG ZN,COC(=O)[C@H]1C[C@]2(CN1)C(=O)Nc1ccccc12 OCCO OCCOCCO [Zn+2]
2WEZ,4KE0,P56817,BACE1,1R8 SO4 GOL,CCc1ccc2c(c1)[C@@H](NC[C@@H](O)[C@@H]1Cc3cccc(c3)CCCCCCC(=O)N1)CC1(CCC1)O2 O=S(=O)([O-])[O-] OCC(O)CO
2VA7,4J1I,P56817,BACE1,DMS 1HH NA,CS(C)=O C[C@]1(c2cc(NC(=O)c3ccc(C#N)cn3)ccc2F)N=C(N)O[C@@H](C(F)(F)F)[C@@H]1F [Na+]
3TV6,3Q96,P15056,BRAF,0NF,CC(C)(N)c1cc(NC(=O)[C@H]2CCc3ccc(Oc4ccnc5c4CCC(=O)N5)cc3C2)cc(C(F)(F)F)c1
3TV6,4DBN,P15056,BRAF,0JA,N#CC1(c2cccc(C(=O)Nc3cc(Oc4ccc5nc(NC(=O)C6CC6)sc5n4)ccc3F)c2Cl)CC1
3TV6,3TV4,P15056,BRAF,TV4,CCCS(=O)(=O)Nc1ccc(F)c(C(=O)Nc2cnc(N)c(Br)c2)c1F
4YHT,4KSP,P15056,BRAF,1SU,N#Cc1c(Oc2ccc(F)c(NC(=O)Cc3cccc(C(F)(F)F)c3)c2)ccc2nc(NC(=O)C3CC3)sc12
4YHT,4G9C,P15056,BRAF,0WP,COc1[nH]nc2ncc(NC(=O)c3c(F)ccc(NC(=O)c4cccc(C(C)(C)C#N)c4)c3F)cc12
4XV3,1UWH,P15056,BRAF,BAX CL,CNC(=O)c1cc(Oc2ccc(NC(=O)Nc3ccc(Cl)c(C(F)(F)F)c3)cc2)ccn1 [Cl-]
4XV3,4H58,P15056,BRAF,CL 10Z,[Cl-] COCCNCc1ccc(Nc2ncc3cc(-c4ccncc4)ccc3n2)cc1
4XV3,2FB8,P15056,BRAF,215,CN(C)CCOc1ccc(-c2nc(-c3ccc4c(c3)CC/C4=N/O)c(-c3ccncc3)[nH]2)cc1
4EHG,4EHE,P15056,BRAF,RI8,CCCS(=O)(=O)Nc1ccc(F)c(NC(=O)c2csc3c(N)ncnc23)c1F
4EHG,4XV9,P15056,BRAF,1OO SO4,O=C(c1c(F)ccc(NS(=O)(=O)c2ccc(C(F)(F)F)cc2)c1F)c1c[nH]c2ncc(Cl)cc12 O=S(=O)([O-])[O-]
4EHG,5CT7,P15056,BRAF,55J,Cn1c(Nc2ccc(C(F)(F)F)cc2)nc2cc(Oc3ccnc(-c4ncc(C(F)(F)F)[nH]4)c3)ccc21
4EHG,4YHT,P15056,BRAF,4EF GOL,CNS(=O)(=O)c1ccc(N2CCOCC2)c(Nc2ncnc3[nH]cc(Cl)c23)c1 OCC(O)CO
4CQE,5CT7,P15056,BRAF,55J,Cn1c(Nc2ccc(C(F)(F)F)cc2)nc2cc(Oc3ccnc(-c4ncc(C(F)(F)F)[nH]4)c3)ccc21
3PPK,4R5Y,P15056,BRAF,3K3,O=C1CCc2c(Oc3ccc4c(c3)[C@@H]3[C@H](O4)[C@H]3c3nc4cc(C(F)(F)F)ccc4[nH]3)ccnc2N1
3PPK,3II5,P15056,BRAF,831 PO4,CN(C)Cc1ccc(-c2cnn3c(-c4cccc(NC(=O)c5cccc(C(F)(F)F)c5)c4)ccnc23)cc1 O=P([O-])([O-])[O-]
3PPK,4FC0,P15056,BRAF,0T2,CN(c1ccc(F)c(NC(=O)c2cccc(OC(C)(C)C#N)c2Cl)c1)c1ccc2nc(NC(=O)C3CC3)sc2n1
4E26,4XV9,P15056,BRAF,1OO SO4,O=C(c1c(F)ccc(NS(=O)(=O)c2ccc(C(F)(F)F)cc2)c1F)c1c[nH]c2ncc(Cl)cc12 O=S(=O)([O-])[O-]
4FC0,4KSP,P15056,BRAF,1SU,N#Cc1c(Oc2ccc(F)c(NC(=O)Cc3cccc(C(F)(F)F)c3)c2)ccc2nc(NC(=O)C3CC3)sc12
4MBJ,3OG7,P15056,BRAF,032,CCCS(=O)(=O)Nc1ccc(F)c(C(=O)c2c[nH]c3ncc(-c4ccc(Cl)cc4)cc23)c1F
4MBJ,4YHT,P15056,BRAF,4EF GOL,CNS(=O)(=O)c1ccc(N2CCOCC2)c(Nc2ncnc3[nH]cc(Cl)c23)c1 OCC(O)CO
4E4X,4G9C,P15056,BRAF,0WP,COc1[nH]nc2ncc(NC(=O)c3c(F)ccc(NC(=O)c4cccc(C(C)(C)C#N)c4)c3F)cc12
5HI2,3PRF,P15056,BRAF,FP3,Oc1cc(Nc2c(-c3ncccn3)oc3cnccc23)ccc1Cl
5HI2,4MBJ,P15056,BRAF,DFS,CCCS(=O)(=O)Nc1ccc(F)c(C(=O)Nc2cnc3nc[nH]c3c2)c1F
5HI2,5CT7,P15056,BRAF,55J,Cn1c(Nc2ccc(C(F)(F)F)cc2)nc2cc(Oc3ccnc(-c4ncc(C(F)(F)F)[nH]4)c3)ccc21
6B8U,3PRI,P15056,BRAF,FP4,OCCCc1n[nH]c2cccc(Nc3c(-c4ncccn4)oc4cnccc34)c12
6B8U,3Q4C,P15056,BRAF,RSW,
6B8U,5VAM,P15056,BRAF,92J,Cc1ncc(NC(=O)c2cccc(C(F)(F)F)c2)cc1-c1cnc(OC2CCOCC2)c(N2CCOCC2)c1
3C4C,4G9R,P15056,BRAF,B1E,Cc1ccc(NC(=O)c2cccc(C(C)(C)C#N)c2)cc1Nc1ccc2ncn(C)c(=O)c2c1
3C4C,3PSB,P15056,BRAF,SM6,CCOC(=O)c1sc2cnccc2c1Nc1ccc2c(c1)=CCC=2NO
4RZV,4E4X,P15056,BRAF,T1Q,CCCS(=O)(=O)Nc1ccc(F)c(-c2cc3cnc(NCCCO)nc3n(C)c2=O)c1F
4RZV,5HIE,P15056,BRAF,P06,CC(C)(C)c1nc(-c2cccc(NS(=O)(=O)c3c(F)cccc3F)c2F)c(-c2ccnc(N)n2)s1
4KSQ,3PRF,P15056,BRAF,FP3,Oc1cc(Nc2c(-c3ncccn3)oc3cnccc23)ccc1Cl
4KSQ,3D4Q,P15056,BRAF,SM5,O/N=C1/CCc2cc(-c3cn(C4CCNCC4)nc3-c3ccncc3)ccc21
4KSQ,4H58,P15056,BRAF,CL 10Z,[Cl-] COCCNCc1ccc(Nc2ncc3cc(-c4ccncc4)ccc3n2)cc1
4XV1,3OG7,P15056,BRAF,032,CCCS(=O)(=O)Nc1ccc(F)c(C(=O)c2c[nH]c3ncc(-c4ccc(Cl)cc4)cc23)c1F
4XV1,5C9C,P15056,BRAF,CL 4Z5,[Cl-] CNc1ncc2cc(-c3cc(NC(=O)NCCC(C)(C)C)c(F)cc3C)c(C)nc2n1
4XV1,3TV4,P15056,BRAF,TV4,CCCS(=O)(=O)Nc1ccc(F)c(C(=O)Nc2cnc(N)c(Br)c2)c1F
3OG7,4JVG,P15056,BRAF,B96,Cc1ccc(-n2nc(C(C)(C)C)cc2NC(=O)Nc2ccc(OCCN3CCOCC3)c3ccccc23)cc1
3OG7,3D4Q,P15056,BRAF,SM5,O/N=C1/CCc2cc(-c3cn(C4CCNCC4)nc3-c3ccncc3)ccc21
4G9C,3PRF,P15056,BRAF,FP3,Oc1cc(Nc2c(-c3ncccn3)oc3cnccc23)ccc1Cl
4XV9,4DBN,P15056,BRAF,0JA,N#CC1(c2cccc(C(=O)Nc3cc(Oc4ccc5nc(NC(=O)C6CC6)sc5n4)ccc3F)c2Cl)CC1
3II5,4G9R,P15056,BRAF,B1E,Cc1ccc(NC(=O)c2cccc(C(C)(C)C#N)c2)cc1Nc1ccc2ncn(C)c(=O)c2c1
5C9C,3SKC,P15056,BRAF,BR2,COC1=NN=C2N=C[C@@H](NC(=O)c3c(F)ccc(NS(=O)(=O)c4ccccc4)c3F)C=C21
5C9C,4EHG,P15056,BRAF,RI9,CCCS(=O)(=O)Nc1ccc(F)c(NC(=O)Nc2cc(NCCO)ncn2)c1F
1UWJ,3Q96,P15056,BRAF,0NF,CC(C)(N)c1cc(NC(=O)[C@H]2CCc3ccc(Oc4ccnc5c4CCC(=O)N5)cc3C2)cc(C(F)(F)F)c1
4PP7,5C9C,P15056,BRAF,CL 4Z5,[Cl-] CNc1ncc2cc(-c3cc(NC(=O)NCCC(C)(C)C)c(F)cc3C)c(C)nc2n1
4FK3,4G9C,P15056,BRAF,0WP,COc1[nH]nc2ncc(NC(=O)c3c(F)ccc(NC(=O)c4cccc(C(C)(C)C#N)c4)c3F)cc12
4R5Y,4E26,P15056,BRAF,734,Oc1c([C@@H](Nc2ccccn2)c2ccco2)cc(Cl)c2cccnc12
4G9R,3PRI,P15056,BRAF,FP4,OCCCc1n[nH]c2cccc(Nc3c(-c4ncccn4)oc4cnccc34)c12
4G9R,3IDP,P15056,BRAF,L1E,Cc1ccc2c(Nc3ccc(Cl)cc3)nccc2c1Nc1ncccc1-c1ncnc2nc[nH]c12
4G9R,5ITA,P15056,BRAF,6DC,CCCS(=O)(=O)Nc1cccc(Nc2ccc3ncn(C)c(=O)c3c2)c1C#N
4DBN,4E4X,P15056,BRAF,T1Q,CCCS(=O)(=O)Nc1ccc(F)c(-c2cc3cnc(NCCCO)nc3n(C)c2=O)c1F
4DBN,4FK3,P15056,BRAF,325,CCS(=O)(=O)Nc1ccc(F)c(C(=O)c2c[nH]c3ncc(-c4cccnc4)cc23)c1F
3D4Q,4EHG,P15056,BRAF,RI9,CCCS(=O)(=O)Nc1ccc(F)c(NC(=O)Nc2cc(NCCO)ncn2)c1F
3D4Q,3PPK,P15056,BRAF,FNI,O=C(Nc1ccncn1)c1oc2cnccc2c1Nc1ccc2c(O)cccc2c1
3D4Q,4FK3,P15056,BRAF,325,CCS(=O)(=O)Nc1ccc(F)c(C(=O)c2c[nH]c3ncc(-c4cccnc4)cc23)c1F
5CT7,3PRI,P15056,BRAF,FP4,OCCCc1n[nH]c2cccc(Nc3c(-c4ncccn4)oc4cnccc34)c12
5CT7,3TV4,P15056,BRAF,TV4,CCCS(=O)(=O)Nc1ccc(F)c(C(=O)Nc2cnc(N)c(Br)c2)c1F
5CT7,4PP7,P15056,BRAF,2VX,CCCS(=O)(=O)Nc1ccc(F)c(N(C)c2ccc3ncn(C)c(=O)c3c2)c1F
3PSB,3D4Q,P15056,BRAF,SM5,O/N=C1/CCc2cc(-c3cn(C4CCNCC4)nc3-c3ccncc3)ccc21
4JVG,4EHG,P15056,BRAF,RI9,CCCS(=O)(=O)Nc1ccc(F)c(NC(=O)Nc2cc(NCCO)ncn2)c1F
4JVG,4G9C,P15056,BRAF,0WP,COc1[nH]nc2ncc(NC(=O)c3c(F)ccc(NC(=O)c4cccc(C(C)(C)C#N)c4)c3F)cc12
4JVG,4DBN,P15056,BRAF,0JA,N#CC1(c2cccc(C(=O)Nc3cc(Oc4ccc5nc(NC(=O)C6CC6)sc5n4)ccc3F)c2Cl)CC1
2FB8,3PRI,P15056,BRAF,FP4,OCCCc1n[nH]c2cccc(Nc3c(-c4ncccn4)oc4cnccc34)c12
2FB8,3PPK,P15056,BRAF,FNI,O=C(Nc1ccncn1)c1oc2cnccc2c1Nc1ccc2c(O)cccc2c1
2FB8,4DBN,P15056,BRAF,0JA,N#CC1(c2cccc(C(=O)Nc3cc(Oc4ccc5nc(NC(=O)C6CC6)sc5n4)ccc3F)c2Cl)CC1
2FB8,4XV3,P15056,BRAF,P02,CCN(C)S(=O)(=O)Nc1cccc(-c2nc(C(C)(C)C)sc2-c2ccnc(N)n2)c1F
3PSD,4EHG,P15056,BRAF,RI9,CCCS(=O)(=O)Nc1ccc(F)c(NC(=O)Nc2cc(NCCO)ncn2)c1F
3IDP,3PRI,P15056,BRAF,FP4,OCCCc1n[nH]c2cccc(Nc3c(-c4ncccn4)oc4cnccc34)c12
3IDP,4G9R,P15056,BRAF,B1E,Cc1ccc(NC(=O)c2cccc(C(C)(C)C#N)c2)cc1Nc1ccc2ncn(C)c(=O)c2c1
3IDP,6B8U,P15056,BRAF,8EN,CC(=O)Nc1cn2cc(-c3cc(NC(=O)c4cccc(C(F)(F)F)c4)ccc3C)ccc2n1
3Q96,2FB8,P15056,BRAF,215,CN(C)CCOc1ccc(-c2nc(-c3ccc4c(c3)CC/C4=N/O)c(-c3ccncc3)[nH]2)cc1
5CSW,3IDP,P15056,BRAF,L1E,Cc1ccc2c(Nc3ccc(Cl)cc3)nccc2c1Nc1ncccc1-c1ncnc2nc[nH]c12
5CSW,3Q4C,P15056,BRAF,RSW,
5CSW,4H58,P15056,BRAF,CL 10Z,[Cl-] COCCNCc1ccc(Nc2ncc3cc(-c4ccncc4)ccc3n2)cc1
4KSP,3PRF,P15056,BRAF,FP3,Oc1cc(Nc2c(-c3ncccn3)oc3cnccc23)ccc1Cl
4KSP,4EHE,P15056,BRAF,RI8,CCCS(=O)(=O)Nc1ccc(F)c(NC(=O)c2csc3c(N)ncnc23)c1F
4KSP,4EHG,P15056,BRAF,RI9,CCCS(=O)(=O)Nc1ccc(F)c(NC(=O)Nc2cc(NCCO)ncn2)c1F
5HIE,6B8U,P15056,BRAF,8EN,CC(=O)Nc1cn2cc(-c3cc(NC(=O)c4cccc(C(F)(F)F)c4)ccc3C)ccc2n1
5ITA,3PRF,P15056,BRAF,FP3,Oc1cc(Nc2c(-c3ncccn3)oc3cnccc23)ccc1Cl
5ITA,4G9R,P15056,BRAF,B1E,Cc1ccc(NC(=O)c2cccc(C(C)(C)C#N)c2)cc1Nc1ccc2ncn(C)c(=O)c2c1
5ITA,4MNF,P15056,BRAF,29L CL,OCCn1cc(-c2ccc3c(c2)CC/C3=N/O)c(-c2ccncc2)n1 [Cl-]
5VAL,4KSP,P15056,BRAF,1SU,N#Cc1c(Oc2ccc(F)c(NC(=O)Cc3cccc(C(F)(F)F)c3)c2)ccc2nc(NC(=O)C3CC3)sc12
5VAL,4PP7,P15056,BRAF,2VX,CCCS(=O)(=O)Nc1ccc(F)c(N(C)c2ccc3ncn(C)c(=O)c3c2)c1F
3PRI,4CQE,P15056,BRAF,CQE,CC(=O)Nc1cc(-c2sc(C3CCN(C4CC4)CC3)nc2-c2cccc(NS(=O)(=O)c3cc(F)ccc3F)c2F)ccn1
3PRI,3PSB,P15056,BRAF,SM6,CCOC(=O)c1sc2cnccc2c1Nc1ccc2c(c1)=CCC=2NO
3PRI,5ITA,P15056,BRAF,6DC,CCCS(=O)(=O)Nc1cccc(Nc2ccc3ncn(C)c(=O)c3c2)c1C#N
4XV2,4JVG,P15056,BRAF,B96,Cc1ccc(-n2nc(C(C)(C)C)cc2NC(=O)Nc2ccc(OCCN3CCOCC3)c3ccccc23)cc1
1UWH,3SKC,P15056,BRAF,BR2,COC1=NN=C2N=C[C@@H](NC(=O)c3c(F)ccc(NS(=O)(=O)c4ccccc4)c3F)C=C21
1UWH,4XV9,P15056,BRAF,1OO SO4,O=C(c1c(F)ccc(NS(=O)(=O)c2ccc(C(F)(F)F)cc2)c1F)c1c[nH]c2ncc(Cl)cc12 O=S(=O)([O-])[O-]
5HID,4EHE,P15056,BRAF,RI8,CCCS(=O)(=O)Nc1ccc(F)c(NC(=O)c2csc3c(N)ncnc23)c1F
5HID,5C9C,P15056,BRAF,CL 4Z5,[Cl-] CNc1ncc2cc(-c3cc(NC(=O)NCCC(C)(C)C)c(F)cc3C)c(C)nc2n1
5HID,4FC0,P15056,BRAF,0T2,CN(c1ccc(F)c(NC(=O)c2cccc(OC(C)(C)C#N)c2Cl)c1)c1ccc2nc(NC(=O)C3CC3)sc2n1
5HID,5FD2,P15056,BRAF,5XJ,CN(C)S(=O)(=O)Nc1ccc(F)c(Nc2ncccc2-c2ncnc3nc[nH]c23)c1F
5HID,4MNF,P15056,BRAF,29L CL,OCCn1cc(-c2ccc3c(c2)CC/C3=N/O)c(-c2ccncc2)n1 [Cl-]
5HID,3TV6,P15056,BRAF,B0R,CCCS(=O)(=O)Nc1ccc(F)c(C(=O)Nc2cnc3n[nH]c(OC)c3c2)c1F
3SKC,3Q4C,P15056,BRAF,RSW,
3BL1,5JG3,P00918,CA2,ZN EVF,[Zn+2] NS(=O)(=O)c1nc2ccccc2s1
3SAP,1BNW,P00918,CA2,HG ZN TPD,[Hg+2] [Zn+2] NS(=O)(=O)c1ccc(S(=O)(=O)NCc2cccs2)s1
3DCS,5JN3,P00918,CA2,WWZ DMS ZN,NS(=O)(=O)c1ccc(NC(=O)Nc2ccc(F)cc2)cc1 CS(C)=O [Zn+2]
3EFT,5JN3,P00918,CA2,WWZ DMS ZN,NS(=O)(=O)c1ccc(NC(=O)Nc2ccc(F)cc2)cc1 CS(C)=O [Zn+2]
3MHC,3P3J,P00918,CA2,ZN GOL 498,[Zn+2] OCC(O)CO
3MHC,5E2S,P00918,CA2,ZN 5CX,[Zn+2] CC(C)c1ccccc1-c1ccc(S(N)(=O)=O)cc1
5FNM,4E3F,P00918,CA2,ZN MBO GRE,[Zn+2] O=C(O)c1ccc([Hg])cc1 O=C(O)c1c(O)cccc1O
5EH7,3P3J,P00918,CA2,ZN GOL 498,[Zn+2] OCC(O)CO
3KNE,1BN3,P00918,CA2,AL6 ZN HG,COc1cccc(N2C=Cc3cc(S(N)(=O)=O)sc3S2(=O)=O)c1 [Zn+2] [Hg+2]
1A42,1KWR,P00918,CA2,ZN SG2,[Zn+2] Cn1sc(=O)c2cc(S(N)(=O)=O)ccc21
1A42,2POV,P00918,CA2,I7B ZN,Nc1cc(Cl)c(S(N)(=O)=O)cc1S(N)(=O)=O [Zn+2]
5EH5,1XQ0,P00918,CA2,4TR ZN,N#Cc1ccc(N(Cc2ccc(OS(N)(=O)=O)c(Br)c2)n2cnnc2)cc1 [Zn+2]
5EH5,4RFC,P00918,CA2,ZN 3O1,[Zn+2] CC(C)(C)OC(=O)NCCCCOc1ccc(S(N)(=O)=O)cc1
4Q07,4QJM,P00918,CA2,ZN V1F BCN MES DMS,[Zn+2] NS(=O)(=O)c1c(F)c(F)c(S(=O)(=O)CCc2ccccc2)c(NCc2ccccc2)c1F O=C(O)CN(CCO)CCO O=S(=O)([O-])CC[NH+]1CCOCC1 CS(C)=O
3S72,5G03,P00918,CA2,ZN SO4 OE2,[Zn+2] O=S(=O)([O-])[O-] NS(=O)(=O)CCNC(=O)/C(Cc1ccc(O)c(Br)c1)=N/O
5FLS,4CQ0,P00918,CA2,SXS FMT ZN,Nc1ccc2c(c1)S(=O)(=O)NC2=O O=CO [Zn+2]
3M2Y,2Q1Q,P00918,CA2,ZN HG OSP,[Zn+2] [Hg+2] NS(=O)(=O)c1ccc(N2CCCCS2(=O)=O)cc1
4Q6D,4YWP,P00918,CA2,ZN,[Zn+2]
5AMG,3D9Z,P00918,CA2,ZN D9Z,[Zn+2] NS(=O)(=O)c1nnc(-c2ccccc2Cl)s1
5AMG,3RZ8,P00918,CA2,ZN RZ8 DMS,[Zn+2] CCCCCCNC(=O)c1ccc(S(N)(=O)=O)cc1 CS(C)=O
5AMG,1IF6,P00918,CA2,FBU HG ZN,NS(=O)(=O)c1cc(F)cc(F)c1 [Hg+2] [Zn+2]
4MO8,1IF6,P00918,CA2,FBU HG ZN,NS(=O)(=O)c1cc(F)cc(F)c1 [Hg+2] [Zn+2]
3DAZ,4QIY,P00918,CA2,ZN WWX DMS BCN,[Zn+2] NS(=O)(=O)c1c(F)c(F)c(S(=O)(=O)CCO)c(N[C@H](c2ccccc2)[C@@H](O)c2ccccc2)c1F CS(C)=O O=C(O)CN(CCO)CCO
3DAZ,3HKU,P00918,CA2,ZN TOR,[Zn+2] CC1(C)O[C@@H]2[C@@H](CO[C@@]3(COS(N)(=O)=O)OC(C)(C)O[C@@H]23)O1
5TY1,5N0D,P00918,CA2,ZN 8F2 GOL,[Zn+2] NS(=O)(=O)c1ccc(C(=O)N2CCc3cc(O)c(O)cc3[C@H]2c2ccccc2)cc1 OCC(O)CO
4ZWY,5DRS,P00918,CA2,5EF MES DMS BCN ZN,NS(=O)(=O)c1c(F)c(F)c(S(=O)(=O)CCO)c(N[C@H]2CCc3ccccc32)c1F O=S(=O)([O-])CC[NH+]1CCOCC1 CS(C)=O O=C(O)CN(CCO)CCO [Zn+2]
5JG3,1I9P,P00918,CA2,ZN HG IOE,[Zn+2] [Hg+2] NS(=O)(=O)c1ccc(C(=O)NCc2c(F)cc(F)cc2F)cc1
3CA2,1ZSB,P00918,CA2,AZM ZN,CC(=O)Nc1nnc(S(N)(=O)=O)s1 [Zn+2]
4R5A,2FOS,P00918,CA2,ZN CU B17,[Zn+2] [Cu+2] NS(=O)(=O)c1ccc(C(=O)NCCOCCOCCN2CC(=O)O[Cu]OC(=O)C2)cc1
4Q83,4FU5,P00918,CA2,MBO ZN 0VX DMS,O=C(O)c1ccc([Hg])cc1 [Zn+2] NS(=O)(=O)N=C1NCCO1 CS(C)=O
5EHV,4QSI,P00918,CA2,EWZ NA DMS MES ZN,CC(C)(C)c1cc(=O)[nH]c(SCC(=O)c2ccc(Cl)c(S(N)(=O)=O)c2)n1 [Na+] CS(C)=O O=S(=O)([O-])CC[NH+]1CCOCC1 [Zn+2]
5EHV,1BNQ,P00918,CA2,HG ZN AL4,[Hg+2] [Zn+2] CCN[C@H]1CN(CCOC)S(=O)(=O)c2sc(S(N)(=O)=O)cc21
2Q1B,4RFD,P00918,CA2,ZN 3O5 BCT,[Zn+2] NCCCCOc1ccc(S(N)(=O)=O)cc1 O=C([O-])O
5JGS,2POW,P00918,CA2,I7C ZN,Nc1cc(C(F)(F)F)c(S(N)(=O)=O)cc1S(N)(=O)=O [Zn+2]
5JGS,4QIY,P00918,CA2,ZN WWX DMS BCN,[Zn+2] NS(=O)(=O)c1c(F)c(F)c(S(=O)(=O)CCO)c(N[C@H](c2ccccc2)[C@@H](O)c2ccccc2)c1F CS(C)=O O=C(O)CN(CCO)CCO
3M04,3F4X,P00918,CA2,ZN HG KLT,[Zn+2] [Hg+2] NS(=O)(=O)c1cc([C@@]2(O)NC(=O)c3ccccc32)ccc1Cl
4QSA,4JSA,P00918,CA2,ZN MBO FB2 SO4,[Zn+2] O=C(O)c1ccc([Hg])cc1 NS(=O)(=O)c1ccccc1 O=S(=O)([O-])[O-]
3L14,1CIN,P00918,CA2,ZN MMC MTS,[Zn+2] C[Hg+] CN[C@H]1C[C@H](C)S(=O)(=O)c2sc(S(N)(=O)=O)cc21
3M40,1IF8,P00918,CA2,SBS HG ZN,C[C@@H](CNC(=O)c1ccc(S(N)(=O)=O)cc1)Cn1ccc2ccccc21 [Hg+2] [Zn+2]
3M40,1BNT,P00918,CA2,HG ZN AL2,[Hg+2] [Zn+2] COc1ccc(N2C[C@H](O)c3cc(S(N)(=O)=O)sc3S2(=O)=O)cc1
4Q06,4E3F,P00918,CA2,ZN MBO GRE,[Zn+2] O=C(O)c1ccc([Hg])cc1 O=C(O)c1c(O)cccc1O
4Q8X,3P5L,P00918,CA2,ZN IT5 DMS,[Zn+2] N#CC1(c2ccccc2)CCN(C(=S)S)CC1 CS(C)=O
3S71,4Z1N,P00918,CA2,ZN 4KD,[Zn+2] COc1cc2c(cc1OC)CN(C(=O)c1ccc(S(N)(=O)=O)cc1)CC2
4KNJ,3HKU,P00918,CA2,ZN TOR,[Zn+2] CC1(C)O[C@@H]2[C@@H](CO[C@@]3(COS(N)(=O)=O)OC(C)(C)O[C@@H]23)O1
3RZ7,1I90,P00918,CA2,ZN HG INM,[Zn+2] [Hg+2] COCCCN1C=C(N)c2cc(S(N)(=O)=O)sc2S1(=O)=O
5SZ0,4FVO,P00918,CA2,MBO ZN 0VV GOL DMS,O=C(O)c1ccc([Hg])cc1 [Zn+2] NS(=O)(=O)N=C1NCc2ccccc2N1 OCC(O)CO CS(C)=O
4BF1,4ZWY,P00918,CA2,GOL 4SN ZN,OCC(O)CO CC(=O)OC[C@@H]1O[C@@H](S(=O)(=O)NCCCCCOS(N)(=O)=O)[C@H](OC(C)=O)[C@H](OC(C)=O)[C@@H]1OC(C)=O [Zn+2]
2H15,4KAP,P00918,CA2,ZN 1QV,[Zn+2] NS(=O)(=O)c1nc2c(F)c(F)c(F)c(F)c2s1
1G4O,3KWA,P00918,CA2,ZN HG SPM,[Zn+2] [Hg+2] NCCCNCCCCNCCCN
4M2W,1OKN,P00918,CA2,HG ZN STB,[Hg+2] [Zn+2] NS(=O)(=O)c1ccc(C(=O)NCCCCNCS)cc1
2WD2,1BNM,P00918,CA2,AL8 ZN HG,CN[C@H]1CN(c2cccc(OC)c2)S(=O)(=O)c2sc(S(N)(=O)=O)cc21 [Zn+2] [Hg+2]
3IBI,4E3F,P00918,CA2,ZN MBO GRE,[Zn+2] O=C(O)c1ccc([Hg])cc1 O=C(O)c1c(O)cccc1O
4FVN,5MJN,P00918,CA2,7O8 ZN,NS(=O)(=O)c1ccc(SCc2ccc(Cl)cc2)s1 [Zn+2]
3V2M,4HT0,P00918,CA2,ZN MES DMS V50,[Zn+2] O=S(=O)([O-])CC[NH+]1CCOCC1 CS(C)=O Cc1cc(C)nc(Sc2c(F)c(F)c(S(N)(=O)=O)c(F)c2F)n1
3BL0,4KAP,P00918,CA2,ZN 1QV,[Zn+2] NS(=O)(=O)c1nc2c(F)c(F)c(F)c(F)c2s1
4RIV,4R5A,P00918,CA2,ZN GOL 3J4,[Zn+2] OCC(O)CO NS(=O)(=O)O[C@@H]1CCN(S(=O)(=O)[C@@H]2O[C@@H](CO)[C@@H](O)[C@H](O)[C@@H]2O)C1
4RIV,3T85,P00918,CA2,ZN SG7,[Zn+2] CC(=O)O[C@@H]1[C@H](O)[C@@H](O)O[C@H](COS(N)(=O)=O)[C@H]1OC(C)=O
5EH8,2FOV,P00918,CA2,ZN CU B30 CCN,[Zn+2] [Cu+2] NS(=O)(=O)c1ccc(C(=O)NCCN2CC(=O)O[Cu]OC(=O)C2)cc1 CC#N
5EH8,4PXX,P00918,CA2,ZN CHD MG,[Zn+2] C[C@H](CCC(=O)O)[C@H]1CC[C@H]2[C@@H]3[C@H](O)C[C@@H]4C[C@H](O)CC[C@]4(C)[C@H]3C[C@H](O)[C@]12C [Mg+2]
1Z9Y,3DD8,P00918,CA2,2C7 HG ZN,NS(=O)(=O)Oc1ccc2c(c1)S(=O)(=O)C(CC1CCCCCC1)=C2 [Hg+2] [Zn+2]
3RYX,1CIM,P00918,CA2,ZN MMC PTS,[Zn+2] C[Hg+] C[C@H]1C[C@H](N)c2cc(S(N)(=O)=O)sc2S1(=O)=O
4Z0Q,3HKQ,P00918,CA2,ZN 1SD GOL,[Zn+2] NS(=O)(=O)[C@@H]1O[C@H](CO)[C@H](O)[C@H](O)[C@H]1O OCC(O)CO
2POW,4Q8Y,P00918,CA2,ZN MBO HQT,[Zn+2] O=C(O)c1ccc([Hg])cc1 On1ccc2ccccc2c1=S
5DOH,3KIG,P00918,CA2,ZN DA9 DA4,[Zn+2] [N-]=[N+]=NCC(=O)NCCS C#Cc1cccc(S(N)(=O)=O)c1
5TY9,5MJN,P00918,CA2,7O8 ZN,NS(=O)(=O)c1ccc(SCc2ccc(Cl)cc2)s1 [Zn+2]
5TY9,1XQ0,P00918,CA2,4TR ZN,N#Cc1ccc(N(Cc2ccc(OS(N)(=O)=O)c(Br)c2)n2cnnc2)cc1 [Zn+2]
3HKT,3KIG,P00918,CA2,ZN DA9 DA4,[Zn+2] [N-]=[N+]=NCC(=O)NCCS C#Cc1cccc(S(N)(=O)=O)c1
5VGY,5EH7,P00918,CA2,ZN FMT 5O5 NA,[Zn+2] O=CO Clc1ccc(OCc2nnn[nH]2)cc1Cl [Na+]
4JSZ,3RYX,P00918,CA2,ZN RYX,[Zn+2] NS(=O)(=O)c1ccc(C(=O)NCC(F)(F)C(F)(F)F)cc1
3DCC,3IBU,P00918,CA2,CL HGB O48 ZN,[Cl-] O=C(O)c1ccc([Hg]O)cc1 CCCCCCCCCCOS(N)(=O)=O [Zn+2]
3HFP,3EFT,P00918,CA2,ZN HG 3BS,[Zn+2] [Hg+2] CC1(C)CC(NC(=S)Nc2ccc(S(N)(=O)=O)cc2Cl)CC(C)(C)N1O
5U0F,4ZX1,P00918,CA2,ZN DMS 5L3,[Zn+2] CS(C)=O CC(=O)O[C@@H]1[C@H](O)[C@@H](O)[C@@H](CO)O[C@@H]1S(=O)(=O)N1CCC(OS(N)(=O)=O)CC1
5U0F,1G53,P00918,CA2,ZN HG F6B,[Zn+2] [Hg+2] NS(=O)(=O)c1ccc(C(=O)NCc2c(F)cccc2F)cc1
1TTM,2EU2,P00918,CA2,ZN 5DS,[Zn+2] CN(C)c1nnc([C@H](N)S(N)(=O)=O)s1
3RZ1,5AMG,P00918,CA2,ZN IW7,[Zn+2] CCCCCNS(=O)(=O)c1cc(S(N)(=O)=O)ccc1C(=O)O
3P58,2POU,P00918,CA2,I7A ZN,NS(=O)(=O)c1cc(Cl)c(Cl)c(S(N)(=O)=O)c1 [Zn+2]
1IF6,5U0F,P00918,CA2,ZN 7R1,[Zn+2] COc1ccc(C[C@H]2SC(=S)NC2=O)c(OC)c1
5JEP,3D9Z,P00918,CA2,ZN D9Z,[Zn+2] NS(=O)(=O)c1nnc(-c2ccccc2Cl)s1
5JEP,1BNN,P00918,CA2,HG ZN AL1,[Hg+2] [Zn+2] COc1cccc(N2CCc3cc(S(N)(=O)=O)sc3S2(=O)=O)c1
4ZWI,3OIL,P00918,CA2,ZN VZ5,[Zn+2] CCc1cc2c(cc1OS(N)(=O)=O)CC[C@@H]1[C@@H]2CC[C@]2(C)[C@@H](O)CC[C@@H]12
2X7T,1CIM,P00918,CA2,ZN MMC PTS,[Zn+2] C[Hg+] C[C@H]1C[C@H](N)c2cc(S(N)(=O)=O)sc2S1(=O)=O
5GMN,1ZH9,P00918,CA2,BE7 MPX ZN,O=C(O)c1ccc([Hg]Cl)cc1 CN1CCN(NC(=S)Nc2ccc(S(N)(=O)=O)cc2)CC1 [Zn+2]
3NJ9,3QYK,P00918,CA2,IE2 DMS ZN,Cc1ccc2c(n1)SCc1cnn(-c3ccc(S(N)(=O)=O)cc3)c1-2 CS(C)=O [Zn+2]
5AMD,4M2R,P00918,CA2,ZN BZ1,[Zn+2] CCN[C@H]1CN(CCCOC)S(=O)(=O)c2sc(S(N)(=O)=O)cc21
5AMD,1IF7,P00918,CA2,SBR HG ZN,C[C@H](CNC(=O)c1ccc(S(N)(=O)=O)cc1)Cn1ccc2ccccc21 [Hg+2] [Zn+2]
1ZSB,4FVN,P00918,CA2,MBO ZN 0VW DMS,O=C(O)c1ccc([Hg])cc1 [Zn+2] NS(=O)(=O)N=C1NCCCN1 CS(C)=O
5N0E,4KNI,P00918,CA2,ZN DMS MES E1E,[Zn+2] CS(C)=O O=S(=O)([O-])CC[NH+]1CCOCC1 Cc1cc(C)nc(SCC(=O)c2ccc(S(N)(=O)=O)c(Cl)c2)n1
4CQ0,2EZ7,P00918,CA2,HG ZN DHI,[Hg+2] [Zn+2] N[C@H](Cc1c[nH]c[nH+]1)C(=O)O
5LLE,3P3J,P00918,CA2,ZN GOL 498,[Zn+2] OCC(O)CO
3K2F,4Q83,P00918,CA2,ZN 3FH MBO,[Zn+2] On1cccc(C(F)(F)F)c1=S O=C(O)c1ccc([Hg])cc1
3K2F,3HLJ,P00918,CA2,V21 NA UNX ZN,CSC1=S=Nn2c1nc1ccc(S(N)(=O)=O)cc12 [Na+] [Zn+2]
5FLO,1I9P,P00918,CA2,ZN HG IOE,[Zn+2] [Hg+2] NS(=O)(=O)c1ccc(C(=O)NCc2c(F)cc(F)cc2F)cc1
1G54,5FNK,P00918,CA2,DMS 5OO NA ACY ZN,CS(C)=O O=C(O)/C=C/c1ccc(Cl)cc1Cl [Na+] CC(=O)O [Zn+2]
5DOG,5FNI,P00918,CA2,ZN GOL DMS YIH,[Zn+2] OCC(O)CO CS(C)=O Clc1ccc(OCc2nn[n-]n2)cc1Cl
4FVO,4ZWZ,P00918,CA2,ZN 510 DMS,[Zn+2] COC(=O)[C@@H]1C[C@@H](OS(N)(=O)=O)CN1S(=O)(=O)[C@@H]1O[C@@H](CO)[C@@H](O)[C@@H](O)[C@H]1O CS(C)=O
3T5Z,1I90,P00918,CA2,ZN HG INM,[Zn+2] [Hg+2] COCCCN1C=C(N)c2cc(S(N)(=O)=O)sc2S1(=O)=O
3T5Z,1OKM,P00918,CA2,HG ZN SAB,[Hg+2] [Zn+2] NCCCCNC(=O)c1ccc(S(N)(=O)=O)cc1
2C2M,1RHJ,P42574,CASP3,PZN,CCCCCCN(C)CC(=O)[C@H](CC(=O)[O-])NC(=O)[C@H](CC)n1cc(C(C)(C)C)nc(NCc2nonc2C)c1=O
2C2M,1RE1,P42574,CASP3,NA3,O=C[C@H](CC(=O)O)NC(=O)c1cncc(Br)c1
2C2M,2XYG,P42574,CASP3,TQ8,Cc1ccc(S(=O)(=O)N[C@@H](Cc2ccccc2)C(=O)CCl)cc1
2C2M,2CNO,P42574,CASP3,,
2C2M,1RHM,P42574,CASP3,NA4,O=C[C@H](CC(=O)O)NC(=O)c1cncc(-c2ccc(C(=O)O)cc2)c1
2C2M,3GJR,P42574,CASP3,DZE GOL,COC(=O)C[C@H](NC(=O)OC(C)(C)C)C(C)=O OCC(O)CO
2CNK,1RHJ,P42574,CASP3,PZN,CCCCCCN(C)CC(=O)[C@H](CC(=O)[O-])NC(=O)[C@H](CC)n1cc(C(C)(C)C)nc(NCc2nonc2C)c1=O
2CNK,2CNO,P42574,CASP3,,
2CNK,3KJF,P42574,CASP3,B92,CC(=O)[C@H](CC(=O)O)NC(=O)[C@@H]1C=C2CCCC[C@@H]2n2c(=O)n(C[C@H](CCC(=O)O)NC(=O)Cc3ccccc3)c(=O)n21
2CNK,2XYP,P42574,CASP3,XVE,O=C(N[C@@H](Cc1ccccc1)C(=O)CCl)OCc1ccccc1
2CNK,3GJR,P42574,CASP3,DZE GOL,COC(=O)C[C@H](NC(=O)OC(C)(C)C)C(C)=O OCC(O)CO
1RHQ,2XYG,P42574,CASP3,TQ8,Cc1ccc(S(=O)(=O)N[C@@H](Cc2ccccc2)C(=O)CCl)cc1
1RHQ,1RHM,P42574,CASP3,NA4,O=C[C@H](CC(=O)O)NC(=O)c1cncc(-c2ccc(C(=O)O)cc2)c1
1RHQ,1RHU,P42574,CASP3,3CY,CC(=O)N[C@@H](CC(=O)O)C(=O)N[C@H]1CCc2cccc3c2N(C1=O)[C@H](C(=O)N[C@@H](CC(=O)O)C(=O)CSCc1ccccc1)C3
1RHQ,3KJF,P42574,CASP3,B92,CC(=O)[C@H](CC(=O)O)NC(=O)[C@@H]1C=C2CCCC[C@@H]2n2c(=O)n(C[C@H](CCC(=O)O)NC(=O)Cc3ccccc3)c(=O)n21
1RHQ,2XYP,P42574,CASP3,XVE,O=C(N[C@@H](Cc1ccccc1)C(=O)CCl)OCc1ccccc1
1RHQ,1RHR,P42574,CASP3,CNE,CCOc1ccc(/C=C/C(=O)OC)cc1CC(=O)N[C@H](C(=O)N[C@@H](CC(=O)O)C(=O)CSCc1c(F)cccc1Cl)C(C)C
1RHM,2XYG,P42574,CASP3,TQ8,Cc1ccc(S(=O)(=O)N[C@@H](Cc2ccccc2)C(=O)CCl)cc1
1RHM,3GJR,P42574,CASP3,DZE GOL,COC(=O)C[C@H](NC(=O)OC(C)(C)C)C(C)=O OCC(O)CO
1RHJ,2XYG,P42574,CASP3,TQ8,Cc1ccc(S(=O)(=O)N[C@@H](Cc2ccccc2)C(=O)CCl)cc1
1RHJ,1RHU,P42574,CASP3,3CY,CC(=O)N[C@@H](CC(=O)O)C(=O)N[C@H]1CCc2cccc3c2N(C1=O)[C@H](C(=O)N[C@@H](CC(=O)O)C(=O)CSCc1ccccc1)C3
1RHJ,1GFW,P42574,CASP3,MSI,CN1C(=O)C(=O)c2cc(S(=O)(=O)N3CCC[C@H]3COc3ccccc3)ccc21
1RHJ,2XYP,P42574,CASP3,XVE,O=C(N[C@@H](Cc1ccccc1)C(=O)CCl)OCc1ccccc1
2CDR,1RHJ,P42574,CASP3,PZN,CCCCCCN(C)CC(=O)[C@H](CC(=O)[O-])NC(=O)[C@H](CC)n1cc(C(C)(C)C)nc(NCc2nonc2C)c1=O
2CDR,2CNO,P42574,CASP3,,
2CDR,1RHM,P42574,CASP3,NA4,O=C[C@H](CC(=O)O)NC(=O)c1cncc(-c2ccc(C(=O)O)cc2)c1
2CDR,1RHU,P42574,CASP3,3CY,CC(=O)N[C@@H](CC(=O)O)C(=O)N[C@H]1CCc2cccc3c2N(C1=O)[C@H](C(=O)N[C@@H](CC(=O)O)C(=O)CSCc1ccccc1)C3
2CDR,1GFW,P42574,CASP3,MSI,CN1C(=O)C(=O)c2cc(S(=O)(=O)N3CCC[C@H]3COc3ccccc3)ccc21
2XYP,1RHJ,P42574,CASP3,PZN,CCCCCCN(C)CC(=O)[C@H](CC(=O)[O-])NC(=O)[C@H](CC)n1cc(C(C)(C)C)nc(NCc2nonc2C)c1=O
2XYP,1GFW,P42574,CASP3,MSI,CN1C(=O)C(=O)c2cc(S(=O)(=O)N3CCC[C@H]3COc3ccccc3)ccc21
2XYP,3KJF,P42574,CASP3,B92,CC(=O)[C@H](CC(=O)O)NC(=O)[C@@H]1C=C2CCCC[C@@H]2n2c(=O)n(C[C@H](CCC(=O)O)NC(=O)Cc3ccccc3)c(=O)n21
1GFW,1RE1,P42574,CASP3,NA3,O=C[C@H](CC(=O)O)NC(=O)c1cncc(Br)c1
1GFW,2XYG,P42574,CASP3,TQ8,Cc1ccc(S(=O)(=O)N[C@@H](Cc2ccccc2)C(=O)CCl)cc1
1GFW,2CNO,P42574,CASP3,,
1GFW,3KJF,P42574,CASP3,B92,CC(=O)[C@H](CC(=O)O)NC(=O)[C@@H]1C=C2CCCC[C@@H]2n2c(=O)n(C[C@H](CCC(=O)O)NC(=O)Cc3ccccc3)c(=O)n21
1GFW,1RHR,P42574,CASP3,CNE,CCOc1ccc(/C=C/C(=O)OC)cc1CC(=O)N[C@H](C(=O)N[C@@H](CC(=O)O)C(=O)CSCc1c(F)cccc1Cl)C(C)C
1GFW,3GJR,P42574,CASP3,DZE GOL,COC(=O)C[C@H](NC(=O)OC(C)(C)C)C(C)=O OCC(O)CO
2C2K,1RE1,P42574,CASP3,NA3,O=C[C@H](CC(=O)O)NC(=O)c1cncc(Br)c1
2C2K,1RHM,P42574,CASP3,NA4,O=C[C@H](CC(=O)O)NC(=O)c1cncc(-c2ccc(C(=O)O)cc2)c1
2C2K,1RHR,P42574,CASP3,CNE,CCOc1ccc(/C=C/C(=O)OC)cc1CC(=O)N[C@H](C(=O)N[C@@H](CC(=O)O)C(=O)CSCc1c(F)cccc1Cl)C(C)C
2C2K,3GJR,P42574,CASP3,DZE GOL,COC(=O)C[C@H](NC(=O)OC(C)(C)C)C(C)=O OCC(O)CO
1RE1,1RHJ,P42574,CASP3,PZN,CCCCCCN(C)CC(=O)[C@H](CC(=O)[O-])NC(=O)[C@H](CC)n1cc(C(C)(C)C)nc(NCc2nonc2C)c1=O
1RE1,1RHU,P42574,CASP3,3CY,CC(=O)N[C@@H](CC(=O)O)C(=O)N[C@H]1CCc2cccc3c2N(C1=O)[C@H](C(=O)N[C@@H](CC(=O)O)C(=O)CSCc1ccccc1)C3
1RE1,1GFW,P42574,CASP3,MSI,CN1C(=O)C(=O)c2cc(S(=O)(=O)N3CCC[C@H]3COc3ccccc3)ccc21
1RE1,1RHQ,P42574,CASP3,0ZZ,COc1ccc(Br)cc1CC(=O)N[C@H](C(=O)N[C@@H](CC(=O)O)[C@H](O)CSCc1ccccc1)C(C)C
1RE1,3KJF,P42574,CASP3,B92,CC(=O)[C@H](CC(=O)O)NC(=O)[C@@H]1C=C2CCCC[C@@H]2n2c(=O)n(C[C@H](CCC(=O)O)NC(=O)Cc3ccccc3)c(=O)n21
1RHR,2XYG,P42574,CASP3,TQ8,Cc1ccc(S(=O)(=O)N[C@@H](Cc2ccccc2)C(=O)CCl)cc1
1RHR,1RHM,P42574,CASP3,NA4,O=C[C@H](CC(=O)O)NC(=O)c1cncc(-c2ccc(C(=O)O)cc2)c1
1RHR,1RHQ,P42574,CASP3,0ZZ,COc1ccc(Br)cc1CC(=O)N[C@H](C(=O)N[C@@H](CC(=O)O)[C@H](O)CSCc1ccccc1)C(C)C
1RHR,2XYP,P42574,CASP3,XVE,O=C(N[C@@H](Cc1ccccc1)C(=O)CCl)OCc1ccccc1
2XYG,1GFW,P42574,CASP3,MSI,CN1C(=O)C(=O)c2cc(S(=O)(=O)N3CCC[C@H]3COc3ccccc3)ccc21
3GJR,1RHM,P42574,CASP3,NA4,O=C[C@H](CC(=O)O)NC(=O)c1cncc(-c2ccc(C(=O)O)cc2)c1
3GJR,1RHQ,P42574,CASP3,0ZZ,COc1ccc(Br)cc1CC(=O)N[C@H](C(=O)N[C@@H](CC(=O)O)[C@H](O)CSCc1ccccc1)C(C)C
3GJR,2XYP,P42574,CASP3,XVE,O=C(N[C@@H](Cc1ccccc1)C(=O)CCl)OCc1ccccc1
3GJR,1RHR,P42574,CASP3,CNE,CCOc1ccc(/C=C/C(=O)OC)cc1CC(=O)N[C@H](C(=O)N[C@@H](CC(=O)O)C(=O)CSCc1c(F)cccc1Cl)C(C)C
1RHU,1RE1,P42574,CASP3,NA3,O=C[C@H](CC(=O)O)NC(=O)c1cncc(Br)c1
1RHU,1GFW,P42574,CASP3,MSI,CN1C(=O)C(=O)c2cc(S(=O)(=O)N3CCC[C@H]3COc3ccccc3)ccc21
1RHU,1RHR,P42574,CASP3,CNE,CCOc1ccc(/C=C/C(=O)OC)cc1CC(=O)N[C@H](C(=O)N[C@@H](CC(=O)O)C(=O)CSCc1c(F)cccc1Cl)C(C)C
2CNN,2XYG,P42574,CASP3,TQ8,Cc1ccc(S(=O)(=O)N[C@@H](Cc2ccccc2)C(=O)CCl)cc1
2CNN,2XYP,P42574,CASP3,XVE,O=C(N[C@@H](Cc1ccccc1)C(=O)CCl)OCc1ccccc1
2CNN,1RHR,P42574,CASP3,CNE,CCOc1ccc(/C=C/C(=O)OC)cc1CC(=O)N[C@H](C(=O)N[C@@H](CC(=O)O)C(=O)CSCc1c(F)cccc1Cl)C(C)C
2CNO,1RHJ,P42574,CASP3,PZN,CCCCCCN(C)CC(=O)[C@H](CC(=O)[O-])NC(=O)[C@H](CC)n1cc(C(C)(C)C)nc(NCc2nonc2C)c1=O
2CNO,1RHM,P42574,CASP3,NA4,O=C[C@H](CC(=O)O)NC(=O)c1cncc(-c2ccc(C(=O)O)cc2)c1
2CNO,1RHQ,P42574,CASP3,0ZZ,COc1ccc(Br)cc1CC(=O)N[C@H](C(=O)N[C@@H](CC(=O)O)[C@H](O)CSCc1ccccc1)C(C)C
2CNO,2XYP,P42574,CASP3,XVE,O=C(N[C@@H](Cc1ccccc1)C(=O)CCl)OCc1ccccc1
2CNO,1RHR,P42574,CASP3,CNE,CCOc1ccc(/C=C/C(=O)OC)cc1CC(=O)N[C@H](C(=O)N[C@@H](CC(=O)O)C(=O)CSCc1c(F)cccc1Cl)C(C)C
2CNO,3GJR,P42574,CASP3,DZE GOL,COC(=O)C[C@H](NC(=O)OC(C)(C)C)C(C)=O OCC(O)CO
3KJF,1RHJ,P42574,CASP3,PZN,CCCCCCN(C)CC(=O)[C@H](CC(=O)[O-])NC(=O)[C@H](CC)n1cc(C(C)(C)C)nc(NCc2nonc2C)c1=O
3KJF,1RHU,P42574,CASP3,3CY,CC(=O)N[C@@H](CC(=O)O)C(=O)N[C@H]1CCc2cccc3c2N(C1=O)[C@H](C(=O)N[C@@H](CC(=O)O)C(=O)CSCc1ccccc1)C3
3KJF,3GJR,P42574,CASP3,DZE GOL,COC(=O)C[C@H](NC(=O)OC(C)(C)C)C(C)=O OCC(O)CO
2CNL,2XYG,P42574,CASP3,TQ8,Cc1ccc(S(=O)(=O)N[C@@H](Cc2ccccc2)C(=O)CCl)cc1
2CNL,3KJF,P42574,CASP3,B92,CC(=O)[C@H](CC(=O)O)NC(=O)[C@@H]1C=C2CCCC[C@@H]2n2c(=O)n(C[C@H](CCC(=O)O)NC(=O)Cc3ccccc3)c(=O)n21
2CNL,2XYP,P42574,CASP3,XVE,O=C(N[C@@H](Cc1ccccc1)C(=O)CCl)OCc1ccccc1
2CNL,3GJR,P42574,CASP3,DZE GOL,COC(=O)C[C@H](NC(=O)OC(C)(C)C)C(C)=O OCC(O)CO
2C1E,1GFW,P42574,CASP3,MSI,CN1C(=O)C(=O)c2cc(S(=O)(=O)N3CCC[C@H]3COc3ccccc3)ccc21
2C1E,1RHQ,P42574,CASP3,0ZZ,COc1ccc(Br)cc1CC(=O)N[C@H](C(=O)N[C@@H](CC(=O)O)[C@H](O)CSCc1ccccc1)C(C)C
2C1E,2XYP,P42574,CASP3,XVE,O=C(N[C@@H](Cc1ccccc1)C(=O)CCl)OCc1ccccc1
2C1E,1RHR,P42574,CASP3,CNE,CCOc1ccc(/C=C/C(=O)OC)cc1CC(=O)N[C@H](C(=O)N[C@@H](CC(=O)O)C(=O)CSCc1c(F)cccc1Cl)C(C)C
2C2O,1RE1,P42574,CASP3,NA3,O=C[C@H](CC(=O)O)NC(=O)c1cncc(Br)c1
2C2O,2XYG,P42574,CASP3,TQ8,Cc1ccc(S(=O)(=O)N[C@@H](Cc2ccccc2)C(=O)CCl)cc1
2C2O,2CNO,P42574,CASP3,,
2C2O,1RHM,P42574,CASP3,NA4,O=C[C@H](CC(=O)O)NC(=O)c1cncc(-c2ccc(C(=O)O)cc2)c1
2C2O,1GFW,P42574,CASP3,MSI,CN1C(=O)C(=O)c2cc(S(=O)(=O)N3CCC[C@H]3COc3ccccc3)ccc21
2C2O,1RHQ,P42574,CASP3,0ZZ,COc1ccc(Br)cc1CC(=O)N[C@H](C(=O)N[C@@H](CC(=O)O)[C@H](O)CSCc1ccccc1)C(C)C
2C2O,2XYP,P42574,CASP3,XVE,O=C(N[C@@H](Cc1ccccc1)C(=O)CCl)OCc1ccccc1
2C2O,1RHR,P42574,CASP3,CNE,CCOc1ccc(/C=C/C(=O)OC)cc1CC(=O)N[C@H](C(=O)N[C@@H](CC(=O)O)C(=O)CSCc1c(F)cccc1Cl)C(C)C
2C2O,3GJR,P42574,CASP3,DZE GOL,COC(=O)C[C@H](NC(=O)OC(C)(C)C)C(C)=O OCC(O)CO
1PYE,3EZR,P24941,CDK2,EZR,COc1cc(N)ccc1-c1ccc2c(-c3nc4c(N5CCN(C)CC5)cccc4[nH]3)n[nH]c2c1
3R8V,1B38,P24941,CDK2,MG ATP,[Mg+2] Nc1ncnc2c1ncn2[C@@H]1O[C@H](CO[P@@](=O)(O)O[P@](=O)(O)OP(=O)(O)O)[C@@H](O)[C@H]1O
1PXJ,3EOC,P24941,CDK2,T2A,COc1cc(Nc2ncc3c(C)nc(-c4ccccc4)n3n2)cc(OC)c1OC
3R8M,2FVD,P24941,CDK2,LIA,COc1ccc(F)c(F)c1C(=O)c1cnc(NC2CCN(S(C)(=O)=O)CC2)nc1N
3BHU,3QL8,P24941,CDK2,EDO X01,OCCO N#Cc1ccc(O)c(-c2ncnc(N)n2)c1
3BHU,2C5V,P24941,CDK2,CK4,Cc1nc(C)c(-c2ccnc(Nc3ccc(C(F)(F)F)cc3)n2)s1
2VTJ,2A0C,P24941,CDK2,CK9,CC[C@H](CO)Nc1nc(NCc2ccccc2O)c2ncn(C(C)C)c2n1
1H0W,1GII,P24941,CDK2,1PU,O=C(Nc1ccccn1)Nc1cccc2c1[C@H]1CCCN1C2=O
2BTR,3R1Y,P24941,CDK2,EDO X76,OCCO NC(=O)c1ccccc1NCc1cccnc1
2BTR,2BKZ,P24941,CDK2,SBC SO4,NC(=O)c1nn(-c2ccc(S(N)(=O)=O)cc2)c2c1ccc1[nH]ncc12 O=S(=O)([O-])[O-]
5ANE,3IG7,P24941,CDK2,EFP,COc1ccc(CC(=O)Nc2cn([C@H]3C[C@@H](NC(C)=O)C3)cn2)cc1
5A14,3RK5,P24941,CDK2,07Z,Nc1nc(Nc2ccc(C(=O)O)cc2)sc1C(=O)c1cccnc1
3BHT,1DI8,P24941,CDK2,DTQ,COc1cc2ncnc(Nc3cccc(O)c3)c2cc1OC
1DI8,2UZN,P24941,CDK2,C96,C/C(=C1/SC(=N)NC1=O)c1ccc(-c2ccc(S(N)(=O)=O)cc2)o1
1DI8,3QXP,P24941,CDK2,EDO X64,OCCO Nc1nc(Nc2ccc(S(N)(=O)=O)cc2)sc1C(=O)c1ccccc1[N+](=O)[O-]
3QZF,5ANE,P24941,CDK2,SZL,COc1ncnc2[nH]cnc12
4EOR,5JQ8,P24941,CDK2,I73,CC(C)c1cnn2c(NCc3ccccc3)cc(NC[C@@H]3CCNC[C@H]3O)nc12
3LFQ,3RPV,P24941,CDK2,EDO 26Z,OCCO Nc1cccc(C(=O)c2sc(Nc3ccc(S(N)(=O)=O)cc3)nc2N)c1
5ANK,5JQ8,P24941,CDK2,I73,CC(C)c1cnn2c(NCc3ccccc3)cc(NC[C@@H]3CCNC[C@H]3O)nc12
5ANK,2C68,P24941,CDK2,CT6,Brc1cccc(-c2cc(NCc3ccncc3)n3nccc3n2)c1
2BPM,1V1K,P24941,CDK2,3FP,CN(C)C[C@@H](O)COc1ccc(Nc2cc(Nc3cc(C(F)(F)F)ccc3F)ncn2)cc1
3QQG,2R3L,P24941,CDK2,SCW,Brc1cnc2c(NCc3cncnc3)cc(-c3ccccc3)cn12
4FKI,4D1Z,P24941,CDK2,WG8,O=C(O)[C@H]1CSC(c2ccc3cccc(O)c3n2)=N1
3RZB,3NS9,P24941,CDK2,NS9,CC(C)c1cnn2c(NCc3ccccc3)cc(N[C@@H](CO)[C@H](O)CO)nc12
1P5E,5JQ5,P24941,CDK2,ACT I74,CC(=O)[O-] CC(C)c1cnn2c(NCc3ccccc3)cc(NC[C@H]3CCNC[C@@H]3O)nc12
1H1S,3R9O,P24941,CDK2,Z71,Nc1nc(Nc2ccc(S(N)(=O)=O)cc2)sc1C(=O)Nc1cc(F)cc(F)c1
3QQJ,3IG7,P24941,CDK2,EFP,COc1ccc(CC(=O)Nc2cn([C@H]3C[C@@H](NC(C)=O)C3)cn2)cc1
3DDQ,3NS9,P24941,CDK2,NS9,CC(C)c1cnn2c(NCc3ccccc3)cc(N[C@@H](CO)[C@H](O)CO)nc12
3QTU,2C68,P24941,CDK2,CT6,Brc1cccc(-c2cc(NCc3ccncc3)n3nccc3n2)c1
3QTU,3BHV,P24941,CDK2,VAR MG SGM,Nc1nccc(-c2c3c(O)ccnc3n3c(N)nccc23)n1 [Mg+2] OC[C@@H](O)CS
2C5N,2VTJ,P24941,CDK2,GOL LZ4,OCC(O)CO NS(=O)(=O)c1ccc(Nc2cncc(Cl)n2)cc1
3R8U,3IG7,P24941,CDK2,EFP,COc1ccc(CC(=O)Nc2cn([C@H]3C[C@@H](NC(C)=O)C3)cn2)cc1
3QTZ,4CFW,P24941,CDK2,SQ9,Cc1c(-c2nc3nc(N)nc(OCC4CCCCC4)c3[nH]2)cccc1S(N)(=O)=O
4BCP,2UZN,P24941,CDK2,C96,C/C(=C1/SC(=N)NC1=O)c1ccc(-c2ccc(S(N)(=O)=O)cc2)o1
3QTX,3DOG,P24941,CDK2,NNN SGM,CC[C@H](CO)Nc1nc(NCc2ccccc2)n2ncc(C(C)C)c2n1 OC[C@@H](O)CS
2WIP,4CFM,P24941,CDK2,4QE,Cc1ccccc1-c1nc2c(OCC3CCCCC3)nc(N)nc2[nH]1
4FKG,1OIY,P24941,CDK2,N41 SGM MG,NC(=O)c1ccc(Nc2nc(OCC3CCCCC3)c3nc[nH]c3n2)cc1 OC[C@@H](O)CS [Mg+2]
3RPR,2R3K,P24941,CDK2,SCQ,Brc1cnn2c(NCc3cncnc3)cc(-c3ccccc3)cc12
1KE6,5K4J,P24941,CDK2,6QB,Cn1nccc1Nc1nccc(-c2ccn([C@H](CO)c3ccc(Cl)c(F)c3)c(=O)c2)n1
3RKB,1PXK,P24941,CDK2,CK3,Cc1nc(C)c(-c2ccnc(N/C=N\O)n2)s1
4BCN,3R8V,P24941,CDK2,Z62,C=CCNc1nc(N)c(C(=O)c2cccc([N+](=O)[O-])c2)s1
4EOO,3QTW,P24941,CDK2,X3A EDO,Nc1nc(Nc2ccccc2)sc1C(=O)c1cccnc1 OCCO
4EOO,3S0O,P24941,CDK2,50Z,C=CCNc1nc(N)c(C(=O)c2ccccn2)s1
4EOO,4BCQ,P24941,CDK2,TJF,CNc1nc(C)c(-c2nc(Nc3cccc(C(=O)N4CCOCC4)c3)ncc2C#N)s1
3R83,1KE5,P24941,CDK2,LS1,CNS(=O)(=O)c1ccc(N/C=C2\C(=O)Nc3ccccc32)cc1
3RK5,5ANG,P24941,CDK2,WY3,O=c1cc(CN2CCOCC2)c2ccc(O)cc2o1
4EOK,2R3I,P24941,CDK2,SCF,Fc1ccccc1-c1cc(NCc2ccncc2)n2nccc2n1
4EOJ,1W0X,P24941,CDK2,OLO,Cn1cnc2c(NCc3ccccc3)nc(NCCO)nc21
5ANG,1DI8,P24941,CDK2,DTQ,COc1cc2ncnc(Nc3cccc(O)c3)c2cc1OC
3R7E,2EXM,P24941,CDK2,ZIP,CC(C)=CCNc1ncnc2[nH]cnc12
1DM2,1B38,P24941,CDK2,MG ATP,[Mg+2] Nc1ncnc2c1ncn2[C@@H]1O[C@H](CO[P@@](=O)(O)O[P@](=O)(O)OP(=O)(O)O)[C@@H](O)[C@H]1O
4D1X,3R73,P24941,CDK2,EDO X87,OCCO NCCCNc1cc(NCc2cccnc2)c(C(N)=O)cc1[N+](=O)[O-]
3EOC,2W1H,P24941,CDK2,L0F,O=C(Nc1c[nH]nc1-c1nc2ccccc2[nH]1)c1ccccc1
4EK6,2R3N,P24941,CDK2,SCZ,c1ccc(-c2cc(NCc3cccnc3)n3ncc(C4CC4)c3n2)cc1
4EK6,3QTZ,P24941,CDK2,EDO X42,OCCO Nc1nc(Nc2ccc(S(N)(=O)=O)cc2)sc1C(=O)c1cccc(F)c1
3R7V,2EXM,P24941,CDK2,ZIP,CC(C)=CCNc1ncnc2[nH]cnc12
3DOG,4D1Z,P24941,CDK2,WG8,O=C(O)[C@H]1CSC(c2ccc3cccc(O)c3n2)=N1
1PXN,4EZ3,P24941,CDK2,0S0 EDO,NS(=O)(=O)c1ccc(N=Nc2ccc(O)[nH]c2=O)cc1 OCCO
4FKJ,1VYW,P24941,CDK2,SO4 292,O=S(=O)([O-])[O-] O=C(Cc1ccc2ccccc2c1)Nc1cc(C2CC2)n[nH]1
3QQH,2BHH,P24941,CDK2,RYU,C[C@@]1(O)/C(=C2/C(=O)Nc3ccc(S(=O)(=O)N4CCC(O)CC4)cc32)Nc2ccccc21
5IEX,4FKS,P24941,CDK2,46K,CC(=O)NS(=O)(=O)c1ccc(N/C=C2\C(=O)Nc3ccc4ncsc4c32)cc1
2W1H,3LFQ,P24941,CDK2,A28,CCCC(=O)Nc1n[nH]c2c(F)c(F)c(-c3ccccc3)cc12
3RAL,3QQF,P24941,CDK2,EDO X07,OCCO NC(=O)c1cc([N+](=O)[O-])ccc1NCc1cccnc1
2C5V,5CYI,P24941,CDK2,55S,CCS(=O)(=O)c1ccc(Nc2nc(OCC3CCCCC3)c3nc[nH]c3n2)cc1
2C5V,2WXV,P24941,CDK2,WXV SO4,CNC(=O)c1nn(C)c2c1ccc1cnc(NC3CCN(S(C)(=O)=O)CC3)nc12 O=S(=O)([O-])[O-]
3QXP,2C68,P24941,CDK2,CT6,Brc1cccc(-c2cc(NCc3ccncc3)n3nccc3n2)c1
4EOL,2XMY,P24941,CDK2,CDK,COCCNS(=O)(=O)c1ccc(Nc2nccc(-c3sc(=O)n(C)c3C)n2)cc1
4EOL,3RAH,P24941,CDK2,O1Z,Nc1nc(NC2CCCCC2)sc1C(=O)c1ccc2ccccc2c1
2UZN,3QQF,P24941,CDK2,EDO X07,OCCO NC(=O)c1cc([N+](=O)[O-])ccc1NCc1cccnc1
1KE9,5JQ5,P24941,CDK2,ACT I74,CC(=O)[O-] CC(C)c1cnn2c(NCc3ccccc3)cc(NC[C@H]3CCNC[C@@H]3O)nc12
3QU0,1H0V,P24941,CDK2,UN4,Nc1nc(OC[C@H]2CCC(=O)N2)c2nc[nH]c2n1
3R73,3QQH,P24941,CDK2,EDO X0A PO4,OCCO Nc1nc(Nc2ccccc2)nc(-c2cc(Cl)ccc2O)n1 O=P([O-])([O-])[O-]
2WEV,4II5,P24941,CDK2,ADP MG GOL,Nc1ncnc2c1ncn2[C@@H]1O[C@H](CO[P@](=O)(O)OP(=O)(O)O)[C@@H](O)[C@H]1O [Mg+2] OCC(O)CO
3EJ1,1G5S,P24941,CDK2,I17,N[C@H]1CC[C@H](Nc2nc(NCc3ccccc3)c3ncn(C4CCCC4)c3n2)CC1
4EZ3,3QZH,P24941,CDK2,EDO X69,OCCO COc1cc(NCc2cccnc2)c(C(N)=O)cc1[N+](=O)[O-]
4NJ3,1PXO,P24941,CDK2,CK7,Cc1nc(N)sc1-c1ccnc(Nc2cccc([N+](=O)[O-])c2)n1
3RAK,2BTS,P24941,CDK2,U32,CC(C)c1cnc(Nc2ccc(S(N)(=O)=O)cc2)s1
1FVV,1H1R,P24941,CDK2,6CP,Clc1cccc(Nc2nc(OCC3CCCCC3)c3[nH]cnc3n2)c1
5LMK,2G9X,P24941,CDK2,NU5,O=S(=O)(CCNCCCO)c1ccc(Nc2nc(OCC3CCCCC3)c3nc[nH]c3n2)cc1
3QXO,3R7I,P24941,CDK2,X9I EDO,NC(=O)c1cc([N+](=O)[O-])ccc1NCc1ccc(C(=O)O)cc1 OCCO
3R71,4ACM,P24941,CDK2,GOL 7YG,OCC(O)CO CN(C)CCNS(=O)(=O)c1ccc(-c2cnc(N)c(C(=O)Nc3cccnc3)n2)cc1
2C6O,3RPV,P24941,CDK2,EDO 26Z,OCCO Nc1cccc(C(=O)c2sc(Nc3ccc(S(N)(=O)=O)cc3)nc2N)c1
2C68,3R9H,P24941,CDK2,Z67,Nc1nc(Nc2ccc(S(N)(=O)=O)cc2)sc1C(=O)Nc1c(F)cccc1F
2C68,3QQL,P24941,CDK2,X03,CCC(C)(C)[C@@H]1CCc2[nH]nc(C(=O)NN)c2C1
3MY5,3QTW,P24941,CDK2,X3A EDO,Nc1nc(Nc2ccccc2)sc1C(=O)c1cccnc1 OCCO
4CFW,3NS9,P24941,CDK2,NS9,CC(C)c1cnn2c(NCc3ccccc3)cc(N[C@@H](CO)[C@H](O)CO)nc12
2A0C,2R3I,P24941,CDK2,SCF,Fc1ccccc1-c1cc(NCc2ccncc2)n2nccc2n1
3R1Q,5AND,P24941,CDK2,5JE,c1ccc2[nH]c(-n3ccnc3)nc2c1
3RM7,4NJ3,P24941,CDK2,2KD,COC(=O)[C@H](Cc1ccc(O)cc1)NC(=O)c1cc(C(=O)O)c2cc(-c3cccc(Cl)c3)ccc2n1
4FKW,3RPY,P24941,CDK2,27Z,NC(=O)c1sc(Nc2ccc(S(N)(=O)=O)cc2)nc1N
2IW8,4CFU,P24941,CDK2,2WC MG,Cc1c(C(=O)O)cccc1-c1nc2nc(N)nc(OCC3CCCCC3)c2[nH]1 [Mg+2]
2IW8,3IGG,P24941,CDK2,EFQ,COc1ccc(CC(=O)Nc2cn([C@H]3C[C@@H](O)C3)cn2)cc1
2I40,3QWK,P24941,CDK2,EDO X62,OCCO NC(=O)c1cc([N+](=O)[O-])c(Cl)cc1NCc1cnc(Cl)nc1
5ANI,3RKB,P24941,CDK2,EDO 12Z,OCCO Nc1nc(NC2CCCCC2)sc1C(=O)c1cccnc1
2C6M,3QTU,P24941,CDK2,X44,Nc1nc(Nc2ccc(S(N)(=O)=O)cc2)sc1C(=O)c1ccc(S(N)(=O)=O)cc1
3R9O,3TI1,P24941,CDK2,B49 EDO,CCN(CC)CCNC(=O)c1c(C)[nH]c(/C=C2/C(=O)Nc3ccc(F)cc32)c1C OCCO
3S0O,2R3K,P24941,CDK2,SCQ,Brc1cnn2c(NCc3cncnc3)cc(-c3ccccc3)cc12
3EID,4FX3,P24941,CDK2,DTT 60K,O[C@@H](CS)[C@@H](O)CS NS(=O)(=O)c1ccc(N/N=C2\C(=O)Nc3ccc(C(=O)O)cc32)cc1
5FP6,3QL8,P24941,CDK2,EDO X01,OCCO N#Cc1ccc(O)c(-c2ncnc(N)n2)c1
5FP6,2J9M,P24941,CDK2,PY8,O=S1(=O)NCCCNc2nc(ncc2Br)Nc2cccc1c2
5A5J,5X24,P11712,CYP2C9,HEM LSN PO4 K,CCCCc1nc(Cl)c(CO)n1Cc1ccc(-c2ccccc2-c2nn[nH]n2)cc1 O=P([O-])([O-])[O-] [K+]
5A5J,5W0C,P11712,CYP2C9,HEM 9W6 GOL,CCOC(=O)NC(=O)c1ccsc1NC(=O)c1nc2cnccc2s1 OCC(O)CO
5A5J,1R9O,P11712,CYP2C9,HEM FLP GOL,C[C@H](C(=O)O)c1ccc(-c2ccccc2)c(F)c1 OCC(O)CO
5W0C,5X24,P11712,CYP2C9,HEM LSN PO4 K,CCCCc1nc(Cl)c(CO)n1Cc1ccc(-c2ccccc2-c2nn[nH]n2)cc1 O=P([O-])([O-])[O-] [K+]
5W0C,5A5J,P11712,CYP2C9,HEM 6YF,COc1cc(NS(=O)(=O)C(F)(F)F)cc(OC)c1Oc1ccc(C#N)c(Cl)c1
5W0C,1R9O,P11712,CYP2C9,HEM FLP GOL,C[C@H](C(=O)O)c1ccc(-c2ccccc2)c(F)c1 OCC(O)CO
5X24,5A5J,P11712,CYP2C9,HEM 6YF,COc1cc(NS(=O)(=O)C(F)(F)F)cc(OC)c1Oc1ccc(C#N)c(Cl)c1
5X24,5W0C,P11712,CYP2C9,HEM 9W6 GOL,CCOC(=O)NC(=O)c1ccsc1NC(=O)c1nc2cnccc2s1 OCC(O)CO
5X24,1R9O,P11712,CYP2C9,HEM FLP GOL,C[C@H](C(=O)O)c1ccc(-c2ccccc2)c(F)c1 OCC(O)CO
1R9O,5X24,P11712,CYP2C9,HEM LSN PO4 K,CCCCc1nc(Cl)c(CO)n1Cc1ccc(-c2ccccc2-c2nn[nH]n2)cc1 O=P([O-])([O-])[O-] [K+]
1R9O,5A5J,P11712,CYP2C9,HEM 6YF,COc1cc(NS(=O)(=O)C(F)(F)F)cc(OC)c1Oc1ccc(C#N)c(Cl)c1
1R9O,5W0C,P11712,CYP2C9,HEM 9W6 GOL,CCOC(=O)NC(=O)c1ccsc1NC(=O)c1nc2cnccc2s1 OCC(O)CO
3KRL,3KRJ,P07333,CSF1R,ACT KRJ,CC(=O)[O-] N#Cc1c[nH]c(C(=O)Nc2ccc(C3CCNCC3)cc2C2=CCCCC2)n1
3KRL,4R7H,P07333,CSF1R,P31,FC(F)(F)c1ccc(CNc2ccc(Cc3c[nH]c4ncc(Cl)cc34)cn2)cn1
3KRL,2I1M,P07333,CSF1R,5CN,CC1CCN(c2ccc(CO)cc2NC(=O)c2ccc(C#N)o2)CC1
3KRL,4HW7,P07333,CSF1R,64M,COc1cnc2[nH]cc(Cc3ccc(NCc4ccc(C(F)(F)F)cc4)nc3)c2c1
3KRL,4R7I,P07333,CSF1R,STI,Cc1ccc(NC(=O)c2ccc(CN3CCN(C)CC3)cc2)cc1Nc1nccc(-c2cccnc2)n1
3KRL,2I0V,P07333,CSF1R,SO4 6C3,O=S(=O)([O-])[O-] Cc1cc(-c2c(-c3ccccc3)c3cc(Cl)ccc3[nH]c2=O)on1
4R7I,3DPK,P07333,CSF1R,SO4 8C5,O=S(=O)([O-])[O-] CONC(=O)c1cn(C2CCCCC2)c2nc(Nc3ccc(CCN4CCCC4)cc3)ncc2c1=O
4R7I,3BEA,P07333,CSF1R,SO4 IXH,O=S(=O)([O-])[O-] C[C@@H]1CN(c2ccc(Nc3ncc4c(=O)c(C(N)=O)cn(-c5ccc6c(c5)CCC6)c4n3)cc2)C[C@H](C)N1
4R7I,3KRJ,P07333,CSF1R,ACT KRJ,CC(=O)[O-] N#Cc1c[nH]c(C(=O)Nc2ccc(C3CCNCC3)cc2C2=CCCCC2)n1
4R7I,4R7H,P07333,CSF1R,P31,FC(F)(F)c1ccc(CNc2ccc(Cc3c[nH]c4ncc(Cl)cc34)cn2)cn1
4R7I,2I1M,P07333,CSF1R,5CN,CC1CCN(c2ccc(CO)cc2NC(=O)c2ccc(C#N)o2)CC1
4R7I,3LCD,P07333,CSF1R,BDY SO4,Nc1ncc(-c2ccc(C(=O)N3CCC[C@@H]3CN3CCCC3)cc2)nc1NCc1c(Cl)cccc1Cl O=S(=O)([O-])[O-]
4R7I,4HW7,P07333,CSF1R,64M,COc1cnc2[nH]cc(Cc3ccc(NCc4ccc(C(F)(F)F)cc4)nc3)c2c1
4R7I,3KRL,P07333,CSF1R,KRL SO4,CN1CCN(c2ccc(NC(=O)c3ccc(C#N)o3)c(N3CCCCC3)c2)CC1 O=S(=O)([O-])[O-]
4R7I,2I0V,P07333,CSF1R,SO4 6C3,O=S(=O)([O-])[O-] Cc1cc(-c2c(-c3ccccc3)c3cc(Cl)ccc3[nH]c2=O)on1
2I0Y,3KRJ,P07333,CSF1R,ACT KRJ,CC(=O)[O-] N#Cc1c[nH]c(C(=O)Nc2ccc(C3CCNCC3)cc2C2=CCCCC2)n1
2I0Y,4R7H,P07333,CSF1R,P31,FC(F)(F)c1ccc(CNc2ccc(Cc3c[nH]c4ncc(Cl)cc34)cn2)cn1
2I0Y,3LCO,P07333,CSF1R,LC0,COc1ccc(COc2cnc(COc3nc(-c4cnn(C)c4)cnc3N)cc2OC)cc1
2I0Y,3LCD,P07333,CSF1R,BDY SO4,Nc1ncc(-c2ccc(C(=O)N3CCC[C@@H]3CN3CCCC3)cc2)nc1NCc1c(Cl)cccc1Cl O=S(=O)([O-])[O-]
2I0Y,4HW7,P07333,CSF1R,64M,COc1cnc2[nH]cc(Cc3ccc(NCc4ccc(C(F)(F)F)cc4)nc3)c2c1
2I0Y,4R7I,P07333,CSF1R,STI,Cc1ccc(NC(=O)c2ccc(CN3CCN(C)CC3)cc2)cc1Nc1nccc(-c2cccnc2)n1
2I0Y,3KRL,P07333,CSF1R,KRL SO4,CN1CCN(c2ccc(NC(=O)c3ccc(C#N)o3)c(N3CCCCC3)c2)CC1 O=S(=O)([O-])[O-]
2I0Y,2I0V,P07333,CSF1R,SO4 6C3,O=S(=O)([O-])[O-] Cc1cc(-c2c(-c3ccccc3)c3cc(Cl)ccc3[nH]c2=O)on1
3BEA,3DPK,P07333,CSF1R,SO4 8C5,O=S(=O)([O-])[O-] CONC(=O)c1cn(C2CCCCC2)c2nc(Nc3ccc(CCN4CCCC4)cc3)ncc2c1=O
3BEA,3KRJ,P07333,CSF1R,ACT KRJ,CC(=O)[O-] N#Cc1c[nH]c(C(=O)Nc2ccc(C3CCNCC3)cc2C2=CCCCC2)n1
3BEA,4R7H,P07333,CSF1R,P31,FC(F)(F)c1ccc(CNc2ccc(Cc3c[nH]c4ncc(Cl)cc34)cn2)cn1
3BEA,2I1M,P07333,CSF1R,5CN,CC1CCN(c2ccc(CO)cc2NC(=O)c2ccc(C#N)o2)CC1
3BEA,3LCO,P07333,CSF1R,LC0,COc1ccc(COc2cnc(COc3nc(-c4cnn(C)c4)cnc3N)cc2OC)cc1
3BEA,3LCD,P07333,CSF1R,BDY SO4,Nc1ncc(-c2ccc(C(=O)N3CCC[C@@H]3CN3CCCC3)cc2)nc1NCc1c(Cl)cccc1Cl O=S(=O)([O-])[O-]
3BEA,4HW7,P07333,CSF1R,64M,COc1cnc2[nH]cc(Cc3ccc(NCc4ccc(C(F)(F)F)cc4)nc3)c2c1
3BEA,4R7I,P07333,CSF1R,STI,Cc1ccc(NC(=O)c2ccc(CN3CCN(C)CC3)cc2)cc1Nc1nccc(-c2cccnc2)n1
3BEA,3KRL,P07333,CSF1R,KRL SO4,CN1CCN(c2ccc(NC(=O)c3ccc(C#N)o3)c(N3CCCCC3)c2)CC1 O=S(=O)([O-])[O-]
3BEA,2I0V,P07333,CSF1R,SO4 6C3,O=S(=O)([O-])[O-] Cc1cc(-c2c(-c3ccccc3)c3cc(Cl)ccc3[nH]c2=O)on1
3LCO,3DPK,P07333,CSF1R,SO4 8C5,O=S(=O)([O-])[O-] CONC(=O)c1cn(C2CCCCC2)c2nc(Nc3ccc(CCN4CCCC4)cc3)ncc2c1=O
3LCO,3BEA,P07333,CSF1R,SO4 IXH,O=S(=O)([O-])[O-] C[C@@H]1CN(c2ccc(Nc3ncc4c(=O)c(C(N)=O)cn(-c5ccc6c(c5)CCC6)c4n3)cc2)C[C@H](C)N1
3LCO,3KRJ,P07333,CSF1R,ACT KRJ,CC(=O)[O-] N#Cc1c[nH]c(C(=O)Nc2ccc(C3CCNCC3)cc2C2=CCCCC2)n1
3LCO,4R7H,P07333,CSF1R,P31,FC(F)(F)c1ccc(CNc2ccc(Cc3c[nH]c4ncc(Cl)cc34)cn2)cn1
3LCO,2I1M,P07333,CSF1R,5CN,CC1CCN(c2ccc(CO)cc2NC(=O)c2ccc(C#N)o2)CC1
3LCO,3LCD,P07333,CSF1R,BDY SO4,Nc1ncc(-c2ccc(C(=O)N3CCC[C@@H]3CN3CCCC3)cc2)nc1NCc1c(Cl)cccc1Cl O=S(=O)([O-])[O-]
3LCO,4HW7,P07333,CSF1R,64M,COc1cnc2[nH]cc(Cc3ccc(NCc4ccc(C(F)(F)F)cc4)nc3)c2c1
3LCO,4R7I,P07333,CSF1R,STI,Cc1ccc(NC(=O)c2ccc(CN3CCN(C)CC3)cc2)cc1Nc1nccc(-c2cccnc2)n1
3LCO,3KRL,P07333,CSF1R,KRL SO4,CN1CCN(c2ccc(NC(=O)c3ccc(C#N)o3)c(N3CCCCC3)c2)CC1 O=S(=O)([O-])[O-]
3LCO,2I0V,P07333,CSF1R,SO4 6C3,O=S(=O)([O-])[O-] Cc1cc(-c2c(-c3ccccc3)c3cc(Cl)ccc3[nH]c2=O)on1
3LCD,3DPK,P07333,CSF1R,SO4 8C5,O=S(=O)([O-])[O-] CONC(=O)c1cn(C2CCCCC2)c2nc(Nc3ccc(CCN4CCCC4)cc3)ncc2c1=O
3LCD,3BEA,P07333,CSF1R,SO4 IXH,O=S(=O)([O-])[O-] C[C@@H]1CN(c2ccc(Nc3ncc4c(=O)c(C(N)=O)cn(-c5ccc6c(c5)CCC6)c4n3)cc2)C[C@H](C)N1
3LCD,3KRJ,P07333,CSF1R,ACT KRJ,CC(=O)[O-] N#Cc1c[nH]c(C(=O)Nc2ccc(C3CCNCC3)cc2C2=CCCCC2)n1
3LCD,4R7H,P07333,CSF1R,P31,FC(F)(F)c1ccc(CNc2ccc(Cc3c[nH]c4ncc(Cl)cc34)cn2)cn1
3LCD,3LCO,P07333,CSF1R,LC0,COc1ccc(COc2cnc(COc3nc(-c4cnn(C)c4)cnc3N)cc2OC)cc1
3LCD,4R7I,P07333,CSF1R,STI,Cc1ccc(NC(=O)c2ccc(CN3CCN(C)CC3)cc2)cc1Nc1nccc(-c2cccnc2)n1
3LCD,3KRL,P07333,CSF1R,KRL SO4,CN1CCN(c2ccc(NC(=O)c3ccc(C#N)o3)c(N3CCCCC3)c2)CC1 O=S(=O)([O-])[O-]
4R7H,3DPK,P07333,CSF1R,SO4 8C5,O=S(=O)([O-])[O-] CONC(=O)c1cn(C2CCCCC2)c2nc(Nc3ccc(CCN4CCCC4)cc3)ncc2c1=O
4R7H,3BEA,P07333,CSF1R,SO4 IXH,O=S(=O)([O-])[O-] C[C@@H]1CN(c2ccc(Nc3ncc4c(=O)c(C(N)=O)cn(-c5ccc6c(c5)CCC6)c4n3)cc2)C[C@H](C)N1
4R7H,3KRJ,P07333,CSF1R,ACT KRJ,CC(=O)[O-] N#Cc1c[nH]c(C(=O)Nc2ccc(C3CCNCC3)cc2C2=CCCCC2)n1
4R7H,2I1M,P07333,CSF1R,5CN,CC1CCN(c2ccc(CO)cc2NC(=O)c2ccc(C#N)o2)CC1
4R7H,3LCO,P07333,CSF1R,LC0,COc1ccc(COc2cnc(COc3nc(-c4cnn(C)c4)cnc3N)cc2OC)cc1
4R7H,3LCD,P07333,CSF1R,BDY SO4,Nc1ncc(-c2ccc(C(=O)N3CCC[C@@H]3CN3CCCC3)cc2)nc1NCc1c(Cl)cccc1Cl O=S(=O)([O-])[O-]
4R7H,4HW7,P07333,CSF1R,64M,COc1cnc2[nH]cc(Cc3ccc(NCc4ccc(C(F)(F)F)cc4)nc3)c2c1
4R7H,4R7I,P07333,CSF1R,STI,Cc1ccc(NC(=O)c2ccc(CN3CCN(C)CC3)cc2)cc1Nc1nccc(-c2cccnc2)n1
4R7H,3KRL,P07333,CSF1R,KRL SO4,CN1CCN(c2ccc(NC(=O)c3ccc(C#N)o3)c(N3CCCCC3)c2)CC1 O=S(=O)([O-])[O-]
4R7H,2I0V,P07333,CSF1R,SO4 6C3,O=S(=O)([O-])[O-] Cc1cc(-c2c(-c3ccccc3)c3cc(Cl)ccc3[nH]c2=O)on1
4HW7,3DPK,P07333,CSF1R,SO4 8C5,O=S(=O)([O-])[O-] CONC(=O)c1cn(C2CCCCC2)c2nc(Nc3ccc(CCN4CCCC4)cc3)ncc2c1=O
4HW7,3BEA,P07333,CSF1R,SO4 IXH,O=S(=O)([O-])[O-] C[C@@H]1CN(c2ccc(Nc3ncc4c(=O)c(C(N)=O)cn(-c5ccc6c(c5)CCC6)c4n3)cc2)C[C@H](C)N1
4HW7,4R7H,P07333,CSF1R,P31,FC(F)(F)c1ccc(CNc2ccc(Cc3c[nH]c4ncc(Cl)cc34)cn2)cn1
4HW7,2I1M,P07333,CSF1R,5CN,CC1CCN(c2ccc(CO)cc2NC(=O)c2ccc(C#N)o2)CC1
4HW7,3LCO,P07333,CSF1R,LC0,COc1ccc(COc2cnc(COc3nc(-c4cnn(C)c4)cnc3N)cc2OC)cc1
4HW7,4R7I,P07333,CSF1R,STI,Cc1ccc(NC(=O)c2ccc(CN3CCN(C)CC3)cc2)cc1Nc1nccc(-c2cccnc2)n1
4HW7,3KRL,P07333,CSF1R,KRL SO4,CN1CCN(c2ccc(NC(=O)c3ccc(C#N)o3)c(N3CCCCC3)c2)CC1 O=S(=O)([O-])[O-]
4HW7,2I0V,P07333,CSF1R,SO4 6C3,O=S(=O)([O-])[O-] Cc1cc(-c2c(-c3ccccc3)c3cc(Cl)ccc3[nH]c2=O)on1
2I0V,3DPK,P07333,CSF1R,SO4 8C5,O=S(=O)([O-])[O-] CONC(=O)c1cn(C2CCCCC2)c2nc(Nc3ccc(CCN4CCCC4)cc3)ncc2c1=O
2I0V,3BEA,P07333,CSF1R,SO4 IXH,O=S(=O)([O-])[O-] C[C@@H]1CN(c2ccc(Nc3ncc4c(=O)c(C(N)=O)cn(-c5ccc6c(c5)CCC6)c4n3)cc2)C[C@H](C)N1
2I0V,3KRJ,P07333,CSF1R,ACT KRJ,CC(=O)[O-] N#Cc1c[nH]c(C(=O)Nc2ccc(C3CCNCC3)cc2C2=CCCCC2)n1
2I0V,4R7H,P07333,CSF1R,P31,FC(F)(F)c1ccc(CNc2ccc(Cc3c[nH]c4ncc(Cl)cc34)cn2)cn1
2I0V,2I1M,P07333,CSF1R,5CN,CC1CCN(c2ccc(CO)cc2NC(=O)c2ccc(C#N)o2)CC1
2I0V,3LCO,P07333,CSF1R,LC0,COc1ccc(COc2cnc(COc3nc(-c4cnn(C)c4)cnc3N)cc2OC)cc1
2I0V,3LCD,P07333,CSF1R,BDY SO4,Nc1ncc(-c2ccc(C(=O)N3CCC[C@@H]3CN3CCCC3)cc2)nc1NCc1c(Cl)cccc1Cl O=S(=O)([O-])[O-]
2I0V,4R7I,P07333,CSF1R,STI,Cc1ccc(NC(=O)c2ccc(CN3CCN(C)CC3)cc2)cc1Nc1nccc(-c2cccnc2)n1
3KRJ,3DPK,P07333,CSF1R,SO4 8C5,O=S(=O)([O-])[O-] CONC(=O)c1cn(C2CCCCC2)c2nc(Nc3ccc(CCN4CCCC4)cc3)ncc2c1=O
3KRJ,3BEA,P07333,CSF1R,SO4 IXH,O=S(=O)([O-])[O-] C[C@@H]1CN(c2ccc(Nc3ncc4c(=O)c(C(N)=O)cn(-c5ccc6c(c5)CCC6)c4n3)cc2)C[C@H](C)N1
3KRJ,4R7H,P07333,CSF1R,P31,FC(F)(F)c1ccc(CNc2ccc(Cc3c[nH]c4ncc(Cl)cc34)cn2)cn1
3KRJ,2I1M,P07333,CSF1R,5CN,CC1CCN(c2ccc(CO)cc2NC(=O)c2ccc(C#N)o2)CC1
3KRJ,3LCO,P07333,CSF1R,LC0,COc1ccc(COc2cnc(COc3nc(-c4cnn(C)c4)cnc3N)cc2OC)cc1
3KRJ,4HW7,P07333,CSF1R,64M,COc1cnc2[nH]cc(Cc3ccc(NCc4ccc(C(F)(F)F)cc4)nc3)c2c1
3KRJ,4R7I,P07333,CSF1R,STI,Cc1ccc(NC(=O)c2ccc(CN3CCN(C)CC3)cc2)cc1Nc1nccc(-c2cccnc2)n1
3KRJ,3KRL,P07333,CSF1R,KRL SO4,CN1CCN(c2ccc(NC(=O)c3ccc(C#N)o3)c(N3CCCCC3)c2)CC1 O=S(=O)([O-])[O-]
3KRJ,2I0V,P07333,CSF1R,SO4 6C3,O=S(=O)([O-])[O-] Cc1cc(-c2c(-c3ccccc3)c3cc(Cl)ccc3[nH]c2=O)on1
2I1M,3BEA,P07333,CSF1R,SO4 IXH,O=S(=O)([O-])[O-] C[C@@H]1CN(c2ccc(Nc3ncc4c(=O)c(C(N)=O)cn(-c5ccc6c(c5)CCC6)c4n3)cc2)C[C@H](C)N1
2I1M,3KRJ,P07333,CSF1R,ACT KRJ,CC(=O)[O-] N#Cc1c[nH]c(C(=O)Nc2ccc(C3CCNCC3)cc2C2=CCCCC2)n1
2I1M,4R7H,P07333,CSF1R,P31,FC(F)(F)c1ccc(CNc2ccc(Cc3c[nH]c4ncc(Cl)cc34)cn2)cn1
2I1M,3LCO,P07333,CSF1R,LC0,COc1ccc(COc2cnc(COc3nc(-c4cnn(C)c4)cnc3N)cc2OC)cc1
2I1M,3LCD,P07333,CSF1R,BDY SO4,Nc1ncc(-c2ccc(C(=O)N3CCC[C@@H]3CN3CCCC3)cc2)nc1NCc1c(Cl)cccc1Cl O=S(=O)([O-])[O-]
2I1M,3KRL,P07333,CSF1R,KRL SO4,CN1CCN(c2ccc(NC(=O)c3ccc(C#N)o3)c(N3CCCCC3)c2)CC1 O=S(=O)([O-])[O-]
2I1M,2I0V,P07333,CSF1R,SO4 6C3,O=S(=O)([O-])[O-] Cc1cc(-c2c(-c3ccccc3)c3cc(Cl)ccc3[nH]c2=O)on1
3DPK,3BEA,P07333,CSF1R,SO4 IXH,O=S(=O)([O-])[O-] C[C@@H]1CN(c2ccc(Nc3ncc4c(=O)c(C(N)=O)cn(-c5ccc6c(c5)CCC6)c4n3)cc2)C[C@H](C)N1
3DPK,3KRJ,P07333,CSF1R,ACT KRJ,CC(=O)[O-] N#Cc1c[nH]c(C(=O)Nc2ccc(C3CCNCC3)cc2C2=CCCCC2)n1
3DPK,4R7H,P07333,CSF1R,P31,FC(F)(F)c1ccc(CNc2ccc(Cc3c[nH]c4ncc(Cl)cc34)cn2)cn1
3DPK,2I1M,P07333,CSF1R,5CN,CC1CCN(c2ccc(CO)cc2NC(=O)c2ccc(C#N)o2)CC1
3DPK,3LCD,P07333,CSF1R,BDY SO4,Nc1ncc(-c2ccc(C(=O)N3CCC[C@@H]3CN3CCCC3)cc2)nc1NCc1c(Cl)cccc1Cl O=S(=O)([O-])[O-]
3DPK,4HW7,P07333,CSF1R,64M,COc1cnc2[nH]cc(Cc3ccc(NCc4ccc(C(F)(F)F)cc4)nc3)c2c1
3DPK,3KRL,P07333,CSF1R,KRL SO4,CN1CCN(c2ccc(NC(=O)c3ccc(C#N)o3)c(N3CCCCC3)c2)CC1 O=S(=O)([O-])[O-]
3DPK,2I0V,P07333,CSF1R,SO4 6C3,O=S(=O)([O-])[O-] Cc1cc(-c2c(-c3ccccc3)c3cc(Cl)ccc3[nH]c2=O)on1
1LRU,1G27,P0A6K3,DEF,BB1 NI,CCCC[C@H](CN(O)C=O)C(=O)N[C@H](C(=O)N(C)C)C(C)(C)C [Ni+2]
1LRU,3K6L,P0A6K3,DEF,NI 2BB,[Ni+2] CC(C)C[C@@H](C(=O)N[C@H](C(=O)N(C)C)C(C)(C)C)[C@H](O)C(=O)NO
1LRU,1ICJ,P0A6K3,DEF,NI 2PE SO4,[Ni+2] OCCOCCOCCOCCOCCOCCOCCOCCOCCO O=S(=O)([O-])[O-]
1LRU,1BSK,P0A6K3,DEF,MLN PO4 ZN,CCCC[C@H](OP(=O)(O)O)C(=O)N[C@@H](CC(C)C)C(=O)Nc1ccc([N+](=O)[O-])cc1 O=P([O-])([O-])[O-] [Zn+2]
1LRU,2AI8,P0A6K3,DEF,NI SB7,[Ni+2] OCN(O)CCCc1ccccc1
1BS4,1G27,P0A6K3,DEF,BB1 NI,CCCC[C@H](CN(O)C=O)C(=O)N[C@H](C(=O)N(C)C)C(C)(C)C [Ni+2]
1BS4,3K6L,P0A6K3,DEF,NI 2BB,[Ni+2] CC(C)C[C@@H](C(=O)N[C@H](C(=O)N(C)C)C(C)(C)C)[C@H](O)C(=O)NO
1BS4,1BSK,P0A6K3,DEF,MLN PO4 ZN,CCCC[C@H](OP(=O)(O)O)C(=O)N[C@@H](CC(C)C)C(=O)Nc1ccc([N+](=O)[O-])cc1 O=P([O-])([O-])[O-] [Zn+2]
1BS4,1G2A,P0A6K3,DEF,NI BB2,[Ni+2] CCCCC[C@H](CC(=O)NO)C(=O)N[C@H](C(=O)N1CCC[C@H]1CO)C(C)C
1BS4,2AI8,P0A6K3,DEF,NI SB7,[Ni+2] OCN(O)CCCc1ccccc1
2AI8,1G27,P0A6K3,DEF,BB1 NI,CCCC[C@H](CN(O)C=O)C(=O)N[C@H](C(=O)N(C)C)C(C)(C)C [Ni+2]
2AI8,3K6L,P0A6K3,DEF,NI 2BB,[Ni+2] CC(C)C[C@@H](C(=O)N[C@H](C(=O)N(C)C)C(C)(C)C)[C@H](O)C(=O)NO
2AI8,1ICJ,P0A6K3,DEF,NI 2PE SO4,[Ni+2] OCCOCCOCCOCCOCCOCCOCCOCCOCCO O=S(=O)([O-])[O-]
2AI8,1BSK,P0A6K3,DEF,MLN PO4 ZN,CCCC[C@H](OP(=O)(O)O)C(=O)N[C@@H](CC(C)C)C(=O)Nc1ccc([N+](=O)[O-])cc1 O=P([O-])([O-])[O-] [Zn+2]
2AI8,1G2A,P0A6K3,DEF,NI BB2,[Ni+2] CCCCC[C@H](CC(=O)NO)C(=O)N[C@H](C(=O)N1CCC[C@H]1CO)C(C)C
1BSJ,1G27,P0A6K3,DEF,BB1 NI,CCCC[C@H](CN(O)C=O)C(=O)N[C@H](C(=O)N(C)C)C(C)(C)C [Ni+2]
1BSJ,3K6L,P0A6K3,DEF,NI 2BB,[Ni+2] CC(C)C[C@@H](C(=O)N[C@H](C(=O)N(C)C)C(C)(C)C)[C@H](O)C(=O)NO
1BSJ,1ICJ,P0A6K3,DEF,NI 2PE SO4,[Ni+2] OCCOCCOCCOCCOCCOCCOCCOCCOCCO O=S(=O)([O-])[O-]
1BSJ,1G2A,P0A6K3,DEF,NI BB2,[Ni+2] CCCCC[C@H](CC(=O)NO)C(=O)N[C@H](C(=O)N1CCC[C@H]1CO)C(C)C
1BSJ,2AI8,P0A6K3,DEF,NI SB7,[Ni+2] OCN(O)CCCc1ccccc1
1BSK,1G27,P0A6K3,DEF,BB1 NI,CCCC[C@H](CN(O)C=O)C(=O)N[C@H](C(=O)N(C)C)C(C)(C)C [Ni+2]
1BSK,3K6L,P0A6K3,DEF,NI 2BB,[Ni+2] CC(C)C[C@@H](C(=O)N[C@H](C(=O)N(C)C)C(C)(C)C)[C@H](O)C(=O)NO
1BSK,1ICJ,P0A6K3,DEF,NI 2PE SO4,[Ni+2] OCCOCCOCCOCCOCCOCCOCCOCCOCCO O=S(=O)([O-])[O-]
1BSK,1G2A,P0A6K3,DEF,NI BB2,[Ni+2] CCCCC[C@H](CC(=O)NO)C(=O)N[C@H](C(=O)N1CCC[C@H]1CO)C(C)C
1BSK,2AI8,P0A6K3,DEF,NI SB7,[Ni+2] OCN(O)CCCc1ccccc1
1BSZ,1G27,P0A6K3,DEF,BB1 NI,CCCC[C@H](CN(O)C=O)C(=O)N[C@H](C(=O)N(C)C)C(C)(C)C [Ni+2]
1BSZ,3K6L,P0A6K3,DEF,NI 2BB,[Ni+2] CC(C)C[C@@H](C(=O)N[C@H](C(=O)N(C)C)C(C)(C)C)[C@H](O)C(=O)NO
1BSZ,1BSK,P0A6K3,DEF,MLN PO4 ZN,CCCC[C@H](OP(=O)(O)O)C(=O)N[C@@H](CC(C)C)C(=O)Nc1ccc([N+](=O)[O-])cc1 O=P([O-])([O-])[O-] [Zn+2]
1BSZ,1G2A,P0A6K3,DEF,NI BB2,[Ni+2] CCCCC[C@H](CC(=O)NO)C(=O)N[C@H](C(=O)N1CCC[C@H]1CO)C(C)C
1BSZ,2AI8,P0A6K3,DEF,NI SB7,[Ni+2] OCN(O)CCCc1ccccc1
3K6L,1G27,P0A6K3,DEF,BB1 NI,CCCC[C@H](CN(O)C=O)C(=O)N[C@H](C(=O)N(C)C)C(C)(C)C [Ni+2]
3K6L,1ICJ,P0A6K3,DEF,NI 2PE SO4,[Ni+2] OCCOCCOCCOCCOCCOCCOCCOCCOCCO O=S(=O)([O-])[O-]
3K6L,1BSK,P0A6K3,DEF,MLN PO4 ZN,CCCC[C@H](OP(=O)(O)O)C(=O)N[C@@H](CC(C)C)C(=O)Nc1ccc([N+](=O)[O-])cc1 O=P([O-])([O-])[O-] [Zn+2]
3K6L,1G2A,P0A6K3,DEF,NI BB2,[Ni+2] CCCCC[C@H](CC(=O)NO)C(=O)N[C@H](C(=O)N1CCC[C@H]1CO)C(C)C
3K6L,2AI8,P0A6K3,DEF,NI SB7,[Ni+2] OCN(O)CCCc1ccccc1
1ICJ,1G27,P0A6K3,DEF,BB1 NI,CCCC[C@H](CN(O)C=O)C(=O)N[C@H](C(=O)N(C)C)C(C)(C)C [Ni+2]
1ICJ,3K6L,P0A6K3,DEF,NI 2BB,[Ni+2] CC(C)C[C@@H](C(=O)N[C@H](C(=O)N(C)C)C(C)(C)C)[C@H](O)C(=O)NO
1ICJ,1BSK,P0A6K3,DEF,MLN PO4 ZN,CCCC[C@H](OP(=O)(O)O)C(=O)N[C@@H](CC(C)C)C(=O)Nc1ccc([N+](=O)[O-])cc1 O=P([O-])([O-])[O-] [Zn+2]
1ICJ,1G2A,P0A6K3,DEF,NI BB2,[Ni+2] CCCCC[C@H](CC(=O)NO)C(=O)N[C@H](C(=O)N1CCC[C@H]1CO)C(C)C
1ICJ,2AI8,P0A6K3,DEF,NI SB7,[Ni+2] OCN(O)CCCc1ccccc1
1G2A,1G27,P0A6K3,DEF,BB1 NI,CCCC[C@H](CN(O)C=O)C(=O)N[C@H](C(=O)N(C)C)C(C)(C)C [Ni+2]
1G2A,3K6L,P0A6K3,DEF,NI 2BB,[Ni+2] CC(C)C[C@@H](C(=O)N[C@H](C(=O)N(C)C)C(C)(C)C)[C@H](O)C(=O)NO
1G2A,1ICJ,P0A6K3,DEF,NI 2PE SO4,[Ni+2] OCCOCCOCCOCCOCCOCCOCCOCCOCCO O=S(=O)([O-])[O-]
1G2A,1BSK,P0A6K3,DEF,MLN PO4 ZN,CCCC[C@H](OP(=O)(O)O)C(=O)N[C@@H](CC(C)C)C(=O)Nc1ccc([N+](=O)[O-])cc1 O=P([O-])([O-])[O-] [Zn+2]
1G2A,2AI8,P0A6K3,DEF,NI SB7,[Ni+2] OCN(O)CCCc1ccccc1
1G27,3K6L,P0A6K3,DEF,NI 2BB,[Ni+2] CC(C)C[C@@H](C(=O)N[C@H](C(=O)N(C)C)C(C)(C)C)[C@H](O)C(=O)NO
1G27,1ICJ,P0A6K3,DEF,NI 2PE SO4,[Ni+2] OCCOCCOCCOCCOCCOCCOCCOCCOCCO O=S(=O)([O-])[O-]
1G27,1BSK,P0A6K3,DEF,MLN PO4 ZN,CCCC[C@H](OP(=O)(O)O)C(=O)N[C@@H](CC(C)C)C(=O)Nc1ccc([N+](=O)[O-])cc1 O=P([O-])([O-])[O-] [Zn+2]
1G27,1G2A,P0A6K3,DEF,NI BB2,[Ni+2] CCCCC[C@H](CC(=O)NO)C(=O)N[C@H](C(=O)N1CCC[C@H]1CO)C(C)C
1G27,2AI8,P0A6K3,DEF,NI SB7,[Ni+2] OCN(O)CCCc1ccccc1
3G0D,3OPM,P27487,DPP4,LUI NAG,CC(C)Cn1c(CN)c(-c2ccccc2)c2cc(OCC(N)=O)ccc2c1=O CC(=O)N[C@@H]1[C@@H](O)[C@H](O)[C@@H](CO)O[C@H]1O
1TKR,4LKO,P27487,DPP4,1WH,COCCN1Cc2nc(C)c(CN)c(-c3ccc(Cl)cc3Cl)c2C1=O
1TKR,5I7U,P27487,DPP4,NAG 6AJ NA,CC(=O)N[C@@H]1[C@@H](O)[C@H](O)[C@@H](CO)O[C@H]1O CN1C(=O)Cn2c1nc1nc(N3CCC[C@@H](N)C3)n(Cc3cc(F)ccc3C#N)c1c2=O [Na+]
6B1O,4JH0,P27487,DPP4,1MD,Cc1nc2c(c(-c3ccc(Cl)cc3Cl)c1CN)C(=O)N(CC(=O)N(C)C)C2
6B1O,4A5S,P27487,DPP4,N7F NAG SO4,N#Cc1c(N2CCC[C@H](N)C2)n(Cc2ccccc2)c2c(=O)n(Cc3ccnc4ccccc34)cnc12 CC(=O)N[C@@H]1[C@@H](O)[C@H](O)[C@@H](CO)O[C@H]1O O=S(=O)([O-])[O-]
5KBY,4J3J,P27487,DPP4,D3C,N[C@@H](CCNC(=O)N1CCn2c(ccc2C(F)(F)F)C1)Cc1cc(F)c(F)cc1F
2ONC,3NOX,P27487,DPP4,NAG 6A5 GOL,CC(=O)N[C@@H]1[C@@H](O)[C@H](O)[C@@H](CO)O[C@H]1O Cc1nc2nc(C(=O)N3CCOCC3)cn2c(-c2ccc(Cl)cc2Cl)c1CN OCC(O)CO
2ONC,5KBY,P27487,DPP4,NAG 6RL,CC(=O)N[C@@H]1[C@@H](O)[C@H](O)[C@@H](CO)O[C@H]1O Cn1c(=O)cc(N2CCC[C@@H](N)C2)n(Cc2cc(F)ccc2C#N)c1=O
4LKO,3G0C,P27487,DPP4,RUF NAG,Cn1c(=O)c2c(nc(N3CCNCC3)n2Cc2ccccc2Cl)n(C)c1=O CC(=O)N[C@@H]1[C@@H](O)[C@H](O)[C@@H](CO)O[C@H]1O
3D4L,2OLE,P27487,DPP4,KR2,N[C@@H](CC(=O)N1CCCCCN1C(=O)c1ccccc1)Cc1cc(F)c(F)cc1F
3D4L,3CCC,P27487,DPP4,NAG 7AC,CC(=O)N[C@@H]1[C@@H](O)[C@H](O)[C@@H](CO)O[C@H]1O Cn1cnc2cc(C#N)c(-c3ccccc3Cl)c(CN)c21
6B1E,5T4E,P27487,DPP4,NAG 75L NA,CC(=O)N[C@@H]1[C@@H](O)[C@H](O)[C@@H](CO)O[C@H]1O CC#CCn1c(N2CCC[C@@H](N)C2)nc2c1c(=O)nc1n2CCCN1Cc1nc(C)c2ccccc2n1 [Na+]
3G0G,2AJL,P27487,DPP4,NAG JNH,CC(=O)N[C@@H]1[C@@H](O)[C@H](O)[C@@H](CO)O[C@H]1O NC[C@@H]1CCCN1C(=O)[C@@H](N)Cc1ccc(-c2ccccc2)cc1
3G0G,1RWQ,P27487,DPP4,NAG 5AP,CC(=O)N[C@@H]1[C@@H](O)[C@H](O)[C@@H](CO)O[C@H]1O COc1cc(OC)cc(-c2nc(N)c(CN)c(-c3ccc(Cl)cc3Cl)n2)c1
2I78,2G5T,P27487,DPP4,ACF,NC[C@@H]1CCCN1C(=O)[C@@H]1CC[C@H](COc2cc(C(=O)O)ccc2Cl)N1
2I78,2IIT,P27487,DPP4,NAG NA 872,CC(=O)N[C@@H]1[C@@H](O)[C@H](O)[C@@H](CO)O[C@H]1O [Na+] N[C@@H](CC(=O)N1CCCNC(=O)[C@H]1CC(F)(F)F)Cc1cc(F)c(F)cc1F
2I78,2RIP,P27487,DPP4,34Q NAG,N[C@H]1CN(C(=O)c2cnc3ccccc3n2)C[C@H]1C(=O)N1CCCC1 CC(=O)N[C@@H]1[C@@H](O)[C@H](O)[C@@H](CO)O[C@H]1O
3HAB,3C45,P27487,DPP4,NAG NA 317,CC(=O)N[C@@H]1[C@@H](O)[C@H](O)[C@@H](CO)O[C@H]1O [Na+] CS(=O)(=O)c1ccc(-c2noc([C@@H](CC3CC3)[C@H](N)C(F)=C3CCCC3)n2)c(Cl)c1
3HAB,3G0D,P27487,DPP4,XIH NAG,Cn1c(=O)c2c(nc(N3CCC[C@@H](N)C3)n2Cc2ccccc2C#N)n(C)c1=O CC(=O)N[C@@H]1[C@@H](O)[C@H](O)[C@@H](CO)O[C@H]1O
3HAB,3WQH,P27487,DPP4,SKK NAG,Cc1cc2ncc(C(=O)NCC(C)(C)NCC(=O)N3CCC[C@H]3C#N)cn2n1 CC(=O)N[C@@H]1[C@@H](O)[C@H](O)[C@@H](CO)O[C@H]1O
5T4F,2ONC,P27487,DPP4,NAG SY1,CC(=O)N[C@@H]1[C@@H](O)[C@H](O)[C@@H](CO)O[C@H]1O N#Cc1ccccc1Cn1c(N2CCC[C@@H](N)C2)nc2ccccc2c1=O
3OPM,3CCC,P27487,DPP4,NAG 7AC,CC(=O)N[C@@H]1[C@@H](O)[C@H](O)[C@@H](CO)O[C@H]1O Cn1cnc2cc(C#N)c(-c3ccccc3Cl)c(CN)c21
2P8S,3G0B,P27487,DPP4,NAG T22,CC(=O)N[C@@H]1[C@@H](O)[C@H](O)[C@@H](CO)O[C@H]1O Cn1c(=O)cc(N2CCC[C@@H](N)C2)n(Cc2ccccc2C#N)c1=O
2P8S,2ONC,P27487,DPP4,NAG SY1,CC(=O)N[C@@H]1[C@@H](O)[C@H](O)[C@@H](CO)O[C@H]1O N#Cc1ccccc1Cn1c(N2CCC[C@@H](N)C2)nc2ccccc2c1=O
2P8S,3CCC,P27487,DPP4,NAG 7AC,CC(=O)N[C@@H]1[C@@H](O)[C@H](O)[C@@H](CO)O[C@H]1O Cn1cnc2cc(C#N)c(-c3ccccc3Cl)c(CN)c21
2IIV,1X70,P27487,DPP4,NAG NA 715,CC(=O)N[C@@H]1[C@@H](O)[C@H](O)[C@@H](CO)O[C@H]1O [Na+] N[C@@H](CC(=O)N1CCn2c(nnc2C(F)(F)F)C1)Cc1cc(F)c(F)cc1F
3EIO,4DSZ,P27487,DPP4,DC3,Cc1cccc(-c2cn(CC[C@H](N)Cc3cc(F)c(F)cc3F)nn2)c1
3EIO,3VJM,P27487,DPP4,W61 NAG,O=C([C@@H]1C[C@H](N2CCN(c3cc(C(F)(F)F)nc4ccccc34)CC2)CN1)N1CCSC1 CC(=O)N[C@@H]1[C@@H](O)[C@H](O)[C@@H](CO)O[C@H]1O
3EIO,3OPM,P27487,DPP4,LUI NAG,CC(C)Cn1c(CN)c(-c2ccccc2)c2cc(OCC(N)=O)ccc2c1=O CC(=O)N[C@@H]1[C@@H](O)[C@H](O)[C@@H](CO)O[C@H]1O
3WQH,3VJM,P27487,DPP4,W61 NAG,O=C([C@@H]1C[C@H](N2CCN(c3cc(C(F)(F)F)nc4ccccc34)CC2)CN1)N1CCSC1 CC(=O)N[C@@H]1[C@@H](O)[C@H](O)[C@@H](CO)O[C@H]1O
3WQH,5T4E,P27487,DPP4,NAG 75L NA,CC(=O)N[C@@H]1[C@@H](O)[C@H](O)[C@@H](CO)O[C@H]1O CC#CCn1c(N2CCC[C@@H](N)C2)nc2c1c(=O)nc1n2CCCN1Cc1nc(C)c2ccccc2n1 [Na+]
5T4E,2RGU,P27487,DPP4,NAG 356,CC(=O)N[C@@H]1[C@@H](O)[C@H](O)[C@@H](CO)O[C@H]1O CC#CCn1c(N2CCC[C@@H](N)C2)nc2c1c(=O)n(Cc1nc(C)c3ccccc3n1)c(=O)n2C
5T4E,3G0B,P27487,DPP4,NAG T22,CC(=O)N[C@@H]1[C@@H](O)[C@H](O)[C@@H](CO)O[C@H]1O Cn1c(=O)cc(N2CCC[C@@H](N)C2)n(Cc2ccccc2C#N)c1=O
3G0C,3KWF,P27487,DPP4,NAG B1Q,CC(=O)N[C@@H]1[C@@H](O)[C@H](O)[C@@H](CO)O[C@H]1O COc1cc2c(cc1OC)[C@@H]1C[C@H](N)[C@@H](N3C[C@@H](CF)CC3=O)CN1CC2
3G0C,4DSZ,P27487,DPP4,DC3,Cc1cccc(-c2cn(CC[C@H](N)Cc3cc(F)c(F)cc3F)nn2)c1
3G0C,2I78,P27487,DPP4,KIQ,N[C@H]1CC(C(=O)N2CCn3c(nnc3C(F)(F)F)C2)=CC[C@@H]1c1cc(F)c(F)cc1F
3G0C,2IIV,P27487,DPP4,NAG 565,CC(=O)N[C@@H]1[C@@H](O)[C@H](O)[C@@H](CO)O[C@H]1O C[C@@H]1C(=O)NCCCN1C(=O)C[C@H](N)Cc1cc(F)c(F)cc1F
3G0C,3H0C,P27487,DPP4,NAG PS4,CC(=O)N[C@@H]1[C@@H](O)[C@H](O)[C@@H](CO)O[C@H]1O CS(=O)(=O)c1cccc(C(=O)NC[C@@H]2CCCN2C(=O)C[C@H](N)Cc2cccc(Cl)c2)c1
3QBJ,5T4H,P27487,DPP4,NAG 75J NA,CC(=O)N[C@@H]1[C@@H](O)[C@H](O)[C@@H](CO)O[C@H]1O CC#CCn1c(N2CCC[C@@H](N)C2)nc2c1c(=O)n(Cc1ccccc1C#N)c1nccn21 [Na+]
2RIP,5T4B,P27487,DPP4,NAG 75N NA,CC(=O)N[C@@H]1[C@@H](O)[C@H](O)[C@@H](CO)O[C@H]1O CC#CCn1c(N2CCC[C@@H](N)C2)nc2c1c(=O)n(Cc1nc(C)c3ccccc3n1)c1nccn21 [Na+]
3G0B,2QOE,P27487,DPP4,NAG NA 448,CC(=O)N[C@@H]1[C@@H](O)[C@H](O)[C@@H](CO)O[C@H]1O [Na+] C[C@@H]1c2nc(C(F)(F)F)nn2CCN1C(=O)C[C@H](N)Cc1cc(F)c(F)cc1F
3C43,3VJM,P27487,DPP4,W61 NAG,O=C([C@@H]1C[C@H](N2CCN(c3cc(C(F)(F)F)nc4ccccc34)CC2)CN1)N1CCSC1 CC(=O)N[C@@H]1[C@@H](O)[C@H](O)[C@@H](CO)O[C@H]1O
3C43,4J3J,P27487,DPP4,D3C,N[C@@H](CCNC(=O)N1CCn2c(ccc2C(F)(F)F)C1)Cc1cc(F)c(F)cc1F
3SX4,4DSZ,P27487,DPP4,DC3,Cc1cccc(-c2cn(CC[C@H](N)Cc3cc(F)c(F)cc3F)nn2)c1
4DSZ,3VJM,P27487,DPP4,W61 NAG,O=C([C@@H]1C[C@H](N2CCN(c3cc(C(F)(F)F)nc4ccccc34)CC2)CN1)N1CCSC1 CC(=O)N[C@@H]1[C@@H](O)[C@H](O)[C@@H](CO)O[C@H]1O
4DSZ,5ISM,P27487,DPP4,NAG NA 6DG,CC(=O)N[C@@H]1[C@@H](O)[C@H](O)[C@@H](CO)O[C@H]1O [Na+] N[C@H]1C[C@@H](N2Cc3nn4cccnc4c3C2)CO[C@@H]1c1cc(F)ccc1F
1X70,3WQH,P27487,DPP4,SKK NAG,Cc1cc2ncc(C(=O)NCC(C)(C)NCC(=O)N3CCC[C@H]3C#N)cn2n1 CC(=O)N[C@@H]1[C@@H](O)[C@H](O)[C@@H](CO)O[C@H]1O
3SWW,5KBY,P27487,DPP4,NAG 6RL,CC(=O)N[C@@H]1[C@@H](O)[C@H](O)[C@@H](CO)O[C@H]1O Cn1c(=O)cc(N2CCC[C@@H](N)C2)n(Cc2cc(F)ccc2C#N)c1=O
2QTB,4DTC,P27487,DPP4,D5C,N[C@@H](CCNC(=O)c1ccc(-c2cccc(C(F)(F)F)c2)cc1)Cc1cc(F)c(F)cc1F
2QTB,3SX4,P27487,DPP4,NAG KXA,CC(=O)N[C@@H]1[C@@H](O)[C@H](O)[C@@H](CO)O[C@H]1O COc1ccccc1N1Cc2c(nc(C)c(CN)c2-c2ccc(Cl)cc2Cl)C1=O
2QTB,3HAC,P27487,DPP4,NAG NA 361,CC(=O)N[C@@H]1[C@@H](O)[C@H](O)[C@@H](CO)O[C@H]1O [Na+] N[C@H]1Cn2c(nc3cnccc32)C[C@@H]1c1cc(F)c(F)cc1F
4J3J,2OLE,P27487,DPP4,KR2,N[C@@H](CC(=O)N1CCCCCN1C(=O)c1ccccc1)Cc1cc(F)c(F)cc1F
4J3J,3O95,P27487,DPP4,01T NAG,CCc1nc(CC(C)(C)C)c(CN)c(-c2ccc(C)cc2)c1CC(=O)O CC(=O)N[C@@H]1[C@@H](O)[C@H](O)[C@@H](CO)O[C@H]1O
4J3J,2G5P,P27487,DPP4,ADF,CC(C)(C)c1cc(C(=O)O)ccc1OC[C@H]1CC[C@@H](C(=O)N2CCC[C@H]2CN)N1
4J3J,1RWQ,P27487,DPP4,NAG 5AP,CC(=O)N[C@@H]1[C@@H](O)[C@H](O)[C@@H](CO)O[C@H]1O COc1cc(OC)cc(-c2nc(N)c(CN)c(-c3ccc(Cl)cc3Cl)n2)c1
3KWF,2G5P,P27487,DPP4,ADF,CC(C)(C)c1cc(C(=O)O)ccc1OC[C@H]1CC[C@@H](C(=O)N2CCC[C@H]2CN)N1
4N8E,4G1F,P27487,DPP4,0WG NAG,Cn1c(=O)c2c(-c3ccccc3Br)c(CN)c(N)nc2n(C)c1=O CC(=O)N[C@@H]1[C@@H](O)[C@H](O)[C@@H](CO)O[C@H]1O
4N8E,3KWF,P27487,DPP4,NAG B1Q,CC(=O)N[C@@H]1[C@@H](O)[C@H](O)[C@@H](CO)O[C@H]1O COc1cc2c(cc1OC)[C@@H]1C[C@H](N)[C@@H](N3C[C@@H](CF)CC3=O)CN1CC2
3H0C,2IIV,P27487,DPP4,NAG 565,CC(=O)N[C@@H]1[C@@H](O)[C@H](O)[C@@H](CO)O[C@H]1O C[C@@H]1C(=O)NCCCN1C(=O)C[C@H](N)Cc1cc(F)c(F)cc1F
3VJK,2HHA,P27487,DPP4,NAG NA 3TP,CC(=O)N[C@@H]1[C@@H](O)[C@H](O)[C@@H](CO)O[C@H]1O [Na+] C[C@H](c1nc(-c2ccc(S(C)(=O)=O)cc2)no1)[C@H](N)C(=O)N1CCCC1
3VJK,3BJM,P27487,DPP4,NAG BJM,CC(=O)N[C@@H]1[C@@H](O)[C@H](O)[C@@H](CO)O[C@H]1O N=C[C@@H]1C[C@@H]2C[C@@H]2N1C(=O)[C@@H](N)C12C[C@@H]3C[C@@H](CC(O)(C3)C1)C2
4PNZ,3G0C,P27487,DPP4,RUF NAG,Cn1c(=O)c2c(nc(N3CCNCC3)n2Cc2ccccc2Cl)n(C)c1=O CC(=O)N[C@@H]1[C@@H](O)[C@H](O)[C@@H](CO)O[C@H]1O
2QT9,5T4F,P27487,DPP4,NAG 75M NA,CC(=O)N[C@@H]1[C@@H](O)[C@H](O)[C@@H](CO)O[C@H]1O CC#CCn1c(N2CCC[C@@H](N)C2)nc2c1c(=O)n(Cc1ccc(C#N)cc1)c1nccn21 [Na+]
3O9V,5KBY,P27487,DPP4,NAG 6RL,CC(=O)N[C@@H]1[C@@H](O)[C@H](O)[C@@H](CO)O[C@H]1O Cn1c(=O)cc(N2CCC[C@@H](N)C2)n(Cc2cc(F)ccc2C#N)c1=O
3O9V,2QJR,P27487,DPP4,NAG PZF LGU,CC(=O)N[C@@H]1[C@@H](O)[C@H](O)[C@@H](CO)O[C@H]1O COc1ccc(-c2cc(N3C[C@H](c4cc(F)c(F)cc4F)[C@@H](N)C3)ncn2)cn1 O=C(O)[C@@H]1O[C@@H](O)[C@@H](O)[C@@H](O)[C@@H]1O
2OLE,3O95,P27487,DPP4,01T NAG,CCc1nc(CC(C)(C)C)c(CN)c(-c2ccc(C)cc2)c1CC(=O)O CC(=O)N[C@@H]1[C@@H](O)[C@H](O)[C@@H](CO)O[C@H]1O
2OLE,5T4H,P27487,DPP4,NAG 75J NA,CC(=O)N[C@@H]1[C@@H](O)[C@H](O)[C@@H](CO)O[C@H]1O CC#CCn1c(N2CCC[C@@H](N)C2)nc2c1c(=O)n(Cc1ccccc1C#N)c1nccn21 [Na+]
2QOE,6B1O,P27487,DPP4,NAG C8S,CC(=O)N[C@@H]1[C@@H](O)[C@H](O)[C@@H](CO)O[C@H]1O NC[C@@H]1C[C@@H]2C[C@@H]2N1C(=O)[C@@H](N)C12CC3C[C@@](O)(C1)C[C@](O)(C3)C2
2QOE,3Q0T,P27487,DPP4,NAG LGE,CC(=O)N[C@@H]1[C@@H](O)[C@H](O)[C@@H](CO)O[C@H]1O COC(=O)CN1Cc2c(nc(C)c(CN)c2-c2ccc(Cl)cc2Cl)C1=O
3O95,1TKR,P27487,DPP4,DFP NAG,CC(C)O[PH](=O)OC(C)C CC(=O)N[C@@H]1[C@@H](O)[C@H](O)[C@@H](CO)O[C@H]1O
3O95,2ONC,P27487,DPP4,NAG SY1,CC(=O)N[C@@H]1[C@@H](O)[C@H](O)[C@@H](CO)O[C@H]1O N#Cc1ccccc1Cn1c(N2CCC[C@@H](N)C2)nc2ccccc2c1=O
3O95,5I7U,P27487,DPP4,NAG 6AJ NA,CC(=O)N[C@@H]1[C@@H](O)[C@H](O)[C@@H](CO)O[C@H]1O CN1C(=O)Cn2c1nc1nc(N3CCC[C@@H](N)C3)n(Cc3cc(F)ccc3C#N)c1c2=O [Na+]
2G5P,2IIT,P27487,DPP4,NAG NA 872,CC(=O)N[C@@H]1[C@@H](O)[C@H](O)[C@@H](CO)O[C@H]1O [Na+] N[C@@H](CC(=O)N1CCCNC(=O)[C@H]1CC(F)(F)F)Cc1cc(F)c(F)cc1F
2G5P,3WQH,P27487,DPP4,SKK NAG,Cc1cc2ncc(C(=O)NCC(C)(C)NCC(=O)N3CCC[C@H]3C#N)cn2n1 CC(=O)N[C@@H]1[C@@H](O)[C@H](O)[C@@H](CO)O[C@H]1O
2IIT,3NOX,P27487,DPP4,NAG 6A5 GOL,CC(=O)N[C@@H]1[C@@H](O)[C@H](O)[C@@H](CO)O[C@H]1O Cc1nc2nc(C(=O)N3CCOCC3)cn2c(-c2ccc(Cl)cc2Cl)c1CN OCC(O)CO
2IIT,2RIP,P27487,DPP4,34Q NAG,N[C@H]1CN(C(=O)c2cnc3ccccc3n2)C[C@H]1C(=O)N1CCCC1 CC(=O)N[C@@H]1[C@@H](O)[C@H](O)[C@@H](CO)O[C@H]1O
3KWJ,1N1M,P27487,DPP4,NAG A3M HG,CC(=O)N[C@@H]1[C@@H](O)[C@H](O)[C@@H](CO)O[C@H]1O CC(C)[C@H](N)C(=O)N1CCCC1 [Hg+2]
3OC0,4G1F,P27487,DPP4,0WG NAG,Cn1c(=O)c2c(-c3ccccc3Br)c(CN)c(N)nc2n(C)c1=O CC(=O)N[C@@H]1[C@@H](O)[C@H](O)[C@@H](CO)O[C@H]1O
3OC0,5T4E,P27487,DPP4,NAG 75L NA,CC(=O)N[C@@H]1[C@@H](O)[C@H](O)[C@@H](CO)O[C@H]1O CC#CCn1c(N2CCC[C@@H](N)C2)nc2c1c(=O)nc1n2CCCN1Cc1nc(C)c2ccccc2n1 [Na+]
3Q0T,5T4H,P27487,DPP4,NAG 75J NA,CC(=O)N[C@@H]1[C@@H](O)[C@H](O)[C@@H](CO)O[C@H]1O CC#CCn1c(N2CCC[C@@H](N)C2)nc2c1c(=O)n(Cc1ccccc1C#N)c1nccn21 [Na+]
3Q0T,3KWJ,P27487,DPP4,NAG 23Q,CC(=O)N[C@@H]1[C@@H](O)[C@H](O)[C@@H](CO)O[C@H]1O COc1cc2c(cc1OC)[C@@H]1C[C@H](N)[C@@H](c3cccc(CF)c3)CN1CC2
3Q0T,5T4E,P27487,DPP4,NAG 75L NA,CC(=O)N[C@@H]1[C@@H](O)[C@H](O)[C@@H](CO)O[C@H]1O CC#CCn1c(N2CCC[C@@H](N)C2)nc2c1c(=O)nc1n2CCCN1Cc1nc(C)c2ccccc2n1 [Na+]
3W2T,2QJR,P27487,DPP4,NAG PZF LGU,CC(=O)N[C@@H]1[C@@H](O)[C@H](O)[C@@H](CO)O[C@H]1O COc1ccc(-c2cc(N3C[C@H](c4cc(F)c(F)cc4F)[C@@H](N)C3)ncn2)cn1 O=C(O)[C@@H]1O[C@@H](O)[C@@H](O)[C@@H](O)[C@@H]1O
4JH0,3H0C,P27487,DPP4,NAG PS4,CC(=O)N[C@@H]1[C@@H](O)[C@H](O)[C@@H](CO)O[C@H]1O CS(=O)(=O)c1cccc(C(=O)NC[C@@H]2CCCN2C(=O)C[C@H](N)Cc2cccc(Cl)c2)c1
2FJP,1TKR,P27487,DPP4,DFP NAG,CC(C)O[PH](=O)OC(C)C CC(=O)N[C@@H]1[C@@H](O)[C@H](O)[C@@H](CO)O[C@H]1O
4G1F,3G0C,P27487,DPP4,RUF NAG,Cn1c(=O)c2c(nc(N3CCNCC3)n2Cc2ccccc2Cl)n(C)c1=O CC(=O)N[C@@H]1[C@@H](O)[C@H](O)[C@@H](CO)O[C@H]1O
3NOX,2P8S,P27487,DPP4,NAG NA 417,CC(=O)N[C@@H]1[C@@H](O)[C@H](O)[C@@H](CO)O[C@H]1O [Na+] N[C@H]1C[C@@H](N2CCn3c(nnc3C(F)(F)F)C2)CC[C@@H]1c1cc(F)c(F)cc1F
4A5S,2JID,P27487,DPP4,NAG GVB,CC(=O)N[C@@H]1[C@@H](O)[C@H](O)[C@@H](CO)O[C@H]1O COc1ccc(N2CC[C@H](N)[C@H](c3cccc(C)c3)C2)cc1OC
4A5S,3D4L,P27487,DPP4,NAG NA 605,CC(=O)N[C@@H]1[C@@H](O)[C@H](O)[C@@H](CO)O[C@H]1O [Na+] NC(=O)c1cccc(-c2ccc([C@H](N)Cc3cc(F)ccc3F)cc2)c1
3VJL,2ONC,P27487,DPP4,NAG SY1,CC(=O)N[C@@H]1[C@@H](O)[C@H](O)[C@@H](CO)O[C@H]1O N#Cc1ccccc1Cn1c(N2CCC[C@@H](N)C2)nc2ccccc2c1=O
2OQV,2BUB,P27487,DPP4,FPB NAG,N[C@@H](CC(=O)N1CCC[C@H]1CNC(=O)c1ccccc1)Cc1ccccc1F CC(=O)N[C@@H]1[C@@H](O)[C@H](O)[C@@H](CO)O[C@H]1O
3HAC,5T4F,P27487,DPP4,NAG 75M NA,CC(=O)N[C@@H]1[C@@H](O)[C@H](O)[C@@H](CO)O[C@H]1O CC#CCn1c(N2CCC[C@@H](N)C2)nc2c1c(=O)n(Cc1ccc(C#N)cc1)c1nccn21 [Na+]
1RWQ,5T4F,P27487,DPP4,NAG 75M NA,CC(=O)N[C@@H]1[C@@H](O)[C@H](O)[C@@H](CO)O[C@H]1O CC#CCn1c(N2CCC[C@@H](N)C2)nc2c1c(=O)n(Cc1ccc(C#N)cc1)c1nccn21 [Na+]
5T4H,3G0C,P27487,DPP4,RUF NAG,Cn1c(=O)c2c(nc(N3CCNCC3)n2Cc2ccccc2Cl)n(C)c1=O CC(=O)N[C@@H]1[C@@H](O)[C@H](O)[C@@H](CO)O[C@H]1O
5T4H,2QOE,P27487,DPP4,NAG NA 448,CC(=O)N[C@@H]1[C@@H](O)[C@H](O)[C@@H](CO)O[C@H]1O [Na+] C[C@@H]1c2nc(C(F)(F)F)nn2CCN1C(=O)C[C@H](N)Cc1cc(F)c(F)cc1F
5J3J,4LKO,P27487,DPP4,1WH,COCCN1Cc2nc(C)c(CN)c(-c3ccc(Cl)cc3Cl)c2C1=O
3CCB,2P8S,P27487,DPP4,NAG NA 417,CC(=O)N[C@@H]1[C@@H](O)[C@H](O)[C@@H](CO)O[C@H]1O [Na+] N[C@H]1C[C@@H](N2CCn3c(nnc3C(F)(F)F)C2)CC[C@@H]1c1cc(F)c(F)cc1F
3CCB,2AJL,P27487,DPP4,NAG JNH,CC(=O)N[C@@H]1[C@@H](O)[C@H](O)[C@@H](CO)O[C@H]1O NC[C@@H]1CCCN1C(=O)[C@@H](N)Cc1ccc(-c2ccccc2)cc1
5ISM,3Q8W,P27487,DPP4,AZV,CC(C)[C@@H](Nc1ccc(CNC(=O)[C@H]2SCCN2C(=O)C[C@H](N)Cc2cc(F)c(F)cc2F)cc1)C(=O)O
2OGZ,1X70,P27487,DPP4,NAG NA 715,CC(=O)N[C@@H]1[C@@H](O)[C@H](O)[C@@H](CO)O[C@H]1O [Na+] N[C@@H](CC(=O)N1CCn2c(nnc2C(F)(F)F)C1)Cc1cc(F)c(F)cc1F
1MVT,2DHF,P00374,DHFR,DZF,Nc1nc(=O)c2cc(CNc3ccc(C(=O)N[C@@H](CCC(=O)O)C(=O)O)cc3)cnc2[nH]1
1MVT,1DRF,P00374,DHFR,SO4 FOL,O=S(=O)([O-])[O-] Nc1nc(=O)c2nc(CNc3ccc(C(=O)N[C@@H](CCC(=O)O)C(=O)O)cc3)cnc2[nH]1
1MVT,1S3V,P00374,DHFR,SO4 TQD,O=S(=O)([O-])[O-] COc1cc(N(C)C[C@H]2CCC3=C(C2)C(N)=N[C@H](N)N3)cc(OC)c1OC
1MVT,4G95,P00374,DHFR,OAG SO4,Nc1nc(N)c2cc(CNc3cc(Cl)ccc3Cl)cnc2n1 O=S(=O)([O-])[O-]
1MVT,1U71,P00374,DHFR,MXA SO4,COc1ccc(OC)c(Cc2cnc3nc(N)nc(N)c3c2C)c1 O=S(=O)([O-])[O-]
1MVT,3EIG,P00374,DHFR,CD SO4 MTX,[Cd+2] O=S(=O)([O-])[O-] CN(Cc1cnc2nc(N)nc(N)c2n1)c1ccc(C(=O)N[C@@H](CCC(=O)O)C(=O)O)cc1
1MVT,3NXO,P00374,DHFR,D2B SO4 NDP,COc1ccccc1/C(=C\c1coc2nc(N)nc(N)c12)C(C)C O=S(=O)([O-])[O-] NC(=O)C1=CN([C@@H]2O[C@H](CO[P@](=O)(O)O[P@@](=O)(O)OC[C@H]3O[C@@H](n4cnc5c(N)ncnc54)[C@H](OP(=O)(O)O)[C@@H]3O)[C@@H](O)[C@H]2O)C=CC1
1MVT,1PD9,P00374,DHFR,SO4 CO4,O=S(=O)([O-])[O-] COc1cc(N(C)Cc2cnc3nc(N)nc(N)c3c2C)cc(OC)c1OC
1DHF,2DHF,P00374,DHFR,DZF,Nc1nc(=O)c2cc(CNc3ccc(C(=O)N[C@@H](CCC(=O)O)C(=O)O)cc3)cnc2[nH]1
1DHF,1S3V,P00374,DHFR,SO4 TQD,O=S(=O)([O-])[O-] COc1cc(N(C)C[C@H]2CCC3=C(C2)C(N)=N[C@H](N)N3)cc(OC)c1OC
1DHF,4G95,P00374,DHFR,OAG SO4,Nc1nc(N)c2cc(CNc3cc(Cl)ccc3Cl)cnc2n1 O=S(=O)([O-])[O-]
1DHF,1MVT,P00374,DHFR,SO4 DTM,O=S(=O)([O-])[O-] COc1cc(CN(C)c2cnc3nc(N)nc(N)c3c2)cc(OC)c1OC
1DHF,3EIG,P00374,DHFR,CD SO4 MTX,[Cd+2] O=S(=O)([O-])[O-] CN(Cc1cnc2nc(N)nc(N)c2n1)c1ccc(C(=O)N[C@@H](CCC(=O)O)C(=O)O)cc1
1DHF,1PD9,P00374,DHFR,SO4 CO4,O=S(=O)([O-])[O-] COc1cc(N(C)Cc2cnc3nc(N)nc(N)c3c2C)cc(OC)c1OC
1DHF,3S7A,P00374,DHFR,SO4 684,O=S(=O)([O-])[O-] Nc1nc(N)c2nc(CN3c4ccccc4C=Cc4cc(OCCCC(=O)O)ccc43)cnc2n1
1MVS,2DHF,P00374,DHFR,DZF,Nc1nc(=O)c2cc(CNc3ccc(C(=O)N[C@@H](CCC(=O)O)C(=O)O)cc3)cnc2[nH]1
1MVS,3NXO,P00374,DHFR,D2B SO4 NDP,COc1ccccc1/C(=C\c1coc2nc(N)nc(N)c12)C(C)C O=S(=O)([O-])[O-] NC(=O)C1=CN([C@@H]2O[C@H](CO[P@](=O)(O)O[P@@](=O)(O)OC[C@H]3O[C@@H](n4cnc5c(N)ncnc54)[C@H](OP(=O)(O)O)[C@@H]3O)[C@@H](O)[C@H]2O)C=CC1
1MVS,1PD9,P00374,DHFR,SO4 CO4,O=S(=O)([O-])[O-] COc1cc(N(C)Cc2cnc3nc(N)nc(N)c3c2C)cc(OC)c1OC
4G95,2DHF,P00374,DHFR,DZF,Nc1nc(=O)c2cc(CNc3ccc(C(=O)N[C@@H](CCC(=O)O)C(=O)O)cc3)cnc2[nH]1
4G95,1MVT,P00374,DHFR,SO4 DTM,O=S(=O)([O-])[O-] COc1cc(CN(C)c2cnc3nc(N)nc(N)c3c2)cc(OC)c1OC
4G95,1U71,P00374,DHFR,MXA SO4,COc1ccc(OC)c(Cc2cnc3nc(N)nc(N)c3c2C)c1 O=S(=O)([O-])[O-]
4G95,3EIG,P00374,DHFR,CD SO4 MTX,[Cd+2] O=S(=O)([O-])[O-] CN(Cc1cnc2nc(N)nc(N)c2n1)c1ccc(C(=O)N[C@@H](CCC(=O)O)C(=O)O)cc1
4G95,3NXO,P00374,DHFR,D2B SO4 NDP,COc1ccccc1/C(=C\c1coc2nc(N)nc(N)c12)C(C)C O=S(=O)([O-])[O-] NC(=O)C1=CN([C@@H]2O[C@H](CO[P@](=O)(O)O[P@@](=O)(O)OC[C@H]3O[C@@H](n4cnc5c(N)ncnc54)[C@H](OP(=O)(O)O)[C@@H]3O)[C@@H](O)[C@H]2O)C=CC1
4G95,1PD9,P00374,DHFR,SO4 CO4,O=S(=O)([O-])[O-] COc1cc(N(C)Cc2cnc3nc(N)nc(N)c3c2C)cc(OC)c1OC
1S3U,2DHF,P00374,DHFR,DZF,Nc1nc(=O)c2cc(CNc3ccc(C(=O)N[C@@H](CCC(=O)O)C(=O)O)cc3)cnc2[nH]1
1S3U,4G95,P00374,DHFR,OAG SO4,Nc1nc(N)c2cc(CNc3cc(Cl)ccc3Cl)cnc2n1 O=S(=O)([O-])[O-]
1S3U,1MVT,P00374,DHFR,SO4 DTM,O=S(=O)([O-])[O-] COc1cc(CN(C)c2cnc3nc(N)nc(N)c3c2)cc(OC)c1OC
1S3U,3EIG,P00374,DHFR,CD SO4 MTX,[Cd+2] O=S(=O)([O-])[O-] CN(Cc1cnc2nc(N)nc(N)c2n1)c1ccc(C(=O)N[C@@H](CCC(=O)O)C(=O)O)cc1
1S3U,3NXO,P00374,DHFR,D2B SO4 NDP,COc1ccccc1/C(=C\c1coc2nc(N)nc(N)c12)C(C)C O=S(=O)([O-])[O-] NC(=O)C1=CN([C@@H]2O[C@H](CO[P@](=O)(O)O[P@@](=O)(O)OC[C@H]3O[C@@H](n4cnc5c(N)ncnc54)[C@H](OP(=O)(O)O)[C@@H]3O)[C@@H](O)[C@H]2O)C=CC1
1S3V,2DHF,P00374,DHFR,DZF,Nc1nc(=O)c2cc(CNc3ccc(C(=O)N[C@@H](CCC(=O)O)C(=O)O)cc3)cnc2[nH]1
1S3V,1DRF,P00374,DHFR,SO4 FOL,O=S(=O)([O-])[O-] Nc1nc(=O)c2nc(CNc3ccc(C(=O)N[C@@H](CCC(=O)O)C(=O)O)cc3)cnc2[nH]1
1S3V,4G95,P00374,DHFR,OAG SO4,Nc1nc(N)c2cc(CNc3cc(Cl)ccc3Cl)cnc2n1 O=S(=O)([O-])[O-]
1S3V,1MVT,P00374,DHFR,SO4 DTM,O=S(=O)([O-])[O-] COc1cc(CN(C)c2cnc3nc(N)nc(N)c3c2)cc(OC)c1OC
1S3V,3EIG,P00374,DHFR,CD SO4 MTX,[Cd+2] O=S(=O)([O-])[O-] CN(Cc1cnc2nc(N)nc(N)c2n1)c1ccc(C(=O)N[C@@H](CCC(=O)O)C(=O)O)cc1
1S3V,3NXO,P00374,DHFR,D2B SO4 NDP,COc1ccccc1/C(=C\c1coc2nc(N)nc(N)c12)C(C)C O=S(=O)([O-])[O-] NC(=O)C1=CN([C@@H]2O[C@H](CO[P@](=O)(O)O[P@@](=O)(O)OC[C@H]3O[C@@H](n4cnc5c(N)ncnc54)[C@H](OP(=O)(O)O)[C@@H]3O)[C@@H](O)[C@H]2O)C=CC1
3OAF,1MVT,P00374,DHFR,SO4 DTM,O=S(=O)([O-])[O-] COc1cc(CN(C)c2cnc3nc(N)nc(N)c3c2)cc(OC)c1OC
3OAF,1U71,P00374,DHFR,MXA SO4,COc1ccc(OC)c(Cc2cnc3nc(N)nc(N)c3c2C)c1 O=S(=O)([O-])[O-]
3OAF,3EIG,P00374,DHFR,CD SO4 MTX,[Cd+2] O=S(=O)([O-])[O-] CN(Cc1cnc2nc(N)nc(N)c2n1)c1ccc(C(=O)N[C@@H](CCC(=O)O)C(=O)O)cc1
3OAF,1PD9,P00374,DHFR,SO4 CO4,O=S(=O)([O-])[O-] COc1cc(N(C)Cc2cnc3nc(N)nc(N)c3c2C)cc(OC)c1OC
3OAF,3S7A,P00374,DHFR,SO4 684,O=S(=O)([O-])[O-] Nc1nc(N)c2nc(CN3c4ccccc4C=Cc4cc(OCCCC(=O)O)ccc43)cnc2n1
3S7A,1DRF,P00374,DHFR,SO4 FOL,O=S(=O)([O-])[O-] Nc1nc(=O)c2nc(CNc3ccc(C(=O)N[C@@H](CCC(=O)O)C(=O)O)cc3)cnc2[nH]1
3S7A,1S3V,P00374,DHFR,SO4 TQD,O=S(=O)([O-])[O-] COc1cc(N(C)C[C@H]2CCC3=C(C2)C(N)=N[C@H](N)N3)cc(OC)c1OC
3S7A,4G95,P00374,DHFR,OAG SO4,Nc1nc(N)c2cc(CNc3cc(Cl)ccc3Cl)cnc2n1 O=S(=O)([O-])[O-]
3S7A,3EIG,P00374,DHFR,CD SO4 MTX,[Cd+2] O=S(=O)([O-])[O-] CN(Cc1cnc2nc(N)nc(N)c2n1)c1ccc(C(=O)N[C@@H](CCC(=O)O)C(=O)O)cc1
3S7A,3NXO,P00374,DHFR,D2B SO4 NDP,COc1ccccc1/C(=C\c1coc2nc(N)nc(N)c12)C(C)C O=S(=O)([O-])[O-] NC(=O)C1=CN([C@@H]2O[C@H](CO[P@](=O)(O)O[P@@](=O)(O)OC[C@H]3O[C@@H](n4cnc5c(N)ncnc54)[C@H](OP(=O)(O)O)[C@@H]3O)[C@@H](O)[C@H]2O)C=CC1
3S7A,1PD9,P00374,DHFR,SO4 CO4,O=S(=O)([O-])[O-] COc1cc(N(C)Cc2cnc3nc(N)nc(N)c3c2C)cc(OC)c1OC
3EIG,2DHF,P00374,DHFR,DZF,Nc1nc(=O)c2cc(CNc3ccc(C(=O)N[C@@H](CCC(=O)O)C(=O)O)cc3)cnc2[nH]1
3EIG,1DRF,P00374,DHFR,SO4 FOL,O=S(=O)([O-])[O-] Nc1nc(=O)c2nc(CNc3ccc(C(=O)N[C@@H](CCC(=O)O)C(=O)O)cc3)cnc2[nH]1
3EIG,1S3V,P00374,DHFR,SO4 TQD,O=S(=O)([O-])[O-] COc1cc(N(C)C[C@H]2CCC3=C(C2)C(N)=N[C@H](N)N3)cc(OC)c1OC
3EIG,1MVT,P00374,DHFR,SO4 DTM,O=S(=O)([O-])[O-] COc1cc(CN(C)c2cnc3nc(N)nc(N)c3c2)cc(OC)c1OC
3EIG,3NXO,P00374,DHFR,D2B SO4 NDP,COc1ccccc1/C(=C\c1coc2nc(N)nc(N)c12)C(C)C O=S(=O)([O-])[O-] NC(=O)C1=CN([C@@H]2O[C@H](CO[P@](=O)(O)O[P@@](=O)(O)OC[C@H]3O[C@@H](n4cnc5c(N)ncnc54)[C@H](OP(=O)(O)O)[C@@H]3O)[C@@H](O)[C@H]2O)C=CC1
3EIG,3S7A,P00374,DHFR,SO4 684,O=S(=O)([O-])[O-] Nc1nc(N)c2nc(CN3c4ccccc4C=Cc4cc(OCCCC(=O)O)ccc43)cnc2n1
1PD9,1DRF,P00374,DHFR,SO4 FOL,O=S(=O)([O-])[O-] Nc1nc(=O)c2nc(CNc3ccc(C(=O)N[C@@H](CCC(=O)O)C(=O)O)cc3)cnc2[nH]1
1PD9,4G95,P00374,DHFR,OAG SO4,Nc1nc(N)c2cc(CNc3cc(Cl)ccc3Cl)cnc2n1 O=S(=O)([O-])[O-]
1PD9,1MVT,P00374,DHFR,SO4 DTM,O=S(=O)([O-])[O-] COc1cc(CN(C)c2cnc3nc(N)nc(N)c3c2)cc(OC)c1OC
1PD9,3EIG,P00374,DHFR,CD SO4 MTX,[Cd+2] O=S(=O)([O-])[O-] CN(Cc1cnc2nc(N)nc(N)c2n1)c1ccc(C(=O)N[C@@H](CCC(=O)O)C(=O)O)cc1
1PD9,3NXO,P00374,DHFR,D2B SO4 NDP,COc1ccccc1/C(=C\c1coc2nc(N)nc(N)c12)C(C)C O=S(=O)([O-])[O-] NC(=O)C1=CN([C@@H]2O[C@H](CO[P@](=O)(O)O[P@@](=O)(O)OC[C@H]3O[C@@H](n4cnc5c(N)ncnc54)[C@H](OP(=O)(O)O)[C@@H]3O)[C@@H](O)[C@H]2O)C=CC1
1PD9,3S7A,P00374,DHFR,SO4 684,O=S(=O)([O-])[O-] Nc1nc(N)c2nc(CN3c4ccccc4C=Cc4cc(OCCCC(=O)O)ccc43)cnc2n1
2DHF,1DRF,P00374,DHFR,SO4 FOL,O=S(=O)([O-])[O-] Nc1nc(=O)c2nc(CNc3ccc(C(=O)N[C@@H](CCC(=O)O)C(=O)O)cc3)cnc2[nH]1
2DHF,1S3V,P00374,DHFR,SO4 TQD,O=S(=O)([O-])[O-] COc1cc(N(C)C[C@H]2CCC3=C(C2)C(N)=N[C@H](N)N3)cc(OC)c1OC
2DHF,4G95,P00374,DHFR,OAG SO4,Nc1nc(N)c2cc(CNc3cc(Cl)ccc3Cl)cnc2n1 O=S(=O)([O-])[O-]
2DHF,1MVT,P00374,DHFR,SO4 DTM,O=S(=O)([O-])[O-] COc1cc(CN(C)c2cnc3nc(N)nc(N)c3c2)cc(OC)c1OC
2DHF,1U71,P00374,DHFR,MXA SO4,COc1ccc(OC)c(Cc2cnc3nc(N)nc(N)c3c2C)c1 O=S(=O)([O-])[O-]
2DHF,1PD9,P00374,DHFR,SO4 CO4,O=S(=O)([O-])[O-] COc1cc(N(C)Cc2cnc3nc(N)nc(N)c3c2C)cc(OC)c1OC
2DHF,3S7A,P00374,DHFR,SO4 684,O=S(=O)([O-])[O-] Nc1nc(N)c2nc(CN3c4ccccc4C=Cc4cc(OCCCC(=O)O)ccc43)cnc2n1
1U71,2DHF,P00374,DHFR,DZF,Nc1nc(=O)c2cc(CNc3ccc(C(=O)N[C@@H](CCC(=O)O)C(=O)O)cc3)cnc2[nH]1
1U71,1DRF,P00374,DHFR,SO4 FOL,O=S(=O)([O-])[O-] Nc1nc(=O)c2nc(CNc3ccc(C(=O)N[C@@H](CCC(=O)O)C(=O)O)cc3)cnc2[nH]1
1U71,4G95,P00374,DHFR,OAG SO4,Nc1nc(N)c2cc(CNc3cc(Cl)ccc3Cl)cnc2n1 O=S(=O)([O-])[O-]
1U71,1MVT,P00374,DHFR,SO4 DTM,O=S(=O)([O-])[O-] COc1cc(CN(C)c2cnc3nc(N)nc(N)c3c2)cc(OC)c1OC
1U71,3EIG,P00374,DHFR,CD SO4 MTX,[Cd+2] O=S(=O)([O-])[O-] CN(Cc1cnc2nc(N)nc(N)c2n1)c1ccc(C(=O)N[C@@H](CCC(=O)O)C(=O)O)cc1
1U71,3NXO,P00374,DHFR,D2B SO4 NDP,COc1ccccc1/C(=C\c1coc2nc(N)nc(N)c12)C(C)C O=S(=O)([O-])[O-] NC(=O)C1=CN([C@@H]2O[C@H](CO[P@](=O)(O)O[P@@](=O)(O)OC[C@H]3O[C@@H](n4cnc5c(N)ncnc54)[C@H](OP(=O)(O)O)[C@@H]3O)[C@@H](O)[C@H]2O)C=CC1
1U71,1PD9,P00374,DHFR,SO4 CO4,O=S(=O)([O-])[O-] COc1cc(N(C)Cc2cnc3nc(N)nc(N)c3c2C)cc(OC)c1OC
1U71,3S7A,P00374,DHFR,SO4 684,O=S(=O)([O-])[O-] Nc1nc(N)c2nc(CN3c4ccccc4C=Cc4cc(OCCCC(=O)O)ccc43)cnc2n1
1DRF,2DHF,P00374,DHFR,DZF,Nc1nc(=O)c2cc(CNc3ccc(C(=O)N[C@@H](CCC(=O)O)C(=O)O)cc3)cnc2[nH]1
1DRF,1S3V,P00374,DHFR,SO4 TQD,O=S(=O)([O-])[O-] COc1cc(N(C)C[C@H]2CCC3=C(C2)C(N)=N[C@H](N)N3)cc(OC)c1OC
1DRF,4G95,P00374,DHFR,OAG SO4,Nc1nc(N)c2cc(CNc3cc(Cl)ccc3Cl)cnc2n1 O=S(=O)([O-])[O-]
1DRF,1U71,P00374,DHFR,MXA SO4,COc1ccc(OC)c(Cc2cnc3nc(N)nc(N)c3c2C)c1 O=S(=O)([O-])[O-]
1DRF,3EIG,P00374,DHFR,CD SO4 MTX,[Cd+2] O=S(=O)([O-])[O-] CN(Cc1cnc2nc(N)nc(N)c2n1)c1ccc(C(=O)N[C@@H](CCC(=O)O)C(=O)O)cc1
1DRF,3NXO,P00374,DHFR,D2B SO4 NDP,COc1ccccc1/C(=C\c1coc2nc(N)nc(N)c12)C(C)C O=S(=O)([O-])[O-] NC(=O)C1=CN([C@@H]2O[C@H](CO[P@](=O)(O)O[P@@](=O)(O)OC[C@H]3O[C@@H](n4cnc5c(N)ncnc54)[C@H](OP(=O)(O)O)[C@@H]3O)[C@@H](O)[C@H]2O)C=CC1
1DRF,1PD9,P00374,DHFR,SO4 CO4,O=S(=O)([O-])[O-] COc1cc(N(C)Cc2cnc3nc(N)nc(N)c3c2C)cc(OC)c1OC
3NXO,2DHF,P00374,DHFR,DZF,Nc1nc(=O)c2cc(CNc3ccc(C(=O)N[C@@H](CCC(=O)O)C(=O)O)cc3)cnc2[nH]1
3NXO,1S3V,P00374,DHFR,SO4 TQD,O=S(=O)([O-])[O-] COc1cc(N(C)C[C@H]2CCC3=C(C2)C(N)=N[C@H](N)N3)cc(OC)c1OC
3NXO,4G95,P00374,DHFR,OAG SO4,Nc1nc(N)c2cc(CNc3cc(Cl)ccc3Cl)cnc2n1 O=S(=O)([O-])[O-]
3NXO,1MVT,P00374,DHFR,SO4 DTM,O=S(=O)([O-])[O-] COc1cc(CN(C)c2cnc3nc(N)nc(N)c3c2)cc(OC)c1OC
3NXO,1U71,P00374,DHFR,MXA SO4,COc1ccc(OC)c(Cc2cnc3nc(N)nc(N)c3c2C)c1 O=S(=O)([O-])[O-]
3NXO,3EIG,P00374,DHFR,CD SO4 MTX,[Cd+2] O=S(=O)([O-])[O-] CN(Cc1cnc2nc(N)nc(N)c2n1)c1ccc(C(=O)N[C@@H](CCC(=O)O)C(=O)O)cc1
5JEB,5UWD,P00533,EGFR,8OV,CCC(=O)Nc1cccc(Nc2nc(Nc3ccc(N4CCN(C(C)=O)CC4)cc3OC)ncc2C(F)(F)F)c1
5JEB,4JQ8,P00533,EGFR,KJ8,CN(C)CCC(=O)Nc1cccc(-c2c(-c3ccccc3)oc3ncnc(N[C@H](CO)c4ccccc4)c23)c1
5EDR,3W33,P00533,EGFR,W19 SO4,O=C(NCCO)C1=Cc2c(ncnc2Nc2ccc(Oc3cccc4sccc34)c(Cl)c2)NCC1 O=S(=O)([O-])[O-]
2ITX,5FED,P00533,EGFR,5X4,CCC(=O)N1CCCC[C@@H](n2c(NC(=O)c3cccc(C(F)(F)F)c3)nc3cccc(C)c32)C1
2ITX,3W2P,P00533,EGFR,W2P,CN(C)CCCC(=O)NCCn1ccc2ncnc(Nc3ccc(Oc4cccc(C(F)(F)F)c4)c(Cl)c3)c21
2ITX,5CAO,P00533,EGFR,4ZG,Cc1nc2cnc(Nc3ccnc(NCC(C)(C)S(C)(=O)=O)n3)cc2n1C(C)C
2ITX,5C8N,P00533,EGFR,SO4 4YX,O=S(=O)([O-])[O-] COC1(CCN)CCN(c2nccc(Nc3cc4c(cn3)nc(C)n4C(C)C)n2)CC1
2ITX,5UGC,P00533,EGFR,8BS SO4 GOL EDO,CCC(=O)N[C@@H]1CN(c2nc(Nc3cn(C)nc3OC)c3ncn(C)c3n2)C[C@H]1F O=S(=O)([O-])[O-] OCC(O)CO OCCO
5HCX,5GMP,P00533,EGFR,F62,C=CC(=O)Nc1cccc(-n2c(=O)cc(C)c3cnc(Nc4ccc(N5CCN(C)CC5)cc4OC)nc32)c1
5HCX,2RGP,P00533,EGFR,PO4 HYZ,O=P([O-])([O-])[O-] Nc1ncnc(Nc2ccc3c(cnn3Cc3cccc(F)c3)c2)c1CNN1CCCCC1
5UGA,5HG7,P00533,EGFR,630 SO4,CCC(=O)N1C[C@H](COc2nc(Nc3cnn(C)c3)nc3[nH]cc(Cl)c23)[C@@H](OC)C1 O=S(=O)([O-])[O-]
4ZSE,5UGA,P00533,EGFR,8BM SO4 GOL,CC(=O)N1CC[C@H](Nc2nc(Nc3ccc(N4CCN(C)CC4)cc3)c3ncn(C(C)C)c3n2)C1 O=S(=O)([O-])[O-] OCC(O)CO
2GS6,5C8N,P00533,EGFR,SO4 4YX,O=S(=O)([O-])[O-] COC1(CCN)CCN(c2nccc(Nc3cc4c(cn3)nc(C)n4C(C)C)n2)CC1
5UG9,5EM8,P00533,EGFR,5Q4,COc1ccccc1Nc1cc[nH]c(=O)c1C(=O)Nc1ccc(N2CCN(C)CC2)cc1
4RJ6,5CAO,P00533,EGFR,4ZG,Cc1nc2cnc(Nc3ccnc(NCC(C)(C)S(C)(=O)=O)n3)cc2n1C(C)C
5HIC,5CAU,P00533,EGFR,4ZR SO4,CO[C@@H]1CCN(c2nccc(Nc3cc4c(cn3)nc([C@@H](C)O)n4[C@@H](C)C(F)(F)F)n2)C[C@@H]1F O=S(=O)([O-])[O-]
4I24,4G5J,P00533,EGFR,0WN 0WM,CN(C)CCCC(=O)Nc1cc2c(Nc3ccc(F)c(Cl)c3)ncnc2cc1O[C@H]1CCOC1 CN(C)C/C=C/C(=O)Nc1cc2c(Nc3ccc(F)c(Cl)c3)ncnc2cc1O[C@H]1CCOC1
4JRV,5CAP,P00533,EGFR,4ZH SO4,Cc1nc2cnc(Nc3ccnc(OCC(C)(C)S(C)(=O)=O)n3)cc2n1C(C)C O=S(=O)([O-])[O-]
5EM7,5C8N,P00533,EGFR,SO4 4YX,O=S(=O)([O-])[O-] COC1(CCN)CCN(c2nccc(Nc3cc4c(cn3)nc(C)n4C(C)C)n2)CC1
2JIU,5CAO,P00533,EGFR,4ZG,Cc1nc2cnc(Nc3ccnc(NCC(C)(C)S(C)(=O)=O)n3)cc2n1C(C)C
2GS7,5HCX,P00533,EGFR,SO4 60B,O=S(=O)([O-])[O-] Cc1nc2cnc(Nc3ccnc(-c4cnn(S(=O)(=O)C5CC5)c4)n3)cc2n1C(C)C
2ITP,5JEB,P00533,EGFR,SO4 6JS,O=S(=O)([O-])[O-] COc1ccc(-c2ccco2)cc1Nc1ncnc2[nH]nc(-c3ccco3)c12
4G5J,5HCZ,P00533,EGFR,SO4 60E,O=S(=O)([O-])[O-] CC[C@H](C)n1nc(N2CC(C(C)(C)O)C2)c2cnc(Nc3ccnc(-c4cnn(S(=O)(=O)C5CC5)c4)n3)cc21
5UGB,4RJ4,P00533,EGFR,3QW,COC1CCN(c2nccc(Nc3cc4c(cn3)cc(-c3cn[nH]c3)n4C(C)C)n2)CC1
4RJ5,5UGA,P00533,EGFR,8BM SO4 GOL,CC(=O)N1CC[C@H](Nc2nc(Nc3ccc(N4CCN(C)CC4)cc3)c3ncn(C(C)C)c3n2)C1 O=S(=O)([O-])[O-] OCC(O)CO
4RJ5,5U8L,P00533,EGFR,GOL SO4 O44,OCC(O)CO O=S(=O)([O-])[O-] C#CCNC(=O)c1cc(Nc2cc(C3CC3)n[nH]2)nc(N2CCN(Cc3ccc(S(=O)(=O)F)cc3)CC2)n1
4RJ5,4RJ8,P00533,EGFR,SO4 3QS,O=S(=O)([O-])[O-] COC1CCN(c2nccc(Nc3cc4c(ccn4C4CCCC4)cn3)n2)CC1
5XGM,5HCZ,P00533,EGFR,SO4 60E,O=S(=O)([O-])[O-] CC[C@H](C)n1nc(N2CC(C(C)(C)O)C2)c2cnc(Nc3ccnc(-c4cnn(S(=O)(=O)C5CC5)c4)n3)cc21
4RJ7,5EM6,P00533,EGFR,5Q3 SO4,CN1CCN(c2ccc(NC(=O)c3c(Nc4ccnc(N)n4)cc[nH]c3=O)cc2)CC1 O=S(=O)([O-])[O-]
5CAV,2GS6,P00533,EGFR,CL 112,[Cl-] NC(=O)CS[P@](=O)(O)O[P@@](=O)(O)O[P@@](=O)(O)OC[C@H]1O[C@@H](n2cnc3c(N)ncnc32)[C@H](O)[C@@H]1O
5CNO,4JQ8,P00533,EGFR,KJ8,CN(C)CCC(=O)Nc1cccc(-c2c(-c3ccccc3)oc3ncnc(N[C@H](CO)c4ccccc4)c23)c1
3W2R,3W2O,P00533,EGFR,03P,CC(C)(O)CC(=O)NCCn1ccc2ncnc(Nc3ccc(Oc4cccc(C(F)(F)F)c4)c(Cl)c3)c21
4I22,2ITQ,P00533,EGFR,ITQ,CN[C@@H]1C[C@H]2O[C@@](C)([C@@H]1OC)n1c3ccccc3c3c4c(c5c6c(n2c5c31)CCCC6)C(=O)N=C4
2ITN,3W2Q,P00533,EGFR,HKI MES,CCOc1cc2ncc(C#N)c(Nc3ccc(OCc4ccccn4)c(Cl)c3)c2cc1NC(=O)CCCN(C)C O=S(=O)([O-])CC[NH+]1CCOCC1
2ITN,5HCZ,P00533,EGFR,SO4 60E,O=S(=O)([O-])[O-] CC[C@H](C)n1nc(N2CC(C(C)(C)O)C2)c2cnc(Nc3ccnc(-c4cnn(S(=O)(=O)C5CC5)c4)n3)cc21
2ITN,4ZAU,P00533,EGFR,YY3,C=CC(=O)Nc1cc(Nc2nccc(-c3cn(C)c4ccccc34)n2)c(OC)cc1N(C)CCN(C)C
4HJO,4ZAU,P00533,EGFR,YY3,C=CC(=O)Nc1cc(Nc2nccc(-c3cn(C)c4ccccc34)n2)c(OC)cc1N(C)CCN(C)C
5CAS,5CAO,P00533,EGFR,4ZG,Cc1nc2cnc(Nc3ccnc(NCC(C)(C)S(C)(=O)=O)n3)cc2n1C(C)C
3W2O,5CAU,P00533,EGFR,4ZR SO4,CO[C@@H]1CCN(c2nccc(Nc3cc4c(cn3)nc([C@@H](C)O)n4[C@@H](C)C(F)(F)F)n2)C[C@@H]1F O=S(=O)([O-])[O-]
4I23,5UGC,P00533,EGFR,8BS SO4 GOL EDO,CCC(=O)N[C@@H]1CN(c2nc(Nc3cn(C)nc3OC)c3ncn(C)c3n2)C[C@H]1F O=S(=O)([O-])[O-] OCC(O)CO OCCO
5HIB,5UG9,P00533,EGFR,8AM SO4 GOL EDO,CCC(=O)N[C@@H]1CN(c2nc(Nc3cn(C)nc3OC)c3ncn(C(C)C)c3n2)C[C@H]1F O=S(=O)([O-])[O-] OCC(O)CO OCCO
5HIB,5EM6,P00533,EGFR,5Q3 SO4,CN1CCN(c2ccc(NC(=O)c3c(Nc4ccnc(N)n4)cc[nH]c3=O)cc2)CC1 O=S(=O)([O-])[O-]
5HG7,5CAQ,P00533,EGFR,4ZJ SO4,CO[C@H]1CCN(c2nccc(Nc3cc4c(cn3)nc(C)n4C(C)C)n2)C[C@H]1F O=S(=O)([O-])[O-]
5CAQ,4RIW,P00533,EGFR,ADP MG ANP,Nc1ncnc2c1ncn2[C@@H]1O[C@H](CO[P@](=O)(O)OP(=O)(O)O)[C@@H](O)[C@H]1O [Mg+2] Nc1ncnc2c1ncn2[C@@H]1O[C@H](COP(=O)(O)OP(=O)(O)NP(=O)(O)O)[C@@H](O)[C@H]1O
5CAQ,5UGC,P00533,EGFR,8BS SO4 GOL EDO,CCC(=O)N[C@@H]1CN(c2nc(Nc3cn(C)nc3OC)c3ncn(C)c3n2)C[C@H]1F O=S(=O)([O-])[O-] OCC(O)CO OCCO
5FED,5CAN,P00533,EGFR,4ZB SO4,Cc1nc2cnc(Nc3ccnc(N4CC[C@@](C)(C(N)=O)C4)n3)cc2n1C(C)C O=S(=O)([O-])[O-]
5UWD,5FED,P00533,EGFR,5X4,CCC(=O)N1CCCC[C@@H](n2c(NC(=O)c3cccc(C(F)(F)F)c3)nc3cccc(C)c32)C1
5UWD,5C8K,P00533,EGFR,4YV,COC1CCN(c2nccc(Nc3cc4c(cn3)ncn4C3CCCC3)n2)CC1
5UWD,4RJ5,P00533,EGFR,3QY,COC1CCN(c2nccc(Nc3cc4[nH]c(-c5cn[nH]c5)cc4cn3)n2)CC1
5UWD,5HG9,P00533,EGFR,63A SO4 GOL,CCC(=O)N1C[C@H](COc2nc(Nc3cnn(C)c3)nc3[nH]ccc23)[C@@H](C(F)(F)F)C1 O=S(=O)([O-])[O-] OCC(O)CO
5FEQ,3IKA,P00533,EGFR,0UN,C=CC(=O)Nc1cccc(Oc2nc(Nc3ccc(N4CCN(C)CC4)cc3OC)ncc2Cl)c1
5HCY,4R5S,P00533,EGFR,FI3,CCC(=O)Nc1ccc(CN(C(=O)Nc2c(Cl)c(OC)cc(OC)c2Cl)c2cc(Nc3ccc(N4CCN(C)CC4)cc3)ncn2)cc1
5HCY,5CAU,P00533,EGFR,4ZR SO4,CO[C@@H]1CCN(c2nccc(Nc3cc4c(cn3)nc([C@@H](C)O)n4[C@@H](C)C(F)(F)F)n2)C[C@@H]1F O=S(=O)([O-])[O-]
5HCY,5GTY,P00533,EGFR,816 EDO,C=CC(=O)N1CCC[C@@H](n2nc(-c3ccc(OCc4cccc(C)n4)c(Cl)c3)c3c(N)ncnc32)C1 OCCO
2J6M,5UGC,P00533,EGFR,8BS SO4 GOL EDO,CCC(=O)N[C@@H]1CN(c2nc(Nc3cn(C)nc3OC)c3ncn(C)c3n2)C[C@H]1F O=S(=O)([O-])[O-] OCC(O)CO OCCO
2ITV,5JEB,P00533,EGFR,SO4 6JS,O=S(=O)([O-])[O-] COc1ccc(-c2ccco2)cc1Nc1ncnc2[nH]nc(-c3ccco3)c12
4RIY,3W2P,P21860,ERBB3,W2P,CN(C)CCCC(=O)NCCn1ccc2ncnc(Nc3ccc(Oc4cccc(C(F)(F)F)c4)c(Cl)c3)c21
4RIW,5HIC,P21860,ERBB3,SO4 63N,O=S(=O)([O-])[O-] CC(C)n1cnc2cnc(Nc3ccnc(-c4cnn(S(=O)(=O)C5CC5)c4)n3)cc21
4RIW,4HJO,P21860,ERBB3,AQ4,C#Cc1cccc(Nc2ncnc3cc(OCCOC)c(OCCOC)cc23)c1
5HG8,5HIB,P00533,EGFR,63M,Cn1nccc1S(=O)(=O)Nc1ccn2ncc(C(=O)NC(C)(C)C)c2n1
2ITO,5UGA,P00533,EGFR,8BM SO4 GOL,CC(=O)N1CC[C@H](Nc2nc(Nc3ccc(N4CCN(C)CC4)cc3)c3ncn(C(C)C)c3n2)C1 O=S(=O)([O-])[O-] OCC(O)CO
2ITO,4JQ7,P00533,EGFR,KJQ,OC[C@@H](Nc1ncnc2oc(-c3ccccc3)c(-c3ccccc3)c12)c1ccccc1
2ITO,5J9Y,P00533,EGFR,6HL,C=CC(=O)N1CCC[C@@H](n2nc(-c3cccc4ccccc34)c3c(N)ncnc32)C1
5J9Z,3W2Q,P00533,EGFR,HKI MES,CCOc1cc2ncc(C#N)c(Nc3ccc(OCc4ccccn4)c(Cl)c3)c2cc1NC(=O)CCCN(C)C O=S(=O)([O-])CC[NH+]1CCOCC1
3BEL,5CAL,P00533,EGFR,4Z8,Cc1nc2cnc(Nc3ccnc(NCC(C)(C)C(N)=O)n3)cc2n1C(C)C
4JQ8,4RJ5,P00533,EGFR,3QY,COC1CCN(c2nccc(Nc3cc4[nH]c(-c5cn[nH]c5)cc4cn3)n2)CC1
4JQ8,5UGC,P00533,EGFR,8BS SO4 GOL EDO,CCC(=O)N[C@@H]1CN(c2nc(Nc3cn(C)nc3OC)c3ncn(C)c3n2)C[C@H]1F O=S(=O)([O-])[O-] OCC(O)CO OCCO
4LI5,5HG5,P00533,EGFR,633 SO4 GOL,CCC(=O)Nc1cccc(Oc2nc(Nc3ccc(N4CCN(C)CC4)cc3)nc3[nH]ccc23)c1 O=S(=O)([O-])[O-] OCC(O)CO
5C8M,3IKA,P00533,EGFR,0UN,C=CC(=O)Nc1cccc(Oc2nc(Nc3ccc(N4CCN(C)CC4)cc3OC)ncc2Cl)c1
5EDQ,3BEL,P00533,EGFR,PO4 POX,O=P([O-])([O-])[O-] COCCO/N=C/c1c(N)ncnc1Nc1ccc2c(cnn2Cc2cccc(F)c2)c1
5HG5,4I23,P00533,EGFR,1C9,COc1cc2ncnc(Nc3ccc(F)c(Cl)c3)c2cc1NC(=O)/C=C/CN1CCCCC1
5HG5,5HCZ,P00533,EGFR,SO4 60E,O=S(=O)([O-])[O-] CC[C@H](C)n1nc(N2CC(C(C)(C)O)C2)c2cnc(Nc3ccnc(-c4cnn(S(=O)(=O)C5CC5)c4)n3)cc21
4RIX,5HCY,P21860,ERBB3,SO4 60D,O=S(=O)([O-])[O-] CC(C)n1cc(C(=O)NC2CCOCC2)c2cnc(Nc3ccnc(-c4cnn(S(=O)(=O)C5CC5)c4)n3)cc21
5J9Y,5GTY,P00533,EGFR,816 EDO,C=CC(=O)N1CCC[C@@H](n2nc(-c3ccc(OCc4cccc(C)n4)c(Cl)c3)c3c(N)ncnc32)C1 OCCO
5C8N,5EM5,P00533,EGFR,5Q2,CN1CCN(c2ccc(NC(=O)c3c(NCCc4ccc(Cl)cc4)cc[nH]c3=O)cc2)CC1
4JR3,5HIB,P00533,EGFR,63M,Cn1nccc1S(=O)(=O)Nc1ccn2ncc(C(=O)NC(C)(C)C)c2n1
4JR3,5HG7,P00533,EGFR,630 SO4,CCC(=O)N1C[C@H](COc2nc(Nc3cnn(C)c3)nc3[nH]cc(Cl)c23)[C@@H](OC)C1 O=S(=O)([O-])[O-]
2EB3,4LQM,P00533,EGFR,CL DJK,[Cl-] C=CC(=O)Nc1ccc2ncnc(Nc3cccc(Br)c3)c2c1
2EB3,5FEQ,P00533,EGFR,5XH,Cc1cc(C(=O)Nc2nc3cccc(C)c3n2[C@@H]2CCCCN(C(=O)/C=C/CN(C)C)C2)ccn1
3W2P,5HCX,P00533,EGFR,SO4 60B,O=S(=O)([O-])[O-] Cc1nc2cnc(Nc3ccnc(-c4cnn(S(=O)(=O)C5CC5)c4)n3)cc2n1C(C)C
3W2P,5J9Z,P00533,EGFR,6HJ,C=CC(=O)N1CCC[C@@H](n2nc(-c3cn(C)c4ccccc34)c3c(N)ncnc32)C1
2JIV,4ZAU,P00533,EGFR,YY3,C=CC(=O)Nc1cc(Nc2nccc(-c3cn(C)c4ccccc34)n2)c(OC)cc1N(C)CCN(C)C
4LL0,2JIU,P00533,EGFR,AEE,CCN1CCN(Cc2ccc(-c3cc4c(N[C@H](C)c5ccccc5)ncnc4[nH]3)cc2)CC1
4LL0,5EM5,P00533,EGFR,5Q2,CN1CCN(c2ccc(NC(=O)c3c(NCCc4ccc(Cl)cc4)cc[nH]c3=O)cc2)CC1
1M17,4JRV,P00533,EGFR,KJV,CN(C)CCCC(=O)Nc1cccc(-c2c(-c3ccccc3)oc3ncnc(N[C@H](CO)c4ccccc4)c23)c1
5XGN,5JEB,P00533,EGFR,SO4 6JS,O=S(=O)([O-])[O-] COc1ccc(-c2ccco2)cc1Nc1ncnc2[nH]nc(-c3ccco3)c12
5CNN,5HCY,P00533,EGFR,SO4 60D,O=S(=O)([O-])[O-] CC(C)n1cc(C(=O)NC2CCOCC2)c2cnc(Nc3ccnc(-c4cnn(S(=O)(=O)C5CC5)c4)n3)cc21
5U8L,4HJO,P00533,EGFR,AQ4,C#Cc1cccc(Nc2ncnc3cc(OCCOC)c(OCCOC)cc23)c1
3W2S,4JRV,P00533,EGFR,KJV,CN(C)CCCC(=O)Nc1cccc(-c2c(-c3ccccc3)oc3ncnc(N[C@H](CO)c4ccccc4)c23)c1
5CAU,4ZAU,P00533,EGFR,YY3,C=CC(=O)Nc1cc(Nc2nccc(-c3cn(C)c4ccccc34)n2)c(OC)cc1N(C)CCN(C)C
2ITZ,4RJ7,P00533,EGFR,SO4 3R1,O=S(=O)([O-])[O-] Cc1cc(Nc2cc(NC(=O)c3c(Cl)cccc3Cl)ccn2)nc(N[C@@H](C)CO)n1
5UGC,2ITQ,P00533,EGFR,ITQ,CN[C@@H]1C[C@H]2O[C@@](C)([C@@H]1OC)n1c3ccccc3c3c4c(c5c6c(n2c5c31)CCCC6)C(=O)N=C4
5UGC,5HCY,P00533,EGFR,SO4 60D,O=S(=O)([O-])[O-] CC(C)n1cc(C(=O)NC2CCOCC2)c2cnc(Nc3ccnc(-c4cnn(S(=O)(=O)C5CC5)c4)n3)cc21
5UGC,5EM8,P00533,EGFR,5Q4,COc1ccccc1Nc1cc[nH]c(=O)c1C(=O)Nc1ccc(N2CCN(C)CC2)cc1
4LRM,5CAQ,P00533,EGFR,4ZJ SO4,CO[C@H]1CCN(c2nccc(Nc3cc4c(cn3)nc(C)n4C(C)C)n2)C[C@H]1F O=S(=O)([O-])[O-]
4LRM,5HG7,P00533,EGFR,630 SO4,CCC(=O)N1C[C@H](COc2nc(Nc3cnn(C)c3)nc3[nH]cc(Cl)c23)[C@@H](OC)C1 O=S(=O)([O-])[O-]
4G5P,5HG5,P00533,EGFR,633 SO4 GOL,CCC(=O)Nc1cccc(Oc2nc(Nc3ccc(N4CCN(C)CC4)cc3)nc3[nH]ccc23)c1 O=S(=O)([O-])[O-] OCC(O)CO
3W33,5HG8,P00533,EGFR,634 SO4 GOL,CCC(=O)Nc1cccc(Oc2nc(Nc3cnn(C)c3)nc3[nH]ccc23)c1 O=S(=O)([O-])[O-] OCC(O)CO
3UG2,5J9Y,P00533,EGFR,6HL,C=CC(=O)N1CCC[C@@H](n2nc(-c3cccc4ccccc34)c3c(N)ncnc32)C1
3UG2,5UGC,P00533,EGFR,8BS SO4 GOL EDO,CCC(=O)N[C@@H]1CN(c2nc(Nc3cn(C)nc3OC)c3ncn(C)c3n2)C[C@H]1F O=S(=O)([O-])[O-] OCC(O)CO OCCO
5KRJ,2QE4,P03372,ESR1,JJ3,COCc1cc(O)cc2c1O[C@@H](c1ccc(O)cc1)[C@H]1CCC[C@@H]21
4MGC,5DZI,P03372,ESR1,5KF,OCC[C@H]1CCCC(=C(c2ccc(O)cc2)c2ccc(O)cc2)C1
5ACC,1X7E,P03372,ESR1,244,N#CCc1cc(O)cc2cc(-c3ccc(O)cc3)oc12
5DI7,5DMF,P03372,ESR1,5DG,CC(=C(c1ccc(O)cc1)c1ccc(O)cc1)c1cccc(Nc2ccc(F)cc2)c1
3ERD,4ZNV,P03372,ESR1,4Q7,COc1ccccc1OS(=O)(=O)[C@@H]1C[C@@H]2O[C@H]1C(c1ccc(O)cc1)=C2c1ccc(O)cc1
5TN4,4PPP,P03372,ESR1,FSV,Oc1cc(O)cc(/C=C/c2ccc(O)c(F)c2)c1
5TN4,5T92,P03372,ESR1,77W,C[C@@]1(c2ccc(/C=C/C(=O)O)cc2)c2ccc(O)cc2CCN1c1ccc(F)cc1
4MG9,5W9D,P03372,ESR1,9XY,CC/C(=C(\c1ccc(O)cc1)c1ccc(OCCNC)cc1)c1ccccc1
5TLO,3UU7,P03372,ESR1,2OH,CC(C)(c1ccc(O)cc1)c1ccc(O)cc1
5KRC,1ZKY,P03372,ESR1,689,CC1=C[C@H](C)[C@]2(CO)CO[C@H](c3ccc(O)cc3)[C@H]1[C@@H]2C
4ZNW,4MG5,P03372,ESR1,GOL A1AQV,OCC(O)CO OC1(O)C2(Cl)[C@@]3(Cl)C4(Cl)C(Cl)(Cl)C5(Cl)[C@](Cl)(C1(Cl)[C@]53Cl)[C@]24Cl
2QA8,5KRJ,P03372,ESR1,6WP,O=S(=O)(Oc1cccc2ccccc12)[C@@H]1C[C@@H]2O[C@H]1C(c1ccc(O)cc1)=C2c1ccc(O)cc1
3L03,5DZ0,P03372,ESR1,5K0,CC1CCC(=C(c2ccc(O)cc2)c2ccc(O)cc2)CC1
2JF9,2AYR,P03372,ESR1,L4G,CS(=O)(=O)c1ccc(-c2ccc3cc(O)ccc3c2Oc2ccc(OCCN3CCCCC3)cc2)cc1
5KRH,5TLT,P03372,ESR1,7ED,CCC(c1ccc(O)cc1)C(C(=O)OCCCCCCCCOC(=O)[C@@H](c1ccc(O)cc1)[C@H](CC)c1ccc(O)cc1)c1ccc(O)cc1
5DVV,5TMT,P03372,ESR1,7FJ,Oc1ccc(C(=C2Cc3ccccc3C2)c2ccc(O)cc2)cc1
5DVV,5TMO,P03372,ESR1,7M1,O=S(=O)(Oc1ccccc1)c1ccc(-c2ccc(O)cc2)c(-c2ccc(O)cc2)c1
5DVV,5E19,P03372,ESR1,5K7,COC(=O)CC1CCC(=C(c2ccc(O)cc2)c2ccc(O)cc2)CC1
1PCG,5DVS,P03372,ESR1,5G7,Cc1ccccc1N=C(c1ccc(O)cc1)c1ccc(O)cc1
2QA6,5DKE,P03372,ESR1,5C8,CC(=C(c1ccc(O)cc1)c1ccc(O)cc1)c1ccc2ccccc2c1
4IU7,5DYD,P03372,ESR1,5K1,CS[C@H]1CCCC(=C(c2ccc(O)cc2)c2ccc(O)cc2)C1
5KRI,5TM5,P03372,ESR1,7EV,O=C(O)CCCCOc1ccc(C2=C(c3ccc(O)cc3)[C@@H]3O[C@H]2C[C@H]3S(=O)(=O)Oc2ccc(Br)cc2)cc1
5TNB,3OSA,P03372,ESR1,KN3,CC(C)=CCn1nc(-c2ccc(O)cc2O)c2cccc(C(F)(F)F)c21
5TMU,5DMF,P03372,ESR1,5DG,CC(=C(c1ccc(O)cc1)c1ccc(O)cc1)c1cccc(Nc2ccc(F)cc2)c1
5E15,5TN8,P03372,ESR1,7G3,O/N=C\c1cc(-c2ccc(O)cc2)ccc1O
5TN1,5TM5,P03372,ESR1,7EV,O=C(O)CCCCOc1ccc(C2=C(c3ccc(O)cc3)[C@@H]3O[C@H]2C[C@H]3S(=O)(=O)Oc2ccc(Br)cc2)cc1
4PPS,5TMR,P03372,ESR1,7FD,CCOC(=O)C=Cc1ccc(C(=C2CCCCC2)c2ccc(O)cc2)cc1
5TML,5DYB,P03372,ESR1,5K2,Oc1ccc(C(=C2CCc3ccccc3C2)c2ccc(O)cc2)cc1
5KCT,5E0X,P03372,ESR1,5KD,COc1ccc([C@H]2CCCC(=C(c3ccc(O)cc3)c3ccc(O)cc3)C2)cc1
2JFA,4MG8,P03372,ESR1,27J GOL EDO,C[C@H]1CCC[C@H](O)CCCCCc2cc(O)cc(O)c2C(=O)O1 OCC(O)CO OCCO
2QXS,5TMM,P03372,ESR1,7M4,O=C(O)CCCC=Cc1ccc(C2=C(c3ccc(O)cc3)[C@@H]3C[C@H](S(=O)(=O)Oc4ccc(Br)cc4)[C@H]2O3)cc1
5DZ0,5DLR,P03372,ESR1,5DJ,Oc1ccc(C(=Cc2ccccc2)c2ccc(O)cc2)cc1
5TMT,5TNB,P03372,ESR1,7EB,CN(C)CCOc1ccc(C2=C(c3ccc(O)cc3)[C@@H]3C[C@@H](S(=O)(=O)Oc4ccc(Br)cc4)[C@H]2O3)cc1
5KRL,5KCF,P03372,ESR1,OB4 OB5,CCN(c1ccc(OC)cc1)S(=O)(=O)[C@@H]1C[C@@H]2O[C@H]1C(c1ccc(O)cc1)=C2c1ccc(O)cc1 CCN(c1ccc(OC)cc1)S(=O)(=O)[C@H]1C[C@H]2O[C@@H]1C(c1ccc(O)cc1)=C2c1ccc(O)cc1
5TM6,4MGA,P03372,ESR1,27L,CC(C)(C)CC(C)(C)c1ccc(O)cc1
5TM6,5DWE,P03372,ESR1,5G5,Oc1ccc(C(=Nc2ccccc2Cl)c2ccc(O)cc2)cc1
5JMM,5KCC,P03372,ESR1,OB1,O=S(=O)(Nc1ccccc1)[C@@H]1C[C@@H]2O[C@H]1C(c1ccc(O)cc1)=C2c1ccc(O)cc1
4PPP,4MGC,P03372,ESR1,27M GOL,O=C(c1ccc(O)cc1O)c1ccc(O)cc1O OCC(O)CO
4PPP,5TN9,P03372,ESR1,7EC,O=S(=O)(Oc1ccc(Br)cc1)[C@@H]1C[C@@H]2O[C@H]1C(c1ccc(OCCN3CCCCC3)cc1)=C2c1ccc(O)cc1
5TM5,2BJ4,P03372,ESR1,OHT,CC/C(=C(\c1ccc(O)cc1)c1ccc(OCCN(C)C)cc1)c1ccccc1
5DUH,5KCU,P03372,ESR1,OB8,CCN(c1ccc2ccccc2c1)S(=O)(=O)[C@@H]1C[C@@H]2O[C@H]1C(c1ccc(O)cc1)=C2c1ccc(O)cc1
1XPC,5ACC,P03372,ESR1,KE9,C[C@@H]1Cc2c([nH]c3ccccc23)[C@@H](c2c(F)cc(/C=C/C(=O)O)cc2F)N1CC(C)(C)F
5TLT,5DU5,P03372,ESR1,5G2,O=S1(=O)C=C(c2ccc(O)cc2Cl)C(c2ccc(O)cc2Cl)=C1
2B1Z,4IUI,P03372,ESR1,1GQ,CCCCn1nc(-c2ccc(O)cc2O)c2cccc(C(F)(F)F)c21
4MG7,5T97,P03372,ESR1,782,CC(C)c1ccc(N2CCc3cc(O)ccc3[C@@]2(C)c2ccc(/C=C/C(=O)O)cc2)cc1
5DXK,5TLL,P03372,ESR1,7EL,O/N=C/c1ccc(-c2ccc(O)cc2)c(Cl)c1O
5TN3,5KRH,P03372,ESR1,6WN,C[C@]12CC[C@@H]3c4ccc(O)cc4CC[C@H]3[C@@H]1C/C(=C\c1ccccc1)C2=O
2FAI,5TN1,P03372,ESR1,7FR,CC(C)c1ccc(N=C2CC[C@H]3[C@@H]4CCc5cc(O)ccc5[C@H]4CC[C@]23C)cc1
2FAI,5KRL,P03372,ESR1,6WR,Oc1ccc(C2=CC[C@H]3[C@H](CC[C@@H]3O)C2)c(Cl)c1
2QR9,5DYB,P03372,ESR1,5K2,Oc1ccc(C(=C2CCc3ccccc3C2)c2ccc(O)cc2)cc1
3HLV,5DZ3,P03372,ESR1,5JX,Oc1ccc(C(=C2CCC(CF)CC2)c2ccc(O)cc2)cc1
3HLV,2P15,P03372,ESR1,EZT,C[C@]12CC[C@@H]3c4ccc(O)cc4CC[C@H]3[C@@H]1CC[C@@]2(O)/C=C/c1ccccc1C(F)(F)F
5HYR,5DWG,P03372,ESR1,5G4,Cc1ccccc1N=C(c1ccc(O)cc1)c1ccc(O)cc1O
5HYR,5TLG,P03372,ESR1,7EG,O/N=C/c1c(O)ccc(-c2ccc(O)cc2)c1-c1ccc(O)cc1
5HYR,4IV4,P03372,ESR1,1GS,CC(C)Cn1nc2c(C(F)(F)F)cccc2c1-c1ccc(O)cc1O
5TLG,5TLM,P03372,ESR1,7EM,Oc1ccc(-c2cc(-c3ccc(O)cc3)c(-c3ccc(O)cc3)s2)cc1
3UUA,3OSA,P03372,ESR1,KN3,CC(C)=CCn1nc(-c2ccc(O)cc2O)c2cccc(C(F)(F)F)c21
5DRM,5EIT,P03372,ESR1,5P1,Oc1ccc(-c2nc3ccc(O)cn3c2C(F)(F)F)cc1
5DRM,5DYD,P03372,ESR1,5K1,CS[C@H]1CCCC(=C(c2ccc(O)cc2)c2ccc(O)cc2)C1
5FQT,4IU7,P03372,ESR1,1GM,CCn1nc2c(C(F)(F)F)cccc2c1-c1ccc(O)cc1O
5FQT,3OS8,P03372,ESR1,KN0,Oc1ccc(-c2nn(Cc3ccccc3)c3c(C(F)(F)F)cccc23)c(O)c1
4MG6,5DUE,P03372,ESR1,5FY,Cc1cc(O)ccc1C1=C(c2ccc(O)cc2C)[C@H]2[C@@H](S(=O)(=O)Oc3ccc(O)cc3)C[C@@H]1[S@@]2=O
4IW6,5DWI,P03372,ESR1,5G3,Oc1ccc(C(=Nc2ccccc2Cl)c2ccc(O)cc2O)cc1
5U2D,2QGT,P03372,ESR1,EED,COC[C@H]1C[C@]2(C)[C@@H](O)CC[C@H]2[C@@H]2CCc3cc(O)ccc3[C@@H]12
5KCF,5W9D,P03372,ESR1,9XY,CC/C(=C(\c1ccc(O)cc1)c1ccc(OCCNC)cc1)c1ccccc1
4DMA,4MG7,P03372,ESR1,27H EDO,CC1=CC[C@@]2(C)CC[C@@](O)(C(C)C)[C@@H]2[C@@H](OC(=O)c2ccc(O)cc2)C1 OCCO
4DMA,3OS8,P03372,ESR1,KN0,Oc1ccc(-c2nn(Cc3ccccc3)c3c(C(F)(F)F)cccc23)c(O)c1
5FQP,5DXP,P03372,ESR1,5HX,Oc1ccc(C(=C2C3CCCC2CCC3)c2ccccc2)cc1
2POG,5DIG,P03372,ESR1,5CE,C[C@]12CC[C@H](c3ccc(O)cc3C(F)(F)F)C[C@H]1CC[C@@H]2O
4IW8,5TMS,P03372,ESR1,7FG,CCOC(=O)C=Cc1ccc(C(=C2C3CCCC2CCC3)c2ccc(O)cc2)cc1
4IW8,5KRI,P03372,ESR1,6WM,C[C@]12CC[C@@H]3c4ccc(O)cc4CC[C@H]3[C@@H]1C[C@H](Cc1ccccc1)[C@@H]2O
4IW8,5ACC,P03372,ESR1,KE9,C[C@@H]1Cc2c([nH]c3ccccc23)[C@@H](c2c(F)cc(/C=C/C(=O)O)cc2F)N1CC(C)(C)F
1QKU,5TLU,P03372,ESR1,7EE,C[C@]12CC[C@@H]3c4ccc(O)cc4CC[C@H]3[C@@H]1CC[C@@]2(O)C#Cc1ccc(N)cc1
5DIE,5DRM,P03372,ESR1,5ET,Oc1ccc(-c2ccc(-c3ccc(O)cc3Cl)s2)c(Cl)c1
5TM7,5DUH,P03372,ESR1,5FT,Cc1cc(C2=C(c3ccc(O)c(C)c3)[C@H]3[C@@H](S(=O)(=O)Oc4ccccc4)C[C@@H]2[S@@]3=O)ccc1O
5TLD,2QA8,P03372,ESR1,GEN,O=c1c(-c2ccc(O)cc2)coc2cc(O)cc(O)c12
5DWI,3L03,P03372,ESR1,CL GOL 4OH,[Cl-] OCC(O)CO C[C@]12CC[C@@H]3c4ccc(O)cc4CC[C@H]3[C@@H]1[C@@H](O)[C@@H](O)[C@@H]2O
4MGD,4MG8,P03372,ESR1,27J GOL EDO,C[C@H]1CCC[C@H](O)CCCCCc2cc(O)cc(O)c2C(=O)O1 OCC(O)CO OCCO
5TM4,3UUC,P03372,ESR1,0D1,Oc1ccc(C(=C(Cl)Cl)c2ccc(O)cc2)cc1
5DKG,4MGC,P03372,ESR1,27M GOL,O=C(c1ccc(O)cc1O)c1ccc(O)cc1O OCC(O)CO
5W9D,3HM1,P03372,ESR1,J3Z,C[C@]12CC[C@@H]3c4ccc(O)cc4CC[C@H]3[C@@H]1CCC2=O
2B1V,5DTV,P03372,ESR1,5FS,Cc1cc(O)ccc1C1=CS(=O)(=O)C=C1c1ccc(O)cc1C
5TMR,2JFA,P03372,ESR1,SO4 RAL,O=S(=O)([O-])[O-] O=C(c1ccc(OCCN2CCCCC2)cc1)c1c(-c2ccc(O)cc2)sc2cc(O)ccc12
5TMR,4IUI,P03372,ESR1,1GQ,CCCCn1nc(-c2ccc(O)cc2O)c2cccc(C(F)(F)F)c21
2QE4,5DKG,P03372,ESR1,5C7,CC(=C(c1ccc(O)cc1)c1ccc(O)cc1)c1ccc(C(C)(C)C)cc1
5DYD,5DZ3,P03372,ESR1,5JX,Oc1ccc(C(=C2CCC(CF)CC2)c2ccc(O)cc2)cc1
5KCU,2QAB,P03372,ESR1,EI1,CCc1c2cc(O)ccc2nn1-c1ccc(O)cc1
1XP6,5U2D,P03372,ESR1,OBH,O=S(=O)(OC1C=CCC=C1)[C@@H]1C[C@@H]2O[C@H]1C(c1ccc(O)cc1)=C2c1ccc(O)cc1
2BJ4,5DK9,P03372,ESR1,5CC,CCC(=C(c1ccc(O)cc1)c1ccc(O)cc1)c1cccc(Nc2ccccc2)c1
5TM9,5EGV,P03372,ESR1,5OS,Oc1ccc(-c2cocc2-c2ccc(O)cc2Cl)c(Cl)c1
1ZKY,1YIM,P03372,ESR1,CM4,C[C@@H]1c2cc(O)ccc2O[C@@H](c2ccc(OCCN3CCCC3)cc2)[C@H]1c1ccc(O)cc1
2IOG,2BJ4,P03372,ESR1,OHT,CC/C(=C(\c1ccc(O)cc1)c1ccc(OCCN(C)C)cc1)c1ccccc1
5DKE,5TLU,P03372,ESR1,7EE,C[C@]12CC[C@@H]3c4ccc(O)cc4CC[C@H]3[C@@H]1CC[C@@]2(O)C#Cc1ccc(N)cc1
5TLL,1GWQ,P03372,ESR1,ZTW,Oc1ccc(-c2cc3ccc(O)cc3s2)cc1
5TLP,5TLU,P03372,ESR1,7EE,C[C@]12CC[C@@H]3c4ccc(O)cc4CC[C@H]3[C@@H]1CC[C@@]2(O)C#Cc1ccc(N)cc1
2G5O,5KCD,P03372,ESR1,OB2,CN(c1ccccc1)S(=O)(=O)[C@@H]1C[C@@H]2O[C@H]1C(c1ccc(O)cc1)=C2c1ccc(O)cc1
5KD9,4IUI,P03372,ESR1,1GQ,CCCCn1nc(-c2ccc(O)cc2O)c2cccc(C(F)(F)F)c21
5DYB,5AK2,P03372,ESR1,85Z,Cc1cc(F)ccc1-c1c(Cc2ccc(/C=C/C(=O)O)cc2)c2ccc(O)cc2oc1=O
5DU5,5T92,P03372,ESR1,77W,C[C@@]1(c2ccc(/C=C/C(=O)O)cc2)c2ccc(O)cc2CCN1c1ccc(F)cc1
5E19,4MGB,P03372,ESR1,XDH GOL,CC(C)(c1cc(Cl)c(O)c(Cl)c1)c1cc(Cl)c(O)c(Cl)c1 OCC(O)CO
1X78,1YYE,Q92731,ESR2,196,N#Cc1cc(-c2ccc(O)c(F)c2)cc2ccc(O)cc12
1X78,2I0G,Q92731,ESR2,I0G,Oc1ccc([C@@H]2Oc3ccc(O)cc3[C@@H]3CCC[C@@H]32)cc1
1X78,2GIU,Q92731,ESR2,FBR,CCCC[C@@]12CCC(=O)C(Br)=C1c1ccc(O)cc1C2
1X78,1U3S,Q92731,ESR2,797,Oc1ccc2cc(-c3noc4cc(O)ccc34)ccc2c1
1X78,2NV7,Q92731,ESR2,555,O/N=C/c1ccc(-c2ccc(O)cc2)c2ccccc12
1X76,2Z4B,Q92731,ESR2,DC8,Oc1ccc([C@@H]2Oc3ccc(O)cc3[C@@H]3CC(F)(F)C[C@@H]32)cc1
1X76,1HJ1,Q92731,ESR2,AOE PMB NI,CCCCN(C)C(=O)CCCCCCCCCC[C@@H]1Cc2cc(O)ccc2[C@H]2CC[C@]3(C)[C@@H](O)CC[C@H]3[C@H]12 O=S(=O)(O)c1ccc([Hg])cc1 [Ni+2]
1X76,2GIU,Q92731,ESR2,FBR,CCCC[C@@]12CCC(=O)C(Br)=C1c1ccc(O)cc1C2
1X76,1QKN,Q92731,ESR2,ACT RAL,CC(=O)[O-] O=C(c1ccc(OCCN2CCCCC2)cc1)c1c(-c2ccc(O)cc2)sc2cc(O)ccc12
2GIU,1ZAF,Q92731,ESR2,789,O=C1C(c2ccc(O)cc2)=C(Br)c2ccc(O)cc21
2GIU,1L2J,Q92731,ESR2,ETC,CC[C@@H]1Cc2cc(O)ccc2C2=C1c1ccc(O)cc1C[C@H]2CC
2GIU,1HJ1,Q92731,ESR2,AOE PMB NI,CCCCN(C)C(=O)CCCCCCCCCC[C@@H]1Cc2cc(O)ccc2[C@H]2CC[C@]3(C)[C@@H](O)CC[C@H]3[C@H]12 O=S(=O)(O)c1ccc([Hg])cc1 [Ni+2]
2GIU,1U3S,Q92731,ESR2,797,Oc1ccc2cc(-c3noc4cc(O)ccc34)ccc2c1
2JJ3,2YJD,Q92731,ESR2,YJD,CC(C)Oc1nc2ccccc2n1-c1ccc(O)cc1
2JJ3,3OMP,Q92731,ESR2,W14,O=C(N1CCc2ccc(O)cc2C1)C(F)(F)F
2JJ3,4ZI1,Q92731,ESR2,KB0,Cc1cc(O)cc2c1CC(c1ccc(O)cc1)=C2c1ccccc1
2JJ3,1YYE,Q92731,ESR2,196,N#Cc1cc(-c2ccc(O)c(F)c2)cc2ccc(O)cc12
2JJ3,1U3Q,Q92731,ESR2,272,Oc1ccc(-c2noc3cc(O)ccc23)c(O)c1
1NDE,3OMP,Q92731,ESR2,W14,O=C(N1CCc2ccc(O)cc2C1)C(F)(F)F
1L2J,3OMP,Q92731,ESR2,W14,O=C(N1CCc2ccc(O)cc2C1)C(F)(F)F
1L2J,1YY4,Q92731,ESR2,4NA,Oc1ccc(-c2ccc3c(Cl)c(O)ccc3c2)cc1
1L2J,1QKN,Q92731,ESR2,ACT RAL,CC(=O)[O-] O=C(c1ccc(OCCN2CCCCC2)cc1)c1c(-c2ccc(O)cc2)sc2cc(O)ccc12
4J26,1X7B,Q92731,ESR2,041,C=Cc1cc(O)cc2nc(-c3ccc(O)c(F)c3)oc12
4J26,1NDE,Q92731,ESR2,MON,Oc1ccc(CCNc2nc(SCCCc3ccc(Cl)cc3)nc(N3CCNCC3)n2)cc1
4J26,2YLY,Q92731,ESR2,SO4 SU4,O=S(=O)([O-])[O-] C[C@](O)(CN(C1CC1)S(=O)(=O)c1ccc(O)cc1)c1ccccc1
4J26,1QKN,Q92731,ESR2,ACT RAL,CC(=O)[O-] O=C(c1ccc(OCCN2CCCCC2)cc1)c1c(-c2ccc(O)cc2)sc2cc(O)ccc12
1YY4,3OMQ,Q92731,ESR2,W23,O=S(=O)(N1CCc2cc(O)ccc2C1)C(F)(F)F
1YY4,2QTU,Q92731,ESR2,3AS,COCc1cc(O)cc2c1O[C@@H](c1ccc(O)cc1)[C@H]1CC(F)(F)C[C@@H]21
1YY4,1X76,Q92731,ESR2,697,N#Cc1cc(O)cc2cc(-c3ccc(O)cc3)oc12
1YY4,2GIU,Q92731,ESR2,FBR,CCCC[C@@]12CCC(=O)C(Br)=C1c1ccc(O)cc1C2
1YY4,1QKN,Q92731,ESR2,ACT RAL,CC(=O)[O-] O=C(c1ccc(OCCN2CCCCC2)cc1)c1c(-c2ccc(O)cc2)sc2cc(O)ccc12
4J24,3OMP,Q92731,ESR2,W14,O=C(N1CCc2ccc(O)cc2C1)C(F)(F)F
4J24,1QKN,Q92731,ESR2,ACT RAL,CC(=O)[O-] O=C(c1ccc(OCCN2CCCCC2)cc1)c1c(-c2ccc(O)cc2)sc2cc(O)ccc12
1QKN,1ZAF,Q62986,ESR2,789,O=C1C(c2ccc(O)cc2)=C(Br)c2ccc(O)cc21
3OMP,2Z4B,Q92731,ESR2,DC8,Oc1ccc([C@@H]2Oc3ccc(O)cc3[C@@H]3CC(F)(F)C[C@@H]32)cc1
3OMP,1X76,Q92731,ESR2,697,N#Cc1cc(O)cc2cc(-c3ccc(O)cc3)oc12
3OMP,1HJ1,Q92731,ESR2,AOE PMB NI,CCCCN(C)C(=O)CCCCCCCCCC[C@@H]1Cc2cc(O)ccc2[C@H]2CC[C@]3(C)[C@@H](O)CC[C@H]3[C@H]12 O=S(=O)(O)c1ccc([Hg])cc1 [Ni+2]
2YLY,2YJD,Q92731,ESR2,YJD,CC(C)Oc1nc2ccccc2n1-c1ccc(O)cc1
2YLY,1YYE,Q92731,ESR2,196,N#Cc1cc(-c2ccc(O)c(F)c2)cc2ccc(O)cc12
2YLY,1U9E,Q92731,ESR2,397,Oc1ccc(-c2cc3cc(O)ccc3o2)cc1
5TOA,2Z4B,Q92731,ESR2,DC8,Oc1ccc([C@@H]2Oc3ccc(O)cc3[C@@H]3CC(F)(F)C[C@@H]32)cc1
5TOA,1YY4,Q92731,ESR2,4NA,Oc1ccc(-c2ccc3c(Cl)c(O)ccc3c2)cc1
5TOA,1U9E,Q92731,ESR2,397,Oc1ccc(-c2cc3cc(O)ccc3o2)cc1
1HJ1,2YJD,Q62986,ESR2,YJD,CC(C)Oc1nc2ccccc2n1-c1ccc(O)cc1
1HJ1,2Z4B,Q62986,ESR2,DC8,Oc1ccc([C@@H]2Oc3ccc(O)cc3[C@@H]3CC(F)(F)C[C@@H]32)cc1
1HJ1,4ZI1,Q62986,ESR2,KB0,Cc1cc(O)cc2c1CC(c1ccc(O)cc1)=C2c1ccccc1
1HJ1,2YLY,Q62986,ESR2,SO4 SU4,O=S(=O)([O-])[O-] C[C@](O)(CN(C1CC1)S(=O)(=O)c1ccc(O)cc1)c1ccccc1
1HJ1,2I0G,Q62986,ESR2,I0G,Oc1ccc([C@@H]2Oc3ccc(O)cc3[C@@H]3CCC[C@@H]32)cc1
1HJ1,1U3R,Q62986,ESR2,338,Oc1ccc2nc(-c3cccc4c(O)cccc34)oc2c1
2NV7,4ZI1,Q92731,ESR2,KB0,Cc1cc(O)cc2c1CC(c1ccc(O)cc1)=C2c1ccccc1
2NV7,1X76,Q92731,ESR2,697,N#Cc1cc(O)cc2cc(-c3ccc(O)cc3)oc12
2NV7,1U9E,Q92731,ESR2,397,Oc1ccc(-c2cc3cc(O)ccc3o2)cc1
1YYE,1HJ1,Q92731,ESR2,AOE PMB NI,CCCCN(C)C(=O)CCCCCCCCCC[C@@H]1Cc2cc(O)ccc2[C@H]2CC[C@]3(C)[C@@H](O)CC[C@H]3[C@H]12 O=S(=O)(O)c1ccc([Hg])cc1 [Ni+2]
3OLS,3OMO,Q92731,ESR2,WV7,O=C(N1CCc2cc(O)ccc2C1)C(F)(F)F
3OLS,1X78,Q92731,ESR2,244,N#CCc1cc(O)cc2cc(-c3ccc(O)cc3)oc12
3OLS,4ZI1,Q92731,ESR2,KB0,Cc1cc(O)cc2c1CC(c1ccc(O)cc1)=C2c1ccccc1
1ZAF,2Z4B,Q92731,ESR2,DC8,Oc1ccc([C@@H]2Oc3ccc(O)cc3[C@@H]3CC(F)(F)C[C@@H]32)cc1
1ZAF,1U3R,Q92731,ESR2,338,Oc1ccc2nc(-c3cccc4c(O)cccc34)oc2c1
1X7J,1X7B,Q92731,ESR2,041,C=Cc1cc(O)cc2nc(-c3ccc(O)c(F)c3)oc12
1X7J,2QTU,Q92731,ESR2,3AS,COCc1cc(O)cc2c1O[C@@H](c1ccc(O)cc1)[C@H]1CC(F)(F)C[C@@H]21
1X7J,2YLY,Q92731,ESR2,SO4 SU4,O=S(=O)([O-])[O-] C[C@](O)(CN(C1CC1)S(=O)(=O)c1ccc(O)cc1)c1ccccc1
1X7J,2I0G,Q92731,ESR2,I0G,Oc1ccc([C@@H]2Oc3ccc(O)cc3[C@@H]3CCC[C@@H]32)cc1
2Z4B,1YY4,Q92731,ESR2,4NA,Oc1ccc(-c2ccc3c(Cl)c(O)ccc3c2)cc1
3OMQ,1HJ1,Q92731,ESR2,AOE PMB NI,CCCCN(C)C(=O)CCCCCCCCCC[C@@H]1Cc2cc(O)ccc2[C@H]2CC[C@]3(C)[C@@H](O)CC[C@H]3[C@H]12 O=S(=O)(O)c1ccc([Hg])cc1 [Ni+2]
3OMQ,1U3Q,Q92731,ESR2,272,Oc1ccc(-c2noc3cc(O)ccc23)c(O)c1
1QKM,3OMP,Q92731,ESR2,W14,O=C(N1CCc2ccc(O)cc2C1)C(F)(F)F
1QKM,4ZI1,Q92731,ESR2,KB0,Cc1cc(O)cc2c1CC(c1ccc(O)cc1)=C2c1ccccc1
1QKM,1X76,Q92731,ESR2,697,N#Cc1cc(O)cc2cc(-c3ccc(O)cc3)oc12
4ZI1,3OMQ,Q92731,ESR2,W23,O=S(=O)(N1CCc2cc(O)ccc2C1)C(F)(F)F
4ZI1,1X7B,Q92731,ESR2,041,C=Cc1cc(O)cc2nc(-c3ccc(O)c(F)c3)oc12
4ZI1,1NDE,Q92731,ESR2,MON,Oc1ccc(CCNc2nc(SCCCc3ccc(Cl)cc3)nc(N3CCNCC3)n2)cc1
4ZI1,2I0G,Q92731,ESR2,I0G,Oc1ccc([C@@H]2Oc3ccc(O)cc3[C@@H]3CCC[C@@H]32)cc1
1U3R,1QKM,Q92731,ESR2,GEN,O=c1c(-c2ccc(O)cc2)coc2cc(O)cc(O)c12
1U3R,2I0G,Q92731,ESR2,I0G,Oc1ccc([C@@H]2Oc3ccc(O)cc3[C@@H]3CCC[C@@H]32)cc1
2FSZ,1QKM,Q92731,ESR2,GEN,O=c1c(-c2ccc(O)cc2)coc2cc(O)cc(O)c12
1U3S,1YYE,Q92731,ESR2,196,N#Cc1cc(-c2ccc(O)c(F)c2)cc2ccc(O)cc12
1U3S,1QKN,Q92731,ESR2,ACT RAL,CC(=O)[O-] O=C(c1ccc(OCCN2CCCCC2)cc1)c1c(-c2ccc(O)cc2)sc2cc(O)ccc12
1U9E,4ZI1,Q92731,ESR2,KB0,Cc1cc(O)cc2c1CC(c1ccc(O)cc1)=C2c1ccccc1
1U9E,1U3Q,Q92731,ESR2,272,Oc1ccc(-c2noc3cc(O)ccc23)c(O)c1
1U9E,1U3S,Q92731,ESR2,797,Oc1ccc2cc(-c3noc4cc(O)ccc34)ccc2c1
1U9E,2NV7,Q92731,ESR2,555,O/N=C/c1ccc(-c2ccc(O)cc2)c2ccccc12
2QTU,3OMQ,Q92731,ESR2,W23,O=S(=O)(N1CCc2cc(O)ccc2C1)C(F)(F)F
2QTU,2YJD,Q92731,ESR2,YJD,CC(C)Oc1nc2ccccc2n1-c1ccc(O)cc1
2QTU,2I0G,Q92731,ESR2,I0G,Oc1ccc([C@@H]2Oc3ccc(O)cc3[C@@H]3CCC[C@@H]32)cc1
2QTU,1HJ1,Q92731,ESR2,AOE PMB NI,CCCCN(C)C(=O)CCCCCCCCCC[C@@H]1Cc2cc(O)ccc2[C@H]2CC[C@]3(C)[C@@H](O)CC[C@H]3[C@H]12 O=S(=O)(O)c1ccc([Hg])cc1 [Ni+2]
1X7B,2YJD,Q92731,ESR2,YJD,CC(C)Oc1nc2ccccc2n1-c1ccc(O)cc1
1X7B,1L2J,Q92731,ESR2,ETC,CC[C@@H]1Cc2cc(O)ccc2C2=C1c1ccc(O)cc1C[C@H]2CC
1X7B,1QKN,Q92731,ESR2,ACT RAL,CC(=O)[O-] O=C(c1ccc(OCCN2CCCCC2)cc1)c1c(-c2ccc(O)cc2)sc2cc(O)ccc12
1X7B,2NV7,Q92731,ESR2,555,O/N=C/c1ccc(-c2ccc(O)cc2)c2ccccc12
2YJD,1X78,Q92731,ESR2,244,N#CCc1cc(O)cc2cc(-c3ccc(O)cc3)oc12
2YJD,1HJ1,Q92731,ESR2,AOE PMB NI,CCCCN(C)C(=O)CCCCCCCCCC[C@@H]1Cc2cc(O)ccc2[C@H]2CC[C@]3(C)[C@@H](O)CC[C@H]3[C@H]12 O=S(=O)(O)c1ccc([Hg])cc1 [Ni+2]
2YJD,1QKN,Q92731,ESR2,ACT RAL,CC(=O)[O-] O=C(c1ccc(OCCN2CCCCC2)cc1)c1c(-c2ccc(O)cc2)sc2cc(O)ccc12
2YJD,1U3R,Q92731,ESR2,338,Oc1ccc2nc(-c3cccc4c(O)cccc34)oc2c1
2I0G,3OMQ,Q92731,ESR2,W23,O=S(=O)(N1CCc2cc(O)ccc2C1)C(F)(F)F
2I0G,4ZI1,Q92731,ESR2,KB0,Cc1cc(O)cc2c1CC(c1ccc(O)cc1)=C2c1ccccc1
1U3Q,1YYE,Q92731,ESR2,196,N#Cc1cc(-c2ccc(O)c(F)c2)cc2ccc(O)cc12
1U3Q,2YLY,Q92731,ESR2,SO4 SU4,O=S(=O)([O-])[O-] C[C@](O)(CN(C1CC1)S(=O)(=O)c1ccc(O)cc1)c1ccccc1
1U3Q,1HJ1,Q92731,ESR2,AOE PMB NI,CCCCN(C)C(=O)CCCCCCCCCC[C@@H]1Cc2cc(O)ccc2[C@H]2CC[C@]3(C)[C@@H](O)CC[C@H]3[C@H]12 O=S(=O)(O)c1ccc([Hg])cc1 [Ni+2]
1U3Q,1U3R,Q92731,ESR2,338,Oc1ccc2nc(-c3cccc4c(O)cccc34)oc2c1
3OMO,2JJ3,Q92731,ESR2,JJ3,COCc1cc(O)cc2c1O[C@@H](c1ccc(O)cc1)[C@H]1CCC[C@@H]21
1NFY,2Y81,P00742,F10,931 CA MG,O=C1[C@@H](NS(=O)(=O)c2ccc3cc(Cl)ccc3c2)CCN1c1ccc([C@H]2CCCN2)cc1F [Ca+2] [Mg+2]
1NFY,2PR3,P00742,F10,CA 237,[Ca+2] CO[C@@H]1C[C@H](C(=O)Nc2ccc(-c3ccccc3S(C)(=O)=O)cc2F)N(C(=O)Nc2ccc(Cl)cc2)C1
1NFY,2Y5G,P00742,F10,NA FJD,[Na+] C[N+](C)(C)CCCN1C(=O)[C@@H]2[C@H](C1=O)[C@H](c1ncc(-c3ccc(Cl)s3)o1)N1CCC[C@@H]21
2Y7Z,2J4I,P00742,F10,GSJ CA,CC(C)N(CCNS(C)(=O)=O)C(=O)[C@H](C)N1CC[C@H](NS(=O)(=O)c2ccc3cc(Cl)ccc3c2)C1=O [Ca+2]
2EI6,1Z6E,P00742,F10,IK8,CN(C)Cc1nccn1-c1ccc(NC(=O)c2cc(C(F)(F)F)nn2-c2ccc3onc(N)c3c2)c(F)c1
4Y7A,2J95,P00742,F10,CA GSX,[Ca+2] C[C@@H](C(=O)N1CCOCC1)N1CC[C@H](NS(=O)(=O)c2ccc(-c3ccc(Cl)s3)s2)C1=O
2FZZ,2Y5F,P00742,F10,NA XWG,[Na+] O=C1[C@@H]2[C@H](C(=O)N1CCC[N+]1(CCO)CCCC1)[C@H](c1cc(-c3ccc(Cl)s3)on1)N1CCC[C@@H]21
3M37,2XC4,P00742,F10,CA NA IVK,[Ca+2] [Na+] O=C(Nc1ccc(Cl)cc1)[C@H]1CN(CC(F)(F)F)C[C@@H]1C(=O)Nc1ccc(-n2ccccc2=O)cc1F
3M37,1IQN,P00742,F10,XMC CA,O=C([C@H]1CN(S(=O)(=O)c2ccc3cc(Cl)ccc3c2)CC(=O)N1CC1CCN(c2ccncc2)CC1)N1CCOCC1 [Ca+2]
3M37,2PR3,P00742,F10,CA 237,[Ca+2] CO[C@@H]1C[C@H](C(=O)Nc2ccc(-c3ccccc3S(C)(=O)=O)cc2F)N(C(=O)Nc2ccc(Cl)cc2)C1
3M37,2Y5G,P00742,F10,NA FJD,[Na+] C[N+](C)(C)CCCN1C(=O)[C@@H]2[C@H](C1=O)[C@H](c1ncc(-c3ccc(Cl)s3)o1)N1CCC[C@@H]21
2Q1J,3KQD,P00742,F10,LGL NA,O=C1c2c(c(C(F)(F)F)nn2-c2cccc(-c3n[nH]c(=O)[nH]3)c2)CCN1c1ccc(-c2ccccc2CN2CCCC2)cc1 [Na+]
2Q1J,4Y7A,P00742,F10,CA MG 987,[Ca+2] [Mg+2] C[C@@H](C(=O)N1CCC[C@H](N)C1)N1CC[C@H](NS(=O)(=O)c2ccc3cc(Cl)ccc3c2)C1=O
1NFU,1NFX,P00742,F10,CA RDR,[Ca+2] O=C1CN(S(=O)(=O)c2cc3ccc(Cl)cc3s2)CCN1Cc1cc2cnccc2n1CCO
2VH0,2PHB,P00742,F10,CA 230,[Ca+2] CO[C@@H]1C[C@H](C(=O)Nc2ccc(-n3ccccc3=O)cc2F)N(C(=O)Nc2ccc(Cl)cc2)C1
2VH0,2Q1J,P00742,F10,CA FXI,[Ca+2] CCCCN(C(=O)Nc1ccc(Cl)cc1)C1(C(=O)Nc2ccc(-c3ccccc3S(C)(=O)=O)cc2F)CC1
1IQJ,3M36,P00742,F10,M35 CA,CS(=O)(=O)c1ccccc1-c1ccc(NC(=O)c2cc(C(F)(F)F)nn2-c2cccc(CN)c2)c(F)c1 [Ca+2]
1EZQ,2VVC,P00742,F10,LZF CA NA,CO[C@H]1CN(CC(=O)Nc2ccc(-n3ccccc3=O)cc2F)C[C@@H]1NC(=O)c1ccc(Cl)s1 [Ca+2] [Na+]
1EZQ,2Q1J,P00742,F10,CA FXI,[Ca+2] CCCCN(C(=O)Nc1ccc(Cl)cc1)C1(C(=O)Nc2ccc(-c3ccccc3S(C)(=O)=O)cc2F)CC1
1EZQ,2WYJ,P00742,F10,898,C[C@@H](c1ccc(N2CC[C@H](NS(=O)(=O)/C=C/c3ccc(Cl)s3)C2=O)c(F)c1)N(C)C
1NFW,2VWM,P00742,F10,LZI NA,O=C(CN1C[C@H](NC(=O)c2ccc(Cl)s2)C[C@H]1C(=O)NCC1CC1)Nc1ccc(-n2ccccc2=O)cc1F [Na+]
2XBV,2FZZ,P00742,F10,5QC,Nc1noc2ccc(-n3nc(C(F)(F)F)c4c3C(=O)N(c3ccc(-c5ccccc5CN5CC[C@@H](O)C5)cc3)CC4)cc12
2XBV,2Y82,P00742,F10,MG CA 930,[Mg+2] [Ca+2] O=C1[C@@H](NS(=O)(=O)c2ccc3cc(Cl)ccc3c2)CCN1c1ccc([C@@H]2CCCN2)cc1F
4ZHA,3TK5,P00742,F10,CA D1Q,[Ca+2] CC(C)N1CCc2nc(C(=O)Nc3cc(C(=O)O)ccc3CCC(=O)Nc3ccc(Cl)cc3)sc2C1
3M36,2Y80,P00742,F10,MG CA 439,[Mg+2] [Ca+2] CN(C)[C@@H]1CCc2cc(N3CC[C@H](NS(=O)(=O)c4ccc5cc(Cl)ccc5c4)C3=O)ccc21
1KSN,1IQI,P00742,F10,CA XMG,[Ca+2] O=C(O)[C@@H]1CN(S(=O)(=O)c2ccc3cc(Cl)ccc3c2)CCN1CC1CCN(c2ccncc2)CC1
1KSN,2XC4,P00742,F10,CA NA IVK,[Ca+2] [Na+] O=C(Nc1ccc(Cl)cc1)[C@H]1CN(CC(F)(F)F)C[C@@H]1C(=O)Nc1ccc(-n2ccccc2=O)cc1F
1KSN,2VWM,P00742,F10,LZI NA,O=C(CN1C[C@H](NC(=O)c2ccc(Cl)s2)C[C@H]1C(=O)NCC1CC1)Nc1ccc(-n2ccccc2=O)cc1F [Na+]
1KSN,2XBV,P00742,F10,XBV CA NA,O=C(Nc1ccc(Cl)cn1)[C@H]1CN(CC(F)F)C[C@@H]1C(=O)Nc1ccc(-n2ccccc2=O)cc1F [Ca+2] [Na+]
2XBY,3KL6,P00742,F10,443 EDO CA,O=C([C@H](O)CS(=O)(=O)c1ccc2cc(Cl)ccc2c1)N1CCC(N2CCCNC2=O)CC1 OCCO [Ca+2]
2PHB,2J94,P00742,F10,CA G15,[Ca+2] C[C@@H](C(=O)N1CCOCC1)N1CC[C@H](NS(=O)(=O)c2n[nH]c(-c3ccc(Cl)s3)n2)C1=O
2PHB,3Q3K,P00742,F10,CA D90,[Ca+2] CN1CCc2nc(C(=O)Nc3ccccc3NC(=O)c3cc4cc(Cl)ccc4[nH]3)sc2C1
4ZH8,2VVC,P00742,F10,LZF CA NA,CO[C@H]1CN(CC(=O)Nc2ccc(-n3ccccc3=O)cc2F)C[C@@H]1NC(=O)c1ccc(Cl)s1 [Ca+2] [Na+]
4ZH8,2G00,P00742,F10,4QC,CN(C)Cc1ccccc1-c1ccc(N2CCc3c(C(F)(F)F)nn(-c4cccc(C(N)=O)c4)c3C2=O)cc1
4ZH8,3KQE,P00742,F10,LGM NA,Cc1nn(-c2cccc(-c3n[nH]c(=O)[nH]3)c2)c2c1CCN(c1ccc(-c3ccccc3CN3CCCC3)cc1)C2=O [Na+]
2J34,4ZH8,P00742,F10,4O4 CA,CCC(=O)CN([C@H]1C=CN([C@@H](C)C(=O)N2CCOCC2)C1=O)S(=O)(=O)c1ccc2cc(Cl)ccc2c1 [Ca+2]
1IQE,3KQB,P00742,F10,LGJ NA,CS(=O)(=O)c1ccccc1-c1ccc(NC(=O)c2cc(C(F)(F)F)nn2-c2cccc(-c3n[nH]c(=O)[nH]3)c2)c(F)c1 [Na+]
1IQE,2RA0,P00742,F10,JNJ,CN(C)Cc1nccn1-c1ccc(-c2ccc3c(C(N)=O)nn(-c4ccc5onc(N)c5c4)c3c2F)c(F)c1
2VVV,2XC0,P00742,F10,8NC CA NA,COc1ccc(NC(=O)[C@H]2CN(S(C)(=O)=O)C[C@@H]2C(=O)Nc2ccc(-n3ccccc3=O)cc2F)cc1F [Ca+2] [Na+]
2XBX,2VWM,P00742,F10,LZI NA,O=C(CN1C[C@H](NC(=O)c2ccc(Cl)s2)C[C@H]1C(=O)NCC1CC1)Nc1ccc(-n2ccccc2=O)cc1F [Na+]
2XBX,2EI6,P00742,F10,CA D92,[Ca+2] CN1CCc2nc(C(=O)N[C@@H]3CCCC[C@@H]3NC(=O)c3cc4cc(Cl)ccc4[nH]3)sc2C1
2J94,2XBV,P00742,F10,XBV CA NA,O=C(Nc1ccc(Cl)cn1)[C@H]1CN(CC(F)F)C[C@@H]1C(=O)Nc1ccc(-n2ccccc2=O)cc1F [Ca+2] [Na+]
1IQN,3FFG,P00742,F10,FFG,O=C1c2c(c(C(F)(F)F)nn2-c2cccc(-c3n[nH]c(=O)[nH]3)c2)CCN1c1ccc(-c2ccccc2CN2CC[C@@H](O)C2)cc1
1IQN,2G00,P00742,F10,4QC,CN(C)Cc1ccccc1-c1ccc(N2CCc3c(C(F)(F)F)nn(-c4cccc(C(N)=O)c4)c3C2=O)cc1
1IQN,1F0R,P00742,F10,815 CA,Nc1nccc2ccc(CN3CC[C@H](NS(=O)(=O)c4cc5ncccc5s4)C3=O)cc12 [Ca+2]
1IQN,2EI7,P00742,F10,CA D93,[Ca+2] CN1CCc2nc(C(=O)N[C@@H]3CCCC[C@H]3NC(=O)c3cc4cc(Cl)ccc4[nH]3)sc2C1
2XC0,2VWM,P00742,F10,LZI NA,O=C(CN1C[C@H](NC(=O)c2ccc(Cl)s2)C[C@H]1C(=O)NCC1CC1)Nc1ccc(-n2ccccc2=O)cc1F [Na+]
2XC0,2CJI,P00742,F10,CA GSK,[Ca+2] C[C@@H](C(=O)N1CCOCC1)N1CC[C@H](NS(=O)(=O)c2ccc3cc(Cl)ccc3c2)C1=O
2XC0,1FAX,P00742,F10,CA DX9,[Ca+2] CC(=N)N1CC[C@H](Oc2ccc([C@H](Cc3ccc4ccc(C(=N)N)cc4c3)C(=O)O)cc2)C1
1IQM,1G2L,P00742,F10,T87 CA,CCOC(=O)CO/N=C(/c1ccccn1)C1(c2ccc3c(c2)nc(CNc2ccc(C(=N)N)cc2)n3C)CC1 [Ca+2]
2WYG,1Z6E,P00742,F10,IK8,CN(C)Cc1nccn1-c1ccc(NC(=O)c2cc(C(F)(F)F)nn2-c2ccc3onc(N)c3c2)c(F)c1
2VWM,3Q3K,P00742,F10,CA D90,[Ca+2] CN1CCc2nc(C(=O)Nc3ccccc3NC(=O)c3cc4cc(Cl)ccc4[nH]3)sc2C1
2VWM,4ZHA,P00742,F10,CA MG 4O5,[Ca+2] [Mg+2] CNC(=O)c1ccc(N2C=C[C@H](NS(=O)(=O)/C=C/c3ccc(Cl)s3)C2=O)c(F)c1
2VVC,2Q1J,P00742,F10,CA FXI,[Ca+2] CCCCN(C(=O)Nc1ccc(Cl)cc1)C1(C(=O)Nc2ccc(-c3ccccc3S(C)(=O)=O)cc2F)CC1
4Y79,2UWL,P00742,F10,895,C[C@@H](C(=O)N1CCOCC1)N1CC[C@H](NS(=O)(=O)/C=C/c2ccc(Cl)s2)C1=O
4Y7B,2PR3,P00742,F10,CA 237,[Ca+2] CO[C@@H]1C[C@H](C(=O)Nc2ccc(-c3ccccc3S(C)(=O)=O)cc2F)N(C(=O)Nc2ccc(Cl)cc2)C1
2G00,2VWM,P00742,F10,LZI NA,O=C(CN1C[C@H](NC(=O)c2ccc(Cl)s2)C[C@H]1C(=O)NCC1CC1)Nc1ccc(-n2ccccc2=O)cc1F [Na+]
3KQD,2W3K,P00742,F10,L1D CA,O=C(Nc1ccc(-n2ccccc2=O)cc1F)[C@H]1C[C@](O)(c2ccccc2)CN1C(=O)Nc1ccc(Cl)cc1 [Ca+2]
3TK5,2Y7Z,P00742,F10,MG CA C0Z,[Mg+2] [Ca+2] CN(C)[C@H]1CCc2cc(N3CC[C@H](NS(=O)(=O)c4ccc5cc(Cl)ccc5c4)C3=O)ccc21
2VH6,1XKA,P00742,F10,4PP CA,N=C(N)c1cccc(-c2cccc([C@H](CCCNc3ccncc3)C(=O)O)c2)c1 [Ca+2]
2W3I,3CEN,P00742,F10,FXA,O=C(Nc1ccccc1S(=O)(=O)Nc1ccc(Cl)cn1)c1ccc(-n2ccccc2=O)cc1
2W3I,1G2L,P00742,F10,T87 CA,CCOC(=O)CO/N=C(/c1ccccn1)C1(c2ccc3c(c2)nc(CNc2ccc(C(=N)N)cc2)n3C)CC1 [Ca+2]
2XC5,1EZQ,P00742,F10,CA RPR,[Ca+2] COC(=O)[C@H](Cc1cccc(C(=N)N)c1)[C@@H](C)NC(=O)c1ccc(-c2cccc(CN)c2)cc1
3KQE,2XC0,P00742,F10,8NC CA NA,COc1ccc(NC(=O)[C@H]2CN(S(C)(=O)=O)C[C@@H]2C(=O)Nc2ccc(-n3ccccc3=O)cc2F)cc1F [Ca+2] [Na+]
1F0S,3KQD,P00742,F10,LGL NA,O=C1c2c(c(C(F)(F)F)nn2-c2cccc(-c3n[nH]c(=O)[nH]3)c2)CCN1c1ccc(-c2ccccc2CN2CCCC2)cc1 [Na+]
1F0S,2UWL,P00742,F10,895,C[C@@H](C(=O)N1CCOCC1)N1CC[C@H](NS(=O)(=O)/C=C/c2ccc(Cl)s2)C1=O
1F0S,4Y7A,P00742,F10,CA MG 987,[Ca+2] [Mg+2] C[C@@H](C(=O)N1CCC[C@H](N)C1)N1CC[C@H](NS(=O)(=O)c2ccc3cc(Cl)ccc3c2)C1=O
3Q3K,1MQ6,P00742,F10,GOL XLD CA,OCC(O)CO COc1cc(Cl)cc(C(=O)Nc2ccc(Cl)cn2)c1NC(=O)c1scc(CN(C)C2=NCCO2)c1Cl [Ca+2]
2D1J,2Y5F,P00742,F10,NA XWG,[Na+] O=C1[C@@H]2[C@H](C(=O)N1CCC[N+]1(CCO)CCCC1)[C@H](c1cc(-c3ccc(Cl)s3)on1)N1CCC[C@@H]21
1G2M,2VVU,P00742,F10,H22 CA NA,O=C(CN1CC[C@@H](NC(=O)c2ccc(Cl)s2)C1)Nc1ccc(-n2ccccc2=O)cc1F [Ca+2] [Na+]
1FJS,1IQH,P00742,F10,XMF CA,O=C1CN(S(=O)(=O)c2ccc3cc(Cl)ccc3c2)CCN1CC1(CO)CCN(c2ccncc2)CC1 [Ca+2]
1XKA,2CJI,P00742,F10,CA GSK,[Ca+2] C[C@@H](C(=O)N1CCOCC1)N1CC[C@H](NS(=O)(=O)c2ccc3cc(Cl)ccc3c2)C1=O
1XKA,2XBY,P00742,F10,NA CA 63C,[Na+] [Ca+2] CNC(=O)CN1C[C@H](C(=O)Nc2ccc(Cl)cc2)[C@@H](C(=O)Nc2ccc(-n3ccccc3=O)cc2F)C1
3KQB,3KQD,P00742,F10,LGL NA,O=C1c2c(c(C(F)(F)F)nn2-c2cccc(-c3n[nH]c(=O)[nH]3)c2)CCN1c1ccc(-c2ccccc2CN2CCCC2)cc1 [Na+]
3KQB,1IQL,P00742,F10,XMJ CA,O=C1CN(S(=O)(=O)/C=C/c2ccc(Cl)cc2)CCN1CC1CCN(c2ccncc2)CC1 [Ca+2]
2CJI,2WYG,P00742,F10,461,C[C@H](c1ccc(N2CC[C@H](NS(=O)(=O)/C=C/c3ccc(Cl)s3)C2=O)c(F)c1)N(C)C
1IQG,1IQI,P00742,F10,CA XMG,[Ca+2] O=C(O)[C@@H]1CN(S(=O)(=O)c2ccc3cc(Cl)ccc3c2)CCN1CC1CCN(c2ccncc2)CC1
1IQH,1NFU,P00742,F10,RRP CA,N=C(N)c1cccc(CN2CCN(S(=O)(=O)c3cc4ccc(Cl)cc4s3)CC2=O)c1 [Ca+2]
1F0R,2FZZ,P00742,F10,5QC,Nc1noc2ccc(-n3nc(C(F)(F)F)c4c3C(=O)N(c3ccc(-c5ccccc5CN5CC[C@@H](O)C5)cc3)CC4)cc12
2P93,3IIT,P00742,F10,CA D14,[Ca+2] CN1Cc2nc(C(=O)N[C@@H]3C[C@@H](C(=O)N(C)C)CC[C@@H]3NC(=O)c3cc4ccc(Cl)cc4cn3)sc2C1
1FAX,2XC0,P00742,F10,8NC CA NA,COc1ccc(NC(=O)[C@H]2CN(S(C)(=O)=O)C[C@@H]2C(=O)Nc2ccc(-n3ccccc3=O)cc2F)cc1F [Ca+2] [Na+]
1FAX,1F0R,P00742,F10,815 CA,Nc1nccc2ccc(CN3CC[C@H](NS(=O)(=O)c4cc5ncccc5s4)C3=O)cc12 [Ca+2]
3KQC,4Y6D,P00742,F10,48U,CN(C)C(=O)c1ccc(N2CC[C@H](NS(=O)(=O)/C=C/c3ccc(Cl)s3)C2=O)c(F)c1
3KQC,2P93,P00742,F10,ME1,O=C(NCCNC(=O)c1ccc(Cl)s1)c1ccc(-n2ccccc2=O)cc1
2J38,2WYG,P00742,F10,461,C[C@H](c1ccc(N2CC[C@H](NS(=O)(=O)/C=C/c3ccc(Cl)s3)C2=O)c(F)c1)N(C)C
1IQF,4Y6D,P00742,F10,48U,CN(C)C(=O)c1ccc(N2CC[C@H](NS(=O)(=O)/C=C/c3ccc(Cl)s3)C2=O)c(F)c1
5K0H,2UWO,P00742,F10,701,C/C(=C\S(=O)(=O)N[C@H]1CCN([C@@H](C)C(=O)N2CCOCC2)C1=O)c1ccc(Cl)s1
2Y81,3KQC,P00742,F10,LGK NA,CS(=O)(=O)c1ccccc1-c1ccc(N2CCc3c(C(F)(F)F)nn(-c4cccc(-c5n[nH]c(=O)[nH]5)c4)c3C2=O)cc1 [Na+]
2Y80,1F0R,P00742,F10,815 CA,Nc1nccc2ccc(CN3CC[C@H](NS(=O)(=O)c4cc5ncccc5s4)C3=O)cc12 [Ca+2]
2Y5G,2UWO,P00742,F10,701,C/C(=C\S(=O)(=O)N[C@H]1CCN([C@@H](C)C(=O)N2CCOCC2)C1=O)c1ccc(Cl)s1
2Y5G,1F0S,P00742,F10,PR2 CA,O=C1[C@@H](NS(=O)(=O)c2cc3ncccc3s2)CCN1Cc1cc2ccncc2[nH]1 [Ca+2]
2Y5G,2Y81,P00742,F10,931 CA MG,O=C1[C@@H](NS(=O)(=O)c2ccc3cc(Cl)ccc3c2)CCN1c1ccc([C@H]2CCCN2)cc1F [Ca+2] [Mg+2]
2RA0,2W26,P00742,F10,RIV CA,O=C(NC[C@H]1CN(c2ccc(N3CCOCC3=O)cc2)C(=O)O1)c1ccc(Cl)s1 [Ca+2]
2P16,2EI7,P00742,F10,CA D93,[Ca+2] CN1CCc2nc(C(=O)N[C@@H]3CCCC[C@H]3NC(=O)c3cc4cc(Cl)ccc4[nH]3)sc2C1
2J4I,2P16,P00742,F10,CA GG2,[Ca+2] COc1ccc(-n2nc(C(N)=O)c3c2C(=O)N(c2ccc(N4CCCCC4=O)cc2)CC3)cc1
2J4I,3KQE,P00742,F10,LGM NA,Cc1nn(-c2cccc(-c3n[nH]c(=O)[nH]3)c2)c2c1CCN(c1ccc(-c3ccccc3CN3CCCC3)cc1)C2=O [Na+]
1CVW,4ZMA,P08709,F7,0Z6 CAC FUC BGC CA,NC(=[NH2+])NCCC[C@H](NC(=O)[C@H](Cc1ccccc1)NC(=O)[C@H](N)Cc1ccccc1)[C@H](O)CCl C[As](C)(=O)[O-] C[C@@H]1O[C@@H](O)[C@@H](O)[C@H](O)[C@@H]1O OC[C@H]1O[C@@H](O)[C@H](O)[C@@H](O)[C@@H]1O [Ca+2]
1CVW,4ZXX,P08709,F7,SO4 CA 4T0,O=S(=O)([O-])[O-] [Ca+2] CC(=O)Nc1ccc(S(=O)(=O)C(C)C)c([C@H]2CCCN2C(=O)[C@H](Nc2ccc3c(N)nccc3c2)c2ccccc2)c1
4X8S,1WV7,P08709,F7,BGC FUC CA 5PI,OC[C@H]1O[C@@H](O)[C@H](O)[C@@H](O)[C@@H]1O C[C@@H]1O[C@@H](O)[C@@H](O)[C@H](O)[C@@H]1O [Ca+2] CCCOc1ccc2[nH]cc(C[C@@H](NS(=O)(=O)CC)C(=O)N[C@@H](CCC(N)=O)C(=O)NCc3ccc(C(=N)N)cc3)c2c1
1QFK,4X8S,P08709,F7,3Z7 CA SO4 GOL,COc1cc(Br)ccc1O [Ca+2] O=S(=O)([O-])[O-] OCC(O)CO
1QFK,4X8T,P08709,F7,3Z8 CA SO4 GOL,O=C1NCCc2ccc(Cl)cc21 [Ca+2] O=S(=O)([O-])[O-] OCC(O)CO
1QFK,1YGC,P08709,F7,905 SO4 CA,CCOc1cc(OCC)c(F)c([C@@H](Nc2ccc(C(=N)N)c(O)c2)C(=O)NS(=O)(=O)c2cccc(N)c2)c1 O=S(=O)([O-])[O-] [Ca+2]
5U6J,1WTG,P08709,F7,BGC FUC CA 3BP,OC[C@H]1O[C@@H](O)[C@H](O)[C@@H](O)[C@@H]1O C[C@@H]1O[C@@H](O)[C@@H](O)[C@H](O)[C@@H]1O [Ca+2] CCS(=O)(=O)N[C@H](Cc1ccc(-c2ccccc2)cc1)C(=O)N[C@@H](CCC(N)=O)C(=O)NCc1ccc(C(=N)N)cc1
5U6J,5L30,P08709,F7,70A CA SO4 GOL,Cc1cc2ccc1[C@@H](C)COC(=O)Nc1ccc(C3(c4nnn[nH]4)CC3)c(c1)CN(C)C(=O)[C@@H]2Nc1ccc2c(N)nccc2c1 [Ca+2] O=S(=O)([O-])[O-] OCC(O)CO
5U6J,2F9B,P08709,F7,N1H,Nc1ccc2[nH]c(-c3cc(CC(=O)O)cc(-c4cccc([N+](=O)[O-])c4)c3O)cc2n1
1W2K,1W8B,P08709,F7,413 CA,COc1cc([C@@H](Nc2ccc(C(=N)N)cc2)C(=O)N[C@H](C(=O)O)c2ccccc2)ccc1OCc1ccccc1 [Ca+2]
1W2K,4X8V,P08709,F7,3Z9 CA SO4 GOL,COC(=O)Nc1ccc(S(=O)(=O)C(C)C)c([C@H]2CCCN2C(=O)[C@H](Nc2ccc3c(c2)C(=O)NCC3)c2ccc(OC)c(OC)c2)c1 [Ca+2] O=S(=O)([O-])[O-] OCC(O)CO
1W2K,5L30,P08709,F7,70A CA SO4 GOL,Cc1cc2ccc1[C@@H](C)COC(=O)Nc1ccc(C3(c4nnn[nH]4)CC3)c(c1)CN(C)C(=O)[C@@H]2Nc1ccc2c(N)nccc2c1 [Ca+2] O=S(=O)([O-])[O-] OCC(O)CO
1W2K,4X8S,P08709,F7,3Z7 CA SO4 GOL,COc1cc(Br)ccc1O [Ca+2] O=S(=O)([O-])[O-] OCC(O)CO
1W2K,1WV7,P08709,F7,BGC FUC CA 5PI,OC[C@H]1O[C@@H](O)[C@H](O)[C@@H](O)[C@@H]1O C[C@@H]1O[C@@H](O)[C@@H](O)[C@H](O)[C@@H]1O [Ca+2] CCCOc1ccc2[nH]cc(C[C@@H](NS(=O)(=O)CC)C(=O)N[C@@H](CCC(N)=O)C(=O)NCc3ccc(C(=N)N)cc3)c2c1
4ZMA,2FLR,P08709,F7,7NH,NC(=O)NCc1cccc(-c2cccc(-c3cc4cnccc4[nH]3)c2O)c1
4ZMA,1YGC,P08709,F7,905 SO4 CA,CCOc1cc(OCC)c(F)c([C@@H](Nc2ccc(C(=N)N)c(O)c2)C(=O)NS(=O)(=O)c2cccc(N)c2)c1 O=S(=O)([O-])[O-] [Ca+2]
4ZMA,1W2K,P08709,F7,380 CA CAC FUC BGC,COc1ccc([C@@H](Nc2ccc(C(=N)N)cc2)C(=O)NCc2ccccc2)cc1OC [Ca+2] C[As](C)(=O)[O-] C[C@@H]1O[C@@H](O)[C@@H](O)[C@H](O)[C@@H]1O OC[C@H]1O[C@@H](O)[C@H](O)[C@@H](O)[C@@H]1O
4ZMA,1WV7,P08709,F7,BGC FUC CA 5PI,OC[C@H]1O[C@@H](O)[C@H](O)[C@@H](O)[C@@H]1O C[C@@H]1O[C@@H](O)[C@@H](O)[C@H](O)[C@@H]1O [Ca+2] CCCOc1ccc2[nH]cc(C[C@@H](NS(=O)(=O)CC)C(=O)N[C@@H](CCC(N)=O)C(=O)NCc3ccc(C(=N)N)cc3)c2c1
1WSS,1O5D,P08709,F7,CR9,C[C@H]1CCCC[C@@H]1Oc1cccc(-c2nc3cc(C(N)=[NH2+])c(F)cc3[nH]2)c1[O-]
1WSS,2ZWL,P08709,F7,BGC FUC CA 567,OC[C@H]1O[C@@H](O)[C@H](O)[C@@H](O)[C@@H]1O C[C@@H]1O[C@@H](O)[C@@H](O)[C@H](O)[C@@H]1O [Ca+2] N=C(N)c1ccc(CNC(=O)[C@H](CCC(N)=O)NC(=O)[C@@H](Cc2c[nH]c3ccccc23)NS(=O)(=O)CC(=O)O)cc1
4ISH,2FLB,P08709,F7,6NH,N=C(N)c1ccc2[nH]c(-c3n[nH]c(-c4ccccc4)c3O)nc2c1
4ISH,1O5D,P08709,F7,CR9,C[C@H]1CCCC[C@@H]1Oc1cccc(-c2nc3cc(C(N)=[NH2+])c(F)cc3[nH]2)c1[O-]
4ISH,1W2K,P08709,F7,380 CA CAC FUC BGC,COc1ccc([C@@H](Nc2ccc(C(=N)N)cc2)C(=O)NCc2ccccc2)cc1OC [Ca+2] C[As](C)(=O)[O-] C[C@@H]1O[C@@H](O)[C@@H](O)[C@H](O)[C@@H]1O OC[C@H]1O[C@@H](O)[C@H](O)[C@@H](O)[C@@H]1O
1WTG,2ZZU,P08709,F7,BGC FUC CA 359,OC[C@H]1O[C@@H](O)[C@H](O)[C@@H](O)[C@@H]1O C[C@@H]1O[C@@H](O)[C@@H](O)[C@H](O)[C@@H]1O [Ca+2] CCS(=O)(=O)N[C@H](Cc1c[nH]c2ccc(OCc3cccc(C(=O)O)c3)cc12)C(=O)N[C@@H](CCC(N)=O)C(=O)NCc1ccc(C(=N)N)cc1
1WTG,2B7D,P08709,F7,C1B,N=C(N)c1ccc2nc(-c3cc([C@@H](CC(=O)O)C(=O)O)cc(-c4cc(CNC(N)=O)ccc4O)c3O)[nH]c2c1
1WTG,1YGC,P08709,F7,905 SO4 CA,CCOc1cc(OCC)c(F)c([C@@H](Nc2ccc(C(=N)N)c(O)c2)C(=O)NS(=O)(=O)c2cccc(N)c2)c1 O=S(=O)([O-])[O-] [Ca+2]
1W8B,2EC9,P08709,F7,ASO FUC CA 24X,OC[C@H]1OC[C@H](O)[C@@H](O)[C@@H]1O C[C@@H]1O[C@@H](O)[C@@H](O)[C@H](O)[C@@H]1O [Ca+2] C=Cc1ccc(-c2ccc(C(=O)NCC(C)C)cc2C(=O)O)c(CNc2ccc(C(=N)N)cn2)c1
1W8B,2F9B,P08709,F7,N1H,Nc1ccc2[nH]c(-c3cc(CC(=O)O)cc(-c4cccc([N+](=O)[O-])c4)c3O)cc2n1
1W8B,1W2K,P08709,F7,380 CA CAC FUC BGC,COc1ccc([C@@H](Nc2ccc(C(=N)N)cc2)C(=O)NCc2ccccc2)cc1OC [Ca+2] C[As](C)(=O)[O-] C[C@@H]1O[C@@H](O)[C@@H](O)[C@H](O)[C@@H]1O OC[C@H]1O[C@@H](O)[C@H](O)[C@@H](O)[C@@H]1O
4X8U,4ZMA,P08709,F7,0Z6 CAC FUC BGC CA,NC(=[NH2+])NCCC[C@H](NC(=O)[C@H](Cc1ccccc1)NC(=O)[C@H](N)Cc1ccccc1)[C@H](O)CCl C[As](C)(=O)[O-] C[C@@H]1O[C@@H](O)[C@@H](O)[C@H](O)[C@@H]1O OC[C@H]1O[C@@H](O)[C@H](O)[C@@H](O)[C@@H]1O [Ca+2]
4X8U,2ZWL,P08709,F7,BGC FUC CA 567,OC[C@H]1O[C@@H](O)[C@H](O)[C@@H](O)[C@@H]1O C[C@@H]1O[C@@H](O)[C@@H](O)[C@H](O)[C@@H]1O [Ca+2] N=C(N)c1ccc(CNC(=O)[C@H](CCC(N)=O)NC(=O)[C@@H](Cc2c[nH]c3ccccc23)NS(=O)(=O)CC(=O)O)cc1
2AEI,1WUN,P08709,F7,BGC FUC CA P5B,OC[C@H]1O[C@@H](O)[C@H](O)[C@@H](O)[C@@H]1O C[C@@H]1O[C@@H](O)[C@@H](O)[C@H](O)[C@@H]1O [Ca+2] CCS(=O)(=O)N[C@H](Cc1c[nH]c2ccccc12)C(=O)N[C@@H](CCC(N)=O)C(=O)NCc1ccc(C(=N)N)cc1
2AEI,1W2K,P08709,F7,380 CA CAC FUC BGC,COc1ccc([C@@H](Nc2ccc(C(=N)N)cc2)C(=O)NCc2ccccc2)cc1OC [Ca+2] C[As](C)(=O)[O-] C[C@@H]1O[C@@H](O)[C@@H](O)[C@H](O)[C@@H]1O OC[C@H]1O[C@@H](O)[C@H](O)[C@@H](O)[C@@H]1O
2EC9,4ISI,P08709,F7,1GG CA,CCC1(CC)C[C@@H](C(=O)NCc2ccc(C(=N)N)cc2)n2c1c(Cl)nc(NC1CCC1)c2=O [Ca+2]
1WQV,2ZWL,P08709,F7,BGC FUC CA 567,OC[C@H]1O[C@@H](O)[C@H](O)[C@@H](O)[C@@H]1O C[C@@H]1O[C@@H](O)[C@@H](O)[C@H](O)[C@@H]1O [Ca+2] N=C(N)c1ccc(CNC(=O)[C@H](CCC(N)=O)NC(=O)[C@@H](Cc2c[nH]c3ccccc23)NS(=O)(=O)CC(=O)O)cc1
2ZZU,1WUN,P08709,F7,BGC FUC CA P5B,OC[C@H]1O[C@@H](O)[C@H](O)[C@@H](O)[C@@H]1O C[C@@H]1O[C@@H](O)[C@@H](O)[C@H](O)[C@@H]1O [Ca+2] CCS(=O)(=O)N[C@H](Cc1c[nH]c2ccccc12)C(=O)N[C@@H](CCC(N)=O)C(=O)NCc1ccc(C(=N)N)cc1
2ZZU,1YGC,P08709,F7,905 SO4 CA,CCOc1cc(OCC)c(F)c([C@@H](Nc2ccc(C(=N)N)c(O)c2)C(=O)NS(=O)(=O)c2cccc(N)c2)c1 O=S(=O)([O-])[O-] [Ca+2]
2ZZU,2BZ6,P08709,F7,346 SO4 CA,CCOc1cc(O[C@@H]2CCOC2)c(F)c([C@@H](Nc2ccc(C(=N)N)cc2)C(=O)O)c1 O=S(=O)([O-])[O-] [Ca+2]
5L30,1O5D,P08709,F7,CR9,C[C@H]1CCCC[C@@H]1Oc1cccc(-c2nc3cc(C(N)=[NH2+])c(F)cc3[nH]2)c1[O-]
5L30,1WQV,P08709,F7,BGC FUC CA PSM,OC[C@H]1O[C@@H](O)[C@H](O)[C@@H](O)[C@@H]1O C[C@@H]1O[C@@H](O)[C@@H](O)[C@H](O)[C@@H]1O [Ca+2] CCCS(=O)(=O)N[C@@H](C(=O)N[C@@H](CCSC)C(=O)NCc1ccc(C(=N)N)cc1)[C@H](C)O
1O5D,2FLB,P08709,F7,6NH,N=C(N)c1ccc2[nH]c(-c3n[nH]c(-c4ccccc4)c3O)nc2c1
1O5D,2B7D,P08709,F7,C1B,N=C(N)c1ccc2nc(-c3cc([C@@H](CC(=O)O)C(=O)O)cc(-c4cc(CNC(N)=O)ccc4O)c3O)[nH]c2c1
1O5D,4X8U,P08709,F7,3ZB CA SO4 GOL,O=C(O)c1cc2cc(Cl)ccc2[nH]1 [Ca+2] O=S(=O)([O-])[O-] OCC(O)CO
1W0Y,1WQV,P08709,F7,BGC FUC CA PSM,OC[C@H]1O[C@@H](O)[C@H](O)[C@@H](O)[C@@H]1O C[C@@H]1O[C@@H](O)[C@@H](O)[C@H](O)[C@@H]1O [Ca+2] CCCS(=O)(=O)N[C@@H](C(=O)N[C@@H](CCSC)C(=O)NCc1ccc(C(=N)N)cc1)[C@H](C)O
1WUN,2ZZU,P08709,F7,BGC FUC CA 359,OC[C@H]1O[C@@H](O)[C@H](O)[C@@H](O)[C@@H]1O C[C@@H]1O[C@@H](O)[C@@H](O)[C@H](O)[C@@H]1O [Ca+2] CCS(=O)(=O)N[C@H](Cc1c[nH]c2ccc(OCc3cccc(C(=O)O)c3)cc12)C(=O)N[C@@H](CCC(N)=O)C(=O)NCc1ccc(C(=N)N)cc1
4YT6,2FLR,P08709,F7,7NH,NC(=O)NCc1cccc(-c2cccc(-c3cc4cnccc4[nH]3)c2O)c1
4ISI,1O5D,P08709,F7,CR9,C[C@H]1CCCC[C@@H]1Oc1cccc(-c2nc3cc(C(N)=[NH2+])c(F)cc3[nH]2)c1[O-]
1WV7,4X8V,P08709,F7,3Z9 CA SO4 GOL,COC(=O)Nc1ccc(S(=O)(=O)C(C)C)c([C@H]2CCCN2C(=O)[C@H](Nc2ccc3c(c2)C(=O)NCC3)c2ccc(OC)c(OC)c2)c1 [Ca+2] O=S(=O)([O-])[O-] OCC(O)CO
1WV7,2B7D,P08709,F7,C1B,N=C(N)c1ccc2nc(-c3cc([C@@H](CC(=O)O)C(=O)O)cc(-c4cc(CNC(N)=O)ccc4O)c3O)[nH]c2c1
4ZXX,4X8V,P08709,F7,3Z9 CA SO4 GOL,COC(=O)Nc1ccc(S(=O)(=O)C(C)C)c([C@H]2CCCN2C(=O)[C@H](Nc2ccc3c(c2)C(=O)NCC3)c2ccc(OC)c(OC)c2)c1 [Ca+2] O=S(=O)([O-])[O-] OCC(O)CO
4ZXX,2BZ6,P08709,F7,346 SO4 CA,CCOc1cc(O[C@@H]2CCOC2)c(F)c([C@@H](Nc2ccc(C(=N)N)cc2)C(=O)O)c1 O=S(=O)([O-])[O-] [Ca+2]
4ZXY,2AEI,P08709,F7,CA CAC 03R,[Ca+2] C[As](C)(=O)[O-] C[C@@H](CCc1ccccc1)Nc1c(F)c(Oc2cccc(C(=N)N)c2)nc(Oc2ccccc2C(=O)O)c1F
2ZP0,4NA9,P08709,F7,1T7 CA,N=C(N)c1ccc2c(c1)[C@@H](c1ccccc1)C[C@@H](c1cc(N)cc(-c3ccccc3C(=O)O)c1)N2 [Ca+2]
2ZP0,1WQV,P08709,F7,BGC FUC CA PSM,OC[C@H]1O[C@@H](O)[C@H](O)[C@@H](O)[C@@H]1O C[C@@H]1O[C@@H](O)[C@@H](O)[C@H](O)[C@@H]1O [Ca+2] CCCS(=O)(=O)N[C@@H](C(=O)N[C@@H](CCSC)C(=O)NCc1ccc(C(=N)N)cc1)[C@H](C)O
1Z6J,1WTG,P08709,F7,BGC FUC CA 3BP,OC[C@H]1O[C@@H](O)[C@H](O)[C@@H](O)[C@@H]1O C[C@@H]1O[C@@H](O)[C@@H](O)[C@H](O)[C@@H]1O [Ca+2] CCS(=O)(=O)N[C@H](Cc1ccc(-c2ccccc2)cc1)C(=O)N[C@@H](CCC(N)=O)C(=O)NCc1ccc(C(=N)N)cc1
1Z6J,4ISI,P08709,F7,1GG CA,CCC1(CC)C[C@@H](C(=O)NCc2ccc(C(=N)N)cc2)n2c1c(Cl)nc(NC1CCC1)c2=O [Ca+2]
1Z6J,2ZWL,P08709,F7,BGC FUC CA 567,OC[C@H]1O[C@@H](O)[C@H](O)[C@@H](O)[C@@H]1O C[C@@H]1O[C@@H](O)[C@@H](O)[C@H](O)[C@@H]1O [Ca+2] N=C(N)c1ccc(CNC(=O)[C@H](CCC(N)=O)NC(=O)[C@@H](Cc2c[nH]c3ccccc23)NS(=O)(=O)CC(=O)O)cc1
1Z6J,1WV7,P08709,F7,BGC FUC CA 5PI,OC[C@H]1O[C@@H](O)[C@H](O)[C@@H](O)[C@@H]1O C[C@@H]1O[C@@H](O)[C@@H](O)[C@H](O)[C@@H]1O [Ca+2] CCCOc1ccc2[nH]cc(C[C@@H](NS(=O)(=O)CC)C(=O)N[C@@H](CCC(N)=O)C(=O)NCc3ccc(C(=N)N)cc3)c2c1
2B7D,2AEI,P08709,F7,CA CAC 03R,[Ca+2] C[As](C)(=O)[O-] C[C@@H](CCc1ccccc1)Nc1c(F)c(Oc2cccc(C(=N)N)c2)nc(Oc2ccccc2C(=O)O)c1F
2B7D,4NA9,P08709,F7,1T7 CA,N=C(N)c1ccc2c(c1)[C@@H](c1ccccc1)C[C@@H](c1cc(N)cc(-c3ccccc3C(=O)O)c1)N2 [Ca+2]
2B7D,1WUN,P08709,F7,BGC FUC CA P5B,OC[C@H]1O[C@@H](O)[C@H](O)[C@@H](O)[C@@H]1O C[C@@H]1O[C@@H](O)[C@@H](O)[C@H](O)[C@@H]1O [Ca+2] CCS(=O)(=O)N[C@H](Cc1c[nH]c2ccccc12)C(=O)N[C@@H](CCC(N)=O)C(=O)NCc1ccc(C(=N)N)cc1
2B7D,4X8T,P08709,F7,3Z8 CA SO4 GOL,O=C1NCCc2ccc(Cl)cc21 [Ca+2] O=S(=O)([O-])[O-] OCC(O)CO
2B7D,5L2Z,P08709,F7,GOL SO4 CA 70C,OCC(O)CO O=S(=O)([O-])[O-] [Ca+2] Cc1cc2ccc1[C@@H](C)COC(=O)Nc1ccc(C3(C(=O)O)CCCCC3)c(c1)CN(C)C(=O)[C@@H]2Nc1ccc2c(N)ncc(F)c2c1
1W7X,2EC9,P08709,F7,ASO FUC CA 24X,OC[C@H]1OC[C@H](O)[C@@H](O)[C@@H]1O C[C@@H]1O[C@@H](O)[C@@H](O)[C@H](O)[C@@H]1O [Ca+2] C=Cc1ccc(-c2ccc(C(=O)NCC(C)C)cc2C(=O)O)c(CNc2ccc(C(=N)N)cn2)c1
1W7X,2F9B,P08709,F7,N1H,Nc1ccc2[nH]c(-c3cc(CC(=O)O)cc(-c4cccc([N+](=O)[O-])c4)c3O)cc2n1
4X8T,4X8S,P08709,F7,3Z7 CA SO4 GOL,COc1cc(Br)ccc1O [Ca+2] O=S(=O)([O-])[O-] OCC(O)CO
4X8T,1YGC,P08709,F7,905 SO4 CA,CCOc1cc(OCC)c(F)c([C@@H](Nc2ccc(C(=N)N)c(O)c2)C(=O)NS(=O)(=O)c2cccc(N)c2)c1 O=S(=O)([O-])[O-] [Ca+2]
4YT7,2BZ6,P08709,F7,346 SO4 CA,CCOc1cc(O[C@@H]2CCOC2)c(F)c([C@@H](Nc2ccc(C(=N)N)cc2)C(=O)O)c1 O=S(=O)([O-])[O-] [Ca+2]
1YGC,4YT6,P08709,F7,4JY CA SO4 GOL,CCOc1cc(OC(C)C)c(F)c([C@@H](Nc2ccc(C(=N)N)cc2)c2nc(-c3ccccc3)c[nH]2)c1 [Ca+2] O=S(=O)([O-])[O-] OCC(O)CO
1YGC,1CVW,P08709,F7,0GE CA,CN(C)c1cccc2c(S(=O)(=O)N[C@@H](CCC(=O)O)C(=O)NCC(=O)N[C@@H](CCCNC(=N)N)[C@H](O)CCl)cccc12 [Ca+2]
1YGC,2B7D,P08709,F7,C1B,N=C(N)c1ccc2nc(-c3cc([C@@H](CC(=O)O)C(=O)O)cc(-c4cc(CNC(N)=O)ccc4O)c3O)[nH]c2c1
1YGC,2FLR,P08709,F7,7NH,NC(=O)NCc1cccc(-c2cccc(-c3cc4cnccc4[nH]3)c2O)c1
1YGC,1WV7,P08709,F7,BGC FUC CA 5PI,OC[C@H]1O[C@@H](O)[C@H](O)[C@@H](O)[C@@H]1O C[C@@H]1O[C@@H](O)[C@@H](O)[C@H](O)[C@@H]1O [Ca+2] CCCOc1ccc2[nH]cc(C[C@@H](NS(=O)(=O)CC)C(=O)N[C@@H](CCC(N)=O)C(=O)NCc3ccc(C(=N)N)cc3)c2c1
4X8V,1WTG,P08709,F7,BGC FUC CA 3BP,OC[C@H]1O[C@@H](O)[C@H](O)[C@@H](O)[C@@H]1O C[C@@H]1O[C@@H](O)[C@@H](O)[C@H](O)[C@@H]1O [Ca+2] CCS(=O)(=O)N[C@H](Cc1ccc(-c2ccccc2)cc1)C(=O)N[C@@H](CCC(N)=O)C(=O)NCc1ccc(C(=N)N)cc1
4X8V,1W8B,P08709,F7,413 CA,COc1cc([C@@H](Nc2ccc(C(=N)N)cc2)C(=O)N[C@H](C(=O)O)c2ccccc2)ccc1OCc1ccccc1 [Ca+2]
4X8V,5L30,P08709,F7,70A CA SO4 GOL,Cc1cc2ccc1[C@@H](C)COC(=O)Nc1ccc(C3(c4nnn[nH]4)CC3)c(c1)CN(C)C(=O)[C@@H]2Nc1ccc2c(N)nccc2c1 [Ca+2] O=S(=O)([O-])[O-] OCC(O)CO
4X8V,1W2K,P08709,F7,380 CA CAC FUC BGC,COc1ccc([C@@H](Nc2ccc(C(=N)N)cc2)C(=O)NCc2ccccc2)cc1OC [Ca+2] C[As](C)(=O)[O-] C[C@@H]1O[C@@H](O)[C@@H](O)[C@H](O)[C@@H]1O OC[C@H]1O[C@@H](O)[C@H](O)[C@@H](O)[C@@H]1O
4X8V,2ZWL,P08709,F7,BGC FUC CA 567,OC[C@H]1O[C@@H](O)[C@H](O)[C@@H](O)[C@@H]1O C[C@@H]1O[C@@H](O)[C@@H](O)[C@H](O)[C@@H]1O [Ca+2] N=C(N)c1ccc(CNC(=O)[C@H](CCC(N)=O)NC(=O)[C@@H](Cc2c[nH]c3ccccc23)NS(=O)(=O)CC(=O)O)cc1
2C4F,2FLR,P08709,F7,7NH,NC(=O)NCc1cccc(-c2cccc(-c3cc4cnccc4[nH]3)c2O)c1
5L2Y,1WUN,P08709,F7,BGC FUC CA P5B,OC[C@H]1O[C@@H](O)[C@H](O)[C@@H](O)[C@@H]1O C[C@@H]1O[C@@H](O)[C@@H](O)[C@H](O)[C@@H]1O [Ca+2] CCS(=O)(=O)N[C@H](Cc1c[nH]c2ccccc12)C(=O)N[C@@H](CCC(N)=O)C(=O)NCc1ccc(C(=N)N)cc1
2FLB,4NA9,P08709,F7,1T7 CA,N=C(N)c1ccc2c(c1)[C@@H](c1ccccc1)C[C@@H](c1cc(N)cc(-c3ccccc3C(=O)O)c1)N2 [Ca+2]
2FLB,4X8U,P08709,F7,3ZB CA SO4 GOL,O=C(O)c1cc2cc(Cl)ccc2[nH]1 [Ca+2] O=S(=O)([O-])[O-] OCC(O)CO
2FLB,5L2Y,P08709,F7,GOL SO4 CA 70D,OCC(O)CO O=S(=O)([O-])[O-] [Ca+2] Cc1cc2ccc1[C@@H](C)COC(=O)Nc1ccc(C3(C(=O)O)CCC3)c(c1)CN(C)C(=O)[C@@H]2Nc1ccc2c(N)ncc(F)c2c1
4Z6A,1WTG,P08709,F7,BGC FUC CA 3BP,OC[C@H]1O[C@@H](O)[C@H](O)[C@@H](O)[C@@H]1O C[C@@H]1O[C@@H](O)[C@@H](O)[C@H](O)[C@@H]1O [Ca+2] CCS(=O)(=O)N[C@H](Cc1ccc(-c2ccccc2)cc1)C(=O)N[C@@H](CCC(N)=O)C(=O)NCc1ccc(C(=N)N)cc1
4Z6A,5L30,P08709,F7,70A CA SO4 GOL,Cc1cc2ccc1[C@@H](C)COC(=O)Nc1ccc(C3(c4nnn[nH]4)CC3)c(c1)CN(C)C(=O)[C@@H]2Nc1ccc2c(N)nccc2c1 [Ca+2] O=S(=O)([O-])[O-] OCC(O)CO
4Z6A,1WQV,P08709,F7,BGC FUC CA PSM,OC[C@H]1O[C@@H](O)[C@H](O)[C@@H](O)[C@@H]1O C[C@@H]1O[C@@H](O)[C@@H](O)[C@H](O)[C@@H]1O [Ca+2] CCCS(=O)(=O)N[C@@H](C(=O)N[C@@H](CCSC)C(=O)NCc1ccc(C(=N)N)cc1)[C@H](C)O
4Z6A,1W2K,P08709,F7,380 CA CAC FUC BGC,COc1ccc([C@@H](Nc2ccc(C(=N)N)cc2)C(=O)NCc2ccccc2)cc1OC [Ca+2] C[As](C)(=O)[O-] C[C@@H]1O[C@@H](O)[C@@H](O)[C@H](O)[C@@H]1O OC[C@H]1O[C@@H](O)[C@H](O)[C@@H](O)[C@@H]1O
3ELA,2EC9,P08709,F7,ASO FUC CA 24X,OC[C@H]1OC[C@H](O)[C@@H](O)[C@@H]1O C[C@@H]1O[C@@H](O)[C@@H](O)[C@H](O)[C@@H]1O [Ca+2] C=Cc1ccc(-c2ccc(C(=O)NCC(C)C)cc2C(=O)O)c(CNc2ccc(C(=N)N)cn2)c1
3ELA,4X8V,P08709,F7,3Z9 CA SO4 GOL,COC(=O)Nc1ccc(S(=O)(=O)C(C)C)c([C@H]2CCCN2C(=O)[C@H](Nc2ccc3c(c2)C(=O)NCC3)c2ccc(OC)c(OC)c2)c1 [Ca+2] O=S(=O)([O-])[O-] OCC(O)CO
2ZWL,4ISI,P08709,F7,1GG CA,CCC1(CC)C[C@@H](C(=O)NCc2ccc(C(=N)N)cc2)n2c1c(Cl)nc(NC1CCC1)c2=O [Ca+2]
2ZWL,2C4F,P08709,F7,CA GIL GLC FUC NAG,[Ca+2] CC(C)CNC(=O)c1ccc(Oc2nc(Oc3cccc(C(=N)N)c3)c(F)c(N(C(C)C)C(C)C)c2F)c(C(=O)O)c1 OC[C@H]1O[C@H](O)[C@H](O)[C@@H](O)[C@@H]1O C[C@@H]1O[C@@H](O)[C@@H](O)[C@H](O)[C@@H]1O CC(=O)N[C@@H]1[C@@H](O)[C@H](O)[C@@H](CO)O[C@H]1O
2ZWL,5L2Z,P08709,F7,GOL SO4 CA 70C,OCC(O)CO O=S(=O)([O-])[O-] [Ca+2] Cc1cc2ccc1[C@@H](C)COC(=O)Nc1ccc(C3(C(=O)O)CCCCC3)c(c1)CN(C)C(=O)[C@@H]2Nc1ccc2c(N)ncc(F)c2c1
2ZWL,1WQV,P08709,F7,BGC FUC CA PSM,OC[C@H]1O[C@@H](O)[C@H](O)[C@@H](O)[C@@H]1O C[C@@H]1O[C@@H](O)[C@@H](O)[C@H](O)[C@@H]1O [Ca+2] CCCS(=O)(=O)N[C@@H](C(=O)N[C@@H](CCSC)C(=O)NCc1ccc(C(=N)N)cc1)[C@H](C)O
2ZWL,4YT7,P08709,F7,4K1 CA SO4 GOL,CCOc1cc(OC(C)C)c(F)c([C@@H](Nc2ccc(C(=N)N)cc2)c2nc(-c3ccccc3C(N)=O)c[nH]2)c1 [Ca+2] O=S(=O)([O-])[O-] OCC(O)CO
1J9C,2AEI,P13726,F3,CA CAC 03R,[Ca+2] C[As](C)(=O)[O-] C[C@@H](CCc1ccccc1)Nc1c(F)c(Oc2cccc(C(=N)N)c2)nc(Oc2ccccc2C(=O)O)c1F
2BZ6,4X8U,P08709,F7,3ZB CA SO4 GOL,O=C(O)c1cc2cc(Cl)ccc2[nH]1 [Ca+2] O=S(=O)([O-])[O-] OCC(O)CO
2BZ6,4YT7,P08709,F7,4K1 CA SO4 GOL,CCOc1cc(OC(C)C)c(F)c([C@@H](Nc2ccc(C(=N)N)cc2)c2nc(-c3ccccc3C(N)=O)c[nH]2)c1 [Ca+2] O=S(=O)([O-])[O-] OCC(O)CO
4NA9,4X8T,P08709,F7,3Z8 CA SO4 GOL,O=C1NCCc2ccc(Cl)cc21 [Ca+2] O=S(=O)([O-])[O-] OCC(O)CO
2FLR,2F9B,P08709,F7,N1H,Nc1ccc2[nH]c(-c3cc(CC(=O)O)cc(-c4cccc([N+](=O)[O-])c4)c3O)cc2n1
2FLR,2B7D,P08709,F7,C1B,N=C(N)c1ccc2nc(-c3cc([C@@H](CC(=O)O)C(=O)O)cc(-c4cc(CNC(N)=O)ccc4O)c3O)[nH]c2c1
3P6E,3FR2,P15090,FABP4,8CA,O=C(O)c1cccc2c3c(n(Cc4ccccc4)c12)CCCC3
3P6E,1LID,P15090,FABP4,OLA,CCCCCCCC/C=C\CCCCCCCC(=O)O
3P6F,5EDC,P15090,FABP4,5M7 SO4,O=C(O)c1c(N2CCCCC2)nc2ccc(Cl)cc2c1-c1ccccc1 O=S(=O)([O-])[O-]
3P6F,3P6H,P15090,FABP4,IBP,CC(C)Cc1ccc([C@H](C)C(=O)O)cc1
3FR5,1TOW,P15090,FABP4,CRZ,O=C(O)CCCn1c2ccccc2c2ccccc21
3FR5,2HNX,P15090,FABP4,ACY PLM PO4,CC(=O)O CCCCCCCCCCCCCCCC(=O)O O=P([O-])([O-])[O-]
3FR5,2ANS,P15090,FABP4,CL 2AN,[Cl-] O=S(=O)(O)c1cccc2cccc(Nc3ccccc3)c12
3HK1,3P6C,P04117,FABP4,CIT,O=C(O)CC(O)(CC(=O)O)C(=O)O
3HK1,5EDC,P04117,FABP4,5M7 SO4,O=C(O)c1c(N2CCCCC2)nc2ccc(Cl)cc2c1-c1ccccc1 O=S(=O)([O-])[O-]
3HK1,3FR5,P04117,FABP4,I4A,NC(=O)c1cccc(Cn2c3c(c4cccc(C(=O)O)c42)CCCCC3)c1
3HK1,2HNX,P04117,FABP4,ACY PLM PO4,CC(=O)O CCCCCCCCCCCCCCCC(=O)O O=P([O-])([O-])[O-]
3HK1,5EDB,P04117,FABP4,5M8,Cc1nc2ccc(Cl)cc2c(-c2ccccc2)c1C(=O)O
3HK1,3P6E,P04117,FABP4,ZGC,COc1ccc(CCC(=O)O)cc1
3HK1,2ANS,P04117,FABP4,CL 2AN,[Cl-] O=S(=O)(O)c1cccc2cccc(Nc3ccccc3)c12
1LIC,3FR2,P04117,FABP4,8CA,O=C(O)c1cccc2c3c(n(Cc4ccccc4)c12)CCCC3
1LIC,3P6C,P04117,FABP4,CIT,O=C(O)CC(O)(CC(=O)O)C(=O)O
1LIC,1ADL,P04117,FABP4,ACD PPI,CCCCC/C=C\C/C=C\C/C=C\C/C=C\CCCC(=O)O CCC(=O)O
1LIC,3P6D,P04117,FABP4,ZGB,COc1ccc(CCC(=O)O)cc1C
1LIC,3P6H,P04117,FABP4,IBP,CC(C)Cc1ccc([C@H](C)C(=O)O)cc1
3P6D,3FR2,P15090,FABP4,8CA,O=C(O)c1cccc2c3c(n(Cc4ccccc4)c12)CCCC3
3P6D,2NNQ,P15090,FABP4,T4B SO4,CCc1c(-c2ccccc2)c(-c2ccccc2)nn1-c1ccccc1-c1cccc(OCC(=O)O)c1 O=S(=O)([O-])[O-]
3P6D,5EDC,P15090,FABP4,5M7 SO4,O=C(O)c1c(N2CCCCC2)nc2ccc(Cl)cc2c1-c1ccccc1 O=S(=O)([O-])[O-]
3P6D,3FR5,P15090,FABP4,I4A,NC(=O)c1cccc(Cn2c3c(c4cccc(C(=O)O)c42)CCCCC3)c1
3P6D,2HNX,P15090,FABP4,ACY PLM PO4,CC(=O)O CCCCCCCCCCCCCCCC(=O)O O=P([O-])([O-])[O-]
1TOW,1LID,P15090,FABP4,OLA,CCCCCCCC/C=C\CCCCCCCC(=O)O
1TOW,3P6C,P15090,FABP4,CIT,O=C(O)CC(O)(CC(=O)O)C(=O)O
1TOW,5EDC,P15090,FABP4,5M7 SO4,O=C(O)c1c(N2CCCCC2)nc2ccc(Cl)cc2c1-c1ccccc1 O=S(=O)([O-])[O-]
1TOW,5EDB,P15090,FABP4,5M8,Cc1nc2ccc(Cl)cc2c(-c2ccccc2)c1C(=O)O
5HZ6,3P6C,P15090,FABP4,CIT,O=C(O)CC(O)(CC(=O)O)C(=O)O
5HZ6,3P6F,P15090,FABP4,FBZ,C[C@@H](CC(=O)O)c1ccccc1
5HZ6,3P6E,P15090,FABP4,ZGC,COc1ccc(CCC(=O)O)cc1
1G74,3P6C,P04117,FABP4,CIT,O=C(O)CC(O)(CC(=O)O)C(=O)O
1G74,1TOU,P04117,FABP4,B1V,O=C(CSc1nc(O)cc(C(F)(F)F)n1)N1CCCCC1
1G74,1TOW,P04117,FABP4,CRZ,O=C(O)CCCn1c2ccccc2c2ccccc21
1G74,3P6F,P04117,FABP4,FBZ,C[C@@H](CC(=O)O)c1ccccc1
3P6C,5HZ6,P15090,FABP4,65Y,CC(C)c1cccc(-c2c(C(=O)O)c(C(C)C)nc3ccc(Cl)cc23)c1
3P6C,1LIC,P15090,FABP4,PPI HDS,CCC(=O)O CCCCCCCCCCCCCCCCS(=O)(=O)O
3P6C,3HK1,P15090,FABP4,B64,COC(=O)c1sc(-c2cccs2)cc1NC(=O)/C=C\C(=O)O
3P6C,3P6F,P15090,FABP4,FBZ,C[C@@H](CC(=O)O)c1ccccc1
3P6C,3P6E,P15090,FABP4,ZGC,COc1ccc(CCC(=O)O)cc1
1ADL,1TOU,P04117,FABP4,B1V,O=C(CSc1nc(O)cc(C(F)(F)F)n1)N1CCCCC1
1ADL,1LIC,P04117,FABP4,PPI HDS,CCC(=O)O CCCCCCCCCCCCCCCCS(=O)(=O)O
1ADL,3P6D,P04117,FABP4,ZGB,COc1ccc(CCC(=O)O)cc1C
1ADL,3P6F,P04117,FABP4,FBZ,C[C@@H](CC(=O)O)c1ccccc1
3P6H,3FR2,P15090,FABP4,8CA,O=C(O)c1cccc2c3c(n(Cc4ccccc4)c12)CCCC3
3P6H,3FR4,P15090,FABP4,F8A,O=C(O)c1cccc2c3c(n(Cc4ccccc4C(F)(F)F)c12)CCCC3
3P6H,1TOU,P15090,FABP4,B1V,O=C(CSc1nc(O)cc(C(F)(F)F)n1)N1CCCCC1
3P6H,1TOW,P15090,FABP4,CRZ,O=C(O)CCCn1c2ccccc2c2ccccc21
3P6H,3P6D,P15090,FABP4,ZGB,COc1ccc(CCC(=O)O)cc1C
3P6H,3HK1,P15090,FABP4,B64,COC(=O)c1sc(-c2cccs2)cc1NC(=O)/C=C\C(=O)O
5EDB,3P6C,P15090,FABP4,CIT,O=C(O)CC(O)(CC(=O)O)C(=O)O
5EDB,1ADL,P15090,FABP4,ACD PPI,CCCCC/C=C\C/C=C\C/C=C\C/C=C\CCCC(=O)O CCC(=O)O
5EDB,1TOW,P15090,FABP4,CRZ,O=C(O)CCCn1c2ccccc2c2ccccc21
5EDB,3P6D,P15090,FABP4,ZGB,COc1ccc(CCC(=O)O)cc1C
2HNX,5HZ6,P15090,FABP4,65Y,CC(C)c1cccc(-c2c(C(=O)O)c(C(C)C)nc3ccc(Cl)cc23)c1
2HNX,3FR2,P15090,FABP4,8CA,O=C(O)c1cccc2c3c(n(Cc4ccccc4)c12)CCCC3
2HNX,1ADL,P15090,FABP4,ACD PPI,CCCCC/C=C\C/C=C\C/C=C\C/C=C\CCCC(=O)O CCC(=O)O
2HNX,1LIC,P15090,FABP4,PPI HDS,CCC(=O)O CCCCCCCCCCCCCCCCS(=O)(=O)O
2HNX,3P6F,P15090,FABP4,FBZ,C[C@@H](CC(=O)O)c1ccccc1
2HNX,3P6E,P15090,FABP4,ZGC,COc1ccc(CCC(=O)O)cc1
5EDC,1LID,P15090,FABP4,OLA,CCCCCCCC/C=C\CCCCCCCC(=O)O
5EDC,1ADL,P15090,FABP4,ACD PPI,CCCCC/C=C\C/C=C\C/C=C\C/C=C\CCCC(=O)O CCC(=O)O
5EDC,1TOW,P15090,FABP4,CRZ,O=C(O)CCCn1c2ccccc2c2ccccc21
5EDC,2HNX,P15090,FABP4,ACY PLM PO4,CC(=O)O CCCCCCCCCCCCCCCC(=O)O O=P([O-])([O-])[O-]
2NNQ,1TOU,P15090,FABP4,B1V,O=C(CSc1nc(O)cc(C(F)(F)F)n1)N1CCCCC1
2NNQ,1TOW,P15090,FABP4,CRZ,O=C(O)CCCn1c2ccccc2c2ccccc21
2NNQ,3HK1,P15090,FABP4,B64,COC(=O)c1sc(-c2cccs2)cc1NC(=O)/C=C\C(=O)O
1LIE,1LID,P04117,FABP4,OLA,CCCCCCCC/C=C\CCCCCCCC(=O)O
1LIE,1TOU,P04117,FABP4,B1V,O=C(CSc1nc(O)cc(C(F)(F)F)n1)N1CCCCC1
1LIE,2NNQ,P04117,FABP4,T4B SO4,CCc1c(-c2ccccc2)c(-c2ccccc2)nn1-c1ccccc1-c1cccc(OCC(=O)O)c1 O=S(=O)([O-])[O-]
1LIE,3P6G,P04117,FABP4,IZP,CC(C)Cc1ccc([C@@H](C)C(=O)O)cc1
1LIE,5EDB,P04117,FABP4,5M8,Cc1nc2ccc(Cl)cc2c(-c2ccccc2)c1C(=O)O
1LIE,3HK1,P04117,FABP4,B64,COC(=O)c1sc(-c2cccs2)cc1NC(=O)/C=C\C(=O)O
1LIE,3P6F,P04117,FABP4,FBZ,C[C@@H](CC(=O)O)c1ccccc1
3FR4,1LID,P15090,FABP4,OLA,CCCCCCCC/C=C\CCCCCCCC(=O)O
3FR4,3P6F,P15090,FABP4,FBZ,C[C@@H](CC(=O)O)c1ccccc1
3FR4,2ANS,P15090,FABP4,CL 2AN,[Cl-] O=S(=O)(O)c1cccc2cccc(Nc3ccccc3)c12
2ANS,1TOU,P04117,FABP4,B1V,O=C(CSc1nc(O)cc(C(F)(F)F)n1)N1CCCCC1
2ANS,3HK1,P04117,FABP4,B64,COC(=O)c1sc(-c2cccs2)cc1NC(=O)/C=C\C(=O)O
1LID,3P6C,P04117,FABP4,CIT,O=C(O)CC(O)(CC(=O)O)C(=O)O
1LID,2NNQ,P04117,FABP4,T4B SO4,CCc1c(-c2ccccc2)c(-c2ccccc2)nn1-c1ccccc1-c1cccc(OCC(=O)O)c1 O=S(=O)([O-])[O-]
1LID,2HNX,P04117,FABP4,ACY PLM PO4,CC(=O)O CCCCCCCCCCCCCCCC(=O)O O=P([O-])([O-])[O-]
1LID,1LIC,P04117,FABP4,PPI HDS,CCC(=O)O CCCCCCCCCCCCCCCCS(=O)(=O)O
3P6G,5HZ6,P15090,FABP4,65Y,CC(C)c1cccc(-c2c(C(=O)O)c(C(C)C)nc3ccc(Cl)cc23)c1
3P6G,3FR2,P15090,FABP4,8CA,O=C(O)c1cccc2c3c(n(Cc4ccccc4)c12)CCCC3
3P6G,1LID,P15090,FABP4,OLA,CCCCCCCC/C=C\CCCCCCCC(=O)O
3P6G,3FR4,P15090,FABP4,F8A,O=C(O)c1cccc2c3c(n(Cc4ccccc4C(F)(F)F)c12)CCCC3
3P6G,3P6F,P15090,FABP4,FBZ,C[C@@H](CC(=O)O)c1ccccc1
3FR2,5HZ6,P15090,FABP4,65Y,CC(C)c1cccc(-c2c(C(=O)O)c(C(C)C)nc3ccc(Cl)cc23)c1
3FR2,3FR5,P15090,FABP4,I4A,NC(=O)c1cccc(Cn2c3c(c4cccc(C(=O)O)c42)CCCCC3)c1
3FR2,3P6E,P15090,FABP4,ZGC,COc1ccc(CCC(=O)O)cc1
1TOU,5HZ6,P15090,FABP4,65Y,CC(C)c1cccc(-c2c(C(=O)O)c(C(C)C)nc3ccc(Cl)cc23)c1
1TOU,3FR4,P15090,FABP4,F8A,O=C(O)c1cccc2c3c(n(Cc4ccccc4C(F)(F)F)c12)CCCC3
1TOU,3P6C,P15090,FABP4,CIT,O=C(O)CC(O)(CC(=O)O)C(=O)O
1TOU,5EDC,P15090,FABP4,5M7 SO4,O=C(O)c1c(N2CCCCC2)nc2ccc(Cl)cc2c1-c1ccccc1 O=S(=O)([O-])[O-]
1TOU,2HNX,P15090,FABP4,ACY PLM PO4,CC(=O)O CCCCCCCCCCCCCCCC(=O)O O=P([O-])([O-])[O-]
1TOU,3P6G,P15090,FABP4,IZP,CC(C)Cc1ccc([C@@H](C)C(=O)O)cc1
1TOU,3P6D,P15090,FABP4,ZGB,COc1ccc(CCC(=O)O)cc1C
1TOU,3P6E,P15090,FABP4,ZGC,COc1ccc(CCC(=O)O)cc1
1TOU,3P6H,P15090,FABP4,IBP,CC(C)Cc1ccc([C@H](C)C(=O)O)cc1
3BZ3,4GU6,Q05397,PTK2,10N,CN(c1ncccc1CNc1c(C#N)cnc2[nH]c(-c3ccccc3)cc12)S(C)(=O)=O
3BZ3,2JKO,Q05397,PTK2,BIJ,COc1cc(N2CCN(C)CC2)ccc1N=C1N=C[C@H](Cl)C(Nc2cccc3c2C(=O)N(C)C3)=N1
3BZ3,4BRX,Q05397,PTK2,KGW SO4,CNC(=O)c1ccccc1Nc1ncnc(Nc2ccc(N3CCOCC3)cc2OC)n1 O=S(=O)([O-])[O-]
2JKQ,2JKM,Q00944,PTK2,BII,CN[C@@H]1CCN([C@@H]2C=CC(=Nc3ncc(Cl)c(Nc4ccccc4S(=O)(=O)NC(C)C)n3)C(OC)=C2)C1
2JKQ,4I4E,Q00944,PTK2,1BQ,CN1c2ccc(-c3ccc(C(=O)N4CCC(CCO)CC4)cc3)cc2-c2[nH]ncc2S1(=O)=O
2JKQ,4KAO,Q00944,PTK2,KAO SO4,Cc1ccc(-n2nc(C(C)(C)C)cc2NC(=O)Nc2ccc(-c3cccnc3)cc2)cc1 O=S(=O)([O-])[O-]
2JKQ,3PXK,Q00944,PTK2,SO4 PXK,O=S(=O)([O-])[O-] CC(C)(C)C#CCc1c[nH]c2ncsc12
2JKQ,4GU9,Q00944,PTK2,4GU,Fc1ccccc1Nc1ncnc2[nH]ncc12
4GU9,2JKM,Q05397,PTK2,BII,CN[C@@H]1CCN([C@@H]2C=CC(=Nc3ncc(Cl)c(Nc4ccccc4S(=O)(=O)NC(C)C)n3)C(OC)=C2)C1
4GU9,2ETM,Q05397,PTK2,7PY,COc1cc(Nc2ncc3ccn(-c4ccccn4)c3n2)cc(OC)c1OC
4GU9,2JKK,Q05397,PTK2,BI9 SO4,CNC(=O)c1ccccc1Nc1nc(Nc2ccc(N3CCOCC3)cc2OC)ncc1Cl O=S(=O)([O-])[O-]
4GU9,4C7T,Q05397,PTK2,SO4 5RI,O=S(=O)([O-])[O-] CNC(=O)c1ccccc1Nc1ncnc(Nc2cc(OC)c(OC)c(OC)c2)n1
4GU9,2J0L,Q05397,PTK2,ANP MG SO4,Nc1ncnc2c1ncn2[C@@H]1O[C@H](COP(=O)(O)OP(=O)(O)NP(=O)(O)O)[C@@H](O)[C@H]1O [Mg+2] O=S(=O)([O-])[O-]
4GU9,4D5H,Q05397,PTK2,9RM SO4,Cc1nnc(=O)[nH]c1Nc1cccc(C(F)(F)F)c1 O=S(=O)([O-])[O-]
4K9Y,2ETM,Q05397,PTK2,7PY,COc1cc(Nc2ncc3ccn(-c4ccccn4)c3n2)cc(OC)c1OC
4K9Y,4C7T,Q05397,PTK2,SO4 5RI,O=S(=O)([O-])[O-] CNC(=O)c1ccccc1Nc1ncnc(Nc2cc(OC)c(OC)c(OC)c2)n1
4K9Y,3PXK,Q05397,PTK2,SO4 PXK,O=S(=O)([O-])[O-] CC(C)(C)C#CCc1c[nH]c2ncsc12
4K9Y,2IJM,Q05397,PTK2,ATP ADP,Nc1ncnc2c1ncn2[C@@H]1O[C@H](CO[P@@](=O)(O)O[P@](=O)(O)OP(=O)(O)O)[C@@H](O)[C@H]1O Nc1ncnc2c1ncn2[C@@H]1O[C@H](CO[P@](=O)(O)OP(=O)(O)O)[C@@H](O)[C@H]1O
4I4E,2ETM,Q05397,PTK2,7PY,COc1cc(Nc2ncc3ccn(-c4ccccn4)c3n2)cc(OC)c1OC
4I4E,2JKK,Q05397,PTK2,BI9 SO4,CNC(=O)c1ccccc1Nc1nc(Nc2ccc(N3CCOCC3)cc2OC)ncc1Cl O=S(=O)([O-])[O-]
4I4E,1MP8,Q05397,PTK2,ADP,Nc1ncnc2c1ncn2[C@@H]1O[C@H](CO[P@](=O)(O)OP(=O)(O)O)[C@@H](O)[C@H]1O
4I4E,2IJM,Q05397,PTK2,ATP ADP,Nc1ncnc2c1ncn2[C@@H]1O[C@H](CO[P@@](=O)(O)O[P@](=O)(O)OP(=O)(O)O)[C@@H](O)[C@H]1O Nc1ncnc2c1ncn2[C@@H]1O[C@H](CO[P@](=O)(O)OP(=O)(O)O)[C@@H](O)[C@H]1O
4GU6,4Q9S,Q05397,PTK2,30G,O=C1CN2C(=NN1)COc1ccccc12
4GU6,4C7T,Q05397,PTK2,SO4 5RI,O=S(=O)([O-])[O-] CNC(=O)c1ccccc1Nc1ncnc(Nc2cc(OC)c(OC)c(OC)c2)n1
4GU6,4D5H,Q05397,PTK2,9RM SO4,Cc1nnc(=O)[nH]c1Nc1cccc(C(F)(F)F)c1 O=S(=O)([O-])[O-]
4BRX,4GU6,Q00944,PTK2,10N,CN(c1ncccc1CNc1c(C#N)cnc2[nH]c(-c3ccccc3)cc12)S(C)(=O)=O
4BRX,4Q9S,Q00944,PTK2,30G,O=C1CN2C(=NN1)COc1ccccc12
4BRX,2JKO,Q00944,PTK2,BIJ,COc1cc(N2CCN(C)CC2)ccc1N=C1N=C[C@H](Cl)C(Nc2cccc3c2C(=O)N(C)C3)=N1
4BRX,1MP8,Q00944,PTK2,ADP,Nc1ncnc2c1ncn2[C@@H]1O[C@H](CO[P@](=O)(O)OP(=O)(O)O)[C@@H](O)[C@H]1O
4BRX,2J0L,Q00944,PTK2,ANP MG SO4,Nc1ncnc2c1ncn2[C@@H]1O[C@H](COP(=O)(O)OP(=O)(O)NP(=O)(O)O)[C@@H](O)[C@H]1O [Mg+2] O=S(=O)([O-])[O-]
4BRX,3BZ3,Q00944,PTK2,YAM,CN(c1ncccc1CNc1nc(Nc2ccc3c(c2)CC(=O)N3)ncc1C(F)(F)F)S(C)(=O)=O
4C7T,2JKM,Q00944,PTK2,BII,CN[C@@H]1CCN([C@@H]2C=CC(=Nc3ncc(Cl)c(Nc4ccccc4S(=O)(=O)NC(C)C)n3)C(OC)=C2)C1
4C7T,3PXK,Q00944,PTK2,SO4 PXK,O=S(=O)([O-])[O-] CC(C)(C)C#CCc1c[nH]c2ncsc12
4C7T,2IJM,Q00944,PTK2,ATP ADP,Nc1ncnc2c1ncn2[C@@H]1O[C@H](CO[P@@](=O)(O)O[P@](=O)(O)OP(=O)(O)O)[C@@H](O)[C@H]1O Nc1ncnc2c1ncn2[C@@H]1O[C@H](CO[P@](=O)(O)OP(=O)(O)O)[C@@H](O)[C@H]1O
2JKK,2JKM,Q00944,PTK2,BII,CN[C@@H]1CCN([C@@H]2C=CC(=Nc3ncc(Cl)c(Nc4ccccc4S(=O)(=O)NC(C)C)n3)C(OC)=C2)C1
2JKK,4Q9S,Q00944,PTK2,30G,O=C1CN2C(=NN1)COc1ccccc12
2JKK,2ETM,Q00944,PTK2,7PY,COc1cc(Nc2ncc3ccn(-c4ccccn4)c3n2)cc(OC)c1OC
2JKK,4C7T,Q00944,PTK2,SO4 5RI,O=S(=O)([O-])[O-] CNC(=O)c1ccccc1Nc1ncnc(Nc2cc(OC)c(OC)c(OC)c2)n1
2JKK,1MP8,Q00944,PTK2,ADP,Nc1ncnc2c1ncn2[C@@H]1O[C@H](CO[P@](=O)(O)OP(=O)(O)O)[C@@H](O)[C@H]1O
2JKK,4D5H,Q00944,PTK2,9RM SO4,Cc1nnc(=O)[nH]c1Nc1cccc(C(F)(F)F)c1 O=S(=O)([O-])[O-]
2IJM,4GU6,Q05397,PTK2,10N,CN(c1ncccc1CNc1c(C#N)cnc2[nH]c(-c3ccccc3)cc12)S(C)(=O)=O
2IJM,2JKM,Q05397,PTK2,BII,CN[C@@H]1CCN([C@@H]2C=CC(=Nc3ncc(Cl)c(Nc4ccccc4S(=O)(=O)NC(C)C)n3)C(OC)=C2)C1
2IJM,4Q9S,Q05397,PTK2,30G,O=C1CN2C(=NN1)COc1ccccc12
2IJM,4K9Y,Q05397,PTK2,K9Y,Cc1ccc(-n2nc(C(C)(C)C)cc2NC(=O)Nc2ccc(-n3cnc4c(N)ncnc43)cc2)cc1
2IJM,4I4E,Q05397,PTK2,1BQ,CN1c2ccc(-c3ccc(C(=O)N4CCC(CCO)CC4)cc3)cc2-c2[nH]ncc2S1(=O)=O
2IJM,1MP8,Q05397,PTK2,ADP,Nc1ncnc2c1ncn2[C@@H]1O[C@H](CO[P@](=O)(O)OP(=O)(O)O)[C@@H](O)[C@H]1O
2IJM,3PXK,Q05397,PTK2,SO4 PXK,O=S(=O)([O-])[O-] CC(C)(C)C#CCc1c[nH]c2ncsc12
4KAO,2JKQ,Q05397,PTK2,VG8,COc1ccccc1Nc1ncc(Cl)c(Nc2ccc(N3CCC(N4CCCCC4)CC3)c3c2C(=O)N(C)C3)n1
4KAO,2JKM,Q05397,PTK2,BII,CN[C@@H]1CCN([C@@H]2C=CC(=Nc3ncc(Cl)c(Nc4ccccc4S(=O)(=O)NC(C)C)n3)C(OC)=C2)C1
4KAO,4Q9S,Q05397,PTK2,30G,O=C1CN2C(=NN1)COc1ccccc12
4KAO,2ETM,Q05397,PTK2,7PY,COc1cc(Nc2ncc3ccn(-c4ccccn4)c3n2)cc(OC)c1OC
4KAO,2JKO,Q05397,PTK2,BIJ,COc1cc(N2CCN(C)CC2)ccc1N=C1N=C[C@H](Cl)C(Nc2cccc3c2C(=O)N(C)C3)=N1
2JKM,2JKQ,Q00944,PTK2,VG8,COc1ccccc1Nc1ncc(Cl)c(Nc2ccc(N3CCC(N4CCCCC4)CC3)c3c2C(=O)N(C)C3)n1
2JKM,4K8A,Q00944,PTK2,K8A,Brc1cncc(-c2nn[nH]n2)c1
2JKM,4K9Y,Q00944,PTK2,K9Y,Cc1ccc(-n2nc(C(C)(C)C)cc2NC(=O)Nc2ccc(-n3cnc4c(N)ncnc43)cc2)cc1
2JKM,2JKO,Q00944,PTK2,BIJ,COc1cc(N2CCN(C)CC2)ccc1N=C1N=C[C@H](Cl)C(Nc2cccc3c2C(=O)N(C)C3)=N1
2JKM,4C7T,Q00944,PTK2,SO4 5RI,O=S(=O)([O-])[O-] CNC(=O)c1ccccc1Nc1ncnc(Nc2cc(OC)c(OC)c(OC)c2)n1
2JKM,4I4E,Q00944,PTK2,1BQ,CN1c2ccc(-c3ccc(C(=O)N4CCC(CCO)CC4)cc3)cc2-c2[nH]ncc2S1(=O)=O
2JKM,1MP8,Q00944,PTK2,ADP,Nc1ncnc2c1ncn2[C@@H]1O[C@H](CO[P@](=O)(O)OP(=O)(O)O)[C@@H](O)[C@H]1O
2JKO,4GU6,Q00944,PTK2,10N,CN(c1ncccc1CNc1c(C#N)cnc2[nH]c(-c3ccccc3)cc12)S(C)(=O)=O
2JKO,2JKM,Q00944,PTK2,BII,CN[C@@H]1CCN([C@@H]2C=CC(=Nc3ncc(Cl)c(Nc4ccccc4S(=O)(=O)NC(C)C)n3)C(OC)=C2)C1
2JKO,4Q9S,Q00944,PTK2,30G,O=C1CN2C(=NN1)COc1ccccc12
2JKO,2JKK,Q00944,PTK2,BI9 SO4,CNC(=O)c1ccccc1Nc1nc(Nc2ccc(N3CCOCC3)cc2OC)ncc1Cl O=S(=O)([O-])[O-]
2JKO,4C7T,Q00944,PTK2,SO4 5RI,O=S(=O)([O-])[O-] CNC(=O)c1ccccc1Nc1ncnc(Nc2cc(OC)c(OC)c(OC)c2)n1
2JKO,4BRX,Q00944,PTK2,KGW SO4,CNC(=O)c1ccccc1Nc1ncnc(Nc2ccc(N3CCOCC3)cc2OC)n1 O=S(=O)([O-])[O-]
2JKO,2J0L,Q00944,PTK2,ANP MG SO4,Nc1ncnc2c1ncn2[C@@H]1O[C@H](COP(=O)(O)OP(=O)(O)NP(=O)(O)O)[C@@H](O)[C@H]1O [Mg+2] O=S(=O)([O-])[O-]
2JKO,3PXK,Q00944,PTK2,SO4 PXK,O=S(=O)([O-])[O-] CC(C)(C)C#CCc1c[nH]c2ncsc12
2JKO,2IJM,Q00944,PTK2,ATP ADP,Nc1ncnc2c1ncn2[C@@H]1O[C@H](CO[P@@](=O)(O)O[P@](=O)(O)OP(=O)(O)O)[C@@H](O)[C@H]1O Nc1ncnc2c1ncn2[C@@H]1O[C@H](CO[P@](=O)(O)OP(=O)(O)O)[C@@H](O)[C@H]1O
4D5H,4Q9S,Q00944,PTK2,30G,O=C1CN2C(=NN1)COc1ccccc12
4D5H,1MP8,Q00944,PTK2,ADP,Nc1ncnc2c1ncn2[C@@H]1O[C@H](CO[P@](=O)(O)OP(=O)(O)O)[C@@H](O)[C@H]1O
4D5H,2J0L,Q00944,PTK2,ANP MG SO4,Nc1ncnc2c1ncn2[C@@H]1O[C@H](COP(=O)(O)OP(=O)(O)NP(=O)(O)O)[C@@H](O)[C@H]1O [Mg+2] O=S(=O)([O-])[O-]
4Q9S,4K8A,Q05397,PTK2,K8A,Brc1cncc(-c2nn[nH]n2)c1
4Q9S,2J0L,Q05397,PTK2,ANP MG SO4,Nc1ncnc2c1ncn2[C@@H]1O[C@H](COP(=O)(O)OP(=O)(O)NP(=O)(O)O)[C@@H](O)[C@H]1O [Mg+2] O=S(=O)([O-])[O-]
4K8A,4GU6,Q05397,PTK2,10N,CN(c1ncccc1CNc1c(C#N)cnc2[nH]c(-c3ccccc3)cc12)S(C)(=O)=O
4K8A,2JKQ,Q05397,PTK2,VG8,COc1ccccc1Nc1ncc(Cl)c(Nc2ccc(N3CCC(N4CCCCC4)CC3)c3c2C(=O)N(C)C3)n1
4K8A,2JKM,Q05397,PTK2,BII,CN[C@@H]1CCN([C@@H]2C=CC(=Nc3ncc(Cl)c(Nc4ccccc4S(=O)(=O)NC(C)C)n3)C(OC)=C2)C1
4K8A,4Q9S,Q05397,PTK2,30G,O=C1CN2C(=NN1)COc1ccccc12
4K8A,2JKK,Q05397,PTK2,BI9 SO4,CNC(=O)c1ccccc1Nc1nc(Nc2ccc(N3CCOCC3)cc2OC)ncc1Cl O=S(=O)([O-])[O-]
4K8A,4I4E,Q05397,PTK2,1BQ,CN1c2ccc(-c3ccc(C(=O)N4CCC(CCO)CC4)cc3)cc2-c2[nH]ncc2S1(=O)=O
4K8A,4GU9,Q05397,PTK2,4GU,Fc1ccccc1Nc1ncnc2[nH]ncc12
4K8A,3BZ3,Q05397,PTK2,YAM,CN(c1ncccc1CNc1nc(Nc2ccc3c(c2)CC(=O)N3)ncc1C(F)(F)F)S(C)(=O)=O
3PXK,4K8A,Q05397,PTK2,K8A,Brc1cncc(-c2nn[nH]n2)c1
3PXK,4KAO,Q05397,PTK2,KAO SO4,Cc1ccc(-n2nc(C(C)(C)C)cc2NC(=O)Nc2ccc(-c3cccnc3)cc2)cc1 O=S(=O)([O-])[O-]
3PXK,2J0L,Q05397,PTK2,ANP MG SO4,Nc1ncnc2c1ncn2[C@@H]1O[C@H](COP(=O)(O)OP(=O)(O)NP(=O)(O)O)[C@@H](O)[C@H]1O [Mg+2] O=S(=O)([O-])[O-]
3PXK,4GU9,Q05397,PTK2,4GU,Fc1ccccc1Nc1ncnc2[nH]ncc12
1MP8,2ETM,Q05397,PTK2,7PY,COc1cc(Nc2ncc3ccn(-c4ccccn4)c3n2)cc(OC)c1OC
1MP8,4C7T,Q05397,PTK2,SO4 5RI,O=S(=O)([O-])[O-] CNC(=O)c1ccccc1Nc1ncnc(Nc2cc(OC)c(OC)c(OC)c2)n1
1MP8,4KAO,Q05397,PTK2,KAO SO4,Cc1ccc(-n2nc(C(C)(C)C)cc2NC(=O)Nc2ccc(-c3cccnc3)cc2)cc1 O=S(=O)([O-])[O-]
1MP8,3BZ3,Q05397,PTK2,YAM,CN(c1ncccc1CNc1nc(Nc2ccc3c(c2)CC(=O)N3)ncc1C(F)(F)F)S(C)(=O)=O
2ETM,2JKK,Q05397,PTK2,BI9 SO4,CNC(=O)c1ccccc1Nc1nc(Nc2ccc(N3CCOCC3)cc2OC)ncc1Cl O=S(=O)([O-])[O-]
2J0L,4Q9S,Q00944,PTK2,30G,O=C1CN2C(=NN1)COc1ccccc12
2J0L,2ETM,Q00944,PTK2,7PY,COc1cc(Nc2ncc3ccn(-c4ccccn4)c3n2)cc(OC)c1OC
2J0L,4C7T,Q00944,PTK2,SO4 5RI,O=S(=O)([O-])[O-] CNC(=O)c1ccccc1Nc1ncnc(Nc2cc(OC)c(OC)c(OC)c2)n1
2J0L,4I4E,Q00944,PTK2,1BQ,CN1c2ccc(-c3ccc(C(=O)N4CCC(CCO)CC4)cc3)cc2-c2[nH]ncc2S1(=O)=O
2J0L,4BRX,Q00944,PTK2,KGW SO4,CNC(=O)c1ccccc1Nc1ncnc(Nc2ccc(N3CCOCC3)cc2OC)n1 O=S(=O)([O-])[O-]
1A7X,1FKG,P62942,FKBP1A,SB3,CCC(C)(C)C(=O)C(=O)N1CCCC[C@H]1C(=O)O[C@H](CCc1ccccc1)c1ccccc1
1A7X,1J4H,P62942,FKBP1A,SUB,CCOC(=O)[C@H](Cc1ccccc1)NC(=O)[C@@H]1CSCCN1S(=O)(=O)c1ccc(C)cc1
1A7X,4FAP,P62942,FKBP1A,ARD,CO[C@@H]1C[C@H](C[C@@H](C)[C@@H]2CC(=O)[C@H](C)/C=C(\C)[C@@H](O)[C@@H](OC)C(=O)[C@H](C)C[C@H](C)/C=C/C=C/C=C(\C)[C@H](c3ccc(C)s3)C[C@@H]3CC[C@@H](C)[C@@](O)(O3)C(=O)C(=O)N3CCCC[C@H]3C(=O)O2)CC[C@H]1O
1A7X,1J4I,P62942,FKBP1A,TST,Cc1ccc(S(=O)(=O)N2CCSC[C@H]2C(=O)N[C@@H](CC(C)C)C(=O)O)cc1
3FAP,1FKB,P62942,FKBP1A,RAP,CO[C@H]1C[C@@H]2CC[C@@H](C)[C@@](O)(O2)C(=O)C(=O)N2CCCC[C@H]2C(=O)O[C@H]([C@H](C)C[C@@H]2CC[C@@H](O)[C@H](OC)C2)CC(=O)[C@H](C)/C=C(\C)[C@@H](O)[C@@H](OC)C(=O)[C@H](C)C[C@H](C)/C=C/C=C/C=C/1C
3FAP,1J4I,P62942,FKBP1A,TST,Cc1ccc(S(=O)(=O)N2CCSC[C@H]2C(=O)N[C@@H](CC(C)C)C(=O)O)cc1
3FAP,1A7X,P62942,FKBP1A,FKA,CO[C@H]1C[C@@H](C)C/C(C)=C/[C@@H](CCOC(=O)NCc2ccccc2)C(=O)C[C@H](O)[C@@H](C)[C@@H](/C(C)=C/[C@@H]2CC[C@@H](O)[C@H](OC)C2)OC(=O)[C@@H]2CCCCN2C(=O)C(=O)[C@]2(O)O[C@H]1[C@@H](OC)C[C@H]2C
1J4H,1J4R,P62942,FKBP1A,001 GOL SO4,COc1cc(C(F)(F)C(=O)N2CCCC[C@H]2C(=O)O[C@@H](CCCc2ccccc2)CCCc2cccnc2)cc(OC)c1OC OCC(O)CO O=S(=O)([O-])[O-]
1J4H,1BKF,P62942,FKBP1A,FK5,C=CC[C@@H]1/C=C(\C)C[C@H](C)C[C@H](OC)[C@H]2O[C@@](O)(C(=O)C(=O)N3CCCC[C@H]3C(=O)O[C@H](/C(C)=C/[C@@H]3CC[C@@H](O)[C@H](OC)C3)[C@H](C)[C@@H](O)CC1=O)[C@H](C)C[C@@H]2OC
1J4H,2FAP,P62942,FKBP1A,RAD,CCO[C@H]1C[C@@H]2CC[C@@H](C)[C@@](O)(O2)C(=O)C(=O)N2CCCC[C@H]2C(=O)O[C@H]([C@H](C)C[C@@H]2CC[C@@H](O)[C@H](OC)C2)CC(=O)[C@H](C)/C=C(\C)[C@@H](O)[C@@H](OC)C(=O)[C@H](C)C[C@H](C)/C=C/C=C/C=C\1C
1J4H,4FAP,P62942,FKBP1A,ARD,CO[C@@H]1C[C@H](C[C@@H](C)[C@@H]2CC(=O)[C@H](C)/C=C(\C)[C@@H](O)[C@@H](OC)C(=O)[C@H](C)C[C@H](C)/C=C/C=C/C=C(\C)[C@H](c3ccc(C)s3)C[C@@H]3CC[C@@H](C)[C@@](O)(O3)C(=O)C(=O)N3CCCC[C@H]3C(=O)O2)CC[C@H]1O
2DG4,1BKF,P62942,FKBP1A,FK5,C=CC[C@@H]1/C=C(\C)C[C@H](C)C[C@H](OC)[C@H]2O[C@@](O)(C(=O)C(=O)N3CCCC[C@H]3C(=O)O[C@H](/C(C)=C/[C@@H]3CC[C@@H](O)[C@H](OC)C3)[C@H](C)[C@@H](O)CC1=O)[C@H](C)C[C@@H]2OC
2DG4,1J4H,P62942,FKBP1A,SUB,CCOC(=O)[C@H](Cc1ccccc1)NC(=O)[C@@H]1CSCCN1S(=O)(=O)c1ccc(C)cc1
2DG4,1J4I,P62942,FKBP1A,TST,Cc1ccc(S(=O)(=O)N2CCSC[C@H]2C(=O)N[C@@H](CC(C)C)C(=O)O)cc1
2DG4,1A7X,P62942,FKBP1A,FKA,CO[C@H]1C[C@@H](C)C/C(C)=C/[C@@H](CCOC(=O)NCc2ccccc2)C(=O)C[C@H](O)[C@@H](C)[C@@H](/C(C)=C/[C@@H]2CC[C@@H](O)[C@H](OC)C2)OC(=O)[C@@H]2CCCCN2C(=O)C(=O)[C@]2(O)O[C@H]1[C@@H](OC)C[C@H]2C
2DG4,1FKD,P62942,FKBP1A,818,CC[C@@H]1/C=C(\C)[C@@H](O)[C@H](C)C[C@H](OC)[C@H]2O[C@@](O)(C(=O)C(=O)N3CCCC[C@H]3C(=O)O[C@H](/C(C)=C/[C@@H]3CC[C@@H](O)[C@H](OC)C3)[C@H](C)[C@@H](O)CC1=O)[C@H](C)C[C@@H]2OC
2DG3,4DH0,P62942,FKBP1A,MR8,CO[C@H]1C[C@@H]2CC[C@@H](C)[C@@](O)(O2)C(=O)C(=O)N2CCCC[C@H]2C(=O)O[C@H]([C@H](C)C[C@@H]2CC[C@@H](O)[C@H](OC)C2)CC(=O)[C@H](C)/C=C(\C)[C@@H](OC)[C@@H](OC)C(=O)[C@H](C)C[C@H](C)/C=C/C=C/C=C/1C
2DG3,1QPL,P62942,FKBP1A,587,CC[C@@H]1/C=C(\C)[C@@H](O)[C@H](C)C[C@H](OC)[C@H]2O[C@@](O)(C(=O)C(=O)N3CCCC[C@H]3C(=O)O[C@H](/C(C)=C/[C@@H]3CC[C@@H](Oc4ccc5c(ccn5C)c4)[C@H](OC)C3)[C@H](C)[C@@H](O)CC1=O)[C@H](C)C[C@@H]2OC
2DG3,1J4H,P62942,FKBP1A,SUB,CCOC(=O)[C@H](Cc1ccccc1)NC(=O)[C@@H]1CSCCN1S(=O)(=O)c1ccc(C)cc1
1QPL,1BKF,P62942,FKBP1A,FK5,C=CC[C@@H]1/C=C(\C)C[C@H](C)C[C@H](OC)[C@H]2O[C@@](O)(C(=O)C(=O)N3CCCC[C@H]3C(=O)O[C@H](/C(C)=C/[C@@H]3CC[C@@H](O)[C@H](OC)C3)[C@H](C)[C@@H](O)CC1=O)[C@H](C)C[C@@H]2OC
1QPL,1FKG,P62942,FKBP1A,SB3,CCC(C)(C)C(=O)C(=O)N1CCCC[C@H]1C(=O)O[C@H](CCc1ccccc1)c1ccccc1
1QPL,1FKB,P62942,FKBP1A,RAP,CO[C@H]1C[C@@H]2CC[C@@H](C)[C@@](O)(O2)C(=O)C(=O)N2CCCC[C@H]2C(=O)O[C@H]([C@H](C)C[C@@H]2CC[C@@H](O)[C@H](OC)C2)CC(=O)[C@H](C)/C=C(\C)[C@@H](O)[C@@H](OC)C(=O)[C@H](C)C[C@H](C)/C=C/C=C/C=C/1C
1QPL,1FKD,P62942,FKBP1A,818,CC[C@@H]1/C=C(\C)[C@@H](O)[C@H](C)C[C@H](OC)[C@H]2O[C@@](O)(C(=O)C(=O)N3CCCC[C@H]3C(=O)O[C@H](/C(C)=C/[C@@H]3CC[C@@H](O)[C@H](OC)C3)[C@H](C)[C@@H](O)CC1=O)[C@H](C)C[C@@H]2OC
1FKD,1FKI,P62942,FKBP1A,SB1,CC1(C)COC(=O)CCCCCCCCCCCOC(=O)[C@@H]2CCCCN2C(=O)C1=O
1FKD,1J4I,P62942,FKBP1A,TST,Cc1ccc(S(=O)(=O)N2CCSC[C@H]2C(=O)N[C@@H](CC(C)C)C(=O)O)cc1
1FKD,1BL4,P62942,FKBP1A,AP1,CC[C@H](C(=O)N1CCCC[C@H]1C(=O)O[C@H](CCc1ccc(OC)c(OC)c1)c1cccc(OCC(=O)O)c1)c1cc(OC)c(OC)c(OC)c1
1FKI,1F40,P62942,FKBP1A,GPI,CCC(C)(C)C(=O)C(=O)N1CCC[C@H]1C(=O)OCCCc1cccnc1
1FKI,1FKH,P62942,FKBP1A,SBX,CCC(C)(C)C(=O)C(=O)N1CCCC[C@H]1C(=O)O[C@H](CCc1ccccc1)C1CCCCC1
2DG9,1J4R,P62942,FKBP1A,001 GOL SO4,COc1cc(C(F)(F)C(=O)N2CCCC[C@H]2C(=O)O[C@@H](CCCc2ccccc2)CCCc2cccnc2)cc(OC)c1OC OCC(O)CO O=S(=O)([O-])[O-]
2DG9,4DH0,P62942,FKBP1A,MR8,CO[C@H]1C[C@@H]2CC[C@@H](C)[C@@](O)(O2)C(=O)C(=O)N2CCCC[C@H]2C(=O)O[C@H]([C@H](C)C[C@@H]2CC[C@@H](O)[C@H](OC)C2)CC(=O)[C@H](C)/C=C(\C)[C@@H](OC)[C@@H](OC)C(=O)[C@H](C)C[C@H](C)/C=C/C=C/C=C/1C
2DG9,1FKI,P62942,FKBP1A,SB1,CC1(C)COC(=O)CCCCCCCCCCCOC(=O)[C@@H]2CCCCN2C(=O)C1=O
2DG9,1J4H,P62942,FKBP1A,SUB,CCOC(=O)[C@H](Cc1ccccc1)NC(=O)[C@@H]1CSCCN1S(=O)(=O)c1ccc(C)cc1
2DG9,1FKD,P62942,FKBP1A,818,CC[C@@H]1/C=C(\C)[C@@H](O)[C@H](C)C[C@H](OC)[C@H]2O[C@@](O)(C(=O)C(=O)N3CCCC[C@H]3C(=O)O[C@H](/C(C)=C/[C@@H]3CC[C@@H](O)[C@H](OC)C3)[C@H](C)[C@@H](O)CC1=O)[C@H](C)C[C@@H]2OC
1J4I,1F40,P62942,FKBP1A,GPI,CCC(C)(C)C(=O)C(=O)N1CCC[C@H]1C(=O)OCCCc1cccnc1
1J4I,2FAP,P62942,FKBP1A,RAD,CCO[C@H]1C[C@@H]2CC[C@@H](C)[C@@](O)(O2)C(=O)C(=O)N2CCCC[C@H]2C(=O)O[C@H]([C@H](C)C[C@@H]2CC[C@@H](O)[C@H](OC)C2)CC(=O)[C@H](C)/C=C(\C)[C@@H](O)[C@@H](OC)C(=O)[C@H](C)C[C@H](C)/C=C/C=C/C=C\1C
1J4I,1FKB,P62942,FKBP1A,RAP,CO[C@H]1C[C@@H]2CC[C@@H](C)[C@@](O)(O2)C(=O)C(=O)N2CCCC[C@H]2C(=O)O[C@H]([C@H](C)C[C@@H]2CC[C@@H](O)[C@H](OC)C2)CC(=O)[C@H](C)/C=C(\C)[C@@H](O)[C@@H](OC)C(=O)[C@H](C)C[C@H](C)/C=C/C=C/C=C/1C
1J4I,1BL4,P62942,FKBP1A,AP1,CC[C@H](C(=O)N1CCCC[C@H]1C(=O)O[C@H](CCc1ccc(OC)c(OC)c1)c1cccc(OCC(=O)O)c1)c1cc(OC)c(OC)c(OC)c1
1J4I,1A7X,P62942,FKBP1A,FKA,CO[C@H]1C[C@@H](C)C/C(C)=C/[C@@H](CCOC(=O)NCc2ccccc2)C(=O)C[C@H](O)[C@@H](C)[C@@H](/C(C)=C/[C@@H]2CC[C@@H](O)[C@H](OC)C2)OC(=O)[C@@H]2CCCCN2C(=O)C(=O)[C@]2(O)O[C@H]1[C@@H](OC)C[C@H]2C
1FAP,1FKI,P62942,FKBP1A,SB1,CC1(C)COC(=O)CCCCCCCCCCCOC(=O)[C@@H]2CCCCN2C(=O)C1=O
1FAP,1J4H,P62942,FKBP1A,SUB,CCOC(=O)[C@H](Cc1ccccc1)NC(=O)[C@@H]1CSCCN1S(=O)(=O)c1ccc(C)cc1
1FAP,1J4I,P62942,FKBP1A,TST,Cc1ccc(S(=O)(=O)N2CCSC[C@H]2C(=O)N[C@@H](CC(C)C)C(=O)O)cc1
1FAP,1FKD,P62942,FKBP1A,818,CC[C@@H]1/C=C(\C)[C@@H](O)[C@H](C)C[C@H](OC)[C@H]2O[C@@](O)(C(=O)C(=O)N3CCCC[C@H]3C(=O)O[C@H](/C(C)=C/[C@@H]3CC[C@@H](O)[C@H](OC)C3)[C@H](C)[C@@H](O)CC1=O)[C@H](C)C[C@@H]2OC
4DH0,1FKG,P62942,FKBP1A,SB3,CCC(C)(C)C(=O)C(=O)N1CCCC[C@H]1C(=O)O[C@H](CCc1ccccc1)c1ccccc1
4DH0,1FKH,P62942,FKBP1A,SBX,CCC(C)(C)C(=O)C(=O)N1CCCC[C@H]1C(=O)O[C@H](CCc1ccccc1)C1CCCCC1
4DH0,1QPL,P62942,FKBP1A,587,CC[C@@H]1/C=C(\C)[C@@H](O)[C@H](C)C[C@H](OC)[C@H]2O[C@@](O)(C(=O)C(=O)N3CCCC[C@H]3C(=O)O[C@H](/C(C)=C/[C@@H]3CC[C@@H](Oc4ccc5c(ccn5C)c4)[C@H](OC)C3)[C@H](C)[C@@H](O)CC1=O)[C@H](C)C[C@@H]2OC
4DH0,2FAP,P62942,FKBP1A,RAD,CCO[C@H]1C[C@@H]2CC[C@@H](C)[C@@](O)(O2)C(=O)C(=O)N2CCCC[C@H]2C(=O)O[C@H]([C@H](C)C[C@@H]2CC[C@@H](O)[C@H](OC)C2)CC(=O)[C@H](C)/C=C(\C)[C@@H](O)[C@@H](OC)C(=O)[C@H](C)C[C@H](C)/C=C/C=C/C=C\1C
1F40,1FKG,P62942,FKBP1A,SB3,CCC(C)(C)C(=O)C(=O)N1CCCC[C@H]1C(=O)O[C@H](CCc1ccccc1)c1ccccc1
1F40,1FKH,P62942,FKBP1A,SBX,CCC(C)(C)C(=O)C(=O)N1CCCC[C@H]1C(=O)O[C@H](CCc1ccccc1)C1CCCCC1
1F40,4DH0,P62942,FKBP1A,MR8,CO[C@H]1C[C@@H]2CC[C@@H](C)[C@@](O)(O2)C(=O)C(=O)N2CCCC[C@H]2C(=O)O[C@H]([C@H](C)C[C@@H]2CC[C@@H](O)[C@H](OC)C2)CC(=O)[C@H](C)/C=C(\C)[C@@H](OC)[C@@H](OC)C(=O)[C@H](C)C[C@H](C)/C=C/C=C/C=C/1C
1F40,1FKB,P62942,FKBP1A,RAP,CO[C@H]1C[C@@H]2CC[C@@H](C)[C@@](O)(O2)C(=O)C(=O)N2CCCC[C@H]2C(=O)O[C@H]([C@H](C)C[C@@H]2CC[C@@H](O)[C@H](OC)C2)CC(=O)[C@H](C)/C=C(\C)[C@@H](O)[C@@H](OC)C(=O)[C@H](C)C[C@H](C)/C=C/C=C/C=C/1C
1F40,1FKD,P62942,FKBP1A,818,CC[C@@H]1/C=C(\C)[C@@H](O)[C@H](C)C[C@H](OC)[C@H]2O[C@@](O)(C(=O)C(=O)N3CCCC[C@H]3C(=O)O[C@H](/C(C)=C/[C@@H]3CC[C@@H](O)[C@H](OC)C3)[C@H](C)[C@@H](O)CC1=O)[C@H](C)C[C@@H]2OC
1FKJ,1FKB,P62942,FKBP1A,RAP,CO[C@H]1C[C@@H]2CC[C@@H](C)[C@@](O)(O2)C(=O)C(=O)N2CCCC[C@H]2C(=O)O[C@H]([C@H](C)C[C@@H]2CC[C@@H](O)[C@H](OC)C2)CC(=O)[C@H](C)/C=C(\C)[C@@H](O)[C@@H](OC)C(=O)[C@H](C)C[C@H](C)/C=C/C=C/C=C/1C
1FKJ,1J4I,P62942,FKBP1A,TST,Cc1ccc(S(=O)(=O)N2CCSC[C@H]2C(=O)N[C@@H](CC(C)C)C(=O)O)cc1
1FKJ,1BL4,P62942,FKBP1A,AP1,CC[C@H](C(=O)N1CCCC[C@H]1C(=O)O[C@H](CCc1ccc(OC)c(OC)c1)c1cccc(OCC(=O)O)c1)c1cc(OC)c(OC)c(OC)c1
1FKJ,1A7X,P62942,FKBP1A,FKA,CO[C@H]1C[C@@H](C)C/C(C)=C/[C@@H](CCOC(=O)NCc2ccccc2)C(=O)C[C@H](O)[C@@H](C)[C@@H](/C(C)=C/[C@@H]2CC[C@@H](O)[C@H](OC)C2)OC(=O)[C@@H]2CCCCN2C(=O)C(=O)[C@]2(O)O[C@H]1[C@@H](OC)C[C@H]2C
1FKB,1F40,P62942,FKBP1A,GPI,CCC(C)(C)C(=O)C(=O)N1CCC[C@H]1C(=O)OCCCc1cccnc1
1FKB,1BKF,P62942,FKBP1A,FK5,C=CC[C@@H]1/C=C(\C)C[C@H](C)C[C@H](OC)[C@H]2O[C@@](O)(C(=O)C(=O)N3CCCC[C@H]3C(=O)O[C@H](/C(C)=C/[C@@H]3CC[C@@H](O)[C@H](OC)C3)[C@H](C)[C@@H](O)CC1=O)[C@H](C)C[C@@H]2OC
1FKB,1FKH,P62942,FKBP1A,SBX,CCC(C)(C)C(=O)C(=O)N1CCCC[C@H]1C(=O)O[C@H](CCc1ccccc1)C1CCCCC1
1FKB,1J4H,P62942,FKBP1A,SUB,CCOC(=O)[C@H](Cc1ccccc1)NC(=O)[C@@H]1CSCCN1S(=O)(=O)c1ccc(C)cc1
1FKB,4FAP,P62942,FKBP1A,ARD,CO[C@@H]1C[C@H](C[C@@H](C)[C@@H]2CC(=O)[C@H](C)/C=C(\C)[C@@H](O)[C@@H](OC)C(=O)[C@H](C)C[C@H](C)/C=C/C=C/C=C(\C)[C@H](c3ccc(C)s3)C[C@@H]3CC[C@@H](C)[C@@](O)(O3)C(=O)C(=O)N3CCCC[C@H]3C(=O)O2)CC[C@H]1O
1FKB,1FKD,P62942,FKBP1A,818,CC[C@@H]1/C=C(\C)[C@@H](O)[C@H](C)C[C@H](OC)[C@H]2O[C@@](O)(C(=O)C(=O)N3CCCC[C@H]3C(=O)O[C@H](/C(C)=C/[C@@H]3CC[C@@H](O)[C@H](OC)C3)[C@H](C)[C@@H](O)CC1=O)[C@H](C)C[C@@H]2OC
1BKF,1J4R,P62942,FKBP1A,001 GOL SO4,COc1cc(C(F)(F)C(=O)N2CCCC[C@H]2C(=O)O[C@@H](CCCc2ccccc2)CCCc2cccnc2)cc(OC)c1OC OCC(O)CO O=S(=O)([O-])[O-]
1BKF,4DH0,P62942,FKBP1A,MR8,CO[C@H]1C[C@@H]2CC[C@@H](C)[C@@](O)(O2)C(=O)C(=O)N2CCCC[C@H]2C(=O)O[C@H]([C@H](C)C[C@@H]2CC[C@@H](O)[C@H](OC)C2)CC(=O)[C@H](C)/C=C(\C)[C@@H](OC)[C@@H](OC)C(=O)[C@H](C)C[C@H](C)/C=C/C=C/C=C/1C
1BKF,1FKI,P62942,FKBP1A,SB1,CC1(C)COC(=O)CCCCCCCCCCCOC(=O)[C@@H]2CCCCN2C(=O)C1=O
1BKF,2FAP,P62942,FKBP1A,RAD,CCO[C@H]1C[C@@H]2CC[C@@H](C)[C@@](O)(O2)C(=O)C(=O)N2CCCC[C@H]2C(=O)O[C@H]([C@H](C)C[C@@H]2CC[C@@H](O)[C@H](OC)C2)CC(=O)[C@H](C)/C=C(\C)[C@@H](O)[C@@H](OC)C(=O)[C@H](C)C[C@H](C)/C=C/C=C/C=C\1C
1BKF,1J4I,P62942,FKBP1A,TST,Cc1ccc(S(=O)(=O)N2CCSC[C@H]2C(=O)N[C@@H](CC(C)C)C(=O)O)cc1
1BKF,1A7X,P62942,FKBP1A,FKA,CO[C@H]1C[C@@H](C)C/C(C)=C/[C@@H](CCOC(=O)NCc2ccccc2)C(=O)C[C@H](O)[C@@H](C)[C@@H](/C(C)=C/[C@@H]2CC[C@@H](O)[C@H](OC)C2)OC(=O)[C@@H]2CCCCN2C(=O)C(=O)[C@]2(O)O[C@H]1[C@@H](OC)C[C@H]2C
1BKF,1FKD,P62942,FKBP1A,818,CC[C@@H]1/C=C(\C)[C@@H](O)[C@H](C)C[C@H](OC)[C@H]2O[C@@](O)(C(=O)C(=O)N3CCCC[C@H]3C(=O)O[C@H](/C(C)=C/[C@@H]3CC[C@@H](O)[C@H](OC)C3)[C@H](C)[C@@H](O)CC1=O)[C@H](C)C[C@@H]2OC
1FKF,1A7X,P62942,FKBP1A,FKA,CO[C@H]1C[C@@H](C)C/C(C)=C/[C@@H](CCOC(=O)NCc2ccccc2)C(=O)C[C@H](O)[C@@H](C)[C@@H](/C(C)=C/[C@@H]2CC[C@@H](O)[C@H](OC)C2)OC(=O)[C@@H]2CCCCN2C(=O)C(=O)[C@]2(O)O[C@H]1[C@@H](OC)C[C@H]2C
1FKG,1F40,P62942,FKBP1A,GPI,CCC(C)(C)C(=O)C(=O)N1CCC[C@H]1C(=O)OCCCc1cccnc1
1FKG,1BKF,P62942,FKBP1A,FK5,C=CC[C@@H]1/C=C(\C)C[C@H](C)C[C@H](OC)[C@H]2O[C@@](O)(C(=O)C(=O)N3CCCC[C@H]3C(=O)O[C@H](/C(C)=C/[C@@H]3CC[C@@H](O)[C@H](OC)C3)[C@H](C)[C@@H](O)CC1=O)[C@H](C)C[C@@H]2OC
1FKG,2FAP,P62942,FKBP1A,RAD,CCO[C@H]1C[C@@H]2CC[C@@H](C)[C@@](O)(O2)C(=O)C(=O)N2CCCC[C@H]2C(=O)O[C@H]([C@H](C)C[C@@H]2CC[C@@H](O)[C@H](OC)C2)CC(=O)[C@H](C)/C=C(\C)[C@@H](O)[C@@H](OC)C(=O)[C@H](C)C[C@H](C)/C=C/C=C/C=C\1C
1FKG,1J4H,P62942,FKBP1A,SUB,CCOC(=O)[C@H](Cc1ccccc1)NC(=O)[C@@H]1CSCCN1S(=O)(=O)c1ccc(C)cc1
1FKG,1A7X,P62942,FKBP1A,FKA,CO[C@H]1C[C@@H](C)C/C(C)=C/[C@@H](CCOC(=O)NCc2ccccc2)C(=O)C[C@H](O)[C@@H](C)[C@@H](/C(C)=C/[C@@H]2CC[C@@H](O)[C@H](OC)C2)OC(=O)[C@@H]2CCCCN2C(=O)C(=O)[C@]2(O)O[C@H]1[C@@H](OC)C[C@H]2C
1FKH,1F40,P62942,FKBP1A,GPI,CCC(C)(C)C(=O)C(=O)N1CCC[C@H]1C(=O)OCCCc1cccnc1
1FKH,1FKG,P62942,FKBP1A,SB3,CCC(C)(C)C(=O)C(=O)N1CCCC[C@H]1C(=O)O[C@H](CCc1ccccc1)c1ccccc1
1NSG,1J4R,P62942,FKBP1A,001 GOL SO4,COc1cc(C(F)(F)C(=O)N2CCCC[C@H]2C(=O)O[C@@H](CCCc2ccccc2)CCCc2cccnc2)cc(OC)c1OC OCC(O)CO O=S(=O)([O-])[O-]
1NSG,1F40,P62942,FKBP1A,GPI,CCC(C)(C)C(=O)C(=O)N1CCC[C@H]1C(=O)OCCCc1cccnc1
1NSG,1FKH,P62942,FKBP1A,SBX,CCC(C)(C)C(=O)C(=O)N1CCCC[C@H]1C(=O)O[C@H](CCc1ccccc1)C1CCCCC1
1NSG,4DH0,P62942,FKBP1A,MR8,CO[C@H]1C[C@@H]2CC[C@@H](C)[C@@](O)(O2)C(=O)C(=O)N2CCCC[C@H]2C(=O)O[C@H]([C@H](C)C[C@@H]2CC[C@@H](O)[C@H](OC)C2)CC(=O)[C@H](C)/C=C(\C)[C@@H](OC)[C@@H](OC)C(=O)[C@H](C)C[C@H](C)/C=C/C=C/C=C/1C
1NSG,1FKI,P62942,FKBP1A,SB1,CC1(C)COC(=O)CCCCCCCCCCCOC(=O)[C@@H]2CCCCN2C(=O)C1=O
1NSG,1QPL,P62942,FKBP1A,587,CC[C@@H]1/C=C(\C)[C@@H](O)[C@H](C)C[C@H](OC)[C@H]2O[C@@](O)(C(=O)C(=O)N3CCCC[C@H]3C(=O)O[C@H](/C(C)=C/[C@@H]3CC[C@@H](Oc4ccc5c(ccn5C)c4)[C@H](OC)C3)[C@H](C)[C@@H](O)CC1=O)[C@H](C)C[C@@H]2OC
1NSG,4FAP,P62942,FKBP1A,ARD,CO[C@@H]1C[C@H](C[C@@H](C)[C@@H]2CC(=O)[C@H](C)/C=C(\C)[C@@H](O)[C@@H](OC)C(=O)[C@H](C)C[C@H](C)/C=C/C=C/C=C(\C)[C@H](c3ccc(C)s3)C[C@@H]3CC[C@@H](C)[C@@](O)(O3)C(=O)C(=O)N3CCCC[C@H]3C(=O)O2)CC[C@H]1O
1NSG,1FKD,P62942,FKBP1A,818,CC[C@@H]1/C=C(\C)[C@@H](O)[C@H](C)C[C@H](OC)[C@H]2O[C@@](O)(C(=O)C(=O)N3CCCC[C@H]3C(=O)O[C@H](/C(C)=C/[C@@H]3CC[C@@H](O)[C@H](OC)C3)[C@H](C)[C@@H](O)CC1=O)[C@H](C)C[C@@H]2OC
1BL4,1F40,P62942,FKBP1A,GPI,CCC(C)(C)C(=O)C(=O)N1CCC[C@H]1C(=O)OCCCc1cccnc1
1BL4,1QPL,P62942,FKBP1A,587,CC[C@@H]1/C=C(\C)[C@@H](O)[C@H](C)C[C@H](OC)[C@H]2O[C@@](O)(C(=O)C(=O)N3CCCC[C@H]3C(=O)O[C@H](/C(C)=C/[C@@H]3CC[C@@H](Oc4ccc5c(ccn5C)c4)[C@H](OC)C3)[C@H](C)[C@@H](O)CC1=O)[C@H](C)C[C@@H]2OC
1BL4,2FAP,P62942,FKBP1A,RAD,CCO[C@H]1C[C@@H]2CC[C@@H](C)[C@@](O)(O2)C(=O)C(=O)N2CCCC[C@H]2C(=O)O[C@H]([C@H](C)C[C@@H]2CC[C@@H](O)[C@H](OC)C2)CC(=O)[C@H](C)/C=C(\C)[C@@H](O)[C@@H](OC)C(=O)[C@H](C)C[C@H](C)/C=C/C=C/C=C\1C
1BL4,1FKB,P62942,FKBP1A,RAP,CO[C@H]1C[C@@H]2CC[C@@H](C)[C@@](O)(O2)C(=O)C(=O)N2CCCC[C@H]2C(=O)O[C@H]([C@H](C)C[C@@H]2CC[C@@H](O)[C@H](OC)C2)CC(=O)[C@H](C)/C=C(\C)[C@@H](O)[C@@H](OC)C(=O)[C@H](C)C[C@H](C)/C=C/C=C/C=C/1C
1BL4,4FAP,P62942,FKBP1A,ARD,CO[C@@H]1C[C@H](C[C@@H](C)[C@@H]2CC(=O)[C@H](C)/C=C(\C)[C@@H](O)[C@@H](OC)C(=O)[C@H](C)C[C@H](C)/C=C/C=C/C=C(\C)[C@H](c3ccc(C)s3)C[C@@H]3CC[C@@H](C)[C@@](O)(O3)C(=O)C(=O)N3CCCC[C@H]3C(=O)O2)CC[C@H]1O
1BL4,1J4I,P62942,FKBP1A,TST,Cc1ccc(S(=O)(=O)N2CCSC[C@H]2C(=O)N[C@@H](CC(C)C)C(=O)O)cc1
2FKE,1FKH,P62942,FKBP1A,SBX,CCC(C)(C)C(=O)C(=O)N1CCCC[C@H]1C(=O)O[C@H](CCc1ccccc1)C1CCCCC1
2FKE,4DH0,P62942,FKBP1A,MR8,CO[C@H]1C[C@@H]2CC[C@@H](C)[C@@](O)(O2)C(=O)C(=O)N2CCCC[C@H]2C(=O)O[C@H]([C@H](C)C[C@@H]2CC[C@@H](O)[C@H](OC)C2)CC(=O)[C@H](C)/C=C(\C)[C@@H](OC)[C@@H](OC)C(=O)[C@H](C)C[C@H](C)/C=C/C=C/C=C/1C
2FKE,1FKI,P62942,FKBP1A,SB1,CC1(C)COC(=O)CCCCCCCCCCCOC(=O)[C@@H]2CCCCN2C(=O)C1=O
2FKE,1J4I,P62942,FKBP1A,TST,Cc1ccc(S(=O)(=O)N2CCSC[C@H]2C(=O)N[C@@H](CC(C)C)C(=O)O)cc1
2FKE,1BL4,P62942,FKBP1A,AP1,CC[C@H](C(=O)N1CCCC[C@H]1C(=O)O[C@H](CCc1ccc(OC)c(OC)c1)c1cccc(OCC(=O)O)c1)c1cc(OC)c(OC)c(OC)c1
1FKL,1FKI,P18203,FKBP1A,SB1,CC1(C)COC(=O)CCCCCCCCCCCOC(=O)[C@@H]2CCCCN2C(=O)C1=O
1FKL,1QPL,P18203,FKBP1A,587,CC[C@@H]1/C=C(\C)[C@@H](O)[C@H](C)C[C@H](OC)[C@H]2O[C@@](O)(C(=O)C(=O)N3CCCC[C@H]3C(=O)O[C@H](/C(C)=C/[C@@H]3CC[C@@H](Oc4ccc5c(ccn5C)c4)[C@H](OC)C3)[C@H](C)[C@@H](O)CC1=O)[C@H](C)C[C@@H]2OC
1FKL,1BL4,P18203,FKBP1A,AP1,CC[C@H](C(=O)N1CCCC[C@H]1C(=O)O[C@H](CCc1ccc(OC)c(OC)c1)c1cccc(OCC(=O)O)c1)c1cc(OC)c(OC)c(OC)c1
4FAP,1QPL,P62942,FKBP1A,587,CC[C@@H]1/C=C(\C)[C@@H](O)[C@H](C)C[C@H](OC)[C@H]2O[C@@](O)(C(=O)C(=O)N3CCCC[C@H]3C(=O)O[C@H](/C(C)=C/[C@@H]3CC[C@@H](Oc4ccc5c(ccn5C)c4)[C@H](OC)C3)[C@H](C)[C@@H](O)CC1=O)[C@H](C)C[C@@H]2OC
1J4R,1QPL,P62942,FKBP1A,587,CC[C@@H]1/C=C(\C)[C@@H](O)[C@H](C)C[C@H](OC)[C@H]2O[C@@](O)(C(=O)C(=O)N3CCCC[C@H]3C(=O)O[C@H](/C(C)=C/[C@@H]3CC[C@@H](Oc4ccc5c(ccn5C)c4)[C@H](OC)C3)[C@H](C)[C@@H](O)CC1=O)[C@H](C)C[C@@H]2OC
1FT2,2H6H,Q04631,FNTA,FAR ZN ACY,C/C=C(\C)CC/C=C(\C)CCC=C(C)C [Zn+2] CC(=O)O
1FT2,1X81,Q04631,FNTA,ZN JAN,[Zn+2] Cn1cncc1[C@@](N)(c1ccc(Cl)cc1)c1ccc2c(c1)c(-c1cccc(Cl)c1)cc(=O)n2C
1FT2,1O1S,Q04631,FNTA,1NH ZN,C/C(=C\CO[P@](=O)(O)OP(=O)(O)O)CC/C=C(\C)COCc1cccc(C(=O)c2ccccc2)c1 [Zn+2]
3EUV,1FPP,Q04631,FNTA,FPP PO4 ZN,CC(C)=CCC/C(C)=C/CC/C(C)=C/CO[P@@](=O)(O)OP(=O)(O)O O=P([O-])([O-])[O-] [Zn+2]
3EUV,2H6I,Q04631,FNTA,GER ZN,C/C=C(\C)CC/C=C(\C)CC/C=C(\C)CCC=C(C)C [Zn+2]
3EUV,3KSL,Q04631,FNTA,MG ZN SZH,[Mg+2] [Zn+2] C/C(=C\COP(=O)(O)OP(=O)(O)O)CCC[C@H](C)COC(=O)[C@H](NN)C(F)(F)F
3E37,1TN6,P49354,FNTA,ACY FII ZN,CC(=O)O CC(C)=CCC/C(C)=C/CC/C(C)=C/CONC(=O)CP(=O)(O)O [Zn+2]
3E37,3EUV,P49354,FNTA,GBO ZN,C/C(=C\CO[P@@](=O)(O)OP(=O)(O)O)CC/C=C(\C)CNC(=O)CCCC[C@@H]1SC[C@@H]2NC(=O)N[C@@H]21 [Zn+2]
3E37,1X81,P49354,FNTA,ZN JAN,[Zn+2] Cn1cncc1[C@@](N)(c1ccc(Cl)cc1)c1ccc2c(c1)c(-c1cccc(Cl)c1)cc(=O)n2C
1JCR,2H6H,Q04631,FNTA,FAR ZN ACY,C/C=C(\C)CC/C=C(\C)CCC=C(C)C [Zn+2] CC(=O)O
1JCR,1O1R,Q04631,FNTA,GRG ZN,CC(C)=CCC/C(C)=C/CC/C(C)=C/CC/C(C)=C/COP(=O)(O)OP(=O)(O)O [Zn+2]
1JCR,1QBQ,Q04631,FNTA,HFP ZN ACT,CC(C)CCC[C@@H](C)CCC[C@@H](C)C[C@@H](O)P(=O)(O)O [Zn+2] CC(=O)[O-]
1JCR,3E37,Q04631,FNTA,ED5 ZN,Cc1ccccc1S(=O)(=O)N(CCN(Cc1cncn1C)c1ccc(C#N)cc1)CC1CCN(C(=O)OC(C)(C)C)CC1 [Zn+2]
1JCR,1X81,Q04631,FNTA,ZN JAN,[Zn+2] Cn1cncc1[C@@](N)(c1ccc(Cl)cc1)c1ccc2c(c1)c(-c1cccc(Cl)c1)cc(=O)n2C
1JCR,3KSL,Q04631,FNTA,MG ZN SZH,[Mg+2] [Zn+2] C/C(=C\COP(=O)(O)OP(=O)(O)O)CCC[C@H](C)COC(=O)[C@H](NN)C(F)(F)F
1JCR,1O1S,Q04631,FNTA,1NH ZN,C/C(=C\CO[P@](=O)(O)OP(=O)(O)O)CC/C=C(\C)COCc1cccc(C(=O)c2ccccc2)c1 [Zn+2]
1X81,1O1R,Q04631,FNTA,GRG ZN,CC(C)=CCC/C(C)=C/CC/C(C)=C/CC/C(C)=C/COP(=O)(O)OP(=O)(O)O [Zn+2]
1X81,1O1S,Q04631,FNTA,1NH ZN,C/C(=C\CO[P@](=O)(O)OP(=O)(O)O)CC/C=C(\C)COCc1cccc(C(=O)c2ccccc2)c1 [Zn+2]
1TN7,1FPP,Q04631,FNTA,FPP PO4 ZN,CC(C)=CCC/C(C)=C/CC/C(C)=C/CO[P@@](=O)(O)OP(=O)(O)O O=P([O-])([O-])[O-] [Zn+2]
1TN7,1O1T,Q04631,FNTA,2NH ZN MG,CC[C@H](C)[C@H](NC(=O)[C@@H](NC(=O)[C@H](CSC/C=C(\C)CC/C=C(\C)CCC=C(C)C)NC(C)=O)C(C)C)C(=O)N[C@@H](CCSC)C(=O)O [Zn+2] [Mg+2]
1TN7,1X81,Q04631,FNTA,ZN JAN,[Zn+2] Cn1cncc1[C@@](N)(c1ccc(Cl)cc1)c1ccc2c(c1)c(-c1cccc(Cl)c1)cc(=O)n2C
1TN7,1O1S,Q04631,FNTA,1NH ZN,C/C(=C\CO[P@](=O)(O)OP(=O)(O)O)CC/C=C(\C)COCc1cccc(C(=O)c2ccccc2)c1 [Zn+2]
1O1R,1TN6,Q04631,FNTA,ACY FII ZN,CC(=O)O CC(C)=CCC/C(C)=C/CC/C(C)=C/CONC(=O)CP(=O)(O)O [Zn+2]
1O1R,1QBQ,Q04631,FNTA,HFP ZN ACT,CC(C)CCC[C@@H](C)CCC[C@@H](C)C[C@@H](O)P(=O)(O)O [Zn+2] CC(=O)[O-]
1O1R,1O1T,Q04631,FNTA,2NH ZN MG,CC[C@H](C)[C@H](NC(=O)[C@@H](NC(=O)[C@H](CSC/C=C(\C)CC/C=C(\C)CCC=C(C)C)NC(C)=O)C(C)C)C(=O)N[C@@H](CCSC)C(=O)O [Zn+2] [Mg+2]
1O1R,1X81,Q04631,FNTA,ZN JAN,[Zn+2] Cn1cncc1[C@@](N)(c1ccc(Cl)cc1)c1ccc2c(c1)c(-c1cccc(Cl)c1)cc(=O)n2C
2H6G,1TN6,P49354,FNTA,ACY FII ZN,CC(=O)O CC(C)=CCC/C(C)=C/CC/C(C)=C/CONC(=O)CP(=O)(O)O [Zn+2]
2H6G,1FPP,P49354,FNTA,FPP PO4 ZN,CC(C)=CCC/C(C)=C/CC/C(C)=C/CO[P@@](=O)(O)OP(=O)(O)O O=P([O-])([O-])[O-] [Zn+2]
2H6G,3EUV,P49354,FNTA,GBO ZN,C/C(=C\CO[P@@](=O)(O)OP(=O)(O)O)CC/C=C(\C)CNC(=O)CCCC[C@@H]1SC[C@@H]2NC(=O)N[C@@H]21 [Zn+2]
2H6G,1O1T,P49354,FNTA,2NH ZN MG,CC[C@H](C)[C@H](NC(=O)[C@@H](NC(=O)[C@H](CSC/C=C(\C)CC/C=C(\C)CCC=C(C)C)NC(C)=O)C(C)C)C(=O)N[C@@H](CCSC)C(=O)O [Zn+2] [Mg+2]
2H6G,1O1S,P49354,FNTA,1NH ZN,C/C(=C\CO[P@](=O)(O)OP(=O)(O)O)CC/C=C(\C)COCc1cccc(C(=O)c2ccccc2)c1 [Zn+2]
3KSL,2H6H,Q04631,FNTA,FAR ZN ACY,C/C=C(\C)CC/C=C(\C)CCC=C(C)C [Zn+2] CC(=O)O
3KSL,1O1R,Q04631,FNTA,GRG ZN,CC(C)=CCC/C(C)=C/CC/C(C)=C/CC/C(C)=C/COP(=O)(O)OP(=O)(O)O [Zn+2]
3KSL,1QBQ,Q04631,FNTA,HFP ZN ACT,CC(C)CCC[C@@H](C)CCC[C@@H](C)C[C@@H](O)P(=O)(O)O [Zn+2] CC(=O)[O-]
3KSL,1O1T,Q04631,FNTA,2NH ZN MG,CC[C@H](C)[C@H](NC(=O)[C@@H](NC(=O)[C@H](CSC/C=C(\C)CC/C=C(\C)CCC=C(C)C)NC(C)=O)C(C)C)C(=O)N[C@@H](CCSC)C(=O)O [Zn+2] [Mg+2]
3KSL,3E37,Q04631,FNTA,ED5 ZN,Cc1ccccc1S(=O)(=O)N(CCN(Cc1cncn1C)c1ccc(C#N)cc1)CC1CCN(C(=O)OC(C)(C)C)CC1 [Zn+2]
3KSL,2H6I,Q04631,FNTA,GER ZN,C/C=C(\C)CC/C=C(\C)CC/C=C(\C)CCC=C(C)C [Zn+2]
3KSL,1X81,Q04631,FNTA,ZN JAN,[Zn+2] Cn1cncc1[C@@](N)(c1ccc(Cl)cc1)c1ccc2c(c1)c(-c1cccc(Cl)c1)cc(=O)n2C
1D8D,1O1R,Q04631,FNTA,GRG ZN,CC(C)=CCC/C(C)=C/CC/C(C)=C/CC/C(C)=C/COP(=O)(O)OP(=O)(O)O [Zn+2]
1D8D,1O1T,Q04631,FNTA,2NH ZN MG,CC[C@H](C)[C@H](NC(=O)[C@@H](NC(=O)[C@H](CSC/C=C(\C)CC/C=C(\C)CCC=C(C)C)NC(C)=O)C(C)C)C(=O)N[C@@H](CCSC)C(=O)O [Zn+2] [Mg+2]
1D8D,3E37,Q04631,FNTA,ED5 ZN,Cc1ccccc1S(=O)(=O)N(CCN(Cc1cncn1C)c1ccc(C#N)cc1)CC1CCN(C(=O)OC(C)(C)C)CC1 [Zn+2]
1D8D,1X81,Q04631,FNTA,ZN JAN,[Zn+2] Cn1cncc1[C@@](N)(c1ccc(Cl)cc1)c1ccc2c(c1)c(-c1cccc(Cl)c1)cc(=O)n2C
1KZP,1O1T,Q04631,FNTA,2NH ZN MG,CC[C@H](C)[C@H](NC(=O)[C@@H](NC(=O)[C@H](CSC/C=C(\C)CC/C=C(\C)CCC=C(C)C)NC(C)=O)C(C)C)C(=O)N[C@@H](CCSC)C(=O)O [Zn+2] [Mg+2]
1KZP,1O1S,Q04631,FNTA,1NH ZN,C/C(=C\CO[P@](=O)(O)OP(=O)(O)O)CC/C=C(\C)COCc1cccc(C(=O)c2ccccc2)c1 [Zn+2]
1O1T,1TN6,Q04631,FNTA,ACY FII ZN,CC(=O)O CC(C)=CCC/C(C)=C/CC/C(C)=C/CONC(=O)CP(=O)(O)O [Zn+2]
1O1T,2H6H,Q04631,FNTA,FAR ZN ACY,C/C=C(\C)CC/C=C(\C)CCC=C(C)C [Zn+2] CC(=O)O
1O1T,3E37,Q04631,FNTA,ED5 ZN,Cc1ccccc1S(=O)(=O)N(CCN(Cc1cncn1C)c1ccc(C#N)cc1)CC1CCN(C(=O)OC(C)(C)C)CC1 [Zn+2]
1O1T,3KSL,Q04631,FNTA,MG ZN SZH,[Mg+2] [Zn+2] C/C(=C\COP(=O)(O)OP(=O)(O)O)CCC[C@H](C)COC(=O)[C@H](NN)C(F)(F)F
1O1T,1O1S,Q04631,FNTA,1NH ZN,C/C(=C\CO[P@](=O)(O)OP(=O)(O)O)CC/C=C(\C)COCc1cccc(C(=O)c2ccccc2)c1 [Zn+2]
3DPY,2H6H,Q04631,FNTA,FAR ZN ACY,C/C=C(\C)CC/C=C(\C)CCC=C(C)C [Zn+2] CC(=O)O
3DPY,1O1R,Q04631,FNTA,GRG ZN,CC(C)=CCC/C(C)=C/CC/C(C)=C/CC/C(C)=C/COP(=O)(O)OP(=O)(O)O [Zn+2]
3DPY,1O1T,Q04631,FNTA,2NH ZN MG,CC[C@H](C)[C@H](NC(=O)[C@@H](NC(=O)[C@H](CSC/C=C(\C)CC/C=C(\C)CCC=C(C)C)NC(C)=O)C(C)C)C(=O)N[C@@H](CCSC)C(=O)O [Zn+2] [Mg+2]
3DPY,1X81,Q04631,FNTA,ZN JAN,[Zn+2] Cn1cncc1[C@@](N)(c1ccc(Cl)cc1)c1ccc2c(c1)c(-c1cccc(Cl)c1)cc(=O)n2C
3DPY,3KSL,Q04631,FNTA,MG ZN SZH,[Mg+2] [Zn+2] C/C(=C\COP(=O)(O)OP(=O)(O)O)CCC[C@H](C)COC(=O)[C@H](NN)C(F)(F)F
1D8E,1FPP,Q04631,FNTA,FPP PO4 ZN,CC(C)=CCC/C(C)=C/CC/C(C)=C/CO[P@@](=O)(O)OP(=O)(O)O O=P([O-])([O-])[O-] [Zn+2]
1D8E,1O1R,Q04631,FNTA,GRG ZN,CC(C)=CCC/C(C)=C/CC/C(C)=C/CC/C(C)=C/COP(=O)(O)OP(=O)(O)O [Zn+2]
1D8E,1QBQ,Q04631,FNTA,HFP ZN ACT,CC(C)CCC[C@@H](C)CCC[C@@H](C)C[C@@H](O)P(=O)(O)O [Zn+2] CC(=O)[O-]
1D8E,3E37,Q04631,FNTA,ED5 ZN,Cc1ccccc1S(=O)(=O)N(CCN(Cc1cncn1C)c1ccc(C#N)cc1)CC1CCN(C(=O)OC(C)(C)C)CC1 [Zn+2]
1D8E,3KSL,Q04631,FNTA,MG ZN SZH,[Mg+2] [Zn+2] C/C(=C\COP(=O)(O)OP(=O)(O)O)CCC[C@H](C)COC(=O)[C@H](NN)C(F)(F)F
1D8E,1O1S,Q04631,FNTA,1NH ZN,C/C(=C\CO[P@](=O)(O)OP(=O)(O)O)CC/C=C(\C)COCc1cccc(C(=O)c2ccccc2)c1 [Zn+2]
1O1S,1FPP,Q04631,FNTA,FPP PO4 ZN,CC(C)=CCC/C(C)=C/CC/C(C)=C/CO[P@@](=O)(O)OP(=O)(O)O O=P([O-])([O-])[O-] [Zn+2]
1O1S,1QBQ,Q04631,FNTA,HFP ZN ACT,CC(C)CCC[C@@H](C)CCC[C@@H](C)C[C@@H](O)P(=O)(O)O [Zn+2] CC(=O)[O-]
1O1S,3E37,Q04631,FNTA,ED5 ZN,Cc1ccccc1S(=O)(=O)N(CCN(Cc1cncn1C)c1ccc(C#N)cc1)CC1CCN(C(=O)OC(C)(C)C)CC1 [Zn+2]
1QBQ,1FPP,Q04631,FNTA,FPP PO4 ZN,CC(C)=CCC/C(C)=C/CC/C(C)=C/CO[P@@](=O)(O)OP(=O)(O)O O=P([O-])([O-])[O-] [Zn+2]
1QBQ,2H6I,Q04631,FNTA,GER ZN,C/C=C(\C)CC/C=C(\C)CC/C=C(\C)CCC=C(C)C [Zn+2]
1QBQ,1O1S,Q04631,FNTA,1NH ZN,C/C(=C\CO[P@](=O)(O)OP(=O)(O)O)CC/C=C(\C)COCc1cccc(C(=O)c2ccccc2)c1 [Zn+2]
2H6H,1FPP,P49354,FNTA,FPP PO4 ZN,CC(C)=CCC/C(C)=C/CC/C(C)=C/CO[P@@](=O)(O)OP(=O)(O)O O=P([O-])([O-])[O-] [Zn+2]
2H6H,1O1R,P49354,FNTA,GRG ZN,CC(C)=CCC/C(C)=C/CC/C(C)=C/CC/C(C)=C/COP(=O)(O)OP(=O)(O)O [Zn+2]
2H6H,1QBQ,P49354,FNTA,HFP ZN ACT,CC(C)CCC[C@@H](C)CCC[C@@H](C)C[C@@H](O)P(=O)(O)O [Zn+2] CC(=O)[O-]
2H6H,3E37,P49354,FNTA,ED5 ZN,Cc1ccccc1S(=O)(=O)N(CCN(Cc1cncn1C)c1ccc(C#N)cc1)CC1CCN(C(=O)OC(C)(C)C)CC1 [Zn+2]
2H6H,1X81,P49354,FNTA,ZN JAN,[Zn+2] Cn1cncc1[C@@](N)(c1ccc(Cl)cc1)c1ccc2c(c1)c(-c1cccc(Cl)c1)cc(=O)n2C
2H6H,1O1S,P49354,FNTA,1NH ZN,C/C(=C\CO[P@](=O)(O)OP(=O)(O)O)CC/C=C(\C)COCc1cccc(C(=O)c2ccccc2)c1 [Zn+2]
1JCS,2H6H,Q04631,FNTA,FAR ZN ACY,C/C=C(\C)CC/C=C(\C)CCC=C(C)C [Zn+2] CC(=O)O
1JCS,1FPP,Q04631,FNTA,FPP PO4 ZN,CC(C)=CCC/C(C)=C/CC/C(C)=C/CO[P@@](=O)(O)OP(=O)(O)O O=P([O-])([O-])[O-] [Zn+2]
1JCS,1QBQ,Q04631,FNTA,HFP ZN ACT,CC(C)CCC[C@@H](C)CCC[C@@H](C)C[C@@H](O)P(=O)(O)O [Zn+2] CC(=O)[O-]
1JCS,1O1T,Q04631,FNTA,2NH ZN MG,CC[C@H](C)[C@H](NC(=O)[C@@H](NC(=O)[C@H](CSC/C=C(\C)CC/C=C(\C)CCC=C(C)C)NC(C)=O)C(C)C)C(=O)N[C@@H](CCSC)C(=O)O [Zn+2] [Mg+2]
1JCS,3E37,Q04631,FNTA,ED5 ZN,Cc1ccccc1S(=O)(=O)N(CCN(Cc1cncn1C)c1ccc(C#N)cc1)CC1CCN(C(=O)OC(C)(C)C)CC1 [Zn+2]
3EU5,1TN6,Q04631,FNTA,ACY FII ZN,CC(=O)O CC(C)=CCC/C(C)=C/CC/C(C)=C/CONC(=O)CP(=O)(O)O [Zn+2]
3EU5,1X81,Q04631,FNTA,ZN JAN,[Zn+2] Cn1cncc1[C@@](N)(c1ccc(Cl)cc1)c1ccc2c(c1)c(-c1cccc(Cl)c1)cc(=O)n2C
3EU5,3KSL,Q04631,FNTA,MG ZN SZH,[Mg+2] [Zn+2] C/C(=C\COP(=O)(O)OP(=O)(O)O)CCC[C@H](C)COC(=O)[C@H](NN)C(F)(F)F
3EU5,1O1S,Q04631,FNTA,1NH ZN,C/C(=C\CO[P@](=O)(O)OP(=O)(O)O)CC/C=C(\C)COCc1cccc(C(=O)c2ccccc2)c1 [Zn+2]
2H6I,1X81,P49354,FNTA,ZN JAN,[Zn+2] Cn1cncc1[C@@](N)(c1ccc(Cl)cc1)c1ccc2c(c1)c(-c1cccc(Cl)c1)cc(=O)n2C
2H6I,1O1S,P49354,FNTA,1NH ZN,C/C(=C\CO[P@](=O)(O)OP(=O)(O)O)CC/C=C(\C)COCc1cccc(C(=O)c2ccccc2)c1 [Zn+2]
1TN8,2H6H,Q04631,FNTA,FAR ZN ACY,C/C=C(\C)CC/C=C(\C)CCC=C(C)C [Zn+2] CC(=O)O
1TN8,1FPP,Q04631,FNTA,FPP PO4 ZN,CC(C)=CCC/C(C)=C/CC/C(C)=C/CO[P@@](=O)(O)OP(=O)(O)O O=P([O-])([O-])[O-] [Zn+2]
1TN8,1QBQ,Q04631,FNTA,HFP ZN ACT,CC(C)CCC[C@@H](C)CCC[C@@H](C)C[C@@H](O)P(=O)(O)O [Zn+2] CC(=O)[O-]
1TN8,3EUV,Q04631,FNTA,GBO ZN,C/C(=C\CO[P@@](=O)(O)OP(=O)(O)O)CC/C=C(\C)CNC(=O)CCCC[C@@H]1SC[C@@H]2NC(=O)N[C@@H]21 [Zn+2]
1TN8,2H6I,Q04631,FNTA,GER ZN,C/C=C(\C)CC/C=C(\C)CC/C=C(\C)CCC=C(C)C [Zn+2]
1TN8,1X81,Q04631,FNTA,ZN JAN,[Zn+2] Cn1cncc1[C@@](N)(c1ccc(Cl)cc1)c1ccc2c(c1)c(-c1cccc(Cl)c1)cc(=O)n2C
1TN8,3KSL,Q04631,FNTA,MG ZN SZH,[Mg+2] [Zn+2] C/C(=C\COP(=O)(O)OP(=O)(O)O)CCC[C@H](C)COC(=O)[C@H](NN)C(F)(F)F
1TN8,1O1S,Q04631,FNTA,1NH ZN,C/C(=C\CO[P@](=O)(O)OP(=O)(O)O)CC/C=C(\C)COCc1cccc(C(=O)c2ccccc2)c1 [Zn+2]
1FPP,1O1R,Q02293,FNTB,GRG ZN,CC(C)=CCC/C(C)=C/CC/C(C)=C/CC/C(C)=C/COP(=O)(O)OP(=O)(O)O [Zn+2]
1FPP,1QBQ,Q02293,FNTB,HFP ZN ACT,CC(C)CCC[C@@H](C)CCC[C@@H](C)C[C@@H](O)P(=O)(O)O [Zn+2] CC(=O)[O-]
1FPP,1O1T,Q02293,FNTB,2NH ZN MG,CC[C@H](C)[C@H](NC(=O)[C@@H](NC(=O)[C@H](CSC/C=C(\C)CC/C=C(\C)CCC=C(C)C)NC(C)=O)C(C)C)C(=O)N[C@@H](CCSC)C(=O)O [Zn+2] [Mg+2]
1FPP,3E37,Q02293,FNTB,ED5 ZN,Cc1ccccc1S(=O)(=O)N(CCN(Cc1cncn1C)c1ccc(C#N)cc1)CC1CCN(C(=O)OC(C)(C)C)CC1 [Zn+2]
1FPP,3KSL,Q02293,FNTB,MG ZN SZH,[Mg+2] [Zn+2] C/C(=C\COP(=O)(O)OP(=O)(O)O)CCC[C@H](C)COC(=O)[C@H](NN)C(F)(F)F
1TN6,1O1T,P49354,FNTA,2NH ZN MG,CC[C@H](C)[C@H](NC(=O)[C@@H](NC(=O)[C@H](CSC/C=C(\C)CC/C=C(\C)CCC=C(C)C)NC(C)=O)C(C)C)C(=O)N[C@@H](CCSC)C(=O)O [Zn+2] [Mg+2]
1TN6,2H6I,P49354,FNTA,GER ZN,C/C=C(\C)CC/C=C(\C)CC/C=C(\C)CCC=C(C)C [Zn+2]
1TN6,3KSL,P49354,FNTA,MG ZN SZH,[Mg+2] [Zn+2] C/C(=C\COP(=O)(O)OP(=O)(O)O)CCC[C@H](C)COC(=O)[C@H](NN)C(F)(F)F
1TN6,1O1S,P49354,FNTA,1NH ZN,C/C(=C\CO[P@](=O)(O)OP(=O)(O)O)CC/C=C(\C)COCc1cccc(C(=O)c2ccccc2)c1 [Zn+2]
4DEM,2F94,P14324,FDPS,ZN PO4 BFQ,[Zn+2] O=P([O-])([O-])[O-] CCCCCN(C)CCC(O)(P(=O)(O)O)P(=O)(O)O
4DEM,3B7L,P14324,FDPS,M0N MG,O=P(O)(O)C(O)(Cc1cnc2ccccn12)P(=O)(O)O [Mg+2]
4DEM,2F8C,P14324,FDPS,PO4 MG ZOL,O=P([O-])([O-])[O-] [Mg+2] O=P(O)(O)C(O)(Cn1ccnc1)P(=O)(O)O
4DEM,4PVX,P14324,FDPS,MG YS1 GOL,[Mg+2] O=P(O)(O)C(Nc1cc(-c2ccc(OC3CC3)cc2)ccn1)P(=O)(O)O OCC(O)CO
4DEM,4N9U,P14324,FDPS,MG RIS EDO,[Mg+2] O=P(O)(O)C(O)(Cc1cccnc1)P(=O)(O)O OCCO
4DEM,4NFK,P14324,FDPS,NI JD5 SO4,[Ni+2] O=P(O)(O)C(Nc1cncc(-c2ccc(OC3CC3)cc2)c1)P(=O)(O)O O=S(=O)([O-])[O-]
4DEM,2RAH,P14324,FDPS,MG SO4 11P,[Mg+2] O=S(=O)([O-])[O-] O=P(O)(O)C(O)([C@@H]1CCc2ccncc21)P(=O)(O)O
2F92,3CP6,P14324,FDPS,MG RSX,[Mg+2] O=P(O)(O)C1(P(=O)(O)O)C[C@@H]2CCCN[C@@H]2C1
2F92,2RAH,P14324,FDPS,MG SO4 11P,[Mg+2] O=S(=O)([O-])[O-] O=P(O)(O)C(O)([C@@H]1CCc2ccncc21)P(=O)(O)O
2F92,4PVY,P14324,FDPS,MG JD1 GOL,[Mg+2] CC(C)Oc1ccc(-c2cncc(NC(P(=O)(O)O)P(=O)(O)O)c2)cc1 OCC(O)CO
4NUA,2F94,P14324,FDPS,ZN PO4 BFQ,[Zn+2] O=P([O-])([O-])[O-] CCCCCN(C)CCC(O)(P(=O)(O)O)P(=O)(O)O
4NUA,4NFK,P14324,FDPS,NI JD5 SO4,[Ni+2] O=P(O)(O)C(Nc1cncc(-c2ccc(OC3CC3)cc2)c1)P(=O)(O)O O=S(=O)([O-])[O-]
4NUA,4QPF,P14324,FDPS,39L MG,O=P(O)(O)C(F)(Cc1cnc2ccccn12)P(=O)(O)O [Mg+2]
4H5C,2F94,P14324,FDPS,ZN PO4 BFQ,[Zn+2] O=P([O-])([O-])[O-] CCCCCN(C)CCC(O)(P(=O)(O)O)P(=O)(O)O
4H5C,3B7L,P14324,FDPS,M0N MG,O=P(O)(O)C(O)(Cc1cnc2ccccn12)P(=O)(O)O [Mg+2]
1ZW5,2RAH,P14324,FDPS,MG SO4 11P,[Mg+2] O=S(=O)([O-])[O-] O=P(O)(O)C(O)([C@@H]1CCc2ccncc21)P(=O)(O)O
1ZW5,3RYE,P14324,FDPS,SO4 MG UNR,O=S(=O)([O-])[O-] [Mg+2] C[n+]1cccc(CC(O)(P(=O)(O)O)P(=O)(O)O)c1
1ZW5,4H5C,P14324,FDPS,YS4 PO4 MG,CC(C)Oc1ccc(-c2ccnc(NC(P(=O)(O)O)P(=O)(O)O)c2)cc1 O=P([O-])([O-])[O-] [Mg+2]
1ZW5,4JVJ,P14324,FDPS,1MV SO4 MG,Cc1ccc(-c2cc3c(NC(P(=O)(O)O)P(=O)(O)O)ncnc3s2)cc1 O=S(=O)([O-])[O-] [Mg+2]
4QPF,4JVJ,P14324,FDPS,1MV SO4 MG,Cc1ccc(-c2cc3c(NC(P(=O)(O)O)P(=O)(O)O)ncnc3s2)cc1 O=S(=O)([O-])[O-] [Mg+2]
4NFI,4PVX,P14324,FDPS,MG YS1 GOL,[Mg+2] O=P(O)(O)C(Nc1cc(-c2ccc(OC3CC3)cc2)ccn1)P(=O)(O)O OCC(O)CO
4NFI,3RYE,P14324,FDPS,SO4 MG UNR,O=S(=O)([O-])[O-] [Mg+2] C[n+]1cccc(CC(O)(P(=O)(O)O)P(=O)(O)O)c1
4NFI,2F92,P14324,FDPS,PO4 AHD ZN,O=P([O-])([O-])[O-] NCCCC(O)(P(=O)([O-])[O-])P(=O)([O-])[O-] [Zn+2]
4NFI,4JVJ,P14324,FDPS,1MV SO4 MG,Cc1ccc(-c2cc3c(NC(P(=O)(O)O)P(=O)(O)O)ncnc3s2)cc1 O=S(=O)([O-])[O-] [Mg+2]
5CG5,2F94,P14324,FDPS,ZN PO4 BFQ,[Zn+2] O=P([O-])([O-])[O-] CCCCCN(C)CCC(O)(P(=O)(O)O)P(=O)(O)O
5CG5,4NFK,P14324,FDPS,NI JD5 SO4,[Ni+2] O=P(O)(O)C(Nc1cncc(-c2ccc(OC3CC3)cc2)c1)P(=O)(O)O O=S(=O)([O-])[O-]
5CG5,3RYE,P14324,FDPS,SO4 MG UNR,O=S(=O)([O-])[O-] [Mg+2] C[n+]1cccc(CC(O)(P(=O)(O)O)P(=O)(O)O)c1
5CG5,4JVJ,P14324,FDPS,1MV SO4 MG,Cc1ccc(-c2cc3c(NC(P(=O)(O)O)P(=O)(O)O)ncnc3s2)cc1 O=S(=O)([O-])[O-] [Mg+2]
4N9U,3B7L,P14324,FDPS,M0N MG,O=P(O)(O)C(O)(Cc1cnc2ccccn12)P(=O)(O)O [Mg+2]
4N9U,3RYE,P14324,FDPS,SO4 MG UNR,O=S(=O)([O-])[O-] [Mg+2] C[n+]1cccc(CC(O)(P(=O)(O)O)P(=O)(O)O)c1
3CP6,3RYE,P14324,FDPS,SO4 MG UNR,O=S(=O)([O-])[O-] [Mg+2] C[n+]1cccc(CC(O)(P(=O)(O)O)P(=O)(O)O)c1
4NFJ,2F94,P14324,FDPS,ZN PO4 BFQ,[Zn+2] O=P([O-])([O-])[O-] CCCCCN(C)CCC(O)(P(=O)(O)O)P(=O)(O)O
4NFJ,4PVX,P14324,FDPS,MG YS1 GOL,[Mg+2] O=P(O)(O)C(Nc1cc(-c2ccc(OC3CC3)cc2)ccn1)P(=O)(O)O OCC(O)CO
4NFJ,4N9U,P14324,FDPS,MG RIS EDO,[Mg+2] O=P(O)(O)C(O)(Cc1cccnc1)P(=O)(O)O OCCO
4NKF,2F94,P14324,FDPS,ZN PO4 BFQ,[Zn+2] O=P([O-])([O-])[O-] CCCCCN(C)CCC(O)(P(=O)(O)O)P(=O)(O)O
4NKF,4N9U,P14324,FDPS,MG RIS EDO,[Mg+2] O=P(O)(O)C(O)(Cc1cccnc1)P(=O)(O)O OCCO
4NKF,4PVY,P14324,FDPS,MG JD1 GOL,[Mg+2] CC(C)Oc1ccc(-c2cncc(NC(P(=O)(O)O)P(=O)(O)O)c2)cc1 OCC(O)CO
4NKF,3S4J,P14324,FDPS,SO4 MG UNV,O=S(=O)([O-])[O-] [Mg+2] O=P(O)(O)C1(P(=O)(O)O)Cc2cccnc2C1
4NKF,2F92,P14324,FDPS,PO4 AHD ZN,O=P([O-])([O-])[O-] NCCCC(O)(P(=O)([O-])[O-])P(=O)([O-])[O-] [Zn+2]
2QIS,2F8C,P14324,FDPS,PO4 MG ZOL,O=P([O-])([O-])[O-] [Mg+2] O=P(O)(O)C(O)(Cn1ccnc1)P(=O)(O)O
2F9K,4N9U,P14324,FDPS,MG RIS EDO,[Mg+2] O=P(O)(O)C(O)(Cc1cccnc1)P(=O)(O)O OCCO
2F9K,3S4J,P14324,FDPS,SO4 MG UNV,O=S(=O)([O-])[O-] [Mg+2] O=P(O)(O)C1(P(=O)(O)O)Cc2cccnc2C1
2F9K,4JVJ,P14324,FDPS,1MV SO4 MG,Cc1ccc(-c2cc3c(NC(P(=O)(O)O)P(=O)(O)O)ncnc3s2)cc1 O=S(=O)([O-])[O-] [Mg+2]
4KFA,2RAH,P14324,FDPS,MG SO4 11P,[Mg+2] O=S(=O)([O-])[O-] O=P(O)(O)C(O)([C@@H]1CCc2ccncc21)P(=O)(O)O
4KFA,3S4J,P14324,FDPS,SO4 MG UNV,O=S(=O)([O-])[O-] [Mg+2] O=P(O)(O)C1(P(=O)(O)O)Cc2cccnc2C1
4KFA,3RYE,P14324,FDPS,SO4 MG UNR,O=S(=O)([O-])[O-] [Mg+2] C[n+]1cccc(CC(O)(P(=O)(O)O)P(=O)(O)O)c1
4KFA,2F92,P14324,FDPS,PO4 AHD ZN,O=P([O-])([O-])[O-] NCCCC(O)(P(=O)([O-])[O-])P(=O)([O-])[O-] [Zn+2]
3B7L,2F94,P14324,FDPS,ZN PO4 BFQ,[Zn+2] O=P([O-])([O-])[O-] CCCCCN(C)CCC(O)(P(=O)(O)O)P(=O)(O)O
3B7L,4N9U,P14324,FDPS,MG RIS EDO,[Mg+2] O=P(O)(O)C(O)(Cc1cccnc1)P(=O)(O)O OCCO
3B7L,4NFK,P14324,FDPS,NI JD5 SO4,[Ni+2] O=P(O)(O)C(Nc1cncc(-c2ccc(OC3CC3)cc2)c1)P(=O)(O)O O=S(=O)([O-])[O-]
3B7L,4QPF,P14324,FDPS,39L MG,O=P(O)(O)C(F)(Cc1cnc2ccccn12)P(=O)(O)O [Mg+2]
4Q23,3B7L,P14324,FDPS,M0N MG,O=P(O)(O)C(O)(Cc1cnc2ccccn12)P(=O)(O)O [Mg+2]
4Q23,2F8C,P14324,FDPS,PO4 MG ZOL,O=P([O-])([O-])[O-] [Mg+2] O=P(O)(O)C(O)(Cn1ccnc1)P(=O)(O)O
4Q23,4PVX,P14324,FDPS,MG YS1 GOL,[Mg+2] O=P(O)(O)C(Nc1cc(-c2ccc(OC3CC3)cc2)ccn1)P(=O)(O)O OCC(O)CO
4JVJ,2F8C,P14324,FDPS,PO4 MG ZOL,O=P([O-])([O-])[O-] [Mg+2] O=P(O)(O)C(O)(Cn1ccnc1)P(=O)(O)O
4JVJ,2F89,P14324,FDPS,210 MN PO4,NCCC(O)(P(=O)(O)O)P(=O)(O)O [Mn+2] O=P([O-])([O-])[O-]
4JVJ,3RYE,P14324,FDPS,SO4 MG UNR,O=S(=O)([O-])[O-] [Mg+2] C[n+]1cccc(CC(O)(P(=O)(O)O)P(=O)(O)O)c1
4JVJ,4QPF,P14324,FDPS,39L MG,O=P(O)(O)C(F)(Cc1cnc2ccccn12)P(=O)(O)O [Mg+2]
2VF6,2F94,P14324,FDPS,ZN PO4 BFQ,[Zn+2] O=P([O-])([O-])[O-] CCCCCN(C)CCC(O)(P(=O)(O)O)P(=O)(O)O
2VF6,4N9U,P14324,FDPS,MG RIS EDO,[Mg+2] O=P(O)(O)C(O)(Cc1cccnc1)P(=O)(O)O OCCO
2VF6,4NFK,P14324,FDPS,NI JD5 SO4,[Ni+2] O=P(O)(O)C(Nc1cncc(-c2ccc(OC3CC3)cc2)c1)P(=O)(O)O O=S(=O)([O-])[O-]
2VF6,2RAH,P14324,FDPS,MG SO4 11P,[Mg+2] O=S(=O)([O-])[O-] O=P(O)(O)C(O)([C@@H]1CCc2ccncc21)P(=O)(O)O
2VF6,4PVY,P14324,FDPS,MG JD1 GOL,[Mg+2] CC(C)Oc1ccc(-c2cncc(NC(P(=O)(O)O)P(=O)(O)O)c2)cc1 OCC(O)CO
2VF6,3S4J,P14324,FDPS,SO4 MG UNV,O=S(=O)([O-])[O-] [Mg+2] O=P(O)(O)C1(P(=O)(O)O)Cc2cccnc2C1
4PVX,2F94,P14324,FDPS,ZN PO4 BFQ,[Zn+2] O=P([O-])([O-])[O-] CCCCCN(C)CCC(O)(P(=O)(O)O)P(=O)(O)O
4PVX,4N9U,P14324,FDPS,MG RIS EDO,[Mg+2] O=P(O)(O)C(O)(Cc1cccnc1)P(=O)(O)O OCCO
4PVX,2F89,P14324,FDPS,210 MN PO4,NCCC(O)(P(=O)(O)O)P(=O)(O)O [Mn+2] O=P([O-])([O-])[O-]
4PVX,3S4J,P14324,FDPS,SO4 MG UNV,O=S(=O)([O-])[O-] [Mg+2] O=P(O)(O)C1(P(=O)(O)O)Cc2cccnc2C1
4PVX,3RYE,P14324,FDPS,SO4 MG UNR,O=S(=O)([O-])[O-] [Mg+2] C[n+]1cccc(CC(O)(P(=O)(O)O)P(=O)(O)O)c1
4PVX,4JVJ,P14324,FDPS,1MV SO4 MG,Cc1ccc(-c2cc3c(NC(P(=O)(O)O)P(=O)(O)O)ncnc3s2)cc1 O=S(=O)([O-])[O-] [Mg+2]
2F89,3RYE,P14324,FDPS,SO4 MG UNR,O=S(=O)([O-])[O-] [Mg+2] C[n+]1cccc(CC(O)(P(=O)(O)O)P(=O)(O)O)c1
4PVY,2F89,P14324,FDPS,210 MN PO4,NCCC(O)(P(=O)(O)O)P(=O)(O)O [Mn+2] O=P([O-])([O-])[O-]
4PVY,3CP6,P14324,FDPS,MG RSX,[Mg+2] O=P(O)(O)C1(P(=O)(O)O)C[C@@H]2CCCN[C@@H]2C1
4PVY,4QPF,P14324,FDPS,39L MG,O=P(O)(O)C(F)(Cc1cnc2ccccn12)P(=O)(O)O [Mg+2]
4PVY,4JVJ,P14324,FDPS,1MV SO4 MG,Cc1ccc(-c2cc3c(NC(P(=O)(O)O)P(=O)(O)O)ncnc3s2)cc1 O=S(=O)([O-])[O-] [Mg+2]
2F94,2F8C,P14324,FDPS,PO4 MG ZOL,O=P([O-])([O-])[O-] [Mg+2] O=P(O)(O)C(O)(Cn1ccnc1)P(=O)(O)O
2F94,4PVX,P14324,FDPS,MG YS1 GOL,[Mg+2] O=P(O)(O)C(Nc1cc(-c2ccc(OC3CC3)cc2)ccn1)P(=O)(O)O OCC(O)CO
2F94,4JVJ,P14324,FDPS,1MV SO4 MG,Cc1ccc(-c2cc3c(NC(P(=O)(O)O)P(=O)(O)O)ncnc3s2)cc1 O=S(=O)([O-])[O-] [Mg+2]
3N46,4NFK,P14324,FDPS,NI JD5 SO4,[Ni+2] O=P(O)(O)C(Nc1cncc(-c2ccc(OC3CC3)cc2)c1)P(=O)(O)O O=S(=O)([O-])[O-]
3N46,3RYE,P14324,FDPS,SO4 MG UNR,O=S(=O)([O-])[O-] [Mg+2] C[n+]1cccc(CC(O)(P(=O)(O)O)P(=O)(O)O)c1
2F8C,3B7L,P14324,FDPS,M0N MG,O=P(O)(O)C(O)(Cc1cnc2ccccn12)P(=O)(O)O [Mg+2]
2F8C,4N9U,P14324,FDPS,MG RIS EDO,[Mg+2] O=P(O)(O)C(O)(Cc1cccnc1)P(=O)(O)O OCCO
2F8C,3CP6,P14324,FDPS,MG RSX,[Mg+2] O=P(O)(O)C1(P(=O)(O)O)C[C@@H]2CCCN[C@@H]2C1
2F8C,4PVY,P14324,FDPS,MG JD1 GOL,[Mg+2] CC(C)Oc1ccc(-c2cncc(NC(P(=O)(O)O)P(=O)(O)O)c2)cc1 OCC(O)CO
2F8C,2F92,P14324,FDPS,PO4 AHD ZN,O=P([O-])([O-])[O-] NCCCC(O)(P(=O)([O-])[O-])P(=O)([O-])[O-] [Zn+2]
2RAH,2F94,P14324,FDPS,ZN PO4 BFQ,[Zn+2] O=P([O-])([O-])[O-] CCCCCN(C)CCC(O)(P(=O)(O)O)P(=O)(O)O
2RAH,4PVX,P14324,FDPS,MG YS1 GOL,[Mg+2] O=P(O)(O)C(Nc1cc(-c2ccc(OC3CC3)cc2)ccn1)P(=O)(O)O OCC(O)CO
2RAH,4N9U,P14324,FDPS,MG RIS EDO,[Mg+2] O=P(O)(O)C(O)(Cc1cccnc1)P(=O)(O)O OCCO
2RAH,4PVY,P14324,FDPS,MG JD1 GOL,[Mg+2] CC(C)Oc1ccc(-c2cncc(NC(P(=O)(O)O)P(=O)(O)O)c2)cc1 OCC(O)CO
2RAH,3S4J,P14324,FDPS,SO4 MG UNV,O=S(=O)([O-])[O-] [Mg+2] O=P(O)(O)C1(P(=O)(O)O)Cc2cccnc2C1
2RAH,3RYE,P14324,FDPS,SO4 MG UNR,O=S(=O)([O-])[O-] [Mg+2] C[n+]1cccc(CC(O)(P(=O)(O)O)P(=O)(O)O)c1
4NFK,2F94,P14324,FDPS,ZN PO4 BFQ,[Zn+2] O=P([O-])([O-])[O-] CCCCCN(C)CCC(O)(P(=O)(O)O)P(=O)(O)O
4NFK,3B7L,P14324,FDPS,M0N MG,O=P(O)(O)C(O)(Cc1cnc2ccccn12)P(=O)(O)O [Mg+2]
4NFK,4PVX,P14324,FDPS,MG YS1 GOL,[Mg+2] O=P(O)(O)C(Nc1cc(-c2ccc(OC3CC3)cc2)ccn1)P(=O)(O)O OCC(O)CO
4KQ5,2F94,P14324,FDPS,ZN PO4 BFQ,[Zn+2] O=P([O-])([O-])[O-] CCCCCN(C)CCC(O)(P(=O)(O)O)P(=O)(O)O
4KQ5,3CP6,P14324,FDPS,MG RSX,[Mg+2] O=P(O)(O)C1(P(=O)(O)O)C[C@@H]2CCCN[C@@H]2C1
4KQ5,2RAH,P14324,FDPS,MG SO4 11P,[Mg+2] O=S(=O)([O-])[O-] O=P(O)(O)C(O)([C@@H]1CCc2ccncc21)P(=O)(O)O
3S4J,2RAH,P14324,FDPS,MG SO4 11P,[Mg+2] O=S(=O)([O-])[O-] O=P(O)(O)C(O)([C@@H]1CCc2ccncc21)P(=O)(O)O
3S4J,4QPF,P14324,FDPS,39L MG,O=P(O)(O)C(F)(Cc1cnc2ccccn12)P(=O)(O)O [Mg+2]
3S4J,4JVJ,P14324,FDPS,1MV SO4 MG,Cc1ccc(-c2cc3c(NC(P(=O)(O)O)P(=O)(O)O)ncnc3s2)cc1 O=S(=O)([O-])[O-] [Mg+2]
3K23,5G5W,P04150,NR3C1,EDO R8C,OCCO C[C@H](NC(=O)C(F)(F)F)[C@H](Oc1ccc2c(cnn2-c2ccc(F)cc2)c1)c1ccccc1
3K23,3CLD,P04150,NR3C1,GW6,C[C@@H]1C[C@H]2[C@@H]3C[C@H](F)C4=CC(=O)C=C[C@]4(C)[C@@]3(F)[C@@H](O)C[C@]2(C)[C@@]1(OC(=O)c1ccco1)C(=O)SCF
3K23,4P6X,P04150,NR3C1,HCY,C[C@]12CCC(=O)C=C1CC[C@@H]1[C@@H]2[C@@H](O)C[C@@]2(C)[C@H]1CC[C@]2(O)C(=O)CO
3K23,5NFT,P04150,NR3C1,EDO 8W8,OCCO COc1cccc([C@@H](Oc2ccc3c(cnn3-c3ccc(F)cc3)c2)[C@H](C)NC(=O)C(F)(F)F)c1
3K23,4CSJ,P04150,NR3C1,EDO NN7,OCCO Cc1cc(C)c(S(=O)(=O)N[C@@H](C)CNc2cccc3c2cnn3-c2ccc(F)cc2)c(C)c1
3K23,4P6W,P04150,NR3C1,MOF,C[C@@H]1C[C@H]2[C@@H]3CCC4=CC(=O)C=C[C@]4(C)[C@@]3(Cl)[C@@H](O)C[C@]2(C)[C@@]1(OC(=O)c1ccco1)C(=O)CCl
4CSJ,3K23,P04150,NR3C1,JZN,COc1ccc(F)cc1C(C)(C)C[C@@](O)(CNc1cc(C)cc2c1cnn2-c1cccc(C(=O)N2CCC[C@@H]2C(N)=O)c1)C(F)(F)F
4CSJ,4LSJ,P04150,NR3C1,LSJ,CC/C(=C1\c2ccccc2OCc2cccc(OC)c21)c1cccc(NS(C)(=O)=O)c1
4CSJ,1NHZ,P04150,NR3C1,486 HEZ,CC#C[C@]1(O)CC[C@H]2[C@@H]3CCC4=CC(=O)CCC4=C3[C@@H](c3ccc(N(C)C)cc3)C[C@@]21C OCCCCCCO
4CSJ,5NFP,P04150,NR3C1,CPS EDO GOL 8W5,C[C@H](CCC(=O)NCCC[N+](C)(C)CCCS(=O)(=O)[O-])[C@H]1CC[C@H]2[C@@H]3[C@H](O)C[C@@H]4C[C@H](O)CC[C@]4(C)[C@H]3C[C@H](O)[C@]12C OCCO OCC(O)CO CCC[C@@H]1O[C@@H]2C[C@H]3[C@@H]4CCC5=CC(=O)C=C[C@]5(C)[C@H]4[C@@H](O)C[C@]3(C)[C@]2(C(=O)CO)O1
4CSJ,3CLD,P04150,NR3C1,GW6,C[C@@H]1C[C@H]2[C@@H]3C[C@H](F)C4=CC(=O)C=C[C@]4(C)[C@@]3(F)[C@@H](O)C[C@]2(C)[C@@]1(OC(=O)c1ccco1)C(=O)SCF
4CSJ,4P6X,P04150,NR3C1,HCY,C[C@]12CCC(=O)C=C1CC[C@@H]1[C@@H]2[C@@H](O)C[C@@]2(C)[C@H]1CC[C@]2(O)C(=O)CO
4CSJ,4P6W,P04150,NR3C1,MOF,C[C@@H]1C[C@H]2[C@@H]3CCC4=CC(=O)C=C[C@]4(C)[C@@]3(Cl)[C@@H](O)C[C@]2(C)[C@@]1(OC(=O)c1ccco1)C(=O)CCl
4CSJ,3BQD,P04150,NR3C1,DAY,CC1=C[C@@H]2[C@H]([C@@H](O)C[C@@]3(C)[C@H]2C[C@@H](C)[C@]3(O)C(=O)CO)[C@@]2(C)Cc3cnn(-c4ccccc4)c3C=C12
3BQD,4UDD,P04150,NR3C1,CPS EDO CV7,C[C@H](CCC(=O)NCCC[N+](C)(C)CCCS(=O)(=O)[O-])[C@H]1CC[C@H]2[C@@H]3[C@H](O)C[C@@H]4C[C@H](O)CC[C@]4(C)[C@H]3C[C@H](O)[C@]12C OCCO C[C@]12C=CC(=O)C=C1CC[C@@H]1[C@@H]2[C@@H](O)C[C@@]2(C)[C@H]1C[C@H]1O[C@@H](C3CCCCC3)O[C@]12C(=O)CO
3BQD,3CLD,P04150,NR3C1,GW6,C[C@@H]1C[C@H]2[C@@H]3C[C@H](F)C4=CC(=O)C=C[C@]4(C)[C@@]3(F)[C@@H](O)C[C@]2(C)[C@@]1(OC(=O)c1ccco1)C(=O)SCF
3CLD,4UDD,P04150,NR3C1,CPS EDO CV7,C[C@H](CCC(=O)NCCC[N+](C)(C)CCCS(=O)(=O)[O-])[C@H]1CC[C@H]2[C@@H]3[C@H](O)C[C@@H]4C[C@H](O)CC[C@]4(C)[C@H]3C[C@H](O)[C@]12C OCCO C[C@]12C=CC(=O)C=C1CC[C@@H]1[C@@H]2[C@@H](O)C[C@@]2(C)[C@H]1C[C@H]1O[C@@H](C3CCCCC3)O[C@]12C(=O)CO
3CLD,5G5W,P04150,NR3C1,EDO R8C,OCCO C[C@H](NC(=O)C(F)(F)F)[C@H](Oc1ccc2c(cnn2-c2ccc(F)cc2)c1)c1ccccc1
3CLD,4P6X,P04150,NR3C1,HCY,C[C@]12CCC(=O)C=C1CC[C@@H]1[C@@H]2[C@@H](O)C[C@@]2(C)[C@H]1CC[C@]2(O)C(=O)CO
3CLD,4CSJ,P04150,NR3C1,EDO NN7,OCCO Cc1cc(C)c(S(=O)(=O)N[C@@H](C)CNc2cccc3c2cnn3-c2ccc(F)cc2)c(C)c1
3CLD,4P6W,P04150,NR3C1,MOF,C[C@@H]1C[C@H]2[C@@H]3CCC4=CC(=O)C=C[C@]4(C)[C@@]3(Cl)[C@@H](O)C[C@]2(C)[C@@]1(OC(=O)c1ccco1)C(=O)CCl
3CLD,3BQD,P04150,NR3C1,DAY,CC1=C[C@@H]2[C@H]([C@@H](O)C[C@@]3(C)[C@H]2C[C@@H](C)[C@]3(O)C(=O)CO)[C@@]2(C)Cc3cnn(-c4ccccc4)c3C=C12
1NHZ,3K23,P04150,NR3C1,JZN,COc1ccc(F)cc1C(C)(C)C[C@@](O)(CNc1cc(C)cc2c1cnn2-c1cccc(C(=O)N2CCC[C@@H]2C(N)=O)c1)C(F)(F)F
1NHZ,3MNP,P04150,NR3C1,GOL DEX SCN,OCC(O)CO C[C@@H]1C[C@H]2[C@@H]3CCC4=CC(=O)C=C[C@]4(C)[C@@]3(F)[C@@H](O)C[C@]2(C)[C@@]1(O)C(=O)CO N#C[S-]
1NHZ,5G5W,P04150,NR3C1,EDO R8C,OCCO C[C@H](NC(=O)C(F)(F)F)[C@H](Oc1ccc2c(cnn2-c2ccc(F)cc2)c1)c1ccccc1
1NHZ,5NFT,P04150,NR3C1,EDO 8W8,OCCO COc1cccc([C@@H](Oc2ccc3c(cnn3-c3ccc(F)cc3)c2)[C@H](C)NC(=O)C(F)(F)F)c1
1NHZ,4CSJ,P04150,NR3C1,EDO NN7,OCCO Cc1cc(C)c(S(=O)(=O)N[C@@H](C)CNc2cccc3c2cnn3-c2ccc(F)cc2)c(C)c1
1NHZ,3BQD,P04150,NR3C1,DAY,CC1=C[C@@H]2[C@H]([C@@H](O)C[C@@]3(C)[C@H]2C[C@@H](C)[C@]3(O)C(=O)CO)[C@@]2(C)Cc3cnn(-c4ccccc4)c3C=C12
5NFT,1NHZ,P04150,NR3C1,486 HEZ,CC#C[C@]1(O)CC[C@H]2[C@@H]3CCC4=CC(=O)CCC4=C3[C@@H](c3ccc(N(C)C)cc3)C[C@@]21C OCCCCCCO
5NFT,5G3J,P04150,NR3C1,EDO E7T CPS,OCCO CC[C@@H]1C[C@](O)(C(F)(F)F)[C@@H](Nc2cccc3[nH]c(=O)ccc23)c2cc(F)c(F)c(O)c21 C[C@H](CCC(=O)NCCC[N+](C)(C)CCCS(=O)(=O)[O-])[C@H]1CC[C@H]2[C@@H]3[C@H](O)C[C@@H]4C[C@H](O)CC[C@]4(C)[C@H]3C[C@H](O)[C@]12C
5NFT,5NFP,P04150,NR3C1,CPS EDO GOL 8W5,C[C@H](CCC(=O)NCCC[N+](C)(C)CCCS(=O)(=O)[O-])[C@H]1CC[C@H]2[C@@H]3[C@H](O)C[C@@H]4C[C@H](O)CC[C@]4(C)[C@H]3C[C@H](O)[C@]12C OCCO OCC(O)CO CCC[C@@H]1O[C@@H]2C[C@H]3[C@@H]4CCC5=CC(=O)C=C[C@]5(C)[C@H]4[C@@H](O)C[C@]3(C)[C@]2(C(=O)CO)O1
5NFT,4P6X,P04150,NR3C1,HCY,C[C@]12CCC(=O)C=C1CC[C@@H]1[C@@H]2[C@@H](O)C[C@@]2(C)[C@H]1CC[C@]2(O)C(=O)CO
5NFT,4CSJ,P04150,NR3C1,EDO NN7,OCCO Cc1cc(C)c(S(=O)(=O)N[C@@H](C)CNc2cccc3c2cnn3-c2ccc(F)cc2)c(C)c1
5NFT,3BQD,P04150,NR3C1,DAY,CC1=C[C@@H]2[C@H]([C@@H](O)C[C@@]3(C)[C@H]2C[C@@H](C)[C@]3(O)C(=O)CO)[C@@]2(C)Cc3cnn(-c4ccccc4)c3C=C12
4P6X,3MNP,P04150,NR3C1,GOL DEX SCN,OCC(O)CO C[C@@H]1C[C@H]2[C@@H]3CCC4=CC(=O)C=C[C@]4(C)[C@@]3(F)[C@@H](O)C[C@]2(C)[C@@]1(O)C(=O)CO N#C[S-]
4P6X,5G5W,P04150,NR3C1,EDO R8C,OCCO C[C@H](NC(=O)C(F)(F)F)[C@H](Oc1ccc2c(cnn2-c2ccc(F)cc2)c1)c1ccccc1
4P6X,5NFP,P04150,NR3C1,CPS EDO GOL 8W5,C[C@H](CCC(=O)NCCC[N+](C)(C)CCCS(=O)(=O)[O-])[C@H]1CC[C@H]2[C@@H]3[C@H](O)C[C@@H]4C[C@H](O)CC[C@]4(C)[C@H]3C[C@H](O)[C@]12C OCCO OCC(O)CO CCC[C@@H]1O[C@@H]2C[C@H]3[C@@H]4CCC5=CC(=O)C=C[C@]5(C)[C@H]4[C@@H](O)C[C@]3(C)[C@]2(C(=O)CO)O1
4P6X,4CSJ,P04150,NR3C1,EDO NN7,OCCO Cc1cc(C)c(S(=O)(=O)N[C@@H](C)CNc2cccc3c2cnn3-c2ccc(F)cc2)c(C)c1
4P6W,3MNP,P04150,NR3C1,GOL DEX SCN,OCC(O)CO C[C@@H]1C[C@H]2[C@@H]3CCC4=CC(=O)C=C[C@]4(C)[C@@]3(F)[C@@H](O)C[C@]2(C)[C@@]1(O)C(=O)CO N#C[S-]
4P6W,5NFP,P04150,NR3C1,CPS EDO GOL 8W5,C[C@H](CCC(=O)NCCC[N+](C)(C)CCCS(=O)(=O)[O-])[C@H]1CC[C@H]2[C@@H]3[C@H](O)C[C@@H]4C[C@H](O)CC[C@]4(C)[C@H]3C[C@H](O)[C@]12C OCCO OCC(O)CO CCC[C@@H]1O[C@@H]2C[C@H]3[C@@H]4CCC5=CC(=O)C=C[C@]5(C)[C@H]4[C@@H](O)C[C@]3(C)[C@]2(C(=O)CO)O1
4P6W,3BQD,P04150,NR3C1,DAY,CC1=C[C@@H]2[C@H]([C@@H](O)C[C@@]3(C)[C@H]2C[C@@H](C)[C@]3(O)C(=O)CO)[C@@]2(C)Cc3cnn(-c4ccccc4)c3C=C12
4UDC,4UDD,P04150,NR3C1,CPS EDO CV7,C[C@H](CCC(=O)NCCC[N+](C)(C)CCCS(=O)(=O)[O-])[C@H]1CC[C@H]2[C@@H]3[C@H](O)C[C@@H]4C[C@H](O)CC[C@]4(C)[C@H]3C[C@H](O)[C@]12C OCCO C[C@]12C=CC(=O)C=C1CC[C@@H]1[C@@H]2[C@@H](O)C[C@@]2(C)[C@H]1C[C@H]1O[C@@H](C3CCCCC3)O[C@]12C(=O)CO
4UDC,4LSJ,P04150,NR3C1,LSJ,CC/C(=C1\c2ccccc2OCc2cccc(OC)c21)c1cccc(NS(C)(=O)=O)c1
4UDC,5G3J,P04150,NR3C1,EDO E7T CPS,OCCO CC[C@@H]1C[C@](O)(C(F)(F)F)[C@@H](Nc2cccc3[nH]c(=O)ccc23)c2cc(F)c(F)c(O)c21 C[C@H](CCC(=O)NCCC[N+](C)(C)CCCS(=O)(=O)[O-])[C@H]1CC[C@H]2[C@@H]3[C@H](O)C[C@@H]4C[C@H](O)CC[C@]4(C)[C@H]3C[C@H](O)[C@]12C
4UDC,3CLD,P04150,NR3C1,GW6,C[C@@H]1C[C@H]2[C@@H]3C[C@H](F)C4=CC(=O)C=C[C@]4(C)[C@@]3(F)[C@@H](O)C[C@]2(C)[C@@]1(OC(=O)c1ccco1)C(=O)SCF
4UDC,4P6X,P04150,NR3C1,HCY,C[C@]12CCC(=O)C=C1CC[C@@H]1[C@@H]2[C@@H](O)C[C@@]2(C)[C@H]1CC[C@]2(O)C(=O)CO
4UDC,4P6W,P04150,NR3C1,MOF,C[C@@H]1C[C@H]2[C@@H]3CCC4=CC(=O)C=C[C@]4(C)[C@@]3(Cl)[C@@H](O)C[C@]2(C)[C@@]1(OC(=O)c1ccco1)C(=O)CCl
5NFP,5G5W,P04150,NR3C1,EDO R8C,OCCO C[C@H](NC(=O)C(F)(F)F)[C@H](Oc1ccc2c(cnn2-c2ccc(F)cc2)c1)c1ccccc1
5NFP,4P6X,P04150,NR3C1,HCY,C[C@]12CCC(=O)C=C1CC[C@@H]1[C@@H]2[C@@H](O)C[C@@]2(C)[C@H]1CC[C@]2(O)C(=O)CO
5NFP,4CSJ,P04150,NR3C1,EDO NN7,OCCO Cc1cc(C)c(S(=O)(=O)N[C@@H](C)CNc2cccc3c2cnn3-c2ccc(F)cc2)c(C)c1
3MNE,4UDD,P06537,NR3C1,CPS EDO CV7,C[C@H](CCC(=O)NCCC[N+](C)(C)CCCS(=O)(=O)[O-])[C@H]1CC[C@H]2[C@@H]3[C@H](O)C[C@@H]4C[C@H](O)CC[C@]4(C)[C@H]3C[C@H](O)[C@]12C OCCO C[C@]12C=CC(=O)C=C1CC[C@@H]1[C@@H]2[C@@H](O)C[C@@]2(C)[C@H]1C[C@H]1O[C@@H](C3CCCCC3)O[C@]12C(=O)CO
3MNE,3K23,P06537,NR3C1,JZN,COc1ccc(F)cc1C(C)(C)C[C@@](O)(CNc1cc(C)cc2c1cnn2-c1cccc(C(=O)N2CCC[C@@H]2C(N)=O)c1)C(F)(F)F
3MNE,4MDD,P06537,NR3C1,29M,COc1cc(F)ccc1-c1c(CN(C)Cc2ccccc2)[nH]c2c(NS(C)(=O)=O)cc(C(C)C)cc12
3MNE,4LSJ,P06537,NR3C1,LSJ,CC/C(=C1\c2ccccc2OCc2cccc(OC)c21)c1cccc(NS(C)(=O)=O)c1
3MNE,5G3J,P06537,NR3C1,EDO E7T CPS,OCCO CC[C@@H]1C[C@](O)(C(F)(F)F)[C@@H](Nc2cccc3[nH]c(=O)ccc23)c2cc(F)c(F)c(O)c21 C[C@H](CCC(=O)NCCC[N+](C)(C)CCCS(=O)(=O)[O-])[C@H]1CC[C@H]2[C@@H]3[C@H](O)C[C@@H]4C[C@H](O)CC[C@]4(C)[C@H]3C[C@H](O)[C@]12C
3MNE,5G5W,P06537,NR3C1,EDO R8C,OCCO C[C@H](NC(=O)C(F)(F)F)[C@H](Oc1ccc2c(cnn2-c2ccc(F)cc2)c1)c1ccccc1
3MNE,3BQD,P06537,NR3C1,DAY,CC1=C[C@@H]2[C@H]([C@@H](O)C[C@@]3(C)[C@H]2C[C@@H](C)[C@]3(O)C(=O)CO)[C@@]2(C)Cc3cnn(-c4ccccc4)c3C=C12
5G5W,4UDD,P04150,NR3C1,CPS EDO CV7,C[C@H](CCC(=O)NCCC[N+](C)(C)CCCS(=O)(=O)[O-])[C@H]1CC[C@H]2[C@@H]3[C@H](O)C[C@@H]4C[C@H](O)CC[C@]4(C)[C@H]3C[C@H](O)[C@]12C OCCO C[C@]12C=CC(=O)C=C1CC[C@@H]1[C@@H]2[C@@H](O)C[C@@]2(C)[C@H]1C[C@H]1O[C@@H](C3CCCCC3)O[C@]12C(=O)CO
5G5W,3K23,P04150,NR3C1,JZN,COc1ccc(F)cc1C(C)(C)C[C@@](O)(CNc1cc(C)cc2c1cnn2-c1cccc(C(=O)N2CCC[C@@H]2C(N)=O)c1)C(F)(F)F
5G5W,4LSJ,P04150,NR3C1,LSJ,CC/C(=C1\c2ccccc2OCc2cccc(OC)c21)c1cccc(NS(C)(=O)=O)c1
5G5W,5NFP,P04150,NR3C1,CPS EDO GOL 8W5,C[C@H](CCC(=O)NCCC[N+](C)(C)CCCS(=O)(=O)[O-])[C@H]1CC[C@H]2[C@@H]3[C@H](O)C[C@@H]4C[C@H](O)CC[C@]4(C)[C@H]3C[C@H](O)[C@]12C OCCO OCC(O)CO CCC[C@@H]1O[C@@H]2C[C@H]3[C@@H]4CCC5=CC(=O)C=C[C@]5(C)[C@H]4[C@@H](O)C[C@]3(C)[C@]2(C(=O)CO)O1
5G5W,4P6X,P04150,NR3C1,HCY,C[C@]12CCC(=O)C=C1CC[C@@H]1[C@@H]2[C@@H](O)C[C@@]2(C)[C@H]1CC[C@]2(O)C(=O)CO
5G5W,5NFT,P04150,NR3C1,EDO 8W8,OCCO COc1cccc([C@@H](Oc2ccc3c(cnn3-c3ccc(F)cc3)c2)[C@H](C)NC(=O)C(F)(F)F)c1
5G5W,3BQD,P04150,NR3C1,DAY,CC1=C[C@@H]2[C@H]([C@@H](O)C[C@@]3(C)[C@H]2C[C@@H](C)[C@]3(O)C(=O)CO)[C@@]2(C)Cc3cnn(-c4ccccc4)c3C=C12
3H52,3K23,P04150,NR3C1,JZN,COc1ccc(F)cc1C(C)(C)C[C@@](O)(CNc1cc(C)cc2c1cnn2-c1cccc(C(=O)N2CCC[C@@H]2C(N)=O)c1)C(F)(F)F
3H52,4LSJ,P04150,NR3C1,LSJ,CC/C(=C1\c2ccccc2OCc2cccc(OC)c21)c1cccc(NS(C)(=O)=O)c1
3H52,5G3J,P04150,NR3C1,EDO E7T CPS,OCCO CC[C@@H]1C[C@](O)(C(F)(F)F)[C@@H](Nc2cccc3[nH]c(=O)ccc23)c2cc(F)c(F)c(O)c21 C[C@H](CCC(=O)NCCC[N+](C)(C)CCCS(=O)(=O)[O-])[C@H]1CC[C@H]2[C@@H]3[C@H](O)C[C@@H]4C[C@H](O)CC[C@]4(C)[C@H]3C[C@H](O)[C@]12C
3H52,3CLD,P04150,NR3C1,GW6,C[C@@H]1C[C@H]2[C@@H]3C[C@H](F)C4=CC(=O)C=C[C@]4(C)[C@@]3(F)[C@@H](O)C[C@]2(C)[C@@]1(OC(=O)c1ccco1)C(=O)SCF
3H52,3BQD,P04150,NR3C1,DAY,CC1=C[C@@H]2[C@H]([C@@H](O)C[C@@]3(C)[C@H]2C[C@@H](C)[C@]3(O)C(=O)CO)[C@@]2(C)Cc3cnn(-c4ccccc4)c3C=C12
3MNO,4UDD,P06537,NR3C1,CPS EDO CV7,C[C@H](CCC(=O)NCCC[N+](C)(C)CCCS(=O)(=O)[O-])[C@H]1CC[C@H]2[C@@H]3[C@H](O)C[C@@H]4C[C@H](O)CC[C@]4(C)[C@H]3C[C@H](O)[C@]12C OCCO C[C@]12C=CC(=O)C=C1CC[C@@H]1[C@@H]2[C@@H](O)C[C@@]2(C)[C@H]1C[C@H]1O[C@@H](C3CCCCC3)O[C@]12C(=O)CO
3MNO,4LSJ,P06537,NR3C1,LSJ,CC/C(=C1\c2ccccc2OCc2cccc(OC)c21)c1cccc(NS(C)(=O)=O)c1
3MNO,3CLD,P06537,NR3C1,GW6,C[C@@H]1C[C@H]2[C@@H]3C[C@H](F)C4=CC(=O)C=C[C@]4(C)[C@@]3(F)[C@@H](O)C[C@]2(C)[C@@]1(OC(=O)c1ccco1)C(=O)SCF
3MNO,5NFT,P06537,NR3C1,EDO 8W8,OCCO COc1cccc([C@@H](Oc2ccc3c(cnn3-c3ccc(F)cc3)c2)[C@H](C)NC(=O)C(F)(F)F)c1
3MNO,4P6W,P06537,NR3C1,MOF,C[C@@H]1C[C@H]2[C@@H]3CCC4=CC(=O)C=C[C@]4(C)[C@@]3(Cl)[C@@H](O)C[C@]2(C)[C@@]1(OC(=O)c1ccco1)C(=O)CCl
3MNO,3BQD,P06537,NR3C1,DAY,CC1=C[C@@H]2[C@H]([C@@H](O)C[C@@]3(C)[C@H]2C[C@@H](C)[C@]3(O)C(=O)CO)[C@@]2(C)Cc3cnn(-c4ccccc4)c3C=C12
3MNP,4MDD,P06537,NR3C1,29M,COc1cc(F)ccc1-c1c(CN(C)Cc2ccccc2)[nH]c2c(NS(C)(=O)=O)cc(C(C)C)cc12
3MNP,3CLD,P06537,NR3C1,GW6,C[C@@H]1C[C@H]2[C@@H]3C[C@H](F)C4=CC(=O)C=C[C@]4(C)[C@@]3(F)[C@@H](O)C[C@]2(C)[C@@]1(OC(=O)c1ccco1)C(=O)SCF
3MNP,4CSJ,P06537,NR3C1,EDO NN7,OCCO Cc1cc(C)c(S(=O)(=O)N[C@@H](C)CNc2cccc3c2cnn3-c2ccc(F)cc2)c(C)c1
1M2Z,4UDD,P04150,NR3C1,CPS EDO CV7,C[C@H](CCC(=O)NCCC[N+](C)(C)CCCS(=O)(=O)[O-])[C@H]1CC[C@H]2[C@@H]3[C@H](O)C[C@@H]4C[C@H](O)CC[C@]4(C)[C@H]3C[C@H](O)[C@]12C OCCO C[C@]12C=CC(=O)C=C1CC[C@@H]1[C@@H]2[C@@H](O)C[C@@]2(C)[C@H]1C[C@H]1O[C@@H](C3CCCCC3)O[C@]12C(=O)CO
1M2Z,4CSJ,P04150,NR3C1,EDO NN7,OCCO Cc1cc(C)c(S(=O)(=O)N[C@@H](C)CNc2cccc3c2cnn3-c2ccc(F)cc2)c(C)c1
1P93,4MDD,P04150,NR3C1,29M,COc1cc(F)ccc1-c1c(CN(C)Cc2ccccc2)[nH]c2c(NS(C)(=O)=O)cc(C(C)C)cc12
1P93,4LSJ,P04150,NR3C1,LSJ,CC/C(=C1\c2ccccc2OCc2cccc(OC)c21)c1cccc(NS(C)(=O)=O)c1
1P93,5G3J,P04150,NR3C1,EDO E7T CPS,OCCO CC[C@@H]1C[C@](O)(C(F)(F)F)[C@@H](Nc2cccc3[nH]c(=O)ccc23)c2cc(F)c(F)c(O)c21 C[C@H](CCC(=O)NCCC[N+](C)(C)CCCS(=O)(=O)[O-])[C@H]1CC[C@H]2[C@@H]3[C@H](O)C[C@@H]4C[C@H](O)CC[C@]4(C)[C@H]3C[C@H](O)[C@]12C
1P93,5G5W,P04150,NR3C1,EDO R8C,OCCO C[C@H](NC(=O)C(F)(F)F)[C@H](Oc1ccc2c(cnn2-c2ccc(F)cc2)c1)c1ccccc1
1P93,5NFP,P04150,NR3C1,CPS EDO GOL 8W5,C[C@H](CCC(=O)NCCC[N+](C)(C)CCCS(=O)(=O)[O-])[C@H]1CC[C@H]2[C@@H]3[C@H](O)C[C@@H]4C[C@H](O)CC[C@]4(C)[C@H]3C[C@H](O)[C@]12C OCCO OCC(O)CO CCC[C@@H]1O[C@@H]2C[C@H]3[C@@H]4CCC5=CC(=O)C=C[C@]5(C)[C@H]4[C@@H](O)C[C@]3(C)[C@]2(C(=O)CO)O1
1P93,4CSJ,P04150,NR3C1,EDO NN7,OCCO Cc1cc(C)c(S(=O)(=O)N[C@@H](C)CNc2cccc3c2cnn3-c2ccc(F)cc2)c(C)c1
1P93,3BQD,P04150,NR3C1,DAY,CC1=C[C@@H]2[C@H]([C@@H](O)C[C@@]3(C)[C@H]2C[C@@H](C)[C@]3(O)C(=O)CO)[C@@]2(C)Cc3cnn(-c4ccccc4)c3C=C12
4UDD,3MNP,P04150,NR3C1,GOL DEX SCN,OCC(O)CO C[C@@H]1C[C@H]2[C@@H]3CCC4=CC(=O)C=C[C@]4(C)[C@@]3(F)[C@@H](O)C[C@]2(C)[C@@]1(O)C(=O)CO N#C[S-]
4UDD,4MDD,P04150,NR3C1,29M,COc1cc(F)ccc1-c1c(CN(C)Cc2ccccc2)[nH]c2c(NS(C)(=O)=O)cc(C(C)C)cc12
4UDD,1NHZ,P04150,NR3C1,486 HEZ,CC#C[C@]1(O)CC[C@H]2[C@@H]3CCC4=CC(=O)CCC4=C3[C@@H](c3ccc(N(C)C)cc3)C[C@@]21C OCCCCCCO
4UDD,5NFP,P04150,NR3C1,CPS EDO GOL 8W5,C[C@H](CCC(=O)NCCC[N+](C)(C)CCCS(=O)(=O)[O-])[C@H]1CC[C@H]2[C@@H]3[C@H](O)C[C@@H]4C[C@H](O)CC[C@]4(C)[C@H]3C[C@H](O)[C@]12C OCCO OCC(O)CO CCC[C@@H]1O[C@@H]2C[C@H]3[C@@H]4CCC5=CC(=O)C=C[C@]5(C)[C@H]4[C@@H](O)C[C@]3(C)[C@]2(C(=O)CO)O1
4UDD,5NFT,P04150,NR3C1,EDO 8W8,OCCO COc1cccc([C@@H](Oc2ccc3c(cnn3-c3ccc(F)cc3)c2)[C@H](C)NC(=O)C(F)(F)F)c1
4MDD,4LSJ,P04150,NR3C1,LSJ,CC/C(=C1\c2ccccc2OCc2cccc(OC)c21)c1cccc(NS(C)(=O)=O)c1
4MDD,5G3J,P04150,NR3C1,EDO E7T CPS,OCCO CC[C@@H]1C[C@](O)(C(F)(F)F)[C@@H](Nc2cccc3[nH]c(=O)ccc23)c2cc(F)c(F)c(O)c21 C[C@H](CCC(=O)NCCC[N+](C)(C)CCCS(=O)(=O)[O-])[C@H]1CC[C@H]2[C@@H]3[C@H](O)C[C@@H]4C[C@H](O)CC[C@]4(C)[C@H]3C[C@H](O)[C@]12C
4LSJ,4UDD,P04150,NR3C1,CPS EDO CV7,C[C@H](CCC(=O)NCCC[N+](C)(C)CCCS(=O)(=O)[O-])[C@H]1CC[C@H]2[C@@H]3[C@H](O)C[C@@H]4C[C@H](O)CC[C@]4(C)[C@H]3C[C@H](O)[C@]12C OCCO C[C@]12C=CC(=O)C=C1CC[C@@H]1[C@@H]2[C@@H](O)C[C@@]2(C)[C@H]1C[C@H]1O[C@@H](C3CCCCC3)O[C@]12C(=O)CO
4LSJ,3K23,P04150,NR3C1,JZN,COc1ccc(F)cc1C(C)(C)C[C@@](O)(CNc1cc(C)cc2c1cnn2-c1cccc(C(=O)N2CCC[C@@H]2C(N)=O)c1)C(F)(F)F
4LSJ,1NHZ,P04150,NR3C1,486 HEZ,CC#C[C@]1(O)CC[C@H]2[C@@H]3CCC4=CC(=O)CCC4=C3[C@@H](c3ccc(N(C)C)cc3)C[C@@]21C OCCCCCCO
4LSJ,5NFP,P04150,NR3C1,CPS EDO GOL 8W5,C[C@H](CCC(=O)NCCC[N+](C)(C)CCCS(=O)(=O)[O-])[C@H]1CC[C@H]2[C@@H]3[C@H](O)C[C@@H]4C[C@H](O)CC[C@]4(C)[C@H]3C[C@H](O)[C@]12C OCCO OCC(O)CO CCC[C@@H]1O[C@@H]2C[C@H]3[C@@H]4CCC5=CC(=O)C=C[C@]5(C)[C@H]4[C@@H](O)C[C@]3(C)[C@]2(C(=O)CO)O1
5G3J,5NFT,P04150,NR3C1,EDO 8W8,OCCO COc1cccc([C@@H](Oc2ccc3c(cnn3-c3ccc(F)cc3)c2)[C@H](C)NC(=O)C(F)(F)F)c1
5G3J,3BQD,P04150,NR3C1,DAY,CC1=C[C@@H]2[C@H]([C@@H](O)C[C@@]3(C)[C@H]2C[C@@H](C)[C@]3(O)C(=O)CO)[C@@]2(C)Cc3cnn(-c4ccccc4)c3C=C12
2V3F,2VT0,P04062,GBA1,SO4 CBU,O=S(=O)([O-])[O-] O[C@H]1[C@H](O)[C@H](O)[C@@H](O)[C@H](O)[C@H]1O
2V3F,2V3D,P04062,GBA1,SO4 NBV NAG,O=S(=O)([O-])[O-] CCCCN1C[C@H](O)[C@@H](O)[C@H](O)[C@H]1CO CC(=O)N[C@@H]1[C@@H](O)[C@H](O)[C@@H](CO)O[C@H]1O
2V3F,2XWE,P04062,GBA1,PO4 K AMF,O=P([O-])([O-])[O-] [K+] CCCCCCCCN=C1SC[C@@H]2[C@@H](O)[C@H](O)[C@@H](O)[C@H](O)N12
2V3F,2WCG,P04062,GBA1,FUC SO4 MT5 CL,C[C@@H]1O[C@@H](O)[C@@H](O)[C@H](O)[C@@H]1O O=S(=O)([O-])[O-] CCCCCCCC[NH+]=C1NC[C@@H]2[C@@H](O)[C@H](O)[C@@H](O)[C@@H](O)N12 [Cl-]
2V3F,1Y7V,P04062,GBA1,INS SO4,O[C@H]1[C@H](O)[C@@H](O)[C@H](O)[C@@H](O)[C@H]1O O=S(=O)([O-])[O-]
2V3F,2V3E,P04062,GBA1,NND PO4 NAG,CCCCCCCCCN1C[C@H](O)[C@@H](O)[C@H](O)[C@H]1CO O=P([O-])([O-])[O-] CC(=O)N[C@@H]1[C@@H](O)[C@H](O)[C@@H](CO)O[C@H]1O
2V3F,3RIL,P04062,GBA1,SO4 NAG 3RK,O=S(=O)([O-])[O-] CC(=O)N[C@@H]1[C@@H](O)[C@H](O)[C@@H](CO)O[C@H]1O O[C@H]1[C@H](O)[C@@H](O)CNC[C@@H]1O
2V3F,5LVX,P04062,GBA1,79B PO4 NAG 7E4,O=C(O)CCCCCCCCC#Cc1ccc2c(c1)C[C@H](Nc1nc(-c3cccnc3)nc3ccccc13)C2 O=P([O-])([O-])[O-] CC(=O)N[C@@H]1[C@@H](O)[C@H](O)[C@@H](CO)O[C@H]1O O=C(O)CCCCCCCCC#Cc1ccc2c(c1)C[C@@H](Nc1nc(-c3cccnc3)nc3ccccc13)C2
2V3F,2XWD,P04062,GBA1,SO4 LGS,O=S(=O)([O-])[O-] CCCCCCCCN=C1OC[C@@H]2[C@@H](O)[C@H](O)[C@@H](O)[C@H](O)N12
2XWD,2VT0,P04062,GBA1,SO4 CBU,O=S(=O)([O-])[O-] O[C@H]1[C@H](O)[C@H](O)[C@@H](O)[C@H](O)[C@H]1O
2XWD,2V3D,P04062,GBA1,SO4 NBV NAG,O=S(=O)([O-])[O-] CCCCN1C[C@H](O)[C@@H](O)[C@H](O)[C@H]1CO CC(=O)N[C@@H]1[C@@H](O)[C@H](O)[C@@H](CO)O[C@H]1O
2XWD,2XWE,P04062,GBA1,PO4 K AMF,O=P([O-])([O-])[O-] [K+] CCCCCCCCN=C1SC[C@@H]2[C@@H](O)[C@H](O)[C@@H](O)[C@H](O)N12
2XWD,2WCG,P04062,GBA1,FUC SO4 MT5 CL,C[C@@H]1O[C@@H](O)[C@@H](O)[C@H](O)[C@@H]1O O=S(=O)([O-])[O-] CCCCCCCC[NH+]=C1NC[C@@H]2[C@@H](O)[C@H](O)[C@@H](O)[C@@H](O)N12 [Cl-]
2XWD,1Y7V,P04062,GBA1,INS SO4,O[C@H]1[C@H](O)[C@@H](O)[C@H](O)[C@@H](O)[C@H]1O O=S(=O)([O-])[O-]
2XWD,2V3F,P04062,GBA1,SO4 BTB,O=S(=O)([O-])[O-] OCCN(CCO)C(CO)(CO)CO
2XWD,2V3E,P04062,GBA1,NND PO4 NAG,CCCCCCCCCN1C[C@H](O)[C@@H](O)[C@H](O)[C@H]1CO O=P([O-])([O-])[O-] CC(=O)N[C@@H]1[C@@H](O)[C@H](O)[C@@H](CO)O[C@H]1O
2XWD,3RIL,P04062,GBA1,SO4 NAG 3RK,O=S(=O)([O-])[O-] CC(=O)N[C@@H]1[C@@H](O)[C@H](O)[C@@H](CO)O[C@H]1O O[C@H]1[C@H](O)[C@@H](O)CNC[C@@H]1O
2XWD,5LVX,P04062,GBA1,79B PO4 NAG 7E4,O=C(O)CCCCCCCCC#Cc1ccc2c(c1)C[C@H](Nc1nc(-c3cccnc3)nc3ccccc13)C2 O=P([O-])([O-])[O-] CC(=O)N[C@@H]1[C@@H](O)[C@H](O)[C@@H](CO)O[C@H]1O O=C(O)CCCCCCCCC#Cc1ccc2c(c1)C[C@@H](Nc1nc(-c3cccnc3)nc3ccccc13)C2
2V3D,2VT0,P04062,GBA1,SO4 CBU,O=S(=O)([O-])[O-] O[C@H]1[C@H](O)[C@H](O)[C@@H](O)[C@H](O)[C@H]1O
2V3D,2XWE,P04062,GBA1,PO4 K AMF,O=P([O-])([O-])[O-] [K+] CCCCCCCCN=C1SC[C@@H]2[C@@H](O)[C@H](O)[C@@H](O)[C@H](O)N12
2V3D,2WCG,P04062,GBA1,FUC SO4 MT5 CL,C[C@@H]1O[C@@H](O)[C@@H](O)[C@H](O)[C@@H]1O O=S(=O)([O-])[O-] CCCCCCCC[NH+]=C1NC[C@@H]2[C@@H](O)[C@H](O)[C@@H](O)[C@@H](O)N12 [Cl-]
2V3D,1Y7V,P04062,GBA1,INS SO4,O[C@H]1[C@H](O)[C@@H](O)[C@H](O)[C@@H](O)[C@H]1O O=S(=O)([O-])[O-]
2V3D,2V3F,P04062,GBA1,SO4 BTB,O=S(=O)([O-])[O-] OCCN(CCO)C(CO)(CO)CO
2V3D,2V3E,P04062,GBA1,NND PO4 NAG,CCCCCCCCCN1C[C@H](O)[C@@H](O)[C@H](O)[C@H]1CO O=P([O-])([O-])[O-] CC(=O)N[C@@H]1[C@@H](O)[C@H](O)[C@@H](CO)O[C@H]1O
2V3D,3RIL,P04062,GBA1,SO4 NAG 3RK,O=S(=O)([O-])[O-] CC(=O)N[C@@H]1[C@@H](O)[C@H](O)[C@@H](CO)O[C@H]1O O[C@H]1[C@H](O)[C@@H](O)CNC[C@@H]1O
2V3D,5LVX,P04062,GBA1,79B PO4 NAG 7E4,O=C(O)CCCCCCCCC#Cc1ccc2c(c1)C[C@H](Nc1nc(-c3cccnc3)nc3ccccc13)C2 O=P([O-])([O-])[O-] CC(=O)N[C@@H]1[C@@H](O)[C@H](O)[C@@H](CO)O[C@H]1O O=C(O)CCCCCCCCC#Cc1ccc2c(c1)C[C@@H](Nc1nc(-c3cccnc3)nc3ccccc13)C2
2V3D,2XWD,P04062,GBA1,SO4 LGS,O=S(=O)([O-])[O-] CCCCCCCCN=C1OC[C@@H]2[C@@H](O)[C@H](O)[C@@H](O)[C@H](O)N12
3RIL,2VT0,P04062,GBA1,SO4 CBU,O=S(=O)([O-])[O-] O[C@H]1[C@H](O)[C@H](O)[C@@H](O)[C@H](O)[C@H]1O
3RIL,2V3D,P04062,GBA1,SO4 NBV NAG,O=S(=O)([O-])[O-] CCCCN1C[C@H](O)[C@@H](O)[C@H](O)[C@H]1CO CC(=O)N[C@@H]1[C@@H](O)[C@H](O)[C@@H](CO)O[C@H]1O
3RIL,2XWE,P04062,GBA1,PO4 K AMF,O=P([O-])([O-])[O-] [K+] CCCCCCCCN=C1SC[C@@H]2[C@@H](O)[C@H](O)[C@@H](O)[C@H](O)N12
3RIL,2WCG,P04062,GBA1,FUC SO4 MT5 CL,C[C@@H]1O[C@@H](O)[C@@H](O)[C@H](O)[C@@H]1O O=S(=O)([O-])[O-] CCCCCCCC[NH+]=C1NC[C@@H]2[C@@H](O)[C@H](O)[C@@H](O)[C@@H](O)N12 [Cl-]
3RIL,1Y7V,P04062,GBA1,INS SO4,O[C@H]1[C@H](O)[C@@H](O)[C@H](O)[C@@H](O)[C@H]1O O=S(=O)([O-])[O-]
3RIL,2V3F,P04062,GBA1,SO4 BTB,O=S(=O)([O-])[O-] OCCN(CCO)C(CO)(CO)CO
3RIL,2V3E,P04062,GBA1,NND PO4 NAG,CCCCCCCCCN1C[C@H](O)[C@@H](O)[C@H](O)[C@H]1CO O=P([O-])([O-])[O-] CC(=O)N[C@@H]1[C@@H](O)[C@H](O)[C@@H](CO)O[C@H]1O
3RIL,5LVX,P04062,GBA1,79B PO4 NAG 7E4,O=C(O)CCCCCCCCC#Cc1ccc2c(c1)C[C@H](Nc1nc(-c3cccnc3)nc3ccccc13)C2 O=P([O-])([O-])[O-] CC(=O)N[C@@H]1[C@@H](O)[C@H](O)[C@@H](CO)O[C@H]1O O=C(O)CCCCCCCCC#Cc1ccc2c(c1)C[C@@H](Nc1nc(-c3cccnc3)nc3ccccc13)C2
3RIL,2XWD,P04062,GBA1,SO4 LGS,O=S(=O)([O-])[O-] CCCCCCCCN=C1OC[C@@H]2[C@@H](O)[C@H](O)[C@@H](O)[C@H](O)N12
1Y7V,2VT0,P04062,GBA1,SO4 CBU,O=S(=O)([O-])[O-] O[C@H]1[C@H](O)[C@H](O)[C@@H](O)[C@H](O)[C@H]1O
1Y7V,2V3D,P04062,GBA1,SO4 NBV NAG,O=S(=O)([O-])[O-] CCCCN1C[C@H](O)[C@@H](O)[C@H](O)[C@H]1CO CC(=O)N[C@@H]1[C@@H](O)[C@H](O)[C@@H](CO)O[C@H]1O
1Y7V,2XWE,P04062,GBA1,PO4 K AMF,O=P([O-])([O-])[O-] [K+] CCCCCCCCN=C1SC[C@@H]2[C@@H](O)[C@H](O)[C@@H](O)[C@H](O)N12
1Y7V,2WCG,P04062,GBA1,FUC SO4 MT5 CL,C[C@@H]1O[C@@H](O)[C@@H](O)[C@H](O)[C@@H]1O O=S(=O)([O-])[O-] CCCCCCCC[NH+]=C1NC[C@@H]2[C@@H](O)[C@H](O)[C@@H](O)[C@@H](O)N12 [Cl-]
1Y7V,2V3F,P04062,GBA1,SO4 BTB,O=S(=O)([O-])[O-] OCCN(CCO)C(CO)(CO)CO
1Y7V,2V3E,P04062,GBA1,NND PO4 NAG,CCCCCCCCCN1C[C@H](O)[C@@H](O)[C@H](O)[C@H]1CO O=P([O-])([O-])[O-] CC(=O)N[C@@H]1[C@@H](O)[C@H](O)[C@@H](CO)O[C@H]1O
1Y7V,3RIL,P04062,GBA1,SO4 NAG 3RK,O=S(=O)([O-])[O-] CC(=O)N[C@@H]1[C@@H](O)[C@H](O)[C@@H](CO)O[C@H]1O O[C@H]1[C@H](O)[C@@H](O)CNC[C@@H]1O
1Y7V,5LVX,P04062,GBA1,79B PO4 NAG 7E4,O=C(O)CCCCCCCCC#Cc1ccc2c(c1)C[C@H](Nc1nc(-c3cccnc3)nc3ccccc13)C2 O=P([O-])([O-])[O-] CC(=O)N[C@@H]1[C@@H](O)[C@H](O)[C@@H](CO)O[C@H]1O O=C(O)CCCCCCCCC#Cc1ccc2c(c1)C[C@@H](Nc1nc(-c3cccnc3)nc3ccccc13)C2
1Y7V,2XWD,P04062,GBA1,SO4 LGS,O=S(=O)([O-])[O-] CCCCCCCCN=C1OC[C@@H]2[C@@H](O)[C@H](O)[C@@H](O)[C@H](O)N12
2V3E,2VT0,P04062,GBA1,SO4 CBU,O=S(=O)([O-])[O-] O[C@H]1[C@H](O)[C@H](O)[C@@H](O)[C@H](O)[C@H]1O
2V3E,2V3D,P04062,GBA1,SO4 NBV NAG,O=S(=O)([O-])[O-] CCCCN1C[C@H](O)[C@@H](O)[C@H](O)[C@H]1CO CC(=O)N[C@@H]1[C@@H](O)[C@H](O)[C@@H](CO)O[C@H]1O
2V3E,2XWE,P04062,GBA1,PO4 K AMF,O=P([O-])([O-])[O-] [K+] CCCCCCCCN=C1SC[C@@H]2[C@@H](O)[C@H](O)[C@@H](O)[C@H](O)N12
2V3E,2WCG,P04062,GBA1,FUC SO4 MT5 CL,C[C@@H]1O[C@@H](O)[C@@H](O)[C@H](O)[C@@H]1O O=S(=O)([O-])[O-] CCCCCCCC[NH+]=C1NC[C@@H]2[C@@H](O)[C@H](O)[C@@H](O)[C@@H](O)N12 [Cl-]
2V3E,1Y7V,P04062,GBA1,INS SO4,O[C@H]1[C@H](O)[C@@H](O)[C@H](O)[C@@H](O)[C@H]1O O=S(=O)([O-])[O-]
2V3E,2V3F,P04062,GBA1,SO4 BTB,O=S(=O)([O-])[O-] OCCN(CCO)C(CO)(CO)CO
2V3E,3RIL,P04062,GBA1,SO4 NAG 3RK,O=S(=O)([O-])[O-] CC(=O)N[C@@H]1[C@@H](O)[C@H](O)[C@@H](CO)O[C@H]1O O[C@H]1[C@H](O)[C@@H](O)CNC[C@@H]1O
2V3E,5LVX,P04062,GBA1,79B PO4 NAG 7E4,O=C(O)CCCCCCCCC#Cc1ccc2c(c1)C[C@H](Nc1nc(-c3cccnc3)nc3ccccc13)C2 O=P([O-])([O-])[O-] CC(=O)N[C@@H]1[C@@H](O)[C@H](O)[C@@H](CO)O[C@H]1O O=C(O)CCCCCCCCC#Cc1ccc2c(c1)C[C@@H](Nc1nc(-c3cccnc3)nc3ccccc13)C2
2V3E,2XWD,P04062,GBA1,SO4 LGS,O=S(=O)([O-])[O-] CCCCCCCCN=C1OC[C@@H]2[C@@H](O)[C@H](O)[C@@H](O)[C@H](O)N12
2WCG,2VT0,P04062,GBA1,SO4 CBU,O=S(=O)([O-])[O-] O[C@H]1[C@H](O)[C@H](O)[C@@H](O)[C@H](O)[C@H]1O
2WCG,2V3D,P04062,GBA1,SO4 NBV NAG,O=S(=O)([O-])[O-] CCCCN1C[C@H](O)[C@@H](O)[C@H](O)[C@H]1CO CC(=O)N[C@@H]1[C@@H](O)[C@H](O)[C@@H](CO)O[C@H]1O
2WCG,2XWE,P04062,GBA1,PO4 K AMF,O=P([O-])([O-])[O-] [K+] CCCCCCCCN=C1SC[C@@H]2[C@@H](O)[C@H](O)[C@@H](O)[C@H](O)N12
2WCG,1Y7V,P04062,GBA1,INS SO4,O[C@H]1[C@H](O)[C@@H](O)[C@H](O)[C@@H](O)[C@H]1O O=S(=O)([O-])[O-]
2WCG,2V3F,P04062,GBA1,SO4 BTB,O=S(=O)([O-])[O-] OCCN(CCO)C(CO)(CO)CO
2WCG,2V3E,P04062,GBA1,NND PO4 NAG,CCCCCCCCCN1C[C@H](O)[C@@H](O)[C@H](O)[C@H]1CO O=P([O-])([O-])[O-] CC(=O)N[C@@H]1[C@@H](O)[C@H](O)[C@@H](CO)O[C@H]1O
2WCG,3RIL,P04062,GBA1,SO4 NAG 3RK,O=S(=O)([O-])[O-] CC(=O)N[C@@H]1[C@@H](O)[C@H](O)[C@@H](CO)O[C@H]1O O[C@H]1[C@H](O)[C@@H](O)CNC[C@@H]1O
2WCG,5LVX,P04062,GBA1,79B PO4 NAG 7E4,O=C(O)CCCCCCCCC#Cc1ccc2c(c1)C[C@H](Nc1nc(-c3cccnc3)nc3ccccc13)C2 O=P([O-])([O-])[O-] CC(=O)N[C@@H]1[C@@H](O)[C@H](O)[C@@H](CO)O[C@H]1O O=C(O)CCCCCCCCC#Cc1ccc2c(c1)C[C@@H](Nc1nc(-c3cccnc3)nc3ccccc13)C2
2WCG,2XWD,P04062,GBA1,SO4 LGS,O=S(=O)([O-])[O-] CCCCCCCCN=C1OC[C@@H]2[C@@H](O)[C@H](O)[C@@H](O)[C@H](O)N12
2XWE,2VT0,P04062,GBA1,SO4 CBU,O=S(=O)([O-])[O-] O[C@H]1[C@H](O)[C@H](O)[C@@H](O)[C@H](O)[C@H]1O
2XWE,2V3D,P04062,GBA1,SO4 NBV NAG,O=S(=O)([O-])[O-] CCCCN1C[C@H](O)[C@@H](O)[C@H](O)[C@H]1CO CC(=O)N[C@@H]1[C@@H](O)[C@H](O)[C@@H](CO)O[C@H]1O
2XWE,2WCG,P04062,GBA1,FUC SO4 MT5 CL,C[C@@H]1O[C@@H](O)[C@@H](O)[C@H](O)[C@@H]1O O=S(=O)([O-])[O-] CCCCCCCC[NH+]=C1NC[C@@H]2[C@@H](O)[C@H](O)[C@@H](O)[C@@H](O)N12 [Cl-]
2XWE,1Y7V,P04062,GBA1,INS SO4,O[C@H]1[C@H](O)[C@@H](O)[C@H](O)[C@@H](O)[C@H]1O O=S(=O)([O-])[O-]
2XWE,2V3F,P04062,GBA1,SO4 BTB,O=S(=O)([O-])[O-] OCCN(CCO)C(CO)(CO)CO
2XWE,2V3E,P04062,GBA1,NND PO4 NAG,CCCCCCCCCN1C[C@H](O)[C@@H](O)[C@H](O)[C@H]1CO O=P([O-])([O-])[O-] CC(=O)N[C@@H]1[C@@H](O)[C@H](O)[C@@H](CO)O[C@H]1O
2XWE,3RIL,P04062,GBA1,SO4 NAG 3RK,O=S(=O)([O-])[O-] CC(=O)N[C@@H]1[C@@H](O)[C@H](O)[C@@H](CO)O[C@H]1O O[C@H]1[C@H](O)[C@@H](O)CNC[C@@H]1O
2XWE,5LVX,P04062,GBA1,79B PO4 NAG 7E4,O=C(O)CCCCCCCCC#Cc1ccc2c(c1)C[C@H](Nc1nc(-c3cccnc3)nc3ccccc13)C2 O=P([O-])([O-])[O-] CC(=O)N[C@@H]1[C@@H](O)[C@H](O)[C@@H](CO)O[C@H]1O O=C(O)CCCCCCCCC#Cc1ccc2c(c1)C[C@@H](Nc1nc(-c3cccnc3)nc3ccccc13)C2
2XWE,2XWD,P04062,GBA1,SO4 LGS,O=S(=O)([O-])[O-] CCCCCCCCN=C1OC[C@@H]2[C@@H](O)[C@H](O)[C@@H](O)[C@H](O)N12
5LVX,2VT0,P04062,GBA1,SO4 CBU,O=S(=O)([O-])[O-] O[C@H]1[C@H](O)[C@H](O)[C@@H](O)[C@H](O)[C@H]1O
5LVX,2V3D,P04062,GBA1,SO4 NBV NAG,O=S(=O)([O-])[O-] CCCCN1C[C@H](O)[C@@H](O)[C@H](O)[C@H]1CO CC(=O)N[C@@H]1[C@@H](O)[C@H](O)[C@@H](CO)O[C@H]1O
5LVX,2XWE,P04062,GBA1,PO4 K AMF,O=P([O-])([O-])[O-] [K+] CCCCCCCCN=C1SC[C@@H]2[C@@H](O)[C@H](O)[C@@H](O)[C@H](O)N12
5LVX,2WCG,P04062,GBA1,FUC SO4 MT5 CL,C[C@@H]1O[C@@H](O)[C@@H](O)[C@H](O)[C@@H]1O O=S(=O)([O-])[O-] CCCCCCCC[NH+]=C1NC[C@@H]2[C@@H](O)[C@H](O)[C@@H](O)[C@@H](O)N12 [Cl-]
5LVX,1Y7V,P04062,GBA1,INS SO4,O[C@H]1[C@H](O)[C@@H](O)[C@H](O)[C@@H](O)[C@H]1O O=S(=O)([O-])[O-]
5LVX,2V3F,P04062,GBA1,SO4 BTB,O=S(=O)([O-])[O-] OCCN(CCO)C(CO)(CO)CO
5LVX,2V3E,P04062,GBA1,NND PO4 NAG,CCCCCCCCCN1C[C@H](O)[C@@H](O)[C@H](O)[C@H]1CO O=P([O-])([O-])[O-] CC(=O)N[C@@H]1[C@@H](O)[C@H](O)[C@@H](CO)O[C@H]1O
5LVX,3RIL,P04062,GBA1,SO4 NAG 3RK,O=S(=O)([O-])[O-] CC(=O)N[C@@H]1[C@@H](O)[C@H](O)[C@@H](CO)O[C@H]1O O[C@H]1[C@H](O)[C@@H](O)CNC[C@@H]1O
5LVX,2XWD,P04062,GBA1,SO4 LGS,O=S(=O)([O-])[O-] CCCCCCCCN=C1OC[C@@H]2[C@@H](O)[C@H](O)[C@@H](O)[C@H](O)N12
2VT0,2V3D,P04062,GBA1,SO4 NBV NAG,O=S(=O)([O-])[O-] CCCCN1C[C@H](O)[C@@H](O)[C@H](O)[C@H]1CO CC(=O)N[C@@H]1[C@@H](O)[C@H](O)[C@@H](CO)O[C@H]1O
2VT0,2XWE,P04062,GBA1,PO4 K AMF,O=P([O-])([O-])[O-] [K+] CCCCCCCCN=C1SC[C@@H]2[C@@H](O)[C@H](O)[C@@H](O)[C@H](O)N12
2VT0,2WCG,P04062,GBA1,FUC SO4 MT5 CL,C[C@@H]1O[C@@H](O)[C@@H](O)[C@H](O)[C@@H]1O O=S(=O)([O-])[O-] CCCCCCCC[NH+]=C1NC[C@@H]2[C@@H](O)[C@H](O)[C@@H](O)[C@@H](O)N12 [Cl-]
2VT0,1Y7V,P04062,GBA1,INS SO4,O[C@H]1[C@H](O)[C@@H](O)[C@H](O)[C@@H](O)[C@H]1O O=S(=O)([O-])[O-]
2VT0,2V3F,P04062,GBA1,SO4 BTB,O=S(=O)([O-])[O-] OCCN(CCO)C(CO)(CO)CO
2VT0,2V3E,P04062,GBA1,NND PO4 NAG,CCCCCCCCCN1C[C@H](O)[C@@H](O)[C@H](O)[C@H]1CO O=P([O-])([O-])[O-] CC(=O)N[C@@H]1[C@@H](O)[C@H](O)[C@@H](CO)O[C@H]1O
2VT0,3RIL,P04062,GBA1,SO4 NAG 3RK,O=S(=O)([O-])[O-] CC(=O)N[C@@H]1[C@@H](O)[C@H](O)[C@@H](CO)O[C@H]1O O[C@H]1[C@H](O)[C@@H](O)CNC[C@@H]1O
2VT0,5LVX,P04062,GBA1,79B PO4 NAG 7E4,O=C(O)CCCCCCCCC#Cc1ccc2c(c1)C[C@H](Nc1nc(-c3cccnc3)nc3ccccc13)C2 O=P([O-])([O-])[O-] CC(=O)N[C@@H]1[C@@H](O)[C@H](O)[C@@H](CO)O[C@H]1O O=C(O)CCCCCCCCC#Cc1ccc2c(c1)C[C@@H](Nc1nc(-c3cccnc3)nc3ccccc13)C2
2VT0,2XWD,P04062,GBA1,SO4 LGS,O=S(=O)([O-])[O-] CCCCCCCCN=C1OC[C@@H]2[C@@H](O)[C@H](O)[C@@H](O)[C@H](O)N12
3RTW,1M5C,P19491,GRIA2,BRH,NC(Cc1onc(O)c1Br)C(=O)O
1N0T,1MM6,P19491,GRIA2,SO4 QUS GOL,O=S(=O)([O-])[O-] N[C@@H](Cn1oc(=O)[nH]c1=O)C(=O)O OCC(O)CO
1N0T,1MQJ,P19491,GRIA2,ZN HWD,[Zn+2] N[C@@H](Cn1ccc(=O)[nH]c1=O)C(=O)O
3KGC,1P1N,P19491,GRIA2,KAI,C=C(C)[C@H]1CN[C@H](C(=O)O)[C@H]1CC(=O)O
3KGC,3TZA,P19491,GRIA2,SO4 TZG,O=S(=O)([O-])[O-] N[C@@H](Cc1cc(Cl)c([N+](=O)[O-])cc1CCC(=O)O)C(=O)O
3KGC,3PD8,P19491,GRIA2,CAC ACY GOL HA7 ZN,C[As](C)(=O)[O-] CC(=O)O OCC(O)CO O=C(O)[C@H]1NCCc2c(O)noc21 [Zn+2]
3BFT,4Q30,P19491,GRIA2,ZN NWD,[Zn+2] N[C@@H](Cn1cc([N+](=O)[O-])c(=O)[nH]c1=O)C(=O)O
3RT6,4G8M,P19492,GRIA3,GOL CL SO4 G8M,OCC(O)CO [Cl-] O=S(=O)([O-])[O-] N[C@H](C(=O)O)[C@@H]1CC[C@@H]1C(=O)O
3RT8,1LB9,P19492,GRIA3,DNQ SO4,O=C1N=c2cc([N+](=O)[O-])c([N+](=O)[O-])cc2=NC1=O O=S(=O)([O-])[O-]
3RT8,1MQG,P19492,GRIA3,GOL IWD SO4,OCC(O)CO N[C@@H](Cn1cc(I)c(=O)[nH]c1=O)C(=O)O O=S(=O)([O-])[O-]
2AL5,1M5C,P19491,GRIA2,BRH,NC(Cc1onc(O)c1Br)C(=O)O
1LB9,2AIX,P19491,GRIA2,U1K,CC(C)(C)c1snc([O-])c1C[C@H]([NH3+])C(=O)O
3T96,3T9V,P19491,GRIA2,ZN CNI,[Zn+2] N#Cc1cc2c(cc1[N+](=O)[O-])=NC(=O)C(=O)N=2
1MY3,5FHO,P19491,GRIA2,5XN SO4 GOL CL EDO PG4,[NH3+][C@@H](Cc1c(-c2nnn(Cc3cccc(Cl)c3)n2)o[nH]c1=O)C(=O)O O=S(=O)([O-])[O-] OCC(O)CO [Cl-] OCCO OCCOCCOCCOCCO
3T9V,1M5E,P19491,GRIA2,ZN AM1 ACT,[Zn+2] Cc1onc(C(=O)O)c1CC(N)C(=O)O CC(=O)[O-]
3TZA,3T9V,P19491,GRIA2,ZN CNI,[Zn+2] N#Cc1cc2c(cc1[N+](=O)[O-])=NC(=O)C(=O)N=2
4U22,1MM6,P19491,GRIA2,SO4 QUS GOL,O=S(=O)([O-])[O-] N[C@@H](Cn1oc(=O)[nH]c1=O)C(=O)O OCC(O)CO
4U22,3UA8,P19491,GRIA2,08W,CNC(=O)c1cn(-c2cc3c(=O)n(NS(C)(=O)=O)c(=O)[nH]c3cc2C(F)(F)F)cn1
2ANJ,1M5B,P19491,GRIA2,ZN BN1,[Zn+2] Cn1nnc(-c2onc(O)c2CC(N)C(=O)O)n1
1P1W,2AL5,P19491,GRIA2,FWD 4MP,N[C@@H](Cn1cc(F)c(=O)[nH]c1=O)C(=O)O COc1ccc(C(=O)N2CCCC2=O)cc1
1P1W,3KGC,P19491,GRIA2,GLU SO4 LY7 ZK1,N[C@@H](CCC(=O)O)C(=O)O O=S(=O)([O-])[O-] CC(C)S(=O)(=O)NC[C@@H](C)c1ccc(-c2ccc(C#N)cc2)cc1 O=c1[nH]c2cc(C(F)(F)F)c(N3CCOCC3)cc2n(CP(=O)(O)O)c1=O
1P1W,3UA8,P19491,GRIA2,08W,CNC(=O)c1cn(-c2cc3c(=O)n(NS(C)(=O)=O)c(=O)[nH]c3cc2C(F)(F)F)cn1
4L17,3T9V,P19491,GRIA2,ZN CNI,[Zn+2] N#Cc1cc2c(cc1[N+](=O)[O-])=NC(=O)C(=O)N=2
3UA8,4IGT,P42262,GRIA2,3ZA SO4 LI GOL,CN(O)C(=O)CC[C@H](C[C@H](N)C(=O)O)C(=O)O O=S(=O)([O-])[O-] [Li+] OCC(O)CO
4F1Y,3BFT,P19492,GRIA3,S2P ZN NA CL CAC,N[C@@H](Cc1nsnc1O)C(=O)O [Zn+2] [Na+] [Cl-] C[As](C)(=O)[O-]
5JEI,3KGC,P19491,GRIA2,GLU SO4 LY7 ZK1,N[C@@H](CCC(=O)O)C(=O)O O=S(=O)([O-])[O-] CC(C)S(=O)(=O)NC[C@@H](C)c1ccc(-c2ccc(C#N)cc2)cc1 O=c1[nH]c2cc(C(F)(F)F)c(N3CCOCC3)cc2n(CP(=O)(O)O)c1=O
1M5B,3BKI,P19491,GRIA2,FQX,O=c1[nH]c2cc3no[n+]([O-])c3cc2[nH]c1=O
1M5B,3TZA,P19491,GRIA2,SO4 TZG,O=S(=O)([O-])[O-] N[C@@H](Cc1cc(Cl)c([N+](=O)[O-])cc1CCC(=O)O)C(=O)O
1NNP,3T9V,P19491,GRIA2,ZN CNI,[Zn+2] N#Cc1cc2c(cc1[N+](=O)[O-])=NC(=O)C(=O)N=2
1P1U,1NNP,P19491,GRIA2,CE2 SO4,CC(C)(C)c1onc([O-])c1C[C@H]([NH3+])C(=O)[O-] O=S(=O)([O-])[O-]
1P1U,1M5C,P19491,GRIA2,BRH,NC(Cc1onc(O)c1Br)C(=O)O
1M5C,1P1N,P19491,GRIA2,KAI,C=C(C)[C@H]1CN[C@H](C(=O)O)[C@H]1CC(=O)O
1M5C,3TZA,P19491,GRIA2,SO4 TZG,O=S(=O)([O-])[O-] N[C@@H](Cc1cc(Cl)c([N+](=O)[O-])cc1CCC(=O)O)C(=O)O
1M5D,3BFU,P19491,GRIA2,R2P,N[C@H](Cc1nsnc1O)C(=O)O
1M5D,2AL5,P19491,GRIA2,FWD 4MP,N[C@@H](Cn1cc(F)c(=O)[nH]c1=O)C(=O)O COc1ccc(C(=O)N2CCCC2=O)cc1
1M5D,1MQG,P19491,GRIA2,GOL IWD SO4,OCC(O)CO N[C@@H](Cn1cc(I)c(=O)[nH]c1=O)C(=O)O O=S(=O)([O-])[O-]
1M5D,3T9V,P19491,GRIA2,ZN CNI,[Zn+2] N#Cc1cc2c(cc1[N+](=O)[O-])=NC(=O)C(=O)N=2
3T9H,1SYH,P19491,GRIA2,CPW,N[C@@H](Cn1c2c(c(=O)[nH]c1=O)CCC2)C(=O)O
3T9H,4G8M,P19491,GRIA2,GOL CL SO4 G8M,OCC(O)CO [Cl-] O=S(=O)([O-])[O-] N[C@H](C(=O)O)[C@@H]1CC[C@@H]1C(=O)O
3T9H,5FHO,P19491,GRIA2,5XN SO4 GOL CL EDO PG4,[NH3+][C@@H](Cc1c(-c2nnn(Cc3cccc(Cl)c3)n2)o[nH]c1=O)C(=O)O O=S(=O)([O-])[O-] OCC(O)CO [Cl-] OCCO OCCOCCOCCOCCO
3T9U,1M5C,P19491,GRIA2,BRH,NC(Cc1onc(O)c1Br)C(=O)O
1MQG,3RTF,P19491,GRIA2,CWD ZN,N[C@@H](Cn1cc(Cl)c(=O)[nH]c1=O)C(=O)O [Zn+2]
1MQG,1N0T,P19491,GRIA2,ACT SO4 AT1,CC(=O)[O-] O=S(=O)([O-])[O-] CC(C)(C)c1onc(OCP(=O)(O)O)c1C[C@H](N)C(=O)O
1MY2,5FHO,P19491,GRIA2,5XN SO4 GOL CL EDO PG4,[NH3+][C@@H](Cc1c(-c2nnn(Cc3cccc(Cl)c3)n2)o[nH]c1=O)C(=O)O O=S(=O)([O-])[O-] OCC(O)CO [Cl-] OCCO OCCOCCOCCOCCO
3PD9,1SYH,P19491,GRIA2,CPW,N[C@@H](Cn1c2c(c(=O)[nH]c1=O)CCC2)C(=O)O
3PD9,3TZA,P19491,GRIA2,SO4 TZG,O=S(=O)([O-])[O-] N[C@@H](Cc1cc(Cl)c([N+](=O)[O-])cc1CCC(=O)O)C(=O)O
3PD9,1MQJ,P19491,GRIA2,ZN HWD,[Zn+2] N[C@@H](Cn1ccc(=O)[nH]c1=O)C(=O)O
1P1N,1MQG,P19491,GRIA2,GOL IWD SO4,OCC(O)CO N[C@@H](Cn1cc(I)c(=O)[nH]c1=O)C(=O)O O=S(=O)([O-])[O-]
3FAT,1P1N,P19493,GRIA4,KAI,C=C(C)[C@H]1CN[C@H](C(=O)O)[C@H]1CC(=O)O
1MY4,1SYH,P19491,GRIA2,CPW,N[C@@H](Cn1c2c(c(=O)[nH]c1=O)CCC2)C(=O)O
1MY4,1NNP,P19491,GRIA2,CE2 SO4,CC(C)(C)c1onc([O-])c1C[C@H]([NH3+])C(=O)[O-] O=S(=O)([O-])[O-]
1MY4,1M5B,P19491,GRIA2,ZN BN1,[Zn+2] Cn1nnc(-c2onc(O)c2CC(N)C(=O)O)n1
3KFM,4IGT,P19493,GRIA4,3ZA SO4 LI GOL,CN(O)C(=O)CC[C@H](C[C@H](N)C(=O)O)C(=O)O O=S(=O)([O-])[O-] [Li+] OCC(O)CO
1M5E,3H03,P19491,GRIA2,UBP ZN,N[C@@H](Cn1ccc(=O)n(CCC(=O)O)c1=O)C(=O)O [Zn+2]
1M5E,1P1N,P19491,GRIA2,KAI,C=C(C)[C@H]1CN[C@H](C(=O)O)[C@H]1CC(=O)O
1M5E,2AL5,P19491,GRIA2,FWD 4MP,N[C@@H](Cn1cc(F)c(=O)[nH]c1=O)C(=O)O COc1ccc(C(=O)N2CCCC2=O)cc1
4Q30,1WVJ,P19491,GRIA2,GOL IBC SO4,OCC(O)CO N[C@@H](CC1=CCCCc2onc(O)c21)C(=O)O O=S(=O)([O-])[O-]
1FW0,4G8M,P19491,GRIA2,GOL CL SO4 G8M,OCC(O)CO [Cl-] O=S(=O)([O-])[O-] N[C@H](C(=O)O)[C@@H]1CC[C@@H]1C(=O)O
4U1O,4G8M,P19491,GRIA2,GOL CL SO4 G8M,OCC(O)CO [Cl-] O=S(=O)([O-])[O-] N[C@H](C(=O)O)[C@@H]1CC[C@@H]1C(=O)O
1NNK,4G8M,P19491,GRIA2,GOL CL SO4 G8M,OCC(O)CO [Cl-] O=S(=O)([O-])[O-] N[C@H](C(=O)O)[C@@H]1CC[C@@H]1C(=O)O
1NNK,3TZA,P19491,GRIA2,SO4 TZG,O=S(=O)([O-])[O-] N[C@@H](Cc1cc(Cl)c([N+](=O)[O-])cc1CCC(=O)O)C(=O)O
1MXU,1NNP,P19491,GRIA2,CE2 SO4,CC(C)(C)c1onc([O-])c1C[C@H]([NH3+])C(=O)[O-] O=S(=O)([O-])[O-]
1MXU,3UA8,P19491,GRIA2,08W,CNC(=O)c1cn(-c2cc3c(=O)n(NS(C)(=O)=O)c(=O)[nH]c3cc2C(F)(F)F)cn1
1MXU,3TZA,P19491,GRIA2,SO4 TZG,O=S(=O)([O-])[O-] N[C@@H](Cc1cc(Cl)c([N+](=O)[O-])cc1CCC(=O)O)C(=O)O
4F2O,1SYH,P19492,GRIA3,CPW,N[C@@H](Cn1c2c(c(=O)[nH]c1=O)CCC2)C(=O)O
4U23,1LB9,P19491,GRIA2,DNQ SO4,O=C1N=c2cc([N+](=O)[O-])c([N+](=O)[O-])cc2=NC1=O O=S(=O)([O-])[O-]
4U23,3TZA,P19491,GRIA2,SO4 TZG,O=S(=O)([O-])[O-] N[C@@H](Cc1cc(Cl)c([N+](=O)[O-])cc1CCC(=O)O)C(=O)O
4U23,1M5C,P19491,GRIA2,BRH,NC(Cc1onc(O)c1Br)C(=O)O
4U23,1M5B,P19491,GRIA2,ZN BN1,[Zn+2] Cn1nnc(-c2onc(O)c2CC(N)C(=O)O)n1
1FTK,1M5B,P19491,GRIA2,ZN BN1,[Zn+2] Cn1nnc(-c2onc(O)c2CC(N)C(=O)O)n1
1FTK,3H06,P19491,GRIA2,VBP,N[C@H](Cn1ccc(=O)n(Cc2ccc(C(=O)O)cc2)c1=O)C(=O)O
4F3G,4Q30,P19492,GRIA3,ZN NWD,[Zn+2] N[C@@H](Cn1cc([N+](=O)[O-])c(=O)[nH]c1=O)C(=O)O
3H03,1N0T,P19491,GRIA2,ACT SO4 AT1,CC(=O)[O-] O=S(=O)([O-])[O-] CC(C)(C)c1onc(OCP(=O)(O)O)c1C[C@H](N)C(=O)O
1SYH,3PD9,P19491,GRIA2,HA5 SO4 GOL CL,O=C(O)[C@H]1Cc2c(O)noc2CN1 O=S(=O)([O-])[O-] OCC(O)CO [Cl-]
1SYH,1M5C,P19491,GRIA2,BRH,NC(Cc1onc(O)c1Br)C(=O)O
1MQI,1N0T,P19491,GRIA2,ACT SO4 AT1,CC(=O)[O-] O=S(=O)([O-])[O-] CC(C)(C)c1onc(OCP(=O)(O)O)c1C[C@H](N)C(=O)O
1WVJ,3T9V,P19491,GRIA2,ZN CNI,[Zn+2] N#Cc1cc2c(cc1[N+](=O)[O-])=NC(=O)C(=O)N=2
1MQH,3PD9,P19491,GRIA2,HA5 SO4 GOL CL,O=C(O)[C@H]1Cc2c(O)noc2CN1 O=S(=O)([O-])[O-] OCC(O)CO [Cl-]
1MQH,4IGT,P19491,GRIA2,3ZA SO4 LI GOL,CN(O)C(=O)CC[C@H](C[C@H](N)C(=O)O)C(=O)O O=S(=O)([O-])[O-] [Li+] OCC(O)CO
3BKI,1M5E,P19491,GRIA2,ZN AM1 ACT,[Zn+2] Cc1onc(C(=O)O)c1CC(N)C(=O)O CC(=O)[O-]
3BKI,1MXU,P19491,GRIA2,ZN BWD,[Zn+2] N[C@@H](Cn1cc(Br)c(=O)[nH]c1=O)C(=O)O
4IGT,1SYH,P19491,GRIA2,CPW,N[C@@H](Cn1c2c(c(=O)[nH]c1=O)CCC2)C(=O)O
1MM6,1MQJ,P19491,GRIA2,ZN HWD,[Zn+2] N[C@@H](Cn1ccc(=O)[nH]c1=O)C(=O)O
4F31,1N0T,P19492,GRIA3,ACT SO4 AT1,CC(=O)[O-] O=S(=O)([O-])[O-] CC(C)(C)c1onc(OCP(=O)(O)O)c1C[C@H](N)C(=O)O
1GR2,3T9V,P19491,GRIA2,ZN CNI,[Zn+2] N#Cc1cc2c(cc1[N+](=O)[O-])=NC(=O)C(=O)N=2
1SYI,2AIX,P19491,GRIA2,U1K,CC(C)(C)c1snc([O-])c1C[C@H]([NH3+])C(=O)O
1SYI,1N0T,P19491,GRIA2,ACT SO4 AT1,CC(=O)[O-] O=S(=O)([O-])[O-] CC(C)(C)c1onc(OCP(=O)(O)O)c1C[C@H](N)C(=O)O
3DP4,2AL5,P19492,GRIA3,FWD 4MP,N[C@@H](Cn1cc(F)c(=O)[nH]c1=O)C(=O)O COc1ccc(C(=O)N2CCCC2=O)cc1
1MM7,4GXS,P19491,GRIA2,0YS ZN,N[C@@H](C(=O)O)[C@H](O)[C@@]1(C(=O)O)CC[C@H](C[C@H](NC(=O)c2cc(Cl)c(O)c(Cl)c2)C(=O)O)N1 [Zn+2]
1MM7,1WVJ,P19491,GRIA2,GOL IBC SO4,OCC(O)CO N[C@@H](CC1=CCCCc2onc(O)c21)C(=O)O O=S(=O)([O-])[O-]
4F39,3BFU,P19492,GRIA3,R2P,N[C@H](Cc1nsnc1O)C(=O)O
4F39,1M5B,P19492,GRIA3,ZN BN1,[Zn+2] Cn1nnc(-c2onc(O)c2CC(N)C(=O)O)n1
4F39,5FHO,P19492,GRIA3,5XN SO4 GOL CL EDO PG4,[NH3+][C@@H](Cc1c(-c2nnn(Cc3cccc(Cl)c3)n2)o[nH]c1=O)C(=O)O O=S(=O)([O-])[O-] OCC(O)CO [Cl-] OCCO OCCOCCOCCOCCO
1LB8,1LB9,P19491,GRIA2,DNQ SO4,O=C1N=c2cc([N+](=O)[O-])c([N+](=O)[O-])cc2=NC1=O O=S(=O)([O-])[O-]
4F29,1MY2,P19492,GRIA3,ZN AMQ,[Zn+2] Cc1onc(O)c1C[C@H](N)C(=O)O
1M5F,1MS7,P19491,GRIA2,SHI ZN,N[C@@H](Cc1conc1O)C(=O)O [Zn+2]
1M5F,1MQG,P19491,GRIA2,GOL IWD SO4,OCC(O)CO N[C@@H](Cn1cc(I)c(=O)[nH]c1=O)C(=O)O O=S(=O)([O-])[O-]
2QS4,2F35,P22756,GRIK1,CL 1PE UBC,[Cl-] OCCOCCOCCOCCOCCO N[C@@H](Cn1ccc(=O)n(Cc2ccccc2C(=O)O)c1=O)C(=O)O
2QS4,2QS2,P22756,GRIK1,UBF 1PE CL,N[C@@H](Cn1cc(Br)c(=O)n(Cc2ccsc2C(=O)O)c1=O)C(=O)O OCCOCCOCCOCCOCCO [Cl-]
2QS4,4DLD,P22756,GRIK1,TZG CL SO4 GOL,N[C@@H](Cc1cc(Cl)c([N+](=O)[O-])cc1CCC(=O)O)C(=O)O [Cl-] O=S(=O)([O-])[O-] OCC(O)CO
2QS4,2QS1,P22756,GRIK1,1PE UB1 CL,OCCOCCOCCOCCOCCO Cc1cn(C[C@H](N)C(=O)O)c(=O)n(Cc2c(C(=O)O)sc(Br)c2Br)c1=O [Cl-]
2QS4,2QS3,P22756,GRIK1,CL 1PE UBE,[Cl-] OCCOCCOCCOCCOCCO Cc1cn(C[C@H](N)C(=O)O)c(=O)n(Cc2cc(-c3ccccc3)sc2C(=O)O)c1=O
2QS4,4MF3,P22756,GRIK1,SXI,O=C(O)[C@@H]1C[C@H]2C[C@@H](Oc3cccc(Cl)c3-c3nnn[nH]3)CC[C@H]2CN1
4MF3,2PBW,P39086,GRIK1,DOQ,C/C(=C/C=C/[C@@H](C)C(=O)O)[C@H]1CN[C@H](C(=O)O)[C@H]1CC(=O)O
4MF3,2F35,P39086,GRIK1,CL 1PE UBC,[Cl-] OCCOCCOCCOCCOCCO N[C@@H](Cn1ccc(=O)n(Cc2ccccc2C(=O)O)c1=O)C(=O)O
4MF3,3FVK,P39086,GRIK1,GOL 8DX SO4,OCC(O)CO N[C@@H](C[C@]1(C(=O)O)C[C@H]2OC[C@@H](O)C[C@H]2O1)C(=O)O O=S(=O)([O-])[O-]
4MF3,3FVN,P39086,GRIK1,GOL 9DX SO4,OCC(O)CO N[C@@H](C[C@]1(C(=O)O)C[C@H]2OCC[C@@H](O)[C@H]2O1)C(=O)O O=S(=O)([O-])[O-]
4MF3,3S2V,P39086,GRIK1,3HU SO4 GOL CL,N[C@@H](Cn1c(=O)n(Cc2ccsc2C(=O)O)c(=O)c2cscc21)C(=O)O O=S(=O)([O-])[O-] OCC(O)CO [Cl-]
5NEB,2ZNT,P22756,GRIK1,DYH BME,CN[C@H]1[C@H]2O[C@@](C[C@H](N)C(=O)O)(C(=O)O)C[C@H]2OC[C@H]1O OCCS
5NEB,2PBW,P22756,GRIK1,DOQ,C/C(=C/C=C/[C@@H](C)C(=O)O)[C@H]1CN[C@H](C(=O)O)[C@H]1CC(=O)O
5NEB,1VSO,P22756,GRIK1,GOL AT1,OCC(O)CO CC(C)(C)c1onc(OCP(=O)(O)O)c1C[C@H](N)C(=O)O
2F34,3FVK,P22756,GRIK1,GOL 8DX SO4,OCC(O)CO N[C@@H](C[C@]1(C(=O)O)C[C@H]2OC[C@@H](O)C[C@H]2O1)C(=O)O O=S(=O)([O-])[O-]
2F34,2QS1,P22756,GRIK1,1PE UB1 CL,OCCOCCOCCOCCOCCO Cc1cn(C[C@H](N)C(=O)O)c(=O)n(Cc2c(C(=O)O)sc(Br)c2Br)c1=O [Cl-]
2F34,5M2V,P22756,GRIK1,CL SO4 7E5,[Cl-] O=S(=O)([O-])[O-] O=C(O)c1ccccc1O[C@H]1CN[C@H](C(=O)O)C1
3GBA,2F35,P22756,GRIK1,CL 1PE UBC,[Cl-] OCCOCCOCCOCCOCCO N[C@@H](Cn1ccc(=O)n(Cc2ccccc2C(=O)O)c1=O)C(=O)O
3GBA,3FVK,P22756,GRIK1,GOL 8DX SO4,OCC(O)CO N[C@@H](C[C@]1(C(=O)O)C[C@H]2OC[C@@H](O)C[C@H]2O1)C(=O)O O=S(=O)([O-])[O-]
3GBA,2OJT,P22756,GRIK1,BR 1PE UBA,[Br-] OCCOCCOCCOCCOCCO Cc1cn(C[C@H](N)C(=O)O)c(=O)n(Cc2ccsc2C(=O)O)c1=O
3GBA,3S2V,P22756,GRIK1,3HU SO4 GOL CL,N[C@@H](Cn1c(=O)n(Cc2ccsc2C(=O)O)c(=O)c2cscc21)C(=O)O O=S(=O)([O-])[O-] OCC(O)CO [Cl-]
3GBA,3FV2,P22756,GRIK1,GOL NDZ SO4,OCC(O)CO N[C@@H](C[C@]1(C(=O)O)C[C@H]2OC[C@@H](O)[C@@H](O)[C@H]2O1)C(=O)O O=S(=O)([O-])[O-]
3GBA,5NF5,P22756,GRIK1,CL 8VN GOL SO4,[Cl-] O=C(O)C1=NO[C@H]2CN[C@H](C(=O)O)[C@@H]12 OCC(O)CO O=S(=O)([O-])[O-]
2QS3,2WKY,P22756,GRIK1,CL IBC,[Cl-] N[C@@H](CC1=CCCCc2onc(O)c21)C(=O)O
2QS3,2PBW,P22756,GRIK1,DOQ,C/C(=C/C=C/[C@@H](C)C(=O)O)[C@H]1CN[C@H](C(=O)O)[C@H]1CC(=O)O
2QS3,3FVN,P22756,GRIK1,GOL 9DX SO4,OCC(O)CO N[C@@H](C[C@]1(C(=O)O)C[C@H]2OCC[C@@H](O)[C@H]2O1)C(=O)O O=S(=O)([O-])[O-]
2QS3,2OJT,P22756,GRIK1,BR 1PE UBA,[Br-] OCCOCCOCCOCCOCCO Cc1cn(C[C@H](N)C(=O)O)c(=O)n(Cc2ccsc2C(=O)O)c1=O
2QS3,2QS4,P22756,GRIK1,GOL LY5 NH4,OCC(O)CO O=C(O)[C@@H]1C[C@H]2C[C@@H](CN3CC(F)(F)C[C@H]3C(=O)O)CC[C@H]2CN1 [NH4+]
2OJT,2PBW,P22756,GRIK1,DOQ,C/C(=C/C=C/[C@@H](C)C(=O)O)[C@H]1CN[C@H](C(=O)O)[C@H]1CC(=O)O
2OJT,2QS2,P22756,GRIK1,UBF 1PE CL,N[C@@H](Cn1cc(Br)c(=O)n(Cc2ccsc2C(=O)O)c1=O)C(=O)O OCCOCCOCCOCCOCCO [Cl-]
2OJT,4E0X,P22756,GRIK1,KAI SO4 CL,C=C(C)[C@H]1CN[C@H](C(=O)O)[C@H]1CC(=O)O O=S(=O)([O-])[O-] [Cl-]
2OJT,4DLD,P22756,GRIK1,TZG CL SO4 GOL,N[C@@H](Cc1cc(Cl)c([N+](=O)[O-])cc1CCC(=O)O)C(=O)O [Cl-] O=S(=O)([O-])[O-] OCC(O)CO
2OJT,3S2V,P22756,GRIK1,3HU SO4 GOL CL,N[C@@H](Cn1c(=O)n(Cc2ccsc2C(=O)O)c(=O)c2cscc21)C(=O)O O=S(=O)([O-])[O-] OCC(O)CO [Cl-]
2OJT,2QS1,P22756,GRIK1,1PE UB1 CL,OCCOCCOCCOCCOCCO Cc1cn(C[C@H](N)C(=O)O)c(=O)n(Cc2c(C(=O)O)sc(Br)c2Br)c1=O [Cl-]
2OJT,2QS4,P22756,GRIK1,GOL LY5 NH4,OCC(O)CO O=C(O)[C@@H]1C[C@H]2C[C@@H](CN3CC(F)(F)C[C@H]3C(=O)O)CC[C@H]2CN1 [NH4+]
2OJT,5M2V,P22756,GRIK1,CL SO4 7E5,[Cl-] O=S(=O)([O-])[O-] O=C(O)c1ccccc1O[C@H]1CN[C@H](C(=O)O)C1
2WKY,3FVK,P22756,GRIK1,GOL 8DX SO4,OCC(O)CO N[C@@H](C[C@]1(C(=O)O)C[C@H]2OC[C@@H](O)C[C@H]2O1)C(=O)O O=S(=O)([O-])[O-]
2WKY,3GBB,P22756,GRIK1,MS8,N[C@@H](C[C@]1(C(=O)O)C[C@H]2OCCC[C@H]2O1)C(=O)O
2ZNT,2WKY,P39086,GRIK1,CL IBC,[Cl-] N[C@@H](CC1=CCCCc2onc(O)c21)C(=O)O
2ZNT,2QS2,P39086,GRIK1,UBF 1PE CL,N[C@@H](Cn1cc(Br)c(=O)n(Cc2ccsc2C(=O)O)c1=O)C(=O)O OCCOCCOCCOCCOCCO [Cl-]
2ZNT,2QS3,P39086,GRIK1,CL 1PE UBE,[Cl-] OCCOCCOCCOCCOCCO Cc1cn(C[C@H](N)C(=O)O)c(=O)n(Cc2cc(-c3ccccc3)sc2C(=O)O)c1=O
1VSO,2ZNT,P22756,GRIK1,DYH BME,CN[C@H]1[C@H]2O[C@@](C[C@H](N)C(=O)O)(C(=O)O)C[C@H]2OC[C@H]1O OCCS
1VSO,3FVK,P22756,GRIK1,GOL 8DX SO4,OCC(O)CO N[C@@H](C[C@]1(C(=O)O)C[C@H]2OC[C@@H](O)C[C@H]2O1)C(=O)O O=S(=O)([O-])[O-]
1VSO,4E0X,P22756,GRIK1,KAI SO4 CL,C=C(C)[C@H]1CN[C@H](C(=O)O)[C@H]1CC(=O)O O=S(=O)([O-])[O-] [Cl-]
1VSO,4DLD,P22756,GRIK1,TZG CL SO4 GOL,N[C@@H](Cc1cc(Cl)c([N+](=O)[O-])cc1CCC(=O)O)C(=O)O [Cl-] O=S(=O)([O-])[O-] OCC(O)CO
1VSO,5NEB,P22756,GRIK1,8VE ACT GOL CL SO4,CN1N=C(C(=O)O)[C@@H]2[C@@H](C(=O)O)NC[C@@H]21 CC(=O)[O-] OCC(O)CO [Cl-] O=S(=O)([O-])[O-]
1VSO,2OJT,P22756,GRIK1,BR 1PE UBA,[Br-] OCCOCCOCCOCCOCCO Cc1cn(C[C@H](N)C(=O)O)c(=O)n(Cc2ccsc2C(=O)O)c1=O
3FV2,2F35,P39086,GRIK1,CL 1PE UBC,[Cl-] OCCOCCOCCOCCOCCO N[C@@H](Cn1ccc(=O)n(Cc2ccccc2C(=O)O)c1=O)C(=O)O
3FV2,2QS3,P39086,GRIK1,CL 1PE UBE,[Cl-] OCCOCCOCCOCCOCCO Cc1cn(C[C@H](N)C(=O)O)c(=O)n(Cc2cc(-c3ccccc3)sc2C(=O)O)c1=O
2ZNU,2QS1,P39086,GRIK1,1PE UB1 CL,OCCOCCOCCOCCOCCO Cc1cn(C[C@H](N)C(=O)O)c(=O)n(Cc2c(C(=O)O)sc(Br)c2Br)c1=O [Cl-]
3FVN,2WKY,P39086,GRIK1,CL IBC,[Cl-] N[C@@H](CC1=CCCCc2onc(O)c21)C(=O)O
3FVN,2ZNT,P39086,GRIK1,DYH BME,CN[C@H]1[C@H]2O[C@@](C[C@H](N)C(=O)O)(C(=O)O)C[C@H]2OC[C@H]1O OCCS
3FVN,5NEB,P39086,GRIK1,8VE ACT GOL CL SO4,CN1N=C(C(=O)O)[C@@H]2[C@@H](C(=O)O)NC[C@@H]21 CC(=O)[O-] OCC(O)CO [Cl-] O=S(=O)([O-])[O-]
3FVN,5M2V,P39086,GRIK1,CL SO4 7E5,[Cl-] O=S(=O)([O-])[O-] O=C(O)c1ccccc1O[C@H]1CN[C@H](C(=O)O)C1
5M2V,3FVN,P22756,GRIK1,GOL 9DX SO4,OCC(O)CO N[C@@H](C[C@]1(C(=O)O)C[C@H]2OCC[C@@H](O)[C@H]2O1)C(=O)O O=S(=O)([O-])[O-]
5M2V,5NEB,P22756,GRIK1,8VE ACT GOL CL SO4,CN1N=C(C(=O)O)[C@@H]2[C@@H](C(=O)O)NC[C@@H]21 CC(=O)[O-] OCC(O)CO [Cl-] O=S(=O)([O-])[O-]
5M2V,2QS3,P22756,GRIK1,CL 1PE UBE,[Cl-] OCCOCCOCCOCCOCCO Cc1cn(C[C@H](N)C(=O)O)c(=O)n(Cc2cc(-c3ccccc3)sc2C(=O)O)c1=O
3S2V,2F35,P22756,GRIK1,CL 1PE UBC,[Cl-] OCCOCCOCCOCCOCCO N[C@@H](Cn1ccc(=O)n(Cc2ccccc2C(=O)O)c1=O)C(=O)O
3S2V,3FVK,P22756,GRIK1,GOL 8DX SO4,OCC(O)CO N[C@@H](C[C@]1(C(=O)O)C[C@H]2OC[C@@H](O)C[C@H]2O1)C(=O)O O=S(=O)([O-])[O-]
3S2V,5NEB,P22756,GRIK1,8VE ACT GOL CL SO4,CN1N=C(C(=O)O)[C@@H]2[C@@H](C(=O)O)NC[C@@H]21 CC(=O)[O-] OCC(O)CO [Cl-] O=S(=O)([O-])[O-]
3S2V,2OJT,P22756,GRIK1,BR 1PE UBA,[Br-] OCCOCCOCCOCCOCCO Cc1cn(C[C@H](N)C(=O)O)c(=O)n(Cc2ccsc2C(=O)O)c1=O
3FVG,3FVN,P39086,GRIK1,GOL 9DX SO4,OCC(O)CO N[C@@H](C[C@]1(C(=O)O)C[C@H]2OCC[C@@H](O)[C@H]2O1)C(=O)O O=S(=O)([O-])[O-]
3FVG,2QS2,P39086,GRIK1,UBF 1PE CL,N[C@@H](Cn1cc(Br)c(=O)n(Cc2ccsc2C(=O)O)c1=O)C(=O)O OCCOCCOCCOCCOCCO [Cl-]
3FVG,4E0X,P39086,GRIK1,KAI SO4 CL,C=C(C)[C@H]1CN[C@H](C(=O)O)[C@H]1CC(=O)O O=S(=O)([O-])[O-] [Cl-]
3FVG,5NEB,P39086,GRIK1,8VE ACT GOL CL SO4,CN1N=C(C(=O)O)[C@@H]2[C@@H](C(=O)O)NC[C@@H]21 CC(=O)[O-] OCC(O)CO [Cl-] O=S(=O)([O-])[O-]
3FVG,2OJT,P39086,GRIK1,BR 1PE UBA,[Br-] OCCOCCOCCOCCOCCO Cc1cn(C[C@H](N)C(=O)O)c(=O)n(Cc2ccsc2C(=O)O)c1=O
3FVG,2QS1,P39086,GRIK1,1PE UB1 CL,OCCOCCOCCOCCOCCO Cc1cn(C[C@H](N)C(=O)O)c(=O)n(Cc2c(C(=O)O)sc(Br)c2Br)c1=O [Cl-]
3FVG,3FV2,P39086,GRIK1,GOL NDZ SO4,OCC(O)CO N[C@@H](C[C@]1(C(=O)O)C[C@H]2OC[C@@H](O)[C@@H](O)[C@H]2O1)C(=O)O O=S(=O)([O-])[O-]
3FVG,4MF3,P39086,GRIK1,SXI,O=C(O)[C@@H]1C[C@H]2C[C@@H](Oc3cccc(Cl)c3-c3nnn[nH]3)CC[C@H]2CN1
3FVG,5NF5,P39086,GRIK1,CL 8VN GOL SO4,[Cl-] O=C(O)C1=NO[C@H]2CN[C@H](C(=O)O)[C@@H]12 OCC(O)CO O=S(=O)([O-])[O-]
2QS1,2F35,P22756,GRIK1,CL 1PE UBC,[Cl-] OCCOCCOCCOCCOCCO N[C@@H](Cn1ccc(=O)n(Cc2ccccc2C(=O)O)c1=O)C(=O)O
2QS1,3GBB,P22756,GRIK1,MS8,N[C@@H](C[C@]1(C(=O)O)C[C@H]2OCCC[C@H]2O1)C(=O)O
2QS1,2OJT,P22756,GRIK1,BR 1PE UBA,[Br-] OCCOCCOCCOCCOCCO Cc1cn(C[C@H](N)C(=O)O)c(=O)n(Cc2ccsc2C(=O)O)c1=O
2QS1,3FV2,P22756,GRIK1,GOL NDZ SO4,OCC(O)CO N[C@@H](C[C@]1(C(=O)O)C[C@H]2OC[C@@H](O)[C@@H](O)[C@H]2O1)C(=O)O O=S(=O)([O-])[O-]
3GBB,5NEB,P22756,GRIK1,8VE ACT GOL CL SO4,CN1N=C(C(=O)O)[C@@H]2[C@@H](C(=O)O)NC[C@@H]21 CC(=O)[O-] OCC(O)CO [Cl-] O=S(=O)([O-])[O-]
3GBB,2OJT,P22756,GRIK1,BR 1PE UBA,[Br-] OCCOCCOCCOCCOCCO Cc1cn(C[C@H](N)C(=O)O)c(=O)n(Cc2ccsc2C(=O)O)c1=O
3GBB,5M2V,P22756,GRIK1,CL SO4 7E5,[Cl-] O=S(=O)([O-])[O-] O=C(O)c1ccccc1O[C@H]1CN[C@H](C(=O)O)C1
4DLD,2WKY,P22756,GRIK1,CL IBC,[Cl-] N[C@@H](CC1=CCCCc2onc(O)c21)C(=O)O
4DLD,1VSO,P22756,GRIK1,GOL AT1,OCC(O)CO CC(C)(C)c1onc(OCP(=O)(O)O)c1C[C@H](N)C(=O)O
4DLD,4E0X,P22756,GRIK1,KAI SO4 CL,C=C(C)[C@H]1CN[C@H](C(=O)O)[C@H]1CC(=O)O O=S(=O)([O-])[O-] [Cl-]
2F35,2PBW,P22756,GRIK1,DOQ,C/C(=C/C=C/[C@@H](C)C(=O)O)[C@H]1CN[C@H](C(=O)O)[C@H]1CC(=O)O
3FVK,3FVN,P39086,GRIK1,GOL 9DX SO4,OCC(O)CO N[C@@H](C[C@]1(C(=O)O)C[C@H]2OCC[C@@H](O)[C@H]2O1)C(=O)O O=S(=O)([O-])[O-]
3FVK,2QS2,P39086,GRIK1,UBF 1PE CL,N[C@@H](Cn1cc(Br)c(=O)n(Cc2ccsc2C(=O)O)c1=O)C(=O)O OCCOCCOCCOCCOCCO [Cl-]
3FVK,4DLD,P39086,GRIK1,TZG CL SO4 GOL,N[C@@H](Cc1cc(Cl)c([N+](=O)[O-])cc1CCC(=O)O)C(=O)O [Cl-] O=S(=O)([O-])[O-] OCC(O)CO
3FV1,1VSO,P39086,GRIK1,GOL AT1,OCC(O)CO CC(C)(C)c1onc(OCP(=O)(O)O)c1C[C@H](N)C(=O)O
3FV1,3GBB,P39086,GRIK1,MS8,N[C@@H](C[C@]1(C(=O)O)C[C@H]2OCCC[C@H]2O1)C(=O)O
3FV1,2QS1,P39086,GRIK1,1PE UB1 CL,OCCOCCOCCOCCOCCO Cc1cn(C[C@H](N)C(=O)O)c(=O)n(Cc2c(C(=O)O)sc(Br)c2Br)c1=O [Cl-]
3FV1,3FV2,P39086,GRIK1,GOL NDZ SO4,OCC(O)CO N[C@@H](C[C@]1(C(=O)O)C[C@H]2OC[C@@H](O)[C@@H](O)[C@H]2O1)C(=O)O O=S(=O)([O-])[O-]
2PBW,2WKY,P22756,GRIK1,CL IBC,[Cl-] N[C@@H](CC1=CCCCc2onc(O)c21)C(=O)O
2PBW,3FVK,P22756,GRIK1,GOL 8DX SO4,OCC(O)CO N[C@@H](C[C@]1(C(=O)O)C[C@H]2OC[C@@H](O)C[C@H]2O1)C(=O)O O=S(=O)([O-])[O-]
2PBW,2OJT,P22756,GRIK1,BR 1PE UBA,[Br-] OCCOCCOCCOCCOCCO Cc1cn(C[C@H](N)C(=O)O)c(=O)n(Cc2ccsc2C(=O)O)c1=O
2QS2,4E0X,P22756,GRIK1,KAI SO4 CL,C=C(C)[C@H]1CN[C@H](C(=O)O)[C@H]1CC(=O)O O=S(=O)([O-])[O-] [Cl-]
2QS2,5NEB,P22756,GRIK1,8VE ACT GOL CL SO4,CN1N=C(C(=O)O)[C@@H]2[C@@H](C(=O)O)NC[C@@H]21 CC(=O)[O-] OCC(O)CO [Cl-] O=S(=O)([O-])[O-]
5NF5,2F35,P22756,GRIK1,CL 1PE UBC,[Cl-] OCCOCCOCCOCCOCCO N[C@@H](Cn1ccc(=O)n(Cc2ccccc2C(=O)O)c1=O)C(=O)O
5NF5,2OJT,P22756,GRIK1,BR 1PE UBA,[Br-] OCCOCCOCCOCCOCCO Cc1cn(C[C@H](N)C(=O)O)c(=O)n(Cc2ccsc2C(=O)O)c1=O
5NF5,3S2V,P22756,GRIK1,3HU SO4 GOL CL,N[C@@H](Cn1c(=O)n(Cc2ccsc2C(=O)O)c(=O)c2cscc21)C(=O)O O=S(=O)([O-])[O-] OCC(O)CO [Cl-]
4E0X,1VSO,P22756,GRIK1,GOL AT1,OCC(O)CO CC(C)(C)c1onc(OCP(=O)(O)O)c1C[C@H](N)C(=O)O
4E0X,2QS2,P22756,GRIK1,UBF 1PE CL,N[C@@H](Cn1cc(Br)c(=O)n(Cc2ccsc2C(=O)O)c1=O)C(=O)O OCCOCCOCCOCCOCCO [Cl-]
4E0X,4MF3,P22756,GRIK1,SXI,O=C(O)[C@@H]1C[C@H]2C[C@@H](Oc3cccc(Cl)c3-c3nnn[nH]3)CC[C@H]2CN1
4E0X,5NF5,P22756,GRIK1,CL 8VN GOL SO4,[Cl-] O=C(O)C1=NO[C@H]2CN[C@H](C(=O)O)[C@@H]12 OCC(O)CO O=S(=O)([O-])[O-]
3MAX,4LXZ,Q92769,HDAC2,ZN CA NA PG4 SHH NHE,[Zn+2] [Ca+2] [Na+] OCCOCCOCCOCCO O=C(CCCCCCC(=O)Nc1ccccc1)NO O=S(=O)(O)CCNC1CCCCC1
3MAX,4LY1,Q92769,HDAC2,ZN CA NA PG4 20Y NHE,[Zn+2] [Ca+2] [Na+] OCCOCCOCCOCCO CC(=O)Nc1ccc(C(=O)Nc2cc(-c3cccs3)ccc2N)cc1 O=S(=O)(O)CCNC1CCCCC1
3MAX,5IX0,Q92769,HDAC2,ZN CA 6EZ PEG PG4 PG5 PGE EDO,[Zn+2] [Ca+2] Nc1ccc(-c2ccc(F)cc2)cc1NC(=O)[C@@H]1C[C@H]2CC[C@@H](C1)O2 OCCOCCO OCCOCCOCCOCCO COCCOCCOCCOC OCCOCCOCCO OCCO
3MAX,5IWG,Q92769,HDAC2,ZN CA IWX PG5 PGE PEG PG4,[Zn+2] [Ca+2] Nc1ccc(-c2ccc(F)cc2)cc1NC(=O)C1CCOCC1 COCCOCCOCCOC OCCOCCOCCO OCCOCCO OCCOCCOCCOCCO
5IWG,4LXZ,Q92769,HDAC2,ZN CA NA PG4 SHH NHE,[Zn+2] [Ca+2] [Na+] OCCOCCOCCOCCO O=C(CCCCCCC(=O)Nc1ccccc1)NO O=S(=O)(O)CCNC1CCCCC1
5IWG,4LY1,Q92769,HDAC2,ZN CA NA PG4 20Y NHE,[Zn+2] [Ca+2] [Na+] OCCOCCOCCOCCO CC(=O)Nc1ccc(C(=O)Nc2cc(-c3cccs3)ccc2N)cc1 O=S(=O)(O)CCNC1CCCCC1
5IWG,3MAX,Q92769,HDAC2,ZN CA NA LLX NHE,[Zn+2] [Ca+2] [Na+] Nc1ccc(-c2ccccc2)cc1NC(=O)c1ccccc1 O=S(=O)(O)CCNC1CCCCC1
5IWG,5IX0,Q92769,HDAC2,ZN CA 6EZ PEG PG4 PG5 PGE EDO,[Zn+2] [Ca+2] Nc1ccc(-c2ccc(F)cc2)cc1NC(=O)[C@@H]1C[C@H]2CC[C@@H](C1)O2 OCCOCCO OCCOCCOCCOCCO COCCOCCOCCOC OCCOCCOCCO OCCO
5IX0,4LXZ,Q92769,HDAC2,ZN CA NA PG4 SHH NHE,[Zn+2] [Ca+2] [Na+] OCCOCCOCCOCCO O=C(CCCCCCC(=O)Nc1ccccc1)NO O=S(=O)(O)CCNC1CCCCC1
5IX0,4LY1,Q92769,HDAC2,ZN CA NA PG4 20Y NHE,[Zn+2] [Ca+2] [Na+] OCCOCCOCCOCCO CC(=O)Nc1ccc(C(=O)Nc2cc(-c3cccs3)ccc2N)cc1 O=S(=O)(O)CCNC1CCCCC1
5IX0,3MAX,Q92769,HDAC2,ZN CA NA LLX NHE,[Zn+2] [Ca+2] [Na+] Nc1ccc(-c2ccccc2)cc1NC(=O)c1ccccc1 O=S(=O)(O)CCNC1CCCCC1
5IX0,5IWG,Q92769,HDAC2,ZN CA IWX PG5 PGE PEG PG4,[Zn+2] [Ca+2] Nc1ccc(-c2ccc(F)cc2)cc1NC(=O)C1CCOCC1 COCCOCCOCCOC OCCOCCOCCO OCCOCCO OCCOCCOCCOCCO
4LY1,4LXZ,Q92769,HDAC2,ZN CA NA PG4 SHH NHE,[Zn+2] [Ca+2] [Na+] OCCOCCOCCOCCO O=C(CCCCCCC(=O)Nc1ccccc1)NO O=S(=O)(O)CCNC1CCCCC1
4LY1,3MAX,Q92769,HDAC2,ZN CA NA LLX NHE,[Zn+2] [Ca+2] [Na+] Nc1ccc(-c2ccccc2)cc1NC(=O)c1ccccc1 O=S(=O)(O)CCNC1CCCCC1
4LY1,5IX0,Q92769,HDAC2,ZN CA 6EZ PEG PG4 PG5 PGE EDO,[Zn+2] [Ca+2] Nc1ccc(-c2ccc(F)cc2)cc1NC(=O)[C@@H]1C[C@H]2CC[C@@H](C1)O2 OCCOCCO OCCOCCOCCOCCO COCCOCCOCCOC OCCOCCOCCO OCCO
4LY1,5IWG,Q92769,HDAC2,ZN CA IWX PG5 PGE PEG PG4,[Zn+2] [Ca+2] Nc1ccc(-c2ccc(F)cc2)cc1NC(=O)C1CCOCC1 COCCOCCOCCOC OCCOCCOCCO OCCOCCO OCCOCCOCCOCCO
4LXZ,4LY1,Q92769,HDAC2,ZN CA NA PG4 20Y NHE,[Zn+2] [Ca+2] [Na+] OCCOCCOCCOCCO CC(=O)Nc1ccc(C(=O)Nc2cc(-c3cccs3)ccc2N)cc1 O=S(=O)(O)CCNC1CCCCC1
4LXZ,3MAX,Q92769,HDAC2,ZN CA NA LLX NHE,[Zn+2] [Ca+2] [Na+] Nc1ccc(-c2ccccc2)cc1NC(=O)c1ccccc1 O=S(=O)(O)CCNC1CCCCC1
4LXZ,5IX0,Q92769,HDAC2,ZN CA 6EZ PEG PG4 PG5 PGE EDO,[Zn+2] [Ca+2] Nc1ccc(-c2ccc(F)cc2)cc1NC(=O)[C@@H]1C[C@H]2CC[C@@H](C1)O2 OCCOCCO OCCOCCOCCOCCO COCCOCCOCCOC OCCOCCOCCO OCCO
4LXZ,5IWG,Q92769,HDAC2,ZN CA IWX PG5 PGE PEG PG4,[Zn+2] [Ca+2] Nc1ccc(-c2ccc(F)cc2)cc1NC(=O)C1CCOCC1 COCCOCCOCCOC OCCOCCOCCO OCCOCCO OCCOCCOCCOCCO
1T67,1T69,Q9BY41,HDAC8,SHH ZN,O=C(CCCCCCC(=O)Nc1ccccc1)NO [Zn+2]
1T67,3SFH,Q9BY41,HDAC8,K ZN ACT 1DI,[K+] [Zn+2] CC(=O)[O-] N[C@H](Cc1ccc(Cl)cc1Cl)C(=O)N1Cc2ccccc2C1
1T67,5BWZ,Q9BY41,HDAC8,ZN K XCH GOL,[Zn+2] [K+] Cc1cc(Cl)ccc1OCCCC(=O)NO OCC(O)CO
1T67,3SFF,Q9BY41,HDAC8,0DI K ZN,N[C@H](Cc1cccc(Cl)c1)C(=O)N1CCN(C(=O)c2cc(F)ccc2F)CC1 [K+] [Zn+2]
1T67,3F07,Q9BY41,HDAC8,ZN K AGE,[Zn+2] [K+] Cn1cc(C(=O)Cc2ccccc2)cc1/C=C/C(=O)NO
3MZ6,1T69,Q9BY41,HDAC8,SHH ZN,O=C(CCCCCCC(=O)Nc1ccccc1)NO [Zn+2]
3MZ6,3SFH,Q9BY41,HDAC8,K ZN ACT 1DI,[K+] [Zn+2] CC(=O)[O-] N[C@H](Cc1ccc(Cl)cc1Cl)C(=O)N1Cc2ccccc2C1
3MZ6,5BWZ,Q9BY41,HDAC8,ZN K XCH GOL,[Zn+2] [K+] Cc1cc(Cl)ccc1OCCCC(=O)NO OCC(O)CO
3MZ6,3SFF,Q9BY41,HDAC8,0DI K ZN,N[C@H](Cc1cccc(Cl)c1)C(=O)N1CCN(C(=O)c2cc(F)ccc2F)CC1 [K+] [Zn+2]
3MZ6,3F07,Q9BY41,HDAC8,ZN K AGE,[Zn+2] [K+] Cn1cc(C(=O)Cc2ccccc2)cc1/C=C/C(=O)NO
3F07,1T69,Q9BY41,HDAC8,SHH ZN,O=C(CCCCCCC(=O)Nc1ccccc1)NO [Zn+2]
3F07,1T67,Q9BY41,HDAC8,ZN NA B3N,[Zn+2] [Na+] CN(C)c1ccc(C(=O)NCCCCCCC(=O)NO)cc1
3F07,3SFH,Q9BY41,HDAC8,K ZN ACT 1DI,[K+] [Zn+2] CC(=O)[O-] N[C@H](Cc1ccc(Cl)cc1Cl)C(=O)N1Cc2ccccc2C1
3F07,5BWZ,Q9BY41,HDAC8,ZN K XCH GOL,[Zn+2] [K+] Cc1cc(Cl)ccc1OCCCC(=O)NO OCC(O)CO
3F07,3SFF,Q9BY41,HDAC8,0DI K ZN,N[C@H](Cc1cccc(Cl)c1)C(=O)N1CCN(C(=O)c2cc(F)ccc2F)CC1 [K+] [Zn+2]
1T69,1T67,Q9BY41,HDAC8,ZN NA B3N,[Zn+2] [Na+] CN(C)c1ccc(C(=O)NCCCCCCC(=O)NO)cc1
1T69,3SFH,Q9BY41,HDAC8,K ZN ACT 1DI,[K+] [Zn+2] CC(=O)[O-] N[C@H](Cc1ccc(Cl)cc1Cl)C(=O)N1Cc2ccccc2C1
1T69,5BWZ,Q9BY41,HDAC8,ZN K XCH GOL,[Zn+2] [K+] Cc1cc(Cl)ccc1OCCCC(=O)NO OCC(O)CO
1T69,3SFF,Q9BY41,HDAC8,0DI K ZN,N[C@H](Cc1cccc(Cl)c1)C(=O)N1CCN(C(=O)c2cc(F)ccc2F)CC1 [K+] [Zn+2]
1T69,3F07,Q9BY41,HDAC8,ZN K AGE,[Zn+2] [K+] Cn1cc(C(=O)Cc2ccccc2)cc1/C=C/C(=O)NO
5BWZ,1T69,Q9BY41,HDAC8,SHH ZN,O=C(CCCCCCC(=O)Nc1ccccc1)NO [Zn+2]
5BWZ,1T67,Q9BY41,HDAC8,ZN NA B3N,[Zn+2] [Na+] CN(C)c1ccc(C(=O)NCCCCCCC(=O)NO)cc1
5BWZ,3SFH,Q9BY41,HDAC8,K ZN ACT 1DI,[K+] [Zn+2] CC(=O)[O-] N[C@H](Cc1ccc(Cl)cc1Cl)C(=O)N1Cc2ccccc2C1
5BWZ,3SFF,Q9BY41,HDAC8,0DI K ZN,N[C@H](Cc1cccc(Cl)c1)C(=O)N1CCN(C(=O)c2cc(F)ccc2F)CC1 [K+] [Zn+2]
5BWZ,3F07,Q9BY41,HDAC8,ZN K AGE,[Zn+2] [K+] Cn1cc(C(=O)Cc2ccccc2)cc1/C=C/C(=O)NO
3SFF,1T69,Q9BY41,HDAC8,SHH ZN,O=C(CCCCCCC(=O)Nc1ccccc1)NO [Zn+2]
3SFF,1T67,Q9BY41,HDAC8,ZN NA B3N,[Zn+2] [Na+] CN(C)c1ccc(C(=O)NCCCCCCC(=O)NO)cc1
3SFF,3SFH,Q9BY41,HDAC8,K ZN ACT 1DI,[K+] [Zn+2] CC(=O)[O-] N[C@H](Cc1ccc(Cl)cc1Cl)C(=O)N1Cc2ccccc2C1
3SFF,5BWZ,Q9BY41,HDAC8,ZN K XCH GOL,[Zn+2] [K+] Cc1cc(Cl)ccc1OCCCC(=O)NO OCC(O)CO
3SFF,3F07,Q9BY41,HDAC8,ZN K AGE,[Zn+2] [K+] Cn1cc(C(=O)Cc2ccccc2)cc1/C=C/C(=O)NO
4QA4,1T69,Q9BY41,HDAC8,SHH ZN,O=C(CCCCCCC(=O)Nc1ccccc1)NO [Zn+2]
4QA4,3SFH,Q9BY41,HDAC8,K ZN ACT 1DI,[K+] [Zn+2] CC(=O)[O-] N[C@H](Cc1ccc(Cl)cc1Cl)C(=O)N1Cc2ccccc2C1
4QA4,5BWZ,Q9BY41,HDAC8,ZN K XCH GOL,[Zn+2] [K+] Cc1cc(Cl)ccc1OCCCC(=O)NO OCC(O)CO
4QA4,3SFF,Q9BY41,HDAC8,0DI K ZN,N[C@H](Cc1cccc(Cl)c1)C(=O)N1CCN(C(=O)c2cc(F)ccc2F)CC1 [K+] [Zn+2]
4QA4,3F07,Q9BY41,HDAC8,ZN K AGE,[Zn+2] [K+] Cn1cc(C(=O)Cc2ccccc2)cc1/C=C/C(=O)NO
3SFH,1T69,Q9BY41,HDAC8,SHH ZN,O=C(CCCCCCC(=O)Nc1ccccc1)NO [Zn+2]
3SFH,1T67,Q9BY41,HDAC8,ZN NA B3N,[Zn+2] [Na+] CN(C)c1ccc(C(=O)NCCCCCCC(=O)NO)cc1
3SFH,5BWZ,Q9BY41,HDAC8,ZN K XCH GOL,[Zn+2] [K+] Cc1cc(Cl)ccc1OCCCC(=O)NO OCC(O)CO
3SFH,3SFF,Q9BY41,HDAC8,0DI K ZN,N[C@H](Cc1cccc(Cl)c1)C(=O)N1CCN(C(=O)c2cc(F)ccc2F)CC1 [K+] [Zn+2]
3SFH,3F07,Q9BY41,HDAC8,ZN K AGE,[Zn+2] [K+] Cn1cc(C(=O)Cc2ccccc2)cc1/C=C/C(=O)NO
4CHP,4CHZ,P12497,GAG-POL,SO4 ACT CL EDO H75 LYS,O=S(=O)([O-])[O-] CC(=O)[O-] [Cl-] OCCO O=c1n(-c2ccc(Br)cc2)cc2n1CCCC2 N[C@@H](CCCC[NH3+])C(=O)O
4CHP,3NF8,P12497,GAG-POL,SO4 CDQ ACY,O=S(=O)([O-])[O-] O=C(O)c1c(CN2C(=O)Cc3cc(Cl)ccc32)ccc2c1OCCO2 CC(=O)O
4CHP,3NF9,P12497,GAG-POL,SO4 CD9 EDO ACY,O=S(=O)([O-])[O-] O=C(O)c1c(CN2C(=O)Cc3ccc(Cl)cc32)ccc2c1OCO2 OCCO CC(=O)O
4CHP,3NFA,P12497,GAG-POL,SO4 CBJ ACY,O=S(=O)([O-])[O-] O=C1C(=O)N(Cc2ccc3c(c2C(=O)O)OCCO3)c2ccc(Br)cc21 CC(=O)O
4CHP,3NF7,P12497,GAG-POL,CIW EDO ACY SO4,O=C(O)c1c(CN2C(=O)Cc3cc(Cl)ccc32)ccc2c1OCO2 OCCO CC(=O)O O=S(=O)([O-])[O-]
3NF7,4CHP,P12497,GAG-POL,SO4 ACT EDO IMV,O=S(=O)([O-])[O-] CC(=O)[O-] OCCO O=C(O)c1c(CN2C(=O)Cc3ccccc32)ccc2c1OCO2
3NF7,4CHZ,P12497,GAG-POL,SO4 ACT CL EDO H75 LYS,O=S(=O)([O-])[O-] CC(=O)[O-] [Cl-] OCCO O=c1n(-c2ccc(Br)cc2)cc2n1CCCC2 N[C@@H](CCCC[NH3+])C(=O)O
3NF7,3NF8,P12497,GAG-POL,SO4 CDQ ACY,O=S(=O)([O-])[O-] O=C(O)c1c(CN2C(=O)Cc3cc(Cl)ccc32)ccc2c1OCCO2 CC(=O)O
3NF7,3NF9,P12497,GAG-POL,SO4 CD9 EDO ACY,O=S(=O)([O-])[O-] O=C(O)c1c(CN2C(=O)Cc3ccc(Cl)cc32)ccc2c1OCO2 OCCO CC(=O)O
3NF7,3NFA,P12497,GAG-POL,SO4 CBJ ACY,O=S(=O)([O-])[O-] O=C1C(=O)N(Cc2ccc3c(c2C(=O)O)OCCO3)c2ccc(Br)cc21 CC(=O)O
3NFA,4CHP,P12497,GAG-POL,SO4 ACT EDO IMV,O=S(=O)([O-])[O-] CC(=O)[O-] OCCO O=C(O)c1c(CN2C(=O)Cc3ccccc32)ccc2c1OCO2
3NFA,4CHZ,P12497,GAG-POL,SO4 ACT CL EDO H75 LYS,O=S(=O)([O-])[O-] CC(=O)[O-] [Cl-] OCCO O=c1n(-c2ccc(Br)cc2)cc2n1CCCC2 N[C@@H](CCCC[NH3+])C(=O)O
3NFA,3NF8,P12497,GAG-POL,SO4 CDQ ACY,O=S(=O)([O-])[O-] O=C(O)c1c(CN2C(=O)Cc3cc(Cl)ccc32)ccc2c1OCCO2 CC(=O)O
3NFA,3NF9,P12497,GAG-POL,SO4 CD9 EDO ACY,O=S(=O)([O-])[O-] O=C(O)c1c(CN2C(=O)Cc3ccc(Cl)cc32)ccc2c1OCO2 OCCO CC(=O)O
3NFA,3NF7,P12497,GAG-POL,CIW EDO ACY SO4,O=C(O)c1c(CN2C(=O)Cc3cc(Cl)ccc32)ccc2c1OCO2 OCCO CC(=O)O O=S(=O)([O-])[O-]
3NF8,4CHP,P12497,GAG-POL,SO4 ACT EDO IMV,O=S(=O)([O-])[O-] CC(=O)[O-] OCCO O=C(O)c1c(CN2C(=O)Cc3ccccc32)ccc2c1OCO2
3NF8,4CHZ,P12497,GAG-POL,SO4 ACT CL EDO H75 LYS,O=S(=O)([O-])[O-] CC(=O)[O-] [Cl-] OCCO O=c1n(-c2ccc(Br)cc2)cc2n1CCCC2 N[C@@H](CCCC[NH3+])C(=O)O
3NF8,3NF9,P12497,GAG-POL,SO4 CD9 EDO ACY,O=S(=O)([O-])[O-] O=C(O)c1c(CN2C(=O)Cc3ccc(Cl)cc32)ccc2c1OCO2 OCCO CC(=O)O
3NF8,3NFA,P12497,GAG-POL,SO4 CBJ ACY,O=S(=O)([O-])[O-] O=C1C(=O)N(Cc2ccc3c(c2C(=O)O)OCCO3)c2ccc(Br)cc21 CC(=O)O
3NF8,3NF7,P12497,GAG-POL,CIW EDO ACY SO4,O=C(O)c1c(CN2C(=O)Cc3cc(Cl)ccc32)ccc2c1OCO2 OCCO CC(=O)O O=S(=O)([O-])[O-]
3NF9,4CHP,P12497,GAG-POL,SO4 ACT EDO IMV,O=S(=O)([O-])[O-] CC(=O)[O-] OCCO O=C(O)c1c(CN2C(=O)Cc3ccccc32)ccc2c1OCO2
3NF9,4CHZ,P12497,GAG-POL,SO4 ACT CL EDO H75 LYS,O=S(=O)([O-])[O-] CC(=O)[O-] [Cl-] OCCO O=c1n(-c2ccc(Br)cc2)cc2n1CCCC2 N[C@@H](CCCC[NH3+])C(=O)O
3NF9,3NF8,P12497,GAG-POL,SO4 CDQ ACY,O=S(=O)([O-])[O-] O=C(O)c1c(CN2C(=O)Cc3cc(Cl)ccc32)ccc2c1OCCO2 CC(=O)O
3NF9,3NFA,P12497,GAG-POL,SO4 CBJ ACY,O=S(=O)([O-])[O-] O=C1C(=O)N(Cc2ccc3c(c2C(=O)O)OCCO3)c2ccc(Br)cc21 CC(=O)O
3NF9,3NF7,P12497,GAG-POL,CIW EDO ACY SO4,O=C(O)c1c(CN2C(=O)Cc3cc(Cl)ccc32)ccc2c1OCO2 OCCO CC(=O)O O=S(=O)([O-])[O-]
4CJW,4CHP,P12497,GAG-POL,SO4 ACT EDO IMV,O=S(=O)([O-])[O-] CC(=O)[O-] OCCO O=C(O)c1c(CN2C(=O)Cc3ccccc32)ccc2c1OCO2
4CJW,4CHZ,P12497,GAG-POL,SO4 ACT CL EDO H75 LYS,O=S(=O)([O-])[O-] CC(=O)[O-] [Cl-] OCCO O=c1n(-c2ccc(Br)cc2)cc2n1CCCC2 N[C@@H](CCCC[NH3+])C(=O)O
4CJW,3NF8,P12497,GAG-POL,SO4 CDQ ACY,O=S(=O)([O-])[O-] O=C(O)c1c(CN2C(=O)Cc3cc(Cl)ccc32)ccc2c1OCCO2 CC(=O)O
4CJW,3NF9,P12497,GAG-POL,SO4 CD9 EDO ACY,O=S(=O)([O-])[O-] O=C(O)c1c(CN2C(=O)Cc3ccc(Cl)cc32)ccc2c1OCO2 OCCO CC(=O)O
4CJW,3NF7,P12497,GAG-POL,CIW EDO ACY SO4,O=C(O)c1c(CN2C(=O)Cc3cc(Cl)ccc32)ccc2c1OCO2 OCCO CC(=O)O O=S(=O)([O-])[O-]
4CHZ,4CHP,P12497,GAG-POL,SO4 ACT EDO IMV,O=S(=O)([O-])[O-] CC(=O)[O-] OCCO O=C(O)c1c(CN2C(=O)Cc3ccccc32)ccc2c1OCO2
4CHZ,3NF8,P12497,GAG-POL,SO4 CDQ ACY,O=S(=O)([O-])[O-] O=C(O)c1c(CN2C(=O)Cc3cc(Cl)ccc32)ccc2c1OCCO2 CC(=O)O
4CHZ,3NF9,P12497,GAG-POL,SO4 CD9 EDO ACY,O=S(=O)([O-])[O-] O=C(O)c1c(CN2C(=O)Cc3ccc(Cl)cc32)ccc2c1OCO2 OCCO CC(=O)O
4CHZ,3NFA,P12497,GAG-POL,SO4 CBJ ACY,O=S(=O)([O-])[O-] O=C1C(=O)N(Cc2ccc3c(c2C(=O)O)OCCO3)c2ccc(Br)cc21 CC(=O)O
4CHZ,3NF7,P12497,GAG-POL,CIW EDO ACY SO4,O=C(O)c1c(CN2C(=O)Cc3cc(Cl)ccc32)ccc2c1OCO2 OCCO CC(=O)O O=S(=O)([O-])[O-]
3NF6,4CHZ,P12497,GAG-POL,SO4 ACT CL EDO H75 LYS,O=S(=O)([O-])[O-] CC(=O)[O-] [Cl-] OCCO O=c1n(-c2ccc(Br)cc2)cc2n1CCCC2 N[C@@H](CCCC[NH3+])C(=O)O
3NF6,3NF8,P12497,GAG-POL,SO4 CDQ ACY,O=S(=O)([O-])[O-] O=C(O)c1c(CN2C(=O)Cc3cc(Cl)ccc32)ccc2c1OCCO2 CC(=O)O
3NF6,3NF9,P12497,GAG-POL,SO4 CD9 EDO ACY,O=S(=O)([O-])[O-] O=C(O)c1c(CN2C(=O)Cc3ccc(Cl)cc32)ccc2c1OCO2 OCCO CC(=O)O
3NF6,3NFA,P12497,GAG-POL,SO4 CBJ ACY,O=S(=O)([O-])[O-] O=C1C(=O)N(Cc2ccc3c(c2C(=O)O)OCCO3)c2ccc(Br)cc21 CC(=O)O
3NF6,3NF7,P12497,GAG-POL,CIW EDO ACY SO4,O=C(O)c1c(CN2C(=O)Cc3cc(Cl)ccc32)ccc2c1OCO2 OCCO CC(=O)O O=S(=O)([O-])[O-]
2AZ9,2BBB,P03367,GAG-POL,HH1,NC(=O)C[C@H]1C[C@@H](C2=CN[C@@](Cc3ccccc3)(C[C@H](O)[C@H](Cc3ccccc3)NC(=O)O[C@H]3CCOC3)C2=O)c2ccccc21
1QBT,4DJR,P04585,GAG-POL,0KJ PO4,CC[C@H](C)CN(C[C@@H](O)[C@H](Cc1ccccc1)NC(=O)OC[C@@H]1CCC(=O)N1)S(=O)(=O)c1ccc2ncsc2c1 O=P([O-])([O-])[O-]
1EBY,5COO,P03366,GAG-POL,52Z,COc1ccc(C[C@H](NC(=O)O[C@H]2CCO[C@H]3OC[C@H](O)[C@H]32)[C@H](O)CN(CC(C)C)S(=O)(=O)c2ccc(OC)cc2)cc1
2I4U,2QHZ,P03366,GAG-POL,PO4 MZ2,O=P([O-])([O-])[O-] C/C(=C\C(=O)N[C@@H](Cc1ccccc1)[C@H](O)CN(Cc1cccs1)S(=O)(=O)c1cc(F)c(F)cc1F)C(F)(F)F
5KAO,1MRW,P04585,GAG-POL,K57,Cc1c(O)cccc1C(=O)N[C@@H](Cc1ccccc1)[C@H](O)C(=O)N1CSC(C)(C)[C@H]1C(=O)NC(C)(C)C
3IA9,3SA5,O38732,POL,ACT PO4 A69,CC(=O)[O-] O=P([O-])([O-])[O-] O=C(N[C@@H](Cc1ccccc1)[C@H](O)CN(CCCc1ccccc1)S(=O)(=O)c1ccc2ncsc2c1)c1cccc(O)c1
3IA9,2QI1,O38732,POL,PO4 MZ4,O=P([O-])([O-])[O-] COc1cccc(S(=O)(=O)N(Cc2cccs2)C[C@@H](O)[C@H](Cc2ccccc2)NC(=O)c2ccc(O)c(O)c2)c1
1AAQ,2QNQ,P03367,GAG-POL,CL QN3,[Cl-] O=S(=O)(c1ccccc1Cl)N(Cc1ccccc1)[C@H]1CNC[C@@H]1N(Cc1ccccc1)S(=O)(=O)c1ccccc1Cl
1NH0,2UPJ,P03367,GAG-POL,U02,CC[C@H](Cc1ccccc1)c1cc(O)c([C@H](c2cccc(NC(=O)CCNC(=O)OC(C)(C)C)c2)C2C=C2)c(=O)o1
1FF0,1QBU,P04587,GAG-POL,846,O=C(Nc1nccs1)c1cccc(CN2C(=O)N(CC3CC3)[C@H](Cc3ccccc3)[C@H](O)[C@@H](O)[C@H]2Cc2ccccc2)c1
5KQX,4GB2,C8BD48,POL,0LQ GOL CL,O=C1C(=O)N(C(c2ccccc2)c2ccccc2)[C@H]2CNC[C@@H]2N1C(c1ccccc1)c1ccccc1 OCC(O)CO [Cl-]
2NNK,3I7E,P04587,GAG-POL,DJR,COc1ccc(S(=O)(=O)N(CC(C)C)C[C@@H](O)[C@H](Cc2ccccc2)NC(=O)O[C@H]2CO[C@H]3OCC[C@H]32)cc1
3TL9,5COO,P03366,GAG-POL,52Z,COc1ccc(C[C@H](NC(=O)O[C@H]2CCO[C@H]3OC[C@H](O)[C@H]32)[C@H](O)CN(CC(C)C)S(=O)(=O)c2ccc(OC)cc2)cc1
1FB7,1ZP8,P04585,GAG-POL,AB2,COc1ccc(S(=O)(=O)N(CC(C)C)C[C@@H](O)[C@H](Cc2ccccc2)n2cc(COC(=O)N[C@@H]3c4ccccc4C[C@H]3O)nn2)cc1
4CPX,1WBK,P03366,GAG-POL,568,O=C(N[C@@H]1CO[C@H](CO)C1)[C@H](OCc1ccccc1)[C@H](O)[C@@H](O)[C@@H](OCc1ccccc1)C(=O)N[C@H]1c2ccccc2C[C@H]1O
1ODW,1NPV,P04585,GAG-POL,L27,O=C(N[C@@H](Cc1ccccc1)[C@@H](O)C[C@]1(Cc2ccccc2)NC=C([C@@H]2CNC(=O)c3ccccc32)C1=O)O[C@H]1CCOC1
1YT9,3O9F,P03366,GAG-POL,K2D ACT PO4,CCC(CC)CN(C[C@@H](O)[C@H](Cc1ccccc1)NC(=O)O[C@H]1CO[C@H]2OCC[C@H]21)S(=O)(=O)c1ccc(OC)cc1 CC(=O)[O-] O=P([O-])([O-])[O-]
3BVB,4A6C,P03367,GAG-POL,QG9,COC(=O)N[C@H](C(=O)NN(CCC[C@@]1(Cc2ccccc2)C(=O)N([C@H]2c3ccccc3C[C@H]2O)C[C@H]1O)Cc1ccc(-c2ccncc2)cc1)C(C)(C)C
3NU3,2A1E,P03366,GAG-POL,DMS NA CL ACT IPF GOL,CS(C)=O [Na+] [Cl-] CC(=O)[O-] CC(=O)N[C@@H](Cc1c[nH]c2ccccc12)C(=O)N[C@H](C(=O)N[C@@H](Cc1ccccc1)[C@H](O)[C@@H](O)[C@@H]1CCCN1C(=O)[C@@H](NC(=O)[C@H](Cc1c[nH]c2ccccc12)NC(C)=O)C(C)C)C(C)C OCC(O)CO
5KR1,2QI6,V5YAB1,POL,PO4 MZ8,O=P([O-])([O-])[O-] CC(C)CN(C[C@@H](O)[C@H](Cc1ccccc1)NC(=O)c1cccc(O)c1)S(=O)(=O)c1ccc2ncsc2c1
3SA7,2UXZ,O38732,POL,HI1,COC(=O)N[C@H](C(=O)NN(CCC[C@@](O)(Cc1ccccc1)C(=O)N[C@H]1c2ccccc2C[C@H]1O)Cc1ccc(Br)cc1)C(C)(C)C
2BB9,2QI0,P03367,GAG-POL,PO4 MZ3,O=P([O-])([O-])[O-] COc1cccc(S(=O)(=O)N(Cc2cccs2)C[C@@H](O)[C@H](Cc2ccccc2)NC(=O)c2cccc(F)c2C)c1
3DCR,4MC6,O38732,POL,23K EDO CL,CC(C)[C@H]1Cc2cc(F)ccc2S(=O)(=O)N(C[C@@H](O)[C@H](Cc2ccccc2)NC(=O)NC(C)(C)C)C1 OCCO [Cl-]
2NMZ,1FQX,P04587,GAG-POL,0ZT,CC(C)(C)OC(=O)N[C@@H](Cc1ccccc1)[C@@H](O)CN[C@@H](Cc1ccccc1)C(=O)N[C@@H](CCC(=O)O)C(=O)N[C@@H](Cc1ccccc1)C(N)=O
1MEU,1ODW,P03366,GAG-POL,0E8,CC(C)(C)OC(=O)N[C@@H](Cc1ccccc1)[C@H](O)CNC[C@@H](O)[C@H](Cc1ccccc1)NC(=O)OC(C)(C)C
2F8G,2BBB,P04587,GAG-POL,HH1,NC(=O)C[C@H]1C[C@@H](C2=CN[C@@](Cc3ccccc3)(C[C@H](O)[C@H](Cc3ccccc3)NC(=O)O[C@H]3CCOC3)C2=O)c2ccccc21
1W5V,3O9H,P03366,GAG-POL,PO4 ACT K2E,O=P([O-])([O-])[O-] CC(=O)[O-] CCC(CC)CN(C[C@@H](O)[C@H](Cc1ccccc1)NC(=O)O[C@H]1CO[C@H]2OCC[C@H]21)S(=O)(=O)c1ccc2c(c1)OCO2
1N49,5JFP,P03369,GAG-POL,6KK CL NA,COc1ccc(S(=O)(=O)N(CC(C)C)C[C@@H](O)[C@H](CC23CC4CC(CC(C4)C2)C3)NC(=O)O[C@H]2CO[C@H]3OCC[C@H]32)cc1 [Cl-] [Na+]
2QNP,4U8W,P03367,GAG-POL,G10 NA CL ACT,CC(C)CN(C[C@@H](O)[C@H](Cc1ccccc1)NC(=O)O[C@H]1CO[C@H]2OCC(F)(F)[C@H]21)S(=O)(=O)c1ccc(N)cc1 [Na+] [Cl-] CC(=O)[O-]
4U7Q,2PK5,P04585,GAG-POL,GOL 075,OCC(O)CO CC1(C)SCN(C(=O)[C@@H](O)[C@H](Cc2ccccc2)NC(=O)[C@H](CS(C)(=O)=O)NC(=O)COc2cccc3cnccc23)[C@@H]1C(=O)N[C@H]1c2ccccc2C[C@H]1O
2A1E,3R4B,P03367,GAG-POL,PO4 74T,O=P([O-])([O-])[O-] CC(C)CN(C[C@@H](O)[C@H](Cc1ccccc1)NC(=O)O[C@H]1CO[C@H]2OCC[C@H]21)S(=O)(=O)c1ccc2nc(NC3CCN(C4CCCC4)CC3)sc2c1
1T3R,1A8G,P03369,GAG-POL,2Z4,COc1ccc(CN[C@@H](C(=O)N[C@H](C(=O)NCc2ccc(OC)cc2O)C(C)C)[C@H](O)[C@H](Cc2ccccc2)NC(=O)[C@@H](NC(=O)OCc2ccccc2)C(C)(C)C)cc1
4CPT,2A1E,P03366,GAG-POL,DMS NA CL ACT IPF GOL,CS(C)=O [Na+] [Cl-] CC(=O)[O-] CC(=O)N[C@@H](Cc1c[nH]c2ccccc12)C(=O)N[C@H](C(=O)N[C@@H](Cc1ccccc1)[C@H](O)[C@@H](O)[C@@H]1CCCN1C(=O)[C@@H](NC(=O)[C@H](Cc1c[nH]c2ccccc12)NC(C)=O)C(C)C)C(C)C OCC(O)CO
3R0W,1W5X,Q000H7,POL,BE5,O=C(N[C@H]1c2ccccc2C[C@H]1O)[C@H](OCc1cccc(F)c1F)[C@H](O)[C@@H](O)[C@@H](OCc1cccc(F)c1F)C(=O)N[C@H]1c2ccccc2C[C@H]1O
5DGW,3NU3,P04585,GAG-POL,NA CL 478 GOL,[Na+] [Cl-] CC(C)CN(C[C@@H](O)[C@H](Cc1ccccc1)NC(=O)O[C@H]1CCOC1)S(=O)(=O)c1ccc(N)cc1 OCC(O)CO
1RV7,1B6K,Q9QM22,POL,SO4 PI5,O=S(=O)([O-])[O-] CC[C@H](C)[C@@H]1NC(=O)[C@@H](NC[C@@H](O)[C@H](Cc2ccc(O)cc2)NC(=O)[C@H](C(C)C)N2CCCC2=O)Cc2ccc(cc2)OCCCNC1=O
3EKW,1IZI,P03369,GAG-POL,CL Q50,[Cl-] CC(C)(C)OC(=O)N[C@@H](Cc1ccccc1)C(=O)C[C@@H](Cc1ccccc1)C(=O)N[C@@H](CCC(N)=O)C(=O)N[C@@H](Cc1ccccc1)C(N)=O
3EKW,2QI6,P03369,GAG-POL,PO4 MZ8,O=P([O-])([O-])[O-] CC(C)CN(C[C@@H](O)[C@H](Cc1ccccc1)NC(=O)c1cccc(O)c1)S(=O)(=O)c1ccc2ncsc2c1
4A6B,2ZGA,P35963,GAG-POL,YDP,CC(C)=CCN([C@H]1CNC[C@@H]1N(CC=C(C)C)S(=O)(=O)c1ccc(C(N)=O)cc1)S(=O)(=O)c1ccc(C(N)=O)cc1
1PRO,1HWR,P12499,GAG-POL,216,C=CCN1C(=O)N(CC=C)[C@H](Cc2ccccc2)[C@H](O)[C@@H](O)[C@H]1Cc1ccccc1
4DJR,1XL2,Q90K99,POL,CL 189 GOL,[Cl-] Cc1cccc(C)c1OCC(=O)N(Cc1ccccc1)C[C@H]1CNC[C@@H]1CN(CC(C)C)S(=O)(=O)c1ccccc1 OCC(O)CO
4A6C,3SAA,P35963,GAG-POL,PO4 77F,O=P([O-])([O-])[O-] COc1ccc(S(=O)(=O)N(CC2CCCCC2)C[C@@H](O)[C@H](Cc2ccccc2)NC(=O)c2cccc(O)c2)cc1
2Z54,3O9I,P04587,GAG-POL,PO4 A61,O=P([O-])([O-])[O-] CCC(CC)CN(C[C@@H](O)[C@H](Cc1ccccc1)NC(=O)O[C@H]1CO[C@H]2OCC[C@H]21)S(=O)(=O)c1ccc2ncsc2c1
2XYE,2Q3K,P12499,GAG-POL,MUW ACT PO4,COC(=O)N[C@H](C(=O)NCCCC[C@@H](CO)N(CC(C)C)S(=O)(=O)c1ccc(CN)cc1)C(c1ccccc1)c1ccccc1 CC(=O)[O-] O=P([O-])([O-])[O-]
2XYE,3MXE,P12499,GAG-POL,K54 PO4 ACT,CC(C)CN(C[C@@H](O)[C@H](Cc1ccccc1)NC(=O)[C@@H]1CN(c2ccccc2C(F)(F)F)C(=O)O1)S(=O)(=O)c1ccc2ncsc2c1 O=P([O-])([O-])[O-] CC(=O)[O-]
1NPA,2QHY,P03366,GAG-POL,PO4 ACT MZ1,O=P([O-])([O-])[O-] CC(=O)[O-] CC(=O)N[C@@H](C)C(=O)N[C@@H](Cc1ccccc1)[C@H](O)CN(Cc1cccs1)S(=O)(=O)c1cc(F)c(F)cc1F
3SA6,3O99,O38732,POL,PO4 K13 ACT,O=P([O-])([O-])[O-] CC[C@H](C)CN(C[C@@H](O)[C@H](Cc1ccccc1)NC(=O)O[C@H]1CO[C@H]2OCC[C@H]21)S(=O)(=O)c1ccc(N)cc1 CC(=O)[O-]
3QRS,2HB3,P03367,GAG-POL,GOL GRL NA CL,OCC(O)CO CC(C)CN(C[C@@H](O)[C@H](Cc1ccccc1)NC(=O)O[C@@H]1C[C@@H]2CCO[C@@H]2C1)S(=O)(=O)c1ccc(CO)cc1 [Na+] [Cl-]
3QRS,5DGU,P03367,GAG-POL,ACT CL NA 5B7,CC(=O)[O-] [Cl-] [Na+] COc1ccc(S(=O)(=O)N(CC(C)C)C[C@@H](O)[C@H](Cc2ccccc2)NC(=O)O[C@H]2CCO[C@H]3OC[C@H](OC)[C@H]32)cc1
1HPO,5AHA,P03367,GAG-POL,ZLP CL,CN=c1[nH]c2ccc(S(=O)(=O)N(CC(C)C)C[C@@H](O)[C@H](Cc3ccccc3)NC(=O)O[C@H]3CO[C@H]4OC[C@H](OCCOC)[C@H]43)cc2o1 [Cl-]
3A2O,1W5V,P03367,GAG-POL,BE3,O=C(N[C@H]1c2ccccc2C[C@H]1O)[C@H](OCc1cccc(F)c1)[C@H](O)[C@@H](O)[C@@H](OCc1cccc(F)c1)C(=O)N[C@H]1c2ccccc2C[C@H]1O
4HDF,3R4B,P03367,GAG-POL,PO4 74T,O=P([O-])([O-])[O-] CC(C)CN(C[C@@H](O)[C@H](Cc1ccccc1)NC(=O)O[C@H]1CO[C@H]2OCC[C@H]21)S(=O)(=O)c1ccc2nc(NC3CCN(C4CCCC4)CC3)sc2c1
4DQF,1N49,P12499,GAG-POL,RIT,CC(C)c1nc(CN(C)C(=O)N[C@H](C(=O)N[C@@H](Cc2ccccc2)C[C@H](O)[C@H](Cc2ccccc2)NC(=O)OCc2cncs2)C(C)C)cs1
4DQF,2CEJ,P12499,GAG-POL,1AH,COC(=O)N[C@H](C(=O)NN(Cc1ccc(Br)cc1)C[C@@](O)(Cc1ccccc1)C(=O)N[C@H]1c2ccccc2C[C@H]1O)C(C)(C)C
4HE9,2NMZ,P03367,GAG-POL,SO4 ROC,O=S(=O)([O-])[O-] CC(C)(C)NC(=O)[C@@H]1C[C@@H]2CCCC[C@@H]2CN1C[C@@H](O)[C@H](Cc1ccccc1)NC(=O)[C@H](CC(N)=O)NC(=O)c1ccc2ccccc2n1
4CPR,3GI6,P03366,GAG-POL,PO4 D78,O=P([O-])([O-])[O-] COc1ccc(S(=O)(=O)N(CC(C)C)C[C@@H](O)[C@H](Cc2ccccc2)NC(=O)[C@@H]2CN(c3cccc(C(F)(F)F)c3)C(=O)O2)cc1
2BPY,1DW6,P04587,GAG-POL,0Q4,CCCC[C@H](NC(=O)[C@H](C)NC(=O)[C@H](CCC(=O)O)NC(=O)[C@H](Cc1ccccc1)NC[C@H](CC(C)C)NC(=O)[C@@H](NC(=O)[C@@H](N)CCCNC(N)=[NH2+])C(C)C)C(N)=O
2R3T,4CPW,P04587,GAG-POL,CL V78,[Cl-] COC(=O)N[C@H](C(=O)NN(CCC[C@@]1(O)Cc2ccc(cc2)C/C=C\CNC(=O)[C@H](C(C)C)NC1=O)Cc1ccc([C@H]2C=S=CC2)cc1)C(C)(C)C
1DAZ,1B6L,P03367,GAG-POL,SO4 PI4,O=S(=O)([O-])[O-] CC(C)(C)NC(=O)[C@@H]1CCCCN1C[C@@H](O)[C@@H]1Cc2ccc(cc2)OCCCC(=O)N[C@@H](CC(N)=O)C(=O)N1
1IZI,3TOF,P03367,GAG-POL,076 ACT DMS,CC(C)[C@H](NC(=O)COc1ccccc1)C(=O)N[C@@H](Cc1ccccc1)[C@@H](O)[C@H]1O[C@@H]1Cc1ccccc1 CC(=O)[O-] CS(C)=O
3O9A,5CON,Q90K99,POL,52W,COc1ccc(S(=O)(=O)N(CC(C)C)C[C@@H](O)[C@H](Cc2ccccc2)NC(=O)O[C@H]2CCO[C@H]3OC[C@H](O)[C@H]32)cc1
5COO,2BPW,G0X8E8,POL,1IN,C[C@H]1CC[C@@H](O)[C@H]1NC(=O)[C@H](Cc1ccccc1)C[C@H](O)CN1CCN(C(=O)CCc2cccnc2)C[C@H]1C(=O)NC(C)(C)C
2WL0,3QN8,P12499,GAG-POL,NI7 CL,O=C1C(=O)N(Cc2cccc(O)c2)[C@H]2CNC[C@@H]2N1Cc1cccc(O)c1 [Cl-]
2WL0,5AHB,P12499,GAG-POL,CL J5L,[Cl-] CN=c1[nH]c2ccc(S(=O)(=O)N(CC(C)C)C[C@@H](O)[C@H](Cc3ccccc3)NC(=O)O[C@H]3CO[C@H]4OC[C@H](OCC(=O)NC)[C@H]43)cc2o1
2FXD,3KDC,Q90HG9,POL,JZP GOL CL,CC1(C)SCN(C(=O)[C@@H](O)[C@H](Cc2ccccc2)NC(=O)COc2c(Cl)cccc2Cl)[C@@H]1C(=O)N[C@H]1c2ccccc2C[C@H]1O OCC(O)CO [Cl-]
4DJP,3O9C,Q90K99,POL,K20,CC[C@H](C)CN(C[C@@H](O)[C@H](Cc1ccccc1)NC(=O)O[C@H]1CO[C@H]2OCC[C@H]21)S(=O)(=O)c1ccc2c(c1)OCO2
1Z8C,7UPJ,Q9JAU9,,INU,O=c1oc2c(c(O)c1[C@H](c1cccc(NS(=O)(=O)c3ccccc3)c1)C1CC1)CCCCCC2
3GI6,3SA7,P03369,GAG-POL,PO4 55A,O=P([O-])([O-])[O-] CC[C@H](C)CN(C[C@@H](O)[C@H](Cc1ccccc1)NC(=O)[C@H](CC(C)C)NC(C)=O)S(=O)(=O)c1ccc2ncsc2c1
1Z1R,4DFG,P03369,GAG-POL,NA CL 0JV,[Na+] [Cl-] COC(=O)N[C@@H]1CO[C@@H]2C[C@H](OC(=O)N[C@@H](Cc3ccccc3)[C@H](O)CN(CC(C)C)S(=O)(=O)c3ccc(OC)cc3)C[C@H]12
1BV7,1QBT,P04585,GAG-POL,146,O=C(Nc1nc2ccccc2[nH]1)c1cccc(CN2C(=O)N(Cc3cccc(C(=O)Nc4nc5ccccc5[nH]4)c3)[C@H](Cc3ccccc3)[C@H](O)[C@@H](O)[C@H]2Cc2ccccc2)c1
1K1U,2QI6,P04587,GAG-POL,PO4 MZ8,O=P([O-])([O-])[O-] CC(C)CN(C[C@@H](O)[C@H](Cc1ccccc1)NC(=O)c1cccc(O)c1)S(=O)(=O)c1ccc2ncsc2c1
5WLO,3EM4,Q72498,POL,DR7 PO4,COC(=O)N[C@H](C(=O)N[C@@H](Cc1ccccc1)[C@@H](O)CN(Cc1ccc(-c2ccccn2)cc1)NC(=O)[C@@H](NC(=O)OC)C(C)(C)C)C(C)(C)C O=P([O-])([O-])[O-]
1A9M,2QHZ,P03366,GAG-POL,PO4 MZ2,O=P([O-])([O-])[O-] C/C(=C\C(=O)N[C@@H](Cc1ccccc1)[C@H](O)CN(Cc1cccs1)S(=O)(=O)c1cc(F)c(F)cc1F)C(F)(F)F
1HVH,4U7Q,P04585,GAG-POL,3EM,CCN(CC)c1ccc2c(COC(=O)N[C@H](C(=O)N[C@@H](Cc3ccccc3)C[C@H](O)[C@H](Cc3ccccc3)NC(=O)OCc3cncs3)C(C)C)cc(=O)oc2c1
1HVH,2PSV,P04585,GAG-POL,MUV ACT PO4,CNC(=O)CCC(=O)N[C@@H](Cc1ccccc1)[C@H](O)CN(CC1CC1)S(=O)(=O)c1ccco1 CC(=O)[O-] O=P([O-])([O-])[O-]
1HVH,1B6P,P04585,GAG-POL,SO4 PI7,O=S(=O)([O-])[O-] CCC(=O)N[C@H](C(=O)N[C@@H](Cc1ccc(O)cc1)[C@H](O)CN[C@H]1Cc2ccc(cc2)OCCCNC(=O)[C@H]([C@@H](C)CC)NC1=O)C(C)C
4NJS,3O9D,Q9J006,POL,PO4 K19 ACT,O=P([O-])([O-])[O-] CC[C@H](C)CN(C[C@@H](O)[C@H](Cc1ccccc1)NC(=O)O[C@H]1CO[C@H]2OCC[C@H]21)S(=O)(=O)c1ccc2ncsc2c1 CC(=O)[O-]
1C6Z,4I8W,O09893,POL,G07,CC(C)CN(C[C@@H](O)[C@H](Cc1ccccc1)NC(=O)O[C@H]1CO[C@H]2OCC[C@H]21)S(=O)(=O)c1ccc(C(=O)O)cc1
1C6Z,1YT9,O09893,POL,OIS,Cc1nc(CN2CCN([C@H](C(=O)N[C@@H](Cc3ccccc3)[C@H](O)CN(CC(C)C)S(=O)(=O)c3ccc(/C=N/O)cc3)C(C)C)C2=O)cs1
2PSU,1D4S,O38723,POL,TPV,CCC[C@@]1(CCc2ccccc2)CC(O)=C([C@H](CC)c2cccc(NS(=O)(=O)c3ccc(C(F)(F)F)cn3)c2)C(=O)O1
3LZS,3S85,P24740,GAG-POL,LK0,COC(=O)N[C@H](C(=O)N[C@@H](Cc1ccccc1)C[C@H](O)[C@H](Cc1ccc(-c2cccnc2)cc1)NC(=O)[C@@H](NC(=O)OC)C(C)(C)C)C(C)(C)C
2FDD,2BPY,Q7SPG9,POL,3IN,C[C@H]1CC[C@@H](O)[C@H]1NC(=O)[C@H](Cc1ccccc1)C[C@H](O)CN1CCN(C(=O)c2cnc(N3CCN(C)CC3)c(Cl)n2)C[C@H]1C(=O)NC(C)(C)C
5DGU,2QI4,P04585,GAG-POL,PO4 MZ6 ACT,O=P([O-])([O-])[O-] CC[C@H](C)CN(C[C@@H](O)[C@H](Cc1ccccc1)NC(=O)c1cccc(O)c1)S(=O)(=O)c1ccc2ncsc2c1 CC(=O)[O-]
2QD6,4DJQ,P03367,GAG-POL,M86 PO4,CC[C@H](C)CN(C[C@@H](O)[C@H](Cc1ccccc1)NC(=O)OCCN1CCNC1=O)S(=O)(=O)c1ccc(OC)cc1 O=P([O-])([O-])[O-]
1QBR,1W5X,P04585,GAG-POL,BE5,O=C(N[C@H]1c2ccccc2C[C@H]1O)[C@H](OCc1cccc(F)c1F)[C@H](O)[C@@H](O)[C@@H](OCc1cccc(F)c1F)C(=O)N[C@H]1c2ccccc2C[C@H]1O
2A4F,1AJV,Q9Q2G8,ORF,NMB,O=S1(=O)N(Cc2ccccc2)[C@H](COc2ccccc2)[C@H](O)[C@@H](O)[C@@H](COc2ccccc2)N1Cc1ccccc1
4U7V,3SAB,P04585,GAG-POL,PO4 F78,O=P([O-])([O-])[O-] COc1ccc(S(=O)(=O)N(CCCc2ccccc2)C[C@@H](O)[C@H](Cc2ccccc2)NC(=O)c2cccc(O)c2)cc1
3TLH,1HOS,P03366,GAG-POL,PHP,CC(C)[C@H](NC(=O)OCc1ccccc1)C(=O)N[C@@H](Cc1ccccc1)P(=O)(O)[C@H](Cc1ccccc1)NC(=O)[C@@H](NC(=O)OCc1ccccc1)C(C)C
3BXR,1HPO,P03369,GAG-POL,UNI,N#Cc1ccc(S(=O)(=O)Nc2cccc([C@@H](c3c(O)c4c(oc3=O)CCCCCC4)C3CC3)c2)cc1
3OXV,1TCX,P03369,GAG-POL,IM1,CC(C)[C@H](NC(=O)[C@H](Cc1ccccc1)C[C@H](O)[C@H](Cc1ccccc1)NC(=O)OC(C)(C)C)c1ncc[nH]1
3KDD,3DCR,P03367,GAG-POL,KVS,CCCC[C@H](CC(O)(O)[C@H](CCCC)NC(=O)[C@@H](NC(=O)[C@@H](NC(C)=O)[C@@H](C)O)[C@@H](C)CC)C(=O)N[C@@H](CCC(N)=O)C(=O)N[C@@H](CCCNC(=N)N)C(N)=O
3NU4,1EC0,P03366,GAG-POL,BED,O=C(N[C@H]1c2ccccc2C[C@H]1O)[C@H](OCc1ccccc1F)[C@H](O)[C@@H](O)[C@@H](OCc1ccccc1F)C(=O)N[C@H]1c2ccccc2C[C@H]1O
5KQY,2Q3K,C8BD48,POL,MUW ACT PO4,COC(=O)N[C@H](C(=O)NCCCC[C@@H](CO)N(CC(C)C)S(=O)(=O)c1ccc(CN)cc1)C(c1ccccc1)c1ccccc1 CC(=O)[O-] O=P([O-])([O-])[O-]
5CON,4DJP,G0X8E8,POL,M73 PO4,CC[C@H](C)CN(C[C@@H](O)[C@H](Cc1ccccc1)NC(=O)OC[C@H](C)C(=O)OC)S(=O)(=O)c1ccc(OC)cc1 O=P([O-])([O-])[O-]
1A8K,4CPS,P03367,GAG-POL,CL 1T8,[Cl-] COC(=O)N[C@H](C(=O)NN(CCC[C@@]1(O)Cc2ccc(cc2)C/C=C\CNC(=O)[C@H](C(C)C)NC1=O)Cc1ccc(-c2cccnc2)cc1)C(C)(C)C
1A8K,2UPJ,P03367,GAG-POL,U02,CC[C@H](Cc1ccccc1)c1cc(O)c([C@H](c2cccc(NC(=O)CCNC(=O)OC(C)(C)C)c2)C2C=C2)c(=O)o1
4I8W,2QNP,P0C6F2,GAG-POL,CL QN2,[Cl-] O=S(=O)(c1ccccc1)N(Cc1ccc(I)cc1)[C@H]1CNC[C@@H]1N(Cc1ccc(I)cc1)S(=O)(=O)c1ccccc1
1B6K,5BS4,P03369,GAG-POL,4UX NA CL ACT,CN[C@H]1CO[C@@H]2OC[C@H](OC(=O)N[C@@H](Cc3ccccc3)[C@H](O)CN(CC(C)C)S(=O)(=O)c3ccc(N)cc3)[C@@H]21 [Na+] [Cl-] CC(=O)[O-]
3QN8,1QBT,P03367,GAG-POL,146,O=C(Nc1nc2ccccc2[nH]1)c1cccc(CN2C(=O)N(Cc3cccc(C(=O)Nc4nc5ccccc5[nH]4)c3)[C@H](Cc3ccccc3)[C@H](O)[C@@H](O)[C@H]2Cc2ccccc2)c1
3IS9,1JLC,P03366,GAG-POL,FTC,CCOc1ccnc(CCNC(=S)Nc2ccc(Cl)cn2)c1F
3IS9,1TL3,P03366,GAG-POL,PO4 H20,O=P([O-])([O-])[O-] CC(C)c1c(OC2CCCCC2)c2cc(Cl)ccc2[nH]c1=O
2OPR,1RT5,P04585,GAG-POL,PO4 UC2,O=P([O-])([O-])[O-] Cc1occc1C(=S)Nc1ccc(Cl)c(/C=N/OC(C)(C)C)c1
4WE1,4O4G,P03366,GAG-POL,2RT,Cc1cc(C)c(Nc2ncnc(Nc3ccc(C#N)cc3)n2)c(C)c1
4RW9,4LSL,P03366,GAG-POL,1YQ,N#C/C=C/c1cccc(Oc2ccc(Cl)cc2OCCn2ccc(=O)[nH]c2=O)c1
4RW9,3I0R,P03366,GAG-POL,RT3,Cc1ccc2c(c1)CCCN2C(=O)SCC(=O)Nc1ccc(S(N)(=O)=O)cc1Cl
3BGR,1RT6,P03366,GAG-POL,PO4 UC3,O=P([O-])([O-])[O-] CC(C)OC(=O)c1cc(NC(=S)OC(C)C)ccc1Cl
3DI6,5TEP,P04585,GAG-POL,,
1JKH,2RF2,P04585,GAG-POL,MRX,NC(=O)c1[nH]c2ccc(Br)cc2c1S(=O)(=O)N1CCCC1
2RKI,1KLM,P04585,GAG-POL,SPP,CC(C)Nc1cccnc1N1CCN(C(=O)c2cc3cc(NS(C)(=O)=O)ccc3[nH]2)CC1
1TKZ,3NBP,P04585,GAG-POL,MN JGZ,[Mn+2] Cc1cc(C#N)cc(C)c1Oc1ccnc(NC2CCN(c3ccc(S(N)(=O)=O)cc3)CC2)n1
1TKZ,1S6Q,P04585,GAG-POL,TPB,Cc1cc(C)c(Nc2ccnc(Nc3ccc(C#N)cc3)n2)c(C)c1
2I5J,2B5J,P03366,GAG-POL,3AC MN,CCc1c(C)[nH]c(=O)c(I)c1Oc1cccc(/C=C/C#N)c1 [Mn+2]
1TKT,1TKZ,P04585,GAG-POL,PO4 H16,O=P([O-])([O-])[O-] CCCc1c(SC2CCCCC2)c2cc(Cl)ccc2[nH]c1=O
1TKT,4KO0,P04585,GAG-POL,SO4 EDO JLJ,O=S(=O)([O-])[O-] OCCO COc1ccnc(Nc2ccc(C#N)c(OCC=C(C)C)c2)n1
1TKT,1REV,P04585,GAG-POL,MG TB9,[Mg+2] CC(C)=CCN1Cc2cc(Cl)cc3[nH]c(=S)n(c23)C[C@@H]1C
1UWB,5K14,P03366,GAG-POL,IB1,COc1cc(F)c(C(=O)c2ccnc(Nc3ccc(C#N)cc3)n2)c(F)c1
1RT2,2BE2,P04585,GAG-POL,GOL MN R22,OCC(O)CO [Mn+2] Cc1cc(C)cc(Oc2c(CSCc3ccco3)c(C)[nH]c(=O)c2I)c1
2WON,1C0T,P04585,GAG-POL,BM1,Cc1cccc([C@]23SCCN2C(=O)c2ccccc23)c1
4IFY,5VQX,P03366,GAG-POL,SO4 9HY,O=S(=O)([O-])[O-] CC(=O)N(C)c1cc(Oc2ccccc2OCCn2ccc(=O)[nH]c2=O)c(C)c2cc(C#N)ccc12
5VQT,3T19,P03366,GAG-POL,5MA,NCc1cc(Cl)cc(Oc2c(Cl)ccc3c2nnn3Cc2[nH]nc3ncccc23)c1Cl
2RF2,2WON,P04585,GAG-POL,ZZE,CCc1nn(CCO)c(CC)c1Oc1cc(C#N)cc(C#N)c1
1FKP,4I2Q,P04585,GAG-POL,1BT EDO,Cc1cc(/C=C/C#N)cc(C)c1Nc1nc(Nc2ccc3scnc3c2)c2nc[nH]c2n1 OCCO
1FKP,3T19,P04585,GAG-POL,5MA,NCc1cc(Cl)cc(Oc2c(Cl)ccc3c2nnn3Cc2[nH]nc3ncccc23)c1Cl
5TEP,1RT5,,,PO4 UC2,O=P([O-])([O-])[O-] Cc1occc1C(=S)Nc1ccc(Cl)c(/C=N/OC(C)(C)C)c1
1HNV,1JLQ,P03366,GAG-POL,SBN,Cc1cc(C)cc(S(=O)(=O)c2cccc(N)c2C#N)c1
1HNV,5VQX,P03366,GAG-POL,SO4 9HY,O=S(=O)([O-])[O-] CC(=O)N(C)c1cc(Oc2ccccc2OCCn2ccc(=O)[nH]c2=O)c(C)c2cc(C#N)ccc12
1HNV,5VQY,P03366,GAG-POL,SO4 9J1,O=S(=O)([O-])[O-] CCC(=O)N(C)c1cc(Oc2ccccc2OCCn2ccc(=O)[nH]c2=O)c(C)c2cc(C#N)ccc12
1HNV,4KO0,P03366,GAG-POL,SO4 EDO JLJ,O=S(=O)([O-])[O-] OCCO COc1ccnc(Nc2ccc(C#N)c(OCC=C(C)C)c2)n1
4RW7,5VQW,P03366,GAG-POL,9KD SO4,C=CC(=O)Nc1cc(Oc2ccccc2OCCn2ccc(=O)[nH]c2=O)c(C)c2cc(C#N)ccc12 O=S(=O)([O-])[O-]
4IDK,4KO0,P03366,GAG-POL,SO4 EDO JLJ,O=S(=O)([O-])[O-] OCCO COc1ccnc(Nc2ccc(C#N)c(OCC=C(C)C)c2)n1
4IDK,4H4O,P03366,GAG-POL,506,N#C/C=C/c1cc(F)cc(Oc2ccc(F)cc2OCCn2ccc(=O)[nH]c2=O)c1
5VQQ,1RT4,P03366,GAG-POL,PO4 UC1,O=P([O-])([O-])[O-] CC(C)=CCOc1cc(NC(=S)c2ccoc2C)ccc1Cl
1RT6,3LAN,P04585,GAG-POL,KBT SO4,CCCCn1c(C(=O)c2cc(C)cc(C#N)c2)c(C(C)C)c(=O)[nH]c1=O O=S(=O)([O-])[O-]
1RT6,3C6U,P04585,GAG-POL,M22,N#Cc1cc(Cl)cc(Oc2cc(OCc3n[nH]c4ccccc34)ccc2Cl)c1
1S9G,4LSN,P03366,GAG-POL,1YR,N#C/C=C/c1cc(Br)cc(Oc2ccc(Cl)cc2OCCn2ccc(=O)[nH]c2=O)c1
5VQX,3IRX,P03366,GAG-POL,UDR,COc1c(C)cc(/C(=C\CCCc2nnc(C)o2)c2cc(C)c3oc(=O)n(C)c3c2)cc1C(=O)SC
4LSN,1RT6,P03366,GAG-POL,PO4 UC3,O=P([O-])([O-])[O-] CC(C)OC(=O)c1cc(NC(=S)OC(C)C)ccc1Cl
1LWC,5VQT,P04585,GAG-POL,9K7 SO4,Cc1c(Oc2ccccc2OCCn2ccc(=O)[nH]c2=O)cc(N(C)C(=O)CCl)c2ccc(C#N)cc12 O=S(=O)([O-])[O-]
1BQM,3IS9,P03366,GAG-POL,AC7,COC(=O)CCCC=C(c1cc(C#N)c(OC)c(C(=O)OC)c1)c1cc(C#N)c(OC)c(C(=O)OC)c1
1RTI,1TKX,P04585,GAG-POL,GWB,CC(C)c1c(OC#CC2CC2)c2cc(F)ccc2[nH]c1=O
3DOL,5VQX,P04585,GAG-POL,SO4 9HY,O=S(=O)([O-])[O-] CC(=O)N(C)c1cc(Oc2ccccc2OCCn2ccc(=O)[nH]c2=O)c(C)c2cc(C#N)ccc12
2YNI,2YNG,P04585,GAG-POL,WHU SRT MG,N#Cc1cc(Cl)cc(Oc2c(Br)ccc(CNC(=O)c3[nH]c(N)nc3Cl)c2F)c1 O=C(O)[C@@H](O)[C@@H](O)C(=O)O [Mg+2]
5VQZ,5VQR,P03366,GAG-POL,9KG SO4,C=CC(=O)N(C)c1cc(Oc2ccccc2OCCn2ccc(=O)[nH]c2=O)c(C)c2cc(C#N)ccc12 O=S(=O)([O-])[O-]
5VQZ,5VQW,P03366,GAG-POL,9KD SO4,C=CC(=O)Nc1cc(Oc2ccccc2OCCn2ccc(=O)[nH]c2=O)c(C)c2cc(C#N)ccc12 O=S(=O)([O-])[O-]
5VQW,1JLQ,P03366,GAG-POL,SBN,Cc1cc(C)cc(S(=O)(=O)c2cccc(N)c2C#N)c1
2VG5,2WON,P03366,GAG-POL,ZZE,CCc1nn(CCO)c(CC)c1Oc1cc(C#N)cc(C#N)c1
3MED,1LWF,P04585,GAG-POL,NVP,Cc1ccnc2c1NC(=O)c1cccnc1N2C1CC1
3MED,3M8Q,P04585,GAG-POL,DJZ,Cc1cc(C#N)cc(C)c1Oc1ccnc(NC2CCN(Cc3ccc(S(C)(=O)=O)cc3)CC2)n1
3MEE,3E01,P04585,GAG-POL,PZ2,Cc1cc(C#N)cc(Oc2ccc(Cc3n[nH]c4nnccc34)cc2Br)c1
1TL1,3I0R,P04585,GAG-POL,RT3,Cc1ccc2c(c1)CCCN2C(=O)SCC(=O)Nc1ccc(S(N)(=O)=O)cc1Cl
5TUQ,4KKO,P03366,GAG-POL,1RE,COc1nc(Nc2ccc(C#N)c(OCCC(C)C)c2)nc(OCCN2CCOCC2)n1
3FFI,1TV6,P04585,GAG-POL,CP9,Cc1nc2cnccc2n1-c1ccc(Cn2c(=O)sc3ccccc32)cc1
3FFI,4I2P,P04585,GAG-POL,G73,COc1ccc(Nc2nc(Nc3c(C)cc(/C=C/C#N)cc3C)nc3nc[nH]c23)cc1
1DTQ,3I0S,P04585,GAG-POL,RT7,NS(=O)(=O)c1ccc(NC(=O)CSC(=O)N2CCCc3cc(Cl)cc(Cl)c32)c(Cl)c1
3E01,1IKY,P04585,GAG-POL,MSD,COc1ccc(C(C)=O)c(O)c1[C@H]1C[C@H]1NC(=S)Nc1ccc(C#N)cn1
1SUQ,5VQR,P03366,GAG-POL,9KG SO4,C=CC(=O)N(C)c1cc(Oc2ccccc2OCCn2ccc(=O)[nH]c2=O)c(C)c2cc(C#N)ccc12 O=S(=O)([O-])[O-]
5VQR,1DTQ,P03366,GAG-POL,FPT,CCOc1ccnc(CCNC(=S)Nc2ccc(C#N)cn2)c1F
1FK9,3C6T,P04585,GAG-POL,M14,N#Cc1cc(Cl)cc(Oc2cc(Cl)cc(OCC(=O)Nc3ccc(S(N)(=O)=O)cc3Cl)c2)c1
1FK9,2YNI,P04585,GAG-POL,CXD TAR MG,N#Cc1cc(Cl)cc(Oc2c(Cl)ccc(CNC(=O)c3[nH]cnc3Cl)c2F)c1 O=C(O)[C@@H](O)[C@H](O)C(=O)O [Mg+2]
3QO9,5TEP,P03366,GAG-POL,,
5VQU,1TL3,P03366,GAG-POL,PO4 H20,O=P([O-])([O-])[O-] CC(C)c1c(OC2CCCCC2)c2cc(Cl)ccc2[nH]c1=O
5VQU,2YNI,P03366,GAG-POL,CXD TAR MG,N#Cc1cc(Cl)cc(Oc2c(Cl)ccc(CNC(=O)c3[nH]cnc3Cl)c2F)c1 O=C(O)[C@@H](O)[C@H](O)C(=O)O [Mg+2]
5VQV,3DM2,P03366,GAG-POL,PO4 GWE,O=P([O-])([O-])[O-] Cc1cc(S(N)(O)O)ccc1NC(=O)COc1ccc(Cl)cc1C(=O)c1cc(F)cc(C(F)(F)F)c1
4O4G,1RT5,P03366,GAG-POL,PO4 UC2,O=P([O-])([O-])[O-] Cc1occc1C(=S)Nc1ccc(Cl)c(/C=N/OC(C)(C)C)c1
2IC3,1RT4,P03366,GAG-POL,PO4 UC1,O=P([O-])([O-])[O-] CC(C)=CCOc1cc(NC(=S)c2ccoc2C)ccc1Cl
3MEG,1UWB,P04585,GAG-POL,TBO,CC(C)=CCN1Cc2c(Cl)ccc3[nH]c(=S)n(c23)C[C@@H]1C
2VG6,4LSL,P03366,GAG-POL,1YQ,N#C/C=C/c1cccc(Oc2ccc(Cl)cc2OCCn2ccc(=O)[nH]c2=O)c1
1LWF,5TW3,P04585,GAG-POL,MG 7N1,[Mg+2] N#Cc1ccc2c(Oc3ccc(F)cc3OCCn3ccc(=O)[nH]c3=O)cc(F)cc2c1
1LWF,1BQN,P04585,GAG-POL,HBY,COc1ccc2c(c1)N(C(=O)OC(C)C)[C@@H](CSC)C(=S)N2
3QLH,5C42,P03366,GAG-POL,29T,N#Cc1cc2c(Oc3ccccc3OCCn3ccc(=O)[nH]c3=O)cccn2c1
3I0R,5C25,P04585,GAG-POL,MG SO4 639,[Mg+2] O=S(=O)([O-])[O-] Cc1cc2cc(C#N)ccc2c(C)c1Nc1ncnc(Nc2ccc(C#N)cc2)n1
5FDL,1HPZ,P03366,GAG-POL,AAP,CC(=O)c1ccc(C)cc1N[C@H](C(N)=O)c1c(Cl)cccc1Cl
5FDL,3LP2,P03366,GAG-POL,LP9 MN,CCOC(=O)c1c(O)c2cc(Oc3ccc(N(CC)CC)cc3)cnc2n(O)c1=O [Mn+2]
5FDL,3QLH,P03366,GAG-POL,EDO DMS MN T27 MNK,OCCO CS(C)=O [Mn+2] Cc1cc(/C=C/C#N)cc(C)c1Nc1ccnc(Nc2ccc(C#N)cc2)n1 C=C(C)[C@H]1CCc2c(c(C)cc(O)c(=O)c2O)C1
5FDL,3DOK,P03366,GAG-POL,GWJ PO4,Cc1cc(S(N)(=O)=O)ccc1NC(=O)COc1ccc(Cl)cc1C(=O)c1cc(Cl)cc(C#N)c1 O=P([O-])([O-])[O-]
3DOK,1HNI,P04585,GAG-POL,AAA,CC(=O)c1ccc(C)cc1N[C@H](C(N)=O)c1c(Br)cccc1Br
3C6U,1EP4,P04585,GAG-POL,S11,CC(C)c1nc(COC(N)=O)n(Cc2ccncc2)c1Sc1cc(Cl)cc(Cl)c1
3M8P,2JLE,P04585,GAG-POL,I15,Cc1n[nH]c2ccc(F)c(Oc3cc(C#N)cc(C#N)c3)c12
1EP4,3I0R,P04585,GAG-POL,RT3,Cc1ccc2c(c1)CCCN2C(=O)SCC(=O)Nc1ccc(S(N)(=O)=O)cc1Cl
1EP4,5C24,P04585,GAG-POL,SO4 MG 4XO,O=S(=O)([O-])[O-] [Mg+2] Cc1cc2cc(C#N)cn2c(C)c1Nc1ncnc(Nc2ccc(C#N)cc2)n1
1LW0,1RT2,P04585,GAG-POL,TNK,CC(C)c1c(Cc2ccccc2)n(COCc2ccccc2)c(=O)[nH]c1=O
1HQU,1SUQ,P03366,GAG-POL,MG 185,[Mg+2] Cc1cc(C#N)cc(C)c1Oc1nc(Nc2ccc(C#N)cc2)nc(CO)c1Br
5HBM,1RT6,P03366,GAG-POL,PO4 UC3,O=P([O-])([O-])[O-] CC(C)OC(=O)c1cc(NC(=S)OC(C)C)ccc1Cl
5HBM,3FFI,P03366,GAG-POL,3OB,CN(C)c1c(Oc2cc(Cl)cc(C#N)c2)cc(CC(=O)N2CCc3ccccc3C2)[nH]c1=O
1C1B,2WON,P04585,GAG-POL,ZZE,CCc1nn(CCO)c(CC)c1Oc1cc(C#N)cc(C#N)c1
2YNH,5TW3,P04585,GAG-POL,MG 7N1,[Mg+2] N#Cc1ccc2c(Oc3ccc(F)cc3OCCn3ccc(=O)[nH]c3=O)cc(F)cc2c1
1S6P,2JLE,P03366,GAG-POL,I15,Cc1n[nH]c2ccc(F)c(Oc3cc(C#N)cc(C#N)c3)c12
1S6P,1RT1,P03366,GAG-POL,MKC,CCOCn1c(Cc2ccccc2)c(C(C)C)c(=O)[nH]c1=O
1EET,2JLE,P03366,GAG-POL,I15,Cc1n[nH]c2ccc(F)c(Oc3cc(C#N)cc(C#N)c3)c12
3T19,1S6Q,P04585,GAG-POL,TPB,Cc1cc(C)c(Nc2ccnc(Nc3ccc(C#N)cc3)n2)c(C)c1
1LWE,1S9E,P04585,GAG-POL,ADB,N#Cc1ccc(Nc2nc(N)nc(Oc3c(Cl)cccc3Cl)n2)cc1
5TER,3LP2,P03366,GAG-POL,LP9 MN,CCOC(=O)c1c(O)c2cc(Oc3ccc(N(CC)CC)cc3)cnc2n(O)c1=O [Mn+2]
1JLA,2OPR,P04585,GAG-POL,HBQ,CC[C@H]1C(=O)Nc2ccc(F)cc2N1C(=O)OC(C)C
1JLA,1TL1,P04585,GAG-POL,PO4 H18,O=P([O-])([O-])[O-] CCCc1c([S@](=O)C2CCCCC2)c2cc(Cl)ccc2[nH]c1=O
1JLA,5C24,P04585,GAG-POL,SO4 MG 4XO,O=S(=O)([O-])[O-] [Mg+2] Cc1cc2cc(C#N)cn2c(C)c1Nc1ncnc(Nc2ccc(C#N)cc2)n1
5K14,1TV6,P04585,GAG-POL,CP9,Cc1nc2cnccc2n1-c1ccc(Cn2c(=O)sc3ccccc32)cc1
1RT4,3IRX,P04585,GAG-POL,UDR,COc1c(C)cc(/C(=C\CCCc2nnc(C)o2)c2cc(C)c3oc(=O)n(C)c3c2)cc1C(=O)SC
3CD7,1HW9,P04035,HMGCR,ADP SIM,Nc1ncnc2c1ncn2[C@@H]1O[C@H](CO[P@](=O)(O)OP(=O)(O)O)[C@@H](O)[C@H]1O CCC(C)(C)C(=O)O[C@H]1C[C@@H](C)C=C2C=C[C@H](C)[C@H](CC[C@@H](O)C[C@@H](O)CC(=O)O)[C@H]21
3CD7,3BGL,P04035,HMGCR,RID,CC(C)c1c(S(=O)(=O)N2CCOCC2)c(-c2ccccc2)c(-c2ccc(F)cc2)n1CC[C@@H](O)C[C@@H](O)CC(=O)O
3CD7,1HWL,P04035,HMGCR,ADP FBI,Nc1ncnc2c1ncn2[C@@H]1O[C@H](CO[P@](=O)(O)OP(=O)(O)O)[C@@H](O)[C@H]1O CC(C)c1nc(N(C)S(C)(=O)=O)nc(-c2ccc(F)cc2)c1CC[C@@H](O)C[C@@H](O)CC(=O)O
3CD7,2R4F,P04035,HMGCR,RIE SO4,CC(C)c1c(C(=O)N(C)[C@H](C)c2ccccc2)nn(-c2ccc(F)cc2)c1CC[C@@H](O)C[C@@H](O)CC(=O)O O=S(=O)([O-])[O-]
3CD7,3CD5,P04035,HMGCR,7HI SO4,CCc1c(C(=O)Nc2ccc(-c3ccccc3)cc2)c2c(n1CC[C@@H](O)C[C@@H](O)CC(=O)O)CCCCC2 O=S(=O)([O-])[O-]
3CD7,1HWI,P04035,HMGCR,ADP 115,Nc1ncnc2c1ncn2[C@@H]1O[C@H](CO[P@](=O)(O)OP(=O)(O)O)[C@@H](O)[C@H]1O CC(C)n1c(/C=C/[C@@H](O)C[C@@H](O)CC(=O)O)c(-c2ccc(F)cc2)c2ccccc21
3CD7,3CCW,P04035,HMGCR,4HI,CC(C)c1c(C(=O)NCc2ccccc2)nc(-c2ccc(F)cc2)n1CC[C@@H](O)C[C@@H](O)CC(=O)O
3CD0,2Q6B,P04035,HMGCR,SO4 HR2,O=S(=O)([O-])[O-] CC(C)n1c(CC[C@@H](O)C[C@@H](O)CC(=O)O)c(-c2ccc(F)cc2)c2c1C(=O)N(c1ccccc1)CCC2
3CD0,2R4F,P04035,HMGCR,RIE SO4,CC(C)c1c(C(=O)N(C)[C@H](C)c2ccccc2)nn(-c2ccc(F)cc2)c1CC[C@@H](O)C[C@@H](O)CC(=O)O O=S(=O)([O-])[O-]
3CD0,2Q6C,P04035,HMGCR,SO4 HR1,O=S(=O)([O-])[O-] CC(C)n1c(CC[C@@H](O)C[C@@H](O)CC(=O)O)c(-c2ccc(F)cc2)c2c3ccccc3n(-c3ccccc3)c(=O)c21
3CD0,3CDA,P04035,HMGCR,8HI,CC(C)n1c(CC[C@@H](O)C[C@@H](O)CC(=O)O)c(-c2ccc(F)cc2)c(-c2ccccc2)c1C(=O)Nc1ccc(S(N)(=O)=O)cc1
3CD0,3CD7,P04035,HMGCR,882,CC(C)n1c(CC[C@@H](O)C[C@@H](O)CC(=O)O)c(-c2ccc(F)cc2)c(-c2ccc(F)cc2)c1C(=O)Nc1ccccc1
3CD0,3CCW,P04035,HMGCR,4HI,CC(C)c1c(C(=O)NCc2ccccc2)nc(-c2ccc(F)cc2)n1CC[C@@H](O)C[C@@H](O)CC(=O)O
3CD0,1DQ9,P04035,HMGCR,HMG,CC(C)(COP(=O)([O-])OP(=O)([O-])OC[C@H]1O[C@@H](n2cnc3c(N)ncnc32)[C@H](O)[C@@H]1OP(=O)([O-])[O-])[C@@H](O)C(=O)NCCC(=O)NCCSC(=O)C[C@@](C)(O)CC(=O)[O-]
1HWI,1HW9,P04035,HMGCR,ADP SIM,Nc1ncnc2c1ncn2[C@@H]1O[C@H](CO[P@](=O)(O)OP(=O)(O)O)[C@@H](O)[C@H]1O CCC(C)(C)C(=O)O[C@H]1C[C@@H](C)C=C2C=C[C@H](C)[C@H](CC[C@@H](O)C[C@@H](O)CC(=O)O)[C@H]21
1HWI,3CD0,P04035,HMGCR,6HI,CC(C)n1c(C(=O)NCc2ccc(F)cc2)nc(-c2ccc(F)cc2)c1CC[C@@H](O)C[C@@H](O)CC(=O)O
1HWI,3CCZ,P04035,HMGCR,SO4 5HI,O=S(=O)([O-])[O-] CC(C)c1c(C(=O)N[C@H](CO)c2ccccc2)nc(-c2ccc(F)cc2)n1CC[C@@H](O)C[C@@H](O)CC(=O)O
1HWI,1HWJ,P04035,HMGCR,ADP 116,Nc1ncnc2c1ncn2[C@@H]1O[C@H](CO[P@](=O)(O)OP(=O)(O)O)[C@@H](O)[C@H]1O COCc1c(C(C)C)nc(C(C)C)c(CC[C@@H](O)C[C@@H](O)CC(=O)O)c1-c1ccc(F)cc1
1HWI,3CD5,P04035,HMGCR,7HI SO4,CCc1c(C(=O)Nc2ccc(-c3ccccc3)cc2)c2c(n1CC[C@@H](O)C[C@@H](O)CC(=O)O)CCCCC2 O=S(=O)([O-])[O-]
1HWI,3CDA,P04035,HMGCR,8HI,CC(C)n1c(CC[C@@H](O)C[C@@H](O)CC(=O)O)c(-c2ccc(F)cc2)c(-c2ccccc2)c1C(=O)Nc1ccc(S(N)(=O)=O)cc1
1HWI,3CD7,P04035,HMGCR,882,CC(C)n1c(CC[C@@H](O)C[C@@H](O)CC(=O)O)c(-c2ccc(F)cc2)c(-c2ccc(F)cc2)c1C(=O)Nc1ccccc1
3CD5,3CD0,P04035,HMGCR,6HI,CC(C)n1c(C(=O)NCc2ccc(F)cc2)nc(-c2ccc(F)cc2)c1CC[C@@H](O)C[C@@H](O)CC(=O)O
3CD5,1HW8,P04035,HMGCR,114 ADP,CC[C@H](C)C(=O)O[C@H]1CCC=C2C=C[C@H](C)[C@H](CC[C@@H](O)C[C@@H](O)CC(=O)O)[C@H]21 Nc1ncnc2c1ncn2[C@@H]1O[C@H](CO[P@](=O)(O)OP(=O)(O)O)[C@@H](O)[C@H]1O
3CD5,3CCZ,P04035,HMGCR,SO4 5HI,O=S(=O)([O-])[O-] CC(C)c1c(C(=O)N[C@H](CO)c2ccccc2)nc(-c2ccc(F)cc2)n1CC[C@@H](O)C[C@@H](O)CC(=O)O
3CD5,1HWL,P04035,HMGCR,ADP FBI,Nc1ncnc2c1ncn2[C@@H]1O[C@H](CO[P@](=O)(O)OP(=O)(O)O)[C@@H](O)[C@H]1O CC(C)c1nc(N(C)S(C)(=O)=O)nc(-c2ccc(F)cc2)c1CC[C@@H](O)C[C@@H](O)CC(=O)O
3CD5,2Q6C,P04035,HMGCR,SO4 HR1,O=S(=O)([O-])[O-] CC(C)n1c(CC[C@@H](O)C[C@@H](O)CC(=O)O)c(-c2ccc(F)cc2)c2c3ccccc3n(-c3ccccc3)c(=O)c21
3CD5,3CD7,P04035,HMGCR,882,CC(C)n1c(CC[C@@H](O)C[C@@H](O)CC(=O)O)c(-c2ccc(F)cc2)c(-c2ccc(F)cc2)c1C(=O)Nc1ccccc1
3CD5,1DQ9,P04035,HMGCR,HMG,CC(C)(COP(=O)([O-])OP(=O)([O-])OC[C@H]1O[C@@H](n2cnc3c(N)ncnc32)[C@H](O)[C@@H]1OP(=O)([O-])[O-])[C@@H](O)C(=O)NCCC(=O)NCCSC(=O)C[C@@](C)(O)CC(=O)[O-]
2Q6C,3BGL,P04035,HMGCR,RID,CC(C)c1c(S(=O)(=O)N2CCOCC2)c(-c2ccccc2)c(-c2ccc(F)cc2)n1CC[C@@H](O)C[C@@H](O)CC(=O)O
2Q6C,1HW8,P04035,HMGCR,114 ADP,CC[C@H](C)C(=O)O[C@H]1CCC=C2C=C[C@H](C)[C@H](CC[C@@H](O)C[C@@H](O)CC(=O)O)[C@H]21 Nc1ncnc2c1ncn2[C@@H]1O[C@H](CO[P@](=O)(O)OP(=O)(O)O)[C@@H](O)[C@H]1O
2Q6C,3CD5,P04035,HMGCR,7HI SO4,CCc1c(C(=O)Nc2ccc(-c3ccccc3)cc2)c2c(n1CC[C@@H](O)C[C@@H](O)CC(=O)O)CCCCC2 O=S(=O)([O-])[O-]
2Q6C,3CDA,P04035,HMGCR,8HI,CC(C)n1c(CC[C@@H](O)C[C@@H](O)CC(=O)O)c(-c2ccc(F)cc2)c(-c2ccccc2)c1C(=O)Nc1ccc(S(N)(=O)=O)cc1
2Q6C,3CCT,P04035,HMGCR,3HI,CC(C)c1c(C(=O)Nc2ccccc2O)c(-c2ccccc2)c(-c2ccc(F)cc2)n1CC[C@@H](O)C[C@@H](O)CC(=O)O
2Q6C,3CCW,P04035,HMGCR,4HI,CC(C)c1c(C(=O)NCc2ccccc2)nc(-c2ccc(F)cc2)n1CC[C@@H](O)C[C@@H](O)CC(=O)O
1HW9,2Q6C,P04035,HMGCR,SO4 HR1,O=S(=O)([O-])[O-] CC(C)n1c(CC[C@@H](O)C[C@@H](O)CC(=O)O)c(-c2ccc(F)cc2)c2c3ccccc3n(-c3ccccc3)c(=O)c21
1HW9,1HWI,P04035,HMGCR,ADP 115,Nc1ncnc2c1ncn2[C@@H]1O[C@H](CO[P@](=O)(O)OP(=O)(O)O)[C@@H](O)[C@H]1O CC(C)n1c(/C=C/[C@@H](O)C[C@@H](O)CC(=O)O)c(-c2ccc(F)cc2)c2ccccc21
1HW9,3CCT,P04035,HMGCR,3HI,CC(C)c1c(C(=O)Nc2ccccc2O)c(-c2ccccc2)c(-c2ccc(F)cc2)n1CC[C@@H](O)C[C@@H](O)CC(=O)O
1HWL,3CDB,P04035,HMGCR,9HI,CC(C)c1c(S(=O)(=O)Nc2ccc(C(N)=O)cc2)c(-c2ccc(F)cc2)c(-c2ccc(F)cc2)n1CC[C@@H](O)C[C@@H](O)CC(=O)O
1HWL,3CD0,P04035,HMGCR,6HI,CC(C)n1c(C(=O)NCc2ccc(F)cc2)nc(-c2ccc(F)cc2)c1CC[C@@H](O)C[C@@H](O)CC(=O)O
1HWL,1HWJ,P04035,HMGCR,ADP 116,Nc1ncnc2c1ncn2[C@@H]1O[C@H](CO[P@](=O)(O)OP(=O)(O)O)[C@@H](O)[C@H]1O COCc1c(C(C)C)nc(C(C)C)c(CC[C@@H](O)C[C@@H](O)CC(=O)O)c1-c1ccc(F)cc1
1HWL,3CD5,P04035,HMGCR,7HI SO4,CCc1c(C(=O)Nc2ccc(-c3ccccc3)cc2)c2c(n1CC[C@@H](O)C[C@@H](O)CC(=O)O)CCCCC2 O=S(=O)([O-])[O-]
1HWL,3CDA,P04035,HMGCR,8HI,CC(C)n1c(CC[C@@H](O)C[C@@H](O)CC(=O)O)c(-c2ccc(F)cc2)c(-c2ccccc2)c1C(=O)Nc1ccc(S(N)(=O)=O)cc1
1HWL,3CD7,P04035,HMGCR,882,CC(C)n1c(CC[C@@H](O)C[C@@H](O)CC(=O)O)c(-c2ccc(F)cc2)c(-c2ccc(F)cc2)c1C(=O)Nc1ccccc1
1HWL,3CCW,P04035,HMGCR,4HI,CC(C)c1c(C(=O)NCc2ccccc2)nc(-c2ccc(F)cc2)n1CC[C@@H](O)C[C@@H](O)CC(=O)O
1HW8,2Q6B,P04035,HMGCR,SO4 HR2,O=S(=O)([O-])[O-] CC(C)n1c(CC[C@@H](O)C[C@@H](O)CC(=O)O)c(-c2ccc(F)cc2)c2c1C(=O)N(c1ccccc1)CCC2
1HW8,3CCZ,P04035,HMGCR,SO4 5HI,O=S(=O)([O-])[O-] CC(C)c1c(C(=O)N[C@H](CO)c2ccccc2)nc(-c2ccc(F)cc2)n1CC[C@@H](O)C[C@@H](O)CC(=O)O
1HW8,1HWL,P04035,HMGCR,ADP FBI,Nc1ncnc2c1ncn2[C@@H]1O[C@H](CO[P@](=O)(O)OP(=O)(O)O)[C@@H](O)[C@H]1O CC(C)c1nc(N(C)S(C)(=O)=O)nc(-c2ccc(F)cc2)c1CC[C@@H](O)C[C@@H](O)CC(=O)O
1HW8,3CD5,P04035,HMGCR,7HI SO4,CCc1c(C(=O)Nc2ccc(-c3ccccc3)cc2)c2c(n1CC[C@@H](O)C[C@@H](O)CC(=O)O)CCCCC2 O=S(=O)([O-])[O-]
1HW8,3CDA,P04035,HMGCR,8HI,CC(C)n1c(CC[C@@H](O)C[C@@H](O)CC(=O)O)c(-c2ccc(F)cc2)c(-c2ccccc2)c1C(=O)Nc1ccc(S(N)(=O)=O)cc1
1HW8,3CD7,P04035,HMGCR,882,CC(C)n1c(CC[C@@H](O)C[C@@H](O)CC(=O)O)c(-c2ccc(F)cc2)c(-c2ccc(F)cc2)c1C(=O)Nc1ccccc1
1HW8,3CCT,P04035,HMGCR,3HI,CC(C)c1c(C(=O)Nc2ccccc2O)c(-c2ccccc2)c(-c2ccc(F)cc2)n1CC[C@@H](O)C[C@@H](O)CC(=O)O
1DQ9,1HW9,P04035,HMGCR,ADP SIM,Nc1ncnc2c1ncn2[C@@H]1O[C@H](CO[P@](=O)(O)OP(=O)(O)O)[C@@H](O)[C@H]1O CCC(C)(C)C(=O)O[C@H]1C[C@@H](C)C=C2C=C[C@H](C)[C@H](CC[C@@H](O)C[C@@H](O)CC(=O)O)[C@H]21
1DQ9,3CCT,P04035,HMGCR,3HI,CC(C)c1c(C(=O)Nc2ccccc2O)c(-c2ccccc2)c(-c2ccc(F)cc2)n1CC[C@@H](O)C[C@@H](O)CC(=O)O
3CDA,3CDB,P04035,HMGCR,9HI,CC(C)c1c(S(=O)(=O)Nc2ccc(C(N)=O)cc2)c(-c2ccc(F)cc2)c(-c2ccc(F)cc2)n1CC[C@@H](O)C[C@@H](O)CC(=O)O
3CDA,1HW8,P04035,HMGCR,114 ADP,CC[C@H](C)C(=O)O[C@H]1CCC=C2C=C[C@H](C)[C@H](CC[C@@H](O)C[C@@H](O)CC(=O)O)[C@H]21 Nc1ncnc2c1ncn2[C@@H]1O[C@H](CO[P@](=O)(O)OP(=O)(O)O)[C@@H](O)[C@H]1O
3CDA,3CCZ,P04035,HMGCR,SO4 5HI,O=S(=O)([O-])[O-] CC(C)c1c(C(=O)N[C@H](CO)c2ccccc2)nc(-c2ccc(F)cc2)n1CC[C@@H](O)C[C@@H](O)CC(=O)O
3CDA,1HWJ,P04035,HMGCR,ADP 116,Nc1ncnc2c1ncn2[C@@H]1O[C@H](CO[P@](=O)(O)OP(=O)(O)O)[C@@H](O)[C@H]1O COCc1c(C(C)C)nc(C(C)C)c(CC[C@@H](O)C[C@@H](O)CC(=O)O)c1-c1ccc(F)cc1
3CDA,1HWI,P04035,HMGCR,ADP 115,Nc1ncnc2c1ncn2[C@@H]1O[C@H](CO[P@](=O)(O)OP(=O)(O)O)[C@@H](O)[C@H]1O CC(C)n1c(/C=C/[C@@H](O)C[C@@H](O)CC(=O)O)c(-c2ccc(F)cc2)c2ccccc21
3CDA,3CCT,P04035,HMGCR,3HI,CC(C)c1c(C(=O)Nc2ccccc2O)c(-c2ccccc2)c(-c2ccc(F)cc2)n1CC[C@@H](O)C[C@@H](O)CC(=O)O
3CDB,1HWJ,P04035,HMGCR,ADP 116,Nc1ncnc2c1ncn2[C@@H]1O[C@H](CO[P@](=O)(O)OP(=O)(O)O)[C@@H](O)[C@H]1O COCc1c(C(C)C)nc(C(C)C)c(CC[C@@H](O)C[C@@H](O)CC(=O)O)c1-c1ccc(F)cc1
3CDB,1HWI,P04035,HMGCR,ADP 115,Nc1ncnc2c1ncn2[C@@H]1O[C@H](CO[P@](=O)(O)OP(=O)(O)O)[C@@H](O)[C@H]1O CC(C)n1c(/C=C/[C@@H](O)C[C@@H](O)CC(=O)O)c(-c2ccc(F)cc2)c2ccccc21
3CDB,3CDA,P04035,HMGCR,8HI,CC(C)n1c(CC[C@@H](O)C[C@@H](O)CC(=O)O)c(-c2ccc(F)cc2)c(-c2ccccc2)c1C(=O)Nc1ccc(S(N)(=O)=O)cc1
3CDB,3CD7,P04035,HMGCR,882,CC(C)n1c(CC[C@@H](O)C[C@@H](O)CC(=O)O)c(-c2ccc(F)cc2)c(-c2ccc(F)cc2)c1C(=O)Nc1ccccc1
3CDB,3CCT,P04035,HMGCR,3HI,CC(C)c1c(C(=O)Nc2ccccc2O)c(-c2ccccc2)c(-c2ccc(F)cc2)n1CC[C@@H](O)C[C@@H](O)CC(=O)O
2Q6B,3CD0,P04035,HMGCR,6HI,CC(C)n1c(C(=O)NCc2ccc(F)cc2)nc(-c2ccc(F)cc2)c1CC[C@@H](O)C[C@@H](O)CC(=O)O
2Q6B,1HW8,P04035,HMGCR,114 ADP,CC[C@H](C)C(=O)O[C@H]1CCC=C2C=C[C@H](C)[C@H](CC[C@@H](O)C[C@@H](O)CC(=O)O)[C@H]21 Nc1ncnc2c1ncn2[C@@H]1O[C@H](CO[P@](=O)(O)OP(=O)(O)O)[C@@H](O)[C@H]1O
2Q6B,3CCZ,P04035,HMGCR,SO4 5HI,O=S(=O)([O-])[O-] CC(C)c1c(C(=O)N[C@H](CO)c2ccccc2)nc(-c2ccc(F)cc2)n1CC[C@@H](O)C[C@@H](O)CC(=O)O
2Q6B,1HWL,P04035,HMGCR,ADP FBI,Nc1ncnc2c1ncn2[C@@H]1O[C@H](CO[P@](=O)(O)OP(=O)(O)O)[C@@H](O)[C@H]1O CC(C)c1nc(N(C)S(C)(=O)=O)nc(-c2ccc(F)cc2)c1CC[C@@H](O)C[C@@H](O)CC(=O)O
2Q6B,2Q6C,P04035,HMGCR,SO4 HR1,O=S(=O)([O-])[O-] CC(C)n1c(CC[C@@H](O)C[C@@H](O)CC(=O)O)c(-c2ccc(F)cc2)c2c3ccccc3n(-c3ccccc3)c(=O)c21
2Q6B,3CD5,P04035,HMGCR,7HI SO4,CCc1c(C(=O)Nc2ccc(-c3ccccc3)cc2)c2c(n1CC[C@@H](O)C[C@@H](O)CC(=O)O)CCCCC2 O=S(=O)([O-])[O-]
2Q6B,1HWI,P04035,HMGCR,ADP 115,Nc1ncnc2c1ncn2[C@@H]1O[C@H](CO[P@](=O)(O)OP(=O)(O)O)[C@@H](O)[C@H]1O CC(C)n1c(/C=C/[C@@H](O)C[C@@H](O)CC(=O)O)c(-c2ccc(F)cc2)c2ccccc21
2Q6B,3CD7,P04035,HMGCR,882,CC(C)n1c(CC[C@@H](O)C[C@@H](O)CC(=O)O)c(-c2ccc(F)cc2)c(-c2ccc(F)cc2)c1C(=O)Nc1ccccc1
2Q6B,3CCW,P04035,HMGCR,4HI,CC(C)c1c(C(=O)NCc2ccccc2)nc(-c2ccc(F)cc2)n1CC[C@@H](O)C[C@@H](O)CC(=O)O
2Q6B,1DQ9,P04035,HMGCR,HMG,CC(C)(COP(=O)([O-])OP(=O)([O-])OC[C@H]1O[C@@H](n2cnc3c(N)ncnc32)[C@H](O)[C@@H]1OP(=O)([O-])[O-])[C@@H](O)C(=O)NCCC(=O)NCCSC(=O)C[C@@](C)(O)CC(=O)[O-]
2R4F,1HW9,P04035,HMGCR,ADP SIM,Nc1ncnc2c1ncn2[C@@H]1O[C@H](CO[P@](=O)(O)OP(=O)(O)O)[C@@H](O)[C@H]1O CCC(C)(C)C(=O)O[C@H]1C[C@@H](C)C=C2C=C[C@H](C)[C@H](CC[C@@H](O)C[C@@H](O)CC(=O)O)[C@H]21
2R4F,1HW8,P04035,HMGCR,114 ADP,CC[C@H](C)C(=O)O[C@H]1CCC=C2C=C[C@H](C)[C@H](CC[C@@H](O)C[C@@H](O)CC(=O)O)[C@H]21 Nc1ncnc2c1ncn2[C@@H]1O[C@H](CO[P@](=O)(O)OP(=O)(O)O)[C@@H](O)[C@H]1O
2R4F,3CCZ,P04035,HMGCR,SO4 5HI,O=S(=O)([O-])[O-] CC(C)c1c(C(=O)N[C@H](CO)c2ccccc2)nc(-c2ccc(F)cc2)n1CC[C@@H](O)C[C@@H](O)CC(=O)O
2R4F,1DQ9,P04035,HMGCR,HMG,CC(C)(COP(=O)([O-])OP(=O)([O-])OC[C@H]1O[C@@H](n2cnc3c(N)ncnc32)[C@H](O)[C@@H]1OP(=O)([O-])[O-])[C@@H](O)C(=O)NCCC(=O)NCCSC(=O)C[C@@](C)(O)CC(=O)[O-]
3CCZ,2Q6B,P04035,HMGCR,SO4 HR2,O=S(=O)([O-])[O-] CC(C)n1c(CC[C@@H](O)C[C@@H](O)CC(=O)O)c(-c2ccc(F)cc2)c2c1C(=O)N(c1ccccc1)CCC2
3CCZ,2R4F,P04035,HMGCR,RIE SO4,CC(C)c1c(C(=O)N(C)[C@H](C)c2ccccc2)nn(-c2ccc(F)cc2)c1CC[C@@H](O)C[C@@H](O)CC(=O)O O=S(=O)([O-])[O-]
3CCZ,1HWJ,P04035,HMGCR,ADP 116,Nc1ncnc2c1ncn2[C@@H]1O[C@H](CO[P@](=O)(O)OP(=O)(O)O)[C@@H](O)[C@H]1O COCc1c(C(C)C)nc(C(C)C)c(CC[C@@H](O)C[C@@H](O)CC(=O)O)c1-c1ccc(F)cc1
3CCZ,3CCW,P04035,HMGCR,4HI,CC(C)c1c(C(=O)NCc2ccccc2)nc(-c2ccc(F)cc2)n1CC[C@@H](O)C[C@@H](O)CC(=O)O
3BGL,1HW9,P04035,HMGCR,ADP SIM,Nc1ncnc2c1ncn2[C@@H]1O[C@H](CO[P@](=O)(O)OP(=O)(O)O)[C@@H](O)[C@H]1O CCC(C)(C)C(=O)O[C@H]1C[C@@H](C)C=C2C=C[C@H](C)[C@H](CC[C@@H](O)C[C@@H](O)CC(=O)O)[C@H]21
3CCW,2Q6B,P04035,HMGCR,SO4 HR2,O=S(=O)([O-])[O-] CC(C)n1c(CC[C@@H](O)C[C@@H](O)CC(=O)O)c(-c2ccc(F)cc2)c2c1C(=O)N(c1ccccc1)CCC2
3CCW,2R4F,P04035,HMGCR,RIE SO4,CC(C)c1c(C(=O)N(C)[C@H](C)c2ccccc2)nn(-c2ccc(F)cc2)c1CC[C@@H](O)C[C@@H](O)CC(=O)O O=S(=O)([O-])[O-]
3CCW,2Q6C,P04035,HMGCR,SO4 HR1,O=S(=O)([O-])[O-] CC(C)n1c(CC[C@@H](O)C[C@@H](O)CC(=O)O)c(-c2ccc(F)cc2)c2c3ccccc3n(-c3ccccc3)c(=O)c21
3CCW,3CD5,P04035,HMGCR,7HI SO4,CCc1c(C(=O)Nc2ccc(-c3ccccc3)cc2)c2c(n1CC[C@@H](O)C[C@@H](O)CC(=O)O)CCCCC2 O=S(=O)([O-])[O-]
3CCW,3CDA,P04035,HMGCR,8HI,CC(C)n1c(CC[C@@H](O)C[C@@H](O)CC(=O)O)c(-c2ccc(F)cc2)c(-c2ccccc2)c1C(=O)Nc1ccc(S(N)(=O)=O)cc1
3CCW,3CCT,P04035,HMGCR,3HI,CC(C)c1c(C(=O)Nc2ccccc2O)c(-c2ccccc2)c(-c2ccc(F)cc2)n1CC[C@@H](O)C[C@@H](O)CC(=O)O
1HWJ,3CCZ,P04035,HMGCR,SO4 5HI,O=S(=O)([O-])[O-] CC(C)c1c(C(=O)N[C@H](CO)c2ccccc2)nc(-c2ccc(F)cc2)n1CC[C@@H](O)C[C@@H](O)CC(=O)O
1HWJ,2Q6C,P04035,HMGCR,SO4 HR1,O=S(=O)([O-])[O-] CC(C)n1c(CC[C@@H](O)C[C@@H](O)CC(=O)O)c(-c2ccc(F)cc2)c2c3ccccc3n(-c3ccccc3)c(=O)c21
1HWJ,1DQ9,P04035,HMGCR,HMG,CC(C)(COP(=O)([O-])OP(=O)([O-])OC[C@H]1O[C@@H](n2cnc3c(N)ncnc32)[C@H](O)[C@@H]1OP(=O)([O-])[O-])[C@@H](O)C(=O)NCCC(=O)NCCSC(=O)C[C@@](C)(O)CC(=O)[O-]
3CCT,3CDB,P04035,HMGCR,9HI,CC(C)c1c(S(=O)(=O)Nc2ccc(C(N)=O)cc2)c(-c2ccc(F)cc2)c(-c2ccc(F)cc2)n1CC[C@@H](O)C[C@@H](O)CC(=O)O
3CCT,1HW8,P04035,HMGCR,114 ADP,CC[C@H](C)C(=O)O[C@H]1CCC=C2C=C[C@H](C)[C@H](CC[C@@H](O)C[C@@H](O)CC(=O)O)[C@H]21 Nc1ncnc2c1ncn2[C@@H]1O[C@H](CO[P@](=O)(O)OP(=O)(O)O)[C@@H](O)[C@H]1O
3CCT,1HWJ,P04035,HMGCR,ADP 116,Nc1ncnc2c1ncn2[C@@H]1O[C@H](CO[P@](=O)(O)OP(=O)(O)O)[C@@H](O)[C@H]1O COCc1c(C(C)C)nc(C(C)C)c(CC[C@@H](O)C[C@@H](O)CC(=O)O)c1-c1ccc(F)cc1
3CCT,3CCW,P04035,HMGCR,4HI,CC(C)c1c(C(=O)NCc2ccccc2)nc(-c2ccc(F)cc2)n1CC[C@@H](O)C[C@@H](O)CC(=O)O
2Q1L,3BGL,P04035,HMGCR,RID,CC(C)c1c(S(=O)(=O)N2CCOCC2)c(-c2ccccc2)c(-c2ccc(F)cc2)n1CC[C@@H](O)C[C@@H](O)CC(=O)O
2Q1L,2Q6B,P04035,HMGCR,SO4 HR2,O=S(=O)([O-])[O-] CC(C)n1c(CC[C@@H](O)C[C@@H](O)CC(=O)O)c(-c2ccc(F)cc2)c2c1C(=O)N(c1ccccc1)CCC2
2Q1L,1HWL,P04035,HMGCR,ADP FBI,Nc1ncnc2c1ncn2[C@@H]1O[C@H](CO[P@](=O)(O)OP(=O)(O)O)[C@@H](O)[C@H]1O CC(C)c1nc(N(C)S(C)(=O)=O)nc(-c2ccc(F)cc2)c1CC[C@@H](O)C[C@@H](O)CC(=O)O
2Q1L,3CDA,P04035,HMGCR,8HI,CC(C)n1c(CC[C@@H](O)C[C@@H](O)CC(=O)O)c(-c2ccc(F)cc2)c(-c2ccccc2)c1C(=O)Nc1ccc(S(N)(=O)=O)cc1
3R4N,2H55,P07900,HSP90AA1,DZ8,CC(C)NCCCn1c(Cc2cc3c(cc2I)OCO3)nc2c(N)nc(F)nc21
5J20,3BM9,P07900,HSP90AA1,BXZ,Oc1ccc2c(-c3cc(Br)c(O)cc3O)noc2c1
1UYK,4B7P,P07900,HSP90AA1,9UN,CN1CCC(NC(=O)c2cc(-c3c(O)cc(O)cc3Oc3ccc([N+](=O)[O-])cc3)on2)CC1
2FWZ,2QF6,P07900,HSP90AA1,A56,Nc1nc(N)nc(-c2cc3ccccc3cc2Br)n1
3B27,4BQG,P07900,HSP90AA1,50Q,Oc1cc(O)cc(Oc2ccc(Cl)c(Cl)c2)c1
3K99,5J86,P07900,HSP90AA1,6GW,Cc1ccccc1-n1c(-c2cc(C(=O)N(C)Cc3cccs3)c(O)cc2O)n[nH]c1=O
5LO1,3OW6,P07900,HSP90AA1,MEX,O=c1[nH]c2ccccc2n1-c1ccc(O)cc1O
4XIP,5T21,P07900,HSP90AA1,74E,Cc1cn(-c2ccc(C(N)=O)c(N[C@H]3CC[C@H](O)CC3)c2)c2c1C(=O)CC(C)(C)C2
4XIP,4CWS,P07900,HSP90AA1,G3R,Nc1nc2c3ccc(NCCO)cc3nc(Cc3ccc4c(c3)OCO4)n2n1
4W7T,4EGK,P07900,HSP90AA1,RDC,C[C@@H]1C[C@H]2O[C@@H]2/C=C\C=C\C(=O)Cc2c(Cl)c(O)cc(O)c2C(=O)O1
3VHC,4AWP,P07900,HSP90AA1,99A,Cc1cc(C(=O)NC2C[C@H]3CC[C@@H](C2)N3c2ccc(C(=O)NCc3ccccc3)cn2)c(C)cc1C(N)=O
2WI4,3B27,P07900,HSP90AA1,B2T,CSc1nc(N)nc(-c2ccccc2Cl)n1
4R3M,2VCJ,P07900,HSP90AA1,2EQ,CCNC(=O)c1noc(-c2cc(Cl)c(O)cc2O)c1-c1ccc(CN2CCOCC2)cc1
4R3M,2YKJ,P07900,HSP90AA1,YKJ,Nc1cc(C(=O)N[C@@H]2c3ccccc3-c3c(-c4nc5ccncc5[nH]4)cccc32)ccn1
1UY6,3O0I,P07900,HSP90AA1,P54,C#CCCCn1cnc(N)c2nc(Sc3ccc(C)cc3C)nc1-2
4JQL,3K97,P07900,HSP90AA1,4CD DMS,Cc1ccccc1[C@H]1CCCN1C(=O)c1cc(Cl)c(O)cc1O CS(C)=O
4FCP,2WI4,P07900,HSP90AA1,ZZ4,Nc1ncc(N=Nc2ccccc2)c(-c2ccc(Cl)cc2Cl)n1
2YE9,3VHC,P07900,HSP90AA1,VHC MG,Cc1cc(C)c2cc1C(=O)NCCCOc1cccc(c1)Sc1cc-2nc(N)n1 [Mg+2]
2YE9,2YK9,P07900,HSP90AA1,YK9,O=C1c2ccccc2-c2c1cccc2-c1nc2cnccc2[nH]1
4YKQ,4U93,P07900,HSP90AA1,990,COc1cccc(-c2cc(F)ccc2[C@H]2Cc3nc(N)nc(C)c3C(=O)N2)n1
4CWT,2QF6,P07900,HSP90AA1,A56,Nc1nc(N)nc(-c2cc3ccccc3cc2Br)n1
3R91,2YE4,P07900,HSP90AA1,2FY,CCC(=O)c1ccc(O)cc1O
3R91,3K97,P07900,HSP90AA1,4CD DMS,Cc1ccccc1[C@H]1CCCN1C(=O)c1cc(Cl)c(O)cc1O CS(C)=O
3B26,2VCI,P07900,HSP90AA1,2GJ,CCNC(=O)c1noc(-c2cc(C(C)C)c(O)cc2O)c1-c1ccc(CN2CCOCC2)cc1
2WI7,1UYF,P07900,HSP90AA1,PU1,C#CCCCn1c(Cc2cc(OC)c(OC)c(OC)c2Cl)nc2c(N)nc(F)nc21
4L90,5LR1,P07900,HSP90AA1,72Y,Cc1cnc(Cn2ccc3c(Cl)nc(N)nc32)c(C)c1Cl
2VCI,3EKR,P07900,HSP90AA1,PY9 PO4,Cc1ccccc1[C@H]1CCCN1C(=O)c1ccc(O)cc1O O=P([O-])([O-])[O-]
3VHA,3B28,P07900,HSP90AA1,GOL B2X MG,OCC(O)CO CSc1nc(N)nc(-c2c(Cl)cc3c4c(cccc24)COC3)n1 [Mg+2]
3RKZ,3HYY,P07900,HSP90AA1,37D,COC(=O)c1c(C)n[nH]c1-c1ccco1
2BSM,5H22,P07900,HSP90AA1,7FT,COc1c(C)cnc(Cn2cc(Cc3ccccc3)c3c(Cl)nc(N)nc32)c1C
5T21,3HEK,P07900,HSP90AA1,PO4 BD0,O=P([O-])([O-])[O-] O=C(c1cc(Cl)c(O)cc1O)N1CCC[C@@H]1c1ccc(CN2CCC(F)(F)C2)cc1
5H22,4W7T,P07901,HSP90AA1,3JC,Cc1nc(N)nc2c1C(=O)C[C@@H](c1ccccc1)C2
5H22,3INW,P07901,HSP90AA1,DMS JZB,CS(C)=O O=C1OCC/C=C/CC/C=C/C(=N/OCC(=O)N2CCCCC2)Cc2c(Cl)c(O)cc(O)c21
5H22,3K97,P07901,HSP90AA1,4CD DMS,Cc1ccccc1[C@H]1CCCN1C(=O)c1cc(Cl)c(O)cc1O CS(C)=O
3R4M,2BYI,P07900,HSP90AA1,2DD,NS(=O)(=O)c1ccc(CNC(=O)c2cn[nH]c2-c2cc(Cl)c(O)cc2O)cc1
3R4M,2YI5,P07900,HSP90AA1,YI5,COc1ccc(-c2snnc2-c2cc(Cl)c(O)cc2O)cc1OC
2YI0,4AWQ,P07900,HSP90AA1,592,COc1cccc(C(=O)NC2C[C@H]3CC[C@@H](C2)N3c2ccc(C(=O)NCc3ccccc3)cn2)c1C
2YI0,5J6M,P07900,HSP90AA1,6FJ,CN(Cc1ccco1)C(=O)c1cc(-c2n[nH]c(=O)n2-c2ccccc2F)c(O)cc1O
4CWS,2YEA,P07900,HSP90AA1,2A9,COc1ccc(CO)cc1O
4CWS,2QG0,P07900,HSP90AA1,A94,Cc1cc(CNS(=O)(=O)c2cccc(N/C=C3\CCOC3=O)c2)nc(N)n1
2VCJ,4O09,P07900,HSP90AA1,2R6,Cc1cn(-c2cc3c(c(CC(C)C)c2)C(=O)NCC3)c2c1C(=O)CC(C)(C)C2
4LWG,5LQ9,P07900,HSP90AA1,72K,Cc1nn(-c2ccc(C(N)=O)c(N[C@H]3CC[C@H](O)CC3)c2)c2cccc(-c3cnc4ccccc4c3)c12
4LWG,2YKI,P07900,HSP90AA1,YKI,O=C(N[C@@H]1c2ccccc2-c2c(-c3nc4ccncc4[nH]3)cccc21)c1ccnc2[nH]ccc12
4LWG,3MNR,P07900,HSP90AA1,SD1,COc1cc(Nc2cc(-n3c(C)cc4c3CC(C)(C)CC4=O)ccc2C(N)=O)cc(OC)c1OC
2YKJ,4YKU,P07900,HSP90AA1,4ER,Nc1nc(N)nc(-c2ccccc2Cl)n1
2YKJ,2QG2,P07900,HSP90AA1,A91,Cc1cc(C#Cc2ccccc2CNn2ccoc2=O)nc(N)n1
2YKJ,1UYC,P07900,HSP90AA1,PU7,CCCCn1c(Cc2cc(OC)ccc2OC)nc2c(N)ncnc21
2YK9,4FCQ,P07900,HSP90AA1,2N6,CSc1nc(-c2ccc(C)cc2C)c2c(C#N)c[nH]c2n1
4AWQ,2WI2,P07900,HSP90AA1,DMS ZZ3,CS(C)=O CSc1nc(C)nc(N)n1
2YI7,4O0B,P07900,HSP90AA1,2QA,Cc1cn(-c2cc3c(c(C4CCCC4)c2)C(=O)NCC3)c2c1C(=O)CC(C)(C)C2
4CWQ,4EGK,P07900,HSP90AA1,RDC,C[C@@H]1C[C@H]2O[C@@H]2/C=C\C=C\C(=O)Cc2c(Cl)c(O)cc(O)c2C(=O)O1
5J8U,1UYC,P07900,HSP90AA1,PU7,CCCCn1c(Cc2cc(OC)ccc2OC)nc2c(N)ncnc21
3K97,2YE4,P07900,HSP90AA1,2FY,CCC(=O)c1ccc(O)cc1O
3K97,5J2X,P07900,HSP90AA1,6DL,O=c1[nH]nc(-c2cc(Br)c(O)cc2O)n1-c1ccccc1F
1UYF,2WI4,P07900,HSP90AA1,ZZ4,Nc1ncc(N=Nc2ccccc2)c(-c2ccc(Cl)cc2Cl)n1
3T10,3B28,P07900,HSP90AA1,GOL B2X MG,OCC(O)CO CSc1nc(N)nc(-c2c(Cl)cc3c4c(cccc24)COC3)n1 [Mg+2]
3D0B,3RLQ,P07900,HSP90AA1,PO4 3RQ,O=P([O-])([O-])[O-] COc1cc(-c2nc(C)nc3[nH]cc(C#N)c23)c(Cl)cc1Cl
4NH8,1UYK,P07900,HSP90AA1,PUX,CCCCn1c(Cc2ccc3c(c2)OCO3)nc2c(N)nc(F)nc21
2YEA,5LRZ,P07900,HSP90AA1,73Y,O=C(N[C@@H]1c2ccccc2-c2c(-c3cnc4ccccc4c3)cccc21)c1c(Br)cnc2[nH]cnc12
2YEA,4O09,P07900,HSP90AA1,2R6,Cc1cn(-c2cc3c(c(CC(C)C)c2)C(=O)NCC3)c2c1C(=O)CC(C)(C)C2
1BYQ,3R4N,P07900,HSP90AA1,FU5,Cc1cc(-c2c(Cl)cccc2OCCCC(F)(F)F)nc(N)n1
1BYQ,3VHD,P07900,HSP90AA1,VHE,Cc1cc(C)c2cc1C(=O)NCCCNC(=O)CCSc1cc-2nc(N)n1
5FNC,4O07,P07900,HSP90AA1,FGH,CC(C)Cc1cc(-n2c3c(c4c2CC(C)(C)CC4=O)CCN(C)C3)cc2c1C(=O)NCC2
1UY8,4O05,P07900,HSP90AA1,2Q9,CC(C)Nc1cc(-n2c3c(c4c2CC(C)(C)CC4=O)CCN(C)C3)cc2c1C(=O)NCC2
1UY8,4FCQ,P07900,HSP90AA1,2N6,CSc1nc(-c2ccc(C)cc2C)c2c(C#N)c[nH]c2n1
2YKE,1UY7,P07900,HSP90AA1,PU4,CCCCn1c(Cc2ccc(OC)cc2)nc2c(N)ncnc21
3RLQ,1UYC,P07900,HSP90AA1,PU7,CCCCn1c(Cc2cc(OC)ccc2OC)nc2c(N)ncnc21
2FWY,3D0B,P07900,HSP90AA1,SNX,COCCNc1cc(-n2c3c(c4ccccc42)C(=O)CCC3)ccc1C(N)=O
3OWB,2WI7,P07900,HSP90AA1,2KL,CCNC(=O)c1cc2c(-c3cc(OCCN4CCCC4)c(Cl)cc3Cl)nc(N)nc2s1
3MNR,2YE2,P07900,HSP90AA1,SO4 XQI,O=S(=O)([O-])[O-] COC(=O)Cc1cc(O)cc(O)c1
3MNR,4YKZ,P07900,HSP90AA1,4EV,O=C(c1cccc(O)c1)c1ccc(O)cc1O
3RLR,4FCP,P07900,HSP90AA1,42C,CN(C)c1ncnc2nc[nH]c12
3RLR,4JQL,P07900,HSP90AA1,VJ6 MG,COc1cc2cc(c1)NC(=O)/C(C)=C/CC[C@H](OC(N)=O)[C@@H](OC(N)=O)/C(C)=C/[C@H](C)[C@@H](OC)[C@@H](OC)COC2 [Mg+2]
3RLR,2XHT,P07900,HSP90AA1,C0Y,CC(C)(C)c1cc(C(=O)N2CCOCC2)ccc1O
2XHT,5LO0,P07900,HSP90AA1,70N,CN1CCN(S(=O)(=O)c2cc(F)c(F)cc2-c2ccc3nc(N)nc(C(=O)N4Cc5ccccc5C4)c3c2)CC1
2XHT,2BT0,P07900,HSP90AA1,CT5,CCc1cc(-c2[nH]nc(C)c2-c2ccc3c(c2)OCCO3)c(O)cc1O
4BQJ,4L94,P07900,HSP90AA1,S46,CN1CCN(C(=O)c2ccc(O)cc2)CC1
3FT8,2BT0,P07900,HSP90AA1,CT5,CCc1cc(-c2[nH]nc(C)c2-c2ccc3c(c2)OCCO3)c(O)cc1O
2YE4,5LRL,P07900,HSP90AA1,73S,Nc1ncc(Cl)c(C(=O)N[C@@H]2c3ccccc3-c3c(-c4nc5cnccc5[nH]4)cccc32)n1
2YI6,3NMQ,P07900,HSP90AA1,7PP,COc1c(C)cnc(Cn2cc(C#CCC(C)(C)O)c3c(Cl)nc(N)nc32)c1C
3B25,5J6M,P07900,HSP90AA1,6FJ,CN(Cc1ccco1)C(=O)c1cc(-c2n[nH]c(=O)n2-c2ccccc2F)c(O)cc1O
1YC3,3FT8,P07900,HSP90AA1,MOJ,Cc1nc(N)nc2c1/C(=N/O)C[C@@H](c1ccc(F)cc1-c1cccnc1)C2
3RLP,3FT5,P07900,HSP90AA1,MO8,Cc1nc(N)nc2c1CSCC2
4B7P,5LR1,P07900,HSP90AA1,72Y,Cc1cnc(Cn2ccc3c(Cl)nc(N)nc32)c(C)c1Cl
3EKO,1UYI,P07900,HSP90AA1,PUZ,C#CCCCn1c(Cc2cc(OC)ccc2OC)nc2c(N)nc(F)nc21
4CWN,5CF0,P07900,HSP90AA1,FJS,COc1ccc(-c2c(-c3cc(-c4cncc5ccccc45)c(O)cc3O)noc2NC(=O)C2CC2)cc1
1UYE,4BQJ,P07900,HSP90AA1,XKL,CCNC(=O)c1cc(-c2c(O)cc(O)cc2Oc2ccc([N+](=O)[O-])cc2)on1
1UYE,4XIP,P07900,HSP90AA1,40W,Cc1cn(-c2ccc(C(N)=O)cc2)c2c1C(=O)CC(C)(C)C2
1UYE,4NH8,P07900,HSP90AA1,2LC,Cc1cn(-c2cc(F)c(C(N)=O)c(N[C@H]3CCOC3)c2)c2c1C(=O)CC(C)(C)C2
2XHR,2WI4,P07900,HSP90AA1,ZZ4,Nc1ncc(N=Nc2ccccc2)c(-c2ccc(Cl)cc2Cl)n1
2XJX,2BZ5,P07900,HSP90AA1,AB4,O=S(=O)(Nc1ccc(O)c(-c2c(O)ccc3ccccc23)c1)c1cc(Cl)ccc1Cl
2YKB,4FCR,P07900,HSP90AA1,0TM,COc1cc(Cl)c(-c2nc(SCC(=O)N(C)C)nc3[nH]cc(C#N)c23)cc1OC
4LWE,5LO1,P07900,HSP90AA1,70L,CCNC(=O)C1(c2ccc3nc(N)nc(C(=O)N4Cc5ccccc5C4)c3c2)CCC1
2CCT,3K98,P07900,HSP90AA1,1RC PO4,CCNC(=O)[C@H]1c2ccccc2CN1C(=O)c1cc(Cl)c(O)cc1O O=P([O-])([O-])[O-]
5M4H,3T2S,P07900,HSP90AA1,AGS MG,Nc1ncnc2c1ncn2[C@@H]1O[C@H](COP(=O)(O)OP(=O)(O)OP(O)(O)=S)[C@@H](O)[C@H]1O [Mg+2]
5J9X,3R4N,P07900,HSP90AA1,FU5,Cc1cc(-c2c(Cl)cccc2OCCCC(F)(F)F)nc(N)n1
1OSF,2BSM,P07900,HSP90AA1,BSM,CCNC(=O)c1n[nH]c(-c2cc(Cl)c(O)cc2O)c1-c1ccc(OC)cc1
4EFT,2BT0,P07900,HSP90AA1,CT5,CCc1cc(-c2[nH]nc(C)c2-c2ccc3c(c2)OCCO3)c(O)cc1O
5J6N,4BQG,P07900,HSP90AA1,50Q,Oc1cc(O)cc(Oc2ccc(Cl)c(Cl)c2)c1
2YI5,3TUH,P07900,HSP90AA1,TUH,CC(C)c1cc(-c2n[nH]c(=O)n2-c2ccc3c(ccn3C)c2)c(O)cc1O
4MLH,3GOI,P35557,GCK,LOI GLC,CNc1ccc(Sc2nncn2C)cc1C(=O)Nc1nc(C)cs1 OC[C@H]1O[C@H](O)[C@H](O)[C@@H](O)[C@@H]1O
4MLH,3VEV,P35557,GCK,GLC 0H4 NA,OC[C@H]1O[C@H](O)[C@H](O)[C@@H](O)[C@@H]1O Cc1ccc(NC(=O)[C@H](CC2CCCC2)n2ccc(C(F)(F)F)cc2=O)nc1 [Na+]
4MLH,4IWV,P35557,GCK,1J9 GLC NA,O=C(Nc1ccc(Cl)cn1)[C@H](COCCO)Oc1ncnc2c1cnn2-c1ccccc1Cl OC[C@H]1O[C@H](O)[C@H](O)[C@@H](O)[C@@H]1O [Na+]
4IXC,4DCH,P35557,GCK,GLC 4DC IOD,OC[C@H]1O[C@H](O)[C@H](O)[C@@H](O)[C@@H]1O CS(=O)(=O)c1ccc([C@@H](CC2CCCC2)C(=O)Nc2nccs2)cc1 [I-]
4IXC,4MLE,P35557,GCK,GLC VO1,OC[C@H]1O[C@H](O)[C@H](O)[C@@H](O)[C@@H]1O Cc1csc(Nc2ncccc2OCc2ccccc2)n1
4IXC,3VF6,P35557,GCK,GLC 0H6 NA,OC[C@H]1O[C@H](O)[C@H](O)[C@@H](O)[C@@H]1O O=C(O)c1ccc(NC(=O)[C@H](CC2CCCC2)n2cnc(C(F)(F)F)c2)nc1 [Na+]
3A0I,3VEY,P35557,GCK,GLC NA AGS 0H5,OC[C@H]1O[C@H](O)[C@H](O)[C@@H](O)[C@@H]1O [Na+] Nc1ncnc2c1ncn2[C@@H]1O[C@H](COP(=O)(O)OP(=O)(O)OP(O)(O)=S)[C@@H](O)[C@H]1O COc1ccc2ncnc(Nc3ccn(C)n3)c2c1
3VEY,4L3Q,P35557,GCK,926 GLC,Cn1ccnc1Sc1cccc(-c2cccc(=O)[nH]2)c1 OC[C@H]1O[C@H](O)[C@H](O)[C@@H](O)[C@@H]1O
3VEY,3S41,P35557,GCK,GLC NA S41,OC[C@H]1O[C@H](O)[C@H](O)[C@@H](O)[C@@H]1O [Na+] Cc1cnc(NC(=O)c2cc(Oc3cnc(C(=O)N(C)C)nc3)c3cc(C)oc3c2)cn1
3VEY,3VEV,P35557,GCK,GLC 0H4 NA,OC[C@H]1O[C@H](O)[C@H](O)[C@@H](O)[C@@H]1O Cc1ccc(NC(=O)[C@H](CC2CCCC2)n2ccc(C(F)(F)F)cc2=O)nc1 [Na+]
3VEY,3VF6,P35557,GCK,GLC 0H6 NA,OC[C@H]1O[C@H](O)[C@H](O)[C@@H](O)[C@@H]1O O=C(O)c1ccc(NC(=O)[C@H](CC2CCCC2)n2cnc(C(F)(F)F)c2)nc1 [Na+]
3VF6,3S41,P35557,GCK,GLC NA S41,OC[C@H]1O[C@H](O)[C@H](O)[C@@H](O)[C@@H]1O [Na+] Cc1cnc(NC(=O)c2cc(Oc3cnc(C(=O)N(C)C)nc3)c3cc(C)oc3c2)cn1
3VF6,4DCH,P35557,GCK,GLC 4DC IOD,OC[C@H]1O[C@H](O)[C@H](O)[C@@H](O)[C@@H]1O CS(=O)(=O)c1ccc([C@@H](CC2CCCC2)C(=O)Nc2nccs2)cc1 [I-]
3VF6,4ISE,P35557,GCK,GLC 1FW IOD,OC[C@H]1O[C@H](O)[C@H](O)[C@@H](O)[C@@H]1O O=C(Nc1nccs1)[C@H](CC1CCCCC1)n1cnc2ccc(F)cc2c1=O [I-]
3VF6,5V4W,P35557,GCK,IOD 8WM GLC,[I-] O=C(Nc1ncc(F)s1)[C@H](CC1CCOCC1)n1ncc2c(S(=O)(=O)C3CC3)cccc21 OC[C@H]1O[C@H](O)[C@H](O)[C@@H](O)[C@@H]1O
4RCH,1V4S,P35557,GCK,GLC NA MRK,OC[C@H]1O[C@H](O)[C@H](O)[C@@H](O)[C@@H]1O [Na+] Cn1ccnc1Sc1cc(C(=O)Nc2nccs2)c(N)cc1F
4RCH,4DCH,P35557,GCK,GLC 4DC IOD,OC[C@H]1O[C@H](O)[C@H](O)[C@@H](O)[C@@H]1O CS(=O)(=O)c1ccc([C@@H](CC2CCCC2)C(=O)Nc2nccs2)cc1 [I-]
4RCH,3H1V,P35557,GCK,GLC TK1 NA,OC[C@H]1O[C@H](O)[C@H](O)[C@@H](O)[C@@H]1O CS(=O)(=O)c1ccc(Oc2cc3nc(-c4ccccn4)[nH]c3cc2CN2C(=O)CCC2=O)cc1 [Na+]
4RCH,3VEY,P35557,GCK,GLC NA AGS 0H5,OC[C@H]1O[C@H](O)[C@H](O)[C@@H](O)[C@@H]1O [Na+] Nc1ncnc2c1ncn2[C@@H]1O[C@H](COP(=O)(O)OP(=O)(O)OP(O)(O)=S)[C@@H](O)[C@H]1O COc1ccc2ncnc(Nc3ccn(C)n3)c2c1
4RCH,3IMX,P35557,GCK,GLC B84 NA,OC[C@H]1O[C@H](O)[C@H](O)[C@@H](O)[C@@H]1O COc1ccc2nc(NC(=O)[C@H](CC3CCCC3)c3ccc(S(=O)(=O)N4CCN(C)CC4)cc3)sc2n1 [Na+]
4NO7,4L3Q,P35557,GCK,926 GLC,Cn1ccnc1Sc1cccc(-c2cccc(=O)[nH]2)c1 OC[C@H]1O[C@H](O)[C@H](O)[C@@H](O)[C@@H]1O
4NO7,3S41,P35557,GCK,GLC NA S41,OC[C@H]1O[C@H](O)[C@H](O)[C@@H](O)[C@@H]1O [Na+] Cc1cnc(NC(=O)c2cc(Oc3cnc(C(=O)N(C)C)nc3)c3cc(C)oc3c2)cn1
4NO7,1V4S,P35557,GCK,GLC NA MRK,OC[C@H]1O[C@H](O)[C@H](O)[C@@H](O)[C@@H]1O [Na+] Cn1ccnc1Sc1cc(C(=O)Nc2nccs2)c(N)cc1F
4NO7,3FR0,P35557,GCK,NA AJB GLC,[Na+] Cc1csc(NC(=O)c2cc(Sc3nncn3C)ccc2N)n1 OC[C@H]1O[C@H](O)[C@H](O)[C@@H](O)[C@@H]1O
4NO7,3VEY,P35557,GCK,GLC NA AGS 0H5,OC[C@H]1O[C@H](O)[C@H](O)[C@@H](O)[C@@H]1O [Na+] Nc1ncnc2c1ncn2[C@@H]1O[C@H](COP(=O)(O)OP(=O)(O)OP(O)(O)=S)[C@@H](O)[C@H]1O COc1ccc2ncnc(Nc3ccn(C)n3)c2c1
4NO7,5V4X,P35557,GCK,IOD 8WJ GLC,[I-] O=C(Nc1nccs1)[C@H](CC1CCCCC1)n1ccc(S(=O)(=O)C2CCCC2)cc1=O OC[C@H]1O[C@H](O)[C@H](O)[C@@H](O)[C@@H]1O
4NO7,3IMX,P35557,GCK,GLC B84 NA,OC[C@H]1O[C@H](O)[C@H](O)[C@@H](O)[C@@H]1O COc1ccc2nc(NC(=O)[C@H](CC3CCCC3)c3ccc(S(=O)(=O)N4CCN(C)CC4)cc3)sc2n1 [Na+]
3F9M,3S41,P35557,GCK,GLC NA S41,OC[C@H]1O[C@H](O)[C@H](O)[C@@H](O)[C@@H]1O [Na+] Cc1cnc(NC(=O)c2cc(Oc3cnc(C(=O)N(C)C)nc3)c3cc(C)oc3c2)cn1
3F9M,3A0I,P35557,GCK,NA AJI GLC,[Na+] Cc1csc(NC(=O)c2nc(Sc3nncn3C)ccc2Sc2ccc(F)cc2)n1 OC[C@H]1O[C@H](O)[C@H](O)[C@@H](O)[C@@H]1O
3F9M,3H1V,P35557,GCK,GLC TK1 NA,OC[C@H]1O[C@H](O)[C@H](O)[C@@H](O)[C@@H]1O CS(=O)(=O)c1ccc(Oc2cc3nc(-c4ccccn4)[nH]c3cc2CN2C(=O)CCC2=O)cc1 [Na+]
3F9M,5V4W,P35557,GCK,IOD 8WM GLC,[I-] O=C(Nc1ncc(F)s1)[C@H](CC1CCOCC1)n1ncc2c(S(=O)(=O)C3CC3)cccc21 OC[C@H]1O[C@H](O)[C@H](O)[C@@H](O)[C@@H]1O
3F9M,4IXC,P35557,GCK,NA GLC 1JD,[Na+] OC[C@H]1O[C@H](O)[C@H](O)[C@@H](O)[C@@H]1O Cc1ccc(NC(=O)[C@H](COC(C)C)Oc2ncnc3c2cnn3-c2ncccc2Cl)nc1
3F9M,4MLE,P35557,GCK,GLC VO1,OC[C@H]1O[C@H](O)[C@H](O)[C@@H](O)[C@@H]1O Cc1csc(Nc2ncccc2OCc2ccccc2)n1
3F9M,3VF6,P35557,GCK,GLC 0H6 NA,OC[C@H]1O[C@H](O)[C@H](O)[C@@H](O)[C@@H]1O O=C(O)c1ccc(NC(=O)[C@H](CC2CCCC2)n2cnc(C(F)(F)F)c2)nc1 [Na+]
3F9M,4IWV,P35557,GCK,1J9 GLC NA,O=C(Nc1ccc(Cl)cn1)[C@H](COCCO)Oc1ncnc2c1cnn2-c1ccccc1Cl OC[C@H]1O[C@H](O)[C@H](O)[C@@H](O)[C@@H]1O [Na+]
3F9M,3IMX,P35557,GCK,GLC B84 NA,OC[C@H]1O[C@H](O)[C@H](O)[C@@H](O)[C@@H]1O COc1ccc2nc(NC(=O)[C@H](CC3CCCC3)c3ccc(S(=O)(=O)N4CCN(C)CC4)cc3)sc2n1 [Na+]
3H1V,3VEY,P35557,GCK,GLC NA AGS 0H5,OC[C@H]1O[C@H](O)[C@H](O)[C@@H](O)[C@@H]1O [Na+] Nc1ncnc2c1ncn2[C@@H]1O[C@H](COP(=O)(O)OP(=O)(O)OP(O)(O)=S)[C@@H](O)[C@H]1O COc1ccc2ncnc(Nc3ccn(C)n3)c2c1
3H1V,4NO7,P35557,GCK,GLC 2N8,OC[C@H]1O[C@H](O)[C@H](O)[C@@H](O)[C@@H]1O CS(=O)(=O)c1ccc([C@@H](C[C@H]2CCC(=O)C2)C(=O)Nc2cnccn2)cc1Cl
4ISE,3GOI,P35557,GCK,LOI GLC,CNc1ccc(Sc2nncn2C)cc1C(=O)Nc1nc(C)cs1 OC[C@H]1O[C@H](O)[C@H](O)[C@@H](O)[C@@H]1O
4ISE,4DCH,P35557,GCK,GLC 4DC IOD,OC[C@H]1O[C@H](O)[C@H](O)[C@@H](O)[C@@H]1O CS(=O)(=O)c1ccc([C@@H](CC2CCCC2)C(=O)Nc2nccs2)cc1 [I-]
4ISE,4IXC,P35557,GCK,NA GLC 1JD,[Na+] OC[C@H]1O[C@H](O)[C@H](O)[C@@H](O)[C@@H]1O Cc1ccc(NC(=O)[C@H](COC(C)C)Oc2ncnc3c2cnn3-c2ncccc2Cl)nc1
3S41,1V4S,P35557,GCK,GLC NA MRK,OC[C@H]1O[C@H](O)[C@H](O)[C@@H](O)[C@@H]1O [Na+] Cn1ccnc1Sc1cc(C(=O)Nc2nccs2)c(N)cc1F
3S41,3VEV,P35557,GCK,GLC 0H4 NA,OC[C@H]1O[C@H](O)[C@H](O)[C@@H](O)[C@@H]1O Cc1ccc(NC(=O)[C@H](CC2CCCC2)n2ccc(C(F)(F)F)cc2=O)nc1 [Na+]
3S41,4MLE,P35557,GCK,GLC VO1,OC[C@H]1O[C@H](O)[C@H](O)[C@@H](O)[C@@H]1O Cc1csc(Nc2ncccc2OCc2ccccc2)n1
3S41,4MLH,P35557,GCK,VO2 GLC,Cc1cnc(Nc2nc(C)cs2)c(OCc2ccccc2)c1 OC[C@H]1O[C@H](O)[C@H](O)[C@@H](O)[C@@H]1O
5V4X,4ISE,P35557,GCK,GLC 1FW IOD,OC[C@H]1O[C@H](O)[C@H](O)[C@@H](O)[C@@H]1O O=C(Nc1nccs1)[C@H](CC1CCCCC1)n1cnc2ccc(F)cc2c1=O [I-]
5V4X,3FR0,P35557,GCK,NA AJB GLC,[Na+] Cc1csc(NC(=O)c2cc(Sc3nncn3C)ccc2N)n1 OC[C@H]1O[C@H](O)[C@H](O)[C@@H](O)[C@@H]1O
5V4X,5V4W,P35557,GCK,IOD 8WM GLC,[I-] O=C(Nc1ncc(F)s1)[C@H](CC1CCOCC1)n1ncc2c(S(=O)(=O)C3CC3)cccc21 OC[C@H]1O[C@H](O)[C@H](O)[C@@H](O)[C@@H]1O
4L3Q,4RCH,P35557,GCK,3LZ GLC,CCc1ncccc1Oc1cc(Sc2ccccn2)cnc1NC(=O)NC OC[C@H]1O[C@H](O)[C@H](O)[C@@H](O)[C@@H]1O
4L3Q,1V4S,P35557,GCK,GLC NA MRK,OC[C@H]1O[C@H](O)[C@H](O)[C@@H](O)[C@@H]1O [Na+] Cn1ccnc1Sc1cc(C(=O)Nc2nccs2)c(N)cc1F
4L3Q,4ISE,P35557,GCK,GLC 1FW IOD,OC[C@H]1O[C@H](O)[C@H](O)[C@@H](O)[C@@H]1O O=C(Nc1nccs1)[C@H](CC1CCCCC1)n1cnc2ccc(F)cc2c1=O [I-]
4L3Q,3H1V,P35557,GCK,GLC TK1 NA,OC[C@H]1O[C@H](O)[C@H](O)[C@@H](O)[C@@H]1O CS(=O)(=O)c1ccc(Oc2cc3nc(-c4ccccn4)[nH]c3cc2CN2C(=O)CCC2=O)cc1 [Na+]
4L3Q,4ISG,P35557,GCK,GLC 1FY IOD,OC[C@H]1O[C@H](O)[C@H](O)[C@@H](O)[C@@H]1O CS(=O)(=O)N1CCN([C@@H](CC2CCCCC2)C(=O)Nc2nccs2)C(=O)C1 [I-]
4ISG,4RCH,P35557,GCK,3LZ GLC,CCc1ncccc1Oc1cc(Sc2ccccn2)cnc1NC(=O)NC OC[C@H]1O[C@H](O)[C@H](O)[C@@H](O)[C@@H]1O
4ISG,1V4S,P35557,GCK,GLC NA MRK,OC[C@H]1O[C@H](O)[C@H](O)[C@@H](O)[C@@H]1O [Na+] Cn1ccnc1Sc1cc(C(=O)Nc2nccs2)c(N)cc1F
4ISG,4IWV,P35557,GCK,1J9 GLC NA,O=C(Nc1ccc(Cl)cn1)[C@H](COCCO)Oc1ncnc2c1cnn2-c1ccccc1Cl OC[C@H]1O[C@H](O)[C@H](O)[C@@H](O)[C@@H]1O [Na+]
4ISG,4MLH,P35557,GCK,VO2 GLC,Cc1cnc(Nc2nc(C)cs2)c(OCc2ccccc2)c1 OC[C@H]1O[C@H](O)[C@H](O)[C@@H](O)[C@@H]1O
4IWV,3GOI,P35557,GCK,LOI GLC,CNc1ccc(Sc2nncn2C)cc1C(=O)Nc1nc(C)cs1 OC[C@H]1O[C@H](O)[C@H](O)[C@@H](O)[C@@H]1O
4IWV,4DCH,P35557,GCK,GLC 4DC IOD,OC[C@H]1O[C@H](O)[C@H](O)[C@@H](O)[C@@H]1O CS(=O)(=O)c1ccc([C@@H](CC2CCCC2)C(=O)Nc2nccs2)cc1 [I-]
4IWV,5V4W,P35557,GCK,IOD 8WM GLC,[I-] O=C(Nc1ncc(F)s1)[C@H](CC1CCOCC1)n1ncc2c(S(=O)(=O)C3CC3)cccc21 OC[C@H]1O[C@H](O)[C@H](O)[C@@H](O)[C@@H]1O
4IWV,3VF6,P35557,GCK,GLC 0H6 NA,OC[C@H]1O[C@H](O)[C@H](O)[C@@H](O)[C@@H]1O O=C(O)c1ccc(NC(=O)[C@H](CC2CCCC2)n2cnc(C(F)(F)F)c2)nc1 [Na+]
5V4W,4DCH,P35557,GCK,GLC 4DC IOD,OC[C@H]1O[C@H](O)[C@H](O)[C@@H](O)[C@@H]1O CS(=O)(=O)c1ccc([C@@H](CC2CCCC2)C(=O)Nc2nccs2)cc1 [I-]
5V4W,4ISG,P35557,GCK,GLC 1FY IOD,OC[C@H]1O[C@H](O)[C@H](O)[C@@H](O)[C@@H]1O CS(=O)(=O)N1CCN([C@@H](CC2CCCCC2)C(=O)Nc2nccs2)C(=O)C1 [I-]
5V4W,3VF6,P35557,GCK,GLC 0H6 NA,OC[C@H]1O[C@H](O)[C@H](O)[C@@H](O)[C@@H]1O O=C(O)c1ccc(NC(=O)[C@H](CC2CCCC2)n2cnc(C(F)(F)F)c2)nc1 [Na+]
5V4W,4MLH,P35557,GCK,VO2 GLC,Cc1cnc(Nc2nc(C)cs2)c(OCc2ccccc2)c1 OC[C@H]1O[C@H](O)[C@H](O)[C@@H](O)[C@@H]1O
4ISF,4DCH,P35557,GCK,GLC 4DC IOD,OC[C@H]1O[C@H](O)[C@H](O)[C@@H](O)[C@@H]1O CS(=O)(=O)c1ccc([C@@H](CC2CCCC2)C(=O)Nc2nccs2)cc1 [I-]
4ISF,4ISG,P35557,GCK,GLC 1FY IOD,OC[C@H]1O[C@H](O)[C@H](O)[C@@H](O)[C@@H]1O CS(=O)(=O)N1CCN([C@@H](CC2CCCCC2)C(=O)Nc2nccs2)C(=O)C1 [I-]
3VEV,3VF6,P35557,GCK,GLC 0H6 NA,OC[C@H]1O[C@H](O)[C@H](O)[C@@H](O)[C@@H]1O O=C(O)c1ccc(NC(=O)[C@H](CC2CCCC2)n2cnc(C(F)(F)F)c2)nc1 [Na+]
3VEV,4IWV,P35557,GCK,1J9 GLC NA,O=C(Nc1ccc(Cl)cn1)[C@H](COCCO)Oc1ncnc2c1cnn2-c1ccccc1Cl OC[C@H]1O[C@H](O)[C@H](O)[C@@H](O)[C@@H]1O [Na+]
3VEV,4MLH,P35557,GCK,VO2 GLC,Cc1cnc(Nc2nc(C)cs2)c(OCc2ccccc2)c1 OC[C@H]1O[C@H](O)[C@H](O)[C@@H](O)[C@@H]1O
3VEV,5V4X,P35557,GCK,IOD 8WJ GLC,[I-] O=C(Nc1nccs1)[C@H](CC1CCCCC1)n1ccc(S(=O)(=O)C2CCCC2)cc1=O OC[C@H]1O[C@H](O)[C@H](O)[C@@H](O)[C@@H]1O
1V4S,4L3Q,P35557,GCK,926 GLC,Cn1ccnc1Sc1cccc(-c2cccc(=O)[nH]2)c1 OC[C@H]1O[C@H](O)[C@H](O)[C@@H](O)[C@@H]1O
1V4S,4DCH,P35557,GCK,GLC 4DC IOD,OC[C@H]1O[C@H](O)[C@H](O)[C@@H](O)[C@@H]1O CS(=O)(=O)c1ccc([C@@H](CC2CCCC2)C(=O)Nc2nccs2)cc1 [I-]
1V4S,3FR0,P35557,GCK,NA AJB GLC,[Na+] Cc1csc(NC(=O)c2cc(Sc3nncn3C)ccc2N)n1 OC[C@H]1O[C@H](O)[C@H](O)[C@@H](O)[C@@H]1O
3ID8,4DCH,P35557,GCK,GLC 4DC IOD,OC[C@H]1O[C@H](O)[C@H](O)[C@@H](O)[C@@H]1O CS(=O)(=O)c1ccc([C@@H](CC2CCCC2)C(=O)Nc2nccs2)cc1 [I-]
3ID8,4ISF,P35557,GCK,GLC 1FX IOD,OC[C@H]1O[C@H](O)[C@H](O)[C@@H](O)[C@@H]1O O=C(Nc1nccs1)[C@H](CC1CCCCC1)n1c(=O)[nH]c2ccc(F)cc2c1=O [I-]
3ID8,3A0I,P35557,GCK,NA AJI GLC,[Na+] Cc1csc(NC(=O)c2nc(Sc3nncn3C)ccc2Sc2ccc(F)cc2)n1 OC[C@H]1O[C@H](O)[C@H](O)[C@@H](O)[C@@H]1O
3ID8,4IXC,P35557,GCK,NA GLC 1JD,[Na+] OC[C@H]1O[C@H](O)[C@H](O)[C@@H](O)[C@@H]1O Cc1ccc(NC(=O)[C@H](COC(C)C)Oc2ncnc3c2cnn3-c2ncccc2Cl)nc1
4DCH,3S41,P35557,GCK,GLC NA S41,OC[C@H]1O[C@H](O)[C@H](O)[C@@H](O)[C@@H]1O [Na+] Cc1cnc(NC(=O)c2cc(Oc3cnc(C(=O)N(C)C)nc3)c3cc(C)oc3c2)cn1
4DCH,3A0I,P35557,GCK,NA AJI GLC,[Na+] Cc1csc(NC(=O)c2nc(Sc3nncn3C)ccc2Sc2ccc(F)cc2)n1 OC[C@H]1O[C@H](O)[C@H](O)[C@@H](O)[C@@H]1O
4DCH,4NO7,P35557,GCK,GLC 2N8,OC[C@H]1O[C@H](O)[C@H](O)[C@@H](O)[C@@H]1O CS(=O)(=O)c1ccc([C@@H](C[C@H]2CCC(=O)C2)C(=O)Nc2cnccn2)cc1Cl
3GOI,4ISE,P35557,GCK,GLC 1FW IOD,OC[C@H]1O[C@H](O)[C@H](O)[C@@H](O)[C@@H]1O O=C(Nc1nccs1)[C@H](CC1CCCCC1)n1cnc2ccc(F)cc2c1=O [I-]
3GOI,4ISG,P35557,GCK,GLC 1FY IOD,OC[C@H]1O[C@H](O)[C@H](O)[C@@H](O)[C@@H]1O CS(=O)(=O)N1CCN([C@@H](CC2CCCCC2)C(=O)Nc2nccs2)C(=O)C1 [I-]
3GOI,3IMX,P35557,GCK,GLC B84 NA,OC[C@H]1O[C@H](O)[C@H](O)[C@@H](O)[C@@H]1O COc1ccc2nc(NC(=O)[C@H](CC3CCCC3)c3ccc(S(=O)(=O)N4CCN(C)CC4)cc3)sc2n1 [Na+]
3FR0,4MLE,P35557,GCK,GLC VO1,OC[C@H]1O[C@H](O)[C@H](O)[C@@H](O)[C@@H]1O Cc1csc(Nc2ncccc2OCc2ccccc2)n1
3FR0,3IMX,P35557,GCK,GLC B84 NA,OC[C@H]1O[C@H](O)[C@H](O)[C@@H](O)[C@@H]1O COc1ccc2nc(NC(=O)[C@H](CC3CCCC3)c3ccc(S(=O)(=O)N4CCN(C)CC4)cc3)sc2n1 [Na+]
4DHY,4RCH,P35557,GCK,3LZ GLC,CCc1ncccc1Oc1cc(Sc2ccccn2)cnc1NC(=O)NC OC[C@H]1O[C@H](O)[C@H](O)[C@@H](O)[C@@H]1O
4DHY,3GOI,P35557,GCK,LOI GLC,CNc1ccc(Sc2nncn2C)cc1C(=O)Nc1nc(C)cs1 OC[C@H]1O[C@H](O)[C@H](O)[C@@H](O)[C@@H]1O
4DHY,3VEV,P35557,GCK,GLC 0H4 NA,OC[C@H]1O[C@H](O)[C@H](O)[C@@H](O)[C@@H]1O Cc1ccc(NC(=O)[C@H](CC2CCCC2)n2ccc(C(F)(F)F)cc2=O)nc1 [Na+]
4DHY,4MLE,P35557,GCK,GLC VO1,OC[C@H]1O[C@H](O)[C@H](O)[C@@H](O)[C@@H]1O Cc1csc(Nc2ncccc2OCc2ccccc2)n1
4DHY,4IWV,P35557,GCK,1J9 GLC NA,O=C(Nc1ccc(Cl)cn1)[C@H](COCCO)Oc1ncnc2c1cnn2-c1ccccc1Cl OC[C@H]1O[C@H](O)[C@H](O)[C@@H](O)[C@@H]1O [Na+]
4DHY,4MLH,P35557,GCK,VO2 GLC,Cc1cnc(Nc2nc(C)cs2)c(OCc2ccccc2)c1 OC[C@H]1O[C@H](O)[C@H](O)[C@@H](O)[C@@H]1O
3IMX,4L3Q,P35557,GCK,926 GLC,Cn1ccnc1Sc1cccc(-c2cccc(=O)[nH]2)c1 OC[C@H]1O[C@H](O)[C@H](O)[C@@H](O)[C@@H]1O
3IMX,3GOI,P35557,GCK,LOI GLC,CNc1ccc(Sc2nncn2C)cc1C(=O)Nc1nc(C)cs1 OC[C@H]1O[C@H](O)[C@H](O)[C@@H](O)[C@@H]1O
3IMX,4ISF,P35557,GCK,GLC 1FX IOD,OC[C@H]1O[C@H](O)[C@H](O)[C@@H](O)[C@@H]1O O=C(Nc1nccs1)[C@H](CC1CCCCC1)n1c(=O)[nH]c2ccc(F)cc2c1=O [I-]
3IMX,3H1V,P35557,GCK,GLC TK1 NA,OC[C@H]1O[C@H](O)[C@H](O)[C@@H](O)[C@@H]1O CS(=O)(=O)c1ccc(Oc2cc3nc(-c4ccccn4)[nH]c3cc2CN2C(=O)CCC2=O)cc1 [Na+]
3IMX,4IXC,P35557,GCK,NA GLC 1JD,[Na+] OC[C@H]1O[C@H](O)[C@H](O)[C@@H](O)[C@@H]1O Cc1ccc(NC(=O)[C@H](COC(C)C)Oc2ncnc3c2cnn3-c2ncccc2Cl)nc1
3IMX,4ISG,P35557,GCK,GLC 1FY IOD,OC[C@H]1O[C@H](O)[C@H](O)[C@@H](O)[C@@H]1O CS(=O)(=O)N1CCN([C@@H](CC2CCCCC2)C(=O)Nc2nccs2)C(=O)C1 [I-]
4MLE,4ISE,P35557,GCK,GLC 1FW IOD,OC[C@H]1O[C@H](O)[C@H](O)[C@@H](O)[C@@H]1O O=C(Nc1nccs1)[C@H](CC1CCCCC1)n1cnc2ccc(F)cc2c1=O [I-]
4MLE,4ISF,P35557,GCK,GLC 1FX IOD,OC[C@H]1O[C@H](O)[C@H](O)[C@@H](O)[C@@H]1O O=C(Nc1nccs1)[C@H](CC1CCCCC1)n1c(=O)[nH]c2ccc(F)cc2c1=O [I-]
1JQH,3I81,P08069,IGF1R,EBI,C[C@@]1(C(=O)Nc2ccc(F)nc2)CCCN1c1nc(Nc2cc(C3CC3)n[nH]2)c2cccn2n1
1JQH,5HZN,P08069,IGF1R,66A MES SO4,Nc1ncnc2c1c(-c1cccc(OCc3ccccc3)c1)cn2[C@H]1C[C@@H](CN2CCC2)C1 O=S(=O)([O-])CC[NH+]1CCOCC1 O=S(=O)([O-])[O-]
1JQH,3LVP,P08069,IGF1R,PDR EPE SO4,COc1cc2c(nc1OC)c(-c1cc3c(Cl)ccnc3[nH]1)cn2C O=S(=O)(O)CCN1CCN(CCO)CC1 O=S(=O)([O-])[O-]
1JQH,3NW6,P08069,IGF1R,LGW,O=C(c1ccc(F)nc1)N1CCC[C@H]1c1nc(Nc2cc(C3CC3)[nH]n2)c2cccn2n1
2ZM3,3D94,P08069,IGF1R,CA D94,[Ca+2] CN1CCN([C@H]2C[C@@H](c3nc(-c4ccc5ccc(-c6ccccc6)nc5c4)c4c(N)nccn43)C2)CC1
2ZM3,5FXR,P08069,IGF1R,8LN,Cc1nn(C2CCNCC2)cc1Nc1ncc(Cl)c(-c2cnc3ccccn23)n1
3O23,3I81,P08069,IGF1R,EBI,C[C@@]1(C(=O)Nc2ccc(F)nc2)CCCN1c1nc(Nc2cc(C3CC3)n[nH]2)c2cccn2n1
3O23,5FXQ,P08069,IGF1R,GD5,Cc1c(Nc2ncc(Cl)c(-c3cnc4ccccn34)n2)cnn1C1CCNCC1
3O23,5FXR,P08069,IGF1R,8LN,Cc1nn(C2CCNCC2)cc1Nc1ncc(Cl)c(-c2cnc3ccccn23)n1
3O23,1K3A,P08069,IGF1R,ACP,Nc1ncnc2c1ncn2[C@@H]1O[C@H](CO[P@@](=O)(O)O[P@@](=O)(O)CP(=O)(O)O)[C@@H](O)[C@H]1O
3O23,2OJ9,P08069,IGF1R,BMI,Cc1cc(-n2ccnc2)cc2nc(-c3c(NCc4ccccn4)cc[nH]c3=O)[nH]c12
3O23,3LVP,P08069,IGF1R,PDR EPE SO4,COc1cc2c(nc1OC)c(-c1cc3c(Cl)ccnc3[nH]1)cn2C O=S(=O)(O)CCN1CCN(CCO)CC1 O=S(=O)([O-])[O-]
3O23,3NW6,P08069,IGF1R,LGW,O=C(c1ccc(F)nc1)N1CCC[C@H]1c1nc(Nc2cc(C3CC3)[nH]n2)c2cccn2n1
3NW7,3NW5,P08069,IGF1R,LGX,O=C(c1ccc(F)nc1)N1CCC[C@@H]1c1nc(Nc2cc(C3CC3)[nH]n2)c2cccn2n1
3NW7,5FXQ,P08069,IGF1R,GD5,Cc1c(Nc2ncc(Cl)c(-c3cnc4ccccn34)n2)cnn1C1CCNCC1
3NW7,3D94,P08069,IGF1R,CA D94,[Ca+2] CN1CCN([C@H]2C[C@@H](c3nc(-c4ccc5ccc(-c6ccccc6)nc5c4)c4c(N)nccn43)C2)CC1
3NW7,3QQU,P08069,IGF1R,01P,COc1cc(Nc2nccc(Nc3cnc4ccccc4c3)n2)ccc1N1CCOCC1
3NW7,2ZM3,P08069,IGF1R,575,O=C1NC(=O)c2ccc(Br)cc2/C1=C/Nc1ccc(CN2CCCC2)cc1
3NW7,2OJ9,P08069,IGF1R,BMI,Cc1cc(-n2ccnc2)cc2nc(-c3c(NCc4ccccn4)cc[nH]c3=O)[nH]c12
3NW7,3LVP,P08069,IGF1R,PDR EPE SO4,COc1cc2c(nc1OC)c(-c1cc3c(Cl)ccnc3[nH]1)cn2C O=S(=O)(O)CCN1CCN(CCO)CC1 O=S(=O)([O-])[O-]
3NW7,4D2R,P08069,IGF1R,DYK CL,COc1cc(OC2CCN(C)CC2)ccc1Nc1nccc(-c2c[nH]c3cnccc23)n1 [Cl-]
3NW7,3NW6,P08069,IGF1R,LGW,O=C(c1ccc(F)nc1)N1CCC[C@H]1c1nc(Nc2cc(C3CC3)[nH]n2)c2cccn2n1
4D2R,3I81,P08069,IGF1R,EBI,C[C@@]1(C(=O)Nc2ccc(F)nc2)CCCN1c1nc(Nc2cc(C3CC3)n[nH]2)c2cccn2n1
4D2R,5FXQ,P08069,IGF1R,GD5,Cc1c(Nc2ncc(Cl)c(-c3cnc4ccccn34)n2)cnn1C1CCNCC1
4D2R,3D94,P08069,IGF1R,CA D94,[Ca+2] CN1CCN([C@H]2C[C@@H](c3nc(-c4ccc5ccc(-c6ccccc6)nc5c4)c4c(N)nccn43)C2)CC1
4D2R,5FXR,P08069,IGF1R,8LN,Cc1nn(C2CCNCC2)cc1Nc1ncc(Cl)c(-c2cnc3ccccn23)n1
4D2R,1K3A,P08069,IGF1R,ACP,Nc1ncnc2c1ncn2[C@@H]1O[C@H](CO[P@@](=O)(O)O[P@@](=O)(O)CP(=O)(O)O)[C@@H](O)[C@H]1O
4D2R,5HZN,P08069,IGF1R,66A MES SO4,Nc1ncnc2c1c(-c1cccc(OCc3ccccc3)c1)cn2[C@H]1C[C@@H](CN2CCC2)C1 O=S(=O)([O-])CC[NH+]1CCOCC1 O=S(=O)([O-])[O-]
4D2R,2ZM3,P08069,IGF1R,575,O=C1NC(=O)c2ccc(Br)cc2/C1=C/Nc1ccc(CN2CCCC2)cc1
4D2R,2OJ9,P08069,IGF1R,BMI,Cc1cc(-n2ccnc2)cc2nc(-c3c(NCc4ccccn4)cc[nH]c3=O)[nH]c12
4D2R,3LVP,P08069,IGF1R,PDR EPE SO4,COc1cc2c(nc1OC)c(-c1cc3c(Cl)ccnc3[nH]1)cn2C O=S(=O)(O)CCN1CCN(CCO)CC1 O=S(=O)([O-])[O-]
4D2R,3NW6,P08069,IGF1R,LGW,O=C(c1ccc(F)nc1)N1CCC[C@H]1c1nc(Nc2cc(C3CC3)[nH]n2)c2cccn2n1
5FXQ,3I81,P08069,IGF1R,EBI,C[C@@]1(C(=O)Nc2ccc(F)nc2)CCCN1c1nc(Nc2cc(C3CC3)n[nH]2)c2cccn2n1
5FXQ,5HZN,P08069,IGF1R,66A MES SO4,Nc1ncnc2c1c(-c1cccc(OCc3ccccc3)c1)cn2[C@H]1C[C@@H](CN2CCC2)C1 O=S(=O)([O-])CC[NH+]1CCOCC1 O=S(=O)([O-])[O-]
5FXQ,2OJ9,P08069,IGF1R,BMI,Cc1cc(-n2ccnc2)cc2nc(-c3c(NCc4ccccn4)cc[nH]c3=O)[nH]c12
5FXQ,3LVP,P08069,IGF1R,PDR EPE SO4,COc1cc2c(nc1OC)c(-c1cc3c(Cl)ccnc3[nH]1)cn2C O=S(=O)(O)CCN1CCN(CCO)CC1 O=S(=O)([O-])[O-]
5FXQ,3NW6,P08069,IGF1R,LGW,O=C(c1ccc(F)nc1)N1CCC[C@H]1c1nc(Nc2cc(C3CC3)[nH]n2)c2cccn2n1
2OJ9,3I81,P08069,IGF1R,EBI,C[C@@]1(C(=O)Nc2ccc(F)nc2)CCCN1c1nc(Nc2cc(C3CC3)n[nH]2)c2cccn2n1
2OJ9,5FXQ,P08069,IGF1R,GD5,Cc1c(Nc2ncc(Cl)c(-c3cnc4ccccn34)n2)cnn1C1CCNCC1
2OJ9,3QQU,P08069,IGF1R,01P,COc1cc(Nc2nccc(Nc3cnc4ccccc4c3)n2)ccc1N1CCOCC1
2OJ9,2ZM3,P08069,IGF1R,575,O=C1NC(=O)c2ccc(Br)cc2/C1=C/Nc1ccc(CN2CCCC2)cc1
2OJ9,3O23,P08069,IGF1R,MQY,C[C@H]1C(=O)N(c2ccc(S(=O)(=O)C(F)(F)F)cc2)C(=O)N1Cc1ccnc2ccccc12
3D94,3I81,P08069,IGF1R,EBI,C[C@@]1(C(=O)Nc2ccc(F)nc2)CCCN1c1nc(Nc2cc(C3CC3)n[nH]2)c2cccn2n1
3D94,3QQU,P08069,IGF1R,01P,COc1cc(Nc2nccc(Nc3cnc4ccccc4c3)n2)ccc1N1CCOCC1
3D94,1K3A,P08069,IGF1R,ACP,Nc1ncnc2c1ncn2[C@@H]1O[C@H](CO[P@@](=O)(O)O[P@@](=O)(O)CP(=O)(O)O)[C@@H](O)[C@H]1O
3D94,5HZN,P08069,IGF1R,66A MES SO4,Nc1ncnc2c1c(-c1cccc(OCc3ccccc3)c1)cn2[C@H]1C[C@@H](CN2CCC2)C1 O=S(=O)([O-])CC[NH+]1CCOCC1 O=S(=O)([O-])[O-]
3D94,2ZM3,P08069,IGF1R,575,O=C1NC(=O)c2ccc(Br)cc2/C1=C/Nc1ccc(CN2CCCC2)cc1
3D94,3LVP,P08069,IGF1R,PDR EPE SO4,COc1cc2c(nc1OC)c(-c1cc3c(Cl)ccnc3[nH]1)cn2C O=S(=O)(O)CCN1CCN(CCO)CC1 O=S(=O)([O-])[O-]
3D94,4D2R,P08069,IGF1R,DYK CL,COc1cc(OC2CCN(C)CC2)ccc1Nc1nccc(-c2c[nH]c3cnccc23)n1 [Cl-]
3D94,3O23,P08069,IGF1R,MQY,C[C@H]1C(=O)N(c2ccc(S(=O)(=O)C(F)(F)F)cc2)C(=O)N1Cc1ccnc2ccccc12
5HZN,3I81,P08069,IGF1R,EBI,C[C@@]1(C(=O)Nc2ccc(F)nc2)CCCN1c1nc(Nc2cc(C3CC3)n[nH]2)c2cccn2n1
5HZN,1JQH,P08069,IGF1R,MG SO4 ANP,[Mg+2] O=S(=O)([O-])[O-] Nc1ncnc2c1ncn2[C@@H]1O[C@H](COP(=O)(O)OP(=O)(O)NP(=O)(O)O)[C@@H](O)[C@H]1O
5HZN,5FXR,P08069,IGF1R,8LN,Cc1nn(C2CCNCC2)cc1Nc1ncc(Cl)c(-c2cnc3ccccn23)n1
5HZN,4D2R,P08069,IGF1R,DYK CL,COc1cc(OC2CCN(C)CC2)ccc1Nc1nccc(-c2c[nH]c3cnccc23)n1 [Cl-]
3NW5,3QQU,P08069,IGF1R,01P,COc1cc(Nc2nccc(Nc3cnc4ccccc4c3)n2)ccc1N1CCOCC1
3NW5,1JQH,P08069,IGF1R,MG SO4 ANP,[Mg+2] O=S(=O)([O-])[O-] Nc1ncnc2c1ncn2[C@@H]1O[C@H](COP(=O)(O)OP(=O)(O)NP(=O)(O)O)[C@@H](O)[C@H]1O
3NW5,5FXR,P08069,IGF1R,8LN,Cc1nn(C2CCNCC2)cc1Nc1ncc(Cl)c(-c2cnc3ccccn23)n1
3NW5,1K3A,P08069,IGF1R,ACP,Nc1ncnc2c1ncn2[C@@H]1O[C@H](CO[P@@](=O)(O)O[P@@](=O)(O)CP(=O)(O)O)[C@@H](O)[C@H]1O
3NW5,5HZN,P08069,IGF1R,66A MES SO4,Nc1ncnc2c1c(-c1cccc(OCc3ccccc3)c1)cn2[C@H]1C[C@@H](CN2CCC2)C1 O=S(=O)([O-])CC[NH+]1CCOCC1 O=S(=O)([O-])[O-]
3NW5,2ZM3,P08069,IGF1R,575,O=C1NC(=O)c2ccc(Br)cc2/C1=C/Nc1ccc(CN2CCCC2)cc1
3NW5,3LVP,P08069,IGF1R,PDR EPE SO4,COc1cc2c(nc1OC)c(-c1cc3c(Cl)ccnc3[nH]1)cn2C O=S(=O)(O)CCN1CCN(CCO)CC1 O=S(=O)([O-])[O-]
3NW5,4D2R,P08069,IGF1R,DYK CL,COc1cc(OC2CCN(C)CC2)ccc1Nc1nccc(-c2c[nH]c3cnccc23)n1 [Cl-]
3NW5,3O23,P08069,IGF1R,MQY,C[C@H]1C(=O)N(c2ccc(S(=O)(=O)C(F)(F)F)cc2)C(=O)N1Cc1ccnc2ccccc12
3LVP,5FXQ,P08069,IGF1R,GD5,Cc1c(Nc2ncc(Cl)c(-c3cnc4ccccn34)n2)cnn1C1CCNCC1
3LVP,3QQU,P08069,IGF1R,01P,COc1cc(Nc2nccc(Nc3cnc4ccccc4c3)n2)ccc1N1CCOCC1
3LVP,1JQH,P08069,IGF1R,MG SO4 ANP,[Mg+2] O=S(=O)([O-])[O-] Nc1ncnc2c1ncn2[C@@H]1O[C@H](COP(=O)(O)OP(=O)(O)NP(=O)(O)O)[C@@H](O)[C@H]1O
3LVP,5FXR,P08069,IGF1R,8LN,Cc1nn(C2CCNCC2)cc1Nc1ncc(Cl)c(-c2cnc3ccccn23)n1
3LVP,3NW7,P08069,IGF1R,LGV,O=C(NCc1nc(Nc2cc(C3CC3)n[nH]2)c2cccn2n1)c1ccc(F)nc1
3LVP,1K3A,P08069,IGF1R,ACP,Nc1ncnc2c1ncn2[C@@H]1O[C@H](CO[P@@](=O)(O)O[P@@](=O)(O)CP(=O)(O)O)[C@@H](O)[C@H]1O
3LVP,5HZN,P08069,IGF1R,66A MES SO4,Nc1ncnc2c1c(-c1cccc(OCc3ccccc3)c1)cn2[C@H]1C[C@@H](CN2CCC2)C1 O=S(=O)([O-])CC[NH+]1CCOCC1 O=S(=O)([O-])[O-]
3LVP,4D2R,P08069,IGF1R,DYK CL,COc1cc(OC2CCN(C)CC2)ccc1Nc1nccc(-c2c[nH]c3cnccc23)n1 [Cl-]
3LVP,3O23,P08069,IGF1R,MQY,C[C@H]1C(=O)N(c2ccc(S(=O)(=O)C(F)(F)F)cc2)C(=O)N1Cc1ccnc2ccccc12
5FXR,1JQH,P08069,IGF1R,MG SO4 ANP,[Mg+2] O=S(=O)([O-])[O-] Nc1ncnc2c1ncn2[C@@H]1O[C@H](COP(=O)(O)OP(=O)(O)NP(=O)(O)O)[C@@H](O)[C@H]1O
5FXR,3NW7,P08069,IGF1R,LGV,O=C(NCc1nc(Nc2cc(C3CC3)n[nH]2)c2cccn2n1)c1ccc(F)nc1
5FXR,2ZM3,P08069,IGF1R,575,O=C1NC(=O)c2ccc(Br)cc2/C1=C/Nc1ccc(CN2CCCC2)cc1
5FXR,2OJ9,P08069,IGF1R,BMI,Cc1cc(-n2ccnc2)cc2nc(-c3c(NCc4ccccn4)cc[nH]c3=O)[nH]c12
5FXR,3LVP,P08069,IGF1R,PDR EPE SO4,COc1cc2c(nc1OC)c(-c1cc3c(Cl)ccnc3[nH]1)cn2C O=S(=O)(O)CCN1CCN(CCO)CC1 O=S(=O)([O-])[O-]
5FXR,3NW6,P08069,IGF1R,LGW,O=C(c1ccc(F)nc1)N1CCC[C@H]1c1nc(Nc2cc(C3CC3)[nH]n2)c2cccn2n1
3NW6,3I81,P08069,IGF1R,EBI,C[C@@]1(C(=O)Nc2ccc(F)nc2)CCCN1c1nc(Nc2cc(C3CC3)n[nH]2)c2cccn2n1
3NW6,3NW5,P08069,IGF1R,LGX,O=C(c1ccc(F)nc1)N1CCC[C@@H]1c1nc(Nc2cc(C3CC3)[nH]n2)c2cccn2n1
3NW6,1JQH,P08069,IGF1R,MG SO4 ANP,[Mg+2] O=S(=O)([O-])[O-] Nc1ncnc2c1ncn2[C@@H]1O[C@H](COP(=O)(O)OP(=O)(O)NP(=O)(O)O)[C@@H](O)[C@H]1O
3NW6,5FXR,P08069,IGF1R,8LN,Cc1nn(C2CCNCC2)cc1Nc1ncc(Cl)c(-c2cnc3ccccn23)n1
3NW6,1K3A,P08069,IGF1R,ACP,Nc1ncnc2c1ncn2[C@@H]1O[C@H](CO[P@@](=O)(O)O[P@@](=O)(O)CP(=O)(O)O)[C@@H](O)[C@H]1O
1K3A,5FXQ,P08069,IGF1R,GD5,Cc1c(Nc2ncc(Cl)c(-c3cnc4ccccn34)n2)cnn1C1CCNCC1
1K3A,5FXR,P08069,IGF1R,8LN,Cc1nn(C2CCNCC2)cc1Nc1ncc(Cl)c(-c2cnc3ccccn23)n1
1K3A,3NW7,P08069,IGF1R,LGV,O=C(NCc1nc(Nc2cc(C3CC3)n[nH]2)c2cccn2n1)c1ccc(F)nc1
1K3A,4D2R,P08069,IGF1R,DYK CL,COc1cc(OC2CCN(C)CC2)ccc1Nc1nccc(-c2c[nH]c3cnccc23)n1 [Cl-]
1K3A,3NW6,P08069,IGF1R,LGW,O=C(c1ccc(F)nc1)N1CCC[C@H]1c1nc(Nc2cc(C3CC3)[nH]n2)c2cccn2n1
3I81,3D94,P08069,IGF1R,CA D94,[Ca+2] CN1CCN([C@H]2C[C@@H](c3nc(-c4ccc5ccc(-c6ccccc6)nc5c4)c4c(N)nccn43)C2)CC1
3I81,1JQH,P08069,IGF1R,MG SO4 ANP,[Mg+2] O=S(=O)([O-])[O-] Nc1ncnc2c1ncn2[C@@H]1O[C@H](COP(=O)(O)OP(=O)(O)NP(=O)(O)O)[C@@H](O)[C@H]1O
3I81,5FXR,P08069,IGF1R,8LN,Cc1nn(C2CCNCC2)cc1Nc1ncc(Cl)c(-c2cnc3ccccn23)n1
3I81,1K3A,P08069,IGF1R,ACP,Nc1ncnc2c1ncn2[C@@H]1O[C@H](CO[P@@](=O)(O)O[P@@](=O)(O)CP(=O)(O)O)[C@@H](O)[C@H]1O
3I81,3LVP,P08069,IGF1R,PDR EPE SO4,COc1cc2c(nc1OC)c(-c1cc3c(Cl)ccnc3[nH]1)cn2C O=S(=O)(O)CCN1CCN(CCO)CC1 O=S(=O)([O-])[O-]
3I81,3NW6,P08069,IGF1R,LGW,O=C(c1ccc(F)nc1)N1CCC[C@H]1c1nc(Nc2cc(C3CC3)[nH]n2)c2cccn2n1
3QQU,3I81,P08069,IGF1R,EBI,C[C@@]1(C(=O)Nc2ccc(F)nc2)CCCN1c1nc(Nc2cc(C3CC3)n[nH]2)c2cccn2n1
3QQU,1JQH,P08069,IGF1R,MG SO4 ANP,[Mg+2] O=S(=O)([O-])[O-] Nc1ncnc2c1ncn2[C@@H]1O[C@H](COP(=O)(O)OP(=O)(O)NP(=O)(O)O)[C@@H](O)[C@H]1O
3QQU,3NW7,P08069,IGF1R,LGV,O=C(NCc1nc(Nc2cc(C3CC3)n[nH]2)c2cccn2n1)c1ccc(F)nc1
3QQU,5HZN,P08069,IGF1R,66A MES SO4,Nc1ncnc2c1c(-c1cccc(OCc3ccccc3)c1)cn2[C@H]1C[C@@H](CN2CCC2)C1 O=S(=O)([O-])CC[NH+]1CCOCC1 O=S(=O)([O-])[O-]
3QQU,4D2R,P08069,IGF1R,DYK CL,COc1cc(OC2CCN(C)CC2)ccc1Nc1nccc(-c2c[nH]c3cnccc23)n1 [Cl-]
3QQU,3NW6,P08069,IGF1R,LGW,O=C(c1ccc(F)nc1)N1CCC[C@H]1c1nc(Nc2cc(C3CC3)[nH]n2)c2cccn2n1
1XDD,3BQN,P20701,ITGAL,BQN,O=C(/C=C/c1ccc(Sc2ccccc2OCc2cccnc2)c(C(F)(F)F)c1C(F)(F)F)N1CCOCC1
1XDD,3BQM,P20701,ITGAL,BQM,Nc1cccc(Sc2ccc(/C=C/C(=O)N3CCOCC3)c(C(F)(F)F)c2C(F)(F)F)c1
1XDD,2O7N,P20701,ITGAL,2O7,N#CC1=C(c2cc(Cl)cc(Cl)c2)C(=O)N2CCC[C@]12Cc1ccc(C#N)cc1
1XDD,1XDG,P20701,ITGAL,MG AB8,[Mg+2] CC[C@H](C)C(=O)O[C@H]1C[C@@H](C)C=C2C=C[C@H](C)[C@H](CC[C@@H]3C[C@H](CC(=O)NC)N(Cc4ccc(O)c(OC)c4)C(=O)O3)[C@H]21
1XDD,1XUO,P20701,ITGAL,LA1 MG,CNC(=O)[C@H](Cc1ccc2ccccc2c1)N1CCC(=O)N(Cc2cnc3ccccc3c2)[C@@H](CC(C)C)C1=O [Mg+2]
1XDD,3E2M,P20701,ITGAL,E2M,O=C(/C=C/c1ccc(Sc2ccccc2OC[C@H]2CC[C@@H](C(=O)O)CC2)c(C(F)(F)F)c1C(F)(F)F)N1CCOCC1
1XDD,1CQP,P20701,ITGAL,MG 803,[Mg+2] CC[C@H](C)C(=O)O[C@H]1C[C@@H](C)C=C2C=C[C@H](C)[C@H](CC[C@@H]3C[C@@H](O)CC(=O)O3)[C@H]21
1XDD,3M6F,P20701,ITGAL,NO3 BJZ,O=[N+]([O-])[O-] CN1C(=O)N(c2cc(Cl)cc(Cl)c2)C(=O)[C@]12CN(c1ccc(C(=O)O)cn1)C[C@H]2c1ccc(C#N)cc1
2O7N,1RD4,P20701,ITGAL,L08,CCOc1ccccc1Sc1ccc(-c2ccnc(N3CCN(C(C)=O)CC3)c2)cc1[N+](=O)[O-]
2O7N,3BQN,P20701,ITGAL,BQN,O=C(/C=C/c1ccc(Sc2ccccc2OCc2cccnc2)c(C(F)(F)F)c1C(F)(F)F)N1CCOCC1
2O7N,3BQM,P20701,ITGAL,BQM,Nc1cccc(Sc2ccc(/C=C/C(=O)N3CCOCC3)c(C(F)(F)F)c2C(F)(F)F)c1
2O7N,3F78,P20701,ITGAL,ICF GOL MG,FC(F)O[C@@H](Cl)C(F)(F)F OCC(O)CO [Mg+2]
2O7N,3M6F,P20701,ITGAL,NO3 BJZ,O=[N+]([O-])[O-] CN1C(=O)N(c2cc(Cl)cc(Cl)c2)C(=O)[C@]12CN(c1ccc(C(=O)O)cn1)C[C@H]2c1ccc(C#N)cc1
1CQP,1RD4,P20701,ITGAL,L08,CCOc1ccccc1Sc1ccc(-c2ccnc(N3CCN(C(C)=O)CC3)c2)cc1[N+](=O)[O-]
1CQP,3BQM,P20701,ITGAL,BQM,Nc1cccc(Sc2ccc(/C=C/C(=O)N3CCOCC3)c(C(F)(F)F)c2C(F)(F)F)c1
1CQP,2O7N,P20701,ITGAL,2O7,N#CC1=C(c2cc(Cl)cc(Cl)c2)C(=O)N2CCC[C@]12Cc1ccc(C#N)cc1
1CQP,1XUO,P20701,ITGAL,LA1 MG,CNC(=O)[C@H](Cc1ccc2ccccc2c1)N1CCC(=O)N(Cc2cnc3ccccc3c2)[C@@H](CC(C)C)C1=O [Mg+2]
1CQP,3E2M,P20701,ITGAL,E2M,O=C(/C=C/c1ccc(Sc2ccccc2OC[C@H]2CC[C@@H](C(=O)O)CC2)c(C(F)(F)F)c1C(F)(F)F)N1CCOCC1
3M6F,4IXD,P20701,ITGAL,MG 1HV,[Mg+2] CNC(=O)c1ccc(-n2nc(-c3ccc(C(=O)NCCCN)cc3)c3ccccc32)cc1
3M6F,1RD4,P20701,ITGAL,L08,CCOc1ccccc1Sc1ccc(-c2ccnc(N3CCN(C(C)=O)CC3)c2)cc1[N+](=O)[O-]
3M6F,3BQM,P20701,ITGAL,BQM,Nc1cccc(Sc2ccc(/C=C/C(=O)N3CCOCC3)c(C(F)(F)F)c2C(F)(F)F)c1
3M6F,2O7N,P20701,ITGAL,2O7,N#CC1=C(c2cc(Cl)cc(Cl)c2)C(=O)N2CCC[C@]12Cc1ccc(C#N)cc1
3M6F,1XDG,P20701,ITGAL,MG AB8,[Mg+2] CC[C@H](C)C(=O)O[C@H]1C[C@@H](C)C=C2C=C[C@H](C)[C@H](CC[C@@H]3C[C@H](CC(=O)NC)N(Cc4ccc(O)c(OC)c4)C(=O)O3)[C@H]21
3M6F,3F78,P20701,ITGAL,ICF GOL MG,FC(F)O[C@@H](Cl)C(F)(F)F OCC(O)CO [Mg+2]
3M6F,1XUO,P20701,ITGAL,LA1 MG,CNC(=O)[C@H](Cc1ccc2ccccc2c1)N1CCC(=O)N(Cc2cnc3ccccc3c2)[C@@H](CC(C)C)C1=O [Mg+2]
3M6F,1CQP,P20701,ITGAL,MG 803,[Mg+2] CC[C@H](C)C(=O)O[C@H]1C[C@@H](C)C=C2C=C[C@H](C)[C@H](CC[C@@H]3C[C@@H](O)CC(=O)O3)[C@H]21
1RD4,3BQN,P20701,ITGAL,BQN,O=C(/C=C/c1ccc(Sc2ccccc2OCc2cccnc2)c(C(F)(F)F)c1C(F)(F)F)N1CCOCC1
1RD4,3BQM,P20701,ITGAL,BQM,Nc1cccc(Sc2ccc(/C=C/C(=O)N3CCOCC3)c(C(F)(F)F)c2C(F)(F)F)c1
1RD4,2ICA,P20701,ITGAL,2IC,CN1C(=O)N(c2cc(Cl)cc(Cl)c2)C(=O)[C@]12CN(Cc1cc(C(=O)O)cs1)C[C@H]2c1ccc(C#N)cc1
1RD4,1CQP,P20701,ITGAL,MG 803,[Mg+2] CC[C@H](C)C(=O)O[C@H]1C[C@@H](C)C=C2C=C[C@H](C)[C@H](CC[C@@H]3C[C@@H](O)CC(=O)O3)[C@H]21
1RD4,3M6F,P20701,ITGAL,NO3 BJZ,O=[N+]([O-])[O-] CN1C(=O)N(c2cc(Cl)cc(Cl)c2)C(=O)[C@]12CN(c1ccc(C(=O)O)cn1)C[C@H]2c1ccc(C#N)cc1
3E2M,4IXD,P20701,ITGAL,MG 1HV,[Mg+2] CNC(=O)c1ccc(-n2nc(-c3ccc(C(=O)NCCCN)cc3)c3ccccc32)cc1
3E2M,3BQN,P20701,ITGAL,BQN,O=C(/C=C/c1ccc(Sc2ccccc2OCc2cccnc2)c(C(F)(F)F)c1C(F)(F)F)N1CCOCC1
3E2M,3BQM,P20701,ITGAL,BQM,Nc1cccc(Sc2ccc(/C=C/C(=O)N3CCOCC3)c(C(F)(F)F)c2C(F)(F)F)c1
3E2M,2O7N,P20701,ITGAL,2O7,N#CC1=C(c2cc(Cl)cc(Cl)c2)C(=O)N2CCC[C@]12Cc1ccc(C#N)cc1
3E2M,3F78,P20701,ITGAL,ICF GOL MG,FC(F)O[C@@H](Cl)C(F)(F)F OCC(O)CO [Mg+2]
3E2M,1XDD,P20701,ITGAL,MG AAY,[Mg+2] CC[C@H](C)C(=O)O[C@H]1C[C@@H](C)C=C2C=C[C@H](C)[C@H](CC[C@H]3C[C@@H](O)CC(=O)N3Cc3ccc4c(CO)c(OC)ccc4c3)[C@H]21
3E2M,1CQP,P20701,ITGAL,MG 803,[Mg+2] CC[C@H](C)C(=O)O[C@H]1C[C@@H](C)C=C2C=C[C@H](C)[C@H](CC[C@@H]3C[C@@H](O)CC(=O)O3)[C@H]21
3E2M,3M6F,P20701,ITGAL,NO3 BJZ,O=[N+]([O-])[O-] CN1C(=O)N(c2cc(Cl)cc(Cl)c2)C(=O)[C@]12CN(c1ccc(C(=O)O)cn1)C[C@H]2c1ccc(C#N)cc1
2ICA,4IXD,P20701,ITGAL,MG 1HV,[Mg+2] CNC(=O)c1ccc(-n2nc(-c3ccc(C(=O)NCCCN)cc3)c3ccccc32)cc1
2ICA,2O7N,P20701,ITGAL,2O7,N#CC1=C(c2cc(Cl)cc(Cl)c2)C(=O)N2CCC[C@]12Cc1ccc(C#N)cc1
2ICA,1XDG,P20701,ITGAL,MG AB8,[Mg+2] CC[C@H](C)C(=O)O[C@H]1C[C@@H](C)C=C2C=C[C@H](C)[C@H](CC[C@@H]3C[C@H](CC(=O)NC)N(Cc4ccc(O)c(OC)c4)C(=O)O3)[C@H]21
2ICA,1XUO,P20701,ITGAL,LA1 MG,CNC(=O)[C@H](Cc1ccc2ccccc2c1)N1CCC(=O)N(Cc2cnc3ccccc3c2)[C@@H](CC(C)C)C1=O [Mg+2]
2ICA,1XDD,P20701,ITGAL,MG AAY,[Mg+2] CC[C@H](C)C(=O)O[C@H]1C[C@@H](C)C=C2C=C[C@H](C)[C@H](CC[C@H]3C[C@@H](O)CC(=O)N3Cc3ccc4c(CO)c(OC)ccc4c3)[C@H]21
2ICA,1CQP,P20701,ITGAL,MG 803,[Mg+2] CC[C@H](C)C(=O)O[C@H]1C[C@@H](C)C=C2C=C[C@H](C)[C@H](CC[C@@H]3C[C@@H](O)CC(=O)O3)[C@H]21
2ICA,3M6F,P20701,ITGAL,NO3 BJZ,O=[N+]([O-])[O-] CN1C(=O)N(c2cc(Cl)cc(Cl)c2)C(=O)[C@]12CN(c1ccc(C(=O)O)cn1)C[C@H]2c1ccc(C#N)cc1
3BQN,4IXD,P20701,ITGAL,MG 1HV,[Mg+2] CNC(=O)c1ccc(-n2nc(-c3ccc(C(=O)NCCCN)cc3)c3ccccc32)cc1
3BQN,1RD4,P20701,ITGAL,L08,CCOc1ccccc1Sc1ccc(-c2ccnc(N3CCN(C(C)=O)CC3)c2)cc1[N+](=O)[O-]
3BQN,3BQM,P20701,ITGAL,BQM,Nc1cccc(Sc2ccc(/C=C/C(=O)N3CCOCC3)c(C(F)(F)F)c2C(F)(F)F)c1
3BQN,1XDG,P20701,ITGAL,MG AB8,[Mg+2] CC[C@H](C)C(=O)O[C@H]1C[C@@H](C)C=C2C=C[C@H](C)[C@H](CC[C@@H]3C[C@H](CC(=O)NC)N(Cc4ccc(O)c(OC)c4)C(=O)O3)[C@H]21
3BQN,3F78,P20701,ITGAL,ICF GOL MG,FC(F)O[C@@H](Cl)C(F)(F)F OCC(O)CO [Mg+2]
3BQN,1XUO,P20701,ITGAL,LA1 MG,CNC(=O)[C@H](Cc1ccc2ccccc2c1)N1CCC(=O)N(Cc2cnc3ccccc3c2)[C@@H](CC(C)C)C1=O [Mg+2]
3BQN,2ICA,P20701,ITGAL,2IC,CN1C(=O)N(c2cc(Cl)cc(Cl)c2)C(=O)[C@]12CN(Cc1cc(C(=O)O)cs1)C[C@H]2c1ccc(C#N)cc1
3BQN,3E2M,P20701,ITGAL,E2M,O=C(/C=C/c1ccc(Sc2ccccc2OC[C@H]2CC[C@@H](C(=O)O)CC2)c(C(F)(F)F)c1C(F)(F)F)N1CCOCC1
3BQN,1CQP,P20701,ITGAL,MG 803,[Mg+2] CC[C@H](C)C(=O)O[C@H]1C[C@@H](C)C=C2C=C[C@H](C)[C@H](CC[C@@H]3C[C@@H](O)CC(=O)O3)[C@H]21
3BQN,3M6F,P20701,ITGAL,NO3 BJZ,O=[N+]([O-])[O-] CN1C(=O)N(c2cc(Cl)cc(Cl)c2)C(=O)[C@]12CN(c1ccc(C(=O)O)cn1)C[C@H]2c1ccc(C#N)cc1
4IXD,3BQN,P20701,ITGAL,BQN,O=C(/C=C/c1ccc(Sc2ccccc2OCc2cccnc2)c(C(F)(F)F)c1C(F)(F)F)N1CCOCC1
4IXD,3BQM,P20701,ITGAL,BQM,Nc1cccc(Sc2ccc(/C=C/C(=O)N3CCOCC3)c(C(F)(F)F)c2C(F)(F)F)c1
4IXD,2O7N,P20701,ITGAL,2O7,N#CC1=C(c2cc(Cl)cc(Cl)c2)C(=O)N2CCC[C@]12Cc1ccc(C#N)cc1
4IXD,3F78,P20701,ITGAL,ICF GOL MG,FC(F)O[C@@H](Cl)C(F)(F)F OCC(O)CO [Mg+2]
4IXD,1XUO,P20701,ITGAL,LA1 MG,CNC(=O)[C@H](Cc1ccc2ccccc2c1)N1CCC(=O)N(Cc2cnc3ccccc3c2)[C@@H](CC(C)C)C1=O [Mg+2]
4IXD,1XDD,P20701,ITGAL,MG AAY,[Mg+2] CC[C@H](C)C(=O)O[C@H]1C[C@@H](C)C=C2C=C[C@H](C)[C@H](CC[C@H]3C[C@@H](O)CC(=O)N3Cc3ccc4c(CO)c(OC)ccc4c3)[C@H]21
4IXD,3E2M,P20701,ITGAL,E2M,O=C(/C=C/c1ccc(Sc2ccccc2OC[C@H]2CC[C@@H](C(=O)O)CC2)c(C(F)(F)F)c1C(F)(F)F)N1CCOCC1
4IXD,1CQP,P20701,ITGAL,MG 803,[Mg+2] CC[C@H](C)C(=O)O[C@H]1C[C@@H](C)C=C2C=C[C@H](C)[C@H](CC[C@@H]3C[C@@H](O)CC(=O)O3)[C@H]21
4IXD,3M6F,P20701,ITGAL,NO3 BJZ,O=[N+]([O-])[O-] CN1C(=O)N(c2cc(Cl)cc(Cl)c2)C(=O)[C@]12CN(c1ccc(C(=O)O)cn1)C[C@H]2c1ccc(C#N)cc1
1XDG,3BQN,P20701,ITGAL,BQN,O=C(/C=C/c1ccc(Sc2ccccc2OCc2cccnc2)c(C(F)(F)F)c1C(F)(F)F)N1CCOCC1
1XDG,2O7N,P20701,ITGAL,2O7,N#CC1=C(c2cc(Cl)cc(Cl)c2)C(=O)N2CCC[C@]12Cc1ccc(C#N)cc1
1XDG,2ICA,P20701,ITGAL,2IC,CN1C(=O)N(c2cc(Cl)cc(Cl)c2)C(=O)[C@]12CN(Cc1cc(C(=O)O)cs1)C[C@H]2c1ccc(C#N)cc1
1XDG,3E2M,P20701,ITGAL,E2M,O=C(/C=C/c1ccc(Sc2ccccc2OC[C@H]2CC[C@@H](C(=O)O)CC2)c(C(F)(F)F)c1C(F)(F)F)N1CCOCC1
1XDG,1CQP,P20701,ITGAL,MG 803,[Mg+2] CC[C@H](C)C(=O)O[C@H]1C[C@@H](C)C=C2C=C[C@H](C)[C@H](CC[C@@H]3C[C@@H](O)CC(=O)O3)[C@H]21
1XDG,3M6F,P20701,ITGAL,NO3 BJZ,O=[N+]([O-])[O-] CN1C(=O)N(c2cc(Cl)cc(Cl)c2)C(=O)[C@]12CN(c1ccc(C(=O)O)cn1)C[C@H]2c1ccc(C#N)cc1
3F78,3BQN,P20701,ITGAL,BQN,O=C(/C=C/c1ccc(Sc2ccccc2OCc2cccnc2)c(C(F)(F)F)c1C(F)(F)F)N1CCOCC1
3F78,3BQM,P20701,ITGAL,BQM,Nc1cccc(Sc2ccc(/C=C/C(=O)N3CCOCC3)c(C(F)(F)F)c2C(F)(F)F)c1
3F78,2O7N,P20701,ITGAL,2O7,N#CC1=C(c2cc(Cl)cc(Cl)c2)C(=O)N2CCC[C@]12Cc1ccc(C#N)cc1
3F78,1XDD,P20701,ITGAL,MG AAY,[Mg+2] CC[C@H](C)C(=O)O[C@H]1C[C@@H](C)C=C2C=C[C@H](C)[C@H](CC[C@H]3C[C@@H](O)CC(=O)N3Cc3ccc4c(CO)c(OC)ccc4c3)[C@H]21
3F78,3E2M,P20701,ITGAL,E2M,O=C(/C=C/c1ccc(Sc2ccccc2OC[C@H]2CC[C@@H](C(=O)O)CC2)c(C(F)(F)F)c1C(F)(F)F)N1CCOCC1
3F78,1CQP,P20701,ITGAL,MG 803,[Mg+2] CC[C@H](C)C(=O)O[C@H]1C[C@@H](C)C=C2C=C[C@H](C)[C@H](CC[C@@H]3C[C@@H](O)CC(=O)O3)[C@H]21
3F78,3M6F,P20701,ITGAL,NO3 BJZ,O=[N+]([O-])[O-] CN1C(=O)N(c2cc(Cl)cc(Cl)c2)C(=O)[C@]12CN(c1ccc(C(=O)O)cn1)C[C@H]2c1ccc(C#N)cc1
1XUO,4IXD,P20701,ITGAL,MG 1HV,[Mg+2] CNC(=O)c1ccc(-n2nc(-c3ccc(C(=O)NCCCN)cc3)c3ccccc32)cc1
1XUO,3BQN,P20701,ITGAL,BQN,O=C(/C=C/c1ccc(Sc2ccccc2OCc2cccnc2)c(C(F)(F)F)c1C(F)(F)F)N1CCOCC1
1XUO,3BQM,P20701,ITGAL,BQM,Nc1cccc(Sc2ccc(/C=C/C(=O)N3CCOCC3)c(C(F)(F)F)c2C(F)(F)F)c1
1XUO,2O7N,P20701,ITGAL,2O7,N#CC1=C(c2cc(Cl)cc(Cl)c2)C(=O)N2CCC[C@]12Cc1ccc(C#N)cc1
1XUO,1XDG,P20701,ITGAL,MG AB8,[Mg+2] CC[C@H](C)C(=O)O[C@H]1C[C@@H](C)C=C2C=C[C@H](C)[C@H](CC[C@@H]3C[C@H](CC(=O)NC)N(Cc4ccc(O)c(OC)c4)C(=O)O3)[C@H]21
1XUO,3F78,P20701,ITGAL,ICF GOL MG,FC(F)O[C@@H](Cl)C(F)(F)F OCC(O)CO [Mg+2]
1XUO,1XDD,P20701,ITGAL,MG AAY,[Mg+2] CC[C@H](C)C(=O)O[C@H]1C[C@@H](C)C=C2C=C[C@H](C)[C@H](CC[C@H]3C[C@@H](O)CC(=O)N3Cc3ccc4c(CO)c(OC)ccc4c3)[C@H]21
1XUO,2ICA,P20701,ITGAL,2IC,CN1C(=O)N(c2cc(Cl)cc(Cl)c2)C(=O)[C@]12CN(Cc1cc(C(=O)O)cs1)C[C@H]2c1ccc(C#N)cc1
1XUO,3E2M,P20701,ITGAL,E2M,O=C(/C=C/c1ccc(Sc2ccccc2OC[C@H]2CC[C@@H](C(=O)O)CC2)c(C(F)(F)F)c1C(F)(F)F)N1CCOCC1
1XUO,1CQP,P20701,ITGAL,MG 803,[Mg+2] CC[C@H](C)C(=O)O[C@H]1C[C@@H](C)C=C2C=C[C@H](C)[C@H](CC[C@@H]3C[C@@H](O)CC(=O)O3)[C@H]21
1XUO,3M6F,P20701,ITGAL,NO3 BJZ,O=[N+]([O-])[O-] CN1C(=O)N(c2cc(Cl)cc(Cl)c2)C(=O)[C@]12CN(c1ccc(C(=O)O)cn1)C[C@H]2c1ccc(C#N)cc1
3BQM,4IXD,P20701,ITGAL,MG 1HV,[Mg+2] CNC(=O)c1ccc(-n2nc(-c3ccc(C(=O)NCCCN)cc3)c3ccccc32)cc1
3BQM,1RD4,P20701,ITGAL,L08,CCOc1ccccc1Sc1ccc(-c2ccnc(N3CCN(C(C)=O)CC3)c2)cc1[N+](=O)[O-]
3BQM,2O7N,P20701,ITGAL,2O7,N#CC1=C(c2cc(Cl)cc(Cl)c2)C(=O)N2CCC[C@]12Cc1ccc(C#N)cc1
3BQM,1XDG,P20701,ITGAL,MG AB8,[Mg+2] CC[C@H](C)C(=O)O[C@H]1C[C@@H](C)C=C2C=C[C@H](C)[C@H](CC[C@@H]3C[C@H](CC(=O)NC)N(Cc4ccc(O)c(OC)c4)C(=O)O3)[C@H]21
3BQM,3F78,P20701,ITGAL,ICF GOL MG,FC(F)O[C@@H](Cl)C(F)(F)F OCC(O)CO [Mg+2]
3BQM,1XUO,P20701,ITGAL,LA1 MG,CNC(=O)[C@H](Cc1ccc2ccccc2c1)N1CCC(=O)N(Cc2cnc3ccccc3c2)[C@@H](CC(C)C)C1=O [Mg+2]
3BQM,1XDD,P20701,ITGAL,MG AAY,[Mg+2] CC[C@H](C)C(=O)O[C@H]1C[C@@H](C)C=C2C=C[C@H](C)[C@H](CC[C@H]3C[C@@H](O)CC(=O)N3Cc3ccc4c(CO)c(OC)ccc4c3)[C@H]21
3BQM,2ICA,P20701,ITGAL,2IC,CN1C(=O)N(c2cc(Cl)cc(Cl)c2)C(=O)[C@]12CN(Cc1cc(C(=O)O)cs1)C[C@H]2c1ccc(C#N)cc1
3BQM,3E2M,P20701,ITGAL,E2M,O=C(/C=C/c1ccc(Sc2ccccc2OC[C@H]2CC[C@@H](C(=O)O)CC2)c(C(F)(F)F)c1C(F)(F)F)N1CCOCC1
3BQM,1CQP,P20701,ITGAL,MG 803,[Mg+2] CC[C@H](C)C(=O)O[C@H]1C[C@@H](C)C=C2C=C[C@H](C)[C@H](CC[C@@H]3C[C@@H](O)CC(=O)O3)[C@H]21
3BQM,3M6F,P20701,ITGAL,NO3 BJZ,O=[N+]([O-])[O-] CN1C(=O)N(c2cc(Cl)cc(Cl)c2)C(=O)[C@]12CN(c1ccc(C(=O)O)cn1)C[C@H]2c1ccc(C#N)cc1
5AEP,4HGE,O60674,JAK2,15V,Cc1cc(NC(=O)c2cnn3cccnc23)n(-c2cccc(Cl)c2)n1
5AEP,2XA4,O60674,JAK2,AZ5,Cc1cc(Nc2nc(N[C@@H](C)c3ncc(F)cn3)ncc2Cl)[nH]n1
5AEP,5TQ5,O60674,JAK2,7GX,CCc1cc(O)ccc1-c1ccc2c(C(=O)Nc3ccc(C)nc3)n[nH]c2c1
5AEP,4P7E,O60674,JAK2,2HB,O=C(Nc1nc2cccc(-c3ccc(CN4CCS(=O)(=O)CC4)cc3)n2n1)C1CC1
4HGE,4YTC,O60674,JAK2,4HW,Nc1nc(Nc2ccccc2)nn1-c1cc(Nc2ccccc2)ncn1
4HGE,4AQC,O60674,JAK2,88A SO4,CS(=O)(=O)c1ccc(-c2cccn3nc(Nc4ccc(N5CCOCC5)cc4)nc23)cc1 O=S(=O)([O-])[O-]
5TQ3,4BBE,O60674,JAK2,3O4,CC(=O)Nc1ccc(-c2ccnc(Nc3ccc(N4CCOCC4)cc3)n2)cc1
5TQ3,5CF8,O60674,JAK2,50V,CCn1c(C(=O)N(C2CC2)C2CC2)cc2c3c(ncn3C)c(Nc3cc(C)n(C)n3)nc21
3UGC,5WEV,O60674,JAK2,9ZS,O=C(Nc1nccc2[nH]c(-c3c(Cl)cccc3Cl)nc12)C1CC1
4E6D,4E4M,O60674,JAK2,0NH,CC1(n2cnc3cnc4[nH]ccc4c32)CCN(S(C)(=O)=O)CC1
4E6D,2B7A,O60674,JAK2,IZA,CC(C)(C)c1nc2c3ccc(F)cc3c3c(=O)[nH]ccc3c2[nH]1
4E6D,4AQC,O60674,JAK2,88A SO4,CS(=O)(=O)c1ccc(-c2cccn3nc(Nc4ccc(N5CCOCC5)cc4)nc23)cc1 O=S(=O)([O-])[O-]
3RVG,4IVA,O60674,JAK2,1J5,C[C@@H](O)c1nc2cnc3[nH]ccc3c2n1[C@H]1CC[C@H](C#N)CC1
3RVG,5TQ8,O60674,JAK2,7GS,CCc1cc(O)c(F)cc1-c1ccc2c(-c3nc4c([nH]3)CN(C(=O)c3cnc(N5CCCCC5)cn3)CC4)[nH]nc2c1
2W1I,5AEP,O60674,JAK2,QUP,Cc1ccc(Cl)cc1-n1cc(-c2ncnn3cccc23)cc1C(N)=O
2W1I,2XA4,O60674,JAK2,AZ5,Cc1cc(Nc2nc(N[C@@H](C)c3ncc(F)cn3)ncc2Cl)[nH]n1
2W1I,2B7A,O60674,JAK2,IZA,CC(C)(C)c1nc2c3ccc(F)cc3c3c(=O)[nH]ccc3c2[nH]1
3ZMM,4D0X,O60674,JAK2,953 GOL,NC(=O)c1cc(-c2ccnc(N)n2)[nH]c1-c1cc(C(F)(F)F)ccc1Cl OCC(O)CO
4IVA,4YTI,O60674,JAK2,VJK,CC[C@@](C)(Nc1ccnc(-c2c[nH]c3ncccc23)n1)C(=O)NCC(F)(F)F
4IVA,5CF4,O60674,JAK2,50Y,CCn1c(C(=O)N(C2CC2)C2CC2)cc2c3c(ncn3C)c(NCCCOC)nc21
4IVA,3KRR,O60674,JAK2,DQX,Fc1cc(-c2cccc3ncc(-c4cnn(C5CCNCC5)c4)nc23)cc(F)c1CN1CCOCC1
3FUP,4C61,O60674,JAK2,LMM ACT,Cc1csc2c(Nc3cn(C)cn3)nc(N[C@@H](C)c3ncc(F)cn3)nc12 CC(=O)[O-]
3FUP,3IOK,O60674,JAK2,1P6,C[C@H](Nc1cc(-c2c(N)nn3cccnc23)ncn1)c1ccc(F)cc1
3FUP,3RVG,O60674,JAK2,17P,Cn1cc(-c2ccc3c(c2)[nH]c2c(C(N)=O)cnc(NC4CCCCC4)c23)cn1
5L3A,5TQ4,O60674,JAK2,7GY,CCc1cc(O)ccc1-c1ccc2c(C(N)=O)n[nH]c2c1
3JY9,3TJC,O60674,JAK2,0TP,CNC(=O)c1cnc(N)c2cc(-c3ccc(N4CCOCC4)cc3)sc12
4C62,4HGE,O60674,JAK2,15V,Cc1cc(NC(=O)c2cnn3cccnc23)n(-c2cccc(Cl)c2)n1
4F08,4D0W,O60674,JAK2,GOL VVQ,OCC(O)CO Cc1ccc(Cl)cc1-c1[nH]c(-c2ccnc(N)n2)cc1C(N)=O
4F08,5CF6,O60674,JAK2,50O,CNc1nc2c(cc(C(=O)N(C3CC3)C3CC3)n2C[C@H](O)CO)c2c1ncn2C
4F08,4E4M,O60674,JAK2,0NH,CC1(n2cnc3cnc4[nH]ccc4c32)CCN(S(C)(=O)=O)CC1
4AQC,4C62,O60674,JAK2,XWW ACT,C[C@H](Nc1nc(Nc2cn(C)cn2)nc(N2CCOCC2)n1)c1ncc(F)cn1 CC(=O)[O-]
3IO7,4JI9,O60674,JAK2,1M3,Cc1cnc(Nc2ccc(N3CCN(C)CC3)cc2)nc1Nc1cccc(S(=O)(=O)NC(C)(C)C)c1
3IO7,5TQ6,O60674,JAK2,7GV,C[C@@H]1CCN(C(=O)N2CCCC2)C[C@@H]1N(C)c1ncnc2[nH]ccc12
3IO7,3JY9,O60674,JAK2,JZH NA,O=C1Nc2ccccc2-c2ccnc3[nH]cc(c23)[C@@H]1c1ccc(O)cc1 [Na+]
4ZIM,5AEP,O60674,JAK2,QUP,Cc1ccc(Cl)cc1-n1cc(-c2ncnn3cccc23)cc1C(N)=O
4ZIM,3TJD,O60674,JAK2,6TP,CNC(=O)c1cnc(N)c2cc(-c3ccc(S(=O)(=O)NC(C)(C)C)cc3)sc12
4ZIM,2B7A,O60674,JAK2,IZA,CC(C)(C)c1nc2c3ccc(F)cc3c3c(=O)[nH]ccc3c2[nH]1
4E6Q,4D0X,O60674,JAK2,953 GOL,NC(=O)c1cc(-c2ccnc(N)n2)[nH]c1-c1cc(C(F)(F)F)ccc1Cl OCC(O)CO
4E6Q,5USY,O60674,JAK2,SKE SO4 GOL,Nc1nc(Nc2ccc(S(N)(=O)=O)cc2)nn1C(=O)c1c(F)cccc1F O=S(=O)([O-])[O-] OCC(O)CO
2B7A,4JI9,O60674,JAK2,1M3,Cc1cnc(Nc2ccc(N3CCN(C)CC3)cc2)nc1Nc1cccc(S(=O)(=O)NC(C)(C)C)c1
2B7A,5TQ6,O60674,JAK2,7GV,C[C@@H]1CCN(C(=O)N2CCCC2)C[C@@H]1N(C)c1ncnc2[nH]ccc12
5TQ5,4C61,O60674,JAK2,LMM ACT,Cc1csc2c(Nc3cn(C)cn3)nc(N[C@@H](C)c3ncc(F)cn3)nc12 CC(=O)[O-]
5TQ5,3FUP,O60674,JAK2,MI1,C[C@@H]1CCN(C(=O)CC#N)C[C@@H]1N(C)c1ncnc2[nH]ccc12
5TQ5,5L3A,O60674,JAK2,6DP,CS(=O)(=O)Nc1cccc2[nH]ncc12
4YTF,3UGC,O60674,JAK2,046 MLI,CC(=O)Nc1cc(Oc2ccc3c(c2)CCN3C(=O)Nc2ccc(CN3CCN(C)CC3)c(C(F)(F)F)c2)ncn1 O=C([O-])CC(=O)[O-]
4YTF,4E4M,O60674,JAK2,0NH,CC1(n2cnc3cnc4[nH]ccc4c32)CCN(S(C)(=O)=O)CC1
3E64,5TQ6,O60674,JAK2,7GV,C[C@@H]1CCN(C(=O)N2CCCC2)C[C@@H]1N(C)c1ncnc2[nH]ccc12
3E64,3Q32,O60674,JAK2,J2I,COc1cc(F)c(CC(=O)N2CCN(c3nc(Nc4cc(C)n[nH]4)c4cccn4n3)CC2)c(F)c1
4GFM,3UGC,O60674,JAK2,046 MLI,CC(=O)Nc1cc(Oc2ccc3c(c2)CCN3C(=O)Nc2ccc(CN3CCN(C)CC3)c(C(F)(F)F)c2)ncn1 O=C([O-])CC(=O)[O-]
4GFM,5TQ3,O60674,JAK2,7GZ,CCc1cc(O)ccc1-c1ccc2c(-c3nc4ccccc4[nH]3)n[nH]c2c1
5CF8,4ZIM,O60674,JAK2,4OK,NC(=O)c1cc(-c2ccc(Cl)c(Cl)c2)cc2c1[nH]c1ccc(C(=O)N3CCOCC3)cc12
2XA4,4HGE,O60674,JAK2,15V,Cc1cc(NC(=O)c2cnn3cccnc23)n(-c2cccc(Cl)c2)n1
2XA4,4YTH,O60674,JAK2,467,CC(C)(Nc1nc(-c2c[nH]c3ncc(Cl)cc23)ncc1F)C(=O)NCC(F)(F)F
4BBF,3LPB,O60674,JAK2,NVB,CNS(=O)(=O)c1ccc(-c2cccc3ncc(-c4cc(OC)c(OC)c(OC)c4)nc23)cc1
4BBF,3IO7,O60674,JAK2,1P5,CCN(CC)C(=O)[C@H]1CCCN(c2cc(-c3c(N)nn4cccnc34)ncn2)C1
4YTI,3FUP,O60674,JAK2,MI1,C[C@@H]1CCN(C(=O)CC#N)C[C@@H]1N(C)c1ncnc2[nH]ccc12
4YTI,4ZIM,O60674,JAK2,4OK,NC(=O)c1cc(-c2ccc(Cl)c(Cl)c2)cc2c1[nH]c1ccc(C(=O)N3CCOCC3)cc12
4YTI,2XA4,O60674,JAK2,AZ5,Cc1cc(Nc2nc(N[C@@H](C)c3ncc(F)cn3)ncc2Cl)[nH]n1
4YTI,4YTH,O60674,JAK2,467,CC(C)(Nc1nc(-c2c[nH]c3ncc(Cl)cc23)ncc1F)C(=O)NCC(F)(F)F
3TJD,2XA4,O60674,JAK2,AZ5,Cc1cc(Nc2nc(N[C@@H](C)c3ncc(F)cn3)ncc2Cl)[nH]n1
3TJD,5CF6,O60674,JAK2,50O,CNc1nc2c(cc(C(=O)N(C3CC3)C3CC3)n2C[C@H](O)CO)c2c1ncn2C
4D0W,4D1S,O60674,JAK2,BJG,Cc1ccc(Cl)cc1-c1c(C(N)=O)cc(-c2ccnc(Nc3ccc(N4CCN(C)CC4)cc3)n2)n1C
4D0W,2B7A,O60674,JAK2,IZA,CC(C)(C)c1nc2c3ccc(F)cc3c3c(=O)[nH]ccc3c2[nH]1
4D0W,5L3A,O60674,JAK2,6DP,CS(=O)(=O)Nc1cccc2[nH]ncc12
4D0W,3ZMM,O60674,JAK2,F9J ACE,Cc1cc(Nc2nc(O[C@@H](C)c3ncc(F)cn3)c(F)c(N3CCOCC3)n2)[nH]n1 CC=O
5TQ6,4P7E,O60674,JAK2,2HB,O=C(Nc1nc2cccc(-c3ccc(CN4CCS(=O)(=O)CC4)cc3)n2n1)C1CC1
5CF4,5TQ8,O60674,JAK2,7GS,CCc1cc(O)c(F)cc1-c1ccc2c(-c3nc4c([nH]3)CN(C(=O)c3cnc(N5CCCCC5)cn3)CC4)[nH]nc2c1
5CF4,4P7E,O60674,JAK2,2HB,O=C(Nc1nc2cccc(-c3ccc(CN4CCS(=O)(=O)CC4)cc3)n2n1)C1CC1
5HEZ,3TJD,O60674,JAK2,6TP,CNC(=O)c1cnc(N)c2cc(-c3ccc(S(=O)(=O)NC(C)(C)C)cc3)sc12
4E4M,2XA4,O60674,JAK2,AZ5,Cc1cc(Nc2nc(N[C@@H](C)c3ncc(F)cn3)ncc2Cl)[nH]n1
4E4M,5L3A,O60674,JAK2,6DP,CS(=O)(=O)Nc1cccc2[nH]ncc12
4D0X,5CF8,O60674,JAK2,50V,CCn1c(C(=O)N(C2CC2)C2CC2)cc2c3c(ncn3C)c(Nc3cc(C)n(C)n3)nc21
3E62,5CF5,O60674,JAK2,50W,CCn1c(C(=O)N(C2CC2)C2CC2)cc2c3c(ncn3C)c(Nc3nc(C)c(C)s3)nc21
4BBE,4D0X,O60674,JAK2,953 GOL,NC(=O)c1cc(-c2ccnc(N)n2)[nH]c1-c1cc(C(F)(F)F)ccc1Cl OCC(O)CO
4GMY,5CF8,O60674,JAK2,50V,CCn1c(C(=O)N(C2CC2)C2CC2)cc2c3c(ncn3C)c(Nc3cc(C)n(C)n3)nc21
5CF5,4D1S,O60674,JAK2,BJG,Cc1ccc(Cl)cc1-c1c(C(N)=O)cc(-c2ccnc(Nc3ccc(N4CCN(C)CC4)cc3)n2)n1C
5CF5,3IO7,O60674,JAK2,1P5,CCN(CC)C(=O)[C@H]1CCCN(c2cc(-c3c(N)nn4cccnc34)ncn2)C1
5CF5,3KRR,O60674,JAK2,DQX,Fc1cc(-c2cccc3ncc(-c4cnn(C5CCNCC5)c4)nc23)cc(F)c1CN1CCOCC1
5TQ4,2W1I,O60674,JAK2,L0I,O=C(Nc1c[nH]nc1-c1nc2ccc(C[NH+]3CCOCC3)cc2[nH]1)NC1CC1
5TQ4,5TQ5,O60674,JAK2,7GX,CCc1cc(O)ccc1-c1ccc2c(C(=O)Nc3ccc(C)nc3)n[nH]c2c1
4F09,5TQ6,O60674,JAK2,7GV,C[C@@H]1CCN(C(=O)N2CCCC2)C[C@@H]1N(C)c1ncnc2[nH]ccc12
4F09,3IOK,O60674,JAK2,1P6,C[C@H](Nc1cc(-c2c(N)nn3cccnc23)ncn1)c1ccc(F)cc1
4F09,4D1S,O60674,JAK2,BJG,Cc1ccc(Cl)cc1-c1c(C(N)=O)cc(-c2ccnc(Nc3ccc(N4CCN(C)CC4)cc3)n2)n1C
4F09,4C62,O60674,JAK2,XWW ACT,C[C@H](Nc1nc(Nc2cn(C)cn2)nc(N2CCOCC2)n1)c1ncc(F)cn1 CC(=O)[O-]
3LPB,5CF5,O60674,JAK2,50W,CCn1c(C(=O)N(C2CC2)C2CC2)cc2c3c(ncn3C)c(Nc3nc(C)c(C)s3)nc21
3LPB,4JI9,O60674,JAK2,1M3,Cc1cnc(Nc2ccc(N3CCN(C)CC3)cc2)nc1Nc1cccc(S(=O)(=O)NC(C)(C)C)c1
4YTH,3E62,O60674,JAK2,5B1,Nc1n[nH]c2ccc(Br)cc12
4YTH,4D0W,O60674,JAK2,GOL VVQ,OCC(O)CO Cc1ccc(Cl)cc1-c1[nH]c(-c2ccnc(N)n2)cc1C(N)=O
4YTH,5CF4,O60674,JAK2,50Y,CCn1c(C(=O)N(C2CC2)C2CC2)cc2c3c(ncn3C)c(NCCCOC)nc21
4YTH,5TQ3,O60674,JAK2,7GZ,CCc1cc(O)ccc1-c1ccc2c(-c3nc4ccccc4[nH]3)n[nH]c2c1
4YTH,4P7E,O60674,JAK2,2HB,O=C(Nc1nc2cccc(-c3ccc(CN4CCS(=O)(=O)CC4)cc3)n2n1)C1CC1
5WEV,3TJC,O60674,JAK2,0TP,CNC(=O)c1cnc(N)c2cc(-c3ccc(N4CCOCC4)cc3)sc12
5WEV,5TQ7,O60674,JAK2,7GT,C[C@@H]1CCN(C(=O)N2CC[C@@H](S(=O)(=O)c3ccccc3)C2)C[C@@H]1N(C)c1ncnc2[nH]ccc12
3Q32,4GMY,O60674,JAK2,0X5,O=C(Nc1ccnc(NC(=O)C2CC2)c1)c1c(Cl)cccc1Cl
3KCK,3UGC,O60674,JAK2,046 MLI,CC(=O)Nc1cc(Oc2ccc3c(c2)CCN3C(=O)Nc2ccc(CN3CCN(C)CC3)c(C(F)(F)F)c2)ncn1 O=C([O-])CC(=O)[O-]
4C61,4BBE,O60674,JAK2,3O4,CC(=O)Nc1ccc(-c2ccnc(Nc3ccc(N4CCOCC4)cc3)n2)cc1
4C61,5USY,O60674,JAK2,SKE SO4 GOL,Nc1nc(Nc2ccc(S(N)(=O)=O)cc2)nn1C(=O)c1c(F)cccc1F O=S(=O)([O-])[O-] OCC(O)CO
4C61,5CF8,O60674,JAK2,50V,CCn1c(C(=O)N(C2CC2)C2CC2)cc2c3c(ncn3C)c(Nc3cc(C)n(C)n3)nc21
5TQ8,3E63,O60674,JAK2,5B2,Nc1n[nH]c2ccc(-c3ccccc3)cc12
5TQ7,3LPB,O60674,JAK2,NVB,CNS(=O)(=O)c1ccc(-c2cccc3ncc(-c4cc(OC)c(OC)c(OC)c4)nc23)cc1
2Q2Y,4A5Y,P52732,KIF11,ADP CL G7X MG PO4,Nc1ncnc2c1ncn2[C@@H]1O[C@H](CO[P@](=O)(O)OP(=O)(O)O)[C@@H](O)[C@H]1O [Cl-] Cc1ccc(C(=O)N(CCCN)[C@@H](c2nc3cc(Cl)ccc3c(=O)n2Cc2ccccc2)C(C)C)cc1 [Mg+2] O=P([O-])([O-])[O-]
2GM1,2PG2,P52732,KIF11,K01 ADP MG,CCN(CC)C(=O)c1c(NC(=O)c2cccs2)sc2c1CCCC2 Nc1ncnc2c1ncn2[C@@H]1O[C@H](CO[P@](=O)(O)OP(=O)(O)O)[C@@H](O)[C@H]1O [Mg+2]
2GM1,4BXN,P52732,KIF11,ADP 6LX CL CD,Nc1ncnc2c1ncn2[C@@H]1O[C@H](CO[P@](=O)(O)OP(=O)(O)O)[C@@H](O)[C@H]1O Cc1ccc(C(=O)N(CCCN)[C@@H](c2oc3cc(Cl)ccc3c(=O)c2Cc2ccccc2)C(C)C)cc1 [Cl-] [Cd+2]
2GM1,3L9H,P52732,KIF11,EMQ ADP,CN(C)CCNC(=O)NC[C@H]1CC[C@@H]2[C@H](O1)c1cc(C(F)(F)F)ccc1N[C@H]2c1ccccc1 Nc1ncnc2c1ncn2[C@@H]1O[C@H](CO[P@](=O)(O)OP(=O)(O)O)[C@@H](O)[C@H]1O
2GM1,3K5E,P52732,KIF11,K5E ADP MG,Oc1cccc([C@@H]2NC(=S)NC3=C2[C@H](O)CCC3)c1 Nc1ncnc2c1ncn2[C@@H]1O[C@H](CO[P@](=O)(O)OP(=O)(O)O)[C@@H](O)[C@H]1O [Mg+2]
2WOG,2XAE,P52732,KIF11,2XA MG ADP CL SO4,N[C@@H](CSC(c1ccccc1)(c1ccccc1)c1ccc(Cl)cc1)C(=O)O [Mg+2] Nc1ncnc2c1ncn2[C@@H]1O[C@H](CO[P@](=O)(O)OP(=O)(O)O)[C@@H](O)[C@H]1O [Cl-] O=S(=O)([O-])[O-]
2WOG,4A5Y,P52732,KIF11,ADP CL G7X MG PO4,Nc1ncnc2c1ncn2[C@@H]1O[C@H](CO[P@](=O)(O)OP(=O)(O)O)[C@@H](O)[C@H]1O [Cl-] Cc1ccc(C(=O)N(CCCN)[C@@H](c2nc3cc(Cl)ccc3c(=O)n2Cc2ccccc2)C(C)C)cc1 [Mg+2] O=P([O-])([O-])[O-]
2WOG,2Q2Y,P52732,KIF11,MKR ADP MG,CC(=O)C1=NN2c3cc(F)ccc3OC[C@H]2[C@@]1(CCCN1CCN(C(C)=O)CC1)c1ccccc1 Nc1ncnc2c1ncn2[C@@H]1O[C@H](CO[P@](=O)(O)OP(=O)(O)O)[C@@H](O)[C@H]1O [Mg+2]
2WOG,4BXN,P52732,KIF11,ADP 6LX CL CD,Nc1ncnc2c1ncn2[C@@H]1O[C@H](CO[P@](=O)(O)OP(=O)(O)O)[C@@H](O)[C@H]1O Cc1ccc(C(=O)N(CCCN)[C@@H](c2oc3cc(Cl)ccc3c(=O)c2Cc2ccccc2)C(C)C)cc1 [Cl-] [Cd+2]
2WOG,3L9H,P52732,KIF11,EMQ ADP,CN(C)CCNC(=O)NC[C@H]1CC[C@@H]2[C@H](O1)c1cc(C(F)(F)F)ccc1N[C@H]2c1ccccc1 Nc1ncnc2c1ncn2[C@@H]1O[C@H](CO[P@](=O)(O)OP(=O)(O)O)[C@@H](O)[C@H]1O
2Q2Z,2FKY,P52732,KIF11,MG ADP N2T,[Mg+2] Nc1ncnc2c1ncn2[C@@H]1O[C@H](CO[P@](=O)(O)OP(=O)(O)O)[C@@H](O)[C@H]1O CN(C(=O)N1CC(c2cc(F)ccc2F)=C[C@H]1c1ccccc1)C1CCNCC1
2Q2Z,2UYM,P52732,KIF11,ADP K03 MG,Nc1ncnc2c1ncn2[C@@H]1O[C@H](CO[P@](=O)(O)OP(=O)(O)O)[C@@H](O)[C@H]1O CCN(CC)C(=O)c1c(NC(=O)c2cccs2)sc2c1CC(C)(C)CC2 [Mg+2]
2Q2Z,2UYI,P52732,KIF11,ADP K02 MG,Nc1ncnc2c1ncn2[C@@H]1O[C@H](CO[P@](=O)(O)OP(=O)(O)O)[C@@H](O)[C@H]1O CCN(CC)C(=O)c1c(NC(=O)c2cccs2)sc2c1C[C@H](C)CC2 [Mg+2]
2Q2Z,4BXN,P52732,KIF11,ADP 6LX CL CD,Nc1ncnc2c1ncn2[C@@H]1O[C@H](CO[P@](=O)(O)OP(=O)(O)O)[C@@H](O)[C@H]1O Cc1ccc(C(=O)N(CCCN)[C@@H](c2oc3cc(Cl)ccc3c(=O)c2Cc2ccccc2)C(C)C)cc1 [Cl-] [Cd+2]
4BBG,2FKY,P52732,KIF11,MG ADP N2T,[Mg+2] Nc1ncnc2c1ncn2[C@@H]1O[C@H](CO[P@](=O)(O)OP(=O)(O)O)[C@@H](O)[C@H]1O CN(C(=O)N1CC(c2cc(F)ccc2F)=C[C@H]1c1ccccc1)C1CCNCC1
4BBG,2FME,P52732,KIF11,MG 3QC ADP,[Mg+2] Cc1ccc2c(c1C)CN(C(=O)N(C)C)C[C@@H]2c1cccc(O)c1 Nc1ncnc2c1ncn2[C@@H]1O[C@H](CO[P@](=O)(O)OP(=O)(O)O)[C@@H](O)[C@H]1O
4BBG,2X7C,P52732,KIF11,ADP MG KZ9,Nc1ncnc2c1ncn2[C@@H]1O[C@H](CO[P@](=O)(O)OP(=O)(O)O)[C@@H](O)[C@H]1O [Mg+2] O=C1CCCC2=C1[C@H](c1cccc(O)c1)NC(=S)N2
4A51,2X7E,P52732,KIF11,ADP MG X7E,Nc1ncnc2c1ncn2[C@@H]1O[C@H](CO[P@](=O)(O)OP(=O)(O)O)[C@@H](O)[C@H]1O [Mg+2] CC1=C([C@@H](O)c2ccc(F)c(F)c2)[C@@H](c2cccc(O)c2)NC(=S)N1C
4A51,4A5Y,P52732,KIF11,ADP CL G7X MG PO4,Nc1ncnc2c1ncn2[C@@H]1O[C@H](CO[P@](=O)(O)OP(=O)(O)O)[C@@H](O)[C@H]1O [Cl-] Cc1ccc(C(=O)N(CCCN)[C@@H](c2nc3cc(Cl)ccc3c(=O)n2Cc2ccccc2)C(C)C)cc1 [Mg+2] O=P([O-])([O-])[O-]
4A51,4BBG,P52732,KIF11,ADP MG CL V02,Nc1ncnc2c1ncn2[C@@H]1O[C@H](CO[P@](=O)(O)OP(=O)(O)O)[C@@H](O)[C@H]1O [Mg+2] [Cl-] CCc1cccc([C@](SCCN)(c2ccccc2)c2cccc(O)c2)c1
4A51,2X7D,P52732,KIF11,ADP MG EGB,Nc1ncnc2c1ncn2[C@@H]1O[C@H](CO[P@](=O)(O)OP(=O)(O)O)[C@@H](O)[C@H]1O [Mg+2] CC1(C)CC(=O)C2=C(C1)NC(=S)N[C@H]2c1cccc(O)c1
4AP0,2FL2,P52732,KIF11,MG ADP N4T,[Mg+2] Nc1ncnc2c1ncn2[C@@H]1O[C@H](CO[P@](=O)(O)OP(=O)(O)O)[C@@H](O)[C@H]1O N[C@H](C(=O)N1CC(c2cc(F)ccc2F)=C[C@H]1c1ccccc1)C1CC1
4AP0,2X7D,P52732,KIF11,ADP MG EGB,Nc1ncnc2c1ncn2[C@@H]1O[C@H](CO[P@](=O)(O)OP(=O)(O)O)[C@@H](O)[C@H]1O [Mg+2] CC1(C)CC(=O)C2=C(C1)NC(=S)N[C@H]2c1cccc(O)c1
4AP0,1YRS,P52732,KIF11,MG ADP L47,[Mg+2] Nc1ncnc2c1ncn2[C@@H]1O[C@H](CO[P@](=O)(O)OP(=O)(O)O)[C@@H](O)[C@H]1O CC(=O)N1N=C(c2ccccc2Cl)C[C@H]1c1cccc(O)c1
4AP0,2X2R,P52732,KIF11,ADP X2O MG,Nc1ncnc2c1ncn2[C@@H]1O[C@H](CO[P@](=O)(O)OP(=O)(O)O)[C@@H](O)[C@H]1O CC[C@@H](C)C(SC[C@H](N)C(=O)O)(c1ccccc1)c1ccccc1 [Mg+2]
2X2R,2FME,P52732,KIF11,MG 3QC ADP,[Mg+2] Cc1ccc2c(c1C)CN(C(=O)N(C)C)C[C@@H]2c1cccc(O)c1 Nc1ncnc2c1ncn2[C@@H]1O[C@H](CO[P@](=O)(O)OP(=O)(O)O)[C@@H](O)[C@H]1O
2X2R,2X7D,P52732,KIF11,ADP MG EGB,Nc1ncnc2c1ncn2[C@@H]1O[C@H](CO[P@](=O)(O)OP(=O)(O)O)[C@@H](O)[C@H]1O [Mg+2] CC1(C)CC(=O)C2=C(C1)NC(=S)N[C@H]2c1cccc(O)c1
2X7E,2FL2,P52732,KIF11,MG ADP N4T,[Mg+2] Nc1ncnc2c1ncn2[C@@H]1O[C@H](CO[P@](=O)(O)OP(=O)(O)O)[C@@H](O)[C@H]1O N[C@H](C(=O)N1CC(c2cc(F)ccc2F)=C[C@H]1c1ccccc1)C1CC1
2X7E,2PG2,P52732,KIF11,K01 ADP MG,CCN(CC)C(=O)c1c(NC(=O)c2cccs2)sc2c1CCCC2 Nc1ncnc2c1ncn2[C@@H]1O[C@H](CO[P@](=O)(O)OP(=O)(O)O)[C@@H](O)[C@H]1O [Mg+2]
2X7E,4BXN,P52732,KIF11,ADP 6LX CL CD,Nc1ncnc2c1ncn2[C@@H]1O[C@H](CO[P@](=O)(O)OP(=O)(O)O)[C@@H](O)[C@H]1O Cc1ccc(C(=O)N(CCCN)[C@@H](c2oc3cc(Cl)ccc3c(=O)c2Cc2ccccc2)C(C)C)cc1 [Cl-] [Cd+2]
2X7D,2FL2,P52732,KIF11,MG ADP N4T,[Mg+2] Nc1ncnc2c1ncn2[C@@H]1O[C@H](CO[P@](=O)(O)OP(=O)(O)O)[C@@H](O)[C@H]1O N[C@H](C(=O)N1CC(c2cc(F)ccc2F)=C[C@H]1c1ccccc1)C1CC1
2X7D,2Q2Z,P52732,KIF11,MKK ADP MG,CC(=O)C1=NN(c2cc(C)ccc2F)C[C@@]1(CCCN1CCN(C(C)=O)CC1)c1ccccc1 Nc1ncnc2c1ncn2[C@@H]1O[C@H](CO[P@](=O)(O)OP(=O)(O)O)[C@@H](O)[C@H]1O [Mg+2]
2X7D,2Q2Y,P52732,KIF11,MKR ADP MG,CC(=O)C1=NN2c3cc(F)ccc3OC[C@H]2[C@@]1(CCCN1CCN(C(C)=O)CC1)c1ccccc1 Nc1ncnc2c1ncn2[C@@H]1O[C@H](CO[P@](=O)(O)OP(=O)(O)O)[C@@H](O)[C@H]1O [Mg+2]
2X7D,2PG2,P52732,KIF11,K01 ADP MG,CCN(CC)C(=O)c1c(NC(=O)c2cccs2)sc2c1CCCC2 Nc1ncnc2c1ncn2[C@@H]1O[C@H](CO[P@](=O)(O)OP(=O)(O)O)[C@@H](O)[C@H]1O [Mg+2]
2X7D,3CJO,P52732,KIF11,MG ADP K30,[Mg+2] Nc1ncnc2c1ncn2[C@@H]1O[C@H](CO[P@](=O)(O)OP(=O)(O)O)[C@@H](O)[C@H]1O CN1CC[C@H](N(C)C(=O)N2CC(c3cc(F)ccc3F)=C[C@@]2(CO)c2ccccc2)[C@H](F)C1
4BXN,3K3B,P52732,KIF11,PEG CL NO3 L31 ADP MG,OCCOCCO [Cl-] O=[N+]([O-])[O-] CC(=O)N1CCc2c([nH]c3ccc(C)cc23)[C@H]1c1cccc(O)c1 Nc1ncnc2c1ncn2[C@@H]1O[C@H](CO[P@](=O)(O)OP(=O)(O)O)[C@@H](O)[C@H]1O [Mg+2]
4BXN,2X7D,P52732,KIF11,ADP MG EGB,Nc1ncnc2c1ncn2[C@@H]1O[C@H](CO[P@](=O)(O)OP(=O)(O)O)[C@@H](O)[C@H]1O [Mg+2] CC1(C)CC(=O)C2=C(C1)NC(=S)N[C@H]2c1cccc(O)c1
4BXN,1X88,P52732,KIF11,MG ADP NAT,[Mg+2] Nc1ncnc2c1ncn2[C@@H]1O[C@H](CO[P@](=O)(O)OP(=O)(O)O)[C@@H](O)[C@H]1O CCOC(=O)C1=C(C)NC(=S)N[C@H]1c1cccc(O)c1
4BXN,2IEH,P52732,KIF11,MG K CL ADP MOY PG4,[Mg+2] [K+] [Cl-] Nc1ncnc2c1ncn2[C@@H]1O[C@H](CO[P@](=O)(O)OP(=O)(O)O)[C@@H](O)[C@H]1O CC1=C(C(=O)c2ccccc2)[C@@H](c2cccc(O)c2)NC(=S)N1C OCCOCCOCCOCCO
2X7C,1YRS,P52732,KIF11,MG ADP L47,[Mg+2] Nc1ncnc2c1ncn2[C@@H]1O[C@H](CO[P@](=O)(O)OP(=O)(O)O)[C@@H](O)[C@H]1O CC(=O)N1N=C(c2ccccc2Cl)C[C@H]1c1cccc(O)c1
2UYM,2FL2,P52732,KIF11,MG ADP N4T,[Mg+2] Nc1ncnc2c1ncn2[C@@H]1O[C@H](CO[P@](=O)(O)OP(=O)(O)O)[C@@H](O)[C@H]1O N[C@H](C(=O)N1CC(c2cc(F)ccc2F)=C[C@H]1c1ccccc1)C1CC1
2UYM,2X7E,P52732,KIF11,ADP MG X7E,Nc1ncnc2c1ncn2[C@@H]1O[C@H](CO[P@](=O)(O)OP(=O)(O)O)[C@@H](O)[C@H]1O [Mg+2] CC1=C([C@@H](O)c2ccc(F)c(F)c2)[C@@H](c2cccc(O)c2)NC(=S)N1C
2UYM,2X7D,P52732,KIF11,ADP MG EGB,Nc1ncnc2c1ncn2[C@@H]1O[C@H](CO[P@](=O)(O)OP(=O)(O)O)[C@@H](O)[C@H]1O [Mg+2] CC1(C)CC(=O)C2=C(C1)NC(=S)N[C@H]2c1cccc(O)c1
2UYM,2UYI,P52732,KIF11,ADP K02 MG,Nc1ncnc2c1ncn2[C@@H]1O[C@H](CO[P@](=O)(O)OP(=O)(O)O)[C@@H](O)[C@H]1O CCN(CC)C(=O)c1c(NC(=O)c2cccs2)sc2c1C[C@H](C)CC2 [Mg+2]
2UYM,1X88,P52732,KIF11,MG ADP NAT,[Mg+2] Nc1ncnc2c1ncn2[C@@H]1O[C@H](CO[P@](=O)(O)OP(=O)(O)O)[C@@H](O)[C@H]1O CCOC(=O)C1=C(C)NC(=S)N[C@H]1c1cccc(O)c1
2UYM,2X2R,P52732,KIF11,ADP X2O MG,Nc1ncnc2c1ncn2[C@@H]1O[C@H](CO[P@](=O)(O)OP(=O)(O)O)[C@@H](O)[C@H]1O CC[C@@H](C)C(SC[C@H](N)C(=O)O)(c1ccccc1)c1ccccc1 [Mg+2]
3KEN,2XAE,P52732,KIF11,2XA MG ADP CL SO4,N[C@@H](CSC(c1ccccc1)(c1ccccc1)c1ccc(Cl)cc1)C(=O)O [Mg+2] Nc1ncnc2c1ncn2[C@@H]1O[C@H](CO[P@](=O)(O)OP(=O)(O)O)[C@@H](O)[C@H]1O [Cl-] O=S(=O)([O-])[O-]
3KEN,2FL6,P52732,KIF11,MG ADP N5T,[Mg+2] Nc1ncnc2c1ncn2[C@@H]1O[C@H](CO[P@](=O)(O)OP(=O)(O)O)[C@@H](O)[C@H]1O CN(C)C(=O)N1CC(c2cc(F)ccc2F)=C[C@H]1c1ccccc1
3KEN,2X2R,P52732,KIF11,ADP X2O MG,Nc1ncnc2c1ncn2[C@@H]1O[C@H](CO[P@](=O)(O)OP(=O)(O)O)[C@@H](O)[C@H]1O CC[C@@H](C)C(SC[C@H](N)C(=O)O)(c1ccccc1)c1ccccc1 [Mg+2]
3KEN,2PG2,P52732,KIF11,K01 ADP MG,CCN(CC)C(=O)c1c(NC(=O)c2cccs2)sc2c1CCCC2 Nc1ncnc2c1ncn2[C@@H]1O[C@H](CO[P@](=O)(O)OP(=O)(O)O)[C@@H](O)[C@H]1O [Mg+2]
3KEN,4BXN,P52732,KIF11,ADP 6LX CL CD,Nc1ncnc2c1ncn2[C@@H]1O[C@H](CO[P@](=O)(O)OP(=O)(O)O)[C@@H](O)[C@H]1O Cc1ccc(C(=O)N(CCCN)[C@@H](c2oc3cc(Cl)ccc3c(=O)c2Cc2ccccc2)C(C)C)cc1 [Cl-] [Cd+2]
3K5E,2X7E,P52732,KIF11,ADP MG X7E,Nc1ncnc2c1ncn2[C@@H]1O[C@H](CO[P@](=O)(O)OP(=O)(O)O)[C@@H](O)[C@H]1O [Mg+2] CC1=C([C@@H](O)c2ccc(F)c(F)c2)[C@@H](c2cccc(O)c2)NC(=S)N1C
3K5E,2X7D,P52732,KIF11,ADP MG EGB,Nc1ncnc2c1ncn2[C@@H]1O[C@H](CO[P@](=O)(O)OP(=O)(O)O)[C@@H](O)[C@H]1O [Mg+2] CC1(C)CC(=O)C2=C(C1)NC(=S)N[C@H]2c1cccc(O)c1
3K5E,2UYI,P52732,KIF11,ADP K02 MG,Nc1ncnc2c1ncn2[C@@H]1O[C@H](CO[P@](=O)(O)OP(=O)(O)O)[C@@H](O)[C@H]1O CCN(CC)C(=O)c1c(NC(=O)c2cccs2)sc2c1C[C@H](C)CC2 [Mg+2]
1YRS,2UYI,P52732,KIF11,ADP K02 MG,Nc1ncnc2c1ncn2[C@@H]1O[C@H](CO[P@](=O)(O)OP(=O)(O)O)[C@@H](O)[C@H]1O CCN(CC)C(=O)c1c(NC(=O)c2cccs2)sc2c1C[C@H](C)CC2 [Mg+2]
1YRS,3CJO,P52732,KIF11,MG ADP K30,[Mg+2] Nc1ncnc2c1ncn2[C@@H]1O[C@H](CO[P@](=O)(O)OP(=O)(O)O)[C@@H](O)[C@H]1O CN1CC[C@H](N(C)C(=O)N2CC(c3cc(F)ccc3F)=C[C@@]2(CO)c2ccccc2)[C@H](F)C1
3K3B,2FL2,P52732,KIF11,MG ADP N4T,[Mg+2] Nc1ncnc2c1ncn2[C@@H]1O[C@H](CO[P@](=O)(O)OP(=O)(O)O)[C@@H](O)[C@H]1O N[C@H](C(=O)N1CC(c2cc(F)ccc2F)=C[C@H]1c1ccccc1)C1CC1
3K3B,4A5Y,P52732,KIF11,ADP CL G7X MG PO4,Nc1ncnc2c1ncn2[C@@H]1O[C@H](CO[P@](=O)(O)OP(=O)(O)O)[C@@H](O)[C@H]1O [Cl-] Cc1ccc(C(=O)N(CCCN)[C@@H](c2nc3cc(Cl)ccc3c(=O)n2Cc2ccccc2)C(C)C)cc1 [Mg+2] O=P([O-])([O-])[O-]
3K3B,2UYM,P52732,KIF11,ADP K03 MG,Nc1ncnc2c1ncn2[C@@H]1O[C@H](CO[P@](=O)(O)OP(=O)(O)O)[C@@H](O)[C@H]1O CCN(CC)C(=O)c1c(NC(=O)c2cccs2)sc2c1CC(C)(C)CC2 [Mg+2]
3K3B,2FME,P52732,KIF11,MG 3QC ADP,[Mg+2] Cc1ccc2c(c1C)CN(C(=O)N(C)C)C[C@@H]2c1cccc(O)c1 Nc1ncnc2c1ncn2[C@@H]1O[C@H](CO[P@](=O)(O)OP(=O)(O)O)[C@@H](O)[C@H]1O
3K3B,2X2R,P52732,KIF11,ADP X2O MG,Nc1ncnc2c1ncn2[C@@H]1O[C@H](CO[P@](=O)(O)OP(=O)(O)O)[C@@H](O)[C@H]1O CC[C@@H](C)C(SC[C@H](N)C(=O)O)(c1ccccc1)c1ccccc1 [Mg+2]
3K3B,4BXN,P52732,KIF11,ADP 6LX CL CD,Nc1ncnc2c1ncn2[C@@H]1O[C@H](CO[P@](=O)(O)OP(=O)(O)O)[C@@H](O)[C@H]1O Cc1ccc(C(=O)N(CCCN)[C@@H](c2oc3cc(Cl)ccc3c(=O)c2Cc2ccccc2)C(C)C)cc1 [Cl-] [Cd+2]
2FME,3K5E,P52732,KIF11,K5E ADP MG,Oc1cccc([C@@H]2NC(=S)NC3=C2[C@H](O)CCC3)c1 Nc1ncnc2c1ncn2[C@@H]1O[C@H](CO[P@](=O)(O)OP(=O)(O)O)[C@@H](O)[C@H]1O [Mg+2]
2PG2,2IEH,P52732,KIF11,MG K CL ADP MOY PG4,[Mg+2] [K+] [Cl-] Nc1ncnc2c1ncn2[C@@H]1O[C@H](CO[P@](=O)(O)OP(=O)(O)O)[C@@H](O)[C@H]1O CC1=C(C(=O)c2ccccc2)[C@@H](c2cccc(O)c2)NC(=S)N1C OCCOCCOCCOCCO
2FL6,2IEH,P52732,KIF11,MG K CL ADP MOY PG4,[Mg+2] [K+] [Cl-] Nc1ncnc2c1ncn2[C@@H]1O[C@H](CO[P@](=O)(O)OP(=O)(O)O)[C@@H](O)[C@H]1O CC1=C(C(=O)c2ccccc2)[C@@H](c2cccc(O)c2)NC(=S)N1C OCCOCCOCCOCCO
2FL6,2GM1,P52732,KIF11,MG 2AZ ADP,[Mg+2] Cc1ccc(C(=O)N(CCCN)[C@@H](c2nn3ccc(Cl)c3c(=O)n2Cc2ccccc2)C2CC2)cc1 Nc1ncnc2c1ncn2[C@@H]1O[C@H](CO[P@](=O)(O)OP(=O)(O)O)[C@@H](O)[C@H]1O
2FL6,2PG2,P52732,KIF11,K01 ADP MG,CCN(CC)C(=O)c1c(NC(=O)c2cccs2)sc2c1CCCC2 Nc1ncnc2c1ncn2[C@@H]1O[C@H](CO[P@](=O)(O)OP(=O)(O)O)[C@@H](O)[C@H]1O [Mg+2]
4A5Y,3K3B,P52732,KIF11,PEG CL NO3 L31 ADP MG,OCCOCCO [Cl-] O=[N+]([O-])[O-] CC(=O)N1CCc2c([nH]c3ccc(C)cc23)[C@H]1c1cccc(O)c1 Nc1ncnc2c1ncn2[C@@H]1O[C@H](CO[P@](=O)(O)OP(=O)(O)O)[C@@H](O)[C@H]1O [Mg+2]
4A5Y,2UYM,P52732,KIF11,ADP K03 MG,Nc1ncnc2c1ncn2[C@@H]1O[C@H](CO[P@](=O)(O)OP(=O)(O)O)[C@@H](O)[C@H]1O CCN(CC)C(=O)c1c(NC(=O)c2cccs2)sc2c1CC(C)(C)CC2 [Mg+2]
2XAE,2FME,P52732,KIF11,MG 3QC ADP,[Mg+2] Cc1ccc2c(c1C)CN(C(=O)N(C)C)C[C@@H]2c1cccc(O)c1 Nc1ncnc2c1ncn2[C@@H]1O[C@H](CO[P@](=O)(O)OP(=O)(O)O)[C@@H](O)[C@H]1O
2XAE,2X7D,P52732,KIF11,ADP MG EGB,Nc1ncnc2c1ncn2[C@@H]1O[C@H](CO[P@](=O)(O)OP(=O)(O)O)[C@@H](O)[C@H]1O [Mg+2] CC1(C)CC(=O)C2=C(C1)NC(=S)N[C@H]2c1cccc(O)c1
1X88,4A5Y,P52732,KIF11,ADP CL G7X MG PO4,Nc1ncnc2c1ncn2[C@@H]1O[C@H](CO[P@](=O)(O)OP(=O)(O)O)[C@@H](O)[C@H]1O [Cl-] Cc1ccc(C(=O)N(CCCN)[C@@H](c2nc3cc(Cl)ccc3c(=O)n2Cc2ccccc2)C(C)C)cc1 [Mg+2] O=P([O-])([O-])[O-]
1X88,2X7D,P52732,KIF11,ADP MG EGB,Nc1ncnc2c1ncn2[C@@H]1O[C@H](CO[P@](=O)(O)OP(=O)(O)O)[C@@H](O)[C@H]1O [Mg+2] CC1(C)CC(=O)C2=C(C1)NC(=S)N[C@H]2c1cccc(O)c1
1X88,1YRS,P52732,KIF11,MG ADP L47,[Mg+2] Nc1ncnc2c1ncn2[C@@H]1O[C@H](CO[P@](=O)(O)OP(=O)(O)O)[C@@H](O)[C@H]1O CC(=O)N1N=C(c2ccccc2Cl)C[C@H]1c1cccc(O)c1
1X88,2PG2,P52732,KIF11,K01 ADP MG,CCN(CC)C(=O)c1c(NC(=O)c2cccs2)sc2c1CCCC2 Nc1ncnc2c1ncn2[C@@H]1O[C@H](CO[P@](=O)(O)OP(=O)(O)O)[C@@H](O)[C@H]1O [Mg+2]
2G1Q,2X7E,P52732,KIF11,ADP MG X7E,Nc1ncnc2c1ncn2[C@@H]1O[C@H](CO[P@](=O)(O)OP(=O)(O)O)[C@@H](O)[C@H]1O [Mg+2] CC1=C([C@@H](O)c2ccc(F)c(F)c2)[C@@H](c2cccc(O)c2)NC(=S)N1C
2G1Q,2FL6,P52732,KIF11,MG ADP N5T,[Mg+2] Nc1ncnc2c1ncn2[C@@H]1O[C@H](CO[P@](=O)(O)OP(=O)(O)O)[C@@H](O)[C@H]1O CN(C)C(=O)N1CC(c2cc(F)ccc2F)=C[C@H]1c1ccccc1
2FKY,2X7E,P52732,KIF11,ADP MG X7E,Nc1ncnc2c1ncn2[C@@H]1O[C@H](CO[P@](=O)(O)OP(=O)(O)O)[C@@H](O)[C@H]1O [Mg+2] CC1=C([C@@H](O)c2ccc(F)c(F)c2)[C@@H](c2cccc(O)c2)NC(=S)N1C
2FKY,4BXN,P52732,KIF11,ADP 6LX CL CD,Nc1ncnc2c1ncn2[C@@H]1O[C@H](CO[P@](=O)(O)OP(=O)(O)O)[C@@H](O)[C@H]1O Cc1ccc(C(=O)N(CCCN)[C@@H](c2oc3cc(Cl)ccc3c(=O)c2Cc2ccccc2)C(C)C)cc1 [Cl-] [Cd+2]
3CJO,2XAE,P52732,KIF11,2XA MG ADP CL SO4,N[C@@H](CSC(c1ccccc1)(c1ccccc1)c1ccc(Cl)cc1)C(=O)O [Mg+2] Nc1ncnc2c1ncn2[C@@H]1O[C@H](CO[P@](=O)(O)OP(=O)(O)O)[C@@H](O)[C@H]1O [Cl-] O=S(=O)([O-])[O-]
3CJO,2Q2Y,P52732,KIF11,MKR ADP MG,CC(=O)C1=NN2c3cc(F)ccc3OC[C@H]2[C@@]1(CCCN1CCN(C(C)=O)CC1)c1ccccc1 Nc1ncnc2c1ncn2[C@@H]1O[C@H](CO[P@](=O)(O)OP(=O)(O)O)[C@@H](O)[C@H]1O [Mg+2]
3CJO,4A51,P52732,KIF11,SO4 CL DQ8 MG ADP,O=S(=O)([O-])[O-] [Cl-] CC(=O)c1cccc(C(SCCN)(c2ccccc2)c2ccccc2)c1 [Mg+2] Nc1ncnc2c1ncn2[C@@H]1O[C@H](CO[P@](=O)(O)OP(=O)(O)O)[C@@H](O)[C@H]1O
3CJO,3L9H,P52732,KIF11,EMQ ADP,CN(C)CCNC(=O)NC[C@H]1CC[C@@H]2[C@H](O1)c1cc(C(F)(F)F)ccc1N[C@H]2c1ccccc1 Nc1ncnc2c1ncn2[C@@H]1O[C@H](CO[P@](=O)(O)OP(=O)(O)O)[C@@H](O)[C@H]1O
3L9H,2WOG,P52732,KIF11,ADP ZZD MG,Nc1ncnc2c1ncn2[C@@H]1O[C@H](CO[P@](=O)(O)OP(=O)(O)O)[C@@H](O)[C@H]1O N[C@@H](CSC(c1ccccc1)(c1ccccc1)c1ccccc1)C(=O)O [Mg+2]
3L9H,2UYI,P52732,KIF11,ADP K02 MG,Nc1ncnc2c1ncn2[C@@H]1O[C@H](CO[P@](=O)(O)OP(=O)(O)O)[C@@H](O)[C@H]1O CCN(CC)C(=O)c1c(NC(=O)c2cccs2)sc2c1C[C@H](C)CC2 [Mg+2]
3L9H,2Q2Z,P52732,KIF11,MKK ADP MG,CC(=O)C1=NN(c2cc(C)ccc2F)C[C@@]1(CCCN1CCN(C(C)=O)CC1)c1ccccc1 Nc1ncnc2c1ncn2[C@@H]1O[C@H](CO[P@](=O)(O)OP(=O)(O)O)[C@@H](O)[C@H]1O [Mg+2]
3L9H,3K5E,P52732,KIF11,K5E ADP MG,Oc1cccc([C@@H]2NC(=S)NC3=C2[C@H](O)CCC3)c1 Nc1ncnc2c1ncn2[C@@H]1O[C@H](CO[P@](=O)(O)OP(=O)(O)O)[C@@H](O)[C@H]1O [Mg+2]
2IEH,2XAE,P52732,KIF11,2XA MG ADP CL SO4,N[C@@H](CSC(c1ccccc1)(c1ccccc1)c1ccc(Cl)cc1)C(=O)O [Mg+2] Nc1ncnc2c1ncn2[C@@H]1O[C@H](CO[P@](=O)(O)OP(=O)(O)O)[C@@H](O)[C@H]1O [Cl-] O=S(=O)([O-])[O-]
1Q0B,2FL2,P52732,KIF11,MG ADP N4T,[Mg+2] Nc1ncnc2c1ncn2[C@@H]1O[C@H](CO[P@](=O)(O)OP(=O)(O)O)[C@@H](O)[C@H]1O N[C@H](C(=O)N1CC(c2cc(F)ccc2F)=C[C@H]1c1ccccc1)C1CC1
2FL2,2X7D,P52732,KIF11,ADP MG EGB,Nc1ncnc2c1ncn2[C@@H]1O[C@H](CO[P@](=O)(O)OP(=O)(O)O)[C@@H](O)[C@H]1O [Mg+2] CC1(C)CC(=O)C2=C(C1)NC(=S)N[C@H]2c1cccc(O)c1
4AS7,3K3B,P52732,KIF11,PEG CL NO3 L31 ADP MG,OCCOCCO [Cl-] O=[N+]([O-])[O-] CC(=O)N1CCc2c([nH]c3ccc(C)cc23)[C@H]1c1cccc(O)c1 Nc1ncnc2c1ncn2[C@@H]1O[C@H](CO[P@](=O)(O)OP(=O)(O)O)[C@@H](O)[C@H]1O [Mg+2]
4AS7,2FL2,P52732,KIF11,MG ADP N4T,[Mg+2] Nc1ncnc2c1ncn2[C@@H]1O[C@H](CO[P@](=O)(O)OP(=O)(O)O)[C@@H](O)[C@H]1O N[C@H](C(=O)N1CC(c2cc(F)ccc2F)=C[C@H]1c1ccccc1)C1CC1
4AS7,2X7E,P52732,KIF11,ADP MG X7E,Nc1ncnc2c1ncn2[C@@H]1O[C@H](CO[P@](=O)(O)OP(=O)(O)O)[C@@H](O)[C@H]1O [Mg+2] CC1=C([C@@H](O)c2ccc(F)c(F)c2)[C@@H](c2cccc(O)c2)NC(=S)N1C
4AS7,2XAE,P52732,KIF11,2XA MG ADP CL SO4,N[C@@H](CSC(c1ccccc1)(c1ccccc1)c1ccc(Cl)cc1)C(=O)O [Mg+2] Nc1ncnc2c1ncn2[C@@H]1O[C@H](CO[P@](=O)(O)OP(=O)(O)O)[C@@H](O)[C@H]1O [Cl-] O=S(=O)([O-])[O-]
4AS7,2Q2Z,P52732,KIF11,MKK ADP MG,CC(=O)C1=NN(c2cc(C)ccc2F)C[C@@]1(CCCN1CCN(C(C)=O)CC1)c1ccccc1 Nc1ncnc2c1ncn2[C@@H]1O[C@H](CO[P@](=O)(O)OP(=O)(O)O)[C@@H](O)[C@H]1O [Mg+2]
2UYI,2X7E,P52732,KIF11,ADP MG X7E,Nc1ncnc2c1ncn2[C@@H]1O[C@H](CO[P@](=O)(O)OP(=O)(O)O)[C@@H](O)[C@H]1O [Mg+2] CC1=C([C@@H](O)c2ccc(F)c(F)c2)[C@@H](c2cccc(O)c2)NC(=S)N1C
2UYI,4A5Y,P52732,KIF11,ADP CL G7X MG PO4,Nc1ncnc2c1ncn2[C@@H]1O[C@H](CO[P@](=O)(O)OP(=O)(O)O)[C@@H](O)[C@H]1O [Cl-] Cc1ccc(C(=O)N(CCCN)[C@@H](c2nc3cc(Cl)ccc3c(=O)n2Cc2ccccc2)C(C)C)cc1 [Mg+2] O=P([O-])([O-])[O-]
2UYI,2UYM,P52732,KIF11,ADP K03 MG,Nc1ncnc2c1ncn2[C@@H]1O[C@H](CO[P@](=O)(O)OP(=O)(O)O)[C@@H](O)[C@H]1O CCN(CC)C(=O)c1c(NC(=O)c2cccs2)sc2c1CC(C)(C)CC2 [Mg+2]
2UYI,2X7D,P52732,KIF11,ADP MG EGB,Nc1ncnc2c1ncn2[C@@H]1O[C@H](CO[P@](=O)(O)OP(=O)(O)O)[C@@H](O)[C@H]1O [Mg+2] CC1(C)CC(=O)C2=C(C1)NC(=S)N[C@H]2c1cccc(O)c1
2UYI,3L9H,P52732,KIF11,EMQ ADP,CN(C)CCNC(=O)NC[C@H]1CC[C@@H]2[C@H](O1)c1cc(C(F)(F)F)ccc1N[C@H]2c1ccccc1 Nc1ncnc2c1ncn2[C@@H]1O[C@H](CO[P@](=O)(O)OP(=O)(O)O)[C@@H](O)[C@H]1O
4HVS,3G0E,P10721,KIT,B49,CCN(CC)CCNC(=O)c1c(C)[nH]c(/C=C2/C(=O)Nc3ccc(F)cc32)c1C
4HVS,4U0I,P10721,KIT,PO4 0LI,O=P([O-])([O-])[O-] Cc1ccc(C(=O)Nc2ccc(CN3CCN(C)CC3)c(C(F)(F)F)c2)cc1C#Cc1cnc2cccnn12
4HVS,1T46,P10721,KIT,PO4 STI,O=P([O-])([O-])[O-] Cc1ccc(NC(=O)c2ccc(CN3CCN(C)CC3)cc2)cc1Nc1nccc(-c2cccnc2)n1
4HVS,1PKG,P10721,KIT,MG ADP,[Mg+2] Nc1ncnc2c1ncn2[C@@H]1O[C@H](CO[P@](=O)(O)OP(=O)(O)O)[C@@H](O)[C@H]1O
1T46,3G0E,P10721,KIT,B49,CCN(CC)CCNC(=O)c1c(C)[nH]c(/C=C2/C(=O)Nc3ccc(F)cc32)c1C
1T46,4U0I,P10721,KIT,PO4 0LI,O=P([O-])([O-])[O-] Cc1ccc(C(=O)Nc2ccc(CN3CCN(C)CC3)c(C(F)(F)F)c2)cc1C#Cc1cnc2cccnn12
1T46,1PKG,P10721,KIT,MG ADP,[Mg+2] Nc1ncnc2c1ncn2[C@@H]1O[C@H](CO[P@](=O)(O)OP(=O)(O)O)[C@@H](O)[C@H]1O
1T46,4HVS,P10721,KIT,647,FC(F)(F)c1ccc(CNc2ccc(Cc3c[nH]c4ncccc34)cn2)cc1
3G0E,4U0I,P10721,KIT,PO4 0LI,O=P([O-])([O-])[O-] Cc1ccc(C(=O)Nc2ccc(CN3CCN(C)CC3)c(C(F)(F)F)c2)cc1C#Cc1cnc2cccnn12
3G0E,1T46,P10721,KIT,PO4 STI,O=P([O-])([O-])[O-] Cc1ccc(NC(=O)c2ccc(CN3CCN(C)CC3)cc2)cc1Nc1nccc(-c2cccnc2)n1
3G0E,1PKG,P10721,KIT,MG ADP,[Mg+2] Nc1ncnc2c1ncn2[C@@H]1O[C@H](CO[P@](=O)(O)OP(=O)(O)O)[C@@H](O)[C@H]1O
3G0E,4HVS,P10721,KIT,647,FC(F)(F)c1ccc(CNc2ccc(Cc3c[nH]c4ncccc34)cn2)cc1
4U0I,3G0E,P10721,KIT,B49,CCN(CC)CCNC(=O)c1c(C)[nH]c(/C=C2/C(=O)Nc3ccc(F)cc32)c1C
4U0I,1T46,P10721,KIT,PO4 STI,O=P([O-])([O-])[O-] Cc1ccc(NC(=O)c2ccc(CN3CCN(C)CC3)cc2)cc1Nc1nccc(-c2cccnc2)n1
4U0I,1PKG,P10721,KIT,MG ADP,[Mg+2] Nc1ncnc2c1ncn2[C@@H]1O[C@H](CO[P@](=O)(O)OP(=O)(O)O)[C@@H](O)[C@H]1O
4U0I,4HVS,P10721,KIT,647,FC(F)(F)c1ccc(CNc2ccc(Cc3c[nH]c4ncccc34)cn2)cc1
3G0F,4U0I,P10721,KIT,PO4 0LI,O=P([O-])([O-])[O-] Cc1ccc(C(=O)Nc2ccc(CN3CCN(C)CC3)c(C(F)(F)F)c2)cc1C#Cc1cnc2cccnn12
3G0F,1T46,P10721,KIT,PO4 STI,O=P([O-])([O-])[O-] Cc1ccc(NC(=O)c2ccc(CN3CCN(C)CC3)cc2)cc1Nc1nccc(-c2cccnc2)n1
3G0F,1PKG,P10721,KIT,MG ADP,[Mg+2] Nc1ncnc2c1ncn2[C@@H]1O[C@H](CO[P@](=O)(O)OP(=O)(O)O)[C@@H](O)[C@H]1O
3G0F,4HVS,P10721,KIT,647,FC(F)(F)c1ccc(CNc2ccc(Cc3c[nH]c4ncccc34)cn2)cc1
1PKG,3G0E,P10721,KIT,B49,CCN(CC)CCNC(=O)c1c(C)[nH]c(/C=C2/C(=O)Nc3ccc(F)cc32)c1C
1PKG,4U0I,P10721,KIT,PO4 0LI,O=P([O-])([O-])[O-] Cc1ccc(C(=O)Nc2ccc(CN3CCN(C)CC3)c(C(F)(F)F)c2)cc1C#Cc1cnc2cccnn12
1PKG,1T46,P10721,KIT,PO4 STI,O=P([O-])([O-])[O-] Cc1ccc(NC(=O)c2ccc(CN3CCN(C)CC3)cc2)cc1Nc1nccc(-c2cccnc2)n1
1PKG,4HVS,P10721,KIT,647,FC(F)(F)c1ccc(CNc2ccc(Cc3c[nH]c4ncccc34)cn2)cc1
2UZ3,2B8T,Q9PPP5,TDK,TRS THM ZN,[NH3+]C(CO)(CO)CO Cc1cn([C@H]2C[C@H](O)[C@@H](CO)O2)c(=O)[nH]c1=O [Zn+2]
2B8T,2UZ3,Q9PPP5,TDK,ZN TTP MG,[Zn+2] Cc1cn([C@H]2C[C@H](O)[C@@H](CO[P@](=O)(O)O[P@@](=O)(O)OP(=O)(O)O)O2)c(=O)[nH]c1=O [Mg+2]
3AD4,3BYM,P06239,LCK,AM0 SO4,COc1cc(Nc2ncnc(-n3c(Nc4ccccc4)nc4ccccc43)n2)cc(OC)c1OC O=S(=O)([O-])[O-]
3AD4,2OF2,P06239,LCK,547,c1ccc(-c2oc3nccc(NCCN4CCNCC4)c3c2-c2ccccc2)cc1
3AC8,3BYS,P06239,LCK,AM5,Cc1ccc(C(=O)Nc2cccc(C(F)(F)F)c2)cc1C(=O)Nc1cnc(Nc2ccc(N3CCN(C)CC3)cc2)nc1
3ACK,2PL0,P06239,LCK,STI,Cc1ccc(NC(=O)c2ccc(CN3CCN(C)CC3)cc2)cc1Nc1nccc(-c2cccnc2)n1
3ACK,2ZM1,P06239,LCK,KSF DMS SO4,Clc1ccccc1Nc1ncc(-c2ccccc2)n2cncc12 CS(C)=O O=S(=O)([O-])[O-]
3ACK,3AC1,P06239,LCK,KZI MPD DMS SO4,COc1cc(Nc2nc(N[C@@H]3CCCC[C@@H]3N)cnc2C(N)=O)cc(OC)c1 C[C@H](O)CC(C)(C)O CS(C)=O O=S(=O)([O-])[O-]
3AD6,3AD5,P06239,LCK,SO4 DMS MPD 5PB,O=S(=O)([O-])[O-] CS(C)=O C[C@H](O)CC(C)(C)O O=C(CSc1n[nH]c(=O)n1-c1ccc(OCc2ccccc2)cc1)c1ccc(Cl)cc1
3AD6,1QPE,P06239,LCK,SO4 PP2,O=S(=O)([O-])[O-] CC(C)(C)n1[nH+]c(-c2ccc(Cl)cc2)c2c(N)ncnc21
2PL0,3AC3,P06239,LCK,KSH SO4,CCc1cc(N2CCC[C@@H]2CO)n2nc(Nc3cc(OC)cc(OC)c3)c(C(N)=O)c2n1 O=S(=O)([O-])[O-]
2PL0,3ACJ,P06239,LCK,KSS DMS SO4,CCSc1nc(-c2ccc(OC)c(OC)c2)cc2nccn12 CS(C)=O O=S(=O)([O-])[O-]
2PL0,3BYS,P06239,LCK,AM5,Cc1ccc(C(=O)Nc2cccc(C(F)(F)F)c2)cc1C(=O)Nc1cnc(Nc2ccc(N3CCN(C)CC3)cc2)nc1
2PL0,3B2W,P06239,LCK,9NH,COc1nc(Nc2ccc(N3CCNCC3)cc2)ncc1C(=O)Nc1cc(C(=O)Nc2cccc(C(F)(F)F)c2F)ccc1C
2PL0,2ZM4,P06239,LCK,SO4 DMS KSM,O=S(=O)([O-])[O-] CS(C)=O Cc1cccc(Cl)c1Nc1nc2ccc(N3CCN[C@@H](C)C3)cc2n2cncc12
1QPJ,3KXZ,P06239,LCK,SO4 CA 925,O=S(=O)([O-])[O-] [Ca+2] CC1(C)CC(NC(=O)c2cccc(-c3cc4nccc(Nc5cccc(O)c5)n4n3)c2)CC(C)(C)N1O
1QPJ,4C3F,P06239,LCK,7KW,c1ccc(Nc2nccc(-c3c[nH]nc3-c3ccccc3)n2)cc1
3KXZ,2OFV,P06239,LCK,242,Cc1ccc(C(=O)Nc2cccc(C(F)(F)F)c2)cc1-c1ccc2nc(N)ncc2c1
3KXZ,3BYM,P06239,LCK,AM0 SO4,COc1cc(Nc2ncnc(-n3c(Nc4ccccc4)nc4ccccc43)n2)cc(OC)c1OC O=S(=O)([O-])[O-]
3KXZ,3AD6,P06239,LCK,SO4 DMS KSC,O=S(=O)([O-])[O-] CS(C)=O COc1ccc(Nc2nn3c(NCC4CC4)cc(C)nc3c2C(N)=O)cc1
3KXZ,3BYU,P06239,LCK,AM6,Cc1ccc(NC(=O)c2cccc(C(F)(F)F)c2C)cc1C(=O)Nc1cnc(Nc2ccc(N3CCN(C)CC3)cc2)nc1
1QPE,3BYS,P06239,LCK,AM5,Cc1ccc(C(=O)Nc2cccc(C(F)(F)F)c2)cc1C(=O)Nc1cnc(Nc2ccc(N3CCN(C)CC3)cc2)nc1
2ZM1,3ACJ,P06239,LCK,KSS DMS SO4,CCSc1nc(-c2ccc(OC)c(OC)c2)cc2nccn12 CS(C)=O O=S(=O)([O-])[O-]
3AC4,2ZM1,P06239,LCK,KSF DMS SO4,Clc1ccccc1Nc1ncc(-c2ccccc2)n2cncc12 CS(C)=O O=S(=O)([O-])[O-]
3AC4,2OF2,P06239,LCK,547,c1ccc(-c2oc3nccc(NCCN4CCNCC4)c3c2-c2ccccc2)cc1
3KMM,2ZM1,P06239,LCK,KSF DMS SO4,Clc1ccccc1Nc1ncc(-c2ccccc2)n2cncc12 CS(C)=O O=S(=O)([O-])[O-]
3KMM,3BYM,P06239,LCK,AM0 SO4,COc1cc(Nc2ncnc(-n3c(Nc4ccccc4)nc4ccccc43)n2)cc(OC)c1OC O=S(=O)([O-])[O-]
3KMM,1QPD,P06239,LCK,SO4 STU,O=S(=O)([O-])[O-] CN[C@@H]1C[C@H]2O[C@@](C)([C@@H]1OC)n1c3ccccc3c3c4c(c5c6ccccc6n2c5c31)C(=O)NC4
4C3F,3AC5,P06239,LCK,SO4 DMS KZM,O=S(=O)([O-])[O-] CS(C)=O COc1cc(Nc2nc(N[C@@H]3CCCC[C@@H]3N)n3nc(-c4cccc(O)c4)nc3c2C(N)=O)cc(OC)c1
4C3F,3AC4,P06239,LCK,KZL DMS SO4,COc1cc(Nc2nc(NC(C)(C)CN)n3cnnc3c2C(N)=O)cc(OC)c1 CS(C)=O O=S(=O)([O-])[O-]
4C3F,2ZM4,P06239,LCK,SO4 DMS KSM,O=S(=O)([O-])[O-] CS(C)=O Cc1cccc(Cl)c1Nc1nc2ccc(N3CCN[C@@H](C)C3)cc2n2cncc12
4C3F,2OF4,P06239,LCK,979,c1ccc(-c2oc3ncnc(NCCN4CCNCC4)c3c2-c2ccccc2)cc1
4C3F,2OF2,P06239,LCK,547,c1ccc(-c2oc3nccc(NCCN4CCNCC4)c3c2-c2ccccc2)cc1
4C3F,3BYO,P06239,LCK,AM9 SO4,Cc1cccc(C)c1-n1c(=O)c2cnc(Nc3ccc(N4CCN(C)CC4)cc3)nc2n2c3ccccc3nc12 O=S(=O)([O-])[O-]
3AC1,2PL0,P06239,LCK,STI,Cc1ccc(NC(=O)c2ccc(CN3CCN(C)CC3)cc2)cc1Nc1nccc(-c2cccnc2)n1
3AC1,3AC8,P06239,LCK,KSK SO4,COc1cc(Nc2nn3c(NCC(C)(C)N)cc(C4CC4)nc3c2C(N)=O)cc(OC)c1 O=S(=O)([O-])[O-]
2ZM4,3AC5,P06239,LCK,SO4 DMS KZM,O=S(=O)([O-])[O-] CS(C)=O COc1cc(Nc2nc(N[C@@H]3CCCC[C@@H]3N)n3nc(-c4cccc(O)c4)nc3c2C(N)=O)cc(OC)c1
2ZM4,2ZYB,P06239,LCK,SO4 KSL,O=S(=O)([O-])[O-] Cc1cccc(C)c1Nc1ncc(-c2ccccc2)n2cncc12
2ZM4,3BYS,P06239,LCK,AM5,Cc1ccc(C(=O)Nc2cccc(C(F)(F)F)c2)cc1C(=O)Nc1cnc(Nc2ccc(N3CCN(C)CC3)cc2)nc1
2ZM4,2OF4,P06239,LCK,979,c1ccc(-c2oc3ncnc(NCCN4CCNCC4)c3c2-c2ccccc2)cc1
3AC3,3BYS,P06239,LCK,AM5,Cc1ccc(C(=O)Nc2cccc(C(F)(F)F)c2)cc1C(=O)Nc1cnc(Nc2ccc(N3CCN(C)CC3)cc2)nc1
3AC3,1QPE,P06239,LCK,SO4 PP2,O=S(=O)([O-])[O-] CC(C)(C)n1[nH+]c(-c2ccc(Cl)cc2)c2c(N)ncnc21
3BYU,3AC5,P06239,LCK,SO4 DMS KZM,O=S(=O)([O-])[O-] CS(C)=O COc1cc(Nc2nc(N[C@@H]3CCCC[C@@H]3N)n3nc(-c4cccc(O)c4)nc3c2C(N)=O)cc(OC)c1
3BYU,2OFU,P06239,LCK,1N9 SO4,COc1ccc(N(C(=O)Oc2c(C)cccc2C)c2ccnc(Nc3cc(OC)c(OCCCN4CCN(C)CC4)c(OC)c3)n2)c(OC)c1 O=S(=O)([O-])[O-]
3BYU,2OF4,P06239,LCK,979,c1ccc(-c2oc3ncnc(NCCN4CCNCC4)c3c2-c2ccccc2)cc1
3BYU,3AC8,P06239,LCK,KSK SO4,COc1cc(Nc2nn3c(NCC(C)(C)N)cc(C4CC4)nc3c2C(N)=O)cc(OC)c1 O=S(=O)([O-])[O-]
3ACJ,3AC5,P06239,LCK,SO4 DMS KZM,O=S(=O)([O-])[O-] CS(C)=O COc1cc(Nc2nc(N[C@@H]3CCCC[C@@H]3N)n3nc(-c4cccc(O)c4)nc3c2C(N)=O)cc(OC)c1
3ACJ,2PL0,P06239,LCK,STI,Cc1ccc(NC(=O)c2ccc(CN3CCN(C)CC3)cc2)cc1Nc1nccc(-c2cccnc2)n1
3ACJ,3AC2,P06239,LCK,KSE MPD DMS SO4,COc1cc(Nc2nn3c(NCC(C)(C)N)cc(C)nc3c2C(N)=O)cc(OC)c1 C[C@H](O)CC(C)(C)O CS(C)=O O=S(=O)([O-])[O-]
3ACJ,3BYM,P06239,LCK,AM0 SO4,COc1cc(Nc2ncnc(-n3c(Nc4ccccc4)nc4ccccc43)n2)cc(OC)c1OC O=S(=O)([O-])[O-]
3ACJ,3AD5,P06239,LCK,SO4 DMS MPD 5PB,O=S(=O)([O-])[O-] CS(C)=O C[C@H](O)CC(C)(C)O O=C(CSc1n[nH]c(=O)n1-c1ccc(OCc2ccccc2)cc1)c1ccc(Cl)cc1
3ACJ,3B2W,P06239,LCK,9NH,COc1nc(Nc2ccc(N3CCNCC3)cc2)ncc1C(=O)Nc1cc(C(=O)Nc2cccc(C(F)(F)F)c2F)ccc1C
3ACJ,2ZM4,P06239,LCK,SO4 DMS KSM,O=S(=O)([O-])[O-] CS(C)=O Cc1cccc(Cl)c1Nc1nc2ccc(N3CCN[C@@H](C)C3)cc2n2cncc12
2OF2,3AD4,P06239,LCK,KBM MPD DMS SO4,COc1ccc2oc(C(=O)c3ccc(Cl)cc3)cc2c1 C[C@H](O)CC(C)(C)O CS(C)=O O=S(=O)([O-])[O-]
2OF2,2OFU,P06239,LCK,1N9 SO4,COc1ccc(N(C(=O)Oc2c(C)cccc2C)c2ccnc(Nc3cc(OC)c(OCCCN4CCN(C)CC4)c(OC)c3)n2)c(OC)c1 O=S(=O)([O-])[O-]
2OF2,1QPE,P06239,LCK,SO4 PP2,O=S(=O)([O-])[O-] CC(C)(C)n1[nH+]c(-c2ccc(Cl)cc2)c2c(N)ncnc21
2ZYB,3AC4,P06239,LCK,KZL DMS SO4,COc1cc(Nc2nc(NC(C)(C)CN)n3cnnc3c2C(N)=O)cc(OC)c1 CS(C)=O O=S(=O)([O-])[O-]
2ZYB,2PL0,P06239,LCK,STI,Cc1ccc(NC(=O)c2ccc(CN3CCN(C)CC3)cc2)cc1Nc1nccc(-c2cccnc2)n1
2ZYB,1QPD,P06239,LCK,SO4 STU,O=S(=O)([O-])[O-] CN[C@@H]1C[C@H]2O[C@@](C)([C@@H]1OC)n1c3ccccc3c3c4c(c5c6ccccc6n2c5c31)C(=O)NC4
2ZYB,3AC1,P06239,LCK,KZI MPD DMS SO4,COc1cc(Nc2nc(N[C@@H]3CCCC[C@@H]3N)cnc2C(N)=O)cc(OC)c1 C[C@H](O)CC(C)(C)O CS(C)=O O=S(=O)([O-])[O-]
2ZYB,3B2W,P06239,LCK,9NH,COc1nc(Nc2ccc(N3CCNCC3)cc2)ncc1C(=O)Nc1cc(C(=O)Nc2cccc(C(F)(F)F)c2F)ccc1C
2OFV,3B2W,P06239,LCK,9NH,COc1nc(Nc2ccc(N3CCNCC3)cc2)ncc1C(=O)Nc1cc(C(=O)Nc2cccc(C(F)(F)F)c2F)ccc1C
3BYO,2PL0,P06239,LCK,STI,Cc1ccc(NC(=O)c2ccc(CN3CCN(C)CC3)cc2)cc1Nc1nccc(-c2cccnc2)n1
3BYO,3AD6,P06239,LCK,SO4 DMS KSC,O=S(=O)([O-])[O-] CS(C)=O COc1ccc(Nc2nn3c(NCC4CC4)cc(C)nc3c2C(N)=O)cc1
3BYO,2ZM4,P06239,LCK,SO4 DMS KSM,O=S(=O)([O-])[O-] CS(C)=O Cc1cccc(Cl)c1Nc1nc2ccc(N3CCN[C@@H](C)C3)cc2n2cncc12
2OFU,2OFV,P06239,LCK,242,Cc1ccc(C(=O)Nc2cccc(C(F)(F)F)c2)cc1-c1ccc2nc(N)ncc2c1
2OFU,2ZM4,P06239,LCK,SO4 DMS KSM,O=S(=O)([O-])[O-] CS(C)=O Cc1cccc(Cl)c1Nc1nc2ccc(N3CCN[C@@H](C)C3)cc2n2cncc12
3B2W,3AC5,P06239,LCK,SO4 DMS KZM,O=S(=O)([O-])[O-] CS(C)=O COc1cc(Nc2nc(N[C@@H]3CCCC[C@@H]3N)n3nc(-c4cccc(O)c4)nc3c2C(N)=O)cc(OC)c1
3B2W,3BYM,P06239,LCK,AM0 SO4,COc1cc(Nc2ncnc(-n3c(Nc4ccccc4)nc4ccccc43)n2)cc(OC)c1OC O=S(=O)([O-])[O-]
3B2W,3ACK,P06239,LCK,SO4 DMS KSR,O=S(=O)([O-])[O-] CS(C)=O COc1ccc2c(c1)c(-c1cc3nccnc3[nH]1)cn2C
3AC5,2PL0,P06239,LCK,STI,Cc1ccc(NC(=O)c2ccc(CN3CCN(C)CC3)cc2)cc1Nc1nccc(-c2cccnc2)n1
3AC5,3AC2,P06239,LCK,KSE MPD DMS SO4,COc1cc(Nc2nn3c(NCC(C)(C)N)cc(C)nc3c2C(N)=O)cc(OC)c1 C[C@H](O)CC(C)(C)O CS(C)=O O=S(=O)([O-])[O-]
3AC5,2OFU,P06239,LCK,1N9 SO4,COc1ccc(N(C(=O)Oc2c(C)cccc2C)c2ccnc(Nc3cc(OC)c(OCCCN4CCN(C)CC4)c(OC)c3)n2)c(OC)c1 O=S(=O)([O-])[O-]
3AC5,2ZM4,P06239,LCK,SO4 DMS KSM,O=S(=O)([O-])[O-] CS(C)=O Cc1cccc(Cl)c1Nc1nc2ccc(N3CCN[C@@H](C)C3)cc2n2cncc12
3AC5,1QPE,P06239,LCK,SO4 PP2,O=S(=O)([O-])[O-] CC(C)(C)n1[nH+]c(-c2ccc(Cl)cc2)c2c(N)ncnc21
3AC2,2PL0,P06239,LCK,STI,Cc1ccc(NC(=O)c2ccc(CN3CCN(C)CC3)cc2)cc1Nc1nccc(-c2cccnc2)n1
3AC2,3KXZ,P06239,LCK,SO4 CA 925,O=S(=O)([O-])[O-] [Ca+2] CC1(C)CC(NC(=O)c2cccc(-c3cc4nccc(Nc5cccc(O)c5)n4n3)c2)CC(C)(C)N1O
3AC2,2OFU,P06239,LCK,1N9 SO4,COc1ccc(N(C(=O)Oc2c(C)cccc2C)c2ccnc(Nc3cc(OC)c(OCCCN4CCN(C)CC4)c(OC)c3)n2)c(OC)c1 O=S(=O)([O-])[O-]
3AC2,3AC1,P06239,LCK,KZI MPD DMS SO4,COc1cc(Nc2nc(N[C@@H]3CCCC[C@@H]3N)cnc2C(N)=O)cc(OC)c1 C[C@H](O)CC(C)(C)O CS(C)=O O=S(=O)([O-])[O-]
3BYM,3AC3,P06239,LCK,KSH SO4,CCc1cc(N2CCC[C@@H]2CO)n2nc(Nc3cc(OC)cc(OC)c3)c(C(N)=O)c2n1 O=S(=O)([O-])[O-]
3BYM,2OF2,P06239,LCK,547,c1ccc(-c2oc3nccc(NCCN4CCNCC4)c3c2-c2ccccc2)cc1
3BYM,3AC8,P06239,LCK,KSK SO4,COc1cc(Nc2nn3c(NCC(C)(C)N)cc(C4CC4)nc3c2C(N)=O)cc(OC)c1 O=S(=O)([O-])[O-]
3BYM,3BYO,P06239,LCK,AM9 SO4,Cc1cccc(C)c1-n1c(=O)c2cnc(Nc3ccc(N4CCN(C)CC4)cc3)nc2n2c3ccccc3nc12 O=S(=O)([O-])[O-]
3BYS,3AC3,P06239,LCK,KSH SO4,CCc1cc(N2CCC[C@@H]2CO)n2nc(Nc3cc(OC)cc(OC)c3)c(C(N)=O)c2n1 O=S(=O)([O-])[O-]
3BYS,2OF2,P06239,LCK,547,c1ccc(-c2oc3nccc(NCCN4CCNCC4)c3c2-c2ccccc2)cc1
1QPC,2ZYB,P06239,LCK,SO4 KSL,O=S(=O)([O-])[O-] Cc1cccc(C)c1Nc1ncc(-c2ccccc2)n2cncc12
1QPC,2PL0,P06239,LCK,STI,Cc1ccc(NC(=O)c2ccc(CN3CCN(C)CC3)cc2)cc1Nc1nccc(-c2cccnc2)n1
1QPC,2ZM4,P06239,LCK,SO4 DMS KSM,O=S(=O)([O-])[O-] CS(C)=O Cc1cccc(Cl)c1Nc1nc2ccc(N3CCN[C@@H](C)C3)cc2n2cncc12
1QPC,3BYO,P06239,LCK,AM9 SO4,Cc1cccc(C)c1-n1c(=O)c2cnc(Nc3ccc(N4CCN(C)CC4)cc3)nc2n2c3ccccc3nc12 O=S(=O)([O-])[O-]
3AD5,1QPD,P06239,LCK,SO4 STU,O=S(=O)([O-])[O-] CN[C@@H]1C[C@H]2O[C@@](C)([C@@H]1OC)n1c3ccccc3c3c4c(c5c6ccccc6n2c5c31)C(=O)NC4
1QPD,2OG8,P06239,LCK,1N8,CCN(CC)CC(=O)Nc1ccc(C(F)(F)F)cc1NC(=O)c1ccc(C)c(-c2ccc3nc(NC)ncc3c2)c1
1QPD,3KXZ,P06239,LCK,SO4 CA 925,O=S(=O)([O-])[O-] [Ca+2] CC1(C)CC(NC(=O)c2cccc(-c3cc4nccc(Nc5cccc(O)c5)n4n3)c2)CC(C)(C)N1O
1QPD,3BYS,P06239,LCK,AM5,Cc1ccc(C(=O)Nc2cccc(C(F)(F)F)c2)cc1C(=O)Nc1cnc(Nc2ccc(N3CCN(C)CC3)cc2)nc1
1QPD,2ZM4,P06239,LCK,SO4 DMS KSM,O=S(=O)([O-])[O-] CS(C)=O Cc1cccc(Cl)c1Nc1nc2ccc(N3CCN[C@@H](C)C3)cc2n2cncc12
1QPD,3KMM,P06239,LCK,LHL SO4,CCN(CC)CCOc1ccc(Nc2ncc3c(n2)N(C)C(=O)N(c2c(Cl)cccc2Cl)C3)cc1 O=S(=O)([O-])[O-]
1QPD,3AC8,P06239,LCK,KSK SO4,COc1cc(Nc2nn3c(NCC(C)(C)N)cc(C4CC4)nc3c2C(N)=O)cc(OC)c1 O=S(=O)([O-])[O-]
2OG8,3AC2,P06239,LCK,KSE MPD DMS SO4,COc1cc(Nc2nn3c(NCC(C)(C)N)cc(C)nc3c2C(N)=O)cc(OC)c1 C[C@H](O)CC(C)(C)O CS(C)=O O=S(=O)([O-])[O-]
2OG8,3BYM,P06239,LCK,AM0 SO4,COc1cc(Nc2ncnc(-n3c(Nc4ccccc4)nc4ccccc43)n2)cc(OC)c1OC O=S(=O)([O-])[O-]
2OF4,3BYM,P06239,LCK,AM0 SO4,COc1cc(Nc2ncnc(-n3c(Nc4ccccc4)nc4ccccc43)n2)cc(OC)c1OC O=S(=O)([O-])[O-]
2OF4,2OFU,P06239,LCK,1N9 SO4,COc1ccc(N(C(=O)Oc2c(C)cccc2C)c2ccnc(Nc3cc(OC)c(OCCCN4CCN(C)CC4)c(OC)c3)n2)c(OC)c1 O=S(=O)([O-])[O-]
2OF4,3AC1,P06239,LCK,KZI MPD DMS SO4,COc1cc(Nc2nc(N[C@@H]3CCCC[C@@H]3N)cnc2C(N)=O)cc(OC)c1 C[C@H](O)CC(C)(C)O CS(C)=O O=S(=O)([O-])[O-]
2OF4,3BYO,P06239,LCK,AM9 SO4,Cc1cccc(C)c1-n1c(=O)c2cnc(Nc3ccc(N4CCN(C)CC4)cc3)nc2n2c3ccccc3nc12 O=S(=O)([O-])[O-]
3FTZ,3FTV,P09960,LTA4H,ZN YB 11X IMD,[Zn+2] [Yb+3] c1ccc(NCc2cccnc2)cc1 c1c[nH+]c[nH]1
3FTZ,3CHP,P09960,LTA4H,ZN YB ACT IMD 4BO,[Zn+2] [Yb+3] CC(=O)[O-] c1c[nH+]c[nH]1 N[C@@H](CC(=O)O)C(=O)Nc1ccc(OCc2ccccc2)cc1
3FTZ,3FU3,P09960,LTA4H,ZN YB 92G ACT IMD,[Zn+2] [Yb+3] Nc1nc(-c2ccc(O)cc2)cs1 CC(=O)[O-] c1c[nH+]c[nH]1
3FTZ,4RSY,P09960,LTA4H,B3N ZN YB ACY IMD,CN(C)c1ccc(C(=O)NCCCCCCC(=O)NO)cc1 [Zn+2] [Yb+3] CC(=O)O c1c[nH+]c[nH]1
3CHO,4DPR,P09960,LTA4H,ZN X8Z YB ACY GOL,[Zn+2] C[C@H](CS)C(=O)N1CCC[C@H]1C(=O)O [Yb+3] CC(=O)O OCC(O)CO
3CHO,3FU5,P09960,LTA4H,ZN YB 492 ACT IMD,[Zn+2] [Yb+3] NCc1ccc(-c2cccs2)s1 CC(=O)[O-] c1c[nH+]c[nH]1
3CHO,3FUM,P09960,LTA4H,ZN YB 80A ACT IMD,[Zn+2] [Yb+3] O[C@@H](c1ccncc1)c1ccc(OCCN2CCCC2)cc1 CC(=O)[O-] c1c[nH+]c[nH]1
3FU6,3FUL,P09960,LTA4H,ZN YB 52D IMD,[Zn+2] [Yb+3] O=C(c1ccncc1)c1ccc(OCCN2CCCC2)cc1 c1c[nH+]c[nH]1
3FU6,5NI4,P09960,LTA4H,DJ3 IMD ZN,CCCCC/C=C\C/C=C\C=C\C=C\[C@@H]1O[C@H]1CCCC(=O)O c1c[nH+]c[nH]1 [Zn+2]
5NI2,5AEN,P09960,LTA4H,IMD YB ZN DP8,c1c[nH+]c[nH]1 [Yb+3] [Zn+2] CN(C)CCOc1ccc(Oc2ccccc2)cc1
5NI2,3CHP,P09960,LTA4H,ZN YB ACT IMD 4BO,[Zn+2] [Yb+3] CC(=O)[O-] c1c[nH+]c[nH]1 N[C@@H](CC(=O)O)C(=O)Nc1ccc(OCc2ccccc2)cc1
5BPP,5N3W,P09960,LTA4H,ZN YB IMD 8KW ACT,[Zn+2] [Yb+3] c1c[nH+]c[nH]1 COc1cc(O)cc(CCc2ccccc2O)c1 CC(=O)[O-]
5BPP,3CHP,P09960,LTA4H,ZN YB ACT IMD 4BO,[Zn+2] [Yb+3] CC(=O)[O-] c1c[nH+]c[nH]1 N[C@@H](CC(=O)O)C(=O)Nc1ccc(OCc2ccccc2)cc1
3FTY,5N3W,P09960,LTA4H,ZN YB IMD 8KW ACT,[Zn+2] [Yb+3] c1c[nH+]c[nH]1 COc1cc(O)cc(CCc2ccccc2O)c1 CC(=O)[O-]
3FTW,1GW6,P09960,LTA4H,BES ACT IMD YB ZN,CC(C)C[C@H](NC(=O)[C@@H](O)[C@H](N)Cc1ccccc1)C(=O)O CC(=O)[O-] c1c[nH+]c[nH]1 [Yb+3] [Zn+2]
3FTW,3FH7,P09960,LTA4H,ZN YB ACT IMD 25P GOL,[Zn+2] [Yb+3] CC(=O)[O-] c1c[nH+]c[nH]1 O=C([O-])CCCN1CCC[C@H]1COc1ccc(Oc2ccc(Cl)cc2)cc1 OCC(O)CO
3FTW,3FTY,P09960,LTA4H,ZN YB 3IP ACT IMD,[Zn+2] [Yb+3] Nc1ncccc1OCc1ccccc1 CC(=O)[O-] c1c[nH+]c[nH]1
3FTW,3CHO,P09960,LTA4H,YB 4BG ACT ZN,[Yb+3] NCC(=O)Nc1ccc(OCc2ccccc2)cc1 CC(=O)[O-] [Zn+2]
3FTS,3FHE,P09960,LTA4H,ZN YB ACT IMD 28P,[Zn+2] [Yb+3] CC(=O)[O-] c1c[nH+]c[nH]1 CN(CCCOc1ccc(Cc2ccccc2)cc1)CCC(=O)O
3B7R,4DPR,P09960,LTA4H,ZN X8Z YB ACY GOL,[Zn+2] C[C@H](CS)C(=O)N1CCC[C@H]1C(=O)O [Yb+3] CC(=O)O OCC(O)CO
5N3W,3CHS,P09960,LTA4H,ZN YB IMD 4BU,[Zn+2] [Yb+3] c1c[nH+]c[nH]1 N[C@@H](CCC(=O)Nc1ccc(OC[C@@H](O)c2ccccc2)cc1)C(=O)O
4RSY,3B7R,P09960,LTA4H,ZN YB IMD BIR,[Zn+2] [Yb+3] c1c[nH+]c[nH]1 C[C@H](NC(=O)[C@H](Cc1ccc(-c2ccccc2)cc1)C[P@](=O)(O)[C@H](C)N)C(=O)O
4RSY,3FTZ,P09960,LTA4H,ZN YB 848 ACT IMD,[Zn+2] [Yb+3] Nc1ccccc1OCc1cccnc1 CC(=O)[O-] c1c[nH+]c[nH]1
2R59,3CHS,P09960,LTA4H,ZN YB IMD 4BU,[Zn+2] [Yb+3] c1c[nH+]c[nH]1 N[C@@H](CCC(=O)Nc1ccc(OC[C@@H](O)c2ccccc2)cc1)C(=O)O
2R59,3FUM,P09960,LTA4H,ZN YB 80A ACT IMD,[Zn+2] [Yb+3] O[C@@H](c1ccncc1)c1ccc(OCCN2CCCC2)cc1 CC(=O)[O-] c1c[nH+]c[nH]1
2R59,3FUJ,P09960,LTA4H,00G IMD ACT YB ZN,c1ccn(CCOc2ccc3[nH]ccc3c2)c1 c1c[nH+]c[nH]1 CC(=O)[O-] [Yb+3] [Zn+2]
2R59,3FH5,P09960,LTA4H,GOL 24P IMD ACT YB ZN,OCC(O)CO c1ccc(Cc2ccc(OC[C@H]3CCCN3)cc2)cc1 c1c[nH+]c[nH]1 CC(=O)[O-] [Yb+3] [Zn+2]
2R59,3FH8,P09960,LTA4H,IMD 27P ACT YB ZN,c1c[nH+]c[nH]1 c1ccc(Cc2ccc(OCCN3CCCC3)cc2)cc1 CC(=O)[O-] [Yb+3] [Zn+2]
3FTU,3FTV,P09960,LTA4H,ZN YB 11X IMD,[Zn+2] [Yb+3] c1ccc(NCc2cccnc2)cc1 c1c[nH+]c[nH]1
3FTU,4L2L,P09960,LTA4H,ZN 1V6 YB ACT,[Zn+2] Nc1nc(-c2ccc(Cc3ccccc3)cc2)cs1 [Yb+3] CC(=O)[O-]
3FTU,3B7R,P09960,LTA4H,ZN YB IMD BIR,[Zn+2] [Yb+3] c1c[nH+]c[nH]1 C[C@H](NC(=O)[C@H](Cc1ccc(-c2ccccc2)cc1)C[P@](=O)(O)[C@H](C)N)C(=O)O
3FTU,3FUJ,P09960,LTA4H,00G IMD ACT YB ZN,c1ccn(CCOc2ccc3[nH]ccc3c2)c1 c1c[nH+]c[nH]1 CC(=O)[O-] [Yb+3] [Zn+2]
3FHE,3FUJ,P09960,LTA4H,00G IMD ACT YB ZN,c1ccn(CCOc2ccc3[nH]ccc3c2)c1 c1c[nH+]c[nH]1 CC(=O)[O-] [Yb+3] [Zn+2]
3FHE,2VJ8,P09960,LTA4H,ZN YB IMD ACT HA2,[Zn+2] [Yb+3] c1c[nH+]c[nH]1 CC(=O)[O-] N[C@@H](Cc1ccc(OCc2ccccc2)cc1)CN(O)C(=O)CCCCC(=O)O
3FHE,4MS6,P09960,LTA4H,ZN 28T YB ACY,[Zn+2] O=C(CCC(=O)N1CCC[C@H]1C(=O)O)[C@@H]1CCCN1 [Yb+3] CC(=O)O
3FUN,5NI4,P09960,LTA4H,DJ3 IMD ZN,CCCCC/C=C\C/C=C\C=C\C=C\[C@@H]1O[C@H]1CCCC(=O)O c1c[nH+]c[nH]1 [Zn+2]
3FUN,4RSY,P09960,LTA4H,B3N ZN YB ACY IMD,CN(C)c1ccc(C(=O)NCCCCCCC(=O)NO)cc1 [Zn+2] [Yb+3] CC(=O)O c1c[nH+]c[nH]1
3FTV,3B7U,P09960,LTA4H,ZN YB IMD KEL ACY,[Zn+2] [Yb+3] c1c[nH+]c[nH]1 C[C@H](NC(=O)[C@@H](CC(=O)NO)Cc1ccccc1)C(=O)O CC(=O)O
3FTV,3FUJ,P09960,LTA4H,00G IMD ACT YB ZN,c1ccn(CCOc2ccc3[nH]ccc3c2)c1 c1c[nH+]c[nH]1 CC(=O)[O-] [Yb+3] [Zn+2]
3FTV,3FU3,P09960,LTA4H,ZN YB 92G ACT IMD,[Zn+2] [Yb+3] Nc1nc(-c2ccc(O)cc2)cs1 CC(=O)[O-] c1c[nH+]c[nH]1
3FUL,3FTV,P09960,LTA4H,ZN YB 11X IMD,[Zn+2] [Yb+3] c1ccc(NCc2cccnc2)cc1 c1c[nH+]c[nH]1
3FUL,3B7R,P09960,LTA4H,ZN YB IMD BIR,[Zn+2] [Yb+3] c1c[nH+]c[nH]1 C[C@H](NC(=O)[C@H](Cc1ccc(-c2ccccc2)cc1)C[P@](=O)(O)[C@H](C)N)C(=O)O
3FUL,3FH5,P09960,LTA4H,GOL 24P IMD ACT YB ZN,OCC(O)CO c1ccc(Cc2ccc(OC[C@H]3CCCN3)cc2)cc1 c1c[nH+]c[nH]1 CC(=O)[O-] [Yb+3] [Zn+2]
3FUL,3FTU,P09960,LTA4H,ZN YB RE2 ACT IMD,[Zn+2] [Yb+3] Oc1ccc(CCc2cc(O)cc(O)c2)cc1 CC(=O)[O-] c1c[nH+]c[nH]1
3FUL,2R59,P09960,LTA4H,ACY PH0 YB ZN,CC(=O)O N[C@@H](Cc1ccccc1)[P@](=O)(O)C[C@@H](Cc1ccccc1)C(=O)N[C@@H](Cc1ccccc1)C(=O)O [Yb+3] [Zn+2]
3B7U,3FUE,P09960,LTA4H,ZN YB 11S BES IMD,[Zn+2] [Yb+3] Clc1ccc2[nH]ccc2c1 CC(C)C[C@H](NC(=O)[C@@H](O)[C@H](N)Cc1ccccc1)C(=O)O c1c[nH+]c[nH]1
3B7U,3FH8,P09960,LTA4H,IMD 27P ACT YB ZN,c1c[nH+]c[nH]1 c1ccc(Cc2ccc(OCCN3CCCC3)cc2)cc1 CC(=O)[O-] [Yb+3] [Zn+2]
5AEN,3FUE,P09960,LTA4H,ZN YB 11S BES IMD,[Zn+2] [Yb+3] Clc1ccc2[nH]ccc2c1 CC(C)C[C@H](NC(=O)[C@@H](O)[C@H](N)Cc1ccccc1)C(=O)O c1c[nH+]c[nH]1
5AEN,3FUL,P09960,LTA4H,ZN YB 52D IMD,[Zn+2] [Yb+3] O=C(c1ccncc1)c1ccc(OCCN2CCCC2)cc1 c1c[nH+]c[nH]1
5AEN,3FUI,P09960,LTA4H,YB ZN 812 IMD,[Yb+3] [Zn+2] c1ccc(CNc2ccc(OC[C@H]3CCCN3)cc2)cc1 c1c[nH+]c[nH]1
4MS6,3FUL,P09960,LTA4H,ZN YB 52D IMD,[Zn+2] [Yb+3] O=C(c1ccncc1)c1ccc(OCCN2CCCC2)cc1 c1c[nH+]c[nH]1
4MS6,3FTZ,P09960,LTA4H,ZN YB 848 ACT IMD,[Zn+2] [Yb+3] Nc1ccccc1OCc1cccnc1 CC(=O)[O-] c1c[nH+]c[nH]1
3CHR,2VJ8,P09960,LTA4H,ZN YB IMD ACT HA2,[Zn+2] [Yb+3] c1c[nH+]c[nH]1 CC(=O)[O-] N[C@@H](Cc1ccc(OCc2ccccc2)cc1)CN(O)C(=O)CCCCC(=O)O
3CHR,3FUK,P09960,LTA4H,ZN YB 58Z ACT IMD,[Zn+2] [Yb+3] O=C(O)C1CCN(CCOc2ccc3[nH]ccc3c2)CC1 CC(=O)[O-] c1c[nH+]c[nH]1
3U9W,3FTZ,P09960,LTA4H,ZN YB 848 ACT IMD,[Zn+2] [Yb+3] Nc1ccccc1OCc1cccnc1 CC(=O)[O-] c1c[nH+]c[nH]1
5NI4,1GW6,P09960,LTA4H,BES ACT IMD YB ZN,CC(C)C[C@H](NC(=O)[C@@H](O)[C@H](N)Cc1ccccc1)C(=O)O CC(=O)[O-] c1c[nH+]c[nH]1 [Yb+3] [Zn+2]
5NI4,2R59,P09960,LTA4H,ACY PH0 YB ZN,CC(=O)O N[C@@H](Cc1ccccc1)[P@](=O)(O)C[C@@H](Cc1ccccc1)C(=O)N[C@@H](Cc1ccccc1)C(=O)O [Yb+3] [Zn+2]
3FH7,4L2L,P09960,LTA4H,ZN 1V6 YB ACT,[Zn+2] Nc1nc(-c2ccc(Cc3ccccc3)cc2)cs1 [Yb+3] CC(=O)[O-]
3FH7,5BPP,P09960,LTA4H,ZN YB ACT A4Z,[Zn+2] [Yb+3] CC(=O)[O-] CCCCOc1ccc(CC(=O)NO)cc1
3CHQ,3FUN,P09960,LTA4H,ZN YB 798 ACT IMD,[Zn+2] [Yb+3] O=C(c1ccc(OC[C@H]2CCCN2)cc1)c1ccc(-c2ccsc2)cc1 CC(=O)[O-] c1c[nH+]c[nH]1
3CHQ,3FU5,P09960,LTA4H,ZN YB 492 ACT IMD,[Zn+2] [Yb+3] NCc1ccc(-c2cccs2)s1 CC(=O)[O-] c1c[nH+]c[nH]1
3CHQ,5NI4,P09960,LTA4H,DJ3 IMD ZN,CCCCC/C=C\C/C=C\C=C\C=C\[C@@H]1O[C@H]1CCCC(=O)O c1c[nH+]c[nH]1 [Zn+2]
3CHQ,3FTU,P09960,LTA4H,ZN YB RE2 ACT IMD,[Zn+2] [Yb+3] Oc1ccc(CCc2cc(O)cc(O)c2)cc1 CC(=O)[O-] c1c[nH+]c[nH]1
3FUK,3CHQ,P09960,LTA4H,4BQ IMD YB ZN,N[C@@H](CCC(=O)Nc1ccc(OCc2ccccc2)cc1)C(=O)O c1c[nH+]c[nH]1 [Yb+3] [Zn+2]
3FUK,3FTS,P09960,LTA4H,ZN YB STL ACT IMD,[Zn+2] [Yb+3] Oc1ccc(/C=C/c2cc(O)cc(O)c2)cc1 CC(=O)[O-] c1c[nH+]c[nH]1
3FUK,3B7R,P09960,LTA4H,ZN YB IMD BIR,[Zn+2] [Yb+3] c1c[nH+]c[nH]1 C[C@H](NC(=O)[C@H](Cc1ccc(-c2ccccc2)cc1)C[P@](=O)(O)[C@H](C)N)C(=O)O
3FUK,2VJ8,P09960,LTA4H,ZN YB IMD ACT HA2,[Zn+2] [Yb+3] c1c[nH+]c[nH]1 CC(=O)[O-] N[C@@H](Cc1ccc(OCc2ccccc2)cc1)CN(O)C(=O)CCCCC(=O)O
1HS6,3FH7,P09960,LTA4H,ZN YB ACT IMD 25P GOL,[Zn+2] [Yb+3] CC(=O)[O-] c1c[nH+]c[nH]1 O=C([O-])CCCN1CCC[C@H]1COc1ccc(Oc2ccc(Cl)cc2)cc1 OCC(O)CO
1HS6,3CHO,P09960,LTA4H,YB 4BG ACT ZN,[Yb+3] NCC(=O)Nc1ccc(OCc2ccccc2)cc1 CC(=O)[O-] [Zn+2]
3FU0,3FHE,P09960,LTA4H,ZN YB ACT IMD 28P,[Zn+2] [Yb+3] CC(=O)[O-] c1c[nH+]c[nH]1 CN(CCCOc1ccc(Cc2ccccc2)cc1)CCC(=O)O
3FU3,5N3W,P09960,LTA4H,ZN YB IMD 8KW ACT,[Zn+2] [Yb+3] c1c[nH+]c[nH]1 COc1cc(O)cc(CCc2ccccc2O)c1 CC(=O)[O-]
3FU3,3CHO,P09960,LTA4H,YB 4BG ACT ZN,[Yb+3] NCC(=O)Nc1ccc(OCc2ccccc2)cc1 CC(=O)[O-] [Zn+2]
3FU3,2VJ8,P09960,LTA4H,ZN YB IMD ACT HA2,[Zn+2] [Yb+3] c1c[nH+]c[nH]1 CC(=O)[O-] N[C@@H](Cc1ccc(OCc2ccccc2)cc1)CN(O)C(=O)CCCCC(=O)O
3FU3,3FUI,P09960,LTA4H,YB ZN 812 IMD,[Yb+3] [Zn+2] c1ccc(CNc2ccc(OC[C@H]3CCCN3)cc2)cc1 c1c[nH+]c[nH]1
1GW6,2R59,P09960,LTA4H,ACY PH0 YB ZN,CC(=O)O N[C@@H](Cc1ccccc1)[P@](=O)(O)C[C@@H](Cc1ccccc1)C(=O)N[C@@H](Cc1ccccc1)C(=O)O [Yb+3] [Zn+2]
1GW6,4MS6,P09960,LTA4H,ZN 28T YB ACY,[Zn+2] O=C(CCC(=O)N1CCC[C@H]1C(=O)O)[C@@H]1CCCN1 [Yb+3] CC(=O)O
3FUM,1GW6,P09960,LTA4H,BES ACT IMD YB ZN,CC(C)C[C@H](NC(=O)[C@@H](O)[C@H](N)Cc1ccccc1)C(=O)O CC(=O)[O-] c1c[nH+]c[nH]1 [Yb+3] [Zn+2]
3FUM,2VJ8,P09960,LTA4H,ZN YB IMD ACT HA2,[Zn+2] [Yb+3] c1c[nH+]c[nH]1 CC(=O)[O-] N[C@@H](Cc1ccc(OCc2ccccc2)cc1)CN(O)C(=O)CCCCC(=O)O
3FUM,3FH8,P09960,LTA4H,IMD 27P ACT YB ZN,c1c[nH+]c[nH]1 c1ccc(Cc2ccc(OCCN3CCCC3)cc2)cc1 CC(=O)[O-] [Yb+3] [Zn+2]
3FUE,3CHS,P09960,LTA4H,ZN YB IMD 4BU,[Zn+2] [Yb+3] c1c[nH+]c[nH]1 N[C@@H](CCC(=O)Nc1ccc(OC[C@@H](O)c2ccccc2)cc1)C(=O)O
3FUE,3B7R,P09960,LTA4H,ZN YB IMD BIR,[Zn+2] [Yb+3] c1c[nH+]c[nH]1 C[C@H](NC(=O)[C@H](Cc1ccc(-c2ccccc2)cc1)C[P@](=O)(O)[C@H](C)N)C(=O)O
3FUE,3FU6,P09960,LTA4H,IMD ACT 80G YB ZN,c1c[nH+]c[nH]1 CC(=O)[O-] NCc1ccc(-c2cccs2)cc1 [Yb+3] [Zn+2]
3FUE,4RSY,P09960,LTA4H,B3N ZN YB ACY IMD,CN(C)c1ccc(C(=O)NCCCCCCC(=O)NO)cc1 [Zn+2] [Yb+3] CC(=O)O c1c[nH+]c[nH]1
3CHP,3FH5,P09960,LTA4H,GOL 24P IMD ACT YB ZN,OCC(O)CO c1ccc(Cc2ccc(OC[C@H]3CCCN3)cc2)cc1 c1c[nH+]c[nH]1 CC(=O)[O-] [Yb+3] [Zn+2]
3CHP,3FU3,P09960,LTA4H,ZN YB 92G ACT IMD,[Zn+2] [Yb+3] Nc1nc(-c2ccc(O)cc2)cs1 CC(=O)[O-] c1c[nH+]c[nH]1
3CHP,5BPP,P09960,LTA4H,ZN YB ACT A4Z,[Zn+2] [Yb+3] CC(=O)[O-] CCCCOc1ccc(CC(=O)NO)cc1
3FUI,4DPR,P09960,LTA4H,ZN X8Z YB ACY GOL,[Zn+2] C[C@H](CS)C(=O)N1CCC[C@H]1C(=O)O [Yb+3] CC(=O)O OCC(O)CO
3FUI,3FTY,P09960,LTA4H,ZN YB 3IP ACT IMD,[Zn+2] [Yb+3] Nc1ncccc1OCc1ccccc1 CC(=O)[O-] c1c[nH+]c[nH]1
3FUI,5BPP,P09960,LTA4H,ZN YB ACT A4Z,[Zn+2] [Yb+3] CC(=O)[O-] CCCCOc1ccc(CC(=O)NO)cc1
3FUI,4RSY,P09960,LTA4H,B3N ZN YB ACY IMD,CN(C)c1ccc(C(=O)NCCCCCCC(=O)NO)cc1 [Zn+2] [Yb+3] CC(=O)O c1c[nH+]c[nH]1
3FH8,3CHQ,P09960,LTA4H,4BQ IMD YB ZN,N[C@@H](CCC(=O)Nc1ccc(OCc2ccccc2)cc1)C(=O)O c1c[nH+]c[nH]1 [Yb+3] [Zn+2]
3FH8,3FUK,P09960,LTA4H,ZN YB 58Z ACT IMD,[Zn+2] [Yb+3] O=C(O)C1CCN(CCOc2ccc3[nH]ccc3c2)CC1 CC(=O)[O-] c1c[nH+]c[nH]1
3FH5,3B7U,P09960,LTA4H,ZN YB IMD KEL ACY,[Zn+2] [Yb+3] c1c[nH+]c[nH]1 C[C@H](NC(=O)[C@@H](CC(=O)NO)Cc1ccccc1)C(=O)O CC(=O)O
3FH5,3FUN,P09960,LTA4H,ZN YB 798 ACT IMD,[Zn+2] [Yb+3] O=C(c1ccc(OC[C@H]2CCCN2)cc1)c1ccc(-c2ccsc2)cc1 CC(=O)[O-] c1c[nH+]c[nH]1
3FH5,3FUL,P09960,LTA4H,ZN YB 52D IMD,[Zn+2] [Yb+3] O=C(c1ccncc1)c1ccc(OCCN2CCCC2)cc1 c1c[nH+]c[nH]1
3FH5,3FUI,P09960,LTA4H,YB ZN 812 IMD,[Yb+3] [Zn+2] c1ccc(CNc2ccc(OC[C@H]3CCCN3)cc2)cc1 c1c[nH+]c[nH]1
3FUF,3FTV,P09960,LTA4H,ZN YB 11X IMD,[Zn+2] [Yb+3] c1ccc(NCc2cccnc2)cc1 c1c[nH+]c[nH]1
3FUF,3CHQ,P09960,LTA4H,4BQ IMD YB ZN,N[C@@H](CCC(=O)Nc1ccc(OCc2ccccc2)cc1)C(=O)O c1c[nH+]c[nH]1 [Yb+3] [Zn+2]
3FUJ,3CHQ,P09960,LTA4H,4BQ IMD YB ZN,N[C@@H](CCC(=O)Nc1ccc(OCc2ccccc2)cc1)C(=O)O c1c[nH+]c[nH]1 [Yb+3] [Zn+2]
3FUJ,3FUM,P09960,LTA4H,ZN YB 80A ACT IMD,[Zn+2] [Yb+3] O[C@@H](c1ccncc1)c1ccc(OCCN2CCCC2)cc1 CC(=O)[O-] c1c[nH+]c[nH]1
3FYK,3FPM,P49137,MAPKAPK2,793,C[C@@H](Nc1c(Nc2ccncc2)c(=O)c1=O)c1ccccc1
3FYK,3KGA,P49137,MAPKAPK2,MG LX9,[Mg+2] Nc1nn(-c2cccc(-c3ccc4cc[nH]c4c3)c2)cc1-c1ccc2c(c1)CCNC2=O
3FYK,2PZY,P49137,MAPKAPK2,B18 STU,C[C@H]1CNC(=O)c2[nH]c3ccc(C(=O)Nc4nc(C(=O)NCCN(C)C)cs4)cc3c21 CN[C@@H]1C[C@H]2O[C@@](C)([C@@H]1OC)n1c3ccccc3c3c4c(c5c6ccccc6n2c5c31)C(=O)NC4
3FYK,2JBP,P49137,MAPKAPK2,P4O,O=C1NCCc2[nH]c(-c3ccnc(-c4cnc5ccccc5c4)c3)cc21
3FYK,3M2W,P49137,MAPKAPK2,MG L8I,[Mg+2] CN1CC2(CNC(=O)c3c2[nH]c2c3CCc3cnc(-c4ccccc4F)cc3-2)C1
3FYK,3KA0,P49137,MAPKAPK2,MK3,C=NC(=O)c1cc2ccc(-c3cc(Nc4ccnc(N)n4)ccc3O)cc2s1
3FYK,3M42,P49137,MAPKAPK2,HGF MG,COCCOc1cncc(-c2cc3c(ccc4c5c([nH]c43)CCNC5=O)cn2)c1 [Mg+2]
3FYK,2P3G,P49137,MAPKAPK2,F10,O=C1NCCc2[nH]c(-c3ccnc(-c4ccccc4F)c3)cc21
3FYK,3FYJ,P49137,MAPKAPK2,B97,Cc1ccc(-c2ccc3c(ccc4sc5c(c43)NC[C@@H](C)NC5=O)n2)cn1
3FYK,3R30,P49137,MAPKAPK2,CD2,NCCn1nc(-c2ccnc(-c3cnc4ccccc4c3)c2)cc1C(=O)O
3M2W,3FPM,P49137,MAPKAPK2,793,C[C@@H](Nc1c(Nc2ccncc2)c(=O)c1=O)c1ccccc1
3M2W,2PZY,P49137,MAPKAPK2,B18 STU,C[C@H]1CNC(=O)c2[nH]c3ccc(C(=O)Nc4nc(C(=O)NCCN(C)C)cs4)cc3c21 CN[C@@H]1C[C@H]2O[C@@](C)([C@@H]1OC)n1c3ccccc3c3c4c(c5c6ccccc6n2c5c31)C(=O)NC4
3M2W,2JBP,P49137,MAPKAPK2,P4O,O=C1NCCc2[nH]c(-c3ccnc(-c4cnc5ccccc5c4)c3)cc21
3M2W,3FYK,P49137,MAPKAPK2,B98,COc1ccc2sc3c(c2c1)NC[C@@H](CN)NC3=O
3M2W,3KC3,P49137,MAPKAPK2,MK2,Nc1nccc(Nc2cc(-c3cc4ccccc4o3)c3[nH]ncc3c2)n1
3M2W,3KA0,P49137,MAPKAPK2,MK3,C=NC(=O)c1cc2ccc(-c3cc(Nc4ccnc(N)n4)ccc3O)cc2s1
3M2W,3M42,P49137,MAPKAPK2,HGF MG,COCCOc1cncc(-c2cc3c(ccc4c5c([nH]c43)CCNC5=O)cn2)c1 [Mg+2]
3M2W,2P3G,P49137,MAPKAPK2,F10,O=C1NCCc2[nH]c(-c3ccnc(-c4ccccc4F)c3)cc21
3M2W,3WI6,P49137,MAPKAPK2,YRZ,c1cc2nc(N[C@H]3CCCNC3)c3c(n2n1)NCC3
3M2W,3R30,P49137,MAPKAPK2,CD2,NCCn1nc(-c2ccnc(-c3cnc4ccccc4c3)c2)cc1C(=O)O
3M42,3FPM,P49137,MAPKAPK2,793,C[C@@H](Nc1c(Nc2ccncc2)c(=O)c1=O)c1ccccc1
3M42,3KGA,P49137,MAPKAPK2,MG LX9,[Mg+2] Nc1nn(-c2cccc(-c3ccc4cc[nH]c4c3)c2)cc1-c1ccc2c(c1)CCNC2=O
3M42,2PZY,P49137,MAPKAPK2,B18 STU,C[C@H]1CNC(=O)c2[nH]c3ccc(C(=O)Nc4nc(C(=O)NCCN(C)C)cs4)cc3c21 CN[C@@H]1C[C@H]2O[C@@](C)([C@@H]1OC)n1c3ccccc3c3c4c(c5c6ccccc6n2c5c31)C(=O)NC4
3M42,2JBP,P49137,MAPKAPK2,P4O,O=C1NCCc2[nH]c(-c3ccnc(-c4cnc5ccccc5c4)c3)cc21
3M42,3FYK,P49137,MAPKAPK2,B98,COc1ccc2sc3c(c2c1)NC[C@@H](CN)NC3=O
3M42,3M2W,P49137,MAPKAPK2,MG L8I,[Mg+2] CN1CC2(CNC(=O)c3c2[nH]c2c3CCc3cnc(-c4ccccc4F)cc3-2)C1
3M42,3KC3,P49137,MAPKAPK2,MK2,Nc1nccc(Nc2cc(-c3cc4ccccc4o3)c3[nH]ncc3c2)n1
3M42,3R30,P49137,MAPKAPK2,CD2,NCCn1nc(-c2ccnc(-c3cnc4ccccc4c3)c2)cc1C(=O)O
3KC3,3FPM,P49137,MAPKAPK2,793,C[C@@H](Nc1c(Nc2ccncc2)c(=O)c1=O)c1ccccc1
3KC3,3KGA,P49137,MAPKAPK2,MG LX9,[Mg+2] Nc1nn(-c2cccc(-c3ccc4cc[nH]c4c3)c2)cc1-c1ccc2c(c1)CCNC2=O
3KC3,2JBP,P49137,MAPKAPK2,P4O,O=C1NCCc2[nH]c(-c3ccnc(-c4cnc5ccccc5c4)c3)cc21
3KC3,3FYK,P49137,MAPKAPK2,B98,COc1ccc2sc3c(c2c1)NC[C@@H](CN)NC3=O
3KC3,3KA0,P49137,MAPKAPK2,MK3,C=NC(=O)c1cc2ccc(-c3cc(Nc4ccnc(N)n4)ccc3O)cc2s1
3KC3,2P3G,P49137,MAPKAPK2,F10,O=C1NCCc2[nH]c(-c3ccnc(-c4ccccc4F)c3)cc21
3KC3,3FYJ,P49137,MAPKAPK2,B97,Cc1ccc(-c2ccc3c(ccc4sc5c(c43)NC[C@@H](C)NC5=O)n2)cn1
3KC3,3R30,P49137,MAPKAPK2,CD2,NCCn1nc(-c2ccnc(-c3cnc4ccccc4c3)c2)cc1C(=O)O
3R30,3FPM,P49137,MAPKAPK2,793,C[C@@H](Nc1c(Nc2ccncc2)c(=O)c1=O)c1ccccc1
3R30,3KGA,P49137,MAPKAPK2,MG LX9,[Mg+2] Nc1nn(-c2cccc(-c3ccc4cc[nH]c4c3)c2)cc1-c1ccc2c(c1)CCNC2=O
3R30,2JBP,P49137,MAPKAPK2,P4O,O=C1NCCc2[nH]c(-c3ccnc(-c4cnc5ccccc5c4)c3)cc21
3R30,3M2W,P49137,MAPKAPK2,MG L8I,[Mg+2] CN1CC2(CNC(=O)c3c2[nH]c2c3CCc3cnc(-c4ccccc4F)cc3-2)C1
3R30,3KC3,P49137,MAPKAPK2,MK2,Nc1nccc(Nc2cc(-c3cc4ccccc4o3)c3[nH]ncc3c2)n1
3R30,3KA0,P49137,MAPKAPK2,MK3,C=NC(=O)c1cc2ccc(-c3cc(Nc4ccnc(N)n4)ccc3O)cc2s1
3R30,3WI6,P49137,MAPKAPK2,YRZ,c1cc2nc(N[C@H]3CCCNC3)c3c(n2n1)NCC3
3R30,3FYJ,P49137,MAPKAPK2,B97,Cc1ccc(-c2ccc3c(ccc4sc5c(c43)NC[C@@H](C)NC5=O)n2)cn1
3KA0,3KGA,P49137,MAPKAPK2,MG LX9,[Mg+2] Nc1nn(-c2cccc(-c3ccc4cc[nH]c4c3)c2)cc1-c1ccc2c(c1)CCNC2=O
3KA0,2JBP,P49137,MAPKAPK2,P4O,O=C1NCCc2[nH]c(-c3ccnc(-c4cnc5ccccc5c4)c3)cc21
3KA0,3M2W,P49137,MAPKAPK2,MG L8I,[Mg+2] CN1CC2(CNC(=O)c3c2[nH]c2c3CCc3cnc(-c4ccccc4F)cc3-2)C1
3KA0,2P3G,P49137,MAPKAPK2,F10,O=C1NCCc2[nH]c(-c3ccnc(-c4ccccc4F)c3)cc21
3KA0,3FYJ,P49137,MAPKAPK2,B97,Cc1ccc(-c2ccc3c(ccc4sc5c(c43)NC[C@@H](C)NC5=O)n2)cn1
3KA0,3R30,P49137,MAPKAPK2,CD2,NCCn1nc(-c2ccnc(-c3cnc4ccccc4c3)c2)cc1C(=O)O
3FYJ,3KGA,P49137,MAPKAPK2,MG LX9,[Mg+2] Nc1nn(-c2cccc(-c3ccc4cc[nH]c4c3)c2)cc1-c1ccc2c(c1)CCNC2=O
3FYJ,2PZY,P49137,MAPKAPK2,B18 STU,C[C@H]1CNC(=O)c2[nH]c3ccc(C(=O)Nc4nc(C(=O)NCCN(C)C)cs4)cc3c21 CN[C@@H]1C[C@H]2O[C@@](C)([C@@H]1OC)n1c3ccccc3c3c4c(c5c6ccccc6n2c5c31)C(=O)NC4
3FYJ,2JBP,P49137,MAPKAPK2,P4O,O=C1NCCc2[nH]c(-c3ccnc(-c4cnc5ccccc5c4)c3)cc21
3FYJ,3FYK,P49137,MAPKAPK2,B98,COc1ccc2sc3c(c2c1)NC[C@@H](CN)NC3=O
3FYJ,3M2W,P49137,MAPKAPK2,MG L8I,[Mg+2] CN1CC2(CNC(=O)c3c2[nH]c2c3CCc3cnc(-c4ccccc4F)cc3-2)C1
3FYJ,3KC3,P49137,MAPKAPK2,MK2,Nc1nccc(Nc2cc(-c3cc4ccccc4o3)c3[nH]ncc3c2)n1
3FYJ,3KA0,P49137,MAPKAPK2,MK3,C=NC(=O)c1cc2ccc(-c3cc(Nc4ccnc(N)n4)ccc3O)cc2s1
3FYJ,3M42,P49137,MAPKAPK2,HGF MG,COCCOc1cncc(-c2cc3c(ccc4c5c([nH]c43)CCNC5=O)cn2)c1 [Mg+2]
3FYJ,2P3G,P49137,MAPKAPK2,F10,O=C1NCCc2[nH]c(-c3ccnc(-c4ccccc4F)c3)cc21
3FYJ,3WI6,P49137,MAPKAPK2,YRZ,c1cc2nc(N[C@H]3CCCNC3)c3c(n2n1)NCC3
3FYJ,3R30,P49137,MAPKAPK2,CD2,NCCn1nc(-c2ccnc(-c3cnc4ccccc4c3)c2)cc1C(=O)O
2P3G,2JBP,P49137,MAPKAPK2,P4O,O=C1NCCc2[nH]c(-c3ccnc(-c4cnc5ccccc5c4)c3)cc21
2P3G,3FYK,P49137,MAPKAPK2,B98,COc1ccc2sc3c(c2c1)NC[C@@H](CN)NC3=O
2P3G,3KA0,P49137,MAPKAPK2,MK3,C=NC(=O)c1cc2ccc(-c3cc(Nc4ccnc(N)n4)ccc3O)cc2s1
2P3G,3R30,P49137,MAPKAPK2,CD2,NCCn1nc(-c2ccnc(-c3cnc4ccccc4c3)c2)cc1C(=O)O
3KGA,2PZY,P49137,MAPKAPK2,B18 STU,C[C@H]1CNC(=O)c2[nH]c3ccc(C(=O)Nc4nc(C(=O)NCCN(C)C)cs4)cc3c21 CN[C@@H]1C[C@H]2O[C@@](C)([C@@H]1OC)n1c3ccccc3c3c4c(c5c6ccccc6n2c5c31)C(=O)NC4
3KGA,2JBP,P49137,MAPKAPK2,P4O,O=C1NCCc2[nH]c(-c3ccnc(-c4cnc5ccccc5c4)c3)cc21
3KGA,3FYK,P49137,MAPKAPK2,B98,COc1ccc2sc3c(c2c1)NC[C@@H](CN)NC3=O
3KGA,3M2W,P49137,MAPKAPK2,MG L8I,[Mg+2] CN1CC2(CNC(=O)c3c2[nH]c2c3CCc3cnc(-c4ccccc4F)cc3-2)C1
3KGA,3KC3,P49137,MAPKAPK2,MK2,Nc1nccc(Nc2cc(-c3cc4ccccc4o3)c3[nH]ncc3c2)n1
3KGA,3KA0,P49137,MAPKAPK2,MK3,C=NC(=O)c1cc2ccc(-c3cc(Nc4ccnc(N)n4)ccc3O)cc2s1
2PZY,2JBP,P49137,MAPKAPK2,P4O,O=C1NCCc2[nH]c(-c3ccnc(-c4cnc5ccccc5c4)c3)cc21
2PZY,3FYK,P49137,MAPKAPK2,B98,COc1ccc2sc3c(c2c1)NC[C@@H](CN)NC3=O
2PZY,3M2W,P49137,MAPKAPK2,MG L8I,[Mg+2] CN1CC2(CNC(=O)c3c2[nH]c2c3CCc3cnc(-c4ccccc4F)cc3-2)C1
2PZY,3KC3,P49137,MAPKAPK2,MK2,Nc1nccc(Nc2cc(-c3cc4ccccc4o3)c3[nH]ncc3c2)n1
2PZY,3KA0,P49137,MAPKAPK2,MK3,C=NC(=O)c1cc2ccc(-c3cc(Nc4ccnc(N)n4)ccc3O)cc2s1
2PZY,3M42,P49137,MAPKAPK2,HGF MG,COCCOc1cncc(-c2cc3c(ccc4c5c([nH]c43)CCNC5=O)cn2)c1 [Mg+2]
2PZY,2P3G,P49137,MAPKAPK2,F10,O=C1NCCc2[nH]c(-c3ccnc(-c4ccccc4F)c3)cc21
2PZY,3WI6,P49137,MAPKAPK2,YRZ,c1cc2nc(N[C@H]3CCCNC3)c3c(n2n1)NCC3
2PZY,3FYJ,P49137,MAPKAPK2,B97,Cc1ccc(-c2ccc3c(ccc4sc5c(c43)NC[C@@H](C)NC5=O)n2)cn1
2PZY,3R30,P49137,MAPKAPK2,CD2,NCCn1nc(-c2ccnc(-c3cnc4ccccc4c3)c2)cc1C(=O)O
3FPM,2JBP,P49137,MAPKAPK2,P4O,O=C1NCCc2[nH]c(-c3ccnc(-c4cnc5ccccc5c4)c3)cc21
3FPM,3FYK,P49137,MAPKAPK2,B98,COc1ccc2sc3c(c2c1)NC[C@@H](CN)NC3=O
3FPM,3M42,P49137,MAPKAPK2,HGF MG,COCCOc1cncc(-c2cc3c(ccc4c5c([nH]c43)CCNC5=O)cn2)c1 [Mg+2]
3FPM,2P3G,P49137,MAPKAPK2,F10,O=C1NCCc2[nH]c(-c3ccnc(-c4ccccc4F)c3)cc21
3FPM,3R30,P49137,MAPKAPK2,CD2,NCCn1nc(-c2ccnc(-c3cnc4ccccc4c3)c2)cc1C(=O)O
2JBP,2PZY,P49137,MAPKAPK2,B18 STU,C[C@H]1CNC(=O)c2[nH]c3ccc(C(=O)Nc4nc(C(=O)NCCN(C)C)cs4)cc3c21 CN[C@@H]1C[C@H]2O[C@@](C)([C@@H]1OC)n1c3ccccc3c3c4c(c5c6ccccc6n2c5c31)C(=O)NC4
2JBP,3FYK,P49137,MAPKAPK2,B98,COc1ccc2sc3c(c2c1)NC[C@@H](CN)NC3=O
2JBP,3M2W,P49137,MAPKAPK2,MG L8I,[Mg+2] CN1CC2(CNC(=O)c3c2[nH]c2c3CCc3cnc(-c4ccccc4F)cc3-2)C1
2JBP,3KA0,P49137,MAPKAPK2,MK3,C=NC(=O)c1cc2ccc(-c3cc(Nc4ccnc(N)n4)ccc3O)cc2s1
2JBP,3M42,P49137,MAPKAPK2,HGF MG,COCCOc1cncc(-c2cc3c(ccc4c5c([nH]c43)CCNC5=O)cn2)c1 [Mg+2]
2JBP,2P3G,P49137,MAPKAPK2,F10,O=C1NCCc2[nH]c(-c3ccnc(-c4ccccc4F)c3)cc21
2JBP,3FYJ,P49137,MAPKAPK2,B97,Cc1ccc(-c2ccc3c(ccc4sc5c(c43)NC[C@@H](C)NC5=O)n2)cn1
2JBP,3R30,P49137,MAPKAPK2,CD2,NCCn1nc(-c2ccnc(-c3cnc4ccccc4c3)c2)cc1C(=O)O
3WI6,3KGA,P49137,MAPKAPK2,MG LX9,[Mg+2] Nc1nn(-c2cccc(-c3ccc4cc[nH]c4c3)c2)cc1-c1ccc2c(c1)CCNC2=O
3WI6,2PZY,P49137,MAPKAPK2,B18 STU,C[C@H]1CNC(=O)c2[nH]c3ccc(C(=O)Nc4nc(C(=O)NCCN(C)C)cs4)cc3c21 CN[C@@H]1C[C@H]2O[C@@](C)([C@@H]1OC)n1c3ccccc3c3c4c(c5c6ccccc6n2c5c31)C(=O)NC4
3WI6,3M2W,P49137,MAPKAPK2,MG L8I,[Mg+2] CN1CC2(CNC(=O)c3c2[nH]c2c3CCc3cnc(-c4ccccc4F)cc3-2)C1
3WI6,3KA0,P49137,MAPKAPK2,MK3,C=NC(=O)c1cc2ccc(-c3cc(Nc4ccnc(N)n4)ccc3O)cc2s1
3WI6,3M42,P49137,MAPKAPK2,HGF MG,COCCOc1cncc(-c2cc3c(ccc4c5c([nH]c43)CCNC5=O)cn2)c1 [Mg+2]
3WI6,3FYJ,P49137,MAPKAPK2,B97,Cc1ccc(-c2ccc3c(ccc4sc5c(c43)NC[C@@H](C)NC5=O)n2)cn1
4UDA,2ABI,P08235,NR3C2,1CA,C[C@]12CC[C@H]3[C@@H](CCC4=CC(=O)CC[C@@]43C)[C@@H]1CC[C@@H]2C(=O)CO
4UDA,2AA5,P08235,NR3C2,STR,CC(=O)[C@H]1CC[C@H]2[C@@H]3CCC4=CC(=O)CC[C@]4(C)[C@H]3CC[C@]12C
4UDA,3VHV,P08235,NR3C2,LD2 EDO K LD1,O=C1COc2ccc(/C(Cc3ccccc3)=N/n3cnnc3S)cc2N1 OCCO [K+] O=C1COc2ccc(C3=Nn4cnnc4S[C@H]3c3ccccc3)cc2N1
4UDA,2AB2,P08235,NR3C2,SNL SO4,CC(=O)S[C@@H]1CC2=CC(=O)CC[C@]2(C)[C@H]2CC[C@@]3(C)[C@@H](CC[C@@]34CCC(=O)O4)[C@H]12 O=S(=O)([O-])[O-]
4UDA,2AAX,P08235,NR3C2,SO4 PDN,O=S(=O)([O-])[O-] C[C@]12C=CC(=O)C=C1CC[C@@H]1[C@@H]2C(=O)C[C@@]2(C)[C@H]1CC[C@]2(O)/C(O)=C/O
4UDA,2A3I,P08235,NR3C2,C0R,C[C@]12C[C@H](O)[C@H]3[C@@H](CCC4=CC(=O)CC[C@@]43C)[C@@H]1CC[C@@H]2C(=O)CO
4UDA,4UDB,P08235,NR3C2,DMS GOL SO4 CV7,CS(C)=O OCC(O)CO O=S(=O)([O-])[O-] C[C@]12C=CC(=O)C=C1CC[C@@H]1[C@@H]2[C@@H](O)C[C@@]2(C)[C@H]1C[C@H]1O[C@@H](C3CCCCC3)O[C@]12C(=O)CO
3VHV,2ABI,P08235,NR3C2,1CA,C[C@]12CC[C@H]3[C@@H](CCC4=CC(=O)CC[C@@]43C)[C@@H]1CC[C@@H]2C(=O)CO
3VHV,2AA5,P08235,NR3C2,STR,CC(=O)[C@H]1CC[C@H]2[C@@H]3CCC4=CC(=O)CC[C@]4(C)[C@H]3CC[C@]12C
3VHV,4PF3,P08235,NR3C2,HFN EDO,Cc1nn(CC(F)(F)CO)c(-c2ccc(F)cc2)c1-c1ccc2c(c1)NC(=O)CO2 OCCO
3VHV,2A3I,P08235,NR3C2,C0R,C[C@]12C[C@H](O)[C@H]3[C@@H](CCC4=CC(=O)CC[C@@]43C)[C@@H]1CC[C@@H]2C(=O)CO
3WFF,4PF3,P08235,NR3C2,HFN EDO,Cc1nn(CC(F)(F)CO)c(-c2ccc(F)cc2)c1-c1ccc2c(c1)NC(=O)CO2 OCCO
3WFF,4UDA,P08235,NR3C2,GOL DEX,OCC(O)CO C[C@@H]1C[C@H]2[C@@H]3CCC4=CC(=O)C=C[C@]4(C)[C@@]3(F)[C@@H](O)C[C@]2(C)[C@@]1(O)C(=O)CO
3WFF,2AAX,P08235,NR3C2,SO4 PDN,O=S(=O)([O-])[O-] C[C@]12C=CC(=O)C=C1CC[C@@H]1[C@@H]2C(=O)C[C@@]2(C)[C@H]1CC[C@]2(O)/C(O)=C/O
3WFF,5HCV,P08235,NR3C2,60R CL,O=C1COc2ccc(/C=C3\c4ccccc4COc4cc(F)ccc43)cc2N1 [Cl-]
2A3I,3VHV,P08235,NR3C2,LD2 EDO K LD1,O=C1COc2ccc(/C(Cc3ccccc3)=N/n3cnnc3S)cc2N1 OCCO [K+] O=C1COc2ccc(C3=Nn4cnnc4S[C@H]3c3ccccc3)cc2N1
2A3I,4PF3,P08235,NR3C2,HFN EDO,Cc1nn(CC(F)(F)CO)c(-c2ccc(F)cc2)c1-c1ccc2c(c1)NC(=O)CO2 OCCO
2A3I,2AB2,P08235,NR3C2,SNL SO4,CC(=O)S[C@@H]1CC2=CC(=O)CC[C@]2(C)[C@H]2CC[C@@]3(C)[C@@H](CC[C@@]34CCC(=O)O4)[C@H]12 O=S(=O)([O-])[O-]
2A3I,4UDA,P08235,NR3C2,GOL DEX,OCC(O)CO C[C@@H]1C[C@H]2[C@@H]3CCC4=CC(=O)C=C[C@]4(C)[C@@]3(F)[C@@H](O)C[C@]2(C)[C@@]1(O)C(=O)CO
2A3I,3WFF,P08235,NR3C2,PO4 WFF,O=P([O-])([O-])[O-] O=C1COc2ccc(C3=C(c4ccc(F)cc4F)C(=O)OC3)cc2N1
2A3I,2AAX,P08235,NR3C2,SO4 PDN,O=S(=O)([O-])[O-] C[C@]12C=CC(=O)C=C1CC[C@@H]1[C@@H]2C(=O)C[C@@]2(C)[C@H]1CC[C@]2(O)/C(O)=C/O
2A3I,5HCV,P08235,NR3C2,60R CL,O=C1COc2ccc(/C=C3\c4ccccc4COc4cc(F)ccc43)cc2N1 [Cl-]
2A3I,4UDB,P08235,NR3C2,DMS GOL SO4 CV7,CS(C)=O OCC(O)CO O=S(=O)([O-])[O-] C[C@]12C=CC(=O)C=C1CC[C@@H]1[C@@H]2[C@@H](O)C[C@@]2(C)[C@H]1C[C@H]1O[C@@H](C3CCCCC3)O[C@]12C(=O)CO
2AB2,2ABI,P08235,NR3C2,1CA,C[C@]12CC[C@H]3[C@@H](CCC4=CC(=O)CC[C@@]43C)[C@@H]1CC[C@@H]2C(=O)CO
2AB2,2AA5,P08235,NR3C2,STR,CC(=O)[C@H]1CC[C@H]2[C@@H]3CCC4=CC(=O)CC[C@]4(C)[C@H]3CC[C@]12C
2AB2,3VHV,P08235,NR3C2,LD2 EDO K LD1,O=C1COc2ccc(/C(Cc3ccccc3)=N/n3cnnc3S)cc2N1 OCCO [K+] O=C1COc2ccc(C3=Nn4cnnc4S[C@H]3c3ccccc3)cc2N1
2AB2,4PF3,P08235,NR3C2,HFN EDO,Cc1nn(CC(F)(F)CO)c(-c2ccc(F)cc2)c1-c1ccc2c(c1)NC(=O)CO2 OCCO
2AB2,4UDA,P08235,NR3C2,GOL DEX,OCC(O)CO C[C@@H]1C[C@H]2[C@@H]3CCC4=CC(=O)C=C[C@]4(C)[C@@]3(F)[C@@H](O)C[C@]2(C)[C@@]1(O)C(=O)CO
2AB2,3WFF,P08235,NR3C2,PO4 WFF,O=P([O-])([O-])[O-] O=C1COc2ccc(C3=C(c4ccc(F)cc4F)C(=O)OC3)cc2N1
2AB2,2A3I,P08235,NR3C2,C0R,C[C@]12C[C@H](O)[C@H]3[C@@H](CCC4=CC(=O)CC[C@@]43C)[C@@H]1CC[C@@H]2C(=O)CO
2AB2,5HCV,P08235,NR3C2,60R CL,O=C1COc2ccc(/C=C3\c4ccccc4COc4cc(F)ccc43)cc2N1 [Cl-]
2ABI,2AA5,P08235,NR3C2,STR,CC(=O)[C@H]1CC[C@H]2[C@@H]3CCC4=CC(=O)CC[C@]4(C)[C@H]3CC[C@]12C
2ABI,2AA2,P08235,NR3C2,AS4 GOL SO4 BOG,C[C@]12CCC(=O)C=C1CC[C@@H]1[C@@H]2[C@@H](O)C[C@]2(C=O)[C@@H](C(=O)CO)CC[C@@H]12 OCC(O)CO O=S(=O)([O-])[O-] CCCCCCCCO[C@@H]1O[C@H](CO)[C@@H](O)[C@H](O)[C@H]1O
2ABI,4PF3,P08235,NR3C2,HFN EDO,Cc1nn(CC(F)(F)CO)c(-c2ccc(F)cc2)c1-c1ccc2c(c1)NC(=O)CO2 OCCO
2ABI,2AB2,P08235,NR3C2,SNL SO4,CC(=O)S[C@@H]1CC2=CC(=O)CC[C@]2(C)[C@H]2CC[C@@]3(C)[C@@H](CC[C@@]34CCC(=O)O4)[C@H]12 O=S(=O)([O-])[O-]
2ABI,4UDB,P08235,NR3C2,DMS GOL SO4 CV7,CS(C)=O OCC(O)CO O=S(=O)([O-])[O-] C[C@]12C=CC(=O)C=C1CC[C@@H]1[C@@H]2[C@@H](O)C[C@@]2(C)[C@H]1C[C@H]1O[C@@H](C3CCCCC3)O[C@]12C(=O)CO
3WFG,2ABI,P08235,NR3C2,1CA,C[C@]12CC[C@H]3[C@@H](CCC4=CC(=O)CC[C@@]43C)[C@@H]1CC[C@@H]2C(=O)CO
3WFG,2AA5,P08235,NR3C2,STR,CC(=O)[C@H]1CC[C@H]2[C@@H]3CCC4=CC(=O)CC[C@]4(C)[C@H]3CC[C@]12C
3WFG,2AA2,P08235,NR3C2,AS4 GOL SO4 BOG,C[C@]12CCC(=O)C=C1CC[C@@H]1[C@@H]2[C@@H](O)C[C@]2(C=O)[C@@H](C(=O)CO)CC[C@@H]12 OCC(O)CO O=S(=O)([O-])[O-] CCCCCCCCO[C@@H]1O[C@H](CO)[C@@H](O)[C@H](O)[C@H]1O
3WFG,4UDA,P08235,NR3C2,GOL DEX,OCC(O)CO C[C@@H]1C[C@H]2[C@@H]3CCC4=CC(=O)C=C[C@]4(C)[C@@]3(F)[C@@H](O)C[C@]2(C)[C@@]1(O)C(=O)CO
3WFG,2AAX,P08235,NR3C2,SO4 PDN,O=S(=O)([O-])[O-] C[C@]12C=CC(=O)C=C1CC[C@@H]1[C@@H]2C(=O)C[C@@]2(C)[C@H]1CC[C@]2(O)/C(O)=C/O
3WFG,4UDB,P08235,NR3C2,DMS GOL SO4 CV7,CS(C)=O OCC(O)CO O=S(=O)([O-])[O-] C[C@]12C=CC(=O)C=C1CC[C@@H]1[C@@H]2[C@@H](O)C[C@@]2(C)[C@H]1C[C@H]1O[C@@H](C3CCCCC3)O[C@]12C(=O)CO
1Y9R,3WFF,P08235,NR3C2,PO4 WFF,O=P([O-])([O-])[O-] O=C1COc2ccc(C3=C(c4ccc(F)cc4F)C(=O)OC3)cc2N1
1Y9R,2A3I,P08235,NR3C2,C0R,C[C@]12C[C@H](O)[C@H]3[C@@H](CCC4=CC(=O)CC[C@@]43C)[C@@H]1CC[C@@H]2C(=O)CO
1Y9R,5HCV,P08235,NR3C2,60R CL,O=C1COc2ccc(/C=C3\c4ccccc4COc4cc(F)ccc43)cc2N1 [Cl-]
1Y9R,4UDB,P08235,NR3C2,DMS GOL SO4 CV7,CS(C)=O OCC(O)CO O=S(=O)([O-])[O-] C[C@]12C=CC(=O)C=C1CC[C@@H]1[C@@H]2[C@@H](O)C[C@@]2(C)[C@H]1C[C@H]1O[C@@H](C3CCCCC3)O[C@]12C(=O)CO
2AA2,2ABI,P08235,NR3C2,1CA,C[C@]12CC[C@H]3[C@@H](CCC4=CC(=O)CC[C@@]43C)[C@@H]1CC[C@@H]2C(=O)CO
2AA2,3VHV,P08235,NR3C2,LD2 EDO K LD1,O=C1COc2ccc(/C(Cc3ccccc3)=N/n3cnnc3S)cc2N1 OCCO [K+] O=C1COc2ccc(C3=Nn4cnnc4S[C@H]3c3ccccc3)cc2N1
2AA2,4PF3,P08235,NR3C2,HFN EDO,Cc1nn(CC(F)(F)CO)c(-c2ccc(F)cc2)c1-c1ccc2c(c1)NC(=O)CO2 OCCO
2AA2,4UDA,P08235,NR3C2,GOL DEX,OCC(O)CO C[C@@H]1C[C@H]2[C@@H]3CCC4=CC(=O)C=C[C@]4(C)[C@@]3(F)[C@@H](O)C[C@]2(C)[C@@]1(O)C(=O)CO
2AA2,2AAX,P08235,NR3C2,SO4 PDN,O=S(=O)([O-])[O-] C[C@]12C=CC(=O)C=C1CC[C@@H]1[C@@H]2C(=O)C[C@@]2(C)[C@H]1CC[C@]2(O)/C(O)=C/O
2AA2,2A3I,P08235,NR3C2,C0R,C[C@]12C[C@H](O)[C@H]3[C@@H](CCC4=CC(=O)CC[C@@]43C)[C@@H]1CC[C@@H]2C(=O)CO
2AA2,5HCV,P08235,NR3C2,60R CL,O=C1COc2ccc(/C=C3\c4ccccc4COc4cc(F)ccc43)cc2N1 [Cl-]
1YA3,2ABI,P08235,NR3C2,1CA,C[C@]12CC[C@H]3[C@@H](CCC4=CC(=O)CC[C@@]43C)[C@@H]1CC[C@@H]2C(=O)CO
1YA3,2AA2,P08235,NR3C2,AS4 GOL SO4 BOG,C[C@]12CCC(=O)C=C1CC[C@@H]1[C@@H]2[C@@H](O)C[C@]2(C=O)[C@@H](C(=O)CO)CC[C@@H]12 OCC(O)CO O=S(=O)([O-])[O-] CCCCCCCCO[C@@H]1O[C@H](CO)[C@@H](O)[C@H](O)[C@H]1O
1YA3,2AB2,P08235,NR3C2,SNL SO4,CC(=O)S[C@@H]1CC2=CC(=O)CC[C@]2(C)[C@H]2CC[C@@]3(C)[C@@H](CC[C@@]34CCC(=O)O4)[C@H]12 O=S(=O)([O-])[O-]
1YA3,4UDA,P08235,NR3C2,GOL DEX,OCC(O)CO C[C@@H]1C[C@H]2[C@@H]3CCC4=CC(=O)C=C[C@]4(C)[C@@]3(F)[C@@H](O)C[C@]2(C)[C@@]1(O)C(=O)CO
1YA3,3WFF,P08235,NR3C2,PO4 WFF,O=P([O-])([O-])[O-] O=C1COc2ccc(C3=C(c4ccc(F)cc4F)C(=O)OC3)cc2N1
1YA3,2AAX,P08235,NR3C2,SO4 PDN,O=S(=O)([O-])[O-] C[C@]12C=CC(=O)C=C1CC[C@@H]1[C@@H]2C(=O)C[C@@]2(C)[C@H]1CC[C@]2(O)/C(O)=C/O
1YA3,2A3I,P08235,NR3C2,C0R,C[C@]12C[C@H](O)[C@H]3[C@@H](CCC4=CC(=O)CC[C@@]43C)[C@@H]1CC[C@@H]2C(=O)CO
2AA6,4PF3,P08235,NR3C2,HFN EDO,Cc1nn(CC(F)(F)CO)c(-c2ccc(F)cc2)c1-c1ccc2c(c1)NC(=O)CO2 OCCO
2AA6,2AAX,P08235,NR3C2,SO4 PDN,O=S(=O)([O-])[O-] C[C@]12C=CC(=O)C=C1CC[C@@H]1[C@@H]2C(=O)C[C@@]2(C)[C@H]1CC[C@]2(O)/C(O)=C/O
2AA6,5HCV,P08235,NR3C2,60R CL,O=C1COc2ccc(/C=C3\c4ccccc4COc4cc(F)ccc43)cc2N1 [Cl-]
2AAX,2ABI,P08235,NR3C2,1CA,C[C@]12CC[C@H]3[C@@H](CCC4=CC(=O)CC[C@@]43C)[C@@H]1CC[C@@H]2C(=O)CO
2AAX,2AA5,P08235,NR3C2,STR,CC(=O)[C@H]1CC[C@H]2[C@@H]3CCC4=CC(=O)CC[C@]4(C)[C@H]3CC[C@]12C
2AAX,2AA2,P08235,NR3C2,AS4 GOL SO4 BOG,C[C@]12CCC(=O)C=C1CC[C@@H]1[C@@H]2[C@@H](O)C[C@]2(C=O)[C@@H](C(=O)CO)CC[C@@H]12 OCC(O)CO O=S(=O)([O-])[O-] CCCCCCCCO[C@@H]1O[C@H](CO)[C@@H](O)[C@H](O)[C@H]1O
2AAX,3VHV,P08235,NR3C2,LD2 EDO K LD1,O=C1COc2ccc(/C(Cc3ccccc3)=N/n3cnnc3S)cc2N1 OCCO [K+] O=C1COc2ccc(C3=Nn4cnnc4S[C@H]3c3ccccc3)cc2N1
2AAX,5HCV,P08235,NR3C2,60R CL,O=C1COc2ccc(/C=C3\c4ccccc4COc4cc(F)ccc43)cc2N1 [Cl-]
2AAX,4UDB,P08235,NR3C2,DMS GOL SO4 CV7,CS(C)=O OCC(O)CO O=S(=O)([O-])[O-] C[C@]12C=CC(=O)C=C1CC[C@@H]1[C@@H]2[C@@H](O)C[C@@]2(C)[C@H]1C[C@H]1O[C@@H](C3CCCCC3)O[C@]12C(=O)CO
2AA7,3VHV,P08235,NR3C2,LD2 EDO K LD1,O=C1COc2ccc(/C(Cc3ccccc3)=N/n3cnnc3S)cc2N1 OCCO [K+] O=C1COc2ccc(C3=Nn4cnnc4S[C@H]3c3ccccc3)cc2N1
2AA7,2AB2,P08235,NR3C2,SNL SO4,CC(=O)S[C@@H]1CC2=CC(=O)CC[C@]2(C)[C@H]2CC[C@@]3(C)[C@@H](CC[C@@]34CCC(=O)O4)[C@H]12 O=S(=O)([O-])[O-]
2AA7,3WFF,P08235,NR3C2,PO4 WFF,O=P([O-])([O-])[O-] O=C1COc2ccc(C3=C(c4ccc(F)cc4F)C(=O)OC3)cc2N1
4UDB,2AA2,P08235,NR3C2,AS4 GOL SO4 BOG,C[C@]12CCC(=O)C=C1CC[C@@H]1[C@@H]2[C@@H](O)C[C@]2(C=O)[C@@H](C(=O)CO)CC[C@@H]12 OCC(O)CO O=S(=O)([O-])[O-] CCCCCCCCO[C@@H]1O[C@H](CO)[C@@H](O)[C@H](O)[C@H]1O
4UDB,4PF3,P08235,NR3C2,HFN EDO,Cc1nn(CC(F)(F)CO)c(-c2ccc(F)cc2)c1-c1ccc2c(c1)NC(=O)CO2 OCCO
4UDB,4UDA,P08235,NR3C2,GOL DEX,OCC(O)CO C[C@@H]1C[C@H]2[C@@H]3CCC4=CC(=O)C=C[C@]4(C)[C@@]3(F)[C@@H](O)C[C@]2(C)[C@@]1(O)C(=O)CO
4UDB,3WFF,P08235,NR3C2,PO4 WFF,O=P([O-])([O-])[O-] O=C1COc2ccc(C3=C(c4ccc(F)cc4F)C(=O)OC3)cc2N1
4UDB,2AAX,P08235,NR3C2,SO4 PDN,O=S(=O)([O-])[O-] C[C@]12C=CC(=O)C=C1CC[C@@H]1[C@@H]2C(=O)C[C@@]2(C)[C@H]1CC[C@]2(O)/C(O)=C/O
4PF3,2ABI,P08235,NR3C2,1CA,C[C@]12CC[C@H]3[C@@H](CCC4=CC(=O)CC[C@@]43C)[C@@H]1CC[C@@H]2C(=O)CO
4PF3,2AA5,P08235,NR3C2,STR,CC(=O)[C@H]1CC[C@H]2[C@@H]3CCC4=CC(=O)CC[C@]4(C)[C@H]3CC[C@]12C
4PF3,4UDA,P08235,NR3C2,GOL DEX,OCC(O)CO C[C@@H]1C[C@H]2[C@@H]3CCC4=CC(=O)C=C[C@]4(C)[C@@]3(F)[C@@H](O)C[C@]2(C)[C@@]1(O)C(=O)CO
4PF3,2AAX,P08235,NR3C2,SO4 PDN,O=S(=O)([O-])[O-] C[C@]12C=CC(=O)C=C1CC[C@@H]1[C@@H]2C(=O)C[C@@]2(C)[C@H]1CC[C@]2(O)/C(O)=C/O
4PF3,5HCV,P08235,NR3C2,60R CL,O=C1COc2ccc(/C=C3\c4ccccc4COc4cc(F)ccc43)cc2N1 [Cl-]
4PF3,4UDB,P08235,NR3C2,DMS GOL SO4 CV7,CS(C)=O OCC(O)CO O=S(=O)([O-])[O-] C[C@]12C=CC(=O)C=C1CC[C@@H]1[C@@H]2[C@@H](O)C[C@@]2(C)[C@H]1C[C@H]1O[C@@H](C3CCCCC3)O[C@]12C(=O)CO
3VHU,2ABI,P08235,NR3C2,1CA,C[C@]12CC[C@H]3[C@@H](CCC4=CC(=O)CC[C@@]43C)[C@@H]1CC[C@@H]2C(=O)CO
3VHU,2AA2,P08235,NR3C2,AS4 GOL SO4 BOG,C[C@]12CCC(=O)C=C1CC[C@@H]1[C@@H]2[C@@H](O)C[C@]2(C=O)[C@@H](C(=O)CO)CC[C@@H]12 OCC(O)CO O=S(=O)([O-])[O-] CCCCCCCCO[C@@H]1O[C@H](CO)[C@@H](O)[C@H](O)[C@H]1O
3VHU,3VHV,P08235,NR3C2,LD2 EDO K LD1,O=C1COc2ccc(/C(Cc3ccccc3)=N/n3cnnc3S)cc2N1 OCCO [K+] O=C1COc2ccc(C3=Nn4cnnc4S[C@H]3c3ccccc3)cc2N1
3VHU,3WFG,P08235,NR3C2,WFG EDO,C[C@@H]1OC(=O)C(c2ccc(F)cc2)=C1c1ccc2c(c1)NC(=O)CO2 OCCO
3VHU,2AAX,P08235,NR3C2,SO4 PDN,O=S(=O)([O-])[O-] C[C@]12C=CC(=O)C=C1CC[C@@H]1[C@@H]2C(=O)C[C@@]2(C)[C@H]1CC[C@]2(O)/C(O)=C/O
3VHU,5HCV,P08235,NR3C2,60R CL,O=C1COc2ccc(/C=C3\c4ccccc4COc4cc(F)ccc43)cc2N1 [Cl-]
3VHU,4UDB,P08235,NR3C2,DMS GOL SO4 CV7,CS(C)=O OCC(O)CO O=S(=O)([O-])[O-] C[C@]12C=CC(=O)C=C1CC[C@@H]1[C@@H]2[C@@H](O)C[C@@]2(C)[C@H]1C[C@H]1O[C@@H](C3CCCCC3)O[C@]12C(=O)CO
5HCV,2ABI,P08235,NR3C2,1CA,C[C@]12CC[C@H]3[C@@H](CCC4=CC(=O)CC[C@@]43C)[C@@H]1CC[C@@H]2C(=O)CO
5HCV,2AA2,P08235,NR3C2,AS4 GOL SO4 BOG,C[C@]12CCC(=O)C=C1CC[C@@H]1[C@@H]2[C@@H](O)C[C@]2(C=O)[C@@H](C(=O)CO)CC[C@@H]12 OCC(O)CO O=S(=O)([O-])[O-] CCCCCCCCO[C@@H]1O[C@H](CO)[C@@H](O)[C@H](O)[C@H]1O
5HCV,3WFF,P08235,NR3C2,PO4 WFF,O=P([O-])([O-])[O-] O=C1COc2ccc(C3=C(c4ccc(F)cc4F)C(=O)OC3)cc2N1
5HCV,3WFG,P08235,NR3C2,WFG EDO,C[C@@H]1OC(=O)C(c2ccc(F)cc2)=C1c1ccc2c(c1)NC(=O)CO2 OCCO
5HCV,2A3I,P08235,NR3C2,C0R,C[C@]12C[C@H](O)[C@H]3[C@@H](CCC4=CC(=O)CC[C@@]43C)[C@@H]1CC[C@@H]2C(=O)CO
5HCV,4UDB,P08235,NR3C2,DMS GOL SO4 CV7,CS(C)=O OCC(O)CO O=S(=O)([O-])[O-] C[C@]12C=CC(=O)C=C1CC[C@@H]1[C@@H]2[C@@H](O)C[C@@]2(C)[C@H]1C[C@H]1O[C@@H](C3CCCCC3)O[C@]12C(=O)CO
2AA5,3VHV,P08235,NR3C2,LD2 EDO K LD1,O=C1COc2ccc(/C(Cc3ccccc3)=N/n3cnnc3S)cc2N1 OCCO [K+] O=C1COc2ccc(C3=Nn4cnnc4S[C@H]3c3ccccc3)cc2N1
2AA5,2AB2,P08235,NR3C2,SNL SO4,CC(=O)S[C@@H]1CC2=CC(=O)CC[C@]2(C)[C@H]2CC[C@@]3(C)[C@@H](CC[C@@]34CCC(=O)O4)[C@H]12 O=S(=O)([O-])[O-]
2AA5,3WFF,P08235,NR3C2,PO4 WFF,O=P([O-])([O-])[O-] O=C1COc2ccc(C3=C(c4ccc(F)cc4F)C(=O)OC3)cc2N1
2AA5,3WFG,P08235,NR3C2,WFG EDO,C[C@@H]1OC(=O)C(c2ccc(F)cc2)=C1c1ccc2c(c1)NC(=O)CO2 OCCO
3ZCL,3CE3,P08581,MET,1FN,O=C(Nc1ccc(Oc2ccnc3[nH]ccc23)c(F)c1)c1cccn(-c2ccc(F)cc2)c1=O
3ZCL,3ZC5,P08581,MET,W9Z,C[C@@H](c1ccc2ncccc2c1)c1nnc2ccc(-c3cnn(C)c3)nn12
3ZCL,5HLW,P08581,MET,62E CL,CCN1CCC(CCNC(=O)Nc2nc3ccc(Sc4nnc5ccc(-c6cccs6)nn45)cc3s2)CC1 [Cl-]
3ZCL,4GG5,P08581,MET,0J3,CN1CCN(c2cnc3cc(C(F)(F)F)cc(NCc4cccc([N+](=O)[O-])c4)c3c2)CC1
3ZCL,4DEH,P08581,MET,0JK,O=C1c2c(nnn2Cc2ccc3ncccc3c2)CCN1c1ccccc1
3ZCL,3R7O,P08581,MET,M61,CN(C[C@@H]1COCCO1)S(=O)(=O)Nc1ccc2ccc3ncc(-c4cnn(C5CCNCC5)c4)cc3c(=O)c2c1
3ZCL,2WD1,P08581,MET,ZZY GBL,NC(=O)c1cnc2ccn(S(=O)(=O)c3ccccc3[N+](=O)[O-])c2c1 O=C1CCCO1
3EFK,4GG5,P08581,MET,0J3,CN1CCN(c2cnc3cc(C(F)(F)F)cc(NCc4cccc([N+](=O)[O-])c4)c3c2)CC1
3I5N,2WD1,P08581,MET,ZZY GBL,NC(=O)c1cnc2ccn(S(=O)(=O)c3ccccc3[N+](=O)[O-])c2c1 O=C1CCCO1
5DG5,5HLW,P08581,MET,62E CL,CCN1CCC(CCNC(=O)Nc2nc3ccc(Sc4nnc5ccc(-c6cccs6)nn45)cc3s2)CC1 [Cl-]
5DG5,2WKM,P08581,MET,PFY,Cc1[nH]c(/C=C2\C(=O)Nc3ccc(S(=O)(=O)Cc4c(Cl)cccc4Cl)cc32)c(C)c1C(=O)N1CCC[C@H]1CN1CCCC1
3ZXZ,5EOB,P08581,MET,5QQ,Fc1ccc(-c2cnc3nnc(C(F)(F)c4ccc5ncccc5c4)n3n2)cc1
3DKF,5UAF,P08581,MET,,
3DKF,4R1V,P08581,MET,3E8 GBL,CN1CCC(COc2cnc(-c3cccc(Cn4nc(-c5cccc(C#N)c5)ccc4=O)c3)nc2)CC1 O=C1CCCO1
3DKF,5EOB,P08581,MET,5QQ,Fc1ccc(-c2cnc3nnc(C(F)(F)c4ccc5ncccc5c4)n3n2)cc1
5HOA,4MXC,P08581,MET,DWF,CS(=O)(=O)Cc1cccc(Nc2nccc(Oc3ccc(NC(=O)C4(C(=O)Nc5ccc(F)cc5)CC4)cc3F)n2)c1
5HOA,3ZCL,P08581,MET,5TF,CC(C)Nc1ccc2nnc([C@@H](C)c3c[nH]c4ncccc34)n2n1
5T3Q,4DEI,P08581,MET,0JL,COCCOc1cnc2ccc([C@H](C)n3nnc4ccn(-c5cc(C)ns5)c(=O)c43)cc2c1
5T3Q,4IWD,P08581,MET,1JC,O=c1c2cc(CS(=O)(=O)NCc3ccccn3)ccc2ccc2ncc(-c3cnn(C4CCNCC4)c3)cc12
3CE3,3CD8,P08581,MET,L5G,COc1ccc2c(OCc3nnc4ccc(-c5ccccc5)nn34)ccnc2c1
3CE3,3ZZE,P08581,MET,6XP,Cc1ccc(Cl)c2c1NC(=O)[C@@H]2NNC(=O)[C@@H](C)c1ccc(O)cc1
3CE3,4DEI,P08581,MET,0JL,COCCOc1cnc2ccc([C@H](C)n3nnc4ccn(-c5cc(C)ns5)c(=O)c43)cc2c1
3CE3,4EEV,P08581,MET,L1X,Cc1ccc(C(=O)Nc2ccc(Oc3cc4cnn(C)c4cc3-c3cn[nH]c3)c(F)c2)c(=O)n1-c1ccc(F)cc1
4R1Y,3CTH,P08581,MET,319,Nc1cc(Oc2ccc(NC(=O)NC(=O)Cc3ccc(F)cc3)cc2F)ccn1
4R1Y,4DEH,P08581,MET,0JK,O=C1c2c(nnn2Cc2ccc3ncccc3c2)CCN1c1ccccc1
4R1Y,3ZXZ,P08581,MET,KRW,OCCn1cc(-c2cnc3nnn(Cc4ccc5ncccc5c4)c3n2)cn1
2RFS,2WKM,P08581,MET,PFY,Cc1[nH]c(/C=C2\C(=O)Nc3ccc(S(=O)(=O)Cc4c(Cl)cccc4Cl)cc32)c(C)c1C(=O)N1CCC[C@H]1CN1CCCC1
4DEI,3RHK,P08581,MET,M97,O=C1NC(=O)[C@@H](c2c[nH]c3ccccc23)[C@@H]1C1=C[n+]2cccc3cccc1c32
4DEI,3DKC,P08581,MET,ATP CL MG,Nc1ncnc2c1ncn2[C@@H]1O[C@H](CO[P@@](=O)(O)O[P@](=O)(O)OP(=O)(O)O)[C@@H](O)[C@H]1O [Cl-] [Mg+2]
4DEI,4IWD,P08581,MET,1JC,O=c1c2cc(CS(=O)(=O)NCc3ccccn3)ccc2ccc2ncc(-c3cnn(C4CCNCC4)c3)cc12
5HTI,3QTI,P08581,MET,GOL CL 3QT,OCC(O)CO [Cl-] Cn1cc(-c2ccc3ncc(Cc4ccc5ncccc5c4)n3n2)cn1
5HTI,3ZXZ,P08581,MET,KRW,OCCn1cc(-c2cnc3nnn(Cc4ccc5ncccc5c4)c3n2)cn1
5HTI,4IWD,P08581,MET,1JC,O=c1c2cc(CS(=O)(=O)NCc3ccccn3)ccc2ccc2ncc(-c3cnn(C4CCNCC4)c3)cc12
1R0P,5EYD,P08581,MET,5T1,COCCOc1cnc2ccn([C@H](C)c3nnc4c(F)cc(-c5cnn(C)c5)cn34)c(=O)c2c1
3R7O,3EFK,P08581,MET,MT4,COc1cc2nccc(Oc3ccc(-c4cnc(Nc5ccc(F)cc5)n(C)c4=O)cc3F)c2cc1OC
4GG5,5HLW,P08581,MET,62E CL,CCN1CCC(CCNC(=O)Nc2nc3ccc(Sc4nnc5ccc(-c6cccs6)nn45)cc3s2)CC1 [Cl-]
4GG5,4DEG,P08581,MET,0JJ,COc1cnc2c(NCc3nnc4ccc(-c5cc(C)ns5)nn34)ccnc2c1
3U6H,1R0P,P08581,MET,KSA,COC(=O)[C@@]1(O)C[C@H]2O[C@]1(C)n1c3ccccc3c3c4c(c5c6ccccc6n2c5c31)C(=O)NC4
4GG7,5UAB,P08581,MET,CL GOL 84M,[Cl-] OCC(O)CO O=C(Nc1cn2nc(Sc3nnc4ccccn34)ccc2n1)C1CC1
4GG7,3LQ8,P08581,MET,88Z,COc1cc2c(Oc3ccc(NC(=O)C4(C(=O)Nc5ccc(F)cc5)CC4)cc3F)ccnc2cc1OCCCN1CCOCC1
2WKM,5HNI,P08581,MET,63B,COC(=O)Nc1nc2ccc(Sc3nnc4ccc(-c5ccc(F)cc5)nn34)cc2[nH]1
2WKM,3EFJ,P08581,MET,MT3,COc1cc2nccc(Oc3ccc(-c4cnc(Cc5ccccc5)n(C)c4=O)cc3F)c2cc1OC
2WKM,1R0P,P08581,MET,KSA,COC(=O)[C@@]1(O)C[C@H]2O[C@]1(C)n1c3ccccc3c3c4c(c5c6ccccc6n2c5c31)C(=O)NC4
2WKM,5EYD,P08581,MET,5T1,COCCOc1cnc2ccn([C@H](C)c3nnc4c(F)cc(-c5cnn(C)c5)cn34)c(=O)c2c1
2WKM,3LQ8,P08581,MET,88Z,COc1cc2c(Oc3ccc(NC(=O)C4(C(=O)Nc5ccc(F)cc5)CC4)cc3F)ccnc2cc1OCCCN1CCOCC1
5UAD,5T3Q,P08581,MET,75H,COc1ccc2c(Oc3ccc(NC(=O)c4c(C)n(CC(C)(C)O)n(-c5ccccc5)c4=O)cc3F)ccnc2c1
3CCN,5HOA,P08581,MET,63K,O=C(NCCN1CCOCC1)Nc1nc2ccc(Sc3nnc4ccc(-c5ccc(F)cc5)nn34)cc2s1
3F82,5HOA,P08581,MET,63K,O=C(NCCN1CCOCC1)Nc1nc2ccc(Sc3nnc4ccc(-c5ccc(F)cc5)nn34)cc2s1
3ZC5,2WGJ,P08581,MET,VGH,C[C@@H](Oc1cc(-c2cnn(C3CCNCC3)c2)cnc1N)c1c(Cl)ccc(F)c1Cl
3ZC5,4R1Y,P08581,MET,3EH 7PE,CCN(CC)CCCOC(=O)Nc1cccc(CN2N=C(c3ccc(OC)c(OC)c3)CSC2=O)c1 CCOCCOCCOCCOCCOCCOCCO
3ZC5,5HOA,P08581,MET,63K,O=C(NCCN1CCOCC1)Nc1nc2ccc(Sc3nnc4ccc(-c5ccc(F)cc5)nn34)cc2s1
4R1V,3CE3,P08581,MET,1FN,O=C(Nc1ccc(Oc2ccnc3[nH]ccc23)c(F)c1)c1cccn(-c2ccc(F)cc2)c1=O
4IWD,4AOI,P08581,MET,4K0,N#Cc1ccc(-c2cnc3nnc(Cc4c[nH]c5ncccc45)n3n2)cc1
4IWD,4R1V,P08581,MET,3E8 GBL,CN1CCC(COc2cnc(-c3cccc(Cn4nc(-c5cccc(C#N)c5)ccc4=O)c3)nc2)CC1 O=C1CCCO1
4IWD,3CTJ,P08581,MET,320,O=C(Cc1ccc(F)cc1)NC(=O)Nc1ccc(Oc2ccnc3[nH]ccc23)c(F)c1
3LQ8,3ZC5,P08581,MET,W9Z,C[C@@H](c1ccc2ncccc2c1)c1nnc2ccc(-c3cnn(C)c3)nn12
3LQ8,3R7O,P08581,MET,M61,CN(C[C@@H]1COCCO1)S(=O)(=O)Nc1ccc2ccc3ncc(-c4cnn(C5CCNCC5)c4)cc3c(=O)c2c1
3LQ8,5EOB,P08581,MET,5QQ,Fc1ccc(-c2cnc3nnc(C(F)(F)c4ccc5ncccc5c4)n3n2)cc1
4DEH,2WKM,P08581,MET,PFY,Cc1[nH]c(/C=C2\C(=O)Nc3ccc(S(=O)(=O)Cc4c(Cl)cccc4Cl)cc32)c(C)c1C(=O)N1CCC[C@H]1CN1CCCC1
4DEH,3Q6W,P08581,MET,Q6W,O=C(CCc1ccc2ccc3ncc(-c4cnn(C5CCNCC5)c4)cc3c(=O)c2c1)NCc1ccccn1
4DEH,3DKC,P08581,MET,ATP CL MG,Nc1ncnc2c1ncn2[C@@H]1O[C@H](CO[P@@](=O)(O)O[P@](=O)(O)OP(=O)(O)O)[C@@H](O)[C@H]1O [Cl-] [Mg+2]
4DEH,4KNB,P08581,MET,1RU GBL,C[C@@H](Oc1c(N)ncc2c(-c3cnn(C4CCNCC4)c3)coc12)c1c(Cl)ccc(F)c1Cl O=C1CCCO1
3VW8,4MXC,P08581,MET,DWF,CS(=O)(=O)Cc1cccc(Nc2nccc(Oc3ccc(NC(=O)C4(C(=O)Nc5ccc(F)cc5)CC4)cc3F)n2)c1
2RFN,3VW8,P08581,MET,CL DF6,[Cl-] COc1cc2nccc(Oc3ccc(NC(=S)NC(=O)Cc4ccccc4)cc3)c2cc1OC
3DKG,3DKC,P08581,MET,ATP CL MG,Nc1ncnc2c1ncn2[C@@H]1O[C@H](CO[P@@](=O)(O)O[P@](=O)(O)OP(=O)(O)O)[C@@H](O)[C@H]1O [Cl-] [Mg+2]
3ZBX,5UAF,P08581,MET,,
3ZBX,4R1Y,P08581,MET,3EH 7PE,CCN(CC)CCCOC(=O)Nc1cccc(CN2N=C(c3ccc(OC)c(OC)c3)CSC2=O)c1 CCOCCOCCOCCOCCOCCOCCO
2WGJ,4R1Y,P08581,MET,3EH 7PE,CCN(CC)CCCOC(=O)Nc1cccc(CN2N=C(c3ccc(OC)c(OC)c3)CSC2=O)c1 CCOCCOCCOCCOCCOCCOCCO
2WGJ,3Q6W,P08581,MET,Q6W,O=C(CCc1ccc2ccc3ncc(-c4cnn(C5CCNCC5)c4)cc3c(=O)c2c1)NCc1ccccn1
3EFJ,5UAF,P08581,MET,,
3U6I,1R0P,P08581,MET,KSA,COC(=O)[C@@]1(O)C[C@H]2O[C@]1(C)n1c3ccccc3c3c4c(c5c6ccccc6n2c5c31)C(=O)NC4
3U6I,4XYF,P08581,MET,44X,COCCOc1cnc2ccc([C@H](C)c3nnc4c(F)cc(-c5cc(C)no5)cn34)cc2c1
4DEG,3EFJ,P08581,MET,MT3,COc1cc2nccc(Oc3ccc(-c4cnc(Cc5ccccc5)n(C)c4=O)cc3F)c2cc1OC
4DEG,3L8V,P08581,MET,L8V,Nc1cc(Oc2ccc(Nc3ncccc3C(=O)Nc3ccc(F)cc3F)cc2F)ccn1
5HO6,3QTI,P08581,MET,GOL CL 3QT,OCC(O)CO [Cl-] Cn1cc(-c2ccc3ncc(Cc4ccc5ncccc5c4)n3n2)cn1
5HO6,4IWD,P08581,MET,1JC,O=c1c2cc(CS(=O)(=O)NCc3ccccn3)ccc2ccc2ncc(-c3cnn(C4CCNCC4)c3)cc12
4KNB,3QTI,P08581,MET,GOL CL 3QT,OCC(O)CO [Cl-] Cn1cc(-c2ccc3ncc(Cc4ccc5ncccc5c4)n3n2)cn1
4KNB,4AP7,P08581,MET,F47,Oc1ccc(Cc2nnc3ncc(-c4ccc(F)cc4)nn23)cc1
5EOB,3ZC5,P08581,MET,W9Z,C[C@@H](c1ccc2ncccc2c1)c1nnc2ccc(-c3cnn(C)c3)nn12
5EOB,5HOA,P08581,MET,63K,O=C(NCCN1CCOCC1)Nc1nc2ccc(Sc3nnc4ccc(-c5ccc(F)cc5)nn34)cc2s1
5EOB,3ZZE,P08581,MET,6XP,Cc1ccc(Cl)c2c1NC(=O)[C@@H]2NNC(=O)[C@@H](C)c1ccc(O)cc1
5EOB,2RFS,P08581,MET,AM8,Cc1[nH]c(CC2=c3cc(S(=O)(=O)N(C)c4cccc(Cl)c4)ccc3=NC2=O)c(C)c1C
3DKC,4XMO,P08581,MET,46G,COc1cnc2ccc([C@@](C)(F)c3nnc4c(F)cc(-c5cc(C)no5)cn34)cc2c1
5HLW,5HNI,P08581,MET,63B,COC(=O)Nc1nc2ccc(Sc3nnc4ccc(-c5ccc(F)cc5)nn34)cc2[nH]1
4XYF,5EYC,P08581,MET,5SZ,Cc1cc(-c2cc(F)c3nnc([C@@H](C)n4ccc5ncccc5c4=O)n3c2)on1
4XYF,5EYD,P08581,MET,5T1,COCCOc1cnc2ccn([C@H](C)c3nnc4c(F)cc(-c5cnn(C)c5)cn34)c(=O)c2c1
4XYF,3I5N,P08581,MET,B2D,COc1cnc2c(NCc3nnc4ccc(-c5ccccc5)nn34)ccnc2c1
5HNI,3CCN,P08581,MET,LKG,Oc1ccc(Cc2nnc3ccc(-c4ccccc4)nn23)cc1
5HNI,2WKM,P08581,MET,PFY,Cc1[nH]c(/C=C2\C(=O)Nc3ccc(S(=O)(=O)Cc4c(Cl)cccc4Cl)cc32)c(C)c1C(=O)N1CCC[C@H]1CN1CCCC1
5UAB,1R0P,P08581,MET,KSA,COC(=O)[C@@]1(O)C[C@H]2O[C@]1(C)n1c3ccccc3c3c4c(c5c6ccccc6n2c5c31)C(=O)NC4
3QTI,3LQ8,P08581,MET,88Z,COc1cc2c(Oc3ccc(NC(=O)C4(C(=O)Nc5ccc(F)cc5)CC4)cc3F)ccnc2cc1OCCCN1CCOCC1
3Q6W,3RHK,P08581,MET,M97,O=C1NC(=O)[C@@H](c2c[nH]c3ccccc23)[C@@H]1C1=C[n+]2cccc3cccc1c32
3Q6W,5EYC,P08581,MET,5SZ,Cc1cc(-c2cc(F)c3nnc([C@@H](C)n4ccc5ncccc5c4=O)n3c2)on1
3Q6W,3QTI,P08581,MET,GOL CL 3QT,OCC(O)CO [Cl-] Cn1cc(-c2ccc3ncc(Cc4ccc5ncccc5c4)n3n2)cn1
4AOI,5UAB,P08581,MET,CL GOL 84M,[Cl-] OCC(O)CO O=C(Nc1cn2nc(Sc3nnc4ccccn34)ccc2n1)C1CC1
4AOI,5HNI,P08581,MET,63B,COC(=O)Nc1nc2ccc(Sc3nnc4ccc(-c5ccc(F)cc5)nn34)cc2[nH]1
4AOI,4EEV,P08581,MET,L1X,Cc1ccc(C(=O)Nc2ccc(Oc3cc4cnn(C)c4cc3-c3cn[nH]c3)c(F)c2)c(=O)n1-c1ccc(F)cc1
3L8V,3CE3,P08581,MET,1FN,O=C(Nc1ccc(Oc2ccnc3[nH]ccc23)c(F)c1)c1cccn(-c2ccc(F)cc2)c1=O
3L8V,2WKM,P08581,MET,PFY,Cc1[nH]c(/C=C2\C(=O)Nc3ccc(S(=O)(=O)Cc4c(Cl)cccc4Cl)cc32)c(C)c1C(=O)N1CCC[C@H]1CN1CCCC1
3L8V,3QTI,P08581,MET,GOL CL 3QT,OCC(O)CO [Cl-] Cn1cc(-c2ccc3ncc(Cc4ccc5ncccc5c4)n3n2)cn1
5BVF,4IZ5,P28482,MAPK1,SO4 ADP,O=S(=O)([O-])[O-] Nc1ncnc2c1ncn2[C@@H]1O[C@H](CO[P@](=O)(O)OP(=O)(O)O)[C@@H](O)[C@H]1O
5BVF,5BUI,P28482,MAPK1,NI 4V9,[Ni+2] Fc1ccc(-c2[nH]nc3c2CN(c2ccccn2)CC3)cc1
5BVF,5LCK,P28482,MAPK1,SO4 6TT,O=S(=O)([O-])[O-] CCC(=O)Nc1ccccc1Nc1nc(Nc2cncc(OC)c2)ncc1C(F)(F)F
5AX3,4GT3,P28482,MAPK1,GOL ATP MG PEG,OCC(O)CO Nc1ncnc2c1ncn2[C@@H]1O[C@H](CO[P@@](=O)(O)O[P@](=O)(O)OP(=O)(O)O)[C@@H](O)[C@H]1O [Mg+2] OCCOCCO
5AX3,3QYW,P28482,MAPK1,6PB DMS SO4,Nc1nc(-c2cccc(Br)c2)c2[nH]cnc2n1 CS(C)=O O=S(=O)([O-])[O-]
4GVA,1PME,P63086,MAPK1,SB2 SO4,C[S@](=O)c1ccc(-c2nc(-c3ccc(F)cc3)c(-c3ccncc3)[nH]2)cc1 O=S(=O)([O-])[O-]
4QP8,3ERK,P28482,MAPK1,SB4,Nc1nccc(-c2c(-c3ccc(F)cc3)ncn2C2CCNCC2)n1
5BUI,2OJJ,P28482,MAPK1,SO4 82A,O=S(=O)([O-])[O-] O=C(N[C@H](CO)c1ccc(F)c(Cl)c1)c1cc(-c2n[nH]cc2-c2cccc(Cl)c2)c[nH]1
5BUI,5V60,P28482,MAPK1,ACP GOL MG,Nc1ncnc2c1ncn2[C@@H]1O[C@H](CO[P@@](=O)(O)O[P@@](=O)(O)CP(=O)(O)O)[C@@H](O)[C@H]1O OCC(O)CO [Mg+2]
4G6N,5BVD,P28482,MAPK1,4VF SO4,O=C1c2cc(-c3ccnc(NC4CCOCC4)n3)cn2CCN1[C@H](CO)c1cccc(Cl)c1 O=S(=O)([O-])[O-]
4QTA,4G6O,P28482,MAPK1,E28 EDO SO4,NCc1ccc(-c2cn[nH]c2-c2c[nH]c(C(=O)NCc3ccc4c(c3)CCO4)c2)cc1C(F)(F)F OCCO O=S(=O)([O-])[O-]
4QTA,4QP9,P28482,MAPK1,35X,CCCn1cc(-c2c[nH]c3ncc(-c4ccncc4)nc23)cn1
4ZZN,5LCK,P28482,MAPK1,SO4 6TT,O=S(=O)([O-])[O-] CCC(=O)Nc1ccccc1Nc1nc(Nc2cncc(OC)c2)ncc1C(F)(F)F
1PME,2OJI,P28482,MAPK1,33A SO4,O=C(NCc1ccccc1)c1cc(-c2n[nH]cc2-c2cccc(Cl)c2)c[nH]1 O=S(=O)([O-])[O-]
1PME,3I5Z,P28482,MAPK1,SO4 Z48,O=S(=O)([O-])[O-] Cc1cnc(Nc2ccccc2)nc1-c1c[nH]c(C(=O)N[C@H](CO)c2ccccc2)c1
4QP3,5BUI,P28482,MAPK1,NI 4V9,[Ni+2] Fc1ccc(-c2[nH]nc3c2CN(c2ccccn2)CC3)cc1
4FV9,1WZY,P28482,MAPK1,F29,C=CCn1nc(N)c2cc(-c3c(-c4ccccc4)nn4ccccc34)nnc21
4FV2,4ZZO,P28482,MAPK1,SO4 CQ3,O=S(=O)([O-])[O-] CCC(=O)Nc1ccccc1Nc1nc(NC2CCOCC2)ncc1Cl
4FV2,5BUE,P28482,MAPK1,4V8 NI,O=c1cc(N2CCc3n[nH]c(-c4ccncc4)c3C2)ccn1Cc1ccccc1 [Ni+2]
4FV2,4G6N,P28482,MAPK1,SO4 EK0,O=S(=O)([O-])[O-] Clc1ccc(-c2n[nH]c3c2CCCC3)cc1
3QYW,4ZZN,P63086,MAPK1,CQ8 SO4,CNC(=O)c1ccccc1Nc1cc(NC2CCOCC2)ncc1Cl O=S(=O)([O-])[O-]
3QYW,4XRJ,P63086,MAPK1,620 SO4,Nc1nnnn1NCc1cccc(OCc2ccccc2)c1 O=S(=O)([O-])[O-]
4QP4,4FV0,P28482,MAPK1,EK3 EDO GOL,Fc1ccc(-c2n[nH]cc2-c2ccnc(NC3CCCCC3)c2)cc1 OCCO OCC(O)CO
4QP4,4G6N,P28482,MAPK1,SO4 EK0,O=S(=O)([O-])[O-] Clc1ccc(-c2n[nH]c3c2CCCC3)cc1
4QPA,4QP8,P28482,MAPK1,362,c1cncc(-c2c[nH]c3ncc(-c4cn[nH]c4)nc23)c1
4QPA,4G6O,P28482,MAPK1,E28 EDO SO4,NCc1ccc(-c2cn[nH]c2-c2c[nH]c(C(=O)NCc3ccc4c(c3)CCO4)c2)cc1C(F)(F)F OCCO O=S(=O)([O-])[O-]
4GSB,4FV2,P63086,MAPK1,EDO GOL SO4 EK5,OCCO OCC(O)CO O=S(=O)([O-])[O-] O=C(NCc1ccc2c(c1)CCO2)c1cc(-c2[nH]ncc2-c2cccc(Cl)c2)c[nH]1
4GSB,5NHV,P63086,MAPK1,8QB SO4,O=C1NCCn2cc(-c3ccnc(NC4CCOCC4)n3)cc21 O=S(=O)([O-])[O-]
4GSB,5LCJ,P63086,MAPK1,6TS SO4,CCC(=O)Nc1ccccc1Nc1nc(Nc2ccnc(C#CCCNC(=O)O[C@H]3CC/C=C\CCC3)c2)ncc1Cl O=S(=O)([O-])[O-]
4GSB,4ZZM,P63086,MAPK1,CQ6 SO4,CCS(=O)(=O)N1CCc2cnc(NC3CCOCC3)nc2C1 O=S(=O)([O-])[O-]
5NHV,4XJ0,P28482,MAPK1,41B,O=c1cc(-c2ccnc(NC3CCOCC3)n2)ccn1[C@H](CO)c1ccc(Cl)c(F)c1
5NHV,3QYW,P28482,MAPK1,6PB DMS SO4,Nc1nc(-c2cccc(Br)c2)c2[nH]cnc2n1 CS(C)=O O=S(=O)([O-])[O-]
4G6O,5BVE,P28482,MAPK1,4VG SO4,O=C1c2cc(-c3ccnc(NC4CCOCC4)n3)cn2CCCN1[C@H](CO)c1cccc(Cl)c1 O=S(=O)([O-])[O-]
4G6O,5BVF,P28482,MAPK1,4VJ SO4,O=C1c2cc(-c3ccnc(N[C@H]4CC[C@@H](O)C4)n3)cn2CCCN1[C@H](CO)c1cccc(Cl)c1 O=S(=O)([O-])[O-]
4G6O,4FV1,P28482,MAPK1,EK4 GOL SO4 EDO,O=C(N[C@H](CO)c1ccccc1)c1cc(-c2[nH]ncc2-c2cccc(C(F)(F)F)c2)c[nH]1 OCC(O)CO O=S(=O)([O-])[O-] OCCO
2OJG,4H3P,P28482,MAPK1,ANP,Nc1ncnc2c1ncn2[C@@H]1O[C@H](COP(=O)(O)OP(=O)(O)NP(=O)(O)O)[C@@H](O)[C@H]1O
2Y9Q,5NGU,P28482,MAPK1,8X2 SO4,CN1CCN(c2ccc(Nc3nccc(-c4cc5c([nH]4)CCNC5=O)n3)cc2)CC1 O=S(=O)([O-])[O-]
2Y9Q,3I60,P28482,MAPK1,SO4 E86,O=S(=O)([O-])[O-] Cc1cnc(Nc2ccccc2Cl)nc1-c1c[nH]c(C(=O)N[C@H](CO)c2ccccc2)c1
2Y9Q,5BVF,P28482,MAPK1,4VJ SO4,O=C1c2cc(-c3ccnc(N[C@H]4CC[C@@H](O)C4)n3)cn2CCCN1[C@H](CO)c1cccc(Cl)c1 O=S(=O)([O-])[O-]
5V60,4XJ0,P28482,MAPK1,41B,O=c1cc(-c2ccnc(NC3CCOCC3)n2)ccn1[C@H](CO)c1ccc(Cl)c(F)c1
1TVO,4FV9,P28482,MAPK1,EDO SO4 E71,OCCO O=S(=O)([O-])[O-] Fc1cccc(-c2cnoc2-c2c[nH]c3ncc(-c4ccncc4)cc23)c1F
5NHF,1TVO,P28482,MAPK1,FRZ,Nc1n[nH]c2nnc(-c3c(-c4ccccc4)nn4ccccc34)cc12
4QP9,4QPA,P28482,MAPK1,35W,c1ccc(Cn2cc(-c3c[nH]c4ncc(-c5ccncc5)nc34)cn2)cc1
4QP9,4FV1,P28482,MAPK1,EK4 GOL SO4 EDO,O=C(N[C@H](CO)c1ccccc1)c1cc(-c2[nH]ncc2-c2cccc(C(F)(F)F)c2)c[nH]1 OCC(O)CO O=S(=O)([O-])[O-] OCCO
3TEI,4FV0,P28482,MAPK1,EK3 EDO GOL,Fc1ccc(-c2n[nH]cc2-c2ccnc(NC3CCCCC3)c2)cc1 OCCO OCC(O)CO
3I60,2OJI,P28482,MAPK1,33A SO4,O=C(NCc1ccccc1)c1cc(-c2n[nH]cc2-c2cccc(Cl)c2)c[nH]1 O=S(=O)([O-])[O-]
3I60,5NGU,P28482,MAPK1,8X2 SO4,CN1CCN(c2ccc(Nc3nccc(-c4cc5c([nH]4)CCNC5=O)n3)cc2)CC1 O=S(=O)([O-])[O-]
3I60,3W55,P28482,MAPK1,1FM,COc1cc(O)c2c(c1)/C=C/C[C@H](O)[C@H](O)C(=O)/C=C\C[C@H](C)OC2=O
4FV3,5LCJ,P28482,MAPK1,6TS SO4,CCC(=O)Nc1ccccc1Nc1nc(Nc2ccnc(C#CCCNC(=O)O[C@H]3CC/C=C\CCC3)c2)ncc1Cl O=S(=O)([O-])[O-]
5NHL,4O6E,P28482,MAPK1,2SH,O=C(N[C@H](CO)c1ccc(F)c(Cl)c1)N1CCc2cnc(NC3CCOCC3)nc2C1
5NHL,4ZZO,P28482,MAPK1,SO4 CQ3,O=S(=O)([O-])[O-] CCC(=O)Nc1ccccc1Nc1nc(NC2CCOCC2)ncc1Cl
4FV0,4QPA,P28482,MAPK1,35W,c1ccc(Cn2cc(-c3c[nH]c4ncc(-c5ccncc5)nc34)cn2)cc1
4FV0,5NHV,P28482,MAPK1,8QB SO4,O=C1NCCn2cc(-c3ccnc(NC4CCOCC4)n3)cc21 O=S(=O)([O-])[O-]
4FV0,5KE0,P28482,MAPK1,6S9 SO4,Cc1cc(-c2n[nH]c3cc(NC(=O)NCc4ccccc4)ncc23)ccn1 O=S(=O)([O-])[O-]
4ZZM,4QP7,P28482,MAPK1,363,c1cc2nc(-c3cn[nH]c3)cnc2[nH]1
4ZZM,1PME,P28482,MAPK1,SB2 SO4,C[S@](=O)c1ccc(-c2nc(-c3ccc(F)cc3)c(-c3ccncc3)[nH]2)cc1 O=S(=O)([O-])[O-]
4I5H,4IZ5,P63086,MAPK1,SO4 ADP,O=S(=O)([O-])[O-] Nc1ncnc2c1ncn2[C@@H]1O[C@H](CO[P@](=O)(O)OP(=O)(O)O)[C@@H](O)[C@H]1O
4GT3,3QYW,P63086,MAPK1,6PB DMS SO4,Nc1nc(-c2cccc(Br)c2)c2[nH]cnc2n1 CS(C)=O O=S(=O)([O-])[O-]
4GT3,4G6N,P63086,MAPK1,SO4 EK0,O=S(=O)([O-])[O-] Clc1ccc(-c2n[nH]c3c2CCCC3)cc1
5KE0,4ZZN,P63086,MAPK1,CQ8 SO4,CNC(=O)c1ccccc1Nc1cc(NC2CCOCC2)ncc1Cl O=S(=O)([O-])[O-]
4S32,4QP7,P63086,MAPK1,363,c1cc2nc(-c3cn[nH]c3)cnc2[nH]1
2OJJ,1TVO,P28482,MAPK1,FRZ,Nc1n[nH]c2nnc(-c3c(-c4ccccc4)nn4ccccc34)cc12
2OJJ,5BVE,P28482,MAPK1,4VG SO4,O=C1c2cc(-c3ccnc(NC4CCOCC4)n3)cn2CCCN1[C@H](CO)c1cccc(Cl)c1 O=S(=O)([O-])[O-]
2OJJ,4ERK,P28482,MAPK1,SO4 OLO,O=S(=O)([O-])[O-] Cn1cnc2c(NCc3ccccc3)nc(NCCO)nc21
2OJJ,5BVF,P28482,MAPK1,4VJ SO4,O=C1c2cc(-c3ccnc(N[C@H]4CC[C@@H](O)C4)n3)cn2CCCN1[C@H](CO)c1cccc(Cl)c1 O=S(=O)([O-])[O-]
5BUE,4GT3,P28482,MAPK1,GOL ATP MG PEG,OCC(O)CO Nc1ncnc2c1ncn2[C@@H]1O[C@H](CO[P@@](=O)(O)O[P@](=O)(O)OP(=O)(O)O)[C@@H](O)[C@H]1O [Mg+2] OCCOCCO
5NHP,4FV6,P28482,MAPK1,E57 SO4 EDO,CC[C@@H](CO)Nc1ncc(C)c(-c2c[nH]c(C(=O)N[C@H](CO)c3cccc(Cl)c3)c2)n1 O=S(=O)([O-])[O-] OCCO
4XNE,4QTA,P63086,MAPK1,EDO SO4 38Z,OCCO O=S(=O)([O-])[O-] O=C(Nc1ccc2n[nH]c(-c3ccncc3)c2c1)[C@@H]1CCN(CC(=O)N2CCN(c3ccc(-c4ncccn4)cc3)CC2)C1
4FV6,4QTE,P28482,MAPK1,EDO SO4 CL 390,OCCO O=S(=O)([O-])[O-] [Cl-] Cc1cnc(Nc2ccc(F)cc2Cl)nc1-c1c[nH]c(C(=O)N[C@H](CO)c2cccc(Cl)c2)c1
4FV6,5BVD,P28482,MAPK1,4VF SO4,O=C1c2cc(-c3ccnc(NC4CCOCC4)n3)cn2CCN1[C@H](CO)c1cccc(Cl)c1 O=S(=O)([O-])[O-]
5HD7,4QP7,P63086,MAPK1,363,c1cc2nc(-c3cn[nH]c3)cnc2[nH]1
5HD7,4FV2,P63086,MAPK1,EDO GOL SO4 EK5,OCCO OCC(O)CO O=S(=O)([O-])[O-] O=C(NCc1ccc2c(c1)CCO2)c1cc(-c2[nH]ncc2-c2cccc(Cl)c2)c[nH]1
5HD7,4XOY,P63086,MAPK1,DX4 SO4,Nc1nc2[nH]cnc2c(=S)[nH]1 O=S(=O)([O-])[O-]
5HD7,5NHF,P63086,MAPK1,8X5 SO4,O=C1c2cc(-c3ccnc(NC4CCOCC4)n3)[nH]c2CCN1Cc1ccccc1 O=S(=O)([O-])[O-]
5NGU,5BUI,P28482,MAPK1,NI 4V9,[Ni+2] Fc1ccc(-c2[nH]nc3c2CN(c2ccccn2)CC3)cc1
5LCJ,4H3P,P28482,MAPK1,ANP,Nc1ncnc2c1ncn2[C@@H]1O[C@H](COP(=O)(O)OP(=O)(O)NP(=O)(O)O)[C@@H](O)[C@H]1O
5LCJ,4N4S,P28482,MAPK1,2H1,Cc1cc(-c2nn(C(C)C)c3ncnc(N)c23)cc2ccc(OCc3ccccc3)nc12
4ZZO,1WZY,P28482,MAPK1,F29,C=CCn1nc(N)c2cc(-c3c(-c4ccccc4)nn4ccccc34)nnc21
4ZZO,2OJJ,P28482,MAPK1,SO4 82A,O=S(=O)([O-])[O-] O=C(N[C@H](CO)c1ccc(F)c(Cl)c1)c1cc(-c2n[nH]cc2-c2cccc(Cl)c2)c[nH]1
3W55,3ERK,P28482,MAPK1,SB4,Nc1nccc(-c2c(-c3ccc(F)cc3)ncn2C2CCNCC2)n1
3W55,3C9W,P28482,MAPK1,HMY,COc1cc(O)c2c(c1)[C@H]1O[C@@H]1C[C@H](O)[C@H](O)C(=O)/C=C\C[C@H](C)OC2=O
4ERK,3ERK,P63086,MAPK1,SB4,Nc1nccc(-c2c(-c3ccc(F)cc3)ncn2C2CCNCC2)n1
4ERK,4FV2,P63086,MAPK1,EDO GOL SO4 EK5,OCCO OCC(O)CO O=S(=O)([O-])[O-] O=C(NCc1ccc2c(c1)CCO2)c1cc(-c2[nH]ncc2-c2cccc(Cl)c2)c[nH]1
4FV1,5BUE,P28482,MAPK1,4V8 NI,O=c1cc(N2CCc3n[nH]c(-c4ccncc4)c3C2)ccn1Cc1ccccc1 [Ni+2]
4FV1,4ZZM,P28482,MAPK1,CQ6 SO4,CCS(=O)(=O)N1CCc2cnc(NC3CCOCC3)nc2C1 O=S(=O)([O-])[O-]
4FV1,5NHP,P28482,MAPK1,8XK SO4,COCCN1CCc2c(cc(-c3ccnc(Nc4ccnn4C)n3)n2C)C1=O O=S(=O)([O-])[O-]
4FV1,4G6N,P28482,MAPK1,SO4 EK0,O=S(=O)([O-])[O-] Clc1ccc(-c2n[nH]c3c2CCCC3)cc1
3I5Z,4I5H,P28482,MAPK1,G17,Cc1ccc(NC(=O)c2cccc(C(F)(F)F)c2)cc1-c1ccc2nc(NC3CC3)ncc2c1
3I5Z,4FV8,P28482,MAPK1,EDO SO4 E63,OCCO O=S(=O)([O-])[O-] O=c1[nH][nH]c2cc(Nc3ncc(Nc4ccccc4)c(Nc4cc(C5CC5)n[nH]4)n3)ccc12
4XOZ,3I60,P63086,MAPK1,SO4 E86,O=S(=O)([O-])[O-] Cc1cnc(Nc2ccccc2Cl)nc1-c1c[nH]c(C(=O)N[C@H](CO)c2ccccc2)c1
4XOZ,5LCJ,P63086,MAPK1,6TS SO4,CCC(=O)Nc1ccccc1Nc1nc(Nc2ccnc(C#CCCNC(=O)O[C@H]3CC/C=C\CCC3)c2)ncc1Cl O=S(=O)([O-])[O-]
4N4S,5BVD,P63086,MAPK1,4VF SO4,O=C1c2cc(-c3ccnc(NC4CCOCC4)n3)cn2CCN1[C@H](CO)c1cccc(Cl)c1 O=S(=O)([O-])[O-]
4S33,4FUX,P63086,MAPK1,EDO SO4 E75,OCCO O=S(=O)([O-])[O-] Cc1onc(-c2ccccc2)c1-c1ccnc(N[C@H]2CC[C@H](O)CC2)n1
4QP7,4N0S,P28482,MAPK1,DHC SO4 PEG DMS,O=C(O)/C=C/c1ccc(O)c(O)c1 O=S(=O)([O-])[O-] OCCOCCO CS(C)=O
4QTE,4FV0,P28482,MAPK1,EK3 EDO GOL,Fc1ccc(-c2n[nH]cc2-c2ccnc(NC3CCCCC3)c2)cc1 OCCO OCC(O)CO
4QTE,3I5Z,P28482,MAPK1,SO4 Z48,O=S(=O)([O-])[O-] Cc1cnc(Nc2ccccc2)nc1-c1c[nH]c(C(=O)N[C@H](CO)c2ccccc2)c1
4QTE,5NHL,P28482,MAPK1,8XB SO4,COCCN1C(=O)c2cc(-c3nc(Nc4ccnn4C)ncc3C)[nH]c2C[C@H]1C O=S(=O)([O-])[O-]
4QTE,4QYY,P28482,MAPK1,3G7 SO4,CC(=O)c1ccc(N2CCN(C(=O)CN3CC[C@@H](C(=O)Nc4ccc(O)c(Cl)c4)C3)CC2)cc1 O=S(=O)([O-])[O-]
4QTE,4FUX,P28482,MAPK1,EDO SO4 E75,OCCO O=S(=O)([O-])[O-] Cc1onc(-c2ccccc2)c1-c1ccnc(N[C@H]2CC[C@H](O)CC2)n1
4XRJ,4QP8,P63086,MAPK1,362,c1cncc(-c2c[nH]c3ncc(-c4cn[nH]c4)nc23)c1
1PMV,2O2U,P53779,MAPK10,738,N#Cc1c(NC(=O)c2ccccc2F)sc2c1CCCC2
3FI2,2H96,P53779,MAPK10,GOL 893 SO4,OCC(O)CO CCOc1nc(C(=O)NCc2cc(OC)ccc2OC)ccc1C#N O=S(=O)([O-])[O-]
3FI2,2OK1,P53779,MAPK10,33A,O=C(NCc1ccccc1)c1cc(-c2n[nH]cc2-c2cccc(Cl)c2)c[nH]1
3FI2,2NO3,P53779,MAPK10,SO4 859,O=S(=O)([O-])[O-] NC(=O)c1ccccc1Nc1ccnc(Nc2cccc(O)c2)n1
3FI2,4KKH,P53779,MAPK10,1RQ,O=C(C1CC1)N1CCC[C@@H](Nc2nccc(-n3c(-c4ccc5ccccc5c4)nc4ccc(O)cc43)n2)C1
3G90,3OXI,P53779,MAPK10,SYY,COC(=O)c1sccc1NC(=O)Cc1cccs1
4KKE,3RTP,P53779,MAPK10,34I,N#Cc1csc(NC(=O)CN2C(=O)CCc3ccccc32)c1-c1ncn[nH]1
4KKE,4HYS,P53779,MAPK10,1BJ,O[C@H]1CC[C@H](Nc2nccc(-n3ncc4ccccc43)n2)CC1
4KKE,4W4V,P53779,MAPK10,3H8,Cc1cc(NC(=O)c2cccc(-n3cc(NC(=O)Nc4ccccc4Cl)cn3)c2)ccn1
4KKE,2B1P,P53779,MAPK10,SO4 AIZ BME,O=S(=O)([O-])[O-] CN(C)CCCC(=O)Nc1cc(C(=O)O)cc(-c2n[nH]c3cc(Nc4ccccc4Cl)ccc23)c1 OCCS
3CGO,4E73,P53779,MAPK10,0NR,COC(=O)c1c(Cc2ccc(C(=O)NC3[C@@H]4CC5C[C@H]3CC(N)(C5)C4)cc2)c(=O)c2cccnc2n1-c1ccccc1
4HYU,1PMU,P45983,MAPK8,CL 9HP,[Cl-] Oc1ccc(-c2cnc3ccc4ccncc4c3c2)cc1
4E73,2OK1,P45983,MAPK8,33A,O=C(NCc1ccccc1)c1cc(-c2n[nH]cc2-c2cccc(Cl)c2)c[nH]1
4E73,4U79,P45983,MAPK8,3EL,N[C@H]1CC[C@H](Nc2nccc(-c3cccnc3Oc3ccc(NS(=O)(=O)c4ccccc4)c4ccccc34)n2)CC1
4E73,4G1W,P45983,MAPK8,G1W,COC(=O)c1c(Cc2ccc(S(=O)(=O)CCO)cc2)c(=O)c2ccc(F)cc2n1-c1ccccc1
4Y46,2G01,P53779,MAPK10,SO4 73Q,O=S(=O)([O-])[O-] Cc1nn(C)c2c1c(=O)c1cc(Cl)ccc1n2O
4Y46,3FV8,P53779,MAPK10,EDO JK3,OCCO C#CCN1CCN(c2c(Cl)cccc2NC(=O)c2ccc(Br)o2)CC1
4Y46,3V6S,P53779,MAPK10,0F0,CN(C)CCCC(=O)Nc1cccc(C(=O)Nc2ccc(Nc3nccc(-c4cccnc4)n3)cc2)c1
4W4Y,3FI2,P53779,MAPK10,JK1 EDO,COc1cc(NC(=O)c2cccc(-n3cc(NC(=O)Nc4ccccc4)cn3)c2)cc(OC)c1OC OCCO
2ZDU,3FI2,P53779,MAPK10,JK1 EDO,COc1cc(NC(=O)c2cccc(-n3cc(NC(=O)Nc4ccccc4)cn3)c2)cc(OC)c1OC OCCO
2O0U,4Y5H,P53779,MAPK10,519,CC(C)NC(=O)N[C@H]1CC[C@H](Nc2ncc3ccc(=O)n(C(C)C)c3n2)CC1
4UX9,3RTP,P45983,MAPK8,34I,N#Cc1csc(NC(=O)CN2C(=O)CCc3ccccc32)c1-c1ncn[nH]1
4UX9,4HYU,P45983,MAPK8,1BK,CS(=O)(=O)CCCOc1cccc2c1cnn2-c1ccnc(N[C@H]2CC[C@H](O)CC2)n1
3CGF,4HYS,P53779,MAPK10,1BJ,O[C@H]1CC[C@H](Nc2nccc(-n3ncc4ccccc43)n2)CC1
3CGF,3TTI,P53779,MAPK10,KBI GOL,O[C@H]1CC[C@H](Nc2ncc3nc(Nc4c(F)cc(F)cc4F)n([C@H]4CCOC4)c3n2)CC1 OCC(O)CO
3CGF,4G1W,P53779,MAPK10,G1W,COC(=O)c1c(Cc2ccc(S(=O)(=O)CCO)cc2)c(=O)c2ccc(F)cc2n1-c1ccccc1
3CGF,3V6S,P53779,MAPK10,0F0,CN(C)CCCC(=O)Nc1cccc(C(=O)Nc2ccc(Nc3nccc(-c4cccnc4)n3)cc2)c1
3V6S,3FI2,P53779,MAPK10,JK1 EDO,COc1cc(NC(=O)c2cccc(-n3cc(NC(=O)Nc4ccccc4)cn3)c2)cc(OC)c1OC OCCO
3V6S,4KKE,P53779,MAPK10,AMP,Nc1ncnc2c1ncn2[C@@H]1O[C@H](COP(=O)(O)O)[C@@H](O)[C@H]1O
3V6S,4W4W,P53779,MAPK10,3HJ,Cc1cc(NC(=O)c2cccc(-n3cc(NC(=O)Nc4ccccc4)cn3)c2)ccn1
2B1P,3DA6,P53779,MAPK10,BZ9,CNc1nccc(-c2cccnc2Oc2c(C)cc(Nc3nc4ccccc4[nH]3)c3ccccc23)n1
3TTJ,4E73,P53779,MAPK10,0NR,COC(=O)c1c(Cc2ccc(C(=O)NC3[C@@H]4CC5C[C@H]3CC(N)(C5)C4)cc2)c(=O)c2cccnc2n1-c1ccccc1
3G9L,1PMN,P53779,MAPK10,984,CCCn1c(C2CCN(C)CC2)nc(-c2ccc(Cl)c(Cl)c2)c1-c1ccnc(NC2CC2)n1
3G9L,4W4V,P53779,MAPK10,3H8,Cc1cc(NC(=O)c2cccc(-n3cc(NC(=O)Nc4ccccc4Cl)cn3)c2)ccn1
3G9L,3G90,P53779,MAPK10,J72,O=C1/C(=N/O)c2cc(F)ccc2N1Cc1cc(F)cc2c1OCOC2
4AWI,2O0U,P45983,MAPK8,C0M,N#Cc1c(NC(=O)c2cccc3ccccc23)sc2c1CCN(C(=O)CCN1CCCCC1)C2
3FV8,4AWI,P53779,MAPK10,AQ2 SO4,CC(C)c1cc2c(-c3ccc(S(=O)(=O)NC4CCS(=O)(=O)CC4)cc3)ccnc2[nH]1 O=S(=O)([O-])[O-]
3FV8,4HYS,P53779,MAPK10,1BJ,O[C@H]1CC[C@H](Nc2nccc(-n3ncc4ccccc43)n2)CC1
3G9N,1PMU,P53779,MAPK10,CL 9HP,[Cl-] Oc1ccc(-c2cnc3ccc4ccncc4c3c2)cc1
3G9N,4W4V,P53779,MAPK10,3H8,Cc1cc(NC(=O)c2cccc(-n3cc(NC(=O)Nc4ccccc4Cl)cn3)c2)ccn1
3G9N,3PTG,P53779,MAPK10,932,Cc1csc(NC(=O)CN2C(=O)CCc3ccccc32)c1-c1ncn[nH]1
2O2U,4WHZ,P53779,MAPK10,3NL,O=C(Nc1cnn(-c2cccc(C(=O)Nc3cnn([C@H]4CCNC4)c3)c2)c1)Nc1ccccc1Cl
4W4X,2G01,P53779,MAPK10,SO4 73Q,O=S(=O)([O-])[O-] Cc1nn(C)c2c1c(=O)c1cc(Cl)ccc1n2O
3ELJ,4W4W,P45983,MAPK8,3HJ,Cc1cc(NC(=O)c2cccc(-n3cc(NC(=O)Nc4ccccc4)cn3)c2)ccn1
3PTG,4W4Y,P53779,MAPK10,3HQ,Cc1ccc(NC(=O)Nc2cnn(-c3cccc(C(=O)Nc4ccnc(C)c4)c3)c2)cc1
3PTG,4W4V,P53779,MAPK10,3H8,Cc1cc(NC(=O)c2cccc(-n3cc(NC(=O)Nc4ccccc4Cl)cn3)c2)ccn1
2H96,4AWI,P45983,MAPK8,AQ2 SO4,CC(C)c1cc2c(-c3ccc(S(=O)(=O)NC4CCS(=O)(=O)CC4)cc3)ccnc2[nH]1 O=S(=O)([O-])[O-]
2H96,2WAJ,P45983,MAPK8,SNB,COc1cc2c(cc1Cl)C(c1cccc(Br)c1)=NCC2
2H96,2G01,P45983,MAPK8,SO4 73Q,O=S(=O)([O-])[O-] Cc1nn(C)c2c1c(=O)c1cc(Cl)ccc1n2O
2XS0,2WAJ,P45983,MAPK8,SNB,COc1cc2c(cc1Cl)C(c1cccc(Br)c1)=NCC2
3TTI,4AWI,P53779,MAPK10,AQ2 SO4,CC(C)c1cc2c(-c3ccc(S(=O)(=O)NC4CCS(=O)(=O)CC4)cc3)ccnc2[nH]1 O=S(=O)([O-])[O-]
3TTI,4L7F,P53779,MAPK10,1V5,O=C(NC1(c2ccc(F)cc2)CC1)c1ccc2nc(N[C@H]3CC[C@H](O)CC3)c3nccn3c2c1
3TTI,3V6S,P53779,MAPK10,0F0,CN(C)CCCC(=O)Nc1cccc(C(=O)Nc2ccc(Nc3nccc(-c4cccnc4)n3)cc2)c1
4G1W,2GMX,P45983,MAPK8,SO4 877,O=S(=O)([O-])[O-] CCOc1nc(NC(=O)Cc2cc(OC)c(Br)cc2OC)cc(N)c1C#N
4G1W,3G90,P45983,MAPK8,J72,O=C1/C(=N/O)c2cc(F)ccc2N1Cc1cc(F)cc2c1OCOC2
2G01,1PMN,P45983,MAPK8,984,CCCn1c(C2CCN(C)CC2)nc(-c2ccc(Cl)c(Cl)c2)c1-c1ccnc(NC2CC2)n1
2G01,4Y46,P45983,MAPK8,4F2,CC(C)NC(=O)N[C@H]1CC[C@H](Nc2ncc3ccc(=O)n(C4CCCC4)c3n2)CC1
2G01,3CGF,P45983,MAPK8,JNF,CN(c1nccc(-c2cnc3ccccn23)n1)C1CCCCC1
2OK1,3CGF,P53779,MAPK10,JNF,CN(c1nccc(-c2cnc3ccccn23)n1)C1CCCCC1
2XRW,3TTJ,P45983,MAPK8,JBI,COc1ccc(Nc2ncc3nc(Nc4ccccc4F)n(C4CCCC4)c3n2)cc1
2XRW,2O0U,P45983,MAPK8,C0M,N#Cc1c(NC(=O)c2cccc3ccccc23)sc2c1CCN(C(=O)CCN1CCCCC1)C2
2XRW,4L7F,P45983,MAPK8,1V5,O=C(NC1(c2ccc(F)cc2)CC1)c1ccc2nc(N[C@H]3CC[C@H](O)CC3)c3nccn3c2c1
3OY1,2H96,P53779,MAPK10,GOL 893 SO4,OCC(O)CO CCOc1nc(C(=O)NCc2cc(OC)ccc2OC)ccc1C#N O=S(=O)([O-])[O-]
3OY1,2G01,P53779,MAPK10,SO4 73Q,O=S(=O)([O-])[O-] Cc1nn(C)c2c1c(=O)c1cc(Cl)ccc1n2O
3OY1,4HYU,P53779,MAPK10,1BK,CS(=O)(=O)CCCOc1cccc2c1cnn2-c1ccnc(N[C@H]2CC[C@H](O)CC2)n1
4KKH,3PZE,P53779,MAPK10,CFK SO4,NC(=O)Nc1cc(-c2ccccc2)sc1C(N)=O O=S(=O)([O-])[O-]
2NO3,4W4X,P45983,MAPK8,3HN,Cc1cc(NC(=O)c2cccc(-n3cc(NC(=O)Nc4ccc(F)cc4)cn3)c2)ccn1
3PZE,4L7F,P45983,MAPK8,1V5,O=C(NC1(c2ccc(F)cc2)CC1)c1ccc2nc(N[C@H]3CC[C@H](O)CC3)c3nccn3c2c1
1UKI,3RTP,P45983,MAPK8,34I,N#Cc1csc(NC(=O)CN2C(=O)CCc3ccccc32)c1-c1ncn[nH]1
1UKI,2G01,P45983,MAPK8,SO4 73Q,O=S(=O)([O-])[O-] Cc1nn(C)c2c1c(=O)c1cc(Cl)ccc1n2O
1UKI,3ELJ,P45983,MAPK8,GS7,COc1cc(CS(C)(=O)=O)ccc1Nc1nc(Nc2cccc(F)c2C(N)=O)c2cc[nH]c2n1
1JNK,3TTJ,P53779,MAPK10,JBI,COc1ccc(Nc2ncc3nc(Nc4ccccc4F)n(C4CCCC4)c3n2)cc1
1JNK,2EXC,P53779,MAPK10,JNK,CO[C@H]1CC[C@H](C(=O)Nc2cc(-c3ccnc(Nc4ccc(F)cc4)c3)ccn2)CC1
4X21,2P33,P53779,MAPK10,J07,CCNC(=O)N1CCC(Nc2ncc(Cl)c(-c3c[nH]c4ccccc34)n2)CC1
4X21,4HYS,P53779,MAPK10,1BJ,O[C@H]1CC[C@H](Nc2nccc(-n3ncc4ccccc43)n2)CC1
4HYS,4L7F,P45983,MAPK8,1V5,O=C(NC1(c2ccc(F)cc2)CC1)c1ccc2nc(N[C@H]3CC[C@H](O)CC3)c3nccn3c2c1
2EXC,2P33,P53779,MAPK10,J07,CCNC(=O)N1CCC(Nc2ncc(Cl)c(-c3c[nH]c4ccccc34)n2)CC1
2EXC,2ZDT,P53779,MAPK10,46C GOL,CCC(=O)c1c(-c2ccccc2)c2cc(Cl)ccc2c(=O)n1Cc1ccc(C(=O)O)cc1 OCC(O)CO
2EXC,4G1W,P53779,MAPK10,G1W,COC(=O)c1c(Cc2ccc(S(=O)(=O)CCO)cc2)c(=O)c2ccc(F)cc2n1-c1ccccc1
3V3V,4W4V,P45983,MAPK8,3H8,Cc1cc(NC(=O)c2cccc(-n3cc(NC(=O)Nc4ccccc4Cl)cn3)c2)ccn1
3V3V,3DA6,P45983,MAPK8,BZ9,CNc1nccc(-c2cccnc2Oc2c(C)cc(Nc3nc4ccccc4[nH]3)c3ccccc23)n1
3V3V,3PZE,P45983,MAPK8,CFK SO4,NC(=O)Nc1cc(-c2ccccc2)sc1C(N)=O O=S(=O)([O-])[O-]
3V3V,3CGF,P45983,MAPK8,JNF,CN(c1nccc(-c2cnc3ccccn23)n1)C1CCCCC1
4W4W,2B1P,P53779,MAPK10,SO4 AIZ BME,O=S(=O)([O-])[O-] CN(C)CCCC(=O)Nc1cc(C(=O)O)cc(-c2n[nH]c3cc(Nc4ccccc4Cl)ccc23)c1 OCCS
4Y5H,2WAJ,P53779,MAPK10,SNB,COc1cc2c(cc1Cl)C(c1cccc(Br)c1)=NCC2
4WHZ,4L7F,P53779,MAPK10,1V5,O=C(NC1(c2ccc(F)cc2)CC1)c1ccc2nc(N[C@H]3CC[C@H](O)CC3)c3nccn3c2c1
4W4V,3ELJ,P53779,MAPK10,GS7,COc1cc(CS(C)(=O)=O)ccc1Nc1nc(Nc2cccc(F)c2C(N)=O)c2cc[nH]c2n1
3KVX,1PMV,P53779,MAPK10,537,O=C1c2ccccc2-c2n[nH]c3cccc1c23
3V6R,4G1W,P53779,MAPK10,G1W,COC(=O)c1c(Cc2ccc(S(=O)(=O)CCO)cc2)c(=O)c2ccc(F)cc2n1-c1ccccc1
1PMU,4Y46,P53779,MAPK10,4F2,CC(C)NC(=O)N[C@H]1CC[C@H](Nc2ncc3ccc(=O)n(C4CCCC4)c3n2)CC1
2GMX,4AWI,P45983,MAPK8,AQ2 SO4,CC(C)c1cc2c(-c3ccc(S(=O)(=O)NC4CCS(=O)(=O)CC4)cc3)ccnc2[nH]1 O=S(=O)([O-])[O-]
2WAJ,3RTP,P53779,MAPK10,34I,N#Cc1csc(NC(=O)CN2C(=O)CCc3ccccc32)c1-c1ncn[nH]1
2WAJ,4W4X,P53779,MAPK10,3HN,Cc1cc(NC(=O)c2cccc(-n3cc(NC(=O)Nc4ccc(F)cc4)cn3)c2)ccn1
3DA6,3FI2,P53779,MAPK10,JK1 EDO,COc1cc(NC(=O)c2cccc(-n3cc(NC(=O)Nc4ccccc4)cn3)c2)cc(OC)c1OC OCCO
3DA6,3ELJ,P53779,MAPK10,GS7,COc1cc(CS(C)(=O)=O)ccc1Nc1nc(Nc2cccc(F)c2C(N)=O)c2cc[nH]c2n1
3DA6,3FV8,P53779,MAPK10,EDO JK3,OCCO C#CCN1CCN(c2c(Cl)cccc2NC(=O)c2ccc(Br)o2)CC1
4L7F,3OXI,P45983,MAPK8,SYY,COC(=O)c1sccc1NC(=O)Cc1cccs1
4L7F,4Y46,P45983,MAPK8,4F2,CC(C)NC(=O)N[C@H]1CC[C@H](Nc2ncc3ccc(=O)n(C4CCCC4)c3n2)CC1
4L7F,3G90,P45983,MAPK8,J72,O=C1/C(=N/O)c2cc(F)ccc2N1Cc1cc(F)cc2c1OCOC2
4IZY,2B1P,P45983,MAPK8,SO4 AIZ BME,O=S(=O)([O-])[O-] CN(C)CCCC(=O)Nc1cc(C(=O)O)cc(-c2n[nH]c3cc(Nc4ccccc4Cl)ccc23)c1 OCCS
1BL7,3RIN,Q16539,MAPK14,I2O,Cc1ccc(C(=O)NC2CC2)cc1-c1ccc2c(c1)NC(=O)C21CCCC1
3BV2,3FML,Q16539,MAPK14,FML,C[C@@H](CS(C)(=O)=O)Nc1n[nH]c2nc(Oc3ccc(F)cc3F)ncc12
3PG3,3ZYA,Q16539,MAPK14,2A8,Nc1ccccc1Nc1ccc2c(c1)CCc1ccccc1C2=O
3MW1,1ZYJ,Q16539,MAPK14,BI5 BOG,O=C(NCc1ccccn1)c1ccc(Oc2ccccc2)cc1 CCCCCCCCO[C@@H]1O[C@H](CO)[C@@H](O)[C@H](O)[C@H]1O
3HEC,1OUK,Q16539,MAPK14,SO4 084,O=S(=O)([O-])[O-] C[C@H](Nc1nccc(-c2c(-c3cccc(C(F)(F)F)c3)nc(C3CCNCC3)n2C)n1)c1ccccc1
3P7A,4AAC,P47811,MAPK14,AAV CL,Cc1ccc(C(=O)Nc2ccon2)cc1-n1cnc2ccc(N3CCN(C)CC3)cc2c1=O [Cl-]
3IW8,4EH3,Q16539,MAPK14,NAR IRG,O=C1C[C@@H](c2ccc(O)cc2)Oc2cc(O)cc(O)c21 Nc1ccc2c(NC3CC3)nc(-c3ccccc3)nc2c1
2YIX,4EWQ,Q16539,MAPK14,GG5 MWL ZN CL BME GOL ACT PEG,Fc1ccc(-c2n[nH]cc2-c2ccncc2)cc1 c1ccc(-c2nnc(N3CCN(c4ncccn4)CC3)cc2-c2ccncc2)cc1 [Zn+2] [Cl-] OCCS OCC(O)CO CC(=O)[O-] OCCOCCO
2YIX,3FL4,Q16539,MAPK14,FL4,Cc1ccccc1-c1n[nH]c2nc(Oc3ccc(F)cc3F)ncc12
1W82,1W84,Q16539,MAPK14,L12,c1ccc2c(CCc3ccncc3)c[nH]c2c1
3GCQ,3IW6,Q16539,MAPK14,BOG PP0,CCCCCCCCO[C@@H]1O[C@H](CO)[C@@H](O)[C@H](O)[C@H]1O CCOC(=O)c1c(C)c(C(=O)N2CCN(Cc3ccccc3)CC2)c(C)n1CC
3LFB,3K3I,Q16539,MAPK14,I46 JZJ,Fc1ccc(-c2c[nH]nc2-c2ccnc(F)c2)cc1 Brc1ccc(-c2c[nH]c([C@@H]3Cc4ccccc4CN3)n2)cc1
3C5U,4EH4,Q16539,MAPK14,IRG 0OL,Nc1ccc2c(NC3CC3)nc(-c3ccccc3)nc2c1 O=C(c1ccccc1)N1CCCCC1
2BAK,3FMK,Q16539,MAPK14,FMK,C[C@@H](Cn1ncnn1)Nc1ncc2cc(Oc3ccc(F)cc3F)c(=O)n(C)c2n1
3GCV,2YIX,Q16539,MAPK14,YIX,CCNC(=O)NCc1ccccc1Sc1ccc2nnc(C(C)C)n2c1
3IW6,2EWA,Q16539,MAPK14,SB2,C[S@](=O)c1ccc(-c2nc(-c3ccc(F)cc3)c(-c3ccncc3)[nH]2)cc1
4LOO,3GCQ,P47811,MAPK14,1BU BOG,Cc1cccc(-n2nc(C(C)(C)C)cc2NC(=O)Nc2ccc(Nc3ncnc4ccc(N)cc34)cc2)c1 CCCCCCCCO[C@@H]1O[C@H](CO)[C@@H](O)[C@H](O)[C@H]1O
1WBS,4ZTH,Q16539,MAPK14,VVT GG5 BME,Clc1cc(-c2ccncc2)c(-c2ccccc2)nn1 Fc1ccc(-c2n[nH]cc2-c2ccncc2)cc1 OCCS
3HRB,2BAL,Q16539,MAPK14,PQA,Nc1c(C(=O)c2cccc(OC3CCNCC3)c2)cnn1-c1ccc(F)cc1
3HRB,3ZSG,Q16539,MAPK14,T75 BOG,CCc1nc(-c2cccc(C)c2)c(-c2ccnc(NC(=O)c3ccccc3)c2)s1 CCCCCCCCO[C@@H]1O[C@H](CO)[C@@H](O)[C@H](O)[C@H]1O
3HRB,4KIQ,Q16539,MAPK14,1RA,CCOC(=O)n1ccc2ccc(C(=O)Nc3cc(C(=O)NC4CC4)ccc3C)cc21
4ZTH,3GCU,Q16539,MAPK14,R48 BOG MES,Cc1ccc(-n2nc(C(C)(C)C)cc2NC(=O)Nc2cccc(Nc3ncnc4ccc(N)cc34)c2)cc1 CCCCCCCCO[C@@H]1O[C@H](CO)[C@@H](O)[C@H](O)[C@H]1O O=S(=O)([O-])CC[NH+]1CCOCC1
3BV3,4EWQ,Q16539,MAPK14,GG5 MWL ZN CL BME GOL ACT PEG,Fc1ccc(-c2n[nH]cc2-c2ccncc2)cc1 c1ccc(-c2nnc(N3CCN(c4ncccn4)CC3)cc2-c2ccncc2)cc1 [Zn+2] [Cl-] OCCS OCC(O)CO CC(=O)[O-] OCCOCCO
3BV3,3FMH,Q16539,MAPK14,533,C[C@H](Cn1ncnn1)Nc1ncc2cc(Oc3ccc(F)cc3F)c(=O)n(C)c2n1
4EH3,1W7H,Q16539,MAPK14,3IP,Nc1ncccc1OCc1ccccc1
3HUC,3FKL,Q16539,MAPK14,FKL,Cc1ccc(C(=O)NC2CC2)cc1-c1cc2cnc(NC3CCOCC3)nc2n(C)c1=O
3FML,3NWW,Q16539,MAPK14,3NW,CCNC(=O)NCc1ccccc1-c1cc(-c2cnc(NC(C)C)s2)nc(NCCN(C)C)n1
3FMJ,3FLZ,Q16539,MAPK14,FLZ,Cn1c(=O)c(Oc2ccccc2)cc2cnc(NC3CCOCC3)nc21
3ZSG,3K3J,Q16539,MAPK14,I46 F4C,Fc1ccc(-c2c[nH]nc2-c2ccnc(F)c2)cc1 O=C(NCc1ccccc1C(F)(F)F)c1cc(-c2ccncc2)nn(-c2ccc(F)cc2)c1=O
3FKN,3FLS,Q16539,MAPK14,FLS,C[C@H](CS(C)(=O)=O)Nc1ncc2cc(Oc3ccc(F)cc3F)c(=O)n(C)c2n1
3HLL,3HV6,Q16539,MAPK14,BOG R39,CCCCCCCCO[C@@H]1O[C@H](CO)[C@@H](O)[C@H](O)[C@H]1O Cc1ccc(-n2nc(C(C)(C)C)cc2NC(=O)Nc2ccc(OCCN3CCOCC3)cc2)cc1
4F9W,3HV5,Q16539,MAPK14,R24 BOG MES,Cc1ccc(-n2nc(C(C)(C)C)cc2NC(=O)Nc2cccc(Nc3ccnc4ccc([N+](=O)[O-])cc34)c2)cc1 CCCCCCCCO[C@@H]1O[C@H](CO)[C@@H](O)[C@H](O)[C@H]1O O=S(=O)([O-])CC[NH+]1CCOCC1
4KIN,5TCO,Q16539,MAPK14,79Q BOG,O=C(NCCN1CCOCC1)c1ccc2c(c1)C(=O)c1ccc(Nc3ccc(F)c(NC(=O)c4ccccc4)c3)cc1CC2 CCCCCCCCO[C@@H]1O[C@H](CO)[C@@H](O)[C@H](O)[C@H]1O
3ZSI,1W84,Q16539,MAPK14,L12,c1ccc2c(CCc3ccncc3)c[nH]c2c1
3ZSI,3MVL,Q16539,MAPK14,38P,CCCNC(=O)c1cn2ncnc(Nc3cc(C(=O)NC4CC4)ccc3C)c2c1C
4DLJ,4F9W,Q16539,MAPK14,GG5 LM4 ZN ACT BME GOL,Fc1ccc(-c2n[nH]cc2-c2ccncc2)cc1 CN(C)c1cc(-c2ccncc2)c(-c2ccc3ccccc3c2)nn1 [Zn+2] CC(=O)[O-] OCCS OCC(O)CO
3LFE,3GCV,Q16539,MAPK14,SS6 BOG,Cc1cccc(-n2nc(C(C)(C)C)cc2NC(=O)Nc2cccc(Nc3ncnc4ccc(N)cc34)c2)c1 CCCCCCCCO[C@@H]1O[C@H](CO)[C@@H](O)[C@H](O)[C@H]1O
3HL7,2ZB1,Q16539,MAPK14,GOL GK4,OCC(O)CO Cc1nnc(-c2ccc(C)c(-c3ccc(C(=O)NCC4CC4)cc3)c2)o1
3FC1,3E92,Q16539,MAPK14,GOL G6A,OCC(O)CO Cc1nnc(-c2ccc(-c3cc(C(=O)NC4CC4)ccc3C)c(C)c2)o1
3NWW,2BAJ,Q16539,MAPK14,1PP,CC(C)(C)c1cc(NC(=O)Nc2cccc(Cl)c2Cl)n(-c2ccccc2)n1
3P7C,1W82,P47811,MAPK14,L10,CC(C)(C)c1cc(=NC(=O)Nc2ccc(Cl)cc2)n(-c2ccccc2)[nH]1
3IW5,2GHM,Q16539,MAPK14,LIC,COc1ccc(N(C(=O)NCc2ccccc2Cl)c2ccnc(N[C@@H](C)C(C)(C)O)n2)cc1
3P79,3E93,P47811,MAPK14,GOL 19B,OCC(O)CO Cc1ccc(C(=O)Nc2cccc(N3CCOCC3)c2)cc1-c1ccc2c(C3CCNCC3)noc2c1
3MPT,3LHJ,Q16539,MAPK14,LHJ,Cc1ccc(C(=O)NC2CC2)cc1-c1cc2cnn(-c3ccc(F)cc3F)c2n(C)c1=O
3LFA,1OUY,Q16539,MAPK14,094,O=C1NCc2nc(Sc3ccc(F)cc3F)c(C3=CCNCC3)cc2N1c1c(Cl)cccc1Cl
3FKO,2GTN,Q16539,MAPK14,SO4 LIE,O=S(=O)([O-])[O-] CC(C)n1c(Nc2ccccc2F)nc2cnc(Oc3c(F)cccc3F)nc21
3FKO,3ITZ,Q16539,MAPK14,P66,O=C(NC1CC1)c1ccc(Cl)c(Nc2nncc3c2cnn3-c2c(F)cccc2F)c1
3K3J,3KF7,Q16539,MAPK14,L9G,Cc1ccc(C(N)=O)cc1-c1nnc2ccc(CCc3ccc(F)cc3F)cn12
2GTN,1BL6,P47811,MAPK14,SB6,Fc1ccc(-c2ncn(CC3CC3)c2-c2ccncc2)cc1
3DT1,4EH6,Q16539,MAPK14,IRG 0ON,Nc1ccc2c(NC3CC3)nc(-c3ccccc3)nc2c1 O=C(Nc1ccccc1)c1cccnc1
4KIQ,4EH4,Q16539,MAPK14,IRG 0OL,Nc1ccc2c(NC3CC3)nc(-c3ccccc3)nc2c1 O=C(c1ccccc1)N1CCCCC1
4KIQ,4KIN,Q16539,MAPK14,1M8,Cc1ccc(C(=O)NC2CC2)cc1NC(=O)c1ccc(-c2ccccc2Cl)s1
3DS6,2BAK,Q16539,MAPK14,AQZ,COc1cc2ncnc(Nc3cc(NC(=O)c4ccnc(N5CCOCC5)c4)ccc3C)c2cc1OCCN1CCCC1
3FLY,2GHL,Q16539,MAPK14,LIB,COc1ccc(N(C(=O)Nc2ccccc2Cl)c2ccnc(N[C@@H](C)C(C)(C)O)n2)cc1
3P7B,3HVC,P47811,MAPK14,GG5,Fc1ccc(-c2n[nH]cc2-c2ccncc2)cc1
3P7B,3HUB,P47811,MAPK14,BOG 469,CCCCCCCCO[C@@H]1O[C@H](CO)[C@@H](O)[C@H](O)[C@H]1O C[C@@H]1CN(Cc2ccc(F)cc2)[C@@H](C)CN1C(=O)c1cc2c(C(=O)C(=O)N(C)C)cn(C)c2cc1Cl
3QUE,2PUU,Q16539,MAPK14,G2G,Cc1ccc(-[n+]2[nH]c(C(C)(C)C)cc2NC(=O)Nc2ccc(-c3ccc(CN4CCOCC4)nc3)c3ccccc23)cc1
1W7H,3IW7,Q16539,MAPK14,BOG IPK,CCCCCCCCO[C@@H]1O[C@H](CO)[C@@H](O)[C@H](O)[C@H]1O O=C(c1ccc(CSc2nc3ccncc3[nH]2)cc1)N1CCC(Cc2ccccc2)CC1
1W7H,3FL4,Q16539,MAPK14,FL4,Cc1ccccc1-c1n[nH]c2nc(Oc3ccc(F)cc3F)ncc12
3GCS,3P79,Q16539,MAPK14,P79 BOG,CC(C)(C)c1cc(NC(=O)Nc2ccc3ccccc3c2)n(CC(=O)N2CCS(=O)(=O)CC2)n1 CCCCCCCCO[C@@H]1O[C@H](CO)[C@@H](O)[C@H](O)[C@H]1O
3GCS,3P7B,Q16539,MAPK14,P7B BOG,CC(C)(C)c1cc(C(=O)N2CCNC(=O)CC2)c(NC(=O)Nc2cccc3ccccc23)s1 CCCCCCCCO[C@@H]1O[C@H](CO)[C@@H](O)[C@H](O)[C@H]1O
5N65,4EH5,Q16539,MAPK14,IRG 0OM,Nc1ccc2c(NC3CC3)nc(-c3ccccc3)nc2c1 O=C(OCc1ccccc1)c1cccnc1
5LAR,3P79,P47811,MAPK14,P79 BOG,CC(C)(C)c1cc(NC(=O)Nc2ccc3ccccc3c2)n(CC(=O)N2CCS(=O)(=O)CC2)n1 CCCCCCCCO[C@@H]1O[C@H](CO)[C@@H](O)[C@H](O)[C@H]1O
3RIN,3LHJ,Q16539,MAPK14,LHJ,Cc1ccc(C(=O)NC2CC2)cc1-c1cc2cnn(-c3ccc(F)cc3F)c2n(C)c1=O
3RIN,3HUB,Q16539,MAPK14,BOG 469,CCCCCCCCO[C@@H]1O[C@H](CO)[C@@H](O)[C@H](O)[C@H]1O C[C@@H]1CN(Cc2ccc(F)cc2)[C@@H](C)CN1C(=O)c1cc2c(C(=O)C(=O)N(C)C)cn(C)c2cc1Cl
3RIN,2ZB0,Q16539,MAPK14,GK3 GOL,Cc1nnc(-c2ccc(C)c(-c3ccc(C(=O)Nc4cccc(C#N)c4)cc3)c2)o1 OCC(O)CO
4KIP,2ZB1,Q16539,MAPK14,GOL GK4,OCC(O)CO Cc1nnc(-c2ccc(C)c(-c3ccc(C(=O)NCC4CC4)cc3)c2)o1
4EH7,3P7C,Q16539,MAPK14,P7C BOG,CN(C)CCN1CCN(C(=O)c2cc(C(C)(C)C)sc2NC(=O)Nc2cccc(Cl)c2Cl)CCC1=O CCCCCCCCO[C@@H]1O[C@H](CO)[C@@H](O)[C@H](O)[C@H]1O
4AA0,3MVM,Q16539,MAPK14,39P,CCCNC(=O)c1cn2ncnc(Nc3cc(C(=O)Nc4ccon4)ccc3C)c2c1C
1M7Q,1OVE,Q16539,MAPK14,GOL 358,OCC(O)CO O=C1CCc2c(-c3ccc(F)cc3F)cc(C3CCNCC3)cc2N1c1c(Cl)cccc1Cl
3ROC,1W84,Q16539,MAPK14,L12,c1ccc2c(CCc3ccncc3)c[nH]c2c1
3OCG,3K3I,Q16539,MAPK14,I46 JZJ,Fc1ccc(-c2c[nH]nc2-c2ccnc(F)c2)cc1 Brc1ccc(-c2c[nH]c([C@@H]3Cc4ccccc4CN3)n2)cc1
3OCG,3MPT,Q16539,MAPK14,GOL 1GK,OCC(O)CO Cc1ccccc1C(=O)c1c[nH]c(C(=O)NCc2ccco2)c1
2GFS,5MZ3,Q16539,MAPK14,8EN,CC(=O)Nc1cn2cc(-c3cc(NC(=O)c4cccc(C(F)(F)F)c4)ccc3C)ccc2n1
3O8T,1YWR,Q16539,MAPK14,LI9,C[C@H](Nc1nccc(-c2c(-c3ccc(F)cc3)c(=O)n(C3CCNCC3)n2C)n1)c1ccccc1
1OZ1,4EH2,Q16539,MAPK14,IRG 0OK,Nc1ccc2c(NC3CC3)nc(-c3ccccc3)nc2c1 O=c1c2ccccc2ncn1-c1ccccc1
1OZ1,4AA0,Q16539,MAPK14,AA0,Cc1ccc(NC(=O)c2ccnc(N3CCOCC3)c2)cc1-n1cnc2ccc(N3CCN(C)CC3)cc2c1=O
3FMN,3P7A,Q16539,MAPK14,P7A BOG,CC(C)(C)c1cc(NC(=O)Nc2cccc3ccccc23)c(N2CCS(=O)(=O)CC2)s1 CCCCCCCCO[C@@H]1O[C@H](CO)[C@@H](O)[C@H](O)[C@H]1O
2GHL,1W82,P47811,MAPK14,L10,CC(C)(C)c1cc(=NC(=O)Nc2ccc(Cl)cc2)n(-c2ccccc2)[nH]1
3NNV,5N66,Q16539,MAPK14,B96 BW1,Cc1ccc(-n2nc(C(C)(C)C)cc2NC(=O)Nc2ccc(OCCN3CCOCC3)c3ccccc23)cc1 Nc1ccc2c(NCc3cc(CC4CC4)co3)nc(-c3ccccc3)nc2c1
3ZYA,3LHJ,Q16539,MAPK14,LHJ,Cc1ccc(C(=O)NC2CC2)cc1-c1cc2cnn(-c3ccc(F)cc3F)c2n(C)c1=O
3ZYA,1OZ1,Q16539,MAPK14,FPH,On1c(-c2ccncc2)c(-c2ccc(F)cc2)c2ncccc21
4EH2,3FKO,Q16539,MAPK14,FKO,Fc1ccccc1Oc1ccc2c(-c3ccccc3Cl)[nH]nc2c1
3LFC,1BL7,Q16539,MAPK14,SB4,Nc1nccc(-c2c(-c3ccc(F)cc3)ncn2C2CCNCC2)n1
3HV5,4DLJ,Q16539,MAPK14,6RG,Nc1ccc2c(NCCc3ccccc3)nc(-c3ccccc3)nc2c1
3U8W,1YWR,Q16539,MAPK14,LI9,C[C@H](Nc1nccc(-c2c(-c3ccc(F)cc3)c(=O)n(C3CCNCC3)n2C)n1)c1ccccc1
5MTX,3MW1,Q16539,MAPK14,MIH,[O-][n+]1ccc2c(-c3ccc(F)cc3F)cc(C3CCNCC3)nc2c1-c1c(Cl)cccc1Cl
5TCO,3P7B,Q16539,MAPK14,P7B BOG,CC(C)(C)c1cc(C(=O)N2CCNC(=O)CC2)c(NC(=O)Nc2cccc3ccccc23)s1 CCCCCCCCO[C@@H]1O[C@H](CO)[C@@H](O)[C@H](O)[C@H]1O
5TCO,3QUD,Q16539,MAPK14,N3F BOG,Nc1ccccc1Nc1ccc(C(=O)c2ccccc2)cc1 CCCCCCCCO[C@@H]1O[C@H](CO)[C@@H](O)[C@H](O)[C@H]1O
3LHJ,3IW8,Q16539,MAPK14,BOG HIZ,CCCCCCCCO[C@@H]1O[C@H](CO)[C@@H](O)[C@H](O)[C@H]1O N[C@H](COCc1ccccc1)c1csc(NC(=O)Nc2ccc(F)c(Cl)c2)n1
3UVP,3FMK,Q16539,MAPK14,FMK,C[C@@H](Cn1ncnn1)Nc1ncc2cc(Oc3ccc(F)cc3F)c(=O)n(C)c2n1
3S4Q,1M7Q,Q16539,MAPK14,SO4 DQO,O=S(=O)([O-])[O-] O=C1NCc2c(-c3ccc(F)cc3F)cc(N3CCNCC3)cc2N1c1c(Cl)cccc1Cl
2BAL,3HV7,Q16539,MAPK14,1AU BOG,CC(C)(C)c1cc(NC(=O)Nc2cccc3ccccc23)n(-c2cccc(N)c2)n1 CCCCCCCCO[C@@H]1O[C@H](CO)[C@@H](O)[C@H](O)[C@H]1O
2BAL,3IW7,Q16539,MAPK14,BOG IPK,CCCCCCCCO[C@@H]1O[C@H](CO)[C@@H](O)[C@H](O)[C@H]1O O=C(c1ccc(CSc2nc3ccncc3[nH]2)cc1)N1CCC(Cc2ccccc2)CC1
3FLS,1BL7,Q16539,MAPK14,SB4,Nc1nccc(-c2c(-c3ccc(F)cc3)ncn2C2CCNCC2)n1
3HV4,3U8W,Q16539,MAPK14,09J,CCn1c(=O)c(-c2cc(C(=O)NC3CC3)ccc2C)cc2nnc(-c3c(F)cccc3Cl)n21
3HVC,3QUD,Q16539,MAPK14,N3F BOG,Nc1ccccc1Nc1ccc(C(=O)c2ccccc2)cc1 CCCCCCCCO[C@@H]1O[C@H](CO)[C@@H](O)[C@H](O)[C@H]1O
3BX5,4EH3,Q16539,MAPK14,NAR IRG,O=C1C[C@@H](c2ccc(O)cc2)Oc2cc(O)cc(O)c21 Nc1ccc2c(NC3CC3)nc(-c3ccccc3)nc2c1
3BX5,3C5U,Q16539,MAPK14,P41,CC(C)Nc1nc2ccc(-c3ocnc3-c3ccccc3F)cc2s1
1YQJ,3HUC,Q16539,MAPK14,BOG G97 MES,CCCCCCCCO[C@@H]1O[C@H](CO)[C@@H](O)[C@H](O)[C@H]1O C=CC(=O)Nc1ccc2c(Nc3cc[nH]n3)nc(-c3ccccc3)nc2c1 O=S(=O)([O-])CC[NH+]1CCOCC1
5BOT,830C,P45452,MMP13,ZN CA RS1,[Zn+2] [Ca+2] O=C(NO)C1(CS(=O)(=O)c2ccc(Oc3ccc(Cl)cc3)cc2)CCOCC1
5BOT,5UWL,P45452,MMP13,8OJ CA ZN,CNC(=O)[C@@H](NC(=O)c1ccc(-c2ccc(CSc3nc4c(c(=O)[nH]3)CCC4)cc2)o1)C(C)C [Ca+2] [Zn+2]
3ELM,2OW9,P45452,MMP13,ZN CA SO4 SP6 HAE,[Zn+2] [Ca+2] O=S(=O)([O-])[O-] O=C(OCc1ccccc1)c1cn2c(=O)n(Cc3ccccc3)c(=O)cc2s1 CC(=O)NO
3ELM,3KRY,P45452,MMP13,ZN CA 3KR,[Zn+2] [Ca+2] COCCN1CCC(C(=O)N=O)(S(=O)(=O)c2ccc(Oc3ccc(OC(F)(F)F)cc3)cc2)CC1
2PJT,5B5P,P45452,MMP13,ZN CA WNN,[Zn+2] [Ca+2] O=C(NCc1cccc(OCCSc2nc[nH]n2)c1)c1nc2ccccc2c(=O)[nH]1
830C,1FM1,P45452,MMP13,WAY CA ZN,COc1ccc(S(=O)(=O)N(Cc2cccnc2)c2c(C)cccc2C(=O)NO)cc1 [Ca+2] [Zn+2]
830C,5UWN,P45452,MMP13,SO4 8O7 CA ZN,O=S(=O)([O-])[O-] NCCNS(=O)(=O)c1ccc(-c2ccc(CSc3nc4c(c(=O)[nH]3)CCC4)cc2)cc1 [Ca+2] [Zn+2]
830C,1XUD,P45452,MMP13,PB4 CA ZN,Cc1cc(CNC(=O)c2cc(C(=O)NCc3ccc(F)c(C)c3)ncn2)ccc1F [Ca+2] [Zn+2]
1XUC,5B5P,P45452,MMP13,ZN CA WNN,[Zn+2] [Ca+2] O=C(NCc1cccc(OCCSc2nc[nH]n2)c1)c1nc2ccccc2c(=O)[nH]1
1XUC,3I7I,P45452,MMP13,518 CA ZN,CNC(=O)[C@@H](NC(=O)c1ccc(-c2ccc(NC(=O)c3cc4ccccc4o3)cc2)o1)C1CCCCC1 [Ca+2] [Zn+2]
1XUC,5BOY,P45452,MMP13,ZN CA 4UE,[Zn+2] [Ca+2] CCOC(=O)c1cc2cc(-c3cncn3C)ccc2[nH]1
1XUC,3WV2,P45452,MMP13,WGG NA CA ZN,COc1cccc(CNC(=O)c2nc3ccccc3c(=O)[nH]2)c1 [Na+] [Ca+2] [Zn+2]
1CXV,1XUC,P33435,MMP13,PB3 CA ZN,Cc1cccc(CNC(=O)c2cc(C(=O)NCc3cccc(C)c3)ncn2)c1 [Ca+2] [Zn+2]
1CXV,5UWL,P33435,MMP13,8OJ CA ZN,CNC(=O)[C@@H](NC(=O)c1ccc(-c2ccc(CSc3nc4c(c(=O)[nH]3)CCC4)cc2)o1)C(C)C [Ca+2] [Zn+2]
1CXV,4JPA,P33435,MMP13,AZ6 NA CA ZN,C[C@]1(CS(=O)(=O)N2CCN(c3ncc(OCc4cccc(C#N)c4)cn3)CC2)NC(=O)NC1=O [Na+] [Ca+2] [Zn+2]
1CXV,1ZTQ,P33435,MMP13,033 CA ZN,CC(C)[C@H](NS(=O)(=O)c1ccc(-c2ccc(NC(=O)c3cc4ccccc4o3)cc2)cc1)C(=O)O [Ca+2] [Zn+2]
1CXV,5B5O,P33435,MMP13,ZN CA NA EDO WMM,[Zn+2] [Ca+2] [Na+] OCCO c1ccc(Nc2nc(CSc3nnc[nH]3)cs2)cc1
3TVC,2PJT,P45452,MMP13,347 CA ZN,CC#CCNc1ccc(S(=O)(=O)CC2(C(=O)NO)CCN(C(=O)OC(C)(C)C)CC2)cc1 [Ca+2] [Zn+2]
3TVC,5BOT,P45452,MMP13,4UM ZN CA,CCOC(=O)c1cc2cc(C(N)=O)ccc2[nH]1 [Zn+2] [Ca+2]
3TVC,4JP4,P45452,MMP13,AZ4 NA CA ZN,O=CN(O)[C@@H](CCc1ncc(F)cn1)CS(=O)(=O)N1CCN(c2ncc(OCC(F)(F)F)cn2)CC1 [Na+] [Ca+2] [Zn+2]
1ZTQ,5BOY,P45452,MMP13,ZN CA 4UE,[Zn+2] [Ca+2] CCOC(=O)c1cc2cc(-c3cncn3C)ccc2[nH]1
3WV2,3TVC,P45452,MMP13,ZN CA E3P PEG,[Zn+2] [Ca+2] NC(=O)[C@H](CCC(=O)O)NC(=O)CCc1ccc(-c2ccc(-c3ccccc3)cc2)cc1 OCCOCCO
3WV2,3KEJ,P45452,MMP13,ZN CA 3EJ,[Zn+2] [Ca+2] O=C(O)c1ccc(Cn2nnc(-c3ccnc(C(=O)NCc4cccc(F)c4)c3)n2)cc1
3WV2,4JPA,P45452,MMP13,AZ6 NA CA ZN,C[C@]1(CS(=O)(=O)N2CCN(c3ncc(OCc4cccc(C#N)c4)cn3)CC2)NC(=O)NC1=O [Na+] [Ca+2] [Zn+2]
3WV2,5BOY,P45452,MMP13,ZN CA 4UE,[Zn+2] [Ca+2] CCOC(=O)c1cc2cc(-c3cncn3C)ccc2[nH]1
3WV2,4JP4,P45452,MMP13,AZ4 NA CA ZN,O=CN(O)[C@@H](CCc1ncc(F)cn1)CS(=O)(=O)N1CCN(c2ncc(OCC(F)(F)F)cn2)CC1 [Na+] [Ca+2] [Zn+2]
3WV2,1YOU,P45452,MMP13,PFD SO4 CA ZN,CCOCCC1(Oc2ccc(Oc3ccc(F)cc3)cc2)C(=O)NC(=O)NC1=O O=S(=O)([O-])[O-] [Ca+2] [Zn+2]
3LJZ,2D1N,P45452,MMP13,ZN CA FA4,[Zn+2] [Ca+2] N=C(N)NCc1ccccc1CCCCCCCCCC(=O)N[C@H](CCCCN)C(=O)NO
3LJZ,5BOT,P45452,MMP13,4UM ZN CA,CCOC(=O)c1cc2cc(C(N)=O)ccc2[nH]1 [Zn+2] [Ca+2]
5B5P,2OW9,P45452,MMP13,ZN CA SO4 SP6 HAE,[Zn+2] [Ca+2] O=S(=O)([O-])[O-] O=C(OCc1ccccc1)c1cn2c(=O)n(Cc3ccccc3)c(=O)cc2s1 CC(=O)NO
5B5P,5BPA,P45452,MMP13,ZN CA 4UF,[Zn+2] [Ca+2] CCOC(=O)c1cc2cc(-c3cc(C(=O)NCc4ccc(C(=O)O)cc4)nn3C)ccc2[nH]1
5B5P,5BOT,P45452,MMP13,4UM ZN CA,CCOC(=O)c1cc2cc(C(N)=O)ccc2[nH]1 [Zn+2] [Ca+2]
5B5P,3KRY,P45452,MMP13,ZN CA 3KR,[Zn+2] [Ca+2] COCCN1CCC(C(=O)N=O)(S(=O)(=O)c2ccc(Oc3ccc(OC(F)(F)F)cc3)cc2)CC1
5BPA,830C,P45452,MMP13,ZN CA RS1,[Zn+2] [Ca+2] O=C(NO)C1(CS(=O)(=O)c2ccc(Oc3ccc(Cl)cc3)cc2)CCOCC1
5BPA,5UWL,P45452,MMP13,8OJ CA ZN,CNC(=O)[C@@H](NC(=O)c1ccc(-c2ccc(CSc3nc4c(c(=O)[nH]3)CCC4)cc2)o1)C(C)C [Ca+2] [Zn+2]
5BPA,1YOU,P45452,MMP13,PFD SO4 CA ZN,CCOCCC1(Oc2ccc(Oc3ccc(F)cc3)cc2)C(=O)NC(=O)NC1=O O=S(=O)([O-])[O-] [Ca+2] [Zn+2]
2YIG,5BPA,P45452,MMP13,ZN CA 4UF,[Zn+2] [Ca+2] CCOC(=O)c1cc2cc(-c3cc(C(=O)NCc4ccc(C(=O)O)cc4)nn3C)ccc2[nH]1
2YIG,1XUR,P45452,MMP13,PB5 CA ZN,O=C(NCc1cccnc1)c1cc(C(=O)NCc2cccnc2)ncn1 [Ca+2] [Zn+2]
4JPA,5B5P,P45452,MMP13,ZN CA WNN,[Zn+2] [Ca+2] O=C(NCc1cccc(OCCSc2nc[nH]n2)c1)c1nc2ccccc2c(=O)[nH]1
4JPA,3TVC,P45452,MMP13,ZN CA E3P PEG,[Zn+2] [Ca+2] NC(=O)[C@H](CCC(=O)O)NC(=O)CCc1ccc(-c2ccc(-c3ccccc3)cc2)cc1 OCCOCCO
4JPA,5BPA,P45452,MMP13,ZN CA 4UF,[Zn+2] [Ca+2] CCOC(=O)c1cc2cc(-c3cc(C(=O)NCc4ccc(C(=O)O)cc4)nn3C)ccc2[nH]1
4JPA,5BOT,P45452,MMP13,4UM ZN CA,CCOC(=O)c1cc2cc(C(N)=O)ccc2[nH]1 [Zn+2] [Ca+2]
3I7I,5B5P,P45452,MMP13,ZN CA WNN,[Zn+2] [Ca+2] O=C(NCc1cccc(OCCSc2nc[nH]n2)c1)c1nc2ccccc2c(=O)[nH]1
3I7I,5UWK,P45452,MMP13,8OM CA ZN,CC(C)[C@H](NS(=O)(=O)c1ccc(-c2ccc(CSc3nc4c(c(=O)[nH]3)CCC4)cc2)cc1)C(=O)O [Ca+2] [Zn+2]
3I7I,1XUC,P45452,MMP13,PB3 CA ZN,Cc1cccc(CNC(=O)c2cc(C(=O)NCc3cccc(C)c3)ncn2)c1 [Ca+2] [Zn+2]
3I7I,5UWN,P45452,MMP13,SO4 8O7 CA ZN,O=S(=O)([O-])[O-] NCCNS(=O)(=O)c1ccc(-c2ccc(CSc3nc4c(c(=O)[nH]3)CCC4)cc2)cc1 [Ca+2] [Zn+2]
3I7I,4JPA,P45452,MMP13,AZ6 NA CA ZN,C[C@]1(CS(=O)(=O)N2CCN(c3ncc(OCc4cccc(C#N)c4)cn3)CC2)NC(=O)NC1=O [Na+] [Ca+2] [Zn+2]
3I7I,2OZR,P45452,MMP13,ZN CA GG1 HAE,[Zn+2] [Ca+2] Cn1c(=O)n(Cc2ccc(C(=O)O)cc2)c(=O)c2cc(C#CCc3ccccc3)ccc21 CC(=O)NO
3I7I,1XUR,P45452,MMP13,PB5 CA ZN,O=C(NCc1cccnc1)c1cc(C(=O)NCc2cccnc2)ncn1 [Ca+2] [Zn+2]
5BOY,1XUD,P45452,MMP13,PB4 CA ZN,Cc1cc(CNC(=O)c2cc(C(=O)NCc3ccc(F)c(C)c3)ncn2)ccc1F [Ca+2] [Zn+2]
5BOY,5B5O,P45452,MMP13,ZN CA NA EDO WMM,[Zn+2] [Ca+2] [Na+] OCCO c1ccc(Nc2nc(CSc3nnc[nH]3)cs2)cc1
5B5O,5B5P,P45452,MMP13,ZN CA WNN,[Zn+2] [Ca+2] O=C(NCc1cccc(OCCSc2nc[nH]n2)c1)c1nc2ccccc2c(=O)[nH]1
5B5O,1XUC,P45452,MMP13,PB3 CA ZN,Cc1cccc(CNC(=O)c2cc(C(=O)NCc3cccc(C)c3)ncn2)c1 [Ca+2] [Zn+2]
5B5O,830C,P45452,MMP13,ZN CA RS1,[Zn+2] [Ca+2] O=C(NO)C1(CS(=O)(=O)c2ccc(Oc3ccc(Cl)cc3)cc2)CCOCC1
5B5O,5BPA,P45452,MMP13,ZN CA 4UF,[Zn+2] [Ca+2] CCOC(=O)c1cc2cc(-c3cc(C(=O)NCc4ccc(C(=O)O)cc4)nn3C)ccc2[nH]1
5B5O,1YOU,P45452,MMP13,PFD SO4 CA ZN,CCOCCC1(Oc2ccc(Oc3ccc(F)cc3)cc2)C(=O)NC(=O)NC1=O O=S(=O)([O-])[O-] [Ca+2] [Zn+2]
456C,5UWN,P45452,MMP13,SO4 8O7 CA ZN,O=S(=O)([O-])[O-] NCCNS(=O)(=O)c1ccc(-c2ccc(CSc3nc4c(c(=O)[nH]3)CCC4)cc2)cc1 [Ca+2] [Zn+2]
456C,3TVC,P45452,MMP13,ZN CA E3P PEG,[Zn+2] [Ca+2] NC(=O)[C@H](CCC(=O)O)NC(=O)CCc1ccc(-c2ccc(-c3ccccc3)cc2)cc1 OCCOCCO
456C,5B5O,P45452,MMP13,ZN CA NA EDO WMM,[Zn+2] [Ca+2] [Na+] OCCO c1ccc(Nc2nc(CSc3nnc[nH]3)cs2)cc1
456C,1XUR,P45452,MMP13,PB5 CA ZN,O=C(NCc1cccnc1)c1cc(C(=O)NCc2cccnc2)ncn1 [Ca+2] [Zn+2]
2D1N,2OW9,P45452,MMP13,ZN CA SO4 SP6 HAE,[Zn+2] [Ca+2] O=S(=O)([O-])[O-] O=C(OCc1ccccc1)c1cn2c(=O)n(Cc3ccccc3)c(=O)cc2s1 CC(=O)NO
2D1N,3TVC,P45452,MMP13,ZN CA E3P PEG,[Zn+2] [Ca+2] NC(=O)[C@H](CCC(=O)O)NC(=O)CCc1ccc(-c2ccc(-c3ccccc3)cc2)cc1 OCCOCCO
2D1N,1ZTQ,P45452,MMP13,033 CA ZN,CC(C)[C@H](NS(=O)(=O)c1ccc(-c2ccc(NC(=O)c3cc4ccccc4o3)cc2)cc1)C(=O)O [Ca+2] [Zn+2]
2D1N,2OZR,P45452,MMP13,ZN CA GG1 HAE,[Zn+2] [Ca+2] Cn1c(=O)n(Cc2ccc(C(=O)O)cc2)c(=O)c2cc(C#CCc3ccccc3)ccc21 CC(=O)NO
2D1N,3WV2,P45452,MMP13,WGG NA CA ZN,COc1cccc(CNC(=O)c2nc3ccccc3c(=O)[nH]2)c1 [Na+] [Ca+2] [Zn+2]
1YOU,3ELM,P45452,MMP13,ZN CA 24F,[Zn+2] [Ca+2] CCOc1ccc(-c2ccc(S(=O)(=O)N[C@@H](C(=O)O)C3CCN(C(=O)OC(C)C)CC3)s2)cc1
5UWL,3I7I,P45452,MMP13,518 CA ZN,CNC(=O)[C@@H](NC(=O)c1ccc(-c2ccc(NC(=O)c3cc4ccccc4o3)cc2)o1)C1CCCCC1 [Ca+2] [Zn+2]
5UWL,2OW9,P45452,MMP13,ZN CA SO4 SP6 HAE,[Zn+2] [Ca+2] O=S(=O)([O-])[O-] O=C(OCc1ccccc1)c1cn2c(=O)n(Cc3ccccc3)c(=O)cc2s1 CC(=O)NO
5UWL,3ELM,P45452,MMP13,ZN CA 24F,[Zn+2] [Ca+2] CCOc1ccc(-c2ccc(S(=O)(=O)N[C@@H](C(=O)O)C3CCN(C(=O)OC(C)C)CC3)s2)cc1
1FM1,1XUC,P45452,MMP13,PB3 CA ZN,Cc1cccc(CNC(=O)c2cc(C(=O)NCc3cccc(C)c3)ncn2)c1 [Ca+2] [Zn+2]
1FM1,5UWN,P45452,MMP13,SO4 8O7 CA ZN,O=S(=O)([O-])[O-] NCCNS(=O)(=O)c1ccc(-c2ccc(CSc3nc4c(c(=O)[nH]3)CCC4)cc2)cc1 [Ca+2] [Zn+2]
1FM1,2D1N,P45452,MMP13,ZN CA FA4,[Zn+2] [Ca+2] N=C(N)NCc1ccccc1CCCCCCCCCC(=O)N[C@H](CCCCN)C(=O)NO
1FM1,4JP4,P45452,MMP13,AZ4 NA CA ZN,O=CN(O)[C@@H](CCc1ncc(F)cn1)CS(=O)(=O)N1CCN(c2ncc(OCC(F)(F)F)cn2)CC1 [Na+] [Ca+2] [Zn+2]
2OZR,5UWK,P45452,MMP13,8OM CA ZN,CC(C)[C@H](NS(=O)(=O)c1ccc(-c2ccc(CSc3nc4c(c(=O)[nH]3)CCC4)cc2)cc1)C(=O)O [Ca+2] [Zn+2]
2OZR,5UWL,P45452,MMP13,8OJ CA ZN,CNC(=O)[C@@H](NC(=O)c1ccc(-c2ccc(CSc3nc4c(c(=O)[nH]3)CCC4)cc2)o1)C(C)C [Ca+2] [Zn+2]
2OZR,2D1N,P45452,MMP13,ZN CA FA4,[Zn+2] [Ca+2] N=C(N)NCc1ccccc1CCCCCCCCCC(=O)N[C@H](CCCCN)C(=O)NO
1XUR,3LJZ,P45452,MMP13,CA ZN SO4 LA3 EPE,[Ca+2] [Zn+2] O=S(=O)([O-])[O-] O=C(C[C@@H](Cc1ccc(-c2ccc3c(c2)OCO3)cc1)C(=O)N[C@H]1c2ccccc2C[C@H]1O)NO O=S(=O)(O)CCN1CCN(CCO)CC1
1XUR,456C,P45452,MMP13,ZN CA CBP,[Zn+2] [Ca+2] O=C(CC1(S(=O)(=O)c2ccc(Oc3ccc(Cl)cc3)cc2)CCOCC1)NO
1XUR,5UWL,P45452,MMP13,8OJ CA ZN,CNC(=O)[C@@H](NC(=O)c1ccc(-c2ccc(CSc3nc4c(c(=O)[nH]3)CCC4)cc2)o1)C(C)C [Ca+2] [Zn+2]
2OW9,1XUC,P45452,MMP13,PB3 CA ZN,Cc1cccc(CNC(=O)c2cc(C(=O)NCc3cccc(C)c3)ncn2)c1 [Ca+2] [Zn+2]
2OW9,4JP4,P45452,MMP13,AZ4 NA CA ZN,O=CN(O)[C@@H](CCc1ncc(F)cn1)CS(=O)(=O)N1CCN(c2ncc(OCC(F)(F)F)cn2)CC1 [Na+] [Ca+2] [Zn+2]
2OW9,5B5O,P45452,MMP13,ZN CA NA EDO WMM,[Zn+2] [Ca+2] [Na+] OCCO c1ccc(Nc2nc(CSc3nnc[nH]3)cs2)cc1
3KRY,3I7I,P45452,MMP13,518 CA ZN,CNC(=O)[C@@H](NC(=O)c1ccc(-c2ccc(NC(=O)c3cc4ccccc4o3)cc2)o1)C1CCCCC1 [Ca+2] [Zn+2]
3KRY,1ZTQ,P45452,MMP13,033 CA ZN,CC(C)[C@H](NS(=O)(=O)c1ccc(-c2ccc(NC(=O)c3cc4ccccc4o3)cc2)cc1)C(=O)O [Ca+2] [Zn+2]
4JP4,5UWN,P45452,MMP13,SO4 8O7 CA ZN,O=S(=O)([O-])[O-] NCCNS(=O)(=O)c1ccc(-c2ccc(CSc3nc4c(c(=O)[nH]3)CCC4)cc2)cc1 [Ca+2] [Zn+2]
4JP4,5BPA,P45452,MMP13,ZN CA 4UF,[Zn+2] [Ca+2] CCOC(=O)c1cc2cc(-c3cc(C(=O)NCc4ccc(C(=O)O)cc4)nn3C)ccc2[nH]1
5UWK,3I7I,P45452,MMP13,518 CA ZN,CNC(=O)[C@@H](NC(=O)c1ccc(-c2ccc(NC(=O)c3cc4ccccc4o3)cc2)o1)C1CCCCC1 [Ca+2] [Zn+2]
5UWK,2PJT,P45452,MMP13,347 CA ZN,CC#CCNc1ccc(S(=O)(=O)CC2(C(=O)NO)CCN(C(=O)OC(C)(C)C)CC2)cc1 [Ca+2] [Zn+2]
5UWK,1ZTQ,P45452,MMP13,033 CA ZN,CC(C)[C@H](NS(=O)(=O)c1ccc(-c2ccc(NC(=O)c3cc4ccccc4o3)cc2)cc1)C(=O)O [Ca+2] [Zn+2]
5UWK,3KRY,P45452,MMP13,ZN CA 3KR,[Zn+2] [Ca+2] COCCN1CCC(C(=O)N=O)(S(=O)(=O)c2ccc(Oc3ccc(OC(F)(F)F)cc3)cc2)CC1
5UWK,1XUR,P45452,MMP13,PB5 CA ZN,O=C(NCc1cccnc1)c1cc(C(=O)NCc2cccnc2)ncn1 [Ca+2] [Zn+2]
1XUD,5B5P,P45452,MMP13,ZN CA WNN,[Zn+2] [Ca+2] O=C(NCc1cccc(OCCSc2nc[nH]n2)c1)c1nc2ccccc2c(=O)[nH]1
1XUD,2PJT,P45452,MMP13,347 CA ZN,CC#CCNc1ccc(S(=O)(=O)CC2(C(=O)NO)CCN(C(=O)OC(C)(C)C)CC2)cc1 [Ca+2] [Zn+2]
1XUD,3ELM,P45452,MMP13,ZN CA 24F,[Zn+2] [Ca+2] CCOc1ccc(-c2ccc(S(=O)(=O)N[C@@H](C(=O)O)C3CCN(C(=O)OC(C)C)CC3)s2)cc1
3KEK,830C,P45452,MMP13,ZN CA RS1,[Zn+2] [Ca+2] O=C(NO)C1(CS(=O)(=O)c2ccc(Oc3ccc(Cl)cc3)cc2)CCOCC1
3KEK,3KRY,P45452,MMP13,ZN CA 3KR,[Zn+2] [Ca+2] COCCN1CCC(C(=O)N=O)(S(=O)(=O)c2ccc(Oc3ccc(OC(F)(F)F)cc3)cc2)CC1
1FLS,3TVC,P45452,MMP13,ZN CA E3P PEG,[Zn+2] [Ca+2] NC(=O)[C@H](CCC(=O)O)NC(=O)CCc1ccc(-c2ccc(-c3ccccc3)cc2)cc1 OCCOCCO
5UWN,3ELM,P45452,MMP13,ZN CA 24F,[Zn+2] [Ca+2] CCOc1ccc(-c2ccc(S(=O)(=O)N[C@@H](C(=O)O)C3CCN(C(=O)OC(C)C)CC3)s2)cc1
5UWN,1YOU,P45452,MMP13,PFD SO4 CA ZN,CCOCCC1(Oc2ccc(Oc3ccc(F)cc3)cc2)C(=O)NC(=O)NC1=O O=S(=O)([O-])[O-] [Ca+2] [Zn+2]
5UWN,1XUR,P45452,MMP13,PB5 CA ZN,O=C(NCc1cccnc1)c1cc(C(=O)NCc2cccnc2)ncn1 [Ca+2] [Zn+2]
3ZLY,5EYM,Q02750,MAP2K1,5U5 CA,CCNC(=O)C#Cc1ccc2c(c1)NC(=O)/C2=C(/Nc1ccc(CN(C)C)cc1)c1ccccc1 [Ca+2]
3ZLY,3ZLW,Q02750,MAP2K1,MT8,C[C@@]1(O)CCN2C(=O)CCc3cccc1c32
3ZLY,3EQF,Q02750,MAP2K1,KSA MG CA NA,COC(=O)[C@@]1(O)C[C@H]2O[C@]1(C)n1c3ccccc3c3c4c(c5c6ccccc6n2c5c31)C(=O)NC4 [Mg+2] [Ca+2] [Na+]
3ZLY,3W8Q,Q02750,MAP2K1,AGS,Nc1ncnc2c1ncn2[C@@H]1O[C@H](COP(=O)(O)OP(=O)(O)OP(O)(O)=S)[C@@H](O)[C@H]1O
3ZLY,5KKR,Q02750,MAP2K1,6U7,COc1cc2ncnc(Nc3ccc(Oc4ccccc4)cc3C)c2cc1OC
3ZLY,5HZE,Q02750,MAP2K1,E62 MG,CNc1cc(O)c2c(c1)/C=C/C[C@H](O)[C@H](O)C(=O)CC[C@@H](C)[C@H](C)OC2=O [Mg+2]
3ZLY,3EQH,Q02750,MAP2K1,NA CA MG ADP 5BM,[Na+] [Ca+2] [Mg+2] Nc1ncnc2c1ncn2[C@@H]1O[C@H](CO[P@](=O)(O)OP(=O)(O)O)[C@@H](O)[C@H]1O N#CC(=C(/N)Sc1ccccc1N)/C(C#N)=C(\N)Sc1ccccc1N
3ZLY,3ZM4,Q02750,MAP2K1,22T,O=c1[nH]ccc2cc(O[C@H]3CCNC3)c(Cl)cc12
5HZE,5EYM,Q02750,MAP2K1,5U5 CA,CCNC(=O)C#Cc1ccc2c(c1)NC(=O)/C2=C(/Nc1ccc(CN(C)C)cc1)c1ccccc1 [Ca+2]
5HZE,3ZLW,Q02750,MAP2K1,MT8,C[C@@]1(O)CCN2C(=O)CCc3cccc1c32
5HZE,3EQF,Q02750,MAP2K1,KSA MG CA NA,COC(=O)[C@@]1(O)C[C@H]2O[C@]1(C)n1c3ccccc3c3c4c(c5c6ccccc6n2c5c31)C(=O)NC4 [Mg+2] [Ca+2] [Na+]
5HZE,3ZLY,Q02750,MAP2K1,YSO NA,N#Cc1cccc2[nH]nc(N)c12 [Na+]
5HZE,3W8Q,Q02750,MAP2K1,AGS,Nc1ncnc2c1ncn2[C@@H]1O[C@H](COP(=O)(O)OP(=O)(O)OP(O)(O)=S)[C@@H](O)[C@H]1O
5HZE,3ZLS,Q02750,MAP2K1,92P NA,COC(=O)c1c[nH]c2ncccc12 [Na+]
5HZE,5KKR,Q02750,MAP2K1,6U7,COc1cc2ncnc(Nc3ccc(Oc4ccccc4)cc3C)c2cc1OC
5HZE,3EQH,Q02750,MAP2K1,NA CA MG ADP 5BM,[Na+] [Ca+2] [Mg+2] Nc1ncnc2c1ncn2[C@@H]1O[C@H](CO[P@](=O)(O)OP(=O)(O)O)[C@@H](O)[C@H]1O N#CC(=C(/N)Sc1ccccc1N)/C(C#N)=C(\N)Sc1ccccc1N
5HZE,3ZM4,Q02750,MAP2K1,22T,O=c1[nH]ccc2cc(O[C@H]3CCNC3)c(Cl)cc12
3EQF,5EYM,Q02750,MAP2K1,5U5 CA,CCNC(=O)C#Cc1ccc2c(c1)NC(=O)/C2=C(/Nc1ccc(CN(C)C)cc1)c1ccccc1 [Ca+2]
3EQF,4ARK,Q02750,MAP2K1,ADP MG M3K,Nc1ncnc2c1ncn2[C@@H]1O[C@H](CO[P@](=O)(O)OP(=O)(O)O)[C@@H](O)[C@H]1O [Mg+2] NC(=O)c1c(Nc2ccc(I)cc2F)cc(F)cc1OCC[C@@H](O)CO
3EQF,3ZLY,Q02750,MAP2K1,YSO NA,N#Cc1cccc2[nH]nc(N)c12 [Na+]
3EQF,3W8Q,Q02750,MAP2K1,AGS,Nc1ncnc2c1ncn2[C@@H]1O[C@H](COP(=O)(O)OP(=O)(O)OP(O)(O)=S)[C@@H](O)[C@H]1O
3EQF,5KKR,Q02750,MAP2K1,6U7,COc1cc2ncnc(Nc3ccc(Oc4ccccc4)cc3C)c2cc1OC
3EQF,5HZE,Q02750,MAP2K1,E62 MG,CNc1cc(O)c2c(c1)/C=C/C[C@H](O)[C@H](O)C(=O)CC[C@@H](C)[C@H](C)OC2=O [Mg+2]
3EQF,3EQH,Q02750,MAP2K1,NA CA MG ADP 5BM,[Na+] [Ca+2] [Mg+2] Nc1ncnc2c1ncn2[C@@H]1O[C@H](CO[P@](=O)(O)OP(=O)(O)O)[C@@H](O)[C@H]1O N#CC(=C(/N)Sc1ccccc1N)/C(C#N)=C(\N)Sc1ccccc1N
3EQF,3ZM4,Q02750,MAP2K1,22T,O=c1[nH]ccc2cc(O[C@H]3CCNC3)c(Cl)cc12
5KKR,5EYM,Q6VAB6,KSR2,5U5 CA,CCNC(=O)C#Cc1ccc2c(c1)NC(=O)/C2=C(/Nc1ccc(CN(C)C)cc1)c1ccccc1 [Ca+2]
5KKR,3ZLW,Q6VAB6,KSR2,MT8,C[C@@]1(O)CCN2C(=O)CCc3cccc1c32
5KKR,3EQF,Q6VAB6,KSR2,KSA MG CA NA,COC(=O)[C@@]1(O)C[C@H]2O[C@]1(C)n1c3ccccc3c3c4c(c5c6ccccc6n2c5c31)C(=O)NC4 [Mg+2] [Ca+2] [Na+]
5KKR,4ARK,Q6VAB6,KSR2,ADP MG M3K,Nc1ncnc2c1ncn2[C@@H]1O[C@H](CO[P@](=O)(O)OP(=O)(O)O)[C@@H](O)[C@H]1O [Mg+2] NC(=O)c1c(Nc2ccc(I)cc2F)cc(F)cc1OCC[C@@H](O)CO
5KKR,3ZLY,Q6VAB6,KSR2,YSO NA,N#Cc1cccc2[nH]nc(N)c12 [Na+]
5KKR,3ZLS,Q6VAB6,KSR2,92P NA,COC(=O)c1c[nH]c2ncccc12 [Na+]
5KKR,5HZE,Q6VAB6,KSR2,E62 MG,CNc1cc(O)c2c(c1)/C=C/C[C@H](O)[C@H](O)C(=O)CC[C@@H](C)[C@H](C)OC2=O [Mg+2]
5KKR,3EQH,Q6VAB6,KSR2,NA CA MG ADP 5BM,[Na+] [Ca+2] [Mg+2] Nc1ncnc2c1ncn2[C@@H]1O[C@H](CO[P@](=O)(O)OP(=O)(O)O)[C@@H](O)[C@H]1O N#CC(=C(/N)Sc1ccccc1N)/C(C#N)=C(\N)Sc1ccccc1N
3ZLS,5EYM,Q02750,MAP2K1,5U5 CA,CCNC(=O)C#Cc1ccc2c(c1)NC(=O)/C2=C(/Nc1ccc(CN(C)C)cc1)c1ccccc1 [Ca+2]
3ZLS,3EQF,Q02750,MAP2K1,KSA MG CA NA,COC(=O)[C@@]1(O)C[C@H]2O[C@]1(C)n1c3ccccc3c3c4c(c5c6ccccc6n2c5c31)C(=O)NC4 [Mg+2] [Ca+2] [Na+]
3ZLS,4ARK,Q02750,MAP2K1,ADP MG M3K,Nc1ncnc2c1ncn2[C@@H]1O[C@H](CO[P@](=O)(O)OP(=O)(O)O)[C@@H](O)[C@H]1O [Mg+2] NC(=O)c1c(Nc2ccc(I)cc2F)cc(F)cc1OCC[C@@H](O)CO
3ZLS,3ZLY,Q02750,MAP2K1,YSO NA,N#Cc1cccc2[nH]nc(N)c12 [Na+]
3ZLS,3W8Q,Q02750,MAP2K1,AGS,Nc1ncnc2c1ncn2[C@@H]1O[C@H](COP(=O)(O)OP(=O)(O)OP(O)(O)=S)[C@@H](O)[C@H]1O
3ZLS,5KKR,Q02750,MAP2K1,6U7,COc1cc2ncnc(Nc3ccc(Oc4ccccc4)cc3C)c2cc1OC
3ZLS,5HZE,Q02750,MAP2K1,E62 MG,CNc1cc(O)c2c(c1)/C=C/C[C@H](O)[C@H](O)C(=O)CC[C@@H](C)[C@H](C)OC2=O [Mg+2]
3ZLS,3EQH,Q02750,MAP2K1,NA CA MG ADP 5BM,[Na+] [Ca+2] [Mg+2] Nc1ncnc2c1ncn2[C@@H]1O[C@H](CO[P@](=O)(O)OP(=O)(O)O)[C@@H](O)[C@H]1O N#CC(=C(/N)Sc1ccccc1N)/C(C#N)=C(\N)Sc1ccccc1N
3ZLS,3ZM4,Q02750,MAP2K1,22T,O=c1[nH]ccc2cc(O[C@H]3CCNC3)c(Cl)cc12
4ARK,5EYM,Q02750,MAP2K1,5U5 CA,CCNC(=O)C#Cc1ccc2c(c1)NC(=O)/C2=C(/Nc1ccc(CN(C)C)cc1)c1ccccc1 [Ca+2]
4ARK,3ZLW,Q02750,MAP2K1,MT8,C[C@@]1(O)CCN2C(=O)CCc3cccc1c32
4ARK,3EQF,Q02750,MAP2K1,KSA MG CA NA,COC(=O)[C@@]1(O)C[C@H]2O[C@]1(C)n1c3ccccc3c3c4c(c5c6ccccc6n2c5c31)C(=O)NC4 [Mg+2] [Ca+2] [Na+]
4ARK,3ZLY,Q02750,MAP2K1,YSO NA,N#Cc1cccc2[nH]nc(N)c12 [Na+]
4ARK,3W8Q,Q02750,MAP2K1,AGS,Nc1ncnc2c1ncn2[C@@H]1O[C@H](COP(=O)(O)OP(=O)(O)OP(O)(O)=S)[C@@H](O)[C@H]1O
4ARK,3ZLS,Q02750,MAP2K1,92P NA,COC(=O)c1c[nH]c2ncccc12 [Na+]
4ARK,5KKR,Q02750,MAP2K1,6U7,COc1cc2ncnc(Nc3ccc(Oc4ccccc4)cc3C)c2cc1OC
4ARK,5HZE,Q02750,MAP2K1,E62 MG,CNc1cc(O)c2c(c1)/C=C/C[C@H](O)[C@H](O)C(=O)CC[C@@H](C)[C@H](C)OC2=O [Mg+2]
4ARK,3EQH,Q02750,MAP2K1,NA CA MG ADP 5BM,[Na+] [Ca+2] [Mg+2] Nc1ncnc2c1ncn2[C@@H]1O[C@H](CO[P@](=O)(O)OP(=O)(O)O)[C@@H](O)[C@H]1O N#CC(=C(/N)Sc1ccccc1N)/C(C#N)=C(\N)Sc1ccccc1N
4ARK,3ZM4,Q02750,MAP2K1,22T,O=c1[nH]ccc2cc(O[C@H]3CCNC3)c(Cl)cc12
3ZM4,5EYM,Q02750,MAP2K1,5U5 CA,CCNC(=O)C#Cc1ccc2c(c1)NC(=O)/C2=C(/Nc1ccc(CN(C)C)cc1)c1ccccc1 [Ca+2]
3ZM4,3ZLW,Q02750,MAP2K1,MT8,C[C@@]1(O)CCN2C(=O)CCc3cccc1c32
3ZM4,4ARK,Q02750,MAP2K1,ADP MG M3K,Nc1ncnc2c1ncn2[C@@H]1O[C@H](CO[P@](=O)(O)OP(=O)(O)O)[C@@H](O)[C@H]1O [Mg+2] NC(=O)c1c(Nc2ccc(I)cc2F)cc(F)cc1OCC[C@@H](O)CO
3ZM4,3ZLY,Q02750,MAP2K1,YSO NA,N#Cc1cccc2[nH]nc(N)c12 [Na+]
3ZM4,3W8Q,Q02750,MAP2K1,AGS,Nc1ncnc2c1ncn2[C@@H]1O[C@H](COP(=O)(O)OP(=O)(O)OP(O)(O)=S)[C@@H](O)[C@H]1O
3ZM4,3ZLS,Q02750,MAP2K1,92P NA,COC(=O)c1c[nH]c2ncccc12 [Na+]
3ZM4,5KKR,Q02750,MAP2K1,6U7,COc1cc2ncnc(Nc3ccc(Oc4ccccc4)cc3C)c2cc1OC
3ZM4,5HZE,Q02750,MAP2K1,E62 MG,CNc1cc(O)c2c(c1)/C=C/C[C@H](O)[C@H](O)C(=O)CC[C@@H](C)[C@H](C)OC2=O [Mg+2]
3ZM4,3EQH,Q02750,MAP2K1,NA CA MG ADP 5BM,[Na+] [Ca+2] [Mg+2] Nc1ncnc2c1ncn2[C@@H]1O[C@H](CO[P@](=O)(O)OP(=O)(O)O)[C@@H](O)[C@H]1O N#CC(=C(/N)Sc1ccccc1N)/C(C#N)=C(\N)Sc1ccccc1N
3ZLW,5EYM,Q02750,MAP2K1,5U5 CA,CCNC(=O)C#Cc1ccc2c(c1)NC(=O)/C2=C(/Nc1ccc(CN(C)C)cc1)c1ccccc1 [Ca+2]
3ZLW,3EQF,Q02750,MAP2K1,KSA MG CA NA,COC(=O)[C@@]1(O)C[C@H]2O[C@]1(C)n1c3ccccc3c3c4c(c5c6ccccc6n2c5c31)C(=O)NC4 [Mg+2] [Ca+2] [Na+]
3ZLW,4ARK,Q02750,MAP2K1,ADP MG M3K,Nc1ncnc2c1ncn2[C@@H]1O[C@H](CO[P@](=O)(O)OP(=O)(O)O)[C@@H](O)[C@H]1O [Mg+2] NC(=O)c1c(Nc2ccc(I)cc2F)cc(F)cc1OCC[C@@H](O)CO
3ZLW,3ZLY,Q02750,MAP2K1,YSO NA,N#Cc1cccc2[nH]nc(N)c12 [Na+]
3ZLW,3W8Q,Q02750,MAP2K1,AGS,Nc1ncnc2c1ncn2[C@@H]1O[C@H](COP(=O)(O)OP(=O)(O)OP(O)(O)=S)[C@@H](O)[C@H]1O
3ZLW,3ZLS,Q02750,MAP2K1,92P NA,COC(=O)c1c[nH]c2ncccc12 [Na+]
3ZLW,5KKR,Q02750,MAP2K1,6U7,COc1cc2ncnc(Nc3ccc(Oc4ccccc4)cc3C)c2cc1OC
3ZLW,5HZE,Q02750,MAP2K1,E62 MG,CNc1cc(O)c2c(c1)/C=C/C[C@H](O)[C@H](O)C(=O)CC[C@@H](C)[C@H](C)OC2=O [Mg+2]
3ZLW,3EQH,Q02750,MAP2K1,NA CA MG ADP 5BM,[Na+] [Ca+2] [Mg+2] Nc1ncnc2c1ncn2[C@@H]1O[C@H](CO[P@](=O)(O)OP(=O)(O)O)[C@@H](O)[C@H]1O N#CC(=C(/N)Sc1ccccc1N)/C(C#N)=C(\N)Sc1ccccc1N
3ZLW,3ZM4,Q02750,MAP2K1,22T,O=c1[nH]ccc2cc(O[C@H]3CCNC3)c(Cl)cc12
3W8Q,5EYM,Q02750,MAP2K1,5U5 CA,CCNC(=O)C#Cc1ccc2c(c1)NC(=O)/C2=C(/Nc1ccc(CN(C)C)cc1)c1ccccc1 [Ca+2]
3W8Q,3ZLW,Q02750,MAP2K1,MT8,C[C@@]1(O)CCN2C(=O)CCc3cccc1c32
3W8Q,3EQF,Q02750,MAP2K1,KSA MG CA NA,COC(=O)[C@@]1(O)C[C@H]2O[C@]1(C)n1c3ccccc3c3c4c(c5c6ccccc6n2c5c31)C(=O)NC4 [Mg+2] [Ca+2] [Na+]
3W8Q,4ARK,Q02750,MAP2K1,ADP MG M3K,Nc1ncnc2c1ncn2[C@@H]1O[C@H](CO[P@](=O)(O)OP(=O)(O)O)[C@@H](O)[C@H]1O [Mg+2] NC(=O)c1c(Nc2ccc(I)cc2F)cc(F)cc1OCC[C@@H](O)CO
3W8Q,3ZLY,Q02750,MAP2K1,YSO NA,N#Cc1cccc2[nH]nc(N)c12 [Na+]
3W8Q,3ZLS,Q02750,MAP2K1,92P NA,COC(=O)c1c[nH]c2ncccc12 [Na+]
3W8Q,5KKR,Q02750,MAP2K1,6U7,COc1cc2ncnc(Nc3ccc(Oc4ccccc4)cc3C)c2cc1OC
3W8Q,5HZE,Q02750,MAP2K1,E62 MG,CNc1cc(O)c2c(c1)/C=C/C[C@H](O)[C@H](O)C(=O)CC[C@@H](C)[C@H](C)OC2=O [Mg+2]
3W8Q,3EQH,Q02750,MAP2K1,NA CA MG ADP 5BM,[Na+] [Ca+2] [Mg+2] Nc1ncnc2c1ncn2[C@@H]1O[C@H](CO[P@](=O)(O)OP(=O)(O)O)[C@@H](O)[C@H]1O N#CC(=C(/N)Sc1ccccc1N)/C(C#N)=C(\N)Sc1ccccc1N
3W8Q,3ZM4,Q02750,MAP2K1,22T,O=c1[nH]ccc2cc(O[C@H]3CCNC3)c(Cl)cc12
5EYM,3ZLW,Q02750,MAP2K1,MT8,C[C@@]1(O)CCN2C(=O)CCc3cccc1c32
5EYM,3EQF,Q02750,MAP2K1,KSA MG CA NA,COC(=O)[C@@]1(O)C[C@H]2O[C@]1(C)n1c3ccccc3c3c4c(c5c6ccccc6n2c5c31)C(=O)NC4 [Mg+2] [Ca+2] [Na+]
5EYM,3ZLY,Q02750,MAP2K1,YSO NA,N#Cc1cccc2[nH]nc(N)c12 [Na+]
5EYM,3W8Q,Q02750,MAP2K1,AGS,Nc1ncnc2c1ncn2[C@@H]1O[C@H](COP(=O)(O)OP(=O)(O)OP(O)(O)=S)[C@@H](O)[C@H]1O
5EYM,3ZLS,Q02750,MAP2K1,92P NA,COC(=O)c1c[nH]c2ncccc12 [Na+]
5EYM,5KKR,Q02750,MAP2K1,6U7,COc1cc2ncnc(Nc3ccc(Oc4ccccc4)cc3C)c2cc1OC
5EYM,5HZE,Q02750,MAP2K1,E62 MG,CNc1cc(O)c2c(c1)/C=C/C[C@H](O)[C@H](O)C(=O)CC[C@@H](C)[C@H](C)OC2=O [Mg+2]
5EYM,3EQH,Q02750,MAP2K1,NA CA MG ADP 5BM,[Na+] [Ca+2] [Mg+2] Nc1ncnc2c1ncn2[C@@H]1O[C@H](CO[P@](=O)(O)OP(=O)(O)O)[C@@H](O)[C@H]1O N#CC(=C(/N)Sc1ccccc1N)/C(C#N)=C(\N)Sc1ccccc1N
5EYM,3ZM4,Q02750,MAP2K1,22T,O=c1[nH]ccc2cc(O[C@H]3CCNC3)c(Cl)cc12
3EQH,5EYM,Q02750,MAP2K1,5U5 CA,CCNC(=O)C#Cc1ccc2c(c1)NC(=O)/C2=C(/Nc1ccc(CN(C)C)cc1)c1ccccc1 [Ca+2]
3EQH,3ZLW,Q02750,MAP2K1,MT8,C[C@@]1(O)CCN2C(=O)CCc3cccc1c32
3EQH,3EQF,Q02750,MAP2K1,KSA MG CA NA,COC(=O)[C@@]1(O)C[C@H]2O[C@]1(C)n1c3ccccc3c3c4c(c5c6ccccc6n2c5c31)C(=O)NC4 [Mg+2] [Ca+2] [Na+]
3EQH,4ARK,Q02750,MAP2K1,ADP MG M3K,Nc1ncnc2c1ncn2[C@@H]1O[C@H](CO[P@](=O)(O)OP(=O)(O)O)[C@@H](O)[C@H]1O [Mg+2] NC(=O)c1c(Nc2ccc(I)cc2F)cc(F)cc1OCC[C@@H](O)CO
3EQH,3ZLY,Q02750,MAP2K1,YSO NA,N#Cc1cccc2[nH]nc(N)c12 [Na+]
3EQH,3W8Q,Q02750,MAP2K1,AGS,Nc1ncnc2c1ncn2[C@@H]1O[C@H](COP(=O)(O)OP(=O)(O)OP(O)(O)=S)[C@@H](O)[C@H]1O
3EQH,3ZLS,Q02750,MAP2K1,92P NA,COC(=O)c1c[nH]c2ncccc12 [Na+]
3EQH,5KKR,Q02750,MAP2K1,6U7,COc1cc2ncnc(Nc3ccc(Oc4ccccc4)cc3C)c2cc1OC
3EQH,5HZE,Q02750,MAP2K1,E62 MG,CNc1cc(O)c2c(c1)/C=C/C[C@H](O)[C@H](O)C(=O)CC[C@@H](C)[C@H](C)OC2=O [Mg+2]
3EQH,3ZM4,Q02750,MAP2K1,22T,O=c1[nH]ccc2cc(O[C@H]3CCNC3)c(Cl)cc12
1B9T,1A4G,P03474,NA,NAG CA ZMR,CC(=O)N[C@@H]1[C@@H](O)[C@H](O)[C@@H](CO)O[C@H]1O [Ca+2] CC(=O)N[C@H]1[C@H]([C@H](O)[C@H](O)CO)OC(C(=O)O)=C[C@@H]1NC(=N)N
1B9T,1NSC,P03474,NA,NAG SIA CA,CC(=O)N[C@@H]1[C@@H](O)[C@H](O)[C@@H](CO)O[C@H]1O CC(=O)N[C@H]1[C@H]([C@H](O)[C@H](O)CO)O[C@@](O)(C(=O)O)C[C@@H]1O [Ca+2]
1B9T,1INF,P03474,NA,NAG CA ST4,CC(=O)N[C@@H]1[C@@H](O)[C@H](O)[C@@H](CO)O[C@H]1O [Ca+2] CC(=O)Nc1ccc(C(=O)O)cc1NC(N)N
1B9T,1INV,P03474,NA,NAG CA EQP,CC(=O)N[C@@H]1[C@@H](O)[C@H](O)[C@@H](CO)O[C@H]1O [Ca+2] CC(=O)N[C@H]1[C@H]([C@H](O)[C@H](O)CO)O[C@H](P(=O)(O)O)C[C@@H]1O
1B9T,3K37,P03474,NA,CA BCZ,[Ca+2] CCC(CC)[C@H](NC(C)=O)[C@@H]1[C@H](O)[C@@H](C(=O)O)C[C@H]1NC(=N)N
1B9T,1IVB,P03474,NA,NAG CA ST1,CC(=O)N[C@@H]1[C@@H](O)[C@H](O)[C@@H](CO)O[C@H]1O [Ca+2] CC(=O)Nc1c(O)cc(C(=O)O)cc1[N+](=O)[O-]
1B9T,1VCJ,P03474,NA,IBA,CCC(CC)Nc1cc(C(=O)O)ccc1N1C(=O)CC[C@@]1(CN)CO
1B9T,1NSD,P03474,NA,NAG CA DAN,CC(=O)N[C@@H]1[C@@H](O)[C@H](O)[C@@H](CO)O[C@H]1O [Ca+2] CC(=O)N[C@H]1[C@H]([C@H](O)[C@H](O)CO)OC(C(=O)O)=C[C@@H]1O
1B9T,1B9V,P03474,NA,NAG CA RA2,CC(=O)N[C@@H]1[C@@H](O)[C@H](O)[C@@H](CO)O[C@H]1O [Ca+2] CCC(CC)Nc1cc(C(=O)O)ccc1N1C(=O)CCC1(CO)CO
1A4G,1INF,P27907,NA,NAG CA ST4,CC(=O)N[C@@H]1[C@@H](O)[C@H](O)[C@@H](CO)O[C@H]1O [Ca+2] CC(=O)Nc1ccc(C(=O)O)cc1NC(N)N
1A4G,1INV,P27907,NA,NAG CA EQP,CC(=O)N[C@@H]1[C@@H](O)[C@H](O)[C@@H](CO)O[C@H]1O [Ca+2] CC(=O)N[C@H]1[C@H]([C@H](O)[C@H](O)CO)O[C@H](P(=O)(O)O)C[C@@H]1O
1A4G,1IVB,P27907,NA,NAG CA ST1,CC(=O)N[C@@H]1[C@@H](O)[C@H](O)[C@@H](CO)O[C@H]1O [Ca+2] CC(=O)Nc1c(O)cc(C(=O)O)cc1[N+](=O)[O-]
1A4G,1VCJ,P27907,NA,IBA,CCC(CC)Nc1cc(C(=O)O)ccc1N1C(=O)CC[C@@]1(CN)CO
1A4G,1B9T,P27907,NA,NAG CA RAI,CC(=O)N[C@@H]1[C@@H](O)[C@H](O)[C@@H](CO)O[C@H]1O [Ca+2] N=C(N)Nc1cc(C(=O)O)ccc1N1C(=O)CCC1(CO)CO
1A4G,1A4Q,P27907,NA,NAG CA DPC,CC(=O)N[C@@H]1[C@@H](O)[C@H](O)[C@@H](CO)O[C@H]1O [Ca+2] CCCN(CCc1ccccc1)C(=O)[C@@H]1OC(C(=O)O)=C[C@H](N)[C@H]1NC(C)=O
1A4G,1NSD,P27907,NA,NAG CA DAN,CC(=O)N[C@@H]1[C@@H](O)[C@H](O)[C@@H](CO)O[C@H]1O [Ca+2] CC(=O)N[C@H]1[C@H]([C@H](O)[C@H](O)CO)OC(C(=O)O)=C[C@@H]1O
1A4G,1B9V,P27907,NA,NAG CA RA2,CC(=O)N[C@@H]1[C@@H](O)[C@H](O)[C@@H](CO)O[C@H]1O [Ca+2] CCC(CC)Nc1cc(C(=O)O)ccc1N1C(=O)CCC1(CO)CO
1IVB,1A4G,P03474,NA,NAG CA ZMR,CC(=O)N[C@@H]1[C@@H](O)[C@H](O)[C@@H](CO)O[C@H]1O [Ca+2] CC(=O)N[C@H]1[C@H]([C@H](O)[C@H](O)CO)OC(C(=O)O)=C[C@@H]1NC(=N)N
1IVB,1NSC,P03474,NA,NAG SIA CA,CC(=O)N[C@@H]1[C@@H](O)[C@H](O)[C@@H](CO)O[C@H]1O CC(=O)N[C@H]1[C@H]([C@H](O)[C@H](O)CO)O[C@@](O)(C(=O)O)C[C@@H]1O [Ca+2]
1IVB,1INF,P03474,NA,NAG CA ST4,CC(=O)N[C@@H]1[C@@H](O)[C@H](O)[C@@H](CO)O[C@H]1O [Ca+2] CC(=O)Nc1ccc(C(=O)O)cc1NC(N)N
1IVB,1INV,P03474,NA,NAG CA EQP,CC(=O)N[C@@H]1[C@@H](O)[C@H](O)[C@@H](CO)O[C@H]1O [Ca+2] CC(=O)N[C@H]1[C@H]([C@H](O)[C@H](O)CO)O[C@H](P(=O)(O)O)C[C@@H]1O
1IVB,3K37,P03474,NA,CA BCZ,[Ca+2] CCC(CC)[C@H](NC(C)=O)[C@@H]1[C@H](O)[C@@H](C(=O)O)C[C@H]1NC(=N)N
1IVB,1VCJ,P03474,NA,IBA,CCC(CC)Nc1cc(C(=O)O)ccc1N1C(=O)CC[C@@]1(CN)CO
1IVB,1B9T,P03474,NA,NAG CA RAI,CC(=O)N[C@@H]1[C@@H](O)[C@H](O)[C@@H](CO)O[C@H]1O [Ca+2] N=C(N)Nc1cc(C(=O)O)ccc1N1C(=O)CCC1(CO)CO
1IVB,1A4Q,P03474,NA,NAG CA DPC,CC(=O)N[C@@H]1[C@@H](O)[C@H](O)[C@@H](CO)O[C@H]1O [Ca+2] CCCN(CCc1ccccc1)C(=O)[C@@H]1OC(C(=O)O)=C[C@H](N)[C@H]1NC(C)=O
1INF,1A4G,P03474,NA,NAG CA ZMR,CC(=O)N[C@@H]1[C@@H](O)[C@H](O)[C@@H](CO)O[C@H]1O [Ca+2] CC(=O)N[C@H]1[C@H]([C@H](O)[C@H](O)CO)OC(C(=O)O)=C[C@@H]1NC(=N)N
1INF,1NSC,P03474,NA,NAG SIA CA,CC(=O)N[C@@H]1[C@@H](O)[C@H](O)[C@@H](CO)O[C@H]1O CC(=O)N[C@H]1[C@H]([C@H](O)[C@H](O)CO)O[C@@](O)(C(=O)O)C[C@@H]1O [Ca+2]
1INF,1INV,P03474,NA,NAG CA EQP,CC(=O)N[C@@H]1[C@@H](O)[C@H](O)[C@@H](CO)O[C@H]1O [Ca+2] CC(=O)N[C@H]1[C@H]([C@H](O)[C@H](O)CO)O[C@H](P(=O)(O)O)C[C@@H]1O
1INF,3K37,P03474,NA,CA BCZ,[Ca+2] CCC(CC)[C@H](NC(C)=O)[C@@H]1[C@H](O)[C@@H](C(=O)O)C[C@H]1NC(=N)N
1INF,1IVB,P03474,NA,NAG CA ST1,CC(=O)N[C@@H]1[C@@H](O)[C@H](O)[C@@H](CO)O[C@H]1O [Ca+2] CC(=O)Nc1c(O)cc(C(=O)O)cc1[N+](=O)[O-]
1INF,1VCJ,P03474,NA,IBA,CCC(CC)Nc1cc(C(=O)O)ccc1N1C(=O)CC[C@@]1(CN)CO
1INF,1B9S,P03474,NA,NAG CA FDI,CC(=O)N[C@@H]1[C@@H](O)[C@H](O)[C@@H](CO)O[C@H]1O [Ca+2] CCC(CC)C(=O)Nc1cc(C(=O)O)ccc1NC(C)=O
1INF,1B9T,P03474,NA,NAG CA RAI,CC(=O)N[C@@H]1[C@@H](O)[C@H](O)[C@@H](CO)O[C@H]1O [Ca+2] N=C(N)Nc1cc(C(=O)O)ccc1N1C(=O)CCC1(CO)CO
1INF,1A4Q,P03474,NA,NAG CA DPC,CC(=O)N[C@@H]1[C@@H](O)[C@H](O)[C@@H](CO)O[C@H]1O [Ca+2] CCCN(CCc1ccccc1)C(=O)[C@@H]1OC(C(=O)O)=C[C@H](N)[C@H]1NC(C)=O
1INF,1NSD,P03474,NA,NAG CA DAN,CC(=O)N[C@@H]1[C@@H](O)[C@H](O)[C@@H](CO)O[C@H]1O [Ca+2] CC(=O)N[C@H]1[C@H]([C@H](O)[C@H](O)CO)OC(C(=O)O)=C[C@@H]1O
1INF,1B9V,P03474,NA,NAG CA RA2,CC(=O)N[C@@H]1[C@@H](O)[C@H](O)[C@@H](CO)O[C@H]1O [Ca+2] CCC(CC)Nc1cc(C(=O)O)ccc1N1C(=O)CCC1(CO)CO
3K37,1NSC,Q3S340,NA,NAG SIA CA,CC(=O)N[C@@H]1[C@@H](O)[C@H](O)[C@@H](CO)O[C@H]1O CC(=O)N[C@H]1[C@H]([C@H](O)[C@H](O)CO)O[C@@](O)(C(=O)O)C[C@@H]1O [Ca+2]
3K37,1INF,Q3S340,NA,NAG CA ST4,CC(=O)N[C@@H]1[C@@H](O)[C@H](O)[C@@H](CO)O[C@H]1O [Ca+2] CC(=O)Nc1ccc(C(=O)O)cc1NC(N)N
3K37,1INV,Q3S340,NA,NAG CA EQP,CC(=O)N[C@@H]1[C@@H](O)[C@H](O)[C@@H](CO)O[C@H]1O [Ca+2] CC(=O)N[C@H]1[C@H]([C@H](O)[C@H](O)CO)O[C@H](P(=O)(O)O)C[C@@H]1O
3K37,1IVB,Q3S340,NA,NAG CA ST1,CC(=O)N[C@@H]1[C@@H](O)[C@H](O)[C@@H](CO)O[C@H]1O [Ca+2] CC(=O)Nc1c(O)cc(C(=O)O)cc1[N+](=O)[O-]
3K37,1VCJ,Q3S340,NA,IBA,CCC(CC)Nc1cc(C(=O)O)ccc1N1C(=O)CC[C@@]1(CN)CO
3K37,1B9S,Q3S340,NA,NAG CA FDI,CC(=O)N[C@@H]1[C@@H](O)[C@H](O)[C@@H](CO)O[C@H]1O [Ca+2] CCC(CC)C(=O)Nc1cc(C(=O)O)ccc1NC(C)=O
3K37,1B9T,Q3S340,NA,NAG CA RAI,CC(=O)N[C@@H]1[C@@H](O)[C@H](O)[C@@H](CO)O[C@H]1O [Ca+2] N=C(N)Nc1cc(C(=O)O)ccc1N1C(=O)CCC1(CO)CO
3K37,1A4Q,Q3S340,NA,NAG CA DPC,CC(=O)N[C@@H]1[C@@H](O)[C@H](O)[C@@H](CO)O[C@H]1O [Ca+2] CCCN(CCc1ccccc1)C(=O)[C@@H]1OC(C(=O)O)=C[C@H](N)[C@H]1NC(C)=O
3K37,1NSD,Q3S340,NA,NAG CA DAN,CC(=O)N[C@@H]1[C@@H](O)[C@H](O)[C@@H](CO)O[C@H]1O [Ca+2] CC(=O)N[C@H]1[C@H]([C@H](O)[C@H](O)CO)OC(C(=O)O)=C[C@@H]1O
1B9S,1NSC,P03474,NA,NAG SIA CA,CC(=O)N[C@@H]1[C@@H](O)[C@H](O)[C@@H](CO)O[C@H]1O CC(=O)N[C@H]1[C@H]([C@H](O)[C@H](O)CO)O[C@@](O)(C(=O)O)C[C@@H]1O [Ca+2]
1B9S,1INF,P03474,NA,NAG CA ST4,CC(=O)N[C@@H]1[C@@H](O)[C@H](O)[C@@H](CO)O[C@H]1O [Ca+2] CC(=O)Nc1ccc(C(=O)O)cc1NC(N)N
1B9S,1INV,P03474,NA,NAG CA EQP,CC(=O)N[C@@H]1[C@@H](O)[C@H](O)[C@@H](CO)O[C@H]1O [Ca+2] CC(=O)N[C@H]1[C@H]([C@H](O)[C@H](O)CO)O[C@H](P(=O)(O)O)C[C@@H]1O
1B9S,3K37,P03474,NA,CA BCZ,[Ca+2] CCC(CC)[C@H](NC(C)=O)[C@@H]1[C@H](O)[C@@H](C(=O)O)C[C@H]1NC(=N)N
1B9S,1IVB,P03474,NA,NAG CA ST1,CC(=O)N[C@@H]1[C@@H](O)[C@H](O)[C@@H](CO)O[C@H]1O [Ca+2] CC(=O)Nc1c(O)cc(C(=O)O)cc1[N+](=O)[O-]
1B9S,1A4Q,P03474,NA,NAG CA DPC,CC(=O)N[C@@H]1[C@@H](O)[C@H](O)[C@@H](CO)O[C@H]1O [Ca+2] CCCN(CCc1ccccc1)C(=O)[C@@H]1OC(C(=O)O)=C[C@H](N)[C@H]1NC(C)=O
1B9S,1NSD,P03474,NA,NAG CA DAN,CC(=O)N[C@@H]1[C@@H](O)[C@H](O)[C@@H](CO)O[C@H]1O [Ca+2] CC(=O)N[C@H]1[C@H]([C@H](O)[C@H](O)CO)OC(C(=O)O)=C[C@@H]1O
1INV,1NSC,P03474,NA,NAG SIA CA,CC(=O)N[C@@H]1[C@@H](O)[C@H](O)[C@@H](CO)O[C@H]1O CC(=O)N[C@H]1[C@H]([C@H](O)[C@H](O)CO)O[C@@](O)(C(=O)O)C[C@@H]1O [Ca+2]
1INV,1INF,P03474,NA,NAG CA ST4,CC(=O)N[C@@H]1[C@@H](O)[C@H](O)[C@@H](CO)O[C@H]1O [Ca+2] CC(=O)Nc1ccc(C(=O)O)cc1NC(N)N
1INV,3K37,P03474,NA,CA BCZ,[Ca+2] CCC(CC)[C@H](NC(C)=O)[C@@H]1[C@H](O)[C@@H](C(=O)O)C[C@H]1NC(=N)N
1INV,1IVB,P03474,NA,NAG CA ST1,CC(=O)N[C@@H]1[C@@H](O)[C@H](O)[C@@H](CO)O[C@H]1O [Ca+2] CC(=O)Nc1c(O)cc(C(=O)O)cc1[N+](=O)[O-]
1INV,1B9S,P03474,NA,NAG CA FDI,CC(=O)N[C@@H]1[C@@H](O)[C@H](O)[C@@H](CO)O[C@H]1O [Ca+2] CCC(CC)C(=O)Nc1cc(C(=O)O)ccc1NC(C)=O
1INV,1B9T,P03474,NA,NAG CA RAI,CC(=O)N[C@@H]1[C@@H](O)[C@H](O)[C@@H](CO)O[C@H]1O [Ca+2] N=C(N)Nc1cc(C(=O)O)ccc1N1C(=O)CCC1(CO)CO
1INV,1A4Q,P03474,NA,NAG CA DPC,CC(=O)N[C@@H]1[C@@H](O)[C@H](O)[C@@H](CO)O[C@H]1O [Ca+2] CCCN(CCc1ccccc1)C(=O)[C@@H]1OC(C(=O)O)=C[C@H](N)[C@H]1NC(C)=O
1INV,1B9V,P03474,NA,NAG CA RA2,CC(=O)N[C@@H]1[C@@H](O)[C@H](O)[C@@H](CO)O[C@H]1O [Ca+2] CCC(CC)Nc1cc(C(=O)O)ccc1N1C(=O)CCC1(CO)CO
1NSC,1A4G,P27907,NA,NAG CA ZMR,CC(=O)N[C@@H]1[C@@H](O)[C@H](O)[C@@H](CO)O[C@H]1O [Ca+2] CC(=O)N[C@H]1[C@H]([C@H](O)[C@H](O)CO)OC(C(=O)O)=C[C@@H]1NC(=N)N
1NSC,1INF,P27907,NA,NAG CA ST4,CC(=O)N[C@@H]1[C@@H](O)[C@H](O)[C@@H](CO)O[C@H]1O [Ca+2] CC(=O)Nc1ccc(C(=O)O)cc1NC(N)N
1NSC,1INV,P27907,NA,NAG CA EQP,CC(=O)N[C@@H]1[C@@H](O)[C@H](O)[C@@H](CO)O[C@H]1O [Ca+2] CC(=O)N[C@H]1[C@H]([C@H](O)[C@H](O)CO)O[C@H](P(=O)(O)O)C[C@@H]1O
1NSC,3K37,P27907,NA,CA BCZ,[Ca+2] CCC(CC)[C@H](NC(C)=O)[C@@H]1[C@H](O)[C@@H](C(=O)O)C[C@H]1NC(=N)N
1NSC,1IVB,P27907,NA,NAG CA ST1,CC(=O)N[C@@H]1[C@@H](O)[C@H](O)[C@@H](CO)O[C@H]1O [Ca+2] CC(=O)Nc1c(O)cc(C(=O)O)cc1[N+](=O)[O-]
1NSC,1VCJ,P27907,NA,IBA,CCC(CC)Nc1cc(C(=O)O)ccc1N1C(=O)CC[C@@]1(CN)CO
1NSC,1B9T,P27907,NA,NAG CA RAI,CC(=O)N[C@@H]1[C@@H](O)[C@H](O)[C@@H](CO)O[C@H]1O [Ca+2] N=C(N)Nc1cc(C(=O)O)ccc1N1C(=O)CCC1(CO)CO
1NSC,1A4Q,P27907,NA,NAG CA DPC,CC(=O)N[C@@H]1[C@@H](O)[C@H](O)[C@@H](CO)O[C@H]1O [Ca+2] CCCN(CCc1ccccc1)C(=O)[C@@H]1OC(C(=O)O)=C[C@H](N)[C@H]1NC(C)=O
1NSC,1NSD,P27907,NA,NAG CA DAN,CC(=O)N[C@@H]1[C@@H](O)[C@H](O)[C@@H](CO)O[C@H]1O [Ca+2] CC(=O)N[C@H]1[C@H]([C@H](O)[C@H](O)CO)OC(C(=O)O)=C[C@@H]1O
1VCJ,1A4G,P03474,NA,NAG CA ZMR,CC(=O)N[C@@H]1[C@@H](O)[C@H](O)[C@@H](CO)O[C@H]1O [Ca+2] CC(=O)N[C@H]1[C@H]([C@H](O)[C@H](O)CO)OC(C(=O)O)=C[C@@H]1NC(=N)N
1VCJ,1NSC,P03474,NA,NAG SIA CA,CC(=O)N[C@@H]1[C@@H](O)[C@H](O)[C@@H](CO)O[C@H]1O CC(=O)N[C@H]1[C@H]([C@H](O)[C@H](O)CO)O[C@@](O)(C(=O)O)C[C@@H]1O [Ca+2]
1VCJ,1INF,P03474,NA,NAG CA ST4,CC(=O)N[C@@H]1[C@@H](O)[C@H](O)[C@@H](CO)O[C@H]1O [Ca+2] CC(=O)Nc1ccc(C(=O)O)cc1NC(N)N
1VCJ,1INV,P03474,NA,NAG CA EQP,CC(=O)N[C@@H]1[C@@H](O)[C@H](O)[C@@H](CO)O[C@H]1O [Ca+2] CC(=O)N[C@H]1[C@H]([C@H](O)[C@H](O)CO)O[C@H](P(=O)(O)O)C[C@@H]1O
1VCJ,3K37,P03474,NA,CA BCZ,[Ca+2] CCC(CC)[C@H](NC(C)=O)[C@@H]1[C@H](O)[C@@H](C(=O)O)C[C@H]1NC(=N)N
1VCJ,1IVB,P03474,NA,NAG CA ST1,CC(=O)N[C@@H]1[C@@H](O)[C@H](O)[C@@H](CO)O[C@H]1O [Ca+2] CC(=O)Nc1c(O)cc(C(=O)O)cc1[N+](=O)[O-]
1VCJ,1A4Q,P03474,NA,NAG CA DPC,CC(=O)N[C@@H]1[C@@H](O)[C@H](O)[C@@H](CO)O[C@H]1O [Ca+2] CCCN(CCc1ccccc1)C(=O)[C@@H]1OC(C(=O)O)=C[C@H](N)[C@H]1NC(C)=O
1NSD,1A4G,P27907,NA,NAG CA ZMR,CC(=O)N[C@@H]1[C@@H](O)[C@H](O)[C@@H](CO)O[C@H]1O [Ca+2] CC(=O)N[C@H]1[C@H]([C@H](O)[C@H](O)CO)OC(C(=O)O)=C[C@@H]1NC(=N)N
1NSD,1NSC,P27907,NA,NAG SIA CA,CC(=O)N[C@@H]1[C@@H](O)[C@H](O)[C@@H](CO)O[C@H]1O CC(=O)N[C@H]1[C@H]([C@H](O)[C@H](O)CO)O[C@@](O)(C(=O)O)C[C@@H]1O [Ca+2]
1NSD,1INF,P27907,NA,NAG CA ST4,CC(=O)N[C@@H]1[C@@H](O)[C@H](O)[C@@H](CO)O[C@H]1O [Ca+2] CC(=O)Nc1ccc(C(=O)O)cc1NC(N)N
1NSD,3K37,P27907,NA,CA BCZ,[Ca+2] CCC(CC)[C@H](NC(C)=O)[C@@H]1[C@H](O)[C@@H](C(=O)O)C[C@H]1NC(=N)N
1NSD,1IVB,P27907,NA,NAG CA ST1,CC(=O)N[C@@H]1[C@@H](O)[C@H](O)[C@@H](CO)O[C@H]1O [Ca+2] CC(=O)Nc1c(O)cc(C(=O)O)cc1[N+](=O)[O-]
1NSD,1B9S,P27907,NA,NAG CA FDI,CC(=O)N[C@@H]1[C@@H](O)[C@H](O)[C@@H](CO)O[C@H]1O [Ca+2] CCC(CC)C(=O)Nc1cc(C(=O)O)ccc1NC(C)=O
1NSD,1A4Q,P27907,NA,NAG CA DPC,CC(=O)N[C@@H]1[C@@H](O)[C@H](O)[C@@H](CO)O[C@H]1O [Ca+2] CCCN(CCc1ccccc1)C(=O)[C@@H]1OC(C(=O)O)=C[C@H](N)[C@H]1NC(C)=O
1NSD,1B9V,P27907,NA,NAG CA RA2,CC(=O)N[C@@H]1[C@@H](O)[C@H](O)[C@@H](CO)O[C@H]1O [Ca+2] CCC(CC)Nc1cc(C(=O)O)ccc1N1C(=O)CCC1(CO)CO
1A4Q,1INV,P27907,NA,NAG CA EQP,CC(=O)N[C@@H]1[C@@H](O)[C@H](O)[C@@H](CO)O[C@H]1O [Ca+2] CC(=O)N[C@H]1[C@H]([C@H](O)[C@H](O)CO)O[C@H](P(=O)(O)O)C[C@@H]1O
1A4Q,3K37,P27907,NA,CA BCZ,[Ca+2] CCC(CC)[C@H](NC(C)=O)[C@@H]1[C@H](O)[C@@H](C(=O)O)C[C@H]1NC(=N)N
1A4Q,1VCJ,P27907,NA,IBA,CCC(CC)Nc1cc(C(=O)O)ccc1N1C(=O)CC[C@@]1(CN)CO
1A4Q,1B9S,P27907,NA,NAG CA FDI,CC(=O)N[C@@H]1[C@@H](O)[C@H](O)[C@@H](CO)O[C@H]1O [Ca+2] CCC(CC)C(=O)Nc1cc(C(=O)O)ccc1NC(C)=O
1A4Q,1B9T,P27907,NA,NAG CA RAI,CC(=O)N[C@@H]1[C@@H](O)[C@H](O)[C@@H](CO)O[C@H]1O [Ca+2] N=C(N)Nc1cc(C(=O)O)ccc1N1C(=O)CCC1(CO)CO
1A4Q,1NSD,P27907,NA,NAG CA DAN,CC(=O)N[C@@H]1[C@@H](O)[C@H](O)[C@@H](CO)O[C@H]1O [Ca+2] CC(=O)N[C@H]1[C@H]([C@H](O)[C@H](O)CO)OC(C(=O)O)=C[C@@H]1O
1A4Q,1B9V,P27907,NA,NAG CA RA2,CC(=O)N[C@@H]1[C@@H](O)[C@H](O)[C@@H](CO)O[C@H]1O [Ca+2] CCC(CC)Nc1cc(C(=O)O)ccc1N1C(=O)CCC1(CO)CO
1B9V,1A4G,P03474,NA,NAG CA ZMR,CC(=O)N[C@@H]1[C@@H](O)[C@H](O)[C@@H](CO)O[C@H]1O [Ca+2] CC(=O)N[C@H]1[C@H]([C@H](O)[C@H](O)CO)OC(C(=O)O)=C[C@@H]1NC(=N)N
1B9V,1INF,P03474,NA,NAG CA ST4,CC(=O)N[C@@H]1[C@@H](O)[C@H](O)[C@@H](CO)O[C@H]1O [Ca+2] CC(=O)Nc1ccc(C(=O)O)cc1NC(N)N
1B9V,1INV,P03474,NA,NAG CA EQP,CC(=O)N[C@@H]1[C@@H](O)[C@H](O)[C@@H](CO)O[C@H]1O [Ca+2] CC(=O)N[C@H]1[C@H]([C@H](O)[C@H](O)CO)O[C@H](P(=O)(O)O)C[C@@H]1O
1B9V,1IVB,P03474,NA,NAG CA ST1,CC(=O)N[C@@H]1[C@@H](O)[C@H](O)[C@@H](CO)O[C@H]1O [Ca+2] CC(=O)Nc1c(O)cc(C(=O)O)cc1[N+](=O)[O-]
1B9V,1VCJ,P03474,NA,IBA,CCC(CC)Nc1cc(C(=O)O)ccc1N1C(=O)CC[C@@]1(CN)CO
1B9V,1B9S,P03474,NA,NAG CA FDI,CC(=O)N[C@@H]1[C@@H](O)[C@H](O)[C@@H](CO)O[C@H]1O [Ca+2] CCC(CC)C(=O)Nc1cc(C(=O)O)ccc1NC(C)=O
1B9V,1B9T,P03474,NA,NAG CA RAI,CC(=O)N[C@@H]1[C@@H](O)[C@H](O)[C@@H](CO)O[C@H]1O [Ca+2] N=C(N)Nc1cc(C(=O)O)ccc1N1C(=O)CCC1(CO)CO
1B9V,1A4Q,P03474,NA,NAG CA DPC,CC(=O)N[C@@H]1[C@@H](O)[C@H](O)[C@@H](CO)O[C@H]1O [Ca+2] CCCN(CCc1ccccc1)C(=O)[C@@H]1OC(C(=O)O)=C[C@H](N)[C@H]1NC(C)=O
1B9V,1NSD,P03474,NA,NAG CA DAN,CC(=O)N[C@@H]1[C@@H](O)[C@H](O)[C@@H](CO)O[C@H]1O [Ca+2] CC(=O)N[C@H]1[C@H]([C@H](O)[C@H](O)CO)OC(C(=O)O)=C[C@@H]1O
1DB4,1AYP,P14555,PLA2G2A,CA INB,[Ca+2] CCCCCCCCCCCCCCCCCCOC[C@H](CO[P@@](=O)(O)OCCSC)NC(C)=O
1DB4,1KVO,P14555,PLA2G2A,CA OAP,[Ca+2] O=C(O)CC[C@@H](CSc1ccc(Cc2ccccc2)cc1)NC(=O)CCCCCCc1ccccc1
1DB4,1DCY,P14555,PLA2G2A,CA I3N,[Ca+2] COc1ccc2c(c1)c(CC(=O)O)c(C)n2Cc1ccccc1
1DB4,1DB5,P14555,PLA2G2A,CA 6IN,[Ca+2] Cc1c(CC(N)=O)c2cc(OCCCC(=O)O)ccc2n1Cc1ccccc1
1DB4,3U8D,P14555,PLA2G2A,U8D CA CL,CCc1c(CC(N)=O)c2cc(OCCCP(=O)(O)O)ccc2n1Cc1ccccc1 [Ca+2] [Cl-]
1DB4,5G3N,P14555,PLA2G2A,X28 FMT CA,NC(=O)c1ccc(Cc2ccccc2)cc1-c1cccc(CCC(=O)O)c1 O=CO [Ca+2]
1DB4,1KQU,P14555,PLA2G2A,CA BR4,[Ca+2] O=C(O)CC[C@@H](CCc1ccccc1)NC(=O)CCCCCCc1ccccc1
1DB4,1POE,P14555,PLA2G2A,CA GEL,[Ca+2] CCCCCCCCOC[C@H](CO[P@](=O)(O)OCCN)O[P@@](=O)(O)CCCCCCC
3U8D,1AYP,P14555,PLA2G2A,CA INB,[Ca+2] CCCCCCCCCCCCCCCCCCOC[C@H](CO[P@@](=O)(O)OCCSC)NC(C)=O
3U8D,1KVO,P14555,PLA2G2A,CA OAP,[Ca+2] O=C(O)CC[C@@H](CSc1ccc(Cc2ccccc2)cc1)NC(=O)CCCCCCc1ccccc1
3U8D,1DCY,P14555,PLA2G2A,CA I3N,[Ca+2] COc1ccc2c(c1)c(CC(=O)O)c(C)n2Cc1ccccc1
3U8D,1DB5,P14555,PLA2G2A,CA 6IN,[Ca+2] Cc1c(CC(N)=O)c2cc(OCCCC(=O)O)ccc2n1Cc1ccccc1
3U8D,5G3N,P14555,PLA2G2A,X28 FMT CA,NC(=O)c1ccc(Cc2ccccc2)cc1-c1cccc(CCC(=O)O)c1 O=CO [Ca+2]
3U8D,1KQU,P14555,PLA2G2A,CA BR4,[Ca+2] O=C(O)CC[C@@H](CCc1ccccc1)NC(=O)CCCCCCc1ccccc1
3U8D,1POE,P14555,PLA2G2A,CA GEL,[Ca+2] CCCCCCCCOC[C@H](CO[P@](=O)(O)OCCN)O[P@@](=O)(O)CCCCCCC
3U8D,1DB4,P14555,PLA2G2A,CA 8IN,[Ca+2] Cc1c(CC(N)=O)c2cc(OCCCP(=O)(O)O)ccc2n1Cc1ccccc1
1KQU,1AYP,P14555,PLA2G2A,CA INB,[Ca+2] CCCCCCCCCCCCCCCCCCOC[C@H](CO[P@@](=O)(O)OCCSC)NC(C)=O
1KQU,1KVO,P14555,PLA2G2A,CA OAP,[Ca+2] O=C(O)CC[C@@H](CSc1ccc(Cc2ccccc2)cc1)NC(=O)CCCCCCc1ccccc1
1KQU,1DCY,P14555,PLA2G2A,CA I3N,[Ca+2] COc1ccc2c(c1)c(CC(=O)O)c(C)n2Cc1ccccc1
1KQU,1DB5,P14555,PLA2G2A,CA 6IN,[Ca+2] Cc1c(CC(N)=O)c2cc(OCCCC(=O)O)ccc2n1Cc1ccccc1
1KQU,3U8D,P14555,PLA2G2A,U8D CA CL,CCc1c(CC(N)=O)c2cc(OCCCP(=O)(O)O)ccc2n1Cc1ccccc1 [Ca+2] [Cl-]
1KQU,5G3N,P14555,PLA2G2A,X28 FMT CA,NC(=O)c1ccc(Cc2ccccc2)cc1-c1cccc(CCC(=O)O)c1 O=CO [Ca+2]
1KQU,1POE,P14555,PLA2G2A,CA GEL,[Ca+2] CCCCCCCCOC[C@H](CO[P@](=O)(O)OCCN)O[P@@](=O)(O)CCCCCCC
1KQU,1DB4,P14555,PLA2G2A,CA 8IN,[Ca+2] Cc1c(CC(N)=O)c2cc(OCCCP(=O)(O)O)ccc2n1Cc1ccccc1
1KVO,1AYP,P14555,PLA2G2A,CA INB,[Ca+2] CCCCCCCCCCCCCCCCCCOC[C@H](CO[P@@](=O)(O)OCCSC)NC(C)=O
1KVO,1DCY,P14555,PLA2G2A,CA I3N,[Ca+2] COc1ccc2c(c1)c(CC(=O)O)c(C)n2Cc1ccccc1
1KVO,1DB5,P14555,PLA2G2A,CA 6IN,[Ca+2] Cc1c(CC(N)=O)c2cc(OCCCC(=O)O)ccc2n1Cc1ccccc1
1KVO,3U8D,P14555,PLA2G2A,U8D CA CL,CCc1c(CC(N)=O)c2cc(OCCCP(=O)(O)O)ccc2n1Cc1ccccc1 [Ca+2] [Cl-]
1KVO,5G3N,P14555,PLA2G2A,X28 FMT CA,NC(=O)c1ccc(Cc2ccccc2)cc1-c1cccc(CCC(=O)O)c1 O=CO [Ca+2]
1KVO,1KQU,P14555,PLA2G2A,CA BR4,[Ca+2] O=C(O)CC[C@@H](CCc1ccccc1)NC(=O)CCCCCCc1ccccc1
1KVO,1POE,P14555,PLA2G2A,CA GEL,[Ca+2] CCCCCCCCOC[C@H](CO[P@](=O)(O)OCCN)O[P@@](=O)(O)CCCCCCC
1KVO,1DB4,P14555,PLA2G2A,CA 8IN,[Ca+2] Cc1c(CC(N)=O)c2cc(OCCCP(=O)(O)O)ccc2n1Cc1ccccc1
1AYP,1KVO,P14555,PLA2G2A,CA OAP,[Ca+2] O=C(O)CC[C@@H](CSc1ccc(Cc2ccccc2)cc1)NC(=O)CCCCCCc1ccccc1
1AYP,1DCY,P14555,PLA2G2A,CA I3N,[Ca+2] COc1ccc2c(c1)c(CC(=O)O)c(C)n2Cc1ccccc1
1AYP,1DB5,P14555,PLA2G2A,CA 6IN,[Ca+2] Cc1c(CC(N)=O)c2cc(OCCCC(=O)O)ccc2n1Cc1ccccc1
1AYP,3U8D,P14555,PLA2G2A,U8D CA CL,CCc1c(CC(N)=O)c2cc(OCCCP(=O)(O)O)ccc2n1Cc1ccccc1 [Ca+2] [Cl-]
1AYP,5G3N,P14555,PLA2G2A,X28 FMT CA,NC(=O)c1ccc(Cc2ccccc2)cc1-c1cccc(CCC(=O)O)c1 O=CO [Ca+2]
1AYP,1KQU,P14555,PLA2G2A,CA BR4,[Ca+2] O=C(O)CC[C@@H](CCc1ccccc1)NC(=O)CCCCCCc1ccccc1
1AYP,1POE,P14555,PLA2G2A,CA GEL,[Ca+2] CCCCCCCCOC[C@H](CO[P@](=O)(O)OCCN)O[P@@](=O)(O)CCCCCCC
1AYP,1DB4,P14555,PLA2G2A,CA 8IN,[Ca+2] Cc1c(CC(N)=O)c2cc(OCCCP(=O)(O)O)ccc2n1Cc1ccccc1
1DB5,1AYP,P14555,PLA2G2A,CA INB,[Ca+2] CCCCCCCCCCCCCCCCCCOC[C@H](CO[P@@](=O)(O)OCCSC)NC(C)=O
1DB5,1KVO,P14555,PLA2G2A,CA OAP,[Ca+2] O=C(O)CC[C@@H](CSc1ccc(Cc2ccccc2)cc1)NC(=O)CCCCCCc1ccccc1
1DB5,1DCY,P14555,PLA2G2A,CA I3N,[Ca+2] COc1ccc2c(c1)c(CC(=O)O)c(C)n2Cc1ccccc1
1DB5,3U8D,P14555,PLA2G2A,U8D CA CL,CCc1c(CC(N)=O)c2cc(OCCCP(=O)(O)O)ccc2n1Cc1ccccc1 [Ca+2] [Cl-]
1DB5,5G3N,P14555,PLA2G2A,X28 FMT CA,NC(=O)c1ccc(Cc2ccccc2)cc1-c1cccc(CCC(=O)O)c1 O=CO [Ca+2]
1DB5,1KQU,P14555,PLA2G2A,CA BR4,[Ca+2] O=C(O)CC[C@@H](CCc1ccccc1)NC(=O)CCCCCCc1ccccc1
1DB5,1POE,P14555,PLA2G2A,CA GEL,[Ca+2] CCCCCCCCOC[C@H](CO[P@](=O)(O)OCCN)O[P@@](=O)(O)CCCCCCC
1DB5,1DB4,P14555,PLA2G2A,CA 8IN,[Ca+2] Cc1c(CC(N)=O)c2cc(OCCCP(=O)(O)O)ccc2n1Cc1ccccc1
1POE,1AYP,P14555,PLA2G2A,CA INB,[Ca+2] CCCCCCCCCCCCCCCCCCOC[C@H](CO[P@@](=O)(O)OCCSC)NC(C)=O
1POE,1KVO,P14555,PLA2G2A,CA OAP,[Ca+2] O=C(O)CC[C@@H](CSc1ccc(Cc2ccccc2)cc1)NC(=O)CCCCCCc1ccccc1
1POE,1DCY,P14555,PLA2G2A,CA I3N,[Ca+2] COc1ccc2c(c1)c(CC(=O)O)c(C)n2Cc1ccccc1
1POE,1DB5,P14555,PLA2G2A,CA 6IN,[Ca+2] Cc1c(CC(N)=O)c2cc(OCCCC(=O)O)ccc2n1Cc1ccccc1
1POE,3U8D,P14555,PLA2G2A,U8D CA CL,CCc1c(CC(N)=O)c2cc(OCCCP(=O)(O)O)ccc2n1Cc1ccccc1 [Ca+2] [Cl-]
1POE,5G3N,P14555,PLA2G2A,X28 FMT CA,NC(=O)c1ccc(Cc2ccccc2)cc1-c1cccc(CCC(=O)O)c1 O=CO [Ca+2]
1POE,1KQU,P14555,PLA2G2A,CA BR4,[Ca+2] O=C(O)CC[C@@H](CCc1ccccc1)NC(=O)CCCCCCc1ccccc1
1POE,1DB4,P14555,PLA2G2A,CA 8IN,[Ca+2] Cc1c(CC(N)=O)c2cc(OCCCP(=O)(O)O)ccc2n1Cc1ccccc1
1DCY,1AYP,P14555,PLA2G2A,CA INB,[Ca+2] CCCCCCCCCCCCCCCCCCOC[C@H](CO[P@@](=O)(O)OCCSC)NC(C)=O
1DCY,1KVO,P14555,PLA2G2A,CA OAP,[Ca+2] O=C(O)CC[C@@H](CSc1ccc(Cc2ccccc2)cc1)NC(=O)CCCCCCc1ccccc1
1DCY,1DB5,P14555,PLA2G2A,CA 6IN,[Ca+2] Cc1c(CC(N)=O)c2cc(OCCCC(=O)O)ccc2n1Cc1ccccc1
1DCY,3U8D,P14555,PLA2G2A,U8D CA CL,CCc1c(CC(N)=O)c2cc(OCCCP(=O)(O)O)ccc2n1Cc1ccccc1 [Ca+2] [Cl-]
1DCY,5G3N,P14555,PLA2G2A,X28 FMT CA,NC(=O)c1ccc(Cc2ccccc2)cc1-c1cccc(CCC(=O)O)c1 O=CO [Ca+2]
1DCY,1KQU,P14555,PLA2G2A,CA BR4,[Ca+2] O=C(O)CC[C@@H](CCc1ccccc1)NC(=O)CCCCCCc1ccccc1
1DCY,1POE,P14555,PLA2G2A,CA GEL,[Ca+2] CCCCCCCCOC[C@H](CO[P@](=O)(O)OCCN)O[P@@](=O)(O)CCCCCCC
1DCY,1DB4,P14555,PLA2G2A,CA 8IN,[Ca+2] Cc1c(CC(N)=O)c2cc(OCCCP(=O)(O)O)ccc2n1Cc1ccccc1
5G3N,1AYP,P14555,PLA2G2A,CA INB,[Ca+2] CCCCCCCCCCCCCCCCCCOC[C@H](CO[P@@](=O)(O)OCCSC)NC(C)=O
5G3N,1KVO,P14555,PLA2G2A,CA OAP,[Ca+2] O=C(O)CC[C@@H](CSc1ccc(Cc2ccccc2)cc1)NC(=O)CCCCCCc1ccccc1
5G3N,1DCY,P14555,PLA2G2A,CA I3N,[Ca+2] COc1ccc2c(c1)c(CC(=O)O)c(C)n2Cc1ccccc1
5G3N,1DB5,P14555,PLA2G2A,CA 6IN,[Ca+2] Cc1c(CC(N)=O)c2cc(OCCCC(=O)O)ccc2n1Cc1ccccc1
5G3N,3U8D,P14555,PLA2G2A,U8D CA CL,CCc1c(CC(N)=O)c2cc(OCCCP(=O)(O)O)ccc2n1Cc1ccccc1 [Ca+2] [Cl-]
5G3N,1KQU,P14555,PLA2G2A,CA BR4,[Ca+2] O=C(O)CC[C@@H](CCc1ccccc1)NC(=O)CCCCCCc1ccccc1
5G3N,1POE,P14555,PLA2G2A,CA GEL,[Ca+2] CCCCCCCCOC[C@H](CO[P@](=O)(O)OCCN)O[P@@](=O)(O)CCCCCCC
5G3N,1DB4,P14555,PLA2G2A,CA 8IN,[Ca+2] Cc1c(CC(N)=O)c2cc(OCCCP(=O)(O)O)ccc2n1Cc1ccccc1
5WRY,4HHZ,P09874,PARP1,15S SO4,C[C@H](NC(=O)CN1CCc2cccc3c2[C@@H]1CNC3=O)C(=O)N1CC=C(c2ccc(F)cc2)CC1 O=S(=O)([O-])[O-]
5WRY,1WOK,P09874,PARP1,CNQ,NC(=O)c1cccc2ncc(-c3ccc(Cl)cc3)nc12
5WRY,5WRQ,P09874,PARP1,7TX,CC(C)CCN1CC[C@@H](NC(=O)c2cc(Cn3c(=O)[nH]c(=O)c4ccccc43)ccc2F)C1
4UND,4GV7,P09874,PARP1,MEW,Cc1nc2ccccc2c(=O)[nH]1
5KPP,5WRY,P09874,PARP1,4YR,O=C(N[C@@H]1CCN(CC2CC2)C1)c1cc(Cn2c(=O)[nH]c(=O)c3ccccc32)ccc1F
5KPP,4UND,P09874,PARP1,2YQ NA,Cn1ncnc1[C@H]1c2n[nH]c(=O)c3cc(F)cc(c23)N[C@@H]1c1ccc(F)cc1 [Na+]
5WS0,5WRY,P09874,PARP1,4YR,O=C(N[C@@H]1CCN(CC2CC2)C1)c1cc(Cn2c(=O)[nH]c(=O)c3ccccc32)ccc1F
5WS0,3L3M,P09874,PARP1,A92,NC(=O)c1cccc2nc(-c3ccc([C@@H]4CCCCN4)cc3F)[nH]c12
5WS0,3GN7,P09874,PARP1,3GN,C[C@@]1(c2nc3cccc(C(N)=O)c3[nH]2)CCCN1
5WS0,2RCW,P09874,PARP1,AAI,CCCN1CCC(c2nc3cccc(C(N)=O)c3[nH]2)CC1
5WS0,4L6S,P09874,PARP1,1WQ,C[C@@H]1Oc2ccc(CN3CC=C(c4ccc(Cl)cc4)CC3)cc2NC1=O
1WOK,1UK0,P09874,PARP1,FRM,Cc1cccc2c(=O)[nH]c(CCCN3CC=C(c4ccc(F)cc4)CC3)nc12
1WOK,4UXB,P09874,PARP1,P34 SO4,CN(C)CC(=O)Nc1ccc2[nH]c(=O)c3ccccc3c2c1 O=S(=O)([O-])[O-]
1UK1,5WTC,P09874,PARP1,7UL,O=C(c1cc(Cn2c(=O)[nH]c(=O)c3ccccc32)ccc1F)N1CCN(CC(F)(F)F)CC1
1UK1,1WOK,P09874,PARP1,CNQ,NC(=O)c1cccc2ncc(-c3ccc(Cl)cc3)nc12
1UK1,5WRY,P09874,PARP1,4YR,O=C(N[C@@H]1CCN(CC2CC2)C1)c1cc(Cn2c(=O)[nH]c(=O)c3ccccc32)ccc1F
1UK1,3L3L,P09874,PARP1,L3L,NC(=O)c1cccc2c1C(=O)N(C1CCNCC1)C2
1UK1,5WRZ,P09874,PARP1,7U3,O=c1[nH]nc(OC[C@@H]2CCNC2)c2ccc(F)cc12
1UK1,5WS1,P09874,PARP1,7U9,NC(=O)c1cccc2[nH]c(C(=O)N3CC[C@@H](N)C3)nc12
1UK1,5WS0,P09874,PARP1,7U6,NC(=O)c1cccc2[nH]c(C(=O)N3CCNCC3)nc12
1UK1,4L6S,P09874,PARP1,1WQ,C[C@@H]1Oc2ccc(CN3CC=C(c4ccc(Cl)cc4)CC3)cc2NC1=O
4PJT,2RD6,P09874,PARP1,78P,C[C@]1(c2nc3cccc(C(N)=O)c3[nH]2)CCCN1
4PJT,1WOK,P09874,PARP1,CNQ,NC(=O)c1cccc2ncc(-c3ccc(Cl)cc3)nc12
4PJT,4GV7,P09874,PARP1,MEW,Cc1nc2ccccc2c(=O)[nH]1
4PJT,4UXB,P09874,PARP1,P34 SO4,CN(C)CC(=O)Nc1ccc2[nH]c(=O)c3ccccc3c2c1 O=S(=O)([O-])[O-]
2RD6,1WOK,P09874,PARP1,CNQ,NC(=O)c1cccc2ncc(-c3ccc(Cl)cc3)nc12
2RD6,5KPO,P09874,PARP1,6WY,CCN1CCN(C(=O)c2cc(Cn3c(=O)[nH]c(=O)c4ccccc43)ccc2F)CC1=O
2RD6,5KPP,P09874,PARP1,6WZ,C[C@@H]1CN(C(=O)c2cc(Cn3c(=O)[nH]c(=O)c4ccccc43)ccc2F)CCN1CC(F)(F)F
2RD6,1UK1,P09874,PARP1,FRQ,O=c1[nH]c(=O)n(CCCCN2CC=C(c3ccccc3)CC2)c2cccc(F)c12
2RD6,5WS1,P09874,PARP1,7U9,NC(=O)c1cccc2[nH]c(C(=O)N3CC[C@@H](N)C3)nc12
2RD6,5WS0,P09874,PARP1,7U6,NC(=O)c1cccc2[nH]c(C(=O)N3CCNCC3)nc12
2RD6,4UXB,P09874,PARP1,P34 SO4,CN(C)CC(=O)Nc1ccc2[nH]c(=O)c3ccccc3c2c1 O=S(=O)([O-])[O-]
1UK0,4GV7,P09874,PARP1,MEW,Cc1nc2ccccc2c(=O)[nH]1
1UK0,5KPN,P09874,PARP1,6WX,CCCN1CCN(C(=O)c2cc(Cn3c(=O)[nH]c(=O)c4ccccc43)ccc2F)CC1=O
1UK0,3L3M,P09874,PARP1,A92,NC(=O)c1cccc2nc(-c3ccc([C@@H]4CCCCN4)cc3F)[nH]c12
1UK0,5KPP,P09874,PARP1,6WZ,C[C@@H]1CN(C(=O)c2cc(Cn3c(=O)[nH]c(=O)c4ccccc43)ccc2F)CCN1CC(F)(F)F
1UK0,4RV6,P09874,PARP1,SO4 RPB,O=S(=O)([O-])[O-] CNCc1ccc(-c2[nH]c3cc(F)cc4c3c2CCNC4=O)cc1
5WS1,1UK0,P09874,PARP1,FRM,Cc1cccc2c(=O)[nH]c(CCCN3CC=C(c4ccc(F)cc4)CC3)nc12
5WS1,5KPO,P09874,PARP1,6WY,CCN1CCN(C(=O)c2cc(Cn3c(=O)[nH]c(=O)c4ccccc43)ccc2F)CC1=O
5WS1,5WRQ,P09874,PARP1,7TX,CC(C)CCN1CC[C@@H](NC(=O)c2cc(Cn3c(=O)[nH]c(=O)c4ccccc43)ccc2F)C1
5WS1,2RCW,P09874,PARP1,AAI,CCCN1CCC(c2nc3cccc(C(N)=O)c3[nH]2)CC1
4RV6,4GV7,P09874,PARP1,MEW,Cc1nc2ccccc2c(=O)[nH]1
4RV6,5KPO,P09874,PARP1,6WY,CCN1CCN(C(=O)c2cc(Cn3c(=O)[nH]c(=O)c4ccccc43)ccc2F)CC1=O
4RV6,1UK1,P09874,PARP1,FRQ,O=c1[nH]c(=O)n(CCCCN2CC=C(c3ccccc3)CC2)c2cccc(F)c12
4RV6,5WRQ,P09874,PARP1,7TX,CC(C)CCN1CC[C@@H](NC(=O)c2cc(Cn3c(=O)[nH]c(=O)c4ccccc43)ccc2F)C1
3GJW,5WTC,P09874,PARP1,7UL,O=C(c1cc(Cn2c(=O)[nH]c(=O)c3ccccc32)ccc1F)N1CCN(CC(F)(F)F)CC1
3GJW,4HHZ,P09874,PARP1,15S SO4,C[C@H](NC(=O)CN1CCc2cccc3c2[C@@H]1CNC3=O)C(=O)N1CC=C(c2ccc(F)cc2)CC1 O=S(=O)([O-])[O-]
3GJW,1WOK,P09874,PARP1,CNQ,NC(=O)c1cccc2ncc(-c3ccc(Cl)cc3)nc12
3GJW,3GN7,P09874,PARP1,3GN,C[C@@]1(c2nc3cccc(C(N)=O)c3[nH]2)CCCN1
3GJW,5A00,P09874,PARP1,D7N SO4,NC(=O)c1cc(F)cc2c1C(=O)N(C1CCN(C3CCC(F)(F)CC3)CC1)C2 O=S(=O)([O-])[O-]
3GJW,5WRQ,P09874,PARP1,7TX,CC(C)CCN1CC[C@@H](NC(=O)c2cc(Cn3c(=O)[nH]c(=O)c4ccccc43)ccc2F)C1
4GV7,2RCW,P09874,PARP1,AAI,CCCN1CCC(c2nc3cccc(C(N)=O)c3[nH]2)CC1
3GN7,4GV7,P09874,PARP1,MEW,Cc1nc2ccccc2c(=O)[nH]1
3GN7,5KPO,P09874,PARP1,6WY,CCN1CCN(C(=O)c2cc(Cn3c(=O)[nH]c(=O)c4ccccc43)ccc2F)CC1=O
3GN7,2RCW,P09874,PARP1,AAI,CCCN1CCC(c2nc3cccc(C(N)=O)c3[nH]2)CC1
3GN7,5KPQ,P09874,PARP1,6X2,CCCN1CCN(C(=O)c2cc(Cn3c(=O)[nH]c(=O)c4ccccc43)ccc2F)C[C@H]1C
3L3M,4HHZ,P09874,PARP1,15S SO4,C[C@H](NC(=O)CN1CCc2cccc3c2[C@@H]1CNC3=O)C(=O)N1CC=C(c2ccc(F)cc2)CC1 O=S(=O)([O-])[O-]
3L3M,4GV7,P09874,PARP1,MEW,Cc1nc2ccccc2c(=O)[nH]1
3L3M,5KPO,P09874,PARP1,6WY,CCN1CCN(C(=O)c2cc(Cn3c(=O)[nH]c(=O)c4ccccc43)ccc2F)CC1=O
3L3M,5WS1,P09874,PARP1,7U9,NC(=O)c1cccc2[nH]c(C(=O)N3CC[C@@H](N)C3)nc12
4L6S,5A00,P09874,PARP1,D7N SO4,NC(=O)c1cc(F)cc2c1C(=O)N(C1CCN(C3CCC(F)(F)CC3)CC1)C2 O=S(=O)([O-])[O-]
4L6S,4UXB,P09874,PARP1,P34 SO4,CN(C)CC(=O)Nc1ccc2[nH]c(=O)c3ccccc3c2c1 O=S(=O)([O-])[O-]
3L3L,3L3M,P09874,PARP1,A92,NC(=O)c1cccc2nc(-c3ccc([C@@H]4CCCCN4)cc3F)[nH]c12
3L3L,4UND,P09874,PARP1,2YQ NA,Cn1ncnc1[C@H]1c2n[nH]c(=O)c3cc(F)cc(c23)N[C@@H]1c1ccc(F)cc1 [Na+]
4UXB,4GV7,P09874,PARP1,MEW,Cc1nc2ccccc2c(=O)[nH]1
4UXB,5KPP,P09874,PARP1,6WZ,C[C@@H]1CN(C(=O)c2cc(Cn3c(=O)[nH]c(=O)c4ccccc43)ccc2F)CCN1CC(F)(F)F
4UXB,3L3L,P09874,PARP1,L3L,NC(=O)c1cccc2c1C(=O)N(C1CCNCC1)C2
4UXB,3GN7,P09874,PARP1,3GN,C[C@@]1(c2nc3cccc(C(N)=O)c3[nH]2)CCCN1
4UXB,5WS1,P09874,PARP1,7U9,NC(=O)c1cccc2[nH]c(C(=O)N3CC[C@@H](N)C3)nc12
5KPQ,5WTC,P09874,PARP1,7UL,O=C(c1cc(Cn2c(=O)[nH]c(=O)c3ccccc32)ccc1F)N1CCN(CC(F)(F)F)CC1
5KPQ,5WRY,P09874,PARP1,4YR,O=C(N[C@@H]1CCN(CC2CC2)C1)c1cc(Cn2c(=O)[nH]c(=O)c3ccccc32)ccc1F
5KPQ,5WS1,P09874,PARP1,7U9,NC(=O)c1cccc2[nH]c(C(=O)N3CC[C@@H](N)C3)nc12
5A00,1WOK,P09874,PARP1,CNQ,NC(=O)c1cccc2ncc(-c3ccc(Cl)cc3)nc12
5A00,3GJW,P09874,PARP1,GJW,O=c1[nH]c2cc(CN3CCCC3)ccc2n2cccc12
5A00,3L3L,P09874,PARP1,L3L,NC(=O)c1cccc2c1C(=O)N(C1CCNCC1)C2
4HHZ,1WOK,P09874,PARP1,CNQ,NC(=O)c1cccc2ncc(-c3ccc(Cl)cc3)nc12
4HHZ,4GV7,P09874,PARP1,MEW,Cc1nc2ccccc2c(=O)[nH]1
4HHZ,1UK1,P09874,PARP1,FRQ,O=c1[nH]c(=O)n(CCCCN2CC=C(c3ccccc3)CC2)c2cccc(F)c12
4HHZ,3GN7,P09874,PARP1,3GN,C[C@@]1(c2nc3cccc(C(N)=O)c3[nH]2)CCCN1
4HHZ,4L6S,P09874,PARP1,1WQ,C[C@@H]1Oc2ccc(CN3CC=C(c4ccc(Cl)cc4)CC3)cc2NC1=O
5KPO,2RD6,P09874,PARP1,78P,C[C@]1(c2nc3cccc(C(N)=O)c3[nH]2)CCCN1
5KPO,5WRQ,P09874,PARP1,7TX,CC(C)CCN1CC[C@@H](NC(=O)c2cc(Cn3c(=O)[nH]c(=O)c4ccccc43)ccc2F)C1
5KPO,2RCW,P09874,PARP1,AAI,CCCN1CCC(c2nc3cccc(C(N)=O)c3[nH]2)CC1
5KPO,5KPQ,P09874,PARP1,6X2,CCCN1CCN(C(=O)c2cc(Cn3c(=O)[nH]c(=O)c4ccccc43)ccc2F)C[C@H]1C
5KPN,5WRZ,P09874,PARP1,7U3,O=c1[nH]nc(OC[C@@H]2CCNC2)c2ccc(F)cc12
5KPN,5WS0,P09874,PARP1,7U6,NC(=O)c1cccc2[nH]c(C(=O)N3CCNCC3)nc12
5WRQ,5WS1,P09874,PARP1,7U9,NC(=O)c1cccc2[nH]c(C(=O)N3CC[C@@H](N)C3)nc12
5WRQ,5WS0,P09874,PARP1,7U6,NC(=O)c1cccc2[nH]c(C(=O)N3CCNCC3)nc12
5WRQ,4UXB,P09874,PARP1,P34 SO4,CN(C)CC(=O)Nc1ccc2[nH]c(=O)c3ccccc3c2c1 O=S(=O)([O-])[O-]
5WTC,4HHZ,P09874,PARP1,15S SO4,C[C@H](NC(=O)CN1CCc2cccc3c2[C@@H]1CNC3=O)C(=O)N1CC=C(c2ccc(F)cc2)CC1 O=S(=O)([O-])[O-]
5WTC,1UK0,P09874,PARP1,FRM,Cc1cccc2c(=O)[nH]c(CCCN3CC=C(c4ccc(F)cc4)CC3)nc12
5WTC,3L3M,P09874,PARP1,A92,NC(=O)c1cccc2nc(-c3ccc([C@@H]4CCCCN4)cc3F)[nH]c12
5WTC,5KPP,P09874,PARP1,6WZ,C[C@@H]1CN(C(=O)c2cc(Cn3c(=O)[nH]c(=O)c4ccccc43)ccc2F)CCN1CC(F)(F)F
5WTC,3GJW,P09874,PARP1,GJW,O=c1[nH]c2cc(CN3CCCC3)ccc2n2cccc12
5WTC,4UXB,P09874,PARP1,P34 SO4,CN(C)CC(=O)Nc1ccc2[nH]c(=O)c3ccccc3c2c1 O=S(=O)([O-])[O-]
5WRZ,5WTC,P09874,PARP1,7UL,O=C(c1cc(Cn2c(=O)[nH]c(=O)c3ccccc32)ccc1F)N1CCN(CC(F)(F)F)CC1
2RCW,2RD6,P09874,PARP1,78P,C[C@]1(c2nc3cccc(C(N)=O)c3[nH]2)CCCN1
2RCW,5KPN,P09874,PARP1,6WX,CCCN1CCN(C(=O)c2cc(Cn3c(=O)[nH]c(=O)c4ccccc43)ccc2F)CC1=O
2RCW,3GN7,P09874,PARP1,3GN,C[C@@]1(c2nc3cccc(C(N)=O)c3[nH]2)CCCN1
2RCW,4L6S,P09874,PARP1,1WQ,C[C@@H]1Oc2ccc(CN3CC=C(c4ccc(Cl)cc4)CC3)cc2NC1=O
3HDZ,3TGG,O76074,PDE5A,ZN MG 0H3,[Zn+2] [Mg+2] CCCOCCn1c(=O)nc(NCCOC(C)C)c2cnc(-c3ccc(OC)nc3)cc21
3HDZ,5JO3,O76074,PDE5A,6LK ZN,COc1ncc(-n2nc(C)c3cc(C(=O)NS(C)(=O)=O)ccc32)cc1Cl [Zn+2]
3HDZ,3SHZ,O76074,PDE5A,MG ZN 5CO,[Mg+2] [Zn+2] CCCOc1ccc(S(=O)(=O)N2CCN(C)CC2)cc1-c1nc(CC)c(Cl)c(=O)[nH]1
3HDZ,2CHM,O76074,PDE5A,ZN MG 3P4 MES,[Zn+2] [Mg+2] C=CCCOc1ncc(C(=C)O)cc1-c1nc2c(CC)[n+](C3CN(CC)C3)[nH]c2c(=O)[nH]1 O=S(=O)([O-])CC[NH+]1CCOCC1
3HDZ,4OEW,O76074,PDE5A,ZN MG 5IO,[Zn+2] [Mg+2] CCCOc1ccc(S(=O)(=O)N2CCN(C)CC2)cc1-c1nc(CC)c(I)c(=O)[nH]1
4IA0,4G2Y,O76074,PDE5A,NI5 MG ZN PEG,CCCOc1ccc(S(=O)(=O)N2CCN(C)CC2)cc1-c1nc2c(c(=O)[nH]1)CCC2 [Mg+2] [Zn+2] OCCOCCO
4IA0,3B2R,O76074,PDE5A,VDN,CCCc1nc(C)c2c(=O)nc(-c3cc(S(=O)(=O)N4CCN(CC)CC4)ccc3OCC)[nH]n12
4IA0,3SHZ,O76074,PDE5A,MG ZN 5CO,[Mg+2] [Zn+2] CCCOc1ccc(S(=O)(=O)N2CCN(C)CC2)cc1-c1nc(CC)c(Cl)c(=O)[nH]1
1XOZ,3SIE,O76074,PDE5A,5BO,CCCOc1ccc(S(=O)(=O)N2CCN(C)CC2)cc1-c1nc(CC)c(Br)c(=O)[nH]1
1XOZ,3SHZ,O76074,PDE5A,MG ZN 5CO,[Mg+2] [Zn+2] CCCOc1ccc(S(=O)(=O)N2CCN(C)CC2)cc1-c1nc(CC)c(Cl)c(=O)[nH]1
1XOZ,4G2W,O76074,PDE5A,ZN PEG MG NI0,[Zn+2] OCCOCCO [Mg+2] CCCOc1ccc(S(=O)(=O)N2CCN(C)CC2)cc1-c1nc(CC)c(CC)c(=O)[nH]1
1XOZ,4OEW,O76074,PDE5A,ZN MG 5IO,[Zn+2] [Mg+2] CCCOc1ccc(S(=O)(=O)N2CCN(C)CC2)cc1-c1nc(CC)c(I)c(=O)[nH]1
2CHM,5JO3,O76074,PDE5A,6LK ZN,COc1ncc(-n2nc(C)c3cc(C(=O)NS(C)(=O)=O)ccc32)cc1Cl [Zn+2]
2CHM,3SHY,O76074,PDE5A,MG ZN 5FO,[Mg+2] [Zn+2] CCCOc1ccc(S(=O)(=O)N2CCN(C)CC2)cc1-c1nc(CC)c(F)c(=O)[nH]1
2CHM,4G2W,O76074,PDE5A,ZN PEG MG NI0,[Zn+2] OCCOCCO [Mg+2] CCCOc1ccc(S(=O)(=O)N2CCN(C)CC2)cc1-c1nc(CC)c(CC)c(=O)[nH]1
3SHZ,5JO3,O76074,PDE5A,6LK ZN,COc1ncc(-n2nc(C)c3cc(C(=O)NS(C)(=O)=O)ccc32)cc1Cl [Zn+2]
3SHZ,3B2R,O76074,PDE5A,VDN,CCCc1nc(C)c2c(=O)nc(-c3cc(S(=O)(=O)N4CCN(CC)CC4)ccc3OCC)[nH]n12
3SHZ,2CHM,O76074,PDE5A,ZN MG 3P4 MES,[Zn+2] [Mg+2] C=CCCOc1ncc(C(=C)O)cc1-c1nc2c(CC)[n+](C3CN(CC)C3)[nH]c2c(=O)[nH]1 O=S(=O)([O-])CC[NH+]1CCOCC1
2H42,2CHM,O76074,PDE5A,ZN MG 3P4 MES,[Zn+2] [Mg+2] C=CCCOc1ncc(C(=C)O)cc1-c1nc2c(CC)[n+](C3CN(CC)C3)[nH]c2c(=O)[nH]1 O=S(=O)([O-])CC[NH+]1CCOCC1
2H42,1XOZ,O76074,PDE5A,ZN MG CIA,[Zn+2] [Mg+2] CN1CC(=O)N2[C@H](c3ccc4c(c3)OCO4)c3[nH]c4ccccc4c3C[C@@H]2C1=O
2H42,2H44,O76074,PDE5A,ZN MG 7CA,[Zn+2] [Mg+2] COc1ccc(-c2oc3c(CCC(C)C)c(O)cc(O)c3c(=O)c2O[C@@H]2O[C@@H](C)[C@H](O)[C@@H](O)[C@H]2O)cc1
4G2Y,2H42,O76074,PDE5A,ZN MG VIA,[Zn+2] [Mg+2] CCCc1nn(C)c2c(=O)[nH]c(-c3cc(S(=O)(=O)N4CCN(C)CC4)ccc3OCC)nc12
4G2Y,1RKP,O76074,PDE5A,ZN MG IBM,[Zn+2] [Mg+2] CC(C)Cn1c(=O)n(C)c(=O)c2nc[nH]c21
4G2Y,5JO3,O76074,PDE5A,6LK ZN,COc1ncc(-n2nc(C)c3cc(C(=O)NS(C)(=O)=O)ccc32)cc1Cl [Zn+2]
4G2Y,3HDZ,O76074,PDE5A,PD6 ZN MG,CCCCn1ccc(=O)c2c(N)nc(-c3ccccc3)cc21 [Zn+2] [Mg+2]
4G2Y,4OEX,O76074,PDE5A,5EO ZN MG,CCCOc1ccc(S(=O)(=O)N2CCN(C)CC2)cc1-c1nc(CC)cc(=O)[nH]1 [Zn+2] [Mg+2]
4G2Y,1XOZ,O76074,PDE5A,ZN MG CIA,[Zn+2] [Mg+2] CN1CC(=O)N2[C@H](c3ccc4c(c3)OCO4)c3[nH]c4ccccc4c3C[C@@H]2C1=O
1TBF,1RKP,O76074,PDE5A,ZN MG IBM,[Zn+2] [Mg+2] CC(C)Cn1c(=O)n(C)c(=O)c2nc[nH]c21
1TBF,3HDZ,O76074,PDE5A,PD6 ZN MG,CCCCn1ccc(=O)c2c(N)nc(-c3ccccc3)cc21 [Zn+2] [Mg+2]
1TBF,3TGE,O76074,PDE5A,ZN MG TGE,[Zn+2] [Mg+2] CCCOCCn1c(=O)c(NCCN2CCOCC2)nc2cnc(-c3ccc(OC)nc3)cc21
1TBF,2H44,O76074,PDE5A,ZN MG 7CA,[Zn+2] [Mg+2] COc1ccc(-c2oc3c(CCC(C)C)c(O)cc(O)c3c(=O)c2O[C@@H]2O[C@@H](C)[C@H](O)[C@@H](O)[C@H]2O)cc1
5JO3,2H42,O76074,PDE5A,ZN MG VIA,[Zn+2] [Mg+2] CCCc1nn(C)c2c(=O)[nH]c(-c3cc(S(=O)(=O)N4CCN(C)CC4)ccc3OCC)nc12
5JO3,1RKP,O76074,PDE5A,ZN MG IBM,[Zn+2] [Mg+2] CC(C)Cn1c(=O)n(C)c(=O)c2nc[nH]c21
2H44,1RKP,O76074,PDE5A,ZN MG IBM,[Zn+2] [Mg+2] CC(C)Cn1c(=O)n(C)c(=O)c2nc[nH]c21
2H44,4G2Y,O76074,PDE5A,NI5 MG ZN PEG,CCCOc1ccc(S(=O)(=O)N2CCN(C)CC2)cc1-c1nc2c(c(=O)[nH]1)CCC2 [Mg+2] [Zn+2] OCCOCCO
2H44,3HC8,O76074,PDE5A,MG ZN PD4,[Mg+2] [Zn+2] CCCOCCn1c(=O)c(NCCN2CCOCC2)nc2ccc(-c3ccc(OC)nc3)nc21
1T9S,3TGG,O76074,PDE5A,ZN MG 0H3,[Zn+2] [Mg+2] CCCOCCn1c(=O)nc(NCCOC(C)C)c2cnc(-c3ccc(OC)nc3)cc21
1T9S,1RKP,O76074,PDE5A,ZN MG IBM,[Zn+2] [Mg+2] CC(C)Cn1c(=O)n(C)c(=O)c2nc[nH]c21
1T9S,4IA0,O76074,PDE5A,5BB ZN MG,CCCCCCCCc1nc(-c2cc(S(=O)(=O)N3CCN(C)CC3)ccc2OCC)[nH]c(=O)c1Br [Zn+2] [Mg+2]
1T9S,3TGE,O76074,PDE5A,ZN MG TGE,[Zn+2] [Mg+2] CCCOCCn1c(=O)c(NCCN2CCOCC2)nc2cnc(-c3ccc(OC)nc3)cc21
1UDT,3TGE,O76074,PDE5A,ZN MG TGE,[Zn+2] [Mg+2] CCCOCCn1c(=O)c(NCCN2CCOCC2)nc2cnc(-c3ccc(OC)nc3)cc21
1UDT,2H44,O76074,PDE5A,ZN MG 7CA,[Zn+2] [Mg+2] COc1ccc(-c2oc3c(CCC(C)C)c(O)cc(O)c3c(=O)c2O[C@@H]2O[C@@H](C)[C@H](O)[C@@H](O)[C@H]2O)cc1
3JWQ,5JO3,O76074,PDE5A,6LK ZN,COc1ncc(-n2nc(C)c3cc(C(=O)NS(C)(=O)=O)ccc32)cc1Cl [Zn+2]
3JWQ,3SHZ,O76074,PDE5A,MG ZN 5CO,[Mg+2] [Zn+2] CCCOc1ccc(S(=O)(=O)N2CCN(C)CC2)cc1-c1nc(CC)c(Cl)c(=O)[nH]1
3JWQ,4IA0,O76074,PDE5A,5BB ZN MG,CCCCCCCCc1nc(-c2cc(S(=O)(=O)N3CCN(C)CC3)ccc2OCC)[nH]c(=O)c1Br [Zn+2] [Mg+2]
3B2R,4G2Y,O76074,PDE5A,NI5 MG ZN PEG,CCCOc1ccc(S(=O)(=O)N2CCN(C)CC2)cc1-c1nc2c(c(=O)[nH]1)CCC2 [Mg+2] [Zn+2] OCCOCCO
3B2R,3HDZ,O76074,PDE5A,PD6 ZN MG,CCCCn1ccc(=O)c2c(N)nc(-c3ccccc3)cc21 [Zn+2] [Mg+2]
3B2R,1T9S,O76074,PDE5A,ZN MG 5GP,[Zn+2] [Mg+2] Nc1nc2c(ncn2[C@@H]2O[C@H](COP(=O)(O)O)[C@@H](O)[C@H]2O)c(=O)[nH]1
3B2R,4OEX,O76074,PDE5A,5EO ZN MG,CCCOc1ccc(S(=O)(=O)N2CCN(C)CC2)cc1-c1nc(CC)cc(=O)[nH]1 [Zn+2] [Mg+2]
3B2R,2H44,O76074,PDE5A,ZN MG 7CA,[Zn+2] [Mg+2] COc1ccc(-c2oc3c(CCC(C)C)c(O)cc(O)c3c(=O)c2O[C@@H]2O[C@@H](C)[C@H](O)[C@@H](O)[C@H]2O)cc1
3HC8,3B2R,O76074,PDE5A,VDN,CCCc1nc(C)c2c(=O)nc(-c3cc(S(=O)(=O)N4CCN(CC)CC4)ccc3OCC)[nH]n12
3HC8,3SHZ,O76074,PDE5A,MG ZN 5CO,[Mg+2] [Zn+2] CCCOc1ccc(S(=O)(=O)N2CCN(C)CC2)cc1-c1nc(CC)c(Cl)c(=O)[nH]1
3HC8,4OEW,O76074,PDE5A,ZN MG 5IO,[Zn+2] [Mg+2] CCCOc1ccc(S(=O)(=O)N2CCN(C)CC2)cc1-c1nc(CC)c(I)c(=O)[nH]1
3TGE,1T9S,O76074,PDE5A,ZN MG 5GP,[Zn+2] [Mg+2] Nc1nc2c(ncn2[C@@H]2O[C@H](COP(=O)(O)O)[C@@H](O)[C@H]2O)c(=O)[nH]1
3TGE,4OEX,O76074,PDE5A,5EO ZN MG,CCCOc1ccc(S(=O)(=O)N2CCN(C)CC2)cc1-c1nc(CC)cc(=O)[nH]1 [Zn+2] [Mg+2]
3SIE,1RKP,O76074,PDE5A,ZN MG IBM,[Zn+2] [Mg+2] CC(C)Cn1c(=O)n(C)c(=O)c2nc[nH]c21
3SIE,3HDZ,O76074,PDE5A,PD6 ZN MG,CCCCn1ccc(=O)c2c(N)nc(-c3ccccc3)cc21 [Zn+2] [Mg+2]
3SIE,3SHY,O76074,PDE5A,MG ZN 5FO,[Mg+2] [Zn+2] CCCOc1ccc(S(=O)(=O)N2CCN(C)CC2)cc1-c1nc(CC)c(F)c(=O)[nH]1
3SIE,3SHZ,O76074,PDE5A,MG ZN 5CO,[Mg+2] [Zn+2] CCCOc1ccc(S(=O)(=O)N2CCN(C)CC2)cc1-c1nc(CC)c(Cl)c(=O)[nH]1
3SIE,4IA0,O76074,PDE5A,5BB ZN MG,CCCCCCCCc1nc(-c2cc(S(=O)(=O)N3CCN(C)CC3)ccc2OCC)[nH]c(=O)c1Br [Zn+2] [Mg+2]
1RKP,5JO3,O76074,PDE5A,6LK ZN,COc1ncc(-n2nc(C)c3cc(C(=O)NS(C)(=O)=O)ccc32)cc1Cl [Zn+2]
1RKP,4G2Y,O76074,PDE5A,NI5 MG ZN PEG,CCCOc1ccc(S(=O)(=O)N2CCN(C)CC2)cc1-c1nc2c(c(=O)[nH]1)CCC2 [Mg+2] [Zn+2] OCCOCCO
1UDU,2H42,O76074,PDE5A,ZN MG VIA,[Zn+2] [Mg+2] CCCc1nn(C)c2c(=O)[nH]c(-c3cc(S(=O)(=O)N4CCN(C)CC4)ccc3OCC)nc12
1UDU,3SIE,O76074,PDE5A,5BO,CCCOc1ccc(S(=O)(=O)N2CCN(C)CC2)cc1-c1nc(CC)c(Br)c(=O)[nH]1
1UDU,1RKP,O76074,PDE5A,ZN MG IBM,[Zn+2] [Mg+2] CC(C)Cn1c(=O)n(C)c(=O)c2nc[nH]c21
4G2W,3SHY,O76074,PDE5A,MG ZN 5FO,[Mg+2] [Zn+2] CCCOc1ccc(S(=O)(=O)N2CCN(C)CC2)cc1-c1nc(CC)c(F)c(=O)[nH]1
4G2W,3B2R,O76074,PDE5A,VDN,CCCc1nc(C)c2c(=O)nc(-c3cc(S(=O)(=O)N4CCN(CC)CC4)ccc3OCC)[nH]n12
4G2W,4OEW,O76074,PDE5A,ZN MG 5IO,[Zn+2] [Mg+2] CCCOc1ccc(S(=O)(=O)N2CCN(C)CC2)cc1-c1nc(CC)c(I)c(=O)[nH]1
1UHO,3SIE,O76074,PDE5A,5BO,CCCOc1ccc(S(=O)(=O)N2CCN(C)CC2)cc1-c1nc(CC)c(Br)c(=O)[nH]1
1UHO,5JO3,O76074,PDE5A,6LK ZN,COc1ncc(-n2nc(C)c3cc(C(=O)NS(C)(=O)=O)ccc32)cc1Cl [Zn+2]
1UHO,3HC8,O76074,PDE5A,MG ZN PD4,[Mg+2] [Zn+2] CCCOCCn1c(=O)c(NCCN2CCOCC2)nc2ccc(-c3ccc(OC)nc3)nc21
1UHO,1T9S,O76074,PDE5A,ZN MG 5GP,[Zn+2] [Mg+2] Nc1nc2c(ncn2[C@@H]2O[C@H](COP(=O)(O)O)[C@@H](O)[C@H]2O)c(=O)[nH]1
1UHO,4G2W,O76074,PDE5A,ZN PEG MG NI0,[Zn+2] OCCOCCO [Mg+2] CCCOc1ccc(S(=O)(=O)N2CCN(C)CC2)cc1-c1nc(CC)c(CC)c(=O)[nH]1
1UHO,3TGE,O76074,PDE5A,ZN MG TGE,[Zn+2] [Mg+2] CCCOCCn1c(=O)c(NCCN2CCOCC2)nc2cnc(-c3ccc(OC)nc3)cc21
3SHY,3TGG,O76074,PDE5A,ZN MG 0H3,[Zn+2] [Mg+2] CCCOCCn1c(=O)nc(NCCOC(C)C)c2cnc(-c3ccc(OC)nc3)cc21
3SHY,5JO3,O76074,PDE5A,6LK ZN,COc1ncc(-n2nc(C)c3cc(C(=O)NS(C)(=O)=O)ccc32)cc1Cl [Zn+2]
3SHY,3B2R,O76074,PDE5A,VDN,CCCc1nc(C)c2c(=O)nc(-c3cc(S(=O)(=O)N4CCN(CC)CC4)ccc3OCC)[nH]n12
4OEW,3SIE,O76074,PDE5A,5BO,CCCOc1ccc(S(=O)(=O)N2CCN(C)CC2)cc1-c1nc(CC)c(Br)c(=O)[nH]1
4OEW,4G2Y,O76074,PDE5A,NI5 MG ZN PEG,CCCOc1ccc(S(=O)(=O)N2CCN(C)CC2)cc1-c1nc2c(c(=O)[nH]1)CCC2 [Mg+2] [Zn+2] OCCOCCO
4OEW,3HC8,O76074,PDE5A,MG ZN PD4,[Mg+2] [Zn+2] CCCOCCn1c(=O)c(NCCN2CCOCC2)nc2ccc(-c3ccc(OC)nc3)nc21
4OEW,3SHY,O76074,PDE5A,MG ZN 5FO,[Mg+2] [Zn+2] CCCOc1ccc(S(=O)(=O)N2CCN(C)CC2)cc1-c1nc(CC)c(F)c(=O)[nH]1
4OEW,3SHZ,O76074,PDE5A,MG ZN 5CO,[Mg+2] [Zn+2] CCCOc1ccc(S(=O)(=O)N2CCN(C)CC2)cc1-c1nc(CC)c(Cl)c(=O)[nH]1
4OEW,4G2W,O76074,PDE5A,ZN PEG MG NI0,[Zn+2] OCCOCCO [Mg+2] CCCOc1ccc(S(=O)(=O)N2CCN(C)CC2)cc1-c1nc(CC)c(CC)c(=O)[nH]1
4OEW,2H44,O76074,PDE5A,ZN MG 7CA,[Zn+2] [Mg+2] COc1ccc(-c2oc3c(CCC(C)C)c(O)cc(O)c3c(=O)c2O[C@@H]2O[C@@H](C)[C@H](O)[C@@H](O)[C@H]2O)cc1
1XP0,3HDZ,O76074,PDE5A,PD6 ZN MG,CCCCn1ccc(=O)c2c(N)nc(-c3ccccc3)cc21 [Zn+2] [Mg+2]
3JWR,2H42,O76074,PDE5A,ZN MG VIA,[Zn+2] [Mg+2] CCCc1nn(C)c2c(=O)[nH]c(-c3cc(S(=O)(=O)N4CCN(C)CC4)ccc3OCC)nc12
3JWR,3HDZ,O76074,PDE5A,PD6 ZN MG,CCCCn1ccc(=O)c2c(N)nc(-c3ccccc3)cc21 [Zn+2] [Mg+2]
3JWR,3HC8,O76074,PDE5A,MG ZN PD4,[Mg+2] [Zn+2] CCCOCCn1c(=O)c(NCCN2CCOCC2)nc2ccc(-c3ccc(OC)nc3)nc21
3JWR,1T9S,O76074,PDE5A,ZN MG 5GP,[Zn+2] [Mg+2] Nc1nc2c(ncn2[C@@H]2O[C@H](COP(=O)(O)O)[C@@H](O)[C@H]2O)c(=O)[nH]1
3JWR,3SHZ,O76074,PDE5A,MG ZN 5CO,[Mg+2] [Zn+2] CCCOc1ccc(S(=O)(=O)N2CCN(C)CC2)cc1-c1nc(CC)c(Cl)c(=O)[nH]1
3JWR,4IA0,O76074,PDE5A,5BB ZN MG,CCCCCCCCc1nc(-c2cc(S(=O)(=O)N3CCN(C)CC3)ccc2OCC)[nH]c(=O)c1Br [Zn+2] [Mg+2]
3TGG,2H42,O76074,PDE5A,ZN MG VIA,[Zn+2] [Mg+2] CCCc1nn(C)c2c(=O)[nH]c(-c3cc(S(=O)(=O)N4CCN(C)CC4)ccc3OCC)nc12
3TGG,1RKP,O76074,PDE5A,ZN MG IBM,[Zn+2] [Mg+2] CC(C)Cn1c(=O)n(C)c(=O)c2nc[nH]c21
3TGG,5JO3,O76074,PDE5A,6LK ZN,COc1ncc(-n2nc(C)c3cc(C(=O)NS(C)(=O)=O)ccc32)cc1Cl [Zn+2]
3TGG,3HC8,O76074,PDE5A,MG ZN PD4,[Mg+2] [Zn+2] CCCOCCn1c(=O)c(NCCN2CCOCC2)nc2ccc(-c3ccc(OC)nc3)nc21
3TGG,3SHZ,O76074,PDE5A,MG ZN 5CO,[Mg+2] [Zn+2] CCCOc1ccc(S(=O)(=O)N2CCN(C)CC2)cc1-c1nc(CC)c(Cl)c(=O)[nH]1
4OEX,1T9S,O76074,PDE5A,ZN MG 5GP,[Zn+2] [Mg+2] Nc1nc2c(ncn2[C@@H]2O[C@H](COP(=O)(O)O)[C@@H](O)[C@H]2O)c(=O)[nH]1
4OEX,3B2R,O76074,PDE5A,VDN,CCCc1nc(C)c2c(=O)nc(-c3cc(S(=O)(=O)N4CCN(CC)CC4)ccc3OCC)[nH]n12
4OEX,1XOZ,O76074,PDE5A,ZN MG CIA,[Zn+2] [Mg+2] CN1CC(=O)N2[C@H](c3ccc4c(c3)OCO4)c3[nH]c4ccccc4c3C[C@@H]2C1=O
4OEX,4G2W,O76074,PDE5A,ZN PEG MG NI0,[Zn+2] OCCOCCO [Mg+2] CCCOc1ccc(S(=O)(=O)N2CCN(C)CC2)cc1-c1nc(CC)c(CC)c(=O)[nH]1
1IGX,4O1Z,P05979,PTGS1,HEM NAG MXM,CC(=O)N[C@@H]1[C@@H](O)[C@H](O)[C@@H](CO)O[C@H]1O Cc1cnc(NC(=O)C2=C(O)c3ccccc3S(=O)(=O)N2C)s1
1IGX,1Q4G,P05979,PTGS1,BOG BFL HEM GOL,CCCCCCCCO[C@@H]1O[C@H](CO)[C@@H](O)[C@H](O)[C@H]1O C[C@H](C(=O)O)c1ccc(-c2ccccc2)cc1 OCC(O)CO
1IGX,2OYU,P05979,PTGS1,BOG IMS HEM,CCCCCCCCO[C@@H]1O[C@H](CO)[C@@H](O)[C@H](O)[C@H]1O CC[C@@H](CO)NC(=O)Cc1c(C)n(C(=O)c2ccc(Cl)cc2)c2ccc(OC)cc12
1IGX,1EBV,P05979,PTGS1,NAG SCL HEM,CC(=O)N[C@@H]1[C@@H](O)[C@H](O)[C@@H](CO)O[C@H]1O CC(=O)ONC(=O)c1ccccc1O
1IGX,1HT5,P05979,PTGS1,BOG FL2 HEM NAG,CCCCCCCCO[C@@H]1O[C@H](CO)[C@@H](O)[C@H](O)[C@H]1O COC(=O)[C@@H](C)c1ccc(-c2ccccc2)c(F)c1 CC(=O)N[C@@H]1[C@@H](O)[C@H](O)[C@@H](CO)O[C@H]1O
1IGX,3N8X,P05979,PTGS1,HEM NAG NIM BOG,CC(=O)N[C@@H]1[C@@H](O)[C@H](O)[C@@H](CO)O[C@H]1O CS(=O)(=O)Nc1ccc([N+](=O)[O-])cc1Oc1ccccc1 CCCCCCCCO[C@@H]1O[C@H](CO)[C@@H](O)[C@H](O)[C@H]1O
1CQE,1Q4G,P05979,PTGS1,BOG BFL HEM GOL,CCCCCCCCO[C@@H]1O[C@H](CO)[C@@H](O)[C@H](O)[C@H]1O C[C@H](C(=O)O)c1ccc(-c2ccccc2)cc1 OCC(O)CO
1CQE,1EQG,P05979,PTGS1,NAG BOG HEM IBP,CC(=O)N[C@@H]1[C@@H](O)[C@H](O)[C@@H](CO)O[C@H]1O CCCCCCCCO[C@@H]1O[C@H](CO)[C@@H](O)[C@H](O)[C@H]1O CC(C)Cc1ccc([C@H](C)C(=O)O)cc1
1CQE,1IGX,P05979,PTGS1,BOG BGC COH EPA,CCCCCCCCO[C@@H]1O[C@H](CO)[C@@H](O)[C@H](O)[C@H]1O OC[C@H]1O[C@@H](O)[C@H](O)[C@@H](O)[C@@H]1O C=CC1=C(C)C2=NC1=Cc1c(C)c(CCC(=O)O)c3n1[Co]n1c(c(C)c(C=C)c1=C2)=CC1=NC(=C3)C(CCC(=O)O)=C1C CC/C=C\C/C=C\C/C=C\C/C=C\C/C=C\CCCC(=O)O
1CQE,3N8Y,P05979,PTGS1,HEM DIF BOG SAL,O=C(O)Cc1ccccc1Nc1c(Cl)cccc1Cl CCCCCCCCO[C@@H]1O[C@H](CO)[C@@H](O)[C@H](O)[C@H]1O O=C(O)c1ccccc1O
1CQE,1IGZ,P05979,PTGS1,BGC BOG COH EIC,OC[C@H]1O[C@@H](O)[C@H](O)[C@@H](O)[C@@H]1O CCCCCCCCO[C@@H]1O[C@H](CO)[C@@H](O)[C@H](O)[C@H]1O C=CC1=C(C)C2=NC1=Cc1c(C)c(CCC(=O)O)c3n1[Co]n1c(c(C)c(C=C)c1=C2)=CC1=NC(=C3)C(CCC(=O)O)=C1C CCCCC/C=C\C/C=C\CCCCCCCC(=O)O
1CQE,1HT8,P05979,PTGS1,NAG BOG HEM 34C,CC(=O)N[C@@H]1[C@@H](O)[C@H](O)[C@@H](CO)O[C@H]1O CCCCCCCCO[C@@H]1O[C@H](CO)[C@@H](O)[C@H](O)[C@H]1O CCCOc1ccc(CC(=O)O)cc1Cl
3N8Y,3KK6,P05979,PTGS1,HEM CEL BOG FLC,Cc1ccc(-c2cc(C(F)(F)F)nn2-c2ccc(S(N)(=O)=O)cc2)cc1 CCCCCCCCO[C@@H]1O[C@H](CO)[C@@H](O)[C@H](O)[C@H]1O O=C([O-])CC(O)(CC(=O)[O-])C(=O)[O-]
3N8Y,1EQG,P05979,PTGS1,NAG BOG HEM IBP,CC(=O)N[C@@H]1[C@@H](O)[C@H](O)[C@@H](CO)O[C@H]1O CCCCCCCCO[C@@H]1O[C@H](CO)[C@@H](O)[C@H](O)[C@H]1O CC(C)Cc1ccc([C@H](C)C(=O)O)cc1
3N8Y,1EBV,P05979,PTGS1,NAG SCL HEM,CC(=O)N[C@@H]1[C@@H](O)[C@H](O)[C@@H](CO)O[C@H]1O CC(=O)ONC(=O)c1ccccc1O
3N8Y,1HT5,P05979,PTGS1,BOG FL2 HEM NAG,CCCCCCCCO[C@@H]1O[C@H](CO)[C@@H](O)[C@H](O)[C@H]1O COC(=O)[C@@H](C)c1ccc(-c2ccccc2)c(F)c1 CC(=O)N[C@@H]1[C@@H](O)[C@H](O)[C@@H](CO)O[C@H]1O
3N8Y,1HT8,P05979,PTGS1,NAG BOG HEM 34C,CC(=O)N[C@@H]1[C@@H](O)[C@H](O)[C@@H](CO)O[C@H]1O CCCCCCCCO[C@@H]1O[C@H](CO)[C@@H](O)[C@H](O)[C@H]1O CCCOc1ccc(CC(=O)O)cc1Cl
4O1Z,1IGX,P05979,PTGS1,BOG BGC COH EPA,CCCCCCCCO[C@@H]1O[C@H](CO)[C@@H](O)[C@H](O)[C@H]1O OC[C@H]1O[C@@H](O)[C@H](O)[C@@H](O)[C@@H]1O C=CC1=C(C)C2=NC1=Cc1c(C)c(CCC(=O)O)c3n1[Co]n1c(c(C)c(C=C)c1=C2)=CC1=NC(=C3)C(CCC(=O)O)=C1C CC/C=C\C/C=C\C/C=C\C/C=C\C/C=C\CCCC(=O)O
4O1Z,1EBV,P05979,PTGS1,NAG SCL HEM,CC(=O)N[C@@H]1[C@@H](O)[C@H](O)[C@@H](CO)O[C@H]1O CC(=O)ONC(=O)c1ccccc1O
4O1Z,3N8X,P05979,PTGS1,HEM NAG NIM BOG,CC(=O)N[C@@H]1[C@@H](O)[C@H](O)[C@@H](CO)O[C@H]1O CS(=O)(=O)Nc1ccc([N+](=O)[O-])cc1Oc1ccccc1 CCCCCCCCO[C@@H]1O[C@H](CO)[C@@H](O)[C@H](O)[C@H]1O
1Q4G,3N8W,P05979,PTGS1,HEM FLP BOG,C[C@H](C(=O)O)c1ccc(-c2ccccc2)c(F)c1 CCCCCCCCO[C@@H]1O[C@H](CO)[C@@H](O)[C@H](O)[C@H]1O
1Q4G,3KK6,P05979,PTGS1,HEM CEL BOG FLC,Cc1ccc(-c2cc(C(F)(F)F)nn2-c2ccc(S(N)(=O)=O)cc2)cc1 CCCCCCCCO[C@@H]1O[C@H](CO)[C@@H](O)[C@H](O)[C@H]1O O=C([O-])CC(O)(CC(=O)[O-])C(=O)[O-]
1Q4G,1IGX,P05979,PTGS1,BOG BGC COH EPA,CCCCCCCCO[C@@H]1O[C@H](CO)[C@@H](O)[C@H](O)[C@H]1O OC[C@H]1O[C@@H](O)[C@H](O)[C@@H](O)[C@@H]1O C=CC1=C(C)C2=NC1=Cc1c(C)c(CCC(=O)O)c3n1[Co]n1c(c(C)c(C=C)c1=C2)=CC1=NC(=C3)C(CCC(=O)O)=C1C CC/C=C\C/C=C\C/C=C\C/C=C\C/C=C\CCCC(=O)O
1Q4G,3N8Y,P05979,PTGS1,HEM DIF BOG SAL,O=C(O)Cc1ccccc1Nc1c(Cl)cccc1Cl CCCCCCCCO[C@@H]1O[C@H](CO)[C@@H](O)[C@H](O)[C@H]1O O=C(O)c1ccccc1O
1Q4G,1HT5,P05979,PTGS1,BOG FL2 HEM NAG,CCCCCCCCO[C@@H]1O[C@H](CO)[C@@H](O)[C@H](O)[C@H]1O COC(=O)[C@@H](C)c1ccc(-c2ccccc2)c(F)c1 CC(=O)N[C@@H]1[C@@H](O)[C@H](O)[C@@H](CO)O[C@H]1O
1IGZ,4O1Z,P05979,PTGS1,HEM NAG MXM,CC(=O)N[C@@H]1[C@@H](O)[C@H](O)[C@@H](CO)O[C@H]1O Cc1cnc(NC(=O)C2=C(O)c3ccccc3S(=O)(=O)N2C)s1
1IGZ,1EQG,P05979,PTGS1,NAG BOG HEM IBP,CC(=O)N[C@@H]1[C@@H](O)[C@H](O)[C@@H](CO)O[C@H]1O CCCCCCCCO[C@@H]1O[C@H](CO)[C@@H](O)[C@H](O)[C@H]1O CC(C)Cc1ccc([C@H](C)C(=O)O)cc1
1IGZ,1IGX,P05979,PTGS1,BOG BGC COH EPA,CCCCCCCCO[C@@H]1O[C@H](CO)[C@@H](O)[C@H](O)[C@H]1O OC[C@H]1O[C@@H](O)[C@H](O)[C@@H](O)[C@@H]1O C=CC1=C(C)C2=NC1=Cc1c(C)c(CCC(=O)O)c3n1[Co]n1c(c(C)c(C=C)c1=C2)=CC1=NC(=C3)C(CCC(=O)O)=C1C CC/C=C\C/C=C\C/C=C\C/C=C\C/C=C\CCCC(=O)O
1IGZ,1EBV,P05979,PTGS1,NAG SCL HEM,CC(=O)N[C@@H]1[C@@H](O)[C@H](O)[C@@H](CO)O[C@H]1O CC(=O)ONC(=O)c1ccccc1O
1IGZ,3N8Y,P05979,PTGS1,HEM DIF BOG SAL,O=C(O)Cc1ccccc1Nc1c(Cl)cccc1Cl CCCCCCCCO[C@@H]1O[C@H](CO)[C@@H](O)[C@H](O)[C@H]1O O=C(O)c1ccccc1O
1IGZ,1HT5,P05979,PTGS1,BOG FL2 HEM NAG,CCCCCCCCO[C@@H]1O[C@H](CO)[C@@H](O)[C@H](O)[C@H]1O COC(=O)[C@@H](C)c1ccc(-c2ccccc2)c(F)c1 CC(=O)N[C@@H]1[C@@H](O)[C@H](O)[C@@H](CO)O[C@H]1O
1IGZ,1PGG,P05979,PTGS1,NAG HEM IMM,CC(=O)N[C@@H]1[C@@H](O)[C@H](O)[C@@H](CO)O[C@H]1O COc1ccc2c(c1)c(CC(=O)O)c(C)n2C(=O)c1ccc(I)cc1
1IGZ,3N8X,P05979,PTGS1,HEM NAG NIM BOG,CC(=O)N[C@@H]1[C@@H](O)[C@H](O)[C@@H](CO)O[C@H]1O CS(=O)(=O)Nc1ccc([N+](=O)[O-])cc1Oc1ccccc1 CCCCCCCCO[C@@H]1O[C@H](CO)[C@@H](O)[C@H](O)[C@H]1O
1EQG,3N8W,P05979,PTGS1,HEM FLP BOG,C[C@H](C(=O)O)c1ccc(-c2ccccc2)c(F)c1 CCCCCCCCO[C@@H]1O[C@H](CO)[C@@H](O)[C@H](O)[C@H]1O
1EQG,4O1Z,P05979,PTGS1,HEM NAG MXM,CC(=O)N[C@@H]1[C@@H](O)[C@H](O)[C@@H](CO)O[C@H]1O Cc1cnc(NC(=O)C2=C(O)c3ccccc3S(=O)(=O)N2C)s1
1EQG,1Q4G,P05979,PTGS1,BOG BFL HEM GOL,CCCCCCCCO[C@@H]1O[C@H](CO)[C@@H](O)[C@H](O)[C@H]1O C[C@H](C(=O)O)c1ccc(-c2ccccc2)cc1 OCC(O)CO
1EQG,1IGZ,P05979,PTGS1,BGC BOG COH EIC,OC[C@H]1O[C@@H](O)[C@H](O)[C@@H](O)[C@@H]1O CCCCCCCCO[C@@H]1O[C@H](CO)[C@@H](O)[C@H](O)[C@H]1O C=CC1=C(C)C2=NC1=Cc1c(C)c(CCC(=O)O)c3n1[Co]n1c(c(C)c(C=C)c1=C2)=CC1=NC(=C3)C(CCC(=O)O)=C1C CCCCC/C=C\C/C=C\CCCCCCCC(=O)O
1EQG,3N8X,P05979,PTGS1,HEM NAG NIM BOG,CC(=O)N[C@@H]1[C@@H](O)[C@H](O)[C@@H](CO)O[C@H]1O CS(=O)(=O)Nc1ccc([N+](=O)[O-])cc1Oc1ccccc1 CCCCCCCCO[C@@H]1O[C@H](CO)[C@@H](O)[C@H](O)[C@H]1O
1HT8,3N8W,P05979,PTGS1,HEM FLP BOG,C[C@H](C(=O)O)c1ccc(-c2ccccc2)c(F)c1 CCCCCCCCO[C@@H]1O[C@H](CO)[C@@H](O)[C@H](O)[C@H]1O
1HT8,1EQG,P05979,PTGS1,NAG BOG HEM IBP,CC(=O)N[C@@H]1[C@@H](O)[C@H](O)[C@@H](CO)O[C@H]1O CCCCCCCCO[C@@H]1O[C@H](CO)[C@@H](O)[C@H](O)[C@H]1O CC(C)Cc1ccc([C@H](C)C(=O)O)cc1
1HT8,3N8Y,P05979,PTGS1,HEM DIF BOG SAL,O=C(O)Cc1ccccc1Nc1c(Cl)cccc1Cl CCCCCCCCO[C@@H]1O[C@H](CO)[C@@H](O)[C@H](O)[C@H]1O O=C(O)c1ccccc1O
1HT8,3N8X,P05979,PTGS1,HEM NAG NIM BOG,CC(=O)N[C@@H]1[C@@H](O)[C@H](O)[C@@H](CO)O[C@H]1O CS(=O)(=O)Nc1ccc([N+](=O)[O-])cc1Oc1ccccc1 CCCCCCCCO[C@@H]1O[C@H](CO)[C@@H](O)[C@H](O)[C@H]1O
1EQH,1Q4G,P05979,PTGS1,BOG BFL HEM GOL,CCCCCCCCO[C@@H]1O[C@H](CO)[C@@H](O)[C@H](O)[C@H]1O C[C@H](C(=O)O)c1ccc(-c2ccccc2)cc1 OCC(O)CO
1EQH,3N8Y,P05979,PTGS1,HEM DIF BOG SAL,O=C(O)Cc1ccccc1Nc1c(Cl)cccc1Cl CCCCCCCCO[C@@H]1O[C@H](CO)[C@@H](O)[C@H](O)[C@H]1O O=C(O)c1ccccc1O
1EQH,1PGG,P05979,PTGS1,NAG HEM IMM,CC(=O)N[C@@H]1[C@@H](O)[C@H](O)[C@@H](CO)O[C@H]1O COc1ccc2c(c1)c(CC(=O)O)c(C)n2C(=O)c1ccc(I)cc1
1EQH,1IGZ,P05979,PTGS1,BGC BOG COH EIC,OC[C@H]1O[C@@H](O)[C@H](O)[C@@H](O)[C@@H]1O CCCCCCCCO[C@@H]1O[C@H](CO)[C@@H](O)[C@H](O)[C@H]1O C=CC1=C(C)C2=NC1=Cc1c(C)c(CCC(=O)O)c3n1[Co]n1c(c(C)c(C=C)c1=C2)=CC1=NC(=C3)C(CCC(=O)O)=C1C CCCCC/C=C\C/C=C\CCCCCCCC(=O)O
1EQH,3N8X,P05979,PTGS1,HEM NAG NIM BOG,CC(=O)N[C@@H]1[C@@H](O)[C@H](O)[C@@H](CO)O[C@H]1O CS(=O)(=O)Nc1ccc([N+](=O)[O-])cc1Oc1ccccc1 CCCCCCCCO[C@@H]1O[C@H](CO)[C@@H](O)[C@H](O)[C@H]1O
1PGF,3N8W,P05979,PTGS1,HEM FLP BOG,C[C@H](C(=O)O)c1ccc(-c2ccccc2)c(F)c1 CCCCCCCCO[C@@H]1O[C@H](CO)[C@@H](O)[C@H](O)[C@H]1O
1PGF,3KK6,P05979,PTGS1,HEM CEL BOG FLC,Cc1ccc(-c2cc(C(F)(F)F)nn2-c2ccc(S(N)(=O)=O)cc2)cc1 CCCCCCCCO[C@@H]1O[C@H](CO)[C@@H](O)[C@H](O)[C@H]1O O=C([O-])CC(O)(CC(=O)[O-])C(=O)[O-]
1PGF,1Q4G,P05979,PTGS1,BOG BFL HEM GOL,CCCCCCCCO[C@@H]1O[C@H](CO)[C@@H](O)[C@H](O)[C@H]1O C[C@H](C(=O)O)c1ccc(-c2ccccc2)cc1 OCC(O)CO
1PGF,2OYU,P05979,PTGS1,BOG IMS HEM,CCCCCCCCO[C@@H]1O[C@H](CO)[C@@H](O)[C@H](O)[C@H]1O CC[C@@H](CO)NC(=O)Cc1c(C)n(C(=O)c2ccc(Cl)cc2)c2ccc(OC)cc12
1PGF,3N8Y,P05979,PTGS1,HEM DIF BOG SAL,O=C(O)Cc1ccccc1Nc1c(Cl)cccc1Cl CCCCCCCCO[C@@H]1O[C@H](CO)[C@@H](O)[C@H](O)[C@H]1O O=C(O)c1ccccc1O
1PGF,1IGZ,P05979,PTGS1,BGC BOG COH EIC,OC[C@H]1O[C@@H](O)[C@H](O)[C@@H](O)[C@@H]1O CCCCCCCCO[C@@H]1O[C@H](CO)[C@@H](O)[C@H](O)[C@H]1O C=CC1=C(C)C2=NC1=Cc1c(C)c(CCC(=O)O)c3n1[Co]n1c(c(C)c(C=C)c1=C2)=CC1=NC(=C3)C(CCC(=O)O)=C1C CCCCC/C=C\C/C=C\CCCCCCCC(=O)O
1HT5,3KK6,P05979,PTGS1,HEM CEL BOG FLC,Cc1ccc(-c2cc(C(F)(F)F)nn2-c2ccc(S(N)(=O)=O)cc2)cc1 CCCCCCCCO[C@@H]1O[C@H](CO)[C@@H](O)[C@H](O)[C@H]1O O=C([O-])CC(O)(CC(=O)[O-])C(=O)[O-]
1HT5,1IGX,P05979,PTGS1,BOG BGC COH EPA,CCCCCCCCO[C@@H]1O[C@H](CO)[C@@H](O)[C@H](O)[C@H]1O OC[C@H]1O[C@@H](O)[C@H](O)[C@@H](O)[C@@H]1O C=CC1=C(C)C2=NC1=Cc1c(C)c(CCC(=O)O)c3n1[Co]n1c(c(C)c(C=C)c1=C2)=CC1=NC(=C3)C(CCC(=O)O)=C1C CC/C=C\C/C=C\C/C=C\C/C=C\C/C=C\CCCC(=O)O
1HT5,1PGG,P05979,PTGS1,NAG HEM IMM,CC(=O)N[C@@H]1[C@@H](O)[C@H](O)[C@@H](CO)O[C@H]1O COc1ccc2c(c1)c(CC(=O)O)c(C)n2C(=O)c1ccc(I)cc1
1HT5,1HT8,P05979,PTGS1,NAG BOG HEM 34C,CC(=O)N[C@@H]1[C@@H](O)[C@H](O)[C@@H](CO)O[C@H]1O CCCCCCCCO[C@@H]1O[C@H](CO)[C@@H](O)[C@H](O)[C@H]1O CCCOc1ccc(CC(=O)O)cc1Cl
1HT5,3N8X,P05979,PTGS1,HEM NAG NIM BOG,CC(=O)N[C@@H]1[C@@H](O)[C@H](O)[C@@H](CO)O[C@H]1O CS(=O)(=O)Nc1ccc([N+](=O)[O-])cc1Oc1ccccc1 CCCCCCCCO[C@@H]1O[C@H](CO)[C@@H](O)[C@H](O)[C@H]1O
3N8W,2OYU,P05979,PTGS1,BOG IMS HEM,CCCCCCCCO[C@@H]1O[C@H](CO)[C@@H](O)[C@H](O)[C@H]1O CC[C@@H](CO)NC(=O)Cc1c(C)n(C(=O)c2ccc(Cl)cc2)c2ccc(OC)cc12
3N8W,1EBV,P05979,PTGS1,NAG SCL HEM,CC(=O)N[C@@H]1[C@@H](O)[C@H](O)[C@@H](CO)O[C@H]1O CC(=O)ONC(=O)c1ccccc1O
3N8W,1IGZ,P05979,PTGS1,BGC BOG COH EIC,OC[C@H]1O[C@@H](O)[C@H](O)[C@@H](O)[C@@H]1O CCCCCCCCO[C@@H]1O[C@H](CO)[C@@H](O)[C@H](O)[C@H]1O C=CC1=C(C)C2=NC1=Cc1c(C)c(CCC(=O)O)c3n1[Co]n1c(c(C)c(C=C)c1=C2)=CC1=NC(=C3)C(CCC(=O)O)=C1C CCCCC/C=C\C/C=C\CCCCCCCC(=O)O
3N8W,3N8X,P05979,PTGS1,HEM NAG NIM BOG,CC(=O)N[C@@H]1[C@@H](O)[C@H](O)[C@@H](CO)O[C@H]1O CS(=O)(=O)Nc1ccc([N+](=O)[O-])cc1Oc1ccccc1 CCCCCCCCO[C@@H]1O[C@H](CO)[C@@H](O)[C@H](O)[C@H]1O
3N8Z,3KK6,P05979,PTGS1,HEM CEL BOG FLC,Cc1ccc(-c2cc(C(F)(F)F)nn2-c2ccc(S(N)(=O)=O)cc2)cc1 CCCCCCCCO[C@@H]1O[C@H](CO)[C@@H](O)[C@H](O)[C@H]1O O=C([O-])CC(O)(CC(=O)[O-])C(=O)[O-]
3N8Z,1EQG,P05979,PTGS1,NAG BOG HEM IBP,CC(=O)N[C@@H]1[C@@H](O)[C@H](O)[C@@H](CO)O[C@H]1O CCCCCCCCO[C@@H]1O[C@H](CO)[C@@H](O)[C@H](O)[C@H]1O CC(C)Cc1ccc([C@H](C)C(=O)O)cc1
3N8Z,1IGX,P05979,PTGS1,BOG BGC COH EPA,CCCCCCCCO[C@@H]1O[C@H](CO)[C@@H](O)[C@H](O)[C@H]1O OC[C@H]1O[C@@H](O)[C@H](O)[C@@H](O)[C@@H]1O C=CC1=C(C)C2=NC1=Cc1c(C)c(CCC(=O)O)c3n1[Co]n1c(c(C)c(C=C)c1=C2)=CC1=NC(=C3)C(CCC(=O)O)=C1C CC/C=C\C/C=C\C/C=C\C/C=C\C/C=C\CCCC(=O)O
3N8Z,1EBV,P05979,PTGS1,NAG SCL HEM,CC(=O)N[C@@H]1[C@@H](O)[C@H](O)[C@@H](CO)O[C@H]1O CC(=O)ONC(=O)c1ccccc1O
3N8Z,1IGZ,P05979,PTGS1,BGC BOG COH EIC,OC[C@H]1O[C@@H](O)[C@H](O)[C@@H](O)[C@@H]1O CCCCCCCCO[C@@H]1O[C@H](CO)[C@@H](O)[C@H](O)[C@H]1O C=CC1=C(C)C2=NC1=Cc1c(C)c(CCC(=O)O)c3n1[Co]n1c(c(C)c(C=C)c1=C2)=CC1=NC(=C3)C(CCC(=O)O)=C1C CCCCC/C=C\C/C=C\CCCCCCCC(=O)O
3N8X,1Q4G,P05979,PTGS1,BOG BFL HEM GOL,CCCCCCCCO[C@@H]1O[C@H](CO)[C@@H](O)[C@H](O)[C@H]1O C[C@H](C(=O)O)c1ccc(-c2ccccc2)cc1 OCC(O)CO
3N8X,2OYU,P05979,PTGS1,BOG IMS HEM,CCCCCCCCO[C@@H]1O[C@H](CO)[C@@H](O)[C@H](O)[C@H]1O CC[C@@H](CO)NC(=O)Cc1c(C)n(C(=O)c2ccc(Cl)cc2)c2ccc(OC)cc12
3N8X,1IGX,P05979,PTGS1,BOG BGC COH EPA,CCCCCCCCO[C@@H]1O[C@H](CO)[C@@H](O)[C@H](O)[C@H]1O OC[C@H]1O[C@@H](O)[C@H](O)[C@@H](O)[C@@H]1O C=CC1=C(C)C2=NC1=Cc1c(C)c(CCC(=O)O)c3n1[Co]n1c(c(C)c(C=C)c1=C2)=CC1=NC(=C3)C(CCC(=O)O)=C1C CC/C=C\C/C=C\C/C=C\C/C=C\C/C=C\CCCC(=O)O
3N8X,3N8Y,P05979,PTGS1,HEM DIF BOG SAL,O=C(O)Cc1ccccc1Nc1c(Cl)cccc1Cl CCCCCCCCO[C@@H]1O[C@H](CO)[C@@H](O)[C@H](O)[C@H]1O O=C(O)c1ccccc1O
3N8X,1HT5,P05979,PTGS1,BOG FL2 HEM NAG,CCCCCCCCO[C@@H]1O[C@H](CO)[C@@H](O)[C@H](O)[C@H]1O COC(=O)[C@@H](C)c1ccc(-c2ccccc2)c(F)c1 CC(=O)N[C@@H]1[C@@H](O)[C@H](O)[C@@H](CO)O[C@H]1O
3N8X,1PGG,P05979,PTGS1,NAG HEM IMM,CC(=O)N[C@@H]1[C@@H](O)[C@H](O)[C@@H](CO)O[C@H]1O COc1ccc2c(c1)c(CC(=O)O)c(C)n2C(=O)c1ccc(I)cc1
3N8X,1HT8,P05979,PTGS1,NAG BOG HEM 34C,CC(=O)N[C@@H]1[C@@H](O)[C@H](O)[C@@H](CO)O[C@H]1O CCCCCCCCO[C@@H]1O[C@H](CO)[C@@H](O)[C@H](O)[C@H]1O CCCOc1ccc(CC(=O)O)cc1Cl
1PGG,3N8W,P05979,PTGS1,HEM FLP BOG,C[C@H](C(=O)O)c1ccc(-c2ccccc2)c(F)c1 CCCCCCCCO[C@@H]1O[C@H](CO)[C@@H](O)[C@H](O)[C@H]1O
1PGG,1IGX,P05979,PTGS1,BOG BGC COH EPA,CCCCCCCCO[C@@H]1O[C@H](CO)[C@@H](O)[C@H](O)[C@H]1O OC[C@H]1O[C@@H](O)[C@H](O)[C@@H](O)[C@@H]1O C=CC1=C(C)C2=NC1=Cc1c(C)c(CCC(=O)O)c3n1[Co]n1c(c(C)c(C=C)c1=C2)=CC1=NC(=C3)C(CCC(=O)O)=C1C CC/C=C\C/C=C\C/C=C\C/C=C\C/C=C\CCCC(=O)O
1PGG,1IGZ,P05979,PTGS1,BGC BOG COH EIC,OC[C@H]1O[C@@H](O)[C@H](O)[C@@H](O)[C@@H]1O CCCCCCCCO[C@@H]1O[C@H](CO)[C@@H](O)[C@H](O)[C@H]1O C=CC1=C(C)C2=NC1=Cc1c(C)c(CCC(=O)O)c3n1[Co]n1c(c(C)c(C=C)c1=C2)=CC1=NC(=C3)C(CCC(=O)O)=C1C CCCCC/C=C\C/C=C\CCCCCCCC(=O)O
1EBV,1Q4G,P05979,PTGS1,BOG BFL HEM GOL,CCCCCCCCO[C@@H]1O[C@H](CO)[C@@H](O)[C@H](O)[C@H]1O C[C@H](C(=O)O)c1ccc(-c2ccccc2)cc1 OCC(O)CO
1EBV,1IGX,P05979,PTGS1,BOG BGC COH EPA,CCCCCCCCO[C@@H]1O[C@H](CO)[C@@H](O)[C@H](O)[C@H]1O OC[C@H]1O[C@@H](O)[C@H](O)[C@@H](O)[C@@H]1O C=CC1=C(C)C2=NC1=Cc1c(C)c(CCC(=O)O)c3n1[Co]n1c(c(C)c(C=C)c1=C2)=CC1=NC(=C3)C(CCC(=O)O)=C1C CC/C=C\C/C=C\C/C=C\C/C=C\C/C=C\CCCC(=O)O
1EBV,1HT5,P05979,PTGS1,BOG FL2 HEM NAG,CCCCCCCCO[C@@H]1O[C@H](CO)[C@@H](O)[C@H](O)[C@H]1O COC(=O)[C@@H](C)c1ccc(-c2ccccc2)c(F)c1 CC(=O)N[C@@H]1[C@@H](O)[C@H](O)[C@@H](CO)O[C@H]1O
1EBV,1IGZ,P05979,PTGS1,BGC BOG COH EIC,OC[C@H]1O[C@@H](O)[C@H](O)[C@@H](O)[C@@H]1O CCCCCCCCO[C@@H]1O[C@H](CO)[C@@H](O)[C@H](O)[C@H]1O C=CC1=C(C)C2=NC1=Cc1c(C)c(CCC(=O)O)c3n1[Co]n1c(c(C)c(C=C)c1=C2)=CC1=NC(=C3)C(CCC(=O)O)=C1C CCCCC/C=C\C/C=C\CCCCCCCC(=O)O
2AYL,1Q4G,P05979,PTGS1,BOG BFL HEM GOL,CCCCCCCCO[C@@H]1O[C@H](CO)[C@@H](O)[C@H](O)[C@H]1O C[C@H](C(=O)O)c1ccc(-c2ccccc2)cc1 OCC(O)CO
2AYL,2OYU,P05979,PTGS1,BOG IMS HEM,CCCCCCCCO[C@@H]1O[C@H](CO)[C@@H](O)[C@H](O)[C@H]1O CC[C@@H](CO)NC(=O)Cc1c(C)n(C(=O)c2ccc(Cl)cc2)c2ccc(OC)cc12
2AYL,1IGX,P05979,PTGS1,BOG BGC COH EPA,CCCCCCCCO[C@@H]1O[C@H](CO)[C@@H](O)[C@H](O)[C@H]1O OC[C@H]1O[C@@H](O)[C@H](O)[C@@H](O)[C@@H]1O C=CC1=C(C)C2=NC1=Cc1c(C)c(CCC(=O)O)c3n1[Co]n1c(c(C)c(C=C)c1=C2)=CC1=NC(=C3)C(CCC(=O)O)=C1C CC/C=C\C/C=C\C/C=C\C/C=C\C/C=C\CCCC(=O)O
2AYL,3N8Y,P05979,PTGS1,HEM DIF BOG SAL,O=C(O)Cc1ccccc1Nc1c(Cl)cccc1Cl CCCCCCCCO[C@@H]1O[C@H](CO)[C@@H](O)[C@H](O)[C@H]1O O=C(O)c1ccccc1O
2AYL,1PGG,P05979,PTGS1,NAG HEM IMM,CC(=O)N[C@@H]1[C@@H](O)[C@H](O)[C@@H](CO)O[C@H]1O COc1ccc2c(c1)c(CC(=O)O)c(C)n2C(=O)c1ccc(I)cc1
2AYL,3N8X,P05979,PTGS1,HEM NAG NIM BOG,CC(=O)N[C@@H]1[C@@H](O)[C@H](O)[C@@H](CO)O[C@H]1O CS(=O)(=O)Nc1ccc([N+](=O)[O-])cc1Oc1ccccc1 CCCCCCCCO[C@@H]1O[C@H](CO)[C@@H](O)[C@H](O)[C@H]1O
3KK6,1Q4G,P05979,PTGS1,BOG BFL HEM GOL,CCCCCCCCO[C@@H]1O[C@H](CO)[C@@H](O)[C@H](O)[C@H]1O C[C@H](C(=O)O)c1ccc(-c2ccccc2)cc1 OCC(O)CO
3KK6,1IGX,P05979,PTGS1,BOG BGC COH EPA,CCCCCCCCO[C@@H]1O[C@H](CO)[C@@H](O)[C@H](O)[C@H]1O OC[C@H]1O[C@@H](O)[C@H](O)[C@@H](O)[C@@H]1O C=CC1=C(C)C2=NC1=Cc1c(C)c(CCC(=O)O)c3n1[Co]n1c(c(C)c(C=C)c1=C2)=CC1=NC(=C3)C(CCC(=O)O)=C1C CC/C=C\C/C=C\C/C=C\C/C=C\C/C=C\CCCC(=O)O
3KK6,1EBV,P05979,PTGS1,NAG SCL HEM,CC(=O)N[C@@H]1[C@@H](O)[C@H](O)[C@@H](CO)O[C@H]1O CC(=O)ONC(=O)c1ccccc1O
3KK6,1PGG,P05979,PTGS1,NAG HEM IMM,CC(=O)N[C@@H]1[C@@H](O)[C@H](O)[C@@H](CO)O[C@H]1O COc1ccc2c(c1)c(CC(=O)O)c(C)n2C(=O)c1ccc(I)cc1
3KK6,1IGZ,P05979,PTGS1,BGC BOG COH EIC,OC[C@H]1O[C@@H](O)[C@H](O)[C@@H](O)[C@@H]1O CCCCCCCCO[C@@H]1O[C@H](CO)[C@@H](O)[C@H](O)[C@H]1O C=CC1=C(C)C2=NC1=Cc1c(C)c(CCC(=O)O)c3n1[Co]n1c(c(C)c(C=C)c1=C2)=CC1=NC(=C3)C(CCC(=O)O)=C1C CCCCC/C=C\C/C=C\CCCCCCCC(=O)O
3KK6,3N8X,P05979,PTGS1,HEM NAG NIM BOG,CC(=O)N[C@@H]1[C@@H](O)[C@H](O)[C@@H](CO)O[C@H]1O CS(=O)(=O)Nc1ccc([N+](=O)[O-])cc1Oc1ccccc1 CCCCCCCCO[C@@H]1O[C@H](CO)[C@@H](O)[C@H](O)[C@H]1O
2OYU,3KK6,P05979,PTGS1,HEM CEL BOG FLC,Cc1ccc(-c2cc(C(F)(F)F)nn2-c2ccc(S(N)(=O)=O)cc2)cc1 CCCCCCCCO[C@@H]1O[C@H](CO)[C@@H](O)[C@H](O)[C@H]1O O=C([O-])CC(O)(CC(=O)[O-])C(=O)[O-]
2OYU,1EQG,P05979,PTGS1,NAG BOG HEM IBP,CC(=O)N[C@@H]1[C@@H](O)[C@H](O)[C@@H](CO)O[C@H]1O CCCCCCCCO[C@@H]1O[C@H](CO)[C@@H](O)[C@H](O)[C@H]1O CC(C)Cc1ccc([C@H](C)C(=O)O)cc1
2OYU,3N8Y,P05979,PTGS1,HEM DIF BOG SAL,O=C(O)Cc1ccccc1Nc1c(Cl)cccc1Cl CCCCCCCCO[C@@H]1O[C@H](CO)[C@@H](O)[C@H](O)[C@H]1O O=C(O)c1ccccc1O
2OYU,1HT5,P05979,PTGS1,BOG FL2 HEM NAG,CCCCCCCCO[C@@H]1O[C@H](CO)[C@@H](O)[C@H](O)[C@H]1O COC(=O)[C@@H](C)c1ccc(-c2ccccc2)c(F)c1 CC(=O)N[C@@H]1[C@@H](O)[C@H](O)[C@@H](CO)O[C@H]1O
2OYU,1PGG,P05979,PTGS1,NAG HEM IMM,CC(=O)N[C@@H]1[C@@H](O)[C@H](O)[C@@H](CO)O[C@H]1O COc1ccc2c(c1)c(CC(=O)O)c(C)n2C(=O)c1ccc(I)cc1
2OYU,1HT8,P05979,PTGS1,NAG BOG HEM 34C,CC(=O)N[C@@H]1[C@@H](O)[C@H](O)[C@@H](CO)O[C@H]1O CCCCCCCCO[C@@H]1O[C@H](CO)[C@@H](O)[C@H](O)[C@H]1O CCCOc1ccc(CC(=O)O)cc1Cl
2OYU,3N8X,P05979,PTGS1,HEM NAG NIM BOG,CC(=O)N[C@@H]1[C@@H](O)[C@H](O)[C@@H](CO)O[C@H]1O CS(=O)(=O)Nc1ccc([N+](=O)[O-])cc1Oc1ccccc1 CCCCCCCCO[C@@H]1O[C@H](CO)[C@@H](O)[C@H](O)[C@H]1O
3HS6,4M10,Q05769,PTGS2,NAG HEM ICD BOG,CC(=O)N[C@@H]1[C@@H](O)[C@H](O)[C@@H](CO)O[C@H]1O Cc1cc(NC(=O)C2=C(O)c3ccccc3S(=O)(=O)N2C)no1 CCCCCCCCO[C@@H]1O[C@H](CO)[C@@H](O)[C@H](O)[C@H]1O
3HS6,4RRW,Q05769,PTGS2,NAG LUR,CC(=O)N[C@@H]1[C@@H](O)[C@H](O)[C@@H](CO)O[C@H]1O Cc1ccc(Nc2c(F)cccc2Cl)c(CC(=O)O)c1
3HS6,4COX,Q05769,PTGS2,NAG HEM IMN,CC(=O)N[C@@H]1[C@@H](O)[C@H](O)[C@@H](CO)O[C@H]1O COc1ccc2c(c1)c(CC(=O)O)c(C)n2C(=O)c1ccc(Cl)cc1
3HS6,3PGH,Q05769,PTGS2,NAG HEM FLP,CC(=O)N[C@@H]1[C@@H](O)[C@H](O)[C@@H](CO)O[C@H]1O C[C@H](C(=O)O)c1ccc(-c2ccccc2)c(F)c1
3HS6,4M11,Q05769,PTGS2,BOG MXM HEM NAG,CCCCCCCCO[C@@H]1O[C@H](CO)[C@@H](O)[C@H](O)[C@H]1O Cc1cnc(NC(=O)C2=C(O)c3ccccc3S(=O)(=O)N2C)s1 CC(=O)N[C@@H]1[C@@H](O)[C@H](O)[C@@H](CO)O[C@H]1O
3MQE,3PGH,Q05769,PTGS2,NAG HEM FLP,CC(=O)N[C@@H]1[C@@H](O)[C@H](O)[C@@H](CO)O[C@H]1O C[C@H](C(=O)O)c1ccc(-c2ccccc2)c(F)c1
3MQE,1PXX,Q05769,PTGS2,NAG BOG HEM DIF,CC(=O)N[C@@H]1[C@@H](O)[C@H](O)[C@@H](CO)O[C@H]1O CCCCCCCCO[C@@H]1O[C@H](CO)[C@@H](O)[C@H](O)[C@H]1O O=C(O)Cc1ccccc1Nc1c(Cl)cccc1Cl
3QMO,4OTJ,Q05769,PTGS2,NAG HEM IXP BOG,CC(=O)N[C@@H]1[C@@H](O)[C@H](O)[C@@H](CO)O[C@H]1O COc1ccc2c(c1)c(CC(=O)NCCCCNC(=O)CCC(=O)O[C@@H]1c3cc4c(cc3[C@H](c3cc(OC)c(OC)c(OC)c3)[C@@H]3C(=O)OC[C@H]31)OCO4)c(C)n2C(=O)c1ccc(Cl)cc1 CCCCCCCCO[C@@H]1O[C@H](CO)[C@@H](O)[C@H](O)[C@H]1O
3QMO,5JW1,Q05769,PTGS2,COH CEL BOG NAG,C=CC1=C(C)C2=NC1=Cc1c(C)c(CCC(=O)O)c3n1[Co]n1c(c(C)c(C=C)c1=C2)=CC1=NC(=C3)C(CCC(=O)O)=C1C Cc1ccc(-c2cc(C(F)(F)F)nn2-c2ccc(S(N)(=O)=O)cc2)cc1 CCCCCCCCO[C@@H]1O[C@H](CO)[C@@H](O)[C@H](O)[C@H]1O CC(=O)N[C@@H]1[C@@H](O)[C@H](O)[C@@H](CO)O[C@H]1O
3QMO,3LN0,Q05769,PTGS2,HEM NAG 52B BOG,CC(=O)N[C@@H]1[C@@H](O)[C@H](O)[C@@H](CO)O[C@H]1O O=C(O)C1=Cc2cc(Cl)cc(Cl)c2O[C@@H]1C(F)(F)F CCCCCCCCO[C@@H]1O[C@H](CO)[C@@H](O)[C@H](O)[C@H]1O
3QMO,3QH0,Q05769,PTGS2,EDO PLM AKR COH NAG BOG,OCCO CCCCCCCCCCCCCCCC(=O)O C=CC(=O)O C=CC1=C(C)C2=NC1=Cc1c(C)c(CCC(=O)O)c3n1[Co]n1c(c(C)c(C=C)c1=C2)=CC1=NC(=C3)C(CCC(=O)O)=C1C CC(=O)N[C@@H]1[C@@H](O)[C@H](O)[C@@H](CO)O[C@H]1O CCCCCCCCO[C@@H]1O[C@H](CO)[C@@H](O)[C@H](O)[C@H]1O
3QMO,5FDQ,Q05769,PTGS2,COH AKR 60A BOG NAG,C=CC1=C(C)C2=NC1=Cc1c(C)c(CCC(=O)O)c3n1[Co]n1c(c(C)c(C=C)c1=C2)=CC1=NC(=C3)C(CCC(=O)O)=C1C C=CC(=O)O C[C@H](COCCO)OCO CCCCCCCCO[C@@H]1O[C@H](CO)[C@@H](O)[C@H](O)[C@H]1O CC(=O)N[C@@H]1[C@@H](O)[C@H](O)[C@@H](CO)O[C@H]1O
3HS5,4M10,Q05769,PTGS2,NAG HEM ICD BOG,CC(=O)N[C@@H]1[C@@H](O)[C@H](O)[C@@H](CO)O[C@H]1O Cc1cc(NC(=O)C2=C(O)c3ccccc3S(=O)(=O)N2C)no1 CCCCCCCCO[C@@H]1O[C@H](CO)[C@@H](O)[C@H](O)[C@H]1O
3HS5,3MQE,Q05769,PTGS2,HEM NAG BOG 416,CC(=O)N[C@@H]1[C@@H](O)[C@H](O)[C@@H](CO)O[C@H]1O CCCCCCCCO[C@@H]1O[C@H](CO)[C@@H](O)[C@H](O)[C@H]1O CC(C)(C)c1cc2c(cc1Cl)C=C(C(=O)O)[C@@H](C(F)(F)F)O2
3HS5,3HS7,Q05769,PTGS2,AKR COH NAG BOG HXA EDO,C=CC(=O)O C=CC1=C(C)C2=NC1=Cc1c(C)c(CCC(=O)O)c3n1[Co]n1c(c(C)c(C=C)c1=C2)=CC1=NC(=C3)C(CCC(=O)O)=C1C CC(=O)N[C@@H]1[C@@H](O)[C@H](O)[C@@H](CO)O[C@H]1O CCCCCCCCO[C@@H]1O[C@H](CO)[C@@H](O)[C@H](O)[C@H]1O CC/C=C\C/C=C\C/C=C\C/C=C\C/C=C\C/C=C\CCC(=O)O OCCO
4M10,3QMO,Q05769,PTGS2,GOL NS4 HEM NAG BOG MAN,OCC(O)CO CS(=O)(=O)Nc1ccc([N+](=O)[O-])cc1OC1CCCCC1 CC(=O)N[C@@H]1[C@@H](O)[C@H](O)[C@@H](CO)O[C@H]1O CCCCCCCCO[C@@H]1O[C@H](CO)[C@@H](O)[C@H](O)[C@H]1O OC[C@H]1O[C@H](O)[C@@H](O)[C@@H](O)[C@@H]1O
4M10,4COX,Q05769,PTGS2,NAG HEM IMN,CC(=O)N[C@@H]1[C@@H](O)[C@H](O)[C@@H](CO)O[C@H]1O COc1ccc2c(c1)c(CC(=O)O)c(C)n2C(=O)c1ccc(Cl)cc1
4M10,4E1G,Q05769,PTGS2,LNL COH NAG BOG EDO AKR,CC/C=C\C/C=C\C/C=C\CCCCCCCC(=O)O C=CC1=C(C)C2=NC1=Cc1c(C)c(CCC(=O)O)c3n1[Co]n1c(c(C)c(C=C)c1=C2)=CC1=NC(=C3)C(CCC(=O)O)=C1C CC(=O)N[C@@H]1[C@@H](O)[C@H](O)[C@@H](CO)O[C@H]1O CCCCCCCCO[C@@H]1O[C@H](CO)[C@@H](O)[C@H](O)[C@H]1O OCCO C=CC(=O)O
3KRK,4M10,Q05769,PTGS2,NAG HEM ICD BOG,CC(=O)N[C@@H]1[C@@H](O)[C@H](O)[C@@H](CO)O[C@H]1O Cc1cc(NC(=O)C2=C(O)c3ccccc3S(=O)(=O)N2C)no1 CCCCCCCCO[C@@H]1O[C@H](CO)[C@@H](O)[C@H](O)[C@H]1O
3KRK,3LN0,Q05769,PTGS2,HEM NAG 52B BOG,CC(=O)N[C@@H]1[C@@H](O)[C@H](O)[C@@H](CO)O[C@H]1O O=C(O)C1=Cc2cc(Cl)cc(Cl)c2O[C@@H]1C(F)(F)F CCCCCCCCO[C@@H]1O[C@H](CO)[C@@H](O)[C@H](O)[C@H]1O
3KRK,4RRW,Q05769,PTGS2,NAG LUR,CC(=O)N[C@@H]1[C@@H](O)[C@H](O)[C@@H](CO)O[C@H]1O Cc1ccc(Nc2c(F)cccc2Cl)c(CC(=O)O)c1
3KRK,1DDX,Q05769,PTGS2,NAG BOG PGX,CC(=O)N[C@@H]1[C@@H](O)[C@H](O)[C@@H](CO)O[C@H]1O CCCCCCCCO[C@@H]1O[C@H](CO)[C@@H](O)[C@H](O)[C@H]1O CCCCC[C@@H](/C=C/[C@@H]1[C@@H](C/C=C\CCCC(=O)O)[C@@H]2C[C@H]1OO2)OO
3KRK,3HS6,Q05769,PTGS2,EPA AKR COH NAG BOG EDO,CC/C=C\C/C=C\C/C=C\C/C=C\C/C=C\CCCC(=O)O C=CC(=O)O C=CC1=C(C)C2=NC1=Cc1c(C)c(CCC(=O)O)c3n1[Co]n1c(c(C)c(C=C)c1=C2)=CC1=NC(=C3)C(CCC(=O)O)=C1C CC(=O)N[C@@H]1[C@@H](O)[C@H](O)[C@@H](CO)O[C@H]1O CCCCCCCCO[C@@H]1O[C@H](CO)[C@@H](O)[C@H](O)[C@H]1O OCCO
3KRK,4M11,Q05769,PTGS2,BOG MXM HEM NAG,CCCCCCCCO[C@@H]1O[C@H](CO)[C@@H](O)[C@H](O)[C@H]1O Cc1cnc(NC(=O)C2=C(O)c3ccccc3S(=O)(=O)N2C)s1 CC(=O)N[C@@H]1[C@@H](O)[C@H](O)[C@@H](CO)O[C@H]1O
1DDX,4M10,Q05769,PTGS2,NAG HEM ICD BOG,CC(=O)N[C@@H]1[C@@H](O)[C@H](O)[C@@H](CO)O[C@H]1O Cc1cc(NC(=O)C2=C(O)c3ccccc3S(=O)(=O)N2C)no1 CCCCCCCCO[C@@H]1O[C@H](CO)[C@@H](O)[C@H](O)[C@H]1O
1DDX,3MDL,Q05769,PTGS2,1AG AKR GOL COH NAG BOG,CCCCC/C=C\C/C=C\C/C=C\C/C=C\CCCC(=O)OC[C@@H](O)CO C=CC(=O)O OCC(O)CO C=CC1=C(C)C2=NC1=Cc1c(C)c(CCC(=O)O)c3n1[Co]n1c(c(C)c(C=C)c1=C2)=CC1=NC(=C3)C(CCC(=O)O)=C1C CC(=O)N[C@@H]1[C@@H](O)[C@H](O)[C@@H](CO)O[C@H]1O CCCCCCCCO[C@@H]1O[C@H](CO)[C@@H](O)[C@H](O)[C@H]1O
3LN1,4M10,Q05769,PTGS2,NAG HEM ICD BOG,CC(=O)N[C@@H]1[C@@H](O)[C@H](O)[C@@H](CO)O[C@H]1O Cc1cc(NC(=O)C2=C(O)c3ccccc3S(=O)(=O)N2C)no1 CCCCCCCCO[C@@H]1O[C@H](CO)[C@@H](O)[C@H](O)[C@H]1O
3LN1,1CVU,Q05769,PTGS2,NAG BOG ACD,CC(=O)N[C@@H]1[C@@H](O)[C@H](O)[C@@H](CO)O[C@H]1O CCCCCCCCO[C@@H]1O[C@H](CO)[C@@H](O)[C@H](O)[C@H]1O CCCCC/C=C\C/C=C\C/C=C\C/C=C\CCCC(=O)O
3LN1,3MDL,Q05769,PTGS2,1AG AKR GOL COH NAG BOG,CCCCC/C=C\C/C=C\C/C=C\C/C=C\CCCC(=O)OC[C@@H](O)CO C=CC(=O)O OCC(O)CO C=CC1=C(C)C2=NC1=Cc1c(C)c(CCC(=O)O)c3n1[Co]n1c(c(C)c(C=C)c1=C2)=CC1=NC(=C3)C(CCC(=O)O)=C1C CC(=O)N[C@@H]1[C@@H](O)[C@H](O)[C@@H](CO)O[C@H]1O CCCCCCCCO[C@@H]1O[C@H](CO)[C@@H](O)[C@H](O)[C@H]1O
3LN1,3QMO,Q05769,PTGS2,GOL NS4 HEM NAG BOG MAN,OCC(O)CO CS(=O)(=O)Nc1ccc([N+](=O)[O-])cc1OC1CCCCC1 CC(=O)N[C@@H]1[C@@H](O)[C@H](O)[C@@H](CO)O[C@H]1O CCCCCCCCO[C@@H]1O[C@H](CO)[C@@H](O)[C@H](O)[C@H]1O OC[C@H]1O[C@H](O)[C@@H](O)[C@@H](O)[C@@H]1O
3LN1,3QH0,Q05769,PTGS2,EDO PLM AKR COH NAG BOG,OCCO CCCCCCCCCCCCCCCC(=O)O C=CC(=O)O C=CC1=C(C)C2=NC1=Cc1c(C)c(CCC(=O)O)c3n1[Co]n1c(c(C)c(C=C)c1=C2)=CC1=NC(=C3)C(CCC(=O)O)=C1C CC(=O)N[C@@H]1[C@@H](O)[C@H](O)[C@@H](CO)O[C@H]1O CCCCCCCCO[C@@H]1O[C@H](CO)[C@@H](O)[C@H](O)[C@H]1O
3LN1,3NTG,Q05769,PTGS2,HEM NAG BOG D72,CC(=O)N[C@@H]1[C@@H](O)[C@H](O)[C@@H](CO)O[C@H]1O CCCCCCCCO[C@@H]1O[C@H](CO)[C@@H](O)[C@H](O)[C@H]1O CC(C)COc1c(Cl)cc2c(c1Cl)O[C@@H](C(F)(F)F)C(C(=O)O)=C2
3LN1,3HS6,Q05769,PTGS2,EPA AKR COH NAG BOG EDO,CC/C=C\C/C=C\C/C=C\C/C=C\C/C=C\CCCC(=O)O C=CC(=O)O C=CC1=C(C)C2=NC1=Cc1c(C)c(CCC(=O)O)c3n1[Co]n1c(c(C)c(C=C)c1=C2)=CC1=NC(=C3)C(CCC(=O)O)=C1C CC(=O)N[C@@H]1[C@@H](O)[C@H](O)[C@@H](CO)O[C@H]1O CCCCCCCCO[C@@H]1O[C@H](CO)[C@@H](O)[C@H](O)[C@H]1O OCCO
3LN1,4E1G,Q05769,PTGS2,LNL COH NAG BOG EDO AKR,CC/C=C\C/C=C\C/C=C\CCCCCCCC(=O)O C=CC1=C(C)C2=NC1=Cc1c(C)c(CCC(=O)O)c3n1[Co]n1c(c(C)c(C=C)c1=C2)=CC1=NC(=C3)C(CCC(=O)O)=C1C CC(=O)N[C@@H]1[C@@H](O)[C@H](O)[C@@H](CO)O[C@H]1O CCCCCCCCO[C@@H]1O[C@H](CO)[C@@H](O)[C@H](O)[C@H]1O OCCO C=CC(=O)O
3LN1,3HS7,Q05769,PTGS2,AKR COH NAG BOG HXA EDO,C=CC(=O)O C=CC1=C(C)C2=NC1=Cc1c(C)c(CCC(=O)O)c3n1[Co]n1c(c(C)c(C=C)c1=C2)=CC1=NC(=C3)C(CCC(=O)O)=C1C CC(=O)N[C@@H]1[C@@H](O)[C@H](O)[C@@H](CO)O[C@H]1O CCCCCCCCO[C@@H]1O[C@H](CO)[C@@H](O)[C@H](O)[C@H]1O CC/C=C\C/C=C\C/C=C\C/C=C\C/C=C\C/C=C\CCC(=O)O OCCO
3PGH,4OTJ,Q05769,PTGS2,NAG HEM IXP BOG,CC(=O)N[C@@H]1[C@@H](O)[C@H](O)[C@@H](CO)O[C@H]1O COc1ccc2c(c1)c(CC(=O)NCCCCNC(=O)CCC(=O)O[C@@H]1c3cc4c(cc3[C@H](c3cc(OC)c(OC)c(OC)c3)[C@@H]3C(=O)OC[C@H]31)OCO4)c(C)n2C(=O)c1ccc(Cl)cc1 CCCCCCCCO[C@@H]1O[C@H](CO)[C@@H](O)[C@H](O)[C@H]1O
3PGH,4RUT,Q05769,PTGS2,NAG COH LM8 BOG,CC(=O)N[C@@H]1[C@@H](O)[C@H](O)[C@@H](CO)O[C@H]1O C=CC1=C(C)C2=NC1=Cc1c(C)c(CCC(=O)O)c3n1[Co]n1c(c(C)c(C=C)c1=C2)=CC1=NC(=C3)C(CCC(=O)O)=C1C CCCCC/C=C\[C@H](C)/C=C\C/C=C\C/C=C\CCCC(=O)O CCCCCCCCO[C@@H]1O[C@H](CO)[C@@H](O)[C@H](O)[C@H]1O
3PGH,3MDL,Q05769,PTGS2,1AG AKR GOL COH NAG BOG,CCCCC/C=C\C/C=C\C/C=C\C/C=C\CCCC(=O)OC[C@@H](O)CO C=CC(=O)O OCC(O)CO C=CC1=C(C)C2=NC1=Cc1c(C)c(CCC(=O)O)c3n1[Co]n1c(c(C)c(C=C)c1=C2)=CC1=NC(=C3)C(CCC(=O)O)=C1C CC(=O)N[C@@H]1[C@@H](O)[C@H](O)[C@@H](CO)O[C@H]1O CCCCCCCCO[C@@H]1O[C@H](CO)[C@@H](O)[C@H](O)[C@H]1O
3PGH,4RRW,Q05769,PTGS2,NAG LUR,CC(=O)N[C@@H]1[C@@H](O)[C@H](O)[C@@H](CO)O[C@H]1O Cc1ccc(Nc2c(F)cccc2Cl)c(CC(=O)O)c1
3PGH,1PXX,Q05769,PTGS2,NAG BOG HEM DIF,CC(=O)N[C@@H]1[C@@H](O)[C@H](O)[C@@H](CO)O[C@H]1O CCCCCCCCO[C@@H]1O[C@H](CO)[C@@H](O)[C@H](O)[C@H]1O O=C(O)Cc1ccccc1Nc1c(Cl)cccc1Cl
3OLT,4COX,Q05769,PTGS2,NAG HEM IMN,CC(=O)N[C@@H]1[C@@H](O)[C@H](O)[C@@H](CO)O[C@H]1O COc1ccc2c(c1)c(CC(=O)O)c(C)n2C(=O)c1ccc(Cl)cc1
4OTY,4OTJ,Q05769,PTGS2,NAG HEM IXP BOG,CC(=O)N[C@@H]1[C@@H](O)[C@H](O)[C@@H](CO)O[C@H]1O COc1ccc2c(c1)c(CC(=O)NCCCCNC(=O)CCC(=O)O[C@@H]1c3cc4c(cc3[C@H](c3cc(OC)c(OC)c(OC)c3)[C@@H]3C(=O)OC[C@H]31)OCO4)c(C)n2C(=O)c1ccc(Cl)cc1 CCCCCCCCO[C@@H]1O[C@H](CO)[C@@H](O)[C@H](O)[C@H]1O
4OTY,5JW1,Q05769,PTGS2,COH CEL BOG NAG,C=CC1=C(C)C2=NC1=Cc1c(C)c(CCC(=O)O)c3n1[Co]n1c(c(C)c(C=C)c1=C2)=CC1=NC(=C3)C(CCC(=O)O)=C1C Cc1ccc(-c2cc(C(F)(F)F)nn2-c2ccc(S(N)(=O)=O)cc2)cc1 CCCCCCCCO[C@@H]1O[C@H](CO)[C@@H](O)[C@H](O)[C@H]1O CC(=O)N[C@@H]1[C@@H](O)[C@H](O)[C@@H](CO)O[C@H]1O
4OTY,1CVU,Q05769,PTGS2,NAG BOG ACD,CC(=O)N[C@@H]1[C@@H](O)[C@H](O)[C@@H](CO)O[C@H]1O CCCCCCCCO[C@@H]1O[C@H](CO)[C@@H](O)[C@H](O)[C@H]1O CCCCC/C=C\C/C=C\C/C=C\C/C=C\CCCC(=O)O
4OTY,3MQE,Q05769,PTGS2,HEM NAG BOG 416,CC(=O)N[C@@H]1[C@@H](O)[C@H](O)[C@@H](CO)O[C@H]1O CCCCCCCCO[C@@H]1O[C@H](CO)[C@@H](O)[C@H](O)[C@H]1O CC(C)(C)c1cc2c(cc1Cl)C=C(C(=O)O)[C@@H](C(F)(F)F)O2
6COX,5JW1,Q05769,PTGS2,COH CEL BOG NAG,C=CC1=C(C)C2=NC1=Cc1c(C)c(CCC(=O)O)c3n1[Co]n1c(c(C)c(C=C)c1=C2)=CC1=NC(=C3)C(CCC(=O)O)=C1C Cc1ccc(-c2cc(C(F)(F)F)nn2-c2ccc(S(N)(=O)=O)cc2)cc1 CCCCCCCCO[C@@H]1O[C@H](CO)[C@@H](O)[C@H](O)[C@H]1O CC(=O)N[C@@H]1[C@@H](O)[C@H](O)[C@@H](CO)O[C@H]1O
6COX,3QH0,Q05769,PTGS2,EDO PLM AKR COH NAG BOG,OCCO CCCCCCCCCCCCCCCC(=O)O C=CC(=O)O C=CC1=C(C)C2=NC1=Cc1c(C)c(CCC(=O)O)c3n1[Co]n1c(c(C)c(C=C)c1=C2)=CC1=NC(=C3)C(CCC(=O)O)=C1C CC(=O)N[C@@H]1[C@@H](O)[C@H](O)[C@@H](CO)O[C@H]1O CCCCCCCCO[C@@H]1O[C@H](CO)[C@@H](O)[C@H](O)[C@H]1O
6COX,4COX,Q05769,PTGS2,NAG HEM IMN,CC(=O)N[C@@H]1[C@@H](O)[C@H](O)[C@@H](CO)O[C@H]1O COc1ccc2c(c1)c(CC(=O)O)c(C)n2C(=O)c1ccc(Cl)cc1
5JW1,4RUT,Q05769,PTGS2,NAG COH LM8 BOG,CC(=O)N[C@@H]1[C@@H](O)[C@H](O)[C@@H](CO)O[C@H]1O C=CC1=C(C)C2=NC1=Cc1c(C)c(CCC(=O)O)c3n1[Co]n1c(c(C)c(C=C)c1=C2)=CC1=NC(=C3)C(CCC(=O)O)=C1C CCCCC/C=C\[C@H](C)/C=C\C/C=C\C/C=C\CCCC(=O)O CCCCCCCCO[C@@H]1O[C@H](CO)[C@@H](O)[C@H](O)[C@H]1O
5JW1,3MDL,Q05769,PTGS2,1AG AKR GOL COH NAG BOG,CCCCC/C=C\C/C=C\C/C=C\C/C=C\CCCC(=O)OC[C@@H](O)CO C=CC(=O)O OCC(O)CO C=CC1=C(C)C2=NC1=Cc1c(C)c(CCC(=O)O)c3n1[Co]n1c(c(C)c(C=C)c1=C2)=CC1=NC(=C3)C(CCC(=O)O)=C1C CC(=O)N[C@@H]1[C@@H](O)[C@H](O)[C@@H](CO)O[C@H]1O CCCCCCCCO[C@@H]1O[C@H](CO)[C@@H](O)[C@H](O)[C@H]1O
5JW1,3QH0,Q05769,PTGS2,EDO PLM AKR COH NAG BOG,OCCO CCCCCCCCCCCCCCCC(=O)O C=CC(=O)O C=CC1=C(C)C2=NC1=Cc1c(C)c(CCC(=O)O)c3n1[Co]n1c(c(C)c(C=C)c1=C2)=CC1=NC(=C3)C(CCC(=O)O)=C1C CC(=O)N[C@@H]1[C@@H](O)[C@H](O)[C@@H](CO)O[C@H]1O CCCCCCCCO[C@@H]1O[C@H](CO)[C@@H](O)[C@H](O)[C@H]1O
5JW1,5FDQ,Q05769,PTGS2,COH AKR 60A BOG NAG,C=CC1=C(C)C2=NC1=Cc1c(C)c(CCC(=O)O)c3n1[Co]n1c(c(C)c(C=C)c1=C2)=CC1=NC(=C3)C(CCC(=O)O)=C1C C=CC(=O)O C[C@H](COCCO)OCO CCCCCCCCO[C@@H]1O[C@H](CO)[C@@H](O)[C@H](O)[C@H]1O CC(=O)N[C@@H]1[C@@H](O)[C@H](O)[C@@H](CO)O[C@H]1O
1CX2,3QMO,Q05769,PTGS2,GOL NS4 HEM NAG BOG MAN,OCC(O)CO CS(=O)(=O)Nc1ccc([N+](=O)[O-])cc1OC1CCCCC1 CC(=O)N[C@@H]1[C@@H](O)[C@H](O)[C@@H](CO)O[C@H]1O CCCCCCCCO[C@@H]1O[C@H](CO)[C@@H](O)[C@H](O)[C@H]1O OC[C@H]1O[C@H](O)[C@@H](O)[C@@H](O)[C@@H]1O
1CX2,3QH0,Q05769,PTGS2,EDO PLM AKR COH NAG BOG,OCCO CCCCCCCCCCCCCCCC(=O)O C=CC(=O)O C=CC1=C(C)C2=NC1=Cc1c(C)c(CCC(=O)O)c3n1[Co]n1c(c(C)c(C=C)c1=C2)=CC1=NC(=C3)C(CCC(=O)O)=C1C CC(=O)N[C@@H]1[C@@H](O)[C@H](O)[C@@H](CO)O[C@H]1O CCCCCCCCO[C@@H]1O[C@H](CO)[C@@H](O)[C@H](O)[C@H]1O
1CX2,3PGH,Q05769,PTGS2,NAG HEM FLP,CC(=O)N[C@@H]1[C@@H](O)[C@H](O)[C@@H](CO)O[C@H]1O C[C@H](C(=O)O)c1ccc(-c2ccccc2)c(F)c1
4E1G,4RRW,Q05769,PTGS2,NAG LUR,CC(=O)N[C@@H]1[C@@H](O)[C@H](O)[C@@H](CO)O[C@H]1O Cc1ccc(Nc2c(F)cccc2Cl)c(CC(=O)O)c1
4E1G,1PXX,Q05769,PTGS2,NAG BOG HEM DIF,CC(=O)N[C@@H]1[C@@H](O)[C@H](O)[C@@H](CO)O[C@H]1O CCCCCCCCO[C@@H]1O[C@H](CO)[C@@H](O)[C@H](O)[C@H]1O O=C(O)Cc1ccccc1Nc1c(Cl)cccc1Cl
4E1G,4M11,Q05769,PTGS2,BOG MXM HEM NAG,CCCCCCCCO[C@@H]1O[C@H](CO)[C@@H](O)[C@H](O)[C@H]1O Cc1cnc(NC(=O)C2=C(O)c3ccccc3S(=O)(=O)N2C)s1 CC(=O)N[C@@H]1[C@@H](O)[C@H](O)[C@@H](CO)O[C@H]1O
1CVU,4M10,Q05769,PTGS2,NAG HEM ICD BOG,CC(=O)N[C@@H]1[C@@H](O)[C@H](O)[C@@H](CO)O[C@H]1O Cc1cc(NC(=O)C2=C(O)c3ccccc3S(=O)(=O)N2C)no1 CCCCCCCCO[C@@H]1O[C@H](CO)[C@@H](O)[C@H](O)[C@H]1O
1CVU,4M11,Q05769,PTGS2,BOG MXM HEM NAG,CCCCCCCCO[C@@H]1O[C@H](CO)[C@@H](O)[C@H](O)[C@H]1O Cc1cnc(NC(=O)C2=C(O)c3ccccc3S(=O)(=O)N2C)s1 CC(=O)N[C@@H]1[C@@H](O)[C@H](O)[C@@H](CO)O[C@H]1O
5FDQ,5JW1,Q05769,PTGS2,COH CEL BOG NAG,C=CC1=C(C)C2=NC1=Cc1c(C)c(CCC(=O)O)c3n1[Co]n1c(c(C)c(C=C)c1=C2)=CC1=NC(=C3)C(CCC(=O)O)=C1C Cc1ccc(-c2cc(C(F)(F)F)nn2-c2ccc(S(N)(=O)=O)cc2)cc1 CCCCCCCCO[C@@H]1O[C@H](CO)[C@@H](O)[C@H](O)[C@H]1O CC(=O)N[C@@H]1[C@@H](O)[C@H](O)[C@@H](CO)O[C@H]1O
5FDQ,3QH0,Q05769,PTGS2,EDO PLM AKR COH NAG BOG,OCCO CCCCCCCCCCCCCCCC(=O)O C=CC(=O)O C=CC1=C(C)C2=NC1=Cc1c(C)c(CCC(=O)O)c3n1[Co]n1c(c(C)c(C=C)c1=C2)=CC1=NC(=C3)C(CCC(=O)O)=C1C CC(=O)N[C@@H]1[C@@H](O)[C@H](O)[C@@H](CO)O[C@H]1O CCCCCCCCO[C@@H]1O[C@H](CO)[C@@H](O)[C@H](O)[C@H]1O
5FDQ,1PXX,Q05769,PTGS2,NAG BOG HEM DIF,CC(=O)N[C@@H]1[C@@H](O)[C@H](O)[C@@H](CO)O[C@H]1O CCCCCCCCO[C@@H]1O[C@H](CO)[C@@H](O)[C@H](O)[C@H]1O O=C(O)Cc1ccccc1Nc1c(Cl)cccc1Cl
4RRX,4OTJ,Q05769,PTGS2,NAG HEM IXP BOG,CC(=O)N[C@@H]1[C@@H](O)[C@H](O)[C@@H](CO)O[C@H]1O COc1ccc2c(c1)c(CC(=O)NCCCCNC(=O)CCC(=O)O[C@@H]1c3cc4c(cc3[C@H](c3cc(OC)c(OC)c(OC)c3)[C@@H]3C(=O)OC[C@H]31)OCO4)c(C)n2C(=O)c1ccc(Cl)cc1 CCCCCCCCO[C@@H]1O[C@H](CO)[C@@H](O)[C@H](O)[C@H]1O
4RRX,6COX,Q05769,PTGS2,NAG HEM S58,CC(=O)N[C@@H]1[C@@H](O)[C@H](O)[C@@H](CO)O[C@H]1O NS(=O)(=O)c1ccc(-n2nc(C(F)(F)F)cc2-c2ccc(Br)cc2)cc1
4RRX,3LN0,Q05769,PTGS2,HEM NAG 52B BOG,CC(=O)N[C@@H]1[C@@H](O)[C@H](O)[C@@H](CO)O[C@H]1O O=C(O)C1=Cc2cc(Cl)cc(Cl)c2O[C@@H]1C(F)(F)F CCCCCCCCO[C@@H]1O[C@H](CO)[C@@H](O)[C@H](O)[C@H]1O
4RRX,1PXX,Q05769,PTGS2,NAG BOG HEM DIF,CC(=O)N[C@@H]1[C@@H](O)[C@H](O)[C@@H](CO)O[C@H]1O CCCCCCCCO[C@@H]1O[C@H](CO)[C@@H](O)[C@H](O)[C@H]1O O=C(O)Cc1ccccc1Nc1c(Cl)cccc1Cl
4RRX,3HS6,Q05769,PTGS2,EPA AKR COH NAG BOG EDO,CC/C=C\C/C=C\C/C=C\C/C=C\C/C=C\CCCC(=O)O C=CC(=O)O C=CC1=C(C)C2=NC1=Cc1c(C)c(CCC(=O)O)c3n1[Co]n1c(c(C)c(C=C)c1=C2)=CC1=NC(=C3)C(CCC(=O)O)=C1C CC(=O)N[C@@H]1[C@@H](O)[C@H](O)[C@@H](CO)O[C@H]1O CCCCCCCCO[C@@H]1O[C@H](CO)[C@@H](O)[C@H](O)[C@H]1O OCCO
4RRX,3HS7,Q05769,PTGS2,AKR COH NAG BOG HXA EDO,C=CC(=O)O C=CC1=C(C)C2=NC1=Cc1c(C)c(CCC(=O)O)c3n1[Co]n1c(c(C)c(C=C)c1=C2)=CC1=NC(=C3)C(CCC(=O)O)=C1C CC(=O)N[C@@H]1[C@@H](O)[C@H](O)[C@@H](CO)O[C@H]1O CCCCCCCCO[C@@H]1O[C@H](CO)[C@@H](O)[C@H](O)[C@H]1O CC/C=C\C/C=C\C/C=C\C/C=C\C/C=C\C/C=C\CCC(=O)O OCCO
3QH0,4M10,Q05769,PTGS2,NAG HEM ICD BOG,CC(=O)N[C@@H]1[C@@H](O)[C@H](O)[C@@H](CO)O[C@H]1O Cc1cc(NC(=O)C2=C(O)c3ccccc3S(=O)(=O)N2C)no1 CCCCCCCCO[C@@H]1O[C@H](CO)[C@@H](O)[C@H](O)[C@H]1O
3QH0,3MDL,Q05769,PTGS2,1AG AKR GOL COH NAG BOG,CCCCC/C=C\C/C=C\C/C=C\C/C=C\CCCC(=O)OC[C@@H](O)CO C=CC(=O)O OCC(O)CO C=CC1=C(C)C2=NC1=Cc1c(C)c(CCC(=O)O)c3n1[Co]n1c(c(C)c(C=C)c1=C2)=CC1=NC(=C3)C(CCC(=O)O)=C1C CC(=O)N[C@@H]1[C@@H](O)[C@H](O)[C@@H](CO)O[C@H]1O CCCCCCCCO[C@@H]1O[C@H](CO)[C@@H](O)[C@H](O)[C@H]1O
3QH0,3QMO,Q05769,PTGS2,GOL NS4 HEM NAG BOG MAN,OCC(O)CO CS(=O)(=O)Nc1ccc([N+](=O)[O-])cc1OC1CCCCC1 CC(=O)N[C@@H]1[C@@H](O)[C@H](O)[C@@H](CO)O[C@H]1O CCCCCCCCO[C@@H]1O[C@H](CO)[C@@H](O)[C@H](O)[C@H]1O OC[C@H]1O[C@H](O)[C@@H](O)[C@@H](O)[C@@H]1O
3QH0,5FDQ,Q05769,PTGS2,COH AKR 60A BOG NAG,C=CC1=C(C)C2=NC1=Cc1c(C)c(CCC(=O)O)c3n1[Co]n1c(c(C)c(C=C)c1=C2)=CC1=NC(=C3)C(CCC(=O)O)=C1C C=CC(=O)O C[C@H](COCCO)OCO CCCCCCCCO[C@@H]1O[C@H](CO)[C@@H](O)[C@H](O)[C@H]1O CC(=O)N[C@@H]1[C@@H](O)[C@H](O)[C@@H](CO)O[C@H]1O
3QH0,4COX,Q05769,PTGS2,NAG HEM IMN,CC(=O)N[C@@H]1[C@@H](O)[C@H](O)[C@@H](CO)O[C@H]1O COc1ccc2c(c1)c(CC(=O)O)c(C)n2C(=O)c1ccc(Cl)cc1
1PXX,3QMO,Q05769,PTGS2,GOL NS4 HEM NAG BOG MAN,OCC(O)CO CS(=O)(=O)Nc1ccc([N+](=O)[O-])cc1OC1CCCCC1 CC(=O)N[C@@H]1[C@@H](O)[C@H](O)[C@@H](CO)O[C@H]1O CCCCCCCCO[C@@H]1O[C@H](CO)[C@@H](O)[C@H](O)[C@H]1O OC[C@H]1O[C@H](O)[C@@H](O)[C@@H](O)[C@@H]1O
3TZI,1DDX,Q05769,PTGS2,NAG BOG PGX,CC(=O)N[C@@H]1[C@@H](O)[C@H](O)[C@@H](CO)O[C@H]1O CCCCCCCCO[C@@H]1O[C@H](CO)[C@@H](O)[C@H](O)[C@H]1O CCCCC[C@@H](/C=C/[C@@H]1[C@@H](C/C=C\CCCC(=O)O)[C@@H]2C[C@H]1OO2)OO
3TZI,3HS6,Q05769,PTGS2,EPA AKR COH NAG BOG EDO,CC/C=C\C/C=C\C/C=C\C/C=C\C/C=C\CCCC(=O)O C=CC(=O)O C=CC1=C(C)C2=NC1=Cc1c(C)c(CCC(=O)O)c3n1[Co]n1c(c(C)c(C=C)c1=C2)=CC1=NC(=C3)C(CCC(=O)O)=C1C CC(=O)N[C@@H]1[C@@H](O)[C@H](O)[C@@H](CO)O[C@H]1O CCCCCCCCO[C@@H]1O[C@H](CO)[C@@H](O)[C@H](O)[C@H]1O OCCO
3NTG,5JW1,Q05769,PTGS2,COH CEL BOG NAG,C=CC1=C(C)C2=NC1=Cc1c(C)c(CCC(=O)O)c3n1[Co]n1c(c(C)c(C=C)c1=C2)=CC1=NC(=C3)C(CCC(=O)O)=C1C Cc1ccc(-c2cc(C(F)(F)F)nn2-c2ccc(S(N)(=O)=O)cc2)cc1 CCCCCCCCO[C@@H]1O[C@H](CO)[C@@H](O)[C@H](O)[C@H]1O CC(=O)N[C@@H]1[C@@H](O)[C@H](O)[C@@H](CO)O[C@H]1O
3NTG,3QMO,Q05769,PTGS2,GOL NS4 HEM NAG BOG MAN,OCC(O)CO CS(=O)(=O)Nc1ccc([N+](=O)[O-])cc1OC1CCCCC1 CC(=O)N[C@@H]1[C@@H](O)[C@H](O)[C@@H](CO)O[C@H]1O CCCCCCCCO[C@@H]1O[C@H](CO)[C@@H](O)[C@H](O)[C@H]1O OC[C@H]1O[C@H](O)[C@@H](O)[C@@H](O)[C@@H]1O
3NTG,1PXX,Q05769,PTGS2,NAG BOG HEM DIF,CC(=O)N[C@@H]1[C@@H](O)[C@H](O)[C@@H](CO)O[C@H]1O CCCCCCCCO[C@@H]1O[C@H](CO)[C@@H](O)[C@H](O)[C@H]1O O=C(O)Cc1ccccc1Nc1c(Cl)cccc1Cl
3NTG,4M11,Q05769,PTGS2,BOG MXM HEM NAG,CCCCCCCCO[C@@H]1O[C@H](CO)[C@@H](O)[C@H](O)[C@H]1O Cc1cnc(NC(=O)C2=C(O)c3ccccc3S(=O)(=O)N2C)s1 CC(=O)N[C@@H]1[C@@H](O)[C@H](O)[C@@H](CO)O[C@H]1O
3MDL,3NTG,Q05769,PTGS2,HEM NAG BOG D72,CC(=O)N[C@@H]1[C@@H](O)[C@H](O)[C@@H](CO)O[C@H]1O CCCCCCCCO[C@@H]1O[C@H](CO)[C@@H](O)[C@H](O)[C@H]1O CC(C)COc1c(Cl)cc2c(c1Cl)O[C@@H](C(F)(F)F)C(C(=O)O)=C2
3MDL,4M11,Q05769,PTGS2,BOG MXM HEM NAG,CCCCCCCCO[C@@H]1O[C@H](CO)[C@@H](O)[C@H](O)[C@H]1O Cc1cnc(NC(=O)C2=C(O)c3ccccc3S(=O)(=O)N2C)s1 CC(=O)N[C@@H]1[C@@H](O)[C@H](O)[C@@H](CO)O[C@H]1O
3MDL,3HS7,Q05769,PTGS2,AKR COH NAG BOG HXA EDO,C=CC(=O)O C=CC1=C(C)C2=NC1=Cc1c(C)c(CCC(=O)O)c3n1[Co]n1c(c(C)c(C=C)c1=C2)=CC1=NC(=C3)C(CCC(=O)O)=C1C CC(=O)N[C@@H]1[C@@H](O)[C@H](O)[C@@H](CO)O[C@H]1O CCCCCCCCO[C@@H]1O[C@H](CO)[C@@H](O)[C@H](O)[C@H]1O CC/C=C\C/C=C\C/C=C\C/C=C\C/C=C\C/C=C\CCC(=O)O OCCO
3HS7,3LN0,Q05769,PTGS2,HEM NAG 52B BOG,CC(=O)N[C@@H]1[C@@H](O)[C@H](O)[C@@H](CO)O[C@H]1O O=C(O)C1=Cc2cc(Cl)cc(Cl)c2O[C@@H]1C(F)(F)F CCCCCCCCO[C@@H]1O[C@H](CO)[C@@H](O)[C@H](O)[C@H]1O
3HS7,4RRW,Q05769,PTGS2,NAG LUR,CC(=O)N[C@@H]1[C@@H](O)[C@H](O)[C@@H](CO)O[C@H]1O Cc1ccc(Nc2c(F)cccc2Cl)c(CC(=O)O)c1
3HS7,1DDX,Q05769,PTGS2,NAG BOG PGX,CC(=O)N[C@@H]1[C@@H](O)[C@H](O)[C@@H](CO)O[C@H]1O CCCCCCCCO[C@@H]1O[C@H](CO)[C@@H](O)[C@H](O)[C@H]1O CCCCC[C@@H](/C=C/[C@@H]1[C@@H](C/C=C\CCCC(=O)O)[C@@H]2C[C@H]1OO2)OO
3HS7,3NTG,Q05769,PTGS2,HEM NAG BOG D72,CC(=O)N[C@@H]1[C@@H](O)[C@H](O)[C@@H](CO)O[C@H]1O CCCCCCCCO[C@@H]1O[C@H](CO)[C@@H](O)[C@H](O)[C@H]1O CC(C)COc1c(Cl)cc2c(c1Cl)O[C@@H](C(F)(F)F)C(C(=O)O)=C2
4COX,3MQE,Q05769,PTGS2,HEM NAG BOG 416,CC(=O)N[C@@H]1[C@@H](O)[C@H](O)[C@@H](CO)O[C@H]1O CCCCCCCCO[C@@H]1O[C@H](CO)[C@@H](O)[C@H](O)[C@H]1O CC(C)(C)c1cc2c(cc1Cl)C=C(C(=O)O)[C@@H](C(F)(F)F)O2
4RRZ,6COX,Q05769,PTGS2,NAG HEM S58,CC(=O)N[C@@H]1[C@@H](O)[C@H](O)[C@@H](CO)O[C@H]1O NS(=O)(=O)c1ccc(-n2nc(C(F)(F)F)cc2-c2ccc(Br)cc2)cc1
4RRZ,5FDQ,Q05769,PTGS2,COH AKR 60A BOG NAG,C=CC1=C(C)C2=NC1=Cc1c(C)c(CCC(=O)O)c3n1[Co]n1c(c(C)c(C=C)c1=C2)=CC1=NC(=C3)C(CCC(=O)O)=C1C C=CC(=O)O C[C@H](COCCO)OCO CCCCCCCCO[C@@H]1O[C@H](CO)[C@@H](O)[C@H](O)[C@H]1O CC(=O)N[C@@H]1[C@@H](O)[C@H](O)[C@@H](CO)O[C@H]1O
4RRZ,4COX,Q05769,PTGS2,NAG HEM IMN,CC(=O)N[C@@H]1[C@@H](O)[C@H](O)[C@@H](CO)O[C@H]1O COc1ccc2c(c1)c(CC(=O)O)c(C)n2C(=O)c1ccc(Cl)cc1
4RUT,6COX,Q05769,PTGS2,NAG HEM S58,CC(=O)N[C@@H]1[C@@H](O)[C@H](O)[C@@H](CO)O[C@H]1O NS(=O)(=O)c1ccc(-n2nc(C(F)(F)F)cc2-c2ccc(Br)cc2)cc1
4RUT,3QMO,Q05769,PTGS2,GOL NS4 HEM NAG BOG MAN,OCC(O)CO CS(=O)(=O)Nc1ccc([N+](=O)[O-])cc1OC1CCCCC1 CC(=O)N[C@@H]1[C@@H](O)[C@H](O)[C@@H](CO)O[C@H]1O CCCCCCCCO[C@@H]1O[C@H](CO)[C@@H](O)[C@H](O)[C@H]1O OC[C@H]1O[C@H](O)[C@@H](O)[C@@H](O)[C@@H]1O
4RUT,3PGH,Q05769,PTGS2,NAG HEM FLP,CC(=O)N[C@@H]1[C@@H](O)[C@H](O)[C@@H](CO)O[C@H]1O C[C@H](C(=O)O)c1ccc(-c2ccccc2)c(F)c1
4RUT,1PXX,Q05769,PTGS2,NAG BOG HEM DIF,CC(=O)N[C@@H]1[C@@H](O)[C@H](O)[C@@H](CO)O[C@H]1O CCCCCCCCO[C@@H]1O[C@H](CO)[C@@H](O)[C@H](O)[C@H]1O O=C(O)Cc1ccccc1Nc1c(Cl)cccc1Cl
4M11,1CVU,Q05769,PTGS2,NAG BOG ACD,CC(=O)N[C@@H]1[C@@H](O)[C@H](O)[C@@H](CO)O[C@H]1O CCCCCCCCO[C@@H]1O[C@H](CO)[C@@H](O)[C@H](O)[C@H]1O CCCCC/C=C\C/C=C\C/C=C\C/C=C\CCCC(=O)O
4M11,3HS7,Q05769,PTGS2,AKR COH NAG BOG HXA EDO,C=CC(=O)O C=CC1=C(C)C2=NC1=Cc1c(C)c(CCC(=O)O)c3n1[Co]n1c(c(C)c(C=C)c1=C2)=CC1=NC(=C3)C(CCC(=O)O)=C1C CC(=O)N[C@@H]1[C@@H](O)[C@H](O)[C@@H](CO)O[C@H]1O CCCCCCCCO[C@@H]1O[C@H](CO)[C@@H](O)[C@H](O)[C@H]1O CC/C=C\C/C=C\C/C=C\C/C=C\C/C=C\C/C=C\CCC(=O)O OCCO
4OTJ,3LN0,Q05769,PTGS2,HEM NAG 52B BOG,CC(=O)N[C@@H]1[C@@H](O)[C@H](O)[C@@H](CO)O[C@H]1O O=C(O)C1=Cc2cc(Cl)cc(Cl)c2O[C@@H]1C(F)(F)F CCCCCCCCO[C@@H]1O[C@H](CO)[C@@H](O)[C@H](O)[C@H]1O
4OTJ,3QMO,Q05769,PTGS2,GOL NS4 HEM NAG BOG MAN,OCC(O)CO CS(=O)(=O)Nc1ccc([N+](=O)[O-])cc1OC1CCCCC1 CC(=O)N[C@@H]1[C@@H](O)[C@H](O)[C@@H](CO)O[C@H]1O CCCCCCCCO[C@@H]1O[C@H](CO)[C@@H](O)[C@H](O)[C@H]1O OC[C@H]1O[C@H](O)[C@@H](O)[C@@H](O)[C@@H]1O
5TA6,3THB,P53350,PLK1,3TA ZN,Cc1ncc(CCCN(C)C)cc1Nc1ncc2c(n1)-c1ccc(Cl)cc1NC(=S)C2 [Zn+2]
5TA6,2OU7,P53350,PLK1,ANP MG ACT ZN,Nc1ncnc2c1ncn2[C@@H]1O[C@H](COP(=O)(O)OP(=O)(O)NP(=O)(O)O)[C@@H](O)[C@H]1O [Mg+2] CC(=O)[O-] [Zn+2]
5TA6,4J52,P53350,PLK1,ACT ZN 1J3,CC(=O)[O-] [Zn+2] C=C[C@@]1(F)CN(C2CCCC2)c2nc(Nc3ccc(C(=O)NN4CCN(C)CC4)cc3OC)ncc2N(C)C1=O
5TA6,2RKU,P53350,PLK1,ZN R78 TLA SRT TAR,[Zn+2] CC[C@@H]1C(=O)N(C)c2cnc(Nc3ccc(C(=O)NC4CCN(C)CC4)cc3OC)nc2N1C1CCCC1 O=C(O)[C@H](O)[C@@H](O)C(=O)O O=C(O)[C@@H](O)[C@@H](O)C(=O)O O=C(O)[C@@H](O)[C@H](O)C(=O)O
5TA6,4A4O,P53350,PLK1,ZN TLA 664,[Zn+2] O=C(O)[C@H](O)[C@@H](O)C(=O)O CN1CCN(c2ccc(OC(F)(F)F)c(Nc3nccc(-c4cc5c(n4C)CCNC5=O)n3)c2)CC1
5TA6,5TA8,P53350,PLK1,79C ZN,COc1cc(C(=O)NC2CCN(C)CC2)ccc1Nc1ncc2c(n1)N(C1CCCC1)CC(F)(F)C(=O)N2C [Zn+2]
5TA6,3KB7,P53350,PLK1,071 ZN TLA,COc1ccc(N2CCN(C)CC2)cc1Nc1ncc2c(n1)-c1c(c(C(N)=O)nn1C)CC2 [Zn+2] O=C(O)[C@H](O)[C@@H](O)C(=O)O
5TA6,4J53,P53350,PLK1,1J4 ACT ZN,COc1cc(C(=O)NC2CCN(C)CC2)c(F)cc1Nc1ncc2c(n1)N(C1CCCC1)CC(F)(F)C(=O)N2C CC(=O)[O-] [Zn+2]
5TA6,4A4L,P53350,PLK1,939 TLA ZN,CN1CCN(c2ccc(OC(F)(F)F)c(Nc3nccc(-c4cc(C(N)=O)cn4C)n3)c2)CC1 O=C(O)[C@H](O)[C@@H](O)C(=O)O [Zn+2]
3THB,2YAC,P53350,PLK1,TLA ZN 937,O=C(O)[C@H](O)[C@@H](O)C(=O)O [Zn+2] CN1CCN(c2ccc(OC(F)(F)F)c(Nc3ncc4c(n3)-c3c(c(C(N)=O)nn3CCO)CC4)c2)CC1
3THB,2OU7,P53350,PLK1,ANP MG ACT ZN,Nc1ncnc2c1ncn2[C@@H]1O[C@H](COP(=O)(O)OP(=O)(O)NP(=O)(O)O)[C@@H](O)[C@H]1O [Mg+2] CC(=O)[O-] [Zn+2]
3THB,4J52,P53350,PLK1,ACT ZN 1J3,CC(=O)[O-] [Zn+2] C=C[C@@]1(F)CN(C2CCCC2)c2nc(Nc3ccc(C(=O)NN4CCN(C)CC4)cc3OC)ncc2N(C)C1=O
3THB,4A4O,P53350,PLK1,ZN TLA 664,[Zn+2] O=C(O)[C@H](O)[C@@H](O)C(=O)O CN1CCN(c2ccc(OC(F)(F)F)c(Nc3nccc(-c4cc5c(n4C)CCNC5=O)n3)c2)CC1
3THB,5TA8,P53350,PLK1,79C ZN,COc1cc(C(=O)NC2CCN(C)CC2)ccc1Nc1ncc2c(n1)N(C1CCCC1)CC(F)(F)C(=O)N2C [Zn+2]
3THB,3KB7,P53350,PLK1,071 ZN TLA,COc1ccc(N2CCN(C)CC2)cc1Nc1ncc2c(n1)-c1c(c(C(N)=O)nn1C)CC2 [Zn+2] O=C(O)[C@H](O)[C@@H](O)C(=O)O
3THB,4J53,P53350,PLK1,1J4 ACT ZN,COc1cc(C(=O)NC2CCN(C)CC2)c(F)cc1Nc1ncc2c(n1)N(C1CCCC1)CC(F)(F)C(=O)N2C CC(=O)[O-] [Zn+2]
2YAC,3THB,P53350,PLK1,3TA ZN,Cc1ncc(CCCN(C)C)cc1Nc1ncc2c(n1)-c1ccc(Cl)cc1NC(=S)C2 [Zn+2]
2YAC,4J52,P53350,PLK1,ACT ZN 1J3,CC(=O)[O-] [Zn+2] C=C[C@@]1(F)CN(C2CCCC2)c2nc(Nc3ccc(C(=O)NN4CCN(C)CC4)cc3OC)ncc2N(C)C1=O
2YAC,2RKU,P53350,PLK1,ZN R78 TLA SRT TAR,[Zn+2] CC[C@@H]1C(=O)N(C)c2cnc(Nc3ccc(C(=O)NC4CCN(C)CC4)cc3OC)nc2N1C1CCCC1 O=C(O)[C@H](O)[C@@H](O)C(=O)O O=C(O)[C@@H](O)[C@@H](O)C(=O)O O=C(O)[C@@H](O)[C@H](O)C(=O)O
2YAC,4A4O,P53350,PLK1,ZN TLA 664,[Zn+2] O=C(O)[C@H](O)[C@@H](O)C(=O)O CN1CCN(c2ccc(OC(F)(F)F)c(Nc3nccc(-c4cc5c(n4C)CCNC5=O)n3)c2)CC1
2YAC,2OWB,P53350,PLK1,ZN ACT 626,[Zn+2] CC(=O)[O-] CN1CCN(c2ccc(C(=O)Nc3n[nH]c4cn(C(=O)Cc5cccs5)cc34)cc2)CC1
2YAC,5TA8,P53350,PLK1,79C ZN,COc1cc(C(=O)NC2CCN(C)CC2)ccc1Nc1ncc2c(n1)N(C1CCCC1)CC(F)(F)C(=O)N2C [Zn+2]
2YAC,3KB7,P53350,PLK1,071 ZN TLA,COc1ccc(N2CCN(C)CC2)cc1Nc1ncc2c(n1)-c1c(c(C(N)=O)nn1C)CC2 [Zn+2] O=C(O)[C@H](O)[C@@H](O)C(=O)O
2YAC,4J53,P53350,PLK1,1J4 ACT ZN,COc1cc(C(=O)NC2CCN(C)CC2)c(F)cc1Nc1ncc2c(n1)N(C1CCCC1)CC(F)(F)C(=O)N2C CC(=O)[O-] [Zn+2]
2YAC,5TA6,P53350,PLK1,ZN 79D,[Zn+2] CC[C@@H]1c2c(C#N)ncn2-c2cnc(Nc3ccc(C(=O)NC4CCN(C)CC4)cc3OC)nc2N1C1CCCC1
2YAC,4A4L,P53350,PLK1,939 TLA ZN,CN1CCN(c2ccc(OC(F)(F)F)c(Nc3nccc(-c4cc(C(N)=O)cn4C)n3)c2)CC1 O=C(O)[C@H](O)[C@@H](O)C(=O)O [Zn+2]
2RKU,2YAC,P53350,PLK1,TLA ZN 937,O=C(O)[C@H](O)[C@@H](O)C(=O)O [Zn+2] CN1CCN(c2ccc(OC(F)(F)F)c(Nc3ncc4c(n3)-c3c(c(C(N)=O)nn3CCO)CC4)c2)CC1
2RKU,3THB,P53350,PLK1,3TA ZN,Cc1ncc(CCCN(C)C)cc1Nc1ncc2c(n1)-c1ccc(Cl)cc1NC(=S)C2 [Zn+2]
2RKU,2OU7,P53350,PLK1,ANP MG ACT ZN,Nc1ncnc2c1ncn2[C@@H]1O[C@H](COP(=O)(O)OP(=O)(O)NP(=O)(O)O)[C@@H](O)[C@H]1O [Mg+2] CC(=O)[O-] [Zn+2]
2RKU,4A4O,P53350,PLK1,ZN TLA 664,[Zn+2] O=C(O)[C@H](O)[C@@H](O)C(=O)O CN1CCN(c2ccc(OC(F)(F)F)c(Nc3nccc(-c4cc5c(n4C)CCNC5=O)n3)c2)CC1
2RKU,2OWB,P53350,PLK1,ZN ACT 626,[Zn+2] CC(=O)[O-] CN1CCN(c2ccc(C(=O)Nc3n[nH]c4cn(C(=O)Cc5cccs5)cc34)cc2)CC1
2RKU,5TA8,P53350,PLK1,79C ZN,COc1cc(C(=O)NC2CCN(C)CC2)ccc1Nc1ncc2c(n1)N(C1CCCC1)CC(F)(F)C(=O)N2C [Zn+2]
2RKU,4J53,P53350,PLK1,1J4 ACT ZN,COc1cc(C(=O)NC2CCN(C)CC2)c(F)cc1Nc1ncc2c(n1)N(C1CCCC1)CC(F)(F)C(=O)N2C CC(=O)[O-] [Zn+2]
2RKU,5TA6,P53350,PLK1,ZN 79D,[Zn+2] CC[C@@H]1c2c(C#N)ncn2-c2cnc(Nc3ccc(C(=O)NC4CCN(C)CC4)cc3OC)nc2N1C1CCCC1
2RKU,4A4L,P53350,PLK1,939 TLA ZN,CN1CCN(c2ccc(OC(F)(F)F)c(Nc3nccc(-c4cc(C(N)=O)cn4C)n3)c2)CC1 O=C(O)[C@H](O)[C@@H](O)C(=O)O [Zn+2]
2OU7,2YAC,P53350,PLK1,TLA ZN 937,O=C(O)[C@H](O)[C@@H](O)C(=O)O [Zn+2] CN1CCN(c2ccc(OC(F)(F)F)c(Nc3ncc4c(n3)-c3c(c(C(N)=O)nn3CCO)CC4)c2)CC1
2OU7,3THB,P53350,PLK1,3TA ZN,Cc1ncc(CCCN(C)C)cc1Nc1ncc2c(n1)-c1ccc(Cl)cc1NC(=S)C2 [Zn+2]
2OU7,4J52,P53350,PLK1,ACT ZN 1J3,CC(=O)[O-] [Zn+2] C=C[C@@]1(F)CN(C2CCCC2)c2nc(Nc3ccc(C(=O)NN4CCN(C)CC4)cc3OC)ncc2N(C)C1=O
2OU7,2RKU,P53350,PLK1,ZN R78 TLA SRT TAR,[Zn+2] CC[C@@H]1C(=O)N(C)c2cnc(Nc3ccc(C(=O)NC4CCN(C)CC4)cc3OC)nc2N1C1CCCC1 O=C(O)[C@H](O)[C@@H](O)C(=O)O O=C(O)[C@@H](O)[C@@H](O)C(=O)O O=C(O)[C@@H](O)[C@H](O)C(=O)O
2OU7,4A4O,P53350,PLK1,ZN TLA 664,[Zn+2] O=C(O)[C@H](O)[C@@H](O)C(=O)O CN1CCN(c2ccc(OC(F)(F)F)c(Nc3nccc(-c4cc5c(n4C)CCNC5=O)n3)c2)CC1
2OU7,2OWB,P53350,PLK1,ZN ACT 626,[Zn+2] CC(=O)[O-] CN1CCN(c2ccc(C(=O)Nc3n[nH]c4cn(C(=O)Cc5cccs5)cc34)cc2)CC1
2OU7,5TA8,P53350,PLK1,79C ZN,COc1cc(C(=O)NC2CCN(C)CC2)ccc1Nc1ncc2c(n1)N(C1CCCC1)CC(F)(F)C(=O)N2C [Zn+2]
2OU7,3KB7,P53350,PLK1,071 ZN TLA,COc1ccc(N2CCN(C)CC2)cc1Nc1ncc2c(n1)-c1c(c(C(N)=O)nn1C)CC2 [Zn+2] O=C(O)[C@H](O)[C@@H](O)C(=O)O
2OU7,4J53,P53350,PLK1,1J4 ACT ZN,COc1cc(C(=O)NC2CCN(C)CC2)c(F)cc1Nc1ncc2c(n1)N(C1CCCC1)CC(F)(F)C(=O)N2C CC(=O)[O-] [Zn+2]
4J53,2YAC,P53350,PLK1,TLA ZN 937,O=C(O)[C@H](O)[C@@H](O)C(=O)O [Zn+2] CN1CCN(c2ccc(OC(F)(F)F)c(Nc3ncc4c(n3)-c3c(c(C(N)=O)nn3CCO)CC4)c2)CC1
4J53,3THB,P53350,PLK1,3TA ZN,Cc1ncc(CCCN(C)C)cc1Nc1ncc2c(n1)-c1ccc(Cl)cc1NC(=S)C2 [Zn+2]
4J53,2OU7,P53350,PLK1,ANP MG ACT ZN,Nc1ncnc2c1ncn2[C@@H]1O[C@H](COP(=O)(O)OP(=O)(O)NP(=O)(O)O)[C@@H](O)[C@H]1O [Mg+2] CC(=O)[O-] [Zn+2]
4J53,2RKU,P53350,PLK1,ZN R78 TLA SRT TAR,[Zn+2] CC[C@@H]1C(=O)N(C)c2cnc(Nc3ccc(C(=O)NC4CCN(C)CC4)cc3OC)nc2N1C1CCCC1 O=C(O)[C@H](O)[C@@H](O)C(=O)O O=C(O)[C@@H](O)[C@@H](O)C(=O)O O=C(O)[C@@H](O)[C@H](O)C(=O)O
4J53,4A4O,P53350,PLK1,ZN TLA 664,[Zn+2] O=C(O)[C@H](O)[C@@H](O)C(=O)O CN1CCN(c2ccc(OC(F)(F)F)c(Nc3nccc(-c4cc5c(n4C)CCNC5=O)n3)c2)CC1
4J53,5TA8,P53350,PLK1,79C ZN,COc1cc(C(=O)NC2CCN(C)CC2)ccc1Nc1ncc2c(n1)N(C1CCCC1)CC(F)(F)C(=O)N2C [Zn+2]
4J53,3KB7,P53350,PLK1,071 ZN TLA,COc1ccc(N2CCN(C)CC2)cc1Nc1ncc2c(n1)-c1c(c(C(N)=O)nn1C)CC2 [Zn+2] O=C(O)[C@H](O)[C@@H](O)C(=O)O
4J53,4A4L,P53350,PLK1,939 TLA ZN,CN1CCN(c2ccc(OC(F)(F)F)c(Nc3nccc(-c4cc(C(N)=O)cn4C)n3)c2)CC1 O=C(O)[C@H](O)[C@@H](O)C(=O)O [Zn+2]
2OWB,3THB,P53350,PLK1,3TA ZN,Cc1ncc(CCCN(C)C)cc1Nc1ncc2c(n1)-c1ccc(Cl)cc1NC(=S)C2 [Zn+2]
2OWB,2OU7,P53350,PLK1,ANP MG ACT ZN,Nc1ncnc2c1ncn2[C@@H]1O[C@H](COP(=O)(O)OP(=O)(O)NP(=O)(O)O)[C@@H](O)[C@H]1O [Mg+2] CC(=O)[O-] [Zn+2]
2OWB,4J52,P53350,PLK1,ACT ZN 1J3,CC(=O)[O-] [Zn+2] C=C[C@@]1(F)CN(C2CCCC2)c2nc(Nc3ccc(C(=O)NN4CCN(C)CC4)cc3OC)ncc2N(C)C1=O
2OWB,2RKU,P53350,PLK1,ZN R78 TLA SRT TAR,[Zn+2] CC[C@@H]1C(=O)N(C)c2cnc(Nc3ccc(C(=O)NC4CCN(C)CC4)cc3OC)nc2N1C1CCCC1 O=C(O)[C@H](O)[C@@H](O)C(=O)O O=C(O)[C@@H](O)[C@@H](O)C(=O)O O=C(O)[C@@H](O)[C@H](O)C(=O)O
2OWB,5TA8,P53350,PLK1,79C ZN,COc1cc(C(=O)NC2CCN(C)CC2)ccc1Nc1ncc2c(n1)N(C1CCCC1)CC(F)(F)C(=O)N2C [Zn+2]
2OWB,4J53,P53350,PLK1,1J4 ACT ZN,COc1cc(C(=O)NC2CCN(C)CC2)c(F)cc1Nc1ncc2c(n1)N(C1CCCC1)CC(F)(F)C(=O)N2C CC(=O)[O-] [Zn+2]
2OWB,5TA6,P53350,PLK1,ZN 79D,[Zn+2] CC[C@@H]1c2c(C#N)ncn2-c2cnc(Nc3ccc(C(=O)NC4CCN(C)CC4)cc3OC)nc2N1C1CCCC1
2OWB,4A4L,P53350,PLK1,939 TLA ZN,CN1CCN(c2ccc(OC(F)(F)F)c(Nc3nccc(-c4cc(C(N)=O)cn4C)n3)c2)CC1 O=C(O)[C@H](O)[C@@H](O)C(=O)O [Zn+2]
5TA8,2YAC,P53350,PLK1,TLA ZN 937,O=C(O)[C@H](O)[C@@H](O)C(=O)O [Zn+2] CN1CCN(c2ccc(OC(F)(F)F)c(Nc3ncc4c(n3)-c3c(c(C(N)=O)nn3CCO)CC4)c2)CC1
5TA8,3THB,P53350,PLK1,3TA ZN,Cc1ncc(CCCN(C)C)cc1Nc1ncc2c(n1)-c1ccc(Cl)cc1NC(=S)C2 [Zn+2]
5TA8,2OU7,P53350,PLK1,ANP MG ACT ZN,Nc1ncnc2c1ncn2[C@@H]1O[C@H](COP(=O)(O)OP(=O)(O)NP(=O)(O)O)[C@@H](O)[C@H]1O [Mg+2] CC(=O)[O-] [Zn+2]
5TA8,4J52,P53350,PLK1,ACT ZN 1J3,CC(=O)[O-] [Zn+2] C=C[C@@]1(F)CN(C2CCCC2)c2nc(Nc3ccc(C(=O)NN4CCN(C)CC4)cc3OC)ncc2N(C)C1=O
5TA8,2RKU,P53350,PLK1,ZN R78 TLA SRT TAR,[Zn+2] CC[C@@H]1C(=O)N(C)c2cnc(Nc3ccc(C(=O)NC4CCN(C)CC4)cc3OC)nc2N1C1CCCC1 O=C(O)[C@H](O)[C@@H](O)C(=O)O O=C(O)[C@@H](O)[C@@H](O)C(=O)O O=C(O)[C@@H](O)[C@H](O)C(=O)O
5TA8,4A4O,P53350,PLK1,ZN TLA 664,[Zn+2] O=C(O)[C@H](O)[C@@H](O)C(=O)O CN1CCN(c2ccc(OC(F)(F)F)c(Nc3nccc(-c4cc5c(n4C)CCNC5=O)n3)c2)CC1
5TA8,3KB7,P53350,PLK1,071 ZN TLA,COc1ccc(N2CCN(C)CC2)cc1Nc1ncc2c(n1)-c1c(c(C(N)=O)nn1C)CC2 [Zn+2] O=C(O)[C@H](O)[C@@H](O)C(=O)O
5TA8,4J53,P53350,PLK1,1J4 ACT ZN,COc1cc(C(=O)NC2CCN(C)CC2)c(F)cc1Nc1ncc2c(n1)N(C1CCCC1)CC(F)(F)C(=O)N2C CC(=O)[O-] [Zn+2]
5TA8,5TA6,P53350,PLK1,ZN 79D,[Zn+2] CC[C@@H]1c2c(C#N)ncn2-c2cnc(Nc3ccc(C(=O)NC4CCN(C)CC4)cc3OC)nc2N1C1CCCC1
5TA8,4A4L,P53350,PLK1,939 TLA ZN,CN1CCN(c2ccc(OC(F)(F)F)c(Nc3nccc(-c4cc(C(N)=O)cn4C)n3)c2)CC1 O=C(O)[C@H](O)[C@@H](O)C(=O)O [Zn+2]
4A4L,2YAC,P53350,PLK1,TLA ZN 937,O=C(O)[C@H](O)[C@@H](O)C(=O)O [Zn+2] CN1CCN(c2ccc(OC(F)(F)F)c(Nc3ncc4c(n3)-c3c(c(C(N)=O)nn3CCO)CC4)c2)CC1
4A4L,4J52,P53350,PLK1,ACT ZN 1J3,CC(=O)[O-] [Zn+2] C=C[C@@]1(F)CN(C2CCCC2)c2nc(Nc3ccc(C(=O)NN4CCN(C)CC4)cc3OC)ncc2N(C)C1=O
4A4L,4A4O,P53350,PLK1,ZN TLA 664,[Zn+2] O=C(O)[C@H](O)[C@@H](O)C(=O)O CN1CCN(c2ccc(OC(F)(F)F)c(Nc3nccc(-c4cc5c(n4C)CCNC5=O)n3)c2)CC1
4A4L,2OWB,P53350,PLK1,ZN ACT 626,[Zn+2] CC(=O)[O-] CN1CCN(c2ccc(C(=O)Nc3n[nH]c4cn(C(=O)Cc5cccs5)cc34)cc2)CC1
4A4L,4J53,P53350,PLK1,1J4 ACT ZN,COc1cc(C(=O)NC2CCN(C)CC2)c(F)cc1Nc1ncc2c(n1)N(C1CCCC1)CC(F)(F)C(=O)N2C CC(=O)[O-] [Zn+2]
4A4L,5TA6,P53350,PLK1,ZN 79D,[Zn+2] CC[C@@H]1c2c(C#N)ncn2-c2cnc(Nc3ccc(C(=O)NC4CCN(C)CC4)cc3OC)nc2N1C1CCCC1
4A4O,3THB,P53350,PLK1,3TA ZN,Cc1ncc(CCCN(C)C)cc1Nc1ncc2c(n1)-c1ccc(Cl)cc1NC(=S)C2 [Zn+2]
4A4O,2OU7,P53350,PLK1,ANP MG ACT ZN,Nc1ncnc2c1ncn2[C@@H]1O[C@H](COP(=O)(O)OP(=O)(O)NP(=O)(O)O)[C@@H](O)[C@H]1O [Mg+2] CC(=O)[O-] [Zn+2]
4A4O,4J52,P53350,PLK1,ACT ZN 1J3,CC(=O)[O-] [Zn+2] C=C[C@@]1(F)CN(C2CCCC2)c2nc(Nc3ccc(C(=O)NN4CCN(C)CC4)cc3OC)ncc2N(C)C1=O
4A4O,2OWB,P53350,PLK1,ZN ACT 626,[Zn+2] CC(=O)[O-] CN1CCN(c2ccc(C(=O)Nc3n[nH]c4cn(C(=O)Cc5cccs5)cc34)cc2)CC1
4A4O,5TA8,P53350,PLK1,79C ZN,COc1cc(C(=O)NC2CCN(C)CC2)ccc1Nc1ncc2c(n1)N(C1CCCC1)CC(F)(F)C(=O)N2C [Zn+2]
4A4O,3KB7,P53350,PLK1,071 ZN TLA,COc1ccc(N2CCN(C)CC2)cc1Nc1ncc2c(n1)-c1c(c(C(N)=O)nn1C)CC2 [Zn+2] O=C(O)[C@H](O)[C@@H](O)C(=O)O
4A4O,5TA6,P53350,PLK1,ZN 79D,[Zn+2] CC[C@@H]1c2c(C#N)ncn2-c2cnc(Nc3ccc(C(=O)NC4CCN(C)CC4)cc3OC)nc2N1C1CCCC1
4A4O,4A4L,P53350,PLK1,939 TLA ZN,CN1CCN(c2ccc(OC(F)(F)F)c(Nc3nccc(-c4cc(C(N)=O)cn4C)n3)c2)CC1 O=C(O)[C@H](O)[C@@H](O)C(=O)O [Zn+2]
4J52,2YAC,P53350,PLK1,TLA ZN 937,O=C(O)[C@H](O)[C@@H](O)C(=O)O [Zn+2] CN1CCN(c2ccc(OC(F)(F)F)c(Nc3ncc4c(n3)-c3c(c(C(N)=O)nn3CCO)CC4)c2)CC1
4J52,2RKU,P53350,PLK1,ZN R78 TLA SRT TAR,[Zn+2] CC[C@@H]1C(=O)N(C)c2cnc(Nc3ccc(C(=O)NC4CCN(C)CC4)cc3OC)nc2N1C1CCCC1 O=C(O)[C@H](O)[C@@H](O)C(=O)O O=C(O)[C@@H](O)[C@@H](O)C(=O)O O=C(O)[C@@H](O)[C@H](O)C(=O)O
4J52,2OWB,P53350,PLK1,ZN ACT 626,[Zn+2] CC(=O)[O-] CN1CCN(c2ccc(C(=O)Nc3n[nH]c4cn(C(=O)Cc5cccs5)cc34)cc2)CC1
4J52,5TA8,P53350,PLK1,79C ZN,COc1cc(C(=O)NC2CCN(C)CC2)ccc1Nc1ncc2c(n1)N(C1CCCC1)CC(F)(F)C(=O)N2C [Zn+2]
4J52,3KB7,P53350,PLK1,071 ZN TLA,COc1ccc(N2CCN(C)CC2)cc1Nc1ncc2c(n1)-c1c(c(C(N)=O)nn1C)CC2 [Zn+2] O=C(O)[C@H](O)[C@@H](O)C(=O)O
4J52,5TA6,P53350,PLK1,ZN 79D,[Zn+2] CC[C@@H]1c2c(C#N)ncn2-c2cnc(Nc3ccc(C(=O)NC4CCN(C)CC4)cc3OC)nc2N1C1CCCC1
3KB7,2YAC,P53350,PLK1,TLA ZN 937,O=C(O)[C@H](O)[C@@H](O)C(=O)O [Zn+2] CN1CCN(c2ccc(OC(F)(F)F)c(Nc3ncc4c(n3)-c3c(c(C(N)=O)nn3CCO)CC4)c2)CC1
3KB7,3THB,P53350,PLK1,3TA ZN,Cc1ncc(CCCN(C)C)cc1Nc1ncc2c(n1)-c1ccc(Cl)cc1NC(=S)C2 [Zn+2]
3KB7,2OU7,P53350,PLK1,ANP MG ACT ZN,Nc1ncnc2c1ncn2[C@@H]1O[C@H](COP(=O)(O)OP(=O)(O)NP(=O)(O)O)[C@@H](O)[C@H]1O [Mg+2] CC(=O)[O-] [Zn+2]
3KB7,4J52,P53350,PLK1,ACT ZN 1J3,CC(=O)[O-] [Zn+2] C=C[C@@]1(F)CN(C2CCCC2)c2nc(Nc3ccc(C(=O)NN4CCN(C)CC4)cc3OC)ncc2N(C)C1=O
3KB7,2RKU,P53350,PLK1,ZN R78 TLA SRT TAR,[Zn+2] CC[C@@H]1C(=O)N(C)c2cnc(Nc3ccc(C(=O)NC4CCN(C)CC4)cc3OC)nc2N1C1CCCC1 O=C(O)[C@H](O)[C@@H](O)C(=O)O O=C(O)[C@@H](O)[C@@H](O)C(=O)O O=C(O)[C@@H](O)[C@H](O)C(=O)O
3KB7,4A4O,P53350,PLK1,ZN TLA 664,[Zn+2] O=C(O)[C@H](O)[C@@H](O)C(=O)O CN1CCN(c2ccc(OC(F)(F)F)c(Nc3nccc(-c4cc5c(n4C)CCNC5=O)n3)c2)CC1
3KB7,5TA8,P53350,PLK1,79C ZN,COc1cc(C(=O)NC2CCN(C)CC2)ccc1Nc1ncc2c(n1)N(C1CCCC1)CC(F)(F)C(=O)N2C [Zn+2]
3KB7,4J53,P53350,PLK1,1J4 ACT ZN,COc1cc(C(=O)NC2CCN(C)CC2)c(F)cc1Nc1ncc2c(n1)N(C1CCCC1)CC(F)(F)C(=O)N2C CC(=O)[O-] [Zn+2]
3KB7,5TA6,P53350,PLK1,ZN 79D,[Zn+2] CC[C@@H]1c2c(C#N)ncn2-c2cnc(Nc3ccc(C(=O)NC4CCN(C)CC4)cc3OC)nc2N1C1CCCC1
3KB7,4A4L,P53350,PLK1,939 TLA ZN,CN1CCN(c2ccc(OC(F)(F)F)c(Nc3nccc(-c4cc(C(N)=O)cn4C)n3)c2)CC1 O=C(O)[C@H](O)[C@@H](O)C(=O)O [Zn+2]
3D1V,2ON6,P00491,PNP,IMH,O=c1[nH]cnc2c([C@@H]3N[C@H](CO)[C@@H](O)[C@H]3O)c[nH]c12
3D1V,3INY,P00491,PNP,SO4 7DG,O=S(=O)([O-])[O-] Nc1nc2c(c(=O)[nH]1)CC=N2
3D1V,4ECE,P00491,PNP,GUN,Nc1nc2[nH]cnc2c(=O)[nH]1
3D1V,3BGS,P00491,PNP,PO4 DIH,O=P([O-])([O-])[O-] O=c1[nH]cnc2c(C[NH+]3C[C@H](CO)[C@@H](O)C3)c[nH]c12
3D1V,3GB9,P00491,PNP,A2F SO4 GOL,Nc1nc(F)nc2nc[nH]c12 O=S(=O)([O-])[O-] OCC(O)CO
1ULB,2ON6,P00491,PNP,IMH,O=c1[nH]cnc2c([C@@H]3N[C@H](CO)[C@@H](O)[C@H]3O)c[nH]c12
1ULB,3D1V,P00491,PNP,D1V SO4,O=c1[nH]c(S)nc2ccccc12 O=S(=O)([O-])[O-]
1ULB,3INY,P00491,PNP,SO4 7DG,O=S(=O)([O-])[O-] Nc1nc2c(c(=O)[nH]1)CC=N2
1ULB,3BGS,P00491,PNP,PO4 DIH,O=P([O-])([O-])[O-] O=c1[nH]cnc2c(C[NH+]3C[C@H](CO)[C@@H](O)C3)c[nH]c12
1ULB,3GB9,P00491,PNP,A2F SO4 GOL,Nc1nc(F)nc2nc[nH]c12 O=S(=O)([O-])[O-] OCC(O)CO
3INY,2ON6,P00491,PNP,IMH,O=c1[nH]cnc2c([C@@H]3N[C@H](CO)[C@@H](O)[C@H]3O)c[nH]c12
3INY,3D1V,P00491,PNP,D1V SO4,O=c1[nH]c(S)nc2ccccc12 O=S(=O)([O-])[O-]
3INY,4ECE,P00491,PNP,GUN,Nc1nc2[nH]cnc2c(=O)[nH]1
3INY,3BGS,P00491,PNP,PO4 DIH,O=P([O-])([O-])[O-] O=c1[nH]cnc2c(C[NH+]3C[C@H](CO)[C@@H](O)C3)c[nH]c12
3INY,3GB9,P00491,PNP,A2F SO4 GOL,Nc1nc(F)nc2nc[nH]c12 O=S(=O)([O-])[O-] OCC(O)CO
4ECE,2ON6,P00491,PNP,IMH,O=c1[nH]cnc2c([C@@H]3N[C@H](CO)[C@@H](O)[C@H]3O)c[nH]c12
4ECE,3D1V,P00491,PNP,D1V SO4,O=c1[nH]c(S)nc2ccccc12 O=S(=O)([O-])[O-]
4ECE,3INY,P00491,PNP,SO4 7DG,O=S(=O)([O-])[O-] Nc1nc2c(c(=O)[nH]1)CC=N2
4ECE,3BGS,P00491,PNP,PO4 DIH,O=P([O-])([O-])[O-] O=c1[nH]cnc2c(C[NH+]3C[C@H](CO)[C@@H](O)C3)c[nH]c12
4ECE,3GB9,P00491,PNP,A2F SO4 GOL,Nc1nc(F)nc2nc[nH]c12 O=S(=O)([O-])[O-] OCC(O)CO
2ON6,3D1V,P00491,PNP,D1V SO4,O=c1[nH]c(S)nc2ccccc12 O=S(=O)([O-])[O-]
2ON6,3INY,P00491,PNP,SO4 7DG,O=S(=O)([O-])[O-] Nc1nc2c(c(=O)[nH]1)CC=N2
2ON6,4ECE,P00491,PNP,GUN,Nc1nc2[nH]cnc2c(=O)[nH]1
2ON6,3BGS,P00491,PNP,PO4 DIH,O=P([O-])([O-])[O-] O=c1[nH]cnc2c(C[NH+]3C[C@H](CO)[C@@H](O)C3)c[nH]c12
2ON6,3GB9,P00491,PNP,A2F SO4 GOL,Nc1nc(F)nc2nc[nH]c12 O=S(=O)([O-])[O-] OCC(O)CO
3BGS,2ON6,P00491,PNP,IMH,O=c1[nH]cnc2c([C@@H]3N[C@H](CO)[C@@H](O)[C@H]3O)c[nH]c12
3BGS,3D1V,P00491,PNP,D1V SO4,O=c1[nH]c(S)nc2ccccc12 O=S(=O)([O-])[O-]
3BGS,3INY,P00491,PNP,SO4 7DG,O=S(=O)([O-])[O-] Nc1nc2c(c(=O)[nH]1)CC=N2
3BGS,4ECE,P00491,PNP,GUN,Nc1nc2[nH]cnc2c(=O)[nH]1
3BGS,3GB9,P00491,PNP,A2F SO4 GOL,Nc1nc(F)nc2nc[nH]c12 O=S(=O)([O-])[O-] OCC(O)CO
3GB9,2ON6,P00491,PNP,IMH,O=c1[nH]cnc2c([C@@H]3N[C@H](CO)[C@@H](O)[C@H]3O)c[nH]c12
3GB9,3D1V,P00491,PNP,D1V SO4,O=c1[nH]c(S)nc2ccccc12 O=S(=O)([O-])[O-]
3GB9,3INY,P00491,PNP,SO4 7DG,O=S(=O)([O-])[O-] Nc1nc2c(c(=O)[nH]1)CC=N2
3GB9,4ECE,P00491,PNP,GUN,Nc1nc2[nH]cnc2c(=O)[nH]1
3GB9,3BGS,P00491,PNP,PO4 DIH,O=P([O-])([O-])[O-] O=c1[nH]cnc2c(C[NH+]3C[C@H](CO)[C@@H](O)C3)c[nH]c12
3KDU,1I7G,Q07869,PPARA,CPQ AZ2 NA,C[C@H](CCC(=O)N(CCCNC(=O)[C@H](O)[C@@H](O)[C@H](O)[C@H](O)CO)CCCNC(=O)[C@H](O)[C@@H](O)[C@H](O)[C@H](O)CO)[C@H]1CC[C@H]2[C@@H]3CC[C@@H]4C[C@H](O)CC[C@]4(C)[C@H]3C[C@H](O)[C@]12C CCO[C@@H](Cc1ccc(OCCc2ccc(OS(C)(=O)=O)cc2)cc1)C(=O)O [Na+]
3KDU,2REW,Q07869,PPARA,REW CPQ,COc1ccc(N2C(=O)[C@@H](Cc3cccc(OCCc4nc(-c5ccccc5)oc4C)c3)[C@H]2C(=O)O)cc1 C[C@H](CCC(=O)N(CCCNC(=O)[C@H](O)[C@@H](O)[C@H](O)[C@H](O)CO)CCCNC(=O)[C@H](O)[C@@H](O)[C@H](O)[C@H](O)CO)[C@H]1CC[C@H]2[C@@H]3CC[C@@H]4C[C@H](O)CC[C@]4(C)[C@H]3C[C@H](O)[C@]12C
2ZNN,2P54,Q07869,PPARA,735,Cc1nc(-c2ccc(C(F)(F)F)cc2)sc1C(=O)NCc1ccc(OC(C)(C)C(=O)O)cc1
2ZNN,1I7G,Q07869,PPARA,CPQ AZ2 NA,C[C@H](CCC(=O)N(CCCNC(=O)[C@H](O)[C@@H](O)[C@H](O)[C@H](O)CO)CCCNC(=O)[C@H](O)[C@@H](O)[C@H](O)[C@H](O)CO)[C@H]1CC[C@H]2[C@@H]3CC[C@@H]4C[C@H](O)CC[C@]4(C)[C@H]3C[C@H](O)[C@]12C CCO[C@@H](Cc1ccc(OCCc2ccc(OS(C)(=O)=O)cc2)cc1)C(=O)O [Na+]
2ZNN,2NPA,Q07869,PPARA,MMB,CCCO/N=C(\C)[C@@H](Cc1ccc(OCc2nc(-c3ccccc3)oc2C)cc1)C(=O)O
4CI4,4BCR,Q07869,PPARA,EDO WY1,OCCO Cc1cccc(Nc2cc(Cl)nc(SCC(=O)O)n2)c1C
4CI4,3G8I,Q07869,PPARA,RO7,CO[C@@H](Cc1ccc(OCCc2nc(-c3ccccc3)oc2C)c2ccsc12)C(=O)O
4CI4,1I7G,Q07869,PPARA,CPQ AZ2 NA,C[C@H](CCC(=O)N(CCCNC(=O)[C@H](O)[C@@H](O)[C@H](O)[C@H](O)CO)CCCNC(=O)[C@H](O)[C@@H](O)[C@H](O)[C@H](O)CO)[C@H]1CC[C@H]2[C@@H]3CC[C@@H]4C[C@H](O)CC[C@]4(C)[C@H]3C[C@H](O)[C@]12C CCO[C@@H](Cc1ccc(OCCc2ccc(OS(C)(=O)=O)cc2)cc1)C(=O)O [Na+]
4CI4,3KDU,Q07869,PPARA,NKS,Cc1ccc(OC(=O)N(CC(=O)O)Cc2cccc(OCc3nc(-c4ccc(Cl)cc4)oc3C)c2)cc1
4CI4,5HYK,Q07869,PPARA,65W,CC(C)(Oc1ccc(-c2cccc3ccccc23)cc1)C(=O)O
4CI4,5AZT,Q07869,PPARA,4M5,CC/C=C\CC(=O)CC/C=C\C/C=C\C/C=C\C/C=C\CCC(=O)O
4CI4,1K7L,Q07869,PPARA,YT3 544,[Y+3] C/C(=C/C(=O)c1ccccc1)N[C@@H](Cc1ccc(OCCc2nc(-c3ccccc3)oc2C)cc1)C(=O)O
4CI4,2REW,Q07869,PPARA,REW CPQ,COc1ccc(N2C(=O)[C@@H](Cc3cccc(OCCc4nc(-c5ccccc5)oc4C)c3)[C@H]2C(=O)O)cc1 C[C@H](CCC(=O)N(CCCNC(=O)[C@H](O)[C@@H](O)[C@H](O)[C@H](O)CO)CCCNC(=O)[C@H](O)[C@@H](O)[C@H](O)[C@H](O)CO)[C@H]1CC[C@H]2[C@@H]3CC[C@@H]4C[C@H](O)CC[C@]4(C)[C@H]3C[C@H](O)[C@]12C
4CI4,3KDT,Q07869,PPARA,7HA,COC(=O)N(CC(=O)O)Cc1cccc(OCc2nc(-c3ccc(Cl)cc3)oc2C)c1
1K7L,3ET1,Q07869,PPARA,ET1,COc1ccc(S(=O)(=O)n2cc(CCC(=O)O)c3cc(OC)ccc32)cc1
1K7L,2P54,Q07869,PPARA,735,Cc1nc(-c2ccc(C(F)(F)F)cc2)sc1C(=O)NCc1ccc(OC(C)(C)C(=O)O)cc1
1K7L,3KDU,Q07869,PPARA,NKS,Cc1ccc(OC(=O)N(CC(=O)O)Cc2cccc(OCc3nc(-c4ccc(Cl)cc4)oc3C)c2)cc1
1K7L,2NPA,Q07869,PPARA,MMB,CCCO/N=C(\C)[C@@H](Cc1ccc(OCc2nc(-c3ccccc3)oc2C)cc1)C(=O)O
1K7L,3SP6,Q07869,PPARA,IL2,CC#CC[C@@H](C)[C@H](O)/C=C/[C@@H]1[C@H]2C/C(=C/CCCC(=O)O)C[C@H]2C[C@H]1O
1K7L,3KDT,Q07869,PPARA,7HA,COC(=O)N(CC(=O)O)Cc1cccc(OCc2nc(-c3ccc(Cl)cc3)oc2C)c1
1I7G,3ET1,Q07869,PPARA,ET1,COc1ccc(S(=O)(=O)n2cc(CCC(=O)O)c3cc(OC)ccc32)cc1
1I7G,2P54,Q07869,PPARA,735,Cc1nc(-c2ccc(C(F)(F)F)cc2)sc1C(=O)NCc1ccc(OC(C)(C)C(=O)O)cc1
1I7G,3VI8,Q07869,PPARA,13M,CC[C@@H](Cc1ccc(OC)c(CNC(=O)c2ccc3ccc4cccc5ccc2c3c45)c1)C(=O)O
1I7G,2REW,Q07869,PPARA,REW CPQ,COc1ccc(N2C(=O)[C@@H](Cc3cccc(OCCc4nc(-c5ccccc5)oc4C)c3)[C@H]2C(=O)O)cc1 C[C@H](CCC(=O)N(CCCNC(=O)[C@H](O)[C@@H](O)[C@H](O)[C@H](O)CO)CCCNC(=O)[C@H](O)[C@@H](O)[C@H](O)[C@H](O)CO)[C@H]1CC[C@H]2[C@@H]3CC[C@@H]4C[C@H](O)CC[C@]4(C)[C@H]3C[C@H](O)[C@]12C
1I7G,3FEI,Q07869,PPARA,CTM,CCO[C@@H](Cc1ccc(OCc2csc(-c3ccc(Cl)cc3)n2)cc1C)C(=O)O
2NPA,4BCR,Q07869,PPARA,EDO WY1,OCCO Cc1cccc(Nc2cc(Cl)nc(SCC(=O)O)n2)c1C
2NPA,3ET1,Q07869,PPARA,ET1,COc1ccc(S(=O)(=O)n2cc(CCC(=O)O)c3cc(OC)ccc32)cc1
2NPA,4CI4,Q07869,PPARA,Y1N,CC(C)(Oc1ccc(CCOc2ccc(N=Nc3ccccc3)cc2)cc1)C(=O)O
2NPA,2P54,Q07869,PPARA,735,Cc1nc(-c2ccc(C(F)(F)F)cc2)sc1C(=O)NCc1ccc(OC(C)(C)C(=O)O)cc1
2NPA,5AZT,Q07869,PPARA,4M5,CC/C=C\CC(=O)CC/C=C\C/C=C\C/C=C\C/C=C\CCC(=O)O
2NPA,3KDT,Q07869,PPARA,7HA,COC(=O)N(CC(=O)O)Cc1cccc(OCc2nc(-c3ccc(Cl)cc3)oc2C)c1
2REW,3ET1,Q07869,PPARA,ET1,COc1ccc(S(=O)(=O)n2cc(CCC(=O)O)c3cc(OC)ccc32)cc1
2REW,2P54,Q07869,PPARA,735,Cc1nc(-c2ccc(C(F)(F)F)cc2)sc1C(=O)NCc1ccc(OC(C)(C)C(=O)O)cc1
2REW,3G8I,Q07869,PPARA,RO7,CO[C@@H](Cc1ccc(OCCc2nc(-c3ccccc3)oc2C)c2ccsc12)C(=O)O
2REW,1I7G,Q07869,PPARA,CPQ AZ2 NA,C[C@H](CCC(=O)N(CCCNC(=O)[C@H](O)[C@@H](O)[C@H](O)[C@H](O)CO)CCCNC(=O)[C@H](O)[C@@H](O)[C@H](O)[C@H](O)CO)[C@H]1CC[C@H]2[C@@H]3CC[C@@H]4C[C@H](O)CC[C@]4(C)[C@H]3C[C@H](O)[C@]12C CCO[C@@H](Cc1ccc(OCCc2ccc(OS(C)(=O)=O)cc2)cc1)C(=O)O [Na+]
2REW,2NPA,Q07869,PPARA,MMB,CCCO/N=C(\C)[C@@H](Cc1ccc(OCc2nc(-c3ccccc3)oc2C)cc1)C(=O)O
2REW,5HYK,Q07869,PPARA,65W,CC(C)(Oc1ccc(-c2cccc3ccccc23)cc1)C(=O)O
2REW,5AZT,Q07869,PPARA,4M5,CC/C=C\CC(=O)CC/C=C\C/C=C\C/C=C\C/C=C\CCC(=O)O
2REW,1K7L,Q07869,PPARA,YT3 544,[Y+3] C/C(=C/C(=O)c1ccccc1)N[C@@H](Cc1ccc(OCCc2nc(-c3ccccc3)oc2C)cc1)C(=O)O
2REW,3SP6,Q07869,PPARA,IL2,CC#CC[C@@H](C)[C@H](O)/C=C/[C@@H]1[C@H]2C/C(=C/CCCC(=O)O)C[C@H]2C[C@H]1O
3KDT,4CI4,Q07869,PPARA,Y1N,CC(C)(Oc1ccc(CCOc2ccc(N=Nc3ccccc3)cc2)cc1)C(=O)O
3KDT,1I7G,Q07869,PPARA,CPQ AZ2 NA,C[C@H](CCC(=O)N(CCCNC(=O)[C@H](O)[C@@H](O)[C@H](O)[C@H](O)CO)CCCNC(=O)[C@H](O)[C@@H](O)[C@H](O)[C@H](O)CO)[C@H]1CC[C@H]2[C@@H]3CC[C@@H]4C[C@H](O)CC[C@]4(C)[C@H]3C[C@H](O)[C@]12C CCO[C@@H](Cc1ccc(OCCc2ccc(OS(C)(=O)=O)cc2)cc1)C(=O)O [Na+]
3KDT,3VI8,Q07869,PPARA,13M,CC[C@@H](Cc1ccc(OC)c(CNC(=O)c2ccc3ccc4cccc5ccc2c3c45)c1)C(=O)O
3KDT,2NPA,Q07869,PPARA,MMB,CCCO/N=C(\C)[C@@H](Cc1ccc(OCc2nc(-c3ccccc3)oc2C)cc1)C(=O)O
3KDT,5AZT,Q07869,PPARA,4M5,CC/C=C\CC(=O)CC/C=C\C/C=C\C/C=C\C/C=C\CCC(=O)O
3VI8,4BCR,Q07869,PPARA,EDO WY1,OCCO Cc1cccc(Nc2cc(Cl)nc(SCC(=O)O)n2)c1C
3VI8,4CI4,Q07869,PPARA,Y1N,CC(C)(Oc1ccc(CCOc2ccc(N=Nc3ccccc3)cc2)cc1)C(=O)O
3VI8,2P54,Q07869,PPARA,735,Cc1nc(-c2ccc(C(F)(F)F)cc2)sc1C(=O)NCc1ccc(OC(C)(C)C(=O)O)cc1
3VI8,1I7G,Q07869,PPARA,CPQ AZ2 NA,C[C@H](CCC(=O)N(CCCNC(=O)[C@H](O)[C@@H](O)[C@H](O)[C@H](O)CO)CCCNC(=O)[C@H](O)[C@@H](O)[C@H](O)[C@H](O)CO)[C@H]1CC[C@H]2[C@@H]3CC[C@@H]4C[C@H](O)CC[C@]4(C)[C@H]3C[C@H](O)[C@]12C CCO[C@@H](Cc1ccc(OCCc2ccc(OS(C)(=O)=O)cc2)cc1)C(=O)O [Na+]
3VI8,3KDU,Q07869,PPARA,NKS,Cc1ccc(OC(=O)N(CC(=O)O)Cc2cccc(OCc3nc(-c4ccc(Cl)cc4)oc3C)c2)cc1
3VI8,3SP6,Q07869,PPARA,IL2,CC#CC[C@@H](C)[C@H](O)/C=C/[C@@H]1[C@H]2C/C(=C/CCCC(=O)O)C[C@H]2C[C@H]1O
5AZT,3KDU,Q07869,PPARA,NKS,Cc1ccc(OC(=O)N(CC(=O)O)Cc2cccc(OCc3nc(-c4ccc(Cl)cc4)oc3C)c2)cc1
5AZT,2ZNN,Q07869,PPARA,S44,CCCOc1ccc(C[C@H](CC)C(=O)O)cc1CNC(=O)c1ccc(C23CC4CC(CC(C4)C2)C3)cc1
5AZT,1K7L,Q07869,PPARA,YT3 544,[Y+3] C/C(=C/C(=O)c1ccccc1)N[C@@H](Cc1ccc(OCCc2nc(-c3ccccc3)oc2C)cc1)C(=O)O
5AZT,3FEI,Q07869,PPARA,CTM,CCO[C@@H](Cc1ccc(OCc2csc(-c3ccc(Cl)cc3)n2)cc1C)C(=O)O
4BCR,3G8I,Q07869,PPARA,RO7,CO[C@@H](Cc1ccc(OCCc2nc(-c3ccccc3)oc2C)c2ccsc12)C(=O)O
4BCR,5HYK,Q07869,PPARA,65W,CC(C)(Oc1ccc(-c2cccc3ccccc23)cc1)C(=O)O
4BCR,2REW,Q07869,PPARA,REW CPQ,COc1ccc(N2C(=O)[C@@H](Cc3cccc(OCCc4nc(-c5ccccc5)oc4C)c3)[C@H]2C(=O)O)cc1 C[C@H](CCC(=O)N(CCCNC(=O)[C@H](O)[C@@H](O)[C@H](O)[C@H](O)CO)CCCNC(=O)[C@H](O)[C@@H](O)[C@H](O)[C@H](O)CO)[C@H]1CC[C@H]2[C@@H]3CC[C@@H]4C[C@H](O)CC[C@]4(C)[C@H]3C[C@H](O)[C@]12C
4BCR,3SP6,Q07869,PPARA,IL2,CC#CC[C@@H](C)[C@H](O)/C=C/[C@@H]1[C@H]2C/C(=C/CCCC(=O)O)C[C@H]2C[C@H]1O
4BCR,3KDT,Q07869,PPARA,7HA,COC(=O)N(CC(=O)O)Cc1cccc(OCc2nc(-c3ccc(Cl)cc3)oc2C)c1
3ET1,4BCR,Q07869,PPARA,EDO WY1,OCCO Cc1cccc(Nc2cc(Cl)nc(SCC(=O)O)n2)c1C
3ET1,2P54,Q07869,PPARA,735,Cc1nc(-c2ccc(C(F)(F)F)cc2)sc1C(=O)NCc1ccc(OC(C)(C)C(=O)O)cc1
3ET1,3VI8,Q07869,PPARA,13M,CC[C@@H](Cc1ccc(OC)c(CNC(=O)c2ccc3ccc4cccc5ccc2c3c45)c1)C(=O)O
3ET1,2NPA,Q07869,PPARA,MMB,CCCO/N=C(\C)[C@@H](Cc1ccc(OCc2nc(-c3ccccc3)oc2C)cc1)C(=O)O
3ET1,3SP6,Q07869,PPARA,IL2,CC#CC[C@@H](C)[C@H](O)/C=C/[C@@H]1[C@H]2C/C(=C/CCCC(=O)O)C[C@H]2C[C@H]1O
3G8I,3ET1,Q07869,PPARA,ET1,COc1ccc(S(=O)(=O)n2cc(CCC(=O)O)c3cc(OC)ccc32)cc1
3G8I,4CI4,Q07869,PPARA,Y1N,CC(C)(Oc1ccc(CCOc2ccc(N=Nc3ccccc3)cc2)cc1)C(=O)O
3G8I,2ZNN,Q07869,PPARA,S44,CCCOc1ccc(C[C@H](CC)C(=O)O)cc1CNC(=O)c1ccc(C23CC4CC(CC(C4)C2)C3)cc1
3G8I,3VI8,Q07869,PPARA,13M,CC[C@@H](Cc1ccc(OC)c(CNC(=O)c2ccc3ccc4cccc5ccc2c3c45)c1)C(=O)O
3G8I,2NPA,Q07869,PPARA,MMB,CCCO/N=C(\C)[C@@H](Cc1ccc(OCc2nc(-c3ccccc3)oc2C)cc1)C(=O)O
3G8I,5HYK,Q07869,PPARA,65W,CC(C)(Oc1ccc(-c2cccc3ccccc23)cc1)C(=O)O
3G8I,2REW,Q07869,PPARA,REW CPQ,COc1ccc(N2C(=O)[C@@H](Cc3cccc(OCCc4nc(-c5ccccc5)oc4C)c3)[C@H]2C(=O)O)cc1 C[C@H](CCC(=O)N(CCCNC(=O)[C@H](O)[C@@H](O)[C@H](O)[C@H](O)CO)CCCNC(=O)[C@H](O)[C@@H](O)[C@H](O)[C@H](O)CO)[C@H]1CC[C@H]2[C@@H]3CC[C@@H]4C[C@H](O)CC[C@]4(C)[C@H]3C[C@H](O)[C@]12C
3G8I,3FEI,Q07869,PPARA,CTM,CCO[C@@H](Cc1ccc(OCc2csc(-c3ccc(Cl)cc3)n2)cc1C)C(=O)O
3G8I,3SP6,Q07869,PPARA,IL2,CC#CC[C@@H](C)[C@H](O)/C=C/[C@@H]1[C@H]2C/C(=C/CCCC(=O)O)C[C@H]2C[C@H]1O
2P54,4BCR,Q07869,PPARA,EDO WY1,OCCO Cc1cccc(Nc2cc(Cl)nc(SCC(=O)O)n2)c1C
2P54,4CI4,Q07869,PPARA,Y1N,CC(C)(Oc1ccc(CCOc2ccc(N=Nc3ccccc3)cc2)cc1)C(=O)O
2P54,3KDU,Q07869,PPARA,NKS,Cc1ccc(OC(=O)N(CC(=O)O)Cc2cccc(OCc3nc(-c4ccc(Cl)cc4)oc3C)c2)cc1
2P54,2ZNN,Q07869,PPARA,S44,CCCOc1ccc(C[C@H](CC)C(=O)O)cc1CNC(=O)c1ccc(C23CC4CC(CC(C4)C2)C3)cc1
2P54,2NPA,Q07869,PPARA,MMB,CCCO/N=C(\C)[C@@H](Cc1ccc(OCc2nc(-c3ccccc3)oc2C)cc1)C(=O)O
2P54,5HYK,Q07869,PPARA,65W,CC(C)(Oc1ccc(-c2cccc3ccccc23)cc1)C(=O)O
5HYK,4BCR,Q07869,PPARA,EDO WY1,OCCO Cc1cccc(Nc2cc(Cl)nc(SCC(=O)O)n2)c1C
5HYK,4CI4,Q07869,PPARA,Y1N,CC(C)(Oc1ccc(CCOc2ccc(N=Nc3ccccc3)cc2)cc1)C(=O)O
5HYK,3G8I,Q07869,PPARA,RO7,CO[C@@H](Cc1ccc(OCCc2nc(-c3ccccc3)oc2C)c2ccsc12)C(=O)O
5HYK,3KDU,Q07869,PPARA,NKS,Cc1ccc(OC(=O)N(CC(=O)O)Cc2cccc(OCc3nc(-c4ccc(Cl)cc4)oc3C)c2)cc1
5HYK,2NPA,Q07869,PPARA,MMB,CCCO/N=C(\C)[C@@H](Cc1ccc(OCc2nc(-c3ccccc3)oc2C)cc1)C(=O)O
5HYK,5AZT,Q07869,PPARA,4M5,CC/C=C\CC(=O)CC/C=C\C/C=C\C/C=C\C/C=C\CCC(=O)O
5HYK,1K7L,Q07869,PPARA,YT3 544,[Y+3] C/C(=C/C(=O)c1ccccc1)N[C@@H](Cc1ccc(OCCc2nc(-c3ccccc3)oc2C)cc1)C(=O)O
5HYK,3FEI,Q07869,PPARA,CTM,CCO[C@@H](Cc1ccc(OCc2csc(-c3ccc(Cl)cc3)n2)cc1C)C(=O)O
3FEI,2P54,Q07869,PPARA,735,Cc1nc(-c2ccc(C(F)(F)F)cc2)sc1C(=O)NCc1ccc(OC(C)(C)C(=O)O)cc1
3FEI,3G8I,Q07869,PPARA,RO7,CO[C@@H](Cc1ccc(OCCc2nc(-c3ccccc3)oc2C)c2ccsc12)C(=O)O
3FEI,1I7G,Q07869,PPARA,CPQ AZ2 NA,C[C@H](CCC(=O)N(CCCNC(=O)[C@H](O)[C@@H](O)[C@H](O)[C@H](O)CO)CCCNC(=O)[C@H](O)[C@@H](O)[C@H](O)[C@H](O)CO)[C@H]1CC[C@H]2[C@@H]3CC[C@@H]4C[C@H](O)CC[C@]4(C)[C@H]3C[C@H](O)[C@]12C CCO[C@@H](Cc1ccc(OCCc2ccc(OS(C)(=O)=O)cc2)cc1)C(=O)O [Na+]
3FEI,2ZNN,Q07869,PPARA,S44,CCCOc1ccc(C[C@H](CC)C(=O)O)cc1CNC(=O)c1ccc(C23CC4CC(CC(C4)C2)C3)cc1
3FEI,2NPA,Q07869,PPARA,MMB,CCCO/N=C(\C)[C@@H](Cc1ccc(OCc2nc(-c3ccccc3)oc2C)cc1)C(=O)O
3FEI,5HYK,Q07869,PPARA,65W,CC(C)(Oc1ccc(-c2cccc3ccccc23)cc1)C(=O)O
3FEI,5AZT,Q07869,PPARA,4M5,CC/C=C\CC(=O)CC/C=C\C/C=C\C/C=C\C/C=C\CCC(=O)O
3FEI,1K7L,Q07869,PPARA,YT3 544,[Y+3] C/C(=C/C(=O)c1ccccc1)N[C@@H](Cc1ccc(OCCc2nc(-c3ccccc3)oc2C)cc1)C(=O)O
3FEI,3KDT,Q07869,PPARA,7HA,COC(=O)N(CC(=O)O)Cc1cccc(OCc2nc(-c3ccc(Cl)cc3)oc2C)c1
3SP6,1I7G,Q07869,PPARA,CPQ AZ2 NA,C[C@H](CCC(=O)N(CCCNC(=O)[C@H](O)[C@@H](O)[C@H](O)[C@H](O)CO)CCCNC(=O)[C@H](O)[C@@H](O)[C@H](O)[C@H](O)CO)[C@H]1CC[C@H]2[C@@H]3CC[C@@H]4C[C@H](O)CC[C@]4(C)[C@H]3C[C@H](O)[C@]12C CCO[C@@H](Cc1ccc(OCCc2ccc(OS(C)(=O)=O)cc2)cc1)C(=O)O [Na+]
3SP6,5AZT,Q07869,PPARA,4M5,CC/C=C\CC(=O)CC/C=C\C/C=C\C/C=C\C/C=C\CCC(=O)O
3SP6,3KDT,Q07869,PPARA,7HA,COC(=O)N(CC(=O)O)Cc1cccc(OCc2nc(-c3ccc(Cl)cc3)oc2C)c1
2XYJ,2XYW,Q03181,PPARD,08S BOG,CC(C)c1nnc(NS(=O)(=O)c2ccc(CCNC(=O)c3sc4cc(F)ccc4c3Cl)cc2)s1 CCCCCCCCO[C@@H]1O[C@H](CO)[C@@H](O)[C@H](O)[C@H]1O
2XYJ,5U40,Q03181,PPARD,PEG PGO B7G 7UD,OCCOCCO C[C@H](O)CO CCCCCCCO[C@@H]1O[C@H](CO)[C@@H](O)[C@H](O)[C@H]1O O=C(O)CCCCCOc1ccccc1CN(Cc1ccccc1)C(=O)c1ccc(-c2ccoc2)cc1
2XYJ,1Y0S,Q03181,PPARD,IOD 331 B7G,[I-] CCCCCCCN(CCc1ccc(O[C@@](C)(CC)C(=O)O)cc1)C(=O)Nc1ccc(F)cc1F CCCCCCCO[C@@H]1O[C@H](CO)[C@@H](O)[C@H](O)[C@H]1O
2XYJ,2Q5G,Q03181,PPARD,1FA,O=C(O)COc1ccc(Sc2cc(C#CCN3CCOCC3)nc(C#Cc3ccc(C(F)(F)F)cc3)c2)c2c1CCC2
2XYJ,3GZ9,Q03181,PPARD,B7G D32,CCCCCCCO[C@@H]1O[C@H](CO)[C@@H](O)[C@H](O)[C@H]1O C#CCOc1cc(COc2ccc(C(F)(F)F)cc2)ccc1Sc1ccc(OCC(=O)O)c(C)c1C
2XYW,3GZ9,Q03181,PPARD,B7G D32,CCCCCCCO[C@@H]1O[C@H](CO)[C@@H](O)[C@H](O)[C@H]1O C#CCOc1cc(COc2ccc(C(F)(F)F)cc2)ccc1Sc1ccc(OCC(=O)O)c(C)c1C
2AWH,2XYJ,Q03181,PPARD,1PE WLM,OCCOCCOCCOCCOCCO COc1ccc(Cl)cc1C(=O)NCCc1ccc(S(=O)(=O)Nc2nnc(C(C)C)s2)cc1
2AWH,1Y0S,Q03181,PPARD,IOD 331 B7G,[I-] CCCCCCCN(CCc1ccc(O[C@@](C)(CC)C(=O)O)cc1)C(=O)Nc1ccc(F)cc1F CCCCCCCO[C@@H]1O[C@H](CO)[C@@H](O)[C@H](O)[C@H]1O
2AWH,2XYX,Q03181,PPARD,BOG Z00,CCCCCCCCO[C@@H]1O[C@H](CO)[C@@H](O)[C@H](O)[C@H]1O CC(C)c1nnc(NS(=O)(=O)c2ccc(CCNc3ncc(C(F)(F)F)cc3Cl)cc2)s1
2J14,2XYJ,Q03181,PPARD,1PE WLM,OCCOCCOCCOCCOCCO COc1ccc(Cl)cc1C(=O)NCCc1ccc(S(=O)(=O)Nc2nnc(C(C)C)s2)cc1
2J14,2ZNP,Q03181,PPARD,B7G K55,CCCCCCCO[C@@H]1O[C@H](CO)[C@@H](O)[C@H](O)[C@H]1O CCCCOc1ccc(C[C@H](CC)C(=O)O)cc1CNC(=O)c1ccc(C(F)(F)F)cc1F
3ET2,5U40,Q03181,PPARD,PEG PGO B7G 7UD,OCCOCCO C[C@H](O)CO CCCCCCCO[C@@H]1O[C@H](CO)[C@@H](O)[C@H](O)[C@H]1O O=C(O)CCCCCOc1ccccc1CN(Cc1ccccc1)C(=O)c1ccc(-c2ccoc2)cc1
3ET2,3SP9,Q03181,PPARD,IL2,CC#CC[C@@H](C)[C@H](O)/C=C/[C@@H]1[C@H]2C/C(=C/CCCC(=O)O)C[C@H]2C[C@H]1O
3ET2,3GZ9,Q03181,PPARD,B7G D32,CCCCCCCO[C@@H]1O[C@H](CO)[C@@H](O)[C@H](O)[C@H]1O C#CCOc1cc(COc2ccc(C(F)(F)F)cc2)ccc1Sc1ccc(OCC(=O)O)c(C)c1C
3ET2,1GWX,Q03181,PPARD,433,CC(C)(Oc1ccc(CCCN(CCc2c(F)cccc2Cl)C(=O)Nc2cccc(Cl)c2Cl)cc1)C(=O)O
5U40,3D5F,Q03181,PPARD,L41,CCCc1c(OCCCOc2ccc(OCC(=O)O)cc2)ccc(C(C)=O)c1O
5U40,2XYJ,Q03181,PPARD,1PE WLM,OCCOCCOCCOCCOCCO COc1ccc(Cl)cc1C(=O)NCCc1ccc(S(=O)(=O)Nc2nnc(C(C)C)s2)cc1
5U40,5U46,Q03181,PPARD,B7G PGO PEG 7T1,CCCCCCCO[C@@H]1O[C@H](CO)[C@@H](O)[C@H](O)[C@H]1O C[C@H](O)CO OCCOCCO Cc1cc(SCc2sc(-c3ccc(C(F)(F)F)cc3)nc2C)ccc1OCC(=O)O
5U40,2XYX,Q03181,PPARD,BOG Z00,CCCCCCCCO[C@@H]1O[C@H](CO)[C@@H](O)[C@H](O)[C@H]1O CC(C)c1nnc(NS(=O)(=O)c2ccc(CCNc3ncc(C(F)(F)F)cc3Cl)cc2)s1
5U40,3GWX,Q03181,PPARD,EPA,CC/C=C\C/C=C\C/C=C\C/C=C\C/C=C\CCCC(=O)O
3D5F,2BAW,Q03181,PPARD,B7G VCA,CCCCCCCO[C@@H]1O[C@H](CO)[C@@H](O)[C@H](O)[C@H]1O CCCCCC/C=C\CCCCCCCCCC(=O)O
3D5F,5U46,Q03181,PPARD,B7G PGO PEG 7T1,CCCCCCCO[C@@H]1O[C@H](CO)[C@@H](O)[C@H](O)[C@H]1O C[C@H](O)CO OCCOCCO Cc1cc(SCc2sc(-c3ccc(C(F)(F)F)cc3)nc2C)ccc1OCC(=O)O
3D5F,3TKM,Q03181,PPARD,GOL GW0,OCC(O)CO Cc1cc(SCc2sc(-c3ccc(C(F)(F)F)c(F)c3)nc2C)ccc1OCC(=O)O
3D5F,3SP9,Q03181,PPARD,IL2,CC#CC[C@@H](C)[C@H](O)/C=C/[C@@H]1[C@H]2C/C(=C/CCCC(=O)O)C[C@H]2C[C@H]1O
3D5F,3ET2,Q03181,PPARD,ET1 1BO,COc1ccc(S(=O)(=O)n2cc(CCC(=O)O)c3cc(OC)ccc32)cc1 CCCCO
3D5F,3PEQ,Q03181,PPARD,3EQ JZR IOD,CCCCN(c1cccc(-c2ccc(SC)cc2)c1C)S(=O)(=O)c1ccc(OCC(=O)O)c2ccccc12 CCCCCCO[C@@H]1O[C@H](CO)[C@@H](O)[C@H](O)[C@H]1O [I-]
3OZ0,2XYW,Q03181,PPARD,08S BOG,CC(C)c1nnc(NS(=O)(=O)c2ccc(CCNC(=O)c3sc4cc(F)ccc4c3Cl)cc2)s1 CCCCCCCCO[C@@H]1O[C@H](CO)[C@@H](O)[C@H](O)[C@H]1O
3OZ0,3DY6,Q03181,PPARD,DY6 IOD,O=C(Nc1ccccc1C(=O)O)c1cccc(S(=O)(=O)N2CCc3ccccc3C2)c1 [I-]
3OZ0,5U40,Q03181,PPARD,PEG PGO B7G 7UD,OCCOCCO C[C@H](O)CO CCCCCCCO[C@@H]1O[C@H](CO)[C@@H](O)[C@H](O)[C@H]1O O=C(O)CCCCCOc1ccccc1CN(Cc1ccccc1)C(=O)c1ccc(-c2ccoc2)cc1
3OZ0,3TKM,Q03181,PPARD,GOL GW0,OCC(O)CO Cc1cc(SCc2sc(-c3ccc(C(F)(F)F)c(F)c3)nc2C)ccc1OCC(=O)O
3PEQ,2BAW,Q03181,PPARD,B7G VCA,CCCCCCCO[C@@H]1O[C@H](CO)[C@@H](O)[C@H](O)[C@H]1O CCCCCC/C=C\CCCCCCCCCC(=O)O
3PEQ,3D5F,Q03181,PPARD,L41,CCCc1c(OCCCOc2ccc(OCC(=O)O)cc2)ccc(C(C)=O)c1O
3PEQ,3OZ0,Q03181,PPARD,3OZ,Cc1cc(CN2Cc3ccccc3[C@H]2C(=O)Nc2ccc(Cl)cc2Cl)ccc1OCC(=O)O
3PEQ,2J14,Q03181,PPARD,GNI,O=C(O)Cc1cccc(-c2noc(-c3ccccc3)c2C(=O)NCCOc2ccc(Cl)cc2Cl)c1
2ZNQ,3DY6,Q03181,PPARD,DY6 IOD,O=C(Nc1ccccc1C(=O)O)c1cccc(S(=O)(=O)N2CCc3ccccc3C2)c1 [I-]
2ZNQ,5U40,Q03181,PPARD,PEG PGO B7G 7UD,OCCOCCO C[C@H](O)CO CCCCCCCO[C@@H]1O[C@H](CO)[C@@H](O)[C@H](O)[C@H]1O O=C(O)CCCCCOc1ccccc1CN(Cc1ccccc1)C(=O)c1ccc(-c2ccoc2)cc1
2ZNQ,2Q5G,Q03181,PPARD,1FA,O=C(O)COc1ccc(Sc2cc(C#CCN3CCOCC3)nc(C#Cc3ccc(C(F)(F)F)cc3)c2)c2c1CCC2
2ZNQ,3OZ0,Q03181,PPARD,3OZ,Cc1cc(CN2Cc3ccccc3[C@H]2C(=O)Nc2ccc(Cl)cc2Cl)ccc1OCC(=O)O
2ZNQ,2ZNP,Q03181,PPARD,B7G K55,CCCCCCCO[C@@H]1O[C@H](CO)[C@@H](O)[C@H](O)[C@H]1O CCCCOc1ccc(C[C@H](CC)C(=O)O)cc1CNC(=O)c1ccc(C(F)(F)F)cc1F
2ZNQ,3TKM,Q03181,PPARD,GOL GW0,OCC(O)CO Cc1cc(SCc2sc(-c3ccc(C(F)(F)F)c(F)c3)nc2C)ccc1OCC(=O)O
2ZNQ,3GZ9,Q03181,PPARD,B7G D32,CCCCCCCO[C@@H]1O[C@H](CO)[C@@H](O)[C@H](O)[C@H]1O C#CCOc1cc(COc2ccc(C(F)(F)F)cc2)ccc1Sc1ccc(OCC(=O)O)c(C)c1C
2ZNQ,3PEQ,Q03181,PPARD,3EQ JZR IOD,CCCCN(c1cccc(-c2ccc(SC)cc2)c1C)S(=O)(=O)c1ccc(OCC(=O)O)c2ccccc12 CCCCCCO[C@@H]1O[C@H](CO)[C@@H](O)[C@H](O)[C@H]1O [I-]
3DY6,2BAW,Q03181,PPARD,B7G VCA,CCCCCCCO[C@@H]1O[C@H](CO)[C@@H](O)[C@H](O)[C@H]1O CCCCCC/C=C\CCCCCCCCCC(=O)O
3DY6,5U46,Q03181,PPARD,B7G PGO PEG 7T1,CCCCCCCO[C@@H]1O[C@H](CO)[C@@H](O)[C@H](O)[C@H]1O C[C@H](O)CO OCCOCCO Cc1cc(SCc2sc(-c3ccc(C(F)(F)F)cc3)nc2C)ccc1OCC(=O)O
3DY6,2XYX,Q03181,PPARD,BOG Z00,CCCCCCCCO[C@@H]1O[C@H](CO)[C@@H](O)[C@H](O)[C@H]1O CC(C)c1nnc(NS(=O)(=O)c2ccc(CCNc3ncc(C(F)(F)F)cc3Cl)cc2)s1
3DY6,3TKM,Q03181,PPARD,GOL GW0,OCC(O)CO Cc1cc(SCc2sc(-c3ccc(C(F)(F)F)c(F)c3)nc2C)ccc1OCC(=O)O
3DY6,3GZ9,Q03181,PPARD,B7G D32,CCCCCCCO[C@@H]1O[C@H](CO)[C@@H](O)[C@H](O)[C@H]1O C#CCOc1cc(COc2ccc(C(F)(F)F)cc2)ccc1Sc1ccc(OCC(=O)O)c(C)c1C
3DY6,3GWX,Q03181,PPARD,EPA,CC/C=C\C/C=C\C/C=C\C/C=C\C/C=C\CCCC(=O)O
3DY6,3PEQ,Q03181,PPARD,3EQ JZR IOD,CCCCN(c1cccc(-c2ccc(SC)cc2)c1C)S(=O)(=O)c1ccc(OCC(=O)O)c2ccccc12 CCCCCCO[C@@H]1O[C@H](CO)[C@@H](O)[C@H](O)[C@H]1O [I-]
2Q5G,2XYW,Q03181,PPARD,08S BOG,CC(C)c1nnc(NS(=O)(=O)c2ccc(CCNC(=O)c3sc4cc(F)ccc4c3Cl)cc2)s1 CCCCCCCCO[C@@H]1O[C@H](CO)[C@@H](O)[C@H](O)[C@H]1O
2Q5G,5U40,Q03181,PPARD,PEG PGO B7G 7UD,OCCOCCO C[C@H](O)CO CCCCCCCO[C@@H]1O[C@H](CO)[C@@H](O)[C@H](O)[C@H]1O O=C(O)CCCCCOc1ccccc1CN(Cc1ccccc1)C(=O)c1ccc(-c2ccoc2)cc1
2Q5G,1Y0S,Q03181,PPARD,IOD 331 B7G,[I-] CCCCCCCN(CCc1ccc(O[C@@](C)(CC)C(=O)O)cc1)C(=O)Nc1ccc(F)cc1F CCCCCCCO[C@@H]1O[C@H](CO)[C@@H](O)[C@H](O)[C@H]1O
2Q5G,2J14,Q03181,PPARD,GNI,O=C(O)Cc1cccc(-c2noc(-c3ccccc3)c2C(=O)NCCOc2ccc(Cl)cc2Cl)c1
2XYX,2XYW,Q03181,PPARD,08S BOG,CC(C)c1nnc(NS(=O)(=O)c2ccc(CCNC(=O)c3sc4cc(F)ccc4c3Cl)cc2)s1 CCCCCCCCO[C@@H]1O[C@H](CO)[C@@H](O)[C@H](O)[C@H]1O
2XYX,3D5F,Q03181,PPARD,L41,CCCc1c(OCCCOc2ccc(OCC(=O)O)cc2)ccc(C(C)=O)c1O
2XYX,5U40,Q03181,PPARD,PEG PGO B7G 7UD,OCCOCCO C[C@H](O)CO CCCCCCCO[C@@H]1O[C@H](CO)[C@@H](O)[C@H](O)[C@H]1O O=C(O)CCCCCOc1ccccc1CN(Cc1ccccc1)C(=O)c1ccc(-c2ccoc2)cc1
2XYX,1Y0S,Q03181,PPARD,IOD 331 B7G,[I-] CCCCCCCN(CCc1ccc(O[C@@](C)(CC)C(=O)O)cc1)C(=O)Nc1ccc(F)cc1F CCCCCCCO[C@@H]1O[C@H](CO)[C@@H](O)[C@H](O)[C@H]1O
2XYX,2J14,Q03181,PPARD,GNI,O=C(O)Cc1cccc(-c2noc(-c3ccccc3)c2C(=O)NCCOc2ccc(Cl)cc2Cl)c1
2XYX,1GWX,Q03181,PPARD,433,CC(C)(Oc1ccc(CCCN(CCc2c(F)cccc2Cl)C(=O)Nc2cccc(Cl)c2Cl)cc1)C(=O)O
2XYX,3GWX,Q03181,PPARD,EPA,CC/C=C\C/C=C\C/C=C\C/C=C\C/C=C\CCCC(=O)O
3SP9,2ZNP,Q03181,PPARD,B7G K55,CCCCCCCO[C@@H]1O[C@H](CO)[C@@H](O)[C@H](O)[C@H]1O CCCCOc1ccc(C[C@H](CC)C(=O)O)cc1CNC(=O)c1ccc(C(F)(F)F)cc1F
3SP9,3PEQ,Q03181,PPARD,3EQ JZR IOD,CCCCN(c1cccc(-c2ccc(SC)cc2)c1C)S(=O)(=O)c1ccc(OCC(=O)O)c2ccccc12 CCCCCCO[C@@H]1O[C@H](CO)[C@@H](O)[C@H](O)[C@H]1O [I-]
2BAW,5U46,Q03181,PPARD,B7G PGO PEG 7T1,CCCCCCCO[C@@H]1O[C@H](CO)[C@@H](O)[C@H](O)[C@H]1O C[C@H](O)CO OCCOCCO Cc1cc(SCc2sc(-c3ccc(C(F)(F)F)cc3)nc2C)ccc1OCC(=O)O
2BAW,3GZ9,Q03181,PPARD,B7G D32,CCCCCCCO[C@@H]1O[C@H](CO)[C@@H](O)[C@H](O)[C@H]1O C#CCOc1cc(COc2ccc(C(F)(F)F)cc2)ccc1Sc1ccc(OCC(=O)O)c(C)c1C
2BAW,1GWX,Q03181,PPARD,433,CC(C)(Oc1ccc(CCCN(CCc2c(F)cccc2Cl)C(=O)Nc2cccc(Cl)c2Cl)cc1)C(=O)O
2BAW,3ET2,Q03181,PPARD,ET1 1BO,COc1ccc(S(=O)(=O)n2cc(CCC(=O)O)c3cc(OC)ccc32)cc1 CCCCO
2BAW,3GWX,Q03181,PPARD,EPA,CC/C=C\C/C=C\C/C=C\C/C=C\C/C=C\CCCC(=O)O
3GZ9,2BAW,Q03181,PPARD,B7G VCA,CCCCCCCO[C@@H]1O[C@H](CO)[C@@H](O)[C@H](O)[C@H]1O CCCCCC/C=C\CCCCCCCCCC(=O)O
3GZ9,5U40,Q03181,PPARD,PEG PGO B7G 7UD,OCCOCCO C[C@H](O)CO CCCCCCCO[C@@H]1O[C@H](CO)[C@@H](O)[C@H](O)[C@H]1O O=C(O)CCCCCOc1ccccc1CN(Cc1ccccc1)C(=O)c1ccc(-c2ccoc2)cc1
3GZ9,5U46,Q03181,PPARD,B7G PGO PEG 7T1,CCCCCCCO[C@@H]1O[C@H](CO)[C@@H](O)[C@H](O)[C@H]1O C[C@H](O)CO OCCOCCO Cc1cc(SCc2sc(-c3ccc(C(F)(F)F)cc3)nc2C)ccc1OCC(=O)O
3GZ9,3GWX,Q03181,PPARD,EPA,CC/C=C\C/C=C\C/C=C\C/C=C\C/C=C\CCCC(=O)O
3GZ9,3PEQ,Q03181,PPARD,3EQ JZR IOD,CCCCN(c1cccc(-c2ccc(SC)cc2)c1C)S(=O)(=O)c1ccc(OCC(=O)O)c2ccccc12 CCCCCCO[C@@H]1O[C@H](CO)[C@@H](O)[C@H](O)[C@H]1O [I-]
1GWX,2ZNQ,Q03181,PPARD,B7G 401,CCCCCCCO[C@@H]1O[C@H](CO)[C@@H](O)[C@H](O)[C@H]1O CC[C@@H](Cc1ccc(OC)c(CNC(=O)c2ccc(C(F)(F)F)cc2F)c1)C(=O)O
1GWX,2XYJ,Q03181,PPARD,1PE WLM,OCCOCCOCCOCCOCCO COc1ccc(Cl)cc1C(=O)NCCc1ccc(S(=O)(=O)Nc2nnc(C(C)C)s2)cc1
1GWX,2ZNP,Q03181,PPARD,B7G K55,CCCCCCCO[C@@H]1O[C@H](CO)[C@@H](O)[C@H](O)[C@H]1O CCCCOc1ccc(C[C@H](CC)C(=O)O)cc1CNC(=O)c1ccc(C(F)(F)F)cc1F
1GWX,5U46,Q03181,PPARD,B7G PGO PEG 7T1,CCCCCCCO[C@@H]1O[C@H](CO)[C@@H](O)[C@H](O)[C@H]1O C[C@H](O)CO OCCOCCO Cc1cc(SCc2sc(-c3ccc(C(F)(F)F)cc3)nc2C)ccc1OCC(=O)O
1GWX,3GZ9,Q03181,PPARD,B7G D32,CCCCCCCO[C@@H]1O[C@H](CO)[C@@H](O)[C@H](O)[C@H]1O C#CCOc1cc(COc2ccc(C(F)(F)F)cc2)ccc1Sc1ccc(OCC(=O)O)c(C)c1C
2B50,3D5F,Q03181,PPARD,L41,CCCc1c(OCCCOc2ccc(OCC(=O)O)cc2)ccc(C(C)=O)c1O
2B50,2XYX,Q03181,PPARD,BOG Z00,CCCCCCCCO[C@@H]1O[C@H](CO)[C@@H](O)[C@H](O)[C@H]1O CC(C)c1nnc(NS(=O)(=O)c2ccc(CCNc3ncc(C(F)(F)F)cc3Cl)cc2)s1
3TKM,3SP9,Q03181,PPARD,IL2,CC#CC[C@@H](C)[C@H](O)/C=C/[C@@H]1[C@H]2C/C(=C/CCCC(=O)O)C[C@H]2C[C@H]1O
3TKM,3ET2,Q03181,PPARD,ET1 1BO,COc1ccc(S(=O)(=O)n2cc(CCC(=O)O)c3cc(OC)ccc32)cc1 CCCCO
3TKM,3PEQ,Q03181,PPARD,3EQ JZR IOD,CCCCN(c1cccc(-c2ccc(SC)cc2)c1C)S(=O)(=O)c1ccc(OCC(=O)O)c2ccccc12 CCCCCCO[C@@H]1O[C@H](CO)[C@@H](O)[C@H](O)[C@H]1O [I-]
3GWX,2ZNQ,Q03181,PPARD,B7G 401,CCCCCCCO[C@@H]1O[C@H](CO)[C@@H](O)[C@H](O)[C@H]1O CC[C@@H](Cc1ccc(OC)c(CNC(=O)c2ccc(C(F)(F)F)cc2F)c1)C(=O)O
3GWX,3DY6,Q03181,PPARD,DY6 IOD,O=C(Nc1ccccc1C(=O)O)c1cccc(S(=O)(=O)N2CCc3ccccc3C2)c1 [I-]
3GWX,1Y0S,Q03181,PPARD,IOD 331 B7G,[I-] CCCCCCCN(CCc1ccc(O[C@@](C)(CC)C(=O)O)cc1)C(=O)Nc1ccc(F)cc1F CCCCCCCO[C@@H]1O[C@H](CO)[C@@H](O)[C@H](O)[C@H]1O
3GWX,2ZNP,Q03181,PPARD,B7G K55,CCCCCCCO[C@@H]1O[C@H](CO)[C@@H](O)[C@H](O)[C@H]1O CCCCOc1ccc(C[C@H](CC)C(=O)O)cc1CNC(=O)c1ccc(C(F)(F)F)cc1F
5U46,2ZNQ,Q03181,PPARD,B7G 401,CCCCCCCO[C@@H]1O[C@H](CO)[C@@H](O)[C@H](O)[C@H]1O CC[C@@H](Cc1ccc(OC)c(CNC(=O)c2ccc(C(F)(F)F)cc2F)c1)C(=O)O
5U46,2XYW,Q03181,PPARD,08S BOG,CC(C)c1nnc(NS(=O)(=O)c2ccc(CCNC(=O)c3sc4cc(F)ccc4c3Cl)cc2)s1 CCCCCCCCO[C@@H]1O[C@H](CO)[C@@H](O)[C@H](O)[C@H]1O
5U46,1Y0S,Q03181,PPARD,IOD 331 B7G,[I-] CCCCCCCN(CCc1ccc(O[C@@](C)(CC)C(=O)O)cc1)C(=O)Nc1ccc(F)cc1F CCCCCCCO[C@@H]1O[C@H](CO)[C@@H](O)[C@H](O)[C@H]1O
5U46,2XYX,Q03181,PPARD,BOG Z00,CCCCCCCCO[C@@H]1O[C@H](CO)[C@@H](O)[C@H](O)[C@H]1O CC(C)c1nnc(NS(=O)(=O)c2ccc(CCNc3ncc(C(F)(F)F)cc3Cl)cc2)s1
5U46,3TKM,Q03181,PPARD,GOL GW0,OCC(O)CO Cc1cc(SCc2sc(-c3ccc(C(F)(F)F)c(F)c3)nc2C)ccc1OCC(=O)O
5U46,3ET2,Q03181,PPARD,ET1 1BO,COc1ccc(S(=O)(=O)n2cc(CCC(=O)O)c3cc(OC)ccc32)cc1 CCCCO
2ZNP,2XYW,Q03181,PPARD,08S BOG,CC(C)c1nnc(NS(=O)(=O)c2ccc(CCNC(=O)c3sc4cc(F)ccc4c3Cl)cc2)s1 CCCCCCCCO[C@@H]1O[C@H](CO)[C@@H](O)[C@H](O)[C@H]1O
2ZNP,3ET2,Q03181,PPARD,ET1 1BO,COc1ccc(S(=O)(=O)n2cc(CCC(=O)O)c3cc(OC)ccc32)cc1 CCCCO
2ZNP,3GWX,Q03181,PPARD,EPA,CC/C=C\C/C=C\C/C=C\C/C=C\C/C=C\CCCC(=O)O
1Y0S,3DY6,Q03181,PPARD,DY6 IOD,O=C(Nc1ccccc1C(=O)O)c1cccc(S(=O)(=O)N2CCc3ccccc3C2)c1 [I-]
1Y0S,3TKM,Q03181,PPARD,GOL GW0,OCC(O)CO Cc1cc(SCc2sc(-c3ccc(C(F)(F)F)c(F)c3)nc2C)ccc1OCC(=O)O
1Y0S,3SP9,Q03181,PPARD,IL2,CC#CC[C@@H](C)[C@H](O)/C=C/[C@@H]1[C@H]2C/C(=C/CCCC(=O)O)C[C@H]2C[C@H]1O
1Y0S,3ET2,Q03181,PPARD,ET1 1BO,COc1ccc(S(=O)(=O)n2cc(CCC(=O)O)c3cc(OC)ccc32)cc1 CCCCO
1Y0S,3PEQ,Q03181,PPARD,3EQ JZR IOD,CCCCN(c1cccc(-c2ccc(SC)cc2)c1C)S(=O)(=O)c1ccc(OCC(=O)O)c2ccccc12 CCCCCCO[C@@H]1O[C@H](CO)[C@@H](O)[C@H](O)[C@H]1O [I-]
3CDP,3GBK,P37231,PPARG,2PQ,CCCc1cc(C(=O)c2ccc(-c3ccccc3)cc2)ccc1OCCCN1CCCc2c(OC(C)(C)C(=O)O)cccc21
3CDP,3QT0,P37231,PPARG,486,CC#C[C@]1(O)CC[C@H]2[C@@H]3CCC4=CC(=O)CCC4=C3[C@@H](c3ccc(N(C)C)cc3)C[C@@]21C
2VST,4FGY,P37231,PPARG,0W3,C[C@H](CCC(=O)O)C[C@H](C)C[C@H](C)C(=O)CC(=O)[C@H](C)C[C@H](C)C/C=C\[C@@H](C)[C@@H](O)[C@@H](C)[C@@H](O)C[C@@H]1CC[C@@](C)([C@H]2CC[C@@](C)([C@@H](C)O)O2)O1
3TY0,3B0R,P37231,PPARG,GW9,O=C(Nc1ccccc1)c1cc([N+](=O)[O-])ccc1Cl
3T03,2VST,P37231,PPARG,243,CCCCC[C@H](O)/C=C/C=C\CCCCCCCC(=O)O
3WMH,2Q6R,P37231,PPARG,SF2,COc1cccc(Cn2c(C(=O)O)c(Sc3ccccc3)c3cc(Cl)ccc32)c1
2VV3,2POB,P37231,PPARG,GOL GW4,OCC(O)CO CC(=O)NC[C@H](Cc1ccc(OCCc2nc(-c3ccccc3)oc2C)cc1)Nc1ccccc1C(=O)c1ccccc1
2VV3,4F9M,P37231,PPARG,FCM,CCc1cc(F)c2ccccc2c1CNC(=O)c1c(OC)cc(O)c2c1OC1=CC(O)=C(C(C)=O)C(=O)[C@]12C
5WR0,4JAZ,P37231,PPARG,STL,Oc1ccc(/C=C/c2cc(O)cc(O)c2)cc1
4XUH,2ZK3,P37231,PPARG,OCX,CCCCC/C=C/C/C=C/C=C/C(=O)C/C=C/CCCC(=O)O
2ZK1,3T03,P37231,PPARG,3T0,COc1ccc(Br)cc1/C=C1\SC(=O)N(Cc2ccc(C)cc2)C1=O
2ZK1,2POB,P37231,PPARG,GOL GW4,OCC(O)CO CC(=O)NC[C@H](Cc1ccc(OCCc2nc(-c3ccccc3)oc2C)cc1)Nc1ccccc1C(=O)c1ccccc1
2VV0,4L98,P37231,PPARG,LRG,O=C(O)[C@H](Cc1ccccc1)Oc1ccc(-c2ccccc2)cc1
2VV0,3H0A,P37231,PPARG,D30 9RA,CCC#CCOc1cc(COc2ccc(C(F)(F)F)cc2)ccc1Sc1ccc(OCC(=O)O)c2c1CCCC2 C=C(c1ccc(C(=O)O)cc1)c1cc2c(cc1C)C(C)(C)CCC2(C)C
3K8S,2Q59,P37231,PPARG,240,COc1ccc(C(=O)n2c(C)c(Cc3ccccc3O[C@@H](C)C(=O)O)c3cc(OC(F)(F)F)ccc32)cc1
5DV3,2VV4,P37231,PPARG,6OC 6OB,CCCCC/C=C\C/C=C\[C@H](O)CC(=O)CCCCC(=O)O CCCCC/C=C\C[C@H](O)/C=C/CC(=O)CCCCC(=O)O
2Q5P,2OM9,P37231,PPARG,AJA,CCCCCCC(C)(C)c1cc(O)c2c(c1)OC(C)(C)[C@@H]1CC=C(C(=O)O)C[C@@H]21
4EMA,5WQX,P37231,PPARG,T65,CCCCCCCCCC/C=C/CCC(=O)C=NCC(=O)O
4L98,4FGY,P37231,PPARG,0W3,C[C@H](CCC(=O)O)C[C@H](C)C[C@H](C)C(=O)CC(=O)[C@H](C)C[C@H](C)C/C=C\[C@@H](C)[C@@H](O)[C@@H](C)[C@@H](O)C[C@@H]1CC[C@@](C)([C@H]2CC[C@@](C)([C@@H](C)O)O2)O1
4L98,3R8I,P37231,PPARG,XCX,CCCCCCCN(CCc1ccc(OC(C)(C)C(=O)O)cc1)c1nc2ccccc2o1
4L98,5LSG,P37231,PPARG,QZQ,C=C(C)[C@@H]1CC[C@]2(C(=O)O)CC[C@]3(C)[C@H](CC[C@@H]4[C@@]5(C)C=C[C@H](O)C(C)(C)[C@H]5CC[C@]43C)[C@@H]12
3NOA,5AZV,P37231,PPARG,4M5,CC/C=C\CC(=O)CC/C=C\C/C=C\C/C=C\C/C=C\CCC(=O)O
2HWQ,3X1H,P37231,PPARG,5OX,CC/C=C\C/C=C\C/C=C\C/C=C\CC/C=C/CC(=O)CCCC(=O)O
2ZK3,1RDT,P37231,PPARG,L79 570,CC1(C)CCC(C)(C)c2cc(C3=CC=C[C@@H]4O[C@H](/C=C/C(=O)O)C[C@H]34)ccc21 Cc1oc(-c2ccccc2)nc1CCOc1ccc(C[C@H](Nc2ccccc2C(=O)c2ccccc2)C(=O)O)cc1
2ZK3,3PBA,P37231,PPARG,ZXG PGO,CC(C)(c1cc(Br)c(O)c(Br)c1)c1cc(Br)c(OS(=O)(=O)O)c(Br)c1 C[C@H](O)CO
1NYX,1KNU,P37231,PPARG,YPA,CCO[C@@H](Cc1ccc(OCCn2c3ccccc3c3ccccc32)cc1)C(=O)O
3WJ5,5DV6,P37231,PPARG,B4H,C=NC(=O)c1cccc([N+](=O)[O-])c1
3WJ5,2XKW,P37231,PPARG,P1B PE4 EPE,CCc1ccc(CCOc2ccc(C[C@H]3SC(=O)NC3=O)cc2)nc1 CCOCCOCCOCCOCCOCCOCCOCCO O=S(=O)(O)CCN1CCN(CCO)CC1
3HO0,4FGY,P37231,PPARG,0W3,C[C@H](CCC(=O)O)C[C@H](C)C[C@H](C)C(=O)CC(=O)[C@H](C)C[C@H](C)C/C=C\[C@@H](C)[C@@H](O)[C@@H](C)[C@@H](O)C[C@@H]1CC[C@@](C)([C@H]2CC[C@@](C)([C@@H](C)O)O2)O1
5TTO,3S9S,P37231,PPARG,M0T,CC[C@@H](NC(=O)c1ccc2c(c1)nc(C)n2Cc1ccc(Cl)c(Cl)c1)c1ccccc1
2G0G,3HOD,P37231,PPARG,ZZH,O=C(O)[C@H](Cc1ccccc1)Oc1ccc(Cc2ccccc2)cc1
4JAZ,3WJ5,P37231,PPARG,T9T,c1ccc([Sn](c2ccccc2)c2ccccc2)cc1
4JAZ,3V9T,P37231,PPARG,17L,CCOc1cc(CNC(=O)c2c(OC)cc(O)c3c2OC2=CC(O)=C(C(C)=O)C(=O)[C@]23C)c2ccccc2c1
4R6S,5DV8,P37231,PPARG,T51,CN1CCN(Cc2ccc(C(=O)NCc3ccccc3COc3ccccc3NC(=O)c3cccc([N+](=O)[O-])c3)cc2)CC1
4R6S,2VV2,P37231,PPARG,5HE,CC/C=C\C/C=C\C/C=C\C/C=C\C=C\[C@H](O)CCCC(=O)O
3V9Y,3B0R,P37231,PPARG,GW9,O=C(Nc1ccccc1)c1cc([N+](=O)[O-])ccc1Cl
3V9Y,2HWR,P37231,PPARG,DRD,CCCc1c(OCCCn2ccc3c(OC(C)(C)C(=O)O)cccc32)ccc2cc(C(=O)c3ccccc3)ccc12
3AN4,5DV6,P37231,PPARG,B4H,C=NC(=O)c1cccc([N+](=O)[O-])c1
2I4Z,3ADT,P37231,PPARG,HID,O=C(O)Cc1c[nH]c2ccc(O)cc12
5WR1,3SZ1,P37231,PPARG,KNA LU2 MYR,CCCCCCCCC(=O)O O=c1cc(-c2ccc(O)c(O)c2)oc2cc(O)cc(O)c12 CCCCCCCCCCCCCC(=O)O
4Y29,2ZK1,P37231,PPARG,PTG,CCCCC/C=C/C=C1/C(=O)C=C[C@@H]1C/C=C/CCCC(=O)O
3U9Q,3HO0,P37231,PPARG,DKD,O=C(O)[C@H](Cc1ccccc1)Oc1ccc(CCc2ccccc2)cc1
3V9T,3VJI,P37231,PPARG,J53,CCCCOc1ccc(C[C@H](CC)C(=O)O)cc1CNC(=O)c1ccc(C23CC4CC(CC(C4)C2)C3)cc1
2VV1,5GTN,P37231,PPARG,Q35,CC[C@@H](OC(=O)N(Cc1ccccc1)C(=O)Nc1cc(OC)cc(OC)c1)c1cc(-c2ccc(OC(C)(C)C(=O)O)cc2)no1
2VV1,3VJI,P37231,PPARG,J53,CCCCOc1ccc(C[C@H](CC)C(=O)O)cc1CNC(=O)c1ccc(C23CC4CC(CC(C4)C2)C3)cc1
3PO9,4R2U,P37231,PPARG,3JX,Cc1c(C)n(Cc2ccc(-c3ccccc3C(=O)O)cc2)c2ccc(C(=O)N[C@@H](C)c3ccc([N+](=O)[O-])cc3)cc12
3PO9,3ADT,P37231,PPARG,HID,O=C(O)Cc1c[nH]c2ccc(O)cc12
4F9M,5DVC,P37231,PPARG,T53,CN1CCN(Cc2ccc(C(=O)NCc3cccc(COc4ccccc4NC(=O)c4cccc([N+](=O)[O-])c4)c3)cc2)CC1
3LMP,3H0A,P37231,PPARG,D30 9RA,CCC#CCOc1cc(COc2ccc(C(F)(F)F)cc2)ccc1Sc1ccc(OCC(=O)O)c2c1CCCC2 C=C(c1ccc(C(=O)O)cc1)c1cc2c(cc1C)C(C)(C)CCC2(C)C
3LMP,2Q61,P37231,PPARG,SF1,O=C(O)c1c(Sc2ccccc2)c2cc(Cl)ccc2n1Cc1ccccc1
4A4V,4FGY,P37231,PPARG,0W3,C[C@H](CCC(=O)O)C[C@H](C)C[C@H](C)C(=O)CC(=O)[C@H](C)C[C@H](C)C/C=C\[C@@H](C)[C@@H](O)[C@@H](C)[C@@H](O)C[C@@H]1CC[C@@](C)([C@H]2CC[C@@](C)([C@@H](C)O)O2)O1
4JL4,2Q5S,P37231,PPARG,NZA,O=C(O)c1c(Sc2ccccc2)c2cc(Cl)ccc2n1Cc1ccc(Cl)cc1
1RDT,2Q6R,P19793,RXRA,SF2,COc1cccc(Cn2c(C(=O)O)c(Sc3ccccc3)c3cc(Cl)ccc32)c1
5GTN,5TWO,P37231,PPARG,7MV,O=C(NCc1ccccc1)c1ccc2c(ccn2Cc2ccc(Cl)c(F)c2)c1
5GTN,3R8I,P37231,PPARG,XCX,CCCCCCCN(CCc1ccc(OC(C)(C)C(=O)O)cc1)c1nc2ccccc2o1
2PRG,3SZ1,P37231,PPARG,KNA LU2 MYR,CCCCCCCCC(=O)O O=c1cc(-c2ccc(O)c(O)c2)oc2cc(O)cc(O)c12 CCCCCCCCCCCCCC(=O)O
3PBA,2HWR,P37231,PPARG,DRD,CCCc1c(OCCCn2ccc3c(OC(C)(C)C(=O)O)cccc32)ccc2cc(C(=O)c3ccccc3)ccc12
3PBA,3ADT,P37231,PPARG,HID,O=C(O)Cc1c[nH]c2ccc(O)cc12
4A4W,4PWL,P37231,PPARG,MSZ,O=C(O)[C@@H](Oc1cccc(C(F)(F)F)c1)c1ccc(Cl)cc1
2ZK5,5WR0,P37231,PPARG,8Y0,O=C(C=NCC(=O)O)/C=C/CCCCCCCCCCCCn1nnc2c1-c1ccccc1CN(C(=O)CCCCCNC(=O)C(F)(F)F)c1ccccc1-2
3BC5,3HO0,P37231,PPARG,DKD,O=C(O)[C@H](Cc1ccccc1)Oc1ccc(CCc2ccccc2)cc1
3ADV,3G9E,P37231,PPARG,RO7,CO[C@@H](Cc1ccc(OCCc2nc(-c3ccccc3)oc2C)c2ccsc12)C(=O)O
3ADV,2ATH,P37231,PPARG,3EA,CCCc1c(OCCCOc2ccc3c(ccn3CC(=O)O)c2)ccc2c(C(F)(F)F)noc12
5DSH,2Q61,P37231,PPARG,SF1,O=C(O)c1c(Sc2ccccc2)c2cc(Cl)ccc2n1Cc1ccccc1
5DSH,4PWL,P37231,PPARG,MSZ,O=C(O)[C@@H](Oc1cccc(C(F)(F)F)c1)c1ccc(Cl)cc1
3VJI,2VV2,P37231,PPARG,5HE,CC/C=C\C/C=C\C/C=C\C/C=C\C=C\[C@H](O)CCCC(=O)O
5DV8,3PBA,P37231,PPARG,ZXG PGO,CC(C)(c1cc(Br)c(O)c(Br)c1)c1cc(Br)c(OS(=O)(=O)O)c(Br)c1 C[C@H](O)CO
3QT0,1NYX,P37231,PPARG,DRF,CCO[C@@H](Cc1ccc(OCCN2c3ccccc3Oc3ccccc32)cc1)C(=O)O
2XKW,2ZNO,P37231,PPARG,S44,CCCOc1ccc(C[C@H](CC)C(=O)O)cc1CNC(=O)c1ccc(C23CC4CC(CC(C4)C2)C3)cc1
4PWL,2F4B,P37231,PPARG,EHA,CCCc1c(OCCCOc2ccc3c(ccn3CC(=O)O)c2)ccc2cc(C(=O)c3ccccc3)ccc12
4PWL,4XUH,P37231,PPARG,SFI,CSc1ccc(/C=C2/C(C)=C(CC(=O)O)c3cc(F)ccc32)cc1
2Q5S,1ZEO,P37231,PPARG,C01,CCCc1cc2c(=O)n(C)oc2c(CCC)c1O[C@H](C(=O)[O-])c1ccc(C(C)C)cc1
2I4J,1KNU,P37231,PPARG,YPA,CCO[C@@H](Cc1ccc(OCCn2c3ccccc3c3ccccc32)cc1)C(=O)O
2I4J,3B1M,P37231,PPARG,KRC,CCc1ccc2ccccc2c1CNC(=O)c1c(OC)cc(O)c2c1OC1=CC(O)=C(C(C)=O)C(=O)[C@]12C
5HZC,3IA6,P37231,PPARG,UNT,Cc1oc(-c2ccccc2)nc1CCCc1ccc(C[C@@H](C(=O)O)n2nccn2)cc1
1KNU,2POB,P37231,PPARG,GOL GW4,OCC(O)CO CC(=O)NC[C@H](Cc1ccc(OCCc2nc(-c3ccccc3)oc2C)cc1)Nc1ccccc1C(=O)c1ccccc1
3IA6,3ADV,P37231,PPARG,SRO,NCCc1c[nH]c2ccc(O)cc12
3S9S,3OSW,P37231,PPARG,XDI PGO,CC(C)(c1cc(Br)c(O)c(Br)c1)c1cc(Br)c(O)c(Br)c1 C[C@H](O)CO
3B1M,2POB,P37231,PPARG,GOL GW4,OCC(O)CO CC(=O)NC[C@H](Cc1ccc(OCCc2nc(-c3ccccc3)oc2C)cc1)Nc1ccccc1C(=O)c1ccccc1
4XLD,4E4Q,P37231,PPARG,RRH,CC(C)c1ccccc1-c1ccc(O[C@H](Cc2ccccc2)C(=O)O)cc1
5DV6,1KNU,P37231,PPARG,YPA,CCO[C@@H](Cc1ccc(OCCn2c3ccccc3c3ccccc32)cc1)C(=O)O
5DVC,2G0H,P37231,PPARG,SP3,O=S(=O)(Nc1cc(-c2cccs2)nn1-c1ccc(F)cc1)c1cc(C(F)(F)F)cc(C(F)(F)F)c1
4PRG,4CI5,P37231,PPARG,Y1N,CC(C)(Oc1ccc(CCOc2ccc(N=Nc3ccccc3)cc2)cc1)C(=O)O
2G0H,1K74,P37231,PPARG,9CR 544,CC1=C(/C=C/C(C)=C\C=C\C(C)=C\C(=O)O)C(C)(C)CCC1 C/C(=C/C(=O)c1ccccc1)N[C@@H](Cc1ccc(OCCc2nc(-c3ccccc3)oc2C)cc1)C(=O)O
2G0H,4CI5,P37231,PPARG,Y1N,CC(C)(Oc1ccc(CCOc2ccc(N=Nc3ccccc3)cc2)cc1)C(=O)O
2ZNO,4CI5,P37231,PPARG,Y1N,CC(C)(Oc1ccc(CCOc2ccc(N=Nc3ccccc3)cc2)cc1)C(=O)O
2ZK6,1KNU,P37231,PPARG,YPA,CCO[C@@H](Cc1ccc(OCCn2c3ccccc3c3ccccc32)cc1)C(=O)O
2ZK6,4R6S,P37231,PPARG,3K2,Cc1c(C)n(Cc2ccc(-c3ccccc3C(=O)O)cc2)c2ccc(C(=O)N[C@H](C)c3ccc([N+](=O)[O-])cc3)cc12
2ZK6,4JL4,P37231,PPARG,AXY,O=C(O)[C@H](Cc1ccc(-c2ccccc2)cc1)Oc1ccc(-c2ccccc2)cc1
3R8I,3WJ4,P37231,PPARG,TBY,CCCC[Sn](CCCC)CCCC
3OSW,4E4Q,P37231,PPARG,RRH,CC(C)c1ccccc1-c1ccc(O[C@H](Cc2ccccc2)C(=O)O)cc1
3OSW,3IA6,P37231,PPARG,UNT,Cc1oc(-c2ccccc2)nc1CCCc1ccc(C[C@@H](C(=O)O)n2nccn2)cc1
4FGY,3U9Q,P37231,PPARG,DKA,CCCCCCCCCC(=O)O
3CS8,1ZEO,P37231,PPARG,C01,CCCc1cc2c(=O)n(C)oc2c(CCC)c1O[C@H](C(=O)[O-])c1ccc(C(C)C)cc1
3OSI,3ADV,P37231,PPARG,SRO,NCCc1c[nH]c2ccc(O)cc12
3B0R,3PO9,P37231,PPARG,PGO XPT,C[C@H](O)CO CCCS(Cl)(CCC)CCC
4O8F,1K74,P37231,PPARG,9CR 544,CC1=C(/C=C/C(C)=C\C=C\C(C)=C\C(=O)O)C(C)(C)CCC1 C/C(=C/C(=O)c1ccccc1)N[C@@H](Cc1ccc(OCCc2nc(-c3ccccc3)oc2C)cc1)C(=O)O
3B0Q,5GTN,P37231,PPARG,Q35,CC[C@@H](OC(=O)N(Cc1ccccc1)C(=O)Nc1cc(OC)cc(OC)c1)c1cc(-c2ccc(OC(C)(C)C(=O)O)cc2)no1
5DWL,3X1H,P37231,PPARG,5OX,CC/C=C\C/C=C\C/C=C\C/C=C\CC/C=C/CC(=O)CCCC(=O)O
5DWL,4XUH,P37231,PPARG,SFI,CSc1ccc(/C=C2/C(C)=C(CC(=O)O)c3cc(F)ccc32)cc1
3ZRB,2W8Y,P06401,PGR,486 SO4 NDR EDO,CC#C[C@]1(O)CC[C@H]2[C@@H]3CCC4=CC(=O)CCC4=C3[C@@H](c3ccc(N(C)C)cc3)C[C@@]21C O=S(=O)([O-])[O-] C#C[C@]1(O)CC[C@H]2[C@@H]3CCC4=CC(=O)CC[C@@H]4[C@H]3CC[C@@]21C OCCO
3ZRB,1E3K,P06401,PGR,R18,C[C@]1(O)CC[C@H]2[C@@H]3CCC4=CC(=O)CCC4=C3C=C[C@@]21C
3ZRB,1ZUC,P06401,PGR,SO4 T98,O=S(=O)([O-])[O-] Cn1c(C#N)ccc1-c1ccc2c(c1)C(C)(C)OC(=S)N2
3ZRB,1SQN,P06401,PGR,NDR,C#C[C@]1(O)CC[C@H]2[C@@H]3CCC4=CC(=O)CC[C@@H]4[C@H]3CC[C@@]21C
3ZRB,3D90,P06401,PGR,NOG,C#C[C@]1(O)CC[C@H]2[C@@H]3CCC4=CC(=O)CC[C@@H]4[C@H]3CC[C@@]21CC
3ZRB,3KBA,P06401,PGR,WOW SO4,Cc1ccccc1CN(c1ccc(C#N)c(Cl)c1)[C@H]1CCN(S(C)(=O)=O)C1 O=S(=O)([O-])[O-]
3ZRB,3ZRA,P06401,PGR,SO4 ORB,O=S(=O)([O-])[O-] Cc1noc(C)c1S(=O)(=O)N[C@H](C)c1ccc(-c2cc(F)cnc2Cl)cc1
4A2J,3ZRB,P06401,PGR,ORC GOL SO4 OR8,Cc1noc(C)c1-c1ccc([C@@H](C)NS(=O)(=O)c2c(C)noc2C)cc1 OCC(O)CO O=S(=O)([O-])[O-] Cc1noc(C)c1-c1ccc(CNS(=O)(=O)c2c(C)nn(C)c2Cl)cc1
4A2J,2W8Y,P06401,PGR,486 SO4 NDR EDO,CC#C[C@]1(O)CC[C@H]2[C@@H]3CCC4=CC(=O)CCC4=C3[C@@H](c3ccc(N(C)C)cc3)C[C@@]21C O=S(=O)([O-])[O-] C#C[C@]1(O)CC[C@H]2[C@@H]3CCC4=CC(=O)CC[C@@H]4[C@H]3CC[C@@]21C OCCO
4A2J,1E3K,P06401,PGR,R18,C[C@]1(O)CC[C@H]2[C@@H]3CCC4=CC(=O)CCC4=C3C=C[C@@]21C
4A2J,3D90,P06401,PGR,NOG,C#C[C@]1(O)CC[C@H]2[C@@H]3CCC4=CC(=O)CC[C@@H]4[C@H]3CC[C@@]21CC
4A2J,3ZRA,P06401,PGR,SO4 ORB,O=S(=O)([O-])[O-] Cc1noc(C)c1S(=O)(=O)N[C@H](C)c1ccc(-c2cc(F)cnc2Cl)cc1
3G8O,3ZRB,P06401,PGR,ORC GOL SO4 OR8,Cc1noc(C)c1-c1ccc([C@@H](C)NS(=O)(=O)c2c(C)noc2C)cc1 OCC(O)CO O=S(=O)([O-])[O-] Cc1noc(C)c1-c1ccc(CNS(=O)(=O)c2c(C)nn(C)c2Cl)cc1
3G8O,1SQN,P06401,PGR,NDR,C#C[C@]1(O)CC[C@H]2[C@@H]3CCC4=CC(=O)CC[C@@H]4[C@H]3CC[C@@]21C
3G8O,3KBA,P06401,PGR,WOW SO4,Cc1ccccc1CN(c1ccc(C#N)c(Cl)c1)[C@H]1CCN(S(C)(=O)=O)C1 O=S(=O)([O-])[O-]
2W8Y,1ZUC,P06401,PGR,SO4 T98,O=S(=O)([O-])[O-] Cn1c(C#N)ccc1-c1ccc2c(c1)C(C)(C)OC(=S)N2
2W8Y,1SR7,P06401,PGR,MOF SO4 GOL,C[C@@H]1C[C@H]2[C@@H]3CCC4=CC(=O)C=C[C@]4(C)[C@@]3(Cl)[C@@H](O)C[C@]2(C)[C@@]1(OC(=O)c1ccco1)C(=O)CCl O=S(=O)([O-])[O-] OCC(O)CO
2W8Y,3D90,P06401,PGR,NOG,C#C[C@]1(O)CC[C@H]2[C@@H]3CCC4=CC(=O)CC[C@@H]4[C@H]3CC[C@@]21CC
2W8Y,3G8O,P06401,PGR,30X SO4,C[C@@H](C(=O)N(C)C)N(CC(F)(F)F)c1ccc(C#N)c(C(F)(F)F)c1 O=S(=O)([O-])[O-]
2W8Y,3KBA,P06401,PGR,WOW SO4,Cc1ccccc1CN(c1ccc(C#N)c(Cl)c1)[C@H]1CCN(S(C)(=O)=O)C1 O=S(=O)([O-])[O-]
3HQ5,3ZRB,P06401,PGR,ORC GOL SO4 OR8,Cc1noc(C)c1-c1ccc([C@@H](C)NS(=O)(=O)c2c(C)noc2C)cc1 OCC(O)CO O=S(=O)([O-])[O-] Cc1noc(C)c1-c1ccc(CNS(=O)(=O)c2c(C)nn(C)c2Cl)cc1
3HQ5,2W8Y,P06401,PGR,486 SO4 NDR EDO,CC#C[C@]1(O)CC[C@H]2[C@@H]3CCC4=CC(=O)CCC4=C3[C@@H](c3ccc(N(C)C)cc3)C[C@@]21C O=S(=O)([O-])[O-] C#C[C@]1(O)CC[C@H]2[C@@H]3CCC4=CC(=O)CC[C@@H]4[C@H]3CC[C@@]21C OCCO
3HQ5,2OVH,P06401,PGR,AS0,COC[C@]1(OC)CC[C@H]2[C@@H]3CCC4=CC(=O)CCC4=C3[C@@H](c3ccc(/C=N/O)cc3)C[C@@]21C
3HQ5,3D90,P06401,PGR,NOG,C#C[C@]1(O)CC[C@H]2[C@@H]3CCC4=CC(=O)CC[C@@H]4[C@H]3CC[C@@]21CC
3HQ5,3G8O,P06401,PGR,30X SO4,C[C@@H](C(=O)N(C)C)N(CC(F)(F)F)c1ccc(C#N)c(C(F)(F)F)c1 O=S(=O)([O-])[O-]
3HQ5,1A28,P06401,PGR,STR,CC(=O)[C@H]1CC[C@H]2[C@@H]3CCC4=CC(=O)CC[C@]4(C)[C@H]3CC[C@]12C
3ZRA,4OAR,P06401,PGR,2S0,CC(=O)O[C@]1(C(C)=O)CC[C@H]2[C@@H]3CCC4=CC(=O)CCC4=C3[C@@H](c3ccc(N(C)C)cc3)C[C@@]21C
3ZRA,1SQN,P06401,PGR,NDR,C#C[C@]1(O)CC[C@H]2[C@@H]3CCC4=CC(=O)CC[C@@H]4[C@H]3CC[C@@]21C
3ZRA,3D90,P06401,PGR,NOG,C#C[C@]1(O)CC[C@H]2[C@@H]3CCC4=CC(=O)CC[C@@H]4[C@H]3CC[C@@]21CC
1ZUC,3ZRB,P06401,PGR,ORC GOL SO4 OR8,Cc1noc(C)c1-c1ccc([C@@H](C)NS(=O)(=O)c2c(C)noc2C)cc1 OCC(O)CO O=S(=O)([O-])[O-] Cc1noc(C)c1-c1ccc(CNS(=O)(=O)c2c(C)nn(C)c2Cl)cc1
1ZUC,2W8Y,P06401,PGR,486 SO4 NDR EDO,CC#C[C@]1(O)CC[C@H]2[C@@H]3CCC4=CC(=O)CCC4=C3[C@@H](c3ccc(N(C)C)cc3)C[C@@]21C O=S(=O)([O-])[O-] C#C[C@]1(O)CC[C@H]2[C@@H]3CCC4=CC(=O)CC[C@@H]4[C@H]3CC[C@@]21C OCCO
1ZUC,4OAR,P06401,PGR,2S0,CC(=O)O[C@]1(C(C)=O)CC[C@H]2[C@@H]3CCC4=CC(=O)CCC4=C3[C@@H](c3ccc(N(C)C)cc3)C[C@@]21C
1ZUC,3G8O,P06401,PGR,30X SO4,C[C@@H](C(=O)N(C)C)N(CC(F)(F)F)c1ccc(C#N)c(C(F)(F)F)c1 O=S(=O)([O-])[O-]
1ZUC,1A28,P06401,PGR,STR,CC(=O)[C@H]1CC[C@H]2[C@@H]3CCC4=CC(=O)CC[C@]4(C)[C@H]3CC[C@]12C
4OAR,1E3K,P06401,PGR,R18,C[C@]1(O)CC[C@H]2[C@@H]3CCC4=CC(=O)CCC4=C3C=C[C@@]21C
4OAR,3D90,P06401,PGR,NOG,C#C[C@]1(O)CC[C@H]2[C@@H]3CCC4=CC(=O)CC[C@@H]4[C@H]3CC[C@@]21CC
1SR7,1ZUC,P06401,PGR,SO4 T98,O=S(=O)([O-])[O-] Cn1c(C#N)ccc1-c1ccc2c(c1)C(C)(C)OC(=S)N2
1SR7,2OVH,P06401,PGR,AS0,COC[C@]1(OC)CC[C@H]2[C@@H]3CCC4=CC(=O)CCC4=C3[C@@H](c3ccc(/C=N/O)cc3)C[C@@]21C
1SR7,4OAR,P06401,PGR,2S0,CC(=O)O[C@]1(C(C)=O)CC[C@H]2[C@@H]3CCC4=CC(=O)CCC4=C3[C@@H](c3ccc(N(C)C)cc3)C[C@@]21C
1SR7,3HQ5,P06401,PGR,SO4 GKK GOL,O=S(=O)([O-])[O-] CN1CC[C@H](N(Cc2ccccc2C(F)(F)F)c2ccc(C#N)c(Cl)c2)C1 OCC(O)CO
1SR7,3D90,P06401,PGR,NOG,C#C[C@]1(O)CC[C@H]2[C@@H]3CCC4=CC(=O)CC[C@@H]4[C@H]3CC[C@@]21CC
1SR7,3G8O,P06401,PGR,30X SO4,C[C@@H](C(=O)N(C)C)N(CC(F)(F)F)c1ccc(C#N)c(C(F)(F)F)c1 O=S(=O)([O-])[O-]
1SR7,3KBA,P06401,PGR,WOW SO4,Cc1ccccc1CN(c1ccc(C#N)c(Cl)c1)[C@H]1CCN(S(C)(=O)=O)C1 O=S(=O)([O-])[O-]
1SQN,2W8Y,P06401,PGR,486 SO4 NDR EDO,CC#C[C@]1(O)CC[C@H]2[C@@H]3CCC4=CC(=O)CCC4=C3[C@@H](c3ccc(N(C)C)cc3)C[C@@]21C O=S(=O)([O-])[O-] C#C[C@]1(O)CC[C@H]2[C@@H]3CCC4=CC(=O)CC[C@@H]4[C@H]3CC[C@@]21C OCCO
1SQN,1E3K,P06401,PGR,R18,C[C@]1(O)CC[C@H]2[C@@H]3CCC4=CC(=O)CCC4=C3C=C[C@@]21C
1SQN,1ZUC,P06401,PGR,SO4 T98,O=S(=O)([O-])[O-] Cn1c(C#N)ccc1-c1ccc2c(c1)C(C)(C)OC(=S)N2
1SQN,4OAR,P06401,PGR,2S0,CC(=O)O[C@]1(C(C)=O)CC[C@H]2[C@@H]3CCC4=CC(=O)CCC4=C3[C@@H](c3ccc(N(C)C)cc3)C[C@@]21C
1SQN,3HQ5,P06401,PGR,SO4 GKK GOL,O=S(=O)([O-])[O-] CN1CC[C@H](N(Cc2ccccc2C(F)(F)F)c2ccc(C#N)c(Cl)c2)C1 OCC(O)CO
1SQN,3G8O,P06401,PGR,30X SO4,C[C@@H](C(=O)N(C)C)N(CC(F)(F)F)c1ccc(C#N)c(C(F)(F)F)c1 O=S(=O)([O-])[O-]
1SQN,1A28,P06401,PGR,STR,CC(=O)[C@H]1CC[C@H]2[C@@H]3CCC4=CC(=O)CC[C@]4(C)[C@H]3CC[C@]12C
1SQN,3ZRA,P06401,PGR,SO4 ORB,O=S(=O)([O-])[O-] Cc1noc(C)c1S(=O)(=O)N[C@H](C)c1ccc(-c2cc(F)cnc2Cl)cc1
3D90,2W8Y,P06401,PGR,486 SO4 NDR EDO,CC#C[C@]1(O)CC[C@H]2[C@@H]3CCC4=CC(=O)CCC4=C3[C@@H](c3ccc(N(C)C)cc3)C[C@@]21C O=S(=O)([O-])[O-] C#C[C@]1(O)CC[C@H]2[C@@H]3CCC4=CC(=O)CC[C@@H]4[C@H]3CC[C@@]21C OCCO
3D90,1E3K,P06401,PGR,R18,C[C@]1(O)CC[C@H]2[C@@H]3CCC4=CC(=O)CCC4=C3C=C[C@@]21C
3D90,4OAR,P06401,PGR,2S0,CC(=O)O[C@]1(C(C)=O)CC[C@H]2[C@@H]3CCC4=CC(=O)CCC4=C3[C@@H](c3ccc(N(C)C)cc3)C[C@@]21C
3D90,1SQN,P06401,PGR,NDR,C#C[C@]1(O)CC[C@H]2[C@@H]3CCC4=CC(=O)CC[C@@H]4[C@H]3CC[C@@]21C
3D90,1SR7,P06401,PGR,MOF SO4 GOL,C[C@@H]1C[C@H]2[C@@H]3CCC4=CC(=O)C=C[C@]4(C)[C@@]3(Cl)[C@@H](O)C[C@]2(C)[C@@]1(OC(=O)c1ccco1)C(=O)CCl O=S(=O)([O-])[O-] OCC(O)CO
3D90,3ZRA,P06401,PGR,SO4 ORB,O=S(=O)([O-])[O-] Cc1noc(C)c1S(=O)(=O)N[C@H](C)c1ccc(-c2cc(F)cnc2Cl)cc1
1E3K,3ZRB,P06401,PGR,ORC GOL SO4 OR8,Cc1noc(C)c1-c1ccc([C@@H](C)NS(=O)(=O)c2c(C)noc2C)cc1 OCC(O)CO O=S(=O)([O-])[O-] Cc1noc(C)c1-c1ccc(CNS(=O)(=O)c2c(C)nn(C)c2Cl)cc1
1E3K,2OVH,P06401,PGR,AS0,COC[C@]1(OC)CC[C@H]2[C@@H]3CCC4=CC(=O)CCC4=C3[C@@H](c3ccc(/C=N/O)cc3)C[C@@]21C
1E3K,4OAR,P06401,PGR,2S0,CC(=O)O[C@]1(C(C)=O)CC[C@H]2[C@@H]3CCC4=CC(=O)CCC4=C3[C@@H](c3ccc(N(C)C)cc3)C[C@@]21C
1E3K,3HQ5,P06401,PGR,SO4 GKK GOL,O=S(=O)([O-])[O-] CN1CC[C@H](N(Cc2ccccc2C(F)(F)F)c2ccc(C#N)c(Cl)c2)C1 OCC(O)CO
1E3K,1SR7,P06401,PGR,MOF SO4 GOL,C[C@@H]1C[C@H]2[C@@H]3CCC4=CC(=O)C=C[C@]4(C)[C@@]3(Cl)[C@@H](O)C[C@]2(C)[C@@]1(OC(=O)c1ccco1)C(=O)CCl O=S(=O)([O-])[O-] OCC(O)CO
1E3K,3ZRA,P06401,PGR,SO4 ORB,O=S(=O)([O-])[O-] Cc1noc(C)c1S(=O)(=O)N[C@H](C)c1ccc(-c2cc(F)cnc2Cl)cc1
3ZR7,2W8Y,P06401,PGR,486 SO4 NDR EDO,CC#C[C@]1(O)CC[C@H]2[C@@H]3CCC4=CC(=O)CCC4=C3[C@@H](c3ccc(N(C)C)cc3)C[C@@]21C O=S(=O)([O-])[O-] C#C[C@]1(O)CC[C@H]2[C@@H]3CCC4=CC(=O)CC[C@@H]4[C@H]3CC[C@@]21C OCCO
3ZR7,4OAR,P06401,PGR,2S0,CC(=O)O[C@]1(C(C)=O)CC[C@H]2[C@@H]3CCC4=CC(=O)CCC4=C3[C@@H](c3ccc(N(C)C)cc3)C[C@@]21C
3ZR7,1SQN,P06401,PGR,NDR,C#C[C@]1(O)CC[C@H]2[C@@H]3CCC4=CC(=O)CC[C@@H]4[C@H]3CC[C@@]21C
3ZR7,1SR7,P06401,PGR,MOF SO4 GOL,C[C@@H]1C[C@H]2[C@@H]3CCC4=CC(=O)C=C[C@]4(C)[C@@]3(Cl)[C@@H](O)C[C@]2(C)[C@@]1(OC(=O)c1ccco1)C(=O)CCl O=S(=O)([O-])[O-] OCC(O)CO
3ZR7,3D90,P06401,PGR,NOG,C#C[C@]1(O)CC[C@H]2[C@@H]3CCC4=CC(=O)CC[C@@H]4[C@H]3CC[C@@]21CC
3ZR7,1A28,P06401,PGR,STR,CC(=O)[C@H]1CC[C@H]2[C@@H]3CCC4=CC(=O)CC[C@]4(C)[C@H]3CC[C@]12C
2OVM,3ZRB,P06401,PGR,ORC GOL SO4 OR8,Cc1noc(C)c1-c1ccc([C@@H](C)NS(=O)(=O)c2c(C)noc2C)cc1 OCC(O)CO O=S(=O)([O-])[O-] Cc1noc(C)c1-c1ccc(CNS(=O)(=O)c2c(C)nn(C)c2Cl)cc1
2OVM,1E3K,P06401,PGR,R18,C[C@]1(O)CC[C@H]2[C@@H]3CCC4=CC(=O)CCC4=C3C=C[C@@]21C
2OVM,1SQN,P06401,PGR,NDR,C#C[C@]1(O)CC[C@H]2[C@@H]3CCC4=CC(=O)CC[C@@H]4[C@H]3CC[C@@]21C
2OVM,3HQ5,P06401,PGR,SO4 GKK GOL,O=S(=O)([O-])[O-] CN1CC[C@H](N(Cc2ccccc2C(F)(F)F)c2ccc(C#N)c(Cl)c2)C1 OCC(O)CO
2OVM,3D90,P06401,PGR,NOG,C#C[C@]1(O)CC[C@H]2[C@@H]3CCC4=CC(=O)CC[C@@H]4[C@H]3CC[C@@]21CC
2OVM,1A28,P06401,PGR,STR,CC(=O)[C@H]1CC[C@H]2[C@@H]3CCC4=CC(=O)CC[C@]4(C)[C@H]3CC[C@]12C
2OVM,3KBA,P06401,PGR,WOW SO4,Cc1ccccc1CN(c1ccc(C#N)c(Cl)c1)[C@H]1CCN(S(C)(=O)=O)C1 O=S(=O)([O-])[O-]
2OVM,3ZRA,P06401,PGR,SO4 ORB,O=S(=O)([O-])[O-] Cc1noc(C)c1S(=O)(=O)N[C@H](C)c1ccc(-c2cc(F)cnc2Cl)cc1
1A28,1E3K,P06401,PGR,R18,C[C@]1(O)CC[C@H]2[C@@H]3CCC4=CC(=O)CCC4=C3C=C[C@@]21C
1A28,2OVH,P06401,PGR,AS0,COC[C@]1(OC)CC[C@H]2[C@@H]3CCC4=CC(=O)CCC4=C3[C@@H](c3ccc(/C=N/O)cc3)C[C@@]21C
1A28,1SQN,P06401,PGR,NDR,C#C[C@]1(O)CC[C@H]2[C@@H]3CCC4=CC(=O)CC[C@@H]4[C@H]3CC[C@@]21C
1A28,3HQ5,P06401,PGR,SO4 GKK GOL,O=S(=O)([O-])[O-] CN1CC[C@H](N(Cc2ccccc2C(F)(F)F)c2ccc(C#N)c(Cl)c2)C1 OCC(O)CO
2OVH,1E3K,P06401,PGR,R18,C[C@]1(O)CC[C@H]2[C@@H]3CCC4=CC(=O)CCC4=C3C=C[C@@]21C
2OVH,1ZUC,P06401,PGR,SO4 T98,O=S(=O)([O-])[O-] Cn1c(C#N)ccc1-c1ccc2c(c1)C(C)(C)OC(=S)N2
2OVH,1SQN,P06401,PGR,NDR,C#C[C@]1(O)CC[C@H]2[C@@H]3CCC4=CC(=O)CC[C@@H]4[C@H]3CC[C@@]21C
2OVH,3HQ5,P06401,PGR,SO4 GKK GOL,O=S(=O)([O-])[O-] CN1CC[C@H](N(Cc2ccccc2C(F)(F)F)c2ccc(C#N)c(Cl)c2)C1 OCC(O)CO
2OVH,1SR7,P06401,PGR,MOF SO4 GOL,C[C@@H]1C[C@H]2[C@@H]3CCC4=CC(=O)C=C[C@]4(C)[C@@]3(Cl)[C@@H](O)C[C@]2(C)[C@@]1(OC(=O)c1ccco1)C(=O)CCl O=S(=O)([O-])[O-] OCC(O)CO
2OVH,3G8O,P06401,PGR,30X SO4,C[C@@H](C(=O)N(C)C)N(CC(F)(F)F)c1ccc(C#N)c(C(F)(F)F)c1 O=S(=O)([O-])[O-]
2OVH,1A28,P06401,PGR,STR,CC(=O)[C@H]1CC[C@H]2[C@@H]3CCC4=CC(=O)CC[C@]4(C)[C@H]3CC[C@]12C
2OVH,3KBA,P06401,PGR,WOW SO4,Cc1ccccc1CN(c1ccc(C#N)c(Cl)c1)[C@H]1CCN(S(C)(=O)=O)C1 O=S(=O)([O-])[O-]
2OVH,3ZRA,P06401,PGR,SO4 ORB,O=S(=O)([O-])[O-] Cc1noc(C)c1S(=O)(=O)N[C@H](C)c1ccc(-c2cc(F)cnc2Cl)cc1
3KBA,1E3K,P06401,PGR,R18,C[C@]1(O)CC[C@H]2[C@@H]3CCC4=CC(=O)CCC4=C3C=C[C@@]21C
3KBA,1SQN,P06401,PGR,NDR,C#C[C@]1(O)CC[C@H]2[C@@H]3CCC4=CC(=O)CC[C@@H]4[C@H]3CC[C@@]21C
3KBA,3HQ5,P06401,PGR,SO4 GKK GOL,O=S(=O)([O-])[O-] CN1CC[C@H](N(Cc2ccccc2C(F)(F)F)c2ccc(C#N)c(Cl)c2)C1 OCC(O)CO
3KBA,1SR7,P06401,PGR,MOF SO4 GOL,C[C@@H]1C[C@H]2[C@@H]3CCC4=CC(=O)C=C[C@]4(C)[C@@]3(Cl)[C@@H](O)C[C@]2(C)[C@@]1(OC(=O)c1ccco1)C(=O)CCl O=S(=O)([O-])[O-] OCC(O)CO
3KBA,3D90,P06401,PGR,NOG,C#C[C@]1(O)CC[C@H]2[C@@H]3CCC4=CC(=O)CC[C@@H]4[C@H]3CC[C@@]21CC
3KBA,1A28,P06401,PGR,STR,CC(=O)[C@H]1CC[C@H]2[C@@H]3CCC4=CC(=O)CC[C@]4(C)[C@H]3CC[C@]12C
4APU,1ZUC,P06401,PGR,SO4 T98,O=S(=O)([O-])[O-] Cn1c(C#N)ccc1-c1ccc2c(c1)C(C)(C)OC(=S)N2
4APU,1SQN,P06401,PGR,NDR,C#C[C@]1(O)CC[C@H]2[C@@H]3CCC4=CC(=O)CC[C@@H]4[C@H]3CC[C@@]21C
4APU,3G8O,P06401,PGR,30X SO4,C[C@@H](C(=O)N(C)C)N(CC(F)(F)F)c1ccc(C#N)c(C(F)(F)F)c1 O=S(=O)([O-])[O-]
4APU,3KBA,P06401,PGR,WOW SO4,Cc1ccccc1CN(c1ccc(C#N)c(Cl)c1)[C@H]1CCN(S(C)(=O)=O)C1 O=S(=O)([O-])[O-]
1PYN,1NNY,P18031,PTPN1,515,CC(=O)N[C@@H](Cc1ccc(N(C(=O)C(=O)O)c2ccccc2C(=O)O)c2ccccc12)C(=O)NCCCCCOc1cc2ccccc2cc1C(=O)O
2NT7,1C83,P18031,PTPN1,OAI,O=C(O)C(=O)Nc1cc2[nH]ccc2cc1C(=O)O
2NT7,2AZR,P18031,PTPN1,982,O=C(O)COc1c(C(=O)O)sc2ncccc12
2F6W,1PXH,P18031,PTPN1,MG SNA ACY,[Mg+2] NC(=O)C(CS)NC(=O)CCCCCNC(=O)[C@H](Cc1ccc(C(F)(F)P(=O)(O)O)cc1)NC(=O)[C@H](CC(=O)O)NC(=O)Cc1ccc(C(F)(F)P(=O)(O)O)cc1 CC(=O)O
2F6W,2F6Z,P18031,PTPN1,UN5 CL MG,CNC(=O)[C@@H]1Cc2ccc(NS(=O)(=O)O)cc2CN1C(=O)CCc1cccc(NS(=O)(=O)O)c1 [Cl-] [Mg+2]
4Y14,1Q6J,P18031,PTPN1,335,O=P(O)(O)C(F)(F)c1ccc(CC(Cc2ccc(C(F)(F)P(=O)(O)O)cc2)(c2ccccc2)n2nnc3ccccc32)cc1
1Q1M,2QBQ,P18031,PTPN1,4B3,CC1(C)CC(Nc2cccc(-c3sc(C(=O)O)c(OCC(=O)O)c3Br)c2)CC(C)(C)C1
2CNE,5T19,P18031,PTPN1,MG 73U CL,[Mg+2] CNc1ccc(-c2ccc(C)c(N3CC(=O)NS3(=O)=O)c2)cc1 [Cl-]
1L8G,5KAD,P18031,PTPN1,OTA CL TRS GOL,O=C(O)C(=O)Nc1sc2c(c1C(=O)O)CCNC2 [Cl-] [NH3+]C(CO)(CO)CO OCC(O)CO
1L8G,2VEY,P18031,PTPN1,IZ5,O=C1C[C@@H](c2ccc(C[C@H](NS(=O)(=O)c3cccc(F)c3)c3nc(CCCc4ccccc4)c[nH]3)cc2)S(=O)(=O)N1
1L8G,2CM8,P18031,PTPN1,F16 MG,O=C1C=C(c2cccc(O)c2)S(=O)(=O)N1 [Mg+2]
1NWL,1LQF,P18031,PTPN1,BGD,NC(=O)[C@H](Cc1ccc(C(F)(F)P(=O)(O)O)cc1)NC(=O)[C@H](Cc1ccc(C(F)(F)P(=O)(O)O)cc1)NC(=O)[C@H](CCC(=O)O)NC(=O)c1ccccc1
1NWL,1PH0,P18031,PTPN1,418,C=CCOC(=O)N[C@@H](Cc1ccc(N(C(=O)C(=O)O)c2ccccc2C(=O)O)cc1)C(=O)NCCCCOc1cccc(O)c1C(=O)OC
2BGD,1C87,P18031,PTPN1,OPA,O=C(O)C(=O)Nc1sc2c(c1C(=O)O)CCOC2
2BGD,1Q6J,P18031,PTPN1,335,O=P(O)(O)C(F)(F)c1ccc(CC(Cc2ccc(C(F)(F)P(=O)(O)O)cc2)(c2ccccc2)n2nnc3ccccc32)cc1
2BGD,4Y14,P18031,PTPN1,CL TRS GOL C0A,[Cl-] [NH3+]C(CO)(CO)CO OCC(O)CO CNC(=O)[C@H](Cc1ccc(C(F)(F)P(=O)(O)O)c(Br)c1)NS(C)(=O)=O
1GFY,1C84,P18031,PTPN1,761,O=C(O)C(=O)Nc1cc2ccccc2cc1C(=O)O
1GFY,1PH0,P18031,PTPN1,418,C=CCOC(=O)N[C@@H](Cc1ccc(N(C(=O)C(=O)O)c2ccccc2C(=O)O)cc1)C(=O)NCCCCOc1cccc(O)c1C(=O)OC
2CNF,2H4K,P18031,PTPN1,509,O=C(O)COc1c(C(=O)O)sc(-c2ccccc2)c1Br
1Q6J,2ZMM,P18031,PTPN1,35B CL MG,CNC(=O)N(c1cccc(-c2sc(C(=O)O)c(OCC(=O)O)c2Br)c1)C1CCCCC1 [Cl-] [Mg+2]
1Q6J,1NL9,P18031,PTPN1,989,CCCCCNC(=O)[C@H](Cc1ccc(N(C(=O)C(=O)O)c2ccccc2C(=O)O)c2ccccc12)NC(C)=O
1Q6J,2ZN7,P18031,PTPN1,410,O=C(O)COc1c(C(=O)O)sc(-c2cccc(N(C(=O)c3ccccc3)C3CCCCC3)c2)c1Br
1C87,2BGE,P18031,PTPN1,T2D,O=C1CN(c2ccccc2)S(=O)(=O)N1
1C87,1Q6M,P18031,PTPN1,P27,O=P(O)(O)C(F)(F)c1ccc(CC(Cc2ccc(C(F)(F)P(=O)(O)O)cc2)(c2ccc(F)c(F)c2)n2nnc3ccccc32)cc1
2VEV,1BZJ,P18031,PTPN1,PIC,O=C(O)c1ccc2cc(C(F)(F)P(=O)(O)O)ccc2c1
2VEV,1PH0,P18031,PTPN1,418,C=CCOC(=O)N[C@@H](Cc1ccc(N(C(=O)C(=O)O)c2ccccc2C(=O)O)cc1)C(=O)NCCCCOc1cccc(O)c1C(=O)OC
1ONZ,2HNQ,P18031,PTPN1,WO4,O=[W](=O)([O-])[O-]
1KAK,1NZ7,P18031,PTPN1,901,CCc1cc(C[C@H](NC(C)=O)C(=O)NCCCCC(=O)N[C@@H](CCSC)C(=O)O)ccc1N(C(=O)C(=O)O)c1ccccc1C(=O)O
1KAK,2BGE,P18031,PTPN1,T2D,O=C1CN(c2ccccc2)S(=O)(=O)N1
2ZMM,2F71,P18031,PTPN1,UN7 CL MG,CNC(=O)[C@@H]1Cc2ccc(NS(=O)(=O)O)cc2CN1C(=O)CCc1cccc(C(=O)O)c1 [Cl-] [Mg+2]
2ZMM,1NWL,P18031,PTPN1,MG 964,[Mg+2] CC(=O)NCCSSCCNC(=O)[C@H]1CC[C@@H](NC(=O)c2nccnc2C(=O)O)CC1
2ZMM,2BGE,P18031,PTPN1,T2D,O=C1CN(c2ccccc2)S(=O)(=O)N1
1NL9,1C84,P18031,PTPN1,761,O=C(O)C(=O)Nc1cc2ccccc2cc1C(=O)O
1NL9,2VEW,P18031,PTPN1,IZ3 MG,O=C1C[C@@H](c2ccc(C[C@H](NS(=O)(=O)c3cccc(F)c3)C3=NC(Cc4ccccc4F)=C=N3)cc2)S(=O)(=O)N1 [Mg+2]
3EAX,1PYN,P18031,PTPN1,941,COC(=O)c1c(O)cccc1OCCCCNC(=O)[C@H](Cc1ccc(OC(C(=O)O)C(=O)O)cc1)NC(=O)OC(C)(C)C
3EAX,1G7G,P18031,PTPN1,INX,CCCCCNC(=O)[C@H](Cc1ccc(OCC(=O)O)c(C(=O)O)c1)NC(=O)[C@H](Cc1ccccc1)NC(=O)CCC(=O)O
2QBS,1C85,P18031,PTPN1,OBA,O=C(O)C(=O)Nc1ccccc1C(=O)O
2VEX,1XBO,P18031,PTPN1,IX1,COC(=O)c1c(O)cccc1OC/C=C/c1cccc(-c2onc(C(=O)O)c2CO)c1
1C88,1NNY,P18031,PTPN1,515,CC(=O)N[C@@H](Cc1ccc(N(C(=O)C(=O)O)c2ccccc2C(=O)O)c2ccccc12)C(=O)NCCCCCOc1cc2ccccc2cc1C(=O)O
1C83,2CNE,P18031,PTPN1,BOG SO4 DFJ,CCCCCCCCO[C@@H]1O[C@H](CO)[C@@H](O)[C@H](O)[C@H]1O O=S(=O)([O-])[O-] NC(=O)[C@H](Cc1ccc(C(F)(F)P(=O)(O)O)cc1)NC(=O)[C@H](Cc1ccccc1)NC(=O)Cc1ccc(C(F)(F)P(=O)(O)O)cc1
1C83,2QBQ,P18031,PTPN1,4B3,CC1(C)CC(Nc2cccc(-c3sc(C(=O)O)c(OCC(=O)O)c3Br)c2)CC(C)(C)C1
2F6Z,2BGD,P18031,PTPN1,T1D CL PO4 NA,COc1ccc(-c2ccccc2)cc1N1CC(=O)NS1(=O)=O [Cl-] O=P([O-])([O-])[O-] [Na+]
1G7G,1ONZ,P18031,PTPN1,968,O=C(O)C(=O)N(c1ccccc1C(=O)O)c1cccc2ccc(O)cc12
1PH0,1NZ7,P18031,PTPN1,901,CCc1cc(C[C@H](NC(C)=O)C(=O)NCCCCC(=O)N[C@@H](CCSC)C(=O)O)ccc1N(C(=O)C(=O)O)c1ccccc1C(=O)O
1PH0,5T19,P18031,PTPN1,MG 73U CL,[Mg+2] CNc1ccc(-c2ccc(C)c(N3CC(=O)NS3(=O)=O)c2)cc1 [Cl-]
1PH0,1Q6J,P18031,PTPN1,335,O=P(O)(O)C(F)(F)c1ccc(CC(Cc2ccc(C(F)(F)P(=O)(O)O)cc2)(c2ccccc2)n2nnc3ccccc32)cc1
1PH0,2ZN7,P18031,PTPN1,410,O=C(O)COc1c(C(=O)O)sc(-c2cccc(N(C(=O)c3ccccc3)C3CCCCC3)c2)c1Br
2ZN7,1NWE,P18031,PTPN1,FG1,O=C(CBr)NCCC(=O)N[C@@H](CO)C(=O)NCCc1ccc(NC(=O)C(=O)O)cc1
5KA3,1NL9,P18031,PTPN1,989,CCCCCNC(=O)[C@H](Cc1ccc(N(C(=O)C(=O)O)c2ccccc2C(=O)O)c2ccccc12)NC(C)=O
4I8N,1BZC,P18031,PTPN1,TPI,NC(=O)[C@H](CCC(=O)O)NC(=O)c1ccc2cc(C(F)(F)P(=O)(O)O)ccc2c1
4I8N,2HNQ,P18031,PTPN1,WO4,O=[W](=O)([O-])[O-]
2H4K,2CMC,P18031,PTPN1,DFM SO4 BOG,CC(=O)N[C@@H](Cc1ccccc1)C(=O)N[C@@H](Cc1ccc(C(F)(F)P(=O)(O)O)cc1)C(N)=O O=S(=O)([O-])[O-] CCCCCCCCO[C@@H]1O[C@H](CO)[C@@H](O)[C@H](O)[C@H]1O
2H4K,2QBR,P18031,PTPN1,910,O=C(O)COc1c(C(=O)O)sc(-c2cccc(NCc3ccccc3)c2)c1Br
5KA9,1NWL,P18031,PTPN1,MG 964,[Mg+2] CC(=O)NCCSSCCNC(=O)[C@H]1CC[C@@H](NC(=O)c2nccnc2C(=O)O)CC1
5KA9,1Q1M,P18031,PTPN1,234,COC(=O)c1c(O)cccc1OC/C=C/c1ccc(F)c(-c2cc(C(=O)O)no2)c1
5KA9,1KAV,P18031,PTPN1,FEP,O=P(O)(O)C(F)(F)c1ccc(CCCCc2ccc(C(F)(F)P(=O)(O)O)cc2)cc1
1QXK,2QBP,P18031,PTPN1,527,O=C(O)COc1c(C(=O)O)sc(-c2cccc(NC3CCN(S(=O)(=O)Cc4ccccc4)CC3)c2)c1Br
2AZR,1PTV,P18031,PTPN1,PTR,N[C@@H](Cc1ccc(OP(=O)(O)O)cc1)C(=O)O
1NNY,2VEY,P18031,PTPN1,IZ5,O=C1C[C@@H](c2ccc(C[C@H](NS(=O)(=O)c3cccc(F)c3)c3nc(CCCc4ccccc4)c[nH]3)cc2)S(=O)(=O)N1
2CMA,1QXK,P18031,PTPN1,429,COC(=O)c1c(O)cccc1OCCCCNC(=O)[C@H](Cc1ccc(OCC(=O)O)c(O)c1)NC(C)=O
2F71,2CNI,P18031,PTPN1,MG IZF,[Mg+2] COC(=O)c1c(O)cccc1OCCCCCNC(=O)[C@H](Cc1ccc([C@@H]2CC(=O)NS2(=O)=O)c(Cl)c1)NS(=O)(=O)c1ccccc1
2F71,1G7G,P18031,PTPN1,INX,CCCCCNC(=O)[C@H](Cc1ccc(OCC(=O)O)c(C(=O)O)c1)NC(=O)[C@H](Cc1ccccc1)NC(=O)CCC(=O)O
2VEY,2F6W,P18031,PTPN1,UN3 CL MG,Cn1nc(-c2ccccc2)cc1NS(=O)(=O)O [Cl-] [Mg+2]
2CMB,2H4K,P18031,PTPN1,509,O=C(O)COc1c(C(=O)O)sc(-c2ccccc2)c1Br
2F70,1C83,P18031,PTPN1,OAI,O=C(O)C(=O)Nc1cc2[nH]ccc2cc1C(=O)O
2F70,3EB1,P18031,PTPN1,LZQ,O=C(O)C(=O)CC(=O)c1cccc(N(Cc2ccccc2)Cc2ccccc2)c1
1Q6M,1PYN,P18031,PTPN1,941,COC(=O)c1c(O)cccc1OCCCCNC(=O)[C@H](Cc1ccc(OC(C(=O)O)C(=O)O)cc1)NC(=O)OC(C)(C)C
1Q6M,2HNQ,P18031,PTPN1,WO4,O=[W](=O)([O-])[O-]
2QBQ,3EAX,P18031,PTPN1,LZP,O=C(CC(=O)c1cccc(OCc2ccccc2)c1)C(=O)N1CCN(C(=O)C(=O)CC(=O)c2cccc(OCc3ccccc3)c2)CC1
2QBQ,2QBR,P18031,PTPN1,910,O=C(O)COc1c(C(=O)O)sc(-c2cccc(NCc3ccccc3)c2)c1Br
2QBQ,2CM8,P18031,PTPN1,F16 MG,O=C1C=C(c2cccc(O)c2)S(=O)(=O)N1 [Mg+2]
1LQF,2CNF,P18031,PTPN1,MG F32,[Mg+2] O=C1C[C@@H](c2ccc(C[C@H](Nc3nc4ccccc4s3)c3nc4ccccc4[nH]3)cc2)S(=O)(=O)N1
1WAX,2H4G,P18031,PTPN1,694,O=C(O)COc1c(C(=O)O)sc(-c2ccc(O)cc2)c1Br
1WAX,1KAK,P18031,PTPN1,FNP,O=P(O)(O)C(F)(F)c1ccc2ccc(C(F)(F)P(=O)(O)O)cc2c1
1WAX,3CWE,P18031,PTPN1,825 MG,O=C(c1ccccc1)[C@H](Cc1ccc(C(F)(F)P(=O)(O)O)c(Br)c1)c1ccccc1 [Mg+2]
2B07,1Q1M,P18031,PTPN1,234,COC(=O)c1c(O)cccc1OC/C=C/c1ccc(F)c(-c2cc(C(=O)O)no2)c1
2B07,2QBP,P18031,PTPN1,527,O=C(O)COc1c(C(=O)O)sc(-c2cccc(NC3CCN(S(=O)(=O)Cc4ccccc4)CC3)c2)c1Br
2F6Y,2BGE,P18031,PTPN1,T2D,O=C1CN(c2ccccc2)S(=O)(=O)N1
1KAV,2CNE,P18031,PTPN1,BOG SO4 DFJ,CCCCCCCCO[C@@H]1O[C@H](CO)[C@@H](O)[C@H](O)[C@H]1O O=S(=O)([O-])[O-] NC(=O)[C@H](Cc1ccc(C(F)(F)P(=O)(O)O)cc1)NC(=O)[C@H](Cc1ccccc1)NC(=O)Cc1ccc(C(F)(F)P(=O)(O)O)cc1
1KAV,1C87,P18031,PTPN1,OPA,O=C(O)C(=O)Nc1sc2c(c1C(=O)O)CCOC2
1KAV,2VEY,P18031,PTPN1,IZ5,O=C1C[C@@H](c2ccc(C[C@H](NS(=O)(=O)c3cccc(F)c3)c3nc(CCCc4ccccc4)c[nH]3)cc2)S(=O)(=O)N1
2CM7,2QBQ,P18031,PTPN1,4B3,CC1(C)CC(Nc2cccc(-c3sc(C(=O)O)c(OCC(=O)O)c3Br)c2)CC(C)(C)C1
2CM7,1NL9,P18031,PTPN1,989,CCCCCNC(=O)[C@H](Cc1ccc(N(C(=O)C(=O)O)c2ccccc2C(=O)O)c2ccccc12)NC(C)=O
1PTV,2CNE,P18031,PTPN1,BOG SO4 DFJ,CCCCCCCCO[C@@H]1O[C@H](CO)[C@@H](O)[C@H](O)[C@H]1O O=S(=O)([O-])[O-] NC(=O)[C@H](Cc1ccc(C(F)(F)P(=O)(O)O)cc1)NC(=O)[C@H](Cc1ccccc1)NC(=O)Cc1ccc(C(F)(F)P(=O)(O)O)cc1
3D9C,1BZJ,P18031,PTPN1,PIC,O=C(O)c1ccc2cc(C(F)(F)P(=O)(O)O)ccc2c1
1BZJ,1LQF,P18031,PTPN1,BGD,NC(=O)[C@H](Cc1ccc(C(F)(F)P(=O)(O)O)cc1)NC(=O)[C@H](Cc1ccc(C(F)(F)P(=O)(O)O)cc1)NC(=O)[C@H](CCC(=O)O)NC(=O)c1ccccc1
1BZJ,2VEV,P18031,PTPN1,IZ2 MG,O=C1C[C@@H](c2ccc(C[C@H](NS(=O)(=O)c3cccc(C(F)(F)F)c3)c3nc(Cc4ccccc4)c[nH]3)cc2)S(=O)(=O)N1 [Mg+2]
1BZJ,1PXH,P18031,PTPN1,MG SNA ACY,[Mg+2] NC(=O)C(CS)NC(=O)CCCCCNC(=O)[C@H](Cc1ccc(C(F)(F)P(=O)(O)O)cc1)NC(=O)[C@H](CC(=O)O)NC(=O)Cc1ccc(C(F)(F)P(=O)(O)O)cc1 CC(=O)O
3CWE,1PTV,P18031,PTPN1,PTR,N[C@@H](Cc1ccc(OP(=O)(O)O)cc1)C(=O)O
3CWE,3EB1,P18031,PTPN1,LZQ,O=C(O)C(=O)CC(=O)c1cccc(N(Cc2ccccc2)Cc2ccccc2)c1
2CNH,2ZN7,P18031,PTPN1,410,O=C(O)COc1c(C(=O)O)sc(-c2cccc(N(C(=O)c3ccccc3)C3CCCCC3)c2)c1Br
2CNH,2AZR,P18031,PTPN1,982,O=C(O)COc1c(C(=O)O)sc2ncccc12
2CNH,2CM8,P18031,PTPN1,F16 MG,O=C1C=C(c2cccc(O)c2)S(=O)(=O)N1 [Mg+2]
1C84,1GFY,P18031,PTPN1,COL,O=C(O)C(=O)Nc1sc2c(c1C(=O)O)CCSC2
5KA7,2VEY,P18031,PTPN1,IZ5,O=C1C[C@@H](c2ccc(C[C@H](NS(=O)(=O)c3cccc(F)c3)c3nc(CCCc4ccccc4)c[nH]3)cc2)S(=O)(=O)N1
1ONY,1LQF,P18031,PTPN1,BGD,NC(=O)[C@H](Cc1ccc(C(F)(F)P(=O)(O)O)cc1)NC(=O)[C@H](Cc1ccc(C(F)(F)P(=O)(O)O)cc1)NC(=O)[C@H](CCC(=O)O)NC(=O)c1ccccc1
1ONY,1C84,P18031,PTPN1,761,O=C(O)C(=O)Nc1cc2ccccc2cc1C(=O)O
2HNQ,2VEU,P18031,PTPN1,IZ1,O=C1C[C@@H](c2ccc(C[C@H](NS(=O)(=O)c3cccc(C(F)(F)F)c3)c3nc(-c4ccccc4)c[nH]3)cc2)S(=O)(=O)N1
2HNQ,2CNI,P18031,PTPN1,MG IZF,[Mg+2] COC(=O)c1c(O)cccc1OCCCCCNC(=O)[C@H](Cc1ccc([C@@H]2CC(=O)NS2(=O)=O)c(Cl)c1)NS(=O)(=O)c1ccccc1
2BGE,1XBO,P18031,PTPN1,IX1,COC(=O)c1c(O)cccc1OC/C=C/c1cccc(-c2onc(C(=O)O)c2CO)c1
1NJS,1MEN,P22102,GART,GAR,NCC(=O)N[C@@H]1O[C@H](COP(=O)([O-])[O-])[C@@H](O)[C@H]1O
1NJS,1ZLY,P22102,GART,GRF DQB,N[C@@H]1O[C@H](COP(=O)(O)O)[C@@H](O)[C@H]1O Nc1nc2ccc(CNc3ccc(C(=O)NCCCC(=O)O)cc3)cc2c(=O)[nH]1
1NJS,4EW3,P22102,GART,PO4 SO4 DXZ,O=P([O-])([O-])[O-] O=S(=O)([O-])[O-] CS[C@H](CCCc1c(N)nc(N)[nH]c1=O)c1ccc(C(=O)N[C@@H](CCC(=O)O)C(=O)O)cc1
1NJS,4EW2,P22102,GART,PO4 SO4 DXY,O=P([O-])([O-])[O-] O=S(=O)([O-])[O-] CS[C@@H](CCCc1c(N)nc(N)[nH]c1=O)c1ccc(C(=O)N[C@@H](CCC(=O)O)C(=O)O)cc1
1NJS,1RC1,P22102,GART,PO4 KT3,O=P([O-])([O-])[O-] Nc1nc(N)c(CCC[C@@H](c2ccc(C(=O)N[C@@H](CCC(=O)NC(CCC(=O)NC(CCC(=O)O)C(=O)O)C(=O)O)C(=O)O)cc2)C(O)(O)C(F)(F)F)c(O)n1
1ZLY,1MEN,P22102,GART,GAR,NCC(=O)N[C@@H]1O[C@H](COP(=O)([O-])[O-])[C@@H](O)[C@H]1O
1ZLY,1RBQ,P22102,GART,KEU PO4,N[C@H]1NC(=O)[C@@H](CCC[C@H](c2ccc(C(=O)N[C@@H](CCC(=O)O)C(=O)O)cc2)C(O)(O)C(F)(F)F)[C@@H](N)N1 O=P([O-])([O-])[O-]
1ZLY,4EW3,P22102,GART,PO4 SO4 DXZ,O=P([O-])([O-])[O-] O=S(=O)([O-])[O-] CS[C@H](CCCc1c(N)nc(N)[nH]c1=O)c1ccc(C(=O)N[C@@H](CCC(=O)O)C(=O)O)cc1
1ZLY,4EW2,P22102,GART,PO4 SO4 DXY,O=P([O-])([O-])[O-] O=S(=O)([O-])[O-] CS[C@@H](CCCc1c(N)nc(N)[nH]c1=O)c1ccc(C(=O)N[C@@H](CCC(=O)O)C(=O)O)cc1
1ZLY,1RC1,P22102,GART,PO4 KT3,O=P([O-])([O-])[O-] Nc1nc(N)c(CCC[C@@H](c2ccc(C(=O)N[C@@H](CCC(=O)NC(CCC(=O)NC(CCC(=O)O)C(=O)O)C(=O)O)C(=O)O)cc2)C(O)(O)C(F)(F)F)c(O)n1
4EW3,1MEN,P22102,GART,GAR,NCC(=O)N[C@@H]1O[C@H](COP(=O)([O-])[O-])[C@@H](O)[C@H]1O
4EW3,1ZLY,P22102,GART,GRF DQB,N[C@@H]1O[C@H](COP(=O)(O)O)[C@@H](O)[C@H]1O Nc1nc2ccc(CNc3ccc(C(=O)NCCCC(=O)O)cc3)cc2c(=O)[nH]1
4EW3,1RBQ,P22102,GART,KEU PO4,N[C@H]1NC(=O)[C@@H](CCC[C@H](c2ccc(C(=O)N[C@@H](CCC(=O)O)C(=O)O)cc2)C(O)(O)C(F)(F)F)[C@@H](N)N1 O=P([O-])([O-])[O-]
4EW3,4EW2,P22102,GART,PO4 SO4 DXY,O=P([O-])([O-])[O-] O=S(=O)([O-])[O-] CS[C@@H](CCCc1c(N)nc(N)[nH]c1=O)c1ccc(C(=O)N[C@@H](CCC(=O)O)C(=O)O)cc1
4EW3,1RC1,P22102,GART,PO4 KT3,O=P([O-])([O-])[O-] Nc1nc(N)c(CCC[C@@H](c2ccc(C(=O)N[C@@H](CCC(=O)NC(CCC(=O)NC(CCC(=O)O)C(=O)O)C(=O)O)C(=O)O)cc2)C(O)(O)C(F)(F)F)c(O)n1
1RBQ,1MEN,P22102,GART,GAR,NCC(=O)N[C@@H]1O[C@H](COP(=O)([O-])[O-])[C@@H](O)[C@H]1O
1RBQ,1ZLY,P22102,GART,GRF DQB,N[C@@H]1O[C@H](COP(=O)(O)O)[C@@H](O)[C@H]1O Nc1nc2ccc(CNc3ccc(C(=O)NCCCC(=O)O)cc3)cc2c(=O)[nH]1
1RBQ,4EW3,P22102,GART,PO4 SO4 DXZ,O=P([O-])([O-])[O-] O=S(=O)([O-])[O-] CS[C@H](CCCc1c(N)nc(N)[nH]c1=O)c1ccc(C(=O)N[C@@H](CCC(=O)O)C(=O)O)cc1
1RBQ,4EW2,P22102,GART,PO4 SO4 DXY,O=P([O-])([O-])[O-] O=S(=O)([O-])[O-] CS[C@@H](CCCc1c(N)nc(N)[nH]c1=O)c1ccc(C(=O)N[C@@H](CCC(=O)O)C(=O)O)cc1
1RBQ,1RC1,P22102,GART,PO4 KT3,O=P([O-])([O-])[O-] Nc1nc(N)c(CCC[C@@H](c2ccc(C(=O)N[C@@H](CCC(=O)NC(CCC(=O)NC(CCC(=O)O)C(=O)O)C(=O)O)C(=O)O)cc2)C(O)(O)C(F)(F)F)c(O)n1
1RC1,1MEN,P22102,GART,GAR,NCC(=O)N[C@@H]1O[C@H](COP(=O)([O-])[O-])[C@@H](O)[C@H]1O
1RC1,1ZLY,P22102,GART,GRF DQB,N[C@@H]1O[C@H](COP(=O)(O)O)[C@@H](O)[C@H]1O Nc1nc2ccc(CNc3ccc(C(=O)NCCCC(=O)O)cc3)cc2c(=O)[nH]1
1RC1,1RBQ,P22102,GART,KEU PO4,N[C@H]1NC(=O)[C@@H](CCC[C@H](c2ccc(C(=O)N[C@@H](CCC(=O)O)C(=O)O)cc2)C(O)(O)C(F)(F)F)[C@@H](N)N1 O=P([O-])([O-])[O-]
1RC1,4EW3,P22102,GART,PO4 SO4 DXZ,O=P([O-])([O-])[O-] O=S(=O)([O-])[O-] CS[C@H](CCCc1c(N)nc(N)[nH]c1=O)c1ccc(C(=O)N[C@@H](CCC(=O)O)C(=O)O)cc1
1RC1,4EW2,P22102,GART,PO4 SO4 DXY,O=P([O-])([O-])[O-] O=S(=O)([O-])[O-] CS[C@@H](CCCc1c(N)nc(N)[nH]c1=O)c1ccc(C(=O)N[C@@H](CCC(=O)O)C(=O)O)cc1
1MEN,1ZLY,P22102,GART,GRF DQB,N[C@@H]1O[C@H](COP(=O)(O)O)[C@@H](O)[C@H]1O Nc1nc2ccc(CNc3ccc(C(=O)NCCCC(=O)O)cc3)cc2c(=O)[nH]1
1MEN,1RBQ,P22102,GART,KEU PO4,N[C@H]1NC(=O)[C@@H](CCC[C@H](c2ccc(C(=O)N[C@@H](CCC(=O)O)C(=O)O)cc2)C(O)(O)C(F)(F)F)[C@@H](N)N1 O=P([O-])([O-])[O-]
1MEN,4EW3,P22102,GART,PO4 SO4 DXZ,O=P([O-])([O-])[O-] O=S(=O)([O-])[O-] CS[C@H](CCCc1c(N)nc(N)[nH]c1=O)c1ccc(C(=O)N[C@@H](CCC(=O)O)C(=O)O)cc1
1MEN,4EW2,P22102,GART,PO4 SO4 DXY,O=P([O-])([O-])[O-] O=S(=O)([O-])[O-] CS[C@@H](CCCc1c(N)nc(N)[nH]c1=O)c1ccc(C(=O)N[C@@H](CCC(=O)O)C(=O)O)cc1
1MEN,1RC1,P22102,GART,PO4 KT3,O=P([O-])([O-])[O-] Nc1nc(N)c(CCC[C@@H](c2ccc(C(=O)N[C@@H](CCC(=O)NC(CCC(=O)NC(CCC(=O)O)C(=O)O)C(=O)O)C(=O)O)cc2)C(O)(O)C(F)(F)F)c(O)n1
1RBM,1MEN,P22102,GART,GAR,NCC(=O)N[C@@H]1O[C@H](COP(=O)([O-])[O-])[C@@H](O)[C@H]1O
1RBM,1ZLY,P22102,GART,GRF DQB,N[C@@H]1O[C@H](COP(=O)(O)O)[C@@H](O)[C@H]1O Nc1nc2ccc(CNc3ccc(C(=O)NCCCC(=O)O)cc3)cc2c(=O)[nH]1
1RBM,1RBQ,P22102,GART,KEU PO4,N[C@H]1NC(=O)[C@@H](CCC[C@H](c2ccc(C(=O)N[C@@H](CCC(=O)O)C(=O)O)cc2)C(O)(O)C(F)(F)F)[C@@H](N)N1 O=P([O-])([O-])[O-]
1RBM,4EW3,P22102,GART,PO4 SO4 DXZ,O=P([O-])([O-])[O-] O=S(=O)([O-])[O-] CS[C@H](CCCc1c(N)nc(N)[nH]c1=O)c1ccc(C(=O)N[C@@H](CCC(=O)O)C(=O)O)cc1
1RBM,4EW2,P22102,GART,PO4 SO4 DXY,O=P([O-])([O-])[O-] O=S(=O)([O-])[O-] CS[C@@H](CCCc1c(N)nc(N)[nH]c1=O)c1ccc(C(=O)N[C@@H](CCC(=O)O)C(=O)O)cc1
1RBM,1RC1,P22102,GART,PO4 KT3,O=P([O-])([O-])[O-] Nc1nc(N)c(CCC[C@@H](c2ccc(C(=O)N[C@@H](CCC(=O)NC(CCC(=O)NC(CCC(=O)O)C(=O)O)C(=O)O)C(=O)O)cc2)C(O)(O)C(F)(F)F)c(O)n1
1RC0,1MEN,P22102,GART,GAR,NCC(=O)N[C@@H]1O[C@H](COP(=O)([O-])[O-])[C@@H](O)[C@H]1O
1RC0,1ZLY,P22102,GART,GRF DQB,N[C@@H]1O[C@H](COP(=O)(O)O)[C@@H](O)[C@H]1O Nc1nc2ccc(CNc3ccc(C(=O)NCCCC(=O)O)cc3)cc2c(=O)[nH]1
1RC0,1RBQ,P22102,GART,KEU PO4,N[C@H]1NC(=O)[C@@H](CCC[C@H](c2ccc(C(=O)N[C@@H](CCC(=O)O)C(=O)O)cc2)C(O)(O)C(F)(F)F)[C@@H](N)N1 O=P([O-])([O-])[O-]
1RC0,4EW3,P22102,GART,PO4 SO4 DXZ,O=P([O-])([O-])[O-] O=S(=O)([O-])[O-] CS[C@H](CCCc1c(N)nc(N)[nH]c1=O)c1ccc(C(=O)N[C@@H](CCC(=O)O)C(=O)O)cc1
1RC0,4EW2,P22102,GART,PO4 SO4 DXY,O=P([O-])([O-])[O-] O=S(=O)([O-])[O-] CS[C@@H](CCCc1c(N)nc(N)[nH]c1=O)c1ccc(C(=O)N[C@@H](CCC(=O)O)C(=O)O)cc1
1RC0,1RC1,P22102,GART,PO4 KT3,O=P([O-])([O-])[O-] Nc1nc(N)c(CCC[C@@H](c2ccc(C(=O)N[C@@H](CCC(=O)NC(CCC(=O)NC(CCC(=O)O)C(=O)O)C(=O)O)C(=O)O)cc2)C(O)(O)C(F)(F)F)c(O)n1
4EW2,1MEN,P22102,GART,GAR,NCC(=O)N[C@@H]1O[C@H](COP(=O)([O-])[O-])[C@@H](O)[C@H]1O
4EW2,1ZLY,P22102,GART,GRF DQB,N[C@@H]1O[C@H](COP(=O)(O)O)[C@@H](O)[C@H]1O Nc1nc2ccc(CNc3ccc(C(=O)NCCCC(=O)O)cc3)cc2c(=O)[nH]1
4EW2,1RBQ,P22102,GART,KEU PO4,N[C@H]1NC(=O)[C@@H](CCC[C@H](c2ccc(C(=O)N[C@@H](CCC(=O)O)C(=O)O)cc2)C(O)(O)C(F)(F)F)[C@@H](N)N1 O=P([O-])([O-])[O-]
4EW2,4EW3,P22102,GART,PO4 SO4 DXZ,O=P([O-])([O-])[O-] O=S(=O)([O-])[O-] CS[C@H](CCCc1c(N)nc(N)[nH]c1=O)c1ccc(C(=O)N[C@@H](CCC(=O)O)C(=O)O)cc1
4EW2,1RC1,P22102,GART,PO4 KT3,O=P([O-])([O-])[O-] Nc1nc(N)c(CCC[C@@H](c2ccc(C(=O)N[C@@H](CCC(=O)NC(CCC(=O)NC(CCC(=O)O)C(=O)O)C(=O)O)C(=O)O)cc2)C(O)(O)C(F)(F)F)c(O)n1
1E1Y,3BCU,P00489,PYGM,THM,Cc1cn([C@H]2C[C@H](O)[C@@H](CO)O2)c(=O)[nH]c1=O
1E1Y,4Z5X,P00489,PYGM,GDE PLP,O=C(O)c1cc(O)c(O)c(O)c1 Cc1ncc(COP(=O)(O)O)c(C=O)c1O
1E1Y,1GFZ,P00489,PYGM,CFF IMP PLP,Cn1c(=O)c2c(ncn2C)n(C)c1=O O=c1[nH]cnc2c1ncn2[C@@H]1O[C@H](COP(=O)(O)O)[C@@H](O)[C@H]1O Cc1ncc(COP(=O)(O)O)c(C=O)c1O
1E1Y,4YUA,P00489,PYGM,PLP REF,Cc1ncc(COP(=O)(O)O)c(C=O)c1O O=c1oc2c(O)c(O)cc3c(=O)oc4c(O)c(O)cc1c4c23
1E1Y,3BDA,P00489,PYGM,C4B,O=c1[nH]c(=O)n([C@@H]2O[C@H](CO)[C@@H](O)[C@H](O)[C@H]2O)c(=O)[nH]1
1E1Y,3BD7,P00489,PYGM,CKB PLP,Cc1cn([C@@H]2O[C@H](CO)[C@@H](O)[C@H](O)[C@H]2O)c(=O)[nH]c1=O Cc1ncc(COP(=O)(O)O)c(C=O)c1O
3BCR,1GFZ,P00489,PYGM,CFF IMP PLP,Cn1c(=O)c2c(ncn2C)n(C)c1=O O=c1[nH]cnc2c1ncn2[C@@H]1O[C@H](COP(=O)(O)O)[C@@H](O)[C@H]1O Cc1ncc(COP(=O)(O)O)c(C=O)c1O
3BCR,1Z62,P00489,PYGM,IAA PLP,O=C(O)CO/N=C1/C2=CC=CCC2=N/C1=C1/C(=O)N=C2CC=CC=C21 Cc1ncc(COP(=O)(O)O)c(C=O)c1O
3BCR,4YUA,P00489,PYGM,PLP REF,Cc1ncc(COP(=O)(O)O)c(C=O)c1O O=c1oc2c(O)c(O)cc3c(=O)oc4c(O)c(O)cc1c4c23
3BCR,1UZU,P00489,PYGM,INR PLP,O=C1Nc2ccc(S(=O)(=O)O)cc2/C1=C1/Nc2ccccc2C1=O Cc1ncc(COP(=O)(O)O)c(C=O)c1O
3BCR,3BDA,P00489,PYGM,C4B,O=c1[nH]c(=O)n([C@@H]2O[C@H](CO)[C@@H](O)[C@H](O)[C@H]2O)c(=O)[nH]1
3BCR,3EBO,P00489,PYGM,57D,O=c1cc(-c2ccccc2)oc2cc(O)cc(O)c12
3BCR,6GPB,P00489,PYGM,H2P PLP AMP,C[C@]1(OP(=O)(O)O)O[C@H](CO)[C@@H](O)[C@H](O)[C@H]1O Cc1ncc(COP(=O)(O)O)c(C=O)c1O Nc1ncnc2c1ncn2[C@@H]1O[C@H](COP(=O)(O)O)[C@@H](O)[C@H]1O
1UZU,4Z5X,P00489,PYGM,GDE PLP,O=C(O)c1cc(O)c(O)c(O)c1 Cc1ncc(COP(=O)(O)O)c(C=O)c1O
1UZU,1Z62,P00489,PYGM,IAA PLP,O=C(O)CO/N=C1/C2=CC=CCC2=N/C1=C1/C(=O)N=C2CC=CC=C21 Cc1ncc(COP(=O)(O)O)c(C=O)c1O
1Z62,3BCU,P00489,PYGM,THM,Cc1cn([C@H]2C[C@H](O)[C@@H](CO)O2)c(=O)[nH]c1=O
1Z62,1GFZ,P00489,PYGM,CFF IMP PLP,Cn1c(=O)c2c(ncn2C)n(C)c1=O O=c1[nH]cnc2c1ncn2[C@@H]1O[C@H](COP(=O)(O)O)[C@@H](O)[C@H]1O Cc1ncc(COP(=O)(O)O)c(C=O)c1O
1Z62,4YUA,P00489,PYGM,PLP REF,Cc1ncc(COP(=O)(O)O)c(C=O)c1O O=c1oc2c(O)c(O)cc3c(=O)oc4c(O)c(O)cc1c4c23
1Z62,3G2L,P00489,PYGM,LEW,OC[C@H]1O[C@@H](n2cc(-c3cccc4ccccc34)nn2)[C@H](O)[C@@H](O)[C@@H]1O
1Z62,3BDA,P00489,PYGM,C4B,O=c1[nH]c(=O)n([C@@H]2O[C@H](CO)[C@@H](O)[C@H](O)[C@H]2O)c(=O)[nH]1
1Z62,3EBO,P00489,PYGM,57D,O=c1cc(-c2ccccc2)oc2cc(O)cc(O)c12
1Z62,3BD7,P00489,PYGM,CKB PLP,Cc1cn([C@@H]2O[C@H](CO)[C@@H](O)[C@H](O)[C@H]2O)c(=O)[nH]c1=O Cc1ncc(COP(=O)(O)O)c(C=O)c1O
4Z5X,1GFZ,P00489,PYGM,CFF IMP PLP,Cn1c(=O)c2c(ncn2C)n(C)c1=O O=c1[nH]cnc2c1ncn2[C@@H]1O[C@H](COP(=O)(O)O)[C@@H](O)[C@H]1O Cc1ncc(COP(=O)(O)O)c(C=O)c1O
4Z5X,1Z62,P00489,PYGM,IAA PLP,O=C(O)CO/N=C1/C2=CC=CCC2=N/C1=C1/C(=O)N=C2CC=CC=C21 Cc1ncc(COP(=O)(O)O)c(C=O)c1O
4Z5X,4YUA,P00489,PYGM,PLP REF,Cc1ncc(COP(=O)(O)O)c(C=O)c1O O=c1oc2c(O)c(O)cc3c(=O)oc4c(O)c(O)cc1c4c23
4Z5X,1UZU,P00489,PYGM,INR PLP,O=C1Nc2ccc(S(=O)(=O)O)cc2/C1=C1/Nc2ccccc2C1=O Cc1ncc(COP(=O)(O)O)c(C=O)c1O
4Z5X,3G2L,P00489,PYGM,LEW,OC[C@H]1O[C@@H](n2cc(-c3cccc4ccccc34)nn2)[C@H](O)[C@@H](O)[C@@H]1O
4Z5X,3EBO,P00489,PYGM,57D,O=c1cc(-c2ccccc2)oc2cc(O)cc(O)c12
4Z5X,6GPB,P00489,PYGM,H2P PLP AMP,C[C@]1(OP(=O)(O)O)O[C@H](CO)[C@@H](O)[C@H](O)[C@H]1O Cc1ncc(COP(=O)(O)O)c(C=O)c1O Nc1ncnc2c1ncn2[C@@H]1O[C@H](COP(=O)(O)O)[C@@H](O)[C@H]1O
8GPB,1GFZ,P00489,PYGM,CFF IMP PLP,Cn1c(=O)c2c(ncn2C)n(C)c1=O O=c1[nH]cnc2c1ncn2[C@@H]1O[C@H](COP(=O)(O)O)[C@@H](O)[C@H]1O Cc1ncc(COP(=O)(O)O)c(C=O)c1O
8GPB,3BDA,P00489,PYGM,C4B,O=c1[nH]c(=O)n([C@@H]2O[C@H](CO)[C@@H](O)[C@H](O)[C@H]2O)c(=O)[nH]1
8GPB,3EBO,P00489,PYGM,57D,O=c1cc(-c2ccccc2)oc2cc(O)cc(O)c12
8GPB,3BCR,P00489,PYGM,AZZ,Cc1cn([C@H]2C[C@H](N=[N+]=[N-])[C@@H](CO)O2)c(=O)[nH]c1=O
8GPB,3BD7,P00489,PYGM,CKB PLP,Cc1cn([C@@H]2O[C@H](CO)[C@@H](O)[C@H](O)[C@H]2O)c(=O)[nH]c1=O Cc1ncc(COP(=O)(O)O)c(C=O)c1O
3BDA,3BCU,P00489,PYGM,THM,Cc1cn([C@H]2C[C@H](O)[C@@H](CO)O2)c(=O)[nH]c1=O
3BDA,4Z5X,P00489,PYGM,GDE PLP,O=C(O)c1cc(O)c(O)c(O)c1 Cc1ncc(COP(=O)(O)O)c(C=O)c1O
3BDA,1Z62,P00489,PYGM,IAA PLP,O=C(O)CO/N=C1/C2=CC=CCC2=N/C1=C1/C(=O)N=C2CC=CC=C21 Cc1ncc(COP(=O)(O)O)c(C=O)c1O
3BDA,1UZU,P00489,PYGM,INR PLP,O=C1Nc2ccc(S(=O)(=O)O)cc2/C1=C1/Nc2ccccc2C1=O Cc1ncc(COP(=O)(O)O)c(C=O)c1O
3BDA,1E1Y,P00489,PYGM,CPB PO3 GLC PLP,CN1CC[C@H](c2c(O)cc(O)c3c(=O)cc(-c4ccccc4Cl)oc23)[C@H](O)C1 O=[P-]([O-])[O-] OC[C@H]1O[C@H](O)[C@H](O)[C@@H](O)[C@@H]1O Cc1ncc(COP(=O)(O)O)c(C=O)c1O
3BDA,6GPB,P00489,PYGM,H2P PLP AMP,C[C@]1(OP(=O)(O)O)O[C@H](CO)[C@@H](O)[C@H](O)[C@H]1O Cc1ncc(COP(=O)(O)O)c(C=O)c1O Nc1ncnc2c1ncn2[C@@H]1O[C@H](COP(=O)(O)O)[C@@H](O)[C@H]1O
1C8L,4Z5X,P00489,PYGM,GDE PLP,O=C(O)c1cc(O)c(O)c(O)c1 Cc1ncc(COP(=O)(O)O)c(C=O)c1O
1C8L,4YUA,P00489,PYGM,PLP REF,Cc1ncc(COP(=O)(O)O)c(C=O)c1O O=c1oc2c(O)c(O)cc3c(=O)oc4c(O)c(O)cc1c4c23
1C8L,3EBO,P00489,PYGM,57D,O=c1cc(-c2ccccc2)oc2cc(O)cc(O)c12
1C8L,6GPB,P00489,PYGM,H2P PLP AMP,C[C@]1(OP(=O)(O)O)O[C@H](CO)[C@@H](O)[C@H](O)[C@H]1O Cc1ncc(COP(=O)(O)O)c(C=O)c1O Nc1ncnc2c1ncn2[C@@H]1O[C@H](COP(=O)(O)O)[C@@H](O)[C@H]1O
4YUA,3G2L,P00489,PYGM,LEW,OC[C@H]1O[C@@H](n2cc(-c3cccc4ccccc34)nn2)[C@H](O)[C@@H](O)[C@@H]1O
4YUA,3BDA,P00489,PYGM,C4B,O=c1[nH]c(=O)n([C@@H]2O[C@H](CO)[C@@H](O)[C@H](O)[C@H]2O)c(=O)[nH]1
4YUA,3EBO,P00489,PYGM,57D,O=c1cc(-c2ccccc2)oc2cc(O)cc(O)c12
4YUA,3BD7,P00489,PYGM,CKB PLP,Cc1cn([C@@H]2O[C@H](CO)[C@@H](O)[C@H](O)[C@H]2O)c(=O)[nH]c1=O Cc1ncc(COP(=O)(O)O)c(C=O)c1O
3BD7,3BCU,P00489,PYGM,THM,Cc1cn([C@H]2C[C@H](O)[C@@H](CO)O2)c(=O)[nH]c1=O
3BD7,1Z62,P00489,PYGM,IAA PLP,O=C(O)CO/N=C1/C2=CC=CCC2=N/C1=C1/C(=O)N=C2CC=CC=C21 Cc1ncc(COP(=O)(O)O)c(C=O)c1O
3BD7,6GPB,P00489,PYGM,H2P PLP AMP,C[C@]1(OP(=O)(O)O)O[C@H](CO)[C@@H](O)[C@H](O)[C@H]1O Cc1ncc(COP(=O)(O)O)c(C=O)c1O Nc1ncnc2c1ncn2[C@@H]1O[C@H](COP(=O)(O)O)[C@@H](O)[C@H]1O
6GPB,3BCU,P00489,PYGM,THM,Cc1cn([C@H]2C[C@H](O)[C@@H](CO)O2)c(=O)[nH]c1=O
6GPB,4Z5X,P00489,PYGM,GDE PLP,O=C(O)c1cc(O)c(O)c(O)c1 Cc1ncc(COP(=O)(O)O)c(C=O)c1O
6GPB,1Z62,P00489,PYGM,IAA PLP,O=C(O)CO/N=C1/C2=CC=CCC2=N/C1=C1/C(=O)N=C2CC=CC=C21 Cc1ncc(COP(=O)(O)O)c(C=O)c1O
6GPB,1UZU,P00489,PYGM,INR PLP,O=C1Nc2ccc(S(=O)(=O)O)cc2/C1=C1/Nc2ccccc2C1=O Cc1ncc(COP(=O)(O)O)c(C=O)c1O
6GPB,3G2L,P00489,PYGM,LEW,OC[C@H]1O[C@@H](n2cc(-c3cccc4ccccc34)nn2)[C@H](O)[C@@H](O)[C@@H]1O
6GPB,3BDA,P00489,PYGM,C4B,O=c1[nH]c(=O)n([C@@H]2O[C@H](CO)[C@@H](O)[C@H](O)[C@H]2O)c(=O)[nH]1
6GPB,3BD7,P00489,PYGM,CKB PLP,Cc1cn([C@@H]2O[C@H](CO)[C@@H](O)[C@H](O)[C@H]2O)c(=O)[nH]c1=O Cc1ncc(COP(=O)(O)O)c(C=O)c1O
1C8K,3BCU,P00489,PYGM,THM,Cc1cn([C@H]2C[C@H](O)[C@@H](CO)O2)c(=O)[nH]c1=O
1C8K,4YUA,P00489,PYGM,PLP REF,Cc1ncc(COP(=O)(O)O)c(C=O)c1O O=c1oc2c(O)c(O)cc3c(=O)oc4c(O)c(O)cc1c4c23
1C8K,3EBO,P00489,PYGM,57D,O=c1cc(-c2ccccc2)oc2cc(O)cc(O)c12
1C8K,3BD7,P00489,PYGM,CKB PLP,Cc1cn([C@@H]2O[C@H](CO)[C@@H](O)[C@H](O)[C@H]2O)c(=O)[nH]c1=O Cc1ncc(COP(=O)(O)O)c(C=O)c1O
3EBP,6GPB,P00489,PYGM,H2P PLP AMP,C[C@]1(OP(=O)(O)O)O[C@H](CO)[C@@H](O)[C@H](O)[C@H]1O Cc1ncc(COP(=O)(O)O)c(C=O)c1O Nc1ncnc2c1ncn2[C@@H]1O[C@H](COP(=O)(O)O)[C@@H](O)[C@H]1O
3EBO,1GFZ,P00489,PYGM,CFF IMP PLP,Cn1c(=O)c2c(ncn2C)n(C)c1=O O=c1[nH]cnc2c1ncn2[C@@H]1O[C@H](COP(=O)(O)O)[C@@H](O)[C@H]1O Cc1ncc(COP(=O)(O)O)c(C=O)c1O
3EBO,6GPB,P00489,PYGM,H2P PLP AMP,C[C@]1(OP(=O)(O)O)O[C@H](CO)[C@@H](O)[C@H](O)[C@H]1O Cc1ncc(COP(=O)(O)O)c(C=O)c1O Nc1ncnc2c1ncn2[C@@H]1O[C@H](COP(=O)(O)O)[C@@H](O)[C@H]1O
3EBO,3BCR,P00489,PYGM,AZZ,Cc1cn([C@H]2C[C@H](N=[N+]=[N-])[C@@H](CO)O2)c(=O)[nH]c1=O
3EBO,3BD7,P00489,PYGM,CKB PLP,Cc1cn([C@@H]2O[C@H](CO)[C@@H](O)[C@H](O)[C@H]2O)c(=O)[nH]c1=O Cc1ncc(COP(=O)(O)O)c(C=O)c1O
1GFZ,3BCU,P00489,PYGM,THM,Cc1cn([C@H]2C[C@H](O)[C@@H](CO)O2)c(=O)[nH]c1=O
1GFZ,4Z5X,P00489,PYGM,GDE PLP,O=C(O)c1cc(O)c(O)c(O)c1 Cc1ncc(COP(=O)(O)O)c(C=O)c1O
1GFZ,1Z62,P00489,PYGM,IAA PLP,O=C(O)CO/N=C1/C2=CC=CCC2=N/C1=C1/C(=O)N=C2CC=CC=C21 Cc1ncc(COP(=O)(O)O)c(C=O)c1O
1GFZ,4YUA,P00489,PYGM,PLP REF,Cc1ncc(COP(=O)(O)O)c(C=O)c1O O=c1oc2c(O)c(O)cc3c(=O)oc4c(O)c(O)cc1c4c23
1GFZ,3G2L,P00489,PYGM,LEW,OC[C@H]1O[C@@H](n2cc(-c3cccc4ccccc34)nn2)[C@H](O)[C@@H](O)[C@@H]1O
1GFZ,3BDA,P00489,PYGM,C4B,O=c1[nH]c(=O)n([C@@H]2O[C@H](CO)[C@@H](O)[C@H](O)[C@H]2O)c(=O)[nH]1
1GFZ,1E1Y,P00489,PYGM,CPB PO3 GLC PLP,CN1CC[C@H](c2c(O)cc(O)c3c(=O)cc(-c4ccccc4Cl)oc23)[C@H](O)C1 O=[P-]([O-])[O-] OC[C@H]1O[C@H](O)[C@H](O)[C@@H](O)[C@@H]1O Cc1ncc(COP(=O)(O)O)c(C=O)c1O
1GFZ,3EBO,P00489,PYGM,57D,O=c1cc(-c2ccccc2)oc2cc(O)cc(O)c12
1GFZ,3BD7,P00489,PYGM,CKB PLP,Cc1cn([C@@H]2O[C@H](CO)[C@@H](O)[C@H](O)[C@H]2O)c(=O)[nH]c1=O Cc1ncc(COP(=O)(O)O)c(C=O)c1O
3BCU,4Z5X,P00489,PYGM,GDE PLP,O=C(O)c1cc(O)c(O)c(O)c1 Cc1ncc(COP(=O)(O)O)c(C=O)c1O
3BCU,3EBO,P00489,PYGM,57D,O=c1cc(-c2ccccc2)oc2cc(O)cc(O)c12
3G2L,4Z5X,P00489,PYGM,GDE PLP,O=C(O)c1cc(O)c(O)c(O)c1 Cc1ncc(COP(=O)(O)O)c(C=O)c1O
3G2L,1UZU,P00489,PYGM,INR PLP,O=C1Nc2ccc(S(=O)(=O)O)cc2/C1=C1/Nc2ccccc2C1=O Cc1ncc(COP(=O)(O)O)c(C=O)c1O
3G2L,1E1Y,P00489,PYGM,CPB PO3 GLC PLP,CN1CC[C@H](c2c(O)cc(O)c3c(=O)cc(-c4ccccc4Cl)oc23)[C@H](O)C1 O=[P-]([O-])[O-] OC[C@H]1O[C@H](O)[C@H](O)[C@@H](O)[C@@H]1O Cc1ncc(COP(=O)(O)O)c(C=O)c1O
3G2L,3EBO,P00489,PYGM,57D,O=c1cc(-c2ccccc2)oc2cc(O)cc(O)c12
3G2L,6GPB,P00489,PYGM,H2P PLP AMP,C[C@]1(OP(=O)(O)O)O[C@H](CO)[C@@H](O)[C@H](O)[C@H]1O Cc1ncc(COP(=O)(O)O)c(C=O)c1O Nc1ncnc2c1ncn2[C@@H]1O[C@H](COP(=O)(O)O)[C@@H](O)[C@H]1O
3G2L,3BCR,P00489,PYGM,AZZ,Cc1cn([C@H]2C[C@H](N=[N+]=[N-])[C@@H](CO)O2)c(=O)[nH]c1=O
3G2L,3BD7,P00489,PYGM,CKB PLP,Cc1cn([C@@H]2O[C@H](CO)[C@@H](O)[C@H](O)[C@H]2O)c(=O)[nH]c1=O Cc1ncc(COP(=O)(O)O)c(C=O)c1O
4JTT,5K9D,Q02127,DHODH,SO4 GOL CL ACT CE9 ORO FNR,O=S(=O)([O-])[O-] OCC(O)CO [Cl-] CC(=O)[O-] CCCCCCCCCCCCOCCOCCOCCOCCOCCOCCOCCOCCOCCO O=C(O)c1cc(=O)[nH]c(=O)[nH]1 Cc1cc2c(cc1C)N(C[C@H](O)[C@H](O)[C@H](O)COP(=O)(O)O)c1[nH]c(=O)[nH]c(=O)c1N2
4JTT,5H73,Q02127,DHODH,7L7 FMN ORO SO4 ACT,COC(=O)/C(C#N)=C1/SCC(=O)N1c1ccccc1F Cc1cc2nc3c(=O)[nH]c(=O)nc-3n(C[C@H](O)[C@H](O)[C@H](O)COP(=O)(O)O)c2cc1C O=C(O)c1cc(=O)[nH]c(=O)[nH]1 O=S(=O)([O-])[O-] CC(=O)[O-]
4JTT,4ZL1,Q02127,DHODH,SO4 18X FMN ORO,O=S(=O)([O-])[O-] COC(=O)/C(C#N)=C1/SCC(=O)N1c1ccc(-c2ccccc2)cc1F Cc1cc2nc3c(=O)[nH]c(=O)nc-3n(C[C@H](O)[C@H](O)[C@H](O)COP(=O)(O)O)c2cc1C O=C(O)c1cc(=O)[nH]c(=O)[nH]1
4JTT,5HQE,Q02127,DHODH,ACT SO4 ORO FMN 64B,CC(=O)[O-] O=S(=O)([O-])[O-] O=C(O)c1cc(=O)[nH]c(=O)[nH]1 Cc1cc2nc3c(=O)[nH]c(=O)nc-3n(C[C@H](O)[C@H](O)[C@H](O)COP(=O)(O)O)c2cc1C COC(=O)/C(C#N)=C1/SCC(=O)N1c1ccc(OC)cc1F
4JTT,5MVC,Q02127,DHODH,ORO ACT CL Y9B FMN,O=C(O)c1cc(=O)[nH]c(=O)[nH]1 CC(=O)[O-] [Cl-] O=C(Nc1c(F)c(F)c(-c2ccccc2)c(F)c1F)c1nsnc1O Cc1cc2nc3c(=O)[nH]c(=O)nc-3n(C[C@H](O)[C@H](O)[C@H](O)COP(=O)(O)O)c2cc1C
4JTT,5H2Z,Q02127,DHODH,FMN ORO SO4 ACT 7GF,Cc1cc2nc3c(=O)[nH]c(=O)nc-3n(C[C@H](O)[C@H](O)[C@H](O)COP(=O)(O)O)c2cc1C O=C(O)c1cc(=O)[nH]c(=O)[nH]1 O=S(=O)([O-])[O-] CC(=O)[O-] COC(=O)/C(CN)=C1/SCC(=O)N1c1ccc(Br)cc1
4JTT,4JTS,Q02127,DHODH,FMN ORO SO4 ACT JTS,Cc1cc2nc3c(=O)[nH]c(=O)nc-3n(C[C@H](O)[C@H](O)[C@H](O)COP(=O)(O)O)c2cc1C O=C(O)c1cc(=O)[nH]c(=O)[nH]1 O=S(=O)([O-])[O-] CC(=O)[O-] Cc1ncsc1C(=O)Nc1ccc2ccccc2c1
4JTT,5MUT,Q02127,DHODH,FMN ORO HYT ACT CL,Cc1cc2nc3c(=O)[nH]c(=O)nc-3n(C[C@H](O)[C@H](O)[C@H](O)COP(=O)(O)O)c2cc1C O=C(O)c1cc(=O)[nH]c(=O)[nH]1 Cn1nc(O)c(C(=O)Nc2c(F)c(F)c(-c3ccccc3)c(F)c2F)n1 CC(=O)[O-] [Cl-]
4JTT,4YLW,Q02127,DHODH,52Y FMN ORO SO4,COC(=O)/C(C#N)=C1/SCC(=O)N1c1ccc(-c2ccc(OC)cc2)cc1F Cc1cc2nc3c(=O)[nH]c(=O)nc-3n(C[C@H](O)[C@H](O)[C@H](O)COP(=O)(O)O)c2cc1C O=C(O)c1cc(=O)[nH]c(=O)[nH]1 O=S(=O)([O-])[O-]
5HQE,5K9D,Q02127,DHODH,SO4 GOL CL ACT CE9 ORO FNR,O=S(=O)([O-])[O-] OCC(O)CO [Cl-] CC(=O)[O-] CCCCCCCCCCCCOCCOCCOCCOCCOCCOCCOCCOCCOCCO O=C(O)c1cc(=O)[nH]c(=O)[nH]1 Cc1cc2c(cc1C)N(C[C@H](O)[C@H](O)[C@H](O)COP(=O)(O)O)c1[nH]c(=O)[nH]c(=O)c1N2
5HQE,5H73,Q02127,DHODH,7L7 FMN ORO SO4 ACT,COC(=O)/C(C#N)=C1/SCC(=O)N1c1ccccc1F Cc1cc2nc3c(=O)[nH]c(=O)nc-3n(C[C@H](O)[C@H](O)[C@H](O)COP(=O)(O)O)c2cc1C O=C(O)c1cc(=O)[nH]c(=O)[nH]1 O=S(=O)([O-])[O-] CC(=O)[O-]
5HQE,4ZL1,Q02127,DHODH,SO4 18X FMN ORO,O=S(=O)([O-])[O-] COC(=O)/C(C#N)=C1/SCC(=O)N1c1ccc(-c2ccccc2)cc1F Cc1cc2nc3c(=O)[nH]c(=O)nc-3n(C[C@H](O)[C@H](O)[C@H](O)COP(=O)(O)O)c2cc1C O=C(O)c1cc(=O)[nH]c(=O)[nH]1
5HQE,1D3G,Q02127,DHODH,SO4 ACT BRE FMN ORO DDQ,O=S(=O)([O-])[O-] CC(=O)[O-] Cc1c(-c2ccc(-c3ccccc3)cc2)nc2ccc(F)cc2c1C(=O)O Cc1cc2nc3c(=O)[nH]c(=O)nc-3n(C[C@H](O)[C@H](O)[C@H](O)COP(=O)(O)O)c2cc1C O=C(O)c1cc(=O)[nH]c(=O)[nH]1 CCCCCCCCCC[N+](C)(C)[O-]
5HQE,5MVC,Q02127,DHODH,ORO ACT CL Y9B FMN,O=C(O)c1cc(=O)[nH]c(=O)[nH]1 CC(=O)[O-] [Cl-] O=C(Nc1c(F)c(F)c(-c2ccccc2)c(F)c1F)c1nsnc1O Cc1cc2nc3c(=O)[nH]c(=O)nc-3n(C[C@H](O)[C@H](O)[C@H](O)COP(=O)(O)O)c2cc1C
5HQE,5H2Z,Q02127,DHODH,FMN ORO SO4 ACT 7GF,Cc1cc2nc3c(=O)[nH]c(=O)nc-3n(C[C@H](O)[C@H](O)[C@H](O)COP(=O)(O)O)c2cc1C O=C(O)c1cc(=O)[nH]c(=O)[nH]1 O=S(=O)([O-])[O-] CC(=O)[O-] COC(=O)/C(CN)=C1/SCC(=O)N1c1ccc(Br)cc1
5HQE,4JTS,Q02127,DHODH,FMN ORO SO4 ACT JTS,Cc1cc2nc3c(=O)[nH]c(=O)nc-3n(C[C@H](O)[C@H](O)[C@H](O)COP(=O)(O)O)c2cc1C O=C(O)c1cc(=O)[nH]c(=O)[nH]1 O=S(=O)([O-])[O-] CC(=O)[O-] Cc1ncsc1C(=O)Nc1ccc2ccccc2c1
5HQE,5MUT,Q02127,DHODH,FMN ORO HYT ACT CL,Cc1cc2nc3c(=O)[nH]c(=O)nc-3n(C[C@H](O)[C@H](O)[C@H](O)COP(=O)(O)O)c2cc1C O=C(O)c1cc(=O)[nH]c(=O)[nH]1 Cn1nc(O)c(C(=O)Nc2c(F)c(F)c(-c3ccccc3)c(F)c2F)n1 CC(=O)[O-] [Cl-]
5HQE,4JTT,Q02127,DHODH,ACT JTT SO4 ORO FMN,CC(=O)[O-] Cc1nc(C)c(C(=O)Nc2ccc3ccccc3c2)s1 O=S(=O)([O-])[O-] O=C(O)c1cc(=O)[nH]c(=O)[nH]1 Cc1cc2nc3c(=O)[nH]c(=O)nc-3n(C[C@H](O)[C@H](O)[C@H](O)COP(=O)(O)O)c2cc1C
5HQE,4YLW,Q02127,DHODH,52Y FMN ORO SO4,COC(=O)/C(C#N)=C1/SCC(=O)N1c1ccc(-c2ccc(OC)cc2)cc1F Cc1cc2nc3c(=O)[nH]c(=O)nc-3n(C[C@H](O)[C@H](O)[C@H](O)COP(=O)(O)O)c2cc1C O=C(O)c1cc(=O)[nH]c(=O)[nH]1 O=S(=O)([O-])[O-]
5H73,4ZL1,Q02127,DHODH,SO4 18X FMN ORO,O=S(=O)([O-])[O-] COC(=O)/C(C#N)=C1/SCC(=O)N1c1ccc(-c2ccccc2)cc1F Cc1cc2nc3c(=O)[nH]c(=O)nc-3n(C[C@H](O)[C@H](O)[C@H](O)COP(=O)(O)O)c2cc1C O=C(O)c1cc(=O)[nH]c(=O)[nH]1
5H73,5HQE,Q02127,DHODH,ACT SO4 ORO FMN 64B,CC(=O)[O-] O=S(=O)([O-])[O-] O=C(O)c1cc(=O)[nH]c(=O)[nH]1 Cc1cc2nc3c(=O)[nH]c(=O)nc-3n(C[C@H](O)[C@H](O)[C@H](O)COP(=O)(O)O)c2cc1C COC(=O)/C(C#N)=C1/SCC(=O)N1c1ccc(OC)cc1F
5H73,1D3G,Q02127,DHODH,SO4 ACT BRE FMN ORO DDQ,O=S(=O)([O-])[O-] CC(=O)[O-] Cc1c(-c2ccc(-c3ccccc3)cc2)nc2ccc(F)cc2c1C(=O)O Cc1cc2nc3c(=O)[nH]c(=O)nc-3n(C[C@H](O)[C@H](O)[C@H](O)COP(=O)(O)O)c2cc1C O=C(O)c1cc(=O)[nH]c(=O)[nH]1 CCCCCCCCCC[N+](C)(C)[O-]
5H73,5MVC,Q02127,DHODH,ORO ACT CL Y9B FMN,O=C(O)c1cc(=O)[nH]c(=O)[nH]1 CC(=O)[O-] [Cl-] O=C(Nc1c(F)c(F)c(-c2ccccc2)c(F)c1F)c1nsnc1O Cc1cc2nc3c(=O)[nH]c(=O)nc-3n(C[C@H](O)[C@H](O)[C@H](O)COP(=O)(O)O)c2cc1C
5H73,5H2Z,Q02127,DHODH,FMN ORO SO4 ACT 7GF,Cc1cc2nc3c(=O)[nH]c(=O)nc-3n(C[C@H](O)[C@H](O)[C@H](O)COP(=O)(O)O)c2cc1C O=C(O)c1cc(=O)[nH]c(=O)[nH]1 O=S(=O)([O-])[O-] CC(=O)[O-] COC(=O)/C(CN)=C1/SCC(=O)N1c1ccc(Br)cc1
5H73,4JTS,Q02127,DHODH,FMN ORO SO4 ACT JTS,Cc1cc2nc3c(=O)[nH]c(=O)nc-3n(C[C@H](O)[C@H](O)[C@H](O)COP(=O)(O)O)c2cc1C O=C(O)c1cc(=O)[nH]c(=O)[nH]1 O=S(=O)([O-])[O-] CC(=O)[O-] Cc1ncsc1C(=O)Nc1ccc2ccccc2c1
5H73,5MUT,Q02127,DHODH,FMN ORO HYT ACT CL,Cc1cc2nc3c(=O)[nH]c(=O)nc-3n(C[C@H](O)[C@H](O)[C@H](O)COP(=O)(O)O)c2cc1C O=C(O)c1cc(=O)[nH]c(=O)[nH]1 Cn1nc(O)c(C(=O)Nc2c(F)c(F)c(-c3ccccc3)c(F)c2F)n1 CC(=O)[O-] [Cl-]
5H73,4JTT,Q02127,DHODH,ACT JTT SO4 ORO FMN,CC(=O)[O-] Cc1nc(C)c(C(=O)Nc2ccc3ccccc3c2)s1 O=S(=O)([O-])[O-] O=C(O)c1cc(=O)[nH]c(=O)[nH]1 Cc1cc2nc3c(=O)[nH]c(=O)nc-3n(C[C@H](O)[C@H](O)[C@H](O)COP(=O)(O)O)c2cc1C
5H73,4YLW,Q02127,DHODH,52Y FMN ORO SO4,COC(=O)/C(C#N)=C1/SCC(=O)N1c1ccc(-c2ccc(OC)cc2)cc1F Cc1cc2nc3c(=O)[nH]c(=O)nc-3n(C[C@H](O)[C@H](O)[C@H](O)COP(=O)(O)O)c2cc1C O=C(O)c1cc(=O)[nH]c(=O)[nH]1 O=S(=O)([O-])[O-]
5K9D,5H73,Q02127,DHODH,7L7 FMN ORO SO4 ACT,COC(=O)/C(C#N)=C1/SCC(=O)N1c1ccccc1F Cc1cc2nc3c(=O)[nH]c(=O)nc-3n(C[C@H](O)[C@H](O)[C@H](O)COP(=O)(O)O)c2cc1C O=C(O)c1cc(=O)[nH]c(=O)[nH]1 O=S(=O)([O-])[O-] CC(=O)[O-]
5K9D,4ZL1,Q02127,DHODH,SO4 18X FMN ORO,O=S(=O)([O-])[O-] COC(=O)/C(C#N)=C1/SCC(=O)N1c1ccc(-c2ccccc2)cc1F Cc1cc2nc3c(=O)[nH]c(=O)nc-3n(C[C@H](O)[C@H](O)[C@H](O)COP(=O)(O)O)c2cc1C O=C(O)c1cc(=O)[nH]c(=O)[nH]1
5K9D,5HQE,Q02127,DHODH,ACT SO4 ORO FMN 64B,CC(=O)[O-] O=S(=O)([O-])[O-] O=C(O)c1cc(=O)[nH]c(=O)[nH]1 Cc1cc2nc3c(=O)[nH]c(=O)nc-3n(C[C@H](O)[C@H](O)[C@H](O)COP(=O)(O)O)c2cc1C COC(=O)/C(C#N)=C1/SCC(=O)N1c1ccc(OC)cc1F
5K9D,1D3G,Q02127,DHODH,SO4 ACT BRE FMN ORO DDQ,O=S(=O)([O-])[O-] CC(=O)[O-] Cc1c(-c2ccc(-c3ccccc3)cc2)nc2ccc(F)cc2c1C(=O)O Cc1cc2nc3c(=O)[nH]c(=O)nc-3n(C[C@H](O)[C@H](O)[C@H](O)COP(=O)(O)O)c2cc1C O=C(O)c1cc(=O)[nH]c(=O)[nH]1 CCCCCCCCCC[N+](C)(C)[O-]
5K9D,5MVC,Q02127,DHODH,ORO ACT CL Y9B FMN,O=C(O)c1cc(=O)[nH]c(=O)[nH]1 CC(=O)[O-] [Cl-] O=C(Nc1c(F)c(F)c(-c2ccccc2)c(F)c1F)c1nsnc1O Cc1cc2nc3c(=O)[nH]c(=O)nc-3n(C[C@H](O)[C@H](O)[C@H](O)COP(=O)(O)O)c2cc1C
5K9D,5H2Z,Q02127,DHODH,FMN ORO SO4 ACT 7GF,Cc1cc2nc3c(=O)[nH]c(=O)nc-3n(C[C@H](O)[C@H](O)[C@H](O)COP(=O)(O)O)c2cc1C O=C(O)c1cc(=O)[nH]c(=O)[nH]1 O=S(=O)([O-])[O-] CC(=O)[O-] COC(=O)/C(CN)=C1/SCC(=O)N1c1ccc(Br)cc1
5K9D,5MUT,Q02127,DHODH,FMN ORO HYT ACT CL,Cc1cc2nc3c(=O)[nH]c(=O)nc-3n(C[C@H](O)[C@H](O)[C@H](O)COP(=O)(O)O)c2cc1C O=C(O)c1cc(=O)[nH]c(=O)[nH]1 Cn1nc(O)c(C(=O)Nc2c(F)c(F)c(-c3ccccc3)c(F)c2F)n1 CC(=O)[O-] [Cl-]
5K9D,4JTT,Q02127,DHODH,ACT JTT SO4 ORO FMN,CC(=O)[O-] Cc1nc(C)c(C(=O)Nc2ccc3ccccc3c2)s1 O=S(=O)([O-])[O-] O=C(O)c1cc(=O)[nH]c(=O)[nH]1 Cc1cc2nc3c(=O)[nH]c(=O)nc-3n(C[C@H](O)[C@H](O)[C@H](O)COP(=O)(O)O)c2cc1C
5K9D,4YLW,Q02127,DHODH,52Y FMN ORO SO4,COC(=O)/C(C#N)=C1/SCC(=O)N1c1ccc(-c2ccc(OC)cc2)cc1F Cc1cc2nc3c(=O)[nH]c(=O)nc-3n(C[C@H](O)[C@H](O)[C@H](O)COP(=O)(O)O)c2cc1C O=C(O)c1cc(=O)[nH]c(=O)[nH]1 O=S(=O)([O-])[O-]
1D3G,5K9D,Q02127,DHODH,SO4 GOL CL ACT CE9 ORO FNR,O=S(=O)([O-])[O-] OCC(O)CO [Cl-] CC(=O)[O-] CCCCCCCCCCCCOCCOCCOCCOCCOCCOCCOCCOCCOCCO O=C(O)c1cc(=O)[nH]c(=O)[nH]1 Cc1cc2c(cc1C)N(C[C@H](O)[C@H](O)[C@H](O)COP(=O)(O)O)c1[nH]c(=O)[nH]c(=O)c1N2
1D3G,5H73,Q02127,DHODH,7L7 FMN ORO SO4 ACT,COC(=O)/C(C#N)=C1/SCC(=O)N1c1ccccc1F Cc1cc2nc3c(=O)[nH]c(=O)nc-3n(C[C@H](O)[C@H](O)[C@H](O)COP(=O)(O)O)c2cc1C O=C(O)c1cc(=O)[nH]c(=O)[nH]1 O=S(=O)([O-])[O-] CC(=O)[O-]
1D3G,4ZL1,Q02127,DHODH,SO4 18X FMN ORO,O=S(=O)([O-])[O-] COC(=O)/C(C#N)=C1/SCC(=O)N1c1ccc(-c2ccccc2)cc1F Cc1cc2nc3c(=O)[nH]c(=O)nc-3n(C[C@H](O)[C@H](O)[C@H](O)COP(=O)(O)O)c2cc1C O=C(O)c1cc(=O)[nH]c(=O)[nH]1
1D3G,5HQE,Q02127,DHODH,ACT SO4 ORO FMN 64B,CC(=O)[O-] O=S(=O)([O-])[O-] O=C(O)c1cc(=O)[nH]c(=O)[nH]1 Cc1cc2nc3c(=O)[nH]c(=O)nc-3n(C[C@H](O)[C@H](O)[C@H](O)COP(=O)(O)O)c2cc1C COC(=O)/C(C#N)=C1/SCC(=O)N1c1ccc(OC)cc1F
1D3G,5MVC,Q02127,DHODH,ORO ACT CL Y9B FMN,O=C(O)c1cc(=O)[nH]c(=O)[nH]1 CC(=O)[O-] [Cl-] O=C(Nc1c(F)c(F)c(-c2ccccc2)c(F)c1F)c1nsnc1O Cc1cc2nc3c(=O)[nH]c(=O)nc-3n(C[C@H](O)[C@H](O)[C@H](O)COP(=O)(O)O)c2cc1C
1D3G,5H2Z,Q02127,DHODH,FMN ORO SO4 ACT 7GF,Cc1cc2nc3c(=O)[nH]c(=O)nc-3n(C[C@H](O)[C@H](O)[C@H](O)COP(=O)(O)O)c2cc1C O=C(O)c1cc(=O)[nH]c(=O)[nH]1 O=S(=O)([O-])[O-] CC(=O)[O-] COC(=O)/C(CN)=C1/SCC(=O)N1c1ccc(Br)cc1
1D3G,4JTS,Q02127,DHODH,FMN ORO SO4 ACT JTS,Cc1cc2nc3c(=O)[nH]c(=O)nc-3n(C[C@H](O)[C@H](O)[C@H](O)COP(=O)(O)O)c2cc1C O=C(O)c1cc(=O)[nH]c(=O)[nH]1 O=S(=O)([O-])[O-] CC(=O)[O-] Cc1ncsc1C(=O)Nc1ccc2ccccc2c1
1D3G,5MUT,Q02127,DHODH,FMN ORO HYT ACT CL,Cc1cc2nc3c(=O)[nH]c(=O)nc-3n(C[C@H](O)[C@H](O)[C@H](O)COP(=O)(O)O)c2cc1C O=C(O)c1cc(=O)[nH]c(=O)[nH]1 Cn1nc(O)c(C(=O)Nc2c(F)c(F)c(-c3ccccc3)c(F)c2F)n1 CC(=O)[O-] [Cl-]
1D3G,4JTT,Q02127,DHODH,ACT JTT SO4 ORO FMN,CC(=O)[O-] Cc1nc(C)c(C(=O)Nc2ccc3ccccc3c2)s1 O=S(=O)([O-])[O-] O=C(O)c1cc(=O)[nH]c(=O)[nH]1 Cc1cc2nc3c(=O)[nH]c(=O)nc-3n(C[C@H](O)[C@H](O)[C@H](O)COP(=O)(O)O)c2cc1C
1D3G,4YLW,Q02127,DHODH,52Y FMN ORO SO4,COC(=O)/C(C#N)=C1/SCC(=O)N1c1ccc(-c2ccc(OC)cc2)cc1F Cc1cc2nc3c(=O)[nH]c(=O)nc-3n(C[C@H](O)[C@H](O)[C@H](O)COP(=O)(O)O)c2cc1C O=C(O)c1cc(=O)[nH]c(=O)[nH]1 O=S(=O)([O-])[O-]
5MVC,5K9D,Q02127,DHODH,SO4 GOL CL ACT CE9 ORO FNR,O=S(=O)([O-])[O-] OCC(O)CO [Cl-] CC(=O)[O-] CCCCCCCCCCCCOCCOCCOCCOCCOCCOCCOCCOCCOCCO O=C(O)c1cc(=O)[nH]c(=O)[nH]1 Cc1cc2c(cc1C)N(C[C@H](O)[C@H](O)[C@H](O)COP(=O)(O)O)c1[nH]c(=O)[nH]c(=O)c1N2
5MVC,5H73,Q02127,DHODH,7L7 FMN ORO SO4 ACT,COC(=O)/C(C#N)=C1/SCC(=O)N1c1ccccc1F Cc1cc2nc3c(=O)[nH]c(=O)nc-3n(C[C@H](O)[C@H](O)[C@H](O)COP(=O)(O)O)c2cc1C O=C(O)c1cc(=O)[nH]c(=O)[nH]1 O=S(=O)([O-])[O-] CC(=O)[O-]
5MVC,4ZL1,Q02127,DHODH,SO4 18X FMN ORO,O=S(=O)([O-])[O-] COC(=O)/C(C#N)=C1/SCC(=O)N1c1ccc(-c2ccccc2)cc1F Cc1cc2nc3c(=O)[nH]c(=O)nc-3n(C[C@H](O)[C@H](O)[C@H](O)COP(=O)(O)O)c2cc1C O=C(O)c1cc(=O)[nH]c(=O)[nH]1
5MVC,5HQE,Q02127,DHODH,ACT SO4 ORO FMN 64B,CC(=O)[O-] O=S(=O)([O-])[O-] O=C(O)c1cc(=O)[nH]c(=O)[nH]1 Cc1cc2nc3c(=O)[nH]c(=O)nc-3n(C[C@H](O)[C@H](O)[C@H](O)COP(=O)(O)O)c2cc1C COC(=O)/C(C#N)=C1/SCC(=O)N1c1ccc(OC)cc1F
5MVC,1D3G,Q02127,DHODH,SO4 ACT BRE FMN ORO DDQ,O=S(=O)([O-])[O-] CC(=O)[O-] Cc1c(-c2ccc(-c3ccccc3)cc2)nc2ccc(F)cc2c1C(=O)O Cc1cc2nc3c(=O)[nH]c(=O)nc-3n(C[C@H](O)[C@H](O)[C@H](O)COP(=O)(O)O)c2cc1C O=C(O)c1cc(=O)[nH]c(=O)[nH]1 CCCCCCCCCC[N+](C)(C)[O-]
5MVC,5H2Z,Q02127,DHODH,FMN ORO SO4 ACT 7GF,Cc1cc2nc3c(=O)[nH]c(=O)nc-3n(C[C@H](O)[C@H](O)[C@H](O)COP(=O)(O)O)c2cc1C O=C(O)c1cc(=O)[nH]c(=O)[nH]1 O=S(=O)([O-])[O-] CC(=O)[O-] COC(=O)/C(CN)=C1/SCC(=O)N1c1ccc(Br)cc1
5MVC,4JTS,Q02127,DHODH,FMN ORO SO4 ACT JTS,Cc1cc2nc3c(=O)[nH]c(=O)nc-3n(C[C@H](O)[C@H](O)[C@H](O)COP(=O)(O)O)c2cc1C O=C(O)c1cc(=O)[nH]c(=O)[nH]1 O=S(=O)([O-])[O-] CC(=O)[O-] Cc1ncsc1C(=O)Nc1ccc2ccccc2c1
5MVC,5MUT,Q02127,DHODH,FMN ORO HYT ACT CL,Cc1cc2nc3c(=O)[nH]c(=O)nc-3n(C[C@H](O)[C@H](O)[C@H](O)COP(=O)(O)O)c2cc1C O=C(O)c1cc(=O)[nH]c(=O)[nH]1 Cn1nc(O)c(C(=O)Nc2c(F)c(F)c(-c3ccccc3)c(F)c2F)n1 CC(=O)[O-] [Cl-]
5MVC,4JTT,Q02127,DHODH,ACT JTT SO4 ORO FMN,CC(=O)[O-] Cc1nc(C)c(C(=O)Nc2ccc3ccccc3c2)s1 O=S(=O)([O-])[O-] O=C(O)c1cc(=O)[nH]c(=O)[nH]1 Cc1cc2nc3c(=O)[nH]c(=O)nc-3n(C[C@H](O)[C@H](O)[C@H](O)COP(=O)(O)O)c2cc1C
5MVC,4YLW,Q02127,DHODH,52Y FMN ORO SO4,COC(=O)/C(C#N)=C1/SCC(=O)N1c1ccc(-c2ccc(OC)cc2)cc1F Cc1cc2nc3c(=O)[nH]c(=O)nc-3n(C[C@H](O)[C@H](O)[C@H](O)COP(=O)(O)O)c2cc1C O=C(O)c1cc(=O)[nH]c(=O)[nH]1 O=S(=O)([O-])[O-]
4ZL1,5K9D,Q02127,DHODH,SO4 GOL CL ACT CE9 ORO FNR,O=S(=O)([O-])[O-] OCC(O)CO [Cl-] CC(=O)[O-] CCCCCCCCCCCCOCCOCCOCCOCCOCCOCCOCCOCCOCCO O=C(O)c1cc(=O)[nH]c(=O)[nH]1 Cc1cc2c(cc1C)N(C[C@H](O)[C@H](O)[C@H](O)COP(=O)(O)O)c1[nH]c(=O)[nH]c(=O)c1N2
4ZL1,5HQE,Q02127,DHODH,ACT SO4 ORO FMN 64B,CC(=O)[O-] O=S(=O)([O-])[O-] O=C(O)c1cc(=O)[nH]c(=O)[nH]1 Cc1cc2nc3c(=O)[nH]c(=O)nc-3n(C[C@H](O)[C@H](O)[C@H](O)COP(=O)(O)O)c2cc1C COC(=O)/C(C#N)=C1/SCC(=O)N1c1ccc(OC)cc1F
4ZL1,1D3G,Q02127,DHODH,SO4 ACT BRE FMN ORO DDQ,O=S(=O)([O-])[O-] CC(=O)[O-] Cc1c(-c2ccc(-c3ccccc3)cc2)nc2ccc(F)cc2c1C(=O)O Cc1cc2nc3c(=O)[nH]c(=O)nc-3n(C[C@H](O)[C@H](O)[C@H](O)COP(=O)(O)O)c2cc1C O=C(O)c1cc(=O)[nH]c(=O)[nH]1 CCCCCCCCCC[N+](C)(C)[O-]
4ZL1,5H2Z,Q02127,DHODH,FMN ORO SO4 ACT 7GF,Cc1cc2nc3c(=O)[nH]c(=O)nc-3n(C[C@H](O)[C@H](O)[C@H](O)COP(=O)(O)O)c2cc1C O=C(O)c1cc(=O)[nH]c(=O)[nH]1 O=S(=O)([O-])[O-] CC(=O)[O-] COC(=O)/C(CN)=C1/SCC(=O)N1c1ccc(Br)cc1
4ZL1,4JTS,Q02127,DHODH,FMN ORO SO4 ACT JTS,Cc1cc2nc3c(=O)[nH]c(=O)nc-3n(C[C@H](O)[C@H](O)[C@H](O)COP(=O)(O)O)c2cc1C O=C(O)c1cc(=O)[nH]c(=O)[nH]1 O=S(=O)([O-])[O-] CC(=O)[O-] Cc1ncsc1C(=O)Nc1ccc2ccccc2c1
4ZL1,5MUT,Q02127,DHODH,FMN ORO HYT ACT CL,Cc1cc2nc3c(=O)[nH]c(=O)nc-3n(C[C@H](O)[C@H](O)[C@H](O)COP(=O)(O)O)c2cc1C O=C(O)c1cc(=O)[nH]c(=O)[nH]1 Cn1nc(O)c(C(=O)Nc2c(F)c(F)c(-c3ccccc3)c(F)c2F)n1 CC(=O)[O-] [Cl-]
4ZL1,4JTT,Q02127,DHODH,ACT JTT SO4 ORO FMN,CC(=O)[O-] Cc1nc(C)c(C(=O)Nc2ccc3ccccc3c2)s1 O=S(=O)([O-])[O-] O=C(O)c1cc(=O)[nH]c(=O)[nH]1 Cc1cc2nc3c(=O)[nH]c(=O)nc-3n(C[C@H](O)[C@H](O)[C@H](O)COP(=O)(O)O)c2cc1C
4JTS,5H73,Q02127,DHODH,7L7 FMN ORO SO4 ACT,COC(=O)/C(C#N)=C1/SCC(=O)N1c1ccccc1F Cc1cc2nc3c(=O)[nH]c(=O)nc-3n(C[C@H](O)[C@H](O)[C@H](O)COP(=O)(O)O)c2cc1C O=C(O)c1cc(=O)[nH]c(=O)[nH]1 O=S(=O)([O-])[O-] CC(=O)[O-]
4JTS,4ZL1,Q02127,DHODH,SO4 18X FMN ORO,O=S(=O)([O-])[O-] COC(=O)/C(C#N)=C1/SCC(=O)N1c1ccc(-c2ccccc2)cc1F Cc1cc2nc3c(=O)[nH]c(=O)nc-3n(C[C@H](O)[C@H](O)[C@H](O)COP(=O)(O)O)c2cc1C O=C(O)c1cc(=O)[nH]c(=O)[nH]1
4JTS,5HQE,Q02127,DHODH,ACT SO4 ORO FMN 64B,CC(=O)[O-] O=S(=O)([O-])[O-] O=C(O)c1cc(=O)[nH]c(=O)[nH]1 Cc1cc2nc3c(=O)[nH]c(=O)nc-3n(C[C@H](O)[C@H](O)[C@H](O)COP(=O)(O)O)c2cc1C COC(=O)/C(C#N)=C1/SCC(=O)N1c1ccc(OC)cc1F
4JTS,1D3G,Q02127,DHODH,SO4 ACT BRE FMN ORO DDQ,O=S(=O)([O-])[O-] CC(=O)[O-] Cc1c(-c2ccc(-c3ccccc3)cc2)nc2ccc(F)cc2c1C(=O)O Cc1cc2nc3c(=O)[nH]c(=O)nc-3n(C[C@H](O)[C@H](O)[C@H](O)COP(=O)(O)O)c2cc1C O=C(O)c1cc(=O)[nH]c(=O)[nH]1 CCCCCCCCCC[N+](C)(C)[O-]
4JTS,5MVC,Q02127,DHODH,ORO ACT CL Y9B FMN,O=C(O)c1cc(=O)[nH]c(=O)[nH]1 CC(=O)[O-] [Cl-] O=C(Nc1c(F)c(F)c(-c2ccccc2)c(F)c1F)c1nsnc1O Cc1cc2nc3c(=O)[nH]c(=O)nc-3n(C[C@H](O)[C@H](O)[C@H](O)COP(=O)(O)O)c2cc1C
4JTS,5H2Z,Q02127,DHODH,FMN ORO SO4 ACT 7GF,Cc1cc2nc3c(=O)[nH]c(=O)nc-3n(C[C@H](O)[C@H](O)[C@H](O)COP(=O)(O)O)c2cc1C O=C(O)c1cc(=O)[nH]c(=O)[nH]1 O=S(=O)([O-])[O-] CC(=O)[O-] COC(=O)/C(CN)=C1/SCC(=O)N1c1ccc(Br)cc1
4JTS,4JTT,Q02127,DHODH,ACT JTT SO4 ORO FMN,CC(=O)[O-] Cc1nc(C)c(C(=O)Nc2ccc3ccccc3c2)s1 O=S(=O)([O-])[O-] O=C(O)c1cc(=O)[nH]c(=O)[nH]1 Cc1cc2nc3c(=O)[nH]c(=O)nc-3n(C[C@H](O)[C@H](O)[C@H](O)COP(=O)(O)O)c2cc1C
4JTS,4YLW,Q02127,DHODH,52Y FMN ORO SO4,COC(=O)/C(C#N)=C1/SCC(=O)N1c1ccc(-c2ccc(OC)cc2)cc1F Cc1cc2nc3c(=O)[nH]c(=O)nc-3n(C[C@H](O)[C@H](O)[C@H](O)COP(=O)(O)O)c2cc1C O=C(O)c1cc(=O)[nH]c(=O)[nH]1 O=S(=O)([O-])[O-]
5MUT,5H73,Q02127,DHODH,7L7 FMN ORO SO4 ACT,COC(=O)/C(C#N)=C1/SCC(=O)N1c1ccccc1F Cc1cc2nc3c(=O)[nH]c(=O)nc-3n(C[C@H](O)[C@H](O)[C@H](O)COP(=O)(O)O)c2cc1C O=C(O)c1cc(=O)[nH]c(=O)[nH]1 O=S(=O)([O-])[O-] CC(=O)[O-]
5MUT,4ZL1,Q02127,DHODH,SO4 18X FMN ORO,O=S(=O)([O-])[O-] COC(=O)/C(C#N)=C1/SCC(=O)N1c1ccc(-c2ccccc2)cc1F Cc1cc2nc3c(=O)[nH]c(=O)nc-3n(C[C@H](O)[C@H](O)[C@H](O)COP(=O)(O)O)c2cc1C O=C(O)c1cc(=O)[nH]c(=O)[nH]1
5MUT,5HQE,Q02127,DHODH,ACT SO4 ORO FMN 64B,CC(=O)[O-] O=S(=O)([O-])[O-] O=C(O)c1cc(=O)[nH]c(=O)[nH]1 Cc1cc2nc3c(=O)[nH]c(=O)nc-3n(C[C@H](O)[C@H](O)[C@H](O)COP(=O)(O)O)c2cc1C COC(=O)/C(C#N)=C1/SCC(=O)N1c1ccc(OC)cc1F
5MUT,1D3G,Q02127,DHODH,SO4 ACT BRE FMN ORO DDQ,O=S(=O)([O-])[O-] CC(=O)[O-] Cc1c(-c2ccc(-c3ccccc3)cc2)nc2ccc(F)cc2c1C(=O)O Cc1cc2nc3c(=O)[nH]c(=O)nc-3n(C[C@H](O)[C@H](O)[C@H](O)COP(=O)(O)O)c2cc1C O=C(O)c1cc(=O)[nH]c(=O)[nH]1 CCCCCCCCCC[N+](C)(C)[O-]
5MUT,5MVC,Q02127,DHODH,ORO ACT CL Y9B FMN,O=C(O)c1cc(=O)[nH]c(=O)[nH]1 CC(=O)[O-] [Cl-] O=C(Nc1c(F)c(F)c(-c2ccccc2)c(F)c1F)c1nsnc1O Cc1cc2nc3c(=O)[nH]c(=O)nc-3n(C[C@H](O)[C@H](O)[C@H](O)COP(=O)(O)O)c2cc1C
5MUT,5H2Z,Q02127,DHODH,FMN ORO SO4 ACT 7GF,Cc1cc2nc3c(=O)[nH]c(=O)nc-3n(C[C@H](O)[C@H](O)[C@H](O)COP(=O)(O)O)c2cc1C O=C(O)c1cc(=O)[nH]c(=O)[nH]1 O=S(=O)([O-])[O-] CC(=O)[O-] COC(=O)/C(CN)=C1/SCC(=O)N1c1ccc(Br)cc1
5MUT,4JTS,Q02127,DHODH,FMN ORO SO4 ACT JTS,Cc1cc2nc3c(=O)[nH]c(=O)nc-3n(C[C@H](O)[C@H](O)[C@H](O)COP(=O)(O)O)c2cc1C O=C(O)c1cc(=O)[nH]c(=O)[nH]1 O=S(=O)([O-])[O-] CC(=O)[O-] Cc1ncsc1C(=O)Nc1ccc2ccccc2c1
5MUT,4JTT,Q02127,DHODH,ACT JTT SO4 ORO FMN,CC(=O)[O-] Cc1nc(C)c(C(=O)Nc2ccc3ccccc3c2)s1 O=S(=O)([O-])[O-] O=C(O)c1cc(=O)[nH]c(=O)[nH]1 Cc1cc2nc3c(=O)[nH]c(=O)nc-3n(C[C@H](O)[C@H](O)[C@H](O)COP(=O)(O)O)c2cc1C
5MUT,4YLW,Q02127,DHODH,52Y FMN ORO SO4,COC(=O)/C(C#N)=C1/SCC(=O)N1c1ccc(-c2ccc(OC)cc2)cc1F Cc1cc2nc3c(=O)[nH]c(=O)nc-3n(C[C@H](O)[C@H](O)[C@H](O)COP(=O)(O)O)c2cc1C O=C(O)c1cc(=O)[nH]c(=O)[nH]1 O=S(=O)([O-])[O-]
4YLW,5K9D,Q02127,DHODH,SO4 GOL CL ACT CE9 ORO FNR,O=S(=O)([O-])[O-] OCC(O)CO [Cl-] CC(=O)[O-] CCCCCCCCCCCCOCCOCCOCCOCCOCCOCCOCCOCCOCCO O=C(O)c1cc(=O)[nH]c(=O)[nH]1 Cc1cc2c(cc1C)N(C[C@H](O)[C@H](O)[C@H](O)COP(=O)(O)O)c1[nH]c(=O)[nH]c(=O)c1N2
4YLW,5H73,Q02127,DHODH,7L7 FMN ORO SO4 ACT,COC(=O)/C(C#N)=C1/SCC(=O)N1c1ccccc1F Cc1cc2nc3c(=O)[nH]c(=O)nc-3n(C[C@H](O)[C@H](O)[C@H](O)COP(=O)(O)O)c2cc1C O=C(O)c1cc(=O)[nH]c(=O)[nH]1 O=S(=O)([O-])[O-] CC(=O)[O-]
4YLW,4ZL1,Q02127,DHODH,SO4 18X FMN ORO,O=S(=O)([O-])[O-] COC(=O)/C(C#N)=C1/SCC(=O)N1c1ccc(-c2ccccc2)cc1F Cc1cc2nc3c(=O)[nH]c(=O)nc-3n(C[C@H](O)[C@H](O)[C@H](O)COP(=O)(O)O)c2cc1C O=C(O)c1cc(=O)[nH]c(=O)[nH]1
4YLW,5HQE,Q02127,DHODH,ACT SO4 ORO FMN 64B,CC(=O)[O-] O=S(=O)([O-])[O-] O=C(O)c1cc(=O)[nH]c(=O)[nH]1 Cc1cc2nc3c(=O)[nH]c(=O)nc-3n(C[C@H](O)[C@H](O)[C@H](O)COP(=O)(O)O)c2cc1C COC(=O)/C(C#N)=C1/SCC(=O)N1c1ccc(OC)cc1F
4YLW,1D3G,Q02127,DHODH,SO4 ACT BRE FMN ORO DDQ,O=S(=O)([O-])[O-] CC(=O)[O-] Cc1c(-c2ccc(-c3ccccc3)cc2)nc2ccc(F)cc2c1C(=O)O Cc1cc2nc3c(=O)[nH]c(=O)nc-3n(C[C@H](O)[C@H](O)[C@H](O)COP(=O)(O)O)c2cc1C O=C(O)c1cc(=O)[nH]c(=O)[nH]1 CCCCCCCCCC[N+](C)(C)[O-]
4YLW,5MVC,Q02127,DHODH,ORO ACT CL Y9B FMN,O=C(O)c1cc(=O)[nH]c(=O)[nH]1 CC(=O)[O-] [Cl-] O=C(Nc1c(F)c(F)c(-c2ccccc2)c(F)c1F)c1nsnc1O Cc1cc2nc3c(=O)[nH]c(=O)nc-3n(C[C@H](O)[C@H](O)[C@H](O)COP(=O)(O)O)c2cc1C
4YLW,5H2Z,Q02127,DHODH,FMN ORO SO4 ACT 7GF,Cc1cc2nc3c(=O)[nH]c(=O)nc-3n(C[C@H](O)[C@H](O)[C@H](O)COP(=O)(O)O)c2cc1C O=C(O)c1cc(=O)[nH]c(=O)[nH]1 O=S(=O)([O-])[O-] CC(=O)[O-] COC(=O)/C(CN)=C1/SCC(=O)N1c1ccc(Br)cc1
4YLW,4JTS,Q02127,DHODH,FMN ORO SO4 ACT JTS,Cc1cc2nc3c(=O)[nH]c(=O)nc-3n(C[C@H](O)[C@H](O)[C@H](O)COP(=O)(O)O)c2cc1C O=C(O)c1cc(=O)[nH]c(=O)[nH]1 O=S(=O)([O-])[O-] CC(=O)[O-] Cc1ncsc1C(=O)Nc1ccc2ccccc2c1
4YLW,5MUT,Q02127,DHODH,FMN ORO HYT ACT CL,Cc1cc2nc3c(=O)[nH]c(=O)nc-3n(C[C@H](O)[C@H](O)[C@H](O)COP(=O)(O)O)c2cc1C O=C(O)c1cc(=O)[nH]c(=O)[nH]1 Cn1nc(O)c(C(=O)Nc2c(F)c(F)c(-c3ccccc3)c(F)c2F)n1 CC(=O)[O-] [Cl-]
5H2Z,5K9D,Q02127,DHODH,SO4 GOL CL ACT CE9 ORO FNR,O=S(=O)([O-])[O-] OCC(O)CO [Cl-] CC(=O)[O-] CCCCCCCCCCCCOCCOCCOCCOCCOCCOCCOCCOCCOCCO O=C(O)c1cc(=O)[nH]c(=O)[nH]1 Cc1cc2c(cc1C)N(C[C@H](O)[C@H](O)[C@H](O)COP(=O)(O)O)c1[nH]c(=O)[nH]c(=O)c1N2
5H2Z,5H73,Q02127,DHODH,7L7 FMN ORO SO4 ACT,COC(=O)/C(C#N)=C1/SCC(=O)N1c1ccccc1F Cc1cc2nc3c(=O)[nH]c(=O)nc-3n(C[C@H](O)[C@H](O)[C@H](O)COP(=O)(O)O)c2cc1C O=C(O)c1cc(=O)[nH]c(=O)[nH]1 O=S(=O)([O-])[O-] CC(=O)[O-]
5H2Z,4ZL1,Q02127,DHODH,SO4 18X FMN ORO,O=S(=O)([O-])[O-] COC(=O)/C(C#N)=C1/SCC(=O)N1c1ccc(-c2ccccc2)cc1F Cc1cc2nc3c(=O)[nH]c(=O)nc-3n(C[C@H](O)[C@H](O)[C@H](O)COP(=O)(O)O)c2cc1C O=C(O)c1cc(=O)[nH]c(=O)[nH]1
5H2Z,5HQE,Q02127,DHODH,ACT SO4 ORO FMN 64B,CC(=O)[O-] O=S(=O)([O-])[O-] O=C(O)c1cc(=O)[nH]c(=O)[nH]1 Cc1cc2nc3c(=O)[nH]c(=O)nc-3n(C[C@H](O)[C@H](O)[C@H](O)COP(=O)(O)O)c2cc1C COC(=O)/C(C#N)=C1/SCC(=O)N1c1ccc(OC)cc1F
5H2Z,1D3G,Q02127,DHODH,SO4 ACT BRE FMN ORO DDQ,O=S(=O)([O-])[O-] CC(=O)[O-] Cc1c(-c2ccc(-c3ccccc3)cc2)nc2ccc(F)cc2c1C(=O)O Cc1cc2nc3c(=O)[nH]c(=O)nc-3n(C[C@H](O)[C@H](O)[C@H](O)COP(=O)(O)O)c2cc1C O=C(O)c1cc(=O)[nH]c(=O)[nH]1 CCCCCCCCCC[N+](C)(C)[O-]
5H2Z,5MVC,Q02127,DHODH,ORO ACT CL Y9B FMN,O=C(O)c1cc(=O)[nH]c(=O)[nH]1 CC(=O)[O-] [Cl-] O=C(Nc1c(F)c(F)c(-c2ccccc2)c(F)c1F)c1nsnc1O Cc1cc2nc3c(=O)[nH]c(=O)nc-3n(C[C@H](O)[C@H](O)[C@H](O)COP(=O)(O)O)c2cc1C
5H2Z,4JTS,Q02127,DHODH,FMN ORO SO4 ACT JTS,Cc1cc2nc3c(=O)[nH]c(=O)nc-3n(C[C@H](O)[C@H](O)[C@H](O)COP(=O)(O)O)c2cc1C O=C(O)c1cc(=O)[nH]c(=O)[nH]1 O=S(=O)([O-])[O-] CC(=O)[O-] Cc1ncsc1C(=O)Nc1ccc2ccccc2c1
5H2Z,5MUT,Q02127,DHODH,FMN ORO HYT ACT CL,Cc1cc2nc3c(=O)[nH]c(=O)nc-3n(C[C@H](O)[C@H](O)[C@H](O)COP(=O)(O)O)c2cc1C O=C(O)c1cc(=O)[nH]c(=O)[nH]1 Cn1nc(O)c(C(=O)Nc2c(F)c(F)c(-c3ccccc3)c(F)c2F)n1 CC(=O)[O-] [Cl-]
5H2Z,4JTT,Q02127,DHODH,ACT JTT SO4 ORO FMN,CC(=O)[O-] Cc1nc(C)c(C(=O)Nc2ccc3ccccc3c2)s1 O=S(=O)([O-])[O-] O=C(O)c1cc(=O)[nH]c(=O)[nH]1 Cc1cc2nc3c(=O)[nH]c(=O)nc-3n(C[C@H](O)[C@H](O)[C@H](O)COP(=O)(O)O)c2cc1C
5H2Z,4YLW,Q02127,DHODH,52Y FMN ORO SO4,COC(=O)/C(C#N)=C1/SCC(=O)N1c1ccc(-c2ccc(OC)cc2)cc1F Cc1cc2nc3c(=O)[nH]c(=O)nc-3n(C[C@H](O)[C@H](O)[C@H](O)COP(=O)(O)O)c2cc1C O=C(O)c1cc(=O)[nH]c(=O)[nH]1 O=S(=O)([O-])[O-]
2V12,4XX3,P00797,REN,NAG 70X,CC(=O)N[C@@H]1[C@@H](O)[C@H](O)[C@@H](CO)O[C@H]1O CC(C)[C@]1(C)CC(=O)N(Cc2cccc(C(=O)NCc3ccccc3)c2)C(=N)N1
2V12,3OOT,P00797,REN,NAG SSR,CC(=O)N[C@@H]1[C@@H](O)[C@H](O)[C@@H](CO)O[C@H]1O Cc1c(F)cccc1Cc1c(C(=O)N2CCNCC2)c2c(C)c(O)ccc2n1-c1ccccc1
2V12,4GJ7,P00797,REN,NAG 0LT SO4,CC(=O)N[C@@H]1[C@@H](O)[C@H](O)[C@@H](CO)O[C@H]1O COCCCOc1cc(C(=O)N(C[C@@H]2CNC[C@H]2Cc2ccccc2)C(C)C)ccc1OC O=S(=O)([O-])[O-]
2V12,2G1N,P00797,REN,NAG 1IG,CC(=O)N[C@@H]1[C@@H](O)[C@H](O)[C@@H](CO)O[C@H]1O CCc1nc(N)nc(N)c1-c1ccc2c(c1)N(CCNC(C)=O)C(=O)C(C)(C)S2
2V12,2G27,P00797,REN,4LG,COC(=O)Cn1ccc2ccc(OC[C@H]3CNCC(=O)N3c3ccc(OCCCOCc4ccccc4OC)cc3)cc21
2V12,3VSX,P00797,REN,R32 NAG,CC(C)[C@H](C[C@H](O)[C@@H](N)CN1CC(=O)N(c2ccccc2Cl)CC1(C)C)C(=O)NCC(C)(C)C(N)=O CC(=O)N[C@@H]1[C@@H](O)[C@H](O)[C@@H](CO)O[C@H]1O
2V0Z,5VPM,P00797,REN,SO4 9G7 NAG,O=S(=O)([O-])[O-] CCc1cccc(-c2c(F)cccc2[C@](O)(CCCNC(=O)OC)[C@@H]2CCCN(C(=O)CC3CCNCC3)C2)c1 CC(=O)N[C@@H]1[C@@H](O)[C@H](O)[C@@H](CO)O[C@H]1O
2V0Z,4GJD,P00797,REN,NAG 0N0 SO4,CC(=O)N[C@@H]1[C@@H](O)[C@H](O)[C@@H](CO)O[C@H]1O COCCCCC1(CNC(=O)[C@@H]2CNC[C@H](NS(=O)(=O)c3ccc(C)cc3)C2)c2ccccc2Oc2ccccc21 O=S(=O)([O-])[O-]
2V0Z,4GJ9,P00797,REN,NAG 0M2,CC(=O)N[C@@H]1[C@@H](O)[C@H](O)[C@@H](CO)O[C@H]1O C[C@@H](O)CN1CC2=C(C1)c1ccccc1Nc1ccccc12
2V0Z,3OQF,P00797,REN,NAG S51,CC(=O)N[C@@H]1[C@@H](O)[C@H](O)[C@@H](CO)O[C@H]1O O=C(c1c(Cc2ccccc2)n(-c2ccccc2)c2ccccc12)N1CCNCC1
2V0Z,3VSX,P00797,REN,R32 NAG,CC(C)[C@H](C[C@H](O)[C@@H](N)CN1CC(=O)N(c2ccccc2Cl)CC1(C)C)C(=O)NCC(C)(C)C(N)=O CC(=O)N[C@@H]1[C@@H](O)[C@H](O)[C@@H](CO)O[C@H]1O
3VYD,3OQF,P00797,REN,NAG S51,CC(=O)N[C@@H]1[C@@H](O)[C@H](O)[C@@H](CO)O[C@H]1O O=C(c1c(Cc2ccccc2)n(-c2ccccc2)c2ccccc12)N1CCNCC1
3VYF,2G21,P00797,REN,L1B,CCc1nc(N)nc(N)c1-c1ccc2ccc[n+](CCCOC)c2c1
3VYF,2V12,P00797,REN,C39,CCCCNC(=O)[C@H](C)C[C@H](O)[C@@H](N)C[C@H](CNC(=O)c1ccccc1OCCCOC)C(C)C
4RZ1,1HRN,P00797,REN,NAG 03D,CC(=O)N[C@@H]1[C@@H](O)[C@H](O)[C@@H](CO)O[C@H]1O CC(C)C[C@H](O)[C@H](O)[C@H](CC1CCCCC1)NC(=O)[C@H](CC1CC1)C[C@H](O)[C@@H](O)Cc1ccccc1
5KOQ,1HRN,P00797,REN,NAG 03D,CC(=O)N[C@@H]1[C@@H](O)[C@H](O)[C@@H](CO)O[C@H]1O CC(C)C[C@H](O)[C@H](O)[C@H](CC1CCCCC1)NC(=O)[C@H](CC1CC1)C[C@H](O)[C@@H](O)Cc1ccccc1
5KOQ,3VSW,P00797,REN,R31 NAG,COCCCOc1ccccc1N1CCN(C[C@H](N)[C@@H](O)C[C@H](C(=O)NCC(C)(C)C(N)=O)C(C)C)CC1=O CC(=O)N[C@@H]1[C@@H](O)[C@H](O)[C@@H](CO)O[C@H]1O
2V10,5SZ9,P00797,REN,NAG 74Y PEG PGE,CC(=O)N[C@@H]1[C@@H](O)[C@H](O)[C@@H](CO)O[C@H]1O Cc1ccc(C(=O)N2CCCCCC2)c(NCc2ccco2)n1 OCCOCCO OCCOCCOCCO
2V10,4GJ7,P00797,REN,NAG 0LT SO4,CC(=O)N[C@@H]1[C@@H](O)[C@H](O)[C@@H](CO)O[C@H]1O COCCCOc1cc(C(=O)N(C[C@@H]2CNC[C@H]2Cc2ccccc2)C(C)C)ccc1OC O=S(=O)([O-])[O-]
2V10,1HRN,P00797,REN,NAG 03D,CC(=O)N[C@@H]1[C@@H](O)[C@H](O)[C@@H](CO)O[C@H]1O CC(C)C[C@H](O)[C@H](O)[C@H](CC1CCCCC1)NC(=O)[C@H](CC1CC1)C[C@H](O)[C@@H](O)Cc1ccccc1
3OOT,2V12,P00797,REN,C39,CCCCNC(=O)[C@H](C)C[C@H](O)[C@@H](N)C[C@H](CNC(=O)c1ccccc1OCCCOC)C(C)C
3VUC,5SZ9,P00797,REN,NAG 74Y PEG PGE,CC(=O)N[C@@H]1[C@@H](O)[C@H](O)[C@@H](CO)O[C@H]1O Cc1ccc(C(=O)N2CCCCCC2)c(NCc2ccco2)n1 OCCOCCO OCCOCCOCCO
3VUC,2G1N,P00797,REN,NAG 1IG,CC(=O)N[C@@H]1[C@@H](O)[C@H](O)[C@@H](CO)O[C@H]1O CCc1nc(N)nc(N)c1-c1ccc2c(c1)N(CCNC(C)=O)C(=O)C(C)(C)S2
3VUC,2G27,P00797,REN,4LG,COC(=O)Cn1ccc2ccc(OC[C@H]3CNCC(=O)N3c3ccc(OCCCOCc4ccccc4OC)cc3)cc21
5SY2,2G21,P00797,REN,L1B,CCc1nc(N)nc(N)c1-c1ccc2ccc[n+](CCCOC)c2c1
5SY2,5KOQ,P00797,REN,PEG 6VR NAG,OCCOCCO CC(C)CN(C(=O)c1cnc(C(C)(C)C)nc1NCc1ccco1)[C@H]1CCCNC1 CC(=O)N[C@@H]1[C@@H](O)[C@H](O)[C@@H](CO)O[C@H]1O
5SY2,3Q3T,P00797,REN,RX0 GOL NAG,COCCCC[C@@](O)(c1ccccc1-c1ccccc1)[C@@H]1CCCN(C(=O)[C@H]2C[C@@H](N)[C@@H](O)C2)C1 OCC(O)CO CC(=O)N[C@@H]1[C@@H](O)[C@H](O)[C@@H](CO)O[C@H]1O
5TMK,2V10,P00797,REN,C61,CCCCNC(=O)[C@H](C)C[C@H](O)[C@@H](N)C[C@H](Cc1ccc(OC)c(OCCCOC)c1)C(C)C
5TMK,2V12,P00797,REN,C39,CCCCNC(=O)[C@H](C)C[C@H](O)[C@@H](N)C[C@H](CNC(=O)c1ccccc1OCCCOC)C(C)C
5TMK,2V0Z,P00797,REN,NAG C41,CC(=O)N[C@@H]1[C@@H](O)[C@H](O)[C@@H](CO)O[C@H]1O COCCCOc1cc(C[C@@H](C[C@H](N)[C@@H](O)C[C@H](C(=O)NCC(C)(C)C(N)=O)C(C)C)C(C)C)ccc1OC
5VPM,5KOS,P00797,REN,PEG DMS 6VS NAG,OCCOCCO CS(C)=O COCCCNc1nc(C(C)(C)C)ncc1C(=O)N(CC(C)C)[C@@H]1CNC[C@H](C(=O)N2CCOCC2)C1 CC(=O)N[C@@H]1[C@@H](O)[C@H](O)[C@@H](CO)O[C@H]1O
5VPM,5KOQ,P00797,REN,PEG 6VR NAG,OCCOCCO CC(C)CN(C(=O)c1cnc(C(C)(C)C)nc1NCc1ccco1)[C@H]1CCCNC1 CC(=O)N[C@@H]1[C@@H](O)[C@H](O)[C@@H](CO)O[C@H]1O
5VPM,2G1O,P00797,REN,NAG 2IG,CC(=O)N[C@@H]1[C@@H](O)[C@H](O)[C@@H](CO)O[C@H]1O CCc1nc(N)nc(N)c1-c1ccc2c3ccccc3n(CCCOC)c2c1
5VPM,1RNE,P00797,REN,NAG C60,CC(=O)N[C@@H]1[C@@H](O)[C@H](O)[C@@H](CO)O[C@H]1O CCCCNC(=O)[C@@H](C[C@H](O)[C@H](CC1CCCCC1)NC(=O)[C@H](Cc1cnc[nH]1)NC(=O)[C@H](Cc1ccccc1)CS(=O)(=O)C(C)(C)C)C(C)C
5SZ9,4GJ9,P00797,REN,NAG 0M2,CC(=O)N[C@@H]1[C@@H](O)[C@H](O)[C@@H](CO)O[C@H]1O C[C@@H](O)CN1CC2=C(C1)c1ccccc1Nc1ccccc12
5SZ9,2G1S,P00797,REN,NAG 4IG,CC(=O)N[C@@H]1[C@@H](O)[C@H](O)[C@@H](CO)O[C@H]1O CCc1nc(N)nc(N)c1-c1ccc2c(c1)N(CCCOC)C(=O)[C@H](c1cc(F)cc(F)c1)O2
4RYG,3VYF,P00797,REN,VYF NAG,CC(C)CC(CC(C)C)NC(=O)[C@@H]1CNC[C@H](N2CC(=O)N(c3ccccc3Cl)CC2(C)C)C1 CC(=O)N[C@@H]1[C@@H](O)[C@H](O)[C@@H](CO)O[C@H]1O
5KOS,4S1G,P00797,REN,NAG 43T,CC(=O)N[C@@H]1[C@@H](O)[C@H](O)[C@@H](CO)O[C@H]1O CC(C)[C@]1(C)CC(=O)N(Cc2cc(F)cc(C(=O)N[C@@H](C)c3ccccc3)c2)C(N)=N1
5KOS,5SZ9,P00797,REN,NAG 74Y PEG PGE,CC(=O)N[C@@H]1[C@@H](O)[C@H](O)[C@@H](CO)O[C@H]1O Cc1ccc(C(=O)N2CCCCCC2)c(NCc2ccco2)n1 OCCOCCO OCCOCCOCCO
5KOS,2V12,P00797,REN,C39,CCCCNC(=O)[C@H](C)C[C@H](O)[C@@H](N)C[C@H](CNC(=O)c1ccccc1OCCCOC)C(C)C
5KOS,2V0Z,P00797,REN,NAG C41,CC(=O)N[C@@H]1[C@@H](O)[C@H](O)[C@@H](CO)O[C@H]1O COCCCOc1cc(C[C@@H](C[C@H](N)[C@@H](O)C[C@H](C(=O)NCC(C)(C)C(N)=O)C(C)C)C(C)C)ccc1OC
5KOS,1RNE,P00797,REN,NAG C60,CC(=O)N[C@@H]1[C@@H](O)[C@H](O)[C@@H](CO)O[C@H]1O CCCCNC(=O)[C@@H](C[C@H](O)[C@H](CC1CCCCC1)NC(=O)[C@H](Cc1cnc[nH]1)NC(=O)[C@H](Cc1ccccc1)CS(=O)(=O)C(C)(C)C)C(C)C
3Q3T,5SZ9,P00797,REN,NAG 74Y PEG PGE,CC(=O)N[C@@H]1[C@@H](O)[C@H](O)[C@@H](CO)O[C@H]1O Cc1ccc(C(=O)N2CCCCCC2)c(NCc2ccco2)n1 OCCOCCO OCCOCCOCCO
3Q3T,2G21,P00797,REN,L1B,CCc1nc(N)nc(N)c1-c1ccc2ccc[n+](CCCOC)c2c1
3G6Z,2V13,P00797,REN,C40,CCCCNC(=O)[C@H](C)C[C@H](O)[C@@H](N)C[C@@H](C)CNC(=O)c1ccccc1OCCCOC
3G6Z,2V0Z,P00797,REN,NAG C41,CC(=O)N[C@@H]1[C@@H](O)[C@H](O)[C@@H](CO)O[C@H]1O COCCCOc1cc(C[C@@H](C[C@H](N)[C@@H](O)C[C@H](C(=O)NCC(C)(C)C(N)=O)C(C)C)C(C)C)ccc1OC
2G1N,4RYC,P00797,REN,NAG 3ZK SO4 DMS,CC(=O)N[C@@H]1[C@@H](O)[C@H](O)[C@@H](CO)O[C@H]1O COCCCOc1cc(C(=O)N(C[C@@H]2CNC[C@H]2NS(=O)(=O)c2ccc(C)cc2)C(C)C)ccc1OC O=S(=O)([O-])[O-] CS(C)=O
2G1N,4S1G,P00797,REN,NAG 43T,CC(=O)N[C@@H]1[C@@H](O)[C@H](O)[C@@H](CO)O[C@H]1O CC(C)[C@]1(C)CC(=O)N(Cc2cc(F)cc(C(=O)N[C@@H](C)c3ccccc3)c2)C(N)=N1
3Q5H,2V13,P00797,REN,C40,CCCCNC(=O)[C@H](C)C[C@H](O)[C@@H](N)C[C@@H](C)CNC(=O)c1ccccc1OCCCOC
2IKO,5SZ9,P00797,REN,NAG 74Y PEG PGE,CC(=O)N[C@@H]1[C@@H](O)[C@H](O)[C@@H](CO)O[C@H]1O Cc1ccc(C(=O)N2CCCCCC2)c(NCc2ccco2)n1 OCCOCCO OCCOCCOCCO
2G22,2BKT,P00797,REN,RPF,COc1ccccc1COCCCOc1ccc(N2C(=O)CNC[C@H]2COc2ccc3c(c2)NCCC3)cc1
1RNE,3GW5,P00797,REN,72X GOL CL NAG,CNC[C@H](CC1CCCCC1)NC(=O)N1CCC[C@@H]([C@@](O)(CCCCOC)c2cccc(Cl)c2)C1 OCC(O)CO [Cl-] CC(=O)N[C@@H]1[C@@H](O)[C@H](O)[C@@H](CO)O[C@H]1O
1RNE,2V12,P00797,REN,C39,CCCCNC(=O)[C@H](C)C[C@H](O)[C@@H](N)C[C@H](CNC(=O)c1ccccc1OCCCOC)C(C)C
3VSX,4S1G,P00797,REN,NAG 43T,CC(=O)N[C@@H]1[C@@H](O)[C@H](O)[C@@H](CO)O[C@H]1O CC(C)[C@]1(C)CC(=O)N(Cc2cc(F)cc(C(=O)N[C@@H](C)c3ccccc3)c2)C(N)=N1
2G20,5VPM,P00797,REN,SO4 9G7 NAG,O=S(=O)([O-])[O-] CCc1cccc(-c2c(F)cccc2[C@](O)(CCCNC(=O)OC)[C@@H]2CCCN(C(=O)CC3CCNCC3)C2)c1 CC(=O)N[C@@H]1[C@@H](O)[C@H](O)[C@@H](CO)O[C@H]1O
2G24,2G1R,P00797,REN,NAG 3IG,CC(=O)N[C@@H]1[C@@H](O)[C@H](O)[C@@H](CO)O[C@H]1O CCc1nc(N)nc(N)c1-c1ccc2c(c1)N(CCNC(C)=O)C(=O)C(C)(C)O2
2G24,2G1S,P00797,REN,NAG 4IG,CC(=O)N[C@@H]1[C@@H](O)[C@H](O)[C@@H](CO)O[C@H]1O CCc1nc(N)nc(N)c1-c1ccc2c(c1)N(CCCOC)C(=O)[C@H](c1cc(F)cc(F)c1)O2
2BKT,2V12,P00797,REN,C39,CCCCNC(=O)[C@H](C)C[C@H](O)[C@@H](N)C[C@H](CNC(=O)c1ccccc1OCCCOC)C(C)C
2BKT,3Q4B,P00797,REN,NAG CL RX5,CC(=O)N[C@@H]1[C@@H](O)[C@H](O)[C@@H](CO)O[C@H]1O [Cl-] CN[C@H](CNC(=O)N1CCC[C@@H]([C@@H](OCCNC(=O)OC)c2cccc(Cl)c2)C1)C[C@H]1CCCOC1
4XX4,2BKT,P00797,REN,RPF,COc1ccccc1COCCCOc1ccc(N2C(=O)CNC[C@H]2COc2ccc3c(c2)NCCC3)cc1
4XX4,2IKU,P00797,REN,LIY,CCc1nc(N)nc(N)c1-c1ccc2c(c1)N(CCCOC)[C@H](c1ccccc1)CC2
4XX4,4GJD,P00797,REN,NAG 0N0 SO4,CC(=O)N[C@@H]1[C@@H](O)[C@H](O)[C@@H](CO)O[C@H]1O COCCCCC1(CNC(=O)[C@@H]2CNC[C@H](NS(=O)(=O)c3ccc(C)cc3)C2)c2ccccc2Oc2ccccc21 O=S(=O)([O-])[O-]
4XX4,2V11,P00797,REN,C80,CCCCNC(=O)[C@H](C)C[C@@H](O)[C@@H](N)C[C@H](C)COC(=O)c1cn(Cc2ccccc2)c2ccccc12
2G1O,4XX4,P00797,REN,70Y NAG,CC(C)[C@]1(C)CC(=O)N(Cc2cccc(N3C[C@@H](c4ccccc4)CC3=O)c2)C(=N)N1 CC(=O)N[C@@H]1[C@@H](O)[C@H](O)[C@@H](CO)O[C@H]1O
3GW5,2G1O,P00797,REN,NAG 2IG,CC(=O)N[C@@H]1[C@@H](O)[C@H](O)[C@@H](CO)O[C@H]1O CCc1nc(N)nc(N)c1-c1ccc2c3ccccc3n(CCCOC)c2c1
3GW5,2G27,P00797,REN,4LG,COC(=O)Cn1ccc2ccc(OC[C@H]3CNCC(=O)N3c3ccc(OCCCOCc4ccccc4OC)cc3)cc21
3VSW,2V10,P00797,REN,C61,CCCCNC(=O)[C@H](C)C[C@H](O)[C@@H](N)C[C@H](Cc1ccc(OC)c(OCCCOC)c1)C(C)C
4GJ5,4RZ1,P00797,REN,NAG 3ZN SO4 DMS,CC(=O)N[C@@H]1[C@@H](O)[C@H](O)[C@@H](CO)O[C@H]1O COCCCOc1cc(C(=O)N(C[C@@H]2CNC[C@H]2OC(=O)NCc2ccccc2)C(C)C)ccc1OC O=S(=O)([O-])[O-] CS(C)=O
4GJ5,2G1O,P00797,REN,NAG 2IG,CC(=O)N[C@@H]1[C@@H](O)[C@H](O)[C@@H](CO)O[C@H]1O CCc1nc(N)nc(N)c1-c1ccc2c3ccccc3n(CCCOC)c2c1
2G21,4XX3,P00797,REN,NAG 70X,CC(=O)N[C@@H]1[C@@H](O)[C@H](O)[C@@H](CO)O[C@H]1O CC(C)[C@]1(C)CC(=O)N(Cc2cccc(C(=O)NCc3ccccc3)c2)C(=N)N1
2G21,2IKO,P00797,REN,7IG,CCc1nc(N)nc(N)c1-c1ccc(NCc2cc(F)cc(F)c2)cc1
2G27,3VYF,P00797,REN,VYF NAG,CC(C)CC(CC(C)C)NC(=O)[C@@H]1CNC[C@H](N2CC(=O)N(c3ccccc3Cl)CC2(C)C)C1 CC(=O)N[C@@H]1[C@@H](O)[C@H](O)[C@@H](CO)O[C@H]1O
2G1S,4XX4,P00797,REN,70Y NAG,CC(C)[C@]1(C)CC(=O)N(Cc2cccc(N3C[C@@H](c4ccccc4)CC3=O)c2)C(=N)N1 CC(=O)N[C@@H]1[C@@H](O)[C@H](O)[C@@H](CO)O[C@H]1O
2G1S,2G27,P00797,REN,4LG,COC(=O)Cn1ccc2ccc(OC[C@H]3CNCC(=O)N3c3ccc(OCCCOCc4ccccc4OC)cc3)cc21
3Q4B,4S1G,P00797,REN,NAG 43T,CC(=O)N[C@@H]1[C@@H](O)[C@H](O)[C@@H](CO)O[C@H]1O CC(C)[C@]1(C)CC(=O)N(Cc2cc(F)cc(C(=O)N[C@@H](C)c3ccccc3)c2)C(N)=N1
2I4Q,5VPM,P00797,REN,SO4 9G7 NAG,O=S(=O)([O-])[O-] CCc1cccc(-c2c(F)cccc2[C@](O)(CCCNC(=O)OC)[C@@H]2CCCN(C(=O)CC3CCNCC3)C2)c1 CC(=O)N[C@@H]1[C@@H](O)[C@H](O)[C@@H](CO)O[C@H]1O
4RYC,4RYG,P00797,REN,NAG 3ZJ SO4 DMS,CC(=O)N[C@@H]1[C@@H](O)[C@H](O)[C@@H](CO)O[C@H]1O COCCCOc1cc(C(=O)N(C[C@@H]2CNC[C@H]2NS(=O)(=O)Cc2ccccc2)C(C)C)ccc1OC O=S(=O)([O-])[O-] CS(C)=O
4RYC,4S1G,P00797,REN,NAG 43T,CC(=O)N[C@@H]1[C@@H](O)[C@H](O)[C@@H](CO)O[C@H]1O CC(C)[C@]1(C)CC(=O)N(Cc2cc(F)cc(C(=O)N[C@@H](C)c3ccccc3)c2)C(N)=N1
4RYC,2I4Q,P00797,REN,UA4,CCc1nc(N)nc(N)c1-c1ccc2c(c1)N(CCCOC)C(=O)[C@](C)(c1cc(F)cc(F)c1)O2
4GJ9,1HRN,P00797,REN,NAG 03D,CC(=O)N[C@@H]1[C@@H](O)[C@H](O)[C@@H](CO)O[C@H]1O CC(C)C[C@H](O)[C@H](O)[C@H](CC1CCCCC1)NC(=O)[C@H](CC1CC1)C[C@H](O)[C@@H](O)Cc1ccccc1
4GJ9,2I4Q,P00797,REN,UA4,CCc1nc(N)nc(N)c1-c1ccc2c(c1)N(CCCOC)C(=O)[C@](C)(c1cc(F)cc(F)c1)O2
4GJ9,2G27,P00797,REN,4LG,COC(=O)Cn1ccc2ccc(OC[C@H]3CNCC(=O)N3c3ccc(OCCCOCc4ccccc4OC)cc3)cc21
4GJ9,3VSW,P00797,REN,R31 NAG,COCCCOc1ccccc1N1CCN(C[C@H](N)[C@@H](O)C[C@H](C(=O)NCC(C)(C)C(N)=O)C(C)C)CC1=O CC(=O)N[C@@H]1[C@@H](O)[C@H](O)[C@@H](CO)O[C@H]1O
2G1Y,2G1N,P00797,REN,NAG 1IG,CC(=O)N[C@@H]1[C@@H](O)[C@H](O)[C@@H](CO)O[C@H]1O CCc1nc(N)nc(N)c1-c1ccc2c(c1)N(CCNC(C)=O)C(=O)C(C)(C)S2
2G1Y,3OQK,P00797,REN,NAG S52 GOL,CC(=O)N[C@@H]1[C@@H](O)[C@H](O)[C@@H](CO)O[C@H]1O O=C(c1c(Oc2ccccc2)n(-c2ccccc2)c2ccccc12)N1CCNCC1 OCC(O)CO
1HRN,2G1R,P00797,REN,NAG 3IG,CC(=O)N[C@@H]1[C@@H](O)[C@H](O)[C@@H](CO)O[C@H]1O CCc1nc(N)nc(N)c1-c1ccc2c(c1)N(CCNC(C)=O)C(=O)C(C)(C)O2
2V16,2G1N,P00797,REN,NAG 1IG,CC(=O)N[C@@H]1[C@@H](O)[C@H](O)[C@@H](CO)O[C@H]1O CCc1nc(N)nc(N)c1-c1ccc2c(c1)N(CCNC(C)=O)C(=O)C(C)(C)S2
2V16,4RZ1,P00797,REN,NAG 3ZN SO4 DMS,CC(=O)N[C@@H]1[C@@H](O)[C@H](O)[C@@H](CO)O[C@H]1O COCCCOc1cc(C(=O)N(C[C@@H]2CNC[C@H]2OC(=O)NCc2ccccc2)C(C)C)ccc1OC O=S(=O)([O-])[O-] CS(C)=O
2V16,3VYD,P00797,REN,VYD NAG,CC(C)CCNC(=O)[C@@H]1CNC[C@H](CN2CC(=O)N(c3ccccc3Cl)CC2(C)C)C1 CC(=O)N[C@@H]1[C@@H](O)[C@H](O)[C@@H](CO)O[C@H]1O
2V16,2G27,P00797,REN,4LG,COC(=O)Cn1ccc2ccc(OC[C@H]3CNCC(=O)N3c3ccc(OCCCOCc4ccccc4OC)cc3)cc21
2V16,3OQF,P00797,REN,NAG S51,CC(=O)N[C@@H]1[C@@H](O)[C@H](O)[C@@H](CO)O[C@H]1O O=C(c1c(Cc2ccccc2)n(-c2ccccc2)c2ccccc12)N1CCNCC1
3OQK,5SZ9,P00797,REN,NAG 74Y PEG PGE,CC(=O)N[C@@H]1[C@@H](O)[C@H](O)[C@@H](CO)O[C@H]1O Cc1ccc(C(=O)N2CCCCCC2)c(NCc2ccco2)n1 OCCOCCO OCCOCCOCCO
3OQK,4GJ7,P00797,REN,NAG 0LT SO4,CC(=O)N[C@@H]1[C@@H](O)[C@H](O)[C@@H](CO)O[C@H]1O COCCCOc1cc(C(=O)N(C[C@@H]2CNC[C@H]2Cc2ccccc2)C(C)C)ccc1OC O=S(=O)([O-])[O-]
3OQK,5KOQ,P00797,REN,PEG 6VR NAG,OCCOCCO CC(C)CN(C(=O)c1cnc(C(C)(C)C)nc1NCc1ccco1)[C@H]1CCCNC1 CC(=O)N[C@@H]1[C@@H](O)[C@H](O)[C@@H](CO)O[C@H]1O
3OQF,3Q3T,P00797,REN,RX0 GOL NAG,COCCCC[C@@](O)(c1ccccc1-c1ccccc1)[C@@H]1CCCN(C(=O)[C@H]2C[C@@H](N)[C@@H](O)C2)C1 OCC(O)CO CC(=O)N[C@@H]1[C@@H](O)[C@H](O)[C@@H](CO)O[C@H]1O
4S1G,2BKT,P00797,REN,RPF,COc1ccccc1COCCCOc1ccc(N2C(=O)CNC[C@H]2COc2ccc3c(c2)NCCC3)cc1
4S1G,2G1Y,P00797,REN,NAG 5IG,CC(=O)N[C@@H]1[C@@H](O)[C@H](O)[C@@H](CO)O[C@H]1O CCc1nc(N)nc(N)c1-c1ccc2c(c1)N(CCCOC)C(=O)C(C)(C)O2
4S1G,3VYD,P00797,REN,VYD NAG,CC(C)CCNC(=O)[C@@H]1CNC[C@H](CN2CC(=O)N(c3ccccc3Cl)CC2(C)C)C1 CC(=O)N[C@@H]1[C@@H](O)[C@H](O)[C@@H](CO)O[C@H]1O
2IKU,2G1Y,P00797,REN,NAG 5IG,CC(=O)N[C@@H]1[C@@H](O)[C@H](O)[C@@H](CO)O[C@H]1O CCc1nc(N)nc(N)c1-c1ccc2c(c1)N(CCCOC)C(=O)C(C)(C)O2
2IKU,3VSW,P00797,REN,R31 NAG,COCCCOc1ccccc1N1CCN(C[C@H](N)[C@@H](O)C[C@H](C(=O)NCC(C)(C)C(N)=O)C(C)C)CC1=O CC(=O)N[C@@H]1[C@@H](O)[C@H](O)[C@@H](CO)O[C@H]1O
4W7P,2V55,Q13464,ROCK1,ANP MG GTP SO4,Nc1ncnc2c1ncn2[C@@H]1O[C@H](COP(=O)(O)OP(=O)(O)NP(=O)(O)O)[C@@H](O)[C@H]1O [Mg+2] Nc1nc2c(ncn2[C@@H]2O[C@H](COP(=O)(O)OP(=O)(O)OP(=O)(O)O)[C@@H](O)[C@H]2O)c(=O)[nH]1 O=S(=O)([O-])[O-]
4W7P,5KKT,Q13464,ROCK1,6U2,CN1CCN(CCCOc2cccc(CC(=O)Nc3nc(-c4c[nH]c5ncccc45)cs3)c2)CC1
4W7P,3TWJ,Q13464,ROCK1,07R EDO,O=C(NCc1cccc(O)c1)Nc1nc(-c2ccncc2)cs1 OCCO
4W7P,2ETK,Q13464,ROCK1,HFS,O=S(=O)(c1cccc2c(O)nccc12)N1CCCNCC1
4W7P,2ESM,Q13464,ROCK1,M77,O=S(=O)(c1cccc2cnccc12)N1CCCNCC1
4W7P,2ETR,Q13464,ROCK1,Y27,C[C@@H](N)[C@H]1CC[C@H](C(=O)Nc2ccncc2)CC1
4W7P,5BML,Q13464,ROCK1,4TW,CS(=O)(=O)Nc1cccc(CC(=O)Nc2cc(-c3ccnc(F)c3)cs2)c1
4W7P,5HVU,Q13464,ROCK1,65R,O=C(Cc1cccc(OCCCC2CCNCC2)c1)Nc1nc(-c2ccncc2)cs1
4W7P,4YVE,Q13464,ROCK1,4KK,COc1cccc(CC(=O)Nc2nc(-c3ccncc3)cs2)c1
5KKS,3D9V,Q13464,ROCK1,H52,Cc1cncc2cccc(S(=O)(=O)N3CCCNC[C@@H]3C)c12
5KKS,4YVC,Q13464,ROCK1,4KH,O=C(Nc1nc(-c2ccncc2)cs1)c1ccccc1F
5KKS,3V8S,Q13464,ROCK1,0HD,O=C(NCCc1ccccc1)Nc1ccc2[nH]ncc2c1
5KKS,5HVU,Q13464,ROCK1,65R,O=C(Cc1cccc(OCCCC2CCNCC2)c1)Nc1nc(-c2ccncc2)cs1
3V8S,2V55,Q13464,ROCK1,ANP MG GTP SO4,Nc1ncnc2c1ncn2[C@@H]1O[C@H](COP(=O)(O)OP(=O)(O)NP(=O)(O)O)[C@@H](O)[C@H]1O [Mg+2] Nc1nc2c(ncn2[C@@H]2O[C@H](COP(=O)(O)OP(=O)(O)OP(=O)(O)O)[C@@H](O)[C@H]2O)c(=O)[nH]1 O=S(=O)([O-])[O-]
3V8S,5KKT,Q13464,ROCK1,6U2,CN1CCN(CCCOc2cccc(CC(=O)Nc3nc(-c4c[nH]c5ncccc45)cs3)c2)CC1
3V8S,3NCZ,Q13464,ROCK1,3NC,N[C@H]1CC[C@@H](C(=O)Nc2cc3cc[nH]c(=O)c3cc2Cl)CC1
3V8S,2ETK,Q13464,ROCK1,HFS,O=S(=O)(c1cccc2c(O)nccc12)N1CCCNCC1
3V8S,2ESM,Q13464,ROCK1,M77,O=S(=O)(c1cccc2cnccc12)N1CCCNCC1
3V8S,5BML,Q13464,ROCK1,4TW,CS(=O)(=O)Nc1cccc(CC(=O)Nc2cc(-c3ccnc(F)c3)cs2)c1
3V8S,5HVU,Q13464,ROCK1,65R,O=C(Cc1cccc(OCCCC2CCNCC2)c1)Nc1nc(-c2ccncc2)cs1
3V8S,4YVE,Q13464,ROCK1,4KK,COc1cccc(CC(=O)Nc2nc(-c3ccncc3)cs2)c1
5KKT,2V55,Q13464,ROCK1,ANP MG GTP SO4,Nc1ncnc2c1ncn2[C@@H]1O[C@H](COP(=O)(O)OP(=O)(O)NP(=O)(O)O)[C@@H](O)[C@H]1O [Mg+2] Nc1nc2c(ncn2[C@@H]2O[C@H](COP(=O)(O)OP(=O)(O)OP(=O)(O)O)[C@@H](O)[C@H]2O)c(=O)[nH]1 O=S(=O)([O-])[O-]
5KKT,3D9V,Q13464,ROCK1,H52,Cc1cncc2cccc(S(=O)(=O)N3CCCNC[C@@H]3C)c12
5KKT,3TWJ,Q13464,ROCK1,07R EDO,O=C(NCc1cccc(O)c1)Nc1nc(-c2ccncc2)cs1 OCCO
5KKT,2ESM,Q13464,ROCK1,M77,O=S(=O)(c1cccc2cnccc12)N1CCCNCC1
5KKT,5BML,Q13464,ROCK1,4TW,CS(=O)(=O)Nc1cccc(CC(=O)Nc2cc(-c3ccnc(F)c3)cs2)c1
5KKT,3V8S,Q13464,ROCK1,0HD,O=C(NCCc1ccccc1)Nc1ccc2[nH]ncc2c1
5KKT,5HVU,Q13464,ROCK1,65R,O=C(Cc1cccc(OCCCC2CCNCC2)c1)Nc1nc(-c2ccncc2)cs1
2ETR,2V55,Q13464,ROCK1,ANP MG GTP SO4,Nc1ncnc2c1ncn2[C@@H]1O[C@H](COP(=O)(O)OP(=O)(O)NP(=O)(O)O)[C@@H](O)[C@H]1O [Mg+2] Nc1nc2c(ncn2[C@@H]2O[C@H](COP(=O)(O)OP(=O)(O)OP(=O)(O)O)[C@@H](O)[C@H]2O)c(=O)[nH]1 O=S(=O)([O-])[O-]
2ETR,5KKT,Q13464,ROCK1,6U2,CN1CCN(CCCOc2cccc(CC(=O)Nc3nc(-c4c[nH]c5ncccc45)cs3)c2)CC1
2ETR,3TWJ,Q13464,ROCK1,07R EDO,O=C(NCc1cccc(O)c1)Nc1nc(-c2ccncc2)cs1 OCCO
2ETR,5HVU,Q13464,ROCK1,65R,O=C(Cc1cccc(OCCCC2CCNCC2)c1)Nc1nc(-c2ccncc2)cs1
2ETR,4YVE,Q13464,ROCK1,4KK,COc1cccc(CC(=O)Nc2nc(-c3ccncc3)cs2)c1
2ETR,4W7P,Q13464,ROCK1,3J7,CC(C)(N)CNc1nc(-c2ccc3[nH]ncc3c2)nc2cnccc12
5BML,2V55,Q13464,ROCK1,ANP MG GTP SO4,Nc1ncnc2c1ncn2[C@@H]1O[C@H](COP(=O)(O)OP(=O)(O)NP(=O)(O)O)[C@@H](O)[C@H]1O [Mg+2] Nc1nc2c(ncn2[C@@H]2O[C@H](COP(=O)(O)OP(=O)(O)OP(=O)(O)O)[C@@H](O)[C@H]2O)c(=O)[nH]1 O=S(=O)([O-])[O-]
5BML,5KKT,Q13464,ROCK1,6U2,CN1CCN(CCCOc2cccc(CC(=O)Nc3nc(-c4c[nH]c5ncccc45)cs3)c2)CC1
5BML,3NCZ,Q13464,ROCK1,3NC,N[C@H]1CC[C@@H](C(=O)Nc2cc3cc[nH]c(=O)c3cc2Cl)CC1
2ETK,2V55,Q13464,ROCK1,ANP MG GTP SO4,Nc1ncnc2c1ncn2[C@@H]1O[C@H](COP(=O)(O)OP(=O)(O)NP(=O)(O)O)[C@@H](O)[C@H]1O [Mg+2] Nc1nc2c(ncn2[C@@H]2O[C@H](COP(=O)(O)OP(=O)(O)OP(=O)(O)O)[C@@H](O)[C@H]2O)c(=O)[nH]1 O=S(=O)([O-])[O-]
2ETK,5KKT,Q13464,ROCK1,6U2,CN1CCN(CCCOc2cccc(CC(=O)Nc3nc(-c4c[nH]c5ncccc45)cs3)c2)CC1
2ETK,3D9V,Q13464,ROCK1,H52,Cc1cncc2cccc(S(=O)(=O)N3CCCNC[C@@H]3C)c12
2ETK,4YVC,Q13464,ROCK1,4KH,O=C(Nc1nc(-c2ccncc2)cs1)c1ccccc1F
2ETK,5BML,Q13464,ROCK1,4TW,CS(=O)(=O)Nc1cccc(CC(=O)Nc2cc(-c3ccnc(F)c3)cs2)c1
2ETK,5KKS,Q13464,ROCK1,6U1,CS(=O)(=O)Nc1cccc(CC(=O)Nc2nc(-c3c[nH]c4ncccc34)cs2)c1
2ETK,3V8S,Q13464,ROCK1,0HD,O=C(NCCc1ccccc1)Nc1ccc2[nH]ncc2c1
4YVC,2V55,Q13464,ROCK1,ANP MG GTP SO4,Nc1ncnc2c1ncn2[C@@H]1O[C@H](COP(=O)(O)OP(=O)(O)NP(=O)(O)O)[C@@H](O)[C@H]1O [Mg+2] Nc1nc2c(ncn2[C@@H]2O[C@H](COP(=O)(O)OP(=O)(O)OP(=O)(O)O)[C@@H](O)[C@H]2O)c(=O)[nH]1 O=S(=O)([O-])[O-]
4YVC,3TWJ,Q13464,ROCK1,07R EDO,O=C(NCc1cccc(O)c1)Nc1nc(-c2ccncc2)cs1 OCCO
4YVC,2ETK,Q13464,ROCK1,HFS,O=S(=O)(c1cccc2c(O)nccc12)N1CCCNCC1
4YVC,2ESM,Q13464,ROCK1,M77,O=S(=O)(c1cccc2cnccc12)N1CCCNCC1
4YVC,2ETR,Q13464,ROCK1,Y27,C[C@@H](N)[C@H]1CC[C@H](C(=O)Nc2ccncc2)CC1
4YVC,5BML,Q13464,ROCK1,4TW,CS(=O)(=O)Nc1cccc(CC(=O)Nc2cc(-c3ccnc(F)c3)cs2)c1
2V55,3D9V,Q13464,ROCK1,H52,Cc1cncc2cccc(S(=O)(=O)N3CCCNC[C@@H]3C)c12
2V55,2ETK,Q13464,ROCK1,HFS,O=S(=O)(c1cccc2c(O)nccc12)N1CCCNCC1
2V55,5BML,Q13464,ROCK1,4TW,CS(=O)(=O)Nc1cccc(CC(=O)Nc2cc(-c3ccnc(F)c3)cs2)c1
2V55,5KKS,Q13464,ROCK1,6U1,CS(=O)(=O)Nc1cccc(CC(=O)Nc2nc(-c3c[nH]c4ncccc34)cs2)c1
2V55,4YVE,Q13464,ROCK1,4KK,COc1cccc(CC(=O)Nc2nc(-c3ccncc3)cs2)c1
2V55,4W7P,Q13464,ROCK1,3J7,CC(C)(N)CNc1nc(-c2ccc3[nH]ncc3c2)nc2cnccc12
2ESM,5KKT,Q13464,ROCK1,6U2,CN1CCN(CCCOc2cccc(CC(=O)Nc3nc(-c4c[nH]c5ncccc45)cs3)c2)CC1
2ESM,3D9V,Q13464,ROCK1,H52,Cc1cncc2cccc(S(=O)(=O)N3CCCNC[C@@H]3C)c12
2ESM,3TWJ,Q13464,ROCK1,07R EDO,O=C(NCc1cccc(O)c1)Nc1nc(-c2ccncc2)cs1 OCCO
2ESM,4YVC,Q13464,ROCK1,4KH,O=C(Nc1nc(-c2ccncc2)cs1)c1ccccc1F
2ESM,2ETK,Q13464,ROCK1,HFS,O=S(=O)(c1cccc2c(O)nccc12)N1CCCNCC1
2ESM,2ETR,Q13464,ROCK1,Y27,C[C@@H](N)[C@H]1CC[C@H](C(=O)Nc2ccncc2)CC1
2ESM,3V8S,Q13464,ROCK1,0HD,O=C(NCCc1ccccc1)Nc1ccc2[nH]ncc2c1
2ESM,4W7P,Q13464,ROCK1,3J7,CC(C)(N)CNc1nc(-c2ccc3[nH]ncc3c2)nc2cnccc12
3TWJ,3D9V,Q13464,ROCK1,H52,Cc1cncc2cccc(S(=O)(=O)N3CCCNC[C@@H]3C)c12
3TWJ,2ESM,Q13464,ROCK1,M77,O=S(=O)(c1cccc2cnccc12)N1CCCNCC1
3TWJ,2ETR,Q13464,ROCK1,Y27,C[C@@H](N)[C@H]1CC[C@H](C(=O)Nc2ccncc2)CC1
3TWJ,5HVU,Q13464,ROCK1,65R,O=C(Cc1cccc(OCCCC2CCNCC2)c1)Nc1nc(-c2ccncc2)cs1
3NCZ,2V55,Q13464,ROCK1,ANP MG GTP SO4,Nc1ncnc2c1ncn2[C@@H]1O[C@H](COP(=O)(O)OP(=O)(O)NP(=O)(O)O)[C@@H](O)[C@H]1O [Mg+2] Nc1nc2c(ncn2[C@@H]2O[C@H](COP(=O)(O)OP(=O)(O)OP(=O)(O)O)[C@@H](O)[C@H]2O)c(=O)[nH]1 O=S(=O)([O-])[O-]
3NCZ,5KKT,Q13464,ROCK1,6U2,CN1CCN(CCCOc2cccc(CC(=O)Nc3nc(-c4c[nH]c5ncccc45)cs3)c2)CC1
3NCZ,3D9V,Q13464,ROCK1,H52,Cc1cncc2cccc(S(=O)(=O)N3CCCNC[C@@H]3C)c12
3NCZ,2ETR,Q13464,ROCK1,Y27,C[C@@H](N)[C@H]1CC[C@H](C(=O)Nc2ccncc2)CC1
3NCZ,5BML,Q13464,ROCK1,4TW,CS(=O)(=O)Nc1cccc(CC(=O)Nc2cc(-c3ccnc(F)c3)cs2)c1
3NCZ,5KKS,Q13464,ROCK1,6U1,CS(=O)(=O)Nc1cccc(CC(=O)Nc2nc(-c3c[nH]c4ncccc34)cs2)c1
3NCZ,3V8S,Q13464,ROCK1,0HD,O=C(NCCc1ccccc1)Nc1ccc2[nH]ncc2c1
3NCZ,4YVE,Q13464,ROCK1,4KK,COc1cccc(CC(=O)Nc2nc(-c3ccncc3)cs2)c1
3NCZ,4W7P,Q13464,ROCK1,3J7,CC(C)(N)CNc1nc(-c2ccc3[nH]ncc3c2)nc2cnccc12
3D9V,2V55,Q13464,ROCK1,ANP MG GTP SO4,Nc1ncnc2c1ncn2[C@@H]1O[C@H](COP(=O)(O)OP(=O)(O)NP(=O)(O)O)[C@@H](O)[C@H]1O [Mg+2] Nc1nc2c(ncn2[C@@H]2O[C@H](COP(=O)(O)OP(=O)(O)OP(=O)(O)O)[C@@H](O)[C@H]2O)c(=O)[nH]1 O=S(=O)([O-])[O-]
3D9V,5KKT,Q13464,ROCK1,6U2,CN1CCN(CCCOc2cccc(CC(=O)Nc3nc(-c4c[nH]c5ncccc45)cs3)c2)CC1
3D9V,3NCZ,Q13464,ROCK1,3NC,N[C@H]1CC[C@@H](C(=O)Nc2cc3cc[nH]c(=O)c3cc2Cl)CC1
3D9V,2ETK,Q13464,ROCK1,HFS,O=S(=O)(c1cccc2c(O)nccc12)N1CCCNCC1
3D9V,5BML,Q13464,ROCK1,4TW,CS(=O)(=O)Nc1cccc(CC(=O)Nc2cc(-c3ccnc(F)c3)cs2)c1
3D9V,5KKS,Q13464,ROCK1,6U1,CS(=O)(=O)Nc1cccc(CC(=O)Nc2nc(-c3c[nH]c4ncccc34)cs2)c1
3D9V,5HVU,Q13464,ROCK1,65R,O=C(Cc1cccc(OCCCC2CCNCC2)c1)Nc1nc(-c2ccncc2)cs1
5HVU,3D9V,Q13464,ROCK1,H52,Cc1cncc2cccc(S(=O)(=O)N3CCCNC[C@@H]3C)c12
5HVU,3TWJ,Q13464,ROCK1,07R EDO,O=C(NCc1cccc(O)c1)Nc1nc(-c2ccncc2)cs1 OCCO
5HVU,4YVC,Q13464,ROCK1,4KH,O=C(Nc1nc(-c2ccncc2)cs1)c1ccccc1F
5HVU,3NCZ,Q13464,ROCK1,3NC,N[C@H]1CC[C@@H](C(=O)Nc2cc3cc[nH]c(=O)c3cc2Cl)CC1
5HVU,2ETK,Q13464,ROCK1,HFS,O=S(=O)(c1cccc2c(O)nccc12)N1CCCNCC1
5HVU,2ETR,Q13464,ROCK1,Y27,C[C@@H](N)[C@H]1CC[C@H](C(=O)Nc2ccncc2)CC1
5HVU,4W7P,Q13464,ROCK1,3J7,CC(C)(N)CNc1nc(-c2ccc3[nH]ncc3c2)nc2cnccc12
4YVE,2V55,Q13464,ROCK1,ANP MG GTP SO4,Nc1ncnc2c1ncn2[C@@H]1O[C@H](COP(=O)(O)OP(=O)(O)NP(=O)(O)O)[C@@H](O)[C@H]1O [Mg+2] Nc1nc2c(ncn2[C@@H]2O[C@H](COP(=O)(O)OP(=O)(O)OP(=O)(O)O)[C@@H](O)[C@H]2O)c(=O)[nH]1 O=S(=O)([O-])[O-]
4YVE,3D9V,Q13464,ROCK1,H52,Cc1cncc2cccc(S(=O)(=O)N3CCCNC[C@@H]3C)c12
4YVE,4YVC,Q13464,ROCK1,4KH,O=C(Nc1nc(-c2ccncc2)cs1)c1ccccc1F
4YVE,2ETK,Q13464,ROCK1,HFS,O=S(=O)(c1cccc2c(O)nccc12)N1CCCNCC1
4YVE,2ETR,Q13464,ROCK1,Y27,C[C@@H](N)[C@H]1CC[C@H](C(=O)Nc2ccncc2)CC1
4YVE,5BML,Q13464,ROCK1,4TW,CS(=O)(=O)Nc1cccc(CC(=O)Nc2cc(-c3ccnc(F)c3)cs2)c1
4YVE,3V8S,Q13464,ROCK1,0HD,O=C(NCCc1ccccc1)Nc1ccc2[nH]ncc2c1
4YVE,5HVU,Q13464,ROCK1,65R,O=C(Cc1cccc(OCCCC2CCNCC2)c1)Nc1nc(-c2ccncc2)cs1
4YVE,4W7P,Q13464,ROCK1,3J7,CC(C)(N)CNc1nc(-c2ccc3[nH]ncc3c2)nc2cnccc12
3KWY,3OZJ,P19793,RXRA,BGV,C=C1C(=O)O[C@H]2C[C@@H](C)[C@@H]3C=CC(=O)[C@@]3(C)[C@@H](OC(C)=O)[C@H]12
3KWY,4RMD,P19793,RXRA,3SW,CC(=C/C=C/C(C)=C/C(=O)O)/C=C1\CCCC(C2CC2)=C1CCC(C)C
4K4J,1MZN,P19793,RXRA,BM6,CC1(C)CCC(C)(C)c2cc(C3(c4ccc(C(=O)[O-])cc4)OCCO3)ccc21
4K4J,5MKJ,P19793,RXRA,4CU,C=CCc1ccc(OCCC)c(-c2cc(/C=C/C(=O)O)ccc2O)c1
4K4J,5EC9,P19793,RXRA,5LO,CC1(C)CCC(C)(C)c2cc3c(cc21)O[C@@H]1CCC[C@]31c1ccc(C(=O)O)cc1
2P1U,3FUG,P19793,RXRA,2E3,Cc1cc2c(cc1-c1cc(/C=C/C(=O)O)ccc1O)C(C)(C)CCC2(C)C
5MK4,3PCU,P19793,RXRA,LX8,C=CC(C)(C)c1cc2cc3c(cc2oc1=O)O[C@H](C(C)(C)OC(C)=O)C3
3PCU,4PP5,P19793,RXRA,2W0,CC(=C/C=C/C(C)=C/C(=O)O)/C=C1/CCCc2c(C)cccc21
3PCU,4RMD,P19793,RXRA,3SW,CC(=C/C=C/C(C)=C/C(=O)O)/C=C1\CCCC(C2CC2)=C1CCC(C)C
3OAP,4M8H,P19793,RXRA,R4M,CC(=C/CC/C(C)=C/C(=O)O)/C=C1\CC[C@@H](C)c2ccccc21
3E94,4RMD,P19793,RXRA,3SW,CC(=C/C=C/C(C)=C/C(=O)O)/C=C1\CCCC(C2CC2)=C1CCC(C)C
4RMD,1DKF,P19793,RXRA,OLA BMS,CCCCCCCC/C=C\CCCCCCCC(=O)O CC1(C)CC[C@H](c2cnc3ccccc3c2)c2cc(C(=O)Nc3ccc(C(=O)O)cc3)ccc21
2ZXZ,3R2A,P19793,RXRA,RHN,O=C(O)c1cc(O)c2c(c1)C(=O)c1cccc(O)c1C2=O
2ZXZ,1MV9,P19793,RXRA,HXA,CC/C=C\C/C=C\C/C=C\C/C=C\C/C=C\C/C=C\CCC(=O)O
2ZXZ,3A9E,P19793,RXRA,754 REA,CCCOc1cc2c(cc1/C(C)=C\C=C\C(C)=C\C(=O)O)C(C)(C)CCC2(C)C CC1=C(/C=C/C(C)=C/C=C/C(C)=C/C(=O)O)C(C)(C)CCC1
3A9E,1MV9,P28700,RXRA,HXA,CC/C=C\C/C=C\C/C=C\C/C=C\C/C=C\C/C=C\CCC(=O)O
3A9E,4RMD,P28700,RXRA,3SW,CC(=C/C=C/C(C)=C/C(=O)O)/C=C1\CCCC(C2CC2)=C1CCC(C)C
1FBY,2ZY0,P19793,RXRA,21P,C[Si]1(C)C[Si](C)(C)c2cc(C3(c4ccc(C(=O)O)cc4)OCCO3)ccc21
1FBY,4POJ,P19793,RXRA,2VP,CC(=C/C=C/C(C)=C/C(=O)O)/C=C1\CCCc2ccc(C)cc21
1FM6,2ZXZ,P19793,RXRA,P26,CC1(C)CC(C)(C)c2cc(C3(c4ccc(C(=O)O)cc4)OCCO3)ccc21
1FM6,5EC9,P19793,RXRA,5LO,CC1(C)CCC(C)(C)c2cc3c(cc21)O[C@@H]1CCC[C@]31c1ccc(C(=O)O)cc1
1FM6,4RFW,P19793,RXRA,3RB,CC(=C/C=C/C(C)=C/C(=O)O)/C=C1/CCCCc2ccccc21
1FM9,2ZXZ,P19793,RXRA,P26,CC1(C)CC(C)(C)c2cc(C3(c4ccc(C(=O)O)cc4)OCCO3)ccc21
1FM9,5MKJ,P19793,RXRA,4CU,C=CCc1ccc(OCCC)c(-c2cc(/C=C/C(=O)O)ccc2O)c1
1FM9,2P1U,P19793,RXRA,4TN,CCOc1cc2c(cc1-c1cc(/C=C/C(=O)O)ccc1O)C(C)(C)CCC2(C)C
4RMC,4PP3,P19793,RXRA,2VZ,CC(=C/C=C/C(C)=C/C(=O)O)/C=C1\CCCc2cc(C)ccc21
4RMC,1MV9,P19793,RXRA,HXA,CC/C=C\C/C=C\C/C=C\C/C=C\C/C=C\C/C=C\CCC(=O)O
4RMC,4M8H,P19793,RXRA,R4M,CC(=C/CC/C(C)=C/C(=O)O)/C=C1\CC[C@@H](C)c2ccccc21
5MKU,5MK4,P19793,RXRA,CL I5W,[Cl-] Cc1ccc(-c2ccccc2)cc1-c1cc(/C=C/C(=O)O)ccc1O
5MKU,1MZN,P19793,RXRA,BM6,CC1(C)CCC(C)(C)c2cc(C3(c4ccc(C(=O)[O-])cc4)OCCO3)ccc21
5MKU,3KWY,P19793,RXRA,T9T ACT,c1ccc([Sn](c2ccccc2)c2ccccc2)cc1 CC(=O)[O-]
5MKU,4M8H,P19793,RXRA,R4M,CC(=C/CC/C(C)=C/C(=O)O)/C=C1\CC[C@@H](C)c2ccccc21
1DKF,3OZJ,P28700,RXRA,BGV,C=C1C(=O)O[C@H]2C[C@@H](C)[C@@H]3C=CC(=O)[C@@]3(C)[C@@H](OC(C)=O)[C@H]12
1DKF,5LYQ,P28700,RXRA,7BE,CC1(C)CCC(C)(C)c2cc3c(cc21)CC[C@]1(CCc2cc(C(=O)O)ccc2O1)O3
5MMW,2ZY0,P19793,RXRA,21P,C[Si]1(C)C[Si](C)(C)c2cc(C3(c4ccc(C(=O)O)cc4)OCCO3)ccc21
5MMW,1K74,P19793,RXRA,9CR 544,CC1=C(/C=C/C(C)=C\C=C\C(C)=C\C(=O)O)C(C)(C)CCC1 C/C(=C/C(=O)c1ccccc1)N[C@@H](Cc1ccc(OCCc2nc(-c3ccccc3)oc2C)cc1)C(=O)O
5MMW,3R5M,P19793,RXRA,MLO,C=CCc1ccc(O)c(-c2cc(CC=C)ccc2O)c1
5MMW,4PP3,P19793,RXRA,2VZ,CC(=C/C=C/C(C)=C/C(=O)O)/C=C1\CCCc2cc(C)ccc21
5MMW,4POJ,P19793,RXRA,2VP,CC(=C/C=C/C(C)=C/C(=O)O)/C=C1\CCCc2ccc(C)cc21
5MMW,4PP5,P19793,RXRA,2W0,CC(=C/C=C/C(C)=C/C(=O)O)/C=C1/CCCc2c(C)cccc21
5MMW,4POH,P19793,RXRA,2VR,CC(=C/C=C/C(C)=C/C(=O)O)/C=C1\CCCc2cccc(C)c21
2P1V,4PP3,P19793,RXRA,2VZ,CC(=C/C=C/C(C)=C/C(=O)O)/C=C1\CCCc2cc(C)ccc21
2P1V,4K6I,P19793,RXRA,9RA,C=C(c1ccc(C(=O)O)cc1)c1cc2c(cc1C)C(C)(C)CCC2(C)C
2P1V,4POH,P19793,RXRA,2VR,CC(=C/C=C/C(C)=C/C(=O)O)/C=C1\CCCc2cccc(C)c21
5MJ5,1MV9,P19793,RXRA,HXA,CC/C=C\C/C=C\C/C=C\C/C=C\C/C=C\C/C=C\CCC(=O)O
1MV9,5MK4,P19793,RXRA,CL I5W,[Cl-] Cc1ccc(-c2ccccc2)cc1-c1cc(/C=C/C(=O)O)ccc1O
1MV9,2P1T,P19793,RXRA,3TN,COc1cc2c(cc1-c1cc(/C=C/C(=O)O)ccc1O)C(C)(C)CCC2(C)C
3H0A,3R5M,P19793,RXRA,MLO,C=CCc1ccc(O)c(-c2cc(CC=C)ccc2O)c1
3H0A,1DKF,P19793,RXRA,OLA BMS,CCCCCCCC/C=C\CCCCCCCC(=O)O CC1(C)CC[C@H](c2cnc3ccccc3c2)c2cc(C(=O)Nc3ccc(C(=O)O)cc3)ccc21
3H0A,3KWY,P19793,RXRA,T9T ACT,c1ccc([Sn](c2ccccc2)c2ccccc2)cc1 CC(=O)[O-]
1MZN,5MJ5,P19793,RXRA,7O0,O=C(O)/C=C/c1ccc(O)c(-c2cccc(Cc3ccccc3)c2)c1
1MZN,3FC6,P19793,RXRA,REA LX2,CC1=C(/C=C/C(C)=C/C=C/C(C)=C/C(=O)O)C(C)(C)CCC1 O=C(O)Cn1ccc2c(OCCCN(Cc3cccc(C(F)(F)F)c3Cl)CC(c3ccccc3)c3ccccc3)cccc21
3FC6,4PP3,P19793,RXRA,2VZ,CC(=C/C=C/C(C)=C/C(=O)O)/C=C1\CCCc2cc(C)ccc21
4M8E,5MMW,P19793,RXRA,SJZ,Cc1c(-c2ccccc2)cccc1-c1cc(/C=C/C(=O)O)ccc1O
4M8E,3FUG,P19793,RXRA,2E3,Cc1cc2c(cc1-c1cc(/C=C/C(=O)O)ccc1O)C(C)(C)CCC2(C)C
4M8E,4RME,P19793,RXRA,3T2,CC(=C/C=C/C(C)=C/C(=O)O)/C=C1/CCCC(C(C)C)=C1CCC(C)C
4M8E,4RFW,P19793,RXRA,3RB,CC(=C/C=C/C(C)=C/C(=O)O)/C=C1/CCCCc2ccccc21
3FUG,4PP3,P19793,RXRA,2VZ,CC(=C/C=C/C(C)=C/C(=O)O)/C=C1\CCCc2cc(C)ccc21
4POJ,3R5M,P19793,RXRA,MLO,C=CCc1ccc(O)c(-c2cc(CC=C)ccc2O)c1
2P1T,4RME,P19793,RXRA,3T2,CC(=C/C=C/C(C)=C/C(=O)O)/C=C1/CCCC(C(C)C)=C1CCC(C)C
3FAL,1RDT,P19793,RXRA,L79 570,CC1(C)CCC(C)(C)c2cc(C3=CC=C[C@@H]4O[C@H](/C=C/C(=O)O)C[C@H]34)ccc21 Cc1oc(-c2ccccc2)nc1CCOc1ccc(C[C@H](Nc2ccccc2C(=O)c2ccccc2)C(=O)O)cc1
4OC7,4RFW,P19793,RXRA,3RB,CC(=C/C=C/C(C)=C/C(=O)O)/C=C1/CCCCc2ccccc21
1K74,1RDT,P19793,RXRA,L79 570,CC1(C)CCC(C)(C)c2cc(C3=CC=C[C@@H]4O[C@H](/C=C/C(=O)O)C[C@H]34)ccc21 Cc1oc(-c2ccccc2)nc1CCOc1ccc(C[C@H](Nc2ccccc2C(=O)c2ccccc2)C(=O)O)cc1
1K74,2P1U,P19793,RXRA,4TN,CCOc1cc2c(cc1-c1cc(/C=C/C(=O)O)ccc1O)C(C)(C)CCC2(C)C
3OZJ,3R2A,P19793,RXRA,RHN,O=C(O)c1cc(O)c2c(c1)C(=O)c1cccc(O)c1C2=O
3OZJ,4PP3,P19793,RXRA,2VZ,CC(=C/C=C/C(C)=C/C(=O)O)/C=C1\CCCc2cc(C)ccc21
3OZJ,4RMD,P19793,RXRA,3SW,CC(=C/C=C/C(C)=C/C(=O)O)/C=C1\CCCC(C2CC2)=C1CCC(C)C
3OZJ,3E94,P19793,RXRA,TBY ACT,CCCC[Sn](CCCC)CCCC CC(=O)[O-]
3OZJ,4RFW,P19793,RXRA,3RB,CC(=C/C=C/C(C)=C/C(=O)O)/C=C1/CCCCc2ccccc21
2ZY0,5EC9,P19793,RXRA,5LO,CC1(C)CCC(C)(C)c2cc3c(cc21)O[C@@H]1CCC[C@]31c1ccc(C(=O)O)cc1
4ZSH,3OZJ,P19793,RXRA,BGV,C=C1C(=O)O[C@H]2C[C@@H](C)[C@@H]3C=CC(=O)[C@@]3(C)[C@@H](OC(C)=O)[C@H]12
4ZSH,4RMC,P19793,RXRA,3SV,CCC1=C(CCC(C)C)/C(=C/[C@@H](C)CCC[C@H](C)CC(=O)O)CCC1
4ZSH,3A9E,P19793,RXRA,754 REA,CCCOc1cc2c(cc1/C(C)=C\C=C\C(C)=C\C(=O)O)C(C)(C)CCC2(C)C CC1=C(/C=C/C(C)=C/C=C/C(C)=C/C(=O)O)C(C)(C)CCC1
4RFW,3FC6,P19793,RXRA,REA LX2,CC1=C(/C=C/C(C)=C/C=C/C(C)=C/C(=O)O)C(C)(C)CCC1 O=C(O)Cn1ccc2c(OCCCN(Cc3cccc(C(F)(F)F)c3Cl)CC(c3ccccc3)c3ccccc3)cccc21
4RFW,4K4J,P19793,RXRA,1O8,CC(=C/C=C/C(C)=C/C(=O)O)/C=C1\CCCc2ccccc21
4PP5,3R5M,P19793,RXRA,MLO,C=CCc1ccc(O)c(-c2cc(CC=C)ccc2O)c1
4PP5,5MKJ,P19793,RXRA,4CU,C=CCc1ccc(OCCC)c(-c2cc(/C=C/C(=O)O)ccc2O)c1
4PP5,4RFW,P19793,RXRA,3RB,CC(=C/C=C/C(C)=C/C(=O)O)/C=C1/CCCCc2ccccc21
3TZ9,5TEH,P00523,SRC,S56,COCCn1c(C[C@@H](C#N)C(=O)NC(C)C)c(-c2ccc(Oc3ccccc3)cc2)c2c(N)ncnc21
3QLF,3UQF,P00523,SRC,BK5,CCOc1ccc2cc(-c3nn(C(C)C)c4ncnc(N)c34)ccc2c1
3QLF,3DQX,P00523,SRC,AMP,Nc1ncnc2c1ncn2[C@@H]1O[C@H](COP(=O)(O)O)[C@@H](O)[C@H]1O
5D11,3UQG,P00523,SRC,B5A,Nc1ncnc2c1cnn2CC1CCNCC1
5D11,5D10,P00523,SRC,563,C=CC(=O)Nc1ccc(Oc2nc(Nc3cc(C)[nH]n3)cc(N3CCN(C)CC3)n2)cc1
3TZ8,3GEQ,P00523,SRC,PP2,CC(C)(C)n1[nH+]c(-c2ccc(Cl)cc2)c2c(N)ncnc21
3TZ8,2BDF,P00523,SRC,24A,CCn1cnc2c(Nc3ccc([P@@](=O)(O)CP(=O)(O)O)cc3)nc([C@H]3CC[C@H](N)CC3)nc21
2QLQ,5K9I,P00523,SRC,O44,C#CCNC(=O)c1cc(Nc2cc(C3CC3)n[nH]2)nc(N2CCN(Cc3ccc(S(=O)(=O)F)cc3)CC2)n1
2QLQ,5TEH,P00523,SRC,S56,COCCn1c(C[C@@H](C#N)C(=O)NC(C)C)c(-c2ccc(Oc3ccccc3)cc2)c2c(N)ncnc21
3GEQ,2HWO,P00523,SRC,GOL RBS,OCC(O)CO C=CC(=O)Nc1ccc2ncnc(Nc3ccccc3)c2c1
3GEQ,3EN4,P00523,SRC,KS1,Nc1ncnc2c1c(-c1cnc3[nH]ccc3c1)nn2C1CCCC1
3GEQ,5SYS,P00523,SRC,72F,CNC(=O)[C@H](C#N)Cc1c(C#Cc2cc(NC(=O)c3cccc(C(F)(F)F)c3)ccc2C)c2cncnc2n1CCOC
3GEQ,4DGG,P00523,SRC,I76,CC(C)n1nc(-c2ccc3cc(OCc4cccc(Cl)c4)ccc3c2)c2c(N)ncnc21
3QLG,3TZ8,P00523,SRC,AQM,CN1CCN(CCC(=O)Nc2ccc3ncnc(Nc4ccc(NC(=O)Nc5cc(C(C)(C)C)nn5-c5cccc(N)c5)cc4)c3c2)CC1
3QLG,4YBK,P00523,SRC,4B7,Cc1nc(Nc2ncc(C(=O)Nc3ccc(Oc4ccccc4)cc3)s2)cc(N2CCN(CCO)CC2)n1
3QLG,5D10,P00523,SRC,563,C=CC(=O)Nc1ccc(Oc2nc(Nc3cc(C)[nH]n3)cc(N3CCN(C)CC3)n2)cc1
4YBK,3TZ9,P00523,SRC,AQU,CC(C)(C)c1cc(NC(=O)Nc2ccc(Nc3ncnc4ccccc34)cc2)n(-c2cccc(N)c2)n1
4YBK,3F3V,P00523,SRC,1BU,Cc1cccc(-n2nc(C(C)(C)C)cc2NC(=O)Nc2ccc(Nc3ncnc4ccc(N)cc34)cc2)c1
4YBK,5XP7,P00523,SRC,GOL MG 8C6,OCC(O)CO [Mg+2] Nc1ncnc2c1ncn2[C@@H]1O[C@H](COP(=O)(O)[C@H](Cl)P(=O)(O)O)[C@@H](O)[C@H]1O
4MCV,5J5S,P00523,SRC,6G3,CC(C)c1nc(-c2ccc(NC(=O)Nc3cccc(C(F)(F)F)c3)c3ccccc23)c2c(N)nccn12
4MCV,5TEH,P00523,SRC,S56,COCCn1c(C[C@@H](C#N)C(=O)NC(C)C)c(-c2ccc(Oc3ccccc3)cc2)c2c(N)ncnc21
4MCV,1YOM,P00523,SRC,P01,CC(C)[C@H](CO)Nc1nc(Nc2cccc(Cl)c2)c2ncn(C(C)C)c2n1
5SWH,3UQG,P00523,SRC,B5A,Nc1ncnc2c1cnn2CC1CCNCC1
3G5D,2HWO,P00523,SRC,GOL RBS,OCC(O)CO C=CC(=O)Nc1ccc2ncnc(Nc3ccccc3)c2c1
3G5D,5J5S,P00523,SRC,6G3,CC(C)c1nc(-c2ccc(NC(=O)Nc3cccc(C(F)(F)F)c3)c3ccccc23)c2c(N)nccn12
3G5D,3GEQ,P00523,SRC,PP2,CC(C)(C)n1[nH+]c(-c2ccc(Cl)cc2)c2c(N)ncnc21
1YOM,3EL7,P12931,SRC,PD3,Nc1ncnc2c1c(Cc1cccc(NC(=O)Nc3cccc(C(F)(F)F)c3)c1)nn2C1CCCC1
5SYS,4MCV,P00523,SRC,29K,CC(C)C[C@@H]1NC(=O)c2c1c1c3ccccc3n(CCCCN)c1c1[nH]c3ccccc3c21
4MXO,3DQW,P12931,SRC,MG AGS,[Mg+2] Nc1ncnc2c1ncn2[C@@H]1O[C@H](COP(=O)(O)OP(=O)(O)OP(O)(O)=S)[C@@H](O)[C@H]1O
4MXO,5XP7,P12931,SRC,GOL MG 8C6,OCC(O)CO [Mg+2] Nc1ncnc2c1ncn2[C@@H]1O[C@H](COP(=O)(O)[C@H](Cl)P(=O)(O)O)[C@@H](O)[C@H]1O
4MXO,5D10,P12931,SRC,563,C=CC(=O)Nc1ccc(Oc2nc(Nc3cc(C)[nH]n3)cc(N3CCN(C)CC3)n2)cc1
2OIQ,4FIC,P00523,SRC,0UL,Nc1nc2cnc(-c3ccccc3)cn2n1
2OIQ,3EL7,P00523,SRC,PD3,Nc1ncnc2c1c(Cc1cccc(NC(=O)Nc3cccc(C(F)(F)F)c3)c1)nn2C1CCCC1
2OIQ,3GEQ,P00523,SRC,PP2,CC(C)(C)n1[nH+]c(-c2ccc(Cl)cc2)c2c(N)ncnc21
4U5J,5J5S,P00523,SRC,6G3,CC(C)c1nc(-c2ccc(NC(=O)Nc3cccc(C(F)(F)F)c3)c3ccccc23)c2c(N)nccn12
3TZ7,2HWP,P00523,SRC,DJK,C=CC(=O)Nc1ccc2ncnc(Nc3cccc(Br)c3)c2c1
3TZ7,4YBJ,P00523,SRC,4A9,Cc1nc(Nc2ncc(C(=O)Nc3cccc(NC(=O)c4cccc(C(F)(F)F)c4)c3)s2)cc(N2CCN(CCO)CC2)n1
1YOL,4FIC,P12931,SRC,0UL,Nc1nc2cnc(-c3ccccc3)cn2n1
1YOL,5SYS,P12931,SRC,72F,CNC(=O)[C@H](C#N)Cc1c(C#Cc2cc(NC(=O)c3cccc(C(F)(F)F)c3)ccc2C)c2cncnc2n1CCOC
1YOL,4YBJ,P12931,SRC,4A9,Cc1nc(Nc2ncc(C(=O)Nc3cccc(NC(=O)c4cccc(C(F)(F)F)c4)c3)s2)cc(N2CCN(CCO)CC2)n1
3F3V,3TZ9,P00523,SRC,AQU,CC(C)(C)c1cc(NC(=O)Nc2ccc(Nc3ncnc4ccccc34)cc2)n(-c2cccc(N)c2)n1
2QQ7,2HWP,P00523,SRC,DJK,C=CC(=O)Nc1ccc2ncnc(Nc3cccc(Br)c3)c2c1
4MXY,5TEH,P12931,SRC,S56,COCCn1c(C[C@@H](C#N)C(=O)NC(C)C)c(-c2ccc(Oc3ccccc3)cc2)c2c(N)ncnc21
5K9I,3EL8,P00523,SRC,PD5,CC(C)n1nc(-c2ccc(NC(=O)Nc3cccc(C(F)(F)F)c3)cc2)c2c(N)ncnc21
5K9I,3EL7,P00523,SRC,PD3,Nc1ncnc2c1c(Cc1cccc(NC(=O)Nc3cccc(C(F)(F)F)c3)c1)nn2C1CCCC1
5K9I,4MXX,P00523,SRC,DB8,COc1cc(Nc2c(C#N)cnc3cc(OCCCN4CCN(C)CC4)c(OC)cc23)c(Cl)cc1Cl
3G6G,5TEH,P00523,SRC,S56,COCCn1c(C[C@@H](C#N)C(=O)NC(C)C)c(-c2ccc(Oc3ccccc3)cc2)c2c(N)ncnc21
3G6G,5SWH,P00523,SRC,71D,COCCn1c(C[C@H](C#N)C(=O)NC(C)C)c(-c2ccc(Cl)cc2)c2c(N)ncnc21
5T0P,1YOM,P00523,SRC,P01,CC(C)[C@H](CO)Nc1nc(Nc2cccc(Cl)c2)c2ncn(C(C)C)c2n1
4LGG,3D7T,P00523,SRC,STU,CN[C@@H]1C[C@H]2O[C@@](C)([C@@H]1OC)n1c3ccccc3c3c4c(c5c6ccccc6n2c5c31)C(=O)NC4
4LGG,3G5D,P00523,SRC,1N1 GOL,Cc1nc(Nc2ncc(C(=O)Nc3c(C)cccc3Cl)s2)cc(N2CCN(CCO)CC2)n1 OCC(O)CO
4LGG,4O2P,P00523,SRC,11V,Cl[C@@H](Cn1ncc2c(Nc3ccccc3)nc(SCCN3CCOCC3)nc21)c1ccccc1
4LGG,4YBJ,P00523,SRC,4A9,Cc1nc(Nc2ncc(C(=O)Nc3cccc(NC(=O)c4cccc(C(F)(F)F)c4)c3)s2)cc(N2CCN(CCO)CC2)n1
4MXX,3F3V,P12931,SRC,1BU,Cc1cccc(-n2nc(C(C)(C)C)cc2NC(=O)Nc2ccc(Nc3ncnc4ccc(N)cc34)cc2)c1
3F6X,5J5S,P00523,SRC,6G3,CC(C)c1nc(-c2ccc(NC(=O)Nc3cccc(C(F)(F)F)c3)c3ccccc23)c2c(N)nccn12
3F6X,3F3V,P00523,SRC,1BU,Cc1cccc(-n2nc(C(C)(C)C)cc2NC(=O)Nc2ccc(Nc3ncnc4ccc(N)cc34)cc2)c1
3F6X,3UQF,P00523,SRC,BK5,CCOc1ccc2cc(-c3nn(C(C)C)c4ncnc(N)c34)ccc2c1
3F6X,4O2P,P00523,SRC,11V,Cl[C@@H](Cn1ncc2c(Nc3ccccc3)nc(SCCN3CCOCC3)nc21)c1ccccc1
3DQX,3DQW,P00523,SRC,MG AGS,[Mg+2] Nc1ncnc2c1ncn2[C@@H]1O[C@H](COP(=O)(O)OP(=O)(O)OP(O)(O)=S)[C@@H](O)[C@H]1O
3DQX,5D10,P00523,SRC,563,C=CC(=O)Nc1ccc(Oc2nc(Nc3cc(C)[nH]n3)cc(N3CCN(C)CC3)n2)cc1
3EL8,3SVV,P00523,SRC,VSP,CCS(=O)(=O)Nc1cccc(Cc2nn(C(C)C)c3ncnc(N)c23)c1
3EL8,3D7T,P00523,SRC,STU,CN[C@@H]1C[C@H]2O[C@@](C)([C@@H]1OC)n1c3ccccc3c3c4c(c5c6ccccc6n2c5c31)C(=O)NC4
3EL8,4LGG,P00523,SRC,VGG,Cc1cccc(Cc2nn(C(C)(C)C)c3ncnc(N)c23)c1
3EL8,1YOL,P00523,SRC,S03,COc1cccc(-c2cn(-c3ccc(CN4CCC(O)CC4)cc3)c3ncnc(N)c23)c1
3OEZ,3EL8,P00523,SRC,PD5,CC(C)n1nc(-c2ccc(NC(=O)Nc3cccc(C(F)(F)F)c3)cc2)c2c(N)ncnc21
3OEZ,3F3V,P00523,SRC,1BU,Cc1cccc(-n2nc(C(C)(C)C)cc2NC(=O)Nc2ccc(Nc3ncnc4ccc(N)cc34)cc2)c1
3OEZ,3F6X,P00523,SRC,IHH,N#CCc1ccc(Nc2nc(Nc3cc(C4CC4)[nH]n3)c3ccccc3n2)cc1
3UQG,5J5S,P00523,SRC,6G3,CC(C)c1nc(-c2ccc(NC(=O)Nc3cccc(C(F)(F)F)c3)c3ccccc23)c2c(N)nccn12
3UQG,3DQX,P00523,SRC,AMP,Nc1ncnc2c1ncn2[C@@H]1O[C@H](COP(=O)(O)O)[C@@H](O)[C@H]1O
3UQG,5D10,P00523,SRC,563,C=CC(=O)Nc1ccc(Oc2nc(Nc3cc(C)[nH]n3)cc(N3CCN(C)CC3)n2)cc1
5TEH,2QQ7,P00523,SRC,SR2,CN(C)C/C=C/C(=O)Nc1ccc2ncnc(Nc3cccc(Br)c3)c2c1
5TEH,2HWP,P00523,SRC,DJK,C=CC(=O)Nc1ccc2ncnc(Nc3cccc(Br)c3)c2c1
5TEH,3EN5,P00523,SRC,KS4,COc1ccc(-c2nn(C3CCC3)c3ncnc(N)c23)cc1OC
5TEH,4YBK,P00523,SRC,4B7,Cc1nc(Nc2ncc(C(=O)Nc3ccc(Oc4ccccc4)cc3)s2)cc(N2CCN(CCO)CC2)n1
4MXZ,3D7T,P12931,SRC,STU,CN[C@@H]1C[C@H]2O[C@@](C)([C@@H]1OC)n1c3ccccc3c3c4c(c5c6ccccc6n2c5c31)C(=O)NC4
4MXZ,5D12,P12931,SRC,G97,C=CC(=O)Nc1ccc2c(Nc3cc[nH]n3)nc(-c3ccccc3)nc2c1
3EN5,4O2P,P00523,SRC,11V,Cl[C@@H](Cn1ncc2c(Nc3ccccc3)nc(SCCN3CCOCC3)nc21)c1ccccc1
3EN5,4YBJ,P00523,SRC,4A9,Cc1nc(Nc2ncc(C(=O)Nc3cccc(NC(=O)c4cccc(C(F)(F)F)c4)c3)s2)cc(N2CCN(CCO)CC2)n1
5D12,5XP7,P00523,SRC,GOL MG 8C6,OCC(O)CO [Mg+2] Nc1ncnc2c1ncn2[C@@H]1O[C@H](COP(=O)(O)[C@H](Cl)P(=O)(O)O)[C@@H](O)[C@H]1O
3EL7,3G5D,P00523,SRC,1N1 GOL,Cc1nc(Nc2ncc(C(=O)Nc3c(C)cccc3Cl)s2)cc(N2CCN(CCO)CC2)n1 OCC(O)CO
3EL7,3EN7,P00523,SRC,ABJ,CC(C)n1nc(-c2cccc(O)c2)c2c(N)ncnc21
3EL7,4U5J,P00523,SRC,RXT,N#CC[C@H](C1CCCC1)n1cc(-c2ncnc3[nH]ccc23)cn1
5XP7,3G5D,P00523,SRC,1N1 GOL,Cc1nc(Nc2ncc(C(=O)Nc3c(C)cccc3Cl)s2)cc(N2CCN(CCO)CC2)n1 OCC(O)CO
3UQF,4FIC,P00523,SRC,0UL,Nc1nc2cnc(-c3ccccc3)cn2n1
3UQF,3DQW,P00523,SRC,MG AGS,[Mg+2] Nc1ncnc2c1ncn2[C@@H]1O[C@H](COP(=O)(O)OP(=O)(O)OP(O)(O)=S)[C@@H](O)[C@H]1O
4O2P,4MXX,P00523,SRC,DB8,COc1cc(Nc2c(C#N)cnc3cc(OCCCN4CCN(C)CC4)c(OC)cc23)c(Cl)cc1Cl
3F3W,3DQW,P00523,SRC,MG AGS,[Mg+2] Nc1ncnc2c1ncn2[C@@H]1O[C@H](COP(=O)(O)OP(=O)(O)OP(O)(O)=S)[C@@H](O)[C@H]1O
3F3W,3TZ7,P00523,SRC,AQB,CN(C)CCCC(=O)Nc1ccc2ncnc(Nc3ccc(NC(=O)Nc4cc(C(C)(C)C)nn4-c4cccc(N)c4)cc3)c2c1
3F3W,5K9I,P00523,SRC,O44,C#CCNC(=O)c1cc(Nc2cc(C3CC3)n[nH]2)nc(N2CCN(Cc3ccc(S(=O)(=O)F)cc3)CC2)n1
3SVV,3UQF,P00523,SRC,BK5,CCOc1ccc2cc(-c3nn(C(C)C)c4ncnc(N)c34)ccc2c1
3SVV,5D11,P00523,SRC,GOL 56G,OCC(O)CO C=CC(=O)Nc1cccc(Oc2nc(Nc3cc(C)[nH]n3)cc(N3CCN(C)CC3)n2)c1
3SVV,4DGG,P00523,SRC,I76,CC(C)n1nc(-c2ccc3cc(OCc4cccc(Cl)c4)ccc3c2)c2c(N)ncnc21
3SVV,5SWH,P00523,SRC,71D,COCCn1c(C[C@H](C#N)C(=O)NC(C)C)c(-c2ccc(Cl)cc2)c2c(N)ncnc21
4LGH,3GEQ,P00523,SRC,PP2,CC(C)(C)n1[nH+]c(-c2ccc(Cl)cc2)c2c(N)ncnc21
4LGH,3EN4,P00523,SRC,KS1,Nc1ncnc2c1c(-c1cnc3[nH]ccc3c1)nn2C1CCCC1
4LGH,4DGG,P00523,SRC,I76,CC(C)n1nc(-c2ccc3cc(OCc4cccc(Cl)c4)ccc3c2)c2c(N)ncnc21
5D10,3UQG,P00523,SRC,B5A,Nc1ncnc2c1cnn2CC1CCNCC1
5D10,4YBJ,P00523,SRC,4A9,Cc1nc(Nc2ncc(C(=O)Nc3cccc(NC(=O)c4cccc(C(F)(F)F)c4)c3)s2)cc(N2CCN(CCO)CC2)n1
3DQW,3F6X,P00523,SRC,IHH,N#CCc1ccc(Nc2nc(Nc3cc(C4CC4)[nH]n3)c3ccccc3n2)cc1
2HWP,3TZ7,P00523,SRC,AQB,CN(C)CCCC(=O)Nc1ccc2ncnc(Nc3ccc(NC(=O)Nc4cc(C(C)(C)C)nn4-c4cccc(N)c4)cc3)c2c1
4X2F,3KCF,P36897,TGFBR1,JZO PO4,COCc1cccc(-c2c(-c3ccc4nccnc4c3)n(C)n(C)c2=O)c1 O=P([O-])([O-])[O-]
4X2F,3TZM,P36897,TGFBR1,085,NC(=O)c1ccc(-c2nc(-c3ccccn3)c(-c3ccc4c(c3)OCO4)[nH]2)cc1
4X2F,4X2K,P36897,TGFBR1,3WO SO4,Nc1cccc(Nc2ncnc3c2C(=O)CC=N3)c1 O=S(=O)([O-])[O-]
4X2F,3HMM,P36897,TGFBR1,855,Cc1cccc(-c2nc(Nc3ccncc3)c3ccccc3n2)n1
2X7O,4X2F,P36897,TGFBR1,SO4 3WJ,O=S(=O)([O-])[O-] Nc1ccc(-n2ccc(=O)c3c(N)ncnc32)cc1
2X7O,1PY5,P36897,TGFBR1,SO4 PY1,O=S(=O)([O-])[O-] c1ccc(-c2n[nH]cc2-c2ccnc3ccccc23)nc1
2X7O,3TZM,P36897,TGFBR1,085,NC(=O)c1ccc(-c2nc(-c3ccccn3)c(-c3ccc4c(c3)OCO4)[nH]2)cc1
2X7O,2WOU,P36897,TGFBR1,EDO ZZF,OCCO Cc1ccc(Oc2ccnc(Nc3ccc(S(N)(=O)=O)cc3)c2)c(C)n1
2X7O,3HMM,P36897,TGFBR1,855,Cc1cccc(-c2nc(Nc3ccncc3)c3ccccc3n2)n1
5E8W,3GXL,P36897,TGFBR1,QIG,Cc1cccc(-c2nc(Nc3ccc4[nH]ncc4c3)c3ccccc3n2)n1
5E8W,2WOT,P36897,TGFBR1,ZZG EDO,COc1cc(Nc2cc(Oc3cc(C)c(C)nc3-c3ccccn3)ccn2)cc(OC)c1OC OCCO
5E8W,2WOU,P36897,TGFBR1,EDO ZZF,OCCO Cc1ccc(Oc2ccnc(Nc3ccc(S(N)(=O)=O)cc3)c2)c(C)n1
5E8W,4X0M,P36897,TGFBR1,3WA SO4,Nc1ncnc2[nH]ccc(=O)c12 O=S(=O)([O-])[O-]
5E8W,5FRI,P36897,TGFBR1,EDO ZUQ,OCCO O=C(Nc1cc(Nc2c(Cl)cnc3c2OCO3)ccn1)C1CC1
1PY5,4X2F,P36897,TGFBR1,SO4 3WJ,O=S(=O)([O-])[O-] Nc1ccc(-n2ccc(=O)c3c(N)ncnc32)cc1
1PY5,3KCF,P36897,TGFBR1,JZO PO4,COCc1cccc(-c2c(-c3ccc4nccnc4c3)n(C)n(C)c2=O)c1 O=P([O-])([O-])[O-]
1PY5,1VJY,P36897,TGFBR1,460,Cc1cccc(C2=C(c3ccc4ncccc4n3)CNN2)n1
1PY5,2WOT,P36897,TGFBR1,ZZG EDO,COc1cc(Nc2cc(Oc3cc(C)c(C)nc3-c3ccccn3)ccn2)cc(OC)c1OC OCCO
1PY5,5E90,P36897,TGFBR1,5L4,Nc1ncc(-c2ccc(CCO)cc2)nc1C(=O)Nc1cnccc1N1CCOCC1
1PY5,2WOU,P36897,TGFBR1,EDO ZZF,OCCO Cc1ccc(Oc2ccnc(Nc3ccc(S(N)(=O)=O)cc3)c2)c(C)n1
1VJY,1PY5,P36897,TGFBR1,SO4 PY1,O=S(=O)([O-])[O-] c1ccc(-c2n[nH]cc2-c2ccnc3ccccc23)nc1
1VJY,4X0M,P36897,TGFBR1,3WA SO4,Nc1ncnc2[nH]ccc(=O)c12 O=S(=O)([O-])[O-]
2WOU,4X2F,P36897,TGFBR1,SO4 3WJ,O=S(=O)([O-])[O-] Nc1ccc(-n2ccc(=O)c3c(N)ncnc32)cc1
2WOU,1PY5,P36897,TGFBR1,SO4 PY1,O=S(=O)([O-])[O-] c1ccc(-c2n[nH]cc2-c2ccnc3ccccc23)nc1
2WOU,1RW8,P36897,TGFBR1,580,Cc1cccc(-c2nn3c(c2-c2ccc(F)cc2)CCC3)n1
2WOU,5FRI,P36897,TGFBR1,EDO ZUQ,OCCO O=C(Nc1cc(Nc2c(Cl)cnc3c2OCO3)ccn1)C1CC1
2WOU,4X2J,P36897,TGFBR1,3WN SO4,Nc1cccc(Nc2ncnc3[nH]ccc(=O)c23)c1 O=S(=O)([O-])[O-]
3KCF,3FAA,P36897,TGFBR1,55F PO4,CC(=O)Nc1nc(-c2ccc(F)c(C)n2)c(-c2ccc3nccnc3c2)[nH]1 O=P([O-])([O-])[O-]
3KCF,2WOT,P36897,TGFBR1,ZZG EDO,COc1cc(Nc2cc(Oc3cc(C)c(C)nc3-c3ccccn3)ccn2)cc(OC)c1OC OCCO
3KCF,5E90,P36897,TGFBR1,5L4,Nc1ncc(-c2ccc(CCO)cc2)nc1C(=O)Nc1cnccc1N1CCOCC1
3KCF,3HMM,P36897,TGFBR1,855,Cc1cccc(-c2nc(Nc3ccncc3)c3ccccc3n2)n1
3FAA,5USQ,P36897,TGFBR1,8LY,Fc1ccc(Cl)cc1-c1cc(Nc2ccnc3cn(CC4CCNCC4)nc23)ccn1
3FAA,1PY5,P36897,TGFBR1,SO4 PY1,O=S(=O)([O-])[O-] c1ccc(-c2n[nH]cc2-c2ccnc3ccccc23)nc1
3FAA,5FRI,P36897,TGFBR1,EDO ZUQ,OCCO O=C(Nc1cc(Nc2c(Cl)cnc3c2OCO3)ccn1)C1CC1
5E90,3FAA,P36897,TGFBR1,55F PO4,CC(=O)Nc1nc(-c2ccc(F)c(C)n2)c(-c2ccc3nccnc3c2)[nH]1 O=P([O-])([O-])[O-]
5E90,1VJY,P36897,TGFBR1,460,Cc1cccc(C2=C(c3ccc4ncccc4n3)CNN2)n1
5E90,3TZM,P36897,TGFBR1,085,NC(=O)c1ccc(-c2nc(-c3ccccn3)c(-c3ccc4c(c3)OCO4)[nH]2)cc1
5E90,2WOU,P36897,TGFBR1,EDO ZZF,OCCO Cc1ccc(Oc2ccnc(Nc3ccc(S(N)(=O)=O)cc3)c2)c(C)n1
5E90,3HMM,P36897,TGFBR1,855,Cc1cccc(-c2nc(Nc3ccncc3)c3ccccc3n2)n1
3TZM,4X2F,P36897,TGFBR1,SO4 3WJ,O=S(=O)([O-])[O-] Nc1ccc(-n2ccc(=O)c3c(N)ncnc32)cc1
3TZM,3GXL,P36897,TGFBR1,QIG,Cc1cccc(-c2nc(Nc3ccc4[nH]ncc4c3)c3ccccc3n2)n1
3TZM,5E90,P36897,TGFBR1,5L4,Nc1ncc(-c2ccc(CCO)cc2)nc1C(=O)Nc1cnccc1N1CCOCC1
3TZM,5FRI,P36897,TGFBR1,EDO ZUQ,OCCO O=C(Nc1cc(Nc2c(Cl)cnc3c2OCO3)ccn1)C1CC1
1RW8,3FAA,P36897,TGFBR1,55F PO4,CC(=O)Nc1nc(-c2ccc(F)c(C)n2)c(-c2ccc3nccnc3c2)[nH]1 O=P([O-])([O-])[O-]
1RW8,5USQ,P36897,TGFBR1,8LY,Fc1ccc(Cl)cc1-c1cc(Nc2ccnc3cn(CC4CCNCC4)nc23)ccn1
1RW8,3KCF,P36897,TGFBR1,JZO PO4,COCc1cccc(-c2c(-c3ccc4nccnc4c3)n(C)n(C)c2=O)c1 O=P([O-])([O-])[O-]
1RW8,1VJY,P36897,TGFBR1,460,Cc1cccc(C2=C(c3ccc4ncccc4n3)CNN2)n1
1RW8,3GXL,P36897,TGFBR1,QIG,Cc1cccc(-c2nc(Nc3ccc4[nH]ncc4c3)c3ccccc3n2)n1
1RW8,2WOT,P36897,TGFBR1,ZZG EDO,COc1cc(Nc2cc(Oc3cc(C)c(C)nc3-c3ccccn3)ccn2)cc(OC)c1OC OCCO
1RW8,5E8W,P36897,TGFBR1,GOL STU,OCC(O)CO CN[C@@H]1C[C@H]2O[C@@](C)([C@@H]1OC)n1c3ccccc3c3c4c(c5c6ccccc6n2c5c31)C(=O)NC4
1RW8,5FRI,P36897,TGFBR1,EDO ZUQ,OCCO O=C(Nc1cc(Nc2c(Cl)cnc3c2OCO3)ccn1)C1CC1
5FRI,4X2F,P36897,TGFBR1,SO4 3WJ,O=S(=O)([O-])[O-] Nc1ccc(-n2ccc(=O)c3c(N)ncnc32)cc1
5FRI,3FAA,P36897,TGFBR1,55F PO4,CC(=O)Nc1nc(-c2ccc(F)c(C)n2)c(-c2ccc3nccnc3c2)[nH]1 O=P([O-])([O-])[O-]
5FRI,5USQ,P36897,TGFBR1,8LY,Fc1ccc(Cl)cc1-c1cc(Nc2ccnc3cn(CC4CCNCC4)nc23)ccn1
5FRI,3KCF,P36897,TGFBR1,JZO PO4,COCc1cccc(-c2c(-c3ccc4nccnc4c3)n(C)n(C)c2=O)c1 O=P([O-])([O-])[O-]
5FRI,1PY5,P36897,TGFBR1,SO4 PY1,O=S(=O)([O-])[O-] c1ccc(-c2n[nH]cc2-c2ccnc3ccccc23)nc1
5FRI,4X0M,P36897,TGFBR1,3WA SO4,Nc1ncnc2[nH]ccc(=O)c12 O=S(=O)([O-])[O-]
5FRI,2X7O,P36897,TGFBR1,ZOP,CCN(C)C(=O)c1ccc2c(c1)NC(=O)/C2=C(/Nc1ccc(CN2CCCCC2)cc1)c1ccccc1
4X2J,4X2F,P36897,TGFBR1,SO4 3WJ,O=S(=O)([O-])[O-] Nc1ccc(-n2ccc(=O)c3c(N)ncnc32)cc1
4X2J,4X2K,P36897,TGFBR1,3WO SO4,Nc1cccc(Nc2ncnc3c2C(=O)CC=N3)c1 O=S(=O)([O-])[O-]
4X2J,2WOU,P36897,TGFBR1,EDO ZZF,OCCO Cc1ccc(Oc2ccnc(Nc3ccc(S(N)(=O)=O)cc3)c2)c(C)n1
3GXL,3KCF,P36897,TGFBR1,JZO PO4,COCc1cccc(-c2c(-c3ccc4nccnc4c3)n(C)n(C)c2=O)c1 O=P([O-])([O-])[O-]
3GXL,1PY5,P36897,TGFBR1,SO4 PY1,O=S(=O)([O-])[O-] c1ccc(-c2n[nH]cc2-c2ccnc3ccccc23)nc1
3GXL,3TZM,P36897,TGFBR1,085,NC(=O)c1ccc(-c2nc(-c3ccccn3)c(-c3ccc4c(c3)OCO4)[nH]2)cc1
4X2K,5USQ,P36897,TGFBR1,8LY,Fc1ccc(Cl)cc1-c1cc(Nc2ccnc3cn(CC4CCNCC4)nc23)ccn1
4X2K,2WOT,P36897,TGFBR1,ZZG EDO,COc1cc(Nc2cc(Oc3cc(C)c(C)nc3-c3ccccn3)ccn2)cc(OC)c1OC OCCO
4X2K,5E90,P36897,TGFBR1,5L4,Nc1ncc(-c2ccc(CCO)cc2)nc1C(=O)Nc1cnccc1N1CCOCC1
4X2K,2X7O,P36897,TGFBR1,ZOP,CCN(C)C(=O)c1ccc2c(c1)NC(=O)/C2=C(/Nc1ccc(CN2CCCCC2)cc1)c1ccccc1
4X2K,5FRI,P36897,TGFBR1,EDO ZUQ,OCCO O=C(Nc1cc(Nc2c(Cl)cnc3c2OCO3)ccn1)C1CC1
5E8Z,3KCF,P36897,TGFBR1,JZO PO4,COCc1cccc(-c2c(-c3ccc4nccnc4c3)n(C)n(C)c2=O)c1 O=P([O-])([O-])[O-]
5E8Z,3HMM,P36897,TGFBR1,855,Cc1cccc(-c2nc(Nc3ccncc3)c3ccccc3n2)n1
5E8Z,2X7O,P36897,TGFBR1,ZOP,CCN(C)C(=O)c1ccc2c(c1)NC(=O)/C2=C(/Nc1ccc(CN2CCCCC2)cc1)c1ccccc1
2WOT,4X2F,P36897,TGFBR1,SO4 3WJ,O=S(=O)([O-])[O-] Nc1ccc(-n2ccc(=O)c3c(N)ncnc32)cc1
2WOT,5USQ,P36897,TGFBR1,8LY,Fc1ccc(Cl)cc1-c1cc(Nc2ccnc3cn(CC4CCNCC4)nc23)ccn1
2WOT,1VJY,P36897,TGFBR1,460,Cc1cccc(C2=C(c3ccc4ncccc4n3)CNN2)n1
2WOT,4X2K,P36897,TGFBR1,3WO SO4,Nc1cccc(Nc2ncnc3c2C(=O)CC=N3)c1 O=S(=O)([O-])[O-]
2WOT,2WOU,P36897,TGFBR1,EDO ZZF,OCCO Cc1ccc(Oc2ccnc(Nc3ccc(S(N)(=O)=O)cc3)c2)c(C)n1
2WOT,2X7O,P36897,TGFBR1,ZOP,CCN(C)C(=O)c1ccc2c(c1)NC(=O)/C2=C(/Nc1ccc(CN2CCCCC2)cc1)c1ccccc1
2WOT,5FRI,P36897,TGFBR1,EDO ZUQ,OCCO O=C(Nc1cc(Nc2c(Cl)cnc3c2OCO3)ccn1)C1CC1
2WOT,4X2J,P36897,TGFBR1,3WN SO4,Nc1cccc(Nc2ncnc3[nH]ccc(=O)c23)c1 O=S(=O)([O-])[O-]
3HMM,4X2K,P36897,TGFBR1,3WO SO4,Nc1cccc(Nc2ncnc3c2C(=O)CC=N3)c1 O=S(=O)([O-])[O-]
3HMM,2WOT,P36897,TGFBR1,ZZG EDO,COc1cc(Nc2cc(Oc3cc(C)c(C)nc3-c3ccccn3)ccn2)cc(OC)c1OC OCCO
3HMM,4X0M,P36897,TGFBR1,3WA SO4,Nc1ncnc2[nH]ccc(=O)c12 O=S(=O)([O-])[O-]
3HMM,2X7O,P36897,TGFBR1,ZOP,CCN(C)C(=O)c1ccc2c(c1)NC(=O)/C2=C(/Nc1ccc(CN2CCCCC2)cc1)c1ccccc1
3HMM,4X2J,P36897,TGFBR1,3WN SO4,Nc1cccc(Nc2ncnc3[nH]ccc(=O)c23)c1 O=S(=O)([O-])[O-]
5E8X,4X2F,P36897,TGFBR1,SO4 3WJ,O=S(=O)([O-])[O-] Nc1ccc(-n2ccc(=O)c3c(N)ncnc32)cc1
5E8X,1PY5,P36897,TGFBR1,SO4 PY1,O=S(=O)([O-])[O-] c1ccc(-c2n[nH]cc2-c2ccnc3ccccc23)nc1
5E8X,1VJY,P36897,TGFBR1,460,Cc1cccc(C2=C(c3ccc4ncccc4n3)CNN2)n1
5E8X,4X2K,P36897,TGFBR1,3WO SO4,Nc1cccc(Nc2ncnc3c2C(=O)CC=N3)c1 O=S(=O)([O-])[O-]
5E8X,2WOU,P36897,TGFBR1,EDO ZZF,OCCO Cc1ccc(Oc2ccnc(Nc3ccc(S(N)(=O)=O)cc3)c2)c(C)n1
5E8X,4X2J,P36897,TGFBR1,3WN SO4,Nc1cccc(Nc2ncnc3[nH]ccc(=O)c23)c1 O=S(=O)([O-])[O-]
4X0M,5USQ,P36897,TGFBR1,8LY,Fc1ccc(Cl)cc1-c1cc(Nc2ccnc3cn(CC4CCNCC4)nc23)ccn1
4X0M,3KCF,P36897,TGFBR1,JZO PO4,COCc1cccc(-c2c(-c3ccc4nccnc4c3)n(C)n(C)c2=O)c1 O=P([O-])([O-])[O-]
4X0M,1VJY,P36897,TGFBR1,460,Cc1cccc(C2=C(c3ccc4ncccc4n3)CNN2)n1
4X0M,3GXL,P36897,TGFBR1,QIG,Cc1cccc(-c2nc(Nc3ccc4[nH]ncc4c3)c3ccccc3n2)n1
4X0M,4X2K,P36897,TGFBR1,3WO SO4,Nc1cccc(Nc2ncnc3c2C(=O)CC=N3)c1 O=S(=O)([O-])[O-]
4X0M,3HMM,P36897,TGFBR1,855,Cc1cccc(-c2nc(Nc3ccncc3)c3ccccc3n2)n1
5USQ,4X2F,P36897,TGFBR1,SO4 3WJ,O=S(=O)([O-])[O-] Nc1ccc(-n2ccc(=O)c3c(N)ncnc32)cc1
5USQ,5E90,P36897,TGFBR1,5L4,Nc1ncc(-c2ccc(CCO)cc2)nc1C(=O)Nc1cnccc1N1CCOCC1
5USQ,5FRI,P36897,TGFBR1,EDO ZUQ,OCCO O=C(Nc1cc(Nc2c(Cl)cnc3c2OCO3)ccn1)C1CC1
1NQ2,1NAX,P10828,THRB,IH5,CC(C)c1cc(Oc2c(Cl)cc(CC(=O)O)cc2Cl)ccc1O
1NQ2,1Y0X,P10828,THRB,CAC T44,C[As](C)(=O)[O-] N[C@@H](Cc1cc(I)c(Oc2cc(I)c(O)c(I)c2)c(I)c1)C(=O)O
1NQ2,3IMY,P10828,THRB,B72,Cc1cc(OCC(=O)O)cc(C)c1Cc1ccc(O)c(C(C)C)c1
1NQ2,1R6G,P10828,THRB,442,Oc1ccc(Oc2c(Br)cc(CC(O)O)cc2Br)cc1[C@@H](O)NCCc1ccccc1
1NQ2,1N46,P10828,THRB,PFA,Cc1cc(-n2ncc(=O)[nH]c2=O)cc(C)c1Oc1ccc(O)c(C(C)C)c1
1NQ2,1Q4X,P10828,THRB,G24,Cc1cc(OCC(=O)O)cc(C)c1Cc1ccc(O)c(Cc2ccccc2)c1
1NQ2,2J4A,P10828,THRB,OEF,CC(C)c1cc(Oc2c(Br)cc(CCC(=O)O)cc2Br)ccc1O
2J4A,1NAX,P10828,THRB,IH5,CC(C)c1cc(Oc2c(Cl)cc(CC(=O)O)cc2Cl)ccc1O
2J4A,1Y0X,P10828,THRB,CAC T44,C[As](C)(=O)[O-] N[C@@H](Cc1cc(I)c(Oc2cc(I)c(O)c(I)c2)c(I)c1)C(=O)O
2J4A,3IMY,P10828,THRB,B72,Cc1cc(OCC(=O)O)cc(C)c1Cc1ccc(O)c(C(C)C)c1
2J4A,1NUO,P10828,THRB,4HY,O=C(O)Cc1cc(I)c(Oc2ccc(O)c(I)c2)c(I)c1
2J4A,1R6G,P10828,THRB,442,Oc1ccc(Oc2c(Br)cc(CC(O)O)cc2Br)cc1[C@@H](O)NCCc1ccccc1
2J4A,1N46,P10828,THRB,PFA,Cc1cc(-n2ncc(=O)[nH]c2=O)cc(C)c1Oc1ccc(O)c(C(C)C)c1
2J4A,1Q4X,P10828,THRB,G24,Cc1cc(OCC(=O)O)cc(C)c1Cc1ccc(O)c(Cc2ccccc2)c1
3IMY,1NAX,P10828,THRB,IH5,CC(C)c1cc(Oc2c(Cl)cc(CC(=O)O)cc2Cl)ccc1O
3IMY,1Y0X,P10828,THRB,CAC T44,C[As](C)(=O)[O-] N[C@@H](Cc1cc(I)c(Oc2cc(I)c(O)c(I)c2)c(I)c1)C(=O)O
3IMY,1NUO,P10828,THRB,4HY,O=C(O)Cc1cc(I)c(Oc2ccc(O)c(I)c2)c(I)c1
3IMY,1R6G,P10828,THRB,442,Oc1ccc(Oc2c(Br)cc(CC(O)O)cc2Br)cc1[C@@H](O)NCCc1ccccc1
3IMY,1N46,P10828,THRB,PFA,Cc1cc(-n2ncc(=O)[nH]c2=O)cc(C)c1Oc1ccc(O)c(C(C)C)c1
3IMY,1Q4X,P10828,THRB,G24,Cc1cc(OCC(=O)O)cc(C)c1Cc1ccc(O)c(Cc2ccccc2)c1
3IMY,2J4A,P10828,THRB,OEF,CC(C)c1cc(Oc2c(Br)cc(CCC(=O)O)cc2Br)ccc1O
1N46,1NAX,P10828,THRB,IH5,CC(C)c1cc(Oc2c(Cl)cc(CC(=O)O)cc2Cl)ccc1O
1N46,1Y0X,P10828,THRB,CAC T44,C[As](C)(=O)[O-] N[C@@H](Cc1cc(I)c(Oc2cc(I)c(O)c(I)c2)c(I)c1)C(=O)O
1N46,3IMY,P10828,THRB,B72,Cc1cc(OCC(=O)O)cc(C)c1Cc1ccc(O)c(C(C)C)c1
1N46,1NUO,P10828,THRB,4HY,O=C(O)Cc1cc(I)c(Oc2ccc(O)c(I)c2)c(I)c1
1N46,1R6G,P10828,THRB,442,Oc1ccc(Oc2c(Br)cc(CC(O)O)cc2Br)cc1[C@@H](O)NCCc1ccccc1
1N46,1Q4X,P10828,THRB,G24,Cc1cc(OCC(=O)O)cc(C)c1Cc1ccc(O)c(Cc2ccccc2)c1
1N46,2J4A,P10828,THRB,OEF,CC(C)c1cc(Oc2c(Br)cc(CCC(=O)O)cc2Br)ccc1O
1NQ1,1NAX,P10828,THRB,IH5,CC(C)c1cc(Oc2c(Cl)cc(CC(=O)O)cc2Cl)ccc1O
1NQ1,1Y0X,P10828,THRB,CAC T44,C[As](C)(=O)[O-] N[C@@H](Cc1cc(I)c(Oc2cc(I)c(O)c(I)c2)c(I)c1)C(=O)O
1NQ1,3IMY,P10828,THRB,B72,Cc1cc(OCC(=O)O)cc(C)c1Cc1ccc(O)c(C(C)C)c1
1NQ1,1R6G,P10828,THRB,442,Oc1ccc(Oc2c(Br)cc(CC(O)O)cc2Br)cc1[C@@H](O)NCCc1ccccc1
1NQ1,1N46,P10828,THRB,PFA,Cc1cc(-n2ncc(=O)[nH]c2=O)cc(C)c1Oc1ccc(O)c(C(C)C)c1
1NQ1,1Q4X,P10828,THRB,G24,Cc1cc(OCC(=O)O)cc(C)c1Cc1ccc(O)c(Cc2ccccc2)c1
1NQ1,2J4A,P10828,THRB,OEF,CC(C)c1cc(Oc2c(Br)cc(CCC(=O)O)cc2Br)ccc1O
1NQ0,1NAX,P10828,THRB,IH5,CC(C)c1cc(Oc2c(Cl)cc(CC(=O)O)cc2Cl)ccc1O
1NQ0,1Y0X,P10828,THRB,CAC T44,C[As](C)(=O)[O-] N[C@@H](Cc1cc(I)c(Oc2cc(I)c(O)c(I)c2)c(I)c1)C(=O)O
1NQ0,3IMY,P10828,THRB,B72,Cc1cc(OCC(=O)O)cc(C)c1Cc1ccc(O)c(C(C)C)c1
1NQ0,1R6G,P10828,THRB,442,Oc1ccc(Oc2c(Br)cc(CC(O)O)cc2Br)cc1[C@@H](O)NCCc1ccccc1
1NQ0,1N46,P10828,THRB,PFA,Cc1cc(-n2ncc(=O)[nH]c2=O)cc(C)c1Oc1ccc(O)c(C(C)C)c1
1NQ0,1Q4X,P10828,THRB,G24,Cc1cc(OCC(=O)O)cc(C)c1Cc1ccc(O)c(Cc2ccccc2)c1
1NQ0,2J4A,P10828,THRB,OEF,CC(C)c1cc(Oc2c(Br)cc(CCC(=O)O)cc2Br)ccc1O
1R6G,1NAX,P10828,THRB,IH5,CC(C)c1cc(Oc2c(Cl)cc(CC(=O)O)cc2Cl)ccc1O
1R6G,1Y0X,P10828,THRB,CAC T44,C[As](C)(=O)[O-] N[C@@H](Cc1cc(I)c(Oc2cc(I)c(O)c(I)c2)c(I)c1)C(=O)O
1R6G,3IMY,P10828,THRB,B72,Cc1cc(OCC(=O)O)cc(C)c1Cc1ccc(O)c(C(C)C)c1
1R6G,1NUO,P10828,THRB,4HY,O=C(O)Cc1cc(I)c(Oc2ccc(O)c(I)c2)c(I)c1
1R6G,1N46,P10828,THRB,PFA,Cc1cc(-n2ncc(=O)[nH]c2=O)cc(C)c1Oc1ccc(O)c(C(C)C)c1
1R6G,1Q4X,P10828,THRB,G24,Cc1cc(OCC(=O)O)cc(C)c1Cc1ccc(O)c(Cc2ccccc2)c1
1R6G,2J4A,P10828,THRB,OEF,CC(C)c1cc(Oc2c(Br)cc(CCC(=O)O)cc2Br)ccc1O
3D57,1NAX,P10828,THRB,IH5,CC(C)c1cc(Oc2c(Cl)cc(CC(=O)O)cc2Cl)ccc1O
3D57,1Y0X,P10828,THRB,CAC T44,C[As](C)(=O)[O-] N[C@@H](Cc1cc(I)c(Oc2cc(I)c(O)c(I)c2)c(I)c1)C(=O)O
3D57,3IMY,P10828,THRB,B72,Cc1cc(OCC(=O)O)cc(C)c1Cc1ccc(O)c(C(C)C)c1
3D57,1R6G,P10828,THRB,442,Oc1ccc(Oc2c(Br)cc(CC(O)O)cc2Br)cc1[C@@H](O)NCCc1ccccc1
3D57,1N46,P10828,THRB,PFA,Cc1cc(-n2ncc(=O)[nH]c2=O)cc(C)c1Oc1ccc(O)c(C(C)C)c1
3D57,1Q4X,P10828,THRB,G24,Cc1cc(OCC(=O)O)cc(C)c1Cc1ccc(O)c(Cc2ccccc2)c1
3D57,2J4A,P10828,THRB,OEF,CC(C)c1cc(Oc2c(Br)cc(CCC(=O)O)cc2Br)ccc1O
1Y0X,1NAX,P10828,THRB,IH5,CC(C)c1cc(Oc2c(Cl)cc(CC(=O)O)cc2Cl)ccc1O
1Y0X,3IMY,P10828,THRB,B72,Cc1cc(OCC(=O)O)cc(C)c1Cc1ccc(O)c(C(C)C)c1
1Y0X,1NUO,P10828,THRB,4HY,O=C(O)Cc1cc(I)c(Oc2ccc(O)c(I)c2)c(I)c1
1Y0X,1R6G,P10828,THRB,442,Oc1ccc(Oc2c(Br)cc(CC(O)O)cc2Br)cc1[C@@H](O)NCCc1ccccc1
1Y0X,1N46,P10828,THRB,PFA,Cc1cc(-n2ncc(=O)[nH]c2=O)cc(C)c1Oc1ccc(O)c(C(C)C)c1
1Y0X,1Q4X,P10828,THRB,G24,Cc1cc(OCC(=O)O)cc(C)c1Cc1ccc(O)c(Cc2ccccc2)c1
1Y0X,2J4A,P10828,THRB,OEF,CC(C)c1cc(Oc2c(Br)cc(CCC(=O)O)cc2Br)ccc1O
1NAX,1Y0X,P10828,THRB,CAC T44,C[As](C)(=O)[O-] N[C@@H](Cc1cc(I)c(Oc2cc(I)c(O)c(I)c2)c(I)c1)C(=O)O
1NAX,3IMY,P10828,THRB,B72,Cc1cc(OCC(=O)O)cc(C)c1Cc1ccc(O)c(C(C)C)c1
1NAX,1NUO,P10828,THRB,4HY,O=C(O)Cc1cc(I)c(Oc2ccc(O)c(I)c2)c(I)c1
1NAX,1R6G,P10828,THRB,442,Oc1ccc(Oc2c(Br)cc(CC(O)O)cc2Br)cc1[C@@H](O)NCCc1ccccc1
1NAX,1N46,P10828,THRB,PFA,Cc1cc(-n2ncc(=O)[nH]c2=O)cc(C)c1Oc1ccc(O)c(C(C)C)c1
1NAX,1Q4X,P10828,THRB,G24,Cc1cc(OCC(=O)O)cc(C)c1Cc1ccc(O)c(Cc2ccccc2)c1
1NAX,2J4A,P10828,THRB,OEF,CC(C)c1cc(Oc2c(Br)cc(CCC(=O)O)cc2Br)ccc1O
2PIN,1NAX,P10828,THRB,IH5,CC(C)c1cc(Oc2c(Cl)cc(CC(=O)O)cc2Cl)ccc1O
2PIN,1Y0X,P10828,THRB,CAC T44,C[As](C)(=O)[O-] N[C@@H](Cc1cc(I)c(Oc2cc(I)c(O)c(I)c2)c(I)c1)C(=O)O
2PIN,3IMY,P10828,THRB,B72,Cc1cc(OCC(=O)O)cc(C)c1Cc1ccc(O)c(C(C)C)c1
2PIN,1R6G,P10828,THRB,442,Oc1ccc(Oc2c(Br)cc(CC(O)O)cc2Br)cc1[C@@H](O)NCCc1ccccc1
2PIN,1N46,P10828,THRB,PFA,Cc1cc(-n2ncc(=O)[nH]c2=O)cc(C)c1Oc1ccc(O)c(C(C)C)c1
2PIN,1Q4X,P10828,THRB,G24,Cc1cc(OCC(=O)O)cc(C)c1Cc1ccc(O)c(Cc2ccccc2)c1
2PIN,2J4A,P10828,THRB,OEF,CC(C)c1cc(Oc2c(Br)cc(CCC(=O)O)cc2Br)ccc1O
1NUO,1NAX,P10828,THRB,IH5,CC(C)c1cc(Oc2c(Cl)cc(CC(=O)O)cc2Cl)ccc1O
1NUO,1Y0X,P10828,THRB,CAC T44,C[As](C)(=O)[O-] N[C@@H](Cc1cc(I)c(Oc2cc(I)c(O)c(I)c2)c(I)c1)C(=O)O
1NUO,3IMY,P10828,THRB,B72,Cc1cc(OCC(=O)O)cc(C)c1Cc1ccc(O)c(C(C)C)c1
1NUO,1R6G,P10828,THRB,442,Oc1ccc(Oc2c(Br)cc(CC(O)O)cc2Br)cc1[C@@H](O)NCCc1ccccc1
1NUO,1N46,P10828,THRB,PFA,Cc1cc(-n2ncc(=O)[nH]c2=O)cc(C)c1Oc1ccc(O)c(C(C)C)c1
1NUO,1Q4X,P10828,THRB,G24,Cc1cc(OCC(=O)O)cc(C)c1Cc1ccc(O)c(Cc2ccccc2)c1
1NUO,2J4A,P10828,THRB,OEF,CC(C)c1cc(Oc2c(Br)cc(CCC(=O)O)cc2Br)ccc1O
3JZC,1NAX,P10828,THRB,IH5,CC(C)c1cc(Oc2c(Cl)cc(CC(=O)O)cc2Cl)ccc1O
3JZC,1Y0X,P10828,THRB,CAC T44,C[As](C)(=O)[O-] N[C@@H](Cc1cc(I)c(Oc2cc(I)c(O)c(I)c2)c(I)c1)C(=O)O
3JZC,3IMY,P10828,THRB,B72,Cc1cc(OCC(=O)O)cc(C)c1Cc1ccc(O)c(C(C)C)c1
3JZC,1R6G,P10828,THRB,442,Oc1ccc(Oc2c(Br)cc(CC(O)O)cc2Br)cc1[C@@H](O)NCCc1ccccc1
3JZC,1N46,P10828,THRB,PFA,Cc1cc(-n2ncc(=O)[nH]c2=O)cc(C)c1Oc1ccc(O)c(C(C)C)c1
3JZC,1Q4X,P10828,THRB,G24,Cc1cc(OCC(=O)O)cc(C)c1Cc1ccc(O)c(Cc2ccccc2)c1
3JZC,2J4A,P10828,THRB,OEF,CC(C)c1cc(Oc2c(Br)cc(CCC(=O)O)cc2Br)ccc1O
1Q4X,1NAX,P10828,THRB,IH5,CC(C)c1cc(Oc2c(Cl)cc(CC(=O)O)cc2Cl)ccc1O
1Q4X,1Y0X,P10828,THRB,CAC T44,C[As](C)(=O)[O-] N[C@@H](Cc1cc(I)c(Oc2cc(I)c(O)c(I)c2)c(I)c1)C(=O)O
1Q4X,3IMY,P10828,THRB,B72,Cc1cc(OCC(=O)O)cc(C)c1Cc1ccc(O)c(C(C)C)c1
1Q4X,1NUO,P10828,THRB,4HY,O=C(O)Cc1cc(I)c(Oc2ccc(O)c(I)c2)c(I)c1
1Q4X,1R6G,P10828,THRB,442,Oc1ccc(Oc2c(Br)cc(CC(O)O)cc2Br)cc1[C@@H](O)NCCc1ccccc1
1Q4X,1N46,P10828,THRB,PFA,Cc1cc(-n2ncc(=O)[nH]c2=O)cc(C)c1Oc1ccc(O)c(C(C)C)c1
1Q4X,2J4A,P10828,THRB,OEF,CC(C)c1cc(Oc2c(Br)cc(CCC(=O)O)cc2Br)ccc1O
1XMN,1MU8,P00734,F2,CDB,Cc1ccnc(CNC(=O)Cn2c(C)c[nH+]c(NCC(F)(F)c3cccc[nH+]3)c2=O)c1F
3C1K,1YPE,P00734,F2,NA UIP GOL,[Na+] CC[C@@H]1[C@@H]2[C@H](C(=O)N1Cc1ccc3c(c1)OCO3)[C@H](c1ccc(C(=N)N)cc1)N1CCC[C@@H]21 OCC(O)CO
1TA6,4HFP,P00734,F2,NA 15U,[Na+] C[C@@H]1CNc2c(cccc2S(=O)(=O)N[C@@H](CCCNC(=N)N)C(=O)N2CC[C@@H](C)C[C@@H]2C(=O)O)C1
1TA6,1LHF,P00734,F2,DI4,CC(=O)N[C@H](Cc1ccccc1)C(=O)N1CCC[C@H]1C(=O)N[C@@H](CCCCCN)B(O)O
3F68,2R2M,P00734,F2,I50,N=C(N)NOCCNC(=O)Cc1c(Cl)ccc(NCC(F)(F)c2ccccc2)c1F
1GHY,1YPG,P00734,F2,UIR,N=C(N)c1ccc([C@H]2[C@H]3C(=O)N(Cc4ccc5c(c4)OCO5)[C@H](C4CC4)[C@H]3[C@@H]3CCCN32)cc1
1GHY,1QJ1,P00734,F2,166,N=C(N)CCCC[C@@H](C(=O)O)[C@H]1c2cc(-c3ccc(O)cc3)ccc2C[C@@H]1O
2ZF0,2ZHQ,P00734,F2,NA 27U,[Na+] N=C(N)c1ccc(CNC(=O)[C@@H]2CCCN2C(=O)CCc2ccccc2)cc1
1YPG,1D9I,P00734,F2,NA 00P,[Na+] N[C@H]1CC[C@H](CNC(=O)[C@@H]2C=CCn3c(=O)n(CCS(=O)(=O)c4ccccc4)c(=O)n32)CC1
1TA2,1QHR,P00734,F2,157,N=C(N)CCCC[C@@H](C=O)[C@H]1CCC[C@@H]1O
1TA2,4UD9,P00734,F2,NA PO4 DMS GOL EDO FQI NAG,[Na+] O=P([O-])([O-])[O-] CS(C)=O OCC(O)CO OCCO NC(=O)c1ccc(Cl)s1 CC(=O)N[C@@H]1[C@@H](O)[C@H](O)[C@@H](CO)O[C@H]1O
1TA2,1BMN,P00734,F2,BM9,N=C(N)N1CCC[C@H](C(=O)NC[C@@H]2CCCN2C(=O)[C@H](CO)NS(=O)(=O)c2ccc3ccccc3c2)C1
1TA2,2CN0,P00734,F2,F25 NA CA,NC(N)c1ccc([C@H]2[C@H]3C(=O)N(Cc4ccc(F)cc4)[C@H](C(F)F)[C@H]3[C@@H]3CCCN32)cc1 [Na+] [Ca+2]
1JWT,1QBV,P00734,F2,PPX,N[C@H](Cc1ccccc1)C(=O)N1CCC[C@H]1C(=O)NCCNc1ccncc1
1TMU,1D4P,P00734,F2,NAG NA BPP,CC(=O)N[C@@H]1[C@@H](O)[C@H](O)[C@@H](CO)O[C@H]1O [Na+] N=C(N)c1ccc2[nH]c(C(=O)N3CCC(Cc4ccccc4)CC3)cc2c1
2ANK,2ZFF,P00734,F2,53U NA,N[C@H](Cc1ccccc1)C(=O)N1CCC[C@H]1C(=O)NCc1ccccc1 [Na+]
2ANK,1W7G,P00734,F2,MIU,NCCCN1CCN(C(=O)[C@H](CCCN=C(N)N)NS(=O)(=O)c2cccc(C(F)(F)F)c2)CC1
2ANK,2JH6,P00734,F2,894 NA CA,C[C@@H](C(=O)N1CCOCC1)N1CC[C@H](NS(=O)(=O)CCc2ccc(Cl)s2)C1=O [Na+] [Ca+2]
1D3P,2BVX,P00734,F2,5CB,O=C(CN1[C@H](Cl)CN=C(NCCc2ccccn2)[C@@H]1O)NCc1csc2ccc(Cl)cc12
2ZO3,1A3B,P00734,F2,T29,CCC(=O)N[C@H](Cc1ccccc1)C(=O)N1CCC[C@H]1C(=O)N[C@@H](CCCSC(=N)N)B(O)O
1G30,1JWT,P00734,F2,BLI,N/C(=N/O)N1CCC(CNC(=O)[C@@H]2CC[C@H]3CN(S(=O)(=O)Cc4ccccc4)CC(=O)N32)CC1
1DWE,1NU7,P00734,F2,0ZJ HG IMD,NC(=[NH2+])NCCC[C@H](NC(=O)[C@@H]1CCCN1C(=O)[C@@H](Cc1ccccc1)NC(=O)CS)[C@H](O)CCl [Hg+2] c1c[nH+]c[nH]1
1DWE,1T4V,P00734,F2,14A,C=CCN(C(=O)c1cc(Cl)cc(OCCCONC(=N)N)c1)C1CCCC1
1DWE,1C4V,P00734,F2,NA IH2,[Na+] CC1=C[C@@H](C(=O)NC[C@H]2CC[C@H](C(=N)N)CC2)n2c(=O)n(CC(c3ccccc3)c3ccccc3)c(=O)n2C1
1YPM,2ZIQ,P00734,F2,BEN NA 26U,N=C(N)c1ccccc1 [Na+] CC(C)CCC(=O)N1CCC[C@H]1C(=O)NCc1ccc(C(=N)N)cc1
2UUK,1YPG,P00734,F2,UIR,N=C(N)c1ccc([C@H]2[C@H]3C(=O)N(Cc4ccc5c(c4)OCO5)[C@H](C4CC4)[C@H]3[C@@H]3CCCN32)cc1
2UUK,2ZGB,P00734,F2,NA 21U,[Na+] CC(C)C[C@@H](N)C(=O)N1CCC[C@H]1C(=O)NCc1cccc(Cl)c1
2BXT,3F68,P00734,F2,91U NA,CC(=O)N[C@H](CC1CCCCC1)C(=O)N1CCC[C@H]1C(=O)NCc1cccc(Cl)c1 [Na+]
1QBV,1DOJ,P00734,F2,1Z0 NAG NA,CN[C@H](Cc1ccccc1)C(=O)N1CCC[C@H]1C(=O)N[C@@H](CCCNC(=N)N)C(=O)c1nc2ccc(C(=O)O)cc2s1 CC(=O)N[C@@H]1[C@@H](O)[C@H](O)[C@@H](CO)O[C@H]1O [Na+]
4E7R,1LHD,P00734,F2,DI2,CC(=O)N[C@H](Cc1ccccc1)C(=O)N1CCC[C@H]1C(=O)N[C@@H](CCCCN)B(O)O
2A2X,2V3H,P00734,F2,I25 NA CA,CCc1cc(OCC(C)(C)CN(C)C)cc([C@@H](Nc2ccc(C(=N)N)cc2)C(=O)O)c1 [Na+] [Ca+2]
4RKO,3EGK,P00734,F2,M18 NA,CC(C)(C)OC(=O)NCC(=O)N1CCC[C@H]1COC(=O)Cc1cccc(Cl)c1 [Na+]
1TOM,4BAO,P00734,F2,MVF NA,N=C(N)c1ccc(CNC(=O)[C@@H]2CCN2C(=O)[C@H](NCC(N)=O)C2CCCCC2)cc1 [Na+]
2ANM,1G30,P00734,F2,T87,CCOC(=O)CO/N=C(/c1ccccn1)C1(c2ccc3c(c2)nc(CNc2ccc(C(=N)N)cc2)n3C)CC1
2ZFQ,1D3Q,P00734,F2,NAG NA BT2,CC(=O)N[C@@H]1[C@@H](O)[C@H](O)[C@@H](CO)O[C@H]1O [Na+] c1ccc2c(Cc3ccc(OCCN4CCCC4)cc3)c(-c3ccc(OCCN4CCCC4)cc3)sc2c1
4BAQ,1G32,P00734,F2,R11,Cc1nc2ccccc2n1Cc1ccc2c(c1)nc(CNc1ccc(C(=N)N)cc1)n2C
1K21,3BIU,P00734,F2,10U NA NAG,N=C(N)c1ccc(CNC(=O)[C@@H]2CCCN2C(=O)CNC2CCCC2)cc1 [Na+] CC(=O)N[C@@H]1[C@@H](O)[C@H](O)[C@@H](CO)O[C@H]1O
1K21,2ZHQ,P00734,F2,NA 27U,[Na+] N=C(N)c1ccc(CNC(=O)[C@@H]2CCCN2C(=O)CCc2ccccc2)cc1
1T4V,4BAO,P00734,F2,MVF NA,N=C(N)c1ccc(CNC(=O)[C@@H]2CCN2C(=O)[C@H](NCC(N)=O)C2CCCCC2)cc1 [Na+]
1Z8I,3TU7,P00734,F2,0BM,CS(=O)(=O)N[C@H](Cc1ccccc1)C(=O)N1CCC[C@H]1C(=O)NCC1CCN(C(=N)N)CC1
2V3H,1AD8,P00734,F2,NA MDL,[Na+] CN[C@H](Cc1ccccc1)C(=O)N1CCC[C@H]1C(=O)N[C@@H](Cc1c[nH]c2ccccc12)C(=O)C(F)(F)C(F)(F)F
5AHG,2ZO3,P00734,F2,NA 33U,[Na+] N=C(N)c1ccc(CNC(=O)[C@@H]2CCCN2C(=O)[C@H](N)C(c2ccccc2)c2ccccc2)cc1
4UFG,1A61,P00734,F2,NA 00N,[Na+] N=C(N)NCCC[C@H](NC(=O)[C@@H]1CCN2CC[C@@](N)(Cc3ccccc3)C(=O)N12)[C@H](O)c1nccs1
1NM6,2ZFF,P00734,F2,53U NA,N[C@H](Cc1ccccc1)C(=O)N1CCC[C@H]1C(=O)NCc1ccccc1 [Na+]
1NM6,5AFZ,P00734,F2,NA UET PO4 NAG,[Na+] N=C(N)c1ccc(CNC(=O)CNC(=O)[C@@H](Cc2ccccc2)NS(=O)(=O)Cc2ccccc2)cc1 O=P([O-])([O-])[O-] CC(=O)N[C@@H]1[C@@H](O)[C@H](O)[C@@H](CO)O[C@H]1O
4BAH,1TBZ,P00734,F2,NA 00Q,[Na+] N=C(N)NCCC[C@H](NC(=O)[C@@H]1CCCN1C(=O)[C@H](N)Cc1ccccc1)[C@H](O)c1nc2ccccc2s1
2BXU,1C4U,P00734,F2,NA IH1,[Na+] N=C(N)[C@H]1CC[C@H](CNC(=O)[C@@H]2C=CCn3c(=O)n(CCS(=O)(=O)c4ccc(Br)cc4)c(=O)n32)CC1
1XM1,1VZQ,P00734,F2,SHY NA CA,N=C(N)c1ccc([C@H]2[C@H]3C(=O)N(Cc4ccc5c(c4)OCO5)C(=O)[C@H]3[C@@H]3C[C@@H](O)CN32)cc1 [Na+] [Ca+2]
2JH0,2C8W,P00734,F2,C7M NA,COc1ccc(S(=O)(=O)NC[C@@H](O)[C@H](Cc2ccccc2)[NH2+]Cc2cc(Cl)ccc2N2C=NNN2)cc1 [Na+]
1G37,1A3E,P00734,F2,T16,O=CCCCC(=O)N[C@@H](Cc1ccccc1)C(=O)N1CCC[C@H]1C(=O)N[C@@H](CCC(Br)Br)B(O)O
1PPB,1A46,P00734,F2,NA 00K,[Na+] NCCCC[C@H](NC(=O)[C@@H]1CCN2CC[C@@](N)(Cc3ccccc3)C(=O)N12)[C@H](O)C(=O)NC1CCCCC1
2ZFF,1ZRB,P00734,F2,062,NCc1ccc(Cl)cc1CNC(=O)[C@@H]1CCCN1C(=O)[C@@]1(O)c2ccccc2-c2c[n+]([O-])ccc21
2ZGB,1AIX,P00734,F2,T19,CC(C)[C@H](NC(=O)c1cccn1C(=O)[C@H](NC(=O)OCc1ccccc1)C(c1ccccc1)c1ccccc1)B(O)O
2ZGB,5JZY,P00734,F2,NAG DMS PO4 NA 6OV,CC(=O)N[C@@H]1[C@@H](O)[C@H](O)[C@@H](CO)O[C@H]1O CS(C)=O O=P([O-])([O-])[O-] [Na+] N=C(N)c1ccc(CNC(=O)[C@@H]2CCCN2C(=O)[C@H](N)CC2CCCCC2)cc1
1NU9,1ZGV,P00734,F2,501,CCCCNc1cc(C)nc2nc(Nc3cc(Cl)ccc3C)nn12
1NU9,4BAM,P00734,F2,NAG MM9 NA,CC(=O)N[C@@H]1[C@@H](O)[C@H](O)[C@@H](CO)O[C@H]1O CN(C)C(=O)CN[C@@H](C(=O)N1CC[C@H]1C(=O)NCc1ccc(C(=N)N)cc1)C1CCCCC1 [Na+]
1NU9,3U98,P00734,F2,NAG BJA PO4 NA,CC(=O)N[C@@H]1[C@@H](O)[C@H](O)[C@@H](CO)O[C@H]1O N=C(N)NCCC[C@@H](NS(=O)(=O)Cc1ccccc1)C(=O)N1CCC[C@H]1C(=O)NCc1ccc(C(=N)N)cc1 O=P([O-])([O-])[O-] [Na+]
1C1V,1LHD,P00734,F2,DI2,CC(=O)N[C@H](Cc1ccccc1)C(=O)N1CCC[C@H]1C(=O)N[C@@H](CCCCN)B(O)O
1AI8,1GHX,P00734,F2,ZN CA NA BMZ,[Zn+2] [Ca+2] [Na+] NC(=[NH2+])c1ccc2[nH]c(-c3ccccc3O)nc2c1
1AI8,1ZRB,P00734,F2,062,NCc1ccc(Cl)cc1CNC(=O)[C@@H]1CCCN1C(=O)[C@@]1(O)c2ccccc2-c2c[n+]([O-])ccc21
1AI8,2UUJ,P00734,F2,NA CA 896,[Na+] [Ca+2] CCN(C(=O)c1cc(C)cc(OC[C@H](C)Nc2ccncc2)c1)C(C)C
1DWC,4AX9,P00734,F2,NA N5N NAG,[Na+] N=C(N)N1CCC[C@@H](CNC(=O)C[C@H](NS(=O)(=O)c2ccc3ccccc3c2)C(=O)N(CC(=O)O)C2CC2)C1 CC(=O)N[C@@H]1[C@@H](O)[C@H](O)[C@@H](CO)O[C@H]1O
1DWC,1A3E,P00734,F2,T16,O=CCCCC(=O)N[C@@H](Cc1ccccc1)C(=O)N1CCC[C@H]1C(=O)N[C@@H](CCC(Br)Br)B(O)O
1AD8,3E6P,P00734,F2,SO4 DFK NA,O=S(=O)([O-])[O-] C[C@@H](O)[C@H](CCCNC(=N)N)NC(=O)[C@@H]1CCCN1C(=O)[C@H](N)Cc1ccccc1 [Na+]
1AD8,1NM6,P00734,F2,L86,O=C1Cn2c(Cl)cnc(c2=O)N[C@@H](Cc2ccccc2)CNCCCNCCc2ccccc2CN1
3P17,3SHC,P00734,F2,NAG NA B01,CC(=O)N[C@@H]1[C@@H](O)[C@H](O)[C@@H](CO)O[C@H]1O [Na+] N[C@H](Cc1ccccc1)C(=O)N1CCC[C@H]1C(=O)NCc1cc(Cl)ccn1
1QJ6,1C1V,P00734,F2,ZN NA BAB,[Zn+2] [Na+] NC(=[NH2+])c1ccc2nc(Cc3[nH]c4cc(C(N)=[NH2+])ccc4[nH+]3)[nH]c2c1
1D6W,2ZI2,P00734,F2,NA 24U BEN,[Na+] CCCC(=O)N1CCC[C@H]1C(=O)NCc1ccc(C(=N)N)cc1 N=C(N)c1ccccc1
2GDE,1GJ5,P00734,F2,NA 130,[Na+] N=C(N)c1ccc2[nH]c(-c3cccc(-c4ccccc4)c3O)nc2c1
2GDE,3F68,P00734,F2,91U NA,CC(=O)N[C@H](CC1CCCCC1)C(=O)N1CCC[C@H]1C(=O)NCc1cccc(Cl)c1 [Na+]
1YPL,2V3H,P00734,F2,I25 NA CA,CCc1cc(OCC(C)(C)CN(C)C)cc([C@@H](Nc2ccc(C(=N)N)cc2)C(=O)O)c1 [Na+] [Ca+2]
3DHK,2V3H,P00734,F2,I25 NA CA,CCc1cc(OCC(C)(C)CN(C)C)cc([C@@H](Nc2ccc(C(=N)N)cc2)C(=O)O)c1 [Na+] [Ca+2]
1A5G,1TA2,P00734,F2,176,N[C@@H](C(=O)N1CCC[C@H]1C(=O)NCc1cc(Cl)ccc1Cl)C(c1ccccc1)c1ccccc1
1C4Y,2JH0,P00734,F2,701 CA NA,C/C(=C\S(=O)(=O)N[C@H]1CCN([C@@H](C)C(=O)N2CCOCC2)C1=O)c1ccc(Cl)s1 [Ca+2] [Na+]
5AF9,3E6P,P00734,F2,SO4 DFK NA,O=S(=O)([O-])[O-] C[C@@H](O)[C@H](CCCNC(=N)N)NC(=O)[C@@H]1CCCN1C(=O)[C@H](N)Cc1ccccc1 [Na+]
1ZRB,2JH0,P00734,F2,701 CA NA,C/C(=C\S(=O)(=O)N[C@H]1CCN([C@@H](C)C(=O)N2CCOCC2)C1=O)c1ccc(Cl)s1 [Ca+2] [Na+]
1TBZ,1MU6,P00734,F2,CDA,Cc1cnc(NCC(F)(F)c2ccccn2)c(=O)n1CC(=O)NCc1ncccc1F
4AYY,1QJ1,P00734,F2,166,N=C(N)CCCC[C@@H](C(=O)O)[C@H]1c2cc(-c3ccc(O)cc3)ccc2C[C@@H]1O
1BCU,1C5N,P00734,F2,NA CA ESI,[Na+] [Ca+2] NC(=[NH2+])c1cc2c(I)cccc2s1
1KTT,4E7R,P00734,F2,NAG 0NW NA PO4 GOL,CC(=O)N[C@@H]1[C@@H](O)[C@H](O)[C@@H](CO)O[C@H]1O N=C(N)c1cccc(C[C@H](NS(=O)(=O)c2cccc(-c3ccc(Cl)cc3Cl)c2)C(=O)N2CCC(CCN)CC2)c1 [Na+] O=P([O-])([O-])[O-] OCC(O)CO
1KTT,5AFZ,P00734,F2,NA UET PO4 NAG,[Na+] N=C(N)c1ccc(CNC(=O)CNC(=O)[C@@H](Cc2ccccc2)NS(=O)(=O)Cc2ccccc2)cc1 O=P([O-])([O-])[O-] CC(=O)N[C@@H]1[C@@H](O)[C@H](O)[C@@H](CO)O[C@H]1O
1UVS,2ZFF,P00734,F2,53U NA,N[C@H](Cc1ccccc1)C(=O)N1CCC[C@H]1C(=O)NCc1ccccc1 [Na+]
1C4V,2ZHE,P00734,F2,NA 13U,[Na+] N=C(N)c1ccc(CNC(=O)[C@@H]2CCCN2C(=O)CNC2CCCCCCC2)cc1
2ZHF,2ZGX,P00734,F2,NA 29U,[Na+] CC[C@@H](N)C(=O)N1CCC[C@H]1C(=O)NCc1ccc(C(=N)N)cc1
2ZHF,2ZFQ,P00734,F2,NA 45U BEN GOL,[Na+] N=C(N)c1ccc(CNC(=O)[C@@H]2CCCN2C(=O)COC2CCCC2)cc1 N=C(N)c1ccccc1 OCC(O)CO
4UFF,2ZC9,P00734,F2,NA 22U,[Na+] N[C@H](Cc1ccccc1)C(=O)N1CCC[C@H]1C(=O)NCc1cccc(Cl)c1
4UFF,3U98,P00734,F2,NAG BJA PO4 NA,CC(=O)N[C@@H]1[C@@H](O)[C@H](O)[C@@H](CO)O[C@H]1O N=C(N)NCCC[C@@H](NS(=O)(=O)Cc1ccccc1)C(=O)N1CCC[C@H]1C(=O)NCc1ccc(C(=N)N)cc1 O=P([O-])([O-])[O-] [Na+]
1SB1,4AYY,P00734,F2,9MX NAG NA,C[C@@H]1CCN(C(=O)[C@H](CC(=O)NC[C@@H]2CCCN(C(=N)N)C2)NS(=O)(=O)c2ccc3ccccc3c2)[C@@H](C(=O)O)C1 CC(=O)N[C@@H]1[C@@H](O)[C@H](O)[C@@H](CO)O[C@H]1O [Na+]
1DOJ,2ZFF,P00734,F2,53U NA,N[C@H](Cc1ccccc1)C(=O)N1CCC[C@H]1C(=O)NCc1ccccc1 [Na+]
4LOY,1A3B,P00734,F2,T29,CCC(=O)N[C@H](Cc1ccccc1)C(=O)N1CCC[C@H]1C(=O)N[C@@H](CCCSC(=N)N)B(O)O
4LOY,3EQ0,P00734,F2,2TS NA,N=C(N)NCCC[C@@H](NS(=O)(=O)Cc1ccccc1)C(=O)N1CCC[C@H]1C(=O)NCc1cc(Cl)ccc1CN [Na+]
1C5N,1QJ7,P00734,F2,GR1,CCN(CC)C(=O)c1cccc(-c2ccc3c(c2)C[C@H](O)[C@H]3[C@@H](CCCCC(=N)N)C(=O)O)c1
2BDY,2GDE,P00734,F2,SN3 NA,CO[C@H](COS(=O)(=O)O)C(=O)N[C@@H](C(=O)N1[C@H](C(=O)NCCC2=CCN(C(=N)N)C2)C[C@@H]2C[C@H](O)[C@@H](O)C[C@@H]21)[C@H](Cl)C(C)C [Na+]
4UFD,1C4Y,P00734,F2,IH3,CC1=C[C@@H](C(=O)N[C@H]2CC[C@H](c3cnc(N)[nH]3)CC2)n2c(=O)n(CC(c3ccccc3)c3ccccc3)c(=O)n2C1
1OYT,3BIU,P00734,F2,10U NA NAG,N=C(N)c1ccc(CNC(=O)[C@@H]2CCCN2C(=O)CNC2CCCC2)cc1 [Na+] CC(=O)N[C@@H]1[C@@H](O)[C@H](O)[C@@H](CO)O[C@H]1O
1OYT,1D3T,P00734,F2,NAG NA BT1,CC(=O)N[C@@H]1[C@@H](O)[C@H](O)[C@@H](CO)O[C@H]1O [Na+] O=C(c1ccc(OCCN2CCCC2)nc1)c1c(-c2ccc(OCCN3CCCC3)cc2)sc2ccccc12
1OYT,2ANM,P00734,F2,CDO,N=C(N)c1ccc(CNC(=O)[C@@H]2C=CCN2C(=O)[C@@H](CC2CCCCC2)NCC(=O)O)cn1
1NT1,2ZFP,P00734,F2,19U NA,CC[C@@H](N)C(=O)N1CCC[C@H]1C(=O)NCc1cccc(Cl)c1 [Na+]
2BVX,1T4V,P00734,F2,14A,C=CCN(C(=O)c1cc(Cl)cc(OCCCONC(=N)N)c1)C1CCCC1
2PGQ,2BXT,P00734,F2,C2D,O[C@@H]1C(NCC[C@H]2CCCCN2)=NC[C@H](Cl)N1CCNCc1csc2ccc(Cl)cc12
1ZZZ,1NC6,P00760,PRSS1,ABB SO4 CA,CC(=O)N1C[C@H](O)C[C@H]1C(=O)N[C@@H](CCCNC(=N)N)C(=O)c1nc2ccccc2s1 O=S(=O)([O-])[O-] [Ca+2]
1ZZZ,1QB1,P00760,PRSS1,974 CA,Cn1ccnc1-c1cccc(Oc2[nH+]c(Oc3cc(C(=N)N)ccc3O)c(F)c(N3CCC[C@@H](C(=O)O)C3)c2F)c1 [Ca+2]
1GI1,2AYW,P00760,PRSS1,CA 1NJ BEN MES GOL,[Ca+2] COc1ccc(-c2ccc(C(=O)N[C@H](CO)C(C)(C)C)cc2C(=O)O)c(C(=O)Nc2ccc(C(=N)N)cc2)n1 N=C(N)c1ccccc1 O=S(=O)([O-])CC[NH+]1CCOCC1 OCC(O)CO
1QB6,2ZDN,P00760,PRSS1,CA 49U GOL,[Ca+2] N=C(N)c1ccc(CNC(=O)[C@@H]2CCCN2C(=O)CCC2CCCC2)cc1 OCC(O)CO
1QB6,1O2P,P00760,PRSS1,972 SO4 CL CA,CC(C)COc1cccc(-c2nc3cc(C(N)=[NH2+])c(Cl)cc3[nH]2)c1[O-] O=S(=O)([O-])[O-] [Cl-] [Ca+2]
1O2N,1C2F,P00760,PRSS1,DMS BAH ZN MG CA,CS(C)=O NC(=[NH2+])c1ccc2nc(C(O)(O)c3nc4ccc(C(N)=[NH2+])cc4[nH]3)[nH]c2c1 [Zn+2] [Mg+2] [Ca+2]
1O3H,1O36,P00760,PRSS1,607 CL CA,NC(=[NH2+])c1ccc2[nH]c(-c3cc([C@@H](CC(=O)[O-])C(=O)[O-])cc(-c4ccccc4N)c3[O-])nc2c1 [Cl-] [Ca+2]
3A84,1QB9,P00760,PRSS1,806 K CA,CC(=N)N1CCC(Oc2ccc3c4ccccc4n(Cc4ccc5ccc(C(=N)N)cc5c4)c3c2)CC1 [K+] [Ca+2]
3A84,1Y3X,P00760,PRSS1,CA UIB,[Ca+2] CC[C@@H]1[C@@H]2[C@H](C(=O)N1Cc1ccc3c(c1)OCO3)[C@H](c1ccc(C(=N)N)cc1)N(C)C2(C)C
2G5V,1O2T,P00760,PRSS1,783 CL CA,COc1cc(-c2ccccc2)c([O-])c(-c2cc3cc(C(N)=[NH2+])ccc3[nH]2)c1 [Cl-] [Ca+2]
5LH8,1MTW,P00760,PRSS1,CA DX9,[Ca+2] CC(=N)N1CC[C@H](Oc2ccc([C@H](Cc3ccc4ccc(C(=N)N)cc4c3)C(=O)O)cc2)C1
5LH8,1O2Q,P00760,PRSS1,CA SO4 991,[Ca+2] O=S(=O)([O-])[O-] NC(=[NH2+])c1cc2cc(-c3cccc(OC4CCCC4)c3[O-])[nH]c2cc1Cl
1O2H,1Y3W,P00760,PRSS1,CA UIP,[Ca+2] CC[C@@H]1[C@@H]2[C@H](C(=O)N1Cc1ccc3c(c1)OCO3)[C@H](c1ccc(C(=N)N)cc1)N1CCC[C@@H]21
1O2T,2AH4,P00760,PRSS1,GBS SO4 CA,N=C(N)Nc1ccc(C(=O)O)cc1 O=S(=O)([O-])[O-] [Ca+2]
1BTZ,1LQE,P00760,PRSS1,CA SO4 IMA,[Ca+2] O=S(=O)([O-])[O-] C[N+](C)(C)c1ccc(CNC(=O)c2cc3cc(OCc4ccccc4)ccc3n2Cc2cccc(C(=N)N)c2)cc1
1O2U,3RXO,P00760,PRSS1,CA GOL DMS SW2,[Ca+2] OCC(O)CO CS(C)=O NCc1cccc(-n2cccc2)c1
3A8C,4MTB,P00760,PRSS1,IMD BZY CA,c1c[nH+]c[nH]1 C[C@H](NC(=O)[C@H](N)CCc1ccc(O)cc1)C(=O)NCc1ccc(C(=N)N)cc1 [Ca+2]
3A83,1TYN,P00760,PRSS1,CTA,N=C(N)NCCC[C@@H]1NC(=O)[C@@H]2CCCN2C(=O)[C@@H](NC=O)CNC(=O)/C=C/[C@H](Cc2ccc(O)cc2)NC(=O)[C@@H](Cc2ccccc2)NC(=O)C1=O
3A83,1TX8,P00760,PRSS1,CA AM4,[Ca+2] CS(=O)(=O)c1ccc(C(=N)N)cc1
1K1P,1YP9,P00760,PRSS1,CA UIZ GOL,[Ca+2] N=C(N)c1ccc([C@H]2[C@H]3C(=O)N(Cc4ccc5c(c4)OCO5)[C@@H](Cc4ccccc4)[C@H]3[C@@H]3CCCN32)cc1 OCC(O)CO
1Y3V,3NKK,P00760,PRSS1,JLZ CA DMS,Cc1ccc(C(=N)N)cc1F [Ca+2] CS(C)=O
1C2I,5LGO,P00760,PRSS1,6VZ CA DMS,CNC(=O)[C@@H]1C[C@H](N2CCc3c(ncnc3OCCC3CC3)C2)CN1C(=O)c1ccc(CN)c(OC)c1 [Ca+2] CS(C)=O
1C2I,3RXK,P00760,PRSS1,CA GOL DMS SZ8,[Ca+2] OCC(O)CO CS(C)=O COC(=O)[C@@H]1C[C@@H](N)CN1C
1C2I,1K1O,P00760,PRSS1,CA IGN,[Ca+2] N=C(N)NCCCNC(=O)[C@@H]1CCCCN1C(=O)[C@@H](CC1CCCCC1)NCC(=O)O
3A80,3A7W,P00760,PRSS1,O04 SO4 GOL CA,N=C(N)c1ccc(/C=N/O[C@H]2CCCCO2)cc1 O=S(=O)([O-])[O-] OCC(O)CO [Ca+2]
2AH4,1RXP,P00760,PRSS1,CA SO4 169,[Ca+2] O=S(=O)([O-])[O-] CC(C)(C)NC(=O)N1CCN(C(=O)N[C@H](C(=O)O)[C@H](C=O)CCCNC(=N)N)CC1
2AH4,2AYW,P00760,PRSS1,CA 1NJ BEN MES GOL,[Ca+2] COc1ccc(-c2ccc(C(=O)N[C@H](CO)C(C)(C)C)cc2C(=O)O)c(C(=O)Nc2ccc(C(=N)N)cc2)n1 N=C(N)c1ccccc1 O=S(=O)([O-])CC[NH+]1CCOCC1 OCC(O)CO
1O30,5LGO,P00760,PRSS1,6VZ CA DMS,CNC(=O)[C@@H]1C[C@H](N2CCc3c(ncnc3OCCC3CC3)C2)CN1C(=O)c1ccc(CN)c(OC)c1 [Ca+2] CS(C)=O
3NK8,3PM3,P00760,PRSS1,CA TFN SO4 GOL,[Ca+2] CC(C)(C)OC[C@@H](NS(=O)(=O)Cc1ccccc1)C(=O)NCC(=O)NCc1ccc(C(=N)N)cc1 O=S(=O)([O-])[O-] OCC(O)CO
3NK8,1YYY,P00760,PRSS1,CA 0KV,[Ca+2] N=C(N)N1CCC[C@@H](C[C@@H](C=O)NC(=O)CN2CCC[C@H](NS(=O)(=O)Cc3ccccc3)C2=O)C1
3A85,3M35,P00760,PRSS1,M35 CA,CS(=O)(=O)c1ccccc1-c1ccc(NC(=O)c2cc(C(F)(F)F)nn2-c2cccc(CN)c2)c(F)c1 [Ca+2]
3A85,1O2T,P00760,PRSS1,783 CL CA,COc1cc(-c2ccccc2)c([O-])c(-c2cc3cc(C(N)=[NH2+])ccc3[nH]2)c1 [Cl-] [Ca+2]
3RXJ,1EB2,P00760,PRSS1,SO4 CA BPO,O=S(=O)([O-])[O-] [Ca+2] N=C(N)c1cccc(C(=O)N[C@@H](C(=O)N2CCC(C(=O)c3ccccc3)CC2)c2ccccc2)c1
1C2K,1AZ8,P00760,PRSS1,IN4,COC(=O)C[C@H](CCc1ccc(C(=N)N)cc1)c1cccc(C(=N)N)c1
1C2K,3PLP,P00760,PRSS1,GOL BBA CA,OCC(O)CO N=C(N)c1ccc(C[C@@H]2CCCC[C@@H](Cc3ccc(C(=N)N)cc3)C2=O)cc1 [Ca+2]
1C2K,1O2Q,P00760,PRSS1,CA SO4 991,[Ca+2] O=S(=O)([O-])[O-] NC(=[NH2+])c1cc2cc(-c3cccc(OC4CCCC4)c3[O-])[nH]c2cc1Cl
1MAY,1O30,P00760,PRSS1,693 CL CA,NC(=[NH2+])c1ccc2[nH]c(-c3cc([C@@H](CC(=O)[O-])C(=O)[O-])cc(-c4ccccc4F)c3[O-])nc2c1 [Cl-] [Ca+2]
1MAY,1YYY,P00760,PRSS1,CA 0KV,[Ca+2] N=C(N)N1CCC[C@@H](C[C@@H](C=O)NC(=O)CN2CCC[C@H](NS(=O)(=O)Cc3ccccc3)C2=O)C1
1O3N,3UQO,P00760,PRSS1,CA 3YH,[Ca+2] N=C(N)c1cccc(-c2nocc2C(=O)Nc2ccc(-c3ccccc3S(N)(=O)=O)cc2)c1
1O3N,2ZDM,P00760,PRSS1,CA 46U GOL,[Ca+2] N=C(N)c1ccc(CNC(=O)[C@@H]2CCCN2C(=O)COC2CCCCC2)cc1 OCC(O)CO
3PM3,1O35,P00760,PRSS1,802 SO4 CA,NC(=[NH2+])c1ccc2[nH]c(-c3cc(F)ccc3[O-])nc2c1 O=S(=O)([O-])[O-] [Ca+2]
3A82,1O3O,P00760,PRSS1,CA 785,[Ca+2] NC(=[NH2+])c1ccc2[nH]c(-c3cc(OC(F)(F)F)ccc3[O-])nc2c1
1C2D,3M35,P00760,PRSS1,M35 CA,CS(=O)(=O)c1ccccc1-c1ccc(NC(=O)c2cc(C(F)(F)F)nn2-c2cccc(CN)c2)c(F)c1 [Ca+2]
1C2D,1MTW,P00760,PRSS1,CA DX9,[Ca+2] CC(=N)N1CC[C@H](Oc2ccc([C@H](Cc3ccc4ccc(C(=N)N)cc4c3)C(=O)O)cc2)C1
2ZFT,3VPK,P00760,PRSS1,GHS CA E4B,N=C(N)NCCCCCC(=O)O [Ca+2] CCOC(=O)c1ccc(O)cc1
2ZDK,3A7Y,P00760,PRSS1,O13 GOL CA,CN1CCC[C@@H](O/N=C/c2ccc(C(=N)N)cc2)C1 OCC(O)CO [Ca+2]
1Y3U,2TGD,P00760,PRSS1,DFP CA,CC(C)O[PH](=O)OC(C)C [Ca+2]
1PPH,2ZQ2,P00760,PRSS1,CA 13U GOL,[Ca+2] N=C(N)c1ccc(CNC(=O)[C@@H]2CCCN2C(=O)CNC2CCCCCCC2)cc1 OCC(O)CO
3A8D,1QB9,P00760,PRSS1,806 K CA,CC(=N)N1CCC(Oc2ccc3c4ccccc4n(Cc4ccc5ccc(C(=N)N)cc5c4)c3c2)CC1 [K+] [Ca+2]
1XUG,1TPP,P00760,PRSS1,SO4 CA APA,O=S(=O)([O-])[O-] [Ca+2] N=C(N)c1ccc(C[C@H](O)C(=O)O)cc1
1AZ8,1XUI,P00760,PRSS1,NA BAO CA,[Na+] N=C(N)c1ccc2nc(C(=O)c3nc4ccc(C(=N)N)cc4[nH]3)[nH]c2c1 [Ca+2]
1GBT,1O2K,P00760,PRSS1,CL 656 SO4 CA,[Cl-] CC(C)COc1cccc(-c2nc3cc(C(N)=[NH2+])ccc3[nH]2)c1[O-] O=S(=O)([O-])[O-] [Ca+2]
1GBT,1PPH,P00760,PRSS1,CA SO4 0ZG,[Ca+2] O=S(=O)([O-])[O-] Cc1ccc(S(=O)(=O)N[C@@H](Cc2cccc(C(=N)N)c2)C(=O)N2CCCCC2)cc1
1C2G,1G3B,P00760,PRSS1,108 SO4 CA MG,C[C@H](NCc1cc(C(=N)N)ccc1O)C(=O)O O=S(=O)([O-])[O-] [Ca+2] [Mg+2]
2AYW,1O3O,P00760,PRSS1,CA 785,[Ca+2] NC(=[NH2+])c1ccc2[nH]c(-c3cc(OC(F)(F)F)ccc3[O-])nc2c1
2AYW,3RXK,P00760,PRSS1,CA GOL DMS SZ8,[Ca+2] OCC(O)CO CS(C)=O COC(=O)[C@@H]1C[C@@H](N)CN1C
1QCP,1LQE,P00760,PRSS1,CA SO4 IMA,[Ca+2] O=S(=O)([O-])[O-] C[N+](C)(C)c1ccc(CNC(=O)c2cc3cc(OCc4ccccc4)ccc3n2Cc2cccc(C(=N)N)c2)cc1
3AAV,3UQO,P00760,PRSS1,CA 3YH,[Ca+2] N=C(N)c1cccc(-c2nocc2C(=O)Nc2ccc(-c3ccccc3S(N)(=O)=O)cc2)c1
1MTU,1AUJ,P00760,PRSS1,CA PPB,[Ca+2] N#Cc1cccc(C[C@H](NC(=O)[C@@H]2CCCN2C(=O)[C@H](N)Cc2ccccc2)B(O)O)c1
3A89,1QB6,P00760,PRSS1,623 K CA,Cc1c(F)c(Oc2cccc(C(=N)N)c2)[nH+]c(Oc2cccc(C(=N)N)c2)c1F [K+] [Ca+2]
1K1N,1GI5,P00760,PRSS1,CA SO4 123,[Ca+2] O=S(=O)([O-])[O-] COc1ccc(O)c(-c2nc3cc(C(N)=[NH2+])ccc3[nH]2)c1
1K1N,1O2R,P00760,PRSS1,CR9 SO4 CL CA,C[C@H]1CCCC[C@@H]1Oc1cccc(-c2nc3cc(C(N)=[NH2+])c(F)cc3[nH]2)c1[O-] O=S(=O)([O-])[O-] [Cl-] [Ca+2]
1O2S,2AH4,P00760,PRSS1,GBS SO4 CA,N=C(N)Nc1ccc(C(=O)O)cc1 O=S(=O)([O-])[O-] [Ca+2]
1O2S,3UPE,P00760,PRSS1,GOL SO4 0CA CA,OCC(O)CO O=S(=O)([O-])[O-] CC(=N)N1CCC(Oc2cc(C(=O)O)c3cc(C(C)C)n(Cc4ccc5ccc(C(=N)N)cc5c4)c3c2)CC1 [Ca+2]
3A7W,1C5S,P00760,PRSS1,CA SO4 ESX,[Ca+2] O=S(=O)([O-])[O-] NC(=[NH2+])c1cc2ccccc2s1
3M35,1TX8,P00760,PRSS1,CA AM4,[Ca+2] CS(=O)(=O)c1ccc(C(=N)N)cc1
1QBO,3V0X,P00760,PRSS1,CA ANH GOL,[Ca+2] COC(=O)[C@H](Cc1cccc(C(=N)N)c1)NC(=O)CNS(=O)(=O)c1ccc(C)cc1 OCC(O)CO
3RXI,1O2S,P00760,PRSS1,CA CL CR4,[Ca+2] [Cl-] NC(=[NH2+])c1ccc2[nH]c(-c3ccccc3[O-])nc2c1
2ZDM,5LH8,P00760,PRSS1,DMS CA 6WH,CS(C)=O [Ca+2] COc1cc(C(=O)N2C[C@@H](n3cc(C4CC4)nn3)C[C@H]2C(=O)N[C@H]2CCCC[C@@H]2c2ccccc2)ccc1CN
3GY3,1O2K,P00760,PRSS1,CL 656 SO4 CA,[Cl-] CC(C)COc1cccc(-c2nc3cc(C(N)=[NH2+])ccc3[nH]2)c1[O-] O=S(=O)([O-])[O-] [Ca+2]
5LGO,1O2R,P00760,PRSS1,CR9 SO4 CL CA,C[C@H]1CCCC[C@@H]1Oc1cccc(-c2nc3cc(C(N)=[NH2+])c(F)cc3[nH]2)c1[O-] O=S(=O)([O-])[O-] [Cl-] [Ca+2]
1YYY,3A80,P00760,PRSS1,O15 CA,CC(C)(O/N=C/c1ccc(C(=N)N)cc1)C(=O)O [Ca+2]
1MTS,3A7W,P00760,PRSS1,O04 SO4 GOL CA,N=C(N)c1ccc(/C=N/O[C@H]2CCCCO2)cc1 O=S(=O)([O-])[O-] OCC(O)CO [Ca+2]
1O2Z,2TGD,P00760,PRSS1,DFP CA,CC(C)O[PH](=O)OC(C)C [Ca+2]
1XUI,1C5Q,P00760,PRSS1,ESI CL CA,NC(=[NH2+])c1cc2c(I)cccc2s1 [Cl-] [Ca+2]
1G3E,1YYY,P00760,PRSS1,CA 0KV,[Ca+2] N=C(N)N1CCC[C@@H](C[C@@H](C=O)NC(=O)CN2CCC[C@H](NS(=O)(=O)Cc3ccccc3)C2=O)C1
3UUZ,3A7W,P00760,PRSS1,O04 SO4 GOL CA,N=C(N)c1ccc(/C=N/O[C@H]2CCCCO2)cc1 O=S(=O)([O-])[O-] OCC(O)CO [Ca+2]
1O2M,2FX4,P00760,PRSS1,CA C1R,[Ca+2] O=CCCCC1CCNCC1
1O2I,3A7W,P00760,PRSS1,O04 SO4 GOL CA,N=C(N)c1ccc(/C=N/O[C@H]2CCCCO2)cc1 O=S(=O)([O-])[O-] OCC(O)CO [Ca+2]
1O2I,1O36,P00760,PRSS1,607 CL CA,NC(=[NH2+])c1ccc2[nH]c(-c3cc([C@@H](CC(=O)[O-])C(=O)[O-])cc(-c4ccccc4N)c3[O-])nc2c1 [Cl-] [Ca+2]
1MAX,3RXK,P00760,PRSS1,CA GOL DMS SZ8,[Ca+2] OCC(O)CO CS(C)=O COC(=O)[C@@H]1C[C@@H](N)CN1C
1MAX,2ZFS,P00760,PRSS1,CA 12U DMS GOL,[Ca+2] N=C(N)c1ccc(CNC(=O)[C@@H]2CCCN2C(=O)CNC2CCCCCC2)cc1 CS(C)=O OCC(O)CO
1MAX,1O2Q,P00760,PRSS1,CA SO4 991,[Ca+2] O=S(=O)([O-])[O-] NC(=[NH2+])c1cc2cc(-c3cccc(OC4CCCC4)c3[O-])[nH]c2cc1Cl
3V0X,1O2P,P00760,PRSS1,972 SO4 CL CA,CC(C)COc1cccc(-c2nc3cc(C(N)=[NH2+])c(Cl)cc3[nH]2)c1[O-] O=S(=O)([O-])[O-] [Cl-] [Ca+2]
5EG4,3GY8,P00760,PRSS1,CA BRN EDO,[Ca+2] N=C(N)c1ccc(N=NNc2ccc(C(=N)N)cc2)cc1 OCCO
1O2R,1C5T,P00760,PRSS1,ESP CA,NC(=[NH2+])c1cc2cccnc2s1 [Ca+2]
3AAU,3RXM,P00760,PRSS1,CA GOL DMS SW1,[Ca+2] OCC(O)CO CS(C)=O NCc1csc(-c2cccs2)n1
1C2E,1MTW,P00760,PRSS1,CA DX9,[Ca+2] CC(=N)N1CC[C@H](Oc2ccc([C@H](Cc3ccc4ccc(C(=N)N)cc4c3)C(=O)O)cc2)C1
3PLP,1O39,P00760,PRSS1,780 CA,NC(=[NH2+])c1ccc2[nH]c(-c3cccc(-c4ccccc4)c3[O-])nc2c1 [Ca+2]
1GI2,3M35,P00760,PRSS1,M35 CA,CS(=O)(=O)c1ccccc1-c1ccc(NC(=O)c2cc(C(F)(F)F)nn2-c2cccc(CN)c2)c(F)c1 [Ca+2]
2ZQ1,3M35,P00760,PRSS1,M35 CA,CS(=O)(=O)c1ccccc1-c1ccc(NC(=O)c2cc(C(F)(F)F)nn2-c2cccc(CN)c2)c(F)c1 [Ca+2]
1O36,1C5T,P00760,PRSS1,ESP CA,NC(=[NH2+])c1cc2cccnc2s1 [Ca+2]
1C5T,2ZDM,P00760,PRSS1,CA 46U GOL,[Ca+2] N=C(N)c1ccc(CNC(=O)[C@@H]2CCCN2C(=O)COC2CCCCC2)cc1 OCC(O)CO
1O35,2ZFS,P00760,PRSS1,CA 12U DMS GOL,[Ca+2] N=C(N)c1ccc(CNC(=O)[C@@H]2CCCN2C(=O)CNC2CCCCCC2)cc1 CS(C)=O OCC(O)CO
1Y3Y,2ZQ2,P00760,PRSS1,CA 13U GOL,[Ca+2] N=C(N)c1ccc(CNC(=O)[C@@H]2CCCN2C(=O)CNC2CCCCCCC2)cc1 OCC(O)CO
1GI5,1O2Q,P00760,PRSS1,CA SO4 991,[Ca+2] O=S(=O)([O-])[O-] NC(=[NH2+])c1cc2cc(-c3cccc(OC4CCCC4)c3[O-])[nH]c2cc1Cl
1O3E,3A8D,P00760,PRSS1,CA GOL O09,[Ca+2] OCC(O)CO N=C(N)c1ccc(/C=N/OCC(=O)O)cc1
2TGD,1O3O,P00760,PRSS1,CA 785,[Ca+2] NC(=[NH2+])c1ccc2[nH]c(-c3cc(OC(F)(F)F)ccc3[O-])nc2c1
2TGD,4ABF,P00760,PRSS1,CL DMS 513 EDO CA SO4,[Cl-] CS(C)=O NCc1csc2ccc(Br)cc12 OCCO [Ca+2] O=S(=O)([O-])[O-]
2ZA5,2ZEC,P20231,TPSB2,11N,NCc1ccc2c(c1)C1(CCN(C(=O)/C=C/c3ccccc3)CC1)CO2
2ZA5,2BM2,P20231,TPSB2,PM2,NCc1cccc(C2CCN(C(=O)c3cncc(CCc4ccccc4)c3)CC2)c1
2ZA5,2GDD,P20231,TPSB2,5AM,NCCCC[C@H](NC(=O)OCc1ccccc1)[C@H](O)c1noc(CN2CCN(C(=O)CCCc3ccccc3)CC2)n1
2ZA5,2FWW,P20231,TPSB2,C1R,O=CCCCC1CCNCC1
2ZA5,4A6L,P20231,TPSB2,P43,NCc1cccc(C2CCN(C(=O)c3ccc(C#Cc4ccccc4F)o3)CC2)c1
2ZA5,5F03,P20231,TPSB2,5TA,NCc1cccc(OC[C@@H]2CN(c3cccc(C#Cc4cccnc4Cl)c3)C(=O)O2)c1
2ZA5,2FS8,P20231,TPSB2,C3A,C=CCOC(=O)N[C@H](CC[C@@H]1CCNC1)C(=O)c1noc(Cc2ccc(C(=O)NC3Cc4ccccc4C3)cc2)n1
2ZA5,1A0L,P20231,TPSB2,APA,N=C(N)c1ccc(C[C@H](O)C(=O)O)cc1
2ZA5,2FS9,P20231,TPSB2,C4A,CCOC(=O)N[C@@H](CCCCN)C(=O)c1noc(Cc2ccc(C(=O)NC3Cc4ccccc4C3)cc2)n1
2FS8,2ZA5,P20231,TPSB2,2FF,NCc1ccc2c(c1)C1(CCN(C(=O)c3ccc(C#Cc4ccccc4)o3)CC1)CO2
2FS8,2ZEC,P20231,TPSB2,11N,NCc1ccc2c(c1)C1(CCN(C(=O)/C=C/c3ccccc3)CC1)CO2
2FS8,2BM2,P20231,TPSB2,PM2,NCc1cccc(C2CCN(C(=O)c3cncc(CCc4ccccc4)c3)CC2)c1
2FS8,2GDD,P20231,TPSB2,5AM,NCCCC[C@H](NC(=O)OCc1ccccc1)[C@H](O)c1noc(CN2CCN(C(=O)CCCc3ccccc3)CC2)n1
2FS8,2FWW,P20231,TPSB2,C1R,O=CCCCC1CCNCC1
2FS8,4A6L,P20231,TPSB2,P43,NCc1cccc(C2CCN(C(=O)c3ccc(C#Cc4ccccc4F)o3)CC2)c1
2FS8,5F03,P20231,TPSB2,5TA,NCc1cccc(OC[C@@H]2CN(c3cccc(C#Cc4cccnc4Cl)c3)C(=O)O2)c1
2FS8,1A0L,P20231,TPSB2,APA,N=C(N)c1ccc(C[C@H](O)C(=O)O)cc1
2FS8,2FS9,P20231,TPSB2,C4A,CCOC(=O)N[C@@H](CCCCN)C(=O)c1noc(Cc2ccc(C(=O)NC3Cc4ccccc4C3)cc2)n1
1A0L,2ZA5,P20231,TPSB2,2FF,NCc1ccc2c(c1)C1(CCN(C(=O)c3ccc(C#Cc4ccccc4)o3)CC1)CO2
1A0L,2ZEC,P20231,TPSB2,11N,NCc1ccc2c(c1)C1(CCN(C(=O)/C=C/c3ccccc3)CC1)CO2
1A0L,2BM2,P20231,TPSB2,PM2,NCc1cccc(C2CCN(C(=O)c3cncc(CCc4ccccc4)c3)CC2)c1
1A0L,2GDD,P20231,TPSB2,5AM,NCCCC[C@H](NC(=O)OCc1ccccc1)[C@H](O)c1noc(CN2CCN(C(=O)CCCc3ccccc3)CC2)n1
1A0L,2FWW,P20231,TPSB2,C1R,O=CCCCC1CCNCC1
1A0L,4A6L,P20231,TPSB2,P43,NCc1cccc(C2CCN(C(=O)c3ccc(C#Cc4ccccc4F)o3)CC2)c1
1A0L,5F03,P20231,TPSB2,5TA,NCc1cccc(OC[C@@H]2CN(c3cccc(C#Cc4cccnc4Cl)c3)C(=O)O2)c1
1A0L,2FS8,P20231,TPSB2,C3A,C=CCOC(=O)N[C@H](CC[C@@H]1CCNC1)C(=O)c1noc(Cc2ccc(C(=O)NC3Cc4ccccc4C3)cc2)n1
1A0L,2FS9,P20231,TPSB2,C4A,CCOC(=O)N[C@@H](CCCCN)C(=O)c1noc(Cc2ccc(C(=O)NC3Cc4ccccc4C3)cc2)n1
2ZEC,2ZA5,Q15661,TPSAB1,2FF,NCc1ccc2c(c1)C1(CCN(C(=O)c3ccc(C#Cc4ccccc4)o3)CC1)CO2
2ZEC,2BM2,Q15661,TPSAB1,PM2,NCc1cccc(C2CCN(C(=O)c3cncc(CCc4ccccc4)c3)CC2)c1
2ZEC,2GDD,Q15661,TPSAB1,5AM,NCCCC[C@H](NC(=O)OCc1ccccc1)[C@H](O)c1noc(CN2CCN(C(=O)CCCc3ccccc3)CC2)n1
2ZEC,2FWW,Q15661,TPSAB1,C1R,O=CCCCC1CCNCC1
2ZEC,4A6L,Q15661,TPSAB1,P43,NCc1cccc(C2CCN(C(=O)c3ccc(C#Cc4ccccc4F)o3)CC2)c1
2ZEC,5F03,Q15661,TPSAB1,5TA,NCc1cccc(OC[C@@H]2CN(c3cccc(C#Cc4cccnc4Cl)c3)C(=O)O2)c1
2ZEC,2FS8,Q15661,TPSAB1,C3A,C=CCOC(=O)N[C@H](CC[C@@H]1CCNC1)C(=O)c1noc(Cc2ccc(C(=O)NC3Cc4ccccc4C3)cc2)n1
2ZEC,1A0L,Q15661,TPSAB1,APA,N=C(N)c1ccc(C[C@H](O)C(=O)O)cc1
2ZEC,2FS9,Q15661,TPSAB1,C4A,CCOC(=O)N[C@@H](CCCCN)C(=O)c1noc(Cc2ccc(C(=O)NC3Cc4ccccc4C3)cc2)n1
2FWW,2ZA5,P20231,TPSB2,2FF,NCc1ccc2c(c1)C1(CCN(C(=O)c3ccc(C#Cc4ccccc4)o3)CC1)CO2
2FWW,2ZEC,P20231,TPSB2,11N,NCc1ccc2c(c1)C1(CCN(C(=O)/C=C/c3ccccc3)CC1)CO2
2FWW,2BM2,P20231,TPSB2,PM2,NCc1cccc(C2CCN(C(=O)c3cncc(CCc4ccccc4)c3)CC2)c1
2FWW,2GDD,P20231,TPSB2,5AM,NCCCC[C@H](NC(=O)OCc1ccccc1)[C@H](O)c1noc(CN2CCN(C(=O)CCCc3ccccc3)CC2)n1
2FWW,4A6L,P20231,TPSB2,P43,NCc1cccc(C2CCN(C(=O)c3ccc(C#Cc4ccccc4F)o3)CC2)c1
2FWW,5F03,P20231,TPSB2,5TA,NCc1cccc(OC[C@@H]2CN(c3cccc(C#Cc4cccnc4Cl)c3)C(=O)O2)c1
2FWW,2FS8,P20231,TPSB2,C3A,C=CCOC(=O)N[C@H](CC[C@@H]1CCNC1)C(=O)c1noc(Cc2ccc(C(=O)NC3Cc4ccccc4C3)cc2)n1
2FWW,1A0L,P20231,TPSB2,APA,N=C(N)c1ccc(C[C@H](O)C(=O)O)cc1
2FWW,2FS9,P20231,TPSB2,C4A,CCOC(=O)N[C@@H](CCCCN)C(=O)c1noc(Cc2ccc(C(=O)NC3Cc4ccccc4C3)cc2)n1
2GDD,2ZA5,P20231,TPSB2,2FF,NCc1ccc2c(c1)C1(CCN(C(=O)c3ccc(C#Cc4ccccc4)o3)CC1)CO2
2GDD,2ZEC,P20231,TPSB2,11N,NCc1ccc2c(c1)C1(CCN(C(=O)/C=C/c3ccccc3)CC1)CO2
2GDD,2BM2,P20231,TPSB2,PM2,NCc1cccc(C2CCN(C(=O)c3cncc(CCc4ccccc4)c3)CC2)c1
2GDD,2FWW,P20231,TPSB2,C1R,O=CCCCC1CCNCC1
2GDD,4A6L,P20231,TPSB2,P43,NCc1cccc(C2CCN(C(=O)c3ccc(C#Cc4ccccc4F)o3)CC2)c1
2GDD,5F03,P20231,TPSB2,5TA,NCc1cccc(OC[C@@H]2CN(c3cccc(C#Cc4cccnc4Cl)c3)C(=O)O2)c1
2GDD,2FS8,P20231,TPSB2,C3A,C=CCOC(=O)N[C@H](CC[C@@H]1CCNC1)C(=O)c1noc(Cc2ccc(C(=O)NC3Cc4ccccc4C3)cc2)n1
2GDD,1A0L,P20231,TPSB2,APA,N=C(N)c1ccc(C[C@H](O)C(=O)O)cc1
2GDD,2FS9,P20231,TPSB2,C4A,CCOC(=O)N[C@@H](CCCCN)C(=O)c1noc(Cc2ccc(C(=O)NC3Cc4ccccc4C3)cc2)n1
2FXR,2ZA5,P20231,TPSB2,2FF,NCc1ccc2c(c1)C1(CCN(C(=O)c3ccc(C#Cc4ccccc4)o3)CC1)CO2
2FXR,2ZEC,P20231,TPSB2,11N,NCc1ccc2c(c1)C1(CCN(C(=O)/C=C/c3ccccc3)CC1)CO2
2FXR,2BM2,P20231,TPSB2,PM2,NCc1cccc(C2CCN(C(=O)c3cncc(CCc4ccccc4)c3)CC2)c1
2FXR,2GDD,P20231,TPSB2,5AM,NCCCC[C@H](NC(=O)OCc1ccccc1)[C@H](O)c1noc(CN2CCN(C(=O)CCCc3ccccc3)CC2)n1
2FXR,2FWW,P20231,TPSB2,C1R,O=CCCCC1CCNCC1
2FXR,4A6L,P20231,TPSB2,P43,NCc1cccc(C2CCN(C(=O)c3ccc(C#Cc4ccccc4F)o3)CC2)c1
2FXR,5F03,P20231,TPSB2,5TA,NCc1cccc(OC[C@@H]2CN(c3cccc(C#Cc4cccnc4Cl)c3)C(=O)O2)c1
2FXR,1A0L,P20231,TPSB2,APA,N=C(N)c1ccc(C[C@H](O)C(=O)O)cc1
2FXR,2FS9,P20231,TPSB2,C4A,CCOC(=O)N[C@@H](CCCCN)C(=O)c1noc(Cc2ccc(C(=O)NC3Cc4ccccc4C3)cc2)n1
5F03,2ZA5,Q15661,TPSAB1,2FF,NCc1ccc2c(c1)C1(CCN(C(=O)c3ccc(C#Cc4ccccc4)o3)CC1)CO2
5F03,2ZEC,Q15661,TPSAB1,11N,NCc1ccc2c(c1)C1(CCN(C(=O)/C=C/c3ccccc3)CC1)CO2
5F03,2BM2,Q15661,TPSAB1,PM2,NCc1cccc(C2CCN(C(=O)c3cncc(CCc4ccccc4)c3)CC2)c1
5F03,2GDD,Q15661,TPSAB1,5AM,NCCCC[C@H](NC(=O)OCc1ccccc1)[C@H](O)c1noc(CN2CCN(C(=O)CCCc3ccccc3)CC2)n1
5F03,2FWW,Q15661,TPSAB1,C1R,O=CCCCC1CCNCC1
5F03,4A6L,Q15661,TPSAB1,P43,NCc1cccc(C2CCN(C(=O)c3ccc(C#Cc4ccccc4F)o3)CC2)c1
5F03,2FS8,Q15661,TPSAB1,C3A,C=CCOC(=O)N[C@H](CC[C@@H]1CCNC1)C(=O)c1noc(Cc2ccc(C(=O)NC3Cc4ccccc4C3)cc2)n1
5F03,1A0L,Q15661,TPSAB1,APA,N=C(N)c1ccc(C[C@H](O)C(=O)O)cc1
5F03,2FS9,Q15661,TPSAB1,C4A,CCOC(=O)N[C@@H](CCCCN)C(=O)c1noc(Cc2ccc(C(=O)NC3Cc4ccccc4C3)cc2)n1
4A6L,2ZA5,P20231,TPSB2,2FF,NCc1ccc2c(c1)C1(CCN(C(=O)c3ccc(C#Cc4ccccc4)o3)CC1)CO2
4A6L,2ZEC,P20231,TPSB2,11N,NCc1ccc2c(c1)C1(CCN(C(=O)/C=C/c3ccccc3)CC1)CO2
4A6L,2BM2,P20231,TPSB2,PM2,NCc1cccc(C2CCN(C(=O)c3cncc(CCc4ccccc4)c3)CC2)c1
4A6L,2GDD,P20231,TPSB2,5AM,NCCCC[C@H](NC(=O)OCc1ccccc1)[C@H](O)c1noc(CN2CCN(C(=O)CCCc3ccccc3)CC2)n1
4A6L,2FWW,P20231,TPSB2,C1R,O=CCCCC1CCNCC1
4A6L,5F03,P20231,TPSB2,5TA,NCc1cccc(OC[C@@H]2CN(c3cccc(C#Cc4cccnc4Cl)c3)C(=O)O2)c1
4A6L,2FS8,P20231,TPSB2,C3A,C=CCOC(=O)N[C@H](CC[C@@H]1CCNC1)C(=O)c1noc(Cc2ccc(C(=O)NC3Cc4ccccc4C3)cc2)n1
4A6L,1A0L,P20231,TPSB2,APA,N=C(N)c1ccc(C[C@H](O)C(=O)O)cc1
4A6L,2FS9,P20231,TPSB2,C4A,CCOC(=O)N[C@@H](CCCCN)C(=O)c1noc(Cc2ccc(C(=O)NC3Cc4ccccc4C3)cc2)n1
2BM2,2ZA5,P20231,TPSB2,2FF,NCc1ccc2c(c1)C1(CCN(C(=O)c3ccc(C#Cc4ccccc4)o3)CC1)CO2
2BM2,2ZEC,P20231,TPSB2,11N,NCc1ccc2c(c1)C1(CCN(C(=O)/C=C/c3ccccc3)CC1)CO2
2BM2,2GDD,P20231,TPSB2,5AM,NCCCC[C@H](NC(=O)OCc1ccccc1)[C@H](O)c1noc(CN2CCN(C(=O)CCCc3ccccc3)CC2)n1
2BM2,2FWW,P20231,TPSB2,C1R,O=CCCCC1CCNCC1
2BM2,4A6L,P20231,TPSB2,P43,NCc1cccc(C2CCN(C(=O)c3ccc(C#Cc4ccccc4F)o3)CC2)c1
2BM2,5F03,P20231,TPSB2,5TA,NCc1cccc(OC[C@@H]2CN(c3cccc(C#Cc4cccnc4Cl)c3)C(=O)O2)c1
2BM2,2FS8,P20231,TPSB2,C3A,C=CCOC(=O)N[C@H](CC[C@@H]1CCNC1)C(=O)c1noc(Cc2ccc(C(=O)NC3Cc4ccccc4C3)cc2)n1
2BM2,1A0L,P20231,TPSB2,APA,N=C(N)c1ccc(C[C@H](O)C(=O)O)cc1
2BM2,2FS9,P20231,TPSB2,C4A,CCOC(=O)N[C@@H](CCCCN)C(=O)c1noc(Cc2ccc(C(=O)NC3Cc4ccccc4C3)cc2)n1
2FS9,2ZA5,P20231,TPSB2,2FF,NCc1ccc2c(c1)C1(CCN(C(=O)c3ccc(C#Cc4ccccc4)o3)CC1)CO2
2FS9,2ZEC,P20231,TPSB2,11N,NCc1ccc2c(c1)C1(CCN(C(=O)/C=C/c3ccccc3)CC1)CO2
2FS9,2BM2,P20231,TPSB2,PM2,NCc1cccc(C2CCN(C(=O)c3cncc(CCc4ccccc4)c3)CC2)c1
2FS9,2GDD,P20231,TPSB2,5AM,NCCCC[C@H](NC(=O)OCc1ccccc1)[C@H](O)c1noc(CN2CCN(C(=O)CCCc3ccccc3)CC2)n1
2FS9,2FWW,P20231,TPSB2,C1R,O=CCCCC1CCNCC1
2FS9,4A6L,P20231,TPSB2,P43,NCc1cccc(C2CCN(C(=O)c3ccc(C#Cc4ccccc4F)o3)CC2)c1
2FS9,5F03,P20231,TPSB2,5TA,NCc1cccc(OC[C@@H]2CN(c3cccc(C#Cc4cccnc4Cl)c3)C(=O)O2)c1
2FS9,2FS8,P20231,TPSB2,C3A,C=CCOC(=O)N[C@H](CC[C@@H]1CCNC1)C(=O)c1noc(Cc2ccc(C(=O)NC3Cc4ccccc4C3)cc2)n1
2FS9,1A0L,P20231,TPSB2,APA,N=C(N)c1ccc(C[C@H](O)C(=O)O)cc1
2G8X,3B9H,P0A884,THYA,PO4 NDU,O=P([O-])([O-])[O-] O=C1NC(=O)N([C@H]2C[C@H](O)[C@@H](COP(=O)(O)O)O2)C[C@H]1[N+](=O)[O-]
2G8X,4LRR,P0A884,THYA,SO4 CF9 UMP,O=S(=O)([O-])[O-] O=C(Oc1ccc2c3c(cccc13)C(=O)O2)c1ccc([N+](=O)[O-])cc1 O=c1ccn([C@H]2C[C@H](O)[C@@H](COP(=O)(O)O)O2)c(=O)[nH]1
2G8X,1F4F,P0A884,THYA,TP3 SO4,O=C(O)CC[C@H](NC(=O)c1ccc(S(=O)(=O)N2CCC[C@@H]2C(=O)O)cc1)C(=O)O O=S(=O)([O-])[O-]
2G8X,1F4D,P0A884,THYA,GOL TP2 SO4,OCC(O)CO Cc1ccc(S(=O)(=O)N2CCC[C@@H]2C(=O)NCCS)cc1 O=S(=O)([O-])[O-]
2G8X,1F4E,P0A884,THYA,GOL TPR SO4,OCC(O)CO Cc1ccc(S(=O)(=O)N2CCC[C@@H]2C(=O)O)cc1 O=S(=O)([O-])[O-]
2G8X,1BID,P0A884,THYA,UMP,O=c1ccn([C@H]2C[C@H](O)[C@@H](COP(=O)(O)O)O2)c(=O)[nH]1
2G8X,1SYN,P0A884,THYA,UMP F89,O=c1ccn([C@H]2C[C@H](O)[C@@H](COP(=O)(O)O)O2)c(=O)[nH]1 Cc1nc2ccc3ccc(CNc4ccc5c(c4)CN([C@@H](CCC(=O)O)C(=O)O)C5=O)cc3c2c(=O)[nH]1
2G8X,3B5B,P0A884,THYA,NDU FMT NDN,O=C1NC(=O)N([C@H]2C[C@H](O)[C@@H](COP(=O)(O)O)O2)C[C@H]1[N+](=O)[O-] O=CO O=c1[nH]c(=O)n([C@H]2C[C@H](O)[C@@H](COP(=O)(O)O)O2)cc1[N+](=O)[O-]
3B5B,3B9H,P0A884,THYA,PO4 NDU,O=P([O-])([O-])[O-] O=C1NC(=O)N([C@H]2C[C@H](O)[C@@H](COP(=O)(O)O)O2)C[C@H]1[N+](=O)[O-]
3B5B,4LRR,P0A884,THYA,SO4 CF9 UMP,O=S(=O)([O-])[O-] O=C(Oc1ccc2c3c(cccc13)C(=O)O2)c1ccc([N+](=O)[O-])cc1 O=c1ccn([C@H]2C[C@H](O)[C@@H](COP(=O)(O)O)O2)c(=O)[nH]1
3B5B,1F4F,P0A884,THYA,TP3 SO4,O=C(O)CC[C@H](NC(=O)c1ccc(S(=O)(=O)N2CCC[C@@H]2C(=O)O)cc1)C(=O)O O=S(=O)([O-])[O-]
3B5B,1F4D,P0A884,THYA,GOL TP2 SO4,OCC(O)CO Cc1ccc(S(=O)(=O)N2CCC[C@@H]2C(=O)NCCS)cc1 O=S(=O)([O-])[O-]
3B5B,1F4E,P0A884,THYA,GOL TPR SO4,OCC(O)CO Cc1ccc(S(=O)(=O)N2CCC[C@@H]2C(=O)O)cc1 O=S(=O)([O-])[O-]
3B5B,1BID,P0A884,THYA,UMP,O=c1ccn([C@H]2C[C@H](O)[C@@H](COP(=O)(O)O)O2)c(=O)[nH]1
3B5B,1SYN,P0A884,THYA,UMP F89,O=c1ccn([C@H]2C[C@H](O)[C@@H](COP(=O)(O)O)O2)c(=O)[nH]1 Cc1nc2ccc3ccc(CNc4ccc5c(c4)CN([C@@H](CCC(=O)O)C(=O)O)C5=O)cc3c2c(=O)[nH]1
3B5B,2G8X,P0A884,THYA,CO3 PO4 DTT,O=C([O-])[O-] O=P([O-])([O-])[O-] O[C@@H](CS)[C@@H](O)CS
2VET,3B9H,P0A884,THYA,PO4 NDU,O=P([O-])([O-])[O-] O=C1NC(=O)N([C@H]2C[C@H](O)[C@@H](COP(=O)(O)O)O2)C[C@H]1[N+](=O)[O-]
2VET,4LRR,P0A884,THYA,SO4 CF9 UMP,O=S(=O)([O-])[O-] O=C(Oc1ccc2c3c(cccc13)C(=O)O2)c1ccc([N+](=O)[O-])cc1 O=c1ccn([C@H]2C[C@H](O)[C@@H](COP(=O)(O)O)O2)c(=O)[nH]1
2VET,1F4F,P0A884,THYA,TP3 SO4,O=C(O)CC[C@H](NC(=O)c1ccc(S(=O)(=O)N2CCC[C@@H]2C(=O)O)cc1)C(=O)O O=S(=O)([O-])[O-]
2VET,1F4D,P0A884,THYA,GOL TP2 SO4,OCC(O)CO Cc1ccc(S(=O)(=O)N2CCC[C@@H]2C(=O)NCCS)cc1 O=S(=O)([O-])[O-]
2VET,1F4E,P0A884,THYA,GOL TPR SO4,OCC(O)CO Cc1ccc(S(=O)(=O)N2CCC[C@@H]2C(=O)O)cc1 O=S(=O)([O-])[O-]
2VET,1SYN,P0A884,THYA,UMP F89,O=c1ccn([C@H]2C[C@H](O)[C@@H](COP(=O)(O)O)O2)c(=O)[nH]1 Cc1nc2ccc3ccc(CNc4ccc5c(c4)CN([C@@H](CCC(=O)O)C(=O)O)C5=O)cc3c2c(=O)[nH]1
2VET,2G8X,P0A884,THYA,CO3 PO4 DTT,O=C([O-])[O-] O=P([O-])([O-])[O-] O[C@@H](CS)[C@@H](O)CS
2VET,3B5B,P0A884,THYA,NDU FMT NDN,O=C1NC(=O)N([C@H]2C[C@H](O)[C@@H](COP(=O)(O)O)O2)C[C@H]1[N+](=O)[O-] O=CO O=c1[nH]c(=O)n([C@H]2C[C@H](O)[C@@H](COP(=O)(O)O)O2)cc1[N+](=O)[O-]
3BFI,4LRR,P0A884,THYA,SO4 CF9 UMP,O=S(=O)([O-])[O-] O=C(Oc1ccc2c3c(cccc13)C(=O)O2)c1ccc([N+](=O)[O-])cc1 O=c1ccn([C@H]2C[C@H](O)[C@@H](COP(=O)(O)O)O2)c(=O)[nH]1
3BFI,1F4F,P0A884,THYA,TP3 SO4,O=C(O)CC[C@H](NC(=O)c1ccc(S(=O)(=O)N2CCC[C@@H]2C(=O)O)cc1)C(=O)O O=S(=O)([O-])[O-]
3BFI,1F4D,P0A884,THYA,GOL TP2 SO4,OCC(O)CO Cc1ccc(S(=O)(=O)N2CCC[C@@H]2C(=O)NCCS)cc1 O=S(=O)([O-])[O-]
3BFI,1F4E,P0A884,THYA,GOL TPR SO4,OCC(O)CO Cc1ccc(S(=O)(=O)N2CCC[C@@H]2C(=O)O)cc1 O=S(=O)([O-])[O-]
3BFI,1BID,P0A884,THYA,UMP,O=c1ccn([C@H]2C[C@H](O)[C@@H](COP(=O)(O)O)O2)c(=O)[nH]1
3BFI,1SYN,P0A884,THYA,UMP F89,O=c1ccn([C@H]2C[C@H](O)[C@@H](COP(=O)(O)O)O2)c(=O)[nH]1 Cc1nc2ccc3ccc(CNc4ccc5c(c4)CN([C@@H](CCC(=O)O)C(=O)O)C5=O)cc3c2c(=O)[nH]1
3BFI,2G8X,P0A884,THYA,CO3 PO4 DTT,O=C([O-])[O-] O=P([O-])([O-])[O-] O[C@@H](CS)[C@@H](O)CS
3BFI,3B5B,P0A884,THYA,NDU FMT NDN,O=C1NC(=O)N([C@H]2C[C@H](O)[C@@H](COP(=O)(O)O)O2)C[C@H]1[N+](=O)[O-] O=CO O=c1[nH]c(=O)n([C@H]2C[C@H](O)[C@@H](COP(=O)(O)O)O2)cc1[N+](=O)[O-]
1F4D,3B9H,P0A884,THYA,PO4 NDU,O=P([O-])([O-])[O-] O=C1NC(=O)N([C@H]2C[C@H](O)[C@@H](COP(=O)(O)O)O2)C[C@H]1[N+](=O)[O-]
1F4D,4LRR,P0A884,THYA,SO4 CF9 UMP,O=S(=O)([O-])[O-] O=C(Oc1ccc2c3c(cccc13)C(=O)O2)c1ccc([N+](=O)[O-])cc1 O=c1ccn([C@H]2C[C@H](O)[C@@H](COP(=O)(O)O)O2)c(=O)[nH]1
1F4D,1F4F,P0A884,THYA,TP3 SO4,O=C(O)CC[C@H](NC(=O)c1ccc(S(=O)(=O)N2CCC[C@@H]2C(=O)O)cc1)C(=O)O O=S(=O)([O-])[O-]
1F4D,1F4E,P0A884,THYA,GOL TPR SO4,OCC(O)CO Cc1ccc(S(=O)(=O)N2CCC[C@@H]2C(=O)O)cc1 O=S(=O)([O-])[O-]
1F4D,1BID,P0A884,THYA,UMP,O=c1ccn([C@H]2C[C@H](O)[C@@H](COP(=O)(O)O)O2)c(=O)[nH]1
1F4D,1SYN,P0A884,THYA,UMP F89,O=c1ccn([C@H]2C[C@H](O)[C@@H](COP(=O)(O)O)O2)c(=O)[nH]1 Cc1nc2ccc3ccc(CNc4ccc5c(c4)CN([C@@H](CCC(=O)O)C(=O)O)C5=O)cc3c2c(=O)[nH]1
1F4D,2G8X,P0A884,THYA,CO3 PO4 DTT,O=C([O-])[O-] O=P([O-])([O-])[O-] O[C@@H](CS)[C@@H](O)CS
1F4D,3B5B,P0A884,THYA,NDU FMT NDN,O=C1NC(=O)N([C@H]2C[C@H](O)[C@@H](COP(=O)(O)O)O2)C[C@H]1[N+](=O)[O-] O=CO O=c1[nH]c(=O)n([C@H]2C[C@H](O)[C@@H](COP(=O)(O)O)O2)cc1[N+](=O)[O-]
1F4E,3B9H,P0A884,THYA,PO4 NDU,O=P([O-])([O-])[O-] O=C1NC(=O)N([C@H]2C[C@H](O)[C@@H](COP(=O)(O)O)O2)C[C@H]1[N+](=O)[O-]
1F4E,4LRR,P0A884,THYA,SO4 CF9 UMP,O=S(=O)([O-])[O-] O=C(Oc1ccc2c3c(cccc13)C(=O)O2)c1ccc([N+](=O)[O-])cc1 O=c1ccn([C@H]2C[C@H](O)[C@@H](COP(=O)(O)O)O2)c(=O)[nH]1
1F4E,1F4F,P0A884,THYA,TP3 SO4,O=C(O)CC[C@H](NC(=O)c1ccc(S(=O)(=O)N2CCC[C@@H]2C(=O)O)cc1)C(=O)O O=S(=O)([O-])[O-]
1F4E,1F4D,P0A884,THYA,GOL TP2 SO4,OCC(O)CO Cc1ccc(S(=O)(=O)N2CCC[C@@H]2C(=O)NCCS)cc1 O=S(=O)([O-])[O-]
1F4E,1BID,P0A884,THYA,UMP,O=c1ccn([C@H]2C[C@H](O)[C@@H](COP(=O)(O)O)O2)c(=O)[nH]1
1F4E,1SYN,P0A884,THYA,UMP F89,O=c1ccn([C@H]2C[C@H](O)[C@@H](COP(=O)(O)O)O2)c(=O)[nH]1 Cc1nc2ccc3ccc(CNc4ccc5c(c4)CN([C@@H](CCC(=O)O)C(=O)O)C5=O)cc3c2c(=O)[nH]1
1F4E,2G8X,P0A884,THYA,CO3 PO4 DTT,O=C([O-])[O-] O=P([O-])([O-])[O-] O[C@@H](CS)[C@@H](O)CS
1F4E,3B5B,P0A884,THYA,NDU FMT NDN,O=C1NC(=O)N([C@H]2C[C@H](O)[C@@H](COP(=O)(O)O)O2)C[C@H]1[N+](=O)[O-] O=CO O=c1[nH]c(=O)n([C@H]2C[C@H](O)[C@@H](COP(=O)(O)O)O2)cc1[N+](=O)[O-]
1F4F,3B9H,P0A884,THYA,PO4 NDU,O=P([O-])([O-])[O-] O=C1NC(=O)N([C@H]2C[C@H](O)[C@@H](COP(=O)(O)O)O2)C[C@H]1[N+](=O)[O-]
1F4F,4LRR,P0A884,THYA,SO4 CF9 UMP,O=S(=O)([O-])[O-] O=C(Oc1ccc2c3c(cccc13)C(=O)O2)c1ccc([N+](=O)[O-])cc1 O=c1ccn([C@H]2C[C@H](O)[C@@H](COP(=O)(O)O)O2)c(=O)[nH]1
1F4F,1F4D,P0A884,THYA,GOL TP2 SO4,OCC(O)CO Cc1ccc(S(=O)(=O)N2CCC[C@@H]2C(=O)NCCS)cc1 O=S(=O)([O-])[O-]
1F4F,1F4E,P0A884,THYA,GOL TPR SO4,OCC(O)CO Cc1ccc(S(=O)(=O)N2CCC[C@@H]2C(=O)O)cc1 O=S(=O)([O-])[O-]
1F4F,1BID,P0A884,THYA,UMP,O=c1ccn([C@H]2C[C@H](O)[C@@H](COP(=O)(O)O)O2)c(=O)[nH]1
1F4F,1SYN,P0A884,THYA,UMP F89,O=c1ccn([C@H]2C[C@H](O)[C@@H](COP(=O)(O)O)O2)c(=O)[nH]1 Cc1nc2ccc3ccc(CNc4ccc5c(c4)CN([C@@H](CCC(=O)O)C(=O)O)C5=O)cc3c2c(=O)[nH]1
1F4F,2G8X,P0A884,THYA,CO3 PO4 DTT,O=C([O-])[O-] O=P([O-])([O-])[O-] O[C@@H](CS)[C@@H](O)CS
1F4F,3B5B,P0A884,THYA,NDU FMT NDN,O=C1NC(=O)N([C@H]2C[C@H](O)[C@@H](COP(=O)(O)O)O2)C[C@H]1[N+](=O)[O-] O=CO O=c1[nH]c(=O)n([C@H]2C[C@H](O)[C@@H](COP(=O)(O)O)O2)cc1[N+](=O)[O-]
1BID,3B9H,P0A884,THYA,PO4 NDU,O=P([O-])([O-])[O-] O=C1NC(=O)N([C@H]2C[C@H](O)[C@@H](COP(=O)(O)O)O2)C[C@H]1[N+](=O)[O-]
1BID,4LRR,P0A884,THYA,SO4 CF9 UMP,O=S(=O)([O-])[O-] O=C(Oc1ccc2c3c(cccc13)C(=O)O2)c1ccc([N+](=O)[O-])cc1 O=c1ccn([C@H]2C[C@H](O)[C@@H](COP(=O)(O)O)O2)c(=O)[nH]1
1BID,1F4F,P0A884,THYA,TP3 SO4,O=C(O)CC[C@H](NC(=O)c1ccc(S(=O)(=O)N2CCC[C@@H]2C(=O)O)cc1)C(=O)O O=S(=O)([O-])[O-]
1BID,1F4D,P0A884,THYA,GOL TP2 SO4,OCC(O)CO Cc1ccc(S(=O)(=O)N2CCC[C@@H]2C(=O)NCCS)cc1 O=S(=O)([O-])[O-]
1BID,1F4E,P0A884,THYA,GOL TPR SO4,OCC(O)CO Cc1ccc(S(=O)(=O)N2CCC[C@@H]2C(=O)O)cc1 O=S(=O)([O-])[O-]
1BID,1SYN,P0A884,THYA,UMP F89,O=c1ccn([C@H]2C[C@H](O)[C@@H](COP(=O)(O)O)O2)c(=O)[nH]1 Cc1nc2ccc3ccc(CNc4ccc5c(c4)CN([C@@H](CCC(=O)O)C(=O)O)C5=O)cc3c2c(=O)[nH]1
1BID,2G8X,P0A884,THYA,CO3 PO4 DTT,O=C([O-])[O-] O=P([O-])([O-])[O-] O[C@@H](CS)[C@@H](O)CS
1BID,3B5B,P0A884,THYA,NDU FMT NDN,O=C1NC(=O)N([C@H]2C[C@H](O)[C@@H](COP(=O)(O)O)O2)C[C@H]1[N+](=O)[O-] O=CO O=c1[nH]c(=O)n([C@H]2C[C@H](O)[C@@H](COP(=O)(O)O)O2)cc1[N+](=O)[O-]
3B9H,4LRR,P0A884,THYA,SO4 CF9 UMP,O=S(=O)([O-])[O-] O=C(Oc1ccc2c3c(cccc13)C(=O)O2)c1ccc([N+](=O)[O-])cc1 O=c1ccn([C@H]2C[C@H](O)[C@@H](COP(=O)(O)O)O2)c(=O)[nH]1
3B9H,1F4F,P0A884,THYA,TP3 SO4,O=C(O)CC[C@H](NC(=O)c1ccc(S(=O)(=O)N2CCC[C@@H]2C(=O)O)cc1)C(=O)O O=S(=O)([O-])[O-]
3B9H,1F4D,P0A884,THYA,GOL TP2 SO4,OCC(O)CO Cc1ccc(S(=O)(=O)N2CCC[C@@H]2C(=O)NCCS)cc1 O=S(=O)([O-])[O-]
3B9H,1F4E,P0A884,THYA,GOL TPR SO4,OCC(O)CO Cc1ccc(S(=O)(=O)N2CCC[C@@H]2C(=O)O)cc1 O=S(=O)([O-])[O-]
3B9H,1BID,P0A884,THYA,UMP,O=c1ccn([C@H]2C[C@H](O)[C@@H](COP(=O)(O)O)O2)c(=O)[nH]1
3B9H,1SYN,P0A884,THYA,UMP F89,O=c1ccn([C@H]2C[C@H](O)[C@@H](COP(=O)(O)O)O2)c(=O)[nH]1 Cc1nc2ccc3ccc(CNc4ccc5c(c4)CN([C@@H](CCC(=O)O)C(=O)O)C5=O)cc3c2c(=O)[nH]1
3B9H,2G8X,P0A884,THYA,CO3 PO4 DTT,O=C([O-])[O-] O=P([O-])([O-])[O-] O[C@@H](CS)[C@@H](O)CS
3B9H,3B5B,P0A884,THYA,NDU FMT NDN,O=C1NC(=O)N([C@H]2C[C@H](O)[C@@H](COP(=O)(O)O)O2)C[C@H]1[N+](=O)[O-] O=CO O=c1[nH]c(=O)n([C@H]2C[C@H](O)[C@@H](COP(=O)(O)O)O2)cc1[N+](=O)[O-]
1SYN,3B9H,P0A884,THYA,PO4 NDU,O=P([O-])([O-])[O-] O=C1NC(=O)N([C@H]2C[C@H](O)[C@@H](COP(=O)(O)O)O2)C[C@H]1[N+](=O)[O-]
1SYN,4LRR,P0A884,THYA,SO4 CF9 UMP,O=S(=O)([O-])[O-] O=C(Oc1ccc2c3c(cccc13)C(=O)O2)c1ccc([N+](=O)[O-])cc1 O=c1ccn([C@H]2C[C@H](O)[C@@H](COP(=O)(O)O)O2)c(=O)[nH]1
1SYN,1F4F,P0A884,THYA,TP3 SO4,O=C(O)CC[C@H](NC(=O)c1ccc(S(=O)(=O)N2CCC[C@@H]2C(=O)O)cc1)C(=O)O O=S(=O)([O-])[O-]
1SYN,1F4D,P0A884,THYA,GOL TP2 SO4,OCC(O)CO Cc1ccc(S(=O)(=O)N2CCC[C@@H]2C(=O)NCCS)cc1 O=S(=O)([O-])[O-]
1SYN,1F4E,P0A884,THYA,GOL TPR SO4,OCC(O)CO Cc1ccc(S(=O)(=O)N2CCC[C@@H]2C(=O)O)cc1 O=S(=O)([O-])[O-]
1SYN,1BID,P0A884,THYA,UMP,O=c1ccn([C@H]2C[C@H](O)[C@@H](COP(=O)(O)O)O2)c(=O)[nH]1
1SYN,2G8X,P0A884,THYA,CO3 PO4 DTT,O=C([O-])[O-] O=P([O-])([O-])[O-] O[C@@H](CS)[C@@H](O)CS
1SYN,3B5B,P0A884,THYA,NDU FMT NDN,O=C1NC(=O)N([C@H]2C[C@H](O)[C@@H](COP(=O)(O)O)O2)C[C@H]1[N+](=O)[O-] O=CO O=c1[nH]c(=O)n([C@H]2C[C@H](O)[C@@H](COP(=O)(O)O)O2)cc1[N+](=O)[O-]
4LRR,3B9H,P0A886,THYA,PO4 NDU,O=P([O-])([O-])[O-] O=C1NC(=O)N([C@H]2C[C@H](O)[C@@H](COP(=O)(O)O)O2)C[C@H]1[N+](=O)[O-]
4LRR,1F4F,P0A886,THYA,TP3 SO4,O=C(O)CC[C@H](NC(=O)c1ccc(S(=O)(=O)N2CCC[C@@H]2C(=O)O)cc1)C(=O)O O=S(=O)([O-])[O-]
4LRR,1F4D,P0A886,THYA,GOL TP2 SO4,OCC(O)CO Cc1ccc(S(=O)(=O)N2CCC[C@@H]2C(=O)NCCS)cc1 O=S(=O)([O-])[O-]
4LRR,1F4E,P0A886,THYA,GOL TPR SO4,OCC(O)CO Cc1ccc(S(=O)(=O)N2CCC[C@@H]2C(=O)O)cc1 O=S(=O)([O-])[O-]
4LRR,1BID,P0A886,THYA,UMP,O=c1ccn([C@H]2C[C@H](O)[C@@H](COP(=O)(O)O)O2)c(=O)[nH]1
4LRR,1SYN,P0A886,THYA,UMP F89,O=c1ccn([C@H]2C[C@H](O)[C@@H](COP(=O)(O)O)O2)c(=O)[nH]1 Cc1nc2ccc3ccc(CNc4ccc5c(c4)CN([C@@H](CCC(=O)O)C(=O)O)C5=O)cc3c2c(=O)[nH]1
4LRR,2G8X,P0A886,THYA,CO3 PO4 DTT,O=C([O-])[O-] O=P([O-])([O-])[O-] O[C@@H](CS)[C@@H](O)CS
4LRR,3B5B,P0A886,THYA,NDU FMT NDN,O=C1NC(=O)N([C@H]2C[C@H](O)[C@@H](COP(=O)(O)O)O2)C[C@H]1[N+](=O)[O-] O=CO O=c1[nH]c(=O)n([C@H]2C[C@H](O)[C@@H](COP(=O)(O)O)O2)cc1[N+](=O)[O-]
1W12,1OWJ,P00749,PLAU,155,CC(C)C1=NCCc2ccc(NC(=O)c3ccc4cc(C(=N)N)ccc4c3)cc21
1W12,1OWK,P00749,PLAU,303,CC(C)[C@@H]1NCCc2ccc(NC(=O)c3ccc4cc(C(=N)N)ccc4c3)cc21
1W12,3KID,P00749,PLAU,2BS,CCOC(=O)c1ccc2nc(N)sc2c1
1W12,1OWI,P00749,PLAU,426,N=C(N)c1ccc2cc(C(=O)Nc3cccc(OC4CCCC4)c3)ccc2c1
1W12,1U6Q,P00749,PLAU,745,N=C(N)c1ccc2cc([C@@H]3C[C@H]3c3ccccc3)ccc2c1
1EJN,1OWJ,P00749,PLAU,155,CC(C)C1=NCCc2ccc(NC(=O)c3ccc4cc(C(=N)N)ccc4c3)cc21
1EJN,1OWK,P00749,PLAU,303,CC(C)[C@@H]1NCCc2ccc(NC(=O)c3ccc4cc(C(=N)N)ccc4c3)cc21
1EJN,1OWI,P00749,PLAU,426,N=C(N)c1ccc2cc(C(=O)Nc3cccc(OC4CCCC4)c3)ccc2c1
1EJN,4H42,P00749,PLAU,PG6 11E,COCCOCCOCCOCCOCCOC Nc1nc2ccc(C(=O)NCC(=O)O)cc2s1
1EJN,1OWD,P00749,PLAU,497,CC[C@H]1CNCc2ccc(NC(=O)c3ccc4cc(C(=N)N)ccc4c3)cc21
1EJN,2R2W,P00749,PLAU,4PG SO4,N=C(N)Nc1ccc(CC(=O)c2ccccc2)cc1 O=S(=O)([O-])[O-]
1SQT,1EJN,P00749,PLAU,AGB SO4,N=C(N)Nc1ccc(CNC(=O)NC23CC4CC(CC(C4)C2)C3)cc1 O=S(=O)([O-])[O-]
1SQT,1OWK,P00749,PLAU,303,CC(C)[C@@H]1NCCc2ccc(NC(=O)c3ccc4cc(C(=N)N)ccc4c3)cc21
1SQT,3KID,P00749,PLAU,2BS,CCOC(=O)c1ccc2nc(N)sc2c1
1SQT,1U6Q,P00749,PLAU,745,N=C(N)c1ccc2cc([C@@H]3C[C@H]3c3ccccc3)ccc2c1
1SQT,2R2W,P00749,PLAU,4PG SO4,N=C(N)Nc1ccc(CC(=O)c2ccccc2)cc1 O=S(=O)([O-])[O-]
1OWJ,1SQT,P00749,PLAU,UI3,COc1ccc2ccc(C(=N)N)cc2c1-c1cnn(S(C)(=O)=O)c1
1OWJ,3KID,P00749,PLAU,2BS,CCOC(=O)c1ccc2nc(N)sc2c1
1OWJ,4H42,P00749,PLAU,PG6 11E,COCCOCCOCCOCCOCCOC Nc1nc2ccc(C(=O)NCC(=O)O)cc2s1
1OWJ,1U6Q,P00749,PLAU,745,N=C(N)c1ccc2cc([C@@H]3C[C@H]3c3ccccc3)ccc2c1
1U6Q,1W12,P00749,PLAU,SL1,N=C(N)NCCC[C@@H](C=O)NC(=O)CN1C(=O)[C@@H](NS(=O)(=O)Cc2ccccc2)N=C(c2ccccc2)c2ccccc21
1U6Q,1EJN,P00749,PLAU,AGB SO4,N=C(N)Nc1ccc(CNC(=O)NC23CC4CC(CC(C4)C2)C3)cc1 O=S(=O)([O-])[O-]
1U6Q,3KID,P00749,PLAU,2BS,CCOC(=O)c1ccc2nc(N)sc2c1
1U6Q,4H42,P00749,PLAU,PG6 11E,COCCOCCOCCOCCOCCOC Nc1nc2ccc(C(=O)NCC(=O)O)cc2s1
1U6Q,2R2W,P00749,PLAU,4PG SO4,N=C(N)Nc1ccc(CC(=O)c2ccccc2)cc1 O=S(=O)([O-])[O-]
4H42,1SQT,P00749,PLAU,UI3,COc1ccc2ccc(C(=N)N)cc2c1-c1cnn(S(C)(=O)=O)c1
4H42,1OWK,P00749,PLAU,303,CC(C)[C@@H]1NCCc2ccc(NC(=O)c3ccc4cc(C(=N)N)ccc4c3)cc21
4H42,3KID,P00749,PLAU,2BS,CCOC(=O)c1ccc2nc(N)sc2c1
4H42,1U6Q,P00749,PLAU,745,N=C(N)c1ccc2cc([C@@H]3C[C@H]3c3ccccc3)ccc2c1
1OWD,1W12,P00749,PLAU,SL1,N=C(N)NCCC[C@@H](C=O)NC(=O)CN1C(=O)[C@@H](NS(=O)(=O)Cc2ccccc2)N=C(c2ccccc2)c2ccccc21
1OWD,1OWJ,P00749,PLAU,155,CC(C)C1=NCCc2ccc(NC(=O)c3ccc4cc(C(=N)N)ccc4c3)cc21
1OWD,3KID,P00749,PLAU,2BS,CCOC(=O)c1ccc2nc(N)sc2c1
1OWD,1OWI,P00749,PLAU,426,N=C(N)c1ccc2cc(C(=O)Nc3cccc(OC4CCCC4)c3)ccc2c1
1OWD,1U6Q,P00749,PLAU,745,N=C(N)c1ccc2cc([C@@H]3C[C@H]3c3ccccc3)ccc2c1
1OWD,2R2W,P00749,PLAU,4PG SO4,N=C(N)Nc1ccc(CC(=O)c2ccccc2)cc1 O=S(=O)([O-])[O-]
1OWI,1SQT,P00749,PLAU,UI3,COc1ccc2ccc(C(=N)N)cc2c1-c1cnn(S(C)(=O)=O)c1
1OWI,1OWK,P00749,PLAU,303,CC(C)[C@@H]1NCCc2ccc(NC(=O)c3ccc4cc(C(=N)N)ccc4c3)cc21
1OWI,3KID,P00749,PLAU,2BS,CCOC(=O)c1ccc2nc(N)sc2c1
1OWI,1U6Q,P00749,PLAU,745,N=C(N)c1ccc2cc([C@@H]3C[C@H]3c3ccccc3)ccc2c1
1OWI,1OWD,P00749,PLAU,497,CC[C@H]1CNCc2ccc(NC(=O)c3ccc4cc(C(=N)N)ccc4c3)cc21
1OWI,2R2W,P00749,PLAU,4PG SO4,N=C(N)Nc1ccc(CC(=O)c2ccccc2)cc1 O=S(=O)([O-])[O-]
1OWK,1SQT,P00749,PLAU,UI3,COc1ccc2ccc(C(=N)N)cc2c1-c1cnn(S(C)(=O)=O)c1
1OWK,1EJN,P00749,PLAU,AGB SO4,N=C(N)Nc1ccc(CNC(=O)NC23CC4CC(CC(C4)C2)C3)cc1 O=S(=O)([O-])[O-]
1OWK,3KID,P00749,PLAU,2BS,CCOC(=O)c1ccc2nc(N)sc2c1
1OWK,4H42,P00749,PLAU,PG6 11E,COCCOCCOCCOCCOCCOC Nc1nc2ccc(C(=O)NCC(=O)O)cc2s1
2R2W,1W12,P00749,PLAU,SL1,N=C(N)NCCC[C@@H](C=O)NC(=O)CN1C(=O)[C@@H](NS(=O)(=O)Cc2ccccc2)N=C(c2ccccc2)c2ccccc21
2R2W,1SQT,P00749,PLAU,UI3,COc1ccc2ccc(C(=N)N)cc2c1-c1cnn(S(C)(=O)=O)c1
2R2W,1OWJ,P00749,PLAU,155,CC(C)C1=NCCc2ccc(NC(=O)c3ccc4cc(C(=N)N)ccc4c3)cc21
2R2W,3KID,P00749,PLAU,2BS,CCOC(=O)c1ccc2nc(N)sc2c1
2R2W,1U6Q,P00749,PLAU,745,N=C(N)c1ccc2cc([C@@H]3C[C@H]3c3ccccc3)ccc2c1
3KID,1SQT,P00749,PLAU,UI3,COc1ccc2ccc(C(=N)N)cc2c1-c1cnn(S(C)(=O)=O)c1
3KID,1OWK,P00749,PLAU,303,CC(C)[C@@H]1NCCc2ccc(NC(=O)c3ccc4cc(C(=N)N)ccc4c3)cc21
3KID,4H42,P00749,PLAU,PG6 11E,COCCOCCOCCOCCOCCOC Nc1nc2ccc(C(=O)NCC(=O)O)cc2s1
3KID,2R2W,P00749,PLAU,4PG SO4,N=C(N)Nc1ccc(CC(=O)c2ccccc2)cc1 O=S(=O)([O-])[O-]
3CP9,2QU5,P35968,KDR,276,CNC(=O)c1cc(Oc2ccc3nc(Nc4ccc(Cl)c(C(F)(F)F)c4)[nH]c3c2)ccn1
3CP9,3VO3,P35968,KDR,0KF EDO,Cc1cc(C(=O)Nc2cccc(Oc3ccc4nc(NC(=O)C5CC5)cn4n3)c2)n(C)n1 OCCO
3CP9,3EFL,P35968,KDR,706,CC1(C)CNc2cc(NC(=O)c3cccnc3NCc3ccncc3)ccc21
3CP9,2QU6,P35968,KDR,SO4 857,O=S(=O)([O-])[O-] CNC(=O)c1cc(Oc2ccc3oc(Nc4ccc(Cl)c(OC[C@@H]5CCCN5C)c4)nc3c2)ccn1
3CP9,2P2H,P35968,KDR,994,COc1cc(Nc2ncnc(-c3cccnc3Nc3ccccc3)n2)cc(OC)c1OC
3CP9,1YWN,P35968,KDR,LIF,COc1ccc(-c2oc3ncnc(N)c3c2-c2ccc(NC(=O)Nc3cc(C(F)(F)F)ccc3F)cc2)cc1
3CP9,3CPB,P35968,KDR,C92,Cc1ccc(C(=O)NCCC2CCCC2)cc1C(=O)Nc1ccc(N)nc1
3B8R,4AG8,P35968,KDR,AXI,CNC(=O)c1ccccc1Sc1ccc2c(/C=C/c3ccccn3)n[nH]c2c1
3B8R,2RL5,P35968,KDR,2RL,COc1cc2nccc(Oc3ccc4c(c3)OCCN4C(=O)Nc3ccc(Cl)cc3)c2cc1OC
3B8R,1YWN,P35968,KDR,LIF,COc1ccc(-c2oc3ncnc(N)c3c2-c2ccc(NC(=O)Nc3cc(C(F)(F)F)ccc3F)cc2)cc1
3DTW,2OH4,P35968,KDR,SO4 GIG,O=S(=O)([O-])[O-] COC(=O)Nc1nc2cc(Oc3ccc(NC(=O)Nc4cc(C(F)(F)F)ccc4F)cc3)ccc2[nH]1
3DTW,3VO3,P35968,KDR,0KF EDO,Cc1cc(C(=O)Nc2cccc(Oc3ccc4nc(NC(=O)C5CC5)cn4n3)c2)n(C)n1 OCCO
3DTW,2P2I,P35968,KDR,608,O=C(Nc1ccc(Oc2ccccc2)cc1)c1cccnc1NCc1ccncc1
3DTW,3EFL,P35968,KDR,706,CC1(C)CNc2cc(NC(=O)c3cccnc3NCc3ccncc3)ccc21
3DTW,3B8R,P35968,KDR,EDO 887,OCCO COc1cc2nccc(Oc3ccc4c(C(=O)NC5CC5)cccc4c3)c2cc1OC
3DTW,2P2H,P35968,KDR,994,COc1cc(Nc2ncnc(-c3cccnc3Nc3ccccc3)n2)cc(OC)c1OC
3C7Q,3U6J,P35968,KDR,03X,COc1cc2nccc(Oc3ccc(NC(=O)c4c(C)n(C)n(-c5ccccc5)c4=O)cc3F)c2cc1OC
3C7Q,3EWH,P35968,KDR,K11 EDO,CNc1nccc(-c2cccnc2Oc2ccc(Nc3nc4ccc(C(F)(F)F)cc4[nH]3)c3ccccc23)n1 OCCO
3C7Q,2P2H,P35968,KDR,994,COc1cc(Nc2ncnc(-c3cccnc3Nc3ccccc3)n2)cc(OC)c1OC
3C7Q,3CP9,P35968,KDR,C19,Cc1ccn(-c2ccc3c(c2)NCC3(C)C)c(=O)c1-c1ccc2nc(N)ncc2c1
3B8Q,3DTW,P35968,KDR,A96,O=C(Nc1cncnc1)c1c(Cl)ccc2c(Nc3cccc(C(F)(F)F)c3)noc12
3B8Q,2OH4,P35968,KDR,SO4 GIG,O=S(=O)([O-])[O-] COC(=O)Nc1nc2cc(Oc3ccc(NC(=O)Nc4cc(C(F)(F)F)ccc4F)cc3)ccc2[nH]1
3B8Q,3CPC,P35968,KDR,C52,Cc1ccn(-c2cccc(C(F)(F)F)c2)c(=O)c1-c1ccc2nc(N)ncc2c1
3B8Q,2XIR,P35968,KDR,00J,CNC(=O)c1c(C)oc2cc(Oc3ccnc4cc(OCCN5CCOCC5)ccc34)ccc12
3B8Q,5EW3,P35968,KDR,5T2,O=C(Nc1cccc(C(F)(F)F)c1)c1ccccc1NCc1ccncc1
3B8Q,2P2H,P35968,KDR,994,COc1cc(Nc2ncnc(-c3cccnc3Nc3ccccc3)n2)cc(OC)c1OC
3B8Q,1YWN,P35968,KDR,LIF,COc1ccc(-c2oc3ncnc(N)c3c2-c2ccc(NC(=O)Nc3cc(C(F)(F)F)ccc3F)cc2)cc1
3EFL,3CJG,P35968,KDR,SO4 KIM,O=S(=O)([O-])[O-] COc1cc(Nc2nccc(N(C)c3ccc4c(C)n[nH]c4c3)n2)cc(OC)c1OC
3EFL,3U6J,P35968,KDR,03X,COc1cc2nccc(Oc3ccc(NC(=O)c4c(C)n(C)n(-c5ccccc5)c4=O)cc3F)c2cc1OC
3EFL,3CP9,P35968,KDR,C19,Cc1ccn(-c2ccc3c(c2)NCC3(C)C)c(=O)c1-c1ccc2nc(N)ncc2c1
2RL5,3CPC,P35968,KDR,C52,Cc1ccn(-c2cccc(C(F)(F)F)c2)c(=O)c1-c1ccc2nc(N)ncc2c1
2RL5,5EW3,P35968,KDR,5T2,O=C(Nc1cccc(C(F)(F)F)c1)c1ccccc1NCc1ccncc1
2RL5,2P2H,P35968,KDR,994,COc1cc(Nc2ncnc(-c3cccnc3Nc3ccccc3)n2)cc(OC)c1OC
2RL5,3CP9,P35968,KDR,C19,Cc1ccn(-c2ccc3c(c2)NCC3(C)C)c(=O)c1-c1ccc2nc(N)ncc2c1
3CPC,2XIR,P35968,KDR,00J,CNC(=O)c1c(C)oc2cc(Oc3ccnc4cc(OCCN5CCOCC5)ccc34)ccc12
3CPC,5EW3,P35968,KDR,5T2,O=C(Nc1cccc(C(F)(F)F)c1)c1ccccc1NCc1ccncc1
3CPC,1YWN,P35968,KDR,LIF,COc1ccc(-c2oc3ncnc(N)c3c2-c2ccc(NC(=O)Nc3cc(C(F)(F)F)ccc3F)cc2)cc1
3CJG,4AG8,P35968,KDR,AXI,CNC(=O)c1ccccc1Sc1ccc2c(/C=C/c3ccccn3)n[nH]c2c1
3CJG,2QU6,P35968,KDR,SO4 857,O=S(=O)([O-])[O-] CNC(=O)c1cc(Oc2ccc3oc(Nc4ccc(Cl)c(OC[C@@H]5CCCN5C)c4)nc3c2)ccn1
3CJG,2P2H,P35968,KDR,994,COc1cc(Nc2ncnc(-c3cccnc3Nc3ccccc3)n2)cc(OC)c1OC
2QU6,3C7Q,P35968,KDR,SO4 XIN,O=S(=O)([O-])[O-] COC(=O)c1ccc2c(c1)NC(=O)/C2=C(/Nc1ccc(N(C)C(=O)CN2CCN(C)CC2)cc1)c1ccccc1
2QU6,3VO3,P35968,KDR,0KF EDO,Cc1cc(C(=O)Nc2cccc(Oc3ccc4nc(NC(=O)C5CC5)cn4n3)c2)n(C)n1 OCCO
2QU6,3CPC,P35968,KDR,C52,Cc1ccn(-c2cccc(C(F)(F)F)c2)c(=O)c1-c1ccc2nc(N)ncc2c1
2QU6,3B8Q,P35968,KDR,900,COc1cc2nccc(Oc3ccc4c(C(=O)Nc5ccc(Cl)cc5)cccc4c3)c2cc1OC
2QU6,3B8R,P35968,KDR,EDO 887,OCCO COc1cc2nccc(Oc3ccc4c(C(=O)NC5CC5)cccc4c3)c2cc1OC
3EWH,3VO3,P35968,KDR,0KF EDO,Cc1cc(C(=O)Nc2cccc(Oc3ccc4nc(NC(=O)C5CC5)cn4n3)c2)n(C)n1 OCCO
3EWH,3EFL,P35968,KDR,706,CC1(C)CNc2cc(NC(=O)c3cccnc3NCc3ccncc3)ccc21
3EWH,3B8Q,P35968,KDR,900,COc1cc2nccc(Oc3ccc4c(C(=O)Nc5ccc(Cl)cc5)cccc4c3)c2cc1OC
3EWH,2RL5,P35968,KDR,2RL,COc1cc2nccc(Oc3ccc4c(c3)OCCN4C(=O)Nc3ccc(Cl)cc3)c2cc1OC
3CPB,3DTW,P35968,KDR,A96,O=C(Nc1cncnc1)c1c(Cl)ccc2c(Nc3cccc(C(F)(F)F)c3)noc12
3CPB,3CJG,P35968,KDR,SO4 KIM,O=S(=O)([O-])[O-] COc1cc(Nc2nccc(N(C)c3ccc4c(C)n[nH]c4c3)n2)cc(OC)c1OC
3CPB,3EWH,P35968,KDR,K11 EDO,CNc1nccc(-c2cccnc2Oc2ccc(Nc3nc4ccc(C(F)(F)F)cc4[nH]3)c3ccccc23)n1 OCCO
3CPB,4AG8,P35968,KDR,AXI,CNC(=O)c1ccccc1Sc1ccc2c(/C=C/c3ccccn3)n[nH]c2c1
3CJF,3CJG,P35968,KDR,SO4 KIM,O=S(=O)([O-])[O-] COc1cc(Nc2nccc(N(C)c3ccc4c(C)n[nH]c4c3)n2)cc(OC)c1OC
3CJF,2XIR,P35968,KDR,00J,CNC(=O)c1c(C)oc2cc(Oc3ccnc4cc(OCCN5CCOCC5)ccc34)ccc12
3CJF,3B8R,P35968,KDR,EDO 887,OCCO COc1cc2nccc(Oc3ccc4c(C(=O)NC5CC5)cccc4c3)c2cc1OC
3CJF,2QU6,P35968,KDR,SO4 857,O=S(=O)([O-])[O-] CNC(=O)c1cc(Oc2ccc3oc(Nc4ccc(Cl)c(OC[C@@H]5CCCN5C)c4)nc3c2)ccn1
3CJF,3CPB,P35968,KDR,C92,Cc1ccc(C(=O)NCCC2CCCC2)cc1C(=O)Nc1ccc(N)nc1
1YWN,2XIR,P35968,KDR,00J,CNC(=O)c1c(C)oc2cc(Oc3ccnc4cc(OCCN5CCOCC5)ccc34)ccc12
1YWN,3WZE,P35968,KDR,BAX ACT DTT,CNC(=O)c1cc(Oc2ccc(NC(=O)Nc3ccc(Cl)c(C(F)(F)F)c3)cc2)ccn1 CC(=O)[O-] O[C@@H](CS)[C@@H](O)CS
4AG8,3DTW,P35968,KDR,A96,O=C(Nc1cncnc1)c1c(Cl)ccc2c(Nc3cccc(C(F)(F)F)c3)noc12
4AG8,3C7Q,P35968,KDR,SO4 XIN,O=S(=O)([O-])[O-] COC(=O)c1ccc2c(c1)NC(=O)/C2=C(/Nc1ccc(N(C)C(=O)CN2CCN(C)CC2)cc1)c1ccccc1
4AG8,3VO3,P35968,KDR,0KF EDO,Cc1cc(C(=O)Nc2cccc(Oc3ccc4nc(NC(=O)C5CC5)cn4n3)c2)n(C)n1 OCCO
4AG8,3U6J,P35968,KDR,03X,COc1cc2nccc(Oc3ccc(NC(=O)c4c(C)n(C)n(-c5ccccc5)c4=O)cc3F)c2cc1OC
4AG8,3CPC,P35968,KDR,C52,Cc1ccn(-c2cccc(C(F)(F)F)c2)c(=O)c1-c1ccc2nc(N)ncc2c1
4AG8,2P2H,P35968,KDR,994,COc1cc(Nc2ncnc(-c3cccnc3Nc3ccccc3)n2)cc(OC)c1OC
4AG8,3CPB,P35968,KDR,C92,Cc1ccc(C(=O)NCCC2CCCC2)cc1C(=O)Nc1ccc(N)nc1
5EW3,2P2I,P35968,KDR,608,O=C(Nc1ccc(Oc2ccccc2)cc1)c1cccnc1NCc1ccncc1
5EW3,3EFL,P35968,KDR,706,CC1(C)CNc2cc(NC(=O)c3cccnc3NCc3ccncc3)ccc21
5EW3,3B8R,P35968,KDR,EDO 887,OCCO COc1cc2nccc(Oc3ccc4c(C(=O)NC5CC5)cccc4c3)c2cc1OC
5EW3,2P2H,P35968,KDR,994,COc1cc(Nc2ncnc(-c3cccnc3Nc3ccccc3)n2)cc(OC)c1OC
2XIR,2RL5,P35968,KDR,2RL,COc1cc2nccc(Oc3ccc4c(c3)OCCN4C(=O)Nc3ccc(Cl)cc3)c2cc1OC
2XIR,5EW3,P35968,KDR,5T2,O=C(Nc1cccc(C(F)(F)F)c1)c1ccccc1NCc1ccncc1
3VO3,3U6J,P35968,KDR,03X,COc1cc2nccc(Oc3ccc(NC(=O)c4c(C)n(C)n(-c5ccccc5)c4=O)cc3F)c2cc1OC
3VO3,3CPC,P35968,KDR,C52,Cc1ccn(-c2cccc(C(F)(F)F)c2)c(=O)c1-c1ccc2nc(N)ncc2c1
3VO3,4AG8,P35968,KDR,AXI,CNC(=O)c1ccccc1Sc1ccc2c(/C=C/c3ccccn3)n[nH]c2c1
3VO3,3B8R,P35968,KDR,EDO 887,OCCO COc1cc2nccc(Oc3ccc4c(C(=O)NC5CC5)cccc4c3)c2cc1OC
3VO3,2P2H,P35968,KDR,994,COc1cc(Nc2ncnc(-c3cccnc3Nc3ccccc3)n2)cc(OC)c1OC
3VO3,1YWN,P35968,KDR,LIF,COc1ccc(-c2oc3ncnc(N)c3c2-c2ccc(NC(=O)Nc3cc(C(F)(F)F)ccc3F)cc2)cc1
2P2I,3C7Q,P35968,KDR,SO4 XIN,O=S(=O)([O-])[O-] COC(=O)c1ccc2c(c1)NC(=O)/C2=C(/Nc1ccc(N(C)C(=O)CN2CCN(C)CC2)cc1)c1ccccc1
2P2I,3U6J,P35968,KDR,03X,COc1cc2nccc(Oc3ccc(NC(=O)c4c(C)n(C)n(-c5ccccc5)c4=O)cc3F)c2cc1OC
2P2I,4AG8,P35968,KDR,AXI,CNC(=O)c1ccccc1Sc1ccc2c(/C=C/c3ccccn3)n[nH]c2c1
2P2I,3CJF,P35968,KDR,SO4 SAV,O=S(=O)([O-])[O-] COc1cc(Nc2nccc(Nc3ccc4c(C)n[nH]c4c3)n2)cc(OC)c1OC
2P2I,3CP9,P35968,KDR,C19,Cc1ccn(-c2ccc3c(c2)NCC3(C)C)c(=O)c1-c1ccc2nc(N)ncc2c1
3WZE,3DTW,P35968,KDR,A96,O=C(Nc1cncnc1)c1c(Cl)ccc2c(Nc3cccc(C(F)(F)F)c3)noc12
3WZE,2OH4,P35968,KDR,SO4 GIG,O=S(=O)([O-])[O-] COC(=O)Nc1nc2cc(Oc3ccc(NC(=O)Nc4cc(C(F)(F)F)ccc4F)cc3)ccc2[nH]1
3WZE,3CPC,P35968,KDR,C52,Cc1ccn(-c2cccc(C(F)(F)F)c2)c(=O)c1-c1ccc2nc(N)ncc2c1
3WZE,2QU6,P35968,KDR,SO4 857,O=S(=O)([O-])[O-] CNC(=O)c1cc(Oc2ccc3oc(Nc4ccc(Cl)c(OC[C@@H]5CCCN5C)c4)nc3c2)ccn1
3WZE,3CJF,P35968,KDR,SO4 SAV,O=S(=O)([O-])[O-] COc1cc(Nc2nccc(Nc3ccc4c(C)n[nH]c4c3)n2)cc(OC)c1OC
3WZE,3CPB,P35968,KDR,C92,Cc1ccc(C(=O)NCCC2CCCC2)cc1C(=O)Nc1ccc(N)nc1
2QU5,3CJF,P35968,KDR,SO4 SAV,O=S(=O)([O-])[O-] COc1cc(Nc2nccc(Nc3ccc4c(C)n[nH]c4c3)n2)cc(OC)c1OC
3U6J,3DTW,P35968,KDR,A96,O=C(Nc1cncnc1)c1c(Cl)ccc2c(Nc3cccc(C(F)(F)F)c3)noc12
3U6J,3VO3,P35968,KDR,0KF EDO,Cc1cc(C(=O)Nc2cccc(Oc3ccc4nc(NC(=O)C5CC5)cn4n3)c2)n(C)n1 OCCO
3U6J,3B8Q,P35968,KDR,900,COc1cc2nccc(Oc3ccc4c(C(=O)Nc5ccc(Cl)cc5)cccc4c3)c2cc1OC
3U6J,2QU6,P35968,KDR,SO4 857,O=S(=O)([O-])[O-] CNC(=O)c1cc(Oc2ccc3oc(Nc4ccc(Cl)c(OC[C@@H]5CCCN5C)c4)nc3c2)ccn1
3U6J,2P2H,P35968,KDR,994,COc1cc(Nc2ncnc(-c3cccnc3Nc3ccccc3)n2)cc(OC)c1OC
3U6J,3CPB,P35968,KDR,C92,Cc1ccc(C(=O)NCCC2CCCC2)cc1C(=O)Nc1ccc(N)nc1
2OH4,2QU5,P35968,KDR,276,CNC(=O)c1cc(Oc2ccc3nc(Nc4ccc(Cl)c(C(F)(F)F)c4)[nH]c3c2)ccn1
2OH4,4AG8,P35968,KDR,AXI,CNC(=O)c1ccccc1Sc1ccc2c(/C=C/c3ccccn3)n[nH]c2c1
2P2H,2QU6,P35968,KDR,SO4 857,O=S(=O)([O-])[O-] CNC(=O)c1cc(Oc2ccc3oc(Nc4ccc(Cl)c(OC[C@@H]5CCCN5C)c4)nc3c2)ccn1
3BI6,3BIZ,P30291,WEE1,61E CL,CN(C)CCCOc1cc2c(cc1O)c1c3c(c(-c4ccccc4Cl)cc1n2C)C(=O)NC3=O [Cl-]
3BI6,5V5Y,P30291,WEE1,8X7 DMS EDO,C=CCn1c(=O)c2cnc(Nc3ccc(N4CCN(C)CC4)cc3)nc2n1-c1cccc(C(C)(C)O)n1 CS(C)=O OCCO
3BI6,2Z2W,P30291,WEE1,GOL 770 CL,OCC(O)CO O=CNc1ccc2[nH]c3cc(-c4ccccc4Cl)c4c(c3c2c1)C(=O)NC4=O [Cl-]
3BI6,5VC4,P30291,WEE1,XZN PO4,COc1cc2c(Nc3cc(Cl)c(OC)c(Cl)c3)c(C#N)cnc2cc1OCCCN1CCN(C)CC1 O=P([O-])([O-])[O-]
3BI6,2IN6,P30291,WEE1,839,O=C(O)CCn1c2ccc(O)cc2c2c3c(c(-c4ccccc4)cc21)C(=O)NC3=O
3BI6,5VD2,P30291,WEE1,34W CL PO4,CC(=O)NCC(=O)N1[C@@H]2CC[C@H]1c1ccc(Nc3ncc(C(F)(F)F)c(NC4CCC4)n3)cc12 [Cl-] O=P([O-])([O-])[O-]
3BI6,3CQE,P30291,WEE1,CL P91 GOL,[Cl-] Cn1c(C(=O)NCCO)c(Br)c2c3c(c(-c4ccccc4Cl)cc21)C(=O)NC3=O OCC(O)CO
3BI6,5VC6,P30291,WEE1,P48 EDO,CNC(=O)c1nn(C)c2c1C(C)(C)Cc1cnc(Nc3ccc(N4CCN(C)CC4)cc3)nc1-2 OCCO
3BI6,1X8B,P30291,WEE1,MG 824,[Mg+2] O=C1NC(=O)c2c1c(-c1ccccc1)cc1[nH]c3ccc(O)cc3c21
3BI6,2IO6,P30291,WEE1,330,COc1ccccc1-c1cc2c(c3c1C(=O)NC3=O)c1cc(O)ccc1n2CCCO
2IO6,3BIZ,P30291,WEE1,61E CL,CN(C)CCCOc1cc2c(cc1O)c1c3c(c(-c4ccccc4Cl)cc1n2C)C(=O)NC3=O [Cl-]
2IO6,2Z2W,P30291,WEE1,GOL 770 CL,OCC(O)CO O=CNc1ccc2[nH]c3cc(-c4ccccc4Cl)c4c(c3c2c1)C(=O)NC4=O [Cl-]
2IO6,5VD2,P30291,WEE1,34W CL PO4,CC(=O)NCC(=O)N1[C@@H]2CC[C@H]1c1ccc(Nc3ncc(C(F)(F)F)c(NC4CCC4)n3)cc12 [Cl-] O=P([O-])([O-])[O-]
2IO6,5VC5,P30291,WEE1,PEG CL EDO 96M,OCCOCCO [Cl-] OCCO CCN(CC)CCOc1ccc(Nc2ncc3cc(-c4c(Cl)cccc4Cl)c(=O)n(C)c3n2)cc1
2IO6,3CQE,P30291,WEE1,CL P91 GOL,[Cl-] Cn1c(C(=O)NCCO)c(Br)c2c3c(c(-c4ccccc4Cl)cc21)C(=O)NC3=O OCC(O)CO
2IO6,1X8B,P30291,WEE1,MG 824,[Mg+2] O=C1NC(=O)c2c1c(-c1ccccc1)cc1[nH]c3ccc(O)cc3c21
5V5Y,3BIZ,P30291,WEE1,61E CL,CN(C)CCCOc1cc2c(cc1O)c1c3c(c(-c4ccccc4Cl)cc1n2C)C(=O)NC3=O [Cl-]
5V5Y,2Z2W,P30291,WEE1,GOL 770 CL,OCC(O)CO O=CNc1ccc2[nH]c3cc(-c4ccccc4Cl)c4c(c3c2c1)C(=O)NC4=O [Cl-]
5V5Y,5VC4,P30291,WEE1,XZN PO4,COc1cc2c(Nc3cc(Cl)c(OC)c(Cl)c3)c(C#N)cnc2cc1OCCCN1CCN(C)CC1 O=P([O-])([O-])[O-]
5V5Y,3BI6,P30291,WEE1,CL 396,[Cl-] Cn1c2cc(C(=O)NCCN3CCCC3)c(O)cc2c2c3c(c(-c4ccccc4Cl)cc21)C(=O)NC3=O
5V5Y,2IN6,P30291,WEE1,839,O=C(O)CCn1c2ccc(O)cc2c2c3c(c(-c4ccccc4)cc21)C(=O)NC3=O
5V5Y,5VC5,P30291,WEE1,PEG CL EDO 96M,OCCOCCO [Cl-] OCCO CCN(CC)CCOc1ccc(Nc2ncc3cc(-c4c(Cl)cccc4Cl)c(=O)n(C)c3n2)cc1
1X8B,3BIZ,P30291,WEE1,61E CL,CN(C)CCCOc1cc2c(cc1O)c1c3c(c(-c4ccccc4Cl)cc1n2C)C(=O)NC3=O [Cl-]
1X8B,5VC4,P30291,WEE1,XZN PO4,COc1cc2c(Nc3cc(Cl)c(OC)c(Cl)c3)c(C#N)cnc2cc1OCCCN1CCN(C)CC1 O=P([O-])([O-])[O-]
1X8B,2IN6,P30291,WEE1,839,O=C(O)CCn1c2ccc(O)cc2c2c3c(c(-c4ccccc4)cc21)C(=O)NC3=O
1X8B,5VD2,P30291,WEE1,34W CL PO4,CC(=O)NCC(=O)N1[C@@H]2CC[C@H]1c1ccc(Nc3ncc(C(F)(F)F)c(NC4CCC4)n3)cc12 [Cl-] O=P([O-])([O-])[O-]
1X8B,5VC5,P30291,WEE1,PEG CL EDO 96M,OCCOCCO [Cl-] OCCO CCN(CC)CCOc1ccc(Nc2ncc3cc(-c4c(Cl)cccc4Cl)c(=O)n(C)c3n2)cc1
1X8B,5VC6,P30291,WEE1,P48 EDO,CNC(=O)c1nn(C)c2c1C(C)(C)Cc1cnc(Nc3ccc(N4CCN(C)CC4)cc3)nc1-2 OCCO
5VC5,3BIZ,P30291,WEE1,61E CL,CN(C)CCCOc1cc2c(cc1O)c1c3c(c(-c4ccccc4Cl)cc1n2C)C(=O)NC3=O [Cl-]
5VC5,5V5Y,P30291,WEE1,8X7 DMS EDO,C=CCn1c(=O)c2cnc(Nc3ccc(N4CCN(C)CC4)cc3)nc2n1-c1cccc(C(C)(C)O)n1 CS(C)=O OCCO
5VC5,2Z2W,P30291,WEE1,GOL 770 CL,OCC(O)CO O=CNc1ccc2[nH]c3cc(-c4ccccc4Cl)c4c(c3c2c1)C(=O)NC4=O [Cl-]
5VC5,3BI6,P30291,WEE1,CL 396,[Cl-] Cn1c2cc(C(=O)NCCN3CCCC3)c(O)cc2c2c3c(c(-c4ccccc4Cl)cc21)C(=O)NC3=O
5VC5,2IN6,P30291,WEE1,839,O=C(O)CCn1c2ccc(O)cc2c2c3c(c(-c4ccccc4)cc21)C(=O)NC3=O
5VC5,5VD2,P30291,WEE1,34W CL PO4,CC(=O)NCC(=O)N1[C@@H]2CC[C@H]1c1ccc(Nc3ncc(C(F)(F)F)c(NC4CCC4)n3)cc12 [Cl-] O=P([O-])([O-])[O-]
5VC5,3CR0,P30291,WEE1,GOL 809 CL,OCC(O)CO Cn1cc(CCO)c2c3c(c(-c4ccccc4Cl)cc21)C(=O)NC3=O [Cl-]
5VC5,3CQE,P30291,WEE1,CL P91 GOL,[Cl-] Cn1c(C(=O)NCCO)c(Br)c2c3c(c(-c4ccccc4Cl)cc21)C(=O)NC3=O OCC(O)CO
5VC5,1X8B,P30291,WEE1,MG 824,[Mg+2] O=C1NC(=O)c2c1c(-c1ccccc1)cc1[nH]c3ccc(O)cc3c21
5VC5,2IO6,P30291,WEE1,330,COc1ccccc1-c1cc2c(c3c1C(=O)NC3=O)c1cc(O)ccc1n2CCCO
5VC4,5V5Y,P30291,WEE1,8X7 DMS EDO,C=CCn1c(=O)c2cnc(Nc3ccc(N4CCN(C)CC4)cc3)nc2n1-c1cccc(C(C)(C)O)n1 CS(C)=O OCCO
5VC4,2Z2W,P30291,WEE1,GOL 770 CL,OCC(O)CO O=CNc1ccc2[nH]c3cc(-c4ccccc4Cl)c4c(c3c2c1)C(=O)NC4=O [Cl-]
5VC4,3BI6,P30291,WEE1,CL 396,[Cl-] Cn1c2cc(C(=O)NCCN3CCCC3)c(O)cc2c2c3c(c(-c4ccccc4Cl)cc21)C(=O)NC3=O
5VC4,5VD2,P30291,WEE1,34W CL PO4,CC(=O)NCC(=O)N1[C@@H]2CC[C@H]1c1ccc(Nc3ncc(C(F)(F)F)c(NC4CCC4)n3)cc12 [Cl-] O=P([O-])([O-])[O-]
5VC4,3CR0,P30291,WEE1,GOL 809 CL,OCC(O)CO Cn1cc(CCO)c2c3c(c(-c4ccccc4Cl)cc21)C(=O)NC3=O [Cl-]
5VC4,5VC5,P30291,WEE1,PEG CL EDO 96M,OCCOCCO [Cl-] OCCO CCN(CC)CCOc1ccc(Nc2ncc3cc(-c4c(Cl)cccc4Cl)c(=O)n(C)c3n2)cc1
5VC4,2IO6,P30291,WEE1,330,COc1ccccc1-c1cc2c(c3c1C(=O)NC3=O)c1cc(O)ccc1n2CCCO
3BIZ,5V5Y,P30291,WEE1,8X7 DMS EDO,C=CCn1c(=O)c2cnc(Nc3ccc(N4CCN(C)CC4)cc3)nc2n1-c1cccc(C(C)(C)O)n1 CS(C)=O OCCO
3BIZ,5VC4,P30291,WEE1,XZN PO4,COc1cc2c(Nc3cc(Cl)c(OC)c(Cl)c3)c(C#N)cnc2cc1OCCCN1CCN(C)CC1 O=P([O-])([O-])[O-]
3BIZ,3BI6,P30291,WEE1,CL 396,[Cl-] Cn1c2cc(C(=O)NCCN3CCCC3)c(O)cc2c2c3c(c(-c4ccccc4Cl)cc21)C(=O)NC3=O
3BIZ,2IN6,P30291,WEE1,839,O=C(O)CCn1c2ccc(O)cc2c2c3c(c(-c4ccccc4)cc21)C(=O)NC3=O
3BIZ,5VD2,P30291,WEE1,34W CL PO4,CC(=O)NCC(=O)N1[C@@H]2CC[C@H]1c1ccc(Nc3ncc(C(F)(F)F)c(NC4CCC4)n3)cc12 [Cl-] O=P([O-])([O-])[O-]
3BIZ,3CR0,P30291,WEE1,GOL 809 CL,OCC(O)CO Cn1cc(CCO)c2c3c(c(-c4ccccc4Cl)cc21)C(=O)NC3=O [Cl-]
3BIZ,3CQE,P30291,WEE1,CL P91 GOL,[Cl-] Cn1c(C(=O)NCCO)c(Br)c2c3c(c(-c4ccccc4Cl)cc21)C(=O)NC3=O OCC(O)CO
3BIZ,5VC6,P30291,WEE1,P48 EDO,CNC(=O)c1nn(C)c2c1C(C)(C)Cc1cnc(Nc3ccc(N4CCN(C)CC4)cc3)nc1-2 OCCO
3BIZ,1X8B,P30291,WEE1,MG 824,[Mg+2] O=C1NC(=O)c2c1c(-c1ccccc1)cc1[nH]c3ccc(O)cc3c21
3CQE,3BIZ,P30291,WEE1,61E CL,CN(C)CCCOc1cc2c(cc1O)c1c3c(c(-c4ccccc4Cl)cc1n2C)C(=O)NC3=O [Cl-]
3CQE,5V5Y,P30291,WEE1,8X7 DMS EDO,C=CCn1c(=O)c2cnc(Nc3ccc(N4CCN(C)CC4)cc3)nc2n1-c1cccc(C(C)(C)O)n1 CS(C)=O OCCO
3CQE,2Z2W,P30291,WEE1,GOL 770 CL,OCC(O)CO O=CNc1ccc2[nH]c3cc(-c4ccccc4Cl)c4c(c3c2c1)C(=O)NC4=O [Cl-]
3CQE,3BI6,P30291,WEE1,CL 396,[Cl-] Cn1c2cc(C(=O)NCCN3CCCC3)c(O)cc2c2c3c(c(-c4ccccc4Cl)cc21)C(=O)NC3=O
3CQE,2IN6,P30291,WEE1,839,O=C(O)CCn1c2ccc(O)cc2c2c3c(c(-c4ccccc4)cc21)C(=O)NC3=O
3CQE,3CR0,P30291,WEE1,GOL 809 CL,OCC(O)CO Cn1cc(CCO)c2c3c(c(-c4ccccc4Cl)cc21)C(=O)NC3=O [Cl-]
3CQE,5VC5,P30291,WEE1,PEG CL EDO 96M,OCCOCCO [Cl-] OCCO CCN(CC)CCOc1ccc(Nc2ncc3cc(-c4c(Cl)cccc4Cl)c(=O)n(C)c3n2)cc1
3CQE,5VC6,P30291,WEE1,P48 EDO,CNC(=O)c1nn(C)c2c1C(C)(C)Cc1cnc(Nc3ccc(N4CCN(C)CC4)cc3)nc1-2 OCCO
3CQE,1X8B,P30291,WEE1,MG 824,[Mg+2] O=C1NC(=O)c2c1c(-c1ccccc1)cc1[nH]c3ccc(O)cc3c21
2Z2W,3BIZ,P30291,WEE1,61E CL,CN(C)CCCOc1cc2c(cc1O)c1c3c(c(-c4ccccc4Cl)cc1n2C)C(=O)NC3=O [Cl-]
2Z2W,5V5Y,P30291,WEE1,8X7 DMS EDO,C=CCn1c(=O)c2cnc(Nc3ccc(N4CCN(C)CC4)cc3)nc2n1-c1cccc(C(C)(C)O)n1 CS(C)=O OCCO
2Z2W,3BI6,P30291,WEE1,CL 396,[Cl-] Cn1c2cc(C(=O)NCCN3CCCC3)c(O)cc2c2c3c(c(-c4ccccc4Cl)cc21)C(=O)NC3=O
2Z2W,2IN6,P30291,WEE1,839,O=C(O)CCn1c2ccc(O)cc2c2c3c(c(-c4ccccc4)cc21)C(=O)NC3=O
2Z2W,3CQE,P30291,WEE1,CL P91 GOL,[Cl-] Cn1c(C(=O)NCCO)c(Br)c2c3c(c(-c4ccccc4Cl)cc21)C(=O)NC3=O OCC(O)CO
2Z2W,5VC6,P30291,WEE1,P48 EDO,CNC(=O)c1nn(C)c2c1C(C)(C)Cc1cnc(Nc3ccc(N4CCN(C)CC4)cc3)nc1-2 OCCO
2Z2W,1X8B,P30291,WEE1,MG 824,[Mg+2] O=C1NC(=O)c2c1c(-c1ccccc1)cc1[nH]c3ccc(O)cc3c21
3CR0,2Z2W,P30291,WEE1,GOL 770 CL,OCC(O)CO O=CNc1ccc2[nH]c3cc(-c4ccccc4Cl)c4c(c3c2c1)C(=O)NC4=O [Cl-]
3CR0,3BI6,P30291,WEE1,CL 396,[Cl-] Cn1c2cc(C(=O)NCCN3CCCC3)c(O)cc2c2c3c(c(-c4ccccc4Cl)cc21)C(=O)NC3=O
3CR0,5VD2,P30291,WEE1,34W CL PO4,CC(=O)NCC(=O)N1[C@@H]2CC[C@H]1c1ccc(Nc3ncc(C(F)(F)F)c(NC4CCC4)n3)cc12 [Cl-] O=P([O-])([O-])[O-]
3CR0,5VC5,P30291,WEE1,PEG CL EDO 96M,OCCOCCO [Cl-] OCCO CCN(CC)CCOc1ccc(Nc2ncc3cc(-c4c(Cl)cccc4Cl)c(=O)n(C)c3n2)cc1
3CR0,3CQE,P30291,WEE1,CL P91 GOL,[Cl-] Cn1c(C(=O)NCCO)c(Br)c2c3c(c(-c4ccccc4Cl)cc21)C(=O)NC3=O OCC(O)CO
3CR0,5VC6,P30291,WEE1,P48 EDO,CNC(=O)c1nn(C)c2c1C(C)(C)Cc1cnc(Nc3ccc(N4CCN(C)CC4)cc3)nc1-2 OCCO
3CR0,1X8B,P30291,WEE1,MG 824,[Mg+2] O=C1NC(=O)c2c1c(-c1ccccc1)cc1[nH]c3ccc(O)cc3c21
3CR0,2IO6,P30291,WEE1,330,COc1ccccc1-c1cc2c(c3c1C(=O)NC3=O)c1cc(O)ccc1n2CCCO
5VD2,3BIZ,P30291,WEE1,61E CL,CN(C)CCCOc1cc2c(cc1O)c1c3c(c(-c4ccccc4Cl)cc1n2C)C(=O)NC3=O [Cl-]
5VD2,2Z2W,P30291,WEE1,GOL 770 CL,OCC(O)CO O=CNc1ccc2[nH]c3cc(-c4ccccc4Cl)c4c(c3c2c1)C(=O)NC4=O [Cl-]
5VD2,5VC4,P30291,WEE1,XZN PO4,COc1cc2c(Nc3cc(Cl)c(OC)c(Cl)c3)c(C#N)cnc2cc1OCCCN1CCN(C)CC1 O=P([O-])([O-])[O-]
5VD2,3BI6,P30291,WEE1,CL 396,[Cl-] Cn1c2cc(C(=O)NCCN3CCCC3)c(O)cc2c2c3c(c(-c4ccccc4Cl)cc21)C(=O)NC3=O
5VD2,2IN6,P30291,WEE1,839,O=C(O)CCn1c2ccc(O)cc2c2c3c(c(-c4ccccc4)cc21)C(=O)NC3=O
5VD2,3CR0,P30291,WEE1,GOL 809 CL,OCC(O)CO Cn1cc(CCO)c2c3c(c(-c4ccccc4Cl)cc21)C(=O)NC3=O [Cl-]
5VD2,5VC5,P30291,WEE1,PEG CL EDO 96M,OCCOCCO [Cl-] OCCO CCN(CC)CCOc1ccc(Nc2ncc3cc(-c4c(Cl)cccc4Cl)c(=O)n(C)c3n2)cc1
2IN6,2Z2W,P30291,WEE1,GOL 770 CL,OCC(O)CO O=CNc1ccc2[nH]c3cc(-c4ccccc4Cl)c4c(c3c2c1)C(=O)NC4=O [Cl-]
2IN6,3BI6,P30291,WEE1,CL 396,[Cl-] Cn1c2cc(C(=O)NCCN3CCCC3)c(O)cc2c2c3c(c(-c4ccccc4Cl)cc21)C(=O)NC3=O
2IN6,5VD2,P30291,WEE1,34W CL PO4,CC(=O)NCC(=O)N1[C@@H]2CC[C@H]1c1ccc(Nc3ncc(C(F)(F)F)c(NC4CCC4)n3)cc12 [Cl-] O=P([O-])([O-])[O-]
2IN6,3CR0,P30291,WEE1,GOL 809 CL,OCC(O)CO Cn1cc(CCO)c2c3c(c(-c4ccccc4Cl)cc21)C(=O)NC3=O [Cl-]
2IN6,5VC5,P30291,WEE1,PEG CL EDO 96M,OCCOCCO [Cl-] OCCO CCN(CC)CCOc1ccc(Nc2ncc3cc(-c4c(Cl)cccc4Cl)c(=O)n(C)c3n2)cc1
2IN6,3CQE,P30291,WEE1,CL P91 GOL,[Cl-] Cn1c(C(=O)NCCO)c(Br)c2c3c(c(-c4ccccc4Cl)cc21)C(=O)NC3=O OCC(O)CO
2IN6,5VC6,P30291,WEE1,P48 EDO,CNC(=O)c1nn(C)c2c1C(C)(C)Cc1cnc(Nc3ccc(N4CCN(C)CC4)cc3)nc1-2 OCCO
5VC6,3BIZ,P30291,WEE1,61E CL,CN(C)CCCOc1cc2c(cc1O)c1c3c(c(-c4ccccc4Cl)cc1n2C)C(=O)NC3=O [Cl-]
5VC6,5V5Y,P30291,WEE1,8X7 DMS EDO,C=CCn1c(=O)c2cnc(Nc3ccc(N4CCN(C)CC4)cc3)nc2n1-c1cccc(C(C)(C)O)n1 CS(C)=O OCCO
5VC6,3BI6,P30291,WEE1,CL 396,[Cl-] Cn1c2cc(C(=O)NCCN3CCCC3)c(O)cc2c2c3c(c(-c4ccccc4Cl)cc21)C(=O)NC3=O
5VC6,2IN6,P30291,WEE1,839,O=C(O)CCn1c2ccc(O)cc2c2c3c(c(-c4ccccc4)cc21)C(=O)NC3=O
5VC6,5VD2,P30291,WEE1,34W CL PO4,CC(=O)NCC(=O)N1[C@@H]2CC[C@H]1c1ccc(Nc3ncc(C(F)(F)F)c(NC4CCC4)n3)cc12 [Cl-] O=P([O-])([O-])[O-]
5VC6,3CR0,P30291,WEE1,GOL 809 CL,OCC(O)CO Cn1cc(CCO)c2c3c(c(-c4ccccc4Cl)cc21)C(=O)NC3=O [Cl-]
5VC6,5VC5,P30291,WEE1,PEG CL EDO 96M,OCCOCCO [Cl-] OCCO CCN(CC)CCOc1ccc(Nc2ncc3cc(-c4c(Cl)cccc4Cl)c(=O)n(C)c3n2)cc1
5VC6,2IO6,P30291,WEE1,330,COc1ccccc1-c1cc2c(c3c1C(=O)NC3=O)c1cc(O)ccc1n2CCCO
3EYL,3G76,P98170,XIAP,CZ3 ZN,CN[C@@H](C)C(=O)N[C@H](C(=O)N1CCC[C@H]1Cn1nnnc1Sc1ccccc1)[C@@H](C)OCC#CC#CCO[C@H](C)[C@H](NC(=O)[C@H](C)NC)C(=O)N1CCC[C@H]1Cn1nnnc1Sc1ccccc1 [Zn+2]
3EYL,2OPY,P98170,XIAP,ZN CO9,[Zn+2] C[C@H](N)c1nc(C(=O)N2CCC[C@H]2C(=O)N[C@@H](Cc2c[nH]c3ccccc23)C(=O)O)co1
3EYL,5C0K,P98170,XIAP,ZN EDO 4WK,[Zn+2] OCCO CC(C)[C@H](NC(=O)[C@H](C)[NH3+])C(N)=O
3EYL,5C83,P98170,XIAP,4YN ZN,COC[C@H]1C[NH2+][C@H](C)CN1CC(=O)N1CC(C)(C)c2cnc(Cc3ccccc3)cc21 [Zn+2]
3EYL,4HY0,P98170,XIAP,1AQ ZN,CCO[C@@H]1C[C@@H]2CN(C(=O)[C@@H](NC(=O)[C@H](C)NC)C3CCC(F)(F)CC3)[C@H](C(=O)N[C@@H]3CCOc4ccccc43)CN2C1 [Zn+2]
1TFQ,5C0K,P98170,XIAP,ZN EDO 4WK,[Zn+2] OCCO CC(C)[C@H](NC(=O)[C@H](C)[NH3+])C(N)=O
3CLX,3EYL,P98170,XIAP,ZN SMK,[Zn+2] CC[C@H](N)C(=O)N[C@@H]1C(=O)N2[C@@H](CC[C@@H]1CCN)CC[C@H]2C(=O)NC(c1ccccc1)c1ccccc1
3CLX,5C7C,P98170,XIAP,4YC ZN,C[C@@H]1CN(CC(=O)N2CC(C)(C)c3ccc(Cl)cc32)CC[NH2+]1 [Zn+2]
3CLX,4HY0,P98170,XIAP,1AQ ZN,CCO[C@@H]1C[C@@H]2CN(C(=O)[C@@H](NC(=O)[C@H](C)NC)C3CCC(F)(F)CC3)[C@H](C(=O)N[C@@H]3CCOc4ccccc43)CN2C1 [Zn+2]
3CLX,5C3K,P98170,XIAP,ZN 4XF,[Zn+2] C[C@H]([NH3+])C(=O)Nc1cccc(N)n1
4KMP,3CLX,P98170,XIAP,X22 ZN,CC[C@H](N)C(=O)N[C@@H]1C(=O)N2[C@@H](CC[C@@H]1CO)CC[C@H]2C(=O)NC(c1ccccc1)c1ccccc1 [Zn+2]
4KMP,5C7D,P98170,XIAP,4YF ZN,C[C@@H]1CN(CC(=O)N2CCc3cnc(Cl)cc32)CC[NH2+]1 [Zn+2]
4KMP,5C7C,P98170,XIAP,4YC ZN,C[C@@H]1CN(CC(=O)N2CC(C)(C)c3ccc(Cl)cc32)CC[NH2+]1 [Zn+2]
4KMP,5C0K,P98170,XIAP,ZN EDO 4WK,[Zn+2] OCCO CC(C)[C@H](NC(=O)[C@H](C)[NH3+])C(N)=O
4KMP,5C7A,P98170,XIAP,4YE ZN,C[C@@H]1CN(CC(=O)N2CCc3ccccc32)CC[NH2+]1 [Zn+2]
4KMP,1TFT,P98170,XIAP,997 ZN,CN[C@@H](C)C(=O)N[C@H](C(=O)N1C[C@@H](Oc2ccccc2)C[C@H]1C(=O)N[C@@H]1CCCc2ccccc21)C(C)(C)C [Zn+2]
4KMP,1TFQ,P98170,XIAP,ZN 998,[Zn+2] CN[C@@H](C)C(=O)N[C@H](C(=O)N1CCC[C@H]1C(=O)N[C@@H]1CCCc2ccccc21)C(C)(C)C
5C7D,5C7B,P98170,XIAP,ZN 4YD,[Zn+2] C[C@@H]1CN(CC(=O)N2CCCC2)CC[NH2+]1
5C7D,4HY0,P98170,XIAP,1AQ ZN,CCO[C@@H]1C[C@@H]2CN(C(=O)[C@@H](NC(=O)[C@H](C)NC)C3CCC(F)(F)CC3)[C@H](C(=O)N[C@@H]3CCOc4ccccc43)CN2C1 [Zn+2]
5C3K,3G76,P98170,XIAP,CZ3 ZN,CN[C@@H](C)C(=O)N[C@H](C(=O)N1CCC[C@H]1Cn1nnnc1Sc1ccccc1)[C@@H](C)OCC#CC#CCO[C@H](C)[C@H](NC(=O)[C@H](C)NC)C(=O)N1CCC[C@H]1Cn1nnnc1Sc1ccccc1 [Zn+2]
5C3K,2OPY,P98170,XIAP,ZN CO9,[Zn+2] C[C@H](N)c1nc(C(=O)N2CCC[C@H]2C(=O)N[C@@H](Cc2c[nH]c3ccccc23)C(=O)O)co1
5C3K,5C7D,P98170,XIAP,4YF ZN,C[C@@H]1CN(CC(=O)N2CCc3cnc(Cl)cc32)CC[NH2+]1 [Zn+2]
5C3K,5C3H,P98170,XIAP,ZN 4XE,[Zn+2] O=C(CN1CC[NH2+]CC1)N1CCCCC1
5C3K,5C0K,P98170,XIAP,ZN EDO 4WK,[Zn+2] OCCO CC(C)[C@H](NC(=O)[C@H](C)[NH3+])C(N)=O
5C3K,1TFQ,P98170,XIAP,ZN 998,[Zn+2] CN[C@@H](C)C(=O)N[C@H](C(=O)N1CCC[C@H]1C(=O)N[C@@H]1CCCc2ccccc21)C(C)(C)C
5C0K,3CLX,P98170,XIAP,X22 ZN,CC[C@H](N)C(=O)N[C@@H]1C(=O)N2[C@@H](CC[C@@H]1CO)CC[C@H]2C(=O)NC(c1ccccc1)c1ccccc1 [Zn+2]
5C0K,5C7D,P98170,XIAP,4YF ZN,C[C@@H]1CN(CC(=O)N2CCc3cnc(Cl)cc32)CC[NH2+]1 [Zn+2]
5C0K,5C0L,P98170,XIAP,4WJ ZN,Brc1cnn(C2CC[NH2+]CC2)c1 [Zn+2]
5C0K,5C83,P98170,XIAP,4YN ZN,COC[C@H]1C[NH2+][C@H](C)CN1CC(=O)N1CC(C)(C)c2cnc(Cc3ccccc3)cc21 [Zn+2]
5C0K,2JK7,P98170,XIAP,ZN BI6,[Zn+2] C=N[C@@H](CC)C(=O)N[C@H]1/C=C\CC[C@H]2CC[C@@H](C(=O)NC(c3ccccc3)c3ccccc3)N2C1=O
2OPY,3G76,P98170,XIAP,CZ3 ZN,CN[C@@H](C)C(=O)N[C@H](C(=O)N1CCC[C@H]1Cn1nnnc1Sc1ccccc1)[C@@H](C)OCC#CC#CCO[C@H](C)[C@H](NC(=O)[C@H](C)NC)C(=O)N1CCC[C@H]1Cn1nnnc1Sc1ccccc1 [Zn+2]
2OPY,2JK7,P98170,XIAP,ZN BI6,[Zn+2] C=N[C@@H](CC)C(=O)N[C@H]1/C=C\CC[C@H]2CC[C@@H](C(=O)NC(c3ccccc3)c3ccccc3)N2C1=O
2OPY,3HL5,P98170,XIAP,ZN 9JZ,[Zn+2] CN[C@@H](C)C(=O)N[C@H](C(=O)N1CC[C@H](C)[C@H]1C(=O)Nc1ccccc1-c1ncccn1)C1CCCCC1
2OPY,4KMP,P98170,XIAP,GT6 ZN,CC[C@H](NC(=O)[C@H](C)NC)C(=O)N1C[C@@H](O)C[C@H]1Cc1c(-c2[nH]c3cc(F)ccc3c2C[C@@H]2C[C@H](O)CN2C(=O)[C@H](CC)NC(=O)[C@H](C)NC)[nH]c2cc(F)ccc12 [Zn+2]
2OPY,5C3K,P98170,XIAP,ZN 4XF,[Zn+2] C[C@H]([NH3+])C(=O)Nc1cccc(N)n1
5C3H,3CLX,P98170,XIAP,X22 ZN,CC[C@H](N)C(=O)N[C@@H]1C(=O)N2[C@@H](CC[C@@H]1CO)CC[C@H]2C(=O)NC(c1ccccc1)c1ccccc1 [Zn+2]
5C3H,3EYL,P98170,XIAP,ZN SMK,[Zn+2] CC[C@H](N)C(=O)N[C@@H]1C(=O)N2[C@@H](CC[C@@H]1CCN)CC[C@H]2C(=O)NC(c1ccccc1)c1ccccc1
5C3H,5C7B,P98170,XIAP,ZN 4YD,[Zn+2] C[C@@H]1CN(CC(=O)N2CCCC2)CC[NH2+]1
5C3H,5C7A,P98170,XIAP,4YE ZN,C[C@@H]1CN(CC(=O)N2CCc3ccccc32)CC[NH2+]1 [Zn+2]
5C84,4HY0,P98170,XIAP,1AQ ZN,CCO[C@@H]1C[C@@H]2CN(C(=O)[C@@H](NC(=O)[C@H](C)NC)C3CCC(F)(F)CC3)[C@H](C(=O)N[C@@H]3CCOc4ccccc43)CN2C1 [Zn+2]
5C84,4KMP,P98170,XIAP,GT6 ZN,CC[C@H](NC(=O)[C@H](C)NC)C(=O)N1C[C@@H](O)C[C@H]1Cc1c(-c2[nH]c3cc(F)ccc3c2C[C@@H]2C[C@H](O)CN2C(=O)[C@H](CC)NC(=O)[C@H](C)NC)[nH]c2cc(F)ccc12 [Zn+2]
5C84,1TFQ,P98170,XIAP,ZN 998,[Zn+2] CN[C@@H](C)C(=O)N[C@H](C(=O)N1CCC[C@H]1C(=O)N[C@@H]1CCCc2ccccc21)C(C)(C)C
5C7A,3EYL,P98170,XIAP,ZN SMK,[Zn+2] CC[C@H](N)C(=O)N[C@@H]1C(=O)N2[C@@H](CC[C@@H]1CCN)CC[C@H]2C(=O)NC(c1ccccc1)c1ccccc1
5C7A,5C7B,P98170,XIAP,ZN 4YD,[Zn+2] C[C@@H]1CN(CC(=O)N2CCCC2)CC[NH2+]1
5C7A,5C3H,P98170,XIAP,ZN 4XE,[Zn+2] O=C(CN1CC[NH2+]CC1)N1CCCCC1
5C7A,5C7C,P98170,XIAP,4YC ZN,C[C@@H]1CN(CC(=O)N2CC(C)(C)c3ccc(Cl)cc32)CC[NH2+]1 [Zn+2]
5C7A,5C0L,P98170,XIAP,4WJ ZN,Brc1cnn(C2CC[NH2+]CC2)c1 [Zn+2]
5C7A,5C83,P98170,XIAP,4YN ZN,COC[C@H]1C[NH2+][C@H](C)CN1CC(=O)N1CC(C)(C)c2cnc(Cc3ccccc3)cc21 [Zn+2]
5C7A,1TFT,P98170,XIAP,997 ZN,CN[C@@H](C)C(=O)N[C@H](C(=O)N1C[C@@H](Oc2ccccc2)C[C@H]1C(=O)N[C@@H]1CCCc2ccccc21)C(C)(C)C [Zn+2]
4HY0,3G76,P98170,XIAP,CZ3 ZN,CN[C@@H](C)C(=O)N[C@H](C(=O)N1CCC[C@H]1Cn1nnnc1Sc1ccccc1)[C@@H](C)OCC#CC#CCO[C@H](C)[C@H](NC(=O)[C@H](C)NC)C(=O)N1CCC[C@H]1Cn1nnnc1Sc1ccccc1 [Zn+2]
4HY0,3EYL,P98170,XIAP,ZN SMK,[Zn+2] CC[C@H](N)C(=O)N[C@@H]1C(=O)N2[C@@H](CC[C@@H]1CCN)CC[C@H]2C(=O)NC(c1ccccc1)c1ccccc1
4HY0,2OPY,P98170,XIAP,ZN CO9,[Zn+2] C[C@H](N)c1nc(C(=O)N2CCC[C@H]2C(=O)N[C@@H](Cc2c[nH]c3ccccc23)C(=O)O)co1
4HY0,5C7D,P98170,XIAP,4YF ZN,C[C@@H]1CN(CC(=O)N2CCc3cnc(Cl)cc32)CC[NH2+]1 [Zn+2]
4HY0,1TFQ,P98170,XIAP,ZN 998,[Zn+2] CN[C@@H](C)C(=O)N[C@H](C(=O)N1CCC[C@H]1C(=O)N[C@@H]1CCCc2ccccc21)C(C)(C)C
1TFT,3CLX,P98170,XIAP,X22 ZN,CC[C@H](N)C(=O)N[C@@H]1C(=O)N2[C@@H](CC[C@@H]1CO)CC[C@H]2C(=O)NC(c1ccccc1)c1ccccc1 [Zn+2]
1TFT,5C7D,P98170,XIAP,4YF ZN,C[C@@H]1CN(CC(=O)N2CCc3cnc(Cl)cc32)CC[NH2+]1 [Zn+2]
1TFT,5C3H,P98170,XIAP,ZN 4XE,[Zn+2] O=C(CN1CC[NH2+]CC1)N1CCCCC1
1TFT,5C84,P98170,XIAP,4YL ZN,COC[C@H]1C[NH2+][C@H](C)CN1CC(=O)N1CC(C)(C)c2cnc(Cl)cc21 [Zn+2]
1TFT,1TFQ,P98170,XIAP,ZN 998,[Zn+2] CN[C@@H](C)C(=O)N[C@H](C(=O)N1CCC[C@H]1C(=O)N[C@@H]1CCCc2ccccc21)C(C)(C)C
3HL5,3G76,P98170,XIAP,CZ3 ZN,CN[C@@H](C)C(=O)N[C@H](C(=O)N1CCC[C@H]1Cn1nnnc1Sc1ccccc1)[C@@H](C)OCC#CC#CCO[C@H](C)[C@H](NC(=O)[C@H](C)NC)C(=O)N1CCC[C@H]1Cn1nnnc1Sc1ccccc1 [Zn+2]
3HL5,5C7C,P98170,XIAP,4YC ZN,C[C@@H]1CN(CC(=O)N2CC(C)(C)c3ccc(Cl)cc32)CC[NH2+]1 [Zn+2]
3HL5,5C7A,P98170,XIAP,4YE ZN,C[C@@H]1CN(CC(=O)N2CCc3ccccc32)CC[NH2+]1 [Zn+2]
3HL5,5C0L,P98170,XIAP,4WJ ZN,Brc1cnn(C2CC[NH2+]CC2)c1 [Zn+2]
3HL5,1TFT,P98170,XIAP,997 ZN,CN[C@@H](C)C(=O)N[C@H](C(=O)N1C[C@@H](Oc2ccccc2)C[C@H]1C(=O)N[C@@H]1CCCc2ccccc21)C(C)(C)C [Zn+2]
3HL5,1TFQ,P98170,XIAP,ZN 998,[Zn+2] CN[C@@H](C)C(=O)N[C@H](C(=O)N1CCC[C@H]1C(=O)N[C@@H]1CCCc2ccccc21)C(C)(C)C
3CM7,3G76,P98170,XIAP,CZ3 ZN,CN[C@@H](C)C(=O)N[C@H](C(=O)N1CCC[C@H]1Cn1nnnc1Sc1ccccc1)[C@@H](C)OCC#CC#CCO[C@H](C)[C@H](NC(=O)[C@H](C)NC)C(=O)N1CCC[C@H]1Cn1nnnc1Sc1ccccc1 [Zn+2]
3CM7,2OPY,P98170,XIAP,ZN CO9,[Zn+2] C[C@H](N)c1nc(C(=O)N2CCC[C@H]2C(=O)N[C@@H](Cc2c[nH]c3ccccc23)C(=O)O)co1
3CM7,5C3H,P98170,XIAP,ZN 4XE,[Zn+2] O=C(CN1CC[NH2+]CC1)N1CCCCC1
3CM7,5C7A,P98170,XIAP,4YE ZN,C[C@@H]1CN(CC(=O)N2CCc3ccccc32)CC[NH2+]1 [Zn+2]
3CM7,2JK7,P98170,XIAP,ZN BI6,[Zn+2] C=N[C@@H](CC)C(=O)N[C@H]1/C=C\CC[C@H]2CC[C@@H](C(=O)NC(c3ccccc3)c3ccccc3)N2C1=O
3CM7,1TFT,P98170,XIAP,997 ZN,CN[C@@H](C)C(=O)N[C@H](C(=O)N1C[C@@H](Oc2ccccc2)C[C@H]1C(=O)N[C@@H]1CCCc2ccccc21)C(C)(C)C [Zn+2]
3CM7,4HY0,P98170,XIAP,1AQ ZN,CCO[C@@H]1C[C@@H]2CN(C(=O)[C@@H](NC(=O)[C@H](C)NC)C3CCC(F)(F)CC3)[C@H](C(=O)N[C@@H]3CCOc4ccccc43)CN2C1 [Zn+2]
5C83,3G76,P98170,XIAP,CZ3 ZN,CN[C@@H](C)C(=O)N[C@H](C(=O)N1CCC[C@H]1Cn1nnnc1Sc1ccccc1)[C@@H](C)OCC#CC#CCO[C@H](C)[C@H](NC(=O)[C@H](C)NC)C(=O)N1CCC[C@H]1Cn1nnnc1Sc1ccccc1 [Zn+2]
5C83,5C7B,P98170,XIAP,ZN 4YD,[Zn+2] C[C@@H]1CN(CC(=O)N2CCCC2)CC[NH2+]1
5C83,4HY0,P98170,XIAP,1AQ ZN,CCO[C@@H]1C[C@@H]2CN(C(=O)[C@@H](NC(=O)[C@H](C)NC)C3CCC(F)(F)CC3)[C@H](C(=O)N[C@@H]3CCOc4ccccc43)CN2C1 [Zn+2]
5C83,5C3K,P98170,XIAP,ZN 4XF,[Zn+2] C[C@H]([NH3+])C(=O)Nc1cccc(N)n1
2JK7,3G76,P98170,XIAP,CZ3 ZN,CN[C@@H](C)C(=O)N[C@H](C(=O)N1CCC[C@H]1Cn1nnnc1Sc1ccccc1)[C@@H](C)OCC#CC#CCO[C@H](C)[C@H](NC(=O)[C@H](C)NC)C(=O)N1CCC[C@H]1Cn1nnnc1Sc1ccccc1 [Zn+2]
2JK7,3CLX,P98170,XIAP,X22 ZN,CC[C@H](N)C(=O)N[C@@H]1C(=O)N2[C@@H](CC[C@@H]1CO)CC[C@H]2C(=O)NC(c1ccccc1)c1ccccc1 [Zn+2]
2JK7,5C7B,P98170,XIAP,ZN 4YD,[Zn+2] C[C@@H]1CN(CC(=O)N2CCCC2)CC[NH2+]1
2JK7,5C7D,P98170,XIAP,4YF ZN,C[C@@H]1CN(CC(=O)N2CCc3cnc(Cl)cc32)CC[NH2+]1 [Zn+2]
2JK7,5C7A,P98170,XIAP,4YE ZN,C[C@@H]1CN(CC(=O)N2CCc3ccccc32)CC[NH2+]1 [Zn+2]
2JK7,5C84,P98170,XIAP,4YL ZN,COC[C@H]1C[NH2+][C@H](C)CN1CC(=O)N1CC(C)(C)c2cnc(Cl)cc21 [Zn+2]
5C0L,5C7C,P98170,XIAP,4YC ZN,C[C@@H]1CN(CC(=O)N2CC(C)(C)c3ccc(Cl)cc32)CC[NH2+]1 [Zn+2]
5C0L,5C3K,P98170,XIAP,ZN 4XF,[Zn+2] C[C@H]([NH3+])C(=O)Nc1cccc(N)n1
5C7C,3CLX,P98170,XIAP,X22 ZN,CC[C@H](N)C(=O)N[C@@H]1C(=O)N2[C@@H](CC[C@@H]1CO)CC[C@H]2C(=O)NC(c1ccccc1)c1ccccc1 [Zn+2]
5C7C,5C0K,P98170,XIAP,ZN EDO 4WK,[Zn+2] OCCO CC(C)[C@H](NC(=O)[C@H](C)[NH3+])C(N)=O
5C7C,3HL5,P98170,XIAP,ZN 9JZ,[Zn+2] CN[C@@H](C)C(=O)N[C@H](C(=O)N1CC[C@H](C)[C@H]1C(=O)Nc1ccccc1-c1ncccn1)C1CCCCC1
5C7C,4KMP,P98170,XIAP,GT6 ZN,CC[C@H](NC(=O)[C@H](C)NC)C(=O)N1C[C@@H](O)C[C@H]1Cc1c(-c2[nH]c3cc(F)ccc3c2C[C@@H]2C[C@H](O)CN2C(=O)[C@H](CC)NC(=O)[C@H](C)NC)[nH]c2cc(F)ccc12 [Zn+2]
5C7C,1TFQ,P98170,XIAP,ZN 998,[Zn+2] CN[C@@H](C)C(=O)N[C@H](C(=O)N1CCC[C@H]1C(=O)N[C@@H]1CCCc2ccccc21)C(C)(C)C
5C7C,5C3K,P98170,XIAP,ZN 4XF,[Zn+2] C[C@H]([NH3+])C(=O)Nc1cccc(N)n1
5C7B,3EYL,P98170,XIAP,ZN SMK,[Zn+2] CC[C@H](N)C(=O)N[C@@H]1C(=O)N2[C@@H](CC[C@@H]1CCN)CC[C@H]2C(=O)NC(c1ccccc1)c1ccccc1
5C7B,2OPY,P98170,XIAP,ZN CO9,[Zn+2] C[C@H](N)c1nc(C(=O)N2CCC[C@H]2C(=O)N[C@@H](Cc2c[nH]c3ccccc23)C(=O)O)co1
5C7B,5C7A,P98170,XIAP,4YE ZN,C[C@@H]1CN(CC(=O)N2CCc3ccccc32)CC[NH2+]1 [Zn+2]
5C7B,5C84,P98170,XIAP,4YL ZN,COC[C@H]1C[NH2+][C@H](C)CN1CC(=O)N1CC(C)(C)c2cnc(Cl)cc21 [Zn+2]
5C7B,5C3K,P98170,XIAP,ZN 4XF,[Zn+2] C[C@H]([NH3+])C(=O)Nc1cccc(N)n1
3G76,5C7D,P98170,XIAP,4YF ZN,C[C@@H]1CN(CC(=O)N2CCc3cnc(Cl)cc32)CC[NH2+]1 [Zn+2]
3G76,5C7A,P98170,XIAP,4YE ZN,C[C@@H]1CN(CC(=O)N2CCc3ccccc32)CC[NH2+]1 [Zn+2]
3G76,3HL5,P98170,XIAP,ZN 9JZ,[Zn+2] CN[C@@H](C)C(=O)N[C@H](C(=O)N1CC[C@H](C)[C@H]1C(=O)Nc1ccccc1-c1ncccn1)C1CCCCC1
3G76,4KMP,P98170,XIAP,GT6 ZN,CC[C@H](NC(=O)[C@H](C)NC)C(=O)N1C[C@@H](O)C[C@H]1Cc1c(-c2[nH]c3cc(F)ccc3c2C[C@@H]2C[C@H](O)CN2C(=O)[C@H](CC)NC(=O)[C@H](C)NC)[nH]c2cc(F)ccc12 [Zn+2]
3G76,5C3K,P98170,XIAP,ZN 4XF,[Zn+2] C[C@H]([NH3+])C(=O)Nc1cccc(N)n1
