pdb,UniprotID,GeneID,LigandIDs,SMILES
1A0T,P22340,SCRY,CA,[Ca+2]
1A42,P00918,CA2,HG ZN BZU,[Hg+2] [Zn+2] CCN[C@H]1CN(CCOCC)S(=O)(=O)c2sc(S(N)(=O)=O)cc21
1A46,P00734,F2,NA 00K,[Na+] NCCCC[C@H](NC(=O)[C@@H]1CCN2CC[C@@](N)(Cc3ccccc3)C(=O)N12)[C@H](O)C(=O)NC1CCCCC1
1A4K,P01834,IGKC,CD FRA,[Cd+2] CC(=O)Nc1ccc(N2C(=O)[C@@H]3C4CCC(NC(=O)OCC(=O)O)(CC4)[C@@H]3C2=O)cc1
1A4M,P03958,ADA,ZN PRH,[Zn+2] OC[C@H]1O[C@@H](n2c[nH+]c3c2N=CN[C@H]3O)[C@H](O)[C@@H]1O
1A69,P0ABP8,DEOD,SO4 FMB,O=S(=O)([O-])[O-] O=c1[nH]cnc2c([C@@H]3O[C@H](CO)[C@@H](O)[C@H]3O)n[nH]c12
1A7X,P62942,FKBP1A,FKA,CO[C@H]1C[C@@H](C)C/C(C)=C/[C@@H](CCOC(=O)NCc2ccccc2)C(=O)C[C@H](O)[C@@H](C)[C@@H](/C(C)=C/[C@@H]2CC[C@@H](O)[C@H](OC)C2)OC(=O)[C@@H]2CCCCN2C(=O)C(=O)[C@]2(O)O[C@H]1[C@@H](OC)C[C@H]2C
1ADO,P00883,ALDOA,13P SO4,O=C(CO)COP(=O)(O)O O=S(=O)([O-])[O-]
1AFK,P61823,RNASE1,PAP,Nc1ncnc2c1ncn2[C@@H]1O[C@H](CO[P@@](=O)(O)OP(=O)(O)O)[C@@H](OP(=O)(O)O)[C@H]1O
1AJ6,P0AES6,GYRB,NOV,CO[C@@H]1[C@@H](OC(N)=O)[C@@H](O)[C@H](Oc2ccc3c(O)c(NC(=O)c4ccc(O)c(CC=C(C)C)c4)c(=O)oc3c2C)OC1(C)C
1ALW,P04574,CAPNS1,CA ISA,[Ca+2] O=C(O)[C@@H](S)Cc1ccc(I)cc1
1ATL,P15167,,ZN CA 0QI,[Zn+2] [Ca+2] COc1ccc(C[C@H](NC(=O)[C@@H](CS)CC(C)C)C(=O)O)cc1
1ATR,P19120,HSPA8,PO4 ADP MG,O=P([O-])([O-])[O-] Nc1ncnc2c1ncn2[C@@H]1O[C@H](CO[P@](=O)(O)OP(=O)(O)O)[C@@H](O)[C@H]1O [Mg+2]
1AW1,P50921,TPIA,PGA,O=C(O)COP(=O)(O)O
1AZM,P00915,CA1,ZN AZM,[Zn+2] CC(=O)Nc1nnc(S(N)(=O)=O)s1
1B55,Q06187,BTK,4IP ZN,O=P(O)(O)O[C@H]1[C@H](O)[C@@H](OP(=O)(O)O)[C@H](OP(=O)(O)O)[C@@H](OP(=O)(O)O)[C@H]1O [Zn+2]
1B6L,P03369,GAG-POL,SO4 PI4,O=S(=O)([O-])[O-] CC(C)(C)NC(=O)[C@@H]1CCCCN1C[C@@H](O)[C@@H]1Cc2ccc(cc2)OCCCC(=O)N[C@@H](CC(N)=O)C(=O)N1
1BKY,P07617,OPG102,SAH 1MC,Nc1ncnc2c1ncn2[C@@H]1O[C@H](CSCC[C@H](N)C(=O)O)[C@@H](O)[C@H]1O Cn1ccc(N)nc1=O
1BN1,P00918,CA2,HG ZN AL5,[Hg+2] [Zn+2] Cc1ccc(CNS(=O)(=O)c2ccc(S(N)(=O)=O)s2)cc1
1BN4,P00918,CA2,HG ZN AL9,[Hg+2] [Zn+2] COc1ccc(CNS(=O)(=O)c2ccc(S(N)(=O)=O)s2)cc1
1BNM,P00918,CA2,HG ZN AL8,[Hg+2] [Zn+2] CN[C@H]1CN(c2cccc(OC)c2)S(=O)(=O)c2sc(S(N)(=O)=O)cc21
1BNN,P00918,CA2,AL1 ZN HG,COc1cccc(N2CCc3cc(S(N)(=O)=O)sc3S2(=O)=O)c1 [Zn+2] [Hg+2]
1BNT,P00918,CA2,AL2 ZN HG,COc1ccc(N2C[C@H](O)c3cc(S(N)(=O)=O)sc3S2(=O)=O)cc1 [Zn+2] [Hg+2]
1BNV,P00918,CA2,AL7 ZN HG,CN[C@@H]1CN(c2cccc(OC)c2)S(=O)(=O)c2sc(S(N)(=O)=O)cc21 [Zn+2] [Hg+2]
1BNW,P00918,CA2,TPD ZN HG,NS(=O)(=O)c1ccc(S(=O)(=O)NCc2cccs2)s1 [Zn+2] [Hg+2]
1BP0,P00469,THYA,UMP K,O=c1ccn([C@H]2C[C@H](O)[C@@H](COP(=O)(O)O)O2)c(=O)[nH]1 [K+]
1BQ4,P00950,GPM1,SO4 BHC,O=S(=O)([O-])[O-] O=C(O)c1c(C(=O)O)c(C(=O)O)c(C(=O)O)c(C(=O)O)c1C(=O)O
1BR5,P02879,,NEO,Nc1nc2ncc([C@@H](O)[C@H](O)CO)nc2c(=O)[nH]1
1BR6,P02879,,PT1,Nc1nc(O)c2nc(CNc3ccc(C(=O)O)cc3)cnc2n1
1BV7,P04585,GAG-POL,XV6,O=C(Nc1nccs1)c1cccc(CN2C(=O)N(Cc3cccc(C(=O)Nc4nccs4)c3)[C@H](Cc3ccccc3)[C@H](O)[C@@H](O)[C@H]2Cc2ccccc2)c1
1BV9,P04585,GAG-POL,XV6,O=C(Nc1nccs1)c1cccc(CN2C(=O)N(Cc3cccc(C(=O)Nc4nccs4)c3)[C@H](Cc3ccccc3)[C@H](O)[C@@H](O)[C@H]2Cc2ccccc2)c1
1BWA,P04585,GAG-POL,XV6,O=C(Nc1nccs1)c1cccc(CN2C(=O)N(Cc3cccc(C(=O)Nc4nccs4)c3)[C@H](Cc3ccccc3)[C@H](O)[C@@H](O)[C@H]2Cc2ccccc2)c1
1BXQ,P00798,,MAN SO4 ACT PP8 GOL,OC[C@H]1O[C@H](O)[C@@H](O)[C@@H](O)[C@@H]1O O=S(=O)([O-])[O-] CC(=O)[O-] COC(=O)[C@H](Cc1ccccc1)O[P@@](=O)(O)[C@H](CC(C)C)NC(=O)[C@H](CC(N)=O)NC(=O)[C@@H](NC(=O)CC(C)C)C(C)C OCC(O)CO
1BZY,P00492,HPRT1,MG IMU POP,[Mg+2] Nc1nc2c([C@@H]3N[C@H](COP(=O)(O)O)[C@@H](O)[C@H]3O)c[nH]c2c(=O)[nH]1 O=P([O-])(O)OP(=O)([O-])O
1C1R,P00760,PRSS1,CA MG SO4 ZN BAI DMS,[Ca+2] [Mg+2] O=S(=O)([O-])[O-] [Zn+2] N=C(N)c1ccc2[nH]c(Cc3nc4ccccc4[nH]3)nc2c1 CS(C)=O
1C1V,P00734,F2,BAB NA ZN,NC(=[NH2+])c1ccc2nc(Cc3[nH]c4cc(C(N)=[NH2+])ccc4[nH+]3)[nH]c2c1 [Na+] [Zn+2]
1C3E,P08179,PURN,NHR GAR,Nc1nc(O)c2cc(C[C@@H](C(=O)O)c3ccc(C(=O)N[C@@H](CCC(=O)O)C(=O)O)cc3)ccc2n1 NCC(=O)N[C@@H]1O[C@H](COP(=O)([O-])[O-])[C@@H](O)[C@H]1O
1C4U,P00734,F2,IH1 NA,N=C(N)[C@H]1CC[C@H](CNC(=O)[C@@H]2C=CCn3c(=O)n(CCS(=O)(=O)c4ccc(Br)cc4)c(=O)n32)CC1 [Na+]
1C5C,,,GOL TK4,OCC(O)CO CC(=O)Nc1ccc2c(S(=O)(=O)O)cccc2c1S(=O)(=O)O
1C5O,P00734,F2,NA BEN,[Na+] N=C(N)c1ccccc1
1C5P,P00760,PRSS1,CA MG SO4 BEN,[Ca+2] [Mg+2] O=S(=O)([O-])[O-] N=C(N)c1ccccc1
1C5Q,P00760,PRSS1,ESI CL CA,NC(=[NH2+])c1cc2c(I)cccc2s1 [Cl-] [Ca+2]
1C5T,P00760,PRSS1,ESP CA,NC(=[NH2+])c1cc2cccnc2s1 [Ca+2]
1C5X,P00749,PLAU,ESI FLC,NC(=[NH2+])c1cc2c(I)cccc2s1 O=C([O-])CC(O)(CC(=O)[O-])C(=O)[O-]
1C5Y,P00749,PLAU,ESP FLC,NC(=[NH2+])c1cc2cccnc2s1 O=C([O-])CC(O)(CC(=O)[O-])C(=O)[O-]
1C70,O92103,POL,L75,CC(C)(C)NC(=O)[C@@H]1CN(Cc2cc3ccccc3o2)CCN1C[C@@H](O)C[C@@H](Cc1ccccc1)C(=O)N[C@H]1c2ccccc2C[C@H]1O
1C86,P18031,PTPN1,OPA,O=C(O)C(=O)Nc1sc2c(c1C(=O)O)CCOC2
1C88,P18031,PTPN1,OTA,O=C(O)C(=O)Nc1sc2c(c1C(=O)O)CCNC2
1CBX,P00730,CPA1,ZN BZS,[Zn+2] O=C(O)C[C@@H](Cc1ccccc1)C(=O)O
1CH8,P0A7D4,PURA,NO3 MG GPX HDA IMP,O=[N+]([O-])[O-] [Mg+2] Nc1nc2c(ncn2[C@@H]2O[C@H](CO[P@](=O)(O)OP(=O)(O)O)[C@H]3O[P@](=O)(O)O[C@H]32)c(=O)[nH]1 O=CN(O)CC(=O)O O=c1[nH]cnc2c1ncn2[C@@H]1O[C@H](COP(=O)(O)O)[C@@H](O)[C@H]1O
1CNW,P00918,CA2,EG1 HG ZN,NCC(=O)NCCOCCOCCNC(=O)c1ccc(S(N)(=O)=O)cc1 [Hg+2] [Zn+2]
1CNX,P00918,CA2,EG2 HG ZN,NCCOCCOCCNC(=O)c1ccc(S(N)(=O)=O)cc1 [Hg+2] [Zn+2]
1CT8,P01837,IGKC,TAA SO4,O=C(Nc1ccc(C[P@](=O)(O)O[C@H](c2ccc([N+](=O)[O-])cc2)[C@@H](CO)N[C@@H](O)C(Cl)Cl)cc1)C(F)(F)F O=S(=O)([O-])[O-]
1CZE,P00509,ASPC,SIN PLP,O=C(O)CCC(=O)O Cc1ncc(COP(=O)(O)O)c(C=O)c1O
1D2E,P49410,TUFM,GDP MG,Nc1nc2c(ncn2[C@@H]2O[C@H](COP(=O)(O)OP(=O)(O)O)[C@@H](O)[C@H]2O)c(=O)[nH]1 [Mg+2]
1D4P,P00734,F2,BPP NA NAG,N=C(N)c1ccc2[nH]c(C(=O)N3CCC(Cc4ccccc4)CC3)cc2c1 [Na+] CC(=O)N[C@@H]1[C@@H](O)[C@H](O)[C@@H](CO)O[C@H]1O
1D6W,P00734,F2,00R NA,Nc1ncc([C@H]2CC[C@H](NC(=O)[C@@H]3C=CCn4c(=O)n(CCS(=O)(=O)c5ccccc5)c(=O)n43)CC2)[nH]1 [Na+]
1D7I,P62942,FKBP1A,NH4 SO4 DSS,[NH4+] O=S(=O)([O-])[O-] CSC[S@](C)=O
1D7J,P62942,FKBP1A,NH4 SO4 BUQ,[NH4+] O=S(=O)([O-])[O-] CC(=O)CCO
1DFO,P0A825,GLYA,PLG FFO,Cc1ncc(COP(=O)(O)O)c(CNCC(=O)O)c1O Nc1nc2c(c(=O)[nH]1)N(C=O)[C@@H](CNc1ccc(C(=O)N[C@@H](CCC(=O)O)C(=O)O)cc1)CN2
1DMP,P04585,GAG-POL,DMQ,Nc1cccc(CN2C(=O)N(Cc3cccc(N)c3)[C@H](Cc3ccccc3)[C@H](O)[C@@H](O)[C@H]2Cc2ccccc2)c1
1DQN,Q24973,,IPA POP IMU MG,CC(C)O O=P([O-])(O)OP(=O)([O-])O Nc1nc2c([C@@H]3N[C@H](COP(=O)(O)O)[C@@H](O)[C@H]3O)c[nH]c2c(=O)[nH]1 [Mg+2]
1DRV,P04036,DAPB,A3D,CC(=O)c1ccc[n+]([C@@H]2O[C@H](COP(=O)([O-])OP(=O)(O)OC[C@H]3O[C@@H](n4cnc5c(N)ncnc54)[C@H](O)[C@@H]3O)[C@@H](O)[C@H]2O)c1
1E6S,P29736,,NAG GOX ZN SO4 GOL,CC(=O)N[C@@H]1[C@@H](O)[C@H](O)[C@@H](CO)O[C@H]1O OC[C@H]1N/C(=N\O)[C@H](O)[C@@H](O)[C@@H]1O [Zn+2] O=S(=O)([O-])[O-] OCC(O)CO
1EC2,P03366,GAG-POL,BEJ,CNC(=O)[C@@H](NC(=O)[C@H](OCc1ccc(-c2cccnc2)cc1)[C@H](O)[C@@H](O)[C@@H](OCc1ccc(-c2cccnc2)cc1)C(=O)N[C@H](C(=O)NC)C(C)C)C(C)C
1ECQ,P0AES2,GUDD,DXG MG IPA,O=C([O-])[C@@H](O)C[C@H](O)[C@@H](O)C(=O)[O-] [Mg+2] CC(C)O
1EC9,P0AES2,GUDD,MG XYH IPA,[Mg+2] O=C(NO)[C@@H](O)[C@H](O)[C@@H](O)C(=O)[O-] CC(C)O
1EC3,P03366,GAG-POL,MS3,CC(C)[C@H](NC(=O)[C@H](OCc1ccccc1)[C@H](O)[C@@H](O)[C@@H](OCc1ccccc1)C(=O)N[C@H](C(=O)NCc1ccccn1)C(C)C)C(=O)NCc1ccccn1
1EC1,P03366,GAG-POL,BEE,CNC(=O)[C@@H](NC(=O)[C@H](OCc1ccc(-c2ccsc2)cc1)[C@H](O)[C@@H](O)[C@@H](OCc1ccc(-c2ccsc2)cc1)C(=O)N[C@H](C(=O)NC)C(C)C)C(C)C
1EC0,P03366,GAG-POL,BED,O=C(N[C@H]1c2ccccc2C[C@H]1O)[C@H](OCc1ccccc1F)[C@H](O)[C@@H](O)[C@@H](OCc1ccccc1F)C(=O)N[C@H]1c2ccccc2C[C@H]1O
1EBZ,P03366,GAG-POL,BEC,CNC(=O)[C@@H](NC(=O)[C@H](OCc1ccccc1)[C@H](O)[C@@H](O)[C@@H](OCc1ccccc1)C(=O)N[C@H]1c2ccccc2C[C@H]1O)C(C)C
1EBW,P03366,GAG-POL,BEI,CC[C@H](C)[C@H](NC(=O)[C@H](OCc1ccccc1)[C@H](O)[C@@H](O)[C@@H](OCc1ccccc1)C(=O)N[C@H](C(=O)NC)[C@@H](C)CC)C(=O)NC
1EB2,P00760,PRSS1,BPO CA SO4,N=C(N)c1cccc(C(=O)N[C@@H](C(=O)N2CCC(C(=O)c3ccccc3)CC2)c2ccccc2)c1 [Ca+2] O=S(=O)([O-])[O-]
1E6Q,P29736,,NAG ZN SO4 GOL NTZ,CC(=O)N[C@@H]1[C@@H](O)[C@H](O)[C@@H](CO)O[C@H]1O [Zn+2] O=S(=O)([O-])[O-] OCC(O)CO OC[C@@H]1[C@@H](O)[C@H](O)[C@@H](O)c2nnnn21
1E4H,P02766,TTR,GOL PBR,OCC(O)CO Oc1c(Br)c(Br)c(Br)c(Br)c1Br
1E3V,P07445,KSI,DXC,C[C@H](CCC(=O)O)[C@H]1CC[C@H]2[C@@H]3CC[C@@H]4C[C@H](O)CC[C@]4(C)[C@H]3C[C@H](O)[C@]12C
1E3G,P10275,AR,R18,C[C@]1(O)CC[C@H]2[C@@H]3CCC4=CC(=O)CCC4=C3C=C[C@@]21C
1E34,P00772,CELA1,TPX SO4 CA,CC[C@H](C=O)[C@@H](CNS(=O)(=O)c1ccc(C)cc1)C(=O)O O=S(=O)([O-])[O-] [Ca+2]
1E2L,P0DTH5,TK,TMC SO4,Cc1cn([C@H]2C[C@H](O)[C@]3(CO)C[C@H]23)c(=O)[nH]c1=O O=S(=O)([O-])[O-]
1E2K,P0DTH5,TK,SO4 TMC,O=S(=O)([O-])[O-] Cc1cn([C@H]2C[C@H](O)[C@]3(CO)C[C@H]23)c(=O)[nH]c1=O
1E1X,P24941,CDK2,NW1,Nc1nc(N)c(N=O)c(OCC2CCCCC2)n1
1E1V,P24941,CDK2,CMG,Nc1nc(OCC2CCCCC2)c2nc[nH]c2n1
1DZK,P81245,,PRZ,COc1nccnc1CC(C)C
1DY4,P62694,CBH1,NAG SNP CO,CC(=O)N[C@@H]1[C@@H](O)[C@H](O)[C@@H](CO)O[C@H]1O CC(C)NC[C@H](O)COc1cccc2ccccc12 [Co+2]
1DUV,P04391,ARGI,MPD PSQ,C[C@H](O)CC(C)(C)O N[C@@H](CCCN[P@@](N)(=O)NS(=O)(=O)O)C(=O)O
1DUD,P06968,DUT,DUD,O=c1ccn([C@H]2C[C@H](O)[C@@H](CO[P@](=O)(O)OP(=O)(O)O)O2)c(=O)[nH]1
1DRK,P02925,RBSB,RIP,O[C@@H]1[C@H](O)[C@H](O)CO[C@H]1O
1DRJ,P02925,RBSB,RIP,O[C@@H]1[C@H](O)[C@H](O)CO[C@H]1O
1DMB,P0AEX9,MALE,,
1DL7,P01724,,NCH,C[N+](C)(C)CCO[P@](=O)(O)Oc1ccc([N+](=O)[O-])cc1
1DIF,P03367,GAG-POL,BME A85,OCCS CC(C)[C@H](NC(=O)N(C)Cc1ccccn1)C(=O)N[C@@H](Cc1ccccc1)C(O)(O)C(F)(F)[C@H](Cc1ccccc1)NC(=O)[C@@H](NC(=O)N(C)Cc1ccccn1)C(C)C
1DHJ,P0ABQ4,FOLA,CL MTX CA,[Cl-] CN(Cc1cnc2nc(N)nc(N)c2n1)c1ccc(C(=O)N[C@@H](CCC(=O)O)C(=O)O)cc1 [Ca+2]
1DHI,P0ABQ4,FOLA,CL MTX CA,[Cl-] CN(Cc1cnc2nc(N)nc(N)c2n1)c1ccc(C(=O)N[C@@H](CCC(=O)O)C(=O)O)cc1 [Ca+2]
1DGM,Q9TVW2,AK,MG CL ADN ACY,[Mg+2] [Cl-] Nc1ncnc2c1ncn2[C@@H]1O[C@H](CO)[C@@H](O)[C@H]1O CC(=O)O
1DG9,P11064,ACP1,EPE,O=S(=O)(O)CCN1CCN(CCO)CC1
1DF8,P22629,,BTN,O=C(O)CCCC[C@@H]1SC[C@@H]2NC(=O)N[C@@H]21
1DET,P00651,RNTA,NA 2GP,[Na+] Nc1nc2c(ncn2[C@@H]2O[C@H](CO)[C@@H](O)[C@H]2OP(=O)(O)O)c(=O)[nH]1
1DAR,Q5SHN5,FUSA,GDP,Nc1nc2c(ncn2[C@@H]2O[C@H](COP(=O)(O)OP(=O)(O)O)[C@@H](O)[C@H]2O)c(=O)[nH]1
1D9I,P00734,F2,NA 00P,[Na+] N[C@H]1CC[C@H](CNC(=O)[C@@H]2C=CCn3c(=O)n(CCS(=O)(=O)c4ccccc4)c(=O)n32)CC1
1D6V,P01834,IGKC,HOP CD,O=C(O)CCCNC(=O)c1ccc([C@H]2CC[C@H](c3ccccc3)C[C@@H]2O)cc1 [Cd+2]
1D5R,P60484,PTEN,TLA,O=C(O)[C@H](O)[C@@H](O)C(=O)O
1D4L,P03369,GAG-POL,SO4 PI9,O=S(=O)([O-])[O-] CC(C)CCN(C[C@@H](O)[C@@H]1Cc2ccc(cc2)OCCCCCC(=O)N[C@@H](C(C)C)C(=O)N1)S(=O)(=O)c1ccc(N)cc1
1D4K,P03369,GAG-POL,PI8 SO4,CC[C@H](C)[C@@H]1NC(=O)[C@@H](NC[C@@H](O)C[C@@H](Cc2ccccc2)C(=O)N[C@H]2c3ccccc3C[C@H]2O)Cc2ccc(cc2)OCCCCCNC1=O O=S(=O)([O-])[O-]
1D4J,P03366,GAG-POL,MSC,O=C(NCc1c(F)cccc1Cl)[C@H](OCc1ccccc1)[C@H](O)[C@@H](O)[C@@H](OCc1ccccc1)C(=O)N[C@H]1c2ccccc2C[C@H]1O
1D4I,P03366,GAG-POL,BEG,O=C(N[C@H]1c2ccccc2C[C@H]1O)[C@@H](C[C@@H](O)[C@@H](OCc1ccccc1)C(=O)N[C@H]1c2ccccc2C[C@H]1O)OCc1ccccc1
1D4H,P03366,GAG-POL,BEH,O=C(NCc1ccccc1)[C@H](OCc1ccccc1)[C@H](O)[C@@H](O)[C@@H](OCc1ccccc1)C(=O)N[C@H]1c2ccccc2C[C@H]1O
1D3P,P00734,F2,BT3 NA NAG,Oc1ccc2c(Cc3ccc(OCCN4CCCC4)cc3)c(-c3ccc(OCCN4CCCC4)nc3)sc2c1 [Na+] CC(=O)N[C@@H]1[C@@H](O)[C@H](O)[C@@H](CO)O[C@H]1O
1D3D,P00734,F2,BZT NA NAG,Oc1ccc2c(Cc3ccc(CN4CCCC4)c(Br)c3)c(-c3ccc(OCCN4CCCC4)cc3)sc2c1 [Na+] CC(=O)N[C@@H]1[C@@H](O)[C@H](O)[C@@H](CO)O[C@H]1O
1D2S,P04278,SHBG,CA DHT,[Ca+2] C[C@]12CCC(=O)C[C@@H]1CC[C@@H]1[C@@H]2CC[C@]2(C)[C@@H](O)CC[C@@H]12
1D09,P0A786,PYRB,PAL ZN,O=C(O)C[C@H](NC(=O)CP(=O)(O)O)C(=O)O [Zn+2]
1CZC,P00509,ASPC,GUA PLP,O=C(O)CCCC(=O)O Cc1ncc(COP(=O)(O)O)c(C=O)c1O
1CTU,P0ABF6,CDD,ZN ZEB,[Zn+2] O=C1N[C@H](O)C=CN1[C@@H]1O[C@H](CO)[C@@H](O)[C@H]1O
1CTT,P0ABF6,CDD,ZN DHZ,[Zn+2] O=C1NCC=CN1[C@@H]1O[C@H](CO)[C@@H](O)[C@H]1O
1CPS,P00730,CPA1,CPM ZN,CS(=N)(=N)C[C@@H](Cc1ccccc1)C(=O)O [Zn+2]
1CNY,P00918,CA2,EG3 HG ZN,N[C@@H](Cc1ccccc1)C(=O)NCCOCCOCCNC(=O)c1ccc(S(N)(=O)=O)cc1 [Hg+2] [Zn+2]
1CIZ,P08254,MMP3,ZN CA SO4 DPS,[Zn+2] [Ca+2] O=S(=O)([O-])[O-] O=C(O)[C@H](Cc1c[nH]c2ccccc12)NS(=O)(=O)c1ccc(N2CCC(c3ccccc3)CC2)cc1
1CIL,P00918,CA2,ZN ETS,[Zn+2] CCN[C@H]1C[C@H](C)S(=O)(=O)c2sc(S(N)(=O)=O)cc21
1CET,Q27743,,CLQ,CCN(CC)CCC[C@@H](C)Nc1ccnc2cc(Cl)ccc12
1CEB,P00747,PLG,AMH,NC[C@H]1CC[C@H](C(=O)O)CC1
1CE5,P00760,PRSS1,BEN SO4 CL CA,N=C(N)c1ccccc1 O=S(=O)([O-])[O-] [Cl-] [Ca+2]
1CBR,P62965,CRABP1,REA,CC1=C(/C=C/C(C)=C/C=C/C(C)=C/C(=O)O)C(C)(C)CCC1
1CA8,P00734,F2,NA 0KV,[Na+] N=C(N)N1CCC[C@@H](C[C@@H](C=O)NC(=O)CN2CCC[C@H](NS(=O)(=O)Cc3ccccc3)C2=O)C1
1C87,P18031,PTPN1,OPA,O=C(O)C(=O)Nc1sc2c(c1C(=O)O)CCOC2
1C84,P18031,PTPN1,761,O=C(O)C(=O)Nc1cc2ccccc2cc1C(=O)O
1C83,P18031,PTPN1,OAI,O=C(O)C(=O)Nc1cc2[nH]ccc2cc1C(=O)O
1C5S,P00760,PRSS1,CA SO4 ESX,[Ca+2] O=S(=O)([O-])[O-] NC(=[NH2+])c1cc2ccccc2s1
1C5N,P00734,F2,NA CA ESI,[Na+] [Ca+2] NC(=[NH2+])c1cc2c(I)cccc2s1
1C4V,P00734,F2,IH2 NA,CC1=C[C@@H](C(=O)NC[C@H]2CC[C@H](C(=N)N)CC2)n2c(=O)n(CC(c3ccccc3)c3ccccc3)c(=O)n2C1 [Na+]
1C3X,P81989,PUNA,PO4 8IG CA,O=P([O-])([O-])[O-] Nc1nc2[nH]c(I)nc2c(=O)[nH]1 [Ca+2]
1C1U,P00734,F2,ZN NA BAI,[Zn+2] [Na+] N=C(N)c1ccc2[nH]c(Cc3nc4ccccc4[nH]3)nc2c1
1BZJ,P18031,PTPN1,PIC,O=C(O)c1ccc2cc(C(F)(F)P(=O)(O)O)ccc2c1
1BXR,P00968,CARB,MN K CL ANP ORN NET,[Mn+2] [K+] [Cl-] Nc1ncnc2c1ncn2[C@@H]1O[C@H](COP(=O)(O)OP(=O)(O)NP(=O)(O)O)[C@@H](O)[C@H]1O NCCC[C@H](N)C(=O)O CC[N+](CC)(CC)CC
1BXO,P00798,,MAN SO4 PP7 GOL,OC[C@H]1O[C@H](O)[C@@H](O)[C@@H](O)[C@@H]1O O=S(=O)([O-])[O-] COC(=O)[C@@H]1Cc2cccc(c2)CNC(=O)C[C@H](NC(=O)[C@@H](NC(=O)CC(C)C)C(C)C)C(=O)N[C@@H](CC(C)C)[P@@](=O)(O)O1 OCC(O)CO
1BWB,P04585,GAG-POL,146,O=C(Nc1nc2ccccc2[nH]1)c1cccc(CN2C(=O)N(Cc3cccc(C(=O)Nc4nc5ccccc5[nH]4)c3)[C@H](Cc3ccccc3)[C@H](O)[C@@H](O)[C@H]2Cc2ccccc2)c1
1BTY,P00760,PRSS1,CA BEN,[Ca+2] N=C(N)c1ccccc1
1BRA,P00763,PRSS2,CA BEN,[Ca+2] N=C(N)c1ccccc1
1BNU,P00918,CA2,HG ZN AL3,[Hg+2] [Zn+2] NS(=O)(=O)c1cc2c(s1)S(=O)(=O)N(Cc1cccs1)C[C@@H]2O
1BNQ,P00918,CA2,HG ZN AL4,[Hg+2] [Zn+2] CCN[C@H]1CN(CCOC)S(=O)(=O)c2sc(S(N)(=O)=O)cc21
1BN3,P00918,CA2,HG ZN AL6,[Hg+2] [Zn+2] COc1cccc(N2C=Cc3cc(S(N)(=O)=O)sc3S2(=O)=O)c1
1BMA,P00772,CELA1,CA SO4 0QH,[Ca+2] O=S(=O)([O-])[O-] CC(C)C[C@H](NC(=O)C(F)(F)F)C(=O)N[N@@+](C)(CC(=O)Nc1ccc(C(C)C)cc1)Cc1ccccc1
1BM7,P02766,TTR,FLF,O=C(O)c1ccccc1Nc1cccc(C(F)(F)F)c1
1BJV,P00760,PRSS1,CA SO4 DMS GP8,[Ca+2] O=S(=O)([O-])[O-] CS(C)=O N=C(N)c1ccc(NC(=O)Nc2ccc(Oc3ccccc3)cc2)cc1
1BJU,P00760,PRSS1,CA SO4 GP6 DMS,[Ca+2] O=S(=O)([O-])[O-] N=C(N)c1ccc(NC(=O)Nc2ccc(Cl)cc2)cc1 CS(C)=O
1BHX,P00734,F2,R56,N=C(N)NCCCNC(=O)[C@@H]1CS[C@H]2CC[C@@H](NS(=O)(=O)Cc3ccccc3)C(=O)N21
1BGQ,P02829,HSP82,RDC,C[C@@H]1C[C@H]2O[C@@H]2/C=C\C=C\C(=O)Cc2c(Cl)c(O)cc(O)c2C(=O)O1
1BDQ,P04587,GAG-POL,IM1,CC(C)[C@H](NC(=O)[C@H](Cc1ccccc1)C[C@H](O)[C@H](Cc1ccccc1)NC(=O)OC(C)(C)C)c1ncc[nH]1
1BDL,P04587,GAG-POL,IM1,CC(C)[C@H](NC(=O)[C@H](Cc1ccccc1)C[C@H](O)[C@H](Cc1ccccc1)NC(=O)OC(C)(C)C)c1ncc[nH]1
1BCJ,P19999,MBL1,CL CA NGA,[Cl-] [Ca+2] CC(=O)N[C@@H]1[C@@H](O)[C@@H](O)[C@@H](CO)O[C@H]1O
1BCD,P00918,CA2,ZN FMS,[Zn+2] NS(=O)(=O)C(F)(F)F
1B8Y,P08254,MMP3,IN7 SO4 CA ZN,O=C(O)CNS(=O)(=O)c1ccc(N2CCC(c3ccccc3)CC2)cc1 O=S(=O)([O-])[O-] [Ca+2] [Zn+2]
1B8O,P55859,PNP,MG PO4 IMH,[Mg+2] O=P([O-])([O-])[O-] O=c1[nH]cnc2c([C@@H]3N[C@H](CO)[C@@H](O)[C@H]3O)c[nH]c12
1B8N,P55859,PNP,MG PO4 IMG,[Mg+2] O=P([O-])([O-])[O-] Nc1nc2c([C@@H]3N[C@H](CO)[C@@H](O)[C@H]3O)c[nH]c2c(=O)[nH]1
1B74,P56868,MURI,DGN,NC(=O)CC[C@@H](N)C(=O)O
1B6M,P03369,GAG-POL,SO4 PI6,O=S(=O)([O-])[O-] CC[C@H](C)[C@@H]1NC(=O)[C@@H](NC[C@@H](O)[C@H](Cc2ccccc2)NC(=O)OC(C)(C)C)Cc2ccc(cc2)OCCCNC1=O
1B6K,P03369,GAG-POL,SO4 PI5,O=S(=O)([O-])[O-] CC[C@H](C)[C@@H]1NC(=O)[C@@H](NC[C@@H](O)[C@H](Cc2ccc(O)cc2)NC(=O)[C@H](C(C)C)N2CCCC2=O)Cc2ccc(cc2)OCCCNC1=O
1B6J,P03369,GAG-POL,SO4,O=S(=O)([O-])[O-]
1B57,P0AB71,FBAA,PGH CL NA ZN,O=C(COP(=O)(O)O)NO [Cl-] [Na+] [Zn+2]
1B4D,P00489,PYGM,IMP PLP CRA,O=c1[nH]cnc2c1ncn2[C@@H]1O[C@H](COP(=O)(O)O)[C@@H](O)[C@H]1O Cc1ncc(COP(=O)(O)O)c(C=O)c1O COC(=O)N[C@]1(C(N)=O)O[C@H](CO)[C@@H](O)[C@H](O)[C@H]1O
1B38,P24941,CDK2,MG ATP,[Mg+2] Nc1ncnc2c1ncn2[C@@H]1O[C@H](CO[P@@](=O)(O)O[P@](=O)(O)OP(=O)(O)O)[C@@H](O)[C@H]1O
1AXR,P00489,PYGM,HTP PLP PO4,OC[C@@H]1[C@@H](O)[C@H](O)[C@@H](O)c2cn[nH][n+]21 Cc1ncc(COP(=O)(O)O)c(C=O)c1O O=P([O-])([O-])[O-]
1AX2,P16404,,MN CA,[Mn+2] [Ca+2]
1AX1,P16404,,MN CA,[Mn+2] [Ca+2]
1AX0,P16404,,A2G MN CA,CC(=O)N[C@@H]1[C@@H](O)[C@@H](O)[C@@H](CO)O[C@@H]1O [Mn+2] [Ca+2]
1AVD,P02701,AVD,NAG BTN,CC(=O)N[C@@H]1[C@@H](O)[C@H](O)[C@@H](CO)O[C@H]1O O=C(O)CCCC[C@@H]1SC[C@@H]2NC(=O)N[C@@H]21
1AMW,P02829,HSP82,ADP,Nc1ncnc2c1ncn2[C@@H]1O[C@H](CO[P@](=O)(O)OP(=O)(O)O)[C@@H](O)[C@H]1O
1AMN,P04058,ACHE,SO4 NAF,O=S(=O)([O-])[O-] C[N+](C)(C)c1cccc(C(O)(O)C(F)(F)F)c1
1AMK,P48499,,PGA,O=C(O)COP(=O)(O)O
1AJX,P03366,GAG-POL,AH1,O=C1N(Cc2ccccc2)[C@H](COc2ccccc2)[C@H](O)[C@@H](O)[C@@H](COc2ccccc2)N1Cc1ccccc1
1AJV,P03366,GAG-POL,NMB,O=S1(=O)N(Cc2ccccc2)[C@H](COc2ccccc2)[C@H](O)[C@@H](O)[C@@H](COc2ccccc2)N1Cc1ccccc1
1AJQ,P06875,PAC,CA SPA,[Ca+2] O=C(O)Cc1cccs1
1AJP,P06875,PAC,OMD CA,O=C(O)Cc1cc(O)ccc1O [Ca+2]
1AJN,P06875,PAC,CA AAN,[Ca+2] O=C(O)Cc1ccc([N+](=O)[O-])cc1
1AJ7,4768677,,NPE,O=C(O)CCCCP(=O)([O-])Oc1ccc([N+](=O)[O-])cc1
1AID,P03369,GAG-POL,CL THK,[Cl-] OC1(c2ccc(Cl)cc2)CCN(CCCC2(c3ccc(F)cc3)SCCS2)CC1
1AI7,P06875,PAC,CA IPH,[Ca+2] Oc1ccccc1
1AI5,P06875,PAC,CA MNP,[Ca+2] O=C(O)Cc1cccc([N+](=O)[O-])c1
1AI4,P06875,PAC,CA DHY,[Ca+2] O=C(O)Cc1ccc(O)c(O)c1
1AFL,P61823,RNASE1,ATR CIT,Nc1ncnc2c1ncn2[C@@H]1O[C@H](CO[P@@](=O)(O)OP(=O)(O)O)[C@@H](O)[C@H]1OP(=O)(O)O O=C(O)CC(O)(CC(=O)O)C(=O)O
1AF6,P02943,LAMB,MG,[Mg+2]
1ADL,P04117,FABP4,ACD PPI,CCCCC/C=C\C/C=C\C/C=C\C/C=C\CCCC(=O)O CCC(=O)O
1ADD,P03958,ADA,ZN 1DA,[Zn+2] Nc1ccnc2c1ncn2[C@@H]1O[C@H](CO)[C@@H](O)[C@H]1O
1AAQ,P03367,GAG-POL,PSI,COC(=O)[C@@H](NC(=O)[C@@H](NC(=O)CC[C@H](O)[C@H](Cc1ccccc1)NC(=O)[C@H](C)NC(=O)[C@H](C)N)C(C)C)C(C)C
1A9Q,P55859,PNP,SO4 HPA,O=S(=O)([O-])[O-] O=c1[nH]cnc2nc[nH]c12
1A9M,P03366,GAG-POL,U0E,CC(=O)N[C@@H](CC1CCCCC1)[C@@H](O)C[C@H](C(=O)N[C@@H](CCC(N)=O)C(=O)N[C@@H](CCCNC(=N)N)C(N)=O)C(C)C
1A99,P31133,POTF,PUT,NCCCCN
1A8T,P25910,CCRA,ZN 061,[Zn+2] CCCCc1nc2ccc(O)cc2c(=O)n1Cc1ccc(-c2ccccc2-c2nnn[nH]2)cc1
1A8I,P00489,PYGM,GLS,O=C1NC(=O)[C@@]2(N1)O[C@H](CO)[C@@H](O)[C@H](O)[C@H]2O
1A7T,P25910,CCRA,ZN NA MES,[Zn+2] [Na+] O=S(=O)([O-])CC[NH+]1CCOCC1
1A4W,P00734,F2,NA QWE,[Na+] CN(C)c1cccc2c(S(=O)(=O)N[C@@H](CCCNC(N)=[NH2+])C(=O)N3CCCC[C@@H]3CCC(=O)c3nccs3)cccc12
1A4R,P60953,CDC42,MG GDP GNH,[Mg+2] Nc1nc2c(ncn2[C@@H]2O[C@H](COP(=O)(O)OP(=O)(O)O)[C@@H](O)[C@H]2O)c(=O)[nH]1 Nc1nc2c(ncn2[C@@H]2O[C@H](CO[P@](=O)(O)O[P@](N)(=O)O)[C@@H](O)[C@H]2O)c(=O)[nH]1
1A4H,P02829,HSP82,GDM,COC1=C2C[C@@H](C)C[C@H](OC)[C@H](O)[C@@H](C)/C=C(\C)[C@H](OC(N)=O)[C@@H](OC)/C=C\C=C(/C)C(=O)NC(=CC1=O)C2=O
1A28,P06401,PGR,STR,CC(=O)[C@H]1CC[C@H]2[C@@H]3CCC4=CC(=O)CC[C@]4(C)[C@H]3CC[C@]12C
188L,P00720,E,CL HED OXE,[Cl-] OCCSSCCO Cc1ccccc1C
187L,P00720,E,CL HED PXY,[Cl-] OCCSSCCO Cc1ccc(C)cc1
186L,P00720,E,CL HED N4B,[Cl-] OCCSSCCO CCCCc1ccccc1
185L,P00720,E,CL HED IND,[Cl-] OCCSSCCO c1ccc2[nH]ccc2c1
184L,P00720,E,CL HED I4B,[Cl-] OCCSSCCO CC(C)Cc1ccccc1
1F4X,,,MGS,CO[C@H]1O[C@H](C)[C@@H](NC(=O)[C@H](O)CCO)[C@H](O)[C@@H]1OC
1F9G,Q54873,SP_0314,ASC,O=C1O[C@H]([C@@H](O)CO)C(O)=C1O
1FKB,P62942,FKBP1A,RAP,CO[C@H]1C[C@@H]2CC[C@@H](C)[C@@](O)(O2)C(=O)C(=O)N2CCCC[C@H]2C(=O)O[C@H]([C@H](C)C[C@@H]2CC[C@@H](O)[C@H](OC)C2)CC(=O)[C@H](C)/C=C(\C)[C@@H](O)[C@@H](OC)C(=O)[C@H](C)C[C@H](C)/C=C/C=C/C=C/1C
1FKF,P62942,FKBP1A,FK5,C=CC[C@@H]1/C=C(\C)C[C@H](C)C[C@H](OC)[C@H]2O[C@@](O)(C(=O)C(=O)N3CCCC[C@H]3C(=O)O[C@H](/C(C)=C/[C@@H]3CC[C@@H](O)[C@H](OC)C3)[C@H](C)[C@@H](O)CC1=O)[C@H](C)C[C@@H]2OC
1FTM,P19491,GRIA2,AMQ ZN,Cc1onc(O)c1C[C@H](N)C(=O)O [Zn+2]
1G32,P00734,F2,R11,Cc1nc2ccccc2n1Cc1ccc2c(c1)nc(CNc1ccc(C(=N)N)cc1)n2C
1G45,P00918,CA2,ZN HG FSB,[Zn+2] [Hg+2] NS(=O)(=O)c1ccc(C(=O)NCc2ccccc2F)cc1
1G46,P00918,CA2,ZN HG F2B,[Zn+2] [Hg+2] NS(=O)(=O)c1ccc(C(=O)NCc2cccc(F)c2F)cc1
1G48,P00918,CA2,ZN HG F6B,[Zn+2] [Hg+2] NS(=O)(=O)c1ccc(C(=O)NCc2c(F)cccc2F)cc1
1G4J,P00918,CA2,ZN HG FFB,[Zn+2] [Hg+2] NS(=O)(=O)c1ccc(C(=O)NCc2c(F)c(F)c(F)c(F)c2F)cc1
1G4O,P00918,CA2,ZN HG BSB,[Zn+2] [Hg+2] NS(=O)(=O)c1ccc(C(=O)NCc2ccccc2)cc1
1G52,P00918,CA2,ZN HG F2B,[Zn+2] [Hg+2] NS(=O)(=O)c1ccc(C(=O)NCc2cccc(F)c2F)cc1
1G53,P00918,CA2,ZN HG F6B,[Zn+2] [Hg+2] NS(=O)(=O)c1ccc(C(=O)NCc2c(F)cccc2F)cc1
1G54,P00918,CA2,ZN HG FFB,[Zn+2] [Hg+2] NS(=O)(=O)c1ccc(C(=O)NCc2c(F)c(F)c(F)c(F)c2F)cc1
1G74,P04117,FABP4,OLA PO4,CCCCCCCC/C=C\CCCCCCCC(=O)O O=P([O-])([O-])[O-]
1G98,Q9N1E2,GPI,PA5,O=C(O)[C@@H](O)[C@H](O)[C@H](O)COP(=O)(O)O
1GFZ,P00489,PYGM,PLP IMP CFF,Cc1ncc(COP(=O)(O)O)c(C=O)c1O O=c1[nH]cnc2c1ncn2[C@@H]1O[C@H](COP(=O)(O)O)[C@@H](O)[C@H]1O Cn1c(=O)c2c(ncn2C)n(C)c1=O
1GI9,P00749,PLAU,123 CIT,COc1ccc(O)c(-c2nc3cc(C(N)=[NH2+])ccc3[nH]2)c1 O=C(O)CC(O)(CC(=O)O)C(=O)O
1GJ5,P00734,F2,130 NA,N=C(N)c1ccc2[nH]c(-c3cccc(-c4ccccc4)c3O)nc2c1 [Na+]
1GJC,P00749,PLAU,CIT 130,O=C(O)CC(O)(CC(=O)O)C(=O)O N=C(N)c1ccc2[nH]c(-c3cccc(-c4ccccc4)c3O)nc2c1
1GJD,P00749,PLAU,CIT 136,O=C(O)CC(O)(CC(=O)O)C(=O)O Cc1cc(I)c(O)c(C(=O)Nc2ccc(C(=N)N)c(Cl)c2)c1
1GNN,P03366,GAG-POL,U0E,CC(=O)N[C@@H](CC1CCCCC1)[C@@H](O)C[C@H](C(=O)N[C@@H](CCC(N)=O)C(=O)N[C@@H](CCCNC(=N)N)C(N)=O)C(C)C
1GU1,P15474,AROQ,GOL TRS TLA FA1,OCC(O)CO [NH3+]C(CO)(CO)CO O=C(O)[C@H](O)[C@@H](O)C(=O)O O=C(O)[C@]1(O)C=C[C@@H](O)[C@H](O)C1
1GWW,P14769,GGTA1,UDP MN GLC,O=c1ccn([C@@H]2O[C@H](COP(=O)(O)OP(=O)(O)O)[C@@H](O)[C@H]2O)c(=O)[nH]1 [Mn+2] OC[C@H]1O[C@H](O)[C@H](O)[C@@H](O)[C@@H]1O
1GX8,P02754,LGB,RTL,CC1=C(/C=C/C(C)=C/C=C/C(C)=C/CO)C(C)(C)CCC1
1GYY,P31992,PPTA,FHC,O=C([O-])/C(F)=C\c1ccc(O)cc1
1GZ4,P23368,ME2,ATP TTN MN FUM,Nc1ncnc2c1ncn2[C@@H]1O[C@H](CO[P@@](=O)(O)O[P@](=O)(O)OP(=O)(O)O)[C@@H](O)[C@H]1O O=C([O-])C(O)C(=O)[O-] [Mn+2] O=C(O)/C=C/C(=O)O
1H0A,O88339,EPN1,DIO I3P,C1COCCO1 O=P(O)(O)O[C@@H]1[C@H](O)[C@H](O)[C@@H](OP(=O)(O)O)[C@H](OP(=O)(O)O)[C@H]1O
1H1B,P08246,ELANE,151,CC(C)[C@H](C(=O)O)[C@H]1[C@H](NS(C)(=O)=O)CCN1C(=O)c1coc(CN2CCCC2)n1
1H1P,P24941,CDK2,CMG,Nc1nc(OCC2CCCCC2)c2nc[nH]c2n1
1H1S,P24941,CDK2,4SP,NS(=O)(=O)c1ccc(Nc2nc(OCC3CCCCC3)c3nc[nH]c3n2)cc1
1H2K,Q9NWT6,HIF1AN,FE2 OGA SO4,[Fe+2] O=C(O)CNC(=O)C(=O)O O=S(=O)([O-])[O-]
1H2T,Q09161,NCBP1,GDP 7MG,Nc1nc2c(ncn2[C@@H]2O[C@H](COP(=O)(O)OP(=O)(O)O)[C@@H](O)[C@H]2O)c(=O)[nH]1 CN1CN([C@@H]2O[C@H](COP(=O)(O)O)[C@@H](O)[C@H]2O)c2nc(N)[nH]c(=O)c21
1H46,Q7LHI2,CBHI.2,RNP NAG,CC(C)N=C[C@@H](O)COc1cccc2ccccc12 CC(=O)N[C@@H]1[C@@H](O)[C@H](O)[C@@H](CO)O[C@H]1O
1H4W,P35030,PRSS3,CA BEN,[Ca+2] N=C(N)c1ccccc1
1HGJ,P03438,HA,NAG AMN,CC(=O)N[C@@H]1[C@@H](O)[C@H](O)[C@@H](CO)O[C@H]1O CO[C@]1(C(=O)O)C[C@H](O)[C@@H](NC(C)=O)[C@H]([C@H](O)[C@H](O)CN)O1
1HIH,P03366,GAG-POL,C20 BME,CC(=O)N[C@H](C(=O)N[C@@H](Cc1ccccc1)[C@@H](O)CN(CC1CCCCC1)NC(=O)[C@@H](NC(C)=O)C(C)C)C(C)C OCCS
1HN4,P00592,PLA2G1B,MJI SO4 CA,CCCCCCCCCCCCCCCCOC[C@H](COCC(F)(F)F)O[P@](=O)(O)OC O=S(=O)([O-])[O-] [Ca+2]
1HQG,P07824,ARG1,URE ORN MN,NC(N)=O NCCC[C@H](N)C(=O)O [Mn+2]
1HVJ,P04587,GAG-POL,A78,CC(C)[C@H](NC(=O)N(C)Cc1cccc[nH+]1)C(=O)N[C@@H](Cc1ccccc1)C[C@H](O)[C@H](Cc1ccccc1)NC(=O)[C@@H](NC(=O)N(C)Cc1cccc[nH+]1)C(C)C
1I00,P04818,TYMS,D16 UMP,Cc1nc(=O)c2cc(CN(C)c3ccc(C(=O)N[C@@H](CCC(=O)O)C(=O)O)s3)ccc2[nH]1 O=c1ccn([C@H]2C[C@H](O)[C@@H](COP(=O)(O)O)O2)c(=O)[nH]1
1I6V,Q9KWU8,RPOA,RFP MG ZN,CO[C@H]1/C=C/O[C@@]2(C)Oc3c(C)c(O)c4c(O)c(c(/C=N/N5CCN(C)CC5)c(O)c4c3C2=O)NC(=O)/C(C)=C\C=C\[C@H](C)[C@H](O)[C@@H](C)[C@@H](O)[C@@H](C)[C@H](OC(C)=O)[C@@H]1C [Mg+2] [Zn+2]
1I9L,P00918,CA2,INV HG ZN,NS(=O)(=O)c1ccc(C(=O)NCc2ccc(F)cc2)cc1 [Hg+2] [Zn+2]
1I9M,P00918,CA2,INW HG ZN,NS(=O)(=O)c1ccc(C(=O)NCc2ccc(F)cc2F)cc1 [Hg+2] [Zn+2]
1I9N,P00918,CA2,IOA HG ZN,NS(=O)(=O)c1ccc(C(=O)NCc2cc(F)ccc2F)cc1 [Hg+2] [Zn+2]
1I9O,P00918,CA2,IOC HG ZN,NS(=O)(=O)c1ccc(C(=O)NCc2ccc(F)c(F)c2F)cc1 [Hg+2] [Zn+2]
1I9P,P00918,CA2,IOE HG ZN,NS(=O)(=O)c1ccc(C(=O)NCc2c(F)cc(F)cc2F)cc1 [Hg+2] [Zn+2]
1I9Q,P00918,CA2,IOF HG ZN,NS(=O)(=O)c1ccc(C(=O)NCc2cc(F)c(F)c(F)c2)cc1 [Hg+2] [Zn+2]
1IF7,P00918,CA2,SBR HG ZN,C[C@H](CNC(=O)c1ccc(S(N)(=O)=O)cc1)Cn1ccc2ccccc21 [Hg+2] [Zn+2]
1IF8,P00918,CA2,ZN HG SBS,[Zn+2] [Hg+2] C[C@@H](CNC(=O)c1ccc(S(N)(=O)=O)cc1)Cn1ccc2ccccc21
1JGL,Q7TS98,,EST,C[C@]12CC[C@@H]3c4ccc(O)cc4CC[C@H]3[C@@H]1CC[C@@H]2O
1JN4,P61823,RNASE1,139,Nc1ncnc2c1ncn2[C@@H]1O[C@H](CO[P@@](=O)(O)O[P@@](=O)(O)O[C@H]2C[C@H](n3ccc(=O)[nH]c3=O)O[C@@H]2CO)[C@@H](O)[C@H]1O
1JVU,P61823,RNASE1,C2P,Nc1ccn([C@@H]2O[C@H](CO)[C@@H](O)[C@H]2OP(=O)(O)O)c(=O)n1
1K9S,P0ABP8,DEOD,PO4 FM2 FM1,O=P([O-])([O-])[O-] C[n+]1cnc2c([C@@H]3O[C@H](CO)[C@@H](O)[C@H]3O)n[nH]c2c1N CNc1ncnc2c([C@@H]3O[C@H](CO)[C@@H](O)[C@H]3O)n[nH]c12
1KOJ,Q9N1E2,GPI,PAN,O=C(NO)[C@@H](O)[C@H](O)[C@H](O)COP(=O)(O)O
1KPM,P59071,,VIT ACY,Cc1c(C)c2c(c(C)c1O)CC[C@](C)(CCC[C@@H](C)CCC[C@@H](C)CCCC(C)C)O2 CC(=O)O
1KSN,P00742,F10,FXV CA,COC(=O)[C@H](Cc1cccc(C(N)=[NH2+])c1)[C@@H](C)NC(=O)c1ccc(-c2cc[n+]([O-])cc2)cc1 [Ca+2]
1KTI,P00489,PYGM,PLP AZC,Cc1ncc(COP(=O)(O)O)c(C=O)c1O CC(=O)NC(=O)N[C@@H]1O[C@H](CO)[C@@H](O)[C@H](O)[C@H]1O
1KV1,Q16539,MAPK14,BMU,Cn1nc(C(C)(C)C)cc1NC(=O)Nc1ccc(Cl)cc1
1KYV,Q9UUB1,RIB4,PO4 RBF,O=P([O-])([O-])[O-] Cc1cc2nc3c(=O)[nH]c(=O)nc-3n(C[C@H](O)[C@H](O)[C@H](O)CO)c2cc1C
1KZK,P03369,GAG-POL,JE2 CL EDO,Cc1ccccc1CNC(=O)[C@H]1N(C(=O)[C@@H](O)[C@H](Cc2ccccc2)NC(=O)c2cccc(O)c2C)CSC1(C)C [Cl-] OCCO
1KZN,P0AES6,GYRB,CBN,CO[C@@H]1[C@@H](OC(=O)c2ccc(C)[nH]2)[C@@H](O)[C@H](Oc2ccc3c(O)c(NC(=O)c4ccc(O)c(CC=C(C)C)c4)c(=O)oc3c2Cl)OC1(C)C
1L6M,P80188,LCN2,DBH DBS SO4 FE,O=C(O)c1cccc(O)c1O O=C(N[C@@H](CO)C(=O)O)c1cccc(O)c1O O=S(=O)([O-])[O-] [Fe+3]
1L83,P00720,E,BNZ BME CL,c1ccccc1 OCCS [Cl-]
1LAF,P02911,ARGT,ARG,NC(=[NH2+])NCCC[C@H](N)C(=O)O
1LAN,P00727,LAP3,ZN LEU MRD,[Zn+2] CC(C)C[C@H](N)C(=O)O C[C@@H](O)CC(C)(C)O
1LBF,Q06121,TRPC,137,O=C(O)c1ccccc1NC[C@@H](O)[C@H](O)[C@H](O)COP(=O)(O)O
1LF2,P46925,PMII,R37,Cc1cccc(C)c1OCC(=O)N[C@@H](Cc1ccccc1)[C@@H](O)C[C@H](CC(C)C)NC(=O)c1ccc(N)cc1
1LGW,P00720,E,CL BME 1AN,[Cl-] OCCS Nc1ccccc1F
1LHU,P04278,SHBG,EST CA,C[C@]12CC[C@@H]3c4ccc(O)cc4CC[C@H]3[C@@H]1CC[C@@H]2O [Ca+2]
1LHW,P04278,SHBG,CA ESM IPA,[Ca+2] COc1cc2c(cc1O)CC[C@@H]1[C@@H]2CC[C@]2(C)[C@@H](O)CC[C@@H]12 CC(C)O
1LI3,P00720,E,CL BME 3CH,[Cl-] OCCS Oc1cccc(Cl)c1
1LI6,P00720,E,CL 5MP BME,[Cl-] Cc1cc[nH]c1 OCCS
1LKE,P09464,,DOG,C[C@]12CC[C@H](O)C[C@H]1CC[C@@H]1[C@@H]2C[C@@H](O)[C@]2(C)[C@@H](C3=CC(=O)OC3)CC[C@]12O
1LPK,P00742,F10,CBB CA,N=C(N)c1cccc(COC(=O)c2cc3ccccc3n2Cc2cccc(C(=N)N)c2)c1 [Ca+2]
1LQE,P00760,PRSS1,IMA SO4 CA,C[N+](C)(C)c1ccc(CNC(=O)c2cc3cc(OCc4ccccc4)ccc3n2Cc2cccc(C(=N)N)c2)cc1 O=S(=O)([O-])[O-] [Ca+2]
1LRH,P13689,ABP1,NLA ZN,O=C(O)Cc1cccc2ccccc12 [Zn+2]
1LYX,Q07412,TPI,PGA,O=C(O)COP(=O)(O)O
1M0O,P16932,DGDA,K NA MPM,[K+] [Na+] CC[C@](C)(N=Cc1c(COP(=O)(O)O)cnc(C)c1O)P(=O)(O)O
1M0Q,P16932,DGDA,K NA EPC,[K+] [Na+] Cc1ncc(COP(=O)(O)O)c(C=N[C@H](C)P(=O)(O)O)c1O
1MOQ,P17169,GLMS,GLP SO4 NA MES MRD,N[C@@H]1[C@@H](O)[C@H](O)[C@@H](COP(=O)(O)O)O[C@@H]1O O=S(=O)([O-])[O-] [Na+] O=S(=O)([O-])CC[NH+]1CCOCC1 C[C@@H](O)CC(C)(C)O
1MRW,P03367,GAG-POL,K57,Cc1c(O)cccc1C(=O)N[C@@H](Cc1ccccc1)[C@H](O)C(=O)N1CSC(C)(C)[C@H]1C(=O)NC(C)(C)C
1MRS,P9WKE1,TMK,SO4 MG 5HU,O=S(=O)([O-])[O-] [Mg+2] O=c1[nH]c(=O)n([C@H]2C[C@H](O)[C@@H](COP(=O)(O)O)O2)cc1CO
1MQ5,P00742,F10,CA XLC GOL,[Ca+2] CN1CCN(Cc2csc(C(=O)Nc3ccc(Cl)cc3C(=O)Nc3ccc(Cl)cc3)c2Cl)CC1 OCC(O)CO
1MMR,P09237,MMP7,ZN CA SRS,[Zn+2] [Ca+2] CC(C)C[C@H](CS(C)(=N)=N)C(=O)N[C@H]1Cc2cn(c3ccccc23)CCCCCCNC1=O
1MMQ,P09237,MMP7,ZN CA RRS,[Zn+2] [Ca+2] CC(C)C[C@H](CC(=O)NO)C(=O)N[C@H]1Cc2cn(c3ccccc23)CCCCCCNC1=O
1MJJ,,,SO4 HAL,O=S(=O)([O-])[O-] O=C(O)CCCC(=O)N[C@H](Cc1ccccc1)[P@@](=O)(O)OCC(=O)NCCc1ccccc1
1MH5,P01837,IGKC,SO4 HAL,O=S(=O)([O-])[O-] O=C(O)CCCC(=O)N[C@H](Cc1ccccc1)[P@@](=O)(O)OCC(=O)NCCc1ccccc1
1MFI,P34884,MIF,FHC,O=C([O-])/C(F)=C\c1ccc(O)cc1
1MET,P03366,GAG-POL,DMP,O=C1N(Cc2ccc(CO)cc2)[C@H](Cc2ccccc2)[C@H](O)[C@@H](O)[C@@H](Cc2ccccc2)N1Cc1ccc(CO)cc1
1MES,P03366,GAG-POL,DMP,O=C1N(Cc2ccc(CO)cc2)[C@H](Cc2ccccc2)[C@H](O)[C@@H](O)[C@@H](Cc2ccccc2)N1Cc1ccc(CO)cc1
1MCZ,P20906,MDLC,MG TPP RMN,[Mg+2] Cc1ncc(C[n+]2csc(CCO[P@](=O)(O)OP(=O)(O)O)c2C)c(N)n1 O=C(O)[C@H](O)c1ccccc1
1MAW,P00953,TRPS,ATP,Nc1ncnc2c1ncn2[C@@H]1O[C@H](CO[P@@](=O)(O)O[P@](=O)(O)OP(=O)(O)O)[C@@H](O)[C@H]1O
1MAI,P10688,PLCD1,I3P,O=P(O)(O)O[C@@H]1[C@H](O)[C@H](O)[C@@H](OP(=O)(O)O)[C@H](OP(=O)(O)O)[C@H]1O
1M83,P00953,TRPS,MG ATP GOL,[Mg+2] Nc1ncnc2c1ncn2[C@@H]1O[C@H](CO[P@@](=O)(O)O[P@](=O)(O)OP(=O)(O)O)[C@@H](O)[C@H]1O OCC(O)CO
1M7Y,P37821,ACS-1,PPG MRD,Cc1ncc(COP(=O)(O)O)c(CN=C(/C=C/OCCN)C(=O)O)c1O C[C@@H](O)CC(C)(C)O
1M5W,P0A794,PDXJ,DXP PO4,CC(=O)[C@@H](O)[C@H](O)COP(=O)(O)O O=P([O-])([O-])[O-]
1M48,P60568,IL2,FRG,COC(=O)[C@H](Cc1ccc(C#Cc2ccccc2)cc1)NC(=O)C[C@H]1CCCN(C(=N)N)C1
1M2X,O08498,BLAB1,NA ZN MCO GOL,[Na+] [Zn+2] C[C@H](CS)C(=O)N1CCC[C@@H]1C(=O)O OCC(O)CO
1M2R,P28523,ACK2,MNY,Nc1ccc(N)c2c1C(=O)c1c(O)ccc(O)c1C2=O
1M2Q,P28523,ACK2,MNX,O=c1c2c(O)cccc2oc2c([N+](=O)[O-])ccc(O)c12
1M2P,P28523,ACK2,HNA,O=C1c2c(O)cccc2C(=O)c2c([N+](=O)[O-])ccc(O)c21
1M1B,P56839,,MG SPV,[Mg+2] O=C(O)C(=O)CS(=O)(=O)O
1M0N,P16932,DGDA,K NA HCP,[K+] [Na+] Cc1ncc(COP(=O)(O)O)c(C=NC2(P(=O)(O)O)CCCC2)c1O
1LVU,P55859,PNP,CA 9PP,[Ca+2] C[C@@H](Cn1cnc2c(N)nc(N)nc21)OCP(=O)([O-])[O-]
1LST,P02911,ARGT,LYS,N[C@@H](CCCC[NH3+])C(=O)O
1LPZ,P00742,F10,CMB CA,Cc1cccc2c1cc(C(=O)NCc1cc(Cl)cc(Cl)c1)n2Cc1cccc(C(=N)N)c1 [Ca+2]
1LNM,P09464,,DTX,C[C@]12CC[C@H](O)C[C@H]1CC[C@@H]1[C@@H]2CC[C@]2(C)[C@@H](C3=CC(=O)OC3)CC[C@]12O
1LI2,P00720,E,BME IPH CL,OCCS Oc1ccccc1 [Cl-]
1LGT,P47228,BPHC,FE2 BP3,[Fe+2] Oc1cccc(-c2ccccc2Cl)c1O
1LEE,P46925,PMII,R36,Cc1cccc(C)c1OCC(=O)N[C@@H](Cc1ccccc1)[C@@H](O)C[C@H](CC(C)C)NC(=O)c1cccc(N)c1
1LCP,P00727,LAP3,ZN PLU MRD,[Zn+2] CC(C)C[C@H](N)P(=O)(O)O C[C@@H](O)CC(C)(C)O
1LAH,P02911,ARGT,ORN,NCCC[C@H](N)C(=O)O
1L8G,P18031,PTPN1,DBD,O=C(O)C(=O)Nc1sc2c(c1C(=O)O)CCO[C@H]2COC1=NS(=O)(=O)c2ccccc21
1KV5,P04789,,PGA DTT GOL SO4,O=C(O)COP(=O)(O)O O[C@@H](CS)[C@@H](O)CS OCC(O)CO O=S(=O)([O-])[O-]
1KMY,P47228,BPHC,FE2 BPY TBU,[Fe+2] Oc1cccc(-c2ccccc2)c1O CC(C)(C)O
1KM3,O26232,PYRF,UP6,O=c1cnn([C@@H]2O[C@H](COP(=O)(O)O)[C@@H](O)[C@H]2O)c(=O)[nH]1
1KF0,Q7SIB7,PGK1,MG 3PG ACP,[Mg+2] O=C(O)[C@H](O)COP(=O)(O)O Nc1ncnc2c1ncn2[C@@H]1O[C@H](CO[P@@](=O)(O)O[P@@](=O)(O)CP(=O)(O)O)[C@@H](O)[C@H]1O
1KDK,P04278,SHBG,DHT,C[C@]12CCC(=O)C[C@@H]1CC[C@@H]1[C@@H]2CC[C@]2(C)[C@@H](O)CC[C@@H]12
1KC7,P22983,PPDK,MG SO4 PPR,[Mg+2] O=S(=O)([O-])[O-] O=C(O)C(=O)CP(=O)(O)O
1KAV,P18031,PTPN1,FEP,O=P(O)(O)C(F)(F)c1ccc(CCCCc2ccc(C(F)(F)P(=O)(O)O)cc2)cc1
1K6V,P35963,GAG-POL,ACT XN2,CC(=O)[O-] C[C@H](c1ccccc1)[C@H](C[C@H](O)CN1CCN(Cc2ccc3c(c2)OCO3)C[C@H]1C(=O)NC(C)(C)C)C(=O)N[C@H]1c2ccccc2C[C@H]1O
1K6T,P35963,GAG-POL,ACT XN1,CC(=O)[O-] C[C@H](c1ccccc1)[C@H](C[C@H](O)CN1CCN(Cc2cccnc2)C[C@H]1C(=O)NC(C)(C)C)C(=O)N[C@H]1c2ccccc2C[C@H]1O
1K6P,P35963,GAG-POL,ACT XN3,CC(=O)[O-] CC(C)(C)NC(=O)[C@@H]1CN(Cc2ccc3c(c2)OCO3)CCN1C[C@@H](O)C[C@@H](Cc1ccccc1)C(=O)N[C@H]1c2ccccc2C[C@H]1O
1K6C,P35963,GAG-POL,ACT MK1,CC(=O)[O-] CC(C)(C)NC(=O)[C@@H]1CN(Cc2cccnc2)CCN1C[C@@H](O)C[C@@H](Cc1ccccc1)C(=O)N[C@H]1c2ccccc2C[C@H]1O
1K4H,P28720,TGT,ZN APQ,[Zn+2] CCCSCc1cc(N)cc2c(=O)[nH]c(N)nc12
1K4G,P28720,TGT,ZN AIQ,[Zn+2] Nc1cc(CSc2ncc[nH]2)c2nc(N)[nH]c(=O)c2c1
1K2V,P07822,FHUD,DEF,CCC(=O)N1CCCCCNC(=O)CCC(=O)N2CCCCCNC(=O)CCC(=O)N(CCCCCNOS(C)(=O)=O)O[Fe](O1)O2
1K27,Q13126,MTAP,MTM PO4,CSC[C@H]1N[C@@H](c2c[nH]c3c2N=CN[C@H]3N)[C@H](O)[C@@H]1O O=P([O-])([O-])[O-]
1K22,P00734,F2,MEL NA,N=C(N)c1ccc(CNC(=O)[C@@H]2CCN2C(=O)[C@H](NCC(=O)O)C2CCCCC2)cc1 [Na+]
1K21,P00734,F2,NA IGN,[Na+] N=C(N)NCCCNC(=O)[C@@H]1CCCCN1C(=O)[C@@H](CC1CCCCC1)NCC(=O)O
1K1Y,O32462,JGT,TRS CA,[NH3+]C(CO)(CO)CO [Ca+2]
1K1O,P00760,PRSS1,IGN CA,N=C(N)NCCCNC(=O)[C@@H]1CCCCN1C(=O)[C@@H](CC1CCCCC1)NCC(=O)O [Ca+2]
1K1N,P00760,PRSS1,CCR CA,COc1cc(C)c(S(=O)(=O)N[C@@H](CC(=O)O)C(=O)N[C@H](Cc2ccc(C(=N)N)cc2)C(=O)N2CCCCC2)c(C)c1C [Ca+2]
1K1M,P00760,PRSS1,FD4 SO4 CA,CC(=O)N1CCN(C(=O)[C@H](Cc2cccc(C(=N)N)c2)NS(=O)(=O)c2ccc3ccccc3c2)CC1 O=S(=O)([O-])[O-] [Ca+2]
1K1L,P00760,PRSS1,SO4 CA FD3,O=S(=O)([O-])[O-] [Ca+2] N=C(N)c1cccc(C[C@H](NS(=O)(=O)c2ccc3ccccc3c2)C(=O)N2CCNCC2)c1
1K1J,P00760,PRSS1,FD2 SO4 CA,COC(=O)C1CCN(C(=O)[C@H](Cc2cccc(C(=N)N)c2)NS(=O)(=O)c2ccc3ccccc3c2)CC1 O=S(=O)([O-])[O-] [Ca+2]
1JZS,P56690,ILES,MRC ZN,C/C(=C\C(=O)OCCCCCCCCC(=O)O)C[C@@H]1OC[C@H](C[C@@H]2O[C@H]2[C@@H](C)[C@H](C)O)[C@@H](O)[C@H]1O [Zn+2]
1JYS,P0AF12,MTNN,ADE,Nc1ncnc2[nH]cnc12
1JSV,P24941,CDK2,U55,Nc1cc(Nc2ccc(S(N)(=O)=O)cc2)ncn1
1JQY,P32890,ELTB,A32,O=C(NCCCN1CCOCC1)c1cc(O[C@H]2O[C@H](CO)[C@H](O)[C@H](O)[C@H]2O)cc([N+](=O)[O-])c1
1JN2,P02866,,CA MN SFP,[Ca+2] [Mn+2] [O-]S(O)(O)c1ccc(-c2c3nc(c(-c4ccc(S([O-])(O)O)cc4)c4ccc([nH]4)c(-c4ccc(S([O-])(O)O)cc4)c4nc(c(-c5ccc(S([O-])(O)O)cc5)c5ccc2[nH]5)C=C4)C=C3)cc1
1JMG,P00469,THYA,UMP,O=c1ccn([C@H]2C[C@H](O)[C@@H](COP(=O)(O)O)O2)c(=O)[nH]1
1JMF,P00469,THYA,UMP,O=c1ccn([C@H]2C[C@H](O)[C@@H](COP(=O)(O)O)O2)c(=O)[nH]1
1JLR,Q26998,UPRT,PO4 GTP,O=P([O-])([O-])[O-] Nc1nc2c(ncn2[C@@H]2O[C@H](COP(=O)(O)OP(=O)(O)OP(=O)(O)O)[C@@H](O)[C@H]2O)c(=O)[nH]1
1JFH,P00690,AMY2,CL HG CA,[Cl-] [Hg+2] [Ca+2]
1JCX,O66496,KDSA,CD PAI,[Cd+2] O=P(O)(O)CN(CC(O)O)C[C@@H](O)[C@@H](O)[C@H](O)[C@H](O)COP(=O)(O)O
1JAK,O85361,HEX,SO4 CL IFG GOL,O=S(=O)([O-])[O-] [Cl-] CC(=O)N[C@H]1NC[C@H](CO)[C@H](O)[C@@H]1O OCC(O)CO
1J4R,P62942,FKBP1A,001 GOL SO4,COc1cc(C(F)(F)C(=O)N2CCCC[C@H]2C(=O)O[C@@H](CCCc2ccccc2)CCCc2cccnc2)cc(OC)c1OC OCC(O)CO O=S(=O)([O-])[O-]
1J37,Q10714,ANCE,ZN X8Z,[Zn+2] C[C@H](CS)C(=O)N1CCC[C@H]1C(=O)O
1J36,Q10714,ANCE,ZN LPR,[Zn+2] NCCCC[C@H](N[C@@H](CCc1ccccc1)C(=O)O)C(=O)N1CCC[C@H]1C(=O)O
1J17,P00763,PRSS2,ZEN SO4 CA,O=C(C1CCN(c2ccncc2)CC1)N1CCN(S(=O)(=O)c2ccc3cc(Cl)ccc3c2)CC1 O=S(=O)([O-])[O-] [Ca+2]
1J16,P00763,PRSS2,BEN SO4 CA,N=C(N)c1ccccc1 O=S(=O)([O-])[O-] [Ca+2]
1J14,P00763,PRSS2,BEN SO4 CA,N=C(N)c1ccccc1 O=S(=O)([O-])[O-] [Ca+2]
1J01,P07986,CEX,XIL,O=C1NCC[C@@H](O[C@@H]2OC[C@@H](O)[C@H](O)[C@H]2O)[C@@H]1O
1IZI,P03367,GAG-POL,Q50 CL,CC(C)(C)OC(=O)N[C@@H](Cc1ccccc1)C(=O)C[C@@H](Cc1ccccc1)C(=O)N[C@@H](CCC(N)=O)C(=O)N[C@@H](Cc1ccccc1)C(N)=O [Cl-]
1IZH,Q90EB9,POL,Q50,CC(C)(C)OC(=O)N[C@@H](Cc1ccccc1)C(=O)C[C@@H](Cc1ccccc1)C(=O)N[C@@H](CCC(N)=O)C(=O)N[C@@H](Cc1ccccc1)C(N)=O
1IY7,P00730,CPA1,ZN CXA,[Zn+2] NS(=O)(=O)N[C@@H](Cc1ccccc1)C(=O)O
1IUP,P96965,CUMD,ALQ,CC(C)C(=O)O
1INC,P00772,CELA1,SO4 CA ICL,O=S(=O)([O-])[O-] [Ca+2] CC(C)[C@H](NC(=O)OC(C)(C)C)C(=O)Nc1cccc(Cl)c1C=O
1IKT,P51659,HSD17B4,SO4 OXN,O=S(=O)([O-])[O-] CC(C)(C)CC(C)(C)c1ccc(OCCOCCOCCOCCOCCOCCOCCOCCOCCOCCO)cc1
1IK4,P0A731,MGSA,PGH,O=C(COP(=O)(O)O)NO
1IIH,P04789,,3PG,O=C(O)[C@H](O)COP(=O)(O)O
1IIG,P04789,,3PP,O=C(O)CCP(=O)(O)O
1II5,P73797,SLR1257,GLU,N[C@@H](CCC(=O)O)C(=O)O
1IGB,Q01693,,ZN IPO,[Zn+2] N[C@H](Cc1ccc(I)cc1)C(=O)NO
1IE9,P11473,VDR,VDX,C=C1/C(=C\C=C2/CCC[C@]3(C)[C@@H]([C@H](C)CCCC(C)(C)O)CC[C@@H]23)C[C@@H](O)C[C@@H]1O
1ICJ,P0A6K3,DEF,NI 2PE SO4,[Ni+2] OCCOCCOCCOCCOCCOCCOCCOCCOCCO O=S(=O)([O-])[O-]
1I80,P9WP01,PUNA,PO4 9HX IMR,O=P([O-])([O-])[O-] O=c1[nH]cnc2cc[nH]c12 OC[C@H]1NC[C@H](O)[C@@H]1O
1I7Z,P01834,IGKC,COC,COC(=O)[C@H]1[C@@H](OC(=O)c2ccccc2)C[C@@H]2CC[C@H]1N2C
1I5R,P14061,HSD17B1,GOL HYC,OCC(O)CO C[C@]12CC[C@@H]3c4ccc(O)cc4CC[C@H]3[C@@H]1C[C@H](CCCCCCCCC(=O)OC[C@H]1O[C@@H](n3cnc4c(N)ncnc43)[C@H](O)[C@@H]1O)[C@@H]2O
1I37,P15207,AR,DHT,C[C@]12CCC(=O)C[C@@H]1CC[C@@H]1[C@@H]2CC[C@]2(C)[C@@H](O)CC[C@@H]12
1I2S,P00808,PENP,NA CIT,[Na+] O=C(O)CC(O)(CC(=O)O)C(=O)O
1I1E,P10844,BOTB,DM2 ZN SO4,COc1cccc2c1C(=O)c1c(O)c3c(c(O)c1C2=O)C[C@@](O)(C(=O)CO)C[C@@H]3O[C@H]1C[C@H](N)[C@H](O)[C@H](C)O1 [Zn+2] O=S(=O)([O-])[O-]
1HYO,P35505,FAH,MG CA ACT HBU NI,[Mg+2] [Ca+2] CC(=O)[O-] C[P@@](=O)(O)CC(=O)CC(=O)O [Ni+2]
1HXW,P12499,GAG-POL,RIT,CC(C)c1nc(CN(C)C(=O)N[C@H](C(=O)N[C@@H](Cc2ccccc2)C[C@H](O)[C@H](Cc2ccccc2)NC(=O)OCc2cncs2)C(C)C)cs1
1HWR,P04585,GAG-POL,216,C=CCN1C(=O)N(CC=C)[C@H](Cc2ccccc2)[C@H](O)[C@@H](O)[C@H]1Cc1ccccc1
1HVS,P04587,GAG-POL,A77,CC(C)[C@H](NC(=O)N(C)Cc1ccccn1)C(=O)N[C@@H](Cc1ccccc1)[C@H](O)[C@H](O)[C@H](Cc1ccccc1)NC(=O)[C@@H](NC(=O)N(C)Cc1ccccn1)C(C)C
1HVR,P04585,GAG-POL,XK2,O=C1N(Cc2ccc3ccccc3c2)[C@H](Cc2ccccc2)[C@H](O)[C@@H](O)[C@@H](Cc2ccccc2)N1Cc1ccc2ccccc2c1
1HVL,P03367,GAG-POL,A76,CC(C)[C@H](NC(=O)N(C)Cc1ccccn1)C(=O)N[C@@H](Cc1ccccc1)[C@@H](O)[C@H](O)[C@H](Cc1ccccc1)NC(=O)[C@@H](NC(=O)N(C)Cc1ccccn1)C(C)C
1HVK,P03366,GAG-POL,A79,CC(C)[C@H](NC(=O)N(C)Cc1ccccn1)C(=O)N[C@@H](Cc1ccccc1)[C@H](O)[C@@H](O)[C@H](Cc1ccccc1)NC(=O)[C@@H](NC(=O)N(C)Cc1ccccn1)C(C)C
1HVI,P03366,GAG-POL,A77,CC(C)[C@H](NC(=O)N(C)Cc1ccccn1)C(=O)N[C@@H](Cc1ccccc1)[C@H](O)[C@H](O)[C@H](Cc1ccccc1)NC(=O)[C@@H](NC(=O)N(C)Cc1ccccn1)C(C)C
1HVH,P04585,GAG-POL,Q82,N#CN=C1N(Cc2ccc(CO)cc2)[C@H](Cc2ccccc2)[C@H](O)[C@@H](O)[C@@H](Cc2ccccc2)N1Cc1ccc(CO)cc1
1HSL,P0AEU0,HISJ,CD HIS,[Cd+2] N[C@@H](Cc1c[nH]c[nH+]1)C(=O)O
1HSH,P04584,GAG-POL,MK1,CC(C)(C)NC(=O)[C@@H]1CN(Cc2cccnc2)CCN1C[C@@H](O)C[C@@H](Cc1ccccc1)C(=O)N[C@H]1c2ccccc2C[C@H]1O
1HPX,P03367,GAG-POL,KNI,CSC[C@H](NC(=O)COc1cccc2cnccc12)C(=O)N[C@@H](Cc1ccccc1)[C@H](O)C(=O)N1CSC[C@H]1C(=O)NC(C)(C)C
1HPV,P04587,GAG-POL,478,CC(C)CN(C[C@@H](O)[C@H](Cc1ccccc1)NC(=O)O[C@H]1CCOC1)S(=O)(=O)c1ccc(N)cc1
1HPS,P03366,GAG-POL,RUN,CC(C)C(=O)c1cnc([C@H](Cc2ccccc2)C[C@H](O)[C@H](Cc2ccccc2)NC(=O)[C@@H](NC(=O)OCc2ccccc2)C(C)C)[nH]1
1HPO,P03367,GAG-POL,UNI,N#Cc1ccc(S(=O)(=O)Nc2cccc([C@@H](c3c(O)c4c(oc3=O)CCCCCC4)C3CC3)c2)cc1
1HP5,O85361,HEX,CL SO4 NGT GOL,[Cl-] O=S(=O)([O-])[O-] CC1=N[C@@H]2[C@@H](O)[C@H](O)[C@@H](CO)O[C@@H]2S1 OCC(O)CO
1HOS,P03366,GAG-POL,PHP,CC(C)[C@H](NC(=O)OCc1ccccc1)C(=O)N[C@@H](Cc1ccccc1)P(=O)(O)[C@H](Cc1ccccc1)NC(=O)[C@@H](NC(=O)OCc1ccccc1)C(C)C
1HMT,P05413,FABP3,STE,CCCCCCCCCCCCCCCCCC(=O)O
1HMS,P05413,FABP3,OLA,CCCCCCCC/C=C\CCCCCCCC(=O)O
1HMR,P05413,FABP3,ELA,CCCCCCCC/C=C/CCCCCCCC(=O)O
1HLK,P25910,CCRA,113 NA ZN,CO[C@@H]1O[C@@H](C)Cc2oc3cc(O)c(O)c(C(=O)O)c3c(=O)c21 [Na+] [Zn+2]
1HLF,P00489,PYGM,PLP GL4,Cc1ncc(COP(=O)(O)O)c(C=O)c1O O=C1NC(=S)N[C@@]12O[C@H](CO)[C@@H](O)[C@H](O)[C@H]2O
1HK4,P02768,ALB,MYR T44,CCCCCCCCCCCCCC(=O)O N[C@@H](Cc1cc(I)c(Oc2cc(I)c(O)c(I)c2)c(I)c1)C(=O)O
1HII,P04584,GAG-POL,C20 SO4,CC(=O)N[C@H](C(=O)N[C@@H](Cc1ccccc1)[C@@H](O)CN(CC1CCCCC1)NC(=O)[C@@H](NC(C)=O)C(C)C)C(C)C O=S(=O)([O-])[O-]
1HI5,P10153,RNASE2,ADP,Nc1ncnc2c1ncn2[C@@H]1O[C@H](CO[P@](=O)(O)OP(=O)(O)O)[C@@H](O)[C@H]1O
1HI4,P10153,RNASE2,A3P,Nc1ncnc2c1ncn2[C@@H]1O[C@H](COP(=O)(O)O)[C@@H](OP(=O)(O)O)[C@H]1O
1HI3,P10153,RNASE2,A2P,Nc1ncnc2c1ncn2[C@@H]1O[C@H](COP(=O)(O)O)[C@@H](O)[C@H]1OP(=O)(O)O
1HGI,P03438,HA,NAG ANA,CC(=O)N[C@@H]1[C@@H](O)[C@H](O)[C@@H](CO)O[C@H]1O CO[C@]1(C(=O)O)C[C@H](OC(C)=O)[C@@H](NC(C)=O)[C@H]([C@H](O)[C@H](O)CO)O1
1HGE,P03438,HA,NAG MNA,CC(=O)N[C@@H]1[C@@H](O)[C@H](O)[C@@H](CO)O[C@H]1O CO[C@]1(C(=O)O)C[C@H](O)[C@@H](NC(C)=O)[C@H]([C@H](O)[C@H](O)CO)O1
1HEE,P00730,CPA1,LHY ZN,O=C(NO)N[C@@H](Cc1ccccc1)C(=O)O [Zn+2]
1HDQ,P00730,CPA1,ZN INF,[Zn+2] O=C(NO)N[C@H](Cc1ccccc1)C(=O)O
1HBV,P03366,GAG-POL,GAN,COC(=O)[C@@H](NC(=O)[C@@H](NC(=O)[C@H](C)N1CCC([C@H](C)NC(=O)[C@H](C)N)=C[C@@H](Cc2ccccc2)C1)C(C)C)C(C)C
1HA2,P02768,ALB,MYR SWF,CCCCCCCCCCCCCC(=O)O CC(=O)C[C@@H](c1ccccc1)c1c(O)c2ccccc2oc1=O
1H6H,Q15080,NCF4,PIB GOL,CCCC(=O)OC[C@@H](CO[P@](=O)(O)O[C@@H]1[C@H](O)[C@H](OP(=O)(O)O)[C@@H](O)[C@H](O)[C@H]1O)OC(=O)CCC OCC(O)CO
1H1D,P22734,COMT,MG SAM BIA,[Mg+2] C[S@@+](CC[C@H](N)C(=O)[O-])C[C@H]1O[C@@H](n2cnc3c(N)ncnc32)[C@H](O)[C@@H]1O O=C(CCN1CCN(c2cccc(C(F)(F)F)c2)CC1)c1cc(O)c(O)c([N+](=O)[O-])c1
1GZC,P83410,,CA MN,[Ca+2] [Mn+2]
1GZ9,P83410,,CA MN,[Ca+2] [Mn+2]
1GYX,P31992,PPTA,EPE BEZ,O=S(=O)(O)CCN1CCN(CCO)CC1 O=C(O)c1ccccc1
1GX0,P14769,GGTA1,GAL GOL MN UDP,OC[C@H]1O[C@@H](O)[C@H](O)[C@@H](O)[C@H]1O OCC(O)CO [Mn+2] O=c1ccn([C@@H]2O[C@H](COP(=O)(O)OP(=O)(O)O)[C@@H](O)[C@H]2O)c(=O)[nH]1
1GWV,P14769,GGTA1,MN UDP,[Mn+2] O=c1ccn([C@@H]2O[C@H](COP(=O)(O)OP(=O)(O)O)[C@@H](O)[C@H]2O)c(=O)[nH]1
1GRP,P08200,ICD,ICT MG,O=C(O)C[C@H](C(=O)O)[C@@H](O)C(=O)O [Mg+2]
1GPY,P00489,PYGM,G6P PLP,O=P(O)(O)OC[C@H]1O[C@H](O)[C@H](O)[C@@H](O)[C@@H]1O Cc1ncc(COP(=O)(O)O)c(C=O)c1O
1GNO,P03366,GAG-POL,U0E,CC(=O)N[C@@H](CC1CCCCC1)[C@@H](O)C[C@H](C(=O)N[C@@H](CCC(N)=O)C(=O)N[C@@H](CCCNC(=N)N)C(N)=O)C(C)C
1GNM,P03366,GAG-POL,U0E,CC(=O)N[C@@H](CC1CCCCC1)[C@@H](O)C[C@H](C(=O)N[C@@H](CCC(N)=O)C(=O)N[C@@H](CCCNC(=N)N)C(N)=O)C(C)C
1GJA,P00749,PLAU,CIT 135,O=C(O)CC(O)(CC(=O)O)C(=O)O N=C(N)c1ccc(NC(=O)c2ccccc2O)cc1
1GJ8,P00749,PLAU,CIT 133,O=C(O)CC(O)(CC(=O)O)C(=O)O CC(C)COc1cccc(-c2nc3cc(C(=N)N)c(F)cc3[nH]2)c1O
1GJ7,P00749,PLAU,CIT 132,O=C(O)CC(O)(CC(=O)O)C(=O)O NC(=[NH2+])c1cc2cc(-c3cccc(-c4ccccc4)c3O)[nH]c2cc1Cl
1GJ6,P00760,PRSS1,CA 132,[Ca+2] NC(=[NH2+])c1cc2cc(-c3cccc(-c4ccccc4)c3O)[nH]c2cc1Cl
1GJ4,P00734,F2,132 NA,NC(=[NH2+])c1cc2cc(-c3cccc(-c4ccccc4)c3O)[nH]c2cc1Cl [Na+]
1GI8,P00749,PLAU,BMZ CIT,NC(=[NH2+])c1ccc2[nH]c(-c3ccccc3O)nc2c1 O=C(O)CC(O)(CC(=O)O)C(=O)O
1GI7,P00749,PLAU,CIT 120,O=C(O)CC(O)(CC(=O)O)C(=O)O NC(=[NH2+])c1ccc2[nH]c(-c3ccc[nH]c3=O)nc2c1
1GI4,P00760,PRSS1,CA ZN SO4 122,[Ca+2] [Zn+2] O=S(=O)([O-])[O-] NC(=[NH2+])c1ccc2nc(-c3ccccc3O)[nH]c2c1
1GI1,P00760,PRSS1,BMZ SO4 CA,NC(=[NH2+])c1ccc2[nH]c(-c3ccccc3O)nc2c1 O=S(=O)([O-])[O-] [Ca+2]
1GHZ,P00760,PRSS1,CA MG SO4 120,[Ca+2] [Mg+2] O=S(=O)([O-])[O-] NC(=[NH2+])c1ccc2[nH]c(-c3ccc[nH]c3=O)nc2c1
1GHY,P00734,F2,121 CA NA ZN,NC(=[NH2+])c1ccc2[nH]c(-c3ncccc3O)nc2c1 [Ca+2] [Na+] [Zn+2]
1GHW,P00734,F2,BMZ NA,NC(=[NH2+])c1ccc2[nH]c(-c3ccccc3O)nc2c1 [Na+]
1GHV,P00734,F2,NA 120,[Na+] NC(=[NH2+])c1ccc2[nH]c(-c3ccc[nH]c3=O)nc2c1
1GGN,P00489,PYGM,GLS PLP,O=C1NC(=O)[C@@]2(N1)O[C@H](CO)[C@@H](O)[C@H](O)[C@H]2O Cc1ncc(COP(=O)(O)O)c(C=O)c1O
1GFY,P18031,PTPN1,COL,O=C(O)C(=O)Nc1sc2c(c1C(=O)O)CCSC2
1GCZ,P14174,MIF,YZ9 CIT SO4,CCOC(=O)c1cc2ccc(O)cc2oc1=O O=C(O)CC(O)(CC(=O)O)C(=O)O O=S(=O)([O-])[O-]
1GAR,P08179,PURN,U89,Nc1nc(N)c(CCCN(C(=O)CSCC(=O)NCCCCOP(=O)(O)O)c2ccc(C(=O)N[C@@H](CCC(=O)O)C(=O)O)cc2)c(=O)[nH]1
1GAI,P69327,GLAA,MAN,OC[C@H]1O[C@H](O)[C@@H](O)[C@@H](O)[C@@H]1O
1GAF,P01834,IGKC,NPE,O=C(O)CCCCP(=O)([O-])Oc1ccc([N+](=O)[O-])cc1
1GA8,Q93EK7,LGTC,MN UPF,[Mn+2] O=c1ccn([C@@H]2O[C@H](CO[P@@](=O)(O)O[P@@](=O)(O)O[C@H]3O[C@H](CO)[C@H](O)[C@H](O)[C@H]3F)[C@@H](O)[C@H]2O)c(=O)[nH]1
1G9R,Q93EK7,LGTC,ACY UPF MN,CC(=O)O O=c1ccn([C@@H]2O[C@H](CO[P@@](=O)(O)O[P@@](=O)(O)O[C@H]3O[C@H](CO)[C@H](O)[C@H](O)[C@H]3F)[C@@H](O)[C@H]2O)c(=O)[nH]1 [Mn+2]
1G85,P07435,,3OL,C=C[C@H](O)CCCCC
1G7V,P0A715,KDSA,PAI,O=P(O)(O)CN(CC(O)O)C[C@@H](O)[C@@H](O)[C@H](O)[C@H](O)COP(=O)(O)O
1G7G,P18031,PTPN1,INX,CCCCCNC(=O)[C@H](Cc1ccc(OCC(=O)O)c(C(=O)O)c1)NC(=O)[C@H](Cc1ccccc1)NC(=O)CCC(=O)O
1G7F,P18031,PTPN1,INZ,CCCCCNC(=O)[C@H](Cc1ccc(OC(C(=O)O)C(=O)O)cc1)NC(=O)N[C@@H](Cc1ccccc1)C(=O)O
1G5F,D4Z2G1,LINB,CA CL DCE,[Ca+2] [Cl-] ClCCCl
1G3E,P00760,PRSS1,109 SO4 CA CU,C[C@H](NCc1ccc(C(=N)N)cc1O)C(=O)O O=S(=O)([O-])[O-] [Ca+2] [Cu+2]
1G3D,P00760,PRSS1,108 SO4 CA CU,C[C@H](NCc1cc(C(=N)N)ccc1O)C(=O)O O=S(=O)([O-])[O-] [Ca+2] [Cu+2]
1G36,P00760,PRSS1,R11 SO4 CA,Cc1nc2ccccc2n1Cc1ccc2c(c1)nc(CNc1ccc(C(=N)N)cc1)n2C O=S(=O)([O-])[O-] [Ca+2]
1G35,P03366,GAG-POL,AHF,CO[C@H](O)c1ccc(CN2[C@H](COc3ccccc3)[C@H](O)[C@@H](O)[C@@H](COc3ccccc3)N(Cc3ccc(CO)cc3)S2(=O)=O)cc1
1G30,P00734,F2,T87,CCOC(=O)CO/N=C(/c1ccccn1)C1(c2ccc3c(c2)nc(CNc2ccc(C(=N)N)cc2)n3C)CC1
1G2O,P9WP01,PUNA,PO4 IMH,O=P([O-])([O-])[O-] O=c1[nH]cnc2c([C@@H]3N[C@H](CO)[C@@H](O)[C@H]3O)c[nH]c12
1G2L,P00742,F10,CA T87,[Ca+2] CCOC(=O)CO/N=C(/c1ccccn1)C1(c2ccc3c(c2)nc(CNc2ccc(C(=N)N)cc2)n3C)CC1
1G1D,P00918,CA2,FSB HG ZN,NS(=O)(=O)c1ccc(C(=O)NCc2ccccc2F)cc1 [Hg+2] [Zn+2]
1FZQ,Q9WUL7,ARL3,SO4 NH4 MES GDP,O=S(=O)([O-])[O-] [NH4+] O=S(=O)([O-])CC[NH+]1CCOCC1 Nc1nc2c(ncn2[C@@H]2O[C@H](COP(=O)(O)OP(=O)(O)O)[C@@H](O)[C@H]2O)c(=O)[nH]1
1FV0,P59071,,DIO GOL 9AR ACT SO4,C1COCCO1 OCC(O)CO COc1c(O)ccc2c1cc([N+](=O)[O-])c1c(C(=O)O)cc3c(c12)OCO3 CC(=O)[O-] O=S(=O)([O-])[O-]
1FT7,Q01693,,PLU K ZN,CC(C)C[C@H](N)P(=O)(O)O [K+] [Zn+2]
1FQ7,P07267,PEP4,NAG 2Y3,CC(=O)N[C@@H]1[C@@H](O)[C@H](O)[C@@H](CO)O[C@H]1O CNC(=O)[C@H](CC(C)C)C[C@H](O)[C@H](CC1CCCCC1)NC(=O)[C@H](Cc1cnc[nH]1)NC(=O)[C@H](Cc1ccccc1)NC(=O)OC(C)(C)C
1FM9,P19793,RXRA,9CR 570,CC1=C(/C=C/C(C)=C\C=C\C(C)=C\C(=O)O)C(C)(C)CCC1 Cc1oc(-c2ccccc2)nc1CCOc1ccc(C[C@H](Nc2ccccc2C(=O)c2ccccc2)C(=O)O)cc1
1FLR,1589925,,FLU,O=C(O)c1ccccc1-c1c2ccc(=O)cc-2oc2cc(O)ccc12
1FL3,P01867,IGHG2B,SPB,O=C(O)CCCC(=O)Nc1ccc(/C=C/c2ccccc2)cc1
1FKW,P03958,ADA,ZN PUR,[Zn+2] OC[C@H]1O[C@@H](n2c[nH+]c3cncnc32)[C@H](O)[C@@H]1O
1FKI,P62942,FKBP1A,SB1,CC1(C)COC(=O)CCCCCCCCCCCOC(=O)[C@@H]2CCCCN2C(=O)C1=O
1FKH,P62942,FKBP1A,SBX,CCC(C)(C)C(=O)C(=O)N1CCCC[C@H]1C(=O)O[C@H](CCc1ccccc1)C1CCCCC1
1FKG,P62942,FKBP1A,SB3,CCC(C)(C)C(=O)C(=O)N1CCCC[C@H]1C(=O)O[C@H](CCc1ccccc1)c1ccccc1
1FJS,P00742,F10,CA CL Z34 GOL,[Ca+2] [Cl-] CN1CCN=C1c1cccc(Oc2nc(Oc3cc(C(=N)N)ccc3O)c(F)c(N(C)CC(=O)O)c2F)c1 OCC(O)CO
1FHD,P07986,CEX,XYP XIM,O[C@@H]1[C@@H](O)[C@H](O)OC[C@H]1O O[C@H]1[C@H](O)Cn2ccnc2[C@@H]1O
1FH9,P07986,CEX,,
1FH8,P07986,CEX,XIF XYP,O[C@@H]1CCNC[C@H]1O O[C@@H]1[C@@H](O)[C@H](O)OC[C@H]1O
1FH7,P07986,CEX,XYP XDN,O[C@@H]1[C@@H](O)[C@H](O)OC[C@H]1O O[C@H]1[C@H](O)CNC[C@@H]1O
1FD0,P13631,RARG,LMU 254,CCCCCCCCCCCCO[C@H]1O[C@H](CO)[C@@H](O[C@H]2O[C@H](CO)[C@@H](O)[C@H](O)[C@H]2O)[C@H](O)[C@H]1O CC1(C)CCC(C)(C)c2cc(/C(=N/O)c3ccc4cc(C(=O)O)ccc4c3)ccc21
1FCZ,P13631,RARG,156 LMU,CC1(C)CCC(C)(C)c2cc(C(=O)/C=C/c3ccc(C(=O)O)cc3)ccc21 CCCCCCCCCCCCO[C@H]1O[C@H](CO)[C@@H](O[C@H]2O[C@H](CO)[C@@H](O)[C@H](O)[C@H]2O)[C@H](O)[C@H]1O
1FCY,P13631,RARG,LMU 564,CCCCCCCCCCCCO[C@H]1O[C@H](CO)[C@@H](O[C@H]2O[C@H](CO)[C@@H](O)[C@H](O)[C@H]2O)[C@H](O)[C@H]1O CC1(C)CCC(C)(C)c2cc(C(=O)c3ccc4cc(C(=O)O)ccc4c3)ccc21
1FCX,P13631,RARG,LMU 184,CCCCCCCCCCCCO[C@H]1O[C@H](CO)[C@@H](O[C@H]2O[C@H](CO)[C@@H](O)[C@H](O)[C@H]2O)[C@H](O)[C@H]1O CC1(C)CCC(C)(C)c2cc([C@@H](O)c3ccc4cc(C(=O)O)ccc4c3)ccc21
1FAO,Q9UN19,DAPP1,4IP,O=P(O)(O)O[C@H]1[C@H](O)[C@@H](OP(=O)(O)O)[C@H](OP(=O)(O)O)[C@@H](OP(=O)(O)O)[C@H]1O
1F8E,P03472,NA,49A CA NAG,CC(=O)N[C@H]1[C@H]([C@H](O)[C@H](O)CN)OC(C(=O)O)=C[C@@H]1N [Ca+2] CC(=O)N[C@@H]1[C@@H](O)[C@H](O)[C@@H](CO)O[C@H]1O
1F74,P44539,NANA,NAY GOL CL,CC(=O)N[C@H](CCC(=O)C(=O)O)[C@@H](O)[C@H](O)[C@H](O)CO OCC(O)CO [Cl-]
1F73,P44539,NANA,GOL HMN,OCC(O)CO CC(=O)N[C@@H]([C@@H](O)[C@H](O)[C@H](O)CO)[C@@H](O)C[C@@H](O)C(=O)O
1F5L,P00749,PLAU,SO4 AMR,O=S(=O)([O-])[O-] N=C(N)NC(=O)c1nc(Cl)c(N)nc1N
1F5K,P00749,PLAU,BEN SO4,N=C(N)c1ccccc1 O=S(=O)([O-])[O-]
1F57,P00730,CPA1,DCY ZN,N[C@H](CS)C(=O)O [Zn+2]
1F4G,P0A884,THYA,GOL TP4 SO4,OCC(O)CO O=C(O)CCNC(=O)[C@H]1CCCN1S(=O)(=O)c1ccc(C(=O)N[C@@H](CCC(=O)O)C(=O)O)cc1 O=S(=O)([O-])[O-]
1F4F,P0A884,THYA,TP3 SO4,O=C(O)CC[C@H](NC(=O)c1ccc(S(=O)(=O)N2CCC[C@@H]2C(=O)O)cc1)C(=O)O O=S(=O)([O-])[O-]
1F4E,P0A884,THYA,SO4 TPR GOL,O=S(=O)([O-])[O-] Cc1ccc(S(=O)(=O)N2CCC[C@@H]2C(=O)O)cc1 OCC(O)CO
1F3E,P28720,TGT,DPZ ZN,Nc1cc(N)c2c(=O)[nH][nH]c(=O)c2c1 [Zn+2]
1F2P,P80561,SGR_5809,PHE CA ZN,N[C@@H](Cc1ccccc1)C(=O)O [Ca+2] [Zn+2]
1F2O,P80561,SGR_5809,LEU CA ZN,CC(C)C[C@H](N)C(=O)O [Ca+2] [Zn+2]
1F0U,P00760,PRSS1,CA SO4 RPR,[Ca+2] O=S(=O)([O-])[O-] COC(=O)[C@H](Cc1cccc(C(=N)N)c1)[C@@H](C)NC(=O)c1ccc(-c2cccc(CN)c2)cc1
1F0T,P00760,PRSS1,CA SO4 PR1,[Ca+2] O=S(=O)([O-])[O-] N=C(N)c1ccc(O)c(CN2CC[C@H](NS(=O)(=O)c3cc4ncccc4s3)C2=O)c1
1F0S,P00742,F10,CA PR2,[Ca+2] O=C1[C@@H](NS(=O)(=O)c2cc3ncccc3s2)CCN1Cc1cc2ccncc2[nH]1
1F0R,P00742,F10,CA 815,[Ca+2] Nc1nccc2ccc(CN3CC[C@H](NS(=O)(=O)c4cc5ncccc5s4)C3=O)cc12
1EZQ,P00742,F10,CA RPR,[Ca+2] COC(=O)[C@H](Cc1cccc(C(=N)N)c1)[C@@H](C)NC(=O)c1ccc(-c2cccc(CN)c2)cc1
1EX8,P26281,FOLK,A4P CL MG,Nc1nc2c(c(=O)[nH]1)N=C(CO[P@](=O)(O)O[P@](=O)(O)O[P@](=O)(O)O[P@](=O)(O)OC[C@H]1O[C@@H](n3cnc4c(N)ncnc43)[C@H](O)[C@@H]1O)CN2 [Cl-] [Mg+2]
1ETT,P00735,F2,4QQ,Cc1ccc(S(=O)(=O)N[C@@H](Cc2ccc(C(=N)N)cc2)C(=O)N2CCCCC2)cc1
1ERB,P18902,RBP4,ETR,CCNC(=O)/C=C(C)/C=C/C=C(C)/C=C/C1=C(C)CCCC1(C)C
1EOC,P20371,PCAG,FE 4NC,[Fe+3] O=[N+]([O-])c1ccc(O)c(O)c1
1ENU,P28720,TGT,ZN APZ,[Zn+2] Nc1ccc2c(=O)[nH][nH]c(=O)c2c1
1EJN,P00749,PLAU,SO4 AGB,O=S(=O)([O-])[O-] N=C(N)Nc1ccc(CNC(=O)NC23CC4CC(CC(C4)C2)C3)cc1
1EGH,P0A731,MGSA,PGA,O=C(O)COP(=O)(O)O
1EFY,P26446,PARP1,BZC,COc1cccc(-c2nc3c(C(N)=O)cccc3[nH]2)c1
1EED,P11838,EAPA,0EO,CC(C)C[C@H](NC(=O)C[C@H](O)[C@H](CC1CCCCC1)NC(=O)CC[C@H](O)[C@H](Cc1ccccc1)NC(=O)OC(C)(C)C)C(=O)O
1ECV,P18031,PTPN1,ACT 878,CC(=O)[O-] O=C(O)C(=O)Nc1ccc(I)cc1C(=O)O
1MRX,P03367,GAG-POL,K57,Cc1c(O)cccc1C(=O)N[C@@H](Cc1ccccc1)[C@H](O)C(=O)N1CSC(C)(C)[C@H]1C(=O)NC(C)(C)C
1MSM,P03367,GAG-POL,JE2,Cc1ccccc1CNC(=O)[C@H]1N(C(=O)[C@@H](O)[C@H](Cc2ccccc2)NC(=O)c2cccc(O)c2C)CSC1(C)C
1MSN,P03367,GAG-POL,JE2,Cc1ccccc1CNC(=O)[C@H]1N(C(=O)[C@@H](O)[C@H](Cc2ccccc2)NC(=O)c2cccc(O)c2C)CSC1(C)C
1MU6,P00734,F2,CDA,Cc1cnc(NCC(F)(F)c2ccccn2)c(=O)n1CC(=O)NCc1ncccc1F
1MU8,P00734,F2,CDB,Cc1ccnc(CNC(=O)Cn2c(C)c[nH+]c(NCC(F)(F)c3cccc[nH+]3)c2=O)c1F
1N3Z,P00669,SRN,U3P ADN,O=c1ccn([C@@H]2O[C@H](CO)[C@@H](OP(=O)(O)O)[C@H]2O)c(=O)[nH]1 Nc1ncnc2c1ncn2[C@@H]1O[C@H](CO)[C@@H](O)[C@H]1O
1NKI,Q9I4K6,FOSA,K MN PPF,[K+] [Mn+2] O=C(O)P(=O)(O)O
1NL9,P18031,PTPN1,989,CCCCCNC(=O)[C@H](Cc1ccc(N(C(=O)C(=O)O)c2ccccc2C(=O)O)c2ccccc12)NC(C)=O
1NU3,Q9ZAG3,LIMA,VPR MES,CCCC(CCC)C(N)=O O=S(=O)([O-])CC[NH+]1CCOCC1
1NVR,O14757,CHEK1,SO4 STU,O=S(=O)([O-])[O-] CN[C@@H]1C[C@H]2O[C@@](C)([C@@H]1OC)n1c3ccccc3c3c4c(c5c6ccccc6n2c5c31)C(=O)NC4
1O0N,P61823,RNASE1,U3P,O=c1ccn([C@@H]2O[C@H](CO)[C@@H](OP(=O)(O)O)[C@H]2O)c(=O)[nH]1
1O5C,P00749,PLAU,CIT CR9,O=C(O)CC(O)(CC(=O)O)C(=O)O C[C@H]1CCCC[C@@H]1Oc1cccc(-c2nc3cc(C(N)=[NH2+])c(F)cc3[nH]2)c1[O-]
1O5G,P00734,F2,CR9 CA NA,C[C@H]1CCCC[C@@H]1Oc1cccc(-c2nc3cc(C(N)=[NH2+])c(F)cc3[nH]2)c1[O-] [Ca+2] [Na+]
1O7O,P14769,GGTA1,UDP MN,O=c1ccn([C@@H]2O[C@H](COP(=O)(O)OP(=O)(O)O)[C@@H](O)[C@H]2O)c(=O)[nH]1 [Mn+2]
1O86,P12821,ACE,GLY ZN LPR CL,NCC(=O)O [Zn+2] NCCCC[C@H](N[C@@H](CCc1ccccc1)C(=O)O)C(=O)N1CCC[C@H]1C(=O)O [Cl-]
1O8B,P0A7Z0,RPIA,ABF,O=P(O)(O)OC[C@H]1O[C@@H](O)[C@@H](O)[C@@H]1O
1O9E,P93343,,FLC FSC,O=C([O-])CC(O)(CC(=O)[O-])C(=O)[O-] C=CC(C)(C)OC[C@H]1O[C@H](O[C@@H]2C3=C([C@H](C)COC(C)=O)C[C@H](O)[C@]3(C)/C=C3\[C@@H](COC)CC[C@H]3[C@@H](C)[C@H]2O)[C@H](O)[C@@H](OC(C)=O)[C@@H]1O
1OAR,,,CAC CL NA AZN EDO DMS,C[As](C)(=O)[O-] [Cl-] [Na+] O=C1c2ccccc2C(=O)c2c1cc(S(=O)(=O)O)c(O)c2O OCCO CS(C)=O
1OAU,,,SER IMD DNF,N[C@@H](CO)C(=O)O c1c[nH+]c[nH]1 O=[N+]([O-])c1ccc(O)c([N+](=O)[O-])c1
1OBA,P15057,CPL1,CHT,C[N+](C)(C)CCO
1OCQ,O85465,CEL5A,IFM BGC GOL SO4,OC[C@H]1CNC[C@@H](O)[C@@H]1O OC[C@H]1O[C@@H](O)[C@H](O)[C@@H](O)[C@@H]1O OCC(O)CO O=S(=O)([O-])[O-]
1ODI,Q5SID9,TTHA1435,SO4 ADN,O=S(=O)([O-])[O-] Nc1ncnc2c1ncn2[C@@H]1O[C@H](CO)[C@@H](O)[C@H]1O
1OE8,P30114,,GSH,N[C@@H](CCC(=O)N[C@@H](CS)C(=O)NCC(=O)O)C(=O)O
1OGD,P36946,RBSD,CL RIP,[Cl-] O[C@@H]1[C@H](O)[C@H](O)CO[C@H]1O
1OGX,P07445,KSI,EQU,C[C@]12CCc3c(ccc4cc(O)ccc34)[C@@H]1CCC2=O
1OGZ,P00947,KSI,EQU,C[C@]12CCc3c(ccc4cc(O)ccc34)[C@@H]1CCC2=O
1OHR,Q9Q288,V-1 PROTEASE,1UN,Cc1c(O)cccc1C(=O)N[C@@H](CSc1ccccc1)[C@H](O)CN1C[C@H]2CCCC[C@H]2C[C@H]1C(=O)NC(C)(C)C
1OKL,P00918,CA2,MNS ZN HG,CN(C)c1cccc2c(S(N)(=O)=O)cccc12 [Zn+2] [Hg+2]
1OLS,P12694,BCKDHA,GOL TPP MN K,OCC(O)CO Cc1ncc(C[n+]2csc(CCO[P@](=O)(O)OP(=O)(O)O)c2C)c(N)n1 [Mn+2] [K+]
1OLU,P12694,BCKDHA,GOL TPP MG K,OCC(O)CO Cc1ncc(C[n+]2csc(CCO[P@](=O)(O)OP(=O)(O)O)c2C)c(N)n1 [Mg+2] [K+]
1OLX,P12694,BCKDHA,GOL TPP MN K,OCC(O)CO Cc1ncc(C[n+]2csc(CCO[P@](=O)(O)OP(=O)(O)O)c2C)c(N)n1 [Mn+2] [K+]
1OM1,P28523,ACK2,IQA,O=C(O)Cc1c2ccccc2n2c1[nH]c(=O)c1ccccc12
1ONY,P18031,PTPN1,588,CCCCCNC(=O)[C@H](Cc1ccc(N(C(=O)C(=O)O)c2ccccc2C(=O)O)c(/C=C/C(N)=O)c1)NS(C)(=O)=O
1ONZ,P18031,PTPN1,968,O=C(O)C(=O)N(c1ccccc1C(=O)O)c1cccc2ccc(O)cc12
1ORK,P0ACT4,TETR,ATC MG,CN(C)CC(=O)Nc1ccc2c(c1O)C(=O)C1=C(O)[C@]3(O)C(=O)C(C(N)=O)=C(O)[C@@H](N(C)C)[C@@H]3C[C@@H]1C2 [Mg+2]
1OS5,P26663,,NH1,Cc1cc(SC2=C(O)C[C@@](CCc3ccc(O)cc3)(C3CCCC3)OC2=O)c(C(C)(C)C)cc1N
1OSS,P00775,SPRT,BEN CA SO4,N=C(N)c1ccccc1 [Ca+2] O=S(=O)([O-])[O-]
1OTH,P00480,OTC,PAO,N[C@@H](CCCNC(=O)CP(=O)(O)O)C(=O)O
1OW4,Q8MTC1,,GOL 2AN,OCC(O)CO O=S(=O)(O)c1cccc2cccc(Nc3ccccc3)c12
1OYQ,P00760,PRSS1,CA SO4 T87,[Ca+2] O=S(=O)([O-])[O-] CCOC(=O)CO/N=C(/c1ccccn1)C1(c2ccc3c(c2)nc(CNc2ccc(C(=N)N)cc2)n3C)CC1
1OZV,Q43088,RBCMT,SAH LYS,Nc1ncnc2c1ncn2[C@@H]1O[C@H](CSCC[C@H](N)C(=O)O)[C@@H](O)[C@H]1O N[C@@H](CCCC[NH3+])C(=O)O
1P17,Q4DRC4,TC00.1047053509693.70,IMP,O=c1[nH]cnc2c1ncn2[C@@H]1O[C@H](COP(=O)(O)O)[C@@H](O)[C@H]1O
1P19,Q4DRC4,TC00.1047053509693.70,IMP,O=c1[nH]cnc2c1ncn2[C@@H]1O[C@H](COP(=O)(O)O)[C@@H](O)[C@H]1O
1P57,P05981,HPN,CR4,NC(=[NH2+])c1ccc2[nH]c(-c3ccccc3[O-])nc2c1
1P6E,P09598,PLC,PC5 ZN,CCCCC(=O)OC[C@H](COP(=S)([S-])OCC[N+](C)(C)C)OC(=O)CCCC [Zn+2]
1PA9,P15273,YOPH,CSN,O=[N+]([O-])c1ccc(O)c(OS(=O)(=O)O)c1
1PB8,P35439,GRIN1,DSN,N[C@H](CO)C(=O)O
1PB9,P35439,GRIN1,4AX,N[C@@H]1CONC1=O
1PDZ,P56252,,PGA MN,O=C(O)COP(=O)(O)O [Mn+2]
1PF7,P00491,PNP,SO4 IMH,O=S(=O)([O-])[O-] O=c1[nH]cnc2c([C@@H]3N[C@H](CO)[C@@H](O)[C@H]3O)c[nH]c12
1PGP,P00349,PGD,6PG SO4,O=C(O)[C@H](O)[C@@H](O)[C@H](O)[C@H](O)COP(=O)(O)O O=S(=O)([O-])[O-]
1PHW,P0A715,KDSA,N,O=P(O)(O)OC[C@H]1OC[C@H](O)[C@@H]1O
1PKX,P31939,ATIC,K XMP,[K+] O=c1[nH]c(=O)c2[nH+]cn([C@@H]3O[C@H](COP(=O)(O)O)[C@@H](O)[C@H]3O)c2[nH]1
1PME,P28482,MAPK1,SO4 SB2,O=S(=O)([O-])[O-] C[S@](=O)c1ccc(-c2nc(-c3ccc(F)cc3)c(-c3ccncc3)[nH]2)cc1
1POT,P0AFK9,POTD,SPD,NCCCCNCCCN
1PPH,P00760,PRSS1,CA SO4 0ZG,[Ca+2] O=S(=O)([O-])[O-] Cc1ccc(S(=O)(=O)N[C@@H](Cc2cccc(C(=N)N)c2)C(=O)N2CCCCC2)cc1
1PR5,P0ABP9,DEOD,PO4 TBN,O=P([O-])([O-])[O-] Nc1ncnc2c1ccn2[C@@H]1O[C@H](CO)[C@@H](O)[C@H]1O
1PVN,P50097,IMPDH,TRS MZP K,[NH3+]C(CO)(CO)CO NC(=O)c1[nH+]cn([C@@H]2O[C@H](COP(=O)([O-])[O-])[C@@H](O)[C@H]2O)c1[O-] [K+]
1PX4,P00722,LACZ,MG NA IPT DMS,[Mg+2] [Na+] CC(C)S[C@@H]1O[C@H](CO)[C@H](O)[C@H](O)[C@H]1O CS(C)=O
1Q6G,P10538,BMY1,SO4,O=S(=O)([O-])[O-]
1Q84,P21836,ACHE,TZ4 P6G NAG,Nc1ccc2c(c1)c(-c1ccccc1)[n+](CCCCCCc1cn(CCNc3c4c(nc5ccccc35)CCCC4)nn1)c1cc(N)ccc21 OCCOCCOCCOCCOCCOCCO CC(=O)N[C@@H]1[C@@H](O)[C@H](O)[C@@H](CO)O[C@H]1O
1QK3,Q26997,HPRT,5GP,Nc1nc2c(ncn2[C@@H]2O[C@H](COP(=O)(O)O)[C@@H](O)[C@H]2O)c(=O)[nH]1
1RO7,Q9LAK3,CST-II,MPD CSF,C[C@H](O)CC(C)(C)O CC(=O)N[C@@H]1[C@@H](O)[C@@H](F)[C@@](O[P@](=O)(O)OC[C@H]2O[C@@H](n3ccc(N)nc3=O)[C@H](O)[C@@H]2O)(C(=O)O)O[C@H]1[C@H](O)[C@H](O)CO
1S19,P11473,VDR,MC9,C=C1/C(=C\C=C2/CCC[C@]3(C)[C@@H]([C@H](C)/C=C/[C@@H](O)C4CC4)CC[C@@H]23)C[C@@H](O)C[C@@H]1O
1S5Z,P22887,NDKC-2,SON PO4,Nc1ncnc2c1ncn2[C@@H]1O[C@H](COC(=O)CP(=O)(O)O)[C@@H](O)[C@H]1O O=P([O-])([O-])[O-]
1S89,P0A731,MGSA,PGA,O=C(O)COP(=O)(O)O
1SB1,P00734,F2,NA 165,[Na+] Nc1nc2ccc(NC(=O)[C@@H]3CCCN3C(=O)[C@@H](CC3CCCCC3)NS(=O)(=O)Cc3ccccc3)cc2s1
1SBG,P03366,GAG-POL,IM1,CC(C)[C@H](NC(=O)[C@H](Cc1ccccc1)C[C@H](O)[C@H](Cc1ccccc1)NC(=O)OC(C)(C)C)c1ncc[nH]1
1SBR,O34911,YKOF,CA VIB,[Ca+2] Cc1ncc(C[n+]2csc(CCO)c2C)c(N)n1
1SDT,P03367,GAG-POL,CL MK1,[Cl-] CC(C)(C)NC(=O)[C@@H]1CN(Cc2cccnc2)CCN1C[C@@H](O)C[C@@H](Cc1ccccc1)C(=O)N[C@H]1c2ccccc2C[C@H]1O
1SDU,P03367,GAG-POL,SO4 ACT MK1,O=S(=O)([O-])[O-] CC(=O)[O-] CC(C)(C)NC(=O)[C@@H]1CN(Cc2cccnc2)CCN1C[C@@H](O)C[C@@H](Cc1ccccc1)C(=O)N[C@H]1c2ccccc2C[C@H]1O
1SDV,P03367,GAG-POL,CL MK1,[Cl-] CC(C)(C)NC(=O)[C@@H]1CN(Cc2cccnc2)CCN1C[C@@H](O)C[C@@H](Cc1ccccc1)C(=O)N[C@H]1c2ccccc2C[C@H]1O
1SGU,P03367,GAG-POL,MK1,CC(C)(C)NC(=O)[C@@H]1CN(Cc2cccnc2)CCN1C[C@@H](O)C[C@@H](Cc1ccccc1)C(=O)N[C@H]1c2ccccc2C[C@H]1O
1SH9,P03367,GAG-POL,RIT,CC(C)c1nc(CN(C)C(=O)N[C@H](C(=O)N[C@@H](Cc2ccccc2)C[C@H](O)[C@H](Cc2ccccc2)NC(=O)OCc2cncs2)C(C)C)cs1
1SIV,P05896,GAG-POL,PSI,COC(=O)[C@@H](NC(=O)[C@@H](NC(=O)CC[C@H](O)[C@H](Cc1ccccc1)NC(=O)[C@H](C)NC(=O)[C@H](C)N)C(C)C)C(C)C
1SQO,P00749,PLAU,SO4 UI2,O=S(=O)([O-])[O-] N=C(N)c1ccc2cccc(Nc3ncccn3)c2c1
1SR7,P06401,PGR,MOF SO4 GOL,C[C@@H]1C[C@H]2[C@@H]3CCC4=CC(=O)C=C[C@]4(C)[C@@]3(Cl)[C@@H](O)C[C@]2(C)[C@@]1(OC(=O)c1ccco1)C(=O)CCl O=S(=O)([O-])[O-] OCC(O)CO
1SSQ,P43886,CYSE,MG CYS,[Mg+2] N[C@@H](CS)C(=O)O
1STC,P00517,PRKACA,STU,CN[C@@H]1C[C@H]2O[C@@](C)([C@@H]1OC)n1c3ccccc3c3c4c(c5c6ccccc6n2c5c31)C(=O)NC4
1STD,P56221,SDH1,BFS SO4,C[C@@H](NC(=O)c1cc(F)ccc1O)c1ccc(Br)cc1 O=S(=O)([O-])[O-]
1SV3,P59071,,SO4 ANN,O=S(=O)([O-])[O-] COc1ccc(C(=O)O)cc1
1SW1,O29280,AF_0982,ZN PBE,[Zn+2] C[N+]1(C)CCC[C@H]1C(=O)O
1SWG,P22629,,BTN,O=C(O)CCCC[C@@H]1SC[C@@H]2NC(=O)N[C@@H]21
1SWK,P22629,,BTN BTQ,O=C(O)CCCC[C@@H]1SC[C@@H]2NC(=O)N[C@@H]21 O=C(O)CCCC[C@H]1SC[C@@H]2NC(=O)N[C@@H]21
1SWR,P22629,,BTN,O=C(O)CCCC[C@@H]1SC[C@@H]2NC(=O)N[C@@H]21
1SYH,P19491,GRIA2,CPW,N[C@@H](Cn1c2c(c(=O)[nH]c1=O)CCC2)C(=O)O
1T31,P23946,CMA1,NAG SO4 CO OHH MES,CC(=O)N[C@@H]1[C@@H](O)[C@H](O)[C@@H](CO)O[C@H]1O O=S(=O)([O-])[O-] [Co+2] CN(C(=O)c1cc2ccccc2cc1C(=O)[C@@H](c1cccc2ccccc12)P(=O)(O)O)C1CCN(C(=O)c2ccc3ccccc3c2)CC1 O=S(=O)([O-])CC[NH+]1CCOCC1
1T32,P08311,CTSG,SO4 OHH,O=S(=O)([O-])[O-] CN(C(=O)c1cc2ccccc2cc1C(=O)[C@@H](c1cccc2ccccc12)P(=O)(O)O)C1CCN(C(=O)c2ccc3ccccc3c2)CC1
1T4V,P00734,F2,14A,C=CCN(C(=O)c1cc(Cl)cc(OCCCONC(=N)N)c1)C1CCCC1
1TA6,P00734,F2,177,CCNC(=O)COc1ccc(Cl)cc1CNC(=O)[C@@H]1CCCN1C(=O)[C@H](N)C1CCCCC1
1TCX,P04587,GAG-POL,IM1,CC(C)[C@H](NC(=O)[C@H](Cc1ccccc1)C[C@H](O)[C@H](Cc1ccccc1)NC(=O)OC(C)(C)C)c1ncc[nH]1
1TJP,P00929,TRPA,HPF NA PLP,O=P(O)(O)OC[C@@H](O)[C@@H](O)Nc1ccccc1O [Na+] Cc1ncc(COP(=O)(O)O)c(C=O)c1O
1TPW,P00940,TPI1,PGH,O=C(COP(=O)(O)O)NO
1TR7,P08191,FIMH,DEG CAC MPD,CCCCO[C@H]1O[C@H](CO)[C@@H](O)[C@H](O)[C@@H]1O C[As](C)(=O)[O-] C[C@H](O)CC(C)(C)O
1TQ4,Q9QZ85,IIGP1,MG GDP,[Mg+2] Nc1nc2c(ncn2[C@@H]2O[C@H](COP(=O)(O)OP(=O)(O)O)[C@@H](O)[C@H]2O)c(=O)[nH]1
1TOM,P00734,F2,MIN,CN[C@H](Cc1ccccc1)C(=O)N1CCC[C@H]1C(=O)NC[C@H]1CC[C@H](N)CC1
1TOK,P00509,ASPC,MAE,O=C(O)/C=C\C(=O)O
1TOJ,P00509,ASPC,HCI,O=C(O)CCc1ccccc1
1TOI,P00509,ASPC,HCI,O=C(O)CCc1ccccc1
1TOG,P00509,ASPC,HCI,O=C(O)CCc1ccccc1
1TNL,P00760,PRSS1,CA TPA,[Ca+2] [NH3+][C@H]1C[C@@H]1c1ccccc1
1TNK,P00760,PRSS1,CA PRA,[Ca+2] NCCCc1ccccc1
1TNJ,P00760,PRSS1,CA PEA,[Ca+2] [NH3+]CCc1ccccc1
1TNI,P00760,PRSS1,CA PBN,[Ca+2] NCCCCc1ccccc1
1TNH,P00760,PRSS1,CA FBA,[Ca+2] [NH3+]Cc1ccc(F)cc1
1TNG,P00760,PRSS1,CA AMC,[Ca+2] [NH3+]CC1CCCCC1
1TKB,P23254,TKL1,CA N1T,[Ca+2] Cc1ccc(C[n+]2csc(CCO[P@](=O)(O)OP(=O)([O-])O)c2C)c(N)n1
1THZ,P31335,ATIC,K 326,[K+] Cc1cc(S(=O)(=O)O)ccc1-n1nc(C)c(N=Nc2cc(S(=O)(=O)O)ccc2C(=O)O)c1O
1TD7,P60045,,CA NFL,[Ca+2] O=C(O)c1cccnc1Nc1cccc(C(F)(F)F)c1
1TCW,P05896,GAG-POL,IM1,CC(C)[C@H](NC(=O)[C@H](Cc1ccccc1)C[C@H](O)[C@H](Cc1ccccc1)NC(=O)OC(C)(C)C)c1ncc[nH]1
1T7J,P35963,GAG-POL,ACT 478,CC(=O)[O-] CC(C)CN(C[C@@H](O)[C@H](Cc1ccccc1)NC(=O)O[C@H]1CCOC1)S(=O)(=O)c1ccc(N)cc1
1T7D,P00803,LEPB,M12,CC(C)CCCCCCCCC(=O)O
1T5F,P07824,ARG1,MN DHH,[Mn+2] N[C@@H](CCCCC(O)O)C(=O)O
1T4S,P07824,ARG1,MN VAL,[Mn+2] CC(C)[C@H](N)C(=O)O
1SZD,P53686,HST2,CL ZN APR GOL,[Cl-] [Zn+2] Nc1ncnc2c1ncn2[C@@H]1O[C@H](CO[P@](=O)(O)O[P@](=O)(O)OC[C@H]2O[C@@H](O)[C@H](O)[C@@H]2O)[C@@H](O)[C@H]1O OCC(O)CO
1SWP,P22629,,BTN BTQ,O=C(O)CCCC[C@@H]1SC[C@@H]2NC(=O)N[C@@H]21 O=C(O)CCCC[C@H]1SC[C@@H]2NC(=O)N[C@@H]21
1SWN,P22629,,BTN,O=C(O)CCCC[C@@H]1SC[C@@H]2NC(=O)N[C@@H]21
1SW2,O29280,AF_0982,BET,C[N+](C)(C)CC(=O)O
1STP,P22629,,BTN,O=C(O)CCCC[C@@H]1SC[C@@H]2NC(=O)N[C@@H]21
1SRG,P22629,,MHB,Cc1cc(N=Nc2ccccc2C(=O)O)ccc1O
1SQT,P00749,PLAU,UI3,COc1ccc2ccc(C(=N)N)cc2c1-c1cnn(S(C)(=O)=O)c1
1SQN,P06401,PGR,NDR,C#C[C@]1(O)CC[C@H]2[C@@H]3CCC4=CC(=O)CC[C@@H]4[C@H]3CC[C@@]21C
1SL3,P00734,F2,170,O=C(Cn1c(Cl)cnc(NCC(F)(F)c2cccc[n+]2[O-])c1=O)NCc1cc(Cl)ccc1-n1cnnn1
1S9T,P42260,GRIK2,CL QUS,[Cl-] N[C@@H](Cn1oc(=O)[nH]c1=O)C(=O)O
1S7Y,P42260,GRIK2,GLU,N[C@@H](CCC(=O)O)C(=O)O
1S63,P49354,FNTA,778 FPP ZN,N#Cc1ccc(Cn2cncc2CN2CCN(c3cccc(Cl)c3)C(=O)C2)cc1 CC(C)=CCC/C(C)=C/CC/C(C)=C/CO[P@@](=O)(O)OP(=O)(O)O [Zn+2]
1S50,P42260,GRIK2,GLU,N[C@@H](CCC(=O)O)C(=O)O
1S39,P28720,TGT,AQO ZN,Nc1nc2ccccc2c(=O)[nH]1 [Zn+2]
1RTF,,,PO4 BEN,O=P([O-])([O-])[O-] N=C(N)c1ccccc1
1RT9,P00491,PNP,SO4 IMH,O=S(=O)([O-])[O-] O=c1[nH]cnc2c([C@@H]3N[C@H](CO)[C@@H](O)[C@H]3O)c[nH]c12
1RR6,P00491,PNP,PO4 IMH,O=P([O-])([O-])[O-] O=c1[nH]cnc2c([C@@H]3N[C@H](CO)[C@@H](O)[C@H]3O)c[nH]c12
1RQL,O31156,PHNX,MG VSO,[Mg+2] C=CS(=O)(=O)O
1RPJ,P39265,ALSB,ZN SO4 ALL,[Zn+2] O=S(=O)([O-])[O-] OC[C@H]1O[C@@H](O)[C@H](O)[C@H](O)[C@@H]1O
1RPF,P61823,RNASE1,C3P,Nc1ccn([C@@H]2O[C@H](CO)[C@@H](OP(=O)(O)O)[C@H]2O)c(=O)n1
1RP7,P0AFG8,ACEE,MG TZD,[Mg+2] Cc1ncc(Cn2c(C)c(CCO[P@@](=O)(O)OP(=O)(O)O)sc2=O)c(N)n1
1RO6,Q07343,PDE4B,ZN MN ARS ROL,[Zn+2] [Mn+2] [As] COc1ccc([C@@H]2CNC(=O)C2)cc1OC1CCCC1
1RNT,P00651,RNTA,2GP,Nc1nc2c(ncn2[C@@H]2O[C@H](CO)[C@@H](O)[C@H]2OP(=O)(O)O)c(=O)[nH]1
1RNM,P61823,RNASE1,SO4 C5P,O=S(=O)([O-])[O-] Nc1ccn([C@@H]2O[C@H](COP(=O)(O)O)[C@@H](O)[C@H]2O)c(=O)n1
1RMZ,P39900,MMP12,ZN CA NGH,[Zn+2] [Ca+2] COc1ccc(S(=O)(=O)N(CC(=O)NO)CC(C)C)cc1
1RJK,P13053,VDR,VDZ,C=C1[C@H](O)CC(=C/C=C2\CCC[C@]3(C)[C@@H]([C@@H](C)CCCC(C)(C)O)CC[C@@H]23)C[C@H]1O
1RDN,P08661,MBL2,NDG CA CL,CC(=O)N[C@@H]1[C@@H](O)[C@H](O)[C@@H](CO)O[C@@H]1O [Ca+2] [Cl-]
1RDL,P08661,MBL2,MMA CA CL,CO[C@H]1O[C@H](CO)[C@@H](O)[C@H](O)[C@@H]1O [Ca+2] [Cl-]
1RDJ,P08661,MBL2,MFB CA CL,CO[C@H]1O[C@@H](C)[C@@H](O)[C@@H](O)[C@@H]1O [Ca+2] [Cl-]
1RDI,P08661,MBL2,MFU CA CL,CO[C@@H]1O[C@@H](C)[C@@H](O)[C@@H](O)[C@@H]1O [Ca+2] [Cl-]
1RD4,P20701,ITGAL,L08,CCOc1ccccc1Sc1ccc(-c2ccnc(N3CCN(C(C)=O)CC3)c2)cc1[N+](=O)[O-]
1RBP,P02753,RBP4,RTL,CC1=C(/C=C/C(C)=C/C=C/C(C)=C/CO)C(C)(C)CCC1
1R9L,P0AFM2,PROX,UNX BET,C[N+](C)(C)CC(=O)O
1R6N,P04015,E2,434 ALQ DMS,Cc1ccc2c(c1)C(=O)[C@]1(O[C@@H](c3ccc(Cl)c(Cl)c3)[C@@H](C(=O)Nc3ccc(-c4csnn4)cc3)[C@H]1C(=O)O)C2=O CC(C)C(=O)O CS(C)=O
1R4W,P24473,GSTK1,GSH,N[C@@H](CCC(=O)N[C@@H](CS)C(=O)NCC(=O)O)C(=O)O
1R1J,P08473,MME,NAG ZN OIR,CC(=O)N[C@@H]1[C@@H](O)[C@H](O)[C@@H](CO)O[C@H]1O [Zn+2] C[C@H](NC(=O)[C@H](Cc1ccccc1)NC(=O)[C@H](S)Cc1ccccc1)C(=O)O
1R1H,P08473,MME,NAG ZN BIR,CC(=O)N[C@@H]1[C@@H](O)[C@H](O)[C@@H](CO)O[C@H]1O [Zn+2] C[C@H](NC(=O)[C@H](Cc1ccc(-c2ccccc2)cc1)C[P@](=O)(O)[C@H](C)N)C(=O)O
1R0P,P08581,MET,KSA,COC(=O)[C@@]1(O)C[C@H]2O[C@]1(C)n1c3ccccc3c3c4c(c5c6ccccc6n2c5c31)C(=O)NC4
1QYG,,,BCG,CN1[C@H]2CC[C@@H]1[C@@H](C(=O)O)[C@@H](OC(=O)c1ccccc1)C2
1QY2,P11589,MUP2,CD NA IPZ,[Cd+2] [Na+] COc1nccnc1C(C)C
1QY1,P11588,MUP1,CD NA PRZ,[Cd+2] [Na+] COc1nccnc1CC(C)C
1QXL,P56658,ADA,ZN FR8,[Zn+2] NC(=O)c1cn([C@@H](CO)CCn2ccc3ccc(NC(=O)CCCCc4ccccc4)cc32)cn1
1QXK,P18031,PTPN1,429,COC(=O)c1c(O)cccc1OCCCCNC(=O)[C@H](Cc1ccc(OCC(=O)O)c(O)c1)NC(C)=O
1QX1,Q24451,ALPHA-MAN-IIA,NAG ZN FMF MPD,CC(=O)N[C@@H]1[C@@H](O)[C@H](O)[C@@H](CO)O[C@H]1O [Zn+2] OC[C@H]1O[C@@H](F)[C@@H](F)[C@@H](O)[C@@H]1O C[C@H](O)CC(C)(C)O
1QQ9,P80561,SGR_5809,ZN CA MET,[Zn+2] [Ca+2] CSCC[C@H](N)C(=O)O
1QPB,P06169,PDC1,TPP MG PYM,Cc1ncc(C[n+]2csc(CCO[P@](=O)(O)OP(=O)(O)O)c2C)c(N)n1 [Mg+2] CC(=O)C(N)=O
1QL9,P00763,PRSS2,ZEN SO4 CA,O=C(C1CCN(c2ccncc2)CC1)N1CCN(S(=O)(=O)c2ccc3cc(Cl)ccc3c2)CC1 O=S(=O)([O-])[O-] [Ca+2]
1QL7,P00760,PRSS1,ZEN SO4 CA,O=C(C1CCN(c2ccncc2)CC1)N1CCN(S(=O)(=O)c2ccc3cc(Cl)ccc3c2)CC1 O=S(=O)([O-])[O-] [Ca+2]
1QKU,P03372,ESR1,EST,C[C@]12CC[C@@H]3c4ccc(O)cc4CC[C@H]3[C@@H]1CC[C@@H]2O
1QK4,Q26997,HPRT,IMP,O=c1[nH]cnc2c1ncn2[C@@H]1O[C@H](COP(=O)(O)O)[C@@H](O)[C@H]1O
1QJI,P07584,,PKF ZN,COC(=O)[C@@H]1CCCN1C(=O)[C@H](C)N[P@](=O)(O)[C@H](Cc1ccccc1)NC(=O)[C@H](CCCC[NH3+])NC(=O)[C@@H]1CCCN1C(=O)OCc1ccccc1 [Zn+2]
1QI0,O85465,CEL5A,CA,[Ca+2]
1QHC,P61823,RNASE1,PUA,Nc1ncnc2c1ncn2[C@@H]1O[C@H](CO[P@](=O)(O)O[P@](=O)(O)O[C@H]2C[C@H](n3ccc(=O)[nH]c3=O)O[C@@H]2COP(=O)(O)O)[C@@H](OP(=O)(O)O)[C@H]1O
1QFT,O77421,,HSM,NCCc1c[nH]cn1
1QF2,P00800,NPR,DMS TI3 CA ZN,CS(C)=O O=C(NCC(=O)N1[C@@H](c2ccccc2)CC[C@H]1C(=O)O)[C@@H](S)Cc1ccccc1 [Ca+2] [Zn+2]
1QF0,P00800,NPR,DMS TI2 CA ZN,CS(C)=O O=C(O)[C@H](Cc1ccc(O)cc1)NC(=O)[C@H](Cc1ccccc1)NC(=O)[C@@H](S)Cc1ccccc1 [Ca+2] [Zn+2]
1QCA,P00484,CAT3,FUA CO,CC(=O)O[C@H]1C[C@@]2(C)[C@@H](C[C@@H](O)[C@H]3[C@@]4(C)CC[C@@H](O)[C@@H](C)[C@@H]4CC[C@@]32C)/C1=C(\CCC=C(C)C)C(=O)O [Co+2]
1QBV,P00734,F2,PPX,N[C@H](Cc1ccccc1)C(=O)N1CCC[C@H]1C(=O)NCCNc1ccncc1
1QBU,P04585,GAG-POL,846,O=C(Nc1nccs1)c1cccc(CN2C(=O)N(CC3CC3)[C@H](Cc3ccccc3)[C@H](O)[C@@H](O)[C@H]2Cc2ccccc2)c1
1QBT,P04585,GAG-POL,146,O=C(Nc1nc2ccccc2[nH]1)c1cccc(CN2C(=O)N(Cc3cccc(C(=O)Nc4nc5ccccc5[nH]4)c3)[C@H](Cc3ccccc3)[C@H](O)[C@@H](O)[C@H]2Cc2ccccc2)c1
1QBS,P04585,GAG-POL,DMP,O=C1N(Cc2ccc(CO)cc2)[C@H](Cc2ccccc2)[C@H](O)[C@@H](O)[C@@H](Cc2ccccc2)N1Cc1ccc(CO)cc1
1QBR,P04585,GAG-POL,XV6,O=C(Nc1nccs1)c1cccc(CN2C(=O)N(Cc3cccc(C(=O)Nc4nccs4)c3)[C@H](Cc3ccccc3)[C@H](O)[C@@H](O)[C@H]2Cc2ccccc2)c1
1QBQ,Q04631,FNTA,HFP ZN ACT,CC(C)CCC[C@@H](C)CCC[C@@H](C)C[C@@H](O)P(=O)(O)O [Zn+2] CC(=O)[O-]
1QBO,P00760,PRSS1,711 CA,CC(=N)N1CCC(Oc2ccc3[nH]c(C)[n+](Cc4ccc5ccc(C(=N)N)cc5c4)c3c2)CC1 [Ca+2]
1QBN,P00760,PRSS1,688 CA,N=C(N)c1ccc(O)c(Oc2cc(C(=O)O)cc(Oc3cccc(-c4ncc[nH]4)c3)n2)c1 [Ca+2]
1QB9,P00760,PRSS1,CA K 806,[Ca+2] [K+] CC(=N)N1CCC(Oc2ccc3c4ccccc4n(Cc4ccc5ccc(C(=N)N)cc5c4)c3c2)CC1
1QB6,P00760,PRSS1,623 K CA,Cc1c(F)c(Oc2cccc(C(=N)N)c2)[nH+]c(Oc2cccc(C(=N)N)c2)c1F [K+] [Ca+2]
1QB1,P00760,PRSS1,974 CA,Cn1ccnc1-c1cccc(Oc2[nH+]c(Oc3cc(C(=N)N)ccc3O)c(F)c(N3CCC[C@@H](C(=O)O)C3)c2F)c1 [Ca+2]
1QAW,Q9X6J6,MTRB,TRP,N[C@@H](Cc1c[nH]c2ccccc12)C(=O)O
1QAN,P13956,ERMC',ACT SAH,CC(=O)[O-] Nc1ncnc2c1ncn2[C@@H]1O[C@H](CSCC[C@H](N)C(=O)O)[C@@H](O)[C@H]1O
1Q9D,P00636,FBP1,OI1 PO4 MG F6P,CCC[C@@H](C(=O)NCCc1ccc(O)cc1)[N+]1=C([O-])[C@@H]2Cc3ccccc3CN2C(=O)[C@@H]1Cc1ccc(O)cc1 O=P([O-])([O-])[O-] [Mg+2] O=P(O)(O)OC[C@H]1O[C@](O)(CO)[C@@H](O)[C@@H]1O
1Q91,Q9NPB1,NT5M,PO4 MG DPB,O=P([O-])([O-])[O-] [Mg+2] Cc1cn([C@@H]2C[C@@H]3O[C@@](c4ccccc4)(P(=O)(O)O)OC[C@@H]3O2)c(=O)[nH]c1=O
1Q8W,P00517,PRKACA,M77,O=S(=O)(c1cccc2cnccc12)N1CCCNCC1
1Q7A,P59071,,SO4 OPB MOH,O=S(=O)([O-])[O-] CCCC[C@H]1C(=O)N(c2ccccc2)N(c2ccc(O)cc2)C1=O CO
1Q72,,,COC,COC(=O)[C@H]1[C@@H](OC(=O)c2ccccc2)C[C@@H]2CC[C@H]1N2C
1Q6E,P10538,BMY1,SO4,O=S(=O)([O-])[O-]
1Q65,P28720,TGT,BHB ZN,CN(C)CCSCc1cc(N)cc2c(=O)[nH]c(N)nc12 [Zn+2]
1Q5K,P49841,GSK3B,TMU,COc1ccc(CNC(=O)Nc2ncc([N+](=O)[O-])s2)cc1
1Q54,Q46822,IDI,MN MG BHI,[Mn+2] [Mg+2] C[C@](O)(CBr)CCO[P@](=O)(O)OP(=O)(O)O
1Q4X,P10828,THRB,G24,Cc1cc(OCC(=O)O)cc(C)c1Cc1ccc(O)c(Cc2ccccc2)c1
1Q4W,P28720,TGT,DQU ZN,Nc1ccc2nc(N)nc(O)c2c1 [Zn+2]
1Q1M,P18031,PTPN1,234,COC(=O)c1c(O)cccc1OC/C=C/c1ccc(F)c(-c2cc(C(=O)O)no2)c1
1Q1G,Q8I3X4,PNP,SO4 MTI IPA,O=S(=O)([O-])[O-] CSC[C@H]1[NH2+][C@@H](c2c[nH]c3c(=O)[nH]cnc23)[C@H](O)[C@@H]1O CC(C)O
1Q0Y,P01724,,SO4 MOI,O=S(=O)([O-])[O-] CN1CC[C@]23c4c5ccc(O)c4O[C@H]2[C@@H](O)C=C[C@H]3[C@H]1C5
1PZP,P62593,BLAT-6,FTA,N#C/C(=C/Nc1ccc(Nc2ccccc2)cc1)c1nn[nH]n1
1PZO,P62593,BLAT-6,CBT,Clc1ccc(CN(Cc2ccc(Cl)cc2)c2nn[nH]n2)cc1
1PZI,P32890,ELTB,1DM,O=C(NC(CN1CCOCC1)CN1CCOCC1)c1cc(O[C@H]2O[C@H](CO)[C@H](O)[C@H](O)[C@H]2O)cc([N+](=O)[O-])c1
1PYN,P18031,PTPN1,941,COC(=O)c1c(O)cccc1OCCCCNC(=O)[C@H](Cc1ccc(OC(C(=O)O)C(=O)O)cc1)NC(=O)OC(C)(C)C
1PXP,P24941,CDK2,CK8,Cc1nc(C)c(-c2ccnc(Nc3ccc(N(C)C)cc3)n2)s1
1PXO,P24941,CDK2,CK7,Cc1nc(N)sc1-c1ccnc(Nc2cccc([N+](=O)[O-])c2)n1
1PWQ,P15917,LEF,SD2 ZN,CSCC[C@H](NC(=O)[C@@H]1CCCN1C(=O)[C@H](Cc1ccc(O)cc1)NC(=O)CS)C(N)=O [Zn+2]
1PRO,P12499,GAG-POL,A88,COc1cc(CN2C(=O)N(Cc3ccc(O)c(OC)c3)N(Cc3ccccc3)C[C@@H](O)[C@H]2Cc2ccccc2)ccc1O
1PFU,P00959,METG,MPJ ZN,CSCC[C@H](N)[P@H](=O)O [Zn+2]
1PBQ,P35439,GRIN1,DK1,O=C(O)c1cc(O)c2c(Cl)cc(Cl)cc2n1
1P6D,P09598,PLC,3PC ZN,CCCCCC(=O)OC[C@H](CCP(=O)([O-])OCC[N+](C)(C)C)OC(=O)CCCCC [Zn+2]
1P1O,P19491,GRIA2,QUS SO4,N[C@@H](Cn1oc(=O)[nH]c1=O)C(=O)O O=S(=O)([O-])[O-]
1P0Y,Q43088,RBCMT,MLZ SAH,CNCCCC[C@H](N)C(=O)O Nc1ncnc2c1ncn2[C@@H]1O[C@H](CSCC[C@H](N)C(=O)O)[C@@H](O)[C@H]1O
1OZ0,P31335,ATIC,MS1 PO4 K,NC(=O)c1ncn([C@@H]2O[C@H](COP(=O)(O)O)[C@@H](O)[C@H]2O)c1/C=C/C(=O)N(Cc1ccc2nc(N)[nH]c(=O)c2n1)c1ccc(C(=O)N[C@@H](CCC(=O)O)C(=O)O)cc1 O=P([O-])([O-])[O-] [K+]
1OXR,P60045,,AIN CA,CC(=O)Oc1ccccc1C(=O)O [Ca+2]
1OWE,P00749,PLAU,675 SO4,N=C(N)c1ccc2cc(C(=O)Nc3ccccc3)ccc2c1 O=S(=O)([O-])[O-]
1OIF,Q08638,BGLA,IFM,OC[C@H]1CNC[C@@H](O)[C@@H]1O
1ODJ,Q5SID9,TTHA1435,SO4 GMP,O=S(=O)([O-])[O-] Nc1nc2c(ncn2[C@@H]2O[C@H](CO)[C@@H](O)[C@H]2O)c(=O)[nH]1
1OD8,P26514,XLNA,XYP IMD XDL NA,O[C@@H]1[C@@H](O)[C@H](O)OC[C@H]1O c1c[nH+]c[nH]1 O=C1NCCC[C@@H]1O [Na+]
1O5R,P56658,ADA,FR9 ZN,NC(=O)c1cn([C@@H](CO)CCn2ccc3ccc(NC(=O)NCc4ccccc4)cc32)cn1 [Zn+2]
1O5E,P05981,HPN,132,NC(=[NH2+])c1cc2cc(-c3cccc(-c4ccccc4)c3O)[nH]c2cc1Cl
1O5A,P00749,PLAU,CIT 696,O=C(O)CC(O)(CC(=O)O)C(=O)O NC(=[NH2+])c1ccc2[nH]c(-c3cccc(-c4ccccc4)c3[O-])cc2c1
1O3P,P00749,PLAU,CIT 655,O=C(O)CC(O)(CC(=O)O)C(=O)O NC(=[NH2+])c1ccc2[nH]c(-c3cccc(OC4CCCC4)c3[O-])nc2c1
1O3L,P00760,PRSS1,CA CL 678,[Ca+2] [Cl-] NC(=[NH2+])c1ccc2[nH]c(-c3cc(CC(=O)[O-])cc(Br)c3[O-])cc2c1
1O3J,P00760,PRSS1,CA 334,[Ca+2] Cc1cc(Br)c([O-])c(-c2nc3cc(C(N)=[NH2+])ccc3[nH]2)c1
1O3I,P00760,PRSS1,CA 907,[Ca+2] Cc1cc(Br)c([O-])c(-c2cc3cc(C(N)=[NH2+])ccc3[nH]2)c1
1O3D,P00760,PRSS1,CA CL 780,[Ca+2] [Cl-] NC(=[NH2+])c1ccc2[nH]c(-c3cccc(-c4ccccc4)c3[O-])nc2c1
1O38,P00760,PRSS1,653 SO4 CA,NC(=[NH2+])c1ccc2[nH]c(-c3cc(CC[NH3+])cc(-c4ccccc4)c3[O-])nc2c1 O=S(=O)([O-])[O-] [Ca+2]
1O36,P00760,PRSS1,CA CL 607,[Ca+2] [Cl-] NC(=[NH2+])c1ccc2[nH]c(-c3cc([C@@H](CC(=O)[O-])C(=O)[O-])cc(-c4ccccc4N)c3[O-])nc2c1
1O35,P00760,PRSS1,802 SO4 CA,NC(=[NH2+])c1ccc2[nH]c(-c3cc(F)ccc3[O-])nc2c1 O=S(=O)([O-])[O-] [Ca+2]
1O34,P00760,PRSS1,801 CL CA,NC(=[NH2+])c1ccc2[nH]c(-c3ncccc3[O-])nc2c1 [Cl-] [Ca+2]
1O33,P00760,PRSS1,801 CL CA,NC(=[NH2+])c1ccc2[nH]c(-c3ncccc3[O-])nc2c1 [Cl-] [Ca+2]
1O32,P00760,PRSS1,CA 801,[Ca+2] NC(=[NH2+])c1ccc2[nH]c(-c3ncccc3[O-])nc2c1
1O30,P00760,PRSS1,693 CL CA,NC(=[NH2+])c1ccc2[nH]c(-c3cc([C@@H](CC(=O)[O-])C(=O)[O-])cc(-c4ccccc4F)c3[O-])nc2c1 [Cl-] [Ca+2]
1O2Z,P00760,PRSS1,312 CA,COc1ccccc1-c1cc([C@@H](CC(=O)[O-])C(=O)[O-])cc(-c2nc3cc(C(N)=[NH2+])ccc3[nH]2)c1[O-] [Ca+2]
1O2Y,P00760,PRSS1,847 CA,NC(=[NH2+])c1ccc2[nH]c(-c3cc([C@@H](CC(=O)[O-])C(=O)[O-])cc(Br)c3[O-])nc2c1 [Ca+2]
1O2X,P00760,PRSS1,CA CL 847,[Ca+2] [Cl-] NC(=[NH2+])c1ccc2[nH]c(-c3cc([C@@H](CC(=O)[O-])C(=O)[O-])cc(Br)c3[O-])nc2c1
1O2W,P00760,PRSS1,847 CL CA,NC(=[NH2+])c1ccc2[nH]c(-c3cc([C@@H](CC(=O)[O-])C(=O)[O-])cc(Br)c3[O-])nc2c1 [Cl-] [Ca+2]
1O2V,P00760,PRSS1,847 CL CA,NC(=[NH2+])c1ccc2[nH]c(-c3cc([C@@H](CC(=O)[O-])C(=O)[O-])cc(Br)c3[O-])nc2c1 [Cl-] [Ca+2]
1O2U,P00760,PRSS1,847 CA,NC(=[NH2+])c1ccc2[nH]c(-c3cc([C@@H](CC(=O)[O-])C(=O)[O-])cc(Br)c3[O-])nc2c1 [Ca+2]
1O2S,P00760,PRSS1,CA CL CR4,[Ca+2] [Cl-] NC(=[NH2+])c1ccc2[nH]c(-c3ccccc3[O-])nc2c1
1O2R,P00760,PRSS1,CR9 SO4 CL CA,C[C@H]1CCCC[C@@H]1Oc1cccc(-c2nc3cc(C(N)=[NH2+])c(F)cc3[nH]2)c1[O-] O=S(=O)([O-])[O-] [Cl-] [Ca+2]
1O2Q,P00760,PRSS1,991 SO4 CA,NC(=[NH2+])c1cc2cc(-c3cccc(OC4CCCC4)c3[O-])[nH]c2cc1Cl O=S(=O)([O-])[O-] [Ca+2]
1O2P,P00760,PRSS1,972 SO4 CL CA,CC(C)COc1cccc(-c2nc3cc(C(N)=[NH2+])c(Cl)cc3[nH]2)c1[O-] O=S(=O)([O-])[O-] [Cl-] [Ca+2]
1O2O,P00760,PRSS1,CA SO4 950,[Ca+2] O=S(=O)([O-])[O-] CC(C)COc1cccc(-c2nc3cc(C(N)=[NH2+])c(F)cc3[nH]2)c1[O-]
1O2N,P00760,PRSS1,762 SO4 CA,NC(=[NH2+])c1cc2nc(-c3cccc(-c4ccccc4)c3[O-])[nH]c2cc1Cl O=S(=O)([O-])[O-] [Ca+2]
1O2J,P00760,PRSS1,656 SO4 CL CA,CC(C)COc1cccc(-c2nc3cc(C(N)=[NH2+])ccc3[nH]2)c1[O-] O=S(=O)([O-])[O-] [Cl-] [Ca+2]
1O2H,P00760,PRSS1,CR3 CA,NC(=[NH2+])c1ccc2[nH]c(-c3cccc(OC4CCCC4)c3[O-])cc2c1 [Ca+2]
1O1S,Q04631,FNTA,1NH ZN,C/C(=C\CO[P@](=O)(O)OP(=O)(O)O)CC/C=C(\C)COCc1cccc(C(=O)c2ccccc2)c1 [Zn+2]
1O0M,P61823,RNASE1,U2P,O=c1ccn([C@@H]2O[C@H](CO)[C@@H](O)[C@H]2OP(=O)(O)O)c(=O)[nH]1
1O0F,P61823,RNASE1,A3P,Nc1ncnc2c1ncn2[C@@H]1O[C@H](COP(=O)(O)O)[C@@H](OP(=O)(O)O)[C@H]1O
1NZ7,P18031,PTPN1,901,CCc1cc(C[C@H](NC(C)=O)C(=O)NCCCCC(=O)N[C@@H](CCSC)C(=O)O)ccc1N(C(=O)C(=O)O)c1ccccc1C(=O)O
1NWL,P18031,PTPN1,MG 964,[Mg+2] CC(=O)NCCSSCCNC(=O)[C@H]1CC[C@@H](NC(=O)c2nccnc2C(=O)O)CC1
1NW7,P14751,RSRIM,CL SAH,[Cl-] Nc1ncnc2c1ncn2[C@@H]1O[C@H](CSCC[C@H](N)C(=O)O)[C@@H](O)[C@H]1O
1NW5,P14751,RSRIM,CL SAM,[Cl-] C[S@@+](CC[C@H](N)C(=O)[O-])C[C@H]1O[C@@H](n2cnc3c(N)ncnc32)[C@H](O)[C@@H]1O
1NW4,Q8I3X4,PNP,SO4 IMH IPA,O=S(=O)([O-])[O-] O=c1[nH]cnc2c([C@@H]3N[C@H](CO)[C@@H](O)[C@H]3O)c[nH]c12 CC(C)O
1NVS,O14757,CHEK1,UCM SO4,O=C1NC(=O)c2c1c1c3ccccc3n3c1c1c2c2ccccc2n1[C@H]1CC[C@@H]3O1 O=S(=O)([O-])[O-]
1NT1,P00734,F2,T76,O=C1COc2ccc(Cl)cc2CNC(=O)[C@@H]2CCCN2C(=O)[C@@H](C2CCCCC2)NC(=O)CCN1
1NQ7,P45446,RORB,ARL,CC(/C=C/C=C(\C)c1cc(C(C)(C)C)cc(C(C)(C)C)c1)=C\C(=O)O
1NP0,P07686,HEXB,NGT GOL SO4,CC1=N[C@@H]2[C@@H](O)[C@H](O)[C@@H](CO)O[C@@H]2S1 OCC(O)CO O=S(=O)([O-])[O-]
1NOK,P00489,PYGM,PLP NTZ,Cc1ncc(COP(=O)(O)O)c(C=O)c1O OC[C@@H]1[C@@H](O)[C@H](O)[C@@H](O)c2nnnn21
1NOJ,P00489,PYGM,PO4 PLP NTZ,O=P([O-])([O-])[O-] Cc1ncc(COP(=O)(O)O)c(C=O)c1O OC[C@@H]1[C@@H](O)[C@H](O)[C@@H](O)c2nnnn21
1NOI,P00489,PYGM,PO4 PLP NTZ,O=P([O-])([O-])[O-] Cc1ncc(COP(=O)(O)O)c(C=O)c1O OC[C@@H]1[C@@H](O)[C@H](O)[C@@H](O)c2nnnn21
1NO6,P18031,PTPN1,794,O=C(O)C(=O)N(c1ccccc1C(=O)O)c1cccc2ccccc12
1NNY,P18031,PTPN1,515,CC(=O)N[C@@H](Cc1ccc(N(C(=O)C(=O)O)c2ccccc2C(=O)O)c2ccccc12)C(=O)NCCCCCOc1cc2ccccc2cc1C(=O)O
1NM6,P00734,F2,L86,O=C1Cn2c(Cl)cnc(c2=O)N[C@@H](Cc2ccccc2)CNCCCNCCc2ccccc2CN1
1NLI,P09989,,ADE,Nc1ncnc2[nH]cnc12
1NJS,P22102,GART,PO4 KEU,O=P([O-])([O-])[O-] N[C@H]1NC(=O)[C@@H](CCC[C@H](c2ccc(C(=O)N[C@@H](CCC(=O)O)C(=O)O)cc2)C(O)(O)C(F)(F)F)[C@@H](N)N1
1NJJ,Q9TZZ6,,GET ORX,CN[C@@H]1[C@@H](O)[C@@H](O[C@@H]2[C@@H](O)[C@H](O[C@H]3O[C@H]([C@@H](C)O)[C@@H](O)[C@H](O)[C@H]3N)[C@@H](N)C[C@H]2N)OC[C@]1(C)O Cc1ncc(COP(=O)(O)O)c(CN[C@H](CCCN)C(=O)O)c1O
1NJE,P00469,THYA,DCM,Nc1ccn([C@H]2C[C@H](O)[C@@H](COP(=O)(O)O)O2)c(=O)n1
1NJD,P00469,THYA,UMP,O=c1ccn([C@H]2C[C@H](O)[C@@H](COP(=O)(O)O)O2)c(=O)[nH]1
1NJC,P00469,THYA,DCM,Nc1ccn([C@H]2C[C@H](O)[C@@H](COP(=O)(O)O)O2)c(=O)n1
1NJA,P00469,THYA,DCM,Nc1ccn([C@H]2C[C@H](O)[C@@H](COP(=O)(O)O)O2)c(=O)n1
1NHZ,P04150,NR3C1,486 HEZ,CC#C[C@]1(O)CC[C@H]2[C@@H]3CCC4=CC(=O)CCC4=C3[C@@H](c3ccc(N(C)C)cc3)C[C@@]21C OCCCCCCO
1NHV,P26663,,154,O=C(O)[C@H](Cc1ccccc1)N(Cc1ccc(-c2cc3ccccc3o2)s1)C(=O)c1ccc(Cl)cc1Cl
1NHU,P26663,,153,O=C(O)[C@H](Cc1ccccc1)N(Cc1cccc(C(F)(F)F)c1)C(=O)c1ccc(Cl)cc1Cl
1NFY,P00742,F10,CA RTR,[Ca+2] N=C(N)c1ccc(CN2CCN(S(=O)(=O)c3cc4ccc(Cl)cc4s3)CC2=O)cc1
1NFX,P00742,F10,CA RDR,[Ca+2] O=C1CN(S(=O)(=O)c2cc3ccc(Cl)cc3s2)CCN1Cc1cc2cnccc2n1CCO
1NFW,P00742,F10,CA RRR,[Ca+2] O=C1CN(S(=O)(=O)/C=C/c2ccc(Cl)s2)CCN1Cc1cc2cnccc2[nH]1
1NFU,P00742,F10,CA RRP,[Ca+2] N=C(N)c1cccc(CN2CCN(S(=O)(=O)c3cc4ccc(Cl)cc4s3)CC2=O)c1
1NF8,P0DPB9,PHZD1,BOG ISC,CCCCCCCCO[C@@H]1O[C@H](CO)[C@@H](O)[C@H](O)[C@H]1O C=C(O[C@H]1C=CC=C(C(=O)O)[C@@H]1O)C(=O)O
1NDZ,P56658,ADA,ZN FR5,[Zn+2] Cn1c(CCC(=O)Nc2ccc3ccn(CC[C@H](CO)n4cnc(C(N)=O)c4)c3c2)nc2ccccc21
1NDY,P56658,ADA,ZN FR3,[Zn+2] NC(=O)c1cn([C@@H](CO)CCc2cccc3ccccc23)cn1
1NDW,P56658,ADA,ZN FR2,[Zn+2] NC(=O)c1cn([C@@H](CO)CCc2ccccc2)cn1
1NDV,P56658,ADA,ZN FR0,[Zn+2] NC(N)=Nc1nc(-c2ccc(CNc3nc4ccccc4[nH]3)s2)cs1
1NDJ,P22629,,BTN,O=C(O)CCCC[C@@H]1SC[C@@H]2NC(=O)N[C@@H]21
1N9M,P22629,,BTN,O=C(O)CCCC[C@@H]1SC[C@@H]2NC(=O)N[C@@H]21
1N8V,Q9NG96,,BDD,OCCCCCCCCCCCCBr
1N7M,,,MMP,CCC1=C(C)c2cc3c(CC)c(C)c(cc4nc(cc5[nH]c(cc1n2)c(C)c5CCC(=O)O)C(CCC(=O)O)=C4C)n3C
1N5R,P21836,ACHE,NAG P6G PRM ACY PG4,CC(=O)N[C@@H]1[C@@H](O)[C@H](O)[C@@H](CO)O[C@H]1O OCCOCCOCCOCCOCCOCCO CC[N+](C)(CC)CCC[n+]1c(-c2ccccc2)c2cc(N)ccc2c2ccc(N)cc21 CC(=O)O OCCOCCOCCOCCO
1N51,P15034,PEPP,MN,[Mn+2]
1N4K,P11881,ITPR1,I3P,O=P(O)(O)O[C@@H]1[C@H](O)[C@H](O)[C@@H](OP(=O)(O)O)[C@H](OP(=O)(O)O)[C@H]1O
1N4H,P45446,RORB,REA,CC1=C(/C=C/C(C)=C/C=C/C(C)=C/C(=O)O)C(C)(C)CCC1
1N46,P10828,THRB,PFA,Cc1cc(-n2ncc(=O)[nH]c2=O)cc(C)c1Oc1ccc(O)c(C(C)C)c1
1N43,P22629,,BTN,O=C(O)CCCC[C@@H]1SC[C@@H]2NC(=O)N[C@@H]21
1N3I,P9WIL5,PANC,PO4 DIH,O=P([O-])([O-])[O-] O=c1[nH]cnc2c(C[NH+]3C[C@H](CO)[C@@H](O)C3)c[nH]c12
1N1M,P27487,DPP4,NAG HG A3M,CC(=O)N[C@@H]1[C@@H](O)[C@H](O)[C@@H](CO)O[C@H]1O [Hg+2] CC(C)[C@H](N)C(=O)N1CCCC1
1N0S,P09464,,FLU SO4,O=C(O)c1ccccc1-c1c2ccc(=O)cc-2oc2cc(O)ccc12 O=S(=O)([O-])[O-]
1MY4,P19491,GRIA2,ZN IWD,[Zn+2] N[C@@H](Cn1cc(I)c(=O)[nH]c1=O)C(=O)O
1MWT,Q93IC2,MECA,CD CL PNM,[Cd+2] [Cl-] CC1(C)S[C@H]([C@@H](C=O)NC(=O)Cc2ccccc2)N[C@H]1C(=O)O
1MS6,P25774,CTSS,BLN,CC(C)C[C@H](NC(=O)N1CCOCC1)C(=O)N[C@H](C#N)COCc1ccccc1
1MS0,Q26966,,DAN,CC(=O)N[C@H]1[C@H]([C@H](O)[C@H](O)CO)OC(C(=O)O)=C[C@@H]1O
1TXR,Q01693,,BES ZN,CC(C)C[C@H](NC(=O)[C@@H](O)[C@H](N)Cc1ccccc1)C(=O)O [Zn+2]
1U2Y,P04746,AMY2A,NAG CA CL GOX,CC(=O)N[C@@H]1[C@@H](O)[C@H](O)[C@@H](CO)O[C@H]1O [Ca+2] [Cl-] OC[C@H]1N/C(=N\O)[C@H](O)[C@@H](O)[C@@H]1O
1U33,P04746,AMY2A,NAG LM2 CA CL,CC(=O)N[C@@H]1[C@@H](O)[C@H](O)[C@@H](CO)O[C@H]1O CO[C@H]1[C@H](O)[C@@H](O)[C@@H](O[C@H]2[C@H](O)[C@@H](O)[C@@H](O[C@H]3[C@H](O)[C@@H](O)/C(=N/O)N[C@@H]3CO)O[C@@H]2CO)O[C@@H]1CO [Ca+2] [Cl-]
1U71,P00374,DHFR,SO4 MXA,O=S(=O)([O-])[O-] COc1ccc(OC)c(Cc2cnc3nc(N)nc(N)c3c2C)c1
1UA4,Q9V2Z6,GLKA,GLC BGC AMP,OC[C@H]1O[C@H](O)[C@H](O)[C@@H](O)[C@@H]1O OC[C@H]1O[C@@H](O)[C@H](O)[C@@H](O)[C@@H]1O Nc1ncnc2c1ncn2[C@@H]1O[C@H](COP(=O)(O)O)[C@@H](O)[C@H]1O
1UCN,P15531,NME1,PO4 CA ADP TRS,O=P([O-])([O-])[O-] [Ca+2] Nc1ncnc2c1ncn2[C@@H]1O[C@H](CO[P@](=O)(O)OP(=O)(O)O)[C@@H](O)[C@H]1O [NH3+]C(CO)(CO)CO
1UDT,O76074,PDE5A,VIA MG ZN,CCCc1nn(C)c2c(=O)[nH]c(-c3cc(S(=O)(=O)N4CCN(C)CC4)ccc3OCC)nc12 [Mg+2] [Zn+2]
1UDU,O76074,PDE5A,ZN MG CIA,[Zn+2] [Mg+2] CN1CC(=O)N2[C@H](c3ccc4c(c3)OCO4)c3[nH]c4ccccc4c3C[C@@H]2C1=O
1UGP,Q7SID2,,CO BUA,[Co+2] CCCC(=O)O
1UGX,P18670,,,
1UHO,O76074,PDE5A,ZN MG VDN,[Zn+2] [Mg+2] CCCc1nc(C)c2c(=O)nc(-c3cc(S(=O)(=O)N4CCN(CC)CC4)ccc3OCC)[nH]n12
1UI0,Q5SKC5,UDG,SO4 SF4 URA,O=S(=O)([O-])[O-] S1[Fe]S[Fe]1.S1[Fe]S[Fe]1 O=c1cc[nH]c(=O)[nH]1
1UJ6,Q72J47,RPIA,A5P CL,O=P(O)(O)OC[C@@H](O)[C@@H](O)[C@H](O)CO [Cl-]
1UML,P56658,ADA,ZN FR4,[Zn+2] NC(=O)c1cn([C@@H](CO)CCn2ccc3ccc(NC(=O)CCc4ccccc4)cc32)cn1
1UPF,Q26998,UPRT,URF SO4,O=c1[nH]cc(F)c(=O)[nH]1 O=S(=O)([O-])[O-]
1URG,Q9RHZ6,MALE,,
1USI,P04816,LIVK,PHE,N[C@@H](Cc1ccccc1)C(=O)O
1USN,P08254,MMP3,ZN CA IN9,[Zn+2] [Ca+2] CNC(=O)[C@H](Cc1c(F)c(F)c(F)c(F)c1F)NC(=O)Nc1nnc(S)s1
1UTL,P35031,,PRA CA MPD,NCCCc1ccccc1 [Ca+2] C[C@H](O)CC(C)(C)O
1UTP,P00760,PRSS1,PBN GOL CA,NCCCCc1ccccc1 OCC(O)CO [Ca+2]
1UVS,P00734,F2,I11,O=C(CNS(=O)(=O)C1CCCCC1)N[C@H](CCNc1cc[nH+]cc1)C(=O)N1CCCCC1
1UW6,P58154,,NCT,CN1CCC[C@H]1c1cccnc1
1UWT,P22498,LACS,ACT GTL,CC(=O)[O-] OC[C@H]1N/C(=N\O)[C@H](O)[C@@H](O)[C@H]1O
1UWU,P22498,LACS,GOX ACT,OC[C@H]1N/C(=N\O)[C@H](O)[C@@H](O)[C@@H]1O CC(=O)[O-]
1UXA,Q64823,L5,ZN ACT,[Zn+2] CC(=O)[O-]
1UXB,Q64822,L5,ACT ZN,CC(=O)[O-] [Zn+2]
1UZ1,Q08638,BGLA,IFL,O=C1NC[C@H](CO)[C@@H](O)[C@@H]1O
1UZ4,Q6QT42,MAN5A,IFL GOL SO4,O=C1NC[C@H](CO)[C@@H](O)[C@@H]1O OCC(O)CO O=S(=O)([O-])[O-]
1V0K,P26514,XLNA,XYP XDN,O[C@@H]1[C@@H](O)[C@H](O)OC[C@H]1O O[C@H]1[C@H](O)CNC[C@@H]1O
1V0L,P26514,XLNA,XIF XYP,O[C@@H]1CCNC[C@H]1O O[C@@H]1[C@@H](O)[C@H](O)OC[C@H]1O
1V2W,P00760,PRSS1,ANH CA SO4,COC(=O)[C@H](Cc1cccc(C(=N)N)c1)NC(=O)CNS(=O)(=O)c1ccc(C)cc1 [Ca+2] O=S(=O)([O-])[O-]
1VYQ,Q8II92,PF3D7_1127100,DUX,O=c1ccn([C@H]2C[C@H](F)[C@@H](COC(c3ccccc3)(c3ccccc3)c3ccccc3)O2)c(=O)[nH]1
1W3J,Q08638,BGLA,OXZ,OC[C@H]1ONC[C@@H](O)[C@@H]1O
1W7G,P00734,F2,MIU,NCCCN1CCN(C(=O)[C@H](CCCN=C(N)N)NS(=O)(=O)c2cccc(C(F)(F)F)c2)CC1
1W96,Q00955,ACC1,S1A,CO[C@H]1CCCC[C@@H](c2ccccc2)OC(=O)[C@@H](C)[C@@]2(O)O[C@H]([C@@H](C)[C@H](O)[C@H]2OC)[C@@H](C)/C=C/[C@H]1OC
1WDN,P0AEQ3,GLNH,GLN,NC(=O)CC[C@H](N)C(=O)O
1WKM,P56218,MAP,MN MET,[Mn+2] CSCC[C@H](N)C(=O)O
1WS4,P18670,,GYP AMG,CO[C@H]1O[C@H](CO)[C@@H](O)[C@H](O)[C@H]1O CO[C@H]1O[C@H](CO)[C@H](O)[C@H](O)[C@H]1O
1X8R,P0A6D3,AROA,FMT SC1,O=CO C[C@@](O[C@@H]1CC(C(=O)O)=C[C@@H](OP(=O)(O)O)[C@H]1O)(C(=O)O)P(=O)(O)O
1X8T,P0A6D3,AROA,FMT RC1,O=CO C[C@](O[C@@H]1CC(C(=O)O)=C[C@@H](OP(=O)(O)O)[C@H]1O)(C(=O)O)P(=O)(O)O
1XH4,P00517,PRKACA,R69,CN(C)c1ccc(O)c(C(=O)c2ccc(C(=O)N[C@@H]3CCCNC[C@H]3NC(=O)c3ccncc3)cc2)c1
1XH9,P00517,PRKACA,R69 BU3,CN(C)c1ccc(O)c(C(=O)c2ccc(C(=O)N[C@@H]3CCCNC[C@H]3NC(=O)c3ccncc3)cc2)c1 C[C@@H](O)[C@@H](C)O
1XKK,P00533,EGFR,PO4 FMM,O=P([O-])([O-])[O-] CS(=O)(=O)CCNCc1ccc(-c2ccc3ncnc(Nc4ccc(OCc5cccc(F)c5)c(Cl)c4)c3c2)o1
1XW6,P09488,GSTM1,GSH,N[C@@H](CCC(=O)N[C@@H](CS)C(=O)NCC(=O)O)C(=O)O
1XZX,P10828,THRB,CAC T3,C[As](C)(=O)[O-] N[C@@H](Cc1cc(I)c(Oc2ccc(O)c(I)c2)c(I)c1)C(=O)O
1Y6Q,P0AF12,MTNN,CL TDI,[Cl-] CSC[C@H]1CN(Cc2c[nH]c3c(N)ncnc23)C[C@@H]1O
1YVM,P0AE18,MAP,CO NA TMG,[Co+2] [Na+] c1ccc2[nH]c(-c3cscn3)nc2c1
1Z71,P00734,F2,L17,C[C@@H](NC(=O)Cc1c(Cl)ccc(NCC(F)(F)c2cccc[n+]2[O-])[n+]1[O-])c1cccc(Cl)c1
1ZDP,P00800,NPR,CA ZN TIO,[Ca+2] [Zn+2] O=C(O)CNC(=O)[C@@H](CS)Cc1ccccc1
1ZFQ,P00918,CA2,GOL BE7 ZEC ZN,OCC(O)CO O=C(O)c1ccc([Hg]Cl)cc1 NS(=O)(=O)c1nc2ccc(O)cc2s1 [Zn+2]
1ZGI,P00734,F2,382,FC(F)(CNc1nccc2oc(Cc3ccccc3-n3cncn3)nc12)[C@H]1CCCCN1
1ZHY,P35844,KES1,PB CLR,[Pb+2] CC(C)CCC[C@@H](C)[C@H]1CC[C@H]2[C@@H]3CC=C4C[C@@H](O)CC[C@]4(C)[C@H]3CC[C@]12C
1ZOE,P28523,ACK2,CL K25 DMS,[Cl-] CN(C)c1nc2c(Br)c(Br)c(Br)c(Br)c2[nH]1 CS(C)=O
1ZOH,P28523,ACK2,NA CL K44 EDO,[Na+] [Cl-] CN1CCn2c1nc1c(Br)c(Br)c(Br)c(Br)c12 OCCO
1ZP8,P03366,GAG-POL,AB2,COc1ccc(S(=O)(=O)N(CC(C)C)C[C@@H](O)[C@H](Cc2ccccc2)n2cc(COC(=O)N[C@@H]3c4ccccc4C[C@H]3O)nn2)cc1
1ZPA,P03366,GAG-POL,A83,COc1ccc(S(=O)(=O)N(CC(C)C)C[C@@H](O)[C@H](Cc2ccccc2)n2cc(CNC(=O)c3ccc(CNC(=O)OC(C)(C)C)cc3)nn2)cc1
1ZYR,Q5SHR6,RPOA,STD ZN MG,CNC(=O)[C@@H](C)[C@H]1C(=O)/C(=C(O)/C=C/C(C)=C/[C@@H](C)[C@H]2O[C@@]3(C)O[C@H](C=C[C@@]34CO4)[C@@H]2C)C(=O)N1[C@@H]1CC[C@H](O)[C@H](C)O1 [Zn+2] [Mg+2]
1ZZZ,P00760,PRSS1,0IV CA,N=C(N)N1CCC[C@H](C[C@@H](C=O)NC(=O)CN2CCC[C@H](NS(=O)(=O)Cc3ccccc3)C2=O)C1 [Ca+2]
2A14,O95050,INMT,SAH SO4,Nc1ncnc2c1ncn2[C@@H]1O[C@H](CSCC[C@H](N)C(=O)O)[C@@H](O)[C@H]1O O=S(=O)([O-])[O-]
2A3C,Q873X9,CHIB1,SO4 PNX,O=S(=O)([O-])[O-] CC(=O)CCCCn1c(=O)c2c(ncn2C)n(C)c1=O
2A4M,Q9RVD6,TRPS2,TRP,N[C@@H](Cc1c[nH]c2ccccc12)C(=O)O
2A5B,P02701,AVD,8HG NAG,Nc1nc2c([nH]c(=O)n2[C@H]2C[C@H](O)[C@@H](CO)O2)c(=O)[nH]1 CC(=O)N[C@@H]1[C@@H](O)[C@H](O)[C@@H](CO)O[C@H]1O
2A5C,P02701,AVD,8DA NAG,NC1=c2[nH]c(=O)n([C@@H]3C[C@@H](O)[C@H](CO)O3)c2=NCN1 CC(=O)N[C@@H]1[C@@H](O)[C@H](O)[C@@H](CO)O[C@H]1O
2A5S,Q00959,GRIN2A,GLU,N[C@@H](CCC(=O)O)C(=O)O
2A8G,P02701,AVD,GNG NAG,Nc1nc(=O)c2ncn([C@H]3C[C@H](O)[C@@H](CO)O3)c2[nH]1 CC(=O)N[C@@H]1[C@@H](O)[C@H](O)[C@@H](CO)O[C@H]1O
2AA6,P08235,NR3C2,STR,CC(=O)[C@H]1CC[C@H]2[C@@H]3CCC4=CC(=O)CC[C@]4(C)[C@H]3CC[C@]12C
2AFW,Q16769,QPCT,AHN SO4 ZN,CC(=O)NCCc1c[nH]cn1 O=S(=O)([O-])[O-] [Zn+2]
2AFX,Q16769,QPCT,1BN SO4 ZN,c1ccc(Cn2ccnc2)cc1 O=S(=O)([O-])[O-] [Zn+2]
2AM4,P27115,MGAT1,MN U2F GOL,[Mn+2] O=c1ccn([C@@H]2O[C@H](CO[P@@](=O)(O)O[P@](=O)(O)O[C@H]3O[C@H](CO)[C@@H](O)[C@H](O)[C@H]3F)[C@@H](O)[C@H]2O)c(=O)[nH]1 OCC(O)CO
2AMT,P62617,ISPF,ZN 1AA GPP,[Zn+2] Nc1ccn([C@@H]2O[C@H](CO[P@](=O)(O)O[P@](=O)(O)OCCOC(=O)c3ccccc3N)[C@@H](O)[C@H]2O)c(=O)n1 CC(C)=CCC/C(C)=C/CO[P@@](=O)(O)OP(=O)(O)O
2AN5,P11086,PNMT,SAH TTL PO4,Nc1ncnc2c1ncn2[C@@H]1O[C@H](CSCC[C@H](N)C(=O)O)[C@@H](O)[C@H]1O N[C@H]1CCc2ccccc2[C@@H]1O O=P([O-])([O-])[O-]
2AO6,P10275,AR,R18,C[C@]1(O)CC[C@H]2[C@@H]3CCC4=CC(=O)CCC4=C3C=C[C@@]21C
2ATE,P0AG18,PURE,NIA,Nc1c([N+](=O)[O-])ncn1[C@@H]1O[C@H](COP(=O)(O)O)[C@@H](O)[C@H]1O
2ARM,P59071,,OIN SO4,CN1[C@@H]2CC[C@H]1CC(OC(=O)[C@H](CO)c1ccccc1)C2 O=S(=O)([O-])[O-]
2ARE,Q8GSD2,,MAN MN CA,OC[C@H]1O[C@H](O)[C@@H](O)[C@@H](O)[C@@H]1O [Mn+2] [Ca+2]
2ARB,Q8GSD2,,MN CA,[Mn+2] [Ca+2]
2AQU,P03366,GAG-POL,DR7,COC(=O)N[C@H](C(=O)N[C@@H](Cc1ccccc1)[C@@H](O)CN(Cc1ccc(-c2ccccn2)cc1)NC(=O)[C@@H](NC(=O)OC)C(C)(C)C)C(C)(C)C
2AOD,P04587,GAG-POL,DMS UNX 2NC GOL,CS(C)=O CCCC[C@@H](CN[C@@H](CCCC)C(=O)N[C@@H](CCC(N)=O)C(=O)N[C@@H](CCCNC(N)=[NH2+])C(N)=O)NC(=O)[C@@H](NC(=O)[C@@H](NC(C)=O)[C@@H](C)O)[C@@H](C)CC OCC(O)CO
2AOC,P04587,GAG-POL,UNX NA CL DMS GOL 2NC,[Na+] [Cl-] CS(C)=O OCC(O)CO CCCC[C@@H](CN[C@@H](CCCC)C(=O)N[C@@H](CCC(N)=O)C(=O)N[C@@H](CCCNC(N)=[NH2+])C(N)=O)NC(=O)[C@@H](NC(=O)[C@@H](NC(C)=O)[C@@H](C)O)[C@@H](C)CC
2ANS,P04117,FABP4,2AN CL,O=S(=O)(O)c1cccc2cccc(Nc3ccccc3)c12 [Cl-]
2AJ8,P22411,DPP4,SC3 SO4 NAG,Cn1c(=O)c2c(nc(N3CC[NH2+]CC3)n2Cc2ccccc2)n(C)c1=O O=S(=O)([O-])[O-] CC(=O)N[C@@H]1[C@@H](O)[C@H](O)[C@@H](CO)O[C@H]1O
2AEZ,Q93X60,1-FEH IIA,,
2ADD,Q93X60,1-FEH IIA,,
2ADA,P03958,ADA,ZN HPR,[Zn+2] OC[C@H]1O[C@@H](N2CNc3c(O)ncnc32)[C@H](O)[C@@H]1O
2AAC,P0A9E0,ARAC,FCB ACY,C[C@H]1O[C@@H](O)[C@H](O)[C@@H](O)[C@H]1O CC(=O)O
2A31,P00761,,CA MG NA SO4 BO4 PG3,[Ca+2] [Mg+2] [Na+] O=S(=O)([O-])[O-] O[B-](O)(O)O NC(=[NH2+])NCCCO
1ZVX,P22894,MMP8,FIN ZN CA,COc1ccc(-c2ccc(S(=O)(=O)N[C@@H](C(C)C)P(=O)(O)O)cc2)cc1 [Zn+2] [Ca+2]
1ZSB,P00918,CA2,ZN AZM,[Zn+2] CC(=O)Nc1nnc(S(N)(=O)=O)s1
1ZS0,P22894,MMP8,CA ZN EIN MES,[Ca+2] [Zn+2] COc1ccc(-c2ccc(S(=O)(=O)N[C@H](C(C)C)P(=O)(O)O)cc2)cc1 O=S(=O)([O-])CC[NH+]1CCOCC1
1ZOG,P28523,ACK2,K37,CSc1nc2c(Br)c(Br)c(Br)c(Br)c2[nH]1
1ZHX,P35844,KES1,HC3,C[C@H](CCCC(C)(C)O)[C@H]1CC[C@H]2[C@@H]3CC=C4C[C@@H](O)CC[C@]4(C)[C@H]3CC[C@]12C
1ZGE,P00918,CA2,GOL BE7 SDA ZN,OCC(O)CO O=C(O)c1ccc([Hg]Cl)cc1 Nc1c(Cl)cc(S(N)(=O)=O)cc1Cl [Zn+2]
1ZFK,P00918,CA2,SO4 GOL BE7 NR2 ZN,O=S(=O)([O-])[O-] OCC(O)CO O=C(O)c1ccc([Hg]Cl)cc1 Cc1ccc(S(=O)(=O)NC(=O)Nc2ccc(S(N)(=O)=O)cc2)cc1 [Zn+2]
1ZC9,P16932,DGDA,PMP NA K,Cc1ncc(COP(=O)(O)O)c(CN)c1O [Na+] [K+]
1Z9Y,P00918,CA2,ZN FUN BE7,[Zn+2] NS(=O)(=O)c1cc(C(=O)O)c(NCc2ccco2)cc1Cl O=C(O)c1ccc([Hg]Cl)cc1
1Z6S,P61823,RNASE1,AMP,Nc1ncnc2c1ncn2[C@@H]1O[C@H](COP(=O)(O)O)[C@@H](O)[C@H]1O
1Z6D,P61823,RNASE1,IMP,O=c1[nH]cnc2c1ncn2[C@@H]1O[C@H](COP(=O)(O)O)[C@@H](O)[C@H]1O
1Z4O,P71447,PGMB,GL1 MG,O=P(O)(O)O[C@H]1O[C@H](CO)[C@H](O)[C@H](O)[C@H]1O [Mg+2]
1Z3T,Q7LIJ0,CBH1-4,NAG,CC(=O)N[C@@H]1[C@@H](O)[C@H](O)[C@@H](CO)O[C@H]1O
1Z1H,P03369,GAG-POL,SO4 HBB,O=S(=O)([O-])[O-] CC(C)CCN(C[C@@H](O)[C@@H]1Cc2ccc(cc2)OCCCC(=O)N[C@@H](C(C)C)C(=O)N1)S(=O)(=O)c1ccccc1
1YYY,P00760,PRSS1,CA 0KV,[Ca+2] N=C(N)N1CCC[C@@H](C[C@@H](C=O)NC(=O)CN2CCC[C@H](NS(=O)(=O)Cc3ccccc3)C2=O)C1
1YXD,P0A6L2,DAPA,K CL LYS,[K+] [Cl-] N[C@@H](CCCC[NH3+])C(=O)O
1YQY,P15917,LEF,ZN 915,[Zn+2] Cc1cc(S(=O)(=O)N[C@@H](C(=O)NO)C2CCOCC2)ccc1F
1YQJ,Q16539,MAPK14,SO4 6NP,O=S(=O)([O-])[O-] c1ccc(C[C@H]2CN(c3cc(-c4ccncc4)c(-c4ccc5ccccc5c4)nn3)CCN2)cc1
1YQ7,P14324,FDPS,MG PO4 RIS,[Mg+2] O=P([O-])([O-])[O-] O=P(O)(O)C(O)(Cc1cccnc1)P(=O)(O)O
1YPJ,P00734,F2,UIB,CC[C@@H]1[C@@H]2[C@H](C(=O)N1Cc1ccc3c(c1)OCO3)[C@H](c1ccc(C(=N)N)cc1)N(C)C2(C)C
1YPG,P00734,F2,UIR,N=C(N)c1ccc([C@H]2[C@H]3C(=O)N(Cc4ccc5c(c4)OCO5)[C@H](C4CC4)[C@H]3[C@@H]3CCCN32)cc1
1YPE,P00734,F2,NA UIP GOL,[Na+] CC[C@@H]1[C@@H]2[C@H](C(=O)N1Cc1ccc3c(c1)OCO3)[C@H](c1ccc(C(=N)N)cc1)N1CCC[C@@H]21 OCC(O)CO
1YP9,P00760,PRSS1,GOL UIZ CA,OCC(O)CO N=C(N)c1ccc([C@H]2[C@H]3C(=O)N(Cc4ccc5c(c4)OCO5)[C@@H](Cc4ccccc4)[C@H]3[C@@H]3CCCN32)cc1 [Ca+2]
1YLV,P05373,HEM2,ZN SHF,[Zn+2] CC(=O)CCC(=O)O
1YKP,P00436,PCAG,DHB FE,O=C(O)c1ccc(O)c(O)c1 [Fe+3]
1YFZ,Q8R7L0,HPT,ACT MG IMP,CC(=O)[O-] [Mg+2] O=c1[nH]cnc2c1ncn2[C@@H]1O[C@H](COP(=O)(O)O)[C@@H](O)[C@H]1O
1YET,P07900,HSP90AA1,GDM,COC1=C2C[C@@H](C)C[C@H](OC)[C@H](O)[C@@H](C)/C=C(\C)[C@H](OC(N)=O)[C@@H](OC)/C=C\C=C(/C)C(=O)NC(=CC1=O)C2=O
1YEJ,Q58EU8,IGK,PNF ZN,O=C(O)CCCCCNC(=O)CCC[P@@](=O)(O)Oc1ccc([N+](=O)[O-])cc1 [Zn+2]
1YEI,Q58EU8,IGK,ZN PGG,[Zn+2] O=C(O)CNC(=O)CCC[P@@](=O)(O)Oc1ccc([N+](=O)[O-])cc1
1YDS,P00517,PRKACA,IQS,CNCCNS(=O)(=O)c1cccc2cnccc12
1YDK,P08263,GSTA1,GTX,CCCCCCSC[C@H](NC(=O)CC[C@H]([NH3+])C(=O)O)C(=O)NCC(=O)O
1YDD,P00918,CA2,ZN HG AZM,[Zn+2] [Hg+2] CC(=O)Nc1nnc(S(N)(=O)=O)s1
1YDB,P00918,CA2,ZN HG AZM,[Zn+2] [Hg+2] CC(=O)Nc1nnc(S(N)(=O)=O)s1
1YDA,P00918,CA2,ZN HG AZM,[Zn+2] [Hg+2] CC(=O)Nc1nnc(S(N)(=O)=O)s1
1YC4,P07900,HSP90AA1,43P,CCc1cc(-c2n[nH]cc2-c2c[nH]cn2)c(O)cc1O
1YBG,P33038,MURA,TAV,CN(C(=O)c1cc(OS(=O)(=O)c2ccc3ccccc3c2)ccc1NS(=O)(=O)c1ccc2ccccc2c1)[C@@H](CC(=O)O)C(=O)O
1Y93,P39900,MMP12,ZN CA HAE,[Zn+2] [Ca+2] CC(=O)NO
1Y3Y,P00760,PRSS1,CA UIR,[Ca+2] N=C(N)c1ccc([C@H]2[C@H]3C(=O)N(Cc4ccc5c(c4)OCO5)[C@H](C4CC4)[C@H]3[C@@H]3CCCN32)cc1
1Y3X,P00760,PRSS1,CA UIB,[Ca+2] CC[C@@H]1[C@@H]2[C@H](C(=O)N1Cc1ccc3c(c1)OCO3)[C@H](c1ccc(C(=N)N)cc1)N(C)C2(C)C
1Y3W,P00760,PRSS1,CA UIP,[Ca+2] CC[C@@H]1[C@@H]2[C@H](C(=O)N1Cc1ccc3c(c1)OCO3)[C@H](c1ccc(C(=N)N)cc1)N1CCC[C@@H]21
1Y3V,P00760,PRSS1,CA UIR,[Ca+2] N=C(N)c1ccc([C@H]2[C@H]3C(=O)N(Cc4ccc5c(c4)OCO5)[C@H](C4CC4)[C@H]3[C@@H]3CCCN32)cc1
1Y3N,Q9KWT6,,CA,[Ca+2]
1Y2F,P77173,ZIPA,WAI,Cc1ccc(Nc2nccc(-c3ccnc(N4CCN(CCN)CC4)c3)n2)cc1Cl
1Y20,P35439,GRIN1,1AC,NC1(C(=O)O)CC1
1Y1Z,P35439,GRIN1,192,NC1(C(=O)O)CCC1
1Y1M,P35439,GRIN1,AC5,NC1(C(=O)O)CCCC1
1Y0L,,,HAN CL,Cc1cc2nc(N)n(CCCCC(=O)O)c2cc1C [Cl-]
1XWS,P11309,PIM1,SO4 BI1,O=S(=O)([O-])[O-] CN(C)CCCn1cc(C2=C(c3c[nH]c4ccccc34)C(=O)NC2=O)c2ccccc21
1XUG,P00760,PRSS1,CA ZN BAB,[Ca+2] [Zn+2] NC(=[NH2+])c1ccc2nc(Cc3[nH]c4cc(C(N)=[NH2+])ccc4[nH+]3)[nH]c2c1
1XT8,Q0P9S0,CJAA,CYS GOL,N[C@@H](CS)C(=O)O OCC(O)CO
1XQ0,P00918,CA2,ZN 4TR,[Zn+2] N#Cc1ccc(N(Cc2ccc(OS(N)(=O)=O)c(Br)c2)n2cnnc2)cc1
1XPZ,P00918,CA2,ZN 4TZ,[Zn+2] N#Cc1ccc(N(Cc2ccc(OS(N)(=O)=O)cc2)n2cnnc2)cc1
1XOW,P10275,AR,R18,C[C@]1(O)CC[C@H]2[C@@H]3CCC4=CC(=O)CCC4=C3C=C[C@@]21C
1XL5,P03367,GAG-POL,190 CL,Cc1cccc(C)c1OCC(=O)N[C@@H](Cc1cccc(Br)c1)[C@H](O)C[C@H](CC(C)C)S(=O)(=O)c1ccc(F)cc1 [Cl-]
1XKA,P00742,F10,CA 4PP,[Ca+2] N=C(N)c1cccc(-c2cccc([C@H](CCCNc3ccncc3)C(=O)O)c2)c1
1XK9,P11439,ETA,P34,CN(C)CC(=O)Nc1ccc2[nH]c(=O)c3ccccc3c2c1
1XK5,O95149,SNUPN,TPG,CN(C)c1nc2c(c(=O)[nH]1)N(C)CN2[C@@H]1O[C@H](CO[P@](=O)(O)O[P@@](=O)(O)O[P@@](=O)(O)OC[C@H]2O[C@@H](n3cnc4c(=O)[nH]c(N)nc43)[C@H](O)[C@@H]2O)[C@@H](O)[C@H]1O
1XJD,Q04759,PRKCQ,STU,CN[C@@H]1C[C@H]2O[C@@](C)([C@@H]1OC)n1c3ccccc3c3c4c(c5c6ccccc6n2c5c31)C(=O)NC4
1XHY,P19491,GRIA2,SO4 KAI,O=S(=O)([O-])[O-] C=C(C)[C@H]1CN[C@H](C(=O)O)[C@H]1CC(=O)O
1XH5,P00517,PRKACA,BU3 R68,C[C@@H](O)[C@@H](C)O CC1(C)CCCN[C@H]1c1ccc(O)c(C(=O)c2ccc(C(=O)N[C@@H]3CCCNC[C@H]3NC(=O)c3ccncc3)cc2)c1F
1XGI,P00811,AMPC,NST,O=C(O)c1sccc1S(=O)(=O)Nc1cccc([N+](=O)[O-])c1
1XGE,P05020,PYRC,NCD DOR ZN,NC(=O)N[C@@H](CC(=O)O)C(=O)O O=C1C[C@@H](C(=O)O)NC(=O)N1 [Zn+2]
1XFF,P17169,GLMS,NA ACT GLU,[Na+] CC(=O)[O-] N[C@@H](CCC(=O)O)C(=O)O
1XBO,P18031,PTPN1,IX1,COC(=O)c1c(O)cccc1OC/C=C/c1cccc(-c2onc(C(=O)O)c2CO)c1
1XBB,P43405,SYK,STI,Cc1ccc(NC(=O)c2ccc(CN3CCN(C)CC3)cc2)cc1Nc1nccc(-c2cccnc2)n1
1XAP,P10826,RARB,TTB,C/C(=C\c1ccc(C(=O)O)cc1)c1ccc2c(c1)C(C)(C)CCC2(C)C
1X9D,Q9UKM7,MAN1B1,CA SO4 BU1,[Ca+2] O=S(=O)([O-])[O-] OCCCCO
1X8J,Q26490,,AOI A3P CA,C[C@]12CC[C@@H](O)C[C@@H]1CC[C@@H]1[C@@H]2CC[C@]2(C)C(=O)CC[C@@H]12 Nc1ncnc2c1ncn2[C@@H]1O[C@H](COP(=O)(O)O)[C@@H](OP(=O)(O)O)[C@H]1O [Ca+2]
1X8D,P32156,RHAM,RNS,C[C@H](O)[C@H](O)[C@@H](O)[C@@H](O)C=O
1X39,Q9XEI3,LOC123452238,SO4 IDE GOL,O=S(=O)([O-])[O-] OC[C@@H]1[C@@H](O)[C@H](O)[C@@H](O)c2nc(CNc3ccccc3)cn21 OCC(O)CO
1X38,Q9XEI3,LOC123452238,SO4 IDD GOL,O=S(=O)([O-])[O-] OC[C@@H]1[C@@H](O)[C@H](O)[C@@H](O)c2nc(-c3ccccc3)cn21 OCC(O)CO
1X1Z,O26232,PYRF,BMP GOL,O=c1cc(O)n([C@@H]2O[C@H](COP(=O)(O)O)[C@@H](O)[C@H]2O)c(=O)[nH]1 OCC(O)CO
1WVJ,P19491,GRIA2,GOL IBC SO4,OCC(O)CO N[C@@H](CC1=CCCCc2onc(O)c21)C(=O)O O=S(=O)([O-])[O-]
1WUR,Q5SH52,FOLE,ZN 8DG,[Zn+2] Nc1nc2c([nH]c(=O)n2[C@H]2C[C@H](O)[C@@H](CO[P@@](=O)(O)O[P@@](=O)(O)OP(=O)(O)O)O2)c(=O)[nH]1
1WUQ,Q5SH52,FOLE,ZN 8GT,[Zn+2] Nc1nc2c([nH]c(=O)n2[C@@H]2O[C@H](CO[P@@](=O)(O)O[P@@](=O)(O)OP(=O)(O)O)[C@@H](O)[C@H]2O)c(=O)[nH]1
1WS1,Q819U0,DEF1,NI BB2,[Ni+2] CCCCC[C@H](CC(=O)NO)C(=O)N[C@H](C(=O)N1CCC[C@H]1CO)C(C)C
1WN6,P0C2P0,BSD,ARS BST ZN,[As] CN(CC[C@H](N)CC(=O)N[C@H]1C=C[C@H](N2C=C[C@@](N)(O)NC2=O)O[C@@H]1C(=O)O)C(=N)N [Zn+2]
1WM1,O32449,PIP,PTB,CC(C)(C)c1nnc(C(=O)[C@@H]2CCCN2)o1
1WHT,P08819,CBP2,BZS NAG,O=C(O)C[C@@H](Cc1ccccc1)C(=O)O CC(=O)N[C@@H]1[C@@H](O)[C@H](O)[C@@H](CO)O[C@H]1O
1WDR,P10538,BMY1,GLC SO4,OC[C@H]1O[C@H](O)[C@H](O)[C@@H](O)[C@@H]1O O=S(=O)([O-])[O-]
1WDQ,P10538,BMY1,SO4,O=S(=O)([O-])[O-]
1WCQ,Q02834,NEDA,NA GOL DAN,[Na+] OCC(O)CO CC(=O)N[C@H]1[C@H]([C@H](O)[C@H](O)CO)OC(C(=O)O)=C[C@@H]1O
1WC1,O32393,CYAC,TAT MG,Nc1ncnc2c1ncn2[C@@H]1O[C@H](CO[P@@](=O)(S)OP(=O)(O)OP(=O)(O)O)[C@@H](O)[C@H]1O [Mg+2]
1W9V,E9QRF2,CHIB1,SO4,O=S(=O)([O-])[O-]
1W9U,Q873X9,CHIB1,SO4,O=S(=O)([O-])[O-]
1W8M,P62937,PPIA,E1P,CCOC(=O)C(=O)N1CCCCC1
1W8L,P62937,PPIA,1P3,CC(=O)N1CCC[C@@H](C)C1
1W6O,P09382,LGALS1,SO4 BME,O=S(=O)([O-])[O-] OCCS
1W6H,P46925,PMII,TIT,CC(C)C[C@H](NC(=O)[C@H](C)NC(=O)C[C@H](O)[C@H](COCc1ccc(Br)cc1)NC(=O)[C@@H](NC(=O)c1ccccn1)C(C)C)C(N)=O
1W5Y,P03366,GAG-POL,BE6,O=C(N[C@H]1c2ccccc2C[C@H]1O)[C@H](OCc1cc(F)ccc1F)[C@H](O)[C@@H](O)[C@@H](OCc1cc(F)ccc1F)C(=O)N[C@H]1c2ccccc2C[C@H]1O
1W5X,P03366,GAG-POL,BE5,O=C(N[C@H]1c2ccccc2C[C@H]1O)[C@H](OCc1cccc(F)c1F)[C@H](O)[C@@H](O)[C@@H](OCc1cccc(F)c1F)C(=O)N[C@H]1c2ccccc2C[C@H]1O
1W5W,P03366,GAG-POL,BE4,O=C(N[C@H]1c2ccccc2C[C@H]1O)[C@H](OCc1ccc(F)cc1F)[C@H](O)[C@@H](O)[C@@H](OCc1ccc(F)cc1F)C(=O)N[C@H]1c2ccccc2C[C@H]1O
1W5V,P03366,GAG-POL,BE3,O=C(N[C@H]1c2ccccc2C[C@H]1O)[C@H](OCc1cccc(F)c1)[C@H](O)[C@@H](O)[C@@H](OCc1cccc(F)c1)C(=O)N[C@H]1c2ccccc2C[C@H]1O
1W4Q,P61823,RNASE1,UMF,O=c1ccn([C@@H]2O[C@H](CO)[C@@H](OP(=O)(O)O)[C@H]2F)c(=O)[nH]1
1W4P,P61823,RNASE1,UM3,O=c1ccn([C@H]2C[C@H](OP(=O)(O)O)[C@@H](CO)O2)c(=O)[nH]1
1W2X,Q00955,ACC1,RCP,O=C(c1c2ccccc2cc2ccccc12)N1CCC(N2CCC[C@@H](C(=O)N3CCOCC3)C2)CC1
1W2G,P9WKE1,TMK,THM ACT,Cc1cn([C@H]2C[C@H](O)[C@@H](CO)O2)c(=O)[nH]c1=O CC(=O)[O-]
1W13,P00749,PLAU,SO4 SM1,O=S(=O)([O-])[O-] C[C@H](NC(=O)[C@@H](CO)NS(=O)(=O)Cc1ccccc1)C(=O)NCc1ccc(NC(=N)N)cc1
1W11,P00749,PLAU,SK1 SO4,C[C@H](NC(=O)[C@@H](CO)NS(=O)(=O)Cc1ccccc1)C(=O)NCc1ccc(C(=N)N)cc1 O=S(=O)([O-])[O-]
1W0Z,P00749,PLAU,SO4 SI1,O=S(=O)([O-])[O-] CCCCS(=O)(=O)N[C@H](CO)C(=O)N[C@@H](C)C(=O)NCc1ccc(C(=N)N)cc1
1VZQ,P00734,F2,SHY NA CA,N=C(N)c1ccc([C@H]2[C@H]3C(=O)N(Cc4ccc5c(c4)OCO5)C(=O)[C@H]3[C@@H]3C[C@@H](O)CN32)cc1 [Na+] [Ca+2]
1VYG,P29498,,ACD,CCCCC/C=C\C/C=C\C/C=C\C/C=C\CCCC(=O)O
1VYF,P29498,,OLA,CCCCCCCC/C=C\CCCCCCCC(=O)O
1VOT,P04058,ACHE,HUP,C/C=C1\[C@H]2C=C(C)C[C@]1(N)c1ccc(=O)[nH]c1C2
1VFN,P55859,PNP,HPA ZN MG,O=c1[nH]cnc2nc[nH]c12 [Zn+2] [Mg+2]
1V7A,P56658,ADA,FRC ZN,C[C@H](O)[C@@H](CCOc1ccc2ccccc2c1)n1cnc(C(N)=O)c1 [Zn+2]
1V48,P55859,PNP,HA1 MG ZN,Nc1nc2c(ncn2CCCCC(F)(F)P(=O)(O)O)c(=O)[nH]1 [Mg+2] [Zn+2]
1V2V,P00760,PRSS1,BEN CA SO4,N=C(N)c1ccccc1 [Ca+2] O=S(=O)([O-])[O-]
1V2U,P00760,PRSS1,BEN CA SO4,N=C(N)c1ccccc1 [Ca+2] O=S(=O)([O-])[O-]
1V2T,P00760,PRSS1,ANH CA SO4,COC(=O)[C@H](Cc1cccc(C(=N)N)c1)NC(=O)CNS(=O)(=O)c1ccc(C)cc1 [Ca+2] O=S(=O)([O-])[O-]
1V2S,P00760,PRSS1,BEN CA SO4,N=C(N)c1ccccc1 [Ca+2] O=S(=O)([O-])[O-]
1V2R,P00760,PRSS1,ANH CA SO4,COC(=O)[C@H](Cc1cccc(C(=N)N)c1)NC(=O)CNS(=O)(=O)c1ccc(C)cc1 [Ca+2] O=S(=O)([O-])[O-]
1V2Q,P00760,PRSS1,SO4 CA ANH,O=S(=O)([O-])[O-] [Ca+2] COC(=O)[C@H](Cc1cccc(C(=N)N)c1)NC(=O)CNS(=O)(=O)c1ccc(C)cc1
1V2P,P00760,PRSS1,SO4 CA ANH,O=S(=O)([O-])[O-] [Ca+2] COC(=O)[C@H](Cc1cccc(C(=N)N)c1)NC(=O)CNS(=O)(=O)c1ccc(C)cc1
1V2O,P00760,PRSS1,SO4 CA ANH,O=S(=O)([O-])[O-] [Ca+2] COC(=O)[C@H](Cc1cccc(C(=N)N)c1)NC(=O)CNS(=O)(=O)c1ccc(C)cc1
1V2N,P00760,PRSS1,CA BBA,[Ca+2] N=C(N)c1ccc(C[C@@H]2CCCC[C@@H](Cc3ccc(C(=N)N)cc3)C2=O)cc1
1V2M,P00760,PRSS1,BEN SO4,N=C(N)c1ccccc1 O=S(=O)([O-])[O-]
1V2L,P00760,PRSS1,SO4 CA BEN,O=S(=O)([O-])[O-] [Ca+2] N=C(N)c1ccccc1
1V2K,P00760,PRSS1,SO4 CA ZEN,O=S(=O)([O-])[O-] [Ca+2] O=C(C1CCN(c2ccncc2)CC1)N1CCN(S(=O)(=O)c2ccc3cc(Cl)ccc3c2)CC1
1V2J,P00760,PRSS1,SO4 CA BEN,O=S(=O)([O-])[O-] [Ca+2] N=C(N)c1ccccc1
1V1M,P12694,BCKDHA,GOL BEN MN K CL TPP,OCC(O)CO N=C(N)c1ccccc1 [Mn+2] [K+] [Cl-] Cc1ncc(C[n+]2csc(CCO[P@](=O)(O)OP(=O)(O)O)c2C)c(N)n1
1V1J,P15474,AROQ,FA3 TRS,O=C(O)[C@]1(O)C=C(F)[C@@H](O)[C@H](O)C1 [NH3+]C(CO)(CO)CO
1V16,P12694,BCKDHA,K MN CL TPP BEN GOL,[K+] [Mn+2] [Cl-] Cc1ncc(C[n+]2csc(CCO[P@](=O)(O)OP(=O)(O)O)c2C)c(N)n1 N=C(N)c1ccccc1 OCC(O)CO
1V11,P12694,BCKDHA,K MN CL TPP BEN GOL,[K+] [Mn+2] [Cl-] Cc1ncc(C[n+]2csc(CCO[P@](=O)(O)OP(=O)(O)O)c2C)c(N)n1 N=C(N)c1ccccc1 OCC(O)CO
1UZV,Q9HYN5,LECB,SO4 CA FUC,O=S(=O)([O-])[O-] [Ca+2] C[C@@H]1O[C@@H](O)[C@@H](O)[C@H](O)[C@@H]1O
1UWF,P08191,FIMH,DEG GOL,CCCCO[C@H]1O[C@H](CO)[C@@H](O)[C@H](O)[C@@H]1O OCC(O)CO
1UVT,P00735,F2,I48,Cc1cc(NS(=O)(=O)c2ccccc2)cc(OCCNc2cc[nH+]cc2)c1
1UV6,P58154,,CCE,C[N+](C)(C)CCOC(N)=O
1UTN,P00760,PRSS1,ABN SO4 GOL TRS CA,NCc1ccccc1 O=S(=O)([O-])[O-] OCC(O)CO [NH3+]C(CO)(CO)CO [Ca+2]
1UTM,P35031,,PEA CA,[NH3+]CCc1ccccc1 [Ca+2]
1UTJ,P35031,,ABN CA,NCc1ccccc1 [Ca+2]
1USK,P04816,LIVK,LEU,CC(C)C[C@H](N)C(=O)O
1UOU,P19971,TYMP,CMU,N=C1CCCN1Cc1[nH]c(=O)[nH]c(=O)c1Cl
1ULD,Q9P4R8,CGL2,,
1UKB,P96965,CUMD,BEZ,O=C(O)c1ccccc1
1UJ5,Q72J47,RPIA,CL 5RP,[Cl-] O=C(CO)[C@H](O)[C@H](O)COP(=O)(O)O
1U6Q,P00749,PLAU,745,N=C(N)c1ccc2cc([C@@H]3C[C@H]3c3ccccc3)ccc2c1
1U1W,Q51792,PHZF,3HA GOL ACT,Nc1c(O)cccc1C(=O)O OCC(O)CO CC(=O)[O-]
1U0G,P06745,GPI,SO4 E4P BME GOL,O=S(=O)([O-])[O-] O=C[C@H](O)[C@H](O)COP(=O)(O)O OCCS OCC(O)CO
1TYS,P0A884,THYA,DHF TMP,Nc1nc(=O)c2c([nH]1)NCC(CNc1ccc(C(=O)N[C@@H](CCC(=O)O)C(=O)O)cc1)=N2 Cc1cn([C@H]2C[C@H](O)[C@@H](COP(=O)(O)O)O2)c(=O)[nH]c1=O
1TXF,P22756,GRIK1,GLU,N[C@@H](CCC(=O)O)C(=O)O
1TX7,P00760,PRSS1,4CM CA,C[P@@](=O)(O)c1ccc(C(=N)N)cc1 [Ca+2]
1TUF,Q58497,LYSA,AZ1,O=C(O)CCCCCCCC(=O)O
1TTM,P00918,CA2,ZN 667,[Zn+2] NS(=O)(=O)Oc1ccc2c3c(c(=O)oc2c1)CCCCC3
1TT1,P42260,GRIK2,KAI,C=C(C)[C@H]1CN[C@H](C(=O)O)[C@H]1CC(=O)O
1TSY,P00469,THYA,UMP,O=c1ccn([C@H]2C[C@H](O)[C@@H](COP(=O)(O)O)O2)c(=O)[nH]1
1TRD,P04789,,PGH,O=C(COP(=O)(O)O)NO
2AVI,P02701,AVD,NAG BTN,CC(=O)N[C@@H]1[C@@H](O)[C@H](O)[C@@H](CO)O[C@H]1O O=C(O)CCCC[C@@H]1SC[C@@H]2NC(=O)N[C@@H]21
2AVS,P04587,GAG-POL,PO4 SO4 DMS MK1 ACY,O=P([O-])([O-])[O-] O=S(=O)([O-])[O-] CS(C)=O CC(C)(C)NC(=O)[C@@H]1CN(Cc2cccnc2)CCN1C[C@@H](O)C[C@@H](Cc1ccccc1)C(=O)N[C@H]1c2ccccc2C[C@H]1O CC(=O)O
2AY2,P95468,TYRB,CXP PLP,O=C(O)CCC1CCCCC1 Cc1ncc(COP(=O)(O)O)c(C=O)c1O
2AY4,P95468,TYRB,PPT PLP,Cc1ccc(CCC(=O)O)cc1 Cc1ncc(COP(=O)(O)O)c(C=O)c1O
2AY7,P95468,TYRB,CLT PLP,O=C(O)CCCc1ccccc1 Cc1ncc(COP(=O)(O)O)c(C=O)c1O
2AY8,P95468,TYRB,4TB PLP,O=C(O)CCCc1cccs1 Cc1ncc(COP(=O)(O)O)c(C=O)c1O
2AY9,P95468,TYRB,5PV PLP,O=C(O)CCCCc1ccccc1 Cc1ncc(COP(=O)(O)O)c(C=O)c1O
2B1Q,P74325,SLR0953,MG,[Mg+2]
2B1R,P74325,SLR0953,MG,[Mg+2]
2B1V,P03372,ESR1,458,CC1=CC[C@]2(CO)CO[C@H](c3ccc(O)cc3)[C@H]1C2
2B4L,P46922,OPUAC,BET EDO,C[N+](C)(C)CC(=O)O OCCO
2B7D,P08709,F7,C1B,N=C(N)c1ccc2nc(-c3cc([C@@H](CC(=O)O)C(=O)O)cc(-c4cc(CNC(N)=O)ccc4O)c3O)[nH]c2c1
2B9A,P02766,TTR,FBC,O=C(O)c1ccc(-c2cc(F)cc(F)c2)cc1
2BAJ,Q16539,MAPK14,1PP,CC(C)(C)c1cc(NC(=O)Nc2cccc(Cl)c2Cl)n(-c2ccccc2)n1
2BAK,Q16539,MAPK14,AQZ,COc1cc2ncnc(Nc3cc(NC(=O)c4ccnc(N5CCOCC5)c4)ccc3C)c2cc1OCCN1CCCC1
2BAL,Q16539,MAPK14,PQA,Nc1c(C(=O)c2cccc(OC3CCNCC3)c2)cnn1-c1ccc(F)cc1
2BES,P9WKD7,RPIB,RES,O=C(NO)[C@H](O)[C@H](O)COP(=O)(O)O
2BET,P9WKD7,RPIB,DEZ,O=C(O)[C@H](O)[C@H](O)COP(=O)(O)O
2BGD,P18031,PTPN1,T1D CL PO4 NA,COc1ccc(-c2ccccc2)cc1N1CC(=O)NS1(=O)=O [Cl-] O=P([O-])([O-])[O-] [Na+]
2BOH,P00742,F10,IIA CA,CC(C)N1CCC(NC(=O)c2cc3ccccc3n2Cc2cc(-c3ccc(Cl)s3)on2)CC1 [Ca+2]
2BOK,P00742,F10,NA 784,[Na+] C[N+](C)(C)CCCN1C(=O)[C@@H]2[C@H](C1=O)[C@H](c1ccc(C(=N)N)cc1)N1CCC[C@@H]21
2BQ7,P00742,F10,IID CA,COc1cccc(Cn2c(C(=O)NC3CCN(C(C)C)CC3)cc3ccccc32)c1 [Ca+2]
2BQV,O92139,POL,A1A,COC(=O)N[C@H](C(=O)NN(Cc1ccccc1)C[C@@](O)(Cc1ccccc1)C(=O)N[C@H]1c2ccccc2C[C@H]1O)C(C)C
2CBZ,P33527,ABCC1,MG ATP,[Mg+2] Nc1ncnc2c1ncn2[C@@H]1O[C@H](CO[P@@](=O)(O)O[P@](=O)(O)OP(=O)(O)O)[C@@H](O)[C@H]1O
2CEJ,Q8Q3H0,POL,1AH,COC(=O)N[C@H](C(=O)NN(Cc1ccc(Br)cc1)C[C@@](O)(Cc1ccccc1)C(=O)N[C@H]1c2ccccc2C[C@H]1O)C(C)(C)C
2CEN,Q5RZ09,POL,4AH,COC(=O)N[C@H](C(=O)NN(Cc1ccc(-c2cccnc2)cc1)C[C@@](O)(Cc1ccccc1)C(=O)N[C@H]1c2ccccc2C[C@H]1O)C(C)(C)C
2CF8,P00734,F2,CA NA ESH,[Ca+2] [Na+] CC(C)[C@@H]1[C@@H]2[C@H](C(=O)N1Cc1ccc(Cl)cc1)[C@H](c1ccc(C(=N)N)cc1)N1CCC[C@@H]21
2CJI,P00742,F10,CA GSK,[Ca+2] C[C@@H](C(=O)N1CCOCC1)N1CC[C@H](NS(=O)(=O)c2ccc3cc(Cl)ccc3c2)C1=O
2CLE,P00929,TRPA,NA F6F PLP,[Na+] O=C(NCCOP(=O)(O)O)c1ccc(OC(F)(F)F)cc1 Cc1ncc(COP(=O)(O)O)c(C=O)c1O
2CLH,P00929,TRPA,NA F19 PLP,[Na+] O=P(O)(O)OCCNS(=O)(=O)c1ccc2ccccc2c1 Cc1ncc(COP(=O)(O)O)c(C=O)c1O
2CLI,P00929,TRPA,NA F9F PLP,[Na+] O=P(O)(O)OCCNS(=O)(=O)c1ccc(OC(F)(F)F)cc1 Cc1ncc(COP(=O)(O)O)c(C=O)c1O
2CLK,P00929,TRPA,G3H PLP NA,O=C[C@H](O)COP(=O)(O)O Cc1ncc(COP(=O)(O)O)c(C=O)c1O [Na+]
2F01,P22629,,BTN BTQ GOL,O=C(O)CCCC[C@@H]1SC[C@@H]2NC(=O)N[C@@H]21 O=C(O)CCCC[C@H]1SC[C@@H]2NC(=O)N[C@@H]21 OCC(O)CO
2F2H,P31434,YICI,MPO GOL XTG SO4,O=S(=O)(O)CCCN1CCOCC1 OCC(O)CO O=[N+]([O-])c1ccc(O[C@@H]2O[C@H](CS[C@H]3OC[C@@H](O)[C@H](O)[C@H]3O)[C@@H](O)[C@H](O)[C@H]2O)cc1 O=S(=O)([O-])[O-]
2F94,P14324,FDPS,ZN PO4 BFQ,[Zn+2] O=P([O-])([O-])[O-] CCCCCN(C)CCC(O)(P(=O)(O)O)P(=O)(O)O
2FAI,P03372,ESR1,459,C[C@@H]1[C@@H]2[C@@H](c3ccc(O)cc3)OC[C@@]1(CO)CC[C@@H]2C
2FV5,P78536,ADAM17,ZN 541,[Zn+2] Cc1cc(COc2ccc([C@]3(C)CCN([C@H](C)C(=O)NO)C3=O)cc2)c2ccccc2n1
2FZZ,P00742,F10,5QC,Nc1noc2ccc(-n3nc(C(F)(F)F)c4c3C(=O)N(c3ccc(-c5ccccc5CN5CC[C@@H](O)C5)cc3)CC4)cc12
2G00,P00742,F10,4QC,CN(C)Cc1ccccc1-c1ccc(N2CCc3c(C(F)(F)F)nn(-c4cccc(C(N)=O)c4)c3C2=O)cc1
2GKL,P26918,CPHA,ZN PD2 GOL,[Zn+2] O=C(O)c1ccnc(C(=O)O)c1 OCC(O)CO
2GVJ,P43490,NAMPT,DGB,O=C(/C=C/c1cccnc1)NCCCCC1CCN(C(=O)c2ccccc2)CC1
2HJ4,P84887,AAUA,PNZ,NCc1ccc([N+](=O)[O-])cc1
2HJB,P84887,AAUA,PZM,COc1ccc(CN)cc1
2HNX,P15090,FABP4,PO4 PLM ACY,O=P([O-])([O-])[O-] CCCCCCCCCCCCCCCC(=O)O CC(=O)O
2J2U,P00742,F10,GSQ,C[C@@H](C(=O)N1CCOCC1)N1CC[C@H](NS(=O)(=O)c2cc3cc(Cl)ccc3[nH]2)C1=O
2J34,P00742,F10,CA GS6,[Ca+2] C[C@@H](C(=O)N1CCOCC1)N1CC[C@H](NS(=O)(=O)c2cc3ccc(Cl)cc3s2)C1=O
2J4I,P00742,F10,GSJ CA,CC(C)N(CCNS(C)(=O)=O)C(=O)[C@H](C)N1CC[C@H](NS(=O)(=O)c2ccc3cc(Cl)ccc3c2)C1=O [Ca+2]
2J94,P00742,F10,G15 CA,C[C@@H](C(=O)N1CCOCC1)N1CC[C@H](NS(=O)(=O)c2n[nH]c(-c3ccc(Cl)s3)n2)C1=O [Ca+2]
2J9N,P00760,PRSS1,CA NA BEN IPH,[Ca+2] [Na+] N=C(N)c1ccccc1 Oc1ccccc1
2JH5,P00734,F2,CA NA 895,[Ca+2] [Na+] C[C@@H](C(=O)N1CCOCC1)N1CC[C@H](NS(=O)(=O)/C=C/c2ccc(Cl)s2)C1=O
2JKH,P00742,F10,BI7 CA NA,C[N+](C)(C)CCCN1C(=O)[C@@H]2[C@H](C1=O)[C@H](c1cc(-c3ccc(Cl)s3)on1)N1CCC[C@@H]21 [Ca+2] [Na+]
2MAS,Q27546,IUNH,CA PIR,[Ca+2] Nc1ccc([C@@H]2N[C@H](CO)[C@@H](O)[C@H]2O)cc1
2NN1,P00915,CA1,ZN M28 TRS NA,[Zn+2] NS(=O)(=O)c1ccc(CCC(=O)O)cc1 [NH3+]C(CO)(CO)CO [Na+]
2NMZ,P04587,GAG-POL,SO4 ROC,O=S(=O)([O-])[O-] CC(C)(C)NC(=O)[C@@H]1C[C@@H]2CCCC[C@@H]2CN1C[C@@H](O)[C@H](Cc1ccccc1)NC(=O)[C@H](CC(N)=O)NC(=O)c1ccc2ccccc2n1
2NMX,P00915,CA1,ZN M25 NA TRS,[Zn+2] CC(=O)NCCc1ccc(S(N)(=O)=O)cc1 [Na+] [NH3+]C(CO)(CO)CO
2JKP,G8JZS4,SUSB,CTS CA EDO,O[C@H]1[C@H](O)[C@@H](O)CN2CC[C@H](O)[C@H]12 [Ca+2] OCCO
2JKE,G8JZS4,SUSB,NOJ CA EDO,OC[C@H]1NC[C@H](O)[C@@H](O)[C@@H]1O [Ca+2] OCCO
2JJB,P13482,TREA,3CU GLC SO4 EDO,OC[C@@H]1[C@@H](O)[C@H](O)[C@H]2[C@H](O)[C@@H](O)CN21 OC[C@H]1O[C@H](O)[C@H](O)[C@@H](O)[C@@H]1O O=S(=O)([O-])[O-] OCCO
2JJ3,Q92731,ESR2,JJ3,COCc1cc(O)cc2c1O[C@@H](c1ccc(O)cc1)[C@H]1CCC[C@@H]21
2JIW,Q89ZI2,BT_4395,BEU,CC(=O)N[C@@H]1[C@@H](O)[C@H](O)C(CO)=C[C@H]1N
2JH6,P00734,F2,CA NA 894,[Ca+2] [Na+] C[C@@H](C(=O)N1CCOCC1)N1CC[C@H](NS(=O)(=O)CCc2ccc(Cl)s2)C1=O
2JH0,P00734,F2,701 CA NA,C/C(=C\S(=O)(=O)N[C@H]1CCN([C@@H](C)C(=O)N2CCOCC2)C1=O)c1ccc(Cl)s1 [Ca+2] [Na+]
2JGS,P02701,AVD,BTN,O=C(O)CCCC[C@@H]1SC[C@@H]2NC(=O)N[C@@H]21
2JGB,O60573,EIF4E2,MGT,CN1CN([C@@H]2O[C@H](CO[P@](=O)(O)O[P@](=O)(O)OP(=O)(O)O)[C@@H](O)[C@H]2O)c2nc(N)[nH]c(=O)c21
2JG0,P13482,TREA,TTZ,OC[C@H]1O[C@H](NC2=N[C@@H]3[C@H](S2)[C@@H](O)[C@H](O)[C@]3(O)CO)[C@H](O)[C@@H](O)[C@@H]1O
2JFZ,Q9ZLT0,MURI,003 DGL,CC(C)Cn1c(=O)n(C)c(=O)c2c(-c3ccncc3)n(Cc3cccc4ccccc34)nc21 N[C@H](CCC(=O)O)C(=O)O
2JFH,P14900,MURD,LK1 SO4,CCCCOc1ccc2cc(S(=O)(=O)N[C@@H](CCC(=O)O)C(=O)O)ccc2c1 O=S(=O)([O-])[O-]
2JFF,P14900,MURD,LK2 SO4,CCCCOc1ccc2cc(S(=O)(=O)N[C@H](CCC(=O)O)C(=O)O)ccc2c1 O=S(=O)([O-])[O-]
2JF4,P13482,TREA,VDM,OCC1=C[C@H](N[C@H]2C[C@H](CO)[C@@H](O)[C@H](O)[C@H]2O)[C@H](O)[C@@H](O)[C@@H]1O
2JEW,P09955,CPB1,ZN 720,[Zn+2] CCCn1cnc(C[C@H](CCCN)C(=O)O)c1
2JDS,P00517,PRKACA,L20,Cc1n[nH]c2ccc(-c3cncc(OC[C@@H](N)Cc4c[nH]c5ccccc45)c3)cc12
2JDP,Q9HYN5,LECB,MFU CA,CO[C@@H]1O[C@@H](C)[C@@H](O)[C@@H](O)[C@@H]1O [Ca+2]
2JBJ,Q04609,FOLH1,ZN CA CL NAG G88,[Zn+2] [Ca+2] [Cl-] CC(=O)N[C@@H]1[C@@H](O)[C@H](O)[C@@H](CO)O[C@H]1O O=C(O)CC[C@H](CP(=O)(O)O)C(=O)O
2J95,P00742,F10,GSX CA,C[C@@H](C(=O)N1CCOCC1)N1CC[C@H](NS(=O)(=O)c2ccc(-c3ccc(Cl)s3)s2)C1=O [Ca+2]
2J7G,Q08638,BGLA,GI4 ACT CA,O=C(O)Cc1c[n+]2c([nH]1)[C@H](O)[C@@H](O)[C@H](O)[C@H]2CO CC(=O)[O-] [Ca+2]
2J7F,Q08638,BGLA,GI3 ACT CA,O=C(O)c1c[n+]2c([nH]1)[C@H](O)[C@@H](O)[C@H](O)[C@H]2CO CC(=O)[O-] [Ca+2]
2J7E,Q08638,BGLA,GI2 ACT CA,COC(=O)Cc1c[n+]2c([nH]1)[C@H](O)[C@@H](O)[C@H](O)[C@H]2CO CC(=O)[O-] [Ca+2]
2J7D,Q08638,BGLA,GI1 ACT CA,CO[C@H](O)c1c[n+]2c([nH]1)[C@H](O)[C@@H](O)[C@H](O)[C@H]2CO CC(=O)[O-] [Ca+2]
2J7B,Q08638,BGLA,NTZ ACT CA,OC[C@@H]1[C@@H](O)[C@H](O)[C@@H](O)c2nnnn21 CC(=O)[O-] [Ca+2]
2J79,Q08638,BGLA,GTL ACT CA,OC[C@H]1N/C(=N\O)[C@H](O)[C@@H](O)[C@H]1O CC(=O)[O-] [Ca+2]
2J77,Q08638,BGLA,NOJ ACT CA,OC[C@H]1NC[C@H](O)[C@@H](O)[C@@H]1O CC(=O)[O-] [Ca+2]
2J75,Q08638,BGLA,ACT NOY CA,CC(=O)[O-] OC[C@H]1CN[C@H](O)[C@@H](O)[C@@H]1O [Ca+2]
2J62,Q0TR53,NAGJ,CL GSZ,[Cl-] CC(C)C(=O)N[C@H]1c2[nH]c(CCc3ccccc3)c[n+]2[C@H](CO)[C@@H](O)[C@@H]1O
2J4K,Q97ZE2,PYRH,U5P CD MG,O=c1ccn([C@@H]2O[C@H](COP(=O)(O)O)[C@@H](O)[C@H]2O)c(=O)[nH]1 [Cd+2] [Mg+2]
2J4G,Q89ZI2,BT_4395,NB1 ACT GOL,CCCC1=N[C@@H]2[C@@H](O)[C@H](O)[C@@H](CO)O[C@@H]2S1 CC(=O)[O-] OCC(O)CO
2J47,Q89ZI2,BT_4395,GDV GOL,CC(=O)N[C@H]1c2[nH]c(C(=O)Nc3ccccc3)c[n+]2[C@H](CO)[C@@H](O)[C@@H]1O OCC(O)CO
2J27,P04789,,PGA SO4,O=C(O)COP(=O)(O)O O=S(=O)([O-])[O-]
2IZX,P13861,PRKAR2A,DTD,O[C@H]1CSSC[C@@H]1O
2IZL,P22629,,IMI,N=C1N[C@H]2[C@H](CS[C@H]2CCCCC(=O)O)N1
2IYF,Q53685,OLED,ERY UDP MG,CC[C@H]1OC(=O)[C@H](C)[C@@H](O[C@H]2C[C@@](C)(OC)[C@@H](O)[C@H](C)O2)[C@H](C)[C@@H](O[C@@H]2O[C@H](C)C[C@H](N(C)C)[C@H]2O)[C@](C)(O)C[C@@H](C)C(=O)[C@H](C)[C@@H](O)[C@]1(C)O O=c1ccn([C@@H]2O[C@H](COP(=O)(O)OP(=O)(O)O)[C@@H](O)[C@H]2O)c(=O)[nH]1 [Mg+2]
2IW4,P37487,PPAC,2PN GOL PG4 SO4 MN MG FE,O=P(O)(O)NP(=O)(O)O OCC(O)CO OCCOCCOCCOCCO O=S(=O)([O-])[O-] [Mn+2] [Mg+2] [Fe+3]
2IUZ,Q873X9,CHIB1,SO4 D1H,O=S(=O)([O-])[O-] Cn1cnc2c1c(=O)n(CCn1c(=O)c3c(ncn3C)n(C)c1=O)c(=O)n2C
2IT4,P00915,CA1,PPF ZN,O=C(O)P(=O)(O)O [Zn+2]
2ISW,A8B2U2,FBA,PGH ZN,O=C(COP(=O)(O)O)NO [Zn+2]
2ILZ,P03300,,MN NA GTP ACY,[Mn+2] [Na+] Nc1nc2c(ncn2[C@@H]2O[C@H](COP(=O)(O)OP(=O)(O)OP(=O)(O)O)[C@@H](O)[C@H]2O)c(=O)[nH]1 CC(=O)O
2IL2,P00797,REN,LIX CIT,CCc1nc(N)nc(NCCNS(=O)(=O)c2ccc3ccccc3c2)c1-c1ccc2c(c1)N(CCCOC)C(=O)C(C)(C)O2 O=C(O)CC(O)(CC(=O)O)C(=O)O
2IKO,P00797,REN,7IG,CCc1nc(N)nc(N)c1-c1ccc(NCc2cc(F)cc(F)c2)cc1
2IHQ,P15207,AR,LG7,N#Cc1ccc(N2C(=O)[C@@H]3[C@H](O)CCN3C2=O)c2ccccc12
2IHK,Q15KI8,,CSF,CC(=O)N[C@@H]1[C@@H](O)[C@@H](F)[C@@](O[P@](=O)(O)OC[C@H]2O[C@@H](n3ccc(N)nc3=O)[C@H](O)[C@@H]2O)(C(=O)O)O[C@H]1[C@H](O)[C@H](O)CO
2IHJ,Q15KI8,,CSF,CC(=O)N[C@@H]1[C@@H](O)[C@@H](F)[C@@](O[P@](=O)(O)OC[C@H]2O[C@@H](n3ccc(N)nc3=O)[C@H](O)[C@@H]2O)(C(=O)O)O[C@H]1[C@H](O)[C@H](O)CO
2IDZ,P9WGR1,INHA,ZID,NC(=O)c1c[n+]([C@@H]2O[C@H](COP(=O)([O-])OP(=O)(O)OC[C@H]3O[C@@H](n4cnc5c(N)ncnc54)[C@H](O)[C@@H]3O)[C@@H](O)[C@H]2O)ccc1C(=O)c1ccncc1
2IDW,P03366,GAG-POL,CL PO4 DMS ACY GOL 017,[Cl-] O=P([O-])([O-])[O-] CS(C)=O CC(=O)O OCC(O)CO CC(C)CN(C[C@@H](O)[C@H](Cc1ccccc1)NC(=O)O[C@H]1CO[C@H]2OCC[C@H]21)S(=O)(=O)c1ccc(N)cc1
2IDK,P13255,GNMT,C2F,CN1c2c(nc(N)[nH]c2=O)NC[C@@H]1CNc1ccc(C(=O)N[C@@H](CCC(=O)O)C(=O)O)cc1
2I80,Q5HEB7,DDL,G1L,CC(C)(CCl)C(=O)Nc1ccc(C(F)(F)F)cc1
2I6B,P55263,ADK,89I,CN(C)c1ccc(-c2c(N)ncnc2C#Cc2ccc(N3CCOCC3)nc2)cc1
2I4Z,P37231,PPARG,DRH,CCCCCCCN(CCc1ccc(O[C@@](C)(CC)C(=O)O)cc1)c1nc2ccccc2o1
2I4X,P03366,GAG-POL,KGQ,CCOP(=O)(COc1ccc(C[C@H](NC(=O)O[C@H]2CO[C@H]3OCC[C@H]32)[C@H](O)CN(CC(C)C)S(=O)(=O)c2ccc(OC)cc2)cc1)OCC
2I4W,P03366,GAG-POL,KGQ,CCOP(=O)(COc1ccc(C[C@H](NC(=O)O[C@H]2CO[C@H]3OCC[C@H]32)[C@H](O)CN(CC(C)C)S(=O)(=O)c2ccc(OC)cc2)cc1)OCC
2I4V,P03366,GAG-POL,DJR,COc1ccc(S(=O)(=O)N(CC(C)C)C[C@@H](O)[C@H](Cc2ccccc2)NC(=O)O[C@H]2CO[C@H]3OCC[C@H]32)cc1
2I4U,P03366,GAG-POL,DJR,COc1ccc(S(=O)(=O)N(CC(C)C)C[C@@H](O)[C@H](Cc2ccccc2)NC(=O)O[C@H]2CO[C@H]3OCC[C@H]32)cc1
2I4P,P37231,PPARG,DRH,CCCCCCCN(CCc1ccc(O[C@@](C)(CC)C(=O)O)cc1)c1nc2ccccc2o1
2I4J,P37231,PPARG,DRJ,CCCCCCCN(CCc1ccc(O[C@](C)(CC)C(=O)O)cc1)c1nc2ccccc2o1
2I4D,P03366,GAG-POL,QFI,COc1ccc(S(=O)(=O)N(CC(C)C)C[C@@H](O)[C@H](Cc2ccc(OCP(=O)(O)O)cc2)NC(=O)O[C@H]2CO[C@H]3OCC[C@H]32)cc1
2I3V,P19491,GRIA2,GLU ZN,N[C@@H](CCC(=O)O)C(=O)O [Zn+2]
2I3I,Q96CA5,BIRC7,ZN 618 LI BTB EDO,[Zn+2] CN[C@@H](C)C(=O)N[C@@H]1C=CC[C@H]2SC(C)(C)[C@@H](C(=O)Nc3cc(C)nn3-c3ccccc3)N2C1=O [Li+] OCCN(CCO)C(CO)(CO)CO OCCO
2I2C,Q8Y8D7,NADK1,DTA PG4,Nc1ncnc2c1ncn2[C@@H]1O[C@H](CSSC[C@H]2O[C@@H](n3cnc4c(N)ncnc43)[C@H](O)[C@@H]2O)[C@@H](O)[C@H]1O OCCOCCOCCOCCO
2I2B,Q8Y8D7,NADK1,CC5 CIT GOL,Nc1ncnc2c1ncn2[C@@H]1OC[C@@H](O)[C@H]1O O=C(O)CC(O)(CC(=O)O)C(=O)O OCC(O)CO
2I19,Q86C09,,MG 1BY,[Mg+2] O=P(O)(O)C(CNc1ccccn1)P(=O)(O)O
2I0G,Q92731,ESR2,I0G,Oc1ccc([C@@H]2Oc3ccc(O)cc3[C@@H]3CCC[C@@H]32)cc1
2I0D,O38731,POL,PO4 MUT ACT,O=P([O-])([O-])[O-] COc1ccc(S(=O)(=O)N(CC(C)C)C[C@@H](O)[C@H](Cc2ccccc2)NC(=O)[C@@H]2CN(c3cccc(C(C)=O)c3)C(=O)O2)cc1 CC(=O)[O-]
2I0A,O38723,POL,PO4 MUI GOL,O=P([O-])([O-])[O-] COc1ccc(S(=O)(=O)N(CC(C)C)C[C@@H](O)[C@H](Cc2ccccc2)NC(=O)[C@@H]2CN(c3ccc(C(C)=O)cc3)C(=O)O2)cc1 OCC(O)CO
2HZY,P35505,FAH,NA MN CA NI DHJ,[Na+] [Mn+2] [Ca+2] [Ni+2] O=C(O)CC[P@@](=O)(O)CC(=O)CC(=O)O
2HZL,Q3J1R2,TAKP,NA PYR,[Na+] CC(=O)C(=O)O
2HXM,P13051,UNG,302,O=C(O)c1ccc(/C=N/OCCO/N=C/c2cc(=O)[nH]c(=O)[nH]2)cc1
2HW2,A0QRS5,MSMEG_1221,GLY RFP,NCC(=O)O CO[C@H]1/C=C/O[C@@]2(C)Oc3c(C)c(O)c4c(O)c(c(/C=N/N5CCN(C)CC5)c(O)c4c3C2=O)NC(=O)/C(C)=C\C=C\[C@H](C)[C@H](O)[C@@H](C)[C@@H](O)[C@@H](C)[C@H](OC(C)=O)[C@@H]1C
2HU6,P39900,MMP12,ZN CA 37A HAE,[Zn+2] [Ca+2] O=C(NCc1ccc(-c2ccccc2)cc1)[C@@H]1O[C@H]2CN(C(=O)NO)C[C@@H]1O2 CC(=O)NO
2HS1,P03366,GAG-POL,CL 017 DMS,[Cl-] CC(C)CN(C[C@@H](O)[C@H](Cc1ccccc1)NC(=O)O[C@H]1CO[C@H]2OCC[C@H]21)S(=O)(=O)c1ccc(N)cc1 CS(C)=O
2HR6,P06968,DUT,MN DUD EDO,[Mn+2] O=c1ccn([C@H]2C[C@H](O)[C@@H](CO[P@](=O)(O)OP(=O)(O)O)O2)c(=O)[nH]1 OCCO
2HOC,P00918,CA2,ZN 1CN MBO GOL,[Zn+2] Nc1c(F)cc(S(=O)(=O)Nc2nnc(S(N)(=O)=O)s2)cc1Cl O=C(O)c1ccc([Hg])cc1 OCC(O)CO
2HNC,P00918,CA2,ZN 1SA MBO GOL,[Zn+2] Nc1nnc(S(N)(=O)=O)s1 O=C(O)c1ccc([Hg])cc1 OCC(O)CO
2HMV,O32080,KTRA,ADP,Nc1ncnc2c1ncn2[C@@H]1O[C@H](CO[P@](=O)(O)OP(=O)(O)O)[C@@H](O)[C@H]1O
2HMU,O32080,KTRA,ATP,Nc1ncnc2c1ncn2[C@@H]1O[C@H](CO[P@@](=O)(O)O[P@](=O)(O)OP(=O)(O)O)[C@@H](O)[C@H]1O
2HL4,P00918,CA2,ZN CL BO1 MBO GOL,[Zn+2] [Cl-] NS(=O)(=O)c1ccc(N[C@@H]2O[C@H](CO)[C@@H](O)[C@H](O)[C@H]2O)cc1 O=C(O)c1ccc([Hg])cc1 OCC(O)CO
2HHN,P25774,CTSS,SO4 GNQ,O=S(=O)([O-])[O-] C[C@@H](CNc1ccc(OC(F)(F)F)cc1)NC(=O)[C@H](CS(=O)(=O)Cc1ccccc1)NC(=O)N1CCOCC1
2HF8,Q57884,HYPB,MG ZN GSP,[Mg+2] [Zn+2] Nc1nc2c(ncn2[C@@H]2O[C@H](CO[P@](=O)(O)O[P@](=O)(O)OP(O)(O)=S)[C@@H](O)[C@H]2O)c(=O)[nH]1
2HDU,P00811,AMPC,F12 K PO4,CC(=O)Nc1sccc1C(=O)O [K+] O=P([O-])([O-])[O-]
2HDS,P00811,AMPC,PO4 4MB NA,O=P([O-])([O-])[O-] CS(=O)(=O)Nc1ccc(C(=O)O)cc1 [Na+]
2HDR,P00811,AMPC,PO4 4A3,O=P([O-])([O-])[O-] Nc1ccc(C(=O)O)cc1O
2HDQ,P00811,AMPC,C21,O=C(O)c1cccs1
2HD6,P00918,CA2,ZN CL MBO BOS GOL,[Zn+2] [Cl-] O=C(O)c1ccc([Hg])cc1 NS(=O)(=O)c1ccc(NC(=O)c2ccccc2S)cc1 OCC(O)CO
2HB3,P03366,GAG-POL,CL NA GRL GOL,[Cl-] [Na+] CC(C)CN(C[C@@H](O)[C@H](Cc1ccccc1)NC(=O)O[C@@H]1C[C@@H]2CCO[C@@H]2C1)S(=O)(=O)c1ccc(CO)cc1 OCC(O)CO
2HAW,P37487,PPAC,MG F SO4 CL PG4 2PN 1PE GOL,[Mg+2] [F-] O=S(=O)([O-])[O-] [Cl-] OCCOCCOCCOCCO O=P(O)(O)NP(=O)(O)O OCCOCCOCCOCCOCCO OCC(O)CO
2HAH,P16088,POL,3TL,CC(C)[C@H](NC(=O)[C@H](C)NC(=O)OCc1ccccc1)C(=O)N[C@@H](Cc1ccccc1)[C@@H](O)[C@H](O)[C@H](Cc1ccccc1)NC(=O)[C@@H](NC(=O)[C@H](C)NC(=O)OCc1ccccc1)C(C)C
2HA6,P21836,ACHE,SCK P6G ACY,C[N+](C)(C)CCOC(=O)CCC(=O)OCC[N+](C)(C)C OCCOCCOCCOCCOCCOCCO CC(=O)O
2HA5,P21836,ACHE,NAG ACT AT3 ETM P6G,CC(=O)N[C@@H]1[C@@H](O)[C@H](O)[C@@H](CO)O[C@H]1O CC(=O)[O-] CC(=O)SCC[N+](C)(C)C C[N+](C)(C)CCS OCCOCCOCCOCCOCCOCCO
2HA4,P21836,ACHE,ACT ACH P6G,CC(=O)[O-] CC(=O)OCC[N+](C)(C)C OCCOCCOCCOCCOCCOCCO
2HA3,P21836,ACHE,NAG P6G CHT,CC(=O)N[C@@H]1[C@@H](O)[C@H](O)[C@@H](CO)O[C@H]1O OCCOCCOCCOCCOCCOCCO C[N+](C)(C)CCO
2H6T,P0CY29,SAP3,ZN,[Zn+2]
2H6B,Q8RPJ2,,SO4 3C4,O=S(=O)([O-])[O-] O=C(O)Cc1ccc(O)c(Cl)c1
2H5A,P26276,ALGC,ZN X1P,[Zn+2] O=P(O)(O)O[C@H]1OC[C@@H](O)[C@H](O)[C@H]1O
2H4N,P00918,CA2,ZN AZM,[Zn+2] CC(=O)Nc1nnc(S(N)(=O)=O)s1
2H4K,P18031,PTPN1,509,O=C(O)COc1c(C(=O)O)sc(-c2ccccc2)c1Br
2H4G,P18031,PTPN1,694,O=C(O)COc1c(C(=O)O)sc(-c2ccc(O)cc2)c1Br
2H3E,P0A786,PYRB,ZN 6PR,[Zn+2] NC(=O)[C@H](CC(=O)O)NC(=O)CP(=O)(O)O
2H21,Q43088,RBCMT,SAM,C[S@@+](CC[C@H](N)C(=O)[O-])C[C@H]1O[C@@H](n2cnc3c(N)ncnc32)[C@H](O)[C@@H]1O
2H15,P00918,CA2,ZN HG B19,[Zn+2] [Hg+2] CC1(C)O[C@@H]2[C@@H](CO[C@@]3(CNS(N)(=O)=O)OC(C)(C)O[C@@H]23)O1
2GZL,P62617,ISPF,GPP 2AA ZN,CC(C)=CCC/C(C)=C/CO[P@@](=O)(O)OP(=O)(O)O CN(C)c1cccc2c(S(=O)(=O)NCCOP(=O)(O)OP(=O)(O)OC[C@H]3O[C@@H](n4ccc(N)nc4=O)[C@H](O)[C@@H]3O)cccc12 [Zn+2]
2GZ2,A0A0H2UPS5,ASD,A2P,Nc1ncnc2c1ncn2[C@@H]1O[C@H](COP(=O)(O)O)[C@@H](O)[C@H]1OP(=O)(O)O
2GVV,Q7SIG4,,DI9 CA,NP(=O)(OC1CCCC1)OC1CCCC1 [Ca+2]
2GV7,Q9Y5Y6,ST14,672,CC(C)c1cc(C(C)C)c(S(=O)(=O)N[C@@H](Cc2cccc(C(=N)N)c2)C(=O)N2CCN(C(=O)C3CCN(C(=N)N)CC3)CC2)c(C(C)C)c1
2GV6,Q9Y5Y6,ST14,730,N=C(N)NCCC1CCN(C(=O)[C@H](Cc2cccc(C(=N)N)c2)NS(=O)(=O)c2ccc3ccccc3c2)CC1
2GSU,Q8PIS1,,ZN AMP,[Zn+2] Nc1ncnc2c1ncn2[C@@H]1O[C@H](COP(=O)(O)O)[C@@H](O)[C@H]1O
2GST,P04905,GSTM1,SO4 GPS,O=S(=O)([O-])[O-] N[C@@H](CCC(=O)N[C@@H](CS[C@H]1c2ccccc2-c2ccccc2[C@@H]1O)C(=O)NCC(=O)O)C(=O)O
2GLP,O25928,FABZ,BDE BEN CL,O=C(N/N=C/c1cc(Br)c(O)c(Br)c1O)c1cccnc1 N=C(N)c1ccccc1 [Cl-]
2GLM,O25928,FABZ,SCB BEN CL,COCCN1C(=O)/C(=C\c2ccc(-c3ccc(Cl)c(C(=O)O)c3)o2)SC1=Nc1ccccc1 N=C(N)c1ccccc1 [Cl-]
2GL0,Q8ZVF7,PAE2307,PO4 ADN,O=P([O-])([O-])[O-] Nc1ncnc2c1ncn2[C@@H]1O[C@H](CO)[C@@H](O)[C@H]1O
2GJ5,P02754,LGB,VD3,C=C1CC[C@H](O)C/C1=C\C=C1\CCC[C@]2(C)[C@@H]([C@H](C)CCCC(C)C)CC[C@@H]12
2GH9,Q72I44,TT_C1288,,
2GH7,P22629,,BTN BTQ GOL,O=C(O)CCCC[C@@H]1SC[C@@H]2NC(=O)N[C@@H]21 O=C(O)CCCC[C@H]1SC[C@@H]2NC(=O)N[C@@H]21 OCC(O)CO
2G9Q,P00489,PYGM,1AB PO4,OC[C@H]1NC[C@@H](O)[C@@H]1O O=P([O-])([O-])[O-]
2G94,P56817,BACE1,ZPQ,Cc1cc(C)n(COC(=O)N[C@@H](CS(C)(=O)=O)C(=O)N[C@@H](CC(C)C)[C@@H](O)C[C@@H](C)C(=O)N[C@H](C(=O)NCC(C)C)C(C)C)n1
2G8R,P61823,RNASE1,N3E,O=C(O)C1CCN([C@H]2[C@H](O)[C@H](n3ccc(=O)[nH]c3=O)O[C@@H]2CO)CC1
2G72,P11086,PNMT,SAM F21,C[S@@+](CC[C@H](N)C(=O)[O-])C[C@H]1O[C@@H](n2cnc3c(N)ncnc32)[C@H](O)[C@@H]1O O=S(=O)(c1ccc2c(c1)CN[C@@H](CF)C2)N1CCSCC1
2G71,P11086,PNMT,SAH GOL FTS,Nc1ncnc2c1ncn2[C@@H]1O[C@H](CSCC[C@H](N)C(=O)O)[C@@H](O)[C@H]1O OCC(O)CO O=S(=O)(NCCC(F)(F)F)c1ccc2c(c1)CN[C@@H](CF)C2
2G5U,P02766,TTR,PCQ,Oc1c(Cl)cc(-c2cc(Cl)c(O)c(Cl)c2)cc1Cl
2G5T,P27487,DPP4,ACF,NC[C@@H]1CCCN1C(=O)[C@@H]1CC[C@H](COc2cc(C(=O)O)ccc2Cl)N1
2FZK,P0A786,PYRB,CTP ZN EOZ,Nc1ccn([C@@H]2O[C@H](CO[P@](=O)(O)O[P@](=O)(O)OP(=O)(O)O)[C@@H](O)[C@H]2O)c(=O)n1 [Zn+2] O=C(CP(=O)(O)O)Nc1cc(NC(=O)CP(=O)(O)O)cc(C(=O)O)c1
2FZG,P0A786,PYRB,CTP ZN EOB,Nc1ccn([C@@H]2O[C@H](CO[P@](=O)(O)O[P@](=O)(O)OP(=O)(O)O)[C@@H](O)[C@H]2O)c(=O)n1 [Zn+2] O=C(CP(=O)(O)O)Nc1cccc(NC(=O)CP(=O)(O)O)c1
2FZC,P0A786,PYRB,CTP ZN EOP,Nc1ccn([C@@H]2O[C@H](CO[P@](=O)(O)O[P@](=O)(O)OP(=O)(O)O)[C@@H](O)[C@H]2O)c(=O)n1 [Zn+2] O=C(CP(=O)(O)O)NCCNC(=O)CP(=O)(O)O
2FXV,P42085,XPT,5GP GOL,Nc1nc2c(ncn2[C@@H]2O[C@H](COP(=O)(O)O)[C@@H](O)[C@H]2O)c(=O)[nH]1 OCC(O)CO
2FXU,P68135,ACTA1,CA ATP BID,[Ca+2] Nc1ncnc2c1ncn2[C@@H]1O[C@H](CO[P@@](=O)(O)O[P@](=O)(O)OP(=O)(O)O)[C@@H](O)[C@H]1O C/C=C/C(=O)C[C@H]1CC[C@H](C)[C@H](CC(=O)NC[C@H](O)[C@H](C)C(=O)NCCC[C@H]2O[C@@]3(CCC[C@@H](CC[C@H](C)/C=C(\C)[C@H](C)O)O3)CC[C@@H]2C)O1
2FX6,P00760,PRSS1,CA AX7,[Ca+2] Nc1nc2ccccc2[nH]1
2FWP,Q2QJL3,PURE,CIT ICR,O=C(O)CC(O)(CC(=O)O)C(=O)O N=C1[C@H](C(=O)O)N=CN1[C@@H]1O[C@H](COP(=O)(O)O)[C@@H](O)[C@H]1O
2FW6,Q2QJL3,PURE,CIT,O=C(O)CC(O)(CC(=O)O)C(=O)O
2FU8,P52700,,GOL MCO SO4 ZN,OCC(O)CO C[C@H](CS)C(=O)N1CCC[C@@H]1C(=O)O O=S(=O)([O-])[O-] [Zn+2]
2FQY,P29724,TMPC,ADN,Nc1ncnc2c1ncn2[C@@H]1O[C@H](CO)[C@@H](O)[C@H]1O
2FQX,P29724,TMPC,GMP,Nc1nc2c(ncn2[C@@H]2O[C@H](CO)[C@@H](O)[C@H]2O)c(=O)[nH]1
2FQW,P29724,TMPC,NOS,O=c1[nH]cnc2c1ncn2[C@@H]1O[C@H](CO)[C@@H](O)[C@H]1O
2FQT,O34667,LUXS,SO4 CO H1D,O=S(=O)([O-])[O-] [Co+2] N[C@@H](CCSC[C@@H](O)[C@@H](O)C(=O)NO)C(=O)O
2FQO,O34667,LUXS,CO SO4 HYI,[Co+2] O=S(=O)([O-])[O-] N[C@@H](CCSC[C@H](O)[C@@H](O)C(=O)NO)C(=O)O
2FPZ,P20231,TPSB2,AX7,Nc1nc2ccccc2[nH]1
2FMB,P32542,POL,LP1,CC[C@H](NC(=O)C[C@H](O)[C@H](CC(C)C)NC(=O)[C@@H](NC(=O)[C@H](Cc1cccc2ccccc12)NC(C)=O)C(C)C)C(=O)N[C@@H](Cc1cccc2ccccc12)C(N)=O
2FLR,P08709,F7,7NH,NC(=O)NCc1cccc(-c2cccc(-c3cc4cnccc4[nH]3)c2O)c1
2FLE,Q9J2R0,POL,GOL AI,OCC(O)CO CC(C)[C@H](NC(=O)N(C)Cc1ccccn1)C(=O)N[C@@H](Cc1ccccc1)[C@H](O)[C@@H](O)[C@H](CC1CCCCC1)NC(=O)[C@@H](NC(=O)N(C)Cc1ccccn1)C(C)C
2FLB,P08709,F7,6NH,N=C(N)c1ccc2[nH]c(-c3n[nH]c(-c4ccccc4)c3O)nc2c1
2FKF,P26276,ALGC,G16 ZN,O=P([O-])(O)O[C@H]1O[C@H](COP(=O)(O)O)[C@@H](O)[C@H](O)[C@H]1O [Zn+2]
2FF1,Q9GPQ4,,IMH CA,O=c1[nH]cnc2c([C@@H]3N[C@H](CO)[C@@H](O)[C@H]3O)c[nH]c12 [Ca+2]
2FDP,P56817,BACE1,FRP,CCCN(CCC)C(=O)c1cccc(C(=O)N[C@@H](Cc2ccccc2)[C@@H](N)C[C@@H](C)C(=O)Nc2ccc(F)cc2)c1
2FAH,P21642,PCK2,MN MLA GDP,[Mn+2] O=C(O)CC(=O)O Nc1nc2c(ncn2[C@@H]2O[C@H](COP(=O)(O)OP(=O)(O)O)[C@@H](O)[C@H]2O)c(=O)[nH]1
2F9K,P14324,FDPS,ZN PO4 ZOL,[Zn+2] O=P([O-])([O-])[O-] O=P(O)(O)C(O)(Cn1ccnc1)P(=O)(O)O
2F8G,P04587,GAG-POL,NA CL ACY 017 GOL,[Na+] [Cl-] CC(=O)O CC(C)CN(C[C@@H](O)[C@H](Cc1ccccc1)NC(=O)O[C@H]1CO[C@H]2OCC[C@H]21)S(=O)(=O)c1ccc(N)cc1 OCC(O)CO
2F81,P04587,GAG-POL,NA CL 017 GOL,[Na+] [Cl-] CC(C)CN(C[C@@H](O)[C@H](Cc1ccccc1)NC(=O)O[C@H]1CO[C@H]2OCC[C@H]21)S(=O)(=O)c1ccc(N)cc1 OCC(O)CO
2F80,P04587,GAG-POL,CL SO4 017,[Cl-] O=S(=O)([O-])[O-] CC(C)CN(C[C@@H](O)[C@H](Cc1ccccc1)NC(=O)O[C@H]1CO[C@H]2OCC[C@H]21)S(=O)(=O)c1ccc(N)cc1
2F7P,Q24451,ALPHA-MAN-IIA,NAG ZN 2SK MPD,CC(=O)N[C@@H]1[C@@H](O)[C@H](O)[C@@H](CO)O[C@H]1O [Zn+2] CS[C@H]1[C@H](O)[C@H](O)[C@H](O)[C@@H]1NCc1ccccc1 C[C@H](O)CC(C)(C)O
2F7O,Q24451,ALPHA-MAN-IIA,PO4 MPD MSN ZN NAG,O=P([O-])([O-])[O-] C[C@H](O)CC(C)(C)O CS[C@@H]1[C@@H](N)[C@@H](O)[C@@H](O)[C@H]1O [Zn+2] CC(=O)N[C@@H]1[C@@H](O)[C@H](O)[C@@H](CO)O[C@H]1O
2F7I,P02766,TTR,26C,O=C(O)c1ccc(-c2c(F)cccc2F)cc1
2F6T,P18031,PTPN1,1C2 CL MG,CNC(=O)[C@@H]1Cc2ccc(NS(=O)(=O)O)cc2CN1C(=O)OC(C)(C)C [Cl-] [Mg+2]
2F5T,Q7LYW4,TRMB,IMD,c1c[nH+]c[nH]1
2F35,P22756,GRIK1,CL 1PE UBC,[Cl-] OCCOCCOCCOCCOCCO N[C@@H](Cn1ccc(=O)n(Cc2ccccc2C(=O)O)c1=O)C(=O)O
2F34,P22756,GRIK1,CL 1PE UBA,[Cl-] OCCOCCOCCOCCOCCO Cc1cn(C[C@H](N)C(=O)O)c(=O)n(Cc2ccsc2C(=O)O)c1=O
2F1G,P25774,CTSS,GOL GNF,OCC(O)CO COc1ccc(NCCNC(=O)[C@H](CC2CCCCC2)Nc2nc3ccccc3o2)cc1
2EZ7,P00918,CA2,HG ZN DHI,[Hg+2] [Zn+2] N[C@H](Cc1c[nH]c[nH+]1)C(=O)O
2EXM,P24941,CDK2,ZIP,CC(C)=CCNc1ncnc2[nH]cnc12
2EWS,Q6G7I0,COAW,MG ANP,[Mg+2] Nc1ncnc2c1ncn2[C@@H]1O[C@H](COP(=O)(O)OP(=O)(O)NP(=O)(O)O)[C@@H](O)[C@H]1O
2EWB,P00727,LAP3,ZN NA CO3 ZED MPD,[Zn+2] [Na+] O=C([O-])[O-] C[C@H](CS)C(=O)N1C[C@@H](Sc2ccccc2)C[C@H]1C(=O)O C[C@H](O)CC(C)(C)O
2EWA,P47811,MAPK14,SB2,C[S@](=O)c1ccc(-c2nc(-c3ccc(F)cc3)c(-c3ccncc3)[nH]2)cc1
2ERZ,P05132,PRKACA,HFS,O=S(=O)(c1cccc2c(O)nccc12)N1CCCNCC1
2EPN,Q6ST21,,NGT,CC1=N[C@@H]2[C@@H](O)[C@H](O)[C@@H](CO)O[C@@H]2S1
2EG8,P05020,PYRC,FOT ZN,O=C(O)c1[nH]c(=O)[nH]c(=O)c1F [Zn+2]
2EG7,P05020,PYRC,OTD ZN,O=C1NC(C(=O)O)=C[C@H](C(=O)O)N1 [Zn+2]
2E9U,O14757,CHEK1,A25,O=C1Nc2cncc(n2)OCCCCCOc2ccc(Cl)cc2N1
2E94,Q12051,BTS1,364 MG,O=P(O)(O)C(O)(C[n+]1cccc(-c2cccc(-c3ccccc3)c2)c1)P(=O)(O)O [Mg+2]
2E92,Q12051,BTS1,M0N MG,O=P(O)(O)C(O)(Cc1cnc2ccccn12)P(=O)(O)O [Mg+2]
2E91,Q12051,BTS1,ZOL MG,O=P(O)(O)C(O)(Cn1ccnc1)P(=O)(O)O [Mg+2]
2E7F,Q46389,ACSE,C2F CA,CN1c2c(nc(N)[nH]c2=O)NC[C@@H]1CNc1ccc(C(=O)N[C@@H](CCC(=O)O)C(=O)O)cc1 [Ca+2]
2E5Y,P07678,ATPC,ATP,Nc1ncnc2c1ncn2[C@@H]1O[C@H](CO[P@@](=O)(O)O[P@](=O)(O)OP(=O)(O)O)[C@@H](O)[C@H]1O
2E2R,P62508,ESRRG,2OH GOL,CC(C)(c1ccc(O)cc1)c1ccc(O)cc1 OCC(O)CO
2E2P,Q96Y14,ST2354,SO4 ADP EPE,O=S(=O)([O-])[O-] Nc1ncnc2c1ncn2[C@@H]1O[C@H](CO[P@](=O)(O)OP(=O)(O)O)[C@@H](O)[C@H]1O O=S(=O)(O)CCN1CCN(CCO)CC1
2E27,,,AB0 GOL DMS,COCO[C@H]1C[C@H]2O[C@H]3CC=CCO[C@@H]3[C@@H](O)[C@@H]2O[C@@H]1CC(=O)O OCC(O)CO CS(C)=O
2E1W,P56658,ADA,FR6 ZN,C[C@H](O)[C@@H](CCc1cccc2ccccc12)n1cnc(C(N)=O)c1 [Zn+2]
2DW7,Q89FH0,TARD,SRT MG,O=C(O)[C@@H](O)[C@@H](O)C(=O)O [Mg+2]
2DRI,P02925,RBSB,RIP,O[C@@H]1[C@H](O)[C@H](O)CO[C@H]1O
2DRC,P0ABQ4,FOLA,CA MTX CL,[Ca+2] CN(Cc1cnc2nc(N)nc(N)c2n1)c1ccc(C(=O)N[C@@H](CCC(=O)O)C(=O)O)cc1 [Cl-]
2DOO,P52699,,ZN C4H,[Zn+2] CN(C)c1cccc2c(S(=O)(=O)NCCCCNC(=O)CCS)cccc12
2DM5,P11588,MUP1,ODI CD,OCCCCCCCCO [Cd+2]
2D3Z,Q99AU2,,FIH,Cc1ccc(S(=O)(=O)Nc2cc(-c3ccc(F)cc3)sc2C(=O)O)cc1
2D2V,P74325,SLR0953,MG,[Mg+2]
2D1N,P45452,MMP13,ZN CA FA4,[Zn+2] [Ca+2] N=C(N)NCc1ccccc1CCCCCCCCCC(=O)N[C@H](CCCCN)C(=O)NO
2D0K,P0ABQ4,FOLA,CL FOL,[Cl-] Nc1nc(=O)c2nc(CNc3ccc(C(=O)N[C@@H](CCC(=O)O)C(=O)O)cc3)cnc2[nH]1
2CTC,P00730,CPA1,ZN HFA,[Zn+2] O=C(O)[C@@H](O)Cc1ccccc1
2CSN,P40233,CKI1,SO4 CKI,O=S(=O)([O-])[O-] NCCNS(=O)(=O)c1ccc(Cl)c2ccncc12
2CN0,P00734,F2,CA NA F25,[Ca+2] [Na+] NC(N)c1ccc([C@H]2[C@H]3C(=O)N(Cc4ccc(F)cc4)[C@H](C(F)F)[C@H]3[C@@H]3CCCN32)cc1
2CLX,P24941,CDK2,F18,Nc1n[nH]c(N)c1N=Nc1ccc(O)cc1
2CJP,Q41415,,EDO VPR PG4,OCCO CCCC(CCC)C(N)=O OCCOCCOCCOCCO
2CHT,P19080,AROH,TSA,O=C(O)[C@@H]1C[C@]2(C(=O)O)C=C[C@@H](O)[C@@H](C2)O1
2CGR,A2P1G9,IGKC,GAS,N#Cc1ccc(NC(=NCC(=O)O)NC(c2ccccc2)c2ccccc2)cc1
2CGF,P02829,HSP82,P2N,O=C1CCCC/C=C/CCOC(=O)c2c(O)cc(O)c(Cl)c2C1
2CF9,P00734,F2,CA NA 348,[Ca+2] [Na+] COc1ccc(CN2C(=O)[C@H]3[C@@H]([C@H]2C(C)C)[C@@H]2CCCN2[C@H]3c2ccc(C(=N)N)cc2)cc1
2CEX,P44542,SIAP,GOL DAN ZN,OCC(O)CO CC(=O)N[C@H]1[C@H]([C@H](O)[C@H](O)CO)OC(C(=O)O)=C[C@@H]1O [Zn+2]
2CES,Q08638,BGLA,ACT GIM CA,CC(=O)[O-] OC[C@@H]1[C@@H](O)[C@H](O)[C@@H](O)c2[nH]cc[n+]21 [Ca+2]
2CER,P22498,LACS,PGI ACT,OC[C@@H]1[C@@H](O)[C@H](O)[C@@H](O)c2[nH]c(CCc3ccccc3)c[n+]21 CC(=O)[O-]
2CEQ,P22498,LACS,ACT GIM,CC(=O)[O-] OC[C@@H]1[C@@H](O)[C@H](O)[C@@H](O)c2[nH]cc[n+]21
2CEO,P05543,SERPINA7,GOL T44,OCC(O)CO N[C@@H](Cc1cc(I)c(Oc2cc(I)c(O)c(I)c2)c(I)c1)C(=O)O
2CEM,Q8Q3H0,POL,2AH,COC(=O)N[C@H](C(=O)NN(Cc1ccc(-c2ccccn2)cc1)C[C@@](O)(Cc1ccccc1)C(=O)N[C@H]1c2ccccc2C[C@H]1O)C(C)(C)C
2CCC,B0R5M0,OE_3073R,MG NA CL LFN SO4,[Mg+2] [Na+] [Cl-] Cc1cc2nc3c(=O)[nH]c(=O)nc-3n(C)c2cc1C O=S(=O)([O-])[O-]
2CCB,B0R5M0,OE_3073R,MG NA CL RBF SO4,[Mg+2] [Na+] [Cl-] Cc1cc2nc3c(=O)[nH]c(=O)nc-3n(C[C@H](O)[C@H](O)[C@H](O)CO)c2cc1C O=S(=O)([O-])[O-]
2CC7,B0R5M0,OE_3073R,MG NA CL SO4 LUM,[Mg+2] [Na+] [Cl-] O=S(=O)([O-])[O-] Cc1cc2nc3[nH]c(=O)[nH]c(=O)c3nc2cc1C
2CBU,Q08638,BGLA,CTS ACT CA,O[C@H]1[C@H](O)[C@@H](O)CN2CC[C@H](O)[C@H]12 CC(=O)[O-] [Ca+2]
2CA8,P30113,,GSH PG4,N[C@@H](CCC(=O)N[C@@H](CS)C(=O)NCC(=O)O)C(=O)O OCCOCCOCCOCCO
2C97,P9WHE9,RIBH,JCL K ACT MPD DTD,O=c1[nH]c(Cl)c(CCCCOP(=O)(O)O)c(=O)[nH]1 [K+] CC(=O)[O-] C[C@H](O)CC(C)(C)O O[C@H]1CSSC[C@@H]1O
2C94,P9WHE9,RIBH,TSF K,O=c1[nH]c(=O)c2c([nH]1)n(C[C@@H](O)[C@H](O)[C@H](O)CO)c(=O)n2CCCCC(F)(F)P(=O)(O)O [K+]
2C92,P9WHE9,RIBH,TP6 K DTU MPD,O=c1[nH]c(=O)c2c([nH]1)n(C[C@@H](O)[C@H](O)[C@H](O)CO)c(=O)n2CCCCCOP(=O)(O)O [K+] O[C@H](CS)[C@@H](O)CS C[C@H](O)CC(C)(C)O
2C80,P30113,,PG4 GTX,OCCOCCOCCOCCO CCCCCCSC[C@H](NC(=O)CC[C@H]([NH3+])C(=O)O)C(=O)NCC(=O)O
2C4V,Q48255,AROQ,CIT,O=C(O)CC(O)(CC(=O)O)C(=O)O
2C3L,O14757,CHEK1,IDZ SO4,c1ccc2[nH]c(-c3n[nH]c4ccccc34)nc2c1 O=S(=O)([O-])[O-]
2C1Q,,,BTN GOL,O=C(O)CCCC[C@@H]1SC[C@@H]2NC(=O)N[C@@H]21 OCC(O)CO
2C1P,Q58EU8,IGK,FNZ,N#Cc1ccc([C@@H]([C@H](O)Cc2ccc(F)cc2)n2cncn2)cc1
2BZA,P00760,PRSS1,CA CL SO4 ABN,[Ca+2] [Cl-] O=S(=O)([O-])[O-] NCc1ccccc1
2BZ6,P08709,F7,346 SO4 CA,CCOc1cc(O[C@@H]2CCOC2)c(F)c([C@@H](Nc2ccc(C(=N)N)cc2)C(=O)O)c1 O=S(=O)([O-])[O-] [Ca+2]
2BYS,Q8WSF8,LOC100533247,LOB,CN1[C@@H](C[C@@H](O)c2ccccc2)CCC[C@H]1CC(=O)c1ccccc1
2BYR,Q8WSF8,LOC100533247,MLK,CCN1C[C@]2(COC(=O)c3ccccc3N3C(=O)C[C@H](C)C3=O)CC[C@H](OC)[C@@]34[C@@H]5C[C@H]6[C@H](OC)[C@@H]5[C@](O)(C[C@@H]6OC)[C@@](O)([C@@H](OC)[C@H]23)[C@@H]14
2BVS,P00734,F2,2CE,N=C(N)Nc1ccc(C[C@H](NC(=O)CSc2ccc(Cl)cc2)C(=O)NCCOCCOCC(N)=O)cc1
2BVR,P00734,F2,4CP,N=C(N)Nc1ccc(C[C@H](NC(=O)CSc2ccc(Cl)cc2)C(N)=O)cc1
2BVD,P16218,CELH,ISX,OC[C@H]1CNC[C@@H](O[C@@H]2O[C@H](CO)[C@@H](O)[C@H](O)[C@H]2O)[C@@H]1O
2BUV,P20371,PCAG,FE DHB,[Fe+3] O=C(O)c1ccc(O)c(O)c1
2BT9,Q8XXK6,RSL,MFU,CO[C@@H]1O[C@@H](C)[C@@H](O)[C@@H](O)[C@@H]1O
2BRM,O14757,CHEK1,DFZ,OCCNc1ncnc2[nH]c(-c3ccccc3)c(-c3ccccc3)c12
2BR6,P0CJ63,AIIA,ZN GOL HSL,[Zn+2] OCC(O)CO N[C@H]1CCOC1=O
2BPY,P04587,GAG-POL,3IN,C[C@H]1CC[C@@H](O)[C@H]1NC(=O)[C@H](Cc1ccccc1)C[C@H](O)CN1CCN(C(=O)c2cnc(N3CCN(C)CC3)c(Cl)n2)C[C@H]1C(=O)NC(C)(C)C
2BPV,P04587,GAG-POL,1IN,C[C@H]1CC[C@@H](O)[C@H]1NC(=O)[C@H](Cc1ccccc1)C[C@H](O)CN1CCN(C(=O)CCc2cccnc2)C[C@H]1C(=O)NC(C)(C)C
2BOJ,Q9HYN5,LECB,ARW CA SO4,CO[C@@H]1OC[C@@H](O)[C@@H](O)[C@@H]1O [Ca+2] O=S(=O)([O-])[O-]
2BO4,Q9RFR0,MGS,FLC,O=C([O-])CC(O)(CC(=O)[O-])C(=O)[O-]
2BMV,O25776,FLDA,CL BEN,[Cl-] N=C(N)c1ccccc1
2BMK,,,PDD IOD,Cc1ncc(COP(=O)(O)O)c(CN[C@H](C)C(=O)O)c1O [I-]
2BFR,O28751,AF_1521,MG ADP,[Mg+2] Nc1ncnc2c1ncn2[C@@H]1O[C@H](CO[P@](=O)(O)OP(=O)(O)O)[C@@H](O)[C@H]1O
2BFQ,O28751,AF_1521,AR6,Nc1ncnc2c1ncn2[C@@H]1O[C@H](COP(=O)(O)OP(=O)(O)OC[C@H]2O[C@H](O)[C@H](O)[C@@H]2O)[C@@H](O)[C@H]1O
2BBF,P28720,TGT,344 ZN,Nc1nc2cc3[nH]cnc3cc2c(=O)[nH]1 [Zn+2]
2B3F,Q72KX2,TT_C0328,GAL,OC[C@H]1O[C@@H](O)[C@H](O)[C@@H](O)[C@H]1O
2B1I,P31335,ATIC,93A K,O=C1NS(=O)(=O)Nc2c1ncn2[C@@H]1O[C@H](COP(=O)(O)O)[C@@H](O)[C@H]1O [K+]
2B1G,P31335,ATIC,13A K PO4,O=C1NS(=O)(=O)Nc2c1ncn2[C@@H]1O[C@H](CO)[C@@H](O)[C@H]1O [K+] O=P([O-])([O-])[O-]
2B07,P18031,PTPN1,598,O=C(O)COc1c(C(=O)O)sc2c1sc1cc(NC3CCN(S(=O)(=O)Cc4ccccc4)CC3)ccc12
2AZR,P18031,PTPN1,982,O=C(O)COc1c(C(=O)O)sc2ncccc12
2AZ5,P01375,TNF,307,Cc1cc2occ(CN(C)CCN(C)Cc3cn(-c4cccc(C(F)(F)F)c4)c4ccccc34)c(=O)c2cc1C
2AYR,P03372,ESR1,L4G,CS(=O)(=O)c1ccc(-c2ccc3cc(O)ccc3c2Oc2ccc(OCCN3CCCCC3)cc2)cc1
2AY5,P95468,TYRB,IOP PLP,O=C(O)CCc1c[nH]c2ccccc12 Cc1ncc(COP(=O)(O)O)c(C=O)c1O
2AY1,P95468,TYRB,AHC PLP,Nc1ccc(CCC(=O)O)cc1 Cc1ncc(COP(=O)(O)O)c(C=O)c1O
2AX9,P10275,AR,BHM,C[C@](O)(CBr)C(=O)Nc1ccc([N+](=O)[O-])c(C(F)(F)F)c1
2AVQ,P04587,GAG-POL,DMS GOL 2NC,CS(C)=O OCC(O)CO CCCC[C@@H](CN[C@@H](CCCC)C(=O)N[C@@H](CCC(N)=O)C(=O)N[C@@H](CCCNC(N)=[NH2+])C(N)=O)NC(=O)[C@@H](NC(=O)[C@@H](NC(C)=O)[C@@H](C)O)[C@@H](C)CC
2AVO,Q7SSI0,POL,SO4 DMS MK1 ACY GOL,O=S(=O)([O-])[O-] CS(C)=O CC(C)(C)NC(=O)[C@@H]1CN(Cc2cccnc2)CCN1C[C@@H](O)C[C@@H](Cc1ccccc1)C(=O)N[C@H]1c2ccccc2C[C@H]1O CC(=O)O OCC(O)CO
2AVM,P04587,GAG-POL,GOL 2NC ACY,OCC(O)CO CCCC[C@@H](CN[C@@H](CCCC)C(=O)N[C@@H](CCC(N)=O)C(=O)N[C@@H](CCCNC(N)=[NH2+])C(N)=O)NC(=O)[C@@H](NC(=O)[C@@H](NC(C)=O)[C@@H](C)O)[C@@H](C)CC CC(=O)O
2O4J,P13053,VDR,VD4,C=C1[C@H](O)CC(=C/C=C2\CCC[C@]3(C)/C(=C(\C)CCCC(C)(C)O)CC[C@@H]23)C[C@H]1O
2OAG,P27487,DPP4,DLI,CS(=O)(=O)c1cccc(-c2cc(N3C[C@H](c4cc(F)c(F)cc4F)[C@@H](N)C3)ncn2)c1
2OC1,P27958,,ZN HU2,[Zn+2] CCC[C@H](NC(=O)[C@H](CC(C)C)NC(=O)[C@@H](C/C=C/CC(C)C)C(C)C)C(=O)C(=O)NCC(=O)N[C@H](C(=O)O)c1ccccc1
2OC7,P27958,,ZN BME HU4,[Zn+2] OCCS CC(C)(C)OC(=O)N[C@H](C(=O)N1C[C@@H]2OC(C)(C)[C@@H]2[C@H]1C(=O)N[C@@H](CC1CCC1)C(=O)C(N)=O)C1CCCCC1
2P16,P00742,F10,CA GG2,[Ca+2] COc1ccc(-n2nc(C(N)=O)c3c2C(=O)N(c2ccc(N4CCCCC4=O)cc2)CC3)cc1
2P3T,P00742,F10,CA CL 993,[Ca+2] [Cl-] CNc1nccn1Cc1csc(C(=O)Nc2c(OC)cc(Cl)cc2C(=O)Nc2ccc(Cl)cn2)c1Cl
2PHB,P00742,F10,230 CA,CO[C@@H]1C[C@H](C(=O)Nc2ccc(-n3ccccc3=O)cc2F)N(C(=O)Nc2ccc(Cl)cc2)C1 [Ca+2]
2POU,P00918,CA2,I7A ZN,NS(=O)(=O)c1cc(Cl)c(Cl)c(S(N)(=O)=O)c1 [Zn+2]
2PSV,O38707,POL,MUV ACT PO4,CNC(=O)CCC(=O)N[C@@H](Cc1ccccc1)[C@H](O)CN(CC1CC1)S(=O)(=O)c1ccco1 CC(=O)[O-] O=P([O-])([O-])[O-]
2Q3C,P9WP55,CYSK1,MPD,C[C@H](O)CC(C)(C)O
2QG2,P07900,HSP90AA1,A91,Cc1cc(C#Cc2ccccc2CNn2ccoc2=O)nc(N)n1
2QKY,P27487,DPP4,13Z,CC(C)(CO)NCC(=O)N1C[C@@H](F)C[C@H]1[C@@H](O)c1nnc(C(C)(C)C)o1
2R75,O66809,FTSZ,MG 01G,[Mg+2] Nc1nc2c(nc(N3CCOCC3)n2[C@@H]2O[C@H](CO[P@](=O)(O)O[P@](=O)(O)OP(=O)(O)O)[C@@H](O)[C@H]2O)c(=O)[nH]1
2RA0,P00742,F10,JNJ,CN(C)Cc1nccn1-c1ccc(-c2ccc3c(C(N)=O)nn(-c4ccc5onc(N)c5c4)c3c2F)c(F)c1
2RD6,P09874,PARP1,78P,C[C@]1(c2nc3cccc(C(N)=O)c3[nH]2)CCCN1
2SFP,P10724,ALR,PPI PLP,CCC(=O)O Cc1ncc(COP(=O)(O)O)c(C=O)c1O
2SIM,P29768,NANH,DAN,CC(=O)N[C@H]1[C@H]([C@H](O)[C@H](O)CO)OC(C(=O)O)=C[C@@H]1O
2USN,P08254,MMP3,IN8 CA ZN,O=C(C[C@@H](NC(=O)OCc1ccccc1)c1ccccc1)Nc1nnc(S)s1 [Ca+2] [Zn+2]
2UWL,P00742,F10,895,C[C@@H](C(=O)N1CCOCC1)N1CC[C@H](NS(=O)(=O)/C=C/c2ccc(Cl)s2)C1=O
2UWO,P00742,F10,701,C/C(=C\S(=O)(=O)N[C@H]1CCN([C@@H](C)C(=O)N2CCOCC2)C1=O)c1ccc(Cl)s1
2UWP,P00742,F10,MG CA 894,[Mg+2] [Ca+2] C[C@@H](C(=O)N1CCOCC1)N1CC[C@H](NS(=O)(=O)CCc2ccc(Cl)s2)C1=O
2UXI,Q9AIU0,TTGR,G50,O=C(CCc1ccc(O)cc1)c1c(O)cc(O)cc1O
2UY3,P29029,CTS1,H33,Cn1c(=O)c2[nH]c(Cl)nc2n(C)c1=O
2UY4,P29029,CTS1,AZM,CC(=O)Nc1nnc(S(N)(=O)=O)s1
2UYW,A7YYL1,AVD,BTN FMT,O=C(O)CCCC[C@@H]1SC[C@@H]2NC(=O)N[C@@H]21 O=CO
2V2H,P04789,,PGA CL,O=C(O)COP(=O)(O)O [Cl-]
2V2Q,O67060,ISPE,SO4 NVG GOL BR,O=S(=O)([O-])[O-] Nc1ccn([C@@H]2O[C@@H](CNC(=O)CCc3nc4ccccc4[nH]3)[C@@H](O)[C@H]2O)c(=O)n1 OCC(O)CO [Br-]
2V2V,O67060,ISPE,V12 BR GOL SO4,Nc1ccn([C@@H]2O[C@H](CNC(=O)Cc3nc4ccccc4[nH]3)[C@@H](O)[C@H]2O)c(=O)n1 [Br-] OCC(O)CO O=S(=O)([O-])[O-]
2V3D,P04062,GBA1,SO4 NBV NAG,O=S(=O)([O-])[O-] CCCCN1C[C@H](O)[C@@H](O)[C@H](O)[C@H]1CO CC(=O)N[C@@H]1[C@@H](O)[C@H](O)[C@@H](CO)O[C@H]1O
2V57,Q58L87,LFRR,SO4 IPA PRL,O=S(=O)([O-])[O-] CC(C)O Nc1ccc2cc3ccc(N)cc3nc2c1
2V59,P24182,ACCC,LZK,COc1cccc(OC)c1-c1cc2cnc(N)nc2nc1N
2V7V,Q70GK9,FLA,5FD,Nc1ncnc2c1ncn2[C@@H]1O[C@H](CF)[C@@H](O)[C@H]1O
2V95,P31211,SERPINA6,HCY,C[C@]12CCC(=O)C=C1CC[C@@H]1[C@@H]2[C@@H](O)C[C@@]2(C)[C@H]1CC[C@]2(O)C(=O)CO
2VB8,P0A953,FABB,CL TLM,[Cl-] C=C/C(C)=C/[C@@]1(C)SC(=O)C(C)=C1O
2VBA,P0A953,FABB,P4T,CC(=O)c1sc(Nc2ccccc2)nc1C
2VC7,Q97VT7,PHP,HT5 EDO GOL CO FE2,CCCCCCCCCC(=O)N[C@H]1CCSC1=O OCCO OCC(O)CO [Co+2] [Fe+2]
2VC9,A0A0H2YU91,CPF_0859,NOK GOL CA,CC(=O)N[C@H]1CN[C@H](CO)[C@@H](O)[C@@H]1O OCC(O)CO [Ca+2]
2VJX,Q8AAK6,BT_0458,EDO CL BR IFL,OCCO [Cl-] [Br-] O=C1NC[C@H](CO)[C@@H](O)[C@@H]1O
2VVV,P00742,F10,NA CA H21,[Na+] [Ca+2] O=C(Cn1cnc(NC(=O)c2ccc(Cl)s2)n1)Nc1ccc(-n2ccccc2=O)cc1F
2VXN,P48499,,PGH PGA GOL ACT,O=C(COP(=O)(O)O)NO O=C(O)COP(=O)(O)O OCC(O)CO CC(=O)[O-]
2WE3,P03195,DUT,DUT MG SO4,O=c1ccn([C@H]2C[C@H](O)[C@@H](CO[P@@](=O)(O)O[P@](=O)(O)OP(=O)(O)O)O2)c(=O)[nH]1 [Mg+2] O=S(=O)([O-])[O-]
2WC4,Q08638,BGLA,AMF EDO ACT CA,CCCCCCCCN=C1SC[C@@H]2[C@@H](O)[C@H](O)[C@@H](O)[C@H](O)N12 OCCO CC(=O)[O-] [Ca+2]
2WC3,Q08638,BGLA,AM3,CCCCCCCCN=C1OC[C@@H]2[C@H](O)[C@H](O)[C@@H](O)[C@H](O)N12
2WB5,Q0TR53,NAGJ,CL NA VGB,[Cl-] [Na+] CCC(=O)N[C@H]1c2[nH]c(CCc3ccccc3)c[n+]2[C@H](CO)[C@@H](O)[C@@H]1O
2W9H,P0A017,FOLA,EDO TOP,OCCO COc1cc(Cc2cnc(N)nc2N)cc(OC)c1OC
2W97,P06730,EIF4E,MGO PGE SO4 GOL,C[n+]1cn([C@@H]2O[C@H](CO[P@](=O)(O)O[P@@](=O)(O)OP(=O)(O)O)[C@@H](O)[C@H]2O)c2cc(N)[nH]c(=O)c21 OCCOCCOCCO O=S(=O)([O-])[O-] OCC(O)CO
2W8Y,P06401,PGR,486 SO4 NDR EDO,CC#C[C@]1(O)CC[C@H]2[C@@H]3CCC4=CC(=O)CCC4=C3[C@@H](c3ccc(N(C)C)cc3)C[C@@]21C O=S(=O)([O-])[O-] C#C[C@]1(O)CC[C@H]2[C@@H]3CCC4=CC(=O)CC[C@@H]4[C@H]3CC[C@@]21C OCCO
2W8W,Q93UV0,SPT,PLS,Cc1ncc(COP(=O)(O)O)c(CN[C@@H](CO)C(=O)O)c1O
2W8J,Q93UV0,SPT,PLS,Cc1ncc(COP(=O)(O)O)c(CN[C@@H](CO)C(=O)O)c1O
2W67,Q89ZI2,BT_4395,F34 GOL CA,CC(=O)N[C@H]1CNC[C@@H](O)[C@@H](O)[C@@H]1O OCC(O)CO [Ca+2]
2W5G,P61823,RNASE1,ATP,Nc1ncnc2c1ncn2[C@@H]1O[C@H](CO[P@@](=O)(O)O[P@](=O)(O)OP(=O)(O)O)[C@@H](O)[C@H]1O
2W47,A3DK57,CTHE_3141,CA,[Ca+2]
2W26,P00742,F10,RIV CA,O=C(NC[C@H]1CN(c2ccc(N3CCOCC3=O)cc2)C(=O)O1)c1ccc(Cl)s1 [Ca+2]
2W08,P02743,APCS,CA NAG TPO,[Ca+2] CC(=O)N[C@@H]1[C@@H](O)[C@H](O)[C@@H](CO)O[C@H]1O C[C@@H](OP(=O)(O)O)[C@H](N)C(=O)O
2VZR,Q56F26,CSXA,CA GCU EDO,[Ca+2] O=C(O)[C@H]1O[C@H](O)[C@H](O)[C@@H](O)[C@@H]1O OCCO
2VYT,Q9UQR0,SCML2,MLZ PGE,CNCCCC[C@H](N)C(=O)O OCCOCCOCCO
2VWO,P00742,F10,LZG CA NA CL,O=C(CN1C[C@H](NC(=O)c2ccc(Cl)s2)[C@@H](F)C1)Nc1ccc(-n2ccccc2=O)cc1F [Ca+2] [Na+] [Cl-]
2VWN,P00742,F10,H25 CA NA CL,O=C(CN1C[C@H](NC(=O)c2ccc(Cl)s2)[C@@H](O)C1)Nc1ccc(-n2ccccc2=O)cc1F [Ca+2] [Na+] [Cl-]
2VWM,P00742,F10,LZI NA,O=C(CN1C[C@H](NC(=O)c2ccc(Cl)s2)C[C@H]1C(=O)NCC1CC1)Nc1ccc(-n2ccccc2=O)cc1F [Na+]
2VWL,P00742,F10,LZH CL CA NA,O=C(CN1C[C@H](NC(=O)c2ccc(Cl)s2)C[C@H]1CO)Nc1ccc(-n2ccccc2=O)cc1F [Cl-] [Ca+2] [Na+]
2VWC,P02829,HSP82,BC2 GOL,CO[C@H]1[C@@H](OC)C[C@H](C)[C@@H](OC)C2=CC(=O)C=C(NC(=O)/C(C)=C/C=C\[C@H](C)[C@@H](OC(N)=O)/C(C)=C/[C@@H]1C)C2=O OCC(O)CO
2VW2,Q54727,NANB,NHE GOL,O=S(=O)(O)CCNC1CCCCC1 OCC(O)CO
2VW1,Q54727,NANB,DAN GOL,CC(=O)N[C@H]1[C@H]([C@H](O)[C@H](O)CO)OC(C(=O)O)=C[C@@H]1O OCC(O)CO
2VVU,P00742,F10,H22 CA NA,O=C(CN1CC[C@@H](NC(=O)c2ccc(Cl)s2)C1)Nc1ccc(-n2ccccc2=O)cc1F [Ca+2] [Na+]
2VVS,Q89ZI2,BT_4395,OAN,CC(=O)N[C@H]1/C(=N\OC(=O)Nc2ccccc2)O[C@H](CO)[C@@H](O)[C@@H]1O
2VVP,P9WKD7,RPIB,5RP R52,O=C(CO)[C@H](O)[C@H](O)COP(=O)(O)O O=C[C@H](O)[C@H](O)[C@H](O)COP(=O)(O)O
2VVC,P00742,F10,NA CA LZF,[Na+] [Ca+2] CO[C@H]1CN(CC(=O)Nc2ccc(-n3ccccc3=O)cc2F)C[C@@H]1NC(=O)c1ccc(Cl)s1
2VUK,P04637,TP53,ZN P83,[Zn+2] CCn1c2ccccc2c2cc(CNC)ccc21
2VT3,O05521,REX,ATP,Nc1ncnc2c1ncn2[C@@H]1O[C@H](CO[P@@](=O)(O)O[P@](=O)(O)OP(=O)(O)O)[C@@H](O)[C@H]1O
2VRJ,Q08638,BGLA,ACT CA NCW,CC(=O)[O-] [Ca+2] CCCCCCCCNC(=S)N1[C@@H]2OC[C@H]1[C@@H](O)[C@H](O)[C@H]2O
2VQT,Q8AAK6,BT_0458,15A EDO BR CL,NCCN=C1N[C@H](CO)[C@@H](O)[C@H](O)[C@@H]1O OCCO [Br-] [Cl-]
2VPO,E1VBK1,TEAA,MG 6CS,[Mg+2] CC1=N[C@H](C(=O)O)[C@@H](O)CN1
2VPN,E1VBK1,TEAA,4CS MG,CC1=N[C@H](C(=O)O)CCN1 [Mg+2]
2VO4,O49235,GSTA,GTB 4NM GOL,N[C@@H](CCC(=O)N[C@@H](CSCc1ccc([N+](=O)[O-])cc1)C(=O)NCC(=O)O)C(=O)O O=[N+](O)c1ccc(CS)cc1 OCC(O)CO
2VNT,P00749,PLAU,QGG SO4,NC(N)=Nc1ncc(Cl)c2ccc(S(=O)(=O)N3CCC[C@@H]3C(=O)O)cc12 O=S(=O)([O-])[O-]
2VNP,Q46822,IDI,DED MG MN,CN(C)CCO[P@@](=O)(O)OP(=O)(O)O [Mg+2] [Mn+2]
2VMF,Q8AAK6,BT_0458,MVL EDO BR CL,OC[C@@H]1[C@@H](O)[C@H](O)[C@H](O)c2nccn21 OCCO [Br-] [Cl-]
2VMD,P42530,DSCE,CL CA MBG 1PG EDO,[Cl-] [Ca+2] CO[C@@H]1O[C@H](CO)[C@H](O)[C@H](O)[C@H]1O COCCOCCOCCOCCOCCO OCCO
2VMC,P42530,DSCE,EDO 1PG NGA A2G CA CL,OCCO COCCOCCOCCOCCOCCO CC(=O)N[C@@H]1[C@@H](O)[C@@H](O)[C@@H](CO)O[C@H]1O CC(=O)N[C@@H]1[C@@H](O)[C@@H](O)[C@@H](CO)O[C@@H]1O [Ca+2] [Cl-]
2VK6,Q59310,NANH,DAN PG4 MG CA,CC(=O)N[C@H]1[C@H]([C@H](O)[C@H](O)CO)OC(C(=O)O)=C[C@@H]1O OCCOCCOCCOCCO [Mg+2] [Ca+2]
2VK2,P39325,YTFQ,GZL,OC[C@@H](O)[C@@H]1O[C@@H](O)[C@H](O)[C@H]1O
2VJ8,P09960,LTA4H,HA2 ACT IMD YB ZN,N[C@@H](Cc1ccc(OCc2ccccc2)cc1)CN(O)C(=O)CCCCC(=O)O CC(=O)[O-] c1c[nH+]c[nH]1 [Yb+3] [Zn+2]
2VHW,P9WQB1,ALD,MG NAI,[Mg+2] NC(=O)C1=CN([C@@H]2O[C@H](CO[P@](=O)(O)O[P@@](=O)(O)OC[C@H]3O[C@@H](n4cnc5c(N)ncnc54)[C@H](O)[C@@H]3O)[C@@H](O)[C@H]2O)C=CC1
2VHJ,Q94M05,4,ADP,Nc1ncnc2c1ncn2[C@@H]1O[C@H](CO[P@](=O)(O)OP(=O)(O)O)[C@@H](O)[C@H]1O
2VH6,P00742,F10,GSV,CS(=O)(=O)c1ccccc1-c1ccc(N2CC[C@H](NS(=O)(=O)CCc3ccc(Cl)s3)C2=O)c(F)c1
2VH0,P00742,F10,GSI MG CA,CN(C)Cc1nccn1-c1ccc(N2CC[C@H](NS(=O)(=O)CCc3ccc(Cl)s3)C2=O)c(F)c1 [Mg+2] [Ca+2]
2VFK,Q6JP77,AKAP7,AMP,Nc1ncnc2c1ncn2[C@@H]1O[C@H](COP(=O)(O)O)[C@@H](O)[C@H]1O
2VES,P47205,LPXC,ZN GVR SO4,[Zn+2] O=C(NO)[C@@H](Cc1ccc2ccccc2c1)NS(=O)(=O)c1ccc2ccccc2c1 O=S(=O)([O-])[O-]
2V8Y,P06730,EIF4E,MGV,Nc1nc2c(c(=O)[nH]1)[n+](Cc1ccc(F)cc1)cn2[C@@H]1O[C@H](COP(=O)(O)O)[C@@H](O)[C@H]1O
2V8W,P06730,EIF4E,MGO,C[n+]1cn([C@@H]2O[C@H](CO[P@](=O)(O)O[P@@](=O)(O)OP(=O)(O)O)[C@@H](O)[C@H]2O)c2cc(N)[nH]c(=O)c21
2V8Q,P54645,PRKAA1,AMP,Nc1ncnc2c1ncn2[C@@H]1O[C@H](COP(=O)(O)O)[C@@H](O)[C@H]1O
2V7U,Q70GK9,FLA,SAM CL,C[S@@+](CC[C@H](N)C(=O)[O-])C[C@H]1O[C@@H](n2cnc3c(N)ncnc32)[C@H](O)[C@@H]1O [Cl-]
2V7T,Q70GK9,FLA,SAH CL,Nc1ncnc2c1ncn2[C@@H]1O[C@H](CSCC[C@H](N)C(=O)O)[C@@H](O)[C@H]1O [Cl-]
2V77,P15085,CPA1,PAY ZN EPE,C[C@@H](C[C@H](C[C@@H](CCC(=O)O)C(=O)O)C(=O)O)C(=O)O [Zn+2] O=S(=O)(O)CCN1CCN(CCO)CC1
2V58,P24182,ACCC,LZJ CL,Nc1ncc2cc(-c3c(Br)cccc3Br)c(N)nc2n1 [Cl-]
2V54,P68693,OPG178,POP MG TYD,O=P([O-])(O)OP(=O)([O-])O [Mg+2] Cc1cn([C@H]2C[C@H](O)[C@@H](CO[P@](=O)(O)OP(=O)(O)O)O2)c(=O)[nH]c1=O
2V3U,Q63226,GRID2,DSN NA CL SCN,N[C@H](CO)C(=O)O [Na+] [Cl-] N#C[S-]
2V2C,P04789,,PGA SO4,O=C(O)COP(=O)(O)O O=S(=O)([O-])[O-]
2V25,Q0P9X8,PEB1A,ASP ZN,N[C@@H](CC(=O)O)C(=O)O [Zn+2]
2UZ9,Q9Y2T3,GDA,ZN XAN,[Zn+2] O=c1[nH]c(=O)c2nc[nH]c2[nH]1
2UYQ,Q9CCZ4,ML2640,SAM,C[S@@+](CC[C@H](N)C(=O)[O-])C[C@H]1O[C@@H](n2cnc3c(N)ncnc32)[C@H](O)[C@@H]1O
2UYN,P0AGL2,TDCF,2KT,CCC(=O)C(=O)O
2UY5,P29029,CTS1,H35,c1coc(CNc2ncnc3nc[nH]c23)c1
2UY0,P03366,GAG-POL,HV1,COC(=O)N[C@H](C(=O)NN(Cc1ccc(Br)cc1)C(=O)CC[C@@](O)(Cc1ccccc1)C(=O)N[C@H]1c2ccccc2C[C@H]1O)C(C)(C)C
2UXZ,P03366,GAG-POL,HI1,COC(=O)N[C@H](C(=O)NN(CCC[C@@](O)(Cc1ccccc1)C(=O)N[C@H]1c2ccccc2C[C@H]1O)Cc1ccc(Br)cc1)C(C)(C)C
2UWD,P07900,HSP90AA1,MG SO4 2GG,[Mg+2] O=S(=O)([O-])[O-] CCNC(=O)c1noc(-c2cc(Cl)c(O)cc2O)c1-c1ccc(OC)cc1
2STD,P56221,SDH1,SO4 CRP,O=S(=O)([O-])[O-] CC[C@@]1(C(=O)N[C@H](C)c2ccc(Cl)cc2)[C@@H](C)C1(Cl)Cl
2RKG,A0F6C5,POL,GOL AB1,OCC(O)CO Cc1cccc(C)c1OCC(=O)N[C@@H](Cc1ccccc1)[C@@H](O)C[C@H](Cc1ccccc1)NC(=O)[C@H](C(C)C)N1CCCNC1=O
2RKF,Q90JJ9,POL,SO4 AB1 GOL,O=S(=O)([O-])[O-] Cc1cccc(C)c1OCC(=O)N[C@@H](Cc1ccccc1)[C@@H](O)C[C@H](Cc1ccccc1)NC(=O)[C@H](C(C)C)N1CCCNC1=O OCC(O)CO
2RKE,P07379,PCK1,MN NA SO4 SAT,[Mn+2] [Na+] O=S(=O)([O-])[O-] O=C(O)CS(=O)(=O)O
2RKD,P07379,PCK1,MN NA 3PP,[Mn+2] [Na+] O=C(O)CCP(=O)(O)O
2RKA,P07379,PCK1,PGA MN NA,O=C(O)COP(=O)(O)O [Mn+2] [Na+]
2RK8,P07379,PCK1,MN NA PPF FMT PEG,[Mn+2] [Na+] O=C(O)P(=O)(O)O O=CO OCCOCCO
2RIN,Q92N37,CHOX,ACH,CC(=O)OCC[N+](C)(C)C
2RI9,P31723,MSDC,CA GOL,[Ca+2] OCC(O)CO
2RFH,P00730,CPA1,23N ZN,O=C(O)[C@H](Cc1ccccc1)C[N+](=O)[O-] [Zn+2]
2REG,Q92N37,CHOX,CHT,C[N+](C)(C)CCO
2RCN,Q8ZKB0,RSGA,GDP MG ZN,Nc1nc2c(ncn2[C@@H]2O[C@H](COP(=O)(O)OP(=O)(O)O)[C@@H](O)[C@H]2O)c(=O)[nH]1 [Mg+2] [Zn+2]
2RCB,Q8VHN2,GRIN3B,DSN GOL,N[C@H](CO)C(=O)O OCC(O)CO
2RCA,Q8VHN2,GRIN3B,GLY GOL,NCC(=O)O OCC(O)CO
2RA6,Q29147,,ZN CL ETY IPA,[Zn+2] [Cl-] CCc1ccc(O)cc1 CC(C)O
2R9X,P00811,AMPC,PO4 WH6 DMS,O=P([O-])([O-])[O-] O=C(O)C[C@@H](Cc1cccc2ccccc12)N1C(=O)c2ccc(C(=O)O)cc2C1=O CS(C)=O
2R6Y,P03372,ESR1,LLC,O=C(c1ccc(OCCN2CCCC2)cc1)c1c(-c2ccc(O)cc2)sc2cc(O)ccc12
2R6W,P03372,ESR1,LLB,CC1CCN(CCOc2ccc(C(=O)c3c(-c4ccc(O)cc4)sc4cc(O)ccc34)cc2)CC1
2R5P,O12158,GAG-POL,CL NA MK1,[Cl-] [Na+] CC(C)(C)NC(=O)[C@@H]1CN(Cc2cccnc2)CCN1C[C@@H](O)C[C@@H](Cc1ccccc1)C(=O)N[C@H]1c2ccccc2C[C@H]1O
2R5A,Q9VHA0,SCM,MLZ,CNCCCC[C@H](N)C(=O)O
2R59,P09960,LTA4H,ZN YB PH0 ACY,[Zn+2] [Yb+3] N[C@@H](Cc1ccccc1)[P@](=O)(O)C[C@@H](Cc1ccccc1)C(=O)N[C@@H](Cc1ccccc1)C(=O)O CC(=O)O
2R58,Q9VHA0,SCM,MLY,CN(C)CCCC[C@H](N)C(=O)O
2R43,P03367,GAG-POL,G3G GOL CL,Nc1ccc(S(=O)(=O)N(Cc2ccccc2)[C@H]2CNC[C@@H]2N(Cc2ccccc2)S(=O)(=O)c2ccc(N)cc2)cc1 OCC(O)CO [Cl-]
2R3W,P04587,GAG-POL,CL G3G,[Cl-] Nc1ccc(S(=O)(=O)N(Cc2ccccc2)[C@H]2CNC[C@@H]2N(Cc2ccccc2)S(=O)(=O)c2ccc(N)cc2)cc1
2R3T,P04587,GAG-POL,G4G CL,NC(=O)c1ccc(S(=O)(=O)N(Cc2ccccc2)[C@H]2CNC[C@@H]2N(Cc2ccccc2)S(=O)(=O)c2ccc(C(N)=O)cc2)cc1 [Cl-]
2R3D,P02879,,ACM SO4,CC(N)=O O=S(=O)([O-])[O-]
2R38,P04587,GAG-POL,CL G4G,[Cl-] NC(=O)c1ccc(S(=O)(=O)N(Cc2ccccc2)[C@H]2CNC[C@@H]2N(Cc2ccccc2)S(=O)(=O)c2ccc(C(N)=O)cc2)cc1
2R2W,P00749,PLAU,4PG SO4,N=C(N)Nc1ccc(CC(=O)c2ccccc2)cc1 O=S(=O)([O-])[O-]
2R2M,P00734,F2,I50,N=C(N)NOCCNC(=O)Cc1c(Cl)ccc(NCC(F)(F)c2ccccc2)c1F
2R2B,P01837,IGKC,ZN,[Zn+2]
2R1Y,P01837,IGKC,MG ZN,[Mg+2] [Zn+2]
2R1W,P01837,IGKC,ZN MG,[Zn+2] [Mg+2]
2R0H,Q206Z5,CGL3,,
2QZR,P28720,TGT,GOL S79 ZN,OCC(O)CO Nc1nc2cc3[nH]c(NCc4cccc5ccccc45)nc3cc2c(=O)[nH]1 [Zn+2]
2QX0,A0A5P8YCA3,FOLK,PH2 APC MG,Nc1nc2c(c(=O)[nH]1)N=C(CO)CN2 Nc1ncnc2c1ncn2[C@@H]1O[C@H](CO[P@](=O)(O)C[P@](=O)(O)OP(=O)(O)O)[C@@H](O)[C@H]1O [Mg+2]
2QWF,P03472,NA,G20 CA NAG,CCCN(C)C(=O)[C@@H]1OC(C(=O)O)=C[C@H](NC(=N)N)[C@H]1NC(C)=O [Ca+2] CC(=O)N[C@@H]1[C@@H](O)[C@H](O)[C@@H](CO)O[C@H]1O
2QWE,P03472,NA,NAG CA ZMR,CC(=O)N[C@@H]1[C@@H](O)[C@H](O)[C@@H](CO)O[C@H]1O [Ca+2] CC(=O)N[C@H]1[C@H]([C@H](O)[C@H](O)CO)OC(C(=O)O)=C[C@@H]1NC(=N)N
2QWD,P03472,NA,4AM CA NAG,CC(=O)N[C@H]1[C@H]([C@H](O)[C@H](O)CO)OC(C(=O)O)=C[C@@H]1N [Ca+2] CC(=O)N[C@@H]1[C@@H](O)[C@H](O)[C@@H](CO)O[C@H]1O
2QWC,P03472,NA,DAN CA NAG,CC(=O)N[C@H]1[C@H]([C@H](O)[C@H](O)CO)OC(C(=O)O)=C[C@@H]1O [Ca+2] CC(=O)N[C@@H]1[C@@H](O)[C@H](O)[C@@H](CO)O[C@H]1O
2QWB,P03472,NA,NAG SIA CA,CC(=O)N[C@@H]1[C@@H](O)[C@H](O)[C@@H](CO)O[C@H]1O CC(=O)N[C@H]1[C@H]([C@H](O)[C@H](O)CO)O[C@@](O)(C(=O)O)C[C@@H]1O [Ca+2]
2QW1,P0AEE5,MGLB,3MG NA CA,CO[C@@H]1[C@@H](O)[C@H](O)O[C@H](CO)[C@H]1O [Na+] [Ca+2]
2QVU,P00636,FBP1,FDP MG PO4,O=P(O)(O)OC[C@H]1O[C@@](CO)(OP(=O)(O)O)[C@@H](O)[C@@H]1O [Mg+2] O=P([O-])([O-])[O-]
2QV7,Q6GFF9,DAGK,ADP MG,Nc1ncnc2c1ncn2[C@@H]1O[C@H](CO[P@](=O)(O)OP(=O)(O)O)[C@@H](O)[C@H]1O [Mg+2]
2QU6,P35968,KDR,SO4 857,O=S(=O)([O-])[O-] CNC(=O)c1cc(Oc2ccc3oc(Nc4ccc(Cl)c(OC[C@@H]5CCCN5C)c4)nc3c2)ccn1
2QTU,Q92731,ESR2,3AS,COCc1cc(O)cc2c1O[C@@H](c1ccc(O)cc1)[C@H]1CC(F)(F)C[C@@H]21
2QTT,Q9T0I8,MTN1,ADE EDO FMC,Nc1ncnc2[nH]cnc12 OCCO Nc1ncnc2c([C@@H]3O[C@H](CO)[C@@H](O)[C@H]3O)n[nH]c12
2QTN,Q6HT60,,MG GOL NCN,[Mg+2] OCC(O)CO O=C(O)c1ccc[n+]([C@@H]2O[C@H](COP(=O)([O-])O)[C@@H](O)[C@H]2O)c1
2QTG,Q9T0I8,MTN1,MTH EDO,CSC[C@H]1O[C@@H](n2ccc3c(N)ncnc32)[C@H](O)[C@@H]1O OCCO
2QTA,P0AFG8,ACEE,MG TPP,[Mg+2] Cc1ncc(C[n+]2csc(CCO[P@](=O)(O)OP(=O)(O)O)c2C)c(N)n1
2QRY,P31550,THIB,TPS,Cc1ncc(C[n+]2csc(CCOP(=O)(O)O)c2C)c(N)n1
2QRQ,P00489,PYGM,DMS S13,CS(C)=O Cc1ccc([C@@H]2C[C@]3(ON2)O[C@H](CO)[C@@H](O)[C@H](O)[C@H]3O)cc1
2QRP,P00489,PYGM,S06 DMS,OC[C@H]1O[C@@]2(C[C@@H](c3ccc4ccccc4c3)NO2)[C@H](O)[C@@H](O)[C@@H]1O CS(C)=O
2QRM,P00489,PYGM,M09,O=[N+]([O-])c1ccc([C@@H]2C[C@]3(ON2)O[C@H](CO)[C@@H](O)[C@H](O)[C@H]3O)cc1
2QRL,P38998,LYS1,OGA,O=C(O)CNC(=O)C(=O)O
2QRK,P38998,LYS1,AMP,Nc1ncnc2c1ncn2[C@@H]1O[C@H](COP(=O)(O)O)[C@@H](O)[C@H]1O
2QRH,P00489,PYGM,M08,OC[C@H]1O[C@@]2(CC(c3ccccc3)=NO2)[C@H](O)[C@@H](O)[C@@H]1O
2QRG,P00489,PYGM,M07,COc1ccc(C2=NO[C@@]3(C2)O[C@H](CO)[C@@H](O)[C@H](O)[C@H]3O)cc1
2QPU,P00693,AMY1.1,CA EDO QPU BGC,[Ca+2] OCCO C[C@@H]1[C@@H](O)[C@H](O)[C@@H](O)[C@@H](N[C@H]2[C@H](O)[C@@H](O)[C@@H](O[C@H]3[C@H](O)[C@@H](O)CO[C@@H]3CO)O[C@@H]2C)[C@@H]1O OC[C@H]1O[C@@H](O)[C@H](O)[C@@H](O)[C@@H]1O
2QPQ,Q7W019,BP0682,CIT,O=C(O)CC(O)(CC(=O)O)C(=O)O
2QNP,P03367,GAG-POL,CL QN2,[Cl-] O=S(=O)(c1ccccc1)N(Cc1ccc(I)cc1)[C@H]1CNC[C@@H]1N(Cc1ccc(I)cc1)S(=O)(=O)c1ccccc1
2QNN,P03367,GAG-POL,GOL CL QN1,OCC(O)CO [Cl-] NC(=O)c1ccc(S(=O)(=O)N(Cc2ccc(C(F)(F)F)cc2)[C@H]2CNC[C@@H]2N(Cc2ccc(C(F)(F)F)cc2)S(=O)(=O)c2ccc(C(N)=O)cc2)cc1
2QN3,P00489,PYGM,F55,O=C(NC(=O)c1ccc(Cl)cc1)N[C@@H]1O[C@H](CO)[C@@H](O)[C@H](O)[C@H]1O
2QMJ,O43451,MGAM,NAG GOL SO4,CC(=O)N[C@@H]1[C@@H](O)[C@H](O)[C@@H](CO)O[C@H]1O OCC(O)CO O=S(=O)([O-])[O-]
2QMG,P56817,BACE1,TAR SC6,O=C(O)[C@@H](O)[C@H](O)C(=O)O COC[C@H]1CCCN1C(=O)c1cc(C)cc(C(=O)N[C@@H](Cc2cc(F)cc(F)c2)[C@H](O)[C@H]2C[C@@H](Oc3ccccc3)CN2)c1
2QM9,P04117,FABP4,TDZ SO4,Cc1c(C)c2c(c(C)c1O)CC[C@](C)(COc1ccc(C[C@H]3SC(=O)NC3=O)cc1)O2 O=S(=O)([O-])[O-]
2QLN,P00489,PYGM,F59,O=C(NC(=O)c1ccc(-c2ccccc2)cc1)N[C@@H]1O[C@H](CO)[C@@H](O)[C@H](O)[C@H]1O
2QLM,P00489,PYGM,F68,Cc1ccc(C(=O)NC(=O)N[C@@H]2O[C@H](CO)[C@@H](O)[C@H](O)[C@H]2O)cc1
2QI7,P03369,GAG-POL,MZ9 ACT PO4,CCC(=O)CCC(=O)N[C@@H](Cc1ccccc1)[C@H](O)CN(C[C@@H](C)CC)S(=O)(=O)c1ccc(OC)cc1 CC(=O)[O-] O=P([O-])([O-])[O-]
2QI6,P03369,GAG-POL,PO4 MZ8,O=P([O-])([O-])[O-] CC(C)CN(C[C@@H](O)[C@H](Cc1ccccc1)NC(=O)c1cccc(O)c1)S(=O)(=O)c1ccc2ncsc2c1
2QI5,P03369,GAG-POL,MZ7 PO4,CCCCCN(C[C@@H](O)[C@H](Cc1ccccc1)NC(=O)[C@@H](NC(C)=O)C(C)C)S(=O)(=O)c1ccc2ncsc2c1 O=P([O-])([O-])[O-]
2QI4,P03369,GAG-POL,ACT MZ6 PO4,CC(=O)[O-] CC[C@H](C)CN(C[C@@H](O)[C@H](Cc1ccccc1)NC(=O)c1cccc(O)c1)S(=O)(=O)c1ccc2ncsc2c1 O=P([O-])([O-])[O-]
2QI3,P03369,GAG-POL,MZ5 PO4,CC[C@H](C)CN(C[C@@H](O)[C@H](Cc1ccccc1)NC(=O)[C@@H](O)C(C)C)S(=O)(=O)c1ccc2ncsc2c1 O=P([O-])([O-])[O-]
2QI1,P03369,GAG-POL,PO4 MZ4,O=P([O-])([O-])[O-] COc1cccc(S(=O)(=O)N(Cc2cccs2)C[C@@H](O)[C@H](Cc2ccccc2)NC(=O)c2ccc(O)c(O)c2)c1
2QI0,P03369,GAG-POL,PO4 MZ3,O=P([O-])([O-])[O-] COc1cccc(S(=O)(=O)N(Cc2cccs2)C[C@@H](O)[C@H](Cc2ccccc2)NC(=O)c2cccc(F)c2C)c1
2QHZ,P03369,GAG-POL,MZ2 PO4,C/C(=C\C(=O)N[C@@H](Cc1ccccc1)[C@H](O)CN(Cc1cccs1)S(=O)(=O)c1cc(F)c(F)cc1F)C(F)(F)F O=P([O-])([O-])[O-]
2QHY,P03369,GAG-POL,PO4 ACT MZ1,O=P([O-])([O-])[O-] CC(=O)[O-] CC(=O)N[C@@H](C)C(=O)N[C@@H](Cc1ccccc1)[C@H](O)CN(Cc1cccs1)S(=O)(=O)c1cc(F)c(F)cc1F
2QHD,P48650,,DAO,CCCCCCCCCCCC(=O)O
2QG0,P07900,HSP90AA1,A94,Cc1cc(CNS(=O)(=O)c2cccc(N/C=C3\CCOC3=O)c2)nc(N)n1
2QFU,P0A6D3,AROA,GPJ S3P FMT,O=C(O)C[NH2+]CP(=O)(O)O O=C(O)C1=C[C@@H](OP(=O)(O)O)[C@@H](O)[C@H](O)C1 O=CO
2QFO,P07900,HSP90AA1,A13 A51,Cc1cc(C(F)(F)F)nc(N)n1 O=C1OCC/C1=C\Nc1ccccc1
2QEH,Q7PNF2,D7R4,SRO,NCCc1c[nH]c2ccc(O)cc12
2QDT,P52700,,ZN SO4 I38,[Zn+2] O=S(=O)([O-])[O-] C[C@@H](NC(=O)CCS)C(=O)O
2QD8,P03367,GAG-POL,NA CL ACT 065,[Na+] [Cl-] CC(=O)[O-] CC(C)CN(C[C@@H](O)[C@H](Cc1ccccc1)NC(=O)O[C@H]1CO[C@H]2OCC[C@H]21)S(=O)(=O)c1ccc2c(c1)OCO2
2QD7,P03367,GAG-POL,PO4 DMS GOL 065,O=P([O-])([O-])[O-] CS(C)=O OCC(O)CO CC(C)CN(C[C@@H](O)[C@H](Cc1ccccc1)NC(=O)O[C@H]1CO[C@H]2OCC[C@H]21)S(=O)(=O)c1ccc2c(c1)OCO2
2QD6,P03367,GAG-POL,NA CL ACT 065,[Na+] [Cl-] CC(=O)[O-] CC(C)CN(C[C@@H](O)[C@H](Cc1ccccc1)NC(=O)O[C@H]1CO[C@H]2OCC[C@H]21)S(=O)(=O)c1ccc2c(c1)OCO2
2QCI,P03367,GAG-POL,065 ACT CL NA,CC(C)CN(C[C@@H](O)[C@H](Cc1ccccc1)NC(=O)O[C@H]1CO[C@H]2OCC[C@H]21)S(=O)(=O)c1ccc2c(c1)OCO2 CC(=O)[O-] [Cl-] [Na+]
2QBU,O27402,MTH_1348,SAH,Nc1ncnc2c1ncn2[C@@H]1O[C@H](CSCC[C@H](N)C(=O)O)[C@@H](O)[C@H]1O
2QBS,P18031,PTPN1,024,O=C(O)COc1c(C(=O)O)sc(-c2cccc(NC3CCCCC3)c2)c1Br
2Q8Z,Q8IJH3,PF3D7_1023200,PEG 7PE NUP SO4,OCCOCCO CCOCCOCCOCCOCCOCCOCCO Nc1cc(=O)[nH]c(=O)n1[C@@H]1O[C@H](COP(=O)(O)O)[C@@H](O)[C@H]1O O=S(=O)([O-])[O-]
2Q8M,P0A993,FBP,AMP CL MG FBP BG6,Nc1ncnc2c1ncn2[C@@H]1O[C@H](COP(=O)(O)O)[C@@H](O)[C@H]1O [Cl-] [Mg+2] O=P(O)(O)OC[C@H]1O[C@](O)(COP(=O)(O)O)[C@@H](O)[C@@H]1O O=P(O)(O)OC[C@H]1O[C@@H](O)[C@H](O)[C@@H](O)[C@@H]1O
2Q89,Q92WC8,EHUB,CD 6CS,[Cd+2] CC1=N[C@H](C(=O)O)[C@@H](O)CN1
2Q88,Q92WC8,EHUB,CD 4CS,[Cd+2] CC1=N[C@H](C(=O)O)CCN1
2Q7Y,P11609,CD1D1,NAG IGC PLM,CC(=O)N[C@@H]1[C@@H](O)[C@H](O)[C@@H](CO)O[C@H]1O CCCCCCCCCCCCC/C=C/[C@@H](O)[C@H](CO[C@@H]1O[C@H](CO)[C@@H](O[C@@H]2O[C@H](CO)[C@H](O)[C@H](OC3OC(CO)C(O)C(O)C3O)[C@H]2O)[C@H](O)[C@H]1O)NC(=O)CCCCCCC CCCCCCCCCCCCCCCC(=O)O
2Q7Q,P84887,AAUA,C2B,NCc1ccc(Cl)cc1
2Q6M,Q5EK40,CHXA,P34,CN(C)CC(=O)Nc1ccc2[nH]c(=O)c3ccccc3c2c1
2Q6F,P0C6V5,1A,,
2Q64,P03367,GAG-POL,1UN,Cc1c(O)cccc1C(=O)N[C@@H](CSc1ccccc1)[C@H](O)CN1C[C@H]2CCCC[C@H]2C[C@H]1C(=O)NC(C)(C)C
2Q63,P03367,GAG-POL,1UN,Cc1c(O)cccc1C(=O)N[C@@H](CSc1ccccc1)[C@H](O)CN1C[C@H]2CCCC[C@H]2C[C@H]1C(=O)NC(C)(C)C
2Q5K,O38710,POL,AB1 PO4,Cc1cccc(C)c1OCC(=O)N[C@@H](Cc1ccccc1)[C@@H](O)C[C@H](Cc1ccccc1)NC(=O)[C@H](C(C)C)N1CCCNC1=O O=P([O-])([O-])[O-]
2Q55,O38719,POL,MU0 PO4,CC(C)[C@@H](C(=O)N[C@@H](Cc1ccccc1)C[C@H](O)[C@H](Cc1ccccc1)NC(=O)[C@@H]1CN(c2ccccc2)C(=O)O1)N1CCCNC1=O O=P([O-])([O-])[O-]
2Q54,O38710,POL,MU1 ACT PO4,CC(=O)N[C@H](C(=O)N[C@@H](Cc1ccccc1)C[C@H](O)[C@H](Cc1ccccc1)NC(=O)[C@@H]1CN(c2cccc(C(C)=O)c2)C(=O)O1)C(C)C CC(=O)[O-] O=P([O-])([O-])[O-]
2Q38,P00918,CA2,ZN HG LSA BEZ GOL,[Zn+2] [Hg+2] O=C1NS(=O)(=O)c2ccccc21 O=C(O)c1ccccc1 OCC(O)CO
2Q2A,D0VWX8,,SO4 ARG,O=S(=O)([O-])[O-] NC(=[NH2+])NCCC[C@H](N)C(=O)O
2Q1Q,P00918,CA2,ZN HG OSP,[Zn+2] [Hg+2] NS(=O)(=O)c1ccc(N2CCCCS2(=O)=O)cc1
2PZV,P07445,KSI,IPH,Oc1ccccc1
2PYY,D0VWX9,,GLU,N[C@@H](CCC(=O)O)C(=O)O
2PYN,P03367,GAG-POL,1UN,Cc1c(O)cccc1C(=O)N[C@@H](CSc1ccccc1)[C@H](O)CN1C[C@H]2CCCC[C@H]2C[C@H]1C(=O)NC(C)(C)C
2PYM,P03367,GAG-POL,1UN,Cc1c(O)cccc1C(=O)N[C@@H](CSc1ccccc1)[C@H](O)CN1C[C@H]2CCCC[C@H]2C[C@H]1C(=O)NC(C)(C)C
2PYI,P00489,PYGM,DL8 DMS,O=C(Cn1cc(-c2ccccc2)nn1)N[C@@H]1O[C@H](CO)[C@@H](O)[C@H](O)[C@H]1O CS(C)=O
2PY4,P9WNS5,DUT,MG DUP TRS,[Mg+2] O=c1ccn([C@H]2C[C@H](O)[C@@H](CO[P@@](=O)(O)N[P@@](=O)(O)OP(=O)(O)O)O2)c(=O)[nH]1 [NH3+]C(CO)(CO)CO
2PWR,P03367,GAG-POL,GOL G4G CL,OCC(O)CO NC(=O)c1ccc(S(=O)(=O)N(Cc2ccccc2)[C@H]2CNC[C@@H]2N(Cc2ccccc2)S(=O)(=O)c2ccc(C(N)=O)cc2)cc1 [Cl-]
2PWG,Q2PS28,MUTB,CA CTS,[Ca+2] O[C@H]1[C@H](O)[C@@H](O)CN2CC[C@H](O)[C@H]12
2PWD,Q2PS28,MUTB,CA NOJ,[Ca+2] OC[C@H]1NC[C@H](O)[C@@H](O)[C@@H]1O
2PWC,P03367,GAG-POL,GOL G3G CL,OCC(O)CO Nc1ccc(S(=O)(=O)N(Cc2ccccc2)[C@H]2CNC[C@@H]2N(Cc2ccccc2)S(=O)(=O)c2ccc(N)cc2)cc1 [Cl-]
2PVU,D0VWX8,,SO4 LYS,O=S(=O)([O-])[O-] N[C@@H](CCCC[NH3+])C(=O)O
2PVN,P28523,ACK2,P63,CC(=O)Nc1cccc(Nc2nc(Nc3ccccc3)n3ncc(C#N)c3n2)c1
2PVM,P28523,ACK2,P29,N#Cc1cnn2c(NCCc3cnc[nH]3)nc(Nc3ccccc3)nc12
2PVL,P28523,ACK2,P55,CCN1CCN(c2nc(Nc3ccccc3)n3ncc(C#N)c3n2)CC1
2PVK,P28523,ACK2,P45,N#Cc1cnn2c(Nc3ccccc3)nc(NCc3ccc(Cl)cc3)nc12
2PVJ,P28523,ACK2,P44,N#Cc1cnn2c(Nc3ccccc3)nc(NCC3CCCCC3)nc12
2PVH,P28523,ACK2,P19,c1ccc(Nc2nc(Nc3ccccc3)n3nccc3n2)cc1
2PU2,P00811,AMPC,PO4 DK2,O=P([O-])([O-])[O-] O=C(O)c1ccc2c(c1)C(=O)N([C@H](Cc1ccc(O)cc1)C(=O)O)C2=O
2PU1,Q9NDH8,,EDO FSG ZN,OCCO O=C(NO)[C@@H](F)P(=O)(O)O [Zn+2]
2PTZ,Q38BV6,TB10.70.4740,ZN PAH EDO,[Zn+2] O=C(CP(=O)(O)O)NO OCCO
2PSU,O38723,POL,PO4 ACT MUU,O=P([O-])([O-])[O-] CC(=O)[O-] CNC(=O)CCC(=O)N[C@@H](Cc1ccccc1)[C@H](O)CN(CC1CC1)S(=O)(=O)c1cccc(OC)c1
2PRJ,P00489,PYGM,IMP PLP NBG,O=c1[nH]cnc2c1ncn2[C@@H]1O[C@H](COP(=O)(O)O)[C@@H](O)[C@H]1O Cc1ncc(COP(=O)(O)O)c(C=O)c1O CC(=O)N[C@@H]1O[C@H](CO)[C@@H](O)[C@H](O)[C@H]1O
2PRI,P00489,PYGM,PLP D6G,Cc1ncc(COP(=O)(O)O)c(C=O)c1O O=P(O)(O)OC[C@H]1O[C@H](O)C[C@@H](O)[C@@H]1O
2PQZ,P03367,GAG-POL,G0G CL,O=S(=O)(c1ccccc1)N(Cc1ccccc1)[C@H]1CNC[C@@H]1N(Cc1ccccc1)S(=O)(=O)c1ccccc1 [Cl-]
2PQL,Q7PNF2,D7R4,TSS,NCCc1c[nH]c2ccccc12
2PQC,Q9R4E4,AROA,RC1,C[C@](O[C@@H]1CC(C(=O)O)=C[C@@H](OP(=O)(O)O)[C@H]1O)(C(=O)O)P(=O)(O)O
2PQB,Q9R4E4,AROA,GG9,O=C(O)C1=C[C@@H](OP(=O)(O)O)[C@@H](O)[C@H](O[C@@](OP(=O)(O)O)(C(=O)O)C(F)F)C1
2POW,P00918,CA2,I7C ZN,Nc1cc(C(F)(F)F)c(S(N)(=O)=O)cc1S(N)(=O)=O [Zn+2]
2POV,P00918,CA2,ZN I7B,[Zn+2] Nc1cc(Cl)c(S(N)(=O)=O)cc1S(N)(=O)=O
2PNC,Q29437,,CU CA CL CLU,[Cu+2] [Ca+2] [Cl-] Clc1cccc(Cl)c1N=C1NCCN1
2PMK,P08716,HLYB,128 ADP,Nc1ncnc2c1ncn2[C@@H]1O[C@H](COP(=O)(O)OP(=O)(O)OP(=O)(O)O)[C@H]2OC3(O[C@H]21)C([N+](=O)[O-])=CC(=[N+]([O-])O)C=C3[N+](=O)[O-] Nc1ncnc2c1ncn2[C@@H]1O[C@H](CO[P@](=O)(O)OP(=O)(O)O)[C@@H](O)[C@H]1O
2PK6,P03367,GAG-POL,O33 GOL,CSC[C@H](NC(=O)COc1cccc2cnccc12)C(=O)N[C@@H](Cc1ccccc1)[C@H](O)C(=O)N1CSC(C)(C)[C@H]1C(=O)N[C@H]1c2ccccc2C[C@H]1O OCC(O)CO
2PK5,P03367,GAG-POL,075 GOL,CC1(C)SCN(C(=O)[C@@H](O)[C@H](Cc2ccccc2)NC(=O)[C@H](CS(C)(=O)=O)NC(=O)COc2cccc3cnccc23)[C@@H]1C(=O)N[C@H]1c2ccccc2C[C@H]1O OCC(O)CO
2PJO,P02879,,NMU SO4,CNC(N)=O O=S(=O)([O-])[O-]
2PGZ,Q8WSF8,LOC100533247,COC NAG PG4,COC(=O)[C@H]1[C@@H](OC(=O)c2ccccc2)C[C@@H]2CC[C@H]1N2C CC(=O)N[C@@H]1[C@@H](O)[C@H](O)[C@@H](CO)O[C@H]1O OCCOCCOCCOCCO
2PFY,Q7VXB1,BP1891,PCA,O=C1CC[C@@H](C(=O)O)N1
2PBW,P22756,GRIK1,DOQ,C/C(=C/C=C/[C@@H](C)C(=O)O)[C@H]1CN[C@H](C(=O)O)[C@H]1CC(=O)O
2P98,P0AE18,MAP,YE7 NA MN,NNC(=O)c1cn2ccc3ccccc3c2n1 [Na+] [Mn+2]
2P95,P00742,F10,ME5,O=C(N[C@H]1CCC[C@H]1NC(=O)c1ccc(Cl)s1)c1ccc(-n2ccccc2=O)cc1
2P94,P00742,F10,ME4,O=C(N[C@H]1CCCC[C@H]1NC(=O)c1ccc2c(Cl)c[nH]c2c1)c1ccc(-n2ccccc2=O)cc1
2P7Z,P62508,ESRRG,OHT,CC/C(=C(\c1ccc(O)cc1)c1ccc(OCCN(C)C)cc1)c1ccccc1
2P7G,P62508,ESRRG,NA 2OH,[Na+] CC(C)(c1ccc(O)cc1)c1ccc(O)cc1
2P7A,P62508,ESRRG,43M,Cc1cc(O)ccc1Cl
2P53,P0AF18,NAGA,ZN NNG,[Zn+2] C[P@](=O)(O)N[C@@H]1[C@@H](O)[C@H](O)[C@@H](COP(=O)(O)O)O[C@@H]1O
2P4S,A4Q998,PNP,DIH PO4,O=c1[nH]cnc2c(C[NH+]3C[C@H](CO)[C@@H](O)C3)c[nH]c12 O=P([O-])([O-])[O-]
2P4J,P56817,BACE1,23I,CC(C)C[C@H](NC(=O)c1cc(C(=O)N[C@H](C)c2ccccc2)cc(N(C)S(C)(=O)=O)c1)[C@@H](O)C[C@@H](C)C(=O)N[C@H](C(=O)NC(C)C)C(C)C
2P3I,P12473,,SO4 MNA,O=S(=O)([O-])[O-] CO[C@]1(C(=O)O)C[C@H](O)[C@@H](NC(C)=O)[C@H]([C@H](O)[C@H](O)CO)O1
2P3C,Q6Q004,POL,3TL ACY,CC(C)[C@H](NC(=O)[C@H](C)NC(=O)OCc1ccccc1)C(=O)N[C@@H](Cc1ccccc1)[C@@H](O)[C@H](O)[C@H](Cc1ccccc1)NC(=O)[C@@H](NC(=O)[C@H](C)NC(=O)OCc1ccccc1)C(C)C CC(=O)O
2P3B,P03367,GAG-POL,3TL,CC(C)[C@H](NC(=O)[C@H](C)NC(=O)OCc1ccccc1)C(=O)N[C@@H](Cc1ccccc1)[C@@H](O)[C@H](O)[C@H](Cc1ccccc1)NC(=O)[C@@H](NC(=O)[C@H](C)NC(=O)OCc1ccccc1)C(C)C
2P3A,Q6BB74,POL,3TL,CC(C)[C@H](NC(=O)[C@H](C)NC(=O)OCc1ccccc1)C(=O)N[C@@H](Cc1ccccc1)[C@@H](O)[C@H](O)[C@H](Cc1ccccc1)NC(=O)[C@@H](NC(=O)[C@H](C)NC(=O)OCc1ccccc1)C(C)C
2P2A,P19491,GRIA2,SO4 GLU MP9,O=S(=O)([O-])[O-] N[C@@H](CCC(=O)O)C(=O)O N[C@@H](Cc1c(O)noc1-c1nnn(Cc2ccccc2)n1)C(=O)O
2P09,,,ZN CL ATP 1PE,[Zn+2] [Cl-] Nc1ncnc2c1ncn2[C@@H]1O[C@H](CO[P@@](=O)(O)O[P@](=O)(O)OP(=O)(O)O)[C@@H](O)[C@H]1O OCCOCCOCCOCCOCCO
2OZ2,P25779,,SO4 D1R,O=S(=O)([O-])[O-] CN1CCN(C(=O)N[C@@H](Cc2ccccc2)C(=O)N[C@@H](CCc2ccccc2)CCS(=O)(=O)c2ccccc2)CC1
2OYM,O33853,,NA MNI,[Na+] CN(C)c1ccc(C(=O)NC[C@H]2N[C@H](CO)[C@@H](O)[C@@H]2O)cc1
2OXY,P28523,ACK2,K17,Brc1c(Br)c(Br)c2[nH]cnc2c1Br
2OXX,P28523,ACK2,K22,S=c1[nH]c2c(Br)c(Br)c(Br)c(Br)c2[nH]1
2OXN,Q9KU37,NAGZ,OAN,CC(=O)N[C@H]1/C(=N\OC(=O)Nc2ccccc2)O[C@H](CO)[C@@H](O)[C@@H]1O
2OXD,P28523,ACK2,K32,O=c1[nH]c2c(Br)c(Br)c(Br)c(Br)c2[nH]1
2OVY,Q9QYJ6,PDE10A,SO4 ZN MG PFJ,O=S(=O)([O-])[O-] [Zn+2] [Mg+2] COc1cc2ncnc(N3CC[C@@H](Oc4cnc5ccccc5n4)C3)c2cc1OC
2OVV,Q9QYJ6,PDE10A,SO4 ZN MG PFH,O=S(=O)([O-])[O-] [Zn+2] [Mg+2] COc1cc2ncnc(N3CC[C@@H](Oc4ccc5ccccc5c4)C3)c2cc1OC
2OV4,P00953,TRPS,CS AQP ANL GOL,[Cs+] Nc1ncnc2c1ncn2[C@@H]1O[C@H](CO[P@](=O)(O)O[P@@](=O)(O)O[P@@](=O)(O)OP(=O)(O)O)[C@@H](O)[C@H]1O Nc1ccccc1 OCC(O)CO
2OU0,P00720,E,MR3 PO4,Cn1cccc1 O=P([O-])([O-])[O-]
2OTZ,P00720,E,1MR PO4,CNc1ccccc1 O=P([O-])([O-])[O-]
2OT1,P00883,ALDOA,N3P,O=C(Nc1ccc(Cl)cc1)c1cc2ccccc2cc1OP(=O)(O)O
2OPY,P98170,XIAP,ZN CO9,[Zn+2] C[C@H](N)c1nc(C(=O)N2CCC[C@H]2C(=O)N[C@@H](Cc2c[nH]c3ccccc23)C(=O)O)co1
2ON6,P00491,PNP,IMH,O=c1[nH]cnc2c([C@@H]3N[C@H](CO)[C@@H](O)[C@H]3O)c[nH]c12
2OJJ,P28482,MAPK1,SO4 82A,O=S(=O)([O-])[O-] O=C(N[C@H](CO)c1ccc(F)c(Cl)c1)c1cc(-c2n[nH]cc2-c2cccc(Cl)c2)c[nH]1
2OJG,P28482,MAPK1,SO4 19A,O=S(=O)([O-])[O-] CN(C)C(=O)c1cc(-c2n[nH]cc2-c2ccccc2)c[nH]1
2OIQ,P00523,SRC,STI GOL,Cc1ccc(NC(=O)c2ccc(CN3CCN(C)CC3)cc2)cc1Nc1nccc(-c2cccnc2)n1 OCC(O)CO
2OI2,A0A0H2UNK6,MVAK1,MG DP6,[Mg+2] C[C@@](O)(CCO[P@@](=O)(O)OP(=O)(O)O)CC(=O)O
2OI0,P78536,ADAM17,ZN 283,[Zn+2] CC#CCOc1ccc(S(=O)(=O)N2CC[C@H](S)C2)cc1
2OGY,Q46389,ACSE,CA C2F,[Ca+2] CN1c2c(nc(N)[nH]c2=O)NC[C@@H]1CNc1ccc(C(=O)N[C@@H](CCC(=O)O)C(=O)O)cc1
2OC2,P12821,ACE,ZN CL RX3,[Zn+2] [Cl-] O=C(N[C@@H](Cc1ccccc1)[P@@](=O)(O)[C@@H]1CCC[C@H]1C(=O)N[C@@H](Cc1c[nH]c2ccccc12)C(=O)O)OCc1ccccc1
2OAX,P08235,NR3C2,SNL,CC(=O)S[C@@H]1CC2=CC(=O)CC[C@]2(C)[C@H]2CC[C@@]3(C)[C@@H](CC[C@@]34CCC(=O)O4)[C@H]12
2O9R,P22505,BGLB,,
2O8H,Q9QYJ6,PDE10A,ZN MG 227,[Zn+2] [Mg+2] COc1cc2ncnc(N3CCc4cccc(S(=O)(=O)N5CCN(C)CC5)c4C3)c2cc1OC
2O4S,Q5RZ08,POL,CL AB1 GOL,[Cl-] Cc1cccc(C)c1OCC(=O)N[C@@H](Cc1ccccc1)[C@@H](O)C[C@H](Cc1ccccc1)NC(=O)[C@H](C(C)C)N1CCCNC1=O OCC(O)CO
2O4R,P13053,VDR,VD5,C=C1[C@H](O)CC(=C/C=C2\CCC[C@]3(C)/C(=C(/C)CCCC(C)(C)O)CC[C@@H]23)C[C@H]1O
2O4P,P03367,GAG-POL,TPV GOL,CCC[C@@]1(CCc2ccccc2)CC(O)=C([C@H](CC)c2cccc(NS(=O)(=O)c3ccc(C(F)(F)F)cn3)c2)C(=O)O1 OCC(O)CO
2O4N,Q90SN9,POL,TPV GOL,CCC[C@@]1(CCc2ccccc2)CC(O)=C([C@H](CC)c2cccc(NS(=O)(=O)c3ccc(C(F)(F)F)cn3)c2)C(=O)O1 OCC(O)CO
2O4L,Q1G1C3,POL,CL TPV GOL,[Cl-] CCC[C@@]1(CCc2ccccc2)CC(O)=C([C@H](CC)c2cccc(NS(=O)(=O)c3ccc(C(F)(F)F)cn3)c2)C(=O)O1 OCC(O)CO
2O4K,Q903J0,,CL DR7,[Cl-] COC(=O)N[C@H](C(=O)N[C@@H](Cc1ccccc1)[C@@H](O)CN(Cc1ccc(-c2ccccn2)cc1)NC(=O)[C@@H](NC(=O)OC)C(C)(C)C)C(C)(C)C
2O0U,P53779,MAPK10,C0M,N#Cc1c(NC(=O)c2cccc3ccccc23)sc2c1CCN(C(=O)CCN1CCCCC1)C2
2NTA,P18031,PTPN1,521,O=C1CN(c2csc(-c3ccccc3)c2Cl)S(=O)(=O)N1
2NT7,P18031,PTPN1,902,O=C(O)COc1c(-c2nn[nH]n2)sc(-c2cccc(NC3CCN(S(=O)(=O)Cc4ccccc4)CC3)c2)c1Br
2NSL,P0AG18,PURE,C2R,Nc1c(C(=O)O)ncn1[C@@H]1O[C@H](COP(=O)(O)O)[C@@H](O)[C@H]1O
2NSJ,P0AG18,PURE,C2R,Nc1c(C(=O)O)ncn1[C@@H]1O[C@H](COP(=O)(O)O)[C@@H](O)[C@H]1O
2NNQ,P15090,FABP4,SO4 T4B,O=S(=O)([O-])[O-] CCc1c(-c2ccccc2)c(-c2ccccc2)nn1-c1ccccc1-c1cccc(OCC(=O)O)c1
2NND,P11589,MUP2,CD PRZ,[Cd+2] COc1nccnc1CC(C)C
2NN7,P00915,CA1,ZN M29 DMS,[Zn+2] CCOC(=O)CCc1ccc(S(N)(=O)=O)cc1 CS(C)=O
2WF5,P71447,PGMB,BG6 MG MGF,O=P(O)(O)OC[C@H]1O[C@@H](O)[C@H](O)[C@@H](O)[C@@H]1O [Mg+2] F[Mg-](F)F
2WGJ,P08581,MET,VGH,C[C@@H](Oc1cc(-c2cnn(C3CCNCC3)c2)cnc1N)c1c(Cl)ccc(F)c1Cl
2WQ5,P15445,,CA SO4 MIY,[Ca+2] O=S(=O)([O-])[O-] CN(C)c1ccc(O)c2c1C[C@H]1C[C@H]3[C@H](N(C)C)C(O)=C(C(N)=O)C(=O)[C@@]3(O)C(O)=C1C2=O
2X96,Q10714,ANCE,RX3 EPE ZN NAG,O=C(N[C@@H](Cc1ccccc1)[P@@](=O)(O)[C@@H]1CCC[C@H]1C(=O)N[C@@H](Cc1c[nH]c2ccccc12)C(=O)O)OCc1ccccc1 O=S(=O)(O)CCN1CCN(CCO)CC1 [Zn+2] CC(=O)N[C@@H]1[C@@H](O)[C@H](O)[C@@H](CO)O[C@H]1O
2XD9,Q48255,AROQ,XD9,C/C=C/c1cc2c(s1)[C@@H](O)[C@H](O)C[C@]2(O)C(=O)O
2XDA,Q48255,AROQ,JPS,O=C(O)[C@@]1(O)C[C@@H](O)[C@H](O)c2sc(CCC3CC3)cc21
2XDK,P07900,HSP90AA1,XDK,Nc1nccc(-c2cccnc2)n1
2XEI,Q04609,FOLH1,ZN CA CL NAG ARK,[Zn+2] [Ca+2] [Cl-] CC(=O)N[C@@H]1[C@@H](O)[C@H](O)[C@@H](CO)O[C@H]1O O=C(O)CC[C@H](NC(=O)N[C@@H](CCCCn1cc(COCCOCCNc2ccc([N+](=O)O)cc2[N+](=O)O)nn1)C(=O)O)C(=O)O
2XEJ,Q04609,FOLH1,OKD NAG CL CA ZN,COCCOCCOCCOCCOCc1cn(CCCC[C@H](NC(=O)N[C@@H](CCC(=O)O)C(=O)O)C(=O)O)nn1 CC(=O)N[C@@H]1[C@@H](O)[C@H](O)[C@@H](CO)O[C@H]1O [Cl-] [Ca+2] [Zn+2]
2XG9,P16098,BMY1,EDO,OCCO
2XGM,Q8PC69,XCC0866,LXN,O=C1NC(=O)C(=O)C(=O)N1
2XGO,Q8PC69,XCC0866,ZKD,CC(=O)N[C@H]1[C@@H](O)[C@H](O)[C@@H](CO)O[C@@H]1SP(=O)(O)OP(=O)(O)OC[C@H]1O[C@@H](n2ccc(=O)[nH]c2=O)[C@H](O)[C@@H]1O
2XHT,P07900,HSP90AA1,C0Y,CC(C)(C)c1cc(C(=O)N2CCOCC2)ccc1O
2XJ2,P11309,PIM1,985,CN1CCCN(c2cncc(-c3cccc(/C=C/C(=O)O)c3)n2)CC1
2XJG,P07900,HSP90AA1,XJG,COc1cc(O)c(C(=O)N2Cc3ccccc3C2)cc1C(C)C
2XJJ,P07900,HSP90AA1,L81 GOL,CC1(C)CNc2cc(O)c(C(=O)N3Cc4ccccc4C3)cc21 OCC(O)CO
2XJX,P07900,HSP90AA1,XJX,CC(C)c1cc(C(=O)N2Cc3ccc(CN4CCN(C)CC4)cc3C2)c(O)cc1O
2XM2,Q89ZI2,BT_4395,LOG GOL,CC(=O)N[C@H]1/C(=N\O)O[C@H](CO)[C@@H](O)[C@@H]1O OCC(O)CO
2XN3,P05543,SERPINA7,ID8,Cc1cccc(Nc2ccccc2C(=O)O)c1C
2XP7,Q13526,PIN1,4F8 12P,O=C(O)c1nc(-c2ccccc2)[nH]c1C(=O)O OCCOCCOCCOCCOCCOCCOCCOCCOCCOCCOCCOCCO
2XPK,Q0TR53,NAGJ,Z0M,O=C(CCS)N[C@H]1c2nc(CCc3ccccc3)cn2[C@H](CO)[C@@H](O)[C@@H]1O
2XV1,P40409,FEUA,PEG PO4 FE ECA,OCCOCCO O=P([O-])([O-])[O-] [Fe+3] O=C(NCc1cc(CNC(=O)c2cccc(O)c2O)cc(CNC(=O)c2cccc(O)c2O)c1)c1cccc(O)c1O
2XXR,P42260,GRIK2,GLU CL NA,N[C@@H](CCC(=O)O)C(=O)O [Cl-] [Na+]
2XYD,P12821,ACE,3ES ZN CL PEG PG4 P6G,O=C(N[C@@H](Cc1ccccc1)P(=O)(O)C[C@H](Cc1cc(-c2ccccc2)no1)C(=O)N[C@@H](Cc1ccc(O)cc1)C(=O)O)OCc1ccccc1 [Zn+2] [Cl-] OCCOCCO OCCOCCOCCOCCO OCCOCCOCCOCCOCCOCCO
2XYE,P12499,GAG-POL,CXG,CNC(=O)[C@@H](NC(=O)[C@@](O)(CCCN(Cc1ccc(-c2ccccc2)cc1)NC(=O)[C@@H](NC(=O)OC)C(C)(C)C)Cc1ccccc1)C(C)(C)C
2XYT,Q8WSF8,LOC100533247,TC9,COc1cc2c3cc1Oc1cc(ccc1O)C[C@@H]1c4c(cc(OC)c(O)c4Oc4ccc(cc4)C[C@@H]3[NH+](C)CC2)CC[N+]1(C)C
2Y3P,P0AES5,GYRA,MG SM8,[Mg+2] CC(=O)O[C@@H]1[C@@H](C)O[C@@H](c2ccc3c(c2O)[C@H](O)[C@]24O[C@@]2(C3=O)[C@@]2(O)C(=O)C=C(C)C[C@@]2(O)C[C@@H]4O)C[C@H]1OC(=O)/C=C/C=C/C=C/C=C/C(=O)Nc1c(O)c2ccc(O)c(Cl)c2oc1=O
2Y5G,P00742,F10,NA FJD,[Na+] C[N+](C)(C)CCCN1C(=O)[C@@H]2[C@H](C1=O)[C@H](c1ncc(-c3ccc(Cl)s3)o1)N1CCC[C@@H]21
2Y7P,Q7WT50,DNTR,SAL PEU,O=C(O)c1ccccc1O COCCOCCOCCOCCOCCOCCOCCOCCOCCOCCOCCOCCOCCOCCOCCOCCOCCOCCOCCOCCOCCOCCOCCOCCOCCOCCOCCO
2Y7X,P00742,F10,MZA CA MG,O=C1[C@@H](NS(=O)(=O)c2ccc3cc(Cl)ccc3c2)CCN1c1ccc2c(c1F)CCNC2 [Ca+2] [Mg+2]
2Y80,P00742,F10,439 CA MG,CN(C)[C@@H]1CCc2cc(N3CC[C@H](NS(=O)(=O)c4ccc5cc(Cl)ccc5c4)C3=O)ccc21 [Ca+2] [Mg+2]
2Y81,P00742,F10,931 CA MG,O=C1[C@@H](NS(=O)(=O)c2ccc3cc(Cl)ccc3c2)CCN1c1ccc([C@H]2CCCN2)cc1F [Ca+2] [Mg+2]
2Y82,P00742,F10,930 CA MG,O=C1[C@@H](NS(=O)(=O)c2ccc3cc(Cl)ccc3c2)CCN1c1ccc([C@@H]2CCCN2)cc1F [Ca+2] [Mg+2]
2Y9G,Q7Z8V1,LSLA,GOL,OCC(O)CO
2YA8,P62575,NANA,G39 CL FMT EDO,CCC(CC)O[C@@H]1C=C(C(=O)O)C[C@H](N)[C@H]1NC(C)=O [Cl-] O=CO OCCO
2YFX,Q9UM73,ALK,VGH,C[C@@H](Oc1cc(-c2cnn(C3CCNCC3)c2)cnc1N)c1c(Cl)ccc(F)c1Cl
2YOG,Q8I4S1,TMK,74X,Cc1cn([C@@H]2C[C@H](O)[C@@H](CNC(=S)Nc3ccc(Cl)c(C(F)(F)F)c3)O2)c(=O)[nH]c1=O
2ZGX,P00734,F2,29U NA,CC[C@@H](N)C(=O)N1CCC[C@H]1C(=O)NCc1ccc(C(=N)N)cc1 [Na+]
3AAQ,Q5ZUA2,LPG1905,ARU,CCN(CC)c1ncnc2c1ncn2[C@@H]1O[C@H](COP(=O)(O)OP(=O)(O)C(Br)(Br)P(=O)(O)O)[C@@H](O)[C@H]1O
3ALT,Q7M4F9,,CA,[Ca+2]
3AMA,P17612,PRKACA,SKE,Nc1nc(Nc2ccc(S(N)(=O)=O)cc2)nn1C(=O)c1c(F)cccc1F
3B26,P07900,HSP90AA1,B2L,Cc1cc(-c2ccc3c4c(cccc24)COC3)nc(N)n1
3BT9,P0A0N3,QACR,SO4 DEQ,O=S(=O)([O-])[O-] Cc1cc(N)c2ccccc2[n+]1CCCCCCCCCC[n+]1c(C)cc(N)c2ccccc21
3BU1,Q09JX9,,SO4 HSM,O=S(=O)([O-])[O-] NCCc1c[nH]cn1
3BVA,P03367,GAG-POL,GOL 2NC,OCC(O)CO CCCC[C@@H](CN[C@@H](CCCC)C(=O)N[C@@H](CCC(N)=O)C(=O)N[C@@H](CCCNC(N)=[NH2+])C(N)=O)NC(=O)[C@@H](NC(=O)[C@@H](NC(C)=O)[C@@H](C)O)[C@@H](C)CC
3C1K,P00734,F2,T15,Cc1ncn(CC(=O)NC(C)(C)C)c1CNC(=O)Cn1c(C)ccc(NS(=O)(=O)Cc2ccccc2)c1=O
3C4H,Q9Y6F1,PARP3,DMS DRL,CS(C)=O Cc1nc2c(c(=O)[nH]1)CSCC2
3C56,P56109,FBA,PH4 ZN,O=C(COP(=O)(O)O)N(O)CCCOP(=O)(O)O [Zn+2]
3C7I,P62993,GRB2,TVN FMT,CNC(=O)C[C@@H](Cc1ccc(OP(=O)(O)O)cc1)C(=O)N[C@H](C(=O)N[C@@H](CC(N)=O)C(N)=O)C(C)C O=CO
3C84,Q8WSF8,LOC100533247,TH4 IPA MG,N#CN=C1SCCN1Cc1ccc(Cl)nc1 CC(C)O [Mg+2]
3C8E,Q46845,YGHU,GSH,N[C@@H](CCC(=O)N[C@@H](CS)C(=O)NCC(=O)O)C(=O)O
3CCT,P04035,HMGCR,3HI,CC(C)c1c(C(=O)Nc2ccccc2O)c(-c2ccccc2)c(-c2ccc(F)cc2)n1CC[C@@H](O)C[C@@H](O)CC(=O)O
3CD0,P04035,HMGCR,6HI,CC(C)n1c(C(=O)NCc2ccc(F)cc2)nc(-c2ccc(F)cc2)c1CC[C@@H](O)C[C@@H](O)CC(=O)O
3CD5,P04035,HMGCR,7HI SO4,CCc1c(C(=O)Nc2ccc(-c3ccccc3)cc2)c2c(n1CC[C@@H](O)C[C@@H](O)CC(=O)O)CCCCC2 O=S(=O)([O-])[O-]
3CDB,P04035,HMGCR,9HI,CC(C)c1c(S(=O)(=O)Nc2ccc(C(N)=O)cc2)c(-c2ccc(F)cc2)c(-c2ccc(F)cc2)n1CC[C@@H](O)C[C@@H](O)CC(=O)O
3CF8,Q5G940,FABZ,QUE BEN CL,O=c1c(O)c(-c2ccc(O)c(O)c2)oc2cc(O)cc(O)c12 N=C(N)c1ccccc1 [Cl-]
3CJ5,P26663,,SX6,C[C@@H]1C[C@H](C)CN(C(=O)c2cc(Br)ccc2NC(=O)CCC(=O)N2CCOCC2)C1
3CK7,Q8A1G2,SUSD,CA,[Ca+2]
3CKE,Q9UR08,ARI1,CL FDF BME GOL MG POP,[Cl-] C/C(=C\CC/C(C)=C/CO[P@](=O)(O)OP(=O)(O)O)CCC=C(CF)CF OCCS OCC(O)CO [Mg+2] O=P([O-])(O)OP(=O)([O-])O
3CKR,P56817,BACE1,009,CN(C)c1cccc(CNC[C@@H](O)[C@H](Cc2ccccc2)NC(=O)[C@]2(Cc3ccccc3)CN(Cc3ccccc3)C(=O)N2)c1
3CKZ,Q6DPL2,NA,CA ZMR,[Ca+2] CC(=O)N[C@H]1[C@H]([C@H](O)[C@H](O)CO)OC(C(=O)O)=C[C@@H]1NC(=N)N
3CL0,Q6DPL2,NA,G39 CA,CCC(CC)O[C@@H]1C=C(C(=O)O)C[C@H](N)[C@H]1NC(C)=O [Ca+2]
3CM2,P98170,XIAP,X23 ZN,CC[C@H](N)C(=O)N[C@@H]1C(=O)N2[C@@H](CC[C@@H]1CN)CC[C@H]2C(=O)NC(c1ccccc1)c1ccccc1 [Zn+2]
3COW,P9WIL5,PANC,52H GOL EOH,CC(C)(C)[C@@H](O)C(=O)NS(=O)(=O)OC[C@H]1O[C@@H](n2cnc3c(N)ncnc32)[C@H](O)[C@@H]1O OCC(O)CO CCO
3CS7,P00742,F10,CA LG0,[Ca+2] COc1ccc(-n2nc(C(F)(F)F)c3c2C(=O)N(c2ccc(C4(CN5CCCC5)CC4)cc2)CC3)cc1
3D51,Q24451,ALPHA-MAN-IIA,ZN MRD GOX,[Zn+2] C[C@@H](O)CC(C)(C)O OC[C@H]1N/C(=N\O)[C@H](O)[C@@H](O)[C@@H]1O
3D50,Q24451,ALPHA-MAN-IIA,NAG ZN OEV MPD,CC(=O)N[C@@H]1[C@@H](O)[C@H](O)[C@@H](CO)O[C@H]1O [Zn+2] CCCCCCCCN[C@@H]1C=C(CO)[C@@H](O)[C@H](O)[C@H]1O C[C@H](O)CC(C)(C)O
3D4Y,Q24451,ALPHA-MAN-IIA,NAG ZN MRD MVL MPD,CC(=O)N[C@@H]1[C@@H](O)[C@H](O)[C@@H](CO)O[C@H]1O [Zn+2] C[C@@H](O)CC(C)(C)O OC[C@@H]1[C@@H](O)[C@H](O)[C@H](O)c2nccn21 C[C@H](O)CC(C)(C)O
3D2R,Q16654,PDK4,MG ADP GOL,[Mg+2] Nc1ncnc2c1ncn2[C@@H]1O[C@H](CO[P@](=O)(O)OP(=O)(O)O)[C@@H](O)[C@H]1O OCC(O)CO
3D2E,P32589,SSE1,MG ATP GOL,[Mg+2] Nc1ncnc2c1ncn2[C@@H]1O[C@H](CO[P@@](=O)(O)O[P@](=O)(O)OP(=O)(O)O)[C@@H](O)[C@H]1O OCC(O)CO
3D1Z,P04587,GAG-POL,CL 017 ACY,[Cl-] CC(C)CN(C[C@@H](O)[C@H](Cc1ccccc1)NC(=O)O[C@H]1CO[C@H]2OCC[C@H]21)S(=O)(=O)c1ccc(N)cc1 CC(=O)O
3D1Y,P04587,GAG-POL,NA CL ROC,[Na+] [Cl-] CC(C)(C)NC(=O)[C@@H]1C[C@@H]2CCCC[C@@H]2CN1C[C@@H](O)[C@H](Cc1ccccc1)NC(=O)[C@H](CC(N)=O)NC(=O)c1ccc2ccccc2n1
3D1X,P04587,GAG-POL,CL ROC GOL,[Cl-] CC(C)(C)NC(=O)[C@@H]1C[C@@H]2CCCC[C@@H]2CN1C[C@@H](O)[C@H](Cc1ccccc1)NC(=O)[C@H](CC(N)=O)NC(=O)c1ccc2ccccc2n1 OCC(O)CO
3D0E,P31751,AKT2,G93,CCn1c(-c2nonc2N)nc2c(C#CC(C)(C)O)ncc(OC[C@H]3CCCNC3)c21
3D0B,P07900,HSP90AA1,SNX,COCCNc1cc(-n2c3c(c4ccccc42)C(=O)CCC3)ccc1C(N)=O
3CZV,Q8N1Q1,CA13,ZN AZM GOL,[Zn+2] CC(=O)Nc1nnc(S(N)(=O)=O)s1 OCC(O)CO
3CZ1,Q9U9J6,,NBB GOL MG CL,CCCCNS(=O)(=O)c1ccccc1 OCC(O)CO [Mg+2] [Cl-]
3CYZ,Q9U9J6,,9OD CL MG GOL,CC(=O)CCCCC/C=C\C(=O)O [Cl-] [Mg+2] OCC(O)CO
3CYW,P04587,GAG-POL,CL 017 GOL,[Cl-] CC(C)CN(C[C@@H](O)[C@H](Cc1ccccc1)NC(=O)O[C@H]1CO[C@H]2OCC[C@H]21)S(=O)(=O)c1ccc(N)cc1 OCC(O)CO
3CTT,O43451,MGAM,NAG SO4 3CU GOL,CC(=O)N[C@@H]1[C@@H](O)[C@H](O)[C@@H](CO)O[C@H]1O O=S(=O)([O-])[O-] OC[C@@H]1[C@@H](O)[C@H](O)[C@H]2[C@H](O)[C@@H](O)CN21 OCC(O)CO
3CSO,O92972,,XNI,CC(=O)N1c2ccccc2NC2=C(C(=O)CC(C)(C)C2)[C@@H]1c1ccc(OCc2ccccc2)c(Cl)c1
3CR5,P02638,S100B,PNT ZN CA,N=C(N)c1ccc(OCCCCCOc2ccc(C(=N)N)cc2)cc1 [Zn+2] [Ca+2]
3CKP,P56817,BACE1,CL 012,[Cl-] COc1cccc(CN2C[C@@H](C(=O)N[C@@H](Cc3ccccc3)[C@H](O)CNCc3cccc(N(C)C)c3)NC2=O)c1
3CKB,Q8A1G2,SUSD,CA,[Ca+2]
3CK8,Q8A1G2,SUSD,CA EDO,[Ca+2] OCCO
3CFN,P02766,TTR,2AN,O=S(=O)(O)c1cccc2cccc(Nc3ccccc3)c12
3CDA,P04035,HMGCR,8HI,CC(C)n1c(CC[C@@H](O)C[C@@H](O)CC(=O)O)c(-c2ccc(F)cc2)c(-c2ccccc2)c1C(=O)Nc1ccc(S(N)(=O)=O)cc1
3CD7,P04035,HMGCR,882,CC(C)n1c(CC[C@@H](O)C[C@@H](O)CC(=O)O)c(-c2ccc(F)cc2)c(-c2ccc(F)cc2)c1C(=O)Nc1ccccc1
3CCZ,P04035,HMGCR,SO4 5HI,O=S(=O)([O-])[O-] CC(C)c1c(C(=O)N[C@H](CO)c2ccccc2)nc(-c2ccc(F)cc2)n1CC[C@@H](O)C[C@@H](O)CC(=O)O
3CCW,P04035,HMGCR,4HI,CC(C)c1c(C(=O)NCc2ccccc2)nc(-c2ccc(F)cc2)n1CC[C@@H](O)C[C@@H](O)CC(=O)O
3C79,Q8WSF8,LOC100533247,IM4 IPA,O=[N+]([O-])/N=C1/NCCN1Cc1ccc(Cl)nc1 CC(C)O
3C52,P56109,FBA,ZN CA NA PGH,[Zn+2] [Ca+2] [Na+] O=C(COP(=O)(O)O)NO
3C39,P00558,PGK1,3PG,O=C(O)[C@H](O)COP(=O)(O)O
3C2U,O52575,XSA,B3P,OCC(CO)(CO)NCCCNC(CO)(CO)CO
3C2R,P43619,BNA6,PHT,O=C(O)c1ccccc1C(=O)O
3C2O,P43619,BNA6,NTM,O=C(O)c1cccnc1C(=O)O
3C2F,P43619,BNA6,PRP,O=P(O)(O)OC[C@H]1O[C@H](O[P@@](=O)(O)OP(=O)(O)O)[C@H](O)[C@@H]1O
3BXH,O32253,CGGR,SCN F6P,N#C[S-] O=P(O)(O)OC[C@H]1O[C@](O)(CO)[C@@H](O)[C@@H]1O
3BXG,O32253,CGGR,BG6,O=P(O)(O)OC[C@H]1O[C@@H](O)[C@H](O)[C@@H](O)[C@@H]1O
3BXF,O32253,CGGR,13P CL FBP,O=C(CO)COP(=O)(O)O [Cl-] O=P(O)(O)OC[C@H]1O[C@](O)(COP(=O)(O)O)[C@@H](O)[C@@H]1O
3BXE,O32253,CGGR,13P,O=C(CO)COP(=O)(O)O
3BWK,Q8IIL0,FP3,SO4 C1P,O=S(=O)([O-])[O-] CC(C)C[C@H](NC(=O)N1CCOCC1)C(=O)N[C@@H](CCc1ccccc1)CCS(=O)(=O)c1ccccc1
3BWJ,P00517,PRKACA,ARX,N=C(N)NCCC[C@@H](NC(=O)[C@@H](CCCNC(=N)N)NC(=O)CCCCCNC(=O)[C@H]1O[C@@H](n2cnc3c(N)ncnc32)[C@H](O)[C@@H]1O)C(N)=O
3BVB,P03367,GAG-POL,GOL 017 CL NA,OCC(O)CO CC(C)CN(C[C@@H](O)[C@H](Cc1ccccc1)NC(=O)O[C@H]1CO[C@H]2OCC[C@H]21)S(=O)(=O)c1ccc(N)cc1 [Cl-] [Na+]
3BUH,P56817,BACE1,AED,NCCc1ccc(O)c(C2CCCCC2)c1
3BUG,P56817,BACE1,AEH,CCc1cc(CCN)ccc1O
3BUF,P56817,BACE1,AEG,C[C@@H](N)Cc1ccc(O)cc1
3BTJ,P0A0N3,QACR,SO4 DEQ,O=S(=O)([O-])[O-] Cc1cc(N)c2ccccc2[n+]1CCCCCCCCCC[n+]1c(C)cc(N)c2ccccc21
3BRN,Q09JR9,,SRO,NCCc1c[nH]c2ccc(O)cc12
3BRA,P56817,BACE1,AEF,NCCc1ccc(O)cc1
3BQC,P68400,CSNK2A1,EMO CL,Cc1cc(O)c2c(c1)C(=O)c1cc(O)cc(O)c1C2=O [Cl-]
3BL1,P00918,CA2,BL1 HG ZN,C[C@H]1Cc2ccccc2N1NC(=O)c1ccc(Cl)c(S(N)(=O)=O)c1 [Hg+2] [Zn+2]
3BL0,P00918,CA2,ZN BL0 MBO,[Zn+2] CN(C)c1nnc(CS(N)(=O)=O)s1 O=C(O)c1ccc([Hg])cc1
3BKL,P12821,ACE,ACT GOL KAW CL ZN NAG,CC(=O)[O-] OCC(O)CO O=C(CCC(O)(O)[C@H](Cc1ccccc1)NC(=O)c1ccccc1)N[C@@H](Cc1c[nH]c2ccccc12)C(=O)O [Cl-] [Zn+2] CC(=O)N[C@@H]1[C@@H](O)[C@H](O)[C@@H](CO)O[C@H]1O
3BGS,P00491,PNP,PO4 DIH,O=P([O-])([O-])[O-] O=c1[nH]cnc2c(C[NH+]3C[C@H](CO)[C@@H](O)C3)c[nH]c12
3BGQ,P11309,PIM1,VX2,FC(F)(F)c1cccc(-c2nnc3ccc(NC4CCCCC4)nn23)c1
3BGC,P04587,GAG-POL,LJH CL,Nc1ccc(S(=O)(=O)N(CCNCCN(Cc2ccccc2)S(=O)(=O)c2ccc(N)cc2)Cc2ccccc2)cc1 [Cl-]
3BGB,P04587,GAG-POL,LJG CL,CC(C)CN(CCNCCN(CC(C)C)S(=O)(=O)c1ccc(N)cc1)S(=O)(=O)c1ccc(N)cc1 [Cl-]
3BFT,P19491,GRIA2,S2P ZN NA CL CAC,N[C@@H](Cc1nsnc1O)C(=O)O [Zn+2] [Na+] [Cl-] C[As](C)(=O)[O-]
3BF1,Q9WZY5,COAX,ADP PAU,Nc1ncnc2c1ncn2[C@@H]1O[C@H](CO[P@](=O)(O)OP(=O)(O)O)[C@@H](O)[C@H]1O CC(C)(CO)[C@@H](O)C(=O)NCCC(=O)O
3BEX,Q9WZY5,COAX,PAU PO4,CC(C)(CO)[C@@H](O)C(=O)NCCC(=O)O O=P([O-])([O-])[O-]
3BE9,P28523,ACK2,P04,O=C1CCCCc2cnn3c(NC4CC4)nc(nc23)Nc2cccc(c2)N1
3BCS,P00489,PYGM,CJB,O=c1ccn([C@@H]2O[C@H](CO)[C@@H](O)[C@H](O)[C@H]2O)c(=O)[nH]1
3BBF,P22392,NME2,GDP MG DTT,Nc1nc2c(ncn2[C@@H]2O[C@H](COP(=O)(O)OP(=O)(O)O)[C@@H](O)[C@H]2O)c(=O)[nH]1 [Mg+2] O[C@@H](CS)[C@@H](O)CS
3B92,P78536,ADAM17,440 ZN,CC#CCOc1ccc(S(=O)(=O)CCCS)cc1 [Zn+2]
3B7U,P09960,LTA4H,YB ACY KEL IMD ZN,[Yb+3] CC(=O)O C[C@H](NC(=O)[C@@H](CC(=O)NO)Cc1ccccc1)C(=O)O c1c[nH+]c[nH]1 [Zn+2]
3B7R,P09960,LTA4H,ZN YB IMD BIR,[Zn+2] [Yb+3] c1c[nH+]c[nH]1 C[C@H](NC(=O)[C@H](Cc1ccc(-c2ccccc2)cc1)C[P@](=O)(O)[C@H](C)N)C(=O)O
3B7J,Q5G940,FABZ,JUG BEN CL,O=C1C=CC(=O)c2c(O)cccc21 N=C(N)c1ccccc1 [Cl-]
3B7I,Q01693,,LEU PLU SCN NA K ZN,CC(C)C[C@H](N)C(=O)O CC(C)C[C@H](N)P(=O)(O)O N#C[S-] [Na+] [K+] [Zn+2]
3B67,P10275,AR,B67,C[C@](O)(COc1c(F)c(F)c(F)c(F)c1F)C(=O)Nc1ccc([N+](=O)[O-])c(C(F)(F)F)c1
3B66,P10275,AR,B66,C[C@](O)(COc1ccc([N+](=O)[O-])cc1)[C@@H](O)Nc1ccc(C#N)c(C(F)(F)F)c1
3B5J,P08716,HLYB,12D,Nc1ncnc2c1ncn2[C@@H]1O[C@H](CO[P@](=O)(O)OP(=O)(O)O)[C@H]2O[C@]3(O[C@H]21)C([N+](=O)[O-])=CC([N+](=O)[O-])=C[C@H]3[N+](=O)[O-]
3B50,P44542,SIAP,SLB,CC(=O)N[C@H]1[C@H]([C@H](O)[C@H](O)CO)O[C@](O)(C(=O)O)C[C@@H]1O
3B4P,Q396C9,BCEP18194_B1568,3B4 AZI ACT,O=C(O)c1ccccc1NC1CCCCC1 [N-]=[N+]=[N-] CC(=O)[O-]
3B4F,P00918,CA2,ZN HG TUO,[Zn+2] [Hg+2] NNC(=O)c1[nH]c2ccc(S(N)(=O)=O)cc2c1-c1ccccc1
3B3X,P00808,PENP,A33,NC(CC(=O)O)(CC(=O)O)C(=O)O
3B3S,Q01693,,ZN NA SCN LEU,[Zn+2] [Na+] N#C[S-] CC(C)C[C@H](N)C(=O)O
3B3C,Q01693,,ZN K SCN NA PLU,[Zn+2] [K+] N#C[S-] [Na+] CC(C)C[C@H](N)P(=O)(O)O
3B2Q,Q60187,ATPB,ATP AES CIT,Nc1ncnc2c1ncn2[C@@H]1O[C@H](CO[P@@](=O)(O)O[P@](=O)(O)OP(=O)(O)O)[C@@H](O)[C@H]1O NCCc1ccc(S(=O)(=O)F)cc1 O=C(O)CC(O)(CC(=O)O)C(=O)O
3B25,P07900,HSP90AA1,B2K,Cc1ccc(S(=O)(=O)c2cc(C)nc(N)n2)cc1
3B24,P07900,HSP90AA1,B2J MG,CCSc1nc(C)nc(N)n1 [Mg+2]
3AXZ,P43912,TRMD,ADN,Nc1ncnc2c1ncn2[C@@H]1O[C@H](CO)[C@@H](O)[C@H]1O
3ARX,Q9AMP1,CHIA,POY GOL,CCCn1cnc2c1c(=O)n(CCCCC(C)=O)c(=O)n2C OCC(O)CO
3ARW,Q9AMP1,CHIA,CTI GOL,COc1ccc2c(c[n+](C)c3c4cc5c(cc4ccc23)OCO5)c1OC OCC(O)CO
3ART,Q9AMP1,CHIA,DEQ GOL,Cc1cc(N)c2ccccc2[n+]1CCCCCCCCCC[n+]1c(C)cc(N)c2ccccc21 OCC(O)CO
3ARR,Q9AMP1,CHIA,PNX,CC(=O)CCCCn1c(=O)c2c(ncn2C)n(C)c1=O
3AQT,Q8NR95,CGL1157,RCO,Oc1cccc(O)c1
3AQA,P25440,BRD2,BYH MES,Cn1c(=S)n(CCSc2nc3ccccc3[nH]2)c2ccccc21 O=S(=O)([O-])CC[NH+]1CCOCC1
3AP4,O00214,LGALS8,,
3AOX,Q9UM73,ALK,EMH EDO,CCc1cc2c(cc1N1CCC(N3CCOCC3)CC1)C(C)(C)c1[nH]c3cc(C#N)ccc3c1C2=O OCCO
3AO5,Q72498,POL,BBY CL SO4 CD,Cn1nc(N)cc1-c1cc(Br)c2c(c1)OCO2 [Cl-] O=S(=O)([O-])[O-] [Cd+2]
3AO2,P04585,GAG-POL,CD CL SO4 MG AVX DTV DTT,[Cd+2] [Cl-] O=S(=O)([O-])[O-] [Mg+2] Cn1nc(-c2cc(Br)c3c(c2)OCO3)cc1N O[C@H](CS)[C@H](O)CS O[C@@H](CS)[C@@H](O)CS
3AO1,Q72498,POL,CD SO4 BZX,[Cd+2] O=S(=O)([O-])[O-] Oc1ccc2c(c1)OCO2
3AID,P03369,GAG-POL,ARQ,CC(C)(C)OC(=O)N[C@@H](Cc1ccccc1)[C@@H](O)C[N@@+](C)(Cc1ccccc1)NC(=O)c1ccccc1
3AHO,Q4W803,PZ-A,ACT 3A2 ZN,CC(=O)[O-] CCCC[C@@H](NC(=O)[C@@H]1CCCN1C(=O)CCP(=O)(O)[C@H](Cc1ccccc1)NC(=O)[C@@H]1CCCN1C(=O)CN)C(=O)O [Zn+2]
3AHN,Q4W803,PZ-A,ACT ZN 3A1,CC(=O)[O-] [Zn+2] C[C@H](CP(=O)(O)[C@H](Cc1ccccc1)NC(=O)Cc1ccccc1)C(=O)N[C@@H](CCCCN)C(=O)N[C@H](CO)C(=O)O
3AGL,P17612,PRKACA,A03,C[C@@H](NC(=O)CCCCCNC(=O)[C@H]1O[C@@H](n2cnc3c(N)ncnc32)[C@H](O)[C@@H]1O)C(=O)NCCCCCC(=O)N[C@H](CCCNC(=N)N)C(=O)N[C@H](CCCNC(=N)N)C(N)=O
3ADV,P37231,PPARG,SRO,NCCc1c[nH]c2ccc(O)cc12
3AD7,Q50LF0,SOXA,MTG FMN FAD SO4 NAD ZN,CSCC(=O)[O-] Cc1cc2nc3c(=O)[nH]c(=O)nc-3n(C[C@H](O)[C@H](O)[C@H](O)COP(=O)(O)O)c2cc1C Cc1cc2nc3c(=O)[nH]c(=O)nc-3n(C[C@H](O)[C@H](O)[C@H](O)CO[P@@](=O)(O)O[P@](=O)(O)OC[C@H]3O[C@@H](n4cnc5c(N)ncnc54)[C@H](O)[C@@H]3O)c2cc1C O=S(=O)([O-])[O-] NC(=O)c1ccc[n+]([C@@H]2O[C@H](COP(=O)([O-])O[P@@](=O)(O)OC[C@H]3O[C@@H](n4cnc5c(N)ncnc54)[C@H](O)[C@@H]3O)[C@@H](O)[C@H]2O)c1 [Zn+2]
3ACX,A9JQL9,CRTM,673,C=CCc1cc(-c2ccccc2)ccc1OCCCNC(C)C
3ACL,O00625,PIR,FE2 3F1,[Fe+2] Cc1ccc(S(=O)(=O)N=[S@](C)c2ccc(OCc3ccccc3)cc2)cc1
3AAU,P00760,PRSS1,CU CA GZC,[Cu+2] [Ca+2] N=C(N)Nc1ccc(O)c(C=NCCN=Cc2cc(NC(=N)N)ccc2O)c1
3AAS,P00760,PRSS1,CU CA GUS,[Cu+2] [Ca+2] C[C@H](N=Cc1cc(NC(=N)N)ccc1O)C(=O)O
3A9I,O87198,LYS20,CO LYS,[Co+2] N[C@@H](CCCC[NH3+])C(=O)O
3A6T,P08337,MUTT,NA SO4 8OG,[Na+] O=S(=O)([O-])[O-] Nc1nc2c([nH]c(=O)n2[C@H]2C[C@H](O)[C@@H](COP(=O)(O)O)O2)c(=O)[nH]1
3A5Y,P0A8N7,EPMA,KAA,NCCCC[C@H](N)C(=O)NS(=O)(=O)OC[C@H]1O[C@@H](n2cnc3c(N)ncnc32)[C@H](O)[C@@H]1O
3A2O,P03367,GAG-POL,GOL KNJ,OCC(O)CO C=C(C)CNC(=O)[C@H]1N(C(=O)[C@@H](O)[C@H](Cc2ccccc2)NC(=O)COc2c(C)cc(N)cc2C)CSC1(C)C
3A1S,Q9WXQ8,TM_0051,GDP MPD MRD MG,Nc1nc2c(ncn2[C@@H]2O[C@H](COP(=O)(O)OP(=O)(O)O)[C@@H](O)[C@H]2O)c(=O)[nH]1 C[C@H](O)CC(C)(C)O C[C@@H](O)CC(C)(C)O [Mg+2]
3A1E,O29777,COPA,ACP MG,Nc1ncnc2c1ncn2[C@@H]1O[C@H](CO[P@@](=O)(O)O[P@@](=O)(O)CP(=O)(O)O)[C@@H](O)[C@H]1O [Mg+2]
3A1D,O29777,COPA,ADP MG,Nc1ncnc2c1ncn2[C@@H]1O[C@H](CO[P@](=O)(O)OP(=O)(O)O)[C@@H](O)[C@H]1O [Mg+2]
3A1C,O29777,COPA,ACP MG,Nc1ncnc2c1ncn2[C@@H]1O[C@H](CO[P@@](=O)(O)O[P@@](=O)(O)CP(=O)(O)O)[C@@H](O)[C@H]1O [Mg+2]
2ZZ2,O26232,PYRF,6CN GOL,N#Cc1cc(=O)[nH]c(=O)n1[C@@H]1O[C@H](COP(=O)(O)O)[C@@H](O)[C@H]1O OCC(O)CO
2ZZ1,O26232,PYRF,BMP 6CN GOL,O=c1cc(O)n([C@@H]2O[C@H](COP(=O)(O)O)[C@@H](O)[C@H]2O)c(=O)[nH]1 N#Cc1cc(=O)[nH]c(=O)n1[C@@H]1O[C@H](COP(=O)(O)O)[C@@H](O)[C@H]1O OCC(O)CO
2ZYN,Q9AJF5,ORF-3,,
2ZYM,Q9AJF5,ORF-3,,
2ZXG,P04825,PEPN,ZN S23 SO4 GOL,[Zn+2] C[C@H](N)[P@](=O)(O)C[C@@H](Cc1ccccc1)C(=O)N[C@@H](Cc1ccccc1)C(=O)O O=S(=O)([O-])[O-] OCC(O)CO
2ZX9,Q9WYE2,TM_0306,ZX9,C[C@@H]1N[C@H](CNC(=O)[C@H](c2ccccc2)C2CCCC2)[C@@H](O)[C@H](O)[C@@H]1O
2ZX8,Q9WYE2,TM_0306,ZX8,C[C@@H]1N[C@H](CNC(=O)c2cc3ccccc3o2)[C@@H](O)[C@H](O)[C@@H]1O
2ZX7,Q9WYE2,TM_0306,ZX7,C[C@@H]1N[C@H](CNC(=O)c2cc3ccccc3[nH]2)[C@@H](O)[C@H](O)[C@@H]1O
2ZX6,Q9WYE2,TM_0306,ZX6,C[C@@H]1N[C@H](CNC(=O)Cc2c[nH]c3ccccc23)[C@@H](O)[C@H](O)[C@@H]1O
2ZX5,Q9WYE2,TM_0306,ZX5,C[C@@H]1N[C@H](CNC(=O)CCc2c[nH]c3ccccc23)[C@@H](O)[C@H](O)[C@@H]1O
2ZQ2,P00760,PRSS1,CA 13U GOL,[Ca+2] N=C(N)c1ccc(CNC(=O)[C@@H]2CCCN2C(=O)CNC2CCCCCCC2)cc1 OCC(O)CO
2ZQ0,G8JZS4,SUSB,CA,[Ca+2]
2ZO3,P00734,F2,33U NA,N=C(N)c1ccc(CNC(=O)[C@@H]2CCCN2C(=O)[C@H](N)C(c2ccccc2)c2ccccc2)cc1 [Na+]
2ZNT,P39086,GRIK1,DYH BME,CN[C@H]1[C@H]2O[C@@](C[C@H](N)C(=O)O)(C(=O)O)C[C@H]2OC[C@H]1O OCCS
2ZN7,P18031,PTPN1,410,O=C(O)COc1c(C(=O)O)sc(-c2cccc(N(C(=O)c3ccccc3)C3CCCCC3)c2)c1Br
2ZMM,P18031,PTPN1,35B CL MG,CNC(=O)N(c1cccc(-c2sc(C(=O)O)c(OCC(=O)O)c2Br)c1)C1CCCCC1 [Cl-] [Mg+2]
2ZKJ,Q16654,PDK4,MG ADP PO4,[Mg+2] Nc1ncnc2c1ncn2[C@@H]1O[C@H](CO[P@](=O)(O)OP(=O)(O)O)[C@@H](O)[C@H]1O O=P([O-])([O-])[O-]
2ZGM,Q6WY08,,SO4,O=S(=O)([O-])[O-]
2ZG3,O15389,SIGLEC5,,
2ZG1,O15389,SIGLEC5,SIA,CC(=O)N[C@H]1[C@H]([C@H](O)[C@H](O)CO)O[C@@](O)(C(=O)O)C[C@@H]1O
2ZFT,P00760,PRSS1,CA 10U DMS GOL,[Ca+2] N=C(N)c1ccc(CNC(=O)[C@@H]2CCCN2C(=O)CNC2CCCC2)cc1 CS(C)=O OCC(O)CO
2ZFS,P00760,PRSS1,GOL DMS 12U CA,OCC(O)CO CS(C)=O N=C(N)c1ccc(CNC(=O)[C@@H]2CCCN2C(=O)CNC2CCCCCC2)cc1 [Ca+2]
2ZFP,P00734,F2,19U NA,CC[C@@H](N)C(=O)N1CCC[C@H]1C(=O)NCc1cccc(Cl)c1 [Na+]
2ZDN,P00760,PRSS1,CA 49U GOL,[Ca+2] N=C(N)c1ccc(CNC(=O)[C@@H]2CCCN2C(=O)CCC2CCCC2)cc1 OCC(O)CO
2ZDM,P00760,PRSS1,CA 46U GOL,[Ca+2] N=C(N)c1ccc(CNC(=O)[C@@H]2CCCN2C(=O)COC2CCCCC2)cc1 OCC(O)CO
2ZDL,P00760,PRSS1,CA SO4 45U GOL,[Ca+2] O=S(=O)([O-])[O-] N=C(N)c1ccc(CNC(=O)[C@@H]2CCCN2C(=O)COC2CCCC2)cc1 OCC(O)CO
2ZDK,P00760,PRSS1,CA SO4 50U DMS GOL,[Ca+2] O=S(=O)([O-])[O-] N=C(N)c1ccc(CNC(=O)[C@@H]2CCCN2C(=O)CCC2CCCCC2)cc1 CS(C)=O OCC(O)CO
2ZCS,A9JQL9,CRTM,B70,O=P(O[K])(O[K])[C@@H](CCCc1ccc(-c2ccccc2)cc1)S(=O)(=O)O[K]
2ZC9,P00734,F2,NA 22U,[Na+] N[C@H](Cc1ccccc1)C(=O)N1CCC[C@H]1C(=O)NCc1cccc(Cl)c1
2ZA5,P20231,TPSB2,2FF,NCc1ccc2c(c1)C1(CCN(C(=O)c3ccc(C#Cc4ccccc4)o3)CC1)CO2
2ZA0,Q9CPU0,GLO1,ZN MGI,[Zn+2] COC(=O)c1c(C)cc(Oc2cc(C)cc(O)c2O)cc1O
2Z8F,A8W790,GLTA,ZN NA MES,[Zn+2] [Na+] O=S(=O)([O-])CC[NH+]1CCOCC1
2Z4O,P03367,GAG-POL,NA CL ACT 065,[Na+] [Cl-] CC(=O)[O-] CC(C)CN(C[C@@H](O)[C@H](Cc1ccccc1)NC(=O)O[C@H]1CO[C@H]2OCC[C@H]21)S(=O)(=O)c1ccc2c(c1)OCO2
2Z4B,Q92731,ESR2,DC8,Oc1ccc([C@@H]2Oc3ccc(O)cc3[C@@H]3CC(F)(F)C[C@@H]32)cc1
2Z3H,P0C2P0,BSD,BLO ZN,CN(CC[C@H](N)CC(=O)N[C@H]1C=C[C@H](n2ccc(O)nc2=O)O[C@@H]1C(=O)O)C(=N)N [Zn+2]
2Z1W,P28720,TGT,GOL BDI ZN,OCC(O)CO CCCCc1nc2c(=O)[nH][nH]c(=O)c2[nH]1 [Zn+2]
2YZ3,Q7BJM5,VIM-2,ZN SO4 M5P,[Zn+2] O=S(=O)([O-])[O-] O=C(O)[C@@H](CS)CCCc1ccccc1
2YXJ,Q07817,BCL2L1,CL N3C GOL,[Cl-] CN(C)CC[C@H](CSc1ccccc1)Nc1ccc(S(=O)(=O)NC(=O)c2ccc(N3CCN(Cc4ccccc4-c4ccc(Cl)cc4)CC3)cc2)cc1[N+](=O)[O-] OCC(O)CO
2YPP,O53512,AROG,TYR MN SO4 GOL CL,N[C@@H](Cc1ccc(O)cc1)C(=O)O [Mn+2] O=S(=O)([O-])[O-] OCC(O)CO [Cl-]
2YPO,O53512,AROG,MN SO4 GOL PHE,[Mn+2] O=S(=O)([O-])[O-] OCC(O)CO N[C@@H](Cc1ccccc1)C(=O)O
2YPI,P00942,TPI1,PGA,O=C(O)COP(=O)(O)O
2YOF,Q8I4S1,TMK,TAM ACT 74W,NC(CCO)(CCO)CCO CC(=O)[O-] Cc1cn([C@H]2C[C@H](O)[C@@H](CNC(=S)Nc3ccc(Cl)c(C(F)(F)F)c3)O2)c(=O)[nH]c1=O
2YME,Q8WSF8,LOC100533247,NAG CWB PO4 NA,CC(=O)N[C@@H]1[C@@H](O)[C@H](O)[C@@H](CO)O[C@H]1O CN1[C@@H]2CCC[C@H]1CC(NC(=O)c1nn(C)c3ccccc13)C2 O=P([O-])([O-])[O-] [Na+]
2YLN,Q5F9M1,NGO_0372,CYS SO4 GOL,N[C@@H](CS)C(=O)O O=S(=O)([O-])[O-] OCC(O)CO
2YK1,,,NCT,CN1CCC[C@H]1c1cccnc1
2YIX,Q16539,MAPK14,YIX,CCNC(=O)NCc1ccccc1Sc1ccc2nnc(C(C)C)n2c1
2YIV,Q9F8A8,COOS2,NBN FE YIV WCC FES SF4,[C-]#[N+]CCCC [Fe+3] CCCCNC=O S1[Fe]S[Fe]1.S1[Fe]S[Ni]1 S1[Fe]S[Fe]1 S1[Fe]S[Fe]1.S1[Fe]S[Fe]1
2YI7,P07900,HSP90AA1,BZ8 MG,CCOc1ccc(-c2snnc2-c2cc(Cl)c(O)cc2O)cc1 [Mg+2]
2YI0,P07900,HSP90AA1,MG YI0,[Mg+2] COc1ccc(-c2snnc2-c2cc(Cl)c(O)cc2O)cc1
2YHD,P10275,AR,TES AV6 SO4,C[C@]12CC[C@H]3[C@@H](CCC4=CC(=O)CC[C@@]43C)[C@@H]1CC[C@@H]2O Oc1ccc(C2Nc3cccc4cccc(c34)N2)cc1O O=S(=O)([O-])[O-]
2YGF,P02829,HSP82,GDM GOL,COC1=C2C[C@@H](C)C[C@H](OC)[C@H](O)[C@@H](C)/C=C(\C)[C@H](OC(N)=O)[C@@H](OC)/C=C\C=C(/C)C(=O)NC(=CC1=O)C2=O OCC(O)CO
2YGA,P02829,HSP82,GDM,COC1=C2C[C@@H](C)C[C@H](OC)[C@H](O)[C@@H](C)/C=C(\C)[C@H](OC(N)=O)[C@@H](OC)/C=C\C=C(/C)C(=O)NC(=CC1=O)C2=O
2YFA,Q88E10,MCPS,LMR ACT SO4 NA,O=C(O)C[C@H](O)C(=O)O CC(=O)[O-] O=S(=O)([O-])[O-] [Na+]
2YEL,O60885,BRD4,WSH EDO,Cc1nnc2n1-c1ccccc1C(c1ccccc1)=N[C@H]2NC(=O)OCc1ccccc1 OCCO
2YEK,P25440,BRD2,EAM SO4,CCNC(=O)C[C@@H]1N=C(c2ccc(Cl)cc2)c2cc(OC)ccc2-n2c(C)nnc21 O=S(=O)([O-])[O-]
2YDW,P25440,BRD2,SO4 WSH,O=S(=O)([O-])[O-] Cc1nnc2n1-c1ccccc1C(c1ccccc1)=N[C@H]2NC(=O)OCc1ccccc1
2YDT,B8ZY56,ARB93A,EDG AHR SO4 MN ACT,OC[C@@H]1NC[C@H](O)[C@H]1O OC[C@@H]1O[C@@H](O)[C@H](O)[C@H]1O O=S(=O)([O-])[O-] [Mn+2] CC(=O)[O-]
2YBU,Q9BZP6,CHIA,GOL CX9,OCC(O)CO Cn1cnc2c1c(=O)n(CCCn1c(=O)c3nc[nH]c3n(C)c1=O)c(=O)n2C
2YB0,O15826,DUT,DUR SO4,O=c1ccn([C@H]2C[C@H](O)[C@@H](CO)O2)c(=O)[nH]1 O=S(=O)([O-])[O-]
2YAZ,O15826,DUT,UMP SO4 MG,O=c1ccn([C@H]2C[C@H](O)[C@@H](COP(=O)(O)O)O2)c(=O)[nH]1 O=S(=O)([O-])[O-] [Mg+2]
2YAY,O15826,DUT,DUP CA,O=c1ccn([C@H]2C[C@H](O)[C@@H](CO[P@@](=O)(O)N[P@@](=O)(O)OP(=O)(O)O)O2)c(=O)[nH]1 [Ca+2]
2YA7,P62575,NANA,ZMR CL,CC(=O)N[C@H]1[C@H]([C@H](O)[C@H](O)CO)OC(C(=O)O)=C[C@@H]1NC(=N)N [Cl-]
2YA6,P62575,NANA,DAN FMT CL,CC(=O)N[C@H]1[C@H]([C@H](O)[C@H](O)CO)OC(C(=O)O)=C[C@@H]1O O=CO [Cl-]
2Y8C,Q8II92,PF3D7_1127100,DUQ SO4,O=C(NCCO)[C@@H](CCOC(c1ccccc1)(c1ccccc1)c1ccccc1)Cn1ccc(=O)[nH]c1=O O=S(=O)([O-])[O-]
2Y7Z,P00742,F10,C0Z CA MG,CN(C)[C@H]1CCc2cc(N3CC[C@H](NS(=O)(=O)c4ccc5cc(Cl)ccc5c4)C3=O)ccc21 [Ca+2] [Mg+2]
2Y7I,Q8ZKA9,STM4351,GOL ACT ZN ARG,OCC(O)CO CC(=O)[O-] [Zn+2] NC(=[NH2+])NCCC[C@H](N)C(=O)O
2Y5F,P00742,F10,XWG NA,O=C1[C@@H]2[C@H](C(=O)N1CCC[N+]1(CCO)CCCC1)[C@H](c1cc(-c3ccc(Cl)s3)on1)N1CCC[C@@H]21 [Na+]
2XYF,P12499,GAG-POL,G40,CNC(=O)[C@@H](NC(=O)[C@@](O)(CCCN(Cc1ccc(-c2ccsc2)cc1)NC(=O)[C@@H](NC(=O)OC)C(C)(C)C)Cc1ccccc1)C(C)(C)C
2XXT,P42260,GRIK2,KAI NA CL,C=C(C)[C@H]1CN[C@H](C(=O)O)[C@H]1CC(=O)O [Na+] [Cl-]
2XPC,P14900,MURD,051 DMS SO4 CL,N#Cc1ccc(COc2ccc3cc(S(=O)(=O)N[C@H]4CC[C@@H](C(=O)O)C[C@H]4C(=O)O)ccc3c2)c(F)c1 CS(C)=O O=S(=O)([O-])[O-] [Cl-]
2XOI,P61823,RNASE1,SFB,Nc1ncnc2c1ncn2[C@@H]1O[C@H](C(=O)NS(=O)(=O)C[C@H]2[C@@H](O)[C@H](n3ccc(=O)[nH]c3=O)O[C@@H]2CO)[C@@H](O)[C@H]1O
2XOG,P61823,RNASE1,SFB,Nc1ncnc2c1ncn2[C@@H]1O[C@H](C(=O)NS(=O)(=O)C[C@H]2[C@@H](O)[C@H](n3ccc(=O)[nH]c3=O)O[C@@H]2CO)[C@@H](O)[C@H]1O
2XN5,P05543,SERPINA7,FUN CA EDO,NS(=O)(=O)c1cc(C(=O)O)c(NCc2ccco2)cc1Cl [Ca+2] OCCO
2XMY,P24941,CDK2,CDK,COCCNS(=O)(=O)c1ccc(Nc2nccc(-c3sc(=O)n(C)c3C)n2)cc1
2XM1,Q89ZI2,BT_4395,GOL LTM,OCC(O)CO CC(=O)N[C@H]1C(=O)N[C@H](CO)[C@@H](O)[C@@H]1O
2XJ1,P11309,PIM1,XJ1,N[C@H]1CC[C@H](Nc2cncc(-c3cccc(/C=C/C(=O)O)c3)n2)CC1
2XIB,Q8A3I4,BT_2970,TRS GOL SO4 DFU,[NH3+]C(CO)(CO)CO OCC(O)CO O=S(=O)([O-])[O-] C[C@@H]1NC[C@@H](O)[C@H](O)[C@@H]1O
2XEG,Q04609,FOLH1,CI9 NAG CL CA ZN,O=C(O)CC[C@H](NC(=O)N[C@@H](CCCCn1cc(COCCOCCOCCOCCNc2ccc(N(O)O)cc2N(O)O)nn1)C(=O)O)C(=O)O CC(=O)N[C@@H]1[C@@H](O)[C@H](O)[C@@H](CO)O[C@H]1O [Cl-] [Ca+2] [Zn+2]
2XEF,Q04609,FOLH1,AR8 ZN CA CL NAG,O=C(O)CC[C@H](NC(=O)N[C@@H](CCCCn1cc(COCCOCCOCCOCCOCCOCCOCCOCCNc2ccc([N+](=O)O)cc2[N+](=O)O)nn1)C(=O)O)C(=O)O [Zn+2] [Ca+2] [Cl-] CC(=O)N[C@@H]1[C@@H](O)[C@H](O)[C@@H](CO)O[C@H]1O
2XDX,P07900,HSP90AA1,WOE,COc1ccccc1-c1cc(Cl)nc(N)n1
2XDE,P12497,GAG-POL,1B0,Cc1[nH]c2ccccc2c1CC(=O)N[C@@H](Cc1ccccc1)C(=O)N(C)c1ccccc1
2XC4,P00742,F10,IVK NA CA,O=C(Nc1ccc(Cl)cc1)[C@H]1CN(CC(F)(F)F)C[C@@H]1C(=O)Nc1ccc(-n2ccccc2=O)cc1F [Na+] [Ca+2]
2XC0,P00742,F10,8NC CA NA,COc1ccc(NC(=O)[C@H]2CN(S(C)(=O)=O)C[C@@H]2C(=O)Nc2ccc(-n3ccccc3=O)cc2F)cc1F [Ca+2] [Na+]
2XBX,P00742,F10,RR8 CA NA,CS(=O)(=O)N1C[C@H](C(=O)Nc2ccc(Cl)cc2)[C@@H](C(=O)Nc2ccc(-n3ccccc3=O)cc2F)C1 [Ca+2] [Na+]
2XBW,P00742,F10,NA CA 455,[Na+] [Ca+2] NS(=O)(=O)N1C[C@H](C(=O)Nc2ccc(Cl)cc2)[C@@H](C(=O)Nc2ccc(-n3ccccc3=O)cc2F)C1
2XBP,P0A3F4,GLNB,ATP MG CL,Nc1ncnc2c1ncn2[C@@H]1O[C@H](CO[P@@](=O)(O)O[P@](=O)(O)OP(=O)(O)O)[C@@H](O)[C@H]1O [Mg+2] [Cl-]
2XB7,Q9UM73,ALK,GUI,COc1cc(N2CCC(N3CCN(C)CC3)CC2)ccc1Nc1ncc(Cl)c(Nc2ccccc2S(=O)(=O)C(C)C)n1
2XAB,P07900,HSP90AA1,VHD,CC(C)c1cc(C(=O)N2Cc3ccccc3C2)c(O)cc1O
2X95,Q10714,ANCE,EPE ZN NAG X95,O=S(=O)(O)CCN1CCN(CCO)CC1 [Zn+2] CC(=O)N[C@@H]1[C@@H](O)[C@H](O)[C@@H](CO)O[C@H]1O NCCCC[C@H](N[C@@H](CCc1ccccc1)C(=O)O)C(=O)N[C@H](Cc1c[nH]c2ccccc12)C(=O)O
2X91,Q10714,ANCE,LPR EPE ZN NAG,NCCCC[C@H](N[C@@H](CCc1ccccc1)C(=O)O)C(=O)N1CCC[C@H]1C(=O)O O=S(=O)(O)CCN1CCN(CCO)CC1 [Zn+2] CC(=O)N[C@@H]1[C@@H](O)[C@H](O)[C@@H](CO)O[C@H]1O
2X7T,P00918,CA2,ZN GOL WZB,[Zn+2] OCC(O)CO CCc1cc2c(cc1OS(N)(=O)=O)CC[C@@H]1[C@@H]2CC[C@]2(C)[C@@H](OS(N)(=O)=O)CC[C@@H]12
2X4Z,O96013,PAK4,GOL 7KC,OCC(O)CO Cc1nc(Nc2n[nH]c3c2CN(C(=O)N[C@H](CN(C)C)c2ccccc2)C3(C)C)c2sccc2n1
2X2R,P52732,KIF11,ADP X2O MG,Nc1ncnc2c1ncn2[C@@H]1O[C@H](CO[P@](=O)(O)OP(=O)(O)O)[C@@H](O)[C@H]1O CC[C@@H](C)C(SC[C@H](N)C(=O)O)(c1ccccc1)c1ccccc1 [Mg+2]
2X09,Q56F26,CSXA,CD X09,[Cd+2] NC[C@@H]1[C@@H](O)[C@H](O)[C@H]2[C@@H](O)CCN21
2WZS,Q8A0N1,BT_3990,CA GOL MVL,[Ca+2] OCC(O)CO OC[C@@H]1[C@@H](O)[C@H](O)[C@H](O)c2nccn21
2WZM,A0QV09,MSMEG_2407,NA7,Nc1ncnc2c1ncn2[C@@H]1O[C@H](CO[P@](=O)(O)O[P@@](=O)(O)OC[C@H]2OC[C@H](O)[C@@H]2O)[C@@H](O)[C@H]1OP(=O)(O)O
2WZF,Q5ZVS2,LPG1368,BGC UDP MN,OC[C@H]1O[C@@H](O)[C@H](O)[C@@H](O)[C@@H]1O O=c1ccn([C@@H]2O[C@H](COP(=O)(O)OP(=O)(O)O)[C@@H](O)[C@H]2O)c(=O)[nH]1 [Mn+2]
2WYJ,P00742,F10,898,C[C@@H](c1ccc(N2CC[C@H](NS(=O)(=O)/C=C/c3ccc(Cl)s3)C2=O)c(F)c1)N(C)C
2WYG,P00742,F10,461,C[C@H](c1ccc(N2CC[C@H](NS(=O)(=O)/C=C/c3ccc(Cl)s3)C2=O)c(F)c1)N(C)C
2WYF,Q05097,LECA,GLA CA,OC[C@H]1O[C@H](O)[C@H](O)[C@@H](O)[C@H]1O [Ca+2]
2WVZ,Q8A0N1,BT_3990,CA KIF GOL,[Ca+2] O=C1N[C@@H]2[C@@H](O)[C@@H](O)[C@H](O)[C@@H](CO)N2C1=O OCC(O)CO
2WVA,P06672,PDC,TPU PYR MG,Cc1ncc(Cn2nnc(CCOP(=O)(O)OP(=O)(O)O)c2C)c(N)n1 CC(=O)C(=O)O [Mg+2]
2WUF,P9WNH5,HSAD,GOL SCN KEM,OCC(O)CO N#C[S-] C[C@H](/C=C/C(=O)C(=O)[O-])C(=O)CC[C@H]1C(=O)CC[C@@]2(C)[C@@H]1CC[C@@H]2O
2WTX,P31677,OTSA,EDO UDP VDO,OCCO O=c1ccn([C@@H]2O[C@H](COP(=O)(O)OP(=O)(O)O)[C@@H](O)[C@H]2O)c(=O)[nH]1 O=P(O)(O)OC[C@H]1C[C@H](N[C@H]2C=C(CO)[C@@H](O)[C@H](O)[C@H]2O)[C@H](O)[C@@H](O)[C@@H]1O
2WSX,P31553,CAIT,NM2,C[N+](C)(C)CCCC(=O)O
2WR8,O58212,PH0463,SAH,Nc1ncnc2c1ncn2[C@@H]1O[C@H](CSCC[C@H](N)C(=O)O)[C@@H](O)[C@H]1O
2WQP,Q7DDU0,SIAC,LMR EDO ACT MN WQP,O=C(O)C[C@H](O)C(=O)O OCCO CC(=O)[O-] [Mn+2] CC(=O)N[C@@H]([C@@H](O)[C@H](O)[C@H](O)CO)[C@@H](O)C[C@@H](OP(=O)(O)O)C(=O)O
2WQ4,B4EH86,BCAM0185,SFU BR,C[Se][C@@H]1O[C@@H](C)[C@@H](O)[C@@H](O)[C@@H]1O [Br-]
2WPB,P0A6L4,NANA,ZZI,CCCN(CCC)C(=O)[C@H](O)[C@H](O)CO
2WOS,P31151,S100A7,CA 6AN ZN,[Ca+2] O=S(=O)(O)c1ccc2cc(N=C3C=CCC=C3)ccc2c1 [Zn+2]
2WOR,P31151,S100A7,CA 2AN ZN,[Ca+2] O=S(=O)(O)c1cccc2cccc(Nc3ccccc3)c12 [Zn+2]
2WOQ,Q59643,HEMB,AYC MG EPE PE5,CC(=O)N[C@H](C)C(=O)CCC(=O)O [Mg+2] O=S(=O)(O)CCN1CCN(CCO)CC1 CCOCCOCCOCCOCCOCCOCCOCCOCCO
2WNJ,Q8WSF8,LOC100533247,ZY7 NAG,COc1ccc(/C=C2\CCCN=C2c2cccnc2)c(OC)c1 CC(=O)N[C@@H]1[C@@H](O)[C@H](O)[C@@H](CO)O[C@H]1O
2WL0,P12499,GAG-POL,5AH,COC(=O)N[C@H](C(=O)NN(CC[C@@](O)(Cc1ccccc1)C(=O)N[C@H]1c2ccccc2C[C@H]1O)Cc1ccc(-c2ccccn2)cc1)C(C)(C)C
2WKZ,P12499,GAG-POL,5AH,COC(=O)N[C@H](C(=O)NN(CC[C@@](O)(Cc1ccccc1)C(=O)N[C@H]1c2ccccc2C[C@H]1O)Cc1ccc(-c2ccccn2)cc1)C(C)(C)C
2WKY,P22756,GRIK1,IBC CL,N[C@@H](CC1=CCCCc2onc(O)c21)C(=O)O [Cl-]
2WK6,P19971,TYMP,IUR,O=c1[nH]cc(I)c(=O)[nH]1
2WJG,Q57986,MJ0566,GDP,Nc1nc2c(ncn2[C@@H]2O[C@H](COP(=O)(O)OP(=O)(O)O)[C@@H](O)[C@H]2O)c(=O)[nH]1
2WHP,P21836,ACHE,NAG HI6 CO3 PEG P6G,CC(=O)N[C@@H]1[C@@H](O)[C@H](O)[C@@H](CO)O[C@H]1O NC(=O)c1cc[n+](COC[n+]2ccccc2/C=N/O)cc1 O=C([O-])[O-] OCCOCCO OCCOCCOCCOCCOCCOCCO
2WEQ,P02829,HSP82,GOL GDM,OCC(O)CO COC1=C2C[C@@H](C)C[C@H](OC)[C@H](O)[C@@H](C)/C=C(\C)[C@H](OC(N)=O)[C@@H](OC)/C=C\C=C(/C)C(=O)NC(=CC1=O)C2=O
2WEO,P00918,CA2,ZN FBW GOL DMS,[Zn+2] NS(=O)(=O)c1cccc(F)c1 OCC(O)CO CS(C)=O
2WEJ,P00918,CA2,ZN FB2 GOL,[Zn+2] NS(=O)(=O)c1ccccc1 OCC(O)CO
2WEH,P00918,CA2,GOL FB1 ZN,OCC(O)CO NS(=O)(=O)c1ccccc1Cl [Zn+2]
2WED,P00798,,MAN SO4 PP6,OC[C@H]1O[C@H](O)[C@@H](O)[C@@H](O)[C@@H]1O O=S(=O)([O-])[O-] COC(=O)[C@H](Cc1ccccc1)OP(=O)([O-])[C@@H]1Cc2ccc3cccc(c3c2)CC(=O)N[C@@H](C(C)C)C(=O)N1
2WEC,P00798,,PP5 SO4 MAN,COC(=O)[C@H](Cc1ccccc1)OP(=O)([O-])CNC(=O)[C@@H](NC(=O)Cc1cccc2ccccc12)C(C)C O=S(=O)([O-])[O-] OC[C@H]1O[C@H](O)[C@@H](O)[C@@H](O)[C@@H]1O
2WEB,P00798,,PP4 SO4 MAN,COC(=O)[C@H](Cc1ccccc1)OP(=O)([O-])[C@H](Cc1ccc2ccccc2c1)NC(=O)[C@@H](NC=O)C(C)C O=S(=O)([O-])[O-] OC[C@H]1O[C@H](O)[C@@H](O)[C@@H](O)[C@@H]1O
3D52,Q24451,ALPHA-MAN-IIA,ZN MRD GHR,[Zn+2] C[C@@H](O)CC(C)(C)O O=C(Nc1ccc(Cl)cc1)O/N=C1\N[C@H](CO)[C@@H](O)[C@H](O)[C@H]1O
3DC3,P00918,CA2,ZN AZM,[Zn+2] CC(=O)Nc1nnc(S(N)(=O)=O)s1
3DCC,P00918,CA2,ZN D9Z,[Zn+2] NS(=O)(=O)c1nnc(-c2ccccc2Cl)s1
3DDF,Q24451,ALPHA-MAN-IIA,NAG ZN GB6 MRD MPD,CC(=O)N[C@@H]1[C@@H](O)[C@H](O)[C@@H](CO)O[C@H]1O [Zn+2] O=C1N[C@H](CN[C@@H](CO)c2ccccc2)[C@@H](O)[C@H]1O C[C@@H](O)CC(C)(C)O C[C@H](O)CC(C)(C)O
3DDG,Q24451,ALPHA-MAN-IIA,NAG PO4 ZN MRD GB7,CC(=O)N[C@@H]1[C@@H](O)[C@H](O)[C@@H](CO)O[C@H]1O O=P([O-])([O-])[O-] [Zn+2] C[C@@H](O)CC(C)(C)O CN1C(=O)[C@H](O)[C@H](O)[C@H]1CN[C@@H](CO)c1ccccc1
3DGO,,,ZN CL ATP PEG,[Zn+2] [Cl-] Nc1ncnc2c1ncn2[C@@H]1O[C@H](CO[P@@](=O)(O)O[P@](=O)(O)OP(=O)(O)O)[C@@H](O)[C@H]1O OCCOCCO
3DJK,P03367,GAG-POL,NA CL G55,[Na+] [Cl-] COc1ccc(S(=O)(=O)N(CC(C)C)C[C@@H](O)[C@H](Cc2ccccc2)NC(=O)O[C@@H]2CCOCOC2)cc1
3DJO,P00669,SRN,U2P ACT,O=c1ccn([C@@H]2O[C@H](CO)[C@@H](O)[C@H]2OP(=O)(O)O)c(=O)[nH]1 CC(=O)[O-]
3DJQ,P00669,SRN,UDP,O=c1ccn([C@@H]2O[C@H](COP(=O)(O)OP(=O)(O)O)[C@@H](O)[C@H]2O)c(=O)[nH]1
3DJX,P00669,SRN,C5P,Nc1ccn([C@@H]2O[C@H](COP(=O)(O)O)[C@@H](O)[C@H]2O)c(=O)n1
3DKJ,P43490,NAMPT,PRP UNU,O=P(O)(O)OC[C@H]1O[C@H](O[P@@](=O)(O)OP(=O)(O)O)[C@H](O)[C@@H]1O NC(=O)c1ccccc1
3DLN,P19492,GRIA3,ZN GLU,[Zn+2] N[C@@H](CCC(=O)O)C(=O)O
3DND,P00517,PRKACA,LL2,Nc1ncc(Cc2ccccc2)s1
3DNT,P23874,HIPA,ATP MG SO4,Nc1ncnc2c1ncn2[C@@H]1O[C@H](CO[P@@](=O)(O)O[P@](=O)(O)OP(=O)(O)O)[C@@H](O)[C@H]1O [Mg+2] O=S(=O)([O-])[O-]
3DP9,Q9KPI8,MTNN,BIG IOD,CCCCSC[C@H]1CN(Cc2c[nH]c3c(N)ncnc23)C[C@@H]1O [I-]
3DSZ,P80188,LCN2,LIZ YT3,O=C(O)CN(CC(=O)O)[C@H](Cc1ccc(NC(=S)NC(CO)(CO)CO)cc1)CN(CC(=O)O)[C@H]1CCCC[C@@H]1N(CC(=O)O)CC(=O)O [Y+3]
3DX3,Q24451,ALPHA-MAN-IIA,NAG ZN PO4 MRD YTB,CC(=O)N[C@@H]1[C@@H](O)[C@H](O)[C@@H](CO)O[C@H]1O [Zn+2] O=P([O-])([O-])[O-] C[C@@H](O)CC(C)(C)O N[C@@H]1[C@@H](O)[C@H](O)[C@H](O)[C@@H]1O
3DXH,P61823,RNASE1,UDP,O=c1ccn([C@@H]2O[C@H](COP(=O)(O)OP(=O)(O)O)[C@@H](O)[C@H]2O)c(=O)[nH]1
3EKO,P07900,HSP90AA1,PYU PO4,O=C(c1c(O)cc(O)cc1O)n1cccc1 O=P([O-])([O-])[O-]
3EKP,P03369,GAG-POL,PO4 ACT 478,O=P([O-])([O-])[O-] CC(=O)[O-] CC(C)CN(C[C@@H](O)[C@H](Cc1ccccc1)NC(=O)O[C@H]1CCOC1)S(=O)(=O)c1ccc(N)cc1
3EKR,P07900,HSP90AA1,PY9 PO4,Cc1ccccc1[C@H]1CCCN1C(=O)c1ccc(O)cc1O O=P([O-])([O-])[O-]
3EKV,P03369,GAG-POL,478 ACT,CC(C)CN(C[C@@H](O)[C@H](Cc1ccccc1)NC(=O)O[C@H]1CCOC1)S(=O)(=O)c1ccc(N)cc1 CC(=O)[O-]
3EOR,P62617,ISPF,ZN NA CFV GPP,[Zn+2] [Na+] Nc1ccn(C[C@H](CO)OCP(=O)(O)O)c(=O)n1 CC(C)=CCC/C(C)=C/CO[P@@](=O)(O)OP(=O)(O)O
3ERT,P03372,ESR1,OHT,CC/C(=C(\c1ccc(O)cc1)c1ccc(OCCN(C)C)cc1)c1ccccc1
3EXH,P08559,PDHA1,MN K TPP GOL,[Mn+2] [K+] Cc1ncc(C[n+]2csc(CCO[P@](=O)(O)OP(=O)(O)O)c2C)c(N)n1 OCC(O)CO
3F4J,O67854,SNF,GLY BOG NA,NCC(=O)O CCCCCCCCO[C@@H]1O[C@H](CO)[C@@H](O)[C@H](O)[C@H]1O [Na+]
3FEE,Q9Y3Q0,NAALAD2,NAG ZN CL CA QUS,CC(=O)N[C@@H]1[C@@H](O)[C@H](O)[C@@H](CO)O[C@H]1O [Zn+2] [Cl-] [Ca+2] N[C@@H](Cn1oc(=O)[nH]c1=O)C(=O)O
3FHB,Q9Y6F1,PARP3,GAB,Nc1cccc(C(=O)O)c1
3G0I,Q9UR30,HYL1,VPR,CCCC(CCC)C(N)=O
3GTC,P00811,AMPC,PO4 GTC,O=P([O-])([O-])[O-] O=C(O)[C@@H]1CCCC[C@@H]1c1n[nH]c(=S)[nH]1
3GVU,P42684,ABL2,STI,Cc1ccc(NC(=O)c2ccc(CN3CCN(C)CC3)cc2)cc1Nc1nccc(-c2cccnc2)n1
3HEC,Q16539,MAPK14,STI BOG,Cc1ccc(NC(=O)c2ccc(CN3CCN(C)CC3)cc2)cc1Nc1nccc(-c2cccnc2)n1 CCCCCCCCO[C@@H]1O[C@H](CO)[C@@H](O)[C@H](O)[C@H]1O
3HKN,P00918,CA2,ZN GOL,[Zn+2] OCC(O)CO
3HUB,Q16539,MAPK14,BOG 469,CCCCCCCCO[C@@H]1O[C@H](CO)[C@@H](O)[C@H](O)[C@H]1O C[C@@H]1CN(Cc2ccc(F)cc2)[C@@H](C)CN1C(=O)c1cc2c(C(=O)C(=O)N(C)C)cn(C)c2cc1Cl
3I25,P56817,BACE1,MV7,COCCO[C@H](C[C@H](O)[C@H](COc1cc(F)cc(F)c1)NC(=O)c1cc(C(=O)N[C@H](C)c2ccccc2)cc(N(C)S(C)(=O)=O)c1)C(=O)N[C@H](C(=O)NCc1ccccc1)C(C)C
3IOE,P9WIL5,PANC,EOH SO4 GOL A7D,CCO O=S(=O)([O-])[O-] OCC(O)CO Nc1ncnc2c1ncn2[C@@H]1O[C@H](CSCC[C@@H](O)CO)[C@@H](O)[C@H]1O
3IPQ,Q13133,NR1H3,SO4 965,O=S(=O)([O-])[O-] O=C(O)Cc1cccc(OCCCN(Cc2cccc(C(F)(F)F)c2Cl)CC(c2ccccc2)c2ccccc2)c1
3IPU,Q13133,NR1H3,SO4 O40,O=S(=O)([O-])[O-] CCCc1c(OCCCN(C)C(=O)Nc2ccc(C(=O)O)cc2)ccc2c(C(F)(F)F)noc12
3JDW,P50440,GATM,ORN,NCCC[C@H](N)C(=O)O
3IWW,Q04609,FOLH1,ZN CA CL NAG YZE,[Zn+2] [Ca+2] [Cl-] CC(=O)N[C@@H]1[C@@H](O)[C@H](O)[C@@H](CO)O[C@H]1O C=CC[C@H](NC(=O)N[C@@H](CCCCNC(=O)c1ccc(I)cc1)C(=O)O)C(=O)O
3IW8,Q16539,MAPK14,HIZ BOG,N[C@H](COCc1ccccc1)c1csc(NC(=O)Nc2ccc(F)c(Cl)c2)n1 CCCCCCCCO[C@@H]1O[C@H](CO)[C@@H](O)[C@H](O)[C@H]1O
3IW7,Q16539,MAPK14,BOG IPK,CCCCCCCCO[C@@H]1O[C@H](CO)[C@@H](O)[C@H](O)[C@H]1O O=C(c1ccc(CSc2nc3ccncc3[nH]2)cc1)N1CCC(Cc2ccccc2)CC1
3IW6,Q16539,MAPK14,BOG PP0,CCCCCCCCO[C@@H]1O[C@H](CO)[C@@H](O)[C@H](O)[C@H]1O CCOC(=O)c1c(C)c(C(=O)N2CCN(Cc3ccccc3)CC2)c(C)n1CC
3IW5,Q16539,MAPK14,DF3 BOG,O=C(CSc1cn(CCNC(=O)c2cccc(C(F)(F)F)c2)c2ccccc12)Nc1ccc2c(c1)OCCO2 CCCCCCCCO[C@@H]1O[C@H](CO)[C@@H](O)[C@H](O)[C@H]1O
3IVX,P9WIL5,PANC,FG6 EOH EDO GOL,COc1ccc2c(c1)cc(C(=O)NS(=O)(=O)c1cc3ccccc3o1)n2CC(=O)O CCO OCCO OCC(O)CO
3IVC,P9WIL5,PANC,FG4 GOL SO4 EOH,COc1ccc2c(c1)cc(C(=O)OCc1cc3ccccc3o1)n2CC(=O)O OCC(O)CO O=S(=O)([O-])[O-] CCO
3IUE,P9WIL5,PANC,FG3 GOL EDO EOH,COc1ccc2c(c1)cc(C(=O)NS(=O)(=O)c1ccc(C)cn1)n2CC(=O)O OCC(O)CO OCCO CCO
3IUB,P9WIL5,PANC,EOH EDO FG2,CCO OCCO COc1ccc2[nH]c(C(=O)NS(=O)(=O)c3ccc(C)cn3)cc2c1
3ITC,Q93J45,SCO3058,GOL CIT ZN,OCC(O)CO O=C(O)CC(O)(CC(=O)O)C(=O)O [Zn+2]
3ISS,P0A749,MURA,EPU PO3,C=C(O[C@H]1[C@H](O)[C@@H](CO)O[C@H](O[P@@](=O)(O)O[P@](=O)(O)OC[C@H]2O[C@@H](n3ccc(=O)[nH]c3=O)[C@H](O)[C@@H]2O)[C@@H]1NC(C)=O)C(=O)O O=[P-]([O-])[O-]
3ISJ,P9WIL5,PANC,EOH GOL A8D SO4,CCO OCC(O)CO COc1ccc2[nH]c(C(=O)NS(C)(=O)=O)cc2c1 O=S(=O)([O-])[O-]
3IPH,Q16539,MAPK14,G11 SO4 GOL,Cc1ccc(C(=O)NC2CC2)cc1-c1ccc(C(=O)NCC2CC2)cn1 O=S(=O)([O-])[O-] OCC(O)CO
3IP9,Q7CX36,ATU2422,SO4 ABU,O=S(=O)([O-])[O-] NCCCC(=O)O
3IP8,Q05115,,B85,O=P(O)(O)Cc1ccccc1
3IP6,Q7CX36,ATU2422,PRO SO4,O=C(O)[C@@H]1CCCN1 O=S(=O)([O-])[O-]
3IP5,Q7CX36,ATU2422,ALA PEG,C[C@H](N)C(=O)O OCCOCCO
3IOG,P26918,CPHA,SDF SO4 GOL ZN,O=P(O)(O)[C@H](S)c1ccc(Cl)cc1Cl O=S(=O)([O-])[O-] OCC(O)CO [Zn+2]
3IOF,P26918,CPHA,ZN IFS SO4 GOL,[Zn+2] CC(C)OP(=O)(OC(C)C)c1ccccc1CS O=S(=O)([O-])[O-] OCC(O)CO
3IOD,P9WIL5,PANC,EOH GOL SO4 A6D,CCO OCC(O)CO O=S(=O)([O-])[O-] Nc1ncnc2c1ncn2[C@@H]1O[C@H](CSSCc2cccc([N+](=O)[O-])c2)[C@@H](O)[C@H]1O
3IOC,P9WIL5,PANC,A5D GOL,Nc1ncnc2c1ncn2[C@@H]1O[C@H](CSSCc2ccccc2)[C@@H](O)[C@H]1O OCC(O)CO
3IOB,P9WIL5,PANC,A4D SO4 GOL EOH,Nc1ncnc2c1ncn2[C@@H]1O[C@H](CS)[C@@H](O)[C@H]1O O=S(=O)([O-])[O-] OCC(O)CO CCO
3IMY,P10828,THRB,B72,Cc1cc(OCC(=O)O)cc(C)c1Cc1ccc(O)c(C(C)C)c1
3IMG,P9WIL5,PANC,EOH GOL SO4 BZ3 BZ2,CCO OCC(O)CO O=S(=O)([O-])[O-] COc1ccc2[nH]ccc2c1 O=C(O)c1cc2ccccc2o1
3IME,P9WIL5,PANC,BZ2 GOL EOH,O=C(O)c1cc2ccccc2o1 OCC(O)CO CCO
3IMC,P9WIL5,PANC,BZ3 SO4 GOL EOH,COc1ccc2[nH]ccc2c1 O=S(=O)([O-])[O-] OCC(O)CO CCO
3ILQ,P11609,CD1D1,1O2 NAG,CCCCCCCC/C=C\CCCCCCCC(=O)OC[C@H](CO[C@H]1O[C@H](CO)[C@H](O)[C@H](O)[C@H]1O)OC(=O)CCCCCCCCCCCCCCC CC(=O)N[C@@H]1[C@@H](O)[C@H](O)[C@@H](CO)O[C@H]1O
3IKG,Q13526,PIN1,J8Z,Cc1cccc(C[C@H](COP(=O)([O-])[O-])NC(=O)c2cc3ccccc3s2)c1
3IKD,Q13526,PIN1,J9Z,O=C(N[C@@H](COP(=O)([O-])[O-])Cc1ccccc1)c1cc2ccccc2s1
3IJH,,,KO2 MG,C=CCO[C@@]1(C(=O)O)O[C@H]([C@H](O)CO)[C@H](O)[C@H](O)[C@@H]1O [Mg+2]
3IJG,P14174,MIF,CL AVR,[Cl-] CC(C)c1nn2ccccc2c1C(=O)[C@@H](C)N
3IGP,P00918,CA2,GOL DT7 ZN,OCC(O)CO COc1cc2c(cc1OC)CN(S(N)(=O)=O)CC2 [Zn+2]
3IES,P08659,,M24,Nc1ncnc2c1ncn2[C@@H]1O[C@H](COP(=O)(O)OC(=O)c2cccc(-c3noc(-c4ccccc4F)n3)c2)[C@@H](O)[C@H]1O
3IE3,P09211,GSTP1,GSH N11 MES,N[C@@H](CCC(=O)N[C@@H](CS)C(=O)NCC(=O)O)C(=O)O O=[N+]([O-])c1ccc(SCCCCCCO)c2nonc12 O=S(=O)([O-])CC[NH+]1CCOCC1
3IBU,P00918,CA2,CL HGB O48 ZN,[Cl-] O=C(O)c1ccc([Hg]O)cc1 CCCCCCCCCCOS(N)(=O)=O [Zn+2]
3IBN,P00918,CA2,HGB O60 CL ZN,O=C(O)c1ccc([Hg]O)cc1 NS(=O)(=O)OCCCCCCCCCCOS(N)(=O)=O [Cl-] [Zn+2]
3IBL,P00918,CA2,CL HGB O59 ZN,[Cl-] O=C(O)c1ccc([Hg]O)cc1 NS(=O)(=O)OCCCCCCCCOS(N)(=O)=O [Zn+2]
3IBI,P00918,CA2,CL HGB BOW ZN,[Cl-] O=C(O)c1ccc([Hg]O)cc1 CCCCCCCCOS(N)(=O)=O [Zn+2]
3IAW,P03369,GAG-POL,2NC SO4,CCCC[C@@H](CN[C@@H](CCCC)C(=O)N[C@@H](CCC(N)=O)C(=O)N[C@@H](CCCNC(N)=[NH2+])C(N)=O)NC(=O)[C@@H](NC(=O)[C@@H](NC(C)=O)[C@@H](C)O)[C@@H](C)CC O=S(=O)([O-])[O-]
3IAF,Q9F4L3,BZNB,MG TPP,[Mg+2] Cc1ncc(C[n+]2csc(CCO[P@](=O)(O)OP(=O)(O)O)c2C)c(N)n1
3IAE,Q9F4L3,BZNB,CA D7K,[Ca+2] CO[P@](=O)(O)[C@@](O)(c1ccccc1)c1sc(CCO[P@@](=O)(O)OP(=O)(O)O)c(C)[n+]1Cc1cnc(C)nc1N
3I9G,,,CA MG S1P,[Ca+2] [Mg+2] CCCCCCCCCCCCC/C=C/[C@@H](O)[C@@H](N)COP(=O)(O)O
3I7E,P03369,GAG-POL,DJR,COc1ccc(S(=O)(=O)N(CC(C)C)C[C@@H](O)[C@H](Cc2ccccc2)NC(=O)O[C@H]2CO[C@H]3OCC[C@H]32)cc1
3I73,O57728,ATPA,ACY TRS MPD ADP,CC(=O)O [NH3+]C(CO)(CO)CO C[C@H](O)CC(C)(C)O Nc1ncnc2c1ncn2[C@@H]1O[C@H](CO[P@](=O)(O)OP(=O)(O)O)[C@@H](O)[C@H]1O
3I6O,P03367,GAG-POL,GR6 GOL IOD NA,COc1ccc2c(c1)OCC/C=C/CCCCN(C[C@@H](O)[C@H](Cc1ccccc1)NC(=O)O[C@H]1CO[C@H]3OCC[C@H]31)S2(=O)=O OCC(O)CO [I-] [Na+]
3I60,P28482,MAPK1,E86 SO4,Cc1cnc(Nc2ccccc2Cl)nc1-c1c[nH]c(C(=O)N[C@H](CO)c2ccccc2)c1 O=S(=O)([O-])[O-]
3I5Z,P28482,MAPK1,Z48 SO4,Cc1cnc(Nc2ccccc2)nc1-c1c[nH]c(C(=O)N[C@H](CO)c2ccccc2)c1 O=S(=O)([O-])[O-]
3I51,P95607,CATA,FE 45C 6PL,[Fe+3] Oc1cc(Cl)c(Cl)cc1O CCCCCCCCCCCCCCCCCC(=O)O[C@H](COC(=O)CCCCCCCCCCCCCCC)CO[P@@](=O)(O)OCC[N+](C)(C)C
3I4Y,P95607,CATA,FE 35C 6PL,[Fe+3] Oc1cc(Cl)cc(Cl)c1O CCCCCCCCCCCCCCCCCC(=O)O[C@H](COC(=O)CCCCCCCCCCCCCCC)CO[P@@](=O)(O)OCC[N+](C)(C)C
3I4B,P49841,GSK3B,Z48,Cc1cnc(Nc2ccccc2)nc1-c1c[nH]c(C(=O)N[C@H](CO)c2ccccc2)c1
3I3D,P00722,LACZ,IPT MG NA DMS,CC(C)S[C@@H]1O[C@H](CO)[C@H](O)[C@H](O)[C@H]1O [Mg+2] [Na+] CS(C)=O
3I3B,P00722,LACZ,149 DMS NA MG,O=C1O[C@H](CO)[C@H](O)[C@H](O)[C@H]1O CS(C)=O [Na+] [Mg+2]
3HZV,,,MG ZN,[Mg+2] [Zn+2]
3HZM,,,KDO ZN MG,O=C(O)[C@@]1(O)C[C@@H](O)[C@@H](O)[C@@H]([C@H](O)CO)O1 [Zn+2] [Mg+2]
3HZK,,,MG ZN,[Mg+2] [Zn+2]
3HX3,P12271,RLBP1,RET,CC1=C(/C=C/C(C)=C/C=C/C(C)=C/C=O)C(C)(C)CCC1
3HWW,P17109,MEND,AKG MG NA CL GOL,O=C(O)CCC(=O)C(=O)O [Mg+2] [Na+] [Cl-] OCC(O)CO
3HVK,P22734,COMT,719 NHE CL MG,O=C(NC/C=C/[C@H]1O[C@@H](n2cnc3c(NCCO)ncnc32)[C@H](O)[C@@H]1O)c1cc(-c2ccc(F)cc2)cc(O)c1O O=S(=O)(O)CCNC1CCCCC1 [Cl-] [Mg+2]
3HVJ,P22734,COMT,BTB CL MG 705,OCCN(CCO)C(CO)(CO)CO [Cl-] [Mg+2] CCCNc1ncnc2c1ncn2[C@@H]1O[C@H](/C=C/CNC(=O)c2cc(-c3ccc(F)cc3)cc(O)c2O)[C@@H](O)[C@H]1O
3HVI,P22734,COMT,MG NA CL 619 D1D,[Mg+2] [Na+] [Cl-] CCNc1ncnc2c1ncn2[C@@H]1O[C@H](/C=C/CNC(=O)c2cc(-c3ccc(F)cc3)cc(O)c2O)[C@@H](O)[C@H]1O O[C@@H]1CSSC[C@H]1O
3HVH,P22734,COMT,542 CXS MG CL SO4,CNc1ncnc2c1ncn2[C@@H]1O[C@H](/C=C/CNC(=O)c2cc(-c3ccc(F)cc3)cc(O)c2O)[C@@H](O)[C@H]1O O=S(=O)(O)CCCNC1CCCCC1 [Mg+2] [Cl-] O=S(=O)([O-])[O-]
3HV8,Q9HUK6,FIMX,C2E,Nc1nc2c(ncn2[C@@H]2O[C@@H]3COP(=O)(O)O[C@H]4[C@@H](O)[C@H](n5cnc6c(=O)[nH]c(N)nc65)O[C@@H]4COP(=O)(O)O[C@H]3[C@H]2O)c(=O)[nH]1
3HUC,Q16539,MAPK14,BOG G97 MES,CCCCCCCCO[C@@H]1O[C@H](CO)[C@@H](O)[C@H](O)[C@H]1O C=CC(=O)Nc1ccc2c(Nc3cc[nH]n3)nc(-c3ccccc3)nc2c1 O=S(=O)([O-])CC[NH+]1CCOCC1
3HU3,P55072,VCP,AGS MG,Nc1ncnc2c1ncn2[C@@H]1O[C@H](COP(=O)(O)OP(=O)(O)OP(O)(O)=S)[C@@H](O)[C@H]1O [Mg+2]
3HS4,P00918,CA2,GOL AZM ZN,OCC(O)CO CC(=O)Nc1nnc(S(N)(=O)=O)s1 [Zn+2]
3HRF,O15530,PDPK1,ATP P47 EPE,Nc1ncnc2c1ncn2[C@@H]1O[C@H](CO[P@@](=O)(O)O[P@](=O)(O)OP(=O)(O)O)[C@@H](O)[C@H]1O O=C(O)/C=C(/CCc1ccc(Cl)cc1)c1ccccc1 O=S(=O)(O)CCN1CCN(CCO)CC1
3HP9,P04995,SBCB,MG CF1 DMS EDO,[Mg+2] COc1ccc(Nc2cc(C(F)(F)F)ccc2Cl)c(C(=O)O)c1 CS(C)=O OCCO
3HMP,P33981,TTK,CX4 7PE PEG GOL IPA,Clc1ccc2c(NCC3CC3)ncnc2c1 CCOCCOCCOCCOCCOCCOCCO OCCOCCO OCC(O)CO CC(C)O
3HMO,P33981,TTK,GOL IPA STU 7PE,OCC(O)CO CC(C)O CN[C@@H]1C[C@H]2O[C@@](C)([C@@H]1OC)n1c3ccccc3c3c4c(c5c6ccccc6n2c5c31)C(=O)NC4 CCOCCOCCOCCOCCOCCOCCO
3HLL,Q16539,MAPK14,I45 I46 PO2,CNC(=O)c1ccc(C)c(-n2c(C)cc(OCc3ccc(F)cc3F)c(Br)c2=O)c1 Fc1ccc(-c2c[nH]nc2-c2ccnc(F)c2)cc1 O=P[O-]
3HL8,P04995,SBCB,MG BBP DMS EDO,[Mg+2] CC(C)(C)C1=NN(c2nc3ccc(Cl)cc3s2)[C@H](O)C1 CS(C)=O OCCO
3HL7,Q16539,MAPK14,I46 I47,Fc1ccc(-c2c[nH]nc2-c2ccnc(F)c2)cc1 O=C(CO)N1CCC(c2n[nH]c(-c3ccc(Cl)cc3)c2-c2ccncn2)CC1
3HL5,P98170,XIAP,9JZ ZN,CN[C@@H](C)C(=O)N[C@H](C(=O)N1CC[C@H](C)[C@H]1C(=O)Nc1ccccc1-c1ncccn1)C1CCCCC1 [Zn+2]
3HKY,O92972,,IX6 SO4 CL,C=C(C)COc1ccc([C@H]2C3=C(CC(C)(C)CS3(=O)=O)Nc3c(O)cccc3N2C(=O)c2nc(C)oc2C)c(F)c1 O=S(=O)([O-])[O-] [Cl-]
3HKW,P26664,,IX6 SO4 GOL,C=C(C)COc1ccc([C@H]2C3=C(CC(C)(C)CS3(=O)=O)Nc3c(O)cccc3N2C(=O)c2nc(C)oc2C)c(F)c1 O=S(=O)([O-])[O-] OCC(O)CO
3HKU,P00918,CA2,TOR ZN,CC1(C)O[C@@H]2[C@@H](CO[C@@]3(COS(N)(=O)=O)OC(C)(C)O[C@@H]23)O1 [Zn+2]
3HKT,P00918,CA2,ZN,[Zn+2]
3HKQ,P00918,CA2,GOL 1SD ZN,OCC(O)CO NS(=O)(=O)[C@@H]1O[C@H](CO)[C@H](O)[C@H](O)[C@H]1O [Zn+2]
3HK1,P04117,FABP4,B64,COC(=O)c1sc(-c2cccs2)cc1NC(=O)/C=C\C(=O)O
3HIT,Q2QEH4,RND81_04G013200,DYN,CO[C@@H]1[C@H](OP(=O)(O)OCCCCO)[C@@H](COP(=O)(O)O[C@H]2CN(Cc3c[nH]c4c(N)ncnc34)C[C@@H]2COP(=O)(O)OCCCO)O[C@H]1n1cnc2c(=O)[nH]c(N)nc21
3HIG,P19801,AOC1,BRN GOL CA CU,N=C(N)c1ccc(N=NNc2ccc(C(=N)N)cc2)cc1 OCC(O)CO [Ca+2] [Cu+2]
3HFB,P17752,TPH1,ML4 FE,Cc1ccccc1-c1ccccc1CNc1cnc(-c2ccc(C[C@H](N)C(=O)O)cc2)cn1 [Fe+3]
3HF8,P17752,TPH1,ML0 FE,Nc1nc(O[C@H](c2ccc(-c3cccc(F)c3)cc2)C(F)(F)F)cc(-c2ccc(C[C@H](N)C(=O)O)cc2)n1 [Fe+3]
3HEK,P07900,HSP90AA1,PO4 BD0,O=P([O-])([O-])[O-] O=C(c1cc(Cl)c(O)cc1O)N1CCC[C@@H]1c1ccc(CN2CCC(F)(F)C2)cc1
3HDK,P03369,GAG-POL,2NC,CCCC[C@@H](CN[C@@H](CCCC)C(=O)N[C@@H](CCC(N)=O)C(=O)N[C@@H](CCCNC(N)=[NH2+])C(N)=O)NC(=O)[C@@H](NC(=O)[C@@H](NC(C)=O)[C@@H](C)O)[C@@H](C)CC
3HBO,P03369,GAG-POL,2NC,CCCC[C@@H](CN[C@@H](CCCC)C(=O)N[C@@H](CCC(N)=O)C(=O)N[C@@H](CCCNC(N)=[NH2+])C(N)=O)NC(=O)[C@@H](NC(=O)[C@@H](NC(C)=O)[C@@H](C)O)[C@@H](C)CC
3HB4,P14061,HSD17B1,E2B,C[C@]12CC[C@@H]3c4ccc(O)cc4CC[C@H]3[C@@H]1C[C@H](Cc1cccc(C(N)=O)c1)[C@@H]2O
3HAV,Q9EVD7,APH(2')-IB,ATP MG SRY,Nc1ncnc2c1ncn2[C@@H]1O[C@H](CO[P@@](=O)(O)O[P@](=O)(O)OP(=O)(O)O)[C@@H](O)[C@H]1O [Mg+2] CN[C@@H]1[C@H](O[C@H]2[C@H](O[C@H]3[C@H](O)[C@@H](O)[C@H](NC(=N)N)[C@@H](O)[C@@H]3NC(=N)N)O[C@@H](C)[C@]2(O)C=O)O[C@@H](CO)[C@H](O)[C@H]1O
3H8B,P07711,CTSL,NSY,N=C(N)NCCC[C@@H](NC(=O)[C@H](CCCCNC(=O)Cc1ccc(-c2ccccc2)cc1)NC(=O)Cc1ccc(-c2ccccc2)cc1)C(=O)N[C@@H](Cc1ccccc1)C(=O)NCCc1ccccc1
3H78,P20582,PQSD,BE2,Nc1ccccc1C(=O)O
3H5B,P03367,GAG-POL,NA CL 031 GOL,[Na+] [Cl-] COc1ccc(S(=O)(=O)N(C[C@H]2CCC(=O)N2)C[C@@H](O)[C@H](Cc2ccccc2)NC(=O)O[C@@H]2C[C@@H]3CCO[C@@H]3C2)cc1 OCC(O)CO
3H30,P68400,CSNK2A1,CL RFZ,[Cl-] OC[C@H]1O[C@@H](n2cnc3cc(Cl)c(Cl)cc32)[C@H](O)[C@@H]1O
3H1X,P59071,,IMN SO4,COc1ccc2c(c1)c(CC(=O)O)c(C)n2C(=O)c1ccc(Cl)cc1 O=S(=O)([O-])[O-]
3GY7,P00760,PRSS1,SO4 EDO BEN CA,O=S(=O)([O-])[O-] OCCO N=C(N)c1ccccc1 [Ca+2]
3GY3,P00760,PRSS1,CA PNT EDO,[Ca+2] N=C(N)c1ccc(OCCCCCOc2ccc(C(=N)N)cc2)cc1 OCCO
3GY2,P00760,PRSS1,EDO SO4 BRN CA,OCCO O=S(=O)([O-])[O-] N=C(N)c1ccc(N=NNc2ccc(C(=N)N)cc2)cc1 [Ca+2]
3GX0,P77526,YFCG,GDS,N[C@@H](CCC(=O)N[C@@H](CSSC[C@H](NC(=O)CC[C@H](N)C(=O)O)C(=O)NCC(=O)O)C(=O)NCC(=O)O)C(=O)O
3GWS,P10828,THRB,T3,N[C@@H](Cc1cc(I)c(Oc2ccc(O)c(I)c2)c(I)c1)C(=O)O
3GVB,P00811,AMPC,PO4 3GV DMS,O=P([O-])([O-])[O-] O=C(O)[C@H]1CC(=O)N(c2ccccc2O)C1 CS(C)=O
3GUZ,P31663,PANC,PAF,CC(C)(CO)[C@@H](O)C(=O)[O-]
3GTA,Q96CA5,BIRC7,EDO BTB LI 851 ZN,OCCO OCCN(CCO)C(CO)(CO)CO [Li+] CN[C@@H](C)C(=O)N[C@H](C(=O)N1CCC[C@H]1c1nc2c(-c3ccccc3)cccc2s1)C1CCCCC1 [Zn+2]
3GT9,Q96CA5,BIRC7,ZN 516,[Zn+2] CN[C@@H](C)C(=O)N[C@H](C(=O)N1CCC[C@H]1c1nc(-c2cccc3ccccc23)cs1)C1CCCCC1
3GST,P04905,GSTM1,SO4 GPR,O=S(=O)([O-])[O-] N[C@@H](CCC(=O)N[C@@H](CS[C@@H]1c2ccccc2-c2ccccc2[C@H]1O)C(=O)NCC(=O)O)C(=O)O
3GSS,P09211,GSTP1,MES EAA GSH SO4,O=S(=O)([O-])CC[NH+]1CCOCC1 C=C(CC)C(=O)c1ccc(OCC(=O)O)c(Cl)c1Cl N[C@@H](CCC(=O)N[C@@H](CS)C(=O)NCC(=O)O)C(=O)O O=S(=O)([O-])[O-]
3GSM,Q9KU37,NAGZ,VPU GOL,CCCCC(=O)N[C@H]1/C(=N\OC(=O)Nc2ccccc2)O[C@H](CO)[C@@H](O)[C@@H]1O OCC(O)CO
3GSG,P00811,AMPC,PO4 DMS GF1,O=P([O-])([O-])[O-] CS(C)=O C[C@@H](C(=O)O)N1C(=O)[C@@H]2[C@@H]3CC[C@@H](C3)[C@@H]2C1=O
3GS6,Q9KU37,NAGZ,GOL NP6,OCC(O)CO CCCC(=O)N[C@H]1/C(=N\OC(=O)Nc2ccccc2)O[C@H](CO)[C@@H](O)[C@@H]1O
3GRJ,P00811,AMPC,PO4 G14 PEG DMS,O=P([O-])([O-])[O-] O=C(O)c1c[nH]c(-c2ccccc2)n1 OCCOCCO CS(C)=O
3GQZ,P00811,AMPC,DMS GF7,CS(C)=O CC(=O)c1ccc(N2C[C@@H](C(=O)O)CC2=O)cc1
3GPO,Q8JUX6,,APR,Nc1ncnc2c1ncn2[C@@H]1O[C@H](CO[P@](=O)(O)O[P@](=O)(O)OC[C@H]2O[C@@H](O)[C@H](O)[C@@H]2O)[C@@H](O)[C@H]1O
3GPJ,P23639,PRE8,SY2,CC(C)[C@H](NC(=O)N[C@H](C(=O)N[C@H]1CCCCNC(=O)/C=C\[C@H](C(C)C)NC1=O)C(C)C)C(=O)O
3GM0,,,B41,CN[C@@H](C)Cc1ccc2c(c1)OCO2
3GKZ,,,B40,CN[C@@H](C)Cc1ccccc1
3GK2,P02638,S100B,CA 27A CAC,[Ca+2] CN1CCN(c2ccccc2CN=NC(N)=S)CC1 C[As](C)(=O)[O-]
3GK1,P02638,S100B,CAC 32A CA,C[As](C)(=O)[O-] CCCCC#Cc1ccc(C(=O)NNC(=S)NC)o1 [Ca+2]
3GJW,P09874,PARP1,GJW,O=c1[nH]c2cc(CN3CCCC3)ccc2n2cccc12
3GI6,P03369,GAG-POL,PO4 D78,O=P([O-])([O-])[O-] COc1ccc(S(=O)(=O)N(CC(C)C)C[C@@H](O)[C@H](Cc2ccccc2)NC(=O)[C@@H]2CN(c3cccc(C(F)(F)F)c3)C(=O)O2)cc1
3GI5,P03369,GAG-POL,PO4 K62,O=P([O-])([O-])[O-] CC(=O)c1cccc(N2C[C@@H](C(=O)N[C@@H](Cc3ccccc3)[C@H](O)CN(CC(C)C)S(=O)(=O)c3ccc4c(c3)OCO4)OC2=O)c1
3GI4,P03369,GAG-POL,ACT PO4 K60,CC(=O)[O-] O=P([O-])([O-])[O-] CC(C)CN(C[C@@H](O)[C@H](Cc1ccccc1)NC(=O)[C@@H]1CN(c2cccc(C(F)(F)F)c2)C(=O)O1)S(=O)(=O)c1ccc2c(c1)OCO2
3GGU,P03367,GAG-POL,017,CC(C)CN(C[C@@H](O)[C@H](Cc1ccccc1)NC(=O)O[C@H]1CO[C@H]2OCC[C@H]21)S(=O)(=O)c1ccc(N)cc1
3GF2,Q96ZY1,ST1710,SAL,O=C(O)c1ccccc1O
3GDT,P03962,URA3,UP6,O=c1cnn([C@@H]2O[C@H](COP(=O)(O)O)[C@@H](O)[C@H]2O)c(=O)[nH]1
3GCU,Q16539,MAPK14,R48 BOG MES,Cc1ccc(-n2nc(C(C)(C)C)cc2NC(=O)Nc2cccc(Nc3ncnc4ccc(N)cc34)c2)cc1 CCCCCCCCO[C@@H]1O[C@H](CO)[C@@H](O)[C@H](O)[C@H]1O O=S(=O)([O-])CC[NH+]1CCOCC1
3GCP,Q16539,MAPK14,SB2 BOG,C[S@](=O)c1ccc(-c2nc(-c3ccc(F)cc3)c(-c3ccncc3)[nH]2)cc1 CCCCCCCCO[C@@H]1O[C@H](CO)[C@@H](O)[C@H](O)[C@H]1O
3GC4,P28720,TGT,AAQ ZN GOL,CNc1nc2c(CCNCc3ccccc3)c3nc(N)[nH]c(=O)c3cc2[nH]1 [Zn+2] OCC(O)CO
3GBE,D0VX20,SMUA,EDO FLC NOJ,OCCO O=C([O-])CC(O)(CC(=O)[O-])C(=O)[O-] OC[C@H]1NC[C@H](O)[C@@H](O)[C@@H]1O
3GBA,P22756,GRIK1,DYH SO4 GOL CL,CN[C@H]1[C@H]2O[C@@](C[C@H](N)C(=O)O)(C(=O)O)C[C@H]2OC[C@H]1O O=S(=O)([O-])[O-] OCC(O)CO [Cl-]
3GA5,P23905,MGLB,RGG CA SCN NA,OC[C@@H](O)CO[C@@H]1O[C@H](CO)[C@H](O)[C@H](O)[C@H]1O [Ca+2] N#C[S-] [Na+]
3G9N,P53779,MAPK10,J88,O=C1/C(=N\O)c2c(-c3ccccc3)cccc2N1Cc1cc(F)cc2c1OCOC2
3G8E,Q80Z29,NAMPT,IS1,O=C(/C=C/c1ccc[n+]([C@@H]2O[C@H](CO)[C@@H](O)[C@H]2O)c1)NCCCCC1CCN(C(=O)c2ccccc2)CC1
3G6M,A9LI60,CRCHI1,CFF,Cn1c(=O)c2c(ncn2C)n(C)c1=O
3G5K,Q9HBH1,PDF,BB2 CO,CCCCC[C@H](CC(=O)NO)C(=O)N[C@H](C(=O)N1CCC[C@H]1CO)C(C)C [Co+2]
3G3R,P47075,VTC4,ANP MN SO4 NA,Nc1ncnc2c1ncn2[C@@H]1O[C@H](COP(=O)(O)OP(=O)(O)NP(=O)(O)O)[C@@H](O)[C@H]1O [Mn+2] O=S(=O)([O-])[O-] [Na+]
3G35,Q9L5C8,BLACTX-M-9A,DMS F13,CS(C)=O O=C(Nc1cccc(-c2nnn[nH]2)c1)c1cccc(F)c1
3G34,Q9L5C8,BLACTX-M-9A,1CE PO4 DMS,O=c1c2c3c(sc2ncn1Cc1nnn[nH]1)CCCC3 O=P([O-])([O-])[O-] CS(C)=O
3G32,Q9L5C8,BLACTX-M-9A,PO4 DMS 3G3,O=P([O-])([O-])[O-] CS(C)=O O=C1c2ccccc2C(=O)N1CCc1nnn[nH]1
3G30,Q9L5C8,BLACTX-M-9A,G30,O=C(O)[C@H]1C[C@H]1C(=O)Nc1cc(F)ccc1F
3G2Y,Q9L5C8,BLACTX-M-9A,DMS GF4,CS(C)=O CCc1c(C)[nH]n(-c2nnn[nH]2)c1=O
3G2L,P00489,PYGM,LEW,OC[C@H]1O[C@@H](n2cc(-c3cccc4ccccc34)nn2)[C@H](O)[C@@H](O)[C@@H]1O
3G2K,P00489,PYGM,SKY,OC[C@H]1O[C@@H](n2cc(-c3ccc4ccccc4c3)nn2)[C@H](O)[C@@H](O)[C@@H]1O
3G2J,P00489,PYGM,9GP,O=C(CO)N[C@@H]1O[C@H](CO)[C@@H](O)[C@H](O)[C@H]1O
3G2I,P00489,PYGM,RUG,OCc1cn([C@@H]2O[C@H](CO)[C@@H](O)[C@H](O)[C@H]2O)nn1
3G2H,P00489,PYGM,IMP DMS KOT,O=c1[nH]cnc2c1ncn2[C@@H]1O[C@H](COP(=O)(O)O)[C@@H](O)[C@H]1O CS(C)=O OC[C@H]1O[C@@H](n2cc(-c3ccccc3)nn2)[C@H](O)[C@@H](O)[C@@H]1O
3G1V,O26232,PYRF,5FU CL,O=c1[nH]c(=O)n([C@@H]2O[C@H](COP(=O)(O)O)[C@@H](O)[C@H]2O)cc1F [Cl-]
3G0E,P10721,KIT,B49,CCN(CC)CCNC(=O)c1c(C)[nH]c(/C=C2/C(=O)Nc3ccc(F)cc32)c1C
3G08,P11609,CD1D1,NAG FEE PLM,CC(=O)N[C@@H]1[C@@H](O)[C@H](O)[C@@H](CO)O[C@H]1O CCCCCCCCCCCCCCCCCCCCCCCC(=O)N[C@@H](CO[C@H]1O[C@H](CO)[C@H](O)[C@H](O)[C@H]1O)[C@H](O)[C@H](O)CCCCC CCCCCCCCCCCCCCCC(=O)O
3FZY,Q9KS12,RTXA,IHP CL UNX,O=P(O)(O)O[C@H]1[C@H](OP(=O)(O)O)[C@@H](OP(=O)(O)O)[C@H](OP(=O)(O)O)[C@@H](OP(=O)(O)O)[C@H]1OP(=O)(O)O [Cl-]
3FZN,P20906,MDLC,D7K MG CL PO4 PEG,CO[P@](=O)(O)[C@@](O)(c1ccccc1)c1sc(CCO[P@@](=O)(O)OP(=O)(O)O)c(C)[n+]1Cc1cnc(C)nc1N [Mg+2] [Cl-] O=P([O-])([O-])[O-] OCCOCCO
3FX6,P00730,CPA1,ZN BPX,[Zn+2] O=C(O)[C@H](Cc1ccccc1)CC(O)(O)C[N+](=O)[O-]
3FW4,P80188,LCN2,FE CAQ NA CL GOL,[Fe+3] Oc1ccccc1O [Na+] [Cl-] OCC(O)CO
3FVN,P39086,GRIK1,GOL 9DX SO4,OCC(O)CO N[C@@H](C[C@]1(C(=O)O)C[C@H]2OCC[C@@H](O)[C@H]2O1)C(=O)O O=S(=O)([O-])[O-]
3FVL,P00730,CPA1,ZN BHK,[Zn+2] O=C(CO)C[C@@H](Cc1ccccc1)C(=O)O
3FVK,P39086,GRIK1,GOL 8DX SO4,OCC(O)CO N[C@@H](C[C@]1(C(=O)O)C[C@H]2OC[C@@H](O)C[C@H]2O1)C(=O)O O=S(=O)([O-])[O-]
3FUZ,P39086,GRIK1,GLU SO4,N[C@@H](CCC(=O)O)C(=O)O O=S(=O)([O-])[O-]
3FUC,P55859,PNP,AZI MG 9D9,[N-]=[N+]=[N-] [Mg+2] Nc1nc2c(CCCCC(F)(F)P(=O)(O)O)c[nH]c2c(=O)[nH]1
3FQL,Q9WMX2,,79Z GOL,CNC(=O)c1c(-c2ccc(F)cc2)oc2cc(N(CCO)S(C)(=O)=O)c(C3CC3)cc12 OCC(O)CO
3FQE,P43405,SYK,P5C,Cc1cccc(Nc2nc(N[C@@H]3CCCC[C@@H]3N)ncc2C(N)=O)c1
3FL5,P28523,ACK2,PEG TXQ,OCCOCCO O=C1c2ccc(O)c(O)c2C(=O)c2c(O)ccc(O)c21
3FJZ,P0A6D3,AROA,FMT S3P GPF SER,O=CO O=C(O)C1=C[C@@H](OP(=O)(O)O)[C@@H](O)[C@H](O)C1 O=C(O)CNCP(=O)(O)O N[C@@H](CO)C(=O)O
3FJG,Q0PBL7,PEB3,3PG,O=C(O)[C@H](O)COP(=O)(O)O
3FJ7,Q0PBL7,PEB3,PEQ,C[C@H](OP(=O)(O)O)C(=O)O
3FH7,P09960,LTA4H,ZN YB ACT IMD 25P GOL,[Zn+2] [Yb+3] CC(=O)[O-] c1c[nH+]c[nH]1 O=C([O-])CCCN1CCC[C@H]1COc1ccc(Oc2ccc(Cl)cc2)cc1 OCC(O)CO
3FFP,P00918,CA2,LC1 BEZ HG ZN,NS(=O)(=O)c1ccc2[nH]c(-c3cscn3)nc2c1 O=C(O)c1ccccc1 [Hg+2] [Zn+2]
3FFG,P00742,F10,FFG,O=C1c2c(c(C(F)(F)F)nn2-c2cccc(-c3n[nH]c(=O)[nH]3)c2)CCN1c1ccc(-c2ccccc2CN2CC[C@@H](O)C2)cc1
3FF3,Q9Y3Q0,NAALAD2,GOL GLU CA CL ZN NAG,OCC(O)CO N[C@@H](CCC(=O)O)C(=O)O [Ca+2] [Cl-] [Zn+2] CC(=O)N[C@@H]1[C@@H](O)[C@H](O)[C@@H](CO)O[C@H]1O
3FED,Q9Y3Q0,NAALAD2,NAG ZN CL CA BIX,CC(=O)N[C@@H]1[C@@H](O)[C@H](O)[C@@H](CO)O[C@H]1O [Zn+2] [Cl-] [Ca+2] N[C@@H](CC[P@](=O)(O)C[C@@H](CCC(=O)O)C(=O)O)C(=O)O
3FAT,P19493,GRIA4,AMQ SO4 GOL ACY,Cc1onc(O)c1C[C@H](N)C(=O)O O=S(=O)([O-])[O-] OCC(O)CO CC(=O)O
3FAS,P19493,GRIA4,GLU SO4 GOL,N[C@@H](CCC(=O)O)C(=O)O O=S(=O)([O-])[O-] OCC(O)CO
3F8F,A2RI36,LLMG_0323,DM1,COc1cccc2c1C(=O)c1c(O)c3c(c(O)c1C2=O)C[C@@](O)(C(C)=O)C[C@@H]3O[C@H]1C[C@H](N)[C@H](O)[C@H](C)O1
3F8E,P00918,CA2,ZN HG TE1 BEZ,[Zn+2] [Hg+2] COc1cc(O)c(/C=C\C(=O)O)cc1[C@@H](O)CC(C)C O=C(O)c1ccccc1
3F8C,A2RI36,LLMG_0323,HT1,CCOc1ccc(-c2nc3ccc(-c4nc5ccc(N6CCN(C)CC6)cc5[nH]4)cc3[nH]2)cc1
3F7I,Q96CA5,BIRC7,ZN G13 LI BTB EDO,[Zn+2] CN[C@@H](C)C(=O)N[C@H](C(=O)N1CC[C@H]2CC[C@H](NC(=O)c3cccc4ccccc34)[C@H]21)C(C)(C)C [Li+] OCCN(CCO)C(CO)(CO)CO OCCO
3F7H,Q96CA5,BIRC7,ZN 419 LI BTB EDO,[Zn+2] CN[C@@H](C)C(=O)N[C@H](C(=O)N1CC[C@H]2CC[C@H](NC(=O)C(c3ccccc3)c3ccccc3)[C@H]21)C(C)(C)C [Li+] OCCN(CCO)C(CO)(CO)CO OCCO
3F7G,Q96CA5,BIRC7,ZN P33 389,[Zn+2] OCCOCCOCCOCCOCCOCCOCCO CC(C)[C@H](NC(=O)[C@H](C)N)C(=O)N1CCC[C@H]1C(=O)NCC(c1ccccc1)c1ccccc1
3F78,P20701,ITGAL,MG GOL ICF,[Mg+2] OCC(O)CO FC(F)O[C@@H](Cl)C(F)(F)F
3F70,Q969R5,L3MBTL2,MLZ,CNCCCC[C@H](N)C(=O)O
3F6G,Q8F3Q1,CIMA,ZN ILE SO4,[Zn+2] CC[C@H](C)[C@H](N)C(=O)O O=S(=O)([O-])[O-]
3F6E,P20906,MDLC,8PA MG,Cc1ncc(C[n+]2c([C@@H](O)/C=C/c3cccnc3)sc(CCO[P@](=O)(O)OP(=O)(O)O)c2C)c(N)n1 [Mg+2]
3F68,P00734,F2,NA 91U,[Na+] CC(=O)N[C@H](CC1CCCCC1)C(=O)N1CCC[C@H]1C(=O)NCc1cccc(Cl)c1
3F5L,Q75I93,BGLU7,ZN SO4 MES,[Zn+2] O=S(=O)([O-])[O-] O=S(=O)([O-])CC[NH+]1CCOCC1
3F5K,Q75I93,BGLU7,ZN SO4 MES GOL,[Zn+2] O=S(=O)([O-])[O-] O=S(=O)([O-])CC[NH+]1CCOCC1 OCC(O)CO
3F5J,Q75I93,BGLU7,ZN SO4 MES,[Zn+2] O=S(=O)([O-])[O-] O=S(=O)([O-])CC[NH+]1CCOCC1
3F48,O67854,SNF,BOG NA ALA,CCCCCCCCO[C@@H]1O[C@H](CO)[C@@H](O)[C@H](O)[C@H]1O [Na+] C[C@H](N)C(=O)O
3F3U,P00523,SRC,1AW,CC(C)(C)c1cc(NC(=O)Nc2ccccc2)n(-c2cccc(N)c2)n1
3F3T,P00523,SRC,1AU,CC(C)(C)c1cc(NC(=O)Nc2cccc3ccccc23)n(-c2cccc(N)c2)n1
3F39,P02791,FTL,CD IPH SO4,[Cd+2] Oc1ccccc1 O=S(=O)([O-])[O-]
3F38,P02791,FTL,CD 2MY SO4,[Cd+2] Cc1cccc(C)c1O O=S(=O)([O-])[O-]
3F37,P02791,FTL,CD 2MY SO4 ACT,[Cd+2] Cc1cccc(C)c1O O=S(=O)([O-])[O-] CC(=O)[O-]
3F36,P02791,FTL,CD IP0 SO4,[Cd+2] CC(C)c1ccccc1O O=S(=O)([O-])[O-]
3F34,P02791,FTL,CD DIE SO4 ACT,[Cd+2] CCc1cccc(CC)c1O O=S(=O)([O-])[O-] CC(=O)[O-]
3F33,P02791,FTL,CD PFL SO4,[Cd+2] CC(C)c1cccc(C(C)C)c1O O=S(=O)([O-])[O-]
3F1A,P39900,MMP12,ZN CA HS7,[Zn+2] [Ca+2] O=NC(=O)CNS(=O)(=O)c1ccccc1
3F19,P39900,MMP12,ZN CA HS6,[Zn+2] [Ca+2] O=NC(=O)CNS(=O)(=O)c1ccc(F)cc1
3F18,P39900,MMP12,ZN CA HS5,[Zn+2] [Ca+2] O=NC(=O)CN(CCO)S(=O)(=O)c1ccc(F)cc1
3F16,P39900,MMP12,ZN CA HS3,[Zn+2] [Ca+2] COc1ccc(S(=O)(=O)N[C@H](CO)C(=O)N=O)cc1
3F15,P39900,MMP12,ZN CA HS1,[Zn+2] [Ca+2] COc1ccc(S(=O)(=O)N(CC(=O)N=O)C[C@H](O)CO)cc1
3EXE,P08559,PDHA1,MN TPP GOL K,[Mn+2] Cc1ncc(C[n+]2csc(CCO[P@](=O)(O)OP(=O)(O)O)c2C)c(N)n1 OCC(O)CO [K+]
3EWJ,P78536,ADAM17,642 INN ZN,O=C(O)[C@H]1C[C@@]12C[C@@H](c1ccc(OCc3cc(-c4ccccc4)nc4ccccc34)cc1)NC2=O CC(C)C[C@H](CC(=O)NO)C(=O)N[C@H](C(=O)N[C@@H](C)C(=O)NCCN)C(C)(C)C [Zn+2]
3EWC,A5KE01,ADA,MCF ZN,CSC[C@H]1O[C@@H](n2cnc3c2N=CNC[C@H]3O)[C@H](O)[C@@H]1O [Zn+2]
3EVD,P03314,,GTP SAH,Nc1nc2c(ncn2[C@@H]2O[C@H](COP(=O)(O)OP(=O)(O)OP(=O)(O)O)[C@@H](O)[C@H]2O)c(=O)[nH]1 Nc1ncnc2c1ncn2[C@@H]1O[C@H](CSCC[C@H](N)C(=O)O)[C@@H](O)[C@H]1O
3ERN,P62617,ISPF,ZN CAR SO4 GPP,[Zn+2] Nc1ccn([C@@H]2O[C@H](COP(=O)(O)O)[C@@H](O)[C@@H]2O)c(=O)n1 O=S(=O)([O-])[O-] CC(C)=CCC/C(C)=C/CO[P@@](=O)(O)OP(=O)(O)O
3ERD,P03372,ESR1,CL DES ACY,[Cl-] CC/C(=C(/CC)c1ccc(O)cc1)c1ccc(O)cc1 CC(=O)O
3EQR,Q07912,TNK2,T74 CL,COC(C)(C)CCn1nc(Nc2c(C)cccc2C)c2cnc(Nc3ccc(N4CCNCC4)cc3)nc21 [Cl-]
3ENE,P48736,PIK3CG,NPZ,Cn1nc(-c2ccc3ccccc3c2)c2c(N)ncnc21
3ELC,P62617,ISPF,GPP F01 ZN,CC(C)=CCC/C(C)=C/CO[P@@](=O)(O)OP(=O)(O)O Nc1nc(=O)n([C@@H]2O[C@H](CO)[C@@H](O)[C@H]2O)cc1F [Zn+2]
3EL9,P03369,GAG-POL,DR7 ACT PO4,COC(=O)N[C@H](C(=O)N[C@@H](Cc1ccccc1)[C@@H](O)CN(Cc1ccc(-c2ccccn2)cc1)NC(=O)[C@@H](NC(=O)OC)C(C)(C)C)C(C)(C)C CC(=O)[O-] O=P([O-])([O-])[O-]
3EL5,P03369,GAG-POL,ACT 1UN,CC(=O)[O-] Cc1c(O)cccc1C(=O)N[C@@H](CSc1ccccc1)[C@H](O)CN1C[C@H]2CCCC[C@H]2C[C@H]1C(=O)NC(C)(C)C
3EL4,P03369,GAG-POL,ACT ROC,CC(=O)[O-] CC(C)(C)NC(=O)[C@@H]1C[C@@H]2CCCC[C@@H]2CN1C[C@@H](O)[C@H](Cc1ccccc1)NC(=O)[C@H](CC(N)=O)NC(=O)c1ccc2ccccc2n1
3EL1,P03369,GAG-POL,DR7 ACT,COC(=O)N[C@H](C(=O)N[C@@H](Cc1ccccc1)[C@@H](O)CN(Cc1ccc(-c2ccccn2)cc1)NC(=O)[C@@H](NC(=O)OC)C(C)(C)C)C(C)(C)C CC(=O)[O-]
3EKX,P03369,GAG-POL,1UN ACT,Cc1c(O)cccc1C(=O)N[C@@H](CSc1ccccc1)[C@H](O)CN1C[C@H]2CCCC[C@H]2C[C@H]1C(=O)NC(C)(C)C CC(=O)[O-]
3EKW,P03369,GAG-POL,DR7 PO4,COC(=O)N[C@H](C(=O)N[C@@H](Cc1ccccc1)[C@@H](O)CN(Cc1ccc(-c2ccccn2)cc1)NC(=O)[C@@H](NC(=O)OC)C(C)(C)C)C(C)(C)C O=P([O-])([O-])[O-]
3EKT,P03369,GAG-POL,ACT 017 PO4,CC(=O)[O-] CC(C)CN(C[C@@H](O)[C@H](Cc1ccccc1)NC(=O)O[C@H]1CO[C@H]2OCC[C@H]21)S(=O)(=O)c1ccc(N)cc1 O=P([O-])([O-])[O-]
3EKS,P10987,ACT5C,ATP CA CY9,Nc1ncnc2c1ncn2[C@@H]1O[C@H](CO[P@@](=O)(O)O[P@](=O)(O)OP(=O)(O)O)[C@@H](O)[C@H]1O [Ca+2] C=C1[C@@H](C)[C@H]2[C@H](Cc3ccccc3)NC(=O)[C@]23[C@H](OC(C)=O)/C=C/[C@@](C)(O)C(=O)[C@@H](C)C/C=C/[C@H]3[C@@H]1O
3EJQ,Q24451,ALPHA-MAN-IIA,NAG ZN MRD HN3,CC(=O)N[C@@H]1[C@@H](O)[C@H](O)[C@@H](CO)O[C@H]1O [Zn+2] C[C@@H](O)CC(C)(C)O Cc1ccc(C(=O)C[C@H]2CC[C@@H](O)[C@@H]3[C@H](O)[C@H](O)CN23)cc1
3EJP,Q24451,ALPHA-MAN-IIA,NAG ZN MRD HN2,CC(=O)N[C@@H]1[C@@H](O)[C@H](O)[C@@H](CO)O[C@H]1O [Zn+2] C[C@@H](O)CC(C)(C)O O=C(C[C@H]1CC[C@@H](O)[C@@H]2[C@H](O)[C@H](O)CN12)c1ccccc1
3EHX,P39900,MMP12,BDL CA ZN,CC(C)C[C@@H](NS(=O)(=O)c1ccc(-c2ccccc2)cc1)C(=O)O [Ca+2] [Zn+2]
3EHN,Q8A8X4,BT_1043,,
3EGT,Q86C09,,722 MG,CCCCCCCOc1ccc[n+](CC(P(=O)(O)O)P(=O)(O)O)c1 [Mg+2]
3EGK,P00734,F2,NA M18,[Na+] CC(C)(C)OC(=O)NCC(=O)N1CCC[C@H]1COC(=O)Cc1cccc(Cl)c1
3EFT,P00918,CA2,3BS HG ZN,CC1(C)CC(NC(=S)Nc2ccc(S(N)(=O)=O)cc2Cl)CC(C)(C)N1O [Hg+2] [Zn+2]
3EFS,O66837,BIRA,ATP BTN SO4,Nc1ncnc2c1ncn2[C@@H]1O[C@H](CO[P@@](=O)(O)O[P@](=O)(O)OP(=O)(O)O)[C@@H](O)[C@H]1O O=C(O)CCCC[C@@H]1SC[C@@H]2NC(=O)N[C@@H]21 O=S(=O)([O-])[O-]
3EEB,Q9KS12,RTXA,IHP NA,O=P(O)(O)O[C@H]1[C@H](OP(=O)(O)O)[C@@H](OP(=O)(O)O)[C@H](OP(=O)(O)O)[C@@H](OP(=O)(O)O)[C@H]1OP(=O)(O)O [Na+]
3ED0,Q5G940,FABZ,EMO CL BEN,Cc1cc(O)c2c(c1)C(=O)c1cc(O)cc(O)c1C2=O [Cl-] N=C(N)c1ccccc1
3EBO,P00489,PYGM,57D,O=c1cc(-c2ccccc2)oc2cc(O)cc(O)c12
3EBL,Q6L545,GID1,PO4 NO3 MPD GA4,O=P([O-])([O-])[O-] O=[N+]([O-])[O-] C[C@H](O)CC(C)(C)O C=C1C[C@]23C[C@H]1CC[C@H]2[C@@]12CC[C@H](O)[C@@](C)(C(=O)O1)[C@H]2[C@@H]3C(=O)O
3EBI,O96935,M1AAP,ZN BEY GOL MG,[Zn+2] N[C@H](CCc1ccccc1)[P@](=O)(O)C[C@@H](Cc1ccccc1)C(=O)O OCC(O)CO [Mg+2]
3EBH,O96935,M1AAP,MG GOL BES ZN,[Mg+2] OCC(O)CO CC(C)C[C@H](NC(=O)[C@@H](O)[C@H](N)Cc1ccccc1)C(=O)O [Zn+2]
3EB1,P18031,PTPN1,LZQ,O=C(O)C(=O)CC(=O)c1cccc(N(Cc2ccccc2)Cc2ccccc2)c1
3EAX,P18031,PTPN1,LZP,O=C(CC(=O)c1cccc(OCc2ccccc2)c1)C(=O)N1CCN(C(=O)C(=O)CC(=O)c2cccc(OCc3ccccc3)c2)CC1
3E85,Q9LLQ2,PR10.2B,NA BSU,[Na+] O=C(Nc1ccccc1)Nc1ccccc1
3E81,Q8A712,BT_1713,MG PEG EDO VN4 SLB,[Mg+2] OCCOCCO OCCO O=[V](=O)[O-] CC(=O)N[C@H]1[C@H]([C@H](O)[C@H](O)CO)O[C@](O)(C(=O)O)C[C@@H]1O
3E6Y,P93343,,CL CW1,[Cl-] COC[C@@H]1O[C@H](O[C@@H]2C3=C(C(C)C)CC[C@]3(C)/C=C3\[C@@H](CC[C@]3(O)COC)[C@@H](C)[C@H]2O)[C@H](O)[C@H]2O[C@H]3O[C@@]12O[C@@]3(C)CCOC=O
3E5U,B8FW11,DHAF_0733,NA PO4 3C4,[Na+] O=P([O-])([O-])[O-] O=C(O)Cc1ccc(O)c(Cl)c1
3E3C,Q7DB61,GRLR,HHG,CCCCCC(=O)OC[C@H](O)COP(=O)(O)O
3E16,Q16651,PRSS8,DMS B4C GOL,CS(C)=O NCCCC[C@H](NC(=O)OCc1ccccc1)C(=O)N[C@@H](CCc1ccccc1)C(=O)N[C@@H](CCCCN)[C@H](O)c1nc2ccccc2o1 OCC(O)CO
3E12,O66496,KDSA,CU PO4 KD0 ACT,[Cu+2] O=P([O-])([O-])[O-] O=C(O)C(=O)C[C@@H](O)[C@@H](O)[C@H](O)[C@H](O)COP(=O)(O)O CC(=O)[O-]
3DZT,P18153,D7,GOL TRS EAH CL,OCC(O)CO [NH3+]C(CO)(CO)CO CCCCC/C=C\C/C=C\C=C\C=C\C[C@@H](O)CCCC(=O)O [Cl-]
3DYO,P00722,LACZ,MG NA IPT DMS,[Mg+2] [Na+] CC(C)S[C@@H]1O[C@H](CO)[C@H](O)[C@H](O)[C@H]1O CS(C)=O
3DX4,Q24451,ALPHA-MAN-IIA,NAG ZN MRD GOO,CC(=O)N[C@@H]1[C@@H](O)[C@H](O)[C@@H](CO)O[C@H]1O [Zn+2] C[C@@H](O)CC(C)(C)O CO[C@@H]1[C@@H](N)[C@@H](O)[C@@H](O)[C@H]1O
3DP4,P19492,GRIA3,ZN AMQ,[Zn+2] Cc1onc(O)c1C[C@H](N)C(=O)O
3DNE,P00517,PRKACA,LL1,c1ccc2c(-c3ccncc3)n[nH]c2c1
3DK1,P03367,GAG-POL,NA CL G05,[Na+] [Cl-] COc1ccc(S(=O)(=O)N(CC(C)C)C[C@@H](O)[C@H](Cc2ccccc2)NC(=O)O[C@@H]2C[C@@H]3OCCO[C@@H]3C2)cc1
3DJV,P00669,SRN,C3P,Nc1ccn([C@@H]2O[C@H](CO)[C@@H](OP(=O)(O)O)[C@H]2O)c(=O)n1
3DJP,P00669,SRN,UA3,O=c1ccn([C@@H]2O[C@H](CO)[C@@H](OP(=O)(O)O)[C@@H]2O)c(=O)[nH]1
3DHV,Q81G39,DLTA,DAL AMP,C[C@@H](N)C(=O)O Nc1ncnc2c1ncn2[C@@H]1O[C@H](COP(=O)(O)O)[C@@H](O)[C@H]1O
3DD8,P00918,CA2,ZN HG 2C7,[Zn+2] [Hg+2] NS(=O)(=O)Oc1ccc2c(c1)S(=O)(=O)C(CC1CCCCCC1)=C2
3DBU,P00918,CA2,ZN D8W,[Zn+2] NS(=O)(=O)c1nnc(NS(=O)(=O)c2ccccc2)s1
3DAZ,P00918,CA2,ZN MZM,[Zn+2] CC(=O)N=c1sc(S(N)(=O)=O)nn1C
3DA9,P00734,F2,44U NA,CCCNC(=O)[C@@H]1CCCN1C(=O)[C@H](N)C(c1ccccc1)c1ccccc1 [Na+]
3D9Z,P00918,CA2,ZN D9Z,[Zn+2] NS(=O)(=O)c1nnc(-c2ccccc2Cl)s1
3D91,P00797,REN,REM DMS,CC(C)(C)S(=O)(=O)C[C@@H](Cc1ccccc1)C(=O)N[C@@H](Cc1cnc[nH]1)C(=O)N[C@@H](CC1CCCCC1)[C@@H](O)[C@@H](O)C1CC1 CS(C)=O
3D8Z,P61823,RNASE1,TXS FLC,Cc1cn([C@@H]2C[C@@H](O)[C@H](CN3CCCC3)O2)c(=O)[nH]c1=O O=C([O-])CC(O)(CC(=O)[O-])C(=O)[O-]
3D8Y,P61823,RNASE1,FLC T3S,O=C([O-])CC(O)(CC(=O)[O-])C(=O)[O-] Cc1cn([C@H]2C[C@H](O)[C@@H](CN3CCCCC3)O2)c(=O)[nH]c1=O
3D8W,P00918,CA2,ZN D8W,[Zn+2] NS(=O)(=O)c1nnc(NS(=O)(=O)c2ccccc2)s1
3D83,Q16539,MAPK14,GK6 GOL,Cc1ccc(NC(=O)c2ccnc(N3CCOCC3)c2)cc1-c1ccc(C(=O)NCC2CC2)cc1 OCC(O)CO
3D7Z,Q16539,MAPK14,GOL GK5 SO4,OCC(O)CO Cc1ccc(C(=O)NC2CC2)cc1-c1ccc(C(=O)NCC2CC2)cc1 O=S(=O)([O-])[O-]
3D7K,P51853,BZNB,D7K CA,CO[P@](=O)(O)[C@@](O)(c1ccccc1)c1sc(CCO[P@@](=O)(O)OP(=O)(O)O)c(C)[n+]1Cc1cnc(C)nc1N [Ca+2]
3D7B,P61823,RNASE1,U4S FLC,O=c1ccn([C@@H]2O[C@@H](CN3CCCC3)[C@H](O)[C@H]2O)c(=O)[nH]1 O=C([O-])CC(O)(CC(=O)[O-])C(=O)[O-]
3D78,Q9U9J6,,EDO NBB,OCCO CCCCNS(=O)(=O)c1ccccc1
3D6P,P61823,RNASE1,U2S,O=c1ccn([C@@H]2O[C@@H](CN3CCOCC3)[C@H](O)[C@H]2O)c(=O)[nH]1
3D6O,P61823,RNASE1,U1S,CCOC(=O)C1CCN(C[C@@H]2O[C@@H](n3ccc(=O)[nH]c3=O)[C@H](O)[C@H]2O)CC1
3K99,P07900,HSP90AA1,PFT,O=C(c1ccc(O)cc1O)N1Cc2ccccc2C1
3KEK,P45452,MMP13,3EK CA ZN,Cc1cc(-c2ncn(C[C@H]3CC[C@H](C(=O)O)CC3)n2)cc(C(=O)NCc2ccc(F)cc2)n1 [Ca+2] [Zn+2]
3KMX,P56817,BACE1,G00,CCCCOc1ccc(CSC(=N)N)cc1Cl
3KMY,P56817,BACE1,D8Y,Nc1ncccc1CCc1cccc(Cl)c1
3KQO,P11086,PNMT,SAH ES4,Nc1ncnc2c1ncn2[C@@H]1O[C@H](CSCC[C@H](N)C(=O)O)[C@@H](O)[C@H]1O Clc1ncnc2[nH]cnc12
3KR1,P11086,PNMT,SAH VGD,Nc1ncnc2c1ncn2[C@@H]1O[C@H](CSCC[C@H](N)C(=O)O)[C@@H](O)[C@H]1O Nc1nc2ccc(Cl)cc2[nH]1
3L3M,P09874,PARP1,A92,NC(=O)c1cccc2nc(-c3ccc([C@@H]4CCCCN4)cc3F)[nH]c12
3L4Y,O43451,MGAM,NR4 NAG GOL SO4,O=S(=O)([O-])O[C@@H]([C@H](O)[C@@H](O)[C@H](O)CO)[C@H](O)C[S@+]1C[C@@H](O)[C@H](O)[C@H]1CO CC(=O)N[C@@H]1[C@@H](O)[C@H](O)[C@@H](CO)O[C@H]1O OCC(O)CO O=S(=O)([O-])[O-]
3L5B,P56817,BACE1,TAR BDO,O=C(O)[C@@H](O)[C@H](O)C(=O)O CC(C)C[C@@]1(C)NC(=N)N(Cc2cccc(Cl)c2)C1=O
3LDQ,P11142,HSPA8,3P1,Nc1ncnc2c1nc(NCc1ccc3ccccc3n1)n2[C@@H]1O[C@H](CO)[C@@H](O)[C@H]1O
3LJO,P00760,PRSS1,11U CA SO4,N=C(N)c1ccc(CNC(=O)[C@@H]2CCCN2C(=O)CNC2CCCCC2)cc1 [Ca+2] O=S(=O)([O-])[O-]
3LJZ,P45452,MMP13,CA ZN SO4 LA3 EPE,[Ca+2] [Zn+2] O=S(=O)([O-])[O-] O=C(C[C@@H](Cc1ccc(-c2ccc3c(c2)OCO3)cc1)C(=O)N[C@H]1c2ccccc2C[C@H]1O)NO O=S(=O)(O)CCN1CCN(CCO)CC1
3LK8,P39900,MMP12,Z79 CA ZN,COc1ccc(S(=O)(=O)NCC(=O)NO)cc1 [Ca+2] [Zn+2]
3M3X,P00918,CA2,ZN DMS JS7,[Zn+2] CS(C)=O COc1ncnc(NCCc2ccc(S(N)(=O)=O)cc2)c1[N+](=O)[O-]
3M40,P00918,CA2,ZN J45 DMS,[Zn+2] NS(=O)(=O)c1ccc(Nc2ncnc(Cl)c2[N+](=O)[O-])cc1 CS(C)=O
3M5E,P00918,CA2,ZN DMS JDR,[Zn+2] CS(C)=O CSc1nc(Cl)c(C=O)c(NCc2ccc(S(N)(=O)=O)cc2)n1
3M67,P00918,CA2,E36 ZN DMS,NS(=O)(=O)c1cc(C(=O)CSc2nc3cc4c(cc3[nH]2)OCCO4)ccc1Cl [Zn+2] CS(C)=O
3M96,P00918,CA2,E38 DMS ZN,NS(=O)(=O)c1cc(C(=O)CSc2nc3cc(Br)ccc3[nH]2)ccc1Cl CS(C)=O [Zn+2]
3MHI,P00918,CA2,ZN J90 DMS,[Zn+2] NS(=O)(=O)c1ccc(CNc2nc[nH]c(=O)c2[N+](=O)[O-])cc1 CS(C)=O
3MHL,P00918,CA2,ZN DMS J71,[Zn+2] CS(C)=O COc1ncnc(NCc2ccc(S(N)(=O)=O)cc2)c1[N+](=O)[O-]
3MHM,P00918,CA2,J75 DMS ZN,NS(=O)(=O)c1ccc(CNc2ncnc(NCc3ccccc3)c2[N+](=O)[O-])cc1 CS(C)=O [Zn+2]
3MHO,P00918,CA2,UNL J43 DMS ZN,CSc1nc(Cl)c(C=O)c(Nc2ccc(S(N)(=O)=O)cc2)n1 CS(C)=O [Zn+2]
3MIY,Q08881,ITK,B49,CCN(CC)CCNC(=O)c1c(C)[nH]c(/C=C2/C(=O)Nc3ccc(F)cc32)c1C
3MS9,P00520,ABL1,STI MS9 CL,Cc1ccc(NC(=O)c2ccc(CN3CCN(C)CC3)cc2)cc1Nc1nccc(-c2cccnc2)n1 COC(=O)c1ccc(Cl)cc1N [Cl-]
3MYQ,P00918,CA2,E27 DMS MES ZN,NS(=O)(=O)c1cc(C(=O)CSc2nc3cnc4ccccc4c3[nH]2)ccc1Cl CS(C)=O O=S(=O)([O-])CC[NH+]1CCOCC1 [Zn+2]
3NK8,P00760,PRSS1,DMS CA JKZ,CS(C)=O [Ca+2] O=c1cc(C(F)(F)F)c2c([nH]1)CCC2
3NKK,P00760,PRSS1,DMS CA JLZ,CS(C)=O [Ca+2] Cc1ccc(C(=N)N)cc1F
3NU3,P03366,GAG-POL,NA CL 478 GOL,[Na+] [Cl-] CC(C)CN(C[C@@H](O)[C@H](Cc1ccccc1)NC(=O)O[C@H]1CCOC1)S(=O)(=O)c1ccc(N)cc1 OCC(O)CO
3NU4,P03366,GAG-POL,NA CL 478,[Na+] [Cl-] CC(C)CN(C[C@@H](O)[C@H](Cc1ccccc1)NC(=O)O[C@H]1CCOC1)S(=O)(=O)c1ccc(N)cc1
3NU6,P03366,GAG-POL,CL NA ACT 478,[Cl-] [Na+] CC(=O)[O-] CC(C)CN(C[C@@H](O)[C@H](Cc1ccccc1)NC(=O)O[C@H]1CCOC1)S(=O)(=O)c1ccc(N)cc1
3NUJ,P03366,GAG-POL,IOD 478,[I-] CC(C)CN(C[C@@H](O)[C@H](Cc1ccccc1)NC(=O)O[C@H]1CCOC1)S(=O)(=O)c1ccc(N)cc1
3NUO,P03366,GAG-POL,IOD 478,[I-] CC(C)CN(C[C@@H](O)[C@H](Cc1ccccc1)NC(=O)O[C@H]1CCOC1)S(=O)(=O)c1ccc(N)cc1
3NXQ,P12821,ACE,ZN RX4 P6G CL PEG PG4,[Zn+2] CC(=O)N[C@@H](CC(=O)O)C(=O)N[C@@H](Cc1ccccc1)P(=O)(O)C[C@@H](C)C(=O)N[C@@H](C)C(N)=O OCCOCCOCCOCCOCCOCCO [Cl-] OCCOCCO OCCOCCOCCOCCO
3NYD,P23360,XYNA,3NY ACT SO4,O=[N+]([O-])c1ccc2[nH]nnc2c1 CC(=O)[O-] O=S(=O)([O-])[O-]
3NZK,A1JJJ9,LPXC,C90 ZN GOL,C[C@@H](O)[C@H](NC(=O)c1ccc(C#Cc2ccc(CN3CCOCC3)cc2)cc1)C(=O)NO [Zn+2] OCC(O)CO
3O2M,P45983,MAPK8,46A SO4,CCCCN(Cc1ccc(-c2ccccc2-c2nn[nH]n2)cc1)c1nc(C)cc(C)n1 O=S(=O)([O-])[O-]
3O4K,Q9GK12,PGLYRP1,LTC GOL TLA,CCCCCCC/C=C\CCCCCC(=O)O[C@H](COC(=O)CCCCCC)CO[C@H]1O[C@H](CO)[C@@H](O)[C@H](O[C@@H]2O[C@H](C)[C@H](N)[C@H](O)[C@H]2NC(C)=O)[C@H]1O OCC(O)CO O=C(O)[C@H](O)[C@@H](O)C(=O)O
3O56,Q07343,PDE4B,ZN MG ARS ZG1 GOL,[Zn+2] [Mg+2] [As] CCn1ncc2c(NC3CCOCC3)c(-c3nc(CC(=O)N4CCCC4)no3)cnc21 OCC(O)CO
3O5N,Q4ACU6,SHANK3,BR0,O=C(O)c1ccc([N+](=O)[O-])c2c1N[C@@H](C(=O)O)[C@H]1CC=C[C@@H]21
3O75,Q88PQ6,CRA,F1X,O=P(O)(O)OC[C@@]1(O)O[C@H](CO)[C@@H](O)[C@@H]1O
3O84,B2HVG8,,HTJ CA MPD MRD PGE,O=C(O)c1cc(-c2ccccc2)nc2c1cnn2Cc1ccncc1 [Ca+2] C[C@H](O)CC(C)(C)O C[C@@H](O)CC(C)(C)O OCCOCCOCCO
3O8P,Q16539,MAPK14,BMU BOG EDO,Cn1nc(C(C)(C)C)cc1NC(=O)Nc1ccc(Cl)cc1 CCCCCCCCO[C@@H]1O[C@H](CO)[C@@H](O)[C@H](O)[C@H]1O OCCO
3O9A,Q90K99,POL,PO4 K14,O=P([O-])([O-])[O-] CC[C@H](C)CN(C[C@@H](O)[C@H](Cc1ccccc1)NC(=O)O[C@H]1CO[C@H]2OCC[C@H]21)S(=O)(=O)c1ccc(OC)cc1
3O9E,Q90K99,POL,PO4 ACT A60,O=P([O-])([O-])[O-] CC(=O)[O-] CCC(CC)CN(C[C@@H](O)[C@H](Cc1ccccc1)NC(=O)O[C@H]1CO[C@H]2OCC[C@H]21)S(=O)(=O)c1ccc(N)cc1
3O9P,P77348,MPPA,MHI ZN,C[C@H](N)C(=O)N[C@H](CCC(=O)N[C@@H](CCC[C@@H](N)C(=O)O)C(=O)O)C(=O)O [Zn+2]
3OAF,P00374,DHFR,OAG SO4,Nc1nc(N)c2cc(CNc3cc(Cl)ccc3Cl)cnc2n1 O=S(=O)([O-])[O-]
3ODU,P61073,CXCR4,ITD OLC OLA,CC1(C)CN2C(CSC(=NC3CCCCC3)NC3CCCCC3)=CSC2=N1 CCCCCCCC/C=C\CCCCCCCC(=O)OC[C@H](O)CO CCCCCCCC/C=C\CCCCCCCC(=O)O
3P0G,P07550,ADRB2,P0G,Cc1ccccc1CC(C)(C)NC[C@H](O)c1ccc(O)c2c1OCC(=O)N2
3P17,P00734,F2,NA PO4 99P NAG,[Na+] O=P([O-])([O-])[O-] N[C@H](Cc1ccccc1)C(=O)N1CCC[C@H]1C(=O)NCc1cccnc1 CC(=O)N[C@@H]1[C@@H](O)[C@H](O)[C@@H](CO)O[C@H]1O
3P8N,P26662,,NA L4T,[Na+] C=C[C@@H]1C[C@]1(NC(=O)[C@@H]1C[C@@H](Oc2cc(-c3csc(NC(=O)C(C)C)n3)nc3c(Br)c(OC)ccc23)CN1C(=O)[C@@H](NC(=O)OC1CCCC1)C(C)(C)C)C(=O)O
3PCJ,P00436,PCAG,FE BME INO,[Fe+3] OCCS O=C(O)c1cc[n+]([O-])c(O)c1
3PCK,P00436,PCAG,NNO BME FE,O=C(O)c1ccc(O)[n+]([O-])c1 OCCS [Fe+3]
3PCN,P00436,PCAG,DHY BME FE,O=C(O)Cc1ccc(O)c(O)c1 OCCS [Fe+3]
3PCU,P19793,RXRA,LX8,C=CC(C)(C)c1cc2cc3c(cc2oc1=O)O[C@H](C(C)(C)OC(C)=O)C3
3PE1,P68400,CSNK2A1,3NG SO4,O=C(O)c1ccc2c(c1)nc(Nc1cccc(Cl)c1)c1ccncc12 O=S(=O)([O-])[O-]
3PO1,P00734,F2,MKY NA ACT,CCOC(=O)Cn1c(=NC(=N)N)sc2cc(O)ccc21 [Na+] CC(=O)[O-]
3PP7,Q27686,PYK,PTK GOL K SVR,O=S(=O)(O)c1cc(S(=O)(=O)O)c2ccc3c(S(=O)(=O)O)cc(S(=O)(=O)O)c4ccc1c2c43 OCC(O)CO [K+] Cc1ccc(C(=O)Nc2ccc(S(=O)(=O)O)c3cc(S(=O)(=O)O)cc(S(=O)(=O)O)c23)cc1NC(=O)c1cccc(NC(=O)Nc2cccc(C(=O)Nc3cc(C(=O)Nc4ccc(S(=O)(=O)O)c5cc(S(=O)(=O)O)cc(S(=O)(=O)O)c45)ccc3C)c2)c1
3Q6W,P08581,MET,Q6W,O=C(CCc1ccc2ccc3ncc(-c4cnn(C5CCNCC5)c4)cc3c(=O)c2c1)NCc1ccccn1
3QDD,P07900,HSP90AA1,94M,COc1c(C)cnc(Cn2cnc3c(Cl)nc(N)nc32)c1C
3QIZ,P0DPI1,BOTA,ZN QI2 PEG,[Zn+2] CO[C@H](C[C@H](CCN(C)CCCc1ccc(F)c(C)c1)C(=O)NO)c1ccc(F)cc1 OCCOCCO
3QTV,P00734,F2,NA GOL PO4 06P NAG,[Na+] OCC(O)CO O=P([O-])([O-])[O-] C[n+]1ccc(CNC(=O)[C@@H]2CCCN2C(=O)[C@H](N)Cc2ccccc2)cc1 CC(=O)N[C@@H]1[C@@H](O)[C@H](O)[C@@H](CO)O[C@H]1O
3QTO,P00734,F2,NAG 10P GOL PO4 NA,CC(=O)N[C@@H]1[C@@H](O)[C@H](O)[C@@H](CO)O[C@H]1O C[n+]1cccc(CNC(=O)[C@@H]2CCCN2C(=O)[C@H](N)Cc2ccccc2)c1 OCC(O)CO O=P([O-])([O-])[O-] [Na+]
3QT6,Q9FD73,MVAD,2P0,O=C(O)[C@@H]1CCCN1C(=O)COP(=O)(O)OP(=O)(O)O
3QQA,Q7B8P6,CMER,TCH,C[C@H](CCC(=O)NCCS(=O)(=O)O)[C@H]1CC[C@H]2[C@@H]3[C@H](O)C[C@@H]4C[C@H](O)CC[C@]4(C)[C@H]3C[C@H](O)[C@]12C
3QPS,Q7B8P6,CMER,CHD,C[C@H](CCC(=O)O)[C@H]1CC[C@H]2[C@@H]3[C@H](O)C[C@@H]4C[C@H](O)CC[C@]4(C)[C@H]3C[C@H](O)[C@]12C
3QOX,Q8TEK3,DOT1L,SO4 SAH,O=S(=O)([O-])[O-] Nc1ncnc2c1ncn2[C@@H]1O[C@H](CSCC[C@H](N)C(=O)O)[C@@H](O)[C@H]1O
3QND,Q64823,L5,ZN SIA,[Zn+2] CC(=O)N[C@H]1[C@H]([C@H](O)[C@H](O)CO)O[C@@](O)(C(=O)O)C[C@@H]1O
3QLM,P00592,PLA2G1B,CA PLM,[Ca+2] CCCCCCCCCCCCCCCC(=O)O
3QKD,Q07817,BCL2L1,HI0 CL GOL,CN(C)CC[C@H](CSc1ccccc1)Nc1ccc(S(=O)(=O)Nc2ncnc3cc(N4CCN(Cc5ccccc5-c5ccc(Cl)cc5)CC4)ccc23)cc1[N+](=O)[O-] [Cl-] OCC(O)CO
3QIN,P04585,GAG-POL,MN SO4 P1Y,[Mn+2] O=S(=O)([O-])[O-] COc1ccc(Cc2nc(O)c(O)c(C(=O)O)n2)cc1Br
3QGW,Q08881,ITK,PQC L7A,NS(=O)(=O)c1cccc(Nc2ncc3ccc4sc(-c5ccccc5)cc4c3n2)c1 O=C(Nc1cc(-c2ccncc2)c[nH]c1=O)c1ccccc1
3QFZ,O66264,,BGC EPE NOJ SO4,OC[C@H]1O[C@@H](O)[C@H](O)[C@@H](O)[C@@H]1O O=S(=O)(O)CCN1CCN(CCO)CC1 OC[C@H]1NC[C@H](O)[C@@H](O)[C@@H]1O O=S(=O)([O-])[O-]
3QFY,O66264,,BGC SO4 IFM EPE,OC[C@H]1O[C@@H](O)[C@H](O)[C@@H](O)[C@@H]1O O=S(=O)([O-])[O-] OC[C@H]1CNC[C@@H](O)[C@@H]1O O=S(=O)(O)CCN1CCN(CCO)CC1
3QBC,A0A0H3JXR3,FOLK,B55,Nc1nc2[nH]c(S)nc2c(=O)[nH]1
3QAA,P03366,GAG-POL,G04 NA CL GOL,COc1ccc(S(=O)(=O)N(CC(C)C)C[C@@H](O)[C@H](Cc2ccccc2)NC(=O)O[C@H]2CO[C@H]3OC[C@H](OC)[C@H]32)cc1 [Na+] [Cl-] OCC(O)CO
3Q7Q,P55042,RRAD,CA MG GNP,[Ca+2] [Mg+2] Nc1nc2c(ncn2[C@@H]2O[C@H](CO[P@](=O)(O)O[P@](=O)(O)NP(=O)(O)O)[C@@H](O)[C@H]2O)c(=O)[nH]1
3Q71,Q460N5,PARP14,AR6,Nc1ncnc2c1ncn2[C@@H]1O[C@H](COP(=O)(O)OP(=O)(O)OC[C@H]2O[C@H](O)[C@H](O)[C@@H]2O)[C@@H](O)[C@H]1O
3Q6Z,Q460N5,PARP14,APR,Nc1ncnc2c1ncn2[C@@H]1O[C@H](CO[P@](=O)(O)O[P@](=O)(O)OC[C@H]2O[C@@H](O)[C@H](O)[C@@H]2O)[C@@H](O)[C@H]1O
3Q44,O96935,M1AAP,ZN D50 GOL MG,[Zn+2] CC(C)C[C@H](NC(=O)[C@@H](O)[C@H](N)Cc1ccc(OCc2ccccc2)cc1)C(=O)O OCC(O)CO [Mg+2]
3Q2J,P0A3Y5,APHA,CA CKI,[Ca+2] NCCNS(=O)(=O)c1ccc(Cl)c2ccncc12
3Q1X,Q9U8X2,EHSAT,SER SO4,N[C@@H](CO)C(=O)O O=S(=O)([O-])[O-]
3PWM,P03367,GAG-POL,017 NA ACT CL,CC(C)CN(C[C@@H](O)[C@H](Cc1ccccc1)NC(=O)O[C@H]1CO[C@H]2OCC[C@H]21)S(=O)(=O)c1ccc(N)cc1 [Na+] CC(=O)[O-] [Cl-]
3PWK,A5MTN0,,25A L14 EDO NA,Nc1ncnc2c1ncn2[C@@H]1O[C@H](CO[P@@](=O)(O)O[C@@H]2[C@H](O)[C@@H](CO[P@@](=O)(O)O[C@@H]3[C@H](O)[C@@H](COP(=O)(O)O)O[C@H]3n3cnc4c(N)ncnc43)O[C@H]2n2cnc3c(N)ncnc32)[C@@H](O)[C@H]1O O=C(O)[C@H]1CC[C@H](C(=O)O)CC1 OCCO [Na+]
3PWD,P28523,ACK2,CZ0,Cc1cc(=O)oc2cc3c([N+](=O)[O-])c(O)ccc3cc12
3PS1,D5CV28,,DMS SO4 UKW ZH2 ZN,CS(C)=O O=S(=O)([O-])[O-] C#Cc1ccc(C(=O)N[C@H](C(=O)N=O)[C@@H](C)O)cc1 C[C@@H](O)[C@H](NC(=O)c1ccc(C#CC#Cc2ccc(N)cc2)cc1)C(=O)NO [Zn+2]
3PR0,P97612,FAAH,PEG CL JG2,OCCOCCO [Cl-] OC(O)(CCCCCCc1ccccc1)c1nnc(-c2ccccn2)o1
3PPR,O32243,OPUCC,4CS,CC1=N[C@H](C(=O)O)CCN1
3PPQ,O32243,OPUCC,CHT,C[N+](C)(C)CCO
3PPP,O32243,OPUCC,BET,C[N+](C)(C)CC(=O)O
3PPM,P97612,FAAH,1DO PEG F CL JG1,CCCCCCCCCCCCO OCCOCCO [F-] [Cl-] O=C(CCCCCCc1ccccc1)c1nnc(-c2ccccn2)o1
3PO6,P00918,CA2,ZN DT9 RDT GOL ACT,[Zn+2] COc1cc2c(cc1OC)[C@H](C)N(S(N)(=O)=O)CC2 COc1cc2c(cc1OC)[C@@H](C)N(S(N)(=O)=O)CC2 OCC(O)CO CC(=O)[O-]
3PN4,Q9FUZ2,PDF1B,ZN BB2,[Zn+2] CCCCC[C@H](CC(=O)NO)C(=O)N[C@H](C(=O)N1CCC[C@H]1CO)C(C)C
3PN1,P43813,LIGA,IWH IVH,Cc1ccc(Cn2cc(C(N)=O)ccc2=O)c(C)c1 CCCCSc1nc(N)c2ncn([C@@H]3O[C@H](CO)[C@@H](O)[C@H]3O)c2n1
3PMA,P00735,F2,NA CIT,[Na+] O=C(O)CC(O)(CC(=O)O)C(=O)O
3PJU,Q3KK31,LAPD,C2E,Nc1nc2c(ncn2[C@@H]2O[C@@H]3COP(=O)(O)O[C@H]4[C@@H](O)[C@H](n5cnc6c(=O)[nH]c(N)nc65)O[C@@H]4COP(=O)(O)O[C@H]3[C@H]2O)c(=O)[nH]1
3PGU,P10384,FADL,OLA NA NI 2PE C8E,CCCCCCCC/C=C\CCCCCCCC(=O)O [Na+] [Ni+2] OCCOCCOCCOCCOCCOCCOCCOCCOCCO CCCCCCCCOCCOCCOCCOCCO
3PGL,Q9GZU7,CTDSP1,MG RZX,[Mg+2] COCCCOc1ccnc(C[S@@](=O)c2nc3ccccc3[nH]2)c1C
3PFP,O53512,AROG,SO4 CL 036 035 MN,O=S(=O)([O-])[O-] [Cl-] O=C(O)[C@@H](CCCCCOP(=O)(O)O)OP(=O)(O)O O=C(O)[C@H](CCCCCOP(=O)(O)O)OP(=O)(O)O [Mn+2]
3PE2,P68400,CSNK2A1,E1B SO4,C#Cc1cccc(Nc2nc3cc(C(=O)O)ccc3c3cncnc23)c1 O=S(=O)([O-])[O-]
3PD9,P19491,GRIA2,HA5 SO4 GOL CL,O=C(O)[C@H]1Cc2c(O)noc2CN1 O=S(=O)([O-])[O-] OCC(O)CO [Cl-]
3PD8,P19491,GRIA2,CAC ACY GOL HA7 ZN,C[As](C)(=O)[O-] CC(=O)O OCC(O)CO O=C(O)[C@H]1NCCc2c(O)noc21 [Zn+2]
3PCG,P00436,PCAG,4HP BME FE,O=C(O)Cc1ccc(O)cc1 OCCS [Fe+3]
3PCF,P00436,PCAG,FHB FE,O=C(O)c1ccc(O)c(F)c1 [Fe+3]
3PCE,P00436,PCAG,3HP BME FE,O=C(O)Cc1cccc(O)c1 OCCS [Fe+3]
3PCB,P00436,PCAG,3HB FE,O=C(O)c1cccc(O)c1 [Fe+3]
3PBB,Q16769,QPCT,PBD ZN,COc1ccc(NC(=S)NCCCn2ccnc2)cc1OC [Zn+2]
3PB9,Q9NXS2,QPCTL,ZN 1BN,[Zn+2] c1ccc(Cn2ccnc2)cc1
3PB8,Q9NXS2,QPCTL,ZN AHN,[Zn+2] CC(=O)NCCc1c[nH]cn1
3PB7,Q9NXS2,QPCTL,ZN PBD,[Zn+2] COc1ccc(NC(=S)NCCCn2ccnc2)cc1OC
3P9T,Q8KLP4,SMET,SO4 TCL,O=S(=O)([O-])[O-] Oc1cc(Cl)ccc1Oc1ccc(Cl)cc1Cl
3P8Z,P27915,,36A SAH,N[C@@H](CCSC[C@H]1O[C@@H](n2cnc3c(NCc4cccc(Cl)c4)ncnc32)[C@H](O)[C@@H]1O)C(=O)O Nc1ncnc2c1ncn2[C@@H]1O[C@H](CSCC[C@H](N)C(=O)O)[C@@H](O)[C@H]1O
3P8P,O94760,DDAH1,LN6,CCCCC(=N)NCCC[C@H](N)C(=O)O
3P8O,P26662,,NA L5T,[Na+] C=C[C@@H]1C[C@]1(NC(=O)[C@@H]1C[C@@H](Oc2cc(-c3csc(NC(=O)C(C)C)n3)nc3cc(OC)ccc23)CN1C(=O)[C@@H](NC(=O)OC1CCCC1)C(C)(C)C)C(=O)O
3P7I,Q1R3F7,PHND,GOL P7I,OCC(O)CO NCCP(=O)(O)O
3P5L,P00918,CA2,DMS IT5 ZN,CS(C)=O N#CC1(c2ccccc2)CCN(C(=S)S)CC1 [Zn+2]
3P58,P00918,CA2,P58 ZN,CN(Cc1ccccc1)C(=S)S [Zn+2]
3P4V,P00918,CA2,PMX ZN,COC(=O)/C=C/C(=O)N[C@@H](Cc1ccc(O)c(Cl)c1)C(=O)O [Zn+2]
3P4R,P00363,FRDA,FAD GUA FES F3S SF4,Cc1cc2nc3c(=O)[nH]c(=O)nc-3n(C[C@H](O)[C@H](O)[C@H](O)CO[P@@](=O)(O)O[P@](=O)(O)OC[C@H]3O[C@@H](n4cnc5c(N)ncnc54)[C@H](O)[C@@H]3O)c2cc1C O=C(O)CCCC(=O)O S1[Fe]S[Fe]1 S1[Fe]S[Fe]2S[Fe]1S2 S1[Fe]S[Fe]1.S1[Fe]S[Fe]1
3P3T,P02766,TTR,3M3,Cc1n[nH]c(C)c1CCCOc1ccccc1F
3P3S,P02766,TTR,3M2,CN1C(N)=NC(=O)/C1=C/c1cc(Br)c(O)c(Br)c1
3P3R,P02766,TTR,3M1,O=C(c1cc(O)c(O)c([N+](=O)[O-])c1)c1ccccc1F
3P3G,D5CV28,,ZN 3P3 SO4 DMS UKW,[Zn+2] C[C@@H](O)[C@H](NC(=O)c1ccc(C#CC#Cc2ccccc2)cc1)C(=O)NO O=S(=O)([O-])[O-] CS(C)=O C#Cc1ccc(C(=O)N[C@H](C(=O)N=O)[C@@H](C)O)cc1
3P2E,A8C927,NPMA,SAH,Nc1ncnc2c1ncn2[C@@H]1O[C@H](CSCC[C@H](N)C(=O)O)[C@@H](O)[C@H]1O
3OZR,P22734,COMT,MG CL OZR,[Mg+2] [Cl-] O=C(NC/C=C/[C@H]1OC[C@H](O)[C@@H]1O)c1cc([N+](=O)[O-])cc(O)c1O
3OZP,Q06GJ0,,OAN,CC(=O)N[C@H]1/C(=N\OC(=O)Nc2ccccc2)O[C@H](CO)[C@@H](O)[C@@H]1O
3OZJ,P19793,RXRA,BGV,C=C1C(=O)O[C@H]2C[C@@H](C)[C@@H]3C=CC(=O)[C@@]3(C)[C@@H](OC(C)=O)[C@H]12
3OZG,P20035,LACZ,SSI POP MG,O=c1[nH]cnc2c(CN[C@H](CO)CCP(=O)(O)O)c[nH]c12 O=P([O-])(O)OP(=O)([O-])O [Mg+2]
3OYW,P09382,LGALS1,,
3OYQ,P00918,CA2,ZN OYQ DMS GOL,[Zn+2] CC[C@H](C)CCC(=O)Nc1ccc(S(N)(=O)=O)cc1 CS(C)=O OCC(O)CO
3OY0,P00918,CA2,DMS GOL OY0 ZN,CS(C)=O OCC(O)CO CCC[C@H](C(=O)Nc1ccc(S(N)(=O)=O)cc1)C(C)(C)C [Zn+2]
3OWN,P00797,REN,ACT NA 3OX 3OW,CC(=O)[O-] [Na+] CC(C)CNC(=O)[C@@H](C[C@H](O)[C@@H]1COCc2cccc(c2)[C@@H](c2ccccc2)NC(=O)c2cc(cc(N(C)S(C)(=O)=O)c2)C(=O)N1)C(C)C CC(C)CNC(=O)[C@@H](C[C@H](O)[C@@H]1COCc2cccc(c2)[C@H](c2ccccc2)NC(=O)c2cc(cc(N(C)S(C)(=O)=O)c2)C(=O)N1)C(C)C
3OVN,Q72498,POL,SO4 MPV CD,O=S(=O)([O-])[O-] Cn1nc(-c2cccs2)cc1N [Cd+2]
3OUJ,Q9GZT9,EGLN1,SO4 FE2 AKG,O=S(=O)([O-])[O-] [Fe+2] O=C(O)CCC(=O)C(=O)O
3OOB,Q13526,PIN1,SO4 PE4 KDH,O=S(=O)([O-])[O-] CCOCCOCCOCCOCCOCCOCCOCCO O=C(O[C@@H]1Cc2c(O)cc(O)cc2O[C@@H]1c1cc(O)c(O)c(O)c1)c1cc(O)c(O)c(O)c1
3OKV,P00918,CA2,DMS VZ4 ZN,CS(C)=O CCc1cc2c(cc1OS(N)(=O)=O)CC[C@@H]1[C@@H]2CC[C@]2(C)C(=O)CC[C@@H]12 [Zn+2]
3OKU,P00918,CA2,ZN VZ4 DMS GOL,[Zn+2] CCc1cc2c(cc1OS(N)(=O)=O)CC[C@@H]1[C@@H]2CC[C@]2(C)C(=O)CC[C@@H]12 CS(C)=O OCC(O)CO
3OK9,P03366,GAG-POL,G52 NA CL GOL,COc1ccc(S(=O)(=O)N(CC(C)C)C[C@@H](O)[C@H](Cc2ccccc2)NC(=O)O[C@H]2CO[C@H]3O[C@@H]4OCC[C@@H]4[C@H]32)cc1 [Na+] [Cl-] OCC(O)CO
3OIM,P00918,CA2,DMS GOL VZ5 ZN,CS(C)=O OCC(O)CO CCc1cc2c(cc1OS(N)(=O)=O)CC[C@@H]1[C@@H]2CC[C@]2(C)[C@@H](O)CC[C@@H]12 [Zn+2]
3OIL,P00918,CA2,VZ5 ZN,CCc1cc2c(cc1OS(N)(=O)=O)CC[C@@H]1[C@@H]2CC[C@]2(C)[C@@H](O)CC[C@@H]12 [Zn+2]
3OHI,A8B2U2,FBA,HDX ZN,O=c1c(O)c(CCOP(=O)(O)O)ccn1CP(=O)(O)O [Zn+2]
3OCZ,P26093,HEL,SRA MG,Nc1ncnc2c1ncn2[C@@H]1O[C@H](COP(O)(O)=S)[C@@H](O)[C@H]1O [Mg+2]
3OCP,Q13976,PRKG1,CMP,Nc1ncnc2c1ncn2[C@@H]1O[C@@H]2CO[P@@](=O)(O)O[C@H]2[C@H]1O
3O9D,Q90K99,POL,PO4 ACT K19,O=P([O-])([O-])[O-] CC(=O)[O-] CC[C@H](C)CN(C[C@@H](O)[C@H](Cc1ccccc1)NC(=O)O[C@H]1CO[C@H]2OCC[C@H]21)S(=O)(=O)c1ccc2ncsc2c1
3O99,Q90K99,POL,PO4 K13 ACT,O=P([O-])([O-])[O-] CC[C@H](C)CN(C[C@@H](O)[C@H](Cc1ccccc1)NC(=O)O[C@H]1CO[C@H]2OCC[C@H]21)S(=O)(=O)c1ccc(N)cc1 CC(=O)[O-]
3O7U,P25524,CODA,PXN ZN O7U GOL PEG,C[C@H](O)COCC(COC[C@@H](C)O)(COC[C@@H](C)O)COC[C@@H](C)O [Zn+2] N[P@]1(=O)C=CNC(=O)N1 OCC(O)CO OCCOCCO
3O5X,Q06124,PTPN11,JZG,Cn1c(-c2ccccc2)c(-c2cn(CCC(=O)Nc3ccc(-c4ccccc4)cc3)nn2)c2cc(C(=O)O)c(O)cc21
3NYX,P29597,TYK2,TZ1 DTT,O=C(Nc1nnc(Sc2ccnc3cc(Cl)ccc23)s1)c1cccs1 O[C@@H](CS)[C@@H](O)CS
3NW3,Q9GK12,PGLYRP1,NDG TLA GOL DGN ALA LAC,CC(=O)N[C@@H]1[C@@H](O)[C@H](O)[C@@H](CO)O[C@@H]1O O=C(O)[C@H](O)[C@@H](O)C(=O)O OCC(O)CO NC(=O)CC[C@@H](N)C(=O)O C[C@H](N)C(=O)O C[C@@H](O)C(=O)O
3NU9,P03366,GAG-POL,478 IOD,CC(C)CN(C[C@@H](O)[C@H](Cc1ccccc1)NC(=O)O[C@H]1CCOC1)S(=O)(=O)c1ccc(N)cc1 [I-]
3NU5,P03366,GAG-POL,NA CL ACT 478,[Na+] [Cl-] CC(=O)[O-] CC(C)CN(C[C@@H](O)[C@H](Cc1ccccc1)NC(=O)O[C@H]1CCOC1)S(=O)(=O)c1ccc(N)cc1
3NSN,Q06GJ0,,,
3NPC,P45984,MAPK9,B96,Cc1ccc(-n2nc(C(C)(C)C)cc2NC(=O)Nc2ccc(OCCN3CCOCC3)c3ccccc23)cc1
3NMQ,P08238,HSP90AB1,7PP,COc1c(C)cnc(Cn2cc(C#CCC(C)(C)O)c3c(Cl)nc(N)nc32)c1C
3NM6,Q9ZMY2,MTNN,ADE TRS EDO,Nc1ncnc2[nH]cnc12 [NH3+]C(CO)(CO)CO OCCO
3NJQ,P88911,,ACT NJQ SO4 GOL,CC(=O)[O-] O=C(O)c1ccc(NC(=O)c2cccc(CC3CCCCC3)n2)c(Cc2ccccc2)c1 O=S(=O)([O-])[O-] OCC(O)CO
3NI5,P00918,CA2,C1H HG ZN,NS(=O)(=O)c1nnc(NS(=O)(=O)c2cccc(C(=O)OCCCCO[N+](=O)[O-])c2)s1 [Hg+2] [Zn+2]
3NHT,Q95NY5,D7L1,SO4 U46,O=S(=O)([O-])[O-] CCCCC[C@@H](O)/C=C/[C@@H]1[C@@H](C/C=C\CCCC(=O)O)[C@H]2CO[C@@H]1C2
3NHI,Q95NY5,D7L1,SO4 GOL EAH,O=S(=O)([O-])[O-] OCC(O)CO CCCCC/C=C\C/C=C\C=C\C=C\C[C@@H](O)CCCC(=O)O
3NG4,Q9GK12,PGLYRP1,GOL NAG SRT,OCC(O)CO CC(=O)N[C@@H]1[C@@H](O)[C@H](O)[C@@H](CO)O[C@H]1O O=C(O)[C@@H](O)[C@@H](O)C(=O)O
3NEX,P02766,TTR,G24 GOL,Cc1cc(OCC(=O)O)cc(C)c1Cc1ccc(O)c(Cc2ccccc2)c1 OCC(O)CO
3NES,P02766,TTR,GOL B72,OCC(O)CO Cc1cc(OCC(=O)O)cc(C)c1Cc1ccc(O)c(C(C)C)c1
3NEO,P02766,TTR,G24,Cc1cc(OCC(=O)O)cc(C)c1Cc1ccc(O)c(Cc2ccccc2)c1
3NEE,P02766,TTR,GOL B72,OCC(O)CO Cc1cc(OCC(=O)O)cc(C)c1Cc1ccc(O)c(C(C)C)c1
3NB5,P00918,CA2,ZN R21 GOL,[Zn+2] NS(=O)(=O)c1ccc(CCNC(=O)Cc2ccc(O)c(Cl)c2)cc1 OCC(O)CO
3N9S,D0IR47,,TD4 ZN CA NA,O=C(COP(=O)(O)O)N(O)CCCCOP(=O)(O)O [Zn+2] [Ca+2] [Na+]
3N9R,D0IR47,,ZN NA CL TD3,[Zn+2] [Na+] [Cl-] O=C(COP(=O)(O)O)N(O)CCCCO
3N8K,P9WPX7,AROQ,D1X CL,O=C1C=C(C(=O)O)CC(=O)N1 [Cl-]
3N7O,P23946,CMA1,N7O UNL,CP(=O)(O)[C@H](C(=O)N/C=C/c1ccc(F)c(F)c1)c1csc2ccc(Cl)cc12
3N7H,Q8T6S0,OBP-1,MG MOH DE3 PEU CL,[Mg+2] CO CCN(CC)C(=O)c1cccc(C)c1 COCCOCCOCCOCCOCCOCCOCCOCCOCCOCCOCCOCCOCCOCCOCCOCCOCCOCCOCCOCCOCCOCCOCCOCCOCCOCCOCCO [Cl-]
3N4B,P00918,CA2,GOL WWZ ZN,OCC(O)CO NS(=O)(=O)c1ccc(NC(=O)Nc2ccc(F)cc2)cc1 [Zn+2]
3N3J,P00918,CA2,ZN GOL WWV,[Zn+2] OCC(O)CO CC(C)c1ccccc1NC(=O)Nc1ccc(S(N)(=O)=O)cc1
3N35,P16404,,A2G CA MN,CC(=O)N[C@@H]1[C@@H](O)[C@@H](O)[C@@H](CO)O[C@@H]1O [Ca+2] [Mn+2]
3N2V,P39900,MMP12,ZN CA JT5,[Zn+2] [Ca+2] O=C(CN(CCO)S(=O)(=O)c1ccc(-c2ccccc2)cc1)NO
3N2U,P39900,MMP12,D3X CA ZN,COc1ccc(S(=O)(=O)N(CCO[C@@H]2O[C@H](CO)[C@@H](O)[C@H](O)[C@H]2O)CC(=O)NO)cc1 [Ca+2] [Zn+2]
3N2P,P00918,CA2,ZN AYX DMS GOL,[Zn+2] NS(=O)(=O)c1ccc(NC(=O)Nc2cccc([N+](=O)[O-])c2)cc1 CS(C)=O OCC(O)CO
3N2E,P56073,AROK,TLA OSA,O=C(O)[C@H](O)[C@@H](O)C(=O)O Nc1ccc2c(O)c(N=Nc3ccc4c(O)cc(S(=O)(=O)O)cc4c3)c(S(=O)(=O)O)cc2c1
3N1C,P06999,PFKB,F6P,O=P(O)(O)OC[C@H]1O[C@](O)(CO)[C@@H](O)[C@@H]1O
3N0N,P00918,CA2,ZN P9B GOL,[Zn+2] NS(=O)(=O)c1ccc(NC(=O)Nc2c(F)c(F)c(F)c(F)c2F)cc1 OCC(O)CO
3MZC,P00918,CA2,GOL S6I ZN,OCC(O)CO NS(=O)(=O)c1ccc(NC(=O)NC2CCCC2)cc1 [Zn+2]
3MZ6,Q9BY41,HDAC8,B3N K FE2,CN(C)c1ccc(C(=O)NCCCCCCC(=O)NO)cc1 [K+] [Fe+2]
3MXE,P03369,GAG-POL,K54 PO4 ACT,CC(C)CN(C[C@@H](O)[C@H](Cc1ccccc1)NC(=O)[C@@H]1CN(c2ccccc2C(F)(F)F)C(=O)O1)S(=O)(=O)c1ccc2ncsc2c1 O=P([O-])([O-])[O-] CC(=O)[O-]
3MXD,P03369,GAG-POL,ACT PO4 K53,CC(=O)[O-] O=P([O-])([O-])[O-] CC(C)CN(C[C@@H](O)[C@H](Cc1ccccc1)NC(=O)[C@@H]1CN(c2ccccc2O)C(=O)O1)S(=O)(=O)c1ccc2c(c1)OCO2
3MWE,P53396,ACLY,TLA MG,O=C(O)[C@H](O)[C@@H](O)C(=O)O [Mg+2]
3MV0,P00722,LACZ,149 MG NA DMS,O=C1O[C@H](CO)[C@H](O)[C@H](O)[C@H]1O [Mg+2] [Na+] CS(C)=O
3MTW,Q9A4Z9,CC_2672,ZN M3R SO4 GOL PEG,[Zn+2] C[P@@](=O)(O)N[C@@H](CCCNC(=N)N)C(=O)O O=S(=O)([O-])[O-] OCC(O)CO OCCOCCO
3MOH,P07379,PCK1,EDO 1PE NA PGA MN GDP,OCCO OCCOCCOCCOCCOCCO [Na+] O=C(O)COP(=O)(O)O [Mn+2] Nc1nc2c(ncn2[C@@H]2O[C@H](COP(=O)(O)OP(=O)(O)O)[C@@H](O)[C@H]2O)c(=O)[nH]1
3MOF,P07379,PCK1,GTP MN OXL NA 1PE EDO,Nc1nc2c(ncn2[C@@H]2O[C@H](COP(=O)(O)OP(=O)(O)OP(=O)(O)O)[C@@H](O)[C@H]2O)c(=O)[nH]1 [Mn+2] O=C([O-])C(=O)[O-] [Na+] OCCOCCOCCOCCOCCO OCCO
3MOE,P07379,PCK1,GTP MN NA SPV 1PE EDO,Nc1nc2c(ncn2[C@@H]2O[C@H](COP(=O)(O)OP(=O)(O)OP(=O)(O)O)[C@@H](O)[C@H]2O)c(=O)[nH]1 [Mn+2] [Na+] O=C(O)C(=O)CS(=O)(=O)O OCCOCCOCCOCCOCCO OCCO
3MNA,P00918,CA2,GOL DWH ZN,OCC(O)CO COC(=O)CNc1nc(Cl)nc(Nc2ccc(S(N)(=O)=O)cc2)n1 [Zn+2]
3MMF,P00918,CA2,GOL D9H ZN,OCC(O)CO NS(=O)(=O)c1ccc(Nc2nc(Cl)nc(NCCO)n2)cc1 [Zn+2]
3ML5,P43166,CA7,AZM ZN,CC(=O)Nc1nnc(S(N)(=O)=O)s1 [Zn+2]
3ML2,P00918,CA2,GOL SU0 ZN,OCC(O)CO COc1ccc2c(CC(=O)Nc3ccc(S(N)(=O)=O)cc3)cc(=O)oc2c1 [Zn+2]
3MJL,P05089,ARG1,2AI MN,Nc1ncc[nH]1 [Mn+2]
3MI3,Q9Y823,LYS4,LYS ZN NA,N[C@@H](CCCC[NH3+])C(=O)O [Zn+2] [Na+]
3MI2,P11172,UMPS,PFU,NC(=O)c1[nH]nc([C@@H]2O[C@H](COP(=O)(O)O)[C@@H](O)[C@H]2O)c1O
3MHW,P00749,PLAU,SO4 ABV,O=S(=O)([O-])[O-] Nc1nc2ccccc2s1
3MHC,P00918,CA2,ARZ ZN,NS(=O)(=O)c1nnc(NC(=O)C23CC4CC(CC(C4)C2)C3)s1 [Zn+2]
3MFW,P05089,ARG1,MN B3U SO4,[Mn+2] Nc1ncc(C[C@H](N)C(=O)O)[nH]1 O=S(=O)([O-])[O-]
3MFV,P05089,ARG1,Z70 MN,Nc1ncc(CC[C@H](N)C(=O)O)[nH]1 [Mn+2]
3MF5,P26663,,GOL HJZ,OCC(O)CO C[C@H]1CC[C@H](c2ccccc2-c2cc(-c3ccccc3)sc2C(=O)O)CC1
3MDZ,P43166,CA7,GOL EZL ZN,OCC(O)CO CCOc1ccc2nc(S(N)(=O)=O)sc2c1 [Zn+2]
3MAM,O29280,AF_0982,EPE EDO BET,O=S(=O)(O)CCN1CCN(CCO)CC1 OCCO C[N+](C)(C)CC(=O)O
3M8U,B8F653,HBPA,MLI GDS,O=C([O-])CC(=O)[O-] N[C@@H](CCC(=O)N[C@@H](CSSC[C@H](NC(=O)CC[C@H](N)C(=O)O)C(=O)NCC(=O)O)C(=O)NCC(=O)O)C(=O)O
3M89,Q8KNP3,TUBZ,GSP,Nc1nc2c(ncn2[C@@H]2O[C@H](CO[P@](=O)(O)O[P@](=O)(O)OP(O)(O)=S)[C@@H](O)[C@H]2O)c(=O)[nH]1
3M6R,Q9FUZ2,PDF1B,ZN BB2,[Zn+2] CCCCC[C@H](CC(=O)NO)C(=O)N[C@H](C(=O)N1CCC[C@H]1CO)C(C)C
3M3Z,P11142,HSPA8,3F5,CNc1nc2c(N)ncnc2n1[C@@H]1O[C@H](COCC(N)=O)[C@@H](O)[C@H]1O
3M37,P00742,F10,M37 CA,NCc1ccccc1-n1nc(C(F)(F)F)cc1C(=O)Nc1ccc(-c2ccccc2S(N)(=O)=O)cc1F [Ca+2]
3M36,P00742,F10,M35 CA,CS(=O)(=O)c1ccccc1-c1ccc(NC(=O)c2cc(C(F)(F)F)nn2-c2cccc(CN)c2)c(F)c1 [Ca+2]
3M35,P00760,PRSS1,CA M35,[Ca+2] CS(=O)(=O)c1ccccc1-c1ccc(NC(=O)c2cc(C(F)(F)F)nn2-c2cccc(CN)c2)c(F)c1
3M1K,P00918,CA2,BE7 BEW ZN,O=C(O)c1ccc([Hg]Cl)cc1 O[n+]1ccccc1S [Zn+2]
3LZZ,Q6WRH7,,GDP ACT,Nc1nc2c(ncn2[C@@H]2O[C@H](COP(=O)(O)OP(=O)(O)O)[C@@H](O)[C@H]2O)c(=O)[nH]1 CC(=O)[O-]
3LZU,P24740,GAG-POL,017 ACT,CC(C)CN(C[C@@H](O)[C@H](Cc1ccccc1)NC(=O)O[C@H]1CO[C@H]2OCC[C@H]21)S(=O)(=O)c1ccc(N)cc1 CC(=O)[O-]
3LZS,P24740,GAG-POL,ACT 017,CC(=O)[O-] CC(C)CN(C[C@@H](O)[C@H](Cc1ccccc1)NC(=O)O[C@H]1CO[C@H]2OCC[C@H]21)S(=O)(=O)c1ccc(N)cc1
3LXK,P52333,JAK3,MI1,C[C@@H]1CCN(C(=O)CC#N)C[C@@H]1N(C)c1ncnc2[nH]ccc12
3LXE,P00915,CA1,ZN TOR,[Zn+2] CC1(C)O[C@@H]2[C@@H](CO[C@@]3(COS(N)(=O)=O)OC(C)(C)O[C@@H]23)O1
3LVW,P32477,GSH1,PGE GSH,OCCOCCOCCO N[C@@H](CCC(=O)N[C@@H](CS)C(=O)NCC(=O)O)C(=O)O
3LQ2,P0AFG9,ACEE,TPP MG PO4 EPE,Cc1ncc(C[n+]2csc(CCO[P@](=O)(O)OP(=O)(O)O)c2C)c(N)n1 [Mg+2] O=P([O-])([O-])[O-] O=S(=O)(O)CCN1CCN(CCO)CC1
3LPP,P14410,SI,KTL BMA CL PEG TRS NAG,O=S(=O)([O-])O[C@@H]([C@H](O)[C@H](O)[C@@H](O)CO)[C@H](O)C[S@+]1C[C@@H](O)[C@H](O)[C@H]1CO OC[C@H]1O[C@@H](O)[C@@H](O)[C@@H](O)[C@@H]1O [Cl-] OCCOCCO [NH3+]C(CO)(CO)CO CC(=O)N[C@@H]1[C@@H](O)[C@H](O)[C@@H](CO)O[C@H]1O
3LPL,P0AFG9,ACEE,EPE TPP MG PO4,O=S(=O)(O)CCN1CCN(CCO)CC1 Cc1ncc(C[n+]2csc(CCO[P@](=O)(O)OP(=O)(O)O)c2C)c(N)n1 [Mg+2] O=P([O-])([O-])[O-]
3LPK,P56817,BACE1,TLA Z76,O=C(O)[C@H](O)[C@@H](O)C(=O)O COC[C@H]1CCCN1C(=O)c1cc(C)cc(C(=O)N[C@@H](Cc2cc(F)cc(F)c2)[C@H](O)[C@H]2CN(S(=O)(=O)c3cccc(C)c3)CCN2)c1
3LPI,P56817,BACE1,TLA Z74,O=C(O)[C@H](O)[C@@H](O)C(=O)O CCCN(CCC)C(=O)c1cc(C)cc(C(=O)N[C@@H](Cc2cc(F)cc(F)c2)[C@H](O)[C@H]2CN(S(=O)(=O)c3ccccc3)CCN2)c1
3LP7,P05089,ARG1,MN HAR,[Mn+2] N=C(NO)NCCC[C@H](N)C(=O)O
3LMK,P41594,GRM5,NAG GLU MG,CC(=O)N[C@@H]1[C@@H](O)[C@H](O)[C@@H](CO)O[C@H]1O N[C@@H](CCC(=O)O)C(=O)O [Mg+2]
3LJG,P39900,MMP12,ZN CA HAE EEF P6G,[Zn+2] [Ca+2] CC(=O)NO NC(=O)[C@H](CCC(=O)O)NC(=O)[C@H](CCC(=O)O)NC(=O)CCc1ccc(-c2ccccc2)cc1 OCCOCCOCCOCCOCCOCCO
3LIW,P00742,F10,RUP CA,N=C(N)c1cccc(C[C@@H](NC(=O)NC23CC4CC(CC(C4)C2)C3)C(=O)NCCc2ccccc2)c1 [Ca+2]
3LIR,P39900,MMP12,GLY EEC CA ZN,NCC(=O)O NC(=O)[C@H](CCC(=O)O)NC(=O)[C@H](CCC(=O)O)NC(=O)CCc1cc(-c2ccccc2)no1 [Ca+2] [Zn+2]
3LGS,Q9T0I8,MTN1,SAH ADE EDO,Nc1ncnc2c1ncn2[C@@H]1O[C@H](CSCC[C@H](N)C(=O)O)[C@@H](O)[C@H]1O Nc1ncnc2[nH]cnc12 OCCO
3LEA,P78536,ADAM17,Z93 ZN IPA,COc1ccc2c(c1)C(=O)[N+](C[C@@]1(c3ccc(-c4cccnc4)cc3)NC(=O)NC1=O)=C2 [Zn+2] CC(C)O
3LE9,P78536,ADAM17,IPA 727 ZN,CC(C)O COc1ccc2[nH]n(C[C@@]3(c4ccccc4)NC(=O)NC3=O)c(=O)c2c1 [Zn+2]
3LDP,P11021,HSPA5,3P1,Nc1ncnc2c1nc(NCc1ccc3ccccc3n1)n2[C@@H]1O[C@H](CO)[C@@H](O)[C@H]1O
3LCV,Q7M0R2,SGM,SAM,C[S@@+](CC[C@H](N)C(=O)[O-])C[C@H]1O[C@@H](n2cnc3c(N)ncnc32)[C@H](O)[C@@H]1O
3LCU,Q7M0R2,SGM,SAH,Nc1ncnc2c1ncn2[C@@H]1O[C@H](CSCC[C@H](N)C(=O)O)[C@@H](O)[C@H]1O
3LC3,P00740,F9,IYX CA,COc1ccc(-c2ccc3sc(C(N)N)cc3c2)cc1OC [Ca+2]
3LBZ,P41182,BCL6,Z88 Z89,CC(=O)NS(=O)(=O)c1ccc(Br)cc1 O=C(O)C[C@H](C(=O)O)N1C(=O)/C(=C2\C(=O)Nc3ccc(Br)cc32)SC1=S
3LBJ,O15151,MDM4,WW8 SO4,CN(C)CCCN(C)[C@H]1CCN(C(=O)c2[nH]c3cc(Cl)ccc3c2-c2c(-c3ccccc3)ncn2Cc2ccc(Cl)cc2)C1 O=S(=O)([O-])[O-]
3L7D,P00489,PYGM,DK5,O=C(Nc1ccn([C@H]2C[C@@H](F)[C@H](O)[C@@H](CO)O2)c(=O)n1)c1ccccc1
3L7C,P00489,PYGM,DK4,O=c1[nH]c(=O)n([C@@H]2O[C@H](CO)[C@@H](O)[C@H](F)[C@H]2O)cc1F
3L7A,P00489,PYGM,DKY,O=C(Nc1ccn([C@@H]2O[C@H](CO)[C@@H](O)[C@H](F)[C@H]2O)c(=O)n1)c1ccccc1
3L79,P00489,PYGM,DKX,O=c1ccn([C@@H]2O[C@H](CO)[C@@H](O)[C@H](F)[C@H]2O)c(=O)[nH]1
3L6H,Q7DAU8,BUSAB,BET CL,C[N+](C)(C)CC(=O)O [Cl-]
3L59,P56817,BACE1,TAR BDJ,O=C(O)[C@@H](O)[C@H](O)C(=O)O CC1(C)NC(=N)N(Cc2cccc(Cl)c2)C1=O
3L4Z,O43451,MGAM,SSD NAG GOL,[O-]S([O-])([O-])O[C@H](CO)[C@@H](O)C[S@+]1C[C@@H](O)[C@H](O)[C@H]1CO CC(=O)N[C@@H]1[C@@H](O)[C@H](O)[C@@H](CO)O[C@H]1O OCC(O)CO
3L4X,O43451,MGAM,NAG GOL NR3,CC(=O)N[C@@H]1[C@@H](O)[C@H](O)[C@@H](CO)O[C@H]1O OCC(O)CO O=S(=O)([O-])O[C@@H]([C@H](O)[C@@H](O)[C@@H](O)CO)[C@H](O)C[S@+]1C[C@@H](O)[C@H](O)[C@H]1CO
3L4V,O43451,MGAM,KTL NAG,O=S(=O)([O-])O[C@@H]([C@H](O)[C@H](O)[C@@H](O)CO)[C@H](O)C[S@+]1C[C@@H](O)[C@H](O)[C@H]1CO CC(=O)N[C@@H]1[C@@H](O)[C@H](O)[C@@H](CO)O[C@H]1O
3L3L,P09874,PARP1,L3L,NC(=O)c1cccc2c1C(=O)N(C1CCNCC1)C2
3L1N,O42721,MP1,PLM,CCCCCCCCCCCCCCCC(=O)O
3L0V,P78536,ADAM17,724 ZN,COc1ccc2[nH]n(C[C@@]3(C)NC(=O)NC3=O)c(=O)c2c1 [Zn+2]
3KYQ,Q5EGY4,YKT6,SO4 DPV,O=S(=O)([O-])[O-] CCCCCCCCCCCCOP(=O)([O-])OCC[N+](C)(C)C
3KR4,Q8IL11,LAP,CO3 ZN BES MG SO4 1PE,O=C([O-])[O-] [Zn+2] CC(C)C[C@H](NC(=O)[C@@H](O)[C@H](N)Cc1ccccc1)C(=O)O [Mg+2] O=S(=O)([O-])[O-] OCCOCCOCCOCCOCCO
3KR2,P11086,PNMT,SAH ET2,Nc1ncnc2c1ncn2[C@@H]1O[C@H](CSCC[C@H](N)C(=O)O)[C@@H](O)[C@H]1O Nc1nc2ccc(F)cc2[nH]1
3KQY,P11086,PNMT,ES0 SAH,Nc1nc2cccc(O)c2[nH]1 Nc1ncnc2c1ncn2[C@@H]1O[C@H](CSCC[C@H](N)C(=O)O)[C@@H](O)[C@H]1O
3KQW,P11086,PNMT,SAH ES9,Nc1ncnc2c1ncn2[C@@H]1O[C@H](CSCC[C@H](N)C(=O)O)[C@@H](O)[C@H]1O Clc1ccc2[nH]cnc2c1
3KQT,P11086,PNMT,SAH ES7,Nc1ncnc2c1ncn2[C@@H]1O[C@H](CSCC[C@H](N)C(=O)O)[C@@H](O)[C@H]1O Cn1c(N)nc2ccccc21
3KQS,P11086,PNMT,SAH AX7,Nc1ncnc2c1ncn2[C@@H]1O[C@H](CSCC[C@H](N)C(=O)O)[C@@H](O)[C@H]1O Nc1nc2ccccc2[nH]1
3KQR,P02743,APCS,NAG CA OPE,CC(=O)N[C@@H]1[C@@H](O)[C@H](O)[C@@H](CO)O[C@H]1O [Ca+2] NCCOP(=O)(O)O
3KQP,P11086,PNMT,ES5 SAH,Nc1ccc2ncccc2c1 Nc1ncnc2c1ncn2[C@@H]1O[C@H](CSCC[C@H](N)C(=O)O)[C@@H](O)[C@H]1O
3KQM,P11086,PNMT,SAH ES3,Nc1ncnc2c1ncn2[C@@H]1O[C@H](CSCC[C@H](N)C(=O)O)[C@@H](O)[C@H]1O Brc1c[nH]cn1
3KQB,P00742,F10,LGJ NA,CS(=O)(=O)c1ccccc1-c1ccc(NC(=O)c2cc(C(F)(F)F)nn2-c2cccc(-c3n[nH]c(=O)[nH]3)c2)c(F)c1 [Na+]
3KPW,P11086,PNMT,SAH 1SQ,Nc1ncnc2c1ncn2[C@@H]1O[C@H](CSCC[C@H](N)C(=O)O)[C@@H](O)[C@H]1O Nc1nccc2ccccc12
3KPV,P11086,PNMT,SAH ADE,Nc1ncnc2c1ncn2[C@@H]1O[C@H](CSCC[C@H](N)C(=O)O)[C@@H](O)[C@H]1O Nc1ncnc2[nH]cnc12
3KPU,P11086,PNMT,SAH ES1,Nc1ncnc2c1ncn2[C@@H]1O[C@H](CSCC[C@H](N)C(=O)O)[C@@H](O)[C@H]1O Oc1ccnc2ccccc12
3KMC,P78536,ADAM17,403 INN ZN,O=C(NCCc1cccs1)[C@H](O)[C@@H](O)C(=O)N1CCN(c2ccccc2Cl)CC1 CC(C)C[C@H](CC(=O)NO)C(=O)N[C@H](C(=O)N[C@@H](C)C(=O)NCCN)C(C)(C)C [Zn+2]
3KKU,P25779,,B95 EDO Z22,O=C(COc1ccccc1Br)NCCc1nc2ccccc2[nH]1 OCCO CSS(C)(=O)=O
3KJN,Q14790,CASP8,DTT B93,O[C@@H](CS)[C@@H](O)CS CC(=O)[C@H](CC(=O)O)NC(=O)[C@@H]1C=C(CC2CCCCC2)Cn2c(=O)n(CCNC(=O)c3ccc4[nH]cnc4c3)c(=O)n21
3KJF,P42574,CASP3,B92,CC(=O)[C@H](CC(=O)O)NC(=O)[C@@H]1C=C2CCCC[C@@H]2n2c(=O)n(C[C@H](CCC(=O)O)NC(=O)Cc3ccccc3)c(=O)n21
3KJD,Q9UGN5,PARP2,78P GOL,C[C@]1(c2nc3cccc(C(N)=O)c3[nH]2)CCCN1 OCC(O)CO
3KIV,P08519,LPA,ACA,NCCCCCC(=O)O
3KHV,P00749,PLAU,PGE SO4 4AL,OCCOCCOCCO O=S(=O)([O-])[O-] NCc1ccc(CO)cc1
3KGU,P02766,TTR,GEN,O=c1c(-c2ccc(O)cc2)coc2cc(O)cc(O)c12
3KGT,P02766,TTR,GEN,O=c1c(-c2ccc(O)cc2)coc2cc(O)cc(O)c12
3KGQ,P00730,CPA1,GOL FMT ACN CIT NA ZN,OCC(O)CO O=CO CC(C)=O O=C(O)CC(O)(CC(=O)O)C(=O)O [Na+] [Zn+2]
3KDM,,,TES,C[C@]12CC[C@H]3[C@@H](CCC4=CC(=O)CC[C@@]43C)[C@@H]1CC[C@@H]2O
3KDD,P03367,GAG-POL,GOL JZQ,OCC(O)CO CC1(C)SCN(C(=O)[C@@H](O)[C@H](Cc2ccccc2)NC(=O)COc2c(F)cccc2F)[C@@H]1C(=O)N[C@H]1c2ccccc2C[C@H]1O
3KDC,P03367,GAG-POL,CL GOL JZP,[Cl-] OCC(O)CO CC1(C)SCN(C(=O)[C@@H](O)[C@H](Cc2ccccc2)NC(=O)COc2c(Cl)cccc2Cl)[C@@H]1C(=O)N[C@H]1c2ccccc2C[C@H]1O
3KDB,P03367,GAG-POL,006 GOL,Cc1cccc(C)c1OCC(=O)N[C@@H](Cc1ccccc1)[C@H](O)C(=O)N1CSC(C)(C)[C@H]1C(=O)N[C@H]1c2ccccc2C[C@H]1O OCC(O)CO
3KCK,O60674,JAK2,3KC,Oc1ccc(C2=Nc3ccccc3-c3ccnc4[nH]cc2c34)c(Cl)c1
3K97,P07900,HSP90AA1,DMS 4CD,CS(C)=O Cc1ccccc1[C@H]1CCCN1C(=O)c1cc(Cl)c(O)cc1O
3K8Q,P00491,PNP,PO4 22A,O=P([O-])([O-])[O-] O=c1[nH]cnc2c(CNC(CO)CO)c[nH]c12
3K8O,P00491,PNP,SO4 229,O=S(=O)([O-])[O-] O=c1[nH]cnc2c(CN[C@H](CO)[C@H](O)CO)c[nH]c12
3K8C,Q4CQE2,TC00.1047053509199.24,RES,O=C(NO)[C@H](O)[C@H](O)COP(=O)(O)O
3K5X,Q93J45,SCO3058,ZN P8D,[Zn+2] C[C@H](N)P(=O)(O)C[C@H](CC(=O)O)C(=O)O
3K5I,A1CII2,ACLA_051590,NA NHE ADP MG AIR,[Na+] O=S(=O)(O)CCNC1CCCCC1 Nc1ncnc2c1ncn2[C@@H]1O[C@H](CO[P@](=O)(O)OP(=O)(O)O)[C@@H](O)[C@H]1O [Mg+2] Nc1cncn1[C@@H]1O[C@H](COP(=O)(O)O)[C@@H](O)[C@H]1O
3K4Q,P34752,PHYA,IHS NAG,O=S(=O)(O)O[C@H]1[C@H](OS(=O)(=O)O)[C@@H](OS(=O)(=O)O)[C@H](OS(=O)(=O)O)[C@@H](OS(=O)(=O)O)[C@H]1OS(=O)(=O)O CC(=O)N[C@@H]1[C@@H](O)[C@H](O)[C@@H](CO)O[C@H]1O
3K4D,P05804,UIDA,EVA,O=C(O)[C@H]1NC(=O)[C@H](O)[C@@H](O)[C@@H]1O
3K41,P11456,M6PR,M6D,O=P(O)(O)OC[C@H]1O[C@@H](O)[C@@H](O)[C@@H](O)[C@@H]1O
3K37,Q3S340,NA,CA BCZ,[Ca+2] CCC(CC)[C@H](NC(C)=O)[C@@H]1[C@H](O)[C@@H](C(=O)O)C[C@H]1NC(=N)N
3K2F,P00918,CA2,NKX HG ZN,CCN(C(=O)OC[C@@H](CO[N+](=O)[O-])O[N+](=O)[O-])[C@H]1C[C@H](C)S(=O)(=O)c2sc(S(N)(=O)=O)cc21 [Hg+2] [Zn+2]
3K1J,B6YU74,TON_0529,ADP PE8 PE4,Nc1ncnc2c1ncn2[C@@H]1O[C@H](CO[P@](=O)(O)OP(=O)(O)O)[C@@H](O)[C@H]1O OCCOCCOCCOCCOCCOCCOCCOCCO CCOCCOCCOCCOCCOCCOCCOCCO
3K02,B0B0V1,GACH,TXT SO4,C[C@H]1O[C@H](O[C@H]2[C@H](O)[C@@H](O)[C@@H](O[C@H]3[C@H](O)[C@@H](O)[C@@H](O[C@H]4[C@H](O)[C@@H](O)[C@@H](O)O[C@@H]4CO)O[C@@H]3CO)O[C@@H]2CO)[C@H](O)[C@H](O)[C@@H]1N[C@H]1C[C@@H](CO)[C@H](O)[C@@H](O)[C@@H]1O O=S(=O)([O-])[O-]
3K00,B0B0V1,GACH,,
3JZJ,B0B0V1,GACH,SO4,O=S(=O)([O-])[O-]
3JYR,P19576,MALE,,
3JYJ,Q13526,PIN1,JZI,O=C(N[C@H](C/C=C/c1ccccc1)C(=O)O)c1ccc2ccccc2c1
3JY0,P11309,PIM1,LYG,O=c1[nH]c(CN2CC[C@H](O)C2)nc2c1sc1ccc(Cl)cc12
3JUQ,Q396C9,BCEP18194_B1568,AKD AJD,O=C([O-])c1cc(Br)ccc1N[C@H]1CCCNC1 O=C(O)c1cc(Br)ccc1N[C@@H]1CCCNC1
3JUP,Q396C9,BCEP18194_B1568,AKD,O=C([O-])c1cc(Br)ccc1N[C@H]1CCCNC1
3JUO,Q396C9,BCEP18194_B1568,AJD,O=C(O)c1cc(Br)ccc1N[C@@H]1CCCNC1
3JUK,O25363,HP_0646,UPG MG,O=c1ccn([C@@H]2O[C@H](COP(=O)(O)OP(=O)(O)O[C@H]3O[C@H](CO)[C@@H](O)[C@H](O)[C@H]3O)[C@@H](O)[C@H]2O)c(=O)[nH]1 [Mg+2]
3JRX,O00763,ACACB,S1A,CO[C@H]1CCCC[C@@H](c2ccccc2)OC(=O)[C@@H](C)[C@@]2(O)O[C@H]([C@@H](C)[C@H](O)[C@H]2OC)[C@@H](C)/C=C/[C@H]1OC
3JRS,Q8VZS8,PYL1,A8S,CC1=CC(=O)CC(C)(C)[C@@]1(O)/C=C/C(C)=C\C(=O)O
3QWC,P00734,F2,98P GOL NA NAG,C[n+]1ccc(Cl)c(CNC(=O)[C@@H]2CCCN2C(=O)[C@H](N)Cc2ccccc2)c1 OCC(O)CO [Na+] CC(=O)N[C@@H]1[C@@H](O)[C@H](O)[C@@H](CO)O[C@H]1O
3QX5,P00734,F2,NAG 02P GOL PO4 NA,CC(=O)N[C@@H]1[C@@H](O)[C@H](O)[C@@H](CO)O[C@H]1O C[n+]1ccc(Cl)cc1CNC(=O)[C@@H]1CCCN1C(=O)[C@H](N)Cc1ccccc1 OCC(O)CO O=P([O-])([O-])[O-] [Na+]
3QX8,Q9UKV8,AGO2,GTG,C[n+]1cn([C@@H]2O[C@H](COP(=O)(O)OP(=O)(O)OP(=O)(O)OC[C@H]3O[C@@H](n4cnc5c(=O)[nH]c(N)nc54)[C@H](O)[C@@H]3O)[C@@H](O)[C@H]2O)c2nc(N)[nH]c(=O)c21
3QXT,,,MTX NA,CN(Cc1cnc2nc(N)nc(N)c2n1)c1ccc(C(=O)N[C@@H](CCC(=O)O)C(=O)O)cc1 [Na+]
3QXV,,,MTX SO4,CN(Cc1cnc2nc(N)nc(N)c2n1)c1ccc(C(=O)N[C@@H](CCC(=O)O)C(=O)O)cc1 O=S(=O)([O-])[O-]
3R4N,P07900,HSP90AA1,FU5,Cc1cc(-c2c(Cl)cccc2OCCCC(F)(F)F)nc(N)n1
3R4P,P07900,HSP90AA1,FU7 PO4,CC(F)(F)CNC(=O)N1Cc2nc(N)nc(-c3c(Cl)cc(Cl)cc3OCCn3cccn3)c2C1 O=P([O-])([O-])[O-]
3R6C,P9WFX5,TRPD,PRP MG 17N GOL,O=P(O)(O)OC[C@H]1O[C@H](O[P@@](=O)(O)OP(=O)(O)O)[C@H](O)[C@@H]1O [Mg+2] COc1cccc2c1cc(C(=O)O)c1c(C(=O)O)cc3c(c12)OCO3 OCC(O)CO
3RF5,A4GRE3,,FUZ IMD ZN ACT,O=C(O)c1ccccc1NCc1ccco1 c1c[nH+]c[nH]1 [Zn+2] CC(=O)[O-]
3S43,Q7SSE3,POL,478 IOD GOL,CC(C)CN(C[C@@H](O)[C@H](Cc1ccccc1)NC(=O)O[C@H]1CCOC1)S(=O)(=O)c1ccc(N)cc1 [I-] OCC(O)CO
3SHA,P00734,F2,NAG P97 PO4 GOL NA,CC(=O)N[C@@H]1[C@@H](O)[C@H](O)[C@@H](CO)O[C@H]1O N[C@H](Cc1ccccc1)C(=O)N1CCC[C@H]1C(=O)NCc1cnccc1Cl O=P([O-])([O-])[O-] OCC(O)CO [Na+]
3SN8,P0C6U8,1A,S89,O=C(/C=C/c1ccccc1)N[C@@H](Cc1ccccc1)C(=O)N[C@H](CO)Cc1ccccc1
3SPF,Q07817,BCL2L1,B50 GOL,CN1CCN(CCCNC(=O)c2c(-c3ccccc3)c(-c3ccc(Cl)cc3)cn2CC[C@H](O)CO)CC1 OCC(O)CO
3SR4,Q8TEK3,DOT1L,TT8 GOL ACT SO4,CNc1ncnc2c1ncn2[C@@H]1O[C@H](CSCC[C@H](N)C(=O)O)[C@@H](O)[C@H]1O OCC(O)CO CC(=O)[O-] O=S(=O)([O-])[O-]
3ST5,P03367,GAG-POL,G89 CL,COc1ccc(S(=O)(=O)N(CC(C)C)C[C@@H](O)[C@H](Cc2ccccc2)NC(=O)O[C@@H]2C[C@@H]3[C@@H](O)CO[C@@H]3C2)cc1 [Cl-]
3STD,P56221,SDH1,MQ0 CA,N#Cc1nnc2ccccc2c1NCCC(c1ccccc1)c1ccccc1 [Ca+2]
3STR,Q939R9,DEFB,NI SO4 3LI GOL,[Ni+2] O=S(=O)([O-])[O-] CNC(=O)c1cccc(C)c1Nc1nc(N2CCN(c3ccccc3Cl)CC2)nc(N2CSC[C@H]2C(=O)NCC(=O)NO)n1 OCC(O)CO
3SU0,A8DG50,,TSV SO4 ZN,CC(C)(C)OC(=O)N[C@H]1CCCCC/C=C\[C@@H]2C[C@@]2(C(=O)NS(=O)(=O)C2CC2)NC(=O)[C@@H]2C[C@@H](OC(=O)n3cc4cccc(F)c4c3)CN2C1=O O=S(=O)([O-])[O-] [Zn+2]
3SU1,A8DG50,,TSV SO4 ZN,CC(C)(C)OC(=O)N[C@H]1CCCCC/C=C\[C@@H]2C[C@@]2(C(=O)NS(=O)(=O)C2CC2)NC(=O)[C@@H]2C[C@@H](OC(=O)n3cc4cccc(F)c4c3)CN2C1=O O=S(=O)([O-])[O-] [Zn+2]
3SU4,P26664,,SU3 SO4 ZN,CC[C@@H]1C[C@]1(NC(=O)[C@@H]1C[C@@H]2CN1C(=O)[C@H](C(C)(C)C)NC(=O)OCC(C)(C)CCCCc1cccc3c1CN(C3)C(=O)O2)C(=O)NS(=O)(=O)C1CC1 O=S(=O)([O-])[O-] [Zn+2]
3SU5,A8DG50,,SU3 SO4 ZN,CC[C@@H]1C[C@]1(NC(=O)[C@@H]1C[C@@H]2CN1C(=O)[C@H](C(C)(C)C)NC(=O)OCC(C)(C)CCCCc1cccc3c1CN(C3)C(=O)O2)C(=O)NS(=O)(=O)C1CC1 O=S(=O)([O-])[O-] [Zn+2]
3SU6,A8DG50,,SU3 GOL SO4 ZN,CC[C@@H]1C[C@]1(NC(=O)[C@@H]1C[C@@H]2CN1C(=O)[C@H](C(C)(C)C)NC(=O)OCC(C)(C)CCCCc1cccc3c1CN(C3)C(=O)O2)C(=O)NS(=O)(=O)C1CC1 OCC(O)CO O=S(=O)([O-])[O-] [Zn+2]
3SUE,A8DG50,,SUE ZN,C=C[C@@H]1C[C@]1(NC(=O)[C@@H]1C[C@@H]2CN1C(=O)[C@H](C(C)(C)C)NC(=O)O[C@@H]1C[C@H]1CCCCCc1nc3ccc(OC)cc3nc1O2)C(=O)NS(=O)(=O)C1CC1 [Zn+2]
3SUF,A8DG50,,SUE ZN SO4,C=C[C@@H]1C[C@]1(NC(=O)[C@@H]1C[C@@H]2CN1C(=O)[C@H](C(C)(C)C)NC(=O)O[C@@H]1C[C@H]1CCCCCc1nc3ccc(OC)cc3nc1O2)C(=O)NS(=O)(=O)C1CC1 [Zn+2] O=S(=O)([O-])[O-]
3SUG,A8DG50,,SUE SO4 ZN,C=C[C@@H]1C[C@]1(NC(=O)[C@@H]1C[C@@H]2CN1C(=O)[C@H](C(C)(C)C)NC(=O)O[C@@H]1C[C@H]1CCCCCc1nc3ccc(OC)cc3nc1O2)C(=O)NS(=O)(=O)C1CC1 O=S(=O)([O-])[O-] [Zn+2]
3SUR,D2KW09,HEX1T,SO4 NGT,O=S(=O)([O-])[O-] CC1=N[C@@H]2[C@@H](O)[C@H](O)[C@@H](CO)O[C@@H]2S1
3SUS,D2KW09,HEX1T,SO4 GNL,O=S(=O)([O-])[O-] CC1=N[C@@H]2[C@@H](O)[C@@H](O)[C@@H](CO)O[C@@H]2S1
3SUT,D2KW09,HEX1T,SO4 OAN,O=S(=O)([O-])[O-] CC(=O)N[C@H]1/C(=N\OC(=O)Nc2ccccc2)O[C@H](CO)[C@@H](O)[C@@H]1O
3SUU,D2KW09,HEX1T,SO4 OGN,O=S(=O)([O-])[O-] CC(=O)N[C@H]1/C(=N\OC(=O)Nc2ccccc2)O[C@H](CO)[C@H](O)[C@@H]1O
3SUW,D2KW09,HEX1T,SO4 GC2,O=S(=O)([O-])[O-] CC(=O)N[C@H]1CN2CC[C@H](O)[C@@H]2[C@@H](O)[C@@H]1O
3SV2,P00734,F2,NAG P05 PO4 GOL NA,CC(=O)N[C@@H]1[C@@H](O)[C@H](O)[C@@H](CO)O[C@H]1O N[C@H](Cc1ccccc1)C(=O)N1CCC[C@H]1C(=O)NCc1ccncc1 O=P([O-])([O-])[O-] OCC(O)CO [Na+]
3SV9,A8DG50,,ZN SO4 GOL SV6,[Zn+2] O=S(=O)([O-])[O-] OCC(O)CO CCC[C@H](NC(=O)[C@@H]1[C@H]2CCC[C@H]2CN1C(=O)[C@@H](NC(=O)[C@@H](NC(=O)c1cnccn1)C1CCCCC1)C(C)(C)C)[C@@H](O)C(=O)NC1CC1
3SW8,Q939R9,DEFB,5LI SO4 NI,O=CN(O)CCNC(=O)c1cccc(Cl)c1Cl O=S(=O)([O-])[O-] [Ni+2]
3SWW,P27487,DPP4,NAG KXB,CC(=O)N[C@@H]1[C@@H](O)[C@H](O)[C@@H](CO)O[C@H]1O COCCN1Cc2c(nc(C)c(CN)c2-c2ccc(Cl)cc2Cl)C1=O
3SXF,Q9BJF5,CDPK1,EDO DMS BK5,OCCO CS(C)=O CCOc1ccc2cc(-c3nn(C(C)C)c4ncnc(N)c34)ccc2c1
3T01,Q92UV8,PHNA,PPF ZN,O=C(O)P(=O)(O)O [Zn+2]
3T09,P00722,LACZ,149 MG NA DMS,O=C1O[C@H](CO)[C@H](O)[C@H](O)[C@H]1O [Mg+2] [Na+] CS(C)=O
3T0B,P00722,LACZ,MG NA IPT DMS,[Mg+2] [Na+] CC(C)S[C@@H]1O[C@H](CO)[C@H](O)[C@H](O)[C@H]1O CS(C)=O
3T0D,P00722,LACZ,149 MG NA DMS,O=C1O[C@H](CO)[C@H](O)[C@H](O)[C@H]1O [Mg+2] [Na+] CS(C)=O
3T0X,,,DIW EDO SO4,CN1/C(=C\C=C\c2cc[n+](CCCS(=O)(=O)O)c3ccccc23)C(C)(C)c2ccccc21 OCCO O=S(=O)([O-])[O-]
3T1L,P17931,LGALS3,CL MQT,[Cl-] CO[C@@H]1O[C@H](CO)[C@H](O)[C@H](OC(=O)c2ccc(C)cc2)[C@@H]1OC(C)=O
3T1M,P17931,LGALS3,DQT CL,CO[C@@H]1O[C@H](CO)[C@H](O)[C@H](NC(=O)c2ccc(C)cc2)[C@@H]1OC(=O)c1ccc(C)cc1 [Cl-]
3T2W,Q12QS6,SDEN_0912,BTN,O=C(O)CCCC[C@@H]1SC[C@@H]2NC(=O)N[C@@H]21
3T3E,P00489,PYGM,GPQ,O=c1[nH]c(=O)n([C@@H]2O[C@H](CO)[C@@H](O)[C@H](O)[C@H]2O)cc1Cl
3T3G,P00489,PYGM,GPU,O=c1[nH]c(=O)n([C@@H]2O[C@H](CO)[C@@H](O)[C@H](O)[C@H]2O)cc1Br
3T3U,Q9BJF5,CDPK1,EDO DMS BK6,OCCO CS(C)=O COc1ccc2cc(-c3nn(CC4CCNCC4)c4ncnc(N)c34)ccc2c1
3TAY,P0C6Y8,,MN0 SO4 MPD EPE BEN NA,CO[C@]1(C(=O)O)C[C@H](O)[C@@H](NC(=O)CO)[C@H]([C@H](O)[C@H](O)CO)O1 O=S(=O)([O-])[O-] C[C@H](O)CC(C)(C)O O=S(=O)(O)CCN1CCN(CCO)CC1 N=C(N)c1ccccc1 [Na+]
3TFU,P9WQ81,BIOA,PL8 DMS,Cc1ncc(COP(=O)(O)O)c(CNc2ccc(CCCO)[nH]c2=O)c1O CS(C)=O
3U0D,P80188,LCN2,FE DBH CL,[Fe+3] O=C(O)c1cccc(O)c1O [Cl-]
3U15,O15151,MDM4,03M SO4,Cc1c(Cl)ccc2c(/C=C3\NC(=O)N(Cc4ccc(F)c(F)c4)C3=O)c[nH]c12 O=S(=O)([O-])[O-]
3UG2,P00533,EGFR,IRE MES,COc1cc2ncnc(Nc3ccc(F)c(Cl)c3)c2cc1OCCCN1CCOCC1 O=S(=O)([O-])CC[NH+]1CCOCC1
3UQG,P00523,SRC,B5A,Nc1ncnc2c1cnn2CC1CCNCC1
3UZC,P29274,ADORA2A,T4E,Nc1nnc(-c2ccc(O)c(Cl)c2)c(-c2ccccc2)n1
3V3Q,P22736,NR4A1,TMY GOL NA,CCCCCCCC(=O)c1cc(OC)c(OC)c(OC)c1CC(=O)OCC OCC(O)CO [Na+]
3VHA,P07900,HSP90AA1,MES VHA,O=S(=O)([O-])CC[NH+]1CCOCC1 Cc1ccc2cc1-c1cc(nc(N)n1)Sc1cccc(c1)OCCCCO2
3VVY,A0A0F6AY66,STM14_0676,ET,CC[n+]1c(-c2ccccc2)c2cc(N)ccc2c2ccc(N)cc21
3WHA,P07900,HSP90AA1,MG WHA GOL,[Mg+2] NC(=O)CCCSc1nc(N)nc(-c2c(Cl)cc3c4c(cccc24)COC3)n1 OCC(O)CO
3WJW,O26232,PYRF,U6M,Cc1cc(=O)[nH]c(=O)n1[C@@H]1O[C@H](COP(=O)(O)O)[C@@H](O)[C@H]1O
3WMC,Q06GJ0,,NAG NF6,CC(=O)N[C@@H]1[C@@H](O)[C@H](O)[C@@H](CO)O[C@H]1O Cc1nnc(CNCCN2C(=O)c3cccc4c(N(C)C)ccc(c34)C2=O)s1
3WQ5,Q7X9A9,,NAG VPA,CC(=O)N[C@@H]1[C@@H](O)[C@H](O)[C@@H](CO)O[C@H]1O N=C(Cc1ccccc1)N[C@@H]1O[C@H](CO[C@@H]2OC[C@@H](O)[C@H](O)[C@H]2O)[C@@H](O)[C@H](O)[C@H]1O
3WTL,P58154,,N1Y,O=[N+]([O-])/C=C1/NCCN1Cc1ccc(Cl)nc1
3WTM,P58154,,N1Y,O=[N+]([O-])/C=C1/NCCN1Cc1ccc(Cl)nc1
3WTN,P58154,,N2Y CD NA,N=C1NCCN1Cc1ccc(Cl)nc1 [Cd+2] [Na+]
3WTO,P58154,,N2Y,N=C1NCCN1Cc1ccc(Cl)nc1
3WVM,P05413,FABP3,STE P6G,CCCCCCCCCCCCCCCCCC(=O)O OCCOCCOCCOCCOCCOCCO
3WZ6,P11838,EAPA,ACT PG4 PG6 PEG IXZ,CC(=O)[O-] OCCOCCOCCOCCO COCCOCCOCCOCCOCCOC OCCOCCO O=C(CNCc1ccccc1)Nc1scc(-c2ccccc2)c1C(=O)NCc1ccccc1
3WZ7,P11838,EAPA,IXY DMS,O=C(CNCCc1c[nH]c2ccccc12)Nc1sc2c(c1C(=O)NCc1ccccc1)CCCC2 CS(C)=O
3WZN,P22629,,BTN SO4,O=C(O)CCCC[C@@H]1SC[C@@H]2NC(=O)N[C@@H]21 O=S(=O)([O-])[O-]
3X00,P22629,,ZOF EDN,N=C1N[C@H]2[C@H](CS[C@H]2CCCCC(=O)NCCCCCC(=O)O)N1 NCCN
3ZBX,P08581,MET,6XE,Fc1ccc(-c2cnc3nnc(Cc4ccc5ncccc5c4)n3n2)cc1
3ZC5,P08581,MET,W9Z,C[C@@H](c1ccc2ncccc2c1)c1nnc2ccc(-c3cnn(C)c3)nn12
3ZCL,P08581,MET,5TF,CC(C)Nc1ccc2nnc([C@@H](C)c3c[nH]c4ncccc34)n2n1
3ZDH,P58154,,XRS SO4 NAG,C[C@H](CCOc1nccn1C)N(C)C O=S(=O)([O-])[O-] CC(=O)N[C@@H]1[C@@H](O)[C@H](O)[C@@H](CO)O[C@H]1O
3ZDV,Q9HYN5,LECB,CA MMA F1A GOL EDO SO4,[Ca+2] CO[C@H]1O[C@H](CO)[C@@H](O)[C@H](O)[C@@H]1O Cc1cc(C)c(S(N)(=O)=O)c(C)c1 OCC(O)CO OCCO O=S(=O)([O-])[O-]
3ZHX,P9WNS1,DXR,FM6 MN,O=C(c1ccccc1)N(O)CC[C@@H](c1ccc(Cl)c(Cl)c1)P(=O)(O)O [Mn+2]
3ZI0,P9WNS1,DXR,FM8 MN,O=C(c1ccccc1Cn1cncn1)N(O)CC[C@@H](c1ccc(Cl)c(Cl)c1)P(=O)(O)O [Mn+2]
3ZI8,D8NA05,,FUL MRD MG,C[C@@H]1O[C@H](O)[C@@H](O)[C@H](O)[C@@H]1O C[C@@H](O)CC(C)(C)O [Mg+2]
3ZJ6,Q9SPP9,RG,VM2 SO4,OC[C@@H]1[C@@H](O)[C@H](O)[C@@H](O)[C@@H]1NCC1CCCCC1 O=S(=O)([O-])[O-]
3ZK6,Q07817,BCL2L1,H1I,C/C(=N\Nc1nc2ccccc2s1)c1ccc(-c2cccc(S(=O)(=O)NC(=O)CCCCCc3ccccc3)c2)o1
3ZT1,P12497,GAG-POL,EDO ACT OM1 SO4,OCCO CC(=O)[O-] COc1ccc(CNC(=O)c2ccccc2C[NH2+]Cc2ccc3c(c2C(=O)O)OCO3)cc1 O=S(=O)([O-])[O-]
3ZSZ,P12497,GAG-POL,SO4 ACT OM2 CL,O=S(=O)([O-])[O-] CC(=O)[O-] CC[C@H](C)NC(=O)c1ccccc1C[NH+](C)Cc1ccc2c(c1C(=O)O)OCO2 [Cl-]
3ZSY,P12497,GAG-POL,SO4 OM3 ACT,O=S(=O)([O-])[O-] C[NH+](Cc1ccccc1C(=O)NCC1CCCCC1)Cc1ccc2c(c1C(=O)O)OCO2 CC(=O)[O-]
3ZSW,P12497,GAG-POL,THR SO4 GOL ZSW ACY CL,C[C@@H](O)[C@H](N)C(=O)O O=S(=O)([O-])[O-] OCC(O)CO C=CC[NH+](Cc1ccccc1C(=O)N[C@H](C)CC)Cc1ccc2c(c1C(=O)O)OC[C@H](CCC(=O)O)O2 CC(=O)O [Cl-]
3ZSQ,P12497,GAG-POL,SO4 ACY O4N GOL,O=S(=O)([O-])[O-] CC(=O)O C=CCN(Cc1ccccc1C(=O)N[C@@H](CCC)c1ccc(OC)cc1)Cc1ccc2c(c1C(=O)O)OCO2 OCC(O)CO
3ZRC,Q15370,ELOB,L8B,Cc1cc(CC(=O)N2C[C@H](O)C[C@H]2C(=O)NCc2ccc(-c3cnco3)cc2)on1
3ZQE,P41784,SCTF1,GOL DXC,OCC(O)CO C[C@H](CCC(=O)O)[C@H]1CC[C@H]2[C@@H]3CC[C@@H]4C[C@H](O)CC[C@]4(C)[C@H]3C[C@H](O)[C@]12C
3ZQ9,Q1A2D0,CEL44C,NOY BGC CA CL SO4 EDO,OC[C@H]1CN[C@H](O)[C@@H](O)[C@@H]1O OC[C@H]1O[C@@H](O)[C@H](O)[C@@H](O)[C@@H]1O [Ca+2] [Cl-] O=S(=O)([O-])[O-] OCCO
3ZPU,P03366,GAG-POL,M8B CL,COC(=O)N[C@H](C(=O)NN(CCC[C@@]1(O)Cc2ccc(cc2)C/C=C\CNC(=O)[C@H](C(C)(C)C)NC1=O)Cc1ccc(Br)cc1)C(C)(C)C [Cl-]
3ZPS,P03366,GAG-POL,EQM CL,C=CCNC(=O)[C@@H](NC(=O)[C@@](O)(CCCN(Cc1ccc(Br)cc1)NC(=O)[C@@H](NC(=O)OC)C(C)(C)C)Cc1ccccc1)C(C)(C)C [Cl-]
3ZNS,Q8WUI4,HDAC7,NU7 K ZN,CN1CCC(CNC(=O)c2cccc(-c3noc(C(F)(F)F)n3)c2)(c2nc(-c3ccccc3)cs2)CC1 [K+] [Zn+2]
3ZNR,Q8WUI4,HDAC7,NU9 K ZN,O=C(NCC1(c2nc(-c3ccccc3)cs2)CCOCC1)c1cccc(-c2noc(C(F)(F)F)n2)c1 [K+] [Zn+2]
3ZM9,P35790,CHKA,QMQ,CN(C)c1cc[n+](Cc2ccc(CCCCc3ccc(Cn4cnc5c(N)ncnc54)cc3)cc2)cc1
3ZLR,Q07817,BCL2L1,SO4 EDO X0B,O=S(=O)([O-])[O-] OCCO NCc1ccc(OCCCc2sc(-c3ccc4c(c3)/C(=N/Nc3nc5ccccc5s3)CCC4)nc2C(=O)O)cc1
3ZLN,Q07817,BCL2L1,H0Y SO4 EDO,O=C(O)c1cccc(-c2ccc3c(c2)/C(=N/Nc2nc4ccccc4s2)CCC3)n1 O=S(=O)([O-])[O-] OCCO
3ZLL,Q9HU22,RMLA,CL GOL MES 4WF,[Cl-] OCC(O)CO O=S(=O)([O-])CC[NH+]1CCOCC1 Nc1c(O)n(Cc2ccccc2)c(=O)[nH]c1=O
3WQM,P9WJ61,RV3378C,B29 MG PO4,O=P(O)(O)C(O)(Cc1cccc(-c2cccc3c2oc2ccccc23)c1)P(=O)(O)O [Mg+2] O=P([O-])([O-])[O-]
3WQ6,Q7X9A9,,NAG ZPA,CC(=O)N[C@@H]1[C@@H](O)[C@H](O)[C@@H](CO)O[C@H]1O N=C(CCCS[C@@H]1CC(=O)N(Cc2ccccc2)C1=O)N[C@@H]1O[C@H](CO[C@@H]2OC[C@@H](O)[C@H](O)[C@H]2O)[C@@H](O)[C@H](O)[C@H]1O
3WGG,D5KM69,REX,8NA SO4,NC(=O)c1ccc[n+]([C@H]2O[C@H](COP(=O)([O-])OP(=O)(O)OC[C@H]3O[C@@H](n4cnc5c(N)ncnc54)[C@H](O)[C@@H]3O)[C@@H](O)[C@H]2O)c1 O=S(=O)([O-])[O-]
3WB5,P56817,BACE1,0B4 DMS GOL IOD,CN1C(=O)C[C@@](C)([C@@H]2C[C@H]2c2ccccc2)N=C1N CS(C)=O OCC(O)CO [I-]
3WB4,P56817,BACE1,0B3 IOD GOL,CN1C(=O)C[C@@](C)(CCc2ccccc2)N=C1N [I-] OCC(O)CO
3W9R,Q84MC7,PYL9,A8S P6G,CC1=CC(=O)CC(C)(C)[C@@]1(O)/C=C/C(C)=C\C(=O)O OCCOCCOCCOCCOCCOCCO
3W9K,Q973T5,ST0812,MYR,CCCCCCCCCCCCCC(=O)O
3W5N,Q82PP4,SAV_828,NA MPD RAM CA,[Na+] C[C@H](O)CC(C)(C)O C[C@@H]1O[C@@H](O)[C@H](O)[C@H](O)[C@H]1O [Ca+2]
3W37,L0N7E5,AGL,ACY GOL SO4 NAG,CC(=O)O OCC(O)CO O=S(=O)([O-])[O-] CC(=O)N[C@@H]1[C@@H](O)[C@H](O)[C@@H](CO)O[C@H]1O
3W07,O26232,PYRF,U5P GOL,O=c1ccn([C@@H]2O[C@H](COP(=O)(O)O)[C@@H](O)[C@H]2O)c(=O)[nH]1 OCC(O)CO
3VX3,Q5JIH4,TK2007,EDO ADP,OCCO Nc1ncnc2c1ncn2[C@@H]1O[C@H](CO[P@](=O)(O)OP(=O)(O)O)[C@@H](O)[C@H]1O
3VW2,A0A0F6AY66,STM14_0676,SO4 BER,O=S(=O)([O-])[O-] COc1ccc2cc3[n+](cc2c1OC)CCc1cc2c(cc1-3)OCO2
3VW1,A0A0F6AY66,STM14_0676,SO4 CL CVI,O=S(=O)([O-])[O-] [Cl-] CN(C)c1ccc(C(=C2C=CC(=[N+](C)C)C=C2)c2ccc(N(C)C)cc2)cc1
3VW0,A0A0F6AY66,STM14_0676,SO4 DEQ,O=S(=O)([O-])[O-] Cc1cc(N)c2ccccc2[n+]1CCCCCCCCCC[n+]1c(C)cc(N)c2ccccc21
3VVZ,A0A0F6AY66,STM14_0676,RHQ SO4,CCNc1cc2oc3cc(=[NH+]CC)c(C)cc-3c(-c3ccccc3C(=O)OCC)c2cc1C O=S(=O)([O-])[O-]
3VTR,Q06GJ0,,NAG,CC(=O)N[C@@H]1[C@@H](O)[C@H](O)[C@@H](CO)O[C@H]1O
3VJE,A9JQL9,CRTM,ZGA,C=C(CC[C@]12O[C@H](C(=O)O)[C@@](O)(C(=O)O)[C@](C(=O)O)(O1)[C@H](OC(=O)/C=C/[C@@H](C)C[C@@H](C)CC)[C@H]2O)[C@@H](OC(C)=O)[C@H](C)Cc1ccccc1
3VJC,P37268,FDFT1,ZGA PO4 MG,C=C(CC[C@]12O[C@H](C(=O)O)[C@@](O)(C(=O)O)[C@](C(=O)O)(O1)[C@H](OC(=O)/C=C/[C@@H](C)C[C@@H](C)CC)[C@H]2O)[C@@H](OC(C)=O)[C@H](C)Cc1ccccc1 O=P([O-])([O-])[O-] [Mg+2]
3VHK,P35968,KDR,BPK EDO,Cc1oc(-c2ccccc2)nc1COc1cccc(CO)c1 OCCO
3VHD,P07900,HSP90AA1,VHE,Cc1cc(C)c2cc1C(=O)NCCCNC(=O)CCSc1cc-2nc(N)n1
3VHC,P07900,HSP90AA1,VHC MG,Cc1cc(C)c2cc1C(=O)NCCCOc1cccc(c1)Sc1cc-2nc(N)n1 [Mg+2]
3VFB,P03367,GAG-POL,031 CL GOL NA,COc1ccc(S(=O)(=O)N(C[C@H]2CCC(=O)N2)C[C@@H](O)[C@H](Cc2ccccc2)NC(=O)O[C@@H]2C[C@@H]3CCO[C@@H]3C2)cc1 [Cl-] OCC(O)CO [Na+]
3VFA,P0C6F2,GAG-POL,CL NA 031,[Cl-] [Na+] COc1ccc(S(=O)(=O)N(C[C@H]2CCC(=O)N2)C[C@@H](O)[C@H](Cc2ccccc2)NC(=O)O[C@@H]2C[C@@H]3CCO[C@@H]3C2)cc1
3VF7,P03367,GAG-POL,031 NA CL GOL,COc1ccc(S(=O)(=O)N(C[C@H]2CCC(=O)N2)C[C@@H](O)[C@H](Cc2ccccc2)NC(=O)O[C@@H]2C[C@@H]3CCO[C@@H]3C2)cc1 [Na+] [Cl-] OCC(O)CO
3VF5,P03367,GAG-POL,NA CL ACT 031 GOL,[Na+] [Cl-] CC(=O)[O-] COc1ccc(S(=O)(=O)N(C[C@H]2CCC(=O)N2)C[C@@H](O)[C@H](Cc2ccccc2)NC(=O)O[C@@H]2C[C@@H]3CCO[C@@H]3C2)cc1 OCC(O)CO
3VEH,P9WFX1,MBTI,0GA SCN GOL K PEG,C/C=C(\Oc1cccc(C(=O)O)c1O)C(=O)O N#C[S-] OCC(O)CO [K+] OCCOCCO
3VDB,P00722,LACZ,149 MG NA DMS,O=C1O[C@H](CO)[C@H](O)[C@H](O)[C@H]1O [Mg+2] [Na+] CS(C)=O
3VD9,P00722,LACZ,MG NA IPT DMS,[Mg+2] [Na+] CC(C)S[C@@H]1O[C@H](CO)[C@H](O)[C@H](O)[C@H]1O CS(C)=O
3VBD,P00918,CA2,ZN 0FZ MBO GOL,[Zn+2] COc1ccc2c(c1)CCN=C2c1ccc(S(N)(=O)=O)cc1 O=C(O)c1ccc([Hg])cc1 OCC(O)CO
3V7X,P00918,CA2,ZN D7A GOL MBO,[Zn+2] COc1ccc(CCNC(=O)c2ccc(S(N)(=O)=O)cc2)cc1OC OCC(O)CO O=C(O)c1ccc([Hg])cc1
3V7T,P20231,TPSB2,0GX CO3,CCCOc1sc(C(=O)N2[C@@H]3CC[C@H]2CC(c2cc(CN)ccc2F)C3)c(C)c1Br O=C([O-])[O-]
3V7C,C8N5A9,,C77,CC1(C)O[C@@H]2[C@H](O1)[C@@H](Cn1cc(CCCCC[C@@H]3SC[C@@H]4NC(=O)N[C@@H]43)nn1)O[C@H]2n1cnc2c(N)ncnc21
3V78,P95092,MT3151,ET,CC[n+]1c(-c2ccccc2)c2cc(N)ccc2c2ccc(N)cc21
3V5T,Q9BJF5,CDPK1,UW9,CCOc1ccc2cc(-c3nn(C[C@H](C(C)C)N(C)C)c4ncnc(N)c34)ccc2c1
3V5P,Q9BJF5,CDPK1,C88,COc1ccc(-c2nn(CC3CCNCC3)c3ncnc(N)c23)cc1C
3V51,Q9BJF5,CDPK1,I76,CC(C)n1nc(-c2ccc3cc(OCc4cccc(Cl)c4)ccc3c2)c2c(N)ncnc21
3V4T,P33038,MURA,EDO ACT UD1,OCCO CC(=O)[O-] CC(=O)N[C@H]1[C@@H](O[P@@](=O)(O)O[P@@](=O)(O)OC[C@H]2O[C@@H](n3ccc(=O)[nH]c3=O)[C@H](O)[C@@H]2O)O[C@H](CO)[C@@H](O)[C@@H]1O
3V3L,Q9NTX7,RNF146,V3L,Nc1ncnc2c1ncn2[C@@H]1O[C@H](COP(=O)(O)O)[C@@H](O)[C@H]1O[C@H]1O[C@H](COP(=O)(O)O)[C@@H](O)[C@H]1O
3V2Q,Q9R0G6,COMP,PLM,CCCCCCCCCCCCCCCC(=O)O
3V2P,Q9R0G6,COMP,STE,CCCCCCCCCCCCCCCCCC(=O)O
3V2N,Q9R0G6,COMP,MYR,CCCCCCCCCCCCCC(=O)O
3UZJ,,,PO4 0CT,O=P([O-])([O-])[O-] c1ccc2[nH]nnc2c1
3UZ5,,,0CU PO4 NA,Clc1cc(Cl)c2[nH]nnc2c1 O=P([O-])([O-])[O-] [Na+]
3UXL,P11444,MDLA,CFI MG,O=NN(O)c1ccccc1 [Mg+2]
3UXK,P11444,MDLA,BHO MG,O=C(NO)c1ccccc1 [Mg+2]
3UXD,,,0CU PO4,Clc1cc(Cl)c2[nH]nnc2c1 O=P([O-])([O-])[O-]
3UWL,Q834R3,THYA,SO4 FFO EDO,O=S(=O)([O-])[O-] Nc1nc2c(c(=O)[nH]1)N(C=O)[C@@H](CNc1ccc(C(=O)N[C@@H](CCC(=O)O)C(=O)O)cc1)CN2 OCCO
3UUG,P25548,CHVE,BDP,O=C(O)[C@H]1O[C@@H](O)[C@H](O)[C@@H](O)[C@@H]1O
3UU1,P9WFX5,TRPD,PRP MG 14B,O=P(O)(O)OC[C@H]1O[C@H](O[P@@](=O)(O)OP(=O)(O)O)[C@H](O)[C@@H]1O [Mg+2] Cc1cc(C)c(N)c(C(=O)O)c1
3USX,Q9GK12,PGLYRP1,MYR GOL,CCCCCCCCCCCCCC(=O)O OCC(O)CO
3UQF,P00523,SRC,BK5,CCOc1ccc2cc(-c3nn(C(C)C)c4ncnc(N)c34)ccc2c1
3UPZ,Q9BJF5,CDPK1,B5A,Nc1ncnc2c1cnn2CC1CCNCC1
3UPK,P33038,MURA,EDO UD1 PGE,OCCO CC(=O)N[C@H]1[C@@H](O[P@@](=O)(O)O[P@@](=O)(O)OC[C@H]2O[C@@H](n3ccc(=O)[nH]c3=O)[C@H](O)[C@@H]2O)O[C@H](CO)[C@@H](O)[C@@H]1O OCCOCCOCCO
3UOD,O14965,AURKA,0C3 EDO PEG,O=C(O)c1ccc(Nc2nccc(Nc3ccccc3C(F)(F)F)n2)cc1 OCCO OCCOCCO
3UMQ,Q9GK12,PGLYRP1,GOL BUA,OCC(O)CO CCCC(=O)O
3UMO,P06999,PFKB,MG ATP K,[Mg+2] Nc1ncnc2c1ncn2[C@@H]1O[C@H](CO[P@@](=O)(O)O[P@](=O)(O)OP(=O)(O)O)[C@@H](O)[C@H]1O [K+]
3UJD,Q8IDQ9,PMT,PC,C[N+](C)(C)CCOP(=O)(O)O
3UJC,Q8IDQ9,PMT,PC,C[N+](C)(C)CCOP(=O)(O)O
3UJB,Q8IDQ9,PMT,OPE SAH,NCCOP(=O)(O)O Nc1ncnc2c1ncn2[C@@H]1O[C@H](CSCC[C@H](N)C(=O)O)[C@@H](O)[C@H]1O
3UJ9,Q8IDQ9,PMT,PC,C[N+](C)(C)CCOP(=O)(O)O
3UIL,Q9GK12,PGLYRP1,GOL DAO,OCC(O)CO CCCCCCCCCCCC(=O)O
3UF9,Q97VT7,PHP,FE2 CO FST GOL,[Fe+2] [Co+2] CCOP(=S)(OCC)Oc1ccc([S@@](C)=O)cc1 OCC(O)CO
3UDV,P26281,FOLK,J1C ACT,CC1(C)Nc2nc(N)[nH]c(=O)c2N=C1C(=O)NCCN1CCC(SC[C@H]2O[C@@H](n3cnc4c(N)ncnc43)[C@H](O)[C@@H]2O)CC1 CC(=O)[O-]
3UDD,O95271,TNKS,ZN 34M SO4 GOL,[Zn+2] COc1ccc(-c2noc(CSc3nnc(C)n3-c3ccc(OC)cc3)n2)cc1 O=S(=O)([O-])[O-] OCC(O)CO
3UDA,P05230,FGF1,PO4,O=P([O-])([O-])[O-]
3UD9,P05230,FGF1,PO4,O=P([O-])([O-])[O-]
3UD8,P05230,FGF1,PO4,O=P([O-])([O-])[O-]
3UD7,P05230,FGF1,PO4,O=P([O-])([O-])[O-]
3UD5,P26281,FOLK,EDO J1A,OCCO Nc1nc2ncc(CNCCN3CCC(SC[C@H]4O[C@@H](n5cnc6c(N)ncnc65)[C@H](O)[C@@H]4O)CC3)nc2c(=O)[nH]1
3UCJ,Q96554,,ZN AZM PO4 GOL CL,[Zn+2] CC(=O)Nc1nnc(S(N)(=O)=O)s1 O=P([O-])([O-])[O-] OCC(O)CO [Cl-]
3UBD,P18654,RPS6KA3,SL0,CC(=O)O[C@@H]1[C@@H](OC(C)=O)[C@@H](O)[C@H](Oc2c(-c3ccc(O)cc3)oc3cc(O)cc(O)c3c2=O)O[C@H]1C
3U93,P42264,GRIK3,CL ZN GLU,[Cl-] [Zn+2] N[C@@H](CCC(=O)O)C(=O)O
3U92,P42264,GRIK3,KAI ZN CL,C=C(C)[C@H]1CN[C@H](C(=O)O)[C@H]1CC(=O)O [Zn+2] [Cl-]
3U90,P02791,FTL,SDS CD,CCCCCCCCCCCCOS(=O)(=O)O [Cd+2]
3U8L,P58154,,SO4 09Q,O=S(=O)([O-])[O-] c1ccc(-c2cncc(N3CCCNCC3)c2)cc1
3U8J,P58154,,NAG SO4 09O,CC(=O)N[C@@H]1[C@@H](O)[C@H](O)[C@@H](CO)O[C@H]1O O=S(=O)([O-])[O-] c1cncc(N2CCCNCC2)c1
3U81,P22734,COMT,SAH K,Nc1ncnc2c1ncn2[C@@H]1O[C@H](CSCC[C@H](N)C(=O)O)[C@@H](O)[C@H]1O [K+]
3U7S,P03367,GAG-POL,BME 017,OCCS CC(C)CN(C[C@@H](O)[C@H](Cc1ccccc1)NC(=O)O[C@H]1CO[C@H]2OCC[C@H]21)S(=O)(=O)c1ccc(N)cc1
3U7N,Q5HGZ3,DEF,UHF ZN,CCCC[C@H](CN(O)C=O)C(=O)[C@@H](NC(=O)Nc1ccc(C)cn1)C(C)C [Zn+2]
3U7M,Q5HGZ3,DEF,FHF ZN,CCCC[C@H](CN(O)C=O)C(=O)[C@@H](NC(=O)Nc1ccccc1F)C(C)C [Zn+2]
3U7L,Q5HGZ3,DEF,UDB ZN,CC(C)(C)[C@H](NC(=O)Nc1cc(F)cc(F)c1)C(=O)N(CC(=O)NO)CC1CCCC1 [Zn+2]
3U7K,Q5HGZ3,DEF,ZN MDB,[Zn+2] COc1ccccc1NC(=O)N[C@H](C(=O)N(CC(=O)NO)CC1CCCC1)C(C)(C)C
3U6I,P08581,MET,044,COc1ccc2c(Oc3ccc(NC(=O)c4c(C)n(C[C@@H](C)O)n(-c5ccccc5)c4=O)cc3F)ccnc2c1
3U6H,P08581,MET,03X,COc1cc2nccc(Oc3ccc(NC(=O)c4c(C)n(C)n(-c5ccccc5)c4=O)cc3F)c2cc1OC
3U5L,O60885,BRD4,08K EDO,Cc1nnc2n1-c1ccc(Cl)cc1C(c1ccccc1)=NN2C OCCO
3U3U,F8QQG5,,PR CIT EAH,[Pr+3] O=C(O)CC(O)(CC(=O)O)C(=O)O CCCCC/C=C\C/C=C\C=C\C=C\C[C@@H](O)CCCC(=O)O
3U10,Q9UL51,HCN2,CMP,Nc1ncnc2c1ncn2[C@@H]1O[C@@H]2CO[P@@](=O)(O)O[C@H]2[C@H]1O
3TZM,P36897,TGFBR1,085,NC(=O)c1ccc(-c2nc(-c3ccccn3)c(-c3ccc4c(c3)OCO4)[nH]2)cc1
3TZA,P19491,GRIA2,SO4 TZG,O=S(=O)([O-])[O-] N[C@@H](Cc1cc(Cl)c([N+](=O)[O-])cc1CCC(=O)O)C(=O)O
3TZ0,Q00972,BCKDK,03H,CC(C)C[C@H](Cl)C(=O)O
3TVW,Q00955,ACC1,07H,O=C(c1cccc(-c2ccn[nH]2)c1)N1CCN(CC2=Cc3ccccc3OC2)CC1
3TVC,P45452,MMP13,ZN CA E3P PEG,[Zn+2] [Ca+2] NC(=O)[C@H](CCC(=O)O)NC(=O)CCc1ccc(-c2ccc(-c3ccccc3)cc2)cc1 OCCOCCO
3TV5,Q00955,ACC1,RCP,O=C(c1c2ccccc2cc2ccccc12)N1CCC(N2CCC[C@@H](C(=O)N3CCOCC3)C2)CC1
3TU7,P00734,F2,0BM,CS(=O)(=O)N[C@H](Cc1ccccc1)C(=O)N1CCC[C@H]1C(=O)NCC1CCN(C(=N)N)CC1
3TTP,P03367,GAG-POL,017 CL BME,CC(C)CN(C[C@@H](O)[C@H](Cc1ccccc1)NC(=O)O[C@H]1CO[C@H]2OCC[C@H]21)S(=O)(=O)c1ccc(N)cc1 [Cl-] OCCS
3TTN,Q9I6J0,SPUE,SPD,NCCCCNCCCN
3TTM,Q9I6J1,SPUD,PUT,NCCCCN
3TT4,P22894,MMP8,ZN CA E1S MES,[Zn+2] [Ca+2] Cc1ccc(-c2ccc(CCC(=O)N[C@@H](CCC(=O)O)C(N)=O)cc2)s1 O=S(=O)([O-])CC[NH+]1CCOCC1
3TS4,P39900,MMP12,ZN CA EEG IMD GOL,[Zn+2] [Ca+2] NC(=O)[C@H](CCC(=O)O)NC(=O)[C@H](CCC(=O)O)NC(=O)CCc1ccc(-c2cc(-c3ccccc3)cs2)cc1 c1c[nH+]c[nH]1 OCC(O)CO
3TNE,P32951,SAPP1,RIT,CC(C)c1nc(CN(C)C(=O)N[C@H](C(=O)N[C@@H](Cc2ccccc2)C[C@H](O)[C@H](Cc2ccccc2)NC(=O)OCc2cncs2)C(C)C)cs1
3TKW,P03366,GAG-POL,CL NA 017 GOL,[Cl-] [Na+] CC(C)CN(C[C@@H](O)[C@H](Cc1ccccc1)NC(=O)O[C@H]1CO[C@H]2OCC[C@H]21)S(=O)(=O)c1ccc(N)cc1 OCC(O)CO
3TK2,P30967,PHHA,PHE CO,N[C@@H](Cc1ccccc1)C(=O)O [Co+2]
3TIF,Q58206,MJ0796,ADP PI IPA NA,Nc1ncnc2c1ncn2[C@@H]1O[C@H](CO[P@](=O)(O)OP(=O)(O)O)[C@@H](O)[C@H]1O O=P([O-])([O-])O CC(C)O [Na+]
3TH9,P0C6F2,GAG-POL,9Y9,C[C@H]1Cc2cc(F)ccc2S(=O)(=O)N(C[C@@H](O)[C@H](Cc2ccccc2)NC(=O)OC(C)(C)C)C1
3TFP,A9JQL9,CRTM,MG 03L,[Mg+2] O=C(O)c1ccccc1C(=O)NCc1c(Cl)cccc1Sc1ccc(Cl)cc1Cl
3TFN,A9JQL9,CRTM,2CJ MG,O=C(O)CC1(CC(=O)N2CCN(C(c3ccccc3)c3ccccc3)CC2)CCCC1 [Mg+2]
3TF6,P80188,LCN2,GOL EU DBH SO4 CL,OCC(O)CO [Eu+2] O=C(O)c1cccc(O)c1O O=S(=O)([O-])[O-] [Cl-]
3TD4,Q6RYW5,OMP38,API,N[C@H](CCC[C@H](N)C(=O)O)C(=O)O
3TC5,Q13526,PIN1,3T5 P6G,C[C@@H]1C[C@H]2[C@@H]3CCC4=CC(=O)C=C[C@]4(C)[C@@]3(F)[C@@H](O)C[C@]2(C)[C@@]1(O)C(=O)COP(=O)(O)O OCCOCCOCCOCCOCCOCCO
3TB6,P96711,ARAR,ARB GOL,O[C@@H]1[C@@H](O)[C@@H](O)OC[C@@H]1O OCC(O)CO
3TAO,P9WG43,TPIA,PGH,O=C(COP(=O)(O)O)NO
3TA1,O28524,GLNK3,ADP,Nc1ncnc2c1ncn2[C@@H]1O[C@H](CO[P@](=O)(O)OP(=O)(O)O)[C@@H](O)[C@H]1O
3TA0,O28524,GLNK3,ATP,Nc1ncnc2c1ncn2[C@@H]1O[C@H](CO[P@@](=O)(O)O[P@](=O)(O)OP(=O)(O)O)[C@@H](O)[C@H]1O
3T8V,O96935,M1AAP,ZN MG BTJ,[Zn+2] [Mg+2] C#CCCCC(=O)NCCCCC(NC(=O)[C@H](Cc1ccc(C(=O)c2ccccc2)cc1)NC(=O)COCCOCCNC(=O)[C@H](C)NC(=O)[C@@H](O)[C@H](N)Cc1ccc(OCc2ccccc2)cc1)C(N)=O
3T85,P00918,CA2,ZN SG7,[Zn+2] CC(=O)O[C@@H]1[C@H](O)[C@@H](O)O[C@H](COS(N)(=O)=O)[C@H]1OC(C)=O
3T84,P00918,CA2,ZN SG6,[Zn+2] CC(=O)O[C@@H]1[C@H](O)[C@@H](O)[C@@H](O)O[C@@H]1COS(N)(=O)=O
3T83,P00918,CA2,ZN SG5 MG5,[Zn+2] CCC(=O)O[C@@H]1[C@@H](OC(=O)CC)[C@@H](O)O[C@H](COS(N)(=O)=O)[C@H]1OC(=O)CC CCC(=O)O[C@@H]1[C@@H](OC(=O)CC)[C@H](O)O[C@H](COS(N)(=O)=O)[C@H]1OC(=O)CC
3T82,P00918,CA2,ZN SG4,[Zn+2] CC(=O)O[C@@H]1[C@@H](O)[C@@H](O)O[C@H](COS(N)(=O)=O)[C@H]1OC(C)=O
3T70,Q8II92,PF3D7_1127100,DU4 SO4,CN(C[C@H]1O[C@@H](n2ccc(=O)[nH]c2=O)C[C@@H]1O)C(c1ccccc1)c1ccccc1 O=S(=O)([O-])[O-]
3T64,Q8II92,PF3D7_1127100,DU3 SO4,O=c1ccn([C@H]2C[C@H](O)[C@@H](CNC(c3ccccc3)c3ccccc3)O2)c(=O)[nH]1 O=S(=O)([O-])[O-]
3T60,Q8II92,PF3D7_1127100,DUA GOL,O=c1ccn([C@H]2C[C@H](O)[C@@H](CNC(c3ccccc3)(c3ccccc3)c3ccccc3)O2)c(=O)[nH]1 OCC(O)CO
3T5U,P00918,CA2,ZN A09 GOL MBO,[Zn+2] O=S(=O)(NO)c1ccccc1 OCC(O)CO O=C(O)c1ccc([Hg])cc1
3T3D,P00489,PYGM,CJB,O=c1ccn([C@@H]2O[C@H](CO)[C@@H](O)[C@H](O)[C@H]2O)c(=O)[nH]1
3T3C,P03367,GAG-POL,SO4 BME 017,O=S(=O)([O-])[O-] OCCS CC(C)CN(C[C@@H](O)[C@H](Cc1ccccc1)NC(=O)O[C@H]1CO[C@H]2OCC[C@H]21)S(=O)(=O)c1ccc(N)cc1
3T2T,P09382,LGALS1,MQT,CO[C@@H]1O[C@H](CO)[C@H](O)[C@H](OC(=O)c2ccc(C)cc2)[C@@H]1OC(C)=O
3T2Q,P00722,LACZ,149 MG NA DMS,O=C1O[C@H](CO)[C@H](O)[C@H](O)[C@H]1O [Mg+2] [Na+] CS(C)=O
3T1A,P04585,GAG-POL,5MA,NCc1cc(Cl)cc(Oc2c(Cl)ccc3c2nnn3Cc2[nH]nc3ncccc23)c1Cl
3T08,P00722,LACZ,IPT DMS NA MG,CC(C)S[C@@H]1O[C@H](CO)[C@H](O)[C@H](O)[C@H]1O CS(C)=O [Na+] [Mg+2]
3SYM,P00489,PYGM,GP0,O=c1[nH]c(=O)n([C@@H]2O[C@H](CO)[C@@H](O)[C@@](O)(CO)[C@H]2O)cc1F
3SUV,D2KW09,HEX1T,SO4 NOK,O=S(=O)([O-])[O-] CC(=O)N[C@H]1CN[C@H](CO)[C@@H](O)[C@@H]1O
3SM2,Q9E7M1,,478,CC(C)CN(C[C@@H](O)[C@H](Cc1ccccc1)NC(=O)O[C@H]1CCOC1)S(=O)(=O)c1ccc(N)cc1
3SLZ,Q9E7M1,,NA FMT 3TL,[Na+] O=CO CC(C)[C@H](NC(=O)[C@H](C)NC(=O)OCc1ccccc1)C(=O)N[C@@H](Cc1ccccc1)[C@@H](O)[C@H](O)[C@H](Cc1ccccc1)NC(=O)[C@@H](NC(=O)[C@H](C)NC(=O)OCc1ccccc1)C(C)C
3SK2,Q8GPH6,EHPR,GRI,COc1ccc(C=O)c2nc3cccc(C(=O)O)c3nc12
3SJF,Q04609,FOLH1,JRG CL CA ZN NAG,CSCC[C@H](NC(=O)N[C@@H](CCCCNC(=O)c1ccc(I)cc1)C(=O)O)C(=O)O [Cl-] [Ca+2] [Zn+2] CC(=O)N[C@@H]1[C@@H](O)[C@H](O)[C@@H](CO)O[C@H]1O
3SIO,Q8WSF8,LOC100533247,MPD MRD MLK NAG,C[C@H](O)CC(C)(C)O C[C@@H](O)CC(C)(C)O CCN1C[C@]2(COC(=O)c3ccccc3N3C(=O)C[C@H](C)C3=O)CC[C@H](OC)[C@@]34[C@@H]5C[C@H]6[C@H](OC)[C@@H]5[C@](O)(C[C@@H]6OC)[C@@](O)([C@@H](OC)[C@H]23)[C@@H]14 CC(=O)N[C@@H]1[C@@H](O)[C@H](O)[C@@H](CO)O[C@H]1O
3SI4,P00734,F2,NAG B04 PO4 GOL NA,CC(=O)N[C@@H]1[C@@H](O)[C@H](O)[C@@H](CO)O[C@H]1O C[n+]1ccccc1CNC(=O)[C@@H]1CCCN1C(=O)[C@H](N)Cc1ccccc1 O=P([O-])([O-])[O-] OCC(O)CO [Na+]
3SI3,P00734,F2,NAG NA GOL PO4 B03,CC(=O)N[C@@H]1[C@@H](O)[C@H](O)[C@@H](CO)O[C@H]1O [Na+] OCC(O)CO O=P([O-])([O-])[O-] N[C@H](Cc1ccccc1)C(=O)N1CCC[C@H]1C(=O)NCc1ccccn1
3SHC,P00734,F2,NAG NA B01,CC(=O)N[C@@H]1[C@@H](O)[C@H](O)[C@@H](CO)O[C@H]1O [Na+] N[C@H](Cc1ccccc1)C(=O)N1CCC[C@H]1C(=O)NCc1cc(Cl)ccn1
3SFG,Q80J95,ORF1,2TU SO4 GOL MG,O=c1ccn([C@@H]2O[C@H](CO)[C@@H](O)[C@H]2O)c(=S)[nH]1 O=S(=O)([O-])[O-] OCC(O)CO [Mg+2]
3SBI,P00918,CA2,E90 BCN DMS ZN,NS(=O)(=O)c1ccc(C(=O)CSc2ncccn2)cc1 O=C(O)CN(CCO)CCO CS(C)=O [Zn+2]
3SBH,P00918,CA2,ZN BCN DMS E65 MES,[Zn+2] O=C(O)CN(CCO)CCO CS(C)=O Cc1cc(C)nc(SCC(=O)c2ccc(S(N)(=O)=O)cc2)n1 O=S(=O)([O-])CC[NH+]1CCOCC1
3SAX,P00918,CA2,E50 DMS BCN ZN,CCc1cnc(SCC(=O)c2ccc(Cl)c(S(N)(=O)=O)c2)nc1 CS(C)=O O=C(O)CN(CCO)CCO [Zn+2]
3SAP,P00918,CA2,ZN BCN MES DMS E2I,[Zn+2] O=C(O)CN(CCO)CCO O=S(=O)([O-])CC[NH+]1CCOCC1 CS(C)=O CCCCc1cnc(SCC(=O)c2ccc(S(N)(=O)=O)cc2)nc1
3S9T,P00918,CA2,DMS E49 BCN ZN,CS(C)=O Cc1cc(C)nc(SCC(=O)c2ccc(Cl)c(S(N)(=O)=O)c2)n1 O=C(O)CN(CCO)CCO [Zn+2]
3S9E,P42264,GRIK3,NA PO4 CL GOL GLU,[Na+] O=P([O-])([O-])[O-] [Cl-] OCC(O)CO N[C@@H](CCC(=O)O)C(=O)O
3S8X,P00918,CA2,ZN DMS BCN E59,[Zn+2] CS(C)=O O=C(O)CN(CCO)CCO Cc1cc(=O)[nH]c(SCC(=O)c2ccc(S(N)(=O)=O)cc2)n1
3S78,P00918,CA2,EVJ ZN,NS(=O)(=O)c1cccs1 [Zn+2]
3S77,P00918,CA2,EVI ZN,NS(=O)(=O)c1nccs1 [Zn+2]
3S76,P00918,CA2,ZN EVH DMS,[Zn+2] NS(=O)(=O)c1ncc[nH]1 CS(C)=O
3S75,P00918,CA2,ZN EVG,[Zn+2] NS(=O)(=O)c1ccco1
3S73,P00918,CA2,ZN EVF,[Zn+2] NS(=O)(=O)c1nc2ccccc2s1
3S72,P00918,CA2,ZN EVE DMS,[Zn+2] NS(=O)(=O)c1nc2ccccc2[nH]1 CS(C)=O
3S71,P00918,CA2,EVD ZN,NS(=O)(=O)c1cc2ccccc2o1 [Zn+2]
3S6T,Q06GJ0,,OAN,CC(=O)N[C@H]1/C(=N\OC(=O)Nc2ccccc2)O[C@H](CO)[C@@H](O)[C@@H]1O
3S5Y,P06280,GLA,DGJ 2PE NAG EDO ACY,OC[C@H]1NC[C@H](O)[C@@H](O)[C@H]1O OCCOCCOCCOCCOCCOCCOCCOCCOCCO CC(=O)N[C@@H]1[C@@H](O)[C@H](O)[C@@H](CO)O[C@H]1O OCCO CC(=O)O
3S56,Q7SSI0,POL,ROC ACT,CC(C)(C)NC(=O)[C@@H]1C[C@@H]2CCCC[C@@H]2CN1C[C@@H](O)[C@H](Cc1ccccc1)NC(=O)[C@H](CC(N)=O)NC(=O)c1ccc2ccccc2n1 CC(=O)[O-]
3S54,Q7SSI0,POL,NA CL 017 GOL ACT,[Na+] [Cl-] CC(C)CN(C[C@@H](O)[C@H](Cc1ccccc1)NC(=O)O[C@H]1CO[C@H]2OCC[C@H]21)S(=O)(=O)c1ccc(N)cc1 OCC(O)CO CC(=O)[O-]
3S45,Q9W9R3,POL,NA CL IMD ZN 478,[Na+] [Cl-] c1c[nH+]c[nH]1 [Zn+2] CC(C)CN(C[C@@H](O)[C@H](Cc1ccccc1)NC(=O)O[C@H]1CCOC1)S(=O)(=O)c1ccc(N)cc1
3S3V,P00374,DHFR,TOP SO4,COc1cc(Cc2cnc(N)nc2N)cc(OC)c1OC O=S(=O)([O-])[O-]
3S2V,P22756,GRIK1,CL GOL SO4 3HU,[Cl-] OCC(O)CO O=S(=O)([O-])[O-] N[C@@H](Cn1c(=O)n(Cc2ccsc2C(=O)O)c(=O)c2cscc21)C(=O)O
3S0E,Q1W640,,EOL,C=CCc1ccc(O)c(OC)c1
3S0D,Q1W640,,CTV,CC(C)=CCC/C(C)=C\C#N
3S0B,Q1W640,,FNA,c1ccc(Nc2cccc3ccccc23)cc1
3RZ8,P00918,CA2,ZN RZ8 DMS,[Zn+2] CCCCCCNC(=O)c1ccc(S(N)(=O)=O)cc1 CS(C)=O
3RZ7,P00918,CA2,ZN RZ7,[Zn+2] NS(=O)(=O)c1ccc(C(=O)NCC(F)(F)C(F)(F)C(F)(F)C(F)(F)C(F)(F)F)cc1
3RZ5,P00918,CA2,ZN RZ5 DMS,[Zn+2] CCCCCNC(=O)c1ccc(S(N)(=O)=O)cc1 CS(C)=O
3RZ1,P00918,CA2,ZN RZ1 DMS,[Zn+2] NS(=O)(=O)c1ccc(C(=O)NCC(F)(F)C(F)(F)C(F)(F)C(F)(F)F)cc1 CS(C)=O
3RZ0,P00918,CA2,ZN RZ0,[Zn+2] CCCCNC(=O)c1ccc(S(N)(=O)=O)cc1
3RYZ,P00918,CA2,ZN RYZ,[Zn+2] NS(=O)(=O)c1ccc(C(=O)NCC(F)(F)C(F)(F)C(F)(F)F)cc1
3RYY,P00918,CA2,ZN RYY,[Zn+2] CCCNC(=O)c1ccc(S(N)(=O)=O)cc1
3RYX,P00918,CA2,ZN RYX,[Zn+2] NS(=O)(=O)c1ccc(C(=O)NCC(F)(F)C(F)(F)F)cc1
3RYV,P00918,CA2,ZN RYV,[Zn+2] CCNC(=O)c1ccc(S(N)(=O)=O)cc1
3RWP,O15530,PDPK1,GOL SO4 ABQ,OCC(O)CO O=S(=O)([O-])[O-] CC(C)n1cc(C(=O)c2cncc(N[C@@H]3COC[C@@H]3c3ccc(F)cc3)n2)c2c(N)ncnc21
3RV8,P9WFX1,MBTI,VCE RVC,O=C(O)/C(=C\C1CC1)Oc1cccc(C(=O)O)c1O O=C(O)/C(=C/C1CC1)Oc1cccc(C(=O)O)c1O
3RUX,P96884,BIRA,BS5,Nc1ncnc2c1ncn2[C@@H]1O[C@H](CNS(=O)(=O)NC(=O)CCCC[C@@H]2SC[C@@H]3NC(=O)N[C@@H]32)[C@@H](O)[C@H]1O
3RUP,P24182,ACCC,ADP CA CL,Nc1ncnc2c1ncn2[C@@H]1O[C@H](CO[P@](=O)(O)OP(=O)(O)O)[C@@H](O)[C@H]1O [Ca+2] [Cl-]
3RU1,P56817,BACE1,3RU GOL IOD,Nc1nc2ccccc2cc1CCC(=O)NCC1CCCCC1 OCC(O)CO [I-]
3RTF,P19491,GRIA2,ZN CWD,[Zn+2] N[C@@H](Cn1cc(Cl)c(=O)[nH]c1=O)C(=O)O
3RT8,P19492,GRIA3,ZN CWD,[Zn+2] N[C@@H](Cn1cc(Cl)c(=O)[nH]c1=O)C(=O)O
3RT4,Q9GK12,PGLYRP1,TLA LP5,O=C(O)[C@H](O)[C@@H](O)C(=O)O CCCCCCCCCCC[C@@H](O)CC(=O)N[C@H]1[C@@H](OP(=O)(O)O)O[C@H](CO)[C@@H](O)[C@@H]1OC(=O)C[C@H](O)CCCCCCCCCCC
3RSR,P21524,RNR1,MG N5P,[Mg+2] O=[N+]([O-])c1ccc2c(ccn2[C@H]2C[C@H](O)[C@@H](COP(=O)(O)OP(=O)(O)OP(=O)(O)O)O2)c1
3RQW,E0SJQ4,DDA3937_00520,ACH MES GOL,CC(=O)OCC[N+](C)(C)C O=S(=O)([O-])CC[NH+]1CCOCC1 OCC(O)CO
3ROC,Q16539,MAPK14,29A 29B,Cc1ccc(C(=O)NCCO)cc1-n1cnc(OCc2ccc(F)cc2F)c(Cl)c1=O Fc1ccc(-c2c[nH]nc2-c2ccncc2)cc1
3RM9,Q9BZP6,CHIA,613,N=C(N)N1CCN(c2ccc(Cl)cc2)CC1
3RM4,Q9BZP6,CHIA,3RM,Nc1nnc(N2CCN(CCOc3ccc(Br)cc3)CC2)[nH]1
3RLQ,P07900,HSP90AA1,3RQ PO4,COc1cc(-c2nc(C)nc3[nH]cc(C#N)c23)c(Cl)cc1Cl O=P([O-])([O-])[O-]
3RLP,P07900,HSP90AA1,3RP PO4,COc1cc(-c2cc(C)nc(N)n2)c(Cl)cc1Cl O=P([O-])([O-])[O-]
3RLB,D8KFM5,,BNG VIB,CCCCCCCCCO[C@@H]1O[C@H](CO)[C@@H](O)[C@H](O)[C@H]1O Cc1ncc(C[n+]2csc(CCO)c2C)c(N)n1
3RF4,A4GRE3,,FUN IMD ZN ACT,NS(=O)(=O)c1cc(C(=O)O)c(NCc2ccco2)cc1Cl c1c[nH+]c[nH]1 [Zn+2] CC(=O)[O-]
3RE4,O28471,RIO1,TO1,N#Cc1cn([C@@H]2O[C@H](CO)[C@@H](O)[C@H]2O)c2ncnc(N)c12
3RDQ,P22629,,DTB NI NA GOL,C[C@@H]1NC(=O)N[C@@H]1CCCCCC(=O)O [Ni+2] [Na+] OCC(O)CO
3RDO,P22629,,BTN NI SO4 GOL,O=C(O)CCCC[C@@H]1SC[C@@H]2NC(=O)N[C@@H]21 [Ni+2] O=S(=O)([O-])[O-] OCC(O)CO
3RBU,Q04609,FOLH1,NAG ZN CA CL G88,CC(=O)N[C@@H]1[C@@H](O)[C@H](O)[C@@H](CO)O[C@H]1O [Zn+2] [Ca+2] [Cl-] O=C(O)CC[C@H](CP(=O)(O)O)C(=O)O
3R8I,P37231,PPARG,XCX,CCCCCCCN(CCc1ccc(OC(C)(C)C(=O)O)cc1)c1nc2ccccc2o1
3R7O,P08581,MET,M61,CN(C[C@@H]1COCCO1)S(=O)(=O)Nc1ccc2ccc3ncc(-c4cnn(C5CCNCC5)c4)cc3c(=O)c2c1
3R6U,Q45462,OPUBC,CHT,C[N+](C)(C)CCO
3R5T,Q9RCF6,VIUP,VBN FE MOH EDO ACY,C[C@H]1OC(c2cccc(O)c2O)=N[C@@H]1C(=O)NCCCN(CCCNC(=O)c1cccc(O)c1O)C(=O)[C@H]1N=C(c2cccc(O)c2O)O[C@@H]1C [Fe+3] CO OCCO CC(=O)O
3R4M,P07900,HSP90AA1,WOE,COc1ccccc1-c1cc(Cl)nc(N)n1
3R24,P0C6X7,REP,SAM ZN,C[S@@+](CC[C@H](N)C(=O)[O-])C[C@H]1O[C@@H](n2cnc3c(N)ncnc32)[C@H](O)[C@@H]1O [Zn+2]
3R1V,Q7PXT9,OBP7,AZB,CC(C)c1ccc(N=Nc2ccc(O)cc2)cc1
3R17,P00918,CA2,ZN GOL 5UM DMS,[Zn+2] OCC(O)CO NS(=O)(=O)c1ccc(NC(=O)Cc2cccs2)c(F)c1 CS(C)=O
3R16,P00918,CA2,ZN GOL 5UN DMS,[Zn+2] OCC(O)CO NS(=O)(=O)c1ccc(NC(=O)Cc2cccs2)cc1 CS(C)=O
3R0Y,Q000H7,POL,RSZ,C#CCNC(=O)[C@@H](Cc1ccccc1)NC(=O)C[C@H](O)[C@H](Cc1ccccc1)NC(=O)[C@@H](NC(=O)c1ccccn1)C(C)C
3QYY,Q8P559,XCC3486,C2E PEG MG,Nc1nc2c(ncn2[C@@H]2O[C@@H]3COP(=O)(O)O[C@H]4[C@@H](O)[C@H](n5cnc6c(=O)[nH]c(N)nc65)O[C@@H]4COP(=O)(O)O[C@H]3[C@H]2O)c(=O)[nH]1 OCCOCCO [Mg+2]
3QX9,Q9UKV8,AGO2,ATP,Nc1ncnc2c1ncn2[C@@H]1O[C@H](CO[P@@](=O)(O)O[P@](=O)(O)OP(=O)(O)O)[C@@H](O)[C@H]1O
3ZT3,P12497,GAG-POL,EDO ZT4 ACY SO4,OCCO O=C(O)c1c(/C=C2\c3ccccc3C[C@@H]2O)ccc2c1OCO2 CC(=O)O O=S(=O)([O-])[O-]
4ABH,P00760,PRSS1,SO4 CA EDO DMS 7Z3,O=S(=O)([O-])[O-] [Ca+2] OCCO CS(C)=O NCc1cccc(N2CCCC2)c1
4AGL,P04637,TP53,P84 ZN,CN1CCC(N(C)Cc2cc(I)cc(I)c2O)CC1 [Zn+2]
4AGM,P04637,TP53,ZN P86,[Zn+2] CCN(CC)C1CCN(Cc2cc(I)cc(I)c2O)CC1
4AGO,P04637,TP53,ZN P74,[Zn+2] CCN(CC)C1CCN(Cc2cc(C#CCNC(=O)OC(C)(C)C)cc(I)c2O)CC1
4AQH,P05121,SERPINE1,TB7,CC(C)(C)OC(=O)N1CC(Nc2nc3ncccc3c(=O)[nH]2)C1
4ASE,P35968,KDR,AV9,COc1cc2nccc(Oc3ccc(NC(=O)N=c4cc(C)o[nH]4)c(Cl)c3)c2cc1OC
4B3D,O74036,RADA,PO4 5MI,O=P([O-])([O-])[O-] Cc1ccc2[nH]ccc2c1
4BAK,P00734,F2,NA M67 NAG,[Na+] CCCNC(=O)CN[C@@H](C(=O)N1CC[C@H]1C(=O)NCc1ccc(C(=N)N)cc1)C1CCCCC1 CC(=O)N[C@@H]1[C@@H](O)[C@H](O)[C@@H](CO)O[C@H]1O
4BAO,P00734,F2,NA MVF,[Na+] N=C(N)c1ccc(CNC(=O)[C@@H]2CCN2C(=O)[C@H](NCC(N)=O)C2CCCCC2)cc1
4BI6,P36186,,PGA,O=C(O)COP(=O)(O)O
4BT3,P23616,ALDB,ZN WTZ,[Zn+2] C[C@@H](O)[C@@](C)(O)C(=O)O
4C9X,P36639,NUDT1,VHS CL SO4,C[C@H](Oc1cc(-c2cnn(C3CCNCC3)c2)cnc1N)c1c(Cl)ccc(F)c1Cl [Cl-] O=S(=O)([O-])[O-]
4CG9,P35790,CHKA,GQG,CN(C)c1cc[n+](Cc2ccc(-c3ccccc3)cc2)cc1
4CGA,P35790,CHKA,QLW,CN(C)c1cc[n+](Cc2ccc(CCc3ccccc3)cc2)cc1
4CGJ,P12497,GAG-POL,SO4 ACT NZL,O=S(=O)([O-])[O-] CC(=O)[O-] NCCCCCC(=O)N[C@H]1Cc2ccccc2[C@@H]1Cc1ccc2c(c1C(=O)O)OCO2
4CJ4,P12497,GAG-POL,SO4 ACT CL S3G,O=S(=O)([O-])[O-] CC(=O)[O-] [Cl-] CC(C)C[C@H](CNC(=O)c1ccncc1)Cc1ccc2c(c1C(=O)O)OCO2
4CJQ,P12497,GAG-POL,VXO ACT SO4,CC(C)C[C@H](CNC(=O)Cc1c[nH]c2ccccc12)Cc1ccc2c(c1C(=O)O)OCO2 CC(=O)[O-] O=S(=O)([O-])[O-]
4CJR,P12497,GAG-POL,SO4 CL FYM ACT,O=S(=O)([O-])[O-] [Cl-] COc1ccc(CNC(=O)c2cc3c(cc2CN(C)Cc2cccc(OC)c2C(=O)O)OCO3)cc1 CC(=O)[O-]
4CK3,P12497,GAG-POL,K1T ACT SO4,CC(C)C[C@H](CNC(=O)CCCN)Cc1ccc2c(c1C(=O)O)OCO2 CC(=O)[O-] O=S(=O)([O-])[O-]
4CLP,Q96PN6,ADCY10,PEG EDO CMP GOL ACT,OCCOCCO OCCO Nc1ncnc2c1ncn2[C@@H]1O[C@@H]2CO[P@@](=O)(O)O[C@H]2[C@H]1O OCC(O)CO CC(=O)[O-]
4CMO,Q9UM73,ALK,YPW,CNC(=O)c1ccc(F)cc1[C@@H](C)Oc1nc(-c2cccnc2OC)cnc1N
4CMT,Q9UM73,ALK,GWH,C[C@@H](Oc1cc(-c2cccc(S(C)(=O)=O)c2)cnc1N)c1cc(F)ccc1N1NC=CN1
4CP5,P22887,NDKC-2,EOI,C[C@H](Cn1cnc2c(N)ncnc21)OC[P@](=O)(S)OP(=O)(O)OP(=O)(O)O
4CP7,P03366,GAG-POL,9MW CL,C=CCNC(=O)[C@@H](NC(=O)[C@@](O)(CCCN(Cc1ccc(-c2ccncc2)cc1)NC(=O)[C@@H](NC(=O)OC)C(C)(C)C)Cc1ccc(CC=C)cc1)C(C)C [Cl-]
4CPS,P03366,GAG-POL,1T8 CL,COC(=O)N[C@H](C(=O)NN(CCC[C@@]1(O)Cc2ccc(cc2)C/C=C\CNC(=O)[C@H](C(C)C)NC1=O)Cc1ccc(-c2cccnc2)cc1)C(C)(C)C [Cl-]
4CPW,P03366,GAG-POL,V78 CL,COC(=O)N[C@H](C(=O)NN(CCC[C@@]1(O)Cc2ccc(cc2)C/C=C\CNC(=O)[C@H](C(C)C)NC1=O)Cc1ccc([C@H]2C=S=CC2)cc1)C(C)(C)C [Cl-]
4CPY,U5XBU0,NA,CA NAG G39 EDO,[Ca+2] CC(=O)N[C@@H]1[C@@H](O)[C@H](O)[C@@H](CO)O[C@H]1O CCC(CC)O[C@@H]1C=C(C(=O)O)C[C@H](N)[C@H]1NC(C)=O OCCO
4CPZ,U5XBU0,NA,CA NAG ZMR EDO,[Ca+2] CC(=O)N[C@@H]1[C@@H](O)[C@H](O)[C@@H](CO)O[C@H]1O CC(=O)N[C@H]1[C@H]([C@H](O)[C@H](O)CO)OC(C(=O)O)=C[C@@H]1NC(=N)N OCCO
4CR5,P03951,F11,SO4 0TU,O=S(=O)([O-])[O-] O=c1ccc2cc(Cl)ccc2[nH]1
4CRB,P03951,F11,GOL 7P0 SO4,OCC(O)CO O=C(N[C@@H](Cc1ccccc1)C(=O)NCCc1cc(Cl)ccc1-n1cnnn1)c1ccc2[nH]c(=O)cc(O)c2c1 O=S(=O)([O-])[O-]
4CRF,P03951,F11,CL SO4 R9B GOL,[Cl-] O=S(=O)([O-])[O-] O=C(N[C@@H](Cc1ccccc1)C(=O)NCc1cc(=O)[nH]c2ccc(Cl)cc12)c1ccc2[nH]c(=O)cc(O)c2c1 OCC(O)CO
4CRL,P49336,CDK8,FMT C1I,O=CO CN(C)[C@H]1C[C@@]23CC[C@@]4(O2)C(=CC[C@]2(C)[C@@H](c5ccc6ccncc6c5)CC[C@H]24)C=C3[C@@H](O)[C@@H]1O
4CS9,Q8QN58,M2,AMP ZN,Nc1ncnc2c1ncn2[C@@H]1O[C@H](COP(=O)(O)O)[C@@H](O)[C@H]1O [Zn+2]
4CSD,Q8XXK6,RSL,MFU GOL,CO[C@@H]1O[C@@H](C)[C@@H](O)[C@@H](O)[C@@H]1O OCC(O)CO
4CST,P08191,FIMH,CWK,N#Cc1ccc(-c2ccc(O[C@H]3O[C@H](CO)[C@@H](O)[C@H](O)[C@@H]3O)c(Cl)c2)cc1
4CSY,P16581,SELE,CA NAG,[Ca+2] CC(=O)N[C@@H]1[C@@H](O)[C@H](O)[C@@H](CO)O[C@H]1O
4CU7,A0A0H2UP19,BGAA,EDO SO4 GIF,OCCO O=S(=O)([O-])[O-] OC[C@H]1CNC[C@@H](O)[C@H]1O
4CWF,P07900,HSP90AA1,H05,CCCc1nc2ccccc2c2nc(N)nn12
4CWN,P07900,HSP90AA1,6LV,COc1cc(Cc2nc3ccccc3c3nc(N)nn23)cc(OC)c1
4CWO,P07900,HSP90AA1,T62,Nc1nc2c3ccccc3nc(Cc3cc(O)cc(O)c3)n2n1
4CWP,P07900,HSP90AA1,TV2,Nc1nc2c3ccccc3nc(Cc3ccc4c(c3)OCO4)n2n1
4CWQ,P07900,HSP90AA1,W2D,Nc1nc2c3ccc(S(N)(=O)=O)cc3nc(Cc3ccc4c(c3)OCO4)n2n1
4CWR,P07900,HSP90AA1,HAJ,Nc1nc2c3c(F)cccc3nc(Cc3ccc4c(c3)OCO4)n2n1
4D4D,Q9Z4P9,AMAN6,IFM MAN EDO,OC[C@H]1CNC[C@@H](O)[C@@H]1O OC[C@H]1O[C@H](O)[C@@H](O)[C@@H](O)[C@@H]1O OCCO
4DJW,P56817,BACE1,0KP TLA,CN1C(=N)N[C@](c2ccccc2)(c2cccc(-c3cccnc3)c2)C1=O O=C(O)[C@H](O)[C@@H](O)C(=O)O
4DJX,P56817,BACE1,0KQ TLA,CN1C(=N)N[C@@](c2cccc(-c3cncc(Cl)c3)c2)(C2CC2)C1=O O=C(O)[C@H](O)[C@@H](O)C(=O)O
4DJY,P56817,BACE1,0KR TLA,CC#Cc1cncc(-c2cccc([C@@]3(C4CC4)NC(=N)N(C)C3=O)c2)c1 O=C(O)[C@H](O)[C@@H](O)C(=O)O
4E6D,O60674,JAK2,0NU GOL,N#CCC(=O)N1CCC[C@@H](n2cnc3cnc4[nH]ccc4c32)C1 OCC(O)CO
4E7R,P00734,F2,NAG GOL PO4 NA 0NW,CC(=O)N[C@@H]1[C@@H](O)[C@H](O)[C@@H](CO)O[C@H]1O OCC(O)CO O=P([O-])([O-])[O-] [Na+] N=C(N)c1cccc(C[C@H](NS(=O)(=O)c2cccc(-c3ccc(Cl)cc3Cl)c2)C(=O)N2CCC(CCN)CC2)c1
4E9U,A9JQL9,CRTM,RWY MG,N#CSCCOc1ccc(Oc2ccccc2)cc1 [Mg+2]
4EGK,P07900,HSP90AA1,RDC,C[C@@H]1C[C@H]2O[C@@H]2/C=C\C=C\C(=O)Cc2c(Cl)c(O)cc(O)c2C(=O)O1
4EN4,O00764,PDXK,MG NA ATP GT0 MPD SO4 GT1,[Mg+2] [Na+] Nc1ncnc2c1ncn2[C@@H]1O[C@H](CO[P@@](=O)(O)O[P@](=O)(O)OP(=O)(O)O)[C@@H](O)[C@H]1O COCc1c(CO)cnc(C)c1O C[C@H](O)CC(C)(C)O O=S(=O)([O-])[O-] COCc1c(COP(=O)(O)O)cnc(C)c1O
4EXS,C7C422,BLANDM-1,X8Z ZN,C[C@H](CS)C(=O)N1CCC[C@H]1C(=O)O [Zn+2]
4EWN,Q9X0C6,HISF,0VR,O=C(O)c1ccccc1NC[C@H](O)[C@H](O)[C@H](O)COP(=O)(O)O
4EW3,P22102,GART,PO4 SO4 DXZ,O=P([O-])([O-])[O-] O=S(=O)([O-])[O-] CS[C@H](CCCc1c(N)nc(N)[nH]c1=O)c1ccc(C(=O)N[C@@H](CCC(=O)O)C(=O)O)cc1
4EW2,P22102,GART,PO4 SO4 DXY,O=P([O-])([O-])[O-] O=S(=O)([O-])[O-] CS[C@@H](CCCc1c(N)nc(N)[nH]c1=O)c1ccc(C(=O)N[C@@H](CCC(=O)O)C(=O)O)cc1
4EUO,A9CGA5,ATU4243,GOL ABU SO4,OCC(O)CO NCCCC(=O)O O=S(=O)([O-])[O-]
4EU3,B3EY95,,CL CIT,[Cl-] O=C(O)CC(O)(CC(=O)O)C(=O)O
4EU0,Q9HZE7,PELD,C2E,Nc1nc2c(ncn2[C@@H]2O[C@@H]3COP(=O)(O)O[C@H]4[C@@H](O)[C@H](n5cnc6c(=O)[nH]c(N)nc65)O[C@@H]4COP(=O)(O)O[C@H]3[C@H]2O)c(=O)[nH]1
4ETZ,Q9HZE7,PELD,C2E,Nc1nc2c(ncn2[C@@H]2O[C@@H]3COP(=O)(O)O[C@H]4[C@@H](O)[C@H](n5cnc6c(=O)[nH]c(N)nc65)O[C@@H]4COP(=O)(O)O[C@H]3[C@H]2O)c(=O)[nH]1
4ERF,Q00987,MDM2,0R3,CC[C@@H]([C@H](C)O)N1C(=O)[C@@](C)(CC(=O)O)C[C@H](c2cccc(Cl)c2)[C@H]1c1ccc(Cl)cc1
4EPY,P01116,KRAS,GDP MG 0QY,Nc1nc2c(ncn2[C@@H]2O[C@H](COP(=O)(O)OP(=O)(O)O)[C@@H](O)[C@H]2O)c(=O)[nH]1 [Mg+2] O=C(Nc1ccc2[nH]c(Cc3c[nH]c4ccccc34)nc2c1)[C@@H]1CCCN1
4EOH,O00764,PDXK,NA TEP MPD SO4,[Na+] Cn1c(=O)c2[nH]cnc2n(C)c1=O C[C@H](O)CC(C)(C)O O=S(=O)([O-])[O-]
4EO6,P26663,,0S2,CC(C)N(c1cc(C#CC(C)(C)C)sc1C(=O)O)C(=O)[C@H]1CC[C@H](C)CC1
4EMR,D9J2T9,RIP,MGP,C[n+]1cn([C@@H]2O[C@H](CO[P@@](=O)(O)O[P@@](=O)(O)OP(=O)(O)O)[C@@H](O)[C@H]2O)c2nc(N)[nH]c(=O)c21
4EMF,D9J2T9,RIP,M7G NAG GOL,C[n+]1cn([C@@H]2O[C@H](COP(=O)(O)OP(=O)(O)O)[C@@H](O)[C@H]2O)c2nc(N)[nH]c(=O)c21 CC(=O)N[C@@H]1[C@@H](O)[C@H](O)[C@@H](CO)O[C@H]1O OCC(O)CO
4ELH,Q81R22,DFRA,CA 53I CL 53J,[Ca+2] COc1cc(Cc2cnc(N)nc2N)cc(/C=C/C(=O)N2N=Cc3ccccc3[C@H]2C=C(C)C)c1OC [Cl-] COc1cc(Cc2cnc(N)nc2N)cc(/C=C/C(=O)N2N=Cc3ccccc3[C@@H]2C=C(C)C)c1OC
4ELG,Q81R22,DFRA,52J CA CL 52I,COc1cc(Cc2cnc(N)nc2N)cc(/C=C/C(=O)N2N=Cc3ccccc3[C@@H]2CC(C)C)c1OC [Ca+2] [Cl-] COc1cc(Cc2cnc(N)nc2N)cc(/C=C/C(=O)N2N=Cc3ccccc3[C@H]2CC(C)C)c1OC
4ELF,Q81R22,DFRA,CA CL 35I,[Ca+2] [Cl-] COc1cc(Cc2cnc(N)nc2N)cc(/C=C/C(=O)N2N=Cc3ccccc3[C@@H]2CCC(F)(F)F)c1OC
4EL5,P00489,PYGM,D1M,C#Cc1cn([C@@H]2O[C@H](CO)[C@@H](O)[C@H](O)[C@H]2O)c(=O)[nH]c1=O
4EL0,P00489,PYGM,D1K,CCCc1cc2cn([C@@H]3O[C@H](CO)[C@@H](O)[C@H](O)[C@H]3O)c(=O)nc2o1
4EK9,Q8TEK3,DOT1L,GOL SO4 EP4,OCC(O)CO O=S(=O)([O-])[O-] CN(C)C[C@H]1O[C@@H](n2cnc3c(N)ncnc32)[C@H](O)[C@@H]1O
4EJL,P12499,GAG-POL,IOP GOL DMS PEG,O=C(O)CCc1c[nH]c2ccccc12 OCC(O)CO CS(C)=O OCCOCCO
4EJ8,P12499,GAG-POL,DMS EDO 1F1,CS(C)=O OCCO O=C(O)c1ccc2cc[nH]c2c1
4EJ2,P00489,PYGM,D1F,CCCCCC#Cc1cn([C@@H]2O[C@H](CO)[C@@H](O)[C@H](O)[C@H]2O)c(=O)[nH]c1=O
4EI4,P23458,JAK1,0Q2,Cc1nc2cnc3c(c2n1[C@@H]1CCC[C@@H](O)C1)CC=N3
4EHZ,P23458,JAK1,JAK EDO,Cc1nc2cnc3[nH]ccc3c2n1C1CCNCC1 OCCO
4EFS,P39900,MMP12,ZN CA E37 GOL EDO PGR PGO IMD,[Zn+2] [Ca+2] NC(=O)[C@H](CCC(=O)O)NC(=O)c1ccc(-c2cc(-c3ccccc3)cs2)cc1 OCC(O)CO OCCO C[C@@H](O)CO C[C@H](O)CO c1c[nH+]c[nH]1
4EFK,P9WIL5,PANC,0OC GOL EOH IMD SO4,CN(C)S(=O)(=O)c1ccsc1 OCC(O)CO CCO c1c[nH+]c[nH]1 O=S(=O)([O-])[O-]
4EF6,P9WIL5,PANC,EOH I2E EDO GOL,CCO O=C(O)CCc1ccc2c(c1)OCO2 OCCO OCC(O)CO
4EB8,P00491,PNP,IM5 EDO PO4,Nc1nc2c(CN3C[C@H](CO)[C@@H](O)C3)c[nH]c2c(=O)[nH]1 OCCO O=P([O-])([O-])[O-]
4EAR,P00491,PNP,IM5 PO4,Nc1nc2c(CN3C[C@H](CO)[C@@H](O)C3)c[nH]c2c(=O)[nH]1 O=P([O-])([O-])[O-]
4E70,A6XNE6,CA9OMT,N7I GOL,COc1cc(/C=C/CO)ccc1O OCC(O)CO
4E6C,Q16539,MAPK14,0O8,CCCCCCCCCCCCCCCCCCOP(=O)(O)OC1CC[N+](C)(C)CC1
4E4N,P23458,JAK1,0NL,CC(C)(C)OC(=O)N[C@@H]1CC[C@@H](n2cnc3cnc4[nH]ccc4c32)C1
4E4L,P23458,JAK1,0NH,CC1(n2cnc3cnc4[nH]ccc4c32)CCN(S(C)(=O)=O)CC1
4E3G,P00918,CA2,ZN MBO PHB GOL SO4,[Zn+2] O=C(O)c1ccc([Hg])cc1 O=C(O)c1ccc(O)cc1 OCC(O)CO O=S(=O)([O-])[O-]
4E1K,P43889,GLMU,SO4 PG4 0N5,O=S(=O)([O-])[O-] OCCOCCOCCOCCO COc1cc2c(Nc3ccc(NC(=O)c4ccccc4)cc3)ncnc2cc1O
4E0X,P22756,GRIK1,CL SO4 KAI,[Cl-] O=S(=O)([O-])[O-] C=C(C)[C@H]1CN[C@H](C(=O)O)[C@H]1CC(=O)O
4DZY,Q00972,BCKDK,WJ1 K MG ADP,O=C(O)[C@@H](Cl)Cc1ccccc1 [K+] [Mg+2] Nc1ncnc2c1ncn2[C@@H]1O[C@H](CO[P@](=O)(O)OP(=O)(O)O)[C@@H](O)[C@H]1O
4DY6,Q8Y8D7,NADK1,CIT A22,O=C(O)CC(O)(CC(=O)O)C(=O)O Nc1ncnc2c1ncn2[C@@H]1O[C@H](CO[P@](=O)(O)O[P@](=O)(O)OC[C@H]2O[C@@H](n3cnc4c(N)ncnc43)[C@H](OP(=O)(O)O)[C@@H]2O)[C@@H](O)[C@H]1O
4DVE,A2RMJ9,BIOY,BTN BNG,O=C(O)CCCC[C@@H]1SC[C@@H]2NC(=O)N[C@@H]21 CCCCCCCCCO[C@@H]1O[C@H](CO)[C@@H](O)[C@H](O)[C@H]1O
4DV8,P15917,LEF,MLI 0LX ZN,O=C([O-])CC(=O)[O-] CO[C@H](C[C@H](CCCCNCc1ccc(F)cc1)C(=O)NO)c1ccc(F)cc1 [Zn+2]
4DUH,P0AES6,GYRB,RLI,CCC(=O)Nc1nc(C)c(-c2csc(Nc3ccc(C(=O)O)cc3)n2)s1
4DSY,P80366,,ZN FE 0LO GOL NAG SO4 EDO ACT,[Zn+2] [Fe+3] O=C(O)c1cncc(-c2ccccc2)c1 OCC(O)CO CC(=O)N[C@@H]1[C@@H](O)[C@H](O)[C@@H](CO)O[C@H]1O O=S(=O)([O-])[O-] OCCO CC(=O)[O-]
4DSU,P01116,KRAS,GDP MG BZI,Nc1nc2c(ncn2[C@@H]2O[C@H](COP(=O)(O)OP(=O)(O)O)[C@@H](O)[C@H]2O)c(=O)[nH]1 [Mg+2] c1ccc2[nH]cnc2c1
4DST,P01116,KRAS,9LI GCP MG GOL EDO DMS ACT,Cc1[nH]c2cc(Cl)cc(Cl)c2c1CCN Nc1nc2c(ncn2[C@@H]2O[C@H](CO[P@](=O)(O)O[P@](=O)(O)CP(=O)(O)O)[C@@H](O)[C@H]2O)c(=O)[nH]1 [Mg+2] OCC(O)CO OCCO CS(C)=O CC(=O)[O-]
4DQ2,E5R5T0,,BTX,Nc1ncnc2c1ncn2[C@@H]1O[C@H](CO[P@](=O)(O)OCCCCC[C@@H]2SC[C@@H]3NC(=O)N[C@@H]32)[C@@H](O)[C@H]1O
4DO5,P17050,NAGA,NAG DGJ CIT GOL,CC(=O)N[C@@H]1[C@@H](O)[C@H](O)[C@@H](CO)O[C@H]1O OC[C@H]1NC[C@H](O)[C@@H](O)[C@H]1O O=C(O)CC(O)(CC(=O)O)C(=O)O OCC(O)CO
4DO4,P17050,NAGA,NAG ACY GOL CIT DJN,CC(=O)N[C@@H]1[C@@H](O)[C@H](O)[C@@H](CO)O[C@H]1O CC(=O)O OCC(O)CO O=C(O)CC(O)(CC(=O)O)C(=O)O CC(=O)N[C@H]1CN[C@H](CO)[C@H](O)[C@@H]1O
4DMW,P16154,TCDA,MN UDP,[Mn+2] O=c1ccn([C@@H]2O[C@H](COP(=O)(O)OP(=O)(O)O)[C@@H](O)[C@H]2O)c(=O)[nH]1
4DKR,Q0ED31,ENV,NAG EPE 0LJ,CC(=O)N[C@@H]1[C@@H](O)[C@H](O)[C@@H](CO)O[C@H]1O O=S(=O)(O)CCN1CCN(CCO)CC1 N=C(N)N[C@@H]1Cc2ccccc2[C@H]1NC(=O)C(=O)Nc1ccc(Cl)c(F)c1
4DKQ,Q0ED31,ENV,NAG EPE 0LK,CC(=O)N[C@@H]1[C@@H](O)[C@H](O)[C@@H](CO)O[C@H]1O O=S(=O)(O)CCN1CCN(CCO)CC1 N=C(N)N[C@H]1Cc2ccccc2[C@@H]1NC(=O)C(=O)Nc1ccc(Cl)c(F)c1
4DKP,Q0ED31,ENV,0LL EPE NAG,N[C@H]1Cc2ccccc2[C@@H]1NC(=O)C(=O)Nc1ccc(Cl)c(F)c1 O=S(=O)(O)CCN1CCN(CCO)CC1 CC(=O)N[C@@H]1[C@@H](O)[C@H](O)[C@@H](CO)O[C@H]1O
4DKO,Q0ED31,ENV,NAG EPE 0LM,CC(=O)N[C@@H]1[C@@H](O)[C@H](O)[C@@H](CO)O[C@H]1O O=S(=O)(O)CCN1CCN(CCO)CC1 CN1C(C)(C)CC(NC(=O)C(=O)Nc2ccc(Cl)c(F)c2)CC1(C)C
4DJU,P56817,BACE1,0KK TLA,CN1C(=N)NC(c2ccccc2)(c2ccccc2)C1=O O=C(O)[C@H](O)[C@@H](O)C(=O)O
4DJQ,Q90K99,POL,PO4 M86,O=P([O-])([O-])[O-] CC[C@H](C)CN(C[C@@H](O)[C@H](Cc1ccccc1)NC(=O)OCCN1CCNC1=O)S(=O)(=O)c1ccc(OC)cc1
4DJP,Q90K99,POL,PO4 M73,O=P([O-])([O-])[O-] CC[C@H](C)CN(C[C@@H](O)[C@H](Cc1ccccc1)NC(=O)OC[C@H](C)C(=O)OC)S(=O)(=O)c1ccc(OC)cc1
4DJO,Q90K99,POL,PO4 ACT GOL MK5,O=P([O-])([O-])[O-] CC(=O)[O-] OCC(O)CO CC[C@H](C)CN(C[C@@H](O)[C@H](Cc1ccccc1)NC(=O)OCCNC(=O)C(Cl)Cl)S(=O)(=O)c1ccc(OC)cc1
4DHL,P80366,,ZN FE 0K7 GOL SO4 EDO NAG,[Zn+2] [Fe+3] Cc1ccc(-c2nc(C(=O)O)cs2)cc1 OCC(O)CO O=S(=O)([O-])[O-] OCCO CC(=O)N[C@@H]1[C@@H](O)[C@H](O)[C@@H](CO)O[C@H]1O
4DFG,P03367,GAG-POL,NA CL 0JV,[Na+] [Cl-] COC(=O)N[C@@H]1CO[C@@H]2C[C@H](OC(=O)N[C@@H](Cc3ccccc3)[C@H](O)CN(CC(C)C)S(=O)(=O)c3ccc(OC)cc3)C[C@H]12
4DFF,Q9Y233,PDE10A,MG ZN 0JP,[Mg+2] [Zn+2] COc1cc2c(cc1OC)-c1c(-c3cncs3)ncn1CC2
4DEU,P02766,TTR,CA NAR EDO,[Ca+2] O=C1C[C@@H](c2ccc(O)cc2)Oc2cc(O)cc(O)c21 OCCO
4DET,P02766,TTR,KMP,O=c1c(O)c(-c2ccc(O)cc2)oc2cc(O)cc(O)c12
4DER,P02766,TTR,AGI GOL,O=c1cc(-c2ccc(O)cc2)oc2cc(O)cc(O)c12 OCC(O)CO
4DEL,P9WQA3,FBA,NA ZN PGH ACT P6G,[Na+] [Zn+2] O=C(COP(=O)(O)O)NO CC(=O)[O-] OCCOCCOCCOCCOCCOCCO
4DE5,P9WIL5,PANC,EDO EOH GOL 0JD,OCCO CCO OCC(O)CO O=C(O)[C@@H]1COc2ccccc2O1
4DE0,Q9L5C8,BLACTX-M-9A,0JB DMS,O=C(Nc1cccc(-c2nnn[nH]2)c1)c1cccc2nc[nH]c12 CS(C)=O
4DDY,Q9L5C8,BLACTX-M-9A,DN6 DMS,O=C(Nc1cccc(-c2nnn[nH]2)c1)c1cccc(C(F)(F)F)c1 CS(C)=O
4DDS,Q9L5C8,BLACTX-M-9A,DMS 0J7,CS(C)=O O=C(Nc1cccc(-c2nnn[nH]2)c1)c1cccc(-c2ncccn2)c1
4DDM,P9WIL5,PANC,GOL EOH 0HO EDO,OCC(O)CO CCO O=C(O)c1ccc2nsnc2c1 OCCO
4DCX,P33590,NIKA,SO4 ACT L2D GOL,O=S(=O)([O-])[O-] CC(=O)[O-] OCC(O)CO
4DCS,P50743,DER,GDP SO4,Nc1nc2c(ncn2[C@@H]2O[C@H](COP(=O)(O)OP(=O)(O)O)[C@@H](O)[C@H]2O)c(=O)[nH]1 O=S(=O)([O-])[O-]
4DBM,Q8WSF8,LOC100533247,NAG 0J0,CC(=O)N[C@@H]1[C@@H](O)[C@H](O)[C@@H](CO)O[C@H]1O Cn1c(=O)cc(OCc2cn(C3C[C@H]4CC[C@@H](C3)[N+]4(C)C)nn2)c2ccccc21
4DB7,Q81VW8,FOLP,Z25 SO4,Nc1nc2[nH]nc(CCC(=O)O)c(=O)c2c(=O)[nH]1 O=S(=O)([O-])[O-]
4DAF,Q81VW8,FOLP,0J4 SO4,C[C@@H](C(=O)O)c1n[nH]c2nc(N)[nH]c(=O)c2c1=O O=S(=O)([O-])[O-]
4DA5,P35790,CHKA,0H7 SO4,OC(c1ccc(Cl)s1)(c1ccc(Cl)s1)[C@H]1CN2CCC1CC2 O=S(=O)([O-])[O-]
4D8Z,Q81VW8,FOLP,SO4 0J2,O=S(=O)([O-])[O-] C[C@H](CC(=O)O)c1n[nH]c2nc(N)[nH]c(=O)c2c1=O
4D63,Q2TLC1,,SIA,CC(=O)N[C@H]1[C@H]([C@H](O)[C@H](O)CO)O[C@@](O)(C(=O)O)C[C@@H]1O
4D62,Q2TLC1,,SIA,CC(=O)N[C@H]1[C@H]([C@H](O)[C@H](O)CO)O[C@@](O)(C(=O)O)C[C@@H]1O
4D3H,Q2G229,SAOUHSC_00452,2BA,Nc1ncnc2c1ncn2[C@@H]1O[C@@H]2CO[P@@](=O)(O)O[C@H]3[C@@H](O)[C@H](n4cnc5c(N)ncnc54)O[C@@H]3CO[P@@](=O)(O)O[C@H]2[C@H]1O
4D1J,B3PBE0,BGL35A,DGJ NA ACT,OC[C@H]1NC[C@H](O)[C@@H](O)[C@H]1O [Na+] CC(=O)[O-]
4CWT,P07900,HSP90AA1,IK9,N=c1nc2c3c(NCCO)cc(F)cc3nc(Cc3ccc4c(c3)OCO4)n2[nH]1
4CWS,P07900,HSP90AA1,G3R,Nc1nc2c3ccc(NCCO)cc3nc(Cc3ccc4c(c3)OCO4)n2n1
4CU8,A0A0H2UP19,BGAA,DGJ EDO SO4,OC[C@H]1NC[C@H](O)[C@@H](O)[C@H]1O OCCO O=S(=O)([O-])[O-]
4CSS,P08191,FIMH,CWX GOL,CNS(=O)(=O)c1ccc(-c2ccc(O[C@H]3O[C@H](CO)[C@@H](O)[C@H](O)[C@H]3O)cc2)cc1 OCC(O)CO
4CPT,P03366,GAG-POL,CL 1T8,[Cl-] COC(=O)N[C@H](C(=O)NN(CCC[C@@]1(O)Cc2ccc(cc2)C/C=C\CNC(=O)[C@H](C(C)C)NC1=O)Cc1ccc(-c2cccnc2)cc1)C(C)(C)C
4CPR,P03366,GAG-POL,378 CL,C=CCNC(=O)[C@@H](NC(=O)[C@@](O)(CCCN(Cc1ccc(-c2cccs2)cc1)NC(=O)[C@@H](NC(=O)OC)C(C)(C)C)Cc1ccc(CC=C)cc1)C(C)C [Cl-]
4CMU,Q9UM73,ALK,IV7,Cc1nn(C)c2c1-c1cnc(N)c(c1)O[C@H](C)c1cc(F)ccc1C(=O)N(C)C2
4CLJ,Q9UM73,ALK,5P8,C[C@H]1Oc2cc(cnc2N)-c2c(nn(C)c2C#N)CN(C)C(=O)c2ccc(F)cc21
4CJP,P12497,GAG-POL,4D2 CL SO4,CC(C)C[C@H](CNC(=O)c1cccnc1)Cc1ccc2c(c1C(=O)O)OCO2 [Cl-] O=S(=O)([O-])[O-]
4CJN,A0A0J9X1X5,,CD CL MUR QNZ,[Cd+2] [Cl-] C[C@@H](O[C@@H]1[C@@H](N)[C@H](O)O[C@H](CO)[C@H]1O)C(=O)O N#Cc1ccc(/C=C/c2nc3ccccc3c(=O)n2-c2cccc(C(=O)O)c2)cc1
4CGI,P12497,GAG-POL,SO4 ACT NZL,O=S(=O)([O-])[O-] CC(=O)[O-] NCCCCCC(=O)N[C@H]1Cc2ccccc2[C@@H]1Cc1ccc2c(c1C(=O)O)OCO2
4CG8,P35790,CHKA,G8S G8V,CN(C)c1cc[n+](Cc2ccc(CCCCc3ccc(C[n+]4ccc(N(C)c5ccc(Cl)cc5)cc4)cc3)cc2)cc1 CN(C)c1cc[n+](Cc2ccccc2)cc1
4CFL,O60885,BRD4,8DQ EDO GOL,O=c1cc(N2CCNCC2)oc2c(-c3ccccc3)cccc12 OCCO OCC(O)CO
4CEB,P12497,GAG-POL,SO4 ACY EDO GOL ZSV,O=S(=O)([O-])[O-] CC(=O)O OCCO OCC(O)CO C=CC[NH+](Cc1ccccc1C(=O)NCc1ccc(OC)cc1)Cc1ccc2c(c1C(=O)O)OC[C@H](CCC(=O)O)O2
4CD1,O35795,ENTPD2,8E9,Cc1cccc(Nc2cc(S(=O)(=O)O)c(N)c3c2C(=O)c2ccccc2C3=O)c1
4CD0,Q9UM73,ALK,AWJ,Cc1nc([C@](C)(O)CO)sc1-c1cnc(N)c(O[C@H](C)c2cc(F)ccc2N2NC=CN2)c1
4CC5,Q9AIU7,LIGA,SO4 L5V,O=S(=O)([O-])[O-] Clc1cncc(-c2nc[nH]n2)n1
4CA8,Q10714,ANCE,3ES SO4 ZN NAG,O=C(N[C@@H](Cc1ccccc1)P(=O)(O)C[C@H](Cc1cc(-c2ccccc2)no1)C(=O)N[C@@H](Cc1ccc(O)cc1)C(=O)O)OCc1ccccc1 O=S(=O)([O-])[O-] [Zn+2] CC(=O)N[C@@H]1[C@@H](O)[C@H](O)[C@@H](CO)O[C@H]1O
4CA7,Q10714,ANCE,ZN NAG 3EF,[Zn+2] CC(=O)N[C@@H]1[C@@H](O)[C@H](O)[C@@H](CO)O[C@H]1O O=C(N[C@@H](Cc1ccccc1)P(=O)(O)C[C@@H](Cc1cc(-c2ccccc2)no1)C(=O)N[C@@H](Cc1ccc(O)cc1)C(=O)O)OCc1ccccc1
4CA6,P12821,ACE,ZN CL PEG PG4 3EF P6G,[Zn+2] [Cl-] OCCOCCO OCCOCCOCCOCCO O=C(N[C@@H](Cc1ccccc1)P(=O)(O)C[C@@H](Cc1cc(-c2ccccc2)no1)C(=O)N[C@@H](Cc1ccc(O)cc1)C(=O)O)OCc1ccccc1 OCCOCCOCCOCCOCCOCCO
4CA5,P12821,ACE,ZN CL ACT PEG 3EF NAG,[Zn+2] [Cl-] CC(=O)[O-] OCCOCCO O=C(N[C@@H](Cc1ccccc1)P(=O)(O)C[C@@H](Cc1cc(-c2ccccc2)no1)C(=O)N[C@@H](Cc1ccc(O)cc1)C(=O)O)OCc1ccccc1 CC(=O)N[C@@H]1[C@@H](O)[C@H](O)[C@@H](CO)O[C@H]1O
4C6U,I6Y8T4,,EDO CL K TLG,OCCO [Cl-] [K+] C=C/C(C)=C\[C@@]1(C)SC(=O)C(C(C)=O)=C1O
4C5D,Q07817,BCL2L1,X0R SO4 EDO,CCCN(C(=O)N[C@@H](CSCc1ccc(Br)cc1)C(=O)O)C(=O)c1cccc(C#Cc2ccc(F)cc2F)c1 O=S(=O)([O-])[O-] OCCO
4C52,Q07817,BCL2L1,X0D SO4 EDO,CCCN(C(=O)N[C@@H](CSCC(C)C)C(=O)O)C(=O)c1cccc(C#Cc2ccc(F)cc2F)c1 O=S(=O)([O-])[O-] OCCO
4C2V,Q6DE08,AURKB-A,YJA,CCN(CCO)CCCOc1ccc2c(Nc3cc(CC(=O)Nc4cccc(F)c4)n[nH]3)ncnc2c1
4C1Y,Q4WW81,FLEA,MFB GOL PEG CA,CO[C@H]1O[C@@H](C)[C@@H](O)[C@@H](O)[C@@H]1O OCC(O)CO OCCOCCO [Ca+2]
4C0R,Q93DA5,ATMA,GDS CD CL,N[C@@H](CCC(=O)N[C@@H](CSSC[C@H](NC(=O)CC[C@H](N)C(=O)O)C(=O)NCC(=O)O)C(=O)NCC(=O)O)C(=O)O [Cd+2] [Cl-]
4BZS,P12821,ACE,ZN CL PE4 P6G PEG K26 9X6 PG4,[Zn+2] [Cl-] CCOCCOCCOCCOCCOCCOCCOCCO OCCOCCOCCOCCOCCOCCO OCCOCCO CC[C@H](C)[C@H](NC(C)=O)C(=O)N[C@@H](Cc1ccc(O)cc1)C(=O)N[C@@H](Cc1ccc(O)cc1)P(=O)(O)O O=C(O)CSCC(=O)O OCCOCCOCCOCCO
4BXK,P12821,ACE,PEG P6G 1IU ZN CL PG4 NAG,OCCOCCO OCCOCCOCCOCCOCCOCCO C[C@H](CP(=O)(O)[C@H](Cc1ccccc1)NC(=O)[C@H](N)Cc1nnn[nH]1)C(=O)N[C@@H](C)C(N)=O [Zn+2] [Cl-] OCCOCCOCCOCCO CC(=O)N[C@@H]1[C@@H](O)[C@H](O)[C@@H](CO)O[C@H]1O
4BUQ,A2IC68,FIMH,KGM,CCCCCCCO[C@H]1O[C@H](CO)[C@@H](O)[C@H](O)[C@@H]1O
4BUP,Q3U8K7,KMT5B,ZN SAM GOL,[Zn+2] C[S@@+](CC[C@H](N)C(=O)[O-])C[C@H]1O[C@@H](n2cnc3c(N)ncnc32)[C@H](O)[C@@H]1O OCC(O)CO
4BTK,Q5TCY1,TTBK1,DMS DTQ,CS(C)=O COc1cc2ncnc(Nc3cccc(O)c3)c2cc1OC
4BT5,P23616,ALDB,ZN 23B,[Zn+2] C[C@@H](O)[C@](C)(O)C(=O)O
4BT4,P23616,ALDB,ZN QFH,[Zn+2] C[C@H](O)[C@](C)(O)C(=O)O
4BR3,P35790,CHKA,U85 A4V PO4,CN(C)c1cc[n+](Cc2ccc(-c3ccc(Cn4cnc(N)c5ncnc4-5)cc3)cc2)cc1 Nc1nc[n+](Cc2ccccc2)c2[nH]cnc12 O=P([O-])([O-])[O-]
4BQS,P9WPY3,AROK,K2Q ADP,O=C(O)C1=C[C@]2(O)C=CCO[C@H](C1)[C@@H]2O Nc1ncnc2c1ncn2[C@@H]1O[C@H](CO[P@](=O)(O)OP(=O)(O)O)[C@@H](O)[C@H]1O
4BQH,Q386Q8,TB11.02.0120,SO4 9VU,O=S(=O)([O-])[O-] Cc1ccc2c(c1Br)[C@@](O)(CC(=O)c1ccc3c(c1)OCO3)C(=O)N2
4BQG,P07900,HSP90AA1,50Q,Oc1cc(O)cc(Oc2ccc(Cl)c(Cl)c2)c1
4BNY,O54438,FABG,36I,c1ccc(-c2nc(N3CCOCC3)c3sccc3n2)cc1
4BKS,Q15370,ELOB,ACT X6C,CC(=O)[O-] CC(=O)N1C[C@H](O)C[C@H]1C(=O)NCc1ccc(-c2cnco2)cc1
4BJ8,E7F650,AVD,BTN GOL,O=C(O)CCCC[C@@H]1SC[C@@H]2NC(=O)N[C@@H]21 OCC(O)CO
4BI7,P36186,,SO4 PGA,O=S(=O)([O-])[O-] O=C(O)COP(=O)(O)O
4BGX,Q6DQ34,HA,EPE NAG,O=S(=O)(O)CCN1CCN(CCO)CC1 CC(=O)N[C@@H]1[C@@H](O)[C@H](O)[C@@H](CO)O[C@H]1O
4BF6,P00918,CA2,ZN X0Q GOL,[Zn+2] N#Cc1cccc(-n2cc(-c3ccc(S(N)(=O)=O)s3)nn2)c1 OCC(O)CO
4BF1,P00918,CA2,NA 9FK ZN,[Na+] NS(=O)(=O)c1ccc(-c2cn(-c3cccc4ccccc34)nn2)s1 [Zn+2]
4BCS,P56734,AVR5,PO4 BTN PEG ACT,O=P([O-])([O-])[O-] O=C(O)CCCC[C@@H]1SC[C@@H]2NC(=O)N[C@@H]21 OCCOCCO CC(=O)[O-]
4BCP,P24941,CDK2,SGM SO4 T3C,OC[C@@H](O)CS O=S(=O)([O-])[O-] CNc1nc(C)c(-c2nc(Nc3cccc(N4CCCNCC4)c3)ncc2C#N)s1
4BCO,P24941,CDK2,T6Q SGM SO4,CNc1nc(C)c(-c2nc(Nc3cccc(N4CCCN(C(C)=O)CC4)c3)ncc2C#N)s1 OC[C@@H](O)CS O=S(=O)([O-])[O-]
4BCN,P24941,CDK2,SO4 T9N,O=S(=O)([O-])[O-] CNc1nc(C)c(-c2nc(Nc3cccc(O)c3)ncc2C#N)s1
4BCM,P24941,CDK2,SGM T7Z,OC[C@@H](O)CS CN=c1[nH]c(C)c(-c2nc(Nc3ccc(C)c(S(=O)(=O)N4CCOCC4)c3)ncc2C#N)s1
4BCK,P24941,CDK2,T3E SGM,CNc1nc(C)c(-c2nc(Nc3cccc(S(N)(=O)=O)c3)ncc2C#N)s1 OC[C@@H](O)CS
4BC5,O75191,XYLB,EDO 5FX,OCCO O=C(CO)[C@@H](O)[C@H](O)CF
4BB9,Q14397,GCKR,CA F1P,[Ca+2] O=P(O)(O)OC[C@@]1(O)OC[C@@H](O)[C@@H](O)[C@@H]1O
4BAQ,P00734,F2,NAG M4Z NA,CC(=O)N[C@@H]1[C@@H](O)[C@H](O)[C@@H](CO)O[C@H]1O CCNC(=O)CN[C@@H](C(=O)N1CC[C@H]1C(=O)NCc1ccc(C(=N)N)cc1)C1CCCCC1 [Na+]
4BAN,P00734,F2,NA M6S NAG,[Na+] CNC(=O)CN[C@@H](C(=O)N1CC[C@H]1C(=O)NCc1ccc(C(=N)N)cc1)C1CCCCC1 CC(=O)N[C@@H]1[C@@H](O)[C@H](O)[C@@H](CO)O[C@H]1O
4BAM,P00734,F2,NA MM9 NAG,[Na+] CN(C)C(=O)CN[C@@H](C(=O)N1CC[C@H]1C(=O)NCc1ccc(C(=N)N)cc1)C1CCCCC1 CC(=O)N[C@@H]1[C@@H](O)[C@H](O)[C@@H](CO)O[C@H]1O
4BAH,P00734,F2,NA MEL NAG,[Na+] N=C(N)c1ccc(CNC(=O)[C@@H]2CCN2C(=O)[C@H](NCC(=O)O)C2CCCCC2)cc1 CC(=O)N[C@@H]1[C@@H](O)[C@H](O)[C@@H](CO)O[C@H]1O
4B9Z,B3PEE6,AGD31B,OXL EDO PEG SO4,O=C([O-])C(=O)[O-] OCCO OCCOCCO O=S(=O)([O-])[O-]
4B9K,Q15370,ELOB,TG0 ACT,Cc1ncsc1-c1ccc(CNC(=O)[C@@H]2C[C@@H](O)CN2C(=O)c2cccc(N)c2C)cc1 CC(=O)[O-]
4B7R,C7FH46,NA,CA G39 EPE NAG,[Ca+2] CCC(CC)O[C@@H]1C=C(C(=O)O)C[C@H](N)[C@H]1NC(C)=O O=S(=O)(O)CCN1CCN(CCO)CC1 CC(=O)N[C@@H]1[C@@H](O)[C@H](O)[C@@H](CO)O[C@H]1O
4B7Q,C7FH46,NA,NAG ZMR CA,CC(=O)N[C@@H]1[C@@H](O)[C@H](O)[C@@H](CO)O[C@H]1O CC(=O)N[C@H]1[C@H]([C@H](O)[C@H](O)CO)OC(C(=O)O)=C[C@@H]1NC(=N)N [Ca+2]
4B7P,P07900,HSP90AA1,9UN,CN1CCC(NC(=O)c2cc(-c3c(O)cc(O)cc3Oc3ccc([N+](=O)[O-])cc3)on2)CC1
4B7J,F8UU09,NA,NAG CA G39,CC(=O)N[C@@H]1[C@@H](O)[C@H](O)[C@@H](CO)O[C@H]1O [Ca+2] CCC(CC)O[C@@H]1C=C(C(=O)O)C[C@H](N)[C@H]1NC(C)=O
4B76,P26663,,PW1,[NH3+]Cc1ccc(F)c(Oc2ccccc2)c1F
4B74,P26663,,1LH,CC[C@@H]([NH2+][C@@H](C)CC(=O)NCC[NH3+])c1ccc(Cl)c(Oc2ccccc2)c1F
4B73,P26663,,4VA,CC[C@@H]([NH2+][C@@H](C)CC(N)=O)c1ccc(Cl)c(Oc2ccccc2)c1F
4B6S,Q48255,AROQ,PO4 2HN,O=P([O-])([O-])[O-] O=C1[C@@H](O)[C@H](O)C[C@](O)(C(=O)O)[C@@H]1Cc1c(F)c(F)c(F)c(F)c1F
4B6R,Q48255,AROQ,SO4 3DQ,O=S(=O)([O-])[O-] COc1ccc(C[C@@H]2C(=O)[C@@H](O)[C@H](O)C[C@]2(O)C(=O)O)cc1
4B6P,P9WPX7,AROQ,SO4 2HN,O=S(=O)([O-])[O-] O=C1[C@@H](O)[C@H](O)C[C@](O)(C(=O)O)[C@@H]1Cc1c(F)c(F)c(F)c(F)c1F
4B6O,P9WPX7,AROQ,SO4 3DQ,O=S(=O)([O-])[O-] COc1ccc(C[C@@H]2C(=O)[C@@H](O)[C@H](O)C[C@]2(O)C(=O)O)cc1
4B5W,B1IS70,HPCH,CO CA PYR,[Co+2] [Ca+2] CC(=O)C(=O)O
4B5T,B1IS70,HPCH,CO GOL MG 2KT,[Co+2] OCC(O)CO [Mg+2] CCC(=O)C(=O)O
4B5S,B1IS70,HPCH,GOL MG PYR PO4 CO 3GR,OCC(O)CO [Mg+2] CC(=O)C(=O)O O=P([O-])([O-])[O-] [Co+2] O=C[C@H](O)CO
4B5D,I6L8L2,,SW4 NAG,OCC[C@H]1C[C@@H]1c1cncc(OC[C@@H]2CCN2)c1 CC(=O)N[C@@H]1[C@@H](O)[C@H](O)[C@@H](CO)O[C@H]1O
4B3C,O74036,RADA,PO4 5H1,O=P([O-])([O-])[O-] Oc1ccc2[nH]ccc2c1
4B35,O74036,RADA,PO4 4ME,O=P([O-])([O-])[O-] COC(=O)c1cccc2[nH]ccc12
4B34,O74036,RADA,PO4 ABV,O=P([O-])([O-])[O-] Nc1nc2ccccc2s1
4B33,O74036,RADA,PO4 1NP,O=P([O-])([O-])[O-] Oc1cccc2ccccc12
4B32,O74036,RADA,PO4 03V,O=P([O-])([O-])[O-] Oc1ccc2ccccc2c1
4B2L,O74036,RADA,PO4 TR7,O=P([O-])([O-])[O-] COC(=O)[C@@H](N)Cc1c[nH]c2ccccc12
4B2I,O74036,RADA,PO4 LZ1,O=P([O-])([O-])[O-] c1ccc2[nH]ncc2c1
4B1J,Q86W56,PARG,GOL A1R SO4,OCC(O)CO Nc1ncnc2c1ncn2[C@@H]1O[C@H](CO[P@](=O)(O)O[P@@](=O)(O)OC[C@H]2NC[C@H](O)[C@@H]2O)[C@@H](O)[C@H]1O O=S(=O)([O-])[O-]
4B0J,O33877,FABA,3MQ,OCc1cc(-c2cccs2)on1
4B0C,O33877,FABA,C9H,CCCCCSc1ncn[nH]1
4B0B,O33877,FABA,54F,Nc1cccc(Oc2ccccn2)c1
4AZI,P49610,STRH,OAN EDO BR BCN,CC(=O)N[C@H]1/C(=N\OC(=O)Nc2ccccc2)O[C@H](CO)[C@@H](O)[C@@H]1O OCCO [Br-] O=C(O)CN(CCO)CCO
4AZG,P49610,STRH,OAN ACT EDO,CC(=O)N[C@H]1/C(=N\OC(=O)Nc2ccccc2)O[C@H](CO)[C@@H](O)[C@@H]1O CC(=O)[O-] OCCO
4AZC,P49610,STRH,NGW EDO MG,C[C@H]1N[C@@H]2[C@@H](O)[C@H](O)[C@@H](CO)O[C@@H]2S1 OCCO [Mg+2]
4AZB,P49610,STRH,OAN EDO SO4,CC(=O)N[C@H]1/C(=N\OC(=O)Nc2ccccc2)O[C@H](CO)[C@@H](O)[C@@H]1O OCCO O=S(=O)([O-])[O-]
4AZ6,P49610,STRH,OAN EDO P15,CC(=O)N[C@H]1/C(=N\OC(=O)Nc2ccccc2)O[C@H](CO)[C@@H](O)[C@@H]1O OCCO COCCOCCOCCOCCOCCOCCO
4AZ5,P49610,STRH,NGW MG PE4 EDO,C[C@H]1N[C@@H]2[C@@H](O)[C@H](O)[C@@H](CO)O[C@@H]2S1 [Mg+2] CCOCCOCCOCCOCCOCCOCCOCCO OCCO
4AYU,P02743,APCS,GOL NAG N8P CA,OCC(O)CO CC(=O)N[C@@H]1[C@@H](O)[C@H](O)[C@@H](CO)O[C@H]1O CC(=O)N1CCC[C@@H]1C(=O)O [Ca+2]
4AYQ,B0SWV2,CAUL_4035,MVL PEG NA CA,OC[C@@H]1[C@@H](O)[C@H](O)[C@H](O)c2nccn21 OCCOCCO [Na+] [Ca+2]
4AXD,Q93YN9,IPK1,ANP ZN SO4 CIT,Nc1ncnc2c1ncn2[C@@H]1O[C@H](COP(=O)(O)OP(=O)(O)NP(=O)(O)O)[C@@H](O)[C@H]1O [Zn+2] O=S(=O)([O-])[O-] O=C(O)CC(O)(CC(=O)O)C(=O)O
4AX9,P00734,F2,NAG N5N NA,CC(=O)N[C@@H]1[C@@H](O)[C@H](O)[C@@H](CO)O[C@H]1O N=C(N)N1CCC[C@@H](CNC(=O)C[C@H](NS(=O)(=O)c2ccc3ccccc3c2)C(=O)N(CC(=O)O)C2CC2)C1 [Na+]
4AWJ,Q15370,ELOB,ACT V6F ACY GOL,CC(=O)[O-] CNC(=O)[C@@H]1C[C@@H](O)CN1C(C)=O CC(=O)O OCC(O)CO
4AVS,P02743,APCS,NAG CA N7P,CC(=O)N[C@@H]1[C@@H](O)[C@H](O)[C@@H](CO)O[C@H]1O [Ca+2] CC(=O)N1CCC[C@H]1C(=O)O
4AVJ,P08191,FIMH,NI J73 SO4,[Ni+2] OCc1cn(CCc2ccc(O[C@H]3O[C@H](CO)[C@@H](O)[C@H](O)[C@@H]3O)cc2)nn1 O=S(=O)([O-])[O-]
4AVI,P08191,FIMH,NI SO4 XNS,[Ni+2] O=S(=O)([O-])[O-] COC(=O)CCCCCCCCO[C@H]1O[C@H](CO)[C@@H](O)[C@H](O)[C@@H]1O
4AVH,P08191,FIMH,SO4 NI FK9,O=S(=O)([O-])[O-] [Ni+2] CCCSCCCO[C@H]1O[C@H](CO)[C@@H](O)[C@H](O)[C@@H]1O
4AV5,P08191,FIMH,FYZ SO4,OC[C@H]1O[C@H](OCC#Cc2ccc(-c3ccccc3)cc2)[C@@H](O)[C@@H](O)[C@@H]1O O=S(=O)([O-])[O-]
4AV4,P08191,FIMH,FVQ,OC[C@H]1O[C@H](OCC#Cc2cccnc2)[C@@H](O)[C@@H](O)[C@@H]1O
4AUJ,P08191,FIMH,HNW,OCC#Cc1ccc(O[C@H]2O[C@H](CO)[C@@H](O)[C@H](O)[C@@H]2O)cc1
4ATT,P08191,FIMH,HNV,COc1ccc(C#CCO[C@H]2O[C@H](CO)[C@@H](O)[C@H](O)[C@@H]2O)cc1
4ASJ,Q9HU22,RMLA,N6A CL PO4,CN(c1c(N)n(Cc2ccccc2)c(=O)[nH]c1=O)S(=O)(=O)c1ccccc1 [Cl-] O=P([O-])([O-])[O-]
4ASD,P35968,KDR,BAX,CNC(=O)c1cc(Oc2ccc(NC(=O)Nc3ccc(Cl)c(C(F)(F)F)c3)cc2)ccn1
4AS9,P02829,HSP82,4QS,COC1=C2C[C@@H](C)C[C@H](OC)[C@H](O)[C@H](C)/C=C(\C)[C@@H](OC(N)=O)[C@@H](OC)/C=C/C=C(/C)C(=O)NC(=C(C)C1=O)C2=O
4ARW,Q9HU22,RMLA,HNR MES CL GOL,CCCCn1c(N)c(N(C)S(=O)(=O)c2ccccc2)c(=O)[nH]c1=O O=S(=O)([O-])CC[NH+]1CCOCC1 [Cl-] OCC(O)CO
4ARB,P21836,ACHE,P6G NAG PEG C57,OCCOCCOCCOCCOCCOCCO CC(=O)N[C@@H]1[C@@H](O)[C@H](O)[C@@H](CO)O[C@H]1O OCCOCCO CCN1CCC[C@H]1CNC(=O)c1cc([N+](=O)[O-])c(N(C)C)cc1OC
4ARA,P21836,ACHE,C56 PEG EDO NAG 1PE CL,CCN1CCC[C@@H]1CNC(=O)c1cc([N+](=O)[O-])c(N(C)C)cc1OC OCCOCCO OCCO CC(=O)N[C@@H]1[C@@H](O)[C@H](O)[C@@H](CO)O[C@H]1O OCCOCCOCCOCCOCCO [Cl-]
4AQ6,Q88E47,HMGA,FE OMD B3P,[Fe+3] O=C(O)Cc1cc(O)ccc1O OCC(CO)(CO)NCCCNC(CO)(CO)CO
4AQ4,P0AG80,UGPB,G3P GOL CD CO MG,O=P(O)(O)OC[C@H](O)CO OCC(O)CO [Cd+2] [Co+2] [Mg+2]
4APP,O96013,PAK4,N53 GOL,CN1CCN(C(=O)N2Cc3c(n[nH]c3NC(=O)c3cccc(Oc4ccccc4)c3)C2(C)C)[C@@H](Cc2ccccc2)C1 OCC(O)CO
4AP7,P08581,MET,F47,Oc1ccc(Cc2nnc3ncc(-c4ccc(F)cc4)nn23)cc1
4AOI,P08581,MET,4K0,N#Cc1ccc(-c2cnc3nnc(Cc4c[nH]c5ncccc45)n3n2)cc1
4AN1,P23687,PREP,2P8 GOL,O=C(NCc1ccccc1)N1CCC[C@H]1C(=O)N1CCC[C@H]1[C@@H](O)CO OCC(O)CO
4AN0,P23687,PREP,2P6 GOL,N=C[C@@H]1CCCN1C(=O)[C@@H]1CCCN1C(=O)CCCc1ccccc1 OCC(O)CO
4AMZ,P23687,PREP,2P4 GOL,O=C(NCc1ccccc1)C1=CCC[C@H]1C(=O)N1CCC[C@H]1[C@@H](O)CO OCC(O)CO
4AMX,Q9STC1,AG111,5GF GOL AFR,OC[C@@]1(F)O[C@@H](O)[C@H](O)[C@@H](O)[C@@H]1O OCC(O)CO O=C1CO[C@](F)(CO)[C@@H](O)[C@@H]1O
4AMW,Q9STC1,AG111,B9D GOL 5DI,OC[C@]1(F)O[C@@H](O)[C@H](O)[C@@H](O)[C@@H]1O OCC(O)CO O=C1CO[C@@](F)(CO)[C@@H](O)[C@@H]1O
4ALX,P58154,,IZN 1PE MG,CO[C@H]1CC=C2CCN3CCC4=C(CC(=O)OC4)[C@]23C1 OCCOCCOCCOCCOCCO [Mg+2]
4AJL,P04642,LDHA,GOL 88W MLI DMS,OCC(O)CO CCNC(=O)NCCC(=O)Nc1ccc2nc(C)sc2c1 O=C([O-])CC(=O)[O-] CS(C)=O
4AJI,P04642,LDHA,88R,COc1ccc(CC(C(=O)O)C(=O)O)cc1OC
4AJE,P04642,LDHA,2B4 MLI GOL,O=C(O)C(Oc1ccc(Br)cc1)C(=O)O O=C([O-])CC(=O)[O-] OCC(O)CO
4AJ4,P04642,LDHA,VAB MLI,C=CCSc1nc2ccc(NC(=O)CCC(=O)O)cc2s1 O=C([O-])CC(=O)[O-]
4AJ2,P04642,LDHA,GOL 52C MLI,OCC(O)CO Clc1ccccc1-c1nnn[nH]1 O=C([O-])CC(=O)[O-]
4AIA,Q6G8R1,,ZN ADK SO4,[Zn+2] Cn1cnc(N)c2ncnc1-2 O=S(=O)([O-])[O-]
4AI5,Q6G8R1,,ZN ADK SO4,[Zn+2] Cn1cnc(N)c2ncnc1-2 O=S(=O)([O-])[O-]
4AHV,P12497,GAG-POL,SO4 ACY EDO TAM Z5P,O=S(=O)([O-])[O-] CC(=O)O OCCO NC(CCO)(CCO)CCO NCc1ccccc1-n1cccn1
4AHU,P12497,GAG-POL,SO4 CL GOL ICO ACY EDO,O=S(=O)([O-])[O-] [Cl-] OCC(O)CO O=C(O)c1c[nH]c2ccccc12 CC(=O)O OCCO
4AHS,P12497,GAG-POL,SO4 ACT EDO GOL AKH,O=S(=O)([O-])[O-] CC(=O)[O-] OCCO OCC(O)CO O=C(O)c1cccc2ccoc12
4AHR,P12497,GAG-POL,GOL I2E ACY SO4,OCC(O)CO O=C(O)CCc1ccc2c(c1)OCO2 CC(=O)O O=S(=O)([O-])[O-]
4AH9,P12497,GAG-POL,0MB SO4 EDO CL GOL TAM,c1ccc(-c2nsc(N3CCCNCC3)n2)cc1 O=S(=O)([O-])[O-] OCCO [Cl-] OCC(O)CO NC(CCO)(CCO)CCO
4AGC,P35968,KDR,AXI,CNC(=O)c1ccccc1Sc1ccc2c(/C=C/c3ccccn3)n[nH]c2c1
4AG8,P35968,KDR,AXI,CNC(=O)c1ccccc1Sc1ccc2c(/C=C/c3ccccn3)n[nH]c2c1
4AFH,I6L8L2,,L0B,CN1[C@@H](CC(=O)c2ccccc2)CCC[C@H]1C[C@H](O)c1ccccc1
4AFG,I6L8L2,,QMR,c1cnc2cc3c(cc2n1)[C@@H]1CNC[C@H]3C1
4AD6,A0A0H3JKY1,,GSY,Nc1nc2nc(S)n(CCO)c2c(=O)[nH]1
4AD3,D6D1V7,BXY_34140,DMJ GLC,OC[C@H]1NC[C@@H](O)[C@@H](O)[C@@H]1O OC[C@H]1O[C@H](O)[C@H](O)[C@@H](O)[C@@H]1O
4AD2,D6D1V7,BXY_34140,GLC IFM,OC[C@H]1O[C@H](O)[C@H](O)[C@@H](O)[C@@H]1O OC[C@H]1CNC[C@@H](O)[C@@H]1O
4ACI,Q8NQ97,ACNR,MG GOL CIT NA,[Mg+2] OCC(O)CO O=C(O)CC(O)(CC(=O)O)C(=O)O [Na+]
4ACC,P49841,GSK3B,DMS 7YG,CS(C)=O CN(C)CCNS(=O)(=O)c1ccc(-c2cnc(N)c(C(=O)Nc3cccnc3)n2)cc1
4ABF,P00760,PRSS1,SO4 CA EDO 513 DMS CL,O=S(=O)([O-])[O-] [Ca+2] OCCO NCc1csc2ccc(Br)cc12 CS(C)=O [Cl-]
4ABE,P00760,PRSS1,CL DMS 913 EDO CA SO4,[Cl-] CS(C)=O NCc1cccc(-n2cccn2)c1 OCCO [Ca+2] O=S(=O)([O-])[O-]
4ABD,P00760,PRSS1,DMS SW2 EDO CA SO4,CS(C)=O NCc1cccc(-n2cccc2)c1 OCCO [Ca+2] O=S(=O)([O-])[O-]
4ABB,P00760,PRSS1,K9S DMS EDO CA SO4,NCc1csc2ccccc12 CS(C)=O OCCO [Ca+2] O=S(=O)([O-])[O-]
4ABA,P00760,PRSS1,SW1 DMS EDO CA SO4,NCc1csc(-c2cccs2)n1 CS(C)=O OCCO [Ca+2] O=S(=O)([O-])[O-]
4AB9,P00760,PRSS1,DMS VXQ EDO CA SO4,CS(C)=O NCc1ccc2c(c1)CCO2 OCCO [Ca+2] O=S(=O)([O-])[O-]
4AB8,P00760,PRSS1,SO4 CA EDO VXU,O=S(=O)([O-])[O-] [Ca+2] OCCO NCc1cccc2c1OCCCO2
4A95,A5K1A2,PVX_085815,9MT NHW CL MG SO4,CCCCc1c(C)nc2ccc(OC)cc2c1SCCC#N CCCCCCCCCCCCCC(=O)CSCCNC(=O)CCNC(=O)[C@H](O)C(C)(C)COP(=O)(O)OP(=O)(O)OC[C@H]1O[C@@H](n2cnc3c(N)ncnc32)[C@H](O)[C@@H]1OP(=O)(O)O [Cl-] [Mg+2] O=S(=O)([O-])[O-]
4A7I,P00742,F10,A7I CA,CC(C)N1CCC(NS(=O)(=O)CCNC(=O)c2ccc(Cl)s2)CC1 [Ca+2]
4A6S,Q05097,LECA,CA GS9,[Ca+2] OC[C@H]1O[C@@H](Sc2ccc3ccccc3c2)[C@H](O)[C@@H](O)[C@H]1O
4A6L,P20231,TPSB2,P43,NCc1cccc(C2CCN(C(=O)c3ccc(C#Cc4ccccc4F)o3)CC2)c1
4A6C,P35963,GAG-POL,QG9,COC(=O)N[C@H](C(=O)NN(CCC[C@@]1(Cc2ccccc2)C(=O)N([C@H]2c3ccccc3C[C@H]2O)C[C@H]1O)Cc1ccc(-c2ccncc2)cc1)C(C)(C)C
4A6B,P35963,GAG-POL,QG8,COC(=O)N[C@H](C(=O)NN(CCC[C@@]1(Cc2ccccc2)C(=O)N([C@H]2c3ccccc3C[C@H]2O)C[C@H]1O)Cc1ccc(-c2ccccc2)cc1)C(C)(C)C
4A4W,P37231,PPARG,YFB,COc1cc(CCc2ccccc2)c(C(=O)O)c(O)c1C/C=C(\C)CCC=C(C)C
4A4V,P37231,PPARG,YFD,CCCCCc1cc(OC)c(CC=C(C)C)c(O)c1C(=O)O
4A4Q,Q8Q3H0,POL,UX9,COC(=O)N[C@H](C(=O)NN(CC[C@@]1(Cc2ccccc2)C(=O)N([C@H]2c3ccccc3C[C@H]2O)C[C@H]1O)Cc1ccc(-c2ccncc2)cc1)C(C)(C)C
456C,P45452,MMP13,ZN CA CBP,[Zn+2] [Ca+2] O=C(CC1(S(=O)(=O)c2ccc(Oc3ccc(Cl)cc3)cc2)CCOCC1)NO
3ZZF,Q01217,"ARG5,6",CL NLG HG GOL EDO,[Cl-] CC(=O)N[C@@H](CCC(=O)O)C(=O)O [Hg+2] OCC(O)CO OCCO
3ZZE,P08581,MET,6XP,Cc1ccc(Cl)c2c1NC(=O)[C@@H]2NNC(=O)[C@@H](C)c1ccc(O)cc1
3ZYU,O60885,BRD4,1GH EDO,COc1cc2c(cc1-c1c(C)noc1C)ncc1[nH]c(=O)n([C@H](C)c3ccccn3)c12 OCCO
3ZYF,Q05097,LECA,CA 147,[Ca+2] O=[N+]([O-])c1ccc(O[C@@H]2O[C@H](CO)[C@H](O)[C@H](O)[C@H]2O)cc1
3ZXZ,P08581,MET,KRW,OCCn1cc(-c2cnc3nnn(Cc4ccc5ncccc5c4)c3n2)cn1
3ZV7,P04058,ACHE,1PE PEG EDO NHG MES NAG CL,OCCOCCOCCOCCOCCO OCCOCCO OCCO C[C@@]12CCN[C@@H]1Nc1ccc(O)cc12 O=S(=O)([O-])CC[NH+]1CCOCC1 CC(=O)N[C@@H]1[C@@H](O)[C@H](O)[C@@H](CO)O[C@H]1O [Cl-]
3ZTC,Q15370,ELOB,TR0,Cc1cc(CC(=O)N2C[C@H](O)C[C@H]2C(=O)NCc2ccc(-c3ccccc3)cc2)on1
3ZT4,P12497,GAG-POL,ZT2 EDO ACY SO4,O=C1Cc2ccccc2/C1=C/c1ccc2c(c1C(=O)O)OCO2 OCCO CC(=O)O O=S(=O)([O-])[O-]
4F5Y,Q86WV6,STING1,CA C2E,[Ca+2] Nc1nc2c(ncn2[C@@H]2O[C@@H]3COP(=O)(O)O[C@H]4[C@@H](O)[C@H](n5cnc6c(=O)[nH]c(N)nc65)O[C@@H]4COP(=O)(O)O[C@H]3[C@H]2O)c(=O)[nH]1
4FCQ,P07900,HSP90AA1,2N6,CSc1nc(-c2ccc(C)cc2C)c2c(C#N)c[nH]c2n1
4FM7,P56817,BACE1,0UP ZN,CC(C)Oc1cc(CN2CC[C@@]3(C[C@@H]2C)CN(C)S(=O)(=O)N3c2cccc(F)c2)ccc1O [Zn+2]
4FM8,P56817,BACE1,0UQ ZN EDO,CC(C)Oc1cccc(CN2CC[C@@]3(C[C@@H]2C)CN(C)S(=O)(=O)N3c2cccc(F)c2)c1 [Zn+2] OCCO
4FZJ,P9WIL5,PANC,EOH EDO 0W1 GOL,CCO OCCO Cc1nn(C)c2sc(C(=O)O)cc12 OCC(O)CO
4G0P,O04379,AGO1,U5P,O=c1ccn([C@@H]2O[C@H](COP(=O)(O)O)[C@@H](O)[C@H]2O)c(=O)[nH]1
4G0Q,O04379,AGO1,C5P,Nc1ccn([C@@H]2O[C@H](COP(=O)(O)O)[C@@H](O)[C@H]2O)c(=O)n1
4G0Y,O04379,AGO1,AMP,Nc1ncnc2c1ncn2[C@@H]1O[C@H](COP(=O)(O)O)[C@@H](O)[C@H]1O
4G0Z,O04379,AGO1,5GP,Nc1nc2c(ncn2[C@@H]2O[C@H](COP(=O)(O)O)[C@@H](O)[C@H]2O)c(=O)[nH]1
4G4P,Q837S0,EF_0761,MES GLN,O=S(=O)([O-])CC[NH+]1CCOCC1 NC(=O)CC[C@H](N)C(=O)O
4G5F,P9WIL5,PANC,GOL 0JD 15N EDO EOH,OCC(O)CO O=C(O)[C@@H]1COc2ccccc2O1 O=C(O)[C@H]1COc2ccccc2O1 OCCO CCO
4G8V,P61823,RNASE1,0EY,O=c1ccn(Cc2cn([C@@H]3O[C@@H](CO)[C@H](O)[C@H]3O)nn2)c(=O)[nH]1
4G8Y,P61823,RNASE1,0FT,Cc1cn(Cc2cn([C@@H]3O[C@@H](CO)[C@H](O)[C@H]3O)nn2)c(=O)[nH]c1=O
4G90,P61823,RNASE1,0G0,O=c1[nH]c(=O)n(Cc2cn([C@@H]3O[C@@H](CO)[C@H](O)[C@H]3O)nn2)cc1F
4G93,P03147,C,0YP,COc1ccccc1/C(Br)=C(/NC(=O)c1ccc([N+](=O)[O-])cc1)C(=O)N1CCCCC1
4G95,P00374,DHFR,OAG SO4,Nc1nc(N)c2cc(CNc3cc(Cl)ccc3Cl)cnc2n1 O=S(=O)([O-])[O-]
4GAH,Q5T1C6,THEM4,0ET,CCCCCCCCC[C@@H](O)CSCCNC(=O)CCNC(=O)[C@H](O)C(C)(C)COP(=O)(O)OP(=O)(O)OC[C@H]1O[C@@H](n2cnc3c(N)ncnc32)[C@H](O)[C@@H]1OP(=O)(O)O
4GBD,Q9HZ64,PA3170,PO4 ZN MCF,O=P([O-])([O-])[O-] [Zn+2] CSC[C@H]1O[C@@H](n2cnc3c2N=CNC[C@H]3O)[C@H](O)[C@@H]1O
4GFO,P29597,TYK2,0X2 GOL EDO SO4,O=C1C=C(NC(=O)c2c(Cl)cccc2Cl)CC=N1 OCC(O)CO OCCO O=S(=O)([O-])[O-]
4GG7,P08581,MET,0J8,O=[N+]([O-])c1cccc(CNc2nc(C(F)(F)F)nc3ncc(-c4cnn(C5CCNCC5)c4)cc23)c1
4GIH,P29597,TYK2,0X5,O=C(Nc1ccnc(NC(=O)C2CC2)c1)c1c(Cl)cccc1Cl
4GII,P29597,TYK2,0X6,N#Cc1cc(Cl)c(C(=O)Nc2ccnc(NC(=O)C3CC3)c2)c(Cl)c1
4GJ3,P29597,TYK2,0XP,N#Cc1cc(Cl)c(C(=O)Nc2ccnc(NC(=O)[C@H]3C[C@H]3F)c2)c(Cl)c1
4GKH,B0VD92,,KAN 0J9 NA ACT CL PEG,NC[C@H]1O[C@H](O[C@H]2[C@H](O)[C@@H](O[C@H]3O[C@H](CO)[C@@H](O)[C@H](N)[C@H]3O)[C@H](N)C[C@@H]2N)[C@H](O)[C@@H](O)[C@@H]1O CC(C)(C)n1nc(-c2cccc3ccccc23)c2c(N)ncnc21 [Na+] CC(=O)[O-] [Cl-] OCCOCCO
4GKI,B0VD92,,KAN 0JN NA CL ACT PEG,NC[C@H]1O[C@H](O[C@H]2[C@H](O)[C@@H](O[C@H]3O[C@H](CO)[C@@H](O)[C@H](N)[C@H]3O)[C@H](N)C[C@@H]2N)[C@H](O)[C@@H](O)[C@@H]1O CC(C)(C)n1nc(Cc2cccc3ccccc23)c2c(N)ncnc21 [Na+] [Cl-] CC(=O)[O-] OCCOCCO
4GNY,P02754,LGB,SDS GOL,CCCCCCCCCCCCOS(=O)(=O)O OCC(O)CO
4GR8,P39900,MMP12,ZN CA R4C IMD,[Zn+2] [Ca+2] C[C@H](NC(=O)[C@H](C)NC(=O)[C@H](Cc1cc(-c2ccccc2)no1)CP(=O)(O)c1ccc(Br)cc1)C(N)=O c1c[nH+]c[nH]1
4H3G,P56817,BACE1,TLA 10Q,O=C(O)[C@H](O)[C@@H](O)C(=O)O CN1C(=N)N[C@@]2(c3cc(-c4cccc(C#N)c4)cs3)CN(c3ncccc3C#N)C[C@H]2C1=O
4H3J,P56817,BACE1,TLA 10W,O=C(O)[C@H](O)[C@@H](O)C(=O)O CN1C(=N)N[C@@]2(c3ccc(-c4ccc(F)c(C#N)c4)s3)CN(c3ccccc3)C[C@H]2C1=O
4HA5,P56817,BACE1,TLA 13W,O=C(O)[C@H](O)[C@@H](O)C(=O)O CN1C(=N)N[C@](C)(c2cc(-c3cccc(C#N)c3)cs2)CC1=O
4HBM,Q00987,MDM2,0Y7,CC[C@@H](CO)N1C(=O)[C@@H](CC(=O)O)C[C@H](c2cccc(Cl)c2)[C@H]1c1ccc(Cl)cc1
4HFP,P00734,F2,15U NA,C[C@@H]1CNc2c(cccc2S(=O)(=O)N[C@@H](CCCNC(=N)N)C(=O)N2CC[C@@H](C)C[C@@H]2C(=O)O)C1 [Na+]
4I8X,P13491,LDHA,6P3,O=C(O)c1ccc(-c2ccccc2)nc1
4I9H,P13491,LDHA,1E4,COc1cc(OC[C@@H](O)[C@@H](O)[C@H](O)[C@H](O)COc2cc(F)cc(-c3ccc(C(=O)O)cn3)c2)c(Cl)cc1NC(=O)CSc1ccc(C(=O)O)cn1
4IIC,P48825,,NAG MRD MPD NA IFM,CC(=O)N[C@@H]1[C@@H](O)[C@H](O)[C@@H](CO)O[C@H]1O C[C@@H](O)CC(C)(C)O C[C@H](O)CC(C)(C)O [Na+] OC[C@H]1CNC[C@@H](O)[C@@H]1O
4J74,P56273,MDM2,I18 SO4,CC1=N[C@@H](c2ccc(Cl)cc2)[C@@H](c2ccc(Cl)cc2)N1 O=S(=O)([O-])[O-]
4J7D,P56273,MDM2,I31 SO4,CCOc1cc(C(C)(C)C)ccc1C1=N[C@@](C)(c2ccc(Cl)cc2)[C@@](C)(c2ccc(Cl)cc2)N1 O=S(=O)([O-])[O-]
4J7E,P56273,MDM2,I29 SO4,CC1=N[C@@](C)(c2ccc(Cl)cc2)[C@@](C)(c2ccc(Cl)cc2)N1C(=O)N1CCN(CCCS(C)(=O)=O)CC1 O=S(=O)([O-])[O-]
4JAL,P0AGJ7,TRML,SAH EPE EDO,Nc1ncnc2c1ncn2[C@@H]1O[C@H](CSCC[C@H](N)C(=O)O)[C@@H](O)[C@H]1O O=S(=O)(O)CCN1CCN(CCO)CC1 OCCO
4JH0,P27487,DPP4,1MD,Cc1nc2c(c(-c3ccc(Cl)cc3Cl)c1CN)C(=O)N(CC(=O)N(C)C)C2
4JN2,,,GOL 4CC,OCC(O)CO Cn1c(CNc2ccc(C(=N)N)cc2)nc2cc(C(=O)N(CCC(=O)O)c3ccccn3)ccc21
4JNE,P0A6Y8,DNAK,MG ATP SO4 GOL,[Mg+2] Nc1ncnc2c1ncn2[C@@H]1O[C@H](CO[P@@](=O)(O)O[P@](=O)(O)OP(=O)(O)O)[C@@H](O)[C@H]1O O=S(=O)([O-])[O-] OCC(O)CO
4JNJ,,,BTN ZN,O=C(O)CCCC[C@@H]1SC[C@@H]2NC(=O)N[C@@H]21 [Zn+2]
4JPX,P30967,PHHA,CO PHE,[Co+2] N[C@@H](Cc1ccccc1)C(=O)O
4JPY,P30967,PHHA,PHE FE,N[C@@H](Cc1ccccc1)C(=O)O [Fe+3]
4JSA,P00918,CA2,ZN MBO FB2 SO4,[Zn+2] O=C(O)c1ccc([Hg])cc1 NS(=O)(=O)c1ccccc1 O=S(=O)([O-])[O-]
4JSS,P00918,CA2,SO4 BEW MBO ZN,O=S(=O)([O-])[O-] O[n+]1ccccc1S O=C(O)c1ccc([Hg])cc1 [Zn+2]
4JV8,O43924,PDE6D,1M1,c1ccc([C@@H]2Nc3ccccc3-c3nc4ccccc4n32)nc1
4JWK,D0C9L6,PTH,CTN,Nc1ccn([C@@H]2O[C@H](CO)[C@@H](O)[C@H]2O)c(=O)n1
4JYB,C5AP93,MEAB,GNP,Nc1nc2c(ncn2[C@@H]2O[C@H](CO[P@](=O)(O)O[P@](=O)(O)NP(=O)(O)O)[C@@H](O)[C@H]2O)c(=O)[nH]1
4JYC,C5AP93,MEAB,GDP,Nc1nc2c(ncn2[C@@H]2O[C@H](COP(=O)(O)OP(=O)(O)O)[C@@H](O)[C@H]2O)c(=O)[nH]1
4JYM,Q9SZU7,KAI2,KKN,Cc1c2ccocc-2oc1=O
4JYT,Q9Y5Y6,ST14,N4A,N=C(N)c1ccc(Oc2ccc(NS(=O)(=O)c3ccc4ccccc4c3)c(Oc3ccc(C(=N)N)cc3)n2)cc1
4K0Y,P11309,PIM1,PO4 1OA,O=P([O-])([O-])[O-] O=C(Nc1ccc(F)cc1)c1cnn2c(O)cc(C3CCNCC3)nc12
4K1B,P11309,PIM1,1OC PO4,O=C(Nc1c[nH]c2ncc(-c3ccccc3F)cc12)c1cnn2ccc(NC[C@H]3CCNC[C@@H]3F)nc12 O=P([O-])([O-])[O-]
4KAX,P62330,ARF6,GTP MG CIT GOL K 4IP,Nc1nc2c(ncn2[C@@H]2O[C@H](COP(=O)(O)OP(=O)(O)OP(=O)(O)O)[C@@H](O)[C@H]2O)c(=O)[nH]1 [Mg+2] O=C(O)CC(O)(CC(=O)O)C(=O)O OCC(O)CO [K+] O=P(O)(O)O[C@H]1[C@H](O)[C@@H](OP(=O)(O)O)[C@H](OP(=O)(O)O)[C@@H](OP(=O)(O)O)[C@H]1O
4KNJ,P00918,CA2,ZN E1F DMS MES,[Zn+2] NS(=O)(=O)c1ccc(C(=O)CSc2ncccn2)cc1Cl CS(C)=O O=S(=O)([O-])CC[NH+]1CCOCC1
4KOW,Q9HV14,PA4794,SO4 CFX EDO,O=S(=O)([O-])[O-] CO[C@@]1(NC(=O)Cc2cccs2)C(=O)N2C(C(=O)O)=C(COC(N)=O)CS[C@@H]21 OCCO
4LJH,Q05097,LECA,GAL MHD CA,OC[C@H]1O[C@@H](O)[C@H](O)[C@@H](O)[C@H]1O Cn1cc(O)c2ccccc21 [Ca+2]
4LKO,P27487,DPP4,1WH,COCCN1Cc2nc(C)c(CN)c(-c3ccc(Cl)cc3Cl)c2C1=O
4LL3,P03367,GAG-POL,017,CC(C)CN(C[C@@H](O)[C@H](Cc1ccccc1)NC(=O)O[C@H]1CO[C@H]2OCC[C@H]21)S(=O)(=O)c1ccc(N)cc1
4LOH,Q86WV6,STING1,1SY,Nc1nc(=O)c2ncn([C@@H]3O[C@@H]4COP(=O)(O)O[C@H]5[C@@H](O)[C@H](n6cnc7c(N)ncnc76)O[C@@H]5COP(=O)(O)O[C@@H]3[C@@H]4O)c2[nH]1
4LOO,P47811,MAPK14,SB4,Nc1nccc(-c2c(-c3ccc(F)cc3)ncn2C2CCNCC2)n1
4LXD,P10415,BCL2,1XV,O=C(NS(=O)(=O)c1ccc(NC2CCOCC2)c([N+](=O)[O-])c1)c1ccc(N2CCN(CC3=C(c4ccc(Cl)cc4)CCOC3)CC2)cc1
4LW1,P27694,RPA1,1XS,O=C(O)c1ccc(-c2ccc(F)c(Cl)c2)o1
4LVT,P10415,BCL2,1XJ,CC1(C)CCC(c2ccc(Cl)cc2)=C(CN2CCN(c3ccc(C(=O)NS(=O)(=O)c4ccc(N[C@H](CCN5CCOCC5)CSc5ccccc5)c(S(=O)(=O)C(F)(F)F)c4)cc3)CC2)C1
4LUZ,P27694,RPA1,1XT,Cc1cccc(-n2nc(C(=O)O)cc2-c2ccc(OCc3ccc(-c4ccc(C(=O)O)o4)cc3)cc2)c1
4LUV,P27694,RPA1,1XS 1DZ,O=C(O)c1ccc(-c2ccc(F)c(Cl)c2)o1 Cc1cccc(-n2nc(C(=O)O)cc2-c2ccccc2)c1
4LRR,P0A886,THYA,SO4 CF9 UMP,O=S(=O)([O-])[O-] O=C(Oc1ccc2c3c(cccc13)C(=O)O2)c1ccc([N+](=O)[O-])cc1 O=c1ccn([C@H]2C[C@H](O)[C@@H](COP(=O)(O)O)O2)c(=O)[nH]1
4LPS,O25560,HYPB,MLI GOL NI PO4 GDP MG,O=C([O-])CC(=O)[O-] OCC(O)CO [Ni+2] O=P([O-])([O-])[O-] Nc1nc2c(ncn2[C@@H]2O[C@H](COP(=O)(O)OP(=O)(O)O)[C@@H](O)[C@H]2O)c(=O)[nH]1 [Mg+2]
4LPH,P14324,FDPS,PO4 YL3,O=P([O-])([O-])[O-] Cc1ccc(-c2cc3c(NCP(=O)(O)O)ncnc3s2)cc1
4LPG,P14324,FDPS,1MV PO4,Cc1ccc(-c2cc3c(NC(P(=O)(O)O)P(=O)(O)O)ncnc3s2)cc1 O=P([O-])([O-])[O-]
4LOY,P00734,F2,6XS NA NAG,CN1CCN(C(=O)[C@H](CNC(=O)c2ccc(Cl)s2)NS(=O)(=O)c2cc(F)cc(N3CCCCC3=O)c2Cl)CC1 [Na+] CC(=O)N[C@@H]1[C@@H](O)[C@H](O)[C@@H](CO)O[C@H]1O
4LOV,P08191,FIMH,KGM GOL NA,CCCCCCCO[C@H]1O[C@H](CO)[C@@H](O)[C@H](O)[C@@H]1O OCC(O)CO [Na+]
4LOI,Q86WV6,STING1,PO4 1YC,O=P([O-])([O-])[O-] Nc1nc2c(ncn2[C@@H]2O[C@@H]3COP(=O)(O)O[C@@H]4[C@H](O)[C@@H](COP(=O)(O)O[C@@H]2[C@@H]3O)O[C@H]4n2cnc3c(N)ncnc32)c(=O)[nH]1
4LNO,P12425,GLNA,GLN MG,NC(=O)CC[C@H](N)C(=O)O [Mg+2]
4LM4,Q9Y233,PDE10A,JPZ NI,O=c1nc[nH]c2ccccc12 [Ni+2]
4LM3,Q9Y233,PDE10A,9ZE NI EDO,CC(=O)c1ccc2c(c1)OCCO2 [Ni+2] OCCO
4LM2,Q9Y233,PDE10A,NI 8ZE,[Ni+2] OCc1ccc2c(c1)OCCO2
4LM1,Q9Y233,PDE10A,7ZE NI,O=[N+]([O-])c1cccc2ncccc12 [Ni+2]
4LM0,Q9Y233,PDE10A,NI 5NI,[Ni+2] O=[N+]([O-])c1ccc2[nH]ncc2c1
4LLP,Q9Y233,PDE10A,NI 4ZE,[Ni+2] Cc1cc(N)ccc1O
4LLK,Q9Y233,PDE10A,MEW NI,Cc1nc2ccccc2c(=O)[nH]1 [Ni+2]
4LLJ,Q9Y233,PDE10A,NI 1XN,[Ni+2] Nc1[nH]c(N)c2ccccc12
4LKQ,Q9Y233,PDE10A,1XM NI,Nc1nc(=S)[nH]c2[nH]ncc12 [Ni+2]
4LK7,Q05097,LECA,GAL 04G CA,OC[C@H]1O[C@@H](O)[C@H](O)[C@@H](O)[C@H]1O O=c1ccc2nc3ccc(O)cc3oc-2c1 [Ca+2]
4LK6,Q05097,LECA,CA LRD GAL,[Ca+2] O=C1C=C/C(=C(\c2ccc(O)c(Cl)c2)c2ccccc2S(=O)(=O)O)C=C1Cl OC[C@H]1O[C@@H](O)[C@H](O)[C@@H](O)[C@H]1O
4LJ8,Q9RA63,CLPB,ADP,Nc1ncnc2c1ncn2[C@@H]1O[C@H](CO[P@](=O)(O)OP(=O)(O)O)[C@@H](O)[C@H]1O
4LJ5,Q9RA63,CLPB,ADP,Nc1ncnc2c1ncn2[C@@H]1O[C@H](CO[P@](=O)(O)OP(=O)(O)O)[C@@H](O)[C@H]1O
4LHV,P61006,RAB8A,GDP MG,Nc1nc2c(ncn2[C@@H]2O[C@H](COP(=O)(O)OP(=O)(O)O)[C@@H](O)[C@H]2O)c(=O)[nH]1 [Mg+2]
4LHM,P07650,DEOA,SO4 GOL AZZ,O=S(=O)([O-])[O-] OCC(O)CO Cc1cn([C@H]2C[C@H](N=[N+]=[N-])[C@@H](CO)O2)c(=O)[nH]c1=O
4LH3,Q8CHT0,ALDH4A1,1PE GUA,OCCOCCOCCOCCOCCO O=C(O)CCCC(=O)O
4LH2,Q8CHT0,ALDH4A1,1PE SIN,OCCOCCOCCOCCOCCO O=C(O)CCC(=O)O
4LEQ,P28720,TGT,1WK CL ZN GOL,CNc1nc2c(CC[C@H]3O[C@@H](OC)[C@H](O)[C@@H]3O)c3nc(N)[nH]c(=O)c3cc2[nH]1 [Cl-] [Zn+2] OCC(O)CO
4LED,T2LG16,PYOCIN L1,XXR,C[C@H]1O[C@H](O)[C@@H](O)[C@@H](O)[C@@H]1O
4LCH,P47205,LPXC,ZN 1WN NO3,[Zn+2] C[C@](O)(c1ccc(O)cc1)[C@H](NC(=O)c1ccc(C#CC#Cc2ccc(N)cc2)cc1)C(=O)NO O=[N+]([O-])[O-]
4LBU,P28720,TGT,1WJ ZN GOL CL,CNc1nc2c(CC[C@H]3O[C@@H](OC)[C@H](OC)[C@@H]3O)c3nc(N)[nH]c(=O)c3cc2[nH]1 [Zn+2] OCC(O)CO [Cl-]
4LAR,,,1WE,C[C@H](N)Cc1ccccc1
4L9I,P28327,GRK1,8PR MES CL,Fc1ccc([C@@H]2CCNC[C@H]2COc2ccc3c(c2)OCO3)cc1 O=S(=O)([O-])CC[NH+]1CCOCC1 [Cl-]
4L51,P76141,LSRR,HSX,O=P(O)(O)OC[C@H]1O[C@H](O)[C@H](O)[C@@H]1O
4L50,P76141,LSRR,D8X,CC(C)CC(=O)C(O)(O)[C@@H](O)COP(=O)(O)O
4L4Z,P76141,LSRR,D5X,CC(=O)C(O)(O)[C@@H](O)COP(=O)(O)O
4L4V,Q95460,MR1,1VY GOL,Cc1nc2c(=O)[nH]c(=O)nc-2n(C[C@H](O)[C@H](O)[C@H](O)CO)c1O OCC(O)CO
4L2L,P09960,LTA4H,ZN 1V6 YB ACT,[Zn+2] Nc1nc(-c2ccc(Cc3ccccc3)cc2)cs1 [Yb+3] CC(=O)[O-]
4L19,P45452,MMP13,ZN CA FMT 1UA GOL,[Zn+2] [Ca+2] O=CO Cc1ccc(CSc2nc3c(c(=O)[nH]2)CCC3)cc1 OCC(O)CO
4KZB,P00811,AMPC,NZ2 NZ3,C[C@@H](C(=O)O)N(c1ccccc1)S(C)(=O)=O C[C@H](C(=O)O)N(c1ccccc1)S(C)(=O)=O
4KZ8,P00811,AMPC,PO4 1U6,O=P([O-])([O-])[O-] CCN1C(=O)CC(=O)N(CC)C1=S
4KZ7,P00811,AMPC,1U5 PO4,CC1(C)[C@@]2(C(=O)O)CC[C@]1(C)C(=O)O2 O=P([O-])([O-])[O-]
4KZ5,P00811,AMPC,1U3 PO4,Cc1onc(-c2ccccc2Cl)c1C(=O)NCC(=O)O O=P([O-])([O-])[O-]
4KZ4,P00811,AMPC,4A1 PO4,CCCS(=O)(=O)Nc1ccccc1C(=O)O O=P([O-])([O-])[O-]
4KZ3,P00811,AMPC,1U1 PO4,NS(=O)(=O)c1cc(Cl)sc1C(=O)O O=P([O-])([O-])[O-]
4KYK,Q9CPU0,GLO1,ZN IMN,[Zn+2] COc1ccc2c(c1)c(CC(=O)O)c(C)n2C(=O)c1ccc(Cl)cc1
4KYH,Q9CPU0,GLO1,ZN ZST,[Zn+2] O=C(O)Cc1nn(Cc2nc3cc(C(F)(F)F)ccc3s2)c(=O)c2ccccc12
4KXN,O35820,DNPH1,6K6,O=P(O)(O)OC[C@H]1O[C@@H](n2cnc3c(NCc4ccco4)ncnc32)[C@H](O)[C@@H]1O
4KXB,Q07075,ENPEP,BES NAG ZN,CC(C)C[C@H](NC(=O)[C@@H](O)[C@H](N)Cc1ccccc1)C(=O)O CC(=O)N[C@@H]1[C@@H](O)[C@H](O)[C@@H](CO)O[C@H]1O [Zn+2]
4KWO,P28720,TGT,1UD ZN GOL,CNc1nc2c(CC[C@H]3O[C@@H](OC)[C@H](O)[C@@H]3OC)c3nc(N)[nH]c(=O)c3cc2[nH]1 [Zn+2] OCC(O)CO
4KWG,P05091,ALDH2,2AK NA EDO GAI,Cc1cc(Br)c2c(c1)C(=O)C(=O)N2 [Na+] OCCO N=C(N)N
4KWF,P05091,ALDH2,3AK NA EDO GAI,O=C1C(=O)N(Cc2ccccc2)c2ccccc21 [Na+] OCCO N=C(N)N
4KSY,Q86WV6,STING1,1SY,Nc1nc(=O)c2ncn([C@@H]3O[C@@H]4COP(=O)(O)O[C@H]5[C@@H](O)[C@H](n6cnc7c(N)ncnc76)O[C@@H]5COP(=O)(O)O[C@@H]3[C@@H]4O)c2[nH]1
4KS4,Q0A480,NA,1SN CA,CCC(CC)O[C@@H]1CC(C(=O)O)=C[C@H](n2cc([C@H](O)CC)nn2)[C@H]1NC(C)=O [Ca+2]
4KS2,Q0A480,NA,1SJ CA,CCC(CC)O[C@@H]1CC(C(=O)O)=C[C@H](NC(=N)N)[C@H]1NC(C)=O [Ca+2]
4KS1,Q07599,NA,NAG 2H8 CA,CC(=O)N[C@@H]1[C@@H](O)[C@H](O)[C@@H](CO)O[C@H]1O CCC(CC)O[C@@H]1CC(C(=O)O)=C[C@H](N)[C@H]1NC(C)=O [Ca+2]
4KQP,Q9CES5,GLNP,GLN,NC(=O)CC[C@H](N)C(=O)O
4KP8,O43570,CA12,ZN E1G DMS PEG EDO,[Zn+2] NS(=O)(=O)c1cccc(C(=O)CSc2ncccn2)c1 CS(C)=O OCCOCCO OCCO
4KP5,O43570,CA12,ZN E1F EDO SO4,[Zn+2] NS(=O)(=O)c1ccc(C(=O)CSc2ncccn2)cc1Cl OCCO O=S(=O)([O-])[O-]
4KOT,Q9HV14,PA4794,SO4 CE3 EDO,O=S(=O)([O-])[O-] CO/N=C(\C(=O)N[C@@H]1C(=O)N2C(C(=O)O)=C(COC(C)=O)CS[C@H]12)c1csc(N)n1 OCCO
4KO8,P55072,VCP,AGS MG,Nc1ncnc2c1ncn2[C@@H]1O[C@H](COP(=O)(O)OP(=O)(O)OP(O)(O)=S)[C@@H](O)[C@H]1O [Mg+2]
4KNN,Q8N1Q1,CA13,ZN E1F CIT EDO ACY PEG,[Zn+2] NS(=O)(=O)c1ccc(C(=O)CSc2ncccn2)cc1Cl O=C(O)CC(O)(CC(=O)O)C(=O)O OCCO CC(=O)O OCCOCCO
4KNM,Q8N1Q1,CA13,ZN E1E PGE,[Zn+2] Cc1cc(C)nc(SCC(=O)c2ccc(S(N)(=O)=O)c(Cl)c2)n1 OCCOCCOCCO
4KNI,P00918,CA2,ZN DMS MES E1E,[Zn+2] CS(C)=O O=S(=O)([O-])CC[NH+]1CCOCC1 Cc1cc(C)nc(SCC(=O)c2ccc(S(N)(=O)=O)c(Cl)c2)n1
4KN1,P14207,FOLR2,04J K CL,Nc1nc(N)c2nc(CNc3ccc(C(=O)N[C@@H](CCC(=O)O)C(=O)O)cc3)cnc2n1 [K+] [Cl-]
4KN0,P14207,FOLR2,MTX K CL,CN(Cc1cnc2nc(N)nc(N)c2n1)c1ccc(C(=O)N[C@@H](CCC(=O)O)C(=O)O)cc1 [K+] [Cl-]
4KMZ,P14207,FOLR2,FOL K CL,Nc1nc(=O)c2nc(CNc3ccc(C(=O)N[C@@H](CCC(=O)O)C(=O)O)cc3)cnc2[nH]1 [K+] [Cl-]
4KM2,P9WNX1,FOLA,ATR TOP,Nc1ncnc2c1ncn2[C@@H]1O[C@H](CO[P@@](=O)(O)OP(=O)(O)O)[C@@H](O)[C@H]1OP(=O)(O)O COc1cc(Cc2cnc(N)nc2N)cc(OC)c1OC
4KM0,P9WNX1,FOLA,CP6 ATR,CCc1nc(N)nc(N)c1-c1ccc(Cl)cc1 Nc1ncnc2c1ncn2[C@@H]1O[C@H](CO[P@@](=O)(O)OP(=O)(O)O)[C@@H](O)[C@H]1OP(=O)(O)O
4KIU,P9WPX7,AROQ,KIU,O=C(O)c1cc(OCc2cccc([N+](=O)[O-])c2)cc(C(=O)O)c1
4KIF,Q643C8,MPPJ,PPY FE HF2 CA,O=C(O)C(=O)Cc1ccccc1 [Fe+3] O=C(O)[C@H](O)Cc1ccccc1 [Ca+2]
4KFQ,P35439,GRIN1,KFQ GOL SO4,O=c1[nH]c2ccccc2n2c(S)nnc12 OCC(O)CO O=S(=O)([O-])[O-]
4KEQ,Q988B9,MLR6805,ZN 5PN GOL EDO,[Zn+2] Cc1ncc2c(c1O)COC2=O OCC(O)CO OCCO
4KB9,Q7SSI0,POL,G79 CL ACT NA GOL,COc1ccc(S(=O)(=O)N(CC(C)C)C[C@@H](O)[C@H](Cc2ccccc2)NC(=O)O[C@H]2CCC[C@H]3O[C@@H]4OCC[C@@H]4[C@@H]23)cc1 [Cl-] CC(=O)[O-] [Na+] OCC(O)CO
4KAO,Q05397,PTK2,KAO SO4,Cc1ccc(-n2nc(C(C)(C)C)cc2NC(=O)Nc2ccc(-c3cccnc3)cc2)cc1 O=S(=O)([O-])[O-]
4K9Y,Q05397,PTK2,K9Y,Cc1ccc(-n2nc(C(C)(C)C)cc2NC(=O)Nc2ccc(-n3cnc4c(N)ncnc43)cc2)cc1
4K7O,P30044,PRDX5,EKZ DMS,CC(C)(C)c1ccc(O)c(O)c1 CS(C)=O
4K7N,P30044,PRDX5,MCT,Cc1ccc(O)c(O)c1
4K7I,P30044,PRDX5,CAQ DMS,Oc1ccccc1O CS(C)=O
4K6U,Q64823,L5,ZN SIA 1P4 ACT,[Zn+2] CC(=O)N[C@H]1[C@H]([C@H](O)[C@H](O)CO)O[C@@](O)(C(=O)O)C[C@@H]1O OCCCn1cc(CN(Cc2cn(CCCO)nn2)Cc2cn(CCCO)nn2)nn1 CC(=O)[O-]
4K6T,Q64823,L5,SIA ZN ACT EDO CL 1P0 MG GOL CA,CC(=O)N[C@H]1[C@H]([C@H](O)[C@H](O)CO)O[C@@](O)(C(=O)O)C[C@@H]1O [Zn+2] CC(=O)[O-] OCCO [Cl-] OCCn1cc(CN(Cc2cn(CCO)nn2)Cc2cn(CCO)nn2)nn1 [Mg+2] OCC(O)CO [Ca+2]
4K6I,P19793,RXRA,9RA,C=C(c1ccc(C(=O)O)cc1)c1cc2c(cc1C)C(C)(C)CCC2(C)C
4K5P,O96935,M1AAP,ZN GOL MG 1OS,[Zn+2] OCC(O)CO [Mg+2] N=C(N)c1ccc([C@H](N)P(=O)(O)O)cc1
4K55,O00481,BTN3A1,H6P,C/C(=C\COP(=O)(O)OP(=O)(O)O)CO
4K4J,P19793,RXRA,1O8,CC(=C/C=C/C(C)=C/C(=O)O)/C=C1\CCCc2ccccc21
4K3N,Q8IL11,LAP,ZN CO3 1OT SO4 1PE 2PE,[Zn+2] O=C([O-])[O-] N[C@@H](c1ccc(-n2cccn2)cc1)P(=O)(O)O O=S(=O)([O-])[O-] OCCOCCOCCOCCOCCO OCCOCCOCCOCCOCCOCCOCCOCCOCCO
4K3H,,,1OM GOL MAN,CN(C)c1ccc(C(c2ccc(O)cc2)c2ccc(N(C)C)cc2)cc1 OCC(O)CO OC[C@H]1O[C@H](O)[C@@H](O)[C@@H](O)[C@@H]1O
4K0O,Q47200,F17BG,NI SO4,[Ni+2] O=S(=O)([O-])[O-]
4JZI,Q9Y5Y6,ST14,N4C,N=C(N)c1ccc(Oc2cc(C(=O)N[C@H]3CC[C@H](N)CC3)cc(Oc3ccc(C(=N)N)cc3)n2)cc1
4JZ1,Q9Y5Y6,ST14,F4D,N=C(N)c1ccc(Oc2ccc(NS(=O)(=O)c3ccc(F)cc3)c(Oc3ccc(C(=N)N)cc3)n2)cc1
4JX9,D0C9L6,PTH,URI,O=c1ccn([C@@H]2O[C@H](CO)[C@@H](O)[C@H]2O)c(=O)[nH]1
4JV6,O43924,PDE6D,18F,c1ccc(Cn2c(-c3ccccc3)nc3ccccc32)cc1
4JKW,O00481,BTN3A1,IPE,C=C(C)CCO[P@@](=O)(O)OP(=O)(O)O
4JFM,Q13451,FKBP5,1KZ,COc1ccc(OCCOC(=O)[C@@H]2CCCCN2S(=O)(=O)c2ccc3[nH]c(=O)sc3c2)cc1OC
4JFL,Q13451,FKBP5,1KY,COc1ccc(OCCN2C[C@H]3CCC[C@@H](C2=O)N3S(=O)(=O)c2ccc3[nH]c(=O)sc3c2)cc1OC
4JFK,Q13451,FKBP5,JFK,COc1ccc(OCCN2CC[C@H]3CCC[C@@H](C2=O)N3S(=O)(=O)c2ccc3[nH]c(=O)sc3c2)cc1OC
4JFJ,Q13451,FKBP5,1KU,COc1ccc(OCCN2CC[C@H]3CCC[C@@H](C2=O)N3S(=O)(=O)c2ccc3ncsc3c2)cc1OC
4JFI,Q13451,FKBP5,1KT DMS GOL,COc1cc2c(c(OC)c1)[C@@H]1[C@H]3CCC[C@@H](C(=O)N1CC2)N3C(=O)C(=O)c1cc(OC)c(OC)c(OC)c1 CS(C)=O OCC(O)CO
4JE7,Q9FV53,PDF1A,BB2 ZN,CCCCC[C@H](CC(=O)NO)C(=O)N[C@H](C(=O)N1CCC[C@H]1CO)C(C)C [Zn+2]
4JCK,P17931,LGALS3,CL,[Cl-]
4JC1,P17931,LGALS3,CL,[Cl-]
4J93,Q79791,GAG,0OE 1JR,O=C(O)c1ccc(-c2ccc3c(c2)nc(-c2cn[nH]c2-c2cccc(Cl)c2)n3CCCn2ccnc2)cc1 O=C1N[C@@H](c2cccnc2)c2c1n[nH]c2-c1ccccc1
4J22,Q9H2K2,TNKS2,ZN SO4 AJ7,[Zn+2] O=S(=O)([O-])[O-] Cc1cc(=O)[nH]c2cc(-c3ccc(C(=O)NCCN4CCOCC4)cc3Cl)ccc12
4IWZ,P00918,CA2,1GO ZN GOL DMS,NS(=O)(=O)c1nnc(NC(=O)Cc2cccs2)s1 [Zn+2] OCC(O)CO CS(C)=O
4IVA,O60674,JAK2,1J5,C[C@@H](O)c1nc2cnc3[nH]ccc3c2n1[C@H]1CC[C@H](C#N)CC1
4IUO,P58687,AROD,QIC,O=C(O)[C@]1(O)C[C@@H](O)[C@@H](O)[C@H](O)C1
4IUE,Q9H2K2,TNKS2,AJ4 SO4 ZN,Cc1cc(=O)[nH]c2cc(-c3ccccc3F)ccc12 O=S(=O)([O-])[O-] [Zn+2]
4ITP,P00918,CA2,GOL ZN 1GD DMS,OCC(O)CO [Zn+2] NS(=O)(=O)c1ccc(CNC(=O)Cc2ccccc2)cc1 CS(C)=O
4ISU,P19491,GRIA2,IKM SO4 CL,O=C(O)C[C@@]12O[C@H]3C=CCN[C@H]3[C@@H]1C(=O)N[C@H]2C(=O)O O=S(=O)([O-])[O-] [Cl-]
4ISI,P08709,F7,CA 1GG,[Ca+2] CCC1(CC)C[C@@H](C(=O)NCc2ccc(C(=N)N)cc2)n2c1c(Cl)nc(NC1CCC1)c2=O
4ISH,P08709,F7,1GE CA,COc1cc([C@@H]2Nc3ccc(C(=N)N)cc3[C@H]3c4ccccc4C[C@H]32)c(-c2ccc(C(=O)O)cc2)cc1O [Ca+2]
4IPN,A0A0H2UP35,BGLA-2,,
4IPJ,Q57265,SYNC,LMR MN,O=C(O)C[C@H](O)C(=O)O [Mn+2]
4IPI,Q57265,SYNC,LMR MN,O=C(O)C[C@H](O)C(=O)O [Mn+2]
4IO7,E9P5T5,,PHE CL,N[C@@H](Cc1ccccc1)C(=O)O [Cl-]
4IO6,E9P5T5,,MET CL,CSCC[C@H](N)C(=O)O [Cl-]
4IO5,E9P5T5,,ALA CL,C[C@H](N)C(=O)O [Cl-]
4IO4,E9P5T5,,SER CL GOL,N[C@@H](CO)C(=O)O [Cl-] OCC(O)CO
4IO3,E9P5T5,,ASP CL,N[C@@H](CC(=O)O)C(=O)O [Cl-]
4IO2,E9P5T5,,CL GLU,[Cl-] N[C@@H](CCC(=O)O)C(=O)O
4IJH,P27694,RPA1,1EJ,O=C(O)c1sc2cc(-n3c(S)nnc3-c3ccc(F)cc3)ccc2c1Cl
4IJ1,P9WFX5,TRPD,17C GOL IMD,O=C(O)c1ccccc1Nc1ccccc1C(=O)O OCC(O)CO c1c[nH+]c[nH]1
4IIF,P48825,,NAG MRD MPD CTS,CC(=O)N[C@@H]1[C@@H](O)[C@H](O)[C@@H](CO)O[C@H]1O C[C@@H](O)CC(C)(C)O C[C@H](O)CC(C)(C)O O[C@H]1[C@H](O)[C@@H](O)CN2CC[C@H](O)[C@H]12
4IIE,P48825,,NAG MRD NA CGB,CC(=O)N[C@@H]1[C@@H](O)[C@H](O)[C@@H](CO)O[C@H]1O C[C@@H](O)CC(C)(C)O [Na+] O[C@@H]1[C@@H](O)[C@H](O)[C@]2(O)CC[C@H]1N2
4IID,P48825,,NAG MRD NOJ MPD,CC(=O)N[C@@H]1[C@@H](O)[C@H](O)[C@@H](CO)O[C@H]1O C[C@@H](O)CC(C)(C)O OC[C@H]1NC[C@H](O)[C@@H](O)[C@@H]1O C[C@H](O)CC(C)(C)O
4IH6,P26663,,1EP,CC(C)[C@@H]1NC(=O)N(Cc2ccc(C(C)(C)C)cc2)C1=O
4IH3,Q8TDX5,ACMSD,ZN PDC,[Zn+2] O=C(O)c1cccc(C(=O)O)n1
4IEH,P10415,BCL2,1E9,CN(C)CC[C@H](CSc1ccccc1)Nc1ccc(S(=O)(=O)NC2=NS(=O)(=O)c3cc(N4CCN(Cc5ccccc5-c5ccc(Cl)cc5)CC4)ccc32)cc1[N+](=O)[O-]
4IDO,Q8WXF7,ATL1,GDP ALF MG,Nc1nc2c(ncn2[C@@H]2O[C@H](COP(=O)(O)OP(=O)(O)O)[C@@H](O)[C@H]2O)c(=O)[nH]1 F[Al-](F)(F)F [Mg+2]
4IDN,Q8WXF7,ATL1,GNP MG,Nc1nc2c(ncn2[C@@H]2O[C@H](CO[P@](=O)(O)O[P@](=O)(O)NP(=O)(O)O)[C@@H](O)[C@H]2O)c(=O)[nH]1 [Mg+2]
4IBK,Q05127,VP35,1DE GOL DMS,O=C(O)c1cccc(N2C(=O)C(O)=C(C(=O)c3ccc(Cl)s3)[C@@H]2c2cc(Cl)c3c(c2)OCO3)c1 OCC(O)CO CS(C)=O
4IBJ,Q05127,VP35,1D9,O=C(O)c1cccc(N2C(=O)C(O)=C(C(=O)c3cccc(C(F)(F)F)c3)[C@@H]2c2cccc(C(F)(F)F)c2)c1
4IBI,Q05127,VP35,1D8,O=C(O)c1cccc(N2C(=O)C(O)=C(C(=O)c3cccc(C(F)(F)F)c3)[C@@H]2c2cc(Cl)c3c(c2)OCO3)c1
4IBG,Q05127,VP35,1D6 SO4 GOL PO4,Cc1cccc(C(=O)C2=C(O)C(=O)N(c3ccc(CC(=O)O)cc3)[C@H]2c2cc(Cl)c3c(c2)OCO3)c1 O=S(=O)([O-])[O-] OCC(O)CO O=P([O-])([O-])[O-]
4IBF,Q05127,VP35,1D5,O=C(O)Cc1ccc(N2C(=O)C(O)=C(C(=O)c3ccc(Cl)s3)[C@@H]2c2cc(Br)cs2)cc1
4IBE,Q05127,VP35,GOL 11Y,OCC(O)CO O=C(C1=C(O)C(=O)N(c2ccc(Cl)c(C(=O)O)c2)[C@H]1c1cc(Br)cs1)c1ccccc1
4IBD,Q05127,VP35,MG GOL 1DL,[Mg+2] OCC(O)CO Cc1ccc(N2C(=O)C(O)=C(C(=O)c3ccccc3)[C@@H]2c2cc(Br)cs2)cc1C(=O)O
4IBC,Q05127,VP35,12G DMS,O=C(O)Cc1ccc(N2C(=O)C(O)=C(C(=O)c3ccccc3Cl)[C@@H]2c2ccccc2Cl)cc1 CS(C)=O
4IBB,Q05127,VP35,1DK,Cc1cc(C)c([C@@H]2C(C(=O)c3cccs3)=C(O)C(=O)N2c2ccc(CC(=O)O)cc2)cc1C
4I9U,P13491,LDHA,1E7,COc1ccc(Cl)cc1NC(=O)CSc1ccc(C(=O)O)cn1
4I8Z,P0C6F2,GAG-POL,G08,CC(C)CN(C[C@@H](O)[C@H](Cc1ccccc1)NC(=O)O[C@H]1CO[C@H]2OCC[C@H]21)S(=O)(=O)c1ccc(C(N)=O)cc1
4I8W,P0C6F2,GAG-POL,G07,CC(C)CN(C[C@@H](O)[C@H](Cc1ccccc1)NC(=O)O[C@H]1CO[C@H]2OCC[C@H]21)S(=O)(=O)c1ccc(C(=O)O)cc1
4I8N,P18031,PTPN1,1CG,O=C(O)C(=O)Nc1ccc(C[C@@H](c2nc3ccccc3o2)S(=O)(=O)Nc2ccc(F)cc2)cc1
4I7P,P00720,E,SO4 ACT HED ES3 BME,O=S(=O)([O-])[O-] CC(=O)[O-] OCCSSCCO Brc1c[nH]cn1 OCCS
4I7M,P00720,E,BME 2LP SO4 HED ACT,OCCS C=CCc1ccccc1O O=S(=O)([O-])[O-] OCCSSCCO CC(=O)[O-]
4I7L,P00720,E,SO4 HED ACT IPH BME,O=S(=O)([O-])[O-] OCCSSCCO CC(=O)[O-] Oc1ccccc1 OCCS
4I7K,P00720,E,BME MBN SO4 ACT HED,OCCS Cc1ccccc1 O=S(=O)([O-])[O-] CC(=O)[O-] OCCSSCCO
4I7J,P00720,E,BME BNZ SO4 ACT HED,OCCS c1ccccc1 O=S(=O)([O-])[O-] CC(=O)[O-] OCCSSCCO
4I74,Q57ZL6,TB03.27C5.420,TRS MBY NI CA,[NH3+]C(CO)(CO)CO OC[C@@H]1[C@@H](O)[C@@H](O)CN1Cc1csc2c(O)ncnc12 [Ni+2] [Ca+2]
4I72,Q57ZL6,TB03.27C5.420,TRS NI UA2 CA,[NH3+]C(CO)(CO)CO [Ni+2] Nc1ncnc2c([C@@H]3N[C@H](CO)[C@@H](O)[C@H]3O)c[nH]c12 [Ca+2]
4I71,Q57ZL6,TB03.27C5.420,TRS NI CA AGV,[NH3+]C(CO)(CO)CO [Ni+2] [Ca+2] Nc1ncnc2c(CN3C[C@H](O)[C@H](O)[C@H]3CO)c[nH]c12
4I5C,P23458,JAK1,EDO C5I,OCCO N#CCC(=O)N1CCC[C@@H](n2nnc3cnc4[nH]ccc4c32)C1
4I54,Q0ED31,ENV,1C1 EPE NAG,NC(=[NH2+])NC[C@H]1Cc2ccccc2[C@@H]1NC(=O)C(=O)Nc1ccc(Cl)c(F)c1 O=S(=O)(O)CCN1CCN(CCO)CC1 CC(=O)N[C@@H]1[C@@H](O)[C@H](O)[C@@H](CO)O[C@H]1O
4I3Z,P24941,CDK2,ADP MG GOL CL,Nc1ncnc2c1ncn2[C@@H]1O[C@H](CO[P@](=O)(O)OP(=O)(O)O)[C@@H](O)[C@H]1O [Mg+2] OCC(O)CO [Cl-]
4HZM,Q8ZQ06,NAGZ,1BW MES,CCCC(=O)N[C@H]1CN[C@H](CO)[C@@H](O)[C@@H]1O O=S(=O)([O-])CC[NH+]1CCOCC1
4HYM,A0A0J9WZF0,PARE,CJC,CCc1[nH]c2nc(Sc3cnc4ncc(=O)[nH]c4c3)nc(N3CC[C@@H](N)C3)c2c1Cl
4HY1,A0A0J9WZF0,PARE,19X,CCc1[nH]c2nc(Sc3ccc4c(c3)C(=O)N=C4)nc(N3CC[C@@H](N)C3)c2c1Cl
4HWS,P0A8M3,THRS,ZN 1B3,[Zn+2] C[C@@H](O)[C@H](N)C(=O)NS(=O)(=O)c1cccc(-c2ccc3c(N)nc(Cl)nc3c2)c1
4HWP,P0A8M3,THRS,ZN X16,[Zn+2] Cc1nc(N)c2ccc(-c3cccc(S(=O)(=O)NC(=O)[C@@H](N)[C@@H](C)O)c3)cc2n1
4HWO,P0A8M3,THRS,409 ZN,C[C@@H](O)[C@H](N)C(=O)NS(=O)(=O)c1cccc(-c2ccc3c(N)ncnc3c2)c1 [Zn+2]
4HWB,P78552,IL13RA1,NHE SO4,O=S(=O)(O)CCNC1CCCCC1 O=S(=O)([O-])[O-]
4HW3,Q07820,MCL1,19G,Cc1cc(OCCCc2c(C(=O)O)sc3ccccc23)cc(C)c1Cl
4HVB,P48736,PIK3CG,19P,Cc1ccc(-c2ccc3ncc4c(c3n2)n(C2CCN(C(=O)[C@H](C)O)CC2)c(=O)n4C)cn1
4HVA,P55212,CASP6,4HV,COc1ccc(-c2cc(C(=O)N[C@@H](CO)Cc3cccc(C#N)c3)co2)cc1OC
4HU1,Q8N1Q1,CA13,ZN V13 EDO PEG,[Zn+2] NS(=O)(=O)c1c(F)c(F)c(S(=O)(=O)CCO)c(F)c1F OCCO OCCOCCO
4HT2,O43570,CA12,ZN V50 PEG EDO,[Zn+2] Cc1cc(C)nc(Sc2c(F)c(F)c(S(N)(=O)=O)c(F)c2F)n1 OCCOCCO OCCO
4HT0,P00918,CA2,V50 DMS MES ZN,Cc1cc(C)nc(Sc2c(F)c(F)c(S(N)(=O)=O)c(F)c2F)n1 CS(C)=O O=S(=O)([O-])CC[NH+]1CCOCC1 [Zn+2]
4HLA,P03367,GAG-POL,017,CC(C)CN(C[C@@H](O)[C@H](Cc1ccccc1)NC(=O)O[C@H]1CO[C@H]2OCC[C@H]21)S(=O)(=O)c1ccc(N)cc1
4HJ2,P08263,GSTA1,LZ6,N[C@@H](CCC(=O)N[C@@H](CSCCN(CCCl)c1ccc(CCCC(=O)O)cc1)C(=O)NCC(=O)O)C(=O)O
4HF4,Q9Y233,PDE10A,15H GOL SO4 ZN,C[C@H](O)C1CCN(c2nccnc2Oc2ccc(Nc3nc4ccccc4s3)cc2)CC1 OCC(O)CO O=S(=O)([O-])[O-] [Zn+2]
4HEG,P03367,GAG-POL,G52,COc1ccc(S(=O)(=O)N(CC(C)C)C[C@@H](O)[C@H](Cc2ccccc2)NC(=O)O[C@H]2CO[C@H]3O[C@@H]4OCC[C@@H]4[C@H]32)cc1
4HDP,P03367,GAG-POL,CL NA G52,[Cl-] [Na+] COc1ccc(S(=O)(=O)N(CC(C)C)C[C@@H](O)[C@H](Cc2ccccc2)NC(=O)O[C@H]2CO[C@H]3O[C@@H]4OCC[C@@H]4[C@H]32)cc1
4HDF,P03367,GAG-POL,CL G52,[Cl-] COc1ccc(S(=O)(=O)N(CC(C)C)C[C@@H](O)[C@H](Cc2ccccc2)NC(=O)O[C@H]2CO[C@H]3O[C@@H]4OCC[C@@H]4[C@H]32)cc1
4HDB,P03367,GAG-POL,G52 NA CL,COc1ccc(S(=O)(=O)N(CC(C)C)C[C@@H](O)[C@H](Cc2ccccc2)NC(=O)O[C@H]2CO[C@H]3O[C@@H]4OCC[C@@H]4[C@H]32)cc1 [Na+] [Cl-]
4H85,Q00972,BCKDK,HRI K MG ADP,CC(C)C[C@@H](Cl)C(=O)O [K+] [Mg+2] Nc1ncnc2c1ncn2[C@@H]1O[C@H](CO[P@](=O)(O)OP(=O)(O)O)[C@@H](O)[C@H]1O
4H81,Q00972,BCKDK,WJ2 K MG ADP,O=C(O)[C@H](Cl)Cc1ccccc1 [K+] [Mg+2] Nc1ncnc2c1ncn2[C@@H]1O[C@H](CO[P@](=O)(O)OP(=O)(O)O)[C@@H](O)[C@H]1O
4H7Q,Q00972,BCKDK,K MG COI ADP,[K+] [Mg+2] CC(C)CC(=O)C(=O)O Nc1ncnc2c1ncn2[C@@H]1O[C@H](CO[P@](=O)(O)OP(=O)(O)O)[C@@H](O)[C@H]1O
4H4B,P49902,NT5C2,SO4 MG GOL 11H,O=S(=O)([O-])[O-] [Mg+2] OCC(O)CO O=C1c2ccc(S(=O)(=O)O)cc2C(=O)c2ccc(S(=O)(=O)O)cc21
4H42,P00749,PLAU,PG6 11E,COCCOCCOCCOCCOCCOC Nc1nc2ccc(C(=O)NCC(=O)O)cc2s1
4H3F,P56817,BACE1,10O TLA,COc1cccc(N2C[C@H]3C(=O)N(C)C(=N)N[C@@]3(c3cc(-c4cccc(C#N)c4)cs3)C2)n1 O=C(O)[C@H](O)[C@@H](O)C(=O)O
4GZX,K7N5N3,NA,NAG CA SIA,CC(=O)N[C@@H]1[C@@H](O)[C@H](O)[C@@H](CO)O[C@H]1O [Ca+2] CC(=O)N[C@H]1[C@H]([C@H](O)[C@H](O)CO)O[C@@](O)(C(=O)O)C[C@@H]1O
4GZW,K7N5N3,NA,NAG SIA CA,CC(=O)N[C@@H]1[C@@H](O)[C@H](O)[C@@H](CO)O[C@H]1O CC(=O)N[C@H]1[C@H]([C@H](O)[C@H](O)CO)O[C@@](O)(C(=O)O)C[C@@H]1O [Ca+2]
4GZT,K7N5N3,NA,G39 NAG CA,CCC(CC)O[C@@H]1C=C(C(=O)O)C[C@H](N)[C@H]1NC(C)=O CC(=O)N[C@@H]1[C@@H](O)[C@H](O)[C@@H](CO)O[C@H]1O [Ca+2]
4GZP,K7N5N3,NA,NAG G39 CA,CC(=O)N[C@@H]1[C@@H](O)[C@H](O)[C@@H](CO)O[C@H]1O CCC(CC)O[C@@H]1C=C(C(=O)O)C[C@H](N)[C@H]1NC(C)=O [Ca+2]
4GWI,Q2PHL4,SAMHPAF,MG GOL CA,[Mg+2] OCC(O)CO [Ca+2]
4GUE,P18654,RPS6KA3,SO4 MG QCT,O=S(=O)([O-])[O-] [Mg+2] C[C@@H]1O[C@@H](Oc2c(-c3ccc(O)c(O)c3)oc3cc(O)cc(O)c3c2=O)[C@H](O)[C@H](O)[C@H]1O
4GU9,Q05397,PTK2,4GU,Fc1ccccc1Nc1ncnc2[nH]ncc12
4GU6,Q05397,PTK2,10N,CN(c1ncccc1CNc1c(C#N)cnc2[nH]c(-c3ccccc3)cc12)S(C)(=O)=O
4GR3,P39900,MMP12,ZN CA R45,[Zn+2] [Ca+2] NC(=O)[C@H](CCC(=O)O)NC(=O)[C@H](CCC(=O)O)NC(=O)[C@H](Cc1cc(-c2ccccc2)no1)CP(=O)(O)c1ccc(Br)cc1
4GQR,P04746,AMY2A,NAG CA CL MYC,CC(=O)N[C@@H]1[C@@H](O)[C@H](O)[C@@H](CO)O[C@H]1O [Ca+2] [Cl-] O=c1c(O)c(-c2cc(O)c(O)c(O)c2)oc2cc(O)cc(O)c12
4GQQ,P04746,AMY2A,NAG 0XR CL CA,CC(=O)N[C@@H]1[C@@H](O)[C@H](O)[C@@H](CO)O[C@H]1O CCOC(=O)/C=C/c1ccc(O)c(O)c1 [Cl-] [Ca+2]
4GQP,,,B40,CN[C@@H](C)Cc1ccccc1
4GQL,P39900,MMP12,R47 CA ZN,NC(=O)[C@H](CCC(=O)O)NC(=O)[C@H](CCC(=O)O)NC(=O)[C@H](Cc1cc(-c2ccc(-c3cccc(Cl)c3)cc2)no1)CP(=O)(O)c1ccc(Br)cc1 [Ca+2] [Zn+2]
4GQ4,O00255,MEN1,0RT UNX EPE SO4 PE4 DMS,CC1(C)CN=C(N2CCN(c3ncnc4sc(CC(F)(F)F)cc34)CC2)S1 O=S(=O)(O)CCN1CCN(CCO)CC1 O=S(=O)([O-])[O-] CCOCCOCCOCCOCCOCCOCCOCCO CS(C)=O
4GJ2,P29597,TYK2,0XH,O=C(Nc1ccnc(NC(=O)[C@H]2C[C@H]2F)c1)c1c(Cl)cccc1Cl
4GHI,Q99814,EPAS1,0X3,O=[N+]([O-])c1c(Nc2cc(F)cc(Cl)c2)ccc2nonc12
4GGZ,Q89U61,BLL1558,BTN,O=C(O)CCCC[C@@H]1SC[C@@H]2NC(=O)N[C@@H]21
4GE1,Q86PT9,,GOL TSS,OCC(O)CO NCCc1c[nH]c2ccccc12
4G8N,P42264,GRIK3,K CL G8M,[K+] [Cl-] N[C@H](C(=O)O)[C@@H]1CC[C@@H]1C(=O)O
4G5Y,P9WIL5,PANC,ATP MG 0OC GOL EOH,Nc1ncnc2c1ncn2[C@@H]1O[C@H](CO[P@@](=O)(O)O[P@](=O)(O)OP(=O)(O)O)[C@@H](O)[C@H]1O [Mg+2] CN(C)S(=O)(=O)c1ccsc1 OCC(O)CO CCO
4G0K,P42620,YQJG,SO4 MES 0VS,O=S(=O)([O-])[O-] O=S(=O)([O-])CC[NH+]1CCOCC1 CC1=C(SC[C@H](NC(=O)CC[C@H](N)C(=O)O)C(=O)NCC(=O)O)C(=O)c2ccccc2C1=O
4FXQ,Q4MV79,BCE_G9241_PBC218_0027,G9L CL NA,O=C(CCN1CCCCC1)N1CCc2[nH]c(=O)c3cc(F)ccc3c2C1 [Cl-] [Na+]
4FXP,Q43295,APK1,ADX SO4,Nc1ncnc2c1ncn2[C@@H]1O[C@H](CO[P@](=O)(O)OS(=O)(=O)O)[C@@H](O)[C@H]1O O=S(=O)([O-])[O-]
4FUT,Q6ND88,MATB,GOL MG ATP,OCC(O)CO [Mg+2] Nc1ncnc2c1ncn2[C@@H]1O[C@H](CO[P@@](=O)(O)O[P@](=O)(O)OP(=O)(O)O)[C@@H](O)[C@H]1O
4FSL,P56817,BACE1,0VB IOD,COc1ccc(-c2nsc(C)c2C(=O)NC(=N)NCc2cc(C)c(NC(C)=O)c(Cl)c2)cc1 [I-]
4FS4,P56817,BACE1,H24 TLA,COc1cccc(-c2cccc([C@]3(C)CC(=O)N(C)C(N)=N3)c2)c1 O=C(O)[C@H](O)[C@@H](O)C(=O)O
4FP1,P11444,MDLA,MG BFM,[Mg+2] O=C(O)C(O)(C(F)(F)F)C(F)(F)F
4FNN,Q9GK12,PGLYRP1,STE,CCCCCCCCCCCCCCCCCC(=O)O
4FLP,Q58F21,BRDT,JQ1 K,Cc1sc2c(c1C)C(c1ccc(Cl)cc1)=N[C@@H](CC(=O)OC(C)(C)C)c1[nH]nc(C)[n+]1-2 [K+]
4FL2,P43405,SYK,MG ANP,[Mg+2] Nc1ncnc2c1ncn2[C@@H]1O[C@H](COP(=O)(O)OP(=O)(O)NP(=O)(O)O)[C@@H](O)[C@H]1O
4FL1,P43405,SYK,ANP MG,Nc1ncnc2c1ncn2[C@@H]1O[C@H](COP(=O)(O)OP(=O)(O)NP(=O)(O)O)[C@@H](O)[C@H]1O [Mg+2]
4FKK,P15145,ANPEP,NAG BES ZN,CC(=O)N[C@@H]1[C@@H](O)[C@H](O)[C@@H](CO)O[C@H]1O CC(C)C[C@H](NC(=O)[C@@H](O)[C@H](N)Cc1ccccc1)C(=O)O [Zn+2]
4FK6,P23458,JAK1,0UJ,CS(=O)(=O)NCc1nc2cnc3[nH]ccc3c2n1[C@@H]1C[C@H]2CC[C@@H]1C2
4FHT,Q9XAM6,SCO6704,DHB ACT,O=C(O)c1ccc(O)c(O)c1 CC(=O)[O-]
4FFS,Q9ZMY2,MTNN,BIG CL,CCCCSC[C@H]1CN(Cc2c[nH]c3c(N)ncnc23)C[C@@H]1O [Cl-]
4FEW,B0VD92,,KAN PP2 NA CL ACT PEG,NC[C@H]1O[C@H](O[C@H]2[C@H](O)[C@@H](O[C@H]3O[C@H](CO)[C@@H](O)[C@H](N)[C@H]3O)[C@H](N)C[C@@H]2N)[C@H](O)[C@@H](O)[C@@H]1O CC(C)(C)n1[nH+]c(-c2ccc(Cl)cc2)c2c(N)ncnc21 [Na+] [Cl-] CC(=O)[O-] OCCOCCO
4FEV,B0VD92,,KAN PP1 NA ACT,NC[C@H]1O[C@H](O[C@H]2[C@H](O)[C@@H](O[C@H]3O[C@H](CO)[C@@H](O)[C@H](N)[C@H]3O)[C@H](N)C[C@@H]2N)[C@H](O)[C@@H](O)[C@@H]1O Cc1ccc(-c2nn(C(C)(C)C)c3ncnc(N)c23)cc1 [Na+] CC(=O)[O-]
4FEM,G8JZT0,SUSE,EDO,OCCO
4FE9,G8JZS6,SUSF,EDO NA PO4 GOL,OCCO [Na+] O=P([O-])([O-])[O-] OCC(O)CO
4FCR,P07900,HSP90AA1,0TM,COc1cc(Cl)c(-c2nc(SCC(=O)N(C)C)nc3[nH]cc(C#N)c23)cc1OC
4FCK,P05089,ARG1,GPA CO,N=C(N)NC[C@H](N)C(=O)O [Co+2]
4FCI,P05089,ARG1,MN GPA,[Mn+2] N=C(N)NC[C@H](N)C(=O)O
4FCF,P0AD64,BLA,MA4 TAU,OC[C@H]1O[C@H](O[C@H]2[C@H](O)[C@@H](O)[C@H](OCCCCCCC3CCCCC3)O[C@@H]2CO)[C@H](O)[C@@H](O)[C@@H]1O NCCS(=O)(=O)O
4FAI,Q86PD7,ISOQC,ZN PBD CL,[Zn+2] COc1ccc(NC(=S)NCCCn2ccnc2)cc1OC [Cl-]
4F9Y,Q16539,MAPK14,GG5 LM3 PEG,Fc1ccc(-c2n[nH]cc2-c2ccncc2)cc1 CN(C)c1cc(-c2ccncc2)c(-c2cccc3ccccc23)nn1 OCCOCCO
4F9U,Q9VRQ9,QC,ZN PBD GOL,[Zn+2] COc1ccc(NC(=S)NCCCn2ccnc2)cc1OC OCC(O)CO
4F7V,P26281,FOLK,J1D,CC1(C)Nc2nc(N)[nH]c(=O)c2N=C1C(=O)NCC(=O)NCCS(=O)(=O)C[C@H]1O[C@@H](n2cnc3c(N)ncnc32)[C@H](O)[C@@H]1O
4F6W,P49336,CDK8,0SS DMS EDO FMT,Cc1ccc(-n2nc(C(C)(C)C)cc2NC(=O)NCCN2CCN(C(=O)Nc3cc(C(C)(C)C)nn3-c3ccc(C)cc3)CC2)cc1 CS(C)=O OCCO O=CO
4F6U,P49336,CDK8,0SR NA DMS EDO FMT,Cc1ccc(-n2nc(C(C)(C)C)cc2NC(=O)NCCCN2CCOCC2)cc1 [Na+] CS(C)=O OCCO O=CO
4F3K,E8NLP5,,HCE EDO,Nc1ncnc2c(CN3C[C@H](CSCC[C@H](N)C(=O)O)[C@@H](O)C3)c[nH]c12 OCCO
4F39,P19492,GRIA3,KAI ZN,C=C(C)[C@H]1CN[C@H](C(=O)O)[C@H]1CC(=O)O [Zn+2]
4F1L,Q460N5,PARP14,0RY NO3,NC(=O)c1cccc(NC(=O)/C=C\C(=O)O)c1 O=[N+]([O-])[O-]
4F0C,I7B368,,GDS SO4 GOL,N[C@@H](CCC(=O)N[C@@H](CSSC[C@H](NC(=O)CC[C@H](N)C(=O)O)C(=O)NCC(=O)O)C(=O)NCC(=O)O)C(=O)O O=S(=O)([O-])[O-] OCC(O)CO
4LY1,Q92769,HDAC2,ZN CA NA PG4 20Y NHE,[Zn+2] [Ca+2] [Na+] OCCOCCOCCOCCO CC(=O)Nc1ccc(C(=O)Nc2cc(-c3cccs3)ccc2N)cc1 O=S(=O)(O)CCNC1CCCCC1
4LYW,O60885,BRD4,21Q,CCc1c(C(=O)Nc2cc(S(=O)(=O)N(CC)CC)ccc2O)[nH]c(C)c1C(C)=O
4LZR,O60885,BRD4,LOC,COc1cc2c(c(OC)c1OC)-c1ccc(OC)c(=O)cc1[C@@H](NC(C)=O)CC2
4M13,Q08881,ITK,1E0,CCCOc1ccc2cccc(-n3cc(NC(N)=O)c(C(N)=O)n3)c2c1
4M2R,P00918,CA2,ZN BZ1,[Zn+2] CCN[C@H]1CN(CCCOC)S(=O)(=O)c2sc(S(N)(=O)=O)cc21
4M2W,P00918,CA2,ZN ETS,[Zn+2] CCN[C@H]1C[C@H](C)S(=O)(=O)c2sc(S(N)(=O)=O)cc21
4MG6,P03372,ESR1,27G GOL,CCCCOC(=O)c1ccccc1C(=O)OCc1ccccc1 OCC(O)CO
4MGA,P03372,ESR1,27L,CC(C)(C)CC(C)(C)c1ccc(O)cc1
4MGB,P03372,ESR1,XDH GOL,CC(C)(c1cc(Cl)c(O)c(Cl)c1)c1cc(Cl)c(O)c(Cl)c1 OCC(O)CO
4MR3,O60885,BRD4,EDO 1K0,OCCO COc1cc(OC)c2c(=O)[nH]c(-c3cc(C)c(OCCO)c(C)c3)nc2c1
4MR4,O60885,BRD4,EDO 1K0,OCCO COc1cc(OC)c2c(=O)[nH]c(-c3cc(C)c(OCCO)c(C)c3)nc2c1
4MR6,P25440,BRD2,EDO DMS 1K0,OCCO CS(C)=O COc1cc(OC)c2c(=O)[nH]c(-c3cc(C)c(OCCO)c(C)c3)nc2c1
4MSN,Q9Y233,PDE10A,2ZQ NI,O=[N+]([O-])c1cccc2cccnc12 [Ni+2]
4MUV,Q98GN8,MLL3241,PCG NA,Nc1nc2c(ncn2[C@@H]2O[C@@H]3CO[P@@](=O)(O)O[C@H]3[C@H]2O)c(=O)[nH]1 [Na+]
4MY6,Q8N8S7,ENAH,BR 3VH,[Br-] CC(=O)N[C@@H](Cc1ccccc1Cl)C(=O)N1CCC[C@]12C=C[C@@H]1CC[C@@H](C(=O)N3CC[C@@H]4C=C[C@H]5C=C[C@@H](C(=O)O)N5C(=O)[C@H]43)N1C2=O
4N07,P19491,GRIA2,GOL CAC ZN ACT GLU 2J9,OCC(O)CO C[As](C)(=O)[O-] [Zn+2] CC(=O)[O-] N[C@@H](CCC(=O)O)C(=O)O O=S1(=O)NCN(C2CC2)c2ccc(F)cc21
4N6G,P55212,CASP6,PO4 2GQ,O=P([O-])([O-])[O-] O=c1[nH]c(N2CCCC2)cc2ccccc12
4N6Z,P11309,PIM1,2HW GOL,Nc1nccnc1C(=O)Nc1cnccc1N1CCC[C@H](N)C1 OCC(O)CO
4N70,P11309,PIM1,2HX,C[C@H]1CN(c2ccncc2NC(=O)c2ccc(F)c(-c3c(F)cccc3F)n2)C[C@@H](N)[C@@H]1O
4N7M,P55212,CASP6,2GQ PO4,O=c1[nH]c(N2CCCC2)cc2ccccc12 O=P([O-])([O-])[O-]
4N7U,O00481,BTN3A1,2JA GOL,C/C(=C\CCP(=O)(O)OP(=O)(O)O)CO OCC(O)CO
4N8Q,P9WFX5,TRPD,FA0,Nc1cc(F)ccc1C(=O)O
4N9A,P0A988,DNAN,CL PEG 2J2 PG4 CA,[Cl-] OCCOCCO O=C(O)[C@@H]1CCCc2c1[nH]c1ccc(Cl)cc21 OCCOCCOCCOCCO [Ca+2]
4N9C,P43490,NAMPT,2ZM PO4,O=[N+]([O-])c1ccc2[nH]cnc2c1 O=P([O-])([O-])[O-]
4NA9,P08709,F7,CA 1T7,[Ca+2] N=C(N)c1ccc2c(c1)[C@@H](c1ccccc1)C[C@@H](c1cc(N)cc(-c3ccccc3C(=O)O)c1)N2
4NP2,P15379,CD44,DMS SO4 MES 2L1,CS(C)=O O=S(=O)([O-])[O-] O=S(=O)([O-])CC[NH+]1CCOCC1 Cc1nc[nH]c1CN1CCc2ccccc2C1
4NYI,P01112,HRAS,MG GNP 2PX,[Mg+2] Nc1nc2c(ncn2[C@@H]2O[C@H](CO[P@](=O)(O)O[P@](=O)(O)NP(=O)(O)O)[C@@H](O)[C@H]2O)c(=O)[nH]1 Cc1ccc2[nH]cc(CN3CCC(NC(=O)[C@@H](N)Cc4c[nH]c5ccccc45)CC3)c2c1
4O0A,P27694,RPA1,2P9,O=C(O)c1cc(-c2ccc(CNC(=S)c3ccc(-c4ccc(C(=O)O)o4)cc3Cl)cc2)n(-c2ccc(Cl)c(Cl)c2)n1
4O9V,Q9Y5Y6,ST14,NT4,N=C(N)c1ccc(Oc2cc(Oc3ccc(C(=N)N)cc3)cc(C(=O)N[C@H]3CC[C@H](N)CC3)c2)cc1
4OIV,Q96RI1,NR1H4,XX9,CN(C)c1cc(Cl)c(C(=O)N(Cc2ccccc2)c2ccc(O)c(C(C)(C)C)c2)c(Cl)c1
4POJ,P19793,RXRA,2VP,CC(=C/C=C/C(C)=C/C(=O)O)/C=C1\CCCc2ccc(C)cc21
4POP,A2RI47,THIT,2VY PG0 BNG PEG PG4 1PE PGE P6G P33,Cc1ncc(Cc2csc(C=O)c2C)c(N)n1 COCCOCCO CCCCCCCCCO[C@@H]1O[C@H](CO)[C@@H](O)[C@H](O)[C@H]1O OCCOCCO OCCOCCOCCOCCO OCCOCCOCCOCCOCCO OCCOCCOCCO OCCOCCOCCOCCOCCOCCO OCCOCCOCCOCCOCCOCCOCCO
4PYX,P00918,CA2,ZN DMS MES V90,[Zn+2] CS(C)=O O=S(=O)([O-])CC[NH+]1CCOCC1 NS(=O)(=O)c1c(F)c(F)c(SCCO)c(F)c1NC1CCCCCCC1
4PYY,P00918,CA2,ZN V14,[Zn+2] NS(=O)(=O)c1c(F)c(F)c(S(=O)(=O)CCO)c(NC2CCCCCCC2)c1F
4Q08,P00918,CA2,ZN DMS BCN MES V90,[Zn+2] CS(C)=O O=C(O)CN(CCO)CCO O=S(=O)([O-])CC[NH+]1CCOCC1 NS(=O)(=O)c1c(F)c(F)c(SCCO)c(F)c1NC1CCCCCCC1
4Q09,P00918,CA2,ZN V14 DMS EDO,[Zn+2] NS(=O)(=O)c1c(F)c(F)c(S(=O)(=O)CCO)c(NC2CCCCCCC2)c1F CS(C)=O OCCO
4Q6D,P00918,CA2,ZN DMS BCN WW3,[Zn+2] CS(C)=O O=C(O)CN(CCO)CCO NS(=O)(=O)c1ccc(N=NN2CCCCCC2)cc1
4Q6E,P00918,CA2,ZN BCN DMS KR5,[Zn+2] O=C(O)CN(CCO)CCO CS(C)=O Cc1cc(C)n(C(=O)CCNc2ccc(S(N)(=O)=O)cc2)n1
4Q93,P54577,YARS1,STL SO4 CL GOL PO4,Oc1ccc(/C=C/c2cc(O)cc(O)c2)cc1 O=S(=O)([O-])[O-] [Cl-] OCC(O)CO O=P([O-])([O-])[O-]
4QB3,O60885,BRD4,30M EDO,CC(=O)NCCCCn1c2c(c3ccccc31)C(=O)NCC2 OCCO
4QER,P59071,,STL SO4,Oc1ccc(/C=C/c2cc(O)cc(O)c2)cc1 O=S(=O)([O-])[O-]
4QEV,P25440,BRD2,31O 2PE NI GOL,COC(=O)[C@H](C)[C@@H]1N=C(c2ccc(Cl)cc2)c2cc(OC)ccc2-n2c(C)nnc21 OCCOCCOCCOCCOCCOCCOCCOCCOCCO [Ni+2] OCC(O)CO
4QEW,P25440,BRD2,GOL 2PE 31P NI,OCC(O)CO OCCOCCOCCOCCOCCOCCOCCOCCOCCO CC[C@@H](C(=O)OC)[C@@H]1N=C(c2ccc(Cl)cc2)c2cc(OC)ccc2-n2c(C)nnc21 [Ni+2]
4QIY,P00918,CA2,ZN WWX DMS BCN,[Zn+2] NS(=O)(=O)c1c(F)c(F)c(S(=O)(=O)CCO)c(N[C@H](c2ccccc2)[C@@H](O)c2ccccc2)c1F CS(C)=O O=C(O)CN(CCO)CCO
4QJ0,O43570,CA12,ZN EDO WWX,[Zn+2] OCCO NS(=O)(=O)c1c(F)c(F)c(S(=O)(=O)CCO)c(N[C@H](c2ccccc2)[C@@H](O)c2ccccc2)c1F
4QJM,P00918,CA2,ZN V1F BCN MES DMS,[Zn+2] NS(=O)(=O)c1c(F)c(F)c(S(=O)(=O)CCc2ccccc2)c(NCc2ccccc2)c1F O=C(O)CN(CCO)CCO O=S(=O)([O-])CC[NH+]1CCOCC1 CS(C)=O
4QJO,O43570,CA12,EDO ZN V1F,OCCO [Zn+2] NS(=O)(=O)c1c(F)c(F)c(S(=O)(=O)CCc2ccccc2)c(NCc2ccccc2)c1F
4QJW,O43570,CA12,ZN WWO EDO,[Zn+2] NS(=O)(=O)c1c(F)c(F)c(S(=O)(=O)CCO)c(NCc2ccccc2)c1F OCCO
4QP2,P28482,MAPK1,36R IMD,Nc1nc2cc(Cl)ccc2o1 c1c[nH+]c[nH]1
4QTL,P00918,CA2,ZN DMS MES WWO,[Zn+2] CS(C)=O O=S(=O)([O-])CC[NH+]1CCOCC1 NS(=O)(=O)c1c(F)c(F)c(S(=O)(=O)CCO)c(NCc2ccccc2)c1F
4R3W,A5MTN0,,A2P ACT EDO 3GQ NA,Nc1ncnc2c1ncn2[C@@H]1O[C@H](COP(=O)(O)O)[C@@H](O)[C@H]1OP(=O)(O)O CC(=O)[O-] OCCO O=C(O)c1cccc(C(=O)O)c1C(=O)O [Na+]
4R4C,P27694,RPA1,3HS,O=C(O)c1cc(-c2ccc(CNC(=O)c3ccc(-c4ccc(C(=O)O)o4)cc3Cl)cc2)n(-c2ccc(Cl)c(Cl)c2)n1
4R4O,P27694,RPA1,3HW,O=C(O)c1cc(-c2ccc(C(=S)NCc3ccc(-c4ccc(C(=O)O)o4)cc3)cc2)n(-c2ccc(Cl)c(Cl)c2)n1
4R4Q,P27694,RPA1,3HZ,CC(=O)N(Cc1ccc(-c2ccc(C(=O)O)o2)cc1)Cc1ccc(-c2cc(C(=O)O)nn2-c2ccc(Cl)c(Cl)c2)cc1
4R4T,P27694,RPA1,3J0,O=C(O)c1cc(-c2ccc(CNC(=S)c3ccc(-c4ccc(C(=O)O)o4)cc3)cc2)n(-c2ccc(Cl)c(Cl)c2)n1
4R5A,P00918,CA2,ZN GOL 3J4,[Zn+2] OCC(O)CO NS(=O)(=O)O[C@@H]1CCN(S(=O)(=O)[C@@H]2O[C@@H](CO)[C@@H](O)[C@H](O)[C@@H]2O)C1
4RAK,P55055,NR1H2,BU1 652,OCCCCO CC(C)(O)c1cn(-c2ccc(-c3cccc(S(C)(=O)=O)c3)cc2)c(C(C)(C)c2ccccc2Cl)n1
4RIV,P00918,CA2,ZN LSA GOL,[Zn+2] O=C1NS(=O)(=O)c2ccccc21 OCC(O)CO
4RIU,P00918,CA2,ZN GOL 3QR,[Zn+2] OCC(O)CO O=C1NS(=O)(=O)c2cc(-n3cc(CO[C@@H]4O[C@@H](CO)[C@@H](O)[C@H](O)[C@H]4O)nn3)ccc21
4RHX,P9WHQ9,HPT,3QF MG,Nc1nc2c(ncn2CCN(CCN(CC=O)CCP(=O)(O)O)CCP(=O)(O)O)c(=O)[nH]1 [Mg+2]
4RFD,P00918,CA2,ZN 3O5 BCT,[Zn+2] NCCCCOc1ccc(S(N)(=O)=O)cc1 O=C([O-])O
4RFC,P00918,CA2,ZN 3O1,[Zn+2] CC(C)(C)OC(=O)NCCCCOc1ccc(S(N)(=O)=O)cc1
4RE4,A2YPH1,OSI_27163,EPE GOL IFM,O=S(=O)(O)CCN1CCN(CCO)CC1 OCC(O)CO OC[C@H]1CNC[C@@H](O)[C@@H]1O
4RE2,A2YPH1,OSI_27163,MVL GOL EPE TRS,OC[C@@H]1[C@@H](O)[C@H](O)[C@H](O)c2nccn21 OCC(O)CO O=S(=O)(O)CCN1CCN(CCO)CC1 [NH3+]C(CO)(CO)CO
4RDN,Q9Y5A9,YTHDF2,6MD SO4,CNc1ncnc2c1ncn2[C@@H]1O[C@H](CO)[C@@H](O)[C@H]1O O=S(=O)([O-])[O-]
4RD6,Q980A5,EIF2G,GDP MG,Nc1nc2c(ncn2[C@@H]2O[C@H](COP(=O)(O)OP(=O)(O)O)[C@@H](O)[C@H]2O)c(=O)[nH]1 [Mg+2]
4RD3,Q980A5,EIF2G,PO4 GDP MG,O=P([O-])([O-])[O-] Nc1nc2c(ncn2[C@@H]2O[C@H](COP(=O)(O)OP(=O)(O)O)[C@@H](O)[C@H]2O)c(=O)[nH]1 [Mg+2]
4RD0,Q980A5,EIF2G,GDP MG CL,Nc1nc2c(ncn2[C@@H]2O[C@H](COP(=O)(O)OP(=O)(O)O)[C@@H](O)[C@H]2O)c(=O)[nH]1 [Mg+2] [Cl-]
4RA1,Q52012,ACCA,EDO PEG BNX ALX,OCCO OCCOCCO O=P(O)(O)O[C@@H]1[C@@H](O)[C@H](O)[C@@H](CO)O[C@H]1O O=P(O)(O)O[C@@H]1[C@@H](O)[C@H](O)[C@@H](CO)O[C@@H]1O
4R76,Q8IL11,LAP,ZN CO3 R5X SO4 1PE,[Zn+2] O=C([O-])[O-] Nc1cccc(C(=O)N[C@@H](C(=O)NO)c2ccc(-n3cccn3)cc2)c1 O=S(=O)([O-])[O-] OCCOCCOCCOCCOCCO
4R75,A3N294,AFUA,PGE GOL S7P,OCCOCCOCCO OCC(O)CO O=P(O)(O)OC[C@@H](O)[C@H]1O[C@](O)(CO)[C@@H](O)[C@@H]1O
4R74,A3N294,AFUA,MG TRS GOL F6P,[Mg+2] [NH3+]C(CO)(CO)CO OCC(O)CO O=P(O)(O)OC[C@H]1O[C@](O)(CO)[C@@H](O)[C@@H]1O
4R73,A3N294,AFUA,G6P M6P GOL CL,O=P(O)(O)OC[C@H]1O[C@H](O)[C@H](O)[C@@H](O)[C@@H]1O O=P(O)(O)OC[C@H]1O[C@H](O)[C@@H](O)[C@@H](O)[C@@H]1O OCC(O)CO [Cl-]
4R5T,O96935,M1AAP,ZN DMS GOL R5T,[Zn+2] CS(C)=O OCC(O)CO CC(C)(C)OC(=O)N[C@H](C(=O)NO)c1ccc(-n2cccn2)cc1
4R5B,P00918,CA2,3J4 GOL ZN,NS(=O)(=O)O[C@@H]1CCN(S(=O)(=O)[C@@H]2O[C@@H](CO)[C@@H](O)[C@H](O)[C@@H]2O)C1 OCC(O)CO [Zn+2]
4R59,P00918,CA2,ZN GOL 3J3,[Zn+2] OCC(O)CO NS(=O)(=O)OC1CCN(S(=O)(=O)[C@H]2O[C@H](CO)[C@H](O)[C@H](O)[C@H]2O)CC1
4R0A,Q9NR97,TLR8,URI NAG,O=c1ccn([C@@H]2O[C@H](CO)[C@@H](O)[C@H]2O)c(=O)[nH]1 CC(=O)N[C@@H]1[C@@H](O)[C@H](O)[C@@H](CO)O[C@H]1O
4QYY,P63086,MAPK1,SO4 3G7,O=S(=O)([O-])[O-] CC(=O)c1ccc(N2CCN(C(=O)CN3CC[C@@H](C(=O)Nc4ccc(O)c(Cl)c4)C3)CC2)cc1
4QY3,P00918,CA2,HGB 3G1 ZN,O=C(O)c1ccc([Hg]O)cc1 O=C(O)c1ccccc1[S@@](=O)Cc1ccccc1 [Zn+2]
4QXR,Q86WV6,STING1,SO4 1YE,O=S(=O)([O-])[O-] Cc1ccc2c(=O)c3cccc(CC(=O)O)c3oc2c1C
4QXQ,Q86WV6,STING1,1YE SO4,Cc1ccc2c(=O)c3cccc(CC(=O)O)c3oc2c1C O=S(=O)([O-])[O-]
4QXO,Q86WV6,STING1,1YE,Cc1ccc2c(=O)c3cccc(CC(=O)O)c3oc2c1C
4QVX,Q07817,BCL2L1,3CQ,CN(C)CC#Cc1ccc(OCCCc2sc(N3CCc4cccc(C(=O)Nc5nc6ccccc6s5)c4C3)nc2C(=O)O)c(F)c1
4QSX,Q6PL18,ATAD2,SO4 EDO 38S,O=S(=O)([O-])[O-] OCCO Cc1cn([C@H]2CC[C@@H](CO)O2)c(=O)[nH]c1=O
4QSW,Q6PL18,ATAD2,SO4 EDO 38T,O=S(=O)([O-])[O-] OCCO Cc1cn([C@@H]2O[C@H](CO)[C@@H](O)[C@H]2O)c(=O)[nH]c1=O
4QSV,Q6PL18,ATAD2,SO4 EDO THM,O=S(=O)([O-])[O-] OCCO Cc1cn([C@H]2C[C@H](O)[C@@H](CO)O2)c(=O)[nH]c1=O
4QSU,Q6PL18,ATAD2,SO4 EDO TDR,O=S(=O)([O-])[O-] OCCO Cc1c[nH]c(=O)[nH]c1=O
4QRH,A0A0J9X1Z9,GMK,EDO 0O2 K MG SO4,OCCO Nc1nc2c(ncn2[C@@H]2O[C@H](COP(=O)(O)OP(=O)(O)OP(=O)(O)O)[C@@H](OP(=O)(O)OP(=O)(O)O)[C@H]2O)c(=O)[nH]1 [K+] [Mg+2] O=S(=O)([O-])[O-]
4QPL,Q9CZW6,RNF146,V3L ZN,Nc1ncnc2c1ncn2[C@@H]1O[C@H](COP(=O)(O)O)[C@@H](O)[C@H]1O[C@H]1O[C@H](COP(=O)(O)O)[C@@H](O)[C@H]1O [Zn+2]
4QPD,E3NZ06,ALDH1L1,THG PEG,Nc1nc2c(c(=O)[nH]1)N[C@@H](CNc1ccc(C(=O)N[C@@H](CCC(=O)O)C(=O)O)cc1)CN2 OCCOCCO
4QNB,P12497,GAG-POL,1B0,Cc1[nH]c2ccccc2c1CC(=O)N[C@@H](Cc1ccccc1)C(=O)N(C)c1ccccc1
4QLL,Q75I93,BGLU7,ZN SO4 MES,[Zn+2] O=S(=O)([O-])[O-] O=S(=O)([O-])CC[NH+]1CCOCC1
4QLK,Q75I93,BGLU7,ZN SO4 MES,[Zn+2] O=S(=O)([O-])[O-] O=S(=O)([O-])CC[NH+]1CCOCC1
4QL1,P61964,WDR5,GOL EDO UNX 35Q,OCC(O)CO OCCO CN1CCN(c2ccc(-c3cccc(CN4CCOCC4)c3)cc2NC(=O)c2c[nH]c(=O)cc2C(F)(F)F)CC1
4QJX,Q8N1Q1,CA13,WWO EDO PEG ZN,NS(=O)(=O)c1c(F)c(F)c(S(=O)(=O)CCO)c(NCc2ccccc2)c1F OCCO OCCOCCO [Zn+2]
4QJP,Q8N1Q1,CA13,CIT EDO V1F PEG ZN,O=C(O)CC(O)(CC(=O)O)C(=O)O OCCO NS(=O)(=O)c1c(F)c(F)c(S(=O)(=O)CCc2ccccc2)c(NCc2ccccc2)c1F OCCOCCO [Zn+2]
4QIZ,Q8N1Q1,CA13,WWX EDO ZN,NS(=O)(=O)c1c(F)c(F)c(S(=O)(=O)CCO)c(N[C@H](c2ccccc2)[C@@H](O)c2ccccc2)c1F OCCO [Zn+2]
4QIJ,P9WNP5,MENB,1HA,CC(C)(COP(=O)(O)OP(=O)(O)OC[C@H]1O[C@@H](n2cnc3c(N)ncnc32)[C@H](O)[C@@H]1OP(=O)(O)O)[C@@H](O)C(=O)NCCC(=O)NCCSC(=O)c1ccc2ccccc2c1O
4QHC,P9WKD3,BLAC,PO4 33V,O=P([O-])([O-])[O-] O=C(O)[C@@H]1CS[C@H]([C@H]2C[C@@H]3CCSCN3N2)[C@@H](CO)CN1
4QGI,P0C6F2,GAG-POL,ROC GOL,CC(C)(C)NC(=O)[C@@H]1C[C@@H]2CCCC[C@@H]2CN1C[C@@H](O)[C@H](Cc1ccccc1)NC(=O)[C@H](CC(N)=O)NC(=O)c1ccc2ccccc2n1 OCC(O)CO
4QGE,H2QL32,PDE9A,MG ZN 35O,[Mg+2] [Zn+2] COc1ccc(NC(=O)[C@@H](C)Nc2nc(=O)c3cnn(C4CCCC4)c3[nH]2)cc1
4QGD,P59071,,PZZ,CN(C)Cc1c[nH]c2c(CCCO)cccc12
4QF9,P22756,GRIK1,35K SO4 PG4 CL GOL ACT,N[C@@H](CCc1ccc2[nH]c(=O)c(=O)[nH]c2c1)C(=O)O O=S(=O)([O-])[O-] OCCOCCOCCOCCO [Cl-] OCC(O)CO CC(=O)[O-]
4QF8,P59071,,SO4 SPD,O=S(=O)([O-])[O-] NCCCCNCCCN
4QF7,P59071,,C0R,C[C@]12C[C@H](O)[C@H]3[C@@H](CCC4=CC(=O)CC[C@@]43C)[C@@H]1CC[C@@H]2C(=O)CO
4QEM,P59071,,HC4 SO4,O=C(O)/C=C/c1ccc(O)cc1 O=S(=O)([O-])[O-]
4QDK,Q55467,CHLM,GOL SAH,OCC(O)CO Nc1ncnc2c1ncn2[C@@H]1O[C@H](CSCC[C@H](N)C(=O)O)[C@@H](O)[C@H]1O
4QAB,P58154,,KK2 NAG PO4,Nc1nc(-c2ccc(C(F)(F)F)cc2)cc(N2CCOCC2)n1 CC(=O)N[C@@H]1[C@@H](O)[C@H](O)[C@@H](CO)O[C@H]1O O=P([O-])([O-])[O-]
4Q9Y,P00918,CA2,ZN M3T MBO GOL DMS,[Zn+2] Cc1cccc(S)c1 O=C(O)c1ccc([Hg])cc1 OCC(O)CO CS(C)=O
4Q9O,Q8DRB3,UPPS,2ZW SO4,Cc1onc(-c2ccccc2Cl)c1C(=O)Nc1ccc(C(C)C)cc1 O=S(=O)([O-])[O-]
4Q99,P00918,CA2,DMS GOL MBO HT4 ZN,CS(C)=O OCC(O)CO O=C(O)c1ccc([Hg])cc1 Cc1ccc(O)c(S)c1 [Zn+2]
4Q90,P00918,CA2,DMS MBO 4H2 ZN,CS(C)=O O=C(O)c1ccc([Hg])cc1 Cc1cc[nH]c(=S)c1 [Zn+2]
4Q8Y,P00918,CA2,ZN MBO HQT,[Zn+2] O=C(O)c1ccc([Hg])cc1 On1ccc2ccccc2c1=S
4Q8X,P00918,CA2,ZN MBO DMS 7FH,[Zn+2] O=C(O)c1ccc([Hg])cc1 CS(C)=O On1cc(C(F)(F)F)ccc1=S
4Q87,P00918,CA2,ZN MBO 4FH DMS,[Zn+2] O=C(O)c1ccc([Hg])cc1 On1ccc(C(F)(F)F)cc1=S CS(C)=O
4Q83,P00918,CA2,MBO 3FH ZN,O=C(O)c1ccc([Hg])cc1 On1cccc(C(F)(F)F)c1=S [Zn+2]
4Q81,P00918,CA2,MBO 7MH DMS ZN,O=C(O)c1ccc([Hg])cc1 Cc1cc(C)n(O)c(=S)c1 CS(C)=O [Zn+2]
4Q7W,P00918,CA2,NA DMS MBO 6MH ZN,[Na+] CS(C)=O O=C(O)c1ccc([Hg])cc1 Cc1cccc(=S)n1O [Zn+2]
4Q7V,P00918,CA2,ZN 5MH MBO DMS,[Zn+2] Cc1ccc(=S)n(O)c1 O=C(O)c1ccc([Hg])cc1 CS(C)=O
4Q7S,P00918,CA2,ZN 2YU MBO,[Zn+2] Cc1ccn(O)c(=S)c1 O=C(O)c1ccc([Hg])cc1
4Q7P,P00918,CA2,ZN 3MH MBO DMS,[Zn+2] Cc1cccn(O)c1=S O=C(O)c1ccc([Hg])cc1 CS(C)=O
4Q4S,P28720,TGT,ZN GOL S98,[Zn+2] OCC(O)CO Nc1nc2cc3nc(NCc4cccs4)[nH]c3cc2c(=O)[nH]1
4Q4R,P28720,TGT,ZN GOL SQO,[Zn+2] OCC(O)CO O=c1[nH]cnc2cc3nc(NCCN4CCOCC4)[nH]c3cc12
4Q4Q,P28720,TGT,ZN GOL SAQ,[Zn+2] OCC(O)CO O=c1[nH]cnc2cc3nc(NCc4cccs4)[nH]c3cc12
4Q4P,P28720,TGT,ZN GOL DMS CL 2YO,[Zn+2] OCC(O)CO CS(C)=O [Cl-] O=c1nc[nH]c2cc3[nH]c(NCCN4CCCCC4)nc3cc12
4Q4O,P28720,TGT,ZN DMS GOL CL 2YM,[Zn+2] CS(C)=O OCC(O)CO [Cl-] Nc1nc(=O)c2cc3nc(NCCN4CCCCC4)[nH]c3cc2[nH]1
4Q46,A0A0J9X1Z6,,GDP,Nc1nc2c(ncn2[C@@H]2O[C@H](COP(=O)(O)OP(=O)(O)O)[C@@H](O)[C@H]2O)c(=O)[nH]1
4Q3U,Q6WVP6,,MN GOL NNH,[Mn+2] OCC(O)CO N=C(NO)NCC[C@H](N)C(=O)O
4Q3T,Q6WVP6,,HAR GOL MN,N=C(NO)NCCC[C@H](N)C(=O)O OCC(O)CO [Mn+2]
4Q1Y,P04585,GAG-POL,PO4 ACT 017,O=P([O-])([O-])[O-] CC(=O)[O-] CC(C)CN(C[C@@H](O)[C@H](Cc1ccccc1)NC(=O)O[C@H]1CO[C@H]2OCC[C@H]21)S(=O)(=O)c1ccc(N)cc1
4Q1X,P04585,GAG-POL,017 GOL PO4,CC(C)CN(C[C@@H](O)[C@H](Cc1ccccc1)NC(=O)O[C@H]1CO[C@H]2OCC[C@H]21)S(=O)(=O)c1ccc(N)cc1 OCC(O)CO O=P([O-])([O-])[O-]
4Q1W,P04585,GAG-POL,PO4 017 ACT,O=P([O-])([O-])[O-] CC(C)CN(C[C@@H](O)[C@H](Cc1ccccc1)NC(=O)O[C@H]1CO[C@H]2OCC[C@H]21)S(=O)(=O)c1ccc(N)cc1 CC(=O)[O-]
4Q1A,P27707,DCK,2XZ UDP,CCCc1sc(-c2ccc(OC)c(OCCO)c2)nc1CSc1nc(N)cc(N)n1 O=c1ccn([C@@H]2O[C@H](COP(=O)(O)OP(=O)(O)O)[C@@H](O)[C@H]2O)c(=O)[nH]1
4Q19,P27707,DCK,2XL UDP,CCCc1sc(-c2ccc(OC)c(O)c2)nc1CSc1nc(N)cc(N)n1 O=c1ccn([C@@H]2O[C@H](COP(=O)(O)OP(=O)(O)O)[C@@H](O)[C@H]2O)c(=O)[nH]1
4Q0K,G7J032,MTR_3G055120,GOL GA3,OCC(O)CO C=C1C[C@]23C[C@@]1(O)CC[C@H]2[C@@]12C=C[C@H](O)[C@@](C)(C(=O)O1)[C@H]2[C@@H]3C(=O)O
4PZV,Q5NGA7,FOLK,J1D EDO,CC1(C)Nc2nc(N)[nH]c(=O)c2N=C1C(=O)NCC(=O)NCCS(=O)(=O)C[C@H]1O[C@@H](n2cnc3c(N)ncnc32)[C@H](O)[C@@H]1O OCCO
4PV5,Q9CPU0,GLO1,CBW ZN,CC1(C)[C@@H](O)CC[C@]2(C)[C@H]3C(=O)C=C4[C@@H]5C[C@@](C)(C(=O)O)CC[C@]5(C)CC[C@@]4(C)[C@]3(C)CC[C@@H]12 [Zn+2]
4PUM,P28720,TGT,2WU GOL ZN,CNc1nc2cc3c(=O)[nH]c(N)nc3cc2[nH]1 OCC(O)CO [Zn+2]
4PSB,A0A1S3THR8,CSBP,GA3,C=C1C[C@]23C[C@@]1(O)CC[C@H]2[C@@]12C=C[C@H](O)[C@@](C)(C(=O)O1)[C@H]2[C@@H]3C(=O)O
4PQN,Q08881,ITK,P4G 2W6,CCOCCOCCOCC CN(C)CC[C@@H](c1ccccc1)n1cc(NC(=O)c2n[nH]c3c2CCC(C)(C)C3)cn1
4PP5,P19793,RXRA,2W0,CC(=C/C=C/C(C)=C/C(=O)O)/C=C1/CCCc2c(C)cccc21
4PP3,P19793,RXRA,2VZ,CC(=C/C=C/C(C)=C/C(=O)O)/C=C1\CCCc2cc(C)ccc21
4PP0,P35120,NOCT,OP1 EDO PEG,N=C(N)NCCC[C@@H](C(=O)O)N1C(=O)CC[C@@H]1C(=O)O OCCO OCCOCCO
4POW,P35120,NOCT,OP1 EDO,N=C(N)NCCC[C@@H](C(=O)O)N1C(=O)CC[C@@H]1C(=O)O OCCO
4POH,P19793,RXRA,2VR,CC(=C/C=C/C(C)=C/C(=O)O)/C=C1\CCCc2cccc(C)c21
4PNW,U6NCW5,,PEG CL CA 2VM,OCCOCCO [Cl-] [Ca+2] O=C(Cn1c2c(c3cc(Br)ccc31)CC[C@@H](C(=O)O)C2)N[C@@H](Cc1ccccc1)C(=O)O
4PNU,U6NCW5,,PEG CA 2VD CL,OCCOCCO [Ca+2] O=C(Cn1c2c(c3cc(Br)ccc31)CC[C@@H](C(=O)O)C2)N[C@H](Cc1ccccc1)C(=O)O [Cl-]
4PMM,P04629,NTRK1,ACT CL GOL 31V,CC(=O)[O-] [Cl-] OCC(O)CO COc1cc(-c2cn(CC(=O)Nc3cc(C4CC4)nn3-c3ccccc3)nn2)ccc1-n1cnc(C)c1
4PIN,A0R5M8,EGTD,PO4 AVI,O=P([O-])([O-])[O-] CN(C)[C@@H](Cc1c[nH]cn1)C(=O)O
4PHU,O14842,FFAR1,DMS 1PE OLC 2YB,CS(C)=O OCCOCCOCCOCCOCCO CCCCCCCC/C=C\CCCCCCCC(=O)OC[C@H](O)CO Cc1cc(OCCCS(C)(=O)=O)cc(C)c1-c1cccc(COc2ccc3c(c2)OC[C@H]3CC(=O)O)c1
4PFU,G4FEC0,,MG SO4,[Mg+2] O=S(=O)([O-])[O-]
4PFT,Q9X0V0,TM_1223,MG NO3,[Mg+2] O=[N+]([O-])[O-]
4PF5,P02866,,EDO M3N MN,OCCO OCc1cn([C@H]2O[C@H](CO)[C@@H](O)[C@H](O)[C@@H]2O)nn1 [Mn+2]
4PEE,Q8A3I4,BT_2970,2OX IMD SO4,C[C@@H]1N[C@@H](c2cn(-c3ccccc3)nn2)[C@H](O)[C@@H]1O c1c[nH+]c[nH]1 O=S(=O)([O-])[O-]
4PD5,Q9KPL5,VC_2352,GEO DMU NA,Nc1ccn([C@@H]2O[C@H](CO)[C@@H](O)C2(F)F)c(=O)n1 CCCCCCCCCCO[C@@H]1O[C@H](CO)[C@@H](O[C@H]2O[C@H](CO)[C@@H](O)[C@H](O)[C@H]2O)[C@H](O)[C@H]1O [Na+]
4PB2,Q9KPL5,VC_2352,5UD NA DMU,O=c1[nH]c(=O)n([C@@H]2O[C@H](CO)[C@@H](O)[C@H]2O)cc1F [Na+] CCCCCCCCCCO[C@@H]1O[C@H](CO)[C@@H](O[C@H]2O[C@H](CO)[C@@H](O)[C@H](O)[C@H]2O)[C@H](O)[C@H]1O
4PB1,Q9KPL5,VC_2352,RBV NA DMU,NC(=O)c1ncn([C@@H]2O[C@H](CO)[C@@H](O)[C@H]2O)n1 [Na+] CCCCCCCCCCO[C@@H]1O[C@H](CO)[C@@H](O[C@H]2O[C@H](CO)[C@@H](O)[C@H](O)[C@H]2O)[C@H](O)[C@H]1O
4P6X,P04150,NR3C1,HCY,C[C@]12CCC(=O)C=C1CC[C@@H]1[C@@H]2[C@@H](O)C[C@@]2(C)[C@H]1CC[C@]2(O)C(=O)CO
4P6W,P04150,NR3C1,MOF,C[C@@H]1C[C@H]2[C@@H]3CCC4=CC(=O)C=C[C@]4(C)[C@@]3(Cl)[C@@H](O)C[C@]2(C)[C@@]1(OC(=O)c1ccco1)C(=O)CCl
4P6C,Q9KKP2,RIBB,RES,O=C(NO)[C@H](O)[C@H](O)COP(=O)(O)O
4P5Z,P29320,EPHA3,Q7M,NC(=O)c1c(N)n(-c2ccc(NC(=O)Nc3cccc(C(F)(F)F)c3)cc2)c2nc3ccccc3nc12
4P5D,O35820,DNPH1,N6P SO4,O=P(O)(O)OC[C@H]1O[C@@H](n2cnc3c(-c4ccc5ccccc5c4)ncnc32)[C@H](O)[C@@H]1O O=S(=O)([O-])[O-]
4P58,O88587,COMT,2F6,Cc1nn(C)cc1-c1cc[nH]n1
4P3H,Q2HRB6,ORF17,DMS GOL 25G,CS(C)=O OCC(O)CO O=C(Nc1ccc(-c2nnn[nH]2)cc1Cc1ccccc1)c1cccc(CC2CCCCC2)n1
4OZJ,B8ZYW1,GLNK2,ADP,Nc1ncnc2c1ncn2[C@@H]1O[C@H](CO[P@](=O)(O)OP(=O)(O)O)[C@@H](O)[C@H]1O
4OYT,A5K8L9,PVX_100730,1W9 FON GOL TRS ETF,Cc1ncc(COP(=O)(O)O)c(C=N[C@H](CO)C(=O)O)c1O Nc1nc(=O)c2c([nH]1)NC[C@@H](CNc1ccc(C(=O)N[C@@H](CCC(=O)O)C(=O)O)cc1)N2C=O OCC(O)CO [NH3+]C(CO)(CO)CO OCC(F)(F)F
4OWV,P9WFX5,TRPD,BE2 GOL PO4,Nc1ccccc1C(=O)O OCC(O)CO O=P([O-])([O-])[O-]
4OVH,U6NCW5,,PEG PG4 CA CL 2VE,OCCOCCO OCCOCCOCCOCCO [Ca+2] [Cl-] O=C(O)CNC(=O)Cn1c2c(c3cc(Br)ccc31)CC[C@@H](C(=O)O)C2
4OVG,U6NCW5,,2VF PEG CA PG4 EDO CL PGE,NC(=O)Cn1c2c(c3cc(Cl)ccc31)CC[C@@H](C(=O)O)C2 OCCOCCO [Ca+2] OCCOCCOCCOCCO OCCO [Cl-] OCCOCCOCCO
4OVF,U6NCW5,,PGE CL 2VG CA PEG PG4,OCCOCCOCCO [Cl-] O=C(O)[C@@H]1CCc2c([nH]c3ccc(Cl)cc23)C1 [Ca+2] OCCOCCO OCCOCCOCCOCCO
4OUJ,B1INP8,HA33,,
4ORY,P41222,PTGDS,PEU,COCCOCCOCCOCCOCCOCCOCCOCCOCCOCCOCCOCCOCCOCCOCCOCCOCCOCCOCCOCCOCCOCCOCCOCCOCCOCCOCCO
4ORX,P41222,PTGDS,SO4 PEU,O=S(=O)([O-])[O-] COCCOCCOCCOCCOCCOCCOCCOCCOCCOCCOCCOCCOCCOCCOCCOCCOCCOCCOCCOCCOCCOCCOCCOCCOCCOCCOCCO
4OR6,A0A0J9X1Y8,,GDP,Nc1nc2c(ncn2[C@@H]2O[C@H](COP(=O)(O)OP(=O)(O)O)[C@@H](O)[C@H]2O)c(=O)[nH]1
4OR4,A0A0J9X1Y8,,M7G,C[n+]1cn([C@@H]2O[C@H](COP(=O)(O)OP(=O)(O)O)[C@@H](O)[C@H]2O)c2nc(N)[nH]c(=O)c21
4OO9,P41594,GRM5,OLA 2U8 MES,CCCCCCCC/C=C\CCCCCCCC(=O)O COC(=O)N1CC[C@@H]2[C@H]1CCC[C@@]2(O)C#Cc1cccc(C)c1 O=S(=O)([O-])CC[NH+]1CCOCC1
4OMK,O76054,SEC14L2,SO4 CL SQL IPA,O=S(=O)([O-])[O-] [Cl-] CC(C)=CCC/C(C)=C/CC/C(C)=C/CC/C=C(\C)CC/C=C(\C)CCC=C(C)C CC(C)O
4OMJ,O76054,SEC14L2,2TX CL SO4,CC(C)=CCC/C(C)=C/CC/C(C)=C/CC/C=C(\C)CC/C=C(\C)CC[C@@H]1OC1(C)C [Cl-] O=S(=O)([O-])[O-]
4OMA,Q84AR1,MEGL,PEG CL PGE LCS,OCCOCCO [Cl-] OCCOCCOCCO Cc1ncc(COP(=O)(O)O)c(CN=C2CONC2=O)c1O
4OLD,P00811,AMPC,2UZ PO4,N[C@H](C(=O)O)[C@@H]1NC(C(=O)O)=CCS1 O=P([O-])([O-])[O-]
4OKS,K4KA16,,CA 2T9,[Ca+2] COc1ccc([N+](=O)[O-])cc1Cn1cc(CC(=O)O)c2ccc(-c3cc(N)cc(N)c3)cc21
4OKP,P00811,AMPC,2V0 PO4,CC1=C(C(=O)O)N[C@@H]([C@H](N)C(=O)O)SC1 O=P([O-])([O-])[O-]
4OG3,O00255,MEN1,DMS PEG PG4 2S6 SO4,CS(C)=O OCCOCCO OCCOCCOCCOCCO N#Cc1ccc(OCCCN2CCC([C@@](O)(c3ccccc3)C3CCCC3)CC2)cc1 O=S(=O)([O-])[O-]
4OEX,O76074,PDE5A,5EO ZN MG,CCCOc1ccc(S(=O)(=O)N2CCN(C)CC2)cc1-c1nc(CC)cc(=O)[nH]1 [Zn+2] [Mg+2]
4OEU,Q0P844,CJ1584C,NI HIS MG PEG GOL,[Ni+2] N[C@@H](Cc1c[nH]c[nH+]1)C(=O)O [Mg+2] OCCOCCO OCC(O)CO
4OEG,P09038,FGF2,,
4OEF,P09038,FGF2,,
4OEE,P09038,FGF2,,
4OD0,P34913,EPHX2,PO4 2RV MG,O=P([O-])([O-])[O-] CCC(=O)N1CCC(NC(=O)Nc2ccc(OC(F)(F)F)cc2)CC1 [Mg+2]
4OCZ,P34913,EPHX2,PO4 2RU MG,O=P([O-])([O-])[O-] CC(C)C(=O)N1CCC(NC(=O)Nc2ccc(C(F)(F)F)cc2)CC1 [Mg+2]
4OCT,Q6P6C2,ALKBH5,UNX AKG MN,O=C(O)CCC(=O)C(=O)O [Mn+2]
4OCQ,E8MF12,NAHK,A2G,CC(=O)N[C@@H]1[C@@H](O)[C@@H](O)[C@@H](CO)O[C@@H]1O
4OC5,Q04609,FOLH1,NAG ZN CA CL 2QM,CC(=O)N[C@@H]1[C@@H](O)[C@H](O)[C@@H](CO)O[C@H]1O [Zn+2] [Ca+2] [Cl-] O=C(N[C@@H](CCCCNC(=O)c1ccc(I)cc1)C(=O)O)N[C@H](C(=O)O)c1ccc(O)cc1
4OC3,Q04609,FOLH1,NAG ZN CA CL 2QP,CC(=O)N[C@@H]1[C@@H](O)[C@H](O)[C@@H](CO)O[C@H]1O [Zn+2] [Ca+2] [Cl-] O=C(N[C@@H](CCCCNC(=O)c1ccc(I)cc1)C(=O)O)N[C@@H](Cc1ccco1)C(=O)O
4OC2,Q04609,FOLH1,NAG ZN CA CL 2QQ,CC(=O)N[C@@H]1[C@@H](O)[C@H](O)[C@@H](CO)O[C@H]1O [Zn+2] [Ca+2] [Cl-] C#CC[C@H](NC(=O)N[C@@H](CCCCNC(=O)c1ccc(I)cc1)C(=O)O)C(=O)O
4OC1,Q04609,FOLH1,NAG ZN CA CL 2QS,CC(=O)N[C@@H]1[C@@H](O)[C@H](O)[C@@H](CO)O[C@H]1O [Zn+2] [Ca+2] [Cl-] O=C(N[C@@H](CCCCNC(=O)c1ccc(I)cc1)C(=O)O)N[C@@H](C[C@H]1CO1)C(=O)O
4OC0,Q04609,FOLH1,NAG ZN CA CL 2R7,CC(=O)N[C@@H]1[C@@H](O)[C@H](O)[C@@H](CO)O[C@H]1O [Zn+2] [Ca+2] [Cl-] O=C(N[C@@H](CCCCNC(=O)c1ccc(I)cc1)C(=O)O)NC1(C(=O)O)CC1
4OBV,A7B1V0,RUMGNA_01526,2SU 3SO,N[C@](CF)(Cc1c[nH]c2ccccc12)C(=O)O Cc1ncc(COP(=O)(O)O)c(/C=C/C(=O)Cc2c[nH]c3ccccc23)c1O
4OAG,Q8BGV8,MIEF1,ADP SO4,Nc1ncnc2c1ncn2[C@@H]1O[C@H](CO[P@](=O)(O)OP(=O)(O)O)[C@@H](O)[C@H]1O O=S(=O)([O-])[O-]
4O97,Q9Y5Y6,ST14,NTX,N=C(N)c1cccc(COc2cc(OCc3cccc(C(=N)N)c3)cc(C(=O)N[C@H]3CC[C@H](N)CC3)c2)c1
4O61,Q6P6C2,ALKBH5,GOL CIT UNL UNX,OCC(O)CO O=C(O)CC(O)(CC(=O)O)C(=O)O
4O3F,P09411,PGK1,TZN 3PG,COc1cc2nc(N3CCN(C(=O)[C@H]4CCCO4)CC3)nc(N)c2cc1OC O=C(O)[C@H](O)COP(=O)(O)O
4O3A,P19491,GRIA2,GOL ASP ZN ACT PEG CL,OCC(O)CO N[C@@H](CC(=O)O)C(=O)O [Zn+2] CC(=O)[O-] OCCOCCO [Cl-]
4O2P,P00523,SRC,11V,Cl[C@@H](Cn1ncc2c(Nc3ccccc3)nc(SCCN3CCOCC3)nc21)c1ccccc1
4O2B,P81947,,GTP MG GOL CA GDP LOC MES PEG IMD ACP,Nc1nc2c(ncn2[C@@H]2O[C@H](COP(=O)(O)OP(=O)(O)OP(=O)(O)O)[C@@H](O)[C@H]2O)c(=O)[nH]1 [Mg+2] OCC(O)CO [Ca+2] Nc1nc2c(ncn2[C@@H]2O[C@H](COP(=O)(O)OP(=O)(O)O)[C@@H](O)[C@H]2O)c(=O)[nH]1 COc1cc2c(c(OC)c1OC)-c1ccc(OC)c(=O)cc1[C@@H](NC(C)=O)CC2 O=S(=O)([O-])CC[NH+]1CCOCC1 OCCOCCO c1c[nH+]c[nH]1 Nc1ncnc2c1ncn2[C@@H]1O[C@H](CO[P@@](=O)(O)O[P@@](=O)(O)CP(=O)(O)O)[C@@H](O)[C@H]1O
4O0Y,O96013,PAK4,2OO,CCNc1nc2ccc(C#CC(C)(C)O)cc2n1-c1ncnc(N)n1
4O0X,O96013,PAK4,2OQ,Cc1nc2ccc(C#CC3(O)CCCCC3)cc2n1-c1ncnc(N)n1
4O0T,Q13153,PAK1,2OL,COCCNc1nc2ccc(C#CC3(O)CCCCC3)cc2n1-c1ccnc(N)n1
4O0B,P07900,HSP90AA1,2QA,Cc1cn(-c2cc3c(c(C4CCCC4)c2)C(=O)NCC3)c2c1C(=O)CC(C)(C)C2
4O09,P07900,HSP90AA1,2R6,Cc1cn(-c2cc3c(c(CC(C)C)c2)C(=O)NCC3)c2c1C(=O)CC(C)(C)C2
4O07,P07900,HSP90AA1,FGH,CC(C)Cc1cc(-n2c3c(c4c2CC(C)(C)CC4=O)CCN(C)C3)cc2c1C(=O)NCC2
4O05,P07900,HSP90AA1,2Q9,CC(C)Nc1cc(-n2c3c(c4c2CC(C)(C)CC4=O)CCN(C)C3)cc2c1C(=O)NCC2
4O04,P07900,HSP90AA1,2Q8,CN1CCc2c3c(n(-c4ccc(C(N)=O)cc4)c2C1)CC(C)(C)CC3=O
4NYT,Q15485,FCN2,ACT CA PO4 NAG PC,CC(=O)[O-] [Ca+2] O=P([O-])([O-])[O-] CC(=O)N[C@@H]1[C@@H](O)[C@H](O)[C@@H](CO)O[C@H]1O C[N+](C)(C)CCOP(=O)(O)O
4NYM,P01112,HRAS,MG GNP RND,[Mg+2] Nc1nc2c(ncn2[C@@H]2O[C@H](CO[P@](=O)(O)O[P@](=O)(O)NP(=O)(O)O)[C@@H](O)[C@H]2O)c(=O)[nH]1 N[C@@H](Cc1c[nH]c2ccccc12)C(=O)NC1CCN(Cc2c[nH]c3ccccc23)CC1
4NYF,P0C6F2,GAG-POL,4BI CD,Cc1nc2ccccc2c(-c2ccc(Cl)cc2)c1[C@H](OC(C)(C)C)C(=O)O [Cd+2]
4NXV,Q9NQG6,MIEF1,GOL SO4 GDP,OCC(O)CO O=S(=O)([O-])[O-] Nc1nc2c(ncn2[C@@H]2O[C@H](COP(=O)(O)OP(=O)(O)O)[C@@H](O)[C@H]2O)c(=O)[nH]1
4NXU,Q9NQG6,MIEF1,GOL SO4 ADP,OCC(O)CO O=S(=O)([O-])[O-] Nc1ncnc2c1ncn2[C@@H]1O[C@H](CO[P@](=O)(O)OP(=O)(O)O)[C@@H](O)[C@H]1O
4NWC,P42264,GRIK3,2QE CL PO4 K,COC(=O)CC[C@H](C[C@H](N)C(=O)O)C(=O)O [Cl-] O=P([O-])([O-])[O-] [K+]
4NVP,Q9Y3Q4,HCN4,7CH,Nc1ncnc2c1ccn2[C@@H]1O[C@@H]2COP(=O)(O)O[C@H]2[C@H]1O
4NUE,O60885,BRD4,NUE EDO,Cc1cc(N=Nc2ccc(S(=O)(=O)Nc3ccccn3)cc2)c(N)c(C)c1O OCCO
4NUC,O60885,BRD4,435 EDO,Cc1cc(N=Nc2ccc(S(=O)(=O)Nc3ccccn3)cc2)cc(C)c1O OCCO
4NRA,Q9UIF8,BAZ2B,2LW EDO,CC(=O)N1CCc2[nH]c3ccc(Cl)cc3c2C1 OCCO
4NP9,P47709,RPH3A,SO4 I3P,O=S(=O)([O-])[O-] O=P(O)(O)O[C@@H]1[C@H](O)[C@H](O)[C@@H](OP(=O)(O)O)[C@H](OP(=O)(O)O)[C@H]1O
4NP3,P15379,CD44,2L2 DMS MES SO4,Cc1nc[nH]c1CN1CCc2cccc(N)c2C1 CS(C)=O O=S(=O)([O-])CC[NH+]1CCOCC1 O=S(=O)([O-])[O-]
4NON,Q5M586,FEOB,GDP,Nc1nc2c(ncn2[C@@H]2O[C@H](COP(=O)(O)OP(=O)(O)O)[C@@H](O)[C@H]2O)c(=O)[nH]1
4NNR,P26885,FKBP2,FK5,C=CC[C@@H]1/C=C(\C)C[C@H](C)C[C@H](OC)[C@H]2O[C@@](O)(C(=O)C(=O)N3CCCC[C@H]3C(=O)O[C@H](/C(C)=C/[C@@H]3CC[C@@H](O)[C@H](OC)C3)[C@H](C)[C@@H](O)CC1=O)[C@H](C)C[C@@H]2OC
4NL1,Q81VW8,FOLP,SO4 Z13,O=S(=O)([O-])[O-] FC(F)(F)c1ccc(C=NCc2ccc(C(F)(F)F)cc2)cc1
4NKT,O13833,CID1,MG BR 2KH,[Mg+2] [Br-] O=c1ccn([C@@H]2O[C@H](COP(=O)(O)NP(=O)(O)OP(=O)(O)O)[C@@H](O)[C@H]2O)c(=O)[nH]1
4NJA,P01660,,ZN ACT 2M9 PO4,[Zn+2] CC(=O)[O-] COc1cc(S(=O)(=O)O)c2ccc3c(S(=O)(=O)O)cc(S(=O)(=O)O)c4ccc1c2c43 O=P([O-])([O-])[O-]
4NJ9,Q52L95,IGK,ZN 2M9,[Zn+2] COc1cc(S(=O)(=O)O)c2ccc3c(S(=O)(=O)O)cc(S(=O)(=O)O)c4ccc1c2c43
4NH8,P07900,HSP90AA1,2LC,Cc1cn(-c2cc(F)c(C(N)=O)c(N[C@H]3CCOC3)c2)c2c1C(=O)CC(C)(C)C2
4NH7,P07900,HSP90AA1,E0G GOL,CC1(C)CC(=O)c2c(C(F)(F)F)nn(-c3ccc(C(N)=O)c(N[C@H]4CC[C@H](O)CC4)c3)c2C1 OCC(O)CO
4NGP,Q04609,FOLH1,NAG J31 ZN CL CA,CC(=O)N[C@@H]1[C@@H](O)[C@H](O)[C@@H](CO)O[C@H]1O O=C(O)CC[C@H](NC(=O)N[C@@H](CCCCNC(=O)c1ccccc1OCCNC(=O)CCOCCOCCOCCOCCOCCOCCOCCOCCOCCOCCOCCOCCNC(=O)CCCC[C@@H]1SC[C@@H]2NC(=O)N[C@@H]21)C(=O)O)C(=O)O [Zn+2] [Cl-] [Ca+2]
4NGN,Q04609,FOLH1,J96 CA CL ZN NAG,O=C(O)CC[C@H](NC(=O)N[C@@H](CCCCNC(=O)Cc1ccccc1OCCNC(=O)CCOCCOCCOCCOCCOCCOCCOCCOCCOCCOCCOCCOCCNC(=O)CCCC[C@@H]1SC[C@@H]2NC(=O)N[C@@H]21)C(=O)O)C(=O)O [Ca+2] [Cl-] [Zn+2] CC(=O)N[C@@H]1[C@@H](O)[C@H](O)[C@@H](CO)O[C@H]1O
4NGM,Q04609,FOLH1,JB7 CA CL ZN NAG,CC(=O)N(CCCC[C@H](NC(=O)N[C@@H](CCC(=O)O)C(=O)O)C(=O)O)Cc1ccc(Br)cc1 [Ca+2] [Cl-] [Zn+2] CC(=O)N[C@@H]1[C@@H](O)[C@H](O)[C@@H](CO)O[C@H]1O
4NDU,A7UNK4,,AMG,CO[C@H]1O[C@H](CO)[C@H](O)[C@H](O)[C@H]1O
4NCN,G0S8G9,CTHT_0029840,GTP MG NA GOL ACY,Nc1nc2c(ncn2[C@@H]2O[C@H](COP(=O)(O)OP(=O)(O)OP(=O)(O)O)[C@@H](O)[C@H]2O)c(=O)[nH]1 [Mg+2] [Na+] OCC(O)CO CC(=O)O
4NBN,P55212,CASP6,PO4 2J7,O=P([O-])([O-])[O-] Oc1ccccc1CNc1cc(NCc2ccccc2O)ncn1
4NBL,P55212,CASP6,2J6 PO4,Oc1cc(F)ccc1CNc1ncccc1-c1ncccn1 O=P([O-])([O-])[O-]
4NBK,P55212,CASP6,2J5 PO4,Cc1cccnc1NCc1ccccc1O O=P([O-])([O-])[O-]
4N6H,P0ABE7,CYBC,OLA OLC PGE TLA EJ4 NA,CCCCCCCC/C=C\CCCCCCCC(=O)O CCCCCCCC/C=C\CCCCCCCC(=O)OC[C@H](O)CO OCCOCCOCCO O=C(O)[C@H](O)[C@@H](O)C(=O)O Oc1ccc2c3c1O[C@H]1c4[nH]c5ccccc5c4C[C@@]4(O)[C@@H](C2)N(CC2CC2)CC[C@]314 [Na+]
4N5D,P55212,CASP6,2FQ PO4 MPD,Cc1ncc2cc(N)c(=O)n(C)c2n1 O=P([O-])([O-])[O-] C[C@H](O)CC(C)(C)O
4MYD,P37355,MENH,164,O=C(O)CCC(=O)C1=CC=C[C@@H](O)[C@@H]1C(=O)O
4MSS,B4EA43,NAGZ1,2CZ GOL,CC(=O)N[C@H]1CNC[C@H](O)[C@@H](O)[C@@H]1O OCC(O)CO
4MSC,Q9Y233,PDE10A,2ZT NI,c1cnc2cc(OCc3ccc4ccccc4n3)ccc2c1 [Ni+2]
4MSA,Q9Y233,PDE10A,NI 2ZM,[Ni+2] O=[N+]([O-])c1ccc2[nH]cnc2c1
4MS0,Q9Y233,PDE10A,NI 2ZX,[Ni+2] Nc1cc(Cl)nc(N)n1
4MRZ,Q9Y233,PDE10A,2ZV NI,Cc1ccnc(N)c1[N+](=O)[O-] [Ni+2]
4MRW,Q9Y233,PDE10A,MRW NI,Oc1ccnc2cc(Cl)ccc12 [Ni+2]
4MRH,P15379,CD44,2CQ DMS,Cc1cc(N)c(N)cc1Cl CS(C)=O
4MRG,P15379,CD44,24W DMS GOL SO4,Nc1cccc2c1CCNC2 CS(C)=O OCC(O)CO O=S(=O)([O-])[O-]
4MRF,P15379,CD44,SO4 2CK GOL DMS,O=S(=O)([O-])[O-] c1ccc2c(c1)CCNC2 OCC(O)CO CS(C)=O
4MRE,P15379,CD44,2C9 DMS,Cc1cccc(N)c1N CS(C)=O
4MRD,P15379,CD44,SO4,O=S(=O)([O-])[O-]
4MPN,Q15119,PDK2,TLA PV0,O=C(O)[C@H](O)[C@@H](O)C(=O)O O=S(=O)(c1ccc(O)cc1O)N1Cc2cc(O)cc(O)c2C1
4MO8,P00918,CA2,ZN 2VQ,[Zn+2] Cc1ncc([N+](=O)[O-])n1CCNS(N)(=O)=O
4MO4,Q9I5Q5,ANMK,ACP,Nc1ncnc2c1ncn2[C@@H]1O[C@H](CO[P@@](=O)(O)O[P@@](=O)(O)CP(=O)(O)O)[C@@H](O)[C@H]1O
4MNP,Q8RDN9,FN1472,SLB,CC(=O)N[C@H]1[C@H]([C@H](O)[C@H](O)CO)O[C@](O)(C(=O)O)C[C@@H]1O
4MMP,K0Y3H9,,SLB,CC(=O)N[C@H]1[C@H]([C@H](O)[C@H](O)CO)O[C@](O)(C(=O)O)C[C@@H]1O
4MMM,P30044,PRDX5,BP7,Oc1ccc(-c2ccccc2)cc1O
4MLT,P00918,CA2,DMS TM4 MBO ZN,CS(C)=O Cc1occc(=S)c1O O=C(O)c1ccc([Hg])cc1 [Zn+2]
4MJP,P0A988,DNAN,27O CL CA PGE PEG,C[C@@H](C(=O)O)c1ccc(C2CCCCC2)c2ccccc12 [Cl-] [Ca+2] OCCOCCOCCO OCCOCCO
4MJO,P09467,FBP1,2C1,CNC(=O)Nc1cc(Br)cc(NC(=O)NS(=O)(=O)c2cc(C)c(CCOC)s2)n1
4MIC,P00489,PYGM,26Y,CC(C)c1ccc(/C=C/C(=O)N[C@@H]2O[C@H](CO)[C@@H](O)[C@H](O)[C@H]2O)cc1
4MI9,P00489,PYGM,26W,CCc1ccc([C@H](C)CC(=O)N[C@@H]2O[C@H](CO)[C@@H](O)[C@H](O)[C@H]2O)cc1
4MI6,P00489,PYGM,26V,O=C(CCCc1ccc2c(c1)CCCC2)N[C@@H]1O[C@H](CO)[C@@H](O)[C@H](O)[C@H]1O
4MI3,P00489,PYGM,26R,CC(C)c1ccc(C[C@@H](C)C(=O)N[C@@H]2O[C@H](CO)[C@@H](O)[C@H](O)[C@H]2O)cc1
4MHZ,B7QK46,QPTC,PBD,COc1ccc(NC(=S)NCCCn2ccnc2)cc1OC
4MHY,B7QK46,QPTC,PBD ZN,COc1ccc(NC(=S)NCCCn2ccnc2)cc1OC [Zn+2]
4MHS,P00489,PYGM,26Q DMS,O=C(/C=C/c1ccc(-c2ccccc2)cc1)N[C@@H]1O[C@H](CO)[C@@H](O)[C@H](O)[C@H]1O CS(C)=O
4MHO,P00489,PYGM,26M,O=C(COc1ccc(-c2ccccc2)cc1)N[C@@H]1O[C@H](CO)[C@@H](O)[C@H](O)[C@H]1O
4MG9,P03372,ESR1,27K GOL,CCCCOC(=O)c1ccc(O)cc1 OCC(O)CO
4MG5,P03372,ESR1,GOL A1AQV,OCC(O)CO OC1(O)C2(Cl)[C@@]3(Cl)C4(Cl)C(Cl)(Cl)C5(Cl)[C@](Cl)(C1(Cl)[C@]53Cl)[C@]24Cl
4MFE,Q2K340,PYC,ZN 3PY BTN MG CL GOL,[Zn+2] O=C(O)C(=O)CO O=C(O)CCCC[C@@H]1SC[C@@H]2NC(=O)N[C@@H]21 [Mg+2] [Cl-] OCC(O)CO
4MF1,Q08881,ITK,29Y,CN(C)Cc1ccc([C@H]2C[C@@H]2C(=O)Nc2nc3ccc(-c4cn[nH]c4)cc3s2)cc1
4MDQ,Q00987,MDM2,28W,CC(C)C[C@H](N[C@@H](C(=O)NCc1ccccc1)c1c(C(=O)NO)[nH]c2cc(Cl)ccc12)C(=O)NO
4MDN,Q00987,MDM2,Y30 SO4,CC(C)(C)NC(=O)[C@H](c1c(C(=O)O)[nH]c2cc(Cl)ccc12)N(C=O)Cc1ccc(OCc2ccc(Cl)cc2)cc1 O=S(=O)([O-])[O-]
4MC9,P0C6F2,GAG-POL,23L EDO CL,CC(C)[C@H]1Cc2cc(F)ccc2S(=O)(=O)N(C[C@@H](O)[C@H](Cc2ccccc2)NC(=O)O[C@H]2CCOC2)C1 OCCO [Cl-]
4MC6,P0C6F2,GAG-POL,23K EDO CL,CC(C)[C@H]1Cc2cc(F)ccc2S(=O)(=O)N(C[C@@H](O)[C@H](Cc2ccccc2)NC(=O)NC(C)(C)C)C1 OCCO [Cl-]
4MC2,P0C6F2,GAG-POL,525 CL,CC(C)(C)[C@H]1Cc2cc(F)ccc2S(=O)(=O)N(C[C@@H](O)[C@H](Cc2ccccc2)NC(=O)O[C@H]2CCOC2)C1 [Cl-]
4MC1,P0C6F2,GAG-POL,CL 526,[Cl-] CC(C)(C)[C@@H]1Cc2cc(F)ccc2S(=O)(=O)N(C[C@@H](O)[C@H](Cc2ccccc2)NC(=O)O[C@H]2CCOC2)C1
4M8Y,Q90JJ9,POL,KGQ,CCOP(=O)(COc1ccc(C[C@H](NC(=O)O[C@H]2CO[C@H]3OCC[C@H]32)[C@H](O)CN(CC(C)C)S(=O)(=O)c2ccc(OC)cc2)cc1)OCC
4M8X,Q90JJ9,POL,KGQ,CCOP(=O)(COc1ccc(C[C@H](NC(=O)O[C@H]2CO[C@H]3OCC[C@H]32)[C@H](O)CN(CC(C)C)S(=O)(=O)c2ccc(OC)cc2)cc1)OCC
4M8H,P19793,RXRA,R4M,CC(=C/CC/C(C)=C/C(=O)O)/C=C1\CC[C@@H](C)c2ccccc21
4M8E,P19793,RXRA,29V,CC(=C/C/C=C(\C)CC(=O)O)/C=C1\CC[C@H](C)c2ccccc21
4M6U,P11444,MDLA,MG TTN,[Mg+2] O=C([O-])C(O)C(=O)[O-]
4M3P,Q93088,BHMT,ZN K HCS SRT,[Zn+2] [K+] N[C@@H](CCS)C(=O)O O=C(O)[C@@H](O)[C@@H](O)C(=O)O
4M2V,P00918,CA2,ZN BZ1,[Zn+2] CCN[C@H]1CN(CCCOC)S(=O)(=O)c2sc(S(N)(=O)=O)cc21
4M2U,P00918,CA2,ZN ETS,[Zn+2] CCN[C@H]1C[C@H](C)S(=O)(=O)c2sc(S(N)(=O)=O)cc21
4M14,Q08881,ITK,QWS,CC(C)Oc1ccc2cccc(-n3cc(NC(N)=O)c(C(N)=O)n3)c2c1
4M12,Q08881,ITK,1YZ,CCOc1ccc2cccc(-n3cc(NC(N)=O)c(C(N)=O)n3)c2c1
4M0R,P9WFX5,TRPD,644 GOL DMS IMD,O=C(O)c1ccccc1Nc1cccc(Nc2ccccc2C(=O)O)c1C(=O)O OCC(O)CO CS(C)=O c1c[nH+]c[nH]1
4M0F,P22303,ACHE,1YK EDO NAG NO3,COc1cc(-c2cc3c(c(=O)o2)C[C@]2(O)[C@@]4(C)C(=O)C=CC(C)(C)[C@]4(O)CC[C@@]2(C)O3)cc(OC)c1OC OCCO CC(=O)N[C@@H]1[C@@H](O)[C@H](O)[C@@H](CO)O[C@H]1O O=[N+]([O-])[O-]
4M0E,P22303,ACHE,1YL EDO NAG NO3,Cc1cccc2c3c(ccc12)C1=C(C(=O)C3=O)[C@@H](C)CO1 OCCO CC(=O)N[C@@H]1[C@@H](O)[C@H](O)[C@@H](CO)O[C@H]1O O=[N+]([O-])[O-]
4LY9,Q14397,GCKR,IOD S6P 1YY GOL SO4,[I-] O=P(O)(O)OC[C@@H](O)[C@@H](O)[C@H](O)[C@@H](O)CO C[C@H]1COCCN1C[C@H]1CN(S(=O)(=O)c2cccs2)CCN1c1ccc([C@@](C)(O)C(F)(F)F)cc1 OCC(O)CO O=S(=O)([O-])[O-]
4LXZ,Q92769,HDAC2,ZN CA NA PG4 SHH NHE,[Zn+2] [Ca+2] [Na+] OCCOCCOCCOCCO O=C(CCCCCCC(=O)Nc1ccccc1)NO O=S(=O)(O)CCNC1CCCCC1
4RJ8,P00533,EGFR,SO4 3QS,O=S(=O)([O-])[O-] COC1CCN(c2nccc(Nc3cc4c(ccn4C4CCCC4)cn3)n2)CC1
4RLU,P9WFK1,RV0635,HCC GOL PGE,O=C(/C=C/c1ccc(O)cc1)c1ccc(O)cc1O OCC(O)CO OCCOCCOCCO
4RVR,Q9UIF8,BAZ2B,3WQ EDO,CCCOc1ccn2c(C(C)=O)cc(-c3ccccc3S(C)(=O)=O)c2c1 OCCO
4TKH,P05413,FABP3,MYR P6G,CCCCCCCCCCCCCC(=O)O OCCOCCOCCOCCOCCOCCO
4TW8,Q02790,FKBP4,37M,COc1ccc(CC[C@@H](OC(=O)[C@@H]2CCCCN2C(=O)[C@H](c2cc(OC)c(OC)c(OC)c2)[C@@H]2C=CCCC2)c2cccc(OCC(=O)NCc3c(O)ccc4c(-c5ccccc5C(=O)O)c5ccc(=O)cc-5oc34)c2)cc1OC
4TY6,P03951,F11,39D SO4 EDO,NC[C@H]1CC[C@H](C(=O)N[C@@H](Cc2ccccc2)c2nc(-c3ccc(C(N)=O)cc3)c[nH]2)CC1 O=S(=O)([O-])[O-] OCCO
4U70,P53582,METAP1,Q04 K CO,N[C@@H](CC1CCCCC1)P(=O)(O)O [K+] [Co+2]
4W9O,Q13451,FKBP5,3JQ ACT,COc1ccc(OCCN2C[C@H]([C@@H](O)CO)[C@H]3CCC[C@@H](C2=O)N3S(=O)(=O)c2cc(Cl)cc(Cl)c2)cc1OC CC(=O)[O-]
4X24,A5F5R2,MTNN,PGE TDI,OCCOCCOCCO CSC[C@H]1CN(Cc2c[nH]c3c(N)ncnc23)C[C@@H]1O
4X48,P19491,GRIA2,XPF ZN GLU,CC(C)S(=O)(=O)N[C@H]1COC[C@H]1Oc1ccc(-c2ccc(C#N)s2)cc1 [Zn+2] N[C@@H](CCC(=O)O)C(=O)O
4X50,P08191,FIMH,3X8,OC[C@H]1O[C@H](Oc2ccc(-c3ccccc3)cc2)[C@@H](O)[C@@H](O)[C@@H]1O
4X5Q,P08191,FIMH,3XN,O=[N+]([O-])c1ccc2c(ccn2-c2ccc(O[C@H]3O[C@H](CO)[C@@H](O)[C@H](O)[C@@H]3O)cc2)c1
4X5R,P08191,FIMH,SO4 3XO,O=S(=O)([O-])[O-] CN1CCN(c2c(Nc3ccc(O[C@H]4O[C@H](CO)[C@@H](O)[C@H](O)[C@@H]4O)c(Cl)c3)c(=O)c2=O)CC1
4X5Z,O00255,MEN1,SO4 EDO DMS PG4 3XY,O=S(=O)([O-])[O-] OCCO CS(C)=O OCCOCCOCCOCCO N#Cc1cc2cc(CN3CCC(Nc4ncnc5sc(CC(F)(F)F)cc45)CC3)ccc2[nH]1
4X6I,P43235,CTSK,SO4 3Y1,O=S(=O)([O-])[O-] N#CCNC(=O)C1(NC(=O)c2ccc(Br)cc2N)CCCCC1
4X6M,P03951,F11,EDO SO4 3Y3,OCCO O=S(=O)([O-])[O-] NCc1ccc(Cl)cc1CNC(=O)N[C@@H](Cc1ccccc1)c1nc(-c2ccc3c(N)n[nH]c3c2)c(Cl)[nH]1
4X6N,P03951,F11,EDO SO4 3Y5,OCCO O=S(=O)([O-])[O-] Nc1n[nH]c2cc(-c3nc([C@H](Cc4ccccc4)NC(=O)NCc4cc(Cl)ccc4-n4cnnn4)[nH]c3Cl)ccc12
4X6O,P03951,F11,3Y4 SO4 EDO,COC(=O)Nc1ccc(-c2[nH]c([C@H](Cc3ccccc3)NC(=O)CCc3cc(Cl)ccc3-n3cnnn3)nc2Cl)cc1 O=S(=O)([O-])[O-] OCCO
4X8O,P69441,ADK,AP5 MG NA,Nc1ncnc2c1ncn2[C@@H]1O[C@H](CO[P@](=O)(O)O[P@](=O)(O)OP(=O)(O)O[P@@](=O)(O)O[P@@](=O)(O)OC[C@H]2O[C@@H](n3cnc4c(N)ncnc43)[C@H](O)[C@@H]2O)[C@@H](O)[C@H]1O [Mg+2] [Na+]
4X8S,P08709,F7,GOL SO4 CA 3Z7,OCC(O)CO O=S(=O)([O-])[O-] [Ca+2] COc1cc(Br)ccc1O
4X8T,P08709,F7,GOL SO4 CA 3Z8,OCC(O)CO O=S(=O)([O-])[O-] [Ca+2] O=C1NCCc2ccc(Cl)cc21
4X8U,P08709,F7,GOL SO4 CA 3ZB,OCC(O)CO O=S(=O)([O-])[O-] [Ca+2] O=C(O)c1cc2cc(Cl)ccc2[nH]1
4XAQ,Q14416,GRM2,40F SO4 CL,N[C@@]1(C(=O)O)CC[C@H]2[C@H](C(=O)O)[C@H]21 O=S(=O)([O-])[O-] [Cl-]
4XAR,Q14832,GRM3,40F IOD,N[C@@]1(C(=O)O)CC[C@H]2[C@H](C(=O)O)[C@H]21 [I-]
4XAS,Q14416,GRM2,40H,N[C@@]1(C(=O)O)CC2(CC2)[C@H]2[C@H](C(=O)O)[C@H]21
4XCB,Q2MFS1,HYGX,HY0 AKG NI,CN[C@H]1C[C@@H](N)[C@H](O)[C@@H](O[C@@H]2O[C@H](CO)[C@H](O)[C@@H]3O[C@]4(O[C@H]23)O[C@H]([C@@H](N)CO)[C@H](O)[C@H](O)[C@H]4O)[C@@H]1O O=C(O)CCC(=O)C(=O)O [Ni+2]
4XIR,P07900,HSP90AA1,GOL 40X,OCC(O)CO CCC[C@H]1Cc2c(C)c3c(n2-c2cc(Cl)c(C(N)=O)cc2O1)CC(C)(C)CC3=O
4YEF,P80386,PRKAB1,GOL SO4,OCC(O)CO O=S(=O)([O-])[O-]
4YKK,A0A0R4I973,ML032222A,MG DSN GLY,[Mg+2] N[C@H](CO)C(=O)O NCC(=O)O
4Z6H,Q9H8M2,BRD9,4L2,Cc1cc(=O)n(C)c2cc(N3CCCCC3=O)ccc12
4Z83,P00517,PRKACA,4L7,O=C(c1ccc(Br)s1)[C@H]1CNC[C@@H]1c1ccc2c(=O)[nH]cnc2c1
4ZAE,P00740,F9,4M1 NA NHE,Cc1cc2nc([C@@H](CNC(=O)c3c(Cl)cc(-n4cnnc4)cc3Cl)c3ccccc3)[nH]c2cc1C [Na+] O=S(=O)(O)CCNC1CCCCC1
4ZB6,A0A0R4I980,,GDS NA,N[C@@H](CCC(=O)N[C@@H](CSSC[C@H](NC(=O)CC[C@H](N)C(=O)O)C(=O)NCC(=O)O)C(=O)NCC(=O)O)C(=O)O [Na+]
4ZBA,A0A0R4I985,,GDS CL ACT,N[C@@H](CCC(=O)N[C@@H](CSSC[C@H](NC(=O)CC[C@H](N)C(=O)O)C(=O)NCC(=O)O)C(=O)NCC(=O)O)C(=O)O [Cl-] CC(=O)[O-]
4ZBF,Q07820,MCL1,4M7,O=C(O)c1c(CCCOc2cccc3ccccc23)c2cccc3c2n1CCC[S@]3=O
4ZE6,P11838,EAPA,DMS GOL ACT 011 EDO,CS(C)=O OCC(O)CO CC(=O)[O-] NCCCCCCC(=O)O OCCO
4ZEB,Q52012,ACCA,ARA EDO PEG,O[C@@H]1[C@@H](O)[C@@H](O)CO[C@H]1O OCCO OCCOCCO
4ZEC,Q52012,ACCA,C84 PEG GOL EDO,CC(C)[C@H](O)[C@@H](O)C(=O)NP(=O)(O)O[C@@H]1C[C@H](O)[C@H](n2cnc3c(NP(=O)(O)O[C@@H]4[C@@H](O)[C@H](O)[C@@H](CO)O[C@H]4O)ncnc32)O1 OCCOCCO OCC(O)CO OCCO
4ZEI,Q52012,ACCA,LAO EDO,O=P(O)(O)O[C@@H]1[C@@H](O)[C@@H](O)CO[C@H]1O OCCO
4ZGK,Q00987,MDM2,4NX,O=C1O[C@](O)(Cc2ccc(Cl)cc2)C(c2c[nH]c3cc(Cl)ccc23)=C1Cc1ccc(Cl)cc1
4ZIP,P03366,GAG-POL,G64 GOL CL NA,COc1ccc(S(=O)(=O)N(CC(C)C)C[C@@H](O)[C@H](Cc2ccccc2)NC(=O)c2cc(C)cc(C(=O)N(C)Cc3nc(C)oc3C)c2)cc1 OCC(O)CO [Cl-] [Na+]
4ZJI,Q13153,PAK1,MG 4OQ,[Mg+2] CCN1c2ccc(F)cc2N=C(N2CCN(C)CC2)c2cc(Cl)ccc21
4ZL4,A5K302,PMV,4PK SO4 EDO 4PF,CC(C)C[C@H](NC(=O)[C@@H](NC(=O)[C@H](CCONC(=N)N)NC(=O)OCc1ccccc1)C(C)C)[C@@H](O)CC(=O)NCCc1ccccc1 O=S(=O)([O-])[O-] OCCO COCCO[C@H](C)COC[C@@H](C)N
4ZLS,P03366,GAG-POL,NA CL G61 ACT,[Na+] [Cl-] COc1ccc(S(=O)(=O)N(CC(C)C)C[C@@H](O)[C@H](Cc2cccc(-c3cc(OC)cc(OC)c3)c2)NC(=O)OC(C)(C)C)cc1 CC(=O)[O-]
4ZME,P42527,MHKA,ZN ADN PO4 PGE,[Zn+2] Nc1ncnc2c1ncn2[C@@H]1O[C@H](CO)[C@@H](O)[C@H]1O O=P([O-])([O-])[O-] OCCOCCOCCO
4ZO5,Q9Y233,PDE10A,4Q0 4PX MG ZN,COc1ccc(-n2c(CCN3C(=O)c4cccc(OC(C)C)c4C3=O)nc3ccccc3c2=O)cc1 CC(C)(CO)n1c(=O)[nH]c2c3cccnc3n(-c3ccccc3)c(=O)c21 [Mg+2] [Zn+2]
4ZOW,P0AEY8,MDFA,CLM,O=C(N[C@H](CO)[C@H](O)c1ccc([N+](=O)[O-])cc1)C(Cl)Cl
4ZZZ,P09874,PARP1,SO4 GOL FSU,O=S(=O)([O-])[O-] OCC(O)CO COCCCN1Cc2cccc(C(N)=O)c2C1=O
5AAA,Q9UM73,ALK,VGH,C[C@@H](Oc1cc(-c2cnn(C3CCNCC3)c2)cnc1N)c1c(Cl)ccc(F)c1Cl
5AOJ,P04637,TP53,Y0V ZN PEG,O=C(O)c1cc(I)c(-n2cccc2)c(I)c1O [Zn+2] OCCOCCO
5AOK,P04637,TP53,PEG GOH GOL ZN,OCCOCCO c1ccn(-c2oc(C3CC3)nc2-c2nnn[nH]2)c1 OCC(O)CO [Zn+2]
5AOM,P04637,TP53,ZN GOL FY8,[Zn+2] OCC(O)CO O=C(Nc1cc(Cl)ccc1O)C1CCNCC1
5AQH,P11142,HSPA8,ZVO DMS GOL,CN1N=C(N)c2c[nH]c3ncnc1c23 CS(C)=O OCC(O)CO
5B2D,Q9WAF5,HN,NAG SO4,CC(=O)N[C@@H]1[C@@H](O)[C@H](O)[C@@H](CO)O[C@H]1O O=S(=O)([O-])[O-]
5BOJ,P02766,TTR,NA 4TX,[Na+] Cc1ccc(C)c(OCCCC(C)(C)C(=O)O)c1
5BRY,P03366,GAG-POL,NA CL 4UY,[Na+] [Cl-] CN[C@H]1CO[C@@H]2OC[C@H](OC(=O)N[C@@H](Cc3ccccc3)[C@H](O)CN(CC(C)C)S(=O)(=O)c3ccc(OC)cc3)[C@@H]21
5BS4,P03366,GAG-POL,4UX NA CL ACT,CN[C@H]1CO[C@@H]2OC[C@H](OC(=O)N[C@@H](Cc3ccccc3)[C@H](O)CN(CC(C)C)S(=O)(=O)c3ccc(N)cc3)[C@@H]21 [Na+] [Cl-] CC(=O)[O-]
5BV3,Q06151,DCS1,CL SO4 M7G,[Cl-] O=S(=O)([O-])[O-] C[n+]1cn([C@@H]2O[C@H](COP(=O)(O)OP(=O)(O)O)[C@@H](O)[C@H]2O)c2nc(N)[nH]c(=O)c21
5BWC,P04058,ACHE,NAG HBP,CC(=O)N[C@@H]1[C@@H](O)[C@H](O)[C@@H](CO)O[C@H]1O O/N=C/c1cccc[n+]1CCCCCCC[n+]1ccccc1/C=N/O
5BYI,P00918,CA2,K 4WA HGB ZN,[K+] Nc1ccc(N=Nc2ccc(S(N)(=O)=O)cc2)cc1 O=C(O)c1ccc([Hg]O)cc1 [Zn+2]
5C1M,P42866,OPRM1,OLC CLR PO4 P6G VF1,CCCCCCCC/C=C\CCCCCCCC(=O)OC[C@H](O)CO CC(C)CCC[C@@H](C)[C@H]1CC[C@H]2[C@@H]3CC=C4C[C@@H](O)CC[C@]4(C)[C@H]3CC[C@]12C O=P([O-])([O-])[O-] OCCOCCOCCOCCOCCOCCO CO[C@]12C=C[C@]34C[C@@]1(C)[C@@H](c1ccccc1)N[C@H]2[C@@]31CCN(C)[C@@H]4Cc2ccc(O)cc21
5C1W,Q9Y233,PDE10A,ZN MG 4XS,[Zn+2] [Mg+2] Cc1c(Cl)nc(C2CC2)nc1Cl
5C3P,Q7RYZ9,NCU06416,NI AKG EDO,[Ni+2] O=C(O)CCC(=O)C(=O)O OCCO
5C4K,O68183,APH(2'')-ID,GET,CN[C@@H]1[C@@H](O)[C@@H](O[C@@H]2[C@@H](O)[C@H](O[C@H]3O[C@H]([C@@H](C)O)[C@@H](O)[C@H](O)[C@H]3N)[C@@H](N)C[C@H]2N)OC[C@]1(C)O
5C2A,Q9Y233,PDE10A,ZN MG 4Y2,[Zn+2] [Mg+2] Cc1nc(C)c(CNc2nc(C3CC3)nc(Cl)c2C)s1
5BTX,G8UY02,,CMP,Nc1ncnc2c1ncn2[C@@H]1O[C@@H]2CO[P@@](=O)(O)O[C@H]2[C@H]1O
5AUT,P53355,DAPK1,2AN,O=S(=O)(O)c1cccc2cccc(Nc3ccccc3)c12
5AQU,P11142,HSPA8,GOL UX0 DMS TRS MG,OCC(O)CO COc1cccc2ncnc(N[C@@H]3C[C@H](CO)[C@@H](O)[C@H]3O)c12 CS(C)=O [NH3+]C(CO)(CO)CO [Mg+2]
5AQP,P11142,HSPA8,1LQ GOL DMS TRS,Nc1ncnc2ccccc12 OCC(O)CO CS(C)=O [NH3+]C(CO)(CO)CO
5AQO,P11142,HSPA8,GOL CWS TRS DMS CL,OCC(O)CO Cc1ccc2ncnc(N)c2c1 [NH3+]C(CO)(CO)CO CS(C)=O [Cl-]
5AQN,P11142,HSPA8,JG8 GOL TRS DMS CL,O=c1[nH]cnc2c1oc1ccccc12 OCC(O)CO [NH3+]C(CO)(CO)CO CS(C)=O [Cl-]
5AQJ,P11142,HSPA8,CL Q88 GOL DMS TRS,[Cl-] Nc1nc2c(N)ncnc2[nH]1 OCC(O)CO CS(C)=O [NH3+]C(CO)(CO)CO
5AOL,P04637,TP53,ZN UFV,[Zn+2] Nc1cc(C(F)(F)F)cc(Br)c1N
5AOI,P04637,TP53,RZH PEG ZN,CCc1cc(Br)cc2c(CCN)c(C)[nH]c12 OCCOCCO [Zn+2]
5ANV,P36639,NUDT1,RGJ,CNC(=O)c1cnc2cc(OC)c(OC)cc2c1Nc1ccc(Cl)cc1F
5ANU,P36639,NUDT1,58T DMS,CNc1nc2nc3c1[nH]c(=O)n3Cc1cccc(c1)OCCOCCO2 CS(C)=O
5AML,P00918,CA2,ZN 51J,[Zn+2] CC#CCNS(=O)(=O)c1cc(S(N)(=O)=O)ccc1C(=O)O
5AMG,P00918,CA2,IW7 ZN,CCCCCNS(=O)(=O)c1cc(S(N)(=O)=O)ccc1C(=O)O [Zn+2]
5AMD,P00918,CA2,ZN 45I,[Zn+2] NS(=O)(=O)c1ccc(C(=O)O)c(S(=O)(=O)NCCc2ccccc2)c1
5AM7,P11362,FGFR1,CL 38O,[Cl-] CN1CCN(c2ccc3[nH]c(-c4c(N)c5c(F)cccc5[nH]c4=O)nc3c2)CC1
5AM6,P11362,FGFR1,38O CL,CN1CCN(c2ccc3[nH]c(-c4c(N)c5c(F)cccc5[nH]c4=O)nc3c2)CC1 [Cl-]
5ALB,,,TIQ,CCCSc1nc(N[C@@H]2C[C@H]2c2ccc(F)c(F)c2)c2nnn([C@@H]3C[C@H](OCCO)[C@@H](O)[C@H]3O)c2n1
5AIP,Q7DD70,NMB1843,4HP,O=C(O)Cc1ccc(O)cc1
5AHW,A0QYW6,MSMEG_3811,CMP SO4 CL POG,Nc1ncnc2c1ncn2[C@@H]1O[C@@H]2CO[P@@](=O)(O)O[C@H]2[C@H]1O O=S(=O)([O-])[O-] [Cl-] CC(CO)OCC(C)OCC(C)OCC(C)OCC(C)OCC(C)OC[C@@H](C)O
5AFV,P35790,CHKA,EDO JH5,OCCO c1ccc(CN[n+]2cnn(Cc3ccccc3)c2)cc1
5ACY,O60885,BRD4,EDO 9S3,OCCO CC(=O)N1c2ccc(-c3ccc(CN4CCCCC4)cc3)cc2[C@H](Nc2ccccc2)C[C@@H]1C
5AAB,Q9UM73,ALK,VGH,C[C@@H](Oc1cc(-c2cnn(C3CCNCC3)c2)cnc1N)c1c(Cl)ccc(F)c1Cl
5A9U,Q9UM73,ALK,5P8,C[C@H]1Oc2cc(cnc2N)-c2c(nn(C)c2C#N)CN(C)C(=O)c2ccc(F)cc21
5A81,Q6PL18,ATAD2,EDO 78J SO4,OCCO Cc1cc2ccnc(N[C@@H]3CCNC[C@H]3OCC3CCCCC3)c2[nH]c1=O O=S(=O)([O-])[O-]
5A5Q,Q6PL18,ATAD2,EDO 6XC SO4,OCCO Cc1cc2ccnc(NC3CCNCC3)c2[nH]c1=O O=S(=O)([O-])[O-]
4ZZY,Q9UGN5,PARP2,D7N,NC(=O)c1cc(F)cc2c1C(=O)N(C1CCN(C3CCC(F)(F)CC3)CC1)C2
4ZZX,Q9UGN5,PARP2,FSU,COCCCN1Cc2cccc(C(N)=O)c2C1=O
4ZZD,A2RI36,LLMG_0323,RBF,Cc1cc2nc3c(=O)[nH]c(=O)nc-3n(C[C@H](O)[C@H](O)[C@H](O)CO)c2cc1C
4ZYU,P22102,GART,3YA GAR,Nc1nc(=O)c2cc(CCCCc3ccc(C(=O)N[C@@H](CCC(=O)O)C(=O)O)cc3)sc2[nH]1 NCC(=O)N[C@@H]1O[C@H](COP(=O)([O-])[O-])[C@@H](O)[C@H]1O
4ZYF,Q00987,MDM2,CL 4T4,[Cl-] COc1cc2c(cc1OC(C)C)[C@H](c1ccc(Cl)cc1)N(c1ccc(N(C)C[C@H]3CC[C@H](N4CCN(C)C(=O)C4)CC3)cc1)C(=O)C2
4ZX1,P00918,CA2,5L3 DMS ZN,CC(=O)O[C@@H]1[C@H](O)[C@@H](O)[C@@H](CO)O[C@@H]1S(=O)(=O)N1CCC(OS(N)(=O)=O)CC1 CS(C)=O [Zn+2]
4ZX0,P00918,CA2,GOL 5L2 ZN,OCC(O)CO COC(=O)[C@@H]1C[C@@H](OS(N)(=O)=O)CN1S(=O)(=O)[C@@H]1O[C@@H](COC(C)=O)[C@@H](O)[C@@H](O)[C@H]1O [Zn+2]
4ZWZ,P00918,CA2,DMS 510 ZN,CS(C)=O COC(=O)[C@@H]1C[C@@H](OS(N)(=O)=O)CN1S(=O)(=O)[C@@H]1O[C@@H](CO)[C@@H](O)[C@@H](O)[C@H]1O [Zn+2]
4ZWX,P00918,CA2,5KZ DMS ZN,CC(=O)OC[C@H]1O[C@@H](S(=O)(=O)NCCCCCOS(N)(=O)=O)[C@H](OC(C)=O)[C@H](OC(C)=O)[C@@H]1OC(C)=O CS(C)=O [Zn+2]
4ZVI,P0AES7,GYRB,4S4 IOD,O=C(O)CNC(=O)c1ccc(NC(=O)c2cc(Br)c(Br)[nH]2)cc1 [I-]
4ZV2,,,GLN,NC(=O)CC[C@H](N)C(=O)O
4ZS9,A0A1A9TA69,BALAC_1599,MG CL,[Mg+2] [Cl-]
4ZEK,Q52012,ACCA,LAH EDO TOE PEG,CC(C)OP(=O)(O)O[C@@H]1[C@@H](O)[C@@H](O)CO[C@H]1O OCCO COCCOCCOCCO OCCOCCO
4ZBI,Q07820,MCL1,4M6,O=C(O)c1c(CCCOc2cccc3ccccc23)c2cccc3c2n1CCC3
4ZB8,A0A0R4I981,,GDS,N[C@@H](CCC(=O)N[C@@H](CSSC[C@H](NC(=O)CC[C@H](N)C(=O)O)C(=O)NCC(=O)O)C(=O)NCC(=O)O)C(=O)O
4Z93,O60885,BRD4,4LD EDO,COc1cc2c(cc1-c1c(C)noc1C)[nH]c1ccnc(-c3c(C4CC4)n[nH]c3C)c12 OCCO
4Z84,P00517,PRKACA,MOH NVX,CO O=C(c1cccc(Cl)c1)[C@H]1CNC[C@@H]1c1ccc2c(=O)[nH]cnc2c1
4Z6I,Q9H8M2,BRD9,4L3,Cc1cc(=O)n(C)c2cc(N3C(=O)CC[C@H](NC(=O)OC(C)(C)C)[C@H]3c3ccccc3)ccc12
4Z2B,Q6L8Q7,PDE12,SO4 EDO TRS 4LC MG,O=S(=O)([O-])[O-] OCCO [NH3+]C(CO)(CO)CO Cn1c(-c2c[nH]c3cc(C#N)ccc23)nc2ccc(C(=O)N3CCO[C@@H](c4ccccc4)[C@@H]3CO)cc21 [Mg+2]
4Z1K,P00918,CA2,ZN 4KB,[Zn+2] NS(=O)(=O)c1ccc(C(=O)N2CCc3cc(O)c(O)cc3C2)cc1
4Z1J,P00918,CA2,ZN 4KC,[Zn+2] NS(=O)(=O)c1ccc(C(=O)N2CCc3ccccc3C2)cc1
4Z1E,P00918,CA2,ZN DF5,[Zn+2] COc1ccc2c(ccc[n+]2C(=O)c2ccc(S(N)(=O)=O)cc2)c1
4Z0Q,P00918,CA2,ZN 4K9,[Zn+2] NS(=O)(=O)c1ccc(C(=O)N2CCCc3ccccc32)cc1
4Z0K,P00740,F9,4LN NA NHE CL,Cc1ccc(O)c2c3c(nn12)CC[C@@](C)(NC(=O)c1ccc(-n2cnnc2)cc1)C3 [Na+] O=S(=O)(O)CCNC1CCCCC1 [Cl-]
4YZU,P00740,F9,4K6 NA NHE CL,Cc1cc2nc(CCNC(=O)c3ccc(-n4cnnc4)cc3)[nH]c2cc1C [Na+] O=S(=O)(O)CCNC1CCCCC1 [Cl-]
4YZ5,A0A0H2UQE4,SP_1326,DAN SO4,CC(=O)N[C@H]1[C@H]([C@H](O)[C@H](O)CO)OC(C(=O)O)=C[C@@H]1O O=S(=O)([O-])[O-]
4YW2,A0A0H2UQE4,SP_1326,PO4 GOL PEG,O=P([O-])([O-])[O-] OCC(O)CO OCCOCCO
4YTH,O60674,JAK2,467,CC(C)(Nc1nc(-c2c[nH]c3ncc(Cl)cc23)ncc1F)C(=O)NCC(F)(F)F
4YTC,O60674,JAK2,4HW,Nc1nc(Nc2ccccc2)nn1-c1cc(Nc2ccccc2)ncn1
4YSL,A5VWI3,PPUT_0068,FE GSH,[Fe+3] N[C@@H](CCC(=O)N[C@@H](CS)C(=O)NCC(=O)O)C(=O)O
4YRD,A0A0H3JP37,CAPF,ZN 3IT,[Zn+2] C=C(C)c1ccccc(=O)c1O
4YO8,Q9ZMY2,MTNN,4EZ ZN,CCCCCCN(CO)Cc1c[nH]c2c(N)ncnc12 [Zn+2]
4YNB,Q9ZMY2,MTNN,4EH GOL PEG,Nc1ncnc2c(CN3C[C@H](CSc4cnccn4)[C@@H](O)C3)c[nH]c12 OCC(O)CO OCCOCCO
4YMX,Q8RCC4,ARTI,ARG,NC(=[NH2+])NCCC[C@H](N)C(=O)O
4YMQ,P51449,RORC,NA GOL ZBD,[Na+] OCC(O)CO C[C@H](CCO)N(C)C(=O)CCCN1c2ccccc2N(Cc2ccc(C(O)(C(F)(F)F)C(F)(F)F)cc2)S1(=O)=O
4YML,P0AF12,MTNN,4F0 PO4,CSC[C@@H]1CN(Cc2c[nH]c3c(N)ncnc23)C[C@H]1O O=P([O-])([O-])[O-]
4YMH,Q9HGR1,MTH1,SAH PEG,Nc1ncnc2c1ncn2[C@@H]1O[C@H](CSCC[C@H](N)C(=O)O)[C@@H](O)[C@H]1O OCCOCCO
4YMG,Q9HGR1,MTH1,SAM PO4 PG4 MG,C[S@@+](CC[C@H](N)C(=O)[O-])C[C@H]1O[C@@H](n2cnc3c(N)ncnc32)[C@H](O)[C@@H]1O O=P([O-])([O-])[O-] OCCOCCOCCOCCO [Mg+2]
4YMB,P22756,GRIK1,4E7 ACT CL PEG EDO,CCC[C@@H]1CN[C@H](C(=O)O)[C@H]1c1cccc(C(=O)O)c1 CC(=O)[O-] [Cl-] OCCOCCO OCCO
4YM2,P56470,LGALS4,,
4YKJ,A0A0R4I973,ML032222A,ALA GLY,C[C@H](N)C(=O)O NCC(=O)O
4YK0,Q92793,CREBBP,986 EDO,C[C@@H]1CC(=O)Nc2ccccc2N1 OCCO
4YIK,Q9NPB1,NT5M,PO4 PEG TRS 2O2 GOL MG,O=P([O-])([O-])[O-] OCCOCCO [NH3+]C(CO)(CO)CO O=c1[nH]c(=O)n([C@H]2C[C@H]3O[C@](c4ccccc4)(P(=O)(O)O)OC[C@H]3O2)cc1/C=C/P(=O)(O)O OCC(O)CO [Mg+2]
4YHQ,P03366,GAG-POL,G10 Y1 CL NA GOL,CC(C)CN(C[C@@H](O)[C@H](Cc1ccccc1)NC(=O)O[C@H]1CO[C@H]2OCC(F)(F)[C@H]21)S(=O)(=O)c1ccc(N)cc1 [Y+2] [Cl-] [Na+] OCC(O)CO
4YHA,A0A0M3KL20,C694_06140,ZN CL MZM GOL,[Zn+2] [Cl-] CC(=O)N=c1sc(S(N)(=O)=O)nn1C OCC(O)CO
4YGF,A0A0M3KL20,C694_06140,ZN CL AZM GOL,[Zn+2] [Cl-] CC(=O)Nc1nnc(S(N)(=O)=O)s1 OCC(O)CO
4YES,P00734,F2,45S NAG GOL MG,Cc1ccc(C(=O)N2CCC[C@H]2C(=O)NCc2cc(Cl)ccc2CN)[nH]1 CC(=O)N[C@@H]1[C@@H](O)[C@H](O)[C@@H](CO)O[C@H]1O OCC(O)CO [Mg+2]
4YE3,P03366,GAG-POL,G04 GOL CL Y1,COc1ccc(S(=O)(=O)N(CC(C)C)C[C@@H](O)[C@H](Cc2ccccc2)NC(=O)O[C@H]2CO[C@H]3OC[C@H](OC)[C@H]32)cc1 OCC(O)CO [Cl-] [Y+2]
4YDF,Q82134,PRT,4B1 SO4,O=[N+]([O-])c1ccc(S(=O)(=O)N(Cc2ccccc2)[C@H]2CNC[C@@H]2N(Cc2ccccc2)S(=O)(=O)c2cccc([N+](=O)[O-])c2)cc1 O=S(=O)([O-])[O-]
4YC9,O15164,TRIM24,4C1 GOL ZN,CCCOc1cc(OCCCCN(C)C)cc(Oc2cc3c(cc2NS(=O)(=O)c2ccc(OC)c(OC)c2)n(C)c(=O)n3C)c1 OCC(O)CO [Zn+2]
4YC0,A3UNN4,V12B01_18061,5OF,O=C(O)Cc1n[nH]c(=O)c2ccccc12
4Y8Z,P03951,F11,EDO SO4 4CE,OCCO O=S(=O)([O-])[O-] CN1CCN(C(=O)C[C@H](NC(=O)/C=C/c2cc(Cl)ccc2-n2cnnn2)c2nc(-c3ccc4[nH]c(=O)cc(O)c4c3)c(Cl)[nH]2)CC1
4Y8X,P03951,F11,EDO SO4 4GR,OCCO O=S(=O)([O-])[O-] COC(=O)Nc1ccc(-c2[nH]c([C@H](Cc3ccccc3)NC(=O)/C=C/c3cc(Cl)ccc3-n3cnnn3)nc2Cl)cc1
4Y79,P00742,F10,4O6 MG CA,C[C@@H](C(=O)N1CCOCC1)N1CC[C@H](NS(=O)(=O)/C=C/c2ccc(Cl)cc2)C1=O [Mg+2] [Ca+2]
4Y5D,P22629,,MT6 PE3 DMS P6G,COC(=O)c1cccc(-c2cc3c(=O)[nH]ccc3o2)c1 OCCOCCOCCOCCOCCOCCOCCOCCOCCOCCOCCOCCOCCOCCO CS(C)=O OCCOCCOCCOCCOCCOCCO
4Y4J,P11838,EAPA,GOL ACT DMS LNR,OCC(O)CO CC(=O)[O-] CS(C)=O NC[C@H](O)c1ccc(O)c(O)c1
4Y4G,P11838,EAPA,GOL ACT DMS GGB,OCC(O)CO CC(=O)[O-] CS(C)=O N=C(N)NOCC[C@H](N)C(=O)O
4Y3Y,P11838,EAPA,DCL DMS ACT GOL,CC(C)C[C@H](N)CO CS(C)=O CC(=O)[O-] OCC(O)CO
4Y3J,P11838,EAPA,GOL ACT DMS HIC,OCC(O)CO CC(=O)[O-] CS(C)=O Cn1cnc(C[C@H](N)C(=O)O)c1
4Y38,P11838,EAPA,GOL ACT DMS 0A9,OCC(O)CO CC(=O)[O-] CS(C)=O COC(=O)[C@@H](N)Cc1ccccc1
4Y2Q,P34913,EPHX2,49N MG,FC(F)(F)c1cccnc1N1CCNCC1 [Mg+2]
4Y0A,A0A0M3KL09,AROK,SKM SO4,O=C(O)C1=C[C@@H](O)[C@@H](O)[C@H](O)C1 O=S(=O)([O-])[O-]
4XYA,O60885,BRD4,43S EDO,Nc1nc(-c2cc(Br)cc3ccoc23)c2nc[nH]c2n1 OCCO
4XY9,O60885,BRD4,EDO 43U,OCCO COc1ccc(Br)cc1-c1nc(N)nc2[nH]cnc12
4XY8,Q9H8M2,BRD9,43U BR,COc1ccc(Br)cc1-c1nc(N)nc2[nH]cnc12 [Br-]
4XXH,P36673,TRER,,
4XU3,I6YFP0,BIRA,CL 44R,[Cl-] Nc1ncnc2c1ncn2COCCNS(=O)(=O)NC(=O)CCCC[C@@H]1SC[C@@H]2NC(=O)N[C@@H]21
4XU2,I6YFP0,BIRA,44Q,Nc1ncnc2c1ncn2[C@@H]1O[C@H](CNS(=O)(=O)NC(=O)CCCC[C@@H]2SC[C@@H]3NC(=O)N[C@@H]32)C[C@H]1O
4XU1,I6YFP0,BIRA,DMS EDO 44O,CS(C)=O OCCO Nc1ncnc2c1ncn2[C@H]1CNC[C@@H](COS(=O)(=O)NC(=O)CCCC[C@@H]2SC[C@@H]3NC(=O)N[C@@H]32)O1
4XU0,I6YFP0,BIRA,44N,C[C@@]1(O)[C@H](O)[C@@H](COS(=O)(=O)NC(=O)CCCC[C@@H]2SC[C@@H]3NC(=O)N[C@@H]32)O[C@H]1n1cnc2c(N)ncnc21
4XTZ,I6YFP0,BIRA,594,Nc1ncnc2c1ncn2[C@@H]1O[C@H](COS(=O)(=O)NC(=O)CCCC[C@@H]2SC[C@@H]3NC(=O)N[C@@H]32)[C@@H](O)[C@@H]1F
4XTY,I6YFP0,BIRA,44L,Nc1ncnc2c1ncn2[C@@H]1O[C@H](CNS(=O)(=O)NC(=O)CCCC[C@@H]2SC[C@@H]3NC(=O)N[C@@H]32)[C@@H](O)[C@H]1F
4XTX,I6YFP0,BIRA,EDO 590,OCCO [N-]=[N+]=N[C@H]1[C@H](O)[C@@H](COS(=O)(=O)NC(=O)CCCC[C@@H]2SC[C@@H]3NC(=O)N[C@@H]32)O[C@H]1n1cnc2c(N)ncnc21
4XTW,I6YFP0,BIRA,EDO 44M,OCCO [N-]=[N+]=N[C@@H]1[C@H](O)[C@@H](CNS(=O)(=O)NC(=O)CCCC[C@@H]2SC[C@@H]3NC(=O)N[C@@H]32)O[C@H]1n1cnc2c(N)ncnc21
4XTV,I6YFP0,BIRA,44K,Nc1ncnc2c1ncn2[C@H]1CC[C@@H](CNS(=O)(=O)NC(=O)CCCC[C@@H]2SC[C@@H]3NC(=O)N[C@@H]32)C1
4XT2,P27540,ARNT,43L,Brc1cccc([C@@H]2C[C@H](c3cccc(Br)c3)n3nnnc3N2)c1
4XSY,A7ZSI4,RPOA,42T MG ZN,O=C(Nc1cc(C(=Nc2ccccc2)NO)cc(C(F)(F)F)c1)Nc1c(Cl)cccc1Cl [Mg+2] [Zn+2]
4XQB,Q64823,L5,425 ZN ACT,CC(=O)N[C@H]1[C@H]([C@H](O)[C@H](O)CO)O[C@@](OCCc2cn(CCN(CCn3cc(CCO[C@]4(C(=O)O)C[C@H](O)[C@@H](NC(C)=O)[C@H]([C@H](O)[C@H](O)CO)O4)nn3)CCn3cc(CCO[C@]4(C(=O)O)C[C@H](O)[C@@H](NC(C)=O)[C@H]([C@H](O)[C@H](O)CO)O4)nn3)nn2)(C(=O)O)C[C@@H]1O [Zn+2] CC(=O)[O-]
4XQA,Q64823,L5,ACT ZN 423,CC(=O)[O-] [Zn+2] CC(=O)N[C@H]1[C@H]([C@H](O)[C@H](O)CO)O[C@@](OCc2cn(CCN(CCn3cc(CO[C@]4(C(=O)O)C[C@H](O)[C@@H](NC(C)=O)[C@H]([C@H](O)[C@H](O)CO)O4)nn3)CCn3cc(CO[C@]4(C(=O)O)C[C@H](O)[C@@H](NC(C)=O)[C@H]([C@H](O)[C@H](O)CO)O4)nn3)nn2)(C(=O)O)C[C@@H]1O
4XMR,Q0P864,CJ1564,ILE SO4,CC[C@H](C)[C@H](N)C(=O)O O=S(=O)([O-])[O-]
4XMB,Q14145,KEAP1,41P,COc1ccc(S(=O)(=O)N(CC(N)=O)c2ccc(N(CC(N)=O)S(=O)(=O)c3ccc(OC)cc3)c3ccccc23)cc1
4XKC,P72583,SLL0558,MD9,CC1=CC2=Cc3c(C)c(CCC(=O)O)c4n3[Mg]n3c(cc(C)c3=CC3=NC(=C4)C(CCC(=O)O)=C3C)=CC1=N2
4XIQ,P07900,HSP90AA1,40Y GOL,Cc1c2c(n3c1CCOc1cc(C(N)=O)ccc1-3)CC(C)(C)CC2=O OCC(O)CO
4XIP,P07900,HSP90AA1,40W,Cc1cn(-c2ccc(C(N)=O)cc2)c2c1C(=O)CC(C)(C)C2
4XE1,P00918,CA2,GOL IL5 HGB ZN,OCC(O)CO NS(=O)(=O)c1ccc2c(c1)S(=O)(=O)NC2=O O=C(O)c1ccc([Hg]O)cc1 [Zn+2]
4X8V,P08709,F7,GOL SO4 CA 3Z9,OCC(O)CO O=S(=O)([O-])[O-] [Ca+2] COC(=O)Nc1ccc(S(=O)(=O)C(C)C)c([C@H]2CCCN2C(=O)[C@H](Nc2ccc3c(c2)C(=O)NCC3)c2ccc(OC)c(OC)c2)c1
4X5Y,O00255,MEN1,EPE EDO SO4 PG4 DMS 3XW,O=S(=O)(O)CCN1CCN(CCO)CC1 OCCO O=S(=O)([O-])[O-] OCCOCCOCCOCCO CS(C)=O Cc1c(CN2CCC(Nc3ncnc4sc(CC(F)(F)F)cc34)CC2)ccc2c1cc(C#N)n2Cc1cn[nH]c1
4X5P,P08191,FIMH,3XJ,O=C(O)c1ccc(C(=O)Nc2ccc(O[C@H]3O[C@H](CO)[C@@H](O)[C@H](O)[C@@H]3O)c(Cl)c2)cc1
4X11,P90498,VP1,K GOL EDO SIA,[K+] OCC(O)CO OCCO CC(=O)N[C@H]1[C@H]([C@H](O)[C@H](O)CO)O[C@@](O)(C(=O)O)C[C@@H]1O
4WW8,O43570,CA12,ZN EDO VD9,[Zn+2] OCCO CCCSc1ccc(S(N)(=O)=O)cc1
4WW6,P00918,CA2,MES MLA 3TV BCN DMS ZN,O=S(=O)([O-])CC[NH+]1CCOCC1 O=C(O)CC(=O)O CCCSc1c(F)c(F)c(S(N)(=O)=O)c(F)c1F O=C(O)CN(CCO)CCO CS(C)=O [Zn+2]
4WUP,P00915,CA1,PEG ACT 3UF ZN,OCCOCCO CC(=O)[O-] NS(=O)(=O)c1ccc(SCCO)cc1 [Zn+2]
4WT2,Q00987,MDM2,SO4 3UD,O=S(=O)([O-])[O-] COc1cc(NC(=O)C[C@@]2(C)C[C@H](c3cccc(Cl)c3)[C@@H](c3ccc(Cl)c(F)c3)N([C@H](CS(=O)(=O)C(C)(C)C)C3CC3)C2=O)ccc1C(=O)O
4WRB,P14174,MIF,3TW SO4 IPA GOL,COCCOc1ccc2nc(-c3cn(-c4ccc(O)cc4)nn3)ccc2c1 O=S(=O)([O-])[O-] CC(C)O OCC(O)CO
4WR7,P00915,CA1,ZN 3TV PEG ACT EDO,[Zn+2] CCCSc1c(F)c(F)c(S(N)(=O)=O)c(F)c1F OCCOCCO CC(=O)[O-] OCCO
4WOV,P29597,TYK2,3SM SO4,CNc1nc2[nH]c(-c3cccc(CNC(=O)COC)n3)cc2c2c1ncn2C O=S(=O)([O-])[O-]
4WOP,P9WPQ5,BIOD,CTP SO4,Nc1ccn([C@@H]2O[C@H](CO[P@](=O)(O)O[P@](=O)(O)OP(=O)(O)O)[C@@H](O)[C@H]2O)c(=O)n1 O=S(=O)([O-])[O-]
4WN5,Q9Y2N7,HIF3A,P6G MVC SO4,OCCOCCOCCOCCOCCOCCO CCCCCC/C=C\CCCCCCCCCC(=O)OC[C@H](O)CO O=S(=O)([O-])[O-]
4WKP,Q9ZMY2,MTNN,SO4 3QA,O=S(=O)([O-])[O-] Nc1ncnc2c(CN3C[C@H](CCSCCOCCO)[C@@H](O)C3)c[nH]c12
4WKO,Q9ZMY2,MTNN,GMD,Nc1ncnc2c(CN3C[C@H](CSCCCCO)[C@@H](O)C3)c[nH]c12
4WKN,Q9ZMY2,MTNN,TDI,CSC[C@H]1CN(Cc2c[nH]c3c(N)ncnc23)C[C@@H]1O
4WKC,A7ZHQ1,MTNN,PG4 BIG,OCCOCCOCCOCCO CCCCSC[C@H]1CN(Cc2c[nH]c3c(N)ncnc23)C[C@@H]1O
4WKB,A5F5R2,MTNN,TDI,CSC[C@H]1CN(Cc2c[nH]c3c(N)ncnc23)C[C@@H]1O
4WK1,A0A0H2WXZ7,SACOL0525,2BA CA,Nc1ncnc2c1ncn2[C@@H]1O[C@@H]2CO[P@@](=O)(O)O[C@H]3[C@@H](O)[C@H](n4cnc5c(N)ncnc54)O[C@@H]3CO[P@@](=O)(O)O[C@H]2[C@H]1O [Ca+2]
4WHS,P00436,PCAG,MUC CL BME FE SO4 3N8,O=C(O)C[C@H]1C=CC(=O)O1 [Cl-] OCCS [Fe+3] O=S(=O)([O-])[O-] Oc1ccc(F)cc1O
4WET,A0A0H2UL03,,WEF EDO NA,Cc1nc(-c2ccc(C(F)(F)F)cc2)sc1C(=O)N[C@@H](Cc1ccc(O)cc1)C(=O)O OCCO [Na+]
4WEF,Q6WJ03,HN,NAG FSI DF4 SFJ SO4 CA,CC(=O)N[C@@H]1[C@@H](O)[C@H](O)[C@@H](CO)O[C@H]1O CC(=O)N[C@@H]1[C@@H](O)[C@@H](F)[C@@](O)(C(=O)O)O[C@H]1[C@H](O)[C@H](O)CO CC(=O)N[C@@H]1[C@@H](O)[C@@H](F)C(C(=O)[O-])=[O+][C@H]1[C@H](O)[C@H](O)CO CC(=O)N[C@@H]1[C@@H](O)[C@@H](F)[C@](F)(C(=O)O)O[C@H]1[C@H](O)[C@H](O)CO O=S(=O)([O-])[O-] [Ca+2]
4WA9,P00519,ABL1,AXI,CNC(=O)c1ccccc1Sc1ccc2c(/C=C/c3ccccn3)n[nH]c2c1
4W9P,Q13451,FKBP5,3JR ACT,COc1ccc(OCCN2C[C@H]([C@H](O)CO)[C@H]3CCC[C@@H](C2=O)N3S(=O)(=O)c2cc(Cl)cc(Cl)c2)cc1OC CC(=O)[O-]
4W9K,Q15370,ELOB,3JO,CC(=O)N[C@@H](Cc1ccccc1)C(=O)N[C@H](C(=O)N1C[C@H](O)C[C@H]1C(=O)NCc1ccc(-c2scnc2C)cc1)C(C)(C)C
4W9J,Q15370,ELOB,3JH,CC(=O)N[C@@H](CC(C)C)C(=O)N[C@H](C(=O)N1C[C@H](O)C[C@H]1C(=O)NCc1ccc(-c2scnc2C)cc1)C(C)(C)C
4W9F,Q15370,ELOB,3JU,Cc1ncsc1-c1ccc(CNC(=O)[C@@H]2C[C@@H](O)CN2C(=O)CC(C)(C)C)cc1
4W9D,Q15370,ELOB,3JK,Cc1ncoc1-c1ccc(CNC(=O)[C@@H]2C[C@@H](O)CN2C(=O)CC(C)(C)C)cc1
4W97,P9WMB9,KSTR2,CL UCA,[Cl-] CC(C)(COP(=O)(O)OP(=O)(O)OC[C@H]1O[C@@H](n2cnc3c(N)ncnc32)[C@H](O)[C@@H]1OP(=O)(O)O)[C@@H](O)C(=O)NCCC(=O)NCCSC(=O)CC[C@@H]1C(=O)CC[C@]2(C)C(=O)CC[C@@H]12
4W52,P00720,E,BNZ EPE,c1ccccc1 O=S(=O)(O)CCN1CCN(CCO)CC1
4V24,Q9NYA1,SPHK1,ACT GYR,CC(=O)[O-] Cc1cc(CS(=O)(=O)c2ccccc2)cc(OCc2ccc(CN3CCC[C@@H]3CO)cc2)c1
4V01,P11362,FGFR1,0LI EDO SO4,Cc1ccc(C(=O)Nc2ccc(CN3CCN(C)CC3)c(C(F)(F)F)c2)cc1C#Cc1cnc2cccnn12 OCCO O=S(=O)([O-])[O-]
4UYF,P25440,BRD2,SO4 73B EDO,O=S(=O)([O-])[O-] CC(=O)N1c2ccc(-c3ccc(C(=O)O)cc3)cc2[C@H](Nc2ccc(Cl)cc2)C[C@@H]1C OCCO
4UYE,P55201,BRPF1,EDO 9F9,OCCO COc1ccccc1C(=O)Nc1cc2c(cc1N1CCCCC1)n(C)c(=O)n2C
4USW,Q96PN6,ADCY10,NA ACT ATP GOL,[Na+] CC(=O)[O-] Nc1ncnc2c1ncn2[C@@H]1O[C@H](CO[P@@](=O)(O)O[P@](=O)(O)OP(=O)(O)O)[C@@H](O)[C@H]1O OCC(O)CO
4US3,Q9KDT3,BH1128,LMU BNG NA TRP,CCCCCCCCCCCCO[C@H]1O[C@H](CO)[C@@H](O[C@H]2O[C@H](CO)[C@@H](O)[C@H](O)[C@H]2O)[C@H](O)[C@H]1O CCCCCCCCCO[C@@H]1O[C@H](CO)[C@@H](O)[C@H](O)[C@H]1O [Na+] N[C@@H](Cc1c[nH]c2ccccc12)C(=O)O
4URZ,P01112,HRAS,VJP,Nc1ccc(S(=O)(=O)N2CCCCC2=O)cc1
4URY,P01112,HRAS,RV1,Nc1ccc(S(=O)(=O)NC(=O)C2CC2)cc1
4URX,P01112,HRAS,FMT HXY FK1,O=CO Brc1ccc(CN2CCCC2)cc1 Brc1ccc2cc[nH]c2c1
4URW,P01112,HRAS,DXO,CSc1nc(-c2c(C)cccc2C)nc(N2CCNCC2)n1
4URV,P01112,HRAS,UMK FMT,OC1(c2ccc(Br)cc2)CCNCC1 O=CO
4URU,P01112,HRAS,6W2,COc1ccc(S(=O)(=O)Nc2nccs2)cc1
4UP5,Q9BRQ0,PYGO2,ZN 94W,[Zn+2] COc1ccc2nc(N)sc2c1
4UOH,A5J299,,ADP MG,Nc1ncnc2c1ncn2[C@@H]1O[C@H](CO[P@](=O)(O)OP(=O)(O)O)[C@@H](O)[C@H]1O [Mg+2]
4UOF,A5J299,,DAT MG,Nc1ncnc2c1ncn2[C@H]1C[C@H](O)[C@@H](CO[P@](=O)(O)OP(=O)(O)O)O1 [Mg+2]
4UNP,P9WKE1,TMK,TXW,CCCc1cc2[nH]c(=O)ccc2c(C)n1
4UMC,Q9K169,AROG,MN PO4 PEQ,[Mn+2] O=P([O-])([O-])[O-] C[C@H](OP(=O)(O)O)C(=O)O
4UMB,Q9K169,AROG,MN PO4 0V5,[Mn+2] O=P([O-])([O-])[O-] C[C@@H](OP(=O)(O)O)C(=O)O
4UMA,Q9K169,AROG,MN GZ3,[Mn+2] C/C(=C\P(=O)(O)O)C(=O)O
4UJA,P17612,PRKACA,4L7 BR MPD,O=C(c1ccc(Br)s1)[C@H]1CNC[C@@H]1c1ccc2c(=O)[nH]cnc2c1 [Br-] C[C@H](O)CC(C)(C)O
4UIN,,,QI9,C=C[C@H]1C[N@@]2CC[C@H]1C[C@H]2[C@H](O)c1ccnc2ccc(OC)cc12
4UFM,P54818,GALC,CA NAG DGJ,[Ca+2] CC(=O)N[C@@H]1[C@@H](O)[C@H](O)[C@@H](CO)O[C@H]1O OC[C@H]1NC[C@H](O)[C@@H](O)[C@H]1O
4UFL,P54818,GALC,DZX CA NAG,OC[C@@H]1[C@H](O)[C@H](O)[C@@H]2CC[C@H]1N2 [Ca+2] CC(=O)N[C@@H]1[C@@H](O)[C@H](O)[C@@H](CO)O[C@H]1O
4UFK,P54818,GALC,LDU NAG CA,OC[C@H]1NC[C@@H](O)[C@H]1O CC(=O)N[C@@H]1[C@@H](O)[C@H](O)[C@@H](CO)O[C@H]1O [Ca+2]
4UFJ,P54818,GALC,IF7 NAG CA,O=C1NC[C@H](CO)[C@H](O)[C@@H]1O CC(=O)N[C@@H]1[C@@H](O)[C@H](O)[C@@H](CO)O[C@H]1O [Ca+2]
4UFI,P54818,GALC,CA NAG AGK,[Ca+2] CC(=O)N[C@@H]1[C@@H](O)[C@H](O)[C@@H](CO)O[C@H]1O OC[C@H]1NNC[C@@H](O)[C@H]1O
4UFH,P54818,GALC,NAG PG4 CA NI GIF,CC(=O)N[C@@H]1[C@@H](O)[C@H](O)[C@@H](CO)O[C@H]1O OCCOCCOCCOCCO [Ca+2] [Ni+2] OC[C@H]1CNC[C@@H](O)[C@H]1O
4UFD,P00734,F2,PO4 S49 GOL NA NAG,O=P([O-])([O-])[O-] N=C(N)c1ccc(CNC(=O)[C@@H]2CCCN2C(=O)[C@@H](Cc2ccccc2)NS(=O)(=O)Cc2ccccc2)cc1 OCC(O)CO [Na+] CC(=O)N[C@@H]1[C@@H](O)[C@H](O)[C@@H](CO)O[C@H]1O
4UCC,P03418,N,ZKW,O=C(O)c1cc(C(=O)O)n(Cc2ccc(Cl)cc2Cl)n1
4UBP,P41022,UREA,NI HAE,[Ni+2] CC(=O)NO
4UAL,Q9Y5S2,CDC42BPB,EDO CL 3FV,OCCO [Cl-] O=C(Nc1c[nH]nc1-c1ccccn1)c1nn(C2CCNCC2)cc1Cl
4UAC,D6E1Y1,,PEG EDO,OCCOCCO OCCO
4UA8,D6E1Y1,,PEG EDO,OCCOCCO OCCO
4U8W,P03366,GAG-POL,ACT CL NA G10,CC(=O)[O-] [Cl-] [Na+] CC(C)CN(C[C@@H](O)[C@H](Cc1ccccc1)NC(=O)O[C@H]1CO[C@H]2OCC(F)(F)[C@H]21)S(=O)(=O)c1ccc(N)cc1
4U7V,P04585,GAG-POL,BME 3EN,OCCS CC(C)[C@H](N)C(=O)N[C@@H](Cc1ccccc1)C[C@H](O)[C@H](Cc1ccccc1)NC(=O)OCc1cncs1
4U73,P53582,METAP1,Q02 K CO,N[C@@H](c1ccccc1)P(=O)(O)O [K+] [Co+2]
4U71,P53582,METAP1,Q03 GOL K CO,N[C@@H](C1CCCCC1)P(=O)(O)O OCC(O)CO [K+] [Co+2]
4U6Z,P53582,METAP1,Q07 GOL K CO,CCC[C@H](C)[C@H](N)P(=O)(O)O OCC(O)CO [K+] [Co+2]
4U6W,P53582,METAP1,Q08 GOL K CO,CCCC(CCC)[C@H](N)P(=O)(O)O OCC(O)CO [K+] [Co+2]
4U6C,P53582,METAP1,CO K GOL Q06,[Co+2] [K+] OCC(O)CO N[C@@H](CCC1CCCC1)P(=O)(O)O
4U69,P53582,METAP1,Q07 K CO,CCC[C@H](C)[C@H](N)P(=O)(O)O [K+] [Co+2]
4U5U,P52293,KPNA2,3D2,NCCCC[C@H](NCc1cccc(-c2cccnc2)c1)C(N)=O
4U5S,P52293,KPNA2,3D0,CC(=O)N[C@H](CCCCN)C(=O)N[C@@H](CN[C@H](C(=O)N[C@H](Cc1ccccc1)C(N)=O)[C@H](C)O)COCc1cccnc1
4U5O,P52293,KPNA2,3D5,NCCCC[C@@H](NCc1ccc(-c2cccnc2)cc1)C(N)=O
4U5N,P52293,KPNA2,3D4,C[C@@H](O)[C@H](NC(=O)CNC(=O)[C@H](CCCCN)NCc1ccc(-c2cccnc2)cc1)[C@@H](O)N[C@H](Cc1ccccc1)C(N)=O
4U5L,P52293,KPNA2,3D6,NCCCC[C@H](NCc1ccc(-c2cccnc2)cc1)C(N)=O
4U58,P52293,KPNA2,3C6,NCCCC[C@H](NC(=O)c1ccc(-c2cccnc2)cc1)C(N)=O
4U54,P52293,KPNA2,3C5,CNCc1cccc(-c2cccnc2)c1
4U4X,P19491,GRIA2,3C2 SO4 GLU ACT GOL PEG,CCN1CNS(=O)(=O)c2ncccc21 O=S(=O)([O-])[O-] N[C@@H](CCC(=O)O)C(=O)O CC(=O)[O-] OCC(O)CO OCCOCCO
4U43,O95819,MAP4K4,3D8,c1cncc(Nc2ncnn3cccc23)c1
4U1B,P53582,METAP1,Q08 GOL CO,CCCC(CCC)[C@H](N)P(=O)(O)O OCC(O)CO [Co+2]
4U0W,O34817,NAGR,16G GOL EDO,CC(=O)N[C@@H]1[C@@H](O)[C@H](O)[C@@H](COP(=O)(O)O)O[C@@H]1O OCC(O)CO OCCO
4U0F,P12493,GAG,3A8 EDO,O=C1N[C@@H](c2ccc(O)cc2)c2c(-c3ccccc3)n[nH]c21 OCCO
4TZ2,Q6PL18,ATAD2,39R CL TRS SO4,Nc1cccc(-c2nnc(-c3ccccc3)[nH]2)c1 [Cl-] [NH3+]C(CO)(CO)CO O=S(=O)([O-])[O-]
4TYB,D0PY27,,3B1,N#C[C@@H](c1ccccc1)N1CCOCC1
4TYA,D0PY27,,3AE,O=C(O)c1ccc(C(F)(F)F)cc1
4TY9,D0PY27,,3B0,Nc1ccc(C(F)(F)F)cn1
4TY8,D0PY27,,3AV,Cc1ccc2oc(=O)ccc2c1
4TY1,P11309,PIM1,38W GOL,CC(C)(C)Nc1nnc(-c2ccc3[nH]cc(-c4nccc(C5CC5)n4)c3c2)o1 OCC(O)CO
4TXS,D0PY27,,3AQ,N#CCc1ccc(O)cc1
4TW6,Q13451,FKBP5,37L GOL NA,C=CC[C@H](C(=O)N1CCCC[C@H]1C(=O)O[C@H](CCc1ccc(OC)c(OC)c1)c1cccc(OCC(=O)O)c1)c1cc(OC)c(OC)c(OC)c1 OCC(O)CO [Na+]
4TUN,P00698,LYZ,ACT MVH,CC(=O)[O-] CNC(=O)/C=C(\C)OP(=O)(O)OC
4TU4,Q6PL18,ATAD2,DMS CL 37N GOL SO4,CS(C)=O [Cl-] Cc1noc(C)c1-c1cc(NS(=O)(=O)c2ccccc2)cc(C(=O)O)c1 OCC(O)CO O=S(=O)([O-])[O-]
4TTE,Q6PL18,ATAD2,36Z GOL CL SO4,COC(=O)c1cc(N)cc(-c2c(C)noc2C)c1 OCC(O)CO [Cl-] O=S(=O)([O-])[O-]
4TSX,F2WR39,POL,SO4 LF0,O=S(=O)([O-])[O-] Cc1nc2ccccc2c(-c2ccc3c(c2)CCCO3)c1[C@H](OC(C)(C)C)C(=O)O
4TS1,P00952,TYRS,TYR,N[C@@H](Cc1ccc(O)cc1)C(=O)O
4TRC,Q97W95,GPT-1,PO4 ADE,O=P([O-])([O-])[O-] Nc1ncnc2[nH]cnc12
4TQN,Q92793,CREBBP,EDO UL4,OCCO CCOc1ccc(C(C)=O)cc1NC(=O)c1cccc(C(=O)O)c1
4TPW,P06730,EIF4E,MGP 33R MES,C[n+]1cn([C@@H]2O[C@H](CO[P@@](=O)(O)O[P@@](=O)(O)OP(=O)(O)O)[C@@H](O)[C@H]2O)c2nc(N)[nH]c(=O)c21 O=C(O)/C(Cc1ccccc1[N+](=O)[O-])=N/Nc1nc(-c2ccc(Cl)c(Cl)c2)cs1 O=S(=O)([O-])CC[NH+]1CCOCC1
4TLN,P00800,NPR,CA ZN LNO,[Ca+2] [Zn+2] CC(C)C[C@H](N)C(=O)NO
4TKJ,P05413,FABP3,PLM GLP P6G,CCCCCCCCCCCCCCCC(=O)O N[C@@H]1[C@@H](O)[C@H](O)[C@@H](COP(=O)(O)O)O[C@@H]1O OCCOCCOCCOCCOCCOCCO
4TKB,P05413,FABP3,DAO P6G,CCCCCCCCCCCC(=O)O OCCOCCOCCOCCOCCOCCO
4TJZ,P05413,FABP3,DKA P6G,CCCCCCCCCC(=O)O OCCOCCOCCOCCOCCOCCO
4TIM,P04789,,2PG,O=C(O)[C@@H](CO)OP(=O)(O)O
4STD,P56221,SDH1,BFS,C[C@@H](NC(=O)c1cc(F)ccc1O)c1ccc(Br)cc1
4S1G,P00797,REN,NAG 43T,CC(=O)N[C@@H]1[C@@H](O)[C@H](O)[C@@H](CO)O[C@H]1O CC(C)[C@]1(C)CC(=O)N(Cc2cc(F)cc(C(=O)N[C@@H](C)c3ccccc3)c2)C(N)=N1
4RWW,Q8Y3Y7,LMO2692,2BA,Nc1ncnc2c1ncn2[C@@H]1O[C@@H]2CO[P@@](=O)(O)O[C@H]3[C@@H](O)[C@H](n4cnc5c(N)ncnc54)O[C@@H]3CO[P@@](=O)(O)O[C@H]2[C@H]1O
4RWJ,P11362,FGFR1,66T,COc1cc(CCc2cc(NC(=O)c3ccc(N4C[C@@H](C)N[C@@H](C)C4)cc3)[nH]n2)cc(OC)c1
4RUZ,P00918,CA2,ZN 3W8 GOL,[Zn+2] CCOc1ccc(S(N)(=O)=O)cc1 OCC(O)CO
4RUY,P00918,CA2,ZN 3W6 GOL,[Zn+2] CCCOc1ccc(S(N)(=O)=O)cc1 OCC(O)CO
4RUX,P00918,CA2,ZN 3W3 GOL,[Zn+2] C=CCOc1ccc(S(N)(=O)=O)cc1 OCC(O)CO
4RSK,P61823,RNASE1,U3P,O=c1ccn([C@@H]2O[C@H](CO)[C@@H](OP(=O)(O)O)[C@H]2O)c(=O)[nH]1
4RRG,Q58597,THRS,A3T,C[C@@H](O)[C@H](N)C(=O)N[C@H]1[C@@H](O)[C@H](n2cnc3c(N)ncnc32)O[C@@H]1CO
4RRF,Q58597,THRS,A3S CL MG,Nc1ncnc2c1ncn2[C@@H]1O[C@H](CO)[C@@H](NC(=O)[C@@H](N)CO)[C@H]1O [Cl-] [Mg+2]
4RRA,Q9YFY3,THRS2,A3T MG,C[C@@H](O)[C@H](N)C(=O)N[C@H]1[C@@H](O)[C@H](n2cnc3c(N)ncnc32)O[C@@H]1CO [Mg+2]
4RR6,Q9YFY3,THRS2,A3S,Nc1ncnc2c1ncn2[C@@H]1O[C@H](CO)[C@@H](NC(=O)[C@@H](N)CO)[C@H]1O
4RQV,O15530,PDPK1,ATP R2S GOL,Nc1ncnc2c1ncn2[C@@H]1O[C@H](CO[P@@](=O)(O)O[P@](=O)(O)OP(=O)(O)O)[C@@H](O)[C@H]1O O=S(=O)(Nc1nc2ccc(Cl)cc2s1)c1cc2ccccc2s1 OCC(O)CO
4RQK,O15530,PDPK1,GOL ATP R1S EPE,OCC(O)CO Nc1ncnc2c1ncn2[C@@H]1O[C@H](CO[P@@](=O)(O)O[P@](=O)(O)OP(=O)(O)O)[C@@H](O)[C@H]1O O=S(=O)(Nc1nc2ccc(Cl)cc2s1)c1csc2ccccc12 O=S(=O)(O)CCN1CCN(CCO)CC1
4RPO,P52679,PCPR,T6C GOL DMS,Oc1c(Cl)cc(Cl)cc1Cl OCC(O)CO CS(C)=O
4RPN,P52679,PCPR,PCI,Oc1c(Cl)c(Cl)c(Cl)c(Cl)c1Cl
4RN6,P00734,F2,15U,C[C@@H]1CNc2c(cccc2S(=O)(=O)N[C@@H](CCCNC(=N)N)C(=O)N2CC[C@@H](C)C[C@@H]2C(=O)O)C1
4RN4,P00918,CA2,ZN FMT 3T7 GOL,[Zn+2] O=CO NS(=O)(=O)c1nnc(N(Cc2cn(-c3ccccc3)nn2)Cc2cn([C@@H]3O[C@H](CO)[C@@H](O)[C@H](O)[C@H]3O)nn2)s1 OCC(O)CO
4RLW,P9WFK1,RV0635,BUN GOL,O=C(/C=C/c1ccc(O)c(O)c1)c1ccc(O)cc1O OCC(O)CO
4RLT,P9WFK1,RV0635,GOL FSE,OCC(O)CO O=c1c(O)c(-c2ccc(O)c(O)c2)oc2cc(O)ccc12
5DHH,P0ABE7,CYBC,OLA DGW OLC,CCCCCCCC/C=C\CCCCCCCC(=O)O Cc1cccc2c1CC[C@H](CN1CCC(c3c(Cl)cccc3Cl)CC1)C[C@@H]2O CCCCCCCC/C=C\CCCCCCCC(=O)OC[C@H](O)CO
5DQ8,Q15562,TEAD2,FLF,O=C(O)c1ccccc1Nc1cccc(C(F)(F)F)c1
5DXT,P42336,PIK3CA,5H5 EDO,CC(C)n1ncnc1-c1cn2c(n1)-c1ccc(O[C@@H](C)C(N)=O)cc1OCC2 OCCO
5E1S,P06213,INSR,5JA,COCCN1CCN(CCn2ccc(Nc3ncc4c(n3)-c3c(nn(C)c3-c3ccccc3)C[C@H]4C)n2)CC1
5E3D,P55201,BRPF1,NO3 5JL,O=[N+]([O-])[O-] O=c1[nH]c(=S)[nH]c2[nH]c(=S)[nH]c12
5EB2,Q9I4L4,YFIR,SO4 TRP,O=S(=O)([O-])[O-] N[C@@H](Cc1c[nH]c2ccccc12)C(=O)O
5EEI,F8W4B7,HDAC6,ZN K SHH GOL EDO CL MG,[Zn+2] [K+] O=C(CCCCCCC(=O)Nc1ccccc1)NO OCC(O)CO OCCO [Cl-] [Mg+2]
5EM3,P55201,BRPF1,NO3 5Q0,O=[N+]([O-])[O-] Oc1cccc2ncccc12
5EM8,P00533,EGFR,5Q4,COc1ccccc1Nc1cc[nH]c(=O)c1C(=O)Nc1ccc(N2CCN(C)CC2)cc1
5EPR,P55201,BRPF1,5QY NO3,C[C@@H]1Nc2ccccc2NC1=O O=[N+]([O-])[O-]
5EPS,P55201,BRPF1,5QX NO3,CN1C(=O)CNc2ccccc21 O=[N+]([O-])[O-]
5EQ1,P55201,BRPF1,NO3 BEA,O=[N+]([O-])[O-] Cc1cccc2sc3[nH+]ncn3c12
5EQE,P35790,CHKA,5R8,CN1CCCN(Cc2ccc(CN)cc2)CC1
5EQP,P35790,CHKA,5R9,CN1CCCN(Cc2ccc3ncccc3c2)CC1
5ETB,P55201,BRPF1,NO3 5RO,O=[N+]([O-])[O-] CC(=O)c1c[nH]c2c(C)cccc12
5ETJ,P00491,PNP,PO4 IM5,O=P([O-])([O-])[O-] Nc1nc2c(CN3C[C@H](CO)[C@@H](O)C3)c[nH]c2c(=O)[nH]1
5EVA,P55201,BRPF1,5S9 NO3,Cn1nccc1C(=O)Nc1ccc(F)cc1F O=[N+]([O-])[O-]
5EW9,O14965,AURKA,5VC,O=C(O)[C@]1(Cc2cccc(Nc3nccs3)n2)CC[C@@H](Oc2cccc(Cl)c2F)CC1
5EWD,P55201,BRPF1,NO3 5SH,O=[N+]([O-])[O-] c1ccc(-c2ccncc2)cc1
5FDZ,Q92831,KAT2B,5X0 EDO,CNC(=O)c1cc(OCC(=O)Nc2ccccc2)ccc1OC1CCOCC1 OCCO
5FE6,Q92831,KAT2B,EDO 5WZ DMS,OCCO NC1CCN(C(=O)C2CC2)CC1 CS(C)=O
5FE9,Q92831,KAT2B,5WS EDO,Cc1cc(=O)n(C)c2cc(NS(C)(=O)=O)ccc12 OCCO
5FL5,Q16790,CA9,TRS SO4 GOL ZN 82E,[NH3+]C(CO)(CO)CO O=S(=O)([O-])[O-] OCC(O)CO [Zn+2] COc1ccc(-n2cc(-c3ccc(S(N)(=O)=O)s3)nn2)cc1
5FL6,Q16790,CA9,Y0R ZN GOL ACY,Cc1ccc(-n2cc(-c3ccc(S(N)(=O)=O)s3)nn2)cc1 [Zn+2] OCC(O)CO CC(=O)O
5FLQ,P00918,CA2,IO2 GOL ZN,O=C(O)Cc1ccc(OCc2ccccc2)cc1 OCC(O)CO [Zn+2]
5FLT,P00918,CA2,ZN GOL VJJ,[Zn+2] OCC(O)CO O=C(O)c1cccc(Oc2ccccc2)c1
5FNC,P07900,HSP90AA1,IEE SO4,Cc1ccc(CNc2cc(Cl)nc(N)n2)cc1 O=S(=O)([O-])[O-]
5FNF,P07900,HSP90AA1,SO4 TQL,O=S(=O)([O-])[O-] O/N=C(\c1cccnc1)c1ccc(O)cc1O
5FNG,P00918,CA2,ZN YIE,[Zn+2] Clc1ccc(Cc2nnn[n-]2)cc1
5FNJ,P00918,CA2,ZN GOL DMS CL YI6,[Zn+2] OCC(O)CO CS(C)=O [Cl-] CCOc1ccc(CC(=O)O)cc1
5FSB,B0CZL6,LACBIDRAFT_382412,BO3 SO4 6YR MG,OB(O)O O=S(=O)([O-])[O-] CO[C@H]1[C@H](O)[C@H](O)[C@H](C)O[C@@H]1[Se]C [Mg+2]
5FSC,B0CZL6,LACBIDRAFT_382412,G8Z MG,C=CCO[C@H]1O[C@H](CO)[C@@H](OC)[C@H](O)[C@@H]1O [Mg+2]
5G4M,P04637,TP53,ZN O82 GOL EDO,[Zn+2] CNCc1ccc2c(c1)c1ccccc1n2CCF OCC(O)CO OCCO
5G4O,P04637,TP53,ZN O80,[Zn+2] CN(C)Cc1ccc2c(c1)c1ccccc1n2CC(F)(F)F
5HV1,A0A0S2YLC8,,ANP RFP MG,Nc1ncnc2c1ncn2[C@@H]1O[C@H](COP(=O)(O)OP(=O)(O)NP(=O)(O)O)[C@@H](O)[C@H]1O CO[C@H]1/C=C/O[C@@]2(C)Oc3c(C)c(O)c4c(O)c(c(/C=N/N5CCN(C)CC5)c(O)c4c3C2=O)NC(=O)/C(C)=C\C=C\[C@H](C)[C@H](O)[C@@H](C)[C@@H](O)[C@@H](C)[C@H](OC(C)=O)[C@@H]1C [Mg+2]
5I3W,P56817,BACE1,IOD GOL SO4 68L,[I-] OCC(O)CO O=S(=O)([O-])[O-] NC1=N[C@@]2(CO1)c1cc(NC(=O)c3ccc(Cl)cn3)ccc1Oc1cnc(C3=CCCOC3)cc12
5I3Y,P56817,BACE1,68K,CC(C)(C)CCNC(=O)CCc1cc2cc(-c3ccccc3CCc3ccc(NC(=O)c4ccc(F)cc4)cn3)ccc2nc1N
5IUB,P29274,ADORA2A,NA 6DV CLR OLA OLB OLC,[Na+] Nc1nc(NCCN2CCN(c3ccc(F)cc3F)CC2)nc2nc(-c3ccco3)nn12 CC(C)CCC[C@@H](C)[C@H]1CC[C@H]2[C@@H]3CC=C4C[C@@H](O)CC[C@]4(C)[C@H]3CC[C@]12C CCCCCCCC/C=C\CCCCCCCC(=O)O CCCCCCCC/C=C\CCCCCCCC(=O)OC[C@@H](O)CO CCCCCCCC/C=C\CCCCCCCC(=O)OC[C@H](O)CO
5JA0,P14324,FDPS,PO4 FPP,O=P([O-])([O-])[O-] CC(C)=CCC/C(C)=C/CC/C(C)=C/CO[P@@](=O)(O)OP(=O)(O)O
5KXC,A0A1D5B395,,NAG MN CA 6Y2,CC(=O)N[C@@H]1[C@@H](O)[C@H](O)[C@@H](CO)O[C@H]1O [Mn+2] [Ca+2] CC(=O)N[C@H]1[C@H](Oc2ccc([N+](=O)[O-])cc2)O[C@H](CO)[C@@H](O[C@@H]2O[C@H](CO)[C@H](O)[C@H](O)[C@H]2NC(C)=O)[C@@H]1O
5L2Z,P08709,F7,GOL SO4 CA 70C,OCC(O)CO O=S(=O)([O-])[O-] [Ca+2] Cc1cc2ccc1[C@@H](C)COC(=O)Nc1ccc(C3(C(=O)O)CCCCC3)c(c1)CN(C)C(=O)[C@@H]2Nc1ccc2c(N)ncc(F)c2c1
5L30,P08709,F7,GOL SO4 CA 70A,OCC(O)CO O=S(=O)([O-])[O-] [Ca+2] Cc1cc2ccc1[C@@H](C)COC(=O)Nc1ccc(C3(c4nnn[nH]4)CC3)c(c1)CN(C)C(=O)[C@@H]2Nc1ccc2c(N)nccc2c1
5L3A,O60674,JAK2,6DP,CS(=O)(=O)Nc1cccc2[nH]ncc12
5L87,Q8IEW2,PEX14,EDO 6RD,OCCO Cn1nc(C(=O)NCc2cccc3ccccc23)c2c1CCN(Cc1c[nH]c3ccccc13)C2
5L8A,Q8IEW2,PEX14,EDO NA GLY 6RB,OCCO [Na+] NCC(=O)O COc1ccc(CN2CCc3c(c(C(=O)NCc4ccccc4)nn3CCO)C2)c2ccccc12
5LLE,P00918,CA2,ZN V51 MES DMS BCN,[Zn+2] NS(=O)(=O)c1c(F)c(F)c(NC23CC4CC(CC(C4)C2)C3)c(F)c1F O=S(=O)([O-])CC[NH+]1CCOCC1 CS(C)=O O=C(O)CN(CCO)CCO
5LLG,P00918,CA2,ZN VD9 DMS BCN,[Zn+2] CCCSc1ccc(S(N)(=O)=O)cc1 CS(C)=O O=C(O)CN(CCO)CCO
5LLH,P00918,CA2,BCN MES DMS V49 ZN,O=C(O)CN(CCO)CCO O=S(=O)([O-])CC[NH+]1CCOCC1 CS(C)=O NS(=O)(=O)c1c(F)c(F)c(Sc2nc3ccccc3s2)c(F)c1F [Zn+2]
5LLO,O43570,CA12,5EF EDO ZN,NS(=O)(=O)c1c(F)c(F)c(S(=O)(=O)CCO)c(N[C@H]2CCc3ccccc32)c1F OCCO [Zn+2]
5LM4,P43003,SLC1A3,6Z6 ASP NA,COc1ccc([C@@H]2C(C#N)=C(N)OC3=C2C(=O)C[C@@H](c2cccc4ccccc24)C3)cc1 N[C@@H](CC(=O)O)C(=O)O [Na+]
5LSG,P37231,PPARG,QZQ,C=C(C)[C@@H]1CC[C@]2(C(=O)O)CC[C@]3(C)[C@H](CC[C@@H]4[C@@]5(C)C=C[C@H](O)C(C)(C)[C@H]5CC[C@]43C)[C@@H]12
5LSH,P61626,LYZ,CL NA,[Cl-] [Na+]
5MK9,B0L7B0,MALE1,CL,[Cl-]
5MKR,P0DMV8,HSPA1A,TI8 FLC,C=CC(=O)OCCC[C@H]1O[C@@H](n2c(NCc3ccc(Cl)cc3)nc3c(N)ncnc32)[C@H](O)[C@@H]1O O=C([O-])CC(O)(CC(=O)[O-])C(=O)[O-]
5MKS,P0DMV8,HSPA1A,TI8,C=CC(=O)OCCC[C@H]1O[C@@H](n2c(NCc3ccc(Cl)cc3)nc3c(N)ncnc32)[C@H](O)[C@@H]1O
5MN1,P00760,PRSS1,CA SO4 2AP,[Ca+2] O=S(=O)([O-])[O-] Nc1cccc[nH+]1
5MNB,P00760,PRSS1,CA SO4 2AP,[Ca+2] O=S(=O)([O-])[O-] Nc1cccc[nH+]1
5MNX,P00760,PRSS1,CA 2AP,[Ca+2] Nc1cccc[nH+]1
5MNY,P00760,PRSS1,CA WOT,[Ca+2] [NH3+]c1ccccc1
5MO8,P68400,CSNK2A1,ACT C98 PO4,CC(=O)[O-] O=C(CC(=O)Nc1cccc(C(=O)O)c1)NCCCNCc1ccc(-c2ccccc2)c(Cl)c1 O=P([O-])([O-])[O-]
5MOD,P68400,CSNK2A1,ACT 86L,CC(=O)[O-] CC(C)Oc1ccc(CN)cc1Cl
5MON,P00760,PRSS1,CA 2AP SO4,[Ca+2] Nc1cccc[nH+]1 O=S(=O)([O-])[O-]
5MOO,P00760,PRSS1,CA WOT SO4,[Ca+2] [NH3+]c1ccccc1 O=S(=O)([O-])[O-]
5MQE,Q92793,CREBBP,PKU,CNC(=O)c1cc(Br)c[nH]1
5MQL,P27707,DCK,UDP G65 DCM MG,O=c1ccn([C@@H]2O[C@H](COP(=O)(O)OP(=O)(O)O)[C@@H](O)[C@H]2O)c(=O)[nH]1 Cc1ccc(NC(=O)c2ccc(CN3CCN(C)CC3)cc2)cc1Nc1nc(-c2cccnc2)cs1 Nc1ccn([C@H]2C[C@H](O)[C@@H](COP(=O)(O)O)O2)c(=O)n1 [Mg+2]
5MWZ,P55201,BRPF1,KGU,CCn1c(=O)c(=O)n(CC)c2cc(N3CCCCC3)c(NC(=O)CN3CCN(C)CC3)cc21
5MZ8,A9SS48,LOC112284313,SIN EDO PEG GOL,O=C(O)CCC(=O)O OCCO OCCOCCO OCC(O)CO
5N16,Q5A4W8,BDF1,GOL NI 8FN,OCC(O)CO [Ni+2] O=C1c2ccccc2Sc2cc(-c3noc(-c4cnccn4)n3)ccc2N1C1CC1
5N53,O43175,PHGDH,8NB,COc1ccc(NC(C)=O)cc1Cl
5N9K,P68400,CSNK2A1,GOL ACT 8QK,OCC(O)CO CC(=O)[O-] COc1ccc(N=Cc2c(O)ccc3c2oc2cc(Cl)c(O)c(Cl)c23)cc1
5N9N,P68400,CSNK2A1,KC5 ACT GOL,COc1ccc(N/C=C2\C(=O)CCc3c2oc2cc(Cl)c(O)c(Cl)c32)cc1 CC(=O)[O-] OCC(O)CO
5N9R,Q93009,USP7,SO4 GOL 8RN DMS,O=S(=O)([O-])[O-] OCC(O)CO C[C@H](CC(=O)N1CCC(O)(Cn2cnc3c(Br)csc3c2=O)CC1)c1ccccc1 CS(C)=O
5NF9,P17931,LGALS3,8VW,COc1cccc(C(=O)N[C@@H]2[C@@H](O)[C@H](O[C@@H]3O[C@H](CO)[C@H](O)[C@H](O)[C@H]3O)[C@@H](CO)O[C@H]2NC(C)=O)c1
5OFI,Q7N561,PLLA,9TQ CA,O=C1C=CC2=C(C1)Oc1cc(O)ccc1[C@H]2c1ccc(NC(=S)NCCO[C@H]2O[C@H](CO)[C@H](O)[C@H](O)[C@H]2O)cc1C(=O)O [Ca+2]
5OFV,O43175,PHGDH,9TZ,Cc1ccc(F)cc1C(=O)O
5OFW,O43175,PHGDH,9TW,NC(=O)c1ccc(F)c(Cl)c1
5OM3,P01011,SERPINA3,PEG DXT,OCCOCCO C[C@H]1c2cccc(O)c2C(=O)C2=C(O)[C@]3(O)C(=O)C(C(N)=O)=C(O)[C@@H](N(C)C)[C@@H]3[C@@H](O)[C@@H]21
5OM7,P01011,SERPINA3,DM2,COc1cccc2c1C(=O)c1c(O)c3c(c(O)c1C2=O)C[C@@](O)(C(=O)CO)C[C@@H]3O[C@H]1C[C@H](N)[C@H](O)[C@H](C)O1
5OPR,O14757,CHEK1,A3E,CC(C)n1cc(-c2cc(-c3ccc(CN4CCOCC4)cc3)cnc2N)nn1
5OPS,O14757,CHEK1,A3Q,N#Cc1c[nH]c2nccc(-c3cccc(O)c3)c12
5OQ8,O14757,CHEK1,A0Q,CN1CCN(c2ccc(OCc3ccccc3)c(C(=O)Nc3cccnc3)c2)CC1
5ORR,O14965,AURKA,ADP MG A5Q CL,Nc1ncnc2c1ncn2[C@@H]1O[C@H](CO[P@](=O)(O)OP(=O)(O)O)[C@@H](O)[C@H]1O [Mg+2] Nc1snnc1-c1ccc(C(F)(F)F)cc1 [Cl-]
5ORV,O14965,AURKA,A65 CL MG ADP,CSc1nsc(SC)c1CO [Cl-] [Mg+2] Nc1ncnc2c1ncn2[C@@H]1O[C@H](CO[P@](=O)(O)OP(=O)(O)O)[C@@H](O)[C@H]1O
5ORW,O14965,AURKA,A6E MG ADP,O=C(CCOc1ccc(F)cc1)N1CCSCC1 [Mg+2] Nc1ncnc2c1ncn2[C@@H]1O[C@H](CO[P@](=O)(O)OP(=O)(O)O)[C@@H](O)[C@H]1O
5ORY,O14965,AURKA,ADP MG CL AY4,Nc1ncnc2c1ncn2[C@@H]1O[C@H](CO[P@](=O)(O)OP(=O)(O)O)[C@@H](O)[C@H]1O [Mg+2] [Cl-] Oc1c(F)cc(F)cc1-c1cc[nH]n1
5ORZ,O14965,AURKA,A6W CL MG ADP,COC(=O)c1sc(-c2cccs2)cc1N [Cl-] [Mg+2] Nc1ncnc2c1ncn2[C@@H]1O[C@H](CO[P@](=O)(O)OP(=O)(O)O)[C@@H](O)[C@H]1O
5OS0,O14965,AURKA,A6Z MG ADP,N#CC[NH+]1CCN(c2cccc(Cl)c2)CC1 [Mg+2] Nc1ncnc2c1ncn2[C@@H]1O[C@H](CO[P@](=O)(O)OP(=O)(O)O)[C@@H](O)[C@H]1O
5OS2,O14965,AURKA,ADP MG A7K,Nc1ncnc2c1ncn2[C@@H]1O[C@H](CO[P@](=O)(O)OP(=O)(O)O)[C@@H](O)[C@H]1O [Mg+2] [NH3+]Cc1ccccc1N1CCC(CO)CC1
5OS3,O14965,AURKA,ADP MG A7N,Nc1ncnc2c1ncn2[C@@H]1O[C@H](CO[P@](=O)(O)OP(=O)(O)O)[C@@H](O)[C@H]1O [Mg+2] CCOc1ccc([C@@H](C)N)cc1
5OS5,O14965,AURKA,CL A8K MG ADP,[Cl-] Oc1ccc(Sc2ccc(O)cc2)cc1 [Mg+2] Nc1ncnc2c1ncn2[C@@H]1O[C@H](CO[P@](=O)(O)OP(=O)(O)O)[C@@H](O)[C@H]1O
5OSD,O14965,AURKA,CL A9B MG ADP,[Cl-] NNC(=O)c1ccc(-c2ccc(Cl)cc2)o1 [Mg+2] Nc1ncnc2c1ncn2[C@@H]1O[C@H](CO[P@](=O)(O)OP(=O)(O)O)[C@@H](O)[C@H]1O
5OSE,O14965,AURKA,ADP MG A98,Nc1ncnc2c1ncn2[C@@H]1O[C@H](CO[P@](=O)(O)OP(=O)(O)O)[C@@H](O)[C@H]1O [Mg+2] CCSc1nnc(NC(=O)OC)s1
5WB6,P03951,F11,EDO SO4 9ZM,OCCO O=S(=O)([O-])[O-] COC(=O)Nc1ccc2c(c1)NC(=O)CCc1nc(ccc1F)C[C@H](NC(=O)/C=C/c1cc(Cl)ccc1-n1cnnn1)c1nc-2c[nH]1
5W99,U5Q3T2,PBTD,A1V SO4,NCc1nc(-c2nc(-c3nc(-c4nc(C(=O)O)cs4)ccc3-c3nc(C(=O)O)cs3)cs2)cs1 O=S(=O)([O-])[O-]
5VSK,Q93009,USP7,9HS ZN,C[C@@H](CC(=O)N1CCC(O)(Cn2cnc3cc(Cl)ccc3c2=O)CC1)c1ccccc1 [Zn+2]
5VSB,Q93009,USP7,9QA,O=C(CCc1ccccc1)N1CCC(O)(Cn2cnc3cc(Cl)ccc3c2=O)CC1
5VQE,A0A2R2JFS5,,G2F,OC[C@H]1O[C@H](O)[C@H](F)[C@@H](O)[C@@H]1O
5VD3,Q99640,PKMYT1,H8H EDO PEG,CN1CCN(CCOc2cc(OC3CCOCC3)c3c(Nc4c(Cl)ccc5c4OCO5)ncnc3c2)CC1 OCCO OCCOCCO
5VCX,Q99640,PKMYT1,EDO H8H,OCCO CN1CCN(CCOc2cc(OC3CCOCC3)c3c(Nc4c(Cl)ccc5c4OCO5)ncnc3c2)CC1
5VCW,Q99640,PKMYT1,93J SO4 EDO,CCOc1cc2ncc(C#N)c(Nc3ccc(F)c(Cl)c3)c2cc1NC(=O)/C=C/CN(C)C O=S(=O)([O-])[O-] OCCO
5VAD,P07814,EPRS1,ZN PRO 91Y,[Zn+2] O=C(O)[C@@H]1CCCN1 O=C(NC1Cc2ccccc2C1)c1nccnc1NC(=O)C1CCCCC1
5V82,P11309,PIM1,96Y,Cc1cncc(-c2cc3c(cn2)cnn3-c2cccc([C@H]3CNCCC3(F)F)n2)n1
5V6U,P55210,CASP7,8YM,CC(=O)c1ccccc1Sc1ccccc1C(=O)O
5V4Q,P19440,GGT1,8WY NA CL NAG,CC(O)(O)CC[C@H](N)C(=O)O [Na+] [Cl-] CC(=O)N[C@@H]1[C@@H](O)[C@H](O)[C@@H](CO)O[C@H]1O
5UT6,O60674,JAK2,8MY GOL DMS ACT,N#Cc1ccc(Nc2nc(N)cc(-n3ccc(CO)n3)n2)cc1 OCC(O)CO CS(C)=O CC(=O)[O-]
5UT4,O60674,JAK2,DMS GOL DQX,CS(C)=O OCC(O)CO Fc1cc(-c2cccc3ncc(-c4cnn(C5CCNCC5)c4)nc23)cc(F)c1CN1CCOCC1
5UT0,O60674,JAK2,GOL 35R ACT DMS,OCC(O)CO O=C(Nc1c[nH]nc1-c1nc2cc(CN3CCOCC3)ccc2[nH]1)NC1CC1 CC(=O)[O-] CS(C)=O
5UPJ,P04584,GAG-POL,UIN,CC[C@@H](c1ccccc1)c1c(O)c2c(oc1=O)CCCCCC2
5UNP,P49760,CLK2,8FY,CNc1nc(NCc2ncccn2)c2c(-c3ccc4ncccc4c3)c[nH]c2n1
5ULP,A0A024B7W1,,KB1 CL URE IPA NA,Nc1ncnc2c1ncn2[C@@H]1O[C@H](CN(CC[C@H](N)C(=O)O)Cc2ccc(F)cc2)[C@@H](O)[C@H]1O [Cl-] NC(N)=O CC(C)O [Na+]
5UFF,,,,
5UF0,O60885,BRD4,89J,CNc1cc(=O)n(C)nc1-c1ccccc1
5TVN,P41595,HTR2B,7LD CLR OLC PEG PO4,CCN(CC)C(=O)[C@@H]1C=C2c3cccc4[nH]cc(c34)C[C@H]2N(C)C1 CC(C)CCC[C@@H](C)[C@H]1CC[C@H]2[C@@H]3CC=C4C[C@@H](O)CC[C@]4(C)[C@H]3CC[C@]12C CCCCCCCC/C=C\CCCCCCCC(=O)OC[C@H](O)CO OCCOCCO O=P([O-])([O-])[O-]
5TRF,Q00987,MDM2,7HC SO4 GOL,CC(C)(C)C[C@@H]1N[C@@H](C(=O)N[C@H]2CC[C@H](O)CC2)[C@H](c2cccc(Cl)c2F)[C@]12C(=O)Nc1cc(Cl)ccc12 O=S(=O)([O-])[O-] OCC(O)CO
5TQG,P08709,F7,GOL SO4 CA 7KS,OCC(O)CO O=S(=O)([O-])[O-] [Ca+2] C[C@@H]1CC(=O)Nc2ccc(S(=O)(=O)C3CC3)c(c2)CN(C)C(=O)[C@H](Nc2ccc3c(N)ncc(F)c3c2)c2ccc(OCC(F)F)c1c2
5TMP,P0A720,TMK,Z5A,Cc1cn([C@H]2C[C@H](N=[N+]=[N-])[C@@H](COP(=O)([O-])OP(=O)([O-])OP(=O)([O-])OP(=O)([O-])OP(=O)([O-])OC[C@H]3O[C@@H](n4cnc5c(N)ncnc54)[C@H](O)[C@@H]3O)O2)c(=O)[nH]c1=O
5TKU,P03951,F11,7DK SO4 EDO,COC(=O)Nc1ccc2c(c1)NC(=O)CCCCC[C@H](NC(=O)/C=C/c1cc(Cl)ccc1-n1cnnn1)c1nc-2c[nH]1 O=S(=O)([O-])[O-] OCCO
5THJ,P00918,CA2,CIT GOL DMS MBO 0TR ZN,O=C(O)CC(O)(CC(=O)O)C(=O)O OCC(O)CO CS(C)=O O=C(O)c1ccc([Hg])cc1 O=c1cccccc1O [Zn+2]
5TH4,P00918,CA2,ZN BEW GOL DMS,[Zn+2] O[n+]1ccccc1S OCC(O)CO CS(C)=O
5TB6,Q92793,CREBBP,77X EDO,CCC(=O)N1CCc2[nH]nc(-c3ccccc3)c2C1 OCCO
5T9W,P62937,PPIA,78E,CC(C)[C@@H]1NC(=O)CCCC/C=C/C=C/CCOC(=O)[C@@H]2CCCN(N2)C(=O)[C@H](Cc2cccc(O)c2)NC1=O
5T5G,Q9NQR1,KMT5A,UNX 75P,COc1cc2c(NCCCCCN3CCCC3)nc(N3CCCC3)nc2cc1OCCN
5T52,P86993,,NGA A2G EDO CA,CC(=O)N[C@@H]1[C@@H](O)[C@@H](O)[C@@H](CO)O[C@H]1O CC(=O)N[C@@H]1[C@@H](O)[C@@H](O)[C@@H](CO)O[C@@H]1O OCCO [Ca+2]
5T19,P18031,PTPN1,CL 73U MG,[Cl-] CNc1ccc(-c2ccc(C)c(N3CC(=O)NS3(=O)=O)c2)cc1 [Mg+2]
5T18,Q06187,BTK,73T,Cc1c(-c2c(F)cc(C(N)=O)c3[nH]c4c(c23)CC[C@H](C(C)(C)O)C4)cccc1-n1c(=O)c2cccc(F)c2n(C)c1=O
5SZ7,P00918,CA2,ZN 72H DMS,[Zn+2] NS(=O)(=O)c1ccc(-c2cnc3ccccc3c2)cc1 CS(C)=O
5SZ4,P00918,CA2,ZN DMS 72D,[Zn+2] CS(C)=O NS(=O)(=O)c1ccc(-c2ccccc2)cc1
5SZ0,P00918,CA2,ZN DMS 72D,[Zn+2] CS(C)=O NS(=O)(=O)c1ccc(-c2ccccc2)cc1
5STD,P56221,SDH1,UNN CA,C[C@H](Nc1ncnc2cc(F)c(F)cc12)C(c1ccccc1)c1ccccc1 [Ca+2]
5Q0F,P03951,F11,EDO SO4 9FA,OCCO O=S(=O)([O-])[O-] COC(=O)Nc1ccc2c(c1)NC(=O)C[C@@H](C)/C=C/C[C@H](NC(=O)/C=C/c1cc(Cl)ccc1-n1cnnn1)c1nc-2c[nH]1
5Q0E,P03951,F11,EDO SO4 9FD,OCCO O=S(=O)([O-])[O-] COC(=O)Nc1ccc2c(c1)NC(=O)C[C@@H](C)CCC[C@H](NC(=O)/C=C/c1cc(Cl)ccc1-n1cnnn1)c1nc-2c[nH]1
5OV8,P55201,BRPF1,NO3 AXN,O=[N+]([O-])[O-] CC(C)Cc1ccc(S(=O)(=O)Nc2cc3c(cc2N2CCCC2)n(C)c(=O)c(=O)n3C)cc1
5OUG,,,L0B 9Z0 DMS,CN1[C@@H](CC(=O)c2ccccc2)CCC[C@H]1C[C@H](O)c1ccccc1 O=C(NCCCO)c1cc(Br)c(Br)[nH]1 CS(C)=O
5OS4,O14965,AURKA,SO4 A8H MG ADP,O=S(=O)([O-])[O-] O=C1NC(=O)[C@@H]2C[C@@H](c3ccccc3)CC[C@H]12 [Mg+2] Nc1ncnc2c1ncn2[C@@H]1O[C@H](CO[P@](=O)(O)OP(=O)(O)O)[C@@H](O)[C@H]1O
5OS1,O14965,AURKA,ADP MG CL A7H,Nc1ncnc2c1ncn2[C@@H]1O[C@H](CO[P@](=O)(O)OP(=O)(O)O)[C@@H](O)[C@H]1O [Mg+2] [Cl-] CCOc1ccc2nc(C)sc2c1
5OM2,P01011,SERPINA3,EDO DXT,OCCO C[C@H]1c2cccc(O)c2C(=O)C2=C(O)[C@]3(O)C(=O)C(C(N)=O)=C(O)[C@@H](N(C)C)[C@@H]3[C@@H](O)[C@@H]21
5OA6,Q06135,GAS2,EDO SO4 9PT,OCCO O=S(=O)([O-])[O-] OC[C@H]1O[C@@H](O[C@@H]2[C@@H](O)[C@H](O[C@@H]3[C@@H](O)[C@H](n4cc(CCC[n+]5cccc6ccccc65)nn4)O[C@H](CO)[C@H]3O)O[C@H](CO)[C@H]2O)[C@H](O)[C@@H](O)[C@@H]1O
5OA2,Q06135,GAS2,9PW SO4 EDO,O=[N+](O)c1ccc(COCc2cn([C@@H]3O[C@H](CO)[C@@H](O)[C@H](O[C@@H]4O[C@H](CO)[C@@H](O)[C@H](O[C@@H]5O[C@H](CO)[C@@H](O)[C@H](O)[C@H]5O)[C@H]4O)[C@H]3O)nn2)cc1 O=S(=O)([O-])[O-] OCCO
5O9Y,Q06135,GAS2,SO4 EDO 9PN,O=S(=O)([O-])[O-] OCCO OC[C@H]1O[C@@H](O[C@@H]2[C@@H](O)[C@H](O[C@@H]3[C@@H](O)[C@H](n4cc(CCC[n+]5ccccc5)nn4)O[C@H](CO)[C@H]3O)O[C@H](CO)[C@H]2O)[C@H](O)[C@@H](O)[C@@H]1O
5O9R,Q06135,GAS2,SO4 EDO 9PK,O=S(=O)([O-])[O-] OCCO OC[C@H]1O[C@@H](O[C@@H]2[C@@H](O)[C@H](O[C@@H]3[C@@H](O)[C@H](n4cc(COCc5cccs5)nn4)O[C@H](CO)[C@H]3O)O[C@H](CO)[C@H]2O)[C@H](O)[C@@H](O)[C@@H]1O
5O9Q,Q06135,GAS2,9PH,OC[C@H]1O[C@@H](O[C@@H]2[C@@H](O)[C@H](O[C@@H]3[C@@H](O)[C@H](n4cc(COCc5ccccc5)nn4)O[C@H](CO)[C@H]3O)O[C@H](CO)[C@H]2O)[C@H](O)[C@@H](O)[C@@H]1O
5O9P,Q06135,GAS2,EDO 9P8,OCCO OC[C@H]1O[C@@H](O[C@@H]2[C@@H](O)[C@H](O[C@@H]3[C@@H](O)[C@H](n4cc(COCc5ccccn5)nn4)O[C@H](CO)[C@H]3O)O[C@H](CO)[C@H]2O)[C@H](O)[C@@H](O)[C@@H]1O
5O9O,Q06135,GAS2,EDO 9PB,OCCO OC[C@H]1O[C@@H](O[C@@H]2[C@@H](O)[C@H](O[C@@H]3[C@@H](O)[C@H](n4cc(COCc5ccc6ccccc6c5)nn4)O[C@H](CO)[C@H]3O)O[C@H](CO)[C@H]2O)[C@H](O)[C@@H](O)[C@@H]1O
5O5F,P55201,BRPF1,NO3 9LT,O=[N+]([O-])[O-] CCn1c(=O)c(=O)[nH]c2cc(C(=O)N[C@H](c3cccc(F)c3)c3nccn3C)ccc21
5O5A,P55201,BRPF1,9LN NO3,CCn1c(=O)c(=O)[nH]c2cc(C(=O)N(C)Cc3cnn(-c4ccccc4)c3)ccc21 O=[N+]([O-])[O-]
5NZQ,O43175,PHGDH,5AO,Nc1cccc(-c2cnco2)c1
5NZP,O43175,PHGDH,9EW,Oc1noc2ccccc12
5NZO,O43175,PHGDH,9EZ,Cn1nc(-c2ccccc2)cc1N
5NTT,P33981,TTK,EDO SVE,OCCO CCc1cccc(CC)c1NC(=O)c1nn(C)c2c1CCc1cnc(Nc3ccc(C(=O)NC4CCN(C)CC4)cc3OC(F)(F)F)nc1-2
5NN4,P10253,GAA,SC2 SO4 CL PGE GOL EDO,CC(=O)N[C@@H](CS)C(=O)O O=S(=O)([O-])[O-] [Cl-] OCCOCCOCCO OCC(O)CO OCCO
5NKN,P80188,LCN2,LOC,COc1cc2c(c(OC)c1OC)-c1ccc(OC)c(=O)cc1[C@@H](NC(C)=O)CC2
5NKB,P29317,EPHA2,EDO 8ZT,OCCO Cc1cccc(Cl)c1NC(=O)c1cnc(Nc2cc(N3CCOCC3)cc(N3CCOCC3)c2)s1
5NKA,P29317,EPHA2,91H EDO,Cc1cccc(Cl)c1NC(=O)c1cnc(Nc2cccc(C(=O)N[C@H]3CC[C@H](C(=O)O)CC3)c2)s1 OCCO
5NGZ,Q9NPD8,UBE2T,2BG,NCc1nc2ccccc2s1
5NGF,Q93009,USP7,EDO 8WN,OCCO CCS(=O)(=O)Nc1ccccc1-c1ccc(C(=O)N2CCC(O)(Cn3cnc4c(cnn4C)c3=O)CC2)cc1
5NFA,P17931,LGALS3,,
5NEE,P00918,CA2,ZN 8V5 GOL,[Zn+2] NS(=O)(=O)c1ccc(-c2cnc(C(=O)N3CCOCC3)o2)s1 OCC(O)CO
5NEA,P00918,CA2,ZN 8V8 GOL EDO,[Zn+2] Cc1ncc(-c2ccc(S(N)(=O)=O)cc2)o1 OCC(O)CO OCCO
5N21,P41182,BCL6,CL 8HN,[Cl-] N#Cc1cnn2c(Nc3ccc4c(c3)CCC(=O)N4)cc(N3CCC[C@H]3CC(=O)O)nc12
5MWH,P55201,BRPF1,NO3 UWX,O=[N+]([O-])[O-] CC(C)Cc1ccc(S(=O)(=O)Nc2cc3c(cc2N2CCOCC2)n(C)c(=O)c(=O)n3C)cc1
5MQT,P27707,DCK,UDP STI MG DCM,O=c1ccn([C@@H]2O[C@H](COP(=O)(O)OP(=O)(O)O)[C@@H](O)[C@H]2O)c(=O)[nH]1 Cc1ccc(NC(=O)c2ccc(CN3CCN(C)CC3)cc2)cc1Nc1nccc(-c2cccnc2)n1 [Mg+2] Nc1ccn([C@H]2C[C@H](O)[C@@H](COP(=O)(O)O)O2)c(=O)n1
5MPZ,Q92793,CREBBP,4I8,COC(=O)c1ccc2[nH]c(=O)oc2c1
5MNC,P00760,PRSS1,ANL SO4 CA,Nc1ccccc1 O=S(=O)([O-])[O-] [Ca+2]
5MKA,B0L7B0,MALE1,,
5M7S,O60502,OGA,NHT,CCNC1=N[C@@H]2[C@@H](O)[C@H](O)[C@@H](CO)O[C@@H]2S1
5M28,B0L7B0,MALE1,CL,[Cl-]
5LZ4,Q13093,PLA2G7,7BW CL,CC1(C)CC(=O)N(CCOc2ccc(F)c(C#N)c2)C1 [Cl-]
5LXB,Q8WSF8,LOC100533247,NAG 7A9,CC(=O)N[C@@H]1[C@@H](O)[C@H](O)[C@@H](CO)O[C@H]1O O=C1c2cccc3c2[C@@H](CCC3)CN1[C@@H]1CN2CCC1CC2
5LWS,P11838,EAPA,DMS GOL ACT 7B2 7B4 TFA,CS(C)=O OCC(O)CO CC(=O)[O-] Cc1c(C=O)c(-c2nnc3c4c(C[n+]5cc6c(C)n(C)c(C)c6c(Cl)n5)n(C)c(C)c4cnn23)c(C)n1C Cc1c2cnnc(Cl)c2c(C)n1C O=C(O)C(F)(F)F
5LVR,Q92831,KAT2B,EDO 78Y DMS,OCCO Cc1nn(-c2ccccc2)nc1C(N)=O CS(C)=O
5LVQ,Q92831,KAT2B,EDO 2LX DMS,OCCO CNC(=O)c1ccccc1OC1CCOCC1 CS(C)=O
5LVN,O15530,PDPK1,CL ADN DTD,[Cl-] Nc1ncnc2c1ncn2[C@@H]1O[C@H](CO)[C@@H](O)[C@H]1O O[C@H]1CSSC[C@@H]1O
5LVL,O15530,PDPK1,537 DTD DMS,O=C1c2ccccc2-c2n[nH]c3cccc1c23 O[C@H]1CSSC[C@@H]1O CS(C)=O
5LUU,O60885,BRD4,EDO 77X,OCCO CCC(=O)N1CCc2[nH]nc(-c3ccccc3)c2C1
5LPL,Q92793,CREBBP,71X,CCc1c(C(=O)N[C@@H]2c3cc(Cl)ccc3CC[C@H]2O)[nH]c(C)c1C(C)=O
5LPJ,Q92793,CREBBP,XDM,CCc1c(C(=O)NCc2cccc(Cl)c2)[nH]c(C)c1C(C)=O
5LLC,P00918,CA2,ZN DMS EDO V26,[Zn+2] CS(C)=O OCCO CNc1c(F)c(S(N)(=O)=O)c(F)c(F)c1S(=O)(=O)CCc1ccccc1
5L2Y,P08709,F7,GOL SO4 CA 70D,OCC(O)CO O=S(=O)([O-])[O-] [Ca+2] Cc1cc2ccc1[C@@H](C)COC(=O)Nc1ccc(C3(C(=O)O)CCC3)c(c1)CN(C)C(=O)[C@@H]2Nc1ccc2c(N)ncc(F)c2c1
5KAD,P18031,PTPN1,OTA CL TRS GOL,O=C(O)C(=O)Nc1sc2c(c1C(=O)O)CCNC2 [Cl-] [NH3+]C(CO)(CO)CO OCC(O)CO
5KAB,P18031,PTPN1,CL OTA TRS GOL,[Cl-] O=C(O)C(=O)Nc1sc2c(c1C(=O)O)CCNC2 [NH3+]C(CO)(CO)CO OCC(O)CO
5KA9,P18031,PTPN1,GOL CL TRS OTA,OCC(O)CO [Cl-] [NH3+]C(CO)(CO)CO O=C(O)C(=O)Nc1sc2c(c1C(=O)O)CCNC2
5KA7,P18031,PTPN1,CL OTA GOL TRS,[Cl-] O=C(O)C(=O)Nc1sc2c(c1C(=O)O)CCNC2 OCC(O)CO [NH3+]C(CO)(CO)CO
5KA3,P18031,PTPN1,OTA TRS CL GOL,O=C(O)C(=O)Nc1sc2c(c1C(=O)O)CCNC2 [NH3+]C(CO)(CO)CO [Cl-] OCC(O)CO
5KA1,P18031,PTPN1,OTA CL TRS DMS GOL,O=C(O)C(=O)Nc1sc2c(c1C(=O)O)CCNC2 [Cl-] [NH3+]C(CO)(CO)CO CS(C)=O OCC(O)CO
5K9W,P18031,PTPN1,TRS OTA CL GOL,[NH3+]C(CO)(CO)CO O=C(O)C(=O)Nc1sc2c(c1C(=O)O)CCNC2 [Cl-] OCC(O)CO
5JSJ,Q9Y657,SPIN1,6PD MG CL,O=C(c1ccc(C(=O)N2CCC(CCN3CCCC3)CC2)c(Nc2ccc(OCN3CCCC3)cc2)c1)N1CCC(CCN2CCCC2)CC1 [Mg+2] [Cl-]
5JSG,Q9Y657,SPIN1,6P9 MG CL,O=C(c1ccc(C(=O)N2CCC(CCN3CCCC3)CC2)c(Nc2ccccc2)c1)N1CCC(CCN2CCCC2)CC1 [Mg+2] [Cl-]
5JQB,Q05320,GP,NAG GOL IBP,CC(=O)N[C@@H]1[C@@H](O)[C@H](O)[C@@H](CO)O[C@H]1O OCC(O)CO CC(C)Cc1ccc([C@H](C)C(=O)O)cc1
5JQ8,P24941,CDK2,I73,CC(C)c1cnn2c(NCc3ccccc3)cc(NC[C@@H]3CCNC[C@H]3O)nc12
5JQ5,P24941,CDK2,ACT I74,CC(=O)[O-] CC(C)c1cnn2c(NCc3ccccc3)cc(NC[C@H]3CCNC[C@@H]3O)nc12
5JI8,Q9H8M2,BRD9,6KT,NC(=O)c1ccc2nc(N)sc2c1
5JHA,P48736,PIK3CG,6K7 SO4,Nc1cc(C(F)(F)F)c(-c2cc(N3CCOCC3)nc(N3CC(CO)(CCl)C3)n2)cn1 O=S(=O)([O-])[O-]
5JCB,Q2XVP4,TUBA1B,GTP MG GOL IMD CA GDP NA MES NV4 PEG ACP,Nc1nc2c(ncn2[C@@H]2O[C@H](COP(=O)(O)OP(=O)(O)OP(=O)(O)O)[C@@H](O)[C@H]2O)c(=O)[nH]1 [Mg+2] OCC(O)CO c1c[nH+]c[nH]1 [Ca+2] Nc1nc2c(ncn2[C@@H]2O[C@H](COP(=O)(O)OP(=O)(O)O)[C@@H](O)[C@H]2O)c(=O)[nH]1 [Na+] O=S(=O)([O-])CC[NH+]1CCOCC1 COc1cc([C@@H]2c3cc4c(cc3[C@H](Sc3nnc[nH]3)[C@@H]3COC(=O)[C@H]23)OCO4)cc(OC)c1OC OCCOCCO Nc1ncnc2c1ncn2[C@@H]1O[C@H](CO[P@@](=O)(O)O[P@@](=O)(O)CP(=O)(O)O)[C@@H](O)[C@H]1O
5JAN,Q13093,PLA2G7,CL CA 6HP,[Cl-] [Ca+2] CC(C)COc1cc(=O)n(C)c(=O)n1C
5JAL,Q13093,PLA2G7,MG CL DMS 6HO,[Mg+2] [Cl-] CS(C)=O O=C(c1cccc(F)c1)N1CC=CC1
5J7W,Q834R3,THYA,SO4 MTX,O=S(=O)([O-])[O-] CN(Cc1cnc2nc(N)nc(N)c2n1)c1ccc(C(=O)N[C@@H](CCC(=O)O)C(=O)O)cc1
5J7Q,P14174,MIF,6H2 SO4 GOL IPA,Oc1ccc(-c2cn3ccccc3n2)cc1O O=S(=O)([O-])[O-] OCC(O)CO CC(C)O
5IU4,P29274,ADORA2A,NA ZMA CLR OLA OLB OLC,[Na+] Nc1nc(NCCc2ccc(O)cc2)nc2nc(-c3ccco3)nn12 CC(C)CCC[C@@H](C)[C@H]1CC[C@H]2[C@@H]3CC=C4C[C@@H](O)CC[C@]4(C)[C@H]3CC[C@]12C CCCCCCCC/C=C\CCCCCCCC(=O)O CCCCCCCC/C=C\CCCCCCCC(=O)OC[C@@H](O)CO CCCCCCCC/C=C\CCCCCCCC(=O)OC[C@H](O)CO
5IQ6,Q6YMS4,POL,6CJ ZN,O=C(N[C@@H](Cc1ccc(O)cc1)C(=O)O)c1cc(-c2ccccc2)c(=O)n2c1sc1ccc(OC3CCCCC3)cc12 [Zn+2]
5H9S,P47929,LGALS7B,TGZ,OC[C@H]1O[C@@H](S[C@@H]2O[C@H](CO)[C@H](O)[C@H](n3cc(-c4cccc(F)c4)nn3)[C@H]2O)[C@H](O)[C@@H](O)[C@H]1O
5H9Q,P47929,LGALS7B,TD2,OC[C@H]1O[C@@H](S[C@@H]2O[C@H](CO)[C@H](O)[C@H](n3cc(-c4cccc(F)c4)nn3)[C@H]2O)[C@H](O)[C@@H](n2cc(-c3cccc(F)c3)nn2)[C@H]1O
5H8G,P68400,CSNK2A1,CL EDO 5Y4,[Cl-] OCCO CC(=O)Nc1cc(Nc2cc(NC3CC3)n3ncc(C#N)c3n2)ccc1N(C)CCN(C)C
5H8E,P68400,CSNK2A1,SO4 EDO 5Y3 CL,O=S(=O)([O-])[O-] OCCO CC(=O)Nc1cc(Nc2cc(NC3CC3)n3ncc(C#N)c3n2)ccc1N(C)CCN [Cl-]
5H8B,P68400,CSNK2A1,SO4 EDO 5Y2,O=S(=O)([O-])[O-] OCCO CC(=O)Nc1cc(Nc2cc(NC3CC3)n3ncc(C#N)c3n2)ccc1C
5H08,P23471,PTPRZ1,7WL,CCOc1ccc(C(F)(F)F)cc1CSc1ccsc1C(=O)NS(=O)(=O)c1ccccc1
5GGL,Q8WZA1,POMGNT1,6ZC,CC(=O)N[C@H]1[C@@H](Oc2ccc([N+](=O)[O-])cc2)O[C@H](CO)[C@@H](O)[C@@H]1O
5GGJ,Q8WZA1,POMGNT1,PNA,O=[N+]([O-])c1ccc(O[C@H]2O[C@H](CO)[C@@H](O)[C@H](O)[C@@H]2O)cc1
5G5Z,A0A0H2URD6,FUSA,CA,[Ca+2]
5G4N,P04637,TP53,ZN O83 GOL,[Zn+2] CNCc1ccc2c(c1)c1ccccc1n2CC(F)F OCC(O)CO
5G46,P51449,RORC,6VD NA,CCc1cc(O)c2ccccc2n1 [Na+]
5G45,P51449,RORC,A7W NA DMS,Nc1cccc2cc(O)cnc12 [Na+] CS(C)=O
5G42,P51449,RORC,4TU NA,NC(=O)N1CCc2cc(Cl)ccc21 [Na+]
5FND,P07900,HSP90AA1,SO4 IQ5,O=S(=O)([O-])[O-] CC(=O)Nc1cc2nc(N)sc2cc1C
5FL4,Q16790,CA9,ACY GOL 9FK ZN,CC(=O)O OCC(O)CO NS(=O)(=O)c1ccc(-c2cn(-c3cccc4ccccc34)nn2)s1 [Zn+2]
5FE7,Q92831,KAT2B,EDO 5WU DMS,OCCO Cc1nn(CCO)c2c1C(=O)CCC2 CS(C)=O
5FBI,P00746,CFD,GOL 5WD,OCC(O)CO NC(=O)c1cc2cc(OCc3cccc(C(=O)O)c3)ccc2[nH]1
5F9B,P37231,PPARG,5VN,CC1(C)CC[C@]2(C(=O)O)[C@H](O)C[C@]3(C)C(=CC[C@@H]4[C@@]5(C)CC[C@H](O)[C@@](C)(CO)[C@@H]5CC[C@]43C)[C@@H]2C1
5F91,P9WN93,FUMC,5WJ CL FMT,COc1ccc(S(=O)(=O)N2CCCCCC2)cc1NC(=O)Cc1n[nH]c(=O)c2ccccc12 [Cl-] O=CO
5F2P,Q9H8M2,BRD9,5TY,CN(C)c1ncc2c(=O)n(C)ccc2n1
5F25,Q9H8M2,BRD9,5TU,Cc1cc(-c2ccc(C(N)=O)cc2)cn(C)c1=O
5EWH,P55201,BRPF1,5SG NO3,Oc1cccc2cnccc12 O=[N+]([O-])[O-]
5ENG,Q92793,CREBBP,5QN,CCOc1ccc(C(C)=O)cc1NC(=O)c1ccc(OCCN2CC=NCC2)c(C(=O)OC)c1
5EIS,O60885,BRD4,5OU EDO,CCn1cnc2c1c(=O)[nH]c(=O)n2Cc1ccc(Cl)cc1 OCCO
5EI3,P06730,EIF4E,SO4 5O8,O=S(=O)([O-])[O-] Nc1nc2c(c(=O)[nH]1)[n+](Cc1ccccc1)cn2[C@@H]1O[C@H](CNS(=O)(=O)C(F)(F)F)[C@@H](O)[C@H]1O
5EHQ,P21836,ACHE,NAG 5O2 P6G,CC(=O)N[C@@H]1[C@@H](O)[C@H](O)[C@@H](CO)O[C@H]1O Nc1ccc2c(c1)c(-c1ccccc1)[n+](CCCCCc1cn(CCNc3c4c(nc5ccccc35)CCCC4)nn1)c1cc(N)ccc21 OCCOCCOCCOCCOCCOCCO
5EGU,O60885,BRD4,EDO 5NQ,OCCO CCCCc1c(C)nc2nc(SCc3nc4c(c(=O)[nH]c(=O)n4CCCC)n3CC)nn2c1C
5EGM,P00740,F9,NA NHE 5NY,[Na+] O=S(=O)(O)CCNC1CCCCC1 Cc1ccc2c(c1)c(-c1nnn[nH]1)c1n2C[C@@](NC(=O)c2ccc(-n3cnnc3)cc2Cl)(c2ccccc2)CC1
5EFC,Q9QLL6,PB2,GTP,Nc1nc2c(ncn2[C@@H]2O[C@H](COP(=O)(O)OP(=O)(O)OP(=O)(O)O)[C@@H](O)[C@H]2O)c(=O)[nH]1
5EFA,Q9QLL6,PB2,MGT,CN1CN([C@@H]2O[C@H](CO[P@](=O)(O)O[P@](=O)(O)OP(=O)(O)O)[C@@H](O)[C@H]2O)c2nc(N)[nH]c(=O)c21
5EEK,F8W4B7,HDAC6,ZN K TSN IOD NH4 CL GOL EDO,[Zn+2] [K+] CC(/C=C/C(=O)NO)=C\[C@@H](C)C(=O)c1ccc(N(C)C)cc1 [I-] [NH4+] [Cl-] OCC(O)CO OCCO
5EB3,Q9I4L4,YFIR,UEG SO4,Cc1ncc(CO)c(CO)c1O O=S(=O)([O-])[O-]
5E74,Q9UIF8,BAZ2B,5KH,CC(=O)n1cc(N(C(=O)c2cccc(C(F)(F)F)c2)c2cc(O)ccc2C)c2ccccc21
5E3G,P55201,BRPF1,NO3 5JQ,O=[N+]([O-])[O-] O=c1[nH]c2[nH]c(=S)[nH]c(=O)c2[nH]1
5E2S,P00918,CA2,5CX ZN,CC(C)c1ccccc1-c1ccc(S(N)(=O)=O)cc1 [Zn+2]
5E2R,P00918,CA2,ZN 520 GOL,[Zn+2] Nc1ccc(C(=O)c2ccc(-c3ccc(S(N)(=O)=O)cc3)cc2)cc1 OCC(O)CO
5E2P,P03951,F11,7P0 SO4 EDO,O=C(N[C@@H](Cc1ccccc1)C(=O)NCCc1cc(Cl)ccc1-n1cnnn1)c1ccc2[nH]c(=O)cc(O)c2c1 O=S(=O)([O-])[O-] OCCO
5E2O,P03951,F11,5JM SO4 EDO,O=C(/C=C/c1cc(Cl)ccc1-n1cnnn1)N[C@@H](Cc1ccccc1)C(=O)Nc1ccc(C(=O)O)cc1 O=S(=O)([O-])[O-] OCCO
5E2N,Q8N1Q1,CA13,ZN PEG EDO V14 CIT,[Zn+2] OCCOCCO OCCO NS(=O)(=O)c1c(F)c(F)c(S(=O)(=O)CCO)c(NC2CCCCCCC2)c1F O=C(O)CC(O)(CC(=O)O)C(=O)O
5E13,P10153,RNASE2,5J9,Nc1ccn(Cc2cn([C@H]3[C@@H](O)[C@H](n4cnc5c(N)ncnc54)O[C@@H]3CO)nn2)c(=O)n1
5DYO,,,FLU SO4,O=C(O)c1ccccc1-c1c2ccc(=O)cc-2oc2cc(O)ccc12 O=S(=O)([O-])[O-]
5DYA,P55201,BRPF1,NO3 5GV,O=[N+]([O-])[O-] CC[C@H]1Nc2ccc(C(=O)O)cc2NC1=O
5DY7,P55201,BRPF1,5GT NO3,O=C1CNc2ccc(C(F)(F)F)cc2N1 O=[N+]([O-])[O-]
5DW2,O60885,BRD4,5GD EDO,COc1cc(OC)c2c(=O)[nH]c(-c3cc(C)c(OCCN4CCCC4)c(C)c3)nc2c1 OCCO
5DU8,P9WNP1,ECHA6,5FK,CCc1ccc([C@H]2C[C@@H](C(F)(F)F)n3ncc(C(=O)NCc4ccc(F)cn4)c3N2)cc1
5DU4,P9WNP1,ECHA6,5FF,CCc1ccc([C@H]2C[C@@H](C(F)(F)F)n3ncc(C(=O)NCc4ccc(OC)cc4)c3N2)cc1
5DRQ,P47205,LPXC,ZN 5EM NO3,[Zn+2] CC(C)(N)[C@H](NC(=O)c1ccc(C#CC#Cc2ccc(N)cc2)cc1)C(=O)NO O=[N+]([O-])[O-]
5DRO,O67648,LPXC,ZN ZH2 DMS ACT,[Zn+2] C[C@@H](O)[C@H](NC(=O)c1ccc(C#CC#Cc2ccc(N)cc2)cc1)C(=O)NO CS(C)=O CC(=O)[O-]
5DQE,Q15562,TEAD2,5E4,O=C(O)c1ccccc1Nc1cccc(Br)c1
5DLZ,O60885,BRD4,5D1,Cc1cccc(CN2CCC(CNC(=O)CCCOc3cc(=O)n(C)c4ccccc34)CC2)c1
5DLX,O60885,BRD4,5D2,Cc1nnc2ccc(N3CCC(C(=O)NCCCN4CCN(c5cccc(Cl)c5)CC4)CC3)nn12
5DKN,P02638,S100B,CA B7I,[Ca+2] c1c[nH]c(-c2ccc(OCCCCCCCOc3ccc(-c4ncc[nH]4)cc3)cc2)n1
5DIT,Q13451,FKBP5,5B8,COc1ccc(CC[C@@H](OC(=O)[C@@H]2CCCCN2C(=O)[C@@H](C2CCCCC2)[C@@H](C)O)c2cccc(OCCN3CCOCC3)c2)cc1OC
5DIA,P11309,PIM1,5E6,N[C@H]1CCC[C@H](Nc2cccc(-c3n[nH]c4cnc(-c5cccnc5)cc34)n2)C1
5DHS,Q8Y8D7,NADK1,GOL 5AG CIT,OCC(O)CO C#Cc1cccc(CCNC(=O)CSc2nc3c(N)ncnc3n2[C@@H]2O[C@H](CN=[N+]=[N-])[C@@H](O)[C@H]2O)c1 O=C(O)CC(O)(CC(=O)O)C(=O)O
5DHR,Q8Y8D7,NADK1,GOL 5AJ CIT,OCC(O)CO [N-]=[N+]=NC[C@H]1O[C@@H](n2c(SCC(=O)NCCc3nc4ccccc4[nH]3)nc3c(N)ncnc32)[C@H](O)[C@@H]1O O=C(O)CC(O)(CC(=O)O)C(=O)O
5DHQ,Q8Y8D7,NADK1,GOL 5AK CIT,OCC(O)CO Nc1ncnc2c1nc(SCC(=O)NCCc1cccc(Br)c1)n2[C@@H]1O[C@H](CO)[C@@H](O)[C@H]1O O=C(O)CC(O)(CC(=O)O)C(=O)O
5DHP,Q8Y8D7,NADK1,CIT GOL 5AQ,O=C(O)CC(O)(CC(=O)O)C(=O)O OCC(O)CO Nc1ncnc2c1nc(SCC(=O)NCCc1ccccc1)n2[C@@H]1O[C@H](CO)[C@@H](O)[C@H]1O
5DH5,Q9Y233,PDE10A,5AY MG ZN,Cn1cc(CNc2cc(OC[C@H]3C[C@@H]3c3ccccn3)nc3ccnn23)cn1 [Mg+2] [Zn+2]
5DGW,P04585,GAG-POL,CL NA 5B5,[Cl-] [Na+] CCN[C@H]1CO[C@@H]2OCC[C@H](OC(=O)N[C@@H](Cc3ccccc3)[C@H](O)CN(CC(C)C)S(=O)(=O)c3ccc(OC)cc3)[C@@H]21
5DGU,P04585,GAG-POL,ACT CL NA 5B7,CC(=O)[O-] [Cl-] [Na+] COc1ccc(S(=O)(=O)N(CC(C)C)C[C@@H](O)[C@H](Cc2ccccc2)NC(=O)O[C@H]2CCO[C@H]3OC[C@H](OC)[C@H]32)cc1
5D7X,P55201,BRPF1,XZ8 NO3,CC(=O)n1cc(-c2c(C)[nH][nH]c2=O)c2ccccc21 O=[N+]([O-])[O-]
5D4A,P15090,FABP4,57Q,O=C(O)CCn1c(-c2ccccc2)cc2ccccc21
5D3T,O60885,BRD4,EDO NA 56Y,OCCO [Na+] CCc1c(C(=O)N(C)Cc2cccc(C(N)=O)c2)[nH]c(C)c1C(C)=O
5D3S,O60885,BRD4,579 DMS BU3,CCc1c(C(=O)Nc2ccc(F)c(S(=O)(=O)N3CCOCC3)c2)[nH]c(C)c1C(C)=O CS(C)=O C[C@@H](O)[C@@H](C)O
5D3P,O60885,BRD4,57E NI,CCc1c(C(=O)n2ccc3ccc(S(=O)(=O)NC)cc32)[nH]c(C)c1C(C)=O [Ni+2]
5D3N,O60885,BRD4,L40,CCc1c(C(=O)Nc2cc(S(=O)(=O)NC)ccc2C)[nH]c(C)c1C(C)=O
5D3J,O60885,BRD4,L33,CCc1c(C(=O)Nc2cccc(S(=O)(=O)N(CC)CC)c2)[nH]c(C)c1C(C)=O
5D3H,O60885,BRD4,57G,CCc1c(C(=O)Nc2cc(S(=O)(=O)N(CC)CC)ccc2O)[nH]c(C)c1C(=O)CO
5D24,O60885,BRD4,EDO L26,OCCO CCc1c(C(=O)Nc2cccc(OCC(N)=O)c2)[nH]c(C)c1C(C)=O
5D21,Q05097,LECA,56N CA,OC[C@H]1O[C@@H](Oc2ccccc2)[C@H](O)[C@@H](O)[C@H]1O [Ca+2]
5D1R,P9WMC9,RV1816,56S MG SO4 NI,CCCCCCCCCCCC(=O)OC(C)C [Mg+2] O=S(=O)([O-])[O-] [Ni+2]
5D0C,O60885,BRD4,NO3 EDO E0B GOL,O=[N+]([O-])[O-] OCCO CCN1C(=O)c2cccc3c(S(=O)(=O)NCC4CCN(C(C)=O)CC4)ccc1c23 OCC(O)CO
5CT2,P14210,HGF,CXS,O=S(=O)(O)CCCNC1CCCCC1
5CT1,P14210,HGF,NHE,O=S(=O)(O)CCNC1CCCCC1
5CSP,P68400,CSNK2A1,54G ACT,Cc1ccc(O)c(C(=O)O)c1 CC(=O)[O-]
5CS5,P14210,HGF,PIN,O=S(=O)(O)CCN1CCN(CCS(=O)(=O)O)CC1
5CS3,P14210,HGF,EP1,O=S(=O)(O)CCCN1CCN(CCO)CC1
5CQU,P68400,CSNK2A1,GOL SO4 JRJ,OCC(O)CO O=S(=O)([O-])[O-] NCCCCn1cc(CCn2nc3c(Br)c(Br)c(Br)c(Br)c3n2)nn1
5CP5,O60885,BRD4,EB0 EDO NO3,CCN1C(=O)c2cccc3c(S(=O)(=O)Nc4ccc(F)cc4)ccc1c23 OCCO O=[N+]([O-])[O-]
5CJF,Q9ULX7,CA14,ZN 520 GOL SO4,[Zn+2] Nc1ccc(C(=O)c2ccc(-c3ccc(S(N)(=O)=O)cc3)cc2)cc1 OCC(O)CO O=S(=O)([O-])[O-]
5CGJ,Q9Z2X8,KEAP1,SO4 51M,O=S(=O)([O-])[O-] Cc1cc(C)c(C)c(S(=O)(=O)Nc2ccc(N3CC[C@H](C(=O)O)C3)c3ccccc23)c1C
5CGD,P41594,GRM5,OLA 51E,CCCCCCCC/C=C\CCCCCCCC(=O)O N#Cc1cc(Cl)cc(-c2cc(-c3ccc(F)cn3)ncn2)c1
5CGC,P41594,GRM5,51D MES OLA,N#Cc1cc(Cl)c(F)c(-c2cc(-n3cccn3)ncn2)c1 O=S(=O)([O-])CC[NH+]1CCOCC1 CCCCCCCC/C=C\CCCCCCCC(=O)O
5CEQ,Q12852,MAP3K12,50F,N#Cc1ccnc(Nc2cc(C3CCN(C4COC4)CC3)n(C3CCCC3)n2)c1
5CEP,Q12852,MAP3K12,50E,CC(C)n1nc(Nc2cc(C(F)(F)F)ccn2)cc1C1CCNCC1
5CC2,Q63226,GRID2,CL GOL CKA,[Cl-] OCC(O)CO O=C(O)c1cc(=O)c2ccc(Cl)cc2[nH]1
5CBS,P19491,GRIA2,E42 SO4 EDO GOL CL,N[C@H](Cc1cccc(-c2cccc(O)c2)c1)C(=O)O O=S(=O)([O-])[O-] OCCO OCC(O)CO [Cl-]
5CBR,P19491,GRIA2,4ZK GOL SO4 ACT,N[C@@H](Cc1cc(Cl)c(Cl)c(-c2cncc(O)c2)c1)C(=O)O OCC(O)CO O=S(=O)([O-])[O-] CC(=O)[O-]
5CBM,A0A024V0B1,PFFVO_05086,CO3 ZN 4ZN 1PE GOL SO4,O=C([O-])[O-] [Zn+2] CC(C)C[C@H](CP(=O)(O)[C@@H](N)c1ccccc1)C(=O)O OCCOCCOCCOCCOCCO OCC(O)CO O=S(=O)([O-])[O-]
5CAU,P00533,EGFR,SO4 4ZR,O=S(=O)([O-])[O-] CO[C@@H]1CCN(c2nccc(Nc3cc4c(cn3)nc([C@@H](C)O)n4[C@@H](C)C(F)(F)F)n2)C[C@@H]1F
5CAS,P00533,EGFR,SO4 4ZQ,O=S(=O)([O-])[O-] CO[C@H]1CCN(c2nccc(Nc3cc4c(cn3)nc([C@@H](C)O)n4[C@@H](C)C(F)(F)F)n2)C[C@H]1F
5CAQ,P00533,EGFR,SO4 4ZJ,O=S(=O)([O-])[O-] CO[C@H]1CCN(c2nccc(Nc3cc4c(cn3)nc(C)n4C(C)C)n2)C[C@H]1F
5CAP,P00533,EGFR,SO4 4ZH,O=S(=O)([O-])[O-] Cc1nc2cnc(Nc3ccnc(OCC(C)(C)S(C)(=O)=O)n3)cc2n1C(C)C
5C8N,P00533,EGFR,SO4 4YX,O=S(=O)([O-])[O-] COC1(CCN)CCN(c2nccc(Nc3cc4c(cn3)nc(C)n4C(C)C)n2)CC1
5C87,P55201,BRPF1,NO3 4YS,O=[N+]([O-])[O-] O=c1[nH]ccc2ccccc12
5C85,P55201,BRPF1,NO3 4YO,O=[N+]([O-])[O-] O=C1CNc2cc(Br)ccc2N1
5C6P,Q5F9J8,NGO_0395,4YH,COc1ccc(CCN(C)CCC[C@@](C#N)(c2ccc(OC)c(OC)c2)C(C)C)cc1OC
5C6O,Q9KAX3,BH2163,4YH,COc1ccc(CCN(C)CCC[C@@](C#N)(c2ccc(OC)c(OC)c2)C(C)C)cc1OC
5C5T,Q84406,A085R,AKG ZN MN,O=C(O)CCC(=O)C(=O)O [Zn+2] [Mn+2]
5C4L,O68183,APH(2'')-ID,4XR SIS,NCC1=CC[C@@H](N)[C@@H](O)O1 CN[C@@H]1[C@@H](O)[C@@H](O[C@@H]2[C@@H](O)[C@H](O[C@H]3OC(CN)=CC[C@H]3N)[C@@H](N)C[C@H]2N)OC[C@]1(C)O
5YAS,P52704,HNL,FAC SO4,OC(O)(C(F)(F)F)C(F)(F)F O=S(=O)([O-])[O-]
5YIA,Q8I6V3,PMII,8V9 CPS GOL PO4,CSC[C@H](NC(=O)Cc1ccc(O)cc1)C(=O)N[C@@H](Cc1ccccc1)[C@H](O)C(=O)N1CSC(C)(C)[C@H]1C(=O)N[C@H]1c2ccccc2C[C@H]1O C[C@H](CCC(=O)NCCC[N+](C)(C)CCCS(=O)(=O)[O-])[C@H]1CC[C@H]2[C@@H]3[C@H](O)C[C@@H]4C[C@H](O)CC[C@]4(C)[C@H]3C[C@H](O)[C@]12C OCC(O)CO O=P([O-])([O-])[O-]
5YIB,Q8I6V3,PMII,8VC GOL EDO CPS,Cc1cc(N(C)CCN(C)C)cc(C)c1OCC(=O)N[C@@H](Cc1ccccc1)[C@H](O)C(=O)N1CSC(C)(C)[C@H]1C(=O)N[C@H]1c2ccccc2C[C@H]1O OCC(O)CO OCCO C[C@H](CCC(=O)NCCC[N+](C)(C)CCCS(=O)(=O)[O-])[C@H]1CC[C@H]2[C@@H]3[C@H](O)C[C@@H]4C[C@H](O)CC[C@]4(C)[C@H]3C[C@H](O)[C@]12C
5YIC,Q8I6V3,PMII,8VO GOL CPS,CSC[C@H](NC(=O)Cc1ccc(N)cc1)C(=O)N[C@@H](Cc1ccccc1)[C@H](O)C(=O)N1CSC(C)(C)[C@H]1C(=O)N[C@H]1c2ccccc2C[C@H]1O OCC(O)CO C[C@H](CCC(=O)NCCC[N+](C)(C)CCCS(=O)(=O)[O-])[C@H]1CC[C@H]2[C@@H]3[C@H](O)C[C@@H]4C[C@H](O)CC[C@]4(C)[C@H]3C[C@H](O)[C@]12C
5YID,Q8I6V3,PMII,K95 CPS NA,CSC[C@H](NC(=O)Cc1ccccc1)C(=O)N[C@@H](Cc1ccccc1)[C@H](O)C(=O)N1CSC(C)(C)[C@H]1C(=O)N[C@H]1c2ccccc2C[C@H]1O C[C@H](CCC(=O)NCCC[N+](C)(C)CCCS(=O)(=O)[O-])[C@H]1CC[C@H]2[C@@H]3[C@H](O)C[C@@H]4C[C@H](O)CC[C@]4(C)[C@H]3C[C@H](O)[C@]12C [Na+]
5YIE,Q8I6V3,PMII,CPS 8VF NA,C[C@H](CCC(=O)NCCC[N+](C)(C)CCCS(=O)(=O)[O-])[C@H]1CC[C@H]2[C@@H]3[C@H](O)C[C@@H]4C[C@H](O)CC[C@]4(C)[C@H]3C[C@H](O)[C@]12C CCN(CCN)c1cc(C)c(OCC(=O)N[C@@H](Cc2ccccc2)[C@H](O)C(=O)N2CSC(C)(C)[C@H]2C(=O)N[C@H]2c3ccccc3C[C@H]2O)c(C)c1 [Na+]
5YWX,O60760,HPGDS,GSH 93C GOL MG,N[C@@H](CCC(=O)N[C@@H](CS)C(=O)NCC(=O)O)C(=O)O O=C(Nc1ccc(N2CCCC2=O)cc1)c1cnc(-c2ccccn2)nc1 OCC(O)CO [Mg+2]
6EP4,P06276,BCHE,DME CL SO4 NAG,C[N+](C)(C)CCCCCCCCCC[N+](C)(C)C [Cl-] O=S(=O)([O-])[O-] CC(=O)N[C@@H]1[C@@H](O)[C@H](O)[C@@H](CO)O[C@H]1O
6FI1,Q9UIF8,BAZ2B,ZN D3H,[Zn+2] NCC(=O)Nc1ccc(N)cc1
6FMC,O14786,NRP1,DUE,N=C(N)NCCC[C@H](NC(=O)c1sccc1NS(=O)(=O)c1cc(-c2ccc(CN)cc2)cc2ccoc12)C(=O)O
6FMF,O14786,NRP1,DUE TFA,N=C(N)NCCC[C@H](NC(=O)c1sccc1NS(=O)(=O)c1cc(-c2ccc(CN)cc2)cc2ccoc12)C(=O)O O=C(O)C(F)(F)F
6FMI,Q15370,ELOB,DV2,CC(=O)N[C@@H](C)C(=O)N1C[C@H](O)C[C@H]1C(=S)NCc1ccc(-c2scnc2C)cc1
6FMK,Q15370,ELOB,DV8,CC(=O)N[C@@H](C)C(=S)N1C[C@H](O)C[C@H]1C(=S)NCc1ccc(-c2scnc2C)cc1
6FTP,P01011,SERPINA3,EDO DM2,OCCO COc1cccc2c1C(=O)c1c(O)c3c(c(O)c1C2=O)C[C@@](O)(C(=O)CO)C[C@@H]3O[C@H]1C[C@H](N)[C@H](O)[C@H](C)O1
6FTY,P00746,CFD,E7H GOL,NC(=O)c1cc2c(NC(=O)C34C[C@@H]5C[C@@H](CC(N)(C5)C3)C4)cccc2[nH]1 OCC(O)CO
6H7O,P0AA25,TRXA,P32 NA 2CV,CC(C)(C)NC[C@H](O)COc1cccc2c1CC(C#N)=N2 [Na+] CCCCCCCCCC(=O)N(CCO)C[C@@H](O)[C@@H](O)[C@@H](O)[C@@H](O)CO
6MA2,O15294,OGT,J9S,COc1ccccc1[C@H](NS(=O)(=O)c1ccc2[nH]c(=O)ccc2c1)C(=O)N(CC(=O)O)Cc1cccs1
6RNT,P00651,RNTA,CA 2AM,[Ca+2] Nc1ncnc2c1ncn2[C@@H]1O[C@H](CO)[C@@H](O)[C@H]1OP(=O)(O)O
966C,P03956,MMP1,RS2 CA ZN,O=C(CC1(S(=O)(=O)c2ccc(Oc3ccccc3)cc2)CCOCC1)NO [Ca+2] [Zn+2]
8CPA,P00730,CPA1,AGF ZN,C[C@H](NC(=O)OCc1ccccc1)C(=O)NC[P@@](=O)(O)O[C@@H](Cc1ccccc1)C(=O)O [Zn+2]
8A3H,O85465,CEL5A,SO4 ACT IDC GOL,O=S(=O)([O-])[O-] CC(=O)[O-] OC[C@@H]1[C@@H](O[C@@H]2O[C@H](CO)[C@@H](O)[C@H](O)[C@H]2O)[C@H](O)[C@@H](O)c2nccn21 OCC(O)CO
830C,P45452,MMP13,ZN CA RS1,[Zn+2] [Ca+2] O=C(NO)C1(CS(=O)(=O)c2ccc(Oc3ccc(Cl)cc3)cc2)CCOCC1
7UPJ,P03367,GAG-POL,INU,O=c1oc2c(c(O)c1[C@H](c1cccc(NS(=O)(=O)c3ccccc3)c1)C1CC1)CCCCCC2
7STD,P56221,SDH1,CRP CA,CC[C@@]1(C(=O)N[C@H](C)c2ccc(Cl)cc2)[C@@H](C)C1(Cl)Cl [Ca+2]
6UPJ,P04584,GAG-POL,NIU,CC[C@@H](c1ccccc1)c1c(O)c2c(oc1=O)CCCCC2
6STD,P56221,SDH1,CA MS2,[Ca+2] C[C@@H](NC(=O)[C@]1([S@](C)=O)[C@@H](C)C1(Cl)Cl)c1ccc(Br)cc1
6MXE,Q86WV6,STING1,K5S CA,CC(C)(C)c1ccc(N2C(=O)c3cc(F)ccc3[C@H](CC(=O)O)[C@H]2c2ccc3c(c2)OCCO3)cc1Cl [Ca+2]
6MVU,A0A0Q3EUQ3,,K4V GOL SO4,CC(=O)Oc1ccc([N+](=O)[O-])cc1 OCC(O)CO O=S(=O)([O-])[O-]
6MJ7,Q13501,SQSTM1,ARG DIO ZN,NC(=[NH2+])NCCC[C@H](N)C(=O)O C1COCCO1 [Zn+2]
6H5X,P12821,ACE,ZN FT8 CL XPE PG4 EDO MG PGE,[Zn+2] O=C(N[C@H]1CCS[C@H]2CCC[C@@H](C(=O)O)N2C1=O)[C@@H](S)Cc1ccccc1 [Cl-] OCCOCCOCCOCCOCCOCCOCCOCCOCCOCCO OCCOCCOCCOCCO OCCO [Mg+2] OCCOCCOCCO
6H5W,P12821,ACE,ZN CL FT8 IMD BO3 P6G EDO,[Zn+2] [Cl-] O=C(N[C@H]1CCS[C@H]2CCC[C@@H](C(=O)O)N2C1=O)[C@@H](S)Cc1ccccc1 c1c[nH+]c[nH]1 OB(O)O OCCOCCOCCOCCOCCOCCO OCCO
6H36,P43166,CA7,FKE ZN,NS(=O)(=O)c1ccc(C(=O)N2CCC(c3ccccc3)CC2)cc1 [Zn+2]
6H34,P00918,CA2,ZN FKK GOL,[Zn+2] NS(=O)(=O)c1ccc(C(=O)N2CCN(Cc3ccc(F)cc3)CC2)cc1 OCC(O)CO
6H33,P00918,CA2,GOL FKQ ZN,OCC(O)CO NS(=O)(=O)c1ccc(C(=O)N2CCC(O)(c3ccccc3)CC2)cc1 [Zn+2]
6H2Z,P00918,CA2,GOL FKE ZN,OCC(O)CO NS(=O)(=O)c1ccc(C(=O)N2CCC(c3ccccc3)CC2)cc1 [Zn+2]
6GW4,A0ZNP3,,CHO EDO,C[C@H](CCC(=O)NCC(=O)O)[C@H]1CC[C@H]2[C@@H]3[C@H](O)C[C@@H]4C[C@H](O)CC[C@]4(C)[C@H]3CC[C@]12C OCCO
6GOT,P00918,CA2,F6W GOL ZN,NS(=O)(=O)c1ccc(SCCc2ccccc2)cc1 OCC(O)CO [Zn+2]
6GMX,Q15370,ELOB,ACT IPA F7B,CC(=O)[O-] CC(C)O O=C1CCSc2ccc(Cl)cc21
6GMQ,Q15370,ELOB,IPA F4K ACT,CC(C)O OCc1ccc(-n2cccc2)cc1 CC(=O)[O-]
6GFZ,Q15370,ELOB,EXE,CC(=O)N[C@H](C(=O)N1C[C@H](O)[C@@H](F)[C@H]1C(=O)NCc1ccc(-c2scnc2C)cc1)C(C)(C)C
6G4Z,Q9WUL6,MAP3K14,ELW,CN1C=C[C@@](O)(C#Cc2ccnc(-n3nc(C(N)=O)c4cc(F)ccc43)c2)C1=O
6G3O,Q92769,HDAC2,ZN CA NA EL8 1PE SO4 PG4,[Zn+2] [Ca+2] [Na+] C[C@H](CCCCC(=O)NO)Nc1c(Nc2ccc(OC(F)(F)F)cc2)c(=O)c1=O OCCOCCOCCOCCOCCO O=S(=O)([O-])[O-] OCCOCCOCCOCCO
6G0V,P17931,LGALS3,EGZ CL,O=C1N[C@H](C(=O)O)CC2=C1S[C@H]1[C@H](O2)O[C@H](CO)[C@H](O)[C@@H]1O[C@@H]1O[C@H](CO)[C@H](O)[C@H](O)[C@H]1O [Cl-]
6FHQ,Q9UIF8,BAZ2B,DE5 ZN,NCC(=O)Nc1nccs1 [Zn+2]
6FAP,Q9UIF9,BAZ2A,GOL D3H PO4 ZN,OCC(O)CO NCC(=O)Nc1ccc(N)cc1 O=P([O-])([O-])[O-] [Zn+2]
6F9U,P12821,ACE,NAG ZN CL 1PE D0W BO3 IMD EDO PEG,CC(=O)N[C@@H]1[C@@H](O)[C@H](O)[C@@H](CO)O[C@H]1O [Zn+2] [Cl-] OCCOCCOCCOCCOCCO CC(=O)N[C@@H](CC(=O)O)C(=O)NC[C@H](CC1(C(=O)N[C@@H](Cc2ccc(O)cc2)C(=O)O)CCCC1)C(=O)O OB(O)O c1c[nH+]c[nH]1 OCCO OCCOCCO
6F9R,P12821,ACE,ZN D0W CL PEG PG4 MG EDO ACT PE8,[Zn+2] CC(=O)N[C@@H](CC(=O)O)C(=O)NC[C@H](CC1(C(=O)N[C@@H](Cc2ccc(O)cc2)C(=O)O)CCCC1)C(=O)O [Cl-] OCCOCCO OCCOCCOCCOCCO [Mg+2] OCCO CC(=O)[O-] OCCOCCOCCOCCOCCOCCOCCOCCO
6EY9,P07900,HSP90AA1,C4N SO4,Cc1cccc(Cc2n[nH]c3cc(O)c(C(=O)N(C)Cc4ccc(Cl)cc4)cc23)c1 O=S(=O)([O-])[O-]
6ESJ,P06276,BCHE,NAG PRM CL GLY,CC(=O)N[C@@H]1[C@@H](O)[C@H](O)[C@@H](CO)O[C@H]1O CC[N+](C)(CC)CCC[n+]1c(-c2ccccc2)c2cc(N)ccc2c2ccc(N)cc21 [Cl-] NCC(=O)O
6EQ1,A0A083ZM57,,PG4 PEG EDO CA,OCCOCCOCCOCCO OCCOCCO OCCO [Ca+2]
6EOG,P17931,LGALS3,SCN CL BKK,N#C[S-] [Cl-] OC[C@H]1O[C@@H](Sc2cccc(Cl)c2)[C@H](O)[C@@H](n2cc(-c3cc(F)c(F)c(F)c3)nn2)[C@H]1O
6EIP,Q13627,DYRK1A,B7B,CN1C(=O)[C@H]2CCC[C@H]2N(C2CCCC2)c2nc(Nc3ccc(C(N)=O)cc3)ncc21
6EIJ,Q13627,DYRK1A,B5Z,O=C(NCCN1CCOCC1)Nc1cccc(-c2ccc3nc(NC(=O)C4CC4)sc3n2)c1
6DXL,Q86WV6,STING1,CA HG4,[Ca+2] CCn1nc(C)cc1C(=O)Nc1nc2cc(C(N)=O)ccc2n1CCCCn1c(NC(=O)c2cc(C)nn2CC)nc2cc(C(N)=O)ccc21
6DRZ,P41595,HTR2B,CLR OLA OLC PEG PO4 H8J,CC(C)CCC[C@@H](C)[C@H]1CC[C@H]2[C@@H]3CC=C4C[C@@H](O)CC[C@]4(C)[C@H]3CC[C@]12C CCCCCCCC/C=C\CCCCCCCC(=O)O CCCCCCCC/C=C\CCCCCCCC(=O)OC[C@H](O)CO OCCOCCO O=P([O-])([O-])[O-] CC[C@@H](CO)NC(=O)[C@@H]1C=C2c3cccc4c3c(cn4C)C[C@H]2N(C)C1
6DRY,P41595,HTR2B,H8D CLR OLA OLC PEG PO4,CC[C@@H](CO)NC(=O)[C@@H]1C=C2c3cccc4[nH]cc(c34)C[C@H]2N(C)C1 CC(C)CCC[C@@H](C)[C@H]1CC[C@H]2[C@@H]3CC=C4C[C@@H](O)CC[C@]4(C)[C@H]3CC[C@]12C CCCCCCCC/C=C\CCCCCCCC(=O)O CCCCCCCC/C=C\CCCCCCCC(=O)OC[C@H](O)CO OCCOCCO O=P([O-])([O-])[O-]
6DRX,P41595,HTR2B,H8G CLR OLC,CCN(CC)C(=O)N[C@H]1C=C2c3cccc4[nH]cc(c34)C[C@H]2N(C)C1 CC(C)CCC[C@@H](C)[C@H]1CC[C@H]2[C@@H]3CC=C4C[C@@H](O)CC[C@]4(C)[C@H]3CC[C@]12C CCCCCCCC/C=C\CCCCCCCC(=O)OC[C@H](O)CO
6DQ6,P29375,KDM5A,DMS GOL MN H6J,CS(C)=O OCC(O)CO [Mn+2] C=CS(=O)(=O)N1CCCN(c2cc(NCCC(=O)O)nc(-c3ccccn3)n2)CC1
6DIK,Q90249,,GKP SO4 BCT EOH,O=C(/C=C/c1ccc(O)c(O)c1)O[C@@H](C(=O)O)[C@@H](OC(=O)/C=C/c1ccc(O)c(O)c1)C(=O)O O=S(=O)([O-])[O-] O=C([O-])O CCO
6CQZ,P22303,ACHE,NAG VX,CC(=O)N[C@@H]1[C@@H](O)[C@H](O)[C@@H](CO)O[C@H]1O CCO[P@@](C)(=O)O
6CQT,P22303,ACHE,NAG 7PE VX,CC(=O)N[C@@H]1[C@@H](O)[C@H](O)[C@@H](CO)O[C@H]1O CCOCCOCCOCCOCCOCCOCCO CCO[P@@](C)(=O)O
6CPA,P00730,CPA1,ZN ZAF,[Zn+2] C[C@H](NC(=O)OCc1ccccc1)C(=O)N[C@@H](C)[P@@](=O)(O)O[C@@H](Cc1ccccc1)C(=O)O
6CLV,O05701,FOLP,6MB,Cc1noc(NS(=O)(=O)c2ccc(NCc3cnc4nc(N)[nH]c(=O)c4n3)cc2)c1C
6CHH,P40261,NNMT,F0P EDO,NC(=O)c1cccc(CCN(CCC[C@H](N)C(=O)O)C[C@H]2O[C@@H](n3cnc4c(N)ncnc43)[C@H](O)[C@@H]2O)c1 OCCO
6CFC,A0A1L7J388,,BLG SO4,CC(=O)N[C@H]1[C@H](O[C@H]2C[C@@H](C(=O)NCCS(=O)(=O)O)[NH2+][C@@H]2CO)O[C@H](CO)[C@@H](OS(=O)(=O)O)[C@@H]1O O=S(=O)([O-])[O-]
6CF5,Q6DQ33,HA,NHE NAG PEG GOL,O=S(=O)(O)CCNC1CCCCC1 CC(=O)N[C@@H]1[C@@H](O)[C@H](O)[C@@H](CO)O[C@H]1O OCCOCCO OCC(O)CO
6CEX,Q91MA7,HA,NHE NAG SO4 GOL,O=S(=O)(O)CCNC1CCCCC1 CC(=O)N[C@@H]1[C@@H](O)[C@H](O)[C@@H](CO)O[C@H]1O O=S(=O)([O-])[O-] OCC(O)CO
6BEH,P68440,OPG125,RPT FMT EDO,CO[C@H]1/C=C/O[C@@]2(C)Oc3c(C)c(O)c4c(O)c(c(/C=N/N5CCN(C6CCCC6)CC5)c(O)c4c3C2=O)NC(=O)/C(C)=C\C=C\[C@H](C)[C@H](O)[C@@H](C)[C@@H](O)[C@@H](C)[C@H](OC(C)=O)[C@@H]1C O=CO OCCO
6BEF,P68440,OPG125,3YI FMT EDO,CO[C@H]1/C=C/O[C@@]2(C)Oc3c(C)c(O)c4c(O)c(c(C=O)c(O)c4c3C2=O)NC(=O)/C(C)=C\C=C\[C@H](C)[C@H](O)[C@@H](C)[C@@H](O)[C@@H](C)[C@H](OC(C)=O)[C@@H]1C O=CO OCCO
6BEE,P68440,OPG125,FMT EDO RXM,O=CO OCCO CO[C@H]1/C=C/O[C@@]2(C)Oc3c(C)c(O)c4c(O)c(c5c(nc6cc(C)ccn65)c4c3C2=O)NC(=O)/C(C)=C\C=C\[C@H](C)[C@H](O)[C@@H](C)[C@@H](O)[C@@H](C)[C@H](OC(C)=O)[C@@H]1C
6BED,P68440,OPG125,FMT EDO RFP,O=CO OCCO CO[C@H]1/C=C/O[C@@]2(C)Oc3c(C)c(O)c4c(O)c(c(/C=N/N5CCN(C)CC5)c(O)c4c3C2=O)NC(=O)/C(C)=C\C=C\[C@H](C)[C@H](O)[C@@H](C)[C@@H](O)[C@@H](C)[C@H](OC(C)=O)[C@@H]1C
6BEC,P68440,OPG125,FMT EDO RBT,O=CO OCCO CO[C@H]1/C=C/O[C@@]2(C)Oc3c(C)c(O)c4c(c3C2=O)C2=NC3(CCN(CC(C)C)CC3)NC2=C(NC(=O)/C(C)=C\C=C\[C@H](C)[C@H](O)[C@@H](C)[C@@H](O)[C@@H](C)[C@H](OC(C)=O)[C@@H]1C)C4=O
6BEB,P68440,OPG125,RFV FMT EDO,CO[C@H]1/C=C/O[C@@]2(C)Oc3c(C)c(O)c4c(O)c(cc(O)c4c3[C@H]2O)NC(=O)/C(C)=C\C=C\[C@H](C)[C@H](O)[C@@H](C)[C@@H](O)[C@@H](C)[C@H](OC(C)=O)[C@@H]1C O=CO OCCO
6BC9,P00918,CA2,ZN ETS,[Zn+2] CCN[C@H]1C[C@H](C)S(=O)(=O)c2sc(S(N)(=O)=O)cc21
6BBS,P00918,CA2,ZN BZ1,[Zn+2] CCN[C@H]1CN(CCCOC)S(=O)(=O)c2sc(S(N)(=O)=O)cc21
6BAW,P41148,HSP90B1,D57 EDO PO4,COC(=O)c1c(O)cc(O)c(C(=O)OC)c1CCc1nccn1Cc1ccccc1 OCCO O=P([O-])([O-])[O-]
6B98,O00408,PDE2A,ZN MG D07,[Zn+2] [Mg+2] CNc1nc(Cl)nc2c1cnn2C
6B8Y,P36897,TGFBR1,D0A,Fc1cnccc1Nc1nc(-c2cccc(C(F)(F)F)n2)nc2[nH]ccc12
6B7H,Q14832,GRM3,NAG CWY CA,CC(=O)N[C@@H]1[C@@H](O)[C@H](O)[C@@H](CO)O[C@H]1O COc1cccc(C(=O)N[C@H]2C[C@@](N)(C(=O)O)[C@@H]3[C@@H](C(=O)O)[C@@H]32)c1 [Ca+2]
6B7B,P0A6I6,COAD,POP DMS SO4 CWJ,O=P([O-])(O)OP(=O)([O-])O CS(C)=O O=S(=O)([O-])[O-] COc1ccc2[nH]c(C)cc2c1
6B5I,O94788,ALDH1A2,CU4,CS(=O)(=O)c1ccc(-c2nn(-c3ccc(C#N)cc3)cc2C(=O)Nc2cccc(F)c2)cc1
6B3V,Q9H999,PANK3,ANP MG EDO 7DQ,Nc1ncnc2c1ncn2[C@@H]1O[C@H](COP(=O)(O)OP(=O)(O)NP(=O)(O)O)[C@@H](O)[C@H]1O [Mg+2] OCCO CC(C)c1ccc(CC(=O)N2CCN(c3ccc(C#N)nn3)CC2)cc1
6AWN,P31645,SLC6A4,NAG CLR LMT 8PR CL NA,CC(=O)N[C@@H]1[C@@H](O)[C@H](O)[C@@H](CO)O[C@H]1O CC(C)CCC[C@@H](C)[C@H]1CC[C@H]2[C@@H]3CC=C4C[C@@H](O)CC[C@]4(C)[C@H]3CC[C@]12C CCCCCCCCCCCCO[C@@H]1O[C@H](CO)[C@@H](O[C@H]2O[C@H](CO)[C@@H](O)[C@H](O)[C@H]2O)[C@H](O)[C@H]1O Fc1ccc([C@@H]2CCNC[C@H]2COc2ccc3c(c2)OCO3)cc1 [Cl-] [Na+]
5Z5F,Q2I2N4,XYL,FUB CA,OC[C@@H]1O[C@H](O)[C@H](O)[C@H]1O [Ca+2]
5Z1C,P00749,PLAU,ZXI,NCc1ccc(I)cc1
5Y2F,Q8N6T7,SIRT6,GOL HDR PEG SO4 ZN 8L9 AR6,OCC(O)CO CCCCCCCCCCCCCCCCS(=O)O OCCOCCO O=S(=O)([O-])[O-] [Zn+2] Cc1cc(F)c(Br)cc1NS(=O)(=O)c1ccc(NS(=O)(=O)c2cc(Cl)cc(Cl)c2)cc1C(=O)O Nc1ncnc2c1ncn2[C@@H]1O[C@H](COP(=O)(O)OP(=O)(O)OC[C@H]2O[C@H](O)[C@H](O)[C@@H]2O)[C@@H](O)[C@H]1O
5X4O,P41182,BCL6,YAM,CN(c1ncccc1CNc1nc(Nc2ccc3c(c2)CC(=O)N3)ncc1C(F)(F)F)S(C)(=O)=O
5WL0,Q67296,PB2,21G PEG,O=C(O)[C@H]1C2CCC(CC2)[C@@H]1Nc1nc(-c2c[nH]c3ncc(F)cc23)ncc1F OCCOCCO
5WG9,C3W5S0,PA,KU4 SO4 MN,O=C(NCCOc1ccccc1)c1nc([C@@H]2CCCN2C(=O)CCc2ccccc2Cl)[nH]c(=O)c1O O=S(=O)([O-])[O-] [Mn+2]
5WF3,C3W5S0,PA,KU2 SO4 MN,O=C(NCCOc1ccccc1)c1nc([C@@H]2CCCN2C(=O)CSc2ccccc2Cl)[nH]c(=O)c1O O=S(=O)([O-])[O-] [Mn+2]
