run_0,run_1,run_2,run_3,run_4,run_5,run_6,run_7,run_8,run_9,run_10,run_11,run_12,run_13,run_14,run_15,run_16,run_17,run_18,run_19,run_20,run_21,run_22,run_23,run_24
1242.0,3683.0,2316.0,2188.0,2378.0,2882.0,3036.0,109.0,2299.0,2526.0,648.0,1867.0,3101.0,1714.0,1496.0,8.0,627.0,2543.0,1403.0,3355.0,447.0,2732.0,798.0,3282.0,1277.0
1581.0,2576.0,2444.0,1151.0,772.0,2992.0,2604.0,2940.0,2099.0,580.0,2921.0,1204.0,1870.0,18.0,137.0,1279.0,2686.0,3835.0,2802.0,1645.0,2428.0,1843.0,425.0,932.0,3078.0
2487.0,1584.0,2303.0,719.0,476.0,3390.0,3488.0,603.0,1274.0,3272.0,2064.0,1364.0,362.0,1827.0,1223.0,3442.0,2304.0,2591.0,2739.0,2696.0,1346.0,351.0,196.0,1423.0,3368.0
3035.0,3772.0,1739.0,2704.0,1421.0,2791.0,313.0,1275.0,124.0,2325.0,3452.0,985.0,1881.0,230.0,2441.0,1065.0,1470.0,2905.0,3207.0,3410.0,3212.0,258.0,912.0,786.0,2220.0
2628.0,2776.0,1732.0,173.0,1229.0,2835.0,2198.0,3163.0,3084.0,104.0,912.0,162.0,2448.0,3092.0,2614.0,1093.0,3416.0,805.0,1421.0,2537.0,2995.0,1362.0,2940.0,152.0,641.0
502.0,3201.0,964.0,3566.0,1725.0,3361.0,1700.0,2954.0,557.0,863.0,2603.0,2658.0,2922.0,3610.0,2812.0,1217.0,1085.0,3702.0,1196.0,1099.0,1676.0,715.0,711.0,2616.0,1133.0
2600.0,3020.0,3485.0,1756.0,491.0,1071.0,102.0,1942.0,790.0,663.0,1156.0,3209.0,2347.0,1022.0,2351.0,2824.0,3334.0,3794.0,3619.0,1560.0,644.0,3208.0,3225.0,1120.0,1621.0
88.0,2744.0,3656.0,1958.0,2343.0,3771.0,739.0,653.0,1853.0,1953.0,2728.0,2798.0,433.0,2385.0,511.0,3091.0,3207.0,1004.0,1159.0,274.0,2683.0,2613.0,3357.0,631.0,131.0
2367.0,994.0,294.0,2553.0,1490.0,3488.0,2566.0,668.0,1377.0,225.0,1003.0,1278.0,791.0,3464.0,2610.0,3590.0,1472.0,1805.0,1694.0,2325.0,1907.0,1070.0,1357.0,183.0,302.0
2992.0,3054.0,1873.0,1992.0,1171.0,1271.0,3638.0,2905.0,3463.0,1074.0,2683.0,1391.0,231.0,3130.0,3817.0,804.0,2401.0,3074.0,949.0,1527.0,989.0,430.0,3785.0,1305.0,3432.0
697.0,3332.0,2364.0,697.0,697.0,1103.0,492.0,1024.0,697.0,1283.0,1883.0,3602.0,845.0,697.0,3339.0,697.0,122.0,697.0,3703.0,697.0,697.0,697.0,2563.0,1883.0,2549.0
2314.0,845.0,3616.0,1922.0,2853.0,1791.0,1426.0,1965.0,845.0,3093.0,845.0,1017.0,3817.0,3728.0,,734.0,3503.0,947.0,1274.0,615.0,3231.0,845.0,3565.0,2615.0,3627.0
2320.0,2930.0,850.0,3779.0,2355.0,2412.0,3240.0,3415.0,1265.0,1730.0,3532.0,1922.0,788.0,1397.0,,1908.0,477.0,1922.0,3529.0,947.0,3553.0,2314.0,2518.0,1283.0,1018.0
2776.0,2015.0,3447.0,201.0,2811.0,3632.0,1425.0,2476.0,1946.0,2427.0,1076.0,915.0,3362.0,1405.0,,1056.0,1791.0,801.0,2111.0,181.0,2813.0,1922.0,119.0,3780.0,1.0
719.0,1094.0,3578.0,1276.0,3414.0,2556.0,340.0,1923.0,1030.0,935.0,1273.0,2674.0,670.0,2574.0,,2245.0,3338.0,1735.0,3013.0,289.0,341.0,548.0,845.0,427.0,2412.0
573.0,2170.0,2138.0,936.0,3834.0,1957.0,1535.0,1274.0,3279.0,56.0,119.0,2703.0,1041.0,2710.0,,1379.0,857.0,1989.0,697.0,2056.0,2833.0,3817.0,48.0,432.0,1791.0
3629.0,2574.0,3080.0,2049.0,2111.0,2044.0,3551.0,3117.0,2020.0,1735.0,672.0,680.0,1042.0,52.0,,2621.0,3100.0,2172.0,898.0,1587.0,448.0,1799.0,3093.0,1551.0,294.0
1797.0,2138.0,2556.0,1041.0,3013.0,2574.0,3013.0,1910.0,1643.0,3817.0,3185.0,405.0,1934.0,1125.0,,1535.0,1318.0,845.0,3551.0,683.0,3544.0,3629.0,1732.0,3460.0,761.0
882.0,800.0,2169.0,2777.0,898.0,1403.0,2111.0,1065.0,1094.0,707.0,48.0,1181.0,305.0,2170.0,,2497.0,1802.0,2067.0,1535.0,3215.0,1426.0,573.0,1332.0,2810.0,3033.0
3241.0,775.0,2044.0,3221.0,3551.0,2017.0,898.0,2057.0,2170.0,2550.0,2518.0,3576.0,2038.0,1094.0,,880.0,3544.0,2020.0,1426.0,2927.0,898.0,2939.0,672.0,3554.0,882.0
1426.0,335.0,1094.0,3578.0,1535.0,3080.0,3554.0,3529.0,789.0,2749.0,853.0,3292.0,3615.0,3184.0,,1801.0,2412.0,2050.0,2810.0,3553.0,3013.0,585.0,2269.0,3013.0,697.0
3033.0,1058.0,2170.0,1906.0,882.0,3094.0,449.0,2067.0,2930.0,3215.0,2930.0,2488.0,2024.0,224.0,,3240.0,1842.0,306.0,449.0,3231.0,3551.0,2063.0,3578.0,898.0,3241.0
3476.0,3080.0,2574.0,1155.0,1426.0,1634.0,2761.0,2636.0,879.0,1191.0,2952.0,3570.0,1935.0,114.0,,1020.0,3119.0,2930.0,1316.0,448.0,2111.0,463.0,1600.0,1535.0,3555.0
3555.0,2020.0,3570.0,1136.0,339.0,3128.0,697.0,939.0,1076.0,3720.0,2847.0,3569.0,2930.0,3280.0,,3779.0,1666.0,802.0,3413.0,341.0,1535.0,464.0,1731.0,1426.0,1318.0
898.0,2050.0,335.0,1340.0,449.0,3543.0,3232.0,850.0,2657.0,2050.0,812.0,2919.0,1995.0,3286.0,,1426.0,0.0,2931.0,3554.0,2813.0,2810.0,465.0,2159.0,2111.0,1802.0
3551.0,1157.0,3113.0,1042.0,2549.0,1816.0,2810.0,2960.0,2050.0,2020.0,2269.0,3113.0,63.0,1922.0,,3551.0,1916.0,64.0,2549.0,447.0,3554.0,477.0,1041.0,3551.0,1918.0
3013.0,1158.0,845.0,3331.0,3554.0,2043.0,3413.0,70.0,3532.0,2930.0,1087.0,1138.0,2518.0,1283.0,,898.0,697.0,2953.0,3552.0,2833.0,1020.0,1683.0,1042.0,449.0,2927.0
2111.0,306.0,2020.0,176.0,1020.0,709.0,1021.0,3190.0,1273.0,1744.0,3481.0,1094.0,671.0,2190.0,,2810.0,3029.0,798.0,,455.0,3414.0,572.0,670.0,809.0,1426.0
1535.0,48.0,2050.0,1095.0,1975.0,708.0,2813.0,789.0,1640.0,845.0,77.0,2170.0,64.0,335.0,,3013.0,1012.0,3481.0,,2498.0,2811.0,777.0,3362.0,2056.0,2505.0
2810.0,2931.0,2930.0,2518.0,809.0,757.0,3231.0,2540.0,2955.0,1155.0,1884.0,845.0,2248.0,3252.0,,3554.0,1620.0,1640.0,,3544.0,1425.0,1908.0,2930.0,880.0,2314.0
3817.0,1076.0,2749.0,788.0,2832.0,562.0,447.0,690.0,788.0,672.0,1935.0,1160.0,1155.0,1957.0,,2111.0,2837.0,1273.0,,1426.0,3552.0,1692.0,3447.0,3552.0,3323.0
1279.0,802.0,910.0,1283.0,2810.0,2138.0,2833.0,3249.0,2076.0,1732.0,788.0,3447.0,3096.0,2044.0,,882.0,2550.0,1935.0,,1315.0,,1797.0,787.0,,2811.0
1318.0,64.0,1076.0,1447.0,3413.0,1157.0,2811.0,2194.0,446.0,3578.0,2955.0,335.0,350.0,2138.0,,2549.0,72.0,1906.0,,1019.0,,2776.0,350.0,,1020.0
449.0,672.0,306.0,1323.0,2812.0,289.0,1551.0,1376.0,3256.0,2823.0,445.0,1058.0,3121.0,2556.0,,2812.0,1388.0,3031.0,,,,2568.0,1095.0,,3414.0
809.0,3578.0,802.0,119.0,,1404.0,3553.0,735.0,154.0,2518.0,798.0,831.0,1071.0,3128.0,,,67.0,1639.0,,,,1104.0,487.0,,2748.0
3413.0,890.0,2931.0,2930.0,,1125.0,341.0,3400.0,445.0,1136.0,344.0,2020.0,2823.0,3543.0,,,798.0,1776.0,,,,466.0,1447.0,,454.0
3172.0,1265.0,801.0,1051.0,,2749.0,448.0,3361.0,604.0,63.0,1136.0,3541.0,1276.0,775.0,,,2842.0,3331.0,,,,3656.0,936.0,,340.0
2831.0,3481.0,3094.0,812.0,,2170.0,1020.0,1753.0,798.0,1731.0,1643.0,671.0,1095.0,1946.0,,,1709.0,1076.0,,,,3334.0,1276.0,,2813.0
1280.0,1273.0,775.0,48.0,,1094.0,3414.0,791.0,1728.0,119.0,1276.0,434.0,1136.0,234.0,,,1069.0,500.0,,,,2567.0,2248.0,,3231.0
3552.0,1640.0,1639.0,2608.0,,2169.0,339.0,3365.0,1332.0,2248.0,671.0,3221.0,3120.0,708.0,,,3218.0,2077.0,,,,3703.0,63.0,,3553.0
,1733.0,3031.0,434.0,,3097.0,2832.0,2343.0,1744.0,350.0,3817.0,2770.0,3331.0,2169.0,,,2565.0,446.0,,,,2020.0,935.0,,448.0
,2608.0,2049.0,2494.0,,1527.0,882.0,2687.0,3481.0,1276.0,2076.0,201.0,316.0,479.0,,,734.0,77.0,,,,1273.0,201.0,,447.0
,3532.0,1776.0,2770.0,,1283.0,1019.0,3577.0,77.0,1095.0,1051.0,1095.0,201.0,917.0,,,2563.0,1744.0,,,,2574.0,64.0,,2833.0
,798.0,1273.0,350.0,,2159.0,,832.0,64.0,487.0,1732.0,2248.0,2049.0,709.0,,,1816.0,890.0,,,,445.0,3221.0,,2498.0
,1639.0,1640.0,2248.0,,294.0,,412.0,1136.0,1447.0,2608.0,350.0,2020.0,2749.0,,,708.0,772.0,,,,2050.0,1483.0,,898.0
,1643.0,798.0,63.0,,1757.0,,130.0,890.0,201.0,63.0,1041.0,2050.0,3080.0,,,3482.0,305.0,,,,306.0,788.0,,3013.0
,1730.0,890.0,405.0,,2244.0,,634.0,802.0,3331.0,64.0,1276.0,306.0,2343.0,,,2644.0,2853.0,,,,2930.0,671.0,,3551.0
,344.0,3624.0,2703.0,,3406.0,,1068.0,1776.0,2016.0,707.0,487.0,879.0,2727.0,,,1988.0,3128.0,,,,1076.0,1156.0,,2111.0
,1642.0,3057.0,3600.0,,3720.0,,2255.0,2931.0,3576.0,3362.0,1447.0,3481.0,50.0,,,70.0,2138.0,,,,2023.0,542.0,,2810.0
,671.0,1730.0,306.0,,3595.0,,3150.0,772.0,3221.0,1995.0,63.0,1273.0,1772.0,,,1797.0,800.0,,,,717.0,1136.0,,1535.0
,1728.0,1731.0,1731.0,,2015.0,,2595.0,1125.0,434.0,715.0,2518.0,48.0,3262.0,,,3358.0,3080.0,,,,2049.0,2103.0,,449.0
,772.0,2159.0,1935.0,,1397.0,,168.0,673.0,1906.0,3331.0,936.0,1640.0,1554.0,,,757.0,1733.0,,,,1640.0,3096.0,,3554.0
,119.0,3093.0,3120.0,,2930.0,,621.0,21.0,671.0,1744.0,788.0,77.0,2013.0,,,2402.0,2749.0,,,,3481.0,1665.0,,3552.0
,1136.0,64.0,77.0,,3256.0,,639.0,119.0,1956.0,2020.0,119.0,3578.0,1816.0,,,3477.0,1816.0,,,,3031.0,1906.0,,
,3817.0,3175.0,218.0,,1044.0,,1563.0,306.0,3096.0,2170.0,1136.0,3221.0,1501.0,,,775.0,3482.0,,,,1639.0,1071.0,,
,77.0,2023.0,2020.0,,1076.0,,3515.0,48.0,788.0,154.0,3600.0,798.0,2164.0,,,448.0,3543.0,,,,343.0,2789.0,,
,1744.0,1936.0,671.0,,879.0,,890.0,2608.0,1574.0,1728.0,3578.0,434.0,562.0,,,2813.0,2574.0,,,,2952.0,3331.0,,
,2842.0,3331.0,798.0,,1744.0,,2068.0,2777.0,3541.0,3541.0,3565.0,2770.0,1888.0,,,3553.0,2167.0,,,,1936.0,434.0,,
,3331.0,1679.0,2823.0,,1058.0,,3151.0,1639.0,673.0,673.0,3096.0,2269.0,392.0,,,3231.0,2585.0,,,,3331.0,3600.0,,
,2955.0,3538.0,2050.0,,2021.0,,1948.0,3120.0,405.0,1498.0,445.0,2016.0,1004.0,,,1315.0,45.0,,,,1521.0,873.0,,
,193.0,673.0,2863.0,,2343.0,,257.0,63.0,3292.0,201.0,1042.0,1956.0,801.0,,,1535.0,3186.0,,,,948.0,812.0,,
,52.0,1332.0,1273.0,,3365.0,,2635.0,2518.0,670.0,3221.0,2016.0,1732.0,1735.0,,,1019.0,2218.0,,,,1744.0,2770.0,,
,1087.0,3362.0,1069.0,,1954.0,,2051.0,3093.0,3362.0,434.0,1906.0,715.0,238.0,,,,907.0,,,,3532.0,679.0,,
,2076.0,1615.0,487.0,,2067.0,,1449.0,3331.0,1181.0,2770.0,64.0,2608.0,391.0,,,,2859.0,,,,2749.0,1935.0,,
,154.0,2427.0,1735.0,,785.0,,3275.0,671.0,1042.0,2016.0,2930.0,119.0,2204.0,,,,120.0,,,,2170.0,3817.0,,
,445.0,300.0,2016.0,,1640.0,,2318.0,2863.0,1041.0,2248.0,542.0,1447.0,2616.0,,,,2615.0,,,,1094.0,1865.0,,
,1003.0,1744.0,672.0,,2020.0,,2544.0,1069.0,3447.0,1095.0,56.0,1906.0,1959.0,,,,2168.0,,,,1537.0,3538.0,,
,1551.0,1155.0,845.0,,1273.0,,2966.0,500.0,812.0,350.0,2863.0,672.0,2869.0,,,,1087.0,,,,48.0,2823.0,,
,1935.0,1197.0,3093.0,,2050.0,,3270.0,1733.0,542.0,1532.0,812.0,542.0,128.0,,,,1884.0,,,,2427.0,2488.0,,
,1995.0,350.0,3203.0,,3031.0,,1636.0,2847.0,3287.0,1447.0,3057.0,812.0,2203.0,,,,3263.0,,,,64.0,3418.0,,
,427.0,1935.0,3096.0,,3481.0,,1076.0,1600.0,2710.0,3378.0,1155.0,2777.0,3739.0,,,,2165.0,,,,488.0,488.0,,
,3185.0,63.0,2710.0,,1958.0,,587.0,2159.0,3600.0,405.0,995.0,1051.0,2852.0,,,,2202.0,,,,1155.0,3120.0,,
,1934.0,2248.0,3615.0,,3578.0,,1816.0,2609.0,2369.0,1181.0,3287.0,1731.0,1003.0,,,,2584.0,,,,2769.0,3541.0,,
,22.0,2789.0,1332.0,,3532.0,,1238.0,2016.0,3057.0,3600.0,1705.0,936.0,2014.0,,,,3260.0,,,,1340.0,673.0,,
,1403.0,201.0,64.0,,1087.0,,2972.0,3576.0,2269.0,3576.0,1899.0,1829.0,1887.0,,,,1709.0,,,,1829.0,2514.0,,
,1155.0,1095.0,2269.0,,3185.0,,3482.0,1181.0,936.0,1094.0,1520.0,787.0,631.0,,,,3342.0,,,,1934.0,2479.0,,
,1051.0,1447.0,3576.0,,2955.0,,3606.0,1956.0,787.0,3252.0,2823.0,3203.0,2615.0,,,,2024.0,,,,734.0,1360.0,,
,3501.0,936.0,1829.0,,1776.0,,879.0,3578.0,1156.0,3578.0,2789.0,2607.0,1884.0,,,,3615.0,,,,1798.0,3570.0,,
,3362.0,3221.0,488.0,,1643.0,,1442.0,1051.0,3418.0,1641.0,3538.0,3175.0,3153.0,,,,495.0,,,,1732.0,3057.0,,
,2749.0,3576.0,1732.0,,2859.0,,1403.0,728.0,1728.0,1155.0,3418.0,1069.0,3733.0,,,,1995.0,,,,344.0,652.0,,
,742.0,3096.0,1642.0,,2167.0,,2574.0,3501.0,3531.0,1956.0,1323.0,1936.0,3731.0,,,,715.0,,,,1642.0,405.0,,
,3740.0,3501.0,1639.0,,907.0,,1094.0,487.0,64.0,1041.0,3817.0,2023.0,3713.0,,,,3341.0,,,,2843.0,1181.0,,
,3265.0,1276.0,2952.0,,959.0,,2170.0,1095.0,1071.0,1865.0,3362.0,2952.0,3533.0,,,,1069.0,,,,1643.0,2706.0,,
,125.0,3120.0,772.0,,2077.0,,800.0,1641.0,2607.0,416.0,169.0,1639.0,2200.0,,,,1041.0,,,,335.0,3576.0,,
,2098.0,542.0,3817.0,,1615.0,,845.0,1447.0,488.0,1640.0,1540.0,1615.0,1252.0,,,,2038.0,,,,1733.0,1155.0,,
,2199.0,812.0,445.0,,3467.0,,3094.0,201.0,1846.0,1906.0,2710.0,802.0,3264.0,,,,1051.0,,,,2608.0,3287.0,,
,446.0,788.0,2425.0,,121.0,,2015.0,2823.0,1935.0,2823.0,3093.0,2931.0,2860.0,,,,2863.0,,,,3274.0,2710.0,,
,597.0,1906.0,3481.0,,125.0,,2020.0,672.0,445.0,3570.0,3398.0,2425.0,1418.0,,,,2518.0,,,,3578.0,3398.0,,
,2165.0,1321.0,3541.0,,1402.0,,2050.0,1041.0,1705.0,2710.0,159.0,1728.0,2199.0,,,,2049.0,,,,2847.0,680.0,,
,2077.0,715.0,1641.0,,3093.0,,1273.0,3096.0,3203.0,1639.0,3531.0,2851.0,2744.0,,,,3362.0,,,,2138.0,159.0,,
,2564.0,2823.0,1956.0,,1294.0,,1640.0,3203.0,1639.0,2777.0,2726.0,1733.0,2659.0,,,,631.0,,,,1909.0,561.0,,
,3260.0,1051.0,500.0,,2218.0,,2931.0,1155.0,2471.0,3203.0,2773.0,1727.0,3238.0,,,,1643.0,,,,119.0,94.0,,
,1430.0,3097.0,1640.0,,488.0,,3481.0,350.0,3602.0,2238.0,3066.0,2609.0,1421.0,,,,1402.0,,,,2953.0,288.0,,
,305.0,2249.0,3538.0,,343.0,,2749.0,2248.0,3538.0,3120.0,2534.0,3600.0,1087.0,,,,1154.0,,,,3272.0,2608.0,,
,1829.0,1641.0,3031.0,,2952.0,,2930.0,3121.0,1995.0,542.0,165.0,3398.0,2198.0,,,,1136.0,,,,1956.0,1728.0,,
,2023.0,1136.0,715.0,,2843.0,,1482.0,3221.0,795.0,3057.0,1130.0,488.0,2012.0,,,,2769.0,,,,3543.0,199.0,,
,853.0,1956.0,305.0,,1731.0,,1733.0,3538.0,2479.0,1332.0,2369.0,2427.0,3342.0,,,,3120.0,,,,2556.0,574.0,,
,1397.0,1041.0,2607.0,,64.0,,1643.0,1732.0,1332.0,1829.0,1532.0,1744.0,2626.0,,,,344.0,,,,305.0,3121.0,,
,2426.0,48.0,1776.0,,1732.0,,1087.0,3600.0,1899.0,2023.0,65.0,445.0,3265.0,,,,345.0,,,,2425.0,651.0,,
,2174.0,3203.0,1609.0,,2615.0,,1744.0,3362.0,1641.0,2488.0,2323.0,1609.0,3185.0,,,,1732.0,,,,428.0,2016.0,,
,2843.0,487.0,2024.0,,1332.0,,3031.0,1615.0,715.0,1042.0,787.0,679.0,2077.0,,,,50.0,,,,77.0,1956.0,,
,2607.0,3489.0,1733.0,,1642.0,,48.0,1731.0,2777.0,2607.0,1156.0,2863.0,757.0,,,,1957.0,,,,1634.0,2609.0,,
,1727.0,3332.0,2038.0,,3331.0,,775.0,1156.0,1643.0,2574.0,3489.0,3057.0,2858.0,,,,1887.0,,,,2931.0,2364.0,,
,120.0,3817.0,1934.0,,3538.0,,1642.0,1800.0,658.0,305.0,2479.0,1332.0,2280.0,,,,2200.0,,,,802.0,2369.0,,
,2014.0,2777.0,3362.0,,3186.0,,772.0,3541.0,305.0,670.0,1987.0,853.0,2981.0,,,,2198.0,,,,890.0,3531.0,,
,2202.0,2952.0,1643.0,,2585.0,,2955.0,1276.0,798.0,2024.0,2050.0,2955.0,3261.0,,,,2882.0,,,,1728.0,1705.0,,
,1118.0,1340.0,2427.0,,2202.0,,3532.0,1532.0,1532.0,1934.0,1731.0,795.0,587.0,,,,1419.0,,,,798.0,3602.0,,
,2049.0,405.0,679.0,,2199.0,,1935.0,3057.0,22.0,3615.0,1732.0,1643.0,1045.0,,,,1934.0,,,,500.0,2607.0,,
,343.0,1181.0,1728.0,,1003.0,,119.0,542.0,679.0,3458.0,1069.0,2710.0,2202.0,,,,2564.0,,,,1935.0,1609.0,,
,2952.0,1829.0,670.0,,631.0,,2269.0,2607.0,3120.0,3175.0,1744.0,1641.0,3778.0,,,,2012.0,,,,1051.0,795.0,,
,1936.0,3105.0,542.0,,1887.0,,1332.0,2710.0,2851.0,1936.0,2695.0,344.0,2882.0,,,,1042.0,,,,542.0,1023.0,,
,1615.0,1728.0,1615.0,,3153.0,,77.0,2369.0,2843.0,1733.0,2169.0,3541.0,2561.0,,,,488.0,,,,2197.0,2020.0,,
,1420.0,3287.0,1995.0,,120.0,,1634.0,2695.0,1727.0,2943.0,1600.0,673.0,1637.0,,,,2166.0,,,,134.0,2851.0,,
,1732.0,1209.0,3715.0,,2168.0,,306.0,2378.0,1934.0,2049.0,1935.0,890.0,120.0,,,,2556.0,,,,1042.0,1846.0,,
,45.0,163.0,742.0,,2012.0,,1709.0,405.0,316.0,2749.0,3097.0,1076.0,3239.0,,,,2063.0,,,,2565.0,65.0,,
,2584.0,2518.0,2955.0,,3341.0,,64.0,434.0,2488.0,3093.0,1321.0,3501.0,125.0,,,,3096.0,,,,2777.0,3615.0,,
,3722.0,77.0,3532.0,,427.0,,2953.0,1906.0,3121.0,1731.0,3680.0,1642.0,2575.0,,,,335.0,,,,1615.0,2023.0,,
,1332.0,159.0,446.0,,3265.0,,1934.0,550.0,48.0,3398.0,1846.0,3538.0,393.0,,,,2014.0,,,,2125.0,3292.0,,
,1956.0,3481.0,1744.0,,2165.0,,3331.0,2770.0,2770.0,3538.0,652.0,3093.0,1247.0,,,,427.0,,,,1282.0,2773.0,,
,1884.0,671.0,3378.0,,3263.0,,446.0,1865.0,3398.0,1609.0,193.0,3056.0,899.0,,,,125.0,,,,3355.0,1532.0,,
,1957.0,3541.0,2170.0,,2759.0,,305.0,1995.0,159.0,1642.0,252.0,3532.0,1420.0,,,,119.0,,,,2607.0,2323.0,,
,2425.0,800.0,1730.0,,2584.0,,798.0,2427.0,1600.0,2425.0,240.0,2170.0,3732.0,,,,1332.0,,,,586.0,990.0,,
,2478.0,1498.0,3057.0,,45.0,,335.0,715.0,1094.0,3096.0,152.0,1094.0,2168.0,,,,2955.0,,,,345.0,3489.0,,
,1294.0,1600.0,1087.0,,46.0,,3093.0,2269.0,2170.0,306.0,48.0,2488.0,45.0,,,,3093.0,,,,1727.0,1094.0,,
,907.0,672.0,2098.0,,3746.0,,1136.0,345.0,2049.0,2138.0,651.0,405.0,1419.0,,,,2427.0,,,,1069.0,2170.0,,
,715.0,2016.0,1883.0,,731.0,,500.0,2762.0,193.0,500.0,1679.0,3576.0,3263.0,,,,562.0,,,,672.0,1017.0,,
,1041.0,119.0,3260.0,,52.0,,344.0,3175.0,1615.0,488.0,2608.0,652.0,1552.0,,,,2777.0,,,,3715.0,1829.0,,
,788.0,3532.0,1709.0,,2659.0,,22.0,1935.0,3207.0,2218.0,3784.0,3447.0,3465.0,,,,788.0,,,,1041.0,445.0,,
,2615.0,2608.0,3175.0,,2166.0,,3615.0,305.0,2169.0,2050.0,1071.0,193.0,3186.0,,,,48.0,,,,201.0,240.0,,
,345.0,3600.0,1936.0,,1578.0,,1732.0,159.0,306.0,343.0,795.0,1360.0,2585.0,,,,3578.0,,,,936.0,1520.0,,
,3096.0,1642.0,2023.0,,1818.0,,853.0,193.0,591.0,2222.0,2364.0,680.0,121.0,,,,1615.0,,,,1136.0,2427.0,,
,3031.0,2425.0,1094.0,,1883.0,,802.0,1846.0,500.0,1360.0,1960.0,1181.0,2165.0,,,,2159.0,,,,3096.0,2169.0,,
,488.0,134.0,199.0,,3260.0,,3362.0,1709.0,879.0,3031.0,670.0,2323.0,2584.0,,,,2565.0,,,,2016.0,1397.0,,
,2556.0,1042.0,1125.0,,77.0,,1776.0,1087.0,1051.0,2369.0,1730.0,3715.0,2583.0,,,,708.0,,,,1095.0,550.0,,
,3458.0,488.0,2749.0,,586.0,,2842.0,1735.0,3175.0,348.0,2049.0,3207.0,1118.0,,,,1094.0,,,,3501.0,1359.0,,
,2218.0,445.0,853.0,,3342.0,,1639.0,812.0,1936.0,156.0,306.0,335.0,1885.0,,,,2169.0,,,,1641.0,335.0,,
,2585.0,3615.0,279.0,,715.0,,3281.0,343.0,2023.0,2931.0,1332.0,2067.0,2166.0,,,,3057.0,,,,1447.0,1995.0,,
,1776.0,305.0,1865.0,,3763.0,,715.0,2023.0,1829.0,2427.0,3203.0,446.0,2857.0,,,,3175.0,,,,163.0,2726.0,,
,3186.0,670.0,343.0,,1420.0,,1995.0,2853.0,2425.0,2843.0,910.0,2076.0,3110.0,,,,3264.0,,,,3538.0,2534.0,,
,155.0,3227.0,3398.0,,1051.0,,2049.0,3280.0,1273.0,345.0,783.0,416.0,3051.0,,,,763.0,,,,3362.0,3563.0,,
,3128.0,434.0,2882.0,,1733.0,,2167.0,2049.0,77.0,1071.0,3558.0,154.0,1251.0,,,,2269.0,,,,598.0,1841.0,,
,3543.0,2488.0,2843.0,,1136.0,,2585.0,2574.0,1640.0,1615.0,879.0,2847.0,588.0,,,,959.0,,,,679.0,1198.0,,
,50.0,1532.0,345.0,,1369.0,,2077.0,2249.0,3481.0,2919.0,1640.0,1340.0,3341.0,,,,1883.0,,,,3484.0,3680.0,,
,121.0,2919.0,163.0,,1553.0,,3543.0,3531.0,3281.0,199.0,199.0,3252.0,907.0,,,,2013.0,,,,350.0,3281.0,,
,3538.0,2770.0,1727.0,,3184.0,,2218.0,3207.0,561.0,1125.0,3121.0,1600.0,3155.0,,,,2044.0,,,,2248.0,988.0,,
,2167.0,416.0,3489.0,,798.0,,907.0,1705.0,2931.0,159.0,500.0,2479.0,1160.0,,,,3185.0,,,,2789.0,3569.0,,
,1071.0,3418.0,1397.0,,788.0,,3186.0,3570.0,1733.0,3447.0,798.0,159.0,1867.0,,,,1248.0,,,,1276.0,585.0,,
,673.0,1315.0,335.0,,845.0,,120.0,935.0,1069.0,1727.0,3481.0,2843.0,1157.0,,,,3651.0,,,,1731.0,2676.0,,
,2953.0,2269.0,344.0,,48.0,,2202.0,783.0,1321.0,265.0,77.0,2919.0,46.0,,,,1800.0,,,,907.0,337.0,,
,2561.0,2607.0,3121.0,,1995.0,,631.0,801.0,3715.0,1730.0,1728.0,3570.0,586.0,,,,586.0,,,,2823.0,1604.0,,
,3093.0,65.0,1071.0,,673.0,,1887.0,2919.0,1360.0,3121.0,256.0,1498.0,2109.0,,,,1118.0,,,,3221.0,1069.0,,
,3467.0,446.0,2609.0,,2049.0,,2165.0,2843.0,802.0,2789.0,1955.0,772.0,3466.0,,,,1397.0,,,,1906.0,2863.0,,
,670.0,343.0,2769.0,,2931.0,,2615.0,3398.0,801.0,1340.0,3207.0,1138.0,2100.0,,,,853.0,,,,2370.0,879.0,,
,1218.0,2953.0,673.0,,306.0,,3263.0,2945.0,2952.0,2479.0,1933.0,2842.0,237.0,,,,2843.0,,,,788.0,1744.0,,
,3227.0,428.0,3281.0,,446.0,,2168.0,2231.0,199.0,1069.0,1273.0,1709.0,1883.0,,,,2607.0,,,,597.0,452.0,,
,679.0,1643.0,2762.0,,772.0,,2199.0,22.0,3097.0,65.0,2269.0,1776.0,2201.0,,,,1272.0,,,,1743.0,3066.0,,
,2168.0,500.0,134.0,,1934.0,,3748.0,1727.0,2773.0,446.0,2023.0,500.0,492.0,,,,679.0,,,,279.0,193.0,,
,2012.0,1727.0,775.0,,1935.0,,3185.0,1936.0,2323.0,679.0,3331.0,1087.0,1086.0,,,,2952.0,,,,2218.0,1987.0,,
,3466.0,3715.0,169.0,,2842.0,,45.0,2323.0,3105.0,3260.0,1051.0,2098.0,3260.0,,,,3466.0,,,,3186.0,1595.0,,
,3342.0,1520.0,3575.0,,3120.0,,3342.0,1642.0,484.0,2038.0,3256.0,345.0,1744.0,,,,2759.0,,,,1883.0,56.0,,
,1600.0,240.0,159.0,,1936.0,,2859.0,1679.0,3771.0,2564.0,550.0,1846.0,597.0,,,,343.0,,,,3541.0,3101.0,,
,1731.0,1934.0,2582.0,,3175.0,,3262.0,488.0,3501.0,3097.0,1360.0,199.0,2017.0,,,,2023.0,,,,673.0,586.0,,
,1419.0,1995.0,2931.0,,2023.0,,1003.0,2514.0,2990.0,1955.0,1125.0,3260.0,1294.0,,,,1642.0,,,,2589.0,2086.0,,
,2269.0,3565.0,2851.0,,2269.0,,2584.0,3458.0,169.0,1679.0,2568.0,2167.0,2219.0,,,,1958.0,,,,1285.0,2049.0,,
,2583.0,1069.0,22.0,,1639.0,,3153.0,3615.0,651.0,2769.0,1615.0,1402.0,1553.0,,,,672.0,,,,3378.0,1615.0,,
,2201.0,2863.0,787.0,,853.0,,2200.0,1042.0,1955.0,787.0,715.0,2574.0,1005.0,,,,3532.0,,,,2955.0,2104.0,,
,1197.0,2769.0,802.0,,119.0,,1957.0,670.0,680.0,907.0,1995.0,2218.0,1877.0,,,,52.0,,,,3406.0,3771.0,,
,2565.0,344.0,2853.0,,445.0,,2166.0,724.0,256.0,2098.0,1498.0,381.0,685.0,,,,1403.0,,,,3203.0,316.0,,
,2853.0,2955.0,3287.0,,2565.0,,3501.0,1829.0,3167.0,155.0,2777.0,1551.0,3251.0,,,,2170.0,,,,3570.0,1321.0,,
,1330.0,1397.0,1846.0,,305.0,,427.0,787.0,799.0,428.0,2607.0,1883.0,1006.0,,,,2199.0,,,,405.0,1679.0,,
,1272.0,3121.0,1076.0,,3482.0,,1884.0,1294.0,1776.0,3565.0,2851.0,1420.0,3457.0,,,,1294.0,,,,1498.0,715.0,,
,2859.0,787.0,1600.0,,1272.0,,3227.0,2425.0,2608.0,2514.0,1595.0,428.0,327.0,,,,121.0,,,,3260.0,2038.0,,
,3074.0,1071.0,21.0,,800.0,,125.0,265.0,652.0,3258.0,2843.0,2615.0,845.0,,,,1829.0,,,,1332.0,1130.0,,
,3121.0,2609.0,1532.0,,801.0,,2564.0,163.0,2609.0,3186.0,1727.0,1679.0,1248.0,,,,787.0,,,,487.0,2050.0,,
,1641.0,2024.0,3056.0,,775.0,,345.0,2024.0,2919.0,959.0,1841.0,2202.0,395.0,,,,3265.0,,,,1323.0,1727.0,,
,1095.0,2038.0,1483.0,,282.0,,2759.0,316.0,3570.0,3543.0,3056.0,2584.0,2366.0,,,,3538.0,,,,2269.0,1730.0,,
,2248.0,2710.0,734.0,,890.0,,3080.0,2952.0,995.0,2585.0,1453.0,907.0,2759.0,,,,673.0,,,,3398.0,3203.0,,
,2518.0,2540.0,2953.0,,2608.0,,2098.0,416.0,3680.0,2012.0,1023.0,2426.0,2859.0,,,,63.0,,,,561.0,1936.0,,
,350.0,3281.0,890.0,,2607.0,,3261.0,344.0,1679.0,2953.0,988.0,1294.0,742.0,,,,1731.0,,,,1776.0,2952.0,,
,201.0,3398.0,907.0,,1069.0,,1265.0,427.0,3080.0,2167.0,2472.0,1800.0,2218.0,,,,1420.0,,,,800.0,2965.0,,
,1006.0,2762.0,428.0,,2863.0,,731.0,936.0,65.0,1402.0,1591.0,343.0,394.0,,,,2098.0,,,,3120.0,3175.0,,
,1447.0,907.0,3501.0,,2762.0,,2882.0,2479.0,2305.0,2615.0,488.0,2953.0,772.0,,,,2219.0,,,,2965.0,2425.0,,
,3489.0,1483.0,795.0,,2076.0,,3341.0,279.0,780.0,1218.0,672.0,2585.0,3532.0,,,,1936.0,,,,2609.0,1502.0,,
,2769.0,853.0,3332.0,,1155.0,,2853.0,2426.0,1358.0,1294.0,927.0,2589.0,154.0,,,,445.0,,,,1995.0,1051.0,,
,787.0,795.0,3447.0,,63.0,,562.0,1703.0,2024.0,1885.0,2680.0,3341.0,2930.0,,,,3227.0,,,,3576.0,77.0,,
,3203.0,22.0,193.0,,2769.0,,2777.0,2488.0,335.0,1600.0,2990.0,3850.0,1076.0,,,,1727.0,,,,63.0,1850.0,,
,1276.0,879.0,2885.0,,2609.0,,238.0,1955.0,1704.0,2565.0,2471.0,120.0,1273.0,,,,300.0,,,,2710.0,2769.0,,
,2109.0,772.0,2426.0,,1709.0,,2556.0,2565.0,3569.0,335.0,2772.0,2077.0,2694.0,,,,3365.0,,,,427.0,2487.0,,
,2710.0,2479.0,800.0,,3096.0,,3128.0,2494.0,2732.0,2859.0,1510.0,3186.0,1113.0,,,,201.0,,,,3057.0,515.0,,
,3120.0,193.0,801.0,,1600.0,,155.0,1071.0,1498.0,2230.0,965.0,45.0,427.0,,,,2078.0,,,,2882.0,76.0,,
,651.0,679.0,2850.0,,2514.0,,50.0,1934.0,2863.0,2584.0,3326.0,1884.0,2487.0,,,,2248.0,,,,1539.0,2603.0,,
,2777.0,345.0,2159.0,,672.0,,282.0,3447.0,1058.0,1800.0,1335.0,3031.0,132.0,,,,1276.0,,,,1398.0,408.0,,
,3541.0,2843.0,2015.0,,2024.0,,557.0,2769.0,2955.0,121.0,3397.0,2514.0,119.0,,,,1095.0,,,,2518.0,500.0,,
,159.0,2253.0,300.0,,2038.0,,2024.0,2851.0,3489.0,2202.0,673.0,3466.0,3720.0,,,,350.0,,,,496.0,306.0,,
,403.0,734.0,430.0,,3362.0,,1282.0,2953.0,2789.0,2109.0,2609.0,2012.0,1776.0,,,,1743.0,,,,434.0,279.0,,
,3570.0,1733.0,831.0,,3615.0,,1730.0,3031.0,783.0,1118.0,679.0,2200.0,1293.0,,,,132.0,,,,2488.0,1453.0,,
,1402.0,199.0,56.0,,1955.0,,1402.0,853.0,134.0,2762.0,170.0,1418.0,51.0,,,,487.0,,,,2770.0,2945.0,,
,542.0,1087.0,1398.0,,51.0,,801.0,2038.0,3189.0,163.0,1609.0,3342.0,1265.0,,,,1447.0,,,,3211.0,783.0,,
,466.0,2167.0,2253.0,,1728.0,,1272.0,3281.0,2364.0,1453.0,1359.0,496.0,2167.0,,,,3501.0,,,,671.0,2777.0,,
,134.0,3260.0,574.0,,1041.0,,2012.0,1730.0,2378.0,120.0,1159.0,132.0,1402.0,,,,1641.0,,,,1181.0,802.0,,
,1042.0,1402.0,2369.0,,1042.0,,586.0,1340.0,2883.0,45.0,1936.0,427.0,758.0,,,,1574.0,,,,3531.0,2931.0,,
,428.0,2847.0,1430.0,,466.0,,495.0,134.0,343.0,1743.0,2952.0,348.0,1403.0,,,,3620.0,,,,812.0,345.0,,
,156.0,2885.0,156.0,,3227.0,,1418.0,3287.0,1520.0,795.0,1117.0,125.0,3467.0,,,,2109.0,,,,1516.0,2843.0,,
,812.0,1709.0,3279.0,,201.0,,1051.0,679.0,2534.0,2583.0,3175.0,631.0,432.0,,,,1730.0,,,,234.0,734.0,,
,2166.0,2426.0,2564.0,,3221.0,,3546.0,907.0,774.0,1420.0,561.0,3227.0,1404.0,,,,2884.0,,,,2514.0,2249.0,,
,2514.0,1294.0,2479.0,,805.0,,3545.0,428.0,2494.0,2077.0,1234.0,1899.0,1551.0,,,,795.0,,,,2863.0,2024.0,,
,495.0,3279.0,3097.0,,2777.0,,3538.0,1453.0,3532.0,1403.0,3281.0,3185.0,959.0,,,,1578.0,,,,1016.0,1934.0,,
,1906.0,2842.0,2169.0,,2063.0,,2014.0,652.0,2769.0,597.0,2945.0,1146.0,1643.0,,,,1553.0,,,,599.0,1733.0,,
,3447.0,1360.0,879.0,,1884.0,,2843.0,1609.0,2015.0,806.0,780.0,1743.0,852.0,,,,734.0,,,,772.0,1639.0,,
,2044.0,2615.0,3167.0,,679.0,,428.0,2749.0,1642.0,3129.0,2676.0,2174.0,1088.0,,,,2583.0,,,,2759.0,305.0,,
,2567.0,3185.0,763.0,,3447.0,,3184.0,1360.0,344.0,3184.0,2078.0,3565.0,598.0,,,,597.0,,,,1709.0,3481.0,,
,163.0,2098.0,2789.0,,403.0,,2198.0,199.0,2953.0,3342.0,1340.0,1118.0,731.0,,,,479.0,,,,1532.0,1273.0,,
,1743.0,2565.0,1282.0,,1398.0,,1641.0,2789.0,3094.0,2556.0,1483.0,2165.0,2955.0,,,,2710.0,,,,1430.0,1640.0,,
,1443.0,2076.0,1156.0,,2583.0,,1883.0,574.0,2762.0,3128.0,973.0,2166.0,2076.0,,,,155.0,,,,1087.0,446.0,,
,1636.0,154.0,3531.0,,2200.0,,2426.0,1146.0,3031.0,50.0,2378.0,2565.0,806.0,,,,428.0,,,,1294.0,1076.0,,
,3600.0,3258.0,3077.0,,1888.0,,3447.0,3378.0,345.0,708.0,1829.0,1885.0,3237.0,,,,1728.0,,,,1360.0,2762.0,,
,1398.0,1420.0,3570.0,,2248.0,,193.0,65.0,21.0,2199.0,572.0,3129.0,344.0,,,,2575.0,,,,3175.0,1776.0,,
,2857.0,2859.0,2565.0,,2355.0,,1735.0,1397.0,1483.0,52.0,574.0,806.0,305.0,,,,156.0,,,,479.0,1643.0,,
,1633.0,1883.0,427.0,,2518.0,,2659.0,496.0,428.0,3265.0,3120.0,731.0,446.0,,,,238.0,,,,283.0,3532.0,,
,2427.0,1283.0,2514.0,,3545.0,,2427.0,2564.0,853.0,403.0,586.0,1532.0,345.0,,,,709.0,,,,2545.0,2955.0,,
,763.0,403.0,1453.0,,742.0,,230.0,795.0,800.0,1418.0,688.0,1218.0,2020.0,,,,2857.0,,,,1287.0,344.0,,
,2823.0,2077.0,652.0,,1118.0,,2021.0,335.0,772.0,3546.0,3321.0,2109.0,445.0,,,,1398.0,,,,2544.0,2953.0,,
,2919.0,2202.0,2919.0,,1487.0,,2044.0,3332.0,446.0,1419.0,466.0,121.0,343.0,,,,3279.0,,,,160.0,343.0,,
,652.0,2165.0,1181.0,,1679.0,,2038.0,1430.0,1138.0,125.0,1604.0,156.0,1642.0,,,,2355.0,,,,446.0,1641.0,,
,1498.0,2166.0,1705.0,,2857.0,,1344.0,3260.0,3113.0,631.0,2931.0,1006.0,48.0,,,,2461.0,,,,2591.0,22.0,,
,2863.0,121.0,65.0,,1829.0,,3057.0,2253.0,831.0,427.0,2769.0,3263.0,1733.0,,,,2823.0,,,,1847.0,21.0,,
,393.0,156.0,496.0,,2823.0,,1370.0,734.0,1076.0,1887.0,2762.0,279.0,2843.0,,,,2425.0,,,,2622.0,1642.0,,
,1138.0,1118.0,2077.0,,3178.0,,788.0,2167.0,890.0,2063.0,802.0,2583.0,1640.0,,,,2589.0,,,,2964.0,3031.0,,
,2200.0,2564.0,2695.0,,335.0,,3016.0,1883.0,2249.0,1957.0,734.0,1955.0,3481.0,,,,1885.0,,,,1315.0,1340.0,,
,1360.0,120.0,2076.0,,1727.0,,2567.0,806.0,2038.0,2882.0,2024.0,3546.0,3031.0,,,,1071.0,,,,1286.0,772.0,,
,496.0,45.0,154.0,,3576.0,,2013.0,1118.0,300.0,51.0,2038.0,3545.0,1398.0,,,,3221.0,,,,154.0,1709.0,,
,3057.0,2585.0,1800.0,,279.0,,1420.0,597.0,1397.0,3207.0,1934.0,597.0,282.0,,,,1377.0,,,,2076.0,134.0,,
,586.0,3342.0,2574.0,,2078.0,,53.0,1402.0,2853.0,2200.0,22.0,432.0,2050.0,,,,3489.0,,,,652.0,2426.0,,
,3207.0,2218.0,1402.0,,2253.0,,3134.0,156.0,910.0,496.0,305.0,2882.0,2863.0,,,,831.0,,,,670.0,2853.0,,
,1069.0,2584.0,1955.0,,734.0,,679.0,3185.0,2885.0,1430.0,3615.0,2222.0,3578.0,,,,731.0,,,,2024.0,853.0,,
,1369.0,3186.0,1058.0,,392.0,,300.0,2077.0,734.0,879.0,345.0,65.0,1727.0,,,,3203.0,,,,3615.0,801.0,,
,348.0,1213.0,2488.0,,2013.0,,1885.0,2218.0,3056.0,3545.0,446.0,1419.0,3546.0,,,,671.0,,,,2167.0,2565.0,,
,3113.0,3546.0,1360.0,,1418.0,,2607.0,2615.0,3256.0,3558.0,1639.0,2063.0,3545.0,,,,1600.0,,,,3600.0,890.0,,
,2600.0,1958.0,3569.0,,238.0,,2201.0,2585.0,3615.0,432.0,2850.0,2759.0,53.0,,,,2800.0,,,,2106.0,3501.0,,
,1800.0,125.0,2138.0,,1282.0,,46.0,2202.0,2676.0,731.0,1397.0,2168.0,2034.0,,,,3763.0,,,,1146.0,3097.0,,
,2609.0,155.0,3080.0,,132.0,,1118.0,2584.0,1272.0,1776.0,2249.0,959.0,599.0,,,,1006.0,,,,1420.0,800.0,,
,1883.0,731.0,3565.0,,1743.0,,1405.0,2012.0,775.0,1330.0,279.0,2230.0,1818.0,,,,2016.0,,,,1265.0,300.0,,
,500.0,2583.0,3418.0,,2564.0,,2565.0,1420.0,2138.0,134.0,21.0,163.0,3129.0,,,,3576.0,,,,787.0,799.0,,
,2222.0,806.0,3113.0,,161.0,,2561.0,2166.0,2850.0,3466.0,428.0,1003.0,306.0,,,,806.0,,,,3121.0,3248.0,,
,1846.0,3545.0,1272.0,,479.0,,1005.0,2859.0,1709.0,2166.0,1198.0,3184.0,1615.0,,,,393.0,,,,2231.0,831.0,,
,3175.0,1884.0,1138.0,,234.0,,1888.0,1218.0,1511.0,1006.0,3074.0,1016.0,2884.0,,,,2842.0,,,,21.0,1955.0,,
,708.0,348.0,416.0,,3671.0,,774.0,1553.0,907.0,3489.0,2514.0,2769.0,2043.0,,,,3184.0,,,,1889.0,775.0,,
,1609.0,1818.0,2323.0,,1730.0,,591.0,45.0,2574.0,1213.0,2885.0,2106.0,800.0,,,,1953.0,,,,2585.0,2850.0,,
,1146.0,1957.0,1954.0,,1430.0,,1377.0,3186.0,3077.0,3281.0,3318.0,2762.0,2952.0,,,,3129.0,,,,45.0,1398.0,,
,1679.0,597.0,1294.0,,2744.0,,799.0,155.0,763.0,1735.0,1643.0,393.0,1272.0,,,,3256.0,,,,631.0,73.0,,
,709.0,2514.0,2842.0,,50.0,,1615.0,1884.0,2159.0,2168.0,2955.0,2859.0,1377.0,,,,1954.0,,,,2615.0,2919.0,,
,801.0,2853.0,3094.0,,936.0,,3238.0,731.0,586.0,1958.0,3532.0,1088.0,798.0,,,,163.0,,,,1553.0,428.0,,
,3287.0,1418.0,2165.0,,3129.0,,1398.0,959.0,2565.0,890.0,1641.0,1086.0,500.0,,,,282.0,,,,1118.0,2222.0,,
,3056.0,3543.0,2012.0,,806.0,,3096.0,763.0,3279.0,3501.0,344.0,1430.0,163.0,,,,2850.0,,,,120.0,1430.0,,
,1958.0,3128.0,2584.0,,2016.0,,673.0,2165.0,163.0,2863.0,1956.0,2198.0,2021.0,,,,3378.0,,,,1402.0,3279.0,,
,1248.0,3558.0,2585.0,,1088.0,,959.0,2168.0,2695.0,772.0,2076.0,155.0,1886.0,,,,2479.0,,,,2012.0,1138.0,,
,3615.0,1735.0,45.0,,1906.0,,3651.0,121.0,430.0,393.0,343.0,50.0,3576.0,,,,1552.0,,,,3342.0,2231.0,,
,2024.0,3129.0,1118.0,,1086.0,,3256.0,3342.0,2556.0,802.0,416.0,2564.0,2842.0,,,,1157.0,,,,2077.0,3167.0,,
,599.0,293.0,2166.0,,3237.0,,1058.0,2583.0,2882.0,2165.0,154.0,3258.0,2562.0,,,,1888.0,,,,3565.0,1272.0,,
,631.0,1743.0,2167.0,,3617.0,,2016.0,3263.0,1800.0,3341.0,1800.0,2219.0,1955.0,,,,3287.0,,,,1884.0,2882.0,,
,1887.0,651.0,1884.0,,344.0,,3576.0,432.0,2884.0,1088.0,2427.0,52.0,2015.0,,,,199.0,,,,2853.0,1511.0,,
,3341.0,1006.0,2202.0,,1956.0,,3129.0,2759.0,172.0,1553.0,1938.0,2201.0,741.0,,,,651.0,,,,1886.0,669.0,,
,2063.0,742.0,121.0,,2198.0,,1088.0,125.0,2043.0,3280.0,763.0,3531.0,2769.0,,,,3121.0,,,,3056.0,156.0,,
,2038.0,427.0,1885.0,,3546.0,,806.0,120.0,3074.0,1283.0,2720.0,1453.0,2288.0,,,,1956.0,,,,853.0,2591.0,,
,3106.0,631.0,2615.0,,1552.0,,3260.0,1419.0,73.0,1086.0,2231.0,3489.0,2565.0,,,,1003.0,,,,1957.0,3080.0,,
,3263.0,51.0,3186.0,,1800.0,,3237.0,1818.0,1633.0,2426.0,3332.0,1553.0,1158.0,,,,3398.0,,,,3093.0,2574.0,,
,282.0,959.0,959.0,,2014.0,,1906.0,3341.0,708.0,2219.0,2015.0,2253.0,64.0,,,,1155.0,,,,2584.0,3558.0,,
,51.0,3056.0,3342.0,,2626.0,,1513.0,3056.0,562.0,1846.0,433.0,1213.0,2049.0,,,,2076.0,,,,763.0,2749.0,,
,959.0,709.0,3341.0,,394.0,,3617.0,1743.0,709.0,2851.0,669.0,3280.0,1956.0,,,,279.0,,,,2426.0,1294.0,,
,2198.0,2109.0,3722.0,,1885.0,,3332.0,631.0,2426.0,2014.0,3039.0,46.0,2931.0,,,,154.0,,,,2165.0,907.0,,
,734.0,50.0,2218.0,,598.0,,52.0,2169.0,3016.0,495.0,1398.0,2857.0,890.0,,,,3546.0,,,,2166.0,1553.0,,
,3221.0,2012.0,3185.0,,2575.0,,343.0,1957.0,574.0,1272.0,2104.0,21.0,1136.0,,,,2608.0,,,,3185.0,3105.0,,
,2169.0,1885.0,1957.0,,391.0,,2219.0,3543.0,2253.0,2198.0,1642.0,1793.0,1934.0,,,,3545.0,,,,959.0,2990.0,,
,3153.0,1634.0,1420.0,,237.0,,599.0,3128.0,157.0,394.0,3501.0,3128.0,1935.0,,,,1418.0,,,,1071.0,1369.0,,
,1487.0,1886.0,806.0,,1006.0,,1553.0,2556.0,1938.0,1293.0,2853.0,3265.0,2853.0,,,,237.0,,,,492.0,2138.0,,
,300.0,3280.0,731.0,,2098.0,,708.0,2138.0,2842.0,3080.0,94.0,1957.0,1709.0,,,,1088.0,,,,795.0,3113.0,,
,199.0,1218.0,120.0,,2694.0,,1160.0,3080.0,1954.0,492.0,2565.0,1516.0,1936.0,,,,496.0,,,,125.0,3056.0,,
,1553.0,3341.0,631.0,,500.0,,445.0,2200.0,1124.0,2253.0,3328.0,2014.0,2023.0,,,,51.0,,,,3263.0,3094.0,,
,394.0,2168.0,125.0,,1419.0,,1294.0,2198.0,1482.0,237.0,682.0,1507.0,1958.0,,,,1086.0,,,,2564.0,591.0,,
,1185.0,763.0,3263.0,,2425.0,,121.0,492.0,1157.0,1888.0,799.0,2169.0,300.0,,,,1293.0,,,,2583.0,1513.0,,
,3576.0,1419.0,2200.0,,2953.0,,488.0,775.0,927.0,2013.0,2883.0,2556.0,495.0,,,,670.0,,,,51.0,2695.0,,
,2016.0,393.0,2168.0,,395.0,,1731.0,393.0,2222.0,2201.0,2283.0,3279.0,2269.0,,,,1818.0,,,,2202.0,1058.0,,
,1293.0,1553.0,2583.0,,496.0,,1293.0,3466.0,3763.0,1265.0,3105.0,3287.0,3281.0,,,,542.0,,,,1449.0,562.0,,
,46.0,2200.0,46.0,,154.0,,1818.0,46.0,550.0,3263.0,2722.0,495.0,563.0,,,,2609.0,,,,1885.0,492.0,,
,279.0,496.0,51.0,,157.0,,3265.0,495.0,3066.0,3153.0,1733.0,604.0,2235.0,,,,3467.0,,,,3080.0,2015.0,,
,562.0,3263.0,2198.0,,2219.0,,2583.0,1138.0,1160.0,1818.0,775.0,2789.0,1197.0,,,,3262.0,,,,1086.0,256.0,,
,731.0,1816.0,492.0,,21.0,,1086.0,3565.0,3441.0,392.0,1704.0,2138.0,77.0,,,,492.0,,,,155.0,2884.0,,
,1818.0,279.0,3466.0,,1641.0,,1157.0,742.0,2100.0,238.0,3763.0,2199.0,1332.0,,,,1532.0,,,,3128.0,172.0,,
,1213.0,1086.0,2859.0,,1095.0,,1958.0,1885.0,279.0,391.0,3046.0,1818.0,2098.0,,,,1430.0,,,,1218.0,1064.0,,
,3398.0,46.0,2109.0,,487.0,,2857.0,1086.0,252.0,1398.0,164.0,492.0,788.0,,,,230.0,,,,495.0,430.0,,
,487.0,2759.0,1419.0,,3501.0,,2138.0,1006.0,2167.0,3261.0,2100.0,3261.0,1954.0,,,,46.0,,,,1283.0,2253.0,,
,1885.0,2857.0,1553.0,,1447.0,,2952.0,1088.0,2202.0,2857.0,1776.0,2853.0,1906.0,,,,812.0,,,,1958.0,163.0,,
,1283.0,237.0,2759.0,,350.0,,757.0,2109.0,3260.0,775.0,2564.0,3543.0,1995.0,,,,598.0,,,,52.0,3280.0,,
,63.0,1088.0,2219.0,,499.0,,2076.0,237.0,1883.0,801.0,3279.0,2749.0,2024.0,,,,742.0,,,,709.0,499.0,,
,492.0,492.0,237.0,,1865.0,,1955.0,3467.0,3457.0,1709.0,805.0,1293.0,3615.0,,,,2626.0,,,,199.0,1633.0,,
,1340.0,2219.0,1185.0,,2710.0,,1069.0,3546.0,1293.0,1816.0,801.0,651.0,1578.0,,,,936.0,,,,393.0,3077.0,,
,3546.0,157.0,1743.0,,802.0,,3578.0,2219.0,1294.0,2853.0,2425.0,734.0,715.0,,,,1282.0,,,,1800.0,1735.0,,
,1418.0,2882.0,586.0,,393.0,,51.0,3545.0,3368.0,1552.0,3167.0,763.0,1069.0,,,,3056.0,,,,121.0,3307.0,,
,3545.0,1800.0,155.0,,1248.0,,392.0,1418.0,2584.0,132.0,2305.0,51.0,3175.0,,,,2659.0,,,,2168.0,1159.0,,
,1532.0,1887.0,3128.0,,163.0,,1419.0,1958.0,3341.0,3237.0,3378.0,237.0,2016.0,,,,1404.0,,,,1419.0,3256.0,,
,3077.0,2063.0,2556.0,,542.0,,651.0,3077.0,2012.0,562.0,134.0,22.0,3093.0,,,,22.0,,,,3258.0,1800.0,,
,1088.0,1293.0,1218.0,,2884.0,,672.0,1816.0,1402.0,2860.0,772.0,801.0,2823.0,,,,2514.0,,,,232.0,210.0,,
,806.0,2198.0,3543.0,,3466.0,,279.0,2882.0,1087.0,3056.0,1709.0,392.0,1730.0,,,,1955.0,,,,574.0,3332.0,,
,1709.0,3466.0,1886.0,,345.0,,1430.0,1272.0,2165.0,2159.0,2426.0,394.0,672.0,,,,2021.0,,,,3467.0,1704.0,,
,3565.0,1272.0,597.0,,2109.0,,1552.0,1283.0,2615.0,1248.0,2222.0,1735.0,3120.0,,,,757.0,,,,53.0,496.0,,
,3281.0,3184.0,3546.0,,199.0,,1600.0,1058.0,2166.0,2842.0,430.0,1888.0,2159.0,,,,3261.0,,,,935.0,427.0,,
,3184.0,394.0,3545.0,,53.0,,2608.0,586.0,45.0,2164.0,2953.0,1248.0,3221.0,,,,534.0,,,,2200.0,2077.0,,
,3256.0,3265.0,1418.0,,670.0,,2159.0,3558.0,2585.0,3459.0,156.0,1272.0,3096.0,,,,3153.0,,,,2199.0,2772.0,,
,2013.0,52.0,1816.0,,3203.0,,2863.0,1403.0,132.0,2744.0,591.0,1887.0,1051.0,,,,1283.0,,,,1006.0,2021.0,,
,237.0,1003.0,2857.0,,22.0,,831.0,2857.0,2218.0,1959.0,534.0,1816.0,1732.0,,,,391.0,,,,3265.0,742.0,,
,432.0,1403.0,562.0,,2851.0,,3466.0,2098.0,1420.0,757.0,2379.0,742.0,2564.0,,,,1005.0,,,,1003.0,1482.0,,
,1086.0,132.0,1157.0,,1846.0,,2109.0,3418.0,1885.0,3355.0,1076.0,3080.0,2518.0,,,,2694.0,,,,2098.0,763.0,,
,392.0,432.0,1818.0,,3398.0,,1956.0,598.0,2077.0,1157.0,1562.0,562.0,3331.0,,,,775.0,,,,1600.0,599.0,,
,1735.0,708.0,2021.0,,3056.0,,2744.0,1886.0,1743.0,282.0,316.0,1552.0,2609.0,,,,3447.0,,,,2859.0,2167.0,,
,2759.0,1157.0,2044.0,,134.0,,1728.0,51.0,1884.0,395.0,2174.0,2159.0,2608.0,,,,2762.0,,,,46.0,252.0,,
,2851.0,562.0,3129.0,,3057.0,,3467.0,3258.0,427.0,46.0,774.0,2626.0,763.0,,,,3280.0,,,,56.0,45.0,,
,1888.0,3467.0,757.0,,763.0,,3450.0,2884.0,2265.0,2884.0,1161.0,3153.0,2038.0,,,,1846.0,,,,3287.0,2615.0,,
,3531.0,1955.0,2043.0,,597.0,,3120.0,2842.0,120.0,1004.0,573.0,1958.0,3227.0,,,,2847.0,,,,2198.0,2585.0,,
,598.0,2575.0,2884.0,,671.0,,1006.0,3129.0,2014.0,1005.0,3077.0,238.0,22.0,,,,293.0,,,,2109.0,1293.0,,
,395.0,2626.0,3280.0,,2427.0,,3175.0,562.0,1185.0,2043.0,3080.0,3482.0,2607.0,,,,348.0,,,,651.0,2584.0,,
,936.0,3458.0,708.0,,2201.0,,1936.0,1888.0,2168.0,499.0,2138.0,2567.0,2850.0,,,,910.0,,,,3722.0,2202.0,,
,910.0,757.0,348.0,,1735.0,,2023.0,1807.0,3185.0,1633.0,1358.0,92.0,2777.0,,,,2851.0,,,,2659.0,1883.0,,
,534.0,2199.0,910.0,,1005.0,,1071.0,1793.0,2252.0,1483.0,907.0,391.0,3538.0,,,,1218.0,,,,2219.0,120.0,,
,1005.0,2014.0,709.0,,155.0,,2164.0,1887.0,2200.0,3464.0,1527.0,2013.0,1829.0,,,,134.0,,,,398.0,3260.0,,
,499.0,1552.0,50.0,,428.0,,2823.0,800.0,631.0,279.0,2749.0,2164.0,679.0,,,,395.0,,,,1403.0,1087.0,,
,73.0,3153.0,3458.0,,1276.0,,3264.0,2043.0,1418.0,2694.0,2411.0,1265.0,1532.0,,,,466.0,,,,348.0,132.0,,
,2369.0,282.0,3467.0,,432.0,,1954.0,651.0,125.0,800.0,1807.0,3720.0,1041.0,,,,21.0,,,,416.0,2218.0,,
,795.0,2659.0,538.0,,3307.0,,742.0,2021.0,3186.0,2626.0,1857.0,1599.0,201.0,,,,392.0,,,,910.0,2859.0,,
,434.0,392.0,1088.0,,1340.0,,1397.0,757.0,1553.0,3287.0,157.0,2860.0,279.0,,,,1340.0,,,,2159.0,1118.0,,
,2762.0,652.0,1086.0,,3817.0,,2884.0,709.0,731.0,2169.0,348.0,1004.0,488.0,,,,1160.0,,,,156.0,3543.0,,
,1483.0,2021.0,2252.0,,2164.0,,163.0,3265.0,1886.0,2044.0,3715.0,1157.0,1731.0,,,,2043.0,,,,806.0,1743.0,,
,2488.0,1369.0,1887.0,,3264.0,,1959.0,52.0,959.0,300.0,2590.0,1403.0,1155.0,,,,3237.0,,,,731.0,2165.0,,
,1181.0,1888.0,3265.0,,3459.0,,3457.0,3184.0,2859.0,3531.0,1218.0,3264.0,3398.0,,,,3355.0,,,,1088.0,2166.0,,
,3280.0,2013.0,52.0,,1886.0,,2575.0,2199.0,2583.0,1197.0,1633.0,3262.0,3056.0,,,,499.0,,,,3458.0,2012.0,,
,3097.0,238.0,1403.0,,599.0,,391.0,1003.0,154.0,3077.0,1430.0,230.0,3362.0,,,,2201.0,,,,96.0,3186.0,,
,1865.0,391.0,2063.0,,3261.0,,1248.0,2659.0,2076.0,598.0,2848.0,1397.0,496.0,,,,394.0,,,,1846.0,1402.0,,
,2885.0,1005.0,393.0,,534.0,,2850.0,2014.0,597.0,651.0,1330.0,2659.0,2514.0,,,,56.0,,,,1418.0,3128.0,,
,1816.0,2884.0,2201.0,,2860.0,,393.0,1552.0,1086.0,3227.0,704.0,757.0,3722.0,,,,3077.0,,,,3546.0,155.0,,
,3262.0,1959.0,1293.0,,348.0,,2203.0,132.0,1118.0,2595.0,265.0,1197.0,1600.0,,,,53.0,,,,3545.0,121.0,,
,2882.0,2203.0,3184.0,,1532.0,,3738.0,1157.0,499.0,92.0,1081.0,3237.0,673.0,,,,1807.0,,,,1735.0,1884.0,,
,757.0,1398.0,2199.0,,495.0,,2694.0,2063.0,806.0,3307.0,300.0,479.0,853.0,,,,3281.0,,,,3447.0,2200.0,,
,2659.0,3720.0,1003.0,,159.0,,2017.0,50.0,3546.0,479.0,853.0,3464.0,293.0,,,,2860.0,,,,1818.0,1957.0,,
,65.0,1248.0,2659.0,,1807.0,,542.0,392.0,3545.0,466.0,2159.0,1954.0,1743.0,,,,574.0,,,,2038.0,2168.0,,
,1552.0,2043.0,3262.0,,3464.0,,1743.0,3262.0,2514.0,2659.0,1146.0,1005.0,2425.0,,,,2164.0,,,,3341.0,1420.0,,
,1955.0,1265.0,1552.0,,3281.0,,1421.0,1293.0,1218.0,3262.0,496.0,2884.0,2953.0,,,,2789.0,,,,22.0,1218.0,,
,2850.0,395.0,2014.0,,1959.0,,430.0,2567.0,1430.0,230.0,3563.0,282.0,1042.0,,,,3668.0,,,,3184.0,2556.0,,
,3418.0,598.0,2567.0,,758.0,,1252.0,3153.0,121.0,586.0,427.0,395.0,430.0,,,,1421.0,,,,1816.0,3185.0,,
,21.0,1404.0,3261.0,,3280.0,,2063.0,1185.0,1419.0,1421.0,1793.0,1554.0,155.0,,,,1058.0,,,,1157.0,631.0,,
,2021.0,2694.0,132.0,,2567.0,,128.0,910.0,2201.0,3238.0,3094.0,598.0,156.0,,,,1159.0,,,,2021.0,3341.0,,
,238.0,1846.0,1888.0,,1004.0,,910.0,1160.0,3342.0,2567.0,800.0,300.0,499.0,,,,3272.0,,,,3129.0,1958.0,,
,3129.0,2860.0,1006.0,,156.0,,563.0,394.0,1006.0,2759.0,1584.0,499.0,2231.0,,,,432.0,,,,1887.0,2461.0,,
,405.0,2164.0,432.0,,3591.0,,1404.0,708.0,2564.0,430.0,1511.0,708.0,1641.0,,,,405.0,,,,2842.0,731.0,,
,2479.0,3264.0,2626.0,,3279.0,,598.0,230.0,1403.0,599.0,73.0,1633.0,2762.0,,,,1360.0,,,,685.0,2044.0,,
,3237.0,479.0,392.0,,293.0,,499.0,2860.0,2198.0,1554.0,3067.0,910.0,1527.0,,,,2919.0,,,,1955.0,3467.0,,
,3617.0,1954.0,3237.0,,1633.0,,492.0,2013.0,492.0,734.0,1624.0,1483.0,2248.0,,,,652.0,,,,708.0,2098.0,,
,935.0,3464.0,598.0,,230.0,,1041.0,238.0,46.0,293.0,3031.0,707.0,1095.0,,,,1181.0,,,,3262.0,2564.0,,
,56.0,2744.0,1197.0,,3262.0,,597.0,3264.0,1088.0,742.0,562.0,3418.0,1447.0,,,,3570.0,,,,3256.0,1330.0,,
,2159.0,1058.0,1248.0,,3259.0,,1800.0,1954.0,1005.0,3467.0,968.0,3467.0,487.0,,,,3541.0,,,,562.0,1885.0,,
,3261.0,3459.0,394.0,,1293.0,,899.0,391.0,1888.0,73.0,935.0,2203.0,3501.0,,,,3418.0,,,,1552.0,2043.0,,
,1634.0,3262.0,282.0,,300.0,,2043.0,1005.0,598.0,113.0,163.0,1398.0,350.0,,,,2567.0,,,,50.0,959.0,,
,1578.0,230.0,395.0,,2850.0,,1846.0,1004.0,3466.0,3569.0,890.0,2694.0,63.0,,,,92.0,,,,2479.0,1283.0,,
,391.0,3457.0,499.0,,1146.0,,709.0,2164.0,3263.0,2858.0,1265.0,1421.0,3378.0,,,,3565.0,,,,757.0,1086.0,,
,2164.0,327.0,599.0,,910.0,,2609.0,3238.0,2759.0,3457.0,3106.0,1156.0,812.0,,,,1443.0,,,,2626.0,2198.0,,
,3307.0,1421.0,3227.0,,651.0,,1158.0,1554.0,1816.0,3617.0,2884.0,3281.0,199.0,,,,2488.0,,,,1058.0,2626.0,,
,3591.0,2015.0,1633.0,,2849.0,,1095.0,2201.0,1818.0,53.0,2278.0,2369.0,3203.0,,,,3600.0,,,,3153.0,2109.0,,
,230.0,2201.0,73.0,,3457.0,,487.0,758.0,51.0,21.0,2556.0,3077.0,157.0,,,,1516.0,,,,159.0,3466.0,,
,2219.0,3238.0,2231.0,,327.0,,1447.0,395.0,3722.0,3264.0,2043.0,870.0,1846.0,,,,1507.0,,,,3113.0,3263.0,,
,2860.0,1160.0,230.0,,1483.0,,936.0,2858.0,757.0,763.0,2067.0,1953.0,3121.0,,,,3238.0,,,,3275.0,1816.0,,
,3264.0,3237.0,3238.0,,3287.0,,350.0,1633.0,1197.0,1138.0,709.0,3569.0,1639.0,,,,416.0,,,,3307.0,2759.0,,
,1004.0,2567.0,3256.0,,1218.0,,1283.0,3464.0,3543.0,2850.0,2574.0,2044.0,802.0,,,,3334.0,,,,2575.0,3342.0,,
,2203.0,1578.0,2013.0,,574.0,,201.0,2850.0,1957.0,652.0,2842.0,2744.0,2253.0,,,,3464.0,,,,2857.0,1419.0,,
,1421.0,1158.0,2860.0,,3121.0,,1042.0,1421.0,3129.0,2323.0,3629.0,1959.0,734.0,,,,1138.0,,,,3227.0,1818.0,,
,1954.0,92.0,3264.0,,3541.0,,3221.0,2852.0,3237.0,1516.0,2218.0,775.0,2426.0,,,,1453.0,,,,2391.0,3763.0,,
,2694.0,3617.0,238.0,,3570.0,,1155.0,2626.0,3617.0,1397.0,1294.0,3238.0,3057.0,,,,3591.0,,,,392.0,2967.0,,
,132.0,3722.0,391.0,,405.0,,63.0,3237.0,3280.0,758.0,1283.0,709.0,2851.0,,,,2545.0,,,,237.0,2583.0,,
,1953.0,3365.0,2164.0,,2919.0,,2710.0,300.0,496.0,2391.0,492.0,1160.0,670.0,,,,159.0,,,,3261.0,2076.0,,
,3279.0,53.0,758.0,,652.0,,699.0,2100.0,156.0,1247.0,1496.0,430.0,1218.0,,,,1449.0,,,,801.0,154.0,,
,1959.0,1138.0,1004.0,,1360.0,,3668.0,1398.0,3128.0,3113.0,2021.0,3457.0,538.0,,,,1197.0,,,,1248.0,46.0,,
,758.0,3482.0,3651.0,,3600.0,,2169.0,3261.0,599.0,2231.0,742.0,327.0,1071.0,,,,1265.0,,,,395.0,78.0,,
,2626.0,1377.0,1404.0,,3565.0,,2253.0,685.0,742.0,3591.0,1272.0,2575.0,1633.0,,,,3457.0,,,,3238.0,2201.0,,
,430.0,1599.0,1158.0,,1197.0,,237.0,1197.0,3467.0,709.0,1482.0,2858.0,671.0,,,,327.0,,,,1247.0,2857.0,,
,2789.0,599.0,2694.0,,585.0,,1829.0,3569.0,1793.0,3279.0,3128.0,1578.0,2222.0,,,,2858.0,,,,230.0,2014.0,,
,3457.0,758.0,3153.0,,3651.0,,157.0,1358.0,2021.0,2204.0,2167.0,758.0,534.0,,,,2561.0,,,,2014.0,2199.0,,
,2575.0,499.0,651.0,,587.0,,1727.0,282.0,348.0,2561.0,1883.0,73.0,3565.0,,,,2805.0,,,,1404.0,3265.0,,
,2884.0,1633.0,3482.0,,492.0,,763.0,1404.0,1958.0,2203.0,3260.0,113.0,1276.0,,,,2426.0,,,,1633.0,1003.0,,
,707.0,707.0,2744.0,,557.0,,1886.0,1578.0,2379.0,2395.0,2200.0,800.0,542.0,,,,599.0,,,,1197.0,1403.0,,
,3355.0,534.0,92.0,,3531.0,,1578.0,1248.0,52.0,1953.0,1087.0,599.0,3287.0,,,,2744.0,,,,3466.0,3184.0,,
,2043.0,2235.0,596.0,,3077.0,,432.0,2235.0,3265.0,1954.0,2202.0,3307.0,910.0,,,,1634.0,,,,2553.0,52.0,,
,3365.0,1004.0,3464.0,,1609.0,,670.0,348.0,2098.0,3745.0,2584.0,2021.0,1953.0,,,,157.0,,,,1483.0,3252.0,,
,293.0,2343.0,1953.0,,812.0,,534.0,2044.0,1887.0,1637.0,45.0,1058.0,3458.0,,,,3745.0,,,,1578.0,51.0,,
,1404.0,3074.0,1578.0,,3489.0,,327.0,538.0,1377.0,534.0,1884.0,1404.0,1430.0,,,,3459.0,,,,3259.0,2847.0,,
,2395.0,1554.0,293.0,,1265.0,,780.0,499.0,1578.0,2379.0,2165.0,3365.0,3279.0,,,,1633.0,,,,3077.0,597.0,,
,831.0,1247.0,1005.0,,1449.0,,154.0,599.0,3184.0,1578.0,2615.0,2235.0,3570.0,,,,2222.0,,,,2044.0,3262.0,,
,3238.0,1507.0,2235.0,,1599.0,,496.0,707.0,1003.0,193.0,1420.0,2850.0,2919.0,,,,3307.0,,,,2860.0,3457.0,,
,1160.0,2858.0,3146.0,,2885.0,,812.0,1159.0,2199.0,2021.0,2012.0,2883.0,159.0,,,,2369.0,,,,2013.0,432.0,,
,563.0,3261.0,587.0,,707.0,,2626.0,3227.0,2659.0,2609.0,1118.0,293.0,1728.0,,,,3531.0,,,,1888.0,1887.0,,
,2858.0,587.0,1160.0,,787.0,,394.0,73.0,1552.0,1058.0,2585.0,157.0,1058.0,,,,434.0,,,,391.0,708.0,,
,2204.0,3569.0,1807.0,,2222.0,,3531.0,252.0,392.0,1404.0,132.0,3591.0,3077.0,,,,1609.0,,,,3264.0,3482.0,,
,1554.0,1252.0,1421.0,,65.0,,3398.0,3259.0,2567.0,327.0,3186.0,3617.0,3447.0,,,,73.0,,,,758.0,1157.0,,
,2323.0,1953.0,741.0,,93.0,,2514.0,2395.0,3153.0,2100.0,155.0,3459.0,1360.0,,,,65.0,,,,2164.0,1088.0,,
,2852.0,21.0,1377.0,,2488.0,,3077.0,1498.0,3262.0,935.0,3543.0,1283.0,652.0,,,,403.0,,,,238.0,806.0,,
,3569.0,2805.0,1159.0,,1181.0,,3203.0,2222.0,2063.0,2852.0,2077.0,3146.0,405.0,,,,935.0,,,,394.0,1888.0,,
,327.0,2852.0,1793.0,,3569.0,,2762.0,3668.0,237.0,1886.0,1553.0,134.0,1181.0,,,,430.0,,,,3280.0,392.0,,
,1886.0,1516.0,707.0,,1793.0,,395.0,1161.0,416.0,56.0,121.0,1730.0,2323.0,,,,2231.0,,,,1158.0,395.0,,
,538.0,234.0,1636.0,,795.0,,2518.0,1405.0,394.0,487.0,125.0,2204.0,3541.0,,,,1959.0,,,,1959.0,393.0,,
,3464.0,283.0,2858.0,,1160.0,,2248.0,2252.0,2575.0,1369.0,2166.0,1247.0,3418.0,,,,398.0,,,,2884.0,125.0,,
,3016.0,1551.0,1554.0,,3270.0,,3121.0,1513.0,282.0,936.0,1957.0,3668.0,707.0,,,,3569.0,,,,2169.0,1213.0,,
,3459.0,3067.0,2204.0,,1159.0,,1340.0,3113.0,2109.0,1281.0,3185.0,1405.0,73.0,,,,2323.0,,,,1272.0,2659.0,,
,574.0,1449.0,2203.0,,596.0,,3287.0,2591.0,3264.0,3272.0,120.0,2461.0,3600.0,,,,113.0,,,,1369.0,758.0,,
,416.0,1282.0,3457.0,,1377.0,,3056.0,293.0,393.0,157.0,1369.0,586.0,1138.0,,,,758.0,,,,1293.0,282.0,,
,2252.0,3591.0,327.0,,430.0,,1276.0,2204.0,1248.0,3166.0,3341.0,1369.0,2369.0,,,,707.0,,,,2967.0,2100.0,,
,2231.0,538.0,2395.0,,2203.0,,3279.0,1247.0,327.0,1160.0,1293.0,2561.0,348.0,,,,1146.0,,,,3457.0,1404.0,,
,2100.0,586.0,2852.0,,1421.0,,21.0,3457.0,1404.0,2235.0,2859.0,1377.0,3531.0,,,,1369.0,,,,2323.0,3129.0,,
,2591.0,3272.0,2100.0,,3668.0,,2676.0,2694.0,391.0,457.0,1402.0,3256.0,1156.0,,,,3113.0,,,,327.0,1807.0,,
,3558.0,3077.0,563.0,,935.0,,935.0,3591.0,238.0,2575.0,1743.0,534.0,795.0,,,,3258.0,,,,2919.0,3617.0,,
,1705.0,2562.0,685.0,,3238.0,,1369.0,327.0,2013.0,2590.0,631.0,2395.0,2479.0,,,,1554.0,,,,1679.0,50.0,,
,1770.0,1405.0,3763.0,,1513.0,,56.0,2010.0,2164.0,3259.0,2583.0,2207.0,3569.0,,,,1483.0,,,,775.0,1793.0,,
,879.0,2323.0,1358.0,,1138.0,,1285.0,2744.0,2860.0,3418.0,1885.0,2805.0,1562.0,,,,3097.0,,,,93.0,230.0,,
,113.0,1430.0,3051.0,,2204.0,,159.0,3651.0,395.0,574.0,959.0,2015.0,1705.0,,,,1679.0,,,,2858.0,3264.0,,
,1159.0,2561.0,3591.0,,1247.0,,707.0,430.0,3464.0,3668.0,2198.0,574.0,1507.0,,,,1247.0,,,,3464.0,1954.0,,
,2253.0,1513.0,534.0,,538.0,,3280.0,3365.0,230.0,1377.0,2168.0,596.0,1793.0,,,,1238.0,,,,3271.0,2013.0,,
,2883.0,3259.0,495.0,,2369.0,,1218.0,534.0,2203.0,3248.0,2626.0,2100.0,416.0,,,,1705.0,,,,282.0,2860.0,,
,2945.0,2100.0,3617.0,,2100.0,,3097.0,1158.0,1398.0,3251.0,495.0,487.0,3617.0,,,,538.0,,,,1561.0,237.0,,
,157.0,2369.0,1265.0,,1453.0,,2395.0,157.0,2857.0,1405.0,2199.0,1161.0,21.0,,,,2100.0,,,,2850.0,1552.0,,
,1247.0,495.0,935.0,,2461.0,,734.0,2883.0,1421.0,1513.0,2109.0,3332.0,651.0,,,,2852.0,,,,157.0,2164.0,,
,3258.0,3731.0,2575.0,,1953.0,,337.0,2561.0,1959.0,1146.0,2014.0,1159.0,428.0,,,,1886.0,,,,1262.0,3153.0,,
,1507.0,2204.0,1405.0,,2231.0,,2078.0,2575.0,1562.0,1793.0,50.0,2343.0,3489.0,,,,2015.0,,,,1160.0,391.0,,
,1377.0,3564.0,1247.0,,2853.0,,758.0,3459.0,3668.0,1770.0,1418.0,3248.0,134.0,,,,337.0,,,,1004.0,1418.0,,
,1453.0,3651.0,2883.0,,2479.0,,1807.0,1959.0,3227.0,2252.0,2098.0,831.0,3763.0,,,,3248.0,,,,1976.0,238.0,,
,2461.0,1865.0,2561.0,,337.0,,2852.0,53.0,1599.0,910.0,2659.0,1807.0,1516.0,,,,3259.0,,,,3771.0,1006.0,,
,2235.0,1804.0,3459.0,,1516.0,,2252.0,3097.0,2626.0,538.0,597.0,2590.0,1185.0,,,,3094.0,,,,1005.0,1004.0,,
,1405.0,3771.0,78.0,,3713.0,,3248.0,381.0,2219.0,561.0,731.0,2252.0,1159.0,,,,3458.0,,,,3569.0,394.0,,
,3482.0,1793.0,157.0,,2323.0,,1247.0,3307.0,293.0,1159.0,3617.0,1705.0,1800.0,,,,585.0,,,,2204.0,2575.0,,
,2078.0,2883.0,479.0,,2426.0,,2851.0,3482.0,2591.0,2017.0,3722.0,3458.0,2567.0,,,,1156.0,,,,1554.0,327.0,,
,457.0,1263.0,2450.0,,283.0,,2677.0,2343.0,3482.0,1889.0,2882.0,587.0,3365.0,,,,2253.0,,,,2201.0,1421.0,,
,252.0,2008.0,1516.0,,1507.0,,741.0,2595.0,2235.0,3332.0,499.0,1703.0,113.0,,,,1703.0,,,,707.0,2204.0,,
,337.0,1159.0,3067.0,,128.0,,2479.0,587.0,2744.0,1158.0,3342.0,3272.0,2789.0,,,,193.0,,,,1222.0,1953.0,,
,1156.0,1453.0,2562.0,,1185.0,,1532.0,1449.0,432.0,3564.0,708.0,1770.0,2252.0,,,,2252.0,,,,588.0,1554.0,,
,1807.0,430.0,1959.0,,1551.0,,1156.0,2590.0,3591.0,3739.0,2589.0,538.0,936.0,,,,1793.0,,,,3459.0,3651.0,,
,1793.0,3315.0,1513.0,,1554.0,,1796.0,78.0,3565.0,3731.0,1578.0,3763.0,1865.0,,,,1358.0,,,,274.0,1197.0,,
,591.0,3531.0,1161.0,,2858.0,,73.0,1483.0,403.0,3771.0,3467.0,337.0,2488.0,,,,3332.0,,,,1730.0,3546.0,,
,2207.0,2851.0,3258.0,,685.0,,671.0,3272.0,3307.0,274.0,3280.0,234.0,1636.0,,,,879.0,,,,132.0,1248.0,,
,1161.0,2850.0,2222.0,,2561.0,,1633.0,1770.0,1265.0,2883.0,707.0,3113.0,1599.0,,,,3412.0,,,,742.0,1247.0,,
,588.0,2591.0,53.0,,2590.0,,3307.0,2677.0,1125.0,1507.0,46.0,3067.0,2591.0,,,,274.0,,,,1397.0,910.0,,
,1033.0,1637.0,1599.0,,1161.0,,403.0,831.0,2395.0,899.0,538.0,3097.0,3113.0,,,,93.0,,,,1793.0,1959.0,,
,2677.0,2450.0,1146.0,,3251.0,,293.0,2805.0,563.0,128.0,1157.0,1238.0,2883.0,,,,465.0,,,,3237.0,3227.0,,
,398.0,2252.0,1507.0,,3558.0,,3124.0,479.0,1161.0,78.0,51.0,2852.0,2706.0,,,,3558.0,,,,92.0,1005.0,,
,3051.0,1705.0,591.0,,3739.0,,2231.0,1516.0,3459.0,2288.0,3466.0,1886.0,1609.0,,,,2379.0,,,,3418.0,757.0,,
,53.0,3256.0,799.0,,2852.0,,795.0,2450.0,741.0,588.0,3458.0,2043.0,3459.0,,,,596.0,,,,2744.0,2842.0,,
,1328.0,73.0,2343.0,,416.0,,1161.0,234.0,2044.0,1595.0,2461.0,1449.0,3482.0,,,,265.0,,,,1358.0,685.0,,
,587.0,2222.0,3365.0,,1770.0,,1159.0,1507.0,1634.0,1251.0,3265.0,1358.0,1807.0,,,,1285.0,,,,1599.0,2867.0,,
,2343.0,3307.0,3016.0,,2603.0,,3667.0,1551.0,534.0,2461.0,1403.0,3094.0,133.0,,,,3617.0,,,,2561.0,598.0,,
,2595.0,3016.0,1679.0,,1562.0,,2425.0,870.0,2858.0,548.0,3262.0,2078.0,1766.0,,,,1889.0,,,,2849.0,707.0,,
,1449.0,1156.0,1796.0,,56.0,,3459.0,3067.0,3728.0,93.0,403.0,563.0,3591.0,,,,3207.0,,,,1263.0,157.0,,
,1238.0,1807.0,3207.0,,2591.0,,2100.0,2015.0,2805.0,587.0,1003.0,585.0,193.0,,,,2203.0,,,,3279.0,3261.0,,
,2379.0,1045.0,133.0,,1459.0,,3356.0,1637.0,479.0,1449.0,1888.0,557.0,3332.0,,,,591.0,,,,3687.0,587.0,,
,799.0,1185.0,3074.0,,1637.0,,2769.0,2562.0,585.0,3045.0,392.0,2231.0,787.0,,,,2343.0,,,,3110.0,709.0,,
,1358.0,3465.0,3558.0,,3315.0,,1793.0,2288.0,758.0,685.0,3153.0,935.0,57.0,,,,2595.0,,,,1770.0,416.0,,
,1562.0,2616.0,2207.0,,563.0,,538.0,2616.0,1507.0,1718.0,1086.0,3016.0,434.0,,,,2883.0,,,,1252.0,3238.0,,
,774.0,741.0,1637.0,,588.0,,1197.0,3731.0,53.0,3713.0,3263.0,3051.0,728.0,,,,2395.0,,,,2694.0,3464.0,,
,1595.0,128.0,852.0,,2883.0,,3565.0,3771.0,1807.0,1459.0,1816.0,591.0,1453.0,,,,1158.0,,,,1807.0,1578.0,,
,3248.0,3739.0,3465.0,,1281.0,,2235.0,3739.0,1247.0,3051.0,2759.0,774.0,2364.0,,,,548.0,,,,1156.0,1160.0,,
,2805.0,852.0,588.0,,457.0,,3489.0,128.0,1159.0,1252.0,585.0,799.0,879.0,,,,457.0,,,,133.0,2587.0,,
,479.0,2869.0,3739.0,,1263.0,,3763.0,2203.0,155.0,2015.0,3184.0,1513.0,2427.0,,,,3731.0,,,,3365.0,3545.0,,
,1516.0,899.0,1804.0,,73.0,,3074.0,799.0,2571.0,1634.0,52.0,1125.0,2450.0,,,,1241.0,,,,747.0,293.0,,
,234.0,3051.0,899.0,,193.0,,1004.0,1252.0,466.0,563.0,394.0,685.0,3166.0,,,,899.0,,,,2174.0,534.0,,
,3206.0,3732.0,128.0,,1156.0,,2204.0,563.0,495.0,1161.0,393.0,56.0,1804.0,,,,1281.0,,,,3300.0,2852.0,,
,1599.0,133.0,3731.0,,133.0,,2858.0,3105.0,1282.0,653.0,2857.0,78.0,3258.0,,,,2590.0,,,,571.0,563.0,,
,585.0,805.0,2288.0,,113.0,,3051.0,588.0,2450.0,2562.0,1958.0,3074.0,3105.0,,,,561.0,,,,1705.0,3237.0,,
,1804.0,563.0,3733.0,,870.0,,3564.0,1953.0,2366.0,2450.0,1887.0,3300.0,1704.0,,,,587.0,,,,1703.0,1161.0,,
,1282.0,1161.0,724.0,,561.0,,156.0,3368.0,92.0,3256.0,2063.0,3564.0,3124.0,,,,685.0,,,,1159.0,3207.0,,
,2571.0,1251.0,2869.0,,3207.0,,1554.0,741.0,596.0,1599.0,3264.0,2428.0,1770.0,,,,78.0,,,,1138.0,495.0,,
,1252.0,588.0,2616.0,,2235.0,,1953.0,591.0,1439.0,234.0,1419.0,741.0,3300.0,,,,2174.0,,,,831.0,3458.0,,
,1251.0,3110.0,1252.0,,1405.0,,3739.0,774.0,2204.0,283.0,758.0,1796.0,1703.0,,,,234.0,,,,1217.0,2219.0,,
,3110.0,3239.0,3732.0,,2562.0,,3458.0,57.0,1004.0,2782.0,1005.0,2616.0,3558.0,,,,283.0,,,,945.0,2283.0,,
,3259.0,1766.0,3110.0,,3332.0,,1358.0,899.0,1770.0,1551.0,432.0,1637.0,2461.0,,,,870.0,,,,3332.0,2203.0,,
,265.0,2590.0,1251.0,,1252.0,,2883.0,2461.0,2852.0,2545.0,3482.0,1804.0,1679.0,,,,463.0,,,,2369.0,2883.0,,
,741.0,2231.0,3239.0,,2395.0,,870.0,3489.0,1487.0,2078.0,282.0,3251.0,65.0,,,,1125.0,,,,2762.0,2858.0,,
,1359.0,57.0,2872.0,,3458.0,,588.0,2078.0,793.0,1282.0,587.0,3558.0,232.0,,,,1213.0,,,,265.0,588.0,,
,3094.0,2487.0,1634.0,,2789.0,,2805.0,1804.0,1146.0,398.0,1735.0,1158.0,2603.0,,,,1718.0,,,,2883.0,3739.0,,
,1637.0,2288.0,3713.0,,2252.0,,3570.0,3251.0,3261.0,3365.0,3261.0,3106.0,1358.0,,,,1599.0,,,,587.0,53.0,,
,3739.0,3251.0,2590.0,,1804.0,,134.0,457.0,587.0,2591.0,598.0,457.0,3207.0,,,,1636.0,,,,2966.0,2235.0,,
,899.0,2366.0,1562.0,,3258.0,,1360.0,1562.0,3458.0,1045.0,237.0,133.0,1483.0,,,,799.0,,,,534.0,1377.0,,
,2288.0,2149.0,774.0,,2677.0,,2860.0,852.0,50.0,1703.0,391.0,1252.0,2590.0,,,,1252.0,,,,596.0,2744.0,,
,2616.0,935.0,57.0,,3465.0,,199.0,1251.0,1158.0,3465.0,2860.0,3739.0,2149.0,,,,1537.0,,,,538.0,1265.0,,
,3251.0,591.0,3251.0,,3667.0,,3464.0,133.0,3274.0,2616.0,2013.0,588.0,78.0,,,,1251.0,,,,1045.0,3051.0,,
,2869.0,3300.0,398.0,,434.0,,2869.0,2149.0,2587.0,57.0,757.0,2379.0,2078.0,,,,588.0,,,,879.0,1158.0,,
,128.0,1703.0,2366.0,,3418.0,,3731.0,2364.0,2590.0,1705.0,230.0,57.0,2885.0,,,,563.0,,,,1251.0,2694.0,,
,3731.0,2603.0,2807.0,,265.0,,57.0,3094.0,2603.0,22.0,2201.0,899.0,799.0,,,,2235.0,,,,2253.0,2805.0,,
,3771.0,1146.0,1770.0,,3378.0,,3465.0,3763.0,3067.0,958.0,1954.0,1865.0,3097.0,,,,1804.0,,,,3207.0,3259.0,,
,3239.0,78.0,234.0,,2366.0,,132.0,3733.0,2849.0,1804.0,1197.0,2249.0,935.0,,,,3051.0,,,,499.0,2063.0,,
,57.0,2461.0,1313.0,,2595.0,,3541.0,3239.0,1340.0,3697.0,2207.0,2885.0,56.0,,,,1637.0,,,,1453.0,348.0,,
,130.0,2078.0,3745.0,,548.0,,2364.0,2174.0,1513.0,3125.0,2575.0,1809.0,1634.0,,,,128.0,,,,3281.0,3365.0,,
,2562.0,3763.0,3166.0,,464.0,,1705.0,3732.0,2677.0,3763.0,1248.0,852.0,831.0,,,,3697.0,,,,2100.0,2561.0,,
,2450.0,3733.0,2379.0,,463.0,,1637.0,2869.0,3258.0,3449.0,395.0,398.0,591.0,,,,1405.0,,,,293.0,2395.0,,
,3465.0,574.0,3771.0,,465.0,,925.0,3110.0,78.0,3067.0,806.0,2288.0,774.0,,,,3110.0,,,,2869.0,1405.0,,
,852.0,1562.0,2149.0,,573.0,,3272.0,3051.0,2231.0,3732.0,1088.0,3465.0,3256.0,,,,2562.0,,,,2852.0,128.0,,
,2706.0,2379.0,1703.0,,1797.0,,852.0,3465.0,3651.0,2967.0,3237.0,2562.0,457.0,,,,3465.0,,,,2252.0,403.0,,
,78.0,265.0,3105.0,,1799.0,,3239.0,2885.0,2343.0,852.0,3464.0,1487.0,958.0,,,,3732.0,,,,1209.0,3591.0,,
,2545.0,56.0,2461.0,,3629.0,,3733.0,130.0,3365.0,3239.0,3457.0,3731.0,3368.0,,,,3739.0,,,,2043.0,2590.0,,
,3732.0,2221.0,968.0,,3110.0,,1262.0,3045.0,2694.0,2174.0,327.0,3733.0,1146.0,,,,2204.0,,,,3066.0,133.0,,
,2872.0,799.0,3066.0,,1251.0,,2275.0,1045.0,2600.0,3110.0,238.0,164.0,3094.0,,,,2616.0,,,,2379.0,2221.0,,
,614.0,1358.0,2805.0,,3272.0,,164.0,1359.0,1453.0,1358.0,2203.0,2869.0,2695.0,,,,2487.0,,,,1636.0,538.0,,
,2487.0,3248.0,1718.0,,572.0,,724.0,3617.0,3332.0,591.0,3655.0,128.0,2275.0,,,,1562.0,,,,563.0,1886.0,,
,1703.0,774.0,265.0,,1287.0,,3732.0,1766.0,2174.0,2885.0,2694.0,3732.0,3771.0,,,,2967.0,,,,3617.0,1146.0,,
,3105.0,724.0,1359.0,,2558.0,,2562.0,2487.0,956.0,1807.0,2044.0,3239.0,1161.0,,,,3251.0,,,,1865.0,1285.0,,
,2536.0,2872.0,2536.0,,2568.0,,2288.0,113.0,573.0,741.0,1158.0,1251.0,3450.0,,,,57.0,,,,1405.0,1770.0,,
,2590.0,398.0,805.0,,1033.0,,1251.0,3300.0,973.0,133.0,3129.0,2487.0,398.0,,,,1975.0,,,,1804.0,1562.0,,
,1439.0,1770.0,1033.0,,2107.0,,1483.0,2428.0,2461.0,831.0,1377.0,3105.0,1511.0,,,,464.0,,,,2562.0,2677.0,,
,1766.0,3449.0,2487.0,,1358.0,,457.0,1434.0,685.0,799.0,2164.0,3315.0,2677.0,,,,2364.0,,,,128.0,3258.0,,
,133.0,1742.0,2078.0,,2364.0,,1185.0,2017.0,3328.0,2869.0,1959.0,3157.0,724.0,,,,573.0,,,,3051.0,1516.0,,
,2364.0,2664.0,2677.0,,831.0,,2222.0,2706.0,1328.0,3733.0,2744.0,2872.0,2207.0,,,,1797.0,,,,1954.0,479.0,,
,561.0,2428.0,3368.0,,1285.0,,113.0,1636.0,1359.0,1766.0,1552.0,1636.0,1742.0,,,,1287.0,,,,1538.0,870.0,,
,3733.0,2017.0,1584.0,,3697.0,,2885.0,2379.0,3251.0,3300.0,2567.0,1704.0,3206.0,,,,1799.0,,,,728.0,1804.0,,
,1434.0,1718.0,3450.0,,398.0,,133.0,3713.0,3259.0,2428.0,1421.0,2364.0,1340.0,,,,3124.0,,,,1033.0,3251.0,,
,164.0,2677.0,2364.0,,614.0,,1766.0,2872.0,1405.0,3105.0,1404.0,1595.0,574.0,,,,2197.0,,,,1443.0,2017.0,,
,1704.0,2595.0,3088.0,,2443.0,,652.0,1718.0,515.0,1562.0,2235.0,1330.0,1439.0,,,,2885.0,,,,3713.0,3459.0,,
,1511.0,457.0,1766.0,,799.0,,1138.0,2536.0,3124.0,2487.0,92.0,1562.0,2872.0,,,,1742.0,,,,1359.0,3110.0,,
,2773.0,3207.0,232.0,,741.0,,3600.0,3450.0,3558.0,3482.0,2852.0,1742.0,614.0,,,,1740.0,,,,2078.0,1251.0,,
,2905.0,1527.0,1482.0,,2174.0,,2487.0,1634.0,1238.0,1434.0,2561.0,2940.0,561.0,,,,3771.0,,,,2600.0,1637.0,,
,1680.0,1482.0,3691.0,,274.0,,1511.0,1511.0,2561.0,1636.0,2252.0,3368.0,1513.0,,,,133.0,,,,1421.0,3239.0,,
,1527.0,3166.0,1263.0,,591.0,,3110.0,164.0,1330.0,3206.0,3667.0,3045.0,2221.0,,,,1359.0,,,,3668.0,3272.0,,
,3300.0,2174.0,561.0,,3051.0,,614.0,561.0,805.0,3094.0,1770.0,1443.0,265.0,,,,582.0,,,,3094.0,899.0,,
,2967.0,3378.0,1704.0,,131.0,,2872.0,2366.0,3238.0,1704.0,1006.0,2706.0,792.0,,,,2965.0,,,,3097.0,1252.0,,
,1742.0,548.0,1511.0,,3124.0,,1146.0,582.0,2562.0,3124.0,3238.0,1406.0,256.0,,,,1798.0,,,,2015.0,234.0,,
,2428.0,3045.0,2391.0,,571.0,,1287.0,2207.0,1637.0,2343.0,3546.0,130.0,1321.0,,,,571.0,,,,1377.0,1634.0,,
,3272.0,2103.0,2707.0,,1537.0,,1770.0,1527.0,3248.0,774.0,3545.0,1634.0,805.0,,,,2428.0,,,,1637.0,2078.0,,
,1482.0,274.0,2221.0,,3274.0,,348.0,232.0,2017.0,1321.0,2253.0,1718.0,316.0,,,,1033.0,,,,2343.0,1282.0,,
,2221.0,1281.0,164.0,,2967.0,,1453.0,1281.0,1554.0,1185.0,599.0,256.0,2428.0,,,,572.0,,,,2203.0,792.0,,
,2603.0,688.0,3259.0,,2965.0,,1804.0,256.0,588.0,1809.0,3227.0,1527.0,3074.0,,,,1439.0,,,,591.0,2616.0,,
,3763.0,232.0,93.0,,1756.0,,3258.0,1482.0,3739.0,2726.0,2858.0,1185.0,1313.0,,,,968.0,,,,741.0,2343.0,,
,1503.0,831.0,3300.0,,476.0,,3251.0,56.0,1252.0,1909.0,2805.0,1434.0,1482.0,,,,1222.0,,,,799.0,2595.0,,
,3066.0,2536.0,130.0,,3334.0,,561.0,3315.0,1251.0,2364.0,1554.0,1511.0,3259.0,,,,3468.0,,,,3482.0,3731.0,,
,958.0,685.0,113.0,,96.0,,1045.0,1809.0,3110.0,130.0,1004.0,265.0,130.0,,,,1908.0,,,,2235.0,3732.0,,
,3125.0,958.0,3248.0,,1636.0,,2369.0,274.0,3051.0,3066.0,1953.0,209.0,3686.0,,,,2872.0,,,,300.0,3733.0,,
,274.0,1434.0,3045.0,,57.0,,1516.0,548.0,1804.0,2805.0,1818.0,1359.0,337.0,,,,614.0,,,,1161.0,2288.0,,
,2366.0,2545.0,2428.0,,1798.0,,3259.0,2967.0,128.0,2646.0,3307.0,561.0,2797.0,,,,96.0,,,,3465.0,2562.0,,
,2017.0,1503.0,3272.0,,1359.0,,2323.0,3817.0,548.0,3368.0,3259.0,2595.0,2395.0,,,,945.0,,,,2461.0,741.0,,
,93.0,2205.0,2595.0,,3113.0,,2379.0,2726.0,899.0,3326.0,685.0,2391.0,3307.0,,,,2103.0,,,,3763.0,1358.0,,
,1323.0,3124.0,3371.0,,899.0,,232.0,958.0,1909.0,164.0,563.0,3326.0,3777.0,,,,1263.0,,,,2805.0,1766.0,,
,1718.0,1909.0,2174.0,,78.0,,65.0,2028.0,1718.0,2366.0,741.0,1482.0,2379.0,,,,182.0,,,,1953.0,724.0,,
,3449.0,561.0,1503.0,,1834.0,,3778.0,2107.0,234.0,1033.0,2677.0,1321.0,2954.0,,,,2288.0,,,,899.0,548.0,,
,3368.0,1323.0,1434.0,,1330.0,,2536.0,1503.0,1516.0,1742.0,1886.0,958.0,1282.0,,,,2869.0,,,,130.0,1909.0,,
,1908.0,1609.0,1595.0,,2391.0,,1446.0,1595.0,1673.0,3035.0,588.0,2664.0,3066.0,,,,3300.0,,,,2616.0,1718.0,,
,548.0,1595.0,2706.0,,1238.0,,2265.0,1618.0,283.0,585.0,958.0,274.0,2805.0,,,,1909.0,,,,57.0,1434.0,,
,1281.0,3737.0,1439.0,,182.0,,787.0,3074.0,3088.0,2103.0,293.0,1282.0,1449.0,,,,2266.0,,,,2487.0,3713.0,,
,944.0,466.0,256.0,,98.0,,2616.0,3066.0,465.0,1527.0,1033.0,3771.0,1033.0,,,,2536.0,,,,2595.0,1281.0,,
,3045.0,463.0,274.0,,3248.0,,3691.0,848.0,464.0,2213.0,2204.0,3110.0,164.0,,,,1161.0,,,,78.0,1449.0,,
,596.0,3406.0,1857.0,,2197.0,,137.0,2221.0,3629.0,1511.0,2395.0,1766.0,1584.0,,,,3461.0,,,,968.0,3668.0,,
,464.0,3668.0,1742.0,,1909.0,,585.0,1263.0,572.0,533.0,133.0,3690.0,2773.0,,,,3817.0,,,,3461.0,466.0,,
,1797.0,1601.0,1045.0,,1673.0,,2967.0,1704.0,1287.0,2872.0,1247.0,548.0,533.0,,,,1217.0,,,,3697.0,113.0,,
,3629.0,1359.0,2981.0,,3125.0,,2461.0,3124.0,93.0,1908.0,3591.0,3035.0,3067.0,,,,958.0,,,,2851.0,465.0,,
,463.0,1636.0,1809.0,,1889.0,,2789.0,3326.0,463.0,2544.0,3459.0,1281.0,3640.0,,,,777.0,,,,3732.0,464.0,,
,1799.0,1033.0,3010.0,,3412.0,,2664.0,614.0,1799.0,3270.0,2603.0,2726.0,2707.0,,,,3315.0,,,,3739.0,463.0,,
,573.0,728.0,2405.0,,777.0,,3355.0,469.0,3326.0,2966.0,533.0,1909.0,3234.0,,,,1901.0,,,,1434.0,573.0,,
,465.0,3066.0,2603.0,,330.0,,1562.0,1439.0,2967.0,2849.0,479.0,2849.0,3668.0,,,,1513.0,,,,337.0,3629.0,,
,1287.0,1796.0,3697.0,,968.0,,2207.0,2676.0,2078.0,2207.0,1439.0,3124.0,1281.0,,,,1459.0,,,,568.0,572.0,,
,3713.0,126.0,2545.0,,3300.0,,1584.0,1033.0,1033.0,1263.0,93.0,3697.0,3272.0,,,,1770.0,,,,149.0,3334.0,,
,1537.0,968.0,2087.0,,2428.0,,574.0,2773.0,2558.0,1439.0,2707.0,989.0,2726.0,,,,3239.0,,,,3564.0,2558.0,,
,3406.0,585.0,2591.0,,17.0,,1263.0,2664.0,1797.0,3274.0,78.0,1033.0,93.0,,,,852.0,,,,3731.0,1797.0,,
,3668.0,1238.0,1449.0,,3666.0,,96.0,1584.0,2965.0,3275.0,2221.0,2967.0,2536.0,,,,1766.0,,,,2207.0,1287.0,,
,3315.0,252.0,2962.0,,1718.0,,958.0,1742.0,1908.0,3271.0,2343.0,2221.0,2205.0,,,,2603.0,,,,1238.0,1537.0,,
,968.0,1834.0,614.0,,2940.0,,685.0,2905.0,3270.0,2965.0,3051.0,3686.0,1503.0,,,,741.0,,,,3833.0,2567.0,,
,507.0,3183.0,2773.0,,1439.0,,784.0,2597.0,1449.0,571.0,3450.0,515.0,3833.0,,,,3274.0,,,,2872.0,3697.0,,
,1285.0,256.0,1527.0,,1908.0,,3563.0,1908.0,1636.0,2318.0,1599.0,1045.0,585.0,,,,1756.0,,,,2149.0,1033.0,,
,793.0,1511.0,1217.0,,3685.0,,3640.0,585.0,476.0,463.0,464.0,1263.0,3817.0,,,,2695.0,,,,3045.0,274.0,,
,3697.0,1439.0,3307.0,,2487.0,,2174.0,3833.0,398.0,1797.0,548.0,466.0,1618.0,,,,1330.0,,,,774.0,1799.0,,
,1889.0,2940.0,2990.0,,3732.0,,1222.0,3215.0,3666.0,465.0,1909.0,945.0,356.0,,,,3629.0,,,,3270.0,2174.0,,
,1496.0,1222.0,958.0,,3461.0,,3378.0,1909.0,1263.0,573.0,2965.0,3183.0,76.0,,,,2568.0,,,,3704.0,3315.0,,
,3378.0,3450.0,3326.0,,2478.0,,1618.0,1369.0,1281.0,464.0,2107.0,1285.0,2597.0,,,,17.0,,,,432.0,3465.0,,
,571.0,793.0,1438.0,,1496.0,,1503.0,515.0,1369.0,1799.0,3272.0,687.0,3045.0,,,,2558.0,,,,65.0,1636.0,,
,1263.0,464.0,1281.0,,1158.0,,1908.0,878.0,133.0,3406.0,3189.0,53.0,1230.0,,,,476.0,,,,1796.0,1527.0,,
,2589.0,1797.0,989.0,,1222.0,,3271.0,3564.0,2664.0,2197.0,3110.0,2450.0,3315.0,,,,3687.0,,,,3591.0,3406.0,,
,3124.0,573.0,3668.0,,3269.0,,2590.0,1282.0,1798.0,1537.0,1251.0,283.0,1287.0,,,,1595.0,,,,1513.0,398.0,,
,572.0,1799.0,585.0,,3717.0,,1281.0,571.0,3697.0,1287.0,3274.0,582.0,2926.0,,,,2849.0,,,,2222.0,92.0,,
,1321.0,572.0,1285.0,,2847.0,,1033.0,3640.0,2872.0,3315.0,1908.0,1601.0,2416.0,,,,332.0,,,,3239.0,793.0,,
,1834.0,1285.0,3315.0,,2770.0,,2205.0,464.0,2940.0,3461.0,1252.0,2366.0,2063.0,,,,130.0,,,,2885.0,1889.0,,
,3833.0,465.0,2589.0,,3275.0,,3300.0,1797.0,2487.0,96.0,3739.0,1975.0,2325.0,,,,1618.0,,,,2221.0,57.0,,
,3274.0,3717.0,3318.0,,2318.0,,728.0,573.0,57.0,945.0,2616.0,2677.0,548.0,,,,3275.0,,,,2558.0,2391.0,,
,1513.0,507.0,2597.0,,2544.0,,405.0,466.0,3563.0,1359.0,128.0,1262.0,465.0,,,,2966.0,,,,2428.0,27.0,,
,2940.0,2773.0,1312.0,,2966.0,,3418.0,93.0,265.0,3629.0,2487.0,724.0,1909.0,,,,557.0,,,,3315.0,3189.0,,
,685.0,3629.0,1330.0,,3271.0,,1181.0,1287.0,582.0,968.0,234.0,1503.0,1312.0,,,,2571.0,,,,614.0,457.0,,
,1222.0,614.0,1908.0,,688.0,,3591.0,463.0,3378.0,1238.0,1516.0,3704.0,466.0,,,,2318.0,,,,476.0,2107.0,,
,3717.0,1287.0,548.0,,1104.0,,3207.0,1799.0,3465.0,572.0,2664.0,688.0,464.0,,,,3667.0,,,,1718.0,2885.0,,
,3461.0,571.0,464.0,,1703.0,,3817.0,572.0,2568.0,3833.0,1804.0,783.0,3629.0,,,,1312.0,,,,3667.0,3667.0,,
,945.0,1908.0,573.0,,2536.0,,27.0,465.0,3687.0,2478.0,3258.0,533.0,463.0,,,,2544.0,,,,457.0,1185.0,,
,2965.0,2967.0,465.0,,2503.0,,78.0,3629.0,3300.0,1222.0,2219.0,1439.0,1797.0,,,,3271.0,,,,1439.0,614.0,,
,3468.0,1584.0,1797.0,,3086.0,,2695.0,1537.0,2428.0,3667.0,53.0,3666.0,572.0,,,,2529.0,,,,3822.0,3124.0,,
,1909.0,1537.0,463.0,,195.0,,3569.0,3334.0,507.0,1285.0,2562.0,956.0,1799.0,,,,3028.0,,,,1562.0,1584.0,,
,2544.0,2849.0,571.0,,793.0,,2391.0,3274.0,3406.0,1503.0,1637.0,3086.0,573.0,,,,2106.0,,,,2536.0,164.0,,
,2966.0,557.0,1799.0,,1705.0,,3066.0,2197.0,2589.0,3665.0,1634.0,2265.0,3334.0,,,,330.0,,,,2773.0,1798.0,,
,777.0,1857.0,466.0,,945.0,,479.0,1222.0,1072.0,2773.0,3732.0,784.0,1718.0,,,,2677.0,,,,2364.0,2807.0,,
,2197.0,165.0,572.0,,1503.0,,234.0,596.0,2107.0,614.0,2967.0,3166.0,571.0,,,,2391.0,,,,3450.0,1439.0,,
,2529.0,1704.0,3629.0,,783.0,,2366.0,777.0,3667.0,3334.0,2872.0,465.0,3717.0,,,,27.0,,,,1321.0,1323.0,,
,332.0,1217.0,2967.0,,1498.0,,1865.0,3667.0,94.0,2589.0,3300.0,1797.0,596.0,,,,1796.0,,,,1503.0,945.0,,
,3334.0,533.0,2849.0,,1312.0,,3125.0,3697.0,2503.0,944.0,899.0,463.0,1359.0,,,,1045.0,,,,352.0,3300.0,,
,330.0,3697.0,3406.0,,1443.0,,2973.0,3028.0,614.0,3450.0,3251.0,464.0,968.0,,,,3270.0,,,,686.0,2428.0,,
,3326.0,1312.0,1537.0,,3066.0,,93.0,2568.0,1434.0,777.0,1901.0,573.0,3697.0,,,,2926.0,,,,1330.0,265.0,,
,2103.0,3274.0,1601.0,,2805.0,,1703.0,968.0,1865.0,2529.0,57.0,1799.0,2443.0,,,,2553.0,,,,2590.0,17.0,,
,557.0,3833.0,3275.0,,3822.0,,2919.0,3271.0,571.0,3703.0,3248.0,572.0,1537.0,,,,1584.0,,,,2677.0,2568.0,,
,1315.0,2197.0,3334.0,,3833.0,,2488.0,2529.0,477.0,2677.0,956.0,1798.0,2391.0,,,,131.0,,,,2695.0,1238.0,,
,3270.0,3028.0,3274.0,,3839.0,,3113.0,948.0,777.0,2536.0,2558.0,3406.0,1908.0,,,,3406.0,,,,3125.0,852.0,,
,3271.0,2395.0,1287.0,,3468.0,,416.0,3406.0,1222.0,1584.0,1449.0,1287.0,3274.0,,,,2664.0,,,,3558.0,1263.0,,
,3275.0,3275.0,3355.0,,3067.0,,434.0,2849.0,180.0,1834.0,1405.0,477.0,96.0,,,,1328.0,,,,688.0,1599.0,,
,2849.0,2966.0,3833.0,,1511.0,,548.0,793.0,1503.0,330.0,3239.0,3629.0,2965.0,,,,98.0,,,,17.0,3067.0,,
,3412.0,2568.0,457.0,,1595.0,,465.0,2391.0,232.0,2940.0,2288.0,571.0,3461.0,,,,1496.0,,,,113.0,2265.0,,
,3450.0,2318.0,2966.0,,3449.0,,463.0,1330.0,3833.0,477.0,1434.0,3275.0,2967.0,,,,3105.0,,,,3666.0,182.0,,
,2318.0,3667.0,1238.0,,1796.0,,464.0,3717.0,3461.0,3717.0,2366.0,2318.0,274.0,,,,2773.0,,,,1312.0,512.0,,
,469.0,3334.0,1222.0,,3731.0,,1797.0,1238.0,96.0,686.0,852.0,1908.0,1330.0,,,,235.0,,,,3717.0,130.0,,
,3067.0,3461.0,1369.0,,3665.0,,3334.0,2966.0,2966.0,557.0,945.0,3274.0,2174.0,,,,3125.0,,,,852.0,1742.0,,
,2503.0,2544.0,2965.0,,852.0,,2197.0,332.0,3169.0,2695.0,2149.0,968.0,2558.0,,,,688.0,,,,2034.0,1834.0,,
,3667.0,2589.0,2197.0,,3239.0,,466.0,330.0,3125.0,1796.0,3465.0,3270.0,1369.0,,,,2503.0,,,,3665.0,2252.0,,
,96.0,777.0,2720.0,,3733.0,,777.0,1601.0,1537.0,3358.0,1263.0,2966.0,1222.0,,,,3045.0,,,,958.0,571.0,,
,3408.0,1330.0,1496.0,,1262.0,,573.0,2589.0,274.0,3408.0,463.0,793.0,332.0,,,,1561.0,,,,2866.0,3461.0,,
,477.0,2965.0,3470.0,,1241.0,,330.0,1285.0,968.0,1315.0,465.0,1537.0,686.0,,,,1220.0,,,,2478.0,686.0,,
,3028.0,96.0,3124.0,,2872.0,,1799.0,507.0,1584.0,332.0,1797.0,2568.0,2720.0,,,,774.0,,,,2926.0,774.0,,
,2106.0,686.0,96.0,,2288.0,,3629.0,1834.0,3450.0,1016.0,1799.0,3334.0,2503.0,,,,1482.0,,,,2603.0,1796.0,,
,94.0,3271.0,3270.0,,2869.0,,3713.0,2940.0,195.0,2808.0,1287.0,3271.0,2568.0,,,,3269.0,,,,582.0,381.0,,
,686.0,3270.0,3461.0,,3690.0,,3665.0,2087.0,538.0,2568.0,1718.0,614.0,476.0,,,,1321.0,,,,1260.0,1908.0,,
,1756.0,3665.0,3271.0,,332.0,,1537.0,92.0,162.0,596.0,3365.0,2529.0,17.0,,,,3086.0,,,,2395.0,2872.0,,
,1045.0,330.0,945.0,,3703.0,,3697.0,2545.0,1716.0,582.0,3406.0,93.0,1238.0,,,,3066.0,,,,182.0,3270.0,,
,1796.0,1496.0,2544.0,,2103.0,,3028.0,2478.0,3334.0,1798.0,1285.0,3169.0,1496.0,,,,3833.0,,,,1281.0,2966.0,,
,1217.0,2529.0,2318.0,,1742.0,,332.0,477.0,2197.0,2558.0,3315.0,2965.0,3275.0,,,,2720.0,,,,2103.0,1531.0,,
,688.0,17.0,1221.0,,3028.0,,1315.0,94.0,1857.0,3788.0,398.0,3461.0,2318.0,,,,2726.0,,,,3248.0,3833.0,,
,2635.0,2391.0,332.0,,1601.0,,1016.0,3275.0,2391.0,1262.0,1742.0,96.0,2966.0,,,,781.0,,,,330.0,3355.0,,
,1857.0,3468.0,557.0,,2275.0,,3558.0,2318.0,27.0,3704.0,793.0,2544.0,2849.0,,,,3450.0,,,,2416.0,784.0,,
,2720.0,2695.0,1220.0,,3704.0,,596.0,2544.0,330.0,17.0,3166.0,1496.0,1263.0,,,,2366.0,,,,2848.0,96.0,,
,2695.0,1016.0,2503.0,,1584.0,,3315.0,3270.0,688.0,1496.0,2428.0,1889.0,1285.0,,,,1323.0,,,,1748.0,3274.0,,
,2973.0,2106.0,3717.0,,1704.0,,1718.0,945.0,1601.0,1756.0,3666.0,2197.0,2197.0,,,,1503.0,,,,1220.0,2544.0,,
,3685.0,93.0,784.0,,1857.0,,398.0,1599.0,2847.0,2973.0,614.0,777.0,3667.0,,,,1834.0,,,,162.0,3271.0,,
,1312.0,113.0,353.0,,1217.0,,2110.0,1756.0,3468.0,469.0,2529.0,6.0,1857.0,,,,686.0,,,,469.0,1315.0,,
,2543.0,596.0,1618.0,,2205.0,,1834.0,398.0,1595.0,94.0,2503.0,3355.0,6.0,,,,165.0,,,,3251.0,3169.0,,
,2558.0,337.0,3269.0,,1740.0,,1679.0,2571.0,1220.0,195.0,571.0,1756.0,1323.0,,,,1511.0,,,,2529.0,2646.0,,
,1570.0,2558.0,1798.0,,774.0,,572.0,2265.0,945.0,1716.0,476.0,162.0,3355.0,,,,1498.0,,,,2213.0,2849.0,,
,2568.0,94.0,3788.0,,2110.0,,1599.0,1315.0,3252.0,2110.0,3833.0,3665.0,92.0,,,,3717.0,,,,1601.0,195.0,,
,1798.0,130.0,780.0,,1321.0,,1798.0,2926.0,2184.0,1487.0,1636.0,2558.0,793.0,,,,515.0,,,,3672.0,2197.0,,
,17.0,476.0,1321.0,,2695.0,,2558.0,3461.0,17.0,337.0,1222.0,17.0,1561.0,,,,1624.0,,,,2318.0,968.0,,
,3169.0,469.0,3667.0,,3778.0,,2727.0,2965.0,1796.0,2720.0,1438.0,3468.0,557.0,,,,3788.0,,,,3468.0,1222.0,,
,6.0,3822.0,686.0,,2616.0,,3717.0,96.0,1527.0,1323.0,596.0,944.0,780.0,,,,1704.0,,,,2720.0,3378.0,,
,283.0,3326.0,469.0,,94.0,,1359.0,3665.0,1312.0,2503.0,1513.0,3717.0,1487.0,,,,3326.0,,,,3489.0,780.0,,
,582.0,2478.0,94.0,,3105.0,,968.0,2603.0,2720.0,2221.0,2940.0,3434.0,945.0,,,,162.0,,,,1496.0,1716.0,,
,476.0,2726.0,2017.0,,162.0,,2926.0,2973.0,1323.0,3086.0,1716.0,98.0,3028.0,,,,3470.0,,,,3326.0,1503.0,,
,3666.0,1311.0,144.0,,1382.0,,1716.0,3355.0,1496.0,2028.0,1570.0,476.0,94.0,,,,3666.0,,,,1482.0,2869.0,,
,784.0,2571.0,2568.0,,2664.0,,2773.0,1312.0,699.0,2266.0,232.0,1716.0,3563.0,,,,3024.0,,,,1531.0,3450.0,,
,3086.0,3125.0,747.0,,3788.0,,571.0,784.0,3717.0,780.0,1503.0,780.0,1604.0,,,,1168.0,,,,3434.0,3624.0,,
,3839.0,784.0,1311.0,,3564.0,,3274.0,2964.0,182.0,3640.0,1311.0,3687.0,477.0,,,,3685.0,,,,180.0,469.0,,
,2664.0,2506.0,1901.0,,3045.0,,944.0,1311.0,457.0,98.0,699.0,1312.0,1798.0,,,,180.0,,,,3839.0,1857.0,,
,687.0,477.0,2103.0,,568.0,,1439.0,476.0,6.0,162.0,1796.0,3259.0,3788.0,,,,3564.0,,,,2543.0,2720.0,,
,1262.0,2503.0,688.0,,1538.0,,3067.0,1538.0,557.0,3468.0,477.0,332.0,1262.0,,,,469.0,,,,2740.0,699.0,,
,2275.0,2720.0,2478.0,,895.0,,2028.0,3839.0,1315.0,1312.0,17.0,3450.0,2589.0,,,,1865.0,,,,3611.0,477.0,,
,3665.0,945.0,2558.0,,2991.0,,2266.0,686.0,2010.0,476.0,3124.0,2973.0,1796.0,,,,2066.0,,,,784.0,330.0,,
,3778.0,332.0,2529.0,,1948.0,,2965.0,2506.0,1217.0,2106.0,3461.0,469.0,98.0,,,,3839.0,,,,2992.0,3434.0,,
,1673.0,3169.0,2214.0,,686.0,,2603.0,3703.0,1742.0,3028.0,1238.0,2571.0,2405.0,,,,2478.0,,,,2155.0,956.0,,
,2506.0,874.0,1909.0,,515.0,,686.0,1220.0,3434.0,2635.0,1537.0,1217.0,3666.0,,,,161.0,,,,1756.0,161.0,,
,98.0,2471.0,98.0,,944.0,,1756.0,1262.0,2869.0,1217.0,3668.0,2543.0,3270.0,,,,1857.0,,,,1584.0,3788.0,,
,162.0,1072.0,3685.0,,1539.0,,1330.0,1241.0,3732.0,131.0,195.0,3408.0,2544.0,,,,3252.0,,,,1328.0,1311.0,,
,195.0,699.0,2571.0,,469.0,,1527.0,3408.0,1901.0,515.0,2571.0,3028.0,3271.0,,,,1185.0,,,,2503.0,688.0,,
,515.0,1604.0,3484.0,,92.0,,2529.0,162.0,3239.0,3685.0,1655.0,1740.0,330.0,,,,2110.0,,,,332.0,3387.0,,
,783.0,1798.0,793.0,,149.0,,2726.0,3468.0,686.0,1601.0,3169.0,180.0,252.0,,,,1487.0,,,,73.0,533.0,,
,1716.0,780.0,728.0,,2034.0,,265.0,337.0,3731.0,6.0,1312.0,3640.0,2478.0,,,,2017.0,,,,3788.0,2529.0,,
,2992.0,162.0,6.0,,3010.0,,256.0,2106.0,1262.0,3666.0,1072.0,2603.0,1260.0,,,,2405.0,,,,1168.0,3717.0,,
,1601.0,3412.0,2847.0,,1315.0,,1604.0,1798.0,164.0,1673.0,2325.0,3713.0,1716.0,,,,3733.0,,,,3028.0,958.0,,
,2391.0,2010.0,3665.0,,3611.0,,3771.0,3687.0,2288.0,2664.0,2536.0,3563.0,3086.0,,,,1262.0,,,,27.0,3326.0,,
,131.0,195.0,337.0,,2571.0,,507.0,180.0,2221.0,2214.0,1601.0,3667.0,3010.0,,,,2275.0,,,,1609.0,989.0,,
,2964.0,1756.0,699.0,,3183.0,,1909.0,2110.0,3086.0,784.0,76.0,1056.0,162.0,,,,164.0,,,,1595.0,557.0,,
,2587.0,27.0,17.0,,70.0,,2506.0,2720.0,2149.0,895.0,728.0,1976.0,3665.0,,,,3704.0,,,,3105.0,3564.0,,
,780.0,1538.0,1604.0,,2471.0,,1496.0,2503.0,852.0,70.0,3468.0,1857.0,2506.0,,,,944.0,,,,3368.0,2207.0,,
,3470.0,568.0,477.0,,27.0,,2428.0,1857.0,1570.0,3822.0,2265.0,2782.0,3468.0,,,,1716.0,,,,2288.0,3275.0,,
,3777.0,98.0,182.0,,1045.0,,17.0,1796.0,2103.0,783.0,1185.0,1673.0,3470.0,,,,2207.0,,,,1766.0,2318.0,,
,1740.0,3685.0,2940.0,,1976.0,,274.0,2558.0,2616.0,1618.0,1149.0,2545.0,2571.0,,,,1311.0,,,,3733.0,1262.0,,
,2962.0,3408.0,3434.0,,2773.0,,252.0,1496.0,784.0,3484.0,2847.0,165.0,3685.0,,,,1673.0,,,,2275.0,2275.0,,
,2866.0,353.0,1315.0,,2265.0,,209.0,6.0,3685.0,687.0,2591.0,2773.0,2471.0,,,,3713.0,,,,164.0,3665.0,,
,3703.0,1591.0,1538.0,,3088.0,,2416.0,3777.0,3839.0,2571.0,2516.0,1081.0,1570.0,,,,783.0,,,,3685.0,3778.0,,
,1064.0,3470.0,2973.0,,3355.0,,2849.0,3666.0,3271.0,2543.0,2849.0,973.0,1016.0,,,,2973.0,,,,1742.0,98.0,,
,3720.0,319.0,1880.0,,2720.0,,2808.0,17.0,2544.0,414.0,557.0,2695.0,353.0,,,,187.0,,,,718.0,2536.0,,
,3563.0,1443.0,777.0,,1323.0,,1609.0,98.0,3275.0,301.0,784.0,1618.0,874.0,,,,477.0,,,,3222.0,1496.0,,
,2149.0,161.0,3028.0,,3484.0,,3461.0,2992.0,2318.0,3563.0,1443.0,2635.0,2606.0,,,,507.0,,,,1673.0,1072.0,,
,232.0,2416.0,3687.0,,2411.0,,3086.0,1570.0,2964.0,688.0,515.0,1241.0,283.0,,,,1675.0,,,,2443.0,1045.0,,
,2205.0,3839.0,2506.0,,252.0,,1198.0,570.0,2205.0,793.0,1064.0,1198.0,1673.0,,,,1394.0,,,,2366.0,1809.0,,
,3687.0,515.0,2926.0,,2926.0,,94.0,3484.0,3665.0,1241.0,3334.0,94.0,2782.0,,,,2940.0,,,,1857.0,3704.0,,
,2726.0,944.0,162.0,,1766.0,,945.0,874.0,1302.0,1168.0,3088.0,1315.0,699.0,,,,3703.0,,,,3830.0,3640.0,,
,1382.0,2964.0,3720.0,,1510.0,,1857.0,1323.0,2207.0,2297.0,2966.0,330.0,3406.0,,,,3640.0,,,,1608.0,1121.0,,
,2848.0,149.0,1740.0,,1570.0,,3666.0,687.0,1382.0,2848.0,3731.0,195.0,1901.0,,,,3067.0,,,,793.0,3666.0,,
,895.0,1531.0,533.0,,3326.0,,521.0,1217.0,1609.0,3434.0,3771.0,3125.0,2664.0,,,,1315.0,,,,3266.0,1382.0,,
,1220.0,3035.0,1262.0,,874.0,,3687.0,414.0,3713.0,2990.0,3045.0,2103.0,784.0,,,,3665.0,,,,3640.0,3687.0,,
,533.0,3611.0,3704.0,,687.0,,1704.0,2543.0,3315.0,2992.0,1834.0,2827.0,1315.0,,,,1191.0,,,,1056.0,414.0,,
,3266.0,1809.0,970.0,,1191.0,,2707.0,1673.0,958.0,1438.0,1281.0,2516.0,1221.0,,,,3169.0,,,,1064.0,2503.0,,
,1561.0,2308.0,1570.0,,2589.0,,1312.0,688.0,3788.0,1925.0,3252.0,995.0,1538.0,,,,780.0,,,,687.0,2205.0,,
,1336.0,687.0,2964.0,,2529.0,,1072.0,283.0,1538.0,1064.0,182.0,2657.0,3434.0,,,,1445.0,,,,131.0,332.0,,
,1221.0,1673.0,2066.0,,970.0,,2147.0,3690.0,2866.0,3024.0,1618.0,2964.0,3643.0,,,,414.0,,,,2297.0,3611.0,,
,1538.0,3713.0,1716.0,,3514.0,,477.0,1880.0,1531.0,2926.0,2337.0,1459.0,3709.0,,,,3563.0,,,,2706.0,1703.0,,
,144.0,3088.0,568.0,,2543.0,,2589.0,1072.0,469.0,187.0,2184.0,1584.0,1241.0,,,,3611.0,,,,3273.0,3468.0,,
,1539.0,3355.0,161.0,,1168.0,,2221.0,1016.0,1703.0,180.0,686.0,2214.0,161.0,,,,356.0,,,,2962.0,944.0,,
,728.0,2066.0,3564.0,,3440.0,,3777.0,3125.0,1618.0,1056.0,1975.0,353.0,582.0,,,,2981.0,,,,98.0,1618.0,,
,3564.0,2543.0,3822.0,,3687.0,,1382.0,3563.0,1740.0,1220.0,2010.0,2926.0,1756.0,,,,1221.0,,,,1591.0,476.0,,
,568.0,582.0,476.0,,2726.0,,1938.0,2848.0,3355.0,144.0,2391.0,2676.0,187.0,,,,2308.0,,,,195.0,93.0,,
,1591.0,2848.0,283.0,,958.0,,1624.0,2471.0,161.0,2732.0,2776.0,2155.0,2808.0,,,,2991.0,,,,2587.0,596.0,,
,1976.0,3666.0,1673.0,,2706.0,,3326.0,780.0,2529.0,3839.0,98.0,2536.0,1434.0,,,,3387.0,,,,3067.0,2635.0,,
,27.0,1262.0,1016.0,,2866.0,,3788.0,533.0,533.0,1538.0,96.0,2506.0,611.0,,,,2992.0,,,,193.0,2106.0,,
,3024.0,3434.0,2106.0,,3434.0,,2768.0,3685.0,3826.0,3088.0,274.0,2503.0,956.0,,,,2213.0,,,,515.0,2973.0,,
,180.0,1168.0,2416.0,,3318.0,,1595.0,187.0,1285.0,2025.0,1889.0,70.0,3318.0,,,,793.0,,,,1880.0,3035.0,,
,1056.0,1064.0,1539.0,,1618.0,,3611.0,1539.0,792.0,2776.0,3685.0,1064.0,1072.0,,,,1570.0,,,,3690.0,2478.0,,
,2991.0,1056.0,330.0,,3563.0,,1221.0,3434.0,1311.0,1857.0,3470.0,3066.0,2066.0,,,,2506.0,,,,3826.0,162.0,,
,161.0,1220.0,3086.0,,164.0,,2571.0,195.0,2516.0,1570.0,3581.0,3833.0,131.0,,,,687.0,,,,1967.0,2337.0,,
,2213.0,1976.0,1591.0,,1531.0,,98.0,2587.0,3822.0,1539.0,3611.0,2573.0,1574.0,,,,301.0,,,,161.0,2981.0,,
,970.0,3687.0,1967.0,,477.0,,356.0,2308.0,3844.0,3132.0,2197.0,3822.0,3830.0,,,,94.0,,,,2008.0,356.0,,
,2676.0,164.0,582.0,,784.0,,1311.0,1716.0,3564.0,2964.0,2544.0,2452.0,1531.0,,,,3777.0,,,,1154.0,1538.0,,
,1311.0,2676.0,3666.0,,1198.0,,1487.0,2962.0,1443.0,3273.0,3270.0,3088.0,3839.0,,,,784.0,,,,507.0,568.0,,
,187.0,2992.0,2010.0,,2207.0,,161.0,144.0,3745.0,2962.0,3275.0,970.0,1442.0,,,,2964.0,,,,1221.0,728.0,,
,1531.0,2587.0,2155.0,,2221.0,,2034.0,1191.0,3733.0,1221.0,3271.0,3378.0,469.0,,,,1072.0,,,,1704.0,3045.0,,
,3434.0,356.0,3273.0,,1482.0,,2375.0,1168.0,2275.0,2506.0,2318.0,3189.0,1217.0,,,,878.0,,,,94.0,180.0,,
,92.0,2981.0,3830.0,,2732.0,,1570.0,3024.0,724.0,161.0,1703.0,161.0,3326.0,,,,2205.0,,,,3124.0,1539.0,,
,1016.0,144.0,3839.0,,3450.0,,2478.0,2732.0,3704.0,1531.0,1282.0,2707.0,2940.0,,,,2337.0,,,,533.0,319.0,,
,2416.0,3563.0,2543.0,,2676.0,,2337.0,1740.0,3470.0,182.0,1016.0,3273.0,2676.0,,,,1601.0,,,,3024.0,777.0,,
,3791.0,2207.0,1168.0,,582.0,,92.0,2613.0,2066.0,1901.0,353.0,686.0,2847.0,,,,2848.0,,,,187.0,3028.0,,
,1394.0,2973.0,1336.0,,1056.0,,1260.0,2866.0,1045.0,3687.0,3650.0,2981.0,973.0,,,,3822.0,,,,1511.0,2110.0,,
,3822.0,1487.0,2848.0,,1016.0,,793.0,895.0,3045.0,3470.0,1045.0,144.0,1595.0,,,,1539.0,,,,780.0,1312.0,,
,1241.0,1740.0,2992.0,,2106.0,,3045.0,3266.0,2337.0,3266.0,3355.0,3024.0,2529.0,,,,2025.0,,,,1219.0,973.0,,
,3407.0,180.0,2613.0,,2768.0,,1443.0,3224.0,3024.0,3059.0,3697.0,1191.0,3703.0,,,,3132.0,,,,3563.0,1487.0,,
,3387.0,2107.0,1302.0,,3035.0,,3468.0,1056.0,2973.0,2205.0,792.0,2732.0,2962.0,,,,1527.0,,,,944.0,687.0,,
,3200.0,1570.0,541.0,,3387.0,,1336.0,3602.0,1766.0,2866.0,3434.0,2534.0,3826.0,,,,3408.0,,,,3407.0,2366.0,,
,414.0,2213.0,2866.0,,533.0,,1539.0,3200.0,1168.0,3611.0,2308.0,1072.0,3125.0,,,,1056.0,,,,3421.0,2589.0,,
,2308.0,1618.0,3266.0,,1967.0,,6.0,3169.0,1591.0,1198.0,2266.0,1591.0,144.0,,,,1016.0,,,,3583.0,1938.0,,
,792.0,2962.0,895.0,,2310.0,,895.0,1336.0,1539.0,3387.0,1315.0,2808.0,3412.0,,,,1538.0,,,,557.0,3318.0,,
,3318.0,3703.0,3222.0,,1311.0,,1538.0,2635.0,332.0,2676.0,3713.0,1561.0,1311.0,,,,1591.0,,,,3470.0,1498.0,,
,2245.0,3318.0,3038.0,,414.0,,187.0,2991.0,130.0,728.0,457.0,1009.0,3169.0,,,,144.0,,,,510.0,144.0,,
,1191.0,3640.0,3468.0,,2213.0,,1220.0,3720.0,2536.0,568.0,144.0,3470.0,2184.0,,,,2778.0,,,,2571.0,1624.0,,
,2847.0,6.0,3563.0,,611.0,,3839.0,1938.0,1756.0,1591.0,414.0,1328.0,1539.0,,,,2732.0,,,,648.0,1673.0,,
,182.0,2635.0,131.0,,180.0,,3833.0,970.0,1445.0,2573.0,337.0,1221.0,414.0,,,,2635.0,,,,3440.0,2727.0,,
,1168.0,3387.0,149.0,,2979.0,,1009.0,1064.0,3703.0,710.0,1978.0,3449.0,2866.0,,,,2770.0,,,,2506.0,2571.0,,
,1618.0,1716.0,3611.0,,130.0,,469.0,1198.0,414.0,2034.0,3788.0,1531.0,2992.0,,,,792.0,,,,2973.0,3328.0,,
,1520.0,1328.0,1834.0,,2973.0,,1880.0,2184.0,353.0,1302.0,1740.0,182.0,1510.0,,,,728.0,,,,1570.0,541.0,,
,1675.0,1221.0,2034.0,,1336.0,,450.0,131.0,2155.0,2768.0,2155.0,3685.0,3704.0,,,,2516.0,,,,2921.0,1570.0,,
,2827.0,870.0,1372.0,,780.0,,2964.0,1221.0,1241.0,973.0,1328.0,3830.0,2008.0,,,,973.0,,,,2048.0,1740.0,,
,2732.0,648.0,319.0,,1676.0,,2503.0,1487.0,337.0,2827.0,1191.0,2866.0,2542.0,,,,1081.0,,,,3038.0,3086.0,,
,3611.0,3024.0,3084.0,,2822.0,,3010.0,973.0,131.0,2979.0,2587.0,3611.0,1938.0,,,,2613.0,,,,1185.0,995.0,,
,2573.0,2926.0,515.0,,1220.0,,2405.0,2337.0,2726.0,2443.0,161.0,3807.0,3611.0,,,,2155.0,,,,895.0,2664.0,,
,2926.0,1539.0,1889.0,,2848.0,,3024.0,682.0,3038.0,2707.0,1592.0,414.0,433.0,,,,2587.0,,,,140.0,2516.0,,
,710.0,895.0,3059.0,,3189.0,,2716.0,1976.0,2478.0,2516.0,2869.0,3703.0,3266.0,,,,2676.0,,,,570.0,165.0,,
,2516.0,1336.0,1442.0,,2613.0,,476.0,2776.0,2716.0,2471.0,3733.0,1901.0,2848.0,,,,3434.0,,,,356.0,2707.0,,
,2325.0,541.0,1064.0,,3657.0,,2543.0,255.0,2110.0,2337.0,1262.0,1168.0,2990.0,,,,2827.0,,,,3408.0,1191.0,,
,353.0,1219.0,2727.0,,2827.0,,180.0,1604.0,1198.0,995.0,3665.0,2962.0,1220.0,,,,353.0,,,,970.0,3024.0,,
,3035.0,2866.0,2275.0,,3408.0,,186.0,3318.0,682.0,1561.0,3717.0,568.0,3200.0,,,,195.0,,,,3387.0,3685.0,,
,2979.0,2991.0,1241.0,,1880.0,,482.0,209.0,98.0,165.0,3687.0,3296.0,1064.0,,,,710.0,,,,2205.0,2926.0,,
,2405.0,1901.0,2471.0,,1748.0,,1217.0,2778.0,2848.0,1967.0,3704.0,1814.0,1191.0,,,,2573.0,,,,1487.0,1056.0,,
,2025.0,76.0,3703.0,,1064.0,,2991.0,3252.0,2405.0,3169.0,2397.0,3610.0,1592.0,,,,3011.0,,,,2940.0,970.0,,
,3704.0,2265.0,3709.0,,3273.0,,1390.0,2205.0,2025.0,2991.0,330.0,1925.0,2010.0,,,,2706.0,,,,2110.0,3183.0,,
,2716.0,3610.0,1445.0,,1221.0,,3183.0,1967.0,2776.0,3183.0,2066.0,846.0,3484.0,,,,866.0,,,,1834.0,3038.0,,
,3659.0,611.0,2726.0,,2964.0,,144.0,3088.0,2768.0,1445.0,27.0,3473.0,2110.0,,,,3539.0,,,,783.0,2443.0,,
,3252.0,3273.0,2025.0,,144.0,,3412.0,165.0,2778.0,680.0,2635.0,2047.0,3387.0,,,,3659.0,,,,2991.0,2471.0,,
,995.0,1191.0,2265.0,,3610.0,,3703.0,140.0,2613.0,1976.0,3086.0,760.0,537.0,,,,3088.0,,,,1442.0,611.0,,
,3484.0,2732.0,195.0,,1372.0,,3685.0,541.0,2992.0,2534.0,970.0,2110.0,895.0,,,,3484.0,,,,1445.0,1328.0,,
,3592.0,1748.0,874.0,,3686.0,,2864.0,161.0,3266.0,3296.0,1217.0,1834.0,777.0,,,,232.0,,,,3777.0,710.0,,
,1880.0,570.0,1574.0,,3266.0,,3167.0,995.0,3273.0,2689.0,1220.0,3387.0,3024.0,,,,1442.0,,,,319.0,1591.0,,
,165.0,2110.0,870.0,,187.0,,2776.0,1520.0,895.0,760.0,131.0,2107.0,180.0,,,,1286.0,,,,1618.0,2155.0,,
,2337.0,2155.0,2107.0,,1219.0,,2568.0,2397.0,1665.0,2569.0,2981.0,2848.0,2776.0,,,,2866.0,,,,3412.0,497.0,,
,1286.0,1445.0,27.0,,529.0,,1937.0,2516.0,3224.0,160.0,1766.0,3222.0,2310.0,,,,1064.0,,,,3449.0,2266.0,,
,3183.0,1198.0,3408.0,,2635.0,,2214.0,699.0,2868.0,846.0,866.0,2025.0,3822.0,,,,3273.0,,,,1604.0,2732.0,,
,3539.0,182.0,450.0,,2587.0,,1219.0,1591.0,1937.0,1880.0,2964.0,1880.0,3269.0,,,,895.0,,,,1716.0,3777.0,,
,3011.0,2047.0,1748.0,,3024.0,,329.0,2808.0,1336.0,989.0,130.0,3581.0,1520.0,,,,1336.0,,,,2727.0,1217.0,,
,931.0,1880.0,3169.0,,1120.0,,1104.0,2990.0,2543.0,2155.0,1809.0,2587.0,2411.0,,,,1604.0,,,,3269.0,1967.0,,
,3243.0,3777.0,180.0,,3460.0,,1561.0,2460.0,568.0,507.0,3035.0,2778.0,2600.0,,,,1880.0,,,,2405.0,2826.0,,
,2297.0,2808.0,2606.0,,1847.0,,1459.0,1321.0,2635.0,1510.0,180.0,2213.0,1198.0,,,,2297.0,,,,3679.0,131.0,,
,433.0,3266.0,3777.0,,2569.0,,3434.0,1531.0,1748.0,1443.0,632.0,3839.0,2337.0,,,,252.0,,,,3651.0,1757.0,,
,2921.0,3602.0,2205.0,,3224.0,,3720.0,2067.0,846.0,1740.0,332.0,718.0,1498.0,,,,329.0,,,,3659.0,2866.0,,
,1278.0,3368.0,973.0,,3169.0,,3822.0,989.0,3611.0,3610.0,2827.0,1892.0,1443.0,,,,501.0,,,,1302.0,294.0,,
,3222.0,3046.0,2411.0,,2326.0,,3059.0,3273.0,1975.0,1442.0,3408.0,1748.0,27.0,,,,648.0,,,,1336.0,2397.0,,
,2471.0,2405.0,687.0,,1105.0,,2471.0,1361.0,541.0,2107.0,2106.0,3440.0,1336.0,,,,1592.0,,,,144.0,209.0,,
,2397.0,255.0,710.0,,2047.0,,2245.0,1445.0,2047.0,294.0,396.0,3650.0,541.0,,,,568.0,,,,450.0,1361.0,,
,1072.0,989.0,3224.0,,2214.0,,3328.0,182.0,3640.0,2308.0,1880.0,2205.0,2973.0,,,,3035.0,,,,3709.0,1675.0,,
,2727.0,2613.0,1487.0,,3417.0,,1520.0,2025.0,187.0,1748.0,1538.0,1538.0,3687.0,,,,712.0,,,,1382.0,3807.0,,
,2613.0,1442.0,3132.0,,1302.0,,3204.0,235.0,1438.0,252.0,568.0,710.0,1328.0,,,,322.0,,,,3507.0,2543.0,,
,1975.0,433.0,3284.0,,1975.0,,783.0,927.0,3028.0,1344.0,2689.0,1220.0,165.0,,,,3266.0,,,,1072.0,3839.0,,
,1442.0,131.0,3024.0,,3084.0,,162.0,718.0,1361.0,255.0,3296.0,160.0,568.0,,,,1967.0,,,,541.0,3412.0,,
,2808.0,3059.0,1191.0,,1438.0,,688.0,2104.0,1592.0,1311.0,2025.0,1311.0,1591.0,,,,319.0,,,,1446.0,3703.0,,
,1592.0,2768.0,2110.0,,2727.0,,533.0,710.0,2926.0,3189.0,3484.0,3046.0,3564.0,,,,3407.0,,,,1241.0,2979.0,,
,973.0,783.0,187.0,,3407.0,,611.0,3328.0,611.0,3807.0,687.0,2689.0,3650.0,,,,3592.0,,,,1665.0,1302.0,,
,2981.0,1104.0,944.0,,1591.0,,1673.0,1863.0,1221.0,2981.0,2573.0,3602.0,2964.0,,,,3778.0,,,,252.0,346.0,,
,356.0,995.0,783.0,,1445.0,,283.0,3189.0,3830.0,1191.0,710.0,2736.0,2613.0,,,,2325.0,,,,2808.0,1221.0,,
,1357.0,2337.0,1531.0,,2155.0,,2545.0,3650.0,1219.0,2325.0,2826.0,2613.0,3273.0,,,,1104.0,,,,2266.0,1344.0,,
,1604.0,2990.0,2776.0,,1060.0,,3406.0,1438.0,3484.0,2047.0,1531.0,1361.0,3408.0,,,,1219.0,,,,3059.0,1445.0,,
,1809.0,2028.0,3412.0,,3709.0,,353.0,1975.0,2411.0,2587.0,718.0,728.0,322.0,,,,611.0,,,,3356.0,1220.0,,
,1925.0,2516.0,140.0,,322.0,,973.0,356.0,944.0,1757.0,2110.0,2622.0,529.0,,,,2808.0,,,,2979.0,2405.0,,
,3651.0,710.0,3610.0,,1434.0,,414.0,2275.0,728.0,149.0,1967.0,2478.0,2569.0,,,,1120.0,,,,710.0,2297.0,,
,2443.0,2573.0,1198.0,,2841.0,,2962.0,3709.0,2991.0,3440.0,3024.0,2992.0,1675.0,,,,2326.0,,,,3088.0,2452.0,,
,301.0,3189.0,3035.0,,1822.0,,541.0,2718.0,3408.0,2265.0,1361.0,1592.0,3019.0,,,,2979.0,,,,3539.0,648.0,,
,235.0,2034.0,3387.0,,2707.0,,1819.0,433.0,144.0,970.0,2979.0,1222.0,2545.0,,,,2443.0,,,,2990.0,2964.0,,
,3610.0,933.0,1520.0,,718.0,,2720.0,1675.0,3417.0,2613.0,2443.0,895.0,687.0,,,,2310.0,,,,255.0,3709.0,,
,319.0,3252.0,3602.0,,1892.0,,3484.0,3704.0,1967.0,3504.0,3830.0,1336.0,3581.0,,,,2452.0,,,,2981.0,3075.0,,
,2527.0,2025.0,995.0,,3470.0,,3266.0,2245.0,2310.0,2822.0,3669.0,2991.0,1168.0,,,,1976.0,,,,2569.0,682.0,,
,3269.0,2553.0,165.0,,356.0,,3105.0,331.0,1372.0,1892.0,777.0,1570.0,3224.0,,,,1748.0,,,,2397.0,2778.0,,
,2841.0,3222.0,1938.0,,893.0,,3318.0,1729.0,2622.0,718.0,1539.0,1539.0,1056.0,,,,1925.0,,,,712.0,2184.0,,
,866.0,1938.0,2841.0,,3503.0,,874.0,3611.0,1889.0,2048.0,1394.0,1219.0,195.0,,,,2569.0,,,,2826.0,1241.0,,
,1938.0,3328.0,252.0,,160.0,,1574.0,956.0,160.0,1665.0,2973.0,3266.0,2107.0,,,,255.0,,,,2025.0,1976.0,,
,2534.0,682.0,2337.0,,1494.0,,1230.0,2326.0,3657.0,1072.0,2727.0,2841.0,1740.0,,,,178.0,,,,2778.0,1149.0,,
,3296.0,2778.0,2676.0,,321.0,,2606.0,3132.0,1442.0,3455.0,501.0,1140.0,2587.0,,,,2048.0,,,,792.0,3830.0,,
,3328.0,1967.0,1072.0,,541.0,,3470.0,3470.0,1064.0,2736.0,469.0,2266.0,1445.0,,,,2689.0,,,,529.0,3408.0,,
,3602.0,1382.0,2516.0,,3243.0,,711.0,3086.0,1892.0,3224.0,611.0,3455.0,710.0,,,,3296.0,,,,501.0,3440.0,,
,3046.0,3011.0,682.0,,3807.0,,2184.0,3038.0,3269.0,3072.0,1798.0,570.0,995.0,,,,3720.0,,,,70.0,1875.0,,
,255.0,846.0,2778.0,,1464.0,,1901.0,1442.0,1604.0,3830.0,2778.0,1235.0,2516.0,,,,2527.0,,,,3084.0,1016.0,,
,2569.0,3766.0,3328.0,,3659.0,,2066.0,611.0,3046.0,1446.0,541.0,632.0,2397.0,,,,1960.0,,,,2573.0,2827.0,,
,2266.0,2534.0,3252.0,,2405.0,,3243.0,2405.0,255.0,1104.0,2613.0,255.0,507.0,,,,1070.0,,,,3011.0,3610.0,,
,989.0,3296.0,3581.0,,1736.0,,2981.0,1592.0,3610.0,1361.0,3839.0,3059.0,3222.0,,,,1531.0,,,,2322.0,1435.0,,
,956.0,2979.0,433.0,,339.0,,131.0,2066.0,3011.0,1592.0,1665.0,131.0,2543.0,,,,1361.0,,,,973.0,3273.0,,
,294.0,680.0,2768.0,,1426.0,,2646.0,3592.0,1880.0,1382.0,3822.0,2048.0,3602.0,,,,1434.0,,,,1361.0,3321.0,,
,3709.0,3086.0,2732.0,,1070.0,,1191.0,320.0,2545.0,1336.0,2543.0,2979.0,2047.0,,,,3504.0,,,,874.0,1216.0,,
,724.0,2443.0,1056.0,,141.0,,2010.0,3269.0,113.0,541.0,3273.0,3504.0,515.0,,,,433.0,,,,1574.0,1736.0,,
,846.0,973.0,1498.0,,2090.0,,2847.0,2707.0,3059.0,1814.0,2866.0,2611.0,2155.0,,,,3336.0,,,,931.0,2808.0,,
,1736.0,1223.0,3046.0,,565.0,,1223.0,2981.0,2439.0,2326.0,1302.0,536.0,3088.0,,,,3183.0,,,,3514.0,3650.0,,
,3292.0,1510.0,255.0,,1091.0,,2553.0,2048.0,3581.0,3503.0,2706.0,2028.0,2022.0,,,,1364.0,,,,2244.0,1592.0,,
,3103.0,1361.0,1978.0,,632.0,,2613.0,2452.0,1056.0,27.0,1445.0,3514.0,688.0,,,,2776.0,,,,2310.0,2569.0,,
,2452.0,2184.0,1104.0,,956.0,,2310.0,2573.0,3709.0,2978.0,1673.0,2553.0,1219.0,,,,1847.0,,,,1460.0,2047.0,,
,2778.0,1438.0,2443.0,,880.0,,568.0,3822.0,576.0,3791.0,2646.0,2104.0,2991.0,,,,1302.0,,,,2010.0,2066.0,,
,3807.0,3038.0,3292.0,,2104.0,,3084.0,568.0,2979.0,2706.0,1382.0,3620.0,3328.0,,,,931.0,,,,3504.0,1336.0,,
,1875.0,2827.0,2587.0,,2813.0,,2725.0,3011.0,3183.0,870.0,3387.0,1017.0,396.0,,,,1060.0,,,,3503.0,895.0,,
,2107.0,1736.0,2452.0,,447.0,,3220.0,3035.0,3539.0,2727.0,2478.0,2591.0,682.0,,,,1437.0,,,,2411.0,2991.0,,
,1445.0,1889.0,1976.0,,2810.0,,3224.0,1443.0,3387.0,1091.0,944.0,1394.0,1978.0,,,,1809.0,,,,846.0,1494.0,,
,1070.0,1937.0,2047.0,,898.0,,2642.0,2155.0,1104.0,3469.0,301.0,893.0,931.0,,,,3610.0,,,,1120.0,3539.0,,
,141.0,956.0,2808.0,,3013.0,,965.0,3412.0,3777.0,3650.0,2212.0,1445.0,2732.0,,,,760.0,,,,3460.0,3266.0,,
,1757.0,2507.0,3650.0,,1535.0,,3269.0,1060.0,2443.0,3011.0,1241.0,2674.0,866.0,,,,2727.0,,,,2827.0,1219.0,,
,1060.0,3514.0,718.0,,2761.0,,1321.0,1104.0,319.0,611.0,3038.0,3407.0,2534.0,,,,1216.0,,,,3035.0,3407.0,,
,2978.0,2921.0,1892.0,,2812.0,,1434.0,1889.0,2506.0,3592.0,3610.0,3289.0,2266.0,,,,3507.0,,,,1077.0,1223.0,,
,2768.0,3830.0,3804.0,,,,2534.0,322.0,529.0,2310.0,1487.0,2453.0,1624.0,,,,1091.0,,,,2326.0,1763.0,,
,2326.0,235.0,1361.0,,,,165.0,2443.0,2606.0,3620.0,2841.0,1260.0,1361.0,,,,3072.0,,,,565.0,433.0,,
,680.0,2707.0,611.0,,,,2591.0,2047.0,396.0,1328.0,2047.0,3132.0,2635.0,,,,3709.0,,,,2978.0,3046.0,,
,2155.0,1665.0,1510.0,,,,956.0,2351.0,3222.0,3720.0,2214.0,747.0,870.0,,,,3628.0,,,,1925.0,2848.0,,
,1104.0,1757.0,356.0,,,,3514.0,1372.0,710.0,2527.0,1221.0,3788.0,1302.0,,,,1911.0,,,,632.0,255.0,,
,510.0,1206.0,927.0,,,,2104.0,3292.0,1510.0,3328.0,1336.0,2471.0,1382.0,,,,1174.0,,,,2822.0,2025.0,,
,1960.0,3704.0,725.0,,,,1742.0,1757.0,3650.0,3709.0,3028.0,294.0,3011.0,,,,3460.0,,,,3610.0,1756.0,,
,648.0,1302.0,2104.0,,,,582.0,1875.0,1675.0,1938.0,584.0,319.0,2104.0,,,,565.0,,,,1235.0,2992.0,,
,1967.0,1592.0,1863.0,,,,3610.0,3407.0,356.0,2841.0,1865.0,2936.0,1863.0,,,,294.0,,,,3343.0,1117.0,,
,1223.0,2527.0,1328.0,,,,1139.0,3421.0,2507.0,682.0,2926.0,507.0,718.0,,,,3075.0,,,,1459.0,3514.0,,
,541.0,2706.0,414.0,,,,1406.0,3791.0,3660.0,2778.0,2992.0,149.0,927.0,,,,2822.0,,,,1462.0,160.0,,
,1023.0,1372.0,3690.0,,,,2155.0,319.0,874.0,3602.0,255.0,1075.0,1892.0,,,,846.0,,,,2676.0,501.0,,
,1219.0,970.0,501.0,,,,515.0,76.0,537.0,3292.0,3539.0,576.0,2048.0,,,,3807.0,,,,699.0,2500.0,,
,1198.0,866.0,1120.0,,,,1199.0,1328.0,1016.0,3318.0,3417.0,1286.0,1104.0,,,,1438.0,,,,3296.0,235.0,,
,1117.0,3292.0,1847.0,,,,3830.0,1344.0,2212.0,927.0,3651.0,2308.0,2387.0,,,,970.0,,,,1174.0,3520.0,,
,3038.0,209.0,507.0,,,,1032.0,965.0,2827.0,725.0,1120.0,3278.0,209.0,,,,160.0,,,,760.0,718.0,,
,1120.0,1113.0,931.0,,,,710.0,3778.0,2106.0,956.0,2569.0,2817.0,3292.0,,,,2221.0,,,,2689.0,719.0,,
,3460.0,1978.0,2048.0,,,,2149.0,576.0,3035.0,931.0,1104.0,1606.0,501.0,,,,1736.0,,,,294.0,2761.0,,
,1847.0,2716.0,2213.0,,,,2827.0,3830.0,2527.0,1675.0,2978.0,541.0,2025.0,,,,3686.0,,,,3807.0,2822.0,,
,565.0,141.0,2573.0,,,,3408.0,2534.0,2747.0,215.0,2452.0,3469.0,970.0,,,,1875.0,,,,1814.0,1748.0,,
,1438.0,3657.0,2827.0,,,,3252.0,1901.0,3804.0,1875.0,2622.0,2642.0,1729.0,,,,2471.0,,,,3618.0,3435.0,,
,2689.0,718.0,3460.0,,,,3169.0,2826.0,2569.0,1017.0,1494.0,359.0,2778.0,,,,1198.0,,,,3278.0,846.0,,
,3358.0,1446.0,3686.0,,,,2106.0,2022.0,2822.0,2411.0,2029.0,3463.0,2868.0,,,,1757.0,,,,759.0,2679.0,,
,1665.0,927.0,2569.0,,,,584.0,3222.0,2087.0,2611.0,3807.0,1492.0,1875.0,,,,2978.0,,,,1057.0,1901.0,,
,2244.0,1892.0,2979.0,,,,3791.0,1665.0,2104.0,3103.0,1168.0,3036.0,1757.0,,,,1665.0,,,,1809.0,1446.0,,
,2310.0,1863.0,3504.0,,,,2411.0,2507.0,2642.0,3581.0,2326.0,34.0,3791.0,,,,2411.0,,,,1492.0,1140.0,,
,747.0,3807.0,294.0,,,,529.0,944.0,946.0,2452.0,2310.0,2643.0,1665.0,,,,1329.0,,,,3455.0,1459.0,,
,760.0,369.0,1592.0,,,,2439.0,3387.0,3592.0,1223.0,2213.0,1225.0,1223.0,,,,1494.0,,,,2527.0,1091.0,,
,1173.0,2826.0,846.0,,,,3503.0,3046.0,1863.0,3046.0,2103.0,3557.0,1438.0,,,,3657.0,,,,369.0,2506.0,,
,2611.0,2776.0,3075.0,,,,1323.0,1230.0,1561.0,2405.0,160.0,1175.0,2978.0,,,,3160.0,,,,2807.0,3791.0,,
,1174.0,836.0,2689.0,,,,1591.0,1978.0,2416.0,3539.0,1875.0,148.0,2979.0,,,,632.0,,,,3358.0,2244.0,,
,316.0,1230.0,2326.0,,,,1372.0,1223.0,718.0,2397.0,3075.0,2639.0,944.0,,,,3514.0,,,,2047.0,2048.0,,
,3628.0,1444.0,565.0,,,,1023.0,2622.0,719.0,433.0,113.0,3333.0,3429.0,,,,3503.0,,,,2152.0,3019.0,,
,1435.0,2452.0,2507.0,,,,2770.0,2979.0,2048.0,1216.0,3463.0,2507.0,877.0,,,,2622.0,,,,3160.0,1104.0,,
,1459.0,725.0,2244.0,,,,2992.0,1624.0,687.0,141.0,141.0,3679.0,1878.0,,,,3830.0,,,,396.0,1329.0,,
,2110.0,1357.0,759.0,,,,747.0,2841.0,433.0,256.0,294.0,762.0,680.0,,,,318.0,,,,1465.0,2308.0,,
,2665.0,3417.0,3358.0,,,,3473.0,3504.0,141.0,2679.0,2507.0,1926.0,2770.0,,,,747.0,,,,1216.0,2213.0,,
,3075.0,530.0,3296.0,,,,1889.0,2978.0,209.0,1736.0,2275.0,2527.0,783.0,,,,3440.0,,,,3224.0,1510.0,,
,2411.0,3650.0,316.0,,,,1056.0,2689.0,3778.0,3038.0,3709.0,1173.0,2827.0,,,,316.0,,,,141.0,339.0,,
,3657.0,1091.0,680.0,,,,2516.0,2215.0,2213.0,1023.0,356.0,3618.0,2106.0,,,,3660.0,,,,956.0,1916.0,,
,1494.0,3690.0,3807.0,,,,3650.0,2213.0,970.0,2703.0,209.0,2747.0,3035.0,,,,141.0,,,,1357.0,2553.0,,
,2703.0,3539.0,1561.0,,,,3011.0,1023.0,294.0,1120.0,2732.0,3297.0,1889.0,,,,3455.0,,,,2028.0,2841.0,,
,3504.0,2978.0,3514.0,,,,995.0,294.0,965.0,1975.0,895.0,1680.0,2326.0,,,,956.0,,,,3417.0,3690.0,,
,1091.0,3503.0,2310.0,,,,2979.0,3657.0,1729.0,316.0,530.0,2822.0,141.0,,,,2534.0,,,,754.0,1880.0,,
,2276.0,3581.0,3592.0,,,,2326.0,1219.0,747.0,2104.0,2405.0,719.0,3358.0,,,,2440.0,,,,1105.0,1986.0,,
,1911.0,1394.0,3441.0,,,,2213.0,3296.0,3514.0,1329.0,2215.0,3224.0,1060.0,,,,1606.0,,,,1364.0,704.0,,
,2047.0,3469.0,1364.0,,,,946.0,2411.0,431.0,2642.0,3777.0,141.0,301.0,,,,680.0,,,,1740.0,3429.0,,
,3160.0,3686.0,537.0,,,,2443.0,1120.0,866.0,2507.0,695.0,754.0,1070.0,,,,2185.0,,,,1438.0,3269.0,,
,946.0,3407.0,141.0,,,,682.0,2827.0,1655.0,2817.0,187.0,2737.0,1880.0,,,,848.0,,,,680.0,931.0,,
,160.0,301.0,956.0,,,,2778.0,846.0,3504.0,1364.0,210.0,351.0,1967.0,,,,2244.0,,,,1494.0,2837.0,,
,3514.0,2351.0,2534.0,,,,1328.0,3610.0,2707.0,1494.0,3278.0,1104.0,3046.0,,,,2107.0,,,,1017.0,3358.0,,
,396.0,2689.0,608.0,,,,1438.0,3807.0,3318.0,3657.0,1357.0,3358.0,255.0,,,,3618.0,,,,2736.0,70.0,,
,3440.0,3224.0,1875.0,,,,3539.0,1736.0,1736.0,2215.0,85.0,1154.0,3657.0,,,,3278.0,,,,1198.0,1822.0,,
,632.0,2841.0,1216.0,,,,235.0,3183.0,2841.0,331.0,3460.0,2569.0,632.0,,,,1173.0,,,,1757.0,187.0,,
,3273.0,2326.0,1925.0,,,,3602.0,2569.0,2962.0,1822.0,1847.0,1172.0,1763.0,,,,2639.0,,,,1875.0,2214.0,,
,3224.0,3504.0,3189.0,,,,1498.0,2727.0,933.0,1394.0,3514.0,1810.0,3417.0,,,,3463.0,,,,3505.0,178.0,,
,2622.0,2048.0,2635.0,,,,2025.0,1561.0,2245.0,3407.0,2602.0,2500.0,1023.0,,,,1105.0,,,,2452.0,1791.0,,
,3455.0,178.0,1665.0,,,,2047.0,1357.0,1120.0,3421.0,1124.0,2326.0,160.0,,,,1663.0,,,,1125.0,2412.0,,
,3830.0,1875.0,1757.0,,,,215.0,2500.0,2689.0,3679.0,1113.0,2740.0,3807.0,,,,2817.0,,,,316.0,2810.0,,
,2439.0,3440.0,2978.0,,,,3709.0,3440.0,3160.0,3672.0,3224.0,1077.0,2213.0,,,,995.0,,,,3825.0,1426.0,,
,3804.0,1260.0,1174.0,,,,2990.0,946.0,2326.0,3651.0,3440.0,1174.0,3514.0,,,,3328.0,,,,2104.0,2150.0,,
,2822.0,482.0,760.0,,,,2848.0,3539.0,2809.0,356.0,1173.0,1120.0,3183.0,,,,1520.0,,,,3183.0,3431.0,,
,1302.0,1561.0,1814.0,,,,1976.0,1460.0,989.0,2614.0,3358.0,1460.0,2772.0,,,,2507.0,,,,322.0,1120.0,,
,1329.0,2245.0,3278.0,,,,2569.0,1077.0,3460.0,1225.0,3504.0,2310.0,3321.0,,,,2397.0,,,,733.0,3460.0,,
,2104.0,1124.0,2736.0,,,,3292.0,3358.0,1847.0,1174.0,1675.0,2810.0,1960.0,,,,3358.0,,,,1225.0,2550.0,,
,2737.0,3358.0,3417.0,,,,1757.0,1892.0,3075.0,3618.0,1009.0,369.0,725.0,,,,3036.0,,,,1173.0,1438.0,,
,754.0,1494.0,2622.0,,,,1875.0,632.0,1113.0,1462.0,3253.0,759.0,3560.0,,,,2643.0,,,,3620.0,2812.0,,
,1463.0,1822.0,3455.0,,,,1064.0,369.0,2657.0,1847.0,3720.0,2244.0,1601.0,,,,762.0,,,,2841.0,,,
,1225.0,3804.0,1017.0,,,,3407.0,1494.0,1757.0,3460.0,3183.0,1465.0,946.0,,,,2047.0,,,,3169.0,,,
,1361.0,3289.0,160.0,,,,3421.0,680.0,3296.0,565.0,1748.0,2703.0,1091.0,,,,2703.0,,,,2554.0,,,
,2639.0,2104.0,1465.0,,,,2022.0,2310.0,1070.0,2665.0,1757.0,3460.0,2689.0,,,,3417.0,,,,566.0,,,
,359.0,1975.0,3620.0,,,,3387.0,1286.0,1060.0,3686.0,3455.0,1463.0,3296.0,,,,396.0,,,,3842.0,,,
,759.0,2809.0,3463.0,,,,1892.0,2387.0,1105.0,2807.0,1174.0,1153.0,1140.0,,,,3581.0,,,,2214.0,,,
,1465.0,1241.0,2527.0,,,,3704.0,2614.0,2665.0,3505.0,1075.0,1442.0,1120.0,,,,3292.0,,,,3657.0,,,
,2657.0,893.0,2868.0,,,,570.0,501.0,1174.0,2244.0,3620.0,1485.0,1847.0,,,,359.0,,,,578.0,,,
,2810.0,1286.0,1077.0,,,,1949.0,2868.0,2978.0,3075.0,1925.0,565.0,3460.0,,,,2265.0,,,,848.0,,,
,2550.0,2411.0,1235.0,,,,255.0,1121.0,3084.0,866.0,760.0,1967.0,3075.0,,,,1463.0,,,,3686.0,,,
,1216.0,1329.0,3656.0,,,,2587.0,1091.0,632.0,1460.0,2736.0,1329.0,1975.0,,,,1814.0,,,,2107.0,,,
,1106.0,3484.0,1173.0,,,,1055.0,2103.0,1462.0,1077.0,2807.0,3628.0,2665.0,,,,2276.0,,,,190.0,,,
,1437.0,3592.0,3505.0,,,,1863.0,1124.0,1875.0,1465.0,1225.0,462.0,1736.0,,,,3650.0,,,,2639.0,,,
,3620.0,3132.0,3539.0,,,,687.0,3542.0,3807.0,2837.0,1465.0,1911.0,2214.0,,,,148.0,,,,2208.0,,,
,3618.0,187.0,2822.0,,,,970.0,747.0,369.0,2550.0,3557.0,2837.0,1174.0,,,,1253.0,,,,1140.0,,,
,2066.0,396.0,1494.0,,,,927.0,1459.0,2595.0,3690.0,1154.0,2550.0,565.0,,,,1492.0,,,,3336.0,,,
,1663.0,320.0,2215.0,,,,718.0,178.0,3407.0,946.0,1492.0,3626.0,846.0,,,,1235.0,,,,1091.0,,,
,1057.0,3397.0,462.0,,,,2140.0,933.0,1494.0,2441.0,1070.0,2322.0,2133.0,,,,1151.0,,,,2516.0,,,
,2185.0,1949.0,3469.0,,,,501.0,160.0,1976.0,1173.0,3505.0,2614.0,2822.0,,,,2104.0,,,,2215.0,,,
,3088.0,1364.0,1460.0,,,,3690.0,1435.0,165.0,3222.0,3160.0,1736.0,2740.0,,,,2212.0,,,,3660.0,,,
,2770.0,160.0,2810.0,,,,1241.0,3679.0,3440.0,3626.0,1105.0,2549.0,2103.0,,,,1406.0,,,,3804.0,,,
,3278.0,140.0,2747.0,,,,195.0,1329.0,1117.0,2322.0,3564.0,1791.0,2244.0,,,,1813.0,,,,2521.0,,,
,1814.0,2679.0,351.0,,,,178.0,1302.0,530.0,3669.0,148.0,1105.0,1105.0,,,,3602.0,,,,1437.0,,,
,351.0,2397.0,1070.0,,,,2048.0,1822.0,1091.0,1060.0,1172.0,1757.0,2507.0,,,,719.0,,,,1485.0,,,
,1140.0,931.0,3557.0,,,,3542.0,1394.0,3055.0,2412.0,1926.0,2761.0,2527.0,,,,1225.0,,,,2614.0,,,
,3679.0,2657.0,2152.0,,,,1729.0,2444.0,482.0,369.0,2643.0,2727.0,2841.0,,,,635.0,,,,3036.0,,,
,1364.0,414.0,1105.0,,,,3189.0,3788.0,2981.0,2747.0,3473.0,3596.0,989.0,,,,3222.0,,,,3333.0,,,
,2441.0,1017.0,3618.0,,,,3091.0,1925.0,1223.0,3628.0,1406.0,2976.0,3435.0,,,,1140.0,,,,3628.0,,,
,1462.0,1925.0,635.0,,,,2722.0,1465.0,2452.0,3036.0,2639.0,848.0,2747.0,,,,320.0,,,,549.0,,,
,3505.0,760.0,1023.0,,,,3006.0,1878.0,3690.0,1175.0,3618.0,510.0,3504.0,,,,1357.0,,,,1720.0,,,
,3219.0,3463.0,1075.0,,,,2107.0,836.0,1394.0,1075.0,3297.0,2978.0,369.0,,,,1485.0,,,,2265.0,,,
,429.0,1077.0,1492.0,,,,2322.0,2322.0,1763.0,3278.0,1814.0,1106.0,3407.0,,,,3046.0,,,,320.0,,,
,848.0,632.0,632.0,,,,2573.0,1105.0,178.0,1444.0,754.0,3479.0,3804.0,,,,2378.0,,,,3463.0,,,
,462.0,2214.0,754.0,,,,1740.0,2276.0,2185.0,3463.0,1140.0,2811.0,1663.0,,,,1075.0,,,,1463.0,,,
,2028.0,2740.0,2740.0,,,,2397.0,893.0,3284.0,1492.0,1350.0,635.0,2439.0,,,,1350.0,,,,2809.0,,,
,1406.0,2244.0,3847.0,,,,1120.0,1510.0,1364.0,632.0,846.0,339.0,182.0,,,,1172.0,,,,3268.0,,,
,3469.0,3842.0,1459.0,,,,1435.0,141.0,3620.0,759.0,883.0,880.0,1364.0,,,,754.0,,,,1223.0,,,
,1253.0,3455.0,1736.0,,,,3075.0,2527.0,836.0,1105.0,2527.0,3013.0,2152.0,,,,2936.0,,,,1606.0,,,
,566.0,1814.0,1329.0,,,,2507.0,353.0,1357.0,510.0,1091.0,898.0,2716.0,,,,2102.0,,,,3072.0,,,
,2772.0,351.0,1485.0,,,,1113.0,1234.0,3072.0,2622.0,1151.0,1535.0,2452.0,,,,3318.0,,,,2471.0,,,
,2212.0,2569.0,2761.0,,,,1124.0,1117.0,3628.0,733.0,2133.0,1547.0,1485.0,,,,2772.0,,,,3469.0,,,
,536.0,2642.0,1426.0,,,,680.0,2642.0,1911.0,3557.0,3640.0,447.0,3503.0,,,,2841.0,,,,3602.0,,,
,1924.0,2500.0,898.0,,,,2452.0,2809.0,1999.0,34.0,2747.0,3552.0,351.0,,,,3505.0,,,,3132.0,,,
,179.0,719.0,339.0,,,,3560.0,1225.0,725.0,2152.0,2822.0,,482.0,,,,827.0,,,,611.0,,,
,691.0,1606.0,1535.0,,,,3273.0,3686.0,1809.0,754.0,719.0,,530.0,,,,2152.0,,,,359.0,,,
,1151.0,3435.0,3013.0,,,,1665.0,2797.0,1329.0,566.0,2809.0,,2297.0,,,,3791.0,,,,1329.0,,,
,2048.0,3620.0,880.0,,,,2215.0,3278.0,3463.0,1124.0,3841.0,,23.0,,,,536.0,,,,165.0,,,
,148.0,2761.0,3551.0,,,,3035.0,1406.0,2736.0,1485.0,2244.0,,2185.0,,,,2736.0,,,,995.0,,,
,1172.0,3791.0,2813.0,,,,294.0,3469.0,1023.0,635.0,3036.0,,648.0,,,,3189.0,,,,3189.0,,,
,2643.0,2497.0,447.0,,,,316.0,3417.0,3278.0,3417.0,1175.0,,3397.0,,,,1223.0,,,,2325.0,,,
,3036.0,2810.0,882.0,,,,3019.0,530.0,3469.0,530.0,1608.0,,836.0,,,,541.0,,,,1151.0,,,
,2736.0,3505.0,3241.0,,,,1847.0,2140.0,2244.0,2690.0,2690.0,,1151.0,,,,429.0,,,,2185.0,,,
,2507.0,2747.0,2812.0,,,,2665.0,931.0,331.0,3297.0,2642.0,,1286.0,,,,462.0,,,,2623.0,,,
,3417.0,2822.0,,,,,565.0,2244.0,565.0,2657.0,2817.0,,1494.0,,,,3469.0,,,,989.0,,,
,3691.0,1426.0,,,,,2440.0,2623.0,2703.0,2643.0,691.0,,3690.0,,,,759.0,,,,1736.0,,,
,2152.0,339.0,,,,,2978.0,1140.0,759.0,2276.0,2048.0,,190.0,,,,1057.0,,,,2810.0,,,
,1075.0,2813.0,,,,,160.0,1813.0,3358.0,2810.0,733.0,,719.0,,,,1926.0,,,,2703.0,,,
,1175.0,447.0,,,,,3504.0,359.0,2810.0,447.0,1056.0,,1748.0,,,,1175.0,,,,2911.0,,,
,1926.0,1535.0,,,,,549.0,867.0,1463.0,1426.0,3686.0,,3055.0,,,,2214.0,,,,339.0,,,
,3463.0,898.0,,,,,1461.0,1113.0,2740.0,339.0,2867.0,,1925.0,,,,3656.0,,,,1426.0,,,
,1492.0,3241.0,,,,,1361.0,3149.0,1017.0,898.0,2276.0,,3842.0,,,,2810.0,,,,447.0,,,
,1350.0,882.0,,,,,1445.0,3628.0,351.0,1535.0,3462.0,,3455.0,,,,339.0,,,,2761.0,,,
,1606.0,880.0,,,,,2434.0,1911.0,2500.0,3013.0,263.0,,1017.0,,,,2761.0,,,,880.0,,,
,70.0,2811.0,,,,,2657.0,695.0,1435.0,2761.0,762.0,,2212.0,,,,1791.0,,,,1535.0,,,
,2440.0,1425.0,,,,,2826.0,210.0,3679.0,849.0,1460.0,,3189.0,,,,209.0,,,,3013.0,,,
,2690.0,2760.0,,,,,3417.0,2904.0,1235.0,2811.0,3691.0,,3679.0,,,,2837.0,,,,898.0,,,
,733.0,448.0,,,,,530.0,2679.0,3421.0,2813.0,149.0,,2809.0,,,,351.0,,,,2811.0,,,
,3557.0,2812.0,,,,,2622.0,1948.0,3672.0,2150.0,1462.0,,3628.0,,,,3431.0,,,,3241.0,,,
,3333.0,,,,,,3460.0,1199.0,1151.0,2812.0,1680.0,,578.0,,,,1426.0,,,,2813.0,,,
,883.0,,,,,,846.0,2266.0,1286.0,,1606.0,,1344.0,,,,2813.0,,,,2150.0,,,
,1870.0,,,,,,2103.0,1960.0,1153.0,,1223.0,,1435.0,,,,2760.0,,,,3413.0,,,
,1725.0,,,,,,1736.0,2412.0,2320.0,,1459.0,,3440.0,,,,1547.0,,,,448.0,,,
,762.0,,,,,,632.0,1791.0,190.0,,1286.0,,1976.0,,,,1535.0,,,,1547.0,,,
,318.0,,,,,,359.0,2563.0,2133.0,,3628.0,,140.0,,,,3013.0,,,,3551.0,,,
,2707.0,,,,,,2563.0,3075.0,1077.0,,1920.0,,2667.0,,,,898.0,,,,3552.0,,,
,1810.0,,,,,,1841.0,2639.0,1606.0,,2611.0,,2807.0,,,,2811.0,,,,,,,
,190.0,,,,,,1763.0,1106.0,1426.0,,759.0,,3160.0,,,,2150.0,,,,,,,
,149.0,,,,,,1302.0,1463.0,339.0,,612.0,,2265.0,,,,448.0,,,,,,,
,2807.0,,,,,,1329.0,1070.0,2497.0,,565.0,,760.0,,,,447.0,,,,,,,
,2623.0,,,,,,3628.0,2822.0,447.0,,1870.0,,1153.0,,,,3551.0,,,,,,,
,1154.0,,,,,,695.0,2747.0,2813.0,,2911.0,,1814.0,,,,2831.0,,,,,,,
,3336.0,,,,,,893.0,1174.0,1535.0,,462.0,,3278.0,,,,882.0,,,,,,,
,2280.0,,,,,,2550.0,1847.0,3013.0,,260.0,,1949.0,,,,3552.0,,,,,,,
,2614.0,,,,,,318.0,2665.0,898.0,,578.0,,1406.0,,,,,,,,,,,
,3297.0,,,,,,2621.0,3460.0,2812.0,,3343.0,,3036.0,,,,,,,,,,,
,827.0,,,,,,3440.0,565.0,,,1810.0,,3463.0,,,,,,,,,,,
,828.0,,,,,,413.0,2810.0,,,1057.0,,1329.0,,,,,,,,,,,
,2500.0,,,,,,2772.0,351.0,,,429.0,,1173.0,,,,,,,,,,,
,2911.0,,,,,,1335.0,719.0,,,1763.0,,2780.0,,,,,,,,,,,
,1916.0,,,,,,3715.0,3431.0,,,2554.0,,754.0,,,,,,,,,,,
,3189.0,,,,,,1601.0,1606.0,,,2370.0,,1394.0,,,,,,,,,,,
,3454.0,,,,,,1105.0,2936.0,,,3435.0,,2028.0,,,,,,,,,,,
,884.0,,,,,,1531.0,2439.0,,,1153.0,,1225.0,,,,,,,,,,,
,725.0,,,,,,2866.0,1154.0,,,1911.0,,1350.0,,,,,,,,,,,
,1017.0,,,,,,2747.0,2152.0,,,1435.0,,2245.0,,,,,,,,,,,
,635.0,,,,,,1070.0,827.0,,,1216.0,,1809.0,,,,,,,,,,,
,34.0,,,,,,396.0,1462.0,,,2621.0,,3505.0,,,,,,,,,,,
,3788.0,,,,,,1168.0,759.0,,,507.0,,1608.0,,,,,,,,,,,
,2642.0,,,,,,578.0,3804.0,,,635.0,,1813.0,,,,,,,,,,,
,2747.0,,,,,,931.0,608.0,,,3847.0,,3343.0,,,,,,,,,,,
,3473.0,,,,,,141.0,3455.0,,,1329.0,,2573.0,,,,,,,,,,,
,3462.0,,,,,,1060.0,3514.0,,,836.0,,1154.0,,,,,,,,,,,
,1920.0,,,,,,2732.0,760.0,,,1053.0,,1175.0,,,,,,,,,,,
,1748.0,,,,,,537.0,1173.0,,,1485.0,,2500.0,,,,,,,,,,,
,578.0,,,,,,2090.0,3618.0,,,359.0,,1911.0,,,,,,,,,,,
,3643.0,,,,,,3592.0,1153.0,,,1463.0,,2642.0,,,,,,,,,,,
,3581.0,,,,,,1117.0,190.0,,,1720.0,,2389.0,,,,,,,,,,,
,339.0,,,,,,2152.0,2736.0,,,3656.0,,3072.0,,,,,,,,,,,
,2761.0,,,,,,331.0,2837.0,,,3180.0,,2140.0,,,,,,,,,,,
,3013.0,,,,,,1394.0,2550.0,,,739.0,,2936.0,,,,,,,,,,,
,1535.0,,,,,,877.0,754.0,,,623.0,,3672.0,,,,,,,,,,,
,849.0,,,,,,3296.0,566.0,,,1077.0,,2623.0,,,,,,,,,,,
,1426.0,,,,,,1140.0,70.0,,,2837.0,,3507.0,,,,,,,,,,,
,898.0,,,,,,2153.0,462.0,,,2549.0,,2690.0,,,,,,,,,,,
,2760.0,,,,,,1174.0,1814.0,,,1528.0,,692.0,,,,,,,,,,,
,2497.0,,,,,,1485.0,3656.0,,,1813.0,,462.0,,,,,,,,,,,
,2150.0,,,,,,1462.0,1374.0,,,1426.0,,429.0,,,,,,,,,,,
,2813.0,,,,,,2797.0,1720.0,,,1708.0,,148.0,,,,,,,,,,,
,447.0,,,,,,2746.0,1235.0,,,1610.0,,3469.0,,,,,,,,,,,
,448.0,,,,,,2244.0,2621.0,,,3222.0,,294.0,,,,,,,,,,,
,880.0,,,,,,369.0,1446.0,,,1374.0,,2736.0,,,,,,,,,,,
,882.0,,,,,,3397.0,3036.0,,,190.0,,2703.0,,,,,,,,,,,
,1425.0,,,,,,1893.0,1075.0,,,222.0,,2090.0,,,,,,,,,,,
,3552.0,,,,,,2623.0,3620.0,,,2553.0,,2614.0,,,,,,,,,,,
,,,,,,,1494.0,3161.0,,,569.0,,2215.0,,,,,,,,,,,
,,,,,,,3657.0,1172.0,,,1561.0,,1719.0,,,,,,,,,,,
,,,,,,,836.0,1175.0,,,1736.0,,20.0,,,,,,,,,,,
,,,,,,,140.0,3178.0,,,1924.0,,1374.0,,,,,,,,,,,
,,,,,,,2557.0,148.0,,,536.0,,1009.0,,,,,,,,,,,
,,,,,,,2614.0,2737.0,,,747.0,,2370.0,,,,,,,,,,,
,,,,,,,489.0,1350.0,,,2550.0,,1124.0,,,,,,,,,,,
,,,,,,,2822.0,2690.0,,,2152.0,,189.0,,,,,,,,,,,
,,,,,,,1130.0,1492.0,,,3161.0,,2276.0,,,,,,,,,,,
,,,,,,,867.0,3333.0,,,178.0,,178.0,,,,,,,,,,,
,,,,,,,3046.0,149.0,,,2614.0,,3620.0,,,,,,,,,,,
,,,,,,,3278.0,2643.0,,,1892.0,,759.0,,,,,,,,,,,
,,,,,,,2689.0,3297.0,,,566.0,,3557.0,,,,,,,,,,,
,,,,,,,1814.0,1920.0,,,3072.0,,3618.0,,,,,,,,,,,
,,,,,,,462.0,2780.0,,,2404.0,,1172.0,,,,,,,,,,,
,,,,,,,3656.0,3505.0,,,2140.0,,1870.0,,,,,,,,,,,
,,,,,,,3469.0,34.0,,,1235.0,,1465.0,,,,,,,,,,,
,,,,,,,1663.0,1485.0,,,2962.0,,2639.0,,,,,,,,,,,
,,,,,,,752.0,2807.0,,,2868.0,,2657.0,,,,,,,,,,,
,,,,,,,898.0,1253.0,,,339.0,,1492.0,,,,,,,,,,,
,,,,,,,1916.0,1464.0,,,3266.0,,2643.0,,,,,,,,,,,
,,,,,,,1057.0,3503.0,,,1791.0,,2611.0,,,,,,,,,,,
,,,,,,,3804.0,2611.0,,,3013.0,,2622.0,,,,,,,,,,,
,,,,,,,1077.0,3343.0,,,2761.0,,569.0,,,,,,,,,,,
,,,,,,,760.0,1924.0,,,880.0,,2404.0,,,,,,,,,,,
,,,,,,,1173.0,3596.0,,,898.0,,1924.0,,,,,,,,,,,
,,,,,,,3463.0,3321.0,,,1916.0,,762.0,,,,,,,,,,,
,,,,,,,2527.0,762.0,,,447.0,,2557.0,,,,,,,,,,,
,,,,,,,3807.0,733.0,,,1535.0,,3297.0,,,,,,,,,,,
,,,,,,,2703.0,3557.0,,,2810.0,,536.0,,,,,,,,,,,
,,,,,,,1463.0,1509.0,,,882.0,,2810.0,,,,,,,,,,,
,,,,,,,3222.0,785.0,,,3552.0,,2911.0,,,,,,,,,,,
,,,,,,,3072.0,569.0,,,,,1426.0,,,,,,,,,,,
,,,,,,,1610.0,1748.0,,,,,339.0,,,,,,,,,,,
,,,,,,,1809.0,2911.0,,,,,3013.0,,,,,,,,,,,
,,,,,,,510.0,3479.0,,,,,898.0,,,,,,,,,,,
,,,,,,,725.0,3691.0,,,,,1535.0,,,,,,,,,,,
,,,,,,,612.0,635.0,,,,,677.0,,,,,,,,,,,
,,,,,,,429.0,2817.0,,,,,3551.0,,,,,,,,,,,
,,,,,,,2497.0,2557.0,,,,,1916.0,,,,,,,,,,,
,,,,,,,809.0,1216.0,,,,,2497.0,,,,,,,,,,,
,,,,,,,2810.0,3626.0,,,,,809.0,,,,,,,,,,,
,,,,,,,3431.0,339.0,,,,,1280.0,,,,,,,,,,,
,,,,,,,1253.0,1842.0,,,,,2812.0,,,,,,,,,,,
,,,,,,,1091.0,1916.0,,,,,,,,,,,,,,,,
,,,,,,,1374.0,3471.0,,,,,,,,,,,,,,,,
,,,,,,,1017.0,1426.0,,,,,,,,,,,,,,,,
,,,,,,,566.0,677.0,,,,,,,,,,,,,,,,
,,,,,,,1286.0,1535.0,,,,,,,,,,,,,,,,
,,,,,,,2185.0,2761.0,,,,,,,,,,,,,,,,
,,,,,,,1151.0,447.0,,,,,,,,,,,,,,,,
,,,,,,,351.0,2813.0,,,,,,,,,,,,,,,,
,,,,,,,2378.0,2150.0,,,,,,,,,,,,,,,,
,,,,,,,1364.0,1547.0,,,,,,,,,,,,,,,,
,,,,,,,3853.0,1918.0,,,,,,,,,,,,,,,,
,,,,,,,190.0,2760.0,,,,,,,,,,,,,,,,
,,,,,,,650.0,898.0,,,,,,,,,,,,,,,,
,,,,,,,866.0,3013.0,,,,,,,,,,,,,,,,
,,,,,,,3679.0,2812.0,,,,,,,,,,,,,,,,
,,,,,,,1235.0,,,,,,,,,,,,,,,,,
,,,,,,,1090.0,,,,,,,,,,,,,,,,,
,,,,,,,1460.0,,,,,,,,,,,,,,,,,
,,,,,,,1655.0,,,,,,,,,,,,,,,,,
,,,,,,,1464.0,,,,,,,,,,,,,,,,,
,,,,,,,2780.0,,,,,,,,,,,,,,,,,
,,,,,,,20.0,,,,,,,,,,,,,,,,,
,,,,,,,3841.0,,,,,,,,,,,,,,,,,
,,,,,,,719.0,,,,,,,,,,,,,,,,,
,,,,,,,1608.0,,,,,,,,,,,,,,,,,
,,,,,,,2809.0,,,,,,,,,,,,,,,,,
,,,,,,,339.0,,,,,,,,,,,,,,,,,
,,,,,,,1426.0,,,,,,,,,,,,,,,,,
,,,,,,,3013.0,,,,,,,,,,,,,,,,,
,,,,,,,880.0,,,,,,,,,,,,,,,,,
,,,,,,,882.0,,,,,,,,,,,,,,,,,
,,,,,,,447.0,,,,,,,,,,,,,,,,,
,,,,,,,2813.0,,,,,,,,,,,,,,,,,
,,,,,,,2811.0,,,,,,,,,,,,,,,,,
,,,,,,,3551.0,,,,,,,,,,,,,,,,,
,,,,,,,1535.0,,,,,,,,,,,,,,,,,
,,,,,,,3241.0,,,,,,,,,,,,,,,,,
,,,,,,,2111.0,,,,,,,,,,,,,,,,,
,,,,,,,448.0,,,,,,,,,,,,,,,,,
,,,,,,,3553.0,,,,,,,,,,,,,,,,,
,,,,,,,1425.0,,,,,,,,,,,,,,,,,
,,,,,,,2760.0,,,,,,,,,,,,,,,,,
,,,,,,,3552.0,,,,,,,,,,,,,,,,,
