run_0,run_1,run_2,run_3,run_4,run_5,run_6,run_7,run_8,run_9,run_10,run_11,run_12,run_13,run_14,run_15,run_16,run_17,run_18,run_19,run_20,run_21,run_22,run_23,run_24
1480.0,1703.0,241.0,168.0,1379.0,1065.0,1120.0,882.0,849.0,1446.0,1126.0,952.0,1486.0,227.0,1123.0,897.0,1167.0,947.0,675.0,1312.0,250.0,1246.0,1044.0,1514.0,1594.0
1342.0,1584.0,1238.0,957.0,916.0,386.0,338.0,1710.0,926.0,745.0,963.0,188.0,1289.0,167.0,637.0,1560.0,1549.0,1123.0,484.0,1647.0,1494.0,1224.0,1099.0,946.0,604.0
881.0,47.0,1521.0,1221.0,362.0,1283.0,1307.0,756.0,720.0,478.0,1386.0,93.0,1402.0,578.0,105.0,42.0,1025.0,1734.0,598.0,466.0,694.0,142.0,1366.0,368.0,320.0
1748.0,304.0,1220.0,1449.0,88.0,141.0,571.0,1236.0,718.0,1715.0,1272.0,632.0,465.0,1305.0,644.0,1612.0,1349.0,280.0,371.0,1044.0,115.0,717.0,558.0,25.0,903.0
1128.0,534.0,1536.0,1157.0,333.0,236.0,60.0,1077.0,1091.0,510.0,903.0,246.0,668.0,1297.0,727.0,1080.0,142.0,1321.0,896.0,1187.0,1470.0,714.0,1507.0,783.0,469.0
217.0,1045.0,541.0,1653.0,544.0,661.0,1064.0,739.0,1374.0,486.0,230.0,82.0,593.0,330.0,451.0,1500.0,284.0,979.0,1517.0,1158.0,1645.0,966.0,739.0,745.0,1262.0
914.0,48.0,922.0,371.0,1596.0,1581.0,224.0,1098.0,393.0,1073.0,379.0,835.0,1320.0,201.0,453.0,632.0,1044.0,1205.0,360.0,1496.0,1652.0,1385.0,1510.0,2.0,285.0
141.0,1586.0,1366.0,533.0,1614.0,992.0,867.0,1249.0,312.0,426.0,1608.0,42.0,1609.0,295.0,594.0,1414.0,1593.0,58.0,957.0,120.0,454.0,1066.0,1460.0,1687.0,1470.0
1662.0,302.0,1008.0,1547.0,518.0,388.0,758.0,71.0,1289.0,166.0,1737.0,1377.0,1051.0,731.0,1653.0,1571.0,242.0,441.0,707.0,1708.0,1698.0,711.0,1027.0,331.0,1502.0
175.0,1229.0,508.0,833.0,1098.0,1280.0,1699.0,888.0,1279.0,1213.0,1195.0,336.0,425.0,883.0,410.0,1663.0,1095.0,1438.0,712.0,123.0,257.0,336.0,1052.0,95.0,1182.0
44.0,961.0,506.0,1477.0,429.0,679.0,1420.0,887.0,317.0,173.0,980.0,1014.0,566.0,1117.0,1511.0,273.0,1468.0,354.0,1477.0,692.0,745.0,1329.0,463.0,1000.0,1568.0
1497.0,210.0,512.0,1002.0,405.0,345.0,1685.0,294.0,1516.0,824.0,49.0,25.0,242.0,1475.0,1027.0,256.0,945.0,122.0,1002.0,778.0,734.0,1614.0,741.0,582.0,364.0
807.0,333.0,124.0,1643.0,1387.0,1033.0,845.0,719.0,1708.0,976.0,411.0,1020.0,1501.0,701.0,1092.0,271.0,1069.0,541.0,1643.0,305.0,837.0,1608.0,1440.0,1690.0,1654.0
808.0,429.0,18.0,556.0,1059.0,1126.0,346.0,943.0,962.0,974.0,851.0,51.0,486.0,1554.0,1189.0,1559.0,361.0,489.0,556.0,1706.0,325.0,53.0,527.0,1660.0,1649.0
1498.0,405.0,1501.0,854.0,1049.0,915.0,1611.0,1325.0,1663.0,435.0,959.0,110.0,238.0,739.0,573.0,269.0,855.0,777.0,854.0,1143.0,1397.0,597.0,611.0,1178.0,916.0
70.0,1387.0,546.0,611.0,1689.0,1271.0,815.0,620.0,1725.0,436.0,1702.0,1101.0,1086.0,744.0,1484.0,270.0,1257.0,973.0,611.0,679.0,375.0,846.0,712.0,958.0,1517.0
1134.0,1059.0,1009.0,458.0,311.0,1394.0,254.0,317.0,1004.0,438.0,968.0,1359.0,739.0,749.0,385.0,971.0,1113.0,972.0,458.0,571.0,278.0,860.0,240.0,1232.0,1652.0
1445.0,1049.0,1328.0,214.0,1561.0,1706.0,439.0,1051.0,1624.0,1431.0,54.0,43.0,62.0,328.0,238.0,792.0,1169.0,292.0,214.0,1218.0,1193.0,49.0,1629.0,160.0,365.0
1686.0,1689.0,155.0,1453.0,628.0,914.0,146.0,1567.0,204.0,100.0,648.0,742.0,185.0,1122.0,1142.0,510.0,448.0,784.0,1453.0,615.0,213.0,1702.0,553.0,967.0,1621.0
48.0,311.0,58.0,1635.0,1417.0,1496.0,788.0,891.0,1024.0,1084.0,846.0,764.0,318.0,101.0,660.0,1604.0,1335.0,875.0,1635.0,992.0,595.0,321.0,1639.0,583.0,316.0
1148.0,1561.0,658.0,1440.0,1744.0,692.0,244.0,1105.0,364.0,1080.0,1614.0,1092.0,1473.0,1018.0,631.0,252.0,19.0,342.0,1440.0,313.0,1188.0,603.0,1168.0,839.0,1712.0
352.0,628.0,664.0,542.0,449.0,778.0,1705.0,1478.0,130.0,427.0,952.0,22.0,620.0,1053.0,1671.0,720.0,719.0,514.0,542.0,1394.0,1107.0,1723.0,1512.0,347.0,858.0
421.0,1417.0,203.0,712.0,1251.0,305.0,1414.0,690.0,1586.0,1430.0,860.0,757.0,740.0,1100.0,1563.0,339.0,104.0,372.0,1234.0,604.0,1142.0,959.0,1622.0,699.0,1447.0
1038.0,1744.0,612.0,1234.0,1410.0,1143.0,1617.0,1664.0,607.0,1079.0,321.0,139.0,847.0,624.0,859.0,340.0,341.0,982.0,527.0,1521.0,1361.0,1152.0,1002.0,1506.0,467.0
1443.0,449.0,858.0,527.0,844.0,571.0,1584.0,300.0,1651.0,1429.0,603.0,921.0,1054.0,108.0,1312.0,264.0,1010.0,876.0,1601.0,1452.0,616.0,1722.0,73.0,863.0,955.0
1682.0,1251.0,835.0,1601.0,1495.0,1218.0,1483.0,1662.0,977.0,161.0,1723.0,112.0,1256.0,488.0,555.0,220.0,900.0,26.0,123.0,793.0,249.0,1609.0,699.0,350.0,223.0
38.0,1410.0,284.0,123.0,464.0,615.0,605.0,1159.0,1465.0,1031.0,1152.0,171.0,294.0,503.0,598.0,794.0,1118.0,693.0,1743.0,472.0,329.0,847.0,657.0,399.0,1489.0
1039.0,844.0,884.0,1743.0,1503.0,313.0,1623.0,687.0,608.0,1297.0,1722.0,478.0,494.0,1326.0,707.0,265.0,101.0,820.0,336.0,1147.0,703.0,968.0,1678.0,277.0,1512.0
1130.0,1495.0,814.0,336.0,245.0,604.0,1463.0,554.0,424.0,1300.0,597.0,1056.0,857.0,908.0,141.0,268.0,16.0,322.0,1480.0,295.0,639.0,411.0,1480.0,587.0,611.0
422.0,464.0,398.0,1480.0,1658.0,1521.0,926.0,1589.0,1454.0,434.0,1609.0,1097.0,773.0,586.0,944.0,440.0,769.0,1220.0,1678.0,661.0,565.0,1610.0,123.0,142.0,1374.0
1133.0,1503.0,498.0,1678.0,215.0,1452.0,233.0,1015.0,1642.0,431.0,1329.0,168.0,652.0,1286.0,565.0,790.0,410.0,591.0,1200.0,1447.0,632.0,1174.0,1643.0,1704.0,1622.0
1648.0,245.0,581.0,1200.0,528.0,793.0,420.0,644.0,138.0,1425.0,847.0,557.0,1588.0,374.0,920.0,1001.0,891.0,158.0,399.0,1619.0,920.0,980.0,1601.0,1518.0,1234.0
66.0,1658.0,802.0,399.0,538.0,472.0,474.0,90.0,1404.0,1034.0,53.0,1551.0,203.0,1028.0,729.0,156.0,943.0,711.0,1000.0,1644.0,1392.0,648.0,1635.0,1048.0,621.0
1684.0,215.0,386.0,1000.0,1670.0,1147.0,445.0,840.0,1650.0,430.0,1610.0,276.0,1547.0,1052.0,1188.0,192.0,1337.0,103.0,621.0,1569.0,404.0,1325.0,187.0,129.0,1440.0
1442.0,528.0,1526.0,621.0,946.0,295.0,1426.0,696.0,609.0,1432.0,1174.0,929.0,320.0,885.0,213.0,246.0,1268.0,803.0,277.0,1210.0,589.0,850.0,1234.0,542.0,1332.0
1449.0,538.0,1067.0,277.0,569.0,1447.0,76.0,218.0,1380.0,163.0,1325.0,704.0,1050.0,104.0,404.0,1183.0,1333.0,102.0,1500.0,1241.0,152.0,1734.0,277.0,998.0,1441.0
1439.0,1670.0,1092.0,1500.0,1469.0,1619.0,1707.0,1637.0,1488.0,1298.0,850.0,275.0,321.0,197.0,941.0,27.0,446.0,978.0,402.0,1281.0,825.0,848.0,458.0,1476.0,214.0
41.0,946.0,999.0,402.0,1687.0,1644.0,663.0,209.0,1738.0,441.0,966.0,1235.0,385.0,1109.0,1527.0,1162.0,1346.0,157.0,562.0,54.0,128.0,963.0,370.0,1630.0,741.0
1679.0,569.0,944.0,562.0,150.0,1569.0,358.0,145.0,154.0,1428.0,1734.0,1185.0,719.0,1010.0,250.0,826.0,559.0,787.0,699.0,1374.0,366.0,1606.0,854.0,1742.0,1500.0
37.0,1469.0,258.0,699.0,231.0,1210.0,1472.0,607.0,1711.0,988.0,848.0,1047.0,1092.0,646.0,329.0,1352.0,836.0,861.0,160.0,72.0,125.0,952.0,1453.0,672.0,527.0
1647.0,1687.0,610.0,160.0,687.0,1241.0,467.0,563.0,1697.0,442.0,1606.0,327.0,293.0,448.0,632.0,69.0,409.0,969.0,240.0,214.0,707.0,172.0,583.0,85.0,975.0
979.0,150.0,1226.0,240.0,392.0,1281.0,1423.0,1380.0,1419.0,1071.0,172.0,502.0,1662.0,909.0,1193.0,817.0,98.0,1043.0,1178.0,32.0,1098.0,1355.0,160.0,1747.0,240.0
122.0,231.0,1474.0,1178.0,145.0,54.0,572.0,977.0,65.0,425.0,1355.0,259.0,84.0,1544.0,128.0,825.0,567.0,156.0,407.0,676.0,1267.0,884.0,1518.0,1491.0,492.0
1041.0,687.0,355.0,407.0,1581.0,1374.0,560.0,799.0,1503.0,432.0,884.0,235.0,603.0,813.0,1107.0,532.0,923.0,159.0,1668.0,1104.0,859.0,1353.0,1506.0,1480.0,1718.0
885.0,392.0,495.0,1668.0,1277.0,72.0,552.0,74.0,300.0,367.0,1353.0,1054.0,648.0,752.0,595.0,89.0,691.0,505.0,187.0,1586.0,1327.0,1282.0,714.0,1615.0,463.0
972.0,145.0,1530.0,187.0,1683.0,214.0,206.0,1548.0,1458.0,1209.0,1282.0,1283.0,604.0,1343.0,723.0,314.0,459.0,779.0,1506.0,491.0,1014.0,1238.0,214.0,1334.0,405.0
164.0,1581.0,1231.0,1506.0,690.0,32.0,207.0,674.0,690.0,1302.0,1238.0,733.0,949.0,545.0,249.0,1005.0,501.0,804.0,129.0,417.0,555.0,984.0,1450.0,187.0,712.0
827.0,1277.0,601.0,129.0,74.0,676.0,1724.0,138.0,1090.0,1436.0,984.0,2.0,536.0,893.0,600.0,814.0,737.0,1044.0,958.0,359.0,1312.0,60.0,399.0,1607.0,607.0
171.0,1683.0,695.0,958.0,1589.0,1104.0,964.0,1454.0,1598.0,1036.0,60.0,476.0,1520.0,604.0,673.0,1613.0,754.0,1434.0,1450.0,1617.0,1136.0,1513.0,839.0,408.0,622.0
806.0,690.0,1671.0,1450.0,408.0,1586.0,1448.0,877.0,221.0,234.0,1513.0,725.0,850.0,836.0,393.0,533.0,462.0,229.0,370.0,1462.0,1350.0,1009.0,142.0,433.0,551.0
3.0,74.0,911.0,370.0,433.0,491.0,1716.0,396.0,1661.0,1473.0,1009.0,724.0,506.0,1105.0,810.0,520.0,281.0,27.0,1476.0,1426.0,600.0,443.0,562.0,1683.0,1514.0
47.0,1589.0,1083.0,1476.0,613.0,417.0,1719.0,424.0,111.0,198.0,443.0,1321.0,1181.0,891.0,1327.0,910.0,709.0,1620.0,714.0,439.0,139.0,385.0,967.0,1640.0,1635.0
342.0,408.0,733.0,714.0,1032.0,359.0,771.0,1642.0,308.0,1035.0,385.0,1365.0,823.0,950.0,1240.0,1504.0,499.0,35.0,303.0,1638.0,894.0,84.0,621.0,1581.0,1477.0
904.0,433.0,1324.0,303.0,90.0,1617.0,1462.0,1404.0,1280.0,1145.0,84.0,1137.0,108.0,1313.0,1361.0,3.0,353.0,39.0,257.0,927.0,723.0,659.0,556.0,1455.0,854.0
1089.0,613.0,1563.0,257.0,85.0,1462.0,768.0,1465.0,1736.0,746.0,659.0,1206.0,1438.0,1179.0,1045.0,1675.0,136.0,1657.0,1512.0,362.0,393.0,238.0,1500.0,356.0,458.0
1220.0,1032.0,941.0,1512.0,1681.0,1426.0,880.0,1650.0,840.0,202.0,238.0,228.0,601.0,566.0,1289.0,1167.0,71.0,1146.0,657.0,1463.0,918.0,398.0,1048.0,1418.0,1643.0
875.0,90.0,1484.0,657.0,696.0,439.0,1411.0,609.0,696.0,897.0,398.0,1112.0,848.0,593.0,639.0,1691.0,661.0,806.0,1607.0,579.0,709.0,862.0,1477.0,1639.0,556.0
1005.0,85.0,568.0,1607.0,233.0,1638.0,1402.0,1488.0,1467.0,1353.0,862.0,1070.0,1176.0,242.0,1392.0,859.0,1075.0,1149.0,1518.0,668.0,626.0,812.0,1607.0,580.0,123.0
1202.0,1681.0,614.0,1518.0,587.0,927.0,874.0,1738.0,1237.0,1442.0,812.0,519.0,33.0,1501.0,703.0,1593.0,327.0,490.0,622.0,244.0,1493.0,1501.0,1178.0,1413.0,1480.0
865.0,696.0,191.0,622.0,1666.0,362.0,1533.0,154.0,1459.0,1573.0,1501.0,727.0,814.0,486.0,1397.0,565.0,888.0,1055.0,142.0,605.0,83.0,1398.0,868.0,868.0,1678.0
292.0,233.0,649.0,142.0,400.0,1463.0,766.0,1711.0,1062.0,979.0,1398.0,1208.0,488.0,238.0,1068.0,189.0,1338.0,1041.0,1482.0,1716.0,519.0,61.0,1631.0,461.0,1601.0
541.0,587.0,1388.0,1482.0,1015.0,579.0,832.0,1697.0,1737.0,1449.0,61.0,797.0,1564.0,1086.0,1182.0,199.0,942.0,592.0,1747.0,872.0,282.0,1278.0,1668.0,379.0,1002.0
12.0,1666.0,1539.0,1747.0,965.0,668.0,1427.0,1419.0,563.0,122.0,1278.0,1258.0,97.0,62.0,1072.0,915.0,548.0,165.0,1016.0,1719.0,598.0,1377.0,1000.0,212.0,187.0
354.0,400.0,1570.0,1016.0,644.0,244.0,450.0,65.0,1672.0,1089.0,1377.0,1111.0,1566.0,185.0,1201.0,1074.0,753.0,686.0,1446.0,964.0,642.0,810.0,1232.0,94.0,1629.0
1179.0,1015.0,385.0,1446.0,1178.0,605.0,310.0,1503.0,1730.0,990.0,810.0,1248.0,1671.0,318.0,278.0,61.0,411.0,917.0,955.0,788.0,1248.0,886.0,1455.0,214.0,277.0
1216.0,965.0,1492.0,955.0,1459.0,1716.0,756.0,1458.0,789.0,1181.0,886.0,506.0,241.0,1473.0,152.0,1692.0,726.0,865.0,995.0,867.0,673.0,151.0,1704.0,1629.0,370.0
925.0,644.0,1107.0,995.0,1478.0,872.0,1693.0,1090.0,1715.0,243.0,151.0,1181.0,512.0,620.0,548.0,167.0,95.0,925.0,1639.0,206.0,1657.0,301.0,716.0,132.0,1453.0
489.0,1178.0,725.0,1639.0,563.0,1719.0,210.0,1598.0,758.0,570.0,301.0,1191.0,124.0,740.0,125.0,1671.0,1063.0,809.0,1168.0,1420.0,141.0,6.0,717.0,1743.0,583.0
686.0,1459.0,1199.0,1168.0,1640.0,964.0,1748.0,221.0,1230.0,1132.0,6.0,1530.0,18.0,847.0,1012.0,640.0,1726.0,1357.0,1742.0,572.0,460.0,1573.0,1742.0,1002.0,160.0
1311.0,1478.0,1318.0,1742.0,347.0,788.0,1717.0,1661.0,761.0,9.0,1573.0,32.0,546.0,1054.0,1078.0,1241.0,969.0,1089.0,582.0,1584.0,1363.0,1033.0,336.0,657.0,1518.0
1524.0,563.0,238.0,582.0,300.0,867.0,1470.0,111.0,216.0,865.0,1033.0,655.0,1009.0,1256.0,195.0,34.0,1041.0,164.0,553.0,76.0,270.0,851.0,1660.0,539.0,699.0
1731.0,1640.0,1131.0,553.0,672.0,206.0,417.0,308.0,1021.0,175.0,1378.0,912.0,1328.0,294.0,525.0,91.0,1239.0,827.0,716.0,534.0,1536.0,1378.0,1011.0,400.0,1506.0
102.0,347.0,1677.0,716.0,356.0,1420.0,927.0,1280.0,302.0,695.0,1256.0,1254.0,155.0,494.0,689.0,988.0,32.0,99.0,190.0,467.0,650.0,1256.0,1334.0,1448.0,714.0
777.0,300.0,141.0,190.0,868.0,572.0,1733.0,1736.0,1603.0,12.0,1706.0,480.0,58.0,857.0,933.0,1319.0,1323.0,878.0,508.0,663.0,1212.0,1706.0,1747.0,1545.0,1450.0
978.0,672.0,859.0,508.0,1747.0,1584.0,549.0,1467.0,687.0,774.0,932.0,,658.0,773.0,653.0,1314.0,23.0,12.0,132.0,845.0,1.0,932.0,85.0,553.0,399.0
878.0,356.0,329.0,132.0,580.0,76.0,872.0,1237.0,713.0,1373.0,1124.0,,664.0,652.0,24.0,913.0,313.0,444.0,1581.0,1470.0,941.0,1124.0,1615.0,208.0,839.0
153.0,868.0,632.0,1581.0,350.0,534.0,359.0,1459.0,343.0,1534.0,889.0,,612.0,1588.0,456.0,1563.0,1310.0,1407.0,1048.0,210.0,102.0,889.0,127.0,989.0,142.0
809.0,1747.0,707.0,1048.0,1628.0,467.0,551.0,1062.0,540.0,886.0,114.0,,858.0,203.0,772.0,201.0,115.0,1709.0,868.0,358.0,568.0,114.0,129.0,1011.0,553.0
909.0,580.0,1193.0,868.0,461.0,663.0,668.0,1737.0,231.0,117.0,109.0,,835.0,1547.0,819.0,203.0,484.0,1439.0,967.0,146.0,944.0,109.0,957.0,407.0,562.0
1052.0,350.0,128.0,967.0,1642.0,845.0,1522.0,1672.0,148.0,437.0,441.0,,284.0,320.0,901.0,1296.0,1271.0,709.0,1629.0,771.0,100.0,441.0,542.0,1450.0,967.0
830.0,1628.0,595.0,1629.0,799.0,1470.0,579.0,1730.0,676.0,1474.0,919.0,,884.0,1050.0,907.0,1236.0,596.0,117.0,1634.0,756.0,810.0,919.0,1743.0,240.0,1048.0
1055.0,461.0,1188.0,1634.0,1705.0,210.0,622.0,789.0,619.0,242.0,1176.0,,398.0,321.0,83.0,37.0,1307.0,328.0,583.0,1717.0,453.0,1176.0,1200.0,584.0,1607.0
861.0,1642.0,404.0,583.0,1506.0,358.0,1128.0,1715.0,965.0,1006.0,1382.0,,498.0,385.0,940.0,352.0,440.0,749.0,1631.0,1411.0,685.0,1382.0,402.0,1591.0,1178.0
973.0,799.0,920.0,1631.0,1334.0,146.0,1638.0,758.0,1699.0,890.0,480.0,,581.0,719.0,1099.0,798.0,10.0,1383.0,1232.0,1685.0,1314.0,480.0,407.0,562.0,868.0
99.0,1705.0,723.0,1232.0,877.0,771.0,716.0,1230.0,644.0,340.0,,,802.0,1092.0,281.0,1570.0,153.0,13.0,212.0,1402.0,861.0,,958.0,1746.0,73.0
144.0,1506.0,249.0,212.0,583.0,756.0,1703.0,761.0,577.0,1688.0,,,386.0,293.0,585.0,1572.0,117.0,1473.0,863.0,1693.0,1067.0,,1476.0,1500.0,1631.0
1149.0,1334.0,600.0,863.0,1090.0,1717.0,955.0,216.0,1015.0,1351.0,,,1526.0,1662.0,67.0,707.0,878.0,1682.0,331.0,766.0,1562.0,,303.0,1198.0,1668.0
487.0,877.0,1312.0,331.0,1603.0,1411.0,1232.0,1021.0,898.0,84.0,,,1067.0,84.0,291.0,141.0,928.0,487.0,1690.0,310.0,819.0,,257.0,1483.0,1000.0
763.0,583.0,673.0,1690.0,840.0,1685.0,1168.0,302.0,245.0,171.0,,,999.0,603.0,1136.0,555.0,489.0,1684.0,1622.0,1733.0,610.0,,622.0,1412.0,1232.0
1366.0,1090.0,555.0,1622.0,758.0,1402.0,240.0,1603.0,674.0,1220.0,,,944.0,648.0,1494.0,1312.0,342.0,726.0,717.0,1748.0,1019.0,,1482.0,793.0,1455.0
372.0,1603.0,393.0,717.0,1186.0,1693.0,553.0,713.0,90.0,109.0,,,258.0,949.0,1102.0,1677.0,702.0,564.0,866.0,450.0,910.0,,1016.0,717.0,1704.0
982.0,840.0,250.0,866.0,129.0,766.0,333.0,343.0,1589.0,238.0,,,610.0,1051.0,1019.0,557.0,667.0,30.0,105.0,1705.0,46.0,,1446.0,854.0,716.0
876.0,758.0,810.0,105.0,1641.0,310.0,1011.0,540.0,531.0,487.0,,,1226.0,536.0,1403.0,389.0,1231.0,1133.0,584.0,1414.0,1056.0,,955.0,105.0,717.0
26.0,1186.0,1327.0,584.0,1586.0,1733.0,534.0,231.0,821.0,912.0,,,1474.0,1520.0,641.0,1131.0,1089.0,1279.0,1704.0,874.0,446.0,,995.0,1678.0,1742.0
693.0,129.0,213.0,1704.0,1664.0,1748.0,127.0,148.0,1032.0,211.0,,,355.0,850.0,745.0,661.0,564.0,23.0,1011.0,474.0,1357.0,,582.0,303.0,336.0
820.0,1641.0,565.0,1011.0,713.0,450.0,257.0,676.0,74.0,315.0,,,495.0,506.0,1222.0,864.0,1392.0,421.0,1489.0,1533.0,792.0,,190.0,712.0,1660.0
322.0,1664.0,1240.0,1489.0,1466.0,1705.0,362.0,619.0,574.0,1557.0,,,1530.0,1181.0,918.0,941.0,1339.0,1038.0,839.0,832.0,1055.0,,508.0,1168.0,1011.0
591.0,713.0,1361.0,839.0,1418.0,1414.0,214.0,965.0,799.0,472.0,,,1231.0,823.0,981.0,1077.0,172.0,70.0,408.0,1427.0,1072.0,,132.0,1634.0,1334.0
158.0,1466.0,1045.0,408.0,1499.0,874.0,1635.0,1699.0,1203.0,558.0,,,695.0,1438.0,705.0,589.0,850.0,1132.0,267.0,560.0,241.0,,1581.0,73.0,1747.0
711.0,1418.0,1289.0,267.0,1159.0,474.0,611.0,577.0,344.0,1306.0,,,911.0,601.0,986.0,911.0,1220.0,1134.0,1187.0,552.0,1289.0,,1634.0,831.0,85.0
103.0,1499.0,639.0,1187.0,643.0,1533.0,1601.0,898.0,680.0,60.0,,,1083.0,848.0,759.0,695.0,1530.0,1445.0,127.0,880.0,1240.0,,212.0,677.0,1615.0
803.0,1159.0,1142.0,127.0,674.0,832.0,405.0,245.0,715.0,164.0,,,733.0,1176.0,182.0,976.0,1043.0,1443.0,1683.0,815.0,98.0,,863.0,190.0,127.0
157.0,643.0,1392.0,1683.0,209.0,1427.0,1627.0,531.0,1461.0,871.0,,,1324.0,33.0,1253.0,92.0,1496.0,1647.0,1673.0,1623.0,1370.0,,331.0,508.0,129.0
787.0,674.0,703.0,1673.0,132.0,560.0,712.0,821.0,413.0,1148.0,,,1563.0,814.0,1066.0,1119.0,278.0,808.0,1251.0,254.0,786.0,,1690.0,1187.0,957.0
969.0,209.0,1397.0,1251.0,179.0,552.0,1471.0,1032.0,1159.0,1162.0,,,941.0,1564.0,289.0,1058.0,479.0,885.0,1746.0,207.0,1115.0,,866.0,1631.0,542.0
1043.0,132.0,1068.0,1746.0,1548.0,880.0,458.0,574.0,1277.0,220.0,,,1484.0,97.0,1077.0,384.0,9.0,1148.0,1545.0,1611.0,1201.0,,105.0,1138.0,1743.0
156.0,179.0,1182.0,1545.0,1423.0,815.0,1408.0,1203.0,1740.0,879.0,,,568.0,1566.0,1314.0,446.0,919.0,1600.0,73.0,1707.0,1301.0,,584.0,402.0,1200.0
159.0,1548.0,598.0,73.0,1438.0,1623.0,1469.0,344.0,1452.0,1515.0,,,614.0,1671.0,54.0,662.0,1213.0,871.0,998.0,346.0,1403.0,,1489.0,849.0,402.0
505.0,1423.0,1072.0,998.0,396.0,254.0,1440.0,680.0,1059.0,41.0,,,191.0,241.0,725.0,1381.0,290.0,1258.0,85.0,549.0,1078.0,,408.0,1512.0,407.0
779.0,1438.0,1527.0,85.0,1000.0,207.0,1500.0,715.0,1451.0,1161.0,,,649.0,512.0,519.0,323.0,295.0,797.0,126.0,551.0,103.0,,267.0,866.0,958.0
804.0,396.0,631.0,126.0,1637.0,1611.0,866.0,1461.0,333.0,878.0,,,1388.0,124.0,1296.0,1115.0,156.0,626.0,672.0,1483.0,1054.0,,1187.0,588.0,1476.0
1044.0,1000.0,1201.0,672.0,1483.0,1707.0,1480.0,413.0,877.0,1407.0,,,1539.0,18.0,1371.0,219.0,159.0,1213.0,1537.0,1472.0,1253.0,,1683.0,458.0,303.0
1434.0,1637.0,278.0,1537.0,1615.0,346.0,542.0,1277.0,1701.0,1516.0,,,1570.0,546.0,659.0,263.0,490.0,1064.0,793.0,445.0,1031.0,,1673.0,1489.0,257.0
229.0,1483.0,152.0,793.0,1518.0,549.0,527.0,1740.0,1637.0,1026.0,,,1492.0,1009.0,1632.0,1515.0,505.0,938.0,989.0,926.0,285.0,,1251.0,222.0,657.0
27.0,1615.0,548.0,989.0,1380.0,551.0,73.0,1452.0,1729.0,1386.0,,,1107.0,1328.0,62.0,1590.0,779.0,1086.0,1695.0,1522.0,911.0,,1746.0,1695.0,1482.0
1620.0,1518.0,125.0,1695.0,399.0,1483.0,1612.0,1059.0,1049.0,1684.0,,,725.0,155.0,837.0,83.0,804.0,642.0,1418.0,1724.0,972.0,,1545.0,1601.0,1016.0
35.0,1380.0,1012.0,1418.0,619.0,1472.0,1744.0,1451.0,179.0,342.0,,,1199.0,58.0,1153.0,1087.0,1434.0,1290.0,1334.0,233.0,1207.0,,998.0,1457.0,1446.0
39.0,399.0,1078.0,1334.0,1455.0,445.0,402.0,333.0,1689.0,1378.0,,,1318.0,658.0,734.0,376.0,227.0,1261.0,1448.0,420.0,1086.0,,126.0,1234.0,995.0
1657.0,619.0,195.0,1448.0,214.0,926.0,584.0,1701.0,1627.0,1052.0,,,1131.0,664.0,833.0,82.0,760.0,1.0,975.0,622.0,923.0,,672.0,1482.0,1639.0
1146.0,1455.0,525.0,975.0,710.0,1522.0,303.0,1729.0,1656.0,1570.0,,,1677.0,612.0,241.0,107.0,1008.0,760.0,551.0,1128.0,26.0,,1537.0,336.0,1168.0
490.0,214.0,689.0,551.0,1413.0,1724.0,1643.0,1049.0,975.0,922.0,,,141.0,858.0,63.0,750.0,925.0,1070.0,347.0,768.0,242.0,,793.0,556.0,582.0
784.0,710.0,933.0,347.0,142.0,233.0,334.0,179.0,844.0,1223.0,,,859.0,835.0,1332.0,1259.0,1619.0,999.0,350.0,1423.0,427.0,,989.0,716.0,190.0
514.0,1413.0,653.0,350.0,1203.0,420.0,1049.0,1689.0,1665.0,1372.0,,,329.0,284.0,401.0,1121.0,382.0,46.0,1640.0,716.0,585.0,,1695.0,1471.0,508.0
592.0,142.0,24.0,1640.0,699.0,622.0,1678.0,1627.0,1659.0,192.0,,,632.0,884.0,1265.0,451.0,692.0,719.0,463.0,1703.0,1311.0,,1418.0,611.0,132.0
165.0,1203.0,456.0,463.0,1742.0,1128.0,1251.0,1656.0,449.0,822.0,,,707.0,398.0,15.0,912.0,1620.0,1264.0,1491.0,955.0,1731.0,,1448.0,527.0,1581.0
917.0,699.0,772.0,1491.0,821.0,768.0,1743.0,975.0,247.0,1037.0,,,1193.0,498.0,1508.0,368.0,60.0,1026.0,530.0,1232.0,1180.0,,975.0,1453.0,1634.0
1357.0,1742.0,819.0,530.0,1743.0,1423.0,1661.0,844.0,1478.0,1041.0,,,128.0,581.0,1087.0,655.0,169.0,459.0,433.0,1168.0,820.0,,551.0,1724.0,212.0
444.0,821.0,901.0,433.0,1232.0,716.0,1234.0,1665.0,866.0,1183.0,,,595.0,802.0,502.0,873.0,1033.0,891.0,356.0,240.0,969.0,,347.0,1653.0,863.0
1407.0,1743.0,907.0,356.0,1711.0,1703.0,335.0,1659.0,1628.0,483.0,,,1188.0,386.0,325.0,1507.0,1157.0,380.0,1615.0,553.0,1043.0,,350.0,123.0,331.0
1709.0,1232.0,83.0,1615.0,94.0,955.0,977.0,449.0,105.0,938.0,,,404.0,1526.0,1254.0,1340.0,50.0,1209.0,1128.0,333.0,1308.0,,1640.0,530.0,1690.0
709.0,1711.0,940.0,1128.0,1520.0,1232.0,1417.0,247.0,1417.0,1163.0,,,920.0,1067.0,1323.0,1040.0,220.0,1254.0,849.0,1011.0,1381.0,,1491.0,370.0,866.0
117.0,94.0,1099.0,849.0,554.0,1168.0,1477.0,866.0,405.0,1258.0,,,723.0,999.0,51.0,1176.0,292.0,1323.0,1660.0,127.0,291.0,,530.0,621.0,105.0
328.0,1520.0,281.0,1660.0,1050.0,240.0,1642.0,1628.0,1569.0,205.0,,,249.0,944.0,1137.0,480.0,686.0,33.0,587.0,257.0,395.0,,433.0,1477.0,584.0
749.0,554.0,585.0,587.0,977.0,553.0,575.0,105.0,710.0,1447.0,,,600.0,258.0,1299.0,,1102.0,361.0,1455.0,1448.0,156.0,,356.0,127.0,408.0
1383.0,1050.0,67.0,1455.0,996.0,333.0,714.0,1417.0,218.0,1714.0,,,1312.0,610.0,627.0,,1161.0,769.0,1460.0,1635.0,159.0,,1128.0,1643.0,267.0
13.0,977.0,291.0,1460.0,1656.0,1011.0,429.0,405.0,683.0,380.0,,,673.0,1226.0,1020.0,,1227.0,873.0,1569.0,611.0,505.0,,849.0,1424.0,1187.0
1473.0,996.0,1136.0,1569.0,1477.0,127.0,1506.0,1569.0,209.0,1261.0,,,555.0,1474.0,1292.0,,1521.0,1217.0,1591.0,1601.0,1044.0,,587.0,1635.0,1683.0
726.0,1656.0,729.0,1591.0,1048.0,257.0,360.0,710.0,396.0,1225.0,,,393.0,355.0,1073.0,,1525.0,1373.0,497.0,405.0,1434.0,,1569.0,714.0,1673.0
564.0,1477.0,1494.0,497.0,1636.0,1448.0,1495.0,683.0,54.0,1366.0,,,250.0,495.0,301.0,,135.0,1192.0,1471.0,1627.0,1070.0,,1591.0,1440.0,1251.0
30.0,1048.0,1102.0,1471.0,307.0,1635.0,464.0,54.0,335.0,1398.0,,,810.0,1530.0,25.0,,39.0,71.0,539.0,712.0,1146.0,,497.0,1626.0,1746.0
1279.0,1636.0,1019.0,539.0,1704.0,611.0,1410.0,335.0,1186.0,1625.0,,,1327.0,1231.0,1191.0,,1657.0,1431.0,741.0,1471.0,1156.0,,1471.0,1537.0,1545.0
23.0,307.0,1403.0,741.0,208.0,1601.0,311.0,1186.0,1499.0,526.0,,,213.0,695.0,318.0,,1253.0,1310.0,947.0,458.0,689.0,,539.0,257.0,998.0
1132.0,1704.0,641.0,947.0,1729.0,405.0,1237.0,1499.0,575.0,740.0,,,565.0,911.0,498.0,,890.0,1534.0,222.0,1408.0,652.0,,947.0,551.0,126.0
1600.0,208.0,745.0,222.0,218.0,1627.0,1446.0,575.0,896.0,847.0,,,1240.0,1083.0,1231.0,,979.0,435.0,1198.0,1469.0,797.0,,222.0,1622.0,672.0
871.0,1729.0,1222.0,1198.0,607.0,712.0,583.0,896.0,360.0,66.0,,,1361.0,733.0,1355.0,,1072.0,228.0,970.0,1440.0,1258.0,,1198.0,1668.0,1537.0
1258.0,218.0,918.0,970.0,1500.0,1471.0,1631.0,360.0,1251.0,313.0,,,1045.0,1324.0,1718.0,,687.0,234.0,94.0,1500.0,27.0,,970.0,217.0,793.0
797.0,607.0,981.0,94.0,1701.0,458.0,370.0,1251.0,643.0,1357.0,,,639.0,1563.0,375.0,,113.0,387.0,1630.0,866.0,158.0,,94.0,1433.0,989.0
626.0,1500.0,1189.0,1630.0,863.0,1408.0,898.0,643.0,1658.0,1345.0,,,1142.0,941.0,2.0,,724.0,649.0,1528.0,1480.0,276.0,,1630.0,995.0,1695.0
1213.0,1701.0,705.0,1528.0,1422.0,1469.0,1387.0,1658.0,554.0,354.0,,,1392.0,1484.0,330.0,,1210.0,1353.0,1415.0,542.0,711.0,,1528.0,1016.0,1418.0
1064.0,863.0,986.0,1415.0,1591.0,1440.0,1512.0,364.0,547.0,873.0,,,703.0,568.0,506.0,,122.0,98.0,379.0,527.0,91.0,,1415.0,1387.0,1448.0
938.0,1422.0,759.0,379.0,1454.0,1500.0,267.0,547.0,1495.0,557.0,,,1397.0,614.0,315.0,,1390.0,724.0,208.0,73.0,165.0,,379.0,1446.0,347.0
1086.0,1591.0,182.0,208.0,308.0,866.0,657.0,1495.0,569.0,96.0,,,1068.0,191.0,295.0,,228.0,1075.0,461.0,1612.0,220.0,,208.0,1200.0,350.0
642.0,1454.0,1253.0,461.0,676.0,1480.0,1644.0,569.0,628.0,1078.0,,,1182.0,649.0,589.0,,803.0,1541.0,1408.0,1744.0,858.0,,461.0,1030.0,1640.0
1290.0,308.0,1066.0,1408.0,216.0,542.0,449.0,628.0,145.0,4.0,,,598.0,1388.0,1394.0,,972.0,1161.0,1059.0,402.0,230.0,,1408.0,947.0,1491.0
1261.0,676.0,289.0,1059.0,1650.0,527.0,1713.0,311.0,1664.0,727.0,,,1072.0,1539.0,1101.0,,51.0,1573.0,217.0,584.0,937.0,,1059.0,500.0,530.0
1.0,216.0,1077.0,217.0,547.0,73.0,138.0,1387.0,311.0,97.0,,,1527.0,1570.0,247.0,,485.0,650.0,405.0,303.0,1213.0,,217.0,1479.0,433.0
760.0,1650.0,1314.0,405.0,577.0,1612.0,1746.0,946.0,1387.0,720.0,,,631.0,1492.0,1433.0,,243.0,909.0,1416.0,1643.0,1274.0,,405.0,736.0,356.0
1070.0,547.0,54.0,1416.0,531.0,1744.0,995.0,464.0,946.0,881.0,,,1201.0,1107.0,1388.0,,1217.0,1493.0,400.0,334.0,1504.0,,1416.0,1007.0,1128.0
999.0,577.0,519.0,400.0,320.0,402.0,1673.0,257.0,464.0,925.0,,,278.0,725.0,814.0,,1394.0,1386.0,1049.0,1049.0,833.0,,400.0,1245.0,849.0
46.0,531.0,1296.0,1049.0,123.0,584.0,531.0,818.0,257.0,1095.0,,,152.0,1199.0,1556.0,,289.0,682.0,1653.0,1678.0,1313.0,,1049.0,1415.0,587.0
719.0,320.0,1371.0,1561.0,839.0,303.0,1415.0,1416.0,818.0,1292.0,,,548.0,1318.0,300.0,,745.0,1031.0,1561.0,1251.0,13.0,,1653.0,1585.0,1460.0
1264.0,123.0,659.0,831.0,138.0,1643.0,1689.0,670.0,1416.0,1131.0,,,125.0,1131.0,1465.0,,1252.0,1171.0,831.0,1743.0,224.0,,1561.0,1597.0,1569.0
1026.0,839.0,1632.0,296.0,1011.0,334.0,556.0,1624.0,670.0,812.0,,,1012.0,1677.0,6.0,,102.0,410.0,296.0,1699.0,236.0,,831.0,88.0,1591.0
459.0,138.0,62.0,1410.0,1698.0,1049.0,1514.0,1732.0,1732.0,1119.0,,,1078.0,141.0,1051.0,,777.0,1223.0,1410.0,1661.0,545.0,,296.0,1460.0,497.0
891.0,1011.0,837.0,1687.0,1062.0,1678.0,975.0,1744.0,1744.0,1709.0,,,195.0,859.0,466.0,,978.0,476.0,1687.0,1234.0,1071.0,,1410.0,643.0,1471.0
380.0,1698.0,1153.0,1452.0,1737.0,1251.0,1569.0,87.0,87.0,260.0,,,525.0,329.0,1233.0,,1013.0,681.0,1452.0,335.0,235.0,,1687.0,266.0,539.0
1209.0,1062.0,734.0,1627.0,72.0,1743.0,1629.0,307.0,307.0,514.0,,,689.0,632.0,890.0,,1143.0,100.0,1627.0,977.0,1088.0,,1452.0,1612.0,947.0
1254.0,1737.0,833.0,1583.0,413.0,1699.0,569.0,1666.0,1662.0,827.0,,,933.0,707.0,1166.0,,865.0,1169.0,1583.0,1417.0,275.0,,1627.0,1633.0,222.0
1323.0,72.0,63.0,1412.0,1597.0,1661.0,1700.0,1690.0,1666.0,1064.0,,,653.0,1193.0,1244.0,,1149.0,570.0,1412.0,1477.0,974.0,,1583.0,207.0,1198.0
33.0,413.0,1332.0,1514.0,683.0,1234.0,1002.0,1745.0,1690.0,1070.0,,,24.0,128.0,1324.0,,12.0,620.0,1514.0,1642.0,1385.0,,1412.0,1528.0,970.0
361.0,1597.0,401.0,1612.0,76.0,335.0,399.0,212.0,1745.0,1216.0,,,456.0,595.0,1571.0,,354.0,688.0,1612.0,575.0,459.0,,1514.0,77.0,94.0
769.0,683.0,1265.0,1046.0,298.0,977.0,672.0,215.0,212.0,73.0,,,772.0,1188.0,1715.0,,385.0,175.0,1046.0,714.0,1527.0,,1612.0,1466.0,1630.0
873.0,76.0,15.0,335.0,967.0,1417.0,547.0,1410.0,215.0,630.0,,,819.0,404.0,1642.0,,685.0,718.0,335.0,429.0,380.0,,1046.0,1673.0,1528.0
1217.0,298.0,1508.0,1744.0,407.0,1477.0,562.0,1405.0,1410.0,1347.0,,,901.0,920.0,1599.0,,851.0,912.0,1744.0,1506.0,1246.0,,335.0,1707.0,1415.0
1373.0,967.0,1087.0,206.0,1699.0,1642.0,1374.0,584.0,1405.0,1135.0,,,907.0,723.0,802.0,,861.0,1116.0,206.0,360.0,1298.0,,1744.0,957.0,379.0
1192.0,407.0,502.0,88.0,1450.0,575.0,1622.0,187.0,584.0,1367.0,,,83.0,249.0,172.0,,1076.0,479.0,88.0,1495.0,901.0,,206.0,622.0,208.0
71.0,1699.0,325.0,333.0,1002.0,714.0,105.0,371.0,187.0,1038.0,,,940.0,600.0,1510.0,,763.0,1276.0,333.0,464.0,718.0,,88.0,955.0,461.0
1431.0,1450.0,1254.0,575.0,222.0,429.0,508.0,1561.0,371.0,885.0,,,1099.0,1312.0,1714.0,,1236.0,116.0,575.0,1410.0,1323.0,,333.0,267.0,1408.0
1310.0,1002.0,1323.0,1413.0,154.0,1506.0,142.0,429.0,1561.0,1074.0,,,281.0,673.0,1454.0,,1192.0,19.0,1413.0,311.0,1548.0,,575.0,1251.0,1059.0
1534.0,222.0,51.0,580.0,1168.0,360.0,424.0,1245.0,429.0,34.0,,,585.0,555.0,960.0,,2.0,436.0,580.0,1237.0,1576.0,,1413.0,126.0,217.0
435.0,154.0,1137.0,1642.0,1713.0,1495.0,1419.0,996.0,1245.0,259.0,,,67.0,393.0,1441.0,,481.0,1344.0,1642.0,1446.0,1718.0,,580.0,975.0,1416.0
228.0,1168.0,1299.0,1646.0,160.0,464.0,844.0,654.0,996.0,686.0,,,291.0,250.0,1625.0,,1208.0,558.0,1646.0,583.0,157.0,,1642.0,463.0,400.0
234.0,1713.0,627.0,1741.0,420.0,1410.0,1021.0,379.0,654.0,1227.0,,,1136.0,810.0,1245.0,,1351.0,829.0,1741.0,1631.0,909.0,,1646.0,1128.0,1049.0
387.0,160.0,1020.0,1457.0,1738.0,311.0,957.0,150.0,379.0,153.0,,,729.0,1327.0,1558.0,,1388.0,1113.0,1457.0,370.0,1052.0,,1741.0,1569.0,1653.0
649.0,420.0,1292.0,1495.0,508.0,1237.0,1200.0,1433.0,150.0,809.0,,,1494.0,213.0,848.0,,822.0,63.0,1495.0,898.0,933.0,,1457.0,497.0,1561.0
1353.0,1738.0,1073.0,578.0,494.0,1446.0,413.0,1629.0,1433.0,1127.0,,,1102.0,565.0,1504.0,,460.0,97.0,578.0,1387.0,940.0,,1495.0,741.0,831.0
98.0,508.0,301.0,1470.0,1630.0,583.0,609.0,599.0,1629.0,949.0,,,1019.0,1240.0,411.0,,368.0,120.0,1470.0,1512.0,1296.0,,578.0,970.0,296.0
724.0,494.0,25.0,1374.0,445.0,1631.0,621.0,1645.0,599.0,1068.0,,,1403.0,1361.0,480.0,,916.0,279.0,1374.0,267.0,1676.0,,1470.0,1408.0,1410.0
1075.0,1630.0,1191.0,87.0,1547.0,370.0,336.0,1500.0,1645.0,55.0,,,641.0,1045.0,,,42.0,1179.0,87.0,657.0,525.0,,1374.0,1059.0,1687.0
1541.0,445.0,318.0,1424.0,65.0,898.0,849.0,1741.0,1500.0,30.0,,,745.0,1289.0,,,305.0,1216.0,1424.0,449.0,324.0,,87.0,405.0,1452.0
1161.0,1547.0,1355.0,1387.0,854.0,1387.0,1639.0,1687.0,1741.0,39.0,,,1222.0,639.0,,,472.0,394.0,1387.0,1713.0,705.0,,1424.0,1416.0,1627.0
1573.0,65.0,1718.0,464.0,1736.0,1512.0,497.0,1667.0,1687.0,357.0,,,918.0,1142.0,,,1145.0,630.0,464.0,138.0,836.0,,1387.0,1049.0,1583.0
650.0,854.0,375.0,588.0,1659.0,267.0,577.0,266.0,1667.0,532.0,,,981.0,1392.0,,,1531.0,882.0,588.0,1746.0,876.0,,464.0,1561.0,1412.0
1493.0,1736.0,2.0,465.0,574.0,657.0,677.0,1646.0,266.0,726.0,,,1189.0,703.0,,,234.0,886.0,465.0,995.0,1068.0,,588.0,296.0,1612.0
1386.0,1659.0,330.0,1633.0,539.0,449.0,1653.0,579.0,1646.0,790.0,,,705.0,1397.0,,,1292.0,1311.0,1633.0,1673.0,1103.0,,465.0,1410.0,1046.0
682.0,574.0,315.0,1626.0,1639.0,1713.0,1452.0,1456.0,579.0,814.0,,,986.0,1068.0,,,1677.0,1376.0,1626.0,531.0,1339.0,,1633.0,1452.0,335.0
1031.0,539.0,295.0,1713.0,204.0,138.0,741.0,1221.0,1456.0,835.0,,,759.0,1182.0,,,570.0,34.0,1713.0,1415.0,63.0,,1626.0,1627.0,1744.0
1171.0,1639.0,589.0,677.0,1672.0,1746.0,1450.0,1638.0,1221.0,1235.0,,,182.0,598.0,,,1003.0,1010.0,677.0,1689.0,623.0,,1713.0,1583.0,206.0
410.0,204.0,1394.0,1748.0,599.0,995.0,1453.0,657.0,1638.0,1309.0,,,1253.0,1072.0,,,390.0,1507.0,1748.0,556.0,698.0,,677.0,1046.0,88.0
1223.0,1672.0,1101.0,424.0,1661.0,1673.0,1466.0,962.0,657.0,1718.0,,,1066.0,1527.0,,,1723.0,1267.0,424.0,1514.0,1542.0,,1748.0,335.0,333.0
476.0,599.0,247.0,896.0,331.0,531.0,961.0,613.0,613.0,690.0,,,289.0,631.0,,,637.0,1468.0,1650.0,975.0,431.0,,424.0,1744.0,575.0
681.0,1661.0,1433.0,1650.0,1665.0,1415.0,1585.0,77.0,77.0,114.0,,,1077.0,1201.0,,,1140.0,1474.0,628.0,1629.0,1149.0,,896.0,206.0,1413.0
100.0,331.0,1556.0,628.0,1715.0,1689.0,1503.0,793.0,793.0,248.0,,,1314.0,278.0,,,532.0,332.0,500.0,569.0,297.0,,1650.0,333.0,580.0
1169.0,1665.0,300.0,500.0,1467.0,556.0,463.0,127.0,127.0,1571.0,,,54.0,152.0,,,143.0,1005.0,1138.0,1700.0,447.0,,628.0,575.0,1642.0
570.0,1715.0,1465.0,1138.0,1674.0,1514.0,717.0,1605.0,1605.0,252.0,,,519.0,548.0,,,185.0,1274.0,1693.0,1002.0,456.0,,500.0,1642.0,1646.0
620.0,1467.0,6.0,1693.0,1456.0,975.0,854.0,1422.0,1422.0,1282.0,,,1296.0,125.0,,,1150.0,1294.0,1467.0,399.0,596.0,,1138.0,1646.0,1741.0
688.0,1674.0,1051.0,1467.0,1465.0,1629.0,1561.0,334.0,334.0,203.0,,,1371.0,1012.0,,,1515.0,836.0,844.0,672.0,1376.0,,1693.0,1741.0,1457.0
718.0,1456.0,466.0,844.0,1230.0,569.0,160.0,1678.0,1678.0,1596.0,,,659.0,1078.0,,,1594.0,1688.0,715.0,547.0,1524.0,,1467.0,1495.0,1495.0
912.0,1465.0,1233.0,715.0,1419.0,1700.0,1605.0,1583.0,1583.0,1679.0,,,1632.0,195.0,,,1294.0,1370.0,1451.0,562.0,149.0,,371.0,578.0,578.0
1116.0,1230.0,890.0,1451.0,1599.0,1002.0,1645.0,130.0,716.0,390.0,,,837.0,525.0,,,811.0,1486.0,154.0,1622.0,803.0,,844.0,1470.0,87.0
479.0,1419.0,1166.0,154.0,715.0,399.0,245.0,1024.0,1612.0,932.0,,,1153.0,689.0,,,816.0,733.0,898.0,105.0,1158.0,,715.0,1374.0,1424.0
1276.0,1599.0,1244.0,360.0,1662.0,672.0,1138.0,716.0,583.0,1666.0,,,734.0,933.0,,,838.0,1207.0,1598.0,508.0,369.0,,1451.0,87.0,1387.0
116.0,715.0,1571.0,898.0,1221.0,547.0,123.0,1612.0,553.0,246.0,,,833.0,653.0,,,467.0,236.0,1488.0,142.0,784.0,,154.0,464.0,464.0
19.0,1662.0,1715.0,1598.0,1488.0,562.0,187.0,583.0,1660.0,603.0,,,63.0,24.0,,,1270.0,545.0,1738.0,424.0,875.0,,360.0,465.0,588.0
436.0,1221.0,1642.0,1488.0,424.0,1622.0,277.0,553.0,356.0,1088.0,,,1332.0,456.0,,,37.0,893.0,1421.0,1419.0,153.0,,898.0,1713.0,465.0
1344.0,1488.0,1599.0,1738.0,111.0,105.0,1451.0,1660.0,1717.0,1173.0,,,401.0,772.0,,,466.0,1001.0,1681.0,844.0,29.0,,1598.0,1748.0,1633.0
558.0,424.0,172.0,1421.0,1480.0,508.0,212.0,356.0,1316.0,1555.0,,,1265.0,819.0,,,1568.0,1255.0,1417.0,1021.0,1551.0,,1488.0,424.0,1626.0
829.0,111.0,1510.0,1681.0,1653.0,142.0,1059.0,1717.0,538.0,471.0,,,15.0,901.0,,,1320.0,409.0,1585.0,957.0,1632.0,,1738.0,896.0,1713.0
1113.0,1480.0,1714.0,1417.0,1476.0,424.0,967.0,1651.0,1002.0,909.0,,,1508.0,907.0,,,858.0,616.0,77.0,1200.0,978.0,,1421.0,1650.0,677.0
63.0,1653.0,1454.0,1585.0,73.0,1419.0,1016.0,1316.0,1545.0,1.0,,,1087.0,83.0,,,869.0,1052.0,1402.0,413.0,322.0,,1681.0,628.0,1748.0
97.0,1476.0,960.0,77.0,556.0,844.0,148.0,538.0,1719.0,817.0,,,502.0,940.0,,,246.0,318.0,1605.0,609.0,828.0,,1417.0,1693.0,424.0
120.0,73.0,1441.0,1402.0,716.0,1021.0,1634.0,1002.0,57.0,1324.0,,,325.0,1099.0,,,491.0,922.0,1694.0,621.0,929.0,,1585.0,1467.0,896.0
279.0,556.0,1625.0,1605.0,717.0,957.0,184.0,1586.0,634.0,772.0,,,1254.0,281.0,,,1548.0,7.0,311.0,336.0,1034.0,,77.0,371.0,1650.0
394.0,716.0,1245.0,1694.0,1514.0,1200.0,1489.0,1545.0,578.0,68.0,,,1323.0,585.0,,,1546.0,242.0,1699.0,849.0,1042.0,,1402.0,844.0,628.0
630.0,717.0,1558.0,311.0,1421.0,413.0,1672.0,1719.0,1670.0,388.0,,,51.0,67.0,,,1609.0,427.0,1505.0,1639.0,144.0,,1605.0,715.0,500.0
882.0,1514.0,848.0,1699.0,1631.0,609.0,1668.0,57.0,516.0,889.0,,,1137.0,291.0,,,1654.0,593.0,634.0,497.0,656.0,,1694.0,1451.0,1138.0
886.0,1421.0,1504.0,1505.0,207.0,621.0,1000.0,634.0,350.0,1291.0,,,1299.0,1136.0,,,1139.0,1183.0,1419.0,577.0,794.0,,311.0,154.0,1693.0
1376.0,1631.0,411.0,634.0,1245.0,336.0,344.0,578.0,1480.0,1530.0,,,627.0,729.0,,,1299.0,1339.0,334.0,677.0,1362.0,,1699.0,360.0,1467.0
34.0,207.0,480.0,1419.0,1558.0,849.0,65.0,1670.0,1046.0,1553.0,,,1020.0,1494.0,,,1199.0,1236.0,964.0,1653.0,255.0,,1505.0,898.0,371.0
1010.0,1245.0,,334.0,1414.0,1639.0,896.0,516.0,712.0,227.0,,,1292.0,1102.0,,,223.0,205.0,1674.0,741.0,772.0,,634.0,1598.0,844.0
1507.0,1558.0,,964.0,552.0,497.0,1641.0,350.0,556.0,1592.0,,,1073.0,1019.0,,,1675.0,889.0,449.0,1450.0,394.0,,1419.0,1488.0,715.0
1267.0,1414.0,,1674.0,958.0,577.0,154.0,1480.0,497.0,1728.0,,,301.0,1403.0,,,110.0,1375.0,528.0,1453.0,719.0,,334.0,1738.0,1451.0
1468.0,552.0,,449.0,989.0,677.0,1658.0,1046.0,1681.0,352.0,,,25.0,641.0,,,33.0,3.0,1719.0,1466.0,1111.0,,964.0,1421.0,154.0
1474.0,958.0,,528.0,1695.0,1653.0,1454.0,712.0,1509.0,593.0,,,1191.0,745.0,,,316.0,638.0,1380.0,961.0,260.0,,1674.0,1681.0,360.0
332.0,989.0,,1719.0,553.0,741.0,129.0,556.0,1558.0,798.0,,,1355.0,1222.0,,,364.0,1069.0,1411.0,1585.0,386.0,,449.0,1417.0,898.0
1274.0,1695.0,,1380.0,87.0,1450.0,364.0,497.0,433.0,124.0,,,1718.0,918.0,,,1652.0,1225.0,1703.0,1503.0,514.0,,528.0,1402.0,1598.0
1294.0,553.0,,1411.0,995.0,1453.0,1458.0,1681.0,842.0,194.0,,,375.0,981.0,,,571.0,943.0,736.0,463.0,917.0,,1719.0,1605.0,1488.0
836.0,87.0,,1703.0,926.0,1466.0,1646.0,1509.0,1135.0,775.0,,,2.0,1189.0,,,1527.0,278.0,1062.0,717.0,1064.0,,1380.0,1694.0,1738.0
1688.0,995.0,,736.0,1402.0,961.0,1023.0,1558.0,562.0,735.0,,,330.0,705.0,,,1265.0,281.0,1737.0,854.0,1179.0,,1411.0,311.0,1421.0
1370.0,926.0,,1062.0,1433.0,1585.0,1488.0,433.0,1178.0,670.0,,,315.0,986.0,,,1132.0,448.0,429.0,1561.0,1430.0,,1703.0,1699.0,1681.0
1486.0,1402.0,,1737.0,1693.0,1503.0,1626.0,842.0,668.0,1003.0,,,295.0,759.0,,,1502.0,754.0,1464.0,160.0,269.0,,736.0,1505.0,1417.0
733.0,1433.0,,429.0,1690.0,463.0,126.0,1135.0,184.0,1054.0,,,589.0,182.0,,,1632.0,1608.0,1700.0,1605.0,1231.0,,1062.0,634.0,1585.0
1207.0,1693.0,,1464.0,608.0,717.0,628.0,562.0,1489.0,1176.0,,,1394.0,1253.0,,,1550.0,775.0,1404.0,1645.0,1580.0,,1737.0,1419.0,77.0
236.0,1690.0,,1700.0,609.0,854.0,839.0,1178.0,1455.0,1254.0,,,1101.0,1066.0,,,58.0,66.0,547.0,245.0,140.0,,429.0,334.0,1402.0
545.0,608.0,,1404.0,364.0,1561.0,1545.0,668.0,831.0,1319.0,,,247.0,289.0,,,1406.0,161.0,1717.0,1138.0,227.0,,1464.0,964.0,1605.0
893.0,609.0,,547.0,1728.0,160.0,1380.0,184.0,283.0,1602.0,,,1433.0,1077.0,,,1621.0,486.0,1745.0,187.0,675.0,,1700.0,1674.0,1694.0
1001.0,364.0,,1717.0,582.0,1605.0,761.0,1489.0,1643.0,1632.0,,,1556.0,1314.0,,,627.0,725.0,79.0,277.0,1529.0,,1404.0,449.0,311.0
1255.0,1728.0,,1745.0,247.0,1645.0,302.0,1455.0,611.0,155.0,,,300.0,54.0,,,999.0,313.0,1409.0,1451.0,1414.0,,547.0,528.0,1699.0
409.0,582.0,,79.0,961.0,245.0,736.0,831.0,1469.0,229.0,,,1465.0,519.0,,,940.0,101.0,1433.0,212.0,151.0,,1717.0,1719.0,1505.0
616.0,247.0,,1409.0,1458.0,1138.0,1090.0,283.0,527.0,1677.0,,,6.0,1296.0,,,1296.0,369.0,72.0,1059.0,161.0,,1745.0,1380.0,634.0
318.0,1458.0,,1433.0,293.0,123.0,1460.0,1708.0,1450.0,385.0,,,466.0,1371.0,,,263.0,1338.0,1479.0,967.0,403.0,,79.0,1411.0,1419.0
922.0,293.0,,72.0,296.0,187.0,1715.0,1643.0,1607.0,1133.0,,,1233.0,659.0,,,337.0,934.0,138.0,1016.0,576.0,,1409.0,1703.0,334.0
7.0,296.0,,1479.0,1187.0,277.0,578.0,611.0,1743.0,1340.0,,,890.0,1632.0,,,1590.0,764.0,1007.0,148.0,653.0,,1433.0,1062.0,964.0
242.0,1187.0,,138.0,1453.0,1451.0,1465.0,1469.0,1747.0,1637.0,,,1166.0,837.0,,,633.0,576.0,1736.0,1634.0,686.0,,72.0,1737.0,1674.0
427.0,1453.0,,1007.0,1635.0,212.0,1230.0,1725.0,508.0,18.0,,,1244.0,1153.0,,,1474.0,506.0,756.0,184.0,702.0,,1479.0,429.0,449.0
593.0,1635.0,,1736.0,1697.0,1059.0,793.0,527.0,1668.0,480.0,,,1571.0,734.0,,,535.0,1181.0,1697.0,1489.0,746.0,,138.0,1464.0,528.0
1183.0,1697.0,,756.0,240.0,967.0,962.0,1450.0,528.0,,,,1715.0,833.0,,,585.0,559.0,540.0,1672.0,779.0,,1007.0,1700.0,1719.0
1339.0,240.0,,1697.0,657.0,1016.0,1683.0,1607.0,1168.0,,,,1642.0,63.0,,,1516.0,929.0,308.0,1668.0,802.0,,1736.0,1404.0,1380.0
1236.0,657.0,,540.0,1598.0,148.0,72.0,1743.0,1713.0,,,,1599.0,1332.0,,,1688.0,1095.0,492.0,1000.0,804.0,,756.0,547.0,1411.0
205.0,1598.0,,308.0,379.0,1634.0,1597.0,1747.0,365.0,,,,172.0,401.0,,,814.0,887.0,670.0,344.0,806.0,,1697.0,1717.0,1703.0
889.0,379.0,,492.0,736.0,184.0,1704.0,508.0,550.0,,,,1510.0,1265.0,,,1359.0,171.0,1023.0,65.0,1005.0,,540.0,1745.0,736.0
1375.0,736.0,,670.0,1024.0,1489.0,111.0,1668.0,636.0,,,,1714.0,15.0,,,1147.0,1268.0,1689.0,896.0,1010.0,,308.0,79.0,1062.0
638.0,1024.0,,1023.0,530.0,1672.0,1598.0,528.0,1477.0,,,,1454.0,1508.0,,,543.0,1333.0,1466.0,1641.0,1036.0,,492.0,1409.0,1737.0
1069.0,530.0,,1689.0,998.0,1668.0,331.0,1168.0,1517.0,,,,960.0,1087.0,,,743.0,274.0,1658.0,154.0,1194.0,,670.0,72.0,429.0
1225.0,998.0,,1466.0,457.0,1000.0,392.0,1713.0,1700.0,,,,1441.0,502.0,,,790.0,1156.0,1030.0,1658.0,1739.0,,1023.0,138.0,1464.0
943.0,457.0,,1658.0,849.0,344.0,607.0,365.0,359.0,,,,1625.0,325.0,,,1610.0,1430.0,1090.0,1454.0,903.0,,1689.0,1736.0,1700.0
278.0,849.0,,1030.0,1404.0,65.0,1591.0,550.0,331.0,,,,1245.0,1254.0,,,572.0,95.0,1711.0,129.0,117.0,,1466.0,756.0,1404.0
281.0,1404.0,,1090.0,402.0,896.0,1697.0,636.0,1746.0,,,,1558.0,1323.0,,,1661.0,691.0,758.0,364.0,265.0,,1658.0,1697.0,547.0
448.0,88.0,,1711.0,1730.0,1641.0,1730.0,1477.0,587.0,,,,1504.0,51.0,,,357.0,1731.0,1558.0,1458.0,376.0,,1030.0,540.0,1717.0
754.0,402.0,,758.0,562.0,154.0,947.0,1517.0,1011.0,,,,411.0,1137.0,,,689.0,1710.0,607.0,1646.0,82.0,,1090.0,308.0,1745.0
1608.0,1730.0,,1558.0,1234.0,1658.0,634.0,1700.0,582.0,,,,480.0,1299.0,,,759.0,16.0,1280.0,1023.0,107.0,,1711.0,492.0,79.0
775.0,562.0,,607.0,1512.0,1454.0,1583.0,359.0,1694.0,,,,,627.0,,,991.0,153.0,1672.0,1488.0,750.0,,758.0,670.0,1409.0
161.0,1234.0,,1280.0,121.0,129.0,1455.0,1663.0,534.0,,,,,1020.0,,,729.0,327.0,1597.0,1626.0,1259.0,,1558.0,1023.0,1433.0
486.0,1512.0,,1672.0,1237.0,364.0,308.0,331.0,580.0,,,,,1292.0,,,778.0,363.0,1661.0,126.0,1121.0,,607.0,1689.0,72.0
725.0,121.0,,1597.0,1472.0,1458.0,1738.0,1746.0,1016.0,,,,,1073.0,,,1501.0,446.0,233.0,628.0,451.0,,1280.0,1658.0,1479.0
313.0,1237.0,,1661.0,1643.0,1646.0,680.0,587.0,1733.0,,,,,301.0,,,1596.0,739.0,1230.0,839.0,912.0,,1672.0,1090.0,138.0
101.0,1472.0,,233.0,1707.0,1023.0,221.0,1011.0,1641.0,,,,,25.0,,,1671.0,1035.0,1485.0,1545.0,368.0,,1597.0,1711.0,1007.0
369.0,1643.0,,1230.0,458.0,1488.0,180.0,582.0,294.0,,,,,1191.0,,,1151.0,1308.0,111.0,1380.0,655.0,,1661.0,758.0,1736.0
1338.0,1707.0,,1485.0,1440.0,1626.0,1650.0,1694.0,1418.0,,,,,1355.0,,,1170.0,1425.0,577.0,761.0,873.0,,233.0,1558.0,756.0
934.0,458.0,,111.0,1481.0,126.0,1720.0,534.0,1683.0,,,,,1718.0,,,1114.0,1516.0,613.0,302.0,1507.0,,1230.0,607.0,1697.0
764.0,1440.0,,577.0,1021.0,628.0,1412.0,580.0,392.0,,,,,375.0,,,1255.0,1519.0,439.0,736.0,1340.0,,1485.0,1280.0,540.0
576.0,1481.0,,613.0,1651.0,839.0,1476.0,1016.0,450.0,,,,,2.0,,,859.0,462.0,676.0,1090.0,340.0,,111.0,1672.0,308.0
506.0,1021.0,,439.0,611.0,1545.0,580.0,1733.0,1567.0,,,,,315.0,,,1372.0,144.0,1716.0,1460.0,1040.0,,577.0,1661.0,670.0
1181.0,1651.0,,676.0,1732.0,1380.0,1616.0,1641.0,277.0,,,,,589.0,,,1571.0,173.0,1730.0,1715.0,1176.0,,613.0,233.0,1023.0
559.0,611.0,,1716.0,1198.0,761.0,130.0,1004.0,1291.0,,,,,1394.0,,,1599.0,1365.0,1330.0,578.0,480.0,,439.0,1230.0,1689.0
929.0,1732.0,,1730.0,1607.0,302.0,1024.0,1418.0,1592.0,,,,,1101.0,,,7.0,1162.0,1465.0,1465.0,,,676.0,1485.0,1466.0
1205.0,1198.0,,1330.0,1448.0,736.0,1711.0,1683.0,347.0,,,,,247.0,,,146.0,1676.0,1617.0,1230.0,,,1716.0,111.0,1658.0
1321.0,1607.0,,1465.0,527.0,1090.0,1732.0,392.0,756.0,,,,,1433.0,,,192.0,1551.0,574.0,962.0,,,1730.0,577.0,1030.0
1095.0,1448.0,,1617.0,343.0,1460.0,190.0,450.0,1232.0,,,,,1556.0,,,483.0,269.0,569.0,1683.0,,,1330.0,613.0,1090.0
887.0,527.0,,574.0,1046.0,1715.0,347.0,1516.0,1548.0,,,,,300.0,,,510.0,1346.0,1584.0,1597.0,,,1465.0,439.0,1711.0
1268.0,343.0,,569.0,677.0,578.0,307.0,277.0,539.0,,,,,1465.0,,,817.0,258.0,245.0,1704.0,,,1617.0,676.0,758.0
1333.0,1046.0,,1584.0,148.0,1465.0,1581.0,1291.0,240.0,,,,,6.0,,,1166.0,1244.0,1645.0,111.0,,,574.0,1716.0,1558.0
274.0,677.0,,245.0,542.0,1230.0,1670.0,1592.0,542.0,,,,,466.0,,,1171.0,1363.0,266.0,1598.0,,,569.0,1730.0,1280.0
1156.0,148.0,,1645.0,768.0,962.0,1528.0,347.0,998.0,,,,,1233.0,,,1173.0,1210.0,687.0,331.0,,,1584.0,1330.0,1672.0
1430.0,542.0,,266.0,1007.0,1683.0,530.0,1232.0,736.0,,,,,890.0,,,1324.0,698.0,184.0,392.0,,,245.0,1465.0,1597.0
95.0,768.0,,687.0,1411.0,1597.0,998.0,539.0,1673.0,,,,,1166.0,,,1517.0,1535.0,1237.0,607.0,,,1645.0,1617.0,1661.0
691.0,1007.0,,184.0,1601.0,1704.0,1418.0,240.0,1631.0,,,,,1244.0,,,1563.0,1517.0,1616.0,1591.0,,,266.0,574.0,233.0
1710.0,1411.0,,1237.0,712.0,111.0,1479.0,542.0,123.0,,,,,1571.0,,,1714.0,270.0,1618.0,1697.0,,,687.0,569.0,1230.0
16.0,1601.0,,1616.0,540.0,1598.0,1725.0,998.0,1615.0,,,,,1715.0,,,953.0,483.0,1733.0,1730.0,,,184.0,1584.0,1485.0
327.0,712.0,,1618.0,793.0,331.0,407.0,736.0,1413.0,,,,,1642.0,,,1322.0,1575.0,180.0,947.0,,,1237.0,245.0,111.0
363.0,540.0,,1733.0,1660.0,392.0,1404.0,1673.0,1581.0,,,,,1599.0,,,36.0,326.0,1454.0,634.0,,,1616.0,1645.0,577.0
446.0,793.0,,180.0,317.0,607.0,1640.0,1631.0,1510.0,,,,,172.0,,,286.0,648.0,609.0,1583.0,,,1618.0,687.0,613.0
739.0,1660.0,,1454.0,1405.0,1591.0,1316.0,123.0,1234.0,,,,,1510.0,,,388.0,1318.0,1641.0,1455.0,,,1733.0,184.0,439.0
1035.0,317.0,,609.0,1585.0,1697.0,145.0,1615.0,310.0,,,,,1714.0,,,398.0,82.0,1469.0,308.0,,,180.0,1237.0,676.0
1308.0,1405.0,,1641.0,303.0,1730.0,1509.0,1413.0,967.0,,,,,1454.0,,,324.0,471.0,216.0,1738.0,,,1454.0,1616.0,1716.0
1425.0,1585.0,,1469.0,962.0,947.0,222.0,1581.0,1446.0,,,,,960.0,,,757.0,1301.0,1503.0,680.0,,,609.0,1618.0,1730.0
1516.0,303.0,,216.0,714.0,634.0,1280.0,1510.0,458.0,,,,,1441.0,,,614.0,953.0,1644.0,221.0,,,1641.0,1733.0,1330.0
1519.0,962.0,,1503.0,1138.0,1583.0,1416.0,1234.0,621.0,,,,,1625.0,,,798.0,1625.0,1729.0,180.0,,,1469.0,180.0,1465.0
462.0,714.0,,1644.0,1629.0,1455.0,433.0,310.0,1704.0,,,,,1245.0,,,560.0,309.0,1015.0,758.0,,,216.0,1454.0,1617.0
173.0,1138.0,,1729.0,947.0,308.0,1046.0,967.0,1198.0,,,,,1558.0,,,874.0,494.0,531.0,1650.0,,,1503.0,609.0,574.0
1365.0,1629.0,,1015.0,1461.0,1738.0,1664.0,1446.0,1505.0,,,,,1504.0,,,961.0,1313.0,74.0,1720.0,,,1644.0,1641.0,569.0
1162.0,947.0,,531.0,1491.0,680.0,1741.0,458.0,214.0,,,,,411.0,,,611.0,1577.0,1245.0,1412.0,,,1729.0,1469.0,1584.0
1676.0,1461.0,,74.0,1633.0,221.0,1747.0,621.0,1453.0,,,,,480.0,,,1592.0,571.0,1509.0,1476.0,,,1015.0,216.0,245.0
1551.0,1491.0,,1245.0,1479.0,180.0,582.0,1704.0,1635.0,,,,,,,,1712.0,1345.0,343.0,580.0,,,531.0,1503.0,1645.0
269.0,1633.0,,1509.0,680.0,758.0,1467.0,1198.0,1051.0,,,,,,,,124.0,243.0,680.0,1616.0,,,74.0,1644.0,266.0
1346.0,1479.0,,343.0,1545.0,1650.0,670.0,1505.0,1634.0,,,,,,,,194.0,388.0,215.0,130.0,,,1245.0,1729.0,687.0
258.0,680.0,,680.0,1519.0,1720.0,799.0,214.0,530.0,,,,,,,,1222.0,1246.0,1707.0,1024.0,,,1509.0,1015.0,184.0
1244.0,1545.0,,215.0,105.0,1412.0,492.0,1453.0,1716.0,,,,,,,,1382.0,566.0,1715.0,1711.0,,,343.0,531.0,1237.0
1363.0,1519.0,,1707.0,1516.0,1476.0,699.0,1635.0,989.0,,,,,,,,1081.0,227.0,150.0,1732.0,,,680.0,74.0,1616.0
1210.0,105.0,,1715.0,818.0,580.0,1198.0,1634.0,1639.0,,,,,,,,1602.0,937.0,307.0,190.0,,,215.0,1509.0,1618.0
698.0,1516.0,,150.0,1719.0,1616.0,87.0,530.0,73.0,,,,,,,,107.0,1300.0,65.0,347.0,,,1707.0,343.0,1733.0
1535.0,818.0,,307.0,1316.0,130.0,863.0,1716.0,717.0,,,,,,,,399.0,1302.0,1740.0,307.0,,,1715.0,680.0,180.0
1517.0,1719.0,,65.0,221.0,1024.0,1687.0,989.0,1601.0,,,,,,,,1685.0,1351.0,221.0,1581.0,,,150.0,215.0,1454.0
270.0,1316.0,,1740.0,761.0,1711.0,1159.0,1639.0,868.0,,,,,,,,1082.0,166.0,1032.0,1670.0,,,307.0,1715.0,609.0
483.0,221.0,,221.0,1634.0,1732.0,574.0,73.0,1506.0,,,,,,,,155.0,290.0,1422.0,1528.0,,,65.0,150.0,1641.0
1575.0,761.0,,1032.0,497.0,190.0,1618.0,717.0,1200.0,,,,,,,,365.0,615.0,1021.0,530.0,,,1740.0,307.0,1469.0
326.0,1634.0,,1422.0,654.0,347.0,461.0,1601.0,408.0,,,,,,,,852.0,1222.0,413.0,998.0,,,221.0,65.0,216.0
648.0,497.0,,1021.0,957.0,307.0,216.0,868.0,402.0,,,,,,,,1595.0,14.0,210.0,1418.0,,,1032.0,1740.0,1503.0
1318.0,654.0,,413.0,336.0,1670.0,540.0,1506.0,1466.0,,,,,,,,1698.0,1013.0,1628.0,1479.0,,,1422.0,221.0,1644.0
82.0,957.0,,210.0,1678.0,1528.0,1695.0,1200.0,1720.0,,,,,,,,1012.0,109.0,579.0,1725.0,,,1021.0,1032.0,1729.0
471.0,336.0,,1628.0,1200.0,530.0,217.0,408.0,1330.0,,,,,,,,77.0,740.0,961.0,407.0,,,413.0,1422.0,1015.0
1301.0,1678.0,,579.0,621.0,998.0,1424.0,402.0,417.0,,,,,,,,487.0,1003.0,1463.0,1404.0,,,210.0,1021.0,531.0
953.0,1200.0,,961.0,277.0,1418.0,1032.0,1466.0,1617.0,,,,,,,,22.0,1054.0,977.0,1640.0,,,1628.0,413.0,74.0
1625.0,621.0,,1463.0,1668.0,1479.0,1422.0,1720.0,1462.0,,,,,,,,1293.0,852.0,90.0,1316.0,,,579.0,210.0,1245.0
309.0,277.0,,977.0,187.0,1725.0,1537.0,1330.0,1426.0,,,,,,,,751.0,96.0,1426.0,145.0,,,961.0,1628.0,1509.0
494.0,1668.0,,90.0,370.0,407.0,868.0,417.0,439.0,,,,,,,,72.0,226.0,392.0,1509.0,,,1463.0,579.0,343.0
1313.0,187.0,,1426.0,257.0,1404.0,1178.0,1617.0,927.0,,,,,,,,458.0,431.0,1720.0,222.0,,,977.0,961.0,680.0
1577.0,370.0,,392.0,622.0,1640.0,1690.0,1462.0,362.0,,,,,,,,522.0,432.0,550.0,1280.0,,,90.0,1463.0,215.0
571.0,257.0,,1720.0,1482.0,1316.0,1708.0,1426.0,1463.0,,,,,,,,671.0,843.0,538.0,1416.0,,,1426.0,977.0,1707.0
1345.0,622.0,,550.0,1016.0,145.0,134.0,439.0,244.0,,,,,,,,842.0,990.0,674.0,433.0,,,392.0,90.0,1715.0
243.0,1482.0,,538.0,1446.0,1509.0,300.0,927.0,605.0,,,,,,,,788.0,1050.0,310.0,1046.0,,,1720.0,1426.0,150.0
388.0,1016.0,,674.0,955.0,222.0,350.0,362.0,872.0,,,,,,,,468.0,1260.0,231.0,1664.0,,,550.0,392.0,307.0
1246.0,1446.0,,310.0,190.0,1416.0,1603.0,1463.0,964.0,,,,,,,,4.0,1337.0,1589.0,1741.0,,,538.0,1720.0,65.0
566.0,955.0,,231.0,212.0,433.0,713.0,244.0,788.0,,,,,,,,641.0,1406.0,359.0,1747.0,,,674.0,550.0,1740.0
227.0,190.0,,1589.0,1622.0,1046.0,379.0,605.0,867.0,,,,,,,,1218.0,453.0,1663.0,582.0,,,310.0,538.0,221.0
937.0,212.0,,359.0,866.0,1664.0,789.0,872.0,206.0,,,,,,,,61.0,548.0,146.0,1467.0,,,231.0,674.0,1032.0
1300.0,1622.0,,1663.0,584.0,1741.0,528.0,964.0,1420.0,,,,,,,,188.0,1060.0,983.0,670.0,,,1589.0,310.0,1422.0
1302.0,866.0,,146.0,1489.0,1747.0,958.0,788.0,572.0,,,,,,,,274.0,1084.0,148.0,799.0,,,359.0,231.0,1021.0
1351.0,584.0,,983.0,267.0,582.0,1405.0,867.0,1584.0,,,,,,,,420.0,1067.0,761.0,492.0,,,1663.0,1589.0,413.0
166.0,1489.0,,148.0,127.0,1467.0,1491.0,206.0,76.0,,,,,,,,1064.0,1340.0,874.0,699.0,,,146.0,359.0,210.0
290.0,267.0,,761.0,1673.0,670.0,1624.0,1420.0,467.0,,,,,,,,405.0,0.0,364.0,1198.0,,,983.0,1663.0,1628.0
615.0,127.0,,874.0,1746.0,799.0,343.0,572.0,663.0,,,,,,,,1506.0,225.0,145.0,87.0,,,148.0,146.0,579.0
1222.0,1673.0,,364.0,126.0,492.0,1478.0,1584.0,845.0,,,,,,,,1355.0,671.0,344.0,863.0,,,761.0,983.0,961.0
14.0,1746.0,,145.0,1537.0,699.0,696.0,76.0,1470.0,,,,,,,,512.0,1145.0,1186.0,1687.0,,,874.0,148.0,1463.0
1013.0,126.0,,344.0,975.0,1198.0,1187.0,467.0,210.0,,,,,,,,781.0,1722.0,1458.0,1159.0,,,364.0,761.0,977.0
109.0,1537.0,,1186.0,551.0,87.0,1334.0,663.0,358.0,,,,,,,,812.0,702.0,946.0,574.0,,,145.0,874.0,90.0
740.0,975.0,,1458.0,463.0,863.0,208.0,845.0,146.0,,,,,,,,905.0,2.0,771.0,1618.0,,,344.0,364.0,1426.0
1003.0,551.0,,946.0,1128.0,1687.0,683.0,1470.0,771.0,,,,,,,,1119.0,22.0,766.0,461.0,,,1186.0,145.0,392.0
1054.0,463.0,,771.0,1460.0,1159.0,554.0,210.0,1411.0,,,,,,,,1306.0,501.0,1414.0,216.0,,,1458.0,344.0,1720.0
852.0,1128.0,,766.0,1569.0,574.0,539.0,358.0,1685.0,,,,,,,,626.0,1562.0,994.0,540.0,,,946.0,1186.0,550.0
96.0,1460.0,,1414.0,1471.0,1618.0,1651.0,146.0,1402.0,,,,,,,,1664.0,883.0,1724.0,1695.0,,,771.0,1458.0,538.0
226.0,1569.0,,994.0,741.0,461.0,400.0,771.0,1693.0,,,,,,,,1649.0,774.0,1666.0,217.0,,,766.0,771.0,674.0
431.0,1471.0,,1724.0,970.0,216.0,676.0,1411.0,766.0,,,,,,,,1666.0,546.0,1636.0,1424.0,,,1414.0,766.0,310.0
432.0,741.0,,1666.0,1528.0,540.0,85.0,1685.0,1748.0,,,,,,,,34.0,884.0,789.0,1032.0,,,994.0,1414.0,231.0
843.0,970.0,,1636.0,1415.0,1695.0,1048.0,1402.0,1705.0,,,,,,,,219.0,897.0,474.0,1422.0,,,1724.0,994.0,1589.0
990.0,1528.0,,789.0,1408.0,217.0,1615.0,1693.0,1414.0,,,,,,,,520.0,1524.0,244.0,1537.0,,,1666.0,1666.0,359.0
1050.0,1415.0,,474.0,217.0,1424.0,215.0,766.0,874.0,,,,,,,,879.0,517.0,1670.0,868.0,,,1636.0,1636.0,1663.0
1260.0,1408.0,,244.0,1416.0,1032.0,538.0,1748.0,474.0,,,,,,,,815.0,894.0,1533.0,1178.0,,,789.0,789.0,146.0
1337.0,217.0,,1670.0,831.0,1422.0,1742.0,1705.0,1533.0,,,,,,,,926.0,1188.0,572.0,1690.0,,,474.0,474.0,983.0
1406.0,1416.0,,1533.0,1452.0,1537.0,1729.0,1414.0,832.0,,,,,,,,1131.0,1548.0,832.0,134.0,,,244.0,244.0,148.0
453.0,831.0,,572.0,1627.0,868.0,371.0,874.0,1427.0,,,,,,,,1672.0,4.0,1427.0,300.0,,,1670.0,1670.0,761.0
548.0,1452.0,,832.0,1583.0,1178.0,1457.0,474.0,560.0,,,,,,,,25.0,276.0,663.0,350.0,,,1533.0,1533.0,874.0
1060.0,1627.0,,1427.0,1412.0,1690.0,74.0,1533.0,552.0,,,,,,,,1386.0,1108.0,605.0,1603.0,,,572.0,572.0,145.0
1084.0,1583.0,,663.0,1612.0,1708.0,1245.0,832.0,880.0,,,,,,,,507.0,1110.0,560.0,713.0,,,832.0,832.0,344.0
1067.0,1412.0,,605.0,335.0,134.0,1558.0,1427.0,815.0,,,,,,,,291.0,426.0,450.0,379.0,,,1427.0,1427.0,1186.0
1340.0,1612.0,,560.0,206.0,300.0,970.0,560.0,1623.0,,,,,,,,708.0,1428.0,788.0,789.0,,,663.0,663.0,1458.0
0.0,335.0,,450.0,575.0,350.0,1007.0,552.0,254.0,,,,,,,,1045.0,1429.0,552.0,528.0,,,605.0,605.0,946.0
225.0,206.0,,788.0,1646.0,1603.0,79.0,880.0,207.0,,,,,,,,127.0,1298.0,880.0,958.0,,,560.0,560.0,771.0
671.0,575.0,,552.0,1741.0,713.0,150.0,815.0,1611.0,,,,,,,,332.0,1079.0,815.0,1405.0,,,450.0,450.0,766.0
1145.0,1646.0,,880.0,1457.0,379.0,1518.0,1623.0,1707.0,,,,,,,,835.0,1034.0,1623.0,1491.0,,,788.0,788.0,1414.0
1722.0,1741.0,,815.0,578.0,789.0,613.0,254.0,346.0,,,,,,,,1121.0,163.0,254.0,1624.0,,,552.0,552.0,994.0
702.0,1457.0,,1623.0,1470.0,528.0,1277.0,207.0,549.0,,,,,,,,1309.0,434.0,867.0,343.0,,,880.0,880.0,1724.0
2.0,578.0,,254.0,1374.0,958.0,831.0,1611.0,551.0,,,,,,,,955.0,438.0,1420.0,1478.0,,,815.0,815.0,1666.0
22.0,1470.0,,867.0,1424.0,1405.0,1630.0,1707.0,1483.0,,,,,,,,318.0,1432.0,1685.0,696.0,,,1623.0,1623.0,1636.0
501.0,1374.0,,1420.0,588.0,1491.0,1663.0,346.0,1472.0,,,,,,,,498.0,1080.0,417.0,1334.0,,,254.0,254.0,789.0
1562.0,1424.0,,1685.0,465.0,1624.0,218.0,549.0,445.0,,,,,,,,612.0,988.0,845.0,208.0,,,867.0,867.0,474.0
883.0,588.0,,417.0,1626.0,343.0,1004.0,551.0,1522.0,,,,,,,,1223.0,442.0,207.0,683.0,,,1420.0,1420.0,244.0
774.0,465.0,,845.0,1748.0,1478.0,1062.0,1483.0,1724.0,,,,,,,,450.0,1297.0,1611.0,554.0,,,1685.0,1685.0,1670.0
546.0,1626.0,,207.0,896.0,696.0,1737.0,1472.0,233.0,,,,,,,,1705.0,430.0,346.0,539.0,,,417.0,417.0,1533.0
884.0,1748.0,,1611.0,500.0,1187.0,365.0,445.0,420.0,,,,,,,,1510.0,976.0,927.0,1651.0,,,845.0,845.0,572.0
897.0,896.0,,346.0,371.0,1334.0,687.0,926.0,622.0,,,,,,,,1427.0,974.0,1705.0,400.0,,,207.0,1611.0,832.0
517.0,500.0,,927.0,1451.0,208.0,1674.0,1522.0,1128.0,,,,,,,,651.0,1071.0,549.0,85.0,,,1611.0,346.0,1427.0
894.0,371.0,,1705.0,360.0,683.0,840.0,1724.0,768.0,,,,,,,,1565.0,425.0,872.0,1048.0,,,346.0,927.0,663.0
1188.0,1451.0,,549.0,898.0,554.0,1607.0,233.0,1423.0,,,,,,,,338.0,367.0,1483.0,1615.0,,,927.0,1705.0,605.0
1548.0,360.0,,872.0,77.0,539.0,1015.0,420.0,1703.0,,,,,,,,439.0,1436.0,668.0,215.0,,,1705.0,549.0,560.0
4.0,898.0,,1483.0,1605.0,1651.0,77.0,622.0,955.0,,,,,,,,783.0,1036.0,1472.0,538.0,,,549.0,872.0,450.0
276.0,77.0,,668.0,1694.0,400.0,356.0,1128.0,1448.0,,,,,,,,975.0,198.0,445.0,1742.0,,,872.0,668.0,788.0
1108.0,1605.0,,1472.0,1505.0,85.0,1636.0,768.0,1471.0,,,,,,,,1244.0,746.0,926.0,1729.0,,,1483.0,1472.0,552.0
1110.0,1694.0,,445.0,634.0,1048.0,1481.0,1423.0,1408.0,,,,,,,,1449.0,202.0,1522.0,371.0,,,668.0,445.0,880.0
426.0,1505.0,,926.0,334.0,1615.0,1736.0,1703.0,1440.0,,,,,,,,1569.0,824.0,76.0,1457.0,,,1472.0,926.0,815.0
1428.0,634.0,,1522.0,964.0,215.0,1740.0,955.0,303.0,,,,,,,,1572.0,1442.0,358.0,74.0,,,445.0,1522.0,1623.0
1429.0,334.0,,76.0,1703.0,538.0,1517.0,1448.0,714.0,,,,,,,,1332.0,1449.0,420.0,1245.0,,,926.0,76.0,254.0
1298.0,964.0,,358.0,1464.0,1742.0,454.0,1471.0,370.0,,,,,,,,1441.0,9.0,1462.0,1558.0,,,1522.0,358.0,867.0
1079.0,1464.0,,420.0,1700.0,1729.0,457.0,1408.0,1512.0,,,,,,,,1547.0,695.0,1638.0,970.0,,,76.0,420.0,1420.0
1034.0,1700.0,,1462.0,1717.0,371.0,1459.0,1440.0,267.0,,,,,,,,1625.0,437.0,768.0,1007.0,,,358.0,1462.0,1685.0
163.0,1717.0,,1638.0,1745.0,1457.0,989.0,303.0,1644.0,,,,,,,,1586.0,1006.0,467.0,79.0,,,420.0,1638.0,417.0
434.0,1745.0,,768.0,79.0,74.0,1660.0,714.0,995.0,,,,,,,,1617.0,890.0,1423.0,150.0,,,1462.0,768.0,845.0
438.0,79.0,,467.0,1409.0,1245.0,231.0,370.0,1415.0,,,,,,,,130.0,340.0,534.0,1518.0,,,1638.0,467.0,207.0
1432.0,1409.0,,1423.0,756.0,1558.0,1186.0,1512.0,1514.0,,,,,,,,730.0,84.0,362.0,613.0,,,768.0,1423.0,1611.0
1080.0,756.0,,534.0,492.0,970.0,1330.0,267.0,399.0,,,,,,,,736.0,510.0,302.0,1277.0,,,467.0,534.0,346.0
988.0,492.0,,362.0,670.0,1007.0,1409.0,1644.0,672.0,,,,,,,,1024.0,238.0,962.0,831.0,,,1423.0,362.0,927.0
441.0,670.0,,302.0,1023.0,79.0,1482.0,995.0,1622.0,,,,,,,,1048.0,211.0,130.0,1630.0,,,534.0,302.0,1705.0
442.0,1023.0,,962.0,1030.0,150.0,1589.0,1415.0,142.0,,,,,,,,203.0,315.0,1024.0,1663.0,,,362.0,962.0,549.0
1297.0,1030.0,,130.0,1280.0,1518.0,1633.0,1514.0,957.0,,,,,,,,906.0,1557.0,1732.0,218.0,,,302.0,130.0,872.0
430.0,1280.0,,1024.0,1485.0,613.0,1681.0,399.0,336.0,,,,,,,,262.0,472.0,1725.0,1004.0,,,962.0,1024.0,1483.0
976.0,1485.0,,1732.0,439.0,1277.0,588.0,672.0,677.0,,,,,,,,1088.0,1306.0,1316.0,1062.0,,,130.0,1732.0,668.0
974.0,439.0,,1725.0,1716.0,831.0,179.0,1374.0,1653.0,,,,,,,,1555.0,60.0,1664.0,1737.0,,,1024.0,1725.0,1472.0
1071.0,1716.0,,1316.0,1330.0,1630.0,88.0,1622.0,741.0,,,,,,,,494.0,220.0,799.0,365.0,,,1732.0,1316.0,445.0
425.0,1330.0,,1664.0,1617.0,1663.0,1654.0,142.0,961.0,,,,,,,,951.0,879.0,1159.0,687.0,,,1725.0,1664.0,926.0
367.0,1617.0,,799.0,1584.0,218.0,1456.0,957.0,1585.0,,,,,,,,1066.0,1515.0,1708.0,1674.0,,,1316.0,799.0,1522.0
1436.0,1645.0,,1159.0,1645.0,1004.0,643.0,336.0,463.0,,,,,,,,1577.0,41.0,134.0,840.0,,,1664.0,1159.0,76.0
1036.0,266.0,,1708.0,266.0,1062.0,1694.0,849.0,854.0,,,,,,,,417.0,1378.0,300.0,1607.0,,,799.0,1708.0,358.0
198.0,184.0,,134.0,184.0,1737.0,1701.0,677.0,160.0,,,,,,,,845.0,1570.0,1603.0,1015.0,,,1159.0,134.0,420.0
746.0,1616.0,,300.0,1616.0,365.0,408.0,1653.0,1138.0,,,,,,,,983.0,1372.0,713.0,77.0,,,1708.0,300.0,1462.0
202.0,1618.0,,1603.0,1618.0,687.0,608.0,741.0,1000.0,,,,,,,,359.0,192.0,1405.0,356.0,,,134.0,1603.0,1638.0
824.0,1733.0,,713.0,1733.0,1674.0,94.0,961.0,129.0,,,,,,,,1374.0,822.0,1624.0,1636.0,,,300.0,713.0,768.0
9.0,180.0,,1405.0,180.0,840.0,715.0,1585.0,1023.0,,,,,,,,1528.0,1037.0,1478.0,1481.0,,,1603.0,1405.0,1423.0
695.0,1644.0,,1624.0,1644.0,1607.0,587.0,463.0,1626.0,,,,,,,,1733.0,1163.0,696.0,1736.0,,,713.0,1624.0,534.0
437.0,1509.0,,1478.0,1509.0,1015.0,1666.0,854.0,126.0,,,,,,,,187.0,1447.0,683.0,1740.0,,,1405.0,1478.0,362.0
1006.0,1740.0,,696.0,1740.0,77.0,563.0,160.0,839.0,,,,,,,,68.0,1714.0,554.0,1517.0,,,1624.0,696.0,302.0
890.0,579.0,,683.0,210.0,356.0,1499.0,1138.0,1460.0,,,,,,,,380.0,1366.0,1651.0,454.0,,,1478.0,683.0,962.0
340.0,1463.0,,554.0,579.0,1636.0,507.0,1000.0,72.0,,,,,,,,413.0,1398.0,1277.0,457.0,,,696.0,554.0,130.0
84.0,1426.0,,1651.0,1463.0,1481.0,204.0,129.0,1597.0,,,,,,,,605.0,526.0,218.0,1459.0,,,683.0,1651.0,1024.0
510.0,1720.0,,1277.0,1426.0,1736.0,690.0,1023.0,1591.0,,,,,,,,750.0,847.0,1004.0,989.0,,,554.0,1277.0,1732.0
238.0,550.0,,218.0,1720.0,1740.0,132.0,1626.0,947.0,,,,,,,,775.0,557.0,365.0,1660.0,,,1651.0,218.0,1725.0
211.0,310.0,,1004.0,550.0,1517.0,1667.0,126.0,180.0,,,,,,,,1077.0,1078.0,840.0,231.0,,,1277.0,1004.0,1316.0
315.0,359.0,,365.0,310.0,454.0,298.0,839.0,1412.0,,,,,,,,1101.0,727.0,1481.0,1186.0,,,218.0,365.0,1664.0
1557.0,1663.0,,840.0,359.0,457.0,877.0,1460.0,1476.0,,,,,,,,1242.0,720.0,454.0,1330.0,,,1004.0,840.0,799.0
472.0,146.0,,1481.0,1663.0,1459.0,1656.0,72.0,1616.0,,,,,,,,1259.0,881.0,457.0,1409.0,,,365.0,1481.0,1159.0
1306.0,983.0,,1517.0,146.0,989.0,1433.0,1597.0,190.0,,,,,,,,1384.0,1292.0,1459.0,1482.0,,,840.0,1517.0,1708.0
60.0,874.0,,454.0,983.0,1660.0,266.0,1591.0,1528.0,,,,,,,,1396.0,1131.0,179.0,1589.0,,,1481.0,454.0,134.0
220.0,344.0,,457.0,874.0,231.0,619.0,947.0,1479.0,,,,,,,,1570.0,812.0,1654.0,1633.0,,,1517.0,457.0,300.0
879.0,771.0,,1459.0,344.0,1186.0,296.0,180.0,407.0,,,,,,,,1588.0,1119.0,1456.0,1681.0,,,454.0,1459.0,1603.0
1515.0,766.0,,179.0,771.0,1330.0,1332.0,1412.0,1640.0,,,,,,,,445.0,260.0,643.0,588.0,,,457.0,179.0,713.0
1378.0,994.0,,1654.0,766.0,1409.0,396.0,1476.0,222.0,,,,,,,,1187.0,73.0,1701.0,179.0,,,1459.0,1654.0,1405.0
1570.0,1724.0,,1456.0,994.0,1482.0,1637.0,1616.0,492.0,,,,,,,,1334.0,1347.0,608.0,88.0,,,179.0,1456.0,1624.0
1372.0,789.0,,643.0,1724.0,1589.0,511.0,190.0,699.0,,,,,,,,1448.0,1135.0,563.0,1654.0,,,1654.0,1701.0,1478.0
192.0,474.0,,1701.0,789.0,1633.0,1712.0,1528.0,863.0,,,,,,,,138.0,1367.0,1499.0,1456.0,,,1456.0,608.0,696.0
822.0,244.0,,608.0,474.0,1681.0,1586.0,1479.0,1618.0,,,,,,,,1463.0,1074.0,507.0,643.0,,,643.0,563.0,683.0
1037.0,1533.0,,563.0,244.0,588.0,90.0,407.0,461.0,,,,,,,,1485.0,259.0,204.0,1694.0,,,1701.0,1499.0,554.0
1163.0,572.0,,1499.0,1533.0,179.0,674.0,1640.0,1695.0,,,,,,,,1503.0,1227.0,690.0,1701.0,,,608.0,507.0,1651.0
1447.0,832.0,,507.0,572.0,88.0,1568.0,222.0,217.0,,,,,,,,1414.0,1127.0,1667.0,408.0,,,563.0,204.0,1277.0
1714.0,1427.0,,204.0,832.0,1654.0,946.0,492.0,1424.0,,,,,,,,383.0,949.0,298.0,608.0,,,1499.0,690.0,218.0
1398.0,663.0,,690.0,1427.0,1456.0,1030.0,699.0,1537.0,,,,,,,,96.0,1068.0,877.0,94.0,,,507.0,1667.0,1004.0
526.0,605.0,,1667.0,663.0,643.0,1413.0,863.0,134.0,,,,,,,,191.0,55.0,1656.0,715.0,,,204.0,298.0,840.0
847.0,560.0,,298.0,605.0,1694.0,500.0,1618.0,958.0,,,,,,,,684.0,357.0,619.0,587.0,,,690.0,877.0,1481.0
557.0,450.0,,877.0,560.0,1701.0,644.0,461.0,1491.0,,,,,,,,1050.0,532.0,1332.0,1666.0,,,1667.0,1656.0,454.0
1078.0,788.0,,1656.0,450.0,408.0,1485.0,1695.0,1187.0,,,,,,,,1534.0,790.0,396.0,563.0,,,298.0,619.0,457.0
727.0,880.0,,619.0,788.0,608.0,965.0,217.0,1334.0,,,,,,,,441.0,814.0,1637.0,1499.0,,,877.0,1332.0,1459.0
720.0,815.0,,1332.0,880.0,94.0,550.0,1424.0,208.0,,,,,,,,601.0,835.0,511.0,507.0,,,1656.0,396.0,179.0
1292.0,1623.0,,396.0,815.0,715.0,317.0,1537.0,400.0,,,,,,,,718.0,1235.0,1712.0,204.0,,,619.0,1637.0,1456.0
1131.0,254.0,,1637.0,1623.0,587.0,1203.0,134.0,85.0,,,,,,,,848.0,1309.0,1586.0,690.0,,,1332.0,511.0,643.0
812.0,867.0,,511.0,254.0,1666.0,1745.0,958.0,1048.0,,,,,,,,451.0,1718.0,1568.0,132.0,,,396.0,1712.0,1701.0
1119.0,1420.0,,1712.0,867.0,563.0,996.0,1491.0,1742.0,,,,,,,,1684.0,690.0,644.0,1667.0,,,1637.0,1586.0,608.0
260.0,1685.0,,1586.0,1420.0,1499.0,654.0,1187.0,1457.0,,,,,,,,1716.0,114.0,965.0,298.0,,,511.0,1568.0,563.0
73.0,417.0,,1568.0,1685.0,507.0,1548.0,1334.0,970.0,,,,,,,,500.0,248.0,317.0,877.0,,,1712.0,644.0,1499.0
1347.0,845.0,,644.0,417.0,204.0,209.0,208.0,1007.0,,,,,,,,1123.0,1571.0,1203.0,1656.0,,,1586.0,965.0,507.0
1135.0,1611.0,,965.0,845.0,690.0,818.0,400.0,79.0,,,,,,,,907.0,252.0,996.0,1433.0,,,1568.0,317.0,204.0
1367.0,346.0,,317.0,1611.0,132.0,1550.0,85.0,1518.0,,,,,,,,1020.0,1282.0,654.0,266.0,,,644.0,1203.0,690.0
1074.0,927.0,,1203.0,346.0,1667.0,1505.0,1048.0,1630.0,,,,,,,,575.0,203.0,1548.0,619.0,,,965.0,996.0,1667.0
259.0,549.0,,996.0,927.0,298.0,710.0,1742.0,1674.0,,,,,,,,1629.0,1596.0,209.0,296.0,,,317.0,654.0,298.0
1227.0,872.0,,654.0,549.0,877.0,1461.0,1457.0,1636.0,,,,,,,,18.0,1679.0,818.0,1332.0,,,1203.0,1548.0,877.0
1127.0,668.0,,1548.0,872.0,1656.0,1594.0,970.0,1481.0,,,,,,,,207.0,390.0,1550.0,396.0,,,996.0,209.0,1656.0
949.0,1522.0,,209.0,668.0,1433.0,983.0,1007.0,454.0,,,,,,,,934.0,932.0,710.0,1637.0,,,654.0,818.0,619.0
1068.0,358.0,,818.0,1522.0,266.0,1665.0,79.0,457.0,,,,,,,,1459.0,1666.0,1461.0,511.0,,,1548.0,1550.0,396.0
55.0,1462.0,,1550.0,358.0,619.0,1659.0,1518.0,1409.0,,,,,,,,1558.0,246.0,1594.0,1712.0,,,209.0,710.0,1637.0
357.0,1638.0,,710.0,1462.0,296.0,1421.0,1630.0,1482.0,,,,,,,,1670.0,603.0,1665.0,90.0,,,818.0,1461.0,511.0
532.0,467.0,,1461.0,1638.0,1332.0,1662.0,1674.0,1633.0,,,,,,,,1691.0,1088.0,1659.0,674.0,,,1550.0,1594.0,1586.0
790.0,362.0,,1594.0,467.0,396.0,994.0,1636.0,588.0,,,,,,,,1316.0,1173.0,1662.0,1568.0,,,710.0,1665.0,644.0
814.0,130.0,,1665.0,534.0,1637.0,821.0,1481.0,88.0,,,,,,,,79.0,1555.0,821.0,946.0,,,1461.0,1659.0,965.0
835.0,1725.0,,1659.0,302.0,511.0,1628.0,454.0,1654.0,,,,,,,,1409.0,817.0,1510.0,1030.0,,,1594.0,1662.0,317.0
1235.0,1708.0,,1662.0,130.0,1712.0,1510.0,457.0,94.0,,,,,,,,1433.0,1324.0,599.0,1413.0,,,1665.0,821.0,1203.0
1309.0,134.0,,821.0,1725.0,90.0,599.0,1409.0,507.0,,,,,,,,1471.0,772.0,223.0,500.0,,,1659.0,1510.0,996.0
1718.0,1624.0,,1510.0,1708.0,674.0,223.0,1482.0,132.0,,,,,,,,1518.0,68.0,1221.0,644.0,,,1662.0,599.0,654.0
690.0,1004.0,,599.0,134.0,1568.0,1221.0,1633.0,298.0,,,,,,,,1508.0,1291.0,237.0,1485.0,,,821.0,223.0,1548.0
114.0,365.0,,223.0,1624.0,946.0,237.0,588.0,296.0,,,,,,,,1631.0,1530.0,1728.0,965.0,,,599.0,1221.0,209.0
248.0,1517.0,,237.0,1004.0,1030.0,1728.0,88.0,1332.0,,,,,,,,97.0,1553.0,985.0,550.0,,,223.0,237.0,818.0
1571.0,454.0,,1728.0,365.0,1413.0,1464.0,1654.0,511.0,,,,,,,,1249.0,1592.0,1698.0,317.0,,,1221.0,1728.0,1550.0
252.0,1654.0,,985.0,1517.0,500.0,985.0,608.0,1712.0,,,,,,,,1377.0,1728.0,1516.0,1203.0,,,237.0,985.0,710.0
1282.0,507.0,,1698.0,454.0,644.0,1698.0,94.0,1568.0,,,,,,,,1526.0,352.0,1228.0,1745.0,,,1728.0,1698.0,1461.0
203.0,1667.0,,1516.0,1654.0,1485.0,1516.0,507.0,1030.0,,,,,,,,791.0,798.0,853.0,996.0,,,985.0,1516.0,1665.0
1596.0,1332.0,,1228.0,507.0,965.0,1228.0,204.0,500.0,,,,,,,,1129.0,124.0,1632.0,654.0,,,1698.0,1228.0,1659.0
390.0,511.0,,853.0,1667.0,550.0,853.0,132.0,1485.0,,,,,,,,1423.0,194.0,1437.0,1548.0,,,1516.0,853.0,1662.0
932.0,1712.0,,1632.0,1332.0,317.0,1632.0,298.0,1550.0,,,,,,,,69.0,735.0,1438.0,209.0,,,1228.0,1632.0,821.0
1666.0,1568.0,,1437.0,511.0,1203.0,1437.0,296.0,1594.0,,,,,,,,134.0,670.0,466.0,818.0,,,853.0,1437.0,1510.0
246.0,1550.0,,1438.0,1712.0,1745.0,1438.0,1332.0,983.0,,,,,,,,189.0,1176.0,247.0,1550.0,,,1632.0,1438.0,599.0
603.0,1594.0,,466.0,1568.0,996.0,466.0,511.0,1421.0,,,,,,,,199.0,1319.0,320.0,1505.0,,,1437.0,466.0,1221.0
1088.0,1510.0,,247.0,1550.0,654.0,247.0,1712.0,994.0,,,,,,,,654.0,1602.0,1441.0,710.0,,,1438.0,247.0,237.0
1173.0,223.0,,320.0,1594.0,1548.0,320.0,1568.0,223.0,,,,,,,,1613.0,1632.0,1547.0,1461.0,,,466.0,320.0,1728.0
1555.0,237.0,,1441.0,1510.0,209.0,1441.0,1030.0,237.0,,,,,,,,1718.0,155.0,316.0,1594.0,,,247.0,1441.0,985.0
817.0,985.0,,316.0,223.0,818.0,1547.0,500.0,1728.0,,,,,,,,867.0,1677.0,1592.0,983.0,,,320.0,1547.0,1698.0
1324.0,1228.0,,1592.0,237.0,1550.0,316.0,1485.0,1464.0,,,,,,,,1234.0,385.0,349.0,1665.0,,,1441.0,316.0,1516.0
772.0,853.0,,349.0,985.0,1505.0,1592.0,1550.0,985.0,,,,,,,,581.0,1637.0,852.0,1659.0,,,1547.0,1592.0,1228.0
68.0,1632.0,,852.0,1228.0,710.0,349.0,1594.0,1698.0,,,,,,,,1051.0,18.0,54.0,1421.0,,,316.0,349.0,853.0
1291.0,1437.0,,54.0,853.0,1461.0,852.0,983.0,1228.0,,,,,,,,1087.0,480.0,949.0,1662.0,,,1592.0,852.0,1632.0
1530.0,466.0,,949.0,1632.0,1594.0,54.0,1421.0,853.0,,,,,,,,1331.0,,1621.0,994.0,,,349.0,54.0,1437.0
1553.0,1441.0,,1621.0,1437.0,983.0,949.0,994.0,1632.0,,,,,,,,1655.0,,1520.0,821.0,,,852.0,949.0,1438.0
1592.0,316.0,,1520.0,466.0,1665.0,1621.0,223.0,1437.0,,,,,,,,780.0,,309.0,1628.0,,,54.0,1621.0,466.0
1728.0,1592.0,,309.0,1441.0,1659.0,465.0,237.0,1438.0,,,,,,,,1133.0,,1519.0,1510.0,,,949.0,1520.0,247.0
798.0,349.0,,1519.0,316.0,1421.0,1520.0,1728.0,466.0,,,,,,,,1421.0,,1735.0,599.0,,,1621.0,309.0,1547.0
124.0,852.0,,1735.0,1592.0,1662.0,309.0,1464.0,320.0,,,,,,,,1648.0,,312.0,223.0,,,1520.0,1519.0,1592.0
194.0,54.0,,312.0,349.0,994.0,1519.0,985.0,1441.0,,,,,,,,250.0,,477.0,1221.0,,,309.0,1735.0,349.0
735.0,949.0,,477.0,852.0,821.0,1735.0,1698.0,1547.0,,,,,,,,699.0,,1599.0,237.0,,,1519.0,312.0,852.0
670.0,1621.0,,1599.0,54.0,1628.0,312.0,1228.0,316.0,,,,,,,,1219.0,,1050.0,1728.0,,,1735.0,477.0,54.0
1176.0,309.0,,1050.0,949.0,1510.0,477.0,853.0,349.0,,,,,,,,1454.0,,57.0,1464.0,,,312.0,1599.0,949.0
1319.0,1735.0,,57.0,1621.0,599.0,1599.0,1632.0,852.0,,,,,,,,106.0,,1595.0,985.0,,,477.0,1050.0,1520.0
1602.0,312.0,,1595.0,309.0,223.0,1050.0,1437.0,949.0,,,,,,,,546.0,,355.0,1698.0,,,1599.0,57.0,309.0
1632.0,477.0,,355.0,1735.0,1221.0,57.0,1438.0,1621.0,,,,,,,,649.0,,516.0,1516.0,,,1050.0,1595.0,1519.0
155.0,57.0,,516.0,312.0,237.0,1595.0,466.0,465.0,,,,,,,,756.0,,636.0,1228.0,,,57.0,355.0,1735.0
1677.0,1595.0,,636.0,477.0,1728.0,355.0,320.0,1520.0,,,,,,,,818.0,,1680.0,853.0,,,1595.0,516.0,312.0
385.0,355.0,,1680.0,57.0,1464.0,516.0,1441.0,309.0,,,,,,,,884.0,,842.0,1632.0,,,355.0,636.0,477.0
1637.0,516.0,,842.0,1595.0,985.0,636.0,1547.0,1519.0,,,,,,,,1452.0,,620.0,1437.0,,,516.0,1680.0,1599.0
18.0,636.0,,620.0,355.0,1698.0,1680.0,316.0,1735.0,,,,,,,,1719.0,,283.0,1438.0,,,636.0,842.0,1050.0
480.0,1680.0,,283.0,516.0,1516.0,842.0,349.0,477.0,,,,,,,,920.0,,121.0,247.0,,,1680.0,620.0,57.0
,842.0,,121.0,636.0,1228.0,620.0,852.0,1599.0,,,,,,,,799.0,,581.0,320.0,,,842.0,283.0,1595.0
,620.0,,581.0,1680.0,853.0,283.0,949.0,1050.0,,,,,,,,771.0,,1051.0,1441.0,,,620.0,121.0,355.0
,283.0,,1051.0,842.0,1632.0,121.0,1621.0,1595.0,,,,,,,,880.0,,1567.0,1547.0,,,283.0,581.0,516.0
,581.0,,1567.0,620.0,1437.0,581.0,465.0,355.0,,,,,,,,655.0,,1696.0,316.0,,,121.0,1051.0,636.0
,1051.0,,1696.0,283.0,1438.0,1051.0,1520.0,1680.0,,,,,,,,695.0,,601.0,1592.0,,,581.0,1567.0,1680.0
,1567.0,,601.0,581.0,466.0,1567.0,309.0,620.0,,,,,,,,828.0,,294.0,349.0,,,1051.0,1696.0,842.0
,1696.0,,294.0,1051.0,247.0,1696.0,1519.0,121.0,,,,,,,,883.0,,942.0,852.0,,,1567.0,601.0,620.0
,601.0,,942.0,1567.0,320.0,601.0,1735.0,581.0,,,,,,,,1321.0,,1714.0,949.0,,,1696.0,294.0,283.0
,294.0,,1714.0,1696.0,1441.0,294.0,312.0,1696.0,,,,,,,,465.0,,1619.0,1621.0,,,601.0,942.0,121.0
,942.0,,1619.0,601.0,1547.0,942.0,477.0,601.0,,,,,,,,1228.0,,313.0,465.0,,,294.0,1714.0,581.0
,1714.0,,313.0,294.0,316.0,1714.0,1599.0,942.0,,,,,,,,1669.0,,230.0,1520.0,,,942.0,1619.0,1051.0
,1619.0,,230.0,942.0,1592.0,1619.0,1050.0,1714.0,,,,,,,,977.0,,293.0,309.0,,,1714.0,313.0,1567.0
,313.0,,293.0,1714.0,349.0,313.0,1595.0,1619.0,,,,,,,,73.0,,1565.0,1519.0,,,1619.0,230.0,1696.0
,230.0,,1565.0,1619.0,852.0,230.0,355.0,313.0,,,,,,,,670.0,,318.0,1735.0,,,313.0,293.0,601.0
,1565.0,,318.0,313.0,949.0,293.0,1680.0,230.0,,,,,,,,854.0,,916.0,312.0,,,230.0,1565.0,294.0
,318.0,,916.0,230.0,1621.0,1565.0,121.0,293.0,,,,,,,,1411.0,,1135.0,477.0,,,293.0,318.0,942.0
,916.0,,1135.0,1565.0,465.0,318.0,581.0,1565.0,,,,,,,,1561.0,,1571.0,1599.0,,,1565.0,916.0,1714.0
,1135.0,,1571.0,318.0,1520.0,916.0,1696.0,318.0,,,,,,,,1601.0,,494.0,1050.0,,,318.0,1135.0,1619.0
,1571.0,,494.0,1135.0,309.0,1135.0,601.0,916.0,,,,,,,,66.0,,1447.0,57.0,,,916.0,1571.0,313.0
,1447.0,,1447.0,1571.0,1519.0,1571.0,942.0,1571.0,,,,,,,,131.0,,284.0,1595.0,,,1135.0,494.0,230.0
,284.0,,284.0,1447.0,1735.0,494.0,1714.0,494.0,,,,,,,,330.0,,1625.0,355.0,,,1571.0,1447.0,293.0
,1625.0,,1625.0,284.0,312.0,1447.0,1619.0,1447.0,,,,,,,,476.0,,1652.0,516.0,,,494.0,284.0,1565.0
,1652.0,,1652.0,1625.0,477.0,284.0,313.0,284.0,,,,,,,,486.0,,495.0,636.0,,,1447.0,1625.0,318.0
,495.0,,495.0,1652.0,1599.0,1625.0,230.0,1625.0,,,,,,,,643.0,,1291.0,1680.0,,,284.0,1652.0,1135.0
,1291.0,,1291.0,495.0,1050.0,1652.0,293.0,1652.0,,,,,,,,809.0,,357.0,842.0,,,1625.0,495.0,1571.0
,357.0,,357.0,1291.0,57.0,495.0,1565.0,495.0,,,,,,,,860.0,,1331.0,620.0,,,1652.0,1291.0,494.0
,1331.0,,1331.0,357.0,1595.0,1291.0,318.0,357.0,,,,,,,,994.0,,1655.0,283.0,,,495.0,357.0,284.0
,1655.0,,1655.0,1331.0,355.0,357.0,916.0,1331.0,,,,,,,,1159.0,,612.0,121.0,,,1291.0,1331.0,1625.0
,612.0,,612.0,1655.0,516.0,1331.0,1571.0,1655.0,,,,,,,,1281.0,,823.0,581.0,,,357.0,1655.0,495.0
,823.0,,823.0,612.0,636.0,1655.0,494.0,612.0,,,,,,,,85.0,,315.0,1051.0,,,1331.0,612.0,1291.0
,315.0,,315.0,823.0,1680.0,612.0,1447.0,823.0,,,,,,,,126.0,,1564.0,1567.0,,,1655.0,823.0,357.0
,1564.0,,1564.0,315.0,842.0,823.0,284.0,315.0,,,,,,,,1584.0,,1588.0,1696.0,,,612.0,315.0,1331.0
,1588.0,,1588.0,1564.0,620.0,315.0,1625.0,1564.0,,,,,,,,1732.0,,33.0,601.0,,,823.0,1564.0,1655.0
,33.0,,33.0,1588.0,283.0,1564.0,1652.0,1588.0,,,,,,,,1438.0,,960.0,294.0,,,315.0,1588.0,612.0
,960.0,,960.0,33.0,121.0,1588.0,495.0,33.0,,,,,,,,533.0,,785.0,942.0,,,1564.0,33.0,823.0
,785.0,,785.0,960.0,581.0,33.0,357.0,960.0,,,,,,,,660.0,,1521.0,1714.0,,,1588.0,960.0,315.0
,1521.0,,1521.0,785.0,1051.0,960.0,1331.0,785.0,,,,,,,,1083.0,,1549.0,230.0,,,33.0,785.0,1564.0
,1549.0,,1549.0,1521.0,1567.0,785.0,1655.0,1521.0,,,,,,,,1428.0,,524.0,293.0,,,960.0,1521.0,1588.0
,524.0,,524.0,1549.0,1696.0,1521.0,612.0,1549.0,,,,,,,,1692.0,,858.0,1565.0,,,785.0,1549.0,33.0
,858.0,,858.0,524.0,601.0,1549.0,823.0,524.0,,,,,,,,1545.0,,1718.0,318.0,,,1521.0,524.0,960.0
,1718.0,,1718.0,858.0,294.0,524.0,315.0,858.0,,,,,,,,401.0,,729.0,916.0,,,1549.0,858.0,785.0
,729.0,,729.0,1718.0,942.0,858.0,1564.0,1718.0,,,,,,,,712.0,,986.0,1135.0,,,524.0,1718.0,1521.0
,986.0,,986.0,729.0,1714.0,1718.0,1588.0,729.0,,,,,,,,1163.0,,1392.0,1571.0,,,858.0,729.0,1549.0
,1392.0,,1392.0,986.0,230.0,729.0,33.0,986.0,,,,,,,,1439.0,,62.0,494.0,,,1718.0,986.0,524.0
,62.0,,62.0,1392.0,293.0,986.0,960.0,1392.0,,,,,,,,1711.0,,1677.0,284.0,,,729.0,1392.0,729.0
,1677.0,,1677.0,62.0,1565.0,1392.0,785.0,62.0,,,,,,,,76.0,,1322.0,1625.0,,,986.0,62.0,986.0
,1322.0,,1322.0,1677.0,318.0,62.0,1521.0,1677.0,,,,,,,,310.0,,183.0,1652.0,,,1392.0,1677.0,1392.0
,183.0,,183.0,1322.0,916.0,1677.0,1549.0,1322.0,,,,,,,,1191.0,,673.0,495.0,,,62.0,1322.0,62.0
,673.0,,673.0,183.0,1135.0,1322.0,524.0,183.0,,,,,,,,1237.0,,411.0,1291.0,,,1677.0,183.0,1677.0
,411.0,,411.0,673.0,1571.0,183.0,858.0,673.0,,,,,,,,1618.0,,301.0,357.0,,,1322.0,673.0,1322.0
,301.0,,301.0,411.0,494.0,673.0,1718.0,411.0,,,,,,,,300.0,,1269.0,1331.0,,,183.0,411.0,183.0
,1269.0,,1269.0,301.0,284.0,411.0,729.0,301.0,,,,,,,,1420.0,,1265.0,1655.0,,,673.0,301.0,673.0
,1265.0,,1265.0,1269.0,1625.0,301.0,986.0,1269.0,,,,,,,,38.0,,936.0,612.0,,,411.0,1269.0,411.0
,936.0,,936.0,1265.0,1652.0,1269.0,1392.0,1265.0,,,,,,,,502.0,,31.0,823.0,,,301.0,1265.0,301.0
,31.0,,31.0,936.0,495.0,1265.0,62.0,936.0,,,,,,,,506.0,,1196.0,315.0,,,1269.0,936.0,1269.0
,1196.0,,1196.0,31.0,1291.0,936.0,1677.0,31.0,,,,,,,,727.0,,1590.0,1564.0,,,1265.0,31.0,1265.0
,1590.0,,1590.0,1196.0,357.0,31.0,1322.0,1196.0,,,,,,,,1110.0,,1474.0,1588.0,,,936.0,1196.0,936.0
,1474.0,,1474.0,1590.0,1331.0,1196.0,183.0,1590.0,,,,,,,,1181.0,,1068.0,33.0,,,31.0,1590.0,31.0
,1068.0,,1068.0,1474.0,1655.0,1590.0,673.0,1474.0,,,,,,,,312.0,,1141.0,960.0,,,1196.0,1474.0,1196.0
,1141.0,,1141.0,1068.0,612.0,1474.0,411.0,1068.0,,,,,,,,1447.0,,1649.0,785.0,,,1590.0,1068.0,1590.0
,1649.0,,1649.0,1141.0,823.0,1068.0,301.0,1141.0,,,,,,,,1511.0,,122.0,1549.0,,,1474.0,1141.0,1474.0
,122.0,,122.0,1649.0,315.0,1141.0,1269.0,1649.0,,,,,,,,206.0,,802.0,524.0,,,1068.0,1649.0,1068.0
,802.0,,802.0,122.0,1564.0,1649.0,1265.0,122.0,,,,,,,,547.0,,36.0,858.0,,,1141.0,122.0,1141.0
,36.0,,36.0,802.0,1588.0,122.0,936.0,802.0,,,,,,,,553.0,,1602.0,1718.0,,,1649.0,802.0,122.0
,1602.0,,1602.0,36.0,33.0,802.0,31.0,36.0,,,,,,,,562.0,,1125.0,729.0,,,122.0,36.0,802.0
,1125.0,,1125.0,1602.0,960.0,36.0,1196.0,1602.0,,,,,,,,1178.0,,784.0,986.0,,,802.0,1602.0,36.0
,784.0,,784.0,1125.0,785.0,1602.0,1590.0,1125.0,,,,,,,,1622.0,,1566.0,1392.0,,,36.0,1125.0,1602.0
,1566.0,,1566.0,784.0,1549.0,1125.0,1474.0,784.0,,,,,,,,0.0,,128.0,62.0,,,1602.0,784.0,1125.0
,128.0,,128.0,1566.0,524.0,784.0,1068.0,1566.0,,,,,,,,254.0,,249.0,1677.0,,,1125.0,1566.0,784.0
,249.0,,249.0,128.0,858.0,1566.0,1141.0,128.0,,,,,,,,1345.0,,383.0,1322.0,,,784.0,128.0,1566.0
,383.0,,383.0,249.0,1718.0,128.0,1649.0,249.0,,,,,,,,1462.0,,401.0,183.0,,,1566.0,249.0,128.0
,401.0,,401.0,383.0,729.0,249.0,122.0,383.0,,,,,,,,832.0,,1063.0,673.0,,,128.0,383.0,249.0
,1063.0,,1063.0,401.0,986.0,383.0,802.0,401.0,,,,,,,,747.0,,940.0,411.0,,,249.0,401.0,383.0
,940.0,,940.0,1063.0,1392.0,401.0,36.0,1063.0,,,,,,,,1405.0,,1296.0,301.0,,,383.0,1063.0,401.0
,1296.0,,1296.0,940.0,62.0,1063.0,1602.0,940.0,,,,,,,,48.0,,522.0,1269.0,,,401.0,940.0,1063.0
,522.0,,522.0,1296.0,1677.0,940.0,1125.0,1296.0,,,,,,,,473.0,,610.0,1265.0,,,1063.0,1296.0,940.0
,610.0,,610.0,522.0,1322.0,1296.0,784.0,522.0,,,,,,,,922.0,,219.0,936.0,,,940.0,522.0,1296.0
,219.0,,219.0,610.0,183.0,522.0,1566.0,610.0,,,,,,,,1099.0,,1227.0,31.0,,,1296.0,610.0,522.0
,1227.0,,1227.0,219.0,673.0,610.0,128.0,219.0,,,,,,,,517.0,,1582.0,1196.0,,,522.0,219.0,610.0
,1582.0,,1582.0,1227.0,411.0,219.0,249.0,1227.0,,,,,,,,608.0,,959.0,1590.0,,,610.0,1227.0,219.0
,959.0,,959.0,1582.0,301.0,1227.0,383.0,1582.0,,,,,,,,609.0,,835.0,1474.0,,,219.0,1582.0,1227.0
,835.0,,835.0,959.0,1269.0,1582.0,401.0,959.0,,,,,,,,894.0,,814.0,1068.0,,,1227.0,959.0,1582.0
,814.0,,814.0,835.0,1265.0,959.0,1063.0,835.0,,,,,,,,1597.0,,291.0,1141.0,,,1582.0,835.0,959.0
,291.0,,291.0,814.0,936.0,835.0,940.0,814.0,,,,,,,,121.0,,498.0,1649.0,,,959.0,814.0,835.0
,498.0,,498.0,291.0,31.0,814.0,1296.0,291.0,,,,,,,,315.0,,536.0,122.0,,,835.0,291.0,814.0
,536.0,,536.0,498.0,1196.0,291.0,522.0,498.0,,,,,,,,1644.0,,1231.0,802.0,,,814.0,498.0,291.0
,1231.0,,1231.0,536.0,1590.0,498.0,610.0,536.0,,,,,,,,1653.0,,13.0,36.0,,,291.0,536.0,498.0
,13.0,,13.0,1231.0,1474.0,536.0,219.0,1231.0,,,,,,,,738.0,,1587.0,1602.0,,,498.0,1231.0,536.0
,1587.0,,1587.0,13.0,1068.0,1231.0,1227.0,13.0,,,,,,,,1445.0,,205.0,1125.0,,,536.0,13.0,1231.0
,205.0,,205.0,1587.0,1141.0,13.0,1582.0,1587.0,,,,,,,,554.0,,1511.0,784.0,,,1231.0,1587.0,13.0
,1511.0,,1511.0,205.0,1649.0,1587.0,959.0,205.0,,,,,,,,1659.0,,822.0,1566.0,,,13.0,205.0,1587.0
,822.0,,822.0,1511.0,122.0,205.0,835.0,1511.0,,,,,,,,30.0,,272.0,128.0,,,1587.0,1511.0,205.0
,272.0,,272.0,822.0,802.0,1511.0,814.0,822.0,,,,,,,,1243.0,,1107.0,249.0,,,205.0,822.0,1511.0
,1107.0,,1107.0,272.0,36.0,822.0,291.0,272.0,,,,,,,,1303.0,,11.0,383.0,,,1511.0,272.0,822.0
,11.0,,11.0,1107.0,1602.0,272.0,498.0,1107.0,,,,,,,,710.0,,1242.0,401.0,,,822.0,1107.0,272.0
,1242.0,,1242.0,11.0,1125.0,1107.0,536.0,11.0,,,,,,,,741.0,,211.0,1063.0,,,272.0,11.0,1107.0
,211.0,,211.0,1242.0,784.0,11.0,1231.0,1242.0,,,,,,,,964.0,,968.0,940.0,,,1107.0,1242.0,11.0
,968.0,,968.0,211.0,1566.0,1242.0,13.0,211.0,,,,,,,,1453.0,,817.0,1296.0,,,11.0,211.0,1242.0
,817.0,,817.0,968.0,128.0,211.0,1587.0,968.0,,,,,,,,1635.0,,669.0,522.0,,,1242.0,968.0,211.0
,669.0,,669.0,817.0,249.0,968.0,205.0,817.0,,,,,,,,1674.0,,1073.0,610.0,,,211.0,817.0,968.0
,1073.0,,1073.0,669.0,383.0,817.0,1511.0,669.0,,,,,,,,232.0,,1345.0,219.0,,,968.0,669.0,817.0
,1345.0,,1345.0,1073.0,401.0,669.0,822.0,1073.0,,,,,,,,620.0,,876.0,1227.0,,,817.0,1073.0,669.0
,876.0,,876.0,1345.0,1063.0,1073.0,272.0,1345.0,,,,,,,,802.0,,615.0,1582.0,,,669.0,1345.0,1073.0
,615.0,,615.0,876.0,940.0,1345.0,1107.0,876.0,,,,,,,,823.0,,864.0,959.0,,,1073.0,876.0,1345.0
,864.0,,864.0,615.0,1296.0,876.0,11.0,615.0,,,,,,,,927.0,,1077.0,835.0,,,1345.0,615.0,876.0
,1077.0,,1077.0,864.0,522.0,615.0,1242.0,864.0,,,,,,,,1312.0,,1233.0,814.0,,,876.0,864.0,615.0
,1233.0,,1233.0,1077.0,610.0,864.0,211.0,1077.0,,,,,,,,1470.0,,1154.0,291.0,,,615.0,1077.0,864.0
,1154.0,,1154.0,1233.0,219.0,1077.0,968.0,1233.0,,,,,,,,1575.0,,1289.0,498.0,,,864.0,1233.0,1077.0
,1289.0,,1289.0,1154.0,1227.0,1233.0,817.0,1154.0,,,,,,,,1585.0,,1012.0,536.0,,,1077.0,1154.0,1233.0
,1012.0,,1012.0,1289.0,1582.0,1154.0,669.0,1012.0,,,,,,,,640.0,,354.0,1231.0,,,1233.0,1289.0,1154.0
,354.0,,354.0,1012.0,959.0,1289.0,1073.0,354.0,,,,,,,,1279.0,,1721.0,13.0,,,1154.0,1012.0,1289.0
,1721.0,,1721.0,354.0,835.0,1012.0,1345.0,1721.0,,,,,,,,1728.0,,631.0,1587.0,,,1289.0,354.0,1012.0
,631.0,,631.0,1721.0,814.0,354.0,876.0,631.0,,,,,,,,1440.0,,42.0,205.0,,,1012.0,1721.0,354.0
,42.0,,42.0,631.0,291.0,1721.0,615.0,42.0,,,,,,,,160.0,,1042.0,1511.0,,,354.0,631.0,1721.0
,1042.0,,1042.0,42.0,498.0,631.0,864.0,1042.0,,,,,,,,240.0,,933.0,822.0,,,1721.0,42.0,631.0
,933.0,,933.0,1042.0,536.0,42.0,1233.0,933.0,,,,,,,,676.0,,419.0,272.0,,,631.0,1042.0,42.0
,419.0,,419.0,933.0,1231.0,1042.0,1154.0,419.0,,,,,,,,1015.0,,546.0,1107.0,,,42.0,933.0,1042.0
,546.0,,546.0,419.0,13.0,933.0,1289.0,546.0,,,,,,,,245.0,,60.0,11.0,,,1042.0,419.0,933.0
,60.0,,60.0,546.0,1587.0,419.0,1012.0,60.0,,,,,,,,1455.0,,533.0,1242.0,,,933.0,546.0,419.0
,533.0,,325.0,60.0,205.0,546.0,354.0,533.0,,,,,,,,287.0,,325.0,211.0,,,419.0,60.0,546.0
,325.0,,1253.0,533.0,1511.0,533.0,1721.0,325.0,,,,,,,,662.0,,1253.0,968.0,,,546.0,533.0,60.0
,1253.0,,759.0,325.0,822.0,325.0,631.0,1253.0,,,,,,,,871.0,,759.0,817.0,,,60.0,325.0,533.0
,759.0,,1247.0,1253.0,272.0,1253.0,42.0,759.0,,,,,,,,1017.0,,1247.0,669.0,,,533.0,1253.0,325.0
,1247.0,,1045.0,759.0,1107.0,759.0,1042.0,1247.0,,,,,,,,186.0,,1045.0,1073.0,,,325.0,759.0,1253.0
,1121.0,,1121.0,1247.0,11.0,1247.0,933.0,1045.0,,,,,,,,258.0,,1121.0,1345.0,,,1253.0,1247.0,759.0
,330.0,,330.0,1045.0,1242.0,1045.0,419.0,1121.0,,,,,,,,1282.0,,330.0,876.0,,,759.0,1045.0,1247.0
,515.0,,515.0,1121.0,211.0,1121.0,546.0,330.0,,,,,,,,1378.0,,515.0,864.0,,,1247.0,1121.0,1045.0
,859.0,,859.0,330.0,968.0,330.0,60.0,515.0,,,,,,,,294.0,,859.0,1077.0,,,1045.0,330.0,1121.0
,805.0,,805.0,515.0,817.0,515.0,533.0,859.0,,,,,,,,309.0,,805.0,1233.0,,,1121.0,515.0,330.0
,1299.0,,1299.0,859.0,669.0,859.0,325.0,805.0,,,,,,,,602.0,,1299.0,1154.0,,,330.0,859.0,515.0
,338.0,,338.0,805.0,1073.0,805.0,1253.0,1299.0,,,,,,,,1366.0,,338.0,1289.0,,,515.0,805.0,859.0
,1572.0,,1572.0,1299.0,1345.0,1299.0,759.0,338.0,,,,,,,,261.0,,1572.0,1012.0,,,859.0,1299.0,805.0
,1312.0,,1312.0,338.0,876.0,1572.0,1247.0,1572.0,,,,,,,,461.0,,1312.0,354.0,,,805.0,338.0,1299.0
,67.0,,67.0,1572.0,864.0,1312.0,1045.0,1312.0,,,,,,,,527.0,,67.0,1721.0,,,1299.0,1572.0,338.0
,255.0,,255.0,1312.0,1077.0,67.0,1121.0,67.0,,,,,,,,986.0,,255.0,631.0,,,338.0,1312.0,1572.0
,1444.0,,1444.0,67.0,1233.0,255.0,330.0,255.0,,,,,,,,1380.0,,1444.0,42.0,,,1572.0,67.0,1312.0
,1173.0,,1173.0,255.0,1154.0,1444.0,515.0,1444.0,,,,,,,,1426.0,,1173.0,1042.0,,,1312.0,255.0,67.0
,1240.0,,1240.0,1444.0,1289.0,1173.0,859.0,1173.0,,,,,,,,1642.0,,1240.0,933.0,,,67.0,1444.0,255.0
,64.0,,64.0,1173.0,1012.0,1240.0,805.0,1240.0,,,,,,,,429.0,,64.0,419.0,,,255.0,1173.0,1444.0
,418.0,,418.0,1240.0,354.0,64.0,1299.0,64.0,,,,,,,,454.0,,418.0,546.0,,,1444.0,1240.0,1173.0
,723.0,,723.0,64.0,1721.0,418.0,338.0,418.0,,,,,,,,457.0,,723.0,60.0,,,1173.0,64.0,1240.0
,68.0,,68.0,418.0,631.0,723.0,1572.0,723.0,,,,,,,,574.0,,68.0,533.0,,,1240.0,418.0,64.0
,1272.0,,1272.0,723.0,42.0,68.0,1312.0,68.0,,,,,,,,1245.0,,1272.0,325.0,,,64.0,723.0,418.0
,865.0,,865.0,68.0,1042.0,1272.0,67.0,1272.0,,,,,,,,1650.0,,865.0,1253.0,,,418.0,68.0,723.0
,1283.0,,1283.0,1272.0,933.0,865.0,255.0,865.0,,,,,,,,1720.0,,1283.0,759.0,,,723.0,1272.0,68.0
,1393.0,,1393.0,865.0,419.0,1283.0,1444.0,1283.0,,,,,,,,180.0,,1393.0,1247.0,,,68.0,865.0,1272.0
,1534.0,,1534.0,1283.0,546.0,1393.0,1173.0,1393.0,,,,,,,,464.0,,1534.0,1045.0,,,1272.0,1283.0,865.0
,851.0,,851.0,1393.0,60.0,1534.0,1240.0,1534.0,,,,,,,,362.0,,851.0,1121.0,,,865.0,1393.0,1283.0
,1120.0,,1120.0,1534.0,533.0,851.0,64.0,851.0,,,,,,,,43.0,,1120.0,330.0,,,1283.0,1534.0,1393.0
,679.0,,679.0,851.0,325.0,679.0,418.0,1120.0,,,,,,,,84.0,,679.0,515.0,,,1393.0,851.0,1534.0
,1102.0,,1102.0,1120.0,1253.0,1102.0,723.0,679.0,,,,,,,,184.0,,1102.0,859.0,,,1534.0,1120.0,851.0
,1201.0,,1201.0,679.0,759.0,1201.0,68.0,1102.0,,,,,,,,190.0,,1201.0,805.0,,,851.0,679.0,1120.0
,149.0,,149.0,1102.0,1247.0,149.0,1272.0,1201.0,,,,,,,,235.0,,149.0,1299.0,,,1120.0,1102.0,679.0
,470.0,,470.0,1201.0,1045.0,470.0,865.0,149.0,,,,,,,,241.0,,470.0,338.0,,,679.0,1201.0,1102.0
,1292.0,,1292.0,149.0,1121.0,1292.0,1283.0,470.0,,,,,,,,244.0,,1292.0,1572.0,,,1102.0,149.0,1201.0
,751.0,,751.0,470.0,330.0,751.0,1393.0,1292.0,,,,,,,,275.0,,751.0,67.0,,,1201.0,470.0,149.0
,923.0,,923.0,1292.0,515.0,923.0,1534.0,751.0,,,,,,,,326.0,,923.0,255.0,,,149.0,1292.0,470.0
,925.0,,925.0,751.0,859.0,925.0,851.0,923.0,,,,,,,,333.0,,925.0,1444.0,,,470.0,751.0,1292.0
,15.0,,15.0,923.0,805.0,15.0,1120.0,925.0,,,,,,,,346.0,,15.0,1173.0,,,1292.0,923.0,751.0
,56.0,,56.0,925.0,1299.0,56.0,679.0,15.0,,,,,,,,516.0,,56.0,1240.0,,,751.0,925.0,923.0
,641.0,,641.0,15.0,338.0,641.0,1102.0,56.0,,,,,,,,544.0,,641.0,64.0,,,923.0,15.0,925.0
,1218.0,,1218.0,56.0,1572.0,1218.0,1201.0,641.0,,,,,,,,603.0,,1218.0,418.0,,,925.0,56.0,15.0
,322.0,,322.0,641.0,1312.0,322.0,149.0,1218.0,,,,,,,,636.0,,322.0,723.0,,,15.0,641.0,56.0
,791.0,,791.0,1218.0,67.0,791.0,470.0,322.0,,,,,,,,658.0,,791.0,68.0,,,56.0,1218.0,641.0
,1136.0,,1136.0,322.0,255.0,1136.0,1292.0,791.0,,,,,,,,659.0,,1136.0,1272.0,,,641.0,322.0,1218.0
,1182.0,,1182.0,791.0,1444.0,1182.0,751.0,1136.0,,,,,,,,664.0,,1182.0,865.0,,,1218.0,791.0,322.0
,1355.0,,1355.0,1136.0,1173.0,1355.0,923.0,1182.0,,,,,,,,666.0,,1355.0,1283.0,,,322.0,1136.0,791.0
,280.0,,280.0,1182.0,1240.0,280.0,925.0,1355.0,,,,,,,,785.0,,280.0,1393.0,,,791.0,1182.0,1136.0
,1193.0,,1193.0,1355.0,64.0,1193.0,15.0,280.0,,,,,,,,864.0,,1193.0,1534.0,,,1136.0,1355.0,1355.0
,963.0,,963.0,280.0,418.0,963.0,56.0,1193.0,,,,,,,,868.0,,963.0,851.0,,,1182.0,280.0,280.0
,809.0,,809.0,1193.0,723.0,809.0,641.0,963.0,,,,,,,,870.0,,809.0,1120.0,,,1355.0,1193.0,1193.0
,1161.0,,1161.0,963.0,68.0,1161.0,1218.0,809.0,,,,,,,,904.0,,1161.0,1102.0,,,280.0,963.0,963.0
,514.0,,514.0,809.0,1272.0,514.0,322.0,1161.0,,,,,,,,1011.0,,514.0,1201.0,,,1193.0,809.0,809.0
,1142.0,,1142.0,1161.0,865.0,1142.0,791.0,514.0,,,,,,,,1128.0,,1142.0,149.0,,,963.0,1161.0,1161.0
,647.0,,647.0,514.0,1393.0,647.0,1136.0,1142.0,,,,,,,,1235.0,,647.0,470.0,,,809.0,514.0,514.0
,689.0,,689.0,1142.0,1534.0,689.0,1182.0,647.0,,,,,,,,1402.0,,689.0,1292.0,,,1161.0,1142.0,1142.0
,707.0,,707.0,647.0,851.0,707.0,1355.0,689.0,,,,,,,,1489.0,,34.0,751.0,,,514.0,647.0,647.0
,34.0,,34.0,689.0,1120.0,34.0,280.0,707.0,,,,,,,,1564.0,,686.0,923.0,,,1142.0,689.0,689.0
,686.0,,686.0,707.0,1102.0,686.0,1193.0,34.0,,,,,,,,1581.0,,1515.0,925.0,,,647.0,707.0,707.0
,1515.0,,1515.0,34.0,1201.0,1515.0,963.0,686.0,,,,,,,,1627.0,,125.0,15.0,,,689.0,34.0,34.0
,125.0,,125.0,686.0,149.0,125.0,809.0,1515.0,,,,,,,,1638.0,,195.0,56.0,,,707.0,686.0,686.0
,195.0,,195.0,1515.0,470.0,195.0,1161.0,125.0,,,,,,,,1662.0,,773.0,641.0,,,34.0,1515.0,1515.0
,773.0,,773.0,125.0,1292.0,773.0,514.0,195.0,,,,,,,,1680.0,,1099.0,322.0,,,686.0,125.0,125.0
,1099.0,,1099.0,195.0,751.0,1099.0,1142.0,773.0,,,,,,,,1693.0,,591.0,791.0,,,1515.0,195.0,195.0
,591.0,,591.0,773.0,923.0,591.0,647.0,1099.0,,,,,,,,217.0,,790.0,1136.0,,,125.0,773.0,773.0
,790.0,,790.0,1099.0,925.0,790.0,689.0,591.0,,,,,,,,1277.0,,1610.0,1182.0,,,195.0,1099.0,1099.0
,1610.0,,1610.0,591.0,15.0,1610.0,707.0,790.0,,,,,,,,1623.0,,1364.0,1355.0,,,773.0,591.0,591.0
,1364.0,,1364.0,790.0,56.0,1364.0,34.0,1610.0,,,,,,,,233.0,,232.0,280.0,,,591.0,790.0,790.0
,232.0,,232.0,1610.0,641.0,232.0,686.0,1364.0,,,,,,,,358.0,,186.0,1193.0,,,790.0,1610.0,1610.0
,186.0,,186.0,1364.0,322.0,186.0,1515.0,232.0,,,,,,,,1021.0,,890.0,963.0,,,1610.0,1364.0,1364.0
,890.0,,890.0,232.0,791.0,890.0,125.0,186.0,,,,,,,,1408.0,,979.0,809.0,,,1364.0,232.0,232.0
,979.0,,979.0,186.0,1136.0,979.0,195.0,890.0,,,,,,,,1469.0,,1214.0,1161.0,,,232.0,186.0,186.0
,1214.0,,1214.0,890.0,1182.0,1214.0,773.0,979.0,,,,,,,,1479.0,,182.0,514.0,,,186.0,890.0,890.0
,182.0,,182.0,979.0,1355.0,182.0,1099.0,1214.0,,,,,,,,1683.0,,1307.0,1142.0,,,890.0,979.0,979.0
,1307.0,,1307.0,1214.0,280.0,140.0,591.0,182.0,,,,,,,,65.0,,140.0,647.0,,,979.0,1214.0,1214.0
,140.0,,140.0,182.0,1193.0,640.0,790.0,1307.0,,,,,,,,583.0,,640.0,689.0,,,1214.0,182.0,182.0
,640.0,,640.0,1307.0,963.0,1396.0,1610.0,140.0,,,,,,,,774.0,,1396.0,707.0,,,182.0,1307.0,1307.0
,1396.0,,1396.0,140.0,809.0,175.0,1364.0,640.0,,,,,,,,1478.0,,175.0,34.0,,,1307.0,140.0,140.0
,175.0,,175.0,640.0,1161.0,7.0,232.0,1396.0,,,,,,,,202.0,,7.0,686.0,,,140.0,640.0,640.0
,7.0,,7.0,1396.0,514.0,1041.0,186.0,175.0,,,,,,,,320.0,,1041.0,1515.0,,,640.0,1396.0,1396.0
,1041.0,,1041.0,175.0,1142.0,393.0,890.0,7.0,,,,,,,,944.0,,393.0,125.0,,,1396.0,175.0,175.0
,393.0,,393.0,7.0,647.0,1356.0,979.0,1041.0,,,,,,,,1078.0,,1356.0,195.0,,,175.0,7.0,7.0
,1356.0,,1356.0,1041.0,689.0,203.0,1214.0,1356.0,,,,,,,,669.0,,203.0,773.0,,,7.0,1041.0,1041.0
,203.0,,203.0,393.0,707.0,653.0,182.0,203.0,,,,,,,,889.0,,653.0,1099.0,,,1041.0,393.0,393.0
,653.0,,653.0,1356.0,34.0,348.0,1307.0,653.0,,,,,,,,1040.0,,348.0,591.0,,,393.0,1356.0,1356.0
,348.0,,348.0,203.0,686.0,1384.0,140.0,348.0,,,,,,,,1009.0,,1384.0,790.0,,,1356.0,203.0,203.0
,1384.0,,1384.0,653.0,1515.0,1160.0,640.0,1384.0,,,,,,,,1370.0,,1160.0,1610.0,,,203.0,653.0,653.0
,1160.0,,1160.0,348.0,125.0,625.0,1396.0,1160.0,,,,,,,,1484.0,,625.0,1364.0,,,653.0,348.0,348.0
,625.0,,625.0,1384.0,195.0,850.0,175.0,625.0,,,,,,,,402.0,,850.0,232.0,,,348.0,1384.0,1384.0
,850.0,,850.0,1160.0,773.0,1040.0,7.0,850.0,,,,,,,,713.0,,1040.0,186.0,,,1384.0,1160.0,1160.0
,1040.0,,1040.0,625.0,1099.0,1076.0,1041.0,1040.0,,,,,,,,421.0,,1076.0,890.0,,,1160.0,625.0,625.0
,1076.0,,1076.0,850.0,591.0,513.0,393.0,1076.0,,,,,,,,579.0,,513.0,979.0,,,625.0,850.0,850.0
,513.0,,513.0,1040.0,790.0,1556.0,1356.0,513.0,,,,,,,,1038.0,,1556.0,1214.0,,,850.0,1040.0,1040.0
,1556.0,,1556.0,1076.0,1610.0,787.0,203.0,1556.0,,,,,,,,1168.0,,787.0,182.0,,,1040.0,1076.0,1076.0
,787.0,,787.0,513.0,1364.0,1029.0,653.0,787.0,,,,,,,,1232.0,,1029.0,1307.0,,,1076.0,513.0,513.0
,1029.0,,1029.0,1556.0,232.0,191.0,348.0,1029.0,,,,,,,,1248.0,,191.0,140.0,,,513.0,1556.0,1556.0
,191.0,,191.0,787.0,186.0,1008.0,1384.0,191.0,,,,,,,,1437.0,,1008.0,640.0,,,1556.0,787.0,787.0
,1008.0,,1008.0,1029.0,890.0,1671.0,1160.0,1008.0,,,,,,,,1697.0,,1671.0,1396.0,,,787.0,1029.0,1029.0
,1671.0,,1671.0,191.0,979.0,55.0,625.0,1671.0,,,,,,,,1512.0,,55.0,175.0,,,1029.0,191.0,191.0
,55.0,,55.0,1008.0,1214.0,702.0,850.0,55.0,,,,,,,,1624.0,,702.0,7.0,,,191.0,1008.0,1008.0
,702.0,,702.0,1671.0,182.0,847.0,1040.0,702.0,,,,,,,,607.0,,847.0,1041.0,,,1008.0,1671.0,1671.0
,847.0,,847.0,55.0,1307.0,1003.0,1076.0,847.0,,,,,,,,690.0,,1003.0,393.0,,,1671.0,55.0,55.0
,1003.0,,1003.0,702.0,140.0,1081.0,513.0,1003.0,,,,,,,,1493.0,,1081.0,1356.0,,,55.0,702.0,702.0
,1081.0,,1081.0,847.0,640.0,1176.0,1556.0,1081.0,,,,,,,,1519.0,,1176.0,203.0,,,702.0,847.0,847.0
,1176.0,,1176.0,1003.0,1396.0,801.0,787.0,1176.0,,,,,,,,504.0,,801.0,653.0,,,847.0,1003.0,1003.0
,801.0,,801.0,1081.0,175.0,837.0,1029.0,801.0,,,,,,,,529.0,,837.0,348.0,,,1003.0,1081.0,1081.0
,837.0,,837.0,1176.0,7.0,800.0,191.0,837.0,,,,,,,,1694.0,,800.0,1384.0,,,1081.0,1176.0,1176.0
,800.0,,800.0,801.0,1041.0,321.0,1008.0,800.0,,,,,,,,1717.0,,321.0,1160.0,,,1176.0,801.0,801.0
,321.0,,321.0,837.0,393.0,504.0,1671.0,321.0,,,,,,,,463.0,,504.0,625.0,,,801.0,837.0,837.0
,504.0,,504.0,800.0,1356.0,1166.0,55.0,504.0,,,,,,,,556.0,,1166.0,850.0,,,837.0,800.0,800.0
,1166.0,,1166.0,321.0,203.0,453.0,702.0,1166.0,,,,,,,,716.0,,453.0,1040.0,,,800.0,321.0,321.0
,453.0,,453.0,504.0,653.0,455.0,847.0,453.0,,,,,,,,717.0,,455.0,1076.0,,,321.0,504.0,504.0
,455.0,,455.0,1166.0,348.0,480.0,1003.0,455.0,,,,,,,,840.0,,480.0,513.0,,,504.0,1166.0,1166.0
,480.0,,480.0,453.0,1384.0,,1081.0,480.0,,,,,,,,1023.0,,,1556.0,,,1166.0,453.0,453.0
,,,,455.0,1160.0,,1176.0,,,,,,,,,1612.0,,,787.0,,,453.0,455.0,455.0
,,,,480.0,625.0,,801.0,,,,,,,,,109.0,,,1029.0,,,455.0,480.0,480.0
,,,,,850.0,,837.0,,,,,,,,,740.0,,,191.0,,,480.0,,
,,,,,1040.0,,800.0,,,,,,,,,847.0,,,1008.0,,,,,
,,,,,1076.0,,321.0,,,,,,,,,912.0,,,1671.0,,,,,
,,,,,513.0,,504.0,,,,,,,,,1153.0,,,55.0,,,,,
,,,,,1556.0,,1166.0,,,,,,,,,1176.0,,,702.0,,,,,
,,,,,787.0,,453.0,,,,,,,,,1254.0,,,847.0,,,,,
,,,,,1029.0,,455.0,,,,,,,,,1283.0,,,1003.0,,,,,
,,,,,191.0,,480.0,,,,,,,,,11.0,,,1081.0,,,,,
,,,,,1008.0,,,,,,,,,,,787.0,,,1176.0,,,,,
,,,,,1671.0,,,,,,,,,,,1112.0,,,801.0,,,,,
,,,,,55.0,,,,,,,,,,,474.0,,,837.0,,,,,
,,,,,702.0,,,,,,,,,,,1582.0,,,800.0,,,,,
,,,,,847.0,,,,,,,,,,,1188.0,,,321.0,,,,,
,,,,,1003.0,,,,,,,,,,,1727.0,,,504.0,,,,,
,,,,,1081.0,,,,,,,,,,,123.0,,,1166.0,,,,,
,,,,,1176.0,,,,,,,,,,,356.0,,,453.0,,,,,
,,,,,801.0,,,,,,,,,,,622.0,,,455.0,,,,,
,,,,,837.0,,,,,,,,,,,628.0,,,480.0,,,,,
,,,,,800.0,,,,,,,,,,,839.0,,,,,,,,
,,,,,321.0,,,,,,,,,,,1443.0,,,,,,,,
,,,,,504.0,,,,,,,,,,,1473.0,,,,,,,,
,,,,,1166.0,,,,,,,,,,,1636.0,,,,,,,,
,,,,,453.0,,,,,,,,,,,1647.0,,,,,,,,
,,,,,455.0,,,,,,,,,,,1682.0,,,,,,,,
,,,,,480.0,,,,,,,,,,,1700.0,,,,,,,,
,,,,,,,,,,,,,,,,355.0,,,,,,,,
,,,,,,,,,,,,,,,,495.0,,,,,,,,
,,,,,,,,,,,,,,,,171.0,,,,,,,,
,,,,,,,,,,,,,,,,301.0,,,,,,,,
,,,,,,,,,,,,,,,,455.0,,,,,,,,
,,,,,,,,,,,,,,,,470.0,,,,,,,,
,,,,,,,,,,,,,,,,873.0,,,,,,,,
,,,,,,,,,,,,,,,,911.0,,,,,,,,
,,,,,,,,,,,,,,,,1533.0,,,,,,,,
,,,,,,,,,,,,,,,,766.0,,,,,,,,
,,,,,,,,,,,,,,,,663.0,,,,,,,,
,,,,,,,,,,,,,,,,552.0,,,,,,,,
,,,,,,,,,,,,,,,,210.0,,,,,,,,
,,,,,,,,,,,,,,,,1748.0,,,,,,,,
,,,,,,,,,,,,,,,,1611.0,,,,,,,,
,,,,,,,,,,,,,,,,1707.0,,,,,,,,
,,,,,,,,,,,,,,,,549.0,,,,,,,,
,,,,,,,,,,,,,,,,872.0,,,,,,,,
,,,,,,,,,,,,,,,,551.0,,,,,,,,
,,,,,,,,,,,,,,,,1483.0,,,,,,,,
,,,,,,,,,,,,,,,,668.0,,,,,,,,
,,,,,,,,,,,,,,,,1472.0,,,,,,,,
,,,,,,,,,,,,,,,,1522.0,,,,,,,,
,,,,,,,,,,,,,,,,1724.0,,,,,,,,
,,,,,,,,,,,,,,,,768.0,,,,,,,,
,,,,,,,,,,,,,,,,1703.0,,,,,,,,
,,,,,,,,,,,,,,,,534.0,,,,,,,,
,,,,,,,,,,,,,,,,257.0,,,,,,,,
,,,,,,,,,,,,,,,,214.0,,,,,,,,
,,,,,,,,,,,,,,,,1500.0,,,,,,,,
,,,,,,,,,,,,,,,,866.0,,,,,,,,
,,,,,,,,,,,,,,,,1480.0,,,,,,,,
,,,,,,,,,,,,,,,,542.0,,,,,,,,
,,,,,,,,,,,,,,,,1744.0,,,,,,,,
,,,,,,,,,,,,,,,,584.0,,,,,,,,
,,,,,,,,,,,,,,,,303.0,,,,,,,,
,,,,,,,,,,,,,,,,1643.0,,,,,,,,
,,,,,,,,,,,,,,,,334.0,,,,,,,,
,,,,,,,,,,,,,,,,1049.0,,,,,,,,
,,,,,,,,,,,,,,,,1678.0,,,,,,,,
,,,,,,,,,,,,,,,,1251.0,,,,,,,,
,,,,,,,,,,,,,,,,1743.0,,,,,,,,
,,,,,,,,,,,,,,,,1699.0,,,,,,,,
,,,,,,,,,,,,,,,,335.0,,,,,,,,
,,,,,,,,,,,,,,,,1417.0,,,,,,,,
,,,,,,,,,,,,,,,,1477.0,,,,,,,,
,,,,,,,,,,,,,,,,714.0,,,,,,,,
,,,,,,,,,,,,,,,,360.0,,,,,,,,
,,,,,,,,,,,,,,,,1495.0,,,,,,,,
,,,,,,,,,,,,,,,,1410.0,,,,,,,,
,,,,,,,,,,,,,,,,311.0,,,,,,,,
,,,,,,,,,,,,,,,,1446.0,,,,,,,,
,,,,,,,,,,,,,,,,370.0,,,,,,,,
,,,,,,,,,,,,,,,,898.0,,,,,,,,
,,,,,,,,,,,,,,,,1387.0,,,,,,,,
,,,,,,,,,,,,,,,,267.0,,,,,,,,
,,,,,,,,,,,,,,,,657.0,,,,,,,,
,,,,,,,,,,,,,,,,449.0,,,,,,,,
,,,,,,,,,,,,,,,,1713.0,,,,,,,,
,,,,,,,,,,,,,,,,1746.0,,,,,,,,
,,,,,,,,,,,,,,,,995.0,,,,,,,,
,,,,,,,,,,,,,,,,1673.0,,,,,,,,
,,,,,,,,,,,,,,,,531.0,,,,,,,,
,,,,,,,,,,,,,,,,1415.0,,,,,,,,
,,,,,,,,,,,,,,,,1689.0,,,,,,,,
,,,,,,,,,,,,,,,,1514.0,,,,,,,,
,,,,,,,,,,,,,,,,569.0,,,,,,,,
,,,,,,,,,,,,,,,,1002.0,,,,,,,,
,,,,,,,,,,,,,,,,672.0,,,,,,,,
,,,,,,,,,,,,,,,,105.0,,,,,,,,
,,,,,,,,,,,,,,,,508.0,,,,,,,,
,,,,,,,,,,,,,,,,424.0,,,,,,,,
,,,,,,,,,,,,,,,,1419.0,,,,,,,,
,,,,,,,,,,,,,,,,844.0,,,,,,,,
,,,,,,,,,,,,,,,,957.0,,,,,,,,
,,,,,,,,,,,,,,,,1200.0,,,,,,,,
,,,,,,,,,,,,,,,,621.0,,,,,,,,
,,,,,,,,,,,,,,,,336.0,,,,,,,,
,,,,,,,,,,,,,,,,849.0,,,,,,,,
,,,,,,,,,,,,,,,,1639.0,,,,,,,,
,,,,,,,,,,,,,,,,497.0,,,,,,,,
,,,,,,,,,,,,,,,,577.0,,,,,,,,
,,,,,,,,,,,,,,,,677.0,,,,,,,,
,,,,,,,,,,,,,,,,1450.0,,,,,,,,
,,,,,,,,,,,,,,,,1466.0,,,,,,,,
,,,,,,,,,,,,,,,,1605.0,,,,,,,,
,,,,,,,,,,,,,,,,1645.0,,,,,,,,
,,,,,,,,,,,,,,,,1138.0,,,,,,,,
,,,,,,,,,,,,,,,,277.0,,,,,,,,
,,,,,,,,,,,,,,,,1451.0,,,,,,,,
,,,,,,,,,,,,,,,,212.0,,,,,,,,
,,,,,,,,,,,,,,,,1059.0,,,,,,,,
,,,,,,,,,,,,,,,,967.0,,,,,,,,
,,,,,,,,,,,,,,,,1016.0,,,,,,,,
,,,,,,,,,,,,,,,,148.0,,,,,,,,
,,,,,,,,,,,,,,,,1634.0,,,,,,,,
,,,,,,,,,,,,,,,,1668.0,,,,,,,,
,,,,,,,,,,,,,,,,1000.0,,,,,,,,
,,,,,,,,,,,,,,,,344.0,,,,,,,,
,,,,,,,,,,,,,,,,896.0,,,,,,,,
,,,,,,,,,,,,,,,,1641.0,,,,,,,,
,,,,,,,,,,,,,,,,154.0,,,,,,,,
,,,,,,,,,,,,,,,,1658.0,,,,,,,,
,,,,,,,,,,,,,,,,129.0,,,,,,,,
,,,,,,,,,,,,,,,,1458.0,,,,,,,,
,,,,,,,,,,,,,,,,1646.0,,,,,,,,
,,,,,,,,,,,,,,,,1488.0,,,,,,,,
,,,,,,,,,,,,,,,,1626.0,,,,,,,,
,,,,,,,,,,,,,,,,761.0,,,,,,,,
,,,,,,,,,,,,,,,,302.0,,,,,,,,
,,,,,,,,,,,,,,,,1090.0,,,,,,,,
,,,,,,,,,,,,,,,,1460.0,,,,,,,,
,,,,,,,,,,,,,,,,1715.0,,,,,,,,
,,,,,,,,,,,,,,,,578.0,,,,,,,,
,,,,,,,,,,,,,,,,1465.0,,,,,,,,
,,,,,,,,,,,,,,,,1230.0,,,,,,,,
,,,,,,,,,,,,,,,,793.0,,,,,,,,
,,,,,,,,,,,,,,,,962.0,,,,,,,,
,,,,,,,,,,,,,,,,1704.0,,,,,,,,
,,,,,,,,,,,,,,,,111.0,,,,,,,,
,,,,,,,,,,,,,,,,1598.0,,,,,,,,
,,,,,,,,,,,,,,,,331.0,,,,,,,,
,,,,,,,,,,,,,,,,392.0,,,,,,,,
,,,,,,,,,,,,,,,,1591.0,,,,,,,,
,,,,,,,,,,,,,,,,1730.0,,,,,,,,
,,,,,,,,,,,,,,,,947.0,,,,,,,,
,,,,,,,,,,,,,,,,634.0,,,,,,,,
,,,,,,,,,,,,,,,,1583.0,,,,,,,,
,,,,,,,,,,,,,,,,308.0,,,,,,,,
,,,,,,,,,,,,,,,,1738.0,,,,,,,,
,,,,,,,,,,,,,,,,680.0,,,,,,,,
,,,,,,,,,,,,,,,,221.0,,,,,,,,
,,,,,,,,,,,,,,,,758.0,,,,,,,,
,,,,,,,,,,,,,,,,1412.0,,,,,,,,
,,,,,,,,,,,,,,,,1476.0,,,,,,,,
,,,,,,,,,,,,,,,,580.0,,,,,,,,
,,,,,,,,,,,,,,,,1616.0,,,,,,,,
,,,,,,,,,,,,,,,,347.0,,,,,,,,
,,,,,,,,,,,,,,,,307.0,,,,,,,,
,,,,,,,,,,,,,,,,530.0,,,,,,,,
,,,,,,,,,,,,,,,,998.0,,,,,,,,
,,,,,,,,,,,,,,,,1418.0,,,,,,,,
,,,,,,,,,,,,,,,,1725.0,,,,,,,,
,,,,,,,,,,,,,,,,407.0,,,,,,,,
,,,,,,,,,,,,,,,,1404.0,,,,,,,,
,,,,,,,,,,,,,,,,1640.0,,,,,,,,
,,,,,,,,,,,,,,,,145.0,,,,,,,,
,,,,,,,,,,,,,,,,1509.0,,,,,,,,
,,,,,,,,,,,,,,,,222.0,,,,,,,,
,,,,,,,,,,,,,,,,1280.0,,,,,,,,
,,,,,,,,,,,,,,,,1416.0,,,,,,,,
,,,,,,,,,,,,,,,,433.0,,,,,,,,
,,,,,,,,,,,,,,,,1046.0,,,,,,,,
,,,,,,,,,,,,,,,,1741.0,,,,,,,,
,,,,,,,,,,,,,,,,1747.0,,,,,,,,
,,,,,,,,,,,,,,,,582.0,,,,,,,,
,,,,,,,,,,,,,,,,1467.0,,,,,,,,
,,,,,,,,,,,,,,,,492.0,,,,,,,,
,,,,,,,,,,,,,,,,1198.0,,,,,,,,
,,,,,,,,,,,,,,,,87.0,,,,,,,,
,,,,,,,,,,,,,,,,863.0,,,,,,,,
,,,,,,,,,,,,,,,,1687.0,,,,,,,,
,,,,,,,,,,,,,,,,216.0,,,,,,,,
,,,,,,,,,,,,,,,,540.0,,,,,,,,
,,,,,,,,,,,,,,,,1695.0,,,,,,,,
,,,,,,,,,,,,,,,,1424.0,,,,,,,,
,,,,,,,,,,,,,,,,1032.0,,,,,,,,
,,,,,,,,,,,,,,,,1422.0,,,,,,,,
,,,,,,,,,,,,,,,,1537.0,,,,,,,,
,,,,,,,,,,,,,,,,1690.0,,,,,,,,
,,,,,,,,,,,,,,,,1708.0,,,,,,,,
,,,,,,,,,,,,,,,,350.0,,,,,,,,
,,,,,,,,,,,,,,,,1603.0,,,,,,,,
,,,,,,,,,,,,,,,,379.0,,,,,,,,
,,,,,,,,,,,,,,,,789.0,,,,,,,,
,,,,,,,,,,,,,,,,528.0,,,,,,,,
,,,,,,,,,,,,,,,,958.0,,,,,,,,
,,,,,,,,,,,,,,,,1491.0,,,,,,,,
,,,,,,,,,,,,,,,,343.0,,,,,,,,
,,,,,,,,,,,,,,,,696.0,,,,,,,,
,,,,,,,,,,,,,,,,208.0,,,,,,,,
,,,,,,,,,,,,,,,,683.0,,,,,,,,
,,,,,,,,,,,,,,,,539.0,,,,,,,,
,,,,,,,,,,,,,,,,1651.0,,,,,,,,
,,,,,,,,,,,,,,,,400.0,,,,,,,,
,,,,,,,,,,,,,,,,1615.0,,,,,,,,
,,,,,,,,,,,,,,,,215.0,,,,,,,,
,,,,,,,,,,,,,,,,538.0,,,,,,,,
,,,,,,,,,,,,,,,,1742.0,,,,,,,,
,,,,,,,,,,,,,,,,1729.0,,,,,,,,
,,,,,,,,,,,,,,,,371.0,,,,,,,,
,,,,,,,,,,,,,,,,1457.0,,,,,,,,
,,,,,,,,,,,,,,,,74.0,,,,,,,,
,,,,,,,,,,,,,,,,970.0,,,,,,,,
,,,,,,,,,,,,,,,,1007.0,,,,,,,,
,,,,,,,,,,,,,,,,150.0,,,,,,,,
,,,,,,,,,,,,,,,,613.0,,,,,,,,
,,,,,,,,,,,,,,,,831.0,,,,,,,,
,,,,,,,,,,,,,,,,1630.0,,,,,,,,
,,,,,,,,,,,,,,,,1663.0,,,,,,,,
,,,,,,,,,,,,,,,,218.0,,,,,,,,
,,,,,,,,,,,,,,,,1004.0,,,,,,,,
,,,,,,,,,,,,,,,,1062.0,,,,,,,,
,,,,,,,,,,,,,,,,1737.0,,,,,,,,
,,,,,,,,,,,,,,,,1607.0,,,,,,,,
,,,,,,,,,,,,,,,,1481.0,,,,,,,,
,,,,,,,,,,,,,,,,1736.0,,,,,,,,
,,,,,,,,,,,,,,,,1740.0,,,,,,,,
,,,,,,,,,,,,,,,,989.0,,,,,,,,
,,,,,,,,,,,,,,,,1660.0,,,,,,,,
,,,,,,,,,,,,,,,,231.0,,,,,,,,
,,,,,,,,,,,,,,,,1186.0,,,,,,,,
,,,,,,,,,,,,,,,,1330.0,,,,,,,,
,,,,,,,,,,,,,,,,1482.0,,,,,,,,
,,,,,,,,,,,,,,,,1589.0,,,,,,,,
,,,,,,,,,,,,,,,,1633.0,,,,,,,,
,,,,,,,,,,,,,,,,1681.0,,,,,,,,
,,,,,,,,,,,,,,,,588.0,,,,,,,,
,,,,,,,,,,,,,,,,179.0,,,,,,,,
,,,,,,,,,,,,,,,,88.0,,,,,,,,
,,,,,,,,,,,,,,,,1456.0,,,,,,,,
,,,,,,,,,,,,,,,,1701.0,,,,,,,,
,,,,,,,,,,,,,,,,408.0,,,,,,,,
,,,,,,,,,,,,,,,,94.0,,,,,,,,
,,,,,,,,,,,,,,,,715.0,,,,,,,,
,,,,,,,,,,,,,,,,587.0,,,,,,,,
,,,,,,,,,,,,,,,,563.0,,,,,,,,
,,,,,,,,,,,,,,,,1499.0,,,,,,,,
,,,,,,,,,,,,,,,,204.0,,,,,,,,
,,,,,,,,,,,,,,,,132.0,,,,,,,,
,,,,,,,,,,,,,,,,1667.0,,,,,,,,
,,,,,,,,,,,,,,,,298.0,,,,,,,,
,,,,,,,,,,,,,,,,877.0,,,,,,,,
,,,,,,,,,,,,,,,,1656.0,,,,,,,,
,,,,,,,,,,,,,,,,266.0,,,,,,,,
,,,,,,,,,,,,,,,,619.0,,,,,,,,
,,,,,,,,,,,,,,,,296.0,,,,,,,,
,,,,,,,,,,,,,,,,396.0,,,,,,,,
,,,,,,,,,,,,,,,,1637.0,,,,,,,,
,,,,,,,,,,,,,,,,511.0,,,,,,,,
,,,,,,,,,,,,,,,,90.0,,,,,,,,
,,,,,,,,,,,,,,,,674.0,,,,,,,,
,,,,,,,,,,,,,,,,946.0,,,,,,,,
,,,,,,,,,,,,,,,,1030.0,,,,,,,,
,,,,,,,,,,,,,,,,1413.0,,,,,,,,
,,,,,,,,,,,,,,,,644.0,,,,,,,,
,,,,,,,,,,,,,,,,965.0,,,,,,,,
,,,,,,,,,,,,,,,,550.0,,,,,,,,
,,,,,,,,,,,,,,,,317.0,,,,,,,,
,,,,,,,,,,,,,,,,1203.0,,,,,,,,
,,,,,,,,,,,,,,,,1745.0,,,,,,,,
,,,,,,,,,,,,,,,,996.0,,,,,,,,
,,,,,,,,,,,,,,,,209.0,,,,,,,,
,,,,,,,,,,,,,,,,1505.0,,,,,,,,
,,,,,,,,,,,,,,,,1461.0,,,,,,,,
,,,,,,,,,,,,,,,,1665.0,,,,,,,,
,,,,,,,,,,,,,,,,821.0,,,,,,,,
,,,,,,,,,,,,,,,,1628.0,,,,,,,,
,,,,,,,,,,,,,,,,599.0,,,,,,,,
,,,,,,,,,,,,,,,,1221.0,,,,,,,,
,,,,,,,,,,,,,,,,237.0,,,,,,,,
,,,,,,,,,,,,,,,,1464.0,,,,,,,,
,,,,,,,,,,,,,,,,985.0,,,,,,,,
,,,,,,,,,,,,,,,,853.0,,,,,,,,
,,,,,,,,,,,,,,,,247.0,,,,,,,,
,,,,,,,,,,,,,,,,349.0,,,,,,,,
,,,,,,,,,,,,,,,,54.0,,,,,,,,
,,,,,,,,,,,,,,,,949.0,,,,,,,,
,,,,,,,,,,,,,,,,1520.0,,,,,,,,
,,,,,,,,,,,,,,,,1735.0,,,,,,,,
,,,,,,,,,,,,,,,,477.0,,,,,,,,
,,,,,,,,,,,,,,,,57.0,,,,,,,,
,,,,,,,,,,,,,,,,283.0,,,,,,,,
,,,,,,,,,,,,,,,,1567.0,,,,,,,,
,,,,,,,,,,,,,,,,1696.0,,,,,,,,
,,,,,,,,,,,,,,,,230.0,,,,,,,,
,,,,,,,,,,,,,,,,293.0,,,,,,,,
,,,,,,,,,,,,,,,,1135.0,,,,,,,,
,,,,,,,,,,,,,,,,1291.0,,,,,,,,
,,,,,,,,,,,,,,,,960.0,,,,,,,,
,,,,,,,,,,,,,,,,524.0,,,,,,,,
,,,,,,,,,,,,,,,,62.0,,,,,,,,
,,,,,,,,,,,,,,,,183.0,,,,,,,,
,,,,,,,,,,,,,,,,673.0,,,,,,,,
,,,,,,,,,,,,,,,,1269.0,,,,,,,,
,,,,,,,,,,,,,,,,936.0,,,,,,,,
,,,,,,,,,,,,,,,,31.0,,,,,,,,
,,,,,,,,,,,,,,,,1196.0,,,,,,,,
,,,,,,,,,,,,,,,,1068.0,,,,,,,,
,,,,,,,,,,,,,,,,1141.0,,,,,,,,
,,,,,,,,,,,,,,,,1125.0,,,,,,,,
,,,,,,,,,,,,,,,,784.0,,,,,,,,
,,,,,,,,,,,,,,,,1566.0,,,,,,,,
,,,,,,,,,,,,,,,,128.0,,,,,,,,
,,,,,,,,,,,,,,,,249.0,,,,,,,,
,,,,,,,,,,,,,,,,610.0,,,,,,,,
,,,,,,,,,,,,,,,,959.0,,,,,,,,
,,,,,,,,,,,,,,,,536.0,,,,,,,,
,,,,,,,,,,,,,,,,13.0,,,,,,,,
,,,,,,,,,,,,,,,,1587.0,,,,,,,,
,,,,,,,,,,,,,,,,205.0,,,,,,,,
,,,,,,,,,,,,,,,,272.0,,,,,,,,
,,,,,,,,,,,,,,,,1107.0,,,,,,,,
,,,,,,,,,,,,,,,,211.0,,,,,,,,
,,,,,,,,,,,,,,,,968.0,,,,,,,,
,,,,,,,,,,,,,,,,1073.0,,,,,,,,
,,,,,,,,,,,,,,,,876.0,,,,,,,,
,,,,,,,,,,,,,,,,615.0,,,,,,,,
,,,,,,,,,,,,,,,,1233.0,,,,,,,,
,,,,,,,,,,,,,,,,1154.0,,,,,,,,
,,,,,,,,,,,,,,,,1289.0,,,,,,,,
,,,,,,,,,,,,,,,,1721.0,,,,,,,,
,,,,,,,,,,,,,,,,631.0,,,,,,,,
,,,,,,,,,,,,,,,,1042.0,,,,,,,,
,,,,,,,,,,,,,,,,933.0,,,,,,,,
,,,,,,,,,,,,,,,,419.0,,,,,,,,
,,,,,,,,,,,,,,,,325.0,,,,,,,,
,,,,,,,,,,,,,,,,1247.0,,,,,,,,
,,,,,,,,,,,,,,,,515.0,,,,,,,,
,,,,,,,,,,,,,,,,805.0,,,,,,,,
,,,,,,,,,,,,,,,,67.0,,,,,,,,
,,,,,,,,,,,,,,,,255.0,,,,,,,,
,,,,,,,,,,,,,,,,1444.0,,,,,,,,
,,,,,,,,,,,,,,,,1240.0,,,,,,,,
,,,,,,,,,,,,,,,,64.0,,,,,,,,
,,,,,,,,,,,,,,,,418.0,,,,,,,,
,,,,,,,,,,,,,,,,723.0,,,,,,,,
,,,,,,,,,,,,,,,,1272.0,,,,,,,,
,,,,,,,,,,,,,,,,1393.0,,,,,,,,
,,,,,,,,,,,,,,,,1120.0,,,,,,,,
,,,,,,,,,,,,,,,,679.0,,,,,,,,
,,,,,,,,,,,,,,,,1201.0,,,,,,,,
,,,,,,,,,,,,,,,,149.0,,,,,,,,
,,,,,,,,,,,,,,,,15.0,,,,,,,,
,,,,,,,,,,,,,,,,56.0,,,,,,,,
,,,,,,,,,,,,,,,,322.0,,,,,,,,
,,,,,,,,,,,,,,,,1136.0,,,,,,,,
,,,,,,,,,,,,,,,,1182.0,,,,,,,,
,,,,,,,,,,,,,,,,280.0,,,,,,,,
,,,,,,,,,,,,,,,,1193.0,,,,,,,,
,,,,,,,,,,,,,,,,963.0,,,,,,,,
,,,,,,,,,,,,,,,,514.0,,,,,,,,
,,,,,,,,,,,,,,,,1142.0,,,,,,,,
,,,,,,,,,,,,,,,,647.0,,,,,,,,
,,,,,,,,,,,,,,,,707.0,,,,,,,,
,,,,,,,,,,,,,,,,125.0,,,,,,,,
,,,,,,,,,,,,,,,,195.0,,,,,,,,
,,,,,,,,,,,,,,,,773.0,,,,,,,,
,,,,,,,,,,,,,,,,591.0,,,,,,,,
,,,,,,,,,,,,,,,,1364.0,,,,,,,,
,,,,,,,,,,,,,,,,1214.0,,,,,,,,
,,,,,,,,,,,,,,,,182.0,,,,,,,,
,,,,,,,,,,,,,,,,140.0,,,,,,,,
,,,,,,,,,,,,,,,,175.0,,,,,,,,
,,,,,,,,,,,,,,,,393.0,,,,,,,,
,,,,,,,,,,,,,,,,1356.0,,,,,,,,
,,,,,,,,,,,,,,,,653.0,,,,,,,,
,,,,,,,,,,,,,,,,348.0,,,,,,,,
,,,,,,,,,,,,,,,,1160.0,,,,,,,,
,,,,,,,,,,,,,,,,625.0,,,,,,,,
,,,,,,,,,,,,,,,,513.0,,,,,,,,
,,,,,,,,,,,,,,,,1556.0,,,,,,,,
,,,,,,,,,,,,,,,,1029.0,,,,,,,,
,,,,,,,,,,,,,,,,55.0,,,,,,,,
,,,,,,,,,,,,,,,,801.0,,,,,,,,
,,,,,,,,,,,,,,,,837.0,,,,,,,,
,,,,,,,,,,,,,,,,800.0,,,,,,,,
,,,,,,,,,,,,,,,,321.0,,,,,,,,
,,,,,,,,,,,,,,,,453.0,,,,,,,,
,,,,,,,,,,,,,,,,480.0,,,,,,,,
