run_0,run_1,run_2,run_3,run_4,run_5,run_6,run_7,run_8,run_9,run_10,run_11,run_12,run_13,run_14,run_15,run_16,run_17,run_18,run_19,run_20,run_21,run_22,run_23,run_24
1432.0,2871.0,2878.0,532.0,2713.0,378.0,2142.0,898.0,15.0,1839.0,3883.0,235.0,3169.0,2516.0,1616.0,1236.0,2068.0,1345.0,597.0,2219.0,3203.0,3101.0,1059.0,1028.0,2026.0
982.0,3354.0,866.0,1879.0,2776.0,3789.0,2099.0,500.0,2385.0,1605.0,64.0,3843.0,1343.0,1739.0,494.0,3810.0,3370.0,3329.0,3555.0,2398.0,3583.0,292.0,3860.0,4093.0,3538.0
3618.0,796.0,2080.0,828.0,1709.0,1748.0,631.0,2544.0,186.0,2630.0,1832.0,1848.0,110.0,1973.0,33.0,3736.0,4026.0,1488.0,2832.0,1962.0,2264.0,3746.0,1697.0,46.0,2171.0
2629.0,3305.0,208.0,692.0,4006.0,342.0,2299.0,737.0,2748.0,3864.0,3984.0,3230.0,2794.0,3074.0,2088.0,265.0,1402.0,4058.0,1858.0,451.0,1531.0,2773.0,2247.0,47.0,3321.0
951.0,3771.0,2408.0,1842.0,3133.0,802.0,3060.0,2376.0,748.0,554.0,3129.0,80.0,2532.0,3568.0,1343.0,3252.0,2938.0,3051.0,1164.0,1408.0,2040.0,2064.0,4044.0,2690.0,1945.0
2381.0,3597.0,334.0,1659.0,3221.0,1774.0,524.0,3807.0,3090.0,3797.0,1464.0,2352.0,128.0,3423.0,2477.0,3109.0,2123.0,2488.0,1709.0,2451.0,1679.0,3224.0,2548.0,1489.0,2474.0
3120.0,2323.0,3443.0,1821.0,3377.0,2412.0,197.0,3259.0,3753.0,2120.0,1940.0,3028.0,2484.0,3909.0,939.0,194.0,1639.0,1768.0,1945.0,3356.0,894.0,3186.0,3444.0,596.0,389.0
3715.0,745.0,683.0,1109.0,2935.0,1004.0,3761.0,584.0,1649.0,3086.0,1838.0,1903.0,3990.0,2317.0,4023.0,3232.0,1502.0,3988.0,3127.0,3121.0,272.0,2820.0,3580.0,2834.0,1860.0
3771.0,2032.0,3221.0,1598.0,1163.0,3337.0,3493.0,841.0,3419.0,2390.0,2318.0,3592.0,526.0,1997.0,1187.0,2821.0,686.0,1624.0,4024.0,2450.0,1336.0,2896.0,1389.0,3366.0,3907.0
1581.0,3512.0,2728.0,2740.0,1802.0,4081.0,1700.0,1128.0,1836.0,2892.0,3024.0,2396.0,2891.0,3137.0,744.0,695.0,2184.0,3280.0,2472.0,2910.0,2378.0,3392.0,3529.0,1397.0,1964.0
127.0,3747.0,608.0,3327.0,2503.0,517.0,1711.0,839.0,3368.0,3996.0,1856.0,1965.0,61.0,2745.0,254.0,1861.0,4055.0,3941.0,1800.0,346.0,2876.0,2023.0,309.0,1762.0,355.0
3298.0,199.0,3792.0,261.0,2993.0,4019.0,1394.0,338.0,2012.0,2429.0,3519.0,2797.0,1198.0,2918.0,3346.0,1510.0,2336.0,2717.0,1966.0,2292.0,2540.0,250.0,3088.0,3572.0,1966.0
821.0,2716.0,417.0,895.0,3357.0,3103.0,1886.0,1519.0,2890.0,4052.0,2521.0,2303.0,302.0,3278.0,2238.0,1775.0,2568.0,3518.0,2512.0,2531.0,312.0,3475.0,57.0,321.0,166.0
591.0,3188.0,1259.0,2413.0,4059.0,3230.0,2941.0,1079.0,2194.0,1475.0,2646.0,4046.0,1998.0,904.0,1334.0,391.0,2644.0,686.0,2739.0,635.0,1791.0,3872.0,1816.0,2397.0,3293.0
2407.0,2023.0,2689.0,3636.0,3923.0,3090.0,225.0,953.0,1510.0,746.0,1800.0,345.0,3277.0,2260.0,2774.0,2474.0,2456.0,2403.0,3076.0,1033.0,400.0,1499.0,71.0,1150.0,3095.0
1365.0,3866.0,445.0,1144.0,1675.0,3371.0,3080.0,435.0,2987.0,3265.0,548.0,2939.0,977.0,2507.0,1888.0,863.0,1838.0,1713.0,2894.0,2988.0,1923.0,3940.0,2455.0,1425.0,1538.0
1407.0,1343.0,742.0,3917.0,646.0,740.0,2950.0,3861.0,2697.0,137.0,3335.0,3061.0,2908.0,2955.0,2069.0,2416.0,1635.0,3138.0,2526.0,65.0,4089.0,1460.0,976.0,661.0,1448.0
2019.0,3519.0,1593.0,1470.0,2961.0,1757.0,814.0,836.0,2624.0,2644.0,21.0,2942.0,3096.0,3812.0,1173.0,770.0,881.0,135.0,3736.0,3950.0,2150.0,4008.0,2088.0,2749.0,1784.0
2104.0,3681.0,2526.0,2248.0,2345.0,813.0,1762.0,2539.0,3519.0,1869.0,2818.0,2266.0,184.0,3771.0,4045.0,2650.0,170.0,3119.0,2579.0,2355.0,1197.0,4011.0,399.0,1866.0,3760.0
2306.0,267.0,3486.0,2320.0,3901.0,2814.0,1765.0,658.0,2685.0,2470.0,1260.0,2031.0,3411.0,1736.0,1214.0,3386.0,1941.0,1485.0,427.0,160.0,1132.0,955.0,961.0,2130.0,558.0
155.0,3208.0,32.0,3459.0,1081.0,1414.0,2055.0,1698.0,4074.0,853.0,585.0,2952.0,447.0,3634.0,2815.0,1999.0,2560.0,2362.0,1314.0,785.0,2628.0,2286.0,1122.0,2154.0,2290.0
72.0,1412.0,2568.0,4037.0,1322.0,1541.0,1537.0,768.0,14.0,2498.0,123.0,355.0,659.0,812.0,155.0,2408.0,711.0,2911.0,2693.0,2264.0,3009.0,3320.0,3654.0,2802.0,1839.0
3957.0,2965.0,1929.0,110.0,4100.0,2341.0,1464.0,3452.0,1189.0,10.0,2327.0,3387.0,3110.0,1012.0,959.0,141.0,1415.0,683.0,30.0,780.0,2346.0,437.0,1617.0,4005.0,190.0
241.0,3666.0,2752.0,243.0,424.0,1446.0,107.0,2592.0,999.0,86.0,3217.0,1291.0,1124.0,1634.0,1415.0,805.0,467.0,3366.0,1888.0,698.0,2014.0,46.0,950.0,893.0,1535.0
300.0,2777.0,421.0,2624.0,1299.0,1875.0,3273.0,1526.0,1655.0,4044.0,3699.0,1260.0,396.0,547.0,2315.0,2253.0,955.0,3432.0,3585.0,2501.0,220.0,1092.0,1139.0,2921.0,2978.0
3416.0,752.0,3155.0,1893.0,153.0,3960.0,2430.0,927.0,647.0,3371.0,1155.0,650.0,644.0,806.0,1600.0,1300.0,3649.0,3342.0,3094.0,2217.0,4095.0,3122.0,1599.0,3936.0,2318.0
3372.0,2088.0,1183.0,3570.0,3556.0,4026.0,3416.0,1897.0,1772.0,1238.0,2279.0,195.0,2524.0,2681.0,1333.0,3942.0,2638.0,3510.0,1662.0,1389.0,3534.0,3056.0,3446.0,2219.0,1133.0
1712.0,3047.0,884.0,98.0,2465.0,2286.0,2180.0,824.0,1632.0,2546.0,419.0,2746.0,1045.0,589.0,988.0,2769.0,174.0,2828.0,1324.0,3228.0,976.0,169.0,3027.0,538.0,3570.0
3858.0,643.0,3840.0,2331.0,779.0,42.0,707.0,2019.0,1405.0,3271.0,3320.0,2334.0,225.0,258.0,375.0,87.0,2273.0,3888.0,1202.0,2112.0,1007.0,2733.0,1496.0,985.0,1431.0
1279.0,2590.0,2305.0,3322.0,707.0,3370.0,2744.0,3284.0,1869.0,123.0,575.0,1252.0,563.0,3285.0,2893.0,3505.0,3807.0,3830.0,365.0,2515.0,3516.0,3026.0,3392.0,2351.0,3266.0
925.0,2941.0,2832.0,2401.0,4043.0,112.0,1148.0,1885.0,1603.0,3162.0,4101.0,2509.0,870.0,1648.0,4056.0,3089.0,3917.0,1901.0,2218.0,1650.0,2449.0,278.0,1581.0,3242.0,409.0
2691.0,699.0,1853.0,2060.0,3420.0,655.0,3827.0,549.0,914.0,1698.0,1864.0,3992.0,3227.0,2560.0,2015.0,111.0,1258.0,509.0,3264.0,1633.0,2251.0,2335.0,1571.0,3260.0,860.0
3646.0,845.0,3710.0,2824.0,1309.0,2431.0,2763.0,1973.0,1509.0,413.0,2752.0,626.0,594.0,2204.0,1662.0,2735.0,1267.0,1439.0,3390.0,461.0,3031.0,3485.0,3488.0,3034.0,3418.0
3404.0,1802.0,2397.0,3741.0,2653.0,1632.0,4040.0,3081.0,1552.0,738.0,2645.0,3367.0,404.0,2621.0,946.0,776.0,2628.0,3043.0,2127.0,1679.0,513.0,65.0,3059.0,3151.0,2008.0
2536.0,272.0,385.0,3173.0,1942.0,2821.0,828.0,3068.0,2957.0,313.0,3231.0,984.0,2938.0,3629.0,141.0,3993.0,1751.0,12.0,1180.0,465.0,3906.0,2662.0,2903.0,2459.0,885.0
503.0,3411.0,2536.0,3150.0,3783.0,1430.0,3472.0,2070.0,443.0,70.0,850.0,3514.0,3918.0,4089.0,3136.0,2489.0,1935.0,2782.0,1504.0,1306.0,3964.0,1010.0,3788.0,700.0,277.0
265.0,3580.0,2886.0,451.0,794.0,3562.0,2937.0,3392.0,3413.0,2905.0,3417.0,299.0,767.0,1356.0,389.0,3059.0,1183.0,157.0,612.0,2570.0,3606.0,589.0,3111.0,3298.0,3981.0
2076.0,2438.0,3549.0,2097.0,1359.0,2319.0,1097.0,734.0,3980.0,2556.0,155.0,2683.0,3344.0,344.0,3422.0,1864.0,3459.0,2487.0,2515.0,3927.0,1195.0,3255.0,789.0,1452.0,3124.0
2254.0,676.0,3545.0,1904.0,690.0,2959.0,3165.0,202.0,1845.0,2051.0,3045.0,768.0,772.0,3853.0,1614.0,1057.0,1431.0,669.0,3873.0,219.0,2162.0,3519.0,1589.0,2297.0,2664.0
3719.0,1196.0,1216.0,2356.0,1588.0,3791.0,1566.0,2490.0,1243.0,3638.0,932.0,1204.0,2164.0,471.0,926.0,3160.0,587.0,967.0,408.0,1018.0,1280.0,1970.0,2763.0,2473.0,530.0
1864.0,1470.0,3153.0,932.0,2728.0,3629.0,2296.0,2235.0,2760.0,1397.0,1285.0,3181.0,355.0,3343.0,2605.0,738.0,3027.0,523.0,3613.0,3726.0,397.0,3919.0,784.0,3208.0,3784.0
3082.0,3488.0,3594.0,3791.0,3469.0,1866.0,701.0,3531.0,1913.0,3737.0,1723.0,1975.0,205.0,3669.0,139.0,2614.0,2297.0,1975.0,1086.0,3093.0,3040.0,117.0,3487.0,791.0,202.0
467.0,3244.0,595.0,3600.0,966.0,1507.0,931.0,446.0,2864.0,2549.0,1850.0,2581.0,1874.0,3674.0,3718.0,2017.0,2633.0,553.0,2665.0,3951.0,1124.0,3175.0,4006.0,3344.0,2689.0
1477.0,2188.0,3178.0,1215.0,2946.0,935.0,2732.0,266.0,358.0,2360.0,3704.0,3362.0,884.0,607.0,1797.0,432.0,1146.0,2236.0,3806.0,270.0,246.0,2478.0,275.0,237.0,3366.0
1116.0,1325.0,2249.0,1717.0,1034.0,2331.0,2812.0,3962.0,3652.0,217.0,1730.0,3666.0,3929.0,1025.0,3807.0,2240.0,3461.0,2414.0,2102.0,347.0,792.0,1185.0,248.0,904.0,330.0
973.0,3551.0,3833.0,469.0,1763.0,3393.0,3082.0,293.0,3376.0,2922.0,3821.0,1957.0,791.0,3159.0,3789.0,3121.0,3367.0,720.0,1039.0,2535.0,2171.0,2661.0,1006.0,2881.0,177.0
3783.0,677.0,494.0,569.0,2658.0,2600.0,1400.0,2694.0,4087.0,390.0,2264.0,3082.0,3947.0,4051.0,1369.0,472.0,2008.0,2912.0,1363.0,328.0,2559.0,3670.0,3142.0,945.0,824.0
2850.0,3722.0,1138.0,3332.0,3485.0,1260.0,3699.0,3020.0,2574.0,161.0,484.0,2735.0,2435.0,115.0,853.0,3822.0,383.0,269.0,3019.0,4075.0,2111.0,442.0,144.0,1082.0,3305.0
2914.0,2296.0,3300.0,1289.0,112.0,2997.0,634.0,579.0,3759.0,870.0,190.0,184.0,3828.0,1623.0,3031.0,2440.0,522.0,3821.0,2096.0,2381.0,299.0,1768.0,564.0,3265.0,79.0
1614.0,1886.0,3872.0,2540.0,1538.0,1950.0,386.0,1396.0,2393.0,3457.0,2911.0,2167.0,209.0,402.0,81.0,3925.0,2363.0,1163.0,2961.0,2869.0,2900.0,3629.0,3187.0,3739.0,1009.0
2296.0,2378.0,2173.0,3880.0,2302.0,2707.0,3726.0,231.0,2406.0,1240.0,47.0,1608.0,3172.0,1642.0,2999.0,945.0,779.0,1842.0,2133.0,1023.0,939.0,916.0,2212.0,2741.0,1438.0
2979.0,3221.0,2524.0,576.0,379.0,2550.0,1471.0,1104.0,2200.0,2992.0,2507.0,1727.0,1937.0,964.0,2523.0,3539.0,2978.0,4061.0,198.0,2800.0,3148.0,871.0,502.0,1211.0,3278.0
921.0,368.0,1490.0,732.0,2298.0,2960.0,521.0,2856.0,2582.0,1489.0,3972.0,314.0,1810.0,859.0,2314.0,3391.0,3625.0,251.0,3586.0,2050.0,2818.0,2628.0,1565.0,741.0,140.0
3301.0,1998.0,2535.0,1022.0,2126.0,1121.0,2548.0,2743.0,3675.0,3145.0,1202.0,2273.0,2457.0,2894.0,329.0,174.0,3420.0,1312.0,3917.0,2746.0,1737.0,1048.0,31.0,547.0,3852.0
2894.0,3613.0,2760.0,855.0,882.0,4077.0,687.0,3642.0,1569.0,1198.0,2934.0,13.0,240.0,1662.0,2036.0,3629.0,2611.0,3601.0,3224.0,3603.0,2425.0,3992.0,1664.0,1436.0,228.0
1033.0,2018.0,3127.0,1469.0,3762.0,3701.0,1322.0,1835.0,2455.0,2980.0,449.0,269.0,2122.0,2963.0,3212.0,3239.0,2247.0,2786.0,1150.0,3529.0,563.0,3500.0,1691.0,2894.0,2589.0
656.0,2232.0,823.0,3080.0,381.0,1584.0,2258.0,3757.0,61.0,2.0,2410.0,3754.0,1066.0,2319.0,1715.0,2331.0,807.0,2698.0,4032.0,2310.0,1683.0,2638.0,3782.0,966.0,2007.0
2457.0,459.0,1772.0,3688.0,556.0,761.0,1489.0,2783.0,3986.0,3315.0,2234.0,1932.0,4056.0,3490.0,845.0,3474.0,661.0,3070.0,1083.0,1316.0,871.0,1090.0,2085.0,2453.0,2224.0
3921.0,1543.0,1172.0,181.0,636.0,3364.0,3808.0,1862.0,192.0,1779.0,2354.0,376.0,28.0,3237.0,374.0,3.0,2009.0,800.0,2947.0,442.0,2830.0,1156.0,114.0,1.0,3132.0
79.0,480.0,1582.0,2173.0,3919.0,1783.0,1555.0,3762.0,2802.0,781.0,1824.0,2910.0,1325.0,163.0,349.0,1060.0,1124.0,1906.0,3259.0,278.0,3005.0,2180.0,2969.0,5.0,3690.0
3091.0,3769.0,2042.0,3650.0,8.0,3863.0,2785.0,2386.0,190.0,1287.0,59.0,3819.0,2721.0,753.0,2091.0,3093.0,2654.0,2499.0,193.0,3136.0,1766.0,141.0,3000.0,1378.0,2617.0
3530.0,2078.0,606.0,3868.0,248.0,2847.0,3225.0,242.0,1846.0,1861.0,3735.0,736.0,2420.0,3553.0,175.0,584.0,3049.0,1558.0,752.0,984.0,2813.0,2566.0,2234.0,3309.0,413.0
280.0,244.0,1835.0,1282.0,734.0,2358.0,1801.0,1750.0,3146.0,342.0,3234.0,1934.0,2126.0,1919.0,2492.0,3894.0,3048.0,2852.0,1288.0,3412.0,3919.0,3087.0,3192.0,3548.0,980.0
4085.0,3533.0,215.0,2561.0,3568.0,3835.0,1177.0,3985.0,98.0,648.0,3313.0,3025.0,1275.0,824.0,452.0,2665.0,2114.0,3558.0,2829.0,3723.0,1420.0,295.0,1345.0,534.0,1567.0
202.0,146.0,1543.0,1798.0,3467.0,1158.0,1543.0,1124.0,2983.0,2201.0,3823.0,1301.0,3865.0,10.0,3856.0,2225.0,2124.0,447.0,999.0,3583.0,3795.0,3135.0,513.0,3779.0,696.0
1507.0,65.0,403.0,1053.0,537.0,3533.0,3818.0,3474.0,712.0,1724.0,2002.0,424.0,66.0,3367.0,2180.0,1983.0,3651.0,1229.0,3862.0,708.0,3074.0,1751.0,2933.0,2928.0,1102.0
2324.0,2067.0,968.0,725.0,1385.0,2515.0,104.0,3159.0,2738.0,157.0,4094.0,171.0,1333.0,4083.0,1083.0,175.0,3358.0,504.0,1601.0,3960.0,311.0,856.0,1182.0,2797.0,2954.0
1341.0,319.0,3659.0,2705.0,1028.0,351.0,1281.0,2524.0,2916.0,3246.0,326.0,1818.0,3273.0,3527.0,41.0,2155.0,682.0,2716.0,634.0,2859.0,2822.0,4096.0,785.0,805.0,458.0
1828.0,2446.0,3706.0,3217.0,1640.0,1164.0,2015.0,1570.0,323.0,3161.0,841.0,3021.0,2880.0,1223.0,1986.0,3107.0,2187.0,554.0,4040.0,2737.0,1939.0,4003.0,2073.0,1823.0,364.0
3919.0,760.0,111.0,278.0,1410.0,2481.0,2814.0,3831.0,2826.0,2747.0,3090.0,1948.0,1096.0,3472.0,1790.0,424.0,3824.0,1372.0,384.0,3037.0,377.0,2456.0,140.0,181.0,2050.0
1599.0,937.0,1598.0,472.0,283.0,242.0,1985.0,3745.0,3134.0,1047.0,4068.0,3370.0,2553.0,2772.0,465.0,342.0,3815.0,1450.0,4041.0,2744.0,3896.0,1265.0,36.0,867.0,1833.0
144.0,1219.0,2074.0,2137.0,49.0,2771.0,1618.0,1122.0,756.0,473.0,2583.0,3256.0,1082.0,2925.0,3448.0,2098.0,1137.0,2112.0,1626.0,3357.0,4079.0,3559.0,963.0,1907.0,2943.0
2641.0,2405.0,3491.0,452.0,610.0,3934.0,3223.0,2704.0,2929.0,1888.0,355.0,1296.0,1128.0,1459.0,2196.0,2947.0,365.0,3210.0,2452.0,3727.0,801.0,1186.0,422.0,3928.0,612.0
2080.0,3475.0,2602.0,2093.0,4069.0,3612.0,2626.0,2664.0,1216.0,1992.0,2976.0,1683.0,1527.0,3648.0,2037.0,1222.0,3681.0,2017.0,1565.0,488.0,1779.0,1190.0,2166.0,284.0,2556.0
3767.0,1585.0,3187.0,1366.0,1428.0,2657.0,1185.0,956.0,2470.0,1502.0,3824.0,2328.0,3067.0,109.0,489.0,730.0,3655.0,3376.0,3605.0,3223.0,1776.0,3417.0,1586.0,54.0,2152.0
1136.0,3052.0,2223.0,2724.0,1192.0,3752.0,2287.0,2987.0,1254.0,2739.0,2705.0,2537.0,1710.0,2305.0,166.0,2373.0,3704.0,51.0,3460.0,933.0,1624.0,1379.0,4022.0,521.0,3596.0
1052.0,2939.0,3992.0,1235.0,3249.0,46.0,3371.0,3242.0,379.0,315.0,183.0,2843.0,2692.0,1475.0,702.0,3289.0,3007.0,750.0,4091.0,2146.0,430.0,3047.0,3959.0,1267.0,3606.0
3970.0,3176.0,229.0,1029.0,1158.0,4053.0,1926.0,384.0,3015.0,417.0,3916.0,2441.0,969.0,3603.0,1849.0,626.0,3977.0,972.0,3203.0,1551.0,634.0,1240.0,674.0,2350.0,3950.0
2701.0,2395.0,1282.0,3965.0,1015.0,2755.0,3773.0,2817.0,3940.0,2448.0,4091.0,75.0,1645.0,3000.0,3425.0,3342.0,1945.0,3508.0,4097.0,2923.0,2666.0,710.0,3305.0,2292.0,148.0
2498.0,2842.0,3745.0,4066.0,2742.0,119.0,3709.0,355.0,138.0,2371.0,2680.0,2126.0,2135.0,1048.0,2823.0,2575.0,3974.0,3776.0,3100.0,2390.0,2952.0,2086.0,3499.0,3052.0,2299.0
3652.0,753.0,3463.0,892.0,1272.0,1040.0,3075.0,1808.0,2209.0,2655.0,2850.0,3116.0,1115.0,3069.0,2138.0,2126.0,3264.0,1668.0,1610.0,821.0,318.0,3360.0,2521.0,3929.0,255.0
2687.0,2472.0,3415.0,1692.0,72.0,597.0,1496.0,4067.0,3050.0,1125.0,3568.0,1507.0,1113.0,3577.0,3706.0,1509.0,3932.0,2371.0,266.0,1938.0,337.0,681.0,3588.0,3716.0,3195.0
2282.0,2147.0,2758.0,3623.0,3592.0,1087.0,2904.0,2522.0,1276.0,192.0,62.0,3376.0,2323.0,3289.0,231.0,1984.0,2743.0,3560.0,3815.0,3817.0,3961.0,2463.0,958.0,1444.0,1610.0
935.0,1613.0,3320.0,1966.0,2853.0,3287.0,962.0,3435.0,3175.0,3556.0,1929.0,3401.0,2964.0,3100.0,2513.0,531.0,1853.0,2701.0,584.0,3191.0,2078.0,262.0,1902.0,462.0,3228.0
1778.0,3644.0,3629.0,401.0,1920.0,3656.0,3077.0,3708.0,3158.0,3923.0,618.0,1574.0,3423.0,4080.0,473.0,1101.0,3836.0,3909.0,3638.0,1449.0,3073.0,4080.0,3077.0,3896.0,2750.0
1057.0,696.0,3243.0,1459.0,1032.0,972.0,3724.0,3618.0,3689.0,3418.0,3145.0,3506.0,820.0,2827.0,1475.0,1696.0,1723.0,765.0,1523.0,2454.0,243.0,914.0,1613.0,2424.0,3207.0
3035.0,3712.0,1115.0,965.0,1175.0,3313.0,2573.0,2099.0,2899.0,677.0,1627.0,2081.0,434.0,311.0,576.0,1160.0,2499.0,454.0,660.0,936.0,3778.0,2777.0,1462.0,1726.0,2221.0
3886.0,4077.0,3408.0,3677.0,2707.0,1183.0,3935.0,1995.0,3969.0,4047.0,723.0,2133.0,49.0,1257.0,858.0,406.0,3952.0,1033.0,1162.0,3104.0,1043.0,812.0,1040.0,1408.0,4015.0
323.0,3991.0,1139.0,2252.0,2227.0,912.0,998.0,1390.0,847.0,3166.0,3627.0,423.0,111.0,3283.0,1788.0,1171.0,2302.0,1639.0,3459.0,96.0,1143.0,827.0,1444.0,2717.0,1146.0
53.0,1199.0,287.0,3180.0,3282.0,4010.0,477.0,2161.0,1546.0,2719.0,518.0,2236.0,2183.0,1932.0,3953.0,610.0,366.0,3761.0,4018.0,3498.0,1112.0,178.0,377.0,1853.0,786.0
1871.0,206.0,1136.0,713.0,3545.0,1870.0,219.0,1061.0,510.0,3681.0,3528.0,3472.0,723.0,2236.0,3407.0,2384.0,2316.0,1519.0,190.0,2957.0,1611.0,3085.0,1628.0,1222.0,1264.0
1752.0,1615.0,3517.0,3979.0,3778.0,3288.0,3276.0,676.0,2033.0,1710.0,1902.0,3973.0,2679.0,2257.0,3990.0,653.0,1523.0,443.0,2824.0,3056.0,3644.0,1164.0,3553.0,254.0,3322.0
3928.0,2830.0,585.0,3119.0,3645.0,1966.0,2996.0,3207.0,409.0,135.0,808.0,1753.0,1407.0,3505.0,2083.0,927.0,1113.0,27.0,2867.0,2410.0,715.0,1652.0,1494.0,1801.0,3595.0
3354.0,211.0,3577.0,2666.0,3660.0,2948.0,3293.0,2929.0,2602.0,3064.0,4082.0,1756.0,4037.0,2709.0,325.0,3562.0,1551.0,3325.0,4010.0,94.0,2102.0,572.0,2281.0,1658.0,3973.0
1403.0,342.0,34.0,295.0,3644.0,26.0,3728.0,692.0,1768.0,1600.0,3455.0,183.0,259.0,2292.0,2304.0,2527.0,1317.0,2641.0,2787.0,3944.0,2766.0,1820.0,3228.0,1204.0,2009.0
2583.0,436.0,2095.0,2650.0,1011.0,3765.0,1011.0,76.0,267.0,3120.0,2181.0,2102.0,3843.0,993.0,3694.0,1308.0,2674.0,3876.0,1120.0,2825.0,987.0,1216.0,175.0,2230.0,3492.0
3605.0,3516.0,2370.0,3944.0,2474.0,3235.0,3700.0,3826.0,2543.0,2533.0,1967.0,452.0,1498.0,517.0,1178.0,2519.0,2793.0,2673.0,117.0,2357.0,3178.0,1127.0,2607.0,1829.0,985.0
3526.0,2944.0,1765.0,1286.0,227.0,288.0,643.0,615.0,1623.0,3367.0,1957.0,2737.0,2779.0,272.0,577.0,93.0,1831.0,2139.0,153.0,1928.0,3284.0,204.0,1743.0,2485.0,367.0
3268.0,1209.0,3089.0,2250.0,614.0,3051.0,1767.0,3321.0,1703.0,1549.0,1604.0,135.0,1575.0,3361.0,1785.0,1446.0,3501.0,2960.0,1842.0,2716.0,59.0,2666.0,2949.0,1786.0,1507.0
976.0,2201.0,2852.0,1766.0,3722.0,2695.0,1323.0,4017.0,643.0,187.0,2089.0,603.0,183.0,91.0,4017.0,2165.0,3333.0,2795.0,235.0,3330.0,641.0,1853.0,1633.0,651.0,3119.0
1749.0,2151.0,3184.0,1115.0,2849.0,1450.0,2881.0,3101.0,2182.0,3666.0,3922.0,1347.0,3803.0,2304.0,3992.0,178.0,3626.0,3995.0,2084.0,4102.0,3808.0,2251.0,3745.0,2718.0,2992.0
107.0,3327.0,3746.0,3834.0,2665.0,100.0,3684.0,628.0,3947.0,3308.0,971.0,1221.0,1683.0,408.0,6.0,3308.0,1223.0,1261.0,2188.0,2278.0,2661.0,2648.0,1883.0,1041.0,3410.0
1702.0,1375.0,1431.0,3710.0,3879.0,3214.0,2384.0,1032.0,195.0,2446.0,860.0,524.0,3976.0,3565.0,1375.0,3886.0,284.0,1574.0,4077.0,3733.0,3863.0,2491.0,2573.0,288.0,2282.0
3911.0,3112.0,2091.0,2008.0,2525.0,2803.0,2779.0,1256.0,354.0,655.0,924.0,3791.0,3433.0,2579.0,4061.0,2308.0,3053.0,1068.0,1546.0,1494.0,1749.0,973.0,2440.0,3908.0,3024.0
3875.0,744.0,3131.0,4063.0,2057.0,699.0,600.0,636.0,996.0,212.0,1359.0,850.0,15.0,1407.0,3811.0,1082.0,2267.0,2088.0,3244.0,3517.0,3300.0,291.0,1754.0,3576.0,1542.0
3764.0,1839.0,3689.0,578.0,2602.0,1909.0,1321.0,2673.0,2911.0,3471.0,1916.0,4000.0,78.0,3148.0,2126.0,244.0,55.0,1933.0,3939.0,1738.0,1192.0,2158.0,1896.0,2774.0,3110.0
45.0,2629.0,1829.0,2393.0,3531.0,3374.0,614.0,2445.0,3279.0,778.0,1355.0,3620.0,527.0,3992.0,2447.0,1064.0,859.0,3322.0,938.0,2980.0,3779.0,1404.0,3337.0,2294.0,3521.0
1895.0,257.0,1786.0,2385.0,1493.0,2312.0,3580.0,2932.0,1934.0,1454.0,1931.0,1613.0,1103.0,1676.0,960.0,148.0,3335.0,3757.0,3882.0,1818.0,4073.0,240.0,3346.0,3494.0,2082.0
1161.0,1000.0,3806.0,1831.0,1894.0,1499.0,1948.0,2300.0,1920.0,2641.0,1239.0,757.0,0.0,2652.0,876.0,1495.0,3104.0,3725.0,3775.0,2429.0,1515.0,3332.0,2685.0,2855.0,1882.0
3670.0,3329.0,3684.0,2293.0,3782.0,2552.0,1108.0,1475.0,2600.0,3215.0,1166.0,2181.0,1203.0,3764.0,2563.0,3652.0,4034.0,3288.0,1650.0,370.0,3546.0,125.0,2905.0,2782.0,1518.0
3907.0,2980.0,1391.0,2781.0,3001.0,3609.0,3508.0,3176.0,1825.0,754.0,106.0,3868.0,3352.0,944.0,1833.0,1759.0,2021.0,2621.0,2712.0,1432.0,3407.0,3012.0,2930.0,1420.0,3140.0
1684.0,2689.0,1622.0,544.0,777.0,260.0,2842.0,3822.0,962.0,2261.0,1226.0,1251.0,2465.0,2040.0,3609.0,50.0,3060.0,3532.0,3444.0,55.0,3505.0,1399.0,1041.0,253.0,3155.0
1736.0,106.0,3871.0,1901.0,1663.0,757.0,2199.0,608.0,2256.0,1809.0,711.0,1023.0,365.0,1912.0,4064.0,3269.0,403.0,4054.0,3666.0,255.0,885.0,2113.0,898.0,0.0,2810.0
512.0,662.0,1153.0,2218.0,744.0,3028.0,1037.0,1509.0,872.0,3409.0,2093.0,2569.0,1425.0,1346.0,2588.0,1706.0,3610.0,319.0,1405.0,2302.0,1416.0,3472.0,3901.0,188.0,1816.0
3793.0,3135.0,2087.0,795.0,2007.0,1071.0,2827.0,72.0,520.0,3436.0,1584.0,1919.0,3290.0,3309.0,559.0,1189.0,2908.0,1078.0,1042.0,1030.0,3086.0,3082.0,2634.0,1217.0,298.0
1685.0,957.0,4061.0,1968.0,432.0,2875.0,1974.0,485.0,2724.0,2985.0,1758.0,1784.0,700.0,2044.0,3810.0,493.0,717.0,3933.0,2328.0,2490.0,1528.0,3896.0,2587.0,3042.0,147.0
2089.0,3736.0,1510.0,1398.0,3857.0,3558.0,1654.0,3700.0,2291.0,1978.0,611.0,103.0,1706.0,2142.0,1248.0,1673.0,1604.0,80.0,1351.0,693.0,720.0,202.0,87.0,3002.0,86.0
2502.0,609.0,3304.0,662.0,823.0,512.0,1033.0,881.0,182.0,1627.0,566.0,3443.0,180.0,3925.0,2356.0,2019.0,1469.0,589.0,3591.0,3824.0,237.0,2352.0,1037.0,3200.0,583.0
955.0,1065.0,3054.0,1043.0,1766.0,1174.0,1940.0,2642.0,3611.0,3269.0,2300.0,529.0,2689.0,1725.0,1848.0,3422.0,2035.0,3039.0,1573.0,3366.0,2586.0,775.0,1531.0,2781.0,2694.0
1503.0,1258.0,1797.0,2208.0,689.0,2783.0,3822.0,2223.0,3074.0,2225.0,2577.0,507.0,1957.0,1233.0,1910.0,3783.0,3733.0,1779.0,2890.0,545.0,1388.0,1187.0,3430.0,3204.0,2289.0
3608.0,2657.0,1086.0,640.0,2956.0,2500.0,1674.0,1197.0,466.0,1570.0,1097.0,1227.0,1920.0,2529.0,0.0,2695.0,1817.0,1711.0,2080.0,1583.0,3455.0,68.0,4017.0,2598.0,2118.0
2230.0,3486.0,3246.0,605.0,2052.0,2802.0,3029.0,1938.0,436.0,2593.0,1665.0,2881.0,1284.0,2775.0,1195.0,660.0,416.0,109.0,3962.0,3274.0,2359.0,3950.0,7.0,3702.0,774.0
3655.0,3852.0,2533.0,3563.0,2383.0,3266.0,2750.0,3913.0,2774.0,3146.0,4095.0,446.0,1072.0,500.0,1931.0,832.0,2993.0,1847.0,3734.0,2540.0,775.0,1948.0,2346.0,2442.0,318.0
3840.0,1403.0,1864.0,158.0,2372.0,1346.0,132.0,3239.0,524.0,2278.0,915.0,2254.0,1097.0,3805.0,3002.0,3500.0,89.0,3759.0,400.0,911.0,2279.0,799.0,1221.0,2972.0,1187.0
2458.0,327.0,1594.0,2491.0,2851.0,1178.0,2705.0,1632.0,1640.0,761.0,1084.0,357.0,3451.0,3005.0,4044.0,753.0,1330.0,477.0,394.0,753.0,3576.0,1648.0,326.0,3995.0,2560.0
1739.0,1432.0,221.0,2522.0,2527.0,1263.0,4033.0,2470.0,2130.0,976.0,3900.0,3694.0,497.0,1089.0,315.0,900.0,3314.0,2423.0,881.0,2652.0,582.0,1749.0,2524.0,3877.0,3640.0
717.0,1999.0,4054.0,1449.0,3596.0,3735.0,343.0,3588.0,1302.0,3105.0,3312.0,1711.0,512.0,630.0,3642.0,3507.0,3432.0,530.0,223.0,3152.0,2357.0,3814.0,3246.0,1352.0,2162.0
1570.0,4044.0,2645.0,1857.0,566.0,1576.0,3366.0,667.0,2144.0,3451.0,3912.0,957.0,1850.0,2450.0,2193.0,1136.0,1973.0,3187.0,3956.0,3795.0,3376.0,2408.0,3672.0,1459.0,1366.0
3940.0,3896.0,3231.0,2308.0,3735.0,1104.0,1486.0,4029.0,931.0,249.0,730.0,4075.0,3406.0,3534.0,2007.0,833.0,111.0,3375.0,1188.0,2539.0,3620.0,3901.0,2170.0,894.0,1762.0
3586.0,476.0,1804.0,1517.0,664.0,3747.0,673.0,2942.0,3174.0,3319.0,3879.0,2976.0,1257.0,117.0,1273.0,1954.0,809.0,3373.0,2305.0,3101.0,3528.0,352.0,4018.0,3629.0,3900.0
1622.0,3361.0,2349.0,2708.0,3821.0,3016.0,434.0,2432.0,207.0,812.0,2917.0,3020.0,1589.0,1851.0,2872.0,293.0,487.0,1118.0,1478.0,3892.0,1166.0,3184.0,2879.0,1098.0,3354.0
3462.0,2119.0,1549.0,1290.0,2933.0,1902.0,3997.0,1806.0,3331.0,732.0,1638.0,3203.0,493.0,1160.0,31.0,2102.0,3901.0,1595.0,2770.0,3508.0,2476.0,1904.0,2445.0,1484.0,1393.0
2495.0,147.0,3647.0,1703.0,1966.0,2549.0,3533.0,3016.0,297.0,1081.0,1316.0,1020.0,3128.0,872.0,1560.0,3763.0,3281.0,429.0,980.0,98.0,2069.0,1961.0,2116.0,2216.0,1157.0
3398.0,1149.0,1470.0,3107.0,766.0,3281.0,474.0,3741.0,1277.0,3528.0,2392.0,2561.0,2655.0,480.0,3926.0,127.0,2083.0,632.0,3129.0,1491.0,3299.0,2167.0,1824.0,3588.0,1411.0
3640.0,80.0,4052.0,1745.0,1798.0,2293.0,2911.0,3400.0,3449.0,402.0,1889.0,1992.0,2139.0,3261.0,2093.0,1106.0,1738.0,2832.0,133.0,3556.0,1474.0,2778.0,2570.0,2336.0,856.0
576.0,40.0,591.0,2376.0,3871.0,3675.0,1409.0,2984.0,16.0,294.0,295.0,2585.0,1525.0,962.0,108.0,1056.0,757.0,488.0,1761.0,2671.0,3764.0,3963.0,2104.0,524.0,1162.0
4025.0,437.0,781.0,3553.0,2311.0,1676.0,3498.0,78.0,2616.0,2973.0,3949.0,1989.0,751.0,8.0,1434.0,4075.0,3880.0,1694.0,2706.0,4054.0,346.0,2522.0,2697.0,2508.0,3672.0
3839.0,839.0,338.0,2589.0,2552.0,263.0,826.0,3047.0,713.0,139.0,2307.0,668.0,1365.0,214.0,1068.0,1815.0,2238.0,2536.0,1245.0,3177.0,3161.0,1566.0,2434.0,171.0,1785.0
2627.0,418.0,2134.0,3120.0,3780.0,845.0,3302.0,3147.0,1295.0,1288.0,3215.0,544.0,3948.0,1740.0,2344.0,3666.0,2741.0,2252.0,1869.0,2049.0,1892.0,594.0,3301.0,2148.0,2951.0
707.0,2364.0,326.0,1658.0,1844.0,428.0,1591.0,56.0,1958.0,1691.0,2701.0,1465.0,2264.0,3177.0,3226.0,1778.0,3907.0,207.0,130.0,3364.0,2135.0,649.0,3391.0,3898.0,2708.0
3118.0,449.0,3455.0,2637.0,2360.0,582.0,1825.0,111.0,580.0,3522.0,4083.0,1141.0,3838.0,1952.0,495.0,2195.0,3548.0,1291.0,2678.0,1288.0,2791.0,4006.0,1287.0,1203.0,4042.0
2377.0,218.0,2292.0,3024.0,3684.0,128.0,2989.0,678.0,2279.0,2755.0,1053.0,604.0,1397.0,2094.0,2280.0,744.0,1579.0,2579.0,2253.0,3230.0,3132.0,1696.0,1707.0,1649.0,2559.0
2292.0,2651.0,1389.0,827.0,2830.0,2779.0,908.0,852.0,3296.0,501.0,2772.0,1224.0,4064.0,3443.0,2313.0,1811.0,1452.0,2306.0,2667.0,3342.0,2209.0,194.0,1353.0,352.0,3101.0
2552.0,2955.0,2596.0,1617.0,3143.0,841.0,3473.0,251.0,3559.0,3466.0,667.0,889.0,2446.0,873.0,2720.0,1161.0,2904.0,3954.0,3010.0,1350.0,3354.0,166.0,1723.0,2885.0,1792.0
1983.0,2345.0,2138.0,2288.0,3475.0,2776.0,2144.0,3484.0,2178.0,529.0,588.0,3297.0,720.0,3487.0,3207.0,2140.0,310.0,1203.0,339.0,1339.0,1297.0,3867.0,844.0,2989.0,2250.0
969.0,518.0,3154.0,4036.0,3981.0,1857.0,1313.0,3738.0,2495.0,3893.0,2325.0,2723.0,65.0,2907.0,109.0,3738.0,387.0,3834.0,1511.0,381.0,3658.0,2308.0,3686.0,3357.0,1799.0
2852.0,3742.0,1439.0,2339.0,3491.0,2495.0,391.0,115.0,1987.0,1965.0,1328.0,361.0,887.0,2586.0,797.0,433.0,2308.0,2894.0,3573.0,3589.0,2315.0,1960.0,4004.0,1076.0,563.0
791.0,1517.0,1554.0,1981.0,678.0,2234.0,2623.0,3290.0,374.0,4.0,2808.0,1213.0,3893.0,1478.0,2423.0,226.0,3276.0,2455.0,1557.0,1215.0,1084.0,1274.0,617.0,2621.0,663.0
4020.0,2568.0,28.0,1299.0,3429.0,2368.0,3904.0,2603.0,1308.0,719.0,50.0,2856.0,356.0,2741.0,2636.0,1987.0,40.0,1348.0,2682.0,1867.0,2128.0,3364.0,933.0,933.0,2425.0
77.0,2499.0,654.0,314.0,2323.0,1536.0,3583.0,3243.0,3484.0,1318.0,1797.0,1059.0,3395.0,1771.0,4094.0,1906.0,2120.0,3254.0,1693.0,3052.0,3754.0,994.0,858.0,1813.0,259.0
2766.0,259.0,2013.0,1474.0,1007.0,218.0,3013.0,932.0,784.0,3747.0,1185.0,3464.0,3937.0,2118.0,1459.0,3146.0,306.0,3572.0,546.0,1604.0,3370.0,1007.0,682.0,2597.0,1031.0
2560.0,934.0,1009.0,1233.0,3128.0,2456.0,368.0,393.0,356.0,1554.0,2289.0,1286.0,1972.0,2710.0,3319.0,1792.0,2428.0,3629.0,2392.0,2470.0,1951.0,757.0,2847.0,3934.0,98.0
1181.0,225.0,3355.0,2962.0,3731.0,2940.0,1964.0,1902.0,802.0,3549.0,330.0,1800.0,669.0,3335.0,268.0,1826.0,1274.0,2813.0,1428.0,3514.0,996.0,631.0,2980.0,2994.0,646.0
1787.0,519.0,825.0,3556.0,2267.0,3943.0,2847.0,2741.0,3167.0,1671.0,2095.0,427.0,1424.0,550.0,1763.0,421.0,838.0,3729.0,32.0,2210.0,1502.0,2396.0,274.0,1319.0,2642.0
3220.0,3294.0,1643.0,70.0,1139.0,1977.0,2133.0,1354.0,1428.0,1875.0,2712.0,611.0,338.0,3098.0,1430.0,3127.0,85.0,1990.0,850.0,4031.0,2511.0,569.0,3967.0,2028.0,256.0
886.0,234.0,262.0,3364.0,56.0,2831.0,2079.0,2323.0,620.0,3887.0,2184.0,2825.0,1600.0,3723.0,75.0,3039.0,3263.0,1946.0,2093.0,1492.0,1921.0,418.0,1698.0,1529.0,3094.0
1293.0,625.0,2255.0,2247.0,1696.0,505.0,2562.0,4041.0,2159.0,2211.0,3728.0,759.0,3468.0,1201.0,2647.0,4033.0,1062.0,1371.0,3750.0,3461.0,945.0,2203.0,1424.0,2738.0,3534.0
4018.0,3241.0,2785.0,2223.0,1930.0,1660.0,2173.0,3318.0,641.0,2585.0,2785.0,777.0,2388.0,4010.0,2101.0,2741.0,2343.0,375.0,2227.0,7.0,2158.0,732.0,3721.0,3184.0,478.0
3312.0,787.0,1565.0,1530.0,1805.0,2823.0,1073.0,890.0,3166.0,2469.0,2812.0,4071.0,1437.0,342.0,1920.0,3760.0,829.0,1058.0,433.0,2100.0,798.0,1582.0,1433.0,3933.0,1768.0
7.0,30.0,3323.0,1581.0,350.0,2498.0,924.0,681.0,9.0,876.0,2305.0,219.0,350.0,3349.0,3015.0,1214.0,2947.0,3499.0,1733.0,1836.0,3345.0,2700.0,1190.0,604.0,2625.0
857.0,2274.0,202.0,1375.0,4093.0,2524.0,1583.0,2500.0,3122.0,596.0,1130.0,3308.0,768.0,398.0,3593.0,3377.0,1541.0,930.0,2117.0,4098.0,3614.0,556.0,271.0,2241.0,2882.0
2041.0,2074.0,1769.0,1947.0,557.0,1746.0,996.0,565.0,2598.0,3415.0,1065.0,2100.0,2049.0,1198.0,1183.0,1544.0,3620.0,1777.0,554.0,3669.0,772.0,439.0,2448.0,581.0,1383.0
1174.0,3536.0,412.0,986.0,1376.0,3578.0,47.0,414.0,1000.0,1167.0,547.0,4059.0,3601.0,3162.0,342.0,1856.0,307.0,987.0,1089.0,2377.0,1254.0,1378.0,1654.0,110.0,3292.0
3304.0,2508.0,3999.0,2758.0,3675.0,3781.0,1083.0,2943.0,3847.0,1484.0,2178.0,2986.0,333.0,1138.0,538.0,15.0,3297.0,159.0,2225.0,2016.0,3217.0,577.0,3277.0,2569.0,4031.0
92.0,1036.0,2926.0,3492.0,1865.0,2053.0,32.0,4069.0,3020.0,2121.0,2654.0,294.0,1473.0,148.0,3531.0,428.0,3447.0,1279.0,1419.0,666.0,3256.0,1914.0,3184.0,1818.0,114.0
3207.0,3277.0,1206.0,2152.0,1554.0,766.0,329.0,3514.0,1086.0,2848.0,4035.0,4083.0,2176.0,1828.0,2324.0,2327.0,2481.0,2205.0,379.0,3045.0,99.0,3145.0,1150.0,1702.0,977.0
2976.0,2079.0,3436.0,91.0,2245.0,2.0,2932.0,1886.0,131.0,2444.0,2975.0,758.0,1746.0,78.0,795.0,3162.0,3116.0,2377.0,2438.0,1929.0,793.0,106.0,2034.0,3851.0,1370.0
3941.0,1266.0,525.0,3674.0,1153.0,1009.0,827.0,2214.0,957.0,3651.0,583.0,2615.0,427.0,1883.0,1837.0,3203.0,1307.0,2195.0,2731.0,1816.0,1958.0,349.0,213.0,1295.0,3318.0
790.0,2868.0,1041.0,1396.0,2625.0,3401.0,2711.0,55.0,2723.0,3595.0,3078.0,1470.0,889.0,3449.0,2360.0,1709.0,513.0,587.0,1215.0,3980.0,3709.0,2603.0,2423.0,2655.0,71.0
1589.0,766.0,2969.0,3609.0,2139.0,3446.0,490.0,1220.0,2035.0,2380.0,974.0,1361.0,2296.0,3398.0,2330.0,2133.0,865.0,3412.0,2187.0,3503.0,811.0,354.0,2945.0,672.0,327.0
598.0,1817.0,596.0,908.0,3629.0,965.0,3811.0,2672.0,2042.0,4039.0,169.0,1445.0,2570.0,1174.0,3961.0,694.0,1308.0,3030.0,3797.0,507.0,217.0,2572.0,3179.0,2360.0,2566.0
2195.0,1656.0,264.0,2621.0,1503.0,764.0,484.0,289.0,1784.0,511.0,1437.0,1926.0,827.0,4019.0,4008.0,2603.0,1611.0,2793.0,537.0,1314.0,4027.0,2591.0,2235.0,2794.0,405.0
3324.0,684.0,2827.0,1726.0,192.0,3749.0,501.0,2160.0,2374.0,2702.0,220.0,1901.0,1769.0,582.0,1512.0,521.0,3185.0,232.0,1051.0,2178.0,2520.0,2118.0,680.0,3443.0,1974.0
788.0,193.0,3079.0,3359.0,2154.0,1641.0,658.0,1258.0,3866.0,779.0,3167.0,1631.0,236.0,23.0,1683.0,3525.0,3532.0,898.0,3041.0,3558.0,4045.0,2774.0,3661.0,3694.0,1010.0
2008.0,2050.0,168.0,1763.0,900.0,2625.0,3937.0,1600.0,3813.0,1439.0,3751.0,3242.0,975.0,721.0,2966.0,2298.0,2490.0,2227.0,3021.0,3337.0,1868.0,2022.0,1800.0,3900.0,2732.0
1417.0,817.0,3932.0,3653.0,1186.0,3386.0,3794.0,430.0,84.0,4002.0,2213.0,1382.0,1395.0,3964.0,2571.0,964.0,1005.0,956.0,2112.0,2435.0,2278.0,3988.0,1061.0,98.0,3969.0
2365.0,3695.0,4034.0,136.0,3343.0,3404.0,2432.0,1081.0,3072.0,409.0,1421.0,200.0,2376.0,984.0,2466.0,3292.0,3557.0,4080.0,2173.0,1541.0,2811.0,2511.0,969.0,2320.0,1342.0
3441.0,2822.0,1379.0,2485.0,103.0,3372.0,2134.0,3975.0,3780.0,3203.0,3928.0,3197.0,163.0,3198.0,1047.0,1863.0,3677.0,3685.0,932.0,3178.0,2626.0,693.0,484.0,4067.0,773.0
2338.0,1530.0,1753.0,3651.0,1711.0,3709.0,79.0,1043.0,2659.0,1996.0,1341.0,2049.0,3557.0,3050.0,3943.0,2069.0,3289.0,2264.0,2662.0,340.0,1756.0,774.0,4014.0,810.0,1481.0
3746.0,3373.0,2265.0,722.0,1070.0,2676.0,3410.0,2476.0,3829.0,3690.0,2669.0,1248.0,3440.0,3371.0,1699.0,3467.0,1956.0,3943.0,2209.0,1926.0,7.0,3478.0,843.0,2190.0,3461.0
2959.0,2330.0,3393.0,2941.0,3071.0,461.0,804.0,754.0,3278.0,1236.0,2629.0,2247.0,3614.0,1747.0,2565.0,229.0,1566.0,436.0,1183.0,2818.0,1569.0,2089.0,2939.0,3478.0,2107.0
1420.0,1138.0,934.0,3558.0,3206.0,2451.0,3167.0,3429.0,1636.0,1355.0,2076.0,513.0,2445.0,3746.0,1990.0,1543.0,3664.0,3371.0,3625.0,3756.0,3369.0,1546.0,2254.0,2091.0,3025.0
626.0,867.0,1636.0,587.0,832.0,591.0,2762.0,2412.0,3229.0,1930.0,2676.0,2975.0,1531.0,431.0,1615.0,3749.0,385.0,3361.0,1451.0,3858.0,728.0,2088.0,1675.0,639.0,1693.0
2510.0,2692.0,125.0,3172.0,2583.0,1728.0,1199.0,3693.0,3648.0,3736.0,3493.0,1054.0,666.0,835.0,3692.0,928.0,1994.0,2315.0,4053.0,1272.0,959.0,3576.0,1158.0,474.0,3143.0
1989.0,2310.0,2529.0,2920.0,2608.0,1282.0,3009.0,62.0,17.0,2099.0,2480.0,675.0,25.0,2080.0,209.0,1052.0,578.0,2721.0,2189.0,3196.0,3008.0,53.0,1491.0,3788.0,629.0
653.0,652.0,1570.0,3153.0,1609.0,69.0,2088.0,3540.0,1197.0,1840.0,1224.0,2483.0,3185.0,3540.0,3458.0,3561.0,3433.0,118.0,3982.0,2218.0,2927.0,451.0,1575.0,212.0,3650.0
533.0,3528.0,1763.0,1133.0,3403.0,835.0,1001.0,3832.0,396.0,2511.0,3800.0,2156.0,1392.0,2267.0,2358.0,3262.0,1807.0,3621.0,3045.0,2416.0,3078.0,730.0,803.0,3948.0,3128.0
3959.0,3974.0,965.0,2600.0,3127.0,2404.0,2297.0,1181.0,2677.0,1095.0,2168.0,2649.0,2240.0,2824.0,1510.0,1245.0,712.0,2225.0,865.0,472.0,794.0,3451.0,1051.0,101.0,1909.0
278.0,2884.0,1951.0,2785.0,528.0,3831.0,3534.0,1887.0,3873.0,865.0,3170.0,388.0,4090.0,293.0,519.0,1297.0,3449.0,3158.0,3206.0,521.0,438.0,3323.0,3371.0,2142.0,3405.0
2657.0,3441.0,2798.0,4080.0,2878.0,1319.0,3160.0,3939.0,1437.0,2841.0,919.0,2313.0,2976.0,4046.0,1612.0,1202.0,399.0,3980.0,3896.0,3856.0,3479.0,3580.0,1461.0,4084.0,1332.0
160.0,1452.0,3883.0,152.0,1283.0,2736.0,3972.0,3813.0,1823.0,3107.0,866.0,1139.0,2972.0,2942.0,1872.0,2352.0,3854.0,2107.0,2412.0,2875.0,1041.0,739.0,1583.0,3236.0,2366.0
2239.0,1023.0,3085.0,1884.0,3453.0,2441.0,3842.0,205.0,1486.0,1909.0,2062.0,664.0,3228.0,166.0,3100.0,3124.0,377.0,3223.0,1201.0,2220.0,3609.0,658.0,3545.0,2853.0,1427.0
2302.0,1345.0,48.0,2877.0,2929.0,1265.0,1956.0,3171.0,1769.0,2075.0,3363.0,1406.0,1263.0,2349.0,2108.0,3388.0,1165.0,1134.0,1189.0,3352.0,1429.0,221.0,1289.0,887.0,1341.0
2625.0,1369.0,3778.0,1181.0,1018.0,1369.0,971.0,400.0,3.0,1972.0,415.0,2489.0,3180.0,3480.0,2981.0,71.0,1909.0,3097.0,2813.0,1291.0,3785.0,3651.0,1997.0,734.0,2834.0
3965.0,2585.0,858.0,3925.0,2959.0,2786.0,2242.0,1149.0,2603.0,2016.0,405.0,36.0,1954.0,2341.0,2254.0,2684.0,2775.0,3327.0,1590.0,607.0,3036.0,1525.0,767.0,7.0,1940.0
1994.0,1119.0,235.0,2768.0,3172.0,767.0,2471.0,3634.0,2429.0,3216.0,464.0,3965.0,3632.0,104.0,535.0,1747.0,3660.0,1101.0,2752.0,2141.0,50.0,2404.0,2647.0,1514.0,2270.0
870.0,289.0,3565.0,2429.0,2757.0,2530.0,3614.0,3334.0,2032.0,1896.0,1803.0,1237.0,1705.0,1438.0,1402.0,3944.0,2997.0,1640.0,3842.0,3673.0,335.0,3281.0,1117.0,733.0,1756.0
1152.0,3549.0,3869.0,3370.0,2630.0,2436.0,915.0,2785.0,871.0,2383.0,3990.0,866.0,4054.0,1735.0,2323.0,1876.0,782.0,3721.0,2420.0,2852.0,3231.0,4015.0,577.0,930.0,1520.0
3401.0,454.0,2429.0,4089.0,1441.0,2208.0,2206.0,1041.0,1937.0,2307.0,440.0,2177.0,3471.0,3247.0,941.0,2551.0,1721.0,1932.0,3511.0,3029.0,1318.0,289.0,4086.0,2796.0,3953.0
3724.0,2937.0,925.0,1349.0,1600.0,13.0,3431.0,2415.0,3322.0,1792.0,394.0,824.0,1296.0,2127.0,3808.0,36.0,2788.0,3602.0,309.0,985.0,3089.0,2205.0,409.0,3227.0,3786.0
364.0,3928.0,283.0,83.0,2756.0,3502.0,1628.0,2853.0,1359.0,3936.0,24.0,2534.0,2798.0,1149.0,1072.0,2038.0,3239.0,2354.0,1816.0,3943.0,2422.0,3539.0,886.0,2093.0,680.0
3456.0,355.0,1098.0,1423.0,3045.0,2102.0,797.0,1860.0,1205.0,3187.0,4018.0,645.0,380.0,1600.0,1108.0,3165.0,1346.0,91.0,505.0,578.0,2007.0,4076.0,2093.0,2414.0,1218.0
1887.0,2197.0,1615.0,807.0,1950.0,2594.0,4087.0,3406.0,1371.0,1726.0,2462.0,1165.0,559.0,660.0,993.0,2417.0,2012.0,3425.0,3819.0,2588.0,156.0,2370.0,3922.0,2699.0,1889.0
2819.0,1146.0,2579.0,2946.0,1787.0,1823.0,2360.0,1958.0,3918.0,576.0,1529.0,3567.0,2201.0,3250.0,4014.0,2209.0,2002.0,2646.0,256.0,1137.0,1654.0,3751.0,27.0,2791.0,3831.0
748.0,1003.0,1262.0,3948.0,756.0,2626.0,142.0,3117.0,3567.0,1815.0,407.0,2233.0,3114.0,1701.0,3045.0,1128.0,1620.0,706.0,2977.0,36.0,3371.0,1591.0,3539.0,1354.0,872.0
2907.0,1264.0,1248.0,1954.0,3744.0,2503.0,3275.0,2278.0,1023.0,3030.0,4098.0,1262.0,3789.0,3555.0,3980.0,2809.0,3066.0,2495.0,2525.0,225.0,3724.0,2048.0,3447.0,3103.0,3370.0
3794.0,1155.0,4033.0,910.0,2467.0,774.0,923.0,865.0,1020.0,170.0,3938.0,1819.0,1934.0,2194.0,1071.0,1917.0,2191.0,3567.0,1654.0,1634.0,1634.0,235.0,1791.0,1673.0,1230.0
1679.0,3506.0,3558.0,1836.0,709.0,1837.0,1136.0,787.0,2686.0,3479.0,3172.0,3518.0,2439.0,2067.0,564.0,1355.0,1535.0,1374.0,928.0,102.0,2659.0,3572.0,298.0,4030.0,3187.0
3532.0,1270.0,1204.0,3610.0,1971.0,2461.0,2561.0,3743.0,3944.0,1642.0,2352.0,1794.0,3186.0,1647.0,3910.0,575.0,1231.0,3983.0,2016.0,2033.0,2742.0,1785.0,770.0,116.0,3364.0
2449.0,554.0,392.0,2324.0,3353.0,2829.0,3033.0,3075.0,1435.0,2084.0,1577.0,1694.0,1546.0,2752.0,2511.0,981.0,876.0,2935.0,1535.0,2237.0,2225.0,2515.0,2645.0,3747.0,2323.0
1082.0,376.0,992.0,1680.0,982.0,1474.0,3707.0,2201.0,494.0,726.0,267.0,2262.0,2718.0,2553.0,128.0,3083.0,3564.0,132.0,2184.0,3745.0,218.0,1279.0,507.0,2060.0,1127.0
3058.0,1627.0,1180.0,120.0,2485.0,4100.0,641.0,441.0,3523.0,3913.0,2387.0,3507.0,3548.0,3153.0,3520.0,478.0,2043.0,3813.0,2756.0,18.0,3937.0,1670.0,2463.0,422.0,401.0
433.0,1007.0,2669.0,1247.0,3019.0,3362.0,747.0,3061.0,1487.0,970.0,940.0,1936.0,1463.0,2921.0,1009.0,1549.0,3299.0,434.0,2163.0,3680.0,3760.0,1653.0,1032.0,24.0,3811.0
698.0,920.0,937.0,2486.0,980.0,3349.0,2749.0,2875.0,3628.0,31.0,3499.0,3892.0,4016.0,1425.0,3067.0,10.0,3726.0,2823.0,4086.0,858.0,1834.0,3291.0,1114.0,3821.0,1661.0
1605.0,430.0,3910.0,3236.0,3382.0,2039.0,3127.0,3954.0,208.0,2137.0,358.0,2580.0,3473.0,675.0,3217.0,3951.0,861.0,578.0,60.0,3857.0,3349.0,1750.0,3379.0,3453.0,235.0
677.0,1068.0,2873.0,636.0,841.0,3575.0,1981.0,1430.0,2473.0,1532.0,1456.0,2494.0,2533.0,1967.0,1708.0,2911.0,3278.0,1743.0,8.0,1323.0,221.0,419.0,3207.0,1655.0,714.0
3754.0,896.0,2238.0,3585.0,518.0,319.0,2928.0,1597.0,117.0,1320.0,2782.0,1144.0,2289.0,2574.0,1672.0,494.0,2429.0,769.0,3945.0,344.0,2060.0,2461.0,2226.0,1191.0,315.0
2580.0,1528.0,1386.0,3478.0,3078.0,708.0,1899.0,197.0,1777.0,541.0,289.0,918.0,3434.0,2381.0,47.0,1551.0,451.0,924.0,1752.0,3488.0,1668.0,1114.0,3060.0,1310.0,1731.0
1268.0,1665.0,1236.0,1619.0,462.0,2532.0,503.0,217.0,824.0,3191.0,3438.0,1448.0,997.0,2190.0,2455.0,2399.0,143.0,2736.0,413.0,2681.0,478.0,2212.0,2497.0,4050.0,313.0
2218.0,1215.0,2708.0,3598.0,2317.0,736.0,1695.0,1765.0,1284.0,3448.0,579.0,3229.0,3081.0,1102.0,380.0,1986.0,2287.0,2792.0,2134.0,3321.0,590.0,1349.0,2891.0,4039.0,734.0
1155.0,94.0,2361.0,3751.0,2165.0,1557.0,1058.0,968.0,2561.0,3077.0,995.0,647.0,2916.0,2536.0,1098.0,1896.0,720.0,2919.0,2534.0,3485.0,2851.0,1940.0,3214.0,568.0,1357.0
68.0,522.0,2729.0,2905.0,1473.0,2480.0,1960.0,4073.0,4099.0,4023.0,2574.0,2571.0,4035.0,2085.0,1124.0,3687.0,1582.0,662.0,2879.0,250.0,3158.0,623.0,3977.0,1483.0,3698.0
706.0,3140.0,1719.0,1870.0,234.0,2347.0,512.0,2481.0,2310.0,2600.0,608.0,3292.0,68.0,2491.0,431.0,3115.0,1270.0,1566.0,1121.0,1930.0,3869.0,301.0,717.0,3095.0,2333.0
1967.0,2677.0,948.0,3243.0,1795.0,2095.0,1292.0,3783.0,2799.0,2900.0,3754.0,1699.0,3103.0,832.0,3818.0,1610.0,891.0,1735.0,1671.0,3208.0,433.0,805.0,43.0,300.0,1499.0
3593.0,1335.0,2193.0,2390.0,1494.0,1374.0,471.0,3952.0,3468.0,1210.0,1804.0,3187.0,862.0,3325.0,502.0,1523.0,3424.0,2108.0,2677.0,2692.0,1419.0,1427.0,2839.0,1236.0,3799.0
3814.0,591.0,1229.0,4005.0,535.0,3526.0,3228.0,1114.0,2753.0,2327.0,1572.0,796.0,1444.0,510.0,4072.0,4084.0,2952.0,2516.0,392.0,704.0,3894.0,2966.0,1882.0,1062.0,950.0
1980.0,953.0,1345.0,3363.0,2640.0,2014.0,2196.0,1594.0,2716.0,1739.0,2394.0,59.0,2013.0,3776.0,2004.0,3348.0,904.0,3843.0,2808.0,110.0,2990.0,1266.0,1212.0,1889.0,2438.0
100.0,3821.0,2904.0,3647.0,1814.0,3532.0,1223.0,263.0,3265.0,2816.0,1528.0,3128.0,858.0,403.0,3526.0,3316.0,1784.0,2389.0,3478.0,1480.0,2166.0,149.0,2801.0,1324.0,3068.0
138.0,510.0,3247.0,2475.0,122.0,3773.0,753.0,1322.0,2869.0,493.0,2192.0,3699.0,2262.0,24.0,1377.0,597.0,1131.0,4064.0,887.0,1720.0,3366.0,897.0,2109.0,445.0,886.0
1214.0,2782.0,1285.0,1602.0,2869.0,2444.0,741.0,1963.0,472.0,2924.0,1388.0,498.0,1357.0,2492.0,2035.0,1062.0,2718.0,1475.0,3190.0,3897.0,240.0,2420.0,1256.0,2751.0,2458.0
1226.0,2819.0,3349.0,437.0,2655.0,3451.0,2712.0,2229.0,3194.0,3116.0,1768.0,53.0,501.0,29.0,414.0,2075.0,3438.0,1797.0,1920.0,178.0,1599.0,1341.0,3781.0,1915.0,2163.0
1825.0,1657.0,3519.0,2353.0,2167.0,1469.0,685.0,2176.0,2902.0,1418.0,2169.0,1520.0,2828.0,1259.0,2885.0,3941.0,1149.0,3794.0,221.0,1282.0,3033.0,1445.0,4034.0,483.0,3916.0
432.0,2388.0,1226.0,2278.0,336.0,873.0,2726.0,2327.0,3933.0,2064.0,876.0,662.0,498.0,509.0,1206.0,2328.0,2119.0,1242.0,2877.0,2576.0,881.0,2285.0,1799.0,361.0,245.0
3755.0,2071.0,3015.0,3136.0,3008.0,2164.0,1013.0,3947.0,1962.0,2916.0,3123.0,1233.0,74.0,922.0,3012.0,714.0,1860.0,2656.0,3318.0,1289.0,3167.0,3554.0,1181.0,1366.0,2881.0
2438.0,3174.0,2592.0,870.0,3236.0,1215.0,214.0,3282.0,828.0,2375.0,3391.0,3275.0,839.0,367.0,2790.0,2501.0,227.0,341.0,3665.0,268.0,2019.0,2748.0,3879.0,1656.0,1124.0
1053.0,249.0,1047.0,140.0,2203.0,1103.0,2759.0,1789.0,560.0,1064.0,480.0,3970.0,836.0,1086.0,1697.0,824.0,1339.0,3997.0,1902.0,3455.0,1812.0,2630.0,3289.0,1591.0,415.0
3329.0,3951.0,1368.0,3116.0,2754.0,3410.0,2092.0,150.0,2525.0,3236.0,3816.0,2424.0,832.0,2724.0,3410.0,3368.0,4040.0,1264.0,3290.0,1226.0,3504.0,1262.0,1270.0,1421.0,2506.0
1032.0,3038.0,741.0,3669.0,3574.0,3332.0,3596.0,473.0,1108.0,2629.0,3985.0,584.0,737.0,2848.0,1702.0,3972.0,3369.0,1207.0,3439.0,3327.0,1635.0,279.0,919.0,3072.0,2843.0
198.0,3136.0,1635.0,1990.0,1746.0,309.0,2671.0,2841.0,10.0,1292.0,1962.0,886.0,3420.0,3473.0,3695.0,3841.0,669.0,1671.0,3630.0,841.0,2474.0,3057.0,1785.0,3377.0,1479.0
1722.0,3404.0,2656.0,1997.0,1904.0,2103.0,622.0,1745.0,2605.0,1066.0,1066.0,3679.0,3154.0,1196.0,1743.0,843.0,3189.0,188.0,2653.0,469.0,3112.0,3898.0,209.0,497.0,1268.0
2977.0,3427.0,831.0,2719.0,3268.0,739.0,2968.0,3402.0,154.0,43.0,2303.0,3862.0,3167.0,320.0,355.0,670.0,696.0,1324.0,1925.0,1183.0,2928.0,3515.0,1192.0,1458.0,1664.0
3434.0,2631.0,3005.0,2797.0,739.0,1334.0,1379.0,3005.0,3938.0,1977.0,3119.0,2789.0,677.0,3702.0,1358.0,1301.0,2345.0,3985.0,3521.0,3265.0,2076.0,1871.0,41.0,1257.0,2974.0
346.0,1158.0,2542.0,3106.0,1880.0,1685.0,2885.0,334.0,1007.0,1687.0,3529.0,3158.0,3361.0,1839.0,4077.0,2021.0,1189.0,1295.0,1856.0,2558.0,3395.0,2755.0,2295.0,400.0,3589.0
1517.0,4068.0,148.0,3022.0,2346.0,186.0,1893.0,3546.0,3453.0,2864.0,28.0,1195.0,1488.0,1147.0,515.0,1835.0,1365.0,1323.0,540.0,1468.0,2001.0,3802.0,361.0,1472.0,3769.0
2727.0,1884.0,241.0,2282.0,329.0,45.0,400.0,2316.0,2882.0,2695.0,3246.0,605.0,1458.0,3724.0,2688.0,4037.0,3639.0,1653.0,849.0,3156.0,3264.0,2705.0,1101.0,421.0,2041.0
422.0,2029.0,2353.0,3380.0,3040.0,1167.0,1827.0,1601.0,4098.0,2671.0,895.0,3546.0,3816.0,3317.0,3169.0,18.0,2976.0,1177.0,1330.0,1086.0,3612.0,1440.0,956.0,2240.0,246.0
2718.0,15.0,3048.0,3814.0,1408.0,3322.0,2703.0,1175.0,1178.0,3668.0,110.0,465.0,3159.0,3747.0,4069.0,3360.0,2837.0,2176.0,3397.0,528.0,778.0,3597.0,1624.0,3423.0,3380.0
33.0,2532.0,1022.0,3561.0,3435.0,2351.0,1922.0,3810.0,4021.0,437.0,141.0,2305.0,3927.0,184.0,2226.0,565.0,394.0,668.0,7.0,2182.0,1142.0,885.0,675.0,248.0,932.0
1902.0,3501.0,1372.0,1967.0,1303.0,3428.0,576.0,499.0,3781.0,2056.0,3836.0,1935.0,1293.0,1900.0,3022.0,1878.0,2917.0,4082.0,3311.0,1048.0,1115.0,1840.0,2666.0,2234.0,3951.0
873.0,2419.0,3559.0,226.0,815.0,1427.0,3805.0,2899.0,470.0,957.0,1228.0,2536.0,2815.0,120.0,2739.0,3961.0,4054.0,3976.0,1803.0,3619.0,3030.0,3966.0,3271.0,1162.0,39.0
4101.0,1777.0,480.0,1105.0,853.0,3644.0,3486.0,1866.0,2705.0,1889.0,2136.0,2076.0,2207.0,138.0,3366.0,3112.0,916.0,1855.0,3477.0,2684.0,2191.0,432.0,128.0,3514.0,1227.0
3289.0,1111.0,3598.0,3589.0,2566.0,300.0,3880.0,3096.0,1462.0,279.0,504.0,1791.0,141.0,848.0,1653.0,227.0,2435.0,29.0,1394.0,1456.0,2731.0,1613.0,2702.0,3931.0,1453.0
29.0,831.0,3662.0,3671.0,1919.0,290.0,1377.0,3719.0,698.0,2646.0,2339.0,2997.0,3256.0,3272.0,1805.0,682.0,1035.0,1873.0,2812.0,354.0,2312.0,2758.0,2054.0,3586.0,2645.0
247.0,898.0,1010.0,2497.0,3122.0,825.0,3241.0,1118.0,4003.0,3281.0,4027.0,1002.0,1445.0,1796.0,181.0,533.0,3292.0,3152.0,2655.0,1299.0,2161.0,983.0,3166.0,2463.0,2928.0
841.0,292.0,2019.0,1377.0,685.0,379.0,2972.0,1357.0,1031.0,1552.0,2964.0,3613.0,2749.0,2035.0,3850.0,1118.0,1930.0,84.0,3644.0,1947.0,3846.0,957.0,3357.0,2593.0,3787.0
190.0,3122.0,280.0,239.0,1501.0,1975.0,1002.0,32.0,711.0,3368.0,56.0,3125.0,2182.0,2271.0,4037.0,3919.0,153.0,3114.0,2723.0,1190.0,957.0,810.0,1226.0,2517.0,422.0
3656.0,1180.0,619.0,1220.0,3020.0,1219.0,2810.0,897.0,4060.0,2478.0,4009.0,2620.0,2662.0,1360.0,246.0,3234.0,2765.0,2708.0,877.0,2713.0,1285.0,3389.0,868.0,1268.0,3164.0
1399.0,3222.0,247.0,2783.0,1837.0,2425.0,2267.0,489.0,2710.0,3065.0,991.0,2065.0,3373.0,740.0,1716.0,855.0,2493.0,2998.0,2641.0,3204.0,517.0,3705.0,3340.0,2392.0,2100.0
1547.0,3535.0,3057.0,3424.0,1504.0,2886.0,1142.0,2682.0,2722.0,1950.0,930.0,2605.0,383.0,1724.0,2191.0,3550.0,1731.0,3415.0,1837.0,1140.0,2548.0,1204.0,940.0,2601.0,430.0
2413.0,2454.0,1109.0,882.0,1138.0,2840.0,2856.0,744.0,3455.0,2553.0,2601.0,1731.0,2965.0,3675.0,3647.0,959.0,371.0,2184.0,2986.0,1599.0,935.0,1651.0,2478.0,1968.0,1684.0
1050.0,3750.0,1400.0,1482.0,270.0,3279.0,2480.0,190.0,2366.0,3068.0,1848.0,2678.0,4098.0,1761.0,3493.0,2659.0,1893.0,3845.0,2736.0,2387.0,1583.0,2099.0,3905.0,1843.0,4048.0
223.0,2083.0,2821.0,2185.0,3179.0,2937.0,1935.0,3299.0,2508.0,3395.0,3951.0,1565.0,1514.0,2245.0,2124.0,2930.0,2196.0,1326.0,3920.0,758.0,1861.0,3564.0,2533.0,3838.0,2718.0
3850.0,759.0,2185.0,1097.0,2059.0,353.0,3770.0,2781.0,392.0,2395.0,368.0,4006.0,1292.0,219.0,1205.0,630.0,2453.0,3803.0,2236.0,1888.0,3624.0,1838.0,641.0,1409.0,1642.0
2876.0,139.0,1652.0,1835.0,626.0,1912.0,2985.0,2403.0,2592.0,2929.0,3919.0,3687.0,2009.0,3775.0,2870.0,2597.0,3581.0,3963.0,1934.0,3376.0,3671.0,1438.0,688.0,3197.0,1338.0
1277.0,2992.0,315.0,1570.0,561.0,491.0,1505.0,4.0,1750.0,3962.0,1408.0,2362.0,2441.0,1226.0,2923.0,961.0,1429.0,3484.0,363.0,2036.0,3913.0,3306.0,2003.0,3585.0,372.0
3565.0,3740.0,3861.0,3484.0,141.0,2364.0,1822.0,1842.0,2888.0,1012.0,3485.0,60.0,3691.0,3340.0,1946.0,249.0,3298.0,2728.0,3496.0,2915.0,689.0,2283.0,2074.0,1817.0,3679.0
2135.0,2558.0,3773.0,4028.0,2046.0,1926.0,3833.0,248.0,2546.0,141.0,2247.0,1302.0,2876.0,2670.0,593.0,1029.0,2193.0,1954.0,352.0,2569.0,3771.0,4048.0,1038.0,1873.0,4029.0
4040.0,1200.0,1250.0,3520.0,236.0,2987.0,1010.0,1982.0,22.0,1360.0,1099.0,2907.0,1225.0,3042.0,1908.0,3304.0,3074.0,527.0,2933.0,729.0,1250.0,3307.0,1293.0,4019.0,2874.0
2107.0,810.0,2154.0,1249.0,3897.0,540.0,2301.0,2729.0,670.0,3143.0,3365.0,2151.0,2805.0,1085.0,1666.0,1992.0,2516.0,3249.0,1128.0,581.0,908.0,155.0,290.0,544.0,577.0
3641.0,748.0,3341.0,478.0,2966.0,3714.0,3570.0,1836.0,69.0,474.0,2241.0,2619.0,19.0,84.0,122.0,223.0,900.0,3252.0,1576.0,3262.0,1296.0,2747.0,2021.0,1609.0,3146.0
1336.0,2779.0,2172.0,189.0,1506.0,1413.0,3107.0,2560.0,3171.0,2733.0,1411.0,1376.0,3926.0,2364.0,4012.0,2937.0,704.0,899.0,3814.0,3368.0,1870.0,1883.0,2222.0,3046.0,4046.0
1564.0,4049.0,3377.0,2823.0,1994.0,195.0,3152.0,1190.0,104.0,762.0,1230.0,153.0,3787.0,3186.0,2761.0,3750.0,1495.0,2781.0,688.0,2881.0,265.0,1781.0,1082.0,2541.0,3659.0
2426.0,1322.0,806.0,759.0,1990.0,2377.0,3296.0,3685.0,1728.0,2987.0,367.0,2817.0,1524.0,1899.0,3505.0,497.0,3341.0,2922.0,1910.0,1531.0,140.0,59.0,2427.0,1283.0,94.0
1117.0,59.0,3536.0,1646.0,2597.0,2911.0,453.0,939.0,1535.0,2818.0,2066.0,2762.0,3988.0,2136.0,363.0,2697.0,740.0,11.0,2298.0,1800.0,1686.0,1630.0,3722.0,3490.0,472.0
3231.0,532.0,4100.0,2594.0,3603.0,924.0,1232.0,3322.0,3226.0,2634.0,3697.0,1271.0,3267.0,3840.0,3442.0,3243.0,1297.0,913.0,3212.0,155.0,3562.0,3378.0,354.0,3391.0,3893.0
1330.0,3668.0,2196.0,1910.0,2205.0,1383.0,3201.0,1010.0,1490.0,2716.0,1847.0,272.0,1856.0,807.0,1031.0,2152.0,1265.0,3466.0,2937.0,1573.0,2880.0,494.0,1615.0,1594.0,2281.0
455.0,3490.0,1507.0,1203.0,3913.0,1136.0,3393.0,1716.0,2544.0,3679.0,3661.0,2610.0,4050.0,2958.0,1135.0,3678.0,556.0,1210.0,1019.0,1207.0,2080.0,1890.0,457.0,3996.0,66.0
2628.0,2845.0,1057.0,2582.0,115.0,3698.0,331.0,3576.0,681.0,4065.0,3047.0,2125.0,2153.0,2704.0,1539.0,1583.0,2836.0,4059.0,2348.0,2090.0,345.0,625.0,2740.0,2696.0,729.0
224.0,4057.0,571.0,1412.0,1143.0,3427.0,1349.0,277.0,2334.0,1223.0,125.0,2452.0,1077.0,2378.0,3753.0,1750.0,688.0,938.0,3136.0,3135.0,3663.0,1407.0,3492.0,2183.0,3892.0
960.0,411.0,1329.0,3239.0,3970.0,2588.0,2093.0,4044.0,1403.0,3716.0,3640.0,1399.0,1369.0,3182.0,2401.0,3639.0,2581.0,1319.0,3735.0,2053.0,1630.0,3371.0,3560.0,3672.0,3283.0
329.0,2174.0,2856.0,1257.0,2852.0,1796.0,95.0,2052.0,3912.0,3508.0,3330.0,2700.0,1742.0,2623.0,1012.0,1469.0,4018.0,2774.0,2451.0,1258.0,2248.0,3875.0,1196.0,3947.0,698.0
296.0,1679.0,10.0,1523.0,3795.0,922.0,1934.0,1207.0,3238.0,634.0,953.0,2409.0,3316.0,3106.0,2170.0,198.0,2807.0,550.0,3648.0,265.0,1210.0,2198.0,3717.0,2117.0,3168.0
260.0,1996.0,1947.0,2965.0,2168.0,350.0,868.0,2455.0,3249.0,1998.0,3353.0,217.0,1434.0,2739.0,3351.0,2971.0,1107.0,2772.0,2365.0,1793.0,2648.0,3578.0,2185.0,3971.0,3424.0
2271.0,1676.0,191.0,1805.0,431.0,2447.0,1793.0,3226.0,2079.0,2406.0,2824.0,661.0,3276.0,539.0,1067.0,2018.0,1411.0,267.0,2073.0,414.0,1665.0,3856.0,3334.0,2176.0,1424.0
2566.0,3144.0,1639.0,2800.0,1892.0,1193.0,4061.0,3308.0,3845.0,1672.0,347.0,3717.0,3454.0,3311.0,1391.0,643.0,1837.0,1084.0,534.0,38.0,3495.0,183.0,254.0,3154.0,3058.0
3247.0,61.0,1061.0,2436.0,1915.0,3426.0,3867.0,2340.0,2845.0,1913.0,3128.0,1428.0,2236.0,2733.0,654.0,647.0,259.0,1263.0,2621.0,1534.0,2252.0,2742.0,4024.0,1531.0,3764.0
25.0,2935.0,466.0,197.0,353.0,219.0,3873.0,1611.0,121.0,2366.0,385.0,1418.0,2564.0,3011.0,953.0,1741.0,2194.0,1733.0,3263.0,1199.0,2874.0,2990.0,1689.0,3886.0,418.0
3678.0,403.0,1967.0,2290.0,3558.0,3670.0,2413.0,4014.0,3357.0,174.0,1743.0,409.0,1750.0,1303.0,2620.0,3418.0,1508.0,3055.0,2371.0,3057.0,1586.0,763.0,3094.0,3689.0,311.0
1037.0,529.0,2159.0,768.0,370.0,3485.0,2308.0,763.0,1959.0,1372.0,2276.0,3962.0,1051.0,2520.0,2033.0,3319.0,2727.0,2291.0,615.0,3038.0,2644.0,493.0,592.0,1027.0,368.0
1856.0,3807.0,1198.0,705.0,1135.0,2365.0,3202.0,395.0,1438.0,717.0,3593.0,1473.0,2265.0,1124.0,3200.0,1562.0,2252.0,2060.0,4049.0,1700.0,387.0,2706.0,751.0,3814.0,1029.0
210.0,4047.0,2253.0,595.0,970.0,1847.0,1545.0,2102.0,924.0,2689.0,1938.0,2734.0,1718.0,1288.0,3780.0,2218.0,352.0,2769.0,3598.0,394.0,960.0,2549.0,793.0,468.0,946.0
393.0,2733.0,1833.0,2276.0,167.0,938.0,718.0,2107.0,2813.0,1080.0,2518.0,3639.0,2637.0,1619.0,1161.0,62.0,1694.0,3123.0,721.0,480.0,2833.0,3025.0,1739.0,1285.0,2348.0
2677.0,1724.0,1150.0,2287.0,2549.0,2603.0,55.0,864.0,1872.0,3908.0,344.0,2135.0,3020.0,1211.0,1782.0,1390.0,1056.0,861.0,1991.0,3147.0,222.0,4100.0,2934.0,1224.0,1750.0
530.0,2428.0,61.0,3276.0,3449.0,3434.0,1548.0,1960.0,2772.0,1291.0,1789.0,2809.0,1703.0,2644.0,3664.0,1572.0,2041.0,2622.0,3054.0,1956.0,1578.0,2686.0,2205.0,1589.0,2507.0
2063.0,2776.0,2088.0,1453.0,1486.0,1160.0,3696.0,3133.0,27.0,2019.0,3618.0,1804.0,282.0,707.0,2621.0,2922.0,968.0,3635.0,734.0,365.0,1228.0,3857.0,3956.0,624.0,3320.0
2479.0,1067.0,1544.0,2607.0,2963.0,150.0,69.0,1999.0,1585.0,2605.0,3957.0,45.0,2377.0,458.0,3859.0,338.0,1489.0,2120.0,263.0,2403.0,2541.0,4022.0,3791.0,3796.0,3488.0
2143.0,1847.0,2190.0,3383.0,2136.0,2922.0,2916.0,3298.0,2461.0,2219.0,19.0,481.0,2108.0,1417.0,1678.0,2192.0,1051.0,689.0,990.0,2247.0,2832.0,2978.0,3768.0,1012.0,2726.0
2050.0,1756.0,1660.0,100.0,3202.0,1314.0,3688.0,2024.0,3478.0,492.0,2520.0,2016.0,1923.0,3837.0,2252.0,2980.0,2936.0,2745.0,1598.0,324.0,523.0,3493.0,5.0,211.0,2385.0
2807.0,3956.0,990.0,288.0,1826.0,945.0,4101.0,97.0,2093.0,1363.0,1903.0,2859.0,3297.0,1058.0,1372.0,1417.0,3521.0,3489.0,2204.0,1787.0,1284.0,3722.0,1874.0,4012.0,3490.0
2425.0,1317.0,1187.0,2802.0,661.0,3900.0,1619.0,616.0,3998.0,755.0,3354.0,3982.0,3257.0,3439.0,2500.0,624.0,2136.0,557.0,4067.0,2438.0,2942.0,1757.0,2299.0,2895.0,195.0
695.0,2660.0,582.0,1992.0,1576.0,1299.0,1832.0,3185.0,1621.0,925.0,2134.0,4033.0,1037.0,2799.0,3081.0,461.0,429.0,2712.0,4022.0,4015.0,1681.0,10.0,2464.0,2747.0,3470.0
1631.0,3030.0,2018.0,1039.0,3431.0,638.0,4017.0,2639.0,1003.0,2504.0,1719.0,3872.0,853.0,3637.0,3074.0,1047.0,3102.0,3868.0,1676.0,2374.0,3661.0,299.0,1965.0,797.0,852.0
1128.0,3471.0,1353.0,2114.0,3766.0,68.0,3574.0,3663.0,298.0,592.0,708.0,3829.0,1985.0,3619.0,3001.0,3202.0,3431.0,3727.0,3843.0,2757.0,747.0,3091.0,3596.0,2015.0,3535.0
583.0,1332.0,406.0,2441.0,3326.0,3961.0,3858.0,1005.0,3818.0,810.0,3755.0,2003.0,2062.0,2814.0,1407.0,3707.0,119.0,3019.0,1012.0,1901.0,3257.0,2878.0,389.0,1417.0,1100.0
2893.0,3820.0,277.0,329.0,2433.0,435.0,991.0,2758.0,2303.0,982.0,3893.0,466.0,2006.0,633.0,2652.0,3650.0,1682.0,2478.0,3234.0,540.0,39.0,3871.0,2720.0,493.0,1001.0
3122.0,32.0,1497.0,3627.0,3546.0,1492.0,1562.0,665.0,4.0,741.0,979.0,1041.0,1219.0,1378.0,3062.0,3612.0,239.0,3583.0,3671.0,661.0,3128.0,3757.0,197.0,3682.0,2148.0
2039.0,3453.0,2933.0,2021.0,1062.0,1920.0,1655.0,3972.0,845.0,395.0,3423.0,1283.0,591.0,3668.0,2742.0,815.0,1988.0,2482.0,1365.0,1971.0,3922.0,2091.0,70.0,3290.0,3256.0
1038.0,1668.0,1960.0,680.0,3621.0,1925.0,1784.0,366.0,496.0,2242.0,2557.0,2631.0,3800.0,1489.0,1494.0,2908.0,3763.0,4027.0,3977.0,2436.0,647.0,602.0,1845.0,245.0,2832.0
2995.0,2765.0,3690.0,334.0,3640.0,3440.0,2364.0,188.0,945.0,4094.0,3975.0,6.0,1032.0,2432.0,2361.0,1813.0,1184.0,2430.0,2837.0,652.0,1357.0,1223.0,3419.0,1661.0,59.0
961.0,1915.0,1595.0,2883.0,759.0,2680.0,2870.0,2248.0,714.0,710.0,1470.0,2073.0,1539.0,3035.0,4089.0,1762.0,3115.0,1003.0,3031.0,499.0,1187.0,3223.0,3803.0,2949.0,2979.0
3003.0,3977.0,1924.0,561.0,1267.0,2790.0,961.0,2782.0,1004.0,2741.0,3364.0,2706.0,845.0,1004.0,645.0,752.0,3120.0,3784.0,2773.0,1668.0,4052.0,3985.0,3210.0,3649.0,2249.0
110.0,315.0,143.0,3086.0,705.0,529.0,918.0,3903.0,114.0,3443.0,3379.0,3284.0,1209.0,1169.0,2639.0,4051.0,858.0,2435.0,3733.0,1746.0,1027.0,3588.0,4065.0,1370.0,1167.0
1653.0,4003.0,2859.0,2001.0,3480.0,3395.0,1681.0,3559.0,3638.0,2015.0,3035.0,1976.0,3179.0,4035.0,2573.0,1339.0,1434.0,3290.0,666.0,1973.0,2816.0,2620.0,1986.0,1301.0,1318.0
3952.0,2973.0,3191.0,2709.0,2538.0,2562.0,2648.0,2981.0,3180.0,877.0,392.0,1723.0,3946.0,691.0,3198.0,3009.0,2563.0,1108.0,2575.0,803.0,1975.0,4091.0,1191.0,1519.0,6.0
3191.0,3799.0,2035.0,420.0,3960.0,2792.0,230.0,870.0,1010.0,3660.0,570.0,1643.0,3631.0,430.0,2963.0,2802.0,3362.0,3105.0,3328.0,3055.0,1497.0,473.0,2020.0,2055.0,3754.0
91.0,2861.0,2817.0,1069.0,1074.0,2715.0,2824.0,3332.0,97.0,1253.0,3003.0,1885.0,984.0,1959.0,2288.0,155.0,1295.0,2830.0,479.0,3939.0,4029.0,3525.0,1780.0,643.0,1164.0
435.0,4093.0,3717.0,178.0,2246.0,656.0,3361.0,2132.0,508.0,1897.0,1074.0,4092.0,3494.0,1872.0,2100.0,2463.0,2799.0,3162.0,2630.0,2850.0,328.0,2754.0,910.0,2394.0,2255.0
1924.0,1569.0,2491.0,2557.0,2546.0,2424.0,3190.0,1927.0,2486.0,4051.0,1452.0,901.0,1126.0,3738.0,2359.0,1589.0,470.0,1089.0,1209.0,955.0,1479.0,258.0,3085.0,3135.0,747.0
200.0,4013.0,2516.0,887.0,2198.0,647.0,359.0,1237.0,4048.0,2933.0,3384.0,432.0,30.0,1531.0,693.0,314.0,783.0,1420.0,3022.0,3130.0,1527.0,3647.0,2129.0,2795.0,2157.0
3161.0,3348.0,3874.0,2986.0,3630.0,1517.0,1137.0,3099.0,3017.0,62.0,3465.0,3763.0,980.0,1841.0,1774.0,1148.0,1273.0,2475.0,733.0,3169.0,3322.0,337.0,3644.0,1864.0,156.0
462.0,2381.0,2996.0,2995.0,1073.0,1244.0,3662.0,2426.0,164.0,3262.0,188.0,883.0,354.0,3761.0,3365.0,3145.0,1896.0,744.0,3506.0,1762.0,3339.0,3600.0,3342.0,1816.0,595.0
1987.0,2340.0,3144.0,3793.0,1944.0,989.0,1615.0,903.0,3308.0,1516.0,3802.0,2607.0,645.0,596.0,1938.0,2175.0,1416.0,1096.0,3436.0,2301.0,1399.0,1308.0,18.0,3122.0,3857.0
306.0,2632.0,2628.0,3929.0,1164.0,2219.0,317.0,972.0,1233.0,2234.0,1976.0,307.0,3956.0,262.0,604.0,2370.0,430.0,2850.0,629.0,1009.0,3187.0,2988.0,2275.0,1638.0,2403.0
2582.0,3523.0,1111.0,2890.0,3664.0,198.0,1726.0,1419.0,559.0,2732.0,3989.0,3005.0,697.0,253.0,136.0,2833.0,814.0,2391.0,801.0,3598.0,423.0,2005.0,52.0,2684.0,1973.0
380.0,479.0,1017.0,4049.0,2940.0,2496.0,1499.0,2831.0,490.0,2215.0,626.0,1499.0,2066.0,1180.0,145.0,3079.0,2746.0,713.0,2067.0,2376.0,942.0,3633.0,1582.0,3316.0,1349.0
2142.0,2790.0,2914.0,1403.0,2523.0,891.0,1677.0,778.0,1794.0,2718.0,334.0,3576.0,2488.0,1301.0,2501.0,1496.0,1379.0,3889.0,3753.0,2593.0,289.0,332.0,2783.0,17.0,2275.0
3642.0,2718.0,1090.0,3127.0,719.0,1042.0,2805.0,1028.0,3749.0,391.0,2198.0,1343.0,4038.0,4007.0,1841.0,830.0,3357.0,902.0,443.0,1707.0,3055.0,2927.0,2490.0,3066.0,2965.0
1156.0,2318.0,271.0,1676.0,252.0,2150.0,730.0,2601.0,2907.0,3014.0,371.0,1570.0,1889.0,2841.0,1226.0,937.0,1948.0,3131.0,2101.0,3403.0,3103.0,1184.0,1720.0,4085.0,752.0
3390.0,3619.0,1402.0,2243.0,3190.0,3140.0,3183.0,1661.0,1331.0,1222.0,3788.0,118.0,2281.0,3863.0,426.0,2443.0,340.0,4049.0,3823.0,1577.0,2781.0,2546.0,2707.0,2605.0,782.0
509.0,741.0,2717.0,20.0,16.0,3141.0,1129.0,1640.0,2122.0,3134.0,3522.0,3157.0,3305.0,2961.0,3295.0,1758.0,3042.0,3473.0,1358.0,925.0,1577.0,712.0,296.0,1438.0,58.0
3833.0,3727.0,2130.0,3755.0,4013.0,1613.0,2737.0,2125.0,2109.0,3646.0,4069.0,2176.0,1199.0,316.0,482.0,1842.0,102.0,1676.0,1864.0,3932.0,3017.0,3555.0,1810.0,3949.0,1058.0
3414.0,1.0,3109.0,3329.0,483.0,3088.0,582.0,2395.0,685.0,1537.0,1633.0,2437.0,2582.0,1395.0,900.0,389.0,1354.0,3066.0,2459.0,3617.0,369.0,4099.0,1713.0,1615.0,3885.0
1299.0,31.0,2114.0,2179.0,1817.0,177.0,3664.0,1090.0,2160.0,3198.0,1017.0,9.0,252.0,3169.0,321.0,2902.0,2460.0,532.0,1361.0,2297.0,3956.0,707.0,3515.0,160.0,1353.0
2885.0,2398.0,1000.0,3705.0,2174.0,3175.0,3598.0,2151.0,4079.0,795.0,77.0,2557.0,1852.0,3326.0,997.0,3153.0,353.0,3497.0,2103.0,3254.0,2743.0,1583.0,3890.0,3156.0,74.0
2649.0,1105.0,2082.0,3881.0,3784.0,28.0,3559.0,453.0,1992.0,423.0,3551.0,2513.0,3989.0,1717.0,3194.0,1542.0,899.0,2141.0,3238.0,3000.0,3032.0,382.0,667.0,2915.0,1692.0
358.0,1481.0,1783.0,2459.0,3264.0,2528.0,12.0,666.0,2129.0,901.0,2866.0,1745.0,4093.0,1254.0,2044.0,2573.0,2548.0,2007.0,2028.0,2775.0,267.0,2817.0,2385.0,2105.0,2997.0
2154.0,958.0,1556.0,3644.0,1967.0,43.0,2755.0,2210.0,615.0,3013.0,2395.0,1509.0,2453.0,3001.0,3745.0,2161.0,707.0,394.0,1118.0,72.0,2305.0,682.0,848.0,2038.0,3878.0
1623.0,991.0,73.0,2130.0,3080.0,2350.0,731.0,1752.0,1317.0,286.0,81.0,1654.0,592.0,265.0,835.0,481.0,843.0,1340.0,3732.0,3690.0,3720.0,3592.0,3989.0,2022.0,2149.0
2238.0,1128.0,3943.0,512.0,1823.0,4009.0,1375.0,716.0,2851.0,1659.0,1098.0,1503.0,754.0,1302.0,1631.0,3711.0,3017.0,991.0,3491.0,3039.0,3356.0,3798.0,2603.0,525.0,2868.0
627.0,491.0,2965.0,631.0,1683.0,1133.0,2835.0,1735.0,481.0,3122.0,3539.0,3603.0,3250.0,3033.0,1066.0,2401.0,3623.0,2193.0,2318.0,2674.0,321.0,247.0,256.0,1151.0,142.0
3809.0,179.0,2057.0,766.0,1637.0,3500.0,2319.0,2739.0,2712.0,322.0,2510.0,351.0,596.0,576.0,3230.0,3058.0,453.0,3731.0,2816.0,929.0,3239.0,2965.0,2030.0,3714.0,1044.0
1388.0,60.0,3268.0,3702.0,3379.0,3234.0,1289.0,1315.0,3777.0,3288.0,357.0,2298.0,1107.0,3258.0,2250.0,1651.0,195.0,940.0,608.0,944.0,677.0,3249.0,2150.0,1576.0,492.0
187.0,3830.0,86.0,4047.0,493.0,970.0,2706.0,2573.0,512.0,1117.0,3598.0,165.0,3849.0,88.0,1387.0,3488.0,2874.0,371.0,2760.0,2958.0,1307.0,4047.0,1553.0,1168.0,2420.0
1649.0,2064.0,1364.0,681.0,4082.0,3191.0,49.0,3178.0,1660.0,2613.0,3579.0,3448.0,2211.0,706.0,2827.0,3664.0,1420.0,3081.0,3222.0,3506.0,3631.0,1921.0,2936.0,3700.0,1375.0
2213.0,4020.0,71.0,1283.0,3832.0,2378.0,3384.0,3769.0,1594.0,452.0,2942.0,1475.0,3340.0,3303.0,2969.0,732.0,2684.0,979.0,3538.0,2906.0,2789.0,3742.0,3356.0,3221.0,2006.0
1617.0,301.0,3853.0,1441.0,1993.0,1859.0,2292.0,1959.0,3023.0,3095.0,219.0,3785.0,3229.0,2813.0,3204.0,1701.0,2281.0,2973.0,777.0,463.0,2949.0,1965.0,3208.0,2636.0,3929.0
4102.0,1608.0,1354.0,3157.0,3989.0,3632.0,1569.0,2558.0,1250.0,507.0,1918.0,1863.0,1064.0,1669.0,2917.0,2816.0,3210.0,1358.0,1350.0,1010.0,3688.0,3155.0,3180.0,376.0,2548.0
3507.0,891.0,3061.0,794.0,2651.0,2565.0,1602.0,2911.0,1161.0,859.0,558.0,2530.0,535.0,2964.0,1373.0,1507.0,2433.0,3110.0,1695.0,389.0,3325.0,3881.0,383.0,2735.0,2648.0
2024.0,2273.0,849.0,2124.0,337.0,1030.0,1040.0,520.0,2762.0,1149.0,2417.0,1891.0,2997.0,4074.0,3937.0,1708.0,3920.0,2604.0,3497.0,1436.0,441.0,3815.0,2175.0,1499.0,2173.0
4063.0,1664.0,1468.0,1788.0,534.0,1357.0,3367.0,2094.0,1607.0,3062.0,1273.0,1492.0,3529.0,3647.0,2425.0,30.0,3771.0,2105.0,2415.0,2528.0,932.0,2977.0,1465.0,229.0,1074.0
1569.0,2552.0,3494.0,1787.0,1166.0,1118.0,21.0,2113.0,3723.0,2560.0,460.0,1640.0,3538.0,2832.0,2114.0,3817.0,1081.0,1484.0,722.0,1142.0,2199.0,1358.0,2347.0,3939.0,2193.0
2983.0,256.0,2589.0,2567.0,3081.0,829.0,1771.0,869.0,1501.0,2784.0,3011.0,232.0,2301.0,2869.0,3618.0,2828.0,3091.0,1212.0,2489.0,1241.0,2165.0,381.0,3273.0,3980.0,425.0
2439.0,57.0,1941.0,1563.0,1154.0,2653.0,1774.0,2413.0,1688.0,2249.0,541.0,89.0,3913.0,470.0,3419.0,2302.0,2455.0,3910.0,4068.0,2014.0,248.0,3030.0,2274.0,1562.0,2076.0
3047.0,1810.0,630.0,2511.0,1861.0,2116.0,3758.0,1718.0,543.0,4089.0,2456.0,3616.0,4082.0,2318.0,1804.0,526.0,2984.0,73.0,1382.0,220.0,3048.0,54.0,2605.0,3187.0,2513.0
1956.0,727.0,468.0,3634.0,3191.0,3694.0,3661.0,810.0,1258.0,2945.0,170.0,3126.0,1811.0,2883.0,2643.0,2239.0,3443.0,3092.0,2826.0,563.0,2317.0,3891.0,1623.0,674.0,1255.0
1311.0,1714.0,2401.0,3299.0,2812.0,397.0,4021.0,2864.0,3809.0,809.0,3270.0,1100.0,3396.0,1099.0,3049.0,1827.0,2635.0,163.0,2385.0,3053.0,1018.0,1199.0,2068.0,2769.0,3741.0
1878.0,3309.0,857.0,2351.0,2199.0,1996.0,455.0,3319.0,3522.0,2952.0,3986.0,3182.0,3572.0,3221.0,3782.0,190.0,930.0,3915.0,3407.0,427.0,704.0,3930.0,86.0,2198.0,1836.0
373.0,2002.0,2451.0,4038.0,2006.0,3948.0,2032.0,1877.0,2852.0,531.0,103.0,2456.0,518.0,1313.0,3915.0,3120.0,2492.0,565.0,1453.0,2933.0,2440.0,1318.0,809.0,3164.0,648.0
625.0,872.0,643.0,1019.0,576.0,2865.0,3362.0,1320.0,3447.0,589.0,1488.0,2822.0,3427.0,418.0,1409.0,1558.0,2532.0,2241.0,2819.0,1154.0,3827.0,2955.0,2421.0,2525.0,2530.0
1093.0,1361.0,1441.0,2707.0,3797.0,172.0,1154.0,288.0,1524.0,3207.0,2165.0,1463.0,2027.0,2247.0,3183.0,811.0,1903.0,2519.0,2476.0,2227.0,1341.0,1012.0,1311.0,3829.0,144.0
3001.0,2668.0,3171.0,2692.0,3436.0,3511.0,1443.0,2953.0,2446.0,613.0,922.0,1336.0,2520.0,3055.0,3243.0,669.0,3200.0,3747.0,2486.0,1251.0,4043.0,759.0,3009.0,3956.0,4078.0
2153.0,2914.0,337.0,4004.0,2150.0,2093.0,2417.0,1444.0,1698.0,2188.0,3475.0,779.0,3365.0,2609.0,183.0,3349.0,2416.0,346.0,601.0,145.0,876.0,2711.0,3854.0,2139.0,3913.0
2053.0,2799.0,2330.0,1642.0,1217.0,41.0,3829.0,674.0,2673.0,67.0,1331.0,3185.0,4070.0,343.0,3372.0,3983.0,1599.0,2075.0,1998.0,1240.0,1050.0,2136.0,798.0,2547.0,3005.0
2090.0,2469.0,3503.0,1636.0,627.0,1874.0,204.0,1803.0,1066.0,1795.0,350.0,61.0,3867.0,1658.0,2407.0,640.0,2467.0,1366.0,31.0,2970.0,2582.0,3484.0,3096.0,1742.0,3615.0
563.0,3285.0,2813.0,603.0,4007.0,1767.0,511.0,1082.0,2146.0,1755.0,1106.0,1670.0,1768.0,1868.0,1147.0,2300.0,3842.0,528.0,3197.0,2058.0,3509.0,823.0,2496.0,1317.0,3941.0
175.0,1872.0,1340.0,1813.0,2185.0,2086.0,121.0,3999.0,2362.0,3202.0,1203.0,3644.0,2988.0,789.0,1270.0,932.0,228.0,2534.0,1318.0,2480.0,3344.0,3350.0,2832.0,936.0,2534.0
997.0,3235.0,2169.0,1894.0,2734.0,747.0,3247.0,75.0,3624.0,2112.0,496.0,655.0,1558.0,1860.0,2529.0,1037.0,2754.0,2643.0,2730.0,3915.0,26.0,3790.0,2228.0,2175.0,2780.0
11.0,3001.0,1190.0,3673.0,3893.0,3946.0,239.0,2587.0,209.0,3633.0,3590.0,1422.0,2459.0,3589.0,814.0,953.0,3038.0,3205.0,1721.0,2327.0,2995.0,410.0,387.0,3599.0,3323.0
1459.0,2738.0,2983.0,59.0,1264.0,4042.0,1600.0,186.0,2664.0,4042.0,696.0,2707.0,1345.0,2577.0,3357.0,799.0,1790.0,2907.0,1798.0,286.0,1354.0,1730.0,2363.0,1488.0,1861.0
729.0,1855.0,142.0,3800.0,2544.0,3081.0,917.0,1498.0,1190.0,2631.0,1861.0,1385.0,1922.0,648.0,3964.0,1965.0,1890.0,2307.0,3446.0,331.0,2689.0,940.0,878.0,1135.0,1857.0
2903.0,3282.0,4025.0,2509.0,2293.0,210.0,2715.0,1422.0,1547.0,3725.0,3554.0,1762.0,3746.0,1426.0,2767.0,3959.0,38.0,3250.0,1986.0,1911.0,1114.0,1342.0,3730.0,3021.0,2796.0
96.0,3419.0,2420.0,2881.0,2818.0,251.0,475.0,2842.0,2693.0,3945.0,4020.0,3737.0,4036.0,1202.0,3853.0,1110.0,3277.0,3330.0,3038.0,2413.0,3893.0,2210.0,1476.0,2346.0,348.0
3498.0,3251.0,2106.0,456.0,781.0,265.0,3365.0,799.0,2271.0,3362.0,855.0,377.0,2584.0,2300.0,673.0,4014.0,765.0,3792.0,3252.0,3746.0,3659.0,63.0,269.0,1646.0,1725.0
267.0,2816.0,2964.0,3887.0,331.0,2539.0,403.0,2543.0,202.0,3781.0,1881.0,1340.0,173.0,2734.0,1637.0,892.0,490.0,2217.0,1029.0,1613.0,1122.0,4090.0,1128.0,3760.0,1835.0
3411.0,4045.0,1066.0,1298.0,2331.0,1549.0,358.0,2252.0,1296.0,2061.0,1424.0,561.0,1952.0,1864.0,199.0,215.0,597.0,4045.0,2639.0,334.0,949.0,388.0,1740.0,1380.0,3433.0
1198.0,3474.0,769.0,962.0,2781.0,2769.0,26.0,1134.0,4031.0,2660.0,1892.0,1395.0,2230.0,3206.0,430.0,2294.0,735.0,174.0,3171.0,4029.0,3482.0,3173.0,562.0,2398.0,2448.0
1586.0,1924.0,2541.0,46.0,836.0,1455.0,2336.0,3995.0,3911.0,1151.0,2756.0,2146.0,1131.0,2483.0,2664.0,2479.0,1286.0,2133.0,795.0,2739.0,637.0,2458.0,2820.0,3633.0,525.0
413.0,1100.0,2466.0,1872.0,2093.0,748.0,1756.0,582.0,2691.0,1449.0,1144.0,1014.0,1248.0,1756.0,7.0,3313.0,2927.0,2959.0,681.0,3716.0,650.0,216.0,2452.0,2095.0,2260.0
743.0,3776.0,1998.0,1131.0,2743.0,2906.0,1427.0,1329.0,3783.0,2141.0,1148.0,3995.0,1867.0,1437.0,583.0,2704.0,3622.0,2246.0,774.0,3561.0,3295.0,1703.0,1731.0,84.0,849.0
2622.0,1978.0,2639.0,549.0,2883.0,3769.0,1451.0,456.0,1306.0,861.0,2486.0,437.0,1782.0,3586.0,1106.0,1087.0,1846.0,1609.0,2622.0,1361.0,3976.0,3170.0,2207.0,3720.0,3539.0
1383.0,1478.0,2799.0,281.0,1876.0,2141.0,2640.0,2640.0,3637.0,1044.0,621.0,3692.0,579.0,2272.0,1317.0,3880.0,972.0,2866.0,62.0,2634.0,1641.0,3626.0,1513.0,2548.0,1159.0
1104.0,2187.0,2147.0,3277.0,2908.0,3049.0,1738.0,3456.0,3213.0,2776.0,605.0,2935.0,2216.0,3919.0,1388.0,486.0,67.0,2514.0,3344.0,1529.0,354.0,2699.0,2545.0,1103.0,3691.0
2466.0,271.0,3454.0,80.0,1151.0,866.0,1327.0,2605.0,1692.0,1771.0,2877.0,793.0,2332.0,986.0,676.0,290.0,448.0,2082.0,1192.0,1060.0,4007.0,335.0,2269.0,3024.0,1106.0
2216.0,3907.0,98.0,3007.0,1505.0,3610.0,3093.0,4075.0,811.0,2458.0,1972.0,1126.0,2548.0,2811.0,3729.0,687.0,2081.0,2166.0,3358.0,357.0,2701.0,1813.0,3740.0,3744.0,1308.0
3326.0,1623.0,1101.0,983.0,1666.0,1738.0,3554.0,2968.0,2506.0,3564.0,1657.0,2660.0,3397.0,3087.0,1476.0,1786.0,2134.0,2851.0,4073.0,1665.0,1100.0,1109.0,230.0,778.0,3743.0
3461.0,72.0,3956.0,399.0,2901.0,216.0,785.0,271.0,3092.0,3302.0,1913.0,2902.0,1033.0,3095.0,2920.0,1500.0,2445.0,2880.0,3617.0,1096.0,1927.0,2611.0,2364.0,2369.0,1612.0
555.0,385.0,1505.0,2227.0,679.0,2243.0,3538.0,2799.0,2106.0,4081.0,2139.0,2475.0,909.0,3114.0,501.0,2412.0,3025.0,3411.0,812.0,1852.0,2218.0,3984.0,569.0,1234.0,1005.0
143.0,1247.0,2625.0,1804.0,1799.0,2981.0,293.0,3748.0,3735.0,323.0,2834.0,1169.0,2786.0,1509.0,1764.0,3758.0,905.0,2224.0,3299.0,2466.0,3367.0,2818.0,2951.0,3216.0,1805.0
3359.0,3215.0,1659.0,3759.0,3261.0,3400.0,732.0,2836.0,453.0,3490.0,1986.0,3298.0,947.0,308.0,336.0,1512.0,3147.0,3931.0,1642.0,3702.0,2504.0,2163.0,1203.0,1735.0,3344.0
2943.0,3472.0,1813.0,1084.0,842.0,238.0,1326.0,2690.0,4033.0,1097.0,3381.0,77.0,1748.0,3485.0,1651.0,3020.0,254.0,3443.0,2430.0,2663.0,403.0,735.0,3267.0,529.0,3464.0
1208.0,1029.0,1529.0,2935.0,250.0,170.0,2254.0,3891.0,1211.0,3732.0,3397.0,1328.0,745.0,779.0,3220.0,2027.0,4045.0,3245.0,2444.0,1284.0,1242.0,2860.0,3764.0,2779.0,3037.0
1406.0,1563.0,8.0,2027.0,954.0,696.0,1502.0,653.0,1168.0,34.0,277.0,2450.0,544.0,1050.0,1065.0,429.0,1605.0,3749.0,1176.0,3127.0,3484.0,1490.0,2635.0,3541.0,1257.0
2386.0,1514.0,2217.0,920.0,1227.0,504.0,2265.0,187.0,1441.0,3517.0,2623.0,2636.0,3966.0,3357.0,1140.0,3601.0,630.0,478.0,3778.0,3401.0,877.0,3587.0,351.0,3583.0,1701.0
1527.0,610.0,440.0,1371.0,2180.0,2043.0,754.0,3112.0,2148.0,3045.0,33.0,1474.0,1995.0,2948.0,2072.0,3323.0,1814.0,1035.0,3207.0,510.0,540.0,4054.0,1039.0,2188.0,3935.0
192.0,3243.0,2916.0,3375.0,2056.0,3689.0,3825.0,3253.0,3890.0,2386.0,3851.0,2333.0,1586.0,3715.0,1514.0,458.0,323.0,4090.0,1373.0,3345.0,3038.0,3066.0,3127.0,3063.0,1895.0
3737.0,1359.0,2976.0,1734.0,3121.0,3153.0,2129.0,2948.0,3924.0,2091.0,3858.0,2321.0,1903.0,2666.0,3958.0,1102.0,3142.0,1447.0,2859.0,2497.0,1134.0,1913.0,2191.0,559.0,2816.0
1821.0,1922.0,2941.0,385.0,1206.0,3650.0,2850.0,1785.0,201.0,1375.0,1336.0,2314.0,2897.0,3885.0,3161.0,2131.0,1526.0,3235.0,2068.0,247.0,3485.0,3130.0,3504.0,1704.0,3608.0
650.0,3110.0,733.0,358.0,2758.0,2766.0,2098.0,2384.0,4093.0,1072.0,613.0,386.0,2540.0,162.0,2256.0,2201.0,1516.0,3837.0,1815.0,1722.0,2747.0,3251.0,3501.0,1114.0,3310.0
1134.0,4040.0,2551.0,1376.0,522.0,73.0,1255.0,2511.0,2509.0,791.0,2048.0,3898.0,448.0,938.0,748.0,2521.0,2394.0,2339.0,2932.0,981.0,3902.0,678.0,113.0,3348.0,661.0
1194.0,772.0,214.0,936.0,1784.0,3531.0,3407.0,900.0,227.0,3250.0,1209.0,1190.0,2555.0,3578.0,1209.0,184.0,299.0,4002.0,2146.0,3962.0,2790.0,2179.0,3245.0,975.0,1327.0
1419.0,1865.0,18.0,2973.0,1713.0,3988.0,2728.0,1263.0,3152.0,3324.0,2481.0,940.0,3580.0,2338.0,2547.0,1918.0,552.0,3745.0,2368.0,4045.0,3537.0,2599.0,415.0,1776.0,3167.0
2504.0,3801.0,2029.0,3388.0,2561.0,2055.0,354.0,380.0,1939.0,564.0,1157.0,2405.0,506.0,2537.0,3693.0,1174.0,1381.0,378.0,3174.0,3124.0,4013.0,364.0,1439.0,3382.0,441.0
1811.0,1576.0,1893.0,2545.0,244.0,2315.0,3620.0,3520.0,3736.0,463.0,17.0,74.0,2624.0,2416.0,2833.0,920.0,50.0,3494.0,88.0,927.0,3450.0,1299.0,3195.0,1834.0,169.0
809.0,4055.0,3495.0,3544.0,774.0,2853.0,978.0,731.0,831.0,518.0,2968.0,121.0,2336.0,3726.0,3087.0,9.0,1220.0,1149.0,1144.0,2606.0,2010.0,2385.0,3775.0,3015.0,3408.0
1625.0,1179.0,401.0,2224.0,3710.0,1206.0,1472.0,3058.0,3157.0,36.0,3981.0,1290.0,3136.0,457.0,3627.0,1989.0,971.0,1827.0,582.0,2711.0,258.0,1330.0,3856.0,1942.0,3423.0
2347.0,978.0,1917.0,919.0,2308.0,2429.0,823.0,686.0,1217.0,3955.0,2730.0,2160.0,3662.0,2865.0,2016.0,1533.0,290.0,2659.0,977.0,1448.0,3402.0,683.0,2813.0,3142.0,1894.0
3522.0,394.0,3665.0,298.0,1109.0,1140.0,710.0,3379.0,1147.0,944.0,2454.0,3261.0,2615.0,2879.0,1119.0,193.0,1728.0,2688.0,2944.0,3346.0,2198.0,3017.0,1422.0,1700.0,3302.0
3250.0,626.0,1134.0,28.0,2646.0,1327.0,3801.0,4092.0,3752.0,2750.0,3067.0,592.0,3444.0,849.0,2887.0,2243.0,2537.0,1349.0,3226.0,600.0,1031.0,1271.0,1834.0,3741.0,2698.0
3015.0,3465.0,2800.0,3937.0,913.0,3315.0,64.0,2373.0,3499.0,638.0,1220.0,78.0,2061.0,1650.0,2973.0,3029.0,2719.0,3090.0,1600.0,873.0,4028.0,2287.0,3437.0,1478.0,1754.0
1237.0,2131.0,2423.0,508.0,3007.0,894.0,2179.0,284.0,136.0,1089.0,2842.0,2732.0,2173.0,2756.0,1425.0,1635.0,1031.0,87.0,1689.0,3025.0,3068.0,3615.0,208.0,3695.0,309.0
1339.0,2189.0,3947.0,1501.0,2094.0,2876.0,1391.0,1583.0,351.0,2743.0,652.0,1830.0,994.0,3288.0,1461.0,1837.0,2591.0,310.0,706.0,4088.0,849.0,3914.0,1832.0,1891.0,1859.0
2145.0,427.0,3157.0,3946.0,3118.0,1269.0,3399.0,151.0,535.0,3141.0,3558.0,3039.0,2390.0,3841.0,867.0,489.0,2250.0,2984.0,1679.0,2042.0,1925.0,3423.0,1199.0,285.0,565.0
2725.0,2277.0,2312.0,3244.0,543.0,786.0,985.0,2391.0,571.0,787.0,3738.0,3122.0,522.0,2532.0,1553.0,1454.0,554.0,678.0,2105.0,2002.0,2985.0,3126.0,2062.0,1433.0,3466.0
1345.0,1435.0,2011.0,1611.0,2020.0,3172.0,3594.0,2458.0,821.0,2149.0,1672.0,229.0,3941.0,2849.0,3302.0,2796.0,3406.0,451.0,2050.0,1596.0,3372.0,408.0,2012.0,2318.0,163.0
3583.0,487.0,477.0,2641.0,4011.0,3345.0,203.0,3315.0,3625.0,84.0,2155.0,3673.0,1953.0,3474.0,736.0,320.0,218.0,1151.0,2441.0,1351.0,3851.0,2381.0,1717.0,3506.0,709.0
3101.0,164.0,1883.0,3356.0,2223.0,1280.0,2248.0,3277.0,933.0,3287.0,2592.0,2007.0,2413.0,3158.0,2570.0,3233.0,3347.0,705.0,2916.0,1548.0,549.0,2243.0,532.0,2555.0,1635.0
3242.0,3605.0,3614.0,1354.0,3029.0,3444.0,235.0,2225.0,1972.0,85.0,272.0,2629.0,2858.0,3852.0,2979.0,2860.0,546.0,3836.0,2240.0,1228.0,85.0,2059.0,3606.0,1833.0,53.0
2606.0,1504.0,1684.0,1672.0,2252.0,2144.0,1249.0,1092.0,1951.0,848.0,366.0,1434.0,3523.0,1782.0,2747.0,3624.0,3143.0,4077.0,3516.0,1175.0,451.0,1115.0,1515.0,1381.0,1092.0
1215.0,1918.0,2771.0,3552.0,1215.0,1421.0,3406.0,3726.0,3931.0,3987.0,3746.0,1734.0,3796.0,1538.0,3097.0,2932.0,1284.0,446.0,1233.0,3925.0,1547.0,884.0,2123.0,2534.0,3964.0
3192.0,3041.0,4006.0,1785.0,3285.0,2810.0,1795.0,1758.0,3245.0,4048.0,2346.0,1208.0,3318.0,3270.0,809.0,138.0,1360.0,1429.0,1281.0,4035.0,3057.0,3247.0,1734.0,3409.0,2792.0
492.0,2435.0,667.0,3461.0,509.0,2493.0,3841.0,1294.0,3463.0,3083.0,2707.0,1995.0,972.0,574.0,2460.0,3466.0,979.0,86.0,2532.0,776.0,3987.0,3390.0,2011.0,2221.0,613.0
996.0,1601.0,3656.0,3331.0,1351.0,1856.0,2367.0,1469.0,3408.0,2391.0,3580.0,2123.0,3666.0,3213.0,1801.0,1357.0,464.0,92.0,3634.0,677.0,1016.0,1905.0,4021.0,360.0,2657.0
1308.0,357.0,1693.0,1135.0,1981.0,3949.0,693.0,709.0,2187.0,563.0,2193.0,2462.0,129.0,97.0,1971.0,452.0,134.0,3012.0,838.0,497.0,2806.0,2534.0,2736.0,103.0,1269.0
2075.0,2479.0,649.0,817.0,2954.0,2738.0,1571.0,317.0,3044.0,1245.0,906.0,725.0,190.0,2603.0,3565.0,20.0,3404.0,3389.0,1429.0,751.0,788.0,3104.0,3467.0,2754.0,3740.0
38.0,465.0,3245.0,2927.0,1350.0,3381.0,3455.0,491.0,3510.0,1915.0,382.0,191.0,3702.0,1117.0,3537.0,1054.0,3127.0,278.0,1219.0,3998.0,3292.0,719.0,2584.0,2009.0,538.0
360.0,1578.0,1430.0,2985.0,3265.0,1190.0,2680.0,2794.0,3188.0,344.0,2656.0,2436.0,3184.0,3047.0,3273.0,4027.0,3770.0,2152.0,3095.0,92.0,3111.0,1528.0,1025.0,1578.0,1112.0
479.0,2730.0,1396.0,2907.0,2357.0,3640.0,2599.0,713.0,3108.0,1294.0,1870.0,2891.0,1535.0,355.0,1976.0,1095.0,3785.0,2983.0,82.0,2312.0,2787.0,3562.0,4097.0,153.0,388.0
2243.0,3816.0,2437.0,1929.0,345.0,2950.0,2378.0,3216.0,1610.0,3976.0,1607.0,3124.0,890.0,1375.0,1611.0,1368.0,759.0,2967.0,3130.0,1498.0,1264.0,1603.0,2670.0,3318.0,1770.0
1612.0,1405.0,647.0,3565.0,363.0,459.0,2524.0,1183.0,1527.0,749.0,1035.0,1355.0,2848.0,3253.0,3248.0,3953.0,3627.0,2425.0,2903.0,1117.0,2650.0,2218.0,373.0,3144.0,974.0
1475.0,1599.0,953.0,617.0,1194.0,1380.0,3845.0,1663.0,1068.0,3001.0,882.0,4041.0,2766.0,3854.0,1198.0,283.0,2717.0,3034.0,2733.0,2460.0,2306.0,3477.0,4088.0,2531.0,2585.0
59.0,1238.0,2077.0,556.0,512.0,1372.0,3846.0,2338.0,,3536.0,3908.0,2197.0,393.0,2793.0,2030.0,2446.0,1759.0,2809.0,1427.0,3616.0,2031.0,2192.0,1637.0,3493.0,584.0
3768.0,2477.0,3030.0,1825.0,2789.0,578.0,3056.0,1607.0,,3875.0,2508.0,336.0,241.0,2069.0,3209.0,3400.0,2414.0,3786.0,2300.0,938.0,2254.0,2519.0,287.0,988.0,20.0
4090.0,1097.0,3190.0,2895.0,1602.0,1463.0,2164.0,1045.0,,2216.0,3594.0,1304.0,436.0,3260.0,934.0,602.0,2253.0,2582.0,238.0,2884.0,73.0,1208.0,3834.0,1542.0,1320.0
1023.0,3765.0,1085.0,2377.0,3714.0,1483.0,861.0,1928.0,,2139.0,1632.0,1840.0,3996.0,827.0,1307.0,295.0,536.0,2218.0,2541.0,2551.0,905.0,2209.0,1890.0,3545.0,4022.0
2198.0,1386.0,3770.0,1920.0,3719.0,434.0,413.0,2232.0,,3995.0,572.0,3750.0,643.0,379.0,3658.0,2244.0,1358.0,2392.0,880.0,6.0,3634.0,3584.0,971.0,1518.0,16.0
3279.0,987.0,2142.0,3129.0,3228.0,3933.0,626.0,2374.0,,2829.0,1774.0,1298.0,3863.0,444.0,3812.0,2552.0,3957.0,3146.0,1165.0,3410.0,2599.0,2306.0,2044.0,1087.0,3766.0
674.0,1099.0,1154.0,3260.0,568.0,3898.0,2381.0,1875.0,,2204.0,1576.0,278.0,3611.0,3538.0,1310.0,2376.0,100.0,2670.0,3354.0,3711.0,1669.0,1406.0,1197.0,3748.0,4027.0
1220.0,882.0,3643.0,2362.0,1290.0,1302.0,1396.0,129.0,,1065.0,3178.0,1914.0,1760.0,3871.0,1870.0,3545.0,3141.0,3302.0,996.0,3394.0,1402.0,4029.0,2378.0,998.0,1464.0
1548.0,473.0,3756.0,2463.0,1907.0,2420.0,3806.0,1916.0,,2359.0,1383.0,2219.0,2842.0,800.0,3144.0,1590.0,3740.0,1748.0,417.0,3790.0,709.0,69.0,1852.0,1610.0,4006.0
1217.0,646.0,2314.0,2767.0,2703.0,3072.0,4102.0,1604.0,,241.0,4046.0,2329.0,907.0,3489.0,1308.0,2181.0,3559.0,257.0,3292.0,2323.0,1896.0,1975.0,3619.0,3008.0,1717.0
2092.0,4090.0,853.0,1765.0,429.0,1505.0,3105.0,2048.0,,3248.0,487.0,1664.0,1192.0,2850.0,3286.0,3495.0,2919.0,1183.0,1376.0,356.0,286.0,2134.0,2256.0,1678.0,509.0
4076.0,2669.0,284.0,2580.0,2980.0,1555.0,488.0,3170.0,,1936.0,3308.0,2884.0,2084.0,1468.0,3154.0,1335.0,2946.0,3111.0,1843.0,42.0,1910.0,2564.0,3884.0,641.0,1450.0
2584.0,2494.0,2500.0,3549.0,169.0,3570.0,3364.0,2763.0,,2073.0,3288.0,3721.0,2881.0,2723.0,2115.0,2242.0,315.0,1391.0,1048.0,2458.0,2807.0,935.0,2892.0,2596.0,2864.0
3637.0,1814.0,3949.0,635.0,2507.0,376.0,3546.0,3979.0,,3153.0,2014.0,711.0,492.0,3425.0,1687.0,2835.0,1324.0,4079.0,3495.0,799.0,2975.0,3778.0,2437.0,3250.0,758.0
1495.0,3194.0,3276.0,1027.0,1126.0,3104.0,2210.0,1099.0,,220.0,3393.0,1358.0,649.0,3155.0,3061.0,2168.0,2178.0,3823.0,2791.0,706.0,740.0,1319.0,2078.0,3864.0,1326.0
3117.0,1921.0,2841.0,3437.0,2694.0,2057.0,313.0,2108.0,,218.0,1839.0,1129.0,3461.0,2382.0,3600.0,3752.0,3265.0,82.0,3891.0,659.0,2054.0,313.0,1243.0,1671.0,2440.0
2681.0,2239.0,2600.0,240.0,4095.0,310.0,1438.0,382.0,,913.0,1514.0,492.0,582.0,2898.0,1919.0,2429.0,3547.0,2079.0,696.0,4084.0,3245.0,4042.0,702.0,1091.0,964.0
9.0,1997.0,3282.0,1292.0,157.0,697.0,263.0,3533.0,,296.0,3467.0,3511.0,2238.0,278.0,1276.0,3036.0,728.0,94.0,3228.0,2844.0,2148.0,537.0,3776.0,1544.0,2601.0
2892.0,2449.0,785.0,1319.0,3366.0,94.0,181.0,2630.0,,1462.0,510.0,4081.0,4088.0,50.0,193.0,1113.0,318.0,3513.0,2147.0,2934.0,3810.0,1719.0,3862.0,3584.0,1280.0
137.0,1616.0,1243.0,2674.0,1941.0,2270.0,806.0,2820.0,,2515.0,1255.0,1788.0,3603.0,2512.0,528.0,3542.0,4074.0,295.0,2920.0,1061.0,684.0,809.0,3876.0,2451.0,1723.0
2824.0,2745.0,2823.0,921.0,1558.0,500.0,3250.0,1435.0,,2734.0,896.0,1712.0,172.0,586.0,2577.0,2051.0,3944.0,204.0,2031.0,752.0,2092.0,852.0,2370.0,3241.0,2887.0
617.0,4002.0,1965.0,2081.0,722.0,2296.0,469.0,161.0,,389.0,699.0,754.0,293.0,1115.0,2163.0,2533.0,1701.0,2647.0,44.0,1063.0,3763.0,3055.0,1069.0,4023.0,649.0
557.0,2246.0,1316.0,2117.0,998.0,371.0,1314.0,3131.0,,4045.0,283.0,3799.0,1054.0,773.0,1713.0,414.0,805.0,3850.0,330.0,3141.0,543.0,590.0,376.0,3370.0,4064.0
983.0,3772.0,134.0,3989.0,113.0,1973.0,3856.0,2849.0,,2812.0,2671.0,1798.0,411.0,1690.0,889.0,2803.0,1586.0,69.0,2953.0,591.0,1235.0,2934.0,360.0,3036.0,3721.0
920.0,1974.0,182.0,515.0,810.0,3184.0,1082.0,1992.0,,562.0,2728.0,1403.0,646.0,2954.0,1287.0,3842.0,2586.0,1972.0,580.0,4092.0,3655.0,3459.0,3147.0,732.0,3351.0
1538.0,2222.0,2553.0,2258.0,911.0,81.0,3844.0,1166.0,,3550.0,1867.0,3987.0,1290.0,799.0,1860.0,1038.0,3047.0,568.0,179.0,1409.0,2310.0,3446.0,3953.0,3805.0,1765.0
1849.0,185.0,1281.0,479.0,691.0,1598.0,3836.0,2861.0,,4000.0,1323.0,1458.0,2581.0,2748.0,585.0,923.0,3401.0,873.0,2891.0,2391.0,1508.0,3993.0,239.0,2574.0,3555.0
2033.0,2601.0,2356.0,1887.0,3356.0,2221.0,1135.0,3017.0,,1574.0,2576.0,2223.0,1865.0,2548.0,2950.0,2329.0,508.0,2598.0,1795.0,1126.0,1570.0,3405.0,2325.0,786.0,1279.0
3938.0,3520.0,2387.0,724.0,2802.0,631.0,2246.0,1637.0,,1214.0,1014.0,208.0,1523.0,3884.0,1498.0,2158.0,2148.0,3896.0,327.0,475.0,761.0,3257.0,317.0,2167.0,1722.0
3205.0,248.0,767.0,3573.0,3790.0,1593.0,1871.0,776.0,,2280.0,988.0,2.0,3758.0,696.0,3090.0,1407.0,690.0,4019.0,3737.0,2280.0,854.0,2054.0,1738.0,1628.0,2539.0
1327.0,102.0,3411.0,3643.0,3443.0,4047.0,1257.0,2621.0,,2632.0,3866.0,3114.0,2738.0,3321.0,1497.0,2344.0,51.0,2925.0,2571.0,2343.0,2792.0,3387.0,2586.0,2960.0,738.0
2231.0,1210.0,2462.0,3319.0,34.0,2272.0,3358.0,1477.0,,3793.0,2070.0,146.0,1202.0,977.0,412.0,3335.0,121.0,1691.0,230.0,2468.0,1893.0,3787.0,1792.0,2195.0,2327.0
2964.0,3377.0,2007.0,538.0,292.0,1044.0,1723.0,1654.0,,2704.0,520.0,114.0,3530.0,2471.0,2116.0,1010.0,3761.0,1800.0,3428.0,3935.0,1121.0,1016.0,1592.0,664.0,3642.0
867.0,2964.0,425.0,1426.0,3026.0,1316.0,3028.0,560.0,,3327.0,1075.0,3682.0,1423.0,304.0,2694.0,2393.0,2805.0,3031.0,3128.0,1079.0,3732.0,2034.0,2599.0,3461.0,361.0
147.0,3606.0,2030.0,3000.0,3266.0,571.0,348.0,3396.0,,221.0,3693.0,734.0,54.0,982.0,4001.0,4092.0,1055.0,1048.0,3710.0,3210.0,3820.0,2063.0,3753.0,2873.0,2827.0
1245.0,3872.0,3709.0,2869.0,3836.0,3047.0,3022.0,2123.0,,3845.0,1315.0,2664.0,2119.0,1566.0,2184.0,2672.0,1847.0,3369.0,1609.0,1472.0,2467.0,2417.0,3814.0,2084.0,843.0
1832.0,1966.0,2931.0,2056.0,1716.0,3244.0,345.0,3854.0,,1277.0,1784.0,2685.0,3040.0,332.0,569.0,1725.0,975.0,1826.0,477.0,2375.0,3346.0,4044.0,1733.0,2067.0,1143.0
3069.0,1521.0,3006.0,1956.0,1820.0,2678.0,1412.0,1476.0,,1778.0,2719.0,1924.0,838.0,2264.0,2880.0,2432.0,3161.0,1342.0,903.0,380.0,353.0,2606.0,1692.0,1969.0,310.0
2637.0,1625.0,3683.0,3410.0,3656.0,1311.0,2499.0,730.0,,1589.0,2008.0,3325.0,2458.0,4100.0,2287.0,1586.0,2209.0,845.0,692.0,1994.0,482.0,1775.0,3694.0,263.0,3809.0
2197.0,1018.0,1028.0,3550.0,3808.0,2763.0,2747.0,3590.0,,40.0,2539.0,338.0,3732.0,4024.0,3934.0,1463.0,473.0,223.0,3933.0,3361.0,1026.0,2766.0,2831.0,3233.0,3360.0
4098.0,477.0,2795.0,1943.0,868.0,315.0,4053.0,1426.0,,1346.0,2465.0,2527.0,3039.0,2600.0,920.0,4004.0,3084.0,2770.0,121.0,1373.0,3386.0,1771.0,4092.0,2101.0,2145.0
1565.0,475.0,2125.0,3001.0,1679.0,2988.0,3000.0,3980.0,,2767.0,997.0,2877.0,4102.0,2263.0,3240.0,2451.0,1476.0,3587.0,3549.0,2212.0,2392.0,2681.0,791.0,591.0,1541.0
2740.0,2652.0,3484.0,2100.0,3739.0,3387.0,306.0,4086.0,,2956.0,1988.0,113.0,1245.0,3027.0,3444.0,1581.0,230.0,626.0,1195.0,1828.0,2323.0,1337.0,2638.0,3656.0,1096.0
2132.0,994.0,1602.0,312.0,60.0,1076.0,482.0,3113.0,,1975.0,1571.0,2673.0,175.0,1178.0,571.0,3784.0,911.0,3564.0,936.0,1893.0,3056.0,1035.0,2089.0,1555.0,2389.0
3277.0,3444.0,2053.0,3863.0,2594.0,1743.0,3515.0,2702.0,,3589.0,3686.0,2962.0,598.0,2909.0,2599.0,1889.0,545.0,4094.0,2099.0,894.0,2434.0,481.0,3786.0,140.0,1821.0
1451.0,3749.0,3592.0,3476.0,3067.0,1596.0,3119.0,2133.0,,1542.0,3703.0,2187.0,2312.0,3304.0,951.0,3327.0,3130.0,2400.0,2210.0,1848.0,889.0,1873.0,3835.0,2669.0,640.0
1782.0,3409.0,2660.0,3111.0,1312.0,3997.0,2029.0,2708.0,,2135.0,1205.0,499.0,2687.0,225.0,1894.0,1314.0,1122.0,755.0,3262.0,317.0,828.0,3663.0,1170.0,2838.0,1414.0
1132.0,1091.0,45.0,523.0,3638.0,4034.0,3405.0,2551.0,,1596.0,2659.0,110.0,377.0,49.0,2859.0,3767.0,637.0,981.0,1240.0,3267.0,1338.0,2669.0,2743.0,1442.0,1495.0
73.0,4087.0,982.0,1693.0,606.0,2637.0,850.0,1369.0,,3401.0,2130.0,2711.0,3242.0,3707.0,3420.0,214.0,1305.0,1664.0,2170.0,3611.0,688.0,2538.0,782.0,133.0,3457.0
2084.0,3967.0,3732.0,4058.0,648.0,1355.0,41.0,2055.0,,55.0,1879.0,1326.0,4080.0,3865.0,3857.0,666.0,1467.0,3175.0,1508.0,77.0,2006.0,51.0,3158.0,3270.0,336.0
1620.0,461.0,1821.0,756.0,1906.0,1662.0,1716.0,1338.0,,2152.0,3044.0,1036.0,3399.0,1383.0,117.0,3123.0,2703.0,1268.0,1414.0,2794.0,2632.0,1801.0,2998.0,2471.0,3231.0
3138.0,685.0,697.0,1710.0,4086.0,1168.0,277.0,2618.0,,3658.0,3462.0,318.0,1221.0,3336.0,2377.0,2843.0,2916.0,1187.0,73.0,50.0,4099.0,2266.0,981.0,3302.0,1246.0
3.0,1609.0,1135.0,3935.0,3723.0,2953.0,2462.0,842.0,,3413.0,2940.0,2384.0,2075.0,2910.0,2789.0,3012.0,2288.0,3335.0,2397.0,3289.0,2029.0,2823.0,3518.0,3882.0,3686.0
549.0,2674.0,1237.0,2528.0,161.0,302.0,287.0,1192.0,,4080.0,715.0,2983.0,1504.0,731.0,2406.0,2859.0,3735.0,3166.0,3714.0,28.0,2235.0,1607.0,156.0,1897.0,2414.0
3447.0,938.0,983.0,693.0,2350.0,3014.0,305.0,1535.0,,3197.0,625.0,3096.0,1074.0,417.0,3877.0,2546.0,1703.0,1461.0,2473.0,3233.0,902.0,100.0,794.0,826.0,29.0
1861.0,90.0,669.0,3694.0,1495.0,541.0,412.0,4030.0,,2420.0,3386.0,2048.0,953.0,1975.0,815.0,582.0,1562.0,2636.0,3705.0,2134.0,587.0,1388.0,247.0,981.0,3627.0
3763.0,2720.0,3236.0,2343.0,3167.0,1828.0,822.0,3035.0,,17.0,2274.0,2770.0,3135.0,1689.0,2332.0,1888.0,2556.0,1425.0,1818.0,2318.0,3970.0,283.0,111.0,2898.0,3288.0
1494.0,1236.0,1850.0,3070.0,3208.0,915.0,3460.0,3619.0,,622.0,3445.0,4023.0,3142.0,1920.0,1167.0,1165.0,794.0,3320.0,2379.0,1392.0,799.0,883.0,2164.0,4027.0,876.0
363.0,2203.0,1939.0,3131.0,3310.0,1764.0,750.0,3457.0,,2028.0,1448.0,3936.0,473.0,228.0,1160.0,527.0,3339.0,945.0,1031.0,2710.0,1119.0,2115.0,701.0,935.0,3603.0
608.0,3517.0,1729.0,4067.0,159.0,3031.0,2375.0,2271.0,,3080.0,1993.0,1684.0,2033.0,299.0,1096.0,617.0,1497.0,722.0,528.0,990.0,453.0,3049.0,2453.0,2676.0,2314.0
1850.0,205.0,1297.0,1074.0,751.0,1115.0,3549.0,3884.0,,2123.0,,66.0,3550.0,3772.0,1627.0,3270.0,710.0,3010.0,74.0,1015.0,2710.0,729.0,1699.0,2026.0,697.0
3313.0,3006.0,2766.0,925.0,3704.0,3181.0,40.0,1575.0,,2463.0,,1468.0,3879.0,1608.0,442.0,1172.0,653.0,2008.0,2577.0,1699.0,2386.0,2537.0,2728.0,3180.0,2935.0
883.0,2020.0,636.0,3920.0,3101.0,3367.0,2554.0,1335.0,,1433.0,,1895.0,2745.0,2732.0,2047.0,719.0,260.0,57.0,3970.0,1545.0,678.0,2985.0,613.0,2905.0,2468.0
436.0,3103.0,4045.0,2080.0,3770.0,1625.0,3584.0,1736.0,,2541.0,,2625.0,3509.0,3233.0,233.0,3832.0,4070.0,4056.0,186.0,3840.0,1919.0,2256.0,1149.0,3845.0,3036.0
3245.0,3743.0,969.0,1949.0,3258.0,2058.0,2241.0,1291.0,,2126.0,,2243.0,3368.0,3428.0,1239.0,1569.0,2185.0,3603.0,911.0,3214.0,2899.0,2897.0,1442.0,1515.0,2885.0
3525.0,645.0,2503.0,301.0,3652.0,1169.0,3443.0,2336.0,,1455.0,,1898.0,1960.0,4087.0,3134.0,245.0,3363.0,3914.0,2679.0,1415.0,553.0,420.0,2632.0,2120.0,2754.0
3412.0,1135.0,3123.0,2653.0,2950.0,856.0,2295.0,1680.0,,831.0,,2165.0,2.0,2011.0,2177.0,1981.0,828.0,3826.0,2658.0,3921.0,527.0,3545.0,3082.0,1771.0,1626.0
2012.0,969.0,4000.0,4027.0,3864.0,1867.0,2629.0,3737.0,,2687.0,,1030.0,1990.0,1607.0,1337.0,648.0,1068.0,556.0,3991.0,592.0,2859.0,840.0,935.0,2224.0,1178.0
1453.0,3802.0,2949.0,2798.0,3077.0,3297.0,3427.0,2871.0,,1437.0,,979.0,3150.0,2920.0,3465.0,1066.0,3561.0,3379.0,2373.0,2072.0,696.0,3635.0,3668.0,1177.0,473.0
3782.0,3217.0,173.0,205.0,3877.0,160.0,2769.0,1757.0,,335.0,,1696.0,3355.0,3032.0,3752.0,75.0,2164.0,3370.0,350.0,197.0,3190.0,2541.0,2322.0,1355.0,2016.0
415.0,407.0,414.0,552.0,114.0,614.0,2944.0,2822.0,,2573.0,,1597.0,2405.0,3590.0,1279.0,2444.0,1641.0,3135.0,2223.0,1072.0,1849.0,2602.0,1994.0,3081.0,1480.0
2699.0,3287.0,1756.0,2126.0,3535.0,1822.0,3081.0,168.0,,2698.0,,1915.0,2977.0,4033.0,2128.0,3481.0,3014.0,2650.0,3353.0,1940.0,4091.0,1154.0,519.0,2007.0,2074.0
3733.0,3786.0,2622.0,824.0,2633.0,3063.0,428.0,3472.0,,3268.0,,2567.0,14.0,2610.0,348.0,422.0,1779.0,428.0,3056.0,2563.0,2068.0,1469.0,1332.0,2504.0,2611.0
2417.0,220.0,2601.0,3365.0,813.0,2484.0,929.0,2578.0,,674.0,,2066.0,2106.0,568.0,1562.0,1011.0,1065.0,785.0,1503.0,3182.0,3972.0,915.0,258.0,2739.0,4000.0
554.0,2281.0,885.0,863.0,2903.0,1934.0,1149.0,3014.0,,3290.0,,797.0,2438.0,746.0,2272.0,2105.0,3133.0,3895.0,425.0,4096.0,2301.0,1586.0,1164.0,740.0,151.0
1934.0,1363.0,635.0,3916.0,1054.0,3817.0,1921.0,2947.0,,3243.0,,2981.0,2741.0,3491.0,26.0,3977.0,3248.0,3108.0,1690.0,2796.0,3390.0,2768.0,524.0,2686.0,1334.0
496.0,1977.0,3995.0,3892.0,806.0,1628.0,1520.0,2520.0,,745.0,,3038.0,3260.0,2196.0,3854.0,3910.0,2662.0,992.0,29.0,21.0,3422.0,2031.0,2908.0,1603.0,3839.0
214.0,768.0,1131.0,820.0,2736.0,2186.0,1763.0,886.0,,2011.0,,3988.0,604.0,1606.0,817.0,2914.0,3247.0,3758.0,2237.0,2891.0,3318.0,898.0,1015.0,447.0,3087.0
2072.0,3997.0,3700.0,4008.0,1433.0,2204.0,2960.0,1997.0,,1103.0,,4008.0,1443.0,1817.0,3563.0,3570.0,537.0,3345.0,3653.0,1261.0,1287.0,3070.0,2678.0,3846.0,2737.0
1632.0,1414.0,499.0,611.0,2748.0,1640.0,1254.0,912.0,,1636.0,,907.0,3380.0,1266.0,2970.0,3463.0,1585.0,2580.0,69.0,2590.0,30.0,1443.0,2456.0,2875.0,2242.0
1938.0,3319.0,486.0,3160.0,2384.0,3082.0,2418.0,2166.0,,3195.0,,2957.0,3505.0,1966.0,1598.0,3781.0,197.0,1944.0,2149.0,2402.0,3682.0,2625.0,1202.0,3785.0,3999.0
1234.0,2383.0,978.0,146.0,1796.0,558.0,2257.0,904.0,,747.0,,590.0,2920.0,1722.0,3414.0,464.0,1623.0,103.0,2876.0,2157.0,2982.0,877.0,1148.0,3422.0,766.0
3148.0,3745.0,826.0,1770.0,1053.0,2556.0,698.0,3201.0,,2748.0,,1954.0,1774.0,2460.0,2951.0,3634.0,2286.0,2104.0,2695.0,2813.0,386.0,4028.0,2996.0,2354.0,1184.0
3994.0,3240.0,3163.0,3801.0,1830.0,3518.0,3558.0,2744.0,,1841.0,,3299.0,335.0,14.0,524.0,2537.0,926.0,2559.0,3966.0,1536.0,2462.0,83.0,640.0,4044.0,320.0
377.0,1107.0,703.0,415.0,3961.0,996.0,892.0,1278.0,,1263.0,,2398.0,895.0,2394.0,3922.0,2085.0,2430.0,2594.0,1730.0,2572.0,2127.0,2989.0,2498.0,648.0,2093.0
745.0,842.0,3013.0,1936.0,2800.0,3537.0,2808.0,3556.0,,1690.0,,3873.0,2776.0,4058.0,1522.0,2919.0,3076.0,3655.0,3784.0,3278.0,631.0,1263.0,2128.0,746.0,1506.0
2110.0,2245.0,756.0,1373.0,986.0,503.0,852.0,2446.0,,1767.0,,3522.0,2702.0,139.0,3291.0,1105.0,3148.0,3640.0,538.0,809.0,3365.0,744.0,2812.0,2441.0,667.0
3730.0,3706.0,928.0,3955.0,2297.0,577.0,3956.0,2669.0,,3496.0,,436.0,565.0,960.0,2278.0,1486.0,2759.0,1105.0,1036.0,393.0,966.0,1555.0,882.0,3385.0,2878.0
3960.0,1028.0,2650.0,1327.0,3364.0,684.0,3126.0,926.0,,3833.0,,1255.0,1398.0,2565.0,409.0,2026.0,255.0,2290.0,1317.0,4047.0,530.0,2274.0,850.0,2891.0,1514.0
3223.0,565.0,3902.0,502.0,2370.0,1872.0,1198.0,3553.0,,3611.0,,3047.0,419.0,1092.0,43.0,3668.0,3661.0,2624.0,4050.0,1334.0,1139.0,722.0,2961.0,3249.0,292.0
3194.0,3936.0,1649.0,2368.0,2831.0,2106.0,2525.0,1951.0,,3210.0,,830.0,3820.0,795.0,1250.0,3226.0,3477.0,1585.0,1639.0,3414.0,2399.0,1843.0,1658.0,3136.0,3471.0
3887.0,876.0,2319.0,434.0,2662.0,3618.0,1955.0,1008.0,,400.0,,3907.0,4101.0,3722.0,3281.0,3264.0,3442.0,313.0,1246.0,3379.0,2063.0,1302.0,777.0,1832.0,1237.0
2085.0,2211.0,3651.0,1900.0,3825.0,1914.0,864.0,1029.0,,583.0,,1611.0,1426.0,2546.0,3771.0,2207.0,1349.0,2814.0,1646.0,2543.0,3037.0,3945.0,455.0,2506.0,808.0
3469.0,3927.0,375.0,495.0,2044.0,3871.0,1020.0,1929.0,,2602.0,,3764.0,446.0,1781.0,1955.0,1084.0,3879.0,612.0,389.0,246.0,3801.0,4049.0,1901.0,1921.0,96.0
3788.0,2431.0,1534.0,972.0,3569.0,2148.0,3037.0,606.0,,1043.0,,653.0,1366.0,3888.0,627.0,556.0,907.0,3157.0,2113.0,2333.0,3744.0,3202.0,2777.0,3437.0,3127.0
1609.0,2903.0,774.0,2841.0,2027.0,1936.0,285.0,2624.0,,2918.0,,3871.0,2101.0,634.0,2794.0,678.0,2024.0,926.0,3418.0,2870.0,3639.0,184.0,2957.0,356.0,398.0
2802.0,3555.0,772.0,1959.0,2415.0,3286.0,1124.0,3266.0,,2867.0,,274.0,1087.0,2233.0,3341.0,2967.0,3231.0,2045.0,2083.0,668.0,1008.0,3102.0,3708.0,3525.0,3895.0
356.0,1287.0,1475.0,2570.0,3796.0,1148.0,2209.0,3712.0,,2449.0,,1837.0,9.0,2422.0,1200.0,2269.0,1042.0,803.0,1479.0,2860.0,818.0,3843.0,3341.0,915.0,3771.0
1554.0,344.0,4028.0,914.0,38.0,975.0,3326.0,3840.0,,2822.0,,1153.0,3281.0,460.0,929.0,1028.0,2364.0,3696.0,2858.0,1213.0,2156.0,52.0,1519.0,2962.0,1958.0
2658.0,52.0,112.0,75.0,891.0,547.0,3394.0,3847.0,,3896.0,,873.0,3014.0,2160.0,1970.0,563.0,1217.0,3282.0,3185.0,2832.0,1374.0,1356.0,730.0,2452.0,1549.0
1724.0,2096.0,3362.0,3254.0,2870.0,183.0,1527.0,1204.0,,885.0,,3839.0,2269.0,3774.0,387.0,2281.0,2545.0,1053.0,456.0,2670.0,900.0,3938.0,464.0,56.0,3342.0
2685.0,504.0,3708.0,1207.0,3916.0,1508.0,492.0,1747.0,,3053.0,,2695.0,773.0,319.0,575.0,3054.0,3205.0,1178.0,1712.0,3993.0,4102.0,689.0,2653.0,1042.0,1086.0
2694.0,2536.0,115.0,3351.0,238.0,3224.0,1829.0,1177.0,,3027.0,,3891.0,3809.0,939.0,2154.0,382.0,2457.0,2936.0,1477.0,417.0,955.0,2761.0,1678.0,390.0,3130.0
1430.0,1861.0,1326.0,3025.0,3433.0,2082.0,449.0,1222.0,,3578.0,,2774.0,2647.0,294.0,1846.0,585.0,3009.0,1274.0,2995.0,1804.0,1898.0,3520.0,705.0,653.0,541.0
4097.0,3767.0,3183.0,708.0,144.0,22.0,4009.0,3202.0,,796.0,,3672.0,2944.0,373.0,2525.0,3375.0,2879.0,2025.0,1849.0,2286.0,2037.0,148.0,2525.0,706.0,857.0
3428.0,2084.0,3303.0,2145.0,2821.0,3013.0,1229.0,1899.0,,255.0,,1216.0,3100.0,1358.0,1421.0,1206.0,902.0,2470.0,1749.0,2162.0,1818.0,1475.0,3958.0,1554.0,2114.0
119.0,3382.0,1879.0,2731.0,1100.0,3818.0,4083.0,2706.0,,1060.0,,989.0,1832.0,2425.0,2828.0,3729.0,1290.0,2338.0,101.0,3377.0,2777.0,2655.0,1909.0,401.0,3350.0
2348.0,2680.0,2713.0,3817.0,1625.0,2793.0,351.0,2499.0,,1173.0,,160.0,2171.0,441.0,830.0,153.0,1880.0,2231.0,3849.0,2756.0,844.0,3494.0,1141.0,3961.0,997.0
3119.0,2863.0,3994.0,2999.0,2084.0,259.0,51.0,3519.0,,4093.0,,156.0,551.0,1541.0,928.0,3722.0,2323.0,590.0,862.0,1166.0,1464.0,1763.0,3544.0,3775.0,3623.0
766.0,2015.0,3807.0,1416.0,3134.0,3077.0,2789.0,68.0,,1430.0,,1118.0,1282.0,2385.0,3068.0,1732.0,1651.0,2634.0,883.0,3548.0,2704.0,3955.0,2432.0,3637.0,996.0
801.0,1039.0,1677.0,61.0,947.0,3979.0,2376.0,3516.0,,127.0,,3633.0,3526.0,3132.0,3648.0,929.0,3002.0,2633.0,366.0,274.0,142.0,2601.0,2046.0,1221.0,3000.0
3572.0,2792.0,2037.0,2984.0,3427.0,2698.0,3821.0,2178.0,,3902.0,,3560.0,2874.0,2373.0,1428.0,3241.0,1181.0,1573.0,407.0,1203.0,2993.0,2949.0,647.0,515.0,370.0
3632.0,3955.0,3329.0,2832.0,2358.0,2050.0,1192.0,960.0,,1392.0,,4062.0,1880.0,2934.0,82.0,956.0,736.0,1015.0,2427.0,3382.0,489.0,358.0,3935.0,1022.0,3255.0
1837.0,1222.0,3096.0,1980.0,688.0,3148.0,3212.0,34.0,,2036.0,,568.0,235.0,2692.0,3536.0,3065.0,398.0,2556.0,2277.0,605.0,1808.0,2554.0,3169.0,1540.0,3368.0
1233.0,1567.0,2459.0,2609.0,3317.0,1127.0,2459.0,2826.0,,325.0,,483.0,2231.0,2100.0,2637.0,327.0,2873.0,217.0,3404.0,709.0,4022.0,3666.0,3254.0,123.0,694.0
1979.0,3958.0,900.0,2728.0,4016.0,2360.0,0.0,720.0,,736.0,,1051.0,1132.0,3383.0,3999.0,2646.0,1333.0,3328.0,170.0,567.0,170.0,308.0,4058.0,685.0,2080.0
261.0,3721.0,874.0,1411.0,2100.0,356.0,3370.0,837.0,,2027.0,,1261.0,417.0,3299.0,3697.0,1643.0,632.0,1222.0,3108.0,3282.0,1441.0,3031.0,1779.0,528.0,2916.0
3518.0,4070.0,3060.0,142.0,1836.0,27.0,621.0,2989.0,,2296.0,,330.0,1659.0,1406.0,3456.0,2830.0,382.0,1109.0,58.0,3924.0,275.0,2553.0,493.0,396.0,1090.0
1727.0,380.0,274.0,2342.0,3690.0,484.0,1912.0,3502.0,,1900.0,,1280.0,3447.0,2407.0,1094.0,1032.0,3680.0,2903.0,3913.0,2055.0,1734.0,663.0,2588.0,1543.0,3506.0
1729.0,2515.0,3020.0,2948.0,1748.0,857.0,3020.0,740.0,,1511.0,,2332.0,755.0,1589.0,2510.0,2641.0,206.0,549.0,3020.0,1433.0,1319.0,3801.0,3587.0,3680.0,2876.0
1669.0,241.0,304.0,971.0,2793.0,234.0,2918.0,3072.0,,2322.0,,982.0,12.0,1698.0,1057.0,2101.0,3979.0,2207.0,646.0,1892.0,3427.0,4081.0,3332.0,2201.0,3448.0
4029.0,2727.0,570.0,701.0,3197.0,3178.0,940.0,2818.0,,3137.0,,2755.0,2877.0,2209.0,1278.0,3756.0,3098.0,1000.0,1163.0,3659.0,1618.0,2260.0,367.0,1088.0,2888.0
2706.0,4076.0,687.0,3230.0,1800.0,3199.0,2966.0,1786.0,,87.0,,2596.0,11.0,1834.0,2235.0,916.0,3928.0,946.0,2180.0,1873.0,3174.0,1288.0,2077.0,1248.0,4028.0
2686.0,4027.0,732.0,3100.0,773.0,1204.0,2320.0,2045.0,,3881.0,,1442.0,964.0,636.0,3032.0,3255.0,232.0,101.0,2708.0,80.0,4084.0,66.0,1356.0,399.0,3545.0
959.0,3547.0,2067.0,1940.0,1847.0,3820.0,4019.0,1819.0,,445.0,,597.0,3336.0,210.0,3093.0,4080.0,2393.0,2672.0,3103.0,3846.0,2752.0,2373.0,1732.0,29.0,3209.0
660.0,2004.0,1800.0,624.0,2236.0,1715.0,2557.0,54.0,,3928.0,,4036.0,3263.0,3784.0,1520.0,3016.0,456.0,1501.0,2245.0,3106.0,1480.0,3601.0,2094.0,3414.0,3947.0
584.0,3410.0,3130.0,129.0,3250.0,1222.0,557.0,2479.0,,757.0,,3205.0,1440.0,3146.0,385.0,1076.0,2578.0,912.0,2778.0,16.0,537.0,2009.0,1136.0,2733.0,3904.0
515.0,3175.0,2651.0,2235.0,2176.0,650.0,3434.0,1287.0,,338.0,,3770.0,1692.0,1705.0,848.0,2372.0,2688.0,288.0,61.0,637.0,3358.0,1733.0,1593.0,2904.0,168.0
1390.0,1681.0,1515.0,3335.0,2314.0,1604.0,3852.0,1988.0,,284.0,,2577.0,3122.0,3101.0,2338.0,49.0,271.0,3215.0,525.0,1406.0,2914.0,3836.0,1542.0,1878.0,3912.0
483.0,651.0,1191.0,1316.0,884.0,1885.0,4001.0,408.0,,2628.0,,3120.0,2733.0,2675.0,358.0,1138.0,3734.0,1456.0,2047.0,2426.0,652.0,3505.0,929.0,2044.0,2421.0
2707.0,2979.0,319.0,890.0,2280.0,317.0,2186.0,2737.0,,4092.0,,1297.0,1288.0,2219.0,3106.0,1731.0,1680.0,1368.0,2488.0,2599.0,821.0,3561.0,2488.0,1611.0,1890.0
1072.0,885.0,2572.0,1312.0,990.0,2394.0,4010.0,632.0,,206.0,,925.0,3191.0,3211.0,2952.0,2872.0,3241.0,1666.0,1349.0,132.0,3255.0,591.0,222.0,3041.0,2593.0
3551.0,1766.0,2411.0,1982.0,782.0,3850.0,2175.0,1782.0,,1121.0,,3774.0,3859.0,3639.0,2601.0,387.0,3659.0,4013.0,3909.0,2013.0,2930.0,3448.0,2773.0,3182.0,1508.0
2728.0,2035.0,2195.0,3704.0,2726.0,330.0,4089.0,1065.0,,2951.0,,1880.0,2175.0,2049.0,1348.0,1883.0,16.0,373.0,419.0,644.0,2663.0,2650.0,51.0,1086.0,3473.0
1830.0,960.0,1219.0,3353.0,1279.0,30.0,2910.0,1704.0,,792.0,,924.0,3001.0,1265.0,116.0,2966.0,2948.0,3008.0,3502.0,2439.0,2027.0,2715.0,3148.0,1272.0,3758.0
1499.0,1887.0,3350.0,3574.0,84.0,1896.0,1838.0,3816.0,,145.0,,402.0,1602.0,2320.0,3767.0,275.0,3008.0,1774.0,4016.0,2336.0,2615.0,3240.0,2512.0,25.0,2972.0
2855.0,1516.0,1698.0,601.0,416.0,2199.0,1661.0,2207.0,,912.0,,504.0,3048.0,2550.0,3574.0,255.0,1950.0,1531.0,3137.0,3593.0,3144.0,783.0,2628.0,2667.0,2623.0
3357.0,398.0,3232.0,3768.0,2241.0,3980.0,2920.0,1834.0,,4061.0,,454.0,3625.0,754.0,558.0,1219.0,516.0,3946.0,3908.0,2383.0,1259.0,175.0,604.0,2833.0,2341.0
2937.0,2430.0,3744.0,1023.0,300.0,2659.0,1309.0,3839.0,,1347.0,,2959.0,891.0,4047.0,3666.0,316.0,1859.0,4088.0,3060.0,1434.0,2313.0,924.0,3517.0,619.0,2239.0
2806.0,1081.0,2734.0,3133.0,36.0,1513.0,1167.0,19.0,,2055.0,,2965.0,2823.0,3464.0,1583.0,3334.0,2159.0,3736.0,486.0,1757.0,315.0,1836.0,1450.0,2315.0,1285.0
3009.0,3356.0,3264.0,1360.0,1606.0,2355.0,3670.0,1536.0,,2835.0,,363.0,4004.0,3972.0,443.0,3291.0,241.0,203.0,3349.0,1138.0,1347.0,4074.0,1550.0,749.0,900.0
3485.0,1301.0,2229.0,1814.0,1386.0,942.0,566.0,2662.0,,3297.0,,82.0,806.0,2453.0,3502.0,1124.0,3175.0,2012.0,1198.0,1559.0,149.0,776.0,2484.0,3411.0,1561.0
257.0,2178.0,482.0,2750.0,1671.0,3539.0,3166.0,596.0,,172.0,,2967.0,608.0,3922.0,3065.0,1807.0,2489.0,729.0,2998.0,2299.0,752.0,2437.0,3881.0,861.0,1395.0
1652.0,1409.0,2732.0,492.0,545.0,3113.0,1092.0,1859.0,,2608.0,,3034.0,2648.0,2132.0,966.0,611.0,3810.0,2724.0,4039.0,2610.0,1055.0,881.0,184.0,127.0,1752.0
3209.0,1229.0,1855.0,204.0,2688.0,785.0,2327.0,377.0,,1369.0,,247.0,249.0,1079.0,159.0,2082.0,1559.0,2841.0,668.0,2215.0,3966.0,1452.0,2960.0,2164.0,1878.0
2500.0,1276.0,2719.0,1698.0,3755.0,2119.0,1911.0,1108.0,,387.0,,3476.0,3915.0,259.0,898.0,2916.0,2661.0,1918.0,1886.0,112.0,1678.0,3432.0,2528.0,1485.0,2840.0
5.0,2238.0,2932.0,557.0,2532.0,2815.0,551.0,2894.0,,1571.0,,3851.0,1389.0,858.0,2352.0,1181.0,2239.0,1219.0,3295.0,2189.0,3636.0,622.0,1710.0,2957.0,948.0
205.0,1277.0,2089.0,1970.0,975.0,1669.0,2256.0,230.0,,3231.0,,368.0,3448.0,341.0,2840.0,971.0,1132.0,3033.0,1199.0,3754.0,1180.0,1354.0,2828.0,3401.0,1406.0
1539.0,1384.0,3554.0,3464.0,4087.0,2165.0,3948.0,1595.0,,216.0,,1916.0,3735.0,306.0,1059.0,2861.0,675.0,1867.0,935.0,987.0,2257.0,1101.0,136.0,3288.0,1986.0
2645.0,1118.0,3897.0,300.0,1923.0,406.0,1810.0,589.0,,1674.0,,3512.0,843.0,3373.0,804.0,2609.0,3578.0,2810.0,2013.0,249.0,2108.0,145.0,3079.0,1466.0,844.0
3495.0,227.0,2302.0,3592.0,456.0,2020.0,1718.0,3811.0,,1258.0,,719.0,3410.0,2568.0,2865.0,1457.0,1810.0,2684.0,1194.0,1728.0,620.0,2809.0,2358.0,553.0,951.0
2379.0,3686.0,1472.0,1850.0,3887.0,3348.0,3452.0,645.0,,44.0,,3420.0,1271.0,3828.0,2894.0,511.0,823.0,3611.0,2307.0,1274.0,2680.0,869.0,2302.0,2011.0,2875.0
2663.0,450.0,2900.0,2270.0,2827.0,3194.0,3530.0,3083.0,,2920.0,,2518.0,20.0,2953.0,555.0,2367.0,1983.0,2244.0,1743.0,1825.0,2784.0,1039.0,3433.0,3166.0,3363.0
1251.0,382.0,2246.0,2799.0,298.0,448.0,3274.0,14.0,,1119.0,,3178.0,4075.0,1494.0,4093.0,3920.0,10.0,860.0,2640.0,1212.0,2655.0,359.0,303.0,3892.0,366.0
3644.0,1292.0,2930.0,663.0,3126.0,2173.0,1624.0,913.0,,2089.0,,2086.0,3906.0,167.0,1613.0,689.0,2887.0,622.0,194.0,1202.0,4076.0,1257.0,1552.0,994.0,1050.0
384.0,623.0,127.0,418.0,2182.0,758.0,2167.0,1389.0,,1099.0,,1394.0,2357.0,2065.0,2334.0,2104.0,1545.0,2714.0,2780.0,133.0,2588.0,3922.0,3369.0,1933.0,3512.0
2487.0,2843.0,93.0,1613.0,1430.0,466.0,3968.0,3928.0,,1091.0,,3801.0,3699.0,1603.0,1570.0,2797.0,4101.0,3455.0,1225.0,1007.0,733.0,664.0,989.0,3630.0,1389.0
1331.0,1480.0,415.0,1062.0,2070.0,1471.0,1495.0,3447.0,,878.0,,3223.0,2190.0,365.0,3203.0,3689.0,2614.0,3578.0,571.0,2414.0,605.0,3823.0,1905.0,315.0,1924.0
3455.0,3456.0,1935.0,1666.0,1570.0,636.0,282.0,1052.0,,2619.0,,3004.0,46.0,3135.0,3691.0,775.0,1704.0,3493.0,3558.0,48.0,1945.0,3388.0,834.0,3524.0,3834.0
1799.0,1832.0,1585.0,1168.0,1063.0,1171.0,1056.0,3214.0,,2266.0,,3282.0,2366.0,507.0,350.0,1016.0,2361.0,171.0,1272.0,1891.0,3051.0,1367.0,1162.0,909.0,68.0
357.0,3847.0,1537.0,132.0,2893.0,4000.0,3854.0,178.0,,2117.0,,1577.0,2449.0,2255.0,859.0,1932.0,2853.0,649.0,155.0,1360.0,2595.0,271.0,877.0,1653.0,936.0
2518.0,2251.0,1374.0,2822.0,1006.0,1782.0,2819.0,3275.0,,1326.0,,2579.0,2151.0,1763.0,1587.0,324.0,1351.0,763.0,2955.0,2848.0,4019.0,564.0,3316.0,2755.0,3029.0
1203.0,3212.0,96.0,3878.0,1762.0,2641.0,3092.0,2020.0,,3592.0,,2171.0,3489.0,1176.0,2766.0,952.0,3775.0,396.0,2972.0,253.0,3531.0,3419.0,334.0,3827.0,551.0
671.0,4101.0,821.0,2792.0,1024.0,3263.0,83.0,1909.0,,897.0,,3001.0,1163.0,1107.0,1433.0,1237.0,619.0,2393.0,888.0,1653.0,467.0,447.0,1490.0,3279.0,1828.0
1976.0,444.0,204.0,93.0,822.0,3540.0,456.0,2238.0,,3822.0,,3837.0,2654.0,2037.0,3952.0,2599.0,1987.0,3291.0,1619.0,791.0,3378.0,329.0,3204.0,1621.0,3661.0
149.0,4099.0,3448.0,2744.0,1293.0,3021.0,1725.0,590.0,,513.0,,932.0,344.0,3094.0,3076.0,2136.0,825.0,2276.0,303.0,910.0,3440.0,1057.0,913.0,2488.0,3513.0
1545.0,2009.0,3533.0,2626.0,1297.0,3334.0,3019.0,1319.0,,2650.0,,403.0,3741.0,3249.0,341.0,3667.0,1391.0,1929.0,3124.0,1964.0,2404.0,1789.0,2337.0,1364.0,4038.0
3552.0,4088.0,2102.0,2807.0,1751.0,1057.0,2663.0,3680.0,,2667.0,,2070.0,2384.0,2569.0,1089.0,1399.0,2374.0,1414.0,1562.0,2194.0,2602.0,3277.0,2648.0,268.0,141.0
3257.0,1026.0,149.0,1740.0,1276.0,1607.0,254.0,1619.0,,2566.0,,589.0,1122.0,2191.0,4063.0,1612.0,2048.0,93.0,1904.0,205.0,842.0,3076.0,3581.0,1521.0,1171.0
116.0,3612.0,621.0,1923.0,2210.0,3904.0,1645.0,1926.0,,2479.0,,1063.0,2866.0,1446.0,1625.0,2264.0,1689.0,1885.0,3369.0,2125.0,2685.0,163.0,1811.0,1944.0,2800.0
1894.0,3228.0,2421.0,2894.0,453.0,3431.0,1437.0,2454.0,,367.0,,1196.0,1342.0,2387.0,1579.0,1979.0,63.0,1448.0,3716.0,3067.0,1780.0,1170.0,1642.0,3727.0,522.0
3958.0,572.0,3364.0,3843.0,3816.0,2403.0,1978.0,1924.0,,1531.0,,2984.0,930.0,1020.0,1996.0,4057.0,3493.0,3670.0,1548.0,1544.0,2606.0,3256.0,857.0,3076.0,2502.0
3303.0,81.0,2431.0,2603.0,2054.0,483.0,3269.0,3593.0,,2758.0,,1303.0,2591.0,616.0,1128.0,2354.0,2726.0,1454.0,2359.0,3322.0,1785.0,557.0,2805.0,2184.0,2079.0
2229.0,3738.0,1653.0,2432.0,3131.0,3301.0,3134.0,3679.0,,4091.0,,1988.0,1992.0,218.0,1170.0,2435.0,296.0,3307.0,458.0,2161.0,1684.0,1243.0,2127.0,769.0,2814.0
1777.0,2638.0,422.0,568.0,2548.0,1566.0,1913.0,1228.0,,2547.0,,1254.0,2325.0,839.0,759.0,1204.0,1343.0,780.0,3024.0,1312.0,477.0,998.0,4075.0,1819.0,2907.0
2497.0,183.0,3366.0,3628.0,3934.0,1035.0,2325.0,2695.0,,3021.0,,1186.0,918.0,3927.0,264.0,3769.0,3799.0,3999.0,3704.0,1411.0,3079.0,457.0,2523.0,880.0,162.0
3387.0,941.0,872.0,2378.0,2477.0,244.0,335.0,3791.0,,3179.0,,751.0,3359.0,466.0,704.0,894.0,1556.0,3059.0,652.0,2296.0,3673.0,1996.0,1070.0,1113.0,2576.0
2340.0,3335.0,238.0,2099.0,4028.0,3318.0,2148.0,3974.0,,2250.0,,130.0,3239.0,3200.0,609.0,3206.0,2905.0,64.0,746.0,177.0,956.0,865.0,648.0,1131.0,2109.0
1013.0,3322.0,2031.0,3256.0,2379.0,4035.0,2444.0,3335.0,,767.0,,3378.0,584.0,2174.0,3820.0,2132.0,3784.0,3779.0,3604.0,493.0,1288.0,820.0,2569.0,3057.0,511.0
2227.0,43.0,3102.0,2073.0,1167.0,3837.0,3381.0,3583.0,,2129.0,,1070.0,3748.0,3944.0,1951.0,1921.0,1136.0,3730.0,642.0,1256.0,3307.0,303.0,3201.0,2545.0,2821.0
3882.0,3297.0,1227.0,2026.0,3561.0,3751.0,2122.0,1845.0,,1494.0,,3922.0,1233.0,1923.0,1469.0,3991.0,3662.0,1428.0,3376.0,2453.0,2134.0,3147.0,3547.0,2214.0,1737.0
2210.0,2913.0,868.0,539.0,3292.0,4038.0,2065.0,2097.0,,1032.0,,809.0,231.0,3379.0,1730.0,1803.0,3448.0,249.0,4083.0,2553.0,2446.0,2133.0,3170.0,202.0,295.0
2129.0,3060.0,3482.0,511.0,2813.0,3507.0,1019.0,2983.0,,2881.0,,2380.0,1470.0,3203.0,4071.0,3620.0,3998.0,2441.0,181.0,1271.0,2374.0,48.0,1091.0,1165.0,676.0
4028.0,3413.0,1940.0,1926.0,698.0,2571.0,990.0,3092.0,,2567.0,,2229.0,3899.0,3375.0,3778.0,2869.0,3896.0,1736.0,1949.0,871.0,1005.0,2610.0,557.0,681.0,46.0
2450.0,409.0,1397.0,1752.0,2850.0,2509.0,2457.0,2588.0,,1914.0,,1205.0,580.0,99.0,258.0,2943.0,2636.0,3180.0,3335.0,2080.0,3430.0,2580.0,2868.0,1163.0,1174.0
1119.0,3394.0,1232.0,3003.0,3439.0,843.0,2687.0,1925.0,,678.0,,199.0,1694.0,2058.0,2310.0,541.0,447.0,3904.0,2508.0,1960.0,1067.0,2792.0,2606.0,2653.0,3192.0
135.0,3657.0,2845.0,3555.0,1646.0,3816.0,2584.0,2063.0,,1384.0,,841.0,1173.0,3384.0,1913.0,654.0,2446.0,1730.0,3776.0,2976.0,2230.0,2097.0,2433.0,562.0,56.0
3830.0,2975.0,752.0,874.0,3700.0,1242.0,212.0,1229.0,,509.0,,2486.0,3492.0,557.0,1659.0,2710.0,2795.0,268.0,1047.0,770.0,3592.0,2236.0,1990.0,4001.0,2381.0
1706.0,875.0,1668.0,378.0,2077.0,2696.0,3535.0,2751.0,,1877.0,,3621.0,2318.0,200.0,3427.0,2172.0,1167.0,3605.0,2375.0,738.0,1621.0,268.0,2401.0,461.0,2700.0
499.0,3636.0,2309.0,2704.0,3955.0,3679.0,2392.0,3080.0,,301.0,,3696.0,3857.0,1493.0,3277.0,3804.0,363.0,3589.0,1228.0,2487.0,3457.0,3935.0,522.0,1471.0,3213.0
1680.0,1888.0,963.0,2268.0,1407.0,3008.0,682.0,326.0,,1961.0,,2691.0,3561.0,156.0,2831.0,2046.0,1801.0,3648.0,3861.0,896.0,2706.0,510.0,2536.0,1424.0,265.0
851.0,2771.0,2747.0,2012.0,2276.0,2994.0,3975.0,2893.0,,727.0,,3765.0,196.0,283.0,1525.0,1406.0,3951.0,1471.0,334.0,850.0,3958.0,1887.0,1477.0,341.0,976.0
600.0,857.0,2081.0,1656.0,2729.0,2104.0,3233.0,275.0,,3387.0,,3.0,89.0,45.0,896.0,3571.0,1203.0,1667.0,4030.0,1479.0,3767.0,1793.0,3034.0,2659.0,2099.0
957.0,3648.0,527.0,1498.0,1873.0,2608.0,2064.0,798.0,,1821.0,,2846.0,4011.0,820.0,1456.0,3949.0,1073.0,110.0,3720.0,1165.0,404.0,2434.0,542.0,2261.0,2134.0
3449.0,1137.0,3198.0,2676.0,3399.0,2819.0,3690.0,1450.0,,3779.0,,1452.0,2302.0,1871.0,3549.0,2295.0,1981.0,3071.0,926.0,3532.0,3519.0,3466.0,1947.0,859.0,3015.0
628.0,806.0,2380.0,3997.0,3945.0,1391.0,2817.0,2859.0,,3744.0,,958.0,2693.0,1927.0,3039.0,3450.0,3894.0,635.0,279.0,1153.0,1.0,3113.0,2133.0,958.0,3002.0
3798.0,1513.0,2843.0,1903.0,2074.0,1789.0,1668.0,788.0,,2304.0,,3442.0,2522.0,1018.0,96.0,1289.0,3665.0,1214.0,1131.0,864.0,700.0,2672.0,4038.0,410.0,2330.0
2609.0,44.0,3750.0,3526.0,1851.0,2002.0,2338.0,2728.0,,3639.0,,129.0,2373.0,290.0,2783.0,1661.0,2205.0,1231.0,3091.0,2625.0,2950.0,3166.0,255.0,1068.0,3472.0
3955.0,1102.0,2473.0,3738.0,3496.0,3499.0,3332.0,1998.0,,150.0,,1557.0,202.0,3697.0,2869.0,2617.0,4096.0,3457.0,3337.0,1016.0,3818.0,2313.0,673.0,1707.0,3943.0
2020.0,3509.0,3104.0,3193.0,0.0,3170.0,3396.0,1382.0,,3305.0,,4091.0,3612.0,1511.0,2722.0,3468.0,3516.0,2811.0,2629.0,3043.0,1303.0,704.0,1925.0,463.0,2527.0
1966.0,2996.0,3425.0,340.0,3158.0,36.0,75.0,1172.0,,2218.0,,3875.0,2949.0,3973.0,297.0,1632.0,781.0,348.0,844.0,3807.0,1255.0,1373.0,1003.0,772.0,659.0
2632.0,1244.0,790.0,1467.0,2557.0,1687.0,1140.0,3732.0,,3824.0,,2904.0,3804.0,1334.0,2541.0,4002.0,3587.0,3704.0,3489.0,2985.0,2561.0,3000.0,1847.0,79.0,1679.0
3457.0,1173.0,3453.0,542.0,3705.0,1889.0,1207.0,3179.0,,1368.0,,3702.0,1213.0,3924.0,3354.0,3574.0,2891.0,4070.0,3854.0,2888.0,358.0,2401.0,1169.0,2616.0,3221.0
95.0,3198.0,3403.0,1952.0,3682.0,594.0,980.0,181.0,,2002.0,,2353.0,1970.0,2845.0,2009.0,1226.0,1567.0,3378.0,2082.0,231.0,2084.0,1173.0,3135.0,1593.0,3054.0
2044.0,2113.0,1611.0,3607.0,3693.0,1367.0,2587.0,2833.0,,3006.0,,2217.0,1620.0,803.0,3378.0,2041.0,2926.0,766.0,2257.0,1862.0,1491.0,2898.0,977.0,165.0,2903.0
2615.0,194.0,2782.0,327.0,2133.0,246.0,3330.0,1317.0,,2950.0,,896.0,3456.0,3458.0,2316.0,3326.0,763.0,3116.0,1085.0,542.0,2282.0,1826.0,1236.0,816.0,2952.0
3438.0,1323.0,4071.0,1187.0,1869.0,303.0,2957.0,3677.0,,443.0,,251.0,1102.0,3506.0,2536.0,2385.0,3195.0,2187.0,71.0,3934.0,1083.0,2383.0,4005.0,599.0,1884.0
317.0,296.0,3108.0,672.0,3692.0,2196.0,138.0,3935.0,,673.0,,291.0,623.0,2358.0,449.0,644.0,1855.0,2310.0,481.0,715.0,3759.0,3810.0,3018.0,1004.0,1555.0
209.0,915.0,2347.0,2880.0,1061.0,386.0,3385.0,736.0,,2808.0,,3631.0,3279.0,1745.0,545.0,3990.0,727.0,3802.0,649.0,3855.0,1842.0,2092.0,3038.0,1903.0,1260.0
1304.0,659.0,395.0,1826.0,1275.0,4020.0,708.0,475.0,,3851.0,,1367.0,3583.0,2913.0,2419.0,207.0,2246.0,3742.0,902.0,533.0,2964.0,1436.0,3238.0,3383.0,789.0
2159.0,2272.0,3468.0,157.0,1537.0,3.0,1183.0,328.0,,119.0,,2512.0,1537.0,3714.0,3404.0,1319.0,3674.0,2034.0,1430.0,2135.0,2465.0,1513.0,2952.0,1161.0,2189.0
3927.0,2530.0,2554.0,1605.0,410.0,1012.0,3567.0,544.0,,1932.0,,3820.0,2589.0,1558.0,38.0,3493.0,1873.0,2977.0,2822.0,470.0,2795.0,2901.0,1419.0,1126.0,2397.0
787.0,1512.0,493.0,3894.0,14.0,164.0,909.0,2979.0,,3667.0,,136.0,3070.0,639.0,407.0,2531.0,400.0,3044.0,1927.0,1723.0,3881.0,1759.0,2704.0,3614.0,414.0
2387.0,1701.0,1664.0,2473.0,2934.0,2224.0,849.0,853.0,,2047.0,,2747.0,3214.0,106.0,2531.0,1164.0,2062.0,3760.0,2463.0,2762.0,1774.0,2230.0,443.0,1596.0,2672.0
387.0,1932.0,2241.0,1004.0,3971.0,1723.0,1473.0,3838.0,,2876.0,,2128.0,2595.0,698.0,3954.0,1498.0,287.0,3013.0,845.0,1511.0,4015.0,3265.0,1096.0,3283.0,818.0
2310.0,1370.0,984.0,3240.0,3606.0,1919.0,619.0,2816.0,,2086.0,,2179.0,2596.0,113.0,656.0,1516.0,3582.0,3719.0,3216.0,1826.0,2043.0,2567.0,2776.0,339.0,9.0
540.0,621.0,546.0,3006.0,859.0,3390.0,3986.0,908.0,,260.0,,1490.0,3845.0,3825.0,3676.0,216.0,3936.0,3160.0,2914.0,663.0,1582.0,2939.0,2195.0,2671.0,829.0
3900.0,3976.0,615.0,1475.0,997.0,3699.0,686.0,2002.0,,3291.0,,3268.0,1928.0,1580.0,2796.0,2555.0,3766.0,1508.0,3036.0,2010.0,1932.0,2245.0,315.0,533.0,3860.0
927.0,1151.0,3169.0,1452.0,979.0,882.0,3101.0,2008.0,,2045.0,,1294.0,2760.0,324.0,3508.0,2958.0,2985.0,1689.0,2128.0,142.0,4067.0,3873.0,1421.0,3140.0,3394.0
536.0,1910.0,2211.0,980.0,1.0,1078.0,479.0,3307.0,,3151.0,,2739.0,2970.0,2024.0,1077.0,2585.0,697.0,366.0,3741.0,4043.0,3220.0,42.0,3073.0,1294.0,1969.0
2467.0,1311.0,2354.0,2642.0,2309.0,3308.0,2334.0,2776.0,,1681.0,,397.0,1968.0,3594.0,2562.0,3459.0,963.0,,3208.0,1571.0,1321.0,3933.0,2667.0,1936.0,4089.0
90.0,2853.0,2440.0,2687.0,3296.0,1128.0,2657.0,1157.0,,215.0,,2794.0,112.0,1548.0,3809.0,1850.0,3301.0,,2014.0,794.0,3244.0,1745.0,3220.0,444.0,2503.0
1857.0,3034.0,3875.0,2726.0,2427.0,1288.0,1884.0,2792.0,,3942.0,,2194.0,2706.0,3245.0,3163.0,869.0,1280.0,,2501.0,1731.0,2824.0,2353.0,2051.0,3850.0,4039.0
2960.0,1226.0,1703.0,580.0,1389.0,3982.0,2398.0,154.0,,3699.0,,3437.0,1356.0,323.0,1668.0,2284.0,3275.0,,758.0,2747.0,3822.0,177.0,962.0,142.0,771.0
1686.0,724.0,692.0,3115.0,2033.0,3963.0,4058.0,2251.0,,1211.0,,3597.0,880.0,2458.0,4038.0,1100.0,1885.0,,2405.0,3942.0,2592.0,941.0,2242.0,2383.0,1494.0
2562.0,2539.0,1435.0,3271.0,265.0,3613.0,1930.0,2762.0,,2948.0,,2553.0,3786.0,4053.0,1740.0,1156.0,3485.0,,2465.0,1247.0,3884.0,2498.0,672.0,3557.0,660.0
2455.0,3627.0,3583.0,2231.0,2999.0,455.0,3590.0,601.0,,2145.0,,2870.0,62.0,3548.0,2038.0,3050.0,3373.0,,503.0,595.0,1584.0,3806.0,2419.0,3120.0,1978.0
3702.0,2761.0,3344.0,1085.0,1743.0,4070.0,3879.0,802.0,,2699.0,,3556.0,2940.0,1789.0,749.0,3511.0,2912.0,,679.0,3873.0,1222.0,3649.0,2641.0,1099.0,3497.0
2359.0,4010.0,69.0,912.0,539.0,258.0,1068.0,2681.0,,3566.0,,19.0,3837.0,2601.0,3053.0,3015.0,3789.0,,1141.0,3567.0,2343.0,786.0,20.0,995.0,3835.0
1730.0,2898.0,2407.0,3837.0,2782.0,2435.0,2176.0,3223.0,,4087.0,,2074.0,2157.0,3985.0,2435.0,77.0,1170.0,,3164.0,4009.0,2709.0,2125.0,2563.0,835.0,2172.0
3435.0,2219.0,3916.0,3400.0,47.0,1588.0,3039.0,477.0,,585.0,,3926.0,2410.0,3478.0,1492.0,2267.0,906.0,,1786.0,1632.0,1224.0,122.0,3830.0,3077.0,3862.0
3555.0,1939.0,674.0,957.0,362.0,1062.0,1236.0,3766.0,,2969.0,,1379.0,2058.0,2971.0,3348.0,2310.0,635.0,,2026.0,1238.0,51.0,752.0,760.0,1109.0,944.0
478.0,2603.0,1212.0,1218.0,342.0,904.0,1954.0,2165.0,,2709.0,,3643.0,3823.0,1667.0,3111.0,2020.0,3193.0,,3578.0,3350.0,2182.0,3435.0,1215.0,2948.0,465.0
311.0,4081.0,3814.0,482.0,2215.0,125.0,3704.0,1949.0,,959.0,,1222.0,749.0,1972.0,864.0,657.0,2103.0,,1237.0,1347.0,4058.0,1093.0,718.0,824.0,3031.0
2396.0,1267.0,161.0,1562.0,1725.0,778.0,3815.0,570.0,,854.0,,2422.0,3912.0,363.0,1813.0,3581.0,2307.0,,1129.0,3499.0,626.0,3543.0,1790.0,514.0,1751.0
2785.0,1316.0,1075.0,3819.0,955.0,416.0,2220.0,3571.0,,3249.0,,837.0,3430.0,296.0,3539.0,1912.0,1445.0,,685.0,3523.0,3296.0,2880.0,2765.0,2365.0,1297.0
1334.0,1189.0,761.0,1914.0,2965.0,1047.0,109.0,3105.0,,1958.0,,712.0,1307.0,3414.0,3994.0,2204.0,1520.0,,2862.0,1568.0,3184.0,387.0,3173.0,3844.0,3871.0
3595.0,722.0,2972.0,464.0,1648.0,1611.0,3016.0,4070.0,,2367.0,,2150.0,1625.0,244.0,2346.0,437.0,3805.0,,1793.0,588.0,2326.0,2342.0,2741.0,3628.0,3476.0
2521.0,1685.0,685.0,3231.0,2122.0,3373.0,1146.0,2516.0,,455.0,,3509.0,50.0,1163.0,4059.0,2176.0,3026.0,,650.0,32.0,171.0,975.0,1579.0,1186.0,2622.0
134.0,3782.0,1301.0,3039.0,1065.0,2046.0,3505.0,3656.0,,378.0,,3787.0,739.0,1061.0,2658.0,2103.0,525.0,,203.0,2648.0,3699.0,49.0,1931.0,3484.0,1509.0
4022.0,1320.0,2363.0,1528.0,3182.0,75.0,3872.0,925.0,,1395.0,,2280.0,3182.0,413.0,3257.0,3735.0,2014.0,,2306.0,2127.0,1267.0,3289.0,1774.0,223.0,2739.0
1016.0,3016.0,1254.0,1073.0,3747.0,3589.0,195.0,3432.0,,3524.0,,728.0,940.0,2635.0,2703.0,350.0,504.0,,1972.0,3742.0,918.0,3263.0,651.0,1682.0,3279.0
2534.0,1774.0,3141.0,4069.0,1285.0,642.0,637.0,2572.0,,3201.0,,2288.0,653.0,2559.0,1541.0,958.0,3426.0,,1098.0,909.0,3903.0,834.0,3706.0,1930.0,1293.0
3868.0,854.0,2664.0,3253.0,2681.0,3501.0,3765.0,3424.0,,3326.0,,727.0,191.0,1448.0,3690.0,3259.0,3138.0,,3513.0,1878.0,542.0,2217.0,65.0,3138.0,5.0
3731.0,2195.0,2374.0,1774.0,1364.0,2508.0,1282.0,2552.0,,3557.0,,3505.0,3641.0,987.0,1154.0,4091.0,1298.0,,1999.0,979.0,1883.0,2240.0,1975.0,2654.0,1485.0
1021.0,2256.0,1311.0,1150.0,3643.0,2307.0,573.0,4022.0,,1714.0,,1679.0,2432.0,2993.0,3543.0,2307.0,3637.0,,2984.0,2827.0,3105.0,3530.0,2301.0,1182.0,3735.0
1826.0,1094.0,1746.0,3853.0,4045.0,2848.0,808.0,3805.0,,3858.0,,3338.0,3888.0,3020.0,641.0,218.0,166.0,,4084.0,2864.0,3123.0,2106.0,1650.0,203.0,1763.0
1629.0,2041.0,888.0,3746.0,463.0,4089.0,1028.0,104.0,,3892.0,,3809.0,3050.0,666.0,734.0,2984.0,2554.0,,574.0,694.0,283.0,1459.0,3710.0,3705.0,1488.0
2761.0,2630.0,3766.0,2458.0,430.0,622.0,1739.0,1922.0,,874.0,,4037.0,662.0,2046.0,1495.0,2110.0,3638.0,,2290.0,446.0,705.0,1126.0,3206.0,3510.0,104.0
1601.0,1393.0,3202.0,2062.0,2835.0,1119.0,2397.0,3829.0,,2707.0,,1246.0,418.0,1585.0,683.0,2858.0,1369.0,,1269.0,2418.0,3154.0,2654.0,3836.0,2530.0,2788.0
1781.0,1988.0,2545.0,2299.0,2156.0,3408.0,3804.0,177.0,,3478.0,,1323.0,2078.0,3063.0,2389.0,3518.0,667.0,,2814.0,3557.0,1703.0,1738.0,2651.0,1890.0,3223.0
2525.0,4037.0,1279.0,2038.0,1157.0,1052.0,3651.0,1547.0,,1401.0,,2152.0,140.0,3455.0,2719.0,1259.0,2932.0,,2558.0,3051.0,1955.0,3567.0,155.0,3239.0,2823.0
1238.0,2838.0,1717.0,2181.0,704.0,3119.0,2411.0,536.0,,898.0,,826.0,3166.0,2162.0,2856.0,1211.0,4085.0,,1987.0,341.0,3550.0,2149.0,879.0,3820.0,2146.0
3990.0,1025.0,1347.0,3614.0,3164.0,2454.0,2355.0,428.0,,3019.0,,2657.0,867.0,2283.0,3301.0,690.0,1361.0,,3122.0,1639.0,1757.0,3605.0,355.0,2500.0,1286.0
3695.0,2700.0,2444.0,2090.0,2299.0,2629.0,3503.0,4026.0,,4064.0,,3990.0,2154.0,2862.0,2421.0,3055.0,3727.0,,3840.0,2635.0,1606.0,2947.0,3352.0,4089.0,1021.0
482.0,3770.0,2507.0,480.0,3920.0,2982.0,3021.0,609.0,,1425.0,,2803.0,3679.0,2354.0,3920.0,202.0,2815.0,,2106.0,385.0,2670.0,492.0,1228.0,506.0,2733.0
1056.0,2813.0,706.0,1503.0,2575.0,2122.0,3657.0,1277.0,,605.0,,570.0,1789.0,2633.0,1546.0,2368.0,1726.0,,539.0,2810.0,913.0,906.0,561.0,3601.0,150.0
2698.0,4022.0,3821.0,3454.0,1989.0,2578.0,3338.0,2877.0,,3867.0,,1550.0,3372.0,3860.0,930.0,3006.0,1700.0,,299.0,3868.0,3175.0,2497.0,28.0,359.0,3273.0
292.0,422.0,3474.0,2976.0,2109.0,1935.0,3235.0,3001.0,,3812.0,,852.0,3160.0,3608.0,3305.0,3392.0,2794.0,,628.0,3774.0,2513.0,2844.0,218.0,3581.0,3945.0
2804.0,1898.0,88.0,2546.0,1607.0,3739.0,2567.0,476.0,,1443.0,,2584.0,625.0,918.0,991.0,3881.0,2112.0,,3072.0,2761.0,3270.0,754.0,551.0,1569.0,2331.0
1272.0,3259.0,2220.0,3235.0,3052.0,404.0,2909.0,455.0,,3295.0,,2335.0,1256.0,1484.0,3397.0,3824.0,3540.0,,732.0,332.0,1974.0,2512.0,2120.0,2246.0,2783.0
1862.0,2637.0,3206.0,3771.0,592.0,941.0,2807.0,2547.0,,964.0,,1121.0,759.0,2366.0,478.0,415.0,1186.0,,2762.0,3526.0,3500.0,627.0,2199.0,3291.0,995.0
293.0,899.0,177.0,3581.0,805.0,3123.0,2189.0,3581.0,,207.0,,526.0,3223.0,461.0,2594.0,2805.0,894.0,,3302.0,1049.0,3219.0,887.0,3973.0,2385.0,799.0
480.0,1726.0,2647.0,440.0,1039.0,2176.0,3180.0,474.0,,1480.0,,268.0,3120.0,2794.0,448.0,822.0,1825.0,,2564.0,1672.0,3918.0,2467.0,4039.0,412.0,2849.0
3218.0,2456.0,3725.0,3836.0,1947.0,1595.0,448.0,3616.0,,3270.0,,3697.0,2363.0,4026.0,2903.0,3216.0,189.0,,1111.0,2688.0,3409.0,3205.0,369.0,1855.0,3571.0
2064.0,337.0,1637.0,2077.0,2137.0,3767.0,598.0,2606.0,,4055.0,,1931.0,4068.0,869.0,101.0,2311.0,88.0,,3343.0,1269.0,3809.0,298.0,1144.0,3323.0,121.0
1790.0,3328.0,2663.0,543.0,2026.0,2430.0,3004.0,745.0,,2651.0,,2806.0,2138.0,2129.0,2355.0,4005.0,4002.0,,2931.0,2348.0,1567.0,2833.0,3274.0,4094.0,3357.0
2245.0,1706.0,720.0,3777.0,1759.0,2077.0,3337.0,131.0,,537.0,,1910.0,42.0,3002.0,2480.0,3742.0,685.0,,1469.0,1560.0,2373.0,186.0,3130.0,1038.0,1415.0
1842.0,2346.0,3873.0,1419.0,1890.0,2798.0,2298.0,3524.0,,3446.0,,520.0,431.0,98.0,3701.0,2178.0,3782.0,,1946.0,3333.0,601.0,1315.0,1208.0,3812.0,3056.0
977.0,757.0,1863.0,2657.0,1660.0,1405.0,1599.0,256.0,,2163.0,,1031.0,1962.0,629.0,650.0,579.0,3260.0,,1732.0,2145.0,3464.0,2502.0,2315.0,3642.0,2998.0
939.0,2848.0,1123.0,698.0,2943.0,66.0,3597.0,3414.0,,3588.0,,575.0,1511.0,1016.0,1194.0,191.0,2924.0,,2911.0,3766.0,202.0,3783.0,1572.0,511.0,2102.0
2236.0,3623.0,1504.0,4093.0,3297.0,2595.0,1963.0,3707.0,,1206.0,,211.0,1653.0,1627.0,3261.0,2186.0,2451.0,,3910.0,792.0,3364.0,2967.0,1451.0,2487.0,3530.0
2317.0,39.0,3489.0,1644.0,3145.0,1987.0,4030.0,2452.0,,75.0,,2393.0,615.0,617.0,3241.0,2767.0,2459.0,,2198.0,3343.0,284.0,1936.0,2615.0,3380.0,4067.0
264.0,3881.0,3324.0,1511.0,155.0,3231.0,700.0,3905.0,,2626.0,,1925.0,2909.0,1422.0,684.0,1638.0,3484.0,,2644.0,1167.0,989.0,263.0,2764.0,3988.0,477.0
3775.0,50.0,4079.0,2820.0,289.0,652.0,3007.0,1539.0,,3571.0,,2618.0,399.0,250.0,912.0,248.0,2886.0,,3957.0,3608.0,2850.0,2124.0,2362.0,2612.0,1258.0
843.0,1404.0,2121.0,352.0,168.0,1308.0,252.0,566.0,,1591.0,,1479.0,3836.0,479.0,833.0,3790.0,533.0,,1665.0,2365.0,2107.0,3672.0,3390.0,540.0,382.0
2099.0,375.0,2245.0,3982.0,1731.0,1092.0,1423.0,3438.0,,3276.0,,179.0,1459.0,2760.0,3368.0,2476.0,129.0,,3471.0,2982.0,3101.0,1077.0,3955.0,337.0,2115.0
2297.0,341.0,136.0,3304.0,3259.0,698.0,103.0,757.0,,2072.0,,1066.0,420.0,1193.0,3413.0,4019.0,519.0,,3420.0,3662.0,3882.0,1957.0,986.0,3807.0,956.0
3936.0,631.0,1108.0,250.0,3051.0,1972.0,2171.0,3898.0,,278.0,,372.0,2371.0,1590.0,2408.0,2052.0,760.0,,3481.0,2941.0,845.0,3777.0,1510.0,27.0,2248.0
2368.0,3180.0,366.0,2959.0,3070.0,523.0,1709.0,2709.0,,550.0,,3562.0,790.0,2350.0,2731.0,2689.0,1017.0,,983.0,3125.0,617.0,3453.0,1711.0,3917.0,2121.0
2908.0,3920.0,2721.0,138.0,3100.0,1871.0,2765.0,3971.0,,345.0,,4078.0,2411.0,1357.0,1099.0,3906.0,989.0,,2965.0,1890.0,2546.0,107.0,3010.0,1918.0,233.0
2082.0,4061.0,2163.0,3646.0,4089.0,2882.0,1890.0,795.0,,2768.0,,717.0,2020.0,2838.0,682.0,2223.0,2211.0,,817.0,454.0,3696.0,3187.0,332.0,3178.0,630.0
974.0,1254.0,376.0,952.0,1211.0,674.0,825.0,577.0,,3920.0,,902.0,1802.0,2591.0,3122.0,1365.0,205.0,,3345.0,1841.0,1406.0,374.0,1835.0,3798.0,3443.0
338.0,2567.0,257.0,3238.0,2623.0,2133.0,2580.0,2926.0,,1980.0,,2526.0,2691.0,2109.0,2624.0,2749.0,3687.0,,25.0,43.0,2664.0,2423.0,2238.0,2619.0,2060.0
673.0,2081.0,1452.0,3889.0,807.0,3041.0,2316.0,657.0,,3488.0,,333.0,1507.0,577.0,3744.0,412.0,198.0,,661.0,416.0,990.0,2923.0,1423.0,886.0,1077.0
721.0,731.0,4088.0,2295.0,3151.0,4060.0,457.0,23.0,,3060.0,,1392.0,3126.0,3202.0,2586.0,1444.0,3903.0,,3352.0,2565.0,1554.0,701.0,1094.0,821.0,839.0
1692.0,2351.0,1992.0,513.0,417.0,3998.0,2600.0,739.0,,2721.0,,3580.0,2707.0,1629.0,198.0,457.0,3790.0,,1091.0,950.0,1510.0,1531.0,3679.0,492.0,3817.0
586.0,1239.0,188.0,1356.0,3572.0,2457.0,1950.0,741.0,,3506.0,,628.0,1591.0,3644.0,1022.0,1431.0,2646.0,,3603.0,1121.0,3360.0,137.0,3163.0,3856.0,1810.0
2181.0,2228.0,788.0,3019.0,374.0,3745.0,3715.0,1956.0,,228.0,,2626.0,1286.0,450.0,3874.0,560.0,4048.0,,2255.0,4059.0,2344.0,3737.0,765.0,677.0,3386.0
2680.0,2717.0,4018.0,3147.0,647.0,2645.0,2002.0,3641.0,,1332.0,,79.0,389.0,1049.0,1566.0,583.0,3530.0,,1103.0,691.0,1489.0,2793.0,3013.0,1129.0,2441.0
2038.0,1993.0,3567.0,2854.0,162.0,497.0,160.0,4001.0,,1503.0,,3317.0,1550.0,349.0,2236.0,3896.0,2675.0,,2349.0,2095.0,2707.0,1806.0,735.0,1690.0,2546.0
3577.0,964.0,3265.0,111.0,204.0,613.0,2838.0,4102.0,,1477.0,,2670.0,3731.0,2489.0,1040.0,3730.0,1637.0,,1510.0,2838.0,1216.0,2527.0,211.0,1089.0,3334.0
3541.0,3952.0,1538.0,263.0,1768.0,1358.0,3917.0,3008.0,,2083.0,,3627.0,1582.0,4066.0,1462.0,3003.0,3103.0,,2478.0,2226.0,313.0,3489.0,2015.0,1799.0,1281.0
1310.0,1722.0,39.0,3376.0,2232.0,3693.0,2890.0,2142.0,,1164.0,,2729.0,3818.0,1410.0,3987.0,3026.0,1519.0,,2179.0,3073.0,2684.0,3773.0,1597.0,898.0,3114.0
980.0,2392.0,1152.0,2323.0,2675.0,3221.0,2837.0,3827.0,,1422.0,,349.0,698.0,2096.0,2129.0,593.0,581.0,,3484.0,1326.0,624.0,3949.0,614.0,1727.0,2736.0
3773.0,2874.0,624.0,3949.0,1237.0,3388.0,977.0,3460.0,,2947.0,,559.0,3722.0,670.0,1818.0,1746.0,1882.0,,1860.0,3764.0,1460.0,3736.0,2555.0,431.0,1291.0
3265.0,900.0,351.0,3874.0,1562.0,1442.0,2654.0,1305.0,,3124.0,,1429.0,3655.0,274.0,2532.0,3513.0,2300.0,,2435.0,1056.0,3800.0,3687.0,738.0,1116.0,3156.0
638.0,3540.0,2233.0,1194.0,1212.0,3149.0,1652.0,2077.0,,2245.0,,2771.0,1098.0,2786.0,893.0,705.0,1052.0,,2529.0,104.0,264.0,1549.0,1288.0,41.0,3417.0
2654.0,805.0,2539.0,1539.0,408.0,1532.0,312.0,3280.0,,291.0,,1828.0,1430.0,855.0,2948.0,2445.0,2854.0,,2092.0,1375.0,268.0,2690.0,856.0,1709.0,2117.0
70.0,2258.0,3040.0,3687.0,166.0,1223.0,715.0,2375.0,,1474.0,,3306.0,1944.0,2649.0,196.0,2032.0,1964.0,,914.0,1869.0,1225.0,2871.0,2999.0,1810.0,1241.0
2237.0,3895.0,3449.0,2416.0,934.0,1840.0,3729.0,1512.0,,3546.0,,470.0,1196.0,522.0,110.0,1700.0,1482.0,,182.0,1164.0,1568.0,119.0,3714.0,1552.0,1517.0
3547.0,1352.0,3550.0,2444.0,605.0,2146.0,2194.0,1173.0,,690.0,,3196.0,406.0,2810.0,262.0,3885.0,2388.0,,476.0,3703.0,3933.0,2232.0,3691.0,3610.0,2830.0
3188.0,3099.0,1480.0,3479.0,1636.0,4073.0,2310.0,2609.0,,1340.0,,4056.0,3660.0,1046.0,999.0,926.0,772.0,,390.0,2689.0,3240.0,2269.0,505.0,1882.0,3331.0
1189.0,1434.0,2311.0,2672.0,3000.0,2372.0,818.0,1615.0,,257.0,,1984.0,33.0,1706.0,2342.0,3837.0,2437.0,,2024.0,4004.0,1571.0,140.0,3326.0,1144.0,3529.0
4035.0,1879.0,4032.0,3604.0,532.0,1997.0,430.0,796.0,,2118.0,,1317.0,1147.0,2179.0,3337.0,417.0,441.0,,1985.0,667.0,850.0,1912.0,2808.0,1732.0,2243.0
907.0,3108.0,962.0,1578.0,1169.0,2643.0,1802.0,3389.0,,2148.0,,2260.0,2601.0,2500.0,3426.0,1396.0,462.0,,412.0,680.0,3932.0,3593.0,2806.0,2975.0,339.0
2037.0,3015.0,2020.0,2264.0,3165.0,3222.0,953.0,112.0,,705.0,,1709.0,640.0,1749.0,1536.0,718.0,465.0,,2332.0,1803.0,2217.0,2281.0,1294.0,1885.0,197.0
3141.0,89.0,1492.0,58.0,3146.0,2973.0,4072.0,4055.0,,2170.0,,3286.0,242.0,1220.0,1210.0,1691.0,2110.0,,1651.0,1917.0,3414.0,743.0,3056.0,2849.0,1515.0
3173.0,3870.0,3685.0,3140.0,191.0,711.0,3175.0,84.0,,945.0,,598.0,1373.0,4081.0,3562.0,134.0,2988.0,,3146.0,2898.0,1605.0,3330.0,4043.0,2277.0,1085.0
3482.0,1980.0,408.0,96.0,3991.0,3467.0,1132.0,2104.0,,3002.0,,4067.0,3651.0,1039.0,483.0,3218.0,2476.0,,3893.0,301.0,4050.0,407.0,1590.0,1021.0,252.0
331.0,1455.0,909.0,3586.0,228.0,2970.0,2874.0,3716.0,,590.0,,1436.0,3721.0,3661.0,157.0,1935.0,184.0,,3738.0,4094.0,1797.0,3296.0,567.0,650.0,2587.0
865.0,1984.0,2825.0,810.0,3944.0,451.0,189.0,2602.0,,691.0,,1516.0,685.0,140.0,344.0,600.0,2028.0,,2989.0,1184.0,1507.0,2026.0,3557.0,2287.0,3689.0
3585.0,22.0,875.0,2870.0,1472.0,3465.0,3675.0,650.0,,3860.0,,2901.0,1663.0,592.0,3615.0,3078.0,1576.0,,3320.0,2586.0,3838.0,341.0,1399.0,666.0,38.0
1363.0,2814.0,1185.0,455.0,1896.0,666.0,2752.0,3120.0,,1728.0,,3175.0,3347.0,80.0,2350.0,911.0,3642.0,,3749.0,3600.0,1604.0,1269.0,3908.0,2496.0,3006.0
3319.0,2815.0,3186.0,2532.0,3486.0,2731.0,3693.0,2873.0,,247.0,,2137.0,3222.0,3241.0,3930.0,2912.0,509.0,,613.0,3184.0,2002.0,2083.0,2326.0,2941.0,1782.0
605.0,2473.0,1235.0,1817.0,3015.0,588.0,3388.0,3038.0,,2787.0,,3777.0,4005.0,46.0,3469.0,728.0,4046.0,,586.0,1628.0,946.0,3524.0,1152.0,1356.0,3537.0
2202.0,260.0,1156.0,1328.0,303.0,256.0,928.0,3205.0,,268.0,,1037.0,1031.0,2481.0,695.0,1893.0,2678.0,,2331.0,1753.0,72.0,613.0,3570.0,2748.0,2702.0
2988.0,2058.0,14.0,3938.0,131.0,4085.0,1722.0,3102.0,,1565.0,,210.0,1164.0,1136.0,890.0,3214.0,659.0,,319.0,2017.0,17.0,3617.0,1674.0,1872.0,2685.0
2555.0,1572.0,1860.0,1476.0,2303.0,202.0,3993.0,3542.0,,1744.0,,1371.0,294.0,3607.0,1864.0,4079.0,349.0,,726.0,4024.0,2948.0,1251.0,2305.0,3022.0,1606.0
2234.0,2043.0,1774.0,843.0,235.0,810.0,4047.0,47.0,,39.0,,3330.0,260.0,2834.0,1569.0,1947.0,2531.0,,2632.0,1307.0,2843.0,3768.0,462.0,141.0,3337.0
1550.0,820.0,24.0,1681.0,3495.0,1504.0,303.0,1038.0,,615.0,,1045.0,2209.0,2412.0,1909.0,2773.0,1671.0,,1657.0,1179.0,3146.0,674.0,3373.0,2673.0,1057.0
793.0,3466.0,390.0,2810.0,2511.0,679.0,1879.0,1115.0,,502.0,,2587.0,4026.0,3498.0,1500.0,2709.0,1370.0,,985.0,3422.0,49.0,2128.0,3873.0,2688.0,2588.0
2776.0,1499.0,845.0,3031.0,2397.0,2073.0,3519.0,3148.0,,819.0,,3054.0,3599.0,2106.0,3979.0,3583.0,498.0,,672.0,2527.0,2643.0,731.0,2261.0,1976.0,149.0
521.0,1328.0,1823.0,1921.0,3112.0,1284.0,691.0,663.0,,1378.0,,3622.0,1740.0,997.0,106.0,1598.0,872.0,,3985.0,421.0,521.0,3650.0,3441.0,692.0,1190.0
2519.0,681.0,2232.0,3005.0,118.0,2599.0,674.0,391.0,,2471.0,,3961.0,3027.0,1877.0,720.0,1793.0,401.0,,703.0,1357.0,3963.0,2076.0,927.0,388.0,2308.0
1504.0,3281.0,1723.0,3730.0,925.0,3628.0,3497.0,3550.0,,1446.0,,2162.0,1963.0,511.0,4013.0,1742.0,901.0,,3069.0,1688.0,2098.0,2938.0,2974.0,505.0,238.0
2601.0,1564.0,542.0,2702.0,1815.0,3784.0,813.0,644.0,,2287.0,,3366.0,3575.0,2441.0,2199.0,3224.0,953.0,,3170.0,1423.0,3774.0,4033.0,2862.0,2211.0,2360.0
3467.0,2262.0,2754.0,4082.0,117.0,1315.0,1942.0,3638.0,,418.0,,3529.0,2187.0,2078.0,53.0,668.0,3436.0,,2719.0,3493.0,578.0,606.0,2859.0,3278.0,1698.0
968.0,837.0,3181.0,421.0,2595.0,1132.0,532.0,353.0,,337.0,,2006.0,3238.0,1821.0,1766.0,1727.0,1540.0,,1252.0,599.0,3351.0,2714.0,46.0,2232.0,937.0
1019.0,2641.0,713.0,117.0,3699.0,3669.0,2362.0,3592.0,,3364.0,,2602.0,2753.0,3056.0,3181.0,3589.0,1796.0,,3014.0,2785.0,2073.0,1096.0,3.0,70.0,3282.0
1954.0,3368.0,1517.0,2932.0,2498.0,3907.0,2873.0,2154.0,,1813.0,,3000.0,3158.0,3773.0,1758.0,3916.0,3132.0,,3602.0,1443.0,368.0,3952.0,1066.0,3922.0,3888.0
106.0,2526.0,3703.0,899.0,1244.0,2880.0,3027.0,511.0,,1435.0,,2899.0,3113.0,853.0,455.0,4017.0,1130.0,,2991.0,3898.0,2016.0,2107.0,1907.0,2984.0,883.0
275.0,4094.0,2143.0,3466.0,1818.0,1434.0,3866.0,1981.0,,3461.0,,3531.0,1118.0,1479.0,995.0,2488.0,3838.0,,974.0,1597.0,2923.0,4007.0,420.0,2065.0,4096.0
1645.0,507.0,3984.0,3841.0,3387.0,426.0,2621.0,1379.0,,2729.0,,1991.0,1626.0,2081.0,1663.0,1267.0,3914.0,,2982.0,2557.0,936.0,376.0,3963.0,2810.0,3696.0
558.0,104.0,258.0,3986.0,354.0,2554.0,2170.0,1424.0,,2355.0,,858.0,1978.0,2451.0,8.0,2717.0,1086.0,,1708.0,131.0,1770.0,3506.0,490.0,353.0,2347.0
2486.0,2553.0,2484.0,3352.0,3229.0,4096.0,1407.0,1353.0,,3472.0,,3074.0,3010.0,3582.0,1285.0,3295.0,579.0,,3690.0,1812.0,4038.0,2477.0,2241.0,1766.0,2508.0
894.0,364.0,828.0,2193.0,3312.0,2123.0,3595.0,157.0,,2510.0,,260.0,2723.0,926.0,1949.0,1547.0,1881.0,,770.0,384.0,1159.0,2633.0,4089.0,114.0,596.0
3292.0,1053.0,2531.0,2746.0,2643.0,116.0,2636.0,3508.0,,1650.0,,7.0,1557.0,1074.0,937.0,1350.0,2166.0,,1745.0,2424.0,3304.0,474.0,3237.0,3464.0,3469.0
2969.0,51.0,2961.0,1487.0,3917.0,70.0,2477.0,249.0,,568.0,,566.0,2343.0,1527.0,1641.0,3491.0,2076.0,,2421.0,3869.0,1978.0,1796.0,3954.0,1957.0,3083.0
1872.0,3190.0,2137.0,1657.0,852.0,3195.0,323.0,1780.0,,2565.0,,1167.0,2081.0,2431.0,823.0,2955.0,2711.0,,1520.0,1773.0,1760.0,2374.0,1225.0,23.0,3921.0
1002.0,2227.0,1975.0,81.0,1471.0,3067.0,2925.0,1907.0,,3386.0,,2936.0,1143.0,875.0,2918.0,2578.0,210.0,,1310.0,2799.0,1837.0,2288.0,1796.0,3717.0,1018.0
1952.0,2619.0,3384.0,3886.0,1978.0,3064.0,3539.0,2013.0,,683.0,,3168.0,3289.0,2047.0,1179.0,819.0,2680.0,,555.0,2773.0,3693.0,2842.0,1492.0,2573.0,3622.0
761.0,2265.0,3343.0,2763.0,4098.0,239.0,2106.0,11.0,,2520.0,,820.0,106.0,2095.0,3288.0,4082.0,3576.0,,1256.0,3255.0,3353.0,2208.0,639.0,1194.0,2127.0
3653.0,266.0,1866.0,223.0,595.0,910.0,3398.0,1528.0,,379.0,,4066.0,695.0,1170.0,1513.0,3237.0,2813.0,,187.0,3296.0,1777.0,1933.0,642.0,1534.0,3096.0
1452.0,2554.0,757.0,2581.0,2015.0,3135.0,2337.0,1709.0,,53.0,,1667.0,2728.0,519.0,497.0,1242.0,3295.0,,2576.0,368.0,3164.0,3735.0,3407.0,2132.0,1886.0
1177.0,2605.0,3407.0,1094.0,901.0,1113.0,782.0,2226.0,,3982.0,,3859.0,3381.0,1275.0,1395.0,3157.0,3980.0,,2263.0,2338.0,2729.0,586.0,2560.0,925.0,1444.0
3579.0,2636.0,305.0,3313.0,3859.0,3987.0,1360.0,3491.0,,1886.0,,1820.0,750.0,448.0,1594.0,941.0,2370.0,,3052.0,2181.0,2376.0,3450.0,263.0,1911.0,896.0
1992.0,2902.0,3435.0,2383.0,1224.0,3233.0,1539.0,155.0,,1566.0,,1950.0,17.0,1175.0,2491.0,1303.0,2623.0,,694.0,3260.0,3622.0,980.0,59.0,3210.0,891.0
3599.0,381.0,1453.0,161.0,3869.0,3686.0,1208.0,1331.0,,908.0,,774.0,3782.0,690.0,2032.0,1111.0,1946.0,,3647.0,3426.0,3781.0,3361.0,19.0,430.0,2056.0
383.0,4089.0,3908.0,1489.0,1579.0,3905.0,3297.0,3991.0,,2988.0,,874.0,2168.0,2629.0,3069.0,3426.0,2870.0,,2642.0,492.0,3312.0,2618.0,621.0,3568.0,2531.0
3005.0,563.0,932.0,2697.0,3677.0,2729.0,1320.0,701.0,,1073.0,,3008.0,681.0,1188.0,1771.0,1276.0,3043.0,,807.0,1963.0,1811.0,904.0,2376.0,3275.0,3549.0
796.0,1708.0,356.0,88.0,3251.0,2893.0,1352.0,434.0,,3548.0,,3920.0,2511.0,4072.0,2649.0,2748.0,4017.0,,52.0,260.0,2366.0,164.0,1052.0,2714.0,1673.0
3740.0,2620.0,1077.0,414.0,1573.0,35.0,3850.0,1636.0,,577.0,,1594.0,3037.0,2575.0,2145.0,1559.0,2803.0,,3639.0,241.0,1529.0,778.0,4072.0,575.0,3798.0
3286.0,1479.0,1758.0,3495.0,1091.0,411.0,3578.0,3274.0,,287.0,,1526.0,1764.0,2981.0,829.0,343.0,1323.0,,3542.0,572.0,191.0,963.0,3215.0,1025.0,3908.0
2443.0,3869.0,1095.0,2316.0,249.0,1179.0,1266.0,1018.0,,2609.0,,2318.0,3313.0,2054.0,3086.0,3594.0,2533.0,,2729.0,3256.0,3477.0,3929.0,2013.0,1822.0,3019.0
1819.0,980.0,140.0,2448.0,3956.0,3085.0,38.0,1566.0,,920.0,,1264.0,200.0,1562.0,499.0,1627.0,2713.0,,3645.0,376.0,3321.0,1402.0,974.0,2332.0,955.0
3317.0,976.0,2963.0,1325.0,50.0,677.0,3253.0,327.0,,954.0,,687.0,3751.0,1216.0,3619.0,1253.0,410.0,,764.0,763.0,3110.0,366.0,2402.0,3713.0,2206.0
3063.0,2102.0,2790.0,691.0,1657.0,2502.0,3839.0,2652.0,,817.0,,1855.0,1733.0,2244.0,2165.0,1456.0,446.0,,788.0,1871.0,4059.0,3854.0,1460.0,989.0,1436.0
1978.0,2236.0,3422.0,3831.0,3388.0,2912.0,111.0,1164.0,,723.0,,3053.0,2578.0,2256.0,1122.0,2842.0,808.0,,1660.0,793.0,584.0,1877.0,811.0,2107.0,3617.0
2828.0,2891.0,1727.0,2349.0,803.0,3366.0,1952.0,829.0,,3573.0,,878.0,157.0,1890.0,1474.0,3188.0,1256.0,,1328.0,3816.0,2418.0,668.0,1977.0,1469.0,1377.0
699.0,2255.0,107.0,1206.0,2947.0,51.0,1604.0,3853.0,,2635.0,,3159.0,2960.0,711.0,901.0,1146.0,3266.0,,577.0,1755.0,3949.0,1248.0,3432.0,779.0,1384.0
203.0,3412.0,562.0,1807.0,2714.0,1528.0,2479.0,1109.0,,1279.0,,550.0,502.0,934.0,28.0,258.0,1929.0,,4028.0,2117.0,293.0,217.0,3628.0,3925.0,3889.0
3273.0,1842.0,210.0,2161.0,387.0,2835.0,2667.0,199.0,,42.0,,2278.0,1021.0,4027.0,1312.0,711.0,2624.0,,199.0,1683.0,182.0,936.0,1249.0,646.0,462.0
802.0,1051.0,3069.0,159.0,1436.0,3633.0,3588.0,492.0,,2111.0,,2504.0,337.0,3417.0,691.0,3341.0,914.0,,1160.0,1029.0,1177.0,302.0,1940.0,4052.0,560.0
1725.0,981.0,3345.0,3527.0,2050.0,2719.0,3238.0,1380.0,,830.0,,3098.0,816.0,67.0,3634.0,2719.0,1204.0,,227.0,804.0,1735.0,441.0,2336.0,13.0,971.0
3086.0,3097.0,318.0,4053.0,2884.0,1203.0,2393.0,3681.0,,2202.0,,3501.0,742.0,1065.0,3842.0,3645.0,248.0,,2553.0,957.0,1471.0,2328.0,1668.0,1051.0,3697.0
256.0,1033.0,3857.0,3557.0,4004.0,2784.0,624.0,3515.0,,328.0,,4061.0,2663.0,2797.0,508.0,998.0,124.0,,616.0,3305.0,4035.0,717.0,2357.0,30.0,3819.0
3425.0,2145.0,339.0,1716.0,2092.0,373.0,3259.0,3959.0,,994.0,,2736.0,570.0,1264.0,965.0,756.0,1889.0,,3612.0,1294.0,732.0,3094.0,1789.0,1943.0,863.0
324.0,878.0,2665.0,344.0,2461.0,694.0,4013.0,3161.0,,1054.0,,1592.0,2146.0,165.0,570.0,3052.0,1472.0,,2453.0,1712.0,1108.0,801.0,920.0,2665.0,2991.0
3988.0,1040.0,1945.0,3611.0,1487.0,1425.0,960.0,1152.0,,3717.0,,1554.0,1250.0,2403.0,214.0,1545.0,2376.0,,1681.0,2743.0,2624.0,3660.0,249.0,2143.0,2022.0
3902.0,84.0,1514.0,3806.0,1737.0,1364.0,877.0,2788.0,,1823.0,,792.0,2508.0,1743.0,2397.0,1650.0,787.0,,511.0,806.0,3200.0,324.0,812.0,611.0,57.0
375.0,2521.0,2146.0,2504.0,1856.0,4091.0,288.0,2595.0,,2885.0,,283.0,2232.0,2158.0,766.0,3907.0,1683.0,,1938.0,3510.0,2091.0,1059.0,2183.0,3253.0,2096.0
485.0,1688.0,523.0,2978.0,1722.0,4058.0,2570.0,3467.0,,743.0,,627.0,1588.0,3492.0,2276.0,3240.0,3243.0,,2479.0,948.0,3885.0,115.0,188.0,437.0,3607.0
3933.0,2489.0,185.0,2939.0,1702.0,2647.0,1468.0,2424.0,,3504.0,,1321.0,3753.0,2664.0,84.0,520.0,1574.0,,3401.0,3734.0,3497.0,3395.0,3898.0,1777.0,3844.0
596.0,1060.0,3160.0,4078.0,3840.0,888.0,1751.0,43.0,,277.0,,4.0,2116.0,2239.0,2659.0,3694.0,3878.0,,3149.0,4073.0,2804.0,2821.0,1327.0,3876.0,1137.0
2683.0,3578.0,1343.0,400.0,667.0,3378.0,1064.0,3521.0,,1260.0,,1533.0,4071.0,1888.0,3234.0,2378.0,12.0,,897.0,69.0,662.0,17.0,3358.0,3711.0,3976.0
1218.0,3063.0,2069.0,1156.0,48.0,3841.0,3913.0,3357.0,,1139.0,,1034.0,2055.0,1398.0,3197.0,2166.0,1782.0,,2206.0,2412.0,158.0,853.0,234.0,2682.0,2731.0
1090.0,3344.0,3401.0,727.0,4022.0,554.0,2655.0,540.0,,1775.0,,1517.0,3827.0,2506.0,2539.0,3005.0,1936.0,,1040.0,2526.0,531.0,1081.0,3982.0,4075.0,2005.0
3331.0,3121.0,2506.0,2682.0,1257.0,2437.0,833.0,1879.0,,3424.0,,915.0,877.0,3318.0,998.0,2156.0,1164.0,,3971.0,1438.0,1796.0,1605.0,1374.0,3596.0,2790.0
2384.0,2785.0,1142.0,214.0,1395.0,1252.0,1987.0,605.0,,3420.0,,2784.0,104.0,2105.0,2021.0,1833.0,202.0,,2866.0,1614.0,1696.0,2002.0,3478.0,244.0,1915.0
3471.0,3848.0,2670.0,1239.0,63.0,4056.0,716.0,1312.0,,1247.0,,632.0,219.0,1887.0,3287.0,1991.0,1161.0,,498.0,2573.0,2955.0,3772.0,391.0,2632.0,1580.0
567.0,3184.0,2807.0,1678.0,1940.0,2614.0,2486.0,3263.0,,3495.0,,1703.0,1967.0,337.0,659.0,2059.0,1345.0,,988.0,330.0,174.0,1425.0,2825.0,1385.0,4068.0
2528.0,1104.0,457.0,3823.0,2744.0,2134.0,485.0,662.0,,353.0,,537.0,3323.0,3351.0,451.0,1140.0,3911.0,,4.0,1810.0,2895.0,3312.0,1214.0,705.0,2225.0
623.0,843.0,3977.0,1679.0,553.0,1921.0,4064.0,694.0,,2292.0,,3153.0,1490.0,2543.0,3864.0,2986.0,1143.0,,2552.0,339.0,36.0,794.0,1403.0,427.0,1446.0
3153.0,1446.0,894.0,2610.0,129.0,2537.0,607.0,143.0,,2077.0,,682.0,2221.0,3454.0,2259.0,1857.0,864.0,,495.0,3226.0,3889.0,355.0,863.0,1600.0,454.0
652.0,781.0,1597.0,2417.0,2043.0,419.0,2232.0,3141.0,,3450.0,,3099.0,3431.0,611.0,76.0,1605.0,1754.0,,2089.0,2163.0,3107.0,592.0,193.0,2064.0,1098.0
1185.0,3057.0,3281.0,1092.0,1936.0,3207.0,1685.0,2471.0,,3756.0,,3500.0,1893.0,2946.0,3544.0,1738.0,21.0,,714.0,221.0,2763.0,825.0,2294.0,2540.0,580.0
547.0,783.0,491.0,3593.0,855.0,4.0,1008.0,2037.0,,1780.0,,1813.0,300.0,2825.0,3487.0,1145.0,1269.0,,3382.0,3717.0,2640.0,2000.0,716.0,3196.0,1212.0
382.0,3105.0,4078.0,3797.0,2721.0,1182.0,1979.0,3910.0,,3344.0,,1072.0,3303.0,2051.0,2944.0,3814.0,3290.0,,1439.0,3912.0,1993.0,3158.0,2708.0,1997.0,3349.0
616.0,2121.0,4085.0,388.0,600.0,2716.0,1021.0,2879.0,,875.0,,1060.0,3585.0,447.0,1437.0,3066.0,2784.0,,1207.0,432.0,3508.0,1181.0,3255.0,2766.0,520.0
3780.0,370.0,1113.0,1713.0,1451.0,1390.0,2722.0,1098.0,,697.0,,3207.0,1479.0,2088.0,3439.0,905.0,3226.0,,723.0,882.0,974.0,951.0,2027.0,1677.0,3362.0
3429.0,1082.0,279.0,3412.0,2112.0,3355.0,3647.0,1527.0,,210.0,,2914.0,1485.0,1638.0,3434.0,2160.0,839.0,,737.0,3069.0,735.0,429.0,3162.0,3619.0,463.0
839.0,2614.0,1805.0,3030.0,3633.0,1283.0,2205.0,1843.0,,77.0,,581.0,2415.0,566.0,1429.0,2453.0,3255.0,,3082.0,3571.0,1158.0,3273.0,2495.0,3808.0,710.0
3694.0,239.0,513.0,2064.0,2746.0,671.0,3678.0,1069.0,,3939.0,,4077.0,1246.0,2990.0,496.0,3835.0,22.0,,3453.0,1386.0,607.0,2738.0,2454.0,3257.0,2387.0
347.0,1078.0,2594.0,453.0,199.0,1230.0,2236.0,137.0,,3622.0,,1013.0,2910.0,3433.0,235.0,735.0,560.0,,13.0,3006.0,1256.0,3641.0,509.0,2538.0,1170.0
3499.0,767.0,17.0,4017.0,3867.0,1453.0,504.0,2519.0,,3997.0,,2077.0,883.0,2327.0,1365.0,2884.0,3700.0,,340.0,2281.0,2519.0,3620.0,2203.0,1402.0,3967.0
2835.0,4036.0,1513.0,1174.0,79.0,2006.0,757.0,1239.0,,3853.0,,2213.0,2206.0,1087.0,2860.0,1594.0,2547.0,,1444.0,1264.0,470.0,1682.0,874.0,2622.0,325.0
1143.0,3819.0,3645.0,1555.0,2340.0,717.0,9.0,2658.0,,3294.0,,3637.0,3952.0,3080.0,1001.0,1030.0,442.0,,3848.0,4042.0,2086.0,3762.0,1132.0,4070.0,4090.0
154.0,2573.0,819.0,491.0,81.0,3858.0,3756.0,3880.0,,4004.0,,3413.0,3077.0,598.0,1591.0,3510.0,2378.0,,3832.0,562.0,3478.0,3040.0,2967.0,1934.0,4052.0
898.0,3331.0,833.0,3992.0,3068.0,533.0,3669.0,3177.0,,159.0,,528.0,921.0,3110.0,1153.0,628.0,4003.0,,1911.0,2608.0,3179.0,3960.0,2830.0,2491.0,557.0
2264.0,1639.0,4064.0,706.0,2479.0,791.0,2735.0,1749.0,,1426.0,,3014.0,1318.0,842.0,3698.0,3484.0,495.0,,2384.0,1001.0,671.0,1395.0,2964.0,299.0,3933.0
747.0,1447.0,1331.0,2005.0,3943.0,855.0,2698.0,2917.0,,1341.0,,1947.0,1751.0,664.0,3383.0,1832.0,2372.0,,2628.0,2171.0,4048.0,2796.0,2517.0,1196.0,3286.0
2001.0,2287.0,2945.0,2302.0,946.0,1981.0,2896.0,3344.0,,299.0,,27.0,2469.0,3780.0,1503.0,1.0,2099.0,,40.0,2231.0,271.0,1571.0,228.0,1003.0,2451.0
3564.0,2678.0,1438.0,2334.0,1566.0,2890.0,1724.0,144.0,,612.0,,3712.0,1348.0,2544.0,255.0,2125.0,887.0,,3912.0,1168.0,3986.0,2273.0,363.0,2764.0,2345.0
3368.0,2706.0,3581.0,3727.0,4097.0,3111.0,2733.0,1407.0,,2801.0,,3948.0,256.0,2447.0,1878.0,1669.0,1762.0,,2815.0,2086.0,131.0,3386.0,1463.0,1448.0,1879.0
4008.0,1532.0,1412.0,879.0,1365.0,3142.0,1944.0,4021.0,,1603.0,,1889.0,525.0,3875.0,86.0,879.0,1827.0,,671.0,4006.0,2018.0,1782.0,468.0,3314.0,880.0
285.0,157.0,2205.0,2536.0,3365.0,1901.0,3161.0,4081.0,,69.0,,3894.0,336.0,1559.0,460.0,3082.0,2937.0,,1026.0,1916.0,583.0,2314.0,708.0,276.0,903.0
3400.0,3723.0,506.0,1302.0,1427.0,1080.0,2677.0,2216.0,,1550.0,,2837.0,149.0,2313.0,83.0,308.0,1437.0,,2156.0,701.0,164.0,2174.0,1523.0,3579.0,483.0
1901.0,1042.0,3917.0,1011.0,1371.0,2071.0,3137.0,2191.0,,1324.0,,2108.0,189.0,2123.0,1231.0,2554.0,3372.0,,2424.0,3916.0,1754.0,2261.0,3323.0,2919.0,1720.0
3226.0,3292.0,42.0,1585.0,3685.0,2585.0,50.0,2398.0,,931.0,,2458.0,2356.0,2082.0,3006.0,1270.0,788.0,,51.0,90.0,4051.0,234.0,622.0,1954.0,715.0
730.0,1153.0,416.0,2525.0,143.0,3899.0,2585.0,849.0,,1252.0,,4085.0,2028.0,111.0,317.0,915.0,2011.0,,2220.0,2276.0,2499.0,29.0,3400.0,2448.0,2194.0
2258.0,528.0,3749.0,2990.0,3021.0,3275.0,2388.0,1452.0,,1025.0,,2118.0,993.0,1802.0,791.0,1922.0,1631.0,,1785.0,1481.0,2045.0,427.0,189.0,2756.0,975.0
37.0,2146.0,1434.0,3897.0,1983.0,8.0,1339.0,1727.0,,2441.0,,1494.0,3320.0,834.0,3621.0,948.0,226.0,,1829.0,1300.0,3548.0,3558.0,2718.0,1548.0,3652.0
3315.0,2770.0,165.0,3953.0,964.0,2677.0,2107.0,2004.0,,3554.0,,198.0,1824.0,3082.0,3668.0,2940.0,392.0,,1263.0,1078.0,211.0,3743.0,1188.0,1670.0,489.0
4079.0,707.0,1913.0,1819.0,2295.0,1433.0,3983.0,1049.0,,542.0,,631.0,1386.0,3381.0,2656.0,3728.0,3332.0,,1340.0,3087.0,3626.0,378.0,3561.0,1500.0,338.0
1791.0,2397.0,2910.0,1002.0,1688.0,3941.0,3689.0,1336.0,,2832.0,,3779.0,1466.0,3507.0,3495.0,2625.0,106.0,,3425.0,2320.0,1393.0,1599.0,881.0,1431.0,890.0
1880.0,2555.0,3396.0,2508.0,3106.0,985.0,1895.0,2997.0,,3218.0,,3100.0,2311.0,2175.0,2542.0,2396.0,804.0,,1171.0,3339.0,4061.0,3073.0,1218.0,3496.0,3723.0
2488.0,1545.0,2350.0,3358.0,3540.0,669.0,1094.0,4052.0,,2691.0,,1372.0,3105.0,523.0,3476.0,3190.0,629.0,,2574.0,2153.0,1631.0,1203.0,2866.0,691.0,1362.0
544.0,818.0,2101.0,731.0,2769.0,3599.0,3544.0,2757.0,,3784.0,,2643.0,2161.0,7.0,1972.0,230.0,362.0,,3626.0,3821.0,3021.0,3916.0,830.0,879.0,3728.0
1656.0,2705.0,1859.0,4052.0,3536.0,2297.0,676.0,542.0,,601.0,,3844.0,2593.0,3370.0,153.0,623.0,2272.0,,2718.0,1292.0,3290.0,2750.0,2251.0,393.0,1743.0
2857.0,1117.0,2686.0,3776.0,2483.0,4090.0,662.0,463.0,,2004.0,,1275.0,2208.0,3833.0,73.0,3103.0,1455.0,,489.0,2176.0,2174.0,2883.0,679.0,2712.0,3800.0
2925.0,2857.0,3254.0,964.0,2518.0,3134.0,1864.0,3890.0,,1114.0,,1527.0,569.0,414.0,163.0,3640.0,3712.0,,934.0,757.0,1353.0,338.0,957.0,3631.0,591.0
2124.0,4072.0,2369.0,3509.0,19.0,1794.0,3344.0,976.0,,967.0,,1366.0,3570.0,194.0,3969.0,2062.0,35.0,,4023.0,3306.0,359.0,3176.0,2145.0,2518.0,4010.0
308.0,3311.0,130.0,3447.0,4001.0,450.0,3820.0,2377.0,,1434.0,,2186.0,2023.0,1044.0,2515.0,503.0,3768.0,,283.0,3852.0,3377.0,690.0,347.0,4018.0,3240.0
1663.0,313.0,2234.0,1143.0,1641.0,2198.0,1478.0,704.0,,3911.0,,775.0,3446.0,464.0,3085.0,598.0,2488.0,,2782.0,1990.0,419.0,2443.0,2174.0,242.0,912.0
3365.0,3407.0,2556.0,3317.0,1363.0,1245.0,1592.0,4011.0,,3356.0,,3446.0,284.0,991.0,1316.0,4048.0,1965.0,,123.0,2008.0,2756.0,2229.0,1222.0,167.0,686.0
1835.0,1749.0,1249.0,2814.0,2693.0,3422.0,2946.0,2474.0,,3570.0,,3887.0,2783.0,2966.0,190.0,567.0,2762.0,,743.0,1972.0,1431.0,1453.0,2906.0,3361.0,705.0
3706.0,3905.0,2751.0,442.0,1098.0,3893.0,1782.0,3968.0,,1786.0,,3478.0,3559.0,1908.0,2206.0,882.0,585.0,,1567.0,923.0,2932.0,3700.0,2047.0,3500.0,25.0
573.0,3024.0,470.0,3494.0,958.0,1681.0,198.0,513.0,,2272.0,,2765.0,1542.0,2001.0,2763.0,1980.0,2729.0,,731.0,1902.0,3526.0,1323.0,3268.0,73.0,2543.0
3213.0,3039.0,2744.0,3500.0,3591.0,63.0,2757.0,140.0,,2805.0,,525.0,3502.0,3228.0,1420.0,1940.0,1900.0,,1674.0,1539.0,2968.0,320.0,2622.0,139.0,4004.0
1559.0,712.0,3895.0,3021.0,1773.0,1363.0,3743.0,2600.0,,1034.0,,1042.0,2606.0,1514.0,1203.0,1305.0,1652.0,,1738.0,1093.0,2413.0,3718.0,3101.0,1178.0,620.0
3649.0,318.0,4075.0,1915.0,3212.0,2894.0,2661.0,3134.0,,2347.0,,2032.0,1902.0,2613.0,3140.0,2557.0,2673.0,,917.0,2798.0,4024.0,3305.0,3134.0,3293.0,907.0
2772.0,4058.0,1688.0,504.0,433.0,1768.0,2109.0,4083.0,,2464.0,,68.0,3566.0,925.0,3928.0,1566.0,2801.0,,218.0,2642.0,2501.0,1277.0,1842.0,2000.0,1442.0
2174.0,2361.0,3600.0,3213.0,701.0,1984.0,758.0,964.0,,1606.0,,2777.0,2100.0,459.0,2307.0,2285.0,2203.0,,520.0,1766.0,2996.0,2329.0,1005.0,1080.0,2958.0
2483.0,2559.0,3976.0,596.0,1954.0,3890.0,1098.0,1352.0,,480.0,,3403.0,3969.0,207.0,1781.0,3820.0,2154.0,,402.0,524.0,3141.0,2807.0,231.0,3505.0,970.0
3527.0,2408.0,1448.0,2597.0,241.0,1690.0,2506.0,781.0,,780.0,,1046.0,1269.0,1294.0,2299.0,3600.0,954.0,,2162.0,1482.0,2202.0,3495.0,1805.0,1383.0,2744.0
2367.0,2753.0,1261.0,3542.0,3657.0,3494.0,552.0,1327.0,,1181.0,,2597.0,819.0,1595.0,3529.0,2040.0,3795.0,,3476.0,2828.0,2748.0,1800.0,1817.0,2089.0,2251.0
2491.0,308.0,2340.0,4098.0,128.0,518.0,1980.0,3662.0,,3612.0,,2708.0,246.0,66.0,3978.0,1550.0,3305.0,,2040.0,3761.0,3379.0,2159.0,1511.0,2864.0,266.0
420.0,1581.0,3278.0,1907.0,542.0,201.0,1043.0,2772.0,,2289.0,,3893.0,3490.0,1520.0,2062.0,1596.0,3198.0,,2075.0,601.0,3136.0,1787.0,1143.0,3040.0,664.0
1010.0,1354.0,1065.0,496.0,3456.0,3506.0,346.0,2005.0,,1082.0,,3238.0,3086.0,1866.0,1835.0,566.0,2929.0,,206.0,1129.0,701.0,2983.0,3941.0,1284.0,958.0
3950.0,1120.0,420.0,1816.0,152.0,40.0,3372.0,2370.0,,341.0,,2431.0,1672.0,2895.0,390.0,2666.0,3317.0,,2334.0,3166.0,1907.0,485.0,1317.0,3932.0,3693.0
1760.0,1017.0,2471.0,3184.0,443.0,3811.0,340.0,3042.0,,1564.0,,884.0,4024.0,704.0,3881.0,1867.0,796.0,,1218.0,1139.0,2177.0,2126.0,1546.0,175.0,2518.0
117.0,547.0,3165.0,3744.0,3791.0,3912.0,3870.0,2503.0,,4009.0,,2234.0,1843.0,3391.0,1874.0,767.0,262.0,,3493.0,2849.0,1271.0,4014.0,1727.0,155.0,1165.0
2735.0,2775.0,1274.0,419.0,2355.0,3058.0,2693.0,22.0,,1750.0,,3091.0,1779.0,2462.0,4003.0,1473.0,3595.0,,1578.0,310.0,347.0,3764.0,2682.0,992.0,2126.0
2723.0,2026.0,1856.0,461.0,3623.0,1714.0,1378.0,3422.0,,2888.0,,2725.0,1569.0,1.0,3483.0,3688.0,1395.0,,2857.0,2335.0,3347.0,224.0,419.0,822.0,2496.0
1845.0,134.0,2654.0,3064.0,968.0,437.0,2227.0,416.0,,3442.0,,456.0,634.0,108.0,1132.0,3895.0,2736.0,,2058.0,1171.0,1344.0,309.0,32.0,1235.0,488.0
1839.0,149.0,4.0,25.0,427.0,3078.0,2786.0,999.0,,2058.0,,1983.0,2525.0,2243.0,1669.0,1587.0,2328.0,,1446.0,1496.0,2547.0,97.0,3302.0,1725.0,212.0
2675.0,3718.0,2328.0,813.0,1508.0,1439.0,3784.0,2897.0,,3687.0,,3334.0,3730.0,3530.0,135.0,2386.0,3985.0,,3463.0,2437.0,3374.0,2929.0,1665.0,647.0,1783.0
3647.0,1867.0,1843.0,2479.0,2808.0,2703.0,3375.0,1966.0,,189.0,,3382.0,3768.0,1030.0,3835.0,1858.0,3751.0,,132.0,616.0,1647.0,3437.0,2332.0,36.0,3117.0
2255.0,2180.0,1923.0,2930.0,1888.0,2908.0,706.0,1602.0,,857.0,,2410.0,936.0,2181.0,3292.0,3878.0,2289.0,,1631.0,759.0,2611.0,2098.0,1055.0,2850.0,2424.0
2743.0,1823.0,1591.0,2782.0,1596.0,689.0,2154.0,3498.0,,1758.0,,1370.0,583.0,2242.0,509.0,3852.0,2177.0,,332.0,2065.0,2820.0,198.0,3203.0,1192.0,699.0
1619.0,1482.0,1725.0,3731.0,2393.0,1809.0,3912.0,2143.0,,1872.0,,3009.0,4032.0,843.0,3066.0,4077.0,734.0,,1913.0,2675.0,1071.0,7.0,628.0,3930.0,3934.0
1171.0,3539.0,3182.0,2742.0,1560.0,326.0,3973.0,4049.0,,2902.0,,842.0,941.0,2736.0,784.0,2503.0,2830.0,,3821.0,2183.0,3418.0,1760.0,3642.0,871.0,1864.0
12.0,2594.0,3751.0,1881.0,33.0,423.0,2840.0,1271.0,,3835.0,,2630.0,2404.0,2411.0,765.0,2086.0,867.0,,995.0,1998.0,1051.0,139.0,1528.0,1127.0,3767.0
3734.0,419.0,2183.0,638.0,1228.0,2316.0,921.0,1418.0,,3392.0,,2020.0,2398.0,1271.0,3105.0,3843.0,2404.0,,1381.0,2667.0,2601.0,317.0,2842.0,527.0,3217.0
52.0,3858.0,220.0,3864.0,2325.0,1895.0,916.0,586.0,,1275.0,,2359.0,1475.0,3183.0,3359.0,771.0,599.0,,2381.0,875.0,2160.0,2719.0,3731.0,1861.0,3105.0
1454.0,3005.0,974.0,1406.0,523.0,366.0,2269.0,1564.0,,1522.0,,3311.0,2397.0,1158.0,1102.0,3704.0,1393.0,,142.0,1239.0,3004.0,3697.0,2092.0,1808.0,1628.0
1765.0,3990.0,405.0,1601.0,1324.0,4093.0,3510.0,2491.0,,1851.0,,2698.0,753.0,2987.0,2483.0,870.0,2861.0,,2165.0,3294.0,2721.0,4055.0,3986.0,119.0,2426.0
3721.0,1300.0,1905.0,3619.0,3709.0,2574.0,2063.0,2280.0,,2725.0,,261.0,3307.0,150.0,360.0,2097.0,1166.0,,2504.0,1764.0,2081.0,1473.0,2492.0,145.0,3752.0
3832.0,793.0,2209.0,4046.0,2805.0,2806.0,2428.0,1442.0,,1578.0,,2050.0,3813.0,561.0,3614.0,1179.0,3631.0,,3979.0,1120.0,2737.0,2016.0,3171.0,3916.0,1076.0
1034.0,2608.0,1645.0,1391.0,1067.0,1798.0,1196.0,2105.0,,2198.0,,1235.0,3919.0,2467.0,3436.0,2761.0,2335.0,,2343.0,1320.0,2894.0,328.0,1704.0,344.0,232.0
1775.0,1905.0,824.0,797.0,951.0,657.0,169.0,994.0,,297.0,,1638.0,2259.0,2374.0,3435.0,1497.0,3612.0,,2562.0,783.0,586.0,3376.0,1227.0,3937.0,2805.0
579.0,1382.0,1728.0,4077.0,2453.0,2336.0,2102.0,2136.0,,2883.0,,2025.0,3157.0,0.0,885.0,2235.0,2951.0,,2539.0,508.0,713.0,3741.0,1600.0,368.0,2920.0
41.0,1467.0,1601.0,3138.0,2844.0,1210.0,1905.0,3506.0,,180.0,,1412.0,3296.0,1596.0,328.0,3945.0,2005.0,,2709.0,959.0,2024.0,2135.0,368.0,3563.0,109.0
2826.0,28.0,2022.0,1346.0,2219.0,804.0,593.0,2282.0,,733.0,,3932.0,927.0,1536.0,97.0,3102.0,1048.0,,3400.0,2571.0,165.0,2430.0,3150.0,1672.0,468.0
246.0,2177.0,802.0,1783.0,1534.0,3344.0,3442.0,1375.0,,1632.0,,2141.0,3621.0,3641.0,1738.0,2439.0,3451.0,,3470.0,2691.0,2847.0,2233.0,1366.0,901.0,3341.0
1628.0,122.0,1630.0,3716.0,179.0,47.0,2851.0,1003.0,,200.0,,1178.0,3900.0,2270.0,1890.0,291.0,3223.0,,3023.0,1145.0,2568.0,1410.0,3525.0,2258.0,822.0
1697.0,3339.0,957.0,3910.0,1127.0,3249.0,1840.0,1767.0,,1648.0,,1856.0,1526.0,882.0,1521.0,2952.0,1175.0,,1325.0,293.0,274.0,2716.0,711.0,4009.0,2940.0
2423.0,1793.0,3868.0,1566.0,314.0,369.0,3211.0,3356.0,,2872.0,,593.0,198.0,361.0,280.0,3679.0,154.0,,3918.0,2249.0,2991.0,3753.0,2793.0,4087.0,3884.0
3376.0,632.0,3574.0,3311.0,1352.0,1954.0,1158.0,3405.0,,1983.0,,1966.0,1022.0,3172.0,1726.0,2624.0,484.0,,1343.0,1887.0,3993.0,2444.0,3313.0,561.0,2681.0
795.0,2333.0,3668.0,799.0,2938.0,4098.0,3288.0,909.0,,2442.0,,3092.0,1003.0,2445.0,477.0,792.0,1178.0,,912.0,1032.0,3680.0,3805.0,665.0,827.0,491.0
694.0,3357.0,26.0,3298.0,675.0,649.0,2620.0,4071.0,,3878.0,,2139.0,2701.0,208.0,4082.0,1689.0,3422.0,,1819.0,3391.0,2883.0,1301.0,26.0,3817.0,1229.0
1820.0,3227.0,72.0,1307.0,5.0,3086.0,1567.0,2360.0,,2594.0,,517.0,237.0,2769.0,3433.0,4095.0,436.0,,2980.0,640.0,1211.0,2626.0,3995.0,3167.0,3942.0
1714.0,1695.0,708.0,2911.0,1962.0,1651.0,3270.0,1361.0,,1467.0,,448.0,3038.0,1557.0,2821.0,1251.0,3308.0,,3725.0,1520.0,162.0,2854.0,2597.0,2217.0,2301.0
778.0,1136.0,504.0,2620.0,3668.0,1635.0,1191.0,2921.0,,975.0,,449.0,629.0,3307.0,754.0,1175.0,821.0,,3419.0,68.0,1613.0,2321.0,1244.0,1719.0,3775.0
613.0,485.0,3825.0,923.0,3902.0,2396.0,1657.0,1576.0,,1911.0,,3295.0,1854.0,233.0,1776.0,288.0,2339.0,,105.0,1588.0,2056.0,2736.0,2944.0,1867.0,2913.0
397.0,1016.0,3816.0,3403.0,1717.0,916.0,473.0,2774.0,,59.0,,4074.0,2295.0,2440.0,1534.0,3970.0,773.0,,10.0,2279.0,1215.0,357.0,1954.0,3723.0,2620.0
1273.0,1290.0,3223.0,2493.0,2409.0,976.0,3197.0,403.0,,68.0,,231.0,343.0,671.0,3755.0,2909.0,3338.0,,1408.0,1338.0,3279.0,173.0,1761.0,2163.0,1907.0
74.0,880.0,859.0,3737.0,3870.0,292.0,1049.0,3262.0,,2757.0,,463.0,1989.0,970.0,2081.0,1537.0,1418.0,,3798.0,1946.0,472.0,3721.0,923.0,2494.0,3392.0
3538.0,2429.0,1762.0,3347.0,4018.0,3522.0,2997.0,2956.0,,3918.0,,691.0,1702.0,360.0,2424.0,1053.0,3381.0,,3030.0,3929.0,1504.0,1421.0,3522.0,2205.0,1099.0
1671.0,275.0,199.0,709.0,2049.0,2085.0,725.0,1248.0,,3072.0,,2998.0,2922.0,3749.0,4032.0,1880.0,3156.0,,1881.0,3216.0,3670.0,4050.0,1104.0,1932.0,2619.0
3827.0,3705.0,3457.0,1896.0,662.0,1717.0,2872.0,220.0,,604.0,,1918.0,3236.0,992.0,3534.0,828.0,3725.0,,3440.0,1235.0,1924.0,2757.0,3489.0,4060.0,728.0
527.0,1421.0,3723.0,938.0,3184.0,3682.0,3096.0,537.0,,2858.0,,3353.0,326.0,1353.0,356.0,4083.0,1202.0,,2317.0,1563.0,259.0,2501.0,1908.0,3607.0,2337.0
705.0,2387.0,1911.0,812.0,2876.0,2522.0,1113.0,1103.0,,2158.0,,2412.0,1896.0,2617.0,3124.0,4042.0,2280.0,,1496.0,2236.0,3945.0,2495.0,270.0,450.0,759.0
1257.0,1655.0,1420.0,1334.0,2171.0,2951.0,776.0,227.0,,41.0,,723.0,2095.0,72.0,4000.0,1065.0,937.0,,2836.0,3565.0,2939.0,323.0,3306.0,3731.0,921.0
2217.0,1027.0,1760.0,1352.0,1933.0,88.0,3892.0,3174.0,,3745.0,,185.0,3774.0,4090.0,2365.0,3726.0,29.0,,1210.0,2305.0,1972.0,3331.0,1146.0,1860.0,1599.0
75.0,3500.0,2741.0,1067.0,3888.0,1326.0,1585.0,2648.0,,2590.0,,2802.0,743.0,2428.0,3403.0,3840.0,1103.0,,2771.0,1208.0,4074.0,3822.0,183.0,2691.0,2463.0
2209.0,1469.0,3356.0,2805.0,2907.0,1003.0,2261.0,3030.0,,1920.0,,1809.0,607.0,502.0,3561.0,3908.0,854.0,,2362.0,319.0,2041.0,560.0,2895.0,1377.0,2777.0
48.0,1773.0,2086.0,3907.0,1047.0,1011.0,2975.0,2802.0,,2802.0,,1408.0,490.0,322.0,663.0,484.0,642.0,,304.0,3018.0,635.0,3001.0,3685.0,2417.0,213.0
3805.0,544.0,919.0,3075.0,495.0,1853.0,3163.0,2509.0,,1209.0,,2931.0,1471.0,151.0,2702.0,2622.0,1741.0,,3247.0,597.0,117.0,1097.0,3918.0,2345.0,2682.0
1488.0,1009.0,1808.0,720.0,3305.0,38.0,3418.0,3221.0,,1525.0,,3280.0,1536.0,3173.0,1567.0,3745.0,580.0,,2871.0,571.0,3544.0,541.0,3089.0,3832.0,1036.0
3510.0,2866.0,2362.0,4065.0,564.0,539.0,2552.0,369.0,,3037.0,,3571.0,885.0,3071.0,3416.0,68.0,2144.0,,1931.0,949.0,997.0,2340.0,2852.0,66.0,3317.0
3100.0,1166.0,3450.0,3482.0,3855.0,2674.0,207.0,2687.0,,2193.0,,3183.0,2215.0,2969.0,2345.0,2579.0,2484.0,,2838.0,1383.0,1465.0,3745.0,3807.0,20.0,3905.0
3389.0,1318.0,3275.0,417.0,1270.0,360.0,866.0,354.0,,250.0,,722.0,1412.0,543.0,3332.0,3004.0,155.0,,3063.0,1115.0,3400.0,1502.0,2668.0,4032.0,2695.0
2454.0,3463.0,3923.0,740.0,1443.0,3516.0,2097.0,921.0,,3776.0,,111.0,924.0,1844.0,3166.0,3441.0,345.0,,3546.0,810.0,1653.0,633.0,3205.0,1815.0,451.0
4068.0,2294.0,1053.0,3726.0,1475.0,3705.0,1807.0,1666.0,,3652.0,,3080.0,2600.0,3963.0,2277.0,639.0,3165.0,,2728.0,1939.0,3189.0,1393.0,478.0,214.0,1413.0
2334.0,1964.0,192.0,1329.0,2200.0,1323.0,1262.0,1463.0,,490.0,,255.0,316.0,588.0,3599.0,3415.0,3906.0,,1092.0,174.0,2646.0,3295.0,1307.0,1731.0,4033.0
1183.0,3374.0,2061.0,615.0,3419.0,3076.0,135.0,1739.0,,1561.0,,508.0,2950.0,1021.0,857.0,562.0,286.0,,2565.0,202.0,784.0,547.0,1303.0,3001.0,1934.0
4017.0,1603.0,2070.0,3956.0,995.0,2744.0,1062.0,1348.0,,3274.0,,836.0,2257.0,2726.0,2105.0,996.0,1309.0,,576.0,1512.0,3135.0,3290.0,3066.0,1582.0,897.0
1262.0,1628.0,2887.0,45.0,3039.0,1091.0,3767.0,782.0,,468.0,,689.0,2104.0,892.0,2436.0,1182.0,1747.0,,1187.0,1387.0,1209.0,3577.0,1048.0,2783.0,859.0
3262.0,576.0,3722.0,3194.0,972.0,930.0,3653.0,1246.0,,2178.0,,596.0,97.0,2202.0,3342.0,2989.0,3466.0,,3284.0,1969.0,1828.0,910.0,180.0,1634.0,137.0
702.0,3774.0,3413.0,3440.0,2702.0,640.0,3100.0,1642.0,,3820.0,,880.0,1493.0,2994.0,3720.0,3546.0,3126.0,,316.0,504.0,319.0,1107.0,4079.0,1039.0,1189.0
399.0,2808.0,3544.0,1464.0,2164.0,1352.0,1690.0,902.0,,3485.0,,855.0,965.0,2322.0,2772.0,2873.0,1897.0,,1018.0,49.0,909.0,1509.0,959.0,387.0,2753.0
3503.0,3573.0,2266.0,1367.0,3073.0,586.0,3099.0,2810.0,,2301.0,,2093.0,80.0,668.0,4042.0,804.0,2954.0,,3168.0,2169.0,2242.0,1086.0,1873.0,757.0,172.0
3437.0,732.0,2884.0,3991.0,1089.0,144.0,231.0,1130.0,,911.0,,713.0,71.0,2667.0,1999.0,2795.0,422.0,,2873.0,3103.0,4082.0,3590.0,945.0,2726.0,384.0
1302.0,3902.0,798.0,439.0,1369.0,3503.0,1324.0,1333.0,,144.0,,1411.0,2019.0,2905.0,3890.0,954.0,1767.0,,2265.0,844.0,3826.0,1676.0,530.0,1683.0,3818.0
719.0,2548.0,3644.0,4062.0,373.0,1461.0,655.0,1598.0,,1096.0,,1115.0,3515.0,3334.0,616.0,2076.0,1310.0,,3571.0,974.0,3213.0,817.0,4083.0,1620.0,3772.0
434.0,2709.0,3466.0,1132.0,148.0,3661.0,3581.0,4000.0,,1976.0,,671.0,387.0,845.0,1120.0,2461.0,1211.0,,2416.0,119.0,2502.0,548.0,3521.0,1601.0,180.0
3296.0,1850.0,2777.0,1802.0,3093.0,1373.0,194.0,3512.0,,2765.0,,3934.0,3574.0,3685.0,3215.0,1534.0,3614.0,,2252.0,2703.0,186.0,300.0,2307.0,1190.0,2071.0
2117.0,1571.0,341.0,3617.0,1311.0,159.0,925.0,3869.0,,2173.0,,2439.0,3916.0,3070.0,1554.0,1115.0,2657.0,,3523.0,756.0,1311.0,489.0,2211.0,663.0,2286.0
3520.0,2207.0,1070.0,2409.0,3769.0,1656.0,3958.0,639.0,,1466.0,,1783.0,2657.0,3312.0,592.0,1224.0,4098.0,,2491.0,3078.0,1857.0,3648.0,201.0,2841.0,1461.0
3460.0,4075.0,331.0,398.0,2627.0,3834.0,1241.0,1141.0,,3583.0,,3668.0,208.0,3522.0,3598.0,2804.0,683.0,,2448.0,3933.0,2691.0,2051.0,3308.0,37.0,3779.0
3942.0,492.0,255.0,977.0,3061.0,573.0,3420.0,3158.0,,4032.0,,1277.0,3725.0,2901.0,1682.0,1744.0,360.0,,2794.0,307.0,3729.0,2476.0,364.0,1650.0,3777.0
2543.0,3678.0,3800.0,2952.0,492.0,393.0,688.0,141.0,,3512.0,,2388.0,3240.0,2297.0,2158.0,768.0,3063.0,,640.0,3670.0,3619.0,1593.0,899.0,1376.0,2489.0
618.0,982.0,1021.0,3869.0,190.0,3973.0,1405.0,3918.0,,2894.0,,3957.0,3543.0,1282.0,840.0,1816.0,2485.0,,1897.0,2662.0,3605.0,814.0,2406.0,3786.0,3673.0
239.0,1533.0,3915.0,915.0,3410.0,1259.0,2923.0,3119.0,,1377.0,,1481.0,2378.0,3795.0,2700.0,2756.0,750.0,,2974.0,1252.0,1658.0,1643.0,3098.0,1122.0,1531.0
1080.0,819.0,3720.0,1172.0,203.0,3212.0,3159.0,444.0,,2852.0,,4028.0,1029.0,381.0,3101.0,960.0,2841.0,,1771.0,4017.0,1753.0,1411.0,3543.0,1449.0,1764.0
4037.0,4067.0,1546.0,3262.0,904.0,490.0,2188.0,3760.0,,679.0,,3591.0,21.0,4038.0,3501.0,84.0,3182.0,,871.0,2185.0,44.0,2609.0,3072.0,2467.0,1759.0
524.0,2266.0,3039.0,525.0,3031.0,2154.0,667.0,955.0,,1228.0,,2841.0,3556.0,2356.0,1639.0,2703.0,231.0,,2863.0,3272.0,1673.0,3603.0,3322.0,2172.0,606.0
465.0,3901.0,1060.0,2596.0,1523.0,2692.0,3884.0,3067.0,,3039.0,,2654.0,1715.0,38.0,2798.0,254.0,1606.0,,3325.0,1155.0,66.0,2153.0,1853.0,3171.0,3436.0
394.0,2686.0,381.0,772.0,212.0,2888.0,1009.0,2631.0,,1700.0,,1741.0,3252.0,890.0,1325.0,3997.0,331.0,,3442.0,1993.0,3047.0,1662.0,2724.0,1883.0,3300.0
1371.0,1268.0,529.0,2931.0,2891.0,2324.0,3251.0,1385.0,,607.0,,2780.0,2729.0,2585.0,897.0,12.0,1876.0,,1145.0,699.0,1607.0,3106.0,2749.0,129.0,337.0
532.0,1958.0,3827.0,3567.0,3210.0,3938.0,3831.0,1921.0,,844.0,,2491.0,2077.0,234.0,371.0,3139.0,4059.0,,2243.0,620.0,1125.0,2486.0,1474.0,854.0,1032.0
986.0,2242.0,2864.0,598.0,962.0,3887.0,1706.0,264.0,,2960.0,,1553.0,2461.0,2738.0,3406.0,360.0,3811.0,,1624.0,2341.0,1061.0,2957.0,2529.0,3459.0,3568.0
39.0,1807.0,4044.0,815.0,2101.0,2739.0,3524.0,1225.0,,551.0,,1746.0,3133.0,4044.0,1811.0,3048.0,2454.0,,792.0,3806.0,2728.0,4093.0,1394.0,2973.0,2465.0
2769.0,1125.0,259.0,665.0,389.0,1064.0,2204.0,1461.0,,2284.0,,374.0,3876.0,1779.0,2444.0,3628.0,3947.0,,3884.0,498.0,3596.0,2390.0,690.0,3327.0,633.0
126.0,345.0,1807.0,950.0,107.0,1398.0,1091.0,3473.0,,3103.0,,854.0,3421.0,3426.0,1952.0,849.0,2921.0,,3700.0,1629.0,366.0,231.0,2760.0,1516.0,2740.0
2565.0,426.0,1926.0,1317.0,927.0,779.0,1446.0,2771.0,,3572.0,,944.0,3034.0,2555.0,3603.0,2257.0,17.0,,3897.0,3876.0,2275.0,2683.0,1700.0,682.0,2922.0
2241.0,3104.0,3073.0,2452.0,2795.0,506.0,1561.0,1378.0,,2187.0,,2079.0,1564.0,4071.0,1905.0,225.0,223.0,,709.0,2582.0,3471.0,3092.0,2154.0,3580.0,3399.0
1343.0,3163.0,131.0,3940.0,465.0,2628.0,936.0,371.0,,1102.0,,124.0,1987.0,2417.0,3578.0,1795.0,249.0,,1404.0,710.0,3211.0,2641.0,4003.0,716.0,2687.0
2640.0,3625.0,2346.0,2006.0,2977.0,1781.0,60.0,732.0,,2723.0,,2638.0,2191.0,2864.0,1747.0,2042.0,1440.0,,2750.0,200.0,972.0,2903.0,3636.0,3811.0,2956.0
1603.0,2153.0,268.0,1392.0,1190.0,2478.0,367.0,2510.0,,289.0,,1156.0,1011.0,224.0,2172.0,1041.0,1927.0,,3296.0,3884.0,1970.0,2270.0,1129.0,946.0,3749.0
3509.0,1356.0,902.0,224.0,2329.0,127.0,2264.0,2144.0,,4062.0,,3739.0,1522.0,3461.0,3902.0,1170.0,3606.0,,3426.0,175.0,1069.0,581.0,2058.0,3537.0,2047.0
3088.0,4082.0,1373.0,1711.0,3079.0,2867.0,3213.0,3777.0,,2760.0,,1236.0,3496.0,1076.0,3623.0,2996.0,3031.0,,2578.0,1254.0,2021.0,1792.0,528.0,1750.0,459.0
895.0,1190.0,3036.0,2209.0,3016.0,920.0,3777.0,2433.0,,968.0,,3424.0,3367.0,1409.0,2829.0,1373.0,2592.0,,2483.0,3602.0,1521.0,3465.0,2396.0,1539.0,3845.0
1668.0,1485.0,3465.0,2066.0,3150.0,833.0,1862.0,2855.0,,3266.0,,2635.0,2271.0,2265.0,3041.0,2414.0,517.0,,3688.0,577.0,84.0,134.0,126.0,2244.0,1062.0
65.0,386.0,2149.0,3419.0,1953.0,3432.0,1355.0,2498.0,,2142.0,,1525.0,2005.0,146.0,3683.0,3091.0,3555.0,,3341.0,3449.0,357.0,1198.0,323.0,3608.0,2014.0
2782.0,2667.0,2283.0,2176.0,1417.0,2380.0,3030.0,503.0,,2025.0,,2831.0,3886.0,3616.0,1572.0,3509.0,18.0,,259.0,1407.0,2330.0,2447.0,3595.0,2878.0,4011.0
2598.0,1742.0,1792.0,2344.0,2906.0,4040.0,2913.0,2122.0,,1450.0,,3040.0,3452.0,3405.0,2672.0,709.0,2125.0,,860.0,2721.0,3525.0,1724.0,2026.0,2382.0,2569.0
1590.0,4059.0,4023.0,806.0,2998.0,2118.0,1608.0,3705.0,,2820.0,,1628.0,1402.0,930.0,2710.0,3515.0,521.0,,1775.0,1335.0,940.0,1431.0,4096.0,1835.0,3241.0
255.0,955.0,312.0,3101.0,4080.0,1116.0,3057.0,1024.0,,2614.0,,3352.0,2015.0,2438.0,1988.0,2153.0,3413.0,,1303.0,2839.0,1430.0,3794.0,3234.0,502.0,1957.0
944.0,1618.0,309.0,435.0,2873.0,3651.0,3331.0,3782.0,,4066.0,,3599.0,3078.0,2258.0,3072.0,1771.0,793.0,,3366.0,506.0,56.0,3910.0,864.0,2129.0,2509.0
2917.0,1154.0,230.0,2443.0,582.0,1344.0,3587.0,3730.0,,644.0,,1158.0,1362.0,2395.0,2353.0,2485.0,3336.0,,2852.0,941.0,1926.0,2997.0,759.0,1527.0,3687.0
1991.0,963.0,3442.0,3381.0,384.0,3226.0,174.0,1224.0,,825.0,,3727.0,908.0,1797.0,2102.0,621.0,2016.0,,957.0,56.0,3259.0,1539.0,862.0,3202.0,3569.0
216.0,1383.0,1029.0,24.0,3027.0,56.0,3518.0,949.0,,237.0,,2269.0,2643.0,1364.0,3340.0,3045.0,1232.0,,2197.0,3701.0,424.0,3546.0,947.0,1580.0,3430.0
1993.0,379.0,2733.0,2484.0,208.0,1971.0,2583.0,1824.0,,2771.0,,2592.0,1568.0,3936.0,924.0,91.0,747.0,,418.0,3408.0,859.0,3747.0,2993.0,307.0,1654.0
1395.0,2474.0,1100.0,3605.0,3299.0,3538.0,2271.0,3140.0,,2306.0,,3593.0,136.0,1639.0,2824.0,2576.0,3510.0,,2609.0,608.0,1126.0,1429.0,2679.0,2311.0,2252.0
3338.0,2732.0,1488.0,2693.0,2862.0,2666.0,2534.0,2402.0,,2853.0,,73.0,3766.0,3447.0,4057.0,2848.0,1691.0,,23.0,1313.0,764.0,3027.0,3503.0,1415.0,1199.0
3891.0,92.0,2282.0,3493.0,1613.0,120.0,1779.0,2731.0,,52.0,,1787.0,508.0,1387.0,1397.0,808.0,1632.0,,3662.0,697.0,3703.0,2116.0,1958.0,1756.0,776.0
3008.0,250.0,2738.0,4084.0,3702.0,2839.0,3354.0,3648.0,,2589.0,,428.0,1904.0,3430.0,1460.0,3702.0,2672.0,,975.0,349.0,953.0,2318.0,2580.0,3375.0,1402.0
2618.0,3793.0,1346.0,3656.0,91.0,1709.0,3044.0,1013.0,,2926.0,,2149.0,1974.0,3804.0,1152.0,3915.0,3759.0,,784.0,203.0,1506.0,3077.0,102.0,838.0,221.0
2086.0,846.0,3159.0,351.0,3450.0,2928.0,2306.0,2993.0,,939.0,,1356.0,672.0,1533.0,1091.0,167.0,714.0,,2064.0,8.0,892.0,520.0,657.0,972.0,1068.0
151.0,1588.0,2176.0,1442.0,1165.0,1058.0,896.0,1488.0,,3234.0,,223.0,463.0,1521.0,1548.0,3754.0,3692.0,,2171.0,1275.0,3373.0,2500.0,3469.0,600.0,2714.0
1348.0,679.0,739.0,2969.0,3230.0,3202.0,3817.0,3340.0,,21.0,,1969.0,954.0,2598.0,1822.0,3387.0,4066.0,,1580.0,1985.0,1223.0,539.0,178.0,517.0,567.0
3872.0,673.0,3621.0,2255.0,1785.0,2021.0,717.0,1372.0,,274.0,,2289.0,3525.0,3557.0,4058.0,1927.0,3633.0,,448.0,3089.0,686.0,1098.0,980.0,1173.0,3367.0
525.0,41.0,544.0,443.0,294.0,3251.0,299.0,1268.0,,2978.0,,1331.0,3874.0,2892.0,1295.0,339.0,158.0,,1748.0,885.0,851.0,3346.0,143.0,2608.0,3150.0
1766.0,2461.0,3531.0,424.0,3432.0,3918.0,879.0,1060.0,,176.0,,3895.0,3036.0,2203.0,1266.0,4020.0,692.0,,3394.0,4050.0,1273.0,3900.0,428.0,1512.0,2186.0
3492.0,1365.0,3675.0,3485.0,3932.0,77.0,844.0,2230.0,,136.0,,2783.0,2696.0,3176.0,285.0,2120.0,2210.0,,4006.0,1889.0,901.0,209.0,3495.0,3322.0,599.0
1084.0,2051.0,1508.0,2861.0,1715.0,951.0,94.0,695.0,,1388.0,,3335.0,2253.0,3698.0,2802.0,856.0,543.0,,1259.0,2378.0,1036.0,2145.0,3491.0,4072.0,3724.0
3971.0,3595.0,1064.0,477.0,2047.0,3099.0,321.0,3375.0,,680.0,,2071.0,2831.0,240.0,300.0,3927.0,2782.0,,311.0,3467.0,1349.0,470.0,3992.0,2197.0,2368.0
564.0,3622.0,3687.0,3094.0,2225.0,787.0,,1651.0,,3711.0,,4057.0,1592.0,2754.0,3558.0,1736.0,1372.0,,1550.0,975.0,1244.0,2325.0,4002.0,1170.0,1736.0
1303.0,3406.0,672.0,2730.0,295.0,822.0,,1557.0,,167.0,,2606.0,2319.0,2025.0,935.0,492.0,1992.0,,3950.0,3572.0,3236.0,981.0,1167.0,2144.0,3076.0
1353.0,2879.0,2383.0,2755.0,2104.0,2989.0,,2213.0,,2737.0,,2819.0,2966.0,2836.0,1491.0,116.0,835.0,,2517.0,3436.0,627.0,2402.0,3507.0,69.0,1182.0
1142.0,3179.0,2337.0,3405.0,1198.0,2764.0,,2333.0,,3135.0,,2369.0,1361.0,394.0,831.0,1641.0,2161.0,,2311.0,2039.0,434.0,3571.0,1530.0,1716.0,3604.0
3865.0,306.0,3691.0,3502.0,90.0,134.0,,1525.0,,3596.0,,2751.0,3870.0,3482.0,3680.0,2341.0,2968.0,,273.0,371.0,1732.0,888.0,152.0,113.0,3894.0
170.0,1208.0,662.0,282.0,1783.0,3959.0,,1076.0,,3263.0,,1289.0,769.0,3512.0,513.0,2099.0,3004.0,,205.0,2945.0,168.0,3586.0,1537.0,490.0,269.0
1531.0,2011.0,393.0,270.0,1434.0,452.0,,3265.0,,1254.0,,2246.0,3615.0,1618.0,1601.0,2513.0,2424.0,,57.0,1877.0,659.0,1632.0,3719.0,1497.0,3050.0
1076.0,2711.0,3903.0,3423.0,87.0,2846.0,,1405.0,,1966.0,,1666.0,2737.0,3665.0,2834.0,4067.0,2969.0,,870.0,3032.0,2629.0,1169.0,1362.0,3794.0,1095.0
320.0,1931.0,2636.0,1192.0,2571.0,1707.0,,996.0,,2262.0,,976.0,48.0,1555.0,3504.0,785.0,376.0,,281.0,1460.0,1982.0,3191.0,1764.0,158.0,2791.0
2023.0,1873.0,1416.0,2103.0,2208.0,2760.0,,1593.0,,3959.0,,1568.0,357.0,3436.0,4085.0,595.0,792.0,,3650.0,3290.0,96.0,2762.0,1029.0,1136.0,3518.0
2541.0,3219.0,1702.0,1242.0,2440.0,3585.0,,1826.0,,656.0,,3084.0,2579.0,3649.0,2439.0,696.0,275.0,,3464.0,2093.0,2469.0,3420.0,2229.0,1141.0,1586.0
490.0,1755.0,2404.0,2095.0,2530.0,1010.0,,2890.0,,2794.0,,670.0,931.0,3930.0,2931.0,2832.0,3682.0,,3694.0,2026.0,3777.0,2388.0,2779.0,272.0,3633.0
685.0,927.0,2261.0,1333.0,1557.0,474.0,,3291.0,,2523.0,,3634.0,894.0,3583.0,516.0,3671.0,3528.0,,899.0,3681.0,3695.0,943.0,538.0,3333.0,3566.0
811.0,1408.0,613.0,3803.0,814.0,1897.0,,2537.0,,1248.0,,814.0,3194.0,915.0,388.0,3191.0,3809.0,,3618.0,2303.0,3871.0,3276.0,854.0,2406.0,1576.0
1120.0,2148.0,780.0,2918.0,809.0,1256.0,,2056.0,,3505.0,,334.0,3322.0,382.0,2064.0,3451.0,3481.0,,3929.0,3372.0,1750.0,2151.0,3252.0,111.0,87.0
3444.0,121.0,1118.0,407.0,1555.0,1496.0,,550.0,,909.0,,2651.0,186.0,3950.0,3674.0,2072.0,1745.0,,2860.0,1410.0,1540.0,3830.0,3035.0,1898.0,923.0
3139.0,115.0,1996.0,3524.0,1455.0,2717.0,,714.0,,3643.0,,1749.0,675.0,421.0,2149.0,3789.0,1338.0,,285.0,1343.0,3481.0,570.0,1503.0,1703.0,2662.0
1936.0,945.0,664.0,1809.0,3085.0,1039.0,,2288.0,,3848.0,,3071.0,616.0,3679.0,3390.0,1508.0,3469.0,,2428.0,589.0,2104.0,1313.0,3258.0,3913.0,1223.0
3360.0,998.0,2358.0,2722.0,434.0,718.0,,2760.0,,3752.0,,1081.0,1012.0,3521.0,2208.0,675.0,3236.0,,2062.0,1276.0,1276.0,479.0,1781.0,3078.0,3148.0
785.0,3897.0,2703.0,1939.0,898.0,1196.0,,3802.0,,1497.0,,1472.0,3847.0,1780.0,437.0,3309.0,311.0,,924.0,2750.0,2072.0,3780.0,1612.0,2352.0,3422.0
3204.0,1686.0,496.0,4074.0,2864.0,2174.0,,1106.0,,2953.0,,2950.0,3936.0,2213.0,1284.0,2910.0,344.0,,420.0,2969.0,1865.0,3502.0,1071.0,1276.0,1113.0
1817.0,3027.0,2590.0,3275.0,3607.0,3760.0,,1912.0,,636.0,,2090.0,2980.0,1507.0,1359.0,516.0,1573.0,,921.0,1493.0,699.0,1866.0,4080.0,1595.0,2804.0
28.0,3903.0,3497.0,3191.0,2010.0,837.0,,559.0,,1110.0,,1831.0,2951.0,1209.0,3724.0,1491.0,2219.0,,1880.0,2975.0,1130.0,3039.0,2780.0,3286.0,3761.0
429.0,2811.0,2277.0,3002.0,3818.0,3635.0,,1230.0,,3128.0,,1685.0,367.0,3396.0,3933.0,1141.0,335.0,,853.0,3484.0,1517.0,1110.0,1373.0,2006.0,2177.0
253.0,869.0,3290.0,258.0,78.0,1587.0,,2736.0,,3299.0,,1850.0,290.0,3393.0,2845.0,22.0,2882.0,,2020.0,3227.0,3538.0,296.0,4074.0,1913.0,2175.0
2327.0,1784.0,3029.0,392.0,3054.0,2881.0,,2626.0,,458.0,,2911.0,1693.0,3416.0,694.0,1109.0,2557.0,,3808.0,618.0,4053.0,2616.0,2429.0,1037.0,1151.0
1243.0,2116.0,2.0,755.0,1114.0,3572.0,,1214.0,,3205.0,,2510.0,2759.0,488.0,2450.0,1315.0,2742.0,,1271.0,1403.0,495.0,617.0,2491.0,726.0,3174.0
3375.0,524.0,2525.0,3541.0,1458.0,710.0,,2834.0,,3904.0,,988.0,3437.0,3081.0,1011.0,970.0,279.0,,2649.0,3263.0,2030.0,1252.0,1872.0,117.0,1324.0
629.0,285.0,2372.0,2019.0,1884.0,2612.0,,508.0,,3769.0,,1720.0,3457.0,3402.0,1272.0,716.0,3643.0,,3528.0,167.0,621.0,282.0,2968.0,3067.0,556.0
297.0,3684.0,2222.0,2165.0,940.0,176.0,,3186.0,,2518.0,,2345.0,2400.0,3878.0,1225.0,3548.0,2397.0,,906.0,1209.0,1408.0,1791.0,1095.0,2348.0,1533.0
2812.0,2252.0,3911.0,757.0,1356.0,3851.0,,1946.0,,2617.0,,2940.0,324.0,723.0,1364.0,1665.0,3108.0,,3763.0,1173.0,249.0,1505.0,2353.0,3098.0,55.0
2401.0,3258.0,782.0,3732.0,1575.0,1095.0,,773.0,,1707.0,,3399.0,3636.0,3138.0,1501.0,1982.0,2607.0,,15.0,3358.0,1930.0,39.0,1806.0,2990.0,1203.0
947.0,1161.0,2770.0,3455.0,1510.0,1578.0,,2886.0,,3523.0,,1785.0,3676.0,1910.0,2306.0,3156.0,2487.0,,335.0,1353.0,1191.0,2559.0,438.0,773.0,3291.0
4007.0,3841.0,1881.0,1677.0,273.0,3729.0,,3650.0,,3075.0,,3726.0,3030.0,1146.0,4066.0,344.0,3579.0,,437.0,594.0,1833.0,779.0,2822.0,2507.0,931.0
632.0,2012.0,1685.0,3833.0,3581.0,515.0,,642.0,,1333.0,,282.0,3241.0,932.0,3795.0,1579.0,266.0,,2315.0,1245.0,2122.0,3080.0,4009.0,2088.0,3385.0
1742.0,1930.0,1680.0,497.0,2973.0,3801.0,,2459.0,,672.0,,681.0,1521.0,2340.0,3405.0,2594.0,1598.0,,3310.0,1336.0,1824.0,3219.0,1432.0,3693.0,2797.0
3873.0,1124.0,1255.0,416.0,146.0,993.0,,461.0,,1777.0,,672.0,3407.0,976.0,3338.0,125.0,2846.0,,2242.0,27.0,4001.0,85.0,2136.0,1465.0,1394.0
2353.0,1856.0,1176.0,3811.0,2920.0,1670.0,,1023.0,,793.0,,2061.0,2242.0,3040.0,2142.0,4071.0,3064.0,,4042.0,888.0,581.0,2468.0,1984.0,3511.0,2417.0
799.0,2275.0,2492.0,2336.0,3300.0,1097.0,,3023.0,,1500.0,,1384.0,1313.0,1819.0,1799.0,63.0,1388.0,,1396.0,3160.0,1196.0,953.0,2694.0,1049.0,2373.0
659.0,1110.0,1407.0,1971.0,3209.0,2914.0,,297.0,,1702.0,,3350.0,3404.0,56.0,511.0,1103.0,1126.0,,2422.0,3159.0,1107.0,2112.0,1672.0,1359.0,1321.0
3627.0,1436.0,426.0,154.0,52.0,3999.0,,2686.0,,3091.0,,3447.0,1594.0,1940.0,487.0,3027.0,1074.0,,2659.0,1533.0,3847.0,1082.0,412.0,3473.0,218.0
3690.0,3822.0,773.0,3578.0,586.0,2427.0,,176.0,,2991.0,,496.0,2501.0,3282.0,1806.0,3487.0,77.0,,665.0,2120.0,1991.0,737.0,3894.0,658.0,2445.0
379.0,807.0,2214.0,164.0,1333.0,1488.0,,3653.0,,1618.0,,418.0,3211.0,3147.0,3949.0,399.0,506.0,,3145.0,4038.0,1937.0,4102.0,2750.0,1741.0,2377.0
2956.0,2213.0,1852.0,3701.0,438.0,359.0,,1392.0,,2814.0,,1003.0,1603.0,3263.0,3176.0,1962.0,761.0,,3273.0,2824.0,1813.0,1050.0,2971.0,2909.0,3170.0
1230.0,1182.0,1612.0,476.0,3087.0,1580.0,,3151.0,,516.0,,1717.0,3354.0,758.0,2263.0,3155.0,3334.0,,1536.0,3213.0,1356.0,3996.0,2693.0,2692.0,2122.0
115.0,460.0,2761.0,2968.0,3912.0,2545.0,,3527.0,,2017.0,,3794.0,3269.0,1338.0,732.0,1654.0,851.0,,1473.0,2893.0,2372.0,1755.0,485.0,2614.0,3218.0
3448.0,1351.0,1251.0,1049.0,2475.0,1337.0,,2807.0,,1284.0,,926.0,3808.0,1702.0,984.0,2839.0,4000.0,,3461.0,2874.0,3797.0,305.0,1512.0,781.0,654.0
2291.0,1629.0,1462.0,1989.0,850.0,1462.0,,3562.0,,543.0,,352.0,2995.0,1620.0,2284.0,951.0,2859.0,,19.0,3718.0,1938.0,2881.0,3656.0,4002.0,1391.0
3450.0,4052.0,541.0,293.0,993.0,1416.0,,1741.0,,385.0,,506.0,654.0,2978.0,2884.0,1520.0,2787.0,,1498.0,3970.0,2510.0,1131.0,3272.0,4014.0,2439.0
1282.0,299.0,2716.0,2040.0,3674.0,1806.0,,4059.0,,3989.0,,310.0,250.0,901.0,36.0,2771.0,76.0,,1718.0,3413.0,2574.0,4077.0,806.0,78.0,1335.0
1508.0,2097.0,3590.0,372.0,3498.0,1520.0,,917.0,,2082.0,,3723.0,736.0,3687.0,3293.0,1933.0,2265.0,,609.0,3008.0,559.0,1486.0,177.0,2268.0,1423.0
182.0,2434.0,3083.0,3318.0,1843.0,532.0,,3941.0,,3730.0,,1108.0,2467.0,230.0,3213.0,2588.0,1829.0,,1357.0,3779.0,1805.0,2389.0,1047.0,3039.0,2020.0
2630.0,3864.0,1267.0,1667.0,1871.0,1841.0,,2985.0,,2095.0,,3060.0,2814.0,1208.0,160.0,537.0,475.0,,575.0,3618.0,3108.0,393.0,1033.0,2916.0,1807.0
2233.0,3338.0,1157.0,2261.0,173.0,3425.0,,756.0,,891.0,,3240.0,2022.0,4020.0,4047.0,3958.0,2097.0,,606.0,1760.0,3475.0,225.0,280.0,3737.0,476.0
1543.0,1253.0,738.0,3093.0,3503.0,1435.0,,2417.0,,3926.0,,1710.0,626.0,3693.0,1673.0,3801.0,2384.0,,2074.0,1144.0,3721.0,506.0,3108.0,1325.0,1468.0
2664.0,3960.0,484.0,3608.0,3488.0,299.0,,2148.0,,955.0,,3796.0,1355.0,913.0,2053.0,2511.0,933.0,,3307.0,81.0,569.0,2310.0,2856.0,2156.0,1138.0
3281.0,67.0,481.0,924.0,3053.0,596.0,,1416.0,,183.0,,177.0,3677.0,1067.0,741.0,1855.0,775.0,,2029.0,1586.0,3298.0,565.0,1538.0,911.0,2517.0
88.0,3699.0,2447.0,5.0,2581.0,446.0,,705.0,,2147.0,,1714.0,3052.0,383.0,2548.0,4006.0,2627.0,,1323.0,1428.0,4101.0,1897.0,3885.0,1300.0,1219.0
3382.0,3437.0,1665.0,150.0,457.0,2747.0,,1940.0,,4007.0,,3057.0,2840.0,1886.0,215.0,176.0,3474.0,,2069.0,2121.0,3039.0,2186.0,3688.0,1689.0,2447.0
334.0,2115.0,3299.0,935.0,3303.0,2710.0,,1386.0,,3081.0,,1972.0,2460.0,893.0,1351.0,1280.0,2063.0,,1459.0,4008.0,1339.0,2074.0,2198.0,3321.0,3247.0
825.0,1754.0,3781.0,2214.0,3829.0,876.0,,3385.0,,1585.0,,1322.0,571.0,2800.0,1422.0,2983.0,702.0,,1817.0,3623.0,1576.0,714.0,3562.0,1311.0,3303.0
3889.0,856.0,179.0,1520.0,1741.0,2714.0,,1947.0,,1756.0,,3855.0,665.0,4040.0,842.0,703.0,2477.0,,391.0,1255.0,1214.0,2767.0,2270.0,290.0,3435.0
2576.0,2276.0,880.0,1822.0,2304.0,2433.0,,516.0,,132.0,,2091.0,3493.0,2115.0,660.0,126.0,1991.0,,1529.0,3539.0,342.0,796.0,1486.0,3420.0,1160.0
1070.0,694.0,2928.0,43.0,1315.0,2233.0,,260.0,,2321.0,,331.0,1018.0,1833.0,4026.0,1773.0,1570.0,,3214.0,3708.0,3751.0,2974.0,2781.0,3426.0,2484.0
468.0,1913.0,1956.0,3729.0,3148.0,616.0,,3675.0,,2509.0,,3881.0,2227.0,3400.0,2653.0,2163.0,2907.0,,1507.0,240.0,644.0,3894.0,2508.0,1769.0,1668.0
1705.0,1213.0,629.0,2960.0,2872.0,3788.0,,29.0,,3593.0,,3554.0,2867.0,3796.0,3023.0,2781.0,359.0,,565.0,2084.0,3823.0,3619.0,1320.0,2784.0,3528.0
1795.0,66.0,3696.0,291.0,2772.0,3229.0,,1799.0,,766.0,,2052.0,2358.0,3168.0,3828.0,994.0,4061.0,,588.0,2091.0,152.0,2030.0,4091.0,2435.0,2036.0
1807.0,3111.0,1380.0,3547.0,2291.0,104.0,,3451.0,,1479.0,,1982.0,1639.0,2014.0,2509.0,858.0,2723.0,,2443.0,2031.0,2976.0,772.0,2652.0,2572.0,3071.0
3202.0,1184.0,194.0,260.0,4019.0,2409.0,,3040.0,,334.0,,1834.0,2351.0,1300.0,3824.0,1713.0,1954.0,,566.0,3919.0,2125.0,1343.0,1400.0,137.0,2873.0
3513.0,3702.0,1424.0,2766.0,597.0,664.0,,2174.0,,3261.0,,1824.0,3687.0,624.0,2566.0,3403.0,1722.0,,885.0,4026.0,2020.0,1217.0,348.0,2062.0,3838.0
2346.0,223.0,896.0,3846.0,713.0,3023.0,,3899.0,,3922.0,,3077.0,1834.0,1134.0,2837.0,257.0,3778.0,,3997.0,3792.0,2861.0,798.0,295.0,2602.0,3917.0
1225.0,3835.0,1751.0,2055.0,692.0,2236.0,,624.0,,317.0,,3281.0,3205.0,2073.0,3963.0,2879.0,2671.0,,1602.0,124.0,588.0,3893.0,3725.0,2040.0,908.0
545.0,2144.0,3009.0,2993.0,845.0,3037.0,,116.0,,1614.0,,1214.0,3045.0,1112.0,2736.0,3253.0,2573.0,,37.0,244.0,753.0,4097.0,2610.0,1571.0,1834.0
718.0,2353.0,1541.0,1326.0,226.0,1689.0,,4088.0,,2710.0,,3564.0,1191.0,193.0,1838.0,1332.0,2600.0,,2484.0,3972.0,3140.0,131.0,1812.0,744.0,827.0
1804.0,3788.0,1712.0,3745.0,1975.0,1616.0,,24.0,,2435.0,,1285.0,2155.0,1123.0,353.0,852.0,4013.0,,875.0,2304.0,3533.0,2029.0,2683.0,504.0,828.0
2832.0,3679.0,1547.0,1164.0,784.0,1688.0,,3399.0,,393.0,,3625.0,3669.0,3008.0,1371.0,439.0,1539.0,,3930.0,852.0,1516.0,2046.0,4001.0,3172.0,2362.0
2385.0,992.0,1450.0,2598.0,2369.0,3079.0,,3139.0,,3113.0,,705.0,2885.0,3689.0,3237.0,1285.0,3764.0,,3479.0,3427.0,332.0,2289.0,749.0,1859.0,3403.0
1568.0,3091.0,1116.0,2296.0,2568.0,1331.0,,2039.0,,3126.0,,1674.0,3961.0,3267.0,1218.0,109.0,3296.0,,662.0,2035.0,2118.0,534.0,3965.0,1426.0,165.0
3190.0,1477.0,2438.0,2357.0,3969.0,113.0,,599.0,,2033.0,,2714.0,631.0,1130.0,2368.0,1159.0,1157.0,,2325.0,2730.0,2814.0,638.0,339.0,3668.0,1475.0
640.0,3332.0,2460.0,1480.0,2957.0,567.0,,3455.0,,811.0,,799.0,1329.0,1200.0,992.0,2716.0,3965.0,,2155.0,485.0,2527.0,2624.0,1782.0,2874.0,2422.0
2915.0,1518.0,3418.0,590.0,3279.0,1734.0,,698.0,,2450.0,,4014.0,165.0,3643.0,1245.0,2306.0,3197.0,,1136.0,3743.0,3202.0,371.0,1334.0,3417.0,1585.0
1314.0,295.0,2652.0,1116.0,1129.0,733.0,,583.0,,3708.0,,3027.0,3528.0,1311.0,2836.0,28.0,1761.0,,2145.0,517.0,1128.0,2795.0,112.0,1010.0,2602.0
1813.0,37.0,211.0,2291.0,411.0,816.0,,273.0,,1212.0,,3660.0,1005.0,268.0,2926.0,3311.0,1408.0,,1027.0,3415.0,2871.0,412.0,3398.0,460.0,775.0
2642.0,1857.0,3955.0,1232.0,2582.0,3205.0,,2866.0,,1661.0,,511.0,3618.0,2045.0,146.0,3564.0,3739.0,,1166.0,587.0,2452.0,1297.0,722.0,2269.0,1904.0
767.0,2500.0,3850.0,403.0,2560.0,969.0,,2555.0,,3885.0,,2874.0,416.0,3980.0,4054.0,3651.0,2231.0,,494.0,3843.0,1151.0,1485.0,2114.0,2675.0,1977.0
742.0,911.0,68.0,145.0,3842.0,1923.0,,823.0,,4016.0,,651.0,2958.0,2036.0,3731.0,2407.0,3279.0,,3834.0,1678.0,3338.0,1317.0,2180.0,1663.0,331.0
8.0,1529.0,2325.0,625.0,4026.0,3877.0,,1199.0,,79.0,,1159.0,1721.0,3717.0,2754.0,1092.0,332.0,,3599.0,3310.0,3782.0,3931.0,3455.0,2043.0,3501.0
754.0,791.0,109.0,2238.0,2140.0,2460.0,,2303.0,,1713.0,,1797.0,3769.0,3010.0,1197.0,297.0,2877.0,,387.0,1495.0,2854.0,1980.0,912.0,2480.0,3974.0
1731.0,1169.0,1802.0,3658.0,521.0,2587.0,,447.0,,3632.0,,4029.0,92.0,2640.0,1597.0,2667.0,3071.0,,1484.0,2984.0,2416.0,1927.0,1885.0,466.0,3065.0
2868.0,3268.0,1059.0,3469.0,205.0,1356.0,,807.0,,1850.0,,2565.0,53.0,449.0,1116.0,1002.0,2704.0,,34.0,913.0,1384.0,2140.0,106.0,1981.0,99.0
1741.0,2021.0,1736.0,2298.0,650.0,3019.0,,738.0,,1655.0,,1842.0,1621.0,1936.0,1983.0,1768.0,2648.0,,3213.0,2877.0,3444.0,2516.0,909.0,154.0,2661.0
290.0,3230.0,3631.0,2016.0,1992.0,2984.0,,3003.0,,1544.0,,1504.0,1508.0,1653.0,729.0,592.0,1772.0,,3669.0,1083.0,616.0,1064.0,3736.0,2019.0,594.0
3187.0,1336.0,1770.0,3786.0,247.0,2422.0,,2779.0,,1962.0,,2097.0,2510.0,2637.0,1041.0,1437.0,706.0,,1434.0,287.0,3733.0,2372.0,3674.0,831.0,1136.0
2754.0,1923.0,2543.0,177.0,2127.0,1894.0,,3569.0,,1817.0,,2402.0,1801.0,2887.0,1144.0,1737.0,1453.0,,1982.0,4010.0,3554.0,1886.0,1601.0,2743.0,323.0
1720.0,268.0,931.0,2070.0,2657.0,3009.0,,855.0,,573.0,,1114.0,1676.0,195.0,3923.0,506.0,2906.0,,3393.0,4000.0,2741.0,3683.0,3900.0,1303.0,2571.0
2362.0,2654.0,2588.0,2495.0,2073.0,2523.0,,3169.0,,1857.0,,3510.0,3514.0,1190.0,1734.0,2779.0,1366.0,,3881.0,1198.0,1800.0,2718.0,3199.0,1503.0,1971.0
1425.0,1126.0,391.0,1276.0,3720.0,283.0,,822.0,,476.0,,2674.0,1418.0,2314.0,2282.0,3554.0,180.0,,1463.0,305.0,1856.0,833.0,4012.0,1989.0,1175.0
111.0,2017.0,653.0,1859.0,3985.0,3338.0,,1900.0,,3868.0,,1350.0,2971.0,1105.0,1903.0,2596.0,3099.0,,3844.0,3714.0,38.0,1060.0,501.0,2822.0,2599.0
469.0,1871.0,472.0,1280.0,3926.0,2332.0,,860.0,,3087.0,,2875.0,2617.0,1569.0,942.0,160.0,1591.0,,2732.0,1504.0,2841.0,1778.0,2418.0,1763.0,1477.0
2283.0,3291.0,2962.0,2677.0,2667.0,2529.0,,1135.0,,3703.0,,2114.0,2021.0,369.0,1705.0,2458.0,3040.0,,2647.0,3319.0,1074.0,1311.0,3074.0,3946.0,768.0
206.0,568.0,3122.0,1514.0,3605.0,2670.0,,1738.0,,4036.0,,243.0,3686.0,2943.0,3901.0,56.0,2070.0,,1043.0,3183.0,3730.0,2698.0,2595.0,3906.0,95.0
1438.0,1825.0,3404.0,1963.0,633.0,2665.0,,3046.0,,1348.0,,2057.0,449.0,358.0,552.0,3912.0,3787.0,,2885.0,3161.0,1610.0,91.0,1862.0,1983.0,1430.0
1001.0,3150.0,2613.0,1103.0,1835.0,321.0,,3948.0,,293.0,,1378.0,3378.0,887.0,1289.0,3565.0,1644.0,,1656.0,413.0,270.0,1986.0,2909.0,4010.0,3051.0
1423.0,931.0,2803.0,2310.0,1316.0,3569.0,,3960.0,,3876.0,,20.0,2685.0,750.0,347.0,3271.0,324.0,,1014.0,3988.0,1899.0,3690.0,584.0,2056.0,2679.0
1147.0,1075.0,2603.0,485.0,2664.0,2575.0,,3390.0,,2455.0,,3561.0,1274.0,2130.0,2905.0,3604.0,2898.0,,1868.0,2225.0,37.0,1828.0,312.0,2227.0,505.0
2177.0,1431.0,1163.0,3796.0,1794.0,139.0,,1541.0,,804.0,,3161.0,3353.0,2651.0,2540.0,3528.0,879.0,,262.0,3996.0,1575.0,3969.0,3926.0,3509.0,225.0
703.0,3985.0,3699.0,2457.0,3188.0,3991.0,,2570.0,,2915.0,,2029.0,1311.0,2616.0,2122.0,3063.0,1958.0,,290.0,3780.0,2188.0,1345.0,1714.0,847.0,2057.0
1670.0,557.0,1731.0,2788.0,1704.0,3994.0,,2608.0,,1637.0,,4054.0,2447.0,1055.0,1851.0,1416.0,548.0,,2268.0,761.0,2384.0,2095.0,1605.0,1374.0,3503.0
60.0,1261.0,2395.0,3980.0,3346.0,2382.0,,2049.0,,771.0,,892.0,1105.0,3121.0,3796.0,1631.0,3801.0,,2447.0,190.0,327.0,3948.0,3520.0,2286.0,1967.0
2982.0,1725.0,1512.0,2139.0,2687.0,658.0,,2152.0,,1524.0,,1716.0,1775.0,2582.0,1760.0,2364.0,932.0,,42.0,1967.0,1882.0,2008.0,3888.0,910.0,2677.0
1207.0,3115.0,1982.0,3595.0,2333.0,3657.0,,3252.0,,3498.0,,2705.0,3582.0,1167.0,3975.0,1247.0,110.0,,325.0,2489.0,3289.0,4039.0,386.0,2324.0,1040.0
3476.0,904.0,914.0,1545.0,2589.0,3204.0,,2913.0,,758.0,,3941.0,1976.0,3969.0,598.0,1604.0,1148.0,,1978.0,4065.0,3553.0,1029.0,2298.0,715.0,2481.0
3227.0,1711.0,2126.0,671.0,1857.0,2054.0,,1930.0,,272.0,,2312.0,3737.0,3558.0,750.0,2398.0,1380.0,,2849.0,2059.0,2213.0,1999.0,345.0,1440.0,4045.0
2897.0,334.0,723.0,2043.0,1421.0,3166.0,,1311.0,,508.0,,3433.0,1945.0,2685.0,3030.0,41.0,2732.0,,1835.0,4101.0,1448.0,597.0,2836.0,1269.0,185.0
1055.0,1710.0,3981.0,1547.0,3180.0,3118.0,,2950.0,,3677.0,,1548.0,3977.0,609.0,3138.0,2219.0,2875.0,,767.0,352.0,1740.0,1541.0,39.0,2635.0,3804.0
3180.0,930.0,478.0,2375.0,873.0,1778.0,,2164.0,,1241.0,,545.0,3044.0,105.0,2411.0,979.0,333.0,,2278.0,583.0,822.0,2945.0,229.0,1199.0,1618.0
3208.0,2045.0,2517.0,2315.0,1872.0,3786.0,,1457.0,,1711.0,,1663.0,2463.0,3015.0,3738.0,2580.0,176.0,,3557.0,1380.0,4065.0,1419.0,1337.0,2090.0,981.0
1949.0,3224.0,755.0,1050.0,2925.0,836.0,,153.0,,358.0,,3588.0,3844.0,1795.0,1032.0,803.0,2878.0,,3672.0,1186.0,2067.0,1762.0,2151.0,45.0,1400.0
1855.0,3944.0,3930.0,3931.0,2332.0,2833.0,,3268.0,,3809.0,,100.0,998.0,661.0,1336.0,2896.0,3128.0,,3667.0,2707.0,1670.0,4059.0,2978.0,2162.0,3996.0
3867.0,3827.0,1186.0,1259.0,3988.0,3738.0,,3915.0,,3031.0,,3525.0,2090.0,2899.0,2936.0,1585.0,107.0,,4063.0,2400.0,663.0,2968.0,2640.0,1789.0,3546.0
442.0,3514.0,278.0,711.0,3482.0,499.0,,3949.0,,1586.0,,196.0,,3729.0,1367.0,1481.0,1521.0,,949.0,2649.0,53.0,3512.0,1737.0,115.0,2307.0
1284.0,1822.0,2367.0,1635.0,2745.0,648.0,,725.0,,3055.0,,1311.0,,3166.0,4025.0,3982.0,188.0,,514.0,932.0,443.0,101.0,3929.0,869.0,1429.0
993.0,1113.0,363.0,3678.0,3631.0,1151.0,,1791.0,,764.0,,1614.0,,1465.0,1483.0,740.0,612.0,,3859.0,399.0,28.0,1512.0,307.0,1811.0,3264.0
2276.0,3504.0,2621.0,1468.0,2701.0,23.0,,980.0,,2425.0,,3916.0,,2084.0,1575.0,3715.0,269.0,,2059.0,3453.0,450.0,2744.0,162.0,676.0,1401.0
3562.0,573.0,2157.0,412.0,1925.0,1577.0,,1056.0,,1905.0,,30.0,,1609.0,2074.0,1143.0,3506.0,,3172.0,4081.0,1667.0,3989.0,2209.0,3724.0,3986.0
3126.0,3700.0,3250.0,31.0,1317.0,2305.0,,961.0,,1286.0,,829.0,,811.0,635.0,2381.0,2777.0,,1952.0,3672.0,831.0,3863.0,1647.0,3485.0,1130.0
122.0,2471.0,3562.0,2091.0,902.0,3950.0,,370.0,,1708.0,,992.0,,1784.0,706.0,2982.0,1963.0,,1416.0,3203.0,2096.0,3479.0,3231.0,200.0,3307.0
648.0,3814.0,3776.0,203.0,2365.0,1808.0,,1969.0,,414.0,,2621.0,,1069.0,474.0,301.0,1239.0,,3148.0,2937.0,3065.0,3693.0,1074.0,825.0,4092.0
2403.0,384.0,3636.0,3343.0,1250.0,692.0,,1917.0,,629.0,,26.0,,3806.0,4101.0,1977.0,1561.0,,3209.0,2018.0,2241.0,290.0,1611.0,1468.0,1922.0
1352.0,2905.0,2258.0,3143.0,352.0,1138.0,,3909.0,,485.0,,3707.0,,90.0,3028.0,3703.0,2574.0,,3051.0,805.0,3216.0,2710.0,2792.0,2412.0,3059.0
2731.0,946.0,691.0,2499.0,1542.0,3565.0,,439.0,,3402.0,,3067.0,,1183.0,962.0,891.0,3497.0,,3220.0,1457.0,1021.0,1819.0,3987.0,754.0,1771.0
1910.0,2412.0,2119.0,2696.0,231.0,4094.0,,1779.0,,2378.0,,721.0,,1757.0,3306.0,379.0,591.0,,3043.0,3820.0,721.0,3359.0,1467.0,1875.0,1275.0
1806.0,3142.0,2236.0,3918.0,3013.0,859.0,,2242.0,,3827.0,,3010.0,,4002.0,518.0,947.0,1887.0,,501.0,585.0,2919.0,2951.0,1521.0,2536.0,1216.0
1595.0,1269.0,3860.0,89.0,1750.0,574.0,,1643.0,,1619.0,,42.0,,3017.0,1408.0,4021.0,2508.0,,2015.0,3831.0,23.0,3035.0,446.0,3054.0,2276.0
2262.0,2335.0,3091.0,1271.0,933.0,1036.0,,3411.0,,1408.0,,2344.0,,3566.0,3781.0,1745.0,1542.0,,1669.0,1125.0,2552.0,380.0,3756.0,1987.0,1621.0
3206.0,3306.0,2808.0,95.0,3636.0,3352.0,,2249.0,,104.0,,2808.0,,2370.0,378.0,3777.0,3058.0,,3623.0,256.0,2858.0,2678.0,1701.0,1556.0,1647.0
2148.0,3062.0,2499.0,1425.0,1460.0,1531.0,,3222.0,,1631.0,,3861.0,,3073.0,745.0,3876.0,1230.0,,2042.0,2918.0,3556.0,1019.0,1858.0,1288.0,294.0
172.0,1121.0,138.0,362.0,2825.0,2568.0,,3615.0,,2440.0,,1629.0,,3808.0,2065.0,3691.0,2902.0,,518.0,1151.0,812.0,927.0,2148.0,856.0,447.0
249.0,1049.0,4053.0,2901.0,2452.0,1227.0,,232.0,,1349.0,,2408.0,,717.0,2051.0,1099.0,1077.0,,1.0,1968.0,1397.0,310.0,917.0,1007.0,356.0
3519.0,119.0,797.0,3924.0,2705.0,1428.0,,1744.0,,4030.0,,3614.0,,2126.0,253.0,306.0,831.0,,435.0,3469.0,3465.0,488.0,816.0,3967.0,2646.0
2666.0,1550.0,1215.0,1497.0,3441.0,2268.0,,3365.0,,3696.0,,145.0,,1616.0,3131.0,2482.0,1970.0,,3622.0,1759.0,869.0,782.0,1231.0,3449.0,3744.0
3545.0,3246.0,935.0,3888.0,3953.0,86.0,,2752.0,,4101.0,,3833.0,,3313.0,3972.0,3174.0,3814.0,,1232.0,3819.0,1903.0,3285.0,69.0,1456.0,3254.0
1075.0,2214.0,4037.0,2980.0,1834.0,937.0,,2473.0,,3552.0,,241.0,,475.0,686.0,3180.0,64.0,,3387.0,3622.0,1846.0,1712.0,671.0,3942.0,239.0
35.0,2424.0,1994.0,13.0,1549.0,3879.0,,2116.0,,760.0,,1471.0,,3068.0,85.0,99.0,2195.0,,2148.0,3646.0,2688.0,607.0,3153.0,57.0,727.0
3548.0,1948.0,2899.0,3026.0,2563.0,1.0,,654.0,,2620.0,,557.0,,1807.0,3748.0,2391.0,209.0,,2681.0,972.0,3645.0,552.0,1634.0,332.0,2605.0
1530.0,3964.0,2855.0,2574.0,2238.0,2830.0,,2531.0,,3631.0,,3989.0,,1262.0,1085.0,1022.0,3870.0,,3293.0,1054.0,4056.0,3994.0,1309.0,3277.0,3397.0
1876.0,2997.0,1588.0,3866.0,25.0,4028.0,,3070.0,,258.0,,1867.0,,2442.0,2322.0,3647.0,1362.0,,3250.0,824.0,2380.0,911.0,1995.0,1528.0,3131.0
1678.0,415.0,3118.0,2794.0,4094.0,2797.0,,3211.0,,2727.0,,969.0,,3051.0,1398.0,1376.0,3202.0,,1000.0,1805.0,2716.0,454.0,1859.0,2498.0,3458.0
2120.0,1353.0,317.0,677.0,1003.0,3402.0,,1537.0,,1380.0,,1094.0,,2061.0,2718.0,3353.0,3400.0,,2615.0,695.0,2143.0,1794.0,1351.0,381.0,1608.0
2587.0,167.0,535.0,700.0,126.0,565.0,,942.0,,1442.0,,1900.0,,546.0,3474.0,1682.0,695.0,,2744.0,2068.0,639.0,879.0,1606.0,2128.0,2567.0
2795.0,2072.0,526.0,878.0,3314.0,1155.0,,526.0,,2410.0,,142.0,,2099.0,902.0,665.0,3494.0,,2329.0,1669.0,1444.0,466.0,2369.0,2759.0,1140.0
3025.0,3183.0,2009.0,941.0,2846.0,3277.0,,1111.0,,347.0,,654.0,,89.0,129.0,1169.0,3470.0,,2378.0,1521.0,1555.0,2221.0,2621.0,2248.0,100.0
104.0,3667.0,1464.0,664.0,1379.0,892.0,,4057.0,,47.0,,730.0,,1457.0,868.0,2157.0,409.0,,1254.0,838.0,1437.0,2391.0,2845.0,949.0,3106.0
3718.0,2263.0,670.0,2388.0,458.0,2878.0,,3637.0,,3000.0,,440.0,,21.0,923.0,107.0,2189.0,,3996.0,3794.0,1838.0,3.0,2430.0,2031.0,2388.0
3916.0,25.0,4009.0,3417.0,638.0,1904.0,,2149.0,,2744.0,,126.0,,3516.0,49.0,1071.0,896.0,,2492.0,3640.0,2149.0,1821.0,1969.0,969.0,2947.0
994.0,3570.0,1661.0,124.0,1792.0,771.0,,3784.0,,3999.0,,2033.0,,3125.0,2013.0,3302.0,4047.0,,1412.0,1451.0,2565.0,3514.0,1783.0,1743.0,2639.0
3894.0,278.0,2521.0,1107.0,2666.0,3057.0,,3573.0,,4063.0,,2889.0,,3493.0,973.0,3365.0,2503.0,,254.0,2331.0,3072.0,3627.0,3125.0,174.0,1319.0
2323.0,2185.0,1143.0,3036.0,28.0,1386.0,,2878.0,,900.0,,747.0,,1365.0,1381.0,3119.0,1901.0,,298.0,4016.0,1908.0,1363.0,2752.0,3381.0,2499.0
1441.0,628.0,749.0,3844.0,358.0,462.0,,1974.0,,3758.0,,3741.0,,2858.0,3126.0,3095.0,776.0,,3231.0,1490.0,112.0,3449.0,496.0,3603.0,135.0
2716.0,2373.0,2335.0,1633.0,682.0,3848.0,,2684.0,,902.0,,3449.0,,1394.0,1633.0,664.0,601.0,,77.0,3812.0,3981.0,2317.0,4098.0,2953.0,3085.0
3167.0,2484.0,3333.0,3348.0,1446.0,2494.0,,2057.0,,1005.0,,2855.0,,3987.0,2907.0,4025.0,2200.0,,1754.0,1192.0,2514.0,3719.0,1446.0,1139.0,2652.0
1121.0,1490.0,3843.0,2573.0,3492.0,1034.0,,2420.0,,2043.0,,3217.0,,3296.0,492.0,2254.0,3541.0,,1093.0,726.0,3226.0,1573.0,2215.0,2868.0,1242.0
2574.0,2780.0,1841.0,328.0,255.0,2499.0,,2954.0,,591.0,,823.0,,2902.0,3231.0,755.0,3774.0,,2617.0,1732.0,1426.0,977.0,1866.0,3725.0,2217.0
2248.0,2386.0,3587.0,2679.0,1912.0,815.0,,2583.0,,466.0,,2092.0,,2784.0,29.0,1122.0,1926.0,,1807.0,3140.0,2473.0,1481.0,994.0,3064.0,2245.0
4016.0,404.0,3965.0,3927.0,657.0,1382.0,,3489.0,,2778.0,,2120.0,,3850.0,1863.0,727.0,3253.0,,1971.0,429.0,4037.0,2902.0,3007.0,1009.0,4050.0
1149.0,3617.0,3386.0,1158.0,1916.0,2669.0,,3578.0,,1088.0,,2529.0,,2208.0,560.0,1972.0,561.0,,3437.0,3881.0,1720.0,4038.0,1843.0,762.0,1491.0
2789.0,2522.0,690.0,2714.0,2040.0,1526.0,,3580.0,,633.0,,2028.0,,36.0,2271.0,853.0,3605.0,,2131.0,2687.0,3261.0,522.0,473.0,170.0,2046.0
2668.0,4060.0,4102.0,857.0,327.0,2668.0,,629.0,,2259.0,,1615.0,,2715.0,2714.0,1433.0,1038.0,,1075.0,2373.0,2829.0,1194.0,3299.0,2550.0,1682.0
3133.0,2513.0,3884.0,3076.0,1262.0,2340.0,,1086.0,,3307.0,,2894.0,,3067.0,3254.0,2200.0,1384.0,,1420.0,2248.0,2388.0,576.0,3607.0,131.0,3768.0
2858.0,3375.0,2452.0,1140.0,3911.0,464.0,,358.0,,105.0,,1693.0,,2413.0,481.0,2745.0,1755.0,,3794.0,3668.0,1789.0,3583.0,633.0,3975.0,2054.0
872.0,495.0,2858.0,792.0,3673.0,1698.0,,247.0,,3041.0,,1742.0,,1588.0,2528.0,3708.0,2694.0,,3333.0,342.0,746.0,3730.0,2684.0,3146.0,475.0
1386.0,2708.0,2427.0,3580.0,3381.0,248.0,,2211.0,,3238.0,,1639.0,,2636.0,1298.0,136.0,2173.0,,2417.0,424.0,2616.0,2257.0,2156.0,50.0,3440.0
2131.0,906.0,2494.0,3258.0,963.0,2287.0,,3983.0,,3914.0,,696.0,,3262.0,1823.0,40.0,3776.0,,2524.0,1543.0,1977.0,618.0,2714.0,126.0,3249.0
3033.0,939.0,750.0,3110.0,1381.0,1813.0,,2655.0,,2065.0,,3629.0,,3039.0,3880.0,1271.0,1699.0,,2293.0,2313.0,3512.0,260.0,1427.0,2138.0,2494.0
2299.0,143.0,3161.0,3754.0,996.0,2327.0,,3116.0,,2662.0,,262.0,,1998.0,2550.0,2415.0,1799.0,,1892.0,840.0,1620.0,246.0,2152.0,3866.0,250.0
3028.0,3579.0,994.0,1577.0,2471.0,741.0,,1986.0,,3529.0,,3551.0,,1194.0,1448.0,3293.0,2259.0,,3280.0,1458.0,2466.0,1292.0,1540.0,3618.0,3171.0
4073.0,506.0,3331.0,646.0,3446.0,3042.0,,448.0,,3022.0,,1401.0,,1440.0,1861.0,829.0,1383.0,,920.0,641.0,2164.0,2726.0,3519.0,1107.0,374.0
3620.0,1875.0,1286.0,3954.0,1739.0,3430.0,,1706.0,,1968.0,,3068.0,,2090.0,205.0,3278.0,1287.0,,1308.0,3048.0,3928.0,1579.0,2244.0,4043.0,3115.0
1229.0,496.0,1241.0,2052.0,2866.0,151.0,,3595.0,,1067.0,,3710.0,,153.0,3556.0,1908.0,397.0,,3059.0,2862.0,1094.0,2531.0,2283.0,3340.0,2491.0
1772.0,2356.0,3893.0,2892.0,3928.0,3160.0,,735.0,,1135.0,,1844.0,,267.0,119.0,3568.0,395.0,,1052.0,1201.0,3905.0,3427.0,1996.0,3308.0,3989.0
1479.0,1927.0,1334.0,1803.0,538.0,621.0,,1911.0,,2113.0,,2378.0,,2806.0,292.0,3955.0,3929.0,,1247.0,2882.0,1002.0,2039.0,2745.0,3985.0,3373.0
1865.0,1539.0,3936.0,1691.0,2689.0,1928.0,,1022.0,,2451.0,,43.0,,1172.0,425.0,866.0,827.0,,530.0,3823.0,146.0,3541.0,699.0,4028.0,2181.0
1355.0,527.0,2268.0,2827.0,2573.0,3000.0,,1449.0,,2800.0,,16.0,,4025.0,1657.0,1470.0,1746.0,,3015.0,3347.0,550.0,2961.0,3921.0,2151.0,3736.0
98.0,2475.0,2755.0,3259.0,1477.0,2182.0,,817.0,,2782.0,,254.0,,2057.0,3665.0,1937.0,3465.0,,2839.0,2776.0,3700.0,2164.0,1748.0,2443.0,904.0
3949.0,2849.0,2897.0,3407.0,3576.0,3112.0,,1717.0,,2290.0,,1330.0,,1469.0,3071.0,1330.0,2701.0,,1331.0,2845.0,3859.0,1674.0,2882.0,903.0,2214.0
2468.0,3363.0,3905.0,3470.0,3968.0,1626.0,,2076.0,,168.0,,2184.0,,1791.0,3244.0,1658.0,2697.0,,2498.0,1042.0,873.0,2979.0,2189.0,1149.0,3738.0
3696.0,1420.0,2430.0,460.0,3234.0,53.0,,3937.0,,2673.0,,753.0,,745.0,770.0,827.0,3708.0,,3582.0,3400.0,2773.0,965.0,3812.0,796.0,482.0
3337.0,2127.0,592.0,1291.0,2429.0,1476.0,,3477.0,,1008.0,,1067.0,,2361.0,587.0,1341.0,2844.0,,759.0,2993.0,1881.0,3849.0,2994.0,1782.0,3991.0
1241.0,2327.0,2794.0,585.0,775.0,1006.0,,3808.0,,3967.0,,2488.0,,3564.0,1257.0,2800.0,1145.0,,1360.0,642.0,884.0,2568.0,483.0,3818.0,647.0
2981.0,1425.0,534.0,2994.0,3174.0,2285.0,,1447.0,,3674.0,,2263.0,,456.0,2888.0,974.0,2955.0,,3676.0,956.0,1965.0,2889.0,1735.0,978.0,2724.0
1315.0,320.0,3483.0,3187.0,2085.0,3237.0,,2276.0,,1721.0,,4053.0,,573.0,4090.0,2548.0,1768.0,,4065.0,2077.0,911.0,3591.0,2038.0,3528.0,2187.0
1054.0,1214.0,40.0,1701.0,1387.0,604.0,,3234.0,,2132.0,,766.0,,653.0,24.0,1281.0,1471.0,,4080.0,343.0,3077.0,1520.0,895.0,807.0,2839.0
3350.0,2337.0,3586.0,3559.0,1585.0,3392.0,,854.0,,2774.0,,4099.0,,2398.0,345.0,2525.0,4030.0,,1572.0,3838.0,1241.0,3510.0,966.0,617.0,3848.0
4071.0,1878.0,1682.0,2669.0,440.0,3993.0,,3136.0,,2975.0,,860.0,,1831.0,4080.0,1761.0,86.0,,3053.0,2758.0,1867.0,2694.0,225.0,39.0,1271.0
3174.0,3876.0,1831.0,804.0,3810.0,293.0,,67.0,,751.0,,3667.0,,1156.0,3932.0,1117.0,2521.0,,3372.0,765.0,2715.0,3492.0,2233.0,3604.0,2471.0
3183.0,1733.0,441.0,3664.0,788.0,3298.0,,285.0,,2474.0,,137.0,,3518.0,3424.0,32.0,3018.0,,1700.0,423.0,32.0,2338.0,931.0,1242.0,2760.0
2949.0,1306.0,2789.0,2283.0,3997.0,2910.0,,951.0,,2785.0,,3569.0,,2974.0,3399.0,1284.0,3752.0,,1291.0,79.0,3845.0,1151.0,2722.0,3205.0,1325.0
3838.0,2087.0,1528.0,3161.0,105.0,361.0,,856.0,,2414.0,,2284.0,,13.0,2183.0,3125.0,380.0,,1878.0,3590.0,417.0,3336.0,3045.0,583.0,4069.0
3184.0,138.0,3829.0,1044.0,875.0,3746.0,,2150.0,,1176.0,,47.0,,603.0,1667.0,2699.0,2658.0,,4009.0,541.0,2500.0,158.0,3427.0,2843.0,2258.0
2958.0,1035.0,3240.0,2849.0,2656.0,795.0,,2801.0,,720.0,,621.0,,177.0,3612.0,762.0,3270.0,,3450.0,2595.0,857.0,2865.0,1027.0,3359.0,602.0
3420.0,789.0,2165.0,2272.0,847.0,3880.0,,2067.0,,2693.0,,2624.0,,134.0,1904.0,2351.0,1082.0,,677.0,2067.0,1786.0,675.0,3795.0,2644.0,128.0
3592.0,2001.0,511.0,3684.0,187.0,760.0,,3604.0,,2128.0,,2688.0,,1775.0,1171.0,3552.0,3386.0,,658.0,3797.0,1427.0,1780.0,293.0,1558.0,898.0
3762.0,1624.0,996.0,1969.0,4047.0,4001.0,,2231.0,,3760.0,,3848.0,,3789.0,4040.0,4089.0,3673.0,,3596.0,3958.0,3417.0,2960.0,4015.0,2595.0,2675.0
1585.0,640.0,1390.0,875.0,1137.0,817.0,,530.0,,2248.0,,3239.0,,2556.0,674.0,2663.0,840.0,,2088.0,238.0,76.0,598.0,1285.0,2516.0,3726.0
3238.0,3033.0,2783.0,3384.0,3625.0,1020.0,,1882.0,,3830.0,,112.0,,2701.0,2215.0,4040.0,1335.0,,2905.0,674.0,1643.0,1030.0,596.0,670.0,917.0
940.0,948.0,1663.0,3222.0,738.0,2477.0,,2040.0,,774.0,,2275.0,,3214.0,2068.0,2278.0,2814.0,,1329.0,218.0,2426.0,44.0,2310.0,3998.0,3536.0
1588.0,484.0,3175.0,2501.0,760.0,682.0,,2765.0,,3727.0,,3321.0,,2188.0,3535.0,462.0,3984.0,,2431.0,3030.0,3331.0,411.0,2200.0,852.0,308.0
19.0,3890.0,807.0,2835.0,3334.0,115.0,,2025.0,,2658.0,,3928.0,,3881.0,2983.0,348.0,358.0,,2599.0,1761.0,3535.0,1689.0,3716.0,1642.0,257.0
3831.0,3989.0,1902.0,3471.0,3245.0,58.0,,2289.0,,1175.0,,2089.0,,155.0,2495.0,1801.0,1937.0,,3773.0,3217.0,2267.0,3266.0,3584.0,3247.0,200.0
4083.0,2923.0,3987.0,2478.0,540.0,1994.0,,816.0,,3425.0,,1841.0,,3119.0,3056.0,1395.0,2129.0,,3379.0,1853.0,2893.0,3208.0,3683.0,618.0,3847.0
2838.0,210.0,67.0,3084.0,1476.0,3813.0,,1162.0,,2974.0,,738.0,,2156.0,3431.0,2206.0,3180.0,,3547.0,1945.0,3879.0,2861.0,1282.0,2900.0,2143.0
299.0,3299.0,2923.0,674.0,3935.0,2800.0,,2667.0,,2555.0,,2727.0,,1898.0,326.0,469.0,3044.0,,424.0,3859.0,1520.0,350.0,2246.0,3134.0,926.0
23.0,3206.0,3335.0,2648.0,2740.0,1490.0,,4013.0,,3233.0,,1591.0,,3142.0,2084.0,3008.0,220.0,,1796.0,3808.0,865.0,593.0,236.0,954.0,1084.0
3110.0,2664.0,3993.0,683.0,2184.0,155.0,,2401.0,,2397.0,,390.0,,3086.0,3884.0,2164.0,2596.0,,2408.0,3559.0,3133.0,2252.0,1532.0,413.0,820.0
1322.0,1242.0,2880.0,937.0,3276.0,1465.0,,2304.0,,1399.0,,2256.0,,790.0,1208.0,1716.0,2369.0,,3199.0,2471.0,3449.0,2172.0,1596.0,2511.0,1573.0
1915.0,2564.0,1609.0,2171.0,798.0,2373.0,,2534.0,,282.0,,3966.0,,937.0,2819.0,3619.0,1095.0,,1640.0,2574.0,1888.0,1210.0,2304.0,1096.0,1117.0
4023.0,2824.0,3509.0,3264.0,3804.0,3068.0,,1772.0,,3874.0,,3538.0,,1482.0,445.0,3215.0,2731.0,,2759.0,3475.0,1155.0,1548.0,1561.0,2477.0,1955.0
425.0,690.0,2936.0,871.0,3244.0,1942.0,,623.0,,713.0,,2215.0,,3938.0,1519.0,3471.0,285.0,,2685.0,60.0,1676.0,2751.0,2181.0,3489.0,3007.0
195.0,2828.0,99.0,627.0,2090.0,1816.0,,2660.0,,2934.0,,3896.0,,985.0,3475.0,222.0,3467.0,,353.0,3879.0,943.0,1731.0,891.0,1419.0,1780.0
518.0,3275.0,1511.0,4081.0,3565.0,895.0,,3764.0,,3382.0,,2662.0,,3794.0,3327.0,2593.0,3757.0,,53.0,3020.0,116.0,248.0,134.0,3089.0,1428.0
2822.0,2077.0,2076.0,3052.0,3554.0,3117.0,,3212.0,,1218.0,,877.0,,302.0,4091.0,354.0,,,805.0,3692.0,1138.0,3033.0,2886.0,3616.0,2829.0
3051.0,2363.0,1429.0,353.0,3330.0,1726.0,,931.0,,1986.0,,1941.0,,1474.0,3282.0,2898.0,,,3801.0,1850.0,3152.0,284.0,2941.0,594.0,1702.0
2651.0,132.0,1599.0,3095.0,1456.0,879.0,,1784.0,,283.0,,1774.0,,1995.0,796.0,3464.0,,,1585.0,1250.0,1403.0,3072.0,601.0,1351.0,3564.0
902.0,144.0,3280.0,127.0,583.0,1869.0,,1071.0,,3774.0,,321.0,,2016.0,161.0,901.0,,,2583.0,2321.0,3707.0,926.0,3395.0,3471.0,450.0
1106.0,2528.0,519.0,2848.0,1106.0,3379.0,,2607.0,,3814.0,,1088.0,,3862.0,3541.0,2702.0,,,439.0,1067.0,1310.0,1736.0,1388.0,3070.0,2536.0
931.0,1950.0,223.0,616.0,3951.0,3878.0,,888.0,,3842.0,,531.0,,744.0,2095.0,686.0,,,144.0,2749.0,3393.0,3652.0,3531.0,1075.0,4005.0
2906.0,2362.0,2956.0,379.0,1913.0,3150.0,,1787.0,,824.0,,497.0,,1914.0,2289.0,1221.0,,,2726.0,3304.0,3066.0,3582.0,1260.0,1892.0,3234.0
1008.0,486.0,2674.0,613.0,1653.0,2705.0,,2923.0,,2967.0,,3093.0,,2578.0,566.0,1290.0,,,1778.0,1419.0,3185.0,1189.0,1145.0,951.0,3602.0
3294.0,1970.0,915.0,1639.0,1592.0,157.0,,2719.0,,1216.0,,2790.0,,1778.0,1191.0,605.0,,,3976.0,3419.0,2263.0,2219.0,223.0,1095.0,4055.0
3855.0,2929.0,551.0,3404.0,2611.0,2671.0,,2946.0,,491.0,,4005.0,,2977.0,1620.0,721.0,,,1388.0,1098.0,2444.0,2013.0,3290.0,3749.0,4036.0
2269.0,1045.0,2039.0,3108.0,1754.0,191.0,,693.0,,3296.0,,3273.0,,3621.0,2820.0,1514.0,,,1867.0,1643.0,774.0,3624.0,1863.0,275.0,1351.0
2748.0,1001.0,2720.0,643.0,2576.0,3453.0,,3720.0,,3349.0,,530.0,,2086.0,3736.0,2290.0,,,2881.0,251.0,2350.0,2709.0,1127.0,3789.0,332.0
3142.0,1167.0,2882.0,2119.0,2612.0,3391.0,,3635.0,,3156.0,,1000.0,,1532.0,696.0,1323.0,,,2540.0,2474.0,695.0,3884.0,2987.0,701.0,2375.0
1964.0,2694.0,3901.0,2470.0,297.0,2507.0,,99.0,,1158.0,,33.0,,1849.0,2911.0,3891.0,,,1711.0,3888.0,219.0,574.0,2732.0,163.0,3165.0
2285.0,1372.0,2706.0,1521.0,1718.0,1989.0,,207.0,,689.0,,2834.0,,3547.0,922.0,2174.0,,,531.0,449.0,1969.0,1137.0,2833.0,2951.0,2948.0
2440.0,3589.0,1621.0,767.0,3091.0,3615.0,,4002.0,,475.0,,415.0,,287.0,396.0,3813.0,,,1617.0,660.0,1519.0,3521.0,2313.0,4008.0,2633.0
2376.0,917.0,668.0,1938.0,3598.0,2220.0,,2798.0,,722.0,,3519.0,,122.0,3080.0,1561.0,,,2238.0,4053.0,1645.0,2909.0,388.0,240.0,22.0
2791.0,1661.0,328.0,3668.0,4077.0,900.0,,1087.0,,1807.0,,1249.0,,2608.0,2097.0,1223.0,,,1178.0,2476.0,1713.0,2280.0,1445.0,335.0,1263.0
1320.0,2543.0,2289.0,1727.0,3481.0,712.0,,3647.0,,1402.0,,3489.0,,248.0,2312.0,3184.0,,,1069.0,383.0,1962.0,4063.0,2080.0,1952.0,1711.0
4052.0,2142.0,778.0,3178.0,618.0,1922.0,,2297.0,,1616.0,,3051.0,,3956.0,2060.0,2475.0,,,2091.0,3813.0,555.0,438.0,2565.0,3677.0,3670.0
1533.0,984.0,3950.0,1160.0,1828.0,61.0,,209.0,,3526.0,,3331.0,,3115.0,1401.0,748.0,,,2294.0,2298.0,408.0,2533.0,914.0,1783.0,363.0
2745.0,3856.0,4055.0,2544.0,1332.0,3742.0,,80.0,,372.0,,3676.0,,4041.0,2171.0,1432.0,,,632.0,1716.0,981.0,3888.0,1604.0,2575.0,2638.0
336.0,4051.0,1217.0,3928.0,1878.0,610.0,,4066.0,,3718.0,,2062.0,,1970.0,182.0,1677.0,,,491.0,2628.0,712.0,4021.0,2530.0,473.0,566.0
2870.0,435.0,160.0,3902.0,451.0,3038.0,,66.0,,1342.0,,1364.0,,1184.0,2050.0,532.0,,,168.0,2518.0,1700.0,2010.0,1567.0,615.0,1616.0
61.0,1634.0,576.0,3072.0,3767.0,1495.0,,1812.0,,3527.0,,2573.0,,959.0,3711.0,2616.0,,,2675.0,2432.0,349.0,89.0,1846.0,3721.0,1473.0
2277.0,905.0,1371.0,2440.0,1362.0,3728.0,,1451.0,,3054.0,,2326.0,,1516.0,1961.0,3636.0,,,2139.0,2829.0,2912.0,2453.0,8.0,2729.0,3909.0
367.0,3882.0,2911.0,3416.0,1357.0,2992.0,,2786.0,,2130.0,,3222.0,,2936.0,393.0,729.0,,,2487.0,3239.0,3446.0,648.0,626.0,1398.0,3701.0
3249.0,3416.0,1173.0,85.0,2979.0,750.0,,3894.0,,1846.0,,1206.0,,3420.0,2187.0,629.0,,,2000.0,67.0,645.0,84.0,3143.0,1024.0,1827.0
1858.0,1582.0,3252.0,651.0,1242.0,2432.0,,3659.0,,2456.0,,2279.0,,2888.0,2791.0,213.0,,,2110.0,3326.0,3980.0,895.0,3083.0,2888.0,1434.0
3929.0,1704.0,2480.0,2913.0,2207.0,2651.0,,791.0,,3819.0,,157.0,,387.0,1127.0,3611.0,,,2460.0,1122.0,3330.0,892.0,2163.0,1809.0,386.0
1102.0,2459.0,3912.0,1576.0,3283.0,3553.0,,808.0,,1268.0,,3738.0,,2266.0,2896.0,4096.0,,,3046.0,1675.0,1452.0,3352.0,1329.0,3297.0,2986.0
1328.0,2440.0,2286.0,1173.0,3708.0,2135.0,,934.0,,2203.0,,1335.0,,584.0,2728.0,1020.0,,,583.0,3937.0,2095.0,2642.0,1173.0,432.0,26.0
4011.0,3592.0,1335.0,2865.0,1687.0,2298.0,,204.0,,3910.0,,300.0,,1929.0,2384.0,724.0,,,1618.0,2250.0,3643.0,272.0,4101.0,1852.0,713.0
2435.0,300.0,892.0,2422.0,2307.0,2445.0,,2523.0,,2122.0,,1857.0,,676.0,3205.0,2459.0,,,185.0,363.0,829.0,2457.0,2527.0,2455.0,669.0
858.0,581.0,249.0,3794.0,1274.0,899.0,,3601.0,,3104.0,,22.0,,3165.0,757.0,1527.0,,,1287.0,2529.0,2722.0,3264.0,2713.0,2260.0,742.0
3834.0,3029.0,2025.0,0.0,3854.0,2972.0,,3830.0,,2373.0,,2745.0,,530.0,3443.0,2994.0,,,3167.0,2441.0,3524.0,1802.0,472.0,3636.0,2207.0
2827.0,2122.0,4015.0,3453.0,165.0,1988.0,,1412.0,,1403.0,,407.0,,1017.0,3118.0,1539.0,,,3953.0,986.0,1324.0,1259.0,1535.0,4091.0,1600.0
3659.0,2264.0,3075.0,1369.0,132.0,3314.0,,313.0,,3924.0,,994.0,,3537.0,3168.0,1964.0,,,215.0,2284.0,3841.0,2451.0,2193.0,853.0,2626.0
1492.0,3957.0,4002.0,3408.0,1390.0,953.0,,1448.0,,1717.0,,919.0,,3036.0,4075.0,1528.0,,,744.0,2345.0,1127.0,3490.0,2768.0,2422.0,1856.0
572.0,671.0,3711.0,3242.0,263.0,704.0,,3942.0,,3846.0,,152.0,,3329.0,588.0,3385.0,,,3759.0,33.0,2934.0,780.0,1892.0,475.0,2136.0
3853.0,3916.0,290.0,3533.0,1243.0,3604.0,,3697.0,,4021.0,,2987.0,,2323.0,708.0,1743.0,,,1956.0,621.0,1648.0,3440.0,2248.0,756.0,2734.0
683.0,3402.0,1563.0,2275.0,3463.0,2354.0,,2720.0,,4014.0,,1125.0,,1287.0,2607.0,468.0,,,287.0,854.0,623.0,959.0,1768.0,3839.0,351.0
2738.0,2882.0,3761.0,3132.0,3628.0,2795.0,,3768.0,,3222.0,,580.0,,33.0,3104.0,3547.0,,,892.0,3686.0,3384.0,1809.0,774.0,1032.0,3452.0
3271.0,3531.0,1876.0,1387.0,2129.0,1145.0,,3490.0,,3108.0,,2799.0,,2480.0,3686.0,3797.0,,,85.0,743.0,1059.0,3634.0,195.0,1988.0,1419.0
794.0,3891.0,2581.0,1978.0,437.0,2845.0,,2576.0,,1170.0,,1381.0,,378.0,238.0,353.0,,,779.0,1735.0,1690.0,3462.0,1967.0,3088.0,1088.0
3930.0,2199.0,3438.0,911.0,2068.0,1018.0,,2553.0,,2652.0,,2311.0,,2970.0,2438.0,3110.0,,,2246.0,1691.0,2448.0,964.0,2871.0,1314.0,1368.0
3176.0,2317.0,2194.0,3190.0,61.0,3986.0,,1798.0,,3300.0,,244.0,,548.0,2485.0,3321.0,,,1332.0,3117.0,325.0,2892.0,1554.0,3133.0,1381.0
3812.0,1731.0,3652.0,4094.0,1046.0,3660.0,,1631.0,,3750.0,,1946.0,,216.0,3564.0,2691.0,,,1491.0,1978.0,3403.0,2850.0,1454.0,1977.0,494.0
1300.0,2068.0,882.0,1261.0,3211.0,2879.0,,165.0,,763.0,,1879.0,,1576.0,3318.0,1018.0,,,1871.0,2968.0,967.0,2604.0,1348.0,3965.0,1403.0
3603.0,3868.0,2876.0,3752.0,2412.0,626.0,,3818.0,,3680.0,,586.0,,3513.0,3127.0,4032.0,,,1595.0,1702.0,1701.0,643.0,3321.0,2662.0,2105.0
2702.0,1339.0,1561.0,2741.0,1622.0,3692.0,,691.0,,503.0,,1583.0,,2311.0,1081.0,1274.0,,,2817.0,1808.0,738.0,1026.0,2285.0,631.0,1272.0
4050.0,786.0,1605.0,3855.0,2421.0,1540.0,,2217.0,,575.0,,3302.0,,28.0,1954.0,1822.0,,,1919.0,627.0,2064.0,578.0,2348.0,655.0,3725.0
1428.0,35.0,3894.0,1047.0,328.0,939.0,,2329.0,,2223.0,,1293.0,,693.0,17.0,3061.0,,,819.0,3964.0,2760.0,3756.0,541.0,806.0,3419.0
2781.0,538.0,3137.0,218.0,3415.0,1876.0,,345.0,,566.0,,245.0,,2143.0,2797.0,841.0,,,780.0,1395.0,2890.0,870.0,1072.0,548.0,3927.0
636.0,2754.0,2257.0,3825.0,1686.0,168.0,,1363.0,,2346.0,,214.0,,3667.0,1172.0,2964.0,,,2364.0,118.0,3237.0,3879.0,14.0,1574.0,3841.0
1597.0,1546.0,1005.0,2190.0,3337.0,185.0,,1620.0,,1140.0,,2172.0,,1578.0,1827.0,3498.0,,,2151.0,2096.0,2941.0,1654.0,2007.0,1746.0,2799.0
3631.0,614.0,1811.0,2423.0,3440.0,579.0,,498.0,,1041.0,,24.0,,1010.0,158.0,717.0,,,1112.0,1398.0,3208.0,1516.0,710.0,1388.0,3542.0
3885.0,4023.0,3139.0,2757.0,1256.0,1424.0,,2060.0,,721.0,,1210.0,,2658.0,710.0,534.0,,,164.0,3118.0,1655.0,519.0,3605.0,2209.0,3248.0
3742.0,829.0,2300.0,712.0,2528.0,1811.0,,417.0,,1257.0,,3586.0,,3965.0,3977.0,3934.0,,,1714.0,1934.0,2569.0,1574.0,2857.0,943.0,2436.0
630.0,2616.0,4004.0,3930.0,3946.0,2897.0,,3670.0,,3577.0,,2594.0,,2249.0,3046.0,1398.0,,,3633.0,1036.0,3804.0,1592.0,4066.0,3123.0,427.0
2763.0,226.0,3728.0,4021.0,3559.0,2171.0,,2761.0,,1111.0,,843.0,,3763.0,1685.0,42.0,,,157.0,264.0,3831.0,1095.0,2846.0,934.0,290.0
283.0,1069.0,3670.0,3282.0,215.0,3596.0,,1077.0,,718.0,,1728.0,,1855.0,3132.0,3371.0,,,222.0,267.0,3589.0,2907.0,611.0,1092.0,2153.0
237.0,1303.0,604.0,854.0,789.0,1668.0,,272.0,,2116.0,,2853.0,,1773.0,1535.0,3923.0,,,4005.0,2179.0,3633.0,1527.0,2457.0,491.0,939.0
3278.0,3982.0,455.0,1582.0,2455.0,3248.0,,3684.0,,227.0,,90.0,,2719.0,3070.0,2220.0,,,3191.0,306.0,309.0,3253.0,3367.0,960.0,2132.0
3511.0,1441.0,2140.0,1561.0,2897.0,2620.0,,1282.0,,1567.0,,3227.0,,595.0,229.0,1812.0,,,3514.0,3398.0,301.0,1091.0,331.0,204.0,3883.0
2119.0,287.0,3000.0,3529.0,3807.0,1444.0,,3859.0,,1722.0,,430.0,,1221.0,4078.0,3733.0,,,3002.0,2271.0,3368.0,1990.0,3136.0,3732.0,2037.0
1883.0,1693.0,3739.0,2374.0,1440.0,2128.0,,162.0,,2557.0,,1689.0,,1396.0,2997.0,3213.0,,,474.0,2384.0,1657.0,1051.0,2489.0,231.0,3190.0
3504.0,537.0,897.0,3135.0,2146.0,2918.0,,1905.0,,2351.0,,1110.0,,1299.0,1745.0,3684.0,,,2704.0,2445.0,3603.0,1677.0,2869.0,808.0,806.0
1431.0,1350.0,3791.0,1486.0,189.0,2544.0,,1990.0,,2468.0,,2658.0,,1505.0,3325.0,2726.0,,,93.0,3656.0,3862.0,2518.0,1368.0,3634.0,1775.0
528.0,3302.0,1961.0,832.0,1176.0,863.0,,3325.0,,3486.0,,2925.0,,1400.0,550.0,3297.0,,,2262.0,2792.0,2075.0,3309.0,3324.0,896.0,30.0
2156.0,2165.0,216.0,1839.0,860.0,1503.0,,3924.0,,3247.0,,2161.0,,1718.0,2629.0,2921.0,,,773.0,373.0,1799.0,1829.0,2643.0,3924.0,644.0
244.0,1457.0,2111.0,928.0,3658.0,2273.0,,2666.0,,544.0,,4086.0,,2339.0,533.0,3350.0,,,1079.0,1882.0,888.0,3837.0,814.0,1711.0,3204.0
2071.0,53.0,3326.0,1384.0,4.0,7.0,,1304.0,,4068.0,,3418.0,,924.0,1261.0,2012.0,,,3421.0,41.0,2630.0,159.0,1230.0,3641.0,3919.0
3549.0,1525.0,1851.0,2120.0,4015.0,1903.0,,928.0,,336.0,,3924.0,,540.0,3682.0,3998.0,,,3351.0,1711.0,2247.0,1434.0,563.0,3304.0,1624.0
587.0,2773.0,939.0,3508.0,3135.0,390.0,,2780.0,,687.0,,764.0,,4068.0,247.0,2957.0,,,1239.0,1662.0,190.0,4085.0,276.0,1958.0,3198.0
2783.0,697.0,19.0,1932.0,3586.0,2542.0,,3157.0,,2844.0,,305.0,,2766.0,2675.0,764.0,,,1101.0,2669.0,1941.0,2886.0,3816.0,3313.0,3795.0
1153.0,1796.0,3101.0,228.0,412.0,2113.0,,3162.0,,3111.0,,2206.0,,94.0,1193.0,378.0,,,3810.0,3123.0,1790.0,595.0,423.0,1708.0,1669.0
1972.0,2307.0,2850.0,1653.0,697.0,19.0,,1697.0,,1174.0,,1226.0,,3958.0,2733.0,4066.0,,,1790.0,2560.0,383.0,70.0,2031.0,3190.0,1908.0
3143.0,3795.0,1750.0,735.0,2645.0,602.0,,2991.0,,1645.0,,1634.0,,1962.0,2943.0,3359.0,,,2425.0,3650.0,2875.0,677.0,2081.0,3979.0,2759.0
3256.0,3996.0,913.0,1394.0,3074.0,1201.0,,2756.0,,4040.0,,2253.0,,1579.0,2240.0,983.0,,,3256.0,1706.0,3436.0,3776.0,786.0,3780.0,3797.0
1342.0,2817.0,2151.0,242.0,907.0,2630.0,,1334.0,,2813.0,,1421.0,,1427.0,2665.0,118.0,,,1782.0,3220.0,2864.0,1678.0,76.0,993.0,528.0
2600.0,3850.0,3394.0,3818.0,1181.0,2468.0,,2190.0,,2298.0,,3731.0,,2310.0,626.0,615.0,,,2757.0,3028.0,1660.0,3912.0,3772.0,1430.0,2762.0
3474.0,1827.0,219.0,3788.0,1392.0,2961.0,,2862.0,,2958.0,,3732.0,,493.0,2787.0,1482.0,,,3092.0,544.0,1233.0,2368.0,928.0,968.0,2334.0
1066.0,3980.0,2950.0,2732.0,1700.0,783.0,,4050.0,,1440.0,,3748.0,,48.0,2152.0,3632.0,,,2057.0,2495.0,979.0,676.0,3744.0,3824.0,3753.0
4081.0,1338.0,1872.0,183.0,2647.0,3272.0,,2291.0,,2186.0,,128.0,,520.0,724.0,3740.0,,,2234.0,906.0,2141.0,2688.0,3381.0,2134.0,2222.0
3053.0,2065.0,3521.0,4025.0,2034.0,1082.0,,2366.0,,2804.0,,3624.0,,505.0,3966.0,3963.0,,,3550.0,1148.0,2840.0,3973.0,2890.0,1309.0,2966.0
4043.0,2166.0,734.0,3207.0,973.0,98.0,,1264.0,,1419.0,,116.0,,2225.0,3486.0,1938.0,,,3012.0,3420.0,1638.0,1253.0,1803.0,2679.0,3565.0
1187.0,3451.0,1730.0,1340.0,3380.0,960.0,,1089.0,,2271.0,,2812.0,,2650.0,1486.0,1536.0,,,969.0,593.0,1011.0,3835.0,1217.0,3310.0,4079.0
4067.0,1548.0,311.0,4.0,851.0,3250.0,,573.0,,1856.0,,876.0,,4006.0,2725.0,123.0,,,2766.0,3375.0,3646.0,400.0,3546.0,1423.0,1951.0
2054.0,2190.0,2891.0,313.0,2639.0,1890.0,,2096.0,,2670.0,,2713.0,,1344.0,2677.0,2836.0,,,942.0,2995.0,969.0,245.0,1402.0,162.0,205.0
603.0,666.0,3603.0,121.0,1788.0,1648.0,,538.0,,81.0,,1542.0,,1720.0,3304.0,443.0,,,3386.0,1727.0,1475.0,24.0,3051.0,979.0,3425.0
1881.0,1846.0,1977.0,1458.0,323.0,174.0,,3128.0,,1880.0,,3979.0,,2721.0,615.0,1676.0,,,1486.0,2021.0,841.0,294.0,1483.0,3556.0,2208.0
3453.0,2726.0,2449.0,3847.0,938.0,1310.0,,753.0,,2274.0,,600.0,,3528.0,3607.0,2790.0,,,1212.0,148.0,2300.0,4012.0,3997.0,1197.0,467.0
3795.0,589.0,3983.0,254.0,1179.0,3753.0,,2257.0,,465.0,,3430.0,,2379.0,1281.0,2340.0,,,2717.0,712.0,3491.0,1144.0,1910.0,2057.0,1875.0
1923.0,75.0,1816.0,2565.0,932.0,3307.0,,341.0,,1764.0,,346.0,,3501.0,3185.0,3299.0,,,3876.0,1378.0,1850.0,3734.0,1078.0,1450.0,2090.0
3861.0,2557.0,2640.0,1953.0,3237.0,1268.0,,1323.0,,3339.0,,3853.0,,1023.0,1315.0,1040.0,,,1967.0,1418.0,991.0,2341.0,3250.0,3743.0,3605.0
3020.0,2319.0,2731.0,1789.0,3092.0,1297.0,,2200.0,,126.0,,3542.0,,2911.0,1608.0,3064.0,,,129.0,4089.0,541.0,483.0,2050.0,1496.0,1323.0
753.0,763.0,1366.0,2402.0,4021.0,2864.0,,1563.0,,425.0,,2519.0,,4039.0,2760.0,2080.0,,,2115.0,867.0,925.0,992.0,2757.0,550.0,2801.0
1940.0,2285.0,3702.0,1359.0,2416.0,478.0,,3961.0,,2167.0,,1514.0,,1540.0,3909.0,286.0,,,1857.0,82.0,184.0,2137.0,3288.0,2050.0,2151.0
1319.0,2450.0,3432.0,3569.0,3532.0,4013.0,,3419.0,,1555.0,,1117.0,,3597.0,1509.0,1860.0,,,3113.0,2419.0,1728.0,1491.0,885.0,3345.0,1803.0
820.0,549.0,459.0,3.0,1258.0,3027.0,,3640.0,,2627.0,,167.0,,3045.0,3510.0,509.0,,,4060.0,815.0,556.0,385.0,2118.0,2576.0,941.0
3539.0,1255.0,2322.0,1386.0,2770.0,1301.0,,3311.0,,663.0,,618.0,,1289.0,3826.0,3492.0,,,38.0,3759.0,754.0,1633.0,2798.0,2389.0,206.0
2161.0,3013.0,987.0,3750.0,1546.0,1673.0,,558.0,,1893.0,,735.0,,2783.0,1628.0,1003.0,,,560.0,2784.0,236.0,2422.0,2913.0,798.0,2735.0
2249.0,1015.0,2132.0,1136.0,2402.0,1893.0,,2253.0,,646.0,,3351.0,,409.0,1005.0,325.0,,,3527.0,1547.0,486.0,1932.0,3253.0,3575.0,2393.0
2074.0,2220.0,51.0,2681.0,1009.0,2265.0,,2314.0,,1955.0,,1483.0,,2102.0,2667.0,1849.0,,,1865.0,2955.0,1598.0,3317.0,3899.0,1462.0,1546.0
1462.0,3634.0,581.0,2395.0,3329.0,805.0,,567.0,,3916.0,,3902.0,,3712.0,945.0,410.0,,,789.0,3092.0,2284.0,848.0,3861.0,3062.0,3810.0
3282.0,2984.0,777.0,2775.0,1972.0,3458.0,,3439.0,,676.0,,2985.0,,1765.0,807.0,1949.0,,,2055.0,3443.0,1984.0,1898.0,1171.0,291.0,1215.0
1655.0,54.0,1193.0,2369.0,2578.0,3913.0,,1037.0,,343.0,,3341.0,,346.0,1363.0,1687.0,,,2175.0,410.0,2947.0,3904.0,459.0,2958.0,3088.0
3307.0,2821.0,1700.0,1704.0,1265.0,3087.0,,1635.0,,789.0,,3834.0,,2384.0,594.0,662.0,,,1773.0,1071.0,14.0,2007.0,1018.0,3523.0,2784.0
1096.0,1228.0,3162.0,2431.0,1156.0,458.0,,1763.0,,1150.0,,934.0,,3620.0,540.0,2145.0,,,1960.0,962.0,2593.0,2740.0,294.0,552.0,2938.0
4058.0,1507.0,3669.0,1625.0,2857.0,1400.0,,587.0,,2269.0,,3257.0,,4013.0,1793.0,2583.0,,,1337.0,1566.0,739.0,3308.0,534.0,1505.0,3390.0
1608.0,1249.0,3111.0,55.0,2067.0,2105.0,,2183.0,,2530.0,,3018.0,,2475.0,1839.0,613.0,,,1001.0,2160.0,2187.0,3825.0,2554.0,3393.0,3493.0
4100.0,1397.0,3429.0,2183.0,1405.0,1558.0,,1521.0,,3389.0,,3533.0,,1657.0,1661.0,318.0,,,3539.0,543.0,3791.0,1003.0,3692.0,2373.0,2789.0
3034.0,1197.0,4026.0,1404.0,3641.0,2418.0,,688.0,,1781.0,,275.0,,3310.0,3681.0,3280.0,,,2648.0,732.0,948.0,463.0,2991.0,1681.0,2038.0
3668.0,252.0,101.0,2816.0,401.0,4055.0,,3775.0,,1441.0,,2582.0,,920.0,3601.0,642.0,,,253.0,3186.0,1523.0,3058.0,1246.0,3888.0,2877.0
1659.0,3674.0,316.0,3366.0,4025.0,2590.0,,1193.0,,520.0,,4082.0,,2968.0,1824.0,2237.0,,,1226.0,1857.0,88.0,2851.0,2630.0,1705.0,487.0
1006.0,3886.0,2869.0,1993.0,2410.0,3812.0,,124.0,,797.0,,912.0,,3839.0,213.0,3249.0,,,2918.0,1080.0,2610.0,188.0,130.0,1244.0,1465.0
2378.0,1509.0,203.0,1066.0,2811.0,3066.0,,7.0,,398.0,,2842.0,,4017.0,1265.0,1595.0,,,614.0,2961.0,1843.0,2639.0,2413.0,2639.0,1579.0
2127.0,142.0,1165.0,3368.0,4101.0,1412.0,,3786.0,,2260.0,,928.0,,3941.0,2947.0,554.0,,,635.0,4013.0,1816.0,3497.0,2782.0,1011.0,1336.0
36.0,3779.0,881.0,3301.0,267.0,1692.0,,3709.0,,1113.0,,3575.0,,2873.0,2470.0,1578.0,,,2587.0,789.0,3681.0,4075.0,1802.0,1797.0,3926.0
3669.0,4032.0,2152.0,2562.0,2113.0,719.0,,1732.0,,2601.0,,2027.0,,1572.0,3699.0,3526.0,,,2592.0,3588.0,1434.0,2810.0,1991.0,3516.0,1339.0
3228.0,3086.0,2629.0,1110.0,4003.0,1502.0,,1182.0,,1826.0,,3504.0,,1191.0,1436.0,1805.0,,,3756.0,1014.0,3563.0,242.0,2811.0,2524.0,2899.0
2792.0,2751.0,4090.0,2234.0,2572.0,531.0,,3790.0,,597.0,,863.0,,3867.0,2914.0,2214.0,,,3987.0,2913.0,1366.0,546.0,573.0,2702.0,4060.0
3306.0,3618.0,711.0,865.0,2598.0,1025.0,,1358.0,,2023.0,,2840.0,,2835.0,3817.0,2811.0,,,1148.0,2577.0,2782.0,525.0,3774.0,2449.0,3922.0
460.0,3418.0,4092.0,3294.0,1974.0,2462.0,,3428.0,,488.0,,2917.0,,3951.0,286.0,2230.0,,,705.0,3175.0,923.0,3630.0,3259.0,146.0,1204.0
463.0,1647.0,3203.0,3663.0,2709.0,2112.0,,1777.0,,129.0,,2546.0,,3692.0,3077.0,501.0,,,4045.0,3597.0,79.0,1496.0,1591.0,3207.0,1006.0
3756.0,125.0,2764.0,219.0,2166.0,3785.0,,2437.0,,847.0,,3662.0,,989.0,399.0,1337.0,,,1957.0,1365.0,4093.0,3468.0,2815.0,2014.0,4083.0
146.0,711.0,1550.0,335.0,3798.0,929.0,,2645.0,,2057.0,,3474.0,,2558.0,3125.0,612.0,,,3265.0,2673.0,1612.0,1351.0,151.0,564.0,2428.0
2162.0,3701.0,2784.0,762.0,3273.0,983.0,,3724.0,,2914.0,,2226.0,,1801.0,2140.0,925.0,,,901.0,1686.0,883.0,1008.0,2927.0,804.0,1186.0
893.0,4011.0,1869.0,3421.0,1450.0,1567.0,,3969.0,,3213.0,,3371.0,,1964.0,651.0,3502.0,,,3877.0,2030.0,2227.0,673.0,109.0,1784.0,3381.0
1253.0,3624.0,3129.0,730.0,1525.0,3034.0,,1062.0,,716.0,,819.0,,2164.0,681.0,2605.0,,,3242.0,3197.0,3493.0,1704.0,456.0,729.0,312.0
1158.0,3152.0,2096.0,696.0,2723.0,2036.0,,2992.0,,3562.0,,756.0,,1534.0,3914.0,3610.0,,,1813.0,2293.0,4100.0,2188.0,2854.0,3671.0,3265.0
3847.0,346.0,3233.0,2957.0,1831.0,444.0,,772.0,,1298.0,,1528.0,,2602.0,601.0,74.0,,,2872.0,355.0,694.0,4067.0,773.0,2489.0,2912.0
3369.0,853.0,352.0,2837.0,3123.0,233.0,,3547.0,,3855.0,,2872.0,,3718.0,3775.0,2724.0,,,160.0,300.0,506.0,792.0,84.0,683.0,2582.0
3963.0,3069.0,2052.0,1942.0,930.0,827.0,,486.0,,1414.0,,264.0,,1645.0,3973.0,1781.0,,,3785.0,965.0,1147.0,1390.0,2404.0,3879.0,3995.0
805.0,2348.0,2310.0,2588.0,2091.0,2155.0,,3309.0,,2343.0,,3736.0,,2535.0,3294.0,569.0,,,224.0,2797.0,3258.0,667.0,558.0,1188.0,120.0
1024.0,3249.0,3865.0,1410.0,790.0,1810.0,,1168.0,,3303.0,,3152.0,,1825.0,194.0,1672.0,,,1286.0,2740.0,1304.0,1606.0,1818.0,3781.0,224.0
3179.0,2444.0,2684.0,1162.0,1233.0,2577.0,,2484.0,,392.0,,2795.0,,816.0,2843.0,3423.0,,,2213.0,2973.0,2212.0,1215.0,2715.0,610.0,3172.0
3811.0,1289.0,2571.0,659.0,3477.0,4080.0,,1800.0,,3909.0,,2267.0,,2702.0,579.0,3325.0,,,3545.0,1705.0,3551.0,1089.0,599.0,1674.0,3267.0
349.0,1062.0,3552.0,3945.0,3227.0,3396.0,,3863.0,,1107.0,,1308.0,,2605.0,1361.0,1163.0,,,3184.0,232.0,3317.0,2741.0,3377.0,3669.0,3415.0
637.0,1083.0,2986.0,286.0,3225.0,1602.0,,146.0,,3097.0,,1010.0,,1512.0,288.0,1279.0,,,3194.0,2920.0,3382.0,1631.0,1797.0,4037.0,1730.0
342.0,3262.0,2714.0,2211.0,3734.0,1228.0,,3022.0,,4082.0,,707.0,,2826.0,2984.0,2755.0,,,1703.0,2066.0,2009.0,74.0,2028.0,3861.0,1493.0
3130.0,2977.0,1410.0,675.0,2564.0,2963.0,,3534.0,,820.0,,3103.0,,748.0,2553.0,1973.0,,,3928.0,916.0,461.0,4053.0,1914.0,3267.0,1065.0
3634.0,1709.0,1122.0,3769.0,1548.0,3304.0,,2017.0,,1221.0,,2011.0,,3897.0,2029.0,2149.0,,,1516.0,730.0,376.0,196.0,1056.0,2298.0,1008.0
3711.0,3021.0,820.0,1322.0,1033.0,2794.0,,1198.0,,1796.0,,2463.0,,375.0,2079.0,3531.0,,,3922.0,402.0,843.0,1710.0,1131.0,3984.0,3826.0
2415.0,2212.0,439.0,3246.0,2556.0,3832.0,,228.0,,871.0,,1138.0,,2587.0,990.0,52.0,,,1236.0,3003.0,3227.0,2586.0,810.0,636.0,1358.0
1833.0,186.0,2105.0,2254.0,71.0,2926.0,,1310.0,,1155.0,,3415.0,,951.0,2589.0,196.0,,,3268.0,2928.0,406.0,3986.0,2719.0,1579.0,864.0
2991.0,683.0,3855.0,3367.0,2804.0,4046.0,,3755.0,,464.0,,862.0,,2505.0,771.0,329.0,,,3717.0,530.0,3115.0,2346.0,1305.0,566.0,1207.0
3477.0,574.0,2256.0,2200.0,2351.0,29.0,,708.0,,2382.0,,3719.0,,1695.0,2632.0,1582.0,,,50.0,3549.0,108.0,1112.0,3787.0,296.0,1172.0
661.0,1433.0,60.0,269.0,24.0,995.0,,164.0,,252.0,,686.0,,1348.0,1457.0,1797.0,,,787.0,880.0,3131.0,797.0,3339.0,2193.0,3382.0
1450.0,434.0,1984.0,3249.0,1078.0,1572.0,,2270.0,,1192.0,,3722.0,,1007.0,3352.0,67.0,,,2264.0,728.0,1671.0,487.0,1484.0,340.0,1463.0
3570.0,1680.0,2269.0,1546.0,2542.0,1221.0,,2295.0,,1328.0,,548.0,,1135.0,778.0,3042.0,,,1476.0,279.0,2746.0,1884.0,1210.0,2430.0,877.0
3857.0,1739.0,2004.0,1260.0,3940.0,2891.0,,2530.0,,1790.0,,1484.0,,3105.0,2581.0,3364.0,,,306.0,1626.0,2537.0,2731.0,1959.0,1565.0,1153.0
728.0,1030.0,2685.0,550.0,3896.0,874.0,,1506.0,,2828.0,,186.0,,1837.0,3048.0,641.0,,,695.0,657.0,1181.0,3274.0,1851.0,542.0,2392.0
714.0,2193.0,832.0,82.0,2396.0,1849.0,,361.0,,3854.0,,1690.0,,3777.0,1431.0,1366.0,,,284.0,876.0,3180.0,1182.0,2036.0,3622.0,1195.0
3149.0,3220.0,217.0,3594.0,3655.0,1274.0,,3771.0,,606.0,,1493.0,,1716.0,670.0,3905.0,,,3225.0,2600.0,414.0,2813.0,2574.0,3032.0,3910.0
1421.0,1590.0,3257.0,1596.0,749.0,2471.0,,3926.0,,2341.0,,534.0,,3466.0,179.0,61.0,,,1727.0,403.0,773.0,3300.0,4.0,280.0,1158.0
2989.0,3697.0,342.0,1363.0,2905.0,3115.0,,3673.0,,692.0,,1130.0,,172.0,2493.0,3136.0,,,421.0,2826.0,3718.0,650.0,1357.0,2578.0,3116.0
2434.0,2215.0,642.0,1167.0,3355.0,2294.0,,2941.0,,1742.0,,2010.0,,273.0,2089.0,3440.0,,,3852.0,3049.0,672.0,1542.0,1254.0,227.0,1487.0
2549.0,3429.0,2005.0,3725.0,2062.0,1990.0,,2298.0,,1617.0,,644.0,,3320.0,862.0,2232.0,,,1392.0,796.0,2567.0,127.0,2711.0,1950.0,517.0
2647.0,2057.0,2944.0,1849.0,1418.0,1915.0,,3377.0,,555.0,,2793.0,,1037.0,1301.0,2330.0,,,513.0,851.0,1230.0,3232.0,1619.0,455.0,2807.0
3837.0,45.0,998.0,2663.0,3385.0,1114.0,,3276.0,,2490.0,,1128.0,,3979.0,852.0,146.0,,,1295.0,890.0,3160.0,3314.0,948.0,2104.0,247.0
3745.0,432.0,2634.0,2851.0,2706.0,1534.0,,3249.0,,3539.0,,2449.0,,2929.0,1840.0,1751.0,,,1554.0,1582.0,1493.0,55.0,696.0,765.0,4087.0
1059.0,2919.0,410.0,3312.0,917.0,79.0,,884.0,,2903.0,,2586.0,,1091.0,421.0,3685.0,,,874.0,1188.0,4041.0,1309.0,616.0,690.0,1513.0
1593.0,3831.0,671.0,2863.0,3613.0,1730.0,,440.0,,1919.0,,701.0,,2464.0,1728.0,2673.0,,,3096.0,2938.0,1371.0,3053.0,2943.0,1507.0,2634.0
2422.0,331.0,1192.0,299.0,2019.0,2691.0,,3529.0,,1310.0,,1603.0,,2463.0,3367.0,1316.0,,,3005.0,1236.0,445.0,1726.0,2687.0,3709.0,474.0
1288.0,471.0,314.0,1808.0,404.0,232.0,,2457.0,,2232.0,,70.0,,560.0,2474.0,3914.0,,,594.0,1525.0,1946.0,1857.0,2374.0,608.0,194.0
776.0,1551.0,1175.0,3054.0,643.0,1737.0,,723.0,,2496.0,,2991.0,,1152.0,1632.0,3582.0,,,3906.0,2444.0,3428.0,2035.0,1017.0,2450.0,3870.0
1357.0,3336.0,2994.0,745.0,6.0,2679.0,,2784.0,,3463.0,,1886.0,,2776.0,3082.0,3406.0,,,2283.0,222.0,172.0,435.0,125.0,3986.0,3372.0
3029.0,972.0,1555.0,778.0,3570.0,84.0,,3689.0,,2399.0,,1905.0,,2693.0,462.0,1294.0,,,1333.0,2544.0,3983.0,1400.0,922.0,420.0,579.0
3321.0,1170.0,63.0,584.0,288.0,3470.0,,2895.0,,4102.0,,3858.0,,1080.0,2625.0,3401.0,,,2737.0,1807.0,157.0,575.0,3019.0,2218.0,1844.0
197.0,3728.0,2483.0,3477.0,497.0,1694.0,,3554.0,,2052.0,,3804.0,,1272.0,2895.0,502.0,,,1046.0,335.0,1488.0,670.0,3383.0,3055.0,1457.0
862.0,309.0,1275.0,2054.0,3360.0,1105.0,,1671.0,,3731.0,,762.0,,3129.0,605.0,1168.0,,,1777.0,3016.0,3835.0,3406.0,185.0,3324.0,1709.0
779.0,1502.0,3170.0,801.0,1374.0,3356.0,,2986.0,,3838.0,,1449.0,,2915.0,1557.0,888.0,,,3192.0,2051.0,760.0,2345.0,1941.0,4074.0,3358.0
2036.0,2611.0,2072.0,2267.0,3363.0,1742.0,,215.0,,1967.0,,3821.0,,3602.0,2826.0,2679.0,,,2856.0,3525.0,3273.0,1470.0,1536.0,1549.0,2514.0
1114.0,2804.0,3944.0,2618.0,2922.0,3330.0,,2058.0,,2603.0,,1506.0,,3957.0,1755.0,513.0,,,2634.0,2027.0,1783.0,1339.0,2663.0,2566.0,3694.0
398.0,1450.0,1188.0,2535.0,2388.0,1192.0,,1545.0,,2108.0,,2499.0,,2839.0,1812.0,3461.0,,,2410.0,1246.0,1913.0,2216.0,1888.0,302.0,3080.0
2811.0,2826.0,1493.0,1930.0,1134.0,2773.0,,2564.0,,2577.0,,3642.0,,3007.0,1008.0,1809.0,,,2456.0,1038.0,459.0,725.0,1489.0,3427.0,1028.0
1879.0,3011.0,239.0,3849.0,3287.0,701.0,,3796.0,,1572.0,,3879.0,,3350.0,2331.0,459.0,,,277.0,606.0,395.0,1495.0,3404.0,1651.0,3049.0
3845.0,3815.0,3975.0,3302.0,478.0,289.0,,1725.0,,2175.0,,1930.0,,252.0,3905.0,2648.0,,,3001.0,2168.0,1443.0,4046.0,1762.0,252.0,106.0
3904.0,821.0,1715.0,3420.0,4020.0,896.0,,1030.0,,2329.0,,1519.0,,2062.0,3908.0,1024.0,,,1530.0,3407.0,3812.0,2414.0,516.0,3115.0,679.0
412.0,1278.0,1979.0,1337.0,1048.0,1995.0,,2003.0,,1312.0,,571.0,,3102.0,337.0,3831.0,,,3154.0,2064.0,3824.0,1213.0,1706.0,543.0,3637.0
1409.0,2269.0,102.0,413.0,2158.0,676.0,,775.0,,1265.0,,954.0,,3829.0,3649.0,1836.0,,,1235.0,2780.0,1835.0,1876.0,3895.0,3825.0,3930.0
1875.0,1429.0,3819.0,3932.0,2565.0,1328.0,,563.0,,2181.0,,3226.0,,371.0,411.0,3223.0,,,2971.0,101.0,110.0,3059.0,2625.0,577.0,902.0
675.0,2837.0,3597.0,3392.0,4079.0,1409.0,,3351.0,,3332.0,,1482.0,,1641.0,1400.0,1825.0,,,2273.0,3771.0,231.0,1841.0,840.0,2950.0,4071.0
975.0,2109.0,80.0,2864.0,2516.0,2616.0,,2320.0,,2165.0,,362.0,,192.0,869.0,1238.0,,,4052.0,1567.0,2367.0,2911.0,904.0,986.0,485.0
2293.0,155.0,467.0,567.0,2286.0,3926.0,,2740.0,,2694.0,,1397.0,,1462.0,3492.0,3396.0,,,1822.0,3096.0,2423.0,3343.0,3649.0,4046.0,4063.0
604.0,962.0,1401.0,867.0,319.0,1154.0,,3988.0,,269.0,,3488.0,,2409.0,2851.0,976.0,,,2025.0,1332.0,1746.0,596.0,3405.0,169.0,2976.0
2839.0,1156.0,889.0,3530.0,1569.0,516.0,,2907.0,,3112.0,,1580.0,,2497.0,1130.0,622.0,,,2374.0,3482.0,10.0,2543.0,3799.0,198.0,267.0
3164.0,3544.0,1950.0,3123.0,2624.0,1956.0,,3740.0,,2180.0,,812.0,,2722.0,916.0,3446.0,,,684.0,3955.0,2243.0,889.0,250.0,100.0,4053.0
3685.0,2483.0,1776.0,3128.0,639.0,3976.0,,792.0,,2457.0,,4004.0,,2098.0,294.0,1013.0,,,1186.0,1943.0,3772.0,699.0,11.0,1780.0,3594.0
401.0,3009.0,103.0,1833.0,2021.0,2978.0,,1381.0,,899.0,,3033.0,,3152.0,1228.0,1829.0,,,1863.0,1174.0,826.0,3613.0,2786.0,602.0,4062.0
762.0,3939.0,1732.0,1595.0,4042.0,3551.0,,979.0,,3484.0,,2351.0,,3651.0,296.0,817.0,,,80.0,275.0,65.0,368.0,1406.0,281.0,3188.0
1579.0,1077.0,176.0,266.0,4029.0,3029.0,,2982.0,,2243.0,,3267.0,,663.0,2098.0,1427.0,,,664.0,1076.0,3026.0,1544.0,1125.0,1289.0,1030.0
1642.0,790.0,183.0,1213.0,1803.0,3756.0,,1203.0,,3841.0,,2761.0,,732.0,3921.0,1680.0,,,1988.0,3719.0,1090.0,230.0,1110.0,1842.0,499.0
1471.0,4084.0,3524.0,1409.0,1791.0,2417.0,,2850.0,,1501.0,,2675.0,,3768.0,3840.0,826.0,,,1658.0,3194.0,2753.0,404.0,2159.0,3356.0,2261.0
3230.0,1465.0,3469.0,3637.0,1402.0,3048.0,,2870.0,,2690.0,,3925.0,,3635.0,2326.0,840.0,,,3830.0,1325.0,1110.0,3407.0,1662.0,2939.0,3041.0
1443.0,3308.0,2830.0,2188.0,3428.0,1591.0,,2075.0,,2060.0,,1904.0,,145.0,1756.0,2277.0,,,2834.0,1654.0,1019.0,905.0,110.0,3193.0,3245.0
3159.0,3966.0,860.0,3805.0,991.0,2388.0,,3806.0,,895.0,,1912.0,,2355.0,1035.0,884.0,,,2855.0,4057.0,3648.0,508.0,526.0,397.0,3585.0
807.0,2666.0,1679.0,2675.0,2663.0,44.0,,2536.0,,524.0,,3705.0,,3234.0,1917.0,3889.0,,,1352.0,3883.0,209.0,2382.0,2834.0,1772.0,1503.0
848.0,2645.0,197.0,833.0,1634.0,2538.0,,2435.0,,1106.0,,3246.0,,3271.0,191.0,1749.0,,,312.0,869.0,2794.0,462.0,1645.0,3853.0,1726.0
2094.0,1014.0,3120.0,1058.0,2499.0,3607.0,,1347.0,,3591.0,,2220.0,,3983.0,1649.0,831.0,,,1518.0,560.0,1589.0,30.0,3558.0,1652.0,3586.0
3664.0,705.0,1892.0,553.0,700.0,1760.0,,3801.0,,1461.0,,2192.0,,1518.0,972.0,488.0,,,3762.0,584.0,2667.0,3037.0,3044.0,1698.0,770.0
2215.0,478.0,850.0,3697.0,3649.0,268.0,,2328.0,,1300.0,,3192.0,,2831.0,2195.0,2854.0,,,2958.0,164.0,1048.0,2036.0,2465.0,4088.0,2515.0
2288.0,3125.0,2561.0,1297.0,830.0,2426.0,,3627.0,,1515.0,,2835.0,,2399.0,162.0,637.0,,,989.0,2492.0,1467.0,2014.0,3434.0,1205.0,123.0
1380.0,3102.0,3351.0,2271.0,4032.0,1487.0,,2628.0,,3993.0,,2372.0,,2632.0,2518.0,3613.0,,,1941.0,2823.0,2408.0,2220.0,1821.0,536.0,3014.0
437.0,2202.0,1128.0,50.0,2155.0,2862.0,,613.0,,3739.0,,4032.0,,3429.0,2217.0,1942.0,,,3988.0,3658.0,2961.0,2359.0,2611.0,735.0,2467.0
51.0,3169.0,3611.0,749.0,2342.0,860.0,,2227.0,,815.0,,1668.0,,483.0,1701.0,4039.0,,,3594.0,2630.0,912.0,3644.0,1331.0,350.0,1822.0
1296.0,3505.0,2416.0,1024.0,475.0,495.0,,3532.0,,3799.0,,1751.0,,157.0,806.0,2050.0,,,3138.0,3946.0,340.0,1391.0,3831.0,1909.0,3060.0
93.0,1942.0,4098.0,41.0,1492.0,2966.0,,1985.0,,1010.0,,1016.0,,3034.0,1618.0,699.0,,,1923.0,163.0,3654.0,304.0,3020.0,3624.0,3090.0
3725.0,2764.0,222.0,3121.0,496.0,2013.0,,3329.0,,3152.0,,315.0,,333.0,1478.0,345.0,,,180.0,24.0,2181.0,3953.0,,3113.0,1193.0
566.0,1368.0,2181.0,3588.0,2051.0,307.0,,2615.0,,2647.0,,1112.0,,1950.0,4039.0,3747.0,,,3119.0,3374.0,2088.0,934.0,,1379.0,2241.0
3297.0,2260.0,3260.0,1998.0,3502.0,2774.0,,815.0,,3196.0,,1444.0,,1420.0,618.0,4069.0,,,1922.0,2199.0,1240.0,1624.0,,3768.0,3091.0
2626.0,1705.0,3735.0,2205.0,2424.0,3901.0,,1677.0,,3173.0,,4089.0,,3210.0,3904.0,3901.0,,,2207.0,3880.0,3109.0,1344.0,,3059.0,2198.0
1099.0,3645.0,3173.0,3360.0,3298.0,3159.0,,2755.0,,539.0,,1902.0,,761.0,3967.0,609.0,,,2686.0,3116.0,2152.0,1167.0,,448.0,3483.0
2909.0,606.0,1857.0,1624.0,1103.0,2636.0,,3200.0,,397.0,,3451.0,,359.0,3710.0,2108.0,,,569.0,288.0,653.0,2759.0,,470.0,1689.0
905.0,2426.0,1695.0,1096.0,2858.0,306.0,,1366.0,,1052.0,,1281.0,,96.0,2349.0,3869.0,,,898.0,3782.0,983.0,516.0,,1328.0,1181.0
1667.0,916.0,181.0,3048.0,710.0,2701.0,,1846.0,,2861.0,,810.0,,3879.0,523.0,2276.0,,,4076.0,512.0,2100.0,2127.0,,1926.0,952.0
3752.0,3883.0,209.0,4015.0,3683.0,3168.0,,3137.0,,3427.0,,3200.0,,1128.0,697.0,3873.0,,,1939.0,1769.0,3579.0,2506.0,,357.0,2052.0
1774.0,523.0,3957.0,1253.0,1928.0,3695.0,,2147.0,,1843.0,,3653.0,,2792.0,3651.0,881.0,,,2079.0,3818.0,471.0,2935.0,,477.0,967.0
2922.0,21.0,634.0,1823.0,3349.0,2858.0,,1123.0,,2712.0,,2015.0,,3701.0,3364.0,4001.0,,,3870.0,2440.0,791.0,1619.0,,2395.0,2802.0
3258.0,3564.0,3650.0,2474.0,1586.0,2842.0,,534.0,,1753.0,,1078.0,,712.0,3490.0,2304.0,,,1400.0,1371.0,3786.0,1964.0,,2704.0,3727.0
1205.0,2291.0,1288.0,227.0,2318.0,850.0,,851.0,,1534.0,,788.0,,1389.0,1551.0,591.0,,,2713.0,997.0,804.0,1906.0,,3915.0,42.0
269.0,3621.0,1225.0,1599.0,2786.0,3161.0,,490.0,,3873.0,,3115.0,,2352.0,1656.0,3220.0,,,2828.0,3683.0,1844.0,1236.0,,3734.0,2203.0
2344.0,2750.0,2326.0,2564.0,1774.0,987.0,,2115.0,,4097.0,,859.0,,3573.0,3373.0,636.0,,,258.0,2745.0,374.0,3574.0,,3865.0,2161.0
2003.0,3349.0,431.0,2177.0,484.0,276.0,,2903.0,,169.0,,2857.0,,3078.0,1006.0,3404.0,,,2008.0,87.0,488.0,150.0,,1755.0,755.0
2708.0,2030.0,2090.0,377.0,4070.0,592.0,,2927.0,,1509.0,,1708.0,,364.0,165.0,1298.0,,,960.0,1416.0,3050.0,1747.0,,3020.0,2853.0
837.0,2687.0,2724.0,1855.0,818.0,402.0,,3146.0,,2114.0,,2469.0,,3217.0,2941.0,3947.0,,,360.0,111.0,3416.0,2530.0,,3398.0,2961.0
1240.0,3744.0,1654.0,2825.0,2106.0,706.0,,3155.0,,4069.0,,839.0,,1241.0,2372.0,2001.0,,,3251.0,2230.0,444.0,4026.0,,1231.0,2782.0
1557.0,3746.0,3796.0,3538.0,2771.0,249.0,,2460.0,,510.0,,1369.0,,2259.0,3393.0,1960.0,,,310.0,812.0,1699.0,1004.0,,2816.0,2300.0
1764.0,1225.0,3997.0,1086.0,1961.0,2535.0,,2922.0,,2224.0,,3380.0,,143.0,1344.0,1760.0,,,2323.0,4048.0,1014.0,3594.0,,1572.0,2747.0
1770.0,3632.0,1008.0,1129.0,2038.0,3720.0,,437.0,,1654.0,,364.0,,1746.0,2075.0,723.0,,,428.0,258.0,3196.0,568.0,,458.0,2066.0
1985.0,3193.0,3929.0,1142.0,2577.0,2489.0,,2805.0,,2976.0,,639.0,,1159.0,1795.0,754.0,,,94.0,3174.0,1089.0,1848.0,,3883.0,1851.0
871.0,3717.0,952.0,3826.0,686.0,3101.0,,2568.0,,2472.0,,3428.0,,351.0,1578.0,794.0,,,3903.0,3906.0,457.0,2165.0,,479.0,2820.0
1069.0,886.0,3043.0,2812.0,160.0,3779.0,,3596.0,,267.0,,3578.0,,1014.0,3838.0,702.0,,,2380.0,1278.0,94.0,1714.0,,2871.0,2838.0
359.0,2416.0,2391.0,423.0,2117.0,1028.0,,2074.0,,3900.0,,246.0,,2809.0,1652.0,2002.0,,,2063.0,2774.0,3143.0,679.0,,391.0,2806.0
318.0,2024.0,842.0,2553.0,2376.0,3917.0,,3372.0,,1789.0,,3917.0,,2646.0,3084.0,3356.0,,,108.0,2991.0,1795.0,3391.0,,3667.0,1210.0
355.0,764.0,1467.0,893.0,1219.0,3876.0,,2221.0,,1973.0,,2036.0,,3409.0,1234.0,1839.0,,,886.0,3954.0,1747.0,2815.0,,219.0,2565.0
771.0,910.0,2653.0,2106.0,1564.0,2149.0,,1484.0,,2715.0,,2612.0,,1846.0,2695.0,29.0,,,818.0,128.0,1675.0,351.0,,3378.0,1265.0
1616.0,2999.0,2563.0,1810.0,2135.0,1519.0,,1046.0,,138.0,,341.0,,3993.0,3717.0,3937.0,,,933.0,3022.0,2981.0,2464.0,,65.0,604.0
130.0,1713.0,2027.0,409.0,3601.0,2188.0,,8.0,,1816.0,,1451.0,,3970.0,1244.0,1532.0,,,2221.0,808.0,815.0,2177.0,,519.0,2304.0
2214.0,2928.0,1127.0,3428.0,2030.0,2958.0,,1351.0,,640.0,,1069.0,,3022.0,3484.0,1936.0,,,1729.0,1502.0,1174.0,3752.0,,1384.0,3984.0
136.0,2691.0,4087.0,906.0,2.0,3534.0,,722.0,,1947.0,,1556.0,,3961.0,3135.0,3056.0,,,690.0,2887.0,2532.0,2608.0,,3769.0,3558.0
1827.0,2556.0,3049.0,1399.0,2799.0,2226.0,,3639.0,,2843.0,,1012.0,,3287.0,204.0,1009.0,,,1196.0,2912.0,296.0,21.0,,1857.0,1410.0
226.0,2293.0,225.0,2125.0,1753.0,1085.0,,2092.0,,2745.0,,10.0,,2857.0,1255.0,2939.0,,,2094.0,1621.0,3387.0,1716.0,,3159.0,93.0
2624.0,3979.0,3237.0,67.0,1210.0,3857.0,,2262.0,,923.0,,1953.0,,3090.0,125.0,2047.0,,,1649.0,1161.0,3616.0,3516.0,,748.0,987.0
1445.0,3947.0,3712.0,3784.0,340.0,1389.0,,3633.0,,2337.0,,2642.0,,1452.0,1555.0,1588.0,,,1950.0,2071.0,3527.0,1444.0,,2233.0,1826.0
20.0,2470.0,673.0,2159.0,2118.0,4025.0,,311.0,,3464.0,,1715.0,,211.0,2090.0,649.0,,,3646.0,3953.0,194.0,2460.0,,95.0,60.0
453.0,91.0,2769.0,1038.0,819.0,4082.0,,2162.0,,3988.0,,117.0,,345.0,2459.0,3428.0,,,2536.0,2294.0,2800.0,1000.0,,3715.0,2550.0
522.0,3288.0,320.0,467.0,2832.0,746.0,,1892.0,,4012.0,,3360.0,,2268.0,2504.0,267.0,,,768.0,2992.0,3130.0,1294.0,,3467.0,3243.0
2597.0,2498.0,1646.0,1648.0,680.0,4045.0,,1393.0,,989.0,,3434.0,,2402.0,260.0,1975.0,,,1984.0,2777.0,2406.0,1108.0,,2886.0,1672.0
700.0,1692.0,487.0,3652.0,725.0,2513.0,,718.0,,3513.0,,3058.0,,1412.0,2412.0,2193.0,,,2845.0,3749.0,2675.0,2594.0,,1218.0,1910.0
2472.0,1288.0,3724.0,248.0,617.0,1732.0,,2408.0,,2331.0,,3135.0,,1939.0,2537.0,1607.0,,,2418.0,2631.0,118.0,3434.0,,2542.0,375.0
1141.0,2407.0,186.0,103.0,3529.0,1186.0,,1427.0,,1873.0,,3771.0,,3486.0,1941.0,2247.0,,,1384.0,3071.0,3874.0,3116.0,,3999.0,1168.0
3626.0,1718.0,1258.0,2940.0,2986.0,3514.0,,2069.0,,1828.0,,3379.0,,1029.0,3671.0,3287.0,,,124.0,3706.0,1548.0,3024.0,,2206.0,2104.0
568.0,1949.0,2267.0,2906.0,4037.0,846.0,,3776.0,,1283.0,,2862.0,,59.0,1677.0,1877.0,,,1861.0,1454.0,1691.0,835.0,,2079.0,2921.0
307.0,1604.0,2854.0,2465.0,473.0,2646.0,,2581.0,,326.0,,1154.0,,154.0,2543.0,2827.0,,,1909.0,3212.0,1594.0,2193.0,,557.0,1011.0
956.0,3842.0,2811.0,3923.0,1584.0,2907.0,,3011.0,,364.0,,2528.0,,3504.0,3644.0,779.0,,,3789.0,3636.0,526.0,1617.0,,2650.0,1757.0
1497.0,224.0,55.0,3603.0,3281.0,1454.0,,2622.0,,1833.0,,2174.0,,1244.0,607.0,895.0,,,2370.0,769.0,965.0,3827.0,,419.0,3259.0
516.0,3177.0,3251.0,1706.0,3099.0,21.0,,2936.0,,2356.0,,2110.0,,3872.0,384.0,2721.0,,,467.0,784.0,4032.0,3482.0,,495.0,2833.0
1744.0,103.0,3828.0,3976.0,1777.0,3774.0,,3660.0,,467.0,,1359.0,,2288.0,1630.0,909.0,,,1070.0,687.0,2185.0,3905.0,,2647.0,1071.0
250.0,3655.0,1793.0,3599.0,745.0,4071.0,,2296.0,,2846.0,,354.0,,445.0,2253.0,4101.0,,,184.0,3109.0,2523.0,700.0,,3593.0,1173.0
869.0,48.0,3478.0,3852.0,2320.0,1980.0,,977.0,,2749.0,,3805.0,,3612.0,2974.0,139.0,,,3747.0,2909.0,879.0,550.0,,638.0,2088.0
1969.0,2772.0,3314.0,3390.0,3895.0,1855.0,,1895.0,,4054.0,,1535.0,,1318.0,703.0,638.0,,,3116.0,3113.0,3865.0,2173.0,,336.0,406.0
1719.0,2786.0,2458.0,3670.0,2773.0,2003.0,,3591.0,,2000.0,,1151.0,,2870.0,2663.0,168.0,,,3829.0,302.0,348.0,2857.0,,1077.0,2880.0
1408.0,3935.0,1648.0,2462.0,1782.0,2257.0,,2930.0,,2124.0,,2480.0,,4000.0,4068.0,384.0,,,1090.0,1876.0,3852.0,2940.0,,3410.0,757.0
1848.0,1869.0,3092.0,1556.0,1289.0,570.0,,3166.0,,2034.0,,2756.0,,2278.0,3769.0,1618.0,,,3121.0,2967.0,1165.0,2427.0,,814.0,2486.0
1511.0,3234.0,3760.0,463.0,3507.0,2602.0,,4042.0,,1874.0,,2001.0,,3134.0,1163.0,1225.0,,,252.0,2807.0,210.0,1952.0,,3404.0,444.0
494.0,3440.0,2667.0,678.0,2344.0,2841.0,,1241.0,,100.0,,2656.0,,2708.0,2530.0,3858.0,,,831.0,4086.0,2910.0,3869.0,,2985.0,1197.0
2724.0,3225.0,267.0,2804.0,1104.0,1443.0,,770.0,,3541.0,,2277.0,,878.0,2200.0,3367.0,,,2216.0,2803.0,4046.0,3712.0,,1349.0,3891.0
3597.0,562.0,2879.0,3532.0,1155.0,792.0,,729.0,,3465.0,,1440.0,,1553.0,1447.0,2606.0,,,4046.0,412.0,2560.0,2267.0,,3438.0,1622.0
62.0,1806.0,1159.0,872.0,2604.0,3814.0,,1889.0,,3579.0,,2190.0,,1490.0,726.0,1072.0,,,3249.0,1273.0,2403.0,1322.0,,3605.0,426.0
371.0,457.0,1766.0,623.0,1910.0,2974.0,,3674.0,,846.0,,2500.0,,2967.0,2146.0,2535.0,,,856.0,2783.0,3363.0,1386.0,,3065.0,3271.0
3280.0,3682.0,35.0,1729.0,2637.0,948.0,,2050.0,,459.0,,4096.0,,1677.0,1744.0,1477.0,,,1742.0,289.0,2720.0,1471.0,,1137.0,2406.0
2604.0,2432.0,2235.0,819.0,116.0,1031.0,,1910.0,,1949.0,,2272.0,,1543.0,2741.0,3077.0,,,3297.0,549.0,2673.0,4052.0,,1676.0,3077.0
1726.0,307.0,3664.0,790.0,989.0,1335.0,,240.0,,3183.0,,3783.0,,3174.0,2463.0,2077.0,,,943.0,2802.0,2999.0,808.0,,3799.0,523.0
403.0,2836.0,2648.0,2622.0,3703.0,1393.0,,3297.0,,1730.0,,3075.0,,1031.0,2175.0,2113.0,,,510.0,2022.0,2089.0,777.0,,2552.0,2025.0
1852.0,2160.0,1011.0,3263.0,43.0,3803.0,,3530.0,,3519.0,,1140.0,,3107.0,1158.0,2847.0,,,3483.0,3941.0,3940.0,3811.0,,2966.0,63.0
2531.0,1759.0,2450.0,2749.0,2927.0,2246.0,,4058.0,,99.0,,3921.0,,2622.0,3055.0,3144.0,,,2798.0,2615.0,2736.0,1618.0,,3352.0,1056.0
3196.0,365.0,2548.0,853.0,3124.0,645.0,,2636.0,,1165.0,,1073.0,,2572.0,4070.0,1943.0,,,483.0,2950.0,1428.0,3374.0,,2892.0,2984.0
3799.0,2707.0,1043.0,15.0,1897.0,2684.0,,3317.0,,1580.0,,2216.0,,1881.0,3139.0,1869.0,,,3455.0,4071.0,2700.0,939.0,,2347.0,2444.0
2115.0,3910.0,2575.0,3795.0,2834.0,207.0,,1121.0,,2365.0,,2749.0,,1131.0,2630.0,862.0,,,3685.0,180.0,2641.0,1218.0,,2378.0,3791.0
2874.0,922.0,1392.0,3970.0,3941.0,3932.0,,3703.0,,3227.0,,1767.0,,3892.0,2961.0,1886.0,,,2827.0,2947.0,538.0,1660.0,,1504.0,641.0
710.0,456.0,1673.0,432.0,3839.0,2099.0,,2103.0,,2168.0,,1325.0,,646.0,1023.0,3709.0,,,165.0,1062.0,2526.0,1119.0,,18.0,4016.0
594.0,2656.0,1006.0,1996.0,3345.0,2999.0,,2021.0,,906.0,,3706.0,,261.0,92.0,1227.0,,,2251.0,2620.0,718.0,3581.0,,4056.0,2433.0
2695.0,633.0,2331.0,3475.0,3218.0,3519.0,,3509.0,,3694.0,,1939.0,,828.0,3790.0,522.0,,,1951.0,1004.0,742.0,3589.0,,2020.0,2284.0
2048.0,636.0,1596.0,600.0,3938.0,2913.0,,3224.0,,1104.0,,2979.0,,3093.0,4021.0,1423.0,,,81.0,848.0,4002.0,3171.0,,3684.0,510.0
277.0,944.0,2668.0,1669.0,2387.0,2334.0,,962.0,,2229.0,,2155.0,,3364.0,2666.0,1188.0,,,2656.0,1927.0,192.0,3921.0,,2914.0,12.0
1127.0,3609.0,3588.0,36.0,2110.0,1677.0,,947.0,,3023.0,,2686.0,,1292.0,3188.0,3823.0,,,3693.0,1640.0,2769.0,2565.0,,3479.0,3220.0
892.0,2516.0,2868.0,1350.0,1298.0,3631.0,,2654.0,,2746.0,,2228.0,,2985.0,1791.0,3844.0,,,712.0,1260.0,999.0,505.0,,1720.0,4025.0
2144.0,2463.0,1954.0,3715.0,895.0,1758.0,,2053.0,,1854.0,,3213.0,,2345.0,3586.0,1190.0,,,3992.0,3237.0,2846.0,2142.0,,2118.0,1976.0
452.0,2895.0,558.0,3891.0,1479.0,213.0,,4015.0,,3217.0,,1607.0,,34.0,479.0,3171.0,,,89.0,1470.0,927.0,746.0,,1454.0,346.0
272.0,2865.0,1252.0,3117.0,133.0,391.0,,1360.0,,2104.0,,2731.0,,3801.0,551.0,58.0,,,1769.0,123.0,262.0,4101.0,,1986.0,1233.0
2889.0,1468.0,2155.0,524.0,2519.0,228.0,,2634.0,,523.0,,2371.0,,87.0,3984.0,2234.0,,,1739.0,1657.0,2083.0,110.0,,347.0,2402.0
3264.0,1129.0,3692.0,4019.0,1301.0,4017.0,,121.0,,182.0,,3171.0,,3672.0,3757.0,2033.0,,,336.0,522.0,3443.0,1422.0,,905.0,3505.0
1935.0,1849.0,74.0,1712.0,1937.0,1043.0,,245.0,,2972.0,,549.0,,2531.0,9.0,3971.0,,,3728.0,2334.0,2809.0,813.0,,721.0,1611.0
3309.0,2883.0,2637.0,754.0,914.0,2593.0,,1968.0,,1424.0,,3340.0,,492.0,2458.0,1828.0,,,2030.0,2697.0,3965.0,2455.0,,106.0,2934.0
2746.0,1524.0,3941.0,599.0,708.0,2745.0,,611.0,,197.0,,276.0,,2007.0,289.0,3135.0,,,2376.0,122.0,675.0,1929.0,,1982.0,62.0
1610.0,56.0,128.0,3361.0,2997.0,1211.0,,3624.0,,1154.0,,469.0,,2645.0,701.0,1104.0,,,2414.0,2457.0,534.0,1558.0,,2740.0,920.0
3999.0,1220.0,2178.0,3519.0,3600.0,2282.0,,3367.0,,33.0,,176.0,,2180.0,728.0,2119.0,,,3593.0,2288.0,3075.0,3507.0,,3659.0,1738.0
2444.0,3940.0,1672.0,141.0,3803.0,861.0,,60.0,,2439.0,,1732.0,,1284.0,219.0,2621.0,,,2567.0,1589.0,1918.0,1511.0,,4042.0,2712.0
1017.0,3998.0,2113.0,743.0,1565.0,143.0,,2935.0,,1953.0,,2175.0,,340.0,376.0,3979.0,,,1061.0,3188.0,3570.0,1540.0,,3697.0,3451.0
3912.0,1782.0,1042.0,302.0,180.0,1437.0,,496.0,,1538.0,,1605.0,,2986.0,3451.0,3085.0,,,162.0,2113.0,2487.0,38.0,,3706.0,1472.0
1505.0,3165.0,4035.0,3587.0,1624.0,2576.0,,3387.0,,1307.0,,617.0,,1232.0,1269.0,1584.0,,,1078.0,943.0,1961.0,2822.0,,3926.0,400.0
884.0,311.0,1828.0,3848.0,2833.0,3583.0,,1058.0,,1593.0,,271.0,,1251.0,4102.0,243.0,,,1719.0,2836.0,3452.0,2607.0,,2357.0,1364.0
868.0,3447.0,2750.0,3722.0,325.0,2611.0,,3613.0,,101.0,,666.0,,237.0,3269.0,2780.0,,,1211.0,3664.0,2061.0,3902.0,,44.0,390.0
4099.0,3663.0,1752.0,3196.0,3096.0,3429.0,,3031.0,,2983.0,,702.0,,1902.0,3222.0,471.0,,,3867.0,1462.0,2898.0,1998.0,,1975.0,359.0
1468.0,1798.0,728.0,1301.0,2711.0,2685.0,,2350.0,,584.0,,2017.0,,3999.0,3654.0,188.0,,,3202.0,93.0,1164.0,3342.0,,3434.0,835.0
1112.0,2801.0,152.0,2404.0,2310.0,3733.0,,1793.0,,1083.0,,2858.0,,580.0,1238.0,3205.0,,,72.0,26.0,2410.0,339.0,,1487.0,2592.0
3954.0,1444.0,3970.0,3584.0,3332.0,1440.0,,3408.0,,1626.0,,697.0,,2360.0,2780.0,1622.0,,,1067.0,252.0,3098.0,2020.0,,1166.0,2326.0
575.0,3266.0,736.0,944.0,2725.0,1573.0,,236.0,,3255.0,,624.0,,2093.0,3715.0,1306.0,,,2426.0,3715.0,962.0,207.0,,3295.0,3678.0
3540.0,678.0,1583.0,4002.0,861.0,225.0,,4063.0,,2657.0,,1835.0,,736.0,2159.0,4013.0,,,1161.0,1789.0,1543.0,227.0,,2940.0,3624.0
86.0,3662.0,1812.0,234.0,2764.0,3639.0,,943.0,,3507.0,,1461.0,,2017.0,1404.0,449.0,,,557.0,3251.0,3469.0,2228.0,,2123.0,3750.0
3739.0,701.0,3638.0,581.0,3114.0,2727.0,,529.0,,3994.0,,698.0,,657.0,2924.0,264.0,,,1125.0,3959.0,2412.0,2324.0,,3894.0,1794.0
2918.0,834.0,150.0,1119.0,3196.0,4021.0,,641.0,,2569.0,,629.0,,3117.0,2942.0,2074.0,,,963.0,862.0,239.0,3657.0,,3776.0,1213.0
1235.0,1707.0,816.0,1767.0,59.0,1293.0,,1681.0,,259.0,,1426.0,,3791.0,3547.0,2722.0,,,3682.0,1379.0,3748.0,3895.0,,2588.0,711.0
252.0,4085.0,3815.0,1739.0,1304.0,858.0,,1088.0,,984.0,,2849.0,,1679.0,454.0,1560.0,,,1448.0,891.0,2507.0,77.0,,3256.0,2119.0
402.0,3851.0,4027.0,1465.0,1639.0,2278.0,,3145.0,,609.0,,1944.0,,1005.0,1751.0,1504.0,,,1347.0,405.0,823.0,280.0,,2410.0,2963.0
3395.0,472.0,2390.0,2419.0,1909.0,2639.0,,1751.0,,3934.0,,983.0,,3561.0,1933.0,1166.0,,,3300.0,3281.0,3656.0,1120.0,,669.0,2482.0
2480.0,3755.0,2461.0,1690.0,504.0,167.0,,38.0,,22.0,,1913.0,,649.0,126.0,25.0,,,2286.0,3285.0,1880.0,2551.0,,3686.0,1577.0
3906.0,1503.0,1049.0,3287.0,578.0,2735.0,,1101.0,,3462.0,,1241.0,,1651.0,634.0,2829.0,,,1954.0,2876.0,2486.0,2864.0,,77.0,1688.0
2526.0,243.0,3207.0,2360.0,2634.0,770.0,,2789.0,,1985.0,,2718.0,,2337.0,3703.0,451.0,,,1025.0,117.0,3271.0,480.0,,3655.0,3662.0
1803.0,1982.0,2809.0,676.0,3392.0,1159.0,,3475.0,,2697.0,,552.0,,4084.0,2020.0,1939.0,,,3485.0,1523.0,371.0,3706.0,,2925.0,3918.0
541.0,1853.0,1169.0,3681.0,3588.0,2147.0,,3431.0,,1827.0,,4100.0,,3333.0,3759.0,578.0,,,65.0,3671.0,3327.0,334.0,,2127.0,3655.0
3339.0,855.0,3452.0,2977.0,2791.0,3260.0,,1174.0,,3927.0,,34.0,,3975.0,2868.0,2744.0,,,92.0,1861.0,4090.0,1027.0,,1994.0,1594.0
2899.0,1862.0,324.0,1413.0,3729.0,1612.0,,3482.0,,2154.0,,1106.0,,270.0,3894.0,1027.0,,,3359.0,422.0,2421.0,2843.0,,414.0,2713.0
1239.0,1195.0,3931.0,1670.0,392.0,2896.0,,814.0,,2512.0,,201.0,,2829.0,3513.0,3100.0,,,1105.0,1364.0,3892.0,379.0,,877.0,3972.0
919.0,172.0,100.0,3103.0,3376.0,2157.0,,3614.0,,1926.0,,599.0,,1421.0,1267.0,736.0,,,2570.0,1506.0,4096.0,1711.0,,1687.0,513.0
2178.0,2186.0,3924.0,876.0,912.0,1905.0,,1159.0,,1999.0,,453.0,,3096.0,2852.0,1031.0,,,2705.0,1542.0,3302.0,3803.0,,782.0,2764.0
1247.0,908.0,556.0,3201.0,3313.0,3457.0,,2978.0,,2438.0,,1724.0,,2612.0,1133.0,3099.0,,,2071.0,3200.0,344.0,3362.0,,12.0,2988.0
3816.0,3264.0,955.0,1564.0,2715.0,3346.0,,2487.0,,4035.0,,1754.0,,933.0,3500.0,262.0,,,3537.0,3134.0,767.0,1734.0,,1584.0,2432.0
2655.0,1216.0,2566.0,306.0,3316.0,221.0,,668.0,,3791.0,,2214.0,,2295.0,100.0,3535.0,,,1994.0,1319.0,2339.0,2585.0,,2018.0,546.0
2579.0,3756.0,3585.0,558.0,446.0,2080.0,,3381.0,,4060.0,,2644.0,,2252.0,3657.0,3131.0,,,2338.0,2871.0,3580.0,398.0,,2856.0,1033.0
1723.0,1565.0,2694.0,52.0,334.0,420.0,,3398.0,,2968.0,,332.0,,3091.0,2225.0,3030.0,,,1494.0,25.0,1987.0,509.0,,2768.0,4102.0
2837.0,3482.0,1708.0,2380.0,366.0,2346.0,,3795.0,,2093.0,,2227.0,,2455.0,580.0,2742.0,,,1628.0,3302.0,3061.0,2483.0,,166.0,1283.0
1278.0,526.0,3564.0,1191.0,3751.0,4075.0,,2186.0,,1577.0,,2947.0,,1212.0,2099.0,3532.0,,,2959.0,2337.0,3558.0,1501.0,,2701.0,335.0
953.0,1899.0,1681.0,3300.0,1393.0,383.0,,2124.0,,18.0,,3605.0,,2214.0,3886.0,2144.0,,,1914.0,1846.0,921.0,3907.0,,2300.0,2055.0
2676.0,923.0,3928.0,3981.0,3518.0,2920.0,,2683.0,,3363.0,,3249.0,,3592.0,2849.0,2189.0,,,315.0,1933.0,409.0,1885.0,,3100.0,1459.0
2005.0,3899.0,1790.0,3182.0,1527.0,2389.0,,436.0,,262.0,,1938.0,,1276.0,2776.0,2150.0,,,2754.0,3479.0,1889.0,615.0,,3044.0,693.0
4059.0,1689.0,303.0,354.0,921.0,2610.0,,877.0,,3136.0,,847.0,,1544.0,2461.0,1278.0,,,1258.0,298.0,3577.0,3444.0,,305.0,1863.0
990.0,1963.0,3538.0,2172.0,1045.0,3885.0,,200.0,,2024.0,,2425.0,,396.0,446.0,2518.0,,,1594.0,2709.0,1363.0,2496.0,,,2953.0
450.0,3629.0,3898.0,670.0,2717.0,1832.0,,2515.0,,3783.0,,304.0,,1674.0,2176.0,1794.0,,,3110.0,690.0,835.0,760.0,,,1276.0
2646.0,290.0,323.0,343.0,41.0,297.0,,211.0,,2475.0,,1726.0,,42.0,964.0,3986.0,,,3847.0,1447.0,3157.0,9.0,,,4066.0
507.0,150.0,1780.0,1683.0,2395.0,3517.0,,2677.0,,2048.0,,1295.0,,2521.0,3582.0,2810.0,,,2038.0,931.0,1257.0,3230.0,,,798.0
2358.0,1497.0,1697.0,1777.0,2968.0,502.0,,2478.0,,4043.0,,3984.0,,487.0,3473.0,972.0,,,1320.0,2524.0,3789.0,582.0,,,1333.0
504.0,3422.0,1376.0,3512.0,1720.0,630.0,,276.0,,2870.0,,2575.0,,641.0,3803.0,2792.0,,,122.0,1819.0,1044.0,1246.0,,,2292.0
3905.0,567.0,295.0,503.0,2580.0,3794.0,,2970.0,,3378.0,,1686.0,,2276.0,2864.0,2374.0,,,399.0,827.0,255.0,1636.0,,,815.0
3818.0,3649.0,4016.0,130.0,239.0,683.0,,1399.0,,380.0,,3845.0,,2764.0,1576.0,3476.0,,,2123.0,3153.0,3510.0,1242.0,,,3732.0
3004.0,827.0,1617.0,333.0,3017.0,1609.0,,2952.0,,1801.0,,3558.0,,860.0,541.0,3818.0,,,3656.0,2727.0,1485.0,92.0,,,2812.0
665.0,1055.0,1360.0,1264.0,1512.0,3930.0,,3233.0,,3437.0,,1581.0,,484.0,2417.0,3802.0,,,1788.0,3335.0,2205.0,3852.0,,,1862.0
3151.0,3994.0,429.0,2160.0,1337.0,2012.0,,3505.0,,3306.0,,2600.0,,295.0,211.0,2324.0,,,3941.0,1782.0,2396.0,2375.0,,,3699.0
1882.0,3614.0,3196.0,1610.0,3697.0,3667.0,,290.0,,2210.0,,3432.0,,1853.0,2738.0,3900.0,,,3781.0,1050.0,3401.0,2505.0,,,1920.0
3384.0,1780.0,2666.0,2688.0,2362.0,3173.0,,427.0,,618.0,,221.0,,2982.0,1383.0,801.0,,,1974.0,692.0,331.0,1896.0,,,4009.0
2201.0,907.0,3180.0,1091.0,607.0,3481.0,,2580.0,,742.0,,3918.0,,2510.0,2194.0,3075.0,,,343.0,1489.0,389.0,2943.0,,,3359.0
739.0,1744.0,2164.0,3337.0,3519.0,1800.0,,1809.0,,1989.0,,2343.0,,3916.0,2293.0,33.0,,,890.0,1574.0,3015.0,641.0,,,3985.0
2170.0,281.0,645.0,2256.0,42.0,3074.0,,3167.0,,803.0,,2839.0,,972.0,1980.0,3560.0,,,2781.0,291.0,1651.0,1694.0,,,600.0
2905.0,2743.0,1571.0,53.0,2672.0,314.0,,2517.0,,3051.0,,3121.0,,1498.0,148.0,1671.0,,,2861.0,47.0,1772.0,1852.0,,,2324.0
4055.0,2683.0,1705.0,2082.0,1334.0,1961.0,,2584.0,,1639.0,,913.0,,4049.0,4065.0,181.0,,,261.0,3540.0,2039.0,3011.0,,,2083.0
1750.0,3813.0,2874.0,3998.0,2649.0,2660.0,,3019.0,,1689.0,,2421.0,,1947.0,3376.0,2173.0,,,610.0,2533.0,247.0,2644.0,,,3413.0
3358.0,2167.0,677.0,1414.0,1689.0,752.0,,357.0,,401.0,,155.0,,2383.0,883.0,1034.0,,,524.0,3889.0,3287.0,2728.0,,,878.0
486.0,3556.0,4049.0,2108.0,812.0,417.0,,3815.0,,1163.0,,3919.0,,965.0,3004.0,2875.0,,,1322.0,3893.0,3618.0,2999.0,,,548.0
4089.0,2231.0,1707.0,1748.0,4058.0,2762.0,,2770.0,,1957.0,,3709.0,,1155.0,739.0,3864.0,,,1407.0,1579.0,2087.0,228.0,,,2730.0
3399.0,123.0,3216.0,244.0,977.0,2857.0,,3817.0,,3189.0,,2851.0,,2803.0,1729.0,3962.0,,,2111.0,509.0,4044.0,3566.0,,,2461.0
40.0,4009.0,313.0,1336.0,1076.0,2172.0,,1816.0,,3587.0,,3138.0,,2851.0,3646.0,3621.0,,,1555.0,1232.0,1167.0,2334.0,,,191.0
1436.0,3095.0,38.0,943.0,3003.0,559.0,,2527.0,,1974.0,,284.0,,3257.0,147.0,477.0,,,987.0,3417.0,2228.0,2948.0,,,2266.0
2200.0,1788.0,2062.0,2694.0,2078.0,1721.0,,887.0,,1921.0,,2203.0,,3611.0,2087.0,3044.0,,,3802.0,878.0,1299.0,3681.0,,,3588.0
2016.0,3231.0,4076.0,1661.0,1029.0,2143.0,,253.0,,3259.0,,3818.0,,2528.0,2351.0,2332.0,,,2249.0,2187.0,2411.0,3978.0,,,823.0
3353.0,136.0,1948.0,2571.0,2780.0,1550.0,,1453.0,,3172.0,,2004.0,,1613.0,1329.0,903.0,,,846.0,3270.0,223.0,3547.0,,,3714.0
3559.0,514.0,1062.0,1505.0,3987.0,2185.0,,576.0,,740.0,,468.0,,2177.0,3058.0,142.0,,,563.0,2942.0,2590.0,1600.0,,,97.0
680.0,861.0,538.0,2523.0,1520.0,2483.0,,3747.0,,1942.0,,2786.0,,2842.0,3608.0,3167.0,,,20.0,1322.0,399.0,646.0,,,1815.0
1840.0,4041.0,1610.0,3067.0,2088.0,981.0,,883.0,,1811.0,,3219.0,,3460.0,1932.0,,,,2711.0,62.0,1413.0,1414.0,,,795.0
3080.0,2217.0,1640.0,2566.0,3571.0,1112.0,,696.0,,1765.0,,3457.0,,2490.0,3445.0,,,,3663.0,568.0,3941.0,3216.0,,,399.0
1275.0,2037.0,3217.0,3273.0,2492.0,1157.0,,167.0,,1894.0,,3013.0,,2852.0,875.0,,,,2490.0,191.0,1035.0,632.0,,,3297.0
196.0,1145.0,1942.0,3085.0,182.0,3754.0,,2967.0,,2554.0,,985.0,,3742.0,3316.0,,,,4014.0,586.0,681.0,3698.0,,,1917.0
1400.0,2082.0,1496.0,3265.0,3414.0,530.0,,2272.0,,3798.0,,2021.0,,60.0,52.0,,,,3089.0,1840.0,2431.0,875.0,,,1901.0
985.0,2261.0,1063.0,2627.0,768.0,3336.0,,2447.0,,3070.0,,2319.0,,389.0,3689.0,,,,1072.0,147.0,3306.0,3310.0,,,597.0
2307.0,1008.0,3021.0,163.0,386.0,1784.0,,3220.0,,2477.0,,2934.0,,3306.0,3899.0,,,,2893.0,139.0,2557.0,1036.0,,,1852.0
1968.0,1506.0,2107.0,162.0,1449.0,2998.0,,3557.0,,2521.0,,4035.0,,897.0,1948.0,,,,4012.0,1666.0,503.0,902.0,,,1376.0
234.0,242.0,771.0,1973.0,2177.0,2190.0,,3798.0,,3456.0,,579.0,,2919.0,3224.0,,,,2002.0,686.0,2327.0,1779.0,,,3619.0
15.0,1877.0,566.0,172.0,1173.0,4027.0,,1144.0,,653.0,,3758.0,,2863.0,177.0,,,,3338.0,2597.0,3248.0,956.0,,,3742.0
517.0,1626.0,3367.0,1088.0,733.0,3120.0,,3118.0,,2037.0,,638.0,,1145.0,2026.0,,,,4029.0,3652.0,1096.0,815.0,,,1034.0
1140.0,1900.0,3112.0,1250.0,1041.0,381.0,,2791.0,,2838.0,,1407.0,,1673.0,1754.0,,,,2208.0,2081.0,1033.0,559.0,,,1467.0
2612.0,3917.0,1603.0,2548.0,878.0,3509.0,,1026.0,,3713.0,,3486.0,,411.0,4074.0,,,,1425.0,1870.0,782.0,2651.0,,,3456.0
855.0,3476.0,104.0,2992.0,4091.0,3842.0,,2540.0,,2875.0,,1896.0,,438.0,1844.0,,,,1692.0,3760.0,1518.0,1357.0,,,3551.0
970.0,1805.0,618.0,2678.0,2422.0,991.0,,2651.0,,2394.0,,1625.0,,1680.0,3831.0,,,,1156.0,843.0,3942.0,4027.0,,,3774.0
2313.0,3191.0,709.0,1502.0,1804.0,3187.0,,2928.0,,1622.0,,2443.0,,2020.0,3865.0,,,,2935.0,1899.0,2391.0,3297.0,,,503.0
1647.0,3546.0,3051.0,2537.0,880.0,1258.0,,1694.0,,3669.0,,987.0,,3911.0,2.0,,,,1559.0,1474.0,2015.0,3211.0,,,2200.0
3500.0,723.0,1383.0,3596.0,280.0,1963.0,,924.0,,1357.0,,2193.0,,1463.0,95.0,,,,1457.0,1191.0,2819.0,1065.0,,,208.0
2774.0,3510.0,1764.0,426.0,44.0,1910.0,,1411.0,,3601.0,,3408.0,,3713.0,1731.0,,,,3951.0,4074.0,2012.0,1355.0,,,1695.0
3235.0,2584.0,1455.0,3250.0,4090.0,1037.0,,2302.0,,3912.0,,2560.0,,2880.0,1606.0,,,,2345.0,904.0,839.0,1178.0,,,2346.0
3615.0,2467.0,3077.0,2428.0,455.0,2152.0,,3261.0,,2966.0,,2283.0,,3556.0,816.0,,,,3135.0,797.0,3599.0,1335.0,,,3078.0
1922.0,2504.0,2276.0,761.0,3972.0,1917.0,,1187.0,,2807.0,,1744.0,,4093.0,56.0,,,,948.0,3244.0,1526.0,2942.0,,,2755.0
3556.0,1934.0,2489.0,160.0,2328.0,2756.0,,1783.0,,2713.0,,2211.0,,1470.0,3941.0,,,,2439.0,2270.0,3541.0,3349.0,,,2981.0
3089.0,1298.0,589.0,1171.0,3721.0,4018.0,,2286.0,,4078.0,,2477.0,,339.0,3974.0,,,,3399.0,379.0,1717.0,761.0,,,3427.0
2721.0,3464.0,454.0,311.0,1771.0,188.0,,1075.0,,3585.0,,572.0,,3609.0,124.0,,,,1158.0,1149.0,3849.0,1614.0,,,2861.0
193.0,605.0,1839.0,858.0,224.0,3252.0,,2022.0,,3825.0,,3285.0,,2059.0,649.0,,,,3812.0,1681.0,195.0,2794.0,,,2779.0
3466.0,412.0,3891.0,3691.0,4063.0,2339.0,,85.0,,1199.0,,394.0,,3488.0,2305.0,,,,1604.0,1266.0,304.0,3313.0,,,2561.0
1673.0,612.0,354.0,276.0,1900.0,3951.0,,3931.0,,3328.0,,3816.0,,2135.0,2161.0,,,,1963.0,1587.0,200.0,2937.0,,,293.0
3430.0,2106.0,1269.0,2317.0,120.0,3280.0,,1707.0,,1598.0,,2948.0,,2052.0,3370.0,,,,2259.0,874.0,130.0,2598.0,,,1244.0
3144.0,2343.0,2038.0,1854.0,892.0,3439.0,,1216.0,,1660.0,,2104.0,,1624.0,1196.0,,,,3689.0,961.0,2178.0,811.0,,,701.0
2961.0,3116.0,1754.0,2451.0,3905.0,1102.0,,2961.0,,1906.0,,2394.0,,1481.0,3119.0,,,,2886.0,3949.0,4036.0,2284.0,,,2670.0
1287.0,1944.0,2189.0,2551.0,2108.0,129.0,,3857.0,,2866.0,,1312.0,,1564.0,544.0,,,,3943.0,1625.0,1202.0,1174.0,,,1232.0
2515.0,3911.0,1387.0,2476.0,2918.0,3542.0,,551.0,,1337.0,,3300.0,,2607.0,2610.0,,,,1841.0,2269.0,914.0,2277.0,,,1572.0
2678.0,2621.0,2456.0,2118.0,758.0,4078.0,,224.0,,1200.0,,308.0,,4034.0,2508.0,,,,274.0,3584.0,3147.0,2394.0,,,3770.0
2286.0,2561.0,579.0,3876.0,899.0,463.0,,98.0,,2459.0,,2307.0,,2972.0,2188.0,,,,86.0,3010.0,603.0,3078.0,,,431.0
3722.0,2951.0,3811.0,3089.0,2584.0,3464.0,,51.0,,1322.0,,2294.0,,2478.0,2883.0,,,,1292.0,654.0,4060.0,628.0,,,3920.0
1981.0,2433.0,2316.0,3189.0,140.0,2655.0,,2593.0,,1819.0,,1775.0,,914.0,2002.0,,,,3258.0,1600.0,1823.0,2771.0,,,3062.0
43.0,2889.0,1167.0,3988.0,2226.0,862.0,,915.0,,1027.0,,3781.0,,3982.0,1311.0,,,,2596.0,1327.0,2294.0,208.0,,,675.0
291.0,2758.0,1208.0,122.0,3.0,1661.0,,3086.0,,3742.0,,4084.0,,2730.0,1810.0,,,,3955.0,3720.0,437.0,459.0,,,2030.0
3729.0,3607.0,3952.0,246.0,720.0,1773.0,,3643.0,,2400.0,,2293.0,,3141.0,1538.0,,,,3480.0,2626.0,3992.0,1962.0,,,2985.0
1562.0,4069.0,1479.0,2455.0,1668.0,3419.0,,652.0,,1319.0,,3767.0,,2618.0,866.0,,,,2908.0,2742.0,611.0,99.0,,,1620.0
2752.0,3637.0,1909.0,1177.0,1150.0,3273.0,,2768.0,,600.0,,239.0,,247.0,2572.0,,,,1539.0,683.0,1636.0,3684.0,,,2624.0
3109.0,3049.0,2351.0,1287.0,573.0,2557.0,,818.0,,2740.0,,971.0,,217.0,1213.0,,,,3742.0,3578.0,3939.0,2532.0,,,3222.0
1615.0,2618.0,2295.0,2187.0,2326.0,3151.0,,2351.0,,1733.0,,1218.0,,227.0,4035.0,,,,3435.0,3687.0,1038.0,1312.0,,,2964.0
2713.0,1583.0,2418.0,1846.0,1756.0,3127.0,,1281.0,,2106.0,,3167.0,,2780.0,3813.0,,,,1190.0,1820.0,3897.0,2204.0,,,847.0
2011.0,2759.0,56.0,2464.0,2599.0,2946.0,,661.0,,647.0,,2943.0,,643.0,2786.0,,,,542.0,1267.0,2727.0,1695.0,,,2412.0
1018.0,3042.0,758.0,2717.0,2202.0,514.0,,2202.0,,2092.0,,3459.0,,1586.0,3298.0,,,,348.0,1367.0,1340.0,795.0,,,601.0
4065.0,286.0,981.0,194.0,799.0,1932.0,,1313.0,,2487.0,,147.0,,2472.0,1056.0,,,,2276.0,154.0,1379.0,2643.0,,,2280.0
3334.0,1653.0,2820.0,2673.0,3138.0,3630.0,,2614.0,,1761.0,,1981.0,,2659.0,1619.0,,,,3680.0,4095.0,3385.0,3786.0,,,3290.0
2594.0,3777.0,1166.0,531.0,4075.0,1965.0,,1483.0,,3794.0,,780.0,,2210.0,2055.0,,,,1964.0,3802.0,1736.0,3551.0,,,2891.0
1734.0,3279.0,3971.0,2312.0,3793.0,1727.0,,2192.0,,1883.0,,3545.0,,1790.0,3099.0,,,,2528.0,338.0,2352.0,2187.0,,,1660.0
145.0,1598.0,1874.0,3415.0,3336.0,135.0,,761.0,,3741.0,,2188.0,,538.0,2832.0,,,,2493.0,3293.0,1365.0,1489.0,,,2384.0
2561.0,1140.0,1080.0,391.0,176.0,2084.0,,3501.0,,3728.0,,248.0,,3468.0,1241.0,,,,2144.0,1268.0,2485.0,2679.0,,,1043.0
1163.0,1076.0,2085.0,4039.0,225.0,576.0,,392.0,,517.0,,471.0,,2229.0,2375.0,,,,4057.0,2816.0,3411.0,1709.0,,,870.0
3587.0,280.0,404.0,780.0,3239.0,1229.0,,2590.0,,753.0,,1427.0,,1228.0,2965.0,,,,3744.0,1570.0,3714.0,2587.0,,,1456.0
2250.0,3931.0,3065.0,847.0,486.0,665.0,,3454.0,,2899.0,,2127.0,,442.0,3750.0,,,,1501.0,2483.0,920.0,1133.0,,,2584.0
2370.0,3950.0,25.0,3597.0,149.0,1349.0,,1574.0,,1931.0,,62.0,,384.0,2390.0,,,,873.0,682.0,3901.0,4000.0,,,297.0
1197.0,2136.0,488.0,3251.0,1005.0,1478.0,,1652.0,,3931.0,,2337.0,,1708.0,35.0,,,,2626.0,3978.0,524.0,3659.0,,,1830.0
3986.0,542.0,543.0,1651.0,1685.0,2129.0,,156.0,,1068.0,,2285.0,,787.0,3421.0,,,,1020.0,1399.0,1205.0,999.0,,,3614.0
3744.0,4019.0,1384.0,3378.0,324.0,1544.0,,2526.0,,849.0,,267.0,,93.0,1112.0,,,,1568.0,1719.0,3632.0,3770.0,,,226.0
222.0,3168.0,2993.0,1869.0,1677.0,1452.0,,1919.0,,2334.0,,789.0,,1594.0,1960.0,,,,1082.0,2598.0,1056.0,3316.0,,,3387.0
641.0,3383.0,3649.0,2364.0,531.0,2180.0,,1544.0,,1398.0,,578.0,,107.0,3401.0,,,,14.0,2447.0,3419.0,1722.0,,,1416.0
3039.0,940.0,3847.0,1866.0,219.0,3478.0,,2324.0,,3242.0,,1496.0,,2941.0,2467.0,,,,257.0,1485.0,3054.0,767.0,,,788.0
751.0,3676.0,1137.0,2226.0,80.0,1498.0,,2312.0,,2050.0,,1659.0,,694.0,2743.0,,,,2927.0,2092.0,2924.0,2732.0,,,461.0
2803.0,2606.0,2892.0,3766.0,348.0,2740.0,,3341.0,,684.0,,1313.0,,3631.0,3540.0,,,,1593.0,991.0,1327.0,1214.0,,,1454.0
929.0,302.0,310.0,2961.0,3647.0,1397.0,,971.0,,1812.0,,1743.0,,3143.0,200.0,,,,3519.0,1414.0,1694.0,2416.0,,,2600.0
3650.0,3435.0,1991.0,3456.0,2035.0,3940.0,,687.0,,346.0,,2122.0,,3642.0,667.0,,,,1073.0,611.0,3770.0,1099.0,,,930.0
1100.0,3794.0,2040.0,3952.0,3318.0,2799.0,,3599.0,,2081.0,,2406.0,,1118.0,1778.0,,,,2261.0,3268.0,880.0,3019.0,,,2872.0
601.0,131.0,1466.0,2996.0,3874.0,3152.0,,1685.0,,3574.0,,3198.0,,1862.0,1445.0,,,,2775.0,2665.0,730.0,978.0,,,838.0
1227.0,2507.0,855.0,3798.0,2115.0,1281.0,,3655.0,,884.0,,2411.0,,1878.0,1488.0,,,,2742.0,1664.0,322.0,1168.0,,,3965.0
1068.0,1975.0,3242.0,2277.0,3728.0,154.0,,3511.0,,1870.0,,2259.0,,1399.0,1233.0,,,,2516.0,831.0,977.0,1994.0,,,387.0
2100.0,828.0,695.0,47.0,936.0,1817.0,,1410.0,,538.0,,2325.0,,1979.0,3162.0,,,,3730.0,2835.0,491.0,727.0,,,2857.0
543.0,3143.0,3556.0,3204.0,634.0,3291.0,,268.0,,1685.0,,1951.0,,328.0,521.0,,,,3878.0,2948.0,2471.0,3866.0,,,1504.0
3473.0,181.0,967.0,3761.0,840.0,1780.0,,1035.0,,818.0,,718.0,,1944.0,2241.0,,,,3822.0,2914.0,1116.0,143.0,,,1425.0
1863.0,3290.0,2464.0,1211.0,1366.0,673.0,,2427.0,,725.0,,2787.0,,3193.0,1016.0,,,,2499.0,1131.0,3391.0,3134.0,,,3227.0
251.0,2721.0,1224.0,1068.0,585.0,3384.0,,3823.0,,2492.0,,2237.0,,1242.0,3380.0,,,,3999.0,4022.0,2291.0,4068.0,,,471.0
1200.0,1761.0,1218.0,2098.0,1030.0,1075.0,,2597.0,,952.0,,3549.0,,3459.0,1967.0,,,,986.0,78.0,1822.0,212.0,,,1949.0
597.0,1388.0,2558.0,2418.0,2520.0,3020.0,,3835.0,,2636.0,,71.0,,2762.0,3843.0,,,,3615.0,2614.0,3028.0,536.0,,,674.0
2163.0,3147.0,1319.0,687.0,2258.0,2943.0,,2429.0,,3933.0,,3978.0,,953.0,622.0,,,,2118.0,2521.0,748.0,3784.0,,,2540.0
1138.0,1643.0,678.0,1308.0,3671.0,332.0,,3836.0,,112.0,,2598.0,,2580.0,192.0,,,,740.0,3712.0,3876.0,2617.0,,,2845.0
1604.0,985.0,1527.0,1071.0,3848.0,893.0,,1371.0,,2855.0,,1179.0,,51.0,591.0,,,,3588.0,2522.0,3084.0,2330.0,,,1287.0
2257.0,1245.0,1963.0,3802.0,3573.0,3093.0,,3391.0,,4033.0,,539.0,,3268.0,1464.0,,,,3911.0,229.0,670.0,995.0,,,1544.0
1418.0,2075.0,1055.0,1159.0,2955.0,389.0,,257.0,,1871.0,,3806.0,,3758.0,3317.0,,,,2949.0,739.0,3013.0,440.0,,,1460.0
2590.0,703.0,3124.0,3575.0,820.0,1240.0,,3993.0,,919.0,,2420.0,,1597.0,3632.0,,,,2661.0,3064.0,1277.0,918.0,,,1883.0
3111.0,661.0,1690.0,1861.0,2096.0,1069.0,,229.0,,1704.0,,433.0,,9.0,2949.0,,,,1378.0,3595.0,1439.0,2211.0,,,1502.0
3574.0,997.0,1533.0,3069.0,2739.0,1955.0,,1769.0,,2856.0,,1404.0,,513.0,3794.0,,,,1597.0,2079.0,2785.0,318.0,,,2603.0
218.0,800.0,2336.0,1590.0,403.0,909.0,,1673.0,,1620.0,,4065.0,,725.0,3043.0,,,,1391.0,1754.0,2272.0,3812.0,,,3882.0
211.0,2894.0,474.0,2771.0,3220.0,76.0,,3717.0,,963.0,,787.0,,1742.0,1313.0,,,,241.0,3314.0,2869.0,377.0,,,1217.0
3609.0,2673.0,1375.0,738.0,3014.0,3350.0,,3206.0,,617.0,,91.0,,2168.0,1444.0,,,,434.0,2251.0,2681.0,1850.0,,,1524.0
1997.0,1596.0,530.0,2914.0,69.0,3022.0,,3279.0,,1296.0,,1497.0,,1051.0,3660.0,,,,2701.0,898.0,2011.0,1973.0,,,3654.0
1573.0,1622.0,2002.0,1778.0,1482.0,2018.0,,646.0,,1022.0,,1024.0,,1857.0,3734.0,,,,1334.0,490.0,2764.0,2910.0,,,2667.0
0.0,1672.0,3540.0,2858.0,2448.0,3294.0,,487.0,,1945.0,,3494.0,,2250.0,3232.0,,,,855.0,2791.0,2554.0,3089.0,,,984.0
731.0,356.0,2123.0,2638.0,858.0,2993.0,,3864.0,,3473.0,,1792.0,,2325.0,65.0,,,,1368.0,1855.0,655.0,2605.0,,,2594.0
288.0,2931.0,2024.0,1731.0,1072.0,2212.0,,3609.0,,2162.0,,2826.0,,2368.0,2551.0,,,,492.0,1821.0,2750.0,2906.0,,,2613.0
108.0,3351.0,3309.0,3066.0,2939.0,1098.0,,2854.0,,264.0,,2603.0,,3535.0,1299.0,,,,3175.0,234.0,2455.0,1392.0,,,2213.0
1885.0,3575.0,1460.0,2251.0,3426.0,1529.0,,3320.0,,1529.0,,3766.0,,3737.0,1879.0,,,,3723.0,2959.0,3883.0,3118.0,,,1196.0
1384.0,3566.0,1083.0,90.0,1201.0,536.0,,4074.0,,3503.0,,1338.0,,255.0,1450.0,,,,1152.0,1094.0,2977.0,1306.0,,,2139.0
404.0,2565.0,1144.0,3787.0,3695.0,3956.0,,4048.0,,1129.0,,3174.0,,114.0,534.0,,,,1969.0,311.0,3222.0,527.0,,,3252.0
3332.0,439.0,2584.0,1702.0,2041.0,1639.0,,1868.0,,133.0,,3886.0,,684.0,2816.0,,,,372.0,1390.0,727.0,2201.0,,,2671.0
3709.0,912.0,1578.0,2568.0,1196.0,3102.0,,3690.0,,2032.0,,3244.0,,3408.0,3245.0,,,,4088.0,1585.0,3328.0,1324.0,,,1079.0
153.0,1614.0,37.0,2686.0,3553.0,2642.0,,1446.0,,261.0,,2143.0,,3244.0,1989.0,,,,3581.0,3728.0,3861.0,3069.0,,,2673.0
3129.0,1620.0,1689.0,900.0,1862.0,551.0,,1561.0,,2923.0,,683.0,,3103.0,526.0,,,,2226.0,1744.0,1312.0,2436.0,,,3625.0
1529.0,2549.0,2008.0,2169.0,3422.0,1906.0,,2239.0,,3958.0,,3933.0,,1053.0,1340.0,,,,351.0,2428.0,4008.0,1467.0,,,3144.0
4004.0,2055.0,1092.0,3210.0,3939.0,3823.0,,418.0,,728.0,,801.0,,11.0,561.0,,,,2254.0,2804.0,3917.0,2069.0,,,2794.0
3516.0,1085.0,330.0,3113.0,1372.0,3665.0,,703.0,,50.0,,1058.0,,3510.0,1530.0,,,,1440.0,546.0,1150.0,2509.0,,,2476.0
3884.0,1638.0,3470.0,1847.0,177.0,4015.0,,3327.0,,2491.0,,3259.0,,805.0,417.0,,,,3659.0,2462.0,3984.0,1756.0,,,3635.0
2948.0,1897.0,3488.0,2398.0,3490.0,340.0,,2117.0,,1011.0,,1500.0,,336.0,1589.0,,,,785.0,3851.0,1153.0,2315.0,,,1680.0
1346.0,349.0,3477.0,2806.0,923.0,585.0,,2081.0,,1447.0,,1368.0,,3721.0,1825.0,,,,3205.0,3997.0,998.0,3540.0,,,1122.0
2911.0,2774.0,2938.0,1790.0,3396.0,2274.0,,878.0,,1456.0,,2459.0,,3686.0,111.0,,,,1284.0,4061.0,827.0,3217.0,,,3548.0
176.0,2671.0,2050.0,2482.0,490.0,1217.0,,2692.0,,3058.0,,4064.0,,1439.0,1039.0,,,,1275.0,436.0,1000.0,1293.0,,,668.0
1831.0,1803.0,2775.0,3179.0,3142.0,3891.0,,812.0,,1899.0,,3109.0,,3703.0,2396.0,,,,324.0,2837.0,1758.0,3062.0,,,2936.0
3712.0,1955.0,3294.0,2397.0,1082.0,3594.0,,359.0,,574.0,,972.0,,1931.0,2673.0,,,,641.0,3193.0,3979.0,2574.0,,,3067.0
2799.0,708.0,495.0,3713.0,3064.0,564.0,,2246.0,,3886.0,,2250.0,,288.0,3148.0,,,,1875.0,3308.0,3043.0,390.0,,,3808.0
1794.0,3059.0,129.0,3696.0,1745.0,2827.0,,3793.0,,198.0,,685.0,,2392.0,3606.0,,,,3018.0,2781.0,298.0,639.0,,,3593.0
1592.0,175.0,464.0,2882.0,2708.0,1684.0,,4005.0,,178.0,,3247.0,,1542.0,1654.0,,,,878.0,3699.0,614.0,2831.0,,,2125.0
2927.0,246.0,2857.0,851.0,1619.0,2816.0,,825.0,,2369.0,,2776.0,,2761.0,843.0,,,,1130.0,2702.0,3291.0,3858.0,,,1385.0
1506.0,1459.0,958.0,1587.0,466.0,1467.0,,1388.0,,3821.0,,515.0,,489.0,3814.0,,,,3820.0,2098.0,198.0,449.0,,,2930.0
3534.0,4007.0,1558.0,1315.0,2686.0,2017.0,,3369.0,,3502.0,,2564.0,,883.0,613.0,,,,4000.0,3187.0,930.0,2258.0,,,2803.0
2869.0,3577.0,2509.0,60.0,2013.0,34.0,,2138.0,,1062.0,,3797.0,,3659.0,3276.0,,,,3932.0,3465.0,111.0,482.0,,,376.0
3546.0,3757.0,1906.0,484.0,1864.0,1312.0,,216.0,,2611.0,,3691.0,,3640.0,813.0,,,,751.0,1837.0,2003.0,579.0,,,2357.0
3508.0,3620.0,3110.0,51.0,1875.0,477.0,,896.0,,4073.0,,2030.0,,3108.0,894.0,,,,3761.0,2979.0,2430.0,3707.0,,,1677.0
2890.0,1367.0,2552.0,441.0,3448.0,3469.0,,3209.0,,1232.0,,1203.0,,1911.0,1593.0,,,,1321.0,1783.0,3547.0,2222.0,,,1298.0
3237.0,3810.0,2838.0,2889.0,3260.0,2962.0,,3027.0,,3185.0,,2012.0,,1971.0,3528.0,,,,3993.0,2885.0,661.0,3846.0,,,1630.0
2188.0,3887.0,485.0,773.0,3383.0,3520.0,,1931.0,,83.0,,737.0,,3943.0,1706.0,,,,675.0,157.0,3769.0,62.0,,,161.0
1687.0,1349.0,3925.0,102.0,3537.0,3215.0,,1531.0,,556.0,,1585.0,,854.0,1254.0,,,,1106.0,860.0,2677.0,1413.0,,,733.0
3302.0,2048.0,2774.0,2284.0,3994.0,1292.0,,919.0,,2392.0,,2265.0,,136.0,1602.0,,,,2988.0,1827.0,2322.0,1088.0,,,2520.0
3240.0,2531.0,444.0,2790.0,2642.0,1456.0,,2657.0,,1156.0,,2252.0,,3598.0,1355.0,,,,1726.0,3981.0,2334.0,2398.0,,,4084.0
2848.0,3051.0,800.0,3218.0,1819.0,82.0,,180.0,,3224.0,,1604.0,,2000.0,981.0,,,,3004.0,1308.0,2744.0,1070.0,,,1982.0
215.0,3370.0,292.0,750.0,2095.0,1073.0,,581.0,,2815.0,,1748.0,,3632.0,780.0,,,,1830.0,3545.0,180.0,1867.0,,,1928.0
4054.0,779.0,3471.0,2547.0,3425.0,628.0,,2650.0,,628.0,,194.0,,2639.0,2793.0,,,,1010.0,1499.0,2253.0,4082.0,,,2924.0
217.0,1917.0,954.0,3177.0,1500.0,1969.0,,2892.0,,2317.0,,1413.0,,602.0,2554.0,,,,3183.0,212.0,2420.0,3107.0,,,972.0
1011.0,352.0,2092.0,323.0,3301.0,148.0,,785.0,,3560.0,,1477.0,,3358.0,1982.0,,,,2316.0,3348.0,2249.0,2143.0,,,3631.0
2173.0,502.0,1477.0,3272.0,3117.0,1291.0,,480.0,,2461.0,,2576.0,,645.0,1.0,,,,345.0,3839.0,3319.0,3623.0,,,2575.0
3234.0,2491.0,4005.0,1534.0,3423.0,142.0,,1332.0,,3330.0,,488.0,,3369.0,3361.0,,,,719.0,3040.0,533.0,1595.0,,,3597.0
3487.0,1340.0,680.0,1924.0,565.0,527.0,,3090.0,,1508.0,,3328.0,,4014.0,2139.0,,,,3661.0,653.0,3587.0,486.0,,,858.0
1457.0,2476.0,2583.0,2229.0,2289.0,2979.0,,3198.0,,866.0,,708.0,,3526.0,2230.0,,,,27.0,3487.0,1572.0,3245.0,,,3688.0
3197.0,1305.0,1983.0,3523.0,471.0,3185.0,,1572.0,,28.0,,1180.0,,329.0,2202.0,,,,3787.0,1045.0,2026.0,1702.0,,,2862.0
3716.0,830.0,12.0,3747.0,1031.0,181.0,,4080.0,,310.0,,2637.0,,2682.0,904.0,,,,2584.0,3738.0,856.0,2494.0,,,3369.0
1703.0,2885.0,180.0,2488.0,51.0,2416.0,,3363.0,,3972.0,,582.0,,3901.0,1506.0,,,,380.0,817.0,604.0,3926.0,,,2919.0
352.0,3913.0,2108.0,1273.0,3850.0,1070.0,,3966.0,,1195.0,,122.0,,1805.0,3178.0,,,,1006.0,1983.0,1725.0,766.0,,,1239.0
2199.0,836.0,1986.0,4100.0,1617.0,2098.0,,3251.0,,2053.0,,2464.0,,37.0,1366.0,,,,1265.0,3890.0,469.0,3977.0,,,636.0
3388.0,1272.0,2396.0,907.0,2392.0,2892.0,,3048.0,,3032.0,,1430.0,,958.0,447.0,,,,604.0,1429.0,852.0,3928.0,,,568.0
63.0,1907.0,2988.0,2112.0,1789.0,2952.0,,861.0,,1134.0,,1324.0,,2002.0,2804.0,,,,422.0,430.0,1706.0,3954.0,,,2741.0
1424.0,3599.0,2705.0,2237.0,3619.0,121.0,,3535.0,,1185.0,,3461.0,,2944.0,2232.0,,,,1214.0,1356.0,667.0,2121.0,,,466.0
2760.0,1736.0,2582.0,1682.0,2945.0,2518.0,,680.0,,3088.0,,1462.0,,2631.0,1211.0,,,,2714.0,2922.0,737.0,3433.0,,,495.0
3630.0,2787.0,3273.0,2074.0,1514.0,1590.0,,2507.0,,3428.0,,2738.0,,1500.0,3939.0,,,,1722.0,2165.0,2608.0,422.0,,,496.0
169.0,1021.0,3063.0,1089.0,783.0,162.0,,510.0,,1822.0,,2397.0,,906.0,1326.0,,,,1943.0,1714.0,2853.0,669.0,,,802.0
1843.0,1050.0,358.0,782.0,764.0,2414.0,,1195.0,,3956.0,,1815.0,,2296.0,514.0,,,,1612.0,1119.0,3543.0,3287.0,,,3853.0
409.0,26.0,1962.0,673.0,2367.0,3132.0,,452.0,,602.0,,760.0,,1256.0,1321.0,,,,1525.0,4037.0,2660.0,476.0,,,1640.0
2603.0,3600.0,2307.0,2442.0,4096.0,2322.0,,2179.0,,3390.0,,1677.0,,1953.0,1854.0,,,,3635.0,2904.0,759.0,4004.0,,,10.0
27.0,2192.0,3799.0,1099.0,763.0,1675.0,,562.0,,273.0,,86.0,,2019.0,1691.0,,,,2130.0,3564.0,1998.0,2876.0,,,3191.0
3925.0,1678.0,3439.0,1603.0,864.0,2473.0,,2419.0,,2516.0,,4069.0,,1730.0,1396.0,,,,3660.0,297.0,1731.0,3897.0,,,569.0
3654.0,3691.0,887.0,2372.0,164.0,2168.0,,1502.0,,3458.0,,442.0,,2212.0,3942.0,,,,3817.0,2545.0,1368.0,223.0,,,3709.0
2693.0,3313.0,715.0,1095.0,1090.0,204.0,,3699.0,,1396.0,,1269.0,,3997.0,3110.0,,,,2964.0,3325.0,3058.0,1878.0,,,2265.0
2485.0,304.0,2985.0,458.0,3743.0,2558.0,,1445.0,,2209.0,,3250.0,,3216.0,3882.0,,,,432.0,905.0,1552.0,1228.0,,,3203.0
3723.0,2442.0,54.0,1756.0,1231.0,3433.0,,2713.0,,427.0,,4068.0,,330.0,623.0,,,,1768.0,2538.0,3944.0,3442.0,,,1530.0
456.0,1123.0,4083.0,1493.0,767.0,3357.0,,105.0,,2413.0,,3436.0,,3618.0,3913.0,,,,442.0,1811.0,306.0,2853.0,,,2844.0
2554.0,3314.0,2301.0,1017.0,2676.0,1077.0,,2980.0,,2563.0,,1673.0,,3628.0,1859.0,,,,2854.0,774.0,656.0,2583.0,,,682.0
3405.0,3093.0,2867.0,3051.0,3153.0,3970.0,,2668.0,,3380.0,,1733.0,,3189.0,3639.0,,,,2689.0,995.0,3916.0,18.0,,,905.0
688.0,3263.0,2345.0,2198.0,2601.0,3672.0,,1196.0,,2622.0,,1478.0,,1258.0,2174.0,,,,3246.0,745.0,1513.0,3765.0,,,118.0
681.0,3265.0,2709.0,2668.0,551.0,3737.0,,3598.0,,1814.0,,3842.0,,3301.0,782.0,,,,3032.0,2534.0,2545.0,1804.0,,,296.0
3131.0,2679.0,3867.0,2051.0,2153.0,2269.0,,580.0,,2552.0,,3055.0,,3683.0,1423.0,,,,1465.0,4020.0,3908.0,1385.0,,,2957.0
2343.0,3120.0,29.0,2846.0,1207.0,1029.0,,373.0,,2927.0,,1836.0,,2818.0,2110.0,,,,1814.0,476.0,2732.0,3463.0,,,2610.0
1762.0,2105.0,2678.0,3200.0,1827.0,3108.0,,1006.0,,3304.0,,2366.0,,1263.0,1973.0,,,,3981.0,2415.0,3000.0,986.0,,,2086.0
1549.0,1087.0,1162.0,1880.0,544.0,1524.0,,1571.0,,2338.0,,1466.0,,205.0,1543.0,,,,3629.0,1420.0,1351.0,136.0,,,2277.0
2611.0,2859.0,1228.0,1714.0,3199.0,3626.0,,331.0,,806.0,,1148.0,,1355.0,3239.0,,,,1309.0,3695.0,1530.0,1925.0,,,2138.0
3070.0,3218.0,1845.0,3010.0,1341.0,1892.0,,4019.0,,2981.0,,2680.0,,856.0,2387.0,,,,296.0,2472.0,1252.0,2479.0,,,1067.0
687.0,3155.0,1446.0,3626.0,399.0,4031.0,,2742.0,,1468.0,,784.0,,2003.0,3193.0,,,,929.0,1000.0,3426.0,344.0,,,2042.0
2091.0,2635.0,3451.0,903.0,1984.0,794.0,,2206.0,,3093.0,,2056.0,,58.0,3309.0,,,,3391.0,57.0,1170.0,33.0,,,3044.0
3791.0,110.0,3507.0,990.0,1650.0,1088.0,,2064.0,,1219.0,,416.0,,2519.0,906.0,,,,1277.0,2367.0,1091.0,1300.0,,,1814.0
2414.0,2724.0,1256.0,1005.0,699.0,2526.0,,2170.0,,1040.0,,2689.0,,3688.0,3498.0,,,,338.0,861.0,906.0,2637.0,,,
2447.0,2925.0,1119.0,1994.0,2269.0,1460.0,,2325.0,,935.0,,3729.0,,3848.0,1260.0,,,,449.0,431.0,2838.0,3416.0,,,
1958.0,2699.0,2073.0,2955.0,3749.0,3822.0,,2906.0,,1666.0,,2342.0,,1347.0,3629.0,,,,1172.0,1710.0,719.0,1202.0,,,
1446.0,397.0,1718.0,3757.0,3555.0,2062.0,,571.0,,3345.0,,495.0,,3821.0,2807.0,,,,693.0,3276.0,143.0,1882.0,,,
1461.0,3381.0,3284.0,215.0,3976.0,1883.0,,21.0,,1718.0,,3431.0,,4030.0,2800.0,,,,1882.0,893.0,102.0,1917.0,,,
840.0,3981.0,2508.0,3760.0,987.0,279.0,,4009.0,,3444.0,,1573.0,,2746.0,657.0,,,,1294.0,1162.0,1744.0,3110.0,,,
3550.0,2514.0,2224.0,4101.0,476.0,2290.0,,2193.0,,949.0,,1240.0,,3670.0,3653.0,,,,1077.0,3625.0,2683.0,340.0,,,
3813.0,1212.0,189.0,1012.0,459.0,1054.0,,1755.0,,2681.0,,2667.0,,3532.0,2244.0,,,,1678.0,3068.0,2424.0,3212.0,,,
1751.0,1674.0,3253.0,798.0,3948.0,1581.0,,936.0,,932.0,,3044.0,,1510.0,1581.0,,,,2804.0,3471.0,208.0,903.0,,,
1812.0,4096.0,3512.0,4035.0,2761.0,2591.0,,933.0,,1301.0,,868.0,,1665.0,3013.0,,,,3061.0,879.0,1541.0,1872.0,,,
1566.0,611.0,3661.0,1579.0,3750.0,1313.0,,614.0,,3810.0,,,,1632.0,1182.0,,,,173.0,3480.0,3542.0,2578.0,,,
1986.0,3473.0,108.0,917.0,3160.0,2195.0,,3074.0,,2519.0,,,,1442.0,3210.0,,,,385.0,3744.0,67.0,2290.0,,,
66.0,2241.0,2357.0,3545.0,910.0,415.0,,3352.0,,1543.0,,,,2055.0,3799.0,,,,183.0,3835.0,1602.0,4071.0,,,
191.0,2198.0,520.0,2471.0,2417.0,1381.0,,3143.0,,2097.0,,,,2525.0,2260.0,,,,1264.0,1329.0,60.0,1708.0,,,
2679.0,1526.0,270.0,3354.0,1587.0,4041.0,,2778.0,,1451.0,,,,2184.0,3242.0,,,,3025.0,1580.0,2032.0,1175.0,,,
498.0,3403.0,3370.0,3515.0,2768.0,2801.0,,1503.0,,1507.0,,,,2157.0,2347.0,,,,1736.0,3550.0,3607.0,3294.0,,,
1335.0,2783.0,1355.0,68.0,3516.0,2259.0,,2168.0,,2067.0,,,,1528.0,2123.0,,,,2005.0,3115.0,1314.0,4095.0,,,
3639.0,446.0,1989.0,661.0,1000.0,528.0,,2258.0,,3738.0,,,,2476.0,418.0,,,,2934.0,321.0,3456.0,843.0,,,
1020.0,919.0,1201.0,1258.0,2321.0,1090.0,,1754.0,,527.0,,,,2195.0,2178.0,,,,2295.0,3995.0,2885.0,1078.0,,,
3211.0,3025.0,3056.0,3772.0,3582.0,3513.0,,3998.0,,1255.0,,,,3185.0,919.0,,,,104.0,2245.0,2429.0,253.0,,,
2818.0,613.0,3837.0,902.0,313.0,403.0,,1034.0,,805.0,,,,2807.0,1550.0,,,,3267.0,800.0,3895.0,2367.0,,,
2847.0,3930.0,1238.0,3099.0,2411.0,931.0,,1737.0,,2493.0,,,,1671.0,3568.0,,,,2407.0,2738.0,4025.0,784.0,,,
2938.0,1552.0,3259.0,3503.0,1775.0,2584.0,,3450.0,,2887.0,,,,551.0,2337.0,,,,2485.0,1446.0,3802.0,854.0,,,
2010.0,2670.0,3473.0,2751.0,274.0,3683.0,,1370.0,,1048.0,,,,3581.0,1405.0,,,,2369.0,358.0,1152.0,1969.0,,,
2140.0,3254.0,227.0,2543.0,262.0,2775.0,,1420.0,,1803.0,,,,686.0,3480.0,,,,1844.0,126.0,3182.0,1814.0,,,
2482.0,755.0,1298.0,2286.0,2861.0,2622.0,,3996.0,,2654.0,,,,1483.0,3506.0,,,,2104.0,954.0,104.0,2301.0,,,
330.0,3855.0,2424.0,2556.0,2917.0,2194.0,,3071.0,,2333.0,,,,3856.0,2909.0,,,,2569.0,1243.0,2173.0,3161.0,,,
1546.0,277.0,3704.0,2154.0,1013.0,2235.0,,1771.0,,3859.0,,,,1028.0,3879.0,,,,2141.0,3642.0,3540.0,3595.0,,,
1512.0,3211.0,2736.0,1913.0,3198.0,629.0,,2710.0,,1609.0,,,,1960.0,218.0,,,,1490.0,1645.0,127.0,3511.0,,,
2240.0,55.0,2631.0,2836.0,831.0,3864.0,,2835.0,,3008.0,,,,2747.0,2955.0,,,,3926.0,2389.0,2870.0,3638.0,,,
2920.0,777.0,94.0,488.0,1970.0,2687.0,,1555.0,,1438.0,,,,1405.0,3096.0,,,,1627.0,610.0,592.0,1416.0,,,
3263.0,802.0,2191.0,2456.0,2288.0,581.0,,1792.0,,1205.0,,,,2878.0,369.0,,,,3000.0,1280.0,2368.0,3838.0,,,
2882.0,445.0,4038.0,1738.0,40.0,1974.0,,879.0,,1676.0,,,,491.0,647.0,,,,3791.0,2653.0,2774.0,3662.0,,,
3687.0,2534.0,1428.0,3621.0,481.0,457.0,,1496.0,,359.0,,,,569.0,3855.0,,,,1512.0,3789.0,2417.0,1013.0,,,
1797.0,1904.0,3900.0,7.0,2261.0,407.0,,1821.0,,3553.0,,,,1143.0,2325.0,,,,824.0,4036.0,2074.0,142.0,,,
1544.0,762.0,2290.0,1274.0,3057.0,442.0,,950.0,,1133.0,,,,3887.0,3521.0,,,,3839.0,395.0,3837.0,2056.0,,,
3394.0,975.0,3387.0,1908.0,695.0,3937.0,,406.0,,2252.0,,,,2151.0,3313.0,,,,1094.0,3862.0,483.0,2894.0,,,
2136.0,1185.0,2984.0,1196.0,562.0,775.0,,2811.0,,3640.0,,,,1723.0,2657.0,,,,3084.0,1297.0,2515.0,2156.0,,,
1638.0,1952.0,1427.0,500.0,3599.0,2277.0,,3870.0,,3897.0,,,,1185.0,788.0,,,,4061.0,930.0,2314.0,3841.0,,,
3040.0,1416.0,350.0,3498.0,2216.0,811.0,,2734.0,,660.0,,,,3624.0,3155.0,,,,3695.0,3176.0,3520.0,156.0,,,
1713.0,160.0,1936.0,2061.0,3137.0,3563.0,,1712.0,,1939.0,,,,3604.0,2995.0,,,,2299.0,2209.0,3260.0,1480.0,,,
1026.0,2493.0,2913.0,4034.0,2229.0,2383.0,,3191.0,,3028.0,,,,570.0,1852.0,,,,1432.0,3236.0,3392.0,238.0,,,
3662.0,2719.0,719.0,2361.0,3501.0,3144.0,,2612.0,,54.0,,,,4085.0,1753.0,,,,373.0,2694.0,2622.0,3100.0,,,
2833.0,913.0,1968.0,1266.0,1209.0,2015.0,,2769.0,,3477.0,,,,2091.0,2402.0,,,,2044.0,1935.0,1845.0,997.0,,,
2186.0,550.0,2501.0,3743.0,2919.0,217.0,,1618.0,,3983.0,,,,659.0,271.0,,,,2672.0,2561.0,2915.0,1347.0,,,
2165.0,1925.0,2942.0,1709.0,983.0,488.0,,1493.0,,1071.0,,,,4086.0,3249.0,,,,682.0,401.0,4014.0,1707.0,,,
914.0,482.0,2162.0,364.0,2896.0,1422.0,,3932.0,,3025.0,,,,4057.0,2197.0,,,,2153.0,4011.0,1394.0,3128.0,,,
1973.0,1891.0,3046.0,3350.0,2119.0,3394.0,,262.0,,304.0,,,,3849.0,2932.0,,,,3850.0,2510.0,2324.0,3987.0,,,
3310.0,1642.0,3026.0,3057.0,1225.0,2206.0,,871.0,,2917.0,,,,772.0,1082.0,,,,3643.0,3903.0,1140.0,604.0,,,
1135.0,654.0,2463.0,427.0,2128.0,2026.0,,1429.0,,3802.0,,,,2131.0,413.0,,,,561.0,819.0,4.0,1023.0,,,
270.0,933.0,3042.0,3269.0,3942.0,1213.0,,1945.0,,947.0,,,,1460.0,1251.0,,,,362.0,322.0,3752.0,1561.0,,,
1793.0,1164.0,1847.0,2971.0,2322.0,1820.0,,901.0,,1018.0,,,,3388.0,3374.0,,,,1735.0,2493.0,2105.0,3048.0,,,
466.0,3871.0,3605.0,2778.0,3986.0,363.0,,2450.0,,2550.0,,,,2886.0,3233.0,,,,1137.0,2596.0,188.0,1206.0,,,
3728.0,2175.0,3311.0,822.0,338.0,3418.0,,432.0,,190.0,,,,632.0,589.0,,,,264.0,3445.0,2690.0,2380.0,,,
1650.0,1654.0,1586.0,2037.0,2423.0,1530.0,,1596.0,,3792.0,,,,1506.0,812.0,,,,741.0,2723.0,119.0,1869.0,,,
2873.0,797.0,716.0,3875.0,2442.0,1548.0,,2357.0,,1487.0,,,,1073.0,306.0,,,,342.0,151.0,1600.0,3418.0,,,
1107.0,619.0,411.0,3568.0,3468.0,979.0,,203.0,,756.0,,,,1120.0,3221.0,,,,377.0,2019.0,706.0,2448.0,,,
1748.0,954.0,2117.0,3438.0,3952.0,662.0,,872.0,,3710.0,,,,2227.0,2842.0,,,,2851.0,2814.0,758.0,1316.0,,,
3348.0,665.0,2947.0,1199.0,519.0,349.0,,1487.0,,616.0,,,,1354.0,3827.0,,,,3947.0,1680.0,552.0,1001.0,,,
2942.0,3720.0,2068.0,3077.0,802.0,190.0,,3449.0,,2323.0,,,,2647.0,938.0,,,,2900.0,500.0,3762.0,1784.0,,,
3743.0,483.0,724.0,1444.0,2060.0,284.0,,2196.0,,1049.0,,,,667.0,1808.0,,,,2423.0,724.0,1120.0,426.0,,,
3985.0,2332.0,9.0,3629.0,942.0,762.0,,2287.0,,2194.0,,,,3533.0,1050.0,,,,602.0,2629.0,2600.0,1805.0,,,
2902.0,1108.0,1283.0,826.0,382.0,1494.0,,3358.0,,1615.0,,,,1628.0,3924.0,,,,1084.0,3145.0,4077.0,2925.0,,,
2333.0,3127.0,4042.0,64.0,70.0,3892.0,,937.0,,3278.0,,,,1215.0,944.0,,,,717.0,2500.0,42.0,4084.0,,,
1089.0,1851.0,1367.0,639.0,3800.0,3424.0,,1066.0,,2026.0,,,,2923.0,2867.0,,,,2023.0,1535.0,1983.0,3816.0,,,
531.0,548.0,2426.0,3756.0,2414.0,1152.0,,45.0,,2445.0,,,,2571.0,772.0,,,,1734.0,2085.0,757.0,2397.0,,,
3961.0,2283.0,1403.0,976.0,2145.0,1552.0,,258.0,,614.0,,,,3397.0,2778.0,,,,1526.0,1982.0,3448.0,1585.0,,,
2421.0,2736.0,475.0,3114.0,3910.0,4003.0,,3780.0,,594.0,,,,3820.0,2094.0,,,,4020.0,439.0,1832.0,3079.0,,,
861.0,222.0,3033.0,3496.0,1808.0,2479.0,,1050.0,,2706.0,,,,1934.0,1969.0,,,,2186.0,4034.0,2778.0,3738.0,,,
2987.0,1758.0,70.0,2447.0,591.0,1404.0,,1987.0,,903.0,,,,2989.0,1958.0,,,,3960.0,54.0,92.0,3728.0,,,
2326.0,3857.0,3537.0,1890.0,843.0,3873.0,,2306.0,,1993.0,,,,797.0,3472.0,,,,756.0,2115.0,910.0,3065.0,,,
4095.0,1767.0,1120.0,2821.0,4034.0,688.0,,58.0,,1432.0,,,,2922.0,1139.0,,,,3236.0,3581.0,3513.0,697.0,,,
2891.0,909.0,1840.0,3943.0,1012.0,1931.0,,88.0,,1952.0,,,,3264.0,3605.0,,,,3584.0,2546.0,915.0,4036.0,,,
114.0,2179.0,1046.0,1647.0,3339.0,1411.0,,3729.0,,1382.0,,,,1248.0,3362.0,,,,3865.0,2132.0,2341.0,3937.0,,,
971.0,1066.0,2576.0,1769.0,1361.0,828.0,,3373.0,,2412.0,,,,2716.0,3000.0,,,,2768.0,3936.0,2435.0,82.0,,,
2520.0,914.0,516.0,123.0,1092.0,3953.0,,2068.0,,1162.0,,,,3444.0,1186.0,,,,3431.0,2486.0,1536.0,460.0,,,
4002.0,2139.0,306.0,1715.0,2859.0,3647.0,,554.0,,2584.0,,,,1714.0,3375.0,,,,1146.0,4055.0,3706.0,1868.0,,,
780.0,1395.0,2490.0,2519.0,454.0,1845.0,,1569.0,,184.0,,,,41.0,832.0,,,,441.0,1883.0,874.0,201.0,,,
1822.0,3572.0,3050.0,1780.0,625.0,617.0,,3664.0,,2730.0,,,,1444.0,1545.0,,,,3200.0,2504.0,1851.0,1951.0,,,
3108.0,1835.0,432.0,1197.0,3175.0,199.0,,1133.0,,3347.0,,,,947.0,4041.0,,,,3748.0,1025.0,525.0,2452.0,,,
3913.0,3445.0,993.0,1080.0,1957.0,508.0,,1096.0,,3057.0,,,,724.0,3123.0,,,,66.0,2741.0,2521.0,2493.0,,,
2644.0,2537.0,2979.0,3446.0,2173.0,485.0,,1403.0,,412.0,,,,2457.0,2153.0,,,,1181.0,1602.0,2530.0,1926.0,,,
3820.0,1813.0,3548.0,2838.0,1049.0,124.0,,3825.0,,1017.0,,,,1863.0,2431.0,,,,3853.0,3677.0,2201.0,3859.0,,,
1256.0,3995.0,2681.0,387.0,74.0,511.0,,3343.0,,373.0,,,,3347.0,4031.0,,,,219.0,44.0,2361.0,745.0,,,
1759.0,1079.0,689.0,1229.0,2211.0,2074.0,,894.0,,802.0,,,,497.0,3777.0,,,,78.0,1651.0,295.0,2535.0,,,
2559.0,1723.0,895.0,2656.0,1079.0,2632.0,,2627.0,,1904.0,,,,3471.0,3751.0,,,,1302.0,3299.0,70.0,190.0,,,
2516.0,2393.0,299.0,2615.0,4061.0,1629.0,,2199.0,,125.0,,,,2362.0,178.0,,,,3569.0,3490.0,848.0,3845.0,,,
112.0,1052.0,3133.0,583.0,2733.0,1879.0,,1523.0,,3600.0,,,,3908.0,2185.0,,,,651.0,1070.0,69.0,3071.0,,,
2689.0,3333.0,382.0,975.0,3788.0,1417.0,,3938.0,,2645.0,,,,994.0,3252.0,,,,1037.0,3501.0,3432.0,538.0,,,
3300.0,3084.0,3004.0,211.0,3551.0,33.0,,910.0,,567.0,,,,3743.0,1327.0,,,,2363.0,3538.0,1229.0,3771.0,,,
911.0,2286.0,1574.0,2002.0,1170.0,333.0,,2388.0,,29.0,,,,2336.0,2953.0,,,,1255.0,3456.0,1767.0,2176.0,,,
2501.0,468.0,2180.0,257.0,1202.0,1836.0,,1139.0,,3157.0,,,,2138.0,1622.0,,,,2356.0,3088.0,1317.0,1575.0,,,
2800.0,3172.0,936.0,3105.0,3307.0,3084.0,,789.0,,163.0,,,,3580.0,1784.0,,,,1547.0,4012.0,3819.0,1753.0,,,
3569.0,2958.0,2779.0,3310.0,2767.0,1761.0,,2066.0,,3576.0,,,,3038.0,3094.0,,,,1464.0,2498.0,1999.0,2322.0,,,
2939.0,177.0,3437.0,612.0,761.0,471.0,,234.0,,2005.0,,,,124.0,969.0,,,,2314.0,4002.0,3511.0,3095.0,,,
1213.0,3846.0,663.0,3548.0,3404.0,2681.0,,3943.0,,1556.0,,,,599.0,1911.0,,,,866.0,3576.0,872.0,2839.0,,,
643.0,2205.0,2683.0,2507.0,482.0,3097.0,,2565.0,,1358.0,,,,894.0,2452.0,,,,1859.0,3542.0,3798.0,974.0,,,
2929.0,3760.0,3547.0,1615.0,1568.0,341.0,,1127.0,,2806.0,,,,2744.0,206.0,,,,3595.0,2769.0,3142.0,1492.0,,,
845.0,493.0,844.0,1640.0,2700.0,2563.0,,1567.0,,173.0,,,,2688.0,1443.0,,,,3770.0,217.0,2765.0,3508.0,,,
2930.0,1544.0,2657.0,2071.0,2735.0,3060.0,,867.0,,1057.0,,,,3286.0,2398.0,,,,3062.0,1538.0,2933.0,773.0,,,
2972.0,2741.0,4043.0,1098.0,1145.0,3354.0,,1753.0,,652.0,,,,1766.0,2034.0,,,,3422.0,3845.0,1487.0,2155.0,,,
3423.0,833.0,3613.0,3226.0,870.0,443.0,,2140.0,,2311.0,,,,1333.0,1403.0,,,,1716.0,3629.0,3080.0,3917.0,,,
1376.0,3970.0,3229.0,198.0,952.0,2658.0,,3706.0,,3723.0,,,,1501.0,1477.0,,,,1611.0,448.0,2112.0,698.0,,,
602.0,1542.0,2934.0,995.0,2456.0,2592.0,,3555.0,,3260.0,,,,871.0,3010.0,,,,848.0,2386.0,3843.0,3844.0,,,
3067.0,3387.0,3787.0,436.0,3295.0,375.0,,2492.0,,534.0,,,,769.0,1737.0,,,,2120.0,877.0,2960.0,3327.0,,,
3803.0,649.0,2505.0,2168.0,3497.0,468.0,,2167.0,,2961.0,,,,2940.0,3514.0,,,,3016.0,1303.0,2147.0,2980.0,,,
474.0,2290.0,1844.0,1214.0,1122.0,3284.0,,2255.0,,2781.0,,,,1615.0,2173.0,,,,3068.0,3822.0,1370.0,2893.0,,,
2000.0,3092.0,1826.0,1379.0,271.0,2720.0,,2442.0,,1601.0,,,,2315.0,1626.0,,,,1531.0,3086.0,2495.0,2856.0,,,
1449.0,541.0,3098.0,989.0,560.0,3216.0,,2043.0,,864.0,,,,1219.0,2929.0,,,,956.0,3553.0,674.0,3233.0,,,
2405.0,2922.0,1023.0,253.0,619.0,4037.0,,2197.0,,1028.0,,,,3314.0,1542.0,,,,3195.0,3246.0,2856.0,1697.0,,,
1575.0,3948.0,3279.0,322.0,1883.0,838.0,,3094.0,,3788.0,,,,733.0,1376.0,,,,3410.0,3753.0,3024.0,1281.0,,,
1975.0,3397.0,2285.0,2365.0,1260.0,3726.0,,1976.0,,2766.0,,,,2930.0,2339.0,,,,637.0,2370.0,528.0,3923.0,,,
49.0,3094.0,3782.0,3490.0,1563.0,1415.0,,3172.0,,3831.0,,,,2449.0,2535.0,,,,196.0,2641.0,3332.0,2041.0,,,
523.0,1928.0,3372.0,3590.0,894.0,1967.0,,2937.0,,1428.0,,,,455.0,861.0,,,,2664.0,4064.0,3946.0,896.0,,,
3045.0,4008.0,2607.0,1081.0,2914.0,14.0,,493.0,,2352.0,,,,2128.0,769.0,,,,2353.0,1342.0,1454.0,654.0,,,
3679.0,4021.0,1699.0,3591.0,1935.0,3459.0,,1542.0,,340.0,,,,386.0,2039.0,,,,2143.0,2274.0,2739.0,2627.0,,,
440.0,3178.0,57.0,3431.0,4009.0,3671.0,,50.0,,1249.0,,,,2684.0,2598.0,,,,1958.0,3569.0,2036.0,2454.0,,,
538.0,593.0,2957.0,1056.0,817.0,814.0,,2387.0,,3044.0,,,,1659.0,3633.0,,,,3134.0,1304.0,1415.0,3401.0,,,
2374.0,3541.0,428.0,2136.0,666.0,49.0,,2127.0,,1647.0,,,,1129.0,210.0,,,,689.0,3102.0,1729.0,1984.0,,,
2287.0,2825.0,4024.0,1589.0,1591.0,911.0,,2480.0,,202.0,,,,2414.0,2080.0,,,,1016.0,2328.0,1803.0,200.0,,,
1285.0,1193.0,583.0,32.0,1620.0,3319.0,,1063.0,,,,,,1907.0,13.0,,,,1304.0,2693.0,1782.0,1464.0,,,
2221.0,1716.0,1323.0,2661.0,3833.0,3860.0,,868.0,,,,,,2433.0,3150.0,,,,1015.0,951.0,682.0,947.0,,,
856.0,2747.0,737.0,2003.0,3030.0,3906.0,,1796.0,,,,,,1090.0,786.0,,,,1908.0,1362.0,3891.0,1620.0,,,
1118.0,2377.0,3601.0,1262.0,3542.0,2075.0,,3967.0,,,,,,1424.0,2516.0,,,,4008.0,554.0,3134.0,751.0,,,
2395.0,1684.0,1351.0,3859.0,2967.0,3438.0,,1662.0,,,,,,3293.0,1686.0,,,,280.0,3765.0,1644.0,2244.0,,,
979.0,3838.0,2951.0,2777.0,3718.0,3859.0,,89.0,,,,,,2643.0,3640.0,,,,2086.0,407.0,2576.0,452.0,,,
842.0,4029.0,1278.0,3056.0,223.0,2564.0,,3433.0,,,,,,1649.0,721.0,,,,718.0,976.0,2533.0,206.0,,,
2.0,3538.0,231.0,2132.0,2382.0,3687.0,,1839.0,,,,,,3968.0,3014.0,,,,3566.0,3967.0,364.0,1671.0,,,
1698.0,3492.0,1581.0,3058.0,1338.0,2689.0,,1832.0,,,,,,899.0,2249.0,,,,2657.0,2360.0,3850.0,1267.0,,,
3501.0,1570.0,1247.0,3812.0,2823.0,3445.0,,1500.0,,,,,,3511.0,4099.0,,,,1008.0,3516.0,1537.0,1626.0,,,
4009.0,660.0,2745.0,38.0,827.0,449.0,,387.0,,,,,,4003.0,3522.0,,,,3409.0,201.0,107.0,2387.0,,,
3222.0,2278.0,644.0,2538.0,395.0,1649.0,,3507.0,,,,,,2357.0,2132.0,,,,1955.0,1381.0,16.0,2079.0,,,
773.0,3166.0,747.0,1824.0,1932.0,3109.0,,1186.0,,,,,,1990.0,1930.0,,,,1489.0,3910.0,1959.0,1981.0,,,
3156.0,3386.0,803.0,2934.0,307.0,840.0,,2018.0,,,,,,1633.0,3208.0,,,,3512.0,4014.0,3096.0,2081.0,,,
1364.0,1089.0,187.0,3906.0,76.0,3242.0,,3394.0,,,,,,1660.0,3020.0,,,,216.0,2549.0,2140.0,636.0,,,
3060.0,2924.0,699.0,3357.0,368.0,3510.0,,1296.0,,,,,,160.0,2687.0,,,,3592.0,1225.0,825.0,2147.0,,,
268.0,1675.0,166.0,2866.0,1235.0,1554.0,,3957.0,,,,,,1140.0,80.0,,,,2985.0,3674.0,1305.0,585.0,,,
3092.0,274.0,3321.0,1927.0,428.0,3176.0,,2554.0,,,,,,350.0,787.0,,,,1930.0,553.0,3503.0,1483.0,,,
3333.0,2847.0,1782.0,8.0,3724.0,1807.0,,1514.0,,,,,,1295.0,3312.0,,,,745.0,59.0,1373.0,1875.0,,,
2863.0,590.0,172.0,1079.0,1695.0,1332.0,,87.0,,,,,,2891.0,2290.0,,,,293.0,3470.0,3765.0,2900.0,,,
1525.0,1376.0,2675.0,2572.0,3088.0,1368.0,,495.0,,,,,,722.0,510.0,,,,2450.0,3171.0,890.0,1560.0,,,
3822.0,4005.0,795.0,3215.0,1182.0,3925.0,,378.0,,,,,,3770.0,2343.0,,,,1564.0,1986.0,2354.0,3550.0,,,
3888.0,3433.0,260.0,1267.0,3386.0,917.0,,556.0,,,,,,3615.0,2752.0,,,,3298.0,2061.0,1721.0,1854.0,,,
2714.0,700.0,2958.0,3564.0,3097.0,354.0,,2847.0,,,,,,2301.0,1727.0,,,,1502.0,2708.0,640.0,3228.0,,,
1808.0,1233.0,2386.0,2578.0,1572.0,1753.0,,3383.0,,,,,,3519.0,2978.0,,,,3711.0,3748.0,3560.0,2753.0,,,
1368.0,2643.0,2740.0,3939.0,736.0,1812.0,,2521.0,,,,,,615.0,1221.0,,,,451.0,192.0,3404.0,1369.0,,,
4077.0,2022.0,661.0,3314.0,1680.0,3007.0,,922.0,,,,,,2737.0,1923.0,,,,1126.0,3435.0,1553.0,1638.0,,,
2356.0,3139.0,1299.0,3068.0,1420.0,2517.0,,4053.0,,,,,,1314.0,142.0,,,,1348.0,1324.0,3490.0,2405.0,,,
2341.0,2248.0,838.0,3078.0,1846.0,1579.0,,1613.0,,,,,,2401.0,1689.0,,,,3548.0,2167.0,847.0,873.0,,,
133.0,2881.0,2064.0,40.0,693.0,3098.0,,2414.0,,,,,,1237.0,3616.0,,,,1553.0,61.0,2065.0,891.0,,,
1003.0,672.0,4094.0,361.0,2082.0,275.0,,777.0,,,,,,3004.0,1992.0,,,,3954.0,1799.0,814.0,3096.0,,,
213.0,73.0,3462.0,765.0,3915.0,1117.0,,1820.0,,,,,,2041.0,3576.0,,,,1222.0,775.0,800.0,2369.0,,,
1410.0,2710.0,2549.0,2921.0,3189.0,2326.0,,3965.0,,,,,,3503.0,456.0,,,,1139.0,3918.0,803.0,3682.0,,,
1439.0,2451.0,1669.0,2207.0,3711.0,1466.0,,957.0,,,,,,2388.0,961.0,,,,3501.0,1792.0,3641.0,1163.0,,,
4030.0,1398.0,3308.0,3708.0,1112.0,1377.0,,2038.0,,,,,,183.0,2623.0,,,,755.0,3423.0,3233.0,2696.0,,,
3481.0,2739.0,3263.0,4012.0,308.0,2031.0,,2383.0,,,,,,4050.0,805.0,,,,3729.0,1607.0,2259.0,3131.0,,,
756.0,799.0,2987.0,1120.0,3549.0,3182.0,,3582.0,,,,,,2246.0,3971.0,,,,2793.0,1046.0,1154.0,1669.0,,,
1210.0,2094.0,273.0,3693.0,1707.0,1239.0,,1991.0,,,,,,71.0,3700.0,,,,711.0,1801.0,861.0,3192.0,,,
2436.0,2073.0,3824.0,2651.0,1113.0,6.0,,626.0,,,,,,919.0,2913.0,,,,232.0,187.0,3100.0,3341.0,,,
2867.0,388.0,3271.0,1843.0,31.0,2126.0,,3819.0,,,,,,3895.0,1386.0,,,,814.0,3757.0,863.0,2555.0,,,
3666.0,2517.0,3969.0,459.0,499.0,1644.0,,1577.0,,,,,,2013.0,3786.0,,,,2413.0,1486.0,3396.0,1907.0,,,
571.0,3380.0,2671.0,959.0,2476.0,869.0,,1746.0,,,,,,2235.0,1605.0,,,,3674.0,3309.0,3784.0,2072.0,,,
2294.0,2282.0,3618.0,2591.0,893.0,947.0,,3736.0,,,,,,2816.0,882.0,,,,2610.0,2752.0,370.0,2326.0,,,
3014.0,2626.0,1318.0,3441.0,3681.0,3171.0,,2245.0,,,,,,2655.0,3201.0,,,,1912.0,3313.0,2984.0,3536.0,,,
1563.0,3954.0,1181.0,16.0,2988.0,2216.0,,2582.0,,,,,,1471.0,295.0,,,,2475.0,2425.0,3126.0,1244.0,,,
3573.0,3204.0,3447.0,1527.0,2996.0,1978.0,,1705.0,,,,,,26.0,3329.0,,,,1533.0,1860.0,3340.0,2223.0,,,
2383.0,2569.0,1284.0,1643.0,776.0,60.0,,398.0,,,,,,241.0,4100.0,,,,2929.0,23.0,676.0,3703.0,,,
3759.0,2503.0,809.0,979.0,3512.0,2837.0,,1415.0,,,,,,3571.0,1185.0,,,,832.0,1281.0,1133.0,2292.0,,,
2208.0,2978.0,3680.0,2885.0,1998.0,994.0,,1869.0,,,,,,3239.0,2364.0,,,,2502.0,2164.0,1028.0,561.0,,,
1105.0,154.0,3274.0,2210.0,3852.0,413.0,,3875.0,,,,,,2053.0,2579.0,,,,1759.0,2575.0,3930.0,2182.0,,,
1957.0,1043.0,2630.0,2088.0,1578.0,932.0,,1397.0,,,,,,3281.0,1725.0,,,,1753.0,169.0,2780.0,2050.0,,,
2304.0,3207.0,2115.0,1320.0,1241.0,1255.0,,2465.0,,,,,,2487.0,2627.0,,,,1354.0,3775.0,1269.0,3759.0,,,
3683.0,3576.0,3357.0,2956.0,163.0,331.0,,1908.0,,,,,,2686.0,2770.0,,,,2684.0,1875.0,1579.0,2646.0,,,
248.0,2793.0,2743.0,1820.0,1528.0,821.0,,2261.0,,,,,,1571.0,838.0,,,,1371.0,193.0,3708.0,3646.0,,,
3997.0,3688.0,3312.0,2430.0,3909.0,661.0,,2513.0,,,,,,1726.0,1561.0,,,,562.0,2728.0,1916.0,2597.0,,,
1415.0,2358.0,3958.0,3974.0,2524.0,4022.0,,3849.0,,,,,,377.0,1752.0,,,,2158.0,2326.0,790.0,14.0,,,
4047.0,1901.0,1209.0,1479.0,1951.0,2844.0,,363.0,,,,,,3180.0,1156.0,,,,502.0,2664.0,244.0,2333.0,,,
3095.0,3101.0,549.0,2240.0,4008.0,3417.0,,2464.0,,,,,,1101.0,562.0,,,,1262.0,1108.0,300.0,2665.0,,,
1252.0,2369.0,117.0,2221.0,1615.0,3678.0,,423.0,,,,,,697.0,1924.0,,,,1935.0,206.0,1243.0,741.0,,,
1904.0,9.0,1854.0,1491.0,2588.0,3114.0,,1723.0,,,,,,212.0,2697.0,,,,724.0,1885.0,1615.0,3183.0,,,
937.0,440.0,1044.0,4092.0,3144.0,62.0,,2589.0,,,,,,621.0,2247.0,,,,3348.0,3599.0,2437.0,2241.0,,,
758.0,2152.0,2467.0,338.0,1816.0,2596.0,,1748.0,,,,,,2248.0,3173.0,,,,3984.0,3355.0,410.0,1706.0,,,
3316.0,1511.0,770.0,1573.0,3785.0,886.0,,1954.0,,,,,,4005.0,977.0,,,,653.0,3770.0,3025.0,917.0,,,
2831.0,3156.0,2495.0,1134.0,1988.0,1410.0,,298.0,,,,,,3254.0,1055.0,,,,3438.0,2060.0,3246.0,3720.0,,,
3145.0,776.0,1714.0,454.0,961.0,1614.0,,397.0,,,,,,2359.0,503.0,,,,3098.0,3392.0,868.0,1043.0,,,
2164.0,1472.0,2493.0,1812.0,3500.0,3707.0,,3794.0,,,,,,1181.0,3577.0,,,,1435.0,467.0,2946.0,3038.0,,,
1738.0,452.0,3627.0,3411.0,58.0,1944.0,,1191.0,,,,,,1856.0,3280.0,,,,1614.0,1290.0,3813.0,1807.0,,,
1473.0,2069.0,1356.0,3009.0,1812.0,2027.0,,3237.0,,,,,,3298.0,2239.0,,,,1896.0,3151.0,1186.0,4019.0,,,
1370.0,2916.0,835.0,2945.0,874.0,3798.0,,3539.0,,,,,,1467.0,1237.0,,,,247.0,3657.0,3647.0,3750.0,,,
560.0,176.0,1082.0,951.0,1002.0,587.0,,1851.0,,,,,,291.0,2167.0,,,,2801.0,4027.0,361.0,3763.0,,,
447.0,1644.0,3087.0,1147.0,3936.0,1399.0,,1337.0,,,,,,189.0,2933.0,,,,2140.0,2926.0,1268.0,1572.0,,,
1907.0,2986.0,3262.0,769.0,3033.0,801.0,,3842.0,,,,,,2454.0,1869.0,,,,3074.0,2809.0,3357.0,3939.0,,,
1526.0,3828.0,329.0,2619.0,2501.0,3886.0,,2939.0,,,,,,3836.0,1739.0,,,,863.0,1092.0,3286.0,563.0,,,
1166.0,2915.0,2959.0,4040.0,3688.0,1929.0,,3821.0,,,,,,3360.0,1968.0,,,,358.0,329.0,2503.0,2037.0,,,
389.0,2289.0,812.0,2480.0,2389.0,964.0,,4003.0,,,,,,865.0,1291.0,,,,925.0,2971.0,2261.0,3570.0,,,
3962.0,1309.0,2260.0,1746.0,4071.0,2465.0,,3772.0,,,,,,1097.0,3157.0,,,,3959.0,1564.0,2004.0,1612.0,,,
3665.0,3656.0,3808.0,3632.0,2404.0,1672.0,,2172.0,,,,,,2448.0,459.0,,,,757.0,1914.0,2668.0,4001.0,,,
1928.0,1821.0,612.0,2879.0,2629.0,3447.0,,993.0,,,,,,3297.0,3411.0,,,,4099.0,2411.0,618.0,236.0,,,
1715.0,10.0,1767.0,231.0,4078.0,3186.0,,2844.0,,,,,,187.0,1346.0,,,,559.0,2734.0,233.0,1270.0,,,
4049.0,124.0,764.0,2332.0,1373.0,1464.0,,3187.0,,,,,,2875.0,339.0,,,,631.0,207.0,2705.0,4094.0,,,
1860.0,970.0,2334.0,1003.0,1822.0,700.0,,2914.0,,,,,,1955.0,261.0,,,,2637.0,2409.0,3434.0,2146.0,,,
726.0,2763.0,462.0,1065.0,139.0,3775.0,,3787.0,,,,,,1930.0,2157.0,,,,2543.0,2604.0,1781.0,1895.0,,,
2363.0,2301.0,3095.0,2232.0,505.0,1623.0,,410.0,,,,,,1290.0,2839.0,,,,796.0,1526.0,1890.0,1247.0,,,
1841.0,369.0,722.0,2786.0,2496.0,3363.0,,1486.0,,,,,,3741.0,2503.0,,,,3788.0,2038.0,2868.0,1094.0,,,
1316.0,3647.0,49.0,620.0,2720.0,2583.0,,3025.0,,,,,,4028.0,1235.0,,,,3871.0,2443.0,1468.0,1304.0,,,
4086.0,317.0,78.0,2534.0,3691.0,3931.0,,1805.0,,,,,,3031.0,2395.0,,,,909.0,3320.0,1129.0,2996.0,,,
658.0,1122.0,2569.0,1365.0,2880.0,430.0,,3232.0,,,,,,2418.0,3860.0,,,,3112.0,2722.0,2280.0,2827.0,,,
908.0,546.0,2924.0,3706.0,3394.0,1852.0,,1343.0,,,,,,3904.0,4036.0,,,,482.0,2075.0,2119.0,2712.0,,,
3059.0,822.0,2201.0,1955.0,3270.0,392.0,,65.0,,,,,,2662.0,3743.0,,,,3271.0,603.0,3230.0,60.0,,,
2431.0,2976.0,3225.0,2075.0,111.0,1886.0,,2263.0,,,,,,467.0,1374.0,,,,2593.0,3011.0,1246.0,2963.0,,,
2990.0,3450.0,153.0,3355.0,185.0,1336.0,,2918.0,,,,,,1235.0,767.0,,,,3916.0,2930.0,1178.0,1830.0,,,
3897.0,129.0,118.0,1524.0,1149.0,999.0,,715.0,,,,,,103.0,2701.0,,,,3869.0,3148.0,1716.0,2231.0,,,
2191.0,2949.0,3373.0,396.0,1292.0,17.0,,3497.0,,,,,,628.0,2590.0,,,,3057.0,121.0,1871.0,3548.0,,,
696.0,3962.0,3269.0,2155.0,256.0,3895.0,,37.0,,,,,,3802.0,2003.0,,,,146.0,360.0,3247.0,370.0,,,
3817.0,2221.0,3655.0,3692.0,1037.0,624.0,,3258.0,,,,,,1709.0,3643.0,,,,1872.0,837.0,3397.0,3301.0,,,
83.0,629.0,4070.0,1622.0,17.0,3039.0,,3337.0,,,,,,318.0,423.0,,,,161.0,2223.0,2281.0,1863.0,,,
3241.0,3245.0,79.0,1950.0,3084.0,1792.0,,2727.0,,,,,,1685.0,1679.0,,,,3632.0,551.0,1680.0,2094.0,,,
418.0,3590.0,2384.0,3125.0,3678.0,927.0,,1794.0,,,,,,1567.0,3869.0,,,,1116.0,2253.0,1020.0,3385.0,,,
2544.0,1192.0,2150.0,2350.0,2671.0,3771.0,,2887.0,,,,,,2097.0,2378.0,,,,3515.0,3604.0,1391.0,243.0,,,
635.0,354.0,514.0,3325.0,2807.0,2370.0,,83.0,,,,,,1551.0,968.0,,,,3668.0,4067.0,3995.0,1739.0,,,
1375.0,23.0,1878.0,252.0,3962.0,2032.0,,2358.0,,,,,,380.0,3059.0,,,,70.0,3.0,1352.0,2956.0,,,
2935.0,2218.0,3456.0,1721.0,3159.0,1891.0,,2860.0,,,,,,669.0,2141.0,,,,131.0,2513.0,3915.0,1698.0,,,
4062.0,219.0,3059.0,255.0,1195.0,2108.0,,3082.0,,,,,,2012.0,1717.0,,,,1825.0,2717.0,3106.0,1665.0,,,
2758.0,2061.0,126.0,2773.0,1216.0,3508.0,,1455.0,,,,,,3977.0,3024.0,,,,1542.0,3518.0,1335.0,866.0,,,
3373.0,1299.0,2562.0,2701.0,3908.0,2325.0,,3012.0,,,,,,3918.0,1517.0,,,,3380.0,19.0,1360.0,2181.0,,,
259.0,3888.0,3365.0,1518.0,3411.0,980.0,,3458.0,,,,,,1640.0,3900.0,,,,3795.0,3776.0,2058.0,1264.0,,,
1110.0,3568.0,1381.0,217.0,1085.0,4068.0,,73.0,,,,,,416.0,4055.0,,,,3768.0,2525.0,897.0,2351.0,,,
3422.0,801.0,1483.0,1381.0,3272.0,2510.0,,2858.0,,,,,,2908.0,3310.0,,,,3125.0,3922.0,2256.0,2575.0,,,
381.0,2597.0,1199.0,2203.0,2843.0,3306.0,,2139.0,,,,,,433.0,1419.0,,,,56.0,1648.0,120.0,3847.0,,,
1374.0,82.0,1759.0,4030.0,2403.0,2408.0,,1425.0,,,,,,482.0,3713.0,,,,2190.0,3444.0,1817.0,709.0,,,
184.0,3129.0,3518.0,1244.0,1676.0,3269.0,,2120.0,,,,,,3765.0,1314.0,,,,1456.0,3380.0,138.0,2206.0,,,
926.0,1729.0,2948.0,212.0,1239.0,537.0,,2696.0,,,,,,3365.0,1918.0,,,,3049.0,1709.0,2337.0,3965.0,,,
3002.0,469.0,2995.0,1700.0,2972.0,584.0,,1608.0,,,,,,1983.0,3538.0,,,,2138.0,2766.0,3014.0,886.0,,,
3575.0,3462.0,453.0,1224.0,732.0,175.0,,2310.0,,,,,,1917.0,1427.0,,,,490.0,2879.0,1956.0,1824.0,,,
3852.0,2441.0,3730.0,2601.0,743.0,178.0,,82.0,,,,,,3671.0,3784.0,,,,1806.0,884.0,2338.0,894.0,,,
4.0,3345.0,628.0,99.0,13.0,2410.0,,4025.0,,,,,,3720.0,2429.0,,,,3963.0,285.0,1588.0,1769.0,,,
1422.0,865.0,3607.0,48.0,2985.0,145.0,,664.0,,,,,,1103.0,3349.0,,,,3721.0,1790.0,2268.0,733.0,,,
3558.0,2945.0,2693.0,3061.0,1183.0,702.0,,1147.0,,,,,,2103.0,3524.0,,,,1224.0,97.0,3989.0,4005.0,,,
1696.0,3581.0,3358.0,3507.0,2283.0,2954.0,,1020.0,,,,,,674.0,1114.0,,,,915.0,2404.0,994.0,1442.0,,,
3934.0,2090.0,3134.0,3472.0,193.0,3663.0,,1863.0,,,,,,3563.0,582.0,,,,512.0,2788.0,1232.0,2415.0,,,
1784.0,2158.0,1068.0,2690.0,3538.0,2357.0,,1441.0,,,,,,1081.0,1580.0,,,,4096.0,3155.0,3166.0,3013.0,,,
1485.0,314.0,2690.0,3660.0,2408.0,3441.0,,1143.0,,,,,,326.0,1493.0,,,,320.0,1829.0,476.0,2355.0,,,
2319.0,2647.0,1287.0,1699.0,86.0,3619.0,,1952.0,,,,,,1094.0,3394.0,,,,3631.0,2154.0,2071.0,2569.0,,,
913.0,1971.0,2557.0,1999.0,2335.0,298.0,,46.0,,,,,,1255.0,351.0,,,,2136.0,3316.0,2835.0,3761.0,,,
3172.0,1795.0,2978.0,1626.0,3452.0,1674.0,,399.0,,,,,,2812.0,3675.0,,,,1527.0,1206.0,2094.0,3976.0,,,
1490.0,3076.0,960.0,3401.0,2848.0,2247.0,,4051.0,,,,,,3072.0,3960.0,,,,1035.0,3579.0,1422.0,3964.0,,,
1042.0,966.0,2468.0,3659.0,3445.0,1473.0,,766.0,,,,,,188.0,332.0,,,,2795.0,3628.0,1942.0,3105.0,,,
826.0,1816.0,368.0,208.0,4066.0,2781.0,,3056.0,,,,,,1229.0,2906.0,,,,4017.0,3301.0,3934.0,899.0,,,
3421.0,2124.0,2398.0,2979.0,1470.0,651.0,,3417.0,,,,,,3882.0,217.0,,,,623.0,1984.0,2234.0,4089.0,,,
1193.0,1474.0,1861.0,3045.0,3696.0,1419.0,,3549.0,,,,,,2952.0,2904.0,,,,1170.0,3917.0,497.0,1020.0,,,
585.0,4043.0,27.0,2867.0,2466.0,885.0,,515.0,,,,,,3345.0,180.0,,,,3458.0,1283.0,1425.0,3920.0,,,
177.0,3022.0,1516.0,2735.0,3768.0,3203.0,,3694.0,,,,,,372.0,3398.0,,,,3309.0,3665.0,334.0,176.0,,,
3638.0,3714.0,3622.0,2102.0,2436.0,1366.0,,1398.0,,,,,,1214.0,3369.0,,,,3980.0,3679.0,3381.0,3924.0,,,
2548.0,1889.0,2250.0,2784.0,3253.0,3875.0,,3218.0,,,,,,3894.0,1963.0,,,,2753.0,3054.0,2505.0,2365.0,,,
1391.0,3124.0,3499.0,1634.0,89.0,1286.0,,899.0,,,,,,1737.0,763.0,,,,3837.0,3767.0,429.0,1176.0,,,
2298.0,1912.0,452.0,2262.0,694.0,362.0,,1232.0,,,,,,3204.0,718.0,,,,2078.0,171.0,3170.0,2840.0,,,
2970.0,901.0,505.0,901.0,2622.0,2245.0,,2738.0,,,,,,1949.0,1201.0,,,,2474.0,807.0,561.0,397.0,,,
556.0,2359.0,1291.0,1446.0,367.0,271.0,,3722.0,,,,,,955.0,1638.0,,,,1989.0,2763.0,2799.0,3412.0,,,
1455.0,2659.0,3731.0,307.0,3801.0,560.0,,1033.0,,,,,,1369.0,3083.0,,,,2312.0,1305.0,153.0,1622.0,,,
899.0,3823.0,2454.0,939.0,3152.0,3241.0,,607.0,,,,,,3465.0,1868.0,,,,1204.0,3834.0,460.0,3156.0,,,
2192.0,1046.0,1604.0,1130.0,3847.0,1110.0,,3917.0,,,,,,4023.0,846.0,,,,1840.0,494.0,2285.0,3022.0,,,
2726.0,1561.0,2702.0,1841.0,3610.0,2609.0,,81.0,,,,,,612.0,1723.0,,,,3642.0,3676.0,1743.0,3396.0,,,
4061.0,1191.0,2381.0,3994.0,1314.0,2809.0,,3420.0,,,,,,2486.0,427.0,,,,893.0,2308.0,1281.0,2320.0,,,
535.0,3114.0,1773.0,3717.0,1404.0,224.0,,2322.0,,,,,,3755.0,2580.0,,,,2004.0,1555.0,494.0,415.0,,,
3517.0,2856.0,1210.0,3181.0,887.0,2956.0,,303.0,,,,,,2861.0,1892.0,,,,1760.0,3755.0,427.0,3769.0,,,
1165.0,462.0,2612.0,509.0,1931.0,1001.0,,307.0,,,,,,3529.0,467.0,,,,544.0,1910.0,3218.0,3518.0,,,
3325.0,1417.0,1178.0,375.0,20.0,2995.0,,3789.0,,,,,,2514.0,143.0,,,,939.0,1734.0,564.0,4060.0,,,
863.0,7.0,1955.0,3996.0,588.0,441.0,,3144.0,,,,,,1636.0,224.0,,,,1607.0,2246.0,3555.0,3658.0,,,
1937.0,961.0,3024.0,913.0,3712.0,2209.0,,3651.0,,,,,,884.0,556.0,,,,1059.0,842.0,3463.0,4070.0,,,
966.0,3696.0,3189.0,1761.0,3434.0,2621.0,,246.0,,,,,,638.0,70.0,,,,655.0,2129.0,1872.0,2343.0,,,
1753.0,3455.0,1003.0,2845.0,3325.0,2061.0,,3671.0,,,,,,3905.0,394.0,,,,3322.0,3971.0,1650.0,2659.0,,,
1447.0,3080.0,2399.0,376.0,3827.0,1970.0,,2339.0,,,,,,3076.0,3196.0,,,,1167.0,1788.0,2702.0,2424.0,,,
3113.0,531.0,3619.0,3773.0,772.0,2381.0,,10.0,,,,,,2991.0,2017.0,,,,2636.0,3225.0,442.0,105.0,,,
233.0,2423.0,357.0,2942.0,1205.0,4052.0,,1295.0,,,,,,3899.0,3437.0,,,,3008.0,1044.0,1156.0,152.0,,,
1258.0,1176.0,4008.0,109.0,1084.0,1621.0,,1346.0,,,,,,432.0,1084.0,,,,3144.0,1257.0,1392.0,2513.0,,,
2540.0,2701.0,471.0,2280.0,2923.0,1139.0,,462.0,,,,,,565.0,2930.0,,,,3133.0,3249.0,1632.0,3886.0,,,
2290.0,624.0,1337.0,3320.0,306.0,2397.0,,364.0,,,,,,521.0,2750.0,,,,552.0,1052.0,3266.0,3282.0,,,
1167.0,3878.0,553.0,4071.0,119.0,2887.0,,2284.0,,,,,,1431.0,282.0,,,,217.0,437.0,3742.0,2049.0,,,
459.0,682.0,1370.0,1525.0,2294.0,3641.0,,3820.0,,,,,,3803.0,2242.0,,,,472.0,2344.0,1557.0,3460.0,,,
4019.0,2425.0,3249.0,1246.0,3278.0,327.0,,501.0,,,,,,1322.0,3343.0,,,,2233.0,1667.0,3740.0,264.0,,,
1542.0,3527.0,193.0,3911.0,609.0,2566.0,,3231.0,,,,,,3873.0,637.0,,,,2830.0,679.0,1054.0,2475.0,,,
1397.0,3753.0,2197.0,3718.0,3756.0,2706.0,,987.0,,,,,,3680.0,3596.0,,,,2192.0,211.0,3445.0,464.0,,,
3465.0,558.0,3795.0,4044.0,1903.0,3474.0,,3566.0,,,,,,990.0,2376.0,,,,2835.0,3983.0,2908.0,3426.0,,,
1261.0,2016.0,906.0,987.0,2585.0,1099.0,,4032.0,,,,,,4096.0,457.0,,,,430.0,1549.0,3314.0,433.0,,,
2860.0,3837.0,4060.0,4090.0,2147.0,74.0,,2569.0,,,,,,3866.0,3723.0,,,,918.0,1064.0,3728.0,346.0,,,
2703.0,3470.0,3446.0,1736.0,1282.0,773.0,,2688.0,,,,,,3179.0,1230.0,,,,346.0,2801.0,2735.0,851.0,,,
1178.0,1218.0,3654.0,97.0,174.0,726.0,,697.0,,,,,,1712.0,3452.0,,,,1449.0,214.0,3234.0,1967.0,,,
3835.0,4039.0,52.0,3714.0,2541.0,1637.0,,1148.0,,,,,,246.0,3018.0,,,,3827.0,3440.0,926.0,6.0,,,
3736.0,3366.0,3961.0,1751.0,1223.0,1964.0,,1518.0,,,,,,3920.0,359.0,,,,2720.0,3832.0,1712.0,2038.0,,,
1009.0,330.0,622.0,1606.0,2431.0,2342.0,,2112.0,,,,,,563.0,2433.0,,,,2962.0,290.0,3713.0,360.0,,,
3011.0,2831.0,1378.0,2354.0,3186.0,2353.0,,3629.0,,,,,,1210.0,531.0,,,,3357.0,1359.0,830.0,4031.0,,,
2246.0,171.0,1200.0,3778.0,2425.0,1205.0,,1000.0,,,,,,1277.0,3158.0,,,,3370.0,731.0,2170.0,1959.0,,,
3611.0,2028.0,236.0,947.0,765.0,1582.0,,1119.0,,,,,,390.0,895.0,,,,3415.0,2901.0,1334.0,1157.0,,,
808.0,3737.0,1088.0,3720.0,2003.0,2901.0,,3919.0,,,,,,1270.0,1830.0,,,,826.0,481.0,500.0,497.0,,,
3016.0,1941.0,3430.0,3630.0,1541.0,241.0,,316.0,,,,,,494.0,3875.0,,,,225.0,1565.0,378.0,2474.0,,,
392.0,3098.0,2388.0,2274.0,1801.0,3409.0,,989.0,,,,,,1323.0,121.0,,,,1028.0,4062.0,3029.0,3200.0,,,
4064.0,989.0,979.0,566.0,439.0,1759.0,,3393.0,,,,,,1654.0,3645.0,,,,1862.0,2719.0,3805.0,1472.0,,,
1911.0,3132.0,2968.0,704.0,795.0,2567.0,,727.0,,,,,,909.0,1024.0,,,,1635.0,3979.0,2972.0,73.0,,,
3899.0,2375.0,1405.0,2047.0,1469.0,707.0,,40.0,,,,,,3730.0,2430.0,,,,670.0,1363.0,3336.0,3164.0,,,
553.0,3725.0,563.0,2039.0,2545.0,3782.0,,184.0,,,,,,4075.0,2418.0,,,,1947.0,433.0,1459.0,96.0,,,
1926.0,3798.0,531.0,3488.0,835.0,2423.0,,3944.0,,,,,,2728.0,2148.0,,,,1758.0,1858.0,2461.0,1219.0,,,
2207.0,1396.0,1620.0,1054.0,3609.0,2551.0,,2920.0,,,,,,3066.0,416.0,,,,1234.0,100.0,1433.0,1825.0,,,
2973.0,3963.0,3113.0,39.0,2306.0,928.0,,1660.0,,,,,,2330.0,131.0,,,,3260.0,3466.0,2131.0,2664.0,,,
814.0,163.0,3716.0,1182.0,981.0,3554.0,,1645.0,,,,,,1684.0,532.0,,,,3800.0,1778.0,3045.0,609.0,,,
243.0,3768.0,1918.0,3506.0,681.0,635.0,,1275.0,,,,,,2999.0,2052.0,,,,3159.0,2491.0,390.0,2953.0,,,
2273.0,1476.0,266.0,1951.0,2716.0,550.0,,3384.0,,,,,,3966.0,3285.0,,,,147.0,2820.0,2318.0,108.0,,,
2757.0,96.0,2192.0,2803.0,2930.0,2742.0,,413.0,,,,,,260.0,917.0,,,,2401.0,1081.0,1886.0,846.0,,,
2196.0,2184.0,2742.0,4099.0,793.0,2909.0,,1059.0,,,,,,575.0,1670.0,,,,2683.0,1556.0,4068.0,1686.0,,,
2428.0,512.0,1306.0,2408.0,503.0,3365.0,,3446.0,,,,,,533.0,1537.0,,,,321.0,2329.0,341.0,1777.0,,,
2345.0,118.0,1461.0,904.0,2951.0,48.0,,2367.0,,,,,,644.0,2681.0,,,,195.0,1374.0,3309.0,1659.0,,,
901.0,3918.0,2377.0,3214.0,2160.0,768.0,,3545.0,,,,,,3140.0,2019.0,,,,2322.0,2886.0,2584.0,1284.0,,,
427.0,1144.0,1584.0,2063.0,3579.0,2546.0,,1804.0,,,,,,1171.0,3641.0,,,,3601.0,3312.0,1234.0,1409.0,,,
3802.0,1224.0,1704.0,2893.0,1540.0,1289.0,,1151.0,,,,,,3194.0,3839.0,,,,622.0,3219.0,86.0,630.0,,,
1411.0,203.0,1332.0,29.0,555.0,1850.0,,482.0,,,,,,3769.0,1219.0,,,,905.0,3235.0,805.0,1812.0,,,
3567.0,642.0,3375.0,848.0,787.0,1686.0,,3333.0,,,,,,395.0,646.0,,,,2366.0,505.0,608.0,453.0,,,
1398.0,3274.0,3678.0,1695.0,172.0,325.0,,743.0,,,,,,902.0,1742.0,,,,59.0,3631.0,1730.0,3319.0,,,
3233.0,2834.0,2479.0,918.0,3547.0,1048.0,,786.0,,,,,,774.0,3696.0,,,,2337.0,2680.0,711.0,2908.0,,,
2558.0,2150.0,2015.0,1422.0,2373.0,296.0,,3518.0,,,,,,1199.0,2587.0,,,,337.0,3605.0,1538.0,1740.0,,,
271.0,1791.0,294.0,12.0,12.0,902.0,,2712.0,,,,,,1261.0,715.0,,,,1932.0,3099.0,3064.0,3974.0,,,
3150.0,2302.0,3460.0,716.0,1955.0,2087.0,,3229.0,,,,,,1243.0,2410.0,,,,1406.0,3318.0,3602.0,2721.0,,,
1528.0,1235.0,1900.0,1227.0,2143.0,1511.0,,1308.0,,,,,,3401.0,1484.0,,,,1250.0,3458.0,2394.0,3237.0,,,
3946.0,3932.0,2275.0,139.0,3528.0,2579.0,,2489.0,,,,,,1324.0,55.0,,,,998.0,2007.0,743.0,2739.0,,,
2112.0,3133.0,206.0,3382.0,717.0,1101.0,,101.0,,,,,,2727.0,2916.0,,,,782.0,1997.0,992.0,353.0,,,
1577.0,3067.0,3445.0,2515.0,1656.0,3490.0,,3986.0,,,,,,956.0,2267.0,,,,1341.0,2830.0,169.0,3243.0,,,
3124.0,377.0,178.0,3904.0,1335.0,2079.0,,1781.0,,,,,,791.0,3655.0,,,,1891.0,3311.0,2311.0,3267.0,,,
2151.0,29.0,2131.0,1917.0,3624.0,962.0,,1778.0,,,,,,2282.0,2486.0,,,,1874.0,4039.0,3571.0,2441.0,,,
1405.0,1991.0,973.0,2031.0,1331.0,1716.0,,1950.0,,,,,,3600.0,1757.0,,,,3892.0,1104.0,418.0,2195.0,,,
864.0,3054.0,1498.0,1958.0,2881.0,950.0,,1967.0,,,,,,2661.0,1650.0,,,,35.0,3877.0,3954.0,3293.0,,,
3978.0,3818.0,3866.0,3774.0,2266.0,2076.0,,831.0,,,,,,1522.0,3523.0,,,,3381.0,1218.0,515.0,2692.0,,,
1823.0,2005.0,1277.0,3648.0,3457.0,305.0,,2542.0,,,,,,817.0,3733.0,,,,991.0,1605.0,2215.0,970.0,,,
295.0,1159.0,3534.0,3896.0,1120.0,2854.0,,2971.0,,,,,,3088.0,958.0,,,,3315.0,735.0,3459.0,3936.0,,,
588.0,4014.0,2175.0,2477.0,3479.0,4051.0,,2700.0,,,,,,3753.0,610.0,,,,713.0,1756.0,3588.0,1138.0,,,
4031.0,1498.0,3810.0,3620.0,1918.0,3449.0,,30.0,,,,,,1824.0,2937.0,,,,1389.0,2782.0,3650.0,1148.0,,,
4080.0,1296.0,1530.0,3155.0,3489.0,1631.0,,308.0,,,,,,2584.0,2850.0,,,,4019.0,3931.0,43.0,2622.0,,,
797.0,2235.0,1877.0,2550.0,2235.0,1388.0,,3895.0,,,,,,410.0,3670.0,,,,4074.0,1835.0,3929.0,3154.0,,,
1478.0,1619.0,2476.0,2215.0,1339.0,3110.0,,3866.0,,,,,,3584.0,2737.0,,,,212.0,750.0,263.0,3347.0,,,
2705.0,1968.0,1683.0,220.0,1320.0,1523.0,,3718.0,,,,,,2856.0,2394.0,,,,3931.0,2787.0,3223.0,47.0,,,
4038.0,2832.0,2519.0,235.0,402.0,986.0,,4036.0,,,,,,73.0,760.0,,,,1123.0,4051.0,4011.0,2764.0,,,
2575.0,2947.0,3968.0,1018.0,27.0,2849.0,,811.0,,,,,,4095.0,1515.0,,,,3948.0,2658.0,1149.0,1991.0,,,
1236.0,739.0,116.0,3473.0,3914.0,1570.0,,1679.0,,,,,,2782.0,931.0,,,,1099.0,746.0,680.0,1661.0,,,
3506.0,3197.0,3392.0,3389.0,1152.0,3193.0,,2028.0,,,,,,512.0,2292.0,,,,673.0,1524.0,2913.0,2785.0,,,
319.0,3138.0,3007.0,1401.0,3217.0,1844.0,,2332.0,,,,,,3733.0,3235.0,,,,680.0,2821.0,2144.0,3238.0,,,
774.0,212.0,3637.0,2721.0,3527.0,3059.0,,94.0,,,,,,2032.0,3637.0,,,,3013.0,2854.0,1298.0,769.0,,,
3318.0,3601.0,2079.0,125.0,1723.0,2561.0,,2234.0,,,,,,3515.0,517.0,,,,357.0,1295.0,3677.0,2254.0,,,
1510.0,351.0,3001.0,2233.0,2699.0,1547.0,,2313.0,,,,,,454.0,3250.0,,,,3011.0,2654.0,12.0,2552.0,,,
294.0,374.0,3688.0,2660.0,2644.0,2019.0,,1016.0,,,,,,961.0,2155.0,,,,2607.0,1229.0,751.0,720.0,,,
2189.0,1712.0,409.0,3023.0,2017.0,3407.0,,2910.0,,,,,,837.0,1014.0,,,,3305.0,1066.0,2987.0,2872.0,,,
3094.0,638.0,865.0,3013.0,2341.0,2559.0,,4065.0,,,,,,2015.0,629.0,,,,3532.0,312.0,2493.0,277.0,,,
2410.0,1371.0,3068.0,877.0,988.0,1633.0,,517.0,,,,,,3834.0,1088.0,,,,207.0,3615.0,115.0,2969.0,,,
2419.0,348.0,483.0,1593.0,1485.0,2580.0,,3380.0,,,,,,1935.0,458.0,,,,3968.0,1402.0,2865.0,1424.0,,,
3890.0,161.0,4039.0,955.0,1353.0,1940.0,,1219.0,,,,,,1312.0,4.0,,,,572.0,2388.0,1792.0,41.0,,,
1884.0,2019.0,2254.0,2330.0,2014.0,870.0,,214.0,,,,,,3467.0,2853.0,,,,484.0,2009.0,3702.0,4035.0,,,
55.0,1630.0,2392.0,2640.0,1809.0,229.0,,3194.0,,,,,,1668.0,3142.0,,,,852.0,3247.0,3615.0,306.0,,,
2571.0,1893.0,379.0,1245.0,213.0,887.0,,2647.0,,,,,,562.0,3251.0,,,,3531.0,604.0,2262.0,1847.0,,,
3790.0,2229.0,1394.0,1104.0,1811.0,3305.0,,1562.0,,,,,,2251.0,251.0,,,,2303.0,2548.0,2136.0,34.0,,,
934.0,2123.0,1270.0,1355.0,1979.0,1480.0,,1208.0,,,,,,1804.0,1786.0,,,,2603.0,3844.0,3960.0,1522.0,,,
3531.0,2120.0,2980.0,2552.0,2766.0,639.0,,2821.0,,,,,,3013.0,603.0,,,,2605.0,4046.0,2562.0,3114.0,,,
3806.0,1892.0,524.0,3775.0,2992.0,482.0,,1913.0,,,,,,2223.0,3669.0,,,,593.0,1957.0,832.0,3005.0,,,
879.0,3479.0,2230.0,993.0,2194.0,3861.0,,261.0,,,,,,2657.0,2446.0,,,,3687.0,3158.0,468.0,909.0,,,
3284.0,488.0,675.0,3962.0,3238.0,1046.0,,1814.0,,,,,,3192.0,2506.0,,,,1781.0,2517.0,1492.0,2904.0,,,
2696.0,1699.0,1836.0,2058.0,1116.0,2985.0,,4076.0,,,,,,1154.0,21.0,,,,2310.0,2152.0,2797.0,2677.0,,,
140.0,2892.0,1305.0,2649.0,3890.0,949.0,,845.0,,,,,,3818.0,1349.0,,,,3855.0,2496.0,896.0,968.0,,,
235.0,726.0,3317.0,1405.0,2301.0,1878.0,,1510.0,,,,,,2008.0,1855.0,,,,136.0,1832.0,3585.0,3702.0,,,
1899.0,2099.0,1481.0,3303.0,1531.0,1350.0,,3548.0,,,,,,2515.0,2393.0,,,,1675.0,3462.0,1418.0,3861.0,,,
508.0,1259.0,1978.0,3951.0,2356.0,824.0,,2726.0,,,,,,715.0,4062.0,,,,2285.0,2213.0,1188.0,1116.0,,,
3947.0,2465.0,614.0,2902.0,409.0,1290.0,,1865.0,,,,,,3851.0,2147.0,,,,2007.0,3865.0,3678.0,2499.0,,,
642.0,3192.0,3490.0,582.0,4002.0,3766.0,,1849.0,,,,,,2567.0,1694.0,,,,3279.0,1372.0,3095.0,2914.0,,,
824.0,442.0,1486.0,185.0,1561.0,3649.0,,588.0,,,,,,3387.0,3620.0,,,,411.0,3206.0,2849.0,3602.0,,,
3866.0,3417.0,3551.0,2828.0,322.0,4062.0,,806.0,,,,,,32.0,357.0,,,,1885.0,3066.0,622.0,3218.0,,,
2226.0,47.0,2066.0,3439.0,2048.0,1701.0,,3902.0,,,,,,3542.0,4087.0,,,,1151.0,2228.0,1928.0,3909.0,,,
2494.0,2008.0,2182.0,1684.0,620.0,4033.0,,992.0,,,,,,3136.0,1176.0,,,,3317.0,3729.0,3582.0,1569.0,,,
1094.0,1890.0,3441.0,2128.0,1413.0,1146.0,,805.0,,,,,,1876.0,2549.0,,,,543.0,1894.0,973.0,2667.0,,,
2158.0,4097.0,1421.0,3879.0,1394.0,759.0,,3110.0,,,,,,2980.0,34.0,,,,2494.0,3783.0,745.0,4024.0,,,
350.0,1662.0,175.0,869.0,2860.0,1630.0,,2101.0,,,,,,1455.0,1504.0,,,,145.0,471.0,3191.0,1172.0,,,
3061.0,2580.0,1302.0,1974.0,1539.0,272.0,,3227.0,,,,,,3907.0,3447.0,,,,2126.0,113.0,933.0,333.0,,,
1015.0,153.0,3166.0,3645.0,1396.0,520.0,,762.0,,,,,,2840.0,1568.0,,,,1074.0,3805.0,2258.0,4083.0,,,
3049.0,956.0,1819.0,49.0,3992.0,1664.0,,3752.0,,,,,,3133.0,3758.0,,,,1305.0,1824.0,2674.0,3355.0,,,
3698.0,38.0,5.0,347.0,1841.0,438.0,,3045.0,,,,,,44.0,2204.0,,,,2619.0,2273.0,1992.0,2986.0,,,
1332.0,8.0,985.0,3186.0,629.0,2158.0,,3702.0,,,,,,3377.0,132.0,,,,4035.0,3371.0,1004.0,2545.0,,,
443.0,2676.0,3820.0,3345.0,3875.0,1957.0,,1138.0,,,,,,3845.0,1103.0,,,,946.0,1103.0,1231.0,2111.0,,,
3636.0,2309.0,766.0,3690.0,2008.0,1354.0,,620.0,,,,,,3059.0,3613.0,,,,3614.0,3108.0,1380.0,3549.0,,,
3580.0,2762.0,2881.0,2338.0,2134.0,2805.0,,2301.0,,,,,,1239.0,3868.0,,,,1060.0,1404.0,2534.0,1842.0,,,
854.0,725.0,3074.0,1868.0,581.0,1191.0,,1286.0,,,,,,3418.0,3103.0,,,,644.0,58.0,577.0,532.0,,,
1660.0,2304.0,1393.0,2505.0,3207.0,1486.0,,3323.0,,,,,,749.0,1252.0,,,,3972.0,1608.0,242.0,960.0,,,
3491.0,1488.0,3768.0,1478.0,1204.0,2311.0,,2800.0,,,,,,3976.0,563.0,,,,2537.0,466.0,3083.0,3532.0,,,
3836.0,3396.0,374.0,668.0,944.0,1163.0,,1874.0,,,,,,1173.0,2427.0,,,,2387.0,928.0,144.0,938.0,,,
2778.0,2093.0,2905.0,1538.0,3474.0,3456.0,,2128.0,,,,,,1894.0,3326.0,,,,220.0,1376.0,3638.0,2298.0,,,
2017.0,2370.0,1361.0,3443.0,770.0,2699.0,,547.0,,,,,,3593.0,3802.0,,,,102.0,303.0,1037.0,1022.0,,,
2026.0,2864.0,3423.0,17.0,1765.0,3100.0,,1676.0,,,,,,730.0,107.0,,,,3883.0,3547.0,1070.0,1979.0,,,
2978.0,1538.0,843.0,3171.0,388.0,169.0,,2317.0,,,,,,4094.0,2648.0,,,,2887.0,2602.0,3998.0,1362.0,,,
1472.0,3449.0,2991.0,2549.0,1740.0,3300.0,,3574.0,,,,,,1466.0,1109.0,,,,1339.0,230.0,1511.0,990.0,,,
50.0,2458.0,1535.0,3433.0,665.0,3815.0,,2562.0,,,,,,763.0,3625.0,,,,1534.0,1843.0,2377.0,1321.0,,,
1931.0,98.0,3103.0,3280.0,2871.0,2516.0,,3622.0,,,,,,1414.0,3464.0,,,,1403.0,4083.0,4026.0,802.0,,,
942.0,2675.0,1631.0,346.0,3473.0,3095.0,,374.0,,,,,,257.0,1045.0,,,,521.0,718.0,1136.0,3486.0,,,
2212.0,470.0,1903.0,1210.0,3465.0,789.0,,564.0,,,,,,1386.0,4024.0,,,,226.0,1101.0,3950.0,3877.0,,,
1175.0,428.0,1174.0,2809.0,3395.0,2863.0,,1719.0,,,,,,2503.0,2104.0,,,,2938.0,3705.0,1715.0,2319.0,,,
2946.0,2540.0,2862.0,3865.0,2755.0,2401.0,,3575.0,,,,,,3205.0,2534.0,,,,2471.0,1689.0,2436.0,1448.0,,,
850.0,3389.0,3623.0,2919.0,385.0,3416.0,,1621.0,,,,,,3079.0,2023.0,,,,2556.0,3077.0,3059.0,1331.0,,,
361.0,2357.0,3569.0,1009.0,1483.0,1360.0,,2969.0,,,,,,1889.0,37.0,,,,1205.0,3424.0,1819.0,3165.0,,,
3675.0,1445.0,2360.0,1874.0,1291.0,2519.0,,4094.0,,,,,,2554.0,747.0,,,,1011.0,4091.0,2328.0,1892.0,,,
2673.0,1448.0,3508.0,3098.0,3035.0,3243.0,,1656.0,,,,,,2606.0,3702.0,,,,579.0,2679.0,3840.0,2110.0,,,
1429.0,3109.0,2797.0,3905.0,1616.0,3010.0,,3522.0,,,,,,2720.0,3347.0,,,,3937.0,3457.0,456.0,3739.0,,,
1654.0,1640.0,169.0,3223.0,216.0,2458.0,,2674.0,,,,,,2452.0,578.0,,,,485.0,3594.0,3383.0,171.0,,,
2599.0,215.0,4010.0,1015.0,2491.0,3246.0,,2204.0,,,,,,3809.0,323.0,,,,1290.0,1673.0,2223.0,461.0,,,
3443.0,1274.0,3953.0,2129.0,1066.0,1537.0,,706.0,,,,,,1133.0,1320.0,,,,2702.0,3798.0,595.0,88.0,,,
2573.0,3641.0,2515.0,1744.0,2660.0,101.0,,532.0,,,,,,1842.0,2121.0,,,,141.0,849.0,139.0,3820.0,,,
2883.0,2443.0,3219.0,3163.0,3470.0,2796.0,,531.0,,,,,,465.0,1646.0,,,,2616.0,233.0,629.0,2426.0,,,
3290.0,716.0,1834.0,296.0,3713.0,2222.0,,2915.0,,,,,,2006.0,1010.0,,,,2818.0,2316.0,837.0,512.0,,,
1046.0,3442.0,3892.0,3983.0,158.0,3299.0,,3645.0,,,,,,1488.0,23.0,,,,2045.0,1726.0,2210.0,2419.0,,,
782.0,433.0,1328.0,1588.0,4088.0,3761.0,,3828.0,,,,,,3376.0,712.0,,,,1410.0,1955.0,1542.0,3269.0,,,
3554.0,2040.0,2402.0,494.0,515.0,1667.0,,3597.0,,,,,,3991.0,1107.0,,,,3619.0,3725.0,3948.0,2799.0,,,
3684.0,2855.0,1014.0,3270.0,85.0,634.0,,2958.0,,,,,,4091.0,565.0,,,,2114.0,2589.0,2528.0,2410.0,,,
3776.0,2060.0,688.0,2460.0,1672.0,496.0,,2051.0,,,,,,2674.0,2900.0,,,,2898.0,624.0,2988.0,2571.0,,,
1755.0,2725.0,335.0,2266.0,2509.0,709.0,,126.0,,,,,,1480.0,3525.0,,,,1114.0,2234.0,3081.0,2354.0,,,
1168.0,2111.0,3003.0,2439.0,1874.0,2724.0,,552.0,,,,,,3539.0,1145.0,,,,3722.0,3035.0,522.0,1701.0,,,
421.0,2588.0,3608.0,2966.0,3193.0,3026.0,,1105.0,,,,,,4018.0,4097.0,,,,24.0,2012.0,316.0,3908.0,,,
682.0,1747.0,2865.0,149.0,3757.0,2469.0,,1328.0,,,,,,1958.0,314.0,,,,2758.0,2511.0,2555.0,2166.0,,,
992.0,3238.0,3535.0,1985.0,1038.0,3897.0,,830.0,,,,,,238.0,1748.0,,,,1096.0,1298.0,373.0,600.0,,,
3480.0,3704.0,648.0,2489.0,1987.0,1710.0,,1932.0,,,,,,4037.0,3846.0,,,,3360.0,1561.0,2356.0,2103.0,,,
351.0,1750.0,3753.0,3463.0,2381.0,908.0,,1325.0,,,,,,3827.0,854.0,,,,1200.0,1694.0,2103.0,2640.0,,,
3964.0,3203.0,2555.0,3511.0,2460.0,3592.0,,1262.0,,,,,,2885.0,1997.0,,,,17.0,3637.0,1860.0,3043.0,,,
1789.0,3502.0,1078.0,3816.0,2863.0,308.0,,2449.0,,,,,,2677.0,1263.0,,,,2896.0,3012.0,3738.0,1433.0,,,
1191.0,383.0,296.0,2246.0,1697.0,311.0,,794.0,,,,,,3150.0,1502.0,,,,175.0,3189.0,2617.0,1881.0,,,
1558.0,2422.0,3771.0,3723.0,1043.0,2746.0,,2086.0,,,,,,3395.0,252.0,,,,1296.0,223.0,838.0,672.0,,,
42.0,3073.0,1920.0,3261.0,3034.0,2177.0,,1742.0,,,,,,1114.0,1268.0,,,,1505.0,3814.0,3172.0,2271.0,,,
539.0,3825.0,704.0,319.0,2894.0,1908.0,,1873.0,,,,,,478.0,2848.0,,,,2811.0,1377.0,1029.0,857.0,,,
3909.0,2117.0,3047.0,3577.0,3393.0,1501.0,,286.0,,,,,,434.0,361.0,,,,2978.0,3791.0,230.0,1371.0,,,
816.0,1221.0,1321.0,2933.0,1633.0,557.0,,2999.0,,,,,,3807.0,3009.0,,,,468.0,2897.0,3282.0,734.0,,,
2357.0,1106.0,1915.0,776.0,2069.0,3145.0,,2525.0,,,,,,3864.0,1236.0,,,,1009.0,441.0,1458.0,3268.0,,,
221.0,4095.0,2697.0,2244.0,18.0,1518.0,,3495.0,,,,,,3.0,2109.0,,,,3037.0,656.0,1099.0,2868.0,,,
305.0,1584.0,532.0,1508.0,2316.0,2709.0,,3093.0,,,,,,1694.0,320.0,,,,3204.0,4093.0,3858.0,849.0,,,
2912.0,2308.0,2544.0,232.0,3533.0,1747.0,,96.0,,,,,,3781.0,1927.0,,,,3384.0,2695.0,3499.0,1732.0,,,
2312.0,1956.0,754.0,4032.0,2543.0,196.0,,2508.0,,,,,,1666.0,20.0,,,,3895.0,2346.0,3359.0,1067.0,,,
2244.0,1334.0,2382.0,916.0,2517.0,1431.0,,61.0,,,,,,1545.0,933.0,,,,423.0,2459.0,3687.0,2293.0,,,
1534.0,883.0,1768.0,3167.0,2868.0,1445.0,,3476.0,,,,,,3945.0,435.0,,,,783.0,3541.0,2837.0,1529.0,,,
2128.0,1286.0,3907.0,1202.0,2121.0,1079.0,,390.0,,,,,,2753.0,2987.0,,,,2960.0,5.0,1265.0,608.0,,,
897.0,1519.0,1213.0,2981.0,3878.0,2434.0,,1221.0,,,,,,3756.0,3064.0,,,,2390.0,1697.0,2211.0,2613.0,,,
1305.0,2544.0,3034.0,1663.0,1825.0,1298.0,,2882.0,,,,,,3570.0,1330.0,,,,3106.0,3004.0,1562.0,2508.0,,,
1231.0,2164.0,3606.0,1178.0,1842.0,3268.0,,2285.0,,,,,,1891.0,872.0,,,,3330.0,2001.0,273.0,748.0,,,
3314.0,2589.0,1171.0,2015.0,347.0,3829.0,,42.0,,,,,,2176.0,4020.0,,,,659.0,2283.0,722.0,742.0,,,
1515.0,2063.0,827.0,2974.0,1898.0,3382.0,,113.0,,,,,,3844.0,2445.0,,,,1169.0,564.0,1001.0,1514.0,,,
1582.0,87.0,2587.0,540.0,3447.0,2605.0,,3513.0,,,,,,3276.0,187.0,,,,3324.0,1644.0,1484.0,2882.0,,,
2945.0,592.0,75.0,2358.0,1400.0,1129.0,,1667.0,,,,,,600.0,1319.0,,,,1663.0,3875.0,1788.0,1058.0,,,
1541.0,3719.0,85.0,1473.0,1286.0,992.0,,2114.0,,,,,,988.0,2578.0,,,,1549.0,1310.0,1672.0,3422.0,,,
2793.0,1894.0,2179.0,304.0,2797.0,1618.0,,3723.0,,,,,,2833.0,343.0,,,,1372.0,2964.0,2902.0,996.0,,,
3874.0,373.0,3302.0,411.0,3163.0,1348.0,,1254.0,,,,,,974.0,3590.0,,,,3416.0,245.0,2938.0,123.0,,,
2066.0,1961.0,3319.0,3291.0,3024.0,4069.0,,2250.0,,,,,,3880.0,1966.0,,,,2288.0,3667.0,1864.0,2510.0,,,
3987.0,560.0,3287.0,1791.0,2380.0,3213.0,,3374.0,,,,,,3322.0,3412.0,,,,968.0,684.0,975.0,2806.0,,,
3454.0,3518.0,1959.0,3362.0,1027.0,1744.0,,132.0,,,,,,1328.0,1165.0,,,,889.0,1393.0,3888.0,2102.0,,,
1496.0,198.0,1858.0,1600.0,2678.0,4008.0,,2072.0,,,,,,3319.0,527.0,,,,1980.0,74.0,785.0,233.0,,,
965.0,1194.0,2339.0,751.0,2192.0,849.0,,1841.0,,,,,,1699.0,2957.0,,,,3936.0,1444.0,4098.0,1146.0,,,
2453.0,3698.0,1240.0,3141.0,3698.0,2467.0,,2065.0,,,,,,2561.0,1030.0,,,,3177.0,496.0,3803.0,4016.0,,,
946.0,1462.0,1830.0,4085.0,1268.0,749.0,,4040.0,,,,,,391.0,2392.0,,,,2077.0,3059.0,1793.0,2178.0,,,
3343.0,2954.0,565.0,723.0,3375.0,3437.0,,1266.0,,,,,,213.0,62.0,,,,1377.0,2632.0,2909.0,3431.0,,,
1560.0,350.0,3188.0,431.0,1895.0,1045.0,,1855.0,,,,,,3934.0,3174.0,,,,3534.0,2732.0,2226.0,22.0,,,
3212.0,1769.0,1499.0,3274.0,3651.0,1654.0,,509.0,,,,,,1280.0,3356.0,,,,663.0,3849.0,413.0,195.0,,,
720.0,2829.0,3094.0,4055.0,1321.0,486.0,,2109.0,,,,,,2146.0,3766.0,,,,1450.0,3429.0,558.0,1901.0,,,
3870.0,1487.0,1542.0,994.0,1899.0,1061.0,,2529.0,,,,,,1729.0,1574.0,,,,1544.0,269.0,2905.0,685.0,,,
2888.0,3781.0,568.0,3615.0,1246.0,1542.0,,1840.0,,,,,,1432.0,1078.0,,,,1041.0,2924.0,834.0,3598.0,,,
1126.0,3497.0,4063.0,885.0,2144.0,1733.0,,2047.0,,,,,,2742.0,1899.0,,,,1582.0,532.0,1212.0,686.0,,,
1486.0,773.0,2425.0,3192.0,965.0,2391.0,,2341.0,,,,,,3359.0,1531.0,,,,1159.0,2867.0,698.0,501.0,,,
2281.0,3545.0,1341.0,3560.0,2222.0,1835.0,,3286.0,,,,,,3394.0,2964.0,,,,1634.0,3527.0,3601.0,2066.0,,,
2205.0,2560.0,3560.0,520.0,574.0,1999.0,,3413.0,,,,,,2687.0,632.0,,,,478.0,1309.0,4075.0,2824.0,,,
607.0,620.0,3563.0,3083.0,640.0,906.0,,3855.0,,,,,,1664.0,2000.0,,,,895.0,1345.0,3899.0,1011.0,,,
2550.0,3642.0,2952.0,292.0,442.0,2664.0,,3552.0,,,,,,1222.0,2383.0,,,,4051.0,309.0,1917.0,1498.0,,,
2432.0,1248.0,3258.0,3427.0,3805.0,3278.0,,967.0,,,,,,3324.0,1707.0,,,,2692.0,2211.0,0.0,1018.0,,,
3054.0,1385.0,174.0,1338.0,2438.0,3945.0,,765.0,,,,,,1449.0,1718.0,,,,2919.0,1341.0,2008.0,1121.0,,,
3406.0,213.0,2518.0,2937.0,3815.0,2512.0,,1406.0,,,,,,173.0,844.0,,,,361.0,3830.0,931.0,1556.0,,,
3851.0,3248.0,3832.0,1925.0,3578.0,2110.0,,1113.0,,,,,,357.0,400.0,,,,3608.0,779.0,1814.0,3685.0,,,
1130.0,3499.0,632.0,4051.0,125.0,1627.0,,1132.0,,,,,,2232.0,3916.0,,,,3153.0,2446.0,3842.0,3731.0,,,
2321.0,2948.0,261.0,3813.0,2406.0,732.0,,136.0,,,,,,4063.0,2362.0,,,,464.0,2074.0,2657.0,1052.0,,,
431.0,2326.0,3081.0,805.0,866.0,1509.0,,1858.0,,,,,,3623.0,1693.0,,,,3699.0,2978.0,2138.0,966.0,,,
3012.0,3525.0,2287.0,747.0,1850.0,2868.0,,2031.0,,,,,,823.0,3455.0,,,,1608.0,748.0,2954.0,3367.0,,,
562.0,2932.0,2048.0,3941.0,1678.0,301.0,,349.0,,,,,,2150.0,3191.0,,,,3692.0,20.0,610.0,2852.0,,,
2382.0,1188.0,2240.0,2391.0,2590.0,3065.0,,189.0,,,,,,3695.0,2261.0,,,,2048.0,573.0,3173.0,3394.0,,,
1487.0,3023.0,1067.0,1087.0,2638.0,2137.0,,1210.0,,,,,,171.0,652.0,,,,1383.0,3987.0,3502.0,2470.0,,,
1321.0,416.0,1691.0,2131.0,1452.0,1063.0,,1678.0,,,,,,4067.0,1896.0,,,,2748.0,2083.0,1752.0,542.0,,,
84.0,1594.0,1140.0,3092.0,2752.0,1199.0,,130.0,,,,,,3890.0,1675.0,,,,1929.0,1082.0,1039.0,3209.0,,,
1062.0,3715.0,3612.0,3977.0,1141.0,3331.0,,3600.0,,,,,,1032.0,881.0,,,,3186.0,361.0,1052.0,3002.0,,,
3741.0,1800.0,944.0,1064.0,1605.0,1341.0,,525.0,,,,,,3560.0,1994.0,,,,804.0,3142.0,1627.0,3694.0,,,
624.0,1896.0,2264.0,2461.0,2353.0,1220.0,,1376.0,,,,,,1517.0,3667.0,,,,1300.0,2647.0,3792.0,1403.0,,,
2042.0,1828.0,492.0,78.0,2116.0,3536.0,,2635.0,,,,,,279.0,1455.0,,,,1827.0,3973.0,1565.0,3918.0,,,
1267.0,3148.0,626.0,717.0,2169.0,343.0,,3577.0,,,,,,2828.0,713.0,,,,1231.0,3060.0,1239.0,3544.0,,,
94.0,3879.0,2116.0,1586.0,1424.0,1948.0,,1250.0,,,,,,1599.0,2520.0,,,,750.0,1619.0,1292.0,1053.0,,,
2688.0,868.0,813.0,809.0,3499.0,3780.0,,3812.0,,,,,,3906.0,373.0,,,,1274.0,3894.0,398.0,2057.0,,,
3797.0,4098.0,578.0,1063.0,3331.0,3296.0,,821.0,,,,,,3716.0,3847.0,,,,1149.0,168.0,3280.0,2087.0,,,
2808.0,710.0,1072.0,2530.0,2348.0,1665.0,,2309.0,,,,,,1788.0,2538.0,,,,3681.0,1991.0,2062.0,3710.0,,,
828.0,2901.0,2801.0,201.0,3817.0,806.0,,1937.0,,,,,,2988.0,980.0,,,,3104.0,364.0,1190.0,2791.0,,,
2263.0,401.0,1608.0,753.0,1952.0,2094.0,,1774.0,,,,,,720.0,3927.0,,,,2573.0,787.0,2405.0,3428.0,,,
2671.0,1660.0,3718.0,816.0,3042.0,401.0,,1795.0,,,,,,864.0,801.0,,,,1369.0,818.0,2270.0,3678.0,,,
3819.0,120.0,665.0,3195.0,2900.0,2870.0,,3778.0,,,,,,1697.0,851.0,,,,1779.0,1513.0,1118.0,179.0,,,
2190.0,653.0,2317.0,267.0,601.0,2300.0,,2036.0,,,,,,971.0,1240.0,,,,3035.0,1369.0,422.0,529.0,,,
3121.0,4071.0,1377.0,3166.0,1378.0,3947.0,,3781.0,,,,,,1165.0,1877.0,,,,3099.0,116.0,3201.0,3111.0,,,
1522.0,2303.0,3921.0,3872.0,2053.0,2644.0,,133.0,,,,,,1865.0,2512.0,,,,4034.0,2537.0,1320.0,3961.0,,,
2762.0,1960.0,2624.0,446.0,2239.0,3808.0,,1031.0,,,,,,2757.0,3871.0,,,,3179.0,502.0,1976.0,2161.0,,,
2389.0,1597.0,4057.0,1772.0,423.0,1470.0,,2180.0,,,,,,3232.0,2211.0,,,,267.0,1473.0,4064.0,3318.0,,,
2355.0,2572.0,2925.0,1440.0,3046.0,4101.0,,1014.0,,,,,,3220.0,3214.0,,,,1765.0,1237.0,1539.0,3279.0,,,
978.0,2492.0,3485.0,1671.0,3872.0,3070.0,,528.0,,,,,,2072.0,3834.0,,,,2395.0,648.0,3003.0,1179.0,,,
2749.0,2054.0,1971.0,1621.0,2031.0,2598.0,,2535.0,,,,,,1309.0,1288.0,,,,245.0,3331.0,1092.0,2763.0,,,
4033.0,4091.0,3409.0,2321.0,1191.0,1586.0,,2335.0,,,,,,1892.0,2077.0,,,,1379.0,2701.0,1622.0,1232.0,,,
1307.0,1004.0,3230.0,182.0,3109.0,1583.0,,2746.0,,,,,,2527.0,2281.0,,,,766.0,1099.0,1891.0,1045.0,,,
2843.0,1845.0,1781.0,537.0,3966.0,1824.0,,2925.0,,,,,,3328.0,2469.0,,,,3894.0,3271.0,3023.0,2730.0,,,
2992.0,2737.0,1233.0,3582.0,2114.0,3380.0,,2078.0,,,,,,2960.0,1232.0,,,,1661.0,1189.0,2407.0,2657.0,,,
949.0,2103.0,779.0,3734.0,2230.0,2387.0,,2959.0,,,,,,1075.0,2615.0,,,,3570.0,1112.0,2470.0,3800.0,,,
569.0,2784.0,3686.0,1222.0,3335.0,2251.0,,1171.0,,,,,,317.0,2792.0,,,,1023.0,1616.0,2573.0,1128.0,,,
2717.0,1177.0,3740.0,4029.0,3119.0,3107.0,,1165.0,,,,,,838.0,274.0,,,,3169.0,273.0,3974.0,2139.0,,,
2704.0,881.0,3938.0,1499.0,684.0,3902.0,,3878.0,,,,,,3664.0,3638.0,,,,3327.0,2729.0,2812.0,1083.0,,,
4094.0,534.0,2041.0,860.0,468.0,3736.0,,2990.0,,,,,,1071.0,719.0,,,,4055.0,2238.0,2973.0,2480.0,,,
4048.0,835.0,3682.0,180.0,3813.0,1212.0,,2790.0,,,,,,850.0,3772.0,,,,3392.0,3215.0,3423.0,267.0,,,
1434.0,1973.0,536.0,1878.0,3110.0,3472.0,,3437.0,,,,,,2200.0,1912.0,,,,3990.0,1649.0,493.0,3045.0,,,
1576.0,2523.0,3842.0,645.0,1806.0,3206.0,,2352.0,,,,,,3256.0,221.0,,,,716.0,1013.0,2189.0,1889.0,,,
1624.0,322.0,3747.0,294.0,3843.0,1309.0,,2061.0,,,,,,1127.0,3589.0,,,,3958.0,1355.0,2751.0,661.0,,,
2971.0,86.0,2920.0,958.0,2551.0,1060.0,,519.0,,,,,,1733.0,3038.0,,,,2182.0,369.0,2517.0,2720.0,,,
514.0,1537.0,1701.0,2664.0,422.0,868.0,,1659.0,,,,,,695.0,1054.0,,,,2796.0,3190.0,1763.0,2916.0,,,
1014.0,950.0,2504.0,3964.0,3493.0,2520.0,,1460.0,,,,,,423.0,1590.0,,,,3715.0,3353.0,904.0,1437.0,,,
1356.0,126.0,811.0,3685.0,3076.0,3256.0,,3057.0,,,,,,514.0,3981.0,,,,469.0,3126.0,3561.0,3968.0,,,
2206.0,1344.0,378.0,1510.0,2061.0,2068.0,,2344.0,,,,,,677.0,1080.0,,,,367.0,3815.0,2944.0,3146.0,,,
646.0,336.0,2522.0,1558.0,4057.0,2772.0,,1247.0,,,,,,3113.0,3739.0,,,,3151.0,2175.0,1591.0,365.0,,,
2138.0,2367.0,3737.0,1393.0,104.0,2843.0,,747.0,,,,,,118.0,3345.0,,,,125.0,1180.0,3489.0,1641.0,,,
1676.0,2734.0,3226.0,1277.0,846.0,2356.0,,1189.0,,,,,,2308.0,4060.0,,,,322.0,2618.0,454.0,1837.0,,,
3098.0,2950.0,3962.0,126.0,3012.0,3420.0,,362.0,,,,,,3445.0,1792.0,,,,3764.0,1907.0,3186.0,2122.0,,,
3181.0,2400.0,3205.0,3915.0,2274.0,1514.0,,1131.0,,,,,,2166.0,3321.0,,,,3651.0,3024.0,1262.0,3733.0,,,
3991.0,303.0,3870.0,2614.0,2526.0,3443.0,,1391.0,,,,,,3988.0,834.0,,,,2326.0,3034.0,2005.0,838.0,,,
3160.0,3037.0,1223.0,1183.0,218.0,1273.0,,945.0,,,,,,826.0,2203.0,,,,519.0,2793.0,3337.0,229.0,,,
1463.0,2878.0,2847.0,1580.0,1780.0,2770.0,,2824.0,,,,,,3109.0,1399.0,,,,982.0,2927.0,4049.0,2775.0,,,
1868.0,500.0,458.0,1139.0,514.0,109.0,,449.0,,,,,,3677.0,3216.0,,,,113.0,299.0,2114.0,2170.0,,,
3700.0,4004.0,2580.0,3458.0,2287.0,1153.0,,309.0,,,,,,3470.0,1242.0,,,,2892.0,2005.0,2603.0,3292.0,,,
2950.0,1876.0,1148.0,2527.0,3322.0,3552.0,,481.0,,,,,,3332.0,2456.0,,,,4098.0,2857.0,1614.0,3377.0,,,
3584.0,1659.0,121.0,199.0,1611.0,2836.0,,702.0,,,,,,1683.0,3569.0,,,,1191.0,1095.0,1831.0,469.0,,,
2349.0,3167.0,4030.0,2411.0,472.0,1479.0,,1578.0,,,,,,3385.0,32.0,,,,3509.0,1949.0,1514.0,76.0,,,
1338.0,3626.0,3132.0,1439.0,2668.0,2789.0,,3977.0,,,,,,626.0,3938.0,,,,923.0,2554.0,282.0,3084.0,,,
2672.0,657.0,501.0,2611.0,1594.0,3928.0,,1439.0,,,,,,116.0,1034.0,,,,2177.0,1021.0,1279.0,2805.0,,,
3815.0,3558.0,3863.0,1937.0,4067.0,3854.0,,1078.0,,,,,,2498.0,1062.0,,,,3009.0,1027.0,63.0,2017.0,,,
2810.0,216.0,2922.0,714.0,3421.0,3744.0,,1703.0,,,,,,912.0,304.0,,,,3093.0,2902.0,1966.0,962.0,,,
2817.0,2007.0,1642.0,3137.0,1945.0,1232.0,,1359.0,,,,,,4045.0,3911.0,,,,2340.0,156.0,824.0,3636.0,,,
570.0,1965.0,367.0,4033.0,1583.0,2753.0,,3236.0,,,,,,4015.0,2618.0,,,,2228.0,1603.0,3996.0,3622.0,,,
2980.0,2628.0,308.0,3845.0,3192.0,3804.0,,2885.0,,,,,,2950.0,2685.0,,,,1541.0,3833.0,1283.0,218.0,,,
1030.0,2140.0,2662.0,2104.0,3288.0,519.0,,548.0,,,,,,2034.0,746.0,,,,1713.0,3788.0,756.0,611.0,,,
3198.0,1227.0,3616.0,2123.0,1515.0,1825.0,,1726.0,,,,,,891.0,307.0,,,,3162.0,2196.0,3676.0,3839.0,,,
3915.0,2462.0,1557.0,87.0,1168.0,1055.0,,3240.0,,,,,,3316.0,309.0,,,,462.0,158.0,4005.0,3456.0,,,
2830.0,2053.0,518.0,2829.0,3103.0,3316.0,,241.0,,,,,,2495.0,2863.0,,,,45.0,711.0,2609.0,3517.0,,,
3050.0,644.0,3877.0,862.0,1178.0,3944.0,,1303.0,,,,,,443.0,957.0,,,,891.0,768.0,329.0,3215.0,,,
1688.0,813.0,2974.0,2560.0,3216.0,3995.0,,1548.0,,,,,,3265.0,3604.0,,,,135.0,2753.0,1953.0,1333.0,,,
2734.0,1792.0,2695.0,259.0,281.0,3210.0,,610.0,,,,,,3196.0,1113.0,,,,1261.0,2696.0,3466.0,1104.0,,,
2538.0,2341.0,577.0,3055.0,2529.0,12.0,,2735.0,,,,,,1397.0,3120.0,,,,1741.0,125.0,3833.0,3708.0,,,
1173.0,3971.0,1626.0,3211.0,1536.0,954.0,,978.0,,,,,,1291.0,3044.0,,,,882.0,226.0,3097.0,1221.0,,,
4093.0,3741.0,3570.0,2481.0,4055.0,469.0,,1915.0,,,,,,857.0,1836.0,,,,2915.0,450.0,2963.0,181.0,,,
2232.0,1743.0,1889.0,1645.0,2722.0,2252.0,,1326.0,,,,,,3706.0,2373.0,,,,1787.0,11.0,31.0,4017.0,,,
3770.0,2331.0,3313.0,3884.0,2315.0,820.0,,394.0,,,,,,756.0,1777.0,,,,3217.0,665.0,3002.0,2011.0,,,
2610.0,2812.0,2599.0,3909.0,3483.0,3463.0,,4018.0,,,,,,3569.0,3622.0,,,,1828.0,313.0,2483.0,1855.0,,,
3810.0,1902.0,3913.0,1252.0,658.0,2497.0,,2273.0,,,,,,2404.0,,,,,872.0,1703.0,1862.0,1870.0,,,
3408.0,808.0,3580.0,3624.0,2489.0,2228.0,,2902.0,,,,,,2854.0,,,,,1385.0,3287.0,697.0,2695.0,,,
542.0,2439.0,848.0,2613.0,2327.0,1982.0,,2369.0,,,,,,2415.0,,,,,3684.0,188.0,1534.0,3298.0,,,
3553.0,2314.0,1091.0,3680.0,3215.0,3866.0,,183.0,,,,,,2293.0,,,,,152.0,262.0,3486.0,1538.0,,,
4046.0,108.0,702.0,1070.0,673.0,713.0,,3496.0,,,,,,3006.0,,,,,21.0,825.0,1148.0,515.0,,,
458.0,2908.0,2863.0,2164.0,3995.0,3974.0,,670.0,,,,,,829.0,,,,,1132.0,3428.0,2179.0,2227.0,,,
1292.0,1330.0,2527.0,3306.0,1398.0,2547.0,,3568.0,,,,,,1704.0,,,,,1342.0,1903.0,3674.0,3108.0,,,
704.0,647.0,2565.0,233.0,3550.0,3828.0,,2494.0,,,,,,2070.0,,,,,2527.0,2954.0,3102.0,103.0,,,
3996.0,765.0,371.0,2873.0,1269.0,3360.0,,733.0,,,,,,1473.0,,,,,2383.0,2200.0,1286.0,15.0,,,
1535.0,774.0,3210.0,430.0,4033.0,3045.0,,1505.0,,,,,,1570.0,,,,,2703.0,3923.0,3168.0,2803.0,,,
2420.0,324.0,3528.0,3088.0,908.0,889.0,,223.0,,,,,,905.0,,,,,2284.0,501.0,412.0,2033.0,,,
3123.0,1346.0,2595.0,1533.0,491.0,1109.0,,3889.0,,,,,,1203.0,,,,,3577.0,3370.0,2953.0,3207.0,,,
2471.0,2974.0,2725.0,2856.0,2305.0,2662.0,,3987.0,,,,,,3601.0,,,,,440.0,3968.0,532.0,78.0,,,
662.0,3593.0,3896.0,3758.0,2265.0,605.0,,2379.0,,,,,,3123.0,,,,,1603.0,2206.0,62.0,694.0,,,
2797.0,3961.0,2890.0,3540.0,3876.0,2533.0,,269.0,,,,,,760.0,,,,,307.0,3036.0,215.0,3915.0,,,
3132.0,2904.0,3334.0,3518.0,1866.0,788.0,,3843.0,,,,,,3650.0,,,,,656.0,1905.0,2907.0,3458.0,,,
2616.0,2681.0,903.0,2030.0,3918.0,1019.0,,1532.0,,,,,,1404.0,,,,,1493.0,1019.0,2580.0,3809.0,,,
844.0,2350.0,1755.0,1758.0,1278.0,2181.0,,3336.0,,,,,,3549.0,,,,,1487.0,3966.0,995.0,468.0,,,
185.0,1314.0,1458.0,3371.0,526.0,2101.0,,1592.0,,,,,,831.0,,,,,1390.0,2591.0,2551.0,930.0,,,
2809.0,2663.0,1035.0,321.0,2753.0,338.0,,1217.0,,,,,,2144.0,,,,,1220.0,2351.0,2382.0,3755.0,,,
2398.0,4086.0,442.0,3882.0,3837.0,3793.0,,557.0,,,,,,508.0,,,,,3708.0,1922.0,3311.0,3457.0,,,
2524.0,3070.0,1456.0,2815.0,4035.0,1123.0,,958.0,,,,,,436.0,,,,,87.0,3860.0,2101.0,3302.0,,,
1169.0,455.0,2379.0,1793.0,563.0,2361.0,,3142.0,,,,,,3544.0,,,,,3176.0,868.0,1980.0,3328.0,,,
3200.0,3938.0,1625.0,839.0,1323.0,1712.0,,801.0,,,,,,226.0,,,,,1514.0,3887.0,3199.0,2466.0,,,
3488.0,2988.0,162.0,221.0,2336.0,2916.0,,1249.0,,,,,,3111.0,,,,,200.0,3982.0,1561.0,2962.0,,,
1735.0,3315.0,2212.0,1750.0,2157.0,1089.0,,1870.0,,,,,,2904.0,,,,,3856.0,839.0,1401.0,2238.0,,,
1442.0,3426.0,2259.0,2222.0,599.0,3258.0,,2934.0,,,,,,1319.0,,,,,1138.0,2585.0,81.0,146.0,,,
2896.0,3365.0,1324.0,1799.0,821.0,1218.0,,128.0,,,,,,2241.0,,,,,2913.0,3418.0,3768.0,1255.0,,,
2284.0,11.0,966.0,1526.0,645.0,3167.0,,2475.0,,,,,,2795.0,,,,,2232.0,1976.0,407.0,1835.0,,,
2065.0,2031.0,927.0,3252.0,3391.0,2560.0,,3565.0,,,,,,846.0,,,,,2884.0,409.0,1131.0,2972.0,,,
1805.0,217.0,434.0,4041.0,2865.0,1752.0,,1941.0,,,,,,1732.0,,,,,2936.0,2063.0,1688.0,3400.0,,,
831.0,294.0,1600.0,2236.0,2190.0,2318.0,,3850.0,,,,,,39.0,,,,,2810.0,3519.0,367.0,3821.0,,,
1109.0,1836.0,2687.0,1030.0,1735.0,3406.0,,2354.0,,,,,,3410.0,,,,,3114.0,1006.0,787.0,2749.0,,,
1145.0,2896.0,1587.0,2004.0,2195.0,2824.0,,1240.0,,,,,,3294.0,,,,,526.0,1427.0,3011.0,2053.0,,,
1540.0,2108.0,359.0,632.0,3754.0,2767.0,,6.0,,,,,,627.0,,,,,2404.0,333.0,3968.0,3640.0,,,
1919.0,1715.0,597.0,647.0,1550.0,3810.0,,3994.0,,,,,,2039.0,,,,,2006.0,1797.0,1184.0,1946.0,,,
1043.0,3236.0,1491.0,1433.0,3009.0,3616.0,,771.0,,,,,,3275.0,,,,,388.0,1382.0,1581.0,1303.0,,,
657.0,2000.0,2435.0,840.0,1478.0,743.0,,2034.0,,,,,,1672.0,,,,,625.0,2623.0,1535.0,1735.0,,,
2881.0,245.0,1032.0,1034.0,2810.0,2130.0,,3479.0,,,,,,844.0,,,,,1248.0,3365.0,919.0,1015.0,,,
2667.0,3048.0,1414.0,1654.0,3511.0,2303.0,,3658.0,,,,,,82.0,,,,,2755.0,2754.0,1742.0,1049.0,,,
64.0,3017.0,580.0,1374.0,714.0,1848.0,,2747.0,,,,,,1622.0,,,,,2467.0,271.0,18.0,1233.0,,,
1344.0,2794.0,2036.0,190.0,2478.0,240.0,,1306.0,,,,,,604.0,,,,,1395.0,181.0,93.0,450.0,,,
4057.0,1256.0,2410.0,2774.0,3169.0,3265.0,,1180.0,,,,,,2038.0,,,,,3373.0,2977.0,2825.0,2061.0,,,
667.0,3343.0,2204.0,1122.0,467.0,765.0,,1616.0,,,,,,3195.0,,,,,55.0,2645.0,2857.0,514.0,,,
786.0,3173.0,1749.0,2434.0,3884.0,3343.0,,467.0,,,,,,1954.0,,,,,107.0,2314.0,2129.0,347.0,,,
1211.0,2448.0,1445.0,571.0,771.0,2525.0,,2680.0,,,,,,3280.0,,,,,3905.0,1196.0,3326.0,1188.0,,,
3787.0,1438.0,871.0,3764.0,2213.0,2463.0,,3302.0,,,,,,2665.0,,,,,2076.0,1156.0,1775.0,67.0,,,
3116.0,515.0,4019.0,2658.0,2363.0,2065.0,,3195.0,,,,,,1574.0,,,,,1545.0,1181.0,68.0,3889.0,,,
529.0,3425.0,2691.0,1114.0,2774.0,3868.0,,783.0,,,,,,2798.0,,,,,3365.0,802.0,1332.0,4092.0,,,
2051.0,2316.0,1995.0,4010.0,622.0,3935.0,,2591.0,,,,,,2939.0,,,,,4011.0,1011.0,795.0,1183.0,,,
129.0,3653.0,2765.0,1477.0,150.0,208.0,,648.0,,,,,,2456.0,,,,,596.0,213.0,938.0,3162.0,,,
2113.0,100.0,693.0,2762.0,1496.0,3653.0,,726.0,,,,,,2306.0,,,,,636.0,4005.0,3536.0,837.0,,,
3255.0,2703.0,3145.0,447.0,2836.0,546.0,,2995.0,,,,,,481.0,,,,,2611.0,2666.0,2740.0,954.0,,,
1022.0,1313.0,3876.0,481.0,1621.0,117.0,,2378.0,,,,,,2060.0,,,,,1053.0,1638.0,58.0,1412.0,,,
3155.0,464.0,3935.0,1238.0,1431.0,4043.0,,3370.0,,,,,,2859.0,,,,,3468.0,3264.0,3176.0,3774.0,,,
3561.0,814.0,3940.0,1537.0,3602.0,3545.0,,3785.0,,,,,,3572.0,,,,,459.0,2718.0,1585.0,3397.0,,,
1263.0,669.0,3625.0,1796.0,2554.0,2443.0,,1044.0,,,,,,558.0,,,,,2051.0,1216.0,3169.0,2378.0,,,
2866.0,2406.0,2032.0,760.0,2635.0,3666.0,,3461.0,,,,,,3610.0,,,,,1223.0,2192.0,934.0,3185.0,,,
1567.0,2875.0,2877.0,559.0,2654.0,3083.0,,3848.0,,,,,,2881.0,,,,,772.0,3138.0,1382.0,19.0,,,
1483.0,2003.0,3513.0,679.0,2932.0,3830.0,,604.0,,,,,,4098.0,,,,,3526.0,2523.0,2855.0,1275.0,,,
784.0,3340.0,437.0,3442.0,881.0,1671.0,,750.0,,,,,,3104.0,,,,,1636.0,2366.0,1290.0,3149.0,,,
2014.0,2841.0,2371.0,1231.0,156.0,2030.0,,2243.0,,,,,,1126.0,,,,,1424.0,2015.0,2370.0,3338.0,,,
3713.0,1591.0,0.0,2142.0,214.0,3577.0,,166.0,,,,,,1614.0,,,,,3858.0,575.0,4085.0,1028.0,,,
1491.0,1495.0,3831.0,2156.0,1881.0,3965.0,,1970.0,,,,,,1809.0,,,,,1637.0,3402.0,518.0,327.0,,,
3521.0,1232.0,4095.0,1057.0,1245.0,2885.0,,1511.0,,,,,,3627.0,,,,,836.0,4077.0,1065.0,671.0,,,
3413.0,2482.0,3368.0,2872.0,64.0,2991.0,,597.0,,,,,,1646.0,,,,,405.0,3809.0,3506.0,2459.0,,,
2514.0,2034.0,1589.0,1885.0,1220.0,1333.0,,3395.0,,,,,,83.0,,,,,4004.0,1965.0,302.0,2062.0,,,
1681.0,841.0,3841.0,2009.0,1647.0,489.0,,3149.0,,,,,,1057.0,,,,,2267.0,1715.0,159.0,375.0,,,
2529.0,3912.0,2835.0,14.0,1095.0,1992.0,,2129.0,,,,,,2494.0,,,,,3261.0,1132.0,1293.0,2462.0,,,
1381.0,1061.0,1307.0,1830.0,4056.0,1493.0,,4060.0,,,,,,20.0,,,,,3047.0,3977.0,2332.0,1401.0,,,
2300.0,2368.0,3480.0,1221.0,1097.0,2169.0,,1479.0,,,,,,591.0,,,,,3097.0,2232.0,1109.0,3975.0,,,
666.0,1401.0,3887.0,3197.0,624.0,3827.0,,1672.0,,,,,,2763.0,,,,,229.0,3143.0,213.0,2832.0,,,
1556.0,174.0,567.0,886.0,3043.0,1947.0,,310.0,,,,,,1472.0,,,,,201.0,440.0,3951.0,1982.0,,,
2916.0,2320.0,762.0,3528.0,3050.0,1067.0,,3362.0,,,,,,3229.0,,,,,463.0,1193.0,3920.0,2432.0,,,
502.0,1201.0,2352.0,2737.0,4031.0,2597.0,,1242.0,,,,,,3023.0,,,,,3831.0,3626.0,3982.0,921.0,,,
2268.0,3877.0,1018.0,2747.0,2737.0,1016.0,,1801.0,,,,,,3144.0,,,,,3323.0,2102.0,278.0,1383.0,,,
690.0,3046.0,256.0,171.0,269.0,189.0,,3770.0,,,,,,2957.0,,,,,471.0,3098.0,1106.0,37.0,,,
2068.0,2994.0,1616.0,4050.0,632.0,3870.0,,1586.0,,,,,,3531.0,,,,,3952.0,1546.0,741.0,3138.0,,,
1259.0,1558.0,721.0,2096.0,3648.0,3588.0,,445.0,,,,,,495.0,,,,,1936.0,2929.0,4072.0,87.0,,,
2125.0,3469.0,4067.0,3062.0,97.0,400.0,,3353.0,,,,,,794.0,,,,,3589.0,2932.0,1967.0,2859.0,,,
1630.0,1493.0,3348.0,2929.0,2875.0,2732.0,,438.0,,,,,,1762.0,,,,,3780.0,2356.0,1944.0,1224.0,,,
3881.0,263.0,2474.0,1335.0,2981.0,357.0,,3510.0,,,,,,1843.0,,,,,1579.0,2052.0,3323.0,1594.0,,,
2078.0,637.0,1437.0,626.0,3066.0,476.0,,3425.0,,,,,,3819.0,,,,,2090.0,4019.0,97.0,2105.0,,,
1440.0,2672.0,883.0,191.0,3130.0,2160.0,,3183.0,,,,,,2275.0,,,,,233.0,2166.0,3052.0,104.0,,,
3366.0,2989.0,2016.0,2421.0,2371.0,1888.0,,1289.0,,,,,,353.0,,,,,3451.0,2676.0,2400.0,3054.0,,,
2805.0,1056.0,2084.0,3711.0,1468.0,1225.0,,2698.0,,,,,,2743.0,,,,,1928.0,1895.0,1597.0,3818.0,,,
3502.0,3334.0,971.0,1867.0,2691.0,3092.0,,2775.0,,,,,,4001.0,,,,,4002.0,2908.0,1477.0,1037.0,,,
2167.0,1751.0,2967.0,3537.0,757.0,2704.0,,3754.0,,,,,,142.0,,,,,702.0,3315.0,1421.0,3007.0,,,
559.0,2704.0,1958.0,355.0,3089.0,2313.0,,120.0,,,,,,2900.0,,,,,954.0,3464.0,3990.0,3999.0,,,
1232.0,2886.0,2055.0,4075.0,3036.0,223.0,,891.0,,,,,,2365.0,,,,,3718.0,144.0,135.0,2676.0,,,
3253.0,3182.0,1314.0,1552.0,1273.0,1605.0,,1492.0,,,,,,1304.0,,,,,300.0,2241.0,2940.0,1972.0,,,
3043.0,255.0,2550.0,3413.0,151.0,943.0,,790.0,,,,,,2526.0,,,,,809.0,2613.0,3342.0,448.0,,,
3932.0,2497.0,977.0,1400.0,1838.0,1960.0,,3579.0,,,,,,738.0,,,,,2355.0,3027.0,1291.0,3832.0,,,
3490.0,2044.0,1268.0,3227.0,4005.0,627.0,,635.0,,,,,,2897.0,,,,,3028.0,3387.0,1135.0,553.0,,,
1951.0,1362.0,1551.0,699.0,2296.0,1551.0,,429.0,,,,,,376.0,,,,,3898.0,2478.0,1996.0,2875.0,,,
3210.0,3834.0,1748.0,101.0,2300.0,470.0,,3181.0,,,,,,650.0,,,,,2167.0,3378.0,2472.0,3014.0,,,
4069.0,1757.0,2655.0,845.0,3639.0,1287.0,,574.0,,,,,,1329.0,,,,,137.0,4023.0,1068.0,16.0,,,
2007.0,207.0,1033.0,119.0,2596.0,2895.0,,1293.0,,,,,,946.0,,,,,1652.0,1091.0,123.0,1145.0,,,
2194.0,1908.0,2816.0,3090.0,154.0,3089.0,,3445.0,,,,,,2781.0,,,,,1799.0,1593.0,3281.0,614.0,,,
1962.0,201.0,1197.0,3339.0,3286.0,3971.0,,647.0,,,,,,2198.0,,,,,868.0,1693.0,3421.0,3604.0,,,
1133.0,2321.0,3927.0,2811.0,1593.0,3853.0,,1001.0,,,,,,131.0,,,,,3563.0,3985.0,2978.0,2798.0,,,
3396.0,2998.0,3138.0,2789.0,3984.0,830.0,,1188.0,,,,,,524.0,,,,,1589.0,242.0,1034.0,3214.0,,,
1933.0,658.0,3610.0,1840.0,3883.0,601.0,,2364.0,,,,,,2695.0,,,,,2924.0,2994.0,148.0,2276.0,,,
2404.0,3987.0,2712.0,1275.0,3309.0,864.0,,1072.0,,,,,,1317.0,,,,,979.0,1321.0,279.0,1455.0,,,
3924.0,1881.0,555.0,1864.0,2984.0,632.0,,719.0,,,,,,19.0,,,,,2279.0,3799.0,2070.0,50.0,,,
3629.0,1341.0,195.0,1382.0,652.0,598.0,,3312.0,,,,,,3605.0,,,,,1353.0,3787.0,77.0,540.0,,,
1977.0,3840.0,2243.0,1888.0,1208.0,1351.0,,460.0,,,,,,564.0,,,,,2588.0,2768.0,3242.0,3090.0,,,
1480.0,208.0,1272.0,3861.0,1963.0,1512.0,,2472.0,,,,,,2294.0,,,,,1839.0,3167.0,548.0,3415.0,,,
3215.0,2596.0,898.0,2716.0,2042.0,3321.0,,1218.0,,,,,,2436.0,,,,,2469.0,1920.0,702.0,3607.0,,,
3166.0,1732.0,3584.0,3394.0,825.0,2201.0,,74.0,,,,,,1982.0,,,,,3964.0,717.0,2097.0,2722.0,,,
476.0,617.0,237.0,3248.0,1083.0,55.0,,3165.0,,,,,,1989.0,,,,,2923.0,734.0,937.0,210.0,,,
2968.0,1683.0,1126.0,11.0,1423.0,3133.0,,948.0,,,,,,1008.0,,,,,760.0,3537.0,3439.0,132.0,,,
2391.0,715.0,1398.0,225.0,3786.0,4084.0,,1776.0,,,,,,1078.0,,,,,1812.0,2639.0,2287.0,2357.0,,,
14.0,2527.0,3506.0,324.0,3194.0,141.0,,1112.0,,,,,,1643.0,,,,,1499.0,85.0,458.0,2558.0,,,
3165.0,2107.0,3906.0,1148.0,1050.0,4005.0,,3210.0,,,,,,3782.0,,,,,3254.0,3613.0,98.0,3284.0,,,
1982.0,353.0,155.0,1314.0,2105.0,4023.0,,1339.0,,,,,,422.0,,,,,2840.0,173.0,206.0,1025.0,,,
2081.0,615.0,870.0,630.0,2500.0,522.0,,274.0,,,,,,17.0,,,,,2566.0,559.0,1316.0,402.0,,,
1873.0,2168.0,336.0,1112.0,1524.0,2822.0,,3331.0,,,,,,1443.0,,,,,2280.0,1358.0,365.0,1941.0,,,
3645.0,339.0,3757.0,1882.0,2937.0,1086.0,,998.0,,,,,,3886.0,,,,,3995.0,3173.0,895.0,2994.0,,,
2733.0,2297.0,3475.0,4016.0,2506.0,575.0,,1880.0,,,,,,1644.0,,,,,2282.0,1771.0,487.0,1746.0,,,
1244.0,1223.0,2376.0,1871.0,1747.0,2521.0,,1499.0,,,,,,347.0,,,,,2152.0,705.0,1764.0,1042.0,,,
245.0,3942.0,164.0,230.0,1111.0,92.0,,3054.0,,,,,,3858.0,,,,,1975.0,992.0,2157.0,484.0,,,
1476.0,1307.0,3541.0,256.0,1442.0,31.0,,2497.0,,,,,,1385.0,,,,,3989.0,382.0,916.0,2912.0,,,
2709.0,1738.0,3764.0,1725.0,53.0,1396.0,,280.0,,,,,,2984.0,,,,,2275.0,3698.0,1963.0,2242.0,,,
3402.0,2226.0,3794.0,1243.0,3384.0,686.0,,175.0,,,,,,504.0,,,,,2846.0,2851.0,3737.0,2547.0,,,
676.0,2740.0,1842.0,2147.0,2473.0,549.0,,2803.0,,,,,,1476.0,,,,,1431.0,276.0,2120.0,3799.0,,,
3596.0,2025.0,2710.0,2033.0,1251.0,3958.0,,1627.0,,,,,,1727.0,,,,,639.0,2578.0,1616.0,498.0,,,
69.0,1484.0,1953.0,1313.0,1094.0,158.0,,1440.0,,,,,,3545.0,,,,,841.0,1913.0,3811.0,1451.0,,,
3876.0,3460.0,1037.0,2396.0,1147.0,3466.0,,4031.0,,,,,,2056.0,,,,,802.0,1055.0,2828.0,2202.0,,,
497.0,571.0,2819.0,1443.0,2224.0,2392.0,,70.0,,,,,,2165.0,,,,,3085.0,386.0,1206.0,1680.0,,,
274.0,1174.0,2215.0,3232.0,3892.0,3035.0,,3945.0,,,,,,1524.0,,,,,2930.0,539.0,2974.0,414.0,,,
102.0,3310.0,2434.0,4068.0,676.0,3843.0,,2528.0,,,,,,1083.0,,,,,643.0,2417.0,2563.0,151.0,,,
80.0,4.0,1273.0,1616.0,1280.0,1395.0,,3122.0,,,,,,927.0,,,,,3383.0,2594.0,3590.0,1681.0,,,
2442.0,3588.0,1155.0,2191.0,3484.0,2091.0,,1145.0,,,,,,1956.0,,,,,3211.0,1505.0,1337.0,3365.0,,,
2951.0,4050.0,2574.0,2503.0,1171.0,901.0,,985.0,,,,,,3277.0,,,,,4101.0,2119.0,1057.0,35.0,,,
3276.0,236.0,3062.0,3987.0,811.0,2448.0,,2617.0,,,,,,1721.0,,,,,2205.0,3568.0,665.0,1938.0,,,
3330.0,520.0,1106.0,1402.0,1203.0,2317.0,,212.0,,,,,,406.0,,,,,1017.0,3853.0,3623.0,1205.0,,,
1216.0,2851.0,1093.0,2839.0,73.0,1254.0,,2236.0,,,,,,614.0,,,,,3533.0,3682.0,3642.0,2812.0,,,
118.0,3658.0,253.0,2212.0,3104.0,1181.0,,15.0,,,,,,2765.0,,,,,3308.0,1557.0,3405.0,3140.0,,,
752.0,3583.0,1099.0,2424.0,251.0,2860.0,,2119.0,,,,,,4016.0,,,,,3364.0,3017.0,3735.0,785.0,,,
1125.0,396.0,1239.0,2922.0,1380.0,1652.0,,2796.0,,,,,,2284.0,,,,,1847.0,536.0,508.0,660.0,,,
2751.0,3391.0,2661.0,2363.0,2877.0,967.0,,213.0,,,,,,2619.0,,,,,1591.0,63.0,1952.0,728.0,,,
1746.0,247.0,3332.0,2023.0,2247.0,2850.0,,3342.0,,,,,,2718.0,,,,,1625.0,2118.0,2479.0,1075.0,,,
46.0,1870.0,2834.0,34.0,1409.0,3017.0,,2308.0,,,,,,1951.0,,,,,140.0,749.0,3046.0,2307.0,,,
3484.0,3805.0,2475.0,3326.0,3564.0,280.0,,1290.0,,,,,,3691.0,,,,,1045.0,994.0,2654.0,406.0,,,
3351.0,3160.0,1539.0,3169.0,949.0,3259.0,,621.0,,,,,,3201.0,,,,,793.0,3634.0,1897.0,2915.0,,,
1065.0,583.0,1687.0,1395.0,3759.0,1403.0,,3950.0,,,,,,2821.0,,,,,2969.0,3146.0,729.0,637.0,,,
2533.0,2583.0,2735.0,3789.0,365.0,556.0,,1708.0,,,,,,1059.0,,,,,3706.0,2907.0,2712.0,584.0,,,
2342.0,1933.0,710.0,2576.0,587.0,1763.0,,3026.0,,,,,,1213.0,,,,,410.0,1040.0,3238.0,293.0,,,
4056.0,1152.0,1406.0,2407.0,101.0,370.0,,1646.0,,,,,,1561.0,,,,,790.0,798.0,2309.0,3563.0,,,
4078.0,200.0,1789.0,1535.0,1618.0,2428.0,,3803.0,,,,,,2615.0,,,,,837.0,3384.0,3305.0,3469.0,,,
2750.0,1070.0,3347.0,1036.0,3424.0,480.0,,1042.0,,,,,,1113.0,,,,,1279.0,2229.0,75.0,2435.0,,,
3087.0,3181.0,2093.0,3491.0,659.0,2934.0,,2219.0,,,,,,271.0,,,,,1193.0,3713.0,2872.0,2946.0,,,
2801.0,1031.0,3803.0,2259.0,1770.0,3232.0,,3956.0,,,,,,292.0,,,,,966.0,3393.0,2288.0,1580.0,,,
3075.0,3068.0,1744.0,4057.0,3740.0,566.0,,1170.0,,,,,,2868.0,,,,,149.0,2580.0,986.0,2296.0,,,
1313.0,2379.0,656.0,2435.0,2626.0,3888.0,,3254.0,,,,,,501.0,,,,,2580.0,2786.0,2353.0,343.0,,,
697.0,509.0,1525.0,3770.0,343.0,3772.0,,1223.0,,,,,,1368.0,,,,,1633.0,1442.0,2906.0,330.0,,,
1500.0,3790.0,1976.0,200.0,1142.0,467.0,,1891.0,,,,,,1598.0,,,,,600.0,3341.0,1957.0,726.0,,,
1996.0,3778.0,4022.0,728.0,3886.0,3587.0,,2141.0,,,,,,407.0,,,,,2440.0,2140.0,1986.0,1833.0,,,
2730.0,1160.0,3058.0,2195.0,1626.0,1839.0,,1432.0,,,,,,587.0,,,,,1921.0,3494.0,1088.0,2393.0,,,
2057.0,1020.0,1071.0,685.0,727.0,729.0,,1612.0,,,,,,1904.0,,,,,811.0,29.0,1964.0,1534.0,,,
3397.0,1690.0,2955.0,3838.0,3858.0,3069.0,,1720.0,,,,,,1054.0,,,,,2195.0,628.0,1863.0,1072.0,,,
781.0,366.0,3008.0,1208.0,2439.0,1506.0,,25.0,,,,,,55.0,,,,,1916.0,3451.0,103.0,3143.0,,,
2251.0,3134.0,1084.0,2337.0,196.0,852.0,,1402.0,,,,,,2545.0,,,,,1620.0,3620.0,3578.0,789.0,,,
3765.0,2766.0,1132.0,2997.0,1403.0,2884.0,,2319.0,,,,,,3432.0,,,,,1113.0,550.0,2506.0,961.0,,,
457.0,71.0,917.0,734.0,1982.0,2281.0,,2827.0,,,,,,786.0,,,,,2745.0,547.0,3150.0,167.0,,,
1040.0,3326.0,3193.0,1020.0,971.0,1860.0,,843.0,,,,,,2627.0,,,,,2560.0,136.0,2498.0,2150.0,,,
3163.0,932.0,1873.0,2886.0,546.0,2623.0,,1914.0,,,,,,1116.0,,,,,1699.0,408.0,3755.0,1256.0,,,
4070.0,3187.0,3660.0,2698.0,1860.0,1731.0,,1243.0,,,,,,762.0,,,,,3628.0,199.0,2099.0,824.0,,,
3352.0,3650.0,2707.0,2631.0,3676.0,2486.0,,3904.0,,,,,,1798.0,,,,,268.0,1501.0,1950.0,901.0,,,
444.0,1139.0,3070.0,1630.0,2514.0,2654.0,,2891.0,,,,,,1832.0,,,,,3845.0,2552.0,1640.0,2362.0,,,
1372.0,1937.0,170.0,3728.0,1556.0,724.0,,3192.0,,,,,,2815.0,,,,,213.0,1136.0,421.0,806.0,,,
2289.0,2249.0,2658.0,2285.0,1044.0,593.0,,940.0,,,,,,75.0,,,,,2542.0,1839.0,3249.0,2563.0,,,
987.0,1331.0,3142.0,2028.0,4024.0,2708.0,,1120.0,,,,,,1986.0,,,,,3609.0,2765.0,988.0,1879.0,,,
1779.0,2639.0,3340.0,1432.0,1474.0,1248.0,,3053.0,,,,,,2935.0,,,,,3355.0,1003.0,1194.0,2305.0,,,
3792.0,3836.0,659.0,3638.0,98.0,1927.0,,1472.0,,,,,,1741.0,,,,,1809.0,3737.0,2477.0,2525.0,,,
1816.0,3214.0,2226.0,3762.0,2016.0,211.0,,655.0,,,,,,3939.0,,,,,797.0,3773.0,2220.0,1201.0,,,
2872.0,2869.0,20.0,1127.0,1574.0,562.0,,2453.0,,,,,,1678.0,,,,,2942.0,2265.0,4039.0,3808.0,,,
16.0,1157.0,2626.0,3505.0,1240.0,2090.0,,3809.0,,,,,,2010.0,,,,,3140.0,2267.0,3343.0,1721.0,,,
1587.0,333.0,1904.0,1077.0,2631.0,2044.0,,751.0,,,,,,608.0,,,,,208.0,2592.0,2244.0,1054.0,,,
3512.0,3491.0,3099.0,881.0,3476.0,3836.0,,466.0,,,,,,1924.0,,,,,171.0,2505.0,175.0,1728.0,,,
3732.0,3694.0,1644.0,655.0,2458.0,2446.0,,2462.0,,,,,,3374.0,,,,,3565.0,1558.0,3092.0,1084.0,,,
1674.0,3153.0,4080.0,1972.0,418.0,147.0,,2209.0,,,,,,2694.0,,,,,791.0,2931.0,3099.0,3172.0,,,
3528.0,3452.0,1658.0,4048.0,2191.0,2330.0,,2290.0,,,,,,169.0,,,,,3746.0,3090.0,245.0,1397.0,,,
1271.0,2204.0,912.0,438.0,1673.0,3080.0,,3129.0,,,,,,1341.0,,,,,3173.0,786.0,3910.0,3509.0,,,
3760.0,2940.0,1944.0,521.0,711.0,3978.0,,109.0,,,,,,1454.0,,,,,1820.0,2499.0,2331.0,839.0,,,
2393.0,321.0,3011.0,3850.0,282.0,933.0,,17.0,,,,,,3787.0,,,,,2461.0,3351.0,3460.0,276.0,,,
1693.0,251.0,137.0,535.0,2071.0,20.0,,780.0,,,,,,3932.0,,,,,1345.0,619.0,864.0,2869.0,,,
1329.0,3117.0,1837.0,2279.0,3725.0,3529.0,,672.0,,,,,,651.0,,,,,710.0,924.0,1175.0,2327.0,,,
441.0,2971.0,1875.0,737.0,3608.0,723.0,,243.0,,,,,,541.0,,,,,1845.0,2463.0,2034.0,1463.0,,,
2602.0,3438.0,1500.0,527.0,3075.0,1952.0,,923.0,,,,,,3810.0,,,,,3697.0,3463.0,2490.0,2052.0,,,
1.0,1279.0,3505.0,1332.0,447.0,1979.0,,195.0,,,,,,3342.0,,,,,1184.0,1592.0,45.0,803.0,,,
1583.0,3295.0,1794.0,3165.0,2974.0,3648.0,,3725.0,,,,,,1803.0,,,,,3472.0,1736.0,1012.0,3199.0,,,
2985.0,2501.0,1107.0,1305.0,1924.0,445.0,,2330.0,,,,,,2642.0,,,,,919.0,3736.0,599.0,3124.0,,,
1385.0,2768.0,1518.0,3043.0,66.0,1384.0,,2281.0,,,,,,601.0,,,,,3524.0,2147.0,2197.0,2593.0,,,
1773.0,641.0,700.0,1279.0,848.0,67.0,,603.0,,,,,,3484.0,,,,,2940.0,3154.0,1451.0,3526.0,,,
2325.0,13.0,3954.0,1931.0,3781.0,589.0,,3710.0,,,,,,2504.0,,,,,3712.0,2981.0,2180.0,180.0,,,
3879.0,2420.0,2293.0,837.0,2481.0,24.0,,1316.0,,,,,,2562.0,,,,,2495.0,2057.0,1692.0,3504.0,,,
3578.0,3252.0,1426.0,3990.0,2669.0,1683.0,,335.0,,,,,,1040.0,,,,,2406.0,766.0,1390.0,1598.0,,,
859.0,3362.0,4046.0,1200.0,4044.0,1353.0,,1617.0,,,,,,3030.0,,,,,120.0,3825.0,1727.0,2632.0,,,
3801.0,3058.0,2112.0,2412.0,3868.0,3730.0,,1766.0,,,,,,2393.0,,,,,246.0,3707.0,589.0,2887.0,,,
3856.0,2466.0,1205.0,570.0,3580.0,2572.0,,1054.0,,,,,,1582.0,,,,,3799.0,3013.0,1077.0,1971.0,,,
1798.0,2056.0,1795.0,3921.0,3049.0,3468.0,,2321.0,,,,,,880.0,,,,,3432.0,2324.0,2121.0,2490.0,,,
3445.0,1422.0,3010.0,789.0,2778.0,693.0,,330.0,,,,,,1999.0,,,,,3157.0,248.0,2516.0,3982.0,,,
204.0,1919.0,1713.0,3148.0,1829.0,1257.0,,93.0,,,,,,870.0,,,,,1940.0,2114.0,2336.0,2073.0,,,
105.0,2623.0,3765.0,3379.0,2075.0,3062.0,,3339.0,,,,,,1013.0,,,,,3627.0,3710.0,2558.0,1118.0,,,
313.0,1378.0,2262.0,1408.0,800.0,1107.0,,935.0,,,,,,3191.0,,,,,97.0,3863.0,941.0,3195.0,,,
501.0,135.0,2772.0,2563.0,1733.0,3614.0,,3050.0,,,,,,356.0,,,,,2688.0,1441.0,4031.0,1105.0,,,
3680.0,69.0,1058.0,1828.0,3831.0,2627.0,,3470.0,,,,,,472.0,,,,,455.0,1687.0,3568.0,1396.0,,,
3939.0,3726.0,1177.0,2772.0,3617.0,2511.0,,1606.0,,,,,,821.0,,,,,2087.0,2940.0,2916.0,1359.0,,,
1035.0,3199.0,1928.0,2909.0,2718.0,2971.0,,1300.0,,,,,,3728.0,,,,,3872.0,3653.0,2497.0,3061.0,,,
1373.0,1586.0,1912.0,785.0,426.0,2817.0,,3154.0,,,,,,3893.0,,,,,533.0,3097.0,2126.0,1772.0,,,
945.0,1727.0,2860.0,2186.0,2685.0,3685.0,,3459.0,,,,,,2134.0,,,,,3969.0,1733.0,2464.0,1503.0,,,
1665.0,2682.0,3851.0,1988.0,1710.0,690.0,,929.0,,,,,,3279.0,,,,,3034.0,722.0,2512.0,4056.0,,,
3371.0,1838.0,3500.0,3284.0,3022.0,730.0,,3882.0,,,,,,3614.0,,,,,359.0,99.0,806.0,2429.0,,,
1041.0,3849.0,171.0,3208.0,1016.0,3796.0,,2215.0,,,,,,1573.0,,,,,4056.0,3763.0,3967.0,2770.0,,,
800.0,2933.0,1253.0,1037.0,1690.0,2633.0,,3256.0,,,,,,129.0,,,,,589.0,3441.0,1226.0,1766.0,,,
2662.0,1319.0,2378.0,2313.0,3454.0,1833.0,,2182.0,,,,,,2924.0,,,,,2825.0,3411.0,725.0,2779.0,,,
2585.0,2967.0,443.0,186.0,2457.0,3584.0,,3649.0,,,,,,477.0,,,,,765.0,3632.0,1702.0,3480.0,,,
1768.0,2010.0,3526.0,1623.0,3775.0,3320.0,,2933.0,,,,,,1728.0,,,,,3944.0,1263.0,802.0,1687.0,,,
3514.0,3571.0,3028.0,1035.0,464.0,2167.0,,3858.0,,,,,,3224.0,,,,,1990.0,3483.0,1885.0,3182.0,,,
1677.0,166.0,369.0,3698.0,3742.0,884.0,,2095.0,,,,,,1610.0,,,,,3026.0,2603.0,3071.0,2987.0,,,
2034.0,3118.0,332.0,922.0,2354.0,1216.0,,3100.0,,,,,,665.0,,,,,341.0,3062.0,3181.0,1439.0,,,
1323.0,3628.0,1097.0,2078.0,3277.0,2828.0,,1434.0,,,,,,536.0,,,,,3825.0,3112.0,1807.0,2392.0,,,
2134.0,3202.0,2128.0,3422.0,1959.0,3636.0,,2348.0,,,,,,3018.0,,,,,1680.0,1751.0,2578.0,3906.0,,,
823.0,2347.0,854.0,3522.0,2533.0,3276.0,,1980.0,,,,,,6.0,,,,,1461.0,1581.0,3433.0,2047.0,,,
589.0,3513.0,123.0,3159.0,1347.0,2205.0,,3250.0,,,,,,903.0,,,,,654.0,2587.0,1375.0,113.0,,,
3878.0,778.0,1791.0,1732.0,3779.0,358.0,,3354.0,,,,,,2333.0,,,,,2346.0,1331.0,1238.0,2001.0,,,
207.0,3446.0,2063.0,2924.0,2783.0,1317.0,,679.0,,,,,,3477.0,,,,,1063.0,3546.0,481.0,3688.0,,,
910.0,3485.0,3573.0,1481.0,2641.0,2266.0,,3620.0,,,,,,1224.0,,,,,1278.0,1948.0,3210.0,2689.0,,,
2400.0,717.0,1522.0,2711.0,2790.0,2100.0,,1414.0,,,,,,2326.0,,,,,3274.0,3432.0,3254.0,1329.0,,,
2463.0,1038.0,2893.0,641.0,828.0,182.0,,2409.0,,,,,,1794.0,,,,,3551.0,367.0,1333.0,161.0,,,
3322.0,3066.0,2166.0,131.0,1370.0,2170.0,,1318.0,,,,,,1359.0,,,,,1887.0,130.0,1709.0,1276.0,,,
1269.0,2324.0,263.0,315.0,3716.0,1898.0,,2385.0,,,,,,1187.0,,,,,1088.0,2627.0,35.0,3538.0,,,
1627.0,474.0,2056.0,3292.0,872.0,1770.0,,2088.0,,,,,,625.0,,,,,2287.0,1118.0,3790.0,3899.0,,,
1947.0,3189.0,3640.0,341.0,3587.0,2986.0,,3488.0,,,,,,2750.0,,,,,500.0,2300.0,654.0,1552.0,,,
3628.0,2854.0,1313.0,1100.0,1342.0,3852.0,,2423.0,,,,,,1903.0,,,,,527.0,397.0,40.0,3699.0,,,
1281.0,3376.0,929.0,1741.0,3522.0,1704.0,,4099.0,,,,,,2277.0,,,,,964.0,2242.0,3959.0,2653.0,,,
1416.0,1423.0,2763.0,3198.0,3398.0,2877.0,,1817.0,,,,,,3842.0,,,,,453.0,2698.0,1189.0,2756.0,,,
772.0,3267.0,930.0,1263.0,2731.0,3566.0,,3288.0,,,,,,4065.0,,,,,3235.0,88.0,1359.0,3093.0,,,
3657.0,3908.0,3433.0,1471.0,4000.0,897.0,,539.0,,,,,,3060.0,,,,,3838.0,3596.0,3617.0,2520.0,,,
3594.0,2447.0,2338.0,3642.0,1302.0,2949.0,,3018.0,,,,,,3240.0,,,,,3340.0,1401.0,2395.0,2846.0,,,
2755.0,1667.0,4047.0,2305.0,2931.0,2624.0,,1302.0,,,,,,3151.0,,,,,3288.0,1337.0,2093.0,1989.0,,,
1481.0,1391.0,3283.0,1844.0,3921.0,1306.0,,4082.0,,,,,,3058.0,,,,,2976.0,3007.0,2387.0,1799.0,,,
3203.0,1150.0,805.0,3742.0,1010.0,348.0,,2766.0,,,,,,2707.0,,,,,1944.0,3119.0,431.0,2536.0,,,
511.0,603.0,2534.0,1944.0,2447.0,2227.0,,3792.0,,,,,,3509.0,,,,,46.0,3385.0,484.0,3408.0,,,
3216.0,2752.0,389.0,3164.0,1824.0,237.0,,235.0,,,,,,2022.0,,,,,748.0,669.0,520.0,2621.0,,,
1164.0,1387.0,817.0,1021.0,222.0,3389.0,,3541.0,,,,,,3497.0,,,,,3498.0,3781.0,2090.0,1515.0,,,
2670.0,1034.0,2242.0,2426.0,3736.0,3091.0,,426.0,,,,,,2342.0,,,,,128.0,3253.0,3625.0,3196.0,,,
1600.0,540.0,3539.0,3154.0,1340.0,365.0,,3845.0,,,,,,2189.0,,,,,4003.0,737.0,2237.0,1705.0,,,
2595.0,112.0,2448.0,2490.0,1296.0,2470.0,,1827.0,,,,,,889.0,,,,,2651.0,3133.0,2349.0,3785.0,,,
2102.0,3019.0,4101.0,289.0,2822.0,2051.0,,1314.0,,,,,,1563.0,,,,,48.0,3284.0,3830.0,2825.0,,,
2851.0,3780.0,2433.0,365.0,1234.0,875.0,,3271.0,,,,,,289.0,,,,,2072.0,3033.0,2151.0,566.0,,,
1242.0,850.0,2727.0,628.0,1058.0,691.0,,859.0,,,,,,1106.0,,,,,1615.0,947.0,2920.0,787.0,,,
171.0,1812.0,641.0,356.0,2273.0,3762.0,,2091.0,,,,,,506.0,,,,,1517.0,760.0,1723.0,369.0,,,
634.0,824.0,1442.0,2487.0,3177.0,2569.0,,3135.0,,,,,,2871.0,,,,,1481.0,348.0,1854.0,1129.0,,,
1709.0,530.0,2054.0,2084.0,2730.0,2730.0,,1169.0,,,,,,830.0,,,,,2017.0,2770.0,3701.0,3324.0,,,
1088.0,965.0,1742.0,4013.0,1839.0,1516.0,,16.0,,,,,,3978.0,,,,,1409.0,86.0,1040.0,3529.0,,,
2936.0,1522.0,3192.0,1146.0,1068.0,1846.0,,3888.0,,,,,,426.0,,,,,2185.0,725.0,9.0,4010.0,,,
2660.0,2049.0,891.0,1372.0,2942.0,2453.0,,52.0,,,,,,620.0,,,,,3079.0,2636.0,2971.0,2071.0,,,
1396.0,235.0,1050.0,3330.0,170.0,1277.0,,2110.0,,,,,,1056.0,,,,,2168.0,1584.0,2428.0,446.0,,,
2570.0,2436.0,3214.0,2101.0,1491.0,3929.0,,3844.0,,,,,,3734.0,,,,,1056.0,1981.0,3750.0,971.0,,,
1246.0,3414.0,3177.0,2733.0,926.0,4086.0,,2868.0,,,,,,63.0,,,,,851.0,1127.0,1308.0,499.0,,,
1362.0,1752.0,584.0,1217.0,1263.0,1131.0,,1522.0,,,,,,2614.0,,,,,192.0,2755.0,4009.0,645.0,,,
1761.0,70.0,3963.0,606.0,3789.0,1303.0,,64.0,,,,,,2671.0,,,,,3816.0,2706.0,1013.0,1479.0,,,
1509.0,1568.0,873.0,2727.0,3204.0,2787.0,,1724.0,,,,,,2524.0,,,,,815.0,2397.0,3756.0,3911.0,,,
1516.0,1741.0,446.0,2079.0,3171.0,2927.0,,1904.0,,,,,,1310.0,,,,,3576.0,2089.0,2730.0,4009.0,,,
1301.0,4025.0,3666.0,835.0,3973.0,3094.0,,3525.0,,,,,,1142.0,,,,,2437.0,198.0,2307.0,31.0,,,
4092.0,3988.0,81.0,2046.0,253.0,1144.0,,3348.0,,,,,,1905.0,,,,,2865.0,795.0,15.0,1543.0,,,
4075.0,1592.0,4021.0,1488.0,2413.0,171.0,,2073.0,,,,,,3302.0,,,,,333.0,3678.0,2802.0,3609.0,,,
3607.0,3511.0,436.0,894.0,1023.0,1568.0,,2346.0,,,,,,263.0,,,,,1673.0,1758.0,657.0,2619.0,,,
1758.0,1295.0,2796.0,554.0,2063.0,977.0,,2598.0,,,,,,3251.0,,,,,3182.0,210.0,2967.0,2109.0,,,
692.0,1054.0,3172.0,470.0,3898.0,2306.0,,2343.0,,,,,,1041.0,,,,,2691.0,3580.0,2522.0,3304.0,,,
2390.0,3401.0,3641.0,2382.0,3727.0,93.0,,2389.0,,,,,,4012.0,,,,,4071.0,945.0,1294.0,2196.0,,,
1097.0,3432.0,1196.0,3654.0,3352.0,1038.0,,3138.0,,,,,,606.0,,,,,3198.0,4030.0,250.0,2129.0,,,
2513.0,1776.0,243.0,966.0,3737.0,3208.0,,1700.0,,,,,,3981.0,,,,,3040.0,777.0,3155.0,1143.0,,,
3860.0,1442.0,638.0,3667.0,931.0,1575.0,,3691.0,,,,,,3207.0,,,,,556.0,2514.0,3297.0,241.0,,,
2613.0,283.0,908.0,196.0,2435.0,3290.0,,329.0,,,,,,2755.0,,,,,1462.0,2772.0,2454.0,1647.0,,,
3901.0,2961.0,251.0,3899.0,425.0,1423.0,,3361.0,,,,,,1496.0,,,,,2036.0,3507.0,3788.0,1447.0,,,
2605.0,551.0,942.0,3406.0,200.0,3716.0,,3150.0,,,,,,3170.0,,,,,1959.0,4025.0,401.0,1610.0,,,
915.0,3159.0,3052.0,1875.0,3139.0,2883.0,,2399.0,,,,,,1568.0,,,,,3567.0,2949.0,166.0,554.0,,,
2856.0,3633.0,1048.0,551.0,405.0,1370.0,,983.0,,,,,,1062.0,,,,,3803.0,2795.0,886.0,405.0,,,
417.0,3014.0,2231.0,3289.0,233.0,2344.0,,2808.0,,,,,,2122.0,,,,,1890.0,966.0,2693.0,1795.0,,,
2617.0,3498.0,1110.0,1627.0,1670.0,3125.0,,267.0,,,,,,1345.0,,,,,4102.0,1223.0,2207.0,3851.0,,,
101.0,1829.0,1469.0,3666.0,1136.0,345.0,,2812.0,,,,,,1692.0,,,,,2097.0,3340.0,48.0,1062.0,,,
1520.0,2382.0,3835.0,2577.0,1886.0,2345.0,,3856.0,,,,,,978.0,,,,,839.0,3524.0,2442.0,2584.0,,,
3529.0,2154.0,1440.0,4076.0,2698.0,1150.0,,3692.0,,,,,,2611.0,,,,,354.0,3709.0,1081.0,1846.0,,,
2567.0,3929.0,3261.0,4009.0,1638.0,2589.0,,634.0,,,,,,3595.0,,,,,3118.0,2207.0,74.0,3531.0,,,
3983.0,3992.0,207.0,942.0,1383.0,2686.0,,2014.0,,,,,,3859.0,,,,,2848.0,1765.0,3205.0,2663.0,,,
3689.0,1658.0,3390.0,2340.0,2330.0,1271.0,,18.0,,,,,,1703.0,,,,,3553.0,2037.0,2216.0,1291.0,,,
2636.0,2858.0,3748.0,2072.0,2486.0,1342.0,,2347.0,,,,,,1227.0,,,,,1905.0,1798.0,648.0,2194.0,,,
2009.0,3574.0,947.0,1117.0,1661.0,3496.0,,3283.0,,,,,,3576.0,,,,,1315.0,3474.0,2286.0,424.0,,,
3648.0,1593.0,3342.0,2167.0,3627.0,2905.0,,3668.0,,,,,,1630.0,,,,,3361.0,847.0,3437.0,3471.0,,,
2993.0,1304.0,3942.0,1358.0,3904.0,826.0,,28.0,,,,,,3284.0,,,,,1647.0,2233.0,3093.0,2055.0,,,
4039.0,1260.0,3846.0,310.0,3362.0,3137.0,,351.0,,,,,,3450.0,,,,,2176.0,3280.0,3900.0,3133.0,,,
574.0,1505.0,413.0,1240.0,3140.0,735.0,,2633.0,,,,,,1815.0,,,,,620.0,1430.0,3666.0,3556.0,,,
2919.0,2846.0,3002.0,325.0,4065.0,3825.0,,3063.0,,,,,,3748.0,,,,,2966.0,811.0,2962.0,3041.0,,,
1502.0,3260.0,3115.0,1860.0,549.0,1189.0,,1638.0,,,,,,3225.0,,,,,115.0,1113.0,1836.0,1073.0,,,
2130.0,3724.0,82.0,404.0,1121.0,781.0,,2392.0,,,,,,2009.0,,,,,1460.0,1065.0,1378.0,758.0,,,
581.0,3213.0,3620.0,2297.0,296.0,2421.0,,3564.0,,,,,,2542.0,,,,,1996.0,1262.0,3380.0,1667.0,,,
1044.0,3106.0,1785.0,3448.0,4023.0,2179.0,,4023.0,,,,,,896.0,,,,,2291.0,2656.0,3815.0,3481.0,,,
2096.0,890.0,2187.0,896.0,2018.0,2283.0,,3765.0,,,,,,2583.0,,,,,202.0,918.0,303.0,1461.0,,,
741.0,2731.0,154.0,1919.0,3460.0,3600.0,,1421.0,,,,,,3681.0,,,,,2503.0,3139.0,2025.0,2550.0,,,
2272.0,1044.0,156.0,1048.0,603.0,1976.0,,3287.0,,,,,,2469.0,,,,,1301.0,1315.0,1629.0,1307.0,,,
3984.0,1602.0,2700.0,2381.0,888.0,865.0,,4089.0,,,,,,2517.0,,,,,2797.0,1259.0,1248.0,2469.0,,,
71.0,2059.0,2274.0,2745.0,436.0,37.0,,2155.0,,,,,,400.0,,,,,1823.0,1424.0,3453.0,2386.0,,,
764.0,2533.0,3363.0,1431.0,3980.0,3376.0,,3494.0,,,,,,3898.0,,,,,1367.0,1880.0,1432.0,254.0,,,
3992.0,284.0,3736.0,1418.0,2284.0,235.0,,3469.0,,,,,,2539.0,,,,,2668.0,3886.0,1309.0,3686.0,,,
2070.0,2872.0,2453.0,348.0,130.0,3621.0,,325.0,,,,,,3744.0,,,,,2001.0,473.0,3451.0,2528.0,,,
1716.0,1734.0,3128.0,279.0,2591.0,2056.0,,3714.0,,,,,,1847.0,,,,,698.0,2911.0,1217.0,3345.0,,,
1469.0,253.0,2704.0,2630.0,919.0,1991.0,,2173.0,,,,,,1161.0,,,,,3377.0,519.0,3415.0,2040.0,,,
2484.0,1677.0,240.0,2158.0,3205.0,2869.0,,3349.0,,,,,,2696.0,,,,,3978.0,1992.0,396.0,2521.0,,,
2815.0,3925.0,1506.0,486.0,1985.0,3435.0,,506.0,,,,,,2406.0,,,,,3503.0,2240.0,903.0,3819.0,,,
1657.0,2607.0,2585.0,2379.0,3090.0,32.0,,598.0,,,,,,25.0,,,,,3424.0,1954.0,1573.0,1786.0,,,
3623.0,1427.0,89.0,1827.0,1438.0,3966.0,,3364.0,,,,,,2917.0,,,,,3760.0,1562.0,560.0,2003.0,,,
120.0,443.0,3546.0,2967.0,1840.0,2485.0,,1374.0,,,,,,1308.0,,,,,3707.0,95.0,3668.0,985.0,,,
3007.0,1460.0,1027.0,577.0,833.0,3990.0,,59.0,,,,,,3954.0,,,,,3857.0,2865.0,11.0,1590.0,,,
1361.0,848.0,349.0,1288.0,3584.0,705.0,,2532.0,,,,,,1988.0,,,,,1961.0,2382.0,2468.0,1350.0,,,
3044.0,3436.0,1988.0,3873.0,674.0,1713.0,,2843.0,,,,,,605.0,,,,,2897.0,2944.0,1490.0,765.0,,,
3432.0,838.0,1949.0,548.0,318.0,3560.0,,2881.0,,,,,,783.0,,,,,1632.0,980.0,1201.0,2348.0,,,
,189.0,918.0,303.0,3373.0,3881.0,,2203.0,,,,,,3658.0,,,,,857.0,2650.0,241.0,1364.0,,,
,648.0,2406.0,2840.0,121.0,54.0,,3612.0,,,,,,2926.0,,,,,2997.0,2097.0,21.0,1581.0,,,
,410.0,2227.0,2871.0,136.0,2238.0,,1692.0,,,,,,1938.0,,,,,867.0,189.0,2672.0,749.0,,,
,64.0,2532.0,395.0,3132.0,1209.0,,2444.0,,,,,,3242.0,,,,,3637.0,3585.0,1722.0,1260.0,,,
,101.0,2767.0,3601.0,2975.0,2851.0,,2594.0,,,,,,1350.0,,,,,972.0,1475.0,2678.0,1504.0,,,
,695.0,407.0,374.0,1040.0,725.0,,1551.0,,,,,,764.0,,,,,1895.0,4082.0,3399.0,1387.0,,,
,1607.0,3602.0,2170.0,915.0,744.0,,592.0,,,,,,1591.0,,,,,3275.0,2892.0,2888.0,718.0,,,
,3685.0,940.0,1190.0,2334.0,1819.0,,2759.0,,,,,,688.0,,,,,2202.0,576.0,145.0,3414.0,,,
,3454.0,3106.0,658.0,2132.0,2161.0,,946.0,,,,,,2075.0,,,,,301.0,2519.0,2456.0,157.0,,,
,2129.0,1024.0,3978.0,357.0,3713.0,,1957.0,,,,,,68.0,,,,,962.0,1024.0,1936.0,3225.0,,,
,3273.0,2853.0,1995.0,3958.0,1510.0,,1409.0,,,,,,1915.0,,,,,3487.0,1328.0,2419.0,912.0,,,
,634.0,2559.0,2779.0,1781.0,436.0,,1136.0,,,,,,2461.0,,,,,1115.0,1439.0,2491.0,1944.0,,,
,3984.0,1623.0,1612.0,2377.0,1522.0,,1015.0,,,,,,1125.0,,,,,429.0,946.0,3476.0,1553.0,,,
,825.0,1553.0,3044.0,3595.0,2531.0,,2685.0,,,,,,583.0,,,,,3240.0,2725.0,1751.0,3203.0,,,
,392.0,964.0,2273.0,3590.0,4057.0,,1116.0,,,,,,3131.0,,,,,2820.0,646.0,1949.0,1272.0,,,
,1115.0,1806.0,1323.0,291.0,103.0,,4038.0,,,,,,655.0,,,,,907.0,3610.0,324.0,3125.0,,,
,3675.0,3066.0,1858.0,1419.0,2964.0,,2829.0,,,,,,3406.0,,,,,830.0,2736.0,1904.0,1508.0,,,
,1789.0,62.0,2111.0,3338.0,2211.0,,850.0,,,,,,1813.0,,,,,3375.0,411.0,4097.0,32.0,,,
,1231.0,3406.0,1106.0,2337.0,1339.0,,3788.0,,,,,,3617.0,,,,,2590.0,999.0,2325.0,3565.0,,,
,4066.0,1908.0,2189.0,1108.0,1296.0,,981.0,,,,,,590.0,,,,,2907.0,638.0,1407.0,3204.0,,,
,2797.0,3561.0,,796.0,2202.0,,1212.0,,,,,,647.0,,,,,172.0,2731.0,1157.0,2682.0,,,
,3408.0,3798.0,,2962.0,1276.0,,3927.0,,,,,,3300.0,,,,,1344.0,2173.0,3665.0,2482.0,,,
,2243.0,3213.0,,596.0,72.0,,2616.0,,,,,,999.0,,,,,2922.0,66.0,668.0,58.0,,,
,467.0,252.0,,3405.0,3567.0,,866.0,,,,,,1922.0,,,,,291.0,2282.0,122.0,98.0,,,
,2403.0,87.0,,400.0,3846.0,,2187.0,,,,,,1748.0,,,,,3561.0,1102.0,1453.0,133.0,,,
,3630.0,3697.0,,3315.0,2004.0,,1400.0,,,,,,4102.0,,,,,611.0,1163.0,1183.0,762.0,,,
,2624.0,3119.0,,3351.0,136.0,,2809.0,,,,,,2119.0,,,,,959.0,3416.0,817.0,3368.0,,,
,936.0,1798.0,,1698.0,214.0,,488.0,,,,,,3248.0,,,,,3727.0,3648.0,3572.0,1920.0,,,
,3552.0,1990.0,,883.0,3325.0,,291.0,,,,,,196.0,,,,,1668.0,1575.0,3866.0,2905.0,,,
,2586.0,961.0,,2522.0,460.0,,591.0,,,,,,1941.0,,,,,2061.0,3575.0,3985.0,2975.0,,,
,543.0,2805.0,,2677.0,3889.0,,3084.0,,,,,,2380.0,,,,,2344.0,2191.0,1221.0,421.0,,,
,390.0,2417.0,,2670.0,1056.0,,2579.0,,,,,,1458.0,,,,,1917.0,2208.0,1820.0,4040.0,,,
,1426.0,1865.0,,3157.0,3909.0,,970.0,,,,,,53.0,,,,,3792.0,1130.0,2945.0,168.0,,,
,3693.0,1242.0,,2428.0,3544.0,,3444.0,,,,,,1144.0,,,,,1811.0,2133.0,1219.0,621.0,,,
,1771.0,633.0,,1188.0,2385.0,,2846.0,,,,,,2140.0,,,,,2201.0,83.0,3867.0,203.0,,,
,3817.0,2889.0,,355.0,3414.0,,1074.0,,,,,,3830.0,,,,,2432.0,1635.0,2123.0,3817.0,,,
,3399.0,344.0,,3280.0,71.0,,2610.0,,,,,,1760.0,,,,,2260.0,3468.0,958.0,326.0,,,
,328.0,3698.0,,195.0,3211.0,,2241.0,,,,,,876.0,,,,,1993.0,315.0,238.0,2891.0,,,
,3610.0,397.0,,2692.0,2942.0,,1923.0,,,,,,2396.0,,,,,3336.0,781.0,474.0,1113.0,,,
,3089.0,1030.0,,264.0,3723.0,,1605.0,,,,,,1009.0,,,,,1962.0,184.0,3660.0,1085.0,,,
,769.0,3476.0,,1533.0,3702.0,,3126.0,,,,,,313.0,,,,,1387.0,907.0,3406.0,2465.0,,,
,1554.0,3298.0,,2055.0,1741.0,,1743.0,,,,,,2576.0,,,,,1524.0,3277.0,3566.0,1537.0,,,
,2250.0,1827.0,,2569.0,1983.0,,700.0,,,,,,973.0,,,,,1021.0,3442.0,1445.0,2671.0,,,
,1463.0,886.0,,869.0,2902.0,,294.0,,,,,,995.0,,,,,119.0,277.0,251.0,8.0,,,
,74.0,1733.0,,1543.0,347.0,,1495.0,,,,,,185.0,,,,,3329.0,1178.0,625.0,1195.0,,,
,2042.0,2496.0,,3634.0,427.0,,2337.0,,,,,,3084.0,,,,,76.0,1445.0,504.0,3016.0,,,
,1252.0,3604.0,,3748.0,2320.0,,3041.0,,,,,,1901.0,,,,,169.0,3882.0,3232.0,3119.0,,,
,466.0,2045.0,,3764.0,1251.0,,265.0,,,,,,1330.0,,,,,3443.0,1647.0,3251.0,162.0,,,
,635.0,1103.0,,2024.0,2175.0,,336.0,,,,,,1236.0,,,,,1755.0,4032.0,2810.0,1177.0,,,
,3337.0,3067.0,,488.0,3921.0,,2707.0,,,,,,2050.0,,,,,1466.0,3065.0,3049.0,2734.0,,,
,2511.0,3672.0,,3715.0,2573.0,,3091.0,,,,,,132.0,,,,,581.0,3076.0,2873.0,644.0,,,
,1364.0,3174.0,,4076.0,1027.0,,546.0,,,,,,2932.0,,,,,904.0,1090.0,2652.0,2152.0,,,
,276.0,1910.0,,3812.0,1862.0,,3303.0,,,,,,555.0,,,,,3572.0,2372.0,448.0,111.0,,,
,2163.0,3414.0,,2282.0,3574.0,,3744.0,,,,,,223.0,,,,,1104.0,2846.0,4081.0,2197.0,,,
,2547.0,3100.0,,62.0,3894.0,,182.0,,,,,,1207.0,,,,,1764.0,4076.0,3726.0,3141.0,,,
,501.0,3822.0,,785.0,1338.0,,3742.0,,,,,,209.0,,,,,174.0,2503.0,3736.0,2311.0,,,
,423.0,2787.0,,715.0,595.0,,412.0,,,,,,3762.0,,,,,2455.0,1682.0,3747.0,2921.0,,,
,4042.0,4036.0,,1797.0,123.0,,4046.0,,,,,,3952.0,,,,,553.0,3245.0,1533.0,1353.0,,,
,2566.0,1203.0,,2555.0,923.0,,1770.0,,,,,,3910.0,,,,,2864.0,2455.0,1469.0,153.0,,,
,3734.0,265.0,,746.0,844.0,,3646.0,,,,,,3678.0,,,,,1513.0,3614.0,1105.0,257.0,,,
,429.0,2414.0,,2189.0,3005.0,,1102.0,,,,,,370.0,,,,,2336.0,3202.0,3907.0,3109.0,,,
,1863.0,355.0,,2214.0,3718.0,,1137.0,,,,,,3295.0,,,,,41.0,1791.0,2433.0,392.0,,,
,2496.0,289.0,,320.0,3573.0,,1070.0,,,,,,1556.0,,,,,2968.0,1197.0,3408.0,3452.0,,,
,1936.0,1234.0,,2201.0,1749.0,,973.0,,,,,,2335.0,,,,,3616.0,1842.0,2451.0,3006.0,,,
,3670.0,609.0,,960.0,2310.0,,2015.0,,,,,,1539.0,,,,,1838.0,1106.0,3207.0,1764.0,,,
,1920.0,377.0,,7.0,111.0,,1884.0,,,,,,2522.0,,,,,1267.0,3137.0,2635.0,1415.0,,,
,1458.0,522.0,,3746.0,946.0,,809.0,,,,,,705.0,,,,,978.0,2583.0,2886.0,2784.0,,,
,1962.0,2355.0,,2539.0,3217.0,,49.0,,,,,,2465.0,,,,,2477.0,574.0,1739.0,2649.0,,,
,959.0,972.0,,3271.0,3957.0,,201.0,,,,,,2997.0,,,,,3334.0,150.0,1330.0,3254.0,,,
,2209.0,2953.0,,957.0,534.0,,3087.0,,,,,,917.0,,,,,1644.0,2475.0,1162.0,331.0,,,
,1406.0,2487.0,,1728.0,2241.0,,1682.0,,,,,,908.0,,,,,1740.0,3871.0,1389.0,4061.0,,,
,3128.0,340.0,,83.0,4054.0,,630.0,,,,,,1751.0,,,,,1398.0,3740.0,950.0,3744.0,,,
,151.0,3854.0,,2361.0,2189.0,,2699.0,,,,,,2589.0,,,,,3362.0,3974.0,2543.0,2488.0,,,
,1147.0,3979.0,,2593.0,819.0,,3804.0,,,,,,537.0,,,,,592.0,1002.0,1787.0,3560.0,,,
,1990.0,3945.0,,1453.0,3143.0,,179.0,,,,,,1249.0,,,,,236.0,183.0,1342.0,1949.0,,,
,2237.0,2160.0,,554.0,1195.0,,4090.0,,,,,,1153.0,,,,,2735.0,3752.0,3690.0,477.0,,,
,3949.0,2279.0,,2441.0,4029.0,,3055.0,,,,,,62.0,,,,,3255.0,106.0,1697.0,1947.0,,,
,1131.0,1674.0,,3354.0,59.0,,3877.0,,,,,,152.0,,,,,3500.0,1658.0,2494.0,2589.0,,,
,873.0,3630.0,,3254.0,956.0,,1454.0,,,,,,3708.0,,,,,2740.0,2110.0,3067.0,2991.0,,,
,1557.0,2049.0,,2971.0,3805.0,,2224.0,,,,,,879.0,,,,,3289.0,1279.0,546.0,2776.0,,,
,3074.0,2591.0,,2272.0,2924.0,,3907.0,,,,,,2700.0,,,,,178.0,1318.0,2647.0,1715.0,,,
,1848.0,3734.0,,3659.0,1429.0,,320.0,,,,,,1885.0,,,,,1774.0,1453.0,47.0,1688.0,,,
,2646.0,2577.0,,3341.0,1777.0,,1759.0,,,,,,2938.0,,,,,1638.0,3864.0,2639.0,471.0,,,
,3000.0,784.0,,2391.0,257.0,,409.0,,,,,,2570.0,,,,,2973.0,3344.0,3723.0,900.0,,,
,2598.0,1573.0,,1854.0,2752.0,,1350.0,,,,,,245.0,,,,,2081.0,227.0,2196.0,1124.0,,,
,1165.0,244.0,,2994.0,1074.0,,3997.0,,,,,,2280.0,,,,,1002.0,3582.0,1263.0,2247.0,,,
,4046.0,2737.0,,1630.0,2260.0,,1984.0,,,,,,277.0,,,,,3385.0,813.0,178.0,1974.0,,,
,2171.0,1495.0,,1644.0,3824.0,,3330.0,,,,,,4008.0,,,,,1629.0,2448.0,19.0,266.0,,,
,169.0,31.0,,1444.0,130.0,,3281.0,,,,,,1231.0,,,,,2166.0,2485.0,2633.0,4073.0,,,
,2486.0,245.0,,3706.0,754.0,,3946.0,,,,,,2089.0,,,,,687.0,617.0,1852.0,979.0,,,
,1717.0,3086.0,,742.0,1200.0,,3483.0,,,,,,699.0,,,,,1702.0,1896.0,256.0,2093.0,,,
,3751.0,2428.0,,1060.0,1803.0,,159.0,,,,,,174.0,,,,,1177.0,1794.0,1322.0,165.0,,,
,586.0,560.0,,29.0,153.0,,3052.0,,,,,,1052.0,,,,,2.0,2197.0,2553.0,1953.0,,,
,2615.0,3434.0,,202.0,4036.0,,3324.0,,,,,,222.0,,,,,2635.0,1287.0,2979.0,3115.0,,,
,3250.0,141.0,,1035.0,409.0,,3164.0,,,,,,3554.0,,,,,529.0,1417.0,765.0,3142.0,,,
,1419.0,1482.0,,3863.0,3559.0,,300.0,,,,,,2139.0,,,,,2247.0,1039.0,4047.0,2503.0,,,
,1022.0,1987.0,,4102.0,2131.0,,1355.0,,,,,,2626.0,,,,,297.0,2131.0,777.0,3569.0,,,
,77.0,3360.0,,2892.0,982.0,,2137.0,,,,,,3917.0,,,,,154.0,1169.0,870.0,3612.0,,,
,849.0,3780.0,,3957.0,914.0,,1497.0,,,,,,2729.0,,,,,992.0,2006.0,1300.0,1923.0,,,
,866.0,2364.0,,341.0,3862.0,,305.0,,,,,,3705.0,,,,,3029.0,1796.0,2509.0,2858.0,,,
,1326.0,3185.0,,2187.0,3977.0,,1438.0,,,,,,613.0,,,,,1810.0,2143.0,3610.0,2623.0,,,
,2698.0,748.0,,1986.0,2618.0,,3682.0,,,,,,3732.0,,,,,2116.0,670.0,4040.0,288.0,,,
,2487.0,2033.0,,3663.0,2648.0,,1690.0,,,,,,822.0,,,,,1024.0,2003.0,1144.0,3410.0,,,
,3709.0,852.0,,32.0,2543.0,,405.0,,,,,,1996.0,,,,,1575.0,3094.0,3041.0,1465.0,,,
,421.0,196.0,,11.0,3703.0,,1867.0,,,,,,3164.0,,,,,910.0,514.0,4030.0,793.0,,,
,1951.0,2104.0,,1793.0,2967.0,,2888.0,,,,,,2237.0,,,,,739.0,1391.0,214.0,1547.0,,,
,1217.0,1076.0,,2349.0,209.0,,1272.0,,,,,,305.0,,,,,3294.0,3050.0,2044.0,3557.0,,,
,3708.0,2244.0,,1388.0,958.0,,3715.0,,,,,,1382.0,,,,,2530.0,647.0,1010.0,3713.0,,,
,417.0,3215.0,,2684.0,421.0,,2857.0,,,,,,1035.0,,,,,3406.0,1897.0,1909.0,129.0,,,
,3428.0,3693.0,,2181.0,156.0,,1628.0,,,,,,2593.0,,,,,1206.0,1483.0,308.0,3464.0,,,
,2545.0,4041.0,,3506.0,10.0,,1898.0,,,,,,2262.0,,,,,3621.0,548.0,2776.0,28.0,,,
,1012.0,146.0,,3136.0,2275.0,,1110.0,,,,,,3575.0,,,,,2895.0,114.0,351.0,391.0,,,
,3811.0,419.0,,2536.0,609.0,,1507.0,,,,,,301.0,,,,,3067.0,1507.0,1295.0,3860.0,,,
,952.0,3801.0,,2242.0,1962.0,,2586.0,,,,,,1363.0,,,,,833.0,3447.0,173.0,695.0,,,
,3461.0,1709.0,,716.0,3962.0,,2428.0,,,,,,3026.0,,,,,3809.0,2467.0,2881.0,1278.0,,,
,117.0,3998.0,,1336.0,3750.0,,2260.0,,,,,,3817.0,,,,,1879.0,3492.0,2052.0,3639.0,,,
,1088.0,1359.0,,316.0,322.0,,3543.0,,,,,,1909.0,,,,,2230.0,1085.0,3094.0,2323.0,,,
,702.0,1721.0,,1490.0,2040.0,,3278.0,,,,,,2031.0,,,,,3065.0,3769.0,3868.0,2855.0,,,
,608.0,3852.0,,3166.0,1325.0,,33.0,,,,,,3633.0,,,,,3411.0,2041.0,8.0,174.0,,,
,918.0,2906.0,,1849.0,3819.0,,2345.0,,,,,,121.0,,,,,2041.0,2520.0,2038.0,2004.0,,,
,2900.0,1260.0,,1943.0,1120.0,,2059.0,,,,,,3190.0,,,,,3413.0,3283.0,2297.0,1899.0,,,
,2957.0,2263.0,,2151.0,3293.0,,2815.0,,,,,,3622.0,,,,,1336.0,3573.0,638.0,1646.0,,,
,1005.0,500.0,,2264.0,3625.0,,102.0,,,,,,618.0,,,,,2993.0,2841.0,155.0,1685.0,,,
,1037.0,2989.0,,1132.0,3967.0,,27.0,,,,,,1879.0,,,,,720.0,834.0,277.0,2917.0,,,
,1730.0,4099.0,,2652.0,2490.0,,1852.0,,,,,,767.0,,,,,645.0,1231.0,3129.0,3691.0,,,
,3598.0,2239.0,,272.0,396.0,,2904.0,,,,,,689.0,,,,,3755.0,3697.0,134.0,325.0,,,
,3083.0,1161.0,,3141.0,1149.0,,2093.0,,,,,,3403.0,,,,,197.0,1780.0,3780.0,2560.0,,,
,1745.0,1194.0,,2204.0,377.0,,368.0,,,,,,3832.0,,,,,3111.0,2943.0,2904.0,2104.0,,,
,4092.0,120.0,,3102.0,2818.0,,163.0,,,,,,3876.0,,,,,2676.0,2621.0,2375.0,3537.0,,,
,3346.0,2898.0,,1281.0,2482.0,,1349.0,,,,,,3259.0,,,,,1876.0,1176.0,3206.0,580.0,,,
,1945.0,133.0,,3461.0,2267.0,,1699.0,,,,,,2654.0,,,,,292.0,2004.0,64.0,1017.0,,,
,1347.0,746.0,,3717.0,277.0,,569.0,,,,,,2713.0,,,,,3270.0,1508.0,1652.0,1862.0,,,
,3638.0,787.0,,2562.0,854.0,,3883.0,,,,,,3127.0,,,,,3281.0,2434.0,1830.0,1727.0,,,
,3943.0,2075.0,,3368.0,1563.0,,779.0,,,,,,680.0,,,,,2698.0,3047.0,887.0,3711.0,,,
,2910.0,3121.0,,728.0,2193.0,,1160.0,,,,,,1713.0,,,,,2108.0,525.0,2057.0,2814.0,,,
,431.0,2278.0,,2405.0,3339.0,,1178.0,,,,,,3226.0,,,,,1399.0,70.0,4003.0,1963.0,,,
,2942.0,3420.0,,905.0,1754.0,,3666.0,,,,,,64.0,,,,,1686.0,10.0,496.0,213.0,,,
,2968.0,1921.0,,460.0,3368.0,,1721.0,,,,,,3236.0,,,,,3670.0,1845.0,1875.0,112.0,,,
,2143.0,383.0,,3612.0,1234.0,,2965.0,,,,,,215.0,,,,,803.0,3095.0,2390.0,1880.0,,,
,359.0,2219.0,,3811.0,685.0,,2411.0,,,,,,771.0,,,,,1492.0,1936.0,310.0,2557.0,,,
,347.0,1739.0,,378.0,2166.0,,2872.0,,,,,,425.0,,,,,3983.0,2442.0,356.0,2708.0,,,
,2640.0,3376.0,,123.0,569.0,,1961.0,,,,,,682.0,,,,,2774.0,1037.0,3931.0,1758.0,,,
,1895.0,4051.0,,1901.0,1059.0,,360.0,,,,,,3024.0,,,,,2056.0,1249.0,1410.0,3074.0,,,
,728.0,607.0,,4081.0,1068.0,,1083.0,,,,,,47.0,,,,,3378.0,2890.0,2186.0,3381.0,,,
,1047.0,53.0,,275.0,243.0,,952.0,,,,,,2154.0,,,,,1230.0,602.0,2550.0,635.0,,,
,202.0,1548.0,,2867.0,3169.0,,2550.0,,,,,,297.0,,,,,2725.0,1725.0,2484.0,90.0,,,
,691.0,4013.0,,1545.0,18.0,,2714.0,,,,,,3953.0,,,,,1613.0,1026.0,598.0,2936.0,,,
,622.0,1747.0,,2029.0,1173.0,,3551.0,,,,,,2817.0,,,,,2996.0,828.0,669.0,275.0,,,
,2253.0,3498.0,,356.0,796.0,,279.0,,,,,,485.0,,,,,356.0,1518.0,3911.0,3793.0,,,
,214.0,2902.0,,501.0,3412.0,,1423.0,,,,,,298.0,,,,,2266.0,1833.0,2358.0,386.0,,,
,2.0,783.0,,3219.0,1646.0,,651.0,,,,,,1750.0,,,,,3889.0,3948.0,779.0,1021.0,,,
,2695.0,2441.0,,278.0,2405.0,,1368.0,,,,,,1776.0,,,,,116.0,261.0,3705.0,4002.0,,,
,2413.0,2981.0,,935.0,281.0,,3631.0,,,,,,2420.0,,,,,2544.0,1708.0,428.0,1047.0,,,
,93.0,3037.0,,2537.0,1322.0,,1939.0,,,,,,2691.0,,,,,1442.0,2811.0,2676.0,588.0,,,
,2176.0,701.0,,3894.0,2393.0,,2292.0,,,,,,137.0,,,,,894.0,3638.0,1773.0,847.0,,,
,720.0,2218.0,,3105.0,3530.0,,2254.0,,,,,,3657.0,,,,,110.0,1724.0,2496.0,220.0,,,
,4012.0,4031.0,,3240.0,1096.0,,2188.0,,,,,,640.0,,,,,2235.0,2339.0,547.0,1679.0,,,
,3919.0,1160.0,,2484.0,429.0,,1649.0,,,,,,983.0,,,,,1135.0,579.0,2951.0,1985.0,,,
,521.0,1656.0,,2982.0,1305.0,,3168.0,,,,,,1098.0,,,,,3193.0,3082.0,1073.0,2316.0,,,
,1310.0,300.0,,2066.0,1838.0,,3860.0,,,,,,3974.0,,,,,2581.0,866.0,2571.0,3353.0,,,
,2076.0,1221.0,,3845.0,2072.0,,1573.0,,,,,,144.0,,,,,1071.0,719.0,1556.0,3628.0,,,
,1297.0,1997.0,,1088.0,2947.0,,2753.0,,,,,,3469.0,,,,,3504.0,425.0,1476.0,3667.0,,,
,1116.0,281.0,,1313.0,2586.0,,2042.0,,,,,,4032.0,,,,,627.0,3128.0,432.0,312.0,,,
,273.0,988.0,,1489.0,320.0,,3036.0,,,,,,31.0,,,,,1717.0,1084.0,276.0,3303.0,,,
,2760.0,1220.0,,839.0,3138.0,,3366.0,,,,,,309.0,,,,,1418.0,2668.0,154.0,2797.0,,,
,2372.0,2872.0,,2470.0,1436.0,,2318.0,,,,,,462.0,,,,,1866.0,3110.0,2911.0,2863.0,,,
,1098.0,938.0,,1498.0,721.0,,206.0,,,,,,2183.0,,,,,3230.0,3900.0,1806.0,1375.0,,,
,2244.0,353.0,,2792.0,807.0,,3345.0,,,,,,2867.0,,,,,3331.0,4040.0,1361.0,86.0,,,
,1852.0,1449.0,,2673.0,3106.0,,221.0,,,,,,2482.0,,,,,532.0,1813.0,465.0,3150.0,,,
,1234.0,95.0,,3925.0,1266.0,,1107.0,,,,,,2711.0,,,,,1587.0,1455.0,1278.0,3370.0,,,
,2962.0,3543.0,,1635.0,968.0,,1404.0,,,,,,3855.0,,,,,2941.0,1158.0,113.0,1987.0,,,
,1168.0,3325.0,,93.0,1188.0,,339.0,,,,,,236.0,,,,,167.0,2149.0,3268.0,2592.0,,,
,191.0,3461.0,,2913.0,2663.0,,2266.0,,,,,,3097.0,,,,,2883.0,404.0,1755.0,3461.0,,,
,1275.0,3338.0,,3275.0,501.0,,2804.0,,,,,,2145.0,,,,,3925.0,2054.0,2518.0,2043.0,,,
,3968.0,465.0,,2806.0,2501.0,,3984.0,,,,,,1157.0,,,,,3900.0,1696.0,2538.0,1851.0,,,
,1577.0,1577.0,,3200.0,2534.0,,1807.0,,,,,,652.0,,,,,2633.0,3904.0,3839.0,2802.0,,,
,1983.0,276.0,,1848.0,2650.0,,1686.0,,,,,,708.0,,,,,2445.0,2082.0,4071.0,788.0,,,
,600.0,1957.0,,1623.0,2969.0,,3964.0,,,,,,3438.0,,,,,488.0,2735.0,3816.0,495.0,,,
,1127.0,1333.0,,3672.0,633.0,,1146.0,,,,,,300.0,,,,,3890.0,801.0,382.0,252.0,,,
,1134.0,1411.0,,2312.0,2726.0,,348.0,,,,,,2777.0,,,,,2595.0,3777.0,2028.0,533.0,,,
,2551.0,3140.0,,254.0,2359.0,,1466.0,,,,,,27.0,,,,,1826.0,228.0,1245.0,518.0,,,
,1651.0,1810.0,,3738.0,1884.0,,2381.0,,,,,,310.0,,,,,2194.0,2842.0,2492.0,3018.0,,,
,133.0,3802.0,,593.0,197.0,,464.0,,,,,,201.0,,,,,3813.0,714.0,3214.0,1656.0,,,
,2835.0,3093.0,,2936.0,918.0,,3153.0,,,,,,3212.0,,,,,1836.0,2407.0,320.0,455.0,,,
,594.0,272.0,,1346.0,2440.0,,1012.0,,,,,,1529.0,,,,,3462.0,1795.0,2050.0,1517.0,,,
,1540.0,3591.0,,1682.0,2363.0,,3244.0,,,,,,1675.0,,,,,953.0,3945.0,2229.0,3788.0,,,
,395.0,1124.0,,1938.0,3477.0,,2545.0,,,,,,1033.0,,,,,1691.0,908.0,3717.0,2060.0,,,
,1929.0,3031.0,,3701.0,3561.0,,344.0,,,,,,1337.0,,,,,2777.0,2198.0,878.0,3958.0,,,
,3146.0,1264.0,,2011.0,3238.0,,2159.0,,,,,,204.0,,,,,3899.0,1775.0,4094.0,2783.0,,,
,2578.0,950.0,,4085.0,4102.0,,2964.0,,,,,,92.0,,,,,375.0,3388.0,516.0,222.0,,,
,575.0,901.0,,2916.0,646.0,,442.0,,,,,,22.0,,,,,1684.0,2420.0,3743.0,2829.0,,,
,3914.0,2046.0,,3741.0,2688.0,,127.0,,,,,,3338.0,,,,,3467.0,2704.0,1328.0,1718.0,,,
,3567.0,424.0,,372.0,2832.0,,1234.0,,,,,,619.0,,,,,965.0,3689.0,3745.0,1559.0,,,
,2658.0,3939.0,,3284.0,583.0,,1093.0,,,,,,439.0,,,,,678.0,1540.0,3787.0,4098.0,,,
,4030.0,1325.0,,1057.0,3734.0,,1579.0,,,,,,1141.0,,,,,1901.0,3688.0,899.0,2361.0,,,
,2208.0,1007.0,,1694.0,3809.0,,1021.0,,,,,,593.0,,,,,1143.0,3201.0,596.0,43.0,,,
,1781.0,1820.0,,1162.0,2548.0,,2268.0,,,,,,2110.0,,,,,1243.0,707.0,3684.0,867.0,,,
,3585.0,3676.0,,2815.0,4024.0,,2944.0,,,,,,531.0,,,,,1174.0,3383.0,3935.0,3892.0,,,
,926.0,841.0,,2886.0,1198.0,,2009.0,,,,,,3551.0,,,,,1411.0,3601.0,2106.0,239.0,,,
,3495.0,600.0,,2650.0,3024.0,,3698.0,,,,,,392.0,,,,,2716.0,676.0,768.0,182.0,,,
,3489.0,4077.0,,2803.0,2649.0,,1850.0,,,,,,2699.0,,,,,3241.0,865.0,566.0,2970.0,,,
,261.0,2129.0,,2762.0,2820.0,,26.0,,,,,,179.0,,,,,3488.0,989.0,3971.0,2928.0,,,
,2336.0,291.0,,1349.0,3849.0,,1094.0,,,,,,1342.0,,,,,916.0,3685.0,2929.0,1159.0,,,
,852.0,2523.0,,3514.0,2038.0,,3773.0,,,,,,61.0,,,,,3636.0,2878.0,3994.0,791.0,,,
,2344.0,3658.0,,1604.0,454.0,,3217.0,,,,,,2473.0,,,,,1422.0,1615.0,2525.0,193.0,,,
,561.0,2851.0,,1447.0,4063.0,,893.0,,,,,,2508.0,,,,,1050.0,377.0,109.0,490.0,,,
,2546.0,228.0,,637.0,89.0,,2146.0,,,,,,3567.0,,,,,150.0,1627.0,203.0,2347.0,,,
,3690.0,610.0,,1977.0,1795.0,,1459.0,,,,,,1549.0,,,,,591.0,3168.0,3016.0,2687.0,,,
,730.0,3078.0,,2172.0,2903.0,,3095.0,,,,,,3382.0,,,,,2109.0,2379.0,1682.0,1377.0,,,
,2268.0,2124.0,,548.0,2088.0,,1387.0,,,,,,3145.0,,,,,3804.0,2045.0,1549.0,3262.0,,,
,2877.0,1465.0,,726.0,1622.0,,752.0,,,,,,1687.0,,,,,450.0,3848.0,2696.0,1462.0,,,
,3028.0,2078.0,,3155.0,1194.0,,721.0,,,,,,1535.0,,,,,3654.0,702.0,1049.0,1268.0,,,
,2634.0,2604.0,,333.0,3806.0,,1896.0,,,,,,385.0,,,,,2037.0,318.0,3085.0,1006.0,,,
,3303.0,1280.0,,631.0,1457.0,,3876.0,,,,,,2906.0,,,,,847.0,3606.0,3817.0,383.0,,,
,3643.0,3948.0,,2636.0,3690.0,,347.0,,,,,,852.0,,,,,598.0,3730.0,597.0,3535.0,,,
,3529.0,47.0,,1077.0,2249.0,,990.0,,,,,,921.0,,,,,3691.0,651.0,1973.0,3137.0,,,
,2796.0,1222.0,,2785.0,2386.0,,2016.0,,,,,,3994.0,,,,,2680.0,284.0,1778.0,3654.0,,,
,3773.0,2538.0,,2359.0,1659.0,,2171.0,,,,,,473.0,,,,,3520.0,2960.0,1566.0,3213.0,,,
,555.0,3044.0,,1064.0,1094.0,,4085.0,,,,,,2634.0,,,,,2724.0,523.0,3947.0,4062.0,,,
,1379.0,1848.0,,3947.0,907.0,,2356.0,,,,,,3372.0,,,,,1127.0,323.0,736.0,1640.0,,,
,2921.0,,,3773.0,3595.0,,3124.0,,,,,,3215.0,,,,,3835.0,3684.0,2059.0,3153.0,,,
,3530.0,,,2587.0,1756.0,,2962.0,,,,,,2117.0,,,,,2669.0,2861.0,1247.0,2302.0,,,
,2457.0,,,1867.0,545.0,,1474.0,,,,,,2124.0,,,,,369.0,137.0,3221.0,3483.0,,,
,996.0,,,1965.0,3358.0,,3544.0,,,,,,3811.0,,,,,2132.0,2484.0,2823.0,1629.0,,,
,4079.0,,,266.0,2604.0,,1161.0,,,,,,2224.0,,,,,1306.0,1109.0,2943.0,3692.0,,,
,2110.0,,,2839.0,1278.0,,2355.0,,,,,,2673.0,,,,,1824.0,134.0,3873.0,662.0,,,
,942.0,,,1488.0,3778.0,,3901.0,,,,,,1992.0,,,,,3492.0,2222.0,3501.0,2085.0,,,
,770.0,,,1226.0,1556.0,,2689.0,,,,,,3736.0,,,,,1095.0,1718.0,2022.0,1587.0,,,
,240.0,,,106.0,2239.0,,1184.0,,,,,,3883.0,,,,,2480.0,511.0,314.0,2445.0,,,
,2279.0,,,54.0,2748.0,,3388.0,,,,,,3727.0,,,,,2183.0,552.0,651.0,3503.0,,,
,2013.0,,,3726.0,2271.0,,3076.0,,,,,,1882.0,,,,,1747.0,1550.0,2867.0,3438.0,,,
,332.0,,,3521.0,2889.0,,3346.0,,,,,,929.0,,,,,725.0,1157.0,1894.0,3995.0,,,
,1492.0,,,1603.0,1769.0,,572.0,,,,,,2830.0,,,,,1182.0,2939.0,619.0,2933.0,,,
,1728.0,,,3650.0,2337.0,,1394.0,,,,,,945.0,,,,,1855.0,4070.0,2221.0,844.0,,,
,358.0,,,613.0,337.0,,333.0,,,,,,2689.0,,,,,288.0,2612.0,781.0,1584.0,,,
,3561.0,,,477.0,52.0,,4100.0,,,,,,755.0,,,,,3606.0,4080.0,225.0,458.0,,,
,489.0,,,623.0,1755.0,,148.0,,,,,,2468.0,,,,,3475.0,3324.0,1997.0,367.0,,,
,1329.0,,,712.0,1285.0,,1733.0,,,,,,2408.0,,,,,1058.0,375.0,2265.0,830.0,,,
,858.0,,,3055.0,3527.0,,1878.0,,,,,,2759.0,,,,,2003.0,2905.0,2055.0,1954.0,,,
,3608.0,,,999.0,2078.0,,2643.0,,,,,,1550.0,,,,,1076.0,1617.0,1878.0,25.0,,,
,1967.0,,,3274.0,339.0,,3421.0,,,,,,2533.0,,,,,1762.0,1809.0,2389.0,3791.0,,,
,3703.0,,,577.0,2514.0,,2623.0,,,,,,1486.0,,,,,188.0,2863.0,1387.0,1554.0,,,
,1132.0,,,2141.0,672.0,,3088.0,,,,,,3012.0,,,,,3938.0,3149.0,498.0,1334.0,,,
,2118.0,,,2970.0,1015.0,,2441.0,,,,,,1285.0,,,,,771.0,822.0,2369.0,2100.0,,,
,1840.0,,,834.0,1762.0,,1265.0,,,,,,3355.0,,,,,3423.0,2394.0,3664.0,2160.0,,,
,3631.0,,,406.0,3131.0,,2973.0,,,,,,3362.0,,,,,3754.0,3042.0,3375.0,1.0,,,
,1080.0,,,1522.0,3555.0,,342.0,,,,,,3585.0,,,,,3042.0,2866.0,3719.0,1080.0,,,
,3548.0,,,2759.0,660.0,,2795.0,,,,,,1605.0,,,,,1454.0,1874.0,2351.0,2246.0,,,
,840.0,,,1708.0,2968.0,,1345.0,,,,,,3546.0,,,,,2783.0,2285.0,3.0,26.0,,,
,1650.0,,,15.0,64.0,,1470.0,,,,,,2996.0,,,,,941.0,1301.0,3192.0,1420.0,,,
,2934.0,,,978.0,2761.0,,4101.0,,,,,,2005.0,,,,,3907.0,3920.0,1704.0,2588.0,,,
,3565.0,,,2256.0,653.0,,1517.0,,,,,,2116.0,,,,,548.0,1302.0,1710.0,2078.0,,,
,2334.0,,,928.0,3071.0,,1489.0,,,,,,3481.0,,,,,3050.0,2350.0,3675.0,1978.0,,,
,1293.0,,,3328.0,1993.0,,512.0,,,,,,1111.0,,,,,2850.0,2254.0,1103.0,3402.0,,,
,862.0,,,2243.0,1818.0,,991.0,,,,,,2353.0,,,,,91.0,3630.0,3145.0,1910.0,,,
,3012.0,,,258.0,3274.0,,2749.0,,,,,,2397.0,,,,,2193.0,1074.0,52.0,2213.0,,,
,2366.0,,,3924.0,2977.0,,2208.0,,,,,,2220.0,,,,,1242.0,2812.0,2839.0,1909.0,,,
,3358.0,,,1124.0,1720.0,,2218.0,,,,,,2170.0,,,,,1238.0,3404.0,1236.0,0.0,,,
,1092.0,,,1521.0,555.0,,2506.0,,,,,,490.0,,,,,619.0,2423.0,3277.0,3229.0,,,
,627.0,,,1632.0,252.0,,2353.0,,,,,,1806.0,,,,,416.0,1622.0,882.0,4088.0,,,
,3002.0,,,1375.0,1600.0,,3034.0,,,,,,631.0,,,,,730.0,2023.0,529.0,4058.0,,,
,564.0,,,1649.0,1141.0,,975.0,,,,,,4097.0,,,,,3332.0,3837.0,2077.0,126.0,,,
,1348.0,,,2443.0,328.0,,2620.0,,,,,,2286.0,,,,,228.0,977.0,1769.0,1150.0,,,
,2769.0,,,3851.0,1224.0,,3603.0,,,,,,553.0,,,,,1953.0,561.0,1326.0,2148.0,,,
,238.0,,,511.0,1533.0,,2754.0,,,,,,3822.0,,,,,2784.0,3586.0,4020.0,314.0,,,
,3296.0,,,3861.0,3757.0,,259.0,,,,,,2847.0,,,,,1537.0,1220.0,571.0,219.0,,,
,3031.0,,,1414.0,1066.0,,2406.0,,,,,,4043.0,,,,,970.0,3014.0,1934.0,3779.0,,,
,196.0,,,3170.0,203.0,,1920.0,,,,,,1830.0,,,,,2910.0,2101.0,3953.0,3363.0,,,
,5.0,,,207.0,3011.0,,2331.0,,,,,,3760.0,,,,,3740.0,2584.0,3420.0,3425.0,,,
,3689.0,,,2987.0,3002.0,,2505.0,,,,,,1487.0,,,,,1623.0,3768.0,181.0,2131.0,,,
,2390.0,,,3147.0,1877.0,,848.0,,,,,,3404.0,,,,,1606.0,3409.0,2692.0,1032.0,,,
,2644.0,,,3838.0,2120.0,,2561.0,,,,,,1770.0,,,,,3863.0,1774.0,393.0,3221.0,,,
,4048.0,,,2619.0,3136.0,,3078.0,,,,,,2785.0,,,,,2624.0,1354.0,2892.0,2058.0,,,
,889.0,,,1080.0,4064.0,,2656.0,,,,,,1250.0,,,,,3319.0,3292.0,1440.0,1856.0,,,
,2917.0,,,2885.0,254.0,,3125.0,,,,,,3028.0,,,,,2925.0,2287.0,2362.0,828.0,,,
,604.0,,,383.0,2254.0,,885.0,,,,,,3870.0,,,,,2462.0,3481.0,3613.0,2096.0,,,
,2579.0,,,654.0,374.0,,3382.0,,,,,,170.0,,,,,595.0,1352.0,3116.0,2540.0,,,
,165.0,,,500.0,606.0,,594.0,,,,,,910.0,,,,,708.0,2401.0,2783.0,2786.0,,,
,1415.0,,,441.0,2005.0,,3906.0,,,,,,1602.0,,,,,1140.0,1886.0,687.0,2108.0,,,
,2714.0,,,1327.0,3606.0,,420.0,,,,,,734.0,,,,,158.0,2364.0,1815.0,3064.0,,,
,1818.0,,,867.0,57.0,,2563.0,,,,,,2933.0,,,,,3833.0,374.0,3877.0,2579.0,,,
,3761.0,,,2944.0,963.0,,3852.0,,,,,,3937.0,,,,,3210.0,1980.0,568.0,3795.0,,,
,1535.0,,,445.0,772.0,,847.0,,,,,,3996.0,,,,,2654.0,1147.0,1522.0,2294.0,,,
,979.0,,,1464.0,2807.0,,699.0,,,,,,1987.0,,,,,2239.0,141.0,1906.0,507.0,,,
,3999.0,,,1703.0,344.0,,1261.0,,,,,,3797.0,,,,,3306.0,2142.0,147.0,3188.0,,,
,159.0,,,1406.0,273.0,,4004.0,,,,,,1656.0,,,,,2034.0,3181.0,2965.0,2191.0,,,
,597.0,,,2710.0,1545.0,,2585.0,,,,,,4076.0,,,,,4092.0,1370.0,3549.0,1398.0,,,
,1670.0,,,885.0,944.0,,3199.0,,,,,,2493.0,,,,,3055.0,526.0,2758.0,1818.0,,,
,1600.0,,,3900.0,1643.0,,3492.0,,,,,,2804.0,,,,,1470.0,3044.0,4083.0,1773.0,,,
,1243.0,,,2386.0,2399.0,,3683.0,,,,,,269.0,,,,,1433.0,3390.0,2535.0,3098.0,,,
,545.0,,,2087.0,3792.0,,3523.0,,,,,,3118.0,,,,,431.0,,2438.0,829.0,,,
,2080.0,,,359.0,3869.0,,4091.0,,,,,,3255.0,,,,,2904.0,,297.0,1239.0,,,
,2952.0,,,824.0,572.0,,2908.0,,,,,,1003.0,,,,,1007.0,,5.0,3813.0,,,
,2223.0,,,741.0,3162.0,,2185.0,,,,,,2120.0,,,,,4079.0,,3458.0,2971.0,,,
,458.0,,,3185.0,637.0,,965.0,,,,,,4061.0,,,,,248.0,,993.0,2481.0,,,
,2781.0,,,3038.0,1406.0,,2169.0,,,,,,65.0,,,,,3499.0,,3151.0,3151.0,,,
,2380.0,,,816.0,3289.0,,1962.0,,,,,,1867.0,,,,,570.0,,1498.0,2629.0,,,
,2519.0,,,361.0,1304.0,,689.0,,,,,,2770.0,,,,,1723.0,,1261.0,1250.0,,,
,864.0,,,1271.0,2555.0,,585.0,,,,,,427.0,,,,,3494.0,,2957.0,1320.0,,,
,1986.0,,,3880.0,122.0,,193.0,,,,,,1526.0,,,,,3105.0,,3662.0,3443.0,,,
,3983.0,,,3327.0,3385.0,,2556.0,,,,,,2791.0,,,,,1750.0,,25.0,270.0,,,
,1866.0,,,740.0,734.0,,3990.0,,,,,,3967.0,,,,,769.0,,1695.0,1717.0,,,
,2938.0,,,3642.0,3847.0,,2046.0,,,,,,1379.0,,,,,3326.0,,2665.0,2028.0,,,
,3040.0,,,2375.0,2159.0,,1091.0,,,,,,1688.0,,,,,2809.0,,3042.0,2717.0,,,
,1141.0,,,1667.0,4016.0,,2477.0,,,,,,3238.0,,,,,2598.0,,3429.0,2215.0,,,
,3926.0,,,3509.0,2321.0,,158.0,,,,,,2199.0,,,,,2917.0,,1486.0,3351.0,,,
,1019.0,,,2089.0,3697.0,,1815.0,,,,,,3368.0,,,,,2324.0,,13.0,1166.0,,,
,1785.0,,,608.0,2923.0,,1552.0,,,,,,3327.0,,,,,1832.0,,3137.0,2920.0,,,
,1854.0,,,2855.0,3936.0,,2032.0,,,,,,2628.0,,,,,1853.0,,375.0,984.0,,,
,1652.0,,,2064.0,1361.0,,254.0,,,,,,2027.0,,,,,667.0,,1325.0,1457.0,,,
,3557.0,,,137.0,2114.0,,3676.0,,,,,,1933.0,,,,,1022.0,,1931.0,3063.0,,,
,517.0,,,2606.0,1143.0,,468.0,,,,,,1719.0,,,,,3346.0,,3890.0,3181.0,,,
,2757.0,,,2251.0,3121.0,,2027.0,,,,,,3419.0,,,,,822.0,,1168.0,4023.0,,,
,630.0,,,2228.0,236.0,,2876.0,,,,,,4056.0,,,,,1153.0,,2695.0,1922.0,,,
,3735.0,,,3201.0,2682.0,,1280.0,,,,,,3971.0,,,,,551.0,,2594.0,753.0,,,
,2299.0,,,3369.0,934.0,,4095.0,,,,,,3929.0,,,,,3583.0,,2788.0,3046.0,,,
,3010.0,,,1429.0,3450.0,,834.0,,,,,,542.0,,,,,3006.0,,2598.0,3724.0,,,
,721.0,,,2727.0,644.0,,1934.0,,,,,,2367.0,,,,,2870.0,,3887.0,3447.0,,,
,1358.0,,,1052.0,1610.0,,2678.0,,,,,,1162.0,,,,,3396.0,,1079.0,2082.0,,,
,2571.0,,,142.0,2117.0,,1471.0,,,,,,1281.0,,,,,176.0,,2299.0,3180.0,,,
,3880.0,,,687.0,385.0,,1553.0,,,,,,1754.0,,,,,260.0,,1274.0,605.0,,,
,1595.0,,,3594.0,1642.0,,3272.0,,,,,,1384.0,,,,,2454.0,,3628.0,2183.0,,,
,1400.0,,,2255.0,2898.0,,4062.0,,,,,,3891.0,,,,,1455.0,,2529.0,3717.0,,,
,312.0,,,1544.0,3245.0,,3132.0,,,,,,2238.0,,,,,452.0,,855.0,1117.0,,,
,2911.0,,,2462.0,3608.0,,3.0,,,,,,3064.0,,,,,79.0,,2482.0,982.0,,,
,1834.0,,,3626.0,1459.0,,3922.0,,,,,,3915.0,,,,,3123.0,,224.0,1370.0,,,
,1262.0,,,656.0,1830.0,,1599.0,,,,,,354.0,,,,,3678.0,,151.0,3321.0,,,
,1611.0,,,4030.0,399.0,,3610.0,,,,,,335.0,,,,,1495.0,,510.0,336.0,,,
,2300.0,,,1701.0,2487.0,,388.0,,,,,,3903.0,,,,,2119.0,,1066.0,1918.0,,,
,925.0,,,1354.0,424.0,,3695.0,,,,,,3684.0,,,,,1157.0,,1358.0,2070.0,,,
,3563.0,,,589.0,1680.0,,1126.0,,,,,,1583.0,,,,,1701.0,,2130.0,3941.0,,,
,2133.0,,,3487.0,2066.0,,3418.0,,,,,,572.0,,,,,2466.0,,3269.0,1589.0,,,
,2833.0,,,1019.0,510.0,,350.0,,,,,,2945.0,,,,,1270.0,,339.0,1338.0,,,
,3158.0,,,969.0,1821.0,,2485.0,,,,,,2725.0,,,,,3590.0,,333.0,531.0,,,
,1489.0,,,3294.0,412.0,,523.0,,,,,,4088.0,,,,,1154.0,,3860.0,925.0,,,
,140.0,,,2898.0,2223.0,,873.0,,,,,,3075.0,,,,,4038.0,,2531.0,1360.0,,,
,3100.0,,,3018.0,3646.0,,3410.0,,,,,,3874.0,,,,,4058.0,,1161.0,1993.0,,,
,1580.0,,,1307.0,3129.0,,1893.0,,,,,,110.0,,,,,840.0,,606.0,2862.0,,,
,1765.0,,,2080.0,2491.0,,2546.0,,,,,,3266.0,,,,,1110.0,,1082.0,1567.0,,,
,447.0,,,1184.0,1500.0,,3465.0,,,,,,1869.0,,,,,436.0,,177.0,3655.0,,,
,903.0,,,3899.0,3724.0,,2883.0,,,,,,1731.0,,,,,2360.0,,808.0,3174.0,,,
,2661.0,,,393.0,3480.0,,172.0,,,,,,3835.0,,,,,2650.0,,3758.0,2729.0,,,
,3312.0,,,2953.0,2139.0,,1624.0,,,,,,3508.0,,,,,2806.0,,2208.0,3198.0,,,
,3611.0,,,3967.0,3323.0,,3441.0,,,,,,1758.0,,,,,1883.0,,3564.0,3372.0,,,
,4001.0,,,2262.0,425.0,,2691.0,,,,,,2592.0,,,,,2994.0,,2597.0,3491.0,,,
,3923.0,,,1879.0,2917.0,,533.0,,,,,,1340.0,,,,,624.0,,3480.0,3398.0,,,
,1230.0,,,3799.0,3351.0,,595.0,,,,,,3646.0,,,,,951.0,,1609.0,1720.0,,,
,192.0,,,1435.0,695.0,,1933.0,,,,,,1652.0,,,,,937.0,,1550.0,199.0,,,
,1617.0,,,2385.0,3493.0,,3934.0,,,,,,2444.0,,,,,1596.0,,326.0,2339.0,,,
,68.0,,,2983.0,1592.0,,1100.0,,,,,,401.0,,,,,1049.0,,1689.0,1894.0,,,
,3317.0,,,65.0,3452.0,,690.0,,,,,,1560.0,,,,,272.0,,789.0,1066.0,,,
,601.0,,,414.0,3622.0,,3409.0,,,,,,469.0,,,,,1413.0,,1145.0,3051.0,,,
,3651.0,,,550.0,3637.0,,1584.0,,,,,,1491.0,,,,,945.0,,1628.0,1992.0,,,
,2488.0,,,2120.0,39.0,,3338.0,,,,,,3065.0,,,,,3007.0,,3522.0,2836.0,,,
,233.0,,,82.0,3845.0,,3426.0,,,,,,1943.0,,,,,3165.0,,3898.0,1063.0,,,
,3232.0,,,1643.0,2859.0,,2404.0,,,,,,886.0,,,,,2939.0,,3114.0,23.0,,,
,88.0,,,2889.0,3611.0,,3245.0,,,,,,3061.0,,,,,2018.0,,1227.0,2171.0,,,
,3785.0,,,826.0,2028.0,,2974.0,,,,,,3344.0,,,,,2975.0,,3686.0,2514.0,,,
,293.0,,,1253.0,1264.0,,1683.0,,,,,,1296.0,,,,,3474.0,,3595.0,2811.0,,,
,3379.0,,,2488.0,1740.0,,3923.0,,,,,,2369.0,,,,,2065.0,,2733.0,3455.0,,,
,947.0,,,3374.0,2083.0,,2393.0,,,,,,2518.0,,,,,3743.0,,440.0,2279.0,,,
,1501.0,,,2012.0,737.0,,3585.0,,,,,,2485.0,,,,,3924.0,,2450.0,3804.0,,,
,2128.0,,,1553.0,1638.0,,3089.0,,,,,,1283.0,,,,,2981.0,,3712.0,1956.0,,,
,2399.0,,,956.0,212.0,,2919.0,,,,,,3037.0,,,,,2547.0,,1873.0,4030.0,,,
,1976.0,,,642.0,2301.0,,2787.0,,,,,,3823.0,,,,,1423.0,,3313.0,2412.0,,,
,79.0,,,1870.0,3721.0,,185.0,,,,,,718.0,,,,,2847.0,,2033.0,1193.0,,,
,2315.0,,,2614.0,2638.0,,3632.0,,,,,,126.0,,,,,2178.0,,475.0,197.0,,,
,3270.0,,,2451.0,1497.0,,3355.0,,,,,,679.0,,,,,2601.0,,683.0,1111.0,,,
,860.0,,,3222.0,2406.0,,2362.0,,,,,,2796.0,,,,,1175.0,,2613.0,2489.0,,,
,2389.0,,,3667.0,3054.0,,874.0,,,,,,3413.0,,,,,2411.0,,362.0,4043.0,,,
,1510.0,,,2603.0,812.0,,1520.0,,,,,,4099.0,,,,,1426.0,,797.0,3044.0,,,
,3170.0,,,3116.0,654.0,,1894.0,,,,,,1002.0,,,,,3132.0,,3252.0,348.0,,,
,3791.0,,,3614.0,3030.0,,1019.0,,,,,,1976.0,,,,,4094.0,,2233.0,1155.0,,,
,2595.0,,,3814.0,475.0,,3872.0,,,,,,3053.0,,,,,2764.0,,1960.0,1928.0,,,
,1466.0,,,127.0,2375.0,,2400.0,,,,,,3559.0,,,,,813.0,,352.0,2735.0,,,
,2101.0,,,1976.0,1787.0,,553.0,,,,,,2549.0,,,,,749.0,,492.0,2713.0,,,
,441.0,,,3632.0,1238.0,,1356.0,,,,,,285.0,,,,,475.0,,114.0,93.0,,,
,921.0,,,3418.0,99.0,,2468.0,,,,,,1823.0,,,,,2582.0,,167.0,3167.0,,,
,1515.0,,,3242.0,2335.0,,2705.0,,,,,,1792.0,,,,,3066.0,,2132.0,4041.0,,,
,1063.0,,,3508.0,542.0,,1890.0,,,,,,1584.0,,,,,4047.0,,137.0,2702.0,,,
,1746.0,,,2847.0,492.0,,3189.0,,,,,,2470.0,,,,,1737.0,,1649.0,,,,
,3587.0,,,3231.0,507.0,,3103.0,,,,,,2101.0,,,,,2159.0,,1045.0,,,,
,1337.0,,,4084.0,2758.0,,2439.0,,,,,,516.0,,,,,3841.0,,2836.0,,,,
,62.0,,,1093.0,96.0,,1365.0,,,,,,1816.0,,,,,3757.0,,2194.0,,,,
,1206.0,,,669.0,2200.0,,1657.0,,,,,,3208.0,,,,,249.0,,294.0,,,,
,3922.0,,,747.0,179.0,,749.0,,,,,,1734.0,,,,,3233.0,,1914.0,,,,
,180.0,,,2459.0,3333.0,,1383.0,,,,,,221.0,,,,,344.0,,1874.0,,,,
,2132.0,,,109.0,1945.0,,2106.0,,,,,,1151.0,,,,,2211.0,,2723.0,,,,
,3665.0,,,1813.0,1834.0,,3920.0,,,,,,1587.0,,,,,1667.0,,1748.0,,,,
,1437.0,,,1384.0,790.0,,2722.0,,,,,,2976.0,,,,,3805.0,,1765.0,,,,
,2936.0,,,1326.0,1385.0,,139.0,,,,,,1752.0,,,,,1561.0,,2168.0,,,,
,1947.0,,,1411.0,3189.0,,2715.0,,,,,,4054.0,,,,,2522.0,,3053.0,,,,
,2427.0,,,242.0,3218.0,,2538.0,,,,,,1918.0,,,,,3058.0,,574.0,,,,
,1283.0,,,3646.0,3271.0,,3617.0,,,,,,3500.0,,,,,1698.0,,3679.0,,,,
,3582.0,,,1415.0,978.0,,710.0,,,,,,3869.0,,,,,2053.0,,2703.0,,,,
,2897.0,,,668.0,3053.0,,3073.0,,,,,,2459.0,,,,,4081.0,,3857.0,,,,
,2162.0,,,3889.0,2232.0,,784.0,,,,,,2066.0,,,,,2697.0,,3063.0,,,,
,3286.0,,,2278.0,3341.0,,1837.0,,,,,,3442.0,,,,,1540.0,,90.0,,,,
,3616.0,,,10.0,278.0,,764.0,,,,,,2789.0,,,,,1664.0,,2581.0,,,,
,2306.0,,,2407.0,1527.0,,281.0,,,,,,2429.0,,,,,2391.0,,660.0,,,,
,3758.0,,,1319.0,3295.0,,1276.0,,,,,,1204.0,,,,,1273.0,,2245.0,,,,
,46.0,,,2463.0,1868.0,,505.0,,,,,,3339.0,,,,,507.0,,1117.0,,,,
,508.0,,,571.0,1521.0,,3376.0,,,,,,2112.0,,,,,676.0,,1350.0,,,,
,1926.0,,,3990.0,3576.0,,1802.0,,,,,,2502.0,,,,,2200.0,,1968.0,,,,
,3229.0,,,1691.0,2504.0,,1080.0,,,,,,2446.0,,,,,3974.0,,3575.0,,,,
,2524.0,,,948.0,2250.0,,1581.0,,,,,,3046.0,,,,,1326.0,,3904.0,,,,
,254.0,,,3340.0,3535.0,,302.0,,,,,,3868.0,,,,,1134.0,,1981.0,,,,
,1697.0,,,2005.0,3856.0,,1431.0,,,,,,936.0,,,,,1833.0,,2219.0,,,,
,2085.0,,,3183.0,2081.0,,479.0,,,,,,1774.0,,,,,1789.0,,1372.0,,,,
,3280.0,,,4046.0,1699.0,,1064.0,,,,,,3630.0,,,,,1710.0,,1442.0,,,,
,2137.0,,,1519.0,1407.0,,3293.0,,,,,,1335.0,,,,,515.0,,4078.0,,,,
,1483.0,,,2152.0,1745.0,,545.0,,,,,,2386.0,,,,,3285.0,,1386.0,,,,
,109.0,,,2882.0,940.0,,2359.0,,,,,,1836.0,,,,,2926.0,,3278.0,,,,
,2542.0,,,145.0,2213.0,,2533.0,,,,,,3390.0,,,,,2623.0,,3062.0,,,,
,3915.0,,,45.0,2237.0,,813.0,,,,,,662.0,,,,,3530.0,,2998.0,,,,
,2662.0,,,2928.0,2780.0,,2274.0,,,,,,1373.0,,,,,1313.0,,3856.0,,,,
,3390.0,,,889.0,3700.0,,3721.0,,,,,,1371.0,,,,,1268.0,,1661.0,,,,
,3692.0,,,3846.0,3353.0,,1301.0,,,,,,2530.0,,,,,621.0,,2745.0,,,,
,3079.0,,,55.0,318.0,,2380.0,,,,,,1230.0,,,,,2191.0,,3162.0,,,,
,893.0,,,985.0,3225.0,,1413.0,,,,,,4022.0,,,,,1436.0,,3796.0,,,,
,2047.0,,,1790.0,184.0,,0.0,,,,,,1663.0,,,,,1688.0,,4017.0,,,,
,24.0,,,2747.0,1693.0,,3032.0,,,,,,3463.0,,,,,1488.0,,1179.0,,,,
,2125.0,,,67.0,2825.0,,295.0,,,,,,1848.0,,,,,1044.0,,1685.0,,,,
,1464.0,,,1017.0,3743.0,,2466.0,,,,,,1769.0,,,,,3779.0,,3007.0,,,,
,1407.0,,,2249.0,4065.0,,1047.0,,,,,,1419.0,,,,,1821.0,,1093.0,,,,
,742.0,,,3246.0,1177.0,,2909.0,,,,,,18.0,,,,,2751.0,,2798.0,,,,
,399.0,,,1140.0,493.0,,1650.0,,,,,,1430.0,,,,,2070.0,,2572.0,,,,
,3359.0,,,1481.0,2230.0,,3951.0,,,,,,1786.0,,,,,3078.0,,554.0,,,,
,4038.0,,,2921.0,2329.0,,2496.0,,,,,,1401.0,,,,,47.0,,3545.0,,,,
,2311.0,,,1199.0,2872.0,,911.0,,,,,,1349.0,,,,,2625.0,,1663.0,,,,
,1775.0,,,2995.0,1007.0,,2134.0,,,,,,776.0,,,,,3253.0,,807.0,,,,
,3431.0,,,2263.0,3018.0,,2838.0,,,,,,2581.0,,,,,3923.0,,1249.0,,,,
,2946.0,,,2787.0,3122.0,,1156.0,,,,,,1027.0,,,,,470.0,,1032.0,,,,
,847.0,,,3820.0,2834.0,,3257.0,,,,,,3230.0,,,,,2035.0,,4012.0,,,,
,1374.0,,,2796.0,3012.0,,2130.0,,,,,,1984.0,,,,,2663.0,,762.0,,,,
,2918.0,,,2400.0,3996.0,,2456.0,,,,,,3699.0,,,,,499.0,,187.0,,,,
,4062.0,,,1222.0,2063.0,,114.0,,,,,,3652.0,,,,,1064.0,,2048.0,,,,
,1071.0,,,1582.0,3564.0,,568.0,,,,,,3149.0,,,,,43.0,,3253.0,,,,
,424.0,,,2418.0,2935.0,,2315.0,,,,,,788.0,,,,,1705.0,,1163.0,,,,
,877.0,,,2910.0,2070.0,,3563.0,,,,,,2289.0,,,,,2882.0,,464.0,,,,
,2339.0,,,520.0,3324.0,,2440.0,,,,,,235.0,,,,,3541.0,,502.0,,,,
,3355.0,,,651.0,3073.0,,1971.0,,,,,,2624.0,,,,,1543.0,,2303.0,,,,
,3906.0,,,1529.0,1408.0,,1.0,,,,,,1906.0,,,,,3147.0,,402.0,,,,
,3854.0,,,1807.0,1998.0,,2425.0,,,,,,2774.0,,,,,1846.0,,1971.0,,,,
,1410.0,,,304.0,3586.0,,2283.0,,,,,,2133.0,,,,,1241.0,,786.0,,,,
,2066.0,,,1020.0,780.0,,57.0,,,,,,1519.0,,,,,3272.0,,1707.0,,,,
,2271.0,,,344.0,453.0,,1994.0,,,,,,687.0,,,,,3973.0,,2805.0,,,,
,823.0,,,1159.0,847.0,,612.0,,,,,,3246.0,,,,,517.0,,2726.0,,,,
,2970.0,,,2083.0,675.0,,2661.0,,,,,,4073.0,,,,,2999.0,,545.0,,,,
,2234.0,,,2419.0,2111.0,,2163.0,,,,,,1279.0,,,,,2970.0,,2591.0,,,,
,4017.0,,,3161.0,3128.0,,633.0,,,,,,2230.0,,,,,1784.0,,3120.0,,,,
,887.0,,,2820.0,2029.0,,1257.0,,,,,,2882.0,,,,,2398.0,,3691.0,,,,
,4031.0,,,1855.0,2009.0,,2181.0,,,,,,52.0,,,,,4033.0,,964.0,,,,
,3615.0,,,4036.0,2138.0,,3572.0,,,,,,2771.0,,,,,3447.0,,2862.0,,,,
,3969.0,,,1674.0,4039.0,,3865.0,,,,,,719.0,,,,,3766.0,,2645.0,,,,
,3004.0,,,641.0,2694.0,,1085.0,,,,,,1122.0,,,,,4048.0,,1385.0,,,,
,305.0,,,3563.0,2697.0,,2874.0,,,,,,2148.0,,,,,4021.0,,1417.0,,,,
,2247.0,,,3539.0,2064.0,,2916.0,,,,,,3025.0,,,,,127.0,,3997.0,,,,
,2509.0,,,1665.0,3003.0,,2153.0,,,,,,1391.0,,,,,3181.0,,2042.0,,,,
,111.0,,,1144.0,102.0,,372.0,,,,,,2302.0,,,,,3071.0,,3034.0,,,,
,1641.0,,,1448.0,2582.0,,340.0,,,,,,3085.0,,,,,3786.0,,323.0,,,,
,3594.0,,,1367.0,456.0,,1669.0,,,,,,1095.0,,,,,704.0,,3294.0,,,,
,803.0,,,1692.0,2115.0,,1644.0,,,,,,133.0,,,,,3508.0,,2866.0,,,,
,879.0,,,3834.0,3479.0,,110.0,,,,,,2400.0,,,,,509.0,,2686.0,,,,
,420.0,,,1248.0,3989.0,,1813.0,,,,,,3199.0,,,,,1801.0,,3952.0,,,,
,425.0,,,3694.0,80.0,,1456.0,,,,,,2077.0,,,,,4025.0,,1711.0,,,,
,3975.0,,,3430.0,405.0,,252.0,,,,,,321.0,,,,,3866.0,,2524.0,,,,
,1424.0,,,2615.0,1899.0,,1943.0,,,,,,895.0,,,,,211.0,,3722.0,,,,
,1143.0,,,1654.0,3505.0,,1288.0,,,,,,2541.0,,,,,3507.0,,2618.0,,,,
,1011.0,,,1921.0,1024.0,,1367.0,,,,,,3411.0,,,,,493.0,,579.0,,,,
,2642.0,,,452.0,87.0,,3448.0,,,,,,1977.0,,,,,2652.0,,1884.0,,,,
,1587.0,,,413.0,1776.0,,2884.0,,,,,,3645.0,,,,,2951.0,,1503.0,,,,
,1013.0,,,780.0,1546.0,,385.0,,,,,,2477.0,,,,,2511.0,,3320.0,,,,
,1074.0,,,4092.0,1913.0,,2764.0,,,,,,709.0,,,,,2351.0,,1911.0,,,,
,2723.0,,,30.0,2097.0,,3010.0,,,,,,1993.0,,,,,3448.0,,573.0,,,,
,1342.0,,,2313.0,3748.0,,2541.0,,,,,,2427.0,,,,,2172.0,,3348.0,,,,
,1520.0,,,3823.0,1880.0,,1538.0,,,,,,180.0,,,,,3686.0,,2694.0,,,,
,1610.0,,,1397.0,4066.0,,2832.0,,,,,,3354.0,,,,,3189.0,,1905.0,,,,
,2887.0,,,3407.0,1826.0,,1515.0,,,,,,307.0,,,,,103.0,,394.0,,,,
,1824.0,,,3881.0,2279.0,,3756.0,,,,,,3783.0,,,,,2377.0,,420.0,,,,
,3008.0,,,3173.0,4076.0,,1944.0,,,,,,4069.0,,,,,3221.0,,714.0,,,,
,4100.0,,,1401.0,2718.0,,2566.0,,,,,,2740.0,,,,,1766.0,,480.0,,,,
,2415.0,,,575.0,3732.0,,711.0,,,,,,1070.0,,,,,393.0,,2035.0,,,,
,704.0,,,808.0,2540.0,,1996.0,,,,,,654.0,,,,,4066.0,,3651.0,,,,
,1574.0,,,3233.0,1438.0,,862.0,,,,,,3441.0,,,,,2327.0,,1282.0,,,,
,3087.0,,,1887.0,231.0,,3313.0,,,,,,1000.0,,,,,984.0,,2402.0,,,,
,3809.0,,,2175.0,715.0,,2793.0,,,,,,3793.0,,,,,686.0,,2441.0,,,,
,1443.0,,,943.0,687.0,,3750.0,,,,,,463.0,,,,,3039.0,,2155.0,,,,
,2410.0,,,3178.0,722.0,,3727.0,,,,,,2690.0,,,,,1081.0,,2614.0,,,,
,2995.0,,,415.0,1126.0,,4028.0,,,,,,3243.0,,,,,26.0,,3694.0,,,,
,1938.0,,,580.0,3704.0,,2574.0,,,,,,2540.0,,,,,3166.0,,3629.0,,,,
,650.0,,,1908.0,3310.0,,4084.0,,,,,,2423.0,,,,,2098.0,,511.0,,,,
,2622.0,,,240.0,1033.0,,2611.0,,,,,,2874.0,,,,,63.0,,41.0,,,,
,343.0,,,2534.0,2008.0,,191.0,,,,,,841.0,,,,,2772.0,,1596.0,,,,
,3393.0,,,1128.0,2258.0,,1556.0,,,,,,2995.0,,,,,1355.0,,1053.0,,,,
,3843.0,,,3402.0,140.0,,2145.0,,,,,,3139.0,,,,,781.0,,193.0,,,,
,2712.0,,,3959.0,1615.0,,1823.0,,,,,,2594.0,,,,,3811.0,,514.0,,,,
,1906.0,,,3828.0,1420.0,,1408.0,,,,,,3986.0,,,,,126.0,,3955.0,,,,
,3959.0,,,2426.0,3033.0,,2724.0,,,,,,2822.0,,,,,2107.0,,1306.0,,,,
,2224.0,,,2909.0,1775.0,,71.0,,,,,,950.0,,,,,1884.0,,2113.0,,,,
,3247.0,,,3044.0,603.0,,3442.0,,,,,,877.0,,,,,776.0,,452.0,,,,
,3325.0,,,3241.0,4007.0,,838.0,,,,,,535.0,,,,,3652.0,,3355.0,,,,
,325.0,,,1724.0,2464.0,,1630.0,,,,,,3446.0,,,,,1903.0,,388.0,,,,
,1381.0,,,1131.0,2455.0,,1436.0,,,,,,3274.0,,,,,2154.0,,2925.0,,,,
,578.0,,,261.0,990.0,,4078.0,,,,,,957.0,,,,,1889.0,,2596.0,,,,
,2576.0,,,1462.0,2384.0,,640.0,,,,,,5.0,,,,,1641.0,,2653.0,,,,
,1874.0,,,2779.0,4012.0,,4087.0,,,,,,3923.0,,,,,700.0,,2786.0,,,,
,618.0,,,3235.0,877.0,,2806.0,,,,,,701.0,,,,,2710.0,,2460.0,,,,
,870.0,,,1882.0,2861.0,,174.0,,,,,,1991.0,,,,,648.0,,1060.0,,,,
,3164.0,,,3063.0,2804.0,,3430.0,,,,,,2167.0,,,,,3441.0,,1346.0,,,,
,874.0,,,,3602.0,,3415.0,,,,,,2876.0,,,,,3454.0,,2379.0,,,,
,3131.0,,,,903.0,,2988.0,,,,,,3502.0,,,,,3535.0,,3001.0,,,,
,4073.0,,,,1831.0,,1206.0,,,,,,3655.0,,,,,4054.0,,1104.0,,,,
,3371.0,,,,1491.0,,1176.0,,,,,,3786.0,,,,,2022.0,,199.0,,,,
,3839.0,,,,387.0,,3248.0,,,,,,1504.0,,,,,2548.0,,3635.0,,,,
,3800.0,,,,187.0,,4077.0,,,,,,1246.0,,,,,1965.0,,642.0,,,,
,408.0,,,,1013.0,,1935.0,,,,,,980.0,,,,,567.0,,2137.0,,,,
,2169.0,,,,3397.0,,2222.0,,,,,,43.0,,,,,3312.0,,2803.0,,,,
,1471.0,,,,3984.0,,2054.0,,,,,,3222.0,,,,,1013.0,,1447.0,,,,
,2038.0,,,,1106.0,,2502.0,,,,,,1372.0,,,,,1685.0,,380.0,,,,
,3562.0,,,,431.0,,2951.0,,,,,,2790.0,,,,,3398.0,,2604.0,,,,
,2070.0,,,,4097.0,,3623.0,,,,,,4055.0,,,,,3389.0,,2172.0,,,,
,1284.0,,,,2855.0,,3881.0,,,,,,1854.0,,,,,547.0,,1633.0,,,,
,2983.0,,,,538.0,,2279.0,,,,,,798.0,,,,,3724.0,,3923.0,,,,
,535.0,,,,78.0,,1053.0,,,,,,3356.0,,,,,1397.0,,336.0,,,,
,2912.0,,,,670.0,,617.0,,,,,,3877.0,,,,,2563.0,,1414.0,,,,
,3764.0,,,,146.0,,301.0,,,,,,1631.0,,,,,4059.0,,866.0,,,,
,2126.0,,,,2263.0,,3440.0,,,,,,1132.0,,,,,1592.0,,3685.0,,,,
,3804.0,,,,1711.0,,2007.0,,,,,,3044.0,,,,,3826.0,,1525.0,,,,
,2697.0,,,,266.0,,3013.0,,,,,,658.0,,,,,2367.0,,898.0,,,,
,2455.0,,,,3717.0,,3079.0,,,,,,,,,,,1643.0,,2397.0,,,,
,3185.0,,,,2777.0,,2596.0,,,,,,,,,,,1297.0,,846.0,,,,
,258.0,,,,620.0,,3006.0,,,,,,,,,,,314.0,,551.0,,,,
,2993.0,,,,3568.0,,1639.0,,,,,,,,,,,3726.0,,717.0,,,,
,1959.0,,,,3541.0,,3570.0,,,,,,,,,,,3846.0,,163.0,,,,
,2609.0,,,,3179.0,,3929.0,,,,,,,,,,,3313.0,,3567.0,,,,
,1058.0,,,,3015.0,,3427.0,,,,,,,,,,,994.0,,27.0,,,,
,448.0,,,,871.0,,1762.0,,,,,,,,,,,3283.0,,3793.0,,,,
,3420.0,,,,1525.0,,2697.0,,,,,,,,,,,111.0,,1505.0,,,,
,1246.0,,,,1378.0,,472.0,,,,,,,,,,,1725.0,,3276.0,,,,
,499.0,,,,3593.0,,1701.0,,,,,,,,,,,3158.0,,731.0,,,,
,2338.0,,,,3924.0,,1888.0,,,,,,,,,,,328.0,,1858.0,,,,
,116.0,,,,3992.0,,1051.0,,,,,,,,,,,1581.0,,1560.0,,,,
,2810.0,,,,1197.0,,3230.0,,,,,,,,,,,1346.0,,3285.0,,,,
,3875.0,,,,1041.0,,1117.0,,,,,,,,,,,967.0,,1266.0,,,,
,3154.0,,,,1021.0,,2083.0,,,,,,,,,,,376.0,,2956.0,,,,
,1101.0,,,,1318.0,,1658.0,,,,,,,,,,,4075.0,,1724.0,,,,
,895.0,,,,3261.0,,1417.0,,,,,,,,,,,204.0,,3389.0,,,,
,3123.0,,,,1014.0,,938.0,,,,,,,,,,,3793.0,,2154.0,,,,
,2112.0,,,,1324.0,,1513.0,,,,,,,,,,,3304.0,,105.0,,,,
,1473.0,,,,1134.0,,1040.0,,,,,,,,,,,864.0,,360.0,,,,
,1202.0,,,,2871.0,,3981.0,,,,,,,,,,,3102.0,,1593.0,,,,
,3494.0,,,,2244.0,,41.0,,,,,,,,,,,3316.0,,291.0,,,,
,1237.0,,,,1032.0,,3886.0,,,,,,,,,,,1770.0,,2897.0,,,,
,405.0,,,,3262.0,,914.0,,,,,,,,,,,1808.0,,723.0,,,,
,291.0,,,,2459.0,,797.0,,,,,,,,,,,823.0,,2718.0,,,,
,599.0,,,,2812.0,,1011.0,,,,,,,,,,,84.0,,1601.0,,,,
,1981.0,,,,553.0,,3033.0,,,,,,,,,,,3673.0,,609.0,,,,
,1837.0,,,,2121.0,,524.0,,,,,,,,,,,1124.0,,3773.0,,,,
,3443.0,,,,422.0,,2828.0,,,,,,,,,,,2990.0,,2333.0,,,,
,3478.0,,,,1432.0,,1728.0,,,,,,,,,,,1003.0,,3711.0,,,,
,2396.0,,,,487.0,,3992.0,,,,,,,,,,,825.0,,3532.0,,,,
,2384.0,,,,1207.0,,3197.0,,,,,,,,,,,4026.0,,685.0,,,,
,152.0,,,,2957.0,,117.0,,,,,,,,,,,1280.0,,593.0,,,,
,323.0,,,,3911.0,,3060.0,,,,,,,,,,,28.0,,907.0,,,,
,3020.0,,,,834.0,,1501.0,,,,,,,,,,,1055.0,,3263.0,,,,
,2956.0,,,,2096.0,,656.0,,,,,,,,,,,1080.0,,2169.0,,,,
,1536.0,,,,3006.0,,108.0,,,,,,,,,,,1030.0,,1062.0,,,,
,3364.0,,,,163.0,,3678.0,,,,,,,,,,,2957.0,,2656.0,,,,
,187.0,,,,1724.0,,1975.0,,,,,,,,,,,1402.0,,1362.0,,,,
,993.0,,,,3579.0,,643.0,,,,,,,,,,,1552.0,,1449.0,,,,
,713.0,,,,3236.0,,2501.0,,,,,,,,,,,3904.0,,3766.0,,,,
,1461.0,,,,2734.0,,3500.0,,,,,,,,,,,2844.0,,2860.0,,,,
,3352.0,,,,3872.0,,3704.0,,,,,,,,,,,447.0,,3716.0,,,,
,17.0,,,,2178.0,,2994.0,,,,,,,,,,,2169.0,,3010.0,,,,
,1294.0,,,,1142.0,,2010.0,,,,,,,,,,,68.0,,3262.0,,,,
,811.0,,,,2207.0,,2813.0,,,,,,,,,,,1197.0,,124.0,,,,
,2943.0,,,,4087.0,,77.0,,,,,,,,,,,1276.0,,2335.0,,,,
,3130.0,,,,1843.0,,465.0,,,,,,,,,,,3745.0,,509.0,,,,
,228.0,,,,253.0,,543.0,,,,,,,,,,,1992.0,,1990.0,,,,
,1103.0,,,,2631.0,,2880.0,,,,,,,,,,,1519.0,,1302.0,,,,
,3832.0,,,,3655.0,,966.0,,,,,,,,,,,1482.0,,3195.0,,,,
,1880.0,,,,611.0,,1055.0,,,,,,,,,,,2715.0,,1499.0,,,,
,2742.0,,,,3398.0,,1468.0,,,,,,,,,,,3657.0,,392.0,,,,
,3467.0,,,,3662.0,,1761.0,,,,,,,,,,,763.0,,161.0,,,,
,1954.0,,,,1184.0,,196.0,,,,,,,,,,,214.0,,929.0,,,,
,481.0,,,,3914.0,,3728.0,,,,,,,,,,,1694.0,,1619.0,,,,
,2402.0,,,,2838.0,,2363.0,,,,,,,,,,,4087.0,,853.0,,,,
,733.0,,,,2089.0,,2228.0,,,,,,,,,,,4069.0,,3163.0,,,,
,2880.0,,,,848.0,,2299.0,,,,,,,,,,,2354.0,,2638.0,,,,
,1251.0,,,,1084.0,,1948.0,,,,,,,,,,,843.0,,2508.0,,,,
,2490.0,,,,105.0,,3644.0,,,,,,,,,,,3232.0,,1810.0,,,,
,2481.0,,,,3525.0,,255.0,,,,,,,,,,,2505.0,,2478.0,,,,
,2365.0,,,,3180.0,,3800.0,,,,,,,,,,,143.0,,355.0,,,,
,3400.0,,,,2866.0,,2839.0,,,,,,,,,,,1898.0,,2994.0,,,,
,3754.0,,,,1468.0,,1675.0,,,,,,,,,,,16.0,,2046.0,,,,
,158.0,,,,9.0,,819.0,,,,,,,,,,,699.0,,810.0,,,,
,863.0,,,,842.0,,3416.0,,,,,,,,,,,1605.0,,2167.0,,,,
,2453.0,,,,3605.0,,458.0,,,,,,,,,,,2011.0,,602.0,,,,
,2352.0,,,,3164.0,,36.0,,,,,,,,,,,1802.0,,3498.0,,,,
,1534.0,,,,2390.0,,1591.0,,,,,,,,,,,2747.0,,287.0,,,,
,83.0,,,,2750.0,,3561.0,,,,,,,,,,,827.0,,2556.0,,,,
,105.0,,,,4006.0,,2896.0,,,,,,,,,,,701.0,,3734.0,,,,
,3430.0,,,,2813.0,,1437.0,,,,,,,,,,,1364.0,,2153.0,,,,
,2342.0,,,,3473.0,,2334.0,,,,,,,,,,,1066.0,,3275.0,,,,
,539.0,,,,3975.0,,3846.0,,,,,,,,,,,715.0,,485.0,,,,
,1649.0,,,,1703.0,,1848.0,,,,,,,,,,,3368.0,,600.0,,,,
,3050.0,,,,3915.0,,1590.0,,,,,,,,,,,1386.0,,2605.0,,,,
,2538.0,,,,2047.0,,3203.0,,,,,,,,,,,3927.0,,1042.0,,,,
,2748.0,,,,2048.0,,3896.0,,,,,,,,,,,3902.0,,3243.0,,,,
,3330.0,,,,1666.0,,1589.0,,,,,,,,,,,1443.0,,2903.0,,,,
,2693.0,,,,2328.0,,3225.0,,,,,,,,,,,487.0,,2821.0,,,,
,2036.0,,,,881.0,,649.0,,,,,,,,,,,2875.0,,2958.0,,,,
,3707.0,,,,4079.0,,365.0,,,,,,,,,,,2510.0,,3069.0,,,,
,2800.0,,,,126.0,,497.0,,,,,,,,,,,3048.0,,257.0,,,,
,2899.0,,,,1458.0,,3602.0,,,,,,,,,,,1370.0,,83.0,,,,
,3162.0,,,,2231.0,,685.0,,,,,,,,,,,834.0,,2926.0,,,,
,3660.0,,,,1873.0,,863.0,,,,,,,,,,,3574.0,,3667.0,,,,
,973.0,,,,2210.0,,402.0,,,,,,,,,,,2339.0,,3165.0,,,,
,3604.0,,,,2025.0,,469.0,,,,,,,,,,,2643.0,,3088.0,,,,
,771.0,,,,1108.0,,1201.0,,,,,,,,,,,382.0,,101.0,,,,
,3853.0,,,,3498.0,,1002.0,,,,,,,,,,,3356.0,,4069.0,,,,
,2685.0,,,,1815.0,,2653.0,,,,,,,,,,,2009.0,,4055.0,,,,
,2172.0,,,,285.0,,2371.0,,,,,,,,,,,599.0,,3591.0,,,,
,2421.0,,,,1802.0,,2079.0,,,,,,,,,,,414.0,,2224.0,,,,
,1324.0,,,,3708.0,,2679.0,,,,,,,,,,,2538.0,,952.0,,,,
,2052.0,,,,3802.0,,2220.0,,,,,,,,,,,2433.0,,2363.0,,,,
,977.0,,,,1237.0,,450.0,,,,,,,,,,,835.0,,3350.0,,,,
,815.0,,,,2187.0,,2085.0,,,,,,,,,,,1653.0,,2013.0,,,,
,871.0,,,,769.0,,3184.0,,,,,,,,,,,2135.0,,3044.0,,,,
,2852.0,,,,262.0,,2819.0,,,,,,,,,,,1981.0,,,,,,
,3487.0,,,,270.0,,2512.0,,,,,,,,,,,1677.0,,,,,,
,1439.0,,,,1449.0,,3310.0,,,,,,,,,,,1471.0,,,,,,
,494.0,,,,3548.0,,1740.0,,,,,,,,,,,2608.0,,,,,,
,1646.0,,,,4011.0,,1233.0,,,,,,,,,,,3482.0,,,,,,
,2604.0,,,,2153.0,,63.0,,,,,,,,,,,326.0,,,,,,
,859.0,,,,4088.0,,3713.0,,,,,,,,,,,3874.0,,,,,,
,758.0,,,,2413.0,,1213.0,,,,,,,,,,,3412.0,,,,,,
,3088.0,,,,2996.0,,1822.0,,,,,,,,,,,3075.0,,,,,,
,2191.0,,,,3025.0,,2237.0,,,,,,,,,,,2821.0,,,,,,
,1808.0,,,,1786.0,,2814.0,,,,,,,,,,,1792.0,,,,,,
,664.0,,,,3882.0,,1215.0,,,,,,,,,,,944.0,,,,,,
,3061.0,,,,2299.0,,2198.0,,,,,,,,,,,1933.0,,,,,,
,3186.0,,,,3116.0,,1687.0,,,,,,,,,,,3579.0,,,,,,
,2862.0,,,,200.0,,2599.0,,,,,,,,,,,1584.0,,,,,,
,968.0,,,,2034.0,,982.0,,,,,,,,,,,2721.0,,,,,,
,3639.0,,,,2261.0,,2945.0,,,,,,,,,,,460.0,,,,,,
,1428.0,,,,3758.0,,145.0,,,,,,,,,,,2046.0,,,,,,
,3261.0,,,,3942.0,,1025.0,,,,,,,,,,,438.0,,,,,,
,3423.0,,,,913.0,,1150.0,,,,,,,,,,,1899.0,,,,,,
,1486.0,,,,1678.0,,3814.0,,,,,,,,,,,2509.0,,,,,,
,2798.0,,,,3462.0,,171.0,,,,,,,,,,,1970.0,,,,,,
,4033.0,,,,2693.0,,2100.0,,,,,,,,,,,3880.0,,,,,,
,3894.0,,,,745.0,,237.0,,,,,,,,,,,931.0,,,,,,
,788.0,,,,408.0,,1653.0,,,,,,,,,,,2308.0,,,,,,
,3216.0,,,,1267.0,,2000.0,,,,,,,,,,,4031.0,,,,,,
,2098.0,,,,2140.0,,3098.0,,,,,,,,,,,2928.0,,,,,,
,2460.0,,,,3001.0,,835.0,,,,,,,,,,,1834.0,,,,,,
,3036.0,,,,2661.0,,3228.0,,,,,,,,,,,2559.0,,,,,,
,2599.0,,,,1093.0,,963.0,,,,,,,,,,,1108.0,,,,,,
,1203.0,,,,1300.0,,1516.0,,,,,,,,,,,1983.0,,,,,,
,2650.0,,,,3777.0,,1558.0,,,,,,,,,,,3196.0,,,,,,
,2313.0,,,,3329.0,,346.0,,,,,,,,,,,2229.0,,,,,,
,3388.0,,,,2411.0,,2422.0,,,,,,,,,,,1900.0,,,,,,
,3195.0,,,,3399.0,,3897.0,,,,,,,,,,,3163.0,,,,,,
,2210.0,,,,1233.0,,875.0,,,,,,,,,,,3027.0,,,,,,
,2194.0,,,,336.0,,2938.0,,,,,,,,,,,2361.0,,,,,,
,2092.0,,,,803.0,,4061.0,,,,,,,,,,,2613.0,,,,,,
,1041.0,,,,380.0,,3386.0,,,,,,,,,,,148.0,,,,,,
,2985.0,,,,3075.0,,602.0,,,,,,,,,,,276.0,,,,,,
,3372.0,,,,3504.0,,2269.0,,,,,,,,,,,738.0,,,,,,
,3792.0,,,,1475.0,,2349.0,,,,,,,,,,,2912.0,,,,,,
,935.0,,,,3768.0,,1027.0,,,,,,,,,,,2620.0,,,,,,
,1811.0,,,,107.0,,1730.0,,,,,,,,,,,404.0,,,,,,
,2394.0,,,,2049.0,,1285.0,,,,,,,,,,,2666.0,,,,,,
,1265.0,,,,738.0,,1828.0,,,,,,,,,,,466.0,,,,,,
,76.0,,,,2276.0,,1163.0,,,,,,,,,,,638.0,,,,,,
,2749.0,,,,3603.0,,1655.0,,,,,,,,,,,1155.0,,,,,,
,2254.0,,,,2725.0,,1036.0,,,,,,,,,,,3363.0,,,,,,
,738.0,,,,3725.0,,827.0,,,,,,,,,,,2874.0,,,,,,
,1645.0,,,,1560.0,,3589.0,,,,,,,,,,,3282.0,,,,,,
,1804.0,,,,2811.0,,793.0,,,,,,,,,,,2638.0,,,,,,
,1308.0,,,,2352.0,,1253.0,,,,,,,,,,,1697.0,,,,,,
,2969.0,,,,2541.0,,3584.0,,,,,,,,,,,2464.0,,,,,,
,1321.0,,,,2333.0,,2082.0,,,,,,,,,,,3677.0,,,,,,
,49.0,,,,2338.0,,1097.0,,,,,,,,,,,816.0,,,,,,
,1178.0,,,,3483.0,,2703.0,,,,,,,,,,,2645.0,,,,,,
,2570.0,,,,3253.0,,1401.0,,,,,,,,,,,156.0,,,,,,
,3496.0,,,,1002.0,,1167.0,,,,,,,,,,,617.0,,,,,,
,1399.0,,,,3550.0,,3711.0,,,,,,,,,,,3141.0,,,,,,
,197.0,,,,4002.0,,3481.0,,,,,,,,,,,1873.0,,,,,,
,2173.0,,,,192.0,,3605.0,,,,,,,,,,,2301.0,,,,,,
,497.0,,,,1805.0,,79.0,,,,,,,,,,,2945.0,,,,,,
,2982.0,,,,998.0,,1373.0,,,,,,,,,,,3417.0,,,,,,
,3307.0,,,,823.0,,2867.0,,,,,,,,,,,3940.0,,,,,,
,3554.0,,,,784.0,,2966.0,,,,,,,,,,,0.0,,,,,,
,1573.0,,,,3719.0,,1384.0,,,,,,,,,,,605.0,,,,,,
,1559.0,,,,247.0,,907.0,,,,,,,,,,,3758.0,,,,,,
,3729.0,,,,3124.0,,238.0,,,,,,,,,,,3469.0,,,,,,
,580.0,,,,2826.0,,2087.0,,,,,,,,,,,1311.0,,,,,,
,2525.0,,,,3375.0,,396.0,,,,,,,,,,,3017.0,,,,,,
,3965.0,,,,641.0,,3797.0,,,,,,,,,,,3580.0,,,,,,
,1721.0,,,,1739.0,,3652.0,,,,,,,,,,,1924.0,,,,,,
,3732.0,,,,3838.0,,401.0,,,,,,,,,,,2150.0,,,,,,
,1914.0,,,,1347.0,,3982.0,,,,,,,,,,,2436.0,,,,,,
,3978.0,,,,4092.0,,682.0,,,,,,,,,,,2497.0,,,,,,
,3300.0,,,,2323.0,,1252.0,,,,,,,,,,,3771.0,,,,,,
,3096.0,,,,535.0,,2865.0,,,,,,,,,,,2052.0,,,,,,
,2240.0,,,,3032.0,,433.0,,,,,,,,,,,3986.0,,,,,,
,2027.0,,,,3783.0,,3123.0,,,,,,,,,,,1521.0,,,,,,
,1575.0,,,,580.0,,471.0,,,,,,,,,,,683.0,,,,,,
,173.0,,,,1827.0,,1007.0,,,,,,,,,,,3161.0,,,,,,
,1186.0,,,,3884.0,,296.0,,,,,,,,,,,2403.0,,,,,,
,2130.0,,,,2938.0,,954.0,,,,,,,,,,,2779.0,,,,,,
,3378.0,,,,1050.0,,48.0,,,,,,,,,,,1968.0,,,,,,
,2582.0,,,,4095.0,,134.0,,,,,,,,,,,3131.0,,,,,,
,675.0,,,,1650.0,,2901.0,,,,,,,,,,,3490.0,,,,,,
,892.0,,,,984.0,,2365.0,,,,,,,,,,,3371.0,,,,,,
,1562.0,,,,3597.0,,3115.0,,,,,,,,,,,1622.0,,,,,,
,1142.0,,,,2163.0,,1274.0,,,,,,,,,,,541.0,,,,,,
,1979.0,,,,1330.0,,1691.0,,,,,,,,,,,3751.0,,,,,,
,335.0,,,,3546.0,,3487.0,,,,,,,,,,,2214.0,,,,,,
,2418.0,,,,206.0,,2342.0,,,,,,,,,,,1728.0,,,,,,
,928.0,,,,3197.0,,1179.0,,,,,,,,,,,3696.0,,,,,,
,1057.0,,,,552.0,,3486.0,,,,,,,,,,,1319.0,,,,,,
,1635.0,,,,2466.0,,1251.0,,,,,,,,,,,3301.0,,,,,,
,2803.0,,,,2407.0,,31.0,,,,,,,,,,,3088.0,,,,,,
,1095.0,,,,800.0,,3215.0,,,,,,,,,,,1772.0,,,,,,
,3646.0,,,,2162.0,,3182.0,,,,,,,,,,,1087.0,,,,,,
,2713.0,,,,878.0,,1664.0,,,,,,,,,,,1483.0,,,,,,
,3671.0,,,,1375.0,,2518.0,,,,,,,,,,,1415.0,,,,,,
,3945.0,,,,1185.0,,1095.0,,,,,,,,,,,3560.0,,,,,,
,2452.0,,,,3920.0,,152.0,,,,,,,,,,,33.0,,,,,,
,4078.0,,,,3706.0,,2732.0,,,,,,,,,,,506.0,,,,,,
,1291.0,,,,3036.0,,250.0,,,,,,,,,,,2767.0,,,,,,
,2610.0,,,,1343.0,,1299.0,,,,,,,,,,,1870.0,,,,,,
,999.0,,,,2990.0,,1979.0,,,,,,,,,,,2963.0,,,,,,
,20.0,,,,287.0,,3152.0,,,,,,,,,,,1731.0,,,,,,
,3458.0,,,,2737.0,,282.0,,,,,,,,,,,1366.0,,,,,,
,785.0,,,,274.0,,3269.0,,,,,,,,,,,1229.0,,,,,,
,897.0,,,,1829.0,,1818.0,,,,,,,,,,,2382.0,,,,,,
,3035.0,,,,3126.0,,1560.0,,,,,,,,,,,54.0,,,,,,
,2138.0,,,,2476.0,,1768.0,,,,,,,,,,,244.0,,,,,,
,735.0,,,,398.0,,2717.0,,,,,,,,,,,275.0,,,,,,
,3018.0,,,,2474.0,,1665.0,,,,,,,,,,,884.0,,,,,,
,3107.0,,,,742.0,,3289.0,,,,,,,,,,,3303.0,,,,,,
,2134.0,,,,3255.0,,3911.0,,,,,,,,,,,1485.0,,,,,,
,747.0,,,,282.0,,1936.0,,,,,,,,,,,3347.0,,,,,,
,2014.0,,,,132.0,,422.0,,,,,,,,,,,1551.0,,,,,,
,1032.0,,,,2675.0,,431.0,,,,,,,,,,,4072.0,,,,,,
,3909.0,,,,3052.0,,3002.0,,,,,,,,,,,242.0,,,,,,
,894.0,,,,1606.0,,3661.0,,,,,,,,,,,401.0,,,,,,
,2520.0,,,,3582.0,,1259.0,,,,,,,,,,,2321.0,,,,,,
,1953.0,,,,4032.0,,1972.0,,,,,,,,,,,1672.0,,,,,,
,513.0,,,,716.0,,1377.0,,,,,,,,,,,2585.0,,,,,,
,1172.0,,,,839.0,,3407.0,,,,,,,,,,,2396.0,,,,,,
,1994.0,,,,818.0,,1068.0,,,,,,,,,,,1004.0,,,,,,
,2820.0,,,,2856.0,,3862.0,,,,,,,,,,,697.0,,,,,,
,1273.0,,,,1161.0,,2275.0,,,,,,,,,,,545.0,,,,,,
,1696.0,,,,890.0,,832.0,,,,,,,,,,,1227.0,,,,,,
,3075.0,,,,1938.0,,3763.0,,,,,,,,,,,630.0,,,,,,
,2987.0,,,,3985.0,,483.0,,,,,,,,,,,323.0,,,,,,
,19.0,,,,799.0,,170.0,,,,,,,,,,,2049.0,,,,,,
,2371.0,,,,226.0,,2931.0,,,,,,,,,,,1133.0,,,,,,
,1280.0,,,,131.0,,3657.0,,,,,,,,,,,3701.0,,,,,,
,3889.0,,,,2248.0,,1467.0,,,,,,,,,,,1474.0,,,,,,
,3145.0,,,,3627.0,,4072.0,,,,,,,,,,,3587.0,,,,,,
,3752.0,,,,3764.0,,3837.0,,,,,,,,,,,603.0,,,,,,
,983.0,,,,2242.0,,2557.0,,,,,,,,,,,3117.0,,,,,,
,2613.0,,,,3731.0,,1235.0,,,,,,,,,,,265.0,,,,,,
,4053.0,,,,1392.0,,2659.0,,,,,,,,,,,1848.0,,,,,,
,943.0,,,,727.0,,2823.0,,,,,,,,,,,2549.0,,,,,,
,3603.0,,,,447.0,,1797.0,,,,,,,,,,,794.0,,,,,,
,680.0,,,,2765.0,,2418.0,,,,,,,,,,,2833.0,,,,,,
,1211.0,,,,3486.0,,1883.0,,,,,,,,,,,381.0,,,,,,
,533.0,,,,2506.0,,381.0,,,,,,,,,,,1683.0,,,,,,
,4016.0,,,,368.0,,3180.0,,,,,,,,,,,3139.0,,,,,,
,3434.0,,,,973.0,,3219.0,,,,,,,,,,,3120.0,,,,,,
,3082.0,,,,3927.0,,541.0,,,,,,,,,,,3994.0,,,,,,
,2485.0,,,,2343.0,,3871.0,,,,,,,,,,,669.0,,,,,,
,3759.0,,,,3292.0,,4064.0,,,,,,,,,,,1257.0,,,,,,
,2409.0,,,,3228.0,,1292.0,,,,,,,,,,,3.0,,,,,,
,3762.0,,,,1008.0,,889.0,,,,,,,,,,,3115.0,,,,,,
,168.0,,,,1702.0,,3536.0,,,,,,,,,,,761.0,,,,,,
,2200.0,,,,1000.0,,2559.0,,,,,,,,,,,3739.0,,,,,,
,2648.0,,,,439.0,,3701.0,,,,,,,,,,,2217.0,,,,,,
,2653.0,,,,2218.0,,3109.0,,,,,,,,,,,2341.0,,,,,,
,85.0,,,,3543.0,,3273.0,,,,,,,,,,,1208.0,,,,,,
,3789.0,,,,2001.0,,323.0,,,,,,,,,,,2557.0,,,,,,
,1093.0,,,,1005.0,,149.0,,,,,,,,,,,3767.0,,,,,,
,3298.0,,,,4074.0,,3626.0,,,,,,,,,,,2788.0,,,,,,
,3257.0,,,,2930.0,,3873.0,,,,,,,,,,,798.0,,,,,,
,137.0,,,,2398.0,,2293.0,,,,,,,,,,,2231.0,,,,,,
,585.0,,,,472.0,,1609.0,,,,,,,,,,,1522.0,,,,,,
,3526.0,,,,1441.0,,1829.0,,,,,,,,,,,626.0,,,,,,
,12.0,,,,194.0,,3107.0,,,,,,,,,,,106.0,,,,,,
,3278.0,,,,367.0,,2305.0,,,,,,,,,,,707.0,,,,,,
,2506.0,,,,1585.0,,916.0,,,,,,,,,,,4007.0,,,,,,
,3119.0,,,,1564.0,,1942.0,,,,,,,,,,,355.0,,,,,,
,929.0,,,,2215.0,,3404.0,,,,,,,,,,,3536.0,,,,,,
,1285.0,,,,966.0,,3841.0,,,,,,,,,,,1251.0,,,,,,
,3276.0,,,,4048.0,,1964.0,,,,,,,,,,,568.0,,,,,,
,1946.0,,,,3200.0,,3403.0,,,,,,,,,,,1588.0,,,,,,
,1844.0,,,,2449.0,,3193.0,,,,,,,,,,,1421.0,,,,,,
,1985.0,,,,720.0,,125.0,,,,,,,,,,,3713.0,,,,,,
,3859.0,,,,1706.0,,2205.0,,,,,,,,,,,255.0,,,,,,
,2906.0,,,,1571.0,,169.0,,,,,,,,,,,1054.0,,,,,,
,1187.0,,,,1854.0,,1711.0,,,,,,,,,,,2333.0,,,,,,
,812.0,,,,2939.0,,2900.0,,,,,,,,,,,3522.0,,,,,,
,3659.0,,,,1636.0,,3665.0,,,,,,,,,,,590.0,,,,,,
,2183.0,,,,1049.0,,659.0,,,,,,,,,,,1851.0,,,,,,
,2086.0,,,,3620.0,,2090.0,,,,,,,,,,,674.0,,,,,,
,1357.0,,,,2124.0,,2548.0,,,,,,,,,,,3664.0,,,,,,
,3933.0,,,,3776.0,,4035.0,,,,,,,,,,,1216.0,,,,,,
,1205.0,,,,997.0,,208.0,,,,,,,,,,,1532.0,,,,,,
,3972.0,,,,1597.0,,3296.0,,,,,,,,,,,2347.0,,,,,,
,3200.0,,,,961.0,,2745.0,,,,,,,,,,,4062.0,,,,,,
,3321.0,,,,3257.0,,1622.0,,,,,,,,,,,3562.0,,,,,,
,1086.0,,,,2395.0,,2212.0,,,,,,,,,,,1942.0,,,,,,
,3652.0,,,,2955.0,,724.0,,,,,,,,,,,3600.0,,,,,,
,2270.0,,,,2415.0,,3607.0,,,,,,,,,,,1907.0,,,,,,
,4065.0,,,,2132.0,,507.0,,,,,,,,,,,2157.0,,,,,,
,1682.0,,,,465.0,,3304.0,,,,,,,,,,,2386.0,,,,,,
,195.0,,,,3369.0,,2830.0,,,,,,,,,,,2594.0,,,,,,
,130.0,,,,2782.0,,1084.0,,,,,,,,,,,930.0,,,,,,
,2104.0,,,,25.0,,4008.0,,,,,,,,,,,3914.0,,,,,,
,1302.0,,,,4044.0,,3696.0,,,,,,,,,,,1316.0,,,,,,
,1109.0,,,,1619.0,,728.0,,,,,,,,,,,3765.0,,,,,,
,3672.0,,,,15.0,,3733.0,,,,,,,,,,,3624.0,,,,,,
,1064.0,,,,1250.0,,90.0,,,,,,,,,,,1065.0,,,,,,
,1719.0,,,,1243.0,,518.0,,,,,,,,,,,4064.0,,,,,,
,3459.0,,,,3411.0,,1955.0,,,,,,,,,,,2670.0,,,,,,
,2414.0,,,,3209.0,,1307.0,,,,,,,,,,,927.0,,,,,,
,1475.0,,,,4050.0,,2394.0,,,,,,,,,,,240.0,,,,,,
,2182.0,,,,180.0,,2632.0,,,,,,,,,,,1746.0,,,,,,
,3237.0,,,,1235.0,,3028.0,,,,,,,,,,,3073.0,,,,,,
,1389.0,,,,1708.0,,35.0,,,,,,,,,,,368.0,,,,,,
,751.0,,,,1176.0,,1279.0,,,,,,,,,,,3033.0,,,,,,
,2325.0,,,,2349.0,,1710.0,,,,,,,,,,,2901.0,,,,,,
,1112.0,,,,3983.0,,3104.0,,,,,,,,,,,3215.0,,,,,,
,33.0,,,,118.0,,4068.0,,,,,,,,,,,370.0,,,,,,
,974.0,,,,2291.0,,600.0,,,,,,,,,,,1221.0,,,,,,
,3347.0,,,,1986.0,,1205.0,,,,,,,,,,,1973.0,,,,,,
,1815.0,,,,1249.0,,3688.0,,,,,,,,,,,2129.0,,,,,,
,99.0,,,,1750.0,,1238.0,,,,,,,,,,,2889.0,,,,,,
,714.0,,,,138.0,,625.0,,,,,,,,,,,22.0,,,,,,
,3484.0,,,,2007.0,,758.0,,,,,,,,,,,1509.0,,,,,,
,2135.0,,,,3759.0,,2957.0,,,,,,,,,,,2843.0,,,,,,
,1799.0,,,,250.0,,2486.0,,,,,,,,,,,2842.0,,,,,,
,577.0,,,,988.0,,1129.0,,,,,,,,,,,3942.0,,,,,,
,3053.0,,,,3557.0,,759.0,,,,,,,,,,,2161.0,,,,,,
,270.0,,,,2472.0,,2716.0,,,,,,,,,,,3237.0,,,,,,
,607.0,,,,777.0,,160.0,,,,,,,,,,,1997.0,,,,,,
,3078.0,,,,751.0,,1857.0,,,,,,,,,,,2694.0,,,,,,
,2778.0,,,,1072.0,,3672.0,,,,,,,,,,,4090.0,,,,,,
,1413.0,,,,1887.0,,69.0,,,,,,,,,,,922.0,,,,,,
,569.0,,,,921.0,,2184.0,,,,,,,,,,,1497.0,,,,,,
,503.0,,,,364.0,,1227.0,,,,,,,,,,,3525.0,,,,,,
,1327.0,,,,329.0,,2259.0,,,,,,,,,,,2419.0,,,,,,
,570.0,,,,2362.0,,3953.0,,,,,,,,,,,4100.0,,,,,,
,798.0,,,,294.0,,1490.0,,,,,,,,,,,1034.0,,,,,,
,1312.0,,,,1472.0,,1695.0,,,,,,,,,,,3975.0,,,,,,
,2360.0,,,,1788.0,,3190.0,,,,,,,,,,,465.0,,,,,,
,3862.0,,,,3623.0,,2451.0,,,,,,,,,,,879.0,,,,,,
,3673.0,,,,3270.0,,1185.0,,,,,,,,,,,374.0,,,,,,
,1748.0,,,,3491.0,,882.0,,,,,,,,,,,4027.0,,,,,,
,2844.0,,,,1187.0,,2175.0,,,,,,,,,,,1794.0,,,,,,
,2535.0,,,,3158.0,,858.0,,,,,,,,,,,1458.0,,,,,,
,2156.0,,,,1691.0,,3517.0,,,,,,,,,,,1299.0,,,,,,
,949.0,,,,1100.0,,3973.0,,,,,,,,,,,2554.0,,,,,,
,2280.0,,,,1180.0,,218.0,,,,,,,,,,,2514.0,,,,,,
,988.0,,,,3285.0,,2493.0,,,,,,,,,,,3003.0,,,,,,
,844.0,,,,1262.0,,2663.0,,,,,,,,,,,3915.0,,,,,,
,2823.0,,,,1137.0,,3163.0,,,,,,,,,,,209.0,,,,,,
,3873.0,,,,3910.0,,1458.0,,,,,,,,,,,3675.0,,,,,,
,2445.0,,,,1246.0,,1283.0,,,,,,,,,,,2967.0,,,,,,
,3205.0,,,,544.0,,2575.0,,,,,,,,,,,2402.0,,,,,,
,3481.0,,,,2722.0,,535.0,,,,,,,,,,,3649.0,,,,,,
,2039.0,,,,853.0,,95.0,,,,,,,,,,,3314.0,,,,,,
,3863.0,,,,85.0,,2733.0,,,,,,,,,,,3452.0,,,,,,
,378.0,,,,3201.0,,2701.0,,,,,,,,,,,2399.0,,,,,,
,3151.0,,,,1793.0,,3241.0,,,,,,,,,,,2125.0,,,,,,
,1621.0,,,,3954.0,,3204.0,,,,,,,,,,,2673.0,,,,,,
,3323.0,,,,3347.0,,3567.0,,,,,,,,,,,3291.0,,,,,,
,2577.0,,,,1958.0,,941.0,,,,,,,,,,,3544.0,,,,,,
,182.0,,,,714.0,,905.0,,,,,,,,,,,3350.0,,,,,,
,3860.0,,,,3415.0,,4056.0,,,,,,,,,,,786.0,,,,,,
,387.0,,,,568.0,,1864.0,,,,,,,,,,,1659.0,,,,,,
,2157.0,,,,2788.0,,673.0,,,,,,,,,,,1068.0,,,,,,
,326.0,,,,3096.0,,1481.0,,,,,,,,,,,189.0,,,,,,
,3921.0,,,,2288.0,,2949.0,,,,,,,,,,,2700.0,,,,,,
,3892.0,,,,1946.0,,304.0,,,,,,,,,,,2807.0,,,,,,
,2161.0,,,,137.0,,198.0,,,,,,,,,,,955.0,,,,,,
,792.0,,,,110.0,,4024.0,,,,,,,,,,,2122.0,,,,,,
,692.0,,,,3908.0,,3686.0,,,,,,,,,,,3885.0,,,,,,
,3064.0,,,,3335.0,,1330.0,,,,,,,,,,,90.0,,,,,,
,3596.0,,,,1569.0,,1255.0,,,,,,,,,,,4044.0,,,,,,
,2089.0,,,,3643.0,,2748.0,,,,,,,,,,,3427.0,,,,,,
,3763.0,,,,2439.0,,2189.0,,,,,,,,,,,3851.0,,,,,,
,2890.0,,,,1275.0,,1443.0,,,,,,,,,,,1452.0,,,,,,
,3946.0,,,,2023.0,,2033.0,,,,,,,,,,,3554.0,,,,,,
,902.0,,,,3916.0,,1009.0,,,,,,,,,,,2270.0,,,,,,
,2767.0,,,,173.0,,1529.0,,,,,,,,,,,3408.0,,,,,,
,3293.0,,,,1705.0,,1906.0,,,,,,,,,,,1852.0,,,,,,
,3157.0,,,,2284.0,,324.0,,,,,,,,,,,2292.0,,,,,,
,3569.0,,,,2768.0,,1324.0,,,,,,,,,,,2545.0,,,,,,
,2563.0,,,,1345.0,,332.0,,,,,,,,,,,2555.0,,,,,,
,402.0,,,,414.0,,2912.0,,,,,,,,,,,1583.0,,,,,,
,2230.0,,,,2059.0,,1549.0,,,,,,,,,,,49.0,,,,,,
,3522.0,,,,1162.0,,683.0,,,,,,,,,,,1767.0,,,,,,
,3161.0,,,,1765.0,,804.0,,,,,,,,,,,2164.0,,,,,,
,1240.0,,,,3442.0,,2244.0,,,,,,,,,,,3575.0,,,,,,
,851.0,,,,1226.0,,2924.0,,,,,,,,,,,2372.0,,,,,,
,1006.0,,,,264.0,,2852.0,,,,,,,,,,,558.0,,,,,,
,706.0,,,,3896.0,,421.0,,,,,,,,,,,2506.0,,,,,,
,4056.0,,,,3521.0,,995.0,,,,,,,,,,,1704.0,,,,,,
,4006.0,,,,90.0,,920.0,,,,,,,,,,,3610.0,,,,,,
,2196.0,,,,925.0,,3464.0,,,,,,,,,,,2531.0,,,,,,
,595.0,,,,2010.0,,2434.0,,,,,,,,,,,647.0,,,,,,
,1171.0,,,,3198.0,,1603.0,,,,,,,,,,,729.0,,,,,,
,3320.0,,,,623.0,,742.0,,,,,,,,,,,1102.0,,,,,,
,4054.0,,,,625.0,,1633.0,,,,,,,,,,,1142.0,,,,,,
,1735.0,,,,2045.0,,1140.0,,,,,,,,,,,426.0,,,,,,
,372.0,,,,1719.0,,3914.0,,,,,,,,,,,573.0,,,,,,
,2602.0,,,,388.0,,3260.0,,,,,,,,,,,12.0,,,,,,
,2374.0,,,,1881.0,,2121.0,,,,,,,,,,,2823.0,,,,,,
,4080.0,,,,3267.0,,3316.0,,,,,,,,,,,2853.0,,,,,,
,2840.0,,,,2808.0,,555.0,,,,,,,,,,,2010.0,,,,,,
,3405.0,,,,312.0,,2382.0,,,,,,,,,,,3709.0,,,,,,
,832.0,,,,2980.0,,470.0,,,,,,,,,,,3868.0,,,,,,
,3457.0,,,,680.0,,3799.0,,,,,,,,,,,2546.0,,,,,,
,1633.0,,,,3712.0,,3007.0,,,,,,,,,,,550.0,,,,,,
,3503.0,,,,2125.0,,2905.0,,,,,,,,,,,166.0,,,,,,
,511.0,,,,4083.0,,244.0,,,,,,,,,,,3921.0,,,,,,
,3893.0,,,,3839.0,,1550.0,,,,,,,,,,,2457.0,,,,,,
,1969.0,,,,2024.0,,959.0,,,,,,,,,,,1720.0,,,,,,
,1555.0,,,,1911.0,,1485.0,,,,,,,,,,,549.0,,,,,,
,2518.0,,,,4014.0,,173.0,,,,,,,,,,,1556.0,,,,,,
,2401.0,,,,728.0,,2.0,,,,,,,,,,,2297.0,,,,,,
,1882.0,,,,346.0,,222.0,,,,,,,,,,,3824.0,,,,,,
,775.0,,,,2606.0,,1670.0,,,,,,,,,,,3403.0,,,,,,
,1162.0,,,,316.0,,2488.0,,,,,,,,,,,2054.0,,,,,,
,1163.0,,,,2941.0,,2001.0,,,,,,,,,,,2358.0,,,,,,
,4035.0,,,,3741.0,,986.0,,,,,,,,,,,2805.0,,,,,,
,3055.0,,,,3283.0,,425.0,,,,,,,,,,,2800.0,,,,,,
,967.0,,,,619.0,,3238.0,,,,,,,,,,,1380.0,,,,,,
,2593.0,,,,2505.0,,3976.0,,,,,,,,,,,2269.0,,,,,,
,2284.0,,,,1489.0,,1559.0,,,,,,,,,,,1475.0,,,,,,
,2805.0,,,,3524.0,,3156.0,,,,,,,,,,,2523.0,,,,,,
,231.0,,,,1294.0,,2233.0,,,,,,,,,,,3434.0,,,,,,
,2505.0,,,,1858.0,,828.0,,,,,,,,,,,1682.0,,,,,,
,1560.0,,,,3361.0,,283.0,,,,,,,,,,,1032.0,,,,,,
,232.0,,,,3495.0,,1989.0,,,,,,,,,,,2393.0,,,,,,
,1995.0,,,,1941.0,,103.0,,,,,,,,,,,347.0,,,,,,
,362.0,,,,1561.0,,4016.0,,,,,,,,,,,578.0,,,,,,
,1451.0,,,,524.0,,2177.0,,,,,,,,,,,3187.0,,,,,,
,1691.0,,,,2367.0,,2044.0,,,,,,,,,,,4043.0,,,,,,
,1073.0,,,,851.0,,1236.0,,,,,,,,,,,828.0,,,,,,
,1355.0,,,,883.0,,846.0,,,,,,,,,,,3430.0,,,,,,
,4000.0,,,,3740.0,,2084.0,,,,,,,,,,,239.0,,,,,,
,204.0,,,,2873.0,,3606.0,,,,,,,,,,,159.0,,,,,,
,3113.0,,,,3955.0,,3097.0,,,,,,,,,,,2012.0,,,,,,
,2953.0,,,,1231.0,,2730.0,,,,,,,,,,,1566.0,,,,,,
,3468.0,,,,936.0,,1588.0,,,,,,,,,,,2481.0,,,,,,
,2170.0,,,,3239.0,,988.0,,,,,,,,,,,3679.0,,,,,,
,3341.0,,,,1751.0,,1580.0,,,,,,,,,,,2313.0,,,,,,
,780.0,,,,2607.0,,12.0,,,,,,,,,,,3367.0,,,,,,
,3301.0,,,,2983.0,,3735.0,,,,,,,,,,,778.0,,,,,,
,0.0,,,,304.0,,748.0,,,,,,,,,,,2687.0,,,,,,
,3480.0,,,,267.0,,278.0,,,,,,,,,,,151.0,,,,,,
,3934.0,,,,2151.0,,826.0,,,,,,,,,,,950.0,,,,,,
,3806.0,,,,3528.0,,3893.0,,,,,,,,,,,1441.0,,,,,,
,986.0,,,,433.0,,1039.0,,,,,,,,,,,3641.0,,,,,,
,1772.0,,,,1804.0,,3044.0,,,,,,,,,,,1375.0,,,,,,
,262.0,,,,3220.0,,2482.0,,,,,,,,,,,1687.0,,,,,,
,1790.0,,,,3691.0,,3978.0,,,,,,,,,,,1283.0,,,,,,
,3439.0,,,,2314.0,,147.0,,,,,,,,,,,1374.0,,,,,,
,297.0,,,,1166.0,,376.0,,,,,,,,,,,1666.0,,,,,,
,1377.0,,,,2052.0,,1610.0,,,,,,,,,,,446.0,,,,,,
,2788.0,,,,3676.0,,1067.0,,,,,,,,,,,2799.0,,,,,,
,3032.0,,,,3556.0,,,,,,,,,,,,,36.0,,,,,,
,2746.0,,,,3342.0,,,,,,,,,,,,,2802.0,,,,,,
,689.0,,,,3668.0,,,,,,,,,,,,,269.0,,,,,,
,162.0,,,,2295.0,,,,,,,,,,,,,2350.0,,,,,,
,3748.0,,,,1253.0,,,,,,,,,,,,,2470.0,,,,,,
,2729.0,,,,3512.0,,,,,,,,,,,,,3180.0,,,,,,
,3043.0,,,,2733.0,,,,,,,,,,,,,747.0,,,,,,
,584.0,,,,1900.0,,,,,,,,,,,,,810.0,,,,,,
,2926.0,,,,2702.0,,,,,,,,,,,,,318.0,,,,,,
,1271.0,,,,2292.0,,,,,,,,,,,,,3044.0,,,,,,
,1698.0,,,,3488.0,,,,,,,,,,,,,,,,,,,
,3137.0,,,,2156.0,,,,,,,,,,,,,,,,,,,
,42.0,,,,3155.0,,,,,,,,,,,,,,,,,,,
,3026.0,,,,3581.0,,,,,,,,,,,,,,,,,,,
,3687.0,,,,3715.0,,,,,,,,,,,,,,,,,,,
,371.0,,,,2553.0,,,,,,,,,,,,,,,,,,,
,3941.0,,,,2919.0,,,,,,,,,,,,,,,,,,,
,2095.0,,,,2442.0,,,,,,,,,,,,,,,,,,,
,1841.0,,,,2142.0,,,,,,,,,,,,,,,,,,,
,4028.0,,,,2203.0,,,,,,,,,,,,,,,,,,,
,3803.0,,,,1603.0,,,,,,,,,,,,,,,,,,,
,729.0,,,,3638.0,,,,,,,,,,,,,,,,,,,
,756.0,,,,3722.0,,,,,,,,,,,,,,,,,,,
,3318.0,,,,3787.0,,,,,,,,,,,,,,,,,,,
,736.0,,,,3455.0,,,,,,,,,,,,,,,,,,,
,2972.0,,,,2904.0,,,,,,,,,,,,,,,,,,,
,3071.0,,,,220.0,,,,,,,,,,,,,,,,,,,
,229.0,,,,3903.0,,,,,,,,,,,,,,,,,,,
,2288.0,,,,1307.0,,,,,,,,,,,,,,,,,,,
,2625.0,,,,2754.0,,,,,,,,,,,,,,,,,,,
,3710.0,,,,498.0,,,,,,,,,,,,,,,,,,,
,3045.0,,,,2348.0,,,,,,,,,,,,,,,,,,,
,1753.0,,,,3923.0,,,,,,,,,,,,,,,,,,,
,1553.0,,,,323.0,,,,,,,,,,,,,,,,,,,
,3904.0,,,,3952.0,,,,,,,,,,,,,,,,,,,
,3044.0,,,,3652.0,,,,,,,,,,,,,,,,,,,
,4064.0,,,,2183.0,,,,,,,,,,,,,,,,,,,
,1666.0,,,,65.0,,,,,,,,,,,,,,,,,,,
,2541.0,,,,4030.0,,,,,,,,,,,,,,,,,,,
,2322.0,,,,663.0,,,,,,,,,,,,,,,,,,,
,,,,,2438.0,,,,,,,,,,,,,,,,,,,
,,,,,3040.0,,,,,,,,,,,,,,,,,,,
,,,,,3688.0,,,,,,,,,,,,,,,,,,,
,,,,,1620.0,,,,,,,,,,,,,,,,,,,
,,,,,798.0,,,,,,,,,,,,,,,,,,,
,,,,,905.0,,,,,,,,,,,,,,,,,,,
,,,,,1968.0,,,,,,,,,,,,,,,,,,,
,,,,,1695.0,,,,,,,,,,,,,,,,,,,
,,,,,1918.0,,,,,,,,,,,,,,,,,,,
,,,,,3177.0,,,,,,,,,,,,,,,,,,,
,,,,,3833.0,,,,,,,,,,,,,,,,,,,
,,,,,1270.0,,,,,,,,,,,,,,,,,,,
,,,,,95.0,,,,,,,,,,,,,,,,,,,
,,,,,3050.0,,,,,,,,,,,,,,,,,,,
,,,,,295.0,,,,,,,,,,,,,,,,,,,
,,,,,1647.0,,,,,,,,,,,,,,,,,,,
,,,,,4067.0,,,,,,,,,,,,,,,,,,,
,,,,,2667.0,,,,,,,,,,,,,,,,,,,
,,,,,2217.0,,,,,,,,,,,,,,,,,,,
,,,,,3598.0,,,,,,,,,,,,,,,,,,,
,,,,,1565.0,,,,,,,,,,,,,,,,,,,
,,,,,106.0,,,,,,,,,,,,,,,,,,,
,,,,,1170.0,,,,,,,,,,,,,,,,,,,
,,,,,3883.0,,,,,,,,,,,,,,,,,,,
,,,,,959.0,,,,,,,,,,,,,,,,,,,
,,,,,3844.0,,,,,,,,,,,,,,,,,,,
,,,,,2672.0,,,,,,,,,,,,,,,,,,,
,,,,,394.0,,,,,,,,,,,,,,,,,,,
,,,,,3654.0,,,,,,,,,,,,,,,,,,,
,,,,,479.0,,,,,,,,,,,,,,,,,,,
,,,,,1481.0,,,,,,,,,,,,,,,,,,,
,,,,,3645.0,,,,,,,,,,,,,,,,,,,
,,,,,1051.0,,,,,,,,,,,,,,,,,,,
,,,,,3727.0,,,,,,,,,,,,,,,,,,,
,,,,,3617.0,,,,,,,,,,,,,,,,,,,
,,,,,3413.0,,,,,,,,,,,,,,,,,,,
,,,,,1657.0,,,,,,,,,,,,,,,,,,,
,,,,,3763.0,,,,,,,,,,,,,,,,,,,
,,,,,756.0,,,,,,,,,,,,,,,,,,,
,,,,,2613.0,,,,,,,,,,,,,,,,,,,
,,,,,1864.0,,,,,,,,,,,,,,,,,,,
,,,,,3972.0,,,,,,,,,,,,,,,,,,,
,,,,,3674.0,,,,,,,,,,,,,,,,,,,
,,,,,2778.0,,,,,,,,,,,,,,,,,,,
,,,,,2728.0,,,,,,,,,,,,,,,,,,,
,,,,,2109.0,,,,,,,,,,,,,,,,,,,
,,,,,3174.0,,,,,,,,,,,,,,,,,,,
,,,,,215.0,,,,,,,,,,,,,,,,,,,
,,,,,2492.0,,,,,,,,,,,,,,,,,,,
,,,,,2759.0,,,,,,,,,,,,,,,,,,,
,,,,,166.0,,,,,,,,,,,,,,,,,,,
,,,,,2683.0,,,,,,,,,,,,,,,,,,,
,,,,,3658.0,,,,,,,,,,,,,,,,,,,
,,,,,3105.0,,,,,,,,,,,,,,,,,,,
,,,,,2785.0,,,,,,,,,,,,,,,,,,,
,,,,,114.0,,,,,,,,,,,,,,,,,,,
,,,,,2931.0,,,,,,,,,,,,,,,,,,,
,,,,,355.0,,,,,,,,,,,,,,,,,,,
,,,,,1485.0,,,,,,,,,,,,,,,,,,,
,,,,,3591.0,,,,,,,,,,,,,,,,,,,
,,,,,165.0,,,,,,,,,,,,,,,,,,,
,,,,,3247.0,,,,,,,,,,,,,,,,,,,
,,,,,2037.0,,,,,,,,,,,,,,,,,,,
,,,,,3264.0,,,,,,,,,,,,,,,,,,,
,,,,,2570.0,,,,,,,,,,,,,,,,,,,
,,,,,205.0,,,,,,,,,,,,,,,,,,,
,,,,,607.0,,,,,,,,,,,,,,,,,,,
,,,,,3219.0,,,,,,,,,,,,,,,,,,,
,,,,,1634.0,,,,,,,,,,,,,,,,,,,
,,,,,3240.0,,,,,,,,,,,,,,,,,,,
,,,,,149.0,,,,,,,,,,,,,,,,,,,
,,,,,755.0,,,,,,,,,,,,,,,,,,,
,,,,,3580.0,,,,,,,,,,,,,,,,,,,
,,,,,3840.0,,,,,,,,,,,,,,,,,,,
,,,,,1402.0,,,,,,,,,,,,,,,,,,,
,,,,,3826.0,,,,,,,,,,,,,,,,,,,
,,,,,525.0,,,,,,,,,,,,,,,,,,,
,,,,,1608.0,,,,,,,,,,,,,,,,,,,
,,,,,1785.0,,,,,,,,,,,,,,,,,,,
,,,,,3061.0,,,,,,,,,,,,,,,,,,,
,,,,,2302.0,,,,,,,,,,,,,,,,,,,
,,,,,3448.0,,,,,,,,,,,,,,,,,,,
,,,,,3492.0,,,,,,,,,,,,,,,,,,,
,,,,,615.0,,,,,,,,,,,,,,,,,,,
,,,,,3677.0,,,,,,,,,,,,,,,,,,,
,,,,,1951.0,,,,,,,,,,,,,,,,,,,
,,,,,1539.0,,,,,,,,,,,,,,,,,,,
,,,,,1663.0,,,,,,,,,,,,,,,,,,,
,,,,,3755.0,,,,,,,,,,,,,,,,,,,
,,,,,2280.0,,,,,,,,,,,,,,,,,,,
,,,,,2965.0,,,,,,,,,,,,,,,,,,,
,,,,,1729.0,,,,,,,,,,,,,,,,,,,
,,,,,1589.0,,,,,,,,,,,,,,,,,,,
,,,,,1766.0,,,,,,,,,,,,,,,,,,,
,,,,,2536.0,,,,,,,,,,,,,,,,,,,
,,,,,1697.0,,,,,,,,,,,,,,,,,,,
,,,,,4004.0,,,,,,,,,,,,,,,,,,,
,,,,,230.0,,,,,,,,,,,,,,,,,,,
,,,,,2308.0,,,,,,,,,,,,,,,,,,,
,,,,,3282.0,,,,,,,,,,,,,,,,,,,
,,,,,3475.0,,,,,,,,,,,,,,,,,,,
,,,,,1340.0,,,,,,,,,,,,,,,,,,,
,,,,,3867.0,,,,,,,,,,,,,,,,,,,
,,,,,3130.0,,,,,,,,,,,,,,,,,,,
,,,,,2035.0,,,,,,,,,,,,,,,,,,,
,,,,,3919.0,,,,,,,,,,,,,,,,,,,
,,,,,2374.0,,,,,,,,,,,,,,,,,,,
,,,,,3797.0,,,,,,,,,,,,,,,,,,,
,,,,,2936.0,,,,,,,,,,,,,,,,,,,
,,,,,782.0,,,,,,,,,,,,,,,,,,,
,,,,,3807.0,,,,,,,,,,,,,,,,,,,
,,,,,3476.0,,,,,,,,,,,,,,,,,,,
,,,,,543.0,,,,,,,,,,,,,,,,,,,
,,,,,809.0,,,,,,,,,,,,,,,,,,,
,,,,,1538.0,,,,,,,,,,,,,,,,,,,
,,,,,1320.0,,,,,,,,,,,,,,,,,,,
,,,,,1930.0,,,,,,,,,,,,,,,,,,,
,,,,,1799.0,,,,,,,,,,,,,,,,,,,
,,,,,1617.0,,,,,,,,,,,,,,,,,,,
,,,,,3471.0,,,,,,,,,,,,,,,,,,,
,,,,,1535.0,,,,,,,,,,,,,,,,,,,
,,,,,0.0,,,,,,,,,,,,,,,,,,,
,,,,,324.0,,,,,,,,,,,,,,,,,,,
,,,,,731.0,,,,,,,,,,,,,,,,,,,
,,,,,2197.0,,,,,,,,,,,,,,,,,,,
,,,,,2000.0,,,,,,,,,,,,,,,,,,,
,,,,,1790.0,,,,,,,,,,,,,,,,,,,
,,,,,2240.0,,,,,,,,,,,,,,,,,,,
,,,,,335.0,,,,,,,,,,,,,,,,,,,
,,,,,3969.0,,,,,,,,,,,,,,,,,,,
,,,,,11.0,,,,,,,,,,,,,,,,,,,
,,,,,3710.0,,,,,,,,,,,,,,,,,,,
,,,,,1933.0,,,,,,,,,,,,,,,,,,,
,,,,,1359.0,,,,,,,,,,,,,,,,,,,
,,,,,1065.0,,,,,,,,,,,,,,,,,,,
,,,,,1725.0,,,,,,,,,,,,,,,,,,,
,,,,,3684.0,,,,,,,,,,,,,,,,,,,
,,,,,1594.0,,,,,,,,,,,,,,,,,,,
,,,,,513.0,,,,,,,,,,,,,,,,,,,
,,,,,3147.0,,,,,,,,,,,,,,,,,,,
,,,,,1053.0,,,,,,,,,,,,,,,,,,,
,,,,,797.0,,,,,,,,,,,,,,,,,,,
,,,,,1645.0,,,,,,,,,,,,,,,,,,,
,,,,,3855.0,,,,,,,,,,,,,,,,,,,
,,,,,1553.0,,,,,,,,,,,,,,,,,,,
,,,,,1599.0,,,,,,,,,,,,,,,,,,,
,,,,,2402.0,,,,,,,,,,,,,,,,,,,
,,,,,1295.0,,,,,,,,,,,,,,,,,,,
,,,,,16.0,,,,,,,,,,,,,,,,,,,
,,,,,3590.0,,,,,,,,,,,,,,,,,,,
,,,,,3922.0,,,,,,,,,,,,,,,,,,,
,,,,,974.0,,,,,,,,,,,,,,,,,,,
,,,,,1696.0,,,,,,,,,,,,,,,,,,,
,,,,,3227.0,,,,,,,,,,,,,,,,,,,
,,,,,808.0,,,,,,,,,,,,,,,,,,,
,,,,,3865.0,,,,,,,,,,,,,,,,,,,
,,,,,1477.0,,,,,,,,,,,,,,,,,,,
,,,,,222.0,,,,,,,,,,,,,,,,,,,
,,,,,1321.0,,,,,,,,,,,,,,,,,,,
,,,,,3874.0,,,,,,,,,,,,,,,,,,,
,,,,,410.0,,,,,,,,,,,,,,,,,,,
,,,,,2929.0,,,,,,,,,,,,,,,,,,,
,,,,,1329.0,,,,,,,,,,,,,,,,,,,
,,,,,2900.0,,,,,,,,,,,,,,,,,,,
,,,,,3163.0,,,,,,,,,,,,,,,,,,,
,,,,,3436.0,,,,,,,,,,,,,,,,,,,
,,,,,957.0,,,,,,,,,,,,,,,,,,,
,,,,,880.0,,,,,,,,,,,,,,,,,,,
,,,,,3326.0,,,,,,,,,,,,,,,,,,,
,,,,,1771.0,,,,,,,,,,,,,,,,,,,
,,,,,618.0,,,,,,,,,,,,,,,,,,,
,,,,,261.0,,,,,,,,,,,,,,,,,,,
,,,,,2400.0,,,,,,,,,,,,,,,,,,,
,,,,,3223.0,,,,,,,,,,,,,,,,,,,
,,,,,3571.0,,,,,,,,,,,,,,,,,,,
,,,,,3423.0,,,,,,,,,,,,,,,,,,,
,,,,,1939.0,,,,,,,,,,,,,,,,,,,
,,,,,1779.0,,,,,,,,,,,,,,,,,,,
,,,,,1949.0,,,,,,,,,,,,,,,,,,,
,,,,,3681.0,,,,,,,,,,,,,,,,,,,
,,,,,1111.0,,,,,,,,,,,,,,,,,,,
,,,,,1387.0,,,,,,,,,,,,,,,,,,,
,,,,,548.0,,,,,,,,,,,,,,,,,,,
,,,,,3549.0,,,,,,,,,,,,,,,,,,,
,,,,,600.0,,,,,,,,,,,,,,,,,,,
,,,,,2214.0,,,,,,,,,,,,,,,,,,,
,,,,,2945.0,,,,,,,,,,,,,,,,,,,
,,,,,152.0,,,,,,,,,,,,,,,,,,,
,,,,,1722.0,,,,,,,,,,,,,,,,,,,
,,,,,3004.0,,,,,,,,,,,,,,,,,,,
,,,,,2450.0,,,,,,,,,,,,,,,,,,,
,,,,,2475.0,,,,,,,,,,,,,,,,,,,
,,,,,3340.0,,,,,,,,,,,,,,,,,,,
,,,,,2743.0,,,,,,,,,,,,,,,,,,,
,,,,,831.0,,,,,,,,,,,,,,,,,,,
,,,,,2635.0,,,,,,,,,,,,,,,,,,,
,,,,,3624.0,,,,,,,,,,,,,,,,,,,
,,,,,2092.0,,,,,,,,,,,,,,,,,,,
,,,,,590.0,,,,,,,,,,,,,,,,,,,
,,,,,3711.0,,,,,,,,,,,,,,,,,,,
,,,,,2371.0,,,,,,,,,,,,,,,,,,,
,,,,,763.0,,,,,,,,,,,,,,,,,,,
,,,,,2067.0,,,,,,,,,,,,,,,,,,,
,,,,,372.0,,,,,,,,,,,,,,,,,,,
,,,,,3790.0,,,,,,,,,,,,,,,,,,,
,,,,,1924.0,,,,,,,,,,,,,,,,,,,
,,,,,2852.0,,,,,,,,,,,,,,,,,,,
,,,,,1772.0,,,,,,,,,,,,,,,,,,,
,,,,,2925.0,,,,,,,,,,,,,,,,,,,
,,,,,2749.0,,,,,,,,,,,,,,,,,,,
,,,,,108.0,,,,,,,,,,,,,,,,,,,
,,,,,4099.0,,,,,,,,,,,,,,,,,,,
,,,,,612.0,,,,,,,,,,,,,,,,,,,
,,,,,1842.0,,,,,,,,,,,,,,,,,,,
,,,,,1241.0,,,,,,,,,,,,,,,,,,,
,,,,,3043.0,,,,,,,,,,,,,,,,,,,
,,,,,2488.0,,,,,,,,,,,,,,,,,,,
,,,,,509.0,,,,,,,,,,,,,,,,,,,
,,,,,1863.0,,,,,,,,,,,,,,,,,,,
,,,,,898.0,,,,,,,,,,,,,,,,,,,
,,,,,3046.0,,,,,,,,,,,,,,,,,,,
,,,,,681.0,,,,,,,,,,,,,,,,,,,
,,,,,3157.0,,,,,,,,,,,,,,,,,,,
,,,,,3484.0,,,,,,,,,,,,,,,,,,,
,,,,,2634.0,,,,,,,,,,,,,,,,,,,
,,,,,919.0,,,,,,,,,,,,,,,,,,,
,,,,,3523.0,,,,,,,,,,,,,,,,,,,
,,,,,526.0,,,,,,,,,,,,,,,,,,,
,,,,,1851.0,,,,,,,,,,,,,,,,,,,
,,,,,245.0,,,,,,,,,,,,,,,,,,,
,,,,,3192.0,,,,,,,,,,,,,,,,,,,
,,,,,1081.0,,,,,,,,,,,,,,,,,,,
,,,,,3964.0,,,,,,,,,,,,,,,,,,,
,,,,,2041.0,,,,,,,,,,,,,,,,,,,
,,,,,2757.0,,,,,,,,,,,,,,,,,,,
,,,,,3139.0,,,,,,,,,,,,,,,,,,,
,,,,,2791.0,,,,,,,,,,,,,,,,,,,
,,,,,2191.0,,,,,,,,,,,,,,,,,,,
,,,,,1559.0,,,,,,,,,,,,,,,,,,,
,,,,,4072.0,,,,,,,,,,,,,,,,,,,
,,,,,659.0,,,,,,,,,,,,,,,,,,,
,,,,,1447.0,,,,,,,,,,,,,,,,,,,
,,,,,334.0,,,,,,,,,,,,,,,,,,,
,,,,,3188.0,,,,,,,,,,,,,,,,,,,
,,,,,4049.0,,,,,,,,,,,,,,,,,,,
,,,,,1543.0,,,,,,,,,,,,,,,,,,,
,,,,,1953.0,,,,,,,,,,,,,,,,,,,
,,,,,668.0,,,,,,,,,,,,,,,,,,,
,,,,,3383.0,,,,,,,,,,,,,,,,,,,
,,,,,3461.0,,,,,,,,,,,,,,,,,,,
,,,,,1172.0,,,,,,,,,,,,,,,,,,,
,,,,,1985.0,,,,,,,,,,,,,,,,,,,
,,,,,382.0,,,,,,,,,,,,,,,,,,,
,,,,,2741.0,,,,,,,,,,,,,,,,,,,
,,,,,2042.0,,,,,,,,,,,,,,,,,,,
,,,,,2419.0,,,,,,,,,,,,,,,,,,,
,,,,,1401.0,,,,,,,,,,,,,,,,,,,
,,,,,3799.0,,,,,,,,,,,,,,,,,,,
,,,,,2192.0,,,,,,,,,,,,,,,,,,,
,,,,,1156.0,,,,,,,,,,,,,,,,,,,
,,,,,2690.0,,,,,,,,,,,,,,,,,,,
,,,,,1247.0,,,,,,,,,,,,,,,,,,,
,,,,,352.0,,,,,,,,,,,,,,,,,,,
,,,,,1371.0,,,,,,,,,,,,,,,,,,,
,,,,,1124.0,,,,,,,,,,,,,,,,,,,
,,,,,1272.0,,,,,,,,,,,,,,,,,,,
,,,,,3482.0,,,,,,,,,,,,,,,,,,,
,,,,,2751.0,,,,,,,,,,,,,,,,,,,
,,,,,3821.0,,,,,,,,,,,,,,,,,,,
,,,,,3664.0,,,,,,,,,,,,,,,,,,,
,,,,,2921.0,,,,,,,,,,,,,,,,,,,
,,,,,926.0,,,,,,,,,,,,,,,,,,,
,,,,,2976.0,,,,,,,,,,,,,,,,,,,
,,,,,3309.0,,,,,,,,,,,,,,,,,,,
,,,,,494.0,,,,,,,,,,,,,,,,,,,
,,,,,2932.0,,,,,,,,,,,,,,,,,,,
,,,,,286.0,,,,,,,,,,,,,,,,,,,
,,,,,3405.0,,,,,,,,,,,,,,,,,,,
,,,,,1574.0,,,,,,,,,,,,,,,,,,,
,,,,,3190.0,,,,,,,,,,,,,,,,,,,
,,,,,2225.0,,,,,,,,,,,,,,,,,,,
,,,,,1791.0,,,,,,,,,,,,,,,,,,,
,,,,,1943.0,,,,,,,,,,,,,,,,,,,
,,,,,1365.0,,,,,,,,,,,,,,,,,,,
,,,,,3377.0,,,,,,,,,,,,,,,,,,,
,,,,,4061.0,,,,,,,,,,,,,,,,,,,
,,,,,2289.0,,,,,,,,,,,,,,,,,,,
,,,,,2136.0,,,,,,,,,,,,,,,,,,,
,,,,,161.0,,,,,,,,,,,,,,,,,,,
,,,,,2944.0,,,,,,,,,,,,,,,,,,,
,,,,,643.0,,,,,,,,,,,,,,,,,,,
,,,,,2022.0,,,,,,,,,,,,,,,,,,,
,,,,,3800.0,,,,,,,,,,,,,,,,,,,
,,,,,2184.0,,,,,,,,,,,,,,,,,,,
,,,,,2253.0,,,,,,,,,,,,,,,,,,,
,,,,,1865.0,,,,,,,,,,,,,,,,,,,
,,,,,2527.0,,,,,,,,,,,,,,,,,,,
,,,,,1426.0,,,,,,,,,,,,,,,,,,,
,,,,,1797.0,,,,,,,,,,,,,,,,,,,
,,,,,3489.0,,,,,,,,,,,,,,,,,,,
,,,,,1653.0,,,,,,,,,,,,,,,,,,,
,,,,,2933.0,,,,,,,,,,,,,,,,,,,
,,,,,1916.0,,,,,,,,,,,,,,,,,,,
,,,,,561.0,,,,,,,,,,,,,,,,,,,
,,,,,2721.0,,,,,,,,,,,,,,,,,,,
,,,,,255.0,,,,,,,,,,,,,,,,,,,
,,,,,1376.0,,,,,,,,,,,,,,,,,,,
,,,,,3044.0,,,,,,,,,,,,,,,,,,,
,,,,,133.0,,,,,,,,,,,,,,,,,,,
,,,,,1658.0,,,,,,,,,,,,,,,,,,,
